vt_symbol,name,g2,n1_date,touch,seal,ret_d1,ret_bw
000006.SZSE,深振业Ａ,yin2,2025-10-21,11:15,True,-0.006807866868381196,-0.006807866868381196
000011.SZSE,深物业A,yin2,2025-08-14,09:45,False,-0.09784560143626564,-0.09784560143626564
000012.SZSE,南 玻Ａ,yang2,2026-06-16,09:45,True,0.02433628318584069,0.02433628318584069
000012.SZSE,南 玻Ａ,yin2,2026-06-22,10:15,True,-0.01268498942917562,-0.01268498942917562
000017.SZSE,深中华A,yang2,2026-07-09,10:15,False,-0.10194902548725637,-0.10194902548725637
000017.SZSE,深中华A,yang2,2026-07-23,10:00,True,0.021126760563380254,0.021126760563380254
000020.SZSE,深华发Ａ,yin2,2024-09-09,10:15,True,0.10040160642570273,-0.009638554216867434
000020.SZSE,深华发Ａ,yang2,2024-09-19,14:45,True,-0.014032496307237796,-0.014032496307237796
000021.SZSE,深科技,yang2,2024-11-11,15:00,True,-0.04015378043571127,-0.04015378043571127
000029.SZSE,深深房Ａ,yang2,2024-10-24,10:30,False,-0.013207547169811429,-0.013207547169811429
000029.SZSE,深深房Ａ,yang2,2024-10-31,09:45,True,-0.059312638580931276,-0.059312638580931276
000029.SZSE,深深房Ａ,yin2,2026-06-09,10:00,True,0.0998370008149958,0.03748981255093731
000029.SZSE,深深房Ａ,yin2,2026-06-16,10:45,True,0.034395365677045486,0.034395365677045486
000032.SZSE,深桑达Ａ,yang2,2025-03-12,13:45,False,-0.06813996316758741,-0.06813996316758741
000034.SZSE,神州数码,yang2,2025-02-13,13:45,False,0.0714430277271807,0.09734871483505358
000034.SZSE,神州数码,yang2,2025-02-14,10:15,True,0.0241783150736683,0.0241783150736683
000035.SZSE,中国天楹,yin2,2026-03-06,10:15,False,-0.05378973105134466,-0.05378973105134466
000035.SZSE,中国天楹,yin2,2026-03-24,09:45,True,0.013404825737265424,0.013404825737265424
000036.SZSE,华联控股,yin2,2026-02-25,11:15,True,-0.06260296540362431,-0.06260296540362431
000037.SZSE,深南电A,yang2,2026-08-03,10:00,True,0.001984126984126977,0.001984126984126977
000039.SZSE,中集集团,yang2,2026-02-26,14:45,False,-0.004424778761061954,-0.004424778761061954
000058.SZSE,深 赛 格,yin2,2024-09-06,10:45,False,0.040764331210191074,-0.06369426751592355
000061.SZSE,农 产 品,yang2,2025-09-10,10:45,True,-0.006465517241379226,-0.006465517241379226
000062.SZSE,深圳华强,yang2,2025-05-06,13:45,True,0.025550035486160416,0.025550035486160416
000062.SZSE,深圳华强,yin2,2026-05-11,10:30,True,-0.043489383474034304,-0.043489383474034304
000065.SZSE,北方国际,yin2,2025-02-24,09:45,True,-0.018578352180937063,-0.018578352180937063
000068.SZSE,华控赛格,yang2,2024-09-04,10:00,False,-0.10355029585798825,-0.10355029585798825
000068.SZSE,华控赛格,yang2,2024-09-10,09:45,True,-0.04088050314465419,-0.04088050314465419
000068.SZSE,华控赛格,yang2,2026-07-01,09:45,True,-0.041800643086816636,-0.041800643086816636
000070.SZSE,特发信息,yang2,2025-08-25,10:00,True,0.09990485252140835,0.050428163653663205
000070.SZSE,特发信息,yang2,2025-09-12,09:45,True,-0.004336513443191636,-0.004336513443191636
000096.SZSE,广聚能源,yin2,2025-02-20,14:15,True,-0.06392132759680391,-0.06392132759680391
000096.SZSE,广聚能源,yin2,2025-02-24,10:00,True,0.10029850746268654,0.31343283582089554
000099.SZSE,中信海直,yin2,2024-11-18,15:00,True,0.028502747252747263,0.028502747252747263
000156.SZSE,华数传媒,yin2,2025-02-21,09:45,False,-0.06695464362850967,-0.06695464362850967
000158.SZSE,常山北明,yang2,2025-02-24,14:45,True,0.025482344375682642,0.025482344375682642
000421.SZSE,南京公用,yin2,2024-12-26,09:45,True,0.10030864197530853,0.13425925925925908
000428.SZSE,华天酒店,yin2,2026-09-04,10:00,True,,
000430.SZSE,张家界,yang2,2024-10-29,10:00,False,-0.0041899441340782495,-0.0041899441340782495
000503.SZSE,国新健康,yang2,2024-10-23,10:45,True,-0.04246411483253576,-0.04246411483253576
000506.SZSE,招金黄金,yang2,2025-06-30,09:45,False,-0.0641025641025641,-0.0641025641025641
000506.SZSE,招金黄金,yin2,2026-07-02,10:45,True,0.09992069785884228,0.03965107057890571
000506.SZSE,招金黄金,yang2,2026-07-22,11:30,True,0.009984639016897168,0.009984639016897168
000506.SZSE,招金黄金,yang2,2026-07-30,09:45,False,0.03862660944205998,0.05221745350500728
000509.SZSE,华塑控股,yang2,2026-03-20,10:00,True,-0.09911894273127753,-0.09911894273127753
000510.SZSE,新金路,yin2,2025-06-03,09:45,True,-0.0033167495854063977,-0.0033167495854063977
000514.SZSE,渝 开 发,yin2,2025-04-22,10:30,False,-0.12076271186440668,-0.12076271186440668
000514.SZSE,渝 开 发,yin2,2025-04-24,09:45,True,0.05908096280087527,0.05908096280087527
000514.SZSE,渝 开 发,yang2,2025-05-07,09:45,False,-0.061855670103092786,-0.061855670103092786
000516.SZSE,国际医学,yang2,2026-01-13,10:15,True,0.09946714031971582,-0.010657193605683735
000518.SZSE,四环生物,yang2,2024-11-21,10:45,False,-0.04802259887005644,-0.04802259887005644
000520.SZSE,凤凰航运,yin2,2026-06-15,09:45,True,0.002188183807439792,0.002188183807439792
000520.SZSE,凤凰航运,yang2,2026-07-01,10:00,True,0.10000000000000009,0.10975609756097571
000523.SZSE,红棉股份,yin2,2025-12-26,09:45,True,-0.03456790123456788,-0.03456790123456788
000523.SZSE,红棉股份,yang2,2026-01-20,11:15,True,-0.021226415094339535,-0.021226415094339535
000530.SZSE,冰山冷热,yin2,2024-11-25,14:45,False,-0.03730017761989346,-0.03730017761989346
000530.SZSE,冰山冷热,yin2,2025-12-05,10:00,False,-0.061957868649318515,-0.061957868649318515
000530.SZSE,冰山冷热,yin2,2025-12-17,09:45,False,-0.09310761789600963,-0.09310761789600963
000530.SZSE,冰山冷热,yin2,2025-12-30,11:00,True,-0.02659574468085102,-0.02659574468085102
000533.SZSE,顺钠股份,yin2,2025-11-13,10:00,True,-0.10028929604628734,-0.10028929604628734
000533.SZSE,顺钠股份,yang2,2026-08-26,11:15,True,0.004306632213608941,0.004306632213608941
000534.SZSE,万泽股份,yin2,2025-08-08,13:15,True,-0.008695652173912993,-0.008695652173912993
000534.SZSE,万泽股份,yin2,2026-04-01,10:00,True,-0.015649050795279562,-0.015649050795279562
000536.SZSE,华映科技,yang2,2025-02-25,09:45,True,0.03691275167785224,0.03691275167785224
000536.SZSE,华映科技,yang2,2025-03-06,11:15,True,-0.053968253968254,-0.053968253968254
000539.SZSE,粤电力Ａ,yang2,2026-04-21,10:30,True,0.025039123630672844,0.025039123630672844
000539.SZSE,粤电力Ａ,yin2,2026-04-23,13:30,False,-0.09015256588072129,-0.09015256588072129
000545.SZSE,金浦钛业,yin2,2026-02-27,09:45,False,-0.05691056910569103,-0.05691056910569103
000545.SZSE,金浦钛业,yin2,2026-03-06,10:00,True,-0.03466666666666662,-0.03466666666666662
000545.SZSE,金浦钛业,yin2,2026-03-11,10:30,True,0.02872062663185382,0.02872062663185382
000551.SZSE,创元科技,yin2,2024-10-18,10:45,True,0.02421129860601612,0.02421129860601612
000554.SZSE,泰山石油,yin2,2025-06-23,11:00,True,-0.10036275695284147,-0.10036275695284147
000555.SZSE,神州信息,yin2,2024-10-29,10:45,True,-0.039999999999999925,-0.039999999999999925
000555.SZSE,神州信息,yin2,2025-11-03,10:00,True,0.050359712230215736,0.050359712230215736
000559.SZSE,万向钱潮,yin2,2025-10-31,09:45,True,-0.007968127490039945,-0.007968127490039945
000561.SZSE,烽火电子,yang2,2024-10-31,11:30,False,-0.12997347480106103,-0.12997347480106103
000561.SZSE,烽火电子,yin2,2025-06-17,13:45,False,-0.04949494949494948,-0.04949494949494948
000561.SZSE,烽火电子,yin2,2025-06-23,13:15,True,0.03198294243070343,0.03198294243070343
000566.SZSE,海南海药,yang2,2024-10-31,13:15,False,-0.11545623836126628,-0.11545623836126628
000566.SZSE,海南海药,yang2,2024-11-05,10:00,True,0.09925093632958815,0.20786516853932602
000566.SZSE,海南海药,yin2,2026-08-25,10:00,True,0.012072434607645954,0.012072434607645954
000567.SZSE,海德股份,yang2,2024-09-30,13:15,True,0.0997109826589595,0.07658959537572252
000567.SZSE,海德股份,yang2,2024-10-31,13:45,False,0.07450523864959258,0.0372526193247964
000567.SZSE,海德股份,yang2,2024-11-01,13:15,True,-0.034669555796316365,-0.034669555796316365
000571.SZSE,新大洲A,yin2,2026-07-15,10:45,True,-0.03993855606758834,-0.03993855606758834
000572.SZSE,海马汽车,yin2,2025-10-31,09:45,True,0.10000000000000009,0.36363636363636376
000576.SZSE,甘化科工,yang2,2024-12-03,13:30,False,0.010625737898465104,0.010625737898465104
000586.SZSE,汇源通信,yang2,2025-02-26,14:30,False,-0.039999999999999925,-0.039999999999999925
000592.SZSE,平潭发展,yang2,2024-11-07,09:45,True,0.03053435114503822,0.03053435114503822
000592.SZSE,平潭发展,yin2,2025-10-23,14:30,True,0.09927360774818417,0.5593220338983051
000593.SZSE,德龙汇能,yang2,2026-02-25,13:15,True,-0.09999999999999998,-0.09999999999999998
000593.SZSE,德龙汇能,yin2,2026-05-27,14:45,False,-0.07202459376372428,-0.07202459376372428
000595.SZSE,新能股份,yin2,2026-07-22,09:45,True,0.09960159362549792,0.17131474103585664
000599.SZSE,青岛双星,yin2,2024-11-11,10:15,True,0.0017421602787455193,0.0017421602787455193
000601.SZSE,韶能股份,yin2,2025-04-14,09:45,True,0.10035842293906794,0.05555555555555558
000601.SZSE,韶能股份,yin2,2025-04-24,11:15,True,0.09984152139461178,0.08716323296355011
000601.SZSE,韶能股份,yin2,2026-05-27,10:15,True,-0.0024875621890546595,-0.0024875621890546595
000601.SZSE,韶能股份,yin2,2026-06-02,10:30,True,0.034482758620689724,0.034482758620689724
000601.SZSE,韶能股份,yin2,2026-07-06,10:15,False,-0.09228650137741046,-0.09228650137741046
000603.SZSE,盛达资源,yang2,2026-01-28,13:45,True,0.007728894173602896,0.007728894173602896
000603.SZSE,盛达资源,yin2,2026-07-21,14:15,True,0.09990253411306038,0.20857699805068242
000608.SZSE,阳光股份,yin2,2024-11-18,09:45,True,-0.011320754716981019,-0.011320754716981019
000608.SZSE,阳光股份,yang2,2024-12-06,09:45,True,-0.013651877133105783,-0.013651877133105783
000617.SZSE,中油资本,yin2,2024-10-31,14:30,False,-0.10244988864142535,-0.10244988864142535
000617.SZSE,中油资本,yang2,2024-11-05,14:00,False,-0.01666666666666672,-0.01666666666666672
000617.SZSE,中油资本,yin2,2025-08-27,11:30,False,0.0007668711656443339,0.0007668711656443339
000617.SZSE,中油资本,yang2,2025-09-11,11:00,False,-0.029616724738675937,-0.029616724738675937
000620.SZSE,盈新发展,yang2,2025-05-07,09:45,False,-0.05978260869565222,-0.05978260869565222
000620.SZSE,盈新发展,yin2,2025-12-15,10:15,True,0.0,0.0
000620.SZSE,盈新发展,yin2,2026-01-16,13:30,True,0.06547619047619047,0.06547619047619047
000620.SZSE,盈新发展,yang2,2026-07-10,09:45,True,-0.07438016528925617,-0.07438016528925617
000626.SZSE,远大控股,yin2,2024-10-28,11:30,True,-0.002962962962962945,-0.002962962962962945
000626.SZSE,远大控股,yin2,2024-12-05,11:00,True,0.011315417256011262,0.011315417256011262
000633.SZSE,合金投资,yin2,2025-11-18,10:30,True,0.03136308805790122,0.03136308805790122
000633.SZSE,合金投资,yin2,2025-11-28,10:30,True,-0.014002333722287208,-0.014002333722287208
000636.SZSE,风华高科,yang2,2026-05-28,09:45,True,0.09025493421052633,0.09025493421052633
000636.SZSE,风华高科,yin2,2026-06-09,11:00,True,-0.02079240340536992,-0.02079240340536992
000636.SZSE,风华高科,yin2,2026-06-11,10:00,False,-0.10138318893448861,-0.10138318893448861
000636.SZSE,风华高科,yin2,2026-06-15,10:15,True,0.08580655082269728,0.08580655082269728
000652.SZSE,泰达股份,yin2,2024-10-14,13:30,True,-0.05714285714285716,-0.05714285714285716
000652.SZSE,泰达股份,yang2,2024-10-28,09:45,True,0.03655913978494629,0.03655913978494629
000657.SZSE,中钨高新,yin2,2025-11-05,14:45,True,0.001996007984031989,0.001996007984031989
000659.SZSE,珠海中富,yin2,2026-01-27,15:00,True,-0.006085192697768638,-0.006085192697768638
000668.SZSE,荣丰控股,yin2,2026-07-29,13:30,True,-0.06354679802955665,-0.06354679802955665
000668.SZSE,荣丰控股,yin2,2026-08-10,11:15,False,-0.011595547309833032,-0.011595547309833032
000668.SZSE,荣丰控股,yang2,2026-08-13,09:45,False,-0.03986710963455142,-0.03986710963455142
000670.SZSE,盈方微,yang2,2024-11-08,13:30,True,0.09959623149394359,0.11843876177658164
000670.SZSE,盈方微,yang2,2024-11-28,10:30,True,0.0234375,0.0234375
000676.SZSE,智度股份,yin2,2024-10-21,11:15,True,0.10030395136778125,0.10739614994934144
000678.SZSE,襄阳轴承,yang2,2024-09-06,09:45,True,0.04545454545454519,0.04545454545454519
000678.SZSE,襄阳轴承,yang2,2024-09-13,14:15,True,-0.04526748971193428,-0.04526748971193428
000678.SZSE,襄阳轴承,yin2,2024-09-19,10:30,True,-0.023529411764705688,-0.023529411764705688
000679.SZSE,大连友谊,yin2,2024-08-28,09:45,False,-0.07333333333333336,-0.07333333333333336
000679.SZSE,大连友谊,yin2,2024-08-30,13:15,True,-0.02614379084967322,-0.02614379084967322
000679.SZSE,大连友谊,yang2,2024-11-29,15:00,True,0.08377896613190727,0.08377896613190727
000679.SZSE,大连友谊,yang2,2024-12-11,11:30,True,0.05572289156626509,0.05572289156626509
000679.SZSE,大连友谊,yin2,2025-01-13,13:15,True,0.0996441281138789,0.15658362989323837
000679.SZSE,大连友谊,yin2,2025-02-17,15:00,False,0.0044709388971684305,0.0044709388971684305
000679.SZSE,大连友谊,yang2,2026-07-16,11:15,False,-0.0636645962732919,-0.0636645962732919
000681.SZSE,视觉中国,yang2,2025-03-06,11:30,True,-0.042601749714720305,-0.042601749714720305
000681.SZSE,视觉中国,yin2,2026-01-29,10:15,False,-0.07995810055865915,-0.07995810055865915
000681.SZSE,视觉中国,yang2,2026-02-10,11:30,True,-0.040013119055427926,-0.040013119055427926
000686.SZSE,东北证券,yang2,2024-10-29,09:45,False,-0.07949308755760365,-0.07949308755760365
000686.SZSE,东北证券,yin2,2024-10-31,11:15,False,-0.021615472127417434,-0.021615472127417434
000688.SZSE,国城矿业,yin2,2025-11-13,10:15,True,0.03403034030340302,0.03403034030340302
000695.SZSE,滨海能源,yin2,2024-11-20,10:30,True,0.05993930197268593,0.05993930197268593
000700.SZSE,模塑科技,yang2,2025-08-20,10:15,True,-0.08357348703170042,-0.08357348703170042
000700.SZSE,模塑科技,yang2,2026-01-06,10:30,False,-0.05471698113207557,-0.05471698113207557
000700.SZSE,模塑科技,yin2,2026-01-21,11:15,True,-0.037637897469175896,-0.037637897469175896
000700.SZSE,模塑科技,yin2,2026-06-15,10:00,True,0.017045454545454586,0.017045454545454586
000700.SZSE,模塑科技,yin2,2026-06-26,10:00,False,-0.09293193717277481,-0.09293193717277481
000701.SZSE,厦门信达,yang2,2025-06-12,11:15,True,0.003968253968253954,0.003968253968253954
000710.SZSE,贝瑞基因,yin2,2025-02-14,09:45,True,0.09965635738831624,-0.010309278350515538
000710.SZSE,贝瑞基因,yin2,2025-03-06,14:45,True,0.027909738717339705,0.027909738717339705
000720.SZSE,新能泰山,yin2,2026-05-28,09:45,True,0.041420118343195256,0.041420118343195256
000722.SZSE,湖南发展,yang2,2025-04-25,14:30,True,0.013867488443759513,0.013867488443759513
000725.SZSE,京东方Ａ,yang2,2026-05-26,13:45,False,-0.01379310344827589,-0.01379310344827589
000725.SZSE,京东方Ａ,yang2,2026-06-17,10:00,True,-0.023845007451564815,-0.023845007451564815
000733.SZSE,振华科技,yang2,2024-10-21,13:15,False,-0.040325707638619535,-0.040325707638619535
000735.SZSE,罗 牛 山,yin2,2026-09-04,11:15,True,,
000736.SZSE,中交发展,yin2,2024-09-25,09:45,False,-0.09999999999999998,-0.08333333333333326
000736.SZSE,中交发展,yin2,2024-10-16,11:15,True,-0.0716134598792062,-0.0716134598792062
000751.SZSE,锌业股份,yin2,2026-02-27,10:00,False,0.07112970711297062,0.07112970711297062
000753.SZSE,漳州发展,yang2,2025-11-04,09:45,True,0.10000000000000009,-0.009782608695652173
000753.SZSE,漳州发展,yin2,2025-11-28,14:00,True,0.015116279069767424,0.015116279069767424
000759.SZSE,中百集团,yang2,2026-06-22,10:45,False,-0.05950653120464433,-0.05950653120464433
000759.SZSE,中百集团,yin2,2026-06-29,10:30,True,0.006339144215530945,0.006339144215530945
000767.SZSE,晋控电力,yang2,2026-04-21,13:15,False,-0.04640371229698359,-0.04640371229698359
000767.SZSE,晋控电力,yang2,2026-05-29,09:45,True,0.10035842293906794,0.09498207885304666
000783.SZSE,长江证券,yin2,2026-05-11,14:15,False,-0.011061946902654829,-0.011061946902654829
000783.SZSE,长江证券,yin2,2026-06-25,10:30,True,-0.03842364532019715,-0.03842364532019715
000783.SZSE,长江证券,yang2,2026-07-01,13:30,False,-0.06337371854613227,-0.06337371854613227
000788.SZSE,北大医药,yang2,2026-04-15,13:30,True,-0.016248153618906858,-0.016248153618906858
000803.SZSE,山高环能,yin2,2024-11-15,11:00,True,0.009765625,0.009765625
000803.SZSE,山高环能,yang2,2024-11-22,09:45,True,0.10053859964093359,0.019748653500897495
000803.SZSE,山高环能,yang2,2024-11-28,09:45,True,-0.019736842105263164,-0.019736842105263164
000811.SZSE,冰轮环境,yin2,2026-08-17,13:45,True,-0.031492570414726084,-0.031492570414726084
000815.SZSE,美利云,yin2,2026-04-16,09:45,True,-0.0274651058081945,-0.0274651058081945
000818.SZSE,航锦科技,yin2,2026-05-22,13:15,True,0.016169154228855787,0.016169154228855787
000819.SZSE,岳阳兴长,yin2,2025-10-21,13:45,False,-0.04376590330788799,-0.04376590330788799
000820.SZSE,神雾节能,yin2,2025-01-21,10:00,True,-0.06516290726817053,-0.06516290726817053
000859.SZSE,国风新材,yang2,2025-12-23,10:00,True,-0.004734848484848508,-0.004734848484848508
000860.SZSE,顺鑫农业,yang2,2024-10-08,09:45,False,-0.15586769370185782,-0.15586769370185782
000863.SZSE,三湘印象,yin2,2024-12-18,14:30,True,-0.09788867562380033,-0.09788867562380033
000863.SZSE,三湘印象,yin2,2025-12-26,10:45,True,0.08525754884547077,0.08525754884547077
000877.SZSE,天山股份,yin2,2025-08-08,13:45,True,0.07758620689655182,0.07758620689655182
000880.SZSE,潍柴重机,yin2,2024-12-25,09:45,True,0.09976247030878849,0.13420427553444192
000880.SZSE,潍柴重机,yin2,2025-01-07,09:45,True,0.04162042175360714,0.04162042175360714
000880.SZSE,潍柴重机,yang2,2025-01-20,09:45,True,0.10000000000000009,0.0843902439024391
000880.SZSE,潍柴重机,yin2,2025-02-14,14:45,True,0.06950477845351877,0.06950477845351877
000880.SZSE,潍柴重机,yin2,2026-02-03,13:15,False,-0.03896801934963723,-0.03896801934963723
000882.SZSE,华联股份,yin2,2025-01-02,10:00,True,0.10043668122270732,-0.008733624454148492
000882.SZSE,华联股份,yang2,2025-01-08,11:15,True,-0.004098360655737654,-0.004098360655737654
000882.SZSE,华联股份,yin2,2025-01-20,10:30,True,0.1015625,0.3203125
000889.SZSE,中嘉博创,yin2,2026-05-28,09:45,True,-0.0604651162790697,-0.0604651162790697
000889.SZSE,中嘉博创,yang2,2026-08-06,10:15,False,-0.07656612529002316,-0.07656612529002316
000892.SZSE,欢瑞世纪,yin2,2025-06-26,10:00,True,0.012500000000000178,0.012500000000000178
000892.SZSE,欢瑞世纪,yin2,2025-07-03,09:45,True,-0.006237006237006071,-0.006237006237006071
000892.SZSE,欢瑞世纪,yin2,2025-11-21,09:45,True,0.0997267759562841,0.1994535519125682
000892.SZSE,欢瑞世纪,yang2,2026-07-29,09:45,True,-0.045584045584045496,-0.045584045584045496
000892.SZSE,欢瑞世纪,yin2,2026-08-04,14:00,True,-0.01918465227817745,-0.01918465227817745
000901.SZSE,航天科技,yin2,2025-08-08,09:45,True,0.10029498525073732,0.12979351032448383
000901.SZSE,航天科技,yin2,2025-08-13,09:45,True,0.04508780256288558,0.04508780256288558
000901.SZSE,航天科技,yang2,2025-12-16,14:00,False,-0.10486891385767794,-0.10486891385767794
000905.SZSE,厦门港务,yin2,2025-04-09,15:00,True,0.05078125,0.05078125
000908.SZSE,石药景峰,yang2,2026-07-15,10:00,True,-0.002666666666666595,-0.002666666666666595
000919.SZSE,金陵药业,yin2,2026-04-15,10:00,True,0.004842615012106588,0.004842615012106588
000920.SZSE,沃顿科技,yin2,2026-07-16,09:45,True,-0.010600706713780994,-0.010600706713780994
000925.SZSE,众合科技,yin2,2024-12-26,11:15,True,-0.02541436464088398,-0.02541436464088398
000927.SZSE,中国铁物,yin2,2026-03-31,09:45,True,-0.050898203592814384,-0.050898203592814384
000927.SZSE,中国铁物,yin2,2026-04-10,09:45,False,-0.07207207207207211,-0.07207207207207211
000936.SZSE,华西股份,yang2,2024-10-28,09:45,True,-0.033333333333333326,-0.033333333333333326
000948.SZSE,南天信息,yin2,2024-09-19,10:45,True,0.1002967359050444,0.13887240356083086
000948.SZSE,南天信息,yang2,2024-09-30,14:00,True,0.09994711792702282,0.1306187202538338
000948.SZSE,南天信息,yin2,2024-10-30,10:00,True,0.0360777058279369,0.0360777058279369
000950.SZSE,重药控股,yin2,2025-12-15,11:15,True,-0.030927835051546393,-0.030927835051546393
000953.SZSE,中哲精化,yin2,2024-11-25,10:00,True,0.10017889087656529,0.1520572450805009
000953.SZSE,中哲精化,yang2,2024-12-09,09:45,True,0.01984732824427482,0.01984732824427482
000953.SZSE,中哲精化,yang2,2025-04-11,14:45,True,0.0421245421245422,0.0421245421245422
000953.SZSE,中哲精化,yang2,2025-04-24,09:45,True,-0.004792332268370503,-0.004792332268370503
000955.SZSE,欣龙控股,yin2,2024-12-05,10:00,True,0.04849498327759183,0.04849498327759183
000955.SZSE,欣龙控股,yin2,2024-12-11,13:30,False,-0.058119658119658135,-0.058119658119658135
000955.SZSE,欣龙控股,yin2,2025-11-11,10:00,False,-0.0572625698324023,-0.0572625698324023
000955.SZSE,欣龙控股,yang2,2025-11-14,09:45,True,0.03658536585365857,0.03658536585365857
000955.SZSE,欣龙控股,yin2,2025-11-18,13:15,True,-0.06888361045130642,-0.06888361045130642
000962.SZSE,东方钽业,yin2,2026-02-25,13:15,True,0.0717069368667187,0.0717069368667187
000962.SZSE,东方钽业,yang2,2026-08-27,11:00,True,0.0029539530842745965,0.0029539530842745965
000967.SZSE,盈峰环境,yang2,2025-03-18,11:00,True,-0.027859237536656978,-0.027859237536656978
000967.SZSE,盈峰环境,yin2,2026-05-13,15:00,False,-0.06496062992125984,-0.06496062992125984
000968.SZSE,蓝焰控股,yin2,2026-03-19,13:45,True,0.04994903160040787,0.04994903160040787
000969.SZSE,安泰科技,yin2,2025-11-13,14:30,False,-0.09442870632672329,-0.09442870632672329
000969.SZSE,安泰科技,yin2,2026-01-14,09:45,False,-0.11439588688946023,-0.11439588688946023
000977.SZSE,浪潮信息,yin2,2026-07-20,09:45,False,0.04134366925064592,0.04134366925064592
000980.SZSE,众泰汽车,yang2,2025-09-12,10:00,True,-0.029490616621983934,-0.029490616621983934
000980.SZSE,众泰汽车,yang2,2025-09-30,13:15,False,-0.0027548209366390353,-0.0027548209366390353
000980.SZSE,众泰汽车,yin2,2025-10-13,10:00,True,-0.09090909090909083,-0.09090909090909083
000980.SZSE,众泰汽车,yang2,2026-05-11,09:45,False,-0.055172413793103336,-0.055172413793103336
000980.SZSE,众泰汽车,yang2,2026-05-25,10:00,True,-0.0035211267605632646,-0.0035211267605632646
000981.SZSE,山子高科,yin2,2025-01-16,09:45,False,-0.0634920634920636,-0.0634920634920636
000981.SZSE,山子高科,yin2,2025-02-05,14:45,False,-0.03139013452914796,-0.03139013452914796
000981.SZSE,山子高科,yang2,2025-09-12,10:15,True,0.10108303249097461,0.3971119133574008
000981.SZSE,山子高科,yang2,2025-12-30,10:15,True,0.032258064516129004,0.032258064516129004
000981.SZSE,山子高科,yin2,2026-01-14,09:45,True,-0.10052910052910058,-0.10052910052910058
000987.SZSE,越秀资本,yin2,2024-10-14,13:30,True,-0.05442176870748294,-0.05442176870748294
000987.SZSE,越秀资本,yang2,2024-10-31,10:15,False,-0.03643216080402012,-0.03643216080402012
000987.SZSE,越秀资本,yang2,2024-11-05,10:30,False,-0.04816513761467889,-0.04816513761467889
001202.SZSE,炬申股份,yin2,2025-09-19,09:45,False,-0.08006448146157974,-0.08006448146157974
001202.SZSE,炬申股份,yin2,2026-01-21,10:00,True,0.10004952947003454,0.00544824170381375
001210.SZSE,金房能源,yang2,2026-06-01,09:45,True,0.0999701581617427,0.0713219934347955
001210.SZSE,金房能源,yin2,2026-06-26,09:45,True,-0.05791019723038182,-0.05791019723038182
001211.SZSE,双枪科技,yang2,2026-05-11,11:30,True,0.10004108463434669,0.08278553820870993
001212.SZSE,中旗新材,yin2,2025-05-14,10:15,True,0.010214811476641161,0.010214811476641161
001212.SZSE,中旗新材,yin2,2025-05-16,13:15,False,-0.02933225195998923,-0.02933225195998923
001221.SZSE,悍高集团,yin2,2025-09-24,14:15,True,-0.012816861293079018,-0.012816861293079018
001223.SZSE,欧克科技,yin2,2026-08-07,09:45,True,-0.05392275929074564,-0.05392275929074564
001225.SZSE,和泰机电,yin2,2026-01-12,10:15,True,-0.03631871525633101,-0.03631871525633101
001229.SZSE,魅视科技,yin2,2026-07-07,09:45,True,0.09994848016486357,0.171303451828954
001229.SZSE,魅视科技,yang2,2026-07-22,10:00,False,-0.05841924398625431,-0.05841924398625431
001229.SZSE,魅视科技,yin2,2026-08-03,09:45,True,0.10005717552887372,0.20983419096626665
001229.SZSE,魅视科技,yang2,2026-08-17,10:15,True,0.09993425378040754,0.01512163050624582
001255.SZSE,博菲电气,yang2,2024-12-09,13:30,False,-0.10452289023717598,-0.10452289023717598
001257.SZSE,盛龙股份,yang2,2026-06-11,09:45,True,0.09992069785884228,0.2973830293417923
001258.SZSE,立新能源,yin2,2025-04-03,10:30,True,-0.0683156654888104,-0.0683156654888104
001258.SZSE,立新能源,yin2,2026-08-26,13:15,True,0.01775147928994092,0.01775147928994092
001258.SZSE,立新能源,yin2,2026-09-04,10:15,False,,
001266.SZSE,宏英智能,yang2,2025-11-19,15:00,False,-0.08061472094904287,-0.08061472094904287
001266.SZSE,宏英智能,yin2,2026-05-20,14:15,True,-0.004862867146469552,-0.004862867146469552
001267.SZSE,汇绿生态,yin2,2025-10-24,11:30,True,0.09994900560938302,0.115757266700663
001267.SZSE,汇绿生态,yang2,2025-11-06,13:15,True,0.07237189646064457,0.07237189646064457
001269.SZSE,欧晶科技,yang2,2025-05-13,09:45,True,-0.012505042355788532,-0.012505042355788532
001270.SZSE,铖昌科技,yin2,2024-11-04,13:45,True,0.04048582995951411,0.04048582995951411
001296.SZSE,长江材料,yin2,2025-09-04,10:15,True,0.008712121212121282,0.008712121212121282
001296.SZSE,长江材料,yin2,2026-07-14,10:00,False,-0.05175117616309455,-0.05175117616309455
001298.SZSE,好上好,yin2,2024-08-30,09:45,True,0.05186640471512782,0.05186640471512782
001298.SZSE,好上好,yang2,2024-10-08,15:00,True,-0.09988144635447538,-0.09988144635447538
001306.SZSE,夏厦精密,yang2,2025-02-27,10:30,True,-0.07893209518282063,-0.07893209518282063
001306.SZSE,夏厦精密,yang2,2025-03-10,10:30,True,-0.061201984929240894,-0.061201984929240894
001308.SZSE,康冠科技,yang2,2024-12-20,10:45,True,-0.048925129725722716,-0.048925129725722716
001308.SZSE,康冠科技,yin2,2024-12-24,11:30,False,-0.018774353524619203,-0.018774353524619203
001309.SZSE,德明利,yin2,2025-03-07,13:30,False,-0.03349704067497794,-0.03349704067497794
001309.SZSE,德明利,yang2,2025-11-06,09:45,True,0.08039977340778504,0.08039977340778504
001316.SZSE,润贝航科,yin2,2025-04-24,14:00,True,-0.07340116279069775,-0.07340116279069775
001316.SZSE,润贝航科,yang2,2025-04-30,09:45,True,0.10012804097311157,0.31165172855313705
001316.SZSE,润贝航科,yin2,2026-01-29,09:45,True,-0.02633587786259528,-0.02633587786259528
001316.SZSE,润贝航科,yang2,2026-02-03,10:15,True,0.07012249245517488,0.07012249245517488
001317.SZSE,三羊马,yang2,2026-07-15,10:15,True,0.004503622478950309,0.004503622478950309
001317.SZSE,三羊马,yin2,2026-07-27,10:15,True,-0.0015441034549316113,-0.0015441034549316113
001318.SZSE,阳光乳业,yin2,2025-12-15,09:45,True,0.028377544725478154,0.028377544725478154
001330.SZSE,博纳影业,yin2,2025-09-19,11:00,True,-0.03359999999999996,-0.03359999999999996
001330.SZSE,博纳影业,yin2,2026-09-03,09:45,False,-0.08990536277602523,-0.08990536277602523
001331.SZSE,胜通能源,yang2,2026-07-10,10:30,False,-0.15141329258976322,-0.15141329258976322
001332.SZSE,锡装股份,yang2,2024-09-30,14:30,False,0.03853442830069498,0.03853442830069498
001332.SZSE,锡装股份,yang2,2025-06-04,09:45,False,-0.14895570346568743,-0.14895570346568743
001332.SZSE,锡装股份,yang2,2025-09-16,10:00,False,-0.0395837204980487,-0.0395837204980487
001332.SZSE,锡装股份,yang2,2025-10-09,10:00,True,-0.01627613301529396,-0.01627613301529396
001337.SZSE,四川黄金,yin2,2025-04-21,14:15,True,0.06092124814264466,0.06092124814264466
001339.SZSE,智微智能,yin2,2026-06-24,10:45,True,-0.0010222709017888576,-0.0010222709017888576
001359.SZSE,平安电工,yang2,2026-06-22,13:15,True,-0.1933709255948287,-0.1933709255948287
001360.SZSE,南矿集团,yin2,2025-12-25,11:30,True,-0.03661616161616166,-0.03661616161616166
001365.SZSE,天海电子,yin2,2026-07-16,10:30,True,-0.07514450867052025,-0.07514450867052025
001368.SZSE,通达创智,yin2,2025-03-06,10:00,True,-0.039207238259371,-0.039207238259371
001368.SZSE,通达创智,yin2,2025-04-17,13:15,True,0.019677996422182487,0.019677996422182487
001376.SZSE,百通能源,yin2,2026-02-11,13:45,True,-0.0345480359678183,-0.0345480359678183
001380.SZSE,华纬科技,yang2,2025-02-26,13:30,True,-0.056720098643649686,-0.056720098643649686
001380.SZSE,华纬科技,yang2,2025-09-03,14:30,True,0.041988950276243164,0.041988950276243164
001389.SZSE,广合科技,yang2,2026-02-26,09:45,True,0.01759156964391928,0.01759156964391928
001396.SZSE,誉帆科技,yin2,2026-03-04,10:30,True,-0.07279693486590044,-0.07279693486590044
001396.SZSE,誉帆科技,yin2,2026-03-24,14:30,False,-0.014526810510574695,-0.014526810510574695
001696.SZSE,宗申动力,yang2,2026-06-11,10:30,True,0.08969465648854946,0.08969465648854946
001696.SZSE,宗申动力,yang2,2026-06-25,13:15,False,-0.07614607614607605,-0.07614607614607605
001896.SZSE,豫能控股,yin2,2025-07-16,09:45,True,-0.043352601156069315,-0.043352601156069315
002006.SZSE,精工科技,yin2,2024-11-25,13:15,True,-0.06773618538324411,-0.06773618538324411
002006.SZSE,精工科技,yin2,2024-11-27,10:00,True,0.10023174971031268,0.0811123986095017
002006.SZSE,精工科技,yang2,2024-12-10,11:30,True,0.006161137440758191,0.006161137440758191
002009.SZSE,天奇股份,yin2,2026-02-06,10:30,True,0.029671717171717127,0.029671717171717127
002009.SZSE,天奇股份,yang2,2026-02-13,11:15,True,0.006453423120089674,0.006453423120089674
002015.SZSE,协鑫能科,yang2,2026-02-27,11:15,True,-0.03177966101694907,-0.03177966101694907
002015.SZSE,协鑫能科,yin2,2026-03-06,09:45,True,0.09987195902688861,0.1600512163892447
002015.SZSE,协鑫能科,yin2,2026-03-11,10:00,False,0.07175112895132973,0.11791269443050689
002015.SZSE,协鑫能科,yang2,2026-03-12,10:15,True,0.04307116104868913,0.04307116104868913
002015.SZSE,协鑫能科,yin2,2026-04-01,10:00,False,-0.06503137478608101,-0.06503137478608101
002015.SZSE,协鑫能科,yin2,2026-04-07,11:00,False,0.005050505050504972,0.005050505050504972
002017.SZSE,东信和平,yin2,2025-08-05,11:00,True,0.028350515463917425,0.028350515463917425
002021.SZSE,中捷资源,yang2,2024-11-07,10:15,True,-0.021052631578947434,-0.021052631578947434
002021.SZSE,中捷资源,yin2,2024-11-28,10:15,True,0.02651515151515138,0.02651515151515138
002021.SZSE,中捷资源,yang2,2025-09-12,10:00,True,0.00996677740863805,0.00996677740863805
002021.SZSE,中捷资源,yang2,2025-09-25,09:45,True,-0.042763157894736836,-0.042763157894736836
002021.SZSE,中捷资源,yin2,2025-09-29,10:00,False,-0.05625000000000002,-0.05625000000000002
002029.SZSE,七 匹 狼,yang2,2025-10-10,10:00,True,0.028508771929824706,0.028508771929824706
002029.SZSE,七 匹 狼,yin2,2025-10-20,09:45,True,0.021008403361344685,0.021008403361344685
002030.SZSE,达安基因,yin2,2026-05-18,09:45,True,0.0,0.0
002030.SZSE,达安基因,yin2,2026-05-25,09:45,False,-0.009943181818181879,-0.009943181818181879
002031.SZSE,巨轮智能,yin2,2024-11-19,10:15,False,0.08333333333333326,0.06904761904761902
002031.SZSE,巨轮智能,yang2,2024-11-20,14:30,True,-0.01318681318681314,-0.01318681318681314
002031.SZSE,巨轮智能,yang2,2024-11-29,13:30,True,0.10042735042735051,0.5598290598290598
002031.SZSE,巨轮智能,yang2,2025-02-11,10:00,True,0.054086538461538325,0.054086538461538325
002031.SZSE,巨轮智能,yin2,2025-02-19,09:45,True,0.030371203599550034,0.030371203599550034
002031.SZSE,巨轮智能,yang2,2026-05-14,10:30,False,0.04738154613466339,0.01995012468827939
002031.SZSE,巨轮智能,yin2,2026-09-03,10:00,False,-0.061295971978984176,-0.061295971978984176
002038.SZSE,双鹭药业,yang2,2026-04-02,15:00,True,0.05029239766081872,0.05029239766081872
002038.SZSE,双鹭药业,yang2,2026-04-15,11:30,True,-0.019826517967781898,-0.019826517967781898
002040.SZSE,南 京 港,yin2,2025-05-13,14:30,True,0.10026041666666652,0.5598958333333335
002040.SZSE,南 京 港,yang2,2025-10-13,13:15,True,0.10035211267605648,0.022007042253521236
002040.SZSE,南 京 港,yin2,2025-10-16,14:00,False,-0.006264682850430692,-0.006264682850430692
002041.SZSE,登海种业,yin2,2026-09-01,10:00,True,-0.0850168350168351,-0.0850168350168351
002044.SZSE,美年健康,yin2,2025-02-12,13:30,True,0.02604166666666674,0.02604166666666674
002044.SZSE,美年健康,yang2,2026-01-09,09:45,True,0.09951060358890707,0.38825448613376845
002045.SZSE,国光电器,yin2,2024-12-20,10:00,True,-0.018364669873196404,-0.018364669873196404
002046.SZSE,国机精工,yang2,2026-01-09,09:45,True,0.1000215563699074,0.11597327010131497
002047.SZSE,宝鹰股份,yang2,2026-08-26,09:45,True,-0.024793388429751984,-0.024793388429751984
002048.SZSE,宁波华翔,yang2,2025-03-06,09:45,True,0.012549914432401499,0.012549914432401499
002048.SZSE,宁波华翔,yang2,2025-03-17,14:30,True,0.017592083562396832,0.017592083562396832
002051.SZSE,中工国际,yin2,2026-04-14,09:45,True,0.09981515711645095,0.0711645101663585
002054.SZSE,德美化工,yang2,2026-02-26,09:45,False,-0.02864363942712722,-0.02864363942712722
002058.SZSE,紫竹高科,yang2,2025-04-14,10:15,True,-0.02294455066921608,-0.02294455066921608
002065.SZSE,东华软件,yang2,2024-10-30,13:45,True,0.0686131386861315,0.0686131386861315
002067.SZSE,景兴纸业,yang2,2025-09-16,09:45,True,0.09966216216216206,0.08783783783783794
002068.SZSE,黑猫股份,yin2,2024-11-11,13:15,True,-0.028692879914984037,-0.028692879914984037
002069.SZSE,獐子岛,yin2,2024-12-04,09:45,True,0.042857142857142705,0.042857142857142705
002076.SZSE,星光股份,yin2,2024-11-28,09:45,True,-0.04850746268656725,-0.04850746268656725
002076.SZSE,星光股份,yin2,2024-12-02,13:15,True,0.02491103202846978,0.02491103202846978
002080.SZSE,中材科技,yang2,2026-08-07,13:15,False,0.0029998235397918904,0.0029998235397918904
002081.SZSE,金 螳 螂,yin2,2026-06-10,09:45,True,-0.09932659932659949,-0.09932659932659949
002083.SZSE,孚日股份,yang2,2025-11-06,13:15,True,0.09969325153374231,0.9110429447852764
002084.SZSE,海鸥住工,yin2,2025-10-22,11:30,True,-0.10000000000000009,-0.10000000000000009
002086.SZSE,东方海洋,yang2,2024-11-06,11:15,True,0.098901098901099,0.20879120879120872
002086.SZSE,东方海洋,yin2,2024-12-16,10:30,True,-0.09785202863961828,-0.09785202863961828
002093.SZSE,国脉科技,yang2,2025-04-10,10:30,False,-0.02592592592592602,-0.02592592592592602
002094.SZSE,青岛金王,yang2,2025-05-27,14:00,True,-0.011111111111111072,-0.011111111111111072
002094.SZSE,青岛金王,yin2,2025-05-29,11:30,True,-0.019407558733401387,-0.019407558733401387
002095.SZSE,生 意 宝,yin2,2025-04-25,13:15,True,0.010574018126888296,0.010574018126888296
002095.SZSE,生 意 宝,yin2,2025-05-12,09:45,False,0.023076923076922995,0.023076923076922995
002099.SZSE,海翔药业,yang2,2026-02-26,09:45,True,-0.08267270668176674,-0.08267270668176674
002104.SZSE,恒宝股份,yang2,2024-09-30,13:15,True,0.09292035398230092,0.09292035398230092
002105.SZSE,信隆健康,yang2,2025-12-19,13:45,True,-0.005148005148005064,-0.005148005148005064
002112.SZSE,三变科技,yang2,2025-03-12,11:00,False,-0.03577611079053655,-0.03577611079053655
002112.SZSE,三变科技,yin2,2026-03-04,09:45,False,0.021857923497267784,0.021857923497267784
002112.SZSE,三变科技,yang2,2026-03-09,10:45,True,-0.026058631921824116,-0.026058631921824116
002115.SZSE,三维通信,yang2,2025-02-11,14:45,False,-0.02073170731707319,-0.02073170731707319
002115.SZSE,三维通信,yin2,2025-03-17,11:00,False,-0.07597535934291588,-0.07597535934291588
002115.SZSE,三维通信,yin2,2025-03-21,09:45,True,0.012793176972281328,0.012793176972281328
002115.SZSE,三维通信,yin2,2025-03-26,10:30,True,0.024870466321243567,0.024870466321243567
002117.SZSE,东港股份,yin2,2025-01-02,11:00,True,0.10038910505836585,-0.009338521400778177
002117.SZSE,东港股份,yang2,2025-01-10,10:00,False,-0.058011049723756924,-0.058011049723756924
002117.SZSE,东港股份,yin2,2025-01-21,11:00,True,0.028875379939209633,0.028875379939209633
002119.SZSE,康强电子,yin2,2026-01-27,10:15,True,0.10020202020202018,0.03474747474747475
002131.SZSE,利欧股份,yin2,2025-08-26,14:00,True,-0.016949152542372836,-0.016949152542372836
002131.SZSE,利欧股份,yin2,2025-09-01,10:15,True,0.010362694300518172,0.010362694300518172
002131.SZSE,利欧股份,yang2,2025-09-16,14:30,False,-0.04248861911987867,-0.04248861911987867
002131.SZSE,利欧股份,yang2,2026-08-13,10:00,False,-0.12191103789126856,-0.12191103789126856
002134.SZSE,天津普林,yin2,2024-11-27,14:45,True,-0.038167938931297885,-0.038167938931297885
002134.SZSE,天津普林,yang2,2024-12-03,09:45,True,0.06834733893557421,0.06834733893557421
002136.SZSE,安 纳 达,yang2,2025-11-13,13:15,False,-0.06873239436619716,-0.06873239436619716
002136.SZSE,安 纳 达,yang2,2025-11-28,13:30,True,-0.046120058565153776,-0.046120058565153776
002137.SZSE,实益达,yin2,2024-12-02,09:45,True,-0.052247873633049835,-0.052247873633049835
002137.SZSE,实益达,yin2,2024-12-19,14:30,True,0.1006535947712417,0.4509803921568627
002137.SZSE,实益达,yin2,2026-06-15,09:45,True,-0.02766798418972327,-0.02766798418972327
002140.SZSE,东华科技,yang2,2025-11-03,11:00,True,-0.021722265321955092,-0.021722265321955092
002141.SZSE,贤丰控股,yin2,2026-07-29,09:45,True,-0.09999999999999998,-0.09999999999999998
002141.SZSE,贤丰控股,yang2,2026-08-07,13:15,False,0.06666666666666665,0.09206349206349218
002141.SZSE,贤丰控股,yang2,2026-08-10,10:00,True,0.023809523809523725,0.023809523809523725
002149.SZSE,西部材料,yin2,2025-12-10,09:45,True,0.0015232292460014563,0.0015232292460014563
002149.SZSE,西部材料,yang2,2025-12-12,14:45,True,0.04286208088489474,0.04286208088489474
002149.SZSE,西部材料,yang2,2025-12-25,14:45,True,0.012554112554112429,0.012554112554112429
002149.SZSE,西部材料,yang2,2026-02-02,09:45,False,0.05318559556786706,0.05318559556786706
002149.SZSE,西部材料,yang2,2026-03-02,13:30,False,-0.13505496422962837,-0.13505496422962837
002149.SZSE,西部材料,yin2,2026-05-18,10:30,False,-0.10115911485774509,-0.10115911485774509
002150.SZSE,正泰电源,yin2,2025-10-29,11:00,True,0.09979317476732152,0.04188210961737315
002150.SZSE,正泰电源,yin2,2025-11-05,13:15,True,0.03251318101933198,0.03251318101933198
002150.SZSE,正泰电源,yin2,2025-11-13,14:15,True,0.002587322121604174,0.002587322121604174
002150.SZSE,正泰电源,yin2,2026-03-17,11:00,True,-0.050759965586463895,-0.050759965586463895
002150.SZSE,正泰电源,yin2,2026-03-20,09:45,True,0.1000573394495412,0.06192660550458706
002150.SZSE,正泰电源,yang2,2026-04-09,13:45,True,0.019829164124466114,0.019829164124466114
002153.SZSE,石基信息,yang2,2024-10-29,09:45,True,-0.030978934324659257,-0.030978934324659257
002156.SZSE,通富微电,yin2,2024-11-05,10:45,True,0.10009502692429506,0.07190370605004759
002158.SZSE,汉钟精机,yang2,2026-05-20,09:45,True,-0.03738584474885853,-0.03738584474885853
002160.SZSE,常铝股份,yin2,2025-10-29,13:15,True,0.10035211267605648,-0.008802816901408383
002160.SZSE,常铝股份,yin2,2025-11-10,10:00,False,-0.0757575757575758,-0.0757575757575758
002160.SZSE,常铝股份,yin2,2025-11-12,10:15,False,-0.016393442622950838,-0.016393442622950838
002162.SZSE,悦心健康,yang2,2025-04-10,10:30,True,-0.03037974683544309,-0.03037974683544309
002163.SZSE,海南发展,yin2,2024-12-11,11:15,True,0.023636363636363678,0.023636363636363678
002165.SZSE,红 宝 丽,yang2,2026-01-30,14:30,True,-0.025058731401722767,-0.025058731401722767
002167.SZSE,东方锆业,yang2,2024-11-01,10:45,True,0.025435073627844806,0.025435073627844806
002173.SZSE,创新医疗,yang2,2025-07-04,10:00,False,-0.09970326409495556,-0.09970326409495556
002173.SZSE,创新医疗,yang2,2026-08-04,10:00,True,0.016252390057361454,0.016252390057361454
002176.SZSE,江特电机,yang2,2025-09-08,14:45,True,0.030272452068617728,0.030272452068617728
002178.SZSE,延华智能,yin2,2025-07-25,10:15,True,-0.0038809831824062613,-0.0038809831824062613
002181.SZSE,粤 传 媒,yang2,2024-12-06,13:45,True,0.0,0.0
002181.SZSE,粤 传 媒,yin2,2026-01-14,10:30,True,-0.051948051948052076,-0.051948051948052076
002181.SZSE,粤 传 媒,yin2,2026-01-20,10:45,True,0.03753351206434319,0.03753351206434319
002181.SZSE,粤 传 媒,yang2,2026-04-27,10:00,True,0.00557880055788007,0.00557880055788007
002181.SZSE,粤 传 媒,yang2,2026-04-30,10:00,True,0.10006064281382665,0.13523347483323223
002181.SZSE,粤 传 媒,yin2,2026-05-15,09:45,True,-0.1000507872016253,-0.1000507872016253
002181.SZSE,粤 传 媒,yin2,2026-05-26,13:15,True,0.035196687370600444,0.035196687370600444
002181.SZSE,粤 传 媒,yang2,2026-06-01,10:00,True,-0.10022026431718067,-0.10022026431718067
002183.SZSE,怡 亚 通,yang2,2024-10-31,10:15,False,-0.13384615384615384,-0.13384615384615384
002185.SZSE,华天科技,yang2,2024-10-29,09:45,True,-0.0077459333849728695,-0.0077459333849728695
002187.SZSE,广百股份,yang2,2024-12-12,10:00,True,0.09944751381215466,0.13121546961325947
002187.SZSE,广百股份,yang2,2024-12-26,14:45,True,-0.015471167369901617,-0.015471167369901617
002187.SZSE,广百股份,yin2,2025-01-10,14:15,True,-0.00846432889963733,-0.00846432889963733
002187.SZSE,广百股份,yang2,2025-01-15,11:00,True,0.10054644808743163,0.02732240437158473
002187.SZSE,广百股份,yin2,2025-12-04,10:15,False,-0.06511056511056512,-0.06511056511056512
002187.SZSE,广百股份,yin2,2025-12-15,11:30,True,0.09986684420772307,0.059920106524633754
002187.SZSE,广百股份,yang2,2026-01-09,09:45,True,0.025316455696202667,0.025316455696202667
002189.SZSE,中光学,yin2,2025-06-30,10:00,True,0.023376623376623273,0.023376623376623273
002194.SZSE,武汉凡谷,yang2,2025-04-25,10:15,False,-0.15623023402909553,-0.15623023402909553
002194.SZSE,武汉凡谷,yang2,2025-05-09,13:30,True,0.03731859018659289,0.03731859018659289
002194.SZSE,武汉凡谷,yang2,2025-05-19,14:00,False,-0.06903103229892338,-0.06903103229892338
002195.SZSE,岩山科技,yin2,2025-09-03,10:15,False,-0.10769230769230775,-0.10769230769230775
002199.SZSE,东晶电子,yin2,2024-08-26,13:45,True,-0.06861313868613139,-0.06861313868613139
002199.SZSE,东晶电子,yin2,2026-07-28,09:45,True,0.10024650780608058,0.17009038619556294
002201.SZSE,九鼎新材,yin2,2026-02-11,09:45,False,-0.0717299578059073,-0.0717299578059073
002203.SZSE,海亮股份,yin2,2026-06-18,10:15,True,0.030564263322883978,0.030564263322883978
002205.SZSE,国统股份,yang2,2025-08-08,13:30,True,0.10020876826722347,0.08350730688935282
002208.SZSE,合肥城建,yin2,2024-11-21,13:15,False,0.007164790174002178,0.007164790174002178
002208.SZSE,合肥城建,yin2,2026-07-09,09:45,True,0.01621338912133874,0.01621338912133874
002208.SZSE,合肥城建,yin2,2026-07-24,10:00,True,-0.039705882352941146,-0.039705882352941146
002210.SZSE,飞马国际,yin2,2024-10-30,11:00,True,0.0,0.0
002210.SZSE,飞马国际,yang2,2024-11-05,09:45,True,0.10126582278481,0.13080168776371304
002210.SZSE,飞马国际,yin2,2025-09-03,13:15,True,-0.06161137440758291,-0.06161137440758291
002210.SZSE,飞马国际,yang2,2025-09-16,10:15,True,-0.01033591731266148,-0.01033591731266148
002210.SZSE,飞马国际,yang2,2025-09-19,09:45,False,-0.04439252336448607,-0.04439252336448607
002210.SZSE,飞马国际,yang2,2025-09-23,10:30,False,-0.10888888888888892,-0.10888888888888892
002210.SZSE,飞马国际,yin2,2025-09-25,09:45,True,-0.09977324263038545,-0.09977324263038545
002212.SZSE,天融信,yang2,2024-10-28,09:45,True,0.03490136570561453,0.03490136570561453
002212.SZSE,天融信,yin2,2024-10-30,11:00,True,0.053333333333333455,0.053333333333333455
002212.SZSE,天融信,yin2,2025-08-26,10:00,True,0.10044444444444456,0.15466666666666673
002212.SZSE,天融信,yang2,2026-08-06,09:45,True,-0.07608695652173925,-0.07608695652173925
002212.SZSE,天融信,yin2,2026-08-11,09:45,True,-0.03765690376569031,-0.03765690376569031
002213.SZSE,大为股份,yin2,2024-12-26,11:15,True,0.019938650306748684,0.019938650306748684
002213.SZSE,大为股份,yin2,2025-01-03,10:00,True,0.01403508771929829,0.01403508771929829
002213.SZSE,大为股份,yang2,2026-04-14,09:45,True,-0.08482142857142849,-0.08482142857142849
002213.SZSE,大为股份,yin2,2026-04-16,10:00,True,-0.015910276473656948,-0.015910276473656948
002213.SZSE,大为股份,yang2,2026-08-05,10:00,True,0.015939015939016032,0.015939015939016032
002214.SZSE,大立科技,yin2,2026-08-20,13:45,False,-0.0053835800807536804,-0.0053835800807536804
002218.SZSE,拓日新能,yang2,2026-01-23,09:45,True,0.1007326007326006,0.2637362637362639
002218.SZSE,拓日新能,yin2,2026-03-31,09:45,True,-0.057720057720057616,-0.057720057720057616
002219.SZSE,新里程,yin2,2024-10-10,09:45,False,-0.10921501706484649,-0.10921501706484649
002229.SZSE,鸿博股份,yang2,2024-10-22,13:15,True,0.017727639000805873,0.017727639000805873
002229.SZSE,鸿博股份,yang2,2024-11-08,10:15,True,0.030188679245283012,0.030188679245283012
002229.SZSE,鸿博股份,yin2,2024-11-22,11:00,False,-0.08703703703703702,-0.08703703703703702
002229.SZSE,鸿博股份,yin2,2026-08-17,09:45,True,-0.08972503617945005,-0.08972503617945005
002229.SZSE,鸿博股份,yang2,2026-08-28,10:15,True,-0.008136696501220508,-0.008136696501220508
002232.SZSE,启明信息,yang2,2024-12-09,10:30,False,-0.05940594059405946,-0.05940594059405946
002235.SZSE,安妮股份,yang2,2025-07-01,13:45,True,-0.10034305317324188,-0.10034305317324188
002247.SZSE,聚力文化,yang2,2024-10-28,10:00,True,0.03539823008849563,0.03539823008849563
002247.SZSE,聚力文化,yin2,2024-10-30,10:00,True,0.10116731517509736,0.0077821011673151474
002249.SZSE,大洋电机,yin2,2025-10-20,09:45,True,0.02959641255605372,0.02959641255605372
002249.SZSE,大洋电机,yang2,2025-10-22,10:30,False,-0.03958828186856689,-0.03958828186856689
002251.SZSE,步步高,yin2,2026-06-05,09:45,True,-0.04115226337448563,-0.04115226337448563
002253.SZSE,川大智胜,yang2,2024-10-28,09:45,True,0.10022026431718056,0.19823788546255505
002256.SZSE,兆新股份,yin2,2024-10-15,15:00,False,-0.07664233576642354,-0.07664233576642354
002256.SZSE,兆新股份,yin2,2024-10-22,10:45,False,-0.06083650190114054,-0.06083650190114054
002263.SZSE,大东南,yin2,2026-04-10,09:45,True,0.01836734693877551,0.01836734693877551
002263.SZSE,大东南,yin2,2026-04-16,09:45,True,-0.03675048355899413,-0.03675048355899413
002264.SZSE,新 华 都,yin2,2026-01-27,09:45,False,-0.05383211678832134,-0.05383211678832134
002264.SZSE,新 华 都,yin2,2026-02-02,10:15,False,-0.010425716768027726,-0.010425716768027726
002264.SZSE,新 华 都,yin2,2026-02-05,10:45,True,-0.04610492845786962,-0.04610492845786962
002265.SZSE,建设工业,yang2,2025-01-21,11:15,False,-0.06080476900149023,-0.06080476900149023
002265.SZSE,建设工业,yin2,2025-06-30,14:45,False,-0.05681084570690775,-0.05681084570690775
002265.SZSE,建设工业,yang2,2025-07-17,10:30,True,0.10013089005235609,0.2928664921465969
002268.SZSE,电科网安,yang2,2024-10-21,11:00,True,-0.041017653167185975,-0.041017653167185975
002269.SZSE,美邦服饰,yin2,2025-01-07,14:45,True,-0.015037593984962405,-0.015037593984962405
002269.SZSE,美邦服饰,yin2,2025-01-16,10:00,False,-0.11832061068702293,-0.11832061068702293
002269.SZSE,美邦服饰,yang2,2025-09-12,10:45,True,-0.023809523809523725,-0.023809523809523725
002269.SZSE,美邦服饰,yang2,2025-09-18,09:45,False,-0.15264797507788153,-0.15264797507788153
002271.SZSE,东方雨虹,yin2,2024-10-14,13:30,False,-0.024840312278211485,-0.024840312278211485
002273.SZSE,水晶光电,yin2,2026-07-21,11:00,True,-0.022133526850507956,-0.022133526850507956
002276.SZSE,万马股份,yin2,2025-04-09,10:15,True,0.0997749437359341,0.06976744186046502
002276.SZSE,万马股份,yin2,2025-05-12,09:45,False,-0.049939098660170655,-0.049939098660170655
002279.SZSE,久其软件,yin2,2025-11-28,09:45,False,-0.07388663967611342,-0.07388663967611342
002279.SZSE,久其软件,yin2,2026-01-27,09:45,False,-0.07020702070207019,-0.07020702070207019
002281.SZSE,光迅科技,yang2,2026-05-19,14:45,True,0.023864177746979243,0.023864177746979243
002283.SZSE,天润工业,yin2,2024-12-10,13:30,True,0.029780564263322873,0.029780564263322873
002285.SZSE,世联行,yin2,2024-08-21,14:15,False,-0.05699481865284972,-0.05699481865284972
002285.SZSE,世联行,yang2,2024-08-30,13:15,False,-0.058510638297872286,-0.058510638297872286
002285.SZSE,世联行,yin2,2024-09-05,11:15,True,-0.03076923076923077,-0.03076923076923077
002285.SZSE,世联行,yin2,2025-11-28,11:15,True,0.0033003300330034513,0.0033003300330034513
002285.SZSE,世联行,yin2,2025-12-02,10:00,True,-0.0359281437125748,-0.0359281437125748
002285.SZSE,世联行,yin2,2025-12-10,13:30,True,0.006309148264984188,0.006309148264984188
002285.SZSE,世联行,yang2,2025-12-16,13:45,True,-0.01183431952662728,-0.01183431952662728
002286.SZSE,保龄宝,yang2,2025-04-30,10:00,True,0.013015184381778733,0.013015184381778733
002286.SZSE,保龄宝,yin2,2025-05-07,10:00,True,-0.04284323271665036,-0.04284323271665036
002290.SZSE,禾盛新材,yin2,2025-05-12,10:30,True,0.03932054105064475,0.03932054105064475
002290.SZSE,禾盛新材,yang2,2025-06-04,13:15,True,0.0046934584922264655,0.0046934584922264655
002291.SZSE,遥望科技,yin2,2024-12-18,10:30,True,-0.09972041006523769,-0.09972041006523769
002292.SZSE,奥飞娱乐,yang2,2024-12-03,10:15,False,-0.12109375,-0.12109375
002292.SZSE,奥飞娱乐,yin2,2024-12-10,10:00,True,0.0374280230326296,0.0374280230326296
002295.SZSE,精艺股份,yang2,2025-07-08,14:15,True,0.09960159362549792,0.030876494023904355
002295.SZSE,精艺股份,yin2,2025-12-12,09:45,False,-0.08134328358208953,-0.08134328358208953
002297.SZSE,博云新材,yang2,2026-01-22,10:45,True,-0.025894897182025978,-0.025894897182025978
002298.SZSE,中电鑫龙,yin2,2024-12-09,09:45,True,-0.0060882800608828,-0.0060882800608828
002298.SZSE,中电鑫龙,yin2,2025-05-26,10:00,False,-0.027287319422151013,-0.027287319422151013
002298.SZSE,中电鑫龙,yin2,2025-08-26,09:45,True,0.009212730318258089,0.009212730318258089
002298.SZSE,中电鑫龙,yin2,2025-09-30,09:45,True,0.01667930250189542,0.01667930250189542
002298.SZSE,中电鑫龙,yin2,2026-07-29,09:45,True,0.004561003420752607,0.004561003420752607
002298.SZSE,中电鑫龙,yang2,2026-08-10,09:45,True,-0.02355460385438979,-0.02355460385438979
002300.SZSE,太阳电缆,yang2,2025-12-02,11:00,True,0.10025706940874035,0.33419023136246784
002300.SZSE,太阳电缆,yin2,2026-08-10,09:45,True,-0.036708860759493644,-0.036708860759493644
002301.SZSE,齐心集团,yin2,2025-11-24,10:45,True,-0.007702182284980652,-0.007702182284980652
002301.SZSE,齐心集团,yin2,2025-12-02,10:45,False,-0.03874092009685226,-0.03874092009685226
002302.SZSE,西部建设,yin2,2025-08-08,13:45,True,0.10070921985815606,0.11063829787234036
002307.SZSE,北新路桥,yin2,2025-12-15,10:30,True,-0.06434782608695655,-0.06434782608695655
002309.SZSE,中利集团,yang2,2025-12-22,13:15,False,-0.08488063660477452,-0.08488063660477452
002313.SZSE,日海智能,yin2,2024-12-16,09:45,True,-0.09991673605328888,-0.09991673605328888
002313.SZSE,日海智能,yang2,2025-01-08,09:45,True,0.09988385598141702,-0.0034843205574912606
002313.SZSE,日海智能,yin2,2025-02-05,09:45,True,0.05223068552774768,0.05223068552774768
002313.SZSE,日海智能,yang2,2025-02-11,13:45,True,-0.012646793134598044,-0.012646793134598044
002313.SZSE,日海智能,yang2,2025-03-04,09:45,True,0.005208333333333481,0.005208333333333481
002314.SZSE,南山控股,yin2,2025-07-07,10:15,True,0.03416149068322971,0.03416149068322971
002314.SZSE,南山控股,yin2,2025-07-10,14:30,True,-0.047752808988763995,-0.047752808988763995
002317.SZSE,众生药业,yin2,2025-06-20,13:45,False,-0.039408866995073843,-0.039408866995073843
002319.SZSE,乐通股份,yin2,2024-10-25,13:15,True,0.0732538330494037,0.0732538330494037
002320.SZSE,海峡股份,yin2,2025-11-05,09:45,True,-0.0766233766233766,-0.0766233766233766
002324.SZSE,普利特,yang2,2024-12-05,13:45,True,0.014718614718614687,0.014718614718614687
002328.SZSE,新朋股份,yin2,2026-04-14,10:30,True,0.0557432432432432,0.0557432432432432
002329.SZSE,皇氏集团,yin2,2024-12-20,09:45,True,-0.08240534521158127,-0.08240534521158127
002329.SZSE,皇氏集团,yang2,2025-03-27,09:45,True,-0.045226130653266416,-0.045226130653266416
002329.SZSE,皇氏集团,yin2,2025-12-23,09:45,False,-0.06734693877551023,-0.06734693877551023
002335.SZSE,科华数据,yang2,2025-02-21,09:45,True,0.10000000000000009,0.060337552742615985
002335.SZSE,科华数据,yang2,2025-03-06,14:30,True,-0.026907553334614587,-0.026907553334614587
002335.SZSE,科华数据,yang2,2025-03-11,10:15,False,0.03855119239734628,0.03855119239734628
002335.SZSE,科华数据,yang2,2025-03-12,10:00,False,-0.01986312802537138,-0.01986312802537138
002339.SZSE,积成电子,yin2,2026-01-23,10:15,True,0.027874564459930307,0.027874564459930307
002339.SZSE,积成电子,yin2,2026-02-02,09:45,True,0.01334445371142623,0.01334445371142623
002339.SZSE,积成电子,yin2,2026-02-06,09:45,True,0.014890282131661436,0.014890282131661436
002339.SZSE,积成电子,yin2,2026-03-18,09:45,True,-0.04156674660271775,-0.04156674660271775
002339.SZSE,积成电子,yin2,2026-03-24,09:45,False,-0.04699093157460843,-0.04699093157460843
002342.SZSE,巨力索具,yang2,2025-07-09,10:15,True,-0.06094527363184077,-0.06094527363184077
002342.SZSE,巨力索具,yang2,2026-04-21,15:00,True,-0.05929038281979471,-0.05929038281979471
002342.SZSE,巨力索具,yang2,2026-05-07,15:00,True,-0.0004520795660036825,-0.0004520795660036825
002345.SZSE,潮宏基,yang2,2025-06-12,14:00,False,-0.01488833746898266,-0.01488833746898266
002346.SZSE,柘中股份,yin2,2025-01-14,09:45,True,-0.015444015444015413,-0.015444015444015413
002346.SZSE,柘中股份,yin2,2026-07-31,13:30,True,0.018680677174547577,0.018680677174547577
002346.SZSE,柘中股份,yang2,2026-08-05,10:45,True,0.009500000000000064,0.009500000000000064
002348.SZSE,高乐股份,yin2,2024-12-13,09:45,False,-0.10671936758893286,-0.10671936758893286
002348.SZSE,高乐股份,yin2,2026-04-29,11:00,True,0.05099150141643061,0.05099150141643061
002348.SZSE,高乐股份,yang2,2026-05-06,10:15,False,0.028594771241829964,0.028594771241829964
002350.SZSE,北京科锐,yin2,2026-03-03,11:00,True,0.01834862385321112,0.01834862385321112
002350.SZSE,北京科锐,yang2,2026-03-10,11:30,True,0.021024967148488782,0.021024967148488782
002350.SZSE,北京科锐,yang2,2026-03-24,09:45,True,0.00997340425531923,0.00997340425531923
002353.SZSE,杰瑞股份,yin2,2025-12-03,09:45,True,0.01183431952662728,0.01183431952662728
002354.SZSE,天娱数科,yang2,2024-12-02,09:45,True,-0.011131725417439675,-0.011131725417439675
002354.SZSE,天娱数科,yin2,2024-12-05,09:45,True,0.0996441281138789,0.3736654804270463
002354.SZSE,天娱数科,yang2,2025-05-07,15:00,True,-0.0367847411444141,-0.0367847411444141
002355.SZSE,兴民智通,yin2,2025-05-29,10:00,True,-0.015768725361366642,-0.015768725361366642
002355.SZSE,兴民智通,yin2,2026-02-13,11:15,True,0.010709504685408211,0.010709504685408211
002355.SZSE,兴民智通,yang2,2026-03-05,09:45,True,-0.0013642564802182067,-0.0013642564802182067
002356.SZSE,鹏飞绿能,yin2,2024-11-25,09:45,False,-0.002481389578163906,-0.002481389578163906
002356.SZSE,鹏飞绿能,yang2,2024-11-28,11:30,True,-0.022321428571428714,-0.022321428571428714
002356.SZSE,鹏飞绿能,yin2,2026-03-13,09:45,False,-0.027600849256900206,-0.027600849256900206
002361.SZSE,神剑股份,yang2,2026-02-25,10:45,False,-0.033175355450236976,-0.033175355450236976
002361.SZSE,神剑股份,yin2,2026-06-10,14:30,False,-0.10547875064004109,-0.10547875064004109
002364.SZSE,中恒电气,yin2,2025-01-02,09:45,True,-0.02780117944397642,-0.02780117944397642
002364.SZSE,中恒电气,yin2,2025-01-06,10:00,True,0.10007880220646181,0.08904649330181247
002364.SZSE,中恒电气,yang2,2025-03-12,10:45,False,-0.1455078125,-0.1455078125
002365.SZSE,永安药业,yin2,2025-04-28,09:45,True,0.09969325153374231,-0.00996932515337412
002365.SZSE,永安药业,yang2,2025-05-14,11:15,True,0.09991941982272357,0.12892828364222408
002365.SZSE,永安药业,yin2,2026-07-27,09:45,True,0.020328381548084584,0.020328381548084584
002365.SZSE,永安药业,yin2,2026-08-07,09:45,False,-0.036619718309859106,-0.036619718309859106
002369.SZSE,卓翼科技,yang2,2024-09-20,09:45,True,0.05369127516778538,0.05369127516778538
002369.SZSE,卓翼科技,yang2,2024-09-25,15:00,False,-0.050387596899224785,-0.050387596899224785
002369.SZSE,卓翼科技,yin2,2025-01-03,13:45,True,-0.06423357664233564,-0.06423357664233564
002370.SZSE,亚太药业,yin2,2025-07-21,10:30,True,-0.04235727440147319,-0.04235727440147319
002370.SZSE,亚太药业,yang2,2025-07-28,10:15,True,0.10016155088852985,0.158319870759289
002374.SZSE,中锐股份,yang2,2025-12-25,13:30,False,-0.05289672544080615,-0.05289672544080615
002378.SZSE,章源钨业,yang2,2025-08-27,09:45,False,-0.07085146053449354,-0.07085146053449354
002378.SZSE,章源钨业,yin2,2026-02-25,10:45,True,0.10014903129657227,0.30968703427719824
002379.SZSE,宏桥控股,yang2,2026-07-23,10:15,True,-0.06797066014669928,-0.06797066014669928
002383.SZSE,合众思壮,yin2,2024-11-13,10:00,False,-0.14219330855018586,-0.14219330855018586
002383.SZSE,合众思壮,yang2,2024-11-29,15:00,True,0.016815034619188873,0.016815034619188873
002384.SZSE,东山精密,yang2,2026-04-22,11:30,True,0.0017172909734892716,0.0017172909734892716
002384.SZSE,东山精密,yang2,2026-05-07,11:30,True,0.001516084711233212,0.001516084711233212
002388.SZSE,新亚制程,yin2,2024-10-30,14:30,True,0.09927797833935004,-0.010830324909747224
002390.SZSE,信邦制药,yang2,2025-01-20,09:45,False,-0.055928411633109576,-0.055928411633109576
002391.SZSE,长青股份,yang2,2025-06-17,15:00,True,-0.040909090909090895,-0.040909090909090895
002396.SZSE,星网锐捷,yin2,2026-07-13,09:45,False,-0.05294506949040367,-0.05294506949040367
002396.SZSE,星网锐捷,yang2,2026-07-17,10:00,False,-0.08354591836734693,-0.08354591836734693
002400.SZSE,省广集团,yin2,2024-11-13,11:30,True,-0.02179487179487183,-0.02179487179487183
002400.SZSE,省广集团,yang2,2024-11-26,11:30,False,-0.0375854214123007,-0.0375854214123007
002400.SZSE,省广集团,yin2,2024-11-29,09:45,True,0.10046728971962615,0.022196261682242868
002401.SZSE,中远海科,yang2,2025-07-23,10:30,True,-0.046819787985865835,-0.046819787985865835
002402.SZSE,和而泰,yang2,2024-12-13,13:15,True,-0.05525114155251132,-0.05525114155251132
002402.SZSE,和而泰,yang2,2025-09-18,10:00,True,0.0377701934015926,0.0377701934015926
002404.SZSE,嘉欣丝绸,yin2,2026-06-17,09:45,True,-0.09941520467836251,-0.09941520467836251
002407.SZSE,多氟多,yin2,2025-09-15,09:45,False,-0.06592238171185527,-0.06592238171185527
002407.SZSE,多氟多,yang2,2025-09-29,09:45,True,0.05670103092783507,0.05670103092783507
002407.SZSE,多氟多,yin2,2025-10-13,13:45,True,-0.03218059558117203,-0.03218059558117203
002409.SZSE,雅克科技,yang2,2026-06-22,14:45,True,-0.047584453323647025,-0.047584453323647025
002409.SZSE,雅克科技,yang2,2026-06-29,09:45,True,0.08213631543430044,0.08213631543430044
002409.SZSE,雅克科技,yang2,2026-07-09,13:45,True,-0.008755980861244073,-0.008755980861244073
002418.SZSE,康盛股份,yang2,2024-09-04,10:00,True,0.009478672985782088,0.009478672985782088
002418.SZSE,康盛股份,yang2,2025-02-21,10:30,False,-0.016000000000000014,-0.016000000000000014
002418.SZSE,康盛股份,yang2,2025-03-05,09:45,True,0.06666666666666665,0.06666666666666665
002418.SZSE,康盛股份,yin2,2025-11-03,14:00,True,0.021032504780114536,0.021032504780114536
002418.SZSE,康盛股份,yang2,2026-04-17,10:30,True,0.10016155088852985,-0.009693053311793265
002418.SZSE,康盛股份,yin2,2026-05-06,09:45,True,0.02741935483870961,0.02741935483870961
002421.SZSE,达实智能,yang2,2026-06-22,09:45,True,-0.04513064133016631,-0.04513064133016631
002421.SZSE,达实智能,yang2,2026-08-12,09:45,True,-0.0798969072164949,-0.0798969072164949
002425.SZSE,凯撒文化,yang2,2024-08-30,14:15,True,-0.021052631578947434,-0.021052631578947434
002426.SZSE,胜利精密,yang2,2024-09-30,14:30,False,0.0861244019138756,0.04306220095693791
002426.SZSE,胜利精密,yin2,2024-11-22,09:45,False,0.05693950177935947,-0.003558718861210064
002426.SZSE,胜利精密,yang2,2024-11-29,10:15,False,-0.051515151515151514,-0.051515151515151514
002426.SZSE,胜利精密,yin2,2025-01-03,10:30,True,0.07876712328767121,0.07876712328767121
002426.SZSE,胜利精密,yang2,2025-01-08,14:30,False,-0.07894736842105265,-0.07894736842105265
002427.SZSE,尤夫股份,yin2,2025-06-26,10:15,True,-0.04124860646599793,-0.04124860646599793
002428.SZSE,云南锗业,yin2,2026-03-20,09:45,True,-0.06580763920846755,-0.06580763920846755
002428.SZSE,云南锗业,yin2,2026-03-24,14:15,True,0.0844155844155845,0.0844155844155845
002428.SZSE,云南锗业,yang2,2026-04-22,11:15,True,0.021796916533758592,0.021796916533758592
002428.SZSE,云南锗业,yang2,2026-05-06,14:00,True,0.04142319179327347,0.04142319179327347
002428.SZSE,云南锗业,yang2,2026-05-08,10:00,False,0.045114486510995366,0.045114486510995366
002428.SZSE,云南锗业,yang2,2026-05-12,15:00,True,0.0008873989351212419,0.0008873989351212419
002429.SZSE,兆驰股份,yang2,2026-03-11,11:00,False,-0.016319129646418795,-0.016319129646418795
002429.SZSE,兆驰股份,yang2,2026-03-13,10:00,True,-0.05108877721943039,-0.05108877721943039
002432.SZSE,九安医疗,yin2,2026-03-27,14:00,True,0.09994172494172493,0.07196969696969702
002432.SZSE,九安医疗,yang2,2026-04-20,13:15,False,-0.03390034986126189,-0.03390034986126189
002432.SZSE,九安医疗,yin2,2026-04-22,15:00,True,-0.022022931093200082,-0.022022931093200082
002432.SZSE,九安医疗,yin2,2026-06-15,09:45,True,0.058366920435886094,0.058366920435886094
002432.SZSE,九安医疗,yin2,2026-06-18,10:30,True,-0.008570262549313146,-0.008570262549313146
002432.SZSE,九安医疗,yin2,2026-07-21,10:00,True,0.02369905956112861,0.02369905956112861
002432.SZSE,九安医疗,yin2,2026-07-31,10:00,True,-0.05565293602103405,-0.05565293602103405
002437.SZSE,誉衡药业,yang2,2026-08-17,10:00,True,-0.04417670682730934,-0.04417670682730934
002437.SZSE,誉衡药业,yin2,2026-08-27,09:45,False,0.06813186813186833,-0.03956043956043953
002437.SZSE,誉衡药业,yang2,2026-08-28,14:45,True,-0.10082304526748975,-0.10082304526748975
002440.SZSE,闰土股份,yin2,2026-02-06,10:00,True,0.0999242997728993,0.16426949280847847
002446.SZSE,盛路通信,yin2,2026-01-27,13:15,True,-0.012841091492776902,-0.012841091492776902
002453.SZSE,华软科技,yang2,2025-02-18,09:45,True,0.045454545454545414,0.045454545454545414
002453.SZSE,华软科技,yin2,2026-05-22,10:00,True,0.01437699680511173,0.01437699680511173
002457.SZSE,青龙管业,yang2,2024-10-14,14:30,True,0.09999999999999987,0.1348837209302325
002459.SZSE,晶澳科技,yang2,2024-10-21,09:45,True,0.10013262599469486,0.17175066312997367
002459.SZSE,晶澳科技,yin2,2024-10-25,10:30,True,0.016759776536312998,0.016759776536312998
002459.SZSE,晶澳科技,yang2,2024-10-31,10:15,True,-0.060559006211180266,-0.060559006211180266
002465.SZSE,海格通信,yin2,2026-01-12,10:15,True,0.09999999999999987,0.08909090909090911
002471.SZSE,中超控股,yin2,2025-04-14,09:45,True,0.03039513677811545,0.03039513677811545
002471.SZSE,中超控股,yin2,2026-01-27,09:45,False,-0.05365296803652975,-0.05365296803652975
002471.SZSE,中超控股,yang2,2026-03-05,11:00,True,0.009955752212389646,0.009955752212389646
002478.SZSE,常宝股份,yin2,2025-11-28,10:30,False,-0.060568603213844274,-0.060568603213844274
002481.SZSE,双塔食品,yin2,2024-12-12,14:15,False,-0.13959731543624165,-0.13959731543624165
002491.SZSE,通鼎互联,yin2,2026-02-26,09:45,True,0.01049618320610679,0.01049618320610679
002491.SZSE,通鼎互联,yang2,2026-03-02,10:45,False,0.04978540772532192,0.0858369098712446
002491.SZSE,通鼎互联,yang2,2026-04-07,09:45,True,0.09985528219971052,0.16787264833574533
002491.SZSE,通鼎互联,yin2,2026-04-16,14:45,True,-0.0313700384122918,-0.0313700384122918
002491.SZSE,通鼎互联,yin2,2026-04-20,09:45,True,0.006610576923076872,0.006610576923076872
002491.SZSE,通鼎互联,yin2,2026-06-24,09:45,True,0.03913630229419707,0.03913630229419707
002506.SZSE,协鑫集成,yin2,2024-11-05,10:00,True,0.01501501501501501,0.01501501501501501
002506.SZSE,协鑫集成,yang2,2026-02-04,13:30,True,0.10052910052910069,0.3915343915343916
002513.SZSE,蓝丰生化,yin2,2024-10-31,13:45,True,0.10058027079303677,0.5338491295938104
002515.SZSE,金字火腿,yang2,2026-06-25,10:15,False,-0.059125964010282694,-0.059125964010282694
002519.SZSE,银河电子,yang2,2025-12-11,10:30,True,-0.03924418604651159,-0.03924418604651159
002520.SZSE,日发精机,yang2,2025-02-18,11:30,True,0.054263565891472965,0.054263565891472965
002520.SZSE,日发精机,yang2,2025-02-26,14:00,True,-0.0603248259860788,-0.0603248259860788
002523.SZSE,天桥起重,yin2,2024-12-09,09:45,True,0.10000000000000009,0.026190476190476097
002523.SZSE,天桥起重,yin2,2024-12-13,09:45,True,0.05518763796909498,0.05518763796909498
002524.SZSE,光正眼科,yin2,2025-02-20,09:45,True,0.0,0.0
002524.SZSE,光正眼科,yin2,2025-03-10,09:45,True,-0.03703703703703698,-0.03703703703703698
002529.SZSE,海源复材,yang2,2024-08-14,09:45,True,-0.01279707495429605,-0.01279707495429605
002530.SZSE,金财互联,yin2,2024-11-27,14:30,True,-0.024636058230682933,-0.024636058230682933
002530.SZSE,金财互联,yin2,2024-12-05,10:00,True,0.10040160642570273,0.19879518072289137
002530.SZSE,金财互联,yin2,2025-02-12,11:15,True,-0.04583651642475173,-0.04583651642475173
002536.SZSE,飞龙股份,yin2,2025-01-20,10:30,False,-0.06205923836389271,-0.06205923836389271
002536.SZSE,飞龙股份,yang2,2026-04-20,10:00,True,-0.06005859375,-0.06005859375
002536.SZSE,飞龙股份,yang2,2026-05-08,10:45,True,0.026765113059529222,0.026765113059529222
002546.SZSE,新联电子,yin2,2025-06-10,11:30,False,-0.08385093167701863,-0.08385093167701863
002546.SZSE,新联电子,yin2,2026-01-23,10:15,False,-0.06990881458966558,-0.06990881458966558
002549.SZSE,凯美特气,yin2,2025-08-15,09:45,True,0.027577937649880147,0.027577937649880147
002549.SZSE,凯美特气,yin2,2025-08-28,11:30,True,-0.04653937947494036,-0.04653937947494036
002549.SZSE,凯美特气,yin2,2025-09-03,11:00,False,-0.07947398513436232,-0.07947398513436232
002551.SZSE,尚荣医疗,yin2,2025-08-15,09:45,True,0.045174537987679564,0.045174537987679564
002552.SZSE,宝鼎科技,yang2,2025-01-15,14:45,True,-0.04964114832535871,-0.04964114832535871
002552.SZSE,宝鼎科技,yin2,2025-01-17,10:30,True,-0.03260869565217395,-0.03260869565217395
002552.SZSE,宝鼎科技,yang2,2025-02-11,14:00,False,-0.03823529411764692,-0.03823529411764692
002552.SZSE,宝鼎科技,yang2,2026-07-09,09:45,True,-0.06507592190889377,-0.06507592190889377
002553.SZSE,南方精工,yang2,2024-12-04,10:15,True,0.0383116883116883,0.0383116883116883
002553.SZSE,南方精工,yin2,2025-04-23,10:00,True,0.004368932038834927,0.004368932038834927
002554.SZSE,惠博普,yin2,2026-01-21,11:15,True,0.01980198019801982,0.01980198019801982
002559.SZSE,亚威股份,yin2,2026-07-10,09:45,False,-0.18085106382978733,-0.18085106382978733
002562.SZSE,兄弟科技,yin2,2025-07-09,15:00,False,-0.05434782608695665,-0.05434782608695665
002562.SZSE,兄弟科技,yin2,2025-07-14,10:00,True,0.039936102236421744,0.039936102236421744
002564.SZSE,天沃科技,yin2,2025-04-18,10:30,True,-0.030476190476190546,-0.030476190476190546
002564.SZSE,天沃科技,yin2,2025-04-22,10:15,True,-0.08214285714285718,-0.08214285714285718
002564.SZSE,天沃科技,yin2,2025-04-24,10:15,True,-0.06194690265486735,-0.06194690265486735
002564.SZSE,天沃科技,yin2,2025-04-28,10:00,True,0.046312178387650116,0.046312178387650116
002564.SZSE,天沃科技,yin2,2025-05-14,09:45,False,-0.10423452768729635,-0.10423452768729635
002565.SZSE,顺灏股份,yang2,2026-03-31,09:45,True,-0.018224573780129427,-0.018224573780129427
002565.SZSE,顺灏股份,yin2,2026-04-07,09:45,False,0.028110047846890085,0.028110047846890085
002568.SZSE,百润股份,yang2,2024-11-07,13:15,True,-0.030835424883470797,-0.030835424883470797
002570.SZSE,贝因美,yin2,2024-10-11,09:45,False,-0.05187319884726227,-0.05187319884726227
002570.SZSE,贝因美,yang2,2024-10-18,09:45,True,-0.008746355685131268,-0.008746355685131268
002570.SZSE,贝因美,yin2,2024-10-22,10:45,True,0.03475935828876997,0.03475935828876997
002570.SZSE,贝因美,yang2,2024-10-24,10:00,True,-0.021126760563380254,-0.021126760563380254
002570.SZSE,贝因美,yin2,2024-10-28,10:45,True,0.10021786492374729,0.23965141612200447
002571.SZSE,德力股份,yang2,2025-02-10,14:30,True,0.00427350427350448,0.00427350427350448
002571.SZSE,德力股份,yin2,2026-01-05,09:45,True,-0.009273570324574876,-0.009273570324574876
002574.SZSE,明牌珠宝,yang2,2025-06-04,10:45,False,-0.09857328145265887,-0.09857328145265887
002575.SZSE,群兴玩具,yin2,2026-03-23,11:30,False,-0.022727272727272818,-0.022727272727272818
002575.SZSE,群兴玩具,yin2,2026-04-01,10:00,False,-0.12717391304347825,-0.12717391304347825
002577.SZSE,雷柏科技,yin2,2025-02-11,10:00,True,-0.011288439081354684,-0.011288439081354684
002577.SZSE,雷柏科技,yang2,2025-02-20,09:45,True,0.007815407517677508,0.007815407517677508
002578.SZSE,闽发铝业,yang2,2025-12-01,10:15,True,0.013513513513513375,0.013513513513513375
002578.SZSE,闽发铝业,yin2,2025-12-05,10:00,True,0.10080645161290325,0.012096774193548265
002579.SZSE,中京电子,yin2,2026-07-09,09:45,True,-0.017718715393133966,-0.017718715393133966
002579.SZSE,中京电子,yang2,2026-08-07,13:15,False,-0.03263707571801566,-0.03263707571801566
002579.SZSE,中京电子,yin2,2026-08-20,09:45,True,-0.028122956180510084,-0.028122956180510084
002582.SZSE,好想你,yin2,2025-01-21,14:15,True,0.003039513677811634,0.003039513677811634
002583.SZSE,海能达,yin2,2024-12-16,14:00,True,-0.06599552572706935,-0.06599552572706935
002583.SZSE,海能达,yin2,2024-12-18,10:00,True,-0.007621121393576513,-0.007621121393576513
002583.SZSE,海能达,yin2,2025-05-08,14:15,True,-0.004665629860031051,-0.004665629860031051
002584.SZSE,西陇科学,yang2,2026-07-02,11:00,True,-0.09545454545454557,-0.09545454545454557
002584.SZSE,西陇科学,yin2,2026-07-07,09:45,False,-0.06990291262135928,-0.06990291262135928
002585.SZSE,双星新材,yin2,2026-07-07,09:45,True,-0.08970976253298146,-0.08970976253298146
002589.SZSE,瑞康医药,yin2,2026-08-12,13:15,True,0.04507042253521121,0.04507042253521121
002589.SZSE,瑞康医药,yin2,2026-08-20,10:00,False,-0.09659090909090906,-0.09659090909090906
002589.SZSE,瑞康医药,yin2,2026-09-01,13:45,True,-0.04571428571428571,-0.04571428571428571
002596.SZSE,海南瑞泽,yin2,2024-08-19,10:30,True,0.025641025641025772,0.025641025641025772
002596.SZSE,海南瑞泽,yin2,2024-12-11,13:15,True,0.03243243243243232,0.03243243243243232
002596.SZSE,海南瑞泽,yang2,2024-12-27,10:15,True,0.04571428571428582,0.04571428571428582
002596.SZSE,海南瑞泽,yin2,2025-12-10,10:30,True,-0.0030674846625766694,-0.0030674846625766694
002600.SZSE,领益智造,yang2,2025-08-25,10:45,True,0.10029498525073732,0.08997050147492613
002600.SZSE,领益智造,yin2,2025-08-28,14:45,True,-0.04428044280442822,-0.04428044280442822
002600.SZSE,领益智造,yin2,2025-09-22,10:00,False,-0.01555411535968898,-0.01555411535968898
002605.SZSE,姚记科技,yin2,2024-11-26,09:45,False,0.006406345332519825,-0.021354484441732824
002607.SZSE,中公教育,yin2,2024-10-14,14:00,True,-0.01724137931034475,-0.01724137931034475
002607.SZSE,中公教育,yin2,2024-10-31,10:30,True,0.0060975609756097615,0.0060975609756097615
002607.SZSE,中公教育,yin2,2024-12-16,11:00,True,-0.032710280373831946,-0.032710280373831946
002611.SZSE,东方精工,yin2,2025-01-14,10:45,True,0.04020979020979021,0.04020979020979021
002611.SZSE,东方精工,yang2,2025-01-23,10:30,False,-0.044635865309318734,-0.044635865309318734
002611.SZSE,东方精工,yang2,2025-08-13,14:00,True,0.01264488935721797,0.01264488935721797
002611.SZSE,东方精工,yang2,2025-08-25,10:15,True,-0.030168150346191913,-0.030168150346191913
002613.SZSE,北玻股份,yin2,2026-06-30,09:45,False,-0.07785888077858882,-0.07785888077858882
002617.SZSE,露笑科技,yang2,2025-01-20,10:00,False,-0.0298879202988791,-0.0298879202988791
002622.SZSE,皓宸医疗,yang2,2024-09-30,10:15,True,0.101010101010101,0.11111111111111116
002622.SZSE,皓宸医疗,yin2,2024-10-22,10:00,True,0.024271844660194164,0.024271844660194164
002622.SZSE,皓宸医疗,yin2,2024-10-24,09:45,True,0.030172413793103647,0.030172413793103647
002622.SZSE,皓宸医疗,yin2,2025-03-10,09:45,True,-0.018750000000000044,-0.018750000000000044
002623.SZSE,亚玛顿,yang2,2026-02-04,10:15,True,-0.056219255094870024,-0.056219255094870024
002625.SZSE,光启技术,yin2,2024-10-15,10:00,False,-0.07221502590673579,-0.07221502590673579
002625.SZSE,光启技术,yang2,2024-10-21,09:45,True,0.0029850746268655914,0.0029850746268655914
002625.SZSE,光启技术,yin2,2024-10-23,09:45,True,-0.06025577963600581,-0.06025577963600581
002625.SZSE,光启技术,yang2,2024-11-05,13:15,True,0.061215370866845475,0.061215370866845475
002629.SZSE,仁智股份,yin2,2025-01-10,09:45,True,0.017676767676767735,0.017676767676767735
002629.SZSE,仁智股份,yang2,2025-01-24,13:30,True,-0.09958506224066399,-0.09958506224066399
002629.SZSE,仁智股份,yang2,2026-03-17,11:00,True,0.007173601147776099,0.007173601147776099
002631.SZSE,德尔未来,yang2,2026-06-30,09:45,True,0.016829052258636068,0.016829052258636068
002636.SZSE,金安国纪,yang2,2026-02-11,09:45,False,-0.04169714703730798,-0.04169714703730798
002639.SZSE,雪人集团,yang2,2025-06-05,14:30,False,-0.036594473487677415,-0.036594473487677415
002639.SZSE,雪人集团,yin2,2026-01-22,13:15,True,0.02852128126371234,0.02852128126371234
002640.SZSE,跨境通,yang2,2024-11-05,10:00,False,0.0,0.0
002640.SZSE,跨境通,yin2,2024-11-27,10:00,True,0.10129870129870122,0.7714285714285714
002640.SZSE,跨境通,yang2,2026-05-11,14:45,True,-0.04625550660792954,-0.04625550660792954
002640.SZSE,跨境通,yin2,2026-05-28,10:30,True,-0.01808785529715773,-0.01808785529715773
002645.SZSE,华宏科技,yin2,2025-08-15,09:45,True,0.09986595174262747,0.11796246648793574
002645.SZSE,华宏科技,yang2,2026-05-11,10:15,False,-0.04548472775564416,-0.04548472775564416
002645.SZSE,华宏科技,yang2,2026-05-20,14:15,True,-0.05579541680504818,-0.05579541680504818
002645.SZSE,华宏科技,yang2,2026-05-25,11:00,True,0.01939318110728827,0.01939318110728827
002647.SZSE,仁东控股,yang2,2024-09-05,09:45,True,-0.02844638949671774,-0.02844638949671774
002649.SZSE,博彦科技,yang2,2024-10-31,13:15,True,-0.09831254585473237,-0.09831254585473237
002651.SZSE,利君股份,yin2,2024-11-08,09:45,True,0.040791100123609425,0.040791100123609425
002651.SZSE,利君股份,yang2,2026-08-24,10:00,True,-0.03252032520325199,-0.03252032520325199
002651.SZSE,利君股份,yang2,2026-09-02,10:00,False,-0.10259067357512952,-0.10259067357512952
002652.SZSE,扬子新材,yin2,2026-05-22,10:15,False,-0.010687022900763288,-0.010687022900763288
002655.SZSE,共达电声,yin2,2025-03-25,13:45,False,-0.023929471032745675,-0.023929471032745675
002655.SZSE,共达电声,yin2,2025-03-31,10:00,True,-0.01810500905250456,-0.01810500905250456
002655.SZSE,共达电声,yang2,2026-05-21,10:15,False,-0.033590308370044064,-0.033590308370044064
002655.SZSE,共达电声,yang2,2026-05-28,15:00,False,-0.05260696750058447,-0.05260696750058447
002657.SZSE,中科金财,yang2,2024-10-28,13:15,True,0.09976247030878849,0.05581947743467941
002657.SZSE,中科金财,yin2,2024-10-31,13:45,True,-0.025051124744376208,-0.025051124744376208
002657.SZSE,中科金财,yin2,2024-11-13,14:15,True,0.09995262908574132,0.19753671245855053
002657.SZSE,中科金财,yin2,2025-08-22,10:00,False,-0.0470006184291899,-0.0470006184291899
002658.SZSE,雪迪龙,yin2,2024-12-16,09:45,True,-0.049159120310478754,-0.049159120310478754
002663.SZSE,普邦股份,yang2,2024-12-02,09:45,True,-0.008968609865470878,-0.008968609865470878
002663.SZSE,普邦股份,yang2,2024-12-06,10:45,True,-0.05284552845528456,-0.05284552845528456
002663.SZSE,普邦股份,yin2,2026-04-16,09:45,False,-0.07563025210084018,-0.07563025210084018
002664.SZSE,信质集团,yin2,2025-05-15,10:30,True,0.0418470418470418,0.0418470418470418
002664.SZSE,信质集团,yin2,2025-05-28,10:45,False,-0.040452370595911225,-0.040452370595911225
002666.SZSE,德联集团,yin2,2025-01-23,09:45,True,-0.03238866396761131,-0.03238866396761131
002674.SZSE,兴业科技,yin2,2026-08-14,09:45,False,-0.03800702650910248,-0.03800702650910248
002676.SZSE,顺威股份,yin2,2024-10-25,09:45,True,0.09966216216216206,0.06587837837837829
002679.SZSE,福建金森,yang2,2025-11-12,09:45,False,0.006697923643670389,0.006697923643670389
002679.SZSE,福建金森,yang2,2025-11-13,10:00,False,-0.03148614609571787,-0.03148614609571787
002679.SZSE,福建金森,yang2,2025-11-17,14:45,True,-0.09988179669030739,-0.09988179669030739
002681.SZSE,奋达科技,yin2,2024-12-09,09:45,True,0.10034602076124566,0.08881199538638973
002685.SZSE,华东重机,yang2,2024-08-29,10:15,True,0.016077170418006492,0.016077170418006492
002685.SZSE,华东重机,yang2,2024-10-15,09:45,True,0.03516483516483526,0.03516483516483526
002685.SZSE,华东重机,yang2,2024-10-17,10:15,False,0.07528957528957547,0.33204633204633227
002685.SZSE,华东重机,yang2,2024-10-18,13:15,True,0.10053859964093359,0.23877917414721717
002686.SZSE,亿利达,yin2,2024-09-23,09:45,True,-0.028625954198473358,-0.028625954198473358
002687.SZSE,乔治白,yang2,2026-06-29,11:15,True,0.05432595573440646,0.05432595573440646
002687.SZSE,乔治白,yang2,2026-07-10,11:15,False,-0.061433447098976135,-0.061433447098976135
002692.SZSE,远程股份,yin2,2025-01-17,09:45,True,0.09940357852882697,0.09343936381709739
002703.SZSE,浙江世宝,yang2,2026-09-01,10:00,True,-0.033991228070175294,-0.033991228070175294
002709.SZSE,天赐材料,yin2,2024-10-25,10:30,True,0.0016025641025640969,0.0016025641025640969
002709.SZSE,天赐材料,yang2,2024-11-05,13:15,True,0.024269440316988522,0.024269440316988522
002709.SZSE,天赐材料,yin2,2025-09-15,09:45,True,-0.0314526588845655,-0.0314526588845655
002709.SZSE,天赐材料,yang2,2025-09-29,09:45,True,0.015429635541367448,0.015429635541367448
002713.SZSE,东易日盛,yin2,2024-10-24,09:45,True,0.09976247030878849,0.16389548693586709
002713.SZSE,东易日盛,yin2,2024-12-05,15:00,True,0.0996376811594204,0.11050724637681175
002713.SZSE,东易日盛,yang2,2024-12-13,14:00,False,-0.10477657935285067,-0.10477657935285067
002713.SZSE,东易日盛,yang2,2024-12-19,13:45,True,-0.06745362563237767,-0.06745362563237767
002716.SZSE,湖南白银,yang2,2025-08-05,10:15,False,-0.011857707509881354,-0.011857707509881354
002718.SZSE,友邦吊顶,yang2,2024-11-05,11:00,True,-0.03343239227340278,-0.03343239227340278
002718.SZSE,友邦吊顶,yang2,2024-12-10,14:30,False,-0.03198976327575176,-0.03198976327575176
002718.SZSE,友邦吊顶,yin2,2025-02-06,09:45,False,-0.13959804454101032,-0.13959804454101032
002721.SZSE,金一文化,yin2,2026-08-26,10:00,True,-0.029220779220779147,-0.029220779220779147
002721.SZSE,金一文化,yin2,2026-09-01,10:15,True,-0.037735849056603765,-0.037735849056603765
002727.SZSE,一心堂,yin2,2025-06-12,09:45,True,-0.014084507042253502,-0.014084507042253502
002735.SZSE,王子新材,yin2,2025-04-01,11:00,True,-0.04283216783216781,-0.04283216783216781
002735.SZSE,王子新材,yin2,2026-01-07,10:00,False,0.00047415836889519447,0.00047415836889519447
002739.SZSE,儒意电影,yang2,2026-08-10,13:15,True,0.019133937562940462,0.019133937562940462
002741.SZSE,光华科技,yin2,2026-06-09,13:15,True,0.00847756976333458,0.00847756976333458
002741.SZSE,光华科技,yin2,2026-06-12,11:30,False,0.07239223428759467,0.35899967094438945
002741.SZSE,光华科技,yang2,2026-06-15,09:45,True,0.1000306842589751,0.26725989567351927
002743.SZSE,富煌钢构,yin2,2025-01-16,09:45,True,-0.03161397670549082,-0.03161397670549082
002747.SZSE,埃斯顿,yin2,2026-06-18,10:15,True,0.018904109589040985,0.018904109589040985
002747.SZSE,埃斯顿,yin2,2026-06-30,10:30,True,0.09991963568175732,0.0902759174926333
002747.SZSE,埃斯顿,yin2,2026-07-03,09:45,True,0.028143846325664468,0.028143846325664468
002757.SZSE,南兴股份,yang2,2025-02-07,13:45,False,-0.04206098843322825,-0.04206098843322825
002757.SZSE,南兴股份,yin2,2025-02-13,09:45,False,-0.03890853966649821,-0.03890853966649821
002757.SZSE,南兴股份,yang2,2025-02-17,09:45,True,0.09990439770554493,0.07074569789674934
002757.SZSE,南兴股份,yin2,2025-03-26,14:45,True,-0.054216867469879415,-0.054216867469879415
002762.SZSE,金发拉比,yang2,2025-04-10,10:15,True,-0.005208333333333259,-0.005208333333333259
002769.SZSE,普路通,yang2,2024-12-11,10:00,True,0.09978540772532196,-0.0021459227467810482
002769.SZSE,普路通,yin2,2025-01-03,11:00,False,-0.12384716732542811,-0.12384716732542811
002771.SZSE,真视通,yin2,2026-04-16,09:45,True,0.008165487207403288,0.008165487207403288
002771.SZSE,真视通,yin2,2026-06-09,10:00,True,-0.05437352245862892,-0.05437352245862892
002772.SZSE,众兴菌业,yin2,2025-09-26,13:30,True,0.029585798816567976,0.029585798816567976
002775.SZSE,文科股份,yin2,2024-12-31,09:45,True,-0.012987012987013102,-0.012987012987013102
002777.SZSE,久远银海,yang2,2024-11-05,13:15,True,-0.016010385114669012,-0.016010385114669012
002779.SZSE,中坚科技,yang2,2024-12-20,10:00,True,0.09995483968086694,0.10055697726930601
002779.SZSE,中坚科技,yang2,2025-01-08,14:30,True,0.06788657633747719,0.06788657633747719
002779.SZSE,中坚科技,yang2,2025-01-10,10:45,False,-0.11652794292508917,-0.11652794292508917
002782.SZSE,可立克,yin2,2026-05-19,11:15,True,0.10003624501631037,0.02210945994925706
002782.SZSE,可立克,yang2,2026-06-16,10:00,True,-0.039299610894941606,-0.039299610894941606
002787.SZSE,华源控股,yin2,2026-05-06,10:15,True,0.07919400187441439,0.07919400187441439
002787.SZSE,华源控股,yin2,2026-05-12,09:45,True,0.0712328767123287,0.0712328767123287
002787.SZSE,华源控股,yang2,2026-05-20,11:00,True,-0.07665010645848125,-0.07665010645848125
002787.SZSE,华源控股,yang2,2026-06-25,09:45,True,0.07020435069215547,0.07020435069215547
002792.SZSE,通宇通讯,yang2,2024-11-20,11:30,True,0.10029850746268654,0.05373134328358198
002792.SZSE,通宇通讯,yang2,2026-01-05,14:45,False,0.008303172237598577,0.008303172237598577
002792.SZSE,通宇通讯,yang2,2026-01-23,10:45,True,0.0590377611654207,0.0590377611654207
002792.SZSE,通宇通讯,yang2,2026-08-06,09:45,True,0.09997042295178926,0.008577343981070573
002792.SZSE,通宇通讯,yin2,2026-08-12,11:00,True,0.040959310158986906,0.040959310158986906
002796.SZSE,世嘉科技,yin2,2026-01-21,11:15,False,0.005211590577444136,0.005211590577444136
002796.SZSE,世嘉科技,yang2,2026-01-27,10:45,True,-0.011708672355626226,-0.011708672355626226
002802.SZSE,洪汇新材,yang2,2024-11-14,09:45,True,-0.04470938897168397,-0.04470938897168397
002805.SZSE,丰元股份,yin2,2026-06-30,09:45,True,0.011542497376705096,0.011542497376705096
002806.SZSE,华锋股份,yin2,2026-06-04,09:45,True,-0.0435203094777562,-0.0435203094777562
002806.SZSE,华锋股份,yin2,2026-06-15,09:45,True,0.09989373007438895,0.10414452709883104
002809.SZSE,红墙股份,yang2,2026-01-26,10:45,False,-0.08916323731138553,-0.08916323731138553
002809.SZSE,红墙股份,yang2,2026-01-29,14:45,False,0.03721244925575107,0.03721244925575107
002809.SZSE,红墙股份,yang2,2026-01-30,14:30,False,-0.10962396430847665,-0.10962396430847665
002810.SZSE,山东赫达,yang2,2026-01-20,10:15,True,-0.01658090337335616,-0.01658090337335616
002811.SZSE,郑中设计,yin2,2025-01-15,10:30,True,-0.06442577030812335,-0.06442577030812335
002811.SZSE,郑中设计,yang2,2025-01-20,09:45,True,-0.0450928381962864,-0.0450928381962864
002811.SZSE,郑中设计,yin2,2025-02-12,09:45,True,0.03727865796831309,0.03727865796831309
002812.SZSE,恩捷股份,yin2,2024-10-25,13:15,False,-0.0035881865857023687,-0.0035881865857023687
002821.SZSE,凯莱英,yang2,2026-04-28,09:45,True,-0.020773804927021522,-0.020773804927021522
002824.SZSE,和胜股份,yin2,2026-04-15,10:15,True,-0.028359216745442284,-0.028359216745442284
002824.SZSE,和胜股份,yin2,2026-05-07,13:15,True,-0.019112874143526914,-0.019112874143526914
002826.SZSE,易明医药,yin2,2025-08-11,13:30,True,0.008329679964927728,0.008329679964927728
002826.SZSE,易明医药,yin2,2025-08-14,13:15,False,-0.048492257538712225,-0.048492257538712225
002827.SZSE,高争民爆,yin2,2024-09-06,10:45,False,-0.04621212121212115,-0.04621212121212115
002828.SZSE,贝肯能源,yang2,2026-03-09,09:45,False,-0.15365703749231718,-0.15365703749231718
002829.SZSE,星网宇达,yin2,2024-08-27,10:15,False,-0.14326375711574957,-0.14326375711574957
002830.SZSE,名雕股份,yin2,2026-06-30,10:45,True,0.044534412955465674,0.044534412955465674
002835.SZSE,同为股份,yin2,2024-12-18,13:15,True,0.009368836291913096,0.009368836291913096
002837.SZSE,英维克,yin2,2025-08-06,10:00,False,-0.06496674057649665,-0.06496674057649665
002837.SZSE,英维克,yang2,2025-08-12,14:45,False,0.035234289865601065,0.035234289865601065
002837.SZSE,英维克,yang2,2025-08-18,13:15,True,-0.03903133903133915,-0.03903133903133915
002838.SZSE,道恩股份,yin2,2025-03-14,10:30,True,-0.004590163934426239,-0.004590163934426239
002838.SZSE,道恩股份,yin2,2025-03-19,09:45,True,0.019927536231884257,0.019927536231884257
002842.SZSE,翔鹭钨业,yin2,2026-03-27,11:00,True,0.020223362511318843,0.020223362511318843
002842.SZSE,翔鹭钨业,yin2,2026-05-13,10:00,True,-0.04434978702079673,-0.04434978702079673
002842.SZSE,翔鹭钨业,yin2,2026-06-25,10:15,True,0.014588601439408766,0.014588601439408766
002842.SZSE,翔鹭钨业,yin2,2026-07-02,10:30,True,-0.10005979669124976,-0.10005979669124976
002846.SZSE,英联股份,yin2,2025-09-09,14:00,True,0.018893387314439902,0.018893387314439902
002848.SZSE,高斯贝尔,yang2,2024-11-20,10:00,True,-0.003960396039603853,-0.003960396039603853
002848.SZSE,高斯贝尔,yin2,2024-11-29,10:15,True,0.10027598896044165,-0.0009199632014719183
002850.SZSE,科达利,yin2,2024-10-18,14:30,False,-0.010479810952429891,-0.010479810952429891
002851.SZSE,麦格米特,yin2,2024-12-26,11:15,True,-0.034965034965035,-0.034965034965035
002851.SZSE,麦格米特,yin2,2025-01-07,10:00,True,0.07519950890116656,0.07519950890116656
002851.SZSE,麦格米特,yin2,2026-07-09,14:00,True,0.013785324895043471,0.013785324895043471
002853.SZSE,皮阿诺,yin2,2025-01-23,09:45,False,0.017513134851138368,0.017513134851138368
002861.SZSE,瀛通通讯,yin2,2024-08-28,09:45,True,0.023255813953488413,0.023255813953488413
002861.SZSE,瀛通通讯,yang2,2024-09-10,09:45,True,-0.021987686895338587,-0.021987686895338587
002861.SZSE,瀛通通讯,yang2,2025-04-14,09:45,True,-0.04129129129129139,-0.04129129129129139
002865.SZSE,钧达股份,yang2,2024-10-31,10:15,True,0.006257822277847325,0.006257822277847325
002865.SZSE,钧达股份,yang2,2025-12-26,09:45,True,0.057043921997448566,0.057043921997448566
002865.SZSE,钧达股份,yin2,2026-01-06,13:30,True,0.07469380714162499,0.07469380714162499
002865.SZSE,钧达股份,yang2,2026-01-08,11:00,True,0.031081278272289348,0.031081278272289348
002865.SZSE,钧达股份,yin2,2026-01-29,10:30,False,-0.07138251819102881,-0.07138251819102881
002865.SZSE,钧达股份,yin2,2026-02-03,09:45,True,0.036926147704590795,0.036926147704590795
002865.SZSE,钧达股份,yin2,2026-02-27,09:45,True,-0.02840542285345382,-0.02840542285345382
002866.SZSE,传艺科技,yang2,2024-09-12,14:15,True,-0.03232916972814104,-0.03232916972814104
002869.SZSE,金溢科技,yin2,2024-10-29,10:30,True,0.06825938566552914,0.06825938566552914
002871.SZSE,伟隆股份,yin2,2025-08-22,13:15,True,-0.0021703743895821193,-0.0021703743895821193
002871.SZSE,伟隆股份,yin2,2025-09-03,10:00,True,-0.05927134312126159,-0.05927134312126159
002875.SZSE,安奈儿,yang2,2024-10-15,10:45,True,-0.057219251336898425,-0.057219251336898425
002875.SZSE,安奈儿,yin2,2024-10-17,10:00,False,-0.06188757091284158,-0.06188757091284158
002875.SZSE,安奈儿,yang2,2024-10-25,13:30,False,-0.0526079136690647,-0.0526079136690647
002877.SZSE,智能自控,yang2,2024-11-29,15:00,True,0.00988142292490135,0.00988142292490135
002877.SZSE,智能自控,yin2,2024-12-09,10:30,True,0.007684918347742542,0.007684918347742542
002878.SZSE,元隆雅图,yin2,2025-01-07,11:15,True,0.043222003929273,0.043222003929273
002878.SZSE,元隆雅图,yang2,2025-01-09,14:45,True,-0.09988584474885842,-0.09988584474885842
002878.SZSE,元隆雅图,yang2,2025-01-14,13:15,True,0.04451038575667665,0.04451038575667665
002878.SZSE,元隆雅图,yin2,2025-06-05,09:45,True,-0.05980603448275856,-0.05980603448275856
002878.SZSE,元隆雅图,yin2,2025-06-09,09:45,True,-0.024479166666666607,-0.024479166666666607
002878.SZSE,元隆雅图,yin2,2025-06-11,13:45,True,0.09999999999999987,0.2203883495145631
002882.SZSE,金龙羽,yin2,2025-05-23,14:45,True,0.018423307626392438,0.018423307626392438
002882.SZSE,金龙羽,yang2,2025-06-04,10:30,False,-0.07848944835246208,-0.07848944835246208
002882.SZSE,金龙羽,yang2,2026-08-24,09:45,True,-0.06649831649831661,-0.06649831649831661
002885.SZSE,京泉华,yin2,2025-10-21,10:30,False,-0.08191126279863481,-0.08191126279863481
002885.SZSE,京泉华,yin2,2025-10-31,09:45,False,-0.011865035224323361,0.2591768631813127
002896.SZSE,中大力德,yang2,2025-02-17,14:30,False,0.032244438186426416,0.032244438186426416
002896.SZSE,中大力德,yang2,2025-07-21,09:45,True,0.0007929315813319793,0.0007929315813319793
002896.SZSE,中大力德,yang2,2025-08-06,10:15,True,0.09101504556050011,0.09101504556050011
002897.SZSE,意华股份,yang2,2026-06-18,10:00,True,-0.02789256198347112,-0.02789256198347112
002899.SZSE,英派斯,yang2,2025-01-09,14:45,True,-0.059275053304904124,-0.059275053304904124
002900.SZSE,哈三联,yin2,2025-05-21,10:15,True,-0.020381328073635796,-0.020381328073635796
002900.SZSE,哈三联,yang2,2025-06-10,09:45,True,-0.06886227544910173,-0.06886227544910173
002900.SZSE,哈三联,yin2,2025-06-27,13:15,True,-0.01384083044982698,-0.01384083044982698
002900.SZSE,哈三联,yin2,2026-07-27,09:45,True,0.03508771929824572,0.03508771929824572
002900.SZSE,哈三联,yin2,2026-08-04,09:45,True,0.025000000000000133,0.025000000000000133
002900.SZSE,哈三联,yin2,2026-08-07,10:00,True,0.10014836795252213,0.08160237388724023
002900.SZSE,哈三联,yin2,2026-08-17,13:15,False,-0.07184846505551923,-0.07184846505551923
002900.SZSE,哈三联,yin2,2026-08-19,09:45,True,-0.021113243761996192,-0.021113243761996192
002902.SZSE,铭普光磁,yin2,2026-04-13,13:45,True,-0.019106217616580268,-0.019106217616580268
002902.SZSE,铭普光磁,yang2,2026-05-08,09:45,True,0.05030403537866235,0.05030403537866235
002902.SZSE,铭普光磁,yin2,2026-05-13,13:45,False,-0.04352078239608803,-0.04352078239608803
002902.SZSE,铭普光磁,yin2,2026-05-15,09:45,False,-0.0990006971880083,-0.0990006971880083
002903.SZSE,宇环数控,yin2,2026-03-13,11:15,True,-0.02223654527876251,-0.02223654527876251
002903.SZSE,宇环数控,yin2,2026-05-12,11:00,False,-0.030931949710636508,-0.030931949710636508
002903.SZSE,宇环数控,yin2,2026-06-02,13:15,True,0.018711018711018657,0.018711018711018657
002907.SZSE,华森制药,yang2,2026-08-25,10:00,True,0.029224904701397714,0.029224904701397714
002913.SZSE,奥士康,yin2,2026-03-18,10:30,True,-0.03024351924587587,-0.03024351924587587
002916.SZSE,深南电路,yang2,2024-10-18,14:45,False,-0.011836913634370894,-0.011836913634370894
002918.SZSE,蒙娜丽莎,yin2,2025-01-02,09:45,True,-0.018072289156626398,-0.018072289156626398
002918.SZSE,蒙娜丽莎,yang2,2025-01-08,10:30,True,-0.043609022556390986,-0.043609022556390986
002919.SZSE,名臣健康,yin2,2024-09-05,11:00,True,-0.016064257028112428,-0.016064257028112428
002923.SZSE,润都股份,yin2,2025-04-23,09:45,False,-0.05506607929515417,-0.05506607929515417
002925.SZSE,盈趣科技,yin2,2025-09-29,09:45,True,-0.03134040501446478,-0.03134040501446478
002926.SZSE,华西证券,yin2,2024-10-16,10:00,True,-0.06336405529953903,-0.06336405529953903
002929.SZSE,润建股份,yang2,2026-05-13,09:45,True,-0.010025062656641603,-0.010025062656641603
002929.SZSE,润建股份,yin2,2026-05-15,10:15,False,0.004184538131603688,0.004184538131603688
002929.SZSE,润建股份,yin2,2026-07-10,10:00,False,-0.08039579468150915,-0.08039579468150915
002931.SZSE,锋龙股份,yang2,2026-06-08,10:00,True,0.04771341463414647,0.04771341463414647
002931.SZSE,锋龙股份,yang2,2026-06-16,10:45,True,0.056713928273561365,0.056713928273561365
002931.SZSE,锋龙股份,yang2,2026-06-18,09:45,False,-0.102367854580244,-0.102367854580244
002938.SZSE,鹏鼎控股,yin2,2026-06-02,11:00,False,-0.0472420163631565,-0.0472420163631565
002938.SZSE,鹏鼎控股,yang2,2026-06-17,10:30,True,0.0075623897151499975,0.0075623897151499975
002940.SZSE,昂利康,yin2,2025-07-31,11:30,True,0.09999999999999987,0.13111888111888104
002940.SZSE,昂利康,yin2,2025-08-25,10:15,True,-0.04926285508809769,-0.04926285508809769
002940.SZSE,昂利康,yin2,2026-05-11,11:30,False,-0.058555997725980746,-0.058555997725980746
002940.SZSE,昂利康,yin2,2026-05-13,11:00,True,0.09991765028822397,0.18665934669228657
002940.SZSE,昂利康,yin2,2026-05-21,09:45,True,-0.09989047097480819,-0.09989047097480819
002943.SZSE,宇晶股份,yin2,2026-01-27,13:15,True,0.004545454545454408,0.004545454545454408
002943.SZSE,宇晶股份,yin2,2026-02-03,09:45,True,0.05054863765257056,0.05054863765257056
002949.SZSE,华阳国际,yin2,2024-12-20,09:45,True,-0.09985935302390991,-0.09985935302390991
002949.SZSE,华阳国际,yin2,2024-12-30,14:00,True,-0.0506126798082045,-0.0506126798082045
002949.SZSE,华阳国际,yin2,2026-08-28,10:30,True,-0.035511363636363646,-0.035511363636363646
002949.SZSE,华阳国际,yin2,2026-09-04,13:15,True,,
002951.SZSE,金时科技,yin2,2025-08-21,09:45,True,-0.02894736842105272,-0.02894736842105272
002951.SZSE,金时科技,yin2,2026-07-27,10:00,True,0.04305442729488207,0.04305442729488207
002953.SZSE,日丰股份,yang2,2025-08-26,11:00,True,0.04365345869711201,0.04365345869711201
002953.SZSE,日丰股份,yin2,2025-08-29,14:45,True,-0.04534161490683242,-0.04534161490683242
002953.SZSE,日丰股份,yin2,2026-08-25,10:30,False,-0.06493506493506496,-0.06493506493506496
002957.SZSE,科瑞技术,yin2,2026-04-17,10:00,True,0.04328910158799215,0.04328910158799215
002957.SZSE,科瑞技术,yang2,2026-05-28,11:00,True,0.0012911555842478606,0.0012911555842478606
002957.SZSE,科瑞技术,yin2,2026-06-02,09:45,True,-0.008696956065377126,-0.008696956065377126
002961.SZSE,瑞达期货,yang2,2024-09-30,14:15,False,0.09948652118100121,-0.010269576379974388
002961.SZSE,瑞达期货,yin2,2025-12-24,13:15,True,-0.007189318726463556,-0.007189318726463556
002962.SZSE,五方光电,yang2,2026-04-20,09:45,False,-0.05185961236249337,-0.05185961236249337
002965.SZSE,祥鑫科技,yang2,2026-07-06,13:15,False,-0.08382302108537854,-0.08382302108537854
002971.SZSE,和远气体,yin2,2026-05-27,10:45,True,-0.036192647477914064,-0.036192647477914064
002971.SZSE,和远气体,yang2,2026-06-04,10:15,True,0.051083177320139006,0.051083177320139006
002971.SZSE,和远气体,yang2,2026-06-09,09:45,True,0.1000229410415232,0.3025923376921311
002973.SZSE,侨银股份,yang2,2025-05-28,09:45,True,0.10037174721189612,-0.006691449814126393
002973.SZSE,侨银股份,yang2,2025-06-04,13:30,True,-0.021189336978810647,-0.021189336978810647
002975.SZSE,博杰股份,yang2,2026-04-17,13:15,True,-0.04871461438431535,-0.04871461438431535
002975.SZSE,博杰股份,yin2,2026-05-06,10:00,False,0.024542908911217243,0.024542908911217243
002975.SZSE,博杰股份,yin2,2026-05-28,13:45,True,0.0746201966041109,0.0746201966041109
002975.SZSE,博杰股份,yin2,2026-06-02,09:45,True,-0.0039036209449455628,-0.0039036209449455628
002975.SZSE,博杰股份,yin2,2026-06-15,13:15,True,0.025166654183207404,0.025166654183207404
002979.SZSE,雷赛智能,yang2,2024-11-01,14:30,True,0.09992625368731556,0.12831858407079655
002980.SZSE,华盛昌,yin2,2026-04-13,09:45,True,0.09998285028297027,0.20974103927285204
002980.SZSE,华盛昌,yin2,2026-04-17,10:30,True,0.06673960612691454,0.06673960612691454
002980.SZSE,华盛昌,yin2,2026-04-24,09:45,False,-0.031021679243023015,-0.031021679243023015
002980.SZSE,华盛昌,yin2,2026-05-07,11:30,True,0.008872901678657064,0.008872901678657064
002980.SZSE,华盛昌,yang2,2026-05-14,14:15,True,0.016900813351642396,0.016900813351642396
002980.SZSE,华盛昌,yin2,2026-06-02,11:15,True,0.09159828754905464,0.09159828754905464
002980.SZSE,华盛昌,yang2,2026-06-16,13:45,False,0.010218860637270621,0.010218860637270621
002980.SZSE,华盛昌,yin2,2026-08-27,10:00,True,-0.011366976972072451,-0.011366976972072451
002981.SZSE,朝阳科技,yin2,2024-11-15,10:15,False,-0.08695652173913049,-0.08695652173913049
002981.SZSE,朝阳科技,yin2,2024-11-19,09:45,True,0.04252029377657518,0.04252029377657518
002981.SZSE,朝阳科技,yang2,2024-11-21,11:15,False,-0.14796090326929556,-0.14796090326929556
002981.SZSE,朝阳科技,yang2,2024-12-06,14:30,False,-0.07162534435261703,-0.07162534435261703
002981.SZSE,朝阳科技,yang2,2025-06-05,11:30,True,-0.026063625910310417,-0.026063625910310417
002987.SZSE,京北方,yin2,2024-10-11,10:30,True,0.02777777777777768,0.02777777777777768
002987.SZSE,京北方,yang2,2024-10-21,14:45,True,-0.06793935991016264,-0.06793935991016264
002987.SZSE,京北方,yang2,2025-07-04,10:45,True,0.09999999999999987,0.08068669527896999
002987.SZSE,京北方,yin2,2025-07-09,10:45,False,-0.10397111913357393,-0.10397111913357393
002989.SZSE,中天精装,yang2,2024-09-24,14:15,False,0.009803921568627416,0.009803921568627416
002989.SZSE,中天精装,yin2,2024-10-10,10:15,True,-0.03317116320212299,-0.03317116320212299
002989.SZSE,中天精装,yin2,2026-05-13,10:45,False,-0.07046304285303429,-0.07046304285303429
002990.SZSE,盛视科技,yang2,2025-03-17,10:15,True,-0.05666957279860496,-0.05666957279860496
002990.SZSE,盛视科技,yin2,2026-06-18,10:00,False,-0.0033772374197905686,-0.0033772374197905686
002990.SZSE,盛视科技,yang2,2026-06-24,10:45,True,0.09999999999999987,0.1393939393939394
002990.SZSE,盛视科技,yin2,2026-06-30,11:30,False,-0.040676304827248266,-0.040676304827248266
002995.SZSE,天地在线,yin2,2026-01-29,09:45,True,0.10009563277016253,0.12049729040484536
003003.SZSE,天元股份,yin2,2025-07-16,09:45,True,-0.033798677443056535,-0.033798677443056535
003004.SZSE,声迅股份,yang2,2026-05-26,15:00,True,0.0031055900621117516,0.0031055900621117516
003004.SZSE,声迅股份,yang2,2026-06-01,10:00,True,0.09089524969549334,0.09089524969549334
003004.SZSE,声迅股份,yang2,2026-06-08,15:00,False,-0.04786923525977815,-0.04786923525977815
003005.SZSE,竞业达,yang2,2024-12-11,15:00,True,-0.03831312017640576,-0.03831312017640576
003007.SZSE,直真科技,yang2,2026-01-08,10:00,True,0.09992652461425422,0.31741366642174884
003009.SZSE,中天火箭,yin2,2026-06-12,09:45,True,0.05163312438139234,0.05163312438139234
003009.SZSE,中天火箭,yin2,2026-06-30,09:45,True,0.04019346230820542,0.04019346230820542
003010.SZSE,若羽臣,yang2,2025-06-12,14:30,True,0.026772183869338217,0.026772183869338217
003015.SZSE,日久光电,yang2,2024-09-10,14:00,True,0.018477457501847816,0.018477457501847816
003015.SZSE,日久光电,yang2,2024-09-30,14:15,True,0.09918578830495939,0.09918578830495939
003016.SZSE,欣贺股份,yang2,2024-12-12,10:15,False,-0.06161616161616179,-0.06161616161616179
003016.SZSE,欣贺股份,yang2,2025-12-24,09:45,True,0.04356243949661165,0.04356243949661165
003017.SZSE,大洋生物,yin2,2025-06-20,10:00,False,-0.08383838383838382,-0.08383838383838382
003018.SZSE,金富科技,yin2,2026-08-21,10:00,True,-0.028358902835890376,-0.028358902835890376
003018.SZSE,金富科技,yin2,2026-08-25,13:15,True,-0.041539799913005604,-0.041539799913005604
003018.SZSE,金富科技,yin2,2026-08-31,09:45,True,0.024908869987849247,0.024908869987849247
003021.SZSE,兆威机电,yin2,2024-11-22,10:30,False,0.026052378993555392,0.026052378993555392
003021.SZSE,兆威机电,yang2,2024-11-29,13:15,True,0.07449392712550629,0.07449392712550629
003021.SZSE,兆威机电,yang2,2025-01-21,14:30,True,-0.04039634146341464,-0.04039634146341464
003021.SZSE,兆威机电,yin2,2025-02-05,11:15,False,0.08286215636576322,0.08919867420549821
003021.SZSE,兆威机电,yang2,2025-02-06,10:30,True,0.005851638458768571,0.005851638458768571
003021.SZSE,兆威机电,yang2,2025-02-12,10:15,False,-0.1009837073470643,-0.1009837073470643
003026.SZSE,中晶科技,yin2,2024-10-18,14:45,False,0.012784454103809795,0.012784454103809795
003026.SZSE,中晶科技,yang2,2026-06-29,10:00,False,0.039425706472196786,0.039425706472196786
003029.SZSE,吉大正元,yin2,2025-06-23,09:45,True,0.10015290519877684,0.22935779816513757
003030.SZSE,祖名股份,yang2,2025-04-21,10:15,True,-0.07003710575139133,-0.07003710575139133
003031.SZSE,中瓷电子,yang2,2024-10-21,10:45,True,-0.008950676061702523,-0.008950676061702523
003031.SZSE,中瓷电子,yin2,2026-08-21,13:15,True,-0.05237961137707692,-0.05237961137707692
003036.SZSE,泰坦股份,yin2,2025-09-24,14:45,True,-0.030236393622869784,-0.030236393622869784
003036.SZSE,泰坦股份,yang2,2026-05-08,09:45,True,0.017418277260797144,0.017418277260797144
003036.SZSE,泰坦股份,yang2,2026-05-20,14:30,True,0.031100478468899517,0.031100478468899517
003036.SZSE,泰坦股份,yang2,2026-05-25,10:30,True,0.10003572704537333,0.1588067166845304
003036.SZSE,泰坦股份,yang2,2026-05-28,13:45,True,-0.005044843049327397,-0.005044843049327397
003037.SZSE,三和管桩,yin2,2025-07-21,09:45,True,0.10010427528675714,0.09071949947862357
003038.SZSE,鑫铂股份,yin2,2024-12-10,14:30,True,-0.008024072216649913,-0.008024072216649913
003039.SZSE,顺控发展,yin2,2026-01-20,09:45,True,-0.048051254671649835,-0.048051254671649835
003040.SZSE,楚天龙,yin2,2024-11-26,09:45,False,-0.10468140442132645,-0.10468140442132645
003040.SZSE,楚天龙,yin2,2025-08-08,14:15,True,0.016787485692483672,0.016787485692483672
003041.SZSE,真爱美家,yin2,2024-12-04,10:15,True,0.10011686793922858,0.012465913517724747
003041.SZSE,真爱美家,yang2,2024-12-16,09:45,False,-0.03518317011244099,-0.03518317011244099
003041.SZSE,真爱美家,yang2,2024-12-20,14:15,False,-0.14719553765106919,-0.14719553765106919
003041.SZSE,真爱美家,yang2,2026-01-23,11:15,True,-0.055485298766993374,-0.055485298766993374
003041.SZSE,真爱美家,yang2,2026-02-06,09:45,False,-0.023197096417863272,-0.023197096417863272
003041.SZSE,真爱美家,yin2,2026-06-01,10:45,True,-0.034506796793307815,-0.034506796793307815
003042.SZSE,中农联合,yin2,2026-04-07,10:45,True,-0.016429353778751432,-0.016429353778751432
003043.SZSE,华亚智能,yang2,2026-07-22,10:30,False,-0.07673758865248226,-0.07673758865248226
003043.SZSE,华亚智能,yin2,2026-07-24,13:15,False,-0.014106145251396529,-0.014106145251396529
600021.SSE,上海电力,yin2,2025-08-27,09:45,False,-0.014065639651707929,-0.014065639651707929
600021.SSE,上海电力,yang2,2025-09-01,10:00,True,0.09976247030878849,0.14251781472684066
600021.SSE,上海电力,yang2,2025-09-15,13:15,False,-0.13718263718263723,-0.13718263718263723
600026.SSE,中远海能,yin2,2026-03-18,10:00,False,-0.07086922474549717,-0.07086922474549717
600052.SSE,东望时代,yin2,2026-04-30,09:45,True,0.015765765765765716,0.015765765765765716
600072.SSE,中船科技,yang2,2024-10-08,09:45,False,-0.14357366771159874,-0.14357366771159874
600076.SSE,康欣新材,yin2,2026-07-07,10:00,False,-0.13661202185792354,-0.13661202185792354
600076.SSE,康欣新材,yang2,2026-07-28,09:45,True,-0.040000000000000036,-0.040000000000000036
600078.SSE,澄星股份,yin2,2026-06-03,11:15,True,0.0695718654434252,0.0695718654434252
600081.SSE,东风科技,yin2,2025-02-13,13:45,True,-0.019327129563350143,-0.019327129563350143
600095.SSE,湘财股份,yang2,2025-07-04,13:30,False,-0.028677150786309058,-0.028677150786309058
600095.SSE,湘财股份,yang2,2025-07-09,14:00,False,-0.0836685438455349,-0.0836685438455349
600095.SSE,湘财股份,yin2,2026-09-04,10:15,False,,
600104.SSE,上汽集团,yang2,2024-12-02,13:45,False,-0.02119958634953467,-0.02119958634953467
600105.SSE,永鼎股份,yin2,2025-10-13,14:00,True,-0.07427869858809077,-0.07427869858809077
600105.SSE,永鼎股份,yang2,2025-10-28,10:00,False,-0.029661016949152463,-0.029661016949152463
600105.SSE,永鼎股份,yin2,2025-12-05,10:30,True,0.05957943925233633,0.05957943925233633
600105.SSE,永鼎股份,yang2,2025-12-11,09:45,True,0.03992395437262353,0.03992395437262353
600105.SSE,永鼎股份,yin2,2025-12-17,14:15,False,-0.034615384615384714,-0.034615384615384714
600110.SSE,诺德股份,yang2,2024-11-25,10:00,False,-0.10114503816793896,-0.10114503816793896
600110.SSE,诺德股份,yang2,2026-06-12,10:30,False,0.058779761904762085,0.30729166666666674
600111.SSE,北方稀土,yang2,2025-07-18,10:30,False,0.06212121212121202,0.06212121212121202
600111.SSE,北方稀土,yang2,2025-07-24,14:15,False,-0.006235385814497341,-0.006235385814497341
600113.SSE,浙江东日,yang2,2025-06-20,15:00,True,0.10004833252779122,0.2228129531174481
600120.SSE,浙江东方,yin2,2024-12-02,10:00,False,-0.07679180887372017,-0.07679180887372017
600120.SSE,浙江东方,yin2,2024-12-11,09:45,False,-0.01067615658362997,-0.01067615658362997
600121.SSE,郑州煤电,yin2,2026-03-20,10:00,False,0.020676691729323293,0.020676691729323293
600121.SSE,郑州煤电,yin2,2026-09-03,10:15,False,-0.12178387650085765,-0.12178387650085765
600151.SSE,航天机电,yin2,2026-01-12,10:00,True,-0.10004387889425181,-0.10004387889425181
600152.SSE,维科技术,yin2,2025-07-07,09:45,True,-0.03434065934065933,-0.03434065934065933
600152.SSE,维科技术,yin2,2025-07-16,09:45,False,-0.07112970711297073,-0.07112970711297073
600152.SSE,维科技术,yang2,2026-04-17,13:15,True,0.0021582733812948174,0.0021582733812948174
600152.SSE,维科技术,yin2,2026-04-24,09:45,True,0.10030864197530853,0.11882716049382713
600156.SSE,华升股份,yin2,2024-09-04,09:45,True,0.013513513513513375,0.013513513513513375
600156.SSE,华升股份,yin2,2024-09-09,10:30,True,-0.0052631578947368585,-0.0052631578947368585
600156.SSE,华升股份,yin2,2025-08-28,09:45,True,0.04184100418410042,0.04184100418410042
600157.SSE,永泰能源,yin2,2024-11-18,09:45,True,-0.01754385964912286,-0.01754385964912286
600162.SSE,香江控股,yang2,2026-07-15,10:00,True,0.09881422924901195,0.0869565217391306
600162.SSE,香江控股,yin2,2026-08-25,13:15,False,-0.008948545861297563,-0.008948545861297563
600162.SSE,香江控股,yang2,2026-08-27,10:15,True,0.10061601642710483,0.02053388090349073
600165.SSE,宁科生物,yin2,2026-08-20,10:30,False,-0.014880952380952328,-0.014880952380952328
600171.SSE,上海贝岭,yin2,2024-10-18,10:00,True,0.09993510707332898,0.14892926670992845
600172.SSE,黄河旋风,yin2,2024-10-30,10:45,True,0.09895833333333326,-0.01041666666666663
600172.SSE,黄河旋风,yin2,2024-11-27,10:30,True,0.03508771929824572,0.03508771929824572
600172.SSE,黄河旋风,yang2,2026-06-25,14:45,False,-0.11483253588516751,-0.11483253588516751
600172.SSE,黄河旋风,yin2,2026-07-06,10:00,True,-0.010242587601078212,-0.010242587601078212
600178.SSE,东安动力,yin2,2026-06-22,10:15,True,-0.038076152304609256,-0.038076152304609256
600186.SSE,莲花控股,yang2,2025-01-20,10:15,True,0.0,0.0
600186.SSE,莲花控股,yin2,2025-02-05,10:00,False,0.07052441229656403,0.22603978300180838
600186.SSE,莲花控股,yang2,2025-02-06,10:30,True,0.09966216216216206,0.1452702702702704
600186.SSE,莲花控股,yin2,2025-03-05,10:00,False,-0.028225806451612878,-0.028225806451612878
600186.SSE,莲花控股,yang2,2026-06-09,14:00,True,0.006932409012131657,0.006932409012131657
600186.SSE,莲花控股,yang2,2026-06-16,13:15,True,0.0997749437359341,0.07126781695423845
600186.SSE,莲花控股,yang2,2026-06-25,09:45,True,-0.08333333333333326,-0.08333333333333326
600191.SSE,华资实业,yin2,2025-01-23,09:45,False,-0.07028360049321813,-0.07028360049321813
600191.SSE,华资实业,yin2,2025-01-27,09:45,True,-0.026537997587454676,-0.026537997587454676
600191.SSE,华资实业,yang2,2025-02-07,14:15,False,-0.05633802816901401,-0.05633802816901401
600192.SSE,长城电工,yang2,2025-12-30,10:00,True,-0.0361216730038022,-0.0361216730038022
600192.SSE,长城电工,yang2,2026-01-13,14:00,False,-0.0823327615780447,-0.0823327615780447
600192.SSE,长城电工,yin2,2026-07-10,13:30,True,-0.06906906906906907,-0.06906906906906907
600203.SSE,福日电子,yin2,2024-10-14,10:15,True,0.09974747474747492,0.2992424242424241
600212.SSE,绿能慧充,yang2,2024-11-01,09:45,False,-0.0046136101499422155,-0.0046136101499422155
600212.SSE,绿能慧充,yang2,2025-06-24,14:15,True,-0.0036363636363635488,-0.0036363636363635488
600215.SSE,派斯林,yin2,2026-01-29,10:00,True,-0.023869346733668362,-0.023869346733668362
600227.SSE,赤天化,yang2,2026-08-10,10:00,True,-0.024523160762942697,-0.024523160762942697
600228.SSE,返利科技,yang2,2024-12-06,10:00,True,-0.0113924050632912,-0.0113924050632912
600228.SSE,返利科技,yin2,2024-12-12,13:45,False,-0.0458190148911799,-0.0458190148911799
600228.SSE,返利科技,yin2,2026-08-04,10:15,True,-0.012771392081736832,-0.012771392081736832
600230.SSE,沧州大化,yang2,2026-02-25,10:45,True,-0.04212765957446807,-0.04212765957446807
600234.SSE,科新发展,yang2,2026-05-08,11:15,True,0.0999650471862985,0.046137714085983994
600234.SSE,科新发展,yin2,2026-05-22,10:15,True,0.10007698229407236,0.13394919168591235
600236.SSE,桂冠电力,yin2,2026-07-22,15:00,False,-0.08239095315024247,-0.08239095315024247
600236.SSE,桂冠电力,yin2,2026-07-29,10:15,True,-0.020146520146520186,-0.020146520146520186
600241.SSE,时代万恒,yang2,2024-09-30,13:45,False,0.012820512820512997,0.012820512820512997
600246.SSE,万通发展,yin2,2025-12-01,11:30,False,-0.02885292047853627,-0.02885292047853627
600246.SSE,万通发展,yin2,2025-12-08,09:45,False,-0.046230440967283126,-0.046230440967283126
600246.SSE,万通发展,yin2,2026-07-16,09:45,False,-0.11375126390293222,-0.11375126390293222
600249.SSE,两面针,yin2,2024-11-28,09:45,True,0.018151815181518316,0.018151815181518316
600250.SSE,南京商旅,yang2,2024-12-12,15:00,True,-0.02833333333333332,-0.02833333333333332
600250.SSE,南京商旅,yin2,2025-06-26,14:15,True,0.04599659284497437,0.04599659284497437
600250.SSE,南京商旅,yin2,2025-07-02,10:15,True,0.025680933852139987,0.025680933852139987
600250.SSE,南京商旅,yin2,2025-07-10,11:15,True,0.04312865497076013,0.04312865497076013
600250.SSE,南京商旅,yin2,2025-12-11,11:30,True,-0.04287901990811638,-0.04287901990811638
600252.SSE,中恒集团,yin2,2024-11-05,14:15,True,-0.013333333333333308,-0.013333333333333308
600259.SSE,中稀有色,yang2,2025-06-16,10:15,True,-0.0658194851743239,-0.0658194851743239
600268.SSE,国电南自,yin2,2025-08-08,14:30,True,0.012807881773398977,0.012807881773398977
600271.SSE,航天信息,yang2,2025-12-30,09:45,True,0.008628127696289845,0.008628127696289845
600271.SSE,航天信息,yin2,2026-01-08,11:15,True,0.023885350318471277,0.023885350318471277
600279.SSE,重庆港,yin2,2024-11-14,10:00,True,0.04659498207885293,0.04659498207885293
600279.SSE,重庆港,yang2,2024-11-20,10:15,True,-0.01686340640809436,-0.01686340640809436
600280.SSE,中央商场,yang2,2024-11-29,15:00,True,0.011111111111111072,0.011111111111111072
600280.SSE,中央商场,yang2,2025-12-09,10:45,True,0.100985221674877,0.08866995073891637
600280.SSE,中央商场,yin2,2025-12-18,09:45,True,0.08974358974358965,0.08974358974358965
600281.SSE,华阳新材,yin2,2025-05-12,09:45,True,-0.029535864978903037,-0.029535864978903037
600281.SSE,华阳新材,yin2,2025-05-16,10:15,True,0.10099009900990086,0.16831683168316847
600288.SSE,大恒科技,yin2,2025-08-06,10:45,True,0.03016591251885381,0.03016591251885381
600292.SSE,电投水电,yin2,2024-12-18,09:45,False,-0.08376623376623382,-0.08376623376623382
600293.SSE,三峡新材,yin2,2026-06-15,09:45,True,0.010666666666666602,0.010666666666666602
600303.SSE,曙光股份,yin2,2026-06-05,13:15,True,-0.014409221902017322,-0.014409221902017322
600308.SSE,华泰股份,yin2,2025-04-24,10:15,False,-0.143867924528302,-0.143867924528302
600310.SSE,广西能源,yang2,2026-04-23,13:45,True,-0.03598484848484851,-0.03598484848484851
600313.SSE,农发种业,yin2,2026-09-01,09:45,True,-0.09746835443037982,-0.09746835443037982
600318.SSE,新力金融,yang2,2024-10-17,09:45,False,0.055625790139064435,0.07079646017699126
600318.SSE,新力金融,yin2,2024-10-18,10:15,True,0.014371257485030098,0.014371257485030098
600318.SSE,新力金融,yin2,2024-10-31,13:15,False,0.011248593925759165,0.011248593925759165
600318.SSE,新力金融,yang2,2024-11-04,09:45,True,0.10010111223458029,0.1213346814964611
600318.SSE,新力金融,yin2,2024-11-07,11:00,True,-0.09999999999999987,-0.09999999999999987
600318.SSE,新力金融,yang2,2024-11-29,13:15,False,-0.02818270165208936,-0.02818270165208936
600318.SSE,新力金融,yang2,2024-12-03,14:15,False,-0.09636363636363643,-0.09636363636363643
600319.SSE,亚星化学,yang2,2025-11-28,10:15,True,0.0010256410256410664,0.0010256410256410664
600330.SSE,天通股份,yin2,2025-12-19,11:00,True,0.016949152542372836,0.016949152542372836
600330.SSE,天通股份,yin2,2025-12-24,10:45,True,-0.04141104294478526,-0.04141104294478526
600330.SSE,天通股份,yin2,2025-12-26,11:00,True,-0.04218181818181821,-0.04218181818181821
600330.SSE,天通股份,yin2,2026-01-07,14:15,False,0.0208633093525179,0.0208633093525179
600330.SSE,天通股份,yin2,2026-02-09,10:45,True,0.007624633431084993,0.007624633431084993
600330.SSE,天通股份,yin2,2026-03-10,10:15,True,0.060975609756097615,0.060975609756097615
600330.SSE,天通股份,yang2,2026-03-12,09:45,False,-0.08308457711442796,-0.08308457711442796
600330.SSE,天通股份,yang2,2026-05-11,10:30,True,0.018079800498753018,0.018079800498753018
600333.SSE,长春燃气,yin2,2024-11-22,09:45,True,0.09967845659163999,0.07073954983922826
600338.SSE,西藏珠峰,yang2,2026-04-29,13:30,True,-0.0010865628395508864,-0.0010865628395508864
600343.SSE,航天动力,yang2,2025-12-11,11:30,True,0.10008225939128046,0.04469426926240749
600345.SSE,长江通信,yin2,2024-11-13,09:45,True,-0.03552470396080021,-0.03552470396080021
600345.SSE,长江通信,yin2,2025-12-31,09:45,True,0.035776110790536775,0.035776110790536775
600345.SSE,长江通信,yang2,2026-01-09,14:00,False,0.02917381711203726,0.02917381711203726
600345.SSE,长江通信,yang2,2026-05-08,14:00,True,0.009051348999129516,0.009051348999129516
600353.SSE,旭光电子,yang2,2025-07-01,09:45,True,-0.0743012951601909,-0.0743012951601909
600358.SSE,国旅联合,yin2,2024-08-26,10:00,True,-0.06101694915254241,-0.06101694915254241
600358.SSE,国旅联合,yang2,2024-09-06,10:00,False,0.052795031055900665,0.009316770186335255
600362.SSE,江西铜业,yin2,2025-10-29,14:45,False,0.005567153792623625,0.005567153792623625
600363.SSE,联创光电,yang2,2026-07-10,13:15,False,-0.146273637374861,-0.146273637374861
600366.SSE,宁波韵升,yang2,2025-06-30,14:15,True,0.035911602209944826,0.035911602209944826
600366.SSE,宁波韵升,yin2,2025-08-13,14:00,True,0.03875476493011454,0.03875476493011454
600367.SSE,红星发展,yang2,2026-03-16,11:30,False,0.04985337243401755,0.04985337243401755
600376.SSE,首开股份,yin2,2025-03-03,09:45,True,-0.02422145328719738,-0.02422145328719738
600378.SSE,昊华科技,yin2,2026-06-29,13:45,True,0.09995622355172906,0.18196410331241797
600379.SSE,宝光股份,yin2,2026-06-30,14:30,True,0.020570670205706687,0.020570670205706687
600382.SSE,广东明珠,yin2,2025-10-17,09:45,True,0.006693440428380271,0.006693440428380271
600390.SSE,五矿资本,yin2,2024-11-18,09:45,False,-0.05630354957160344,-0.05630354957160344
600391.SSE,航发科技,yang2,2026-02-05,10:00,False,-0.08609157948893853,-0.08609157948893853
600396.SSE,华电辽能,yin2,2025-05-06,14:00,True,0.026315789473684292,0.026315789473684292
600397.SSE,江钨装备,yin2,2026-03-06,11:00,True,0.024012006003001574,0.024012006003001574
600400.SSE,红豆股份,yang2,2025-09-02,09:45,True,0.03007518796992481,0.03007518796992481
600403.SSE,大有能源,yin2,2025-03-25,10:30,True,0.07304785894206534,0.07304785894206534
600403.SSE,大有能源,yang2,2025-12-03,10:45,True,-0.09673913043478244,-0.09673913043478244
600403.SSE,大有能源,yin2,2026-07-22,10:45,True,0.04210526315789487,0.04210526315789487
600403.SSE,大有能源,yang2,2026-07-30,10:15,False,-0.1016129032258064,-0.1016129032258064
600403.SSE,大有能源,yang2,2026-08-06,11:30,True,0.007800312012480548,0.007800312012480548
600403.SSE,大有能源,yang2,2026-08-11,09:45,False,-0.0870748299319728,-0.0870748299319728
600405.SSE,动力源,yin2,2025-02-12,10:15,True,0.0053956834532373765,0.0053956834532373765
600410.SSE,华胜天成,yin2,2024-10-23,10:00,False,-0.08907563025210086,-0.08907563025210086
600410.SSE,华胜天成,yin2,2025-05-14,09:45,True,-0.03558052434456915,-0.03558052434456915
600410.SSE,华胜天成,yang2,2025-08-18,09:45,True,0.10009671179883939,0.019825918762089056
600410.SSE,华胜天成,yin2,2025-09-16,11:00,True,0.03579730357973032,0.03579730357973032
600410.SSE,华胜天成,yang2,2025-09-18,13:15,False,-0.09220726234190135,-0.09220726234190135
600410.SSE,华胜天成,yin2,2026-02-03,09:45,True,0.0,0.0
600418.SSE,江淮汽车,yang2,2024-10-18,10:30,True,-0.0026865671641792543,-0.0026865671641792543
600418.SSE,江淮汽车,yang2,2024-10-31,11:30,True,-0.08180708180708185,-0.08180708180708185
600425.SSE,青松建化,yin2,2025-08-22,13:15,True,0.03797468354430378,0.03797468354430378
600435.SSE,北方导航,yin2,2025-06-30,10:30,True,-0.03784477228992944,-0.03784477228992944
600435.SSE,北方导航,yin2,2025-07-24,14:15,False,-0.04182041820418214,-0.04182041820418214
600463.SSE,空港股份,yang2,2024-10-21,10:15,True,0.031709203402938924,0.031709203402938924
600467.SSE,好当家,yang2,2024-12-06,14:15,False,-0.04529616724738672,-0.04529616724738672
600470.SSE,六国化工,yin2,2026-03-06,10:00,True,0.033452807646356275,0.033452807646356275
600470.SSE,六国化工,yin2,2026-07-01,09:45,True,0.0031347962382446415,0.0031347962382446415
600470.SSE,六国化工,yin2,2026-07-06,10:00,True,0.03139013452914807,0.03139013452914807
600481.SSE,双良节能,yang2,2026-02-09,09:45,False,-0.10207612456747406,-0.10207612456747406
600481.SSE,双良节能,yin2,2026-02-12,13:30,True,-0.099906629318394,-0.099906629318394
600481.SSE,双良节能,yin2,2026-02-27,10:15,False,-0.1191222570532916,-0.1191222570532916
600488.SSE,津药药业,yang2,2026-05-29,10:45,True,0.02166064981949467,0.02166064981949467
600488.SSE,津药药业,yin2,2026-06-08,09:45,True,-0.04569420035149396,-0.04569420035149396
600490.SSE,鹏欣资源,yang2,2024-09-27,11:30,True,0.0897009966777409,0.0897009966777409
600490.SSE,鹏欣资源,yin2,2025-01-16,11:00,True,0.0,0.0
600498.SSE,烽火通信,yin2,2026-01-14,11:00,False,-0.11651282051282053,-0.11651282051282053
600498.SSE,烽火通信,yang2,2026-01-23,10:30,True,-0.039454806312768986,-0.039454806312768986
600503.SSE,华丽家族,yang2,2025-09-09,09:45,True,-0.010638297872340274,-0.010638297872340274
600503.SSE,华丽家族,yin2,2025-09-16,09:45,False,-0.052631578947368474,-0.052631578947368474
600503.SSE,华丽家族,yin2,2026-06-01,10:00,True,-0.023972602739726012,-0.023972602739726012
600505.SSE,西昌电力,yin2,2025-05-20,14:15,True,0.031193761247750418,0.031193761247750418
600506.SSE,统一股份,yang2,2024-12-11,14:30,True,0.09990157480314976,0.06299212598425208
600506.SSE,统一股份,yang2,2024-12-27,09:45,True,-0.02515090543259557,-0.02515090543259557
600509.SSE,天富能源,yin2,2024-10-31,11:00,False,-0.11576354679802947,-0.11576354679802947
600513.SSE,联环药业,yin2,2025-07-10,10:00,True,0.0998531571218797,0.08883994126284889
600513.SSE,联环药业,yin2,2026-07-30,10:00,True,0.03341288782816232,0.03341288782816232
600516.SSE,方大炭素,yin2,2025-11-11,10:00,True,-0.050595238095238027,-0.050595238095238027
600516.SSE,方大炭素,yin2,2025-11-25,13:45,True,-0.015360983102918557,-0.015360983102918557
600520.SSE,三佳科技,yin2,2026-06-15,13:15,True,0.022312373225152227,0.022312373225152227
600527.SSE,江南高纤,yin2,2024-11-26,09:45,True,-0.02752293577981657,-0.02752293577981657
600527.SSE,江南高纤,yin2,2024-11-28,09:45,True,-0.012875536480686844,-0.012875536480686844
600527.SSE,江南高纤,yin2,2026-04-13,13:15,True,-0.02135231316725983,-0.02135231316725983
600536.SSE,中国软件,yin2,2024-11-01,09:45,False,-0.08151848151848151,-0.08151848151848151
600536.SSE,中国软件,yin2,2024-11-05,13:45,True,0.07375914573858022,0.07375914573858022
600538.SSE,国发股份,yang2,2024-10-31,10:00,False,-0.04040404040404044,-0.04040404040404044
600539.SSE,狮头股份,yin2,2026-03-27,10:00,True,0.09992962702322306,0.032371569317382054
600539.SSE,狮头股份,yin2,2026-04-14,13:15,True,0.0006269592476491059,0.0006269592476491059
600539.SSE,狮头股份,yin2,2026-06-01,13:15,True,-0.048689138576779034,-0.048689138576779034
600539.SSE,狮头股份,yin2,2026-06-08,10:45,True,0.020779220779220786,0.020779220779220786
600539.SSE,狮头股份,yin2,2026-06-12,10:30,True,-0.00244798041615657,-0.00244798041615657
600545.SSE,卓郎智能,yang2,2026-02-25,09:45,True,0.00887573964497057,0.00887573964497057
600545.SSE,卓郎智能,yin2,2026-03-04,09:45,True,0.0991253644314869,0.13411078717201175
600545.SSE,卓郎智能,yang2,2026-04-10,09:45,False,-0.016091954022988353,-0.016091954022988353
600545.SSE,卓郎智能,yang2,2026-05-26,10:15,False,0.005464480874316946,0.005464480874316946
600545.SSE,卓郎智能,yang2,2026-05-29,09:45,False,-0.11350059737156504,-0.11350059737156504
600545.SSE,卓郎智能,yin2,2026-06-18,11:30,True,0.012413793103448256,0.012413793103448256
600545.SSE,卓郎智能,yang2,2026-06-26,09:45,True,0.05492957746478888,0.05492957746478888
600545.SSE,卓郎智能,yin2,2026-06-30,10:45,False,-0.12014563106796117,-0.12014563106796117
600549.SSE,厦门钨业,yang2,2026-06-22,13:15,True,-0.09597883597883594,-0.09597883597883594
600550.SSE,保变电气,yin2,2025-05-26,09:45,True,0.0328738069989396,0.0328738069989396
600550.SSE,保变电气,yin2,2025-11-12,10:30,False,-0.0008058017727639033,-0.0008058017727639033
600551.SSE,时代出版,yin2,2025-06-05,14:00,True,-0.06080347448425627,-0.06080347448425627
600552.SSE,凯盛科技,yang2,2024-09-03,10:15,True,-0.07845579078455778,-0.07845579078455778
600552.SSE,凯盛科技,yang2,2024-09-30,13:15,True,0.06205250596658707,0.06205250596658707
600556.SSE,天下秀,yang2,2025-01-14,09:45,True,0.09923664122137388,0.27862595419847325
600556.SSE,天下秀,yin2,2026-01-14,10:15,True,-0.09967845659163987,-0.09967845659163987
600563.SSE,法拉电子,yin2,2026-05-22,13:45,True,-0.010160734787600378,-0.010160734787600378
600563.SSE,法拉电子,yin2,2026-06-15,10:30,True,0.06986649713922422,0.06986649713922422
600571.SSE,信雅达,yin2,2024-10-23,09:45,True,-0.047655068078668705,-0.047655068078668705
600571.SSE,信雅达,yang2,2024-12-19,14:00,True,-0.016014234875444844,-0.016014234875444844
600571.SSE,信雅达,yin2,2025-07-09,10:45,True,-0.004134129536058739,-0.004134129536058739
600576.SSE,祥源文旅,yin2,2024-08-28,09:45,True,-0.013215859030836885,-0.013215859030836885
600579.SSE,中化装备,yin2,2025-02-10,10:15,True,0.015135135135135203,0.015135135135135203
600580.SSE,卧龙电驱,yang2,2025-09-12,10:30,True,0.0013001083423618276,0.0013001083423618276
600584.SSE,长电科技,yin2,2024-10-18,14:30,False,-0.01842751842751844,-0.01842751842751844
600584.SSE,长电科技,yin2,2026-06-03,11:00,False,-0.03390034986126189,-0.03390034986126189
600584.SSE,长电科技,yang2,2026-06-22,14:45,True,-0.057374356728347675,-0.057374356728347675
600584.SSE,长电科技,yin2,2026-06-24,10:00,True,0.10000000000000009,0.06536430834213292
600584.SSE,长电科技,yin2,2026-07-09,13:15,True,-0.023280525502318405,-0.023280525502318405
600588.SSE,用友网络,yang2,2024-11-05,11:30,False,-0.023121387283236983,-0.023121387283236983
600589.SSE,大位科技,yin2,2025-03-28,09:45,True,0.09985734664764623,0.029957203994293913
600589.SSE,大位科技,yin2,2025-04-28,09:45,True,0.05714285714285716,0.05714285714285716
600592.SSE,龙溪股份,yin2,2025-03-04,10:00,True,0.10025220680958391,0.2673392181588905
600593.SSE,大连圣亚,yang2,2024-11-25,10:00,True,0.09996743731683488,0.13936828394659728
600593.SSE,大连圣亚,yang2,2024-12-05,14:45,True,0.06395348837209314,0.06395348837209314
600593.SSE,大连圣亚,yang2,2024-12-12,10:45,True,0.09993538660348911,0.08895110919664018
600594.SSE,益佰制药,yin2,2026-04-09,09:45,True,-0.04940711462450598,-0.04940711462450598
600594.SSE,益佰制药,yin2,2026-04-15,13:30,True,-0.01680672268907568,-0.01680672268907568
600594.SSE,益佰制药,yang2,2026-04-21,09:45,False,-0.05753968253968256,-0.05753968253968256
600601.SSE,方正科技,yang2,2024-12-26,10:00,True,0.018750000000000044,0.018750000000000044
600601.SSE,方正科技,yin2,2025-01-16,09:45,True,0.03512014787430684,0.03512014787430684
600601.SSE,方正科技,yin2,2025-08-22,10:00,True,0.019011406844106293,0.019011406844106293
600601.SSE,方正科技,yin2,2025-09-05,14:15,True,-0.03734439834024905,-0.03734439834024905
600601.SSE,方正科技,yin2,2025-09-10,14:15,False,0.09023354564755826,0.26645435244161364
600601.SSE,方正科技,yang2,2025-09-11,09:45,True,0.1002921129503409,0.1616358325219085
600601.SSE,方正科技,yang2,2025-09-30,14:30,False,-0.042720139494333065,-0.042720139494333065
600601.SSE,方正科技,yang2,2026-09-04,09:45,False,,
600602.SSE,云赛智联,yin2,2024-10-23,11:00,False,-0.12332751599767311,-0.12332751599767311
600604.SSE,市北高新,yin2,2024-11-13,09:45,False,-0.11545293072824148,-0.11545293072824148
600609.SSE,金杯汽车,yang2,2024-11-06,15:00,True,0.07587253414264028,0.07587253414264028
600609.SSE,金杯汽车,yang2,2024-11-08,09:45,False,0.029487179487179382,-0.02051282051282055
600609.SSE,金杯汽车,yin2,2024-11-11,10:15,True,-0.04856787048567868,-0.04856787048567868
600609.SSE,金杯汽车,yin2,2024-11-14,09:45,False,-0.1367924528301887,-0.1367924528301887
600609.SSE,金杯汽车,yin2,2024-11-19,11:15,True,0.0,0.0
600610.SSE,中毅达,yang2,2025-03-24,10:15,True,0.10045662100456632,0.19748858447488593
600610.SSE,中毅达,yin2,2025-04-28,10:30,True,0.0786290322580645,0.0786290322580645
600610.SSE,中毅达,yang2,2025-05-06,11:15,False,0.08270042194092841,0.11054852320675113
600610.SSE,中毅达,yang2,2025-05-07,14:00,True,0.025720966484801266,0.025720966484801266
600610.SSE,中毅达,yin2,2025-06-16,15:00,True,-0.022556390977443663,-0.022556390977443663
600611.SSE,大众交通,yin2,2024-08-21,14:45,False,-0.012833168805528206,-0.012833168805528206
600611.SSE,大众交通,yang2,2024-09-30,13:15,True,0.09961685823754785,0.14814814814814814
600613.SSE,神奇制药,yang2,2024-10-25,09:45,True,0.09959623149394359,0.12786002691790066
600615.SSE,鑫源智造,yang2,2024-11-12,09:45,False,-0.046801872074882955,-0.046801872074882955
600617.SSE,国新能源,yin2,2025-10-17,10:15,True,0.10000000000000009,0.15999999999999992
600617.SSE,国新能源,yang2,2025-11-14,10:00,True,0.0314009661835748,0.0314009661835748
600618.SSE,氯碱化工,yang2,2025-01-10,14:30,False,-0.06300484652665594,-0.06300484652665594
600619.SSE,海立股份,yin2,2025-03-10,10:15,True,0.032467532467532534,0.032467532467532534
600619.SSE,海立股份,yang2,2025-03-27,10:15,True,-0.008810572687224627,-0.008810572687224627
600629.SSE,华建集团,yang2,2026-07-28,10:00,True,-0.056589724497393856,-0.056589724497393856
600629.SSE,华建集团,yin2,2026-07-30,10:30,True,0.049497847919655724,0.049497847919655724
600635.SSE,大众公用,yin2,2025-10-20,09:45,True,0.03352769679300294,0.03352769679300294
600635.SSE,大众公用,yang2,2025-10-31,10:30,True,-0.021419009370816644,-0.021419009370816644
600641.SSE,先导基电,yin2,2024-11-04,10:45,False,0.03427172582619331,0.03427172582619331
600641.SSE,先导基电,yin2,2026-08-27,11:15,True,0.0235294117647058,0.0235294117647058
600644.SSE,乐山电力,yang2,2025-05-27,13:30,True,-0.035756853396901156,-0.035756853396901156
600644.SSE,乐山电力,yang2,2025-06-10,10:30,True,-0.06560283687943269,-0.06560283687943269
600644.SSE,乐山电力,yin2,2026-07-22,15:00,True,-0.016037735849056545,-0.016037735849056545
600644.SSE,乐山电力,yin2,2026-07-29,10:30,False,-0.09000000000000008,-0.09000000000000008
600644.SSE,乐山电力,yang2,2026-08-03,14:15,True,0.013605442176870763,0.013605442176870763
600650.SSE,锦江在线,yang2,2024-09-30,13:15,True,0.09976433621366843,0.13982717989002347
600653.SSE,申华控股,yang2,2024-12-02,11:15,True,0.025210084033613578,0.025210084033613578
600653.SSE,申华控股,yang2,2024-12-06,10:15,True,0.011111111111111072,0.011111111111111072
600658.SSE,电子城,yang2,2025-09-17,13:15,True,-0.04963503649635037,-0.04963503649635037
600665.SSE,天地源,yin2,2026-07-10,11:15,False,-0.11515151515151512,-0.11515151515151512
600666.SSE,奥瑞德,yang2,2024-11-20,10:30,True,-0.007042253521126751,-0.007042253521126751
600666.SSE,奥瑞德,yin2,2024-12-05,13:15,True,0.034965034965035,0.034965034965035
600666.SSE,奥瑞德,yin2,2026-03-27,10:00,True,0.026315789473684292,0.026315789473684292
600666.SSE,奥瑞德,yin2,2026-04-01,09:45,True,-0.015948963317384268,-0.015948963317384268
600666.SSE,奥瑞德,yin2,2026-04-16,10:30,True,0.0350364963503651,0.0350364963503651
600667.SSE,太极实业,yang2,2026-07-01,10:00,True,-0.09999999999999998,-0.09999999999999998
600676.SSE,久事动娱,yang2,2025-06-24,09:45,False,-0.06187624750498999,-0.06187624750498999
600681.SSE,百川能源,yin2,2025-11-03,09:45,True,0.03879310344827602,0.03879310344827602
600681.SSE,百川能源,yin2,2025-11-11,13:15,True,0.10040160642570273,0.06224899598393563
600682.SSE,南京新百,yang2,2025-08-19,09:45,True,0.0,0.0
600691.SSE,潞化科技,yin2,2026-03-17,09:45,True,-0.06355932203389825,-0.06355932203389825
600691.SSE,潞化科技,yin2,2026-04-07,10:45,True,-0.0119760479041916,-0.0119760479041916
600692.SSE,亚通股份,yin2,2025-01-14,10:00,True,-0.0021905805038336945,-0.0021905805038336945
600693.SSE,东百集团,yin2,2024-12-16,10:15,True,-0.10073260073260071,-0.10073260073260071
600693.SSE,东百集团,yin2,2025-03-10,10:15,False,0.022284122562674202,0.022284122562674202
600693.SSE,东百集团,yin2,2025-05-08,13:45,True,-0.06293706293706292,-0.06293706293706292
600698.SSE,湖南天雁,yin2,2024-09-09,13:30,True,-0.05773672055427248,-0.05773672055427248
600698.SSE,湖南天雁,yin2,2024-09-23,13:15,True,0.024070021881837933,0.024070021881837933
600698.SSE,湖南天雁,yin2,2025-08-13,09:45,True,0.007757404795486478,0.007757404795486478
600699.SSE,均胜电子,yang2,2025-09-16,09:45,True,0.10006561679790038,0.2171916010498689
600703.SSE,三安光电,yin2,2026-06-22,09:45,True,0.027993779160186527,0.027993779160186527
600703.SSE,三安光电,yang2,2026-06-24,10:00,True,-0.006419073819348808,-0.006419073819348808
600706.SSE,曲江文旅,yin2,2025-06-26,15:00,True,-0.03700189753320671,-0.03700189753320671
600707.SSE,彩虹股份,yang2,2026-04-17,09:45,True,0.1001283697047497,0.08472400513478817
600707.SSE,彩虹股份,yin2,2026-04-27,14:30,True,-0.024774774774774855,-0.024774774774774855
600707.SSE,彩虹股份,yin2,2026-05-07,10:00,True,-0.017699115044247593,-0.017699115044247593
600707.SSE,彩虹股份,yang2,2026-05-13,09:45,True,0.030622009569378106,0.030622009569378106
600711.SSE,盛屯矿业,yin2,2025-10-15,09:45,False,-0.06195462478184999,-0.06195462478184999
600714.SSE,金瑞矿业,yin2,2025-03-11,10:15,False,-0.06534954407294824,-0.06534954407294824
600714.SSE,金瑞矿业,yang2,2026-03-12,13:15,True,0.04455653635981505,0.04455653635981505
600714.SSE,金瑞矿业,yang2,2026-05-11,10:15,False,-0.00039354584809137005,-0.00039354584809137005
600714.SSE,金瑞矿业,yang2,2026-05-18,10:00,True,-0.00649350649350644,-0.00649350649350644
600719.SSE,大连热电,yang2,2026-05-12,10:30,True,0.019774011299435124,0.019774011299435124
600719.SSE,大连热电,yin2,2026-05-22,11:15,True,0.03720405862457721,0.03720405862457721
600722.SSE,金牛化工,yin2,2026-07-22,10:00,True,0.09989909182643797,0.15338042381432881
600722.SSE,金牛化工,yang2,2026-08-10,13:15,True,-0.031150159744408823,-0.031150159744408823
600722.SSE,金牛化工,yin2,2026-08-18,10:00,True,-0.013824884792626668,-0.013824884792626668
600724.SSE,宁波富达,yin2,2024-10-30,09:45,False,0.03130755064456725,0.03130755064456725
600724.SSE,宁波富达,yang2,2024-10-31,10:00,False,-0.08047945205479445,-0.08047945205479445
600728.SSE,佳都科技,yang2,2025-03-12,13:30,False,-0.06635071090047395,-0.06635071090047395
600729.SSE,重百集团,yang2,2025-03-14,13:15,False,-0.07877208224732124,-0.07877208224732124
600732.SSE,爱旭股份,yang2,2024-11-06,11:00,False,-0.05592347314201618,-0.05592347314201618
600732.SSE,爱旭股份,yang2,2024-11-08,09:45,True,0.09992912827781719,0.15733522324592486
600748.SSE,上实发展,yin2,2025-10-20,10:15,False,0.06686046511627897,0.12354651162790709
600748.SSE,上实发展,yang2,2025-10-21,11:00,True,0.053133514986376085,0.053133514986376085
600748.SSE,上实发展,yin2,2025-10-29,10:00,True,0.03052325581395343,0.03052325581395343
600748.SSE,上实发展,yin2,2026-05-29,10:00,False,-0.09523809523809534,-0.09523809523809534
600758.SSE,辽宁能源,yang2,2026-06-01,15:00,True,0.01744186046511631,0.01744186046511631
600760.SSE,中航沈飞,yang2,2024-11-05,09:45,True,0.09992542878448907,0.03504847129008204
600760.SSE,中航沈飞,yin2,2024-11-08,10:00,True,-0.019485835925986517,-0.019485835925986517
600769.SSE,祥龙电业,yang2,2024-10-31,09:45,True,-0.030063291139240556,-0.030063291139240556
600769.SSE,祥龙电业,yang2,2024-11-08,09:45,True,-0.03860711582134757,-0.03860711582134757
600769.SSE,祥龙电业,yin2,2024-11-13,13:45,True,0.06574923547400613,0.06574923547400613
600769.SSE,祥龙电业,yang2,2025-10-22,09:45,False,-0.08613046231792265,-0.08613046231792265
600769.SSE,祥龙电业,yin2,2026-03-27,10:00,True,0.02941176470588247,0.02941176470588247
600769.SSE,祥龙电业,yin2,2026-06-25,10:15,False,-0.05839746491625164,-0.05839746491625164
600770.SSE,综艺股份,yin2,2024-10-11,13:30,True,-0.0401069518716578,-0.0401069518716578
600770.SSE,综艺股份,yang2,2024-10-17,10:00,True,0.10052910052910069,0.27513227513227534
600770.SSE,综艺股份,yin2,2026-04-28,10:00,True,0.030026109660574285,0.030026109660574285
600770.SSE,综艺股份,yin2,2026-05-06,10:00,True,-0.02505966587112185,-0.02505966587112185
600770.SSE,综艺股份,yin2,2026-05-11,09:45,False,-0.06380510440835252,-0.06380510440835252
600775.SSE,南京熊猫,yin2,2024-11-29,10:30,True,0.04931972789115657,0.04931972789115657
600775.SSE,南京熊猫,yin2,2024-12-18,10:15,True,0.0,0.0
600778.SSE,友好集团,yin2,2024-08-28,09:45,True,-0.045544554455445474,-0.045544554455445474
600778.SSE,友好集团,yin2,2024-09-30,14:15,True,0.018425460636515956,0.018425460636515956
600783.SSE,鲁信创投,yin2,2026-07-03,09:45,False,-0.1464452958705832,-0.1464452958705832
600787.SSE,中储股份,yin2,2024-11-26,10:15,True,0.03404255319148941,0.03404255319148941
600787.SSE,中储股份,yang2,2025-04-22,14:00,True,0.016516516516516422,0.016516516516516422
600797.SSE,浙大网新,yin2,2024-10-30,14:30,True,-0.0014025245441794398,-0.0014025245441794398
600797.SSE,浙大网新,yin2,2024-11-11,10:15,True,0.0997340425531914,0.054521276595744794
600797.SSE,浙大网新,yang2,2024-12-03,11:00,True,-0.048872180451127845,-0.048872180451127845
600800.SSE,渤海化学,yin2,2025-04-24,13:15,True,0.0060606060606061,0.0060606060606061
600800.SSE,渤海化学,yin2,2025-05-06,09:45,True,0.06470588235294117,0.06470588235294117
600800.SSE,渤海化学,yang2,2025-05-20,14:30,False,-0.04306220095693769,-0.04306220095693769
600800.SSE,渤海化学,yang2,2026-04-20,10:00,True,-0.009842519685039353,-0.009842519685039353
600802.SSE,福建水泥,yin2,2024-11-05,10:00,True,-0.013245033112582849,-0.013245033112582849
600802.SSE,福建水泥,yin2,2025-11-25,13:30,True,-0.04055944055944061,-0.04055944055944061
600807.SSE,济高发展,yin2,2025-01-16,09:45,True,-0.04067796610169494,-0.04067796610169494
600807.SSE,济高发展,yin2,2025-01-27,09:45,True,0.09929078014184411,0.07092198581560294
600807.SSE,济高发展,yin2,2025-02-07,09:45,False,-0.04518072289156627,-0.04518072289156627
600807.SSE,济高发展,yang2,2025-02-20,10:00,True,-0.012121212121212088,-0.012121212121212088
600815.SSE,厦工股份,yin2,2025-11-13,09:45,True,0.019607843137254832,0.019607843137254832
600815.SSE,厦工股份,yin2,2025-11-28,09:45,True,0.033766233766233666,0.033766233766233666
600816.SSE,建元信托,yin2,2024-10-31,11:15,False,-0.07536231884057976,-0.07536231884057976
600816.SSE,建元信托,yin2,2024-11-04,11:30,True,0.008547008547008517,0.008547008547008517
600819.SSE,耀皮玻璃,yin2,2025-10-29,09:45,False,-0.024705882352941244,-0.024705882352941244
600819.SSE,耀皮玻璃,yang2,2025-11-10,10:30,True,-0.020299145299145227,-0.020299145299145227
600819.SSE,耀皮玻璃,yin2,2025-11-12,13:45,False,-0.04856293359762143,-0.04856293359762143
600821.SSE,金开新能,yang2,2026-03-12,13:15,True,-0.06623735050597968,-0.06623735050597968
600821.SSE,金开新能,yin2,2026-03-18,09:45,False,0.04123711340206171,0.04123711340206171
600821.SSE,金开新能,yang2,2026-03-19,10:00,False,-0.06869565217391294,-0.06869565217391294
600822.SSE,上海物贸,yin2,2024-12-11,09:45,True,0.051088777219430614,0.051088777219430614
600825.SSE,新华传媒,yin2,2024-12-06,14:15,False,-0.07521578298397036,-0.07521578298397036
600825.SSE,新华传媒,yin2,2024-12-10,11:00,True,0.055757575757575895,0.055757575757575895
600825.SSE,新华传媒,yang2,2025-03-10,14:45,True,-0.023106546854942178,-0.023106546854942178
600828.SSE,茂业商业,yin2,2024-12-16,10:00,True,-0.10019646365422397,-0.10019646365422397
600828.SSE,茂业商业,yin2,2025-12-29,13:45,True,-0.00952380952380949,-0.00952380952380949
600828.SSE,茂业商业,yang2,2026-01-09,10:15,True,0.10014306151645203,0.15021459227467804
600828.SSE,茂业商业,yang2,2026-01-30,09:45,True,0.10030395136778125,0.045592705167173175
600828.SSE,茂业商业,yang2,2026-02-05,14:30,True,-0.06555269922879181,-0.06555269922879181
600828.SSE,茂业商业,yang2,2026-03-05,10:45,True,-0.019908116385911168,-0.019908116385911168
600829.SSE,人民同泰,yin2,2026-07-27,09:45,True,-0.012806830309498363,-0.012806830309498363
600829.SSE,人民同泰,yin2,2026-08-06,11:15,True,-0.0028985507246376274,-0.0028985507246376274
600835.SSE,上海机电,yang2,2025-02-26,10:00,True,-0.004985459077690102,-0.004985459077690102
600835.SSE,上海机电,yin2,2025-03-04,10:00,True,0.05843348528802328,0.05843348528802328
600838.SSE,上海九百,yin2,2025-12-23,13:15,False,-0.09881422924901184,-0.09881422924901184
600838.SSE,上海九百,yin2,2026-01-06,14:00,True,0.0705182667799491,0.0705182667799491
600838.SSE,上海九百,yang2,2026-01-08,14:00,True,-0.025252525252525193,-0.025252525252525193
600838.SSE,上海九百,yang2,2026-01-20,11:00,True,-0.028429282160625458,-0.028429282160625458
600839.SSE,四川长虹,yin2,2024-10-14,15:00,False,-0.022471910112359605,-0.022471910112359605
600839.SSE,四川长虹,yin2,2024-10-16,13:15,True,0.10000000000000009,0.6402985074626866
600839.SSE,四川长虹,yang2,2025-02-13,11:30,True,-0.02316602316602312,-0.02316602316602312
600844.SSE,金煤科技,yang2,2026-07-23,11:30,True,-0.01628664495113996,-0.01628664495113996
600844.SSE,金煤科技,yang2,2026-07-29,10:30,True,-0.037681159420289934,-0.037681159420289934
600847.SSE,万里股份,yin2,2024-09-19,10:30,True,-0.03172588832487311,-0.03172588832487311
600857.SSE,宁波中百,yin2,2026-05-29,10:00,True,0.013539651837524147,0.013539651837524147
600861.SSE,北京人力,yang2,2024-10-29,10:45,False,-0.08182640144665476,-0.08182640144665476
600864.SSE,哈投股份,yang2,2024-10-28,10:30,False,-0.054913294797687806,-0.054913294797687806
600864.SSE,哈投股份,yang2,2024-10-31,09:45,True,-0.009408602150537626,-0.009408602150537626
600865.SSE,百大集团,yang2,2025-01-21,14:00,True,0.026236125126135157,0.026236125126135157
600868.SSE,梅雁吉祥,yang2,2025-11-06,10:15,False,-0.042424242424242364,-0.042424242424242364
600868.SSE,梅雁吉祥,yin2,2025-12-05,13:15,True,0.01049868766404205,0.01049868766404205
600868.SSE,梅雁吉祥,yin2,2025-12-12,09:45,True,-0.020304568527918843,-0.020304568527918843
600869.SSE,远东股份,yang2,2026-05-29,13:15,True,-0.04647302904564321,-0.04647302904564321
600869.SSE,远东股份,yin2,2026-06-02,10:15,True,0.06408227848101244,0.06408227848101244
600871.SSE,石化油服,yang2,2025-11-12,10:00,True,0.015444015444015413,0.015444015444015413
600877.SSE,电科芯片,yin2,2024-10-14,13:15,False,0.008595988538681931,0.008595988538681931
600877.SSE,电科芯片,yang2,2024-10-21,10:30,True,-0.03855878634639698,-0.03855878634639698
600877.SSE,电科芯片,yin2,2024-11-04,13:15,False,-0.02292993630573248,-0.02292993630573248
600877.SSE,电科芯片,yin2,2026-01-21,11:30,False,0.021967526265520343,0.021967526265520343
600877.SSE,电科芯片,yang2,2026-01-22,09:45,False,0.004486316733961493,0.004486316733961493
600879.SSE,航天电子,yang2,2025-12-25,11:00,True,0.04621171413218694,0.04621171413218694
600879.SSE,航天电子,yin2,2026-01-06,13:30,True,-0.009193480986209757,-0.009193480986209757
600879.SSE,航天电子,yang2,2026-01-08,10:30,True,0.10007668711656459,0.08895705521472386
600880.SSE,博瑞传播,yin2,2024-12-18,09:45,True,-0.09972299168975063,-0.09972299168975063
600881.SSE,亚泰集团,yin2,2024-12-11,13:30,True,0.10126582278481,0.10970464135021096
600881.SSE,亚泰集团,yin2,2024-12-16,09:45,True,-0.10034602076124566,-0.10034602076124566
600881.SSE,亚泰集团,yin2,2025-01-02,10:15,True,-0.05025125628140703,-0.05025125628140703
600881.SSE,亚泰集团,yang2,2025-06-09,13:45,True,-0.010362694300518172,-0.010362694300518172
600884.SSE,杉杉股份,yin2,2026-02-25,11:00,True,-0.008592200925313986,-0.008592200925313986
600892.SSE,大晟文化,yin2,2025-02-26,10:00,True,-0.02570694087403602,-0.02570694087403602
600892.SSE,大晟文化,yang2,2025-03-17,09:45,True,-0.031914893617021156,-0.031914893617021156
600895.SSE,张江高科,yin2,2024-11-05,14:45,True,0.012816691505216138,0.012816691505216138
600895.SSE,张江高科,yin2,2024-11-11,10:00,False,-0.03983402489626553,-0.03983402489626553
600903.SSE,贵州燃气,yang2,2026-05-18,10:00,True,0.0998864926220202,0.11577752553915999
600903.SSE,贵州燃气,yin2,2026-06-09,13:30,True,0.018599562363238453,0.018599562363238453
600935.SSE,华塑股份,yang2,2024-12-02,11:15,True,0.020477815699658786,0.020477815699658786
600936.SSE,北投科技,yin2,2026-05-19,09:45,True,-0.09931506849315075,-0.09931506849315075
600936.SSE,北投科技,yang2,2026-06-02,11:30,True,0.09966216216216206,0.042229729729729826
600955.SSE,维远股份,yin2,2026-04-07,10:30,True,0.018784530386740217,0.018784530386740217
600962.SSE,国投中鲁,yin2,2026-07-10,10:00,False,-0.025048169556839972,-0.025048169556839972
600962.SSE,国投中鲁,yin2,2026-07-23,09:45,True,-0.03075531433740386,-0.03075531433740386
600966.SSE,博汇纸业,yin2,2024-11-20,09:45,True,-0.025210084033613467,-0.025210084033613467
600967.SSE,内蒙一机,yang2,2025-04-09,10:00,True,0.03764921946740141,0.03764921946740141
600969.SSE,郴电国际,yin2,2026-09-03,10:00,True,-0.04859813084112141,-0.04859813084112141
600973.SSE,宝胜股份,yin2,2025-01-22,09:45,False,-0.06666666666666665,-0.06666666666666665
600973.SSE,宝胜股份,yin2,2025-12-19,13:30,False,-0.052631578947368474,-0.052631578947368474
600973.SSE,宝胜股份,yin2,2026-01-07,10:00,False,-0.01606922126081578,-0.01606922126081578
600977.SSE,中国电影,yin2,2025-09-12,14:45,True,0.10025974025974027,0.10909090909090913
600980.SSE,北矿科技,yin2,2025-08-27,10:30,True,0.04453152832205198,0.04453152832205198
600982.SSE,宁波能源,yin2,2026-04-13,13:15,True,0.0,0.0
600984.SSE,建设机械,yin2,2026-08-10,10:00,True,,
600986.SSE,浙文互联,yang2,2025-02-19,09:45,False,-0.10402097902097895,-0.10402097902097895
600986.SSE,浙文互联,yin2,2026-01-14,09:45,True,-0.10008071025020182,-0.10008071025020182
600986.SSE,浙文互联,yang2,2026-01-23,10:00,True,0.10041493775933596,0.08796680497925302
600986.SSE,浙文互联,yin2,2026-01-29,09:45,True,-0.04862119013062405,-0.04862119013062405
600986.SSE,浙文互联,yang2,2026-02-03,09:45,True,-0.039559014267185444,-0.039559014267185444
600988.SSE,赤峰黄金,yang2,2026-07-21,14:45,True,0.07722660653889513,0.07722660653889513
600990.SSE,四创电子,yang2,2024-10-17,10:15,True,0.06712962962962954,0.06712962962962954
600999.SSE,招商证券,yin2,2024-10-18,14:45,False,-0.0372848948374761,-0.0372848948374761
601002.SSE,晋亿实业,yin2,2024-11-04,09:45,True,-0.004201680672268782,-0.004201680672268782
601005.SSE,重庆钢铁,yin2,2024-11-07,13:45,False,-0.05913978494623662,-0.05913978494623662
601011.SSE,宝泰隆,yang2,2024-11-05,13:30,False,-0.054054054054053946,-0.054054054054053946
601011.SSE,宝泰隆,yin2,2024-12-16,14:15,False,-0.09146341463414631,-0.09146341463414631
601011.SSE,宝泰隆,yang2,2024-12-30,15:00,True,0.0985401459854014,-0.0036496350364964014
601015.SSE,陕西黑猫,yin2,2026-03-03,13:15,True,-0.05096660808435849,-0.05096660808435849
601015.SSE,陕西黑猫,yang2,2026-03-12,13:15,True,0.013539651837524147,0.013539651837524147
601016.SSE,节能风电,yin2,2026-03-17,10:45,True,-0.03296703296703285,-0.03296703296703285
601016.SSE,节能风电,yin2,2026-04-23,13:45,True,0.0,0.0
601020.SSE,华钰矿业,yang2,2025-03-07,09:45,True,0.0536585365853659,0.0536585365853659
601069.SSE,西部黄金,yin2,2025-04-03,13:30,True,-0.09970674486803521,-0.09970674486803521
601069.SSE,西部黄金,yang2,2025-04-10,11:30,True,0.04199160167966398,0.04199160167966398
601069.SSE,西部黄金,yin2,2025-04-21,14:30,True,0.05633802816901401,0.05633802816901401
601069.SSE,西部黄金,yang2,2026-03-02,14:00,True,0.026573075958886916,0.026573075958886916
601083.SSE,锦江航运,yang2,2025-04-15,09:45,True,-0.04166666666666674,-0.04166666666666674
601083.SSE,锦江航运,yin2,2025-05-13,14:45,False,0.06214227309893694,0.06459525756336859
601086.SSE,国芳集团,yang2,2024-11-07,13:15,True,0.0,0.0
601086.SSE,国芳集团,yang2,2024-12-12,15:00,True,-0.07822085889570551,-0.07822085889570551
601086.SSE,国芳集团,yin2,2024-12-19,09:45,True,-0.010152284263959421,-0.010152284263959421
601086.SSE,国芳集团,yang2,2024-12-27,09:45,True,-0.03361344537815125,-0.03361344537815125
601089.SSE,福元医药,yin2,2025-08-08,13:15,True,0.050658561296859084,0.050658561296859084
601096.SSE,宏盛华源,yang2,2026-02-04,09:45,True,-0.048465266558966213,-0.048465266558966213
601099.SSE,太平洋,yin2,2024-10-18,14:45,False,-0.060267857142857206,-0.060267857142857206
601106.SSE,中国一重,yin2,2025-12-10,10:00,False,-0.10152284263959388,-0.10152284263959388
601106.SSE,中国一重,yin2,2025-12-19,09:45,True,0.09921671018276768,0.06266318537859017
601106.SSE,中国一重,yang2,2026-01-07,10:00,True,0.10067114093959728,0.34228187919463093
601126.SSE,四方股份,yin2,2025-10-29,10:00,True,-0.01357773251866945,-0.01357773251866945
601126.SSE,四方股份,yin2,2025-11-04,09:45,False,0.014308943089430981,0.014308943089430981
601127.SSE,赛力斯,yang2,2024-12-02,10:00,True,0.014579439252336401,0.014579439252336401
601133.SSE,柏诚股份,yin2,2026-05-20,14:00,True,-0.005105105105104979,-0.005105105105104979
601133.SSE,柏诚股份,yin2,2026-06-15,10:00,True,-0.01049382716049374,-0.01049382716049374
601133.SSE,柏诚股份,yin2,2026-07-09,09:45,False,-0.04576719576719568,-0.04576719576719568
601138.SSE,工业富联,yang2,2025-09-18,11:30,False,-0.01680797263126599,-0.01680797263126599
601162.SSE,天风证券,yin2,2024-09-13,10:00,True,-0.03367003367003374,-0.03367003367003374
601162.SSE,天风证券,yang2,2024-09-24,11:00,True,0.09999999999999987,0.5933333333333335
601179.SSE,中国西电,yin2,2026-06-22,10:45,True,-0.03573555687909458,-0.03573555687909458
601208.SSE,东材科技,yang2,2026-08-07,13:30,True,-0.012189812799303312,-0.012189812799303312
601208.SSE,东材科技,yin2,2026-08-27,13:15,True,0.04439918533604881,0.04439918533604881
601212.SSE,白银有色,yin2,2026-08-26,10:30,True,-0.0055248618784530246,-0.0055248618784530246
601212.SSE,白银有色,yang2,2026-09-03,13:15,True,-0.004092769440654842,-0.004092769440654842
601216.SSE,君正集团,yang2,2024-12-06,13:30,True,0.026642984014209725,0.026642984014209725
601279.SSE,英利汽车,yang2,2025-12-09,09:45,True,-0.015151515151515138,-0.015151515151515138
601330.SSE,绿色动力,yang2,2026-03-17,10:45,False,-0.05252525252525253,-0.05252525252525253
601588.SSE,北辰实业,yin2,2024-11-18,11:15,False,-0.047169811320754707,-0.047169811320754707
601606.SSE,长城军工,yang2,2024-11-08,14:30,True,0.054246966452533796,0.054246966452533796
601606.SSE,长城军工,yang2,2025-07-22,10:00,True,-0.07859583721652685,-0.07859583721652685
601606.SSE,长城军工,yin2,2025-10-28,13:30,True,0.008912331757002567,0.008912331757002567
601611.SSE,中国核建,yang2,2026-01-12,13:45,True,-0.09979939819458383,-0.09979939819458383
601611.SSE,中国核建,yang2,2026-01-22,10:00,False,-0.03601108033241007,-0.03601108033241007
601616.SSE,广电电气,yang2,2025-01-14,13:15,True,0.007556675062972307,0.007556675062972307
601616.SSE,广电电气,yang2,2025-03-12,14:15,True,-0.029239766081871288,-0.029239766081871288
601619.SSE,嘉泽新能,yin2,2025-09-17,09:45,True,0.012345679012345512,0.012345679012345512
601678.SSE,滨化股份,yin2,2026-06-10,10:00,True,0.05309734513274322,0.05309734513274322
601696.SSE,中银证券,yang2,2025-07-29,14:45,False,-0.10300668151447667,-0.10300668151447667
601698.SSE,中国卫通,yin2,2024-11-27,11:00,True,-0.0076611086074809265,-0.0076611086074809265
601700.SSE,风范股份,yang2,2025-12-29,09:45,True,-0.0665584415584416,-0.0665584415584416
601777.SSE,千里科技,yang2,2024-11-08,11:00,False,-0.0360655737704918,-0.0360655737704918
601789.SSE,宁波建工,yin2,2025-03-14,09:45,False,-0.03370786516853941,-0.03370786516853941
601798.SSE,蓝科高新,yang2,2025-05-19,10:15,False,-0.01261034047919285,-0.01261034047919285
601828.SSE,美凯龙,yin2,2025-12-15,13:45,True,0.03125,0.03125
601869.SSE,长飞光纤,yang2,2025-02-24,10:00,True,0.008189050070191994,0.008189050070191994
601869.SSE,长飞光纤,yin2,2025-10-21,14:00,False,0.011373674911660858,0.011373674911660858
601869.SSE,长飞光纤,yang2,2025-12-22,09:45,True,-0.007713498622589521,-0.007713498622589521
601869.SSE,长飞光纤,yang2,2026-03-02,10:45,False,-0.07247288162238641,-0.07247288162238641
601869.SSE,长飞光纤,yang2,2026-03-10,13:15,True,0.07254397254397249,0.07254397254397249
601869.SSE,长飞光纤,yang2,2026-03-30,13:15,True,0.02585435380688783,0.02585435380688783
601869.SSE,长飞光纤,yin2,2026-04-02,10:00,False,0.04043683589138136,0.04043683589138136
601869.SSE,长飞光纤,yin2,2026-04-09,15:00,True,-0.03497275991062243,-0.03497275991062243
601872.SSE,招商轮船,yang2,2026-03-02,09:45,True,0.10022396416573343,-0.008398656215005573
601872.SSE,招商轮船,yin2,2026-03-10,09:45,False,-0.05725853094274136,-0.05725853094274136
601872.SSE,招商轮船,yin2,2026-03-18,13:45,False,-0.026460859977949336,-0.026460859977949336
601878.SSE,浙商证券,yin2,2024-10-18,14:45,False,-0.0444444444444444,-0.0444444444444444
601881.SSE,中国银河,yang2,2025-03-12,13:45,False,-0.015686274509803977,-0.015686274509803977
601886.SSE,江河集团,yin2,2026-08-31,14:15,False,-0.04859154929577458,-0.04859154929577458
601908.SSE,京运通,yin2,2025-05-13,09:45,True,0.04761904761904767,0.04761904761904767
601933.SSE,永辉超市,yin2,2024-11-07,10:00,True,-0.011538461538461608,-0.011538461538461608
601933.SSE,永辉超市,yin2,2024-12-04,10:00,True,-0.07515337423312873,-0.07515337423312873
601933.SSE,永辉超市,yang2,2024-12-12,10:00,True,0.030259365994236287,0.030259365994236287
601975.SSE,招商南油,yin2,2026-03-16,13:15,True,0.02494802494802495,0.02494802494802495
601975.SSE,招商南油,yin2,2026-03-24,11:00,True,-0.03933747412008293,-0.03933747412008293
601995.SSE,中金公司,yin2,2024-10-11,13:30,True,-0.07951987996999244,-0.07951987996999244
603001.SSE,奥康国际,yang2,2025-07-25,13:45,False,-0.11738648947951269,-0.11738648947951269
603001.SSE,奥康国际,yang2,2025-08-06,14:00,True,-0.02127659574468077,-0.02127659574468077
603001.SSE,奥康国际,yin2,2026-06-01,10:00,False,-0.06025179856115104,-0.06025179856115104
603001.SSE,奥康国际,yin2,2026-06-18,10:00,True,0.06980656013456676,0.06980656013456676
603002.SSE,宏昌电子,yin2,2024-12-06,09:45,True,-0.10040705563093621,-0.10040705563093621
603002.SSE,宏昌电子,yin2,2026-06-15,10:00,True,0.1001564945226916,0.23004694835680728
603004.SSE,鼎龙科技,yin2,2024-09-11,11:30,True,-0.03015075376884413,-0.03015075376884413
603005.SSE,晶方科技,yin2,2024-10-24,13:45,False,-0.03252032520325199,-0.03252032520325199
603011.SSE,合锻智能,yin2,2025-06-09,13:15,True,-0.005347593582887611,-0.005347593582887611
603014.SSE,威高血净,yang2,2026-06-17,10:00,False,-0.02501954652071936,-0.02501954652071936
603014.SSE,威高血净,yin2,2026-07-01,09:45,True,-0.023611111111111138,-0.023611111111111138
603016.SSE,新宏泰,yin2,2024-09-23,14:15,True,0.026875699888017968,0.026875699888017968
603016.SSE,新宏泰,yang2,2024-10-14,13:15,True,0.10007331378299122,0.03372434017595305
603016.SSE,新宏泰,yang2,2024-10-22,11:30,False,0.06875383670963786,0.005217925107428023
603016.SSE,新宏泰,yang2,2024-10-23,10:30,True,-0.05944859276278003,-0.05944859276278003
603016.SSE,新宏泰,yin2,2024-10-25,10:00,True,0.06994171523730208,0.06994171523730208
603017.SSE,中衡设计,yin2,2026-04-23,10:15,True,-0.07290400972053468,-0.07290400972053468
603017.SSE,中衡设计,yin2,2026-04-29,10:00,True,0.007194244604316724,0.007194244604316724
603017.SSE,中衡设计,yang2,2026-05-08,13:45,False,-0.0955056179775281,-0.0955056179775281
603019.SSE,中科曙光,yin2,2024-10-29,10:30,True,-0.019782062028499525,-0.019782062028499525
603019.SSE,中科曙光,yang2,2025-09-11,11:00,True,0.06385058095341511,0.06385058095341511
603019.SSE,中科曙光,yang2,2025-09-16,09:45,False,-0.03744122083222423,-0.03744122083222423
603019.SSE,中科曙光,yin2,2025-09-22,13:15,True,-0.02365756105863337,-0.02365756105863337
603023.SSE,威帝股份,yang2,2025-12-16,09:45,True,-0.07350096711798837,-0.07350096711798837
603023.SSE,威帝股份,yin2,2025-12-18,09:45,True,0.10056925996204935,0.13472485768500975
603023.SSE,威帝股份,yang2,2026-01-06,10:45,True,-0.00888099467140313,-0.00888099467140313
603023.SSE,威帝股份,yang2,2026-01-15,09:45,True,-0.0033670033670034627,-0.0033670033670034627
603026.SSE,石大胜华,yin2,2025-10-13,10:00,True,0.06495188749074754,0.06495188749074754
603026.SSE,石大胜华,yang2,2025-10-30,10:30,True,0.0174555747759082,0.0174555747759082
603026.SSE,石大胜华,yin2,2026-04-10,09:45,True,0.05166744950681079,0.05166744950681079
603026.SSE,石大胜华,yang2,2026-04-14,09:45,True,0.001319529029638833,0.001319529029638833
603030.SSE,全筑股份,yin2,2024-12-10,10:15,False,-0.07901234567901227,-0.07901234567901227
603032.SSE,德新科技,yang2,2024-09-30,14:15,False,0.09515570934256057,0.09515570934256057
603032.SSE,德新科技,yin2,2026-06-15,11:15,False,0.021594684385382257,0.021594684385382257
603033.SSE,三维股份,yang2,2026-07-02,09:45,False,-0.09463148316651515,-0.09463148316651515
603033.SSE,三维股份,yin2,2026-07-06,09:45,False,-0.1607305936073059,-0.1607305936073059
603039.SSE,泛微网络,yang2,2026-08-05,10:15,False,0.07604646066184517,-0.0010957703265396246
603039.SSE,泛微网络,yang2,2026-08-06,09:45,True,-0.07169042769857437,-0.07169042769857437
603042.SSE,华脉科技,yin2,2025-04-23,13:15,False,-0.0791505791505791,-0.0791505791505791
603045.SSE,福达合金,yin2,2026-06-15,09:45,True,0.10006238303181525,0.05414847161572034
603060.SSE,国检集团,yin2,2026-05-18,09:45,True,0.0,0.0
603061.SSE,金海通,yang2,2024-10-17,13:15,True,0.09998686112206023,0.12928655892786756
603061.SSE,金海通,yin2,2024-10-31,14:45,True,-0.05806527909176906,-0.05806527909176906
603061.SSE,金海通,yin2,2026-01-16,13:15,True,0.1000135214314688,0.17695046648938573
603061.SSE,金海通,yin2,2026-01-27,10:45,True,0.07193987115246969,0.07193987115246969
603061.SSE,金海通,yin2,2026-07-21,11:15,True,0.009569992613764233,0.009569992613764233
603063.SSE,禾望电气,yin2,2024-10-31,10:15,True,0.06151333696243877,0.06151333696243877
603065.SSE,宿迁联盛,yin2,2025-05-26,13:15,True,0.09966405375139975,0.04815229563269874
603065.SSE,宿迁联盛,yang2,2025-06-10,10:30,True,0.013131313131313105,0.013131313131313105
603065.SSE,宿迁联盛,yin2,2025-06-20,09:45,True,0.012396694214876103,0.012396694214876103
603065.SSE,宿迁联盛,yang2,2026-06-17,09:45,False,-0.017610062893081868,-0.017610062893081868
603065.SSE,宿迁联盛,yang2,2026-06-22,09:45,True,0.04190919674039573,0.04190919674039573
603067.SSE,振华股份,yang2,2025-11-06,11:00,True,0.0030211480362538623,0.0030211480362538623
603068.SSE,博通集成,yang2,2025-01-15,09:45,True,0.10014388489208614,0.0002877697841725535
603068.SSE,博通集成,yang2,2025-01-21,11:30,True,-0.021672616012238688,-0.021672616012238688
603068.SSE,博通集成,yang2,2025-01-27,09:45,True,0.013837410427477215,0.013837410427477215
603070.SSE,万控智造,yin2,2026-06-05,11:30,True,-0.011954572624028659,-0.011954572624028659
603072.SSE,天和磁材,yin2,2025-04-08,13:15,True,0.04031033901163772,0.04031033901163772
603072.SSE,天和磁材,yin2,2025-04-14,10:30,True,-0.00724027614076439,-0.00724027614076439
603072.SSE,天和磁材,yang2,2025-05-06,10:00,True,0.018102960588346262,0.018102960588346262
603077.SSE,和邦生物,yang2,2026-03-12,10:00,True,-0.01501501501501512,-0.01501501501501512
603082.SSE,北自科技,yang2,2025-02-18,11:15,True,0.04275092936802971,0.04275092936802971
603083.SSE,剑桥科技,yang2,2025-09-25,14:15,True,0.06550812845359189,0.06550812845359189
603083.SSE,剑桥科技,yin2,2025-10-20,09:45,True,0.03907621247113169,0.03907621247113169
603088.SSE,宁波精达,yin2,2024-12-09,09:45,True,0.10017889087656529,0.0894454382826475
603088.SSE,宁波精达,yin2,2025-11-05,09:45,False,-0.05740181268882172,-0.05740181268882172
603090.SSE,宏盛股份,yin2,2025-09-26,13:15,True,-0.06189522856189522,-0.06189522856189522
603093.SSE,南华期货,yang2,2024-09-30,13:45,True,0.0998487140695914,-0.009833585476550777
603093.SSE,南华期货,yang2,2025-07-09,11:00,True,0.10017421602787469,0.08928571428571441
603093.SSE,南华期货,yin2,2026-05-29,09:45,False,-0.04091509018917727,-0.04091509018917727
603095.SSE,越剑智能,yin2,2024-10-24,11:15,True,0.10010266940451751,0.1498973305954825
603095.SSE,越剑智能,yang2,2024-11-05,10:45,True,0.025000000000000133,0.025000000000000133
603095.SSE,越剑智能,yin2,2026-02-03,10:00,True,0.03311590566984446,0.03311590566984446
603095.SSE,越剑智能,yin2,2026-08-21,09:45,True,-0.022935779816513735,-0.022935779816513735
603095.SSE,越剑智能,yang2,2026-08-25,09:45,True,0.01768292682926842,0.01768292682926842
603098.SSE,森特股份,yin2,2024-11-05,10:15,True,-0.0661596958174906,-0.0661596958174906
603098.SSE,森特股份,yin2,2025-08-22,09:45,False,0.06971677559912859,0.061002178649237404
603098.SSE,森特股份,yang2,2025-08-25,10:30,True,0.09979633401221988,-0.008146639511201648
603098.SSE,森特股份,yang2,2025-09-08,11:30,True,0.04846938775510212,0.04846938775510212
603101.SSE,汇嘉时代,yang2,2024-12-04,09:45,True,0.02298850574712663,0.02298850574712663
603103.SSE,横店影视,yang2,2024-12-16,14:30,False,-0.14845474613686538,-0.14845474613686538
603106.SSE,恒银科技,yang2,2025-02-07,10:15,False,-0.03070624360286578,-0.03070624360286578
603106.SSE,恒银科技,yin2,2025-07-11,10:15,False,-0.06631762652705075,-0.06631762652705075
603109.SSE,神驰机电,yang2,2025-03-18,14:45,True,-0.03261703760552559,-0.03261703760552559
603110.SSE,东方材料,yin2,2025-04-28,11:15,False,0.010186757215619568,0.010186757215619568
603110.SSE,东方材料,yang2,2025-04-30,09:45,False,-0.03716904276985744,-0.03716904276985744
603111.SSE,康尼机电,yang2,2025-01-21,09:45,False,-0.07142857142857151,-0.07142857142857151
603115.SSE,海星股份,yin2,2026-05-06,11:00,True,0.018376478108021788,0.018376478108021788
603115.SSE,海星股份,yang2,2026-05-18,10:00,True,0.10003602738080941,0.1714903326528161
603115.SSE,海星股份,yang2,2026-05-21,10:45,False,0.0838691641039977,0.06439288043984703
603115.SSE,海星股份,yang2,2026-05-22,10:00,True,-0.01796922018743019,-0.01796922018743019
603115.SSE,海星股份,yin2,2026-06-15,10:15,True,0.0999697367093717,0.15706647836174725
603115.SSE,海星股份,yin2,2026-08-13,09:45,False,0.03852698104035013,0.036217792902284884
603118.SSE,共进股份,yin2,2025-01-16,09:45,True,0.03143418467583503,0.03143418467583503
603118.SSE,共进股份,yang2,2025-02-06,11:30,False,-0.01449275362318847,-0.01449275362318847
603118.SSE,共进股份,yang2,2026-07-28,11:30,False,-0.06621773288439958,-0.06621773288439958
603118.SSE,共进股份,yang2,2026-08-05,09:45,False,-0.014009339559706513,-0.014009339559706513
603118.SSE,共进股份,yin2,2026-08-13,09:45,True,0.10025062656641581,0.19110275689223055
603120.SSE,肯特催化,yin2,2026-07-13,09:45,True,-0.0406607369758577,-0.0406607369758577
603122.SSE,合富中国,yang2,2024-08-27,09:45,True,-0.05061082024432806,-0.05061082024432806
603122.SSE,合富中国,yin2,2025-12-30,14:00,False,-0.09428359317000756,-0.09428359317000756
603123.SSE,翠微股份,yin2,2025-12-19,10:15,False,-0.04624664879356566,-0.04624664879356566
603123.SSE,翠微股份,yang2,2025-12-29,13:30,True,0.02183406113537112,0.02183406113537112
603126.SSE,中材节能,yin2,2024-12-30,09:45,True,0.02689486552567244,0.02689486552567244
603130.SSE,云中马,yang2,2025-08-14,09:45,False,-0.08062446535500423,-0.08062446535500423
603138.SSE,海量数据,yang2,2026-03-09,09:45,True,0.034778875053671277,0.034778875053671277
603150.SSE,万朗磁塑,yang2,2025-02-25,13:30,False,-0.025407005426739016,-0.025407005426739016
603155.SSE,新亚强,yin2,2025-11-28,09:45,False,-0.066536203522505,-0.066536203522505
603155.SSE,新亚强,yin2,2026-06-24,13:15,False,-0.005181347150259086,-0.005181347150259086
603155.SSE,新亚强,yang2,2026-06-26,13:45,True,0.09984214680347292,0.12786108918705597
603155.SSE,新亚强,yin2,2026-07-06,09:45,True,-0.08014879945891107,-0.08014879945891107
603155.SSE,新亚强,yang2,2026-07-10,09:45,True,-0.10007072135785011,-0.10007072135785011
603160.SSE,汇顶科技,yin2,2024-10-14,15:00,True,0.028725094731695267,0.028725094731695267
603160.SSE,汇顶科技,yang2,2024-10-18,14:00,True,0.027239908106334143,0.027239908106334143
603162.SSE,海通发展,yang2,2025-10-28,13:15,True,-0.051882845188284454,-0.051882845188284454
603162.SSE,海通发展,yang2,2025-11-14,11:15,False,0.01869158878504673,0.01869158878504673
603163.SSE,圣晖集成,yin2,2025-09-26,13:30,True,-0.023377165518680854,-0.023377165518680854
603166.SSE,福达股份,yang2,2025-03-12,10:30,True,-0.10021321961620466,-0.10021321961620466
603166.SSE,福达股份,yang2,2025-03-17,09:45,True,0.04369274136715995,0.04369274136715995
603166.SSE,福达股份,yin2,2025-03-24,09:45,False,-0.10464355788096791,-0.10464355788096791
603169.SSE,兰石重装,yin2,2025-04-03,09:45,True,-0.07949790794979072,-0.07949790794979072
603169.SSE,兰石重装,yin2,2025-04-09,14:00,False,-0.027805362462760774,-0.027805362462760774
603169.SSE,兰石重装,yang2,2025-11-24,14:15,False,-0.06083976006855174,-0.06083976006855174
603171.SSE,税友股份,yin2,2026-01-14,10:00,False,-0.043237250554323814,-0.043237250554323814
603171.SSE,税友股份,yang2,2026-08-28,10:15,True,0.024808299503833897,0.024808299503833897
603178.SSE,圣龙股份,yin2,2025-04-02,09:45,True,0.030506721820062088,0.030506721820062088
603178.SSE,圣龙股份,yin2,2025-05-16,11:15,True,0.014351614556637582,0.014351614556637582
603185.SSE,弘元绿能,yin2,2024-11-04,11:00,True,0.004040404040404066,0.004040404040404066
603186.SSE,华正新材,yang2,2026-06-12,09:45,False,-0.00048020488741851164,0.27046206381389415
603186.SSE,华正新材,yang2,2026-08-07,10:30,True,0.06293706293706292,0.06293706293706292
603186.SSE,华正新材,yin2,2026-08-14,09:45,True,0.10002984183825725,0.09937332139659794
603186.SSE,华正新材,yin2,2026-08-21,10:30,False,-0.08381374722838142,-0.08381374722838142
603188.SSE,亚邦股份,yin2,2024-10-28,09:45,True,-0.04148471615720528,-0.04148471615720528
603188.SSE,亚邦股份,yang2,2025-04-11,09:45,True,0.09921671018276768,0.07571801566579639
603188.SSE,亚邦股份,yin2,2025-04-17,09:45,True,-0.0625,-0.0625
603191.SSE,望变电气,yin2,2026-09-03,09:45,False,-0.01064495929868503,-0.01064495929868503
603194.SSE,中力股份,yin2,2025-06-04,10:00,False,-0.03471904979442675,-0.03471904979442675
603194.SSE,中力股份,yin2,2025-06-09,11:30,True,-0.01936659831396681,-0.01936659831396681
603200.SSE,上海洗霸,yin2,2025-10-09,09:45,False,-0.14849304095323923,-0.14849304095323923
603203.SSE,快克智能,yang2,2026-05-25,13:15,True,0.035011269722013516,0.035011269722013516
603206.SSE,嘉环科技,yang2,2026-06-08,09:45,True,0.05470588235294116,0.05470588235294116
603211.SSE,晋拓股份,yin2,2026-07-10,10:30,True,-0.10190073917634634,-0.10190073917634634
603211.SSE,晋拓股份,yin2,2026-08-03,09:45,False,0.01591956430666097,0.01591956430666097
603212.SSE,赛伍技术,yin2,2024-09-19,11:00,False,-0.06813819577735114,-0.06813819577735114
603212.SSE,赛伍技术,yin2,2026-07-10,13:15,False,-0.09393183707398167,-0.09393183707398167
603212.SSE,赛伍技术,yin2,2026-07-23,13:15,True,-0.024856596558317512,-0.024856596558317512
603214.SSE,爱婴室,yin2,2025-04-08,09:45,True,0.0352831940575673,0.0352831940575673
603214.SSE,爱婴室,yang2,2025-04-10,13:30,True,-0.03465144720750113,-0.03465144720750113
603220.SSE,中贝通信,yang2,2024-10-30,14:15,False,-0.031060606060606122,-0.031060606060606122
603222.SSE,济民健康,yin2,2026-07-06,13:15,False,-0.03563474387527843,-0.03563474387527843
603222.SSE,济民健康,yang2,2026-07-09,13:45,True,-0.02371541501976271,-0.02371541501976271
603228.SSE,景旺电子,yin2,2026-08-12,14:45,True,-0.01028408512371437,-0.01028408512371437
603228.SSE,景旺电子,yin2,2026-09-04,13:15,False,,
603232.SSE,格尔软件,yin2,2025-11-25,09:45,True,-0.03774981495188745,-0.03774981495188745
603236.SSE,移远通信,yang2,2024-12-26,11:30,True,-0.02610002732987171,-0.02610002732987171
603238.SSE,诺邦股份,yang2,2025-03-25,11:15,True,0.037247474747474696,0.037247474747474696
603238.SSE,诺邦股份,yang2,2025-04-02,11:00,True,0.017709563164108433,0.017709563164108433
603239.SSE,浙江仙通,yin2,2025-09-26,11:15,True,-0.05308142150247408,-0.05308142150247408
603256.SSE,宏和科技,yin2,2024-12-04,10:30,False,-0.014395393474088358,-0.014395393474088358
603256.SSE,宏和科技,yang2,2024-12-12,10:30,True,-0.020776874435411097,-0.020776874435411097
603256.SSE,宏和科技,yang2,2025-07-28,15:00,True,-0.005143591941705883,-0.005143591941705883
603256.SSE,宏和科技,yin2,2025-07-31,09:45,True,0.09983007646559061,0.14528462192013603
603256.SSE,宏和科技,yin2,2025-08-13,11:15,True,0.10018416206261516,0.30755064456721914
603256.SSE,宏和科技,yang2,2025-11-25,10:45,True,0.06296992481203012,0.06296992481203012
603256.SSE,宏和科技,yin2,2026-01-28,11:30,True,-0.01614453200076882,-0.01614453200076882
603256.SSE,宏和科技,yang2,2026-02-10,10:30,False,0.06236044657097284,0.1419457735247207
603256.SSE,宏和科技,yang2,2026-02-11,09:45,True,0.09998498723915317,0.07491367662513126
603256.SSE,宏和科技,yin2,2026-05-28,10:45,True,0.021423879541205615,0.021423879541205615
603256.SSE,宏和科技,yin2,2026-07-14,13:30,False,-0.08513708513708518,-0.08513708513708518
603257.SSE,中国瑞林,yin2,2025-09-04,10:30,True,0.03388332351208034,0.03388332351208034
603257.SSE,中国瑞林,yin2,2025-09-09,10:30,True,-0.029902163428413786,-0.029902163428413786
603261.SSE,立航科技,yin2,2026-06-23,13:45,False,-0.04595015576323991,-0.04595015576323991
603261.SSE,立航科技,yang2,2026-06-26,10:00,True,-0.08024475524475527,-0.08024475524475527
603261.SSE,立航科技,yang2,2026-08-13,10:15,True,-0.022137005403520926,-0.022137005403520926
603261.SSE,立航科技,yang2,2026-08-27,09:45,True,-0.029456836369827988,-0.029456836369827988
603267.SSE,鸿远电子,yang2,2024-10-21,09:45,True,0.02531929195608318,0.02531929195608318
603267.SSE,鸿远电子,yin2,2025-03-25,10:00,True,-0.009264208088366366,-0.009264208088366366
603269.SSE,海鸥股份,yin2,2025-09-22,09:45,True,0.05462490895848515,0.05462490895848515
603270.SSE,金帝股份,yin2,2025-02-19,11:30,True,0.027235772357723453,0.027235772357723453
603270.SSE,金帝股份,yang2,2025-03-06,09:45,True,0.03781204111600589,0.03781204111600589
603278.SSE,大业股份,yin2,2025-12-24,10:15,True,0.10018903591682427,0.5217391304347827
603286.SSE,日盈电子,yang2,2025-02-11,13:15,True,0.02254178002331897,0.02254178002331897
603286.SSE,日盈电子,yin2,2026-07-10,10:45,True,-0.047698900689398194,-0.047698900689398194
603286.SSE,日盈电子,yin2,2026-07-31,11:15,True,-0.007947019867549643,-0.007947019867549643
603290.SSE,斯达半导,yin2,2024-10-18,14:45,False,0.0011073082343466822,0.0011073082343466822
603297.SSE,永新光学,yang2,2024-11-06,13:15,False,-0.09029424681598597,-0.09029424681598597
603297.SSE,永新光学,yin2,2024-11-08,13:45,False,-0.027473009742824628,-0.027473009742824628
603301.SSE,振德医疗,yang2,2025-10-09,10:15,True,0.09994155464640575,0.1774790570816287
603301.SSE,振德医疗,yang2,2025-10-28,10:00,True,0.06707844348363179,0.06707844348363179
603305.SSE,旭升集团,yang2,2026-01-22,13:45,True,0.06021717670286275,0.06021717670286275
603306.SSE,华懋科技,yang2,2024-10-21,09:45,True,0.03593508500772802,0.03593508500772802
603306.SSE,华懋科技,yin2,2026-04-29,14:00,False,0.0,0.0
603306.SSE,华懋科技,yin2,2026-05-07,13:30,True,-0.01076455975710744,-0.01076455975710744
603306.SSE,华懋科技,yang2,2026-08-07,14:00,False,0.05050505050505061,0.05050505050505061
603315.SSE,福鞍股份,yang2,2025-03-06,13:15,True,0.008995502248875686,0.008995502248875686
603315.SSE,福鞍股份,yin2,2025-03-17,15:00,True,0.10034364261168394,0.19793814432989687
603315.SSE,福鞍股份,yang2,2026-05-07,10:45,True,0.005291005291005346,0.005291005291005346
603316.SSE,诚邦股份,yang2,2024-10-08,14:45,True,-0.021937842778793404,-0.021937842778793404
603316.SSE,诚邦股份,yin2,2025-10-14,09:45,False,-0.08176555716353118,-0.08176555716353118
603316.SSE,诚邦股份,yin2,2025-10-20,09:45,True,0.053117782909930744,0.053117782909930744
603322.SSE,超讯科技,yin2,2025-10-09,13:45,False,-0.024793388429752095,-0.024793388429752095
603324.SSE,盛剑科技,yin2,2024-08-30,10:45,True,-0.02020202020202022,-0.02020202020202022
603324.SSE,盛剑科技,yang2,2026-06-11,10:00,True,-0.0020691693762932006,-0.0020691693762932006
603324.SSE,盛剑科技,yang2,2026-06-17,11:30,True,0.1000510464522717,0.06687085247575286
603324.SSE,盛剑科技,yang2,2026-06-24,13:45,True,0.054304635761589504,0.054304635761589504
603331.SSE,百达精工,yin2,2025-05-13,11:00,True,-0.02654109589041098,-0.02654109589041098
603333.SSE,福华尚纬,yang2,2024-12-13,14:30,True,-0.056057866184448524,-0.056057866184448524
603333.SSE,福华尚纬,yin2,2024-12-19,09:45,True,-0.02197802197802201,-0.02197802197802201
603335.SSE,迪生力,yin2,2026-06-25,09:45,True,-0.006593406593406681,-0.006593406593406681
603335.SSE,迪生力,yin2,2026-06-30,13:15,True,0.022099447513812098,0.022099447513812098
603353.SSE,和顺石油,yang2,2024-12-23,10:00,True,0.02392344497607679,0.02392344497607679
603358.SSE,华达科技,yin2,2026-08-04,11:30,True,0.0535218379197171,0.0535218379197171
603360.SSE,百傲化学,yin2,2024-10-23,10:15,False,-0.030000000000000027,-0.030000000000000027
603360.SSE,百傲化学,yin2,2024-10-29,11:15,False,-0.015151515151515138,-0.015151515151515138
603363.SSE,傲农生物,yin2,2025-09-08,09:45,True,-0.015473887814313358,-0.015473887814313358
603363.SSE,傲农生物,yang2,2025-09-15,10:00,True,-0.04304635761589404,-0.04304635761589404
603367.SSE,辰欣药业,yang2,2025-07-28,10:45,True,0.10012728044123875,0.2732286805260926
603380.SSE,易德龙,yin2,2026-07-08,09:45,True,-0.10002114611968693,-0.10002114611968693
603382.SSE,海阳科技,yang2,2025-09-09,15:00,True,-0.023199613339777714,-0.023199613339777714
603387.SSE,基蛋生物,yin2,2026-03-27,10:15,True,0.031313131313131404,0.031313131313131404
603387.SSE,基蛋生物,yin2,2026-04-10,10:00,False,-0.06989748369058713,-0.06989748369058713
603389.SSE,亚振家居,yang2,2024-07-12,10:15,True,-0.02303262955854124,-0.02303262955854124
603389.SSE,亚振家居,yang2,2024-08-21,13:30,True,-0.015625,-0.015625
603389.SSE,亚振家居,yang2,2024-08-30,13:15,False,-0.06832298136645965,-0.06832298136645965
603389.SSE,亚振家居,yang2,2026-08-17,10:00,True,-0.006011608623548881,-0.006011608623548881
603390.SSE,通达电气,yin2,2025-05-26,10:15,True,0.1000758150113723,0.3646702047005308
603390.SSE,通达电气,yin2,2026-05-15,10:00,True,-0.02972972972972987,-0.02972972972972987
603400.SSE,华之杰,yin2,2026-08-04,13:30,True,-0.0013324450366423157,-0.0013324450366423157
603400.SSE,华之杰,yang2,2026-08-18,10:15,True,-0.022226838388034853,-0.022226838388034853
603400.SSE,华之杰,yin2,2026-08-20,14:30,False,-0.056585554268057114,-0.056585554268057114
603421.SSE,鼎信通讯,yang2,2024-09-18,11:30,True,0.0036101083032489267,0.0036101083032489267
603421.SSE,鼎信通讯,yin2,2025-09-30,09:45,True,0.004999999999999893,0.004999999999999893
603421.SSE,鼎信通讯,yang2,2026-03-19,10:00,False,-0.09090909090909094,-0.09090909090909094
603456.SSE,九洲药业,yin2,2024-10-31,11:00,False,-0.09144196951934347,-0.09144196951934347
603458.SSE,勘设股份,yin2,2026-01-14,09:45,True,-0.024408848207475242,-0.024408848207475242
603459.SSE,红板科技,yang2,2026-07-22,10:00,False,0.05123966942148761,0.05123966942148761
603459.SSE,红板科技,yang2,2026-07-23,10:00,False,-0.0879609544468547,-0.0879609544468547
603488.SSE,展鹏科技,yin2,2026-01-12,10:45,True,0.10028116213683225,0.08716026241799435
603488.SSE,展鹏科技,yin2,2026-01-27,13:15,True,-0.0056657223796034994,-0.0056657223796034994
603496.SSE,恒为科技,yin2,2026-01-14,13:15,False,-0.12300683371298404,-0.12300683371298404
603507.SSE,振江股份,yang2,2025-04-30,09:45,True,0.03888259720649301,0.03888259720649301
603516.SSE,淳中科技,yin2,2024-12-06,13:45,True,0.04584242905338365,0.04584242905338365
603516.SSE,淳中科技,yin2,2025-08-05,13:30,True,0.08601706578585189,0.08601706578585189
603516.SSE,淳中科技,yang2,2025-08-07,10:00,True,0.03686635944700467,0.03686635944700467
603516.SSE,淳中科技,yin2,2025-08-13,10:00,True,0.060508308895405705,0.060508308895405705
603516.SSE,淳中科技,yang2,2025-08-18,10:15,True,-0.10000789328281634,-0.10000789328281634
603516.SSE,淳中科技,yin2,2026-07-14,09:45,True,-0.09996331621423338,-0.09996331621423338
603538.SSE,美诺华,yang2,2025-07-02,09:45,True,0.10008628127696295,0.09792924935289049
603538.SSE,美诺华,yin2,2026-07-06,10:30,False,0.023658936519091345,0.023658936519091345
603538.SSE,美诺华,yang2,2026-07-07,10:15,False,-0.140139921294272,-0.140139921294272
603538.SSE,美诺华,yang2,2026-07-15,10:00,True,-0.016666666666666607,-0.016666666666666607
603556.SSE,海兴电力,yang2,2025-11-11,09:45,False,-0.09386458078709359,-0.09386458078709359
603559.SSE,中通国脉,yin2,2026-07-10,09:45,True,-0.02050113895216399,-0.02050113895216399
603567.SSE,珍宝岛,yin2,2026-08-04,10:15,True,-0.010494752623688153,-0.010494752623688153
603567.SSE,珍宝岛,yin2,2026-08-07,09:45,True,-0.0028248587570621764,-0.0028248587570621764
603578.SSE,三星新材,yin2,2025-04-10,09:45,True,0.03579418344519025,0.03579418344519025
603580.SSE,艾艾精工,yin2,2026-08-17,10:00,True,0.09999999999999987,0.16821305841924383
603580.SSE,艾艾精工,yang2,2026-08-20,10:45,True,0.0800909212461558,0.0800909212461558
603585.SSE,苏利股份,yin2,2024-12-04,13:45,True,0.0164348925410871,0.0164348925410871
603585.SSE,苏利股份,yin2,2025-06-12,10:15,False,-0.04887398179204594,-0.04887398179204594
603585.SSE,苏利股份,yang2,2025-07-03,11:30,True,0.0037523452157597337,0.0037523452157597337
603585.SSE,苏利股份,yang2,2026-04-03,09:45,True,0.04447164422684624,0.04447164422684624
603585.SSE,苏利股份,yang2,2026-04-14,09:45,True,-0.054166666666666696,-0.054166666666666696
603601.SSE,再升科技,yin2,2025-08-21,09:45,True,-0.04836193447737913,-0.04836193447737913
603601.SSE,再升科技,yang2,2026-03-10,09:45,False,-0.012688342585249868,-0.012688342585249868
603601.SSE,再升科技,yin2,2026-03-18,10:00,True,0.01954120645709434,0.01954120645709434
603601.SSE,再升科技,yang2,2026-03-25,09:45,True,0.09983633387888702,0.07855973813420625
603601.SSE,再升科技,yang2,2026-03-30,10:45,True,0.06827586206896563,0.06827586206896563
603608.SSE,天创时尚,yin2,2026-01-12,10:45,True,0.05498981670061087,0.05498981670061087
603608.SSE,天创时尚,yang2,2026-01-21,09:45,True,0.10045662100456632,0.09223744292237468
603608.SSE,天创时尚,yin2,2026-02-11,09:45,True,-0.01826086956521744,-0.01826086956521744
603610.SSE,麒盛科技,yin2,2024-12-25,10:45,True,0.036437246963562764,0.036437246963562764
603610.SSE,麒盛科技,yin2,2024-12-30,11:30,False,-0.07074428887251294,-0.07074428887251294
603610.SSE,麒盛科技,yang2,2025-01-08,10:00,False,-0.051150895140664954,-0.051150895140664954
603616.SSE,韩建河山,yin2,2026-06-18,10:15,True,0.018575851393188847,0.018575851393188847
603617.SSE,君禾股份,yang2,2025-08-11,09:45,True,0.01734104046242768,0.01734104046242768
603618.SSE,杭电股份,yang2,2026-04-22,10:00,True,0.1001751313485113,0.07040280210157612
603618.SSE,杭电股份,yin2,2026-05-06,09:45,True,0.10003216468317788,0.19974268253457694
603618.SSE,杭电股份,yin2,2026-09-02,11:30,True,0.05454056958624398,0.05454056958624398
603626.SSE,科森科技,yang2,2024-11-12,11:30,False,-0.028846153846153855,-0.028846153846153855
603626.SSE,科森科技,yin2,2026-03-12,09:45,True,-0.043906442347148134,-0.043906442347148134
603629.SSE,利通电子,yang2,2026-02-06,11:30,False,0.06592249368155012,0.09372367312552665
603629.SSE,利通电子,yang2,2026-02-09,13:15,True,0.02608180201541188,0.02608180201541188
603629.SSE,利通电子,yang2,2026-02-11,10:15,True,0.04971988795518212,0.04971988795518212
603629.SSE,利通电子,yin2,2026-02-27,11:00,True,0.09996582365003426,-0.0071770334928229484
603629.SSE,利通电子,yin2,2026-03-11,15:00,True,0.016943784639746662,0.016943784639746662
603629.SSE,利通电子,yang2,2026-03-19,10:00,True,-0.10004407227853673,-0.10004407227853673
603629.SSE,利通电子,yin2,2026-03-25,10:00,True,0.053765156349712795,0.053765156349712795
603629.SSE,利通电子,yang2,2026-04-17,10:45,True,0.017450682852807375,0.017450682852807375
603629.SSE,利通电子,yang2,2026-04-23,09:45,False,-0.08065871282137449,-0.08065871282137449
603629.SSE,利通电子,yang2,2026-05-06,10:45,True,-0.0035882908404154534,-0.0035882908404154534
603629.SSE,利通电子,yin2,2026-05-13,10:00,True,-0.013375021712697555,-0.013375021712697555
603629.SSE,利通电子,yin2,2026-08-04,09:45,True,0.09999023532858131,0.19636754223220398
603629.SSE,利通电子,yin2,2026-08-13,09:45,False,0.04722010662604714,0.08789032749428771
603630.SSE,拉芳家化,yang2,2025-06-12,14:30,True,-0.06572769953051638,-0.06572769953051638
603630.SSE,拉芳家化,yang2,2025-06-17,10:00,False,-0.09318181818181803,-0.09318181818181803
603636.SSE,南威软件,yang2,2025-02-11,11:00,False,-0.06559405940594065,-0.06559405940594065
603636.SSE,南威软件,yang2,2025-02-13,11:00,True,0.09993979530403374,0.01625526791089693
603636.SSE,南威软件,yin2,2026-05-19,09:45,True,-0.06661379857256144,-0.06661379857256144
603648.SSE,畅联股份,yin2,2025-04-25,11:00,True,-0.05491585473870675,-0.05491585473870675
603650.SSE,彤程新材,yang2,2026-01-15,13:15,True,0.040026684456304196,0.040026684456304196
603662.SSE,柯力传感,yin2,2024-11-08,10:15,False,-0.0240274599542335,-0.0240274599542335
603662.SSE,柯力传感,yin2,2024-11-19,14:30,True,0.10011862396204041,0.08659549228944252
603662.SSE,柯力传感,yang2,2024-12-05,10:45,True,0.0629415542710341,0.0629415542710341
603662.SSE,柯力传感,yang2,2024-12-09,09:45,True,0.0999725350178522,0.1630046690469651
603662.SSE,柯力传感,yin2,2025-01-02,11:00,False,-0.04840979453982541,-0.04840979453982541
603662.SSE,柯力传感,yang2,2025-01-08,14:15,False,-0.025037745344740903,-0.025037745344740903
603663.SSE,三祥新材,yang2,2026-05-27,10:30,True,-0.006705130204272436,-0.006705130204272436
603663.SSE,三祥新材,yang2,2026-06-03,09:45,True,-0.015742239223186627,-0.015742239223186627
603663.SSE,三祥新材,yang2,2026-06-09,09:45,True,0.07148997134670498,0.07148997134670498
603663.SSE,三祥新材,yang2,2026-06-16,11:30,True,-0.041455772475295194,-0.041455772475295194
603663.SSE,三祥新材,yin2,2026-06-18,09:45,True,0.1000114298777004,0.15521773917019077
603666.SSE,亿嘉和,yang2,2024-09-26,10:15,True,0.0663900414937757,0.0663900414937757
603667.SSE,五洲新春,yang2,2025-01-09,13:15,True,0.10010611956137261,0.11071807569862036
603667.SSE,五洲新春,yin2,2025-01-14,10:00,True,0.09988419224088019,0.1667631731325998
603667.SSE,五洲新春,yang2,2025-02-07,10:00,False,-0.09162034177475809,-0.09162034177475809
603667.SSE,五洲新春,yin2,2026-02-06,10:30,True,0.02767075306479838,0.02767075306479838
603669.SSE,灵康药业,yang2,2024-12-10,09:45,False,-0.11844863731656174,-0.11844863731656174
603676.SSE,卫信康,yin2,2025-07-08,09:45,True,0.007823613086771042,0.007823613086771042
603678.SSE,火炬电子,yin2,2026-06-11,13:15,True,-0.060733322565013736,-0.060733322565013736
603678.SSE,火炬电子,yin2,2026-06-15,09:45,True,0.05830858214788193,0.05830858214788193
603678.SSE,火炬电子,yin2,2026-06-24,09:45,True,0.10000000000000009,0.16383601756954613
603678.SSE,火炬电子,yang2,2026-07-01,10:00,False,-0.10985761226725088,-0.10985761226725088
603678.SSE,火炬电子,yin2,2026-07-23,09:45,False,-0.1316387683405662,-0.1316387683405662
603679.SSE,华体科技,yin2,2024-11-04,10:30,True,0.09981167608286245,0.22284996861268058
603679.SSE,华体科技,yang2,2026-01-09,10:45,False,-0.05159574468085115,-0.05159574468085115
603682.SSE,锦和商管,yang2,2024-12-26,15:00,True,-0.024242424242424176,-0.024242424242424176
603682.SSE,锦和商管,yang2,2024-12-31,09:45,True,0.10026737967914445,-0.009358288770053513
603686.SSE,福龙马,yin2,2025-11-04,10:15,True,0.024798326859874376,0.024798326859874376
603687.SSE,大胜达,yang2,2026-04-30,14:30,True,0.023282887077997527,0.023282887077997527
603688.SSE,石英股份,yang2,2025-04-09,10:00,True,0.09988584474885842,0.1952054794520548
603690.SSE,至纯科技,yang2,2026-08-12,10:00,True,-0.03663003663003661,-0.03663003663003661
603693.SSE,江苏新能,yin2,2025-03-31,15:00,True,0.09991941982272357,0.08783239323126502
603693.SSE,江苏新能,yin2,2025-04-14,10:30,True,0.008185538881309684,0.008185538881309684
603697.SSE,有友食品,yang2,2024-11-07,14:00,False,-0.05074626865671661,-0.05074626865671661
603697.SSE,有友食品,yang2,2024-11-15,13:15,True,-0.032710280373831724,-0.032710280373831724
603698.SSE,航天工程,yang2,2026-04-17,13:30,False,-0.02433817250213499,-0.02433817250213499
603698.SSE,航天工程,yang2,2026-04-30,10:00,True,0.001364566750056806,0.001364566750056806
603703.SSE,盛洋科技,yang2,2025-12-25,11:00,False,-0.03182125930941093,-0.03182125930941093
603703.SSE,盛洋科技,yang2,2026-01-08,09:45,True,0.029976019184652314,0.029976019184652314
603703.SSE,盛洋科技,yin2,2026-01-12,09:45,True,-0.07619047619047603,-0.07619047619047603
603713.SSE,密尔克卫,yin2,2026-07-03,09:45,True,-0.011106903950523939,-0.011106903950523939
603716.SSE,塞力医疗,yin2,2024-11-25,09:45,True,0.09966777408637872,0.03765227021040962
603716.SSE,塞力医疗,yin2,2024-12-09,09:45,True,-0.029029029029029152,-0.029029029029029152
603716.SSE,塞力医疗,yin2,2025-02-14,09:45,True,0.10000000000000009,0.14020618556701048
603716.SSE,塞力医疗,yin2,2025-03-03,10:00,True,0.04695304695304703,0.04695304695304703
603716.SSE,塞力医疗,yang2,2025-09-12,11:15,True,-0.03960396039603953,-0.03960396039603953
603716.SSE,塞力医疗,yin2,2026-01-08,10:45,True,0.04388597149287321,0.04388597149287321
603716.SSE,塞力医疗,yang2,2026-08-06,11:30,False,-0.02544667027612335,-0.02544667027612335
603716.SSE,塞力医疗,yin2,2026-08-20,10:00,True,-0.08439306358381504,-0.08439306358381504
603717.SSE,天域生物,yang2,2025-09-12,13:45,True,0.024096385542168752,0.024096385542168752
603727.SSE,博迈科,yang2,2026-03-23,10:30,True,-0.0015189873417722488,-0.0015189873417722488
603728.SSE,鸣志电器,yang2,2025-02-20,13:30,False,0.059551611396543525,-0.011209715086408112
603738.SSE,泰晶科技,yin2,2026-03-27,11:00,True,0.025200458190148822,0.025200458190148822
603757.SSE,大元泵业,yang2,2026-05-11,10:00,True,0.0011579818031430822,0.0011579818031430822
603757.SSE,大元泵业,yin2,2026-07-06,10:00,True,-0.06326556383381732,-0.06326556383381732
603758.SSE,秦安股份,yin2,2024-11-25,10:45,True,-0.018722466960352402,-0.018722466960352402
603773.SSE,沃格光电,yang2,2026-04-15,10:45,True,-0.02887722132471726,-0.02887722132471726
603773.SSE,沃格光电,yin2,2026-04-17,09:45,True,0.10000000000000009,0.1060491493383744
603773.SSE,沃格光电,yin2,2026-04-27,09:45,True,-0.01138312802120689,-0.01138312802120689
603773.SSE,沃格光电,yin2,2026-04-29,09:45,True,-0.0055921995985087625,-0.0055921995985087625
603773.SSE,沃格光电,yang2,2026-05-11,09:45,True,0.021616893664875736,0.021616893664875736
603773.SSE,沃格光电,yang2,2026-05-21,10:00,False,-0.06476502221183078,-0.06476502221183078
603776.SSE,永安行,yin2,2025-07-03,10:00,True,0.0488826815642458,0.0488826815642458
603778.SSE,国晟科技,yang2,2025-11-10,09:45,True,0.09982788296041312,0.3597246127366611
603778.SSE,国晟科技,yin2,2026-03-03,09:45,True,0.01998710509348811,0.01998710509348811
603778.SSE,国晟科技,yin2,2026-03-06,10:30,True,0.03565166569257738,0.03565166569257738
603778.SSE,国晟科技,yang2,2026-03-11,11:15,True,0.0566762728146013,0.0566762728146013
603778.SSE,国晟科技,yang2,2026-03-30,13:15,True,-0.011857707509881465,-0.011857707509881465
603778.SSE,国晟科技,yin2,2026-04-01,11:00,True,0.0603636363636364,0.0603636363636364
603786.SSE,科博达,yang2,2025-09-29,11:00,False,-0.042570722329030586,-0.042570722329030586
603800.SSE,洪田股份,yang2,2025-08-13,11:00,True,0.042735042735042805,0.042735042735042805
603800.SSE,洪田股份,yin2,2025-08-28,14:30,True,-0.05470635559131132,-0.05470635559131132
603800.SSE,洪田股份,yin2,2025-09-01,14:00,True,-0.05415860735009681,-0.05415860735009681
603801.SSE,志邦家居,yang2,2026-08-31,10:00,False,-0.09623430962343094,-0.09623430962343094
603803.SSE,瑞斯康达,yin2,2026-03-18,09:45,True,0.05864432597105851,0.05864432597105851
603803.SSE,瑞斯康达,yin2,2026-03-23,10:30,True,0.06844626967830258,0.06844626967830258
603803.SSE,瑞斯康达,yin2,2026-04-01,09:45,True,-0.030701754385964897,-0.030701754385964897
603808.SSE,歌力思,yin2,2026-04-09,10:45,True,-0.052816901408450634,-0.052816901408450634
603809.SSE,豪能股份,yin2,2024-11-29,14:00,True,0.04059652029826011,0.04059652029826011
603809.SSE,豪能股份,yang2,2025-02-11,10:15,False,-0.025139664804469275,-0.025139664804469275
603810.SSE,丰山集团,yin2,2025-10-16,09:45,True,-0.03125000000000011,-0.03125000000000011
603811.SSE,诚意药业,yin2,2025-07-14,09:45,True,0.09972801450589319,0.15049864007252944
603811.SSE,诚意药业,yin2,2025-08-04,09:45,True,0.10037174721189612,0.1598513011152416
603811.SSE,诚意药业,yin2,2025-08-08,13:30,True,-0.037928958458759765,-0.037928958458759765
603811.SSE,诚意药业,yang2,2025-08-19,10:00,True,-0.0998810939357907,-0.0998810939357907
603819.SSE,神力股份,yin2,2024-11-22,09:45,True,0.04947283049472828,0.04947283049472828
603819.SSE,神力股份,yin2,2024-11-27,09:45,True,0.008435582822085896,0.008435582822085896
603823.SSE,百合花,yang2,2026-08-11,14:00,True,0.03296995479925546,0.03296995479925546
603823.SSE,百合花,yin2,2026-08-17,09:45,True,0.10001280573697025,0.06633371750544237
603826.SSE,坤彩科技,yang2,2026-02-25,11:30,True,0.00048614487117148997,0.00048614487117148997
603829.SSE,洛凯股份,yin2,2025-11-21,09:45,True,-0.09984579799537396,-0.09984579799537396
603829.SSE,洛凯股份,yang2,2025-12-09,13:15,True,0.008936825885978328,0.008936825885978328
603839.SSE,安正时尚,yin2,2024-08-19,09:45,True,-0.09913043478260875,-0.09913043478260875
603839.SSE,安正时尚,yang2,2025-04-30,09:45,True,0.02076124567474058,0.02076124567474058
603839.SSE,安正时尚,yin2,2025-05-15,13:15,True,0.10014727540500723,0.038291605301914444
603839.SSE,安正时尚,yin2,2025-05-22,09:45,True,-0.03430079155672816,-0.03430079155672816
603839.SSE,安正时尚,yang2,2025-05-28,09:45,True,0.08200734394124853,0.08200734394124853
603859.SSE,能科科技,yang2,2024-11-01,09:45,True,0.09982332155477014,0.37853356890459366
603859.SSE,能科科技,yang2,2026-07-01,09:45,True,-0.035998484274346265,-0.035998484274346265
603861.SSE,白云电器,yang2,2026-03-02,13:30,True,-0.03367496339677878,-0.03367496339677878
603861.SSE,白云电器,yin2,2026-07-23,14:45,True,-0.044628099173553704,-0.044628099173553704
603863.SSE,松炀资源,yin2,2024-11-05,13:30,True,0.07806563039723668,0.07806563039723668
603879.SSE,永悦科技,yin2,2025-12-24,10:30,True,0.01333333333333342,0.01333333333333342
603879.SSE,永悦科技,yang2,2025-12-29,09:45,True,-0.008658008658008587,-0.008658008658008587
603882.SSE,金域医学,yin2,2025-02-14,11:00,True,0.025344352617080013,0.025344352617080013
603882.SSE,金域医学,yin2,2025-02-19,11:00,True,0.044018643190057105,0.044018643190057105
603883.SSE,老百姓,yin2,2024-11-06,13:45,False,-0.019830028328611804,-0.019830028328611804
603883.SSE,老百姓,yang2,2024-11-28,14:30,False,-0.025000000000000022,-0.025000000000000022
603893.SSE,瑞芯微,yin2,2024-10-14,11:00,True,0.053342245989304926,0.053342245989304926
603893.SSE,瑞芯微,yang2,2024-10-18,14:00,True,0.10003421923120781,0.04710847496292914
603893.SSE,瑞芯微,yin2,2024-12-26,13:15,True,0.001734906315058904,0.001734906315058904
603893.SSE,瑞芯微,yang2,2025-01-07,11:15,True,0.10001853911753811,0.19280682239525415
603893.SSE,瑞芯微,yang2,2025-01-15,10:30,False,-0.07945961650203381,-0.07945961650203381
603893.SSE,瑞芯微,yin2,2025-01-17,11:00,True,0.032924467398321555,0.032924467398321555
603893.SSE,瑞芯微,yin2,2025-09-18,10:15,False,-0.06052803840279297,-0.06052803840279297
603897.SSE,长城科技,yin2,2026-03-16,09:45,False,-0.13518943742824352,-0.13518943742824352
603897.SSE,长城科技,yin2,2026-03-18,09:45,True,0.006940253470126612,0.006940253470126612
603897.SSE,长城科技,yang2,2026-03-30,14:15,True,-0.048038917604135034,-0.048038917604135034
603898.SSE,好莱客,yin2,2025-12-02,09:45,True,-0.004307250538406304,-0.004307250538406304
603898.SSE,好莱客,yin2,2025-12-08,11:30,True,0.023480662983425438,0.023480662983425438
603900.SSE,莱绅通灵,yin2,2025-04-17,09:45,True,-0.06627393225331368,-0.06627393225331368
603900.SSE,莱绅通灵,yang2,2025-05-20,10:00,True,0.10011248593925748,0.2879640044994374
603900.SSE,莱绅通灵,yang2,2026-09-03,10:45,False,-0.10997442455242967,-0.10997442455242967
603901.SSE,永创智能,yang2,2024-11-29,14:00,True,0.014823261117445918,0.014823261117445918
603903.SSE,中持股份,yin2,2025-10-31,09:45,True,0.01869158878504673,0.01869158878504673
603906.SSE,龙蟠科技,yang2,2024-10-15,11:15,True,-0.02487562189054726,-0.02487562189054726
603906.SSE,龙蟠科技,yang2,2024-11-05,11:15,True,0.03349282296650724,0.03349282296650724
603906.SSE,龙蟠科技,yin2,2024-11-28,09:45,False,-0.10965517241379308,-0.10965517241379308
603906.SSE,龙蟠科技,yang2,2025-06-24,13:15,True,0.10027100271002709,0.06571815718157192
603918.SSE,金桥信息,yin2,2025-03-06,09:45,True,-0.0701841712294674,-0.0701841712294674
603920.SSE,世运电路,yang2,2024-10-18,13:15,False,0.009917355371900971,0.009917355371900971
603920.SSE,世运电路,yin2,2024-10-29,13:30,False,-0.015471167369901617,-0.015471167369901617
603928.SSE,兴业股份,yang2,2026-08-05,10:00,True,0.048576214405360085,0.048576214405360085
603929.SSE,亚翔集成,yang2,2025-11-14,13:30,True,-0.025787437833855176,-0.025787437833855176
603929.SSE,亚翔集成,yin2,2025-11-18,14:00,True,-0.03489171536610525,-0.03489171536610525
603929.SSE,亚翔集成,yin2,2025-12-22,13:30,True,0.10004062563477567,0.08968108876701208
603929.SSE,亚翔集成,yin2,2025-12-26,11:00,False,-0.1907375643224699,-0.1907375643224699
603929.SSE,亚翔集成,yang2,2026-01-05,10:00,True,0.10004759638267502,0.11756306520704429
603929.SSE,亚翔集成,yang2,2026-01-16,09:45,True,-0.10002447081854882,-0.10002447081854882
603929.SSE,亚翔集成,yin2,2026-01-27,10:45,True,0.05848930481283432,0.05848930481283432
603929.SSE,亚翔集成,yin2,2026-06-17,14:00,True,-0.07175467309845807,-0.07175467309845807
603929.SSE,亚翔集成,yang2,2026-06-24,10:00,True,0.10000862515094022,0.124935311367949
603929.SSE,亚翔集成,yin2,2026-07-10,09:45,False,-0.09820421618808006,-0.09820421618808006
603931.SSE,格林达,yang2,2026-05-07,13:15,True,-0.02881778987973682,-0.02881778987973682
603933.SSE,睿能科技,yin2,2026-04-16,13:30,True,-0.018036072144288595,-0.018036072144288595
603933.SSE,睿能科技,yin2,2026-04-29,09:45,True,0.05027932960893855,0.05027932960893855
603936.SSE,博敏电子,yang2,2026-06-11,10:45,True,-0.013069139966273124,-0.013069139966273124
603936.SSE,博敏电子,yang2,2026-06-18,13:45,False,-0.03464673913043481,-0.03464673913043481
603950.SSE,长源东谷,yang2,2026-07-06,10:00,False,-0.09316972526875877,-0.09316972526875877
603950.SSE,长源东谷,yin2,2026-07-16,10:00,False,-0.10858294930875578,-0.10858294930875578
603955.SSE,大千生态,yin2,2025-04-28,10:30,True,-0.007008322382829446,-0.007008322382829446
603955.SSE,大千生态,yin2,2025-04-30,11:15,True,0.016038492381716063,0.016038492381716063
603955.SSE,大千生态,yin2,2025-05-19,13:45,True,0.07151029748283744,0.07151029748283744
603956.SSE,威派格,yin2,2026-07-31,13:15,True,0.04552352048558417,0.04552352048558417
603956.SSE,威派格,yang2,2026-08-13,09:45,True,-0.08260325406758451,-0.08260325406758451
603958.SSE,哈森股份,yin2,2025-04-01,14:45,True,0.09208309938236958,0.09208309938236958
603958.SSE,哈森股份,yang2,2026-02-06,11:15,False,-0.027915353444394442,-0.027915353444394442
603958.SSE,哈森股份,yin2,2026-02-26,13:15,True,0.043855421686747054,0.043855421686747054
603958.SSE,哈森股份,yin2,2026-08-20,09:45,True,0.1001070663811563,0.1916488222698074
603967.SSE,中创物流,yin2,2025-04-16,09:45,True,0.006028636021100153,0.006028636021100153
603978.SSE,深圳新星,yang2,2024-10-21,09:45,True,0.10000000000000009,0.13973509933774841
603978.SSE,深圳新星,yang2,2024-10-25,10:00,True,-0.03125,-0.03125
603978.SSE,深圳新星,yin2,2025-11-11,11:30,False,-0.086175475136683,-0.086175475136683
603978.SSE,深圳新星,yin2,2025-11-20,09:45,True,-0.09997135491263232,-0.09997135491263232
603980.SSE,吉华集团,yin2,2025-06-09,13:15,True,0.09999999999999987,0.05769230769230771
603980.SSE,吉华集团,yang2,2025-06-24,13:15,True,0.007155635062611854,0.007155635062611854
603982.SSE,泉峰汽车,yin2,2025-06-19,09:45,True,-0.05437788018433176,-0.05437788018433176
603982.SSE,泉峰汽车,yang2,2025-06-25,10:00,False,-0.12176814011676407,-0.12176814011676407
603982.SSE,泉峰汽车,yin2,2025-06-30,10:15,True,0.01534296028880866,0.01534296028880866
603988.SSE,中电电机,yin2,2024-09-26,10:00,False,-0.08698412698412694,-0.08698412698412694
603988.SSE,中电电机,yin2,2024-11-18,09:45,True,-0.0015243902439024959,-0.0015243902439024959
603988.SSE,中电电机,yang2,2024-11-28,14:15,False,0.030927835051546282,0.030927835051546282
603988.SSE,中电电机,yang2,2024-12-02,10:15,True,-0.025757575757575757,-0.025757575757575757
603988.SSE,中电电机,yang2,2025-10-09,09:45,True,0.003236245954692629,0.003236245954692629
603988.SSE,中电电机,yin2,2026-07-27,14:15,True,-0.021064301552106368,-0.021064301552106368
603988.SSE,中电电机,yin2,2026-08-05,14:30,True,0.1002421307506054,0.08571428571428585
603988.SSE,中电电机,yin2,2026-08-20,09:45,True,-0.019339622641509457,-0.019339622641509457
603989.SSE,艾华集团,yang2,2026-06-04,13:30,True,0.03649635036496357,0.03649635036496357
603989.SSE,艾华集团,yin2,2026-06-15,11:15,False,0.08407079646017679,0.40391908975979773
603989.SSE,艾华集团,yang2,2026-06-16,13:15,True,0.10000000000000009,0.2950437317784258
603990.SSE,麦迪科技,yang2,2025-02-26,13:30,False,-0.08260105448154653,-0.08260105448154653
603990.SSE,麦迪科技,yin2,2025-03-14,15:00,False,-0.04891640866873059,-0.04891640866873059
605003.SSE,众望布艺,yang2,2026-01-12,10:45,False,0.012012012012012185,0.012012012012012185
605005.SSE,合兴股份,yin2,2025-06-03,09:45,True,0.10004547521600737,0.03683492496589369
605006.SSE,山东玻纤,yin2,2025-07-01,14:00,True,0.023004059539918797,0.023004059539918797
605006.SSE,山东玻纤,yang2,2026-06-16,10:00,True,0.08423686405337771,0.08423686405337771
605006.SSE,山东玻纤,yin2,2026-07-09,09:45,False,-0.048835888699602426,-0.048835888699602426
605028.SSE,世茂能源,yin2,2026-07-22,09:45,True,0.07098892080426755,0.07098892080426755
605033.SSE,美邦股份,yang2,2025-06-06,14:45,True,0.009726725335803543,0.009726725335803543
605033.SSE,美邦股份,yin2,2025-06-12,10:15,True,-0.0008968609865470656,-0.0008968609865470656
605056.SSE,咸亨国际,yin2,2024-10-18,14:45,True,0.05559619604974397,0.05559619604974397
605058.SSE,澳弘电子,yang2,2025-07-09,10:30,True,-0.050628930817609996,-0.050628930817609996
605068.SSE,明新旭腾,yin2,2025-05-12,13:45,False,-0.08616071428571426,-0.08616071428571426
605068.SSE,明新旭腾,yang2,2025-09-05,10:30,True,0.040530582166543816,0.040530582166543816
605069.SSE,正和生态,yang2,2025-02-10,10:30,True,-0.035516093229744805,-0.035516093229744805
605069.SSE,正和生态,yang2,2025-03-24,14:45,True,0.10028116213683225,0.08903467666354259
605080.SSE,浙江自然,yang2,2025-01-14,10:00,True,0.005079825834542806,0.005079825834542806
605080.SSE,浙江自然,yang2,2025-01-17,10:30,False,-0.01789781972014326,-0.01789781972014326
605086.SSE,龙高股份,yin2,2026-01-08,13:45,True,0.0020458265139116083,0.0020458265139116083
605099.SSE,共创草坪,yang2,2025-07-07,10:45,True,-0.03743315508021383,-0.03743315508021383
605099.SSE,共创草坪,yin2,2026-05-15,10:30,True,-0.10007468259895447,-0.10007468259895447
605118.SSE,力鼎光电,yang2,2025-01-22,10:00,True,-0.0179609086106709,-0.0179609086106709
605136.SSE,丽人丽妆,yang2,2025-12-08,11:30,True,0.02512998266897748,0.02512998266897748
605138.SSE,盛泰集团,yin2,2025-05-13,10:00,True,0.09971509971509973,0.11965811965811968
605151.SSE,西上海,yang2,2025-06-30,10:15,True,0.10000000000000009,0.08865979381443312
605162.SSE,新中港,yin2,2026-08-10,09:45,True,-0.024651661307609873,-0.024651661307609873
605162.SSE,新中港,yin2,2026-08-17,15:00,True,0.019937040923399874,0.019937040923399874
605167.SSE,利柏特,yang2,2026-01-16,09:45,True,0.06728538283062657,0.06728538283062657
605168.SSE,三人行,yang2,2026-05-07,11:00,True,-0.005165486894968541,-0.005165486894968541
605168.SSE,三人行,yang2,2026-05-13,13:15,True,0.004482815872488777,0.004482815872488777
605178.SSE,时空科技,yin2,2024-08-13,09:45,True,0.01090909090909098,0.01090909090909098
605179.SSE,一鸣食品,yin2,2025-01-21,14:15,False,-0.11051985264019648,-0.11051985264019648
605188.SSE,国光连锁,yang2,2025-05-28,13:30,True,0.04267425320056906,0.04267425320056906
605189.SSE,富春染织,yin2,2026-08-10,10:00,False,-0.013271783035198936,-0.013271783035198936
605208.SSE,永茂泰,yin2,2025-02-27,09:45,True,-0.03958691910499135,-0.03958691910499135
605208.SSE,永茂泰,yang2,2025-03-04,10:15,True,0.036741214057508076,0.036741214057508076
605208.SSE,永茂泰,yang2,2025-03-06,10:00,True,0.10014005602240905,0.15756302521008414
605208.SSE,永茂泰,yin2,2025-04-02,13:30,False,-0.024247491638796026,-0.024247491638796026
605255.SSE,天普股份,yang2,2025-12-25,10:15,True,0.0526992287917738,0.0526992287917738
605255.SSE,天普股份,yang2,2025-12-29,10:15,True,0.10000000000000009,-0.009989909182643752
605255.SSE,天普股份,yin2,2026-02-02,11:00,True,0.0875214696437907,0.0875214696437907
605255.SSE,天普股份,yang2,2026-05-11,09:45,True,0.032619236533544926,0.032619236533544926
605259.SSE,绿田机械,yin2,2025-07-25,13:30,True,0.03874184886843102,0.03874184886843102
605266.SSE,健之佳,yang2,2024-09-30,13:30,True,0.04903172641120723,0.04903172641120723
605266.SSE,健之佳,yang2,2024-11-12,10:15,True,-0.03114186851211065,-0.03114186851211065
605277.SSE,新亚电子,yang2,2025-07-10,14:45,False,-0.05257054503285652,-0.05257054503285652
605277.SSE,新亚电子,yang2,2025-07-17,11:00,False,-0.09749719835636905,-0.09749719835636905
605277.SSE,新亚电子,yang2,2025-07-22,09:45,True,-0.04810996563573888,-0.04810996563573888
605277.SSE,新亚电子,yang2,2025-07-29,09:45,True,0.03878116343490312,0.03878116343490312
605287.SSE,德才股份,yang2,2026-01-21,09:45,True,0.07003891050583655,0.07003891050583655
605287.SSE,德才股份,yin2,2026-01-26,09:45,False,-0.06791104050833996,-0.06791104050833996
605287.SSE,德才股份,yang2,2026-05-25,14:45,False,-0.12052117263843642,-0.12052117263843642
605288.SSE,凯迪股份,yin2,2026-06-02,11:00,True,0.03201347935973042,0.03201347935973042
605288.SSE,凯迪股份,yin2,2026-06-15,09:45,True,0.04760547320410491,0.04760547320410491
605289.SSE,罗曼股份,yang2,2025-09-17,15:00,True,0.051042535446205184,0.051042535446205184
605289.SSE,罗曼股份,yin2,2025-09-29,13:30,True,0.06105538595726112,0.06105538595726112
605289.SSE,罗曼股份,yang2,2025-10-10,09:45,False,-0.06288381233112261,-0.06288381233112261
605289.SSE,罗曼股份,yang2,2026-05-08,09:45,True,0.012522576760987336,0.012522576760987336
605289.SSE,罗曼股份,yin2,2026-05-27,11:15,True,0.009232060428031819,0.009232060428031819
605289.SSE,罗曼股份,yang2,2026-07-01,10:00,True,-0.09999999999999998,-0.09999999999999998
605299.SSE,舒华体育,yin2,2026-03-27,14:45,True,0.0072727272727273196,0.0072727272727273196
605303.SSE,园林股份,yin2,2025-10-17,13:30,True,0.0,0.0
605318.SSE,法狮龙,yang2,2026-01-19,09:45,True,-0.014141718068301445,-0.014141718068301445
605318.SSE,法狮龙,yang2,2026-06-25,10:30,True,-0.04113263785394916,-0.04113263785394916
605358.SSE,立昂微,yin2,2024-10-18,14:45,False,0.014660493827160392,0.014660493827160392
605358.SSE,立昂微,yin2,2025-12-22,10:00,True,0.003814713896457711,0.003814713896457711
605358.SSE,立昂微,yin2,2026-01-05,11:15,True,0.10000000000000009,0.08355091383812008
605366.SSE,宏柏新材,yin2,2026-04-15,13:30,True,0.04399701715137949,0.04399701715137949
605377.SSE,华旺科技,yin2,2026-06-29,11:00,True,-0.02310924369747891,-0.02310924369747891
605377.SSE,华旺科技,yin2,2026-07-06,11:30,True,-0.003092783505154628,-0.003092783505154628
605388.SSE,均瑶健康,yang2,2024-12-12,14:45,True,-0.04390243902439017,-0.04390243902439017
605488.SSE,福莱新材,yang2,2025-03-05,14:45,True,0.0790844808336435,0.0790844808336435
605580.SSE,恒盛能源,yin2,2025-10-24,10:30,False,-0.05449900652852668,-0.05449900652852668
605580.SSE,恒盛能源,yang2,2025-11-11,15:00,True,-0.08027728085867614,-0.08027728085867614
605580.SSE,恒盛能源,yang2,2026-05-28,14:30,True,0.07487579843860903,0.07487579843860903
605589.SSE,圣泉集团,yang2,2026-06-25,13:15,True,-0.08566337719298245,-0.08566337719298245
605598.SSE,上海港湾,yin2,2025-08-06,10:00,False,0.06217616580310881,0.1570346751693903
605598.SSE,上海港湾,yang2,2025-08-07,13:30,True,0.10018761726078806,0.08930581613508459
