vt_symbol,g2,entry_day,touch,ret_bw,year
000006.SZSE,yin2,2025-10-21,11:05,-0.0068078668683811,2025
000011.SZSE,yin2,2025-08-14,09:40,-0.0978456014362656,2025
000012.SZSE,yin2,2026-06-22,10:10,-0.0126849894291756,2026
000020.SZSE,yin2,2024-09-09,10:10,-0.0096385542168674,2024
000029.SZSE,yin2,2026-06-09,09:50,0.0374898125509373,2026
000029.SZSE,yin2,2026-06-16,10:35,0.0343953656770454,2026
000035.SZSE,yin2,2026-03-06,10:15,-0.0537897310513446,2026
000035.SZSE,yin2,2026-03-24,09:40,0.0134048257372654,2026
000036.SZSE,yin2,2026-02-25,11:15,-0.0626029654036243,2026
000058.SZSE,yin2,2024-09-06,10:35,-0.0636942675159235,2024
000062.SZSE,yin2,2026-05-11,10:20,-0.0434893834740343,2026
000065.SZSE,yin2,2025-02-24,09:35,-0.018578352180937,2025
000096.SZSE,yin2,2025-02-20,14:05,-0.0639213275968039,2025
000096.SZSE,yin2,2025-02-24,09:55,0.3134328358208955,2025
000099.SZSE,yin2,2024-11-18,15:00,0.0285027472527472,2024
000156.SZSE,yin2,2025-02-21,09:35,-0.0669546436285096,2025
000421.SZSE,yin2,2024-12-26,09:35,0.134259259259259,2024
000428.SZSE,yin2,2026-09-04,10:00,,2026
000506.SZSE,yin2,2026-07-02,10:40,0.0396510705789057,2026
000510.SZSE,yin2,2025-06-03,09:35,-0.0033167495854063,2025
000514.SZSE,yin2,2025-04-22,10:20,-0.1207627118644066,2025
000514.SZSE,yin2,2025-04-24,09:35,0.0590809628008752,2025
000520.SZSE,yin2,2026-06-15,09:35,0.0021881838074397,2026
000523.SZSE,yin2,2025-12-26,09:35,-0.0345679012345678,2025
000530.SZSE,yin2,2024-11-25,14:45,-0.0373001776198934,2024
000530.SZSE,yin2,2025-12-05,10:00,-0.0619578686493185,2025
000530.SZSE,yin2,2025-12-17,09:35,-0.0931076178960096,2025
000530.SZSE,yin2,2025-12-30,10:50,-0.026595744680851,2025
000533.SZSE,yin2,2025-11-13,10:00,-0.1002892960462873,2025
000534.SZSE,yin2,2025-08-08,13:15,-0.0086956521739129,2025
000534.SZSE,yin2,2026-04-01,09:50,-0.0156490507952795,2026
000539.SZSE,yin2,2026-04-23,13:30,-0.0901525658807212,2026
000545.SZSE,yin2,2026-02-27,09:35,-0.056910569105691,2026
000545.SZSE,yin2,2026-03-06,09:50,-0.0346666666666666,2026
000545.SZSE,yin2,2026-03-11,10:25,0.0287206266318538,2026
000551.SZSE,yin2,2024-10-18,10:40,0.0242112986060161,2024
000554.SZSE,yin2,2025-06-23,10:55,-0.1003627569528414,2025
000555.SZSE,yin2,2024-10-29,10:45,-0.0399999999999999,2024
000555.SZSE,yin2,2025-11-03,10:00,0.0503597122302157,2025
000559.SZSE,yin2,2025-10-31,09:35,-0.0079681274900399,2025
000561.SZSE,yin2,2025-06-17,13:45,-0.0494949494949494,2025
000561.SZSE,yin2,2025-06-23,13:05,0.0319829424307034,2025
000566.SZSE,yin2,2026-08-25,09:55,0.0120724346076459,2026
000571.SZSE,yin2,2026-07-15,10:45,-0.0399385560675883,2026
000572.SZSE,yin2,2025-10-31,09:45,0.3636363636363637,2025
000592.SZSE,yin2,2025-10-23,14:30,0.5593220338983051,2025
000593.SZSE,yin2,2026-05-27,14:35,-0.0720245937637242,2026
000595.SZSE,yin2,2026-07-22,09:35,0.1713147410358566,2026
000599.SZSE,yin2,2024-11-11,10:10,0.0017421602787455,2024
000601.SZSE,yin2,2025-04-14,09:40,0.0555555555555555,2025
000601.SZSE,yin2,2025-04-24,11:15,0.0871632329635501,2025
000601.SZSE,yin2,2026-05-27,10:05,-0.0024875621890546,2026
000601.SZSE,yin2,2026-06-02,10:20,0.0344827586206897,2026
000601.SZSE,yin2,2026-07-06,10:05,-0.0922865013774104,2026
000603.SZSE,yin2,2026-07-21,14:10,0.2085769980506824,2026
000608.SZSE,yin2,2024-11-18,09:35,-0.011320754716981,2024
000617.SZSE,yin2,2024-10-31,14:25,-0.1024498886414253,2024
000617.SZSE,yin2,2025-08-27,11:30,0.0007668711656443,2025
000620.SZSE,yin2,2025-12-15,10:10,0.0,2025
000620.SZSE,yin2,2026-01-16,13:30,0.0654761904761904,2026
000626.SZSE,yin2,2024-10-28,11:20,-0.0029629629629629,2024
000626.SZSE,yin2,2024-12-05,10:50,0.0113154172560112,2024
000633.SZSE,yin2,2025-11-18,10:25,0.0313630880579012,2025
000633.SZSE,yin2,2025-11-28,10:20,-0.0140023337222872,2025
000636.SZSE,yin2,2026-06-09,10:50,-0.0207924034053699,2026
000636.SZSE,yin2,2026-06-11,09:50,-0.1013831889344886,2026
000636.SZSE,yin2,2026-06-15,10:05,0.0858065508226972,2026
000652.SZSE,yin2,2024-10-14,13:20,-0.0571428571428571,2024
000657.SZSE,yin2,2025-11-05,14:40,0.0019960079840319,2025
000659.SZSE,yin2,2026-01-27,14:55,-0.0060851926977686,2026
000668.SZSE,yin2,2026-07-29,13:30,-0.0635467980295566,2026
000668.SZSE,yin2,2026-08-10,11:10,-0.011595547309833,2026
000676.SZSE,yin2,2024-10-21,11:05,0.1073961499493414,2024
000678.SZSE,yin2,2024-09-19,10:25,-0.0235294117647056,2024
000679.SZSE,yin2,2024-08-28,09:35,-0.0733333333333333,2024
000679.SZSE,yin2,2024-08-30,13:05,-0.0261437908496732,2024
000679.SZSE,yin2,2025-01-13,13:15,0.1565836298932383,2025
000679.SZSE,yin2,2025-02-17,15:00,0.0044709388971684,2025
000681.SZSE,yin2,2026-01-29,10:15,-0.0799581005586591,2026
000686.SZSE,yin2,2024-10-31,11:10,-0.0216154721274174,2024
000688.SZSE,yin2,2025-11-13,10:05,0.034030340303403,2025
000695.SZSE,yin2,2024-11-20,10:20,0.0599393019726859,2024
000700.SZSE,yin2,2026-01-21,11:10,-0.0376378974691758,2026
000700.SZSE,yin2,2026-06-15,09:50,0.0170454545454545,2026
000700.SZSE,yin2,2026-06-26,09:50,-0.0929319371727748,2026
000710.SZSE,yin2,2025-02-14,09:35,-0.0103092783505155,2025
000710.SZSE,yin2,2025-03-06,14:45,0.0279097387173397,2025
000720.SZSE,yin2,2026-05-28,09:35,0.0414201183431952,2026
000735.SZSE,yin2,2026-09-04,11:15,,2026
000736.SZSE,yin2,2024-09-25,09:35,-0.0833333333333332,2024
000736.SZSE,yin2,2024-10-16,11:10,-0.0716134598792062,2024
000751.SZSE,yin2,2026-02-27,09:55,0.0711297071129706,2026
000753.SZSE,yin2,2025-11-28,13:50,0.0151162790697674,2025
000759.SZSE,yin2,2026-06-29,10:20,0.0063391442155309,2026
000783.SZSE,yin2,2026-05-11,14:15,-0.0110619469026548,2026
000783.SZSE,yin2,2026-06-25,10:25,-0.0384236453201971,2026
000803.SZSE,yin2,2024-11-15,10:50,0.009765625,2024
000811.SZSE,yin2,2026-08-17,13:35,-0.031492570414726,2026
000815.SZSE,yin2,2026-04-16,09:40,-0.0274651058081945,2026
000818.SZSE,yin2,2026-05-22,13:05,0.0161691542288557,2026
000819.SZSE,yin2,2025-10-21,13:45,-0.0437659033078879,2025
000820.SZSE,yin2,2025-01-21,09:55,-0.0651629072681705,2025
000863.SZSE,yin2,2024-12-18,14:25,-0.0978886756238003,2024
000863.SZSE,yin2,2025-12-26,10:35,0.0852575488454707,2025
000877.SZSE,yin2,2025-08-08,13:40,0.0775862068965518,2025
000880.SZSE,yin2,2024-12-25,09:35,0.1342042755344419,2024
000880.SZSE,yin2,2025-01-07,09:45,0.0416204217536071,2025
000880.SZSE,yin2,2025-02-14,14:45,0.0695047784535187,2025
000880.SZSE,yin2,2026-02-03,13:05,-0.0389680193496372,2026
000882.SZSE,yin2,2025-01-02,09:50,-0.0087336244541484,2025
000882.SZSE,yin2,2025-01-20,10:20,0.3203125,2025
000889.SZSE,yin2,2026-05-28,09:35,-0.0604651162790697,2026
000892.SZSE,yin2,2025-06-26,09:50,0.0125000000000001,2025
000892.SZSE,yin2,2025-07-03,09:35,-0.006237006237006,2025
000892.SZSE,yin2,2025-11-21,09:35,0.1994535519125682,2025
000892.SZSE,yin2,2026-08-04,13:50,-0.0191846522781774,2026
000901.SZSE,yin2,2025-08-08,09:40,0.1297935103244838,2025
000901.SZSE,yin2,2025-08-13,09:40,0.0450878025628855,2025
000905.SZSE,yin2,2025-04-09,14:55,0.05078125,2025
000919.SZSE,yin2,2026-04-15,10:00,0.0048426150121065,2026
000920.SZSE,yin2,2026-07-16,09:40,-0.0106007067137809,2026
000925.SZSE,yin2,2024-12-26,11:10,-0.0254143646408839,2024
000927.SZSE,yin2,2026-03-31,09:35,-0.0508982035928143,2026
000927.SZSE,yin2,2026-04-10,09:35,-0.0720720720720721,2026
000948.SZSE,yin2,2024-09-19,10:35,0.1388724035608308,2024
000948.SZSE,yin2,2024-10-30,09:55,0.0360777058279369,2024
000950.SZSE,yin2,2025-12-15,11:10,-0.0309278350515463,2025
000953.SZSE,yin2,2024-11-25,09:50,0.1520572450805009,2024
000955.SZSE,yin2,2024-12-05,09:50,0.0484949832775918,2024
000955.SZSE,yin2,2024-12-11,13:20,-0.0581196581196581,2024
000955.SZSE,yin2,2025-11-11,10:00,-0.0572625698324023,2025
000955.SZSE,yin2,2025-11-18,13:15,-0.0688836104513064,2025
000962.SZSE,yin2,2026-02-25,13:15,0.0717069368667187,2026
000967.SZSE,yin2,2026-05-13,14:50,-0.0649606299212598,2026
000968.SZSE,yin2,2026-03-19,13:40,0.0499490316004078,2026
000969.SZSE,yin2,2025-11-13,14:25,-0.0944287063267232,2025
000969.SZSE,yin2,2026-01-14,09:45,-0.1143958868894602,2026
000977.SZSE,yin2,2026-07-20,09:45,0.0413436692506459,2026
000980.SZSE,yin2,2025-10-13,10:00,-0.0909090909090908,2025
000981.SZSE,yin2,2025-01-16,09:45,-0.0634920634920636,2025
000981.SZSE,yin2,2025-02-05,14:45,-0.0313901345291479,2025
000981.SZSE,yin2,2026-01-14,09:40,-0.1005291005291005,2026
000987.SZSE,yin2,2024-10-14,13:25,-0.0544217687074829,2024
001202.SZSE,yin2,2025-09-19,09:35,-0.0800644814615797,2025
001202.SZSE,yin2,2026-01-21,09:50,0.0054482417038137,2026
001210.SZSE,yin2,2026-06-26,09:35,-0.0579101972303818,2026
001212.SZSE,yin2,2025-05-14,10:15,0.0102148114766411,2025
001212.SZSE,yin2,2025-05-16,13:15,-0.0293322519599892,2025
001221.SZSE,yin2,2025-09-24,14:15,-0.012816861293079,2025
001223.SZSE,yin2,2026-08-07,09:35,-0.0539227592907456,2026
001225.SZSE,yin2,2026-01-12,10:05,-0.036318715256331,2026
001229.SZSE,yin2,2026-07-07,09:35,0.171303451828954,2026
001229.SZSE,yin2,2026-08-03,09:35,0.2098341909662666,2026
001258.SZSE,yin2,2025-04-03,10:20,-0.0683156654888104,2025
001258.SZSE,yin2,2026-08-26,13:15,0.0177514792899409,2026
001258.SZSE,yin2,2026-09-04,10:20,,2026
001266.SZSE,yin2,2026-05-20,14:10,-0.0048628671464695,2026
001267.SZSE,yin2,2025-10-24,11:25,0.115757266700663,2025
001270.SZSE,yin2,2024-11-04,13:40,0.0404858299595141,2024
001296.SZSE,yin2,2025-09-04,10:15,0.0087121212121212,2025
001296.SZSE,yin2,2026-07-14,09:55,-0.0517511761630945,2026
001298.SZSE,yin2,2024-08-30,09:45,0.0518664047151278,2024
001308.SZSE,yin2,2024-12-24,11:20,-0.0187743535246192,2024
001309.SZSE,yin2,2025-03-07,13:30,-0.0334970406749779,2025
001316.SZSE,yin2,2025-04-24,13:55,-0.0734011627906977,2025
001316.SZSE,yin2,2026-01-29,09:35,-0.0263358778625952,2026
001317.SZSE,yin2,2026-07-27,10:15,-0.0015441034549316,2026
001318.SZSE,yin2,2025-12-15,09:35,0.0283775447254781,2025
001330.SZSE,yin2,2025-09-19,10:55,-0.0335999999999999,2025
001330.SZSE,yin2,2026-09-03,09:35,-0.0899053627760252,2026
001337.SZSE,yin2,2025-04-21,14:15,0.0609212481426446,2025
001339.SZSE,yin2,2026-06-24,10:45,-0.0010222709017888,2026
001360.SZSE,yin2,2025-12-25,11:20,-0.0366161616161616,2025
001365.SZSE,yin2,2026-07-16,10:20,-0.0751445086705202,2026
001368.SZSE,yin2,2025-03-06,09:55,-0.039207238259371,2025
001368.SZSE,yin2,2025-04-17,13:05,0.0196779964221824,2025
001376.SZSE,yin2,2026-02-11,13:35,-0.0345480359678183,2026
001396.SZSE,yin2,2026-03-04,10:20,-0.0727969348659004,2026
001396.SZSE,yin2,2026-03-24,14:20,-0.0145268105105746,2026
001896.SZSE,yin2,2025-07-16,09:45,-0.0433526011560693,2025
002006.SZSE,yin2,2024-11-25,13:10,-0.0677361853832441,2024
002006.SZSE,yin2,2024-11-27,10:00,0.0811123986095017,2024
002009.SZSE,yin2,2026-02-06,10:30,0.0296717171717171,2026
002015.SZSE,yin2,2026-03-06,09:45,0.1600512163892447,2026
002015.SZSE,yin2,2026-03-11,09:50,0.1179126944305068,2026
002015.SZSE,yin2,2026-04-01,10:00,-0.065031374786081,2026
002015.SZSE,yin2,2026-04-07,10:50,0.0050505050505049,2026
002017.SZSE,yin2,2025-08-05,10:55,0.0283505154639174,2025
002021.SZSE,yin2,2024-11-28,10:10,0.0265151515151513,2024
002021.SZSE,yin2,2025-09-29,09:50,-0.05625,2025
002029.SZSE,yin2,2025-10-20,09:35,0.0210084033613446,2025
002030.SZSE,yin2,2026-05-18,09:35,0.0,2026
002030.SZSE,yin2,2026-05-25,09:35,-0.0099431818181818,2026
002031.SZSE,yin2,2024-11-19,10:10,0.069047619047619,2024
002031.SZSE,yin2,2025-02-19,09:45,0.03037120359955,2025
002031.SZSE,yin2,2026-09-03,09:50,-0.0612959719789841,2026
002040.SZSE,yin2,2025-05-13,14:20,0.5598958333333335,2025
002040.SZSE,yin2,2025-10-16,13:50,-0.0062646828504306,2025
002041.SZSE,yin2,2026-09-01,09:55,-0.0850168350168351,2026
002044.SZSE,yin2,2025-02-12,13:30,0.0260416666666667,2025
002045.SZSE,yin2,2024-12-20,09:55,-0.0183646698731964,2024
002051.SZSE,yin2,2026-04-14,09:45,0.0711645101663585,2026
002068.SZSE,yin2,2024-11-11,13:05,-0.028692879914984,2024
002069.SZSE,yin2,2024-12-04,09:40,0.0428571428571427,2024
002076.SZSE,yin2,2024-11-28,09:35,-0.0485074626865672,2024
002076.SZSE,yin2,2024-12-02,13:05,0.0249110320284697,2024
002081.SZSE,yin2,2026-06-10,09:40,-0.0993265993265994,2026
002084.SZSE,yin2,2025-10-22,11:25,-0.1,2025
002086.SZSE,yin2,2024-12-16,10:20,-0.0978520286396182,2024
002094.SZSE,yin2,2025-05-29,11:25,-0.0194075587334013,2025
002095.SZSE,yin2,2025-04-25,13:10,0.0105740181268882,2025
002095.SZSE,yin2,2025-05-12,09:35,0.0230769230769229,2025
002112.SZSE,yin2,2026-03-04,09:40,0.0218579234972677,2026
002115.SZSE,yin2,2025-03-17,10:55,-0.0759753593429158,2025
002115.SZSE,yin2,2025-03-21,09:45,0.0127931769722813,2025
002115.SZSE,yin2,2025-03-26,10:20,0.0248704663212435,2025
002117.SZSE,yin2,2025-01-02,10:55,-0.0093385214007781,2025
002117.SZSE,yin2,2025-01-21,10:55,0.0288753799392096,2025
002119.SZSE,yin2,2026-01-27,10:15,0.0347474747474747,2026
002131.SZSE,yin2,2025-08-26,14:00,-0.0169491525423728,2025
002131.SZSE,yin2,2025-09-01,10:05,0.0103626943005181,2025
002134.SZSE,yin2,2024-11-27,14:40,-0.0381679389312978,2024
002137.SZSE,yin2,2024-12-02,09:35,-0.0522478736330498,2024
002137.SZSE,yin2,2024-12-19,14:25,0.4509803921568627,2024
002137.SZSE,yin2,2026-06-15,09:40,-0.0276679841897232,2026
002141.SZSE,yin2,2026-07-29,09:40,-0.0999999999999999,2026
002149.SZSE,yin2,2025-12-10,09:35,0.0015232292460014,2025
002149.SZSE,yin2,2026-05-18,10:30,-0.101159114857745,2026
002150.SZSE,yin2,2025-10-29,10:50,0.0418821096173731,2025
002150.SZSE,yin2,2025-11-05,13:05,0.0325131810193319,2025
002150.SZSE,yin2,2025-11-13,14:10,0.0025873221216041,2025
002150.SZSE,yin2,2026-03-17,11:00,-0.0507599655864638,2026
002150.SZSE,yin2,2026-03-20,09:40,0.061926605504587,2026
002156.SZSE,yin2,2024-11-05,10:45,0.0719037060500475,2024
002160.SZSE,yin2,2025-10-29,13:15,-0.0088028169014083,2025
002160.SZSE,yin2,2025-11-10,09:50,-0.0757575757575758,2025
002160.SZSE,yin2,2025-11-12,10:15,-0.0163934426229508,2025
002163.SZSE,yin2,2024-12-11,11:05,0.0236363636363636,2024
002178.SZSE,yin2,2025-07-25,10:05,-0.0038809831824062,2025
002181.SZSE,yin2,2026-01-14,10:30,-0.051948051948052,2026
002181.SZSE,yin2,2026-01-20,10:35,0.0375335120643431,2026
002181.SZSE,yin2,2026-05-15,09:40,-0.1000507872016253,2026
002181.SZSE,yin2,2026-05-26,13:05,0.0351966873706004,2026
002187.SZSE,yin2,2025-01-10,14:10,-0.0084643288996373,2025
002187.SZSE,yin2,2025-12-04,10:05,-0.0651105651105651,2025
002187.SZSE,yin2,2025-12-15,11:20,0.0599201065246337,2025
002189.SZSE,yin2,2025-06-30,10:00,0.0233766233766232,2025
002195.SZSE,yin2,2025-09-03,10:05,-0.1076923076923077,2025
002199.SZSE,yin2,2024-08-26,13:40,-0.0686131386861313,2024
002199.SZSE,yin2,2026-07-28,09:35,0.1700903861955629,2026
002201.SZSE,yin2,2026-02-11,09:35,-0.0717299578059073,2026
002203.SZSE,yin2,2026-06-18,10:05,0.0305642633228839,2026
002208.SZSE,yin2,2024-11-21,13:05,0.0071647901740021,2024
002208.SZSE,yin2,2026-07-09,09:35,0.0162133891213387,2026
002208.SZSE,yin2,2026-07-24,10:00,-0.0397058823529411,2026
002210.SZSE,yin2,2024-10-30,10:50,0.0,2024
002210.SZSE,yin2,2025-09-03,13:05,-0.0616113744075829,2025
002210.SZSE,yin2,2025-09-25,09:35,-0.0997732426303854,2025
002212.SZSE,yin2,2024-10-30,10:55,0.0533333333333334,2024
002212.SZSE,yin2,2025-08-26,09:50,0.1546666666666667,2025
002212.SZSE,yin2,2026-08-11,09:35,-0.0376569037656903,2026
002213.SZSE,yin2,2024-12-26,11:15,0.0199386503067486,2024
002213.SZSE,yin2,2025-01-03,09:50,0.0140350877192982,2025
002213.SZSE,yin2,2026-04-16,10:00,-0.0159102764736569,2026
002214.SZSE,yin2,2026-08-20,13:40,-0.0053835800807536,2026
002218.SZSE,yin2,2026-03-31,09:40,-0.0577200577200576,2026
002219.SZSE,yin2,2024-10-10,09:45,-0.1092150170648464,2024
002229.SZSE,yin2,2024-11-22,10:55,-0.087037037037037,2024
002229.SZSE,yin2,2026-08-17,09:45,-0.08972503617945,2026
002247.SZSE,yin2,2024-10-30,09:50,0.0077821011673151,2024
002249.SZSE,yin2,2025-10-20,09:40,0.0295964125560537,2025
002251.SZSE,yin2,2026-06-05,09:35,-0.0411522633744856,2026
002256.SZSE,yin2,2024-10-15,14:55,-0.0766423357664235,2024
002256.SZSE,yin2,2024-10-22,10:40,-0.0608365019011405,2024
002263.SZSE,yin2,2026-04-10,09:40,0.0183673469387755,2026
002263.SZSE,yin2,2026-04-16,09:35,-0.0367504835589941,2026
002264.SZSE,yin2,2026-01-27,09:45,-0.0538321167883213,2026
002264.SZSE,yin2,2026-02-02,10:15,-0.0104257167680277,2026
002264.SZSE,yin2,2026-02-05,10:40,-0.0461049284578696,2026
002265.SZSE,yin2,2025-06-30,14:40,-0.0568108457069077,2025
002269.SZSE,yin2,2025-01-07,14:35,-0.0150375939849624,2025
002269.SZSE,yin2,2025-01-16,09:50,-0.1183206106870229,2025
002271.SZSE,yin2,2024-10-14,13:30,-0.0248403122782114,2024
002273.SZSE,yin2,2026-07-21,11:00,-0.0221335268505079,2026
002276.SZSE,yin2,2025-04-09,10:10,0.069767441860465,2025
002276.SZSE,yin2,2025-05-12,09:40,-0.0499390986601706,2025
002279.SZSE,yin2,2025-11-28,09:35,-0.0738866396761134,2025
002279.SZSE,yin2,2026-01-27,09:35,-0.0702070207020701,2026
002283.SZSE,yin2,2024-12-10,13:30,0.0297805642633228,2024
002285.SZSE,yin2,2024-09-05,11:05,-0.0307692307692307,2024
002285.SZSE,yin2,2025-11-28,11:15,0.0033003300330034,2025
002285.SZSE,yin2,2025-12-02,10:00,-0.0359281437125748,2025
002285.SZSE,yin2,2025-12-10,13:20,0.0063091482649841,2025
002286.SZSE,yin2,2025-05-07,10:00,-0.0428432327166503,2025
002290.SZSE,yin2,2025-05-12,10:30,0.0393205410506447,2025
002291.SZSE,yin2,2024-12-18,10:20,-0.0997204100652376,2024
002292.SZSE,yin2,2024-12-10,09:55,0.0374280230326296,2024
002295.SZSE,yin2,2025-12-12,09:35,-0.0813432835820895,2025
002298.SZSE,yin2,2024-12-09,09:45,-0.0060882800608828,2024
002298.SZSE,yin2,2025-05-26,09:55,-0.027287319422151,2025
002298.SZSE,yin2,2025-08-26,09:40,0.009212730318258,2025
002298.SZSE,yin2,2025-09-30,09:35,0.0166793025018954,2025
002298.SZSE,yin2,2026-07-29,09:45,0.0045610034207526,2026
002300.SZSE,yin2,2026-08-10,09:45,-0.0367088607594936,2026
002301.SZSE,yin2,2025-11-24,10:40,-0.0077021822849806,2025
002301.SZSE,yin2,2025-12-02,10:40,-0.0387409200968522,2025
002302.SZSE,yin2,2025-08-08,13:35,0.1106382978723403,2025
002307.SZSE,yin2,2025-12-15,10:20,-0.0643478260869565,2025
002313.SZSE,yin2,2024-12-16,09:35,-0.0999167360532888,2024
002313.SZSE,yin2,2025-02-05,09:35,0.0522306855277476,2025
002314.SZSE,yin2,2025-07-07,10:05,0.0341614906832297,2025
002314.SZSE,yin2,2025-07-10,14:20,-0.0477528089887639,2025
002317.SZSE,yin2,2025-06-20,13:40,-0.0394088669950738,2025
002319.SZSE,yin2,2024-10-25,13:10,0.0732538330494037,2024
002320.SZSE,yin2,2025-11-05,09:35,-0.0766233766233766,2025
002328.SZSE,yin2,2026-04-14,10:25,0.0557432432432432,2026
002329.SZSE,yin2,2024-12-20,09:45,-0.0824053452115812,2024
002329.SZSE,yin2,2025-12-23,09:35,-0.0673469387755102,2025
002339.SZSE,yin2,2026-01-23,10:05,0.0278745644599303,2026
002339.SZSE,yin2,2026-02-02,09:35,0.0133444537114262,2026
002339.SZSE,yin2,2026-02-06,09:40,0.0148902821316614,2026
002339.SZSE,yin2,2026-03-18,09:40,-0.0415667466027177,2026
002339.SZSE,yin2,2026-03-24,09:35,-0.0469909315746084,2026
002346.SZSE,yin2,2025-01-14,09:35,-0.0154440154440154,2025
002346.SZSE,yin2,2026-07-31,13:25,0.0186806771745475,2026
002348.SZSE,yin2,2024-12-13,09:40,-0.1067193675889328,2024
002348.SZSE,yin2,2026-04-29,10:55,0.0509915014164306,2026
002350.SZSE,yin2,2026-03-03,10:55,0.0183486238532111,2026
002353.SZSE,yin2,2025-12-03,09:35,0.0118343195266272,2025
002354.SZSE,yin2,2024-12-05,09:35,0.3736654804270463,2024
002355.SZSE,yin2,2025-05-29,09:50,-0.0157687253613666,2025
002355.SZSE,yin2,2026-02-13,11:05,0.0107095046854082,2026
002356.SZSE,yin2,2024-11-25,09:45,-0.0024813895781639,2024
002356.SZSE,yin2,2026-03-13,09:35,-0.0276008492569002,2026
002361.SZSE,yin2,2026-06-10,14:30,-0.105478750640041,2026
002364.SZSE,yin2,2025-01-02,09:40,-0.0278011794439764,2025
002364.SZSE,yin2,2025-01-06,10:00,0.0890464933018124,2025
002365.SZSE,yin2,2025-04-28,09:45,-0.0099693251533741,2025
002365.SZSE,yin2,2026-07-27,09:35,0.0203283815480845,2026
002365.SZSE,yin2,2026-08-07,09:40,-0.0366197183098591,2026
002369.SZSE,yin2,2025-01-03,13:35,-0.0642335766423356,2025
002370.SZSE,yin2,2025-07-21,10:25,-0.0423572744014731,2025
002378.SZSE,yin2,2026-02-25,10:45,0.3096870342771982,2026
002383.SZSE,yin2,2024-11-13,09:50,-0.1421933085501858,2024
002388.SZSE,yin2,2024-10-30,14:30,-0.0108303249097472,2024
002396.SZSE,yin2,2026-07-13,09:35,-0.0529450694904036,2026
002400.SZSE,yin2,2024-11-13,11:30,-0.0217948717948718,2024
002400.SZSE,yin2,2024-11-29,09:40,0.0221962616822428,2024
002404.SZSE,yin2,2026-06-17,09:45,-0.0994152046783625,2026
002407.SZSE,yin2,2025-09-15,09:45,-0.0659223817118552,2025
002407.SZSE,yin2,2025-10-13,13:45,-0.032180595581172,2025
002418.SZSE,yin2,2025-11-03,13:55,0.0210325047801145,2025
002418.SZSE,yin2,2026-05-06,09:35,0.0274193548387096,2026
002426.SZSE,yin2,2024-11-22,09:45,-0.00355871886121,2024
002426.SZSE,yin2,2025-01-03,10:30,0.0787671232876712,2025
002427.SZSE,yin2,2025-06-26,10:10,-0.0412486064659979,2025
002428.SZSE,yin2,2026-03-20,09:35,-0.0658076392084675,2026
002428.SZSE,yin2,2026-03-24,14:10,0.0844155844155845,2026
002432.SZSE,yin2,2026-03-27,13:50,0.071969696969697,2026
002432.SZSE,yin2,2026-04-22,14:50,-0.0220229310932,2026
002432.SZSE,yin2,2026-06-15,09:35,0.058366920435886,2026
002432.SZSE,yin2,2026-06-18,10:30,-0.0085702625493131,2026
002432.SZSE,yin2,2026-07-21,09:50,0.0236990595611286,2026
002432.SZSE,yin2,2026-07-31,09:50,-0.055652936021034,2026
002437.SZSE,yin2,2026-08-27,09:45,-0.0395604395604395,2026
002440.SZSE,yin2,2026-02-06,09:50,0.1642694928084784,2026
002446.SZSE,yin2,2026-01-27,13:15,-0.0128410914927769,2026
002453.SZSE,yin2,2026-05-22,10:00,0.0143769968051117,2026
002459.SZSE,yin2,2024-10-25,10:30,0.0167597765363129,2024
002465.SZSE,yin2,2026-01-12,10:15,0.0890909090909091,2026
002471.SZSE,yin2,2025-04-14,09:35,0.0303951367781154,2025
002471.SZSE,yin2,2026-01-27,09:45,-0.0536529680365297,2026
002478.SZSE,yin2,2025-11-28,10:30,-0.0605686032138442,2025
002481.SZSE,yin2,2024-12-12,14:10,-0.1395973154362416,2024
002491.SZSE,yin2,2026-02-26,09:45,0.0104961832061067,2026
002491.SZSE,yin2,2026-04-16,14:35,-0.0313700384122918,2026
002491.SZSE,yin2,2026-04-20,09:35,0.0066105769230768,2026
002491.SZSE,yin2,2026-06-24,09:35,0.039136302294197,2026
002506.SZSE,yin2,2024-11-05,09:55,0.015015015015015,2024
002513.SZSE,yin2,2024-10-31,13:45,0.5338491295938104,2024
002523.SZSE,yin2,2024-12-09,09:35,0.026190476190476,2024
002523.SZSE,yin2,2024-12-13,09:40,0.0551876379690949,2024
002524.SZSE,yin2,2025-02-20,09:40,0.0,2025
002524.SZSE,yin2,2025-03-10,09:35,-0.0370370370370369,2025
002530.SZSE,yin2,2024-11-27,14:30,-0.0246360582306829,2024
002530.SZSE,yin2,2024-12-05,09:55,0.1987951807228913,2024
002530.SZSE,yin2,2025-02-12,11:15,-0.0458365164247517,2025
002536.SZSE,yin2,2025-01-20,10:25,-0.0620592383638927,2025
002546.SZSE,yin2,2025-06-10,11:30,-0.0838509316770186,2025
002546.SZSE,yin2,2026-01-23,10:10,-0.0699088145896655,2026
002549.SZSE,yin2,2025-08-15,09:45,0.0275779376498801,2025
002549.SZSE,yin2,2025-08-28,11:25,-0.0465393794749403,2025
002549.SZSE,yin2,2025-09-03,11:00,-0.0794739851343623,2025
002551.SZSE,yin2,2025-08-15,09:35,0.0451745379876795,2025
002552.SZSE,yin2,2025-01-17,10:20,-0.0326086956521739,2025
002553.SZSE,yin2,2025-04-23,09:50,0.0043689320388349,2025
002554.SZSE,yin2,2026-01-21,11:15,0.0198019801980198,2026
002559.SZSE,yin2,2026-07-10,09:35,-0.1808510638297873,2026
002562.SZSE,yin2,2025-07-09,15:00,-0.0543478260869566,2025
002562.SZSE,yin2,2025-07-14,09:50,0.0399361022364217,2025
002564.SZSE,yin2,2025-04-18,10:25,-0.0304761904761905,2025
002564.SZSE,yin2,2025-04-22,10:10,-0.0821428571428571,2025
002564.SZSE,yin2,2025-04-24,10:05,-0.0619469026548673,2025
002564.SZSE,yin2,2025-04-28,09:50,0.0463121783876501,2025
002564.SZSE,yin2,2025-05-14,09:35,-0.1042345276872963,2025
002565.SZSE,yin2,2026-04-07,09:35,0.02811004784689,2026
002570.SZSE,yin2,2024-10-11,09:35,-0.0518731988472622,2024
002570.SZSE,yin2,2024-10-22,10:35,0.0347593582887699,2024
002570.SZSE,yin2,2024-10-28,10:45,0.2396514161220044,2024
002571.SZSE,yin2,2026-01-05,09:45,-0.0092735703245748,2026
002575.SZSE,yin2,2026-03-23,11:25,-0.0227272727272728,2026
002575.SZSE,yin2,2026-04-01,09:50,-0.1271739130434782,2026
002577.SZSE,yin2,2025-02-11,10:00,-0.0112884390813546,2025
002578.SZSE,yin2,2025-12-05,09:50,0.0120967741935482,2025
002579.SZSE,yin2,2026-07-09,09:40,-0.0177187153931339,2026
002579.SZSE,yin2,2026-08-20,09:45,-0.02812295618051,2026
002582.SZSE,yin2,2025-01-21,14:05,0.0030395136778116,2025
002583.SZSE,yin2,2024-12-16,13:50,-0.0659955257270693,2024
002583.SZSE,yin2,2024-12-18,10:00,-0.0076211213935765,2024
002583.SZSE,yin2,2025-05-08,14:15,-0.004665629860031,2025
002584.SZSE,yin2,2026-07-07,09:40,-0.0699029126213592,2026
002585.SZSE,yin2,2026-07-07,09:45,-0.0897097625329814,2026
002589.SZSE,yin2,2026-08-12,13:15,0.0450704225352112,2026
002589.SZSE,yin2,2026-08-20,10:00,-0.096590909090909,2026
002589.SZSE,yin2,2026-09-01,13:40,-0.0457142857142857,2026
002596.SZSE,yin2,2024-08-19,10:30,0.0256410256410257,2024
002596.SZSE,yin2,2024-12-11,13:15,0.0324324324324323,2024
002596.SZSE,yin2,2025-12-10,10:25,-0.0030674846625766,2025
002600.SZSE,yin2,2025-08-28,14:35,-0.0442804428044282,2025
002600.SZSE,yin2,2025-09-22,09:50,-0.0155541153596889,2025
002605.SZSE,yin2,2024-11-26,09:45,-0.0213544844417328,2024
002607.SZSE,yin2,2024-10-14,14:00,-0.0172413793103447,2024
002607.SZSE,yin2,2024-10-31,10:20,0.0060975609756097,2024
002607.SZSE,yin2,2024-12-16,10:50,-0.0327102803738319,2024
002611.SZSE,yin2,2025-01-14,10:40,0.0402097902097902,2025
002613.SZSE,yin2,2026-06-30,09:45,-0.0778588807785888,2026
002622.SZSE,yin2,2024-10-22,09:50,0.0242718446601941,2024
002622.SZSE,yin2,2024-10-24,09:45,0.0301724137931036,2024
002622.SZSE,yin2,2025-03-10,09:35,-0.01875,2025
002625.SZSE,yin2,2024-10-15,10:00,-0.0722150259067357,2024
002625.SZSE,yin2,2024-10-23,09:40,-0.0602557796360058,2024
002629.SZSE,yin2,2025-01-10,09:45,0.0176767676767677,2025
002639.SZSE,yin2,2026-01-22,13:05,0.0285212812637123,2026
002640.SZSE,yin2,2024-11-27,09:55,0.7714285714285714,2024
002640.SZSE,yin2,2026-05-28,10:25,-0.0180878552971577,2026
002645.SZSE,yin2,2025-08-15,09:40,0.1179624664879357,2025
002651.SZSE,yin2,2024-11-08,09:45,0.0407911001236094,2024
002652.SZSE,yin2,2026-05-22,10:05,-0.0106870229007632,2026
002655.SZSE,yin2,2025-03-25,13:35,-0.0239294710327456,2025
002655.SZSE,yin2,2025-03-31,09:55,-0.0181050090525045,2025
002657.SZSE,yin2,2024-10-31,13:40,-0.0250511247443762,2024
002657.SZSE,yin2,2024-11-13,14:05,0.1975367124585505,2024
002657.SZSE,yin2,2025-08-22,09:50,-0.0470006184291899,2025
002658.SZSE,yin2,2024-12-16,09:35,-0.0491591203104787,2024
002663.SZSE,yin2,2026-04-16,09:35,-0.0756302521008401,2026
002664.SZSE,yin2,2025-05-15,10:30,0.0418470418470418,2025
002664.SZSE,yin2,2025-05-28,10:40,-0.0404523705959112,2025
002666.SZSE,yin2,2025-01-23,09:35,-0.0323886639676113,2025
002674.SZSE,yin2,2026-08-14,09:40,-0.0380070265091024,2026
002676.SZSE,yin2,2024-10-25,09:35,0.0658783783783782,2024
002681.SZSE,yin2,2024-12-09,09:40,0.0888119953863897,2024
002686.SZSE,yin2,2024-09-23,09:35,-0.0286259541984733,2024
002692.SZSE,yin2,2025-01-17,09:40,0.0934393638170973,2025
002709.SZSE,yin2,2024-10-25,10:25,0.001602564102564,2024
002709.SZSE,yin2,2025-09-15,09:35,-0.0314526588845655,2025
002713.SZSE,yin2,2024-10-24,09:35,0.163895486935867,2024
002713.SZSE,yin2,2024-12-05,14:55,0.1105072463768117,2024
002718.SZSE,yin2,2025-02-06,09:35,-0.1395980445410103,2025
002721.SZSE,yin2,2026-08-26,10:00,-0.0292207792207791,2026
002721.SZSE,yin2,2026-09-01,10:05,-0.0377358490566037,2026
002727.SZSE,yin2,2025-06-12,09:40,-0.0140845070422535,2025
002735.SZSE,yin2,2025-04-01,10:55,-0.0428321678321678,2025
002735.SZSE,yin2,2026-01-07,09:50,0.0004741583688951,2026
002741.SZSE,yin2,2026-06-09,13:05,0.0084775697633345,2026
002741.SZSE,yin2,2026-06-12,11:20,0.3589996709443894,2026
002743.SZSE,yin2,2025-01-16,09:35,-0.0316139767054908,2025
002747.SZSE,yin2,2026-06-18,10:15,0.0189041095890409,2026
002747.SZSE,yin2,2026-06-30,10:25,0.0902759174926333,2026
002747.SZSE,yin2,2026-07-03,09:35,0.0281438463256644,2026
002757.SZSE,yin2,2025-02-13,09:35,-0.0389085396664982,2025
002757.SZSE,yin2,2025-03-26,14:40,-0.0542168674698794,2025
002769.SZSE,yin2,2025-01-03,10:55,-0.1238471673254281,2025
002771.SZSE,yin2,2026-04-16,09:35,0.0081654872074032,2026
002771.SZSE,yin2,2026-06-09,09:55,-0.0543735224586289,2026
002772.SZSE,yin2,2025-09-26,13:25,0.0295857988165679,2025
002775.SZSE,yin2,2024-12-31,09:35,-0.0129870129870131,2024
002782.SZSE,yin2,2026-05-19,11:05,0.022109459949257,2026
002787.SZSE,yin2,2026-05-06,10:15,0.0791940018744143,2026
002787.SZSE,yin2,2026-05-12,09:40,0.0712328767123287,2026
002792.SZSE,yin2,2026-08-12,10:55,0.0409593101589869,2026
002796.SZSE,yin2,2026-01-21,11:05,0.0052115905774441,2026
002805.SZSE,yin2,2026-06-30,09:35,0.011542497376705,2026
002806.SZSE,yin2,2026-06-04,09:40,-0.0435203094777562,2026
002806.SZSE,yin2,2026-06-15,09:40,0.104144527098831,2026
002811.SZSE,yin2,2025-01-15,10:30,-0.0644257703081233,2025
002811.SZSE,yin2,2025-02-12,09:40,0.037278657968313,2025
002812.SZSE,yin2,2024-10-25,13:05,-0.0035881865857023,2024
002824.SZSE,yin2,2026-04-15,10:05,-0.0283592167454422,2026
002824.SZSE,yin2,2026-05-07,13:05,-0.0191128741435269,2026
002826.SZSE,yin2,2025-08-11,13:30,0.0083296799649277,2025
002826.SZSE,yin2,2025-08-14,13:05,-0.0484922575387122,2025
002827.SZSE,yin2,2024-09-06,10:35,-0.0462121212121211,2024
002829.SZSE,yin2,2024-08-27,10:05,-0.1432637571157495,2024
002830.SZSE,yin2,2026-06-30,10:40,0.0445344129554656,2026
002835.SZSE,yin2,2024-12-18,13:05,0.009368836291913,2024
002837.SZSE,yin2,2025-08-06,09:50,-0.0649667405764966,2025
002838.SZSE,yin2,2025-03-14,10:25,-0.0045901639344262,2025
002838.SZSE,yin2,2025-03-19,09:40,0.0199275362318842,2025
002842.SZSE,yin2,2026-03-27,10:55,0.0202233625113188,2026
002842.SZSE,yin2,2026-05-13,10:00,-0.0443497870207967,2026
002842.SZSE,yin2,2026-06-25,10:10,0.0145886014394087,2026
002842.SZSE,yin2,2026-07-02,10:30,-0.1000597966912497,2026
002846.SZSE,yin2,2025-09-09,14:00,0.0188933873144399,2025
002848.SZSE,yin2,2024-11-29,10:10,-0.0009199632014719,2024
002850.SZSE,yin2,2024-10-18,14:30,-0.0104798109524298,2024
002851.SZSE,yin2,2024-12-26,11:15,-0.034965034965035,2024
002851.SZSE,yin2,2025-01-07,10:00,0.0751995089011665,2025
002851.SZSE,yin2,2026-07-09,13:50,0.0137853248950434,2026
002853.SZSE,yin2,2025-01-23,09:35,0.0175131348511383,2025
002861.SZSE,yin2,2024-08-28,09:40,0.0232558139534884,2024
002865.SZSE,yin2,2026-01-06,13:30,0.0746938071416249,2026
002865.SZSE,yin2,2026-01-29,10:30,-0.0713825181910288,2026
002865.SZSE,yin2,2026-02-03,09:45,0.0369261477045907,2026
002865.SZSE,yin2,2026-02-27,09:35,-0.0284054228534538,2026
002869.SZSE,yin2,2024-10-29,10:30,0.0682593856655291,2024
002871.SZSE,yin2,2025-08-22,13:05,-0.0021703743895821,2025
002871.SZSE,yin2,2025-09-03,09:50,-0.0592713431212615,2025
002875.SZSE,yin2,2024-10-17,09:50,-0.0618875709128415,2024
002877.SZSE,yin2,2024-12-09,10:25,0.0076849183477425,2024
002878.SZSE,yin2,2025-01-07,11:15,0.043222003929273,2025
002878.SZSE,yin2,2025-06-05,09:40,-0.0598060344827585,2025
002878.SZSE,yin2,2025-06-09,09:35,-0.0244791666666666,2025
002878.SZSE,yin2,2025-06-11,13:40,0.2203883495145631,2025
002882.SZSE,yin2,2025-05-23,14:40,0.0184233076263924,2025
002885.SZSE,yin2,2025-10-21,10:30,-0.0819112627986348,2025
002885.SZSE,yin2,2025-10-31,09:40,0.2591768631813127,2025
002900.SZSE,yin2,2025-05-21,10:05,-0.0203813280736357,2025
002900.SZSE,yin2,2025-06-27,13:05,-0.0138408304498269,2025
002900.SZSE,yin2,2026-07-27,09:40,0.0350877192982457,2026
002900.SZSE,yin2,2026-08-04,09:35,0.0250000000000001,2026
002900.SZSE,yin2,2026-08-07,09:50,0.0816023738872402,2026
002900.SZSE,yin2,2026-08-17,13:05,-0.0718484650555192,2026
002900.SZSE,yin2,2026-08-19,09:35,-0.0211132437619961,2026
002902.SZSE,yin2,2026-04-13,13:45,-0.0191062176165802,2026
002902.SZSE,yin2,2026-05-13,13:40,-0.043520782396088,2026
002902.SZSE,yin2,2026-05-15,09:35,-0.0990006971880083,2026
002903.SZSE,yin2,2026-03-13,11:05,-0.0222365452787625,2026
002903.SZSE,yin2,2026-05-12,10:55,-0.0309319497106365,2026
002903.SZSE,yin2,2026-06-02,13:15,0.0187110187110186,2026
002913.SZSE,yin2,2026-03-18,10:25,-0.0302435192458758,2026
002918.SZSE,yin2,2025-01-02,09:35,-0.0180722891566263,2025
002919.SZSE,yin2,2024-09-05,10:50,-0.0160642570281124,2024
002923.SZSE,yin2,2025-04-23,09:35,-0.0550660792951541,2025
002925.SZSE,yin2,2025-09-29,09:35,-0.0313404050144647,2025
002926.SZSE,yin2,2024-10-16,10:00,-0.063364055299539,2024
002929.SZSE,yin2,2026-05-15,10:10,0.0041845381316036,2026
002929.SZSE,yin2,2026-07-10,09:55,-0.0803957946815091,2026
002938.SZSE,yin2,2026-06-02,11:00,-0.0472420163631565,2026
002940.SZSE,yin2,2025-07-31,11:30,0.131118881118881,2025
002940.SZSE,yin2,2025-08-25,10:10,-0.0492628550880976,2025
002940.SZSE,yin2,2026-05-11,11:25,-0.0585559977259807,2026
002940.SZSE,yin2,2026-05-13,10:50,0.1866593466922865,2026
002940.SZSE,yin2,2026-05-21,09:45,-0.0998904709748081,2026
002943.SZSE,yin2,2026-01-27,13:05,0.0045454545454544,2026
002943.SZSE,yin2,2026-02-03,09:40,0.0505486376525705,2026
002949.SZSE,yin2,2024-12-20,09:45,-0.0998593530239099,2024
002949.SZSE,yin2,2024-12-30,14:00,-0.0506126798082045,2024
002949.SZSE,yin2,2026-08-28,10:30,-0.0355113636363636,2026
002949.SZSE,yin2,2026-09-04,13:05,,2026
002951.SZSE,yin2,2025-08-21,09:35,-0.0289473684210527,2025
002951.SZSE,yin2,2026-07-27,09:50,0.043054427294882,2026
002953.SZSE,yin2,2025-08-29,14:45,-0.0453416149068324,2025
002953.SZSE,yin2,2026-08-25,10:30,-0.0649350649350649,2026
002957.SZSE,yin2,2026-04-17,09:50,0.0432891015879921,2026
002957.SZSE,yin2,2026-06-02,09:40,-0.0086969560653771,2026
002961.SZSE,yin2,2025-12-24,13:05,-0.0071893187264635,2025
002971.SZSE,yin2,2026-05-27,10:35,-0.036192647477914,2026
002975.SZSE,yin2,2026-05-06,09:50,0.0245429089112172,2026
002975.SZSE,yin2,2026-05-28,13:35,0.0746201966041109,2026
002975.SZSE,yin2,2026-06-02,09:40,-0.0039036209449455,2026
002975.SZSE,yin2,2026-06-15,13:05,0.0251666541832074,2026
002980.SZSE,yin2,2026-04-13,09:45,0.209741039272852,2026
002980.SZSE,yin2,2026-04-17,10:30,0.0667396061269145,2026
002980.SZSE,yin2,2026-04-24,09:35,-0.031021679243023,2026
002980.SZSE,yin2,2026-05-07,11:30,0.008872901678657,2026
002980.SZSE,yin2,2026-06-02,11:05,0.0915982875490546,2026
002980.SZSE,yin2,2026-08-27,10:00,-0.0113669769720724,2026
002981.SZSE,yin2,2024-11-15,10:10,-0.0869565217391304,2024
002981.SZSE,yin2,2024-11-19,09:40,0.0425202937765751,2024
002987.SZSE,yin2,2024-10-11,10:30,0.0277777777777776,2024
002987.SZSE,yin2,2025-07-09,10:35,-0.1039711191335739,2025
002989.SZSE,yin2,2024-10-10,10:10,-0.0331711632021229,2024
002989.SZSE,yin2,2026-05-13,10:45,-0.0704630428530342,2026
002990.SZSE,yin2,2026-06-18,10:00,-0.0033772374197905,2026
002990.SZSE,yin2,2026-06-30,11:20,-0.0406763048272482,2026
002995.SZSE,yin2,2026-01-29,09:35,0.1204972904048453,2026
003003.SZSE,yin2,2025-07-16,09:35,-0.0337986774430565,2025
003009.SZSE,yin2,2026-06-12,09:45,0.0516331243813923,2026
003009.SZSE,yin2,2026-06-30,09:45,0.0401934623082054,2026
003017.SZSE,yin2,2025-06-20,10:00,-0.0838383838383838,2025
003018.SZSE,yin2,2026-08-21,09:50,-0.0283589028358903,2026
003018.SZSE,yin2,2026-08-25,13:15,-0.0415397999130056,2026
003018.SZSE,yin2,2026-08-31,09:45,0.0249088699878492,2026
003021.SZSE,yin2,2024-11-22,10:25,0.0260523789935553,2024
003021.SZSE,yin2,2025-02-05,11:10,0.0891986742054982,2025
003026.SZSE,yin2,2024-10-18,14:45,0.0127844541038097,2024
003029.SZSE,yin2,2025-06-23,09:35,0.2293577981651375,2025
003031.SZSE,yin2,2026-08-21,13:15,-0.0523796113770769,2026
003036.SZSE,yin2,2025-09-24,14:40,-0.0302363936228697,2025
003037.SZSE,yin2,2025-07-21,09:35,0.0907194994786235,2025
003038.SZSE,yin2,2024-12-10,14:20,-0.0080240722166499,2024
003039.SZSE,yin2,2026-01-20,09:40,-0.0480512546716498,2026
003040.SZSE,yin2,2024-11-26,09:40,-0.1046814044213264,2024
003040.SZSE,yin2,2025-08-08,14:10,0.0167874856924836,2025
003041.SZSE,yin2,2024-12-04,10:15,0.0124659135177247,2024
003041.SZSE,yin2,2026-06-01,10:35,-0.0345067967933078,2026
003042.SZSE,yin2,2026-04-07,10:35,-0.0164293537787514,2026
003043.SZSE,yin2,2026-07-24,13:05,-0.0141061452513965,2026
600021.SSE,yin2,2025-08-27,09:35,-0.0140656396517079,2025
600026.SSE,yin2,2026-03-18,09:55,-0.0708692247454971,2026
600052.SSE,yin2,2026-04-30,09:45,0.0157657657657657,2026
600076.SSE,yin2,2026-07-07,09:50,-0.1366120218579235,2026
600078.SSE,yin2,2026-06-03,11:05,0.0695718654434252,2026
600081.SSE,yin2,2025-02-13,13:40,-0.0193271295633501,2025
600095.SSE,yin2,2026-09-04,10:05,,2026
600105.SSE,yin2,2025-10-13,13:55,-0.0742786985880907,2025
600105.SSE,yin2,2025-12-05,10:20,0.0595794392523363,2025
600105.SSE,yin2,2025-12-17,14:15,-0.0346153846153847,2025
600120.SSE,yin2,2024-12-02,09:55,-0.0767918088737201,2024
600120.SSE,yin2,2024-12-11,09:35,-0.0106761565836299,2024
600121.SSE,yin2,2026-03-20,09:55,0.0206766917293232,2026
600121.SSE,yin2,2026-09-03,10:15,-0.1217838765008576,2026
600151.SSE,yin2,2026-01-12,10:00,-0.1000438788942518,2026
600152.SSE,yin2,2025-07-07,09:35,-0.0343406593406593,2025
600152.SSE,yin2,2025-07-16,09:35,-0.0711297071129707,2025
600152.SSE,yin2,2026-04-24,09:40,0.1188271604938271,2026
600156.SSE,yin2,2024-09-04,09:45,0.0135135135135133,2024
600156.SSE,yin2,2024-09-09,10:20,-0.0052631578947368,2024
600156.SSE,yin2,2025-08-28,09:40,0.0418410041841004,2025
600157.SSE,yin2,2024-11-18,09:45,-0.0175438596491228,2024
600162.SSE,yin2,2026-08-25,13:10,-0.0089485458612975,2026
600165.SSE,yin2,2026-08-20,10:30,-0.0148809523809523,2026
600171.SSE,yin2,2024-10-18,10:00,0.1489292667099284,2024
600172.SSE,yin2,2024-10-30,10:40,-0.0104166666666666,2024
600172.SSE,yin2,2024-11-27,10:30,0.0350877192982457,2024
600172.SSE,yin2,2026-07-06,09:50,-0.0102425876010782,2026
600178.SSE,yin2,2026-06-22,10:05,-0.0380761523046092,2026
600186.SSE,yin2,2025-02-05,09:50,0.2260397830018083,2025
600186.SSE,yin2,2025-03-05,09:55,-0.0282258064516128,2025
600191.SSE,yin2,2025-01-23,09:40,-0.0702836004932181,2025
600191.SSE,yin2,2025-01-27,09:35,-0.0265379975874546,2025
600192.SSE,yin2,2026-07-10,13:20,-0.069069069069069,2026
600203.SSE,yin2,2024-10-14,10:05,0.2992424242424241,2024
600215.SSE,yin2,2026-01-29,09:55,-0.0238693467336683,2026
600228.SSE,yin2,2024-12-12,13:40,-0.0458190148911799,2024
600228.SSE,yin2,2026-08-04,10:15,-0.0127713920817368,2026
600234.SSE,yin2,2026-05-22,10:05,0.1339491916859123,2026
600236.SSE,yin2,2026-07-22,14:50,-0.0823909531502424,2026
600236.SSE,yin2,2026-07-29,10:05,-0.0201465201465201,2026
600246.SSE,yin2,2025-12-01,11:25,-0.0288529204785362,2025
600246.SSE,yin2,2025-12-08,09:35,-0.0462304409672831,2025
600246.SSE,yin2,2026-07-16,09:45,-0.1137512639029322,2026
600249.SSE,yin2,2024-11-28,09:45,0.0181518151815183,2024
600250.SSE,yin2,2025-06-26,14:15,0.0459965928449743,2025
600250.SSE,yin2,2025-07-02,10:05,0.0256809338521399,2025
600250.SSE,yin2,2025-07-10,11:05,0.0431286549707601,2025
600250.SSE,yin2,2025-12-11,11:30,-0.0428790199081163,2025
600252.SSE,yin2,2024-11-05,14:15,-0.0133333333333333,2024
600268.SSE,yin2,2025-08-08,14:20,0.0128078817733989,2025
600271.SSE,yin2,2026-01-08,11:05,0.0238853503184712,2026
600279.SSE,yin2,2024-11-14,09:55,0.0465949820788529,2024
600280.SSE,yin2,2025-12-18,09:35,0.0897435897435896,2025
600281.SSE,yin2,2025-05-12,09:35,-0.029535864978903,2025
600281.SSE,yin2,2025-05-16,10:05,0.1683168316831684,2025
600288.SSE,yin2,2025-08-06,10:45,0.0301659125188538,2025
600292.SSE,yin2,2024-12-18,09:45,-0.0837662337662338,2024
600293.SSE,yin2,2026-06-15,09:45,0.0106666666666666,2026
600303.SSE,yin2,2026-06-05,13:05,-0.0144092219020173,2026
600308.SSE,yin2,2025-04-24,10:15,-0.143867924528302,2025
600313.SSE,yin2,2026-09-01,09:40,-0.0974683544303798,2026
600318.SSE,yin2,2024-10-18,10:15,0.01437125748503,2024
600318.SSE,yin2,2024-10-31,13:15,0.0112485939257591,2024
600318.SSE,yin2,2024-11-07,11:00,-0.0999999999999998,2024
600330.SSE,yin2,2025-12-19,11:00,0.0169491525423728,2025
600330.SSE,yin2,2025-12-24,10:45,-0.0414110429447852,2025
600330.SSE,yin2,2025-12-26,10:55,-0.0421818181818182,2025
600330.SSE,yin2,2026-01-07,14:15,0.0208633093525179,2026
600330.SSE,yin2,2026-02-09,10:35,0.0076246334310849,2026
600330.SSE,yin2,2026-03-10,10:15,0.0609756097560976,2026
600333.SSE,yin2,2024-11-22,09:35,0.0707395498392282,2024
600345.SSE,yin2,2024-11-13,09:40,-0.0355247039608002,2024
600345.SSE,yin2,2025-12-31,09:40,0.0357761107905367,2025
600358.SSE,yin2,2024-08-26,10:00,-0.0610169491525424,2024
600362.SSE,yin2,2025-10-29,14:40,0.0055671537926236,2025
600366.SSE,yin2,2025-08-13,13:50,0.0387547649301145,2025
600376.SSE,yin2,2025-03-03,09:35,-0.0242214532871973,2025
600378.SSE,yin2,2026-06-29,13:45,0.1819641033124179,2026
600379.SSE,yin2,2026-06-30,14:25,0.0205706702057066,2026
600382.SSE,yin2,2025-10-17,09:45,0.0066934404283802,2025
600390.SSE,yin2,2024-11-18,09:35,-0.0563035495716034,2024
600396.SSE,yin2,2025-05-06,14:00,0.0263157894736842,2025
600397.SSE,yin2,2026-03-06,10:55,0.0240120060030015,2026
600403.SSE,yin2,2025-03-25,10:25,0.0730478589420653,2025
600403.SSE,yin2,2026-07-22,10:45,0.0421052631578948,2026
600405.SSE,yin2,2025-02-12,10:15,0.0053956834532373,2025
600410.SSE,yin2,2024-10-23,10:00,-0.0890756302521008,2024
600410.SSE,yin2,2025-05-14,09:45,-0.0355805243445691,2025
600410.SSE,yin2,2025-09-16,10:50,0.0357973035797303,2025
600410.SSE,yin2,2026-02-03,09:45,0.0,2026
600425.SSE,yin2,2025-08-22,13:05,0.0379746835443037,2025
600435.SSE,yin2,2025-06-30,10:30,-0.0378447722899294,2025
600435.SSE,yin2,2025-07-24,14:05,-0.0418204182041821,2025
600470.SSE,yin2,2026-03-06,09:55,0.0334528076463562,2026
600470.SSE,yin2,2026-07-01,09:40,0.0031347962382446,2026
600470.SSE,yin2,2026-07-06,09:55,0.031390134529148,2026
600481.SSE,yin2,2026-02-12,13:30,-0.099906629318394,2026
600481.SSE,yin2,2026-02-27,10:05,-0.1191222570532916,2026
600488.SSE,yin2,2026-06-08,09:40,-0.0456942003514939,2026
600490.SSE,yin2,2025-01-16,10:50,0.0,2025
600498.SSE,yin2,2026-01-14,10:55,-0.1165128205128205,2026
600503.SSE,yin2,2025-09-16,09:40,-0.0526315789473684,2025
600503.SSE,yin2,2026-06-01,09:50,-0.023972602739726,2026
600505.SSE,yin2,2025-05-20,14:15,0.0311937612477504,2025
600509.SSE,yin2,2024-10-31,11:00,-0.1157635467980294,2024
600513.SSE,yin2,2025-07-10,09:50,0.0888399412628488,2025
600513.SSE,yin2,2026-07-30,10:00,0.0334128878281623,2026
600516.SSE,yin2,2025-11-11,10:00,-0.050595238095238,2025
600516.SSE,yin2,2025-11-25,13:35,-0.0153609831029185,2025
600520.SSE,yin2,2026-06-15,13:05,0.0223123732251522,2026
600527.SSE,yin2,2024-11-26,09:35,-0.0275229357798165,2024
600527.SSE,yin2,2024-11-28,09:45,-0.0128755364806868,2024
600527.SSE,yin2,2026-04-13,13:05,-0.0213523131672598,2026
600536.SSE,yin2,2024-11-01,09:40,-0.0815184815184815,2024
600536.SSE,yin2,2024-11-05,13:40,0.0737591457385802,2024
600539.SSE,yin2,2026-03-27,10:00,0.032371569317382,2026
600539.SSE,yin2,2026-04-14,13:15,0.0006269592476491,2026
600539.SSE,yin2,2026-06-01,13:05,-0.048689138576779,2026
600539.SSE,yin2,2026-06-08,10:45,0.0207792207792207,2026
600539.SSE,yin2,2026-06-12,10:25,-0.0024479804161565,2026
600545.SSE,yin2,2026-03-04,09:40,0.1341107871720117,2026
600545.SSE,yin2,2026-06-18,11:30,0.0124137931034482,2026
600545.SSE,yin2,2026-06-30,10:35,-0.1201456310679611,2026
600550.SSE,yin2,2025-05-26,09:35,0.0328738069989396,2025
600550.SSE,yin2,2025-11-12,10:20,-0.0008058017727639,2025
600551.SSE,yin2,2025-06-05,13:55,-0.0608034744842562,2025
600556.SSE,yin2,2026-01-14,10:10,-0.0996784565916398,2026
600563.SSE,yin2,2026-05-22,13:40,-0.0101607347876003,2026
600563.SSE,yin2,2026-06-15,10:20,0.0698664971392242,2026
600571.SSE,yin2,2024-10-23,09:40,-0.0476550680786687,2024
600571.SSE,yin2,2025-07-09,10:45,-0.0041341295360587,2025
600576.SSE,yin2,2024-08-28,09:40,-0.0132158590308368,2024
600579.SSE,yin2,2025-02-10,10:15,0.0151351351351352,2025
600584.SSE,yin2,2024-10-18,14:25,-0.0184275184275184,2024
600584.SSE,yin2,2026-06-03,10:55,-0.0339003498612618,2026
600584.SSE,yin2,2026-06-24,09:55,0.0653643083421329,2026
600584.SSE,yin2,2026-07-09,13:10,-0.0232805255023184,2026
600589.SSE,yin2,2025-03-28,09:35,0.0299572039942939,2025
600589.SSE,yin2,2025-04-28,09:35,0.0571428571428571,2025
600592.SSE,yin2,2025-03-04,10:00,0.2673392181588905,2025
600594.SSE,yin2,2026-04-09,09:35,-0.0494071146245059,2026
600594.SSE,yin2,2026-04-15,13:30,-0.0168067226890756,2026
600601.SSE,yin2,2025-01-16,09:45,0.0351201478743068,2025
600601.SSE,yin2,2025-08-22,09:50,0.0190114068441062,2025
600601.SSE,yin2,2025-09-05,14:10,-0.037344398340249,2025
600601.SSE,yin2,2025-09-10,14:10,0.2664543524416136,2025
600602.SSE,yin2,2024-10-23,11:00,-0.1233275159976731,2024
600604.SSE,yin2,2024-11-13,09:35,-0.1154529307282414,2024
600609.SSE,yin2,2024-11-11,10:15,-0.0485678704856786,2024
600609.SSE,yin2,2024-11-14,09:35,-0.1367924528301887,2024
600609.SSE,yin2,2024-11-19,11:05,0.0,2024
600610.SSE,yin2,2025-04-28,10:25,0.0786290322580645,2025
600610.SSE,yin2,2025-06-16,14:50,-0.0225563909774436,2025
600611.SSE,yin2,2024-08-21,14:40,-0.0128331688055282,2024
600617.SSE,yin2,2025-10-17,10:15,0.1599999999999999,2025
600619.SSE,yin2,2025-03-10,10:15,0.0324675324675325,2025
600629.SSE,yin2,2026-07-30,10:20,0.0494978479196557,2026
600635.SSE,yin2,2025-10-20,09:35,0.0335276967930029,2025
600641.SSE,yin2,2024-11-04,10:35,0.0342717258261933,2024
600641.SSE,yin2,2026-08-27,11:10,0.0235294117647058,2026
600644.SSE,yin2,2026-07-22,14:50,-0.0160377358490565,2026
600644.SSE,yin2,2026-07-29,10:25,-0.09,2026
600665.SSE,yin2,2026-07-10,11:05,-0.1151515151515151,2026
600666.SSE,yin2,2024-12-05,13:05,0.034965034965035,2024
600666.SSE,yin2,2026-03-27,09:55,0.0263157894736842,2026
600666.SSE,yin2,2026-04-01,09:35,-0.0159489633173842,2026
600666.SSE,yin2,2026-04-16,10:25,0.0350364963503651,2026
600681.SSE,yin2,2025-11-03,09:35,0.038793103448276,2025
600681.SSE,yin2,2025-11-11,13:15,0.0622489959839356,2025
600691.SSE,yin2,2026-03-17,09:40,-0.0635593220338982,2026
600691.SSE,yin2,2026-04-07,10:35,-0.0119760479041916,2026
600692.SSE,yin2,2025-01-14,09:55,-0.0021905805038336,2025
600693.SSE,yin2,2024-12-16,10:05,-0.1007326007326007,2024
600693.SSE,yin2,2025-03-10,10:15,0.0222841225626742,2025
600693.SSE,yin2,2025-05-08,13:40,-0.0629370629370629,2025
600698.SSE,yin2,2024-09-09,13:30,-0.0577367205542724,2024
600698.SSE,yin2,2024-09-23,13:05,0.0240700218818379,2024
600698.SSE,yin2,2025-08-13,09:40,0.0077574047954864,2025
600703.SSE,yin2,2026-06-22,09:35,0.0279937791601865,2026
600706.SSE,yin2,2025-06-26,15:00,-0.0370018975332067,2025
600707.SSE,yin2,2026-04-27,14:30,-0.0247747747747748,2026
600707.SSE,yin2,2026-05-07,09:50,-0.0176991150442475,2026
600711.SSE,yin2,2025-10-15,09:40,-0.0619546247818499,2025
600714.SSE,yin2,2025-03-11,10:05,-0.0653495440729482,2025
600719.SSE,yin2,2026-05-22,11:10,0.0372040586245772,2026
600722.SSE,yin2,2026-07-22,10:00,0.1533804238143288,2026
600722.SSE,yin2,2026-08-18,10:00,-0.0138248847926266,2026
600724.SSE,yin2,2024-10-30,09:35,0.0313075506445672,2024
600748.SSE,yin2,2025-10-20,10:10,0.123546511627907,2025
600748.SSE,yin2,2025-10-29,10:00,0.0305232558139534,2025
600748.SSE,yin2,2026-05-29,09:50,-0.0952380952380953,2026
600760.SSE,yin2,2024-11-08,10:00,-0.0194858359259865,2024
600769.SSE,yin2,2024-11-13,13:40,0.0657492354740061,2024
600769.SSE,yin2,2026-03-27,09:55,0.0294117647058824,2026
600769.SSE,yin2,2026-06-25,10:10,-0.0583974649162516,2026
600770.SSE,yin2,2024-10-11,13:30,-0.0401069518716578,2024
600770.SSE,yin2,2026-04-28,10:00,0.0300261096605742,2026
600770.SSE,yin2,2026-05-06,09:50,-0.0250596658711218,2026
600770.SSE,yin2,2026-05-11,09:35,-0.0638051044083525,2026
600775.SSE,yin2,2024-11-29,10:30,0.0493197278911565,2024
600775.SSE,yin2,2024-12-18,10:10,0.0,2024
600778.SSE,yin2,2024-08-28,09:35,-0.0455445544554454,2024
600778.SSE,yin2,2024-09-30,14:15,0.0184254606365159,2024
600783.SSE,yin2,2026-07-03,09:40,-0.1464452958705832,2026
600787.SSE,yin2,2024-11-26,10:15,0.0340425531914894,2024
600797.SSE,yin2,2024-10-30,14:25,-0.0014025245441794,2024
600797.SSE,yin2,2024-11-11,10:05,0.0545212765957447,2024
600800.SSE,yin2,2025-04-24,13:10,0.0060606060606061,2025
600800.SSE,yin2,2025-05-06,09:35,0.0647058823529411,2025
600802.SSE,yin2,2024-11-05,10:00,-0.0132450331125828,2024
600802.SSE,yin2,2025-11-25,13:25,-0.0405594405594406,2025
600807.SSE,yin2,2025-01-16,09:35,-0.0406779661016949,2025
600807.SSE,yin2,2025-01-27,09:35,0.0709219858156029,2025
600807.SSE,yin2,2025-02-07,09:40,-0.0451807228915662,2025
600815.SSE,yin2,2025-11-13,09:40,0.0196078431372548,2025
600815.SSE,yin2,2025-11-28,09:35,0.0337662337662336,2025
600816.SSE,yin2,2024-10-31,11:15,-0.0753623188405797,2024
600816.SSE,yin2,2024-11-04,11:30,0.0085470085470085,2024
600819.SSE,yin2,2025-10-29,09:35,-0.0247058823529412,2025
600819.SSE,yin2,2025-11-12,13:35,-0.0485629335976214,2025
600821.SSE,yin2,2026-03-18,09:35,0.0412371134020617,2026
600822.SSE,yin2,2024-12-11,09:35,0.0510887772194306,2024
600825.SSE,yin2,2024-12-06,14:10,-0.0752157829839703,2024
600825.SSE,yin2,2024-12-10,10:55,0.0557575757575758,2024
600828.SSE,yin2,2024-12-16,10:00,-0.1001964636542239,2024
600828.SSE,yin2,2025-12-29,13:35,-0.0095238095238094,2025
600829.SSE,yin2,2026-07-27,09:40,-0.0128068303094983,2026
600829.SSE,yin2,2026-08-06,11:05,-0.0028985507246376,2026
600835.SSE,yin2,2025-03-04,09:55,0.0584334852880232,2025
600838.SSE,yin2,2025-12-23,13:10,-0.0988142292490118,2025
600838.SSE,yin2,2026-01-06,13:50,0.0705182667799491,2026
600839.SSE,yin2,2024-10-14,14:50,-0.0224719101123596,2024
600839.SSE,yin2,2024-10-16,13:05,0.6402985074626866,2024
600847.SSE,yin2,2024-09-19,10:30,-0.0317258883248731,2024
600857.SSE,yin2,2026-05-29,09:55,0.0135396518375241,2026
600868.SSE,yin2,2025-12-05,13:15,0.010498687664042,2025
600868.SSE,yin2,2025-12-12,09:40,-0.0203045685279188,2025
600869.SSE,yin2,2026-06-02,10:15,0.0640822784810124,2026
600877.SSE,yin2,2024-10-14,13:10,0.0085959885386819,2024
600877.SSE,yin2,2024-11-04,13:15,-0.0229299363057324,2024
600877.SSE,yin2,2026-01-21,11:20,0.0219675262655203,2026
600879.SSE,yin2,2026-01-06,13:30,-0.0091934809862097,2026
600880.SSE,yin2,2024-12-18,09:35,-0.0997229916897506,2024
600881.SSE,yin2,2024-12-11,13:25,0.1097046413502109,2024
600881.SSE,yin2,2024-12-16,09:40,-0.1003460207612456,2024
600881.SSE,yin2,2025-01-02,10:05,-0.050251256281407,2025
600884.SSE,yin2,2026-02-25,10:50,-0.0085922009253139,2026
600892.SSE,yin2,2025-02-26,09:55,-0.025706940874036,2025
600895.SSE,yin2,2024-11-05,14:40,0.0128166915052161,2024
600895.SSE,yin2,2024-11-11,09:50,-0.0398340248962655,2024
600903.SSE,yin2,2026-06-09,13:25,0.0185995623632384,2026
600936.SSE,yin2,2026-05-19,09:40,-0.0993150684931507,2026
600955.SSE,yin2,2026-04-07,10:30,0.0187845303867402,2026
600962.SSE,yin2,2026-07-10,10:00,-0.0250481695568399,2026
600962.SSE,yin2,2026-07-23,09:35,-0.0307553143374038,2026
600966.SSE,yin2,2024-11-20,09:35,-0.0252100840336134,2024
600969.SSE,yin2,2026-09-03,09:50,-0.0485981308411214,2026
600973.SSE,yin2,2025-01-22,09:45,-0.0666666666666666,2025
600973.SSE,yin2,2025-12-19,13:30,-0.0526315789473684,2025
600973.SSE,yin2,2026-01-07,10:00,-0.0160692212608157,2026
600977.SSE,yin2,2025-09-12,14:40,0.1090909090909091,2025
600980.SSE,yin2,2025-08-27,10:25,0.0445315283220519,2025
600982.SSE,yin2,2026-04-13,13:05,0.0,2026
600984.SSE,yin2,2026-08-10,09:50,,2026
600986.SSE,yin2,2026-01-14,09:35,-0.1000807102502018,2026
600986.SSE,yin2,2026-01-29,09:40,-0.048621190130624,2026
600999.SSE,yin2,2024-10-18,14:35,-0.0372848948374761,2024
601002.SSE,yin2,2024-11-04,09:40,-0.0042016806722687,2024
601005.SSE,yin2,2024-11-07,13:40,-0.0591397849462366,2024
601011.SSE,yin2,2024-12-16,14:05,-0.0914634146341463,2024
601015.SSE,yin2,2026-03-03,13:05,-0.0509666080843584,2026
601016.SSE,yin2,2026-03-17,10:40,-0.0329670329670328,2026
601016.SSE,yin2,2026-04-23,13:40,0.0,2026
601069.SSE,yin2,2025-04-03,13:25,-0.0997067448680352,2025
601069.SSE,yin2,2025-04-21,14:20,0.056338028169014,2025
601083.SSE,yin2,2025-05-13,14:45,0.0645952575633685,2025
601086.SSE,yin2,2024-12-19,09:35,-0.0101522842639594,2024
601089.SSE,yin2,2025-08-08,13:05,0.050658561296859,2025
601099.SSE,yin2,2024-10-18,14:40,-0.0602678571428572,2024
601106.SSE,yin2,2025-12-10,09:50,-0.1015228426395938,2025
601106.SSE,yin2,2025-12-19,09:35,0.0626631853785901,2025
601126.SSE,yin2,2025-10-29,10:00,-0.0135777325186694,2025
601126.SSE,yin2,2025-11-04,09:35,0.0143089430894309,2025
601133.SSE,yin2,2026-05-20,13:55,-0.0051051051051049,2026
601133.SSE,yin2,2026-06-15,09:50,-0.0104938271604937,2026
601133.SSE,yin2,2026-07-09,09:35,-0.0457671957671956,2026
601162.SSE,yin2,2024-09-13,10:00,-0.0336700336700337,2024
601179.SSE,yin2,2026-06-22,10:45,-0.0357355568790945,2026
601208.SSE,yin2,2026-08-27,13:05,0.0443991853360488,2026
601212.SSE,yin2,2026-08-26,10:20,-0.005524861878453,2026
601588.SSE,yin2,2024-11-18,11:15,-0.0471698113207547,2024
601606.SSE,yin2,2025-10-28,13:25,0.0089123317570025,2025
601619.SSE,yin2,2025-09-17,09:40,0.0123456790123455,2025
601678.SSE,yin2,2026-06-10,10:00,0.0530973451327432,2026
601698.SSE,yin2,2024-11-27,10:55,-0.0076611086074809,2024
601789.SSE,yin2,2025-03-14,09:45,-0.0337078651685394,2025
601828.SSE,yin2,2025-12-15,13:35,0.03125,2025
601869.SSE,yin2,2025-10-21,13:55,0.0113736749116608,2025
601869.SSE,yin2,2026-04-02,09:55,0.0404368358913813,2026
601869.SSE,yin2,2026-04-09,14:55,-0.0349727599106224,2026
601872.SSE,yin2,2026-03-10,09:45,-0.0572585309427413,2026
601872.SSE,yin2,2026-03-18,13:45,-0.0264608599779493,2026
601878.SSE,yin2,2024-10-18,14:40,-0.0444444444444444,2024
601886.SSE,yin2,2026-08-31,14:15,-0.0485915492957745,2026
601908.SSE,yin2,2025-05-13,09:45,0.0476190476190476,2025
601933.SSE,yin2,2024-11-07,09:50,-0.0115384615384616,2024
601933.SSE,yin2,2024-12-04,10:00,-0.0751533742331287,2024
601975.SSE,yin2,2026-03-16,13:10,0.0249480249480249,2026
601975.SSE,yin2,2026-03-24,10:55,-0.0393374741200829,2026
601995.SSE,yin2,2024-10-11,13:25,-0.0795198799699924,2024
603001.SSE,yin2,2026-06-01,09:50,-0.060251798561151,2026
603001.SSE,yin2,2026-06-18,09:55,0.0698065601345667,2026
603002.SSE,yin2,2024-12-06,09:40,-0.1004070556309362,2024
603002.SSE,yin2,2026-06-15,09:50,0.2300469483568072,2026
603004.SSE,yin2,2024-09-11,11:30,-0.0301507537688441,2024
603005.SSE,yin2,2024-10-24,13:40,-0.0325203252032519,2024
603011.SSE,yin2,2025-06-09,13:15,-0.0053475935828876,2025
603014.SSE,yin2,2026-07-01,09:40,-0.0236111111111111,2026
603016.SSE,yin2,2024-09-23,14:10,0.0268756998880179,2024
603016.SSE,yin2,2024-10-25,10:00,0.069941715237302,2024
603017.SSE,yin2,2026-04-23,10:10,-0.0729040097205346,2026
603017.SSE,yin2,2026-04-29,10:00,0.0071942446043167,2026
603019.SSE,yin2,2024-10-29,10:30,-0.0197820620284995,2024
603019.SSE,yin2,2025-09-22,13:10,-0.0236575610586333,2025
603023.SSE,yin2,2025-12-18,09:35,0.1347248576850097,2025
603026.SSE,yin2,2025-10-13,10:00,0.0649518874907475,2025
603026.SSE,yin2,2026-04-10,09:45,0.0516674495068107,2026
603030.SSE,yin2,2024-12-10,10:15,-0.0790123456790122,2024
603032.SSE,yin2,2026-06-15,11:15,0.0215946843853822,2026
603033.SSE,yin2,2026-07-06,09:35,-0.1607305936073059,2026
603042.SSE,yin2,2025-04-23,13:15,-0.0791505791505791,2025
603045.SSE,yin2,2026-06-15,09:45,0.0541484716157203,2026
603060.SSE,yin2,2026-05-18,09:35,0.0,2026
603061.SSE,yin2,2024-10-31,14:35,-0.058065279091769,2024
603061.SSE,yin2,2026-01-16,13:05,0.1769504664893857,2026
603061.SSE,yin2,2026-01-27,10:45,0.0719398711524696,2026
603061.SSE,yin2,2026-07-21,11:05,0.0095699926137642,2026
603063.SSE,yin2,2024-10-31,10:10,0.0615133369624387,2024
603065.SSE,yin2,2025-05-26,13:05,0.0481522956326987,2025
603065.SSE,yin2,2025-06-20,09:35,0.0123966942148761,2025
603070.SSE,yin2,2026-06-05,11:25,-0.0119545726240286,2026
603072.SSE,yin2,2025-04-08,13:15,0.0403103390116377,2025
603072.SSE,yin2,2025-04-14,10:25,-0.0072402761407643,2025
603083.SSE,yin2,2025-10-20,09:40,0.0390762124711316,2025
603088.SSE,yin2,2024-12-09,09:35,0.0894454382826475,2024
603088.SSE,yin2,2025-11-05,09:40,-0.0574018126888217,2025
603090.SSE,yin2,2025-09-26,13:05,-0.0618952285618952,2025
603093.SSE,yin2,2026-05-29,09:35,-0.0409150901891772,2026
603095.SSE,yin2,2024-10-24,11:05,0.1498973305954825,2024
603095.SSE,yin2,2026-02-03,10:00,0.0331159056698444,2026
603095.SSE,yin2,2026-08-21,09:40,-0.0229357798165137,2026
603098.SSE,yin2,2024-11-05,10:05,-0.0661596958174906,2024
603098.SSE,yin2,2025-08-22,09:40,0.0610021786492374,2025
603106.SSE,yin2,2025-07-11,10:05,-0.0663176265270507,2025
603110.SSE,yin2,2025-04-28,11:05,0.0101867572156195,2025
603115.SSE,yin2,2026-05-06,11:00,0.0183764781080217,2026
603115.SSE,yin2,2026-06-15,10:05,0.1570664783617472,2026
603115.SSE,yin2,2026-08-13,09:35,0.0362177929022848,2026
603118.SSE,yin2,2025-01-16,09:45,0.031434184675835,2025
603118.SSE,yin2,2026-08-13,09:40,0.1911027568922305,2026
603120.SSE,yin2,2026-07-13,09:40,-0.0406607369758577,2026
603122.SSE,yin2,2025-12-30,14:00,-0.0942835931700075,2025
603123.SSE,yin2,2025-12-19,10:15,-0.0462466487935656,2025
603126.SSE,yin2,2024-12-30,09:35,0.0268948655256724,2024
603155.SSE,yin2,2025-11-28,09:35,-0.066536203522505,2025
603155.SSE,yin2,2026-06-24,13:15,-0.005181347150259,2026
603155.SSE,yin2,2026-07-06,09:40,-0.080148799458911,2026
603160.SSE,yin2,2024-10-14,14:55,0.0287250947316952,2024
603163.SSE,yin2,2025-09-26,13:25,-0.0233771655186808,2025
603166.SSE,yin2,2025-03-24,09:40,-0.1046435578809679,2025
603169.SSE,yin2,2025-04-03,09:35,-0.0794979079497907,2025
603169.SSE,yin2,2025-04-09,13:50,-0.0278053624627607,2025
603171.SSE,yin2,2026-01-14,09:55,-0.0432372505543238,2026
603178.SSE,yin2,2025-04-02,09:35,0.030506721820062,2025
603178.SSE,yin2,2025-05-16,11:10,0.0143516145566375,2025
603185.SSE,yin2,2024-11-04,11:00,0.004040404040404,2024
603186.SSE,yin2,2026-08-14,09:40,0.0993733213965979,2026
603186.SSE,yin2,2026-08-21,10:30,-0.0838137472283814,2026
603188.SSE,yin2,2024-10-28,09:35,-0.0414847161572052,2024
603188.SSE,yin2,2025-04-17,09:35,-0.0625,2025
603191.SSE,yin2,2026-09-03,09:40,-0.010644959298685,2026
603194.SSE,yin2,2025-06-04,09:55,-0.0347190497944267,2025
603194.SSE,yin2,2025-06-09,11:20,-0.0193665983139668,2025
603200.SSE,yin2,2025-10-09,09:45,-0.1484930409532392,2025
603211.SSE,yin2,2026-07-10,10:30,-0.1019007391763463,2026
603211.SSE,yin2,2026-08-03,09:45,0.0159195643066609,2026
603212.SSE,yin2,2024-09-19,10:50,-0.0681381957773511,2024
603212.SSE,yin2,2026-07-10,13:05,-0.0939318370739816,2026
603212.SSE,yin2,2026-07-23,13:10,-0.0248565965583175,2026
603214.SSE,yin2,2025-04-08,09:40,0.0352831940575673,2025
603222.SSE,yin2,2026-07-06,13:15,-0.0356347438752784,2026
603228.SSE,yin2,2026-08-12,14:45,-0.0102840851237143,2026
603228.SSE,yin2,2026-09-04,13:05,,2026
603232.SSE,yin2,2025-11-25,09:35,-0.0377498149518874,2025
603239.SSE,yin2,2025-09-26,11:15,-0.053081421502474,2025
603256.SSE,yin2,2024-12-04,10:20,-0.0143953934740883,2024
603256.SSE,yin2,2025-07-31,09:35,0.145284621920136,2025
603256.SSE,yin2,2025-08-13,11:05,0.3075506445672191,2025
603256.SSE,yin2,2026-01-28,11:25,-0.0161445320007688,2026
603256.SSE,yin2,2026-05-28,10:40,0.0214238795412056,2026
603256.SSE,yin2,2026-07-14,13:25,-0.0851370851370851,2026
603257.SSE,yin2,2025-09-04,10:20,0.0338833235120803,2025
603257.SSE,yin2,2025-09-09,10:20,-0.0299021634284137,2025
603261.SSE,yin2,2026-06-23,13:35,-0.0459501557632399,2026
603267.SSE,yin2,2025-03-25,10:00,-0.0092642080883663,2025
603269.SSE,yin2,2025-09-22,09:35,0.0546249089584851,2025
603270.SSE,yin2,2025-02-19,11:30,0.0272357723577234,2025
603278.SSE,yin2,2025-12-24,10:05,0.5217391304347827,2025
603286.SSE,yin2,2026-07-10,10:45,-0.0476989006893981,2026
603286.SSE,yin2,2026-07-31,11:15,-0.0079470198675496,2026
603290.SSE,yin2,2024-10-18,14:45,0.0011073082343466,2024
603297.SSE,yin2,2024-11-08,13:40,-0.0274730097428246,2024
603306.SSE,yin2,2026-04-29,13:50,0.0,2026
603306.SSE,yin2,2026-05-07,13:25,-0.0107645597571074,2026
603315.SSE,yin2,2025-03-17,14:50,0.1979381443298968,2025
603316.SSE,yin2,2025-10-14,09:35,-0.0817655571635311,2025
603316.SSE,yin2,2025-10-20,09:35,0.0531177829099307,2025
603322.SSE,yin2,2025-10-09,13:40,-0.024793388429752,2025
603324.SSE,yin2,2024-08-30,10:40,-0.0202020202020202,2024
603331.SSE,yin2,2025-05-13,10:50,-0.0265410958904109,2025
603333.SSE,yin2,2024-12-19,09:40,-0.021978021978022,2024
603335.SSE,yin2,2026-06-25,09:45,-0.0065934065934066,2026
603335.SSE,yin2,2026-06-30,13:15,0.022099447513812,2026
603358.SSE,yin2,2026-08-04,11:25,0.0535218379197171,2026
603360.SSE,yin2,2024-10-23,10:10,-0.03,2024
603360.SSE,yin2,2024-10-29,11:05,-0.0151515151515151,2024
603363.SSE,yin2,2025-09-08,09:35,-0.0154738878143133,2025
603380.SSE,yin2,2026-07-08,09:35,-0.1000211461196869,2026
603387.SSE,yin2,2026-03-27,10:10,0.0313131313131314,2026
603387.SSE,yin2,2026-04-10,09:55,-0.0698974836905871,2026
603390.SSE,yin2,2025-05-26,10:05,0.3646702047005308,2025
603390.SSE,yin2,2026-05-15,10:00,-0.0297297297297298,2026
603400.SSE,yin2,2026-08-04,13:20,-0.0013324450366423,2026
603400.SSE,yin2,2026-08-20,14:20,-0.0565855542680571,2026
603421.SSE,yin2,2025-09-30,09:40,0.0049999999999998,2025
603456.SSE,yin2,2024-10-31,11:00,-0.0914419695193434,2024
603458.SSE,yin2,2026-01-14,09:45,-0.0244088482074752,2026
603488.SSE,yin2,2026-01-12,10:40,0.0871602624179943,2026
603488.SSE,yin2,2026-01-27,13:10,-0.0056657223796034,2026
603496.SSE,yin2,2026-01-14,13:05,-0.123006833712984,2026
603516.SSE,yin2,2024-12-06,13:40,0.0458424290533836,2024
603516.SSE,yin2,2025-08-05,13:20,0.0860170657858518,2025
603516.SSE,yin2,2025-08-13,09:55,0.0605083088954057,2025
603516.SSE,yin2,2026-07-14,09:35,-0.0999633162142333,2026
603538.SSE,yin2,2026-07-06,10:25,0.0236589365190913,2026
603559.SSE,yin2,2026-07-10,09:40,-0.0205011389521639,2026
603567.SSE,yin2,2026-08-04,10:05,-0.0104947526236881,2026
603567.SSE,yin2,2026-08-07,09:45,-0.0028248587570621,2026
603578.SSE,yin2,2025-04-10,09:40,0.0357941834451902,2025
603580.SSE,yin2,2026-08-17,09:55,0.1682130584192438,2026
603585.SSE,yin2,2024-12-04,13:35,0.0164348925410871,2024
603585.SSE,yin2,2025-06-12,10:10,-0.0488739817920459,2025
603601.SSE,yin2,2025-08-21,09:35,-0.0483619344773791,2025
603601.SSE,yin2,2026-03-18,09:50,0.0195412064570943,2026
603608.SSE,yin2,2026-01-12,10:40,0.0549898167006108,2026
603608.SSE,yin2,2026-02-11,09:35,-0.0182608695652174,2026
603610.SSE,yin2,2024-12-25,10:45,0.0364372469635627,2024
603610.SSE,yin2,2024-12-30,11:25,-0.0707442888725129,2024
603616.SSE,yin2,2026-06-18,10:15,0.0185758513931888,2026
603618.SSE,yin2,2026-05-06,09:40,0.1997426825345769,2026
603618.SSE,yin2,2026-09-02,11:20,0.0545405695862439,2026
603626.SSE,yin2,2026-03-12,09:35,-0.0439064423471481,2026
603629.SSE,yin2,2026-02-27,10:50,-0.0071770334928229,2026
603629.SSE,yin2,2026-03-11,14:55,0.0169437846397466,2026
603629.SSE,yin2,2026-03-25,10:00,0.0537651563497127,2026
603629.SSE,yin2,2026-05-13,09:50,-0.0133750217126975,2026
603629.SSE,yin2,2026-08-04,09:35,0.1963675422322039,2026
603629.SSE,yin2,2026-08-13,09:35,0.0878903274942877,2026
603636.SSE,yin2,2026-05-19,09:40,-0.0666137985725614,2026
603648.SSE,yin2,2025-04-25,10:50,-0.0549158547387067,2025
603662.SSE,yin2,2024-11-08,10:10,-0.0240274599542335,2024
603662.SSE,yin2,2024-11-19,14:30,0.0865954922894425,2024
603662.SSE,yin2,2025-01-02,10:50,-0.0484097945398254,2025
603663.SSE,yin2,2026-06-18,09:35,0.1552177391701907,2026
603667.SSE,yin2,2025-01-14,09:55,0.1667631731325998,2025
603667.SSE,yin2,2026-02-06,10:25,0.0276707530647983,2026
603676.SSE,yin2,2025-07-08,09:40,0.007823613086771,2025
603678.SSE,yin2,2026-06-11,13:15,-0.0607333225650137,2026
603678.SSE,yin2,2026-06-15,09:45,0.0583085821478819,2026
603678.SSE,yin2,2026-06-24,09:40,0.1638360175695461,2026
603678.SSE,yin2,2026-07-23,09:35,-0.1316387683405662,2026
603679.SSE,yin2,2024-11-04,10:30,0.2228499686126805,2024
603686.SSE,yin2,2025-11-04,10:05,0.0247983268598743,2025
603693.SSE,yin2,2025-03-31,15:00,0.087832393231265,2025
603693.SSE,yin2,2025-04-14,10:30,0.0081855388813096,2025
603703.SSE,yin2,2026-01-12,09:45,-0.076190476190476,2026
603713.SSE,yin2,2026-07-03,09:40,-0.0111069039505239,2026
603716.SSE,yin2,2024-11-25,09:35,0.0376522702104096,2024
603716.SSE,yin2,2024-12-09,09:35,-0.0290290290290291,2024
603716.SSE,yin2,2025-02-14,09:35,0.1402061855670104,2025
603716.SSE,yin2,2025-03-03,09:50,0.046953046953047,2025
603716.SSE,yin2,2026-01-08,10:35,0.0438859714928732,2026
603716.SSE,yin2,2026-08-20,09:55,-0.084393063583815,2026
603738.SSE,yin2,2026-03-27,11:00,0.0252004581901488,2026
603757.SSE,yin2,2026-07-06,09:50,-0.0632655638338173,2026
603758.SSE,yin2,2024-11-25,10:35,-0.0187224669603524,2024
603773.SSE,yin2,2026-04-17,09:45,0.1060491493383744,2026
603773.SSE,yin2,2026-04-27,09:35,-0.0113831280212068,2026
603773.SSE,yin2,2026-04-29,09:35,-0.0055921995985087,2026
603776.SSE,yin2,2025-07-03,09:55,0.0488826815642458,2025
603778.SSE,yin2,2026-03-03,09:40,0.0199871050934881,2026
603778.SSE,yin2,2026-03-06,10:20,0.0356516656925773,2026
603778.SSE,yin2,2026-04-01,10:55,0.0603636363636364,2026
603800.SSE,yin2,2025-08-28,14:25,-0.0547063555913113,2025
603800.SSE,yin2,2025-09-01,13:55,-0.0541586073500968,2025
603803.SSE,yin2,2026-03-18,09:45,0.0586443259710585,2026
603803.SSE,yin2,2026-03-23,10:25,0.0684462696783025,2026
603803.SSE,yin2,2026-04-01,09:35,-0.0307017543859648,2026
603808.SSE,yin2,2026-04-09,10:35,-0.0528169014084506,2026
603809.SSE,yin2,2024-11-29,13:55,0.0405965202982601,2024
603810.SSE,yin2,2025-10-16,09:45,-0.0312500000000001,2025
603811.SSE,yin2,2025-07-14,09:35,0.1504986400725294,2025
603811.SSE,yin2,2025-08-04,09:35,0.1598513011152416,2025
603811.SSE,yin2,2025-08-08,13:20,-0.0379289584587597,2025
603819.SSE,yin2,2024-11-22,09:40,0.0494728304947282,2024
603819.SSE,yin2,2024-11-27,09:40,0.0084355828220858,2024
603823.SSE,yin2,2026-08-17,09:40,0.0663337175054423,2026
603829.SSE,yin2,2025-11-21,09:35,-0.0998457979953739,2025
603839.SSE,yin2,2024-08-19,09:35,-0.0991304347826087,2024
603839.SSE,yin2,2025-05-15,13:05,0.0382916053019144,2025
603839.SSE,yin2,2025-05-22,09:35,-0.0343007915567281,2025
603861.SSE,yin2,2026-07-23,14:45,-0.0446280991735537,2026
603863.SSE,yin2,2024-11-05,13:25,0.0780656303972366,2024
603879.SSE,yin2,2025-12-24,10:20,0.0133333333333334,2025
603882.SSE,yin2,2025-02-14,10:55,0.02534435261708,2025
603882.SSE,yin2,2025-02-19,10:55,0.0440186431900571,2025
603883.SSE,yin2,2024-11-06,13:35,-0.0198300283286118,2024
603893.SSE,yin2,2024-10-14,10:55,0.0533422459893049,2024
603893.SSE,yin2,2024-12-26,13:15,0.0017349063150589,2024
603893.SSE,yin2,2025-01-17,11:00,0.0329244673983215,2025
603893.SSE,yin2,2025-09-18,10:05,-0.0605280384027929,2025
603897.SSE,yin2,2026-03-16,09:35,-0.1351894374282435,2026
603897.SSE,yin2,2026-03-18,09:35,0.0069402534701266,2026
603898.SSE,yin2,2025-12-02,09:45,-0.0043072505384063,2025
603898.SSE,yin2,2025-12-08,11:30,0.0234806629834254,2025
603900.SSE,yin2,2025-04-17,09:45,-0.0662739322533136,2025
603903.SSE,yin2,2025-10-31,09:40,0.0186915887850467,2025
603906.SSE,yin2,2024-11-28,09:40,-0.109655172413793,2024
603918.SSE,yin2,2025-03-06,09:35,-0.0701841712294674,2025
603920.SSE,yin2,2024-10-29,13:25,-0.0154711673699016,2024
603929.SSE,yin2,2025-11-18,13:55,-0.0348917153661052,2025
603929.SSE,yin2,2025-12-22,13:30,0.089681088767012,2025
603929.SSE,yin2,2025-12-26,10:55,-0.1907375643224699,2025
603929.SSE,yin2,2026-01-27,10:40,0.0584893048128343,2026
603929.SSE,yin2,2026-06-17,13:55,-0.071754673098458,2026
603929.SSE,yin2,2026-07-10,09:35,-0.09820421618808,2026
603933.SSE,yin2,2026-04-16,13:30,-0.0180360721442885,2026
603933.SSE,yin2,2026-04-29,09:35,0.0502793296089385,2026
603950.SSE,yin2,2026-07-16,10:00,-0.1085829493087557,2026
603955.SSE,yin2,2025-04-28,10:20,-0.0070083223828294,2025
603955.SSE,yin2,2025-04-30,11:05,0.016038492381716,2025
603955.SSE,yin2,2025-05-19,13:35,0.0715102974828374,2025
603956.SSE,yin2,2026-07-31,13:05,0.0455235204855841,2026
603958.SSE,yin2,2025-04-01,14:35,0.0920830993823695,2025
603958.SSE,yin2,2026-02-26,13:10,0.043855421686747,2026
603958.SSE,yin2,2026-08-20,09:45,0.1916488222698074,2026
603967.SSE,yin2,2025-04-16,09:35,0.0060286360211001,2025
603978.SSE,yin2,2025-11-11,11:20,-0.086175475136683,2025
603978.SSE,yin2,2025-11-20,09:40,-0.0999713549126323,2025
603980.SSE,yin2,2025-06-09,13:05,0.0576923076923077,2025
603982.SSE,yin2,2025-06-19,09:45,-0.0543778801843317,2025
603982.SSE,yin2,2025-06-30,10:05,0.0153429602888086,2025
603988.SSE,yin2,2024-09-26,09:50,-0.0869841269841269,2024
603988.SSE,yin2,2024-11-18,09:35,-0.0015243902439024,2024
603988.SSE,yin2,2026-07-27,14:15,-0.0210643015521063,2026
603988.SSE,yin2,2026-08-05,14:30,0.0857142857142858,2026
603988.SSE,yin2,2026-08-20,09:35,-0.0193396226415094,2026
603989.SSE,yin2,2026-06-15,11:05,0.4039190897597977,2026
603990.SSE,yin2,2025-03-14,14:50,-0.0489164086687305,2025
605005.SSE,yin2,2025-06-03,09:45,0.0368349249658936,2025
605006.SSE,yin2,2025-07-01,13:50,0.0230040595399187,2025
605006.SSE,yin2,2026-07-09,09:45,-0.0488358886996024,2026
605028.SSE,yin2,2026-07-22,09:40,0.0709889208042675,2026
605033.SSE,yin2,2025-06-12,10:05,-0.000896860986547,2025
605056.SSE,yin2,2024-10-18,14:35,0.0555961960497439,2024
605068.SSE,yin2,2025-05-12,13:45,-0.0861607142857142,2025
605086.SSE,yin2,2026-01-08,13:35,0.0020458265139116,2026
605099.SSE,yin2,2026-05-15,10:20,-0.1000746825989544,2026
605138.SSE,yin2,2025-05-13,10:00,0.1196581196581196,2025
605162.SSE,yin2,2026-08-10,09:45,-0.0246516613076098,2026
605162.SSE,yin2,2026-08-17,14:50,0.0199370409233998,2026
605178.SSE,yin2,2024-08-13,09:35,0.0109090909090909,2024
605179.SSE,yin2,2025-01-21,14:05,-0.1105198526401964,2025
605189.SSE,yin2,2026-08-10,10:00,-0.0132717830351989,2026
605208.SSE,yin2,2025-02-27,09:35,-0.0395869191049913,2025
605208.SSE,yin2,2025-04-02,13:20,-0.024247491638796,2025
605255.SSE,yin2,2026-02-02,10:55,0.0875214696437907,2026
605259.SSE,yin2,2025-07-25,13:25,0.038741848868431,2025
605287.SSE,yin2,2026-01-26,09:35,-0.0679110405083399,2026
605288.SSE,yin2,2026-06-02,10:55,0.0320134793597304,2026
605288.SSE,yin2,2026-06-15,09:45,0.0476054732041049,2026
605289.SSE,yin2,2025-09-29,13:20,0.0610553859572611,2025
605289.SSE,yin2,2026-05-27,11:10,0.0092320604280318,2026
605299.SSE,yin2,2026-03-27,14:40,0.0072727272727273,2026
605303.SSE,yin2,2025-10-17,13:30,0.0,2025
605358.SSE,yin2,2024-10-18,14:40,0.0146604938271603,2024
605358.SSE,yin2,2025-12-22,09:55,0.0038147138964577,2025
605358.SSE,yin2,2026-01-05,11:05,0.08355091383812,2026
605366.SSE,yin2,2026-04-15,13:25,0.0439970171513794,2026
605377.SSE,yin2,2026-06-29,10:55,-0.0231092436974789,2026
605377.SSE,yin2,2026-07-06,11:20,-0.0030927835051546,2026
605580.SSE,yin2,2025-10-24,10:20,-0.0544990065285266,2025
605598.SSE,yin2,2025-08-06,09:55,0.1570346751693903,2025
000012.SZSE,yang2,2026-06-16,09:40,0.0243362831858406,2026
000017.SZSE,yang2,2026-07-23,09:55,0.0211267605633802,2026
000032.SZSE,yang2,2025-03-12,13:35,-0.0681399631675874,2025
000068.SZSE,yang2,2026-07-01,09:40,-0.0418006430868166,2026
000070.SZSE,yang2,2025-08-25,09:50,0.0504281636536632,2025
000520.SZSE,yang2,2026-07-01,10:00,0.1097560975609757,2026
000533.SZSE,yang2,2026-08-26,11:05,0.0043066322136089,2026
000617.SZSE,yang2,2025-09-11,10:55,-0.0296167247386759,2025
000620.SZSE,yang2,2025-05-07,09:35,-0.0597826086956522,2025
000678.SZSE,yang2,2024-09-06,09:40,0.0454545454545451,2024
000681.SZSE,yang2,2025-03-06,11:30,-0.0426017497147203,2025
000788.SZSE,yang2,2026-04-15,13:25,-0.0162481536189068,2026
000953.SZSE,yang2,2025-04-11,14:35,0.0421245421245422,2025
001229.SZSE,yang2,2026-07-22,09:50,-0.0584192439862543,2026
001257.SZSE,yang2,2026-06-11,09:45,0.2973830293417923,2026
001267.SZSE,yang2,2025-11-06,13:10,0.0723718964606445,2025
001316.SZSE,yang2,2025-04-30,09:35,0.311651728553137,2025
001331.SZSE,yang2,2026-07-10,10:25,-0.1514132925897632,2026
002094.SZSE,yang2,2025-05-27,13:55,-0.011111111111111,2025
002105.SZSE,yang2,2025-12-19,13:35,-0.005148005148005,2025
002136.SZSE,yang2,2025-11-28,13:20,-0.0461200585651537,2025
002140.SZSE,yang2,2025-11-03,11:00,-0.021722265321955,2025
002150.SZSE,yang2,2026-04-09,13:40,0.0198291641244661,2026
002162.SZSE,yang2,2025-04-10,10:30,-0.030379746835443,2025
002173.SZSE,yang2,2026-08-04,09:50,0.0162523900573614,2026
002285.SZSE,yang2,2024-08-30,13:10,-0.0585106382978722,2024
002313.SZSE,yang2,2025-01-08,09:35,-0.0034843205574912,2025
002313.SZSE,yang2,2025-03-04,09:35,0.0052083333333334,2025
002355.SZSE,yang2,2026-03-05,09:35,-0.0013642564802182,2026
002391.SZSE,yang2,2025-06-17,14:50,-0.0409090909090908,2025
002421.SZSE,yang2,2026-06-22,09:45,-0.0451306413301663,2026
002425.SZSE,yang2,2024-08-30,14:10,-0.0210526315789474,2024
002471.SZSE,yang2,2026-03-05,11:00,0.0099557522123896,2026
002529.SZSE,yang2,2024-08-14,09:35,-0.012797074954296,2024
002565.SZSE,yang2,2026-03-31,09:35,-0.0182245737801294,2026
002570.SZSE,yang2,2024-10-18,09:35,-0.0087463556851312,2024
002596.SZSE,yang2,2024-12-27,10:05,0.0457142857142858,2024
002629.SZSE,yang2,2026-03-17,11:00,0.007173601147776,2026
002640.SZSE,yang2,2024-11-05,10:00,0.0,2024
002651.SZSE,yang2,2026-08-24,10:00,-0.0325203252032519,2026
002655.SZSE,yang2,2026-05-21,10:05,-0.033590308370044,2026
002685.SZSE,yang2,2024-08-29,10:05,0.0160771704180064,2024
002713.SZSE,yang2,2024-12-19,13:35,-0.0674536256323776,2024
002779.SZSE,yang2,2025-01-08,14:20,0.0678865763374771,2025
002792.SZSE,yang2,2024-11-20,11:25,0.0537313432835819,2024
002900.SZSE,yang2,2025-06-10,09:35,-0.0688622754491017,2025
002907.SZSE,yang2,2026-08-25,09:50,0.0292249047013977,2026
002916.SZSE,yang2,2024-10-18,14:35,-0.0118369136343708,2024
003041.SZSE,yang2,2026-01-23,11:10,-0.0554852987669933,2026
600076.SSE,yang2,2026-07-28,09:35,-0.04,2026
600212.SSE,yang2,2025-06-24,14:10,-0.0036363636363635,2025
600363.SSE,yang2,2026-07-10,13:05,-0.146273637374861,2026
600488.SSE,yang2,2026-05-29,10:40,0.0216606498194946,2026
600506.SSE,yang2,2024-12-27,09:45,-0.0251509054325955,2024
600556.SSE,yang2,2025-01-14,09:35,0.2786259541984732,2025
600619.SSE,yang2,2025-03-27,10:15,-0.0088105726872246,2025
600644.SSE,yang2,2026-08-03,14:10,0.0136054421768707,2026
600653.SSE,yang2,2024-12-02,11:15,0.0252100840336135,2024
600676.SSE,yang2,2025-06-24,09:35,-0.0618762475049899,2025
600787.SSE,yang2,2025-04-22,14:00,0.0165165165165164,2025
600800.SSE,yang2,2026-04-20,09:50,-0.0098425196850393,2026
600828.SSE,yang2,2026-01-30,09:45,0.0455927051671731,2026
600828.SSE,yang2,2026-03-05,10:40,-0.0199081163859111,2026
600881.SSE,yang2,2025-06-09,13:40,-0.0103626943005181,2025
600967.SSE,yang2,2025-04-09,10:00,0.0376492194674014,2025
601011.SSE,yang2,2024-12-30,14:55,-0.0036496350364964,2024
601069.SSE,yang2,2025-04-10,11:30,0.0419916016796639,2025
601127.SSE,yang2,2024-12-02,10:00,0.0145794392523364,2024
601616.SSE,yang2,2025-01-14,13:05,0.0075566750629723,2025
603023.SSE,yang2,2025-12-16,09:35,-0.0735009671179883,2025
603023.SSE,yang2,2026-01-06,10:40,-0.0088809946714031,2026
603065.SSE,yang2,2025-06-10,10:20,0.0131313131313131,2025
603118.SSE,yang2,2025-02-06,11:20,-0.0144927536231884,2025
603122.SSE,yang2,2024-08-27,09:35,-0.050610820244328,2024
603155.SSE,yang2,2026-07-10,09:35,-0.1000707213578501,2026
603171.SSE,yang2,2026-08-28,10:05,0.0248082995038338,2026
603188.SSE,yang2,2025-04-11,09:35,0.0757180156657963,2025
603206.SSE,yang2,2026-06-08,09:40,0.0547058823529411,2026
603238.SSE,yang2,2025-03-25,11:10,0.0372474747474746,2025
603305.SSE,yang2,2026-01-22,13:35,0.0602171767028627,2026
603315.SSE,yang2,2025-03-06,13:05,0.0089955022488756,2025
603315.SSE,yang2,2026-05-07,10:35,0.0052910052910053,2026
603353.SSE,yang2,2024-12-23,09:50,0.0239234449760767,2024
603382.SSE,yang2,2025-09-09,14:55,-0.0231996133397777,2025
603389.SSE,yang2,2024-08-21,13:20,-0.015625,2024
603601.SSE,yang2,2026-03-10,09:45,-0.0126883425852498,2026
603610.SSE,yang2,2025-01-08,09:50,-0.0511508951406649,2025
603630.SSE,yang2,2025-06-12,14:25,-0.0657276995305163,2025
603703.SSE,yang2,2025-12-25,10:55,-0.0318212593094109,2025
603839.SSE,yang2,2025-04-30,09:35,0.0207612456747405,2025
603883.SSE,yang2,2024-11-28,14:20,-0.025,2024
603893.SSE,yang2,2025-01-07,11:15,0.1928068223952541,2025
603897.SSE,yang2,2026-03-30,14:10,-0.048038917604135,2026
603920.SSE,yang2,2024-10-18,13:05,0.0099173553719009,2024
603929.SSE,yang2,2026-01-05,09:55,0.1175630652070442,2026
603989.SSE,yang2,2026-06-04,13:25,0.0364963503649635,2026
605003.SSE,yang2,2026-01-12,10:40,0.0120120120120121,2026
605069.SSE,yang2,2025-03-24,14:35,0.0890346766635425,2025
605318.SSE,yang2,2026-01-19,09:40,-0.0141417180683014,2026
000017.SZSE,yang2,2026-07-09,10:05,-0.1019490254872563,2026
000020.SZSE,yang2,2024-09-19,14:35,-0.0140324963072377,2024
000021.SZSE,yang2,2024-11-11,15:00,-0.0401537804357112,2024
000029.SZSE,yang2,2024-10-24,10:25,-0.0132075471698114,2024
000029.SZSE,yang2,2024-10-31,09:35,-0.0593126385809312,2024
000034.SZSE,yang2,2025-02-13,13:45,0.0973487148350535,2025
000034.SZSE,yang2,2025-02-14,10:05,0.0241783150736683,2025
000037.SZSE,yang2,2026-08-03,09:55,0.0019841269841269,2026
000039.SZSE,yang2,2026-02-26,14:40,-0.0044247787610619,2026
000061.SZSE,yang2,2025-09-10,10:35,-0.0064655172413792,2025
000062.SZSE,yang2,2025-05-06,13:35,0.0255500354861604,2025
000068.SZSE,yang2,2024-09-04,10:00,-0.1035502958579882,2024
000068.SZSE,yang2,2024-09-10,09:40,-0.0408805031446541,2024
000070.SZSE,yang2,2025-09-12,09:40,-0.0043365134431916,2025
000158.SZSE,yang2,2025-02-24,14:45,0.0254823443756826,2025
000430.SZSE,yang2,2024-10-29,09:50,-0.0041899441340782,2024
000503.SZSE,yang2,2024-10-23,10:40,-0.0424641148325357,2024
000506.SZSE,yang2,2025-06-30,09:45,-0.0641025641025641,2025
000506.SZSE,yang2,2026-07-22,11:25,0.0099846390168971,2026
000506.SZSE,yang2,2026-07-30,09:40,0.0522174535050072,2026
000509.SZSE,yang2,2026-03-20,09:55,-0.0991189427312775,2026
000514.SZSE,yang2,2025-05-07,09:35,-0.0618556701030927,2025
000516.SZSE,yang2,2026-01-13,10:10,-0.0106571936056837,2026
000518.SZSE,yang2,2024-11-21,10:45,-0.0480225988700564,2024
000523.SZSE,yang2,2026-01-20,11:05,-0.0212264150943395,2026
000536.SZSE,yang2,2025-02-25,09:40,0.0369127516778522,2025
000536.SZSE,yang2,2025-03-06,11:15,-0.053968253968254,2025
000539.SZSE,yang2,2026-04-21,10:25,0.0250391236306728,2026
000561.SZSE,yang2,2024-10-31,11:25,-0.129973474801061,2024
000566.SZSE,yang2,2024-10-31,13:15,-0.1154562383612662,2024
000566.SZSE,yang2,2024-11-05,09:55,0.207865168539326,2024
000567.SZSE,yang2,2024-09-30,13:05,0.0765895953757225,2024
000567.SZSE,yang2,2024-10-31,13:35,0.0372526193247964,2024
000567.SZSE,yang2,2024-11-01,13:10,-0.0346695557963163,2024
000576.SZSE,yang2,2024-12-03,13:30,0.0106257378984651,2024
000586.SZSE,yang2,2025-02-26,14:20,-0.0399999999999999,2025
000592.SZSE,yang2,2024-11-07,09:45,0.0305343511450382,2024
000593.SZSE,yang2,2026-02-25,13:05,-0.0999999999999999,2026
000603.SZSE,yang2,2026-01-28,13:40,0.0077288941736028,2026
000608.SZSE,yang2,2024-12-06,09:35,-0.0136518771331057,2024
000617.SZSE,yang2,2024-11-05,13:50,-0.0166666666666667,2024
000620.SZSE,yang2,2026-07-10,09:45,-0.0743801652892561,2026
000636.SZSE,yang2,2026-05-28,09:40,0.0902549342105263,2026
000652.SZSE,yang2,2024-10-28,09:45,0.0365591397849462,2024
000668.SZSE,yang2,2026-08-13,09:35,-0.0398671096345514,2026
000670.SZSE,yang2,2024-11-08,13:30,0.1184387617765816,2024
000670.SZSE,yang2,2024-11-28,10:30,0.0234375,2024
000678.SZSE,yang2,2024-09-13,14:05,-0.0452674897119342,2024
000679.SZSE,yang2,2024-11-29,14:55,0.0837789661319072,2024
000679.SZSE,yang2,2024-12-11,11:20,0.055722891566265,2024
000679.SZSE,yang2,2026-07-16,11:10,-0.0636645962732919,2026
000681.SZSE,yang2,2026-02-10,11:25,-0.0400131190554279,2026
000686.SZSE,yang2,2024-10-29,09:35,-0.0794930875576036,2024
000700.SZSE,yang2,2025-08-20,10:10,-0.0835734870317004,2025
000700.SZSE,yang2,2026-01-06,10:25,-0.0547169811320755,2026
000701.SZSE,yang2,2025-06-12,11:15,0.0039682539682539,2025
000722.SZSE,yang2,2025-04-25,14:30,0.0138674884437595,2025
000725.SZSE,yang2,2026-05-26,13:45,-0.0137931034482758,2026
000725.SZSE,yang2,2026-06-17,09:50,-0.0238450074515648,2026
000733.SZSE,yang2,2024-10-21,13:05,-0.0403257076386195,2024
000753.SZSE,yang2,2025-11-04,09:45,-0.0097826086956521,2025
000759.SZSE,yang2,2026-06-22,10:35,-0.0595065312046443,2026
000767.SZSE,yang2,2026-04-21,13:05,-0.0464037122969835,2026
000767.SZSE,yang2,2026-05-29,09:45,0.0949820788530466,2026
000783.SZSE,yang2,2026-07-01,13:20,-0.0633737185461322,2026
000803.SZSE,yang2,2024-11-22,09:35,0.0197486535008974,2024
000803.SZSE,yang2,2024-11-28,09:35,-0.0197368421052631,2024
000859.SZSE,yang2,2025-12-23,09:55,-0.0047348484848485,2025
000860.SZSE,yang2,2024-10-08,09:35,-0.1558676937018578,2024
000880.SZSE,yang2,2025-01-20,09:35,0.0843902439024391,2025
000882.SZSE,yang2,2025-01-08,11:10,-0.0040983606557376,2025
000889.SZSE,yang2,2026-08-06,10:05,-0.0765661252900231,2026
000892.SZSE,yang2,2026-07-29,09:35,-0.0455840455840454,2026
000901.SZSE,yang2,2025-12-16,13:55,-0.1048689138576779,2025
000908.SZSE,yang2,2026-07-15,10:00,-0.0026666666666665,2026
000936.SZSE,yang2,2024-10-28,09:40,-0.0333333333333333,2024
000948.SZSE,yang2,2024-09-30,14:00,0.1306187202538338,2024
000953.SZSE,yang2,2024-12-09,09:35,0.0198473282442748,2024
000953.SZSE,yang2,2025-04-24,09:40,-0.0047923322683705,2025
000955.SZSE,yang2,2025-11-14,09:35,0.0365853658536585,2025
000962.SZSE,yang2,2026-08-27,10:55,0.0029539530842745,2026
000967.SZSE,yang2,2025-03-18,10:55,-0.0278592375366569,2025
000980.SZSE,yang2,2025-09-12,10:00,-0.0294906166219839,2025
000980.SZSE,yang2,2025-09-30,13:05,-0.002754820936639,2025
000980.SZSE,yang2,2026-05-11,09:45,-0.0551724137931033,2026
000980.SZSE,yang2,2026-05-25,09:50,-0.0035211267605632,2026
000981.SZSE,yang2,2025-09-12,10:10,0.3971119133574008,2025
000981.SZSE,yang2,2025-12-30,10:05,0.032258064516129,2025
000987.SZSE,yang2,2024-10-31,10:10,-0.0364321608040201,2024
000987.SZSE,yang2,2024-11-05,10:20,-0.0481651376146788,2024
001210.SZSE,yang2,2026-06-01,09:35,0.0713219934347955,2026
001211.SZSE,yang2,2026-05-11,11:25,0.0827855382087099,2026
001229.SZSE,yang2,2026-08-17,10:15,0.0151216305062458,2026
001255.SZSE,yang2,2024-12-09,13:25,-0.1045228902371759,2024
001266.SZSE,yang2,2025-11-19,14:55,-0.0806147209490428,2025
001269.SZSE,yang2,2025-05-13,09:45,-0.0125050423557885,2025
001298.SZSE,yang2,2024-10-08,14:55,-0.0998814463544753,2024
001306.SZSE,yang2,2025-02-27,10:30,-0.0789320951828206,2025
001306.SZSE,yang2,2025-03-10,10:30,-0.0612019849292408,2025
001308.SZSE,yang2,2024-12-20,10:45,-0.0489251297257227,2024
001309.SZSE,yang2,2025-11-06,09:35,0.080399773407785,2025
001316.SZSE,yang2,2026-02-03,10:05,0.0701224924551748,2026
001317.SZSE,yang2,2026-07-15,10:05,0.0045036224789503,2026
001332.SZSE,yang2,2024-09-30,14:20,0.0385344283006949,2024
001332.SZSE,yang2,2025-06-04,09:35,-0.1489557034656874,2025
001332.SZSE,yang2,2025-09-16,09:55,-0.0395837204980487,2025
001332.SZSE,yang2,2025-10-09,09:50,-0.0162761330152939,2025
001359.SZSE,yang2,2026-06-22,13:05,-0.1933709255948287,2026
001380.SZSE,yang2,2025-02-26,13:25,-0.0567200986436496,2025
001380.SZSE,yang2,2025-09-03,14:30,0.0419889502762431,2025
001389.SZSE,yang2,2026-02-26,09:45,0.0175915696439192,2026
001696.SZSE,yang2,2026-06-11,10:25,0.0896946564885494,2026
001696.SZSE,yang2,2026-06-25,13:10,-0.076146076146076,2026
002006.SZSE,yang2,2024-12-10,11:25,0.0061611374407581,2024
002009.SZSE,yang2,2026-02-13,11:05,0.0064534231200896,2026
002015.SZSE,yang2,2026-02-27,11:15,-0.031779661016949,2026
002015.SZSE,yang2,2026-03-12,10:05,0.0430711610486891,2026
002021.SZSE,yang2,2024-11-07,10:05,-0.0210526315789474,2024
002021.SZSE,yang2,2025-09-12,09:55,0.009966777408638,2025
002021.SZSE,yang2,2025-09-25,09:40,-0.0427631578947368,2025
002029.SZSE,yang2,2025-10-10,09:50,0.0285087719298247,2025
002031.SZSE,yang2,2024-11-20,14:25,-0.0131868131868131,2024
002031.SZSE,yang2,2024-11-29,13:20,0.5598290598290598,2024
002031.SZSE,yang2,2025-02-11,10:00,0.0540865384615383,2025
002031.SZSE,yang2,2026-05-14,10:30,0.0199501246882793,2026
002038.SZSE,yang2,2026-04-02,14:55,0.0502923976608187,2026
002038.SZSE,yang2,2026-04-15,11:25,-0.0198265179677818,2026
002040.SZSE,yang2,2025-10-13,13:05,0.0220070422535212,2025
002044.SZSE,yang2,2026-01-09,09:35,0.3882544861337684,2026
002046.SZSE,yang2,2026-01-09,09:40,0.1159732701013149,2026
002047.SZSE,yang2,2026-08-26,09:40,-0.0247933884297519,2026
002048.SZSE,yang2,2025-03-06,09:35,0.0125499144324014,2025
002048.SZSE,yang2,2025-03-17,14:30,0.0175920835623968,2025
002054.SZSE,yang2,2026-02-26,09:35,-0.0286436394271272,2026
002058.SZSE,yang2,2025-04-14,10:05,-0.022944550669216,2025
002065.SZSE,yang2,2024-10-30,13:45,0.0686131386861315,2024
002067.SZSE,yang2,2025-09-16,09:35,0.0878378378378379,2025
002080.SZSE,yang2,2026-08-07,13:15,0.0029998235397918,2026
002083.SZSE,yang2,2025-11-06,13:10,0.9110429447852764,2025
002086.SZSE,yang2,2024-11-06,11:05,0.2087912087912087,2024
002093.SZSE,yang2,2025-04-10,10:25,-0.025925925925926,2025
002099.SZSE,yang2,2026-02-26,09:35,-0.0826727066817667,2026
002104.SZSE,yang2,2024-09-30,13:05,0.0929203539823009,2024
002112.SZSE,yang2,2025-03-12,10:55,-0.0357761107905365,2025
002112.SZSE,yang2,2026-03-09,10:35,-0.0260586319218241,2026
002115.SZSE,yang2,2025-02-11,14:45,-0.0207317073170731,2025
002117.SZSE,yang2,2025-01-10,09:50,-0.0580110497237569,2025
002131.SZSE,yang2,2025-09-16,14:20,-0.0424886191198786,2025
002131.SZSE,yang2,2026-08-13,09:55,-0.1219110378912685,2026
002134.SZSE,yang2,2024-12-03,09:35,0.0683473389355742,2024
002136.SZSE,yang2,2025-11-13,13:05,-0.0687323943661971,2025
002141.SZSE,yang2,2026-08-07,13:15,0.0920634920634921,2026
002141.SZSE,yang2,2026-08-10,10:00,0.0238095238095237,2026
002149.SZSE,yang2,2025-12-12,14:35,0.0428620808848947,2025
002149.SZSE,yang2,2025-12-25,14:45,0.0125541125541124,2025
002149.SZSE,yang2,2026-02-02,09:35,0.053185595567867,2026
002149.SZSE,yang2,2026-03-02,13:25,-0.1350549642296283,2026
002153.SZSE,yang2,2024-10-29,09:35,-0.0309789343246592,2024
002158.SZSE,yang2,2026-05-20,09:35,-0.0373858447488585,2026
002165.SZSE,yang2,2026-01-30,14:25,-0.0250587314017227,2026
002167.SZSE,yang2,2024-11-01,10:40,0.0254350736278448,2024
002173.SZSE,yang2,2025-07-04,09:55,-0.0997032640949555,2025
002176.SZSE,yang2,2025-09-08,14:35,0.0302724520686177,2025
002181.SZSE,yang2,2024-12-06,13:40,0.0,2024
002181.SZSE,yang2,2026-04-27,09:55,0.00557880055788,2026
002181.SZSE,yang2,2026-04-30,09:55,0.1352334748332322,2026
002181.SZSE,yang2,2026-06-01,09:50,-0.1002202643171806,2026
002183.SZSE,yang2,2024-10-31,10:05,-0.1338461538461538,2024
002185.SZSE,yang2,2024-10-29,09:45,-0.0077459333849728,2024
002187.SZSE,yang2,2024-12-12,09:55,0.1312154696132594,2024
002187.SZSE,yang2,2024-12-26,14:40,-0.0154711673699016,2024
002187.SZSE,yang2,2025-01-15,11:00,0.0273224043715847,2025
002187.SZSE,yang2,2026-01-09,09:35,0.0253164556962026,2026
002194.SZSE,yang2,2025-04-25,10:10,-0.1562302340290955,2025
002194.SZSE,yang2,2025-05-09,13:25,0.0373185901865928,2025
002194.SZSE,yang2,2025-05-19,13:55,-0.0690310322989233,2025
002205.SZSE,yang2,2025-08-08,13:25,0.0835073068893528,2025
002210.SZSE,yang2,2024-11-05,09:35,0.130801687763713,2024
002210.SZSE,yang2,2025-09-16,10:05,-0.0103359173126614,2025
002210.SZSE,yang2,2025-09-19,09:35,-0.044392523364486,2025
002210.SZSE,yang2,2025-09-23,10:20,-0.1088888888888889,2025
002212.SZSE,yang2,2024-10-28,09:35,0.0349013657056145,2024
002212.SZSE,yang2,2026-08-06,09:40,-0.0760869565217392,2026
002213.SZSE,yang2,2026-04-14,09:45,-0.0848214285714284,2026
002213.SZSE,yang2,2026-08-05,09:50,0.015939015939016,2026
002218.SZSE,yang2,2026-01-23,09:35,0.2637362637362639,2026
002229.SZSE,yang2,2024-10-22,13:10,0.0177276390008058,2024
002229.SZSE,yang2,2024-11-08,10:05,0.030188679245283,2024
002229.SZSE,yang2,2026-08-28,10:05,-0.0081366965012205,2026
002232.SZSE,yang2,2024-12-09,10:20,-0.0594059405940594,2024
002235.SZSE,yang2,2025-07-01,13:45,-0.1003430531732418,2025
002247.SZSE,yang2,2024-10-28,10:00,0.0353982300884956,2024
002249.SZSE,yang2,2025-10-22,10:20,-0.0395882818685668,2025
002253.SZSE,yang2,2024-10-28,09:35,0.198237885462555,2024
002265.SZSE,yang2,2025-01-21,11:10,-0.0608047690014902,2025
002265.SZSE,yang2,2025-07-17,10:30,0.2928664921465969,2025
002268.SZSE,yang2,2024-10-21,10:50,-0.0410176531671859,2024
002269.SZSE,yang2,2025-09-12,10:45,-0.0238095238095237,2025
002269.SZSE,yang2,2025-09-18,09:40,-0.1526479750778815,2025
002281.SZSE,yang2,2026-05-19,14:45,0.0238641777469792,2026
002285.SZSE,yang2,2025-12-16,13:40,-0.0118343195266272,2025
002286.SZSE,yang2,2025-04-30,10:00,0.0130151843817787,2025
002290.SZSE,yang2,2025-06-04,13:10,0.0046934584922264,2025
002292.SZSE,yang2,2024-12-03,10:10,-0.12109375,2024
002295.SZSE,yang2,2025-07-08,14:10,0.0308764940239043,2025
002297.SZSE,yang2,2026-01-22,10:40,-0.0258948971820259,2026
002298.SZSE,yang2,2026-08-10,09:35,-0.0235546038543897,2026
002300.SZSE,yang2,2025-12-02,10:55,0.3341902313624678,2025
002309.SZSE,yang2,2025-12-22,13:15,-0.0848806366047745,2025
002313.SZSE,yang2,2025-02-11,13:35,-0.012646793134598,2025
002324.SZSE,yang2,2024-12-05,13:40,0.0147186147186146,2024
002329.SZSE,yang2,2025-03-27,09:35,-0.0452261306532664,2025
002335.SZSE,yang2,2025-02-21,09:35,0.0603375527426159,2025
002335.SZSE,yang2,2025-03-06,14:30,-0.0269075533346145,2025
002335.SZSE,yang2,2025-03-11,10:05,0.0385511923973462,2025
002335.SZSE,yang2,2025-03-12,10:00,-0.0198631280253713,2025
002342.SZSE,yang2,2025-07-09,10:05,-0.0609452736318407,2025
002342.SZSE,yang2,2026-04-21,15:00,-0.0592903828197947,2026
002342.SZSE,yang2,2026-05-07,14:50,-0.0004520795660036,2026
002345.SZSE,yang2,2025-06-12,13:55,-0.0148883374689826,2025
002346.SZSE,yang2,2026-08-05,10:40,0.0095,2026
002348.SZSE,yang2,2026-05-06,10:15,0.0285947712418299,2026
002350.SZSE,yang2,2026-03-10,11:25,0.0210249671484887,2026
002350.SZSE,yang2,2026-03-24,09:35,0.0099734042553192,2026
002354.SZSE,yang2,2024-12-02,09:40,-0.0111317254174396,2024
002354.SZSE,yang2,2025-05-07,14:55,-0.0367847411444141,2025
002356.SZSE,yang2,2024-11-28,11:25,-0.0223214285714287,2024
002361.SZSE,yang2,2026-02-25,10:40,-0.0331753554502369,2026
002364.SZSE,yang2,2025-03-12,10:45,-0.1455078125,2025
002365.SZSE,yang2,2025-05-14,11:15,0.128928283642224,2025
002369.SZSE,yang2,2024-09-20,09:45,0.0536912751677853,2024
002369.SZSE,yang2,2024-09-25,14:55,-0.0503875968992247,2024
002370.SZSE,yang2,2025-07-28,10:05,0.158319870759289,2025
002374.SZSE,yang2,2025-12-25,13:30,-0.0528967254408061,2025
002378.SZSE,yang2,2025-08-27,09:45,-0.0708514605344935,2025
002379.SZSE,yang2,2026-07-23,10:10,-0.0679706601466992,2026
002383.SZSE,yang2,2024-11-29,14:50,0.0168150346191888,2024
002384.SZSE,yang2,2026-04-22,11:30,0.0017172909734892,2026
002384.SZSE,yang2,2026-05-07,11:20,0.0015160847112332,2026
002390.SZSE,yang2,2025-01-20,09:35,-0.0559284116331095,2025
002396.SZSE,yang2,2026-07-17,10:00,-0.0835459183673469,2026
002400.SZSE,yang2,2024-11-26,11:30,-0.0375854214123007,2024
002401.SZSE,yang2,2025-07-23,10:30,-0.0468197879858658,2025
002402.SZSE,yang2,2024-12-13,13:05,-0.0552511415525113,2024
002402.SZSE,yang2,2025-09-18,09:55,0.0377701934015926,2025
002407.SZSE,yang2,2025-09-29,09:35,0.056701030927835,2025
002409.SZSE,yang2,2026-06-22,14:45,-0.047584453323647,2026
002409.SZSE,yang2,2026-06-29,09:45,0.0821363154343004,2026
002409.SZSE,yang2,2026-07-09,13:45,-0.008755980861244,2026
002418.SZSE,yang2,2024-09-04,09:55,0.009478672985782,2024
002418.SZSE,yang2,2025-02-21,10:20,-0.016,2025
002418.SZSE,yang2,2025-03-05,09:35,0.0666666666666666,2025
002418.SZSE,yang2,2026-04-17,10:25,-0.0096930533117932,2026
002421.SZSE,yang2,2026-08-12,09:45,-0.0798969072164949,2026
002426.SZSE,yang2,2024-09-30,14:20,0.0430622009569379,2024
002426.SZSE,yang2,2024-11-29,10:05,-0.0515151515151515,2024
002426.SZSE,yang2,2025-01-08,14:20,-0.0789473684210526,2025
002428.SZSE,yang2,2026-04-22,11:05,0.0217969165337585,2026
002428.SZSE,yang2,2026-05-06,14:00,0.0414231917932734,2026
002428.SZSE,yang2,2026-05-08,09:55,0.0451144865109953,2026
002428.SZSE,yang2,2026-05-12,14:55,0.0008873989351212,2026
002429.SZSE,yang2,2026-03-11,11:00,-0.0163191296464187,2026
002429.SZSE,yang2,2026-03-13,09:50,-0.0510887772194303,2026
002432.SZSE,yang2,2026-04-20,13:10,-0.0339003498612618,2026
002437.SZSE,yang2,2026-08-17,10:00,-0.0441767068273093,2026
002437.SZSE,yang2,2026-08-28,14:35,-0.1008230452674897,2026
002453.SZSE,yang2,2025-02-18,09:40,0.0454545454545454,2025
002457.SZSE,yang2,2024-10-14,14:25,0.1348837209302325,2024
002459.SZSE,yang2,2024-10-21,09:45,0.1717506631299736,2024
002459.SZSE,yang2,2024-10-31,10:05,-0.0605590062111802,2024
002491.SZSE,yang2,2026-03-02,10:40,0.0858369098712446,2026
002491.SZSE,yang2,2026-04-07,09:35,0.1678726483357453,2026
002506.SZSE,yang2,2026-02-04,13:30,0.3915343915343916,2026
002515.SZSE,yang2,2026-06-25,10:05,-0.0591259640102826,2026
002519.SZSE,yang2,2025-12-11,10:25,-0.0392441860465115,2025
002520.SZSE,yang2,2025-02-18,11:30,0.0542635658914729,2025
002520.SZSE,yang2,2025-02-26,13:55,-0.0603248259860788,2025
002536.SZSE,yang2,2026-04-20,09:50,-0.06005859375,2026
002536.SZSE,yang2,2026-05-08,10:40,0.0267651130595292,2026
002552.SZSE,yang2,2025-01-15,14:40,-0.0496411483253587,2025
002552.SZSE,yang2,2025-02-11,14:00,-0.0382352941176469,2025
002552.SZSE,yang2,2026-07-09,09:35,-0.0650759219088937,2026
002553.SZSE,yang2,2024-12-04,10:15,0.0383116883116883,2024
002568.SZSE,yang2,2024-11-07,13:05,-0.0308354248834707,2024
002570.SZSE,yang2,2024-10-24,10:00,-0.0211267605633802,2024
002571.SZSE,yang2,2025-02-10,14:20,0.0042735042735044,2025
002574.SZSE,yang2,2025-06-04,10:35,-0.0985732814526588,2025
002577.SZSE,yang2,2025-02-20,09:35,0.0078154075176775,2025
002578.SZSE,yang2,2025-12-01,10:05,0.0135135135135133,2025
002579.SZSE,yang2,2026-08-07,13:10,-0.0326370757180156,2026
002584.SZSE,yang2,2026-07-02,10:50,-0.0954545454545455,2026
002600.SZSE,yang2,2025-08-25,10:35,0.0899705014749261,2025
002611.SZSE,yang2,2025-01-23,10:25,-0.0446358653093187,2025
002611.SZSE,yang2,2025-08-13,14:00,0.0126448893572179,2025
002611.SZSE,yang2,2025-08-25,10:05,-0.0301681503461919,2025
002617.SZSE,yang2,2025-01-20,09:55,-0.0298879202988791,2025
002622.SZSE,yang2,2024-09-30,10:15,0.1111111111111111,2024
002623.SZSE,yang2,2026-02-04,10:15,-0.05621925509487,2026
002625.SZSE,yang2,2024-10-21,09:40,0.0029850746268655,2024
002625.SZSE,yang2,2024-11-05,13:10,0.0612153708668454,2024
002629.SZSE,yang2,2025-01-24,13:25,-0.0995850622406639,2025
002631.SZSE,yang2,2026-06-30,09:40,0.016829052258636,2026
002636.SZSE,yang2,2026-02-11,09:45,-0.0416971470373079,2026
002639.SZSE,yang2,2025-06-05,14:30,-0.0365944734876774,2025
002640.SZSE,yang2,2026-05-11,14:40,-0.0462555066079295,2026
002645.SZSE,yang2,2026-05-11,10:05,-0.0454847277556441,2026
002645.SZSE,yang2,2026-05-20,14:05,-0.0557954168050481,2026
002645.SZSE,yang2,2026-05-25,10:55,0.0193931811072882,2026
002647.SZSE,yang2,2024-09-05,09:35,-0.0284463894967177,2024
002649.SZSE,yang2,2024-10-31,13:10,-0.0983125458547323,2024
002651.SZSE,yang2,2026-09-02,09:55,-0.1025906735751295,2026
002655.SZSE,yang2,2026-05-28,14:50,-0.0526069675005844,2026
002657.SZSE,yang2,2024-10-28,13:10,0.0558194774346794,2024
002663.SZSE,yang2,2024-12-02,09:35,-0.0089686098654708,2024
002663.SZSE,yang2,2024-12-06,10:35,-0.0528455284552845,2024
002679.SZSE,yang2,2025-11-12,09:35,0.0066979236436703,2025
002679.SZSE,yang2,2025-11-13,10:00,-0.0314861460957178,2025
002679.SZSE,yang2,2025-11-17,14:45,-0.0998817966903073,2025
002685.SZSE,yang2,2024-10-15,09:45,0.0351648351648352,2024
002685.SZSE,yang2,2024-10-17,10:05,0.3320463320463322,2024
002685.SZSE,yang2,2024-10-18,13:15,0.2387791741472171,2024
002687.SZSE,yang2,2026-06-29,11:15,0.0543259557344064,2026
002687.SZSE,yang2,2026-07-10,11:05,-0.0614334470989761,2026
002703.SZSE,yang2,2026-09-01,10:00,-0.0339912280701752,2026
002709.SZSE,yang2,2024-11-05,13:10,0.0242694403169885,2024
002709.SZSE,yang2,2025-09-29,09:45,0.0154296355413674,2025
002713.SZSE,yang2,2024-12-13,13:50,-0.1047765793528506,2024
002716.SZSE,yang2,2025-08-05,10:05,-0.0118577075098813,2025
002718.SZSE,yang2,2024-11-05,10:50,-0.0334323922734027,2024
002718.SZSE,yang2,2024-12-10,14:30,-0.0319897632757517,2024
002739.SZSE,yang2,2026-08-10,13:10,0.0191339375629404,2026
002741.SZSE,yang2,2026-06-15,09:35,0.2672598956735192,2026
002757.SZSE,yang2,2025-02-07,13:40,-0.0420609884332282,2025
002757.SZSE,yang2,2025-02-17,09:35,0.0707456978967493,2025
002762.SZSE,yang2,2025-04-10,10:15,-0.0052083333333332,2025
002769.SZSE,yang2,2024-12-11,09:50,-0.002145922746781,2024
002777.SZSE,yang2,2024-11-05,13:15,-0.016010385114669,2024
002779.SZSE,yang2,2024-12-20,09:50,0.100556977269306,2024
002779.SZSE,yang2,2025-01-10,10:35,-0.1165279429250891,2025
002782.SZSE,yang2,2026-06-16,09:55,-0.0392996108949416,2026
002787.SZSE,yang2,2026-05-20,11:00,-0.0766501064584812,2026
002787.SZSE,yang2,2026-06-25,09:40,0.0702043506921554,2026
002792.SZSE,yang2,2026-01-05,14:45,0.0083031722375985,2026
002792.SZSE,yang2,2026-01-23,10:45,0.0590377611654207,2026
002792.SZSE,yang2,2026-08-06,09:35,0.0085773439810705,2026
002796.SZSE,yang2,2026-01-27,10:45,-0.0117086723556262,2026
002802.SZSE,yang2,2024-11-14,09:35,-0.0447093889716839,2024
002809.SZSE,yang2,2026-01-26,10:35,-0.0891632373113855,2026
002809.SZSE,yang2,2026-01-29,14:40,0.037212449255751,2026
002809.SZSE,yang2,2026-01-30,14:30,-0.1096239643084766,2026
002810.SZSE,yang2,2026-01-20,10:10,-0.0165809033733561,2026
002811.SZSE,yang2,2025-01-20,09:40,-0.0450928381962864,2025
002821.SZSE,yang2,2026-04-28,09:40,-0.0207738049270215,2026
002828.SZSE,yang2,2026-03-09,09:35,-0.1536570374923171,2026
002837.SZSE,yang2,2025-08-12,14:35,0.035234289865601,2025
002837.SZSE,yang2,2025-08-18,13:15,-0.0390313390313391,2025
002848.SZSE,yang2,2024-11-20,10:00,-0.0039603960396038,2024
002861.SZSE,yang2,2024-09-10,09:45,-0.0219876868953385,2024
002861.SZSE,yang2,2025-04-14,09:35,-0.0412912912912913,2025
002865.SZSE,yang2,2024-10-31,10:05,0.0062578222778473,2024
002865.SZSE,yang2,2025-12-26,09:45,0.0570439219974485,2025
002865.SZSE,yang2,2026-01-08,11:00,0.0310812782722893,2026
002866.SZSE,yang2,2024-09-12,14:05,-0.032329169728141,2024
002875.SZSE,yang2,2024-10-15,10:35,-0.0572192513368984,2024
002875.SZSE,yang2,2024-10-25,13:30,-0.0526079136690647,2024
002877.SZSE,yang2,2024-11-29,14:55,0.0098814229249013,2024
002878.SZSE,yang2,2025-01-09,14:45,-0.0998858447488584,2025
002878.SZSE,yang2,2025-01-14,13:05,0.0445103857566766,2025
002882.SZSE,yang2,2025-06-04,10:30,-0.078489448352462,2025
002882.SZSE,yang2,2026-08-24,09:40,-0.0664983164983166,2026
002896.SZSE,yang2,2025-02-17,14:20,0.0322444381864264,2025
002896.SZSE,yang2,2025-07-21,09:45,0.0007929315813319,2025
002896.SZSE,yang2,2025-08-06,10:05,0.0910150455605001,2025
002897.SZSE,yang2,2026-06-18,10:00,-0.0278925619834711,2026
002899.SZSE,yang2,2025-01-09,14:35,-0.0592750533049041,2025
002902.SZSE,yang2,2026-05-08,09:45,0.0503040353786623,2026
002918.SZSE,yang2,2025-01-08,10:20,-0.0436090225563909,2025
002929.SZSE,yang2,2026-05-13,09:40,-0.0100250626566416,2026
002931.SZSE,yang2,2026-06-08,10:00,0.0477134146341464,2026
002931.SZSE,yang2,2026-06-16,10:35,0.0567139282735613,2026
002931.SZSE,yang2,2026-06-18,09:35,-0.102367854580244,2026
002938.SZSE,yang2,2026-06-17,10:20,0.0075623897151499,2026
002953.SZSE,yang2,2025-08-26,10:55,0.043653458697112,2025
002957.SZSE,yang2,2026-05-28,10:55,0.0012911555842478,2026
002961.SZSE,yang2,2024-09-30,14:15,-0.0102695763799743,2024
002962.SZSE,yang2,2026-04-20,09:45,-0.0518596123624933,2026
002965.SZSE,yang2,2026-07-06,13:10,-0.0838230210853785,2026
002971.SZSE,yang2,2026-06-04,10:10,0.051083177320139,2026
002971.SZSE,yang2,2026-06-09,09:40,0.3025923376921311,2026
002973.SZSE,yang2,2025-05-28,09:35,-0.0066914498141263,2025
002973.SZSE,yang2,2025-06-04,13:30,-0.0211893369788106,2025
002975.SZSE,yang2,2026-04-17,13:05,-0.0487146143843153,2026
002979.SZSE,yang2,2024-11-01,14:20,0.1283185840707965,2024
002980.SZSE,yang2,2026-05-14,14:10,0.0169008133516423,2026
002980.SZSE,yang2,2026-06-16,13:35,0.0102188606372706,2026
002981.SZSE,yang2,2024-11-21,11:15,-0.1479609032692955,2024
002981.SZSE,yang2,2024-12-06,14:30,-0.071625344352617,2024
002981.SZSE,yang2,2025-06-05,11:30,-0.0260636259103104,2025
002987.SZSE,yang2,2024-10-21,14:40,-0.0679393599101626,2024
002987.SZSE,yang2,2025-07-04,10:45,0.0806866952789699,2025
002989.SZSE,yang2,2024-09-24,14:10,0.0098039215686274,2024
002990.SZSE,yang2,2025-03-17,10:15,-0.0566695727986049,2025
002990.SZSE,yang2,2026-06-24,10:40,0.1393939393939394,2026
003004.SZSE,yang2,2026-05-26,15:00,0.0031055900621117,2026
003004.SZSE,yang2,2026-06-01,09:55,0.0908952496954933,2026
003004.SZSE,yang2,2026-06-08,14:50,-0.0478692352597781,2026
003005.SZSE,yang2,2024-12-11,14:55,-0.0383131201764057,2024
003007.SZSE,yang2,2026-01-08,09:50,0.3174136664217488,2026
003010.SZSE,yang2,2025-06-12,14:20,0.0267721838693382,2025
003015.SZSE,yang2,2024-09-10,14:00,0.0184774575018478,2024
003015.SZSE,yang2,2024-09-30,14:10,0.0991857883049593,2024
003016.SZSE,yang2,2024-12-12,10:05,-0.0616161616161617,2024
003016.SZSE,yang2,2025-12-24,09:45,0.0435624394966116,2025
003021.SZSE,yang2,2024-11-29,13:05,0.0744939271255062,2024
003021.SZSE,yang2,2025-01-21,14:30,-0.0403963414634146,2025
003021.SZSE,yang2,2025-02-06,10:25,0.0058516384587685,2025
003021.SZSE,yang2,2025-02-12,10:10,-0.1009837073470643,2025
003026.SZSE,yang2,2026-06-29,09:50,0.0394257064721967,2026
003030.SZSE,yang2,2025-04-21,10:10,-0.0700371057513913,2025
003031.SZSE,yang2,2024-10-21,10:40,-0.0089506760617025,2024
003036.SZSE,yang2,2026-05-08,09:35,0.0174182772607971,2026
003036.SZSE,yang2,2026-05-20,14:30,0.0311004784688995,2026
003036.SZSE,yang2,2026-05-25,10:30,0.1588067166845304,2026
003036.SZSE,yang2,2026-05-28,13:40,-0.0050448430493273,2026
003041.SZSE,yang2,2024-12-16,09:35,-0.0351831701124409,2024
003041.SZSE,yang2,2024-12-20,14:15,-0.1471955376510691,2024
003041.SZSE,yang2,2026-02-06,09:35,-0.0231970964178632,2026
003043.SZSE,yang2,2026-07-22,10:25,-0.0767375886524822,2026
600021.SSE,yang2,2025-09-01,09:50,0.1425178147268406,2025
600021.SSE,yang2,2025-09-15,13:10,-0.1371826371826372,2025
600072.SSE,yang2,2024-10-08,09:35,-0.1435736677115987,2024
600095.SSE,yang2,2025-07-04,13:25,-0.028677150786309,2025
600095.SSE,yang2,2025-07-09,13:55,-0.0836685438455349,2025
600104.SSE,yang2,2024-12-02,13:45,-0.0211995863495346,2024
600105.SSE,yang2,2025-10-28,09:55,-0.0296610169491524,2025
600105.SSE,yang2,2025-12-11,09:35,0.0399239543726235,2025
600110.SSE,yang2,2024-11-25,09:50,-0.1011450381679389,2024
600110.SSE,yang2,2026-06-12,10:25,0.3072916666666667,2026
600111.SSE,yang2,2025-07-18,10:25,0.062121212121212,2025
600111.SSE,yang2,2025-07-24,14:15,-0.0062353858144973,2025
600113.SSE,yang2,2025-06-20,14:55,0.2228129531174481,2025
600152.SSE,yang2,2026-04-17,13:05,0.0021582733812948,2026
600162.SSE,yang2,2026-07-15,09:55,0.0869565217391306,2026
600162.SSE,yang2,2026-08-27,10:05,0.0205338809034907,2026
600172.SSE,yang2,2026-06-25,14:45,-0.1148325358851675,2026
600186.SSE,yang2,2025-01-20,10:15,0.0,2025
600186.SSE,yang2,2025-02-06,10:20,0.1452702702702704,2025
600186.SSE,yang2,2026-06-09,13:50,0.0069324090121316,2026
600186.SSE,yang2,2026-06-16,13:05,0.0712678169542384,2026
600186.SSE,yang2,2026-06-25,09:45,-0.0833333333333332,2026
600191.SSE,yang2,2025-02-07,14:10,-0.056338028169014,2025
600192.SSE,yang2,2025-12-30,09:50,-0.0361216730038022,2025
600192.SSE,yang2,2026-01-13,13:55,-0.0823327615780447,2026
600212.SSE,yang2,2024-11-01,09:35,-0.0046136101499422,2024
600227.SSE,yang2,2026-08-10,09:50,-0.0245231607629426,2026
600228.SSE,yang2,2024-12-06,09:55,-0.0113924050632912,2024
600230.SSE,yang2,2026-02-25,10:35,-0.042127659574468,2026
600234.SSE,yang2,2026-05-08,11:05,0.0461377140859839,2026
600241.SSE,yang2,2024-09-30,13:35,0.0128205128205129,2024
600250.SSE,yang2,2024-12-12,14:50,-0.0283333333333333,2024
600259.SSE,yang2,2025-06-16,10:15,-0.0658194851743239,2025
600271.SSE,yang2,2025-12-30,09:40,0.0086281276962898,2025
600279.SSE,yang2,2024-11-20,10:10,-0.0168634064080943,2024
600280.SSE,yang2,2024-11-29,14:55,0.011111111111111,2024
600280.SSE,yang2,2025-12-09,10:40,0.0886699507389163,2025
600310.SSE,yang2,2026-04-23,13:45,-0.0359848484848485,2026
600318.SSE,yang2,2024-10-17,09:45,0.0707964601769912,2024
600318.SSE,yang2,2024-11-04,09:40,0.1213346814964611,2024
600318.SSE,yang2,2024-11-29,13:05,-0.0281827016520893,2024
600318.SSE,yang2,2024-12-03,14:15,-0.0963636363636364,2024
600319.SSE,yang2,2025-11-28,10:10,0.001025641025641,2025
600330.SSE,yang2,2026-03-12,09:35,-0.0830845771144279,2026
600330.SSE,yang2,2026-05-11,10:20,0.018079800498753,2026
600338.SSE,yang2,2026-04-29,13:25,-0.0010865628395508,2026
600343.SSE,yang2,2025-12-11,11:20,0.0446942692624074,2025
600345.SSE,yang2,2026-01-09,13:55,0.0291738171120372,2026
600345.SSE,yang2,2026-05-08,13:55,0.0090513489991295,2026
600353.SSE,yang2,2025-07-01,09:40,-0.0743012951601909,2025
600358.SSE,yang2,2024-09-06,09:55,0.0093167701863352,2024
600366.SSE,yang2,2025-06-30,14:10,0.0359116022099448,2025
600367.SSE,yang2,2026-03-16,11:20,0.0498533724340175,2026
600391.SSE,yang2,2026-02-05,09:50,-0.0860915794889385,2026
600400.SSE,yang2,2025-09-02,09:35,0.0300751879699248,2025
600403.SSE,yang2,2025-12-03,10:40,-0.0967391304347824,2025
600403.SSE,yang2,2026-07-30,10:15,-0.1016129032258064,2026
600403.SSE,yang2,2026-08-06,11:30,0.0078003120124805,2026
600403.SSE,yang2,2026-08-11,09:35,-0.0870748299319728,2026
600410.SSE,yang2,2025-08-18,09:35,0.019825918762089,2025
600410.SSE,yang2,2025-09-18,13:05,-0.0922072623419013,2025
600418.SSE,yang2,2024-10-18,10:25,-0.0026865671641792,2024
600418.SSE,yang2,2024-10-31,11:20,-0.0818070818070818,2024
600463.SSE,yang2,2024-10-21,10:10,0.0317092034029389,2024
600467.SSE,yang2,2024-12-06,14:15,-0.0452961672473867,2024
600481.SSE,yang2,2026-02-09,09:45,-0.102076124567474,2026
600490.SSE,yang2,2024-09-27,11:25,0.0897009966777409,2024
600498.SSE,yang2,2026-01-23,10:20,-0.0394548063127689,2026
600503.SSE,yang2,2025-09-09,09:35,-0.0106382978723402,2025
600506.SSE,yang2,2024-12-11,14:30,0.062992125984252,2024
600538.SSE,yang2,2024-10-31,10:00,-0.0404040404040404,2024
600545.SSE,yang2,2026-02-25,09:40,0.0088757396449705,2026
600545.SSE,yang2,2026-04-10,09:45,-0.0160919540229883,2026
600545.SSE,yang2,2026-05-26,10:10,0.0054644808743169,2026
600545.SSE,yang2,2026-05-29,09:40,-0.113500597371565,2026
600545.SSE,yang2,2026-06-26,09:35,0.0549295774647888,2026
600549.SSE,yang2,2026-06-22,13:05,-0.0959788359788359,2026
600552.SSE,yang2,2024-09-03,10:15,-0.0784557907845577,2024
600552.SSE,yang2,2024-09-30,13:05,0.062052505966587,2024
600571.SSE,yang2,2024-12-19,13:50,-0.0160142348754448,2024
600580.SSE,yang2,2025-09-12,10:25,0.0013001083423618,2025
600584.SSE,yang2,2026-06-22,14:40,-0.0573743567283476,2026
600588.SSE,yang2,2024-11-05,11:20,-0.0231213872832369,2024
600593.SSE,yang2,2024-11-25,09:50,0.1393682839465972,2024
600593.SSE,yang2,2024-12-05,14:35,0.0639534883720931,2024
600593.SSE,yang2,2024-12-12,10:40,0.0889511091966401,2024
600594.SSE,yang2,2026-04-21,09:35,-0.0575396825396825,2026
600601.SSE,yang2,2024-12-26,10:00,0.01875,2024
600601.SSE,yang2,2025-09-11,09:45,0.1616358325219085,2025
600601.SSE,yang2,2025-09-30,14:25,-0.042720139494333,2025
600601.SSE,yang2,2026-09-04,09:40,,2026
600609.SSE,yang2,2024-11-06,14:55,0.0758725341426402,2024
600609.SSE,yang2,2024-11-08,09:40,-0.0205128205128205,2024
600610.SSE,yang2,2025-03-24,10:15,0.1974885844748859,2025
600610.SSE,yang2,2025-05-06,11:05,0.1105485232067511,2025
600610.SSE,yang2,2025-05-07,13:55,0.0257209664848012,2025
600611.SSE,yang2,2024-09-30,13:10,0.1481481481481481,2024
600613.SSE,yang2,2024-10-25,09:40,0.1278600269179006,2024
600615.SSE,yang2,2024-11-12,09:35,-0.0468018720748829,2024
600617.SSE,yang2,2025-11-14,09:55,0.0314009661835748,2025
600618.SSE,yang2,2025-01-10,14:25,-0.0630048465266559,2025
600629.SSE,yang2,2026-07-28,09:50,-0.0565897244973938,2026
600635.SSE,yang2,2025-10-31,10:20,-0.0214190093708166,2025
600644.SSE,yang2,2025-05-27,13:20,-0.0357568533969011,2025
600644.SSE,yang2,2025-06-10,10:30,-0.0656028368794326,2025
600650.SSE,yang2,2024-09-30,13:05,0.1398271798900234,2024
600653.SSE,yang2,2024-12-06,10:10,0.011111111111111,2024
600658.SSE,yang2,2025-09-17,13:15,-0.0496350364963503,2025
600666.SSE,yang2,2024-11-20,10:25,-0.0070422535211267,2024
600667.SSE,yang2,2026-07-01,09:50,-0.0999999999999999,2026
600682.SSE,yang2,2025-08-19,09:40,0.0,2025
600699.SSE,yang2,2025-09-16,09:35,0.2171916010498689,2025
600703.SSE,yang2,2026-06-24,09:50,-0.0064190738193488,2026
600707.SSE,yang2,2026-04-17,09:40,0.0847240051347881,2026
600707.SSE,yang2,2026-05-13,09:45,0.0306220095693781,2026
600714.SSE,yang2,2026-03-12,13:05,0.044556536359815,2026
600714.SSE,yang2,2026-05-11,10:10,-0.0003935458480913,2026
600714.SSE,yang2,2026-05-18,09:50,-0.0064935064935064,2026
600719.SSE,yang2,2026-05-12,10:30,0.0197740112994351,2026
600722.SSE,yang2,2026-08-10,13:10,-0.0311501597444088,2026
600724.SSE,yang2,2024-10-31,10:00,-0.0804794520547944,2024
600728.SSE,yang2,2025-03-12,13:20,-0.0663507109004739,2025
600729.SSE,yang2,2025-03-14,13:05,-0.0787720822473212,2025
600732.SSE,yang2,2024-11-06,10:50,-0.0559234731420161,2024
600732.SSE,yang2,2024-11-08,09:35,0.1573352232459248,2024
600748.SSE,yang2,2025-10-21,10:55,0.053133514986376,2025
600758.SSE,yang2,2026-06-01,14:50,0.0174418604651163,2026
600760.SSE,yang2,2024-11-05,09:35,0.035048471290082,2024
600769.SSE,yang2,2024-10-31,09:45,-0.0300632911392405,2024
600769.SSE,yang2,2024-11-08,09:45,-0.0386071158213475,2024
600769.SSE,yang2,2025-10-22,09:40,-0.0861304623179226,2025
600770.SSE,yang2,2024-10-17,09:55,0.2751322751322753,2024
600797.SSE,yang2,2024-12-03,10:50,-0.0488721804511278,2024
600800.SSE,yang2,2025-05-20,14:20,-0.0430622009569376,2025
600807.SSE,yang2,2025-02-20,09:55,-0.012121212121212,2025
600819.SSE,yang2,2025-11-10,10:25,-0.0202991452991452,2025
600821.SSE,yang2,2026-03-12,13:15,-0.0662373505059796,2026
600821.SSE,yang2,2026-03-19,10:00,-0.0686956521739129,2026
600825.SSE,yang2,2025-03-10,14:40,-0.0231065468549421,2025
600828.SSE,yang2,2026-01-09,10:15,0.150214592274678,2026
600828.SSE,yang2,2026-02-05,14:30,-0.0655526992287918,2026
600835.SSE,yang2,2025-02-26,10:00,-0.0049854590776901,2025
600838.SSE,yang2,2026-01-08,13:55,-0.0252525252525251,2026
600838.SSE,yang2,2026-01-20,10:50,-0.0284292821606254,2026
600839.SSE,yang2,2025-02-13,11:25,-0.0231660231660231,2025
600844.SSE,yang2,2026-07-23,11:20,-0.0162866449511399,2026
600844.SSE,yang2,2026-07-29,10:25,-0.0376811594202899,2026
600861.SSE,yang2,2024-10-29,10:35,-0.0818264014466547,2024
600864.SSE,yang2,2024-10-28,10:25,-0.0549132947976878,2024
600864.SSE,yang2,2024-10-31,09:45,-0.0094086021505376,2024
600865.SSE,yang2,2025-01-21,13:55,0.0262361251261351,2025
600868.SSE,yang2,2025-11-06,10:10,-0.0424242424242423,2025
600869.SSE,yang2,2026-05-29,13:05,-0.0464730290456432,2026
600871.SSE,yang2,2025-11-12,10:00,0.0154440154440154,2025
600877.SSE,yang2,2024-10-21,10:25,-0.0385587863463969,2024
600877.SSE,yang2,2026-01-22,09:45,0.0044863167339614,2026
600879.SSE,yang2,2025-12-25,11:00,0.0462117141321869,2025
600879.SSE,yang2,2026-01-08,10:30,0.0889570552147238,2026
600892.SSE,yang2,2025-03-17,09:35,-0.0319148936170211,2025
600903.SSE,yang2,2026-05-18,10:00,0.1157775255391599,2026
600935.SSE,yang2,2024-12-02,11:10,0.0204778156996587,2024
600936.SSE,yang2,2026-06-02,11:30,0.0422297297297298,2026
600986.SSE,yang2,2025-02-19,09:40,-0.1040209790209789,2025
600986.SSE,yang2,2026-01-23,09:50,0.087966804979253,2026
600986.SSE,yang2,2026-02-03,09:35,-0.0395590142671854,2026
600988.SSE,yang2,2026-07-21,14:35,0.0772266065388951,2026
600990.SSE,yang2,2024-10-17,10:15,0.0671296296296295,2024
601011.SSE,yang2,2024-11-05,13:25,-0.0540540540540539,2024
601015.SSE,yang2,2026-03-12,13:05,0.0135396518375241,2026
601020.SSE,yang2,2025-03-07,09:40,0.0536585365853659,2025
601069.SSE,yang2,2026-03-02,13:50,0.0265730759588869,2026
601083.SSE,yang2,2025-04-15,09:35,-0.0416666666666667,2025
601086.SSE,yang2,2024-11-07,13:10,0.0,2024
601086.SSE,yang2,2024-12-12,15:00,-0.0782208588957055,2024
601086.SSE,yang2,2024-12-27,09:35,-0.0336134453781512,2024
601096.SSE,yang2,2026-02-04,09:40,-0.0484652665589662,2026
601106.SSE,yang2,2026-01-07,09:50,0.3422818791946309,2026
601138.SSE,yang2,2025-09-18,11:30,-0.0168079726312659,2025
601162.SSE,yang2,2024-09-24,10:50,0.5933333333333335,2024
601208.SSE,yang2,2026-08-07,13:20,-0.0121898127993033,2026
601212.SSE,yang2,2026-09-03,13:05,-0.0040927694406548,2026
601216.SSE,yang2,2024-12-06,13:25,0.0266429840142097,2024
601279.SSE,yang2,2025-12-09,09:40,-0.0151515151515151,2025
601330.SSE,yang2,2026-03-17,10:40,-0.0525252525252525,2026
601606.SSE,yang2,2024-11-08,14:20,0.0542469664525337,2024
601606.SSE,yang2,2025-07-22,10:00,-0.0785958372165268,2025
601611.SSE,yang2,2026-01-12,13:35,-0.0997993981945838,2026
601611.SSE,yang2,2026-01-22,10:00,-0.03601108033241,2026
601616.SSE,yang2,2025-03-12,14:05,-0.0292397660818712,2025
601696.SSE,yang2,2025-07-29,14:40,-0.1030066815144766,2025
601700.SSE,yang2,2025-12-29,09:35,-0.0665584415584416,2025
601777.SSE,yang2,2024-11-08,10:50,-0.0360655737704918,2024
601798.SSE,yang2,2025-05-19,10:05,-0.0126103404791928,2025
601869.SSE,yang2,2025-02-24,09:50,0.0081890500701919,2025
601869.SSE,yang2,2025-12-22,09:40,-0.0077134986225895,2025
601869.SSE,yang2,2026-03-02,10:35,-0.0724728816223864,2026
601869.SSE,yang2,2026-03-10,13:05,0.0725439725439724,2026
601869.SSE,yang2,2026-03-30,13:05,0.0258543538068878,2026
601872.SSE,yang2,2026-03-02,09:35,-0.0083986562150055,2026
601881.SSE,yang2,2025-03-12,13:35,-0.0156862745098039,2025
601933.SSE,yang2,2024-12-12,10:00,0.0302593659942362,2024
603001.SSE,yang2,2025-07-25,13:35,-0.1173864894795126,2025
603001.SSE,yang2,2025-08-06,14:00,-0.0212765957446807,2025
603014.SSE,yang2,2026-06-17,10:00,-0.0250195465207193,2026
603016.SSE,yang2,2024-10-14,13:15,0.033724340175953,2024
603016.SSE,yang2,2024-10-22,11:30,0.005217925107428,2024
603016.SSE,yang2,2024-10-23,10:20,-0.05944859276278,2024
603017.SSE,yang2,2026-05-08,13:35,-0.0955056179775281,2026
603019.SSE,yang2,2025-09-11,10:50,0.0638505809534151,2025
603019.SSE,yang2,2025-09-16,09:40,-0.0374412208322242,2025
603023.SSE,yang2,2026-01-15,09:40,-0.0033670033670034,2026
603026.SSE,yang2,2025-10-30,10:20,0.0174555747759082,2025
603026.SSE,yang2,2026-04-14,09:35,0.0013195290296388,2026
603032.SSE,yang2,2024-09-30,14:05,0.0951557093425605,2024
603033.SSE,yang2,2026-07-02,09:40,-0.0946314831665151,2026
603039.SSE,yang2,2026-08-05,10:15,-0.0010957703265396,2026
603039.SSE,yang2,2026-08-06,09:40,-0.0716904276985743,2026
603061.SSE,yang2,2024-10-17,13:15,0.1292865589278675,2024
603065.SSE,yang2,2026-06-17,09:45,-0.0176100628930818,2026
603065.SSE,yang2,2026-06-22,09:35,0.0419091967403957,2026
603067.SSE,yang2,2025-11-06,10:50,0.0030211480362538,2025
603068.SSE,yang2,2025-01-15,09:35,0.0002877697841725,2025
603068.SSE,yang2,2025-01-21,11:30,-0.0216726160122386,2025
603068.SSE,yang2,2025-01-27,09:40,0.0138374104274772,2025
603072.SSE,yang2,2025-05-06,09:50,0.0181029605883462,2025
603077.SSE,yang2,2026-03-12,09:55,-0.0150150150150151,2026
603082.SSE,yang2,2025-02-18,11:15,0.0427509293680297,2025
603083.SSE,yang2,2025-09-25,14:05,0.0655081284535918,2025
603093.SSE,yang2,2024-09-30,13:45,-0.0098335854765507,2024
603093.SSE,yang2,2025-07-09,11:00,0.0892857142857144,2025
603095.SSE,yang2,2024-11-05,10:45,0.0250000000000001,2024
603095.SSE,yang2,2026-08-25,09:45,0.0176829268292684,2026
603098.SSE,yang2,2025-08-25,10:30,-0.0081466395112016,2025
603098.SSE,yang2,2025-09-08,11:30,0.0484693877551021,2025
603101.SSE,yang2,2024-12-04,09:45,0.0229885057471266,2024
603103.SSE,yang2,2024-12-16,14:30,-0.1484547461368653,2024
603106.SSE,yang2,2025-02-07,10:05,-0.0307062436028657,2025
603109.SSE,yang2,2025-03-18,14:35,-0.0326170376055255,2025
603110.SSE,yang2,2025-04-30,09:45,-0.0371690427698574,2025
603111.SSE,yang2,2025-01-21,09:40,-0.0714285714285715,2025
603115.SSE,yang2,2026-05-18,09:50,0.1714903326528161,2026
603115.SSE,yang2,2026-05-21,10:35,0.064392880439847,2026
603115.SSE,yang2,2026-05-22,09:55,-0.0179692201874301,2026
603118.SSE,yang2,2026-07-28,11:20,-0.0662177328843995,2026
603118.SSE,yang2,2026-08-05,09:45,-0.0140093395597065,2026
603123.SSE,yang2,2025-12-29,13:25,0.0218340611353711,2025
603130.SSE,yang2,2025-08-14,09:35,-0.0806244653550042,2025
603138.SSE,yang2,2026-03-09,09:45,0.0347788750536712,2026
603150.SSE,yang2,2025-02-25,13:25,-0.025407005426739,2025
603155.SSE,yang2,2026-06-26,13:40,0.1278610891870559,2026
603160.SSE,yang2,2024-10-18,14:00,0.0272399081063341,2024
603162.SSE,yang2,2025-10-28,13:10,-0.0518828451882844,2025
603162.SSE,yang2,2025-11-14,11:05,0.0186915887850467,2025
603166.SSE,yang2,2025-03-12,10:20,-0.1002132196162046,2025
603166.SSE,yang2,2025-03-17,09:35,0.0436927413671599,2025
603169.SSE,yang2,2025-11-24,14:15,-0.0608397600685517,2025
603186.SSE,yang2,2026-06-12,09:40,0.2704620638138941,2026
603186.SSE,yang2,2026-08-07,10:20,0.0629370629370629,2026
603203.SSE,yang2,2026-05-25,13:05,0.0350112697220135,2026
603214.SSE,yang2,2025-04-10,13:25,-0.0346514472075011,2025
603220.SSE,yang2,2024-10-30,14:05,-0.0310606060606061,2024
603222.SSE,yang2,2026-07-09,13:35,-0.0237154150197627,2026
603236.SSE,yang2,2024-12-26,11:25,-0.0261000273298717,2024
603238.SSE,yang2,2025-04-02,10:50,0.0177095631641084,2025
603256.SSE,yang2,2024-12-12,10:20,-0.020776874435411,2024
603256.SSE,yang2,2025-07-28,14:50,-0.0051435919417058,2025
603256.SSE,yang2,2025-11-25,10:40,0.0629699248120301,2025
603256.SSE,yang2,2026-02-10,10:25,0.1419457735247207,2026
603256.SSE,yang2,2026-02-11,09:35,0.0749136766251312,2026
603261.SSE,yang2,2026-06-26,09:50,-0.0802447552447552,2026
603261.SSE,yang2,2026-08-13,10:05,-0.0221370054035209,2026
603261.SSE,yang2,2026-08-27,09:40,-0.0294568363698279,2026
603267.SSE,yang2,2024-10-21,09:45,0.0253192919560831,2024
603270.SSE,yang2,2025-03-06,09:40,0.0378120411160058,2025
603286.SSE,yang2,2025-02-11,13:15,0.0225417800233189,2025
603297.SSE,yang2,2024-11-06,13:10,-0.0902942468159859,2024
603301.SSE,yang2,2025-10-09,10:10,0.1774790570816287,2025
603301.SSE,yang2,2025-10-28,09:50,0.0670784434836317,2025
603306.SSE,yang2,2024-10-21,09:45,0.035935085007728,2024
603306.SSE,yang2,2026-08-07,14:00,0.0505050505050506,2026
603316.SSE,yang2,2024-10-08,14:45,-0.0219378427787934,2024
603324.SSE,yang2,2026-06-11,09:50,-0.0020691693762932,2026
603324.SSE,yang2,2026-06-17,11:25,0.0668708524757528,2026
603324.SSE,yang2,2026-06-24,13:35,0.0543046357615895,2026
603333.SSE,yang2,2024-12-13,14:25,-0.0560578661844485,2024
603363.SSE,yang2,2025-09-15,09:50,-0.043046357615894,2025
603367.SSE,yang2,2025-07-28,10:35,0.2732286805260926,2025
603389.SSE,yang2,2024-07-12,10:05,-0.0230326295585412,2024
603389.SSE,yang2,2024-08-30,13:15,-0.0683229813664596,2024
603389.SSE,yang2,2026-08-17,09:55,-0.0060116086235488,2026
603400.SSE,yang2,2026-08-18,10:15,-0.0222268383880348,2026
603421.SSE,yang2,2024-09-18,11:25,0.0036101083032489,2024
603421.SSE,yang2,2026-03-19,09:55,-0.0909090909090909,2026
603459.SSE,yang2,2026-07-22,09:55,0.0512396694214876,2026
603459.SSE,yang2,2026-07-23,09:55,-0.0879609544468547,2026
603507.SSE,yang2,2025-04-30,09:35,0.038882597206493,2025
603516.SSE,yang2,2025-08-07,10:00,0.0368663594470046,2025
603516.SSE,yang2,2025-08-18,10:15,-0.1000078932828163,2025
603538.SSE,yang2,2025-07-02,09:40,0.0979292493528904,2025
603538.SSE,yang2,2026-07-07,10:15,-0.140139921294272,2026
603538.SSE,yang2,2026-07-15,10:00,-0.0166666666666666,2026
603556.SSE,yang2,2025-11-11,09:35,-0.0938645807870935,2025
603580.SSE,yang2,2026-08-20,10:35,0.0800909212461558,2026
603585.SSE,yang2,2025-07-03,11:30,0.0037523452157597,2025
603585.SSE,yang2,2026-04-03,09:45,0.0444716442268462,2026
603585.SSE,yang2,2026-04-14,09:35,-0.0541666666666666,2026
603601.SSE,yang2,2026-03-25,09:35,0.0785597381342062,2026
603601.SSE,yang2,2026-03-30,10:45,0.0682758620689656,2026
603608.SSE,yang2,2026-01-21,09:35,0.0922374429223746,2026
603617.SSE,yang2,2025-08-11,09:35,0.0173410404624276,2025
603618.SSE,yang2,2026-04-22,09:50,0.0704028021015761,2026
603626.SSE,yang2,2024-11-12,11:25,-0.0288461538461538,2024
603629.SSE,yang2,2026-02-06,11:30,0.0937236731255266,2026
603629.SSE,yang2,2026-02-09,13:10,0.0260818020154118,2026
603629.SSE,yang2,2026-02-11,10:10,0.0497198879551821,2026
603629.SSE,yang2,2026-03-19,09:50,-0.1000440722785367,2026
603629.SSE,yang2,2026-04-17,10:45,0.0174506828528073,2026
603629.SSE,yang2,2026-04-23,09:45,-0.0806587128213744,2026
603629.SSE,yang2,2026-05-06,10:40,-0.0035882908404154,2026
603630.SSE,yang2,2025-06-17,09:55,-0.093181818181818,2025
603636.SSE,yang2,2025-02-11,11:00,-0.0655940594059406,2025
603636.SSE,yang2,2025-02-13,10:50,0.0162552679108969,2025
603650.SSE,yang2,2026-01-15,13:10,0.0400266844563041,2026
603662.SSE,yang2,2024-12-05,10:40,0.0629415542710341,2024
603662.SSE,yang2,2024-12-09,09:35,0.1630046690469651,2024
603662.SSE,yang2,2025-01-08,14:10,-0.0250377453447409,2025
603663.SSE,yang2,2026-05-27,10:20,-0.0067051302042724,2026
603663.SSE,yang2,2026-06-03,09:45,-0.0157422392231866,2026
603663.SSE,yang2,2026-06-09,09:45,0.0714899713467049,2026
603663.SSE,yang2,2026-06-16,11:20,-0.0414557724752951,2026
603666.SSE,yang2,2024-09-26,10:10,0.0663900414937757,2024
603667.SSE,yang2,2025-01-09,13:05,0.1107180756986203,2025
603667.SSE,yang2,2025-02-07,09:50,-0.091620341774758,2025
603669.SSE,yang2,2024-12-10,09:40,-0.1184486373165617,2024
603678.SSE,yang2,2026-07-01,09:50,-0.1098576122672508,2026
603679.SSE,yang2,2026-01-09,10:40,-0.0515957446808511,2026
603682.SSE,yang2,2024-12-26,14:50,-0.0242424242424241,2024
603682.SSE,yang2,2024-12-31,09:35,-0.0093582887700535,2024
603687.SSE,yang2,2026-04-30,14:30,0.0232828870779975,2026
603688.SSE,yang2,2025-04-09,10:00,0.1952054794520548,2025
603690.SSE,yang2,2026-08-12,09:50,-0.0366300366300366,2026
603697.SSE,yang2,2024-11-07,13:55,-0.0507462686567166,2024
603697.SSE,yang2,2024-11-15,13:05,-0.0327102803738317,2024
603698.SSE,yang2,2026-04-17,13:20,-0.0243381725021349,2026
603698.SSE,yang2,2026-04-30,09:55,0.0013645667500568,2026
603703.SSE,yang2,2026-01-08,09:35,0.0299760191846523,2026
603716.SSE,yang2,2025-09-12,11:10,-0.0396039603960395,2025
603716.SSE,yang2,2026-08-06,11:25,-0.0254466702761233,2026
603717.SSE,yang2,2025-09-12,13:40,0.0240963855421687,2025
603727.SSE,yang2,2026-03-23,10:30,-0.0015189873417722,2026
603728.SSE,yang2,2025-02-20,13:25,-0.0112097150864081,2025
603757.SSE,yang2,2026-05-11,09:50,0.001157981803143,2026
603773.SSE,yang2,2026-04-15,10:35,-0.0288772213247172,2026
603773.SSE,yang2,2026-05-11,09:45,0.0216168936648757,2026
603773.SSE,yang2,2026-05-21,10:00,-0.0647650222118307,2026
603778.SSE,yang2,2025-11-10,09:35,0.3597246127366611,2025
603778.SSE,yang2,2026-03-11,11:05,0.0566762728146013,2026
603778.SSE,yang2,2026-03-30,13:15,-0.0118577075098814,2026
603786.SSE,yang2,2025-09-29,11:00,-0.0425707223290305,2025
603800.SSE,yang2,2025-08-13,10:55,0.0427350427350428,2025
603801.SSE,yang2,2026-08-31,09:50,-0.0962343096234309,2026
603809.SSE,yang2,2025-02-11,10:05,-0.0251396648044692,2025
603811.SSE,yang2,2025-08-19,09:50,-0.0998810939357907,2025
603823.SSE,yang2,2026-08-11,13:55,0.0329699547992554,2026
603826.SSE,yang2,2026-02-25,11:20,0.0004861448711714,2026
603829.SSE,yang2,2025-12-09,13:05,0.0089368258859783,2025
603839.SSE,yang2,2025-05-28,09:45,0.0820073439412485,2025
603859.SSE,yang2,2024-11-01,09:40,0.3785335689045936,2024
603859.SSE,yang2,2026-07-01,09:35,-0.0359984842743462,2026
603861.SSE,yang2,2026-03-02,13:25,-0.0336749633967787,2026
603879.SSE,yang2,2025-12-29,09:35,-0.0086580086580085,2025
603893.SSE,yang2,2024-10-18,14:00,0.0471084749629291,2024
603893.SSE,yang2,2025-01-15,10:20,-0.0794596165020338,2025
603900.SSE,yang2,2025-05-20,09:55,0.2879640044994374,2025
603900.SSE,yang2,2026-09-03,10:40,-0.1099744245524296,2026
603901.SSE,yang2,2024-11-29,14:00,0.0148232611174459,2024
603906.SSE,yang2,2024-10-15,11:15,-0.0248756218905472,2024
603906.SSE,yang2,2024-11-05,11:10,0.0334928229665072,2024
603906.SSE,yang2,2025-06-24,13:10,0.0657181571815719,2025
603928.SSE,yang2,2026-08-05,09:50,0.04857621440536,2026
603929.SSE,yang2,2025-11-14,13:20,-0.0257874378338551,2025
603929.SSE,yang2,2026-01-16,09:45,-0.1000244708185488,2026
603929.SSE,yang2,2026-06-24,10:00,0.124935311367949,2026
603931.SSE,yang2,2026-05-07,13:05,-0.0288177898797368,2026
603936.SSE,yang2,2026-06-11,10:45,-0.0130691399662731,2026
603936.SSE,yang2,2026-06-18,13:45,-0.0346467391304348,2026
603950.SSE,yang2,2026-07-06,09:50,-0.0931697252687587,2026
603956.SSE,yang2,2026-08-13,09:45,-0.0826032540675845,2026
603958.SSE,yang2,2026-02-06,11:05,-0.0279153534443944,2026
603978.SSE,yang2,2024-10-21,09:40,0.1397350993377484,2024
603978.SSE,yang2,2024-10-25,09:50,-0.03125,2024
603980.SSE,yang2,2025-06-24,13:05,0.0071556350626118,2025
603982.SSE,yang2,2025-06-25,09:50,-0.121768140116764,2025
603988.SSE,yang2,2024-11-28,14:10,0.0309278350515462,2024
603988.SSE,yang2,2024-12-02,10:10,-0.0257575757575757,2024
603988.SSE,yang2,2025-10-09,09:35,0.0032362459546926,2025
603989.SSE,yang2,2026-06-16,13:05,0.2950437317784258,2026
603990.SSE,yang2,2025-02-26,13:25,-0.0826010544815465,2025
605006.SSE,yang2,2026-06-16,09:50,0.0842368640533777,2026
605033.SSE,yang2,2025-06-06,14:35,0.0097267253358035,2025
605058.SSE,yang2,2025-07-09,10:20,-0.0506289308176099,2025
605068.SSE,yang2,2025-09-05,10:25,0.0405305821665438,2025
605069.SSE,yang2,2025-02-10,10:25,-0.0355160932297448,2025
605080.SSE,yang2,2025-01-14,10:00,0.0050798258345428,2025
605080.SSE,yang2,2025-01-17,10:25,-0.0178978197201432,2025
605099.SSE,yang2,2025-07-07,10:35,-0.0374331550802138,2025
605118.SSE,yang2,2025-01-22,09:50,-0.0179609086106709,2025
605136.SSE,yang2,2025-12-08,11:30,0.0251299826689774,2025
605151.SSE,yang2,2025-06-30,10:05,0.0886597938144331,2025
605167.SSE,yang2,2026-01-16,09:40,0.0672853828306265,2026
605168.SSE,yang2,2026-05-07,10:55,-0.0051654868949685,2026
605168.SSE,yang2,2026-05-13,13:10,0.0044828158724887,2026
605188.SSE,yang2,2025-05-28,13:30,0.042674253200569,2025
605208.SSE,yang2,2025-03-04,10:05,0.036741214057508,2025
605208.SSE,yang2,2025-03-06,10:00,0.1575630252100841,2025
605255.SSE,yang2,2025-12-25,10:10,0.0526992287917738,2025
605255.SSE,yang2,2025-12-29,10:10,-0.0099899091826437,2025
605255.SSE,yang2,2026-05-11,09:45,0.0326192365335449,2026
605266.SSE,yang2,2024-09-30,13:20,0.0490317264112072,2024
605266.SSE,yang2,2024-11-12,10:05,-0.0311418685121106,2024
605277.SSE,yang2,2025-07-10,14:40,-0.0525705450328565,2025
605277.SSE,yang2,2025-07-17,10:55,-0.097497198356369,2025
605277.SSE,yang2,2025-07-22,09:40,-0.0481099656357388,2025
605277.SSE,yang2,2025-07-29,09:35,0.0387811634349031,2025
605287.SSE,yang2,2026-01-21,09:45,0.0700389105058365,2026
605287.SSE,yang2,2026-05-25,14:35,-0.1205211726384364,2026
605289.SSE,yang2,2025-09-17,14:55,0.0510425354462051,2025
605289.SSE,yang2,2025-10-10,09:35,-0.0628838123311226,2025
605289.SSE,yang2,2026-05-08,09:45,0.0125225767609873,2026
605289.SSE,yang2,2026-07-01,09:50,-0.0999999999999999,2026
605318.SSE,yang2,2026-06-25,10:25,-0.0411326378539491,2026
605388.SSE,yang2,2024-12-12,14:45,-0.0439024390243901,2024
605488.SSE,yang2,2025-03-05,14:45,0.0790844808336435,2025
605580.SSE,yang2,2025-11-11,15:00,-0.0802772808586761,2025
605580.SSE,yang2,2026-05-28,14:20,0.074875798438609,2026
605589.SSE,yang2,2026-06-25,13:05,-0.0856633771929824,2026
605598.SSE,yang2,2025-08-07,13:25,0.0893058161350845,2025
