vt_symbol,name,group_key,entry_date,entry_price,ret_bw,seal,open_g,exit_reason,entry_day,touch,open
000006.SZSE,深振业Ａ,yin2,2025-10-21,13.22,-0.006807866868381196,True,-0.004159733777038155,next_close_fail,2025-10-21,11:15,11.97
000011.SZSE,深物业A,yin2,2025-08-14,11.14,-0.09784560143626564,False,-0.021717670286278468,next_close_fail,2025-08-14,09:45,9.91
000012.SZSE,南 玻Ａ,yin2,2026-06-22,4.73,-0.01268498942917562,True,0.018604651162790642,next_close_fail,2026-06-22,10:15,4.38
000020.SZSE,深华发Ａ,yin2,2024-09-09,12.45,-0.009638554216867434,True,-0.005300353356890497,break_close,2024-09-09,10:15,11.26
000029.SZSE,深深房Ａ,yin2,2026-06-09,24.54,0.03748981255093731,True,0.009412819363514124,break_close,2026-06-09,10:00,22.52
000029.SZSE,深深房Ａ,yin2,2026-06-16,27.62,0.034395365677045486,True,0.009159697331740269,next_close_fail,2026-06-16,10:45,25.34
000035.SZSE,中国天楹,yin2,2026-03-06,8.18,-0.05378973105134466,False,0.04166666666666652,next_close_fail,2026-03-06,10:15,7.75
000035.SZSE,中国天楹,yin2,2026-03-24,7.46,0.013404825737265424,True,0.03982300884955747,next_close_fail,2026-03-24,09:45,7.05
000036.SZSE,华联控股,yin2,2026-02-25,6.07,-0.06260296540362431,True,0.019927536231884035,next_close_fail,2026-02-25,11:15,5.63
000058.SZSE,深 赛 格,yin2,2024-09-06,7.85,-0.06369426751592355,False,-0.054621848739495715,break_close,2024-09-06,10:45,6.75
000062.SZSE,深圳华强,yin2,2026-05-11,39.09,-0.043489383474034304,True,0.01828925154755212,next_close_fail,2026-05-11,10:30,36.19
000065.SZSE,北方国际,yin2,2025-02-24,12.38,-0.018578352180937063,True,0.040000000000000036,next_close_fail,2025-02-24,09:45,11.7
000096.SZSE,广聚能源,yin2,2025-02-20,16.27,-0.06392132759680391,True,-0.01487491548343467,next_close_fail,2025-02-20,14:15,14.57
000096.SZSE,广聚能源,yin2,2025-02-24,16.75,0.31343283582089554,True,-0.028233749179251477,break_close,2025-02-24,10:00,14.8
000099.SZSE,中信海直,yin2,2024-11-18,29.12,0.028502747252747263,True,0.0,next_close_fail,2024-11-18,15:00,26.47
000156.SZSE,华数传媒,yin2,2025-02-21,9.26,-0.06695464362850967,False,0.04275534441805218,next_close_fail,2025-02-21,09:45,8.78
000421.SZSE,南京公用,yin2,2024-12-26,6.48,0.13425925925925908,True,0.03056027164685915,break_close,2024-12-26,09:45,6.07
000428.SZSE,华天酒店,yin2,2026-09-04,4.69,,True,0.0,open_end,2026-09-04,10:00,4.26
000506.SZSE,招金黄金,yin2,2026-07-02,12.61,0.03965107057890571,True,0.030541012216404928,break_close,2026-07-02,10:45,11.81
000510.SZSE,新金路,yin2,2025-06-03,6.03,-0.0033167495854063977,True,-0.009124087591241059,next_close_fail,2025-06-03,09:45,5.43
000514.SZSE,渝 开 发,yin2,2025-04-22,4.72,-0.12076271186440668,False,0.0,next_close_fail,2025-04-22,10:30,4.29
000514.SZSE,渝 开 发,yin2,2025-04-24,4.57,0.05908096280087527,True,0.004819277108433662,next_close_fail,2025-04-24,09:45,4.17
000520.SZSE,凤凰航运,yin2,2026-06-15,4.57,0.002188183807439792,True,0.04096385542168668,next_close_fail,2026-06-15,09:45,4.32
000523.SZSE,红棉股份,yin2,2025-12-26,4.05,-0.03456790123456788,True,0.01902173913043481,next_close_fail,2025-12-26,09:45,3.75
000530.SZSE,冰山冷热,yin2,2024-11-25,5.63,-0.03730017761989346,False,0.0078125,next_close_fail,2024-11-25,14:45,5.16
000530.SZSE,冰山冷热,yin2,2025-12-05,8.07,-0.061957868649318515,False,0.01089918256130784,next_close_fail,2025-12-05,10:00,7.42
000530.SZSE,冰山冷热,yin2,2025-12-17,8.27,-0.09310761789600963,False,-0.003989361702127603,next_close_fail,2025-12-17,09:45,7.49
000530.SZSE,冰山冷热,yin2,2025-12-30,7.52,-0.02659574468085102,True,-0.005847953216374324,next_close_fail,2025-12-30,11:00,6.8
000533.SZSE,顺钠股份,yin2,2025-11-13,10.37,-0.10028929604628734,True,-0.019088016967126142,next_close_fail,2025-11-13,10:00,9.25
000534.SZSE,万泽股份,yin2,2025-08-08,17.25,-0.008695652173912993,True,0.0031887755102040227,next_close_fail,2025-08-08,13:15,15.73
000534.SZSE,万泽股份,yin2,2026-04-01,38.98,-0.015649050795279562,True,0.02765237020316036,next_close_fail,2026-04-01,10:00,36.42
000539.SZSE,粤电力Ａ,yin2,2026-04-23,7.21,-0.09015256588072129,False,-0.01984732824427482,next_close_fail,2026-04-23,13:30,6.42
000545.SZSE,金浦钛业,yin2,2026-02-27,3.69,-0.05691056910569103,False,0.04477611940298498,next_close_fail,2026-02-27,09:45,3.5
000545.SZSE,金浦钛业,yin2,2026-03-06,3.75,-0.03466666666666662,True,0.0,next_close_fail,2026-03-06,10:00,3.41
000545.SZSE,金浦钛业,yin2,2026-03-11,3.83,0.02872062663185382,True,-0.008620689655172376,next_close_fail,2026-03-11,10:30,3.45
000551.SZSE,创元科技,yin2,2024-10-18,13.63,0.02421129860601612,True,-0.02098466505246166,next_close_fail,2024-10-18,10:45,12.13
000554.SZSE,泰山石油,yin2,2025-06-23,8.27,-0.10036275695284147,True,0.0478723404255319,next_close_fail,2025-06-23,11:00,7.88
000555.SZSE,神州信息,yin2,2024-10-29,13.0,-0.039999999999999925,True,-0.004230118443316444,next_close_fail,2024-10-29,10:45,11.77
000555.SZSE,神州信息,yin2,2025-11-03,20.85,0.050359712230215736,True,-0.029023746701847042,next_close_fail,2025-11-03,10:00,18.4
000559.SZSE,万向钱潮,yin2,2025-10-31,12.55,-0.007968127490039945,True,0.05083260297984227,next_close_fail,2025-10-31,09:45,11.99
000561.SZSE,烽火电子,yin2,2025-06-17,9.9,-0.04949494949494948,False,0.0,next_close_fail,2025-06-17,13:45,9.0
000561.SZSE,烽火电子,yin2,2025-06-23,9.38,0.03198294243070343,True,0.012895662368112681,next_close_fail,2025-06-23,13:15,8.64
000566.SZSE,海南海药,yin2,2026-08-25,4.97,0.012072434607645954,True,-0.004424778761061843,next_close_fail,2026-08-25,10:00,4.5
000571.SZSE,新大洲A,yin2,2026-07-15,6.51,-0.03993855606758834,True,0.013513513513513598,next_close_fail,2026-07-15,10:45,6.0
000572.SZSE,海马汽车,yin2,2025-10-31,6.6,0.36363636363636376,True,0.030000000000000027,break_close,2025-10-31,09:45,6.18
000592.SZSE,平潭发展,yin2,2025-10-23,4.13,0.5593220338983051,True,0.008000000000000007,break_close,2025-10-23,14:30,3.78
000593.SZSE,德龙汇能,yin2,2026-05-27,22.77,-0.07202459376372428,False,-0.009661835748792202,next_close_fail,2026-05-27,14:45,20.5
000595.SZSE,新能股份,yin2,2026-07-22,5.02,0.17131474103585664,True,-0.004385964912280604,break_close,2026-07-22,09:45,4.54
000599.SZSE,青岛双星,yin2,2024-11-11,5.74,0.0017421602787455193,True,0.0862068965517242,next_close_fail,2024-11-11,10:15,5.67
000601.SZSE,韶能股份,yin2,2025-04-14,5.58,0.05555555555555558,True,0.009861932938856066,break_close,2025-04-14,09:45,5.12
000601.SZSE,韶能股份,yin2,2025-04-24,6.31,0.08716323296355011,True,-0.0017421602787456303,break_close,2025-04-24,11:15,5.73
000601.SZSE,韶能股份,yin2,2026-05-27,8.04,-0.0024875621890546595,True,-0.004103967168262557,next_close_fail,2026-05-27,10:15,7.28
000601.SZSE,韶能股份,yin2,2026-06-02,8.99,0.034482758620689724,True,-0.01835985312117505,next_close_fail,2026-06-02,10:30,8.02
000601.SZSE,韶能股份,yin2,2026-07-06,7.26,-0.09228650137741046,False,0.00909090909090926,next_close_fail,2026-07-06,10:15,6.66
000603.SZSE,盛达资源,yin2,2026-07-21,20.52,0.20857699805068242,True,0.01608579088471851,break_close,2026-07-21,14:15,18.95
000608.SZSE,阳光股份,yin2,2024-11-18,2.65,-0.011320754716981019,True,0.020746887966804906,next_close_fail,2024-11-18,09:45,2.46
000617.SZSE,中油资本,yin2,2024-10-31,8.98,-0.10244988864142535,False,-0.006127450980392246,next_close_fail,2024-10-31,14:30,8.11
000617.SZSE,中油资本,yin2,2025-08-27,13.04,0.0007668711656443339,False,0.016877637130801704,next_close_fail,2025-08-27,11:30,12.05
000620.SZSE,盈新发展,yin2,2025-12-15,2.96,0.0,True,-0.026022304832713727,next_close_fail,2025-12-15,10:15,2.62
000620.SZSE,盈新发展,yin2,2026-01-16,3.36,0.06547619047619047,True,0.006557377049180246,next_close_fail,2026-01-16,13:30,3.07
000626.SZSE,远大控股,yin2,2024-10-28,6.75,-0.002962962962962945,True,-0.021172638436482094,next_close_fail,2024-10-28,11:30,6.01
000626.SZSE,远大控股,yin2,2024-12-05,7.07,0.011315417256011262,True,0.007776049766718529,next_close_fail,2024-12-05,11:00,6.48
000633.SZSE,合金投资,yin2,2025-11-18,8.29,0.03136308805790122,True,-0.003978779840848823,next_close_fail,2025-11-18,10:30,7.51
000633.SZSE,合金投资,yin2,2025-11-28,8.57,-0.014002333722287208,True,0.0,next_close_fail,2025-11-28,10:30,7.79
000636.SZSE,风华高科,yin2,2026-06-09,61.08,-0.02079240340536992,True,0.004862236628849104,next_close_fail,2026-06-09,11:00,55.8
000636.SZSE,风华高科,yin2,2026-06-11,65.79,-0.10138318893448861,False,0.0033439224209996787,next_close_fail,2026-06-11,10:00,60.01
000636.SZSE,风华高科,yin2,2026-06-15,65.03,0.08580655082269728,True,0.04025710419485806,next_close_fail,2026-06-15,10:15,61.5
000652.SZSE,泰达股份,yin2,2024-10-14,4.2,-0.05714285714285716,True,0.06544502617801062,next_close_fail,2024-10-14,13:30,4.07
000657.SZSE,中钨高新,yin2,2025-11-05,25.05,0.001996007984031989,True,-0.02020202020202022,next_close_fail,2025-11-05,14:45,22.31
000659.SZSE,珠海中富,yin2,2026-01-27,4.93,-0.006085192697768638,True,-0.0022321428571430157,next_close_fail,2026-01-27,15:00,4.47
000668.SZSE,荣丰控股,yin2,2026-07-29,20.3,-0.06354679802955665,True,0.00704607046070449,next_close_fail,2026-07-29,13:30,18.58
000668.SZSE,荣丰控股,yin2,2026-08-10,21.56,-0.011595547309833032,False,0.01989795918367321,next_close_fail,2026-08-10,11:15,19.99
000676.SZSE,智度股份,yin2,2024-10-21,9.87,0.10739614994934144,True,0.004459308807134743,break_close,2024-10-21,11:15,9.01
000678.SZSE,襄阳轴承,yin2,2024-09-19,5.1,-0.023529411764705688,True,0.008620689655172376,next_close_fail,2024-09-19,10:30,4.68
000679.SZSE,大连友谊,yin2,2024-08-28,3.0,-0.07333333333333336,False,0.07692307692307687,next_close_fail,2024-08-28,09:45,2.94
000679.SZSE,大连友谊,yin2,2024-08-30,3.06,-0.02614379084967322,True,-0.010791366906474753,next_close_fail,2024-08-30,13:15,2.75
000679.SZSE,大连友谊,yin2,2025-01-13,5.62,0.15658362989323837,True,-0.00391389432485334,break_close,2025-01-13,13:15,5.09
000679.SZSE,大连友谊,yin2,2025-02-17,6.71,0.0044709388971684305,False,-0.008196721311475419,next_close_fail,2025-02-17,15:00,6.05
000681.SZSE,视觉中国,yin2,2026-01-29,28.64,-0.07995810055865915,False,-0.01651305683563742,next_close_fail,2026-01-29,10:15,25.61
000686.SZSE,东北证券,yin2,2024-10-31,8.79,-0.021615472127417434,False,-0.007509386733416834,next_close_fail,2024-10-31,11:15,7.93
000688.SZSE,国城矿业,yin2,2025-11-13,24.39,0.03403034030340302,True,0.025710419485791558,next_close_fail,2025-11-13,10:15,22.74
000695.SZSE,滨海能源,yin2,2024-11-20,13.18,0.05993930197268593,True,-0.0233722871452422,next_close_fail,2024-11-20,10:30,11.7
000700.SZSE,模塑科技,yin2,2026-01-21,15.41,-0.037637897469175896,True,-0.010706638115631772,next_close_fail,2026-01-21,11:15,13.86
000700.SZSE,模塑科技,yin2,2026-06-15,15.84,0.017045454545454586,True,0.015972222222222276,next_close_fail,2026-06-15,10:00,14.63
000700.SZSE,模塑科技,yin2,2026-06-26,15.28,-0.09293193717277481,False,0.01367890568754504,next_close_fail,2026-06-26,10:00,14.08
000710.SZSE,贝瑞基因,yin2,2025-02-14,11.64,-0.010309278350515538,True,-0.002835538752362865,break_close,2025-02-14,09:45,10.55
000710.SZSE,贝瑞基因,yin2,2025-03-06,16.84,0.027909738717339705,True,0.030045721750489918,next_close_fail,2025-03-06,14:45,15.77
000720.SZSE,新能泰山,yin2,2026-05-28,5.07,0.041420118343195256,True,0.006507592190889255,next_close_fail,2026-05-28,09:45,4.64
000735.SZSE,罗 牛 山,yin2,2026-09-04,6.13,,True,0.0,open_end,2026-09-04,11:15,5.57
000736.SZSE,中交发展,yin2,2024-09-25,12.6,-0.08333333333333326,False,-0.010480349344978102,break_close,2024-09-25,09:45,11.33
000736.SZSE,中交发展,yin2,2024-10-16,11.59,-0.0716134598792062,True,0.034155597722960174,next_close_fail,2024-10-16,11:15,10.9
000751.SZSE,锌业股份,yin2,2026-02-27,7.17,0.07112970711297062,False,-0.006134969325153228,next_close_fail,2026-02-27,10:00,6.48
000753.SZSE,漳州发展,yin2,2025-11-28,8.6,0.015116279069767424,True,0.0038363171355497716,next_close_fail,2025-11-28,14:00,7.85
000759.SZSE,中百集团,yin2,2026-06-29,6.31,0.006339144215530945,True,-0.0034843205574913716,next_close_fail,2026-06-29,10:30,5.72
000783.SZSE,长江证券,yin2,2026-05-11,9.04,-0.011061946902654829,False,-0.0036496350364965124,next_close_fail,2026-05-11,14:15,8.19
000783.SZSE,长江证券,yin2,2026-06-25,10.15,-0.03842364532019715,True,0.010834236186348933,next_close_fail,2026-06-25,10:30,9.33
000803.SZSE,山高环能,yin2,2024-11-15,5.12,0.009765625,True,-0.006451612903225823,next_close_fail,2024-11-15,11:00,4.62
000811.SZSE,冰轮环境,yin2,2026-08-17,45.09,-0.031492570414726084,True,0.0,next_close_fail,2026-08-17,13:45,40.99
000815.SZSE,美利云,yin2,2026-04-16,22.21,-0.0274651058081945,True,-0.0004952947003468156,next_close_fail,2026-04-16,09:45,20.18
000818.SZSE,航锦科技,yin2,2026-05-22,16.08,0.016169154228855787,True,0.012311901504788114,next_close_fail,2026-05-22,13:15,14.8
000819.SZSE,岳阳兴长,yin2,2025-10-21,19.65,-0.04376590330788799,False,0.0,next_close_fail,2025-10-21,13:45,17.86
000820.SZSE,神雾节能,yin2,2025-01-21,3.99,-0.06516290726817053,True,0.011019283746556585,next_close_fail,2025-01-21,10:00,3.67
000863.SZSE,三湘印象,yin2,2024-12-18,5.21,-0.09788867562380033,True,0.04008438818565385,next_close_fail,2024-12-18,14:30,4.93
000863.SZSE,三湘印象,yin2,2025-12-26,5.63,0.08525754884547077,True,-0.001953125,next_close_fail,2025-12-26,10:45,5.11
000877.SZSE,天山股份,yin2,2025-08-08,5.8,0.07758620689655182,True,-0.001897533206831059,next_close_fail,2025-08-08,13:45,5.26
000880.SZSE,潍柴重机,yin2,2024-12-25,16.84,0.13420427553444192,True,0.0,break_close,2024-12-25,09:45,15.31
000880.SZSE,潍柴重机,yin2,2025-01-07,18.02,0.04162042175360714,True,0.0073260073260073,next_close_fail,2025-01-07,09:45,16.5
000880.SZSE,潍柴重机,yin2,2025-02-14,23.02,0.06950477845351877,True,-0.00047778308647861145,next_close_fail,2025-02-14,14:45,20.92
000880.SZSE,潍柴重机,yin2,2026-02-03,37.21,-0.03896801934963723,False,-0.0011823825007389877,next_close_fail,2026-02-03,13:15,33.79
000882.SZSE,华联股份,yin2,2025-01-02,2.29,-0.008733624454148492,True,-0.004807692307692402,break_close,2025-01-02,10:00,2.07
000882.SZSE,华联股份,yin2,2025-01-20,2.56,0.3203125,True,0.012875536480686511,break_close,2025-01-20,10:30,2.36
000889.SZSE,中嘉博创,yin2,2026-05-28,4.3,-0.0604651162790697,True,0.002557544757033181,next_close_fail,2026-05-28,09:45,3.92
000892.SZSE,欢瑞世纪,yin2,2025-06-26,4.8,0.012500000000000178,True,-0.041284403669724856,next_close_fail,2025-06-26,10:00,4.18
000892.SZSE,欢瑞世纪,yin2,2025-07-03,4.81,-0.006237006237006071,True,0.0022883295194506825,next_close_fail,2025-07-03,09:45,4.38
000892.SZSE,欢瑞世纪,yin2,2025-11-21,7.32,0.1994535519125682,True,0.07518796992481214,break_close,2025-11-21,09:45,7.15
000892.SZSE,欢瑞世纪,yin2,2026-08-04,4.17,-0.01918465227817745,True,0.0079155672823219,next_close_fail,2026-08-04,14:00,3.82
000901.SZSE,航天科技,yin2,2025-08-08,16.95,0.12979351032448383,True,0.0006489292667100077,break_close,2025-08-08,09:45,15.42
000901.SZSE,航天科技,yin2,2025-08-13,21.07,0.04508780256288558,True,0.0005221932114882755,next_close_fail,2025-08-13,09:45,19.16
000905.SZSE,厦门港务,yin2,2025-04-09,7.68,0.05078125,True,-0.011461318051575908,next_close_fail,2025-04-09,15:00,6.9
000919.SZSE,金陵药业,yin2,2026-04-15,8.26,0.004842615012106588,True,0.04926764314247678,next_close_fail,2026-04-15,10:00,7.88
000920.SZSE,沃顿科技,yin2,2026-07-16,14.15,-0.010600706713780994,True,-0.011664074650077683,next_close_fail,2026-07-16,09:45,12.71
000925.SZSE,众合科技,yin2,2024-12-26,9.05,-0.02541436464088398,True,0.004860267314702238,next_close_fail,2024-12-26,11:15,8.27
000927.SZSE,中国铁物,yin2,2026-03-31,3.34,-0.050898203592814384,True,0.016447368421052655,next_close_fail,2026-03-31,09:45,3.09
000927.SZSE,中国铁物,yin2,2026-04-10,3.33,-0.07207207207207211,False,0.03300330033003296,next_close_fail,2026-04-10,09:45,3.13
000948.SZSE,南天信息,yin2,2024-09-19,16.85,0.13887240356083086,True,-0.011096605744125299,break_close,2024-09-19,10:45,15.15
000948.SZSE,南天信息,yin2,2024-10-30,21.62,0.0360777058279369,True,-0.011704834605597791,next_close_fail,2024-10-30,10:00,19.42
000950.SZSE,重药控股,yin2,2025-12-15,6.79,-0.030927835051546393,True,-0.01944894651539708,next_close_fail,2025-12-15,11:15,6.05
000953.SZSE,中哲精化,yin2,2024-11-25,5.59,0.1520572450805009,True,0.03740157480314954,break_close,2024-11-25,10:00,5.27
000955.SZSE,欣龙控股,yin2,2024-12-05,5.98,0.04849498327759183,True,-0.06801470588235292,next_close_fail,2024-12-05,10:00,5.07
000955.SZSE,欣龙控股,yin2,2024-12-11,5.85,-0.058119658119658135,False,0.001879699248120259,next_close_fail,2024-12-11,13:30,5.33
000955.SZSE,欣龙控股,yin2,2025-11-11,7.16,-0.0572625698324023,False,-0.003072196620583667,next_close_fail,2025-11-11,10:00,6.49
000955.SZSE,欣龙控股,yin2,2025-11-18,8.42,-0.06888361045130642,True,-0.015686274509803977,next_close_fail,2025-11-18,13:15,7.53
000962.SZSE,东方钽业,yin2,2026-02-25,51.32,0.0717069368667187,True,0.00021436227224014281,next_close_fail,2026-02-25,13:15,46.66
000967.SZSE,盈峰环境,yin2,2026-05-13,15.24,-0.06496062992125984,False,-0.028880866425992857,next_close_fail,2026-05-13,15:00,13.45
000968.SZSE,蓝焰控股,yin2,2026-03-19,9.81,0.04994903160040787,True,0.04596412556053808,next_close_fail,2026-03-19,13:45,9.33
000969.SZSE,安泰科技,yin2,2025-11-13,21.18,-0.09442870632672329,False,0.01558441558441559,next_close_fail,2025-11-13,14:30,19.55
000969.SZSE,安泰科技,yin2,2026-01-14,31.12,-0.11439588688946023,False,0.010604453870625585,next_close_fail,2026-01-14,09:45,28.59
000977.SZSE,浪潮信息,yin2,2026-07-20,85.14,0.04134366925064592,False,0.059689922480619995,next_close_fail,2026-07-20,09:45,82.02
000980.SZSE,众泰汽车,yin2,2025-10-13,3.96,-0.09090909090909083,True,-0.05833333333333335,next_close_fail,2025-10-13,10:00,3.39
000981.SZSE,山子高科,yin2,2025-01-16,2.52,-0.0634920634920636,False,0.0,next_close_fail,2025-01-16,09:45,2.29
000981.SZSE,山子高科,yin2,2025-02-05,2.23,-0.03139013452914796,False,0.009852216748768461,next_close_fail,2025-02-05,14:45,2.05
000981.SZSE,山子高科,yin2,2026-01-14,5.67,-0.10052910052910058,True,-0.009708737864077777,next_close_fail,2026-01-14,09:45,5.1
000987.SZSE,越秀资本,yin2,2024-10-14,7.35,-0.05442176870748294,True,0.08532934131736525,next_close_fail,2024-10-14,13:30,7.25
001202.SZSE,炬申股份,yin2,2025-09-19,18.61,-0.08006448146157974,False,-0.01891252955082745,next_close_fail,2025-09-19,09:45,16.6
001202.SZSE,炬申股份,yin2,2026-01-21,20.19,0.00544824170381375,True,0.0,break_close,2026-01-21,10:00,18.35
001210.SZSE,金房能源,yin2,2026-06-26,23.83,-0.05791019723038182,True,0.0027700831024930483,next_close_fail,2026-06-26,09:45,21.72
001212.SZSE,中旗新材,yin2,2025-05-14,66.57,0.010214811476641161,True,-0.005287508261731633,next_close_fail,2025-05-14,10:15,60.2
001212.SZSE,中旗新材,yin2,2025-05-16,73.98,-0.02933225195998923,False,-0.0038661710037175556,next_close_fail,2025-05-16,13:15,66.99
001221.SZSE,悍高集团,yin2,2025-09-24,70.22,-0.012816861293079018,True,0.04385964912280693,next_close_fail,2025-09-24,14:15,66.64
001223.SZSE,欧克科技,yin2,2026-08-07,41.17,-0.05392275929074564,True,0.021106064654020873,next_close_fail,2026-08-07,09:45,38.22
001225.SZSE,和泰机电,yin2,2026-01-12,80.95,-0.03631871525633101,True,-0.007881505639353192,next_close_fail,2026-01-12,10:15,73.01
001229.SZSE,魅视科技,yin2,2026-07-07,38.82,0.171303451828954,True,0.056956644941909884,break_close,2026-07-07,09:45,37.3
001229.SZSE,魅视科技,yin2,2026-08-03,34.98,0.20983419096626665,True,0.0691823899371069,break_close,2026-08-03,09:45,34.0
001258.SZSE,立新能源,yin2,2025-04-03,8.49,-0.0683156654888104,True,-0.016839378238341918,next_close_fail,2025-04-03,10:30,7.59
001258.SZSE,立新能源,yin2,2026-08-26,13.52,0.01775147928994092,True,-0.02766476810414975,next_close_fail,2026-08-26,13:15,11.95
001258.SZSE,立新能源,yin2,2026-09-04,12.77,,False,-0.008613264427217882,open_end,2026-09-04,10:30,11.51
001266.SZSE,宏英智能,yin2,2026-05-20,51.41,-0.004862867146469552,True,0.0053487376979033385,next_close_fail,2026-05-20,14:15,46.99
001267.SZSE,汇绿生态,yin2,2025-10-24,19.61,0.115757266700663,True,0.0033651149747617737,break_close,2025-10-24,11:30,17.89
001270.SZSE,铖昌科技,yin2,2024-11-04,44.46,0.04048582995951411,True,-0.0004948045522019662,next_close_fail,2024-11-04,13:45,40.4
001296.SZSE,长江材料,yin2,2025-09-04,26.4,0.008712121212121282,True,-0.008333333333333304,next_close_fail,2025-09-04,10:15,23.8
001296.SZSE,长江材料,yin2,2026-07-14,19.13,-0.05175117616309455,False,0.004600345025876917,next_close_fail,2026-07-14,10:00,17.47
001298.SZSE,好上好,yin2,2024-08-30,25.45,0.05186640471512782,True,0.014693171996542853,next_close_fail,2024-08-30,09:45,23.48
001308.SZSE,康冠科技,yin2,2024-12-24,28.23,-0.018774353524619203,False,0.012860483242400633,next_close_fail,2024-12-24,11:30,25.99
001309.SZSE,德明利,yin2,2025-03-07,158.82,-0.03349704067497794,False,-0.014267904141847865,next_close_fail,2025-03-07,13:30,142.32
001316.SZSE,润贝航科,yin2,2025-04-24,41.28,-0.07340116279069775,True,0.0002664535038634508,next_close_fail,2025-04-24,14:00,37.54
001316.SZSE,润贝航科,yin2,2026-01-29,52.4,-0.02633587786259528,True,0.07052896725440805,next_close_fail,2026-01-29,09:45,51.0
001317.SZSE,三羊马,yin2,2026-07-27,51.81,-0.0015441034549316113,True,0.01847133757961772,next_close_fail,2026-07-27,10:15,47.97
001318.SZSE,阳光乳业,yin2,2025-12-15,16.21,0.028377544725478154,True,0.02103120759837185,next_close_fail,2025-12-15,09:45,15.05
001330.SZSE,博纳影业,yin2,2025-09-19,6.25,-0.03359999999999996,True,-0.0035211267605632646,next_close_fail,2025-09-19,11:00,5.66
001330.SZSE,博纳影业,yin2,2026-09-03,6.34,-0.08990536277602523,False,0.07638888888888906,next_close_fail,2026-09-03,09:45,6.2
001337.SZSE,四川黄金,yin2,2025-04-21,26.92,0.06092124814264466,True,0.026154474867184252,next_close_fail,2025-04-21,14:15,25.11
001339.SZSE,智微智能,yin2,2026-06-24,136.95,-0.0010222709017888576,True,-0.0029718875502008357,next_close_fail,2026-06-24,10:45,124.13
001360.SZSE,南矿集团,yin2,2025-12-25,23.76,-0.03661616161616166,True,-0.006944444444444531,next_close_fail,2025-12-25,11:30,21.45
001365.SZSE,天海电子,yin2,2026-07-16,43.25,-0.07514450867052025,True,-0.022889114954221745,next_close_fail,2026-07-16,10:30,38.42
001368.SZSE,通达创智,yin2,2025-03-06,23.21,-0.039207238259371,True,0.0023696682464453556,next_close_fail,2025-03-06,10:00,21.15
001368.SZSE,通达创智,yin2,2025-04-17,22.36,0.019677996422182487,True,-0.0034431874077716085,next_close_fail,2025-04-17,13:15,20.26
001376.SZSE,百通能源,yin2,2026-02-11,21.13,-0.0345480359678183,True,-0.0020822488287349783,next_close_fail,2026-02-11,13:45,19.17
001396.SZSE,誉帆科技,yin2,2026-03-04,54.81,-0.07279693486590044,True,-0.01264298615291981,next_close_fail,2026-03-04,10:30,49.2
001396.SZSE,誉帆科技,yin2,2026-03-24,46.81,-0.014526810510574695,False,0.022326674500587673,next_close_fail,2026-03-24,14:30,43.5
001896.SZSE,豫能控股,yin2,2025-07-16,6.92,-0.043352601156069315,True,0.04133545310015885,next_close_fail,2025-07-16,09:45,6.55
002006.SZSE,精工科技,yin2,2024-11-25,16.83,-0.06773618538324411,True,0.0,next_close_fail,2024-11-25,13:15,15.3
002006.SZSE,精工科技,yin2,2024-11-27,17.26,0.0811123986095017,True,-0.01210962396430848,break_close,2024-11-27,10:00,15.5
002009.SZSE,天奇股份,yin2,2026-02-06,31.68,0.029671717171717127,True,-0.013194444444444398,next_close_fail,2026-02-06,10:30,28.42
002015.SZSE,协鑫能科,yin2,2026-03-06,15.62,0.1600512163892447,True,0.029577464788732355,break_close,2026-03-06,09:45,14.62
002015.SZSE,协鑫能科,yin2,2026-03-11,19.93,0.11791269443050689,False,-0.006070640176600417,break_close,2026-03-11,10:00,18.01
002015.SZSE,协鑫能科,yin2,2026-04-01,17.53,-0.06503137478608101,False,0.02321204516938513,next_close_fail,2026-04-01,10:00,16.31
002015.SZSE,协鑫能科,yin2,2026-04-07,17.82,0.005050505050504972,False,0.009876543209876631,next_close_fail,2026-04-07,11:00,16.36
002017.SZSE,东信和平,yin2,2025-08-05,27.16,0.028350515463917425,True,0.0068853786958282814,next_close_fail,2025-08-05,11:00,24.86
002021.SZSE,中捷资源,yin2,2024-11-28,2.64,0.02651515151515138,True,-0.004166666666666541,next_close_fail,2024-11-28,10:15,2.39
002021.SZSE,中捷资源,yin2,2025-09-29,3.2,-0.05625000000000002,False,0.020618556701030855,next_close_fail,2025-09-29,10:00,2.97
002029.SZSE,七 匹 狼,yin2,2025-10-20,9.52,0.021008403361344685,True,0.06127167630057806,next_close_fail,2025-10-20,09:45,9.18
002030.SZSE,达安基因,yin2,2026-05-18,6.64,0.0,True,0.07284768211920545,next_close_fail,2026-05-18,09:45,6.48
002030.SZSE,达安基因,yin2,2026-05-25,7.04,-0.009943181818181879,False,0.034375000000000044,next_close_fail,2026-05-25,09:45,6.62
002031.SZSE,巨轮智能,yin2,2024-11-19,4.2,0.06904761904761902,False,0.002617801047120505,break_close,2024-11-19,10:15,3.83
002031.SZSE,巨轮智能,yin2,2025-02-19,8.89,0.030371203599550034,True,-0.008663366336633671,next_close_fail,2025-02-19,09:45,8.01
002031.SZSE,巨轮智能,yin2,2026-09-03,5.71,-0.061295971978984176,False,0.01156069364161838,next_close_fail,2026-09-03,10:00,5.25
002040.SZSE,南 京 港,yin2,2025-05-13,7.68,0.5598958333333335,True,0.017191977077363862,break_close,2025-05-13,14:30,7.1
002040.SZSE,南 京 港,yin2,2025-10-16,12.77,-0.006264682850430692,False,0.03100775193798455,next_close_fail,2025-10-16,14:00,11.97
002041.SZSE,登海种业,yin2,2026-09-01,11.88,-0.0850168350168351,True,-0.002777777777777879,next_close_fail,2026-09-01,10:00,10.77
002044.SZSE,美年健康,yin2,2025-02-12,5.76,0.02604166666666674,True,-0.005725190839694694,next_close_fail,2025-02-12,13:30,5.21
002045.SZSE,国光电器,yin2,2024-12-20,22.87,-0.018364669873196404,True,0.0004810004810005264,next_close_fail,2024-12-20,10:00,20.8
002051.SZSE,中工国际,yin2,2026-04-14,10.82,0.0711645101663585,True,0.027439024390243816,break_close,2026-04-14,09:45,10.11
002068.SZSE,黑猫股份,yin2,2024-11-11,9.41,-0.028692879914984037,True,0.005847953216374213,next_close_fail,2024-11-11,13:15,8.6
002069.SZSE,獐子岛,yin2,2024-12-04,4.2,0.042857142857142705,True,0.01308900523560208,next_close_fail,2024-12-04,09:45,3.87
002076.SZSE,星光股份,yin2,2024-11-28,2.68,-0.04850746268656725,True,0.004098360655737876,next_close_fail,2024-11-28,09:45,2.45
002076.SZSE,星光股份,yin2,2024-12-02,2.81,0.02491103202846978,True,-0.050980392156862675,next_close_fail,2024-12-02,13:15,2.42
002081.SZSE,金 螳 螂,yin2,2026-06-10,5.94,-0.09932659932659949,True,-0.012962962962963065,next_close_fail,2026-06-10,09:45,5.33
002084.SZSE,海鸥住工,yin2,2025-10-22,4.9,-0.10000000000000009,True,0.006741573033707926,next_close_fail,2025-10-22,11:30,4.48
002086.SZSE,东方海洋,yin2,2024-12-16,4.19,-0.09785202863961828,True,0.002624671916010346,next_close_fail,2024-12-16,10:30,3.82
002094.SZSE,青岛金王,yin2,2025-05-29,9.79,-0.019407558733401387,True,-0.003370786516854074,next_close_fail,2025-05-29,11:30,8.87
002095.SZSE,生 意 宝,yin2,2025-04-25,19.86,0.010574018126888296,True,0.00221606648199435,next_close_fail,2025-04-25,13:15,18.09
002095.SZSE,生 意 宝,yin2,2025-05-12,20.8,0.023076923076922995,False,0.019566367001586427,next_close_fail,2025-05-12,09:45,19.28
002112.SZSE,三变科技,yin2,2026-03-04,23.79,0.021857923497267784,False,-0.01987979657882566,next_close_fail,2026-03-04,09:45,21.2
002115.SZSE,三维通信,yin2,2025-03-17,9.74,-0.07597535934291588,False,-0.009039548022598876,next_close_fail,2025-03-17,11:00,8.77
002115.SZSE,三维通信,yin2,2025-03-21,9.38,0.012793176972281328,True,-0.0023446658851112856,next_close_fail,2025-03-21,09:45,8.51
002115.SZSE,三维通信,yin2,2025-03-26,9.65,0.024870466321243567,True,0.0,next_close_fail,2025-03-26,10:30,8.77
002117.SZSE,东港股份,yin2,2025-01-02,12.85,-0.009338521400778177,True,-0.018835616438356073,break_close,2025-01-02,11:00,11.46
002117.SZSE,东港股份,yin2,2025-01-21,13.16,0.028875379939209633,True,0.019230769230769162,next_close_fail,2025-01-21,11:00,12.19
002119.SZSE,康强电子,yin2,2026-01-27,24.75,0.03474747474747475,True,-0.014666666666666606,break_close,2026-01-27,10:15,22.17
002131.SZSE,利欧股份,yin2,2025-08-26,5.31,-0.016949152542372836,True,-0.010351966873705987,next_close_fail,2025-08-26,14:00,4.78
002131.SZSE,利欧股份,yin2,2025-09-01,5.79,0.010362694300518172,True,0.0,next_close_fail,2025-09-01,10:15,5.26
002134.SZSE,天津普林,yin2,2024-11-27,17.03,-0.038167938931297885,True,-0.0019379844961241455,next_close_fail,2024-11-27,14:45,15.45
002137.SZSE,实益达,yin2,2024-12-02,8.23,-0.052247873633049835,True,-0.041443850267379734,next_close_fail,2024-12-02,09:45,7.17
002137.SZSE,实益达,yin2,2024-12-19,7.65,0.4509803921568627,True,-0.020143884892086406,break_close,2024-12-19,14:30,6.81
002137.SZSE,实益达,yin2,2026-06-15,10.12,-0.02766798418972327,True,0.008695652173912993,next_close_fail,2026-06-15,09:45,9.28
002141.SZSE,贤丰控股,yin2,2026-07-29,6.3,-0.09999999999999998,True,-0.012216404886561949,next_close_fail,2026-07-29,09:45,5.66
002149.SZSE,西部材料,yin2,2025-12-10,26.26,0.0015232292460014563,True,0.06828655215751978,next_close_fail,2025-12-10,09:45,25.5
002149.SZSE,西部材料,yin2,2026-05-18,75.92,-0.10115911485774509,False,0.021443059982613866,next_close_fail,2026-05-18,10:30,70.5
002150.SZSE,正泰电源,yin2,2025-10-29,19.34,0.04188210961737315,True,0.0022753128555177415,break_close,2025-10-29,11:00,17.62
002150.SZSE,正泰电源,yin2,2025-11-05,22.76,0.03251318101933198,True,-0.0420492991783471,next_close_fail,2025-11-05,13:15,19.82
002150.SZSE,正泰电源,yin2,2025-11-13,23.19,0.002587322121604174,True,0.006641366223908873,next_close_fail,2025-11-13,14:15,21.22
002150.SZSE,正泰电源,yin2,2026-03-17,34.87,-0.050759965586463895,True,0.0,next_close_fail,2026-03-17,11:00,31.7
002150.SZSE,正泰电源,yin2,2026-03-20,34.88,0.06192660550458706,True,0.018921475875118388,break_close,2026-03-20,09:45,32.31
002156.SZSE,通富微电,yin2,2024-11-05,31.57,0.07190370605004759,True,0.01881533101045285,break_close,2024-11-05,10:45,29.24
002160.SZSE,常铝股份,yin2,2025-10-29,5.68,-0.008802816901408383,True,-0.029069767441860517,break_close,2025-10-29,13:15,5.01
002160.SZSE,常铝股份,yin2,2025-11-10,6.6,-0.0757575757575758,False,0.018333333333333313,next_close_fail,2025-11-10,10:00,6.11
002160.SZSE,常铝股份,yin2,2025-11-12,6.71,-0.016393442622950838,False,-0.011475409836065431,next_close_fail,2025-11-12,10:15,6.03
002163.SZSE,海南发展,yin2,2024-12-11,11.0,0.023636363636363678,True,0.0,next_close_fail,2024-12-11,11:15,10.0
002178.SZSE,延华智能,yin2,2025-07-25,7.73,-0.0038809831824062613,True,0.0014224751066855834,next_close_fail,2025-07-25,10:15,7.04
002181.SZSE,粤 传 媒,yin2,2026-01-14,11.55,-0.051948051948052076,True,-0.010476190476190417,next_close_fail,2026-01-14,10:30,10.39
002181.SZSE,粤 传 媒,yin2,2026-01-20,11.19,0.03753351206434319,True,0.009832841691248762,next_close_fail,2026-01-20,10:45,10.27
002181.SZSE,粤 传 媒,yin2,2026-05-15,19.69,-0.1000507872016253,True,-0.011173184357541888,next_close_fail,2026-05-15,09:45,17.7
002181.SZSE,粤 传 媒,yin2,2026-05-26,14.49,0.035196687370600444,True,-0.013667425968109326,next_close_fail,2026-05-26,13:15,12.99
002187.SZSE,广百股份,yin2,2025-01-10,8.27,-0.00846432889963733,True,0.01728723404255339,next_close_fail,2025-01-10,14:15,7.65
002187.SZSE,广百股份,yin2,2025-12-04,8.14,-0.06511056511056512,False,-0.002702702702702786,next_close_fail,2025-12-04,10:15,7.38
002187.SZSE,广百股份,yin2,2025-12-15,7.51,0.059920106524633754,True,0.008784773060029227,break_close,2025-12-15,11:30,6.89
002189.SZSE,中光学,yin2,2025-06-30,30.8,0.023376623376623273,True,-0.02857142857142858,next_close_fail,2025-06-30,10:00,27.2
002195.SZSE,岩山科技,yin2,2025-09-03,9.1,-0.10769230769230775,False,0.0,next_close_fail,2025-09-03,10:15,8.27
002199.SZSE,东晶电子,yin2,2024-08-26,6.85,-0.06861313868613139,True,-0.011235955056179803,next_close_fail,2024-08-26,13:45,6.16
002199.SZSE,东晶电子,yin2,2026-07-28,12.17,0.17009038619556294,True,-0.030741410488245968,break_close,2026-07-28,09:45,10.72
002201.SZSE,九鼎新材,yin2,2026-02-11,14.22,-0.0717299578059073,False,-0.002320185614849146,next_close_fail,2026-02-11,09:45,12.9
002203.SZSE,海亮股份,yin2,2026-06-18,25.52,0.030564263322883978,True,-0.010775862068965525,next_close_fail,2026-06-18,10:15,22.95
002208.SZSE,合肥城建,yin2,2024-11-21,9.77,0.007164790174002178,False,0.011261261261261257,next_close_fail,2024-11-21,13:15,8.98
002208.SZSE,合肥城建,yin2,2026-07-09,19.12,0.01621338912133874,True,0.09896432681242828,next_close_fail,2026-07-09,09:45,19.1
002208.SZSE,合肥城建,yin2,2026-07-24,13.6,-0.039705882352941146,True,-0.01860841423948212,next_close_fail,2026-07-24,10:00,12.13
002210.SZSE,飞马国际,yin2,2024-10-30,2.29,0.0,True,-0.004807692307692402,next_close_fail,2024-10-30,11:00,2.07
002210.SZSE,飞马国际,yin2,2025-09-03,4.22,-0.06161137440758291,True,0.03645833333333326,next_close_fail,2025-09-03,13:15,3.98
002210.SZSE,飞马国际,yin2,2025-09-25,4.41,-0.09977324263038545,True,0.02493765586034935,next_close_fail,2025-09-25,09:45,4.11
002212.SZSE,天融信,yin2,2024-10-30,7.5,0.053333333333333455,True,0.004398826979472137,next_close_fail,2024-10-30,11:00,6.85
002212.SZSE,天融信,yin2,2025-08-26,11.25,0.15466666666666673,True,0.0009775171065493637,break_close,2025-08-26,10:00,10.24
002212.SZSE,天融信,yin2,2026-08-11,7.17,-0.03765690376569031,True,0.012269938650306678,next_close_fail,2026-08-11,09:45,6.6
002213.SZSE,大为股份,yin2,2024-12-26,13.04,0.019938650306748684,True,0.0,next_close_fail,2024-12-26,11:15,11.85
002213.SZSE,大为股份,yin2,2025-01-03,14.25,0.01403508771929829,True,-0.011583011583011449,next_close_fail,2025-01-03,10:00,12.8
002213.SZSE,大为股份,yin2,2026-04-16,38.34,-0.015910276473656948,True,0.0011477761836442557,next_close_fail,2026-04-16,10:00,34.89
002214.SZSE,大立科技,yin2,2026-08-20,14.86,-0.0053835800807536804,False,-0.002960769800147922,next_close_fail,2026-08-20,13:45,13.47
002218.SZSE,拓日新能,yin2,2026-03-31,6.93,-0.057720057720057616,True,0.0015873015873015817,next_close_fail,2026-03-31,09:45,6.31
002219.SZSE,新里程,yin2,2024-10-10,2.93,-0.10921501706484649,False,0.018796992481203034,next_close_fail,2024-10-10,09:45,2.71
002229.SZSE,鸿博股份,yin2,2024-11-22,16.2,-0.08703703703703702,False,-0.012898845892736044,next_close_fail,2024-11-22,11:00,14.54
002229.SZSE,鸿博股份,yin2,2026-08-17,13.82,-0.08972503617945005,True,0.027866242038216527,next_close_fail,2026-08-17,09:45,12.91
002247.SZSE,聚力文化,yin2,2024-10-30,2.57,0.0077821011673151474,True,-0.038461538461538436,break_close,2024-10-30,10:00,2.25
002249.SZSE,大洋电机,yin2,2025-10-20,11.15,0.02959641255605372,True,0.03451676528599612,next_close_fail,2025-10-20,09:45,10.49
002251.SZSE,步步高,yin2,2026-06-05,4.86,-0.04115226337448563,True,0.009049773755656076,next_close_fail,2026-06-05,09:45,4.46
002256.SZSE,兆新股份,yin2,2024-10-15,2.74,-0.07664233576642354,False,-0.052208835341365556,next_close_fail,2024-10-15,15:00,2.36
002256.SZSE,兆新股份,yin2,2024-10-22,2.63,-0.06083650190114054,False,0.012552301255229992,next_close_fail,2024-10-22,10:45,2.42
002263.SZSE,大东南,yin2,2026-04-10,4.9,0.01836734693877551,True,-0.03146067415730347,next_close_fail,2026-04-10,09:45,4.31
002263.SZSE,大东南,yin2,2026-04-16,5.17,-0.03675048355899413,True,0.0,next_close_fail,2026-04-16,09:45,4.7
002264.SZSE,新 华 都,yin2,2026-01-27,10.96,-0.05383211678832134,False,0.005020080321284981,next_close_fail,2026-01-27,09:45,10.01
002264.SZSE,新 华 都,yin2,2026-02-02,11.51,-0.010425716768027726,False,-0.012428298279158811,next_close_fail,2026-02-02,10:15,10.33
002264.SZSE,新 华 都,yin2,2026-02-05,12.58,-0.04610492845786962,True,0.006118881118881037,next_close_fail,2026-02-05,10:45,11.51
002265.SZSE,建设工业,yin2,2025-06-30,30.98,-0.05681084570690775,False,-0.005681818181818232,next_close_fail,2025-06-30,14:45,28.0
002269.SZSE,美邦服饰,yin2,2025-01-07,2.66,-0.015037593984962405,True,-0.045454545454545414,next_close_fail,2025-01-07,14:45,2.31
002269.SZSE,美邦服饰,yin2,2025-01-16,2.62,-0.11832061068702293,False,0.021008403361344685,next_close_fail,2025-01-16,10:00,2.43
002271.SZSE,东方雨虹,yin2,2024-10-14,14.09,-0.024840312278211485,False,0.031225604996096834,next_close_fail,2024-10-14,13:30,13.21
002273.SZSE,水晶光电,yin2,2026-07-21,27.56,-0.022133526850507956,True,0.01716566866267466,next_close_fail,2026-07-21,11:00,25.48
002276.SZSE,万马股份,yin2,2025-04-09,13.33,0.06976744186046502,True,0.0,break_close,2025-04-09,10:15,12.12
002276.SZSE,万马股份,yin2,2025-05-12,16.42,-0.049939098660170655,False,0.013395847287341,next_close_fail,2025-05-12,09:45,15.13
002279.SZSE,久其软件,yin2,2025-11-28,9.88,-0.07388663967611342,False,0.03452115812917578,next_close_fail,2025-11-28,09:45,9.29
002279.SZSE,久其软件,yin2,2026-01-27,11.11,-0.07020702070207019,False,0.011881188118811892,next_close_fail,2026-01-27,09:45,10.22
002283.SZSE,天润工业,yin2,2024-12-10,6.38,0.029780564263322873,True,0.020689655172413834,next_close_fail,2024-12-10,13:30,5.92
002285.SZSE,世联行,yin2,2024-08-21,1.93,-0.05699481865284972,False,-0.005714285714285672,next_close_fail,2024-08-21,14:15,1.74
002285.SZSE,世联行,yin2,2024-09-05,1.95,-0.03076923076923077,True,0.033898305084745894,next_close_fail,2024-09-05,11:15,1.83
002285.SZSE,世联行,yin2,2025-11-28,3.03,0.0033003300330034513,True,0.010909090909090757,next_close_fail,2025-11-28,11:15,2.78
002285.SZSE,世联行,yin2,2025-12-02,3.34,-0.0359281437125748,True,0.013157894736842035,next_close_fail,2025-12-02,10:00,3.08
002285.SZSE,世联行,yin2,2025-12-10,3.17,0.006309148264984188,True,0.0,next_close_fail,2025-12-10,13:30,2.88
002286.SZSE,保龄宝,yin2,2025-05-07,10.27,-0.04284323271665036,True,0.007494646680942241,next_close_fail,2025-05-07,10:00,9.41
002290.SZSE,禾盛新材,yin2,2025-05-12,31.79,0.03932054105064475,True,0.02318339100346023,next_close_fail,2025-05-12,10:30,29.57
002291.SZSE,遥望科技,yin2,2024-12-18,10.73,-0.09972041006523769,True,-0.0379487179487179,next_close_fail,2024-12-18,10:30,9.38
002292.SZSE,奥飞娱乐,yin2,2024-12-10,10.42,0.0374280230326296,True,0.03062302006335793,next_close_fail,2024-12-10,10:00,9.76
002295.SZSE,精艺股份,yin2,2025-12-12,13.4,-0.08134328358208953,False,0.05090311986863716,next_close_fail,2025-12-12,09:45,12.8
002298.SZSE,中电鑫龙,yin2,2024-12-09,6.57,-0.0060882800608828,True,0.0,next_close_fail,2024-12-09,09:45,5.97
002298.SZSE,中电鑫龙,yin2,2025-05-26,6.23,-0.027287319422151013,False,0.010600706713780772,next_close_fail,2025-05-26,10:00,5.72
002298.SZSE,中电鑫龙,yin2,2025-08-26,11.94,0.009212730318258089,True,0.006451612903225934,next_close_fail,2025-08-26,09:45,10.92
002298.SZSE,中电鑫龙,yin2,2025-09-30,13.19,0.01667930250189542,True,0.019182652210175233,next_close_fail,2025-09-30,09:45,12.22
002298.SZSE,中电鑫龙,yin2,2026-07-29,8.77,0.004561003420752607,True,0.013801756587201952,next_close_fail,2026-07-29,09:45,8.08
002300.SZSE,太阳电缆,yin2,2026-08-10,7.9,-0.036708860759493644,True,0.0027855153203342198,next_close_fail,2026-08-10,09:45,7.2
002301.SZSE,齐心集团,yin2,2025-11-24,7.79,-0.007702182284980652,True,0.016949152542372836,next_close_fail,2025-11-24,10:45,7.2
002301.SZSE,齐心集团,yin2,2025-12-02,8.26,-0.03874092009685226,False,-0.005326231691078598,next_close_fail,2025-12-02,10:45,7.47
002302.SZSE,西部建设,yin2,2025-08-08,7.05,0.11063829787234036,True,-0.0031201248049922414,break_close,2025-08-08,13:45,6.39
002307.SZSE,北新路桥,yin2,2025-12-15,5.75,-0.06434782608695655,True,0.06500956022944537,next_close_fail,2025-12-15,10:30,5.57
002313.SZSE,日海智能,yin2,2024-12-16,12.01,-0.09991673605328888,True,-0.038461538461538436,next_close_fail,2024-12-16,09:45,10.5
002313.SZSE,日海智能,yin2,2025-02-05,9.19,0.05223068552774768,True,0.03592814371257491,next_close_fail,2025-02-05,09:45,8.65
002314.SZSE,南山控股,yin2,2025-07-07,3.22,0.03416149068322971,True,-0.020477815699658675,next_close_fail,2025-07-07,10:15,2.87
002314.SZSE,南山控股,yin2,2025-07-10,3.56,-0.047752808988763995,True,-0.01851851851851849,next_close_fail,2025-07-10,14:30,3.18
002317.SZSE,众生药业,yin2,2025-06-20,16.24,-0.039408866995073843,False,0.015582655826558378,next_close_fail,2025-06-20,13:45,14.99
002319.SZSE,乐通股份,yin2,2024-10-25,11.74,0.0732538330494037,True,0.012183692596063889,next_close_fail,2024-10-25,13:15,10.8
002320.SZSE,海峡股份,yin2,2025-11-05,15.4,-0.0766233766233766,True,0.011428571428571344,next_close_fail,2025-11-05,09:45,14.16
002328.SZSE,新朋股份,yin2,2026-04-14,11.84,0.0557432432432432,True,0.03345724907063197,next_close_fail,2026-04-14,10:30,11.12
002329.SZSE,皇氏集团,yin2,2024-12-20,4.49,-0.08240534521158127,True,0.009803921568627416,next_close_fail,2024-12-20,09:45,4.12
002329.SZSE,皇氏集团,yin2,2025-12-23,4.9,-0.06734693877551023,False,0.07191011235955047,next_close_fail,2025-12-23,09:45,4.77
002339.SZSE,积成电子,yin2,2026-01-23,11.48,0.027874564459930307,True,-0.003831417624520994,next_close_fail,2026-01-23,10:15,10.4
002339.SZSE,积成电子,yin2,2026-02-02,11.99,0.01334445371142623,True,0.04220183486238516,next_close_fail,2026-02-02,09:45,11.36
002339.SZSE,积成电子,yin2,2026-02-06,12.76,0.014890282131661436,True,0.009482758620689813,next_close_fail,2026-02-06,09:45,11.71
002339.SZSE,积成电子,yin2,2026-03-18,12.51,-0.04156674660271775,True,0.014072119613016687,next_close_fail,2026-03-18,09:45,11.53
002339.SZSE,积成电子,yin2,2026-03-24,12.13,-0.04699093157460843,False,0.05167724388032635,next_close_fail,2026-03-24,09:45,11.6
002346.SZSE,柘中股份,yin2,2025-01-14,12.95,-0.015444015444015413,True,-0.01189464740866597,next_close_fail,2025-01-14,09:45,11.63
002346.SZSE,柘中股份,yin2,2026-07-31,17.13,0.018680677174547577,True,0.01734104046242768,next_close_fail,2026-07-31,13:30,15.84
002348.SZSE,高乐股份,yin2,2024-12-13,5.06,-0.10671936758893286,False,0.0,next_close_fail,2024-12-13,09:45,4.6
002348.SZSE,高乐股份,yin2,2026-04-29,10.59,0.05099150141643061,True,0.034267912772585785,next_close_fail,2026-04-29,11:00,9.96
002350.SZSE,北京科锐,yin2,2026-03-03,13.08,0.01834862385321112,True,-0.019343986543313707,next_close_fail,2026-03-03,11:00,11.66
002353.SZSE,杰瑞股份,yin2,2025-12-03,65.91,0.01183431952662728,True,0.07810413885180223,next_close_fail,2025-12-03,09:45,64.6
002354.SZSE,天娱数科,yin2,2024-12-05,5.62,0.3736654804270463,True,-0.005870841487279899,break_close,2024-12-05,09:45,5.08
002355.SZSE,兴民智通,yin2,2025-05-29,7.61,-0.015768725361366642,True,0.005780346820809301,next_close_fail,2025-05-29,10:00,6.96
002355.SZSE,兴民智通,yin2,2026-02-13,7.47,0.010709504685408211,True,0.0,next_close_fail,2026-02-13,11:15,6.79
002356.SZSE,鹏飞绿能,yin2,2024-11-25,4.03,-0.002481389578163906,False,-0.002732240437158584,next_close_fail,2024-11-25,09:45,3.65
002356.SZSE,鹏飞绿能,yin2,2026-03-13,4.71,-0.027600849256900206,False,0.007009345794392274,next_close_fail,2026-03-13,09:45,4.31
002361.SZSE,神剑股份,yin2,2026-06-10,19.53,-0.10547875064004109,False,0.0,next_close_fail,2026-06-10,14:30,17.75
002364.SZSE,中恒电气,yin2,2025-01-02,11.87,-0.02780117944397642,True,-0.0389249304911955,next_close_fail,2025-01-02,09:45,10.37
002364.SZSE,中恒电气,yin2,2025-01-06,12.69,0.08904649330181247,True,-0.04679376083188902,break_close,2025-01-06,10:00,11.0
002365.SZSE,永安药业,yin2,2025-04-28,13.04,-0.00996932515337412,True,0.012658227848101333,break_close,2025-04-28,09:45,12.0
002365.SZSE,永安药业,yin2,2026-07-27,12.79,0.020328381548084584,True,0.02665520206362837,next_close_fail,2026-07-27,09:45,11.94
002365.SZSE,永安药业,yin2,2026-08-07,14.2,-0.036619718309859106,False,-0.0007745933384972759,next_close_fail,2026-08-07,09:45,12.9
002369.SZSE,卓翼科技,yin2,2025-01-03,6.85,-0.06423357664233564,True,0.020866773675762396,next_close_fail,2025-01-03,13:45,6.36
002370.SZSE,亚太药业,yin2,2025-07-21,5.43,-0.04235727440147319,True,-0.01619433198380571,next_close_fail,2025-07-21,10:30,4.86
002378.SZSE,章源钨业,yin2,2026-02-25,33.55,0.30968703427719824,True,0.03442622950819674,break_close,2026-02-25,10:45,31.55
002383.SZSE,合众思壮,yin2,2024-11-13,10.76,-0.14219330855018586,False,-0.009202453987730008,next_close_fail,2024-11-13,10:00,9.69
002388.SZSE,新亚制程,yin2,2024-10-30,5.54,-0.010830324909747224,True,-0.017857142857142794,break_close,2024-10-30,14:30,4.95
002396.SZSE,星网锐捷,yin2,2026-07-13,30.22,-0.05294506949040367,False,0.009100837277029594,next_close_fail,2026-07-13,09:45,27.72
002400.SZSE,省广集团,yin2,2024-11-13,7.8,-0.02179487179487183,True,0.015514809590973178,next_close_fail,2024-11-13,11:30,7.2
002400.SZSE,省广集团,yin2,2024-11-29,8.56,0.022196261682242868,True,-0.006426735218509005,break_close,2024-11-29,09:45,7.73
002404.SZSE,嘉欣丝绸,yin2,2026-06-17,6.84,-0.09941520467836251,True,0.019292604501607746,next_close_fail,2026-06-17,09:45,6.34
002407.SZSE,多氟多,yin2,2025-09-15,18.81,-0.06592238171185527,False,0.0,next_close_fail,2025-09-15,09:45,17.1
002407.SZSE,多氟多,yin2,2025-10-13,20.82,-0.03218059558117203,True,-0.04543053354463811,next_close_fail,2025-10-13,13:45,18.07
002418.SZSE,康盛股份,yin2,2025-11-03,5.23,0.021032504780114536,True,0.0,next_close_fail,2025-11-03,14:00,4.75
002418.SZSE,康盛股份,yin2,2026-05-06,6.2,0.02741935483870961,True,0.005319148936170359,next_close_fail,2026-05-06,09:45,5.67
002426.SZSE,胜利精密,yin2,2024-11-22,2.81,-0.003558718861210064,False,0.0039215686274509665,break_close,2024-11-22,09:45,2.56
002426.SZSE,胜利精密,yin2,2025-01-03,2.92,0.07876712328767121,True,0.026415094339622858,next_close_fail,2025-01-03,10:30,2.72
002427.SZSE,尤夫股份,yin2,2025-06-26,8.97,-0.04124860646599793,True,-0.008588957055214785,next_close_fail,2025-06-26,10:15,8.08
002428.SZSE,云南锗业,yin2,2026-03-20,43.46,-0.06580763920846755,True,0.09972158947102017,next_close_fail,2026-03-20,09:45,43.45
002428.SZSE,云南锗业,yin2,2026-03-24,44.66,0.0844155844155845,True,0.07635467980295574,next_close_fail,2026-03-24,14:15,43.7
002432.SZSE,九安医疗,yin2,2026-03-27,68.64,0.07196969696969702,True,-0.010897435897435859,break_close,2026-03-27,14:00,61.72
002432.SZSE,九安医疗,yin2,2026-04-22,88.09,-0.022022931093200082,True,-0.007117882117882002,next_close_fail,2026-04-22,15:00,79.51
002432.SZSE,九安医疗,yin2,2026-06-15,66.99,0.058366920435886094,True,0.048932676518883556,next_close_fail,2026-06-15,09:45,63.88
002432.SZSE,九安医疗,yin2,2026-06-18,73.51,-0.008570262549313146,True,-0.0008978003890468544,next_close_fail,2026-06-18,10:30,66.77
002432.SZSE,九安医疗,yin2,2026-07-21,79.75,0.02369905956112861,True,0.03517241379310332,next_close_fail,2026-07-21,10:00,75.05
002432.SZSE,九安医疗,yin2,2026-07-31,68.46,-0.05565293602103405,True,0.053181233933161876,next_close_fail,2026-07-31,10:00,65.55
002437.SZSE,誉衡药业,yin2,2026-08-27,4.55,-0.03956043956043953,False,0.01449275362318847,break_close,2026-08-27,09:45,4.2
002440.SZSE,闰土股份,yin2,2026-02-06,13.21,0.16426949280847847,True,0.011656952539550458,break_close,2026-02-06,10:00,12.15
002446.SZSE,盛路通信,yin2,2026-01-27,12.46,-0.012841091492776902,True,0.0061782877316858276,next_close_fail,2026-01-27,13:15,11.4
002453.SZSE,华软科技,yin2,2026-05-22,6.26,0.01437699680511173,True,0.0017574692442881013,next_close_fail,2026-05-22,10:00,5.7
002459.SZSE,晶澳科技,yin2,2024-10-25,17.9,0.016759776536312998,True,-0.0006146281499691542,next_close_fail,2024-10-25,10:30,16.26
002465.SZSE,海格通信,yin2,2026-01-12,22.0,0.08909090909090911,True,0.04700000000000015,break_close,2026-01-12,10:15,20.94
002471.SZSE,中超控股,yin2,2025-04-14,3.29,0.03039513677811545,True,0.006688963210702115,next_close_fail,2025-04-14,09:45,3.01
002471.SZSE,中超控股,yin2,2026-01-27,8.76,-0.05365296803652975,False,-0.008793969849246297,next_close_fail,2026-01-27,09:45,7.89
002478.SZSE,常宝股份,yin2,2025-11-28,8.09,-0.060568603213844274,False,0.020408163265306145,next_close_fail,2025-11-28,10:30,7.5
002481.SZSE,双塔食品,yin2,2024-12-12,7.45,-0.13959731543624165,False,-0.019202363367799125,next_close_fail,2024-12-12,14:15,6.64
002491.SZSE,通鼎互联,yin2,2026-02-26,10.48,0.01049618320610679,True,0.00734522560335793,next_close_fail,2026-02-26,09:45,9.6
002491.SZSE,通鼎互联,yin2,2026-04-16,15.62,-0.0313700384122918,True,-0.017605633802816878,next_close_fail,2026-04-16,14:45,13.95
002491.SZSE,通鼎互联,yin2,2026-04-20,16.64,0.006610576923076872,True,0.07732980832782554,next_close_fail,2026-04-20,09:45,16.3
002491.SZSE,通鼎互联,yin2,2026-06-24,37.05,0.03913630229419707,True,0.0,next_close_fail,2026-06-24,09:45,33.68
002506.SZSE,协鑫集成,yin2,2024-11-05,3.33,0.01501501501501501,True,-0.03300330033003285,next_close_fail,2024-11-05,10:00,2.93
002513.SZSE,蓝丰生化,yin2,2024-10-31,5.17,0.5338491295938104,True,-0.004255319148936287,break_close,2024-10-31,13:45,4.68
002523.SZSE,天桥起重,yin2,2024-12-09,4.2,0.026190476190476097,True,-0.03141361256544495,break_close,2024-12-09,09:45,3.7
002523.SZSE,天桥起重,yin2,2024-12-13,4.53,0.05518763796909498,True,-0.004854368932038944,next_close_fail,2024-12-13,09:45,4.1
002524.SZSE,光正眼科,yin2,2025-02-20,4.57,0.0,True,0.00240963855421672,next_close_fail,2025-02-20,09:45,4.16
002524.SZSE,光正眼科,yin2,2025-03-10,4.59,-0.03703703703703698,True,0.062350119904076795,next_close_fail,2025-03-10,09:45,4.43
002530.SZSE,金财互联,yin2,2024-11-27,8.93,-0.024636058230682933,True,-0.01231527093596052,next_close_fail,2024-11-27,14:30,8.02
002530.SZSE,金财互联,yin2,2024-12-05,9.96,0.19879518072289137,True,0.004419889502762286,break_close,2024-12-05,10:00,9.09
002530.SZSE,金财互联,yin2,2025-02-12,13.09,-0.04583651642475173,True,-0.015126050420168013,next_close_fail,2025-02-12,11:15,11.72
002536.SZSE,飞龙股份,yin2,2025-01-20,14.18,-0.06205923836389271,False,0.014740108611326574,next_close_fail,2025-01-20,10:30,13.08
002546.SZSE,新联电子,yin2,2025-06-10,6.44,-0.08385093167701863,False,-0.017094017094017033,next_close_fail,2025-06-10,11:30,5.75
002546.SZSE,新联电子,yin2,2026-01-23,9.87,-0.06990881458966558,False,0.014492753623188248,next_close_fail,2026-01-23,10:15,9.1
002549.SZSE,凯美特气,yin2,2025-08-15,16.68,0.027577937649880147,True,0.01649076517150405,next_close_fail,2025-08-15,09:45,15.41
002549.SZSE,凯美特气,yin2,2025-08-28,16.76,-0.04653937947494036,True,0.017060367454068137,next_close_fail,2025-08-28,11:30,15.5
002549.SZSE,凯美特气,yin2,2025-09-03,17.49,-0.07947398513436232,False,-0.007547169811320864,next_close_fail,2025-09-03,11:00,15.78
002551.SZSE,尚荣医疗,yin2,2025-08-15,4.87,0.045174537987679564,True,0.011286681715575675,next_close_fail,2025-08-15,09:45,4.48
002552.SZSE,宝鼎科技,yin2,2025-01-17,17.48,-0.03260869565217395,True,0.0,next_close_fail,2025-01-17,10:30,15.89
002553.SZSE,南方精工,yin2,2025-04-23,20.6,0.004368932038834927,True,0.006406833956219993,next_close_fail,2025-04-23,10:00,18.85
002554.SZSE,惠博普,yin2,2026-01-21,4.04,0.01980198019801982,True,0.0027247956403271267,next_close_fail,2026-01-21,11:15,3.68
002559.SZSE,亚威股份,yin2,2026-07-10,13.16,-0.18085106382978733,False,0.04515050167224066,next_close_fail,2026-07-10,09:45,12.5
002562.SZSE,兄弟科技,yin2,2025-07-09,6.44,-0.05434782608695665,False,-0.005128205128204999,next_close_fail,2025-07-09,15:00,5.82
002562.SZSE,兄弟科技,yin2,2025-07-14,6.26,0.039936102236421744,True,0.0035149384885764245,next_close_fail,2025-07-14,10:00,5.71
002564.SZSE,天沃科技,yin2,2025-04-18,5.25,-0.030476190476190546,True,0.029350104821803003,next_close_fail,2025-04-18,10:30,4.91
002564.SZSE,天沃科技,yin2,2025-04-22,5.6,-0.08214285714285718,True,-0.013752455795677854,next_close_fail,2025-04-22,10:15,5.02
002564.SZSE,天沃科技,yin2,2025-04-24,5.65,-0.06194690265486735,True,0.005836575875486361,next_close_fail,2025-04-24,10:15,5.17
002564.SZSE,天沃科技,yin2,2025-04-28,5.83,0.046312178387650116,True,-0.0037735849056602655,next_close_fail,2025-04-28,10:00,5.28
002564.SZSE,天沃科技,yin2,2025-05-14,6.14,-0.10423452768729635,False,0.053763440860215006,next_close_fail,2025-05-14,09:45,5.88
002565.SZSE,顺灏股份,yin2,2026-04-07,16.72,0.028110047846890085,False,0.03092105263157907,next_close_fail,2026-04-07,09:45,15.67
002570.SZSE,贝因美,yin2,2024-10-11,3.47,-0.05187319884726227,False,0.028571428571428692,next_close_fail,2024-10-11,09:45,3.24
002570.SZSE,贝因美,yin2,2024-10-22,3.74,0.03475935828876997,True,-0.00588235294117645,next_close_fail,2024-10-22,10:45,3.38
002570.SZSE,贝因美,yin2,2024-10-28,4.59,0.23965141612200447,True,0.01918465227817756,break_close,2024-10-28,10:45,4.25
002571.SZSE,德力股份,yin2,2026-01-05,12.94,-0.009273570324574876,True,0.028061224489795977,next_close_fail,2026-01-05,09:45,12.09
002575.SZSE,群兴玩具,yin2,2026-03-23,8.8,-0.022727272727272818,False,-0.016249999999999987,next_close_fail,2026-03-23,11:30,7.87
002575.SZSE,群兴玩具,yin2,2026-04-01,9.2,-0.12717391304347825,False,0.02272727272727293,next_close_fail,2026-04-01,10:00,8.55
002577.SZSE,雷柏科技,yin2,2025-02-11,25.69,-0.011288439081354684,True,0.007280513918629383,next_close_fail,2025-02-11,10:00,23.52
002578.SZSE,闽发铝业,yin2,2025-12-05,4.96,0.012096774193548265,True,-0.0022172949002217113,break_close,2025-12-05,10:00,4.5
002579.SZSE,中京电子,yin2,2026-07-09,18.06,-0.017718715393133966,True,0.029841656516443216,next_close_fail,2026-07-09,09:45,16.91
002579.SZSE,中京电子,yin2,2026-08-20,15.29,-0.028122956180510084,True,0.02877697841726623,next_close_fail,2026-08-20,09:45,14.3
002582.SZSE,好想你,yin2,2025-01-21,9.87,0.003039513677811634,True,0.0033444816053511683,next_close_fail,2025-01-21,14:15,9.0
002583.SZSE,海能达,yin2,2024-12-16,17.88,-0.06599552572706935,True,-0.008615384615384691,next_close_fail,2024-12-16,14:00,16.11
002583.SZSE,海能达,yin2,2024-12-18,18.37,-0.007621121393576513,True,-0.028742514970059863,next_close_fail,2024-12-18,10:00,16.22
002583.SZSE,海能达,yin2,2025-05-08,12.86,-0.004665629860031051,True,-0.0034217279726260763,next_close_fail,2025-05-08,14:15,11.65
002584.SZSE,西陇科学,yin2,2026-07-07,10.3,-0.06990291262135928,False,-0.010683760683760646,next_close_fail,2026-07-07,09:45,9.26
002585.SZSE,双星新材,yin2,2026-07-07,11.37,-0.08970976253298146,True,0.005802707930367523,next_close_fail,2026-07-07,09:45,10.4
002589.SZSE,瑞康医药,yin2,2026-08-12,3.55,0.04507042253521121,True,0.015479876160990669,next_close_fail,2026-08-12,13:15,3.28
002589.SZSE,瑞康医药,yin2,2026-08-20,3.52,-0.09659090909090906,False,0.04062499999999991,next_close_fail,2026-08-20,10:00,3.33
002589.SZSE,瑞康医药,yin2,2026-09-01,3.5,-0.04571428571428571,True,0.0,next_close_fail,2026-09-01,13:45,3.18
002596.SZSE,海南瑞泽,yin2,2024-08-19,1.56,0.025641025641025772,True,0.0,next_close_fail,2024-08-19,10:30,1.42
002596.SZSE,海南瑞泽,yin2,2024-12-11,3.7,0.03243243243243232,True,-0.014880952380952328,next_close_fail,2024-12-11,13:15,3.31
002596.SZSE,海南瑞泽,yin2,2025-12-10,6.52,-0.0030674846625766694,True,0.016863406408094583,next_close_fail,2025-12-10,10:30,6.03
002600.SZSE,领益智造,yin2,2025-08-28,16.26,-0.04428044280442822,True,-0.022327469553450663,next_close_fail,2025-08-28,14:45,14.45
002600.SZSE,领益智造,yin2,2025-09-22,15.43,-0.01555411535968898,False,0.027797576621525266,next_close_fail,2025-09-22,10:00,14.42
002605.SZSE,姚记科技,yin2,2024-11-26,32.78,-0.021354484441732824,False,0.029530201342281792,break_close,2024-11-26,09:45,30.68
002607.SZSE,中公教育,yin2,2024-10-14,2.9,-0.01724137931034475,True,0.007575757575757569,next_close_fail,2024-10-14,14:00,2.66
002607.SZSE,中公教育,yin2,2024-10-31,3.28,0.0060975609756097615,True,0.0,next_close_fail,2024-10-31,10:30,2.98
002607.SZSE,中公教育,yin2,2024-12-16,4.28,-0.032710280373831946,True,0.0,next_close_fail,2024-12-16,11:00,3.89
002611.SZSE,东方精工,yin2,2025-01-14,11.44,0.04020979020979021,True,0.0009615384615384581,next_close_fail,2025-01-14,10:45,10.41
002613.SZSE,北玻股份,yin2,2026-06-30,4.11,-0.07785888077858882,False,0.002673796791443861,next_close_fail,2026-06-30,09:45,3.75
002622.SZSE,皓宸医疗,yin2,2024-10-22,2.06,0.024271844660194164,True,0.0053475935828875,next_close_fail,2024-10-22,10:00,1.88
002622.SZSE,皓宸医疗,yin2,2024-10-24,2.32,0.030172413793103647,True,-0.01421800947867291,next_close_fail,2024-10-24,09:45,2.08
002622.SZSE,皓宸医疗,yin2,2025-03-10,3.2,-0.018750000000000044,True,0.030927835051546282,next_close_fail,2025-03-10,09:45,3.0
002625.SZSE,光启技术,yin2,2024-10-15,30.88,-0.07221502590673579,False,-0.006056287851799125,next_close_fail,2024-10-15,10:00,27.9
002625.SZSE,光启技术,yin2,2024-10-23,40.66,-0.06025577963600581,True,-0.018127705627705715,next_close_fail,2024-10-23,09:45,36.29
002629.SZSE,仁智股份,yin2,2025-01-10,3.96,0.017676767676767735,True,0.0,next_close_fail,2025-01-10,09:45,3.6
002639.SZSE,雪人集团,yin2,2026-01-22,22.79,0.02852128126371234,True,0.013513513513513598,next_close_fail,2026-01-22,13:15,21.0
002640.SZSE,跨境通,yin2,2024-11-27,3.85,0.7714285714285714,True,0.0,break_close,2024-11-27,10:00,3.5
002640.SZSE,跨境通,yin2,2026-05-28,3.87,-0.01808785529715773,True,-0.008522727272727182,next_close_fail,2026-05-28,10:30,3.49
002645.SZSE,华宏科技,yin2,2025-08-15,14.92,0.11796246648793574,True,-0.0036873156342183133,break_close,2025-08-15,09:45,13.51
002651.SZSE,利君股份,yin2,2024-11-08,8.09,0.040791100123609425,True,0.008163265306122547,next_close_fail,2024-11-08,09:45,7.41
002652.SZSE,扬子新材,yin2,2026-05-22,6.55,-0.010687022900763288,False,0.010084033613445342,next_close_fail,2026-05-22,10:15,6.01
002655.SZSE,共达电声,yin2,2025-03-25,15.88,-0.023929471032745675,False,-0.012465373961218829,next_close_fail,2025-03-25,13:45,14.26
002655.SZSE,共达电声,yin2,2025-03-31,16.57,-0.01810500905250456,True,0.017928286852589626,next_close_fail,2025-03-31,10:00,15.33
002657.SZSE,中科金财,yin2,2024-10-31,19.56,-0.025051124744376208,True,0.0056242969628794715,next_close_fail,2024-10-31,13:45,17.88
002657.SZSE,中科金财,yin2,2024-11-13,21.11,0.19753671245855053,True,0.0005211047420530246,break_close,2024-11-13,14:15,19.2
002657.SZSE,中科金财,yin2,2025-08-22,48.51,-0.0470006184291899,False,-0.024943310657596363,next_close_fail,2025-08-22,10:00,43.0
002658.SZSE,雪迪龙,yin2,2024-12-16,7.73,-0.049159120310478754,True,0.009957325746799306,next_close_fail,2024-12-16,09:45,7.1
002663.SZSE,普邦股份,yin2,2026-04-16,2.38,-0.07563025210084018,False,0.0185185185185186,next_close_fail,2026-04-16,09:45,2.2
002664.SZSE,信质集团,yin2,2025-05-15,20.79,0.0418470418470418,True,0.002645502645502784,next_close_fail,2025-05-15,10:30,18.95
002664.SZSE,信质集团,yin2,2025-05-28,22.99,-0.040452370595911225,False,0.005741626794258492,next_close_fail,2025-05-28,10:45,21.02
002666.SZSE,德联集团,yin2,2025-01-23,4.94,-0.03238866396761131,True,0.024498886414253684,next_close_fail,2025-01-23,09:45,4.6
002674.SZSE,兴业科技,yin2,2026-08-14,31.31,-0.03800702650910248,False,0.006324666198172846,next_close_fail,2026-08-14,09:45,28.64
002676.SZSE,顺威股份,yin2,2024-10-25,5.92,0.06587837837837829,True,0.0,break_close,2024-10-25,09:45,5.38
002681.SZSE,奋达科技,yin2,2024-12-09,8.67,0.08881199538638973,True,-0.045685279187817285,break_close,2024-12-09,09:45,7.52
002686.SZSE,亿利达,yin2,2024-09-23,5.24,-0.028625954198473358,True,0.0,next_close_fail,2024-09-23,09:45,4.76
002692.SZSE,远程股份,yin2,2025-01-17,5.03,0.09343936381709739,True,-0.008752735229759279,break_close,2025-01-17,09:45,4.53
002709.SZSE,天赐材料,yin2,2024-10-25,18.72,0.0016025641025640969,True,0.0,next_close_fail,2024-10-25,10:30,17.02
002709.SZSE,天赐材料,yin2,2025-09-15,30.84,-0.0314526588845655,True,0.011055634807418002,next_close_fail,2025-09-15,09:45,28.35
002713.SZSE,东易日盛,yin2,2024-10-24,4.21,0.16389548693586709,True,0.015665796344647598,break_close,2024-10-24,09:45,3.89
002713.SZSE,东易日盛,yin2,2024-12-05,5.52,0.11050724637681175,True,-0.02390438247011939,break_close,2024-12-05,15:00,4.9
002718.SZSE,友邦吊顶,yin2,2025-02-06,18.41,-0.13959804454101032,False,0.022102747909199527,next_close_fail,2025-02-06,09:45,17.11
002721.SZSE,金一文化,yin2,2026-08-26,3.08,-0.029220779220779147,True,-0.010714285714285676,next_close_fail,2026-08-26,10:00,2.77
002721.SZSE,金一文化,yin2,2026-09-01,3.18,-0.037735849056603765,True,0.006920415224913601,next_close_fail,2026-09-01,10:15,2.91
002727.SZSE,一心堂,yin2,2025-06-12,17.75,-0.014084507042253502,True,0.0037174721189590088,next_close_fail,2025-06-12,09:45,16.2
002735.SZSE,王子新材,yin2,2025-04-01,11.44,-0.04283216783216781,True,0.006730769230769207,next_close_fail,2025-04-01,11:00,10.47
002735.SZSE,王子新材,yin2,2026-01-07,21.09,0.00047415836889519447,False,-0.007824726134585402,next_close_fail,2026-01-07,10:00,19.02
002741.SZSE,光华科技,yin2,2026-06-09,28.31,0.00847756976333458,True,0.029526029526029562,next_close_fail,2026-06-09,13:15,26.5
002741.SZSE,光华科技,yin2,2026-06-12,30.39,0.35899967094438945,False,0.01882012305465075,break_close,2026-06-12,11:30,28.15
002743.SZSE,富煌钢构,yin2,2025-01-16,6.01,-0.03161397670549082,True,0.023809523809523725,next_close_fail,2025-01-16,09:45,5.59
002747.SZSE,埃斯顿,yin2,2026-06-18,36.5,0.018904109589040985,True,0.010548523206751037,next_close_fail,2026-06-18,10:15,33.53
002747.SZSE,埃斯顿,yin2,2026-06-30,37.33,0.0902759174926333,True,0.02032999410724834,break_close,2026-06-30,10:30,34.63
002747.SZSE,埃斯顿,yin2,2026-07-03,44.77,0.028143846325664468,True,0.032432432432432545,next_close_fail,2026-07-03,09:45,42.02
002757.SZSE,南兴股份,yin2,2025-02-13,19.79,-0.03890853966649821,False,-0.008337965536409087,next_close_fail,2025-02-13,09:45,17.84
002757.SZSE,南兴股份,yin2,2025-03-26,21.58,-0.054216867469879415,True,-0.004587155963302725,next_close_fail,2025-03-26,14:45,19.53
002769.SZSE,普路通,yin2,2025-01-03,7.59,-0.12384716732542811,False,-0.005797101449275366,next_close_fail,2025-01-03,11:00,6.86
002771.SZSE,真视通,yin2,2026-04-16,18.37,0.008165487207403288,True,0.011976047904191489,next_close_fail,2026-04-16,09:45,16.9
002771.SZSE,真视通,yin2,2026-06-09,16.92,-0.05437352245862892,True,0.020156046814044037,next_close_fail,2026-06-09,10:00,15.69
002772.SZSE,众兴菌业,yin2,2025-09-26,10.14,0.029585798816567976,True,0.0488069414316703,next_close_fail,2025-09-26,13:30,9.67
002775.SZSE,文科股份,yin2,2024-12-31,3.85,-0.012987012987013102,True,0.005714285714285783,next_close_fail,2024-12-31,09:45,3.52
002782.SZSE,可立克,yin2,2026-05-19,27.59,0.02210945994925706,True,-0.0031897926634768536,break_close,2026-05-19,11:15,25.0
002787.SZSE,华源控股,yin2,2026-05-06,21.34,0.07919400187441439,True,0.031443298969072275,next_close_fail,2026-05-06,10:15,20.01
002787.SZSE,华源控股,yin2,2026-05-12,25.55,0.0712328767123287,True,0.02367628067154537,next_close_fail,2026-05-12,09:45,23.78
002792.SZSE,通宇通讯,yin2,2026-08-12,37.11,0.040959310158986906,True,0.01096621221102545,next_close_fail,2026-08-12,11:00,34.11
002796.SZSE,世嘉科技,yin2,2026-01-21,47.97,0.005211590577444136,False,-0.0038981884888786844,next_close_fail,2026-01-21,11:15,43.44
002805.SZSE,丰元股份,yin2,2026-06-30,28.59,0.011542497376705096,True,-0.001154290111581302,next_close_fail,2026-06-30,09:45,25.96
002806.SZSE,华锋股份,yin2,2026-06-04,20.68,-0.0435203094777562,True,-0.009574468085106314,next_close_fail,2026-06-04,09:45,18.62
002806.SZSE,华锋股份,yin2,2026-06-15,18.82,0.10414452709883104,True,0.0005844535359440517,break_close,2026-06-15,09:45,17.12
002811.SZSE,郑中设计,yin2,2025-01-15,10.71,-0.06442577030812335,True,-0.024640657084188944,next_close_fail,2025-01-15,10:30,9.5
002811.SZSE,郑中设计,yin2,2025-02-12,10.73,0.03727865796831309,True,0.006153846153846176,next_close_fail,2025-02-12,09:45,9.81
002812.SZSE,恩捷股份,yin2,2024-10-25,36.23,-0.0035881865857023687,False,0.0018214936247724633,next_close_fail,2024-10-25,13:15,33.0
002824.SZSE,和胜股份,yin2,2026-04-15,29.62,-0.028359216745442284,True,0.010768659487560228,next_close_fail,2026-04-15,10:15,27.22
002824.SZSE,和胜股份,yin2,2026-05-07,27.73,-0.019112874143526914,True,0.002776675922253169,next_close_fail,2026-05-07,13:15,25.28
002826.SZSE,易明医药,yin2,2025-08-11,22.81,0.008329679964927728,True,0.00048216007714563247,next_close_fail,2025-08-11,13:30,20.75
002826.SZSE,易明医药,yin2,2025-08-14,24.54,-0.048492257538712225,False,0.008964589870013473,next_close_fail,2025-08-14,13:15,22.51
002827.SZSE,高争民爆,yin2,2024-09-06,26.4,-0.04621212121212115,False,0.004166666666666652,next_close_fail,2024-09-06,10:45,24.1
002829.SZSE,星网宇达,yin2,2024-08-27,21.08,-0.14326375711574957,False,-0.007306889352818424,next_close_fail,2024-08-27,10:15,19.02
002830.SZSE,名雕股份,yin2,2026-06-30,17.29,0.044534412955465674,True,-0.0031806615776082126,next_close_fail,2026-06-30,10:45,15.67
002835.SZSE,同为股份,yin2,2024-12-18,20.28,0.009368836291913096,True,-0.004338394793926392,next_close_fail,2024-12-18,13:15,18.36
002837.SZSE,英维克,yin2,2025-08-06,45.1,-0.06496674057649665,False,0.007560975609756104,next_close_fail,2025-08-06,10:00,41.31
002838.SZSE,道恩股份,yin2,2025-03-14,15.25,-0.004590163934426239,True,-0.008658008658008587,next_close_fail,2025-03-14,10:30,13.74
002838.SZSE,道恩股份,yin2,2025-03-19,16.56,0.019927536231884257,True,-0.0013289036544851252,next_close_fail,2025-03-19,09:45,15.03
002842.SZSE,翔鹭钨业,yin2,2026-03-27,33.13,0.020223362511318843,True,-0.010956175298804882,next_close_fail,2026-03-27,11:00,29.79
002842.SZSE,翔鹭钨业,yin2,2026-05-13,39.91,-0.04434978702079673,True,-0.007166482910694549,next_close_fail,2026-05-13,10:00,36.02
002842.SZSE,翔鹭钨业,yin2,2026-06-25,51.41,0.014588601439408766,True,-0.0008557980316644676,next_close_fail,2026-06-25,10:15,46.7
002842.SZSE,翔鹭钨业,yin2,2026-07-02,50.17,-0.10005979669124976,True,-0.030914273185704833,next_close_fail,2026-07-02,10:30,44.2
002846.SZSE,英联股份,yin2,2025-09-09,22.23,0.018893387314439902,True,-0.04255319148936165,next_close_fail,2025-09-09,14:00,19.35
002848.SZSE,高斯贝尔,yin2,2024-11-29,10.87,-0.0009199632014719183,True,0.002024291497975561,break_close,2024-11-29,10:15,9.9
002850.SZSE,科达利,yin2,2024-10-18,97.33,-0.010479810952429891,False,-0.0016952983725135873,next_close_fail,2024-10-18,14:30,88.33
002851.SZSE,麦格米特,yin2,2024-12-26,62.92,-0.034965034965035,True,0.005419580419580239,next_close_fail,2024-12-26,11:15,57.51
002851.SZSE,麦格米特,yin2,2025-01-07,65.16,0.07519950890116656,True,0.012491559756920845,next_close_fail,2025-01-07,10:00,59.98
002851.SZSE,麦格米特,yin2,2026-07-09,159.59,0.013785324895043471,True,0.033774469258340156,next_close_fail,2026-07-09,14:00,149.98
002853.SZSE,皮阿诺,yin2,2025-01-23,11.42,0.017513134851138368,False,0.02215799614643532,next_close_fail,2025-01-23,09:45,10.61
002861.SZSE,瀛通通讯,yin2,2024-08-28,10.75,0.023255813953488413,True,0.0,next_close_fail,2024-08-28,09:45,9.77
002865.SZSE,钧达股份,yin2,2026-01-06,57.97,0.07469380714162499,True,0.013092979127134585,next_close_fail,2026-01-06,13:30,53.39
002865.SZSE,钧达股份,yin2,2026-01-29,108.57,-0.07138251819102881,False,-0.017933130699088085,next_close_fail,2026-01-29,10:30,96.93
002865.SZSE,钧达股份,yin2,2026-02-03,110.22,0.036926147704590795,True,0.07355289421157685,next_close_fail,2026-02-03,09:45,107.57
002865.SZSE,钧达股份,yin2,2026-02-27,92.94,-0.02840542285345382,True,0.03704580423718795,next_close_fail,2026-02-27,09:45,87.62
002869.SZSE,金溢科技,yin2,2024-10-29,32.23,0.06825938566552914,True,0.0,next_close_fail,2024-10-29,10:30,29.3
002871.SZSE,伟隆股份,yin2,2025-08-22,18.43,-0.0021703743895821193,True,0.014925373134328401,next_close_fail,2025-08-22,13:15,17.0
002871.SZSE,伟隆股份,yin2,2025-09-03,18.39,-0.05927134312126159,True,0.0245215311004785,next_close_fail,2025-09-03,10:00,17.13
002875.SZSE,安奈儿,yin2,2024-10-17,19.39,-0.06188757091284158,False,0.024390243902439046,next_close_fail,2024-10-17,10:00,18.06
002877.SZSE,智能自控,yin2,2024-12-09,10.41,0.007684918347742542,True,-0.0010570824524314126,next_close_fail,2024-12-09,10:30,9.45
002878.SZSE,元隆雅图,yin2,2025-01-07,15.27,0.043222003929273,True,0.030259365994236287,next_close_fail,2025-01-07,11:15,14.3
002878.SZSE,元隆雅图,yin2,2025-06-05,18.56,-0.05980603448275856,True,0.008298755186721962,next_close_fail,2025-06-05,09:45,17.01
002878.SZSE,元隆雅图,yin2,2025-06-09,19.2,-0.024479166666666607,True,0.03209169054441263,next_close_fail,2025-06-09,09:45,18.01
002878.SZSE,元隆雅图,yin2,2025-06-11,20.6,0.2203883495145631,True,0.04484783769353973,break_close,2025-06-11,13:45,19.57
002882.SZSE,金龙羽,yin2,2025-05-23,23.34,0.018423307626392438,True,-0.018378887841658864,next_close_fail,2025-05-23,14:45,20.83
002885.SZSE,京泉华,yin2,2025-10-21,26.37,-0.08191126279863481,False,0.005840634125990896,next_close_fail,2025-10-21,10:30,24.11
002885.SZSE,京泉华,yin2,2025-10-31,26.97,0.2591768631813127,False,-0.0036704730831973453,break_close,2025-10-31,09:45,24.43
002900.SZSE,哈三联,yin2,2025-05-21,15.21,-0.020381328073635796,True,-0.028922631959508394,next_close_fail,2025-05-21,10:15,13.43
002900.SZSE,哈三联,yin2,2025-06-27,14.45,-0.01384083044982698,True,-0.0007610350076103778,next_close_fail,2025-06-27,13:15,13.13
002900.SZSE,哈三联,yin2,2026-07-27,12.54,0.03508771929824572,True,-0.04561403508771922,next_close_fail,2026-07-27,09:45,10.88
002900.SZSE,哈三联,yin2,2026-08-04,12.4,0.025000000000000133,True,0.012422360248447228,next_close_fail,2026-08-04,09:45,11.41
002900.SZSE,哈三联,yin2,2026-08-07,13.48,0.08160237388724023,True,0.0008163265306122547,break_close,2026-08-07,10:00,12.26
002900.SZSE,哈三联,yin2,2026-08-17,15.31,-0.07184846505551923,False,-0.006465517241379337,next_close_fail,2026-08-17,13:15,13.83
002900.SZSE,哈三联,yin2,2026-08-19,15.63,-0.021113243761996192,True,0.006333567909922566,next_close_fail,2026-08-19,09:45,14.3
002902.SZSE,铭普光磁,yin2,2026-04-13,30.88,-0.019106217616580268,True,-0.020306376914855706,next_close_fail,2026-04-13,13:45,27.5
002902.SZSE,铭普光磁,yin2,2026-05-13,40.9,-0.04352078239608803,False,-0.008068854222700317,next_close_fail,2026-05-13,13:45,36.88
002902.SZSE,铭普光磁,yin2,2026-05-15,43.03,-0.0990006971880083,False,-0.011758691206543936,next_close_fail,2026-05-15,09:45,38.66
002903.SZSE,宇环数控,yin2,2026-03-13,31.03,-0.02223654527876251,True,-0.02871322226160944,next_close_fail,2026-03-13,11:15,27.4
002903.SZSE,宇环数控,yin2,2026-05-12,50.11,-0.030931949710636508,False,0.008122941822173546,next_close_fail,2026-05-12,11:00,45.92
002903.SZSE,宇环数控,yin2,2026-06-02,43.29,0.018711018711018657,True,-0.003811944091486663,next_close_fail,2026-06-02,13:15,39.2
002913.SZSE,奥士康,yin2,2026-03-18,50.92,-0.03024351924587587,True,0.018362497299632796,next_close_fail,2026-03-18,10:30,47.14
002918.SZSE,蒙娜丽莎,yin2,2025-01-02,11.62,-0.018072289156626398,True,-0.017045454545454475,next_close_fail,2025-01-02,09:45,10.38
002919.SZSE,名臣健康,yin2,2024-09-05,12.45,-0.016064257028112428,True,-0.0035335689045937757,next_close_fail,2024-09-05,11:00,11.28
002923.SZSE,润都股份,yin2,2025-04-23,13.62,-0.05506607929515417,False,0.011308562197092087,next_close_fail,2025-04-23,09:45,12.52
002925.SZSE,盈趣科技,yin2,2025-09-29,20.74,-0.03134040501446478,True,0.08381962864721482,next_close_fail,2025-09-29,09:45,20.43
002926.SZSE,华西证券,yin2,2024-10-16,8.68,-0.06336405529953903,True,-0.011406844106463865,next_close_fail,2024-10-16,10:00,7.8
002929.SZSE,润建股份,yin2,2026-05-15,95.59,0.004184538131603688,False,0.014269275028768735,next_close_fail,2026-05-15,10:15,88.14
002929.SZSE,润建股份,yin2,2026-07-10,64.68,-0.08039579468150915,False,-0.011564625850340127,next_close_fail,2026-07-10,10:00,58.12
002938.SZSE,鹏鼎控股,yin2,2026-06-02,113.67,-0.0472420163631565,False,-0.003290110315463557,next_close_fail,2026-06-02,11:00,103.0
002940.SZSE,昂利康,yin2,2025-07-31,57.2,0.13111888111888104,True,0.010384615384615437,break_close,2025-07-31,11:30,52.54
002940.SZSE,昂利康,yin2,2025-08-25,55.62,-0.04926285508809769,True,-0.0011867088607595555,next_close_fail,2025-08-25,10:15,50.5
002940.SZSE,昂利康,yin2,2026-05-11,35.18,-0.058555997725980746,False,-0.001250781738586615,next_close_fail,2026-05-11,11:30,31.94
002940.SZSE,昂利康,yin2,2026-05-13,36.43,0.18665934669228657,True,0.021135265700483075,break_close,2026-05-13,11:00,33.82
002940.SZSE,昂利康,yin2,2026-05-21,45.65,-0.09989047097480819,True,-0.017831325301204903,next_close_fail,2026-05-21,09:45,40.76
002943.SZSE,宇晶股份,yin2,2026-01-27,77.0,0.004545454545454408,True,-0.024142857142857133,next_close_fail,2026-01-27,13:15,68.31
002943.SZSE,宇晶股份,yin2,2026-02-03,81.11,0.05054863765257056,True,0.02766476810414975,next_close_fail,2026-02-03,09:45,75.78
002949.SZSE,华阳国际,yin2,2024-12-20,21.33,-0.09985935302390991,True,0.016503352243424363,next_close_fail,2024-12-20,09:45,19.71
002949.SZSE,华阳国际,yin2,2024-12-30,18.77,-0.0506126798082045,True,-0.015240328253223745,next_close_fail,2024-12-30,14:00,16.8
002949.SZSE,华阳国际,yin2,2026-08-28,14.08,-0.035511363636363646,True,-0.017968749999999978,next_close_fail,2026-08-28,10:30,12.57
002949.SZSE,华阳国际,yin2,2026-09-04,14.07,,True,-0.007818608287724738,open_end,2026-09-04,13:15,12.69
002951.SZSE,金时科技,yin2,2025-08-21,19.0,-0.02894736842105272,True,0.02547770700636942,next_close_fail,2025-08-21,09:45,17.71
002951.SZSE,金时科技,yin2,2026-07-27,12.31,0.04305442729488207,True,0.0,next_close_fail,2026-07-27,10:00,11.19
002953.SZSE,日丰股份,yin2,2025-08-29,16.1,-0.04534161490683242,True,-0.005464480874316946,next_close_fail,2025-08-29,14:45,14.56
002953.SZSE,日丰股份,yin2,2026-08-25,11.55,-0.06493506493506496,False,-0.003809523809523707,next_close_fail,2026-08-25,10:30,10.46
002957.SZSE,科瑞技术,yin2,2026-04-17,45.97,0.04328910158799215,True,0.028954295285953613,next_close_fail,2026-04-17,10:00,43.0
002957.SZSE,科瑞技术,yin2,2026-06-02,66.69,-0.008696956065377126,True,-0.004123371268349052,next_close_fail,2026-06-02,09:45,60.38
002961.SZSE,瑞达期货,yin2,2025-12-24,29.21,-0.007189318726463556,True,-0.004519774011299438,next_close_fail,2025-12-24,13:15,26.43
002971.SZSE,和远气体,yin2,2026-05-27,35.09,-0.036192647477914064,True,-0.00031347962382444194,next_close_fail,2026-05-27,10:45,31.89
002975.SZSE,博杰股份,yin2,2026-05-06,121.42,0.024542908911217243,False,0.041855408588512555,next_close_fail,2026-05-06,10:00,115.0
002975.SZSE,博杰股份,yin2,2026-05-28,134.28,0.0746201966041109,True,-0.005652494470385849,next_close_fail,2026-05-28,13:45,121.38
002975.SZSE,博杰股份,yin2,2026-06-02,148.58,-0.0039036209449455628,True,0.009698674761234871,next_close_fail,2026-06-02,09:45,136.38
002975.SZSE,博杰股份,yin2,2026-06-15,133.51,0.025166654183207404,True,0.02158688308478207,next_close_fail,2026-06-15,13:15,123.99
002980.SZSE,华盛昌,yin2,2026-04-13,58.31,0.20974103927285204,True,0.00037728730428221446,break_close,2026-04-13,09:45,53.03
002980.SZSE,华盛昌,yin2,2026-04-17,73.12,0.06673960612691454,True,-0.0010531066646606302,next_close_fail,2026-04-17,10:30,66.4
002980.SZSE,华盛昌,yin2,2026-04-24,83.49,-0.031021679243023015,False,0.03280632411067197,next_close_fail,2026-04-24,09:45,78.39
002980.SZSE,华盛昌,yin2,2026-05-07,83.4,0.008872901678657064,True,0.006594566077552155,next_close_fail,2026-05-07,11:30,76.32
002980.SZSE,华盛昌,yin2,2026-06-02,112.12,0.09159828754905464,True,-0.009123908564701355,next_close_fail,2026-06-02,11:15,101.0
002980.SZSE,华盛昌,yin2,2026-08-27,102.05,-0.011366976972072451,True,0.021882073946318803,next_close_fail,2026-08-27,10:00,94.8
002981.SZSE,朝阳科技,yin2,2024-11-15,25.76,-0.08695652173913049,False,0.0,next_close_fail,2024-11-15,10:15,23.42
002981.SZSE,朝阳科技,yin2,2024-11-19,25.87,0.04252029377657518,True,-0.005102040816326592,next_close_fail,2024-11-19,09:45,23.4
002987.SZSE,京北方,yin2,2024-10-11,16.2,0.02777777777777768,True,-0.035302104548540325,next_close_fail,2024-10-11,10:30,14.21
002987.SZSE,京北方,yin2,2025-07-09,27.7,-0.10397111913357393,False,0.000794281175536149,next_close_fail,2025-07-09,10:45,25.2
002989.SZSE,中天精装,yin2,2024-10-10,22.61,-0.03317116320212299,True,0.02676399026763998,next_close_fail,2024-10-10,10:15,21.1
002989.SZSE,中天精装,yin2,2026-05-13,34.77,-0.07046304285303429,False,-0.008225245175577323,next_close_fail,2026-05-13,10:45,31.35
002990.SZSE,盛视科技,yin2,2026-06-18,59.22,-0.0033772374197905686,False,0.021916790490341675,next_close_fail,2026-06-18,10:00,55.02
002990.SZSE,盛视科技,yin2,2026-06-30,81.62,-0.040676304827248266,False,0.01226415094339628,next_close_fail,2026-06-30,11:30,75.11
002995.SZSE,天地在线,yin2,2026-01-29,31.37,0.12049729040484536,True,0.05259467040673216,break_close,2026-01-29,09:45,30.02
003003.SZSE,天元股份,yin2,2025-07-16,13.61,-0.033798677443056535,True,0.0,next_close_fail,2025-07-16,09:45,12.37
003009.SZSE,中天火箭,yin2,2026-06-12,60.62,0.05163312438139234,True,0.00816548720740351,next_close_fail,2026-06-12,09:45,55.56
003009.SZSE,中天火箭,yin2,2026-06-30,59.96,0.04019346230820542,True,0.018161805173362744,next_close_fail,2026-06-30,09:45,55.5
003017.SZSE,大洋生物,yin2,2025-06-20,29.7,-0.08383838383838382,False,-0.021481481481481435,next_close_fail,2025-06-20,10:00,26.42
003018.SZSE,金富科技,yin2,2026-08-21,43.02,-0.028358902835890376,True,-0.008182050626438286,next_close_fail,2026-08-21,10:00,38.79
003018.SZSE,金富科技,yin2,2026-08-25,45.98,-0.041539799913005604,True,-0.019138755980861122,next_close_fail,2026-08-25,13:15,41.0
003018.SZSE,金富科技,yin2,2026-08-31,49.38,0.024908869987849247,True,-0.01715304076631774,next_close_fail,2026-08-31,09:45,44.12
003021.SZSE,兆威机电,yin2,2024-11-22,72.93,0.026052378993555392,False,-0.004524886877828038,next_close_fail,2024-11-22,10:30,66.0
003021.SZSE,兆威机电,yin2,2025-02-05,102.58,0.08919867420549821,False,0.031206434316353837,break_close,2025-02-05,11:15,96.16
003026.SZSE,中晶科技,yin2,2024-10-18,39.11,0.012784454103809795,False,-0.008157524613220835,next_close_fail,2024-10-18,14:45,35.26
003029.SZSE,吉大正元,yin2,2025-06-23,26.16,0.22935779816513757,True,0.02228763666946998,break_close,2025-06-23,09:45,24.31
003031.SZSE,中瓷电子,yin2,2026-08-21,142.04,-0.05237961137707692,True,-0.007279485789514428,next_close_fail,2026-08-21,13:15,128.19
003036.SZSE,泰坦股份,yin2,2025-09-24,18.19,-0.030236393622869784,True,0.002418379685610539,next_close_fail,2025-09-24,14:45,16.58
003037.SZSE,三和管桩,yin2,2025-07-21,9.59,0.09071949947862357,True,0.05504587155963292,break_close,2025-07-21,09:45,9.2
003038.SZSE,鑫铂股份,yin2,2024-12-10,19.94,-0.008024072216649913,True,0.01930501930501949,next_close_fail,2024-12-10,14:30,18.48
003039.SZSE,顺控发展,yin2,2026-01-20,18.73,-0.048051254671649835,True,-0.0017615971814445297,next_close_fail,2026-01-20,09:45,17.0
003040.SZSE,楚天龙,yin2,2024-11-26,15.38,-0.10468140442132645,False,-0.005722460658083017,next_close_fail,2024-11-26,09:45,13.9
003040.SZSE,楚天龙,yin2,2025-08-08,26.21,0.016787485692483672,True,-0.0054553084347460645,next_close_fail,2025-08-08,14:15,23.7
003041.SZSE,真爱美家,yin2,2024-12-04,25.67,0.012465913517724747,True,-0.06083976006855174,break_close,2024-12-04,10:15,21.92
003041.SZSE,真爱美家,yin2,2026-06-01,57.38,-0.034506796793307815,True,0.017829754601227155,next_close_fail,2026-06-01,10:45,53.09
003042.SZSE,中农联合,yin2,2026-04-07,18.26,-0.016429353778751432,True,0.013253012048192625,next_close_fail,2026-04-07,10:45,16.82
003043.SZSE,华亚智能,yin2,2026-07-24,71.6,-0.014106145251396529,False,-0.014902442771547064,next_close_fail,2026-07-24,13:15,64.12
600021.SSE,上海电力,yin2,2025-08-27,14.93,-0.014065639651707929,False,0.009579955784819294,next_close_fail,2025-08-27,09:45,13.7
600026.SSE,中远海能,yin2,2026-03-18,25.54,-0.07086922474549717,False,-0.004737295434969813,next_close_fail,2026-03-18,10:00,23.11
600052.SSE,东望时代,yin2,2026-04-30,4.44,0.015765765765765716,True,0.004950495049504955,next_close_fail,2026-04-30,09:45,4.06
600076.SSE,康欣新材,yin2,2026-07-07,3.66,-0.13661202185792354,False,0.006006006006006093,next_close_fail,2026-07-07,10:00,3.35
600078.SSE,澄星股份,yin2,2026-06-03,13.08,0.0695718654434252,True,0.010092514718250456,next_close_fail,2026-06-03,11:15,12.01
600081.SSE,东风科技,yin2,2025-02-13,13.97,-0.019327129563350143,True,0.0,next_close_fail,2025-02-13,13:45,12.7
600095.SSE,湘财股份,yin2,2026-09-04,10.41,,False,0.0,open_end,2026-09-04,10:15,9.46
600105.SSE,永鼎股份,yin2,2025-10-13,16.29,-0.07427869858809077,True,-0.055367994598244485,next_close_fail,2025-10-13,14:00,13.99
600105.SSE,永鼎股份,yin2,2025-12-05,17.12,0.05957943925233633,True,0.012210796915167021,next_close_fail,2025-12-05,10:30,15.75
600105.SSE,永鼎股份,yin2,2025-12-17,20.8,-0.034615384615384714,False,0.014806980433633044,next_close_fail,2025-12-17,14:15,19.19
600120.SSE,浙江东方,yin2,2024-12-02,5.86,-0.07679180887372017,False,-0.02814258911819889,next_close_fail,2024-12-02,10:00,5.18
600120.SSE,浙江东方,yin2,2024-12-11,5.62,-0.01067615658362997,False,0.03326810176125239,next_close_fail,2024-12-11,09:45,5.28
600121.SSE,郑州煤电,yin2,2026-03-20,5.32,0.020676691729323293,False,-0.018595041322314043,next_close_fail,2026-03-20,10:00,4.75
600121.SSE,郑州煤电,yin2,2026-09-03,5.83,-0.12178387650085765,False,0.00943396226415083,next_close_fail,2026-09-03,10:15,5.35
600151.SSE,航天机电,yin2,2026-01-12,22.79,-0.10004387889425181,True,0.02316602316602312,next_close_fail,2026-01-12,10:00,21.2
600152.SSE,维科技术,yin2,2025-07-07,7.28,-0.03434065934065933,True,0.01812688821752273,next_close_fail,2025-07-07,09:45,6.74
600152.SSE,维科技术,yin2,2025-07-16,7.17,-0.07112970711297073,False,0.042944785276073594,next_close_fail,2025-07-16,09:45,6.8
600152.SSE,维科技术,yin2,2026-04-24,12.96,0.11882716049382713,True,0.000848896434634927,break_close,2026-04-24,09:45,11.79
600156.SSE,华升股份,yin2,2024-09-04,3.7,0.013513513513513375,True,-0.008928571428571397,next_close_fail,2024-09-04,09:45,3.33
600156.SSE,华升股份,yin2,2024-09-09,3.8,-0.0052631578947368585,True,-0.008695652173913104,next_close_fail,2024-09-09,10:30,3.42
600156.SSE,华升股份,yin2,2025-08-28,9.56,0.04184100418410042,True,0.016110471806674465,next_close_fail,2025-08-28,09:45,8.83
600157.SSE,永泰能源,yin2,2024-11-18,1.71,-0.01754385964912286,True,0.02580645161290329,next_close_fail,2024-11-18,09:45,1.59
600162.SSE,香江控股,yin2,2026-08-25,4.47,-0.008948545861297563,False,-0.009852216748768461,next_close_fail,2026-08-25,13:15,4.02
600165.SSE,宁科生物,yin2,2026-08-20,3.36,-0.014880952380952328,False,-0.026229508196721207,next_close_fail,2026-08-20,10:30,2.97
600171.SSE,上海贝岭,yin2,2024-10-18,30.82,0.14892926670992845,True,-0.005710206995003575,break_close,2024-10-18,10:00,27.86
600172.SSE,黄河旋风,yin2,2024-10-30,3.84,-0.01041666666666663,True,0.0,break_close,2024-10-30,10:45,3.49
600172.SSE,黄河旋风,yin2,2024-11-27,3.42,0.03508771929824572,True,-0.003215434083601254,next_close_fail,2024-11-27,10:30,3.1
600172.SSE,黄河旋风,yin2,2026-07-06,18.55,-0.010242587601078212,True,0.008303677342823335,next_close_fail,2026-07-06,10:00,17.0
600178.SSE,东安动力,yin2,2026-06-22,9.98,-0.038076152304609256,True,0.009922822491730932,next_close_fail,2026-06-22,10:15,9.16
600186.SSE,莲花控股,yin2,2025-02-05,5.53,0.22603978300180838,False,0.011928429423459175,break_close,2025-02-05,10:00,5.09
600186.SSE,莲花控股,yin2,2025-03-05,7.44,-0.028225806451612878,False,0.016272189349112454,next_close_fail,2025-03-05,10:00,6.87
600191.SSE,华资实业,yin2,2025-01-23,8.11,-0.07028360049321813,False,0.008141112618724522,next_close_fail,2025-01-23,09:45,7.43
600191.SSE,华资实业,yin2,2025-01-27,8.29,-0.026537997587454676,True,0.0,next_close_fail,2025-01-27,09:45,7.54
600192.SSE,长城电工,yin2,2026-07-10,6.66,-0.06906906906906907,True,0.013223140495867813,next_close_fail,2026-07-10,13:30,6.13
600203.SSE,福日电子,yin2,2024-10-14,7.92,0.2992424242424241,True,0.001388888888888884,break_close,2024-10-14,10:15,7.21
600215.SSE,派斯林,yin2,2026-01-29,7.96,-0.023869346733668362,True,0.008287292817679592,next_close_fail,2026-01-29,10:00,7.3
600228.SSE,返利科技,yin2,2024-12-12,8.73,-0.0458190148911799,False,0.016372795969773257,next_close_fail,2024-12-12,13:45,8.07
600228.SSE,返利科技,yin2,2026-08-04,7.83,-0.012771392081736832,True,0.011235955056179803,next_close_fail,2026-08-04,10:15,7.2
600234.SSE,科新发展,yin2,2026-05-22,25.98,0.13394919168591235,True,0.01608806096528359,break_close,2026-05-22,10:15,24.0
600236.SSE,桂冠电力,yin2,2026-07-22,12.38,-0.08239095315024247,False,-0.039111111111111097,next_close_fail,2026-07-22,15:00,10.81
600236.SSE,桂冠电力,yin2,2026-07-29,10.92,-0.020146520146520186,True,0.001007049345417954,next_close_fail,2026-07-29,10:15,9.94
600246.SSE,万通发展,yin2,2025-12-01,14.21,-0.02885292047853627,False,0.037151702786377694,next_close_fail,2025-12-01,11:30,13.4
600246.SSE,万通发展,yin2,2025-12-08,14.06,-0.046230440967283126,False,0.017214397496087663,next_close_fail,2025-12-08,09:45,13.0
600246.SSE,万通发展,yin2,2026-07-16,19.78,-0.11375126390293222,False,-0.013348164627363879,next_close_fail,2026-07-16,09:45,17.74
600249.SSE,两面针,yin2,2024-11-28,6.06,0.018151815181518316,True,-0.00907441016333932,next_close_fail,2024-11-28,09:45,5.46
600250.SSE,南京商旅,yin2,2025-06-26,11.74,0.04599659284497437,True,0.004686035613870709,next_close_fail,2025-06-26,14:15,10.72
600250.SSE,南京商旅,yin2,2025-07-02,12.85,0.025680933852139987,True,0.0059931506849315586,next_close_fail,2025-07-02,10:15,11.75
600250.SSE,南京商旅,yin2,2025-07-10,13.68,0.04312865497076013,True,0.000803858520900258,next_close_fail,2025-07-10,11:15,12.45
600250.SSE,南京商旅,yin2,2025-12-11,13.06,-0.04287901990811638,True,-0.004212299915753892,next_close_fail,2025-12-11,11:30,11.82
600252.SSE,中恒集团,yin2,2024-11-05,3.0,-0.013333333333333308,True,-0.01098901098901095,next_close_fail,2024-11-05,14:15,2.7
600268.SSE,国电南自,yin2,2025-08-08,10.15,0.012807881773398977,True,-0.0021668472372696757,next_close_fail,2025-08-08,14:30,9.21
600271.SSE,航天信息,yin2,2026-01-08,12.56,0.023885350318471277,True,0.011383537653240072,next_close_fail,2026-01-08,11:15,11.55
600279.SSE,重庆港,yin2,2024-11-14,5.58,0.04659498207885293,True,-0.0039447731755425375,next_close_fail,2024-11-14,10:00,5.05
600280.SSE,中央商场,yin2,2025-12-18,4.68,0.08974358974358965,True,0.018823529411764683,next_close_fail,2025-12-18,09:45,4.33
600281.SSE,华阳新材,yin2,2025-05-12,4.74,-0.029535864978903037,True,0.0278422273781902,next_close_fail,2025-05-12,09:45,4.43
600281.SSE,华阳新材,yin2,2025-05-16,5.05,0.16831683168316847,True,-0.017429193899782147,break_close,2025-05-16,10:15,4.51
600288.SSE,大恒科技,yin2,2025-08-06,13.26,0.03016591251885381,True,-0.004149377593361092,next_close_fail,2025-08-06,10:45,12.0
600292.SSE,电投水电,yin2,2024-12-18,15.4,-0.08376623376623382,False,0.03214285714285703,next_close_fail,2024-12-18,09:45,14.45
600293.SSE,三峡新材,yin2,2026-06-15,3.75,0.010666666666666602,True,0.0029325513196480912,next_close_fail,2026-06-15,09:45,3.42
600303.SSE,曙光股份,yin2,2026-06-05,3.47,-0.014409221902017322,True,-0.006349206349206327,next_close_fail,2026-06-05,13:15,3.13
600308.SSE,华泰股份,yin2,2025-04-24,4.24,-0.143867924528302,False,-0.010389610389610393,next_close_fail,2025-04-24,10:15,3.81
600313.SSE,农发种业,yin2,2026-09-01,7.9,-0.09746835443037982,True,-0.01671309192200554,next_close_fail,2026-09-01,09:45,7.06
600318.SSE,新力金融,yin2,2024-10-18,8.35,0.014371257485030098,True,-0.03952569169960474,next_close_fail,2024-10-18,10:15,7.29
600318.SSE,新力金融,yin2,2024-10-31,8.89,0.011248593925759165,False,-0.012376237623762387,next_close_fail,2024-10-31,13:15,7.98
600318.SSE,新力金融,yin2,2024-11-07,12.2,-0.09999999999999987,True,-0.05139765554553655,next_close_fail,2024-11-07,11:00,10.52
600330.SSE,天通股份,yin2,2025-12-19,11.8,0.016949152542372836,True,0.006523765144454741,next_close_fail,2025-12-19,11:00,10.8
600330.SSE,天通股份,yin2,2025-12-24,13.04,-0.04141104294478526,True,0.03122362869198314,next_close_fail,2025-12-24,10:45,12.22
600330.SSE,天通股份,yin2,2025-12-26,13.75,-0.04218181818181821,True,-0.0015999999999999348,next_close_fail,2025-12-26,11:00,12.48
600330.SSE,天通股份,yin2,2026-01-07,13.9,0.0208633093525179,False,0.0007911392405062223,next_close_fail,2026-01-07,14:15,12.65
600330.SSE,天通股份,yin2,2026-02-09,17.05,0.007624633431084993,True,0.06774193548387109,next_close_fail,2026-02-09,10:45,16.55
600330.SSE,天通股份,yin2,2026-03-10,17.22,0.060975609756097615,True,0.030031948881789283,next_close_fail,2026-03-10,10:15,16.12
600333.SSE,长春燃气,yin2,2024-11-22,6.22,0.07073954983922826,True,0.005309734513274211,break_close,2024-11-22,09:45,5.68
600345.SSE,长江通信,yin2,2024-11-13,24.49,-0.03552470396080021,True,-0.008984725965858198,next_close_fail,2024-11-13,09:45,22.06
600345.SSE,长江通信,yin2,2025-12-31,34.66,0.035776110790536775,True,0.012377023167248424,next_close_fail,2025-12-31,09:45,31.9
600358.SSE,国旅联合,yin2,2024-08-26,2.95,-0.06101694915254241,True,0.0,next_close_fail,2024-08-26,10:00,2.68
600362.SSE,江西铜业,yin2,2025-10-29,43.11,0.005567153792623625,False,0.011737688185761597,next_close_fail,2025-10-29,14:45,39.65
600366.SSE,宁波韵升,yin2,2025-08-13,15.74,0.03875476493011454,True,-0.007686932215234199,next_close_fail,2025-08-13,14:00,14.2
600376.SSE,首开股份,yin2,2025-03-03,2.89,-0.02422145328719738,True,0.011406844106463865,next_close_fail,2025-03-03,09:45,2.66
600378.SSE,昊华科技,yin2,2026-06-29,68.53,0.18196410331241797,True,-0.0040128410914928025,break_close,2026-06-29,13:45,62.05
600379.SSE,宝光股份,yin2,2026-06-30,15.07,0.020570670205706687,True,-0.008759124087591164,next_close_fail,2026-06-30,14:30,13.58
600382.SSE,广东明珠,yin2,2025-10-17,7.47,0.006693440428380271,True,0.004418262150220897,next_close_fail,2025-10-17,09:45,6.82
600390.SSE,五矿资本,yin2,2024-11-18,8.17,-0.05630354957160344,False,0.049798115746971794,next_close_fail,2024-11-18,09:45,7.8
600396.SSE,华电辽能,yin2,2025-05-06,3.04,0.026315789473684292,True,0.010869565217391353,next_close_fail,2025-05-06,14:00,2.79
600397.SSE,江钨装备,yin2,2026-03-06,19.99,0.024012006003001574,True,-0.0005503577325262077,next_close_fail,2026-03-06,11:00,18.16
600403.SSE,大有能源,yin2,2025-03-25,3.97,0.07304785894206534,True,0.024930747922437657,next_close_fail,2025-03-25,10:30,3.7
600403.SSE,大有能源,yin2,2026-07-22,5.7,0.04210526315789487,True,-0.005791505791505669,next_close_fail,2026-07-22,10:45,5.15
600405.SSE,动力源,yin2,2025-02-12,5.56,0.0053956834532373765,True,0.0,next_close_fail,2025-02-12,10:15,5.05
600410.SSE,华胜天成,yin2,2024-10-23,5.95,-0.08907563025210086,False,0.0,next_close_fail,2024-10-23,10:00,5.41
600410.SSE,华胜天成,yin2,2025-05-14,10.68,-0.03558052434456915,True,0.001029866117404632,next_close_fail,2025-05-14,09:45,9.72
600410.SSE,华胜天成,yin2,2025-09-16,21.51,0.03579730357973032,True,-0.005115089514066584,next_close_fail,2025-09-16,11:00,19.45
600410.SSE,华胜天成,yin2,2026-02-03,21.87,0.0,True,0.016096579476861272,next_close_fail,2026-02-03,09:45,20.2
600425.SSE,青松建化,yin2,2025-08-22,4.74,0.03797468354430378,True,0.0,next_close_fail,2025-08-22,13:15,4.31
600435.SSE,北方导航,yin2,2025-06-30,15.59,-0.03784477228992944,True,-0.014114326040931546,next_close_fail,2025-06-30,10:30,13.97
600435.SSE,北方导航,yin2,2025-07-24,16.26,-0.04182041820418214,False,-0.008795669824086527,next_close_fail,2025-07-24,14:15,14.65
600470.SSE,六国化工,yin2,2026-03-06,8.37,0.033452807646356275,True,-0.021024967148488893,next_close_fail,2026-03-06,10:00,7.45
600470.SSE,六国化工,yin2,2026-07-01,6.38,0.0031347962382446415,True,0.0,next_close_fail,2026-07-01,09:45,5.8
600470.SSE,六国化工,yin2,2026-07-06,6.69,0.03139013452914807,True,0.008223684210526327,next_close_fail,2026-07-06,10:00,6.13
600481.SSE,双良节能,yin2,2026-02-12,10.71,-0.099906629318394,True,-0.007186858316221789,next_close_fail,2026-02-12,13:30,9.67
600481.SSE,双良节能,yin2,2026-02-27,9.57,-0.1191222570532916,False,0.0,next_close_fail,2026-02-27,10:15,8.7
600488.SSE,津药药业,yin2,2026-06-08,5.69,-0.04569420035149396,True,-0.03288201160541582,next_close_fail,2026-06-08,09:45,5.0
600490.SSE,鹏欣资源,yin2,2025-01-16,3.37,0.0,True,0.009803921568627416,next_close_fail,2025-01-16,11:00,3.09
600498.SSE,烽火通信,yin2,2026-01-14,48.75,-0.11651282051282053,False,0.035198555956678756,next_close_fail,2026-01-14,11:00,45.88
600503.SSE,华丽家族,yin2,2025-09-16,3.99,-0.052631578947368474,False,0.0,next_close_fail,2025-09-16,09:45,3.63
600503.SSE,华丽家族,yin2,2026-06-01,2.92,-0.023972602739726012,True,0.0037735849056603765,next_close_fail,2026-06-01,10:00,2.66
600505.SSE,西昌电力,yin2,2025-05-20,16.67,0.031193761247750418,True,-0.007920792079208039,next_close_fail,2025-05-20,14:15,15.03
600509.SSE,天富能源,yin2,2024-10-31,8.12,-0.11576354679802947,False,0.01084010840108407,next_close_fail,2024-10-31,11:00,7.46
600513.SSE,联环药业,yin2,2025-07-10,13.62,0.08883994126284889,True,0.001615508885298933,break_close,2025-07-10,10:00,12.4
600513.SSE,联环药业,yin2,2026-07-30,16.76,0.03341288782816232,True,-0.003937007874015741,next_close_fail,2026-07-30,10:00,15.18
600516.SSE,方大炭素,yin2,2025-11-11,6.72,-0.050595238095238027,True,-0.00327332242225864,next_close_fail,2025-11-11,10:00,6.09
600516.SSE,方大炭素,yin2,2025-11-25,6.51,-0.015360983102918557,True,0.038851351351351315,next_close_fail,2025-11-25,13:45,6.15
600520.SSE,三佳科技,yin2,2026-06-15,29.58,0.022312373225152227,True,0.004462625511342466,next_close_fail,2026-06-15,13:15,27.01
600527.SSE,江南高纤,yin2,2024-11-26,2.18,-0.02752293577981657,True,0.02020202020202011,next_close_fail,2024-11-26,09:45,2.02
600527.SSE,江南高纤,yin2,2024-11-28,2.33,-0.012875536480686844,True,-0.009433962264150941,next_close_fail,2024-11-28,09:45,2.1
600527.SSE,江南高纤,yin2,2026-04-13,2.81,-0.02135231316725983,True,0.007843137254901933,next_close_fail,2026-04-13,13:15,2.57
600536.SSE,中国软件,yin2,2024-11-01,50.05,-0.08151848151848151,False,-0.01098901098901095,next_close_fail,2024-11-01,09:45,45.0
600536.SSE,中国软件,yin2,2024-11-05,50.57,0.07375914573858022,True,-0.012616924080922298,next_close_fail,2024-11-05,13:45,45.39
600539.SSE,狮头股份,yin2,2026-03-27,14.21,0.032371569317382054,True,0.01934984520123839,break_close,2026-03-27,10:00,13.17
600539.SSE,狮头股份,yin2,2026-04-14,15.95,0.0006269592476491059,True,0.022758620689655285,next_close_fail,2026-04-14,13:15,14.83
600539.SSE,狮头股份,yin2,2026-06-01,16.02,-0.048689138576779034,True,-0.08241758241758246,next_close_fail,2026-06-01,13:15,13.36
600539.SSE,狮头股份,yin2,2026-06-08,15.4,0.020779220779220786,True,-0.04357142857142848,next_close_fail,2026-06-08,10:45,13.39
600539.SSE,狮头股份,yin2,2026-06-12,16.34,-0.00244798041615657,True,0.023569023569023573,next_close_fail,2026-06-12,10:30,15.2
600545.SSE,卓郎智能,yin2,2026-03-04,3.43,0.13411078717201175,True,-0.01602564102564108,break_close,2026-03-04,09:45,3.07
600545.SSE,卓郎智能,yin2,2026-06-18,7.25,0.012413793103448256,True,0.009104704097116834,next_close_fail,2026-06-18,11:30,6.65
600545.SSE,卓郎智能,yin2,2026-06-30,8.24,-0.12014563106796117,False,-0.02937249666221642,next_close_fail,2026-06-30,10:45,7.27
600550.SSE,保变电气,yin2,2025-05-26,9.43,0.0328738069989396,True,0.037339556592765444,next_close_fail,2025-05-26,09:45,8.89
600550.SSE,保变电气,yin2,2025-11-12,12.41,-0.0008058017727639033,False,-0.015957446808510634,next_close_fail,2025-11-12,10:30,11.1
600551.SSE,时代出版,yin2,2025-06-05,9.21,-0.06080347448425627,True,-0.009557945041816063,next_close_fail,2025-06-05,14:00,8.29
600556.SSE,天下秀,yin2,2026-01-14,9.33,-0.09967845659163987,True,-0.012971698113207641,next_close_fail,2026-01-14,10:15,8.37
600563.SSE,法拉电子,yin2,2026-05-22,174.2,-0.010160734787600378,True,0.010356150543066267,next_close_fail,2026-05-22,13:45,160.0
600563.SSE,法拉电子,yin2,2026-06-15,157.3,0.06986649713922422,True,0.013986013986013957,next_close_fail,2026-06-15,10:30,145.0
600571.SSE,信雅达,yin2,2024-10-23,13.22,-0.047655068078668705,True,0.006655574043261225,next_close_fail,2024-10-23,09:45,12.1
600571.SSE,信雅达,yin2,2025-07-09,21.77,-0.004134129536058739,True,0.0,next_close_fail,2025-07-09,10:45,19.79
600576.SSE,祥源文旅,yin2,2024-08-28,4.54,-0.013215859030836885,True,0.016949152542373058,next_close_fail,2024-08-28,09:45,4.2
600579.SSE,中化装备,yin2,2025-02-10,9.25,0.015135135135135203,True,0.009512485136742077,next_close_fail,2025-02-10,10:15,8.49
600584.SSE,长电科技,yin2,2024-10-18,40.7,-0.01842751842751844,False,0.004054054054054124,next_close_fail,2024-10-18,14:30,37.15
600584.SSE,长电科技,yin2,2026-06-03,82.89,-0.03390034986126189,False,0.01167883211678844,next_close_fail,2026-06-03,11:00,76.23
600584.SSE,长电科技,yin2,2026-06-24,94.7,0.06536430834213292,True,-0.02427691950284594,break_close,2026-06-24,10:00,84.0
600584.SSE,长电科技,yin2,2026-07-09,103.52,-0.023280525502318405,True,0.03814684943151625,next_close_fail,2026-07-09,13:15,97.7
600589.SSE,大位科技,yin2,2025-03-28,7.01,0.029957203994293913,True,0.050235478806907485,break_close,2025-03-28,09:45,6.69
600589.SSE,大位科技,yin2,2025-04-28,7.0,0.05714285714285716,True,0.037735849056603765,next_close_fail,2025-04-28,09:45,6.6
600592.SSE,龙溪股份,yin2,2025-03-04,15.86,0.2673392181588905,True,-0.0006934812760055475,break_close,2025-03-04,10:00,14.41
600594.SSE,益佰制药,yin2,2026-04-09,5.06,-0.04940711462450598,True,0.0021739130434783593,next_close_fail,2026-04-09,09:45,4.61
600594.SSE,益佰制药,yin2,2026-04-15,4.76,-0.01680672268907568,True,0.01616628175519641,next_close_fail,2026-04-15,13:30,4.4
600601.SSE,方正科技,yin2,2025-01-16,5.41,0.03512014787430684,True,-0.00203252032520318,next_close_fail,2025-01-16,09:45,4.91
600601.SSE,方正科技,yin2,2025-08-22,7.89,0.019011406844106293,True,0.002789400278940146,next_close_fail,2025-08-22,10:00,7.19
600601.SSE,方正科技,yin2,2025-09-05,9.64,-0.03734439834024905,True,-0.019406392694063967,next_close_fail,2025-09-05,14:15,8.59
600601.SSE,方正科技,yin2,2025-09-10,9.42,0.26645435244161364,False,0.010514018691588856,break_close,2025-09-10,14:15,8.65
600602.SSE,云赛智联,yin2,2024-10-23,17.19,-0.12332751599767311,False,-0.00895713371721052,next_close_fail,2024-10-23,11:00,15.49
600604.SSE,市北高新,yin2,2024-11-13,5.63,-0.11545293072824148,False,0.013671875,next_close_fail,2024-11-13,09:45,5.19
600609.SSE,金杯汽车,yin2,2024-11-11,8.03,-0.04856787048567868,True,-0.03561643835616435,next_close_fail,2024-11-11,10:15,7.04
600609.SSE,金杯汽车,yin2,2024-11-14,8.48,-0.1367924528301887,False,0.05058365758754868,next_close_fail,2024-11-14,09:45,8.1
600609.SSE,金杯汽车,yin2,2024-11-19,7.43,0.0,True,0.014814814814814836,next_close_fail,2024-11-19,11:15,6.85
600610.SSE,中毅达,yin2,2025-04-28,9.92,0.0786290322580645,True,0.03436807095343686,next_close_fail,2025-04-28,10:30,9.33
600610.SSE,中毅达,yin2,2025-06-16,14.63,-0.022556390977443663,True,0.015037593984962294,next_close_fail,2025-06-16,15:00,13.5
600611.SSE,大众交通,yin2,2024-08-21,10.13,-0.012833168805528206,False,-0.017372421281216077,next_close_fail,2024-08-21,14:45,9.05
600617.SSE,国新能源,yin2,2025-10-17,4.0,0.15999999999999992,True,-0.019230769230769273,break_close,2025-10-17,10:15,3.57
600619.SSE,海立股份,yin2,2025-03-10,13.86,0.032467532467532534,True,0.04603174603174609,next_close_fail,2025-03-10,10:15,13.18
600629.SSE,华建集团,yin2,2026-07-30,13.94,0.049497847919655724,True,-0.014996053670086829,next_close_fail,2026-07-30,10:30,12.48
600635.SSE,大众公用,yin2,2025-10-20,6.86,0.03352769679300294,True,0.033653846153846256,next_close_fail,2025-10-20,09:45,6.45
600641.SSE,先导基电,yin2,2024-11-04,16.34,0.03427172582619331,False,-0.006734006734006703,next_close_fail,2024-11-04,10:45,14.75
600641.SSE,先导基电,yin2,2026-08-27,34.0,0.0235294117647058,True,0.004529278550630789,next_close_fail,2026-08-27,11:15,31.05
600644.SSE,乐山电力,yin2,2026-07-22,10.6,-0.016037735849056545,True,-0.03526970954356845,next_close_fail,2026-07-22,15:00,9.3
600644.SSE,乐山电力,yin2,2026-07-29,10.0,-0.09000000000000008,False,-0.00990099009900991,next_close_fail,2026-07-29,10:30,9.0
600665.SSE,天地源,yin2,2026-07-10,3.3,-0.11515151515151512,False,0.0,next_close_fail,2026-07-10,11:15,3.0
600666.SSE,奥瑞德,yin2,2024-12-05,2.86,0.034965034965035,True,-0.015384615384615441,next_close_fail,2024-12-05,13:15,2.56
600666.SSE,奥瑞德,yin2,2026-03-27,6.08,0.026315789473684292,True,-0.03797468354430378,next_close_fail,2026-03-27,10:00,5.32
600666.SSE,奥瑞德,yin2,2026-04-01,6.27,-0.015948963317384268,True,0.03859649122807007,next_close_fail,2026-04-01,09:45,5.92
600666.SSE,奥瑞德,yin2,2026-04-16,6.85,0.0350364963503651,True,0.0032102728731941976,next_close_fail,2026-04-16,10:30,6.25
600681.SSE,百川能源,yin2,2025-11-03,4.64,0.03879310344827602,True,0.05450236966824651,next_close_fail,2025-11-03,09:45,4.45
600681.SSE,百川能源,yin2,2025-11-11,4.98,0.06224899598393563,True,0.008830022075055233,break_close,2025-11-11,13:15,4.57
600691.SSE,潞化科技,yin2,2026-03-17,4.72,-0.06355932203389825,True,-0.020979020979020935,next_close_fail,2026-03-17,09:45,4.2
600691.SSE,潞化科技,yin2,2026-04-07,3.34,-0.0119760479041916,True,0.016447368421052655,next_close_fail,2026-04-07,10:45,3.09
600692.SSE,亚通股份,yin2,2025-01-14,9.13,-0.0021905805038336945,True,0.00120481927710836,next_close_fail,2025-01-14,10:00,8.31
600693.SSE,东百集团,yin2,2024-12-16,5.46,-0.10073260073260071,True,-0.014112903225806495,next_close_fail,2024-12-16,10:15,4.89
600693.SSE,东百集团,yin2,2025-03-10,7.18,0.022284122562674202,False,-0.019908116385911168,next_close_fail,2025-03-10,10:15,6.4
600693.SSE,东百集团,yin2,2025-05-08,7.15,-0.06293706293706292,True,-0.012307692307692353,next_close_fail,2025-05-08,13:45,6.42
600698.SSE,湖南天雁,yin2,2024-09-09,4.33,-0.05773672055427248,True,-0.027918781725888242,next_close_fail,2024-09-09,13:30,3.83
600698.SSE,湖南天雁,yin2,2024-09-23,4.57,0.024070021881837933,True,0.004819277108433662,next_close_fail,2024-09-23,13:15,4.17
600698.SSE,湖南天雁,yin2,2025-08-13,14.18,0.007757404795486478,True,-0.010861132660977546,next_close_fail,2025-08-13,09:45,12.75
600703.SSE,三安光电,yin2,2026-06-22,19.29,0.027993779160186527,True,0.0781071835803877,next_close_fail,2026-06-22,09:45,18.91
600706.SSE,曲江文旅,yin2,2025-06-26,10.54,-0.03700189753320671,True,-0.0020876826722338038,next_close_fail,2025-06-26,15:00,9.56
600707.SSE,彩虹股份,yin2,2026-04-27,8.88,-0.024774774774774855,True,-0.0024783147459727095,next_close_fail,2026-04-27,14:30,8.05
600707.SSE,彩虹股份,yin2,2026-05-07,9.04,-0.017699115044247593,True,0.024330900243308973,next_close_fail,2026-05-07,10:00,8.42
600711.SSE,盛屯矿业,yin2,2025-10-15,11.46,-0.06195462478184999,False,0.05566218809980805,next_close_fail,2025-10-15,09:45,11.0
600714.SSE,金瑞矿业,yin2,2025-03-11,13.16,-0.06534954407294824,False,-0.009197324414715768,next_close_fail,2025-03-11,10:15,11.85
600719.SSE,大连热电,yin2,2026-05-22,8.87,0.03720405862457721,True,0.0,next_close_fail,2026-05-22,11:15,8.06
600722.SSE,金牛化工,yin2,2026-07-22,9.91,0.15338042381432881,True,-0.02663706992230852,break_close,2026-07-22,10:00,8.77
600722.SSE,金牛化工,yin2,2026-08-18,13.02,-0.013824884792626668,True,0.010979729729729826,next_close_fail,2026-08-18,10:00,11.97
600724.SSE,宁波富达,yin2,2024-10-30,5.43,0.03130755064456725,False,0.05263157894736836,next_close_fail,2024-10-30,09:45,5.2
600748.SSE,上实发展,yin2,2025-10-20,6.88,0.12354651162790709,False,-0.03839999999999999,break_close,2025-10-20,10:15,6.01
600748.SSE,上实发展,yin2,2025-10-29,6.88,0.03052325581395343,True,0.01760000000000006,next_close_fail,2025-10-29,10:00,6.36
600748.SSE,上实发展,yin2,2026-05-29,5.04,-0.09523809523809534,False,0.017467248908296984,next_close_fail,2026-05-29,10:00,4.66
600760.SSE,中航沈飞,yin2,2024-11-08,61.07,-0.019485835925986517,True,-0.004863112391930935,next_close_fail,2024-11-08,10:00,55.25
600769.SSE,祥龙电业,yin2,2024-11-13,13.08,0.06574923547400613,True,-0.005046257359125339,next_close_fail,2024-11-13,13:45,11.83
600769.SSE,祥龙电业,yin2,2026-03-27,13.6,0.02941176470588247,True,-0.007281553398058249,next_close_fail,2026-03-27,10:00,12.27
600769.SSE,祥龙电业,yin2,2026-06-25,22.09,-0.05839746491625164,False,0.006474103585657476,next_close_fail,2026-06-25,10:15,20.21
600770.SSE,综艺股份,yin2,2024-10-11,3.74,-0.0401069518716578,True,-0.008823529411764675,next_close_fail,2024-10-11,13:30,3.37
600770.SSE,综艺股份,yin2,2026-04-28,7.66,0.030026109660574285,True,-0.03591954022988508,next_close_fail,2026-04-28,10:00,6.71
600770.SSE,综艺股份,yin2,2026-05-06,8.38,-0.02505966587112185,True,0.07611548556430425,next_close_fail,2026-05-06,10:00,8.2
600770.SSE,综艺股份,yin2,2026-05-11,8.62,-0.06380510440835252,False,0.03316326530612246,next_close_fail,2026-05-11,09:45,8.1
600775.SSE,南京熊猫,yin2,2024-11-29,11.76,0.04931972789115657,True,0.00374181478016844,next_close_fail,2024-11-29,10:30,10.73
600775.SSE,南京熊猫,yin2,2024-12-18,12.09,0.0,True,-0.0018198362147406888,next_close_fail,2024-12-18,10:15,10.97
600778.SSE,友好集团,yin2,2024-08-28,5.05,-0.045544554455445474,True,0.08496732026143805,next_close_fail,2024-08-28,09:45,4.98
600778.SSE,友好集团,yin2,2024-09-30,5.97,0.018425460636515956,True,0.009208103130755152,next_close_fail,2024-09-30,14:15,5.48
600783.SSE,鲁信创投,yin2,2026-07-03,23.49,-0.1464452958705832,False,0.00843091334894619,next_close_fail,2026-07-03,09:45,21.53
600787.SSE,中储股份,yin2,2024-11-26,7.05,0.03404255319148941,True,0.0015600624024960652,next_close_fail,2024-11-26,10:15,6.42
600797.SSE,浙大网新,yin2,2024-10-30,7.13,-0.0014025245441794398,True,-0.012345679012345734,next_close_fail,2024-10-30,14:30,6.4
600797.SSE,浙大网新,yin2,2024-11-11,7.52,0.054521276595744794,True,0.004385964912280826,break_close,2024-11-11,10:15,6.87
600800.SSE,渤海化学,yin2,2025-04-24,3.3,0.0060606060606061,True,0.0033333333333331883,next_close_fail,2025-04-24,13:15,3.01
600800.SSE,渤海化学,yin2,2025-05-06,3.4,0.06470588235294117,True,0.003236245954692629,next_close_fail,2025-05-06,09:45,3.1
600802.SSE,福建水泥,yin2,2024-11-05,4.53,-0.013245033112582849,True,-0.004854368932038944,next_close_fail,2024-11-05,10:00,4.1
600802.SSE,福建水泥,yin2,2025-11-25,7.15,-0.04055944055944061,True,0.01846153846153853,next_close_fail,2025-11-25,13:30,6.62
600807.SSE,济高发展,yin2,2025-01-16,2.95,-0.04067796610169494,True,0.018656716417910335,next_close_fail,2025-01-16,09:45,2.73
600807.SSE,济高发展,yin2,2025-01-27,2.82,0.07092198581560294,True,0.0703125,break_close,2025-01-27,09:45,2.74
600807.SSE,济高发展,yin2,2025-02-07,3.32,-0.04518072289156627,False,0.0,next_close_fail,2025-02-07,09:45,3.02
600815.SSE,厦工股份,yin2,2025-11-13,4.08,0.019607843137254832,True,-0.0026954177897573484,next_close_fail,2025-11-13,09:45,3.7
600815.SSE,厦工股份,yin2,2025-11-28,3.85,0.033766233766233666,True,0.05714285714285716,next_close_fail,2025-11-28,09:45,3.7
600816.SSE,建元信托,yin2,2024-10-31,3.45,-0.07536231884057976,False,-0.0031847133757962887,next_close_fail,2024-10-31,11:15,3.13
600816.SSE,建元信托,yin2,2024-11-04,3.51,0.008547008547008517,True,0.006269592476489061,next_close_fail,2024-11-04,11:30,3.21
600819.SSE,耀皮玻璃,yin2,2025-10-29,8.5,-0.024705882352941244,False,0.0038809831824060392,next_close_fail,2025-10-29,09:45,7.76
600819.SSE,耀皮玻璃,yin2,2025-11-12,10.09,-0.04856293359762143,False,0.025081788440567188,next_close_fail,2025-11-12,13:45,9.4
600821.SSE,金开新能,yin2,2026-03-18,10.67,0.04123711340206171,False,0.009278350515463885,next_close_fail,2026-03-18,09:45,9.79
600822.SSE,上海物贸,yin2,2024-12-11,11.94,0.051088777219430614,True,0.047004608294930916,next_close_fail,2024-12-11,09:45,11.36
600825.SSE,新华传媒,yin2,2024-12-06,8.11,-0.07521578298397036,False,-0.016282225237449155,next_close_fail,2024-12-06,14:15,7.25
600825.SSE,新华传媒,yin2,2024-12-10,8.25,0.055757575757575895,True,0.0040000000000000036,next_close_fail,2024-12-10,11:00,7.53
600828.SSE,茂业商业,yin2,2024-12-16,5.09,-0.10019646365422397,True,0.0,next_close_fail,2024-12-16,10:00,4.63
600828.SSE,茂业商业,yin2,2025-12-29,6.3,-0.00952380952380949,True,0.02094240837696315,next_close_fail,2025-12-29,13:45,5.85
600829.SSE,人民同泰,yin2,2026-07-27,9.37,-0.012806830309498363,True,-0.008215962441314617,next_close_fail,2026-07-27,09:45,8.45
600829.SSE,人民同泰,yin2,2026-08-06,10.35,-0.0028985507246376274,True,-0.002125398512221044,next_close_fail,2026-08-06,11:15,9.39
600835.SSE,上海机电,yin2,2025-03-04,24.13,0.05843348528802328,True,-0.016408386508660167,next_close_fail,2025-03-04,10:00,21.58
600838.SSE,上海九百,yin2,2025-12-23,12.65,-0.09881422924901184,False,-0.04434782608695653,next_close_fail,2025-12-23,13:15,10.99
600838.SSE,上海九百,yin2,2026-01-06,11.77,0.0705182667799491,True,0.010280373831775824,next_close_fail,2026-01-06,14:00,10.81
600839.SSE,四川长虹,yin2,2024-10-14,6.23,-0.022471910112359605,False,0.019434628975264934,next_close_fail,2024-10-14,15:00,5.77
600839.SSE,四川长虹,yin2,2024-10-16,6.7,0.6402985074626866,True,-0.013136288998357948,break_close,2024-10-16,13:15,6.01
600847.SSE,万里股份,yin2,2024-09-19,7.88,-0.03172588832487311,True,0.005586592178770999,next_close_fail,2024-09-19,10:30,7.2
600857.SSE,宁波中百,yin2,2026-05-29,15.51,0.013539651837524147,True,0.01773049645390068,next_close_fail,2026-05-29,10:00,14.35
600868.SSE,梅雁吉祥,yin2,2025-12-05,3.81,0.01049868766404205,True,0.0,next_close_fail,2025-12-05,13:15,3.46
600868.SSE,梅雁吉祥,yin2,2025-12-12,3.94,-0.020304568527918843,True,0.019553072625698276,next_close_fail,2025-12-12,09:45,3.65
600869.SSE,远东股份,yin2,2026-06-02,25.28,0.06408227848101244,True,0.009138381201044377,next_close_fail,2026-06-02,10:15,23.19
600877.SSE,电科芯片,yin2,2024-10-14,13.96,0.008595988538681931,False,0.0,next_close_fail,2024-10-14,13:15,12.69
600877.SSE,电科芯片,yin2,2024-11-04,15.7,-0.02292993630573248,False,-0.01331464611072175,next_close_fail,2024-11-04,13:15,14.08
600877.SSE,电科芯片,yin2,2026-01-21,20.94,0.021967526265520343,False,0.004201680672269115,next_close_fail,2026-01-21,11:30,19.12
600879.SSE,航天电子,yin2,2026-01-06,23.93,-0.009193480986209757,True,-0.020689655172413723,next_close_fail,2026-01-06,13:30,21.3
600880.SSE,博瑞传播,yin2,2024-12-18,7.22,-0.09972299168975063,True,-0.060975609756097504,next_close_fail,2024-12-18,09:45,6.16
600881.SSE,亚泰集团,yin2,2024-12-11,2.37,0.10970464135021096,True,0.0,break_close,2024-12-11,13:30,2.15
600881.SSE,亚泰集团,yin2,2024-12-16,2.89,-0.10034602076124566,True,-0.04562737642585557,next_close_fail,2024-12-16,09:45,2.51
600881.SSE,亚泰集团,yin2,2025-01-02,1.99,-0.05025125628140703,True,0.0,next_close_fail,2025-01-02,10:15,1.81
600884.SSE,杉杉股份,yin2,2026-02-25,15.13,-0.008592200925313986,True,-0.0007272727272726875,next_close_fail,2026-02-25,11:00,13.74
600892.SSE,大晟文化,yin2,2025-02-26,3.89,-0.02570694087403602,True,0.005649717514124353,next_close_fail,2025-02-26,10:00,3.56
600895.SSE,张江高科,yin2,2024-11-05,33.55,0.012816691505216138,True,-0.01081967213114754,next_close_fail,2024-11-05,14:45,30.17
600895.SSE,张江高科,yin2,2024-11-11,36.15,-0.03983402489626553,False,0.031040779062690316,next_close_fail,2024-11-11,10:00,33.88
600903.SSE,贵州燃气,yin2,2026-06-09,9.14,0.018599562363238453,True,-0.00962695547533099,next_close_fail,2026-06-09,13:30,8.23
600936.SSE,北投科技,yin2,2026-05-19,5.84,-0.09931506849315075,True,-0.011299435028248483,next_close_fail,2026-05-19,09:45,5.25
600955.SSE,维远股份,yin2,2026-04-07,18.1,0.018784530386740217,True,-0.00547112462006083,next_close_fail,2026-04-07,10:30,16.36
600962.SSE,国投中鲁,yin2,2026-07-10,25.95,-0.025048169556839972,False,0.01102161933022483,next_close_fail,2026-07-10,10:00,23.85
600962.SSE,国投中鲁,yin2,2026-07-23,22.11,-0.03075531433740386,True,0.04477611940298498,next_close_fail,2026-07-23,09:45,21.0
600966.SSE,博汇纸业,yin2,2024-11-20,5.95,-0.025210084033613467,True,0.07208872458410354,next_close_fail,2024-11-20,09:45,5.8
600969.SSE,郴电国际,yin2,2026-09-03,10.7,-0.04859813084112141,True,0.01747173689619741,next_close_fail,2026-09-03,10:00,9.9
600973.SSE,宝胜股份,yin2,2025-01-22,5.25,-0.06666666666666665,False,-0.012578616352201144,next_close_fail,2025-01-22,09:45,4.71
600973.SSE,宝胜股份,yin2,2025-12-19,7.03,-0.052631578947368474,False,0.003129890453834161,next_close_fail,2025-12-19,13:30,6.41
600973.SSE,宝胜股份,yin2,2026-01-07,8.09,-0.01606922126081578,False,-0.006802721088435382,next_close_fail,2026-01-07,10:00,7.3
600977.SSE,中国电影,yin2,2025-09-12,19.25,0.10909090909090913,True,0.005714285714285783,break_close,2025-09-12,14:45,17.6
600980.SSE,北矿科技,yin2,2025-08-27,28.07,0.04453152832205198,True,0.0031347962382446415,next_close_fail,2025-08-27,10:30,25.6
600982.SSE,宁波能源,yin2,2026-04-13,5.79,0.0,True,0.0076045627376426506,next_close_fail,2026-04-13,13:15,5.3
600984.SSE,建设机械,yin2,2026-08-10,4.49,,True,0.02941176470588247,open_end,2026-08-10,10:00,4.2
600986.SSE,浙文互联,yin2,2026-01-14,12.39,-0.10008071025020182,True,0.04973357015985802,next_close_fail,2026-01-14,09:45,11.82
600986.SSE,浙文互联,yin2,2026-01-29,13.78,-0.04862119013062405,True,0.0015961691939345712,next_close_fail,2026-01-29,09:45,12.55
600999.SSE,招商证券,yin2,2024-10-18,20.92,-0.0372848948374761,False,-0.003680336487907443,next_close_fail,2024-10-18,14:45,18.95
601002.SSE,晋亿实业,yin2,2024-11-04,4.76,-0.004201680672268782,True,-0.004618937644341958,next_close_fail,2024-11-04,09:45,4.31
601005.SSE,重庆钢铁,yin2,2024-11-07,1.86,-0.05913978494623662,False,-0.017751479289940808,next_close_fail,2024-11-07,13:45,1.66
601011.SSE,宝泰隆,yin2,2024-12-16,3.28,-0.09146341463414631,False,-0.006711409395973145,next_close_fail,2024-12-16,14:15,2.96
601015.SSE,陕西黑猫,yin2,2026-03-03,5.69,-0.05096660808435849,True,0.01740812379110257,next_close_fail,2026-03-03,13:15,5.26
601016.SSE,节能风电,yin2,2026-03-17,4.55,-0.03296703296703285,True,-0.0024154589371979673,next_close_fail,2026-03-17,10:45,4.13
601016.SSE,节能风电,yin2,2026-04-23,4.48,0.0,True,0.01228501228501222,next_close_fail,2026-04-23,13:45,4.12
601069.SSE,西部黄金,yin2,2025-04-03,17.05,-0.09970674486803521,True,0.040000000000000036,next_close_fail,2025-04-03,13:30,16.12
601069.SSE,西部黄金,yin2,2025-04-21,19.17,0.05633802816901401,True,0.032128514056224855,next_close_fail,2025-04-21,14:30,17.99
601083.SSE,锦江航运,yin2,2025-05-13,12.23,0.06459525756336859,False,0.03147482014388503,break_close,2025-05-13,14:45,11.47
601086.SSE,国芳集团,yin2,2024-12-19,5.91,-0.010152284263959421,True,0.020484171322160183,next_close_fail,2024-12-19,09:45,5.48
601089.SSE,福元医药,yin2,2025-08-08,29.61,0.050658561296859084,True,-0.020059435364041756,next_close_fail,2025-08-08,13:15,26.38
601099.SSE,太平洋,yin2,2024-10-18,4.48,-0.060267857142857206,False,-0.002457002457002644,next_close_fail,2024-10-18,14:45,4.06
601106.SSE,中国一重,yin2,2025-12-10,3.94,-0.10152284263959388,False,-0.0027932960893854997,next_close_fail,2025-12-10,10:00,3.57
601106.SSE,中国一重,yin2,2025-12-19,3.83,0.06266318537859017,True,0.028735632183908066,break_close,2025-12-19,09:45,3.58
601126.SSE,四方股份,yin2,2025-10-29,29.46,-0.01357773251866945,True,0.008588498879761097,next_close_fail,2025-10-29,10:00,27.01
601126.SSE,四方股份,yin2,2025-11-04,30.75,0.014308943089430981,False,0.03756708407871212,next_close_fail,2025-11-04,09:45,29.0
601133.SSE,柏诚股份,yin2,2026-05-20,33.3,-0.005105105105104979,True,-0.010571522960026392,next_close_fail,2026-05-20,14:00,29.95
601133.SSE,柏诚股份,yin2,2026-06-15,32.4,-0.01049382716049374,True,0.018675721561969505,next_close_fail,2026-06-15,10:00,30.0
601133.SSE,柏诚股份,yin2,2026-07-09,37.8,-0.04576719576719568,False,0.06635622817229336,next_close_fail,2026-07-09,09:45,36.64
601162.SSE,天风证券,yin2,2024-09-13,2.97,-0.03367003367003374,True,-0.0037037037037037646,next_close_fail,2024-09-13,10:00,2.69
601179.SSE,中国西电,yin2,2026-06-22,16.79,-0.03573555687909458,True,0.003931847968545288,next_close_fail,2026-06-22,10:45,15.32
601208.SSE,东材科技,yin2,2026-08-27,49.1,0.04439918533604881,True,0.0277777777777779,next_close_fail,2026-08-27,13:15,45.88
601212.SSE,白银有色,yin2,2026-08-26,7.24,-0.0055248618784530246,True,-0.003039513677811634,next_close_fail,2026-08-26,10:30,6.56
601588.SSE,北辰实业,yin2,2024-11-18,2.12,-0.047169811320754707,False,0.015544041450777257,next_close_fail,2024-11-18,11:15,1.96
601606.SSE,长城军工,yin2,2025-10-28,54.98,0.008912331757002567,True,0.0,next_close_fail,2025-10-28,13:30,49.98
601619.SSE,嘉泽新能,yin2,2025-09-17,4.86,0.012345679012345512,True,0.00452488687782826,next_close_fail,2025-09-17,09:45,4.44
601678.SSE,滨化股份,yin2,2026-06-10,5.65,0.05309734513274322,True,-0.011673151750972721,next_close_fail,2026-06-10,10:00,5.08
601698.SSE,中国卫通,yin2,2024-11-27,22.19,-0.0076611086074809265,True,-0.00793257312840856,next_close_fail,2024-11-27,11:00,20.01
601789.SSE,宁波建工,yin2,2025-03-14,7.12,-0.03370786516853941,False,0.0030911901081918103,next_close_fail,2025-03-14,09:45,6.49
601828.SSE,美凯龙,yin2,2025-12-15,2.88,0.03125,True,-0.01526717557251911,next_close_fail,2025-12-15,13:45,2.58
601869.SSE,长飞光纤,yin2,2025-10-21,90.56,0.011373674911660858,False,0.0019433985181585012,next_close_fail,2025-10-21,14:00,82.49
601869.SSE,长飞光纤,yin2,2026-04-02,338.8,0.04043683589138136,False,-0.01006493506493511,next_close_fail,2026-04-02,10:00,304.9
601869.SSE,长飞光纤,yin2,2026-04-09,398.31,-0.03497275991062243,True,-0.01999447666390497,next_close_fail,2026-04-09,15:00,354.86
601872.SSE,招商轮船,yin2,2026-03-10,17.29,-0.05725853094274136,False,-0.013994910941475869,next_close_fail,2026-03-10,09:45,15.5
601872.SSE,招商轮船,yin2,2026-03-18,18.14,-0.026460859977949336,False,-0.006670709520921747,next_close_fail,2026-03-18,13:45,16.38
601878.SSE,浙商证券,yin2,2024-10-18,13.95,-0.0444444444444444,False,0.014984227129337446,next_close_fail,2024-10-18,14:45,12.87
601886.SSE,江河集团,yin2,2026-08-31,14.2,-0.04859154929577458,False,0.006971340046475483,next_close_fail,2026-08-31,14:15,13.0
601908.SSE,京运通,yin2,2025-05-13,3.15,0.04761904761904767,True,0.006993006993007089,next_close_fail,2025-05-13,09:45,2.88
601933.SSE,永辉超市,yin2,2024-11-07,5.2,-0.011538461538461608,True,-0.00634249471458781,next_close_fail,2024-11-07,10:00,4.7
601933.SSE,永辉超市,yin2,2024-12-04,6.52,-0.07515337423312873,True,-0.04721753794266437,next_close_fail,2024-12-04,10:00,5.65
601975.SSE,招商南油,yin2,2026-03-16,4.81,0.02494802494802495,True,-0.0022883295194507935,next_close_fail,2026-03-16,13:15,4.36
601975.SSE,招商南油,yin2,2026-03-24,4.83,-0.03933747412008293,True,0.015945330296127658,next_close_fail,2026-03-24,11:00,4.46
601995.SSE,中金公司,yin2,2024-10-11,39.99,-0.07951987996999244,True,-0.009628610729023435,next_close_fail,2024-10-11,13:30,36.0
603001.SSE,奥康国际,yin2,2026-06-01,11.12,-0.06025179856115104,False,-0.0029673590504450953,next_close_fail,2026-06-01,10:00,10.08
603001.SSE,奥康国际,yin2,2026-06-18,11.89,0.06980656013456676,True,0.00647548566142464,next_close_fail,2026-06-18,10:00,10.88
603002.SSE,宏昌电子,yin2,2024-12-06,7.37,-0.10040705563093621,True,0.0,next_close_fail,2024-12-06,09:45,6.7
603002.SSE,宏昌电子,yin2,2026-06-15,19.17,0.23004694835680728,True,0.018932874354561147,break_close,2026-06-15,10:00,17.76
603004.SSE,鼎龙科技,yin2,2024-09-11,17.91,-0.03015075376884413,True,-0.009828009828009798,next_close_fail,2024-09-11,11:30,16.12
603005.SSE,晶方科技,yin2,2024-10-24,25.83,-0.03252032520325199,False,-0.0034071550255537764,next_close_fail,2024-10-24,13:45,23.4
603011.SSE,合锻智能,yin2,2025-06-09,18.7,-0.005347593582887611,True,0.02941176470588225,next_close_fail,2025-06-09,13:15,17.5
603014.SSE,威高血净,yin2,2026-07-01,36.0,-0.023611111111111138,True,0.02963641918729021,next_close_fail,2026-07-01,09:45,33.7
603016.SSE,新宏泰,yin2,2024-09-23,17.86,0.026875699888017968,True,-0.020320197044334853,next_close_fail,2024-09-23,14:15,15.91
603016.SSE,新宏泰,yin2,2024-10-25,36.03,0.06994171523730208,True,0.03816793893129766,next_close_fail,2024-10-25,10:00,34.0
603017.SSE,中衡设计,yin2,2026-04-23,16.46,-0.07290400972053468,True,-0.02874331550802145,next_close_fail,2026-04-23,10:15,14.53
603017.SSE,中衡设计,yin2,2026-04-29,15.29,0.007194244604316724,True,0.007194244604316502,next_close_fail,2026-04-29,10:00,14.0
603019.SSE,中科曙光,yin2,2024-10-29,59.65,-0.019782062028499525,True,0.0016595980084823658,next_close_fail,2024-10-29,10:30,54.32
603019.SSE,中科曙光,yin2,2025-09-22,117.51,-0.02365756105863337,True,0.009079846485069654,next_close_fail,2025-09-22,13:15,107.8
603023.SSE,威帝股份,yin2,2025-12-18,5.27,0.13472485768500975,True,-0.01670146137787054,break_close,2025-12-18,09:45,4.71
603026.SSE,石大胜华,yin2,2025-10-13,54.04,0.06495188749074754,True,-0.04335436596784048,next_close_fail,2025-10-13,10:00,47.0
603026.SSE,石大胜华,yin2,2026-04-10,85.16,0.05166744950681079,True,0.008912425729785456,next_close_fail,2026-04-10,09:45,78.11
603030.SSE,全筑股份,yin2,2024-12-10,4.05,-0.07901234567901227,False,0.01902173913043481,next_close_fail,2024-12-10,10:15,3.75
603032.SSE,德新科技,yin2,2026-06-15,24.08,0.021594684385382257,False,-0.004111466423024179,next_close_fail,2026-06-15,11:15,21.8
603033.SSE,三维股份,yin2,2026-07-06,10.95,-0.1607305936073059,False,0.019095477386934734,next_close_fail,2026-07-06,09:45,10.14
603042.SSE,华脉科技,yin2,2025-04-23,15.54,-0.0791505791505791,False,-0.01132342533616415,next_close_fail,2025-04-23,13:15,13.97
603045.SSE,福达合金,yin2,2026-06-15,80.15,0.05414847161572034,True,0.029234147680483158,break_close,2026-06-15,09:45,74.99
603060.SSE,国检集团,yin2,2026-05-18,7.13,0.0,True,0.06481481481481488,next_close_fail,2026-05-18,09:45,6.9
603061.SSE,金海通,yin2,2024-10-31,84.56,-0.05806527909176906,True,-0.013919604527123819,next_close_fail,2024-10-31,14:45,75.8
603061.SSE,金海通,yin2,2026-01-16,221.87,0.17695046648938573,True,0.01388200297471509,break_close,2026-01-16,13:15,204.5
603061.SSE,金海通,yin2,2026-01-27,279.4,0.07193987115246969,True,-0.012047244094488208,next_close_fail,2026-01-27,10:45,250.94
603061.SSE,金海通,yin2,2026-07-21,311.39,0.009569992613764233,True,0.015896566341670137,next_close_fail,2026-07-21,11:15,287.58
603063.SSE,禾望电气,yin2,2024-10-31,18.37,0.06151333696243877,True,0.02215568862275452,next_close_fail,2024-10-31,10:15,17.07
603065.SSE,宿迁联盛,yin2,2025-05-26,8.93,0.04815229563269874,True,0.003694581280788256,break_close,2025-05-26,13:15,8.15
603065.SSE,宿迁联盛,yin2,2025-06-20,9.68,0.012396694214876103,True,-0.002272727272727426,next_close_fail,2025-06-20,09:45,8.78
603070.SSE,万控智造,yin2,2026-06-05,16.73,-0.011954572624028659,True,0.002629848783694877,next_close_fail,2026-06-05,11:30,15.25
603072.SSE,天和磁材,yin2,2025-04-08,59.29,0.04031033901163772,True,-0.07142857142857151,next_close_fail,2025-04-08,13:15,50.05
603072.SSE,天和磁材,yin2,2025-04-14,59.39,-0.00724027614076439,True,0.0025930727912577556,next_close_fail,2025-04-14,10:30,54.13
603083.SSE,剑桥科技,yin2,2025-10-20,108.25,0.03907621247113169,True,0.0364800325170207,next_close_fail,2025-10-20,09:45,102.0
603088.SSE,宁波精达,yin2,2024-12-09,11.18,0.0894454382826475,True,-0.04035433070866146,break_close,2024-12-09,09:45,9.75
603088.SSE,宁波精达,yin2,2025-11-05,13.24,-0.05740181268882172,False,-0.013289036544850363,next_close_fail,2025-11-05,09:45,11.88
603090.SSE,宏盛股份,yin2,2025-09-26,59.94,-0.06189522856189522,True,0.027711506698476773,next_close_fail,2025-09-26,13:15,56.0
603093.SSE,南华期货,yin2,2026-05-29,22.73,-0.04091509018917727,False,0.03630203291384326,next_close_fail,2026-05-29,09:45,21.41
603095.SSE,越剑智能,yin2,2024-10-24,19.48,0.1498973305954825,True,-0.006211180124223614,break_close,2024-10-24,11:15,17.6
603095.SSE,越剑智能,yin2,2026-02-03,19.93,0.03311590566984446,True,0.006070640176600417,next_close_fail,2026-02-03,10:00,18.23
603095.SSE,越剑智能,yin2,2026-08-21,15.26,-0.022935779816513735,True,0.002883922134102379,next_close_fail,2026-08-21,09:45,13.91
603098.SSE,森特股份,yin2,2024-11-05,13.15,-0.0661596958174906,True,-0.005020920502091908,next_close_fail,2024-11-05,10:15,11.89
603098.SSE,森特股份,yin2,2025-08-22,13.77,0.061002178649237404,False,0.0007987220447285281,break_close,2025-08-22,09:45,12.53
603106.SSE,恒银科技,yin2,2025-07-11,11.46,-0.06631762652705075,False,-0.006717850287907945,next_close_fail,2025-07-11,10:15,10.35
603110.SSE,东方材料,yin2,2025-04-28,17.67,0.010186757215619568,False,0.0024906600249068322,next_close_fail,2025-04-28,11:15,16.1
603115.SSE,海星股份,yin2,2026-05-06,62.58,0.018376478108021788,True,-0.0038671119704692947,next_close_fail,2026-05-06,11:00,56.67
603115.SSE,海星股份,yin2,2026-06-15,99.13,0.15706647836174725,True,0.009542831779849159,break_close,2026-06-15,10:15,90.98
603115.SSE,海星股份,yin2,2026-08-13,82.28,0.036217792902284884,False,0.015775401069518802,break_close,2026-08-13,09:45,75.98
603118.SSE,共进股份,yin2,2025-01-16,10.18,0.03143418467583503,True,0.017297297297297343,next_close_fail,2025-01-16,09:45,9.41
603118.SSE,共进股份,yin2,2026-08-13,15.96,0.19110275689223055,True,0.017229496898690577,break_close,2026-08-13,09:45,14.76
603120.SSE,肯特催化,yin2,2026-07-13,55.09,-0.0406607369758577,True,-0.021565495207667706,next_close_fail,2026-07-13,09:45,49.0
603122.SSE,合富中国,yin2,2025-12-30,26.94,-0.09428359317000756,False,-0.008166598611678233,next_close_fail,2025-12-30,14:00,24.29
603123.SSE,翠微股份,yin2,2025-12-19,14.92,-0.04624664879356566,False,-0.016224188790560534,next_close_fail,2025-12-19,10:15,13.34
603126.SSE,中材节能,yin2,2024-12-30,8.18,0.02689486552567244,True,-0.012096774193548487,next_close_fail,2024-12-30,09:45,7.35
603155.SSE,新亚强,yin2,2025-11-28,20.44,-0.066536203522505,False,-0.004843918191603902,next_close_fail,2025-11-28,09:45,18.49
603155.SSE,新亚强,yin2,2026-06-24,23.16,-0.005181347150259086,False,-0.015201900237529653,next_close_fail,2026-06-24,13:15,20.73
603155.SSE,新亚强,yin2,2026-07-06,29.57,-0.08014879945891107,True,0.022321428571428603,next_close_fail,2026-07-06,09:45,27.48
603160.SSE,汇顶科技,yin2,2024-10-14,81.81,0.028725094731695267,True,0.0008067769261799196,next_close_fail,2024-10-14,15:00,74.43
603163.SSE,圣晖集成,yin2,2025-09-26,47.91,-0.023377165518680854,True,0.007577497129735988,next_close_fail,2025-09-26,13:30,43.88
603166.SSE,福达股份,yin2,2025-03-24,15.29,-0.10464355788096791,False,0.0,next_close_fail,2025-03-24,09:45,13.9
603169.SSE,兰石重装,yin2,2025-04-03,9.56,-0.07949790794979072,True,-0.03797468354430378,next_close_fail,2025-04-03,09:45,8.36
603169.SSE,兰石重装,yin2,2025-04-09,10.07,-0.027805362462760774,False,-0.06229508196721312,next_close_fail,2025-04-09,14:00,8.58
603171.SSE,税友股份,yin2,2026-01-14,90.2,-0.043237250554323814,False,-0.014146341463414647,next_close_fail,2026-01-14,10:00,80.84
603178.SSE,圣龙股份,yin2,2025-04-02,19.34,0.030506721820062088,True,0.06370875995449388,next_close_fail,2025-04-02,09:45,18.7
603178.SSE,圣龙股份,yin2,2025-05-16,19.51,0.014351614556637582,True,0.0,next_close_fail,2025-05-16,11:15,17.74
603185.SSE,弘元绿能,yin2,2024-11-04,24.75,0.004040404040404066,True,-0.007555555555555649,next_close_fail,2024-11-04,11:00,22.33
603186.SSE,华正新材,yin2,2026-08-14,167.55,0.09937332139659794,True,0.018251050420168058,break_close,2026-08-14,09:45,155.1
603186.SSE,华正新材,yin2,2026-08-21,180.4,-0.08381374722838142,False,-0.003780487804878052,next_close_fail,2026-08-21,10:30,163.38
603188.SSE,亚邦股份,yin2,2024-10-28,4.58,-0.04148471615720528,True,0.024038461538461453,next_close_fail,2024-10-28,09:45,4.26
603188.SSE,亚邦股份,yin2,2025-04-17,4.48,-0.0625,True,0.004914004914004844,next_close_fail,2025-04-17,09:45,4.09
603191.SSE,望变电气,yin2,2026-09-03,15.97,-0.01064495929868503,False,0.01446280991735538,next_close_fail,2026-09-03,09:45,14.73
603194.SSE,中力股份,yin2,2025-06-04,43.78,-0.03471904979442675,False,0.009547738693467478,next_close_fail,2025-06-04,10:00,40.18
603194.SSE,中力股份,yin2,2025-06-09,43.89,-0.01936659831396681,True,0.015037593984962516,next_close_fail,2025-06-09,11:30,40.5
603200.SSE,上海洗霸,yin2,2025-10-09,99.87,-0.14849304095323923,False,0.025443330763299743,next_close_fail,2025-10-09,09:45,93.1
603211.SSE,晋拓股份,yin2,2026-07-10,37.88,-0.10190073917634634,True,-0.015098722415795462,next_close_fail,2026-07-10,10:30,33.92
603211.SSE,晋拓股份,yin2,2026-08-03,23.87,0.01591956430666097,False,0.00046082949308767773,next_close_fail,2026-08-03,09:45,21.71
603212.SSE,赛伍技术,yin2,2024-09-19,10.42,-0.06813819577735114,False,0.024287222808869968,next_close_fail,2024-09-19,11:00,9.7
603212.SSE,赛伍技术,yin2,2026-07-10,12.03,-0.09393183707398167,False,-0.001828153564899404,next_close_fail,2026-07-10,13:15,10.92
603212.SSE,赛伍技术,yin2,2026-07-23,10.46,-0.024856596558317512,True,0.0,next_close_fail,2026-07-23,13:15,9.51
603214.SSE,爱婴室,yin2,2025-04-08,21.54,0.0352831940575673,True,-0.004085801838610736,next_close_fail,2025-04-08,09:45,19.5
603222.SSE,济民健康,yin2,2026-07-06,8.98,-0.03563474387527843,False,-0.001225490196078427,next_close_fail,2026-07-06,13:15,8.15
603228.SSE,景旺电子,yin2,2026-08-12,98.21,-0.01028408512371437,True,-0.004144265232974953,next_close_fail,2026-08-12,14:45,88.91
603228.SSE,景旺电子,yin2,2026-09-04,97.26,,False,0.03426826509839409,open_end,2026-09-04,13:15,91.45
603232.SSE,格尔软件,yin2,2025-11-25,27.02,-0.03774981495188745,True,0.021172638436482094,next_close_fail,2025-11-25,09:45,25.08
603239.SSE,浙江仙通,yin2,2025-09-26,22.23,-0.05308142150247408,True,0.023255813953488413,next_close_fail,2025-09-26,11:15,20.68
603256.SSE,宏和科技,yin2,2024-12-04,10.42,-0.014395393474088358,False,-0.008447729672650506,next_close_fail,2024-12-04,10:30,9.39
603256.SSE,宏和科技,yin2,2025-07-31,23.54,0.14528462192013603,True,0.04672897196261672,break_close,2025-07-31,09:45,22.4
603256.SSE,宏和科技,yin2,2025-08-13,27.15,0.30755064456721914,True,0.015802269043760253,break_close,2025-08-13,11:15,25.07
603256.SSE,宏和科技,yin2,2026-01-28,52.03,-0.01614453200076882,True,0.014799154334038223,next_close_fail,2026-01-28,11:30,48.0
603256.SSE,宏和科技,yin2,2026-05-28,197.91,0.021423879541205615,True,0.006002667852378796,next_close_fail,2026-05-28,10:45,181.0
603256.SSE,宏和科技,yin2,2026-07-14,207.9,-0.08513708513708518,False,0.00010582010582016466,next_close_fail,2026-07-14,13:30,189.02
603257.SSE,中国瑞林,yin2,2025-09-04,67.88,0.03388332351208034,True,0.0,next_close_fail,2025-09-04,10:30,61.71
603257.SSE,中国瑞林,yin2,2025-09-09,72.57,-0.029902163428413786,True,-0.013945732908898001,next_close_fail,2025-09-09,10:30,65.05
603261.SSE,立航科技,yin2,2026-06-23,51.36,-0.04595015576323991,False,-0.049261083743842304,next_close_fail,2026-06-23,13:45,44.39
603267.SSE,鸿远电子,yin2,2025-03-25,56.13,-0.009264208088366366,True,-0.0005878894767783471,next_close_fail,2025-03-25,10:00,51.0
603269.SSE,海鸥股份,yin2,2025-09-22,13.73,0.05462490895848515,True,0.029647435897435903,next_close_fail,2025-09-22,09:45,12.85
603270.SSE,金帝股份,yin2,2025-02-19,24.6,0.027235772357723453,True,0.0,next_close_fail,2025-02-19,11:30,22.36
603278.SSE,大业股份,yin2,2025-12-24,10.58,0.5217391304347827,True,0.0010395010395012338,break_close,2025-12-24,10:15,9.63
603286.SSE,日盈电子,yin2,2026-07-10,53.67,-0.047698900689398194,True,0.03381840541094494,next_close_fail,2026-07-10,10:45,50.44
603286.SSE,日盈电子,yin2,2026-07-31,37.75,-0.007947019867549643,True,0.037296037296037365,next_close_fail,2026-07-31,11:15,35.6
603290.SSE,斯达半导,yin2,2024-10-18,99.34,0.0011073082343466822,False,-0.003321891263425969,next_close_fail,2024-10-18,14:45,90.01
603297.SSE,永新光学,yin2,2024-11-08,113.93,-0.027473009742824628,False,0.013807086994303441,next_close_fail,2024-11-08,13:45,105.0
603306.SSE,华懋科技,yin2,2026-04-29,101.45,0.0,False,-0.02417868372546894,next_close_fail,2026-04-29,14:00,90.0
603306.SSE,华懋科技,yin2,2026-05-07,108.69,-0.01076455975710744,True,0.0060722598927234195,next_close_fail,2026-05-07,13:30,99.41
603315.SSE,福鞍股份,yin2,2025-03-17,14.55,0.19793814432989687,True,0.0,break_close,2025-03-17,15:00,13.23
603316.SSE,诚邦股份,yin2,2025-10-14,13.82,-0.08176555716353118,False,0.04697452229299359,next_close_fail,2025-10-14,09:45,13.15
603316.SSE,诚邦股份,yin2,2025-10-20,12.99,0.053117782909930744,True,0.007620660457239525,next_close_fail,2025-10-20,09:45,11.9
603322.SSE,超讯科技,yin2,2025-10-09,59.29,-0.024793388429752095,False,0.006493506493506551,next_close_fail,2025-10-09,13:45,54.25
603324.SSE,盛剑科技,yin2,2024-08-30,24.75,-0.02020202020202022,True,0.008444444444444477,next_close_fail,2024-08-30,10:45,22.69
603331.SSE,百达精工,yin2,2025-05-13,11.68,-0.02654109589041098,True,-0.011299435028248483,next_close_fail,2025-05-13,11:00,10.5
603333.SSE,福华尚纬,yin2,2024-12-19,5.46,-0.02197802197802201,True,-0.010080645161290258,next_close_fail,2024-12-19,09:45,4.91
603335.SSE,迪生力,yin2,2026-06-25,9.1,-0.006593406593406681,True,0.03506650544135437,next_close_fail,2026-06-25,09:45,8.56
603335.SSE,迪生力,yin2,2026-06-30,9.05,0.022099447513812098,True,-0.025516403402187193,next_close_fail,2026-06-30,13:15,8.02
603358.SSE,华达科技,yin2,2026-08-04,39.61,0.0535218379197171,True,0.007497917245209651,next_close_fail,2026-08-04,11:30,36.28
603360.SSE,百傲化学,yin2,2024-10-23,20.0,-0.030000000000000027,False,-0.00990099009900991,next_close_fail,2024-10-23,10:15,18.0
603360.SSE,百傲化学,yin2,2024-10-29,21.12,-0.015151515151515138,False,0.08072916666666674,next_close_fail,2024-10-29,11:15,20.75
603363.SSE,傲农生物,yin2,2025-09-08,5.17,-0.015473887814313358,True,0.02127659574468077,next_close_fail,2025-09-08,09:45,4.8
603380.SSE,易德龙,yin2,2026-07-08,47.29,-0.10002114611968693,True,0.05698999767387747,next_close_fail,2026-07-08,09:45,45.44
603387.SSE,基蛋生物,yin2,2026-03-27,9.9,0.031313131313131404,True,-0.013333333333333197,next_close_fail,2026-03-27,10:15,8.88
603387.SSE,基蛋生物,yin2,2026-04-10,10.73,-0.06989748369058713,False,0.00820512820512831,next_close_fail,2026-04-10,10:00,9.83
603390.SSE,通达电气,yin2,2025-05-26,13.19,0.3646702047005308,True,-0.04587155963302758,break_close,2025-05-26,10:15,11.44
603390.SSE,通达电气,yin2,2026-05-15,14.8,-0.02972972972972987,True,0.011152416356877248,next_close_fail,2026-05-15,10:00,13.6
603400.SSE,华之杰,yin2,2026-08-04,45.03,-0.0013324450366423157,True,0.006350757205666913,next_close_fail,2026-08-04,13:30,41.2
603400.SSE,华之杰,yin2,2026-08-20,51.78,-0.056585554268057114,False,-0.002549394518801762,next_close_fail,2026-08-20,14:30,46.95
603421.SSE,鼎信通讯,yin2,2025-09-30,8.0,0.004999999999999893,True,0.0027510316368639653,next_close_fail,2025-09-30,09:45,7.29
603456.SSE,九洲药业,yin2,2024-10-31,17.06,-0.09144196951934347,False,0.030303030303030276,next_close_fail,2024-10-31,11:00,15.98
603458.SSE,勘设股份,yin2,2026-01-14,13.11,-0.024408848207475242,True,-0.009228187919463005,next_close_fail,2026-01-14,09:45,11.81
603488.SSE,展鹏科技,yin2,2026-01-12,10.67,0.08716026241799435,True,-0.03608247422680411,break_close,2026-01-12,10:45,9.35
603488.SSE,展鹏科技,yin2,2026-01-27,10.59,-0.0056657223796034994,True,0.0010384215991692258,next_close_fail,2026-01-27,13:15,9.64
603496.SSE,恒为科技,yin2,2026-01-14,39.51,-0.12300683371298404,False,0.043986636971046655,next_close_fail,2026-01-14,13:15,37.5
603516.SSE,淳中科技,yin2,2024-12-06,50.39,0.04584242905338365,True,-0.012224405151713635,next_close_fail,2024-12-06,13:45,45.25
603516.SSE,淳中科技,yin2,2025-08-05,72.66,0.08601706578585189,True,0.01604844814534445,next_close_fail,2025-08-05,13:30,67.11
603516.SSE,淳中科技,yin2,2025-08-13,102.3,0.060508308895405705,True,0.0011827956989247657,next_close_fail,2025-08-13,10:00,93.11
603516.SSE,淳中科技,yin2,2026-07-14,109.04,-0.09996331621423338,True,0.07434681731060233,next_close_fail,2026-07-14,09:45,106.5
603538.SSE,美诺华,yin2,2026-07-06,42.69,0.023658936519091345,False,-0.030919866013914055,next_close_fail,2026-07-06,10:30,37.61
603559.SSE,中通国脉,yin2,2026-07-10,8.78,-0.02050113895216399,True,0.00877192982456143,next_close_fail,2026-07-10,09:45,8.05
603567.SSE,珍宝岛,yin2,2026-08-04,6.67,-0.010494752623688153,True,0.00990099009900991,next_close_fail,2026-08-04,10:15,6.12
603567.SSE,珍宝岛,yin2,2026-08-07,7.08,-0.0028248587570621764,True,-0.018633540372670843,next_close_fail,2026-08-07,09:45,6.32
603578.SSE,三星新材,yin2,2025-04-10,13.41,0.03579418344519025,True,0.01312551271534046,next_close_fail,2025-04-10,09:45,12.35
603580.SSE,艾艾精工,yin2,2026-08-17,58.2,0.16821305841924383,True,0.020034020034020106,break_close,2026-08-17,10:00,53.97
603585.SSE,苏利股份,yin2,2024-12-04,15.82,0.0164348925410871,True,-0.01599443671766343,next_close_fail,2024-12-04,13:45,14.15
603585.SSE,苏利股份,yin2,2025-06-12,20.87,-0.04887398179204594,False,-0.023194517659462233,next_close_fail,2025-06-12,10:15,18.53
603601.SSE,再升科技,yin2,2025-08-21,6.41,-0.04836193447737913,True,0.0034305317324183626,next_close_fail,2025-08-21,09:45,5.85
603601.SSE,再升科技,yin2,2026-03-18,11.77,0.01954120645709434,True,0.0841121495327104,next_close_fail,2026-03-18,10:00,11.6
603608.SSE,天创时尚,yin2,2026-01-12,9.82,0.05498981670061087,True,-0.002239641657334812,next_close_fail,2026-01-12,10:45,8.91
603608.SSE,天创时尚,yin2,2026-02-11,11.5,-0.01826086956521744,True,-0.006698564593301315,next_close_fail,2026-02-11,09:45,10.38
603610.SSE,麒盛科技,yin2,2024-12-25,12.35,0.036437246963562764,True,0.019590382902938464,next_close_fail,2024-12-25,10:45,11.45
603610.SSE,麒盛科技,yin2,2024-12-30,13.57,-0.07074428887251294,False,-0.01944894651539708,next_close_fail,2024-12-30,11:30,12.1
603616.SSE,韩建河山,yin2,2026-06-18,6.46,0.018575851393188847,True,0.006814310051107331,next_close_fail,2026-06-18,10:15,5.91
603618.SSE,杭电股份,yin2,2026-05-06,31.09,0.19974268253457694,True,0.03538570417551301,break_close,2026-05-06,09:45,29.26
603618.SSE,杭电股份,yin2,2026-09-02,37.22,0.05454056958624398,True,-0.024822695035461084,next_close_fail,2026-09-02,11:30,33.0
603626.SSE,科森科技,yin2,2026-03-12,24.37,-0.043906442347148134,True,0.010383747178329683,next_close_fail,2026-03-12,09:45,22.38
603629.SSE,利通电子,yin2,2026-02-27,58.52,-0.0071770334928229484,True,-0.03552631578947374,break_close,2026-02-27,11:00,51.31
603629.SSE,利通电子,yin2,2026-03-11,63.15,0.016943784639746662,True,0.012715554781397076,next_close_fail,2026-03-11,15:00,58.14
603629.SSE,利通电子,yin2,2026-03-25,62.68,0.053765156349712795,True,0.011407511407511617,next_close_fail,2026-03-25,10:00,57.63
603629.SSE,利通电子,yin2,2026-05-13,172.71,-0.013375021712697555,True,-6.369021081453763e-05,next_close_fail,2026-05-13,10:00,157.0
603629.SSE,利通电子,yin2,2026-08-04,102.41,0.19636754223220398,True,0.07851772287862513,break_close,2026-08-04,09:45,100.41
603629.SSE,利通电子,yin2,2026-08-13,131.3,0.08789032749428771,False,0.055630026809651456,break_close,2026-08-13,09:45,126.0
603636.SSE,南威软件,yin2,2026-05-19,12.61,-0.06661379857256144,True,-0.0017452006980803736,next_close_fail,2026-05-19,09:45,11.44
603648.SSE,畅联股份,yin2,2025-04-25,11.29,-0.05491585473870675,True,-0.0019493177387913674,next_close_fail,2025-04-25,11:00,10.24
603662.SSE,柯力传感,yin2,2024-11-08,43.7,-0.0240274599542335,False,0.0025169896803423075,next_close_fail,2024-11-08,10:15,39.83
603662.SSE,柯力传感,yin2,2024-11-19,42.15,0.08659549228944252,True,0.0,break_close,2024-11-19,14:30,38.32
603662.SSE,柯力传感,yin2,2025-01-02,71.06,-0.04840979453982541,False,0.012848297213622573,next_close_fail,2025-01-02,11:00,65.43
603663.SSE,三祥新材,yin2,2026-06-18,87.49,0.15521773917019077,True,0.046768921297460464,break_close,2026-06-18,09:45,83.26
603667.SSE,五洲新春,yin2,2025-01-14,34.54,0.1667631731325998,True,0.019108280254777066,break_close,2025-01-14,10:00,32.0
603667.SSE,五洲新春,yin2,2026-02-06,85.65,0.02767075306479838,True,-0.017467248908296984,next_close_fail,2026-02-06,10:30,76.5
603676.SSE,卫信康,yin2,2025-07-08,14.06,0.007823613086771042,True,-0.04068857589984343,next_close_fail,2025-07-08,09:45,12.26
603678.SSE,火炬电子,yin2,2026-06-11,61.91,-0.060733322565013736,True,-0.000710732054015617,next_close_fail,2026-06-11,13:15,56.24
603678.SSE,火炬电子,yin2,2026-06-15,63.97,0.05830858214788193,True,0.03009458297506451,next_close_fail,2026-06-15,09:45,59.9
603678.SSE,火炬电子,yin2,2026-06-24,68.3,0.16383601756954613,True,-0.0006442261233694513,break_close,2026-06-24,09:45,62.05
603678.SSE,火炬电子,yin2,2026-07-23,48.39,-0.1316387683405662,False,0.01614003182541479,next_close_fail,2026-07-23,09:45,44.7
603679.SSE,华体科技,yin2,2024-11-04,15.93,0.22284996861268058,True,0.013812154696132506,break_close,2024-11-04,10:30,14.68
603686.SSE,福龙马,yin2,2025-11-04,33.47,0.024798326859874376,True,-0.014130791981597057,next_close_fail,2025-11-04,10:15,30.0
603693.SSE,江苏新能,yin2,2025-03-31,12.41,0.08783239323126502,True,0.006205673758865382,break_close,2025-03-31,15:00,11.35
603693.SSE,江苏新能,yin2,2025-04-14,14.66,0.008185538881309684,True,0.017254313578394687,next_close_fail,2025-04-14,10:30,13.56
603703.SSE,盛洋科技,yin2,2026-01-12,18.9,-0.07619047619047603,True,0.03608847497089651,next_close_fail,2026-01-12,09:45,17.8
603713.SSE,密尔克卫,yin2,2026-07-03,79.23,-0.011106903950523939,True,0.006802721088435382,next_close_fail,2026-07-03,09:45,72.52
603716.SSE,塞力医疗,yin2,2024-11-25,9.03,0.03765227021040962,True,0.05968331303288643,break_close,2024-11-25,09:45,8.7
603716.SSE,塞力医疗,yin2,2024-12-09,9.99,-0.029029029029029152,True,0.045154185022026505,next_close_fail,2024-12-09,09:45,9.49
603716.SSE,塞力医疗,yin2,2025-02-14,9.7,0.14020618556701048,True,0.020408163265306145,break_close,2025-02-14,09:45,9.0
603716.SSE,塞力医疗,yin2,2025-03-03,10.01,0.04695304695304703,True,0.00219780219780219,next_close_fail,2025-03-03,10:00,9.12
603716.SSE,塞力医疗,yin2,2026-01-08,26.66,0.04388597149287321,True,-0.027640264026402517,next_close_fail,2026-01-08,10:45,23.57
603716.SSE,塞力医疗,yin2,2026-08-20,17.3,-0.08439306358381504,True,0.04831532104259373,next_close_fail,2026-08-20,10:00,16.49
603738.SSE,泰晶科技,yin2,2026-03-27,26.19,0.025200458190148822,True,-0.02267954640907177,next_close_fail,2026-03-27,11:00,23.27
603757.SSE,大元泵业,yin2,2026-07-06,79.19,-0.06326556383381732,True,-0.02333657452423943,next_close_fail,2026-07-06,10:00,70.31
603758.SSE,秦安股份,yin2,2024-11-25,9.08,-0.018722466960352402,True,0.0072727272727273196,next_close_fail,2024-11-25,10:45,8.31
603773.SSE,沃格光电,yin2,2026-04-17,52.9,0.1060491493383744,True,-0.0018714909544604863,break_close,2026-04-17,09:45,48.0
603773.SSE,沃格光电,yin2,2026-04-27,64.13,-0.01138312802120689,True,0.03893653516295026,next_close_fail,2026-04-27,09:45,60.57
603773.SSE,沃格光电,yin2,2026-04-29,69.74,-0.0055921995985087625,True,0.015930599369085252,next_close_fail,2026-04-29,09:45,64.41
603776.SSE,永安行,yin2,2025-07-03,21.48,0.0488826815642458,True,0.0025601638504861857,next_close_fail,2025-07-03,10:00,19.58
603778.SSE,国晟科技,yin2,2026-03-03,15.51,0.01998710509348811,True,0.007092198581560183,next_close_fail,2026-03-03,09:45,14.2
603778.SSE,国晟科技,yin2,2026-03-06,17.11,0.03565166569257738,True,0.019935691318327953,next_close_fail,2026-03-06,10:30,15.86
603778.SSE,国晟科技,yin2,2026-04-01,27.5,0.0603636363636364,True,0.019200000000000106,next_close_fail,2026-04-01,11:00,25.48
603800.SSE,洪田股份,yin2,2025-08-28,49.72,-0.05470635559131132,True,0.00044247787610607325,next_close_fail,2025-08-28,14:30,45.22
603800.SSE,洪田股份,yin2,2025-09-01,51.7,-0.05415860735009681,True,-0.0072340425531916,next_close_fail,2025-09-01,14:00,46.66
603803.SSE,瑞斯康达,yin2,2026-03-18,13.13,0.05864432597105851,True,0.015075376884422065,next_close_fail,2026-03-18,09:45,12.12
603803.SSE,瑞斯康达,yin2,2026-03-23,14.61,0.06844626967830258,True,-0.04216867469879504,next_close_fail,2026-03-23,10:30,12.72
603803.SSE,瑞斯康达,yin2,2026-04-01,13.68,-0.030701754385964897,True,0.04983922829581999,next_close_fail,2026-04-01,09:45,13.06
603808.SSE,歌力思,yin2,2026-04-09,11.36,-0.052816901408450634,True,-0.006776379477250738,next_close_fail,2026-04-09,10:45,10.26
603809.SSE,豪能股份,yin2,2024-11-29,12.07,0.04059652029826011,True,-0.011850501367365651,next_close_fail,2024-11-29,14:00,10.84
603810.SSE,丰山集团,yin2,2025-10-16,17.28,-0.03125000000000011,True,0.005092297899427001,next_close_fail,2025-10-16,09:45,15.79
603811.SSE,诚意药业,yin2,2025-07-14,11.03,0.15049864007252944,True,0.06480558325024921,break_close,2025-07-14,09:45,10.68
603811.SSE,诚意药业,yin2,2025-08-04,13.45,0.1598513011152416,True,0.0417007358953394,break_close,2025-08-04,09:45,12.74
603811.SSE,诚意药业,yin2,2025-08-08,16.61,-0.037928958458759765,True,0.01059602649006619,next_close_fail,2025-08-08,13:30,15.26
603819.SSE,神力股份,yin2,2024-11-22,12.33,0.04947283049472828,True,0.015165031222123204,next_close_fail,2024-11-22,09:45,11.38
603819.SSE,神力股份,yin2,2024-11-27,13.04,0.008435582822085896,True,0.0008438818565401629,next_close_fail,2024-11-27,09:45,11.86
603823.SSE,百合花,yin2,2026-08-17,78.09,0.06633371750544237,True,0.020002817298210962,break_close,2026-08-17,09:45,72.41
603829.SSE,洛凯股份,yin2,2025-11-21,25.94,-0.09984579799537396,True,0.0199321458863444,next_close_fail,2025-11-21,09:45,24.05
603839.SSE,安正时尚,yin2,2024-08-19,5.75,-0.09913043478260875,True,0.005736137667303964,next_close_fail,2024-08-19,09:45,5.26
603839.SSE,安正时尚,yin2,2025-05-15,6.79,0.038291605301914444,True,0.0,break_close,2025-05-15,13:15,6.17
603839.SSE,安正时尚,yin2,2025-05-22,7.58,-0.03430079155672816,True,0.0014513788098695635,next_close_fail,2025-05-22,09:45,6.9
603861.SSE,白云电器,yin2,2026-07-23,12.1,-0.044628099173553704,True,0.0,next_close_fail,2026-07-23,14:45,11.0
603863.SSE,松炀资源,yin2,2024-11-05,28.95,0.07806563039723668,True,0.012917933130699,next_close_fail,2024-11-05,13:30,26.66
603879.SSE,永悦科技,yin2,2025-12-24,6.0,0.01333333333333342,True,0.00917431192660545,next_close_fail,2025-12-24,10:30,5.5
603882.SSE,金域医学,yin2,2025-02-14,36.3,0.025344352617080013,True,0.030303030303030276,next_close_fail,2025-02-14,11:00,34.0
603882.SSE,金域医学,yin2,2025-02-19,38.62,0.044018643190057105,True,0.0,next_close_fail,2025-02-19,11:00,35.11
603883.SSE,老百姓,yin2,2024-11-06,21.18,-0.019830028328611804,False,0.0,next_close_fail,2024-11-06,13:45,19.25
603893.SSE,瑞芯微,yin2,2024-10-14,74.8,0.053342245989304926,True,0.04264705882352948,next_close_fail,2024-10-14,11:00,70.9
603893.SSE,瑞芯微,yin2,2024-12-26,115.28,0.001734906315058904,True,-0.007633587786259555,next_close_fail,2024-12-26,13:15,104.0
603893.SSE,瑞芯微,yin2,2025-01-17,139.41,0.032924467398321555,True,-0.0074167587186365624,next_close_fail,2025-01-17,11:00,125.8
603893.SSE,瑞芯微,yin2,2025-09-18,229.15,-0.06052803840279297,False,0.010800691244239546,next_close_fail,2025-09-18,10:15,210.57
603897.SSE,长城科技,yin2,2026-03-16,34.84,-0.13518943742824352,False,0.02494474265866753,next_close_fail,2026-03-16,09:45,32.46
603897.SSE,长城科技,yin2,2026-03-18,33.14,0.006940253470126612,True,0.00896116827082638,next_close_fail,2026-03-18,09:45,30.4
603898.SSE,好莱客,yin2,2025-12-02,13.93,-0.004307250538406304,True,0.003949447077409296,next_close_fail,2025-12-02,09:45,12.71
603898.SSE,好莱客,yin2,2025-12-08,14.48,0.023480662983425438,True,0.03039513677811545,next_close_fail,2025-12-08,11:30,13.56
603900.SSE,莱绅通灵,yin2,2025-04-17,6.79,-0.06627393225331368,True,0.004862236628849326,next_close_fail,2025-04-17,09:45,6.2
603903.SSE,中持股份,yin2,2025-10-31,14.98,0.01869158878504673,True,0.03524229074889873,next_close_fail,2025-10-31,09:45,14.1
603906.SSE,龙蟠科技,yin2,2024-11-28,14.5,-0.10965517241379308,False,-0.04400606980273136,next_close_fail,2024-11-28,09:45,12.6
603918.SSE,金桥信息,yin2,2025-03-06,20.09,-0.0701841712294674,True,0.06845564074479737,next_close_fail,2025-03-06,09:45,19.51
603920.SSE,世运电路,yin2,2024-10-29,28.44,-0.015471167369901617,False,-0.0181818181818183,next_close_fail,2024-10-29,13:30,25.38
603929.SSE,亚翔集成,yin2,2025-11-18,58.18,-0.03489171536610525,True,0.0,next_close_fail,2025-11-18,14:00,52.89
603929.SSE,亚翔集成,yin2,2025-12-22,98.46,0.08968108876701208,True,-0.011842252262317055,break_close,2025-12-22,13:30,88.45
603929.SSE,亚翔集成,yin2,2025-12-26,116.6,-0.1907375643224699,False,0.009433962264151052,next_close_fail,2025-12-26,11:00,107.0
603929.SSE,亚翔集成,yin2,2026-01-27,149.6,0.05848930481283432,True,0.013014705882353095,next_close_fail,2026-01-27,10:45,137.77
603929.SSE,亚翔集成,yin2,2026-06-17,232.18,-0.07175467309845807,True,-0.01928270242099772,next_close_fail,2026-06-17,14:00,207.0
603929.SSE,亚翔集成,yin2,2026-07-10,230.54,-0.09820421618808006,False,0.030632693959347312,next_close_fail,2026-07-10,09:45,216.0
603933.SSE,睿能科技,yin2,2026-04-16,24.95,-0.018036072144288595,True,0.005291005291005346,next_close_fail,2026-04-16,13:30,22.8
603933.SSE,睿能科技,yin2,2026-04-29,23.27,0.05027932960893855,True,0.051063829787234116,next_close_fail,2026-04-29,09:45,22.23
603950.SSE,长源东谷,yin2,2026-07-16,69.44,-0.10858294930875578,False,-0.012513860288293932,next_close_fail,2026-07-16,10:00,62.34
603955.SSE,大千生态,yin2,2025-04-28,22.83,-0.007008322382829446,True,0.0212048192771086,next_close_fail,2025-04-28,10:30,21.19
603955.SSE,大千生态,yin2,2025-04-30,24.94,0.016038492381716063,True,0.01896779885310984,next_close_fail,2025-04-30,11:15,23.1
603955.SSE,大千生态,yin2,2025-05-19,34.96,0.07151029748283744,True,0.03870358716173694,next_close_fail,2025-05-19,13:45,33.01
603956.SSE,威派格,yin2,2026-07-31,6.59,0.04552352048558417,True,0.011686143572620988,next_close_fail,2026-07-31,13:15,6.06
603958.SSE,哈森股份,yin2,2025-04-01,17.81,0.09208309938236958,True,-0.0006176652254479276,next_close_fail,2025-04-01,14:45,16.18
603958.SSE,哈森股份,yin2,2026-02-26,20.75,0.043855421686747054,True,0.02279957582184511,next_close_fail,2026-02-26,13:15,19.29
603958.SSE,哈森股份,yin2,2026-08-20,18.68,0.1916488222698074,True,0.0,break_close,2026-08-20,09:45,16.98
603967.SSE,中创物流,yin2,2025-04-16,13.27,0.006028636021100153,True,0.00995024875621886,next_close_fail,2025-04-16,09:45,12.18
603978.SSE,深圳新星,yin2,2025-11-11,38.41,-0.086175475136683,False,-0.026345933562428425,next_close_fail,2025-11-11,11:30,34.0
603978.SSE,深圳新星,yin2,2025-11-20,34.91,-0.09997135491263232,True,0.00504095778197855,next_close_fail,2025-11-20,09:45,31.9
603980.SSE,吉华集团,yin2,2025-06-09,5.2,0.05769230769230771,True,0.0021141649048626032,break_close,2025-06-09,13:15,4.74
603982.SSE,泉峰汽车,yin2,2025-06-19,10.85,-0.05437788018433176,True,0.0040567951318459805,next_close_fail,2025-06-19,09:45,9.9
603982.SSE,泉峰汽车,yin2,2025-06-30,11.08,0.01534296028880866,True,0.002979145978152964,next_close_fail,2025-06-30,10:15,10.1
603988.SSE,中电电机,yin2,2024-09-26,15.75,-0.08698412698412694,False,-0.0041899441340782495,next_close_fail,2024-09-26,10:00,14.26
603988.SSE,中电电机,yin2,2024-11-18,19.68,-0.0015243902439024959,True,0.0011179429849077493,next_close_fail,2024-11-18,09:45,17.91
603988.SSE,中电电机,yin2,2026-07-27,18.04,-0.021064301552106368,True,-0.04390243902439017,next_close_fail,2026-07-27,14:15,15.68
603988.SSE,中电电机,yin2,2026-08-05,20.65,0.08571428571428585,True,0.012253596164091718,break_close,2026-08-05,14:30,19.0
603988.SSE,中电电机,yin2,2026-08-20,21.2,-0.019339622641509457,True,0.02750389206019732,next_close_fail,2026-08-20,09:45,19.8
603989.SSE,艾华集团,yin2,2026-06-15,31.64,0.40391908975979773,False,0.022600834492350508,break_close,2026-06-15,11:15,29.41
603990.SSE,麦迪科技,yin2,2025-03-14,16.15,-0.04891640866873059,False,0.006130790190735702,next_close_fail,2025-03-14,15:00,14.77
605005.SSE,合兴股份,yin2,2025-06-03,21.99,0.03683492496589369,True,-0.10005002501250626,break_close,2025-06-03,09:45,17.99
605006.SSE,山东玻纤,yin2,2025-07-01,7.39,0.023004059539918797,True,-0.004464285714285587,next_close_fail,2025-07-01,14:00,6.69
605006.SSE,山东玻纤,yin2,2026-07-09,17.61,-0.048835888699602426,False,0.01998750780761993,next_close_fail,2026-07-09,09:45,16.33
605028.SSE,世茂能源,yin2,2026-07-22,24.37,0.07098892080426755,True,-0.0004514672686228849,next_close_fail,2026-07-22,09:45,22.14
605033.SSE,美邦股份,yin2,2025-06-12,22.3,-0.0008968609865470656,True,0.0009866798223976403,next_close_fail,2025-06-12,10:15,20.29
605056.SSE,咸亨国际,yin2,2024-10-18,13.67,0.05559619604974397,True,0.006436041834271933,next_close_fail,2024-10-18,14:45,12.51
605068.SSE,明新旭腾,yin2,2025-05-12,22.4,-0.08616071428571426,False,0.018172888015717037,next_close_fail,2025-05-12,13:45,20.73
605086.SSE,龙高股份,yin2,2026-01-08,48.88,0.0020458265139116083,True,-0.00472547254725475,next_close_fail,2026-01-08,13:45,44.23
605099.SSE,共创草坪,yin2,2026-05-15,53.56,-0.10007468259895447,True,-0.003696857670979714,next_close_fail,2026-05-15,10:30,48.51
605138.SSE,盛泰集团,yin2,2025-05-13,7.02,0.11965811965811968,True,0.0031347962382446415,break_close,2025-05-13,10:00,6.4
605162.SSE,新中港,yin2,2026-08-10,9.33,-0.024651661307609873,True,0.003537735849056478,next_close_fail,2026-08-10,09:45,8.51
605162.SSE,新中港,yin2,2026-08-17,9.53,0.019937040923399874,True,-0.012702078521939941,next_close_fail,2026-08-17,15:00,8.55
605178.SSE,时空科技,yin2,2024-08-13,13.75,0.01090909090909098,True,0.0040000000000000036,next_close_fail,2024-08-13,09:45,12.55
605179.SSE,一鸣食品,yin2,2025-01-21,24.43,-0.11051985264019648,False,-0.004952723998199016,next_close_fail,2025-01-21,14:15,22.1
605189.SSE,富春染织,yin2,2026-08-10,17.33,-0.013271783035198936,False,-0.005714285714285672,next_close_fail,2026-08-10,10:00,15.66
605208.SSE,永茂泰,yin2,2025-02-27,11.62,-0.03958691910499135,True,0.032196969696969724,next_close_fail,2025-02-27,09:45,10.9
605208.SSE,永茂泰,yin2,2025-04-02,11.96,-0.024247491638796026,False,-0.0036798528058876734,next_close_fail,2025-04-02,13:30,10.83
605255.SSE,天普股份,yin2,2026-02-02,133.91,0.0875214696437907,True,0.0021356990307213053,next_close_fail,2026-02-02,11:00,122.0
605259.SSE,绿田机械,yin2,2025-07-25,26.07,0.03874184886843102,True,0.01223628691983114,next_close_fail,2025-07-25,13:30,23.99
605287.SSE,德才股份,yin2,2026-01-26,50.36,-0.06791104050833996,False,0.002621231979030192,next_close_fail,2026-01-26,09:45,45.9
605288.SSE,凯迪股份,yin2,2026-06-02,94.96,0.03201347935973042,True,0.0,next_close_fail,2026-06-02,11:00,86.33
605288.SSE,凯迪股份,yin2,2026-06-15,70.16,0.04760547320410491,True,0.015051740357478804,next_close_fail,2026-06-15,09:45,64.74
605289.SSE,罗曼股份,yin2,2025-09-29,68.79,0.06105538595726112,True,0.02334505916213625,next_close_fail,2025-09-29,13:30,64.0
605289.SSE,罗曼股份,yin2,2026-05-27,119.15,0.009232060428031819,True,0.0,next_close_fail,2026-05-27,11:15,108.32
605299.SSE,舒华体育,yin2,2026-03-27,19.25,0.0072727272727273196,True,-0.027999999999999914,next_close_fail,2026-03-27,14:45,17.01
605303.SSE,园林股份,yin2,2025-10-17,18.87,0.0,True,0.00291545189504383,next_close_fail,2025-10-17,13:30,17.2
605358.SSE,立昂微,yin2,2024-10-18,25.92,0.014660493827160392,False,0.0,next_close_fail,2024-10-18,14:45,23.56
605358.SSE,立昂微,yin2,2025-12-22,36.7,0.003814713896457711,True,0.010491606714628343,next_close_fail,2025-12-22,10:00,33.71
605358.SSE,立昂微,yin2,2026-01-05,38.3,0.08355091383812008,True,0.028144744399770216,break_close,2026-01-05,11:15,35.8
605366.SSE,宏柏新材,yin2,2026-04-15,13.41,0.04399701715137949,True,0.0008203445447088065,next_close_fail,2026-04-15,13:30,12.2
605377.SSE,华旺科技,yin2,2026-06-29,9.52,-0.02310924369747891,True,0.0011560693641619046,next_close_fail,2026-06-29,11:00,8.66
605377.SSE,华旺科技,yin2,2026-07-06,9.7,-0.003092783505154628,True,0.0011337868480725266,next_close_fail,2026-07-06,11:30,8.83
605580.SSE,恒盛能源,yin2,2025-10-24,35.23,-0.05449900652852668,False,-0.0009366219169528733,next_close_fail,2025-10-24,10:30,32.0
605598.SSE,上海港湾,yin2,2025-08-06,25.09,0.1570346751693903,False,0.0017536168347216385,break_close,2025-08-06,10:00,22.85
000012.SZSE,南 玻Ａ,yang2a,2026-06-16,4.52,0.02433628318584069,True,-0.0024330900243311193,next_close_fail,2026-06-16,09:45,4.1
000017.SZSE,深中华A,yang2a,2026-07-23,5.68,0.021126760563380254,True,-0.007751937984496138,next_close_fail,2026-07-23,10:00,5.12
000032.SZSE,深桑达Ａ,yang2a,2025-03-12,27.15,-0.06813996316758741,False,0.01296596434359798,next_close_fail,2025-03-12,13:45,25.0
000068.SZSE,华控赛格,yang2a,2026-07-01,3.11,-0.041800643086816636,True,0.007067137809187329,next_close_fail,2026-07-01,09:45,2.85
000070.SZSE,特发信息,yang2a,2025-08-25,10.51,0.050428163653663205,True,0.03769633507853398,break_close,2025-08-25,10:00,9.91
000520.SZSE,凤凰航运,yang2a,2026-07-01,4.1,0.10975609756097571,True,-0.008042895442359144,break_close,2026-07-01,10:00,3.7
000533.SZSE,顺钠股份,yang2a,2026-08-26,11.61,0.004306632213608941,True,0.0,next_close_fail,2026-08-26,11:15,10.55
000617.SZSE,中油资本,yang2a,2025-09-11,11.48,-0.029616724738675937,False,-0.009578544061302652,next_close_fail,2025-09-11,11:00,10.34
000620.SZSE,盈新发展,yang2a,2025-05-07,1.84,-0.05978260869565222,False,0.04790419161676662,next_close_fail,2025-05-07,09:45,1.75
000678.SZSE,襄阳轴承,yang2a,2024-09-06,4.4,0.04545454545454519,True,0.0024999999999999467,next_close_fail,2024-09-06,09:45,4.01
000681.SZSE,视觉中国,yang2a,2025-03-06,26.29,-0.042601749714720305,True,0.01087866108786617,next_close_fail,2025-03-06,11:30,24.16
000788.SZSE,北大医药,yang2a,2026-04-15,6.77,-0.016248153618906858,True,0.009756097560975618,next_close_fail,2026-04-15,13:30,6.21
000953.SZSE,中哲精化,yang2a,2025-04-11,5.46,0.0421245421245422,True,0.002016129032258007,next_close_fail,2025-04-11,14:45,4.97
001229.SZSE,魅视科技,yang2a,2026-07-22,37.83,-0.05841924398625431,False,0.003780168653678473,next_close_fail,2026-07-22,10:00,34.52
001257.SZSE,盛龙股份,yang2a,2026-06-11,25.22,0.2973830293417923,True,-0.0008722197993894509,break_close,2026-06-11,09:45,22.91
001267.SZSE,汇绿生态,yang2a,2025-11-06,18.93,0.07237189646064457,True,0.04416037187681576,next_close_fail,2025-11-06,13:15,17.97
001316.SZSE,润贝航科,yang2a,2025-04-30,39.05,0.31165172855313705,True,0.038591549295774685,break_close,2025-04-30,09:45,36.87
001331.SZSE,胜通能源,yang2a,2026-07-10,65.45,-0.15141329258976322,False,-0.004201680672268893,next_close_fail,2026-07-10,10:30,59.25
002094.SZSE,青岛金王,yang2a,2025-05-27,9.0,-0.011111111111111072,True,-0.011002444987775029,next_close_fail,2025-05-27,14:00,8.09
002105.SZSE,信隆健康,yang2a,2025-12-19,7.77,-0.005148005148005064,True,0.009915014164306069,next_close_fail,2025-12-19,13:45,7.13
002136.SZSE,安 纳 达,yang2a,2025-11-28,13.66,-0.046120058565153776,True,0.01449275362318847,next_close_fail,2025-11-28,13:30,12.6
002140.SZSE,东华科技,yang2a,2025-11-03,12.89,-0.021722265321955092,True,0.006825938566553003,next_close_fail,2025-11-03,11:00,11.8
002150.SZSE,正泰电源,yang2a,2026-04-09,32.78,0.019829164124466114,True,-0.010067114093959773,next_close_fail,2026-04-09,13:45,29.5
002162.SZSE,悦心健康,yang2a,2025-04-10,3.95,-0.03037974683544309,True,0.027855153203342642,next_close_fail,2025-04-10,10:30,3.69
002173.SZSE,创新医疗,yang2a,2026-08-04,20.92,0.016252390057361454,True,0.03207150368033651,next_close_fail,2026-08-04,10:00,19.63
002285.SZSE,世联行,yang2a,2024-08-30,1.88,-0.058510638297872286,False,0.0,next_close_fail,2024-08-30,13:15,1.71
002313.SZSE,日海智能,yang2a,2025-01-08,8.61,-0.0034843205574912606,True,-0.010217113665389577,break_close,2025-01-08,09:45,7.75
002313.SZSE,日海智能,yang2a,2025-03-04,11.52,0.005208333333333481,True,0.02005730659025784,next_close_fail,2025-03-04,09:45,10.68
002355.SZSE,兴民智通,yang2a,2026-03-05,7.33,-0.0013642564802182067,True,0.02102102102102088,next_close_fail,2026-03-05,09:45,6.8
002391.SZSE,长青股份,yang2a,2025-06-17,6.6,-0.040909090909090895,True,-0.00666666666666671,next_close_fail,2025-06-17,15:00,5.96
002421.SZSE,达实智能,yang2a,2026-06-22,4.21,-0.04513064133016631,True,0.02088772845953013,next_close_fail,2026-06-22,09:45,3.91
002425.SZSE,凯撒文化,yang2a,2024-08-30,2.85,-0.021052631578947434,True,-0.0038610038610037423,next_close_fail,2024-08-30,14:15,2.58
002471.SZSE,中超控股,yang2a,2026-03-05,9.04,0.009955752212389646,True,0.018248175182481674,next_close_fail,2026-03-05,11:00,8.37
002529.SZSE,海源复材,yang2a,2024-08-14,5.47,-0.01279707495429605,True,0.012072434607645954,next_close_fail,2024-08-14,09:45,5.03
002565.SZSE,顺灏股份,yang2a,2026-03-31,17.01,-0.018224573780129427,True,0.0038809831824060392,next_close_fail,2026-03-31,09:45,15.52
002570.SZSE,贝因美,yang2a,2024-10-18,3.43,-0.008746355685131268,True,0.05769230769230771,next_close_fail,2024-10-18,09:45,3.3
002596.SZSE,海南瑞泽,yang2a,2024-12-27,3.5,0.04571428571428582,True,0.012578616352201255,next_close_fail,2024-12-27,10:15,3.22
002629.SZSE,仁智股份,yang2a,2026-03-17,6.97,0.007173601147776099,True,-0.003154574132492094,next_close_fail,2026-03-17,11:00,6.32
002640.SZSE,跨境通,yang2a,2024-11-05,3.26,0.0,False,0.020270270270270396,next_close_fail,2024-11-05,10:00,3.02
002651.SZSE,利君股份,yang2a,2026-08-24,8.61,-0.03252032520325199,True,-0.00766283524904221,next_close_fail,2026-08-24,10:00,7.77
002655.SZSE,共达电声,yang2a,2026-05-21,36.32,-0.033590308370044064,False,0.013325257419745551,next_close_fail,2026-05-21,10:15,33.46
002685.SZSE,华东重机,yang2a,2024-08-29,3.11,0.016077170418006492,True,0.0035335689045936647,next_close_fail,2024-08-29,10:15,2.84
002713.SZSE,东易日盛,yang2a,2024-12-19,5.93,-0.06745362563237767,True,-0.0445269016697587,next_close_fail,2024-12-19,13:45,5.15
002779.SZSE,中坚科技,yang2a,2025-01-08,71.59,0.06788657633747719,True,-0.013829133374308467,next_close_fail,2025-01-08,14:30,64.18
002792.SZSE,通宇通讯,yang2a,2024-11-20,16.75,0.05373134328358198,True,0.011162179908076109,break_close,2024-11-20,11:30,15.4
002900.SZSE,哈三联,yang2a,2025-06-10,16.7,-0.06886227544910173,True,-0.00988142292490124,next_close_fail,2025-06-10,09:45,15.03
002907.SZSE,华森制药,yang2a,2026-08-25,15.74,0.029224904701397714,True,-0.015373864430468287,next_close_fail,2026-08-25,10:00,14.09
002916.SZSE,深南电路,yang2a,2024-10-18,114.05,-0.011836913634370894,False,0.0028935185185186008,next_close_fail,2024-10-18,14:45,103.98
003041.SZSE,真爱美家,yang2a,2026-01-23,63.26,-0.055485298766993374,True,0.0046948356807512415,next_close_fail,2026-01-23,11:15,57.78
600076.SSE,康欣新材,yang2a,2026-07-28,3.0,-0.040000000000000036,True,0.08058608058608074,next_close_fail,2026-07-28,09:45,2.95
600212.SSE,绿能慧充,yang2a,2025-06-24,8.25,-0.0036363636363635488,True,-0.0040000000000000036,next_close_fail,2025-06-24,14:15,7.47
600363.SSE,联创光电,yang2a,2026-07-10,35.96,-0.146273637374861,False,-0.004894463138574334,next_close_fail,2026-07-10,13:15,32.53
600488.SSE,津药药业,yang2a,2026-05-29,5.54,0.02166064981949467,True,-0.007936507936507908,next_close_fail,2026-05-29,10:45,5.0
600506.SSE,统一股份,yang2a,2024-12-27,19.88,-0.02515090543259557,True,0.018262313226341975,next_close_fail,2024-12-27,09:45,18.4
600556.SSE,天下秀,yang2a,2025-01-14,5.24,0.27862595419847325,True,0.09033613445378164,break_close,2025-01-14,09:45,5.19
600619.SSE,海立股份,yang2a,2025-03-27,13.62,-0.008810572687224627,True,-0.00888529886914391,next_close_fail,2025-03-27,10:15,12.27
600644.SSE,乐山电力,yang2a,2026-08-03,10.29,0.013605442176870763,True,0.007486631016042855,next_close_fail,2026-08-03,14:15,9.42
600653.SSE,申华控股,yang2a,2024-12-02,2.38,0.025210084033613578,True,0.004629629629629539,next_close_fail,2024-12-02,11:15,2.17
600676.SSE,久事动娱,yang2a,2025-06-24,5.01,-0.06187624750498999,False,0.05274725274725278,next_close_fail,2025-06-24,09:45,4.79
600787.SSE,中储股份,yang2a,2025-04-22,6.66,0.016516516516516422,True,0.006611570247933907,next_close_fail,2025-04-22,14:00,6.09
600800.SSE,渤海化学,yang2a,2026-04-20,5.08,-0.009842519685039353,True,-0.0021645021645021467,next_close_fail,2026-04-20,10:00,4.61
600828.SSE,茂业商业,yang2a,2026-01-30,6.58,0.045592705167173175,True,0.010033444816053505,break_close,2026-01-30,09:45,6.04
600828.SSE,茂业商业,yang2a,2026-03-05,6.53,-0.019908116385911168,True,0.013468013468013407,next_close_fail,2026-03-05,10:45,6.02
600881.SSE,亚泰集团,yang2a,2025-06-09,1.93,-0.010362694300518172,True,0.0,next_close_fail,2025-06-09,13:45,1.75
600967.SSE,内蒙一机,yang2a,2025-04-09,10.89,0.03764921946740141,True,-0.016161616161616155,next_close_fail,2025-04-09,10:00,9.74
601011.SSE,宝泰隆,yang2a,2024-12-30,2.74,-0.0036496350364964014,True,0.04819277108433728,break_close,2024-12-30,15:00,2.61
601069.SSE,西部黄金,yang2a,2025-04-10,16.67,0.04199160167966398,True,0.01650165016501659,next_close_fail,2025-04-10,11:30,15.4
601127.SSE,赛力斯,yang2a,2024-12-02,133.75,0.014579439252336401,True,0.03626943005181338,next_close_fail,2024-12-02,10:00,126.0
601616.SSE,广电电气,yang2a,2025-01-14,3.97,0.007556675062972307,True,0.0,next_close_fail,2025-01-14,13:15,3.61
603023.SSE,威帝股份,yang2a,2025-12-16,5.17,-0.07350096711798837,True,0.06595744680851046,next_close_fail,2025-12-16,09:45,5.01
603023.SSE,威帝股份,yang2a,2026-01-06,5.63,-0.00888099467140313,True,0.005859375,next_close_fail,2026-01-06,10:45,5.15
603065.SSE,宿迁联盛,yang2a,2025-06-10,9.9,0.013131313131313105,True,-0.005555555555555647,next_close_fail,2025-06-10,10:30,8.95
603118.SSE,共进股份,yang2a,2025-02-06,10.35,-0.01449275362318847,False,-0.021253985122210328,next_close_fail,2025-02-06,11:30,9.21
603122.SSE,合富中国,yang2a,2024-08-27,5.73,-0.05061082024432806,True,-0.011516314779270509,next_close_fail,2024-08-27,09:45,5.15
603155.SSE,新亚强,yang2a,2026-07-10,28.28,-0.10007072135785011,True,0.04239595488136905,next_close_fail,2026-07-10,09:45,26.8
603171.SSE,税友股份,yang2a,2026-08-28,44.34,0.024808299503833897,True,0.03894815182336897,next_close_fail,2026-08-28,10:15,41.88
603188.SSE,亚邦股份,yang2a,2025-04-11,3.83,0.07571801566579639,True,-0.008620689655172376,break_close,2025-04-11,09:45,3.45
603206.SSE,嘉环科技,yang2a,2026-06-08,17.0,0.05470588235294116,True,-0.009708737864077555,next_close_fail,2026-06-08,09:45,15.3
603238.SSE,诺邦股份,yang2a,2025-03-25,15.84,0.037247474747474696,True,-0.006249999999999978,next_close_fail,2025-03-25,11:15,14.31
603305.SSE,旭升集团,yang2a,2026-01-22,20.26,0.06021717670286275,True,0.004343105320304019,next_close_fail,2026-01-22,13:45,18.5
603315.SSE,福鞍股份,yang2a,2025-03-06,13.34,0.008995502248875686,True,0.015663643858202736,next_close_fail,2025-03-06,13:15,12.32
603315.SSE,福鞍股份,yang2a,2026-05-07,18.9,0.005291005291005346,True,0.0017462165308499422,next_close_fail,2026-05-07,10:45,17.21
603353.SSE,和顺石油,yang2a,2024-12-23,16.72,0.02392344497607679,True,0.00328947368421062,next_close_fail,2024-12-23,10:00,15.25
603382.SSE,海阳科技,yang2a,2025-09-09,41.38,-0.023199613339777714,True,-0.0015948963317382603,next_close_fail,2025-09-09,15:00,37.56
603389.SSE,亚振家居,yang2a,2024-08-21,5.76,-0.015625,True,-0.01717557251908397,next_close_fail,2024-08-21,13:30,5.15
603601.SSE,再升科技,yang2a,2026-03-10,12.61,-0.012688342585249868,False,0.016579406631762605,next_close_fail,2026-03-10,09:45,11.65
603610.SSE,麒盛科技,yang2a,2025-01-08,11.73,-0.051150895140664954,False,0.02157598499061919,next_close_fail,2025-01-08,10:00,10.89
603630.SSE,拉芳家化,yang2a,2025-06-12,25.56,-0.06572769953051638,True,-0.0038726333907056487,next_close_fail,2025-06-12,14:30,23.15
603703.SSE,盛洋科技,yang2a,2025-12-25,14.77,-0.03182125930941093,False,0.0,next_close_fail,2025-12-25,11:00,13.43
603839.SSE,安正时尚,yang2a,2025-04-30,5.78,0.02076124567474058,True,0.04761904761904767,next_close_fail,2025-04-30,09:45,5.5
603883.SSE,老百姓,yang2a,2024-11-28,19.2,-0.025000000000000022,False,-0.002865329512893977,next_close_fail,2024-11-28,14:30,17.4
603893.SSE,瑞芯微,yang2a,2025-01-07,107.88,0.19280682239525415,True,0.009483022330988078,break_close,2025-01-07,11:15,99.0
603897.SSE,长城科技,yang2a,2026-03-30,32.89,-0.048038917604135034,True,0.006020066889632192,next_close_fail,2026-03-30,14:15,30.08
603920.SSE,世运电路,yang2a,2024-10-18,24.2,0.009917355371900971,False,-0.00045454545454548523,next_close_fail,2024-10-18,13:15,21.99
603929.SSE,亚翔集成,yang2a,2026-01-05,105.05,0.11756306520704429,True,0.02607329842931927,break_close,2026-01-05,10:00,97.99
603989.SSE,艾华集团,yang2a,2026-06-04,34.25,0.03649635036496357,True,-0.014450867052023142,next_close_fail,2026-06-04,13:30,30.69
605003.SSE,众望布艺,yang2a,2026-01-12,33.3,0.012012012012012185,False,0.0,next_close_fail,2026-01-12,10:45,30.27
605069.SSE,正和生态,yang2a,2025-03-24,10.67,0.08903467666354259,True,-0.01546391752577303,break_close,2025-03-24,14:45,9.55
605318.SSE,法狮龙,yang2a,2026-01-19,66.47,-0.014141718068301445,True,0.0044679794803905715,next_close_fail,2026-01-19,09:45,60.7
000017.SZSE,深中华A,yang2b,2026-07-09,6.67,-0.10194902548725637,False,-0.008250825082508184,next_close_fail,2026-07-09,10:15,6.01
000020.SZSE,深华发Ａ,yang2b,2024-09-19,13.54,-0.014032496307237796,True,-0.012185215272136452,next_close_fail,2024-09-19,14:45,12.16
000021.SZSE,深科技,yang2b,2024-11-11,23.41,-0.04015378043571127,True,0.012687969924811915,next_close_fail,2024-11-11,15:00,21.55
000029.SZSE,深深房Ａ,yang2b,2024-10-24,15.9,-0.013207547169811429,False,-0.008996539792387459,next_close_fail,2024-10-24,10:30,14.32
000029.SZSE,深深房Ａ,yang2b,2024-10-31,18.04,-0.059312638580931276,True,0.0,next_close_fail,2024-10-31,09:45,16.4
000034.SZSE,神州数码,yang2b,2025-02-13,49.41,0.09734871483505358,False,-0.009349955476402494,break_close,2025-02-13,13:45,44.5
000034.SZSE,神州数码,yang2b,2025-02-14,52.94,0.0241783150736683,True,-0.02181591522958659,next_close_fail,2025-02-14,10:15,47.08
000037.SZSE,深南电A,yang2b,2026-08-03,10.08,0.001984126984126977,True,0.026200873362445476,next_close_fail,2026-08-03,10:00,9.4
000039.SZSE,中集集团,yang2b,2026-02-26,13.56,-0.004424778761061954,False,-0.0040551500405515695,next_close_fail,2026-02-26,14:45,12.28
000061.SZSE,农 产 品,yang2b,2025-09-10,9.28,-0.006465517241379226,True,-0.004739336492890933,next_close_fail,2025-09-10,10:45,8.4
000062.SZSE,深圳华强,yang2b,2025-05-06,28.18,0.025550035486160416,True,0.007025761124121788,next_close_fail,2025-05-06,13:45,25.8
000068.SZSE,华控赛格,yang2b,2024-09-04,3.38,-0.10355029585798825,False,-0.013029315960912058,next_close_fail,2024-09-04,10:00,3.03
000068.SZSE,华控赛格,yang2b,2024-09-10,3.18,-0.04088050314465419,True,0.0,next_close_fail,2024-09-10,09:45,2.89
000070.SZSE,特发信息,yang2b,2025-09-12,11.53,-0.004336513443191636,True,0.01908396946564883,next_close_fail,2025-09-12,09:45,10.68
000158.SZSE,常山北明,yang2b,2025-02-24,27.47,0.025482344375682642,True,0.0008009611533841277,next_close_fail,2025-02-24,14:45,24.99
000430.SZSE,张家界,yang2b,2024-10-29,7.16,-0.0041899441340782495,False,0.01382488479262678,next_close_fail,2024-10-29,10:00,6.6
000503.SZSE,国新健康,yang2b,2024-10-23,16.72,-0.04246411483253576,True,0.0006578947368423016,next_close_fail,2024-10-23,10:45,15.21
000506.SZSE,招金黄金,yang2b,2025-06-30,10.14,-0.0641025641025641,False,0.03687635574837311,next_close_fail,2025-06-30,09:45,9.56
000506.SZSE,招金黄金,yang2b,2026-07-22,13.02,0.009984639016897168,True,0.020270270270270396,next_close_fail,2026-07-22,11:30,12.08
000506.SZSE,招金黄金,yang2b,2026-07-30,13.98,0.05221745350500728,False,0.03068450039339088,break_close,2026-07-30,09:45,13.1
000509.SZSE,华塑控股,yang2b,2026-03-20,4.54,-0.09911894273127753,True,0.004842615012106588,next_close_fail,2026-03-20,10:00,4.15
000514.SZSE,渝 开 发,yang2b,2025-05-07,4.85,-0.061855670103092786,False,0.04081632653061207,next_close_fail,2025-05-07,09:45,4.59
000516.SZSE,国际医学,yang2b,2026-01-13,5.63,-0.010657193605683735,True,0.0,break_close,2026-01-13,10:15,5.12
000518.SZSE,四环生物,yang2b,2024-11-21,3.54,-0.04802259887005644,False,0.0031055900621117516,next_close_fail,2024-11-21,10:45,3.23
000523.SZSE,红棉股份,yang2b,2026-01-20,4.24,-0.021226415094339535,True,-0.007792207792207906,next_close_fail,2026-01-20,11:15,3.82
000536.SZSE,华映科技,yang2b,2025-02-25,5.96,0.03691275167785224,True,-0.011070110701106972,next_close_fail,2025-02-25,09:45,5.36
000536.SZSE,华映科技,yang2b,2025-03-06,6.3,-0.053968253968254,True,0.0,next_close_fail,2025-03-06,11:15,5.73
000539.SZSE,粤电力Ａ,yang2b,2026-04-21,6.39,0.025039123630672844,True,0.001721170395869276,next_close_fail,2026-04-21,10:30,5.82
000561.SZSE,烽火电子,yang2b,2024-10-31,11.31,-0.12997347480106103,False,0.0009727626459143934,next_close_fail,2024-10-31,11:30,10.29
000566.SZSE,海南海药,yang2b,2024-10-31,5.37,-0.11545623836126628,False,-0.020491803278688492,next_close_fail,2024-10-31,13:15,4.78
000566.SZSE,海南海药,yang2b,2024-11-05,5.34,0.20786516853932602,True,-0.010309278350515427,break_close,2024-11-05,10:00,4.8
000567.SZSE,海德股份,yang2b,2024-09-30,6.92,0.07658959537572252,True,0.07154213036565982,break_close,2024-09-30,13:15,6.74
000567.SZSE,海德股份,yang2b,2024-10-31,8.59,0.0372526193247964,False,-0.014084507042253502,break_close,2024-10-31,13:45,7.7
000567.SZSE,海德股份,yang2b,2024-11-01,9.23,-0.034669555796316365,True,-0.010727056019070313,next_close_fail,2024-11-01,13:15,8.3
000576.SZSE,甘化科工,yang2b,2024-12-03,8.47,0.010625737898465104,False,0.0,next_close_fail,2024-12-03,13:30,7.7
000586.SZSE,汇源通信,yang2b,2025-02-26,11.25,-0.039999999999999925,False,-0.0019550342130987275,next_close_fail,2025-02-26,14:30,10.21
000592.SZSE,平潭发展,yang2b,2024-11-07,2.62,0.03053435114503822,True,-0.008403361344537785,next_close_fail,2024-11-07,09:45,2.36
000593.SZSE,德龙汇能,yang2b,2026-02-25,15.9,-0.09999999999999998,True,0.0020761245674740803,next_close_fail,2026-02-25,13:15,14.48
000603.SZSE,盛达资源,yang2b,2026-01-28,67.28,0.007728894173602896,True,0.026651406147809142,next_close_fail,2026-01-28,13:45,62.79
000608.SZSE,阳光股份,yang2b,2024-12-06,2.93,-0.013651877133105783,True,0.0,next_close_fail,2024-12-06,09:45,2.66
000617.SZSE,中油资本,yang2b,2024-11-05,9.0,-0.01666666666666672,False,-0.003667481662591565,next_close_fail,2024-11-05,14:00,8.15
000620.SZSE,盈新发展,yang2b,2026-07-10,3.63,-0.07438016528925617,True,0.015151515151515138,next_close_fail,2026-07-10,09:45,3.35
000636.SZSE,风华高科,yang2b,2026-05-28,48.64,0.09025493421052633,True,0.008593396653098218,next_close_fail,2026-05-28,09:45,44.6
000652.SZSE,泰达股份,yang2b,2024-10-28,4.65,0.03655913978494629,True,0.016548463356973908,next_close_fail,2024-10-28,09:45,4.3
000668.SZSE,荣丰控股,yang2b,2026-08-13,24.08,-0.03986710963455142,False,0.0,next_close_fail,2026-08-13,09:45,21.89
000670.SZSE,盈方微,yang2b,2024-11-08,7.43,0.11843876177658164,True,0.004444444444444473,break_close,2024-11-08,13:30,6.78
000670.SZSE,盈方微,yang2b,2024-11-28,7.68,0.0234375,True,0.0,next_close_fail,2024-11-28,10:30,6.98
000678.SZSE,襄阳轴承,yang2b,2024-09-13,4.86,-0.04526748971193428,True,-0.006787330316742168,next_close_fail,2024-09-13,14:15,4.39
000679.SZSE,大连友谊,yang2b,2024-11-29,5.61,0.08377896613190727,True,0.0,next_close_fail,2024-11-29,15:00,5.1
000679.SZSE,大连友谊,yang2b,2024-12-11,6.64,0.05572289156626509,True,0.0016556291390728006,next_close_fail,2024-12-11,11:30,6.05
000679.SZSE,大连友谊,yang2b,2026-07-16,6.44,-0.0636645962732919,False,-0.005128205128204999,next_close_fail,2026-07-16,11:15,5.82
000681.SZSE,视觉中国,yang2b,2026-02-10,30.49,-0.040013119055427926,True,0.067821067821068,next_close_fail,2026-02-10,11:30,29.6
000686.SZSE,东北证券,yang2b,2024-10-29,8.68,-0.07949308755760365,False,0.04562737642585546,next_close_fail,2024-10-29,09:45,8.25
000700.SZSE,模塑科技,yang2b,2025-08-20,10.41,-0.08357348703170042,True,0.011627906976744207,next_close_fail,2025-08-20,10:15,9.57
000700.SZSE,模塑科技,yang2b,2026-01-06,15.9,-0.05471698113207557,False,0.03114186851211076,next_close_fail,2026-01-06,10:30,14.9
000701.SZSE,厦门信达,yang2b,2025-06-12,7.56,0.003968253968253954,True,-0.017467248908296984,next_close_fail,2025-06-12,11:15,6.75
000722.SZSE,湖南发展,yang2b,2025-04-25,12.98,0.013867488443759513,True,-0.00423728813559332,next_close_fail,2025-04-25,14:30,11.75
000725.SZSE,京东方Ａ,yang2b,2026-05-26,5.8,-0.01379310344827589,False,-0.009487666034155517,next_close_fail,2026-05-26,13:45,5.22
000725.SZSE,京东方Ａ,yang2b,2026-06-17,6.71,-0.023845007451564815,True,-0.006557377049180357,next_close_fail,2026-06-17,10:00,6.06
000733.SZSE,振华科技,yang2b,2024-10-21,51.58,-0.040325707638619535,False,0.019407123053956088,next_close_fail,2024-10-21,13:15,47.8
000753.SZSE,漳州发展,yang2b,2025-11-04,9.2,-0.009782608695652173,True,-0.007177033492822837,break_close,2025-11-04,09:45,8.3
000759.SZSE,中百集团,yang2b,2026-06-22,6.89,-0.05950653120464433,False,-0.02076677316293929,next_close_fail,2026-06-22,10:45,6.13
000767.SZSE,晋控电力,yang2b,2026-04-21,4.31,-0.04640371229698359,False,0.0,next_close_fail,2026-04-21,13:15,3.92
000767.SZSE,晋控电力,yang2b,2026-05-29,5.58,0.09498207885304666,True,0.01380670611439827,break_close,2026-05-29,09:45,5.14
000783.SZSE,长江证券,yang2b,2026-07-01,10.73,-0.06337371854613227,False,-0.009230769230769265,next_close_fail,2026-07-01,13:30,9.66
000803.SZSE,山高环能,yang2b,2024-11-22,5.57,0.019748653500897495,True,-0.007905138339920903,break_close,2024-11-22,09:45,5.02
000803.SZSE,山高环能,yang2b,2024-11-28,6.08,-0.019736842105263164,True,-0.009041591320072317,next_close_fail,2024-11-28,09:45,5.48
000859.SZSE,国风新材,yang2b,2025-12-23,10.56,-0.004734848484848508,True,-0.018749999999999933,next_close_fail,2025-12-23,10:00,9.42
000860.SZSE,顺鑫农业,yang2b,2024-10-08,22.07,-0.15586769370185782,False,0.0987038883349951,next_close_fail,2024-10-08,09:45,22.04
000880.SZSE,潍柴重机,yang2b,2025-01-20,20.5,0.0843902439024391,True,0.05847639484978551,break_close,2025-01-20,09:45,19.73
000882.SZSE,华联股份,yang2b,2025-01-08,2.44,-0.004098360655737654,True,0.0,next_close_fail,2025-01-08,11:15,2.22
000889.SZSE,中嘉博创,yang2b,2026-08-06,4.31,-0.07656612529002316,False,-0.010204081632653073,next_close_fail,2026-08-06,10:15,3.88
000892.SZSE,欢瑞世纪,yang2b,2026-07-29,3.51,-0.045584045584045496,True,0.0658307210031348,next_close_fail,2026-07-29,09:45,3.4
000901.SZSE,航天科技,yang2b,2025-12-16,26.7,-0.10486891385767794,False,-0.004944375772558796,next_close_fail,2025-12-16,14:00,24.15
000908.SZSE,石药景峰,yang2b,2026-07-15,7.5,-0.002666666666666595,True,-0.014662756598240567,next_close_fail,2026-07-15,10:00,6.72
000936.SZSE,华西股份,yang2b,2024-10-28,7.8,-0.033333333333333326,True,0.07193229901269382,next_close_fail,2024-10-28,09:45,7.6
000948.SZSE,南天信息,yang2b,2024-09-30,18.91,0.1306187202538338,True,0.04653868528214056,break_close,2024-09-30,14:00,17.99
000953.SZSE,中哲精化,yang2b,2024-12-09,6.55,0.01984732824427482,True,0.030252100840336027,next_close_fail,2024-12-09,09:45,6.13
000953.SZSE,中哲精化,yang2b,2025-04-24,6.26,-0.004792332268370503,True,0.0035149384885764245,next_close_fail,2025-04-24,09:45,5.71
000955.SZSE,欣龙控股,yang2b,2025-11-14,7.38,0.03658536585365857,True,0.02980625931445613,next_close_fail,2025-11-14,09:45,6.91
000962.SZSE,东方钽业,yang2b,2026-08-27,57.55,0.0029539530842745965,True,0.0,next_close_fail,2026-08-27,11:00,52.32
000967.SZSE,盈峰环境,yang2b,2025-03-18,6.82,-0.027859237536656978,True,-0.004838709677419395,next_close_fail,2025-03-18,11:00,6.17
000980.SZSE,众泰汽车,yang2b,2025-09-12,3.73,-0.029490616621983934,True,0.014749262536873031,next_close_fail,2025-09-12,10:00,3.44
000980.SZSE,众泰汽车,yang2b,2025-09-30,3.63,-0.0027548209366390353,False,0.0181818181818183,next_close_fail,2025-09-30,13:15,3.36
000980.SZSE,众泰汽车,yang2b,2026-05-11,2.9,-0.055172413793103336,False,0.0,next_close_fail,2026-05-11,09:45,2.64
000980.SZSE,众泰汽车,yang2b,2026-05-25,2.84,-0.0035211267605632646,True,0.003875968992248069,next_close_fail,2026-05-25,10:00,2.59
000981.SZSE,山子高科,yang2b,2025-09-12,2.77,0.3971119133574008,True,0.003968253968253954,break_close,2025-09-12,10:15,2.53
000981.SZSE,山子高科,yang2b,2025-12-30,4.03,0.032258064516129004,True,-0.021857923497267784,next_close_fail,2025-12-30,10:15,3.58
000987.SZSE,越秀资本,yang2b,2024-10-31,7.96,-0.03643216080402012,False,-0.008287292817679592,next_close_fail,2024-10-31,10:15,7.18
000987.SZSE,越秀资本,yang2b,2024-11-05,8.72,-0.04816513761467889,False,0.02774274905422458,next_close_fail,2024-11-05,10:30,8.15
001210.SZSE,金房能源,yang2b,2026-06-01,33.51,0.0713219934347955,True,0.004596191726854881,break_close,2026-06-01,09:45,30.6
001211.SZSE,双枪科技,yang2b,2026-05-11,48.68,0.08278553820870993,True,0.005649717514124353,break_close,2026-05-11,11:30,44.5
001229.SZSE,魅视科技,yang2b,2026-08-17,45.63,0.01512163050624582,True,-0.009402121504339278,break_close,2026-08-17,10:15,41.09
001255.SZSE,博菲电气,yang2b,2024-12-09,36.26,-0.10452289023717598,False,-0.00030339805825241317,next_close_fail,2024-12-09,13:30,32.95
001266.SZSE,宏英智能,yang2b,2025-11-19,37.09,-0.08061472094904287,False,-0.019572953736654686,next_close_fail,2025-11-19,15:00,33.06
001269.SZSE,欧晶科技,yang2b,2025-05-13,24.79,-0.012505042355788532,True,0.011091393078970668,next_close_fail,2025-05-13,09:45,22.79
001298.SZSE,好上好,yang2b,2024-10-08,33.74,-0.09988144635447538,True,0.0987936093902837,next_close_fail,2024-10-08,15:00,33.7
001306.SZSE,夏厦精密,yang2b,2025-02-27,103.38,-0.07893209518282063,True,-0.010427750585230933,next_close_fail,2025-02-27,10:30,93.0
001306.SZSE,夏厦精密,yang2b,2025-03-10,108.82,-0.061201984929240894,True,0.030930961285757563,next_close_fail,2025-03-10,10:30,101.99
001308.SZSE,康冠科技,yang2b,2024-12-20,26.98,-0.048925129725722716,True,0.006930289441500204,next_close_fail,2024-12-20,10:45,24.7
001309.SZSE,德明利,yang2b,2025-11-06,247.14,0.08039977340778504,True,0.09048827168736384,next_close_fail,2025-11-06,09:45,245.0
001316.SZSE,润贝航科,yang2b,2026-02-03,56.33,0.07012249245517488,True,0.0029291154071469094,next_close_fail,2026-02-03,10:15,51.36
001317.SZSE,三羊马,yang2b,2026-07-15,51.07,0.004503622478950309,True,0.00559982769760925,next_close_fail,2026-07-15,10:15,46.69
001332.SZSE,锡装股份,yang2b,2024-09-30,31.66,0.03853442830069498,False,0.018763029881862403,next_close_fail,2024-09-30,14:30,29.32
001332.SZSE,锡装股份,yang2b,2025-06-04,43.57,-0.14895570346568743,False,0.08507952537238062,next_close_fail,2025-06-04,09:45,42.98
001332.SZSE,锡装股份,yang2b,2025-09-16,53.81,-0.0395837204980487,False,-0.003475061324611617,next_close_fail,2025-09-16,10:00,48.75
001332.SZSE,锡装股份,yang2b,2025-10-09,71.27,-0.01627613301529396,True,0.04290785615064041,next_close_fail,2025-10-09,10:00,67.57
001359.SZSE,平安电工,yang2b,2026-06-22,145.42,-0.1933709255948287,True,0.02042360060514392,next_close_fail,2026-06-22,13:15,134.9
001380.SZSE,华纬科技,yang2b,2025-02-26,32.44,-0.056720098643649686,True,0.0020345879959309254,next_close_fail,2025-02-26,13:30,29.55
001380.SZSE,华纬科技,yang2b,2025-09-03,27.15,0.041988950276243164,True,0.004862236628849326,next_close_fail,2025-09-03,14:30,24.8
001389.SZSE,广合科技,yang2b,2026-02-26,117.67,0.01759156964391928,True,0.04767691876226965,next_close_fail,2026-02-26,09:45,112.07
001696.SZSE,宗申动力,yang2b,2026-06-11,20.96,0.08969465648854946,True,-0.002624671916010568,next_close_fail,2026-06-11,10:30,19.0
001696.SZSE,宗申动力,yang2b,2026-06-25,25.74,-0.07614607614607605,False,0.0,next_close_fail,2026-06-25,13:15,23.4
002006.SZSE,精工科技,yang2b,2024-12-10,21.1,0.006161137440758191,True,0.037539103232533844,next_close_fail,2024-12-10,11:30,19.9
002009.SZSE,天奇股份,yang2b,2026-02-13,35.64,0.006453423120089674,True,0.00864197530864197,next_close_fail,2026-02-13,11:15,32.68
002015.SZSE,协鑫能科,yang2b,2026-02-27,14.16,-0.03177966101694907,True,0.0,next_close_fail,2026-02-27,11:15,12.87
002015.SZSE,协鑫能科,yang2b,2026-03-12,21.36,0.04307116104868913,True,0.029866117404737214,next_close_fail,2026-03-12,10:15,20.0
002021.SZSE,中捷资源,yang2b,2024-11-07,2.85,-0.021052631578947434,True,-0.01158301158301156,next_close_fail,2024-11-07,10:15,2.56
002021.SZSE,中捷资源,yang2b,2025-09-12,3.01,0.00996677740863805,True,0.018248175182481674,next_close_fail,2025-09-12,10:00,2.79
002021.SZSE,中捷资源,yang2b,2025-09-25,3.04,-0.042763157894736836,True,0.01449275362318847,next_close_fail,2025-09-25,09:45,2.8
002029.SZSE,七 匹 狼,yang2b,2025-10-10,9.12,0.028508771929824706,True,-0.008443908323280902,next_close_fail,2025-10-10,10:00,8.22
002031.SZSE,巨轮智能,yang2b,2024-11-20,4.55,-0.01318681318681314,True,-0.007246376811594013,next_close_fail,2024-11-20,14:30,4.11
002031.SZSE,巨轮智能,yang2b,2024-11-29,4.68,0.5598290598290598,True,-0.009411764705882342,break_close,2024-11-29,13:30,4.21
002031.SZSE,巨轮智能,yang2b,2025-02-11,8.32,0.054086538461538325,True,-0.001322751322751281,next_close_fail,2025-02-11,10:00,7.55
002031.SZSE,巨轮智能,yang2b,2026-05-14,8.02,0.01995012468827939,False,-0.009602194787380003,break_close,2026-05-14,10:30,7.22
002038.SZSE,双鹭药业,yang2b,2026-04-02,8.55,0.05029239766081872,True,-0.0012870012870012104,next_close_fail,2026-04-02,15:00,7.76
002038.SZSE,双鹭药业,yang2b,2026-04-15,8.07,-0.019826517967781898,True,0.021798365122615904,next_close_fail,2026-04-15,11:30,7.5
002040.SZSE,南 京 港,yang2b,2025-10-13,11.36,0.022007042253521236,True,-0.03194578896418199,break_close,2025-10-13,13:15,10.0
002044.SZSE,美年健康,yang2b,2026-01-09,6.13,0.38825448613376845,True,0.03590664272890476,break_close,2026-01-09,09:45,5.77
002046.SZSE,国机精工,yang2b,2026-01-09,46.39,0.11597327010131497,True,0.036993123073274736,break_close,2026-01-09,09:45,43.73
002047.SZSE,宝鹰股份,yang2b,2026-08-26,3.63,-0.024793388429751984,True,0.003030303030303161,next_close_fail,2026-08-26,09:45,3.31
002048.SZSE,宁波华翔,yang2b,2025-03-06,17.53,0.012549914432401499,True,0.06712672521957352,next_close_fail,2025-03-06,09:45,17.01
002048.SZSE,宁波华翔,yang2b,2025-03-17,18.19,0.017592083562396832,True,0.010278113663845234,next_close_fail,2025-03-17,14:30,16.71
002054.SZSE,德美化工,yang2b,2026-02-26,11.87,-0.02864363942712722,False,0.01297497683039861,next_close_fail,2026-02-26,09:45,10.93
002058.SZSE,紫竹高科,yang2b,2025-04-14,10.46,-0.02294455066921608,True,0.017875920084121866,next_close_fail,2025-04-14,10:15,9.68
002065.SZSE,东华软件,yang2b,2024-10-30,6.85,0.0686131386861315,True,0.008025682182985605,next_close_fail,2024-10-30,13:45,6.28
002067.SZSE,景兴纸业,yang2b,2025-09-16,5.92,0.08783783783783794,True,-0.011152416356877248,break_close,2025-09-16,09:45,5.32
002080.SZSE,中材科技,yang2b,2026-08-07,56.67,0.0029998235397918904,False,0.01125776397515521,next_close_fail,2026-08-07,13:15,52.1
002083.SZSE,孚日股份,yang2b,2025-11-06,6.52,0.9110429447852764,True,0.010118043844856706,break_close,2025-11-06,13:15,5.99
002086.SZSE,东方海洋,yang2b,2024-11-06,2.73,0.20879120879120872,True,-0.004032258064516014,break_close,2024-11-06,11:15,2.47
002093.SZSE,国脉科技,yang2b,2025-04-10,10.8,-0.02592592592592602,False,0.05498981670061087,next_close_fail,2025-04-10,10:30,10.36
002099.SZSE,海翔药业,yang2b,2026-02-26,8.83,-0.08267270668176674,True,0.029887920298879322,next_close_fail,2026-02-26,09:45,8.27
002104.SZSE,恒宝股份,yang2b,2024-09-30,6.78,0.09292035398230092,True,0.06168831168831157,next_close_fail,2024-09-30,13:15,6.54
002112.SZSE,三变科技,yang2b,2025-03-12,17.33,-0.03577611079053655,False,0.0012698412698413097,next_close_fail,2025-03-12,11:00,15.77
002112.SZSE,三变科技,yang2b,2026-03-09,27.63,-0.026058631921824116,True,-0.018312101910828105,next_close_fail,2026-03-09,10:45,24.66
002115.SZSE,三维通信,yang2b,2025-02-11,8.2,-0.02073170731707319,False,-0.00939597315436247,next_close_fail,2025-02-11,14:45,7.38
002117.SZSE,东港股份,yang2b,2025-01-10,14.48,-0.058011049723756924,False,-0.02583586626139811,next_close_fail,2025-01-10,10:00,12.82
002131.SZSE,利欧股份,yang2b,2025-09-16,6.59,-0.04248861911987867,False,-0.008347245409014992,next_close_fail,2025-09-16,14:30,5.94
002131.SZSE,利欧股份,yang2b,2026-08-13,6.07,-0.12191103789126856,False,-0.0018115942028985588,next_close_fail,2026-08-13,10:00,5.51
002134.SZSE,天津普林,yang2b,2024-12-03,17.85,0.06834733893557421,True,0.026494146642020988,next_close_fail,2024-12-03,09:45,16.66
002136.SZSE,安 纳 达,yang2b,2025-11-13,17.75,-0.06873239436619716,False,0.016728624535315983,next_close_fail,2025-11-13,13:15,16.41
002141.SZSE,贤丰控股,yang2b,2026-08-07,6.3,0.09206349206349218,False,-0.015706806282722696,break_close,2026-08-07,13:15,5.64
002141.SZSE,贤丰控股,yang2b,2026-08-10,6.72,0.023809523809523725,True,0.0016366612111291534,next_close_fail,2026-08-10,10:00,6.12
002149.SZSE,西部材料,yang2b,2025-12-12,28.93,0.04286208088489474,True,-0.019011406844106515,next_close_fail,2025-12-12,14:45,25.8
002149.SZSE,西部材料,yang2b,2025-12-25,46.2,0.012554112554112429,True,0.0009523809523810378,next_close_fail,2025-12-25,14:45,42.04
002149.SZSE,西部材料,yang2b,2026-02-02,54.15,0.05318559556786706,False,0.07657932155189928,next_close_fail,2026-02-02,09:45,53.0
002149.SZSE,西部材料,yang2b,2026-03-02,57.31,-0.13505496422962837,False,-0.003071017274472232,next_close_fail,2026-03-02,13:30,51.94
002153.SZSE,石基信息,yang2b,2024-10-29,8.07,-0.030978934324659257,True,0.019073569482289,next_close_fail,2024-10-29,09:45,7.48
002158.SZSE,汉钟精机,yang2b,2026-05-20,35.04,-0.03738584474885853,True,0.02291993720565144,next_close_fail,2026-05-20,09:45,32.58
002165.SZSE,红 宝 丽,yang2b,2026-01-30,12.77,-0.025058731401722767,True,-0.03273040482342804,next_close_fail,2026-01-30,14:30,11.23
002167.SZSE,东方锆业,yang2b,2024-11-01,7.47,0.025435073627844806,True,-0.010309278350515538,next_close_fail,2024-11-01,10:45,6.72
002173.SZSE,创新医疗,yang2b,2025-07-04,16.85,-0.09970326409495556,False,0.0633159268929504,next_close_fail,2025-07-04,10:00,16.29
002176.SZSE,江特电机,yang2b,2025-09-08,9.91,0.030272452068617728,True,0.009988901220865598,next_close_fail,2025-09-08,14:45,9.1
002181.SZSE,粤 传 媒,yang2b,2024-12-06,5.42,0.0,True,0.008113590263691739,next_close_fail,2024-12-06,13:45,4.97
002181.SZSE,粤 传 媒,yang2b,2026-04-27,14.34,0.00557880055788007,True,0.004601226993865115,next_close_fail,2026-04-27,10:00,13.1
002181.SZSE,粤 传 媒,yang2b,2026-04-30,16.49,0.13523347483323223,True,0.014009339559706513,break_close,2026-04-30,10:00,15.2
002181.SZSE,粤 传 媒,yang2b,2026-06-01,18.16,-0.10022026431718067,True,0.0,next_close_fail,2026-06-01,10:00,16.51
002183.SZSE,怡 亚 通,yang2b,2024-10-31,6.5,-0.13384615384615384,False,-0.01861252115059231,next_close_fail,2024-10-31,10:15,5.8
002185.SZSE,华天科技,yang2b,2024-10-29,12.91,-0.0077459333849728695,True,0.03918228279386704,next_close_fail,2024-10-29,09:45,12.2
002187.SZSE,广百股份,yang2b,2024-12-12,7.24,0.13121546961325947,True,0.006079027355623046,break_close,2024-12-12,10:00,6.62
002187.SZSE,广百股份,yang2b,2024-12-26,7.11,-0.015471167369901617,True,-0.015479876160990669,next_close_fail,2024-12-26,14:45,6.36
002187.SZSE,广百股份,yang2b,2025-01-15,9.15,0.02732240437158473,True,-0.028846153846153855,break_close,2025-01-15,11:00,8.08
002187.SZSE,广百股份,yang2b,2026-01-09,8.69,0.025316455696202667,True,0.07341772151898729,next_close_fail,2026-01-09,09:45,8.48
002194.SZSE,武汉凡谷,yang2b,2025-04-25,15.81,-0.15623023402909553,False,0.0,next_close_fail,2025-04-25,10:15,14.37
002194.SZSE,武汉凡谷,yang2b,2025-05-09,14.47,0.03731859018659289,True,0.0,next_close_fail,2025-05-09,13:30,13.15
002194.SZSE,武汉凡谷,yang2b,2025-05-19,15.79,-0.06903103229892338,False,0.01881533101045285,next_close_fail,2025-05-19,14:00,14.62
002205.SZSE,国统股份,yang2b,2025-08-08,14.37,0.08350730688935282,True,0.0,break_close,2025-08-08,13:30,13.06
002210.SZSE,飞马国际,yang2b,2024-11-05,2.37,0.13080168776371304,True,0.0046511627906977715,break_close,2024-11-05,09:45,2.16
002210.SZSE,飞马国际,yang2b,2025-09-16,3.87,-0.01033591731266148,True,0.011363636363636465,next_close_fail,2025-09-16,10:15,3.56
002210.SZSE,飞马国际,yang2b,2025-09-19,4.28,-0.04439252336448607,False,0.0,next_close_fail,2025-09-19,09:45,3.89
002210.SZSE,飞马国际,yang2b,2025-09-23,4.5,-0.10888888888888892,False,-0.019559902200488977,next_close_fail,2025-09-23,10:30,4.01
002212.SZSE,天融信,yang2b,2024-10-28,6.59,0.03490136570561453,True,0.02170283806343898,next_close_fail,2024-10-28,09:45,6.12
002212.SZSE,天融信,yang2b,2026-08-06,7.36,-0.07608695652173925,True,-0.002989536621823663,next_close_fail,2026-08-06,09:45,6.67
002213.SZSE,大为股份,yang2b,2026-04-14,38.08,-0.08482142857142849,True,0.007510109763142925,next_close_fail,2026-04-14,09:45,34.88
002213.SZSE,大为股份,yang2b,2026-08-05,28.86,0.015939015939016032,True,0.0,next_close_fail,2026-08-05,10:00,26.24
002218.SZSE,拓日新能,yang2b,2026-01-23,5.46,0.2637362637362639,True,0.016129032258064502,break_close,2026-01-23,09:45,5.04
002229.SZSE,鸿博股份,yang2b,2024-10-22,12.41,0.017727639000805873,True,0.0035460992907803135,next_close_fail,2024-10-22,13:15,11.32
002229.SZSE,鸿博股份,yang2b,2024-11-08,15.9,0.030188679245283012,True,0.005536332179930881,next_close_fail,2024-11-08,10:15,14.53
002229.SZSE,鸿博股份,yang2b,2026-08-28,12.29,-0.008136696501220508,True,0.0,next_close_fail,2026-08-28,10:15,11.17
002232.SZSE,启明信息,yang2b,2024-12-09,25.25,-0.05940594059405946,False,0.002614379084967311,next_close_fail,2024-12-09,10:30,23.01
002235.SZSE,安妮股份,yang2b,2025-07-01,11.66,-0.10034305317324188,True,-0.017924528301886733,next_close_fail,2025-07-01,13:45,10.41
002247.SZSE,聚力文化,yang2b,2024-10-28,2.26,0.03539823008849563,True,0.024390243902439046,next_close_fail,2024-10-28,10:00,2.1
002249.SZSE,大洋电机,yang2b,2025-10-22,12.63,-0.03958828186856689,False,-0.0034843205574913716,next_close_fail,2025-10-22,10:30,11.44
002253.SZSE,川大智胜,yang2b,2024-10-28,18.16,0.19823788546255505,True,0.029678982434887757,break_close,2024-10-28,09:45,17.0
002265.SZSE,建设工业,yang2b,2025-01-21,33.55,-0.06080476900149023,False,-0.016393442622950838,next_close_fail,2025-01-21,11:15,30.0
002265.SZSE,建设工业,yang2b,2025-07-17,30.56,0.2928664921465969,True,-0.003239740820734305,break_close,2025-07-17,10:30,27.69
002268.SZSE,电科网安,yang2b,2024-10-21,19.26,-0.041017653167185975,True,0.0451170759565962,next_close_fail,2024-10-21,11:00,18.3
002269.SZSE,美邦服饰,yang2b,2025-09-12,2.94,-0.023809523809523725,True,0.01872659176029967,next_close_fail,2025-09-12,10:45,2.72
002269.SZSE,美邦服饰,yang2b,2025-09-18,3.21,-0.15264797507788153,False,0.023972602739726234,next_close_fail,2025-09-18,09:45,2.99
002281.SZSE,光迅科技,yang2b,2026-05-19,230.89,0.023864177746979243,True,-0.0019056693663649371,next_close_fail,2026-05-19,14:45,209.5
002285.SZSE,世联行,yang2b,2025-12-16,3.38,-0.01183431952662728,True,0.0032573289902280145,next_close_fail,2025-12-16,13:45,3.08
002286.SZSE,保龄宝,yang2b,2025-04-30,9.22,0.013015184381778733,True,0.04415274463007157,next_close_fail,2025-04-30,10:00,8.75
002290.SZSE,禾盛新材,yang2b,2025-06-04,34.09,0.0046934584922264655,True,0.011616650532429995,next_close_fail,2025-06-04,13:15,31.35
002292.SZSE,奥飞娱乐,yang2b,2024-12-03,10.24,-0.12109375,False,-0.0064446831364125545,next_close_fail,2024-12-03,10:15,9.25
002295.SZSE,精艺股份,yang2b,2025-07-08,10.04,0.030876494023904355,True,0.005476451259583737,break_close,2025-07-08,14:15,9.18
002297.SZSE,博云新材,yang2b,2026-01-22,13.13,-0.025894897182025978,True,-0.00335008375209378,next_close_fail,2026-01-22,10:45,11.9
002298.SZSE,中电鑫龙,yang2b,2026-08-10,9.34,-0.02355460385438979,True,0.020023557126030544,next_close_fail,2026-08-10,09:45,8.66
002300.SZSE,太阳电缆,yang2b,2025-12-02,7.78,0.33419023136246784,True,-0.004243281471004279,break_close,2025-12-02,11:00,7.04
002309.SZSE,中利集团,yang2b,2025-12-22,3.77,-0.08488063660477452,False,0.002915451895043608,next_close_fail,2025-12-22,13:15,3.44
002313.SZSE,日海智能,yang2b,2025-02-11,11.07,-0.012646793134598044,True,-0.007952286282306154,next_close_fail,2025-02-11,13:45,9.98
002324.SZSE,普利特,yang2b,2024-12-05,11.55,0.014718614718614687,True,0.02285714285714291,next_close_fail,2024-12-05,13:45,10.74
002329.SZSE,皇氏集团,yang2b,2025-03-27,3.98,-0.045226130653266416,True,0.01933701657458564,next_close_fail,2025-03-27,09:45,3.69
002335.SZSE,科华数据,yang2b,2025-02-21,47.4,0.060337552742615985,True,0.047110698537943696,break_close,2025-02-21,09:45,45.12
002335.SZSE,科华数据,yang2b,2025-03-06,52.03,-0.026907553334614587,True,0.018816067653276924,next_close_fail,2025-03-06,14:30,48.19
002335.SZSE,科华数据,yang2b,2025-03-11,55.77,0.03855119239734628,False,-0.033530571992110514,next_close_fail,2025-03-11,10:15,49.0
002335.SZSE,科华数据,yang2b,2025-03-12,59.91,-0.01986312802537138,False,0.009915534337128218,next_close_fail,2025-03-12,10:00,55.0
002342.SZSE,巨力索具,yang2b,2025-07-09,8.04,-0.06094527363184077,True,-0.0068399452804377425,next_close_fail,2025-07-09,10:15,7.26
002342.SZSE,巨力索具,yang2b,2026-04-21,21.42,-0.05929038281979471,True,-0.02413970210580374,next_close_fail,2026-04-21,15:00,19.0
002342.SZSE,巨力索具,yang2b,2026-05-07,22.12,-0.0004520795660036825,True,-0.01044256588761816,next_close_fail,2026-05-07,15:00,19.9
002345.SZSE,潮宏基,yang2b,2025-06-12,16.12,-0.01488833746898266,False,0.005460750853242269,next_close_fail,2025-06-12,14:00,14.73
002346.SZSE,柘中股份,yang2b,2026-08-05,20.0,0.009500000000000064,True,0.0005500550055006492,next_close_fail,2026-08-05,10:45,18.19
002348.SZSE,高乐股份,yang2b,2026-05-06,12.24,0.028594771241829964,False,0.0,next_close_fail,2026-05-06,10:15,11.13
002350.SZSE,北京科锐,yang2b,2026-03-10,15.22,0.021024967148488782,True,-0.011560693641618491,next_close_fail,2026-03-10,11:30,13.68
002350.SZSE,北京科锐,yang2b,2026-03-24,15.04,0.00997340425531923,True,0.06656912948061455,next_close_fail,2026-03-24,09:45,14.58
002354.SZSE,天娱数科,yang2b,2024-12-02,5.39,-0.011131725417439675,True,0.0,next_close_fail,2024-12-02,09:45,4.9
002354.SZSE,天娱数科,yang2b,2025-05-07,7.34,-0.0367847411444141,True,0.004497751124437732,next_close_fail,2025-05-07,15:00,6.7
002356.SZSE,鹏飞绿能,yang2b,2024-11-28,4.48,-0.022321428571428714,True,-0.017199017199017286,next_close_fail,2024-11-28,11:30,4.0
002361.SZSE,神剑股份,yang2b,2026-02-25,14.77,-0.033175355450236976,False,0.0007446016381236209,next_close_fail,2026-02-25,10:45,13.44
002364.SZSE,中恒电气,yang2b,2025-03-12,20.48,-0.1455078125,False,0.011278195488721554,next_close_fail,2025-03-12,10:45,18.83
002365.SZSE,永安药业,yang2b,2025-05-14,12.41,0.12892828364222408,True,0.02659574468085113,break_close,2025-05-14,11:15,11.58
002369.SZSE,卓翼科技,yang2b,2024-09-20,4.47,0.05369127516778538,True,0.0024630541871923928,next_close_fail,2024-09-20,09:45,4.07
002369.SZSE,卓翼科技,yang2b,2024-09-25,5.16,-0.050387596899224785,False,-0.008528784648187626,next_close_fail,2024-09-25,15:00,4.65
002370.SZSE,亚太药业,yang2b,2025-07-28,6.19,0.158319870759289,True,0.005328596802842034,break_close,2025-07-28,10:15,5.66
002374.SZSE,中锐股份,yang2b,2025-12-25,3.97,-0.05289672544080615,False,-0.0027700831024930483,next_close_fail,2025-12-25,13:30,3.6
002378.SZSE,章源钨业,yang2b,2025-08-27,16.09,-0.07085146053449354,False,-0.0430622009569378,next_close_fail,2025-08-27,09:45,14.0
002379.SZSE,宏桥控股,yang2b,2026-07-23,20.45,-0.06797066014669928,True,0.0,next_close_fail,2026-07-23,10:15,18.59
002383.SZSE,合众思壮,yang2b,2024-11-29,10.11,0.016815034619188873,True,0.0,next_close_fail,2024-11-29,15:00,9.19
002384.SZSE,东山精密,yang2b,2026-04-22,186.34,0.0017172909734892716,True,0.015702479338842945,next_close_fail,2026-04-22,11:30,172.06
002384.SZSE,东山精密,yang2b,2026-05-07,211.07,0.001516084711233212,True,-0.017979987492182548,next_close_fail,2026-05-07,11:30,188.43
002390.SZSE,信邦制药,yang2b,2025-01-20,4.47,-0.055928411633109576,False,0.017241379310344973,next_close_fail,2025-01-20,09:45,4.13
002396.SZSE,星网锐捷,yang2b,2026-07-17,31.36,-0.08354591836734693,False,-0.02069449316029459,next_close_fail,2026-07-17,10:00,27.92
002400.SZSE,省广集团,yang2b,2024-11-26,8.78,-0.0375854214123007,False,-0.03508771929824561,next_close_fail,2024-11-26,11:30,7.7
002401.SZSE,中远海科,yang2b,2025-07-23,22.64,-0.046819787985865835,True,-0.02818270165208936,next_close_fail,2025-07-23,10:30,20.0
002402.SZSE,和而泰,yang2b,2024-12-13,21.9,-0.05525114155251132,True,-0.020592667001506748,next_close_fail,2024-12-13,13:15,19.5
002402.SZSE,和而泰,yang2b,2025-09-18,43.95,0.0377701934015926,True,-0.008760951188986232,next_close_fail,2025-09-18,10:00,39.6
002407.SZSE,多氟多,yang2b,2025-09-29,19.4,0.05670103092783507,True,0.06519274376417217,next_close_fail,2025-09-29,09:45,18.79
002409.SZSE,雅克科技,yang2b,2026-06-22,165.18,-0.047584453323647025,True,0.01798082045817795,next_close_fail,2026-06-22,14:45,152.86
002409.SZSE,雅克科技,yang2b,2026-06-29,207.46,0.08213631543430044,True,0.05583244962884404,next_close_fail,2026-06-29,09:45,199.13
002409.SZSE,雅克科技,yang2b,2026-07-09,209.0,-0.008755980861244073,True,0.0343157894736843,next_close_fail,2026-07-09,13:45,196.52
002418.SZSE,康盛股份,yang2b,2024-09-04,2.11,0.009478672985782088,True,-0.00520833333333337,next_close_fail,2024-09-04,10:00,1.91
002418.SZSE,康盛股份,yang2b,2025-02-21,3.75,-0.016000000000000014,False,0.02052785923753664,next_close_fail,2025-02-21,10:30,3.48
002418.SZSE,康盛股份,yang2b,2025-03-05,3.75,0.06666666666666665,True,0.05278592375366564,next_close_fail,2025-03-05,09:45,3.59
002418.SZSE,康盛股份,yang2b,2026-04-17,6.19,-0.009693053311793265,True,-0.010657193605683735,break_close,2026-04-17,10:30,5.57
002421.SZSE,达实智能,yang2b,2026-08-12,3.88,-0.0798969072164949,True,-0.008498583569405027,next_close_fail,2026-08-12,09:45,3.5
002426.SZSE,胜利精密,yang2b,2024-09-30,2.09,0.04306220095693791,False,0.04210526315789487,break_close,2024-09-30,14:30,1.98
002426.SZSE,胜利精密,yang2b,2024-11-29,3.3,-0.051515151515151514,False,-0.020000000000000018,next_close_fail,2024-11-29,10:15,2.94
002426.SZSE,胜利精密,yang2b,2025-01-08,3.42,-0.07894736842105265,False,-0.022508038585209,next_close_fail,2025-01-08,14:30,3.04
002428.SZSE,云南锗业,yang2b,2026-04-22,75.24,0.021796916533758592,True,0.0019005847953215138,next_close_fail,2026-04-22,11:15,68.53
002428.SZSE,云南锗业,yang2b,2026-05-06,77.01,0.04142319179327347,True,0.07127553206684745,next_close_fail,2026-05-06,14:00,75.0
002428.SZSE,云南锗业,yang2b,2026-05-08,88.22,0.045114486510995366,False,-0.0053615960099751,next_close_fail,2026-05-08,10:00,79.77
002428.SZSE,云南锗业,yang2b,2026-05-12,101.42,0.0008873989351212419,True,-0.009978308026030391,next_close_fail,2026-05-12,15:00,91.28
002429.SZSE,兆驰股份,yang2b,2026-03-11,11.03,-0.016319129646418795,False,0.014955134596211339,next_close_fail,2026-03-11,11:00,10.18
002429.SZSE,兆驰股份,yang2b,2026-03-13,11.94,-0.05108877721943039,True,0.03963133640552985,next_close_fail,2026-03-13,10:00,11.28
002432.SZSE,九安医疗,yang2b,2026-04-20,82.89,-0.03390034986126189,False,0.0,next_close_fail,2026-04-20,13:15,75.35
002437.SZSE,誉衡药业,yang2b,2026-08-17,4.98,-0.04417670682730934,True,0.008830022075055233,next_close_fail,2026-08-17,10:00,4.57
002437.SZSE,誉衡药业,yang2b,2026-08-28,4.86,-0.10082304526748975,True,0.009049773755656076,next_close_fail,2026-08-28,14:45,4.46
002453.SZSE,华软科技,yang2b,2025-02-18,5.94,0.045454545454545414,True,0.0037037037037035425,next_close_fail,2025-02-18,09:45,5.42
002457.SZSE,青龙管业,yang2b,2024-10-14,12.9,0.1348837209302325,True,0.0,break_close,2024-10-14,14:30,11.73
002459.SZSE,晶澳科技,yang2b,2024-10-21,15.08,0.17175066312997367,True,0.037199124726476906,break_close,2024-10-21,09:45,14.22
002459.SZSE,晶澳科技,yang2b,2024-10-31,19.32,-0.060559006211180266,True,0.06492027334851946,next_close_fail,2024-10-31,10:15,18.7
002491.SZSE,通鼎互联,yang2b,2026-03-02,11.65,0.0858369098712446,False,-0.05476864966949957,break_close,2026-03-02,10:45,10.01
002491.SZSE,通鼎互联,yang2b,2026-04-07,13.82,0.16787264833574533,True,0.0,break_close,2026-04-07,09:45,12.56
002506.SZSE,协鑫集成,yang2b,2026-02-04,3.78,0.3915343915343916,True,0.0,break_close,2026-02-04,13:30,3.44
002515.SZSE,金字火腿,yang2b,2026-06-25,11.67,-0.059125964010282694,False,0.02827521206409056,next_close_fail,2026-06-25,10:15,10.91
002519.SZSE,银河电子,yang2b,2025-12-11,6.88,-0.03924418604651159,True,0.0031999999999998696,next_close_fail,2025-12-11,10:30,6.27
002520.SZSE,日发精机,yang2b,2025-02-18,7.74,0.054263565891472965,True,-0.0042613636363636465,next_close_fail,2025-02-18,11:30,7.01
002520.SZSE,日发精机,yang2b,2025-02-26,8.62,-0.0603248259860788,True,-0.005102040816326481,next_close_fail,2025-02-26,14:00,7.8
002536.SZSE,飞龙股份,yang2b,2026-04-20,40.96,-0.06005859375,True,0.0005370569280342963,next_close_fail,2026-04-20,10:00,37.26
002536.SZSE,飞龙股份,yang2b,2026-05-08,43.34,0.026765113059529222,True,-0.031979695431472055,next_close_fail,2026-05-08,10:45,38.14
002552.SZSE,宝鼎科技,yang2b,2025-01-15,16.72,-0.04964114832535871,True,-0.021052631578947323,next_close_fail,2025-01-15,14:45,14.88
002552.SZSE,宝鼎科技,yang2b,2025-02-11,17.0,-0.03823529411764692,False,0.006472491909385258,next_close_fail,2025-02-11,14:00,15.55
002552.SZSE,宝鼎科技,yang2b,2026-07-09,64.54,-0.06507592190889377,True,0.03238452360661315,next_close_fail,2026-07-09,09:45,60.57
002553.SZSE,南方精工,yang2b,2024-12-04,15.4,0.0383116883116883,True,0.0,next_close_fail,2024-12-04,10:15,14.0
002568.SZSE,百润股份,yang2b,2024-11-07,27.89,-0.030835424883470797,True,0.020907297830374594,next_close_fail,2024-11-07,13:15,25.88
002570.SZSE,贝因美,yang2b,2024-10-24,4.26,-0.021126760563380254,True,-0.02842377260981921,next_close_fail,2024-10-24,10:00,3.76
002571.SZSE,德力股份,yang2b,2025-02-10,4.68,0.00427350427350448,True,0.004705882352941115,next_close_fail,2025-02-10,14:30,4.27
002574.SZSE,明牌珠宝,yang2b,2025-06-04,7.71,-0.09857328145265887,False,-0.029957203994293913,next_close_fail,2025-06-04,10:45,6.8
002577.SZSE,雷柏科技,yang2b,2025-02-20,26.87,0.007815407517677508,True,0.03151862464183375,next_close_fail,2025-02-20,09:45,25.2
002578.SZSE,闽发铝业,yang2b,2025-12-01,4.44,0.013513513513513375,True,0.027227722772277252,next_close_fail,2025-12-01,10:15,4.15
002579.SZSE,中京电子,yang2b,2026-08-07,15.32,-0.03263707571801566,False,-0.016511127063890907,next_close_fail,2026-08-07,13:15,13.7
002584.SZSE,西陇科学,yang2b,2026-07-02,11.0,-0.09545454545454557,True,-0.030000000000000027,next_close_fail,2026-07-02,11:00,9.7
002600.SZSE,领益智造,yang2b,2025-08-25,13.56,0.08997050147492613,True,0.007299270072992581,break_close,2025-08-25,10:45,12.42
002611.SZSE,东方精工,yang2b,2025-01-23,12.77,-0.044635865309318734,False,0.009474590869939847,next_close_fail,2025-01-23,10:30,11.72
002611.SZSE,东方精工,yang2b,2025-08-13,18.98,0.01264488935721797,True,0.0,next_close_fail,2025-08-13,14:00,17.25
002611.SZSE,东方精工,yang2b,2025-08-25,20.22,-0.030168150346191913,True,0.020130576713819348,next_close_fail,2025-08-25,10:15,18.75
002617.SZSE,露笑科技,yang2b,2025-01-20,8.03,-0.0298879202988791,False,0.0,next_close_fail,2025-01-20,10:00,7.3
002622.SZSE,皓宸医疗,yang2b,2024-09-30,1.98,0.11111111111111116,True,0.05555555555555558,break_close,2024-09-30,10:15,1.9
002623.SZSE,亚玛顿,yang2b,2026-02-04,28.46,-0.056219255094870024,True,-0.0027058368766911256,next_close_fail,2026-02-04,10:15,25.8
002625.SZSE,光启技术,yang2b,2024-10-21,36.85,0.0029850746268655914,True,0.06955223880597017,next_close_fail,2024-10-21,09:45,35.83
002625.SZSE,光启技术,yang2b,2024-11-05,44.76,0.061215370866845475,True,0.0019660850331777446,next_close_fail,2024-11-05,13:15,40.77
002629.SZSE,仁智股份,yang2b,2025-01-24,4.82,-0.09958506224066399,True,0.02511415525114158,next_close_fail,2025-01-24,13:30,4.49
002631.SZSE,德尔未来,yang2b,2026-06-30,11.29,0.016829052258636068,True,0.005847953216374213,next_close_fail,2026-06-30,09:45,10.32
002636.SZSE,金安国纪,yang2b,2026-02-11,27.34,-0.04169714703730798,False,0.014084507042253502,next_close_fail,2026-02-11,09:45,25.2
002639.SZSE,雪人集团,yang2b,2025-06-05,13.39,-0.036594473487677415,False,-0.03122432210353332,next_close_fail,2025-06-05,14:30,11.79
002640.SZSE,跨境通,yang2b,2026-05-11,4.54,-0.04625550660792954,True,-0.007263922518159882,next_close_fail,2026-05-11,14:45,4.1
002645.SZSE,华宏科技,yang2b,2026-05-11,30.12,-0.04548472775564416,False,0.021913805697589606,next_close_fail,2026-05-11,10:15,27.98
002645.SZSE,华宏科技,yang2b,2026-05-20,30.11,-0.05579541680504818,True,-0.010230179028133057,next_close_fail,2026-05-20,14:15,27.09
002645.SZSE,华宏科技,yang2b,2026-05-25,31.97,0.01939318110728827,True,0.008258774948382674,next_close_fail,2026-05-25,11:00,29.3
002647.SZSE,仁东控股,yang2b,2024-09-05,4.57,-0.02844638949671774,True,0.036144578313252795,next_close_fail,2024-09-05,09:45,4.3
002649.SZSE,博彦科技,yang2b,2024-10-31,13.63,-0.09831254585473237,True,0.0016142050040355294,next_close_fail,2024-10-31,13:15,12.41
002651.SZSE,利君股份,yang2b,2026-09-02,9.65,-0.10259067357512952,False,0.003420752565564511,next_close_fail,2026-09-02,10:00,8.8
002655.SZSE,共达电声,yang2b,2026-05-28,42.77,-0.05260696750058447,False,-0.00977366255144041,next_close_fail,2026-05-28,15:00,38.5
002657.SZSE,中科金财,yang2b,2024-10-28,16.84,0.05581947743467941,True,0.025473546701502148,break_close,2024-10-28,13:15,15.7
002663.SZSE,普邦股份,yang2b,2024-12-02,2.23,-0.008968609865470878,True,0.009852216748768461,next_close_fail,2024-12-02,09:45,2.05
002663.SZSE,普邦股份,yang2b,2024-12-06,2.46,-0.05284552845528456,True,0.02232142857142838,next_close_fail,2024-12-06,10:45,2.29
002679.SZSE,福建金森,yang2b,2025-11-12,14.93,0.006697923643670389,False,-0.010316875460574804,next_close_fail,2025-11-12,09:45,13.43
002679.SZSE,福建金森,yang2b,2025-11-13,15.88,-0.03148614609571787,False,-0.013157894736842035,next_close_fail,2025-11-13,10:00,14.25
002679.SZSE,福建金森,yang2b,2025-11-17,16.92,-0.09988179669030739,True,0.0,next_close_fail,2025-11-17,14:45,15.38
002685.SZSE,华东重机,yang2b,2024-10-15,4.55,0.03516483516483526,True,0.007246376811594235,next_close_fail,2024-10-15,09:45,4.17
002685.SZSE,华东重机,yang2b,2024-10-17,5.18,0.33204633204633227,False,0.02972399150743099,break_close,2024-10-17,10:15,4.85
002685.SZSE,华东重机,yang2b,2024-10-18,5.57,0.23877917414721717,True,-0.039525691699604626,break_close,2024-10-18,13:15,4.86
002687.SZSE,乔治白,yang2b,2026-06-29,4.97,0.05432595573440646,True,-0.017699115044247593,next_close_fail,2026-06-29,11:15,4.44
002687.SZSE,乔治白,yang2b,2026-07-10,5.86,-0.061433447098976135,False,0.013133208255159623,next_close_fail,2026-07-10,11:15,5.4
002703.SZSE,浙江世宝,yang2b,2026-09-01,18.24,-0.033991228070175294,True,0.00361881785283491,next_close_fail,2026-09-01,10:00,16.64
002709.SZSE,天赐材料,yang2b,2024-11-05,20.19,0.024269440316988522,True,-0.0010899182561309173,next_close_fail,2024-11-05,13:15,18.33
002709.SZSE,天赐材料,yang2b,2025-09-29,37.59,0.015429635541367448,True,0.024290313140181485,next_close_fail,2025-09-29,09:45,35.0
002713.SZSE,东易日盛,yang2b,2024-12-13,6.49,-0.10477657935285067,False,-0.03220338983050852,next_close_fail,2024-12-13,14:00,5.71
002716.SZSE,湖南白银,yang2b,2025-08-05,5.06,-0.011857707509881354,False,0.01739130434782621,next_close_fail,2025-08-05,10:15,4.68
002718.SZSE,友邦吊顶,yang2b,2024-11-05,13.46,-0.03343239227340278,True,0.0008169934640522847,next_close_fail,2024-11-05,11:00,12.25
002718.SZSE,友邦吊顶,yang2b,2024-12-10,15.63,-0.03198976327575176,False,0.024630541871921263,next_close_fail,2024-12-10,14:30,14.56
002739.SZSE,儒意电影,yang2b,2026-08-10,9.93,0.019133937562940462,True,0.06976744186046524,next_close_fail,2026-08-10,13:15,9.66
002741.SZSE,光华科技,yang2b,2026-06-15,32.59,0.26725989567351927,True,0.05163685453931821,break_close,2026-06-15,09:45,31.16
002757.SZSE,南兴股份,yang2b,2025-02-07,19.02,-0.04206098843322825,False,-0.011567379988432602,next_close_fail,2025-02-07,13:45,17.09
002757.SZSE,南兴股份,yang2b,2025-02-17,20.92,0.07074569789674934,True,0.08832807570977907,break_close,2025-02-17,09:45,20.7
002762.SZSE,金发拉比,yang2b,2025-04-10,5.76,-0.005208333333333259,True,0.003816793893129722,next_close_fail,2025-04-10,10:15,5.26
002769.SZSE,普路通,yang2b,2024-12-11,9.32,-0.0021459227467810482,True,-0.012987012987013102,break_close,2024-12-11,10:00,8.36
002777.SZSE,久远银海,yang2b,2024-11-05,23.11,-0.016010385114669012,True,0.002379819133745631,next_close_fail,2024-11-05,13:15,21.06
002779.SZSE,中坚科技,yang2b,2024-12-20,66.43,0.10055697726930601,True,0.008941877794336861,break_close,2024-12-20,10:00,60.93
002779.SZSE,中坚科技,yang2b,2025-01-10,84.1,-0.11652794292508917,False,0.015958142576847578,next_close_fail,2025-01-10,10:45,77.67
002782.SZSE,可立克,yang2b,2026-06-16,25.7,-0.039299610894941606,True,0.012842465753424737,next_close_fail,2026-06-16,10:00,23.66
002787.SZSE,华源控股,yang2b,2026-05-20,28.18,-0.07665010645848125,True,-0.00975800156128026,next_close_fail,2026-05-20,11:00,25.37
002787.SZSE,华源控股,yang2b,2026-06-25,30.34,0.07020435069215547,True,0.010152284263959421,next_close_fail,2026-06-25,09:45,27.86
002792.SZSE,通宇通讯,yang2b,2026-01-05,46.97,0.008303172237598577,False,0.022482435597189543,next_close_fail,2026-01-05,14:45,43.66
002792.SZSE,通宇通讯,yang2b,2026-01-23,52.17,0.0590377611654207,True,0.0054817625975120965,next_close_fail,2026-01-23,10:45,47.69
002792.SZSE,通宇通讯,yang2b,2026-08-06,33.81,0.008577343981070573,True,0.06310995445673395,break_close,2026-08-06,09:45,32.68
002796.SZSE,世嘉科技,yang2b,2026-01-27,50.39,-0.011708672355626226,True,-0.016371971185330736,next_close_fail,2026-01-27,10:45,45.06
002802.SZSE,洪汇新材,yang2b,2024-11-14,13.42,-0.04470938897168397,True,0.00819672131147553,next_close_fail,2024-11-14,09:45,12.3
002809.SZSE,红墙股份,yang2b,2026-01-26,14.58,-0.08916323731138553,False,-0.00905660377358486,next_close_fail,2026-01-26,10:45,13.13
002809.SZSE,红墙股份,yang2b,2026-01-29,14.78,0.03721244925575107,False,-0.027529761904761862,next_close_fail,2026-01-29,14:45,13.07
002809.SZSE,红墙股份,yang2b,2026-01-30,15.69,-0.10962396430847665,False,-0.035063113604488105,next_close_fail,2026-01-30,14:30,13.76
002810.SZSE,山东赫达,yang2b,2026-01-20,17.49,-0.01658090337335616,True,0.007547169811320753,next_close_fail,2026-01-20,10:15,16.02
002811.SZSE,郑中设计,yang2b,2025-01-20,11.31,-0.0450928381962864,True,-0.006809338521400643,next_close_fail,2025-01-20,09:45,10.21
002821.SZSE,凯莱英,yang2b,2026-04-28,129.49,-0.020773804927021522,True,0.02845735643900782,next_close_fail,2026-04-28,09:45,121.07
002828.SZSE,贝肯能源,yang2b,2026-03-09,16.27,-0.15365703749231718,False,0.09939148073022319,next_close_fail,2026-03-09,09:45,16.26
002837.SZSE,英维克,yang2b,2025-08-12,55.06,0.035234289865601065,False,-0.0007992007992008165,next_close_fail,2025-08-12,14:45,50.01
002837.SZSE,英维克,yang2b,2025-08-18,70.2,-0.03903133903133915,True,0.005327483547477252,next_close_fail,2025-08-18,13:15,64.16
002848.SZSE,高斯贝尔,yang2b,2024-11-20,10.1,-0.003960396039603853,True,-0.008714596949891074,next_close_fail,2024-11-20,10:00,9.1
002861.SZSE,瀛通通讯,yang2b,2024-09-10,11.37,-0.021987686895338587,True,0.004835589941972973,next_close_fail,2024-09-10,09:45,10.39
002861.SZSE,瀛通通讯,yang2b,2025-04-14,13.32,-0.04129129129129139,True,0.06853839801816686,next_close_fail,2025-04-14,09:45,12.94
002865.SZSE,钧达股份,yang2b,2024-10-31,79.9,0.006257822277847325,True,0.021613436123347984,next_close_fail,2024-10-31,10:15,74.21
002865.SZSE,钧达股份,yang2b,2025-12-26,54.87,0.057043921997448566,True,0.01643945469125896,next_close_fail,2025-12-26,09:45,50.7
002865.SZSE,钧达股份,yang2b,2026-01-08,68.53,0.031081278272289348,True,-0.011556982343499222,next_close_fail,2026-01-08,11:00,61.58
002866.SZSE,传艺科技,yang2b,2024-09-12,13.61,-0.03232916972814104,True,-0.0008084074373484462,next_close_fail,2024-09-12,14:15,12.36
002875.SZSE,安奈儿,yang2b,2024-10-15,18.7,-0.057219251336898425,True,-0.012352941176470678,next_close_fail,2024-10-15,10:45,16.79
002875.SZSE,安奈儿,yang2b,2024-10-25,22.24,-0.0526079136690647,False,0.018793273986152492,next_close_fail,2024-10-25,13:30,20.6
002877.SZSE,智能自控,yang2b,2024-11-29,10.12,0.00988142292490135,True,-0.02391304347826073,next_close_fail,2024-11-29,15:00,8.98
002878.SZSE,元隆雅图,yang2b,2025-01-09,17.52,-0.09988584474885842,True,-0.008160703075957287,next_close_fail,2025-01-09,14:45,15.8
002878.SZSE,元隆雅图,yang2b,2025-01-14,16.85,0.04451038575667665,True,0.044386422976501194,next_close_fail,2025-01-14,13:15,16.0
002882.SZSE,金龙羽,yang2b,2025-06-04,27.01,-0.07848944835246208,False,-0.010997963340122152,next_close_fail,2025-06-04,10:30,24.28
002882.SZSE,金龙羽,yang2b,2026-08-24,23.76,-0.06649831649831661,True,0.020370370370370372,next_close_fail,2026-08-24,09:45,22.04
002896.SZSE,中大力德,yang2b,2025-02-17,71.02,0.032244438186426416,False,-0.014869888475836479,next_close_fail,2025-02-17,14:30,63.6
002896.SZSE,中大力德,yang2b,2025-07-21,88.28,0.0007929315813319793,True,0.04672897196261672,next_close_fail,2025-07-21,09:45,84.0
002896.SZSE,中大力德,yang2b,2025-08-06,94.38,0.09101504556050011,True,0.010256410256410442,next_close_fail,2025-08-06,10:15,86.68
002897.SZSE,意华股份,yang2b,2026-06-18,96.8,-0.02789256198347112,True,-0.003409090909090917,next_close_fail,2026-06-18,10:00,87.7
002899.SZSE,英派斯,yang2b,2025-01-09,23.45,-0.059275053304904124,True,-0.014540337711069329,next_close_fail,2025-01-09,14:45,21.01
002902.SZSE,铭普光磁,yang2b,2026-05-08,36.18,0.05030403537866235,True,-0.0033444816053511683,next_close_fail,2026-05-08,09:45,32.78
002918.SZSE,蒙娜丽莎,yang2b,2025-01-08,13.3,-0.043609022556390986,True,-0.03556658395368073,next_close_fail,2025-01-08,10:30,11.66
002929.SZSE,润建股份,yang2b,2026-05-13,87.78,-0.010025062656641603,True,0.0025062656641603454,next_close_fail,2026-05-13,09:45,80.0
002931.SZSE,锋龙股份,yang2b,2026-06-08,65.6,0.04771341463414647,True,-0.017605633802816878,next_close_fail,2026-06-08,10:00,58.59
002931.SZSE,锋龙股份,yang2b,2026-06-16,71.94,0.056713928273561365,True,0.0,next_close_fail,2026-06-16,10:45,65.4
002931.SZSE,锋龙股份,yang2b,2026-06-18,83.62,-0.102367854580244,False,0.011312812417784812,next_close_fail,2026-06-18,09:45,76.88
002938.SZSE,鹏鼎控股,yang2b,2026-06-17,119.01,0.0075623897151499975,True,-0.024493945836029152,next_close_fail,2026-06-17,10:30,105.54
002953.SZSE,日丰股份,yang2b,2025-08-26,14.89,0.04365345869711201,True,-0.020679468242245203,next_close_fail,2025-08-26,11:00,13.26
002957.SZSE,科瑞技术,yang2b,2026-05-28,61.96,0.0012911555842478606,True,-0.00497070832593649,next_close_fail,2026-05-28,11:00,56.05
002961.SZSE,瑞达期货,yang2b,2024-09-30,15.58,-0.010269576379974388,False,0.048728813559322015,break_close,2024-09-30,14:15,14.85
002962.SZSE,五方光电,yang2b,2026-04-20,19.09,-0.05185961236249337,False,0.002305475504322807,next_close_fail,2026-04-20,09:45,17.39
002965.SZSE,祥鑫科技,yang2b,2026-07-06,57.86,-0.08382302108537854,False,0.005703422053231932,next_close_fail,2026-07-06,13:15,52.9
002971.SZSE,和远气体,yang2b,2026-06-04,37.39,0.051083177320139006,True,0.010297146219476305,next_close_fail,2026-06-04,10:15,34.34
002971.SZSE,和远气体,yang2b,2026-06-09,43.59,0.3025923376921311,True,0.03330809992429984,break_close,2026-06-09,09:45,40.95
002973.SZSE,侨银股份,yang2b,2025-05-28,13.45,-0.006691449814126393,True,0.022076860179885527,break_close,2025-05-28,09:45,12.5
002973.SZSE,侨银股份,yang2b,2025-06-04,14.63,-0.021189336978810647,True,-0.013533834586466287,next_close_fail,2025-06-04,13:30,13.12
002975.SZSE,博杰股份,yang2b,2026-04-17,99.97,-0.04871461438431535,True,0.05633802816901423,next_close_fail,2026-04-17,13:15,96.0
002979.SZSE,雷赛智能,yang2b,2024-11-01,27.12,0.12831858407079655,True,-0.0048681541582149546,break_close,2024-11-01,14:30,24.53
002980.SZSE,华盛昌,yang2b,2026-05-14,94.67,0.016900813351642396,True,0.018010690216128333,next_close_fail,2026-05-14,14:15,87.61
002980.SZSE,华盛昌,yang2b,2026-06-16,124.28,0.010218860637270621,False,0.012568596211718797,next_close_fail,2026-06-16,13:45,114.4
002981.SZSE,朝阳科技,yang2b,2024-11-21,29.67,-0.14796090326929556,False,-0.010381905821282844,next_close_fail,2024-11-21,11:15,26.69
002981.SZSE,朝阳科技,yang2b,2024-12-06,29.04,-0.07162534435261703,False,-0.004545454545454408,next_close_fail,2024-12-06,14:30,26.28
002981.SZSE,朝阳科技,yang2b,2025-06-05,26.09,-0.026063625910310417,True,0.016020236087689765,next_close_fail,2025-06-05,11:30,24.1
002987.SZSE,京北方,yang2b,2024-10-21,17.81,-0.06793935991016264,True,0.016676961087090714,next_close_fail,2024-10-21,14:45,16.46
002987.SZSE,京北方,yang2b,2025-07-04,23.3,0.08068669527896999,True,0.0632672332389046,break_close,2025-07-04,10:45,22.52
002989.SZSE,中天精装,yang2b,2024-09-24,19.38,0.009803921568627416,False,0.0039727582292850006,next_close_fail,2024-09-24,14:15,17.69
002990.SZSE,盛视科技,yang2b,2025-03-17,34.41,-0.05666957279860496,True,0.007033248081841359,next_close_fail,2025-03-17,10:15,31.5
002990.SZSE,盛视科技,yang2b,2026-06-24,66.0,0.1393939393939394,True,-0.01966666666666661,break_close,2026-06-24,10:45,58.82
003004.SZSE,声迅股份,yang2b,2026-05-26,54.74,0.0031055900621117516,True,-0.009244372990353744,next_close_fail,2026-05-26,15:00,49.3
003004.SZSE,声迅股份,yang2b,2026-06-01,65.68,0.09089524969549334,True,0.0,next_close_fail,2026-06-01,10:00,59.71
003004.SZSE,声迅股份,yang2b,2026-06-08,68.52,-0.04786923525977815,False,-0.036602986033071105,next_close_fail,2026-06-08,15:00,60.01
003005.SZSE,竞业达,yang2b,2024-12-11,36.28,-0.03831312017640576,True,-0.003941782898726376,next_close_fail,2024-12-11,15:00,32.85
003007.SZSE,直真科技,yang2b,2026-01-08,40.83,0.31741366642174884,True,0.010237068965517349,break_close,2026-01-08,10:00,37.5
003010.SZSE,若羽臣,yang2b,2025-06-12,59.39,0.026772183869338217,True,-0.009816632709761075,next_close_fail,2025-06-12,14:30,53.46
003015.SZSE,日久光电,yang2b,2024-09-10,13.53,0.018477457501847816,True,-0.01788617886178867,next_close_fail,2024-09-10,14:00,12.08
003015.SZSE,日久光电,yang2b,2024-09-30,13.51,0.09918578830495939,True,0.03583061889250816,next_close_fail,2024-09-30,14:15,12.72
003016.SZSE,欣贺股份,yang2b,2024-12-12,9.9,-0.06161616161616179,False,0.008888888888888946,next_close_fail,2024-12-12,10:15,9.08
003016.SZSE,欣贺股份,yang2b,2025-12-24,10.33,0.04356243949661165,True,0.017039403620873195,next_close_fail,2025-12-24,09:45,9.55
003021.SZSE,兆威机电,yang2b,2024-11-29,74.1,0.07449392712550629,True,0.024495249406175867,next_close_fail,2024-11-29,13:15,69.01
003021.SZSE,兆威机电,yang2b,2025-01-21,104.96,-0.04039634146341464,True,0.0009431984908825353,next_close_fail,2025-01-21,14:30,95.51
003021.SZSE,兆威机电,yang2b,2025-02-06,111.08,0.005851638458768571,True,-0.009803921568627527,next_close_fail,2025-02-06,10:30,99.99
003021.SZSE,兆威机电,yang2b,2025-02-12,130.12,-0.1009837073470643,False,-0.012088933975822225,next_close_fail,2025-02-12,10:15,116.86
003026.SZSE,中晶科技,yang2b,2026-06-29,43.88,0.039425706472196786,False,0.015292053146152007,next_close_fail,2026-06-29,10:00,40.5
003030.SZSE,祖名股份,yang2b,2025-04-21,21.56,-0.07003710575139133,True,-0.010204081632653184,next_close_fail,2025-04-21,10:15,19.4
003031.SZSE,中瓷电子,yang2b,2024-10-21,52.51,-0.008950676061702523,True,0.02387934645999157,next_close_fail,2024-10-21,10:45,48.88
003036.SZSE,泰坦股份,yang2b,2026-05-08,41.91,0.017418277260797144,True,0.030183727034120755,next_close_fail,2026-05-08,09:45,39.25
003036.SZSE,泰坦股份,yang2b,2026-05-20,45.98,0.031100478468899517,True,-0.01220095693779899,next_close_fail,2026-05-20,14:30,41.29
003036.SZSE,泰坦股份,yang2b,2026-05-25,55.98,0.1588067166845304,True,-0.005305561013951743,break_close,2026-05-25,10:30,50.62
003036.SZSE,泰坦股份,yang2b,2026-05-28,71.36,-0.005044843049327397,True,-0.028826884538307507,next_close_fail,2026-05-28,13:45,63.0
003041.SZSE,真爱美家,yang2b,2024-12-16,27.57,-0.03518317011244099,False,0.0,next_close_fail,2024-12-16,09:45,25.06
003041.SZSE,真爱美家,yang2b,2024-12-20,32.27,-0.14719553765106919,False,0.010906612133606108,next_close_fail,2024-12-20,14:15,29.66
003041.SZSE,真爱美家,yang2b,2026-02-06,63.37,-0.023197096417863272,False,0.054678007290400954,next_close_fail,2026-02-06,09:45,60.76
003043.SZSE,华亚智能,yang2b,2026-07-22,70.5,-0.07673758865248226,False,-0.020283975659229236,next_close_fail,2026-07-22,10:30,62.79
600021.SSE,上海电力,yang2b,2025-09-01,16.84,0.14251781472684066,True,0.0,break_close,2025-09-01,10:00,15.31
600021.SSE,上海电力,yang2b,2025-09-15,24.42,-0.13718263718263723,False,-0.003603603603603567,next_close_fail,2025-09-15,13:15,22.12
600072.SSE,中船科技,yang2b,2024-10-08,15.95,-0.14357366771159874,False,0.09724137931034482,next_close_fail,2024-10-08,09:45,15.91
600095.SSE,湘财股份,yang2b,2025-07-04,10.81,-0.028677150786309058,False,-0.008138351983723258,next_close_fail,2025-07-04,13:30,9.75
600095.SSE,湘财股份,yang2b,2025-07-09,12.43,-0.0836685438455349,False,-0.018584070796460295,next_close_fail,2025-07-09,14:00,11.09
600104.SSE,上汽集团,yang2b,2024-12-02,19.34,-0.02119958634953467,False,-0.03583617747440271,next_close_fail,2024-12-02,13:45,16.95
600105.SSE,永鼎股份,yang2b,2025-10-28,16.52,-0.029661016949152463,False,0.010652463382157196,next_close_fail,2025-10-28,10:00,15.18
600105.SSE,永鼎股份,yang2b,2025-12-11,21.04,0.03992395437262353,True,0.019341348667015312,next_close_fail,2025-12-11,09:45,19.5
600110.SSE,诺德股份,yang2b,2024-11-25,5.24,-0.10114503816793896,False,0.010504201680672232,next_close_fail,2024-11-25,10:00,4.81
600110.SSE,诺德股份,yang2b,2026-06-12,13.44,0.30729166666666674,False,0.0245499181669393,break_close,2026-06-12,10:30,12.52
600111.SSE,北方稀土,yang2b,2025-07-18,33.0,0.06212121212121202,False,0.0,next_close_fail,2025-07-18,10:30,30.0
600111.SSE,北方稀土,yang2b,2025-07-24,38.49,-0.006235385814497341,False,-0.008573878250928924,next_close_fail,2025-07-24,14:15,34.69
600113.SSE,浙江东日,yang2b,2025-06-20,20.69,0.2228129531174481,True,-0.035619351408824995,break_close,2025-06-20,15:00,18.14
600152.SSE,维科技术,yang2b,2026-04-17,13.9,0.0021582733812948174,True,-0.03322784810126578,next_close_fail,2026-04-17,13:15,12.22
600162.SSE,香江控股,yang2b,2026-07-15,2.53,0.0869565217391306,True,0.0,break_close,2026-07-15,10:00,2.3
600162.SSE,香江控股,yang2b,2026-08-27,4.87,0.02053388090349073,True,0.0,break_close,2026-08-27,10:15,4.43
600172.SSE,黄河旋风,yang2b,2026-06-25,18.81,-0.11483253588516751,False,-0.015789473684210686,next_close_fail,2026-06-25,14:45,16.83
600186.SSE,莲花控股,yang2b,2025-01-20,5.12,0.0,True,0.034408602150537426,next_close_fail,2025-01-20,10:15,4.81
600186.SSE,莲花控股,yang2b,2025-02-06,5.92,0.1452702702702704,True,0.040892193308550207,break_close,2025-02-06,10:30,5.6
600186.SSE,莲花控股,yang2b,2026-06-09,11.54,0.006932409012131657,True,-0.0009532888465204614,next_close_fail,2026-06-09,14:00,10.48
600186.SSE,莲花控股,yang2b,2026-06-16,13.33,0.07126781695423845,True,-0.0016501650165016146,break_close,2026-06-16,13:15,12.1
600186.SSE,莲花控股,yang2b,2026-06-25,15.6,-0.08333333333333326,True,0.0014104372355430161,next_close_fail,2026-06-25,09:45,14.2
600191.SSE,华资实业,yang2b,2025-02-07,9.23,-0.05633802816901401,False,-0.010727056019070313,next_close_fail,2025-02-07,14:15,8.3
600192.SSE,长城电工,yang2b,2025-12-30,10.52,-0.0361216730038022,True,-0.01673640167364021,next_close_fail,2025-12-30,10:00,9.4
600192.SSE,长城电工,yang2b,2026-01-13,11.66,-0.0823327615780447,False,-0.009433962264150941,next_close_fail,2026-01-13,14:00,10.5
600212.SSE,绿能慧充,yang2b,2024-11-01,8.67,-0.0046136101499422155,False,0.016497461928933976,next_close_fail,2024-11-01,09:45,8.01
600227.SSE,赤天化,yang2b,2026-08-10,3.67,-0.024523160762942697,True,-0.014970059880239472,next_close_fail,2026-08-10,10:00,3.29
600228.SSE,返利科技,yang2b,2024-12-06,7.9,-0.0113924050632912,True,0.001392757660167332,next_close_fail,2024-12-06,10:00,7.19
600230.SSE,沧州大化,yang2b,2026-02-25,23.5,-0.04212765957446807,True,0.0,next_close_fail,2026-02-25,10:45,21.36
600234.SSE,科新发展,yang2b,2026-05-08,28.61,0.046137714085983994,True,-0.0003844675124952124,break_close,2026-05-08,11:15,26.0
600241.SSE,时代万恒,yang2b,2024-09-30,7.8,0.012820512820512997,False,0.0,next_close_fail,2024-09-30,13:45,7.09
600250.SSE,南京商旅,yang2b,2024-12-12,12.0,-0.02833333333333332,True,0.0036663611365719273,next_close_fail,2024-12-12,15:00,10.95
600259.SSE,中稀有色,yang2b,2025-06-16,61.38,-0.0658194851743239,True,-0.014336917562723928,next_close_fail,2025-06-16,10:15,55.0
600271.SSE,航天信息,yang2b,2025-12-30,11.59,0.008628127696289845,True,0.0,next_close_fail,2025-12-30,09:45,10.54
600279.SSE,重庆港,yang2b,2024-11-20,5.93,-0.01686340640809436,True,-0.011131725417439675,next_close_fail,2024-11-20,10:15,5.33
600280.SSE,中央商场,yang2b,2024-11-29,4.5,0.011111111111111072,True,0.017114914425427896,next_close_fail,2024-11-29,15:00,4.16
600280.SSE,中央商场,yang2b,2025-12-09,4.06,0.08866995073891637,True,-0.0027100271002709064,break_close,2025-12-09,10:45,3.68
600310.SSE,广西能源,yang2b,2026-04-23,5.28,-0.03598484848484851,True,-0.002083333333333326,next_close_fail,2026-04-23,13:45,4.79
600318.SSE,新力金融,yang2b,2024-10-17,7.91,0.07079646017699126,False,0.06258692628650886,break_close,2024-10-17,09:45,7.64
600318.SSE,新力金融,yang2b,2024-11-04,9.89,0.1213346814964611,True,0.0011123470522802492,break_close,2024-11-04,09:45,9.0
600318.SSE,新力金融,yang2b,2024-11-29,10.29,-0.02818270165208936,False,-0.014973262032085488,next_close_fail,2024-11-29,13:15,9.21
600318.SSE,新力金融,yang2b,2024-12-03,11.0,-0.09636363636363643,False,-0.009000000000000008,next_close_fail,2024-12-03,14:15,9.91
600319.SSE,亚星化学,yang2b,2025-11-28,9.75,0.0010256410256410664,True,0.0011286681715574343,next_close_fail,2025-11-28,10:15,8.87
600330.SSE,天通股份,yang2b,2026-03-12,20.1,-0.08308457711442796,False,0.02025177887246854,next_close_fail,2026-03-12,09:45,18.64
600330.SSE,天通股份,yang2b,2026-05-11,32.08,0.018079800498753018,True,0.028806584362139898,next_close_fail,2026-05-11,10:30,30.0
600338.SSE,西藏珠峰,yang2b,2026-04-29,27.61,-0.0010865628395508864,True,0.005577689243027706,next_close_fail,2026-04-29,13:30,25.24
600343.SSE,航天动力,yang2b,2025-12-11,36.47,0.04469426926240749,True,0.01990950226244359,break_close,2025-12-11,11:30,33.81
600345.SSE,长江通信,yang2b,2026-01-09,40.79,0.02917381711203726,False,0.0005393743257822159,next_close_fail,2026-01-09,14:00,37.1
600345.SSE,长江通信,yang2b,2026-05-08,57.45,0.009051348999129516,True,-0.02833620524602709,next_close_fail,2026-05-08,14:00,50.75
600353.SSE,旭光电子,yang2b,2025-07-01,14.67,-0.0743012951601909,True,0.040479760119940034,next_close_fail,2025-07-01,09:45,13.88
600358.SSE,国旅联合,yang2b,2024-09-06,3.22,0.009316770186335255,False,0.0034129692832762792,break_close,2024-09-06,10:00,2.94
600366.SSE,宁波韵升,yang2b,2025-06-30,10.86,0.035911602209944826,True,0.03242147922998995,next_close_fail,2025-06-30,14:15,10.19
600367.SSE,红星发展,yang2b,2026-03-16,27.28,0.04985337243401755,False,0.06451612903225801,next_close_fail,2026-03-16,11:30,26.4
600391.SSE,航发科技,yang2b,2026-02-05,58.31,-0.08609157948893853,False,-0.03791737408036211,next_close_fail,2026-02-05,10:00,51.0
600400.SSE,红豆股份,yang2b,2025-09-02,2.66,0.03007518796992481,True,-0.004132231404958553,next_close_fail,2025-09-02,09:45,2.41
600403.SSE,大有能源,yang2b,2025-12-03,9.2,-0.09673913043478244,True,-0.021531100478468845,next_close_fail,2025-12-03,10:45,8.18
600403.SSE,大有能源,yang2b,2026-07-30,6.2,-0.1016129032258064,False,-0.007092198581560294,next_close_fail,2026-07-30,10:15,5.6
600403.SSE,大有能源,yang2b,2026-08-06,6.41,0.007800312012480548,True,0.0,next_close_fail,2026-08-06,11:30,5.83
600403.SSE,大有能源,yang2b,2026-08-11,7.35,-0.0870748299319728,False,0.04790419161676662,next_close_fail,2026-08-11,09:45,7.0
600410.SSE,华胜天成,yang2b,2025-08-18,20.68,0.019825918762089056,True,0.04308510638297869,break_close,2025-08-18,09:45,19.61
600410.SSE,华胜天成,yang2b,2025-09-18,24.51,-0.09220726234190135,False,-0.026032315978456122,next_close_fail,2025-09-18,13:15,21.7
600418.SSE,江淮汽车,yang2b,2024-10-18,33.5,-0.0026865671641792543,True,0.05090311986863716,next_close_fail,2024-10-18,10:30,32.0
600418.SSE,江淮汽车,yang2b,2024-10-31,40.95,-0.08180708180708185,True,0.02068224550094011,next_close_fail,2024-10-31,11:30,38.0
600463.SSE,空港股份,yang2b,2024-10-21,12.93,0.031709203402938924,True,-0.0017021276595744483,next_close_fail,2024-10-21,10:15,11.73
600467.SSE,好当家,yang2b,2024-12-06,2.87,-0.04529616724738672,False,-0.007662835249042099,next_close_fail,2024-12-06,14:15,2.59
600481.SSE,双良节能,yang2b,2026-02-09,11.56,-0.10207612456747406,False,0.03139866793529977,next_close_fail,2026-02-09,09:45,10.84
600490.SSE,鹏欣资源,yang2b,2024-09-27,3.01,0.0897009966777409,True,0.014598540145985162,next_close_fail,2024-09-27,11:30,2.78
600498.SSE,烽火通信,yang2b,2026-01-23,41.82,-0.039454806312768986,True,0.01788532351394001,next_close_fail,2026-01-23,10:30,38.7
600503.SSE,华丽家族,yang2b,2025-09-09,3.76,-0.010638297872340274,True,0.023391812865497075,next_close_fail,2025-09-09,09:45,3.5
600506.SSE,统一股份,yang2b,2024-12-11,20.32,0.06299212598425208,True,-0.02923659989171623,break_close,2024-12-11,14:30,17.93
600538.SSE,国发股份,yang2b,2024-10-31,4.95,-0.04040404040404044,False,0.0,next_close_fail,2024-10-31,10:00,4.5
600545.SSE,卓郎智能,yang2b,2026-02-25,3.38,0.00887573964497057,True,-0.0032573289902279035,next_close_fail,2026-02-25,09:45,3.06
600545.SSE,卓郎智能,yang2b,2026-04-10,4.35,-0.016091954022988353,False,0.010126582278481067,next_close_fail,2026-04-10,09:45,3.99
600545.SSE,卓郎智能,yang2b,2026-05-26,7.32,0.005464480874316946,False,-0.012030075187969946,next_close_fail,2026-05-26,10:15,6.57
600545.SSE,卓郎智能,yang2b,2026-05-29,8.37,-0.11350059737156504,False,0.013140604467805517,next_close_fail,2026-05-29,09:45,7.71
600545.SSE,卓郎智能,yang2b,2026-06-26,7.1,0.05492957746478888,True,0.03875968992248069,next_close_fail,2026-06-26,09:45,6.7
600549.SSE,厦门钨业,yang2b,2026-06-22,94.5,-0.09597883597883594,True,0.035036666278663864,next_close_fail,2026-06-22,13:15,88.92
600552.SSE,凯盛科技,yang2b,2024-09-03,16.06,-0.07845579078455778,True,-0.013698630136986245,next_close_fail,2024-09-03,10:15,14.4
600552.SSE,凯盛科技,yang2b,2024-09-30,12.57,0.06205250596658707,True,0.053368328958879996,next_close_fail,2024-09-30,13:15,12.04
600571.SSE,信雅达,yang2b,2024-12-19,16.86,-0.016014234875444844,True,-0.021526418786692814,next_close_fail,2024-12-19,14:00,15.0
600580.SSE,卧龙电驱,yang2b,2025-09-12,46.15,0.0013001083423618276,True,0.00023837902264589594,next_close_fail,2025-09-12,10:30,41.96
600584.SSE,长电科技,yang2b,2026-06-22,91.33,-0.057374356728347675,True,0.034324942791762014,next_close_fail,2026-06-22,14:45,85.88
600588.SSE,用友网络,yang2b,2024-11-05,12.11,-0.023121387283236983,False,0.012715712988192518,next_close_fail,2024-11-05,11:30,11.15
600593.SSE,大连圣亚,yang2b,2024-11-25,30.71,0.13936828394659728,True,-0.018982808022922626,break_close,2024-11-25,10:00,27.39
600593.SSE,大连圣亚,yang2b,2024-12-05,39.56,0.06395348837209314,True,0.0,next_close_fail,2024-12-05,14:45,35.96
600593.SSE,大连圣亚,yang2b,2024-12-12,46.43,0.08895110919664018,True,0.00781805259417201,break_close,2024-12-12,10:45,42.54
600594.SSE,益佰制药,yang2b,2026-04-21,5.04,-0.05753968253968256,False,0.0,next_close_fail,2026-04-21,09:45,4.58
600601.SSE,方正科技,yang2b,2024-12-26,4.8,0.018750000000000044,True,-0.00917431192660556,next_close_fail,2024-12-26,10:00,4.32
600601.SSE,方正科技,yang2b,2025-09-11,10.27,0.1616358325219085,True,0.004282655246252709,break_close,2025-09-11,09:45,9.38
600601.SSE,方正科技,yang2b,2025-09-30,11.47,-0.042720139494333065,False,0.009587727708533,next_close_fail,2025-09-30,14:30,10.53
600601.SSE,方正科技,yang2b,2026-09-04,13.88,,False,0.017432646592709933,open_end,2026-09-04,09:45,12.84
600609.SSE,金杯汽车,yang2b,2024-11-06,6.59,0.07587253414264028,True,-0.006677796327211993,next_close_fail,2024-11-06,15:00,5.95
600609.SSE,金杯汽车,yang2b,2024-11-08,7.8,-0.02051282051282055,False,0.07193229901269382,break_close,2024-11-08,09:45,7.6
600610.SSE,中毅达,yang2b,2025-03-24,8.76,0.19748858447488593,True,0.005025125628140614,break_close,2025-03-24,10:15,8.0
600610.SSE,中毅达,yang2b,2025-05-06,11.85,0.11054852320675113,False,0.03992571959145774,break_close,2025-05-06,11:15,11.2
600610.SSE,中毅达,yang2b,2025-05-07,12.83,0.025720966484801266,True,0.012006861063464935,next_close_fail,2025-05-07,14:00,11.8
600611.SSE,大众交通,yang2b,2024-09-30,7.83,0.14814814814814814,True,0.02949438202247201,break_close,2024-09-30,13:15,7.33
600613.SSE,神奇制药,yang2b,2024-10-25,7.43,0.12786002691790066,True,-0.002962962962962945,break_close,2024-10-25,09:45,6.73
600615.SSE,鑫源智造,yang2b,2024-11-12,12.82,-0.046801872074882955,False,0.0042918454935620964,next_close_fail,2024-11-12,09:45,11.7
600617.SSE,国新能源,yang2b,2025-11-14,4.14,0.0314009661835748,True,0.005319148936170137,next_close_fail,2025-11-14,10:00,3.78
600618.SSE,氯碱化工,yang2b,2025-01-10,12.38,-0.06300484652665594,False,0.01777777777777767,next_close_fail,2025-01-10,14:30,11.45
600629.SSE,华建集团,yang2b,2026-07-28,13.43,-0.056589724497393856,True,0.08108108108108092,next_close_fail,2026-07-28,10:00,13.2
600635.SSE,大众公用,yang2b,2025-10-31,7.47,-0.021419009370816644,True,0.04123711340206193,next_close_fail,2025-10-31,10:30,7.07
600644.SSE,乐山电力,yang2b,2025-05-27,16.78,-0.035756853396901156,True,-0.022950819672131084,next_close_fail,2025-05-27,13:30,14.9
600644.SSE,乐山电力,yang2b,2025-06-10,16.92,-0.06560283687943269,True,0.0006501950585175997,next_close_fail,2025-06-10,10:30,15.39
600650.SSE,锦江在线,yang2b,2024-09-30,12.73,0.13982717989002347,True,0.06828003457216925,break_close,2024-09-30,13:15,12.36
600653.SSE,申华控股,yang2b,2024-12-06,2.7,0.011111111111111072,True,0.0,next_close_fail,2024-12-06,10:15,2.45
600658.SSE,电子城,yang2b,2025-09-17,6.85,-0.04963503649635037,True,0.004815409309791185,next_close_fail,2025-09-17,13:15,6.26
600666.SSE,奥瑞德,yang2b,2024-11-20,2.84,-0.007042253521126751,True,0.027131782945736482,next_close_fail,2024-11-20,10:30,2.65
600667.SSE,太极实业,yang2b,2026-07-01,32.1,-0.09999999999999998,True,-0.010966415352981485,next_close_fail,2026-07-01,10:00,28.86
600682.SSE,南京新百,yang2b,2025-08-19,8.82,0.0,True,-0.006234413965087282,next_close_fail,2025-08-19,09:45,7.97
600699.SSE,均胜电子,yang2b,2025-09-16,30.48,0.2171916010498689,True,0.04655359076145782,break_close,2025-09-16,09:45,29.0
600703.SSE,三安光电,yang2b,2026-06-24,21.81,-0.006419073819348808,True,-0.026727181038829984,next_close_fail,2026-06-24,10:00,19.3
600707.SSE,彩虹股份,yang2b,2026-04-17,7.79,0.08472400513478817,True,0.0028248587570620654,break_close,2026-04-17,09:45,7.1
600707.SSE,彩虹股份,yang2b,2026-05-13,10.45,0.030622009569378106,True,-0.029473684210526208,next_close_fail,2026-05-13,09:45,9.22
600714.SSE,金瑞矿业,yang2b,2026-03-12,23.79,0.04455653635981505,True,0.01710587147480358,next_close_fail,2026-03-12,13:15,22.0
600714.SSE,金瑞矿业,yang2b,2026-05-11,25.41,-0.00039354584809137005,False,0.0,next_close_fail,2026-05-11,10:15,23.1
600714.SSE,金瑞矿业,yang2b,2026-05-18,27.72,-0.00649350649350644,True,-0.007539682539682402,next_close_fail,2026-05-18,10:00,25.01
600719.SSE,大连热电,yang2b,2026-05-12,10.62,0.019774011299435124,True,-0.029015544041450902,next_close_fail,2026-05-12,10:30,9.37
600722.SSE,金牛化工,yang2b,2026-08-10,12.52,-0.031150159744408823,True,0.0,next_close_fail,2026-08-10,13:15,11.38
600724.SSE,宁波富达,yang2b,2024-10-31,5.84,-0.08047945205479445,False,-0.030131826741996104,next_close_fail,2024-10-31,10:00,5.15
600728.SSE,佳都科技,yang2b,2025-03-12,6.33,-0.06635071090047395,False,0.01565217391304352,next_close_fail,2025-03-12,13:30,5.84
600729.SSE,重百集团,yang2b,2025-03-14,34.53,-0.07877208224732124,False,0.0003185727938832539,next_close_fail,2025-03-14,13:15,31.4
600732.SSE,爱旭股份,yang2b,2024-11-06,13.59,-0.05592347314201618,False,0.0016194331983805377,next_close_fail,2024-11-06,11:00,12.37
600732.SSE,爱旭股份,yang2b,2024-11-08,14.11,0.15733522324592486,True,0.024162120031177015,break_close,2024-11-08,09:45,13.14
600748.SSE,上实发展,yang2b,2025-10-21,7.34,0.053133514986376085,True,-0.03448275862068961,next_close_fail,2025-10-21,11:00,6.44
600758.SSE,辽宁能源,yang2b,2026-06-01,5.16,0.01744186046511631,True,0.0,next_close_fail,2026-06-01,15:00,4.69
600760.SSE,中航沈飞,yang2b,2024-11-05,53.64,0.03504847129008204,True,0.08449548810500418,break_close,2024-11-05,09:45,52.88
600769.SSE,祥龙电业,yang2b,2024-10-31,12.64,-0.030063291139240556,True,-0.01653611836379454,next_close_fail,2024-10-31,09:45,11.3
600769.SSE,祥龙电业,yang2b,2024-11-08,13.21,-0.03860711582134757,True,0.019983347210657865,next_close_fail,2024-11-08,09:45,12.25
600769.SSE,祥龙电业,yang2b,2025-10-22,15.79,-0.08613046231792265,False,0.016027874564459976,next_close_fail,2025-10-22,09:45,14.58
600770.SSE,综艺股份,yang2b,2024-10-17,3.78,0.27513227513227534,True,0.008720930232558155,break_close,2024-10-17,10:00,3.47
600797.SSE,浙大网新,yang2b,2024-12-03,7.98,-0.048872180451127845,True,0.0013793103448276334,next_close_fail,2024-12-03,11:00,7.26
600800.SSE,渤海化学,yang2b,2025-05-20,4.18,-0.04306220095693769,False,-0.002631578947368318,next_close_fail,2025-05-20,14:30,3.79
600807.SSE,济高发展,yang2b,2025-02-20,3.3,-0.012121212121212088,True,0.0033333333333331883,next_close_fail,2025-02-20,10:00,3.01
600819.SSE,耀皮玻璃,yang2b,2025-11-10,9.36,-0.020299145299145227,True,0.016451233842538215,next_close_fail,2025-11-10,10:30,8.65
600821.SSE,金开新能,yang2b,2026-03-12,10.87,-0.06623735050597968,True,-0.007085020242915019,next_close_fail,2026-03-12,13:15,9.81
600821.SSE,金开新能,yang2b,2026-03-19,11.5,-0.06869565217391294,False,-0.038277511961722355,next_close_fail,2026-03-19,10:00,10.05
600825.SSE,新华传媒,yang2b,2025-03-10,7.79,-0.023106546854942178,True,-0.01412429378531066,next_close_fail,2025-03-10,14:45,6.98
600828.SSE,茂业商业,yang2b,2026-01-09,6.99,0.15021459227467804,True,-0.015748031496062964,break_close,2026-01-09,10:15,6.25
600828.SSE,茂业商业,yang2b,2026-02-05,7.78,-0.06555269922879181,True,-0.03536067892503536,next_close_fail,2026-02-05,14:30,6.82
600835.SSE,上海机电,yang2b,2025-02-26,24.07,-0.004985459077690102,True,0.0,next_close_fail,2025-02-26,10:00,21.88
600838.SSE,上海九百,yang2b,2026-01-08,13.86,-0.025252525252525193,True,-0.041269841269841234,next_close_fail,2026-01-08,14:00,12.08
600838.SSE,上海九百,yang2b,2026-01-20,14.07,-0.028429282160625458,True,-0.0031274433150898506,next_close_fail,2026-01-20,11:00,12.75
600839.SSE,四川长虹,yang2b,2025-02-13,12.95,-0.02316602316602312,True,-0.009345794392523366,next_close_fail,2025-02-13,11:30,11.66
600844.SSE,金煤科技,yang2b,2026-07-23,3.07,-0.01628664495113996,True,-0.017921146953404965,next_close_fail,2026-07-23,11:30,2.74
600844.SSE,金煤科技,yang2b,2026-07-29,3.45,-0.037681159420289934,True,-0.0031847133757962887,next_close_fail,2026-07-29,10:30,3.13
600861.SSE,北京人力,yang2b,2024-10-29,22.12,-0.08182640144665476,False,0.039283938339134794,next_close_fail,2024-10-29,10:45,20.9
600864.SSE,哈投股份,yang2b,2024-10-28,6.92,-0.054913294797687806,False,0.011128775834658322,next_close_fail,2024-10-28,10:30,6.36
600864.SSE,哈投股份,yang2b,2024-10-31,7.44,-0.009408602150537626,True,0.0014792899408284654,next_close_fail,2024-10-31,09:45,6.77
600865.SSE,百大集团,yang2b,2025-01-21,9.91,0.026236125126135157,True,0.0011098779134295356,next_close_fail,2025-01-21,14:00,9.02
600868.SSE,梅雁吉祥,yang2b,2025-11-06,3.3,-0.042424242424242364,False,0.0033333333333331883,next_close_fail,2025-11-06,10:15,3.01
600869.SSE,远东股份,yang2b,2026-05-29,24.1,-0.04647302904564321,True,0.02099497946143325,next_close_fail,2026-05-29,13:15,22.37
600871.SSE,石化油服,yang2b,2025-11-12,2.59,0.015444015444015413,True,0.0,next_close_fail,2025-11-12,10:00,2.35
600877.SSE,电科芯片,yang2b,2024-10-21,15.82,-0.03855878634639698,True,0.09874826147426985,next_close_fail,2024-10-21,10:30,15.8
600877.SSE,电科芯片,yang2b,2026-01-22,22.29,0.004486316733961493,False,0.01727541954590306,next_close_fail,2026-01-22,09:45,20.61
600879.SSE,航天电子,yang2b,2025-12-25,18.61,0.04621171413218694,True,-0.012411347517730542,next_close_fail,2025-12-25,11:00,16.71
600879.SSE,航天电子,yang2b,2026-01-08,26.08,0.08895705521472386,True,-0.009700548291859956,break_close,2026-01-08,10:30,23.48
600892.SSE,大晟文化,yang2b,2025-03-17,3.76,-0.031914893617021156,True,0.00877192982456143,next_close_fail,2025-03-17,09:45,3.45
600903.SSE,贵州燃气,yang2b,2026-05-18,8.81,0.11577752553915999,True,-0.048689138576779034,break_close,2026-05-18,10:00,7.62
600935.SSE,华塑股份,yang2b,2024-12-02,2.93,0.020477815699658786,True,-0.007518796992481258,next_close_fail,2024-12-02,11:15,2.64
600936.SSE,北投科技,yang2b,2026-06-02,5.92,0.042229729729729826,True,0.0,break_close,2026-06-02,11:30,5.38
600986.SSE,浙文互联,yang2b,2025-02-19,11.44,-0.10402097902097895,False,0.04711538461538467,next_close_fail,2025-02-19,09:45,10.89
600986.SSE,浙文互联,yang2b,2026-01-23,12.05,0.08796680497925302,True,0.05753424657534256,break_close,2026-01-23,10:00,11.58
600986.SSE,浙文互联,yang2b,2026-02-03,15.42,-0.039559014267185444,True,0.06276747503566349,next_close_fail,2026-02-03,09:45,14.9
600988.SSE,赤峰黄金,yang2b,2026-07-21,35.48,0.07722660653889513,True,0.02635658914728678,next_close_fail,2026-07-21,14:45,33.1
600990.SSE,四创电子,yang2b,2024-10-17,25.92,0.06712962962962954,True,-0.002546689303904892,next_close_fail,2024-10-17,10:15,23.5
601011.SSE,宝泰隆,yang2b,2024-11-05,2.59,-0.054054054054053946,False,0.0,next_close_fail,2024-11-05,13:30,2.35
601015.SSE,陕西黑猫,yang2b,2026-03-12,5.17,0.013539651837524147,True,0.010638297872340496,next_close_fail,2026-03-12,13:15,4.75
601020.SSE,华钰矿业,yang2b,2025-03-07,22.55,0.0536585365853659,True,0.024390243902439046,next_close_fail,2025-03-07,09:45,21.0
601069.SSE,西部黄金,yang2b,2026-03-02,39.89,0.026573075958886916,True,0.0603971318257035,next_close_fail,2026-03-02,14:00,38.45
601083.SSE,锦江航运,yang2b,2025-04-15,11.52,-0.04166666666666674,True,0.0697230181470867,next_close_fail,2025-04-15,09:45,11.2
601086.SSE,国芳集团,yang2b,2024-11-07,4.99,0.0,True,-0.0022026431718060735,next_close_fail,2024-11-07,13:15,4.53
601086.SSE,国芳集团,yang2b,2024-12-12,6.52,-0.07822085889570551,True,0.010118043844856706,next_close_fail,2024-12-12,15:00,5.99
601086.SSE,国芳集团,yang2b,2024-12-27,5.95,-0.03361344537815125,True,0.014787430683918634,next_close_fail,2024-12-27,09:45,5.49
601096.SSE,宏盛华源,yang2b,2026-02-04,6.19,-0.048465266558966213,True,0.01243339253996445,next_close_fail,2026-02-04,09:45,5.7
601106.SSE,中国一重,yang2b,2026-01-07,4.47,0.34228187919463093,True,0.007389162561576512,break_close,2026-01-07,10:00,4.09
601138.SSE,工业富联,yang2b,2025-09-18,67.23,-0.01680797263126599,False,-0.028304973821989488,next_close_fail,2025-09-18,11:30,59.39
601162.SSE,天风证券,yang2b,2024-09-24,3.0,0.5933333333333335,True,0.03296703296703285,break_close,2024-09-24,11:00,2.82
601208.SSE,东材科技,yang2b,2026-08-07,45.94,-0.012189812799303312,True,0.015086206896551824,next_close_fail,2026-08-07,13:30,42.39
601212.SSE,白银有色,yang2b,2026-09-03,7.33,-0.004092769440654842,True,0.0015015015015014122,next_close_fail,2026-09-03,13:15,6.67
601216.SSE,君正集团,yang2b,2024-12-06,5.63,0.026642984014209725,True,0.00390625,next_close_fail,2024-12-06,13:30,5.14
601279.SSE,英利汽车,yang2b,2025-12-09,5.28,-0.015151515151515138,True,0.025000000000000133,next_close_fail,2025-12-09,09:45,4.92
601330.SSE,绿色动力,yang2b,2026-03-17,9.9,-0.05252525252525253,False,-0.03333333333333344,next_close_fail,2026-03-17,10:45,8.7
601606.SSE,长城军工,yang2b,2024-11-08,14.01,0.054246966452533796,True,0.0015698587127157548,next_close_fail,2024-11-08,14:30,12.76
601606.SSE,长城军工,yang2b,2025-07-22,32.19,-0.07859583721652685,True,-0.008885850991114164,next_close_fail,2025-07-22,10:00,29.0
601611.SSE,中国核建,yang2b,2026-01-12,19.94,-0.09979939819458383,True,0.0005515719801434393,next_close_fail,2026-01-12,13:45,18.14
601611.SSE,中国核建,yang2b,2026-01-22,18.05,-0.03601108033241007,False,0.019500304692260828,next_close_fail,2026-01-22,10:00,16.73
601616.SSE,广电电气,yang2b,2025-03-12,5.13,-0.029239766081871288,True,0.0042918454935620964,next_close_fail,2025-03-12,14:15,4.68
601696.SSE,中银证券,yang2b,2025-07-29,17.96,-0.10300668151447667,False,-0.020208205756276687,next_close_fail,2025-07-29,14:45,16.0
601700.SSE,风范股份,yang2b,2025-12-29,6.16,-0.0665584415584416,True,0.0,next_close_fail,2025-12-29,09:45,5.6
601777.SSE,千里科技,yang2b,2024-11-08,9.15,-0.0360655737704918,False,0.027644230769230838,next_close_fail,2024-11-08,11:00,8.55
601798.SSE,蓝科高新,yang2b,2025-05-19,7.93,-0.01261034047919285,False,0.026352288488210807,next_close_fail,2025-05-19,10:15,7.4
601869.SSE,长飞光纤,yang2b,2025-02-24,42.74,0.008189050070191994,True,0.0002574002574002865,next_close_fail,2025-02-24,10:00,38.86
601869.SSE,长飞光纤,yang2b,2025-12-22,127.05,-0.007713498622589521,True,0.019913419913419883,next_close_fail,2025-12-22,09:45,117.8
601869.SSE,长飞光纤,yang2b,2026-03-02,254.44,-0.07247288162238641,False,-0.01595261769919154,next_close_fail,2026-03-02,10:45,227.62
601869.SSE,长飞光纤,yang2b,2026-03-10,233.1,0.07254397254397249,True,0.02519937709404929,next_close_fail,2026-03-10,13:15,217.25
601869.SSE,长飞光纤,yang2b,2026-03-30,301.69,0.02585435380688783,True,-0.01815795230802897,next_close_fail,2026-03-30,13:15,269.28
601872.SSE,招商轮船,yang2b,2026-03-02,17.86,-0.008398656215005573,True,0.07758620689655182,break_close,2026-03-02,09:45,17.5
601881.SSE,中国银河,yang2b,2025-03-12,17.85,-0.015686274509803977,False,0.0,next_close_fail,2025-03-12,13:45,16.23
601933.SSE,永辉超市,yang2b,2024-12-12,6.94,0.030259365994236287,True,-0.03169572107765439,next_close_fail,2024-12-12,10:00,6.11
603001.SSE,奥康国际,yang2b,2025-07-25,9.03,-0.11738648947951269,False,0.0012180267965895553,next_close_fail,2025-07-25,13:45,8.22
603001.SSE,奥康国际,yang2b,2025-08-06,9.87,-0.02127659574468077,True,0.0011148272017837968,next_close_fail,2025-08-06,14:00,8.98
603014.SSE,威高血净,yang2b,2026-06-17,38.37,-0.02501954652071936,False,0.017488532110091715,next_close_fail,2026-06-17,10:00,35.49
603016.SSE,新宏泰,yang2b,2024-10-14,27.28,0.03372434017595305,True,0.032661290322580694,break_close,2024-10-14,13:15,25.61
603016.SSE,新宏泰,yang2b,2024-10-22,32.58,0.005217925107428023,False,-0.020594193112761672,break_close,2024-10-22,11:30,29.01
603016.SSE,新宏泰,yang2b,2024-10-23,34.82,-0.05944859276278003,True,-0.0015797788309636074,next_close_fail,2024-10-23,10:30,31.6
603017.SSE,中衡设计,yang2b,2026-05-08,17.8,-0.0955056179775281,False,-0.01792336217552526,next_close_fail,2026-05-08,13:45,15.89
603019.SSE,中科曙光,yang2b,2025-09-11,92.09,0.06385058095341511,True,0.009316770186335477,next_close_fail,2025-09-11,11:00,84.5
603019.SSE,中科曙光,yang2b,2025-09-16,112.71,-0.03744122083222423,False,0.03455006831934426,next_close_fail,2025-09-16,09:45,106.0
603023.SSE,威帝股份,yang2b,2026-01-15,5.94,-0.0033670033670034627,True,-0.012962962962963065,next_close_fail,2026-01-15,09:45,5.33
603026.SSE,石大胜华,yang2b,2025-10-30,63.59,0.0174555747759082,True,-0.005362394049472474,next_close_fail,2025-10-30,10:30,57.5
603026.SSE,石大胜华,yang2b,2026-04-14,98.52,0.001319529029638833,True,0.060741402411790935,next_close_fail,2026-04-14,09:45,95.0
603032.SSE,德新科技,yang2b,2024-09-30,17.34,0.09515570934256057,False,0.05964467005076135,next_close_fail,2024-09-30,14:15,16.7
603033.SSE,三维股份,yang2b,2026-07-02,10.99,-0.09463148316651515,False,0.011011011011010874,next_close_fail,2026-07-02,09:45,10.1
603039.SSE,泛微网络,yang2b,2026-08-05,45.63,-0.0010957703265396246,False,-0.02121504339440683,break_close,2026-08-05,10:15,40.6
603039.SSE,泛微网络,yang2b,2026-08-06,49.1,-0.07169042769857437,True,-0.022625448028673834,next_close_fail,2026-08-06,09:45,43.63
603061.SSE,金海通,yang2b,2024-10-17,76.11,0.12928655892786756,True,0.010261598496892788,break_close,2024-10-17,13:15,69.9
603065.SSE,宿迁联盛,yang2b,2026-06-17,15.9,-0.017610062893081868,False,-0.027681660899653848,next_close_fail,2026-06-17,09:45,14.05
603065.SSE,宿迁联盛,yang2b,2026-06-22,17.18,0.04190919674039573,True,0.05697823303457117,next_close_fail,2026-06-22,09:45,16.51
603067.SSE,振华股份,yang2b,2025-11-06,33.1,0.0030211480362538623,True,0.04985044865403787,next_close_fail,2025-11-06,11:00,31.59
603068.SSE,博通集成,yang2b,2025-01-15,34.75,0.0002877697841725535,True,-0.02564102564102555,break_close,2025-01-15,09:45,30.78
603068.SSE,博通集成,yang2b,2025-01-21,39.22,-0.021672616012238688,True,0.006451612903225934,next_close_fail,2025-01-21,11:30,35.88
603068.SSE,博通集成,yang2b,2025-01-27,40.47,0.013837410427477215,True,0.0024463169339494772,next_close_fail,2025-01-27,09:45,36.88
603072.SSE,天和磁材,yang2b,2025-05-06,53.03,0.018102960588346262,True,0.01866832607342861,next_close_fail,2025-05-06,10:00,49.11
603077.SSE,和邦生物,yang2b,2026-03-12,3.33,-0.01501501501501512,True,0.0066006600660066805,next_close_fail,2026-03-12,10:00,3.05
603082.SSE,北自科技,yang2b,2025-02-18,43.04,0.04275092936802971,True,-0.0007666751852798415,next_close_fail,2025-02-18,11:15,39.1
603083.SSE,剑桥科技,yang2b,2025-09-25,124.87,0.06550812845359189,True,-0.013389711064129672,next_close_fail,2025-09-25,14:15,112.0
603093.SSE,南华期货,yang2b,2024-09-30,13.22,-0.009833585476550777,True,0.03993344425956735,break_close,2024-09-30,13:45,12.5
603093.SSE,南华期货,yang2b,2025-07-09,22.96,0.08928571428571441,True,0.024436990896022914,break_close,2025-07-09,11:00,21.38
603095.SSE,越剑智能,yang2b,2024-11-05,24.0,0.025000000000000133,True,-0.018790100824931266,next_close_fail,2024-11-05,10:45,21.41
603095.SSE,越剑智能,yang2b,2026-08-25,16.4,0.01768292682926842,True,-0.01810865191146882,next_close_fail,2026-08-25,09:45,14.64
603098.SSE,森特股份,yang2b,2025-08-25,14.73,-0.008146639511201648,True,0.014189693801344161,break_close,2025-08-25,10:30,13.58
603098.SSE,森特股份,yang2b,2025-09-08,15.68,0.04846938775510212,True,0.008421052631578885,next_close_fail,2025-09-08,11:30,14.37
603101.SSE,汇嘉时代,yang2b,2024-12-04,8.7,0.02298850574712663,True,-0.0012642225031604948,next_close_fail,2024-12-04,09:45,7.9
603103.SSE,横店影视,yang2b,2024-12-16,18.12,-0.14845474613686538,False,0.0006071645415908211,next_close_fail,2024-12-16,14:30,16.48
603106.SSE,恒银科技,yang2b,2025-02-07,9.77,-0.03070624360286578,False,0.013513513513513375,next_close_fail,2025-02-07,10:15,9.0
603109.SSE,神驰机电,yang2b,2025-03-18,26.06,-0.03261703760552559,True,-0.016462642465175148,next_close_fail,2025-03-18,14:45,23.3
603110.SSE,东方材料,yang2b,2025-04-30,19.64,-0.03716904276985744,False,0.0028011204481790397,next_close_fail,2025-04-30,09:45,17.9
603111.SSE,康尼机电,yang2b,2025-01-21,7.28,-0.07142857142857151,False,0.0030211480362536403,next_close_fail,2025-01-21,09:45,6.64
603115.SSE,海星股份,yang2b,2026-05-18,83.27,0.1714903326528161,True,-0.022457067371202122,break_close,2026-05-18,10:00,74.0
603115.SSE,海星股份,yang2b,2026-05-21,107.31,0.06439288043984703,False,-0.010866222450025664,break_close,2026-05-21,10:45,96.49
603115.SSE,海星股份,yang2b,2026-05-22,116.31,-0.01796922018743019,True,0.010024588613580576,next_close_fail,2026-05-22,10:00,106.8
603118.SSE,共进股份,yang2b,2026-07-28,17.82,-0.06621773288439958,False,-0.043209876543209846,next_close_fail,2026-07-28,11:30,15.5
603118.SSE,共进股份,yang2b,2026-08-05,14.99,-0.014009339559706513,False,-0.03154805575935449,next_close_fail,2026-08-05,09:45,13.2
603123.SSE,翠微股份,yang2b,2025-12-29,16.03,0.02183406113537112,True,-0.009608785175017176,next_close_fail,2025-12-29,13:30,14.43
603130.SSE,云中马,yang2b,2025-08-14,46.76,-0.08062446535500423,False,0.05386967772288864,next_close_fail,2025-08-14,09:45,44.8
603138.SSE,海量数据,yang2b,2026-03-09,23.29,0.034778875053671277,True,-0.012753897024090799,next_close_fail,2026-03-09,09:45,20.9
603150.SSE,万朗磁塑,yang2b,2025-02-25,40.54,-0.025407005426739016,False,-0.018995929443690662,next_close_fail,2025-02-25,13:30,36.15
603155.SSE,新亚强,yang2b,2026-06-26,25.34,0.12786108918705597,True,-0.0008680555555555802,break_close,2026-06-26,13:45,23.02
603160.SSE,汇顶科技,yang2b,2024-10-18,91.41,0.027239908106334143,True,-0.004211793020457266,next_close_fail,2024-10-18,14:00,82.75
603162.SSE,海通发展,yang2b,2025-10-28,11.95,-0.051882845188284454,True,-0.006445672191528584,next_close_fail,2025-10-28,13:15,10.79
603162.SSE,海通发展,yang2b,2025-11-14,12.84,0.01869158878504673,False,-0.014567266495287057,next_close_fail,2025-11-14,11:15,11.5
603166.SSE,福达股份,yang2b,2025-03-12,14.07,-0.10021321961620466,True,0.018764659890539548,next_close_fail,2025-03-12,10:30,13.03
603166.SSE,福达股份,yang2b,2025-03-17,14.19,0.04369274136715995,True,0.08372093023255811,next_close_fail,2025-03-17,09:45,13.98
603169.SSE,兰石重装,yang2b,2025-11-24,11.67,-0.06083976006855174,False,-0.02167766258246928,next_close_fail,2025-11-24,14:15,10.38
603186.SSE,华正新材,yang2b,2026-06-12,187.42,0.27046206381389415,False,0.032985092146965656,break_close,2026-06-12,09:45,176.0
603186.SSE,华正新材,yang2b,2026-08-07,143.0,0.06293706293706292,True,0.017692307692307674,next_close_fail,2026-08-07,10:30,132.3
603203.SSE,快克智能,yang2b,2026-05-25,66.55,0.035011269722013516,True,0.0038016528925619575,next_close_fail,2026-05-25,13:15,60.73
603214.SSE,爱婴室,yang2b,2025-04-10,24.53,-0.03465144720750113,True,-0.0358744394618834,next_close_fail,2025-04-10,13:30,21.5
603220.SSE,中贝通信,yang2b,2024-10-30,26.4,-0.031060606060606122,False,-0.0004166666666667318,next_close_fail,2024-10-30,14:15,23.99
603222.SSE,济民健康,yang2b,2026-07-09,10.12,-0.02371541501976271,True,-0.021739130434782483,next_close_fail,2026-07-09,13:45,9.0
603236.SSE,移远通信,yang2b,2024-12-26,73.18,-0.02610002732987171,True,0.01999098151209977,next_close_fail,2024-12-26,11:30,67.86
603238.SSE,诺邦股份,yang2b,2025-04-02,16.94,0.017709563164108433,True,0.0006493506493505663,next_close_fail,2025-04-02,11:00,15.41
603256.SSE,宏和科技,yang2b,2024-12-12,11.07,-0.020776874435411097,True,-0.004970178926441471,next_close_fail,2024-12-12,10:30,10.01
603256.SSE,宏和科技,yang2b,2025-07-28,23.33,-0.005143591941705883,True,0.0047147571900045815,next_close_fail,2025-07-28,15:00,21.31
603256.SSE,宏和科技,yang2b,2025-11-25,31.92,0.06296992481203012,True,0.00344589937973816,next_close_fail,2025-11-25,10:45,29.12
603256.SSE,宏和科技,yang2b,2026-02-10,62.7,0.1419457735247207,False,-0.01754385964912286,break_close,2026-02-10,10:30,56.0
603256.SSE,宏和科技,yang2b,2026-02-11,66.61,0.07491367662513126,True,0.040462427745664886,break_close,2026-02-11,09:45,63.0
603261.SSE,立航科技,yang2b,2026-06-26,57.2,-0.08024475524475527,True,-0.0013461538461538858,next_close_fail,2026-06-26,10:00,51.93
603261.SSE,立航科技,yang2b,2026-08-13,57.37,-0.022137005403520926,True,0.019942473633748792,next_close_fail,2026-08-13,10:15,53.19
603261.SSE,立航科技,yang2b,2026-08-27,58.73,-0.029456836369827988,True,0.03015545982393708,next_close_fail,2026-08-27,09:45,55.0
603267.SSE,鸿远电子,yang2b,2024-10-21,44.63,0.02531929195608318,True,0.013556815380823206,next_close_fail,2024-10-21,09:45,41.12
603270.SSE,金帝股份,yang2b,2025-03-06,27.24,0.03781204111600589,True,0.017770597738287375,next_close_fail,2025-03-06,09:45,25.2
603286.SSE,日盈电子,yang2b,2025-02-11,25.73,0.02254178002331897,True,0.03463018383924754,next_close_fail,2025-02-11,13:15,24.2
603297.SSE,永新光学,yang2b,2024-11-06,113.85,-0.09029424681598597,False,-0.02231884057971012,next_close_fail,2024-11-06,13:15,101.19
603301.SSE,振德医疗,yang2b,2025-10-09,51.33,0.1774790570816287,True,0.0072867552507502875,break_close,2025-10-09,10:15,47.0
603301.SSE,振德医疗,yang2b,2025-10-28,80.95,0.06707844348363179,True,0.025003397200706656,next_close_fail,2025-10-28,10:00,75.43
603306.SSE,华懋科技,yang2b,2024-10-21,25.88,0.03593508500772802,True,0.015724606884827796,next_close_fail,2024-10-21,09:45,23.9
603306.SSE,华懋科技,yang2b,2026-08-07,74.25,0.05050505050505061,False,0.0025185185185185865,next_close_fail,2026-08-07,14:00,67.67
603316.SSE,诚邦股份,yang2b,2024-10-08,5.47,-0.021937842778793404,True,0.09657947686116719,next_close_fail,2024-10-08,14:45,5.45
603324.SSE,盛剑科技,yang2b,2026-06-11,33.83,-0.0020691693762932006,True,-0.013658536585365866,next_close_fail,2026-06-11,10:00,30.33
603324.SSE,盛剑科技,yang2b,2026-06-17,39.18,0.06687085247575286,True,-0.025828186412127918,break_close,2026-06-17,11:30,34.7
603324.SSE,盛剑科技,yang2b,2026-06-24,45.3,0.054304635761589504,True,-0.034239922292374825,next_close_fail,2026-06-24,13:45,39.77
603333.SSE,福华尚纬,yang2b,2024-12-13,5.53,-0.056057866184448524,True,0.001988071570576455,next_close_fail,2024-12-13,14:30,5.04
603363.SSE,傲农生物,yang2b,2025-09-15,6.04,-0.04304635761589404,True,-0.016393442622950838,next_close_fail,2025-09-15,10:00,5.4
603367.SSE,辰欣药业,yang2b,2025-07-28,23.57,0.2732286805260926,True,-0.034064395706952855,break_close,2025-07-28,10:45,20.7
603389.SSE,亚振家居,yang2b,2024-07-12,5.21,-0.02303262955854124,True,-0.008438818565400852,next_close_fail,2024-07-12,10:15,4.7
603389.SSE,亚振家居,yang2b,2024-08-30,6.44,-0.06832298136645965,False,-0.011965811965811812,next_close_fail,2024-08-30,13:15,5.78
603389.SSE,亚振家居,yang2b,2026-08-17,48.24,-0.006011608623548881,True,0.0029646522234889616,next_close_fail,2026-08-17,10:00,43.98
603400.SSE,华之杰,yang2b,2026-08-18,48.14,-0.022226838388034853,True,0.005484460694698434,next_close_fail,2026-08-18,10:15,44.0
603421.SSE,鼎信通讯,yang2b,2024-09-18,5.54,0.0036101083032489267,True,-0.001984126984126977,next_close_fail,2024-09-18,11:30,5.03
603421.SSE,鼎信通讯,yang2b,2026-03-19,11.0,-0.09090909090909094,False,-0.030000000000000027,next_close_fail,2026-03-19,10:00,9.7
603459.SSE,红板科技,yang2b,2026-07-22,84.7,0.05123966942148761,False,-0.025974025974025983,next_close_fail,2026-07-22,10:00,75.0
603459.SSE,红板科技,yang2b,2026-07-23,92.2,-0.0879609544468547,False,0.012049630159866487,next_close_fail,2026-07-23,10:00,84.83
603507.SSE,振江股份,yang2b,2025-04-30,26.49,0.03888259720649301,True,0.01744186046511631,next_close_fail,2025-04-30,09:45,24.5
603516.SSE,淳中科技,yang2b,2025-08-07,86.8,0.03686635944700467,True,0.0049423393739702615,next_close_fail,2025-08-07,10:00,79.3
603516.SSE,淳中科技,yang2b,2025-08-18,126.69,-0.10000789328281634,True,0.01849439958322474,next_close_fail,2025-08-18,10:15,117.3
603538.SSE,美诺华,yang2b,2025-07-02,23.18,0.09792924935289049,True,0.01186521120075934,break_close,2025-07-02,09:45,21.32
603538.SSE,美诺华,yang2b,2026-07-07,45.74,-0.140139921294272,False,0.026936026936027035,next_close_fail,2026-07-07,10:15,42.7
603538.SSE,美诺华,yang2b,2026-07-15,39.0,-0.016666666666666607,True,-0.039492242595204674,next_close_fail,2026-07-15,10:00,34.05
603556.SSE,海兴电力,yang2b,2025-11-11,40.91,-0.09386458078709359,False,0.029846732992739877,next_close_fail,2025-11-11,09:45,38.3
603580.SSE,艾艾精工,yang2b,2026-08-20,74.79,0.0800909212461558,True,-0.0013237240770700431,next_close_fail,2026-08-20,10:45,67.9
603585.SSE,苏利股份,yang2b,2025-07-03,21.32,0.0037523452157597337,True,-0.0041279669762640525,next_close_fail,2025-07-03,11:30,19.3
603585.SSE,苏利股份,yang2b,2026-04-03,24.51,0.04447164422684624,True,0.032315978456014305,next_close_fail,2026-04-03,09:45,23.0
603585.SSE,苏利股份,yang2b,2026-04-14,26.4,-0.054166666666666696,True,-0.0008333333333333526,next_close_fail,2026-04-14,09:45,23.98
603601.SSE,再升科技,yang2b,2026-03-25,12.22,0.07855973813420625,True,0.09720972097209724,break_close,2026-03-25,09:45,12.19
603601.SSE,再升科技,yang2b,2026-03-30,14.5,0.06827586206896563,True,-0.003793626707131903,next_close_fail,2026-03-30,10:45,13.13
603608.SSE,天创时尚,yang2b,2026-01-21,10.95,0.09223744292237468,True,0.043216080402010304,break_close,2026-01-21,09:45,10.38
603617.SSE,君禾股份,yang2b,2025-08-11,8.65,0.01734104046242768,True,0.04961832061068705,next_close_fail,2025-08-11,09:45,8.25
603618.SSE,杭电股份,yang2b,2026-04-22,28.55,0.07040280210157612,True,0.0181117533718691,break_close,2026-04-22,10:00,26.42
603626.SSE,科森科技,yang2b,2024-11-12,11.44,-0.028846153846153855,False,0.0,next_close_fail,2024-11-12,11:30,10.4
603629.SSE,利通电子,yang2b,2026-02-06,47.48,0.09372367312552665,False,-0.02687673772011112,break_close,2026-02-06,11:30,42.0
603629.SSE,利通电子,yang2b,2026-02-09,50.61,0.02608180201541188,True,0.04325146707237559,next_close_fail,2026-02-09,13:15,48.0
603629.SSE,利通电子,yang2b,2026-02-11,57.12,0.04971988795518212,True,0.008858078182168327,next_close_fail,2026-02-11,10:15,52.39
603629.SSE,利通电子,yang2b,2026-03-19,68.07,-0.10004407227853673,True,-0.005656108597285048,next_close_fail,2026-03-19,10:00,61.53
603629.SSE,利通电子,yang2b,2026-04-17,105.44,0.017450682852807375,True,0.007929055816379815,next_close_fail,2026-04-17,10:45,96.61
603629.SSE,利通电子,yang2b,2026-04-23,119.02,-0.08065871282137449,False,-0.001848428835489857,next_close_fail,2026-04-23,09:45,108.0
603629.SSE,利通电子,yang2b,2026-05-06,158.85,-0.0035882908404154534,True,0.03836299425247547,next_close_fail,2026-05-06,10:45,149.95
603630.SSE,拉芳家化,yang2b,2025-06-17,26.4,-0.09318181818181803,False,0.0,next_close_fail,2025-06-17,10:00,24.0
603636.SSE,南威软件,yang2b,2025-02-11,16.16,-0.06559405940594065,False,-0.02654867256637161,next_close_fail,2025-02-11,11:00,14.3
603636.SSE,南威软件,yang2b,2025-02-13,16.61,0.01625526791089693,True,-0.0013245033112582183,break_close,2025-02-13,11:00,15.08
603650.SSE,彤程新材,yang2b,2026-01-15,59.96,0.040026684456304196,True,-0.017611447440836536,next_close_fail,2026-01-15,13:15,53.55
603662.SSE,柯力传感,yang2b,2024-12-05,62.28,0.0629415542710341,True,0.004945249028611709,next_close_fail,2024-12-05,10:45,56.9
603662.SSE,柯力传感,yang2b,2024-12-09,72.82,0.1630046690469651,True,-0.015861027190332333,break_close,2024-12-09,09:45,65.15
603662.SSE,柯力传感,yang2b,2025-01-08,79.48,-0.025037745344740903,False,-0.01038062283737029,next_close_fail,2025-01-08,14:15,71.5
603663.SSE,三祥新材,yang2b,2026-05-27,64.13,-0.006705130204272436,True,0.00857632933104635,next_close_fail,2026-05-27,10:30,58.8
603663.SSE,三祥新材,yang2b,2026-06-03,67.97,-0.015742239223186627,True,0.0,next_close_fail,2026-06-03,09:45,61.79
603663.SSE,三祥新材,yang2b,2026-06-09,69.8,0.07148997134670498,True,0.03199369582348299,next_close_fail,2026-06-09,09:45,65.48
603663.SSE,三祥新材,yang2b,2026-06-16,82.98,-0.041455772475295194,True,0.007423117709437932,next_close_fail,2026-06-16,11:30,76.0
603666.SSE,亿嘉和,yang2b,2024-09-26,16.87,0.0663900414937757,True,0.0,next_close_fail,2024-09-26,10:15,15.34
603667.SSE,五洲新春,yang2b,2025-01-09,28.27,0.11071807569862036,True,-0.01789883268482495,break_close,2025-01-09,13:15,25.24
603667.SSE,五洲新春,yang2b,2025-02-07,48.57,-0.09162034177475809,False,-0.0011325028312569874,next_close_fail,2025-02-07,10:00,44.1
603669.SSE,灵康药业,yang2b,2024-12-10,9.54,-0.11844863731656174,False,0.06113033448673577,next_close_fail,2024-12-10,09:45,9.2
603678.SSE,火炬电子,yang2b,2026-07-01,91.3,-0.10985761226725088,False,0.031325301204819134,next_close_fail,2026-07-01,10:00,85.6
603679.SSE,华体科技,yang2b,2026-01-09,18.8,-0.05159574468085115,False,0.012287887653598561,next_close_fail,2026-01-09,10:45,17.3
603682.SSE,锦和商管,yang2b,2024-12-26,6.6,-0.024242424242424176,True,-0.03166666666666673,next_close_fail,2024-12-26,15:00,5.81
603682.SSE,锦和商管,yang2b,2024-12-31,7.48,-0.009358288770053513,True,-0.016176470588235237,break_close,2024-12-31,09:45,6.69
603687.SSE,大胜达,yang2b,2026-04-30,17.18,0.023282887077997527,True,-0.001280409731113874,next_close_fail,2026-04-30,14:30,15.6
603688.SSE,石英股份,yang2b,2025-04-09,35.04,0.1952054794520548,True,-0.02668759811616961,break_close,2025-04-09,10:00,31.0
603690.SSE,至纯科技,yang2b,2026-08-12,27.3,-0.03663003663003661,True,0.008460918614020985,next_close_fail,2026-08-12,10:00,25.03
603697.SSE,有友食品,yang2b,2024-11-07,10.05,-0.05074626865671661,False,-0.015317286652078876,next_close_fail,2024-11-07,14:00,9.0
603697.SSE,有友食品,yang2b,2024-11-15,10.7,-0.032710280373831724,True,0.008221993833504637,next_close_fail,2024-11-15,13:15,9.81
603698.SSE,航天工程,yang2b,2026-04-17,46.84,-0.02433817250213499,False,0.009863785814936632,next_close_fail,2026-04-17,13:30,43.0
603698.SSE,航天工程,yang2b,2026-04-30,43.97,0.001364566750056806,True,0.02001501125844385,next_close_fail,2026-04-30,10:00,40.77
603703.SSE,盛洋科技,yang2b,2026-01-08,16.68,0.029976019184652314,True,-0.0026385224274406704,next_close_fail,2026-01-08,09:45,15.12
603716.SSE,塞力医疗,yang2b,2025-09-12,31.31,-0.03960396039603953,True,0.003865073787772344,next_close_fail,2025-09-12,11:15,28.57
603716.SSE,塞力医疗,yang2b,2026-08-06,18.47,-0.02544667027612335,False,0.0017867778439548676,next_close_fail,2026-08-06,11:30,16.82
603717.SSE,天域生物,yang2b,2025-09-12,10.79,0.024096385542168752,True,0.003058103975535076,next_close_fail,2025-09-12,13:45,9.84
603727.SSE,博迈科,yang2b,2026-03-23,19.75,-0.0015189873417722488,True,-0.0362116991643453,next_close_fail,2026-03-23,10:30,17.3
603728.SSE,鸣志电器,yang2b,2025-02-20,85.64,-0.011209715086408112,False,-0.007064868336544627,break_close,2025-02-20,13:30,77.3
603757.SSE,大元泵业,yang2b,2026-05-11,60.45,0.0011579818031430822,True,0.0394904458598726,next_close_fail,2026-05-11,10:00,57.12
603773.SSE,沃格光电,yang2b,2026-04-15,49.52,-0.02887722132471726,True,-0.007996446023989523,next_close_fail,2026-04-15,10:45,44.66
603773.SSE,沃格光电,yang2b,2026-05-11,80.03,0.021616893664875736,True,0.01828178694158078,next_close_fail,2026-05-11,09:45,74.08
603773.SSE,沃格光电,yang2b,2026-05-21,85.54,-0.06476502221183078,False,0.06764403292181065,next_close_fail,2026-05-21,10:00,83.02
603778.SSE,国晟科技,yang2b,2025-11-10,5.81,0.3597246127366611,True,0.04166666666666652,break_close,2025-11-10,09:45,5.5
603778.SSE,国晟科技,yang2b,2026-03-11,20.82,0.0566762728146013,True,-0.006867406233491802,next_close_fail,2026-03-11,11:15,18.8
603778.SSE,国晟科技,yang2b,2026-03-30,25.3,-0.011857707509881465,True,0.0,next_close_fail,2026-03-30,13:15,23.0
603786.SSE,科博达,yang2b,2025-09-29,109.23,-0.042570722329030586,False,0.015105740181268867,next_close_fail,2025-09-29,11:00,100.8
603800.SSE,洪田股份,yang2b,2025-08-13,54.99,0.042735042735042805,True,0.0,next_close_fail,2025-08-13,11:00,49.99
603801.SSE,志邦家居,yang2b,2026-08-31,7.17,-0.09623430962343094,False,0.027607361963190247,next_close_fail,2026-08-31,10:00,6.7
603809.SSE,豪能股份,yang2b,2025-02-11,17.9,-0.025139664804469275,False,-0.006760909649661917,next_close_fail,2025-02-11,10:15,16.16
603811.SSE,诚意药业,yang2b,2025-08-19,16.82,-0.0998810939357907,True,0.0006540222367561466,next_close_fail,2025-08-19,10:00,15.3
603823.SSE,百合花,yang2b,2026-08-11,75.22,0.03296995479925546,True,0.007019596373208703,next_close_fail,2026-08-11,14:00,68.86
603826.SSE,坤彩科技,yang2b,2026-02-25,20.57,0.00048614487117148997,True,0.007486631016042855,next_close_fail,2026-02-25,11:30,18.84
603829.SSE,洛凯股份,yang2b,2025-12-09,32.45,0.008936825885978328,True,-0.01016949152542379,next_close_fail,2025-12-09,13:15,29.2
603839.SSE,安正时尚,yang2b,2025-05-28,8.17,0.08200734394124853,True,-0.020188425302826274,next_close_fail,2025-05-28,09:45,7.28
603859.SSE,能科科技,yang2b,2024-11-01,22.64,0.37853356890459366,True,0.008746355685131268,break_close,2024-11-01,09:45,20.76
603859.SSE,能科科技,yang2b,2026-07-01,52.78,-0.035998484274346265,True,0.07649020425177167,next_close_fail,2026-07-01,09:45,51.65
603861.SSE,白云电器,yang2b,2026-03-02,20.49,-0.03367496339677878,True,-0.03918411164787983,next_close_fail,2026-03-02,13:30,17.9
603879.SSE,永悦科技,yang2b,2025-12-29,6.93,-0.008658008658008587,True,0.04761904761904767,next_close_fail,2025-12-29,09:45,6.6
603893.SSE,瑞芯微,yang2b,2024-10-18,87.67,0.04710847496292914,True,-0.0045169385194478995,break_close,2024-10-18,14:00,79.34
603893.SSE,瑞芯微,yang2b,2025-01-15,137.68,-0.07945961650203381,False,-0.009268136784915226,next_close_fail,2025-01-15,10:30,124.0
603900.SSE,莱绅通灵,yang2b,2025-05-20,8.89,0.2879640044994374,True,-0.017326732673267342,break_close,2025-05-20,10:00,7.94
603900.SSE,莱绅通灵,yang2b,2026-09-03,7.82,-0.10997442455242967,False,0.016877637130801704,next_close_fail,2026-09-03,10:45,7.23
603901.SSE,永创智能,yang2b,2024-11-29,8.77,0.014823261117445918,True,-0.008782936010037545,next_close_fail,2024-11-29,14:00,7.9
603906.SSE,龙蟠科技,yang2b,2024-10-15,10.05,-0.02487562189054726,True,-0.002188183807440014,next_close_fail,2024-10-15,11:15,9.12
603906.SSE,龙蟠科技,yang2b,2024-11-05,10.45,0.03349282296650724,True,0.012631578947368327,next_close_fail,2024-11-05,11:15,9.62
603906.SSE,龙蟠科技,yang2b,2025-06-24,14.76,0.06571815718157192,True,0.0,break_close,2025-06-24,13:15,13.42
603928.SSE,兴业股份,yang2b,2026-08-05,11.94,0.048576214405360085,True,0.0036866359447005337,next_close_fail,2026-08-05,10:00,10.89
603929.SSE,亚翔集成,yang2b,2025-11-14,54.29,-0.025787437833855176,True,-0.008915906788247274,next_close_fail,2025-11-14,13:30,48.91
603929.SSE,亚翔集成,yang2b,2026-01-16,163.46,-0.10002447081854882,True,-0.024226110363391617,next_close_fail,2026-01-16,09:45,145.0
603929.SSE,亚翔集成,yang2b,2026-06-24,231.88,0.124935311367949,True,-0.008538899430740043,break_close,2026-06-24,10:00,209.0
603931.SSE,格林达,yang2b,2026-05-07,44.07,-0.02881778987973682,True,0.00024962556165752936,next_close_fail,2026-05-07,13:15,40.07
603936.SSE,博敏电子,yang2b,2026-06-11,23.72,-0.013069139966273124,True,-0.009740259740259605,next_close_fail,2026-06-11,10:45,21.35
603936.SSE,博敏电子,yang2b,2026-06-18,29.44,-0.03464673913043481,False,-0.009715994020926821,next_close_fail,2026-06-18,13:45,26.5
603950.SSE,长源东谷,yang2b,2026-07-06,92.09,-0.09316972526875877,False,0.029980888676540918,next_close_fail,2026-07-06,10:00,86.23
603956.SSE,威派格,yang2b,2026-08-13,7.99,-0.08260325406758451,True,-0.0013774104683195176,next_close_fail,2026-08-13,09:45,7.25
603958.SSE,哈森股份,yang2b,2026-02-06,22.21,-0.027915353444394442,False,0.0004952947003467045,next_close_fail,2026-02-06,11:15,20.2
603978.SSE,深圳新星,yang2b,2024-10-21,15.1,0.13973509933774841,True,0.01893663510560817,break_close,2024-10-21,09:45,13.99
603978.SSE,深圳新星,yang2b,2024-10-25,18.88,-0.03125,True,0.0174825174825175,next_close_fail,2024-10-25,10:00,17.46
603980.SSE,吉华集团,yang2b,2025-06-24,5.59,0.007155635062611854,True,0.0019685039370078705,next_close_fail,2025-06-24,13:15,5.09
603982.SSE,泉峰汽车,yang2b,2025-06-25,11.99,-0.12176814011676407,False,-0.022935779816513735,next_close_fail,2025-06-25,10:00,10.65
603988.SSE,中电电机,yang2b,2024-11-28,23.28,0.030927835051546282,False,0.001890359168241984,next_close_fail,2024-11-28,14:15,21.2
603988.SSE,中电电机,yang2b,2024-12-02,26.4,-0.025757575757575757,True,-0.009166666666666656,next_close_fail,2024-12-02,10:15,23.78
603988.SSE,中电电机,yang2b,2025-10-09,30.9,0.003236245954692629,True,0.06372374510501966,next_close_fail,2025-10-09,09:45,29.88
603989.SSE,艾华集团,yang2b,2026-06-16,34.3,0.2950437317784258,True,-0.0057729313662604476,break_close,2026-06-16,13:15,31.0
603990.SSE,麦迪科技,yang2b,2025-02-26,17.07,-0.08260105448154653,False,0.0006443298969072142,next_close_fail,2025-02-26,13:30,15.53
605006.SSE,山东玻纤,yang2b,2026-06-16,23.98,0.08423686405337771,True,-0.013761467889908285,next_close_fail,2026-06-16,10:00,21.5
605033.SSE,美邦股份,yang2b,2025-06-06,21.59,0.009726725335803543,True,-0.016301579215486472,next_close_fail,2025-06-06,14:45,19.31
605058.SSE,澳弘电子,yang2b,2025-07-09,31.8,-0.050628930817609996,True,0.013144240747146263,next_close_fail,2025-07-09,10:30,29.29
605068.SSE,明新旭腾,yang2b,2025-09-05,27.14,0.040530582166543816,True,0.001216051884880276,next_close_fail,2025-09-05,10:30,24.7
605069.SSE,正和生态,yang2b,2025-02-10,9.01,-0.035516093229744805,True,0.0,next_close_fail,2025-02-10,10:30,8.19
605080.SSE,浙江自然,yang2b,2025-01-14,27.56,0.005079825834542806,True,0.018363273453093854,next_close_fail,2025-01-14,10:00,25.51
605080.SSE,浙江自然,yang2b,2025-01-17,30.73,-0.01789781972014326,False,-0.008947745168217613,next_close_fail,2025-01-17,10:30,27.69
605099.SSE,共创草坪,yang2b,2025-07-07,37.4,-0.03743315508021383,True,0.010294117647058787,next_close_fail,2025-07-07,10:45,34.35
605118.SSE,力鼎光电,yang2b,2025-01-22,18.93,-0.0179609086106709,True,-0.007553747821034462,next_close_fail,2025-01-22,10:00,17.08
605136.SSE,丽人丽妆,yang2b,2025-12-08,11.54,0.02512998266897748,True,-0.0009532888465204614,next_close_fail,2025-12-08,11:30,10.48
605151.SSE,西上海,yang2b,2025-06-30,19.4,0.08865979381443312,True,0.0005668934240361523,break_close,2025-06-30,10:15,17.65
605167.SSE,利柏特,yang2b,2026-01-16,17.24,0.06728538283062657,True,0.03509891512444163,next_close_fail,2026-01-16,09:45,16.22
605168.SSE,三人行,yang2b,2026-05-07,52.27,-0.005165486894968541,True,0.011153198653198526,next_close_fail,2026-05-07,11:00,48.05
605168.SSE,三人行,yang2b,2026-05-13,60.23,0.004482815872488777,True,-0.013698630136986356,next_close_fail,2026-05-13,13:15,54.0
605188.SSE,国光连锁,yang2b,2025-05-28,14.06,0.04267425320056906,True,-0.009389671361502261,next_close_fail,2025-05-28,13:30,12.66
605208.SSE,永茂泰,yang2b,2025-03-04,12.52,0.036741214057508076,True,-0.0008787346221442727,next_close_fail,2025-03-04,10:15,11.37
605208.SSE,永茂泰,yang2b,2025-03-06,14.28,0.15756302521008414,True,-0.027734976887519358,break_close,2025-03-06,10:00,12.62
605255.SSE,天普股份,yang2b,2025-12-25,171.16,0.0526992287917738,True,0.00899742930591274,next_close_fail,2025-12-25,10:15,157.0
605255.SSE,天普股份,yang2b,2025-12-29,198.2,-0.009989909182643752,True,0.05450105450105447,break_close,2025-12-29,10:15,190.0
605255.SSE,天普股份,yang2b,2026-05-11,113.43,0.032619236533544926,True,0.03685027152831655,next_close_fail,2026-05-11,09:45,106.92
605266.SSE,健之佳,yang2b,2024-09-30,24.27,0.04903172641120723,True,0.03717135086128742,next_close_fail,2024-09-30,13:30,22.88
605266.SSE,健之佳,yang2b,2024-11-12,28.9,-0.03114186851211065,True,0.013323182337266815,next_close_fail,2024-11-12,10:15,26.62
605277.SSE,新亚电子,yang2b,2025-07-10,25.87,-0.05257054503285652,False,-0.0025510204081632404,next_close_fail,2025-07-10,14:45,23.46
605277.SSE,新亚电子,yang2b,2025-07-17,26.77,-0.09749719835636905,False,0.0016433853738702098,next_close_fail,2025-07-17,11:00,24.38
605277.SSE,新亚电子,yang2b,2025-07-22,26.19,-0.04810996563573888,True,0.0037799244015119804,next_close_fail,2025-07-22,09:45,23.9
605277.SSE,新亚电子,yang2b,2025-07-29,28.88,0.03878116343490312,True,0.06666666666666665,next_close_fail,2025-07-29,09:45,28.0
605287.SSE,德才股份,yang2b,2026-01-21,43.69,0.07003891050583655,True,0.004531722054380571,next_close_fail,2026-01-21,09:45,39.9
605287.SSE,德才股份,yang2b,2026-05-25,55.26,-0.12052117263843642,False,0.019904458598726027,next_close_fail,2026-05-25,14:45,51.24
605289.SSE,罗曼股份,yang2b,2025-09-17,59.95,0.051042535446205184,True,-0.00917431192660545,next_close_fail,2025-09-17,15:00,54.0
605289.SSE,罗曼股份,yang2b,2025-10-10,81.42,-0.06288381233112261,False,0.01067279113753039,next_close_fail,2025-10-10,09:45,74.81
605289.SSE,罗曼股份,yang2b,2026-05-08,166.1,0.012522576760987336,True,-0.005099337748344479,next_close_fail,2026-05-08,09:45,150.23
605289.SSE,罗曼股份,yang2b,2026-07-01,159.5,-0.09999999999999998,True,0.0,next_close_fail,2026-07-01,10:00,145.0
605318.SSE,法狮龙,yang2b,2026-06-25,134.2,-0.04113263785394916,True,0.0006557377049181135,next_close_fail,2026-06-25,10:30,122.08
605388.SSE,均瑶健康,yang2b,2024-12-12,8.2,-0.04390243902439017,True,-0.016107382550335614,next_close_fail,2024-12-12,14:45,7.33
605488.SSE,福莱新材,yang2b,2025-03-05,53.74,0.0790844808336435,True,-0.01985670419651997,next_close_fail,2025-03-05,14:45,47.88
605580.SSE,恒盛能源,yang2b,2025-11-11,44.72,-0.08027728085867614,True,0.0,next_close_fail,2025-11-11,15:00,40.65
605580.SSE,恒盛能源,yang2b,2026-05-28,28.18,0.07487579843860903,True,-0.004683840749414525,next_close_fail,2026-05-28,14:30,25.5
605589.SSE,圣泉集团,yang2b,2026-06-25,72.96,-0.08566337719298245,True,-0.017186793306196324,next_close_fail,2026-06-25,13:15,65.19
605598.SSE,上海港湾,yang2b,2025-08-07,26.65,0.08930581613508459,True,-0.021048287247214303,break_close,2025-08-07,13:30,23.72
000008.SZSE,神州高铁,yin4,2024-12-24,3.15,0.01587301587301604,True,0.010489510489510634,next_close_fail,2024-12-24,10:00,2.89
000032.SZSE,深桑达Ａ,yin4,2026-06-24,25.34,0.013417521704814472,True,0.015190972222222321,next_close_fail,2026-06-24,10:00,23.39
000032.SZSE,深桑达Ａ,yin4,2026-07-09,23.14,-0.06309420916162489,False,0.02186311787072248,next_close_fail,2026-07-09,10:15,21.5
000062.SZSE,深圳华强,yin4,2024-08-30,25.8,0.4496124031007751,True,0.034115138592750505,break_close,2024-08-30,10:00,24.25
000062.SZSE,深圳华强,yin4,2024-09-23,33.84,-0.1542553191489362,False,0.0403120936280883,next_close_fail,2024-09-23,11:15,32.0
000070.SZSE,特发信息,yin4,2025-12-10,14.85,-0.09966329966329968,True,0.01185185185185178,next_close_fail,2025-12-10,14:15,13.66
000533.SZSE,顺钠股份,yin4,2026-08-17,12.74,-0.08555729984301408,False,0.012953367875647714,next_close_fail,2026-08-17,10:15,11.73
000551.SZSE,创元科技,yin4,2026-01-14,15.71,-0.036282622533418185,False,-0.0007002801120448154,next_close_fail,2026-01-14,11:30,14.27
000558.SZSE,天府文旅,yin4,2024-12-31,3.41,0.04105571847507328,True,0.048387096774193505,next_close_fail,2024-12-31,09:45,3.25
000559.SZSE,万向钱潮,yin4,2025-09-26,11.8,0.07288135593220324,True,0.00838769804287054,break_close,2025-09-26,09:45,10.82
000566.SZSE,海南海药,yin4,2026-07-30,5.95,-0.015126050420168013,True,0.007393715341959428,next_close_fail,2026-07-30,10:00,5.45
000572.SZSE,海马汽车,yin4,2025-11-18,12.03,-0.13965087281795507,False,0.02010968921389411,next_close_fail,2025-11-18,09:45,11.16
000572.SZSE,海马汽车,yin4,2025-12-02,9.83,-0.024415055951169884,True,0.013422818791946511,next_close_fail,2025-12-02,11:30,9.06
000573.SZSE,粤宏远Ａ,yin4,2025-01-23,5.12,0.041015625,True,0.03655913978494629,next_close_fail,2025-01-23,15:00,4.82
000593.SZSE,德龙汇能,yin4,2026-08-12,25.27,-0.009893153937475252,True,0.043535045711798004,break_close,2026-08-12,09:45,23.97
000595.SZSE,新能股份,yin4,2024-10-23,9.74,0.02772073921971252,True,0.001129943502824915,next_close_fail,2024-10-23,14:30,8.86
000608.SZSE,阳光股份,yin4,2024-10-16,2.27,-0.013215859030836885,True,0.024271844660194164,next_close_fail,2024-10-16,09:45,2.11
000620.SZSE,盈新发展,yin4,2025-11-10,3.48,-0.028735632183908066,True,0.028481012658227778,next_close_fail,2025-11-10,09:45,3.25
000620.SZSE,盈新发展,yin4,2025-11-25,3.25,0.0,True,0.05423728813559303,next_close_fail,2025-11-25,09:45,3.11
000695.SZSE,滨海能源,yin4,2025-06-20,13.28,0.06325301204819267,True,0.013256006628003414,next_close_fail,2025-06-20,09:45,12.23
000750.SZSE,国海证券,yin4,2024-10-18,4.6,-0.04565217391304344,False,-0.0023923444976076125,next_close_fail,2024-10-18,14:00,4.17
000783.SZSE,长江证券,yin4,2024-10-18,7.03,-0.045519203413940335,False,-0.004694835680751019,next_close_fail,2024-10-18,14:45,6.36
000785.SZSE,居然智家,yin4,2025-01-02,3.93,0.01781170483460559,False,0.0,break_close,2025-01-02,10:30,3.57
000785.SZSE,居然智家,yin4,2025-02-27,4.75,-0.040000000000000036,True,-0.004629629629629761,next_close_fail,2025-02-27,14:00,4.3
000799.SZSE,酒鬼酒,yin4,2024-10-18,53.53,-0.00990099009900991,False,0.00020550760378146293,next_close_fail,2024-10-18,14:45,48.67
000801.SZSE,四川九洲,yin4,2024-12-16,18.27,-0.120415982484948,False,-0.011438892233594067,next_close_fail,2024-12-16,11:00,16.42
000815.SZSE,美利云,yin4,2026-07-31,15.18,0.24176548089591576,True,0.04057971014492745,break_close,2026-07-31,10:30,14.36
000859.SZSE,国风新材,yin4,2025-12-22,9.89,0.06268958543983816,False,-0.014460511679644128,break_close,2025-12-22,11:00,8.86
000889.SZSE,中嘉博创,yin4,2025-07-03,3.92,-0.025510204081632626,True,0.04494382022471921,next_close_fail,2025-07-03,09:45,3.72
000890.SZSE,法尔胜,yin4,2026-03-02,8.43,-0.04389086595492275,True,-0.07702349869451697,next_close_fail,2026-03-02,09:45,7.07
000890.SZSE,法尔胜,yin4,2026-03-04,8.87,0.03156708004509601,True,-0.022332506203474045,next_close_fail,2026-03-04,10:30,7.88
000890.SZSE,法尔胜,yin4,2026-03-11,9.58,0.4196242171189979,False,-0.012629161882893314,break_close,2026-03-11,09:45,8.6
000969.SZSE,安泰科技,yin4,2025-10-27,20.89,0.1258975586404978,True,0.00263296471827279,break_close,2025-10-27,10:15,19.04
000980.SZSE,众泰汽车,yin4,2024-08-23,1.57,-0.05095541401273884,True,-0.006993006993006978,next_close_fail,2024-08-23,09:45,1.42
000981.SZSE,山子高科,yin4,2024-12-04,2.1,0.4285714285714286,True,-0.02617801047120405,break_close,2024-12-04,09:45,1.86
000981.SZSE,山子高科,yin4,2025-01-07,2.48,0.024193548387096753,True,0.0,next_close_fail,2025-01-07,09:45,2.25
000981.SZSE,山子高科,yin4,2025-09-22,4.26,-0.004694835680751019,True,0.0,next_close_fail,2025-09-22,10:15,3.87
001208.SZSE,华菱线缆,yin4,2025-12-23,23.13,-0.08992650237786415,False,0.013314312886352653,next_close_fail,2025-12-23,10:00,21.31
001208.SZSE,华菱线缆,yin4,2025-12-30,24.38,-0.013945857260049266,True,-0.004061371841155181,next_close_fail,2025-12-30,09:45,22.07
001208.SZSE,华菱线缆,yin4,2026-01-12,31.9,-0.12382445141065834,False,0.008620689655172376,next_close_fail,2026-01-12,14:45,29.25
001209.SZSE,洪兴股份,yin4,2024-12-26,18.15,-0.042424242424242364,True,0.017575757575757578,next_close_fail,2024-12-26,09:45,16.79
001212.SZSE,中旗新材,yin4,2025-04-21,53.41,0.04662048305560762,True,0.009268795056642798,break_close,2025-04-21,11:00,49.0
001212.SZSE,中旗新材,yin4,2025-04-29,59.4,-0.08484848484848484,True,0.0,next_close_fail,2025-04-29,13:15,54.0
001316.SZSE,润贝航科,yin4,2025-05-14,49.83,-0.05378286172988156,True,0.046136865342163436,next_close_fail,2025-05-14,11:15,47.39
001395.SZSE,亚联机械,yin4,2025-04-22,58.63,-0.09994883165614876,True,0.04221388367729828,next_close_fail,2025-04-22,10:00,55.55
001896.SZSE,豫能控股,yin4,2026-03-27,16.54,-0.09975816203143884,True,-0.003989361702127603,next_close_fail,2026-03-27,14:45,14.98
002009.SZSE,天奇股份,yin4,2026-01-07,23.0,-0.05173913043478262,False,0.0004782400765184214,next_close_fail,2026-01-07,09:45,20.92
002009.SZSE,天奇股份,yin4,2026-01-23,24.68,0.0741491085899515,False,-0.01024955436720143,break_close,2026-01-23,14:30,22.21
002015.SZSE,协鑫能科,yin4,2025-07-04,14.16,0.016242937853107264,False,0.011655011655011593,next_close_fail,2025-07-04,10:00,13.02
002036.SZSE,联创电子,yin4,2025-02-14,13.56,-0.020648967551622488,False,-0.025952960259529645,next_close_fail,2025-02-14,11:15,12.01
002040.SZSE,南 京 港,yin4,2025-05-21,13.18,0.07207890743550838,True,-0.015025041736226985,next_close_fail,2025-05-21,09:45,11.8
002045.SZSE,国光电器,yin4,2024-12-11,20.45,-0.022004889975550057,False,-0.005917159763313529,next_close_fail,2024-12-11,13:15,18.48
002045.SZSE,国光电器,yin4,2024-12-18,22.53,-0.07723035952063928,False,-0.03515624999999989,next_close_fail,2024-12-18,13:15,19.76
002046.SZSE,国机精工,yin4,2025-08-18,33.46,0.1670651524208009,True,-0.0003287310979619429,break_close,2025-08-18,10:15,30.41
002046.SZSE,国机精工,yin4,2025-09-05,34.1,0.004105571847507372,True,-0.00032258064516133,next_close_fail,2025-09-05,13:15,30.99
002081.SZSE,金 螳 螂,yin4,2026-08-25,5.5,0.029090909090909056,True,-0.008000000000000007,next_close_fail,2026-08-25,10:00,4.96
002083.SZSE,孚日股份,yin4,2025-12-05,10.24,-0.002929687499999889,True,0.05477980665950599,next_close_fail,2025-12-05,09:45,9.82
002083.SZSE,孚日股份,yin4,2025-12-10,10.66,0.030018761726078758,True,0.0,next_close_fail,2025-12-10,10:45,9.69
002083.SZSE,孚日股份,yin4,2025-12-15,11.3,-0.052212389380530966,True,0.031158714703018564,next_close_fail,2025-12-15,09:45,10.59
002097.SZSE,山河智能,yin4,2025-07-28,12.11,0.1337737407101569,True,0.044504995458674035,break_close,2025-07-28,09:45,11.5
002115.SZSE,三维通信,yin4,2024-12-17,11.99,-0.2310258548790658,False,0.062385321100917324,next_close_fail,2024-12-17,09:45,11.58
002115.SZSE,三维通信,yin4,2026-01-27,15.73,-0.020343293070565815,True,0.020979020979020824,next_close_fail,2026-01-27,09:45,14.6
002131.SZSE,利欧股份,yin4,2026-02-12,9.08,-0.013215859030836885,True,-0.0060606060606061,next_close_fail,2026-02-12,14:00,8.2
002137.SZSE,实益达,yin4,2025-01-14,7.77,0.02187902187902191,True,0.018413597733711207,next_close_fail,2025-01-14,13:15,7.19
002137.SZSE,实益达,yin4,2025-01-17,8.75,-0.0034285714285713365,True,0.011320754716980908,next_close_fail,2025-01-17,09:45,8.04
002155.SZSE,湖南黄金,yin4,2026-02-27,37.7,0.07904509283819627,True,-0.0075868106215349895,break_close,2026-02-27,14:00,34.01
002158.SZSE,汉钟精机,yin4,2025-09-01,26.3,-0.07984790874524716,False,0.00836470096194053,next_close_fail,2025-09-01,10:30,24.11
002158.SZSE,汉钟精机,yin4,2025-09-03,26.62,-0.09954921111945914,True,0.002479338842975354,next_close_fail,2025-09-03,09:45,24.26
002158.SZSE,汉钟精机,yin4,2025-09-16,28.51,-0.062083479480883996,False,0.008487654320987525,next_close_fail,2025-09-16,10:00,26.14
002163.SZSE,海南发展,yin4,2026-01-19,18.59,-0.0629370629370628,True,0.01834319526627226,next_close_fail,2026-01-19,11:30,17.21
002165.SZSE,红 宝 丽,yin4,2025-05-16,12.44,-0.022508038585209,True,-0.043324491600353676,next_close_fail,2025-05-16,13:30,10.82
002167.SZSE,东方锆业,yin4,2026-06-30,22.07,0.18033529678296323,True,-0.02741774675972075,break_close,2026-06-30,11:30,19.51
002167.SZSE,东方锆业,yin4,2026-07-10,21.62,-0.18177613320999075,False,-0.0020356234096691184,next_close_fail,2026-07-10,10:00,19.61
002172.SZSE,澳洋健康,yin4,2026-09-01,4.74,-0.048523206751054926,True,-0.002320185614849146,next_close_fail,2026-09-01,09:45,4.3
002177.SZSE,御银股份,yin4,2025-06-30,8.28,-0.061594202898550665,False,0.019920318725099584,next_close_fail,2025-06-30,13:45,7.68
002178.SZSE,延华智能,yin4,2024-10-23,5.35,-0.03364485981308407,True,0.0,next_close_fail,2024-10-23,10:00,4.86
002178.SZSE,延华智能,yin4,2024-12-05,7.8,-0.00512820512820511,True,0.0028208744710860323,next_close_fail,2024-12-05,10:45,7.11
002181.SZSE,粤 传 媒,yin4,2024-12-17,8.36,0.08971291866028719,True,-0.002631578947368318,break_close,2024-12-17,09:45,7.58
002190.SZSE,成飞集成,yin4,2025-06-13,36.72,0.019063180827886717,True,0.023067705212702183,next_close_fail,2025-06-13,15:00,34.15
002192.SZSE,融捷股份,yin4,2026-04-24,86.28,0.04798331015299029,True,0.006756756756756799,next_close_fail,2026-04-24,11:00,78.97
002195.SZSE,岩山科技,yin4,2024-12-18,4.83,0.020703933747411973,True,-0.002277904328018221,next_close_fail,2024-12-18,10:45,4.38
002195.SZSE,岩山科技,yin4,2026-01-14,13.19,-0.1000758150113723,True,-0.0175145954962469,next_close_fail,2026-01-14,10:00,11.78
002201.SZSE,九鼎新材,yin4,2026-01-08,11.78,-0.01273344651952446,True,-0.00933706816059765,next_close_fail,2026-01-08,10:00,10.61
002201.SZSE,九鼎新材,yin4,2026-01-14,12.52,-0.03514376996805113,True,-0.010544815465729385,next_close_fail,2026-01-14,10:15,11.26
002229.SZSE,鸿博股份,yin4,2025-05-22,16.68,-0.06714628297362102,False,-0.009894459102902431,next_close_fail,2025-05-22,11:30,15.01
002261.SZSE,拓维信息,yin4,2025-02-14,33.21,-0.04305931948208375,True,0.013911891354753125,next_close_fail,2025-02-14,11:00,30.61
002263.SZSE,大东南,yin4,2025-07-08,4.57,0.004376367614879584,True,0.016867469879517927,next_close_fail,2025-07-08,11:15,4.22
002264.SZSE,新 华 都,yin4,2025-12-19,9.32,-0.00965665236051505,True,0.010625737898465104,next_close_fail,2025-12-19,11:30,8.56
002272.SZSE,川润股份,yin4,2024-10-30,14.96,-0.010026737967914423,True,-0.022058823529411686,break_close,2024-10-30,11:15,13.3
002297.SZSE,博云新材,yin4,2026-04-28,22.58,0.027900797165633318,True,0.022893326838772543,next_close_fail,2026-04-28,13:45,21.0
002297.SZSE,博云新材,yin4,2026-05-13,26.51,-0.06035458317615994,False,-0.012863070539419152,next_close_fail,2026-05-13,10:30,23.79
002297.SZSE,博云新材,yin4,2026-05-21,25.92,0.0254629629629628,False,0.0,next_close_fail,2026-05-21,11:00,23.56
002300.SZSE,太阳电缆,yin4,2025-12-12,10.69,0.08980355472404122,True,-0.01954732510288082,break_close,2025-12-12,11:30,9.53
002309.SZSE,中利集团,yin4,2026-04-20,4.38,-0.01598173515981738,True,0.012562814070351758,next_close_fail,2026-04-20,10:30,4.03
002312.SZSE,川发龙蟒,yin4,2024-11-19,15.97,0.12085159674389456,False,0.0,break_close,2024-11-19,15:00,14.52
002342.SZSE,巨力索具,yin4,2025-04-18,4.64,0.04956896551724155,True,0.0023696682464455776,next_close_fail,2025-04-18,10:00,4.23
002342.SZSE,巨力索具,yin4,2026-01-21,11.19,0.22520107238605913,True,-0.001966568338249708,break_close,2026-01-21,13:15,10.15
002348.SZSE,高乐股份,yin4,2025-12-08,6.82,-0.0674486803519061,False,-0.040322580645161255,next_close_fail,2025-12-08,10:00,5.95
002348.SZSE,高乐股份,yin4,2025-12-11,6.94,-0.04466858789625372,False,-0.009508716323296307,next_close_fail,2025-12-11,11:30,6.25
002354.SZSE,天娱数科,yin4,2024-12-13,8.5,-0.08470588235294119,True,-0.06856403622250973,next_close_fail,2024-12-13,10:45,7.2
002354.SZSE,天娱数科,yin4,2026-06-18,7.73,0.04915912031047842,True,0.017069701280227667,break_close,2026-06-18,10:30,7.15
002354.SZSE,天娱数科,yin4,2026-06-24,8.92,-0.09977578475336324,True,0.01233045622688067,next_close_fail,2026-06-24,09:45,8.21
002361.SZSE,神剑股份,yin4,2026-04-08,16.78,-0.0220500595947557,True,0.010491803278688483,next_close_fail,2026-04-08,09:45,15.41
002364.SZSE,中恒电气,yin4,2026-05-13,48.4,0.007024793388429762,True,0.011363636363636465,next_close_fail,2026-05-13,10:15,44.5
002366.SZSE,融发核电,yin4,2025-06-12,7.45,0.014765100671140896,True,0.014771048744461002,next_close_fail,2025-06-12,10:15,6.87
002369.SZSE,卓翼科技,yin4,2025-02-27,13.72,-0.04664723032069973,True,0.04490777866880502,next_close_fail,2025-02-27,14:30,13.03
002400.SZSE,省广集团,yin4,2026-01-28,12.35,0.00890688259109318,False,-0.0008904719501335867,next_close_fail,2026-01-28,09:45,11.22
002410.SZSE,广联达,yin4,2024-10-14,14.11,0.030474840538625037,True,0.019485580670304037,next_close_fail,2024-10-14,13:30,13.08
002428.SZSE,云南锗业,yin4,2024-11-07,29.6,-0.09999999999999998,True,-0.049795615013006334,next_close_fail,2024-11-07,09:45,25.57
002428.SZSE,云南锗业,yin4,2026-08-27,102.82,-0.030733320365687544,False,0.011126564673157313,next_close_fail,2026-08-27,11:00,94.51
002445.SZSE,中南文化,yin4,2026-03-27,4.44,-0.05180180180180194,True,-0.00990099009900991,next_close_fail,2026-03-27,10:15,4.0
002470.SZSE,金正大,yin4,2026-03-06,2.86,0.034965034965035,True,0.0,next_close_fail,2026-03-06,09:45,2.6
002470.SZSE,金正大,yin4,2026-03-13,3.22,0.01552795031055898,True,-0.010238907849829393,next_close_fail,2026-03-13,09:45,2.9
002470.SZSE,金正大,yin4,2026-03-17,3.6,-0.002777777777777879,True,-0.03669724770642202,next_close_fail,2026-03-17,14:45,3.15
002470.SZSE,金正大,yin4,2026-03-27,3.09,0.04207119741100329,True,-0.017793594306049876,next_close_fail,2026-03-27,09:45,2.76
002471.SZSE,中超控股,yin4,2025-05-22,4.28,0.28738317757009324,True,0.015424164524421524,break_close,2025-05-22,09:45,3.95
002471.SZSE,中超控股,yin4,2025-06-18,5.54,-0.0830324909747292,True,0.02777777777777768,next_close_fail,2025-06-18,09:45,5.18
002474.SZSE,榕基软件,yin4,2025-12-10,12.17,-0.11668036154478223,False,0.012658227848101111,next_close_fail,2025-12-10,10:00,11.2
002491.SZSE,通鼎互联,yin4,2026-05-28,23.36,0.024400684931506822,False,-0.016478342749529085,next_close_fail,2026-05-28,13:30,20.89
002498.SZSE,汉缆股份,yin4,2026-03-04,8.13,0.22509225092250928,True,-0.014884979702300294,break_close,2026-03-04,09:45,7.28
002498.SZSE,汉缆股份,yin4,2026-03-12,10.38,-0.09441233140655114,True,0.005296610169491567,next_close_fail,2026-03-12,10:00,9.49
002506.SZSE,协鑫集成,yin4,2026-03-06,5.56,0.039568345323741205,True,0.003960396039603964,next_close_fail,2026-03-06,10:15,5.07
002506.SZSE,协鑫集成,yin4,2026-03-17,5.63,-0.019538188277087087,True,0.0078125,next_close_fail,2026-03-17,09:45,5.16
002513.SZSE,蓝丰生化,yin4,2024-11-27,6.3,-0.06349206349206338,False,0.041884816753926524,next_close_fail,2024-11-27,10:15,5.97
002513.SZSE,蓝丰生化,yin4,2025-10-21,8.86,-0.009029345372460473,True,-0.00993788819875785,break_close,2025-10-21,14:15,7.97
002519.SZSE,银河电子,yin4,2026-01-22,8.6,0.05348837209302326,True,-0.002557544757033292,next_close_fail,2026-01-22,10:30,7.8
002549.SZSE,凯美特气,yin4,2025-05-06,9.13,0.02957283680175249,True,0.014457831325301207,next_close_fail,2025-05-06,11:00,8.42
002552.SZSE,宝鼎科技,yin4,2026-05-18,35.34,0.05829088851160136,True,0.009959539371304116,break_close,2026-05-18,09:45,32.45
002552.SZSE,宝鼎科技,yin4,2026-08-27,57.09,-0.06831318970047306,False,0.007899807321772645,next_close_fail,2026-08-27,11:30,52.31
002553.SZSE,南方精工,yin4,2025-04-15,19.71,0.023338406900050845,True,0.009486607142856984,next_close_fail,2025-04-15,13:45,18.09
002574.SZSE,明牌珠宝,yin4,2025-04-02,6.64,-0.0075301204819276935,True,-0.009933774834437026,next_close_fail,2025-04-02,11:15,5.98
002583.SZSE,海能达,yin4,2024-09-30,6.67,0.1364317841079461,True,0.0,break_close,2024-09-30,09:45,6.06
002583.SZSE,海能达,yin4,2024-10-11,8.34,0.050359712230215736,True,0.04221635883905006,next_close_fail,2024-10-11,09:45,7.9
002583.SZSE,海能达,yin4,2024-10-15,9.64,0.12655601659751015,True,0.01598173515981749,break_close,2024-10-15,10:00,8.9
002583.SZSE,海能达,yin4,2024-10-18,11.95,1.1238493723849374,True,0.058931860036832484,break_close,2024-10-18,10:00,11.5
002607.SZSE,中公教育,yin4,2024-08-28,1.82,0.0439560439560438,True,-0.012121212121212088,next_close_fail,2024-08-28,11:15,1.63
002640.SZSE,跨境通,yin4,2024-12-12,5.68,-0.03873239436619713,False,-0.005813953488372103,next_close_fail,2024-12-12,14:45,5.13
002640.SZSE,跨境通,yin4,2024-12-20,5.18,-0.09845559845559837,True,0.002123142250530785,next_close_fail,2024-12-20,09:45,4.72
002640.SZSE,跨境通,yin4,2025-01-02,4.22,0.04502369668246464,True,-0.0078125,next_close_fail,2025-01-02,10:45,3.81
002645.SZSE,华宏科技,yin4,2025-07-18,14.33,0.025819958129797538,True,0.008442056792018482,break_close,2025-07-18,10:00,13.14
002651.SZSE,利君股份,yin4,2025-06-09,12.16,-0.056743421052631526,True,0.002714932126696823,next_close_fail,2025-06-09,09:45,11.08
002654.SZSE,万润科技,yin4,2024-11-25,14.99,-0.052034689793195366,True,-0.0007336757153338924,next_close_fail,2024-11-25,09:45,13.62
002685.SZSE,华东重机,yin4,2024-10-25,7.59,0.14229249011857714,True,0.04347826086956519,break_close,2024-10-25,10:15,7.2
002685.SZSE,华东重机,yin4,2024-10-30,9.54,0.0765199161425576,True,-0.02768166089965396,next_close_fail,2024-10-30,10:30,8.43
002685.SZSE,华东重机,yin4,2024-11-19,7.05,-0.008510638297872242,False,-0.0015600624024960652,next_close_fail,2024-11-19,09:45,6.4
002688.SZSE,金河生物,yin4,2025-04-24,6.89,-0.06676342525399126,False,-0.01118210862619795,next_close_fail,2025-04-24,10:00,6.19
002693.SZSE,双成药业,yin4,2024-11-19,24.78,0.09322033898305082,True,0.03417665335108744,break_close,2024-11-19,09:45,23.3
002703.SZSE,浙江世宝,yin4,2025-12-23,20.34,0.04326450344149446,False,0.022714981070849127,break_close,2025-12-23,09:45,18.91
002703.SZSE,浙江世宝,yin4,2026-01-05,22.66,0.09885260370697257,False,0.019902912621359237,break_close,2026-01-05,10:30,21.01
002712.SZSE,思美传媒,yin4,2024-11-11,6.15,-0.056910569105691144,True,-0.0017889087656529634,next_close_fail,2024-11-11,13:15,5.58
002724.SZSE,海洋王,yin4,2025-03-24,9.33,-0.09967845659163987,True,-0.04952830188679247,next_close_fail,2025-03-24,14:45,8.06
002757.SZSE,南兴股份,yin4,2026-02-03,23.45,-0.06652452025586353,False,0.013133208255159623,next_close_fail,2026-02-03,13:30,21.6
002792.SZSE,通宇通讯,yin4,2025-12-22,35.35,-0.07637906647807646,True,0.042314872433105055,next_close_fail,2025-12-22,14:15,33.5
002809.SZSE,红墙股份,yin4,2025-05-07,11.91,0.05121746431570107,True,-0.010156971375807844,next_close_fail,2025-05-07,14:30,10.72
002851.SZSE,麦格米特,yin4,2024-10-28,50.02,-0.11255497800879655,False,-0.014734990103364876,next_close_fail,2024-10-28,14:15,44.8
002853.SZSE,皮阿诺,yin4,2025-12-26,22.37,-0.05766651765757724,True,-0.007866273352999054,next_close_fail,2025-12-26,10:45,20.18
002853.SZSE,皮阿诺,yin4,2026-01-07,22.53,-0.009320905459387574,True,0.01318359375,next_close_fail,2026-01-07,11:15,20.75
002910.SZSE,庄园牧场,yin4,2025-03-14,9.96,-0.016064257028112428,True,0.008839779005524795,next_close_fail,2025-03-14,10:15,9.13
002912.SZSE,中新赛克,yin4,2024-11-06,33.1,-0.04592145015105753,True,0.05948820206048522,next_close_fail,2024-11-06,09:45,31.88
002912.SZSE,中新赛克,yin4,2024-11-18,28.33,-0.03423932227320858,True,0.04776699029126208,next_close_fail,2024-11-18,09:45,26.98
002912.SZSE,中新赛克,yin4,2024-11-28,32.34,-0.08503401360544227,False,0.05374149659863958,next_close_fail,2024-11-28,11:00,30.98
002917.SZSE,金奥博,yin4,2025-01-21,19.95,-0.03609022556390973,False,0.036934950385887344,break_close,2025-01-21,09:45,18.81
002918.SZSE,蒙娜丽莎,yin4,2026-05-28,14.96,-0.10026737967914434,True,0.0051470588235293935,next_close_fail,2026-05-28,09:45,13.67
002940.SZSE,昂利康,yin4,2025-06-27,33.97,0.09243450103032091,True,0.0006476683937823857,next_close_fail,2025-06-27,10:15,30.9
002952.SZSE,亚世光电,yin4,2024-09-09,21.71,-0.023491478581298963,True,-0.0020263424518742745,next_close_fail,2024-09-09,10:15,19.7
002963.SZSE,豪尔赛,yin4,2026-08-11,20.09,-0.04927824788451962,True,-0.017524644030668113,next_close_fail,2026-08-11,15:00,17.94
002969.SZSE,嘉美包装,yin4,2026-01-14,19.31,-0.09994821336095283,True,0.07407407407407418,next_close_fail,2026-01-14,09:45,18.85
002969.SZSE,嘉美包装,yin4,2026-01-22,21.35,0.08524590163934431,True,0.08140133951571338,next_close_fail,2026-01-22,09:45,20.99
002969.SZSE,嘉美包装,yin4,2026-02-05,25.29,0.02767892447607756,True,-0.019138755980861122,next_close_fail,2026-02-05,14:30,22.55
003029.SZSE,吉大正元,yin4,2025-07-11,30.69,0.04105571847507328,True,0.00035842293906807043,next_close_fail,2025-07-11,09:45,27.91
003040.SZSE,楚天龙,yin4,2026-09-01,19.58,0.07865168539325862,True,0.003370786516853963,next_close_fail,2026-09-01,10:15,17.86
003041.SZSE,真爱美家,yin4,2025-11-25,59.84,-0.013703208556149704,True,0.02205882352941191,next_close_fail,2025-11-25,09:45,55.6
600078.SSE,澄星股份,yin4,2025-11-05,10.1,0.3267326732673268,False,-0.009803921568627416,break_close,2025-11-05,10:30,9.09
600103.SSE,青山纸业,yin4,2025-10-20,3.69,0.01084010840108407,True,0.023880597014925398,next_close_fail,2025-10-20,10:45,3.43
600108.SSE,亚盛集团,yin4,2026-03-06,5.52,-0.016304347826086918,True,-0.03386454183266929,next_close_fail,2026-03-06,10:15,4.85
600120.SSE,浙江东方,yin4,2025-02-19,8.07,-0.026022304832713727,False,-0.017711171662125325,next_close_fail,2025-02-19,14:45,7.21
600162.SSE,香江控股,yin4,2025-10-15,2.29,-0.03056768558951961,True,0.04807692307692313,next_close_fail,2025-10-15,09:45,2.18
600162.SSE,香江控股,yin4,2025-10-21,2.35,0.017021276595744705,True,0.0,next_close_fail,2025-10-21,10:15,2.14
600162.SSE,香江控股,yin4,2026-06-18,3.58,0.0837988826815641,True,0.01538461538461533,break_close,2026-06-18,10:30,3.3
600162.SSE,香江控股,yin4,2026-06-25,4.1,-0.2292682926829267,False,-0.01072386058981234,next_close_fail,2026-06-25,10:00,3.69
600167.SSE,联美控股,yin4,2025-10-10,9.35,-0.04598930481283414,True,0.0,next_close_fail,2025-10-10,10:30,8.5
600172.SSE,黄河旋风,yin4,2024-12-31,4.26,0.04225352112676073,False,0.015503875968992276,next_close_fail,2024-12-31,09:45,3.93
600178.SSE,东安动力,yin4,2024-11-04,15.65,-0.023642172523961724,False,0.018973998594518537,next_close_fail,2024-11-04,09:45,14.5
600198.SSE,大唐电信,yin4,2024-10-23,9.82,0.45417515274949083,True,-0.014557670772676223,break_close,2024-10-23,10:15,8.8
600206.SSE,有研新材,yin4,2024-11-22,24.44,-0.052782324058919916,False,0.0,break_close,2024-11-22,11:15,22.22
600208.SSE,衢州发展,yin4,2024-11-05,3.12,0.012820512820512775,True,-0.0035211267605632646,next_close_fail,2024-11-05,10:00,2.83
600221.SSE,海航控股,yin4,2024-12-02,1.91,0.02617801047120416,True,0.04597701149425282,next_close_fail,2024-12-02,09:45,1.82
600246.SSE,万通发展,yin4,2024-11-18,12.24,-0.05228758169934644,False,-0.010781671159029727,next_close_fail,2024-11-18,11:30,11.01
600246.SSE,万通发展,yin4,2025-09-09,13.53,-0.028824833702882358,False,0.04878048780487809,next_close_fail,2025-09-09,13:45,12.9
600255.SSE,鑫科材料,yin4,2025-01-07,3.82,0.04712041884816753,True,0.02881844380403442,next_close_fail,2025-01-07,09:45,3.57
600266.SSE,城建发展,yin4,2026-01-12,7.5,-0.1413333333333333,False,0.0058651026392961825,next_close_fail,2026-01-12,11:30,6.86
600288.SSE,大恒科技,yin4,2024-12-16,11.77,-0.11979609175870864,False,0.0009345794392525697,next_close_fail,2024-12-16,13:30,10.71
600292.SSE,电投水电,yin4,2024-11-12,16.37,-0.08857666463042158,True,0.048387096774193505,next_close_fail,2024-11-12,09:45,15.6
600292.SSE,电投水电,yin4,2024-11-19,14.64,0.05737704918032782,True,-0.013523666416228375,next_close_fail,2024-11-19,14:15,13.13
600376.SSE,首开股份,yin4,2025-10-20,6.39,0.009389671361502483,True,0.03270223752151469,next_close_fail,2025-10-20,13:30,6.0
600379.SSE,宝光股份,yin4,2026-05-11,18.43,-0.06728160607704825,True,0.020298507462686466,next_close_fail,2026-05-11,10:00,17.09
600396.SSE,华电辽能,yin4,2026-04-13,7.3,0.10273972602739745,True,0.001506024096385561,break_close,2026-04-13,10:30,6.65
600448.SSE,华纺股份,yin4,2025-05-13,4.51,0.06430155210643007,True,0.07560975609756104,next_close_fail,2025-05-13,09:45,4.41
600475.SSE,华光环能,yin4,2025-08-05,15.92,0.4371859296482412,True,0.004837595024187902,break_close,2025-08-05,11:30,14.54
600475.SSE,华光环能,yin4,2025-09-02,23.86,-0.08424140821458503,True,0.01429230059935449,next_close_fail,2025-09-02,10:00,22.0
600481.SSE,双良节能,yin4,2024-11-21,6.77,-0.08124076809453473,True,0.05691056910569103,next_close_fail,2024-11-21,09:45,6.5
600501.SSE,航天晨光,yin4,2024-08-22,17.03,-0.10099823840281863,False,0.0019379844961240345,next_close_fail,2024-08-22,10:45,15.51
600520.SSE,三佳科技,yin4,2024-10-24,43.76,0.1855575868372945,True,0.005530417295123158,break_close,2024-10-24,09:45,40.0
600570.SSE,恒生电子,yin4,2024-10-18,28.34,-0.011644318983768498,False,-0.010093167701863415,next_close_fail,2024-10-18,14:30,25.5
600578.SSE,京能电力,yin4,2026-06-15,8.24,-0.009708737864077666,True,-0.005340453938584733,next_close_fail,2026-06-15,13:45,7.45
600579.SSE,中化装备,yin4,2025-01-14,8.68,-0.013824884792626668,True,0.006337135614702172,next_close_fail,2025-01-14,15:00,7.94
600589.SSE,大位科技,yin4,2024-10-28,4.35,-0.03218390804597693,True,-0.027848101265822822,next_close_fail,2024-10-28,09:45,3.84
600589.SSE,大位科技,yin4,2025-03-10,7.78,0.06555269922879159,True,0.0028288543140027045,break_close,2025-03-10,14:00,7.09
600590.SSE,泰豪科技,yin4,2025-03-14,11.88,-0.07912457912457926,True,-0.04444444444444451,next_close_fail,2025-03-14,14:45,10.32
600606.SSE,绿地控股,yin4,2024-10-16,2.12,-0.089622641509434,True,0.005181347150259086,next_close_fail,2024-10-16,11:00,1.94
600606.SSE,绿地控股,yin4,2024-11-05,2.33,0.06437768240343344,True,-0.004716981132075526,next_close_fail,2024-11-05,10:15,2.11
600622.SSE,光大嘉宝,yin4,2024-10-30,4.75,0.16421052631578958,False,0.07638888888888884,break_close,2024-10-30,09:45,4.65
600622.SSE,光大嘉宝,yin4,2024-10-31,4.95,0.11717171717171726,True,-0.04444444444444451,break_close,2024-10-31,10:30,4.3
600629.SSE,华建集团,yin4,2025-10-21,40.93,-0.09992670412900062,True,-0.0008062348830959465,next_close_fail,2025-10-21,10:00,37.18
600633.SSE,浙数文化,yin4,2025-02-14,18.48,0.02110389610389607,False,0.050595238095237915,break_close,2025-02-14,14:15,17.65
600633.SSE,浙数文化,yin4,2025-02-20,19.8,-0.031313131313131404,False,0.0,next_close_fail,2025-02-20,09:45,18.0
600644.SSE,乐山电力,yin4,2025-05-14,12.47,0.04009623095429027,True,-0.003527336860670083,next_close_fail,2025-05-14,13:15,11.3
600650.SSE,锦江在线,yin4,2024-12-11,18.19,0.0021990104452995762,True,0.0,next_close_fail,2024-12-11,14:15,16.54
600653.SSE,申华控股,yin4,2024-11-07,2.48,0.024193548387096753,True,0.004444444444444251,break_close,2024-11-07,11:30,2.26
600683.SSE,京投发展,yin4,2026-08-31,12.13,-0.1409727947238253,False,0.0879419764279239,next_close_fail,2026-08-31,09:45,12.0
600726.SSE,华电能源,yin4,2026-05-13,8.47,-0.05548996458087374,True,-0.03116883116883118,next_close_fail,2026-05-13,10:15,7.46
600726.SSE,华电能源,yin4,2026-06-12,8.93,-0.04143337066069419,False,0.003694581280788256,next_close_fail,2026-06-12,09:45,8.15
600744.SSE,华银电力,yin4,2026-08-07,7.88,-0.019035532994923776,True,0.0,next_close_fail,2026-08-07,15:00,7.16
600783.SSE,鲁信创投,yin4,2025-12-31,24.73,-0.09987868985038406,True,0.052491103202847,next_close_fail,2025-12-31,09:45,23.66
600785.SSE,新华百货,yin4,2026-01-29,22.99,-0.07785993910395816,True,0.0,next_close_fail,2026-01-29,13:15,20.9
600785.SSE,新华百货,yin4,2026-02-02,23.32,0.08704974271012023,True,0.04669811320754724,break_close,2026-02-02,09:45,22.19
600793.SSE,宜宾纸业,yin4,2024-12-27,27.98,-0.08470335954253039,False,0.04166666666666652,next_close_fail,2024-12-27,09:45,26.5
600793.SSE,宜宾纸业,yin4,2025-01-07,20.54,-0.020447906523855752,True,0.027316550615961388,next_close_fail,2025-01-07,09:45,19.18
600793.SSE,宜宾纸业,yin4,2025-01-13,20.72,0.035231660231660245,True,0.0,next_close_fail,2025-01-13,09:45,18.84
600826.SSE,兰生股份,yin4,2024-12-11,9.97,0.012036108324974926,True,0.023178807947019875,next_close_fail,2024-12-11,15:00,9.27
600828.SSE,茂业商业,yin4,2025-12-02,6.53,-0.09954058192955595,True,-0.06565656565656575,next_close_fail,2025-12-02,09:45,5.55
600829.SSE,人民同泰,yin4,2025-12-02,13.49,0.07264640474425499,True,0.015497553017944421,next_close_fail,2025-12-02,10:15,12.45
600881.SSE,亚泰集团,yin4,2024-10-22,1.66,-0.0060240963855421326,True,0.0,next_close_fail,2024-10-22,10:00,1.51
600881.SSE,亚泰集团,yin4,2024-10-24,1.82,0.0439560439560438,True,-0.018181818181818077,next_close_fail,2024-10-24,10:30,1.62
600881.SSE,亚泰集团,yin4,2024-10-31,2.21,-0.09049773755656121,True,0.004975124378109541,next_close_fail,2024-10-31,13:15,2.02
600961.SSE,株冶集团,yin4,2026-05-14,32.32,-0.0946782178217821,False,0.008509189925119065,next_close_fail,2026-05-14,09:45,29.63
601003.SSE,柳钢股份,yin4,2025-07-08,5.23,0.022944550669215857,True,-0.040000000000000036,next_close_fail,2025-07-08,11:30,4.56
601008.SSE,连云港,yin4,2025-05-13,5.59,0.32021466905187834,True,0.0334645669291338,break_close,2025-05-13,14:30,5.25
601106.SSE,中国一重,yin4,2026-01-14,6.6,-0.09999999999999987,True,-0.04833333333333334,next_close_fail,2026-01-14,10:15,5.71
601162.SSE,天风证券,yin4,2024-10-18,4.77,0.04612159329140475,True,-0.013824884792626668,next_close_fail,2024-10-18,10:30,4.28
601566.SSE,九牧王,yin4,2025-12-12,15.03,-0.09115103127079172,True,0.002928257686676261,next_close_fail,2025-12-12,10:00,13.7
601566.SSE,九牧王,yin4,2025-12-18,15.44,0.06476683937823835,True,0.0185185185185186,break_close,2025-12-18,10:15,14.3
601609.SSE,金田股份,yin4,2025-08-20,14.75,-0.09966101694915264,True,-0.04548844146159581,next_close_fail,2025-08-20,09:45,12.8
601616.SSE,广电电气,yin4,2026-02-02,5.39,-0.009276437847866359,True,0.04081632653061207,next_close_fail,2026-02-02,10:00,5.1
601700.SSE,风范股份,yin4,2026-08-17,7.22,0.012465373961218829,True,0.012195121951219523,next_close_fail,2026-08-17,10:00,6.64
601700.SSE,风范股份,yin4,2026-08-20,7.5,-0.06533333333333335,True,0.011730205278592365,next_close_fail,2026-08-20,09:45,6.9
601700.SSE,风范股份,yin4,2026-08-24,7.71,-0.025940337224383936,True,-0.01854493580599148,next_close_fail,2026-08-24,10:00,6.88
601727.SSE,上海电气,yin4,2024-11-08,12.3,-0.09999999999999998,True,-0.01610017889087656,next_close_fail,2024-11-08,10:00,11.0
601789.SSE,宁波建工,yin4,2026-04-01,6.08,-0.08717105263157898,False,0.02169981916817365,next_close_fail,2026-04-01,09:45,5.65
601933.SSE,永辉超市,yin4,2024-11-01,5.07,0.0019723865877712132,True,-0.030368763557483858,next_close_fail,2024-11-01,10:00,4.47
601956.SSE,东贝集团,yin4,2025-05-22,6.91,0.03907380607814748,True,-0.0031847133757962887,next_close_fail,2025-05-22,10:00,6.26
601991.SSE,大唐发电,yin4,2026-05-15,7.92,0.0012626262626262985,True,-0.029166666666666674,next_close_fail,2026-05-15,11:15,6.99
603000.SSE,人民网,yin4,2026-01-29,25.39,-0.0374163056321386,False,-0.005199306759098632,next_close_fail,2026-01-29,10:00,22.96
603030.SSE,全筑股份,yin4,2025-05-29,2.76,0.03260869565217406,True,0.003984063745019917,next_close_fail,2025-05-29,11:00,2.52
603038.SSE,华立股份,yin4,2024-10-30,29.7,-0.010101010101010166,True,-0.0796296296296296,break_close,2024-10-30,10:15,24.85
603086.SSE,先达股份,yin4,2025-03-03,6.27,-0.027113237639553422,True,0.01754385964912264,next_close_fail,2025-03-03,10:15,5.8
603086.SSE,先达股份,yin4,2025-04-29,8.78,-0.009111617312072884,True,-0.005012531328320802,next_close_fail,2025-04-29,10:45,7.94
603086.SSE,先达股份,yin4,2025-05-06,9.57,0.06165099268547536,True,0.028735632183908066,next_close_fail,2025-05-06,11:15,8.95
603095.SSE,越剑智能,yin4,2026-05-07,26.6,-0.027819548872180522,True,-0.007444168734491274,next_close_fail,2026-05-07,10:00,24.0
603103.SSE,横店影视,yin4,2026-02-05,31.66,0.05495893872394175,True,0.0,next_close_fail,2026-02-05,09:45,28.78
603117.SSE,万林物流,yin4,2024-10-29,9.11,-0.12074643249176731,False,0.07246376811594213,next_close_fail,2024-10-29,09:45,8.88
603117.SSE,万林物流,yin4,2024-11-19,7.99,-0.04630788485607007,False,0.02066115702479343,next_close_fail,2024-11-19,10:30,7.41
603137.SSE,恒尚节能,yin4,2026-07-13,29.43,0.08902480462113482,True,-0.04560747663551401,break_close,2026-07-13,09:45,25.53
603137.SSE,恒尚节能,yin4,2026-07-30,26.21,-0.04616558565433049,True,-0.014687368862777883,next_close_fail,2026-07-30,09:45,23.48
603163.SSE,圣晖集成,yin4,2026-01-05,75.46,0.0862708719851577,True,0.03498542274052485,next_close_fail,2026-01-05,10:00,71.0
603196.SSE,璞源材料,yin4,2024-11-28,17.99,0.07559755419677616,False,0.006116207951070152,break_close,2024-11-28,09:45,16.45
603222.SSE,济民健康,yin4,2025-08-27,10.04,0.14741035856573714,True,0.018619934282584794,break_close,2025-08-27,14:45,9.3
603300.SSE,海南华铁,yin4,2025-02-18,8.8,0.030681818181818032,True,-0.03749999999999998,next_close_fail,2025-02-18,09:45,7.7
603315.SSE,福鞍股份,yin4,2025-04-17,12.86,-0.028771384136858424,True,0.015397775876817787,next_close_fail,2025-04-17,09:45,11.87
603330.SSE,天洋新材,yin4,2026-06-30,8.1,0.09876543209876543,False,0.0,break_close,2026-06-30,09:45,7.36
603332.SSE,苏州龙杰,yin4,2025-06-09,16.36,0.18276283618581912,True,0.01882985877605936,break_close,2025-06-09,10:45,15.15
603366.SSE,日出东方,yin4,2024-11-20,11.88,0.19865319865319853,True,-0.09999999999999998,break_close,2024-11-20,10:45,9.72
603366.SSE,日出东方,yin4,2024-11-29,21.78,-0.09641873278236923,True,-0.00757575757575768,next_close_fail,2024-11-29,13:30,19.65
603386.SSE,骏亚科技,yin4,2025-12-29,16.62,-0.016245487364620947,False,0.019192587690271434,next_close_fail,2025-12-29,11:15,15.4
603390.SSE,通达电气,yin4,2025-06-11,15.17,-0.04482531311799598,True,0.033357505438723845,next_close_fail,2025-06-11,10:15,14.25
603399.SSE,永杉锂业,yin4,2026-05-08,24.84,-0.011272141706924366,False,0.01727192205491579,next_close_fail,2026-05-08,09:45,22.97
603407.SSE,长裕集团,yin4,2026-07-16,65.64,-0.09993906154783672,True,0.012401541813306327,next_close_fail,2026-07-16,10:00,60.41
603516.SSE,淳中科技,yin4,2025-10-10,166.76,0.01936915327416666,False,-0.00395778364116095,break_close,2025-10-10,10:30,151.0
603538.SSE,美诺华,yin4,2026-04-02,43.77,-0.08613205391820888,False,-0.032168886654938444,next_close_fail,2026-04-02,10:45,38.51
603538.SSE,美诺华,yin4,2026-04-10,50.05,-0.03956043956043953,False,0.04307692307692301,next_close_fail,2026-04-10,13:15,47.46
603580.SSE,艾艾精工,yin4,2026-08-04,53.79,0.04517568321249299,True,0.001431492842535853,next_close_fail,2026-08-04,10:15,48.97
603580.SSE,艾艾精工,yin4,2026-08-10,59.21,-0.03935146090187469,True,-0.015418911387702017,next_close_fail,2026-08-10,14:15,53.0
603610.SSE,麒盛科技,yin4,2025-05-13,15.5,-0.15161290322580645,False,0.0014194464158978626,next_close_fail,2025-05-13,14:15,14.11
603616.SSE,韩建河山,yin4,2025-07-30,7.37,0.04477611940298498,True,-0.005970149253731294,next_close_fail,2025-07-30,14:00,6.66
603616.SSE,韩建河山,yin4,2026-03-03,8.17,-0.10036719706242359,True,0.020188425302826385,next_close_fail,2026-03-03,09:45,7.58
603618.SSE,杭电股份,yin4,2026-02-26,16.65,0.10090090090090098,False,0.0,break_close,2026-02-26,09:45,15.14
603626.SSE,科森科技,yin4,2025-09-16,14.63,0.08885850991114141,True,0.018045112781954753,break_close,2025-09-16,10:15,13.54
603666.SSE,亿嘉和,yin4,2024-11-29,25.15,0.011133200795228726,False,-0.004374453193350725,next_close_fail,2024-11-29,14:15,22.76
603686.SSE,福龙马,yin4,2025-10-21,25.11,-0.01991238550378338,True,0.002190100744634327,next_close_fail,2025-10-21,14:00,22.88
603687.SSE,大胜达,yin4,2026-04-01,16.39,-0.01342281879194629,True,0.025503355704697972,next_close_fail,2026-04-01,09:45,15.28
603687.SSE,大胜达,yin4,2026-04-07,16.38,0.05982905982905984,True,0.020147750167897938,next_close_fail,2026-04-07,10:00,15.19
603758.SSE,秦安股份,yin4,2026-08-21,11.76,-0.06292517006802723,True,-0.016838166510757646,next_close_fail,2026-08-21,13:45,10.51
603758.SSE,秦安股份,yin4,2026-08-25,12.12,0.04620462046204632,True,-0.009981851179673318,next_close_fail,2026-08-25,13:15,10.91
603803.SSE,瑞斯康达,yin4,2025-01-06,9.68,-0.028925619834710647,False,0.0,next_close_fail,2025-01-06,10:00,8.8
603881.SSE,数据港,yin4,2025-03-11,40.22,-0.011685728493286862,True,-0.038566739606127,next_close_fail,2025-03-11,15:00,35.15
603887.SSE,城地香江,yin4,2024-11-08,15.65,0.006389776357827559,True,0.0,next_close_fail,2024-11-08,13:30,14.23
603950.SSE,长源东谷,yin4,2026-04-15,59.84,0.03024732620320858,True,0.05992647058823519,next_close_fail,2026-04-15,09:45,57.66
603956.SSE,威派格,yin4,2025-03-10,8.98,-0.054565701559020074,True,-0.001225490196078427,next_close_fail,2025-03-10,13:45,8.15
603988.SSE,中电电机,yin4,2024-08-21,11.63,-0.014617368873602765,False,0.007568590350047311,next_close_fail,2024-08-21,11:00,10.65
603989.SSE,艾华集团,yin4,2026-06-24,48.86,0.14613180515759305,True,-0.03196758217019369,break_close,2026-06-24,10:00,43.0
603989.SSE,艾华集团,yin4,2026-07-09,43.87,-0.12696603601550038,False,0.04789368104312941,next_close_fail,2026-07-09,09:45,41.79
603989.SSE,艾华集团,yin4,2026-07-16,38.46,-0.17628705148205925,False,-0.020022883295194638,next_close_fail,2026-07-16,10:30,34.26
605028.SSE,世茂能源,yin4,2025-09-10,25.55,-0.017221135029354295,True,-0.0030133448127421802,next_close_fail,2025-09-10,13:30,23.16
605028.SSE,世茂能源,yin4,2025-09-15,27.32,0.009882869692532825,True,0.01046698872785834,next_close_fail,2025-09-15,13:30,25.1
605122.SSE,四方新材,yin4,2025-07-21,15.47,-0.007756948933419605,True,0.020625889046941515,break_close,2025-07-21,10:15,14.35
605169.SSE,洪通燃气,yin4,2025-08-12,17.97,-0.01001669449081799,True,0.028151774785801775,break_close,2025-08-12,10:30,16.8
605179.SSE,一鸣食品,yin4,2026-08-17,35.1,-0.009971509971509973,True,0.015982450642431978,break_close,2026-08-17,10:30,32.42
605179.SSE,一鸣食品,yin4,2026-09-01,34.67,-0.10008653014133262,True,0.0,next_close_fail,2026-09-01,14:30,31.52
605287.SSE,德才股份,yin4,2026-03-02,56.43,-0.10242778663831298,False,-0.013645224171539905,next_close_fail,2026-03-02,13:15,50.6
605398.SSE,新炬网络,yin4,2025-02-28,41.87,-0.12514927155481237,False,-0.013662637940094702,next_close_fail,2025-02-28,10:00,37.54
000032.SZSE,深桑达Ａ,yang4,2026-06-18,25.54,-0.03719655442443226,False,0.0055986218776917784,next_close_fail,2026-06-18,10:00,23.35
000062.SZSE,深圳华强,yang4,2024-09-30,29.39,0.044913235794487916,True,0.0048652694610780145,break_close,2024-09-30,15:00,26.85
000066.SZSE,中国长城,yang4,2024-11-06,18.48,0.25757575757575757,True,-0.04107142857142865,break_close,2024-11-06,13:45,16.11
000070.SZSE,特发信息,yang4,2025-12-22,12.94,-0.05177743431221016,True,0.054421768707483054,next_close_fail,2025-12-22,09:45,12.4
000409.SZSE,云鼎科技,yang4,2025-03-12,16.68,-0.07074340527577938,False,0.05672823218997358,next_close_fail,2025-03-12,09:45,16.02
000506.SZSE,招金黄金,yang4,2026-03-02,22.33,-0.0326914464845498,True,0.040394088669950756,next_close_fail,2026-03-02,14:30,21.12
000518.SZSE,四环生物,yang4,2026-06-03,3.93,-0.07379134860050895,True,-0.011204481792717047,next_close_fail,2026-06-03,10:30,3.53
000536.SZSE,华映科技,yang4,2024-09-30,3.32,0.09036144578313254,True,0.0298013245033113,break_close,2024-09-30,13:15,3.11
000536.SZSE,华映科技,yang4,2024-12-03,6.2,-0.011290322580645218,True,0.0017730496453902678,next_close_fail,2024-12-03,13:15,5.65
000539.SZSE,粤电力Ａ,yang4,2026-06-17,8.48,-0.12735849056603776,False,0.011673151750972721,next_close_fail,2026-06-17,10:30,7.8
000547.SZSE,航天发展,yang4,2025-12-04,18.92,0.16279069767441845,False,-0.011627906976744096,break_close,2025-12-04,10:00,17.0
000547.SZSE,航天发展,yang4,2025-12-05,20.57,0.06951871657754016,True,-0.03743315508021383,next_close_fail,2025-12-05,15:00,18.0
000547.SZSE,航天发展,yang4,2025-12-16,23.71,-0.11218894981020666,False,-0.012529002320185612,next_close_fail,2025-12-16,14:30,21.28
000564.SZSE,供销大集,yang4,2024-11-28,3.03,0.18811881188118829,True,0.0,break_close,2024-11-28,13:15,2.75
000565.SZSE,渝三峡Ａ,yang4,2025-05-12,10.23,0.029325513196480912,False,-0.1000000000000002,next_close_fail,2025-05-12,14:00,8.37
000565.SZSE,渝三峡Ａ,yang4,2025-05-14,11.58,0.12867012089810026,True,-0.005698005698005604,break_close,2025-05-14,15:00,10.47
000565.SZSE,渝三峡Ａ,yang4,2025-05-27,11.73,-0.023870417732310356,True,-0.013133208255159512,next_close_fail,2025-05-27,13:45,10.52
000565.SZSE,渝三峡Ａ,yang4,2025-06-04,10.58,-0.06994328922495274,True,0.0010395010395012338,next_close_fail,2025-06-04,13:45,9.63
000566.SZSE,海南海药,yang4,2024-09-30,4.32,0.09259259259259256,True,0.010178117048346147,next_close_fail,2024-09-30,14:00,3.97
000566.SZSE,海南海药,yang4,2026-07-15,5.15,-0.009708737864077777,True,-0.04914529914529908,break_close,2026-07-15,09:45,4.45
000592.SZSE,平潭发展,yang4,2025-10-31,7.08,0.19915254237288127,True,0.017080745341614856,break_close,2025-10-31,09:45,6.55
000592.SZSE,平潭发展,yang4,2025-11-28,10.73,0.0596458527493009,True,-0.006153846153846176,next_close_fail,2025-11-28,14:30,9.69
000592.SZSE,平潭发展,yang4,2025-12-02,12.51,-0.09912070343725021,True,0.0070360598065084545,next_close_fail,2025-12-02,09:45,11.45
000595.SZSE,新能股份,yang4,2024-10-28,10.99,0.05459508644222022,True,-0.018018018018017945,next_close_fail,2024-10-28,13:15,9.81
000678.SZSE,襄阳轴承,yang4,2025-04-09,11.51,-0.012163336229365829,False,-0.03346080305927357,next_close_fail,2025-04-09,14:45,10.11
000716.SZSE,黑芝麻,yang4,2024-12-12,9.02,0.026607538802660757,True,-0.014634146341463317,next_close_fail,2024-12-12,11:30,8.08
000717.SZSE,中南股份,yang4,2024-10-17,2.81,-0.03202846975088958,False,0.0,next_close_fail,2024-10-17,13:15,2.55
000717.SZSE,中南股份,yang4,2024-10-18,3.0,-0.1166666666666667,False,-0.04761904761904756,next_close_fail,2024-10-18,13:15,2.6
000759.SZSE,中百集团,yang4,2025-01-16,10.6,-0.06603773584905659,True,-0.009336099585062207,next_close_fail,2025-01-16,10:30,9.55
000785.SZSE,居然智家,yang4,2025-01-03,4.17,-0.04076738609112707,True,-0.01846965699208436,next_close_fail,2025-01-03,11:00,3.72
000795.SZSE,英洛华,yang4,2024-11-22,11.98,0.0025041736227044975,True,-0.02203856749311295,next_close_fail,2024-11-22,14:00,10.65
000818.SZSE,航锦科技,yang4,2025-02-17,36.19,-0.019066040342636037,True,0.04376899696048642,next_close_fail,2025-02-17,09:45,34.34
000820.SZSE,神雾节能,yang4,2026-08-11,4.25,-0.05647058823529416,False,-0.023316062176165775,next_close_fail,2026-08-11,14:00,3.77
000833.SZSE,粤桂股份,yang4,2024-12-03,19.47,-0.10015408320493058,True,0.0028248587570622874,next_close_fail,2024-12-03,09:45,17.75
000859.SZSE,国风新材,yang4,2024-10-29,6.15,-0.07317073170731714,True,0.06618962432915931,next_close_fail,2024-10-29,09:45,5.96
000882.SZSE,华联股份,yang4,2025-02-27,2.82,-0.06028368794326244,True,0.00390625,next_close_fail,2025-02-27,14:30,2.57
000889.SZSE,中嘉博创,yang4,2025-06-24,3.88,-0.06443298969072164,False,0.008498583569405138,next_close_fail,2025-06-24,10:00,3.56
000890.SZSE,法尔胜,yang4,2026-01-12,5.82,-0.037800687285223455,True,0.07372400756143671,next_close_fail,2026-01-12,09:45,5.68
000905.SZSE,厦门港务,yang4,2026-01-07,14.17,0.0014114326040930436,True,0.011645962732919068,next_close_fail,2026-01-07,13:15,13.03
000953.SZSE,中哲精化,yang4,2024-08-27,3.74,-0.11497326203208558,False,0.008823529411764675,next_close_fail,2024-08-27,10:15,3.43
000965.SZSE,天保基建,yang4,2025-05-07,4.25,-0.04470588235294126,True,0.06217616580310881,next_close_fail,2025-05-07,09:45,4.1
000969.SZSE,安泰科技,yang4,2025-10-22,22.69,-0.110621419127369,False,-0.004362578768783321,next_close_fail,2025-10-22,11:00,20.54
000981.SZSE,山子高科,yang4,2024-12-02,1.93,-0.010362694300518172,True,-0.011428571428571455,next_close_fail,2024-12-02,11:30,1.73
001208.SZSE,华菱线缆,yang4,2025-12-25,23.16,0.030224525043177852,True,-0.008551068883610458,next_close_fail,2025-12-25,14:00,20.87
001208.SZSE,华菱线缆,yang4,2026-01-08,28.41,0.020767335445265767,True,-0.016260162601625994,next_close_fail,2026-01-08,09:45,25.41
001209.SZSE,洪兴股份,yang4,2024-12-20,21.9,-0.17579908675799083,False,0.0,next_close_fail,2024-12-20,10:15,19.91
001258.SZSE,立新能源,yang4,2026-07-27,14.33,-0.09979064898813672,True,-0.0007674597083653367,next_close_fail,2026-07-27,09:45,13.02
001258.SZSE,立新能源,yang4,2026-08-10,14.48,0.06767955801104986,True,0.019756838905774954,break_close,2026-08-10,09:45,13.42
001331.SZSE,胜通能源,yang4,2026-01-13,64.49,-0.09660412467049151,False,-0.02933651714139529,next_close_fail,2026-01-13,14:15,56.91
001337.SZSE,四川黄金,yang4,2026-03-02,55.74,0.018837459634015064,True,0.039668442865600895,next_close_fail,2026-03-02,14:00,52.68
001896.SZSE,豫能控股,yang4,2026-03-03,15.55,-0.08295819935691329,False,-0.01768033946251768,next_close_fail,2026-03-03,09:45,13.89
001896.SZSE,豫能控股,yang4,2026-03-06,15.88,0.004408060453400475,True,-0.027700831024930817,next_close_fail,2026-03-06,13:45,14.04
002036.SZSE,联创电子,yang4,2025-02-17,14.39,-0.11118832522585143,False,0.002293577981651307,next_close_fail,2025-02-17,10:00,13.11
002040.SZSE,南 京 港,yang4,2025-06-10,11.53,0.06244579358196023,True,0.00190839694656475,next_close_fail,2025-06-10,13:15,10.5
002045.SZSE,国光电器,yang4,2024-12-13,22.0,-0.09999999999999998,True,0.024499999999999966,next_close_fail,2024-12-13,10:45,20.49
002081.SZSE,金 螳 螂,yang4,2026-05-12,7.98,-0.01253132832080206,True,0.024827586206896513,next_close_fail,2026-05-12,14:15,7.43
002081.SZSE,金 螳 螂,yang4,2026-05-29,6.16,0.1120129870129869,True,0.017857142857143016,break_close,2026-05-29,10:30,5.7
002081.SZSE,金 螳 螂,yang4,2026-08-31,6.16,-0.07629870129870131,True,0.044642857142857206,next_close_fail,2026-08-31,09:45,5.85
002083.SZSE,孚日股份,yang4,2025-11-27,10.74,-0.05307262569832405,True,-0.014344262295082011,next_close_fail,2025-11-27,14:00,9.62
002086.SZSE,东方海洋,yang4,2025-03-21,3.77,-0.06896551724137934,False,0.0,next_close_fail,2025-03-21,10:15,3.43
002094.SZSE,青岛金王,yang4,2024-11-20,7.57,0.01585204755614278,True,-0.007267441860465129,next_close_fail,2024-11-20,14:30,6.83
002097.SZSE,山河智能,yang4,2025-08-04,15.61,0.12107623318385663,True,0.031712473572938826,break_close,2025-08-04,09:45,14.64
002103.SZSE,广博股份,yang4,2024-12-13,15.15,-0.027722772277227747,True,0.02178649237472774,next_close_fail,2024-12-13,09:45,14.07
002115.SZSE,三维通信,yang4,2026-01-23,15.7,-0.08917197452229286,False,0.01822004204625083,next_close_fail,2026-01-23,11:30,14.53
002158.SZSE,汉钟精机,yang4,2025-08-26,25.74,-0.028749028749028738,True,-0.01025641025641022,next_close_fail,2025-08-26,13:15,23.16
002158.SZSE,汉钟精机,yang4,2025-09-08,27.46,-0.015294974508375914,True,0.009615384615384581,next_close_fail,2025-09-08,13:15,25.2
002161.SZSE,远 望 谷,yang4,2024-12-19,7.25,-0.053793103448275814,False,-0.028831562974203306,next_close_fail,2024-12-19,10:45,6.4
002163.SZSE,海南发展,yang4,2025-12-26,22.75,0.07780219780219788,True,0.006286266924564687,next_close_fail,2025-12-26,09:45,20.81
002165.SZSE,红 宝 丽,yang4,2025-05-07,13.68,-0.0950292397660818,True,0.008038585209003246,next_close_fail,2025-05-07,14:30,12.54
002177.SZSE,御银股份,yang4,2025-06-25,7.84,-0.028061224489795866,False,-0.008415147265077083,next_close_fail,2025-06-25,10:00,7.07
002178.SZSE,延华智能,yang4,2024-10-29,6.06,0.09075907590759091,True,0.001814882032667775,break_close,2024-10-29,09:45,5.52
002192.SZSE,融捷股份,yang4,2026-04-17,88.02,-0.06464439900022723,False,0.0004998750312421585,next_close_fail,2026-04-17,09:45,80.06
002199.SZSE,东晶电子,yang4,2024-10-31,10.86,-0.10036832412523022,True,-0.0010131712259371373,next_close_fail,2024-10-31,09:45,9.86
002199.SZSE,东晶电子,yang4,2024-11-08,10.71,0.04295051353874868,True,0.006160164271047375,next_close_fail,2024-11-08,11:00,9.8
002201.SZSE,九鼎新材,yang4,2026-01-26,16.28,-0.07678132678132688,True,0.035810810810810834,next_close_fail,2026-01-26,14:45,15.33
002202.SZSE,金风科技,yang4,2026-01-23,29.58,-0.03989181879648407,True,0.029750836742283404,next_close_fail,2026-01-23,10:45,27.69
002208.SZSE,合肥城建,yang4,2024-10-31,8.29,-0.049457177322074664,False,-0.0026525198938992522,next_close_fail,2024-10-31,14:15,7.52
002228.SZSE,合兴包装,yang4,2026-01-12,5.23,-0.0975143403441684,False,0.006315789473684275,next_close_fail,2026-01-12,09:45,4.78
002229.SZSE,鸿博股份,yang4,2025-05-29,19.17,-0.08137715179968708,True,-0.018359150889271425,next_close_fail,2025-05-29,10:15,17.11
002246.SZSE,北化股份,yang4,2025-08-11,19.6,-0.021428571428571463,True,0.009539842873176108,next_close_fail,2025-08-11,11:00,17.99
002248.SZSE,华东数控,yang4,2024-11-08,10.34,-0.0415860735009671,True,0.0,next_close_fail,2024-11-08,10:30,9.4
002250.SZSE,联化科技,yang4,2025-06-05,11.97,0.0693400167084377,True,0.0027573529411764053,next_close_fail,2025-06-05,10:30,10.91
002250.SZSE,联化科技,yang4,2025-06-09,14.08,0.05113636363636376,True,0.046875,next_close_fail,2025-06-09,09:45,13.4
002250.SZSE,联化科技,yang4,2025-06-23,13.4,0.005970149253731405,False,0.0049261083743843415,next_close_fail,2025-06-23,10:00,12.24
002253.SZSE,川大智胜,yang4,2024-11-06,23.42,-0.0999146029035014,True,0.012212306247064486,next_close_fail,2024-11-06,13:15,21.55
002256.SZSE,兆新股份,yang4,2025-09-12,3.16,0.034810126582278444,True,0.013937282229965264,next_close_fail,2025-09-12,10:15,2.91
002261.SZSE,拓维信息,yang4,2025-02-21,41.76,-0.005747126436781436,True,0.01685985247629085,next_close_fail,2025-02-21,13:15,38.6
002261.SZSE,拓维信息,yang4,2025-03-05,38.02,0.06207259337190951,True,0.0008680555555555802,next_close_fail,2025-03-05,14:00,34.59
002264.SZSE,新 华 都,yang4,2025-12-08,9.87,-0.01722391084093211,False,0.0022296544035673715,next_close_fail,2025-12-08,14:00,8.99
002264.SZSE,新 华 都,yang4,2025-12-10,10.67,-0.13027179006560452,False,0.03195876288659805,next_close_fail,2025-12-10,10:00,10.01
002265.SZSE,建设工业,yang4,2024-12-25,21.76,0.02527573529411753,False,0.0030333670374114163,next_close_fail,2024-12-25,10:30,19.84
002265.SZSE,建设工业,yang4,2024-12-26,23.52,-0.0008503401360544505,False,-0.03180542563143118,next_close_fail,2024-12-26,10:00,20.7
002272.SZSE,川润股份,yang4,2024-11-21,11.98,-0.012520868113522599,True,-0.009182736455463858,next_close_fail,2024-11-21,14:30,10.79
002278.SZSE,神开股份,yang4,2025-10-27,15.88,-0.09571788413098248,True,-0.09972299168975063,next_close_fail,2025-10-27,10:45,13.0
002297.SZSE,博云新材,yang4,2026-04-23,22.32,-0.0008960573476702871,False,0.012321340561853189,next_close_fail,2026-04-23,10:30,20.54
002312.SZSE,川发龙蟒,yang4,2024-11-20,17.15,0.0437317784256559,True,-0.018601667735728022,next_close_fail,2024-11-20,10:15,15.3
002312.SZSE,川发龙蟒,yang4,2024-11-26,18.94,-0.022175290390707536,False,-0.009872241579558572,break_close,2024-11-26,11:15,17.05
002342.SZSE,巨力索具,yang4,2026-02-06,20.77,-0.038035628310062575,False,0.0010593220338983578,next_close_fail,2026-02-06,09:45,18.9
002354.SZSE,天娱数科,yang4,2025-01-08,5.72,0.0,True,-0.0019230769230769162,next_close_fail,2025-01-08,14:15,5.19
002361.SZSE,神剑股份,yang4,2026-04-15,18.54,0.038834951456310884,True,0.0,next_close_fail,2026-04-15,10:45,16.85
002362.SZSE,汉王科技,yang4,2024-12-20,29.11,-0.1284781861903126,False,0.00037792894935750887,next_close_fail,2024-12-20,14:45,26.47
002364.SZSE,中恒电气,yang4,2026-05-06,44.87,0.031869846222420284,True,0.01078695758764403,next_close_fail,2026-05-06,14:00,41.23
002366.SZSE,融发核电,yang4,2025-06-17,8.46,-0.030732860520094718,True,-0.009102730819245841,next_close_fail,2025-06-17,11:00,7.62
002369.SZSE,卓翼科技,yang4,2025-03-05,13.96,0.006446991404011504,True,-0.014972419227738287,break_close,2025-03-05,09:45,12.5
002388.SZSE,新亚制程,yang4,2024-09-30,4.71,0.12314225053078554,True,0.025700934579439227,break_close,2024-09-30,13:15,4.39
002402.SZSE,和而泰,yang4,2024-12-04,20.52,0.015594541910331383,True,0.0005361930294907058,next_close_fail,2024-12-04,14:00,18.66
002403.SZSE,爱仕达,yang4,2025-01-08,15.47,0.04912734324499035,True,0.008534850640113723,next_close_fail,2025-01-08,14:15,14.18
002413.SZSE,雷科防务,yang4,2026-01-12,20.13,-0.09985096870342758,True,0.005464480874316724,next_close_fail,2026-01-12,13:30,18.4
002418.SZSE,康盛股份,yang4,2025-02-12,3.43,0.03790087463556846,True,0.019230769230769162,break_close,2025-02-12,10:00,3.18
002423.SZSE,中粮资本,yang4,2024-10-29,18.7,0.14973262032085577,True,0.028823529411764692,break_close,2024-10-29,09:45,17.49
002427.SZSE,尤夫股份,yang4,2025-04-10,5.57,0.014362657091562037,True,-0.02371541501976271,next_close_fail,2025-04-10,11:30,4.94
002427.SZSE,尤夫股份,yang4,2025-04-17,5.97,0.19430485762144056,True,-0.023941068139963106,break_close,2025-04-17,10:30,5.3
002455.SZSE,百川股份,yang4,2026-03-11,14.73,0.09708078750848603,True,0.08289768483943227,next_close_fail,2026-03-11,09:45,14.5
002474.SZSE,榕基软件,yang4,2025-12-08,11.54,-0.041594454072790166,True,0.010486177311725298,next_close_fail,2025-12-08,13:30,10.6
002520.SZSE,日发精机,yang4,2024-09-30,4.99,0.05611222444889763,False,0.03303964757709266,next_close_fail,2024-09-30,14:15,4.69
002529.SZSE,海源复材,yang4,2024-11-07,9.25,0.015135135135135203,True,0.09393579072532687,next_close_fail,2024-11-07,09:45,9.2
002549.SZSE,凯美特气,yang4,2025-04-22,10.46,-0.020076481835564097,True,-0.001051524710830698,next_close_fail,2025-04-22,13:15,9.5
002565.SZSE,顺灏股份,yang4,2025-12-12,15.95,0.017554858934169415,True,0.034482758620689724,next_close_fail,2025-12-12,09:45,15.0
002565.SZSE,顺灏股份,yang4,2025-12-25,16.15,-0.02848297213622286,False,-0.01021798365122617,next_close_fail,2025-12-25,10:30,14.53
002580.SZSE,圣阳股份,yang4,2025-03-18,17.96,-0.024498886414254017,True,0.050826699326393276,next_close_fail,2025-03-18,09:45,17.16
002628.SZSE,成都路桥,yang4,2024-10-31,7.87,-0.10038119440914872,True,0.0,next_close_fail,2024-10-31,10:15,7.15
002636.SZSE,金安国纪,yang4,2025-02-20,10.04,-0.03486055776892427,True,-0.0065717415115006395,next_close_fail,2025-02-20,14:45,9.07
002640.SZSE,跨境通,yang4,2024-09-24,2.01,0.20895522388059717,True,0.0,break_close,2024-09-24,10:00,1.83
002640.SZSE,跨境通,yang4,2024-10-14,2.84,0.102112676056338,True,0.03100775193798455,break_close,2024-10-14,14:15,2.66
002645.SZSE,华宏科技,yang4,2025-07-29,16.65,-0.13873873873873865,False,-0.0033025099075297826,next_close_fail,2025-07-29,11:15,15.09
002651.SZSE,利君股份,yang4,2025-05-16,14.17,-0.009880028228652082,True,-0.052795031055900776,break_close,2025-05-16,09:45,12.2
002674.SZSE,兴业科技,yang4,2026-07-13,33.88,-0.05844155844155852,False,-0.01915584415584415,next_close_fail,2026-07-13,10:00,30.21
002682.SZSE,龙洲股份,yang4,2025-12-03,6.51,0.5145929339477726,True,-0.005067567567567655,break_close,2025-12-03,13:30,5.89
002682.SZSE,龙洲股份,yang4,2025-12-25,9.1,-0.0219780219780219,False,0.0,next_close_fail,2025-12-25,15:00,8.27
002682.SZSE,龙洲股份,yang4,2025-12-30,10.53,-0.18613485280151942,False,0.034482758620689724,next_close_fail,2025-12-30,09:45,9.9
002685.SZSE,华东重机,yang4,2024-11-08,8.21,-0.03166869671132777,True,0.04557640750670244,next_close_fail,2024-11-08,10:00,7.8
002702.SZSE,海欣食品,yang4,2025-12-09,11.22,-0.11319073083778974,False,-0.007843137254901933,next_close_fail,2025-12-09,15:00,10.12
002703.SZSE,浙江世宝,yang4,2025-12-26,23.34,0.04027420736932319,True,-0.008482563619227168,next_close_fail,2025-12-26,15:00,21.04
002703.SZSE,浙江世宝,yang4,2026-01-13,28.75,-0.09600000000000009,False,-0.023335883703136884,next_close_fail,2026-01-13,13:45,25.53
002712.SZSE,思美传媒,yang4,2024-11-28,6.7,-0.08358208955223889,False,0.0,next_close_fail,2024-11-28,09:45,6.09
002718.SZSE,友邦吊顶,yang4,2026-01-12,56.66,0.08895164136957301,True,-0.028344010871675374,break_close,2026-01-12,13:45,50.05
002730.SZSE,电光科技,yang4,2025-01-15,16.29,0.049723756906077554,True,0.006076975016880537,next_close_fail,2025-01-15,09:45,14.9
002730.SZSE,电光科技,yang4,2025-01-17,18.81,0.3179160021265286,True,-0.0005847953216374657,break_close,2025-01-17,09:45,17.09
002741.SZSE,光华科技,yang4,2024-12-10,26.82,-0.1607009694258016,False,0.041837571780147575,next_close_fail,2024-12-10,09:45,25.4
002741.SZSE,光华科技,yang4,2024-12-13,25.42,-0.11644374508261213,False,-0.013414106447425356,next_close_fail,2024-12-13,13:45,22.8
002748.SZSE,世龙实业,yang4,2025-11-13,14.7,-0.04421768707482987,False,-0.0037425149700598404,next_close_fail,2025-11-13,13:15,13.31
002748.SZSE,世龙实业,yang4,2025-11-14,15.74,-0.13722998729351965,False,0.048218029350104885,next_close_fail,2025-11-14,09:45,15.0
002757.SZSE,南兴股份,yang4,2026-01-28,22.72,-0.04885563380281688,False,0.026634382566586012,next_close_fail,2026-01-28,09:45,21.2
002765.SZSE,蓝黛科技,yang4,2024-11-28,9.09,-0.0011001100110010764,False,0.013317191283293006,next_close_fail,2024-11-28,10:45,8.37
002788.SZSE,鹭燕医药,yang4,2026-01-06,22.72,0.18045774647887325,True,0.015496368038740993,break_close,2026-01-06,10:15,20.97
002792.SZSE,通宇通讯,yang4,2025-12-08,32.42,-0.08297347316471315,True,0.05191720393620636,next_close_fail,2025-12-08,09:45,31.0
002792.SZSE,通宇通讯,yang4,2025-12-15,32.01,-0.009996875976257313,True,0.04810996563573888,break_close,2025-12-15,09:45,30.5
002792.SZSE,通宇通讯,yang4,2025-12-25,38.18,0.11262441068622309,True,0.03226735811005477,break_close,2025-12-25,10:45,35.83
002809.SZSE,红墙股份,yang4,2025-05-09,13.77,0.2570806100217864,True,0.0,break_close,2025-05-09,11:15,12.52
002827.SZSE,高争民爆,yang4,2026-08-06,49.24,0.19029244516653132,True,0.09182305630026799,break_close,2026-08-06,09:45,48.87
002861.SZSE,瀛通通讯,yang4,2025-02-20,16.15,-0.021052631578947212,True,0.04632152588555849,next_close_fail,2025-02-20,09:45,15.36
002862.SZSE,实丰文化,yang4,2024-12-09,35.13,0.02106461713635066,False,0.0,next_close_fail,2024-12-09,13:30,31.94
002862.SZSE,实丰文化,yang4,2024-12-10,37.46,0.07314468766684468,False,0.03083700440528636,break_close,2024-12-10,10:30,35.1
002878.SZSE,元隆雅图,yang4,2025-06-30,23.46,-0.1048593350383632,False,0.0187529301453353,next_close_fail,2025-06-30,13:30,21.73
002879.SZSE,长缆科技,yang4,2026-08-03,17.88,0.04921700223713654,True,0.016000000000000014,next_close_fail,2026-08-03,10:00,16.51
002881.SZSE,美格智能,yang4,2025-02-26,61.75,-0.08421052631578951,False,-0.0032062700391877197,next_close_fail,2025-02-26,13:45,55.96
002917.SZSE,金奥博,yang4,2025-01-22,21.37,-0.10014038371548906,True,-0.04786412763767367,next_close_fail,2025-01-22,10:00,18.5
002940.SZSE,昂利康,yang4,2025-06-16,28.99,0.0006898930665748537,True,-0.00986717267552184,next_close_fail,2025-06-16,14:00,26.09
002940.SZSE,昂利康,yang4,2025-07-01,40.82,0.10044096031357186,True,-0.023713284828887127,break_close,2025-07-01,13:15,36.23
002951.SZSE,金时科技,yang4,2025-06-27,14.32,0.0516759776536313,False,0.021505376344086002,next_close_fail,2025-06-27,10:00,13.3
002951.SZSE,金时科技,yang4,2025-07-07,14.3,0.299300699300699,True,-0.013846153846153841,break_close,2025-07-07,11:15,12.82
002963.SZSE,豪尔赛,yang4,2026-08-25,20.32,0.047244094488189115,True,0.0005414185165133478,break_close,2026-08-25,13:30,18.48
002963.SZSE,豪尔赛,yang4,2026-09-02,21.67,-0.08121827411167515,False,0.004060913705583813,next_close_fail,2026-09-02,10:00,19.78
002969.SZSE,嘉美包装,yang4,2026-01-06,15.07,0.16456536164565372,True,0.0,break_close,2026-01-06,10:00,13.7
002969.SZSE,嘉美包装,yang4,2026-02-10,30.42,0.028928336620644313,True,0.013743218806510082,next_close_fail,2026-02-10,14:00,28.03
002971.SZSE,和远气体,yang4,2026-06-18,67.38,0.08014247551202147,True,-0.0065306122448979265,next_close_fail,2026-06-18,14:15,60.85
002990.SZSE,盛视科技,yang4,2026-04-24,54.11,-0.09998151912770281,True,-0.0006098800569221963,next_close_fail,2026-04-24,13:45,49.16
002990.SZSE,盛视科技,yang4,2026-05-07,64.25,-0.023346303501945553,True,-0.0003424071220681224,next_close_fail,2026-05-07,09:45,58.39
002990.SZSE,盛视科技,yang4,2026-05-14,69.41,0.0011525716755509396,True,0.01790808240887487,next_close_fail,2026-05-14,14:00,64.23
003041.SZSE,真爱美家,yang4,2025-11-27,64.92,-0.17128773875539127,False,0.043205692985428534,next_close_fail,2025-11-27,09:45,61.57
600078.SSE,澄星股份,yang4,2025-10-17,10.26,-0.04483430799220267,True,-0.06430868167202564,next_close_fail,2025-10-17,10:45,8.73
600078.SSE,澄星股份,yang4,2025-10-28,9.63,-0.013499480789200491,True,0.01828571428571424,next_close_fail,2025-10-28,10:15,8.91
600078.SSE,澄星股份,yang4,2025-11-06,10.85,0.23502304147465436,True,0.04259634888438124,break_close,2025-11-06,10:00,10.28
600103.SSE,青山纸业,yang4,2025-10-14,3.82,-0.054973821989528826,False,0.03746397694524495,next_close_fail,2025-10-14,09:45,3.6
600118.SSE,中国卫星,yang4,2026-01-12,116.66,0.04165952340133727,True,0.05610561056105623,next_close_fail,2026-01-12,09:45,112.0
600118.SSE,中国卫星,yang4,2026-01-23,108.9,-0.09999999999999998,True,0.0060606060606061,next_close_fail,2026-01-23,13:30,99.6
600126.SSE,杭钢股份,yang4,2025-02-21,12.27,-0.09942950285248564,True,0.03139013452914785,next_close_fail,2025-02-21,10:15,11.5
600127.SSE,金健米业,yang4,2026-08-27,10.78,0.09183673469387754,True,0.05102040816326525,next_close_fail,2026-08-27,09:45,10.3
600162.SSE,香江控股,yang4,2026-06-04,3.69,-0.0677506775067751,False,0.04776119402985057,next_close_fail,2026-06-04,09:45,3.51
600172.SSE,黄河旋风,yang4,2024-12-23,4.74,0.012658227848101111,True,0.025522041763341052,next_close_fail,2024-12-23,10:00,4.42
600172.SSE,黄河旋风,yang4,2025-01-02,4.58,-0.05458515283842791,False,-0.050480769230769273,next_close_fail,2025-01-02,14:45,3.95
600198.SSE,大唐电信,yang4,2024-10-08,8.86,0.010158013544018019,True,0.08074534161490665,next_close_fail,2024-10-08,14:15,8.7
600198.SSE,大唐电信,yang4,2024-10-31,16.82,-0.13317479191438764,False,-0.0320470896010463,next_close_fail,2024-10-31,14:15,14.8
600208.SSE,衢州发展,yang4,2024-10-31,2.94,-0.020408163265306145,True,0.0037453183520599342,next_close_fail,2024-10-31,10:15,2.68
600249.SSE,两面针,yang4,2025-05-15,6.18,-0.04045307443365698,True,0.0,next_close_fail,2025-05-15,10:15,5.62
600272.SSE,开开实业,yang4,2024-12-18,21.36,-0.15074906367041196,False,-0.09989701338825963,next_close_fail,2024-12-18,14:30,17.48
600272.SSE,开开实业,yang4,2025-01-02,16.74,-0.109916367980884,False,-0.0026281208935611255,next_close_fail,2025-01-02,15:00,15.18
600272.SSE,开开实业,yang4,2026-08-18,20.93,-0.06832298136645965,True,-0.04781923279033107,next_close_fail,2026-08-18,15:00,18.12
600280.SSE,中央商场,yang4,2024-08-30,2.68,-0.052238805970149294,True,0.0,next_close_fail,2024-08-30,13:15,2.44
600288.SSE,大恒科技,yang4,2024-12-12,11.29,-0.05225863596102742,True,0.0,next_close_fail,2024-12-12,13:15,10.26
600326.SSE,西藏天路,yang4,2025-07-29,17.23,0.03946604759141037,True,-0.016602809706257937,next_close_fail,2025-07-29,14:00,15.4
600353.SSE,旭光电子,yang4,2026-06-24,53.68,-0.09184053651266766,False,0.00143442622950829,next_close_fail,2026-06-24,14:30,48.87
600376.SSE,首开股份,yang4,2025-09-12,5.51,0.3176043557168784,True,-0.001996007984031878,break_close,2025-09-12,09:45,5.0
600390.SSE,五矿资本,yang4,2024-10-31,7.78,-0.055269922879177424,False,0.0,next_close_fail,2024-10-31,09:45,7.07
600396.SSE,华电辽能,yang4,2026-04-21,8.13,0.1316113161131609,True,0.0013531799729364913,break_close,2026-04-21,11:30,7.4
600397.SSE,江钨装备,yang4,2025-01-15,4.6,0.026086956521739202,False,-0.009569377990430672,break_close,2025-01-15,13:30,4.14
600403.SSE,大有能源,yang4,2025-11-05,9.41,-0.13390010626992555,False,-0.028070175438596467,next_close_fail,2025-11-05,10:00,8.31
600403.SSE,大有能源,yang4,2025-11-14,10.14,0.011834319526627057,True,-0.029284164859002315,break_close,2025-11-14,11:00,8.95
600408.SSE,安泰集团,yang4,2025-12-02,5.08,0.023622047244094446,True,-0.015151515151515249,break_close,2025-12-02,10:00,4.55
600448.SSE,华纺股份,yang4,2025-05-15,5.28,-0.02840909090909094,False,-0.004166666666666541,next_close_fail,2025-05-15,10:45,4.78
600475.SSE,华光环能,yang4,2025-08-21,23.56,0.014431239388794648,True,-0.010270774976657404,break_close,2025-08-21,13:30,21.2
600477.SSE,杭萧钢构,yang4,2026-01-22,3.77,0.03183023872679058,True,-0.011661807580174988,next_close_fail,2026-01-22,10:45,3.39
600477.SSE,杭萧钢构,yang4,2026-02-09,4.14,0.01449275362318847,True,0.005319148936170137,next_close_fail,2026-02-09,09:45,3.78
600481.SSE,双良节能,yang4,2024-11-28,6.82,0.02639296187683282,False,-0.001612903225806428,next_close_fail,2024-11-28,10:15,6.19
600488.SSE,津药药业,yang4,2026-04-15,6.84,-0.08040935672514615,True,-0.006430868167202619,next_close_fail,2026-04-15,13:30,6.18
600500.SSE,中化国际,yang4,2026-06-16,9.06,0.015452538631346435,True,0.09223300970873782,next_close_fail,2026-06-16,09:45,9.0
600520.SSE,三佳科技,yang4,2024-11-11,45.91,-0.02417773905467213,True,0.05390512697652139,next_close_fail,2024-11-11,09:45,43.99
600539.SSE,狮头股份,yang4,2025-01-27,7.87,-0.019059720457433316,False,-0.013986013986014068,next_close_fail,2025-01-27,10:00,7.05
600539.SSE,狮头股份,yang4,2025-02-14,9.41,0.005313496280552776,True,-0.009356725146198785,next_close_fail,2025-02-14,10:00,8.47
600540.SSE,新赛股份,yang4,2025-04-16,6.75,-0.21629629629629632,False,-0.037459283387622055,next_close_fail,2025-04-16,09:45,5.91
600570.SSE,恒生电子,yang4,2024-11-05,29.15,0.045969125214408324,True,0.027169811320754578,next_close_fail,2024-11-05,10:30,27.22
600578.SSE,京能电力,yang4,2026-06-03,9.34,0.0021413276231263545,True,-0.029446407538280317,next_close_fail,2026-06-03,13:30,8.24
600579.SSE,中化装备,yang4,2025-01-21,9.26,0.11231101511879049,True,0.03206650831353919,break_close,2025-01-21,09:45,8.69
600589.SSE,大位科技,yang4,2026-02-27,13.81,-0.11513396089790007,False,-0.050996015936255024,next_close_fail,2026-02-27,11:15,11.91
600590.SSE,泰豪科技,yang4,2025-03-05,9.77,0.19037871033776876,True,0.06531531531531543,break_close,2025-03-05,09:45,9.46
600610.SSE,中毅达,yang4,2025-04-14,9.77,0.1463664278403276,True,0.0326576576576576,break_close,2025-04-14,09:45,9.17
600610.SSE,中毅达,yang4,2025-04-21,12.38,-0.1276252019386107,False,0.0,next_close_fail,2025-04-21,10:15,11.25
600613.SSE,神奇制药,yang4,2026-08-24,9.9,0.03737373737373728,True,0.03555555555555556,next_close_fail,2026-08-24,09:45,9.32
600619.SSE,海立股份,yang4,2024-10-28,10.88,0.0652573529411764,True,0.01415571284125372,next_close_fail,2024-10-28,09:45,10.03
600622.SSE,光大嘉宝,yang4,2024-10-28,4.25,0.016470588235294237,True,0.0,next_close_fail,2024-10-28,10:00,3.86
600629.SSE,华建集团,yang4,2025-09-25,21.55,0.3132250580046403,True,0.0005104645227158588,break_close,2025-09-25,11:30,19.6
600633.SSE,浙数文化,yang4,2025-02-17,19.75,-0.04455696202531645,True,-0.030640668523676973,next_close_fail,2025-02-17,14:15,17.4
600644.SSE,乐山电力,yang4,2025-05-20,13.93,0.1629576453697057,True,-0.027646129541864073,break_close,2025-05-20,10:15,12.31
600654.SSE,中安科,yang4,2024-12-03,4.31,-0.0324825986078886,True,0.005102040816326481,next_close_fail,2024-12-03,14:30,3.94
600683.SSE,京投发展,yang4,2026-08-27,11.04,-0.0009057971014492239,True,-0.0009960159362549792,next_close_fail,2026-08-27,10:00,10.03
600693.SSE,东百集团,yang4,2025-01-16,7.22,-0.03462603878116344,True,-0.021341463414634054,next_close_fail,2025-01-16,15:00,6.42
600693.SSE,东百集团,yang4,2025-11-26,9.67,0.011375387797311287,True,0.0011376564277589818,next_close_fail,2025-11-26,14:45,8.8
600721.SSE,百花医药,yang4,2026-08-27,16.68,-0.07434052757793763,True,0.0699208443271766,next_close_fail,2026-08-27,09:45,16.22
600726.SSE,华电能源,yang4,2026-03-19,5.02,0.059760956175298974,True,-0.05263157894736825,break_close,2026-03-19,10:45,4.32
600726.SSE,华电能源,yang4,2026-03-25,6.15,0.08617886178861767,True,-0.01610017889087656,break_close,2026-03-25,10:30,5.5
600726.SSE,华电能源,yang4,2026-05-07,7.61,-0.013140604467805628,True,-0.021676300578034713,next_close_fail,2026-05-07,10:30,6.77
600726.SSE,华电能源,yang4,2026-05-25,6.92,0.3728323699421965,True,0.0,break_close,2026-05-25,10:00,6.29
600726.SSE,华电能源,yang4,2026-06-04,10.68,-0.12453183520599254,False,-0.04222451081359424,next_close_fail,2026-06-04,13:15,9.3
600743.SSE,华远控股,yang4,2026-05-08,2.86,-0.05944055944055937,False,-0.011538461538461608,next_close_fail,2026-05-08,10:00,2.57
600749.SSE,西藏旅游,yang4,2025-08-13,25.55,0.03326810176125239,False,0.00731812311665947,next_close_fail,2025-08-13,14:45,23.4
600749.SSE,西藏旅游,yang4,2025-08-14,27.39,-0.02300109529025185,False,-0.014457831325301207,next_close_fail,2025-08-14,09:45,24.54
600749.SSE,西藏旅游,yang4,2025-08-18,29.44,0.0016983695652172948,True,0.03101644245141988,next_close_fail,2025-08-18,09:45,27.59
600778.SSE,友好集团,yang4,2025-01-09,8.98,-0.1425389755011136,False,-0.031862745098039214,next_close_fail,2025-01-09,14:45,7.9
600793.SSE,宜宾纸业,yang4,2026-07-28,13.88,-0.06412103746397702,False,-0.005546751188589383,next_close_fail,2026-07-28,10:00,12.55
600793.SSE,宜宾纸业,yang4,2026-08-03,14.18,0.042313117066290484,True,0.002327385570209506,next_close_fail,2026-08-03,14:00,12.92
600794.SSE,保税科技,yang4,2025-05-14,4.63,0.02807775377969768,True,-0.016627078384798155,next_close_fail,2025-05-14,14:30,4.14
600798.SSE,宁波海运,yang4,2025-06-10,4.16,0.04807692307692313,True,0.002645502645502784,next_close_fail,2025-06-10,13:45,3.79
600826.SSE,兰生股份,yang4,2024-12-16,11.78,-0.11375212224108655,False,0.05042016806722671,next_close_fail,2024-12-16,10:00,11.25
600829.SSE,人民同泰,yang4,2025-11-26,13.18,-0.041729893778452154,True,-0.0033388981636061077,next_close_fail,2025-11-26,10:30,11.94
600839.SSE,四川长虹,yang4,2024-11-21,13.41,-0.09694258016405677,True,0.00656275635767023,next_close_fail,2024-11-21,10:00,12.27
600843.SSE,上工申贝,yang4,2024-11-06,15.94,-0.12797992471769126,False,0.05106970324361626,next_close_fail,2024-11-06,10:00,15.23
600865.SSE,百大集团,yang4,2025-12-25,21.7,-0.017050691244239635,True,0.05930055752660923,next_close_fail,2025-12-25,09:45,20.9
600881.SSE,亚泰集团,yang4,2024-10-28,2.09,0.04306220095693791,True,0.0052631578947368585,next_close_fail,2024-10-28,10:45,1.91
600916.SSE,中国黄金,yang4,2026-03-02,12.49,-0.09527622097678135,False,0.08634361233480181,next_close_fail,2026-03-02,14:15,12.33
600939.SSE,重庆建工,yang4,2024-10-28,4.13,0.002421307506053294,True,0.002666666666666595,next_close_fail,2024-10-28,13:15,3.76
600961.SSE,株冶集团,yang4,2026-05-07,30.26,-0.012557832121612766,False,0.025081788440566966,next_close_fail,2026-05-07,10:00,28.2
600980.SSE,北矿科技,yang4,2025-06-30,24.92,-0.0690208667736758,False,0.002207505518763808,next_close_fail,2025-06-30,14:30,22.7
601008.SSE,连云港,yang4,2025-06-10,7.6,0.018421052631579116,True,-0.00868306801736618,next_close_fail,2025-06-10,13:30,6.85
601022.SSE,宁波远洋,yang4,2025-06-10,10.65,-0.015023474178403773,True,0.0,next_close_fail,2025-06-10,13:45,9.68
601086.SSE,国芳集团,yang4,2025-05-07,11.48,0.04094076655052259,True,0.015325670498084198,next_close_fail,2025-05-07,14:45,10.6
601106.SSE,中国一重,yang4,2026-01-22,5.45,0.07706422018348613,True,0.016161616161616266,next_close_fail,2026-01-22,10:00,5.03
601162.SSE,天风证券,yang4,2024-10-31,6.4,-0.09062499999999996,True,-0.020618556701030966,next_close_fail,2024-10-31,10:15,5.7
601177.SSE,杭齿前进,yang4,2025-03-06,22.91,0.04626800523788743,True,-0.03408545367258753,next_close_fail,2025-03-06,10:00,20.12
601212.SSE,白银有色,yang4,2026-03-02,11.77,-0.09770603228547159,True,0.07943925233644866,next_close_fail,2026-03-02,15:00,11.55
601606.SSE,长城军工,yang4,2025-06-30,29.05,0.018932874354561147,True,-0.0022718667171525153,break_close,2025-06-30,09:45,26.35
601606.SSE,长城军工,yang4,2025-08-13,67.82,-0.07121792981421393,True,0.0,next_close_fail,2025-08-13,10:00,61.65
601606.SSE,长城军工,yang4,2025-08-29,69.17,0.022119415931762365,True,0.0,next_close_fail,2025-08-29,15:00,62.88
601700.SSE,风范股份,yang4,2026-08-12,7.59,-0.06455862977602111,True,0.0014492753623187582,next_close_fail,2026-08-12,10:45,6.91
601929.SSE,吉视传媒,yang4,2025-08-18,4.31,-0.0742459396751739,True,0.0,next_close_fail,2025-08-18,09:45,3.92
601929.SSE,吉视传媒,yang4,2025-08-27,4.02,0.029850746268656803,True,-0.010958904109588996,next_close_fail,2025-08-27,10:00,3.61
601929.SSE,吉视传媒,yang4,2025-08-29,4.55,0.10549450549450556,True,-0.007246376811594013,break_close,2025-08-29,09:45,4.11
601933.SSE,永辉超市,yang4,2024-10-22,3.41,0.08211143695014655,True,0.009677419354838568,next_close_fail,2024-10-22,14:00,3.13
601933.SSE,永辉超市,yang4,2024-10-28,4.18,0.17464114832535893,True,0.021052631578947434,break_close,2024-10-28,10:00,3.88
601956.SSE,东贝集团,yang4,2025-05-27,7.91,-0.06321112515802785,True,-0.00417246175243402,next_close_fail,2025-05-27,14:00,7.16
603000.SSE,人民网,yang4,2026-02-10,26.27,-0.044918157594213914,True,0.07202680067001688,next_close_fail,2026-02-10,09:45,25.6
603011.SSE,合锻智能,yang4,2026-06-03,31.89,0.011602383192223176,False,-0.051397033459813724,next_close_fail,2026-06-03,13:15,27.5
603015.SSE,弘讯科技,yang4,2024-12-04,12.24,-0.05065359477124187,True,-0.016172506738544645,next_close_fail,2024-12-04,13:30,10.95
603015.SSE,弘讯科技,yang4,2025-01-21,13.43,-0.10201042442293362,False,0.015561015561015523,next_close_fail,2025-01-21,09:45,12.4
603045.SSE,福达合金,yang4,2026-06-05,85.26,0.05559465165376487,False,-0.023867888014449834,next_close_fail,2026-06-05,11:15,75.66
603063.SSE,禾望电气,yang4,2025-02-07,30.37,-0.027329601580507124,False,0.025715320536037645,next_close_fail,2025-02-07,11:00,28.32
603106.SSE,恒银科技,yang4,2024-10-22,9.91,-0.006054490413723523,True,-0.009988901220865709,next_close_fail,2024-10-22,14:15,8.92
603122.SSE,合富中国,yang4,2025-11-20,26.18,-0.10007639419404124,True,0.0,next_close_fail,2025-11-20,11:00,23.8
603122.SSE,合富中国,yang4,2025-12-05,26.53,0.024500565397662877,True,0.0,break_close,2025-12-05,09:45,24.12
603135.SSE,中重科技,yang4,2026-07-02,13.73,0.06045156591405676,True,-0.0064102564102563875,next_close_fail,2026-07-02,13:15,12.4
603196.SSE,璞源材料,yang4,2024-11-20,16.07,0.0068450528935906085,True,-0.00889801505817922,next_close_fail,2024-11-20,10:30,14.48
603211.SSE,晋拓股份,yang4,2025-02-17,20.24,-0.05187747035573109,False,-0.0005434782608694233,next_close_fail,2025-02-17,15:00,18.39
603216.SSE,梦天家居,yang4,2025-11-28,28.66,0.06769016050244248,True,-0.0019193857965451588,next_close_fail,2025-11-28,10:15,26.0
603216.SSE,梦天家居,yang4,2025-12-02,33.66,-0.10011883541295297,True,0.017973856209150263,next_close_fail,2025-12-02,11:30,31.15
603216.SSE,梦天家居,yang4,2025-12-10,34.43,-0.03485332558814991,False,-0.007987220447284393,next_close_fail,2025-12-10,13:30,31.05
603222.SSE,济民健康,yang4,2025-09-11,14.06,-0.05903271692745382,True,-0.04616588419405321,next_close_fail,2025-09-11,10:00,12.19
603226.SSE,菲林格尔,yang4,2025-06-24,12.46,0.012038523274478186,True,-0.0061782877316858276,next_close_fail,2025-06-24,10:45,11.26
603268.SSE,松发股份,yang4,2024-11-29,53.42,-0.0999625608386373,True,0.00906095551894559,next_close_fail,2024-11-29,10:00,49.0
603280.SSE,南方路机,yang4,2025-08-14,59.4,-0.05101010101010106,True,-0.025925925925925908,next_close_fail,2025-08-14,15:00,52.6
603300.SSE,海南华铁,yang4,2025-02-13,8.95,-0.04692737430167593,True,0.039312039312039415,next_close_fail,2025-02-13,13:45,8.46
603332.SSE,苏州龙杰,yang4,2025-05-20,16.53,-0.001814882032667997,True,-0.04524284763805719,next_close_fail,2025-05-20,13:45,14.35
603333.SSE,福华尚纬,yang4,2025-06-10,10.16,-0.13484251968503946,False,-0.025974025974025983,next_close_fail,2025-06-10,11:15,9.0
603366.SSE,日出东方,yang4,2024-11-25,15.66,0.06513409961685812,True,0.08778089887640439,next_close_fail,2024-11-25,10:15,15.49
603366.SSE,日出东方,yang4,2024-11-27,18.35,0.07901907356948223,True,0.029976019184652314,next_close_fail,2024-11-27,10:00,17.18
603390.SSE,通达电气,yang4,2025-06-24,14.09,-0.0276792051100071,True,0.08352849336455903,next_close_fail,2025-06-24,09:45,13.88
603399.SSE,永杉锂业,yang4,2026-05-29,18.85,0.0042440318302385815,False,0.009334889148191472,next_close_fail,2026-05-29,11:00,17.3
603511.SSE,爱慕股份,yang4,2025-02-11,14.61,-0.02053388090349073,True,0.008283132530120474,next_close_fail,2025-02-11,14:30,13.39
603511.SSE,爱慕股份,yang4,2025-02-20,15.24,0.029527559055118058,True,0.0021660649819494893,next_close_fail,2025-02-20,13:15,13.88
603516.SSE,淳中科技,yang4,2025-10-13,177.09,-0.04009260827827654,True,-0.06279893161065908,next_close_fail,2025-10-13,13:15,150.88
603538.SSE,美诺华,yang4,2026-04-15,56.06,-0.001070281840884757,False,-0.0009811616954474855,next_close_fail,2026-04-15,14:15,50.91
603579.SSE,荣泰健康,yang4,2025-04-14,22.55,-0.03458980044345905,False,0.018536585365853675,next_close_fail,2025-04-14,10:15,20.88
603580.SSE,艾艾精工,yang4,2026-07-24,46.3,0.034773218142548634,True,-0.02874792112140656,next_close_fail,2026-07-24,10:00,40.88
603580.SSE,艾艾精工,yang4,2026-07-28,52.7,0.06641366223908918,True,-0.039866416197036014,break_close,2026-07-28,10:45,46.0
603602.SSE,纵横通信,yang4,2024-10-31,19.75,-0.14278481012658228,False,-0.0055710306406684396,next_close_fail,2024-10-31,14:15,17.85
603607.SSE,京华激光,yang4,2025-06-11,29.69,-0.061973728528123995,False,0.0,next_close_fail,2025-06-11,13:45,26.99
603617.SSE,君禾股份,yang4,2025-01-20,8.28,-0.041062801932367,True,0.003984063745019917,next_close_fail,2025-01-20,14:45,7.56
603618.SSE,杭电股份,yang4,2026-02-27,18.15,0.009917355371900749,True,-0.06909090909090909,next_close_fail,2026-02-27,10:45,15.36
603626.SSE,科森科技,yang4,2024-10-08,10.0,-0.09999999999999998,True,0.09570957095709587,next_close_fail,2024-10-08,15:00,9.96
603657.SSE,春光科技,yang4,2025-06-04,24.7,0.12753036437246967,False,0.0008908685968820329,break_close,2025-06-04,14:45,22.47
603667.SSE,五洲新春,yang4,2024-12-12,32.23,-0.009928637914985883,True,-0.03583617747440271,break_close,2024-12-12,11:15,28.25
603677.SSE,奇精机械,yang4,2025-04-01,26.16,-0.13990825688073394,False,0.0,next_close_fail,2025-04-01,14:00,23.78
603677.SSE,奇精机械,yang4,2025-04-18,21.87,0.0022862368541380906,True,-0.016599597585512993,next_close_fail,2025-04-18,11:00,19.55
603686.SSE,福龙马,yang4,2025-10-29,26.66,0.14141035258814694,False,0.013201320132013139,break_close,2025-10-29,10:30,24.56
603687.SSE,大胜达,yang4,2026-03-26,16.5,-0.052727272727272734,True,0.014666666666666606,next_close_fail,2026-03-26,10:30,15.22
603696.SSE,安记食品,yang4,2025-04-29,17.63,-0.17016449234259778,False,-0.014348097317529618,next_close_fail,2025-04-29,09:45,15.8
603696.SSE,安记食品,yang4,2026-01-08,23.16,0.03626943005181338,True,0.0038004750593823022,next_close_fail,2026-01-08,14:00,21.13
603716.SSE,塞力医疗,yang4,2025-07-10,25.61,0.004685669660289049,True,-0.010738831615120237,next_close_fail,2025-07-10,09:45,23.03
603716.SSE,塞力医疗,yang4,2025-07-25,33.44,-0.008672248803827776,False,-0.013157894736842035,next_close_fail,2025-07-25,10:15,30.0
603717.SSE,天域生物,yang4,2024-12-27,8.71,-0.04707233065442018,False,0.0012626262626262985,next_close_fail,2024-12-27,13:45,7.93
603767.SSE,中马传动,yang4,2025-08-13,35.09,-0.06953548019378752,True,-0.0351097178683385,next_close_fail,2025-08-13,14:00,30.78
603767.SSE,中马传动,yang4,2025-08-26,36.93,-0.08015163823449767,True,-0.026511766458147124,next_close_fail,2025-08-26,10:45,32.68
603773.SSE,沃格光电,yang4,2026-08-17,104.49,0.07187290649822953,True,0.01947573428781979,next_close_fail,2026-08-17,09:45,96.84
603778.SSE,国晟科技,yang4,2025-11-27,10.54,0.24383301707779892,True,0.06367432150313146,break_close,2025-11-27,09:45,10.19
603778.SSE,国晟科技,yang4,2025-12-11,14.23,-0.12157413914265636,False,0.018547140649149974,next_close_fail,2025-12-11,11:00,13.18
603839.SSE,安正时尚,yang4,2025-10-10,9.42,-0.018046709129511673,True,-0.001168224299065379,next_close_fail,2025-10-10,09:45,8.55
603859.SSE,能科科技,yang4,2024-11-14,32.88,-0.07390510948905116,False,0.0020073603211776536,next_close_fail,2024-11-14,13:15,29.95
603881.SSE,数据港,yang4,2025-03-06,40.46,-0.029906080079090458,False,0.011419249592169667,next_close_fail,2025-03-06,14:45,37.2
603883.SSE,老百姓,yang4,2024-09-19,14.61,-0.029431895961670063,True,-0.009789156626505924,next_close_fail,2024-09-19,10:00,13.15
603950.SSE,长源东谷,yang4,2026-04-23,69.82,-0.12088226869091934,False,0.039073578068378856,next_close_fail,2026-04-23,09:45,65.95
603950.SSE,长源东谷,yang4,2026-05-07,63.8,0.07366771159874608,True,0.005344827586206913,next_close_fail,2026-05-07,11:00,58.31
603950.SSE,长源东谷,yang4,2026-05-12,77.06,-0.002984687256683105,False,0.0,next_close_fail,2026-05-12,10:45,70.05
603958.SSE,哈森股份,yang4,2024-11-12,15.71,-0.052832590706556326,True,0.036414565826330625,next_close_fail,2024-11-12,09:45,14.8
605099.SSE,共创草坪,yang4,2025-06-09,40.18,0.11075161772025899,True,0.06761565836298922,break_close,2025-06-09,09:45,39.0
605136.SSE,丽人丽妆,yang4,2025-05-23,14.51,-0.000689179875947632,True,0.0,next_close_fail,2025-05-23,14:45,13.19
605136.SSE,丽人丽妆,yang4,2025-05-29,16.96,-0.16686320754716977,False,0.03761348897535677,next_close_fail,2025-05-29,11:15,16.0
605178.SSE,时空科技,yang4,2025-11-07,83.6,-0.11244019138755967,False,-0.02210526315789485,next_close_fail,2025-11-07,11:30,74.32
605178.SSE,时空科技,yang4,2025-11-17,84.05,-0.06270077334919688,True,0.04462766653579364,next_close_fail,2025-11-17,09:45,79.82
605179.SSE,一鸣食品,yang4,2026-08-10,25.12,0.2703025477707006,True,-0.0017513134851138146,break_close,2026-08-10,10:00,22.8
605188.SSE,国光连锁,yang4,2025-05-16,13.31,0.07287753568745292,True,0.0008264462809917106,break_close,2025-05-16,14:45,12.11
605255.SSE,天普股份,yang4,2025-10-22,92.18,0.03677587329138632,True,0.009546539379474916,next_close_fail,2025-10-22,10:45,84.6
605255.SSE,天普股份,yang4,2025-11-05,98.02,-0.05386655784533767,True,0.06609808102345416,next_close_fail,2025-11-05,11:30,95.0
605286.SSE,同力天启,yang4,2026-08-24,27.41,-0.015322874863188729,True,0.02728731942215079,next_close_fail,2026-08-24,09:45,25.6
605287.SSE,德才股份,yang4,2026-03-10,51.54,-0.01571594877764848,True,0.006830309498399245,next_close_fail,2026-03-10,10:15,47.17
605303.SSE,园林股份,yang4,2025-09-12,17.08,0.10889929742388782,True,0.004507405022537103,break_close,2025-09-12,15:00,15.6
605388.SSE,均瑶健康,yang4,2025-06-09,12.05,-0.045643153526971014,True,-0.045662100456621,next_close_fail,2025-06-09,11:30,10.45
