代码,名称,买入日,组,N,阴阳,首板日,地基涨跌%,距60日新高%,距60日低点%,均线,地基前20日涨幅%,距前波末板,前波60日最高板,前波120日最高板,b1日,b1板型,b1开盘%,b1下影%,b1换手%,b2日,b2板型,b2开盘%,b2下影%,b2换手%,链,买价,买入开盘%,买入换手%,买入量比,买入日涨停家数,昨日涨停家数,封住,次日开%,次日收%,次日连板,持有到断板%,持有天数,未完,最终高度,结果,坏票,月,年,b3日,b3板型,b3开盘%,b3下影%,b3换手%,四组
000002.SZSE,万 科Ａ,2024-09-30,二接三,2,阳,2024-09-26,2.67,-4.8,18.3,++-,11.9,,0,0,09-26,实体,-1.2,0.0,5.4,09-27,实体,6.0,0.2,7.2,实体-1→实体+6,9.72,9.95,6.0,1.15,626,107,True,9.98,6.79,False,6.79,1.0,False,3,封次日正,False,2024-09,2024,,,,,,二接三阳
000002.SZSE,万 科Ａ,2024-10-08,三接四,3,阳,2024-09-26,2.67,-4.8,18.3,++-,11.9,,0,0,09-26,实体,-1.2,0.0,5.4,09-27,实体,6.0,0.2,7.2,实体-1→实体+6→下影+10,10.69,9.98,11.3,1.66,352,626,False,-8.42,-12.63,False,-12.63,1.0,False,3,炸板,True,2024-10,2024,09-30,下影,10.0,5.1,6.0,三接四阳
000006.SZSE,深振业Ａ,2024-10-22,二接三,2,阴,2024-10-18,-4.01,-9.6,63.1,+++,37.6,217.0,0,0,10-18,下影,0.0,0.7,4.9,10-21,下影,4.4,3.3,10.0,下影+0→下影+4,7.63,-0.86,5.1,0.75,85,89,True,1.83,-4.46,False,-4.46,1.0,False,3,封次日负,True,2024-10,2024,,,,,,二接三阴
000006.SZSE,深振业Ａ,2025-10-14,二接三,2,阳,2025-10-10,5.44,-2.3,78.2,+++,49.2,232.0,0,0,10-10,下影,-1.0,0.6,8.4,10-13,实体,2.2,0.1,4.3,下影-1→实体+2,14.44,9.9,16.8,2.05,34,48,False,-9.63,-14.06,False,-14.06,1.0,False,2,炸板,True,2025-10,2025,,,,,,二接三阳
000008.SZSE,神州高铁,2024-03-12,三接四,3,阳,2024-03-07,0.0,-15.8,13.3,++-,-3.2,,0,0,03-07,实体,0.0,0.0,3.1,03-08,下影,1.3,3.8,9.3,实体+0→下影+1→一字+10,3.11,6.71,19.5,2.91,57,69,False,-11.25,-13.83,False,-13.83,1.0,False,3,炸板,True,2024-03,2024,03-11,一字,10.1,0.0,1.2,三接四阳
000008.SZSE,神州高铁,2026-04-01,二接三,2,阳,2026-03-30,1.12,-18.7,6.3,---,-10.3,316.0,0,0,03-30,下影,-1.1,0.4,5.0,03-31,下影,9.4,4.0,6.0,下影-1→下影+9,3.6,10.09,24.3,3.25,49,44,False,-10.0,-13.33,False,-13.33,1.0,False,2,炸板,True,2026-04,2026,,,,,,二接三阳
000011.SZSE,深物业A,2026-07-27,二接三,2,阳,2026-07-23,0.59,-21.0,10.5,+--,-2.6,228.0,0,0,07-23,实体,0.0,0.3,2.4,07-24,下影,5.2,2.1,4.8,实体+0→下影+5,9.09,1.57,10.4,2.53,101,36,False,-8.91,-16.94,False,-16.94,1.0,False,2,炸板,True,2026-07,2026,,,,,,二接三阳
000017.SZSE,深中华A,2026-08-25,三接四,3,阴,2026-08-20,-2.65,-12.0,20.5,-++,13.8,37.0,2,2,08-20,实体,0.7,0.0,2.4,08-21,下影,10.1,6.3,9.4,实体+1→下影+10→一字+10,8.6,9.97,13.1,2.3,58,41,True,2.79,10.0,True,30.35,4.0,False,7,连板,False,2026-08,2026,08-24,一字,10.0,0.0,2.0,三接四阴
000020.SZSE,深华发Ａ,2023-07-10,二接三,2,阴,2023-07-06,-5.31,-7.0,31.3,+++,7.3,,0,0,07-06,实体,-1.5,0.3,5.5,07-07,下影,6.8,3.3,6.1,实体-2→下影+7,15.92,7.12,4.8,0.73,31,18,True,4.27,-9.74,False,-9.74,1.0,False,3,封次日负,True,2023-07,2023,,,,,,二接三阴
000020.SZSE,深华发Ａ,2024-01-17,二接三,2,阳,2024-01-15,0.0,-5.7,17.4,-+-,-1.7,128.0,0,0,01-15,下影,-1.5,0.6,10.9,01-16,下影,0.8,4.1,12.6,下影-2→下影+1,16.62,3.51,17.1,2.01,30,29,True,-4.33,-9.99,False,-9.99,1.0,False,3,封次日负,True,2024-01,2024,,,,,,二接三阳
000020.SZSE,深华发Ａ,2024-01-26,二接三,2,阴,2024-01-24,2.49,-6.9,31.7,+++,26.8,5.0,3,3,01-24,实体,-9.4,0.0,16.9,01-25,下影,4.5,0.6,7.3,实体-9→下影+5,20.83,5.12,24.2,1.59,49,90,True,-9.99,-9.99,False,-9.99,1.0,False,3,封次日负,True,2024-01,2024,,,,,,二接三阴
000020.SZSE,深华发Ａ,2025-06-19,二接三,2,阳,2025-06-17,1.21,-11.4,35.9,+++,5.3,181.0,0,0,06-17,下影,0.0,0.6,5.1,06-18,下影,0.9,3.6,14.9,下影+0→下影+1,16.68,5.01,22.7,2.45,26,29,False,-16.01,-18.17,False,-18.17,1.0,False,2,炸板,True,2025-06,2025,,,,,,二接三阳
000025.SZSE,特 力Ａ,2024-10-29,二接三,2,阴,2024-10-25,-1.74,-11.8,25.0,+++,17.0,,0,0,10-25,下影,5.4,1.2,4.3,10-28,下影,10.0,1.6,3.3,下影+5→下影+10,21.79,9.99,17.2,2.83,93,179,False,-11.01,-12.21,False,-12.21,1.0,False,2,炸板,True,2024-10,2024,,,,,,二接三阴
000025.SZSE,特 力Ａ,2025-04-18,二接三,2,阴,2025-04-16,-1.61,-17.8,14.9,--+,-5.0,114.0,0,2,04-16,实体,0.6,0.2,4.9,04-17,下影,7.8,3.0,15.3,实体+1→下影+8,21.19,4.78,19.8,2.25,50,78,True,-4.01,-5.19,False,-5.19,1.0,False,3,封次日负,True,2025-04,2025,,,,,,二接三阴
000026.SZSE,飞亚达,2025-07-01,三接四,3,阳,2025-06-26,3.04,-20.5,32.1,---,-16.2,,0,0,06-26,下影,-0.4,0.3,7.2,06-27,下影,0.2,3.0,14.4,下影-0→下影+0→一字+10,17.4,9.99,23.4,2.22,49,63,False,-6.44,4.37,True,8.05,2.0,False,5,炸板,False,2025-07,2025,06-30,一字,10.0,0.0,2.3,三接四阳
000029.SZSE,深深房Ａ,2024-09-30,二接三,2,阳,2024-09-26,0.93,-1.7,29.8,+++,21.8,,0,0,09-26,实体,-0.2,0.0,1.4,09-27,下影,4.6,1.7,2.6,实体-0→下影+5,17.28,5.03,6.3,2.61,626,107,False,1.27,-10.01,False,-10.01,1.0,False,2,炸板,True,2024-09,2024,,,,,,二接三阳
000032.SZSE,深桑达Ａ,2024-10-08,二接三,2,阳,2024-09-27,4.0,-8.3,19.9,+++,17.3,,0,0,09-27,实体,1.3,0.0,4.7,09-30,下影,8.0,5.6,8.8,实体+1→下影+8,19.04,9.99,9.3,1.6,352,626,True,-1.79,-0.68,False,-0.68,1.0,False,3,封次日负,True,2024-10,2024,,,,,,二接三阳
000032.SZSE,深桑达Ａ,2026-06-15,二接三,2,阳,2026-06-11,0.64,-26.7,4.5,---,-18.8,315.0,0,0,06-11,下影,1.0,2.2,3.3,06-12,下影,1.2,4.7,9.7,下影+1→下影+1,20.81,1.48,9.2,1.8,127,83,True,3.17,10.0,True,11.58,2.0,False,4,连板,False,2026-06,2026,,,,,,二接三阳
000032.SZSE,深桑达Ａ,2026-06-16,三接四,3,阳,2026-06-11,0.64,-26.7,4.5,---,-18.8,315.0,0,0,06-11,下影,1.0,2.2,3.3,06-12,下影,1.2,4.7,9.7,下影+1→下影+1→下影+1,22.89,3.17,9.3,1.38,105,127,True,1.4,1.44,False,1.44,1.0,False,4,封次日正,False,2026-06,2026,06-15,下影,1.5,2.4,9.2,三接四阳
000037.SZSE,深南电A,2023-06-27,二接三,2,阴,2023-06-21,-2.36,-13.9,24.5,-++,11.4,,0,0,06-21,实体,-0.2,0.1,14.5,06-26,下影,3.7,0.3,11.6,实体-0→下影+4,11.57,9.98,25.5,1.98,48,32,True,0.17,10.03,True,14.26,2.0,False,4,连板,False,2023-06,2023,,,,,,二接三阴
000037.SZSE,深南电A,2023-06-28,三接四,3,阴,2023-06-21,-2.36,-13.9,24.5,-++,11.4,,0,0,06-21,实体,-0.2,0.1,14.5,06-26,下影,3.7,0.3,11.6,实体-0→下影+4→下影+10,12.73,0.17,14.0,0.99,28,48,True,4.56,3.85,False,3.85,1.0,False,4,封次日正,False,2023-06,2023,06-27,下影,10.0,3.5,25.5,三接四阴
000037.SZSE,深南电A,2024-01-31,二接三,2,阴,2024-01-29,-6.05,-11.1,20.4,+++,16.1,146.0,0,0,01-29,下影,-1.6,0.4,9.7,01-30,实体,4.7,0.1,6.0,下影-2→实体+5,12.39,10.04,29.3,1.89,24,18,False,-23.49,-25.83,False,-25.83,1.0,False,2,炸板,True,2024-01,2024,,,,,,二接三阴
000042.SZSE,中洲控股,2024-03-13,二接三,2,阳,2024-03-11,0.49,-39.6,38.9,-+-,-11.1,,0,0,03-11,下影,0.2,0.7,4.0,03-12,下影,-0.4,5.4,7.4,下影+0→下影-0,5.42,-4.67,8.8,1.96,51,57,False,-12.55,-13.65,False,-13.65,1.0,False,2,炸板,True,2024-03,2024,,,,,,二接三阳
000045.SZSE,深纺织Ａ,2024-10-29,二接三,2,阳,2024-10-25,2.01,-8.3,36.5,+++,21.0,33.0,2,2,10-25,实体,5.0,0.0,2.3,10-28,一字,10.0,0.0,1.4,实体+5→一字+10,12.8,9.97,13.6,2.93,93,179,True,3.36,2.58,False,2.58,1.0,False,3,封次日正,False,2024-10,2024,,,,,,二接三阳
000045.SZSE,深纺织Ａ,2024-10-30,三接四,3,阳,2024-10-25,2.01,-8.3,36.5,+++,21.0,33.0,2,2,10-25,实体,5.0,0.0,2.3,10-28,一字,10.0,0.0,1.4,实体+5→一字+10→下影+10,14.08,3.36,24.0,2.68,118,93,False,-8.88,-2.13,False,-2.13,1.0,False,3,炸板,True,2024-10,2024,10-29,下影,10.0,6.6,13.6,三接四阳
000048.SZSE,京基智农,2026-06-11,二接三,2,阳,2026-06-09,4.54,-39.2,18.6,+--,-2.8,89.0,0,2,06-09,下影,3.1,2.1,5.5,06-10,下影,8.8,3.8,5.6,下影+3→下影+9,19.61,6.28,5.5,1.15,55,63,True,-1.12,-3.57,False,-3.57,1.0,False,3,封次日负,True,2026-06,2026,,,,,,二接三阳
000058.SZSE,深 赛 格,2024-10-29,二接三,2,阳,2024-10-25,1.51,-17.6,46.7,+++,21.0,30.0,2,2,10-25,一字,10.0,0.0,1.1,10-28,一字,10.0,0.0,1.3,一字+10→一字+10,9.82,9.97,9.0,2.7,93,179,True,-3.26,9.98,True,12.02,2.0,False,4,连板,False,2024-10,2024,,,,,,二接三阳
000058.SZSE,深 赛 格,2024-10-30,三接四,3,阳,2024-10-25,1.51,-17.6,46.7,+++,21.0,30.0,2,2,10-25,一字,10.0,0.0,1.1,10-28,一字,10.0,0.0,1.3,一字+10→一字+10→下影+10,10.8,-3.26,14.0,2.47,118,93,True,0.0,1.85,False,1.85,1.0,False,4,封次日正,False,2024-10,2024,10-29,下影,10.0,4.1,9.0,三接四阳
000061.SZSE,农 产 品,2025-08-29,二接三,2,阳,2025-08-27,1.61,-0.9,11.4,+++,6.3,,0,0,08-27,下影,1.1,0.6,2.8,08-28,下影,5.1,1.6,4.4,下影+1→下影+5,9.27,-0.95,7.9,2.34,55,47,False,-9.39,-9.92,False,-9.92,1.0,False,2,炸板,True,2025-08,2025,,,,,,二接三阳
000062.SZSE,深圳华强,2024-08-20,三接四,3,阳,2024-08-15,1.28,-14.3,7.0,-+-,0.6,,0,0,08-15,下影,0.9,1.0,2.6,08-16,下影,1.6,0.8,3.4,下影+1→下影+2→一字+10,12.75,10.01,4.6,1.85,17,29,True,9.8,10.04,True,83.92,7.0,False,10,连板,False,2024-08,2024,08-19,一字,10.0,0.0,0.6,三接四阳
000062.SZSE,深圳华强,2024-09-03,二接三,2,阴,2024-08-30,3.81,-5.6,188.1,+++,159.7,2.0,10,10,08-30,下影,3.4,1.6,9.4,09-02,下影,8.5,3.2,11.1,下影+3→下影+9,31.22,-1.34,9.5,0.83,33,24,True,5.64,9.99,True,19.8,4.0,False,6,连板,False,2024-09,2024,,,,,,二接三阴
000062.SZSE,深圳华强,2024-09-04,三接四,3,阴,2024-08-30,3.81,-5.6,188.1,+++,159.7,2.0,10,10,08-30,下影,3.4,1.6,9.4,09-02,下影,8.5,3.2,11.1,下影+3→下影+9→下影-1,34.34,5.64,13.0,1.1,31,33,True,3.7,9.99,True,8.91,3.0,False,6,连板,False,2024-09,2024,09-03,下影,-1.3,1.8,9.5,三接四阴
000066.SZSE,中国长城,2024-10-31,二接三,2,阳,2024-10-29,4.74,-2.6,58.6,+++,40.2,,0,0,10-29,下影,-0.2,2.5,12.9,10-30,下影,5.0,1.2,4.6,下影-0→下影+5,15.87,9.98,15.1,1.7,141,118,True,4.66,10.02,True,-0.19,2.0,False,4,连板,False,2024-10,2024,,,,,,二接三阳
000066.SZSE,中国长城,2024-11-01,三接四,3,阳,2024-10-29,4.74,-2.6,58.6,+++,40.2,,0,0,10-29,下影,-0.2,2.5,12.9,10-30,下影,5.0,1.2,4.6,下影-0→下影+5→下影+10,17.46,4.66,26.7,2.04,74,141,True,0.06,-9.28,False,-9.28,1.0,False,4,封次日负,True,2024-11,2024,10-31,下影,10.0,4.3,15.1,三接四阳
000066.SZSE,中国长城,2024-11-08,二接三,2,阳,2024-11-06,6.06,-6.5,123.4,+++,49.1,3.0,4,4,11-06,下影,-4.1,2.9,26.8,11-07,下影,-1.0,3.7,26.8,下影-4→下影-1,22.36,3.3,16.3,0.71,95,157,True,-1.61,3.94,False,3.94,1.0,False,3,封次日正,False,2024-11,2024,,,,,,二接三阳
000066.SZSE,中国长城,2026-05-07,二接三,2,阳,2026-04-30,1.07,-1.0,27.3,+++,22.5,257.0,0,0,04-30,下影,5.4,3.4,13.4,05-06,一字,10.0,0.0,1.2,下影+5→一字+10,23.98,6.83,15.8,1.44,91,88,True,-0.83,-3.71,False,-3.71,1.0,False,3,封次日负,True,2026-05,2026,,,,,,二接三阳
000068.SZSE,华控赛格,2024-01-26,二接三,2,阳,2024-01-24,0.98,-9.0,21.4,+++,18.6,3.0,2,2,01-24,下影,-3.1,0.5,11.7,01-25,一字,10.1,0.0,1.7,下影-3→一字+10,5.51,9.38,17.6,1.51,49,90,True,0.0,9.98,True,-1.09,2.0,False,4,连板,False,2024-01,2024,,,,,,二接三阳
000068.SZSE,华控赛格,2024-01-29,三接四,3,阳,2024-01-24,0.98,-9.0,21.4,+++,18.6,3.0,2,2,01-24,下影,-3.1,0.5,11.7,01-25,一字,10.1,0.0,1.7,下影-3→一字+10→下影+9,6.06,0.0,23.5,1.76,25,49,True,-0.99,-10.07,False,-10.07,1.0,False,4,封次日负,True,2024-01,2024,01-26,下影,9.4,16.0,17.6,三接四阳
000069.SZSE,华侨城Ａ,2024-10-08,三接四,3,阳,2024-09-26,4.78,-4.8,23.7,++-,15.3,,0,0,09-26,下影,0.5,0.5,3.9,09-27,一字,10.0,0.0,0.8,下影+0→一字+10→一字+10,3.21,9.93,8.7,2.6,352,626,True,-6.54,-9.97,False,-9.97,1.0,False,4,封次日负,True,2024-10,2024,09-30,一字,10.2,0.0,0.3,三接四阳
000070.SZSE,特发信息,2024-01-24,二接三,2,阳,2024-01-22,0.28,-30.6,4.0,---,-11.4,159.0,0,0,01-22,下影,-0.1,0.4,9.8,01-23,下影,-1.0,2.0,6.8,下影-0→下影-1,9.58,9.53,10.5,1.78,64,37,True,10.02,10.02,True,8.98,3.0,False,5,连板,False,2024-01,2024,,,,,,二接三阳
000070.SZSE,特发信息,2025-11-25,二接三,2,阳,2025-11-21,3.26,-26.2,3.8,+-+,-8.7,57.0,2,2,11-21,实体,-2.3,0.0,8.6,11-24,下影,5.3,4.0,18.0,实体-2→下影+5,12.65,5.22,7.8,0.97,64,56,True,7.91,10.04,True,14.15,2.0,False,4,连板,False,2025-11,2025,,,,,,二接三阳
000070.SZSE,特发信息,2025-11-26,三接四,3,阳,2025-11-21,3.26,-26.2,3.8,+-+,-8.7,57.0,2,2,11-21,实体,-2.3,0.0,8.6,11-24,下影,5.3,4.0,18.0,实体-2→下影+5→下影+5,13.92,7.91,25.8,2.03,54,64,True,-2.44,3.74,False,3.74,1.0,False,4,封次日正,False,2025-11,2025,11-25,下影,5.2,0.7,7.8,三接四阳
000070.SZSE,特发信息,2026-02-12,二接三,2,阳,2026-02-10,2.45,-7.4,59.8,+++,11.2,52.0,4,4,02-10,下影,5.8,1.2,4.4,02-11,一字,10.0,0.0,1.2,下影+6→一字+10,19.5,9.98,19.6,1.51,55,46,True,-2.56,-10.0,False,-10.0,1.0,False,3,封次日负,True,2026-02,2026,,,,,,二接三阳
000099.SZSE,中信海直,2024-04-01,三接四,3,阴,2024-03-27,-1.17,-16.8,62.9,-++,20.4,10.0,2,2,03-27,下影,-0.8,4.0,14.3,03-28,一字,10.0,0.0,2.2,下影-1→一字+10→一字+10,17.29,8.14,34.4,2.85,67,56,True,0.0,-2.43,False,-2.43,1.0,False,4,封次日负,True,2024-04,2024,03-29,一字,10.0,0.0,1.1,三接四阴
000099.SZSE,中信海直,2024-04-19,二接三,2,阳,2024-04-17,0.84,-11.2,130.8,+++,35.9,10.0,4,4,04-17,实体,-0.2,0.1,14.5,04-18,下影,7.9,2.5,22.9,实体-0→下影+8,22.26,3.75,20.2,0.84,41,52,True,5.57,-7.82,False,-7.82,1.0,False,3,封次日负,True,2024-04,2024,,,,,,二接三阳
000099.SZSE,中信海直,2024-07-31,二接三,2,阳,2024-07-29,1.43,-38.0,3.6,---,-8.3,67.0,0,4,07-29,下影,-0.5,0.6,9.1,07-30,下影,3.7,0.7,19.0,下影-0→下影+4,19.83,0.78,32.6,2.3,74,51,False,-6.3,0.35,False,0.35,1.0,False,2,炸板,False,2024-07,2024,,,,,,二接三阳
000100.SZSE,TCL科技,2024-11-01,二接三,2,阴,2024-10-30,-1.35,-13.1,23.0,+-+,14.1,,0,0,10-30,下影,-0.7,0.7,10.2,10-31,下影,3.9,3.1,15.7,下影-1→下影+4,5.83,10.0,21.2,2.01,74,141,False,-14.07,-12.18,False,-12.18,1.0,False,2,炸板,True,2024-11,2024,,,,,,二接三阴
000151.SZSE,中成股份,2024-01-29,三接四,3,阳,2024-01-24,0.84,-30.5,2.8,---,-13.6,,0,0,01-24,实体,0.6,0.2,6.0,01-25,下影,10.0,4.1,5.9,实体+1→下影+10→一字+10,14.11,1.17,29.0,3.25,25,49,True,-7.02,-9.99,False,-9.99,1.0,False,4,封次日负,True,2024-01,2024,01-26,一字,10.0,0.0,1.6,三接四阳
000158.SZSE,常山北明,2024-10-10,三接四,3,阴,2024-09-30,-2.91,-9.8,122.0,+++,71.5,5.0,2,2,09-30,实体,2.2,0.1,23.8,10-08,一字,10.0,0.0,0.9,实体+2→一字+10→一字+10,17.56,10.03,45.3,2.12,51,29,False,-12.36,0.74,False,0.74,1.0,False,3,炸板,False,2024-10,2024,10-09,一字,10.0,0.0,1.2,三接四阴
000402.SZSE,金 融 街,2026-05-06,二接三,2,阴,2026-04-29,-0.76,-18.6,6.9,-++,1.9,12.0,2,2,04-29,一字,9.9,0.0,0.8,04-30,下影,8.0,3.1,4.1,一字+10→下影+8,3.49,0.0,7.2,2.59,88,69,True,-1.72,-4.01,False,-4.01,1.0,False,3,封次日负,True,2026-05,2026,,,,,,二接三阴
000409.SZSE,云鼎科技,2023-12-13,二接三,2,阳,2023-12-11,1.49,-6.5,15.4,+-+,4.9,,0,0,12-11,下影,0.6,0.5,9.5,12-12,下影,8.1,1.4,8.0,下影+1→下影+8,10.9,7.87,34.9,3.05,32,32,True,0.09,4.13,False,4.13,1.0,False,3,封次日正,False,2023-12,2023,,,,,,二接三阳
000409.SZSE,云鼎科技,2023-12-14,三接四,3,阳,2023-12-11,1.49,-6.5,15.4,+-+,4.9,,0,0,12-11,下影,0.6,0.5,9.5,12-12,下影,8.1,1.4,8.0,下影+1→下影+8→下影+8,11.99,0.09,47.0,2.28,34,32,False,-8.34,-14.26,False,-14.26,1.0,False,3,炸板,True,2023-12,2023,12-13,下影,7.9,6.1,34.9,三接四阳
000409.SZSE,云鼎科技,2025-03-05,二接三,2,阴,2025-03-03,-6.08,-19.6,20.4,+++,2.4,291.0,0,0,03-03,下影,0.6,0.4,8.9,03-04,实体,1.6,0.3,12.4,下影+1→实体+2,12.95,10.03,38.3,2.51,55,61,True,10.04,10.04,True,8.96,3.0,False,5,连板,False,2025-03,2025,,,,,,二接三阴
000417.SZSE,合百集团,2026-05-20,二接三,2,阴,2026-05-18,-4.16,-15.8,14.6,+++,7.8,180.0,0,0,05-18,一字,10.1,0.0,1.2,05-19,一字,10.0,0.0,3.3,一字+10→一字+10,9.53,9.12,12.6,2.03,51,75,True,9.97,-2.31,False,-2.31,1.0,False,3,封次日负,True,2026-05,2026,,,,,,二接三阴
000417.SZSE,合百集团,2026-05-21,三接四,3,阴,2026-05-18,-4.16,-15.8,14.6,+++,7.8,180.0,0,0,05-18,一字,10.1,0.0,1.2,05-19,一字,10.0,0.0,3.3,一字+10→一字+10→下影+9,10.48,9.97,30.3,2.84,32,51,False,-6.49,-2.29,True,-1.24,2.0,False,5,炸板,True,2026-05,2026,05-20,下影,9.1,3.3,12.6,三接四阴
000420.SZSE,吉林化纤,2025-05-16,二接三,2,阴,2025-05-14,-2.1,-10.8,21.1,++-,9.4,,0,0,05-14,下影,2.9,1.1,12.7,05-15,下影,3.4,0.5,11.0,下影+3→下影+3,4.96,3.77,29.9,2.44,51,40,False,-7.46,1.61,True,-6.25,2.0,False,4,炸板,False,2025-05,2025,,,,,,二接三阴
000421.SZSE,南京公用,2023-12-12,二接三,2,阴,2023-12-08,-4.17,-10.7,23.7,+++,9.3,,0,0,12-08,实体,0.2,0.0,3.6,12-11,下影,9.5,2.4,5.3,实体+0→下影+9,7.66,7.18,23.4,2.12,32,33,True,1.83,9.27,False,9.27,1.0,False,3,封次日正,False,2023-12,2023,,,,,,二接三阴
000421.SZSE,南京公用,2023-12-13,三接四,3,阴,2023-12-08,-4.17,-10.7,23.7,+++,9.3,,0,0,12-08,实体,0.2,0.0,3.6,12-11,下影,9.5,2.4,5.3,实体+0→下影+9→下影+7,8.43,1.83,22.9,1.77,32,32,False,-5.1,4.86,False,4.86,1.0,False,3,炸板,False,2023-12,2023,12-12,下影,7.2,8.8,23.4,三接四阴
000421.SZSE,南京公用,2024-07-18,二接三,2,阴,2024-07-16,-4.67,-20.5,13.8,++-,3.1,142.0,0,0,07-16,下影,-1.1,0.6,13.8,07-17,下影,1.4,0.8,14.8,下影-1→下影+1,6.26,-0.53,24.7,1.91,29,19,False,-14.54,-14.54,False,-14.54,1.0,False,2,炸板,True,2024-07,2024,,,,,,二接三阴
000421.SZSE,南京公用,2024-07-31,二接三,2,阴,2024-07-29,-2.19,-21.4,14.7,-++,10.8,8.0,2,2,07-29,实体,0.6,0.2,10.0,07-30,实体,1.7,0.2,14.5,实体+1→实体+2,6.55,2.52,22.4,1.64,74,51,False,-15.42,-12.98,False,-12.98,1.0,False,2,炸板,True,2024-07,2024,,,,,,二接三阴
000421.SZSE,南京公用,2025-01-15,三接四,3,阴,2024-12-26,-6.36,-32.1,21.2,--+,-16.3,20.0,2,2,12-26,下影,3.1,1.4,3.4,01-13,一字,10.0,0.0,0.7,下影+3→一字+10→一字+10,8.62,9.95,21.8,3.55,54,111,False,-16.36,-17.52,False,-17.52,1.0,False,3,炸板,True,2025-01,2025,01-14,一字,10.0,0.0,0.4,三接四阴
000428.SZSE,华天酒店,2026-07-29,二接三,2,阴,2026-07-27,-1.94,-23.0,2.0,---,-2.3,,0,0,07-27,下影,6.9,3.0,3.5,07-28,实体,2.4,0.0,3.1,下影+7→实体+2,4.04,10.08,4.3,1.68,73,57,True,9.9,-5.2,False,-5.2,1.0,False,3,封次日负,True,2026-07,2026,,,,,,二接三阴
000428.SZSE,华天酒店,2026-07-30,三接四,3,阴,2026-07-27,-1.94,-23.0,2.0,---,-2.3,,0,0,07-27,下影,6.9,3.0,3.5,07-28,实体,2.4,0.0,3.1,下影+7→实体+2→下影+10,4.44,9.9,10.7,2.39,46,73,False,-14.86,-5.18,True,-10.14,2.0,False,5,炸板,True,2026-07,2026,07-29,下影,10.1,6.0,4.3,三接四阴
000503.SZSE,国新健康,2024-10-09,二接三,2,阳,2024-09-30,6.93,-2.7,36.1,+++,29.8,,0,0,09-30,下影,5.9,3.3,5.3,10-08,下影,10.0,5.5,5.2,下影+6→下影+10,11.3,7.11,11.9,2.1,29,352,False,-0.18,-11.33,False,-11.33,1.0,False,2,炸板,True,2024-10,2024,,,,,,二接三阳
000504.SZSE,南华生物,2024-05-10,二接三,2,阳,2024-05-08,1.65,-20.1,52.5,+--,-6.7,52.0,2,2,05-08,一字,10.0,0.0,1.4,05-09,一字,10.0,0.0,0.6,一字+10→一字+10,10.67,4.85,14.9,2.96,29,38,False,-13.68,-13.68,False,-13.68,1.0,False,2,炸板,True,2024-05,2024,,,,,,二接三阳
000505.SZSE,京粮控股,2026-08-19,二接三,2,阴,2026-08-17,-0.71,-10.5,14.0,-++,3.5,326.0,0,0,08-17,实体,1.1,0.0,3.7,08-18,下影,0.8,1.8,12.2,实体+1→下影+1,7.47,2.06,10.7,1.83,32,70,True,-7.9,0.27,False,0.27,1.0,False,3,封次日正,False,2026-08,2026,,,,,,二接三阴
000506.SZSE,招金黄金,2024-04-08,二接三,2,阴,2024-04-02,0.49,-7.6,66.3,+++,19.3,,0,0,04-02,下影,-1.2,0.5,22.7,04-03,下影,2.9,3.1,22.9,下影-1→下影+3,5.51,5.79,13.3,0.81,51,42,True,-0.18,-4.54,False,-4.54,1.0,False,3,封次日负,True,2024-04,2024,,,,,,二接三阴
000506.SZSE,招金黄金,2026-01-21,二接三,2,阴,2026-01-19,-1.89,-4.7,28.5,+++,7.9,153.0,0,0,01-19,实体,2.3,0.1,7.1,01-20,下影,3.3,2.9,10.7,实体+2→下影+3,19.33,2.5,11.1,1.46,72,50,True,-3.83,0.88,False,0.88,1.0,False,3,封次日正,False,2026-01,2026,,,,,,二接三阴
000506.SZSE,招金黄金,2026-01-28,二接三,2,阴,2026-01-26,-0.1,-5.4,72.4,+++,40.1,3.0,3,3,01-26,实体,3.4,0.0,9.2,01-27,下影,-0.1,2.3,14.3,实体+3→下影-0,25.93,6.49,7.7,0.67,72,46,True,9.99,9.99,True,-1.0,2.0,False,4,连板,False,2026-01,2026,,,,,,二接三阴
000506.SZSE,招金黄金,2026-01-29,三接四,3,阴,2026-01-26,-0.1,-5.4,72.4,+++,40.1,3.0,3,3,01-26,实体,3.4,0.0,9.2,01-27,下影,-0.1,2.3,14.3,实体+3→下影-0→下影+6,28.52,9.99,17.9,1.47,74,72,True,-9.99,-9.99,False,-9.99,1.0,False,4,封次日负,True,2026-01,2026,01-28,下影,6.5,0.8,7.7,三接四阴
000509.SZSE,华塑控股,2024-08-13,三接四,3,阳,2024-08-08,-0.41,-26.4,9.0,++-,1.3,,0,0,08-08,下影,-0.4,1.2,0.6,08-09,下影,10.2,6.4,2.4,下影-0→下影+10→一字+10,3.54,8.39,4.3,2.37,25,23,True,9.89,-8.47,False,-8.47,1.0,False,4,封次日负,True,2024-08,2024,08-12,一字,9.9,0.0,1.5,三接四阳
000509.SZSE,华塑控股,2025-10-23,二接三,2,阳,2025-10-21,2.61,-13.7,4.0,--+,-2.8,285.0,0,0,10-21,下影,0.6,0.6,7.4,10-22,下影,2.3,1.4,8.6,下影+1→下影+2,4.18,2.11,22.3,2.73,49,51,False,-15.07,-14.59,False,-14.59,1.0,False,2,炸板,True,2025-10,2025,,,,,,二接三阳
000509.SZSE,华塑控股,2026-05-27,二接三,2,阳,2026-05-25,3.16,-19.0,22.1,+++,9.8,52.0,2,2,05-25,实体,0.8,0.0,11.9,05-26,实体,0.7,0.0,7.4,实体+1→实体+1,5.21,0.0,22.7,2.14,45,45,True,9.79,9.98,True,-0.96,2.0,False,4,连板,False,2026-05,2026,,,,,,二接三阳
000509.SZSE,华塑控股,2026-05-28,三接四,3,阳,2026-05-25,3.16,-19.0,22.1,+++,9.8,52.0,2,2,05-25,实体,0.8,0.0,11.9,05-26,实体,0.7,0.0,7.4,实体+1→实体+1→下影+0,5.73,9.79,5.7,0.54,88,45,True,9.95,-9.95,False,-9.95,1.0,False,4,封次日负,True,2026-05,2026,05-27,下影,0.0,4.0,22.7,三接四阳
000510.SZSE,新金路,2025-04-15,二接三,2,阳,2025-04-11,6.98,-12.2,17.8,--+,-8.2,,0,0,04-11,下影,9.9,4.2,6.0,04-14,一字,10.0,0.0,2.5,下影+10→一字+10,5.09,9.94,17.6,2.41,44,85,True,6.09,-5.7,False,-5.7,1.0,False,3,封次日负,True,2025-04,2025,,,,,,二接三阳
000510.SZSE,新金路,2025-04-16,三接四,3,阳,2025-04-11,6.98,-12.2,17.8,--+,-8.2,,0,0,04-11,下影,9.9,4.2,6.0,04-14,一字,10.0,0.0,2.5,下影+10→一字+10→下影+10,5.6,6.09,33.7,2.58,40,44,False,-16.07,-5.71,True,-11.96,2.0,False,5,炸板,True,2025-04,2025,04-15,下影,9.9,2.4,17.6,三接四阳
000510.SZSE,新金路,2025-11-27,二接三,2,阳,2025-11-25,0.31,-14.4,28.9,+++,15.2,124.0,0,0,11-25,实体,3.6,0.0,6.3,11-26,实体,10.0,0.1,3.5,实体+4→实体+10,8.49,9.97,15.9,1.76,41,54,True,-3.42,5.65,False,5.65,1.0,False,3,封次日正,False,2025-11,2025,,,,,,二接三阳
000510.SZSE,新金路,2026-05-26,二接三,2,阴,2026-05-22,1.34,-42.2,6.8,-+-,-10.1,55.0,2,3,05-22,下影,2.4,2.2,5.3,05-25,实体,4.6,0.1,19.0,下影+2→实体+5,18.07,0.73,13.6,1.28,45,91,True,2.88,-0.39,False,-0.39,1.0,False,3,封次日负,True,2026-05,2026,,,,,,二接三阴
000510.SZSE,新金路,2026-06-15,二接三,2,阴,2026-06-11,-4.7,-20.3,26.0,-++,-3.6,12.0,3,3,06-11,下影,-0.5,1.6,5.6,06-12,实体,3.4,0.0,12.0,下影-0→实体+3,21.31,9.96,2.7,0.37,127,83,True,3.24,7.7,False,7.7,1.0,False,3,封次日正,False,2026-06,2026,,,,,,二接三阴
000514.SZSE,渝 开 发,2024-05-23,二接三,2,阴,2024-05-21,-5.75,-7.1,32.3,+++,22.4,180.0,0,0,05-21,下影,0.5,0.5,3.5,05-22,下影,6.0,1.0,4.2,下影+1→下影+6,5.03,-7.44,17.6,2.15,16,28,True,-2.98,-9.94,False,-9.94,1.0,False,3,封次日负,True,2024-05,2024,,,,,,二接三阴
000514.SZSE,渝 开 发,2025-07-09,二接三,2,阴,2025-07-07,0.65,-7.0,41.8,+++,1.3,52.0,2,2,07-07,实体,2.1,0.0,4.4,07-08,下影,9.9,5.2,11.3,实体+2→下影+10,6.24,0.0,20.9,2.28,40,57,True,2.24,9.94,True,13.46,2.0,False,4,连板,False,2025-07,2025,,,,,,二接三阴
000514.SZSE,渝 开 发,2025-07-10,三接四,3,阴,2025-07-07,0.65,-7.0,41.8,+++,1.3,52.0,2,2,07-07,实体,2.1,0.0,4.4,07-08,下影,9.9,5.2,11.3,实体+2→下影+10→下影+0,6.86,2.24,9.2,0.88,54,40,True,9.04,3.21,False,3.21,1.0,False,4,封次日正,False,2025-07,2025,07-09,下影,0.0,3.5,20.9,三接四阴
000518.SZSE,四环生物,2026-05-22,二接三,2,阴,2026-05-20,-4.02,-5.8,22.0,+++,0.3,366.0,0,0,05-20,下影,1.6,0.6,6.6,05-21,下影,2.6,3.5,17.9,下影+2→下影+3,4.13,8.53,16.6,1.75,99,32,True,-6.3,9.93,True,-0.97,2.0,False,4,连板,False,2026-05,2026,,,,,,二接三阴
000518.SZSE,四环生物,2026-05-25,三接四,3,阴,2026-05-20,-4.02,-5.8,22.0,+++,0.3,366.0,0,0,05-20,下影,1.6,0.6,6.6,05-21,下影,2.6,3.5,17.9,下影+2→下影+3→下影+9,4.54,-6.3,31.3,2.08,91,99,True,-3.52,-9.91,False,-9.91,1.0,False,4,封次日负,True,2026-05,2026,05-22,下影,8.5,2.7,16.6,三接四阴
000520.SZSE,凤凰航运,2024-10-30,三接四,3,阳,2024-10-25,0.51,-4.3,99.0,+++,74.6,124.0,0,0,10-25,实体,6.3,0.3,7.6,10-28,下影,8.0,3.0,10.3,实体+6→下影+8→一字+10,5.83,0.0,9.7,1.14,118,93,True,9.95,9.95,True,-1.03,2.0,False,5,连板,False,2024-10,2024,10-29,一字,10.0,0.0,2.6,三接四阳
000520.SZSE,凤凰航运,2025-05-15,二接三,2,阳,2025-05-13,2.66,-13.5,34.6,+-+,14.9,124.0,0,0,05-13,下影,2.4,2.2,8.2,05-14,下影,0.0,0.8,18.1,下影+2→下影+0,6.16,5.18,23.9,2.17,40,51,False,-10.55,-14.94,False,-14.94,1.0,False,2,炸板,True,2025-05,2025,,,,,,二接三阳
000526.SZSE,学大教育,2023-05-30,二接三,2,阳,2023-05-26,1.58,-13.5,53.9,-++,47.4,14.0,2,2,05-26,下影,-0.7,1.4,9.1,05-29,下影,7.9,7.4,16.2,下影-1→下影+8,32.51,-1.18,20.7,1.81,33,27,False,-7.69,-11.29,False,-11.29,1.0,False,2,炸板,True,2023-05,2023,,,,,,二接三阳
000530.SZSE,冰山冷热,2024-11-08,二接三,2,阳,2024-11-06,0.64,-2.3,37.3,+++,1.3,,0,0,11-06,下影,1.1,0.4,9.1,11-07,下影,9.4,2.9,7.8,下影+1→下影+9,6.33,10.09,31.0,2.68,95,157,False,-6.16,-5.21,False,-5.21,1.0,False,2,炸板,True,2024-11,2024,,,,,,二接三阳
000530.SZSE,冰山冷热,2025-12-03,二接三,2,阳,2025-12-01,0.65,-20.1,1.8,---,-8.1,232.0,0,0,12-01,下影,0.5,0.5,11.2,12-02,下影,3.2,3.2,26.7,下影+0→下影+3,8.2,0.67,41.2,2.44,46,41,False,-6.1,-10.49,False,-10.49,1.0,False,2,炸板,True,2025-12,2025,,,,,,二接三阳
000532.SZSE,华金资本,2025-02-06,二接三,2,阳,2025-01-27,5.81,-25.5,13.8,+--,-2.4,183.0,0,0,01-27,一字,10.0,0.0,1.8,02-05,一字,10.0,0.0,1.3,一字+10→一字+10,17.69,10.01,23.4,3.3,71,51,True,0.11,4.64,False,4.64,1.0,False,3,封次日正,False,2025-02,2025,,,,,,二接三阳
000533.SZSE,顺钠股份,2025-01-09,二接三,2,阴,2025-01-07,-7.77,-16.1,95.1,+++,45.9,2.0,6,6,01-07,实体,-10.0,0.0,33.4,01-08,下影,-0.8,2.3,36.4,实体-10→下影-1,9.02,3.41,41.5,1.1,77,53,False,-20.18,-23.17,False,-23.17,1.0,False,2,炸板,True,2025-01,2025,,,,,,二接三阴
000533.SZSE,顺钠股份,2025-11-07,二接三,2,阳,2025-11-05,0.42,-11.6,9.9,+-+,8.2,103.0,0,2,11-05,下影,-1.2,0.4,16.0,11-06,下影,6.5,4.5,23.1,下影-1→下影+7,9.6,-1.26,33.7,1.98,45,56,False,-3.44,3.54,True,3.23,2.0,False,4,炸板,False,2025-11,2025,,,,,,二接三阳
000533.SZSE,顺钠股份,2026-02-04,二接三,2,阴,2026-02-02,-2.78,-20.5,9.4,-++,0.6,60.0,2,2,02-02,一字,10.0,0.0,2.6,02-03,下影,3.1,1.7,14.3,一字+10→下影+3,11.15,5.52,13.8,1.74,57,61,True,0.45,-3.32,False,-3.32,1.0,False,3,封次日负,True,2026-02,2026,,,,,,二接三阴
000533.SZSE,顺钠股份,2026-03-09,三接四,3,阴,2026-03-04,-1.84,-6.9,46.0,+++,16.9,14.0,3,3,03-04,实体,-0.5,0.2,8.4,03-05,一字,10.0,0.0,1.2,实体-1→一字+10→一字+10,16.37,5.91,7.8,1.2,34,65,True,10.02,7.88,False,7.88,1.0,False,4,封次日正,False,2026-03,2026,03-06,一字,10.0,0.0,1.4,三接四阴
000533.SZSE,顺钠股份,2026-07-27,二接三,2,阳,2026-07-23,-0.75,-48.6,8.7,---,-23.1,87.0,0,4,07-23,实体,0.0,0.1,4.2,07-24,一字,10.0,0.0,1.2,实体+0→一字+10,10.51,5.65,9.5,2.13,101,36,True,9.99,9.99,True,15.41,2.0,False,4,连板,False,2026-07,2026,,,,,,二接三阳
000533.SZSE,顺钠股份,2026-07-28,三接四,3,阳,2026-07-23,-0.75,-48.6,8.7,---,-23.1,87.0,0,4,07-23,实体,0.0,0.1,4.2,07-24,一字,10.0,0.0,1.2,实体+0→一字+10→实体+6,11.56,9.99,28.1,3.05,57,101,True,-6.75,4.93,False,4.93,1.0,False,4,封次日正,False,2026-07,2026,07-27,实体,5.7,0.1,9.5,三接四阳
000536.SZSE,华映科技,2023-09-06,二接三,2,阴,2023-09-04,-4.81,-4.8,14.5,+--,0.5,,0,0,09-04,下影,-0.5,2.0,5.7,09-05,下影,0.5,0.5,12.3,下影-1→下影+0,2.64,2.5,7.6,1.06,25,13,True,9.09,9.85,True,10.23,3.0,False,5,连板,False,2023-09,2023,,,,,,二接三阴
000536.SZSE,华映科技,2023-09-07,三接四,3,阴,2023-09-04,-4.81,-4.8,14.5,+--,0.5,,0,0,09-04,下影,-0.5,2.0,5.7,09-05,下影,0.5,0.5,12.3,下影-1→下影+0→实体+3,2.9,9.09,21.0,2.03,12,25,True,4.14,10.0,True,0.34,2.0,False,5,连板,False,2023-09,2023,09-06,实体,2.5,0.0,7.6,三接四阴
000536.SZSE,华映科技,2023-09-14,二接三,2,阴,2023-09-12,-8.78,-16.4,68.2,+++,53.2,2.0,5,5,09-12,下影,-4.8,2.4,20.5,09-13,下影,-0.3,1.9,10.6,下影-5→下影-0,3.87,0.0,25.3,1.38,20,16,False,-5.68,-9.04,False,-9.04,1.0,False,2,炸板,True,2023-09,2023,,,,,,二接三阴
000536.SZSE,华映科技,2023-09-28,二接三,2,阳,2023-09-26,-0.55,-8.9,102.8,+++,97.3,9.0,5,5,09-26,下影,-4.2,3.3,20.9,09-27,下影,2.5,2.3,14.1,下影-4→下影+3,4.79,6.67,21.4,1.25,32,25,True,4.38,10.02,True,5.01,2.0,False,4,连板,False,2023-09,2023,,,,,,二接三阳
000536.SZSE,华映科技,2023-10-09,三接四,3,阳,2023-09-26,-0.55,-8.9,102.8,+++,97.3,9.0,5,5,09-26,下影,-4.2,3.3,20.9,09-27,下影,2.5,2.3,14.1,下影-4→下影+3→下影+7,5.27,4.38,10.8,0.66,41,32,True,4.36,-4.55,False,-4.55,1.0,False,4,封次日负,True,2023-10,2023,09-28,下影,6.7,14.7,21.4,三接四阳
000536.SZSE,华映科技,2024-10-09,二接三,2,阳,2024-09-30,3.07,-16.8,72.6,-++,44.5,9.0,5,5,09-30,下影,3.0,2.0,12.0,10-08,下影,9.9,8.7,11.9,下影+3→下影+10,4.02,2.19,15.6,1.32,29,352,True,-0.25,-9.95,False,-9.95,1.0,False,3,封次日负,True,2024-10,2024,,,,,,二接三阳
000536.SZSE,华映科技,2024-10-29,二接三,2,阴,2024-10-25,-2.82,-14.4,96.6,+++,7.5,12.0,5,5,10-25,实体,0.6,0.0,8.2,10-28,下影,5.6,2.4,13.3,实体+1→下影+6,4.58,10.1,7.3,0.9,93,179,True,10.04,10.04,True,75.98,8.0,False,10,连板,False,2024-10,2024,,,,,,二接三阴
000537.SZSE,绿发电力,2026-03-12,二接三,2,阳,2026-03-10,1.18,-2.6,14.6,+++,11.4,,0,0,03-10,一字,10.0,0.0,1.4,03-11,下影,6.9,5.1,5.5,一字+10→下影+7,12.51,9.06,3.6,1.2,46,48,True,9.99,-0.96,False,-0.96,1.0,False,3,封次日负,True,2026-03,2026,,,,,,二接三阳
000537.SZSE,绿发电力,2026-03-13,三接四,3,阳,2026-03-10,1.18,-2.6,14.6,+++,11.4,,0,0,03-10,一字,10.0,0.0,1.4,03-11,下影,6.9,5.1,5.5,一字+10→下影+7→下影+9,13.76,9.99,15.5,2.73,52,46,False,-11.34,-18.39,False,-18.39,1.0,False,3,炸板,True,2026-03,2026,03-12,下影,9.1,4.0,3.6,三接四阳
000539.SZSE,粤电力Ａ,2026-05-29,二接三,2,阴,2026-05-27,-1.33,-19.2,36.1,--+,-6.7,41.0,2,2,05-27,下影,-1.6,0.6,6.9,05-28,下影,7.6,2.3,5.8,下影-2→下影+8,8.88,8.67,4.6,0.94,46,88,True,10.02,10.02,True,2.82,2.0,False,4,连板,False,2026-05,2026,,,,,,二接三阴
000539.SZSE,粤电力Ａ,2026-06-01,三接四,3,阴,2026-05-27,-1.33,-19.2,36.1,--+,-6.7,41.0,2,2,05-27,下影,-1.6,0.6,6.9,05-28,下影,7.6,2.3,5.8,下影-2→下影+8→下影+9,9.77,10.02,18.6,2.36,109,46,True,-0.92,-6.55,False,-6.55,1.0,False,4,封次日负,True,2026-06,2026,05-29,下影,8.7,3.1,4.6,三接四阴
000546.SZSE,金圆股份,2025-11-19,二接三,2,阴,2025-11-17,-2.89,-4.2,21.5,+++,15.4,,0,0,11-17,下影,1.8,0.5,5.6,11-18,下影,10.0,3.8,8.0,下影+2→下影+10,7.6,8.54,6.0,0.86,48,37,True,10.0,-5.26,False,-5.26,1.0,False,3,封次日负,True,2025-11,2025,,,,,,二接三阴
000546.SZSE,金圆股份,2025-11-20,三接四,3,阴,2025-11-17,-2.89,-4.2,21.5,+++,15.4,,0,0,11-17,下影,1.8,0.5,5.6,11-18,下影,10.0,3.8,8.0,下影+2→下影+10→下影+9,8.36,10.0,38.5,3.0,35,48,False,-22.49,-22.49,False,-22.49,1.0,False,3,炸板,True,2025-11,2025,11-19,下影,8.5,2.2,6.0,三接四阴
000547.SZSE,航天发展,2025-11-18,二接三,2,阳,2025-11-14,0.83,-7.7,16.0,-++,12.1,425.0,0,0,11-14,下影,-0.8,0.4,17.0,11-17,一字,10.0,0.0,1.4,下影-1→一字+10,11.39,6.28,25.8,2.58,37,69,True,7.55,10.01,True,8.87,3.0,False,5,连板,False,2025-11,2025,,,,,,二接三阳
000547.SZSE,航天发展,2025-11-19,三接四,3,阳,2025-11-14,0.83,-7.7,16.0,-++,12.1,425.0,0,0,11-14,下影,-0.8,0.4,17.0,11-17,一字,10.0,0.0,1.4,下影-1→一字+10→下影+6,12.53,7.55,11.6,0.99,48,37,True,9.98,9.98,True,-1.04,2.0,False,5,连板,False,2025-11,2025,11-18,下影,6.3,1.4,25.8,三接四阳
000547.SZSE,航天发展,2025-12-02,二接三,2,阳,2025-11-28,-3.23,-17.9,66.6,+++,42.8,6.0,5,5,11-28,下影,-2.3,1.1,25.8,12-01,下影,9.5,3.0,9.0,下影-2→下影+10,16.35,4.37,22.5,0.95,41,54,True,2.75,5.2,False,5.2,1.0,False,3,封次日正,False,2025-12,2025,,,,,,二接三阳
000548.SZSE,湖南投资,2024-11-26,二接三,2,阳,2024-11-22,1.15,-7.2,36.8,-++,8.2,,0,0,11-22,下影,0.4,0.8,11.2,11-25,下影,6.7,2.8,6.2,下影+0→下影+7,7.03,8.76,26.9,2.74,79,132,False,-23.33,-16.93,False,-16.93,1.0,False,2,炸板,True,2024-11,2024,,,,,,二接三阳
000550.SZSE,江铃汽车,2023-07-19,二接三,2,阴,2023-07-17,-0.42,-7.4,15.0,+++,4.2,,0,0,07-17,下影,6.4,1.3,2.0,07-18,下影,1.7,1.1,9.2,下影+6→下影+2,19.02,-1.68,11.8,2.37,15,13,False,-6.62,-6.47,False,-6.47,1.0,False,2,炸板,True,2023-07,2023,,,,,,二接三阴
000551.SZSE,创元科技,2024-10-09,二接三,2,阳,2024-09-30,3.26,-3.2,15.0,+--,7.2,,0,0,09-30,下影,2.3,1.2,5.1,10-08,下影,10.0,5.6,6.1,下影+2→下影+10,12.63,-0.09,12.8,2.35,29,352,False,-1.03,3.56,False,3.56,1.0,False,2,炸板,False,2024-10,2024,,,,,,二接三阳
000551.SZSE,创元科技,2025-12-25,三接四,3,阳,2025-12-22,1.15,-4.1,7.8,++-,7.0,296.0,0,0,12-22,实体,0.1,0.0,14.2,12-23,实体,2.1,0.0,13.2,实体+0→实体+2→一字+10,16.68,0.13,27.4,2.36,72,65,True,5.88,1.74,False,1.74,1.0,False,4,封次日正,False,2025-12,2025,12-24,一字,10.0,0.0,2.1,三接四阳
000553.SZSE,安道麦A,2024-10-25,二接三,2,阳,2024-10-23,8.3,-2.8,46.3,+++,41.5,,0,0,10-23,下影,2.5,3.7,1.8,10-24,下影,10.0,10.0,2.6,下影+3→下影+10,7.99,0.0,2.5,1.35,121,67,True,-3.63,2.63,False,2.63,1.0,False,3,封次日正,False,2024-10,2024,,,,,,二接三阳
000554.SZSE,泰山石油,2026-03-04,二接三,2,阳,2026-03-02,2.99,-6.1,44.7,+++,21.1,171.0,0,0,03-02,下影,10.0,3.2,8.5,03-03,下影,10.0,1.1,6.1,下影+10→下影+10,11.94,9.95,46.7,2.6,34,67,False,-4.19,-8.79,False,-8.79,1.0,False,2,炸板,True,2026-03,2026,,,,,,二接三阳
000555.SZSE,神州信息,2025-10-31,二接三,2,阳,2025-10-29,0.13,-6.5,20.0,++-,6.9,258.0,0,0,10-29,下影,1.2,1.2,7.5,10-30,下影,3.1,1.4,15.6,下影+1→下影+3,20.24,8.7,25.3,1.68,47,42,False,-9.09,3.01,True,8.2,2.0,False,4,炸板,False,2025-10,2025,,,,,,二接三阳
000557.SZSE,西部创业,2024-11-11,二接三,2,阳,2024-11-07,1.57,-1.5,36.1,-++,12.1,,0,0,11-07,一字,10.1,0.0,0.4,11-08,一字,10.0,0.0,0.3,一字+10→一字+10,6.89,10.06,7.9,3.13,108,95,True,0.0,-5.52,False,-5.52,1.0,False,3,封次日负,True,2024-11,2024,,,,,,二接三阳
000559.SZSE,万向钱潮,2025-05-12,二接三,2,阳,2025-05-08,3.26,-12.3,23.6,++-,-9.7,,0,0,05-08,下影,4.0,2.2,2.1,05-09,下影,2.5,1.2,2.7,下影+4→下影+2,9.28,9.95,10.8,2.73,38,27,True,2.91,4.96,False,4.96,1.0,False,3,封次日正,False,2025-05,2025,,,,,,二接三阳
000559.SZSE,万向钱潮,2025-09-17,二接三,2,阴,2025-09-15,-1.26,-6.4,9.6,+-+,-0.3,89.0,0,3,09-15,实体,0.1,0.1,2.3,09-16,下影,5.3,0.7,6.1,实体+0→下影+5,10.47,9.98,3.0,1.11,56,59,True,5.92,10.03,True,-0.96,2.0,False,4,连板,False,2025-09,2025,,,,,,二接三阴
000559.SZSE,万向钱潮,2025-09-18,三接四,3,阴,2025-09-15,-1.26,-6.4,9.6,+-+,-0.3,89.0,0,3,09-15,实体,0.1,0.1,2.3,09-16,下影,5.3,0.7,6.1,实体+0→下影+5→下影+10,11.52,5.92,13.3,2.59,45,56,True,-0.17,-9.98,False,-9.98,1.0,False,4,封次日负,True,2025-09,2025,09-17,下影,10.0,3.9,3.0,三接四阴
000560.SZSE,我爱我家,2024-04-30,二接三,2,阳,2024-04-26,0.0,-32.0,10.6,---,-30.5,,0,0,04-26,下影,1.9,0.6,4.0,04-29,下影,4.6,2.3,4.6,下影+2→下影+5,2.09,7.37,9.9,2.12,47,90,False,-3.83,-1.44,False,-1.44,1.0,False,2,炸板,True,2024-04,2024,,,,,,二接三阳
000560.SZSE,我爱我家,2024-05-21,三接四,3,阳,2024-05-16,7.59,-2.0,68.5,++-,26.8,10.0,2,2,05-16,下影,-0.4,1.7,8.6,05-17,一字,10.2,0.0,3.1,下影-0→一字+10→一字+10,3.53,3.74,33.6,2.68,16,36,False,1.42,6.52,True,4.53,2.0,False,5,炸板,False,2024-05,2024,05-20,一字,9.9,0.0,3.2,三接四阳
000560.SZSE,我爱我家,2024-09-30,二接三,2,阴,2024-09-26,-1.75,-9.1,26.6,++-,15.2,90.0,0,3,09-26,下影,-1.4,1.1,28.5,09-27,下影,3.6,3.6,26.1,下影-1→下影+4,3.74,10.0,18.9,0.79,626,107,True,9.89,4.28,False,4.28,1.0,False,3,封次日正,False,2024-09,2024,,,,,,二接三阴
000560.SZSE,我爱我家,2024-10-08,三接四,3,阴,2024-09-26,-1.75,-9.1,26.6,++-,15.2,90.0,0,3,09-26,下影,-1.4,1.1,28.5,09-27,下影,3.6,3.6,26.1,下影-1→下影+4→下影+10,4.11,9.89,28.7,1.14,352,626,False,-10.71,-14.6,False,-14.6,1.0,False,3,炸板,True,2024-10,2024,09-30,下影,10.0,6.5,18.9,三接四阴
000560.SZSE,我爱我家,2026-09-01,二接三,2,阳,2026-08-28,0.0,-11.1,23.1,+++,8.1,463.0,0,0,08-28,实体,3.8,0.0,10.6,08-31,一字,9.8,0.0,2.7,实体+4→一字+10,3.19,5.17,37.1,2.7,74,78,True,-3.13,-0.31,False,-0.31,1.0,False,3,封次日负,True,2026-09,2026,,,,,,二接三阳
000561.SZSE,烽火电子,2024-10-29,二接三,2,阴,2024-10-25,-0.37,-7.9,39.6,+++,25.6,,0,0,10-25,实体,0.6,0.0,8.1,10-28,下影,3.7,0.9,12.2,实体+1→下影+4,10.69,5.86,19.2,2.01,93,179,False,-9.17,-3.84,False,-3.84,1.0,False,2,炸板,True,2024-10,2024,,,,,,二接三阴
000561.SZSE,烽火电子,2025-08-14,二接三,2,阳,2025-08-12,-0.48,-7.6,32.3,++-,5.0,56.0,2,2,08-12,下影,0.0,0.5,8.3,08-13,下影,3.2,0.6,11.1,下影+0→下影+3,13.75,6.8,19.6,1.96,40,80,True,0.15,4.73,False,4.73,1.0,False,3,封次日正,False,2025-08,2025,,,,,,二接三阳
000564.SZSE,供销大集,2024-11-07,二接三,2,阴,2024-11-05,-2.0,-16.6,24.8,+++,-8.4,,0,0,11-05,下影,-0.5,0.5,4.0,11-06,下影,0.0,1.9,7.5,下影-1→下影+0,2.62,0.84,2.7,0.68,157,104,True,9.92,9.92,True,4.58,2.0,False,4,连板,False,2024-11,2024,,,,,,二接三阴
000564.SZSE,供销大集,2024-12-02,二接三,2,阳,2024-11-28,3.0,-18.2,75.2,+++,41.0,11.0,4,4,11-28,下影,0.0,1.5,6.5,11-29,下影,2.0,1.3,12.2,下影+0→下影+2,3.66,0.6,11.0,1.37,132,105,True,0.0,-1.64,False,-1.64,1.0,False,3,封次日负,True,2024-12,2024,,,,,,二接三阳
000565.SZSE,渝三峡Ａ,2025-04-30,三接四,3,阳,2025-04-25,0.39,-8.5,21.7,+--,-6.2,,0,0,04-25,下影,0.2,1.2,5.7,04-28,下影,-3.4,3.9,10.7,下影+0→下影-3→一字+10,7.55,10.06,28.7,2.92,56,49,True,5.96,10.07,True,16.03,3.0,False,6,连板,False,2025-04,2025,04-29,一字,9.9,0.0,2.8,三接四阳
000565.SZSE,渝三峡Ａ,2025-05-16,二接三,2,阳,2025-05-14,5.72,-1.7,148.9,+++,117.6,5.0,6,6,05-14,下影,-0.6,3.5,34.6,05-15,下影,-1.6,2.1,35.0,下影-1→下影-2,14.01,0.47,32.9,0.94,51,40,True,-9.99,-6.71,False,-6.71,1.0,False,3,封次日负,True,2025-05,2025,,,,,,二接三阳
000566.SZSE,海南海药,2024-09-11,三接四,3,阳,2024-09-06,2.34,-13.6,8.1,--+,-2.9,,0,0,09-06,下影,10.1,1.0,4.3,09-09,一字,10.1,0.0,0.8,下影+10→一字+10→一字+10,4.49,10.05,17.3,3.56,19,31,True,10.02,10.02,True,8.91,3.0,False,6,连板,False,2024-09,2024,09-10,一字,10.0,0.0,1.4,三接四阳
000566.SZSE,海南海药,2024-11-07,二接三,2,阳,2024-11-05,2.11,-14.8,63.9,+++,12.3,8.0,6,6,11-05,实体,-1.0,0.0,5.4,11-06,下影,4.3,1.5,15.8,实体-1→下影+4,6.46,-3.41,14.6,1.47,157,104,True,9.91,-0.15,False,-0.15,1.0,False,3,封次日负,True,2024-11,2024,,,,,,二接三阳
000566.SZSE,海南海药,2024-11-08,三接四,3,阳,2024-11-05,2.11,-14.8,63.9,+++,12.3,8.0,6,6,11-05,实体,-1.0,0.0,5.4,11-06,下影,4.3,1.5,15.8,实体-1→下影+4→实体-3,7.11,9.91,22.1,1.78,95,157,False,-15.47,-15.33,False,-15.33,1.0,False,3,炸板,True,2024-11,2024,11-07,实体,-3.4,0.2,14.6,三接四阳
000566.SZSE,海南海药,2025-06-04,二接三,2,阳,2025-05-30,5.7,-9.9,47.9,-++,15.1,135.0,0,0,05-30,实体,-0.4,0.0,5.7,06-03,下影,2.0,0.7,6.2,实体-0→下影+2,7.4,9.96,27.2,2.59,60,57,False,-5.27,-12.3,False,-12.3,1.0,False,2,炸板,True,2025-06,2025,,,,,,二接三阳
000566.SZSE,海南海药,2025-11-18,二接三,2,阳,2025-11-14,0.33,-6.1,18.7,+++,4.6,112.0,0,2,11-14,实体,0.0,0.0,8.3,11-17,下影,3.7,1.2,22.0,实体+0→下影+4,8.2,0.94,29.0,2.21,37,69,False,-7.2,-12.2,False,-12.2,1.0,False,2,炸板,True,2025-11,2025,,,,,,二接三阳
000566.SZSE,海南海药,2025-12-23,二接三,2,阴,2025-12-19,-2.23,-28.8,27.0,--+,-16.9,24.0,2,2,12-19,下影,0.0,1.2,11.4,12-22,下影,0.7,0.6,14.7,下影+0→下影+1,8.76,6.91,29.4,2.09,48,72,True,-1.6,-5.48,False,-5.48,1.0,False,3,封次日负,True,2025-12,2025,,,,,,二接三阴
000566.SZSE,海南海药,2026-07-01,二接三,2,阴,2026-06-29,-10.02,-27.7,16.0,++-,0.7,3.0,2,2,06-29,下影,-2.7,2.2,7.6,06-30,下影,2.2,1.8,14.5,下影-3→下影+2,5.49,-1.8,16.0,1.36,130,114,True,9.11,10.02,True,11.84,2.0,False,4,连板,False,2026-07,2026,,,,,,二接三阴
000566.SZSE,海南海药,2026-07-02,三接四,3,阴,2026-06-29,-10.02,-27.7,16.0,++-,0.7,3.0,2,2,06-29,下影,-2.7,2.2,7.6,06-30,下影,2.2,1.8,14.5,下影-3→下影+2→下影-2,6.04,9.11,9.5,0.87,83,130,True,2.98,1.66,False,1.66,1.0,False,4,封次日正,False,2026-07,2026,07-01,下影,-1.8,2.6,16.0,三接四阴
000567.SZSE,海德股份,2024-09-26,二接三,2,阴,2024-09-24,-1.73,-20.9,2.0,+--,-9.9,,0,0,09-24,实体,0.0,0.0,1.0,09-25,下影,10.0,4.0,1.1,实体+0→下影+10,6.06,-0.36,4.6,3.01,125,43,False,-3.8,3.8,False,3.8,1.0,False,2,炸板,False,2024-09,2024,,,,,,二接三阴
000568.SZSE,泸州老窖,2024-09-30,二接三,2,阴,2024-09-26,1.67,-23.9,13.7,+--,-5.1,,0,0,09-26,下影,1.2,0.7,2.3,09-27,下影,6.7,1.6,2.6,下影+1→下影+7,149.7,10.0,2.2,1.03,626,107,True,10.0,6.21,False,6.21,1.0,False,3,封次日正,False,2024-09,2024,,,,,,二接三阴
000568.SZSE,泸州老窖,2024-10-08,三接四,3,阴,2024-09-26,1.67,-23.9,13.7,+--,-5.1,,0,0,09-26,下影,1.2,0.7,2.3,09-27,下影,6.7,1.6,2.6,下影+1→下影+7→下影+10,164.67,10.0,4.3,1.65,352,626,False,-7.69,-13.1,False,-13.1,1.0,False,3,炸板,True,2024-10,2024,09-30,下影,10.0,3.5,2.2,三接四阴
000571.SZSE,新大洲A,2024-03-18,二接三,2,阴,2024-03-14,-0.85,-29.0,37.1,-+-,11.0,,0,0,03-14,下影,0.4,0.4,2.2,03-15,下影,7.8,4.3,3.6,下影+0→下影+8,3.1,1.06,6.6,2.24,70,56,True,6.45,10.0,True,9.03,3.0,False,5,连板,False,2024-03,2024,,,,,,二接三阴
000571.SZSE,新大洲A,2024-03-19,三接四,3,阴,2024-03-14,-0.85,-29.0,37.1,-+-,11.0,,0,0,03-14,下影,0.4,0.4,2.2,03-15,下影,7.8,4.3,3.6,下影+0→下影+8→下影+1,3.41,6.45,15.5,2.68,46,70,True,0.0,9.97,True,-0.88,2.0,False,5,连板,False,2024-03,2024,03-18,下影,1.1,5.0,6.6,三接四阴
000572.SZSE,海马汽车,2023-07-31,二接三,2,阴,2023-07-27,-2.96,-12.7,7.3,-++,0.2,,0,0,07-27,一字,10.1,0.0,2.3,07-28,下影,0.0,2.1,11.0,一字+10→下影+0,5.68,6.59,6.4,1.37,38,37,True,0.0,3.17,False,3.17,1.0,False,3,封次日正,False,2023-07,2023,,,,,,二接三阴
000572.SZSE,海马汽车,2023-08-01,三接四,3,阴,2023-07-27,-2.96,-12.7,7.3,-++,0.2,,0,0,07-27,一字,10.1,0.0,2.3,07-28,下影,0.0,2.1,11.0,一字+10→下影+0→下影+7,6.25,0.0,22.0,2.55,25,38,False,-10.72,-5.76,False,-5.76,1.0,False,3,炸板,True,2023-08,2023,07-31,下影,6.6,2.3,6.4,三接四阴
000572.SZSE,海马汽车,2023-11-14,二接三,2,阴,2023-11-10,-1.98,-11.9,11.5,+++,2.1,68.0,0,3,11-10,下影,-0.7,2.5,9.0,11-13,下影,3.9,2.0,18.8,下影-1→下影+4,5.94,-1.11,18.3,1.64,32,31,True,0.84,-1.35,False,-1.35,1.0,False,3,封次日负,True,2023-11,2023,,,,,,二接三阴
000572.SZSE,海马汽车,2024-10-31,二接三,2,阳,2024-10-29,3.37,-4.1,34.8,+++,29.5,230.0,0,0,10-29,下影,2.0,1.8,12.0,10-30,下影,0.0,3.9,14.4,下影+2→下影+0,5.31,2.07,14.0,1.31,141,118,True,2.07,-9.42,False,-9.42,1.0,False,3,封次日负,True,2024-10,2024,,,,,,二接三阳
000572.SZSE,海马汽车,2025-11-04,二接三,2,阴,2025-10-31,-1.8,-22.6,37.6,-++,8.1,11.0,2,2,10-31,下影,3.0,0.5,9.0,11-03,下影,4.4,0.9,8.7,下影+3→下影+4,7.99,9.5,12.1,1.24,44,56,True,8.89,10.01,True,12.64,2.0,False,4,连板,False,2025-11,2025,,,,,,二接三阴
000572.SZSE,海马汽车,2025-11-05,三接四,3,阴,2025-10-31,-1.8,-22.6,37.6,-++,8.1,11.0,2,2,10-31,下影,3.0,0.5,9.0,11-03,下影,4.4,0.9,8.7,下影+3→下影+4→下影+10,8.79,8.89,3.7,0.45,54,44,True,10.01,2.39,False,2.39,1.0,False,4,封次日正,False,2025-11,2025,11-04,下影,9.5,6.6,12.1,三接四阴
000573.SZSE,粤宏远Ａ,2024-11-25,二接三,2,阳,2024-11-21,4.64,-7.3,45.0,-++,11.4,,0,0,11-21,实体,-0.7,0.0,10.1,11-22,下影,0.3,3.7,25.9,实体-1→下影+0,3.89,5.37,30.6,2.06,132,60,True,-10.03,-10.03,False,-10.03,1.0,False,3,封次日负,True,2024-11,2024,,,,,,二接三阳
000573.SZSE,粤宏远Ａ,2025-01-07,二接三,2,阳,2025-01-03,4.35,-19.8,26.8,---,-2.2,28.0,3,3,01-03,一字,9.9,0.0,2.2,01-06,一字,9.9,0.0,1.4,一字+10→一字+10,4.15,10.08,13.5,2.37,77,52,True,10.12,10.12,True,20.0,4.0,False,6,连板,False,2025-01,2025,,,,,,二接三阳
000573.SZSE,粤宏远Ａ,2025-01-08,三接四,3,阳,2025-01-03,4.35,-19.8,26.8,---,-2.2,28.0,3,3,01-03,一字,9.9,0.0,2.2,01-06,一字,9.9,0.0,1.4,一字+10→一字+10→下影+10,4.57,10.12,9.0,1.37,53,77,True,10.07,10.07,True,8.97,3.0,False,6,连板,False,2025-01,2025,01-07,下影,10.1,2.1,13.5,三接四阳
000573.SZSE,粤宏远Ａ,2025-02-26,二接三,2,阴,2025-02-24,-1.94,-31.1,48.5,---,-8.4,25.0,6,6,02-24,实体,0.2,0.0,20.0,02-25,下影,-1.8,0.7,21.2,实体+0→下影-2,5.37,0.61,31.5,1.78,81,46,True,0.0,-10.06,False,-10.06,1.0,False,3,封次日负,True,2025-02,2025,,,,,,二接三阴
000586.SZSE,汇源通信,2024-02-29,二接三,2,阴,2024-02-27,-4.32,-38.9,59.1,+--,-21.0,,0,0,02-27,下影,0.7,1.9,5.0,02-28,实体,7.2,0.1,4.6,下影+1→实体+7,11.8,7.18,11.1,1.62,82,23,True,10.0,10.0,True,0.85,2.0,False,4,连板,False,2024-02,2024,,,,,,二接三阴
000592.SZSE,平潭发展,2024-10-31,二接三,2,阳,2024-10-29,6.06,0.0,61.5,+++,41.9,,0,0,10-29,下影,0.5,6.2,8.7,10-30,下影,6.9,5.6,20.8,下影+0→下影+7,2.79,0.0,22.5,1.78,141,118,False,-10.39,-16.49,False,-16.49,1.0,False,2,炸板,True,2024-10,2024,,,,,,二接三阳
000592.SZSE,平潭发展,2025-11-04,二接三,2,阳,2025-10-31,6.62,-3.0,119.8,+++,89.4,2.0,5,5,10-31,下影,1.7,3.1,26.6,11-03,下影,8.8,2.5,7.6,下影+2→下影+9,8.57,6.68,19.6,0.92,44,56,True,5.02,10.04,True,-0.93,2.0,False,4,连板,False,2025-11,2025,,,,,,二接三阳
000592.SZSE,平潭发展,2025-11-05,三接四,3,阳,2025-10-31,6.62,-3.0,119.8,+++,89.4,2.0,5,5,10-31,下影,1.7,3.1,26.6,11-03,下影,8.8,2.5,7.6,下影+2→下影+9→下影+7,9.43,5.02,32.5,1.18,54,44,True,1.8,-9.97,False,-9.97,1.0,False,4,封次日负,True,2025-11,2025,11-04,下影,6.7,6.5,19.6,三接四阳
000593.SZSE,德龙汇能,2025-10-30,二接三,2,阳,2025-10-24,3.39,-4.8,30.3,+++,19.1,,0,0,10-24,下影,3.2,1.9,15.5,10-29,一字,10.0,0.0,1.1,下影+3→一字+10,10.54,10.02,14.5,1.79,42,49,True,-5.12,-9.96,False,-9.96,1.0,False,3,封次日负,True,2025-10,2025,,,,,,二接三阳
000593.SZSE,德龙汇能,2026-01-14,二接三,2,阳,2026-01-12,8.01,-8.7,92.4,++-,13.7,50.0,3,3,01-12,下影,-0.2,0.9,9.5,01-13,下影,10.0,2.1,8.6,下影-0→下影+10,17.41,3.66,20.3,1.74,79,52,True,-9.99,5.0,False,5.0,1.0,False,3,封次日正,False,2026-01,2026,,,,,,二接三阳
000593.SZSE,德龙汇能,2026-08-05,三接四,3,阴,2026-07-31,-7.74,-45.1,0.3,---,-32.5,64.0,0,2,07-31,一字,10.0,0.0,1.8,08-03,一字,10.0,0.0,1.2,一字+10→一字+10→一字+10,22.52,10.01,6.9,2.14,93,123,True,0.0,0.89,False,0.89,1.0,False,4,封次日正,False,2026-08,2026,08-04,一字,10.0,0.0,0.4,三接四阴
000595.SZSE,新能股份,2024-01-04,三接四,3,阳,2023-12-29,3.29,-15.1,4.2,---,-7.8,,0,0,12-29,实体,0.0,0.2,2.8,01-02,下影,2.9,2.5,5.1,实体+0→下影+3→一字+10,6.9,3.67,15.6,3.05,37,33,False,-13.19,-7.25,False,-7.25,1.0,False,3,炸板,True,2024-01,2024,01-03,一字,10.0,0.0,1.2,三接四阳
000595.SZSE,新能股份,2024-07-30,二接三,2,阳,2024-07-26,-2.83,-23.8,9.9,+--,0.0,98.0,0,2,07-26,一字,9.9,0.0,0.4,07-29,一字,10.1,0.0,0.3,一字+10→一字+10,4.57,3.61,7.1,3.2,51,47,False,-4.81,-7.44,False,-7.44,1.0,False,2,炸板,True,2024-07,2024,,,,,,二接三阳
000595.SZSE,新能股份,2024-09-24,二接三,2,阳,2024-09-20,1.28,-5.9,77.6,+++,49.3,37.0,2,2,09-20,下影,-0.9,1.6,11.6,09-23,下影,-3.8,1.8,10.3,下影-1→下影-4,7.37,5.22,17.7,1.59,76,45,True,4.48,10.04,True,16.55,2.0,False,4,连板,False,2024-09,2024,,,,,,二接三阳
000595.SZSE,新能股份,2024-09-25,三接四,3,阳,2024-09-20,1.28,-5.9,77.6,+++,49.3,37.0,2,2,09-20,下影,-0.9,1.6,11.6,09-23,下影,-3.8,1.8,10.3,下影-1→下影-4→下影+5,8.11,4.48,16.0,1.22,43,76,True,1.11,5.92,False,5.92,1.0,False,4,封次日正,False,2024-09,2024,09-24,下影,5.2,11.2,17.7,三接四阳
000595.SZSE,新能股份,2024-10-15,二接三,2,阳,2024-10-11,0.24,-6.3,172.4,+++,85.2,7.0,4,4,10-11,下影,-4.2,1.6,16.7,10-14,下影,4.3,0.6,6.9,下影-4→下影+4,11.32,4.96,21.6,1.51,33,71,False,-12.54,-14.49,False,-14.49,1.0,False,2,炸板,True,2024-10,2024,,,,,,二接三阳
000595.SZSE,新能股份,2025-03-21,二接三,2,阴,2025-03-19,-2.08,-36.4,24.8,+-+,-13.2,105.0,0,4,03-19,下影,-0.8,0.5,6.3,03-20,实体,3.3,0.0,6.4,下影-1→实体+3,8.15,7.29,14.5,2.27,39,55,False,-11.41,-14.23,False,-14.23,1.0,False,2,炸板,True,2025-03,2025,,,,,,二接三阴
000595.SZSE,新能股份,2026-07-24,二接三,2,阴,2026-07-22,-2.98,-44.4,6.0,---,-25.2,13.0,2,2,07-22,实体,-0.4,0.0,1.3,07-23,一字,10.0,0.0,0.4,实体-0→一字+10,6.07,9.96,10.6,3.15,36,104,True,-10.05,-3.13,False,-3.13,1.0,False,3,封次日负,True,2026-07,2026,,,,,,二接三阴
000595.SZSE,新能股份,2026-08-04,二接三,2,阴,2026-07-31,-8.02,-39.9,14.7,+--,-13.1,5.0,3,3,07-31,下影,2.0,1.0,2.6,08-03,下影,3.0,3.0,5.0,下影+2→下影+3,6.56,9.9,4.3,1.02,123,69,True,8.38,1.68,False,1.68,1.0,False,3,封次日正,False,2026-08,2026,,,,,,二接三阴
000595.SZSE,新能股份,2026-08-05,三接四,3,阴,2026-07-31,-8.02,-39.9,14.7,+--,-13.1,5.0,3,3,07-31,下影,2.0,1.0,2.6,08-03,下影,3.0,3.0,5.0,下影+2→下影+3→下影+10,7.22,8.38,17.0,2.56,93,123,False,-7.89,-13.3,False,-13.3,1.0,False,3,炸板,True,2026-08,2026,08-04,下影,9.9,2.3,4.3,三接四阴
000596.SZSE,古井贡酒,2024-09-30,二接三,2,阴,2024-09-26,0.22,-29.5,9.1,+--,-9.7,,0,0,09-26,实体,-0.3,0.2,1.3,09-27,下影,6.1,1.1,1.3,实体-0→下影+6,203.02,9.95,1.0,0.85,626,107,True,10.0,9.98,False,9.98,1.0,False,3,封次日正,False,2024-09,2024,,,,,,二接三阴
000596.SZSE,古井贡酒,2024-10-08,三接四,3,阴,2024-09-26,0.22,-29.5,9.1,+--,-9.7,,0,0,09-26,实体,-0.3,0.2,1.3,09-27,下影,6.1,1.1,1.3,实体-0→下影+6→下影+10,223.32,10.0,1.9,1.45,352,626,False,-5.96,-10.01,False,-10.01,1.0,False,3,炸板,True,2024-10,2024,09-30,下影,10.0,2.6,1.0,三接四阴
000597.SZSE,东北制药,2024-08-09,三接四,3,阴,2024-08-06,-1.71,-19.8,8.1,+++,4.7,,0,0,08-06,一字,10.0,0.0,0.7,08-07,一字,10.0,0.0,0.6,一字+10→一字+10→一字+10,5.89,10.09,17.6,4.18,23,30,True,0.0,-10.02,False,-10.02,1.0,False,4,封次日负,True,2024-08,2024,08-08,一字,10.1,0.0,1.1,三接四阴
000599.SZSE,青岛双星,2025-10-28,二接三,2,阴,2025-10-24,-1.03,-6.5,17.1,+++,6.3,240.0,0,0,10-24,下影,0.3,1.4,6.3,10-27,实体,5.1,0.2,9.2,下影+0→实体+5,7.66,9.2,6.6,0.97,48,45,True,4.18,-8.62,False,-8.62,1.0,False,3,封次日负,True,2025-10,2025,,,,,,二接三阴
000599.SZSE,青岛双星,2025-10-29,三接四,3,阴,2025-10-24,-1.03,-6.5,17.1,+++,6.3,240.0,0,0,10-24,下影,0.3,1.4,6.3,10-27,实体,5.1,0.2,9.2,下影+0→实体+5→下影+9,8.43,4.18,25.4,2.45,49,48,False,-19.1,-14.71,False,-14.71,1.0,False,3,炸板,True,2025-10,2025,10-28,下影,9.2,4.2,6.6,三接四阴
000601.SZSE,韶能股份,2025-03-21,二接三,2,阳,2025-03-19,2.11,-5.4,17.2,-++,6.1,,0,0,03-19,实体,1.1,0.0,7.8,03-20,下影,3.3,2.1,14.4,实体+1→下影+3,5.81,0.0,21.6,2.22,39,55,False,-12.91,2.58,True,-2.07,2.0,False,4,炸板,False,2025-03,2025,,,,,,二接三阳
000601.SZSE,韶能股份,2025-07-08,二接三,2,阳,2025-07-04,1.41,-32.0,8.6,+--,-0.8,46.0,2,2,07-04,下影,6.1,1.6,5.2,07-07,一字,10.1,0.0,1.5,下影+6→一字+10,6.73,7.84,27.8,3.29,57,52,False,-11.89,-4.16,False,-4.16,1.0,False,2,炸板,True,2025-07,2025,,,,,,二接三阳
000601.SZSE,韶能股份,2026-03-20,二接三,2,阴,2026-03-18,-2.86,-17.1,31.0,+++,17.7,7.0,2,2,03-18,一字,10.0,0.0,3.0,03-19,一字,10.0,0.0,3.1,一字+10→一字+10,8.14,9.86,12.0,1.52,26,25,True,-0.25,-9.95,False,-9.95,1.0,False,3,封次日负,True,2026-03,2026,,,,,,二接三阴
000601.SZSE,韶能股份,2026-05-14,二接三,2,阳,2026-05-12,1.24,-18.3,44.7,++-,11.4,30.0,3,3,05-12,实体,0.1,0.1,6.9,05-13,下影,8.7,2.2,7.1,实体+0→下影+9,9.79,10.0,34.6,2.51,50,101,False,-16.55,-19.51,False,-19.51,1.0,False,2,炸板,True,2026-05,2026,,,,,,二接三阳
000603.SZSE,盛达资源,2026-01-27,二接三,2,阳,2026-01-23,1.78,-4.6,118.3,+++,53.8,,0,0,01-23,下影,4.7,0.6,6.0,01-26,下影,9.7,1.9,2.1,下影+5→下影+10,62.32,0.37,12.7,1.79,46,57,False,0.75,7.96,True,8.79,2.0,False,4,炸板,False,2026-01,2026,,,,,,二接三阳
000603.SZSE,盛达资源,2026-07-23,二接三,2,阴,2026-07-21,-1.58,-55.1,2.2,---,-32.3,14.0,2,2,07-21,下影,1.6,3.6,6.1,07-22,实体,1.8,0.2,6.3,下影+2→实体+2,24.83,3.85,10.4,1.64,104,41,True,-3.38,-0.12,False,-0.12,1.0,False,3,封次日负,True,2026-07,2026,,,,,,二接三阴
000605.SZSE,渤海股份,2024-11-07,二接三,2,阳,2024-11-05,1.1,-8.5,31.7,+++,0.7,,0,0,11-05,实体,0.0,0.0,7.2,11-06,一字,10.0,0.0,1.6,实体+0→一字+10,7.35,10.03,16.5,2.73,157,104,True,10.07,10.07,True,9.66,2.0,False,4,连板,False,2024-11,2024,,,,,,二接三阳
000605.SZSE,渤海股份,2024-11-08,三接四,3,阳,2024-11-05,1.1,-8.5,31.7,+++,0.7,,0,0,11-05,实体,0.0,0.0,7.2,11-06,一字,10.0,0.0,1.6,实体+0→一字+10→下影+10,8.09,10.07,4.0,0.64,95,157,True,0.99,-0.37,False,-0.37,1.0,False,4,封次日负,True,2024-11,2024,11-07,下影,10.0,9.7,16.5,三接四阳
000605.SZSE,渤海股份,2024-11-20,二接三,2,阴,2024-11-18,-0.36,-9.4,100.5,+++,60.3,6.0,4,4,11-18,下影,7.1,3.8,17.6,11-19,下影,0.0,7.8,13.6,下影+7→下影+0,11.18,10.04,3.8,0.32,119,79,True,10.02,10.02,True,8.94,3.0,False,5,连板,False,2024-11,2024,,,,,,二接三阴
000605.SZSE,渤海股份,2024-11-21,三接四,3,阴,2024-11-18,-0.36,-9.4,100.5,+++,60.3,6.0,4,4,11-18,下影,7.1,3.8,17.6,11-19,下影,0.0,7.8,13.6,下影+7→下影+0→下影+10,12.3,10.02,28.1,1.78,88,119,True,0.57,10.0,True,-0.98,2.0,False,5,连板,False,2024-11,2024,11-20,下影,10.0,0.8,3.8,三接四阴
000607.SZSE,华媒控股,2025-07-10,二接三,2,阳,2025-07-08,0.22,-5.5,41.1,+++,7.7,,0,0,07-08,下影,2.2,1.1,6.6,07-09,下影,10.1,8.9,6.0,下影+2→下影+10,6.0,9.17,7.0,1.07,54,40,True,10.0,10.0,True,-1.0,2.0,False,4,连板,False,2025-07,2025,,,,,,二接三阳
000607.SZSE,华媒控股,2025-07-11,三接四,3,阳,2025-07-08,0.22,-5.5,41.1,+++,7.7,,0,0,07-08,下影,2.2,1.1,6.6,07-09,下影,10.1,8.9,6.0,下影+2→下影+10→下影+9,6.6,10.0,17.6,2.08,49,54,True,-3.79,-10.0,False,-10.0,1.0,False,4,封次日负,True,2025-07,2025,07-10,下影,9.2,0.4,7.0,三接四阳
000608.SZSE,阳光股份,2024-09-26,二接三,2,阳,2024-09-24,-0.64,-4.9,14.8,+++,9.2,,0,0,09-24,实体,1.3,0.0,7.1,09-25,下影,9.9,9.4,12.9,实体+1→下影+10,2.07,-0.53,14.4,1.85,125,43,True,10.14,10.14,True,19.81,4.0,False,6,连板,False,2024-09,2024,,,,,,二接三阳
000608.SZSE,阳光股份,2024-11-11,二接三,2,阳,2024-11-07,2.88,-9.4,83.8,+++,0.8,22.0,6,6,11-07,下影,-2.0,1.6,3.5,11-08,下影,10.2,9.1,18.4,下影-2→下影+10,3.33,3.96,23.8,1.92,108,95,False,-18.02,-18.02,False,-18.02,1.0,False,2,炸板,True,2024-11,2024,,,,,,二接三阳
000619.SZSE,海螺新材,2024-12-03,二接三,2,阳,2024-11-29,2.94,-4.9,49.6,+++,-1.1,,0,0,11-29,下影,-0.2,1.1,6.1,12-02,下影,4.7,2.1,20.8,下影-0→下影+5,7.47,1.18,15.1,1.59,92,132,True,-6.29,-10.04,False,-10.04,1.0,False,3,封次日负,True,2024-12,2024,,,,,,二接三阳
000619.SZSE,海螺新材,2024-12-11,二接三,2,阳,2024-12-09,3.79,-11.9,74.1,+++,20.1,4.0,3,3,12-09,下影,1.8,1.2,7.5,12-10,下影,9.9,8.8,19.9,下影+2→下影+10,8.76,0.0,22.2,1.55,119,82,False,-9.82,-12.9,False,-12.9,1.0,False,2,炸板,True,2024-12,2024,,,,,,二接三阳
000620.SZSE,盈新发展,2024-05-24,三接四,3,阳,2024-05-21,2.79,-4.2,26.9,-+-,12.9,,0,0,05-21,一字,9.8,0.0,0.0,05-22,一字,9.9,0.0,0.0,一字+10→一字+10→一字+10,2.68,5.74,6.8,3.32,25,16,True,-7.09,-10.07,False,-10.07,1.0,False,4,封次日负,True,2024-05,2024,05-23,一字,9.9,0.0,2.6,三接四阳
000620.SZSE,盈新发展,2024-11-07,二接三,2,阴,2024-11-05,-1.62,-11.2,44.4,+++,-2.2,109.0,0,4,11-05,下影,-0.5,0.5,3.5,11-06,下影,3.0,5.5,6.9,下影-1→下影+3,2.42,1.82,4.6,1.16,157,104,True,9.5,-7.44,False,-7.44,1.0,False,3,封次日负,True,2024-11,2024,,,,,,二接三阴
000620.SZSE,盈新发展,2025-11-05,二接三,2,阴,2025-11-03,-10.14,-27.9,58.0,+++,53.1,4.0,7,7,11-03,下影,-1.2,1.6,10.2,11-04,下影,8.1,1.5,3.6,下影-1→下影+8,3.3,5.0,12.2,1.02,54,44,True,9.39,2.42,False,2.42,1.0,False,3,封次日正,False,2025-11,2025,,,,,,二接三阴
000620.SZSE,盈新发展,2025-11-06,三接四,3,阴,2025-11-03,-10.14,-27.9,58.0,+++,53.1,4.0,7,7,11-03,下影,-1.2,1.6,10.2,11-04,下影,8.1,1.5,3.6,下影-1→下影+8→下影+5,3.63,9.39,20.8,1.69,56,54,False,-5.51,-12.95,False,-12.95,1.0,False,3,炸板,True,2025-11,2025,11-05,下影,5.0,4.0,12.2,三接四阴
000626.SZSE,远大控股,2024-10-24,二接三,2,阳,2024-10-22,0.59,-13.3,33.9,-++,22.4,,0,0,10-22,下影,0.0,0.4,2.4,10-23,下影,4.6,4.6,3.4,下影+0→下影+5,6.78,10.06,9.4,2.7,67,76,False,-3.39,-9.44,False,-9.44,1.0,False,2,炸板,True,2024-10,2024,,,,,,二接三阳
000626.SZSE,远大控股,2025-04-14,二接三,2,阳,2025-04-10,4.86,-23.3,14.0,---,-11.1,91.0,0,2,04-10,一字,10.1,0.0,0.5,04-11,一字,10.1,0.0,1.6,一字+10→一字+10,6.61,2.16,10.2,3.25,85,64,True,-0.91,-9.98,False,-9.98,1.0,False,3,封次日负,True,2025-04,2025,,,,,,二接三阳
000626.SZSE,远大控股,2025-10-16,二接三,2,阳,2025-10-14,-1.04,-20.7,5.9,+--,-2.3,121.0,0,0,10-14,下影,0.2,0.3,2.2,10-15,下影,10.0,5.0,7.5,下影+0→下影+10,8.87,10.05,12.3,2.57,36,58,True,5.3,10.03,True,20.97,3.0,False,5,连板,False,2025-10,2025,,,,,,二接三阳
000626.SZSE,远大控股,2025-10-17,三接四,3,阳,2025-10-14,-1.04,-20.7,5.9,+--,-2.3,121.0,0,0,10-14,下影,0.2,0.3,2.2,10-15,下影,10.0,5.0,7.5,下影+0→下影+10→下影+10,9.76,5.3,10.8,1.6,34,36,True,10.04,10.04,True,9.94,2.0,False,5,连板,False,2025-10,2025,10-16,下影,10.0,10.8,12.3,三接四阳
000628.SZSE,高新发展,2024-02-21,三接四,3,阴,2024-02-08,-2.2,-50.4,10.9,---,-20.5,69.0,0,11,02-08,下影,1.5,1.2,16.5,02-19,一字,10.0,0.0,1.9,下影+1→一字+10→一字+10,52.05,1.44,41.8,2.59,93,80,False,1.83,5.63,True,21.61,3.0,False,6,炸板,False,2024-02,2024,02-20,一字,10.0,0.0,0.7,三接四阴
000628.SZSE,高新发展,2024-10-16,二接三,2,阴,2024-10-14,-9.99,-16.0,44.5,+++,35.8,4.0,2,2,10-14,下影,-2.1,1.4,16.0,10-15,实体,6.0,0.0,15.6,下影-2→实体+6,65.69,3.82,45.9,1.99,67,33,True,-9.85,-7.95,False,-7.95,1.0,False,3,封次日负,True,2024-10,2024,,,,,,二接三阴
000631.SZSE,顺发恒能,2023-10-24,二接三,2,阳,2023-10-20,1.89,-18.5,2.7,---,-6.3,,0,0,10-20,下影,4.1,1.1,1.2,10-23,下影,7.8,2.4,1.9,下影+4→下影+8,3.59,4.91,2.4,1.91,52,31,True,10.03,10.03,True,20.06,4.0,False,6,连板,False,2023-10,2023,,,,,,二接三阳
000631.SZSE,顺发恒能,2023-10-25,三接四,3,阳,2023-10-20,1.89,-18.5,2.7,---,-6.3,,0,0,10-20,下影,4.1,1.1,1.2,10-23,下影,7.8,2.4,1.9,下影+4→下影+8→下影+5,3.95,10.03,2.3,1.39,52,52,True,1.27,10.13,True,9.11,3.0,False,6,连板,False,2023-10,2023,10-24,下影,4.9,0.9,2.4,三接四阳
000636.SZSE,风华高科,2024-02-08,二接三,2,阴,2024-02-06,-5.6,-42.6,4.5,---,-26.6,,0,0,02-06,下影,-1.0,1.5,1.7,02-07,实体,0.4,0.0,2.4,下影-1→实体+0,12.12,1.54,1.5,0.88,430,92,True,2.89,-3.47,False,-3.47,1.0,False,3,封次日负,True,2024-02,2024,,,,,,二接三阴
000637.SZSE,茂化实华,2025-06-23,二接三,2,阴,2025-06-19,-0.98,-9.0,40.4,+++,6.3,24.0,2,2,06-19,下影,3.0,1.5,6.9,06-20,下影,9.9,5.2,27.3,下影+3→下影+10,5.36,8.62,8.5,0.71,60,36,True,-10.07,-10.07,False,-10.07,1.0,False,3,封次日负,True,2025-06,2025,,,,,,二接三阴
000655.SZSE,金岭矿业,2025-07-10,二接三,2,阳,2025-07-08,0.14,-1.3,25.5,+++,4.1,,0,0,07-08,下影,8.3,3.1,2.8,07-09,下影,10.0,2.0,4.4,下影+8→下影+10,9.77,1.35,19.2,3.27,54,40,True,3.79,4.5,False,4.5,1.0,False,3,封次日正,False,2025-07,2025,,,,,,二接三阳
000655.SZSE,金岭矿业,2025-07-11,三接四,3,阳,2025-07-08,0.14,-1.3,25.5,+++,4.1,,0,0,07-08,下影,8.3,3.1,2.8,07-09,下影,10.0,2.0,4.4,下影+8→下影+10→下影+1,10.75,3.79,24.0,2.32,49,54,False,-11.16,-14.51,False,-14.51,1.0,False,3,炸板,True,2025-07,2025,07-10,下影,1.4,5.9,19.2,三接四阳
000656.SZSE,金科股份,2023-07-07,二接三,2,阴,2023-07-05,0.82,-27.2,59.7,++-,-0.8,8.0,2,2,07-05,下影,0.8,3.3,12.3,07-06,下影,0.7,0.7,16.0,下影+1→下影+1,1.64,2.68,26.8,1.76,18,28,False,-11.59,-12.2,False,-12.2,1.0,False,2,炸板,True,2023-07,2023,,,,,,二接三阴
000656.SZSE,金科股份,2023-07-25,二接三,2,阴,2023-07-21,-0.71,-15.2,80.5,-++,29.9,11.0,2,2,07-21,下影,-1.4,0.7,15.8,07-24,下影,1.3,3.3,25.1,下影-1→下影+1,1.85,2.98,12.7,0.92,45,19,True,10.27,10.27,True,16.22,2.0,False,4,连板,False,2023-07,2023,,,,,,二接三阴
000656.SZSE,金科股份,2026-07-06,二接三,2,阳,2026-07-02,-1.83,-29.1,2.9,---,-26.7,682.0,0,0,07-02,一字,10.3,0.0,0.1,07-03,一字,10.2,0.0,0.1,一字+10→一字+10,1.43,10.0,6.9,3.04,60,92,True,4.2,-5.59,False,-5.59,1.0,False,3,封次日负,True,2026-07,2026,,,,,,二接三阳
000659.SZSE,珠海中富,2024-02-28,二接三,2,阳,2024-02-26,3.33,-33.1,32.9,+--,-19.1,,0,0,02-26,实体,1.1,0.0,1.2,02-27,下影,4.9,3.9,2.3,实体+1→下影+5,2.49,6.19,8.2,2.96,23,69,False,-16.87,-12.85,False,-12.85,1.0,False,2,炸板,True,2024-02,2024,,,,,,二接三阳
000661.SZSE,长春高新,2024-10-08,二接三,2,阳,2024-09-27,7.34,-5.3,17.2,++-,13.0,,0,0,09-27,下影,4.6,0.6,4.2,09-30,下影,7.8,1.7,3.8,下影+5→下影+8,120.88,10.0,6.0,1.57,352,626,True,-0.79,-3.02,False,-3.02,1.0,False,3,封次日负,True,2024-10,2024,,,,,,二接三阳
000663.SZSE,永安林业,2025-11-21,二接三,2,阴,2025-11-19,-10.0,-16.5,31.9,+++,17.9,,0,0,11-19,下影,-2.1,2.6,16.9,11-20,下影,-2.7,5.8,31.5,下影-2→下影-3,10.78,0.61,38.3,1.59,23,35,False,-18.65,-5.29,True,-7.33,2.0,False,4,炸板,True,2025-11,2025,,,,,,二接三阴
000665.SZSE,湖北广电,2025-03-10,二接三,2,阴,2025-03-06,-0.46,-20.3,23.6,-++,8.7,,0,0,03-06,实体,0.7,0.0,4.4,03-07,一字,10.0,0.0,1.5,实体+1→一字+10,5.8,10.06,15.6,2.89,65,45,True,10.0,10.0,True,30.0,3.0,False,5,连板,False,2025-03,2025,,,,,,二接三阴
000668.SZSE,荣丰控股,2024-02-21,二接三,2,阳,2024-02-19,1.8,-57.8,13.2,---,-55.3,,0,0,02-19,下影,-1.4,2.8,5.8,02-20,下影,1.9,1.4,2.9,下影-1→下影+2,7.54,0.0,7.2,1.3,93,80,True,3.45,4.11,False,4.11,1.0,False,3,封次日正,False,2024-02,2024,,,,,,二接三阳
000668.SZSE,荣丰控股,2025-04-18,二接三,2,阴,2025-04-16,-4.12,-33.9,19.6,---,-19.8,279.0,0,0,04-16,下影,-0.2,1.2,11.1,04-17,下影,-1.1,2.4,12.0,下影-0→下影-1,6.51,0.0,16.3,1.61,50,78,False,-15.36,-15.36,False,-15.36,1.0,False,2,炸板,True,2025-04,2025,,,,,,二接三阴
000668.SZSE,荣丰控股,2026-07-27,二接三,2,阴,2026-07-23,-2.86,-38.7,2.7,---,-32.6,305.0,0,0,07-23,下影,0.0,3.1,2.8,07-24,下影,6.6,7.5,4.6,下影+0→下影+7,19.44,0.0,6.6,1.49,101,36,False,-2.52,-5.09,False,-5.09,1.0,False,2,炸板,True,2026-07,2026,,,,,,二接三阴
000670.SZSE,盈方微,2024-11-12,二接三,2,阳,2024-11-08,2.12,-11.4,61.1,+++,17.8,6.0,2,2,11-08,下影,0.4,1.0,15.0,11-11,下影,5.4,1.7,10.4,下影+0→下影+5,8.99,5.02,32.3,2.09,65,108,False,-10.68,-13.01,False,-13.01,1.0,False,2,炸板,True,2024-11,2024,,,,,,二接三阳
000670.SZSE,盈方微,2025-04-15,二接三,2,阳,2025-04-11,1.62,-28.9,16.7,---,-22.2,101.0,0,2,04-11,下影,-1.1,0.5,2.6,04-14,一字,10.0,0.0,1.8,下影-1→一字+10,7.52,3.65,19.9,2.97,44,85,False,-14.63,-12.63,False,-12.63,1.0,False,2,炸板,True,2025-04,2025,,,,,,二接三阳
000676.SZSE,智度股份,2024-10-09,二接三,2,阳,2024-09-30,2.3,-2.2,34.3,+++,26.5,172.0,0,0,09-30,下影,5.3,4.2,16.9,10-08,一字,10.0,0.0,2.3,下影+5→一字+10,9.47,9.18,24.6,1.58,29,352,False,-5.28,-14.47,False,-14.47,1.0,False,2,炸板,True,2024-10,2024,,,,,,二接三阳
000676.SZSE,智度股份,2026-07-17,二接三,2,阳,2026-07-15,0.19,-34.3,3.8,---,-7.9,419.0,0,0,07-15,下影,4.7,0.8,3.8,07-16,实体,0.0,0.0,6.6,下影+5→实体+0,6.84,6.91,20.4,2.85,29,37,True,-4.24,-7.31,False,-7.31,1.0,False,3,封次日负,True,2026-07,2026,,,,,,二接三阳
000678.SZSE,襄阳轴承,2023-06-30,二接三,2,阴,2023-06-28,-1.14,-8.3,27.0,+++,7.6,,0,0,06-28,实体,-1.5,0.2,7.2,06-29,一字,10.0,0.0,2.8,实体-1→一字+10,8.07,7.77,12.3,1.57,44,46,True,10.04,10.04,True,11.52,2.0,False,4,连板,False,2023-06,2023,,,,,,二接三阴
000678.SZSE,襄阳轴承,2023-07-03,三接四,3,阴,2023-06-28,-1.14,-8.3,27.0,+++,7.6,,0,0,06-28,实体,-1.5,0.2,7.2,06-29,一字,10.0,0.0,2.8,实体-1→一字+10→下影+8,8.88,10.04,11.6,1.42,39,44,True,0.9,1.35,False,1.35,1.0,False,4,封次日正,False,2023-07,2023,06-30,下影,7.8,1.4,12.3,三接四阴
000678.SZSE,襄阳轴承,2024-08-22,二接三,2,阳,2024-08-20,0.0,-16.3,9.0,-++,4.4,277.0,0,0,08-20,下影,0.5,3.2,2.7,08-21,一字,9.9,0.0,4.5,下影+1→一字+10,5.01,10.11,16.0,3.2,20,28,False,-21.56,-16.57,False,-16.57,1.0,False,2,炸板,True,2024-08,2024,,,,,,二接三阳
000678.SZSE,襄阳轴承,2025-03-12,二接三,2,阳,2025-03-10,2.83,-6.5,71.5,+++,38.4,129.0,0,0,03-10,下影,-2.6,0.8,18.6,03-11,实体,1.2,0.0,25.0,下影-3→实体+1,12.58,4.37,18.1,0.86,69,45,True,2.78,10.02,True,2.62,2.0,False,4,连板,False,2025-03,2025,,,,,,二接三阳
000678.SZSE,襄阳轴承,2025-03-13,三接四,3,阳,2025-03-10,2.83,-6.5,71.5,+++,38.4,129.0,0,0,03-10,下影,-2.6,0.8,18.6,03-11,实体,1.2,0.0,25.0,下影-3→实体+1→下影+4,13.84,2.78,35.6,1.48,34,69,True,-9.75,-6.72,False,-6.72,1.0,False,4,封次日负,True,2025-03,2025,03-12,下影,4.4,6.5,18.1,三接四阳
000678.SZSE,襄阳轴承,2025-03-19,二接三,2,阳,2025-03-17,-6.72,-11.0,134.3,+++,96.2,2.0,4,4,03-17,下影,1.3,6.3,22.4,03-18,下影,1.4,1.4,35.2,下影+1→下影+1,17.18,-0.45,21.8,0.74,40,56,True,1.86,10.01,True,-0.99,2.0,False,4,连板,False,2025-03,2025,,,,,,二接三阳
000678.SZSE,襄阳轴承,2025-03-20,三接四,3,阳,2025-03-17,-6.72,-11.0,134.3,+++,96.2,2.0,4,4,03-17,下影,1.3,6.3,22.4,03-18,下影,1.4,1.4,35.2,下影+1→下影+1→下影-0,18.9,1.86,23.0,0.85,55,40,True,-0.16,-10.0,False,-10.0,1.0,False,4,封次日负,True,2025-03,2025,03-19,下影,-0.4,0.3,21.8,三接四阳
000679.SZSE,大连友谊,2024-07-05,二接三,2,阳,2024-07-03,4.2,-46.8,12.7,---,-11.7,,0,0,07-03,下影,0.0,0.8,2.6,07-04,下影,5.9,0.4,7.9,下影+0→下影+6,3.3,-4.33,18.5,2.82,22,10,False,-14.24,-14.24,False,-14.24,1.0,False,2,炸板,True,2024-07,2024,,,,,,二接三阳
000679.SZSE,大连友谊,2024-11-22,二接三,2,阳,2024-11-20,-0.23,-14.9,65.8,+++,19.2,69.0,0,2,11-20,实体,1.8,0.0,4.4,11-21,下影,-0.8,3.3,14.0,实体+2→下影-1,5.87,0.0,21.6,1.7,60,88,False,-9.71,-13.12,False,-13.12,1.0,False,2,炸板,True,2024-11,2024,,,,,,二接三阳
000679.SZSE,大连友谊,2025-01-15,二接三,2,阴,2025-01-13,-6.07,-39.7,48.1,--+,-27.1,19.0,2,2,01-13,下影,-0.4,6.5,10.8,01-14,下影,5.9,4.1,14.5,下影-0→下影+6,6.8,-1.62,17.6,1.55,54,111,False,-7.65,-2.21,False,-2.21,1.0,False,2,炸板,True,2025-01,2025,,,,,,二接三阴
000679.SZSE,大连友谊,2026-06-18,二接三,2,阴,2026-06-16,-1.3,-16.8,3.4,---,-11.9,341.0,0,0,06-16,下影,0.0,2.0,3.3,06-17,下影,1.9,1.6,6.3,下影+0→下影+2,8.09,0.0,12.4,2.44,75,67,False,-6.3,-6.3,False,-6.3,1.0,False,2,炸板,True,2026-06,2026,,,,,,二接三阴
000681.SZSE,视觉中国,2024-12-13,二接三,2,阴,2024-12-11,-6.75,-14.6,85.2,+++,29.6,2.0,2,2,12-11,实体,1.7,0.1,26.2,12-12,下影,10.0,3.6,30.4,实体+2→下影+10,25.54,2.89,14.9,0.51,84,119,True,9.63,6.5,False,6.5,1.0,False,3,封次日正,False,2024-12,2024,,,,,,二接三阴
000681.SZSE,视觉中国,2024-12-16,三接四,3,阴,2024-12-11,-6.75,-14.6,85.2,+++,29.6,2.0,2,2,12-11,实体,1.7,0.1,26.2,12-12,下影,10.0,3.6,30.4,实体+2→下影+10→实体+3,28.09,9.63,37.0,1.28,89,84,False,-0.32,0.75,False,0.75,1.0,False,3,炸板,False,2024-12,2024,12-13,实体,2.9,0.1,14.9,三接四阴
000691.SZSE,亚太实业,2024-04-24,二接三,2,阴,2024-04-22,-3.25,-38.5,35.1,--+,-17.2,194.0,0,0,04-22,下影,4.9,4.0,4.0,04-23,下影,0.0,0.6,3.9,下影+5→下影+0,4.36,10.1,10.6,2.09,31,36,True,10.09,10.09,True,-0.92,2.0,False,4,连板,False,2024-04,2024,,,,,,二接三阴
000695.SZSE,滨海能源,2024-11-14,二接三,2,阳,2024-11-12,0.9,-16.1,13.9,++-,8.3,,0,0,11-12,下影,1.1,0.5,6.5,11-13,下影,0.0,4.8,10.9,下影+1→下影+0,13.5,5.62,15.7,2.11,27,50,False,-16.96,-15.7,False,-15.7,1.0,False,2,炸板,True,2024-11,2024,,,,,,二接三阳
000700.SZSE,模塑科技,2023-10-16,二接三,2,阳,2023-10-12,1.15,-13.8,25.4,+-+,-3.7,,0,0,10-12,实体,0.0,0.0,6.4,10-13,下影,1.9,3.2,9.6,实体+0→下影+2,9.34,4.36,14.8,2.13,50,28,False,-12.42,-10.6,False,-10.6,1.0,False,2,炸板,True,2023-10,2023,,,,,,二接三阳
000700.SZSE,模塑科技,2026-06-04,二接三,2,阴,2026-06-02,-3.39,-16.3,30.1,+++,20.8,98.0,0,2,06-02,下影,2.6,0.5,12.9,06-03,实体,-0.2,0.0,16.1,下影+3→实体-0,18.24,3.44,20.5,1.66,65,59,False,0.16,-5.21,False,-5.21,1.0,False,2,炸板,True,2026-06,2026,,,,,,二接三阴
000702.SZSE,正虹科技,2024-05-22,二接三,2,阴,2024-05-20,-2.1,-10.6,45.2,++-,33.1,,0,0,05-20,实体,0.0,0.0,8.1,05-21,下影,1.4,2.3,16.9,实体+0→下影+1,6.2,1.24,26.4,1.94,28,16,True,6.45,10.0,True,12.9,3.0,False,5,连板,False,2024-05,2024,,,,,,二接三阴
000702.SZSE,正虹科技,2024-05-23,三接四,3,阴,2024-05-20,-2.1,-10.6,45.2,++-,33.1,,0,0,05-20,实体,0.0,0.0,8.1,05-21,下影,1.4,2.3,16.9,实体+0→下影+1→实体+1,6.82,6.45,28.1,1.64,16,28,True,9.24,9.97,True,2.64,2.0,False,5,连板,False,2024-05,2024,05-22,实体,1.2,0.0,26.4,三接四阴
000702.SZSE,正虹科技,2024-10-29,二接三,2,阳,2024-10-25,-0.88,-8.2,104.9,+++,63.2,102.0,0,5,10-25,下影,5.9,1.1,15.0,10-28,下影,3.8,7.5,18.4,下影+6→下影+4,10.55,2.92,23.5,1.34,93,179,False,-9.95,-11.75,False,-11.75,1.0,False,2,炸板,True,2024-10,2024,,,,,,二接三阳
000705.SZSE,浙江震元,2025-07-18,二接三,2,阴,2025-07-16,-1.36,-4.8,15.2,++-,3.2,382.0,0,0,07-16,下影,6.5,0.9,5.0,07-17,一字,10.0,0.0,3.0,下影+7→一字+10,11.61,10.05,47.3,3.87,37,49,False,-17.14,-14.9,False,-14.9,1.0,False,2,炸板,True,2025-07,2025,,,,,,二接三阴
000710.SZSE,贝瑞基因,2023-11-22,二接三,2,阳,2023-11-20,1.41,-7.9,17.6,-++,13.3,145.0,0,0,11-20,实体,1.2,0.0,4.5,11-21,下影,7.0,2.3,15.0,实体+1→下影+7,14.4,8.4,5.7,1.05,44,45,True,10.0,-9.38,False,-9.38,1.0,False,3,封次日负,True,2023-11,2023,,,,,,二接三阳
000710.SZSE,贝瑞基因,2023-11-23,三接四,3,阳,2023-11-20,1.41,-7.9,17.6,-++,13.3,145.0,0,0,11-20,实体,1.2,0.0,4.5,11-21,下影,7.0,2.3,15.0,实体+1→下影+7→下影+8,15.84,10.0,29.5,2.64,32,44,False,-17.55,-17.05,False,-17.05,1.0,False,3,炸板,True,2023-11,2023,11-22,下影,8.4,1.1,5.7,三接四阳
000710.SZSE,贝瑞基因,2024-03-20,二接三,2,阳,2024-03-18,-0.61,-38.1,51.1,+++,29.1,76.0,0,3,03-18,实体,2.3,0.0,3.9,03-19,一字,10.0,0.0,5.3,实体+2→一字+10,10.87,-1.82,14.9,2.35,64,46,True,9.94,10.03,True,6.26,2.0,False,4,连板,False,2024-03,2024,,,,,,二接三阳
000710.SZSE,贝瑞基因,2024-03-21,三接四,3,阳,2024-03-18,-0.61,-38.1,51.1,+++,29.1,76.0,0,3,03-18,实体,2.3,0.0,3.9,03-19,一字,10.0,0.0,5.3,实体+2→一字+10→下影-2,11.96,9.94,14.6,1.76,56,64,True,0.0,-3.43,False,-3.43,1.0,False,4,封次日负,True,2024-03,2024,03-20,下影,-1.8,3.0,14.9,三接四阳
000710.SZSE,贝瑞基因,2025-02-11,二接三,2,阳,2025-02-07,3.56,-26.2,15.3,-+-,3.2,211.0,0,0,02-07,实体,0.6,0.0,13.7,02-10,下影,6.4,1.0,10.8,实体+1→下影+6,11.61,10.05,17.8,1.74,57,85,False,-6.98,-8.27,False,-8.27,1.0,False,2,炸板,True,2025-02,2025,,,,,,二接三阳
000712.SZSE,锦龙股份,2024-10-08,二接三,2,阳,2024-09-27,7.36,-10.3,63.9,++-,18.5,39.0,2,2,09-27,下影,0.9,3.4,14.4,09-30,下影,7.9,5.4,11.6,下影+1→下影+8,16.12,10.03,8.9,0.71,352,626,True,-3.6,-9.99,False,-9.99,1.0,False,3,封次日负,True,2024-10,2024,,,,,,二接三阳
000712.SZSE,锦龙股份,2024-11-28,二接三,2,阳,2024-11-26,2.2,-17.2,47.9,-++,-3.9,35.0,3,3,11-26,下影,0.0,0.5,14.0,11-27,下影,0.8,0.7,12.6,下影+0→下影+1,17.93,8.53,23.4,1.99,75,77,True,-3.51,9.98,True,-1.0,2.0,False,4,连板,False,2024-11,2024,,,,,,二接三阳
000712.SZSE,锦龙股份,2024-11-29,三接四,3,阳,2024-11-26,2.2,-17.2,47.9,-++,-3.9,35.0,3,3,11-26,下影,0.0,0.5,14.0,11-27,下影,0.8,0.7,12.6,下影+0→下影+1→下影+9,19.72,-3.51,23.7,1.52,105,75,True,-9.99,-9.99,False,-9.99,1.0,False,4,封次日负,True,2024-11,2024,11-28,下影,8.5,8.0,23.4,三接四阳
000712.SZSE,锦龙股份,2026-08-31,三接四,3,阴,2026-08-26,-2.21,-21.5,9.7,--+,6.4,422.0,0,0,08-26,实体,-0.3,0.2,5.9,08-27,一字,10.1,0.0,1.6,实体-0→一字+10→一字+10,12.98,8.98,27.4,3.34,78,77,True,-6.93,4.01,False,4.01,1.0,False,4,封次日正,False,2026-08,2026,08-28,一字,10.0,0.0,1.7,三接四阴
000713.SZSE,国投丰乐,2025-04-09,二接三,2,阳,2025-04-07,3.82,-8.7,17.3,+--,1.2,,0,0,04-07,下影,4.6,3.0,22.8,04-08,下影,0.1,7.2,23.4,下影+5→下影+0,9.77,4.73,30.5,1.84,87,99,False,-15.46,-9.21,False,-9.21,1.0,False,2,炸板,True,2025-04,2025,,,,,,二接三阳
000715.SZSE,中兴商业,2024-01-10,二接三,2,阴,2024-01-08,-1.42,-6.7,16.5,+--,-4.6,,0,0,01-08,下影,-0.1,3.8,8.2,01-09,一字,10.0,0.0,1.7,下影-0→一字+10,10.13,9.99,14.5,2.27,34,40,True,9.97,9.97,True,2.07,2.0,False,4,连板,False,2024-01,2024,,,,,,二接三阴
000715.SZSE,中兴商业,2024-01-11,三接四,3,阴,2024-01-08,-1.42,-6.7,16.5,+--,-4.6,,0,0,01-08,下影,-0.1,3.8,8.2,01-09,一字,10.0,0.0,1.7,下影-0→一字+10→下影+10,11.14,9.97,9.9,1.29,47,34,True,6.73,-7.18,False,-7.18,1.0,False,4,封次日负,True,2024-01,2024,01-10,下影,10.0,2.4,14.5,三接四阴
000716.SZSE,黑芝麻,2024-11-05,二接三,2,阴,2024-11-01,-1.33,-9.2,31.0,+++,13.3,,0,0,11-01,下影,-0.9,2.3,10.9,11-04,下影,4.1,2.0,19.3,下影-1→下影+4,5.91,8.01,8.0,0.79,139,122,True,9.98,9.98,True,19.8,4.0,False,6,连板,False,2024-11,2024,,,,,,二接三阴
000716.SZSE,黑芝麻,2024-12-02,二接三,2,阳,2024-11-28,0.6,-15.2,96.8,+-+,48.2,14.0,6,6,11-28,下影,-1.0,2.4,28.0,11-29,一字,9.9,0.0,10.8,下影-1→一字+10,8.88,10.04,23.8,1.0,132,105,True,0.23,10.02,True,-1.01,2.0,False,4,连板,False,2024-12,2024,,,,,,二接三阳
000716.SZSE,黑芝麻,2024-12-03,三接四,3,阳,2024-11-28,0.6,-15.2,96.8,+-+,48.2,14.0,6,6,11-28,下影,-1.0,2.4,28.0,11-29,一字,9.9,0.0,10.8,下影-1→一字+10→下影+10,9.77,0.23,47.5,1.76,92,132,True,-8.9,-10.03,False,-10.03,1.0,False,4,封次日负,True,2024-12,2024,12-02,下影,10.0,4.7,23.8,三接四阳
000717.SZSE,中南股份,2024-12-09,二接三,2,阳,2024-12-05,0.7,-17.5,79.4,+--,-1.7,43.0,6,6,12-05,下影,0.0,0.7,6.1,12-06,下影,7.9,5.4,15.1,下影+0→下影+8,3.83,-0.29,17.4,1.98,83,94,True,5.22,-8.09,False,-8.09,1.0,False,3,封次日负,True,2024-12,2024,,,,,,二接三阳
000718.SZSE,苏宁环球,2025-09-11,二接三,2,阳,2025-09-09,0.44,-4.6,9.7,--+,1.3,,0,0,09-09,下影,0.9,0.4,6.0,09-10,实体,-1.2,0.0,6.9,下影+1→实体-1,3.01,5.11,13.1,2.2,74,44,True,7.31,9.97,True,16.94,2.0,False,4,连板,False,2025-09,2025,,,,,,二接三阳
000718.SZSE,苏宁环球,2025-09-12,三接四,3,阳,2025-09-09,0.44,-4.6,9.7,--+,1.3,,0,0,09-09,下影,0.9,0.4,6.0,09-10,实体,-1.2,0.0,6.9,下影+1→实体-1→下影+5,3.31,7.31,5.2,0.78,57,74,True,3.93,6.34,False,6.34,1.0,False,4,封次日正,False,2025-09,2025,09-11,下影,5.1,3.6,13.1,三接四阳
000719.SZSE,中原传媒,2023-08-08,二接三,2,阴,2023-08-04,-2.21,-37.5,3.8,+--,-5.6,,0,0,08-04,实体,0.4,0.1,6.8,08-07,下影,4.0,0.4,14.3,实体+0→下影+4,13.53,0.08,18.9,2.02,25,23,False,-8.2,-11.31,False,-11.31,1.0,False,2,炸板,True,2023-08,2023,,,,,,二接三阴
000720.SZSE,新能泰山,2026-03-27,三接四,3,阴,2026-03-24,-4.33,-19.1,15.7,-++,2.5,40.0,2,2,03-24,一字,10.1,0.0,2.1,03-25,一字,9.9,0.0,1.4,一字+10→一字+10→一字+10,5.51,8.38,10.6,2.63,72,36,True,-0.18,-9.98,False,-9.98,1.0,False,4,封次日负,True,2026-03,2026,03-26,一字,10.1,0.0,1.7,三接四阴
000720.SZSE,新能泰山,2026-04-07,二接三,2,阴,2026-04-02,-10.07,-15.2,51.1,+++,26.9,4.0,4,4,04-02,下影,-0.8,4.3,20.5,04-03,下影,4.1,5.6,23.4,下影-1→下影+4,6.53,9.43,6.1,0.37,81,26,True,6.43,2.6,False,2.6,1.0,False,3,封次日正,False,2026-04,2026,,,,,,二接三阴
000720.SZSE,新能泰山,2026-04-08,三接四,3,阴,2026-04-02,-10.07,-15.2,51.1,+++,26.9,4.0,4,4,04-02,下影,-0.8,4.3,20.5,04-03,下影,4.1,5.6,23.4,下影-1→下影+4→下影+9,7.18,6.43,34.8,1.7,108,81,False,-9.47,-16.02,False,-16.02,1.0,False,3,炸板,True,2026-04,2026,04-07,下影,9.4,2.5,6.1,三接四阴
000722.SZSE,湖南发展,2025-05-21,二接三,2,阴,2025-05-19,-1.52,-22.3,28.5,+--,-8.0,28.0,2,2,05-19,下影,2.7,0.7,10.2,05-20,下影,3.3,0.9,22.4,下影+3→下影+3,15.49,-1.42,19.1,1.4,45,61,True,2.91,-5.75,False,-5.75,1.0,False,3,封次日负,True,2025-05,2025,,,,,,二接三阴
000722.SZSE,湖南发展,2026-03-26,二接三,2,阴,2026-03-24,-3.44,-8.0,19.5,-++,9.9,204.0,0,0,03-24,实体,1.7,0.0,4.5,03-25,一字,10.0,0.0,1.3,实体+2→一字+10,18.28,6.98,24.0,2.6,36,78,True,1.64,-7.22,False,-7.22,1.0,False,3,封次日负,True,2026-03,2026,,,,,,二接三阴
000723.SZSE,美锦能源,2024-02-08,二接三,2,阴,2024-02-06,-5.63,-37.7,2.2,---,-26.9,,0,0,02-06,实体,-2.3,0.0,1.4,02-07,实体,0.8,0.2,3.0,实体-2→实体+1,6.25,2.11,2.7,1.4,430,92,False,-3.36,-5.6,False,-5.6,1.0,False,2,炸板,True,2024-02,2024,,,,,,二接三阴
000727.SZSE,冠捷科技,2023-10-16,二接三,2,阴,2023-10-12,-5.42,-12.5,32.2,+++,16.7,,0,0,10-12,实体,-3.9,0.0,12.3,10-13,实体,4.2,0.0,11.6,实体-4→实体+4,3.72,10.06,26.7,1.64,50,28,False,-9.95,-18.01,False,-18.01,1.0,False,2,炸板,True,2023-10,2023,,,,,,二接三阴
000736.SZSE,中交发展,2024-09-19,二接三,2,阴,2024-09-13,3.78,-21.1,9.8,---,-7.1,153.0,0,0,09-13,实体,0.1,0.1,8.1,09-18,下影,-1.1,2.1,10.5,实体+0→下影-1,9.88,-3.12,14.0,1.8,46,21,False,-12.15,-1.72,False,-1.72,1.0,False,2,炸板,True,2024-09,2024,,,,,,二接三阴
000737.SZSE,北方铜业,2024-03-18,二接三,2,阳,2024-03-14,1.08,-5.9,41.5,+++,26.5,,0,0,03-14,一字,9.9,0.0,2.4,03-15,下影,4.8,7.3,13.9,一字+10→下影+5,7.49,6.17,20.1,2.53,70,56,False,-6.68,-6.94,False,-6.94,1.0,False,2,炸板,True,2024-03,2024,,,,,,二接三阳
000737.SZSE,北方铜业,2024-04-08,二接三,2,阳,2024-04-02,6.83,-2.9,124.1,+++,69.3,12.0,2,2,04-02,下影,2.4,2.6,16.3,04-03,下影,3.6,4.1,27.1,下影+2→下影+4,11.87,5.93,32.1,1.41,51,42,False,-4.72,-4.04,False,-4.04,1.0,False,2,炸板,True,2024-04,2024,,,,,,二接三阳
000750.SZSE,国海证券,2024-09-26,二接三,2,阴,2024-09-24,-0.66,-9.1,9.1,-+-,3.4,,0,0,09-24,下影,1.3,1.0,4.5,09-25,下影,6.1,2.4,8.7,下影+1→下影+6,3.99,0.83,13.2,2.33,125,43,True,10.03,10.03,True,29.82,4.0,False,6,连板,False,2024-09,2024,,,,,,二接三阴
000750.SZSE,国海证券,2024-09-27,三接四,3,阴,2024-09-24,-0.66,-9.1,9.1,-+-,3.4,,0,0,09-24,下影,1.3,1.0,4.5,09-25,下影,6.1,2.4,8.7,下影+1→下影+6→下影+1,4.39,10.03,7.5,1.08,107,125,True,10.02,10.02,True,18.0,3.0,False,6,连板,False,2024-09,2024,09-26,下影,0.8,4.1,13.2,三接四阴
000753.SZSE,漳州发展,2024-11-28,二接三,2,阳,2024-11-26,1.41,-7.5,38.5,+-+,2.6,,0,0,11-26,一字,10.0,0.0,1.5,11-27,下影,10.1,4.3,20.8,一字+10→下影+10,4.8,2.75,16.1,1.8,75,77,True,4.17,10.0,True,31.88,5.0,False,7,连板,False,2024-11,2024,,,,,,二接三阳
000753.SZSE,漳州发展,2024-11-29,三接四,3,阳,2024-11-26,1.41,-7.5,38.5,+-+,2.6,,0,0,11-26,一字,10.0,0.0,1.5,11-27,下影,10.1,4.3,20.8,一字+10→下影+10→下影+3,5.28,4.17,33.5,2.26,105,75,True,10.04,10.04,True,19.89,4.0,False,7,连板,False,2024-11,2024,11-28,下影,2.8,0.9,16.1,三接四阳
000757.SZSE,浩物股份,2023-10-20,二接三,2,阳,2023-10-18,-1.51,-4.4,15.1,+++,7.0,,0,0,10-18,下影,0.0,1.7,6.4,10-19,下影,5.2,2.0,9.1,下影+0→下影+5,6.09,9.93,28.5,2.54,35,22,False,-18.39,-18.39,False,-18.39,1.0,False,2,炸板,True,2023-10,2023,,,,,,二接三阳
000759.SZSE,中百集团,2024-12-27,二接三,2,阳,2024-12-25,3.17,-13.4,142.0,+++,108.5,4.0,5,5,12-25,下影,-7.9,2.1,31.2,12-26,下影,10.0,0.3,8.6,下影-8→下影+10,10.81,5.6,23.4,0.83,61,79,True,2.78,9.99,True,19.8,4.0,False,6,连板,False,2024-12,2024,,,,,,二接三阳
000759.SZSE,中百集团,2024-12-30,三接四,3,阳,2024-12-25,3.17,-13.4,142.0,+++,108.5,4.0,5,5,12-25,下影,-7.9,2.1,31.2,12-26,下影,10.0,0.3,8.6,下影-8→下影+10→下影+6,11.89,2.78,33.0,1.24,36,61,True,5.05,10.01,True,8.92,3.0,False,6,连板,False,2024-12,2024,12-27,下影,5.6,3.8,23.4,三接四阳
000759.SZSE,中百集团,2025-04-10,二接三,2,阴,2025-04-08,-10.04,-55.7,0.0,---,-22.3,61.0,0,6,04-08,实体,-0.7,0.3,12.5,04-09,下影,0.4,2.1,21.2,实体-1→下影+0,9.19,1.56,22.1,1.41,125,87,True,2.29,1.2,False,1.2,1.0,False,3,封次日正,False,2025-04,2025,,,,,,二接三阴
000762.SZSE,西藏矿业,2024-10-08,二接三,2,阳,2024-09-27,3.24,-1.4,14.5,+-+,3.4,,0,0,09-27,实体,2.4,0.0,8.6,09-30,下影,8.9,6.1,9.9,实体+2→下影+9,25.84,10.0,10.0,1.39,352,626,True,-4.22,-9.98,False,-9.98,1.0,False,3,封次日负,True,2024-10,2024,,,,,,二接三阳
000766.SZSE,通化金马,2023-09-01,二接三,2,阴,2023-08-30,-2.06,-4.0,36.2,+++,13.0,,0,0,08-30,下影,1.0,1.0,7.2,08-31,下影,0.9,1.3,6.9,下影+1→下影+1,8.22,4.42,10.7,1.71,17,23,False,-11.31,-2.8,True,-3.16,2.0,False,4,炸板,True,2023-09,2023,,,,,,二接三阴
000766.SZSE,通化金马,2023-09-13,二接三,2,阴,2023-09-11,0.13,-7.3,71.7,+++,33.2,7.0,2,2,09-11,实体,0.8,0.0,3.4,09-12,下影,8.3,8.2,7.4,实体+1→下影+8,10.36,2.87,13.6,2.15,16,24,True,3.28,10.04,True,30.5,3.0,False,5,连板,False,2023-09,2023,,,,,,二接三阴
000766.SZSE,通化金马,2023-09-14,三接四,3,阴,2023-09-11,0.13,-7.3,71.7,+++,33.2,7.0,2,2,09-11,实体,0.8,0.0,3.4,09-12,下影,8.3,8.2,7.4,实体+1→下影+8→实体+3,11.4,3.28,9.3,1.27,20,16,True,4.21,10.0,True,18.6,2.0,False,5,连板,False,2023-09,2023,09-13,实体,2.9,0.0,13.6,三接四阴
000777.SZSE,中核科技,2026-06-17,二接三,2,阳,2026-06-15,2.63,-37.9,3.2,---,-16.3,109.0,0,2,06-15,实体,0.1,0.0,2.5,06-16,一字,10.0,0.0,1.2,实体+0→一字+10,21.86,10.02,20.6,3.72,67,105,True,-6.45,-10.02,False,-10.02,1.0,False,3,封次日负,True,2026-06,2026,,,,,,二接三阳
000783.SZSE,长江证券,2024-09-30,二接三,2,阳,2024-09-26,3.04,-3.9,16.8,++-,11.5,,0,0,09-26,下影,-1.3,0.7,3.3,09-27,下影,2.9,0.8,6.8,下影-1→下影+3,7.22,6.71,5.2,1.3,626,107,True,9.97,9.97,True,3.32,2.0,False,4,连板,False,2024-09,2024,,,,,,二接三阳
000783.SZSE,长江证券,2024-10-08,三接四,3,阳,2024-09-26,3.04,-3.9,16.8,++-,11.5,,0,0,09-26,下影,-1.3,0.7,3.3,09-27,下影,2.9,0.8,6.8,下影-1→下影+3→实体+7,7.94,9.97,3.8,0.87,352,626,True,-3.27,-6.05,False,-6.05,1.0,False,4,封次日负,True,2024-10,2024,09-30,实体,6.7,0.2,5.2,三接四阳
000785.SZSE,居然智家,2024-12-12,二接三,2,阴,2024-12-10,-2.99,-7.4,47.3,+++,9.5,200.0,0,0,12-10,下影,5.2,2.2,4.4,12-11,下影,0.8,1.4,5.7,下影+5→下影+1,4.31,0.77,2.4,0.65,119,119,True,9.98,9.98,True,8.82,3.0,False,5,连板,False,2024-12,2024,,,,,,二接三阴
000785.SZSE,居然智家,2024-12-13,三接四,3,阴,2024-12-10,-2.99,-7.4,47.3,+++,9.5,200.0,0,0,12-10,下影,5.2,2.2,4.4,12-11,下影,0.8,1.4,5.7,下影+5→下影+1→下影+1,4.74,9.98,5.4,1.28,84,119,True,9.92,9.92,True,-1.05,2.0,False,5,连板,False,2024-12,2024,12-12,下影,0.8,0.8,2.4,三接四阴
000785.SZSE,居然智家,2025-02-12,二接三,2,阳,2025-02-10,1.17,-38.4,25.0,---,-9.0,33.0,5,5,02-10,实体,2.3,0.0,3.3,02-11,一字,10.0,0.0,0.7,实体+2→一字+10,4.6,10.05,5.1,1.86,65,57,True,8.26,10.0,True,8.91,3.0,False,5,连板,False,2025-02,2025,,,,,,二接三阳
000785.SZSE,居然智家,2025-02-13,三接四,3,阳,2025-02-10,1.17,-38.4,25.0,---,-9.0,33.0,5,5,02-10,实体,2.3,0.0,3.3,02-11,一字,10.0,0.0,0.7,实体+2→一字+10→下影+10,5.06,8.26,9.3,2.26,45,65,True,8.1,10.08,True,-0.99,2.0,False,5,连板,False,2025-02,2025,02-12,下影,10.0,5.5,5.1,三接四阳
000798.SZSE,中水渔业,2025-11-18,二接三,2,阳,2025-11-14,0.59,-3.2,13.6,+++,6.5,,0,0,11-14,实体,0.2,0.0,9.8,11-17,一字,10.0,0.0,3.1,实体+0→一字+10,11.34,7.66,15.4,2.46,37,69,True,9.96,9.96,True,31.75,5.0,False,7,连板,False,2025-11,2025,,,,,,二接三阳
000799.SZSE,酒鬼酒,2024-10-08,三接四,3,阴,2024-09-26,-1.92,-12.8,15.9,++-,8.2,,0,0,09-26,实体,-1.2,0.2,6.3,09-27,下影,7.7,1.9,5.8,实体-1→下影+8→一字+10,56.86,10.0,6.7,1.37,352,626,True,0.25,-2.3,False,-2.3,1.0,False,4,封次日负,True,2024-10,2024,09-30,一字,10.0,0.0,0.9,三接四阴
000801.SZSE,四川九洲,2024-11-20,二接三,2,阴,2024-11-18,-4.57,-19.1,53.6,+++,2.4,160.0,0,0,11-18,下影,-0.1,4.9,5.0,11-19,一字,10.0,0.0,2.5,下影-0→一字+10,16.1,9.97,14.1,2.36,119,79,True,10.0,10.0,True,19.81,4.0,False,6,连板,False,2024-11,2024,,,,,,二接三阴
000801.SZSE,四川九洲,2024-11-21,三接四,3,阴,2024-11-18,-4.57,-19.1,53.6,+++,2.4,160.0,0,0,11-18,下影,-0.1,4.9,5.0,11-19,一字,10.0,0.0,2.5,下影-0→一字+10→下影+10,17.71,10.0,3.9,0.66,88,119,True,2.77,9.99,True,8.92,3.0,False,6,连板,False,2024-11,2024,11-20,下影,10.0,2.9,14.1,三接四阴
000802.SZSE,北京文化,2023-06-07,二接三,2,阳,2023-06-05,8.72,-1.2,42.3,+++,14.7,,0,0,06-05,下影,0.3,3.2,7.7,06-06,下影,5.3,2.3,13.0,下影+0→下影+5,9.14,0.12,9.2,1.07,45,35,True,5.03,-0.88,False,-0.88,1.0,False,3,封次日负,True,2023-06,2023,,,,,,二接三阳
000802.SZSE,北京文化,2026-08-12,二接三,2,阳,2026-08-10,0.0,-22.4,26.7,+++,11.8,646.0,0,0,08-10,下影,10.1,4.7,14.3,08-11,一字,10.0,0.0,6.9,下影+10→一字+10,5.69,10.06,16.3,1.12,86,53,True,10.02,10.02,True,4.04,2.0,False,4,连板,False,2026-08,2026,,,,,,二接三阳
000802.SZSE,北京文化,2026-08-13,三接四,3,阳,2026-08-10,0.0,-22.4,26.7,+++,11.8,646.0,0,0,08-10,下影,10.1,4.7,14.3,08-11,一字,10.0,0.0,6.9,下影+10→一字+10→下影+10,6.26,10.02,19.0,1.35,50,86,True,-0.96,-5.43,False,-5.43,1.0,False,4,封次日负,True,2026-08,2026,08-12,下影,10.1,2.5,16.3,三接四阳
000803.SZSE,山高环能,2024-04-09,二接三,2,阴,2024-04-03,-0.43,-24.2,48.7,-++,14.0,,0,0,04-03,下影,-0.6,2.4,5.6,04-08,下影,2.0,3.9,9.7,下影-1→下影+2,6.17,7.49,17.7,2.44,48,51,False,-20.1,-23.01,False,-23.01,1.0,False,2,炸板,True,2024-04,2024,,,,,,二接三阴
000810.SZSE,创维数字,2024-08-19,二接三,2,阳,2024-08-15,4.52,-19.8,12.9,++-,4.8,290.0,0,0,08-15,下影,1.6,1.7,3.9,08-16,下影,6.1,1.0,8.9,下影+2→下影+6,11.08,3.87,11.4,1.84,29,22,True,-5.23,-10.02,False,-10.02,1.0,False,3,封次日负,True,2024-08,2024,,,,,,二接三阳
000811.SZSE,冰轮环境,2025-12-09,二接三,2,阳,2025-12-05,0.07,-14.1,10.0,+--,-11.3,,0,0,12-05,下影,0.1,0.7,5.4,12-08,实体,8.8,0.0,9.4,下影+0→实体+9,17.82,0.12,15.6,2.42,46,63,False,-0.9,-1.91,False,-1.91,1.0,False,2,炸板,True,2025-12,2025,,,,,,二接三阳
000811.SZSE,冰轮环境,2026-06-22,二接三,2,阴,2026-06-17,-1.92,-13.7,104.4,+-+,-12.8,125.0,0,0,06-17,一字,10.0,0.0,1.0,06-18,一字,10.0,0.0,0.4,一字+10→一字+10,44.19,7.79,7.4,1.97,122,75,True,2.13,1.77,False,1.77,1.0,False,3,封次日正,False,2026-06,2026,,,,,,二接三阴
000813.SZSE,德展健康,2024-12-10,二接三,2,阳,2024-12-06,0.63,-5.7,34.3,+++,-0.3,288.0,0,0,12-06,下影,0.3,0.3,6.0,12-09,一字,10.0,0.0,0.9,下影+0→一字+10,4.22,6.77,18.4,3.06,82,83,True,-4.74,-9.48,False,-9.48,1.0,False,3,封次日负,True,2024-12,2024,,,,,,二接三阳
000813.SZSE,德展健康,2024-12-16,二接三,2,阴,2024-12-12,-9.48,-9.5,61.9,+++,23.6,2.0,3,3,12-12,实体,-1.3,0.0,8.9,12-13,下影,1.2,3.3,19.9,实体-1→下影+1,5.08,1.73,18.6,1.17,89,84,False,-10.24,-18.5,False,-18.5,1.0,False,2,炸板,True,2024-12,2024,,,,,,二接三阴
000815.SZSE,美利云,2024-02-26,二接三,2,阳,2024-02-22,-0.95,-42.1,29.5,---,-22.8,3.0,2,2,02-22,一字,10.0,0.0,1.0,02-23,一字,10.0,0.0,0.3,一字+10→一字+10,9.76,10.03,12.2,2.29,72,79,True,-6.15,1.64,False,1.64,1.0,False,3,封次日正,False,2024-02,2024,,,,,,二接三阳
000815.SZSE,美利云,2025-03-18,二接三,2,阴,2025-03-14,-7.34,-14.4,48.9,+++,13.0,254.0,0,0,03-14,下影,5.6,0.6,8.0,03-17,下影,3.6,3.7,21.2,下影+6→下影+4,17.47,2.39,34.4,1.5,56,54,False,-2.4,-9.85,False,-9.85,1.0,False,2,炸板,True,2025-03,2025,,,,,,二接三阴
000815.SZSE,美利云,2026-03-09,二接三,2,阳,2026-03-05,4.01,-18.5,25.9,-++,3.9,234.0,0,0,03-05,下影,2.4,1.9,15.4,03-06,下影,2.3,0.6,13.8,下影+2→下影+2,17.94,1.35,32.4,1.97,34,65,True,5.96,-0.22,False,-0.22,1.0,False,3,封次日负,True,2026-03,2026,,,,,,二接三阳
000815.SZSE,美利云,2026-03-10,三接四,3,阳,2026-03-05,4.01,-18.5,25.9,-++,3.9,234.0,0,0,03-05,下影,2.4,1.9,15.4,03-06,下影,2.3,0.6,13.8,下影+2→下影+2→下影+1,19.73,5.96,39.6,1.81,49,34,False,-7.91,-10.14,False,-10.14,1.0,False,3,炸板,True,2026-03,2026,03-09,下影,1.3,4.4,32.4,三接四阳
000815.SZSE,美利云,2026-07-22,二接三,2,阴,2026-07-20,-6.26,-48.3,1.3,---,-29.0,82.0,0,3,07-20,一字,10.0,0.0,2.3,07-21,下影,9.9,0.4,4.4,一字+10→下影+10,16.13,10.03,13.0,2.31,41,83,True,2.11,9.98,True,0.37,2.0,False,4,连板,False,2026-07,2026,,,,,,二接三阴
000815.SZSE,美利云,2026-07-23,三接四,3,阴,2026-07-20,-6.26,-48.3,1.3,---,-29.0,82.0,0,3,07-20,一字,10.0,0.0,2.3,07-21,下影,9.9,0.4,4.4,一字+10→下影+10→下影+10,17.74,2.11,17.6,2.11,104,41,True,-2.09,-8.74,False,-8.74,1.0,False,4,封次日负,True,2026-07,2026,07-22,下影,10.0,4.2,13.0,三接四阴
000815.SZSE,美利云,2026-08-04,二接三,2,阴,2026-07-31,-8.0,-41.2,15.3,++-,-3.1,6.0,4,4,07-31,下影,4.1,0.7,9.2,08-03,下影,4.7,0.8,13.3,下影+4→下影+5,18.37,7.78,5.3,0.48,123,69,True,3.43,2.61,False,2.61,1.0,False,3,封次日正,False,2026-08,2026,,,,,,二接三阴
000818.SZSE,航锦科技,2025-02-07,三接四,3,阳,2025-01-27,2.62,-33.0,9.7,---,-28.3,232.0,0,0,01-27,一字,10.0,0.0,1.0,02-05,一字,10.0,0.0,0.2,一字+10→一字+10→一字+10,22.35,9.01,19.0,4.04,63,71,True,10.02,10.02,True,23.04,3.0,False,6,连板,False,2025-02,2025,02-06,一字,10.0,0.0,1.2,三接四阳
000818.SZSE,航锦科技,2025-02-21,二接三,2,阴,2025-02-19,-1.91,-6.6,155.2,+++,134.6,6.0,6,6,02-19,下影,5.6,2.8,24.7,02-20,下影,2.4,0.4,14.2,下影+6→下影+2,47.26,4.73,34.1,1.56,82,76,False,-22.89,-22.89,False,-22.89,1.0,False,2,炸板,True,2025-02,2025,,,,,,二接三阴
000820.SZSE,神雾节能,2024-01-04,二接三,2,阴,2024-01-02,-2.24,-8.0,17.3,--+,-3.9,,0,0,01-02,实体,1.0,0.3,4.1,01-03,下影,-0.9,3.0,14.6,实体+1→下影-1,5.23,6.95,14.0,1.93,37,33,True,4.97,-9.94,False,-9.94,1.0,False,3,封次日负,True,2024-01,2024,,,,,,二接三阴
000820.SZSE,神雾节能,2024-01-05,三接四,3,阴,2024-01-02,-2.24,-8.0,17.3,--+,-3.9,,0,0,01-02,实体,1.0,0.3,4.1,01-03,下影,-0.9,3.0,14.6,实体+1→下影-1→下影+7,5.75,4.97,36.6,2.58,18,37,False,-24.17,-25.91,False,-25.91,1.0,False,3,炸板,True,2024-01,2024,01-04,下影,6.9,1.9,14.0,三接四阴
000820.SZSE,神雾节能,2026-08-03,二接三,2,阴,2026-07-30,-0.68,-28.3,12.8,+-+,7.0,371.0,0,0,07-30,一字,10.0,0.0,0.2,07-31,一字,10.0,0.0,2.6,一字+10→一字+10,3.87,9.94,22.7,4.26,69,87,True,-1.81,10.08,True,6.46,2.0,False,4,连板,False,2026-08,2026,,,,,,二接三阴
000820.SZSE,神雾节能,2026-08-04,三接四,3,阴,2026-07-30,-0.68,-28.3,12.8,+-+,7.0,371.0,0,0,07-30,一字,10.0,0.0,0.2,07-31,一字,10.0,0.0,2.6,一字+10→一字+10→下影+10,4.26,-1.81,32.3,2.77,123,69,True,-3.05,-3.29,False,-3.29,1.0,False,4,封次日负,True,2026-08,2026,08-03,下影,9.9,7.1,22.7,三接四阴
000823.SZSE,超声电子,2026-06-26,二接三,2,阴,2026-06-24,-10.02,-14.5,69.4,+++,30.9,,0,0,06-24,实体,-3.9,0.0,21.8,06-25,下影,6.2,2.0,8.3,实体-4→下影+6,28.46,10.01,17.9,1.02,51,77,True,0.74,-8.85,False,-8.85,1.0,False,3,封次日负,True,2026-06,2026,,,,,,二接三阴
000828.SZSE,东莞控股,2023-11-09,三接四,3,阳,2023-11-06,0.45,-14.2,5.5,++-,0.1,,0,0,11-06,下影,8.6,1.4,1.5,11-07,一字,10.0,0.0,0.7,下影+9→一字+10→一字+10,13.2,6.5,12.0,3.87,25,41,True,-10.0,4.24,False,4.24,1.0,False,4,封次日正,False,2023-11,2023,11-08,一字,10.0,0.0,1.0,三接四阳
000833.SZSE,粤桂股份,2024-11-13,二接三,2,阴,2024-11-11,4.99,-4.0,50.5,+++,20.0,,0,0,11-11,下影,8.4,0.6,3.2,11-12,下影,10.0,4.8,28.8,下影+8→下影+10,9.53,4.16,5.2,0.4,50,65,True,9.97,9.97,True,93.07,9.0,False,11,连板,False,2024-11,2024,,,,,,二接三阴
000852.SZSE,石化机械,2025-10-23,三接四,3,阴,2025-10-20,-1.39,-12.5,2.1,+--,-6.3,,0,0,10-20,实体,0.2,0.0,3.2,10-21,一字,10.0,0.0,3.0,实体+0→一字+10→一字+10,9.34,10.01,28.8,3.92,49,51,True,-2.03,-9.96,False,-9.96,1.0,False,4,封次日负,True,2025-10,2025,10-22,一字,10.0,0.0,0.8,三接四阴
000856.SZSE,冀东装备,2025-01-22,二接三,2,阳,2025-01-20,1.56,-19.1,16.6,+--,-9.7,,0,0,01-20,下影,0.6,0.8,5.4,01-21,一字,10.0,0.0,5.5,下影+1→一字+10,9.56,10.01,21.6,2.89,36,38,True,2.2,10.04,True,19.87,4.0,False,6,连板,False,2025-01,2025,,,,,,二接三阳
000856.SZSE,冀东装备,2025-01-23,三接四,3,阳,2025-01-20,1.56,-19.1,16.6,+--,-9.7,,0,0,01-20,下影,0.6,0.8,5.4,01-21,一字,10.0,0.0,5.5,下影+1→一字+10→下影+10,10.52,2.2,34.8,2.48,36,36,True,-1.14,9.98,True,8.94,3.0,False,6,连板,False,2025-01,2025,01-22,下影,10.0,5.8,21.6,三接四阳
000856.SZSE,冀东装备,2025-02-19,二接三,2,阴,2025-02-17,-10.0,-17.1,87.0,+++,69.4,9.0,6,6,02-17,下影,-4.5,1.5,28.2,02-18,下影,6.3,0.9,10.8,下影-5→下影+6,15.33,2.3,45.8,1.47,90,37,True,-2.87,9.98,True,2.74,2.0,False,4,连板,False,2025-02,2025,,,,,,二接三阴
000856.SZSE,冀东装备,2025-02-20,三接四,3,阴,2025-02-17,-10.0,-17.1,87.0,+++,69.4,9.0,6,6,02-17,下影,-4.5,1.5,28.2,02-18,下影,6.3,0.9,10.8,下影-5→下影+6→下影+2,16.86,-2.87,32.3,1.1,76,90,True,-2.14,-6.58,False,-6.58,1.0,False,4,封次日负,True,2025-02,2025,02-19,下影,2.3,1.9,45.8,三接四阴
000858.SZSE,五 粮 液,2024-09-30,二接三,2,阴,2024-09-26,1.45,-8.8,14.8,+--,3.4,,0,0,09-26,实体,0.0,0.2,1.7,09-27,下影,5.6,2.4,2.2,实体+0→下影+6,162.51,5.6,2.5,1.45,626,107,True,10.0,0.95,False,0.95,1.0,False,3,封次日正,False,2024-09,2024,,,,,,二接三阴
000858.SZSE,五 粮 液,2024-10-08,三接四,3,阴,2024-09-26,1.45,-8.8,14.8,+--,3.4,,0,0,09-26,实体,0.0,0.2,1.7,09-27,下影,5.6,2.4,2.2,实体+0→下影+6→下影+6,178.76,10.0,3.4,1.54,352,626,False,-10.49,-17.39,False,-17.39,1.0,False,3,炸板,True,2024-10,2024,09-30,下影,5.6,2.2,2.5,三接四阴
000859.SZSE,国风新材,2024-09-03,二接三,2,阳,2024-08-30,2.89,-36.5,7.4,--+,-2.7,56.0,4,4,08-30,一字,10.0,0.0,1.1,09-02,下影,9.9,4.0,5.1,一字+10→下影+10,4.26,5.94,8.9,2.62,33,24,True,-1.88,-10.09,False,-10.09,1.0,False,3,封次日负,True,2024-09,2024,,,,,,二接三阳
000859.SZSE,国风新材,2024-10-18,二接三,2,阴,2024-10-16,-1.25,-11.6,32.9,+++,18.9,6.0,3,4,10-16,一字,10.1,0.0,1.3,10-17,下影,7.1,8.7,13.7,一字+10→下影+7,5.28,-3.75,12.1,1.95,77,41,True,9.85,10.04,True,8.14,2.0,False,4,连板,False,2024-10,2024,,,,,,二接三阴
000859.SZSE,国风新材,2024-10-21,三接四,3,阴,2024-10-16,-1.25,-11.6,32.9,+++,18.9,6.0,3,4,10-16,一字,10.1,0.0,1.3,10-17,下影,7.1,8.7,13.7,一字+10→下影+7→下影-4,5.81,9.85,12.8,1.53,89,77,True,3.27,-1.72,False,-1.72,1.0,False,4,封次日负,True,2024-10,2024,10-18,下影,-3.7,1.0,12.1,三接四阴
000859.SZSE,国风新材,2025-11-21,二接三,2,阴,2025-11-19,-0.76,-11.4,5.2,+++,0.8,222.0,0,0,11-19,下影,-0.3,0.5,7.7,11-20,下影,10.0,4.0,8.2,下影-0→下影+10,8.68,-0.89,35.3,3.2,23,35,True,0.92,10.02,True,4.95,2.0,False,4,连板,False,2025-11,2025,,,,,,二接三阴
000859.SZSE,国风新材,2025-11-24,三接四,3,阴,2025-11-19,-0.76,-11.4,5.2,+++,0.8,222.0,0,0,11-19,下影,-0.3,0.5,7.7,11-20,下影,10.0,4.0,8.2,下影-0→下影+10→下影-1,9.55,0.92,22.6,1.49,56,23,True,-9.95,-4.61,False,-4.61,1.0,False,4,封次日负,True,2025-11,2025,11-21,下影,-0.9,6.1,35.3,三接四阴
000861.SZSE,海印股份,2024-07-04,二接三,2,阳,2024-07-02,2.78,-55.4,8.8,---,-47.5,,0,0,07-02,下影,-1.4,2.7,11.2,07-03,下影,3.7,1.2,5.3,下影-1→下影+4,0.98,4.49,22.2,1.54,10,26,False,-6.12,-3.06,False,-3.06,1.0,False,2,炸板,True,2024-07,2024,,,,,,二接三阳
000880.SZSE,潍柴重机,2024-07-31,三接四,3,阳,2024-07-26,1.12,-23.4,2.3,---,-7.7,,0,0,07-26,一字,10.0,0.0,1.4,07-29,一字,9.9,0.0,1.6,一字+10→一字+10→一字+10,10.56,1.77,30.8,3.09,74,51,True,3.98,10.04,True,4.17,2.0,False,5,连板,False,2024-07,2024,07-30,一字,10.0,0.0,14.8,三接四阳
000880.SZSE,潍柴重机,2024-11-18,二接三,2,阳,2024-11-14,-0.18,-5.4,32.2,+++,8.9,68.0,0,5,11-14,实体,0.3,0.0,15.1,11-15,下影,-1.0,2.9,28.1,实体+0→下影-1,14.61,0.0,43.5,2.13,74,53,True,-9.99,-9.99,False,-9.99,1.0,False,3,封次日负,True,2024-11,2024,,,,,,二接三阳
000880.SZSE,潍柴重机,2024-12-24,二接三,2,阳,2024-12-20,3.39,-19.9,40.8,---,-6.9,24.0,3,5,12-20,下影,0.3,1.1,25.4,12-23,实体,7.6,0.2,7.0,下影+0→实体+8,15.84,7.64,50.8,2.63,62,26,False,-3.35,6.31,True,20.58,3.0,False,5,炸板,False,2024-12,2024,,,,,,二接三阳
000880.SZSE,潍柴重机,2024-12-27,二接三,2,阴,2024-12-25,6.32,-3.3,71.1,++-,22.6,2.0,3,5,12-25,实体,0.0,0.0,54.0,12-26,实体,-3.8,0.0,26.9,实体+0→实体-4,20.37,2.27,52.5,1.37,61,79,False,-6.73,-10.16,False,-10.16,1.0,False,2,炸板,True,2024-12,2024,,,,,,二接三阴
000880.SZSE,潍柴重机,2025-02-25,二接三,2,阳,2025-02-21,4.84,-6.0,113.5,+++,33.5,17.0,2,3,02-21,下影,8.4,0.5,9.9,02-24,下影,2.6,1.4,9.5,下影+8→下影+3,31.69,-4.89,33.8,2.02,46,66,True,3.0,0.0,False,0.0,1.0,False,3,封次日正,False,2025-02,2025,,,,,,二接三阳
000880.SZSE,潍柴重机,2025-03-13,二接三,2,阳,2025-03-11,-1.11,-7.9,171.6,-++,49.5,10.0,3,3,03-11,实体,-2.6,0.0,26.6,03-12,下影,6.8,1.8,17.7,实体-3→下影+7,40.3,0.0,34.5,1.45,34,69,True,-5.68,-5.21,False,-5.21,1.0,False,3,封次日负,True,2025-03,2025,,,,,,二接三阳
000880.SZSE,潍柴重机,2025-07-16,二接三,2,阴,2025-07-14,-1.97,-14.8,14.6,-++,12.7,82.0,0,3,07-14,实体,2.9,0.0,14.0,07-15,下影,3.1,1.1,19.2,实体+3→下影+3,45.78,7.83,6.8,0.62,49,38,True,-1.59,4.59,False,4.59,1.0,False,3,封次日正,False,2025-07,2025,,,,,,二接三阴
000880.SZSE,潍柴重机,2025-07-17,三接四,3,阴,2025-07-14,-1.97,-14.8,14.6,-++,12.7,82.0,0,3,07-14,实体,2.9,0.0,14.0,07-15,下影,3.1,1.1,19.2,实体+3→下影+3→下影+8,50.36,-1.59,32.8,2.04,49,49,False,-2.07,-0.71,False,-0.71,1.0,False,3,炸板,True,2025-07,2025,07-16,下影,7.8,3.8,6.8,三接四阴
000882.SZSE,华联股份,2024-09-30,二接三,2,阳,2024-09-26,4.17,-5.3,27.6,+++,9.6,,0,0,09-26,实体,0.0,0.0,6.6,09-27,下影,10.1,5.1,7.9,实体+0→下影+10,1.67,9.87,8.1,1.07,626,107,True,10.18,1.2,False,1.2,1.0,False,3,封次日正,False,2024-09,2024,,,,,,二接三阳
000882.SZSE,华联股份,2024-10-08,三接四,3,阳,2024-09-26,4.17,-5.3,27.6,+++,9.6,,0,0,09-26,实体,0.0,0.0,6.6,09-27,下影,10.1,5.1,7.9,实体+0→下影+10→下影+10,1.84,10.18,16.1,1.68,352,626,False,-14.13,-17.39,False,-17.39,1.0,False,3,炸板,True,2024-10,2024,09-30,下影,9.9,3.9,8.1,三接四阳
000882.SZSE,华联股份,2025-01-22,二接三,2,阴,2025-01-20,-5.67,-20.2,49.4,++-,4.5,11.0,2,3,01-20,下影,1.3,2.6,11.9,01-21,下影,3.5,0.4,11.6,下影+1→下影+4,3.1,2.48,30.6,2.03,36,38,True,5.48,10.0,True,9.03,3.0,False,5,连板,False,2025-01,2025,,,,,,二接三阴
000882.SZSE,华联股份,2025-01-23,三接四,3,阴,2025-01-20,-5.67,-20.2,49.4,++-,4.5,11.0,2,3,01-20,下影,1.3,2.6,11.9,01-21,下影,3.5,0.4,11.6,下影+1→下影+4→下影+2,3.41,5.48,30.5,1.64,36,36,True,0.88,9.97,True,-0.88,2.0,False,5,连板,False,2025-01,2025,01-22,下影,2.5,2.8,30.6,三接四阴
000889.SZSE,中嘉博创,2025-06-09,三接四,3,阳,2025-06-04,0.0,-12.6,25.6,--+,1.9,,0,0,06-04,一字,10.0,0.0,0.2,06-05,一字,10.1,0.0,0.1,一字+10→一字+10→一字+10,3.96,4.17,12.8,3.95,54,44,True,0.0,3.54,False,3.54,1.0,False,4,封次日正,False,2025-06,2025,06-06,一字,10.1,0.0,1.4,三接四阳
000889.SZSE,中嘉博创,2026-04-10,二接三,2,阳,2026-04-08,1.87,-19.3,7.9,---,-9.7,202.0,0,0,04-08,下影,2.8,0.6,3.5,04-09,下影,1.9,3.3,13.6,下影+3→下影+2,4.35,10.13,20.6,2.48,53,50,True,-1.61,-9.89,False,-9.89,1.0,False,3,封次日负,True,2026-04,2026,,,,,,二接三阳
000889.SZSE,中嘉博创,2026-04-16,二接三,2,阴,2026-04-14,-9.89,-9.9,29.8,++-,13.3,2.0,3,3,04-14,实体,-0.8,0.0,14.5,04-15,下影,0.2,6.7,36.6,实体-1→下影+0,5.21,-3.59,38.9,1.43,68,53,False,-6.91,1.54,False,1.54,1.0,False,2,炸板,False,2026-04,2026,,,,,,二接三阴
000889.SZSE,中嘉博创,2026-05-08,二接三,2,阴,2026-05-06,-8.11,-18.9,46.4,-++,30.0,12.0,3,3,05-06,实体,1.8,0.0,13.3,05-07,实体,8.6,0.2,5.6,实体+2→实体+9,5.89,5.79,32.5,1.64,89,91,False,-7.3,-10.7,False,-10.7,1.0,False,2,炸板,True,2026-05,2026,,,,,,二接三阴
000890.SZSE,法尔胜,2026-02-25,二接三,2,阳,2026-02-13,1.29,-29.9,29.9,++-,2.8,41.0,4,4,02-13,下影,0.2,1.1,18.0,02-24,下影,7.3,2.5,5.5,下影+0→下影+7,7.29,9.8,32.1,2.46,61,82,True,-0.41,10.01,True,5.08,2.0,False,4,连板,False,2026-02,2026,,,,,,二接三阳
000890.SZSE,法尔胜,2026-02-26,三接四,3,阳,2026-02-13,1.29,-29.9,29.9,++-,2.8,41.0,4,4,02-13,下影,0.2,1.1,18.0,02-24,下影,7.3,2.5,5.5,下影+0→下影+7→下影+10,8.02,-0.41,21.2,1.3,52,61,True,-2.37,-4.49,False,-4.49,1.0,False,4,封次日负,True,2026-02,2026,02-25,下影,9.8,7.2,32.1,三接四阳
000890.SZSE,法尔胜,2026-03-16,二接三,2,阳,2026-03-12,5.17,-4.4,112.5,+++,75.5,10.0,4,4,03-12,实体,-0.3,0.0,19.9,03-13,下影,5.1,1.4,9.3,实体-0→下影+5,12.2,0.27,31.1,1.46,39,52,True,2.87,10.0,True,11.48,2.0,False,4,连板,False,2026-03,2026,,,,,,二接三阳
000890.SZSE,法尔胜,2026-03-17,三接四,3,阳,2026-03-12,5.17,-4.4,112.5,+++,75.5,10.0,4,4,03-12,实体,-0.3,0.0,19.9,03-13,下影,5.1,1.4,9.3,实体-0→下影+5→下影+0,13.42,2.87,23.0,1.03,33,39,True,2.53,1.34,False,1.34,1.0,False,4,封次日正,False,2026-03,2026,03-16,下影,0.3,4.1,31.1,三接四阳
000892.SZSE,欢瑞世纪,2025-02-25,二接三,2,阳,2025-02-21,0.86,-35.1,22.3,+++,5.7,51.0,2,2,02-21,下影,4.8,3.1,12.6,02-24,一字,10.1,0.0,3.0,下影+5→一字+10,4.68,10.12,13.3,1.67,46,66,True,0.43,10.04,True,3.21,2.0,False,4,连板,False,2025-02,2025,,,,,,二接三阳
000892.SZSE,欢瑞世纪,2025-02-26,三接四,3,阳,2025-02-21,0.86,-35.1,22.3,+++,5.7,51.0,2,2,02-21,下影,4.8,3.1,12.6,02-24,一字,10.1,0.0,3.0,下影+5→一字+10→下影+10,5.15,0.43,33.6,2.49,81,46,True,-1.55,-6.21,False,-6.21,1.0,False,4,封次日负,True,2025-02,2025,02-25,下影,10.1,4.0,13.3,三接四阳
000892.SZSE,欢瑞世纪,2025-07-11,二接三,2,阳,2025-07-09,0.0,-9.4,42.4,-++,21.1,11.0,2,4,07-09,下影,0.0,3.0,18.4,07-10,下影,5.8,0.4,34.5,下影+0→下影+6,6.26,5.62,37.7,1.7,49,54,False,-16.77,-23.0,False,-23.0,1.0,False,2,炸板,True,2025-07,2025,,,,,,二接三阳
000892.SZSE,欢瑞世纪,2025-11-04,二接三,2,阴,2025-10-31,-0.46,-5.7,43.3,+-+,10.8,75.0,0,2,10-31,下影,6.3,3.5,17.5,11-03,下影,5.0,2.2,8.6,下影+6→下影+5,8.64,1.66,28.8,2.09,44,56,False,-6.71,-5.67,False,-5.67,1.0,False,2,炸板,True,2025-11,2025,,,,,,二接三阴
000892.SZSE,欢瑞世纪,2025-11-25,二接三,2,阴,2025-11-21,-2.06,-24.3,38.8,-++,4.9,14.0,2,2,11-21,实体,7.5,0.0,4.4,11-24,下影,5.2,7.0,29.3,实体+8→下影+5,8.86,-2.98,11.2,0.95,64,56,True,-0.9,10.05,True,-0.9,2.0,False,4,连板,False,2025-11,2025,,,,,,二接三阴
000892.SZSE,欢瑞世纪,2025-11-26,三接四,3,阴,2025-11-21,-2.06,-24.3,38.8,-++,4.9,14.0,2,2,11-21,实体,7.5,0.0,4.4,11-24,下影,5.2,7.0,29.3,实体+8→下影+5→实体-3,9.75,-0.9,37.4,2.12,54,64,True,-7.69,-9.95,False,-9.95,1.0,False,4,封次日负,True,2025-11,2025,11-25,实体,-3.0,0.0,11.2,三接四阴
000892.SZSE,欢瑞世纪,2026-02-11,二接三,2,阳,2026-02-09,-0.94,-24.0,11.9,--+,-9.2,51.0,4,4,02-09,一字,10.0,0.0,2.7,02-10,一字,10.1,0.0,1.4,一字+10→一字+10,9.87,10.03,33.7,3.59,46,48,True,-10.03,-9.32,False,-9.32,1.0,False,3,封次日负,True,2026-02,2026,,,,,,二接三阳
000892.SZSE,欢瑞世纪,2026-07-13,二接三,2,阴,2026-07-09,-4.41,-48.0,9.5,+--,-9.2,95.0,0,3,07-09,下影,-0.3,2.3,17.1,07-10,下影,1.8,1.6,20.2,下影-0→下影+2,4.62,5.0,27.2,1.58,25,79,False,-12.34,-15.37,False,-15.37,1.0,False,2,炸板,True,2026-07,2026,,,,,,二接三阴
000892.SZSE,欢瑞世纪,2026-09-03,三接四,3,阳,2026-08-31,3.17,-15.4,33.9,--+,6.0,36.0,2,2,08-31,实体,3.3,0.3,7.5,09-01,一字,10.0,0.0,1.8,实体+3→一字+10→一字+10,5.72,5.19,40.5,3.25,42,50,False,-16.61,-2.27,True,,,True,19,未完,True,2026-09,2026,09-02,一字,9.9,0.0,3.1,三接四阳
000899.SZSE,赣能股份,2024-04-18,二接三,2,阳,2024-04-16,-0.36,-5.2,32.2,+++,5.8,,0,0,04-16,一字,10.0,0.0,2.0,04-17,下影,2.7,2.2,10.3,一字+10→下影+3,10.93,1.11,15.3,2.41,52,200,False,-10.34,-5.58,False,-5.58,1.0,False,2,炸板,True,2024-04,2024,,,,,,二接三阳
000899.SZSE,赣能股份,2026-02-27,二接三,2,阳,2026-02-25,4.48,-1.2,14.5,+-+,1.8,448.0,0,0,02-25,实体,0.4,0.0,4.0,02-26,下影,6.0,3.8,5.3,实体+0→下影+6,14.61,6.78,3.7,1.07,69,52,True,1.85,0.34,False,0.34,1.0,False,3,封次日正,False,2026-02,2026,,,,,,二接三阳
000899.SZSE,赣能股份,2026-03-02,三接四,3,阳,2026-02-25,4.48,-1.2,14.5,+-+,1.8,448.0,0,0,02-25,实体,0.4,0.0,4.0,02-26,下影,6.0,3.8,5.3,实体+0→下影+6→下影+7,16.07,1.85,16.6,2.59,77,69,False,-12.51,-14.56,False,-14.56,1.0,False,3,炸板,True,2026-03,2026,02-27,下影,6.8,2.1,3.7,三接四阳
000901.SZSE,航天科技,2025-08-12,二接三,2,阴,2025-08-08,-4.23,-6.1,41.2,+++,27.4,2.0,2,2,08-08,实体,0.1,0.0,9.7,08-11,下影,5.1,0.6,6.8,实体+0→下影+5,20.52,10.03,30.1,1.82,42,63,False,-6.63,2.68,True,7.31,2.0,False,4,炸板,False,2025-08,2025,,,,,,二接三阴
000901.SZSE,航天科技,2025-12-09,二接三,2,阳,2025-12-05,3.71,-11.5,26.1,+--,-4.9,78.0,0,2,12-05,下影,-1.2,0.4,11.0,12-08,下影,8.0,0.8,5.1,下影-1→下影+8,25.69,2.01,31.5,2.29,46,63,False,-6.58,-7.59,False,-7.59,1.0,False,2,炸板,True,2025-12,2025,,,,,,二接三阳
000905.SZSE,厦门港务,2025-03-19,二接三,2,阴,2025-03-10,-1.24,-8.4,13.1,++-,2.4,,0,0,03-10,实体,3.1,0.0,6.0,03-18,一字,10.0,0.0,0.4,实体+3→一字+10,9.55,10.02,23.2,3.22,40,56,False,-12.04,-15.71,False,-15.71,1.0,False,2,炸板,True,2025-03,2025,,,,,,二接三阴
000905.SZSE,厦门港务,2025-12-09,二接三,2,阴,2025-12-05,-1.36,-15.5,34.7,+-+,3.9,177.0,0,0,12-05,下影,0.5,0.6,10.4,12-08,下影,0.0,0.8,14.6,下影+0→下影+0,14.52,6.06,9.0,0.92,46,63,True,9.92,9.99,True,4.68,2.0,False,4,连板,False,2025-12,2025,,,,,,二接三阴
000905.SZSE,厦门港务,2025-12-10,三接四,3,阴,2025-12-05,-1.36,-15.5,34.7,+-+,3.9,177.0,0,0,12-05,下影,0.5,0.6,10.4,12-08,下影,0.0,0.8,14.6,下影+0→下影+0→下影+6,15.97,9.92,19.6,1.61,50,46,True,2.69,-4.82,False,-4.82,1.0,False,4,封次日负,True,2025-12,2025,12-09,下影,6.1,1.5,9.0,三接四阴
000908.SZSE,石药景峰,2024-02-21,二接三,2,阳,2024-02-19,-0.72,-65.4,10.4,---,-57.0,,0,0,02-19,下影,0.0,1.4,8.8,02-20,下影,3.3,3.3,4.4,下影+0→下影+3,1.84,9.58,8.4,0.99,93,80,True,1.09,9.78,True,27.72,4.0,False,6,连板,False,2024-02,2024,,,,,,二接三阳
000908.SZSE,石药景峰,2024-02-22,三接四,3,阳,2024-02-19,-0.72,-65.4,10.4,---,-57.0,,0,0,02-19,下影,0.0,1.4,8.8,02-20,下影,3.3,3.3,4.4,下影+0→下影+3→下影+10,2.02,1.09,7.7,0.93,56,93,True,9.9,9.9,True,16.34,3.0,False,6,连板,False,2024-02,2024,02-21,下影,9.6,7.8,8.4,三接四阳
000917.SZSE,电广传媒,2024-03-19,二接三,2,阴,2024-03-15,2.31,-16.7,51.3,+++,27.8,183.0,0,0,03-15,一字,10.1,0.0,2.5,03-18,下影,10.0,6.6,17.5,一字+10→下影+10,7.66,3.88,6.4,0.71,46,70,True,-6.92,10.05,True,2.61,2.0,False,4,连板,False,2024-03,2024,,,,,,二接三阴
000917.SZSE,电广传媒,2024-03-20,三接四,3,阴,2024-03-15,2.31,-16.7,51.3,+++,27.8,183.0,0,0,03-15,一字,10.1,0.0,2.5,03-18,下影,10.0,6.6,17.5,一字+10→下影+10→下影+4,8.43,-6.92,23.8,1.98,64,46,True,4.39,-6.76,False,-6.76,1.0,False,4,封次日负,True,2024-03,2024,03-19,下影,3.9,0.4,6.4,三接四阴
000919.SZSE,金陵药业,2026-04-09,二接三,2,阴,2026-04-07,-0.81,-10.7,12.7,+--,-0.9,,0,0,04-07,下影,0.0,2.4,6.2,04-08,下影,4.9,1.9,15.4,下影+0→下影+5,9.8,0.9,29.6,2.67,50,108,False,-17.04,-19.08,False,-19.08,1.0,False,2,炸板,True,2026-04,2026,,,,,,二接三阴
000926.SZSE,福星股份,2024-09-30,二接三,2,阳,2024-09-26,6.09,-38.7,17.4,+--,6.1,,0,0,09-26,下影,-1.0,1.4,11.4,09-27,下影,5.7,3.0,15.5,下影-1→下影+6,2.78,5.93,13.4,1.25,626,107,False,7.91,-0.72,False,-0.72,1.0,False,2,炸板,True,2024-09,2024,,,,,,二接三阳
000931.SZSE,中 关 村,2026-08-24,二接三,2,阴,2026-08-20,-1.86,-7.9,12.0,++-,2.9,,0,0,08-20,一字,10.0,0.0,1.6,08-21,下影,9.7,3.7,8.4,一字+10→下影+10,5.6,10.02,15.0,2.74,41,47,True,-1.96,-6.79,False,-6.79,1.0,False,3,封次日负,True,2026-08,2026,,,,,,二接三阴
000936.SZSE,华西股份,2023-06-16,二接三,2,阳,2023-06-14,7.1,-2.3,40.8,+++,35.6,,0,0,06-14,一字,10.0,0.0,2.6,06-15,一字,10.0,0.0,0.8,一字+10→一字+10,11.45,9.99,12.7,1.45,41,32,True,10.04,10.04,True,15.28,2.0,False,4,连板,False,2023-06,2023,,,,,,二接三阳
000936.SZSE,华西股份,2026-08-14,二接三,2,阴,2026-08-12,-0.76,-30.8,12.0,++-,5.2,450.0,0,0,08-12,下影,0.4,0.6,3.3,08-13,实体,9.9,0.0,2.9,下影+0→实体+10,6.97,9.94,15.4,3.25,51,50,True,-1.87,-4.88,False,-4.88,1.0,False,3,封次日负,True,2026-08,2026,,,,,,二接三阴
000948.SZSE,南天信息,2024-09-23,二接三,2,阴,2024-09-19,-6.13,-6.6,31.1,+++,20.3,2.0,2,2,09-19,下影,-1.1,1.8,25.2,09-20,实体,6.4,0.0,5.5,下影-1→实体+6,20.39,8.04,37.7,1.66,45,40,False,-15.3,-15.3,False,-15.3,1.0,False,2,炸板,True,2024-09,2024,,,,,,二接三阴
000949.SZSE,新乡化纤,2024-11-20,二接三,2,阴,2024-11-18,-1.06,-11.4,25.5,+++,10.3,,0,0,11-18,实体,0.5,0.0,10.3,11-19,下影,-0.2,0.5,14.0,实体+1→下影-0,4.97,3.32,8.5,1.1,119,79,True,4.63,-1.41,False,-1.41,1.0,False,3,封次日负,True,2024-11,2024,,,,,,二接三阴
000949.SZSE,新乡化纤,2024-11-21,三接四,3,阴,2024-11-18,-1.06,-11.4,25.5,+++,10.3,,0,0,11-18,实体,0.5,0.0,10.3,11-19,下影,-0.2,0.5,14.0,实体+1→下影-0→下影+3,5.47,4.63,23.3,1.99,88,119,False,-11.88,-18.28,False,-18.28,1.0,False,3,炸板,True,2024-11,2024,11-20,下影,3.3,0.9,8.5,三接四阴
000952.SZSE,广济药业,2024-05-08,二接三,2,阳,2024-05-06,2.97,-19.3,43.6,+--,0.0,,0,0,05-06,一字,10.0,0.0,1.5,05-07,下影,10.0,9.7,8.6,一字+10→下影+10,7.85,-2.1,19.3,2.86,37,41,True,-7.01,-8.03,False,-8.03,1.0,False,3,封次日负,True,2024-05,2024,,,,,,二接三阳
000952.SZSE,广济药业,2025-10-23,二接三,2,阳,2025-10-21,1.42,-11.1,6.8,+--,-3.0,353.0,0,0,10-21,实体,0.9,0.2,6.3,10-22,一字,10.1,0.0,2.0,实体+1→一字+10,8.55,4.12,26.0,3.46,49,51,False,-16.73,-18.36,False,-18.36,1.0,False,2,炸板,True,2025-10,2025,,,,,,二接三阳
000952.SZSE,广济药业,2025-11-27,三接四,3,阴,2025-11-24,-5.19,-16.7,18.5,-++,2.0,23.0,2,2,11-24,下影,1.1,0.8,1.9,11-25,下影,3.4,3.2,10.4,下影+1→下影+3→一字+10,10.42,2.75,34.0,2.74,41,54,True,-5.95,-9.98,False,-9.98,1.0,False,4,封次日负,True,2025-11,2025,11-26,一字,10.0,0.0,12.1,三接四阴
000953.SZSE,中哲精化,2024-08-01,二接三,2,阴,2024-07-30,0.73,-22.1,23.3,+++,17.0,,0,0,07-30,下影,7.3,4.4,5.7,07-31,下影,8.9,5.0,18.0,下影+7→下影+9,3.66,3.6,13.4,1.46,50,74,True,7.1,10.11,True,19.67,4.0,False,6,连板,False,2024-08,2024,,,,,,二接三阴
000953.SZSE,中哲精化,2024-08-02,三接四,3,阴,2024-07-30,0.73,-22.1,23.3,+++,17.0,,0,0,07-30,下影,7.3,4.4,5.7,07-31,下影,8.9,5.0,18.0,下影+7→下影+9→下影+4,4.03,7.1,4.9,0.53,39,50,True,9.93,9.93,True,8.68,3.0,False,6,连板,False,2024-08,2024,08-01,下影,3.6,0.3,13.4,三接四阴
000953.SZSE,中哲精化,2024-11-27,二接三,2,阴,2024-11-25,-4.33,-24.1,57.3,--+,12.9,17.0,2,6,11-25,下影,3.7,3.0,4.1,11-26,下影,7.0,5.4,13.1,下影+4→下影+7,6.77,-0.81,23.6,2.55,77,79,False,-9.45,-12.26,False,-12.26,1.0,False,2,炸板,True,2024-11,2024,,,,,,二接三阴
000953.SZSE,中哲精化,2025-03-31,二接三,2,阳,2025-03-27,2.21,-17.2,7.2,-+-,-3.4,80.0,0,2,03-27,下影,-0.2,0.8,6.4,03-28,下影,0.0,1.8,16.8,下影-0→下影+0,6.78,0.0,31.3,2.64,27,29,False,-12.83,2.8,True,-7.52,2.0,False,4,炸板,False,2025-03,2025,,,,,,二接三阳
000955.SZSE,欣龙控股,2025-11-04,二接三,2,阳,2025-10-31,-0.53,-6.5,21.6,-++,10.4,220.0,0,0,10-31,实体,2.1,0.2,5.8,11-03,下影,2.6,1.9,9.6,实体+2→下影+3,7.5,7.04,29.0,2.71,44,56,False,-8.67,-6.27,False,-6.27,1.0,False,2,炸板,True,2025-11,2025,,,,,,二接三阳
000965.SZSE,天保基建,2024-05-06,二接三,2,阳,2024-04-29,3.45,-21.7,27.4,---,-15.9,,0,0,04-29,实体,0.0,0.0,3.9,04-30,下影,4.4,1.3,6.6,实体+0→下影+4,3.6,2.75,14.1,2.47,73,47,False,-11.94,-11.94,False,-11.94,1.0,False,2,炸板,True,2024-05,2024,,,,,,二接三阳
000965.SZSE,天保基建,2025-04-18,二接三,2,阴,2025-04-16,-2.84,-12.3,14.9,+--,-2.2,232.0,0,0,04-16,下影,6.5,0.3,6.9,04-17,下影,1.5,3.5,12.4,下影+6→下影+1,4.1,5.09,14.1,1.61,50,78,True,9.51,10.0,True,15.61,3.0,False,5,连板,False,2025-04,2025,,,,,,二接三阴
000965.SZSE,天保基建,2025-04-21,三接四,3,阴,2025-04-16,-2.84,-12.3,14.9,+--,-2.2,232.0,0,0,04-16,下影,6.5,0.3,6.9,04-17,下影,1.5,3.5,12.4,下影+6→下影+1→下影+5,4.51,9.51,5.6,0.65,86,50,True,7.32,9.98,True,5.1,2.0,False,5,连板,False,2025-04,2025,04-18,下影,5.1,5.9,14.1,三接四阴
000967.SZSE,盈峰环境,2025-02-24,二接三,2,阴,2025-02-20,-2.57,-4.5,23.2,+++,16.2,2.0,2,2,02-20,下影,0.9,3.0,7.5,02-21,下影,6.4,6.2,5.5,下影+1→下影+6,7.57,-2.03,7.3,1.06,66,82,False,-10.44,-6.74,False,-6.74,1.0,False,2,炸板,True,2025-02,2025,,,,,,二接三阴
000969.SZSE,安泰科技,2025-10-14,三接四,3,阳,2025-10-09,1.88,-7.8,8.6,+--,-2.4,,0,0,10-09,下影,5.1,0.4,4.2,10-10,下影,10.0,4.9,10.8,下影+5→下影+10→一字+10,19.86,10.03,6.4,1.22,34,48,True,0.7,0.55,False,0.55,1.0,False,4,封次日正,False,2025-10,2025,10-13,一字,10.0,0.0,2.5,三接四阳
000969.SZSE,安泰科技,2026-01-13,二接三,2,阳,2026-01-09,1.82,-7.7,34.5,+++,23.1,51.0,2,4,01-09,实体,3.1,0.0,10.8,01-12,下影,7.2,0.9,7.1,实体+3→下影+7,30.48,10.0,20.7,1.65,52,124,False,-6.2,-3.97,False,-3.97,1.0,False,2,炸板,True,2026-01,2026,,,,,,二接三阳
000972.SZSE,中基健康,2024-02-05,三接四,3,阴,2024-01-31,-3.07,-16.4,4.3,---,-13.2,,0,0,01-31,实体,0.3,0.0,0.8,02-01,一字,10.1,0.0,1.0,实体+0→一字+10→一字+10,4.63,9.98,9.2,3.14,15,25,True,5.62,9.94,True,-1.08,2.0,False,5,连板,False,2024-02,2024,02-02,一字,9.9,0.0,2.7,三接四阴
000972.SZSE,中基健康,2025-02-07,三接四,3,阳,2025-01-13,3.01,-25.9,10.0,---,-25.1,105.0,0,2,01-13,下影,9.9,4.0,4.2,02-05,一字,10.0,0.0,0.2,下影+10→一字+10→一字+10,4.0,9.89,14.4,2.97,63,71,False,-15.25,-8.75,False,-8.75,1.0,False,3,炸板,True,2025-02,2025,02-06,一字,10.0,0.0,0.2,三接四阳
000977.SZSE,浪潮信息,2024-10-08,二接三,2,阳,2024-09-27,3.0,-14.2,12.1,++-,10.6,,0,0,09-27,下影,1.9,0.8,8.7,09-30,下影,4.7,1.6,11.7,下影+2→下影+5,45.65,10.0,12.5,1.52,352,626,True,-3.61,-5.37,False,-5.37,1.0,False,3,封次日负,True,2024-10,2024,,,,,,二接三阳
000980.SZSE,众泰汽车,2023-07-05,二接三,2,阳,2023-07-03,-2.38,-32.2,6.0,-+-,-3.1,,0,0,07-03,实体,0.0,0.0,4.4,07-04,下影,10.0,3.7,3.4,实体+0→下影+10,3.28,10.07,14.3,1.91,19,42,False,-4.88,3.35,True,1.22,2.0,False,4,炸板,False,2023-07,2023,,,,,,二接三阳
000980.SZSE,众泰汽车,2024-08-02,二接三,2,阳,2024-07-31,-0.72,-39.7,5.3,---,-5.5,242.0,0,0,07-31,实体,-0.7,0.0,6.5,08-01,下影,-0.7,2.0,7.6,实体-1→下影-1,1.84,1.2,7.0,1.44,39,50,True,2.17,9.78,True,-1.09,2.0,False,4,连板,False,2024-08,2024,,,,,,二接三阳
000980.SZSE,众泰汽车,2024-08-05,三接四,3,阳,2024-07-31,-0.72,-39.7,5.3,---,-5.5,242.0,0,0,07-31,实体,-0.7,0.0,6.5,08-01,下影,-0.7,2.0,7.6,实体-1→下影-1→下影+1,2.02,2.17,4.2,0.78,38,39,True,8.91,-9.9,False,-9.9,1.0,False,4,封次日负,True,2024-08,2024,08-02,下影,1.2,1.2,7.0,三接四阳
000980.SZSE,众泰汽车,2024-10-08,二接三,2,阳,2024-09-27,3.8,-26.1,25.2,+--,11.6,37.0,4,4,09-27,实体,1.2,0.0,5.4,09-30,下影,7.8,4.4,7.8,实体+1→下影+8,2.18,10.1,9.2,1.51,352,626,True,-3.21,-10.09,False,-10.09,1.0,False,3,封次日负,True,2024-10,2024,,,,,,二接三阳
000980.SZSE,众泰汽车,2024-11-06,二接三,2,阴,2024-11-04,-7.41,-13.1,58.5,+++,25.0,8.0,4,4,11-04,实体,-2.7,0.0,2.8,11-05,下影,10.1,8.1,11.4,实体-3→下影+10,3.0,3.66,16.7,1.74,104,139,False,-5.67,-2.0,False,-2.0,1.0,False,2,炸板,True,2024-11,2024,,,,,,二接三阴
000981.SZSE,山子高科,2024-08-01,三接四,3,阳,2024-07-29,6.17,-47.6,11.7,---,-36.3,243.0,0,0,07-29,一字,10.5,0.0,0.3,07-30,一字,10.5,0.0,0.2,一字+10→一字+11→一字+10,1.28,10.34,7.3,2.47,50,74,True,0.0,10.16,True,-0.78,2.0,False,5,连板,False,2024-08,2024,07-31,一字,10.5,0.0,0.2,三接四阳
000981.SZSE,山子高科,2024-11-07,二接三,2,阳,2024-11-05,0.0,-12.3,36.0,+++,1.5,60.0,5,5,11-05,实体,-1.5,0.0,8.5,11-06,下影,5.3,2.7,12.2,实体-1→下影+5,1.82,10.3,9.4,1.08,157,104,True,9.89,9.89,True,16.48,2.0,False,4,连板,False,2024-11,2024,,,,,,二接三阳
000981.SZSE,山子高科,2024-12-09,三接四,3,阴,2024-12-04,-1.04,-13.2,91.0,+-+,27.3,18.0,4,5,12-04,实体,-2.6,0.0,17.7,12-05,下影,4.3,2.9,10.0,实体-3→下影+4→一字+10,2.79,9.84,33.5,2.06,83,94,True,1.08,10.04,True,7.53,2.0,False,5,连板,False,2024-12,2024,12-06,一字,10.0,0.0,0.9,三接四阴
000981.SZSE,山子高科,2025-09-16,二接三,2,阳,2025-09-12,-0.4,-7.4,26.0,+++,25.4,8.0,2,2,09-12,下影,0.4,0.8,20.5,09-15,下影,7.6,3.6,13.5,下影+0→下影+8,3.36,3.61,27.6,1.59,59,56,True,4.46,10.12,True,15.18,3.0,False,5,连板,False,2025-09,2025,,,,,,二接三阳
000981.SZSE,山子高科,2025-09-17,三接四,3,阳,2025-09-12,-0.4,-7.4,26.0,+++,25.4,8.0,2,2,09-12,下影,0.4,0.8,20.5,09-15,下影,7.6,3.6,13.5,下影+0→下影+8→下影+4,3.7,4.46,12.7,0.75,56,59,True,8.11,10.0,True,4.59,2.0,False,5,连板,False,2025-09,2025,09-16,下影,3.6,3.6,27.6,三接四阳
000981.SZSE,山子高科,2025-10-09,二接三,2,阳,2025-09-29,-3.85,-23.9,75.0,+++,59.8,7.0,5,5,09-29,实体,5.1,0.0,9.2,09-30,下影,4.2,1.3,15.8,实体+5→下影+4,4.66,5.19,12.6,0.84,74,39,True,3.22,-2.79,False,-2.79,1.0,False,3,封次日负,True,2025-10,2025,,,,,,二接三阳
000993.SZSE,闽东电力,2025-11-06,二接三,2,阴,2025-11-04,-0.84,-7.6,9.7,+++,7.8,,0,0,11-04,实体,-0.3,0.2,6.8,11-05,下影,0.7,2.1,14.9,实体-0→下影+1,14.12,9.89,6.0,0.9,56,54,True,4.46,-1.56,False,-1.56,1.0,False,3,封次日负,True,2025-11,2025,,,,,,二接三阴
000995.SZSE,皇台酒业,2024-09-30,二接三,2,阴,2024-09-26,-6.26,-7.8,51.5,+++,30.4,267.0,0,0,09-26,下影,-1.9,2.7,16.5,09-27,下影,4.2,3.2,17.4,下影-2→下影+4,14.55,4.08,17.3,1.07,626,107,True,9.9,1.37,False,1.37,1.0,False,3,封次日正,False,2024-09,2024,,,,,,二接三阴
000995.SZSE,皇台酒业,2026-02-02,二接三,2,阳,2026-01-29,4.86,-7.5,10.7,++-,2.7,323.0,0,0,01-29,下影,-1.6,0.8,14.9,01-30,下影,10.0,2.6,23.8,下影-2→下影+10,17.52,-4.33,35.4,2.07,32,41,True,-1.71,9.99,True,8.22,2.0,False,4,连板,False,2026-02,2026,,,,,,二接三阳
000995.SZSE,皇台酒业,2026-02-03,三接四,3,阳,2026-01-29,4.86,-7.5,10.7,++-,2.7,323.0,0,0,01-29,下影,-1.6,0.8,14.9,01-30,下影,10.0,2.6,23.8,下影-2→下影+10→下影-4,19.27,-1.71,25.7,1.18,61,32,True,2.7,-1.61,False,-1.61,1.0,False,4,封次日负,True,2026-02,2026,02-02,下影,-4.3,2.2,35.4,三接四阳
001202.SZSE,炬申股份,2025-03-25,二接三,2,阳,2025-03-21,1.76,-2.7,30.2,+++,15.0,47.0,2,2,03-21,下影,-1.3,0.9,8.9,03-24,一字,10.0,0.0,1.3,下影-1→一字+10,22.33,10.0,30.5,2.52,41,38,False,-18.54,-18.54,False,-18.54,1.0,False,2,炸板,True,2025-03,2025,,,,,,二接三阳
001203.SZSE,大中矿业,2025-10-31,二接三,2,阴,2025-10-29,-2.59,-3.9,31.3,+++,24.8,,0,0,10-29,实体,5.9,0.1,2.5,10-30,实体,5.6,0.1,3.4,实体+6→实体+6,19.5,9.98,7.6,2.03,47,42,True,3.03,3.69,False,3.69,1.0,False,3,封次日正,False,2025-10,2025,,,,,,二接三阴
001203.SZSE,大中矿业,2025-11-17,二接三,2,阴,2025-11-13,-3.77,-9.0,108.0,+++,80.6,9.0,3,3,11-13,实体,0.1,0.1,3.0,11-14,实体,1.8,0.0,2.4,实体+0→实体+2,30.89,7.66,5.4,1.26,69,59,True,6.54,-0.23,False,-0.23,1.0,False,3,封次日负,True,2025-11,2025,,,,,,二接三阴
001206.SZSE,依依股份,2024-03-21,二接三,2,阳,2024-03-19,2.38,-21.7,37.3,+++,14.6,,0,0,03-19,实体,0.0,0.0,3.8,03-20,下影,5.1,1.2,4.9,实体+0→下影+5,17.16,10.0,27.5,3.46,56,64,False,-14.69,-19.64,False,-19.64,1.0,False,2,炸板,True,2024-03,2024,,,,,,二接三阳
001208.SZSE,华菱线缆,2024-03-11,二接三,2,阳,2024-03-07,2.83,-25.8,21.7,-+-,-13.4,,0,0,03-07,下影,0.1,0.4,6.7,03-08,下影,3.5,1.0,7.8,下影+0→下影+3,10.16,9.96,21.7,2.68,69,52,False,-12.3,-14.17,False,-14.17,1.0,False,2,炸板,True,2024-03,2024,,,,,,二接三阳
001208.SZSE,华菱线缆,2025-12-16,三接四,3,阴,2025-12-11,5.39,-8.0,21.5,++-,8.0,428.0,0,0,12-11,一字,10.0,0.0,6.1,12-12,一字,10.0,0.0,2.0,一字+10→一字+10→一字+10,19.77,8.24,27.3,1.8,38,53,True,0.15,5.21,False,5.21,1.0,False,4,封次日正,False,2025-12,2025,12-15,一字,10.0,0.0,3.0,三接四阴
001209.SZSE,洪兴股份,2024-11-29,二接三,2,阳,2024-11-27,1.17,-5.2,28.6,+++,5.9,175.0,0,0,11-27,一字,10.0,0.0,6.6,11-28,一字,10.0,0.0,2.3,一字+10→一字+10,19.5,9.36,54.8,3.3,105,75,True,-5.69,10.0,True,19.79,4.0,False,6,连板,False,2024-11,2024,,,,,,二接三阳
001209.SZSE,洪兴股份,2024-12-02,三接四,3,阳,2024-11-27,1.17,-5.2,28.6,+++,5.9,175.0,0,0,11-27,一字,10.0,0.0,6.6,11-28,一字,10.0,0.0,2.3,一字+10→一字+10→下影+9,21.45,-5.69,57.2,2.15,132,105,True,2.56,10.02,True,8.9,3.0,False,6,连板,False,2024-12,2024,11-29,下影,9.4,7.3,54.8,三接四阳
001209.SZSE,洪兴股份,2025-11-07,二接三,2,阳,2025-11-05,1.02,-10.9,16.4,++-,-4.9,222.0,0,0,11-05,下影,-0.6,0.4,8.4,11-06,下影,-1.0,0.3,15.2,下影-1→下影-1,26.36,0.08,13.2,1.58,45,56,True,4.82,10.02,True,-0.95,2.0,False,4,连板,False,2025-11,2025,,,,,,二接三阳
001209.SZSE,洪兴股份,2025-11-10,三接四,3,阳,2025-11-05,1.02,-10.9,16.4,++-,-4.9,222.0,0,0,11-05,下影,-0.6,0.4,8.4,11-06,下影,-1.0,0.3,15.2,下影-1→下影-1→实体+0,29.0,4.82,14.9,1.38,56,45,True,5.72,-9.97,False,-9.97,1.0,False,4,封次日负,True,2025-11,2025,11-07,实体,0.1,0.0,13.2,三接四阳
001209.SZSE,洪兴股份,2026-02-27,二接三,2,阳,2026-02-25,1.79,-3.4,24.6,+++,11.7,69.0,0,4,02-25,实体,-0.4,0.0,21.5,02-26,实体,0.0,0.0,19.6,实体-0→实体+0,32.52,0.41,20.9,1.55,69,52,True,4.83,-9.99,False,-9.99,1.0,False,3,封次日负,True,2026-02,2026,,,,,,二接三阳
001211.SZSE,双枪科技,2024-10-29,二接三,2,阴,2024-10-25,-0.23,-7.1,29.1,+++,21.3,,0,0,10-25,实体,-0.2,0.0,3.2,10-28,下影,4.9,2.8,7.5,实体-0→下影+5,23.2,10.0,17.7,2.76,93,179,False,-17.07,-19.22,False,-19.22,1.0,False,2,炸板,True,2024-10,2024,,,,,,二接三阴
001212.SZSE,中旗新材,2024-07-25,二接三,2,阳,2024-07-23,1.18,-27.9,16.9,+--,2.4,,0,0,07-23,下影,0.1,0.9,11.0,07-24,实体,2.0,0.0,9.3,下影+0→实体+2,27.39,3.94,16.8,1.59,32,20,True,-5.07,-10.0,False,-10.0,1.0,False,3,封次日负,True,2024-07,2024,,,,,,二接三阳
001216.SZSE,华瓷股份,2024-01-19,二接三,2,阴,2024-01-17,-0.68,-2.5,13.2,-++,2.2,,0,0,01-17,实体,-0.3,0.2,7.2,01-18,一字,10.0,0.0,4.1,实体-0→一字+10,17.42,9.97,28.7,3.15,37,37,True,8.84,9.99,True,8.9,3.0,False,5,连板,False,2024-01,2024,,,,,,二接三阴
001216.SZSE,华瓷股份,2024-01-22,三接四,3,阴,2024-01-17,-0.68,-2.5,13.2,-++,2.2,,0,0,01-17,实体,-0.3,0.2,7.2,01-18,一字,10.0,0.0,4.1,实体-0→一字+10→下影+10,19.16,8.84,49.2,2.68,15,37,True,0.73,10.02,True,-0.99,2.0,False,5,连板,False,2024-01,2024,01-19,下影,10.0,4.9,28.7,三接四阴
001216.SZSE,华瓷股份,2025-11-18,二接三,2,阳,2025-11-14,1.11,-6.4,8.3,+--,-1.3,71.0,0,3,11-14,下影,-0.3,0.3,3.8,11-17,下影,-1.0,0.4,9.9,下影-0→下影-1,20.61,0.27,11.8,2.07,37,69,True,5.24,10.0,True,-1.02,2.0,False,4,连板,False,2025-11,2025,,,,,,二接三阳
001216.SZSE,华瓷股份,2025-11-19,三接四,3,阳,2025-11-14,1.11,-6.4,8.3,+--,-1.3,71.0,0,3,11-14,下影,-0.3,0.3,3.8,11-17,下影,-1.0,0.4,9.9,下影-0→下影-1→实体+0,22.67,5.24,9.8,1.33,48,37,True,-2.29,-10.01,False,-10.01,1.0,False,4,封次日负,True,2025-11,2025,11-18,实体,0.3,0.0,11.8,三接四阳
001217.SZSE,华尔泰,2024-01-02,二接三,2,阳,2023-12-28,3.83,-3.5,7.0,---,-2.0,,0,0,12-28,一字,10.0,0.0,3.4,12-29,下影,9.0,3.3,23.3,一字+10→下影+9,15.53,-4.39,23.0,2.14,48,54,True,0.97,9.98,True,10.75,2.0,False,4,连板,False,2024-01,2024,,,,,,二接三阳
001217.SZSE,华尔泰,2024-01-03,三接四,3,阳,2023-12-28,3.83,-3.5,7.0,---,-2.0,,0,0,12-28,一字,10.0,0.0,3.4,12-29,下影,9.0,3.3,23.3,一字+10→下影+9→下影-4,17.08,0.97,24.8,1.61,33,48,True,10.01,0.7,False,0.7,1.0,False,4,封次日正,False,2024-01,2024,01-02,下影,-4.4,1.0,23.0,三接四阳
001222.SZSE,源飞宠物,2024-12-04,二接三,2,阴,2024-12-02,-0.9,-6.7,46.0,+++,14.0,,0,0,12-02,下影,0.7,1.0,7.4,12-03,实体,6.0,0.0,7.7,下影+1→实体+6,19.09,5.01,35.4,2.69,69,92,True,-3.51,-10.01,False,-10.01,1.0,False,3,封次日负,True,2024-12,2024,,,,,,二接三阴
001222.SZSE,源飞宠物,2025-05-21,二接三,2,阳,2025-05-19,4.01,-1.6,51.2,+++,23.1,107.0,0,3,05-19,下影,-1.5,1.2,18.6,05-20,下影,0.5,0.5,23.0,下影-2→下影+0,22.79,5.16,45.2,1.91,45,61,False,-13.65,-18.3,False,-18.3,1.0,False,2,炸板,True,2025-05,2025,,,,,,二接三阳
001223.SZSE,欧克科技,2026-08-04,二接三,2,阴,2026-07-31,-5.11,-59.3,16.8,+--,-30.6,55.0,2,2,07-31,实体,1.9,0.0,2.3,08-03,下影,3.4,2.8,4.9,实体+2→下影+3,39.79,2.29,8.4,1.94,123,69,False,-4.52,-3.37,False,-3.37,1.0,False,2,炸板,True,2026-08,2026,,,,,,二接三阴
001225.SZSE,和泰机电,2026-05-25,二接三,2,阴,2026-05-21,-1.55,-44.8,9.2,-++,-3.4,87.0,0,2,05-21,实体,0.3,0.0,9.4,05-22,实体,2.3,0.0,19.5,实体+0→实体+2,65.05,1.45,34.3,2.43,91,99,False,-11.65,-2.69,False,-2.69,1.0,False,2,炸板,True,2026-05,2026,,,,,,二接三阴
001226.SZSE,拓山重工,2024-01-26,二接三,2,阴,2024-01-24,-10.01,-23.4,0.0,-++,-16.3,,0,0,01-24,实体,-2.9,0.0,22.5,01-25,实体,5.9,0.0,8.0,实体-3→实体+6,39.95,6.44,43.7,2.2,49,90,False,-2.68,5.01,False,5.01,1.0,False,2,炸板,False,2024-01,2024,,,,,,二接三阴
001229.SZSE,魅视科技,2024-02-21,二接三,2,阳,2024-02-19,9.35,-40.6,12.0,---,-36.7,,0,0,02-19,一字,10.0,0.0,1.6,02-20,一字,10.0,0.0,0.7,一字+10→一字+10,28.96,9.99,9.3,1.89,93,80,True,9.12,10.01,True,10.67,2.0,False,4,连板,False,2024-02,2024,,,,,,二接三阳
001229.SZSE,魅视科技,2024-02-22,三接四,3,阳,2024-02-19,9.35,-40.6,12.0,---,-36.7,,0,0,02-19,一字,10.0,0.0,1.6,02-20,一字,10.0,0.0,0.7,一字+10→一字+10→下影+10,31.86,9.12,18.2,2.57,56,93,True,8.29,0.6,False,0.6,1.0,False,4,封次日正,False,2024-02,2024,02-21,下影,10.0,4.2,9.3,三接四阳
001229.SZSE,魅视科技,2024-03-15,二接三,2,阴,2024-03-13,-7.15,-11.1,67.8,+++,43.8,14.0,4,4,03-13,下影,1.3,1.0,17.4,03-14,实体,0.4,0.0,12.2,下影+1→实体+0,43.38,3.96,38.2,2.14,56,32,False,-12.26,-11.18,False,-11.18,1.0,False,2,炸板,True,2024-03,2024,,,,,,二接三阴
001229.SZSE,魅视科技,2026-08-05,二接三,2,阴,2026-08-03,0.98,-35.9,28.1,--+,-9.9,18.0,2,2,08-03,下影,6.9,4.7,3.1,08-04,下影,4.9,8.3,12.0,下影+7→下影+5,42.33,2.81,16.1,1.77,93,123,False,4.51,-5.5,False,-5.5,1.0,False,2,炸板,True,2026-08,2026,,,,,,二接三阴
001230.SZSE,劲旅环境,2025-05-30,三接四,3,阳,2025-05-27,3.78,-10.9,26.1,+++,6.3,,0,0,05-27,实体,2.9,0.0,8.1,05-28,一字,10.0,0.0,3.0,实体+3→一字+10→一字+10,28.11,8.3,56.7,3.46,32,80,False,-17.47,-19.85,False,-19.85,1.0,False,3,炸板,True,2025-05,2025,05-29,一字,10.0,0.0,8.1,三接四阳
001231.SZSE,农心科技,2025-10-27,二接三,2,阳,2025-10-23,1.23,-5.2,14.2,++-,1.1,211.0,0,0,10-23,下影,-0.3,1.4,5.7,10-24,下影,-1.9,4.3,23.0,下影-0→下影-2,28.51,-1.0,34.5,2.55,45,47,True,4.49,-10.0,False,-10.0,1.0,False,3,封次日负,True,2025-10,2025,,,,,,二接三阳
001231.SZSE,农心科技,2026-01-06,二接三,2,阴,2025-12-31,-0.22,-24.1,16.6,+--,-3.1,47.0,3,3,12-31,下影,0.4,2.0,18.6,01-05,实体,0.2,0.2,19.9,下影+0→实体+0,30.17,5.36,23.7,1.67,96,74,True,-10.01,-10.01,False,-10.01,1.0,False,3,封次日负,True,2026-01,2026,,,,,,二接三阴
001234.SZSE,泰慕士,2025-04-15,三接四,3,阳,2025-04-10,0.51,-17.1,8.2,--+,-10.4,,0,0,04-10,实体,1.9,0.0,1.9,04-11,下影,0.0,2.7,5.1,实体+2→下影+0→一字+10,23.23,8.38,18.3,3.16,44,85,True,9.99,9.99,True,8.91,3.0,False,6,连板,False,2025-04,2025,04-14,一字,10.0,0.0,2.1,三接四阳
001234.SZSE,泰慕士,2026-04-24,二接三,2,阴,2026-04-22,-2.22,-12.2,12.1,++-,7.3,138.0,0,0,04-22,下影,-0.3,1.6,7.4,04-23,实体,0.9,0.1,10.8,下影-0→实体+1,35.77,-0.92,14.4,1.95,50,45,True,3.02,-10.01,False,-10.01,1.0,False,3,封次日负,True,2026-04,2026,,,,,,二接三阴
001236.SZSE,弘业期货,2024-09-19,二接三,2,阳,2024-09-13,-4.45,-8.3,31.0,+++,14.0,,0,0,09-13,下影,-0.7,0.4,7.7,09-18,下影,-0.4,6.1,19.9,下影-1→下影-0,10.86,-4.76,25.9,1.56,46,21,False,-6.26,5.34,True,-5.16,2.0,False,4,炸板,False,2024-09,2024,,,,,,二接三阳
001238.SZSE,浙江正特,2023-11-02,二接三,2,阴,2023-10-31,-4.58,-9.8,11.7,+--,1.8,,0,0,10-31,实体,-2.5,0.0,20.9,11-01,下影,1.6,4.0,51.5,实体-3→下影+2,29.38,-6.4,63.0,1.77,22,31,True,-5.85,-9.63,False,-9.63,1.0,False,3,封次日负,True,2023-11,2023,,,,,,二接三阴
001239.SZSE,永达股份,2023-12-21,二接三,2,阴,2023-12-19,-10.36,,,,,,0,0,12-19,实体,2.5,0.0,28.6,12-20,一字,10.0,0.0,4.7,实体+2→一字+10,22.9,9.03,23.6,0.84,31,25,True,9.13,10.0,True,-0.52,2.0,False,4,连板,False,2023-12,2023,,,,,,二接三阴
001239.SZSE,永达股份,2023-12-22,三接四,3,阴,2023-12-19,-10.36,,,,,,0,0,12-19,实体,2.5,0.0,28.6,12-20,一字,10.0,0.0,4.7,实体+2→一字+10→下影+9,25.19,9.13,42.2,1.53,18,31,True,5.2,-9.57,False,-9.57,1.0,False,4,封次日负,True,2023-12,2023,12-21,下影,9.0,2.8,23.6,三接四阴
001239.SZSE,永达股份,2024-04-15,二接三,2,阳,2024-04-11,3.72,-31.0,24.9,+--,-4.8,67.0,0,4,04-11,下影,-1.4,1.3,37.7,04-12,下影,4.6,0.5,13.2,下影-1→下影+5,23.02,9.99,75.8,2.44,22,47,False,-14.38,-14.38,False,-14.38,1.0,False,2,炸板,True,2024-04,2024,,,,,,二接三阳
001239.SZSE,永达股份,2024-08-06,二接三,2,阳,2024-08-02,-0.26,-18.5,26.0,+++,17.8,76.0,0,2,08-02,实体,1.6,0.1,26.9,08-05,下影,6.0,6.0,63.8,实体+2→下影+6,20.59,-2.78,52.0,1.43,46,38,True,-10.0,-10.0,False,-10.0,1.0,False,3,封次日负,True,2024-08,2024,,,,,,二接三阳
001255.SZSE,博菲电气,2024-11-19,二接三,2,阴,2024-11-15,-2.33,-6.4,54.3,+++,19.9,149.0,0,0,11-15,实体,-4.8,0.1,29.5,11-18,实体,0.8,0.0,22.2,实体-5→实体+1,38.48,0.0,44.1,1.33,79,74,False,-9.33,5.17,True,-5.35,2.0,False,4,炸板,False,2024-11,2024,,,,,,二接三阴
001255.SZSE,博菲电气,2025-12-18,二接三,2,阴,2025-12-16,-0.13,-22.2,4.0,-+-,-9.3,29.0,2,2,12-16,下影,0.0,2.6,28.8,12-17,实体,4.7,0.0,51.8,下影+0→实体+5,41.21,4.89,39.7,1.5,52,44,True,-9.92,-10.0,False,-10.0,1.0,False,3,封次日负,True,2025-12,2025,,,,,,二接三阴
001255.SZSE,博菲电气,2026-01-14,二接三,2,阴,2026-01-12,0.06,-16.8,14.7,+-+,5.6,15.0,3,3,01-12,下影,0.0,0.9,7.5,01-13,实体,8.4,0.1,6.4,下影+0→实体+8,45.63,4.7,13.0,1.64,79,52,True,0.15,9.99,True,8.9,3.0,False,5,连板,False,2026-01,2026,,,,,,二接三阴
001255.SZSE,博菲电气,2026-01-15,三接四,3,阴,2026-01-12,0.06,-16.8,14.7,+-+,5.6,15.0,3,3,01-12,下影,0.0,0.9,7.5,01-13,实体,8.4,0.1,6.4,下影+0→实体+8→下影+5,50.19,0.15,7.2,0.91,51,79,True,4.86,10.0,True,-1.0,2.0,False,5,连板,False,2026-01,2026,01-14,下影,4.7,1.0,13.0,三接四阴
001257.SZSE,盛龙股份,2026-06-15,二接三,2,阳,2026-06-11,-1.33,-23.6,10.2,--+,-14.9,11.0,2,2,06-11,下影,-0.1,0.5,24.5,06-12,一字,10.0,0.0,10.4,下影-0→一字+10,30.51,7.79,35.5,1.89,127,83,True,1.8,10.0,True,7.24,2.0,False,4,连板,False,2026-06,2026,,,,,,二接三阳
001257.SZSE,盛龙股份,2026-06-16,三接四,3,阳,2026-06-11,-1.33,-23.6,10.2,--+,-14.9,11.0,2,2,06-11,下影,-0.1,0.5,24.5,06-12,一字,10.0,0.0,10.4,下影-0→一字+10→下影+8,33.56,1.8,16.1,0.82,105,127,True,4.29,-2.5,False,-2.5,1.0,False,4,封次日负,True,2026-06,2026,06-15,下影,7.8,1.4,35.5,三接四阳
001258.SZSE,立新能源,2024-12-25,二接三,2,阳,2024-12-23,1.79,-7.7,19.8,-++,4.7,,0,0,12-23,下影,2.6,0.6,6.7,12-24,下影,5.1,1.6,7.8,下影+3→下影+5,9.1,10.04,23.4,2.88,31,62,False,-18.68,-17.03,False,-17.03,1.0,False,2,炸板,True,2024-12,2024,,,,,,二接三阳
001258.SZSE,立新能源,2026-07-20,二接三,2,阳,2026-07-16,4.43,-41.0,7.4,---,-13.5,313.0,0,0,07-16,下影,-1.2,0.9,5.3,07-17,下影,-1.3,1.2,6.2,下影-1→下影-1,9.1,6.89,8.8,1.85,49,29,True,10.0,10.0,True,43.19,4.0,False,6,连板,False,2026-07,2026,,,,,,二接三阳
001258.SZSE,立新能源,2026-07-21,三接四,3,阳,2026-07-16,4.43,-41.0,7.4,---,-13.5,313.0,0,0,07-16,下影,-1.2,0.9,5.3,07-17,下影,-1.3,1.2,6.2,下影-1→下影-1→下影+7,10.01,10.0,17.0,2.14,83,49,True,8.89,9.99,True,30.17,3.0,False,6,连板,False,2026-07,2026,07-20,下影,6.9,5.3,8.8,三接四阳
001259.SZSE,利仁科技,2024-04-24,二接三,2,阴,2024-04-22,-1.73,-34.8,6.6,---,-14.9,,0,0,04-22,下影,0.1,1.7,13.3,04-23,下影,-0.4,2.1,28.7,下影+0→下影-0,28.8,10.01,49.5,2.36,31,36,False,-22.88,-22.4,False,-22.4,1.0,False,2,炸板,True,2024-04,2024,,,,,,二接三阴
001260.SZSE,坤泰股份,2023-10-26,二接三,2,阴,2023-10-24,-3.26,-13.6,3.0,---,-5.5,,0,0,10-24,下影,0.9,0.4,5.9,10-25,下影,1.3,0.9,18.4,下影+1→下影+1,26.08,9.87,58.8,3.17,34,52,False,-13.19,-16.22,False,-16.22,1.0,False,2,炸板,True,2023-10,2023,,,,,,二接三阴
001266.SZSE,宏英智能,2024-06-26,二接三,2,阳,2024-06-24,1.75,-28.4,12.9,+--,-10.0,,0,0,06-24,下影,-1.5,2.2,18.0,06-25,下影,0.9,4.3,23.8,下影-1→下影+1,26.38,3.21,50.6,2.44,31,43,False,-14.67,-14.67,False,-14.67,1.0,False,2,炸板,True,2024-06,2024,,,,,,二接三阳
001266.SZSE,宏英智能,2025-12-31,二接三,2,阴,2025-12-29,-1.4,-20.2,12.0,+--,-7.3,31.0,2,2,12-29,下影,-0.3,1.3,5.8,12-30,下影,6.1,4.1,16.8,下影-0→下影+6,39.37,3.74,17.5,1.68,49,48,True,-2.13,-9.96,False,-9.96,1.0,False,3,封次日负,True,2025-12,2025,,,,,,二接三阴
001267.SZSE,汇绿生态,2024-05-22,二接三,2,阳,2024-05-20,4.09,-2.1,37.1,+++,34.7,,0,0,05-20,一字,10.0,0.0,3.1,05-21,下影,8.1,5.0,10.5,一字+10→下影+8,6.09,9.93,5.4,0.67,28,16,True,10.02,3.45,False,3.45,1.0,False,3,封次日正,False,2024-05,2024,,,,,,二接三阳
001267.SZSE,汇绿生态,2024-05-23,三接四,3,阳,2024-05-20,4.09,-2.1,37.1,+++,34.7,,0,0,05-20,一字,10.0,0.0,3.1,05-21,下影,8.1,5.0,10.5,一字+10→下影+8→下影+10,6.7,10.02,29.8,2.5,16,28,False,-4.48,-8.96,False,-8.96,1.0,False,3,炸板,True,2024-05,2024,05-22,下影,9.9,2.9,5.4,三接四阳
001267.SZSE,汇绿生态,2024-10-31,二接三,2,阳,2024-10-29,1.62,-9.1,33.3,+++,30.0,106.0,0,3,10-29,下影,1.6,1.0,6.5,10-30,一字,10.0,0.0,3.3,下影+2→一字+10,8.36,10.0,37.3,3.04,141,118,False,-4.55,-15.19,False,-15.19,1.0,False,2,炸板,True,2024-10,2024,,,,,,二接三阳
001267.SZSE,汇绿生态,2025-10-22,二接三,2,阳,2025-10-20,0.82,-23.5,32.8,--+,-11.5,51.0,2,2,10-20,下影,9.2,0.5,4.2,10-21,下影,2.0,3.8,11.0,下影+9→下影+2,19.67,4.08,23.3,2.54,51,63,False,-8.03,-9.35,False,-9.35,1.0,False,2,炸板,True,2025-10,2025,,,,,,二接三阳
001267.SZSE,汇绿生态,2026-08-06,二接三,2,阴,2026-08-04,-2.25,-58.2,7.5,---,-33.8,188.0,0,0,08-04,下影,3.1,1.0,4.0,08-05,下影,-3.4,1.2,5.0,下影+3→下影-3,38.81,1.5,12.2,1.88,69,93,True,5.67,10.0,True,10.72,2.0,False,4,连板,False,2026-08,2026,,,,,,二接三阴
001267.SZSE,汇绿生态,2026-08-07,三接四,3,阴,2026-08-04,-2.25,-58.2,7.5,---,-33.8,188.0,0,0,08-04,下影,3.1,1.0,4.0,08-05,下影,-3.4,1.2,5.0,下影+3→下影-3→下影+2,42.69,5.67,11.8,1.53,59,69,True,5.86,0.66,False,0.66,1.0,False,4,封次日正,False,2026-08,2026,08-06,下影,1.5,1.3,12.2,三接四阴
001268.SZSE,联合精密,2023-09-12,二接三,2,阴,2023-09-08,-1.91,-7.1,10.6,++-,1.8,,0,0,09-08,一字,10.0,0.0,7.6,09-11,一字,10.0,0.0,6.2,一字+10→一字+10,29.41,0.97,56.0,3.46,24,20,True,-7.85,10.0,True,25.81,4.0,False,6,连板,False,2023-09,2023,,,,,,二接三阴
001268.SZSE,联合精密,2023-09-13,三接四,3,阴,2023-09-08,-1.91,-7.1,10.6,++-,1.8,,0,0,09-08,一字,10.0,0.0,7.6,09-11,一字,10.0,0.0,6.2,一字+10→一字+10→下影+1,32.35,-7.85,52.8,2.07,16,24,True,0.06,10.02,True,14.37,3.0,False,6,连板,False,2023-09,2023,09-12,下影,1.0,8.8,56.0,三接四阴
001270.SZSE,铖昌科技,2025-04-11,二接三,2,阳,2025-04-09,2.72,-25.4,5.3,---,-18.8,123.0,0,0,04-09,下影,10.0,2.2,4.4,04-10,下影,9.8,2.4,4.0,下影+10→下影+10,36.19,1.31,17.5,2.56,64,125,False,-8.48,-9.56,False,-9.56,1.0,False,2,炸板,True,2025-04,2025,,,,,,二接三阳
001277.SZSE,速达股份,2026-08-21,二接三,2,阳,2026-08-19,1.18,-14.4,19.9,+++,16.5,186.0,0,0,08-19,下影,-0.1,1.1,5.6,08-20,下影,10.0,6.6,13.6,下影-0→下影+10,39.9,4.96,30.2,2.81,47,59,False,-20.08,-20.08,False,-20.08,1.0,False,2,炸板,True,2026-08,2026,,,,,,二接三阳
001278.SZSE,一彬科技,2023-11-22,二接三,2,阳,2023-11-20,1.99,-4.8,28.7,+++,7.2,,0,0,11-20,下影,-0.6,3.6,38.2,11-21,下影,1.3,1.3,31.7,下影-1→下影+1,33.44,5.59,54.4,1.45,44,45,True,6.73,-5.95,False,-5.95,1.0,False,3,封次日负,True,2023-11,2023,,,,,,二接三阳
001278.SZSE,一彬科技,2023-11-23,三接四,3,阳,2023-11-20,1.99,-4.8,28.7,+++,7.2,,0,0,11-20,下影,-0.6,3.6,38.2,11-21,下影,1.3,1.3,31.7,下影-1→下影+1→下影+6,36.78,6.73,77.4,1.67,32,44,False,-23.03,-19.66,False,-19.66,1.0,False,3,炸板,True,2023-11,2023,11-22,下影,5.6,12.7,54.4,三接四阳
001282.SZSE,三联锻造,2023-09-26,三接四,3,阳,2023-09-21,1.66,-17.9,10.2,---,2.7,66.0,0,2,09-21,实体,-0.8,0.2,20.7,09-22,实体,10.0,0.0,17.4,实体-1→实体+10→一字+10,44.8,3.12,41.5,1.77,24,23,True,0.45,-9.51,False,-9.51,1.0,False,4,封次日负,True,2023-09,2023,09-25,一字,10.0,0.0,25.2,三接四阳
001296.SZSE,长江材料,2025-11-25,二接三,2,阴,2025-11-21,-1.11,-16.8,11.8,-++,-4.4,56.0,2,2,11-21,下影,0.9,5.8,21.0,11-24,下影,0.8,1.6,29.9,下影+1→下影+1,30.87,10.01,10.9,0.73,64,56,True,-4.24,-8.97,False,-8.97,1.0,False,3,封次日负,True,2025-11,2025,,,,,,二接三阴
001296.SZSE,长江材料,2025-11-26,三接四,3,阴,2025-11-21,-1.11,-16.8,11.8,-++,-4.4,56.0,2,2,11-21,下影,0.9,5.8,21.0,11-24,下影,0.8,1.6,29.9,下影+1→下影+1→下影+10,33.96,-4.24,44.4,1.99,54,64,False,-23.67,-21.85,False,-21.85,1.0,False,3,炸板,True,2025-11,2025,11-25,下影,10.0,3.0,10.9,三接四阴
001298.SZSE,好上好,2023-09-28,二接三,2,阴,2023-09-26,-2.02,-19.9,7.0,--+,5.7,,0,0,09-26,下影,0.0,1.4,13.4,09-27,下影,-2.0,0.4,43.8,下影+0→下影-2,29.02,4.32,44.6,2.05,32,25,True,7.68,9.99,True,27.5,3.0,False,5,连板,False,2023-09,2023,,,,,,二接三阴
001298.SZSE,好上好,2023-10-09,三接四,3,阴,2023-09-26,-2.02,-19.9,7.0,--+,5.7,,0,0,09-26,下影,0.0,1.4,13.4,09-27,下影,-2.0,0.4,43.8,下影+0→下影-2→实体+4,31.92,7.68,16.3,0.67,41,32,True,9.99,9.99,True,15.91,2.0,False,5,连板,False,2023-10,2023,09-28,实体,4.3,0.0,44.6,三接四阴
001298.SZSE,好上好,2024-02-20,二接三,2,阴,2024-02-08,-7.69,-58.7,2.0,---,-43.4,80.0,0,5,02-08,下影,0.1,3.4,9.8,02-19,实体,2.1,0.0,10.9,下影+0→实体+2,19.97,-0.22,11.0,1.08,80,186,True,0.0,2.65,False,2.65,1.0,False,3,封次日正,False,2024-02,2024,,,,,,二接三阴
001298.SZSE,好上好,2024-02-21,三接四,3,阴,2024-02-08,-7.69,-58.7,2.0,---,-43.4,80.0,0,5,02-08,下影,0.1,3.4,9.8,02-19,实体,2.1,0.0,10.9,下影+0→实体+2→下影-0,21.97,0.0,17.9,1.49,93,80,False,-9.01,-4.55,False,-4.55,1.0,False,3,炸板,True,2024-02,2024,02-20,下影,-0.2,3.7,11.0,三接四阴
001298.SZSE,好上好,2024-03-07,二接三,2,阳,2024-03-05,6.95,-28.3,65.6,++-,2.0,10.0,3,5,03-05,实体,6.2,0.0,6.6,03-06,下影,9.8,14.5,35.9,实体+6→下影+10,31.96,-3.61,38.5,1.71,44,63,True,-3.0,-9.01,False,-9.01,1.0,False,3,封次日负,True,2024-03,2024,,,,,,二接三阳
001298.SZSE,好上好,2024-06-13,二接三,2,阴,2024-06-11,-5.0,-45.1,7.9,---,-30.4,62.0,0,3,06-11,下影,0.4,1.7,9.1,06-12,下影,4.8,2.1,21.7,下影+0→下影+5,22.26,3.75,27.7,1.62,28,35,True,0.0,-9.21,False,-9.21,1.0,False,3,封次日负,True,2024-06,2024,,,,,,二接三阴
001298.SZSE,好上好,2024-08-20,二接三,2,阳,2024-08-16,2.44,-12.9,37.9,+-+,6.6,46.0,3,3,08-16,下影,1.9,1.8,26.3,08-19,下影,5.7,0.6,20.9,下影+2→下影+6,28.46,-5.1,43.1,1.74,17,29,False,-13.74,-2.18,True,-2.85,2.0,False,4,炸板,True,2024-08,2024,,,,,,二接三阳
001298.SZSE,好上好,2024-09-09,二接三,2,阳,2024-09-05,-3.25,-16.7,38.5,-++,25.9,13.0,3,3,09-05,下影,-0.8,0.5,28.8,09-06,下影,3.6,6.5,33.5,下影-1→下影+4,33.28,9.16,46.7,1.61,39,26,False,-14.39,-14.39,False,-14.39,1.0,False,2,炸板,True,2024-09,2024,,,,,,二接三阳
001298.SZSE,好上好,2025-06-27,二接三,2,阳,2025-06-25,3.89,-27.4,17.9,++-,-20.2,75.0,0,2,06-25,下影,0.5,0.5,20.7,06-26,下影,3.0,2.0,35.0,下影+0→下影+3,29.49,3.84,54.0,1.93,42,46,True,7.87,10.0,True,13.8,2.0,False,4,连板,False,2025-06,2025,,,,,,二接三阳
001298.SZSE,好上好,2025-06-30,三接四,3,阳,2025-06-25,3.89,-27.4,17.9,++-,-20.2,75.0,0,2,06-25,下影,0.5,0.5,20.7,06-26,下影,3.0,2.0,35.0,下影+0→下影+3→下影+4,32.44,7.87,22.8,0.75,63,42,True,4.81,3.45,False,3.45,1.0,False,4,封次日正,False,2025-06,2025,06-27,下影,3.8,5.3,54.0,三接四阳
001299.SZSE,美能能源,2024-04-08,二接三,2,阳,2024-04-02,1.3,-22.3,49.9,-++,8.9,148.0,0,0,04-02,实体,0.1,0.2,8.6,04-03,下影,7.4,7.4,41.5,实体+0→下影+7,16.6,0.07,45.6,2.17,51,42,False,-22.41,-19.04,False,-19.04,1.0,False,2,炸板,True,2024-04,2024,,,,,,二接三阳
001299.SZSE,美能能源,2026-04-14,二接三,2,阳,2026-04-10,2.73,-15.2,11.4,++-,-1.1,63.0,0,2,04-10,下影,-0.2,0.5,6.5,04-13,下影,0.2,1.6,10.2,下影-0→下影+0,18.54,0.89,9.7,1.56,49,52,True,-0.97,-9.98,False,-9.98,1.0,False,3,封次日负,True,2026-04,2026,,,,,,二接三阳
001300.SZSE,三柏硕,2023-11-14,二接三,2,阴,2023-11-10,-1.07,-12.4,15.1,-+-,4.6,,0,0,11-10,下影,0.5,1.3,18.3,11-13,下影,10.0,4.6,20.2,下影+0→下影+10,16.01,8.32,23.5,1.69,32,31,True,1.19,9.99,True,59.4,7.0,False,9,连板,False,2023-11,2023,,,,,,二接三阴
001300.SZSE,三柏硕,2023-11-15,三接四,3,阴,2023-11-10,-1.07,-12.4,15.1,-+-,4.6,,0,0,11-10,下影,0.5,1.3,18.3,11-13,下影,10.0,4.6,20.2,下影+0→下影+10→下影+8,17.61,1.19,38.0,1.83,46,32,True,9.99,9.99,True,44.92,6.0,False,9,连板,False,2023-11,2023,11-14,下影,8.3,2.1,23.5,三接四阴
001309.SZSE,德明利,2025-09-23,二接三,2,阴,2025-09-19,-2.51,-7.1,62.7,+++,32.7,144.0,0,0,09-19,下影,5.3,1.6,12.8,09-22,下影,6.4,1.4,5.9,下影+5→下影+6,170.62,5.06,19.0,1.35,42,54,True,-1.18,6.67,False,6.67,1.0,False,3,封次日正,False,2025-09,2025,,,,,,二接三阴
001314.SZSE,亿道信息,2023-06-08,二接三,2,阳,2023-06-06,2.33,-6.1,25.7,+++,19.0,,0,0,06-06,一字,10.0,0.0,12.8,06-07,下影,7.9,3.4,21.2,一字+10→下影+8,60.84,10.0,65.1,2.35,26,45,False,-13.97,-19.38,False,-19.38,1.0,False,2,炸板,True,2023-06,2023,,,,,,二接三阳
001316.SZSE,润贝航科,2024-07-29,二接三,2,阳,2024-07-25,2.1,-30.2,4.4,---,-14.1,,0,0,07-25,实体,-2.3,0.2,10.2,07-26,下影,-0.6,1.3,19.1,实体-2→下影-1,36.18,5.5,36.2,2.44,47,44,True,-3.01,-7.57,False,-7.57,1.0,False,3,封次日负,True,2024-07,2024,,,,,,二接三阳
001316.SZSE,润贝航科,2025-05-07,二接三,2,阳,2025-04-30,0.08,-14.0,35.0,+++,12.9,6.0,2,2,04-30,实体,3.9,0.2,13.4,05-06,实体,3.1,0.0,26.1,实体+4→实体+3,47.26,5.42,13.6,0.78,50,79,True,3.11,10.01,True,8.38,2.0,False,4,连板,False,2025-05,2025,,,,,,二接三阳
001316.SZSE,润贝航科,2025-05-08,三接四,3,阳,2025-04-30,0.08,-14.0,35.0,+++,12.9,6.0,2,2,04-30,实体,3.9,0.2,13.4,05-06,实体,3.1,0.0,26.1,实体+4→实体+3→下影+5,51.99,3.11,36.2,1.77,51,50,True,7.69,-1.48,False,-1.48,1.0,False,4,封次日负,True,2025-05,2025,05-07,下影,5.4,1.1,13.6,三接四阳
001317.SZSE,三羊马,2025-12-17,二接三,2,阴,2025-12-15,-0.95,-21.0,8.8,++-,-5.7,,0,0,12-15,下影,0.3,1.4,24.9,12-16,下影,4.3,0.6,13.5,下影+0→下影+4,57.2,2.35,55.0,2.05,44,38,True,3.15,-6.47,False,-6.47,1.0,False,3,封次日负,True,2025-12,2025,,,,,,二接三阴
001317.SZSE,三羊马,2025-12-18,三接四,3,阴,2025-12-15,-0.95,-21.0,8.8,++-,-5.7,,0,0,12-15,下影,0.3,1.4,24.9,12-16,下影,4.3,0.6,13.5,下影+0→下影+4→下影+2,62.92,3.15,71.3,1.9,52,44,False,-19.56,-10.65,False,-10.65,1.0,False,3,炸板,True,2025-12,2025,12-17,下影,2.3,6.2,55.0,三接四阴
001318.SZSE,阳光乳业,2025-03-18,二接三,2,阴,2025-03-14,-0.87,-23.7,12.5,--+,1.6,,0,0,03-14,下影,3.3,1.1,25.2,03-17,实体,4.6,0.0,28.5,下影+3→实体+5,15.14,2.98,22.2,1.34,56,54,True,9.97,9.97,True,9.05,2.0,False,4,连板,False,2025-03,2025,,,,,,二接三阴
001318.SZSE,阳光乳业,2025-03-19,三接四,3,阴,2025-03-14,-0.87,-23.7,12.5,--+,1.6,,0,0,03-14,下影,3.3,1.1,25.2,03-17,实体,4.6,0.0,28.5,下影+3→实体+5→下影+3,16.65,9.97,23.8,1.15,40,56,True,8.11,-0.84,False,-0.84,1.0,False,4,封次日负,True,2025-03,2025,03-18,下影,3.0,1.5,22.2,三接四阴
001318.SZSE,阳光乳业,2025-07-31,二接三,2,阳,2025-07-29,1.72,-5.1,13.1,+++,3.3,89.0,0,4,07-29,下影,10.0,5.4,11.9,07-30,下影,0.0,1.5,11.0,下影+10→下影+0,18.14,3.09,18.4,1.99,34,40,True,-1.76,-9.59,False,-9.59,1.0,False,3,封次日负,True,2025-07,2025,,,,,,二接三阳
001319.SZSE,铭科精技,2023-09-20,二接三,2,阳,2023-09-18,0.88,-4.5,15.0,+++,8.9,,0,0,09-18,下影,-0.9,0.9,10.7,09-19,一字,10.0,0.0,4.8,下影-1→一字+10,28.95,9.99,47.2,3.0,14,19,False,-15.44,-15.23,False,-15.23,1.0,False,2,炸板,True,2023-09,2023,,,,,,二接三阳
001319.SZSE,铭科精技,2023-10-27,二接三,2,阳,2023-10-25,-4.05,-10.7,36.6,+-+,8.0,20.0,2,2,10-25,实体,0.0,0.2,9.6,10-26,下影,4.9,6.3,34.7,实体+0→下影+5,34.41,10.01,51.2,1.75,67,34,True,-8.31,-10.0,False,-10.0,1.0,False,3,封次日负,True,2023-10,2023,,,,,,二接三阳
001319.SZSE,铭科精技,2024-11-06,二接三,2,阳,2024-11-04,3.65,-2.2,60.4,+++,17.3,246.0,0,0,11-04,下影,1.0,1.1,43.0,11-05,下影,-1.5,2.4,41.5,下影+1→下影-2,30.65,7.68,48.0,1.42,104,139,False,-8.48,-12.89,False,-12.89,1.0,False,2,炸板,True,2024-11,2024,,,,,,二接三阳
001324.SZSE,长青科技,2023-08-16,二接三,2,阴,2023-08-14,-1.36,-20.1,7.4,+-+,-1.5,,0,0,08-14,下影,2.9,0.6,25.2,08-15,一字,10.0,0.0,6.0,下影+3→一字+10,28.89,6.63,34.1,1.53,17,21,True,3.81,10.0,True,28.07,4.0,False,6,连板,False,2023-08,2023,,,,,,二接三阴
001324.SZSE,长青科技,2023-08-17,三接四,3,阴,2023-08-14,-1.36,-20.1,7.4,+-+,-1.5,,0,0,08-14,下影,2.9,0.6,25.2,08-15,一字,10.0,0.0,6.0,下影+3→一字+10→下影+7,31.78,3.81,62.0,2.13,25,17,True,10.01,10.01,True,16.43,3.0,False,6,连板,False,2023-08,2023,08-16,下影,6.6,0.9,34.1,三接四阴
001324.SZSE,长青科技,2024-03-11,二接三,2,阳,2024-03-07,3.78,-29.3,38.5,++-,-4.1,130.0,0,0,03-07,实体,1.3,0.0,4.0,03-08,下影,10.0,0.4,8.3,实体+1→下影+10,25.2,7.59,42.8,3.09,69,52,False,-11.59,-9.13,False,-9.13,1.0,False,2,炸板,True,2024-03,2024,,,,,,二接三阳
001330.SZSE,博纳影业,2025-08-27,二接三,2,阳,2025-08-25,0.59,-1.4,12.6,+++,5.0,,0,0,08-25,实体,-0.2,0.0,7.3,08-26,下影,3.4,2.1,6.9,实体-0→下影+3,6.77,7.15,16.8,2.15,39,59,False,-19.65,-19.05,False,-19.05,1.0,False,2,炸板,True,2025-08,2025,,,,,,二接三阳
001330.SZSE,博纳影业,2025-12-10,二接三,2,阳,2025-12-08,2.92,-2.1,71.9,+++,30.4,68.0,0,2,12-08,下影,-0.1,2.2,12.2,12-09,下影,6.4,3.0,16.3,下影-0→下影+6,11.72,5.07,8.6,0.59,50,46,True,9.22,3.58,False,3.58,1.0,False,3,封次日正,False,2025-12,2025,,,,,,二接三阳
001330.SZSE,博纳影业,2025-12-11,三接四,3,阳,2025-12-08,2.92,-2.1,71.9,+++,30.4,68.0,0,2,12-08,下影,-0.1,2.2,12.2,12-09,下影,6.4,3.0,16.3,下影-0→下影+6→下影+5,12.89,9.22,21.7,1.42,27,50,False,-4.27,3.57,True,-6.75,2.0,False,5,炸板,False,2025-12,2025,12-10,下影,5.1,2.3,8.6,三接四阳
001330.SZSE,博纳影业,2026-02-11,二接三,2,阳,2026-02-09,2.28,-22.8,62.4,+++,28.9,41.0,3,3,02-09,下影,10.0,3.6,13.1,02-10,下影,8.5,5.5,6.1,下影+10→下影+8,13.72,10.02,31.9,2.09,46,48,False,-12.1,-12.1,False,-12.1,1.0,False,2,炸板,True,2026-02,2026,,,,,,二接三阳
001333.SZSE,光华股份,2025-04-01,二接三,2,阳,2025-03-28,1.21,-17.7,36.5,--+,17.6,15.0,2,2,03-28,一字,10.0,0.0,11.3,03-31,下影,-1.9,2.2,27.1,一字+10→下影-2,29.02,9.86,14.4,0.75,43,27,True,0.0,-9.99,False,-9.99,1.0,False,3,封次日负,True,2025-04,2025,,,,,,二接三阳
001336.SZSE,楚环科技,2025-12-23,二接三,2,阳,2025-12-19,3.82,-23.1,15.6,---,-5.2,,0,0,12-19,下影,0.3,0.8,8.6,12-22,下影,3.2,0.4,22.6,下影+0→下影+3,31.85,-1.0,33.0,2.21,48,72,True,-9.89,-9.98,False,-9.98,1.0,False,3,封次日负,True,2025-12,2025,,,,,,二接三阳
001337.SZSE,四川黄金,2026-01-27,二接三,2,阳,2026-01-23,4.34,-1.8,76.0,+++,53.7,193.0,0,0,01-23,下影,4.5,1.5,17.8,01-26,下影,6.9,2.3,11.8,下影+4→下影+7,60.78,0.02,20.6,1.18,46,57,True,5.3,10.0,True,20.98,2.0,False,4,连板,False,2026-01,2026,,,,,,二接三阳
001337.SZSE,四川黄金,2026-01-28,三接四,3,阳,2026-01-23,4.34,-1.8,76.0,+++,53.7,193.0,0,0,01-23,下影,4.5,1.5,17.8,01-26,下影,6.9,2.3,11.8,下影+4→下影+7→下影+0,66.86,5.3,9.0,0.56,72,46,True,10.01,9.98,False,9.98,1.0,False,4,封次日正,False,2026-01,2026,01-27,下影,0.0,5.4,20.6,三接四阳
001339.SZSE,智微智能,2023-12-29,二接三,2,阴,2023-12-27,-3.58,-25.9,18.4,--+,-0.5,134.0,0,0,12-27,下影,1.4,0.4,6.5,12-28,一字,10.0,0.0,3.4,下影+1→一字+10,34.38,7.68,19.9,2.18,54,49,True,8.29,-5.24,False,-5.24,1.0,False,3,封次日负,True,2023-12,2023,,,,,,二接三阴
001339.SZSE,智微智能,2024-01-05,二接三,2,阴,2024-01-03,-5.24,-12.6,49.4,+-+,16.9,2.0,3,3,01-03,下影,3.3,2.9,59.7,01-04,下影,-5.1,1.0,38.2,下影+3→下影-5,43.36,3.68,63.1,1.35,18,37,False,-10.06,-17.39,False,-17.39,1.0,False,2,炸板,True,2024-01,2024,,,,,,二接三阴
001358.SZSE,兴欣新材,2026-07-29,二接三,2,阴,2026-07-27,-0.73,-34.8,7.2,---,-12.7,523.0,0,0,07-27,下影,1.0,1.5,3.8,07-28,下影,0.8,0.9,5.8,下影+1→下影+1,26.98,3.02,23.9,3.06,73,57,True,-5.97,-10.01,False,-10.01,1.0,False,3,封次日负,True,2026-07,2026,,,,,,二接三阴
001366.SZSE,播恩集团,2023-12-27,二接三,2,阴,2023-12-25,-1.01,-7.5,6.9,---,-5.1,79.0,0,2,12-25,下影,0.8,0.8,21.6,12-26,下影,10.0,3.4,23.5,下影+1→下影+10,19.5,8.97,12.4,0.95,26,35,True,4.67,-10.0,False,-10.0,1.0,False,3,封次日负,True,2023-12,2023,,,,,,二接三阴
001367.SZSE,海森药业,2025-05-26,二接三,2,阳,2025-05-22,3.09,-35.8,3.4,--+,-23.7,,0,0,05-22,实体,1.4,0.0,22.1,05-23,一字,10.0,0.0,4.4,实体+1→一字+10,27.56,6.15,62.1,2.8,46,34,False,-13.86,-13.13,False,-13.13,1.0,False,2,炸板,True,2025-05,2025,,,,,,二接三阳
001373.SZSE,翔腾新材,2023-07-18,二接三,2,阳,2023-07-14,1.77,-40.9,6.1,,-11.4,,0,0,07-14,下影,0.2,0.7,33.5,07-17,下影,9.4,6.0,31.9,下影+0→下影+9,54.19,0.49,73.7,2.4,13,22,True,-1.18,-7.84,False,-7.84,1.0,False,3,封次日负,True,2023-07,2023,,,,,,二接三阳
001373.SZSE,翔腾新材,2024-04-03,二接三,2,阳,2024-04-01,1.59,-33.3,36.5,-++,-0.7,31.0,2,2,04-01,实体,-0.1,0.0,9.5,04-02,下影,8.2,2.4,31.6,实体-0→下影+8,40.81,5.82,55.5,2.59,42,47,False,-20.61,-20.61,False,-20.61,1.0,False,2,炸板,True,2024-04,2024,,,,,,二接三阳
001376.SZSE,百通能源,2024-01-31,二接三,2,阴,2024-01-29,-0.32,-62.2,6.0,---,-16.0,,0,0,01-29,下影,1.6,0.5,19.7,01-30,下影,-2.5,3.7,31.8,下影+2→下影-3,24.83,4.21,46.5,2.13,24,18,True,3.34,-9.99,False,-9.99,1.0,False,3,封次日负,True,2024-01,2024,,,,,,二接三阴
001376.SZSE,百通能源,2024-04-10,二接三,2,阳,2024-04-08,1.74,-36.6,24.0,---,-2.0,40.0,3,3,04-08,下影,-0.7,3.1,33.5,04-09,实体,4.0,0.0,29.0,下影-1→实体+4,22.59,9.98,25.5,1.21,23,48,True,8.46,10.0,True,-0.97,2.0,False,4,连板,False,2024-04,2024,,,,,,二接三阳
001376.SZSE,百通能源,2024-04-11,三接四,3,阳,2024-04-08,1.74,-36.6,24.0,---,-2.0,40.0,3,3,04-08,下影,-0.7,3.1,33.5,04-09,实体,4.0,0.0,29.0,下影-1→实体+4→下影+10,24.85,8.46,29.4,1.14,41,23,True,0.0,-9.98,False,-9.98,1.0,False,4,封次日负,True,2024-04,2024,04-10,下影,10.0,4.5,25.5,三接四阳
001379.SZSE,腾达科技,2024-07-24,二接三,2,阳,2024-07-22,0.48,-24.6,3.5,---,-11.1,113.0,0,2,07-22,实体,0.0,0.2,14.4,07-23,下影,0.6,0.5,25.4,实体+0→下影+1,16.81,-6.02,39.7,2.26,20,30,True,9.99,9.99,True,92.98,9.0,False,11,连板,False,2024-07,2024,,,,,,二接三阳
001379.SZSE,腾达科技,2024-07-25,三接四,3,阳,2024-07-22,0.48,-24.6,3.5,---,-11.1,113.0,0,2,07-22,实体,0.0,0.2,14.4,07-23,下影,0.6,0.5,25.4,实体+0→下影+1→下影-6,18.49,9.99,48.6,1.84,32,20,True,5.46,10.01,True,75.45,8.0,False,11,连板,False,2024-07,2024,07-24,下影,-6.0,0.4,39.7,三接四阳
001388.SZSE,信通电子,2026-07-15,二接三,2,阳,2026-07-13,2.37,-33.1,6.7,---,-6.2,,0,0,07-13,下影,1.3,0.7,5.1,07-14,下影,2.1,0.6,3.8,下影+1→下影+2,35.68,4.81,12.0,2.45,65,71,True,-4.68,-5.33,False,-5.33,1.0,False,3,封次日负,True,2026-07,2026,,,,,,二接三阳
001395.SZSE,亚联机械,2025-04-17,二接三,2,阳,2025-04-15,2.78,-43.7,15.0,--+,-6.6,,0,0,04-15,实体,-0.5,0.0,13.5,04-16,下影,0.5,3.3,38.3,实体-0→下影+1,51.68,0.04,48.3,1.95,78,40,True,2.11,10.0,True,3.13,2.0,False,4,连板,False,2025-04,2025,,,,,,二接三阳
001395.SZSE,亚联机械,2025-04-18,三接四,3,阳,2025-04-15,2.78,-43.7,15.0,--+,-6.6,,0,0,04-15,实体,-0.5,0.0,13.5,04-16,下影,0.5,3.3,38.3,实体-0→下影+1→下影+0,56.85,2.11,66.1,1.84,50,78,True,3.78,-6.24,False,-6.24,1.0,False,4,封次日负,True,2025-04,2025,04-17,下影,0.0,2.9,48.3,三接四阳
001395.SZSE,亚联机械,2026-07-13,二接三,2,阴,2026-07-09,-1.5,-42.3,3.7,+--,-34.4,296.0,0,0,07-09,一字,10.0,0.0,1.2,07-10,下影,8.0,1.0,7.3,一字+10→下影+8,31.49,0.59,22.4,3.37,25,79,True,-4.73,-4.13,False,-4.13,1.0,False,3,封次日负,True,2026-07,2026,,,,,,二接三阴
001396.SZSE,誉帆科技,2026-02-26,二接三,2,阳,2026-02-24,-0.5,-28.4,15.7,+++,5.7,,0,0,02-24,下影,0.0,2.2,24.3,02-25,下影,-0.4,1.0,15.1,下影+0→下影-0,61.44,1.16,42.9,2.16,52,61,False,-10.48,-8.28,False,-8.28,1.0,False,2,炸板,True,2026-02,2026,,,,,,二接三阳
001400.SZSE,江顺科技,2026-01-08,二接三,2,阴,2026-01-06,-0.23,-7.2,34.1,+++,24.0,,0,0,01-06,下影,-1.0,0.5,27.7,01-07,下影,1.9,3.1,30.6,下影-1→下影+2,103.26,0.0,20.7,0.84,77,63,True,0.15,10.0,True,17.86,2.0,False,4,连板,False,2026-01,2026,,,,,,二接三阴
001400.SZSE,江顺科技,2026-01-09,三接四,3,阴,2026-01-06,-0.23,-7.2,34.1,+++,24.0,,0,0,01-06,下影,-1.0,0.5,27.7,01-07,下影,1.9,3.1,30.6,下影-1→下影+2→实体+0,113.59,0.15,27.3,1.05,79,77,True,2.56,7.14,False,7.14,1.0,False,4,封次日正,False,2026-01,2026,01-08,实体,0.0,0.0,20.7,三接四阴
001696.SZSE,宗申动力,2024-04-01,二接三,2,阴,2024-03-28,-2.19,-8.7,50.8,+++,19.0,,0,0,03-28,实体,1.6,0.0,9.3,03-29,实体,3.8,0.0,11.5,实体+2→实体+4,8.93,0.62,19.3,2.11,67,56,False,-5.6,-0.56,False,-0.56,1.0,False,2,炸板,True,2024-04,2024,,,,,,二接三阴
001696.SZSE,宗申动力,2024-08-02,二接三,2,阳,2024-07-31,-1.83,-15.8,25.3,++-,13.9,82.0,0,2,07-31,下影,0.1,2.8,25.4,08-01,下影,1.0,2.7,28.6,下影+0→下影+1,15.69,1.68,36.0,1.34,39,50,False,-1.98,-5.48,False,-5.48,1.0,False,2,炸板,True,2024-08,2024,,,,,,二接三阳
001696.SZSE,宗申动力,2024-10-22,二接三,2,阳,2024-10-18,7.65,-8.7,65.8,-++,24.7,49.0,2,2,10-18,下影,-2.0,1.6,21.2,10-21,下影,6.6,1.5,4.8,下影-2→下影+7,20.79,10.0,19.3,1.23,85,89,True,-3.32,3.56,False,3.56,1.0,False,3,封次日正,False,2024-10,2024,,,,,,二接三阳
001696.SZSE,宗申动力,2024-10-23,三接四,3,阳,2024-10-18,7.65,-8.7,65.8,-++,24.7,49.0,2,2,10-18,下影,-2.0,1.6,21.2,10-21,下影,6.6,1.5,4.8,下影-2→下影+7→下影+10,22.87,-3.32,40.8,1.87,76,85,False,-1.92,-0.83,False,-0.83,1.0,False,3,炸板,True,2024-10,2024,10-22,下影,10.0,4.7,19.3,三接四阳
001696.SZSE,宗申动力,2024-10-29,二接三,2,阳,2024-10-25,5.34,-3.5,140.8,+++,84.8,3.0,3,3,10-25,实体,-2.0,0.1,23.1,10-28,下影,6.5,1.2,19.8,实体-2→下影+7,30.2,2.0,39.0,1.24,93,179,False,-7.95,6.36,True,11.49,2.0,False,4,炸板,False,2024-10,2024,,,,,,二接三阳
001696.SZSE,宗申动力,2026-06-10,二接三,2,阳,2026-06-08,1.68,-40.1,3.7,---,-19.1,390.0,0,0,06-08,实体,-1.4,0.1,4.5,06-09,下影,1.6,1.3,7.8,实体-1→下影+2,19.31,2.62,20.3,2.7,63,107,False,-1.61,8.54,True,18.28,2.0,False,4,炸板,False,2026-06,2026,,,,,,二接三阳
002006.SZSE,精工科技,2024-11-21,二接三,2,阳,2024-11-19,2.32,-9.3,32.0,+++,3.6,,0,0,11-19,实体,-0.9,0.0,7.7,11-20,下影,1.9,0.3,8.1,实体-1→下影+2,18.23,8.63,19.3,2.4,88,119,False,-8.61,-16.07,False,-16.07,1.0,False,2,炸板,True,2024-11,2024,,,,,,二接三阳
002009.SZSE,天奇股份,2024-02-28,二接三,2,阳,2024-02-26,6.91,-36.1,43.4,+--,-12.4,,0,0,02-26,下影,10.0,5.0,5.6,02-27,下影,1.0,0.6,8.0,下影+10→下影+1,14.22,9.98,18.8,2.43,23,69,False,-9.28,-4.57,False,-4.57,1.0,False,2,炸板,True,2024-02,2024,,,,,,二接三阳
002009.SZSE,天奇股份,2024-03-08,二接三,2,阴,2024-03-06,-5.87,-27.2,63.5,++-,13.5,6.0,2,2,03-06,下影,0.6,0.7,9.8,03-07,一字,10.0,0.0,1.3,下影+1→一字+10,16.21,9.97,28.8,2.36,52,44,False,-12.28,-9.56,False,-9.56,1.0,False,2,炸板,True,2024-03,2024,,,,,,二接三阴
002009.SZSE,天奇股份,2025-12-29,二接三,2,阳,2025-12-25,0.38,-15.3,6.4,---,-1.6,439.0,0,0,12-25,一字,10.0,0.0,6.9,12-26,一字,10.0,0.0,5.2,一字+10→一字+10,21.3,9.92,43.6,3.61,64,69,True,2.21,10.0,True,6.2,2.0,False,4,连板,False,2025-12,2025,,,,,,二接三阳
002009.SZSE,天奇股份,2025-12-30,三接四,3,阳,2025-12-25,0.38,-15.3,6.4,---,-1.6,439.0,0,0,12-25,一字,10.0,0.0,6.9,12-26,一字,10.0,0.0,5.2,一字+10→一字+10→下影+10,23.43,2.21,29.7,1.7,48,64,True,5.29,-3.46,False,-3.46,1.0,False,4,封次日负,True,2025-12,2025,12-29,下影,9.9,8.7,43.6,三接四阳
002015.SZSE,协鑫能科,2025-06-18,三接四,3,阳,2025-06-13,2.67,-4.6,39.6,+++,20.7,489.0,0,0,06-13,一字,10.1,0.0,1.2,06-16,下影,10.0,2.1,3.6,一字+10→下影+10→一字+10,12.96,8.66,5.9,1.84,29,37,True,9.57,-8.41,False,-8.41,1.0,False,4,封次日负,True,2025-06,2025,06-17,一字,10.0,0.0,0.7,三接四阳
002016.SZSE,世荣兆业,2025-02-12,三接四,3,阳,2025-02-07,0.71,-40.9,6.6,---,-8.7,54.0,2,2,02-07,下影,0.7,1.1,1.2,02-10,下影,4.8,3.4,2.0,下影+1→下影+5→一字+10,8.25,10.0,8.0,3.21,65,57,False,-5.58,-2.06,False,-2.06,1.0,False,3,炸板,True,2025-02,2025,02-11,一字,10.0,0.0,0.6,三接四阳
002017.SZSE,东信和平,2025-06-18,二接三,2,阴,2025-06-16,-7.02,-8.2,46.5,+++,21.3,,0,0,06-16,实体,2.6,0.0,7.6,06-17,下影,7.5,3.9,28.4,实体+3→下影+7,16.06,-1.92,24.4,1.36,29,37,True,7.41,5.92,False,5.92,1.0,False,3,封次日正,False,2025-06,2025,,,,,,二接三阴
002017.SZSE,东信和平,2025-06-19,三接四,3,阴,2025-06-16,-7.02,-8.2,46.5,+++,21.3,,0,0,06-16,实体,2.6,0.0,7.6,06-17,下影,7.5,3.9,28.4,实体+3→下影+7→实体-2,17.67,7.41,33.4,1.54,26,29,False,-6.06,-11.49,False,-11.49,1.0,False,3,炸板,True,2025-06,2025,06-18,实体,-1.9,0.0,24.4,三接四阴
002017.SZSE,东信和平,2025-07-23,二接三,2,阳,2025-07-21,2.44,-5.5,93.5,+++,18.2,23.0,3,3,07-21,一字,10.0,0.0,6.0,07-22,实体,8.3,0.2,4.6,一字+10→实体+8,24.6,5.55,29.8,1.61,43,82,False,-4.43,-4.88,False,-4.88,1.0,False,2,炸板,True,2025-07,2025,,,,,,二接三阳
002021.SZSE,中捷资源,2024-11-01,二接三,2,阴,2024-10-30,0.45,-8.5,52.0,+++,30.1,,0,0,10-30,下影,-1.8,0.9,16.0,10-31,下影,4.8,1.6,12.2,下影-2→下影+5,3.0,5.49,24.7,1.56,74,141,False,-17.0,-14.0,False,-14.0,1.0,False,2,炸板,True,2024-11,2024,,,,,,二接三阴
002029.SZSE,七 匹 狼,2024-12-03,二接三,2,阳,2024-11-29,0.62,-2.8,37.7,+++,8.0,,0,0,11-29,下影,0.0,0.5,4.1,12-02,下影,5.3,0.4,3.4,下影+0→下影+5,8.66,10.04,20.2,3.09,92,132,False,-13.39,-15.47,False,-15.47,1.0,False,2,炸板,True,2024-12,2024,,,,,,二接三阳
002031.SZSE,巨轮智能,2023-07-03,二接三,2,阳,2023-06-29,2.21,-4.9,38.6,+++,18.2,,0,0,06-29,一字,10.0,0.0,3.9,06-30,下影,10.1,4.7,19.0,一字+10→下影+10,4.93,9.38,49.7,2.2,39,44,False,-0.41,-5.88,False,-5.88,1.0,False,2,炸板,True,2023-07,2023,,,,,,二接三阳
002031.SZSE,巨轮智能,2024-11-06,二接三,2,阴,2024-11-04,-6.85,-12.4,56.0,+++,18.5,240.0,0,0,11-04,实体,0.6,0.0,6.1,11-05,下影,4.5,3.2,28.5,实体+1→下影+5,4.52,0.97,31.5,1.78,104,139,False,-9.73,-7.96,False,-7.96,1.0,False,2,炸板,True,2024-11,2024,,,,,,二接三阴
002031.SZSE,巨轮智能,2024-12-04,三接四,3,阳,2024-11-29,-0.23,-11.5,91.4,+++,16.4,18.0,2,2,11-29,实体,-0.9,0.0,18.7,12-02,一字,10.0,0.0,1.7,实体-1→一字+10→一字+10,6.24,10.05,26.2,2.33,69,92,True,8.97,9.94,True,16.99,2.0,False,5,连板,False,2024-12,2024,12-03,一字,10.1,0.0,0.9,三接四阳
002036.SZSE,联创电子,2024-09-10,二接三,2,阳,2024-09-06,3.37,-9.9,11.0,+--,4.5,,0,0,09-06,下影,4.6,2.4,9.9,09-09,一字,10.0,0.0,1.8,下影+5→一字+10,8.99,6.36,19.4,2.65,31,39,True,3.34,-10.01,False,-10.01,1.0,False,3,封次日负,True,2024-09,2024,,,,,,二接三阳
002036.SZSE,联创电子,2025-02-10,二接三,2,阳,2025-02-06,4.41,-24.2,10.9,-+-,-6.4,80.0,0,3,02-06,实体,-0.5,0.2,5.0,02-07,一字,10.0,0.0,2.7,实体-1→一字+10,12.29,0.27,30.0,3.46,85,63,True,10.01,10.01,True,7.08,2.0,False,4,连板,False,2025-02,2025,,,,,,二接三阳
002036.SZSE,联创电子,2025-02-11,三接四,3,阳,2025-02-06,4.41,-24.2,10.9,-+-,-6.4,80.0,0,3,02-06,实体,-0.5,0.2,5.0,02-07,一字,10.0,0.0,2.7,实体-1→一字+10→下影+0,13.52,10.01,30.4,2.12,57,85,True,-2.37,-2.66,False,-2.66,1.0,False,4,封次日负,True,2025-02,2025,02-10,下影,0.3,0.6,30.0,三接四阳
002037.SZSE,保利联合,2025-07-24,三接四,3,阴,2025-07-21,-1.12,-3.8,29.5,+++,11.3,224.0,0,0,07-21,一字,10.0,0.0,1.2,07-22,一字,10.0,0.0,0.3,一字+10→一字+10→一字+10,14.19,10.0,14.2,3.11,61,43,True,5.64,4.3,False,4.3,1.0,False,4,封次日正,False,2025-07,2025,07-23,一字,10.0,0.0,0.7,三接四阴
002040.SZSE,南 京 港,2025-05-16,三接四,3,阴,2025-05-13,0.14,-21.3,14.8,--+,0.7,15.0,2,2,05-13,下影,1.7,1.0,9.6,05-14,下影,4.6,0.9,13.9,下影+2→下影+5→一字+10,10.23,3.55,19.4,2.06,51,40,True,9.97,9.97,True,17.11,2.0,False,5,连板,False,2025-05,2025,05-15,一字,10.1,0.0,1.4,三接四阴
002044.SZSE,美年健康,2026-01-14,三接四,3,阳,2026-01-09,2.96,-14.0,15.6,+++,9.9,14.0,2,2,01-09,实体,3.6,0.2,4.4,01-12,一字,10.0,0.0,1.0,实体+4→一字+10→一字+10,8.15,9.99,8.3,1.88,79,52,True,5.28,4.42,False,4.42,1.0,False,4,封次日正,False,2026-01,2026,01-13,一字,9.9,0.0,1.2,三接四阳
002045.SZSE,国光电器,2024-11-19,二接三,2,阳,2024-11-15,-0.35,-4.4,41.4,+++,16.4,,0,0,11-15,实体,-1.6,0.0,19.0,11-18,下影,2.9,8.0,26.7,实体-2→下影+3,18.98,2.67,31.1,1.75,79,74,True,2.9,10.01,True,9.48,2.0,False,4,连板,False,2024-11,2024,,,,,,二接三阳
002045.SZSE,国光电器,2024-11-20,三接四,3,阳,2024-11-15,-0.35,-4.4,41.4,+++,16.4,,0,0,11-15,实体,-1.6,0.0,19.0,11-18,下影,2.9,8.0,26.7,实体-2→下影+3→下影+3,20.88,2.9,29.8,1.29,119,79,True,5.36,-0.48,False,-0.48,1.0,False,4,封次日负,True,2024-11,2024,11-19,下影,2.7,6.4,31.1,三接四阳
002046.SZSE,国机精工,2025-08-06,二接三,2,阴,2025-08-04,-0.52,-2.8,26.3,+++,20.0,,0,0,08-04,下影,-0.7,0.6,5.0,08-05,下影,5.0,1.1,13.5,下影-1→下影+5,25.66,2.87,7.1,1.08,46,44,True,10.02,10.02,True,24.51,3.0,False,5,连板,False,2025-08,2025,,,,,,二接三阴
002046.SZSE,国机精工,2025-08-07,三接四,3,阴,2025-08-04,-0.52,-2.8,26.3,+++,20.0,,0,0,08-04,下影,-0.7,0.6,5.0,08-05,下影,5.0,1.1,13.5,下影-1→下影+5→实体+3,28.23,10.02,7.9,1.08,47,46,True,0.0,9.99,True,13.18,2.0,False,5,连板,False,2025-08,2025,08-06,实体,2.9,0.0,7.1,三接四阴
002047.SZSE,宝鹰股份,2024-11-04,三接四,3,阳,2024-10-30,4.98,-4.1,64.5,+++,49.7,,0,0,10-30,实体,-4.3,0.0,12.6,10-31,一字,10.2,0.0,1.0,实体-4→一字+10→一字+10,3.4,10.03,18.2,2.18,122,74,False,-12.06,-1.76,True,2.06,2.0,False,5,炸板,True,2024-11,2024,11-01,一字,10.0,0.0,0.8,三接四阳
002047.SZSE,宝鹰股份,2026-08-13,二接三,2,阳,2026-08-11,1.89,-44.9,12.9,+--,-12.4,424.0,0,0,08-11,下影,3.4,2.5,1.7,08-12,下影,7.6,4.8,2.5,下影+3→下影+8,4.31,9.18,15.7,3.01,50,86,False,-9.28,-12.3,False,-12.3,1.0,False,2,炸板,True,2026-08,2026,,,,,,二接三阳
002051.SZSE,中工国际,2026-04-09,二接三,2,阴,2026-04-07,-3.83,-5.4,19.0,+++,4.8,718.0,0,0,04-07,实体,3.8,0.2,12.0,04-08,下影,10.0,1.9,3.4,实体+4→下影+10,12.68,8.41,18.7,1.81,50,108,False,-9.31,-15.38,False,-15.38,1.0,False,2,炸板,True,2026-04,2026,,,,,,二接三阴
002052.SZSE,同洲电子,2025-08-13,二接三,2,阴,2025-08-11,-1.89,-24.9,19.2,---,-15.6,,0,0,08-11,下影,0.3,0.5,4.9,08-12,下影,9.4,1.3,2.6,下影+0→下影+9,13.16,10.03,9.2,2.0,80,42,True,5.55,4.18,False,4.18,1.0,False,3,封次日正,False,2025-08,2025,,,,,,二接三阴
002052.SZSE,同洲电子,2025-08-19,二接三,2,阴,2025-08-15,4.18,-5.2,65.4,++-,21.2,2.0,3,3,08-15,实体,-0.1,0.1,9.6,08-18,一字,10.0,0.0,1.5,实体-0→一字+10,18.25,10.01,16.7,1.5,74,78,True,-1.26,4.11,False,4.11,1.0,False,3,封次日正,False,2025-08,2025,,,,,,二接三阴
002053.SZSE,云南能投,2025-08-29,二接三,2,阳,2025-08-27,0.36,-7.9,6.3,+++,4.2,,0,0,08-27,下影,0.2,0.5,6.2,08-28,实体,1.8,0.1,6.7,下影+0→实体+2,14.99,-1.03,8.8,1.69,55,47,True,1.0,-3.47,False,-3.47,1.0,False,3,封次日负,True,2025-08,2025,,,,,,二接三阳
002058.SZSE,紫竹高科,2023-11-29,二接三,2,阴,2023-11-27,-0.5,-2.9,15.9,-++,4.8,,0,0,11-27,实体,0.2,0.0,2.4,11-28,一字,10.0,0.0,3.0,实体+0→一字+10,16.02,1.99,24.7,3.81,25,34,False,-18.73,-16.54,False,-16.54,1.0,False,2,炸板,True,2023-11,2023,,,,,,二接三阴
002058.SZSE,紫竹高科,2024-12-20,二接三,2,阴,2024-12-18,-5.48,-13.6,86.1,++-,7.0,39.0,2,2,12-18,下影,0.4,2.5,4.7,12-19,一字,10.0,0.0,2.1,下影+0→一字+10,18.36,10.01,23.7,2.85,68,50,False,-21.3,-21.3,False,-21.3,1.0,False,2,炸板,True,2024-12,2024,,,,,,二接三阴
002058.SZSE,紫竹高科,2025-02-19,二接三,2,阴,2025-02-17,-2.2,-49.2,12.7,+--,-13.5,35.0,2,2,02-17,下影,2.4,1.2,4.0,02-18,下影,1.5,3.1,13.7,下影+2→下影+1,12.41,0.0,9.8,1.57,90,37,True,5.72,9.99,True,1.21,2.0,False,4,连板,False,2025-02,2025,,,,,,二接三阴
002058.SZSE,紫竹高科,2025-02-20,三接四,3,阴,2025-02-17,-2.2,-49.2,12.7,+--,-13.5,35.0,2,2,02-17,下影,2.4,1.2,4.0,02-18,下影,1.5,3.1,13.7,下影+2→下影+1→下影+0,13.65,5.72,25.9,2.35,76,90,True,-7.47,-7.99,False,-7.99,1.0,False,4,封次日负,True,2025-02,2025,02-19,下影,0.0,2.0,9.8,三接四阴
002059.SZSE,云南旅游,2025-09-22,三接四,3,阳,2025-09-17,2.22,-2.3,9.7,+++,6.8,,0,0,09-17,下影,10.0,5.8,13.1,09-18,下影,0.0,2.0,12.2,下影+10→下影+0→一字+10,8.09,8.16,15.8,1.63,54,46,True,-3.58,-10.01,False,-10.01,1.0,False,4,封次日负,True,2025-09,2025,09-19,一字,10.0,0.0,1.8,三接四阳
002065.SZSE,东华软件,2024-11-13,二接三,2,阳,2024-11-11,2.16,-6.8,68.2,+++,27.1,24.0,2,2,11-11,一字,10.0,0.0,1.1,11-12,一字,10.0,0.0,0.7,一字+10→一字+10,9.43,10.04,22.7,3.38,50,65,False,-6.57,-12.62,False,-12.62,1.0,False,2,炸板,True,2024-11,2024,,,,,,二接三阳
002065.SZSE,东华软件,2025-02-19,二接三,2,阳,2025-02-17,5.52,-4.1,46.0,+++,40.1,62.0,0,2,02-17,一字,10.0,0.0,1.0,02-18,一字,10.0,0.0,0.8,一字+10→一字+10,12.47,8.99,31.7,2.93,90,37,True,3.29,10.02,True,11.87,2.0,False,4,连板,False,2025-02,2025,,,,,,二接三阳
002065.SZSE,东华软件,2025-02-20,三接四,3,阳,2025-02-17,5.52,-4.1,46.0,+++,40.1,62.0,0,2,02-17,一字,10.0,0.0,1.0,02-18,一字,10.0,0.0,0.8,一字+10→一字+10→下影+9,13.72,3.29,32.3,2.08,76,90,True,-0.95,1.68,False,1.68,1.0,False,4,封次日正,False,2025-02,2025,02-19,下影,9.0,7.5,31.7,三接四阳
002067.SZSE,景兴纸业,2024-12-26,二接三,2,阴,2024-12-24,-6.76,-16.9,28.3,-++,-5.2,,0,0,12-24,一字,10.1,0.0,1.8,12-25,下影,10.0,2.9,16.8,一字+10→下影+10,4.6,5.26,10.6,1.51,79,31,True,0.22,-2.83,False,-2.83,1.0,False,3,封次日负,True,2024-12,2024,,,,,,二接三阴
002068.SZSE,黑猫股份,2026-06-23,二接三,2,阴,2026-06-18,-5.75,-14.4,16.9,-++,-9.1,390.0,0,0,06-18,下影,-1.2,0.6,4.7,06-22,实体,0.0,0.0,12.4,下影-1→实体+0,12.65,4.35,15.8,1.91,87,122,True,-2.69,6.56,False,6.56,1.0,False,3,封次日正,False,2026-06,2026,,,,,,二接三阴
002072.SZSE,凯瑞德,2026-08-28,二接三,2,阳,2026-08-26,0.68,-30.7,22.9,-++,7.6,496.0,0,0,08-26,下影,1.2,1.4,8.1,08-27,实体,-1.4,0.0,11.2,下影+1→实体-1,9.79,0.0,18.5,2.26,77,66,False,-9.19,-6.44,False,-6.44,1.0,False,2,炸板,True,2026-08,2026,,,,,,二接三阳
002077.SZSE,大港股份,2024-11-12,二接三,2,阳,2024-11-08,1.3,-7.5,40.7,-++,8.8,,0,0,11-08,下影,1.1,1.0,9.5,11-11,下影,5.4,1.0,5.4,下影+1→下影+5,19.69,10.0,28.7,2.67,65,108,False,-7.16,-11.68,False,-11.68,1.0,False,2,炸板,True,2024-11,2024,,,,,,二接三阳
002080.SZSE,中材科技,2026-06-17,二接三,2,阴,2026-06-15,-3.07,-19.6,61.0,--+,-4.4,77.0,0,2,06-15,下影,3.8,3.1,3.3,06-16,实体,4.1,0.0,3.3,下影+4→实体+4,82.41,1.79,4.9,1.33,67,105,True,-0.19,-2.26,False,-2.26,1.0,False,3,封次日负,True,2026-06,2026,,,,,,二接三阴
002080.SZSE,中材科技,2026-06-26,二接三,2,阴,2026-06-24,-8.92,-10.1,97.9,+++,2.6,4.0,3,3,06-24,实体,0.2,0.0,3.8,06-25,下影,3.0,2.4,2.3,实体+0→下影+3,102.22,2.43,5.3,1.38,51,77,False,-3.15,-11.47,False,-11.47,1.0,False,2,炸板,True,2026-06,2026,,,,,,二接三阴
002081.SZSE,金 螳 螂,2026-04-21,二接三,2,阳,2026-04-17,0.0,-14.5,6.6,++-,-4.5,,0,0,04-17,实体,2.4,0.0,2.8,04-20,下影,0.8,1.6,7.3,实体+2→下影+1,4.49,8.09,4.5,1.41,44,72,True,10.02,10.02,True,8.91,3.0,False,5,连板,False,2026-04,2026,,,,,,二接三阳
002081.SZSE,金 螳 螂,2026-04-30,二接三,2,阴,2026-04-28,-9.41,-18.9,40.2,+++,33.0,3.0,5,5,04-28,下影,0.9,1.6,17.8,04-29,实体,-1.4,0.0,11.9,下影+1→实体-1,5.9,-3.54,21.8,1.29,69,92,True,6.44,10.0,True,15.25,3.0,False,5,连板,False,2026-04,2026,,,,,,二接三阴
002081.SZSE,金 螳 螂,2026-05-06,三接四,3,阴,2026-04-28,-9.41,-18.9,40.2,+++,33.0,3.0,5,5,04-28,下影,0.9,1.6,17.8,04-29,实体,-1.4,0.0,11.9,下影+1→实体-1→下影-4,6.49,6.44,10.2,0.67,88,69,True,7.24,10.02,True,4.78,2.0,False,5,连板,False,2026-05,2026,04-30,下影,-3.5,1.9,21.8,三接四阴
002081.SZSE,金 螳 螂,2026-08-14,二接三,2,阳,2026-08-12,-1.0,-46.6,19.2,++-,3.4,51.0,2,5,08-12,实体,0.5,0.3,2.5,08-13,一字,10.1,0.0,1.0,实体+1→一字+10,5.29,9.98,19.7,3.41,51,50,True,3.97,10.02,True,18.53,2.0,False,4,连板,False,2026-08,2026,,,,,,二接三阳
002081.SZSE,金 螳 螂,2026-08-17,三接四,3,阳,2026-08-12,-1.0,-46.6,19.2,++-,3.4,51.0,2,5,08-12,实体,0.5,0.3,2.5,08-13,一字,10.1,0.0,1.0,实体+1→一字+10→下影+10,5.82,3.97,18.3,2.08,93,51,True,1.37,7.73,False,7.73,1.0,False,4,封次日正,False,2026-08,2026,08-14,下影,10.0,13.3,19.7,三接四阳
002083.SZSE,孚日股份,2025-10-21,二接三,2,阴,2025-10-17,-2.49,-4.9,8.8,+++,3.9,,0,0,10-17,下影,0.4,0.8,9.8,10-20,下影,10.0,0.4,5.1,下影+0→下影+10,6.78,0.65,27.4,2.71,63,66,False,-5.16,-9.14,False,-9.14,1.0,False,2,炸板,True,2025-10,2025,,,,,,二接三阴
002083.SZSE,孚日股份,2025-11-11,三接四,3,阳,2025-11-06,1.54,-13.4,26.7,+++,21.8,13.0,2,2,11-06,下影,1.0,0.7,10.5,11-07,下影,6.1,1.1,8.8,下影+1→下影+6→一字+10,8.68,10.01,13.5,1.59,52,56,True,4.84,10.02,True,43.55,5.0,False,8,连板,False,2025-11,2025,11-10,一字,10.0,0.0,2.1,三接四阳
002083.SZSE,孚日股份,2026-07-27,二接三,2,阳,2026-07-23,-1.04,-25.1,8.1,+--,-21.1,165.0,0,0,07-23,下影,-0.6,0.5,5.6,07-24,下影,5.1,1.0,10.4,下影-1→下影+5,12.67,8.68,23.7,2.45,101,36,False,-6.87,-14.76,False,-14.76,1.0,False,2,炸板,True,2026-07,2026,,,,,,二接三阳
002084.SZSE,海鸥住工,2025-04-07,二接三,2,阳,2025-04-02,1.06,-9.5,10.9,--+,-5.6,399.0,0,0,04-02,下影,0.0,0.7,3.3,04-03,下影,0.0,3.2,13.1,下影+0→下影+0,3.8,10.14,19.2,2.49,18,45,True,10.0,10.0,True,19.74,4.0,False,6,连板,False,2025-04,2025,,,,,,二接三阳
002085.SZSE,万丰奥威,2024-02-08,二接三,2,阴,2024-02-06,-9.62,-19.5,4.9,-++,2.0,,0,0,02-06,下影,3.2,0.4,1.0,02-07,一字,10.1,0.0,0.5,下影+3→一字+10,6.26,10.02,8.1,2.57,430,92,False,-5.59,2.88,False,2.88,1.0,False,2,炸板,False,2024-02,2024,,,,,,二接三阴
002085.SZSE,万丰奥威,2024-11-01,二接三,2,阴,2024-10-30,-4.63,-9.4,51.2,+++,34.6,123.0,0,0,10-30,下影,-1.5,0.9,5.7,10-31,下影,10.0,2.1,4.9,下影-2→下影+10,22.76,10.0,27.0,2.16,74,141,True,-3.34,-4.31,False,-4.31,1.0,False,3,封次日负,True,2024-11,2024,,,,,,二接三阴
002086.SZSE,东方海洋,2024-11-08,二接三,2,阳,2024-11-06,2.9,-8.1,40.9,+++,10.2,10.0,2,2,11-06,实体,-0.4,0.0,6.3,11-07,下影,9.9,5.1,5.2,实体-0→下影+10,3.3,10.0,19.4,2.62,95,157,True,0.0,0.0,False,0.0,1.0,False,3,封次日正,False,2024-11,2024,,,,,,二接三阳
002086.SZSE,东方海洋,2025-03-18,三接四,3,阳,2025-03-13,1.67,-43.6,6.1,--+,-9.0,60.0,2,3,03-13,下影,-0.4,2.9,9.7,03-14,一字,10.1,0.0,3.7,下影-0→一字+10→一字+10,3.58,7.38,37.6,3.4,56,54,True,-5.03,-9.22,False,-9.22,1.0,False,4,封次日负,True,2025-03,2025,03-17,一字,10.2,0.0,1.2,三接四阳
002090.SZSE,金智科技,2025-01-22,二接三,2,阳,2025-01-20,0.57,-13.6,12.0,+--,-1.6,,0,0,01-20,实体,1.4,0.0,5.4,01-21,一字,10.0,0.0,2.3,实体+1→一字+10,11.72,10.05,41.4,3.86,36,38,False,-16.98,-20.65,False,-20.65,1.0,False,2,炸板,True,2025-01,2025,,,,,,二接三阳
002093.SZSE,国脉科技,2025-03-11,三接四,3,阳,2025-03-06,1.35,-9.6,18.8,--+,4.7,,0,0,03-06,实体,2.2,0.0,2.1,03-07,一字,10.1,0.0,1.4,实体+2→一字+10→一字+10,12.06,1.73,23.6,4.03,45,65,False,-5.64,0.0,False,0.0,1.0,False,3,炸板,False,2025-03,2025,03-10,一字,10.0,0.0,0.9,三接四阳
002094.SZSE,青岛金王,2024-10-15,二接三,2,阴,2024-10-11,-0.37,-11.2,44.6,+++,21.2,62.0,0,2,10-11,下影,-0.4,0.4,10.2,10-14,下影,10.1,8.4,17.9,下影-0→下影+10,3.59,0.61,8.7,0.89,33,71,True,3.34,-1.67,False,-1.67,1.0,False,3,封次日负,True,2024-10,2024,,,,,,二接三阴
002094.SZSE,青岛金王,2024-10-16,三接四,3,阴,2024-10-11,-0.37,-11.2,44.6,+++,21.2,62.0,0,2,10-11,下影,-0.4,0.4,10.2,10-14,下影,10.1,8.4,17.9,下影-0→下影+10→下影+1,3.95,3.34,36.3,2.32,67,33,False,-17.72,-1.77,True,1.01,2.0,False,5,炸板,True,2024-10,2024,10-15,下影,0.6,0.9,8.7,三接四阴
002094.SZSE,青岛金王,2024-10-23,二接三,2,阳,2024-10-21,2.84,-5.9,114.5,+++,82.2,4.0,3,3,10-21,实体,-2.8,0.0,27.4,10-22,下影,3.2,3.2,29.3,实体-3→下影+3,5.31,4.76,13.9,0.51,76,85,True,7.34,9.79,False,9.79,1.0,False,3,封次日正,False,2024-10,2024,,,,,,二接三阳
002094.SZSE,青岛金王,2024-10-24,三接四,3,阳,2024-10-21,2.84,-5.9,114.5,+++,82.2,4.0,3,3,10-21,实体,-2.8,0.0,27.4,10-22,下影,3.2,3.2,29.3,实体-3→下影+3→下影+5,5.84,7.34,35.9,1.28,67,76,False,-3.77,9.76,True,59.25,7.0,False,10,炸板,False,2024-10,2024,10-23,下影,4.8,5.4,13.9,三接四阳
002094.SZSE,青岛金王,2024-10-30,三接四,3,阳,2024-10-25,9.79,-0.2,213.4,+++,165.0,2.0,3,3,10-25,下影,-3.6,3.9,29.1,10-28,下影,8.3,6.4,11.0,下影-4→下影+8→一字+10,8.54,10.05,4.8,0.29,118,93,True,9.95,9.95,True,8.9,3.0,False,6,连板,False,2024-10,2024,10-29,一字,10.1,0.0,1.5,三接四阳
002094.SZSE,青岛金王,2025-04-10,二接三,2,阴,2025-04-08,-4.1,-11.5,17.1,+--,-4.1,104.0,0,6,04-08,下影,-2.1,0.9,21.1,04-09,下影,1.6,5.0,28.8,下影-2→下影+2,7.48,1.47,24.4,1.08,125,87,True,4.68,-1.07,False,-1.07,1.0,False,3,封次日负,True,2025-04,2025,,,,,,二接三阴
002094.SZSE,青岛金王,2025-04-11,三接四,3,阴,2025-04-08,-4.1,-11.5,17.1,+--,-4.1,104.0,0,6,04-08,下影,-2.1,0.9,21.1,04-09,下影,1.6,5.0,28.8,下影-2→下影+2→下影+1,8.23,4.68,46.0,1.62,64,125,False,-14.22,-5.22,False,-5.22,1.0,False,3,炸板,True,2025-04,2025,04-10,下影,1.5,3.4,24.4,三接四阴
002094.SZSE,青岛金王,2025-04-23,二接三,2,阴,2025-04-21,-5.88,-20.8,32.0,+++,17.5,7.0,3,6,04-21,下影,-3.3,1.5,34.8,04-22,下影,9.9,0.4,9.2,下影-3→下影+10,8.94,9.96,16.7,0.67,52,68,True,0.67,2.24,False,2.24,1.0,False,3,封次日正,False,2025-04,2025,,,,,,二接三阴
002095.SZSE,生 意 宝,2024-11-22,三接四,3,阴,2024-11-19,-5.54,-14.3,36.9,+++,-1.6,,0,0,11-19,下影,0.9,1.6,3.3,11-20,下影,4.2,1.5,9.4,下影+1→下影+4→一字+10,21.46,9.99,6.9,1.44,60,88,True,10.02,10.02,True,2.28,2.0,False,5,连板,False,2024-11,2024,11-21,一字,10.0,0.0,1.0,三接四阴
002095.SZSE,生 意 宝,2024-11-29,二接三,2,阴,2024-11-27,-7.03,-15.5,103.2,+++,46.9,2.0,5,5,11-27,实体,-9.9,0.0,26.7,11-28,下影,7.0,10.8,31.4,实体-10→下影+7,29.23,3.31,27.8,1.16,105,75,True,-4.65,2.7,False,2.7,1.0,False,3,封次日正,False,2024-11,2024,,,,,,二接三阴
002095.SZSE,生 意 宝,2024-12-02,三接四,3,阴,2024-11-27,-7.03,-15.5,103.2,+++,46.9,2.0,5,5,11-27,实体,-9.9,0.0,26.7,11-28,下影,7.0,10.8,31.4,实体-10→下影+7→下影+3,32.15,-4.65,33.2,1.13,132,105,False,-12.85,-15.96,False,-15.96,1.0,False,3,炸板,True,2024-12,2024,11-29,下影,3.3,5.9,27.8,三接四阴
002097.SZSE,山河智能,2025-07-24,三接四,3,阴,2025-07-21,-0.62,-6.1,19.0,+-+,-3.1,,0,0,07-21,下影,3.6,0.4,9.0,07-22,下影,6.6,2.5,12.5,下影+4→下影+7→一字+10,11.74,7.87,10.2,1.5,61,43,True,9.97,-6.22,False,-6.22,1.0,False,4,封次日负,True,2025-07,2025,07-23,一字,10.0,0.0,1.3,三接四阴
002098.SZSE,浔兴股份,2025-04-18,三接四,3,阴,2025-04-15,2.78,-21.3,15.8,---,-14.5,,0,0,04-15,下影,1.8,2.4,3.7,04-16,一字,10.0,0.0,1.5,下影+2→一字+10→一字+10,10.84,3.45,21.4,3.34,50,78,False,-16.05,-16.05,False,-16.05,1.0,False,3,炸板,True,2025-04,2025,04-17,一字,10.1,0.0,4.4,三接四阴
002099.SZSE,海翔药业,2026-02-10,二接三,2,阴,2026-02-06,-2.15,-11.4,20.7,+-+,-0.4,176.0,0,0,02-06,下影,0.7,1.6,6.3,02-09,下影,10.0,5.7,6.9,下影+1→下影+10,9.09,0.0,15.6,2.24,48,70,False,-6.38,-9.79,False,-9.79,1.0,False,2,炸板,True,2026-02,2026,,,,,,二接三阴
002103.SZSE,广博股份,2023-11-21,三接四,3,阴,2023-11-16,0.16,-0.8,18.7,+++,13.2,,0,0,11-16,实体,-0.5,0.2,16.5,11-17,一字,10.0,0.0,11.7,实体-0→一字+10→一字+10,9.04,1.34,28.7,2.19,45,50,True,6.19,9.96,True,-1.0,2.0,False,5,连板,False,2023-11,2023,11-20,一字,10.0,0.0,7.0,三接四阴
002103.SZSE,广博股份,2024-11-22,二接三,2,阳,2024-11-20,5.39,-4.2,53.7,+++,21.1,240.0,0,0,11-20,实体,-3.2,0.0,17.9,11-21,下影,0.6,2.5,26.6,实体-3→下影+1,9.64,2.17,29.2,1.2,60,88,True,9.96,9.96,True,59.34,7.0,False,9,连板,False,2024-11,2024,,,,,,二接三阳
002104.SZSE,恒宝股份,2024-09-09,二接三,2,阳,2024-09-05,-1.13,-5.7,8.0,+++,2.3,,0,0,09-05,实体,0.9,0.0,2.1,09-06,一字,10.0,0.0,2.7,实体+1→一字+10,7.02,4.39,19.4,3.57,39,26,False,-16.52,-19.52,False,-19.52,1.0,False,2,炸板,True,2024-09,2024,,,,,,二接三阳
002104.SZSE,恒宝股份,2025-06-03,二接三,2,阳,2025-05-29,0.96,-13.7,13.8,---,-13.1,171.0,0,0,05-29,实体,-0.5,0.0,14.3,05-30,下影,4.1,1.0,28.9,实体-1→下影+4,9.8,9.99,27.7,1.82,57,32,True,1.53,-2.04,False,-2.04,1.0,False,3,封次日负,True,2025-06,2025,,,,,,二接三阳
002104.SZSE,恒宝股份,2025-08-14,二接三,2,阳,2025-08-12,4.42,-18.0,184.7,---,-8.6,50.0,3,3,08-12,下影,-0.5,2.4,44.1,08-13,下影,3.0,1.6,48.0,下影-1→下影+3,27.02,3.71,33.2,0.89,40,80,True,5.55,7.36,False,7.36,1.0,False,3,封次日正,False,2025-08,2025,,,,,,二接三阳
002104.SZSE,恒宝股份,2025-08-15,三接四,3,阳,2025-08-12,4.42,-18.0,184.7,---,-8.6,50.0,3,3,08-12,下影,-0.5,2.4,44.1,08-13,下影,3.0,1.6,48.0,下影-1→下影+3→下影+4,29.72,5.55,51.6,1.2,70,40,False,-0.47,2.62,False,2.62,1.0,False,3,炸板,False,2025-08,2025,08-14,下影,3.7,1.1,33.2,三接四阳
002105.SZSE,信隆健康,2025-03-06,二接三,2,阴,2025-03-04,-1.86,-27.0,20.0,+++,5.6,,0,0,03-04,下影,0.8,0.9,4.6,03-05,下影,-2.6,3.1,11.0,下影+1→下影-3,7.02,5.96,6.4,1.0,87,55,True,3.7,9.97,True,66.52,7.0,False,9,连板,False,2025-03,2025,,,,,,二接三阴
002105.SZSE,信隆健康,2025-03-07,三接四,3,阴,2025-03-04,-1.86,-27.0,20.0,+++,5.6,,0,0,03-04,下影,0.8,0.9,4.6,03-05,下影,-2.6,3.1,11.0,下影+1→下影-3→实体+6,7.72,3.7,18.0,2.07,45,87,True,3.63,9.97,True,51.42,6.0,False,9,连板,False,2025-03,2025,03-06,实体,6.0,0.0,6.4,三接四阴
002105.SZSE,信隆健康,2025-05-20,二接三,2,阴,2025-05-16,-2.55,-44.0,46.7,++-,2.6,41.0,9,9,05-16,下影,-0.1,0.9,11.4,05-19,下影,1.0,1.0,27.3,下影-0→下影+1,10.15,2.71,24.9,1.51,61,66,True,-2.46,-9.95,False,-9.95,1.0,False,3,封次日负,True,2025-05,2025,,,,,,二接三阴
002105.SZSE,信隆健康,2025-12-11,二接三,2,阳,2025-12-09,1.84,-1.8,20.7,+++,6.3,138.0,0,0,12-09,下影,1.6,0.6,7.0,12-10,下影,10.0,4.1,9.3,下影+2→下影+10,10.3,10.04,28.2,2.2,27,50,False,-21.94,-25.24,False,-25.24,1.0,False,2,炸板,True,2025-12,2025,,,,,,二接三阳
002108.SZSE,沧州明珠,2025-06-27,二接三,2,阳,2025-06-25,3.66,-12.6,13.7,---,-8.1,,0,0,06-25,下影,1.8,1.5,4.8,06-26,一字,9.9,0.0,3.0,下影+2→一字+10,4.52,9.98,29.2,3.65,42,46,False,-12.39,-14.6,False,-14.6,1.0,False,2,炸板,True,2025-06,2025,,,,,,二接三阳
002112.SZSE,三变科技,2025-02-18,二接三,2,阳,2025-02-14,4.11,-5.4,37.8,+++,7.8,,0,0,02-14,下影,-0.2,1.7,34.4,02-17,下影,5.0,1.0,23.5,下影-0→下影+5,19.24,10.01,60.1,1.98,37,74,False,-12.79,-5.98,False,-5.98,1.0,False,2,炸板,True,2025-02,2025,,,,,,二接三阳
002112.SZSE,三变科技,2026-01-15,二接三,2,阴,2026-01-13,1.53,-6.5,24.8,+++,22.6,223.0,0,0,01-13,下影,0.0,2.5,26.1,01-14,一字,10.0,0.0,4.7,下影+0→一字+10,21.15,4.63,53.9,2.0,51,79,True,10.02,-5.58,False,-5.58,1.0,False,3,封次日负,True,2026-01,2026,,,,,,二接三阴
002112.SZSE,三变科技,2026-01-16,三接四,3,阴,2026-01-13,1.53,-6.5,24.8,+++,22.6,223.0,0,0,01-13,下影,0.0,2.5,26.1,01-14,一字,10.0,0.0,4.7,下影+0→一字+10→下影+5,23.27,10.02,60.8,1.79,48,51,False,-22.78,-5.59,True,-1.59,2.0,False,5,炸板,True,2026-01,2026,01-15,下影,4.6,1.2,53.9,三接四阴
002114.SZSE,罗平锌电,2024-12-06,二接三,2,阴,2024-12-04,0.16,-4.0,44.8,+++,6.1,,0,0,12-04,一字,10.0,0.0,2.5,12-05,下影,4.2,6.2,22.2,一字+10→下影+4,8.56,0.0,29.8,2.37,94,103,False,-12.38,-3.27,True,0.35,2.0,False,4,炸板,True,2024-12,2024,,,,,,二接三阴
002115.SZSE,三维通信,2023-10-25,二接三,2,阴,2023-10-23,-3.48,-8.3,17.3,++-,0.9,,0,0,10-23,下影,-1.4,0.8,14.9,10-24,下影,6.7,1.4,7.6,下影-1→下影+7,8.86,7.95,23.6,1.7,52,52,True,8.01,-3.39,False,-3.39,1.0,False,3,封次日负,True,2023-10,2023,,,,,,二接三阴
002115.SZSE,三维通信,2023-10-26,三接四,3,阴,2023-10-23,-3.48,-8.3,17.3,++-,0.9,,0,0,10-23,下影,-1.4,0.8,14.9,10-24,下影,6.7,1.4,7.6,下影-1→下影+7→下影+8,9.75,8.01,44.0,2.22,34,52,False,-12.0,-10.77,False,-10.77,1.0,False,3,炸板,True,2023-10,2023,10-25,下影,8.0,3.6,23.6,三接四阴
002115.SZSE,三维通信,2024-12-13,三接四,3,阳,2024-12-10,3.35,-5.1,77.5,+++,23.3,274.0,0,0,12-10,下影,1.2,3.1,27.4,12-11,一字,10.0,0.0,3.2,下影+1→一字+10→一字+10,10.84,6.6,16.6,1.2,84,119,True,9.96,0.55,False,0.55,1.0,False,4,封次日正,False,2024-12,2024,12-12,一字,10.1,0.0,1.6,三接四阳
002115.SZSE,三维通信,2025-09-01,二接三,2,阴,2025-08-28,-4.21,-8.7,12.2,+++,2.5,120.0,0,2,08-28,实体,4.0,0.0,12.9,08-29,下影,6.3,1.8,45.5,实体+4→下影+6,11.52,3.06,54.6,1.95,85,55,True,0.09,-4.51,False,-4.51,1.0,False,3,封次日负,True,2025-09,2025,,,,,,二接三阴
002117.SZSE,东港股份,2024-11-26,二接三,2,阳,2024-11-22,2.26,-5.2,44.4,-++,18.5,,0,0,11-22,一字,10.0,0.0,3.8,11-25,一字,10.0,0.0,0.7,一字+10→一字+10,11.42,10.02,18.9,3.35,79,132,False,-20.14,-19.09,False,-19.09,1.0,False,2,炸板,True,2024-11,2024,,,,,,二接三阳
002119.SZSE,康强电子,2026-01-19,二接三,2,阴,2026-01-15,0.0,-14.4,17.4,+++,11.6,,0,0,01-15,实体,-0.8,0.3,13.8,01-16,下影,5.7,2.5,19.2,实体-1→下影+6,24.04,5.4,41.0,2.26,79,48,False,-4.03,-0.54,False,-0.54,1.0,False,2,炸板,True,2026-01,2026,,,,,,二接三阴
002119.SZSE,康强电子,2026-06-12,二接三,2,阳,2026-06-10,6.57,-3.6,35.0,+++,12.9,85.0,0,2,06-10,下影,1.2,1.9,13.7,06-11,实体,2.3,0.0,14.6,下影+1→实体+2,34.32,9.94,38.4,2.18,83,55,False,-6.73,-1.63,False,-1.63,1.0,False,2,炸板,True,2026-06,2026,,,,,,二接三阳
002123.SZSE,梦网科技,2024-10-09,二接三,2,阳,2024-09-30,5.5,-1.8,41.3,+++,37.2,,0,0,09-30,下影,9.5,5.0,10.1,10-08,一字,10.0,0.0,1.2,下影+10→一字+10,10.21,10.02,16.4,1.74,29,352,True,6.27,-8.13,False,-8.13,1.0,False,3,封次日负,True,2024-10,2024,,,,,,二接三阳
002123.SZSE,梦网科技,2025-02-07,二接三,2,阴,2025-02-05,-3.7,-18.5,8.8,--+,-12.0,68.0,0,3,02-05,下影,8.8,2.7,7.0,02-06,下影,4.9,2.5,26.6,下影+9→下影+5,14.19,-0.78,19.1,1.53,63,71,True,7.12,10.01,True,44.96,6.0,False,8,连板,False,2025-02,2025,,,,,,二接三阴
002123.SZSE,梦网科技,2025-02-10,三接四,3,阴,2025-02-05,-3.7,-18.5,8.8,--+,-12.0,68.0,0,3,02-05,下影,8.8,2.7,7.0,02-06,下影,4.9,2.5,26.6,下影+9→下影+5→下影-1,15.61,7.12,26.7,1.6,85,63,True,2.5,9.99,True,31.77,5.0,False,8,连板,False,2025-02,2025,02-07,下影,-0.8,0.9,19.1,三接四阴
002124.SZSE,天邦食品,2026-04-15,二接三,2,阳,2026-04-13,0.43,-15.5,4.9,---,-10.6,,0,0,04-13,下影,-0.4,0.4,4.8,04-14,下影,0.8,1.5,9.9,下影-0→下影+1,3.14,4.91,19.7,2.66,53,49,True,-2.55,-6.69,False,-6.69,1.0,False,3,封次日负,True,2026-04,2026,,,,,,二接三阳
002125.SZSE,湘潭电化,2025-06-23,二接三,2,阳,2025-06-19,-0.2,-10.3,19.1,++-,1.1,,0,0,06-19,实体,4.4,0.0,3.4,06-20,一字,10.0,0.0,2.3,实体+4→一字+10,13.52,9.76,14.9,3.16,60,36,True,9.91,9.99,True,17.6,3.0,False,5,连板,False,2025-06,2025,,,,,,二接三阳
002125.SZSE,湘潭电化,2025-06-24,三接四,3,阳,2025-06-19,-0.2,-10.3,19.1,++-,1.1,,0,0,06-19,实体,4.4,0.0,3.4,06-20,一字,10.0,0.0,2.3,实体+4→一字+10→下影+10,14.87,9.91,13.7,1.91,53,60,True,10.02,10.02,True,6.93,2.0,False,5,连板,False,2025-06,2025,06-23,下影,9.8,3.9,14.9,三接四阳
002127.SZSE,南极电商,2024-11-22,二接三,2,阳,2024-11-20,1.9,-11.5,29.3,-++,2.2,,0,0,11-20,下影,-0.3,0.9,7.1,11-21,实体,2.3,0.0,4.8,下影-0→实体+2,4.28,10.03,17.5,2.54,60,88,True,0.47,-3.97,False,-3.97,1.0,False,3,封次日负,True,2024-11,2024,,,,,,二接三阳
002130.SZSE,沃尔核材,2024-03-25,三接四,3,阳,2024-03-20,0.94,-4.5,50.9,+++,20.8,,0,0,03-20,下影,3.3,1.7,8.1,03-21,下影,2.4,1.9,14.6,下影+3→下影+2→一字+10,10.99,10.01,25.5,2.39,36,44,False,-7.83,1.46,False,1.46,1.0,False,3,炸板,False,2024-03,2024,03-22,一字,10.0,0.0,2.1,三接四阳
002131.SZSE,利欧股份,2025-01-09,二接三,2,阴,2025-01-07,-2.07,-51.9,75.3,---,-50.1,22.0,7,7,01-07,下影,0.4,0.4,14.6,01-08,下影,3.8,0.6,25.8,下影+0→下影+4,3.77,2.62,31.6,1.74,77,53,True,0.8,-3.71,False,-3.71,1.0,False,3,封次日负,True,2025-01,2025,,,,,,二接三阴
002131.SZSE,利欧股份,2025-08-20,二接三,2,阳,2025-08-18,1.25,-3.3,25.1,+++,9.5,142.0,0,0,08-18,实体,0.5,0.0,19.2,08-19,下影,5.0,1.1,18.9,实体+0→下影+5,5.37,7.99,39.5,2.03,78,74,False,-5.03,-12.29,False,-12.29,1.0,False,2,炸板,True,2025-08,2025,,,,,,二接三阳
002131.SZSE,利欧股份,2026-01-06,二接三,2,阳,2025-12-31,0.59,-15.9,7.8,++-,2.6,90.0,0,2,12-31,实体,-0.2,0.2,17.0,01-05,下影,6.4,3.4,31.3,实体-0→下影+6,6.82,2.58,40.4,2.07,96,74,False,-2.79,-3.37,False,-3.37,1.0,False,2,炸板,True,2026-01,2026,,,,,,二接三阳
002131.SZSE,利欧股份,2026-01-14,三接四,3,阳,2026-01-09,2.88,-4.8,42.4,+++,35.3,4.0,2,2,01-09,实体,0.4,0.0,12.0,01-12,一字,10.1,0.0,0.5,实体+0→一字+10→一字+10,9.93,5.2,10.5,0.99,79,52,True,0.0,4.73,False,4.73,1.0,False,4,封次日正,False,2026-01,2026,01-13,一字,10.0,0.0,1.0,三接四阳
002133.SZSE,广宇集团,2025-04-11,二接三,2,阳,2025-04-09,2.59,-23.0,4.8,---,-8.5,,0,0,04-09,下影,-1.7,5.9,3.7,04-10,下影,2.7,0.4,10.9,下影-2→下影+3,3.17,0.69,10.0,1.69,64,125,True,-5.05,-10.09,False,-10.09,1.0,False,3,封次日负,True,2025-04,2025,,,,,,二接三阳
002134.SZSE,天津普林,2024-10-24,二接三,2,阴,2024-10-22,0.07,-7.2,98.1,+++,89.1,2.0,2,2,10-22,实体,-2.4,0.0,8.4,10-23,下影,2.2,1.1,21.1,实体-2→下影+2,18.95,-3.66,12.6,0.89,67,76,True,0.26,-0.26,False,-0.26,1.0,False,3,封次日负,True,2024-10,2024,,,,,,二接三阴
002134.SZSE,天津普林,2024-10-25,三接四,3,阴,2024-10-22,0.07,-7.2,98.1,+++,89.1,2.0,2,2,10-22,实体,-2.4,0.0,8.4,10-23,下影,2.2,1.1,21.1,实体-2→下影+2→下影-4,20.85,0.26,22.1,1.36,121,67,False,-8.39,-5.42,False,-5.42,1.0,False,3,炸板,True,2024-10,2024,10-24,下影,-3.7,1.2,12.6,三接四阴
002136.SZSE,安 纳 达,2025-11-11,二接三,2,阳,2025-11-07,7.13,-2.0,27.0,+++,15.8,117.0,0,2,11-07,实体,-0.2,0.0,29.5,11-10,下影,4.2,1.8,23.0,实体-0→下影+4,17.19,-3.2,32.5,1.54,52,56,False,-9.83,-6.11,False,-6.11,1.0,False,2,炸板,True,2025-11,2025,,,,,,二接三阳
002137.SZSE,实益达,2023-11-24,二接三,2,阴,2023-11-22,-1.75,-5.3,24.4,+++,17.4,,0,0,11-22,下影,-0.1,0.8,26.9,11-23,下影,10.0,12.5,24.4,下影-0→下影+10,9.7,7.71,59.8,2.42,27,32,False,-17.84,-17.84,False,-17.84,1.0,False,2,炸板,True,2023-11,2023,,,,,,二接三阴
002137.SZSE,实益达,2024-12-23,二接三,2,阴,2024-12-19,1.02,-23.2,47.2,-++,9.3,15.0,2,2,12-19,下影,-2.0,0.6,12.1,12-20,一字,10.1,0.0,11.9,下影-2→一字+10,9.26,9.98,44.1,2.66,26,68,True,10.04,10.04,True,19.87,4.0,False,6,连板,False,2024-12,2024,,,,,,二接三阴
002141.SZSE,贤丰控股,2026-06-18,二接三,2,阳,2026-06-16,7.93,-11.9,18.8,+--,0.9,,0,0,06-16,下影,-0.6,0.8,10.7,06-17,下影,2.1,1.8,16.1,下影-1→下影+2,4.71,7.48,5.4,0.62,75,67,True,9.98,-4.46,False,-4.46,1.0,False,3,封次日负,True,2026-06,2026,,,,,,二接三阳
002141.SZSE,贤丰控股,2026-06-22,三接四,3,阳,2026-06-16,7.93,-11.9,18.8,+--,0.9,,0,0,06-16,下影,-0.6,0.8,10.7,06-17,下影,2.1,1.8,16.1,下影-1→下影+2→下影+7,5.18,9.98,23.4,1.89,122,75,False,-9.46,-4.44,True,-8.11,2.0,False,5,炸板,True,2026-06,2026,06-18,下影,7.5,3.3,5.4,三接四阳
002141.SZSE,贤丰控股,2026-07-16,二接三,2,阴,2026-07-14,-9.9,-23.8,55.7,+++,41.5,6.0,3,3,07-14,下影,-3.2,0.4,8.7,07-15,下影,9.2,3.3,8.6,下影-3→下影+9,6.17,3.21,19.0,1.65,37,65,False,-3.57,-2.11,False,-2.11,1.0,False,2,炸板,True,2026-07,2026,,,,,,二接三阴
002146.SZSE,荣盛发展,2023-06-14,三接四,3,阴,2023-06-09,-10.0,-45.1,0.0,---,-29.5,,0,0,06-09,一字,10.3,0.0,0.9,06-12,一字,10.1,0.0,0.5,一字+10→一字+10→一字+10,1.72,10.26,14.2,3.46,43,35,True,-2.91,9.88,True,6.4,2.0,False,5,连板,False,2023-06,2023,06-13,一字,9.9,0.0,0.6,三接四阴
002146.SZSE,荣盛发展,2023-07-21,二接三,2,阴,2023-07-19,1.14,-14.0,52.1,+++,-2.7,22.0,5,5,07-19,实体,-1.7,0.0,8.3,07-20,下影,1.5,0.5,18.1,实体-2→下影+2,2.38,-1.85,12.3,1.18,24,20,True,5.46,-2.94,False,-2.94,1.0,False,3,封次日负,True,2023-07,2023,,,,,,二接三阴
002146.SZSE,荣盛发展,2023-07-24,三接四,3,阴,2023-07-19,1.14,-14.0,52.1,+++,-2.7,22.0,5,5,07-19,实体,-1.7,0.0,8.3,07-20,下影,1.5,0.5,18.1,实体-2→下影+2→下影-2,2.62,5.46,22.2,1.6,19,24,False,-12.98,-3.05,True,-4.2,3.0,False,6,炸板,True,2023-07,2023,07-21,下影,-1.9,1.9,12.3,三接四阴
002146.SZSE,荣盛发展,2024-05-06,二接三,2,阳,2024-04-29,3.76,-20.7,9.5,---,-9.2,180.0,0,0,04-29,下影,5.1,0.7,3.5,04-30,下影,9.9,2.0,6.0,下影+5→下影+10,1.84,1.8,12.3,2.46,73,47,False,-11.41,-7.61,False,-7.61,1.0,False,2,炸板,True,2024-05,2024,,,,,,二接三阳
002146.SZSE,荣盛发展,2024-05-20,二接三,2,阳,2024-05-16,1.83,-9.2,28.5,++-,17.6,9.0,2,2,05-16,下影,-0.6,0.6,13.1,05-17,下影,2.7,3.3,17.7,下影-1→下影+3,2.22,-0.99,19.4,1.62,36,61,False,-4.5,-6.76,False,-6.76,1.0,False,2,炸板,True,2024-05,2024,,,,,,二接三阳
002146.SZSE,荣盛发展,2024-09-30,二接三,2,阳,2024-09-26,4.69,-16.2,18.6,++-,0.8,91.0,0,2,09-26,下影,-1.5,0.7,9.3,09-27,下影,4.1,2.0,9.9,下影-1→下影+4,1.78,9.88,7.7,1.04,626,107,True,10.11,2.81,False,2.81,1.0,False,3,封次日正,False,2024-09,2024,,,,,,二接三阳
002146.SZSE,荣盛发展,2024-10-08,三接四,3,阳,2024-09-26,4.69,-16.2,18.6,++-,0.8,91.0,0,2,09-26,下影,-1.5,0.7,9.3,09-27,下影,4.1,2.0,9.9,下影-1→下影+4→下影+10,1.96,10.11,12.1,1.33,352,626,False,-11.22,-15.82,False,-15.82,1.0,False,3,炸板,True,2024-10,2024,09-30,下影,9.9,5.6,7.7,三接四阳
002146.SZSE,荣盛发展,2024-11-08,三接四,3,阴,2024-11-05,-1.65,-8.7,58.4,+++,0.6,21.0,3,3,11-05,下影,-1.1,0.6,7.1,11-06,下影,9.6,3.0,8.7,下影-1→下影+10→一字+10,2.63,10.04,14.9,1.95,95,157,False,-9.13,-5.32,False,-5.32,1.0,False,3,炸板,True,2024-11,2024,11-07,一字,10.1,0.0,0.9,三接四阴
002146.SZSE,荣盛发展,2025-09-16,二接三,2,阴,2025-09-12,-0.62,-2.5,22.3,+++,14.4,209.0,0,0,09-12,下影,0.0,0.6,9.1,09-15,下影,4.0,2.9,21.6,下影+0→下影+4,2.12,4.15,22.0,1.74,59,56,True,-1.89,-6.13,False,-6.13,1.0,False,3,封次日负,True,2025-09,2025,,,,,,二接三阴
002148.SZSE,北纬科技,2024-03-22,二接三,2,阴,2024-03-20,-4.0,-22.1,61.5,+++,27.6,,0,0,03-20,下影,3.2,2.0,6.6,03-21,一字,9.9,0.0,2.0,下影+3→一字+10,6.7,10.02,31.4,2.55,44,56,False,-14.93,-21.64,False,-21.64,1.0,False,2,炸板,True,2024-03,2024,,,,,,二接三阴
002148.SZSE,北纬科技,2024-12-13,二接三,2,阳,2024-12-11,2.01,-2.2,53.0,+++,8.0,176.0,0,0,12-11,实体,-0.9,0.0,7.8,12-12,下影,4.5,6.9,23.7,实体-1→下影+5,8.8,7.0,13.3,1.18,84,119,True,5.45,2.84,False,2.84,1.0,False,3,封次日正,False,2024-12,2024,,,,,,二接三阳
002148.SZSE,北纬科技,2024-12-16,三接四,3,阳,2024-12-11,2.01,-2.2,53.0,+++,8.0,176.0,0,0,12-11,实体,-0.9,0.0,7.8,12-12,下影,4.5,6.9,23.7,实体-1→下影+5→下影+7,9.68,5.45,49.0,2.43,89,84,False,-7.85,-15.81,False,-15.81,1.0,False,3,炸板,True,2024-12,2024,12-13,下影,7.0,2.0,13.3,三接四阳
002148.SZSE,北纬科技,2025-08-13,二接三,2,阴,2025-08-11,-8.78,-14.0,50.6,+++,33.2,2.0,4,4,08-11,下影,-5.9,4.0,35.7,08-12,下影,8.1,4.8,60.8,下影-6→下影+8,12.6,0.0,49.6,1.24,80,42,True,0.79,1.9,False,1.9,1.0,False,3,封次日正,False,2025-08,2025,,,,,,二接三阴
002149.SZSE,西部材料,2025-12-09,二接三,2,阳,2025-12-05,-1.84,-6.3,16.0,++-,2.5,,0,0,12-05,下影,0.9,0.4,15.3,12-08,一字,10.0,0.0,1.7,下影+1→一字+10,24.83,10.01,36.8,2.38,46,63,False,2.7,5.76,True,5.92,2.0,False,4,炸板,False,2025-12,2025,,,,,,二接三阳
002150.SZSE,正泰电源,2025-09-05,二接三,2,阳,2025-09-03,0.77,-6.0,23.8,+++,4.4,,0,0,09-03,下影,1.0,1.5,8.2,09-04,一字,10.0,0.0,2.5,下影+1→一字+10,17.42,9.22,11.6,1.89,71,33,True,9.99,0.11,False,0.11,1.0,False,3,封次日正,False,2025-09,2025,,,,,,二接三阳
002150.SZSE,正泰电源,2025-09-08,三接四,3,阳,2025-09-03,0.77,-6.0,23.8,+++,4.4,,0,0,09-03,下影,1.0,1.5,8.2,09-04,一字,10.0,0.0,2.5,下影+1→一字+10→下影+9,19.16,9.99,29.0,2.59,56,71,False,-12.94,-18.06,False,-18.06,1.0,False,3,炸板,True,2025-09,2025,09-05,下影,9.2,4.1,11.6,三接四阳
002151.SZSE,北斗星通,2026-01-06,二接三,2,阳,2025-12-31,-1.01,-6.6,44.4,+++,32.8,615.0,0,0,12-31,实体,-2.3,0.0,21.0,01-05,下影,9.6,9.5,26.8,实体-2→下影+10,54.97,0.02,16.9,0.75,96,74,True,6.97,4.97,False,4.97,1.0,False,3,封次日正,False,2026-01,2026,,,,,,二接三阳
002151.SZSE,北斗星通,2026-01-07,三接四,3,阳,2025-12-31,-1.01,-6.6,44.4,+++,32.8,615.0,0,0,12-31,实体,-2.3,0.0,21.0,01-05,下影,9.6,9.5,26.8,实体-2→下影+10→实体+0,60.47,6.97,33.3,1.38,63,96,False,-7.59,-1.29,False,-1.29,1.0,False,3,炸板,True,2026-01,2026,01-06,实体,0.0,0.0,16.9,三接四阳
002158.SZSE,汉钟精机,2025-08-19,二接三,2,阴,2025-08-15,-1.54,-5.1,7.5,+-+,1.4,,0,0,08-15,实体,0.4,0.0,7.4,08-18,下影,5.1,1.9,12.3,实体+0→下影+5,23.85,5.67,8.3,1.27,74,78,True,2.6,10.02,True,-0.63,2.0,False,4,连板,False,2025-08,2025,,,,,,二接三阴
002158.SZSE,汉钟精机,2025-08-20,三接四,3,阴,2025-08-15,-1.54,-5.1,7.5,+-+,1.4,,0,0,08-15,实体,0.4,0.0,7.4,08-18,下影,5.1,1.9,12.3,实体+0→下影+5→实体+6,26.24,2.6,14.3,1.59,78,74,True,0.0,-9.68,False,-9.68,1.0,False,4,封次日负,True,2025-08,2025,08-19,实体,5.7,0.0,8.3,三接四阴
002161.SZSE,远 望 谷,2024-11-21,二接三,2,阴,2024-11-19,-4.05,-14.3,37.8,-++,6.1,,0,0,11-19,一字,10.0,0.0,3.1,11-20,下影,7.7,6.1,9.8,一字+10→下影+8,6.93,4.76,22.2,2.79,88,119,True,7.65,9.96,True,-1.01,2.0,False,4,连板,False,2024-11,2024,,,,,,二接三阴
002161.SZSE,远 望 谷,2024-11-22,三接四,3,阴,2024-11-19,-4.05,-14.3,37.8,-++,6.1,,0,0,11-19,一字,10.0,0.0,3.1,11-20,下影,7.7,6.1,9.8,一字+10→下影+8→下影+5,7.62,7.65,30.0,2.22,60,88,True,-8.14,-9.97,False,-9.97,1.0,False,4,封次日负,True,2024-11,2024,11-21,下影,4.8,3.8,22.2,三接四阴
002163.SZSE,海南发展,2024-12-04,二接三,2,阳,2024-12-02,-0.86,-10.1,70.3,+-+,19.2,,0,0,12-02,一字,10.1,0.0,1.3,12-03,下影,10.0,1.7,9.8,一字+10→下影+10,12.32,-0.89,20.8,2.68,69,92,False,-7.06,-4.63,False,-4.63,1.0,False,2,炸板,True,2024-12,2024,,,,,,二接三阳
002163.SZSE,海南发展,2025-12-24,三接四,3,阴,2025-12-19,-5.64,-30.1,39.7,-+-,-8.5,255.0,0,0,12-19,下影,-0.5,3.7,16.8,12-22,实体,9.1,0.0,5.6,下影-1→实体+9→一字+10,19.35,7.9,15.8,1.47,65,48,True,4.13,6.87,False,6.87,1.0,False,4,封次日正,False,2025-12,2025,12-23,一字,10.0,0.0,1.7,三接四阴
002164.SZSE,宁波东力,2024-02-27,二接三,2,阳,2024-02-23,2.41,-41.5,30.0,+--,-25.0,,0,0,02-23,下影,0.5,0.7,5.7,02-26,下影,6.0,2.4,11.0,下影+0→下影+6,5.67,3.11,18.8,2.18,69,72,False,-8.11,-15.34,False,-15.34,1.0,False,2,炸板,True,2024-02,2024,,,,,,二接三阳
002164.SZSE,宁波东力,2025-01-15,二接三,2,阴,2025-01-13,-2.24,-22.3,7.6,---,-19.3,216.0,0,0,01-13,下影,-1.2,3.3,3.5,01-14,下影,3.8,1.3,6.0,下影-1→下影+4,6.39,9.98,7.5,1.78,54,111,True,-0.94,10.02,True,-0.94,2.0,False,4,连板,False,2025-01,2025,,,,,,二接三阴
002164.SZSE,宁波东力,2025-01-16,三接四,3,阴,2025-01-13,-2.24,-22.3,7.6,---,-19.3,216.0,0,0,01-13,下影,-1.2,3.3,3.5,01-14,下影,3.8,1.3,6.0,下影-1→下影+4→下影+10,7.03,-0.94,30.4,3.06,59,54,True,-0.57,-9.96,False,-9.96,1.0,False,4,封次日负,True,2025-01,2025,01-15,下影,10.0,1.7,7.5,三接四阴
002164.SZSE,宁波东力,2025-03-20,三接四,3,阴,2025-03-17,1.59,-4.8,71.7,+++,33.2,36.0,4,4,03-17,实体,3.3,0.0,11.0,03-18,下影,10.0,4.0,6.9,实体+3→下影+10→一字+10,11.22,10.0,9.9,1.1,55,40,True,0.0,1.6,False,1.6,1.0,False,4,封次日正,False,2025-03,2025,03-19,一字,10.0,0.0,1.9,三接四阴
002164.SZSE,宁波东力,2025-05-06,二接三,2,阴,2025-04-29,-4.5,-39.8,33.2,++-,-11.9,27.0,4,4,04-29,实体,2.8,0.3,13.2,04-30,下影,1.3,0.6,21.9,实体+3→下影+1,9.89,7.68,31.2,1.73,79,56,False,-4.45,-1.82,False,-1.82,1.0,False,2,炸板,True,2025-05,2025,,,,,,二接三阴
002165.SZSE,红 宝 丽,2024-11-13,三接四,3,阳,2024-11-08,2.53,-3.8,29.4,+++,8.6,164.0,0,0,11-08,下影,0.7,1.5,10.6,11-11,一字,10.1,0.0,1.6,下影+1→一字+10→一字+10,5.94,0.93,42.7,3.52,50,65,False,-7.58,-12.79,False,-12.79,1.0,False,3,炸板,True,2024-11,2024,11-12,一字,10.0,0.0,1.6,三接四阳
002165.SZSE,红 宝 丽,2025-04-17,二接三,2,阳,2025-04-15,5.99,-3.6,110.9,+++,71.4,102.0,0,3,04-15,实体,-4.2,0.0,45.2,04-16,下影,-2.3,0.7,44.8,实体-4→下影-2,10.84,5.08,21.3,0.53,78,40,True,3.14,9.96,True,11.53,2.0,False,4,连板,False,2025-04,2025,,,,,,二接三阳
002165.SZSE,红 宝 丽,2025-04-18,三接四,3,阳,2025-04-15,5.99,-3.6,110.9,+++,71.4,102.0,0,3,04-15,实体,-4.2,0.0,45.2,04-16,下影,-2.3,0.7,44.8,实体-4→下影-2→实体+5,11.92,3.14,38.9,1.0,50,78,True,0.0,1.43,False,1.43,1.0,False,4,封次日正,False,2025-04,2025,04-17,实体,5.1,0.1,21.3,三接四阳
002167.SZSE,东方锆业,2026-06-24,三接四,3,阴,2026-06-18,-4.12,-5.7,27.1,+++,21.5,412.0,0,0,06-18,一字,10.0,0.0,3.7,06-22,一字,10.0,0.0,0.8,一字+10→一字+10→一字+10,21.46,0.46,39.7,2.93,87,87,True,-0.19,6.1,False,6.1,1.0,False,4,封次日正,False,2026-06,2026,06-23,一字,10.0,0.0,12.9,三接四阴
002167.SZSE,东方锆业,2026-07-02,二接三,2,阴,2026-06-30,-6.96,-13.0,72.9,+++,49.7,4.0,4,4,06-30,下影,-2.7,5.4,20.1,07-01,实体,1.1,0.0,21.8,下影-3→实体+1,26.71,-3.17,26.2,1.2,83,130,False,-2.28,-6.25,False,-6.25,1.0,False,2,炸板,True,2026-07,2026,,,,,,二接三阴
002172.SZSE,澳洋健康,2026-08-17,三接四,3,阳,2026-08-12,0.0,-7.8,24.9,+++,13.3,282.0,0,0,08-12,实体,-0.9,0.0,7.0,08-13,一字,10.1,0.0,3.0,实体-1→一字+10→一字+10,4.99,3.52,26.9,3.22,93,51,True,-6.01,-10.02,False,-10.02,1.0,False,4,封次日负,True,2026-08,2026,08-14,一字,9.9,0.0,2.5,三接四阳
002173.SZSE,创新医疗,2025-08-14,二接三,2,阳,2025-08-12,6.36,-3.3,87.6,+++,29.2,30.0,2,2,08-12,实体,-3.0,0.0,38.4,08-13,下影,2.5,2.2,35.3,实体-3→下影+3,24.92,4.99,25.7,0.73,40,80,True,7.18,7.02,False,7.02,1.0,False,3,封次日正,False,2025-08,2025,,,,,,二接三阳
002173.SZSE,创新医疗,2025-08-15,三接四,3,阳,2025-08-12,6.36,-3.3,87.6,+++,29.2,30.0,2,2,08-12,实体,-3.0,0.0,38.4,08-13,下影,2.5,2.2,35.3,实体-3→下影+3→下影+5,27.41,7.18,42.2,1.19,70,40,False,-4.78,-2.59,False,-2.59,1.0,False,3,炸板,True,2025-08,2025,08-14,下影,5.0,2.1,25.7,三接四阳
002177.SZSE,御银股份,2025-08-22,三接四,3,阳,2025-08-19,-0.15,-22.7,48.5,++-,1.6,54.0,5,5,08-19,实体,2.6,0.0,32.4,08-20,下影,0.0,1.3,35.0,实体+3→下影+0→一字+10,10.0,3.85,34.8,1.43,55,37,True,1.2,-4.3,False,-4.3,1.0,False,4,封次日负,True,2025-08,2025,08-21,一字,10.0,0.0,3.6,三接四阳
002177.SZSE,御银股份,2025-12-31,二接三,2,阳,2025-12-29,0.14,-16.9,10.7,++-,4.7,85.0,0,4,12-29,下影,-0.6,1.0,26.7,12-30,下影,10.0,5.0,22.0,下影-1→下影+10,9.41,-1.75,57.0,2.37,49,48,True,-5.42,-8.4,False,-8.4,1.0,False,3,封次日负,True,2025-12,2025,,,,,,二接三阳
002178.SZSE,延华智能,2023-11-16,二接三,2,阳,2023-11-14,4.14,-5.3,29.9,+++,9.6,53.0,2,2,11-14,实体,1.0,0.2,6.0,11-15,一字,10.1,0.0,2.5,实体+1→一字+10,6.37,2.25,30.6,3.08,25,46,False,-8.95,2.98,True,10.52,2.0,False,4,炸板,False,2023-11,2023,,,,,,二接三阳
002178.SZSE,延华智能,2024-01-08,二接三,2,阳,2024-01-04,0.39,-28.9,25.7,+--,-7.7,35.0,2,2,01-04,下影,-0.4,0.4,5.4,01-05,下影,9.9,4.8,11.6,下影-0→下影+10,6.82,4.35,31.0,2.9,29,18,False,-19.35,-8.36,False,-8.36,1.0,False,2,炸板,True,2024-01,2024,,,,,,二接三阳
002178.SZSE,延华智能,2024-06-21,二接三,2,阳,2024-06-19,5.35,-42.4,12.0,+--,-16.7,106.0,0,2,06-19,实体,1.8,0.0,1.7,06-20,下影,4.9,0.8,5.4,实体+2→下影+5,4.47,9.61,20.6,3.26,17,12,False,-16.11,-16.11,False,-16.11,1.0,False,2,炸板,True,2024-06,2024,,,,,,二接三阳
002178.SZSE,延华智能,2024-10-09,三接四,3,阳,2024-09-27,1.35,-3.1,22.1,+++,7.4,69.0,0,2,09-27,实体,0.8,0.0,9.8,09-30,一字,9.9,0.0,1.8,实体+1→一字+10→一字+10,5.49,4.01,28.3,3.0,29,352,True,-3.46,-10.02,False,-10.02,1.0,False,4,封次日负,True,2024-10,2024,10-08,一字,9.9,0.0,1.2,三接四阳
002178.SZSE,延华智能,2024-10-31,二接三,2,阳,2024-10-29,3.38,-6.3,73.3,+++,51.0,14.0,4,4,10-29,下影,0.2,2.0,10.8,10-30,下影,4.0,2.0,14.2,下影+0→下影+4,7.34,10.04,11.1,0.89,141,118,True,9.95,-9.95,False,-9.95,1.0,False,3,封次日负,True,2024-10,2024,,,,,,二接三阳
002178.SZSE,延华智能,2024-11-01,三接四,3,阳,2024-10-29,3.38,-6.3,73.3,+++,51.0,14.0,4,4,10-29,下影,0.2,2.0,10.8,10-30,下影,4.0,2.0,14.2,下影+0→下影+4→下影+10,8.07,9.95,27.9,1.82,74,141,False,-26.27,-9.91,True,21.81,5.0,False,8,炸板,True,2024-11,2024,10-31,下影,10.0,5.1,11.1,三接四阳
002178.SZSE,延华智能,2024-11-07,三接四,3,阴,2024-11-04,-9.95,-18.1,107.9,+++,60.0,2.0,4,4,11-04,实体,-10.0,0.0,19.6,11-05,下影,10.0,4.1,6.5,实体-10→下影+10→一字+10,9.68,10.0,38.6,2.06,157,104,True,-1.96,1.55,False,1.55,1.0,False,4,封次日正,False,2024-11,2024,11-06,一字,10.0,0.0,1.0,三接四阴
002181.SZSE,粤 传 媒,2024-12-12,二接三,2,阴,2024-12-10,0.0,-8.4,76.5,+++,21.5,10.0,2,2,12-10,下影,1.3,3.7,7.2,12-11,下影,-1.3,2.2,13.7,下影+1→下影-1,7.22,0.3,10.4,1.03,119,119,True,2.08,9.97,True,5.26,2.0,False,4,连板,False,2024-12,2024,,,,,,二接三阴
002181.SZSE,粤 传 媒,2024-12-13,三接四,3,阴,2024-12-10,0.0,-8.4,76.5,+++,21.5,10.0,2,2,12-10,下影,1.3,3.7,7.2,12-11,下影,-1.3,2.2,13.7,下影+1→下影-1→下影+0,7.94,2.08,4.0,0.41,84,119,True,9.95,-4.28,False,-4.28,1.0,False,4,封次日负,True,2024-12,2024,12-12,下影,0.3,1.5,10.4,三接四阴
002181.SZSE,粤 传 媒,2024-12-19,二接三,2,阴,2024-12-17,-4.28,-12.9,147.6,+++,85.4,2.0,4,4,12-17,实体,-0.3,0.0,20.0,12-18,实体,4.3,0.1,3.4,实体-0→实体+4,10.12,10.0,17.1,1.31,50,84,True,-9.98,-9.98,False,-9.98,1.0,False,3,封次日负,True,2024-12,2024,,,,,,二接三阴
002181.SZSE,粤 传 媒,2025-06-11,二接三,2,阴,2025-06-09,-2.88,-6.0,38.7,+++,5.9,110.0,0,4,06-09,下影,1.5,1.0,7.7,06-10,下影,4.9,1.5,15.1,下影+1→下影+5,8.07,5.04,8.8,0.91,44,36,True,5.33,10.04,True,-0.99,2.0,False,4,连板,False,2025-06,2025,,,,,,二接三阴
002181.SZSE,粤 传 媒,2025-06-12,三接四,3,阴,2025-06-09,-2.88,-6.0,38.7,+++,5.9,110.0,0,4,06-09,下影,1.5,1.0,7.7,06-10,下影,4.9,1.5,15.1,下影+1→下影+5→实体+5,8.88,5.33,17.2,1.55,49,44,True,-1.69,-10.02,False,-10.02,1.0,False,4,封次日负,True,2025-06,2025,06-11,实体,5.0,0.0,8.8,三接四阴
002181.SZSE,粤 传 媒,2025-09-11,二接三,2,阳,2025-09-09,0.38,-7.7,23.7,+++,10.6,63.0,0,4,09-09,下影,-0.8,1.1,11.7,09-10,下影,-1.3,2.8,11.0,下影-1→下影-1,10.54,2.09,18.9,1.48,74,44,False,-9.96,-12.52,False,-12.52,1.0,False,2,炸板,True,2025-09,2025,,,,,,二接三阳
002181.SZSE,粤 传 媒,2025-11-04,二接三,2,阴,2025-10-31,-1.64,-9.1,39.9,+++,23.9,31.0,2,4,10-31,下影,2.1,1.9,6.5,11-03,一字,10.0,0.0,0.7,下影+2→一字+10,12.75,9.92,6.9,1.06,44,56,True,-0.94,3.14,False,3.14,1.0,False,3,封次日正,False,2025-11,2025,,,,,,二接三阴
002183.SZSE,怡 亚 通,2024-10-29,二接三,2,阳,2024-10-25,-1.13,-5.2,61.6,+++,38.2,,0,0,10-25,下影,3.4,1.8,5.3,10-28,一字,10.0,0.0,0.8,下影+3→一字+10,5.83,10.0,17.0,2.31,93,179,False,-4.63,1.37,False,1.37,1.0,False,2,炸板,False,2024-10,2024,,,,,,二接三阳
002184.SZSE,海得控制,2025-01-03,二接三,2,阴,2024-12-31,0.0,-19.7,15.1,---,-11.2,,0,0,12-31,实体,0.5,0.0,10.4,01-02,下影,-1.2,3.1,15.6,实体+0→下影-1,14.14,10.04,38.2,2.73,41,51,True,0.57,9.97,True,31.75,5.0,False,7,连板,False,2025-01,2025,,,,,,二接三阴
002184.SZSE,海得控制,2025-01-06,三接四,3,阴,2024-12-31,0.0,-19.7,15.1,---,-11.2,,0,0,12-31,实体,0.5,0.0,10.4,01-02,下影,-1.2,3.1,15.6,实体+0→下影-1→下影+10,15.55,0.57,43.3,1.94,52,41,True,-0.19,10.03,True,19.81,4.0,False,7,连板,False,2025-01,2025,01-03,下影,10.0,6.1,38.2,三接四阴
002185.SZSE,华天科技,2024-02-08,二接三,2,阴,2024-02-06,-5.49,-37.6,3.5,---,-24.0,,0,0,02-06,实体,-2.6,0.0,1.5,02-07,下影,0.9,1.2,2.1,实体-3→下影+1,7.79,1.55,1.6,1.1,430,92,True,10.01,10.01,True,8.6,2.0,False,4,连板,False,2024-02,2024,,,,,,二接三阴
002185.SZSE,华天科技,2026-05-27,二接三,2,阳,2026-05-25,1.58,-8.0,36.5,+++,22.9,384.0,0,0,05-25,下影,3.7,0.6,8.9,05-26,下影,10.0,3.0,18.5,下影+4→下影+10,20.54,5.78,37.1,2.08,45,45,False,-1.9,4.63,False,4.63,1.0,False,2,炸板,False,2026-05,2026,,,,,,二接三阳
002187.SZSE,广百股份,2024-11-29,二接三,2,阳,2024-11-27,2.38,-9.1,38.3,+-+,8.1,,0,0,11-27,下影,-0.5,2.7,8.1,11-28,下影,1.5,0.5,7.6,下影-1→下影+1,7.46,6.78,20.4,2.5,105,75,False,-12.47,-12.47,False,-12.47,1.0,False,2,炸板,True,2024-11,2024,,,,,,二接三阳
002187.SZSE,广百股份,2024-12-16,二接三,2,阳,2024-12-12,5.11,-11.8,62.5,-++,20.1,10.0,2,2,12-12,下影,0.6,1.7,5.9,12-13,下影,5.0,2.5,17.8,下影+1→下影+5,8.76,2.76,22.6,1.82,89,84,False,-15.87,-15.87,False,-15.87,1.0,False,2,炸板,True,2024-12,2024,,,,,,二接三阳
002187.SZSE,广百股份,2025-01-17,二接三,2,阳,2025-01-15,1.46,-7.1,69.8,+++,1.6,5.0,2,2,01-15,下影,-2.9,4.8,26.4,01-16,实体,-3.7,0.0,21.9,下影-3→实体-4,11.08,4.57,31.8,1.27,47,59,False,-16.43,-11.82,False,-11.82,1.0,False,2,炸板,True,2025-01,2025,,,,,,二接三阳
002188.SZSE,中天服务,2025-12-19,二接三,2,阴,2025-12-17,-0.53,-17.6,7.9,---,-15.5,387.0,0,0,12-17,下影,0.4,1.6,8.3,12-18,下影,-2.8,2.4,27.4,下影+0→下影-3,7.47,4.86,15.9,1.25,65,52,True,10.04,-9.91,False,-9.91,1.0,False,3,封次日负,True,2025-12,2025,,,,,,二接三阴
002188.SZSE,中天服务,2025-12-22,三接四,3,阴,2025-12-17,-0.53,-17.6,7.9,---,-15.5,387.0,0,0,12-17,下影,0.4,1.6,8.3,12-18,下影,-2.8,2.4,27.4,下影+0→下影-3→实体+5,8.22,10.04,46.4,2.25,72,65,False,-22.99,-20.44,False,-20.44,1.0,False,3,炸板,True,2025-12,2025,12-19,实体,4.9,0.3,15.9,三接四阴
002189.SZSE,中光学,2025-06-27,二接三,2,阴,2025-06-25,1.23,-2.2,45.9,+++,7.2,307.0,0,0,06-25,下影,2.2,1.7,7.1,06-26,一字,10.0,0.0,2.6,下影+2→一字+10,29.54,10.02,29.1,2.56,42,46,False,-7.92,4.27,True,6.7,2.0,False,4,炸板,False,2025-06,2025,,,,,,二接三阴
002190.SZSE,成飞集成,2025-05-12,三接四,3,阳,2025-05-07,0.72,-10.2,17.1,++-,0.1,,0,0,05-07,下影,5.1,1.7,6.2,05-08,下影,10.0,3.8,9.9,下影+5→下影+10→一字+10,24.51,9.02,9.2,1.56,38,27,True,10.0,10.0,True,73.4,6.0,False,9,连板,False,2025-05,2025,05-09,一字,10.0,0.0,2.8,三接四阳
002190.SZSE,成飞集成,2025-08-22,二接三,2,阴,2025-08-20,0.11,-12.6,16.6,-++,2.6,66.0,0,9,08-20,下影,0.0,1.4,18.4,08-21,下影,4.5,2.1,13.0,下影+0→下影+5,48.79,5.98,27.1,1.87,55,37,True,4.8,10.0,True,14.76,2.0,False,4,连板,False,2025-08,2025,,,,,,二接三阴
002190.SZSE,成飞集成,2025-08-25,三接四,3,阴,2025-08-20,0.11,-12.6,16.6,-++,2.6,66.0,0,9,08-20,下影,0.0,1.4,18.4,08-21,下影,4.5,2.1,13.0,下影+0→下影+5→下影+6,53.67,4.8,18.6,1.1,64,55,True,1.23,4.32,False,4.32,1.0,False,4,封次日正,False,2025-08,2025,08-22,下影,6.0,8.2,27.1,三接四阴
002192.SZSE,融捷股份,2024-10-08,二接三,2,阳,2024-09-27,3.85,-4.0,15.5,+++,9.3,,0,0,09-27,下影,2.9,0.5,10.8,09-30,下影,4.5,1.5,11.3,下影+3→下影+5,41.67,10.01,11.5,1.28,352,626,False,-4.49,-11.38,False,-11.38,1.0,False,2,炸板,True,2024-10,2024,,,,,,二接三阳
002192.SZSE,融捷股份,2026-03-26,二接三,2,阳,2026-03-24,0.36,-14.8,11.2,--+,1.4,355.0,0,0,03-24,下影,7.8,1.4,11.4,03-25,下影,7.5,0.7,14.7,下影+8→下影+8,70.91,4.03,15.7,1.46,36,78,True,3.41,10.0,True,15.61,2.0,False,4,连板,False,2026-03,2026,,,,,,二接三阳
002192.SZSE,融捷股份,2026-03-27,三接四,3,阳,2026-03-24,0.36,-14.8,11.2,--+,1.4,355.0,0,0,03-24,下影,7.8,1.4,11.4,03-25,下影,7.5,0.7,14.7,下影+8→下影+8→下影+4,78.0,3.41,16.3,1.27,72,36,True,6.86,5.1,False,5.1,1.0,False,4,封次日正,False,2026-03,2026,03-26,下影,4.0,2.2,15.7,三接四阳
002194.SZSE,武汉凡谷,2024-11-21,二接三,2,阳,2024-11-19,5.71,-3.2,76.4,+++,32.8,281.0,0,0,11-19,下影,-3.9,1.7,29.1,11-20,实体,3.2,0.1,7.8,下影-4→实体+3,17.73,8.87,45.7,1.65,88,119,False,-15.4,-15.28,False,-15.28,1.0,False,2,炸板,True,2024-11,2024,,,,,,二接三阳
002195.SZSE,岩山科技,2024-12-04,二接三,2,阳,2024-12-02,3.37,-4.7,73.6,+++,26.9,39.0,2,2,12-02,下影,1.9,1.1,10.7,12-03,下影,5.9,1.5,9.0,下影+2→下影+6,4.91,10.09,24.3,1.91,69,92,True,-2.44,9.98,True,10.79,2.0,False,4,连板,False,2024-12,2024,,,,,,二接三阳
002195.SZSE,岩山科技,2024-12-05,三接四,3,阳,2024-12-02,3.37,-4.7,73.6,+++,26.9,39.0,2,2,12-02,下影,1.9,1.1,10.7,12-03,下影,5.9,1.5,9.0,下影+2→下影+6→下影+10,5.4,-2.44,19.4,1.33,103,69,True,9.26,0.74,False,0.74,1.0,False,4,封次日正,False,2024-12,2024,12-04,下影,10.1,13.2,24.3,三接四阳
002195.SZSE,岩山科技,2025-03-07,二接三,2,阳,2025-03-05,-0.38,-12.1,48.4,+++,28.0,57.0,4,4,03-05,下影,1.2,1.7,13.6,03-06,下影,5.1,1.4,11.5,下影+1→下影+5,6.93,10.0,33.2,2.11,45,87,False,-7.22,-8.51,False,-8.51,1.0,False,2,炸板,True,2025-03,2025,,,,,,二接三阳
002195.SZSE,岩山科技,2026-01-08,三接四,3,阳,2026-01-05,2.01,-13.6,9.8,++-,2.8,84.0,0,2,01-05,一字,10.0,0.0,2.6,01-06,一字,10.0,0.0,1.3,一字+10→一字+10→一字+10,10.38,2.44,34.0,3.85,77,63,True,-0.39,-0.29,False,-0.29,1.0,False,4,封次日负,True,2026-01,2026,01-07,一字,10.0,0.0,2.1,三接四阳
002196.SZSE,方正电机,2024-08-01,二接三,2,阳,2024-07-30,0.5,-26.9,6.3,---,-3.3,89.0,0,2,07-30,下影,-1.0,0.5,4.0,07-31,下影,3.8,2.7,8.4,下影-1→下影+4,5.4,9.98,19.9,2.9,50,74,True,-6.48,-2.96,False,-2.96,1.0,False,3,封次日负,True,2024-08,2024,,,,,,二接三阳
002196.SZSE,方正电机,2025-03-11,二接三,2,阴,2025-03-07,-0.27,-4.6,50.7,-++,19.7,142.0,0,0,03-07,实体,2.7,0.1,17.4,03-10,一字,10.0,0.0,1.6,实体+3→一字+10,9.69,1.7,10.9,0.85,45,65,True,10.01,2.58,False,2.58,1.0,False,3,封次日正,False,2025-03,2025,,,,,,二接三阴
002196.SZSE,方正电机,2025-03-12,三接四,3,阴,2025-03-07,-0.27,-4.6,50.7,-++,19.7,142.0,0,0,03-07,实体,2.7,0.1,17.4,03-10,一字,10.0,0.0,1.6,实体+3→一字+10→实体+2,10.66,10.01,42.3,2.2,69,45,False,-2.16,-0.38,False,-0.38,1.0,False,3,炸板,True,2025-03,2025,03-11,实体,1.7,0.0,10.9,三接四阴
002197.SZSE,证通电子,2026-07-23,二接三,2,阳,2026-07-21,4.73,-34.2,10.6,+--,-9.9,,0,0,07-21,下影,-0.7,3.0,12.5,07-22,实体,8.4,0.0,3.7,下影-1→实体+8,7.67,0.43,20.4,2.02,104,41,True,-6.65,-10.04,False,-10.04,1.0,False,3,封次日负,True,2026-07,2026,,,,,,二接三阳
002199.SZSE,东晶电子,2023-06-27,二接三,2,阳,2023-06-21,-0.39,-5.7,19.1,+++,3.0,,0,0,06-21,下影,-0.1,3.3,6.4,06-26,下影,10.0,9.0,19.6,下影-0→下影+10,10.13,0.22,29.6,2.27,48,32,True,-9.48,-9.97,False,-9.97,1.0,False,3,封次日负,True,2023-06,2023,,,,,,二接三阳
002199.SZSE,东晶电子,2024-06-14,二接三,2,阳,2024-06-12,4.18,-34.0,11.0,---,-14.7,219.0,0,0,06-12,实体,0.2,0.0,5.1,06-13,下影,-0.8,2.1,13.4,实体+0→下影-1,6.3,3.32,10.7,1.38,16,28,True,8.25,10.0,True,31.75,5.0,False,7,连板,False,2024-06,2024,,,,,,二接三阳
002199.SZSE,东晶电子,2024-06-17,三接四,3,阳,2024-06-12,4.18,-34.0,11.0,---,-14.7,219.0,0,0,06-12,实体,0.2,0.0,5.1,06-13,下影,-0.8,2.1,13.4,实体+0→下影-1→下影+3,6.93,8.25,22.9,2.04,19,16,True,9.67,9.96,True,19.77,4.0,False,7,连板,False,2024-06,2024,06-14,下影,3.3,1.0,10.7,三接四阳
002199.SZSE,东晶电子,2024-10-18,二接三,2,阳,2024-10-16,-0.14,-10.1,35.1,++-,13.7,33.0,2,7,10-16,下影,-0.3,2.5,15.2,10-17,下影,2.4,3.4,22.7,下影-0→下影+2,9.54,3.81,25.1,1.4,77,41,True,-5.97,9.96,True,11.43,2.0,False,4,连板,False,2024-10,2024,,,,,,二接三阳
002199.SZSE,东晶电子,2024-10-21,三接四,3,阳,2024-10-16,-0.14,-10.1,35.1,++-,13.7,33.0,2,7,10-16,下影,-0.3,2.5,15.2,10-17,下影,2.4,3.4,22.7,下影-0→下影+2→下影+4,10.49,-5.97,25.7,1.27,89,77,True,0.19,1.33,False,1.33,1.0,False,4,封次日正,False,2024-10,2024,10-18,下影,3.8,2.1,25.1,三接四阳
002199.SZSE,东晶电子,2026-07-30,二接三,2,阴,2026-07-28,-6.27,-30.9,26.3,---,-9.3,2.0,2,2,07-28,实体,-3.1,0.0,3.5,07-29,下影,-2.5,3.0,8.8,实体-3→下影-3,14.73,-0.97,14.7,1.93,46,73,False,-10.59,-7.2,False,-7.2,1.0,False,2,炸板,True,2026-07,2026,,,,,,二接三阴
002201.SZSE,九鼎新材,2026-04-23,二接三,2,阳,2026-04-21,3.6,-22.2,23.5,++-,16.4,58.0,2,4,04-21,下影,-1.3,0.9,15.7,04-22,实体,0.0,0.0,29.9,下影-1→实体+0,16.85,4.31,31.5,1.67,45,49,False,-15.73,-15.73,False,-15.73,1.0,False,2,炸板,True,2026-04,2026,,,,,,二接三阳
002202.SZSE,金风科技,2026-01-08,二接三,2,阴,2026-01-06,6.96,-4.2,56.3,+++,45.2,,0,0,01-06,下影,-2.8,1.9,18.4,01-07,下影,2.1,2.9,20.3,下影-3→下影+2,29.04,-1.52,18.1,1.02,77,63,True,9.99,9.99,True,16.91,3.0,False,5,连板,False,2026-01,2026,,,,,,二接三阴
002202.SZSE,金风科技,2026-01-09,三接四,3,阴,2026-01-06,6.96,-4.2,56.3,+++,45.2,,0,0,01-06,下影,-2.8,1.9,18.4,01-07,下影,2.1,2.9,20.3,下影-3→下影+2→下影-2,31.94,9.99,16.7,0.9,79,77,True,6.42,9.99,True,6.29,2.0,False,5,连板,False,2026-01,2026,01-08,下影,-1.5,1.8,18.1,三接四阴
002204.SZSE,大连重工,2025-03-24,三接四,3,阳,2025-03-19,0.0,-0.9,14.9,+++,8.0,,0,0,03-19,下影,-0.2,0.4,3.6,03-20,一字,10.0,0.0,1.3,下影-0→一字+10→一字+10,7.7,10.0,18.4,3.58,38,39,True,0.0,1.17,False,1.17,1.0,False,4,封次日正,False,2025-03,2025,03-21,一字,10.1,0.0,1.2,三接四阳
002208.SZSE,合肥城建,2025-10-14,二接三,2,阳,2025-10-10,7.31,-2.4,31.2,+++,28.4,220.0,0,0,10-10,下影,-4.3,1.0,12.2,10-13,下影,3.1,1.8,6.6,下影-4→下影+3,11.14,9.97,20.1,1.51,34,48,True,5.12,-3.59,False,-3.59,1.0,False,3,封次日负,True,2025-10,2025,,,,,,二接三阳
002208.SZSE,合肥城建,2025-10-15,三接四,3,阳,2025-10-10,7.31,-2.4,31.2,+++,28.4,220.0,0,0,10-10,下影,-4.3,1.0,12.2,10-13,下影,3.1,1.8,6.6,下影-4→下影+3→下影+10,12.25,5.12,22.4,1.42,58,34,False,-11.1,-3.59,True,6.2,3.0,False,6,炸板,True,2025-10,2025,10-14,下影,10.0,6.9,20.1,三接四阳
002208.SZSE,合肥城建,2026-05-14,二接三,2,阳,2026-05-12,5.24,-12.9,33.8,+++,24.9,135.0,0,0,05-12,下影,3.1,4.0,10.8,05-13,实体,0.0,0.0,12.3,下影+3→实体+0,19.8,5.61,12.0,1.23,50,101,True,-0.96,4.85,False,4.85,1.0,False,3,封次日正,False,2026-05,2026,,,,,,二接三阳
002209.SZSE,达 意 隆,2024-03-04,三接四,3,阳,2024-02-28,4.71,-28.0,59.7,+--,-8.1,,0,0,02-28,下影,0.2,4.4,16.4,02-29,一字,10.0,0.0,2.0,下影+0→一字+10→一字+10,12.38,10.04,41.4,3.03,61,56,False,-24.72,-24.64,False,-24.64,1.0,False,3,炸板,True,2024-03,2024,03-01,一字,10.0,0.0,1.1,三接四阳
002209.SZSE,达 意 隆,2025-07-15,二接三,2,阳,2025-07-11,-0.16,-1.4,30.4,+++,5.4,330.0,0,0,07-11,一字,10.0,0.0,6.1,07-14,下影,1.9,3.5,28.4,一字+10→下影+2,16.85,1.96,23.3,1.9,38,55,True,2.02,10.03,True,1.42,2.0,False,4,连板,False,2025-07,2025,,,,,,二接三阳
002209.SZSE,达 意 隆,2025-07-16,三接四,3,阳,2025-07-11,-0.16,-1.4,30.4,+++,5.4,330.0,0,0,07-11,一字,10.0,0.0,6.1,07-14,下影,1.9,3.5,28.4,一字+10→下影+2→实体+2,18.54,2.02,14.8,0.99,49,38,True,9.92,-7.82,False,-7.82,1.0,False,4,封次日负,True,2025-07,2025,07-15,实体,2.0,0.0,23.3,三接四阳
002210.SZSE,飞马国际,2026-04-29,二接三,2,阴,2026-04-27,-1.19,-26.3,0.8,---,-8.8,155.0,0,0,04-27,实体,6.0,0.0,2.6,04-28,下影,7.3,5.1,6.4,实体+6→下影+7,3.31,9.3,7.0,1.71,92,53,True,1.51,-9.97,False,-9.97,1.0,False,3,封次日负,True,2026-04,2026,,,,,,二接三阴
002212.SZSE,天融信,2025-08-25,二接三,2,阳,2025-08-21,3.07,-5.5,24.5,+--,4.2,215.0,0,0,08-21,一字,10.0,0.0,2.6,08-22,下影,10.0,1.5,8.5,一字+10→下影+10,11.17,7.39,31.5,3.05,64,55,False,-8.33,0.72,True,16.29,3.0,False,5,炸板,False,2025-08,2025,,,,,,二接三阳
002212.SZSE,天融信,2025-08-28,二接三,2,阴,2025-08-26,0.79,-8.4,51.8,+++,25.4,2.0,2,2,08-26,下影,0.1,3.5,28.4,08-27,下影,0.1,4.5,33.6,下影+0→下影+0,13.62,2.34,38.4,1.37,47,39,False,-4.55,-12.63,False,-12.63,1.0,False,2,炸板,True,2025-08,2025,,,,,,二接三阴
002213.SZSE,大为股份,2024-12-06,二接三,2,阳,2024-12-04,1.62,-12.2,34.3,---,0.3,170.0,0,0,12-04,一字,10.0,0.0,5.1,12-05,下影,4.0,1.8,19.4,一字+10→下影+4,15.88,3.88,35.8,2.59,94,103,False,-15.87,-17.44,False,-17.44,1.0,False,2,炸板,True,2024-12,2024,,,,,,二接三阳
002213.SZSE,大为股份,2025-02-07,二接三,2,阴,2025-02-05,-5.99,-15.7,24.1,+++,2.6,37.0,2,2,02-05,下影,1.9,1.9,13.5,02-06,下影,-1.1,0.7,27.2,下影+2→下影-1,18.17,9.99,34.1,1.77,63,71,True,0.72,-1.82,False,-1.82,1.0,False,3,封次日负,True,2025-02,2025,,,,,,二接三阴
002213.SZSE,大为股份,2025-10-28,二接三,2,阳,2025-10-24,0.33,-9.1,29.4,+++,21.4,174.0,0,0,10-24,下影,2.0,2.5,21.2,10-27,一字,10.0,0.0,1.8,下影+2→一字+10,28.14,5.32,41.5,2.01,48,45,True,-1.74,-5.12,False,-5.12,1.0,False,3,封次日负,True,2025-10,2025,,,,,,二接三阳
002213.SZSE,大为股份,2025-11-20,二接三,2,阴,2025-11-18,-2.45,-14.1,68.5,+++,38.7,15.0,3,3,11-18,实体,0.6,0.0,20.9,11-19,下影,-4.2,1.3,43.6,实体+1→下影-4,36.64,4.71,26.9,0.96,35,48,True,-9.99,-9.99,False,-9.99,1.0,False,3,封次日负,True,2025-11,2025,,,,,,二接三阴
002218.SZSE,拓日新能,2024-05-24,二接三,2,阴,2024-05-22,-2.66,-19.0,3.1,---,-3.8,,0,0,05-22,下影,0.3,0.3,2.4,05-23,下影,6.6,0.6,11.2,下影+0→下影+7,4.38,-3.27,16.9,2.6,25,16,False,-10.27,-14.16,False,-14.16,1.0,False,2,炸板,True,2024-05,2024,,,,,,二接三阴
002218.SZSE,拓日新能,2026-01-16,二接三,2,阴,2026-01-14,-4.34,-8.7,31.9,+++,9.7,312.0,0,0,01-14,实体,0.2,0.0,5.8,01-15,下影,10.0,1.0,4.4,实体+0→下影+10,6.16,10.0,30.4,2.45,48,51,False,-24.68,-20.45,False,-20.45,1.0,False,2,炸板,True,2026-01,2026,,,,,,二接三阴
002218.SZSE,拓日新能,2026-01-27,二接三,2,阳,2026-01-23,5.76,-19.5,41.3,-++,21.0,6.0,2,2,01-23,实体,1.6,0.0,6.0,01-26,一字,10.1,0.0,1.5,实体+2→一字+10,6.61,2.5,19.3,1.87,46,57,True,2.87,4.39,False,4.39,1.0,False,3,封次日正,False,2026-01,2026,,,,,,二接三阳
002218.SZSE,拓日新能,2026-01-28,三接四,3,阳,2026-01-23,5.76,-19.5,41.3,-++,21.0,6.0,2,2,01-23,实体,1.6,0.0,6.0,01-26,一字,10.1,0.0,1.5,实体+2→一字+10→实体+2,7.27,2.87,36.6,2.39,72,46,False,-5.36,-9.77,False,-9.77,1.0,False,3,炸板,True,2026-01,2026,01-27,实体,2.5,0.0,19.3,三接四阳
002219.SZSE,新里程,2024-10-09,二接三,2,阳,2024-09-30,5.03,-12.6,25.9,+++,19.4,38.0,2,2,09-30,实体,5.3,0.0,1.3,10-08,一字,10.0,0.0,0.9,实体+5→一字+10,2.78,7.11,7.6,2.69,29,352,False,-2.52,1.44,False,1.44,1.0,False,2,炸板,False,2024-10,2024,,,,,,二接三阳
002222.SZSE,福晶科技,2023-11-08,二接三,2,阳,2023-11-06,2.98,-20.5,11.9,+--,-8.4,141.0,0,0,11-06,下影,2.5,1.0,6.6,11-07,下影,3.0,1.8,13.1,下影+2→下影+3,34.08,1.13,21.2,2.26,41,42,True,4.46,-9.1,False,-9.1,1.0,False,3,封次日负,True,2023-11,2023,,,,,,二接三阳
002226.SZSE,江南化工,2025-07-23,二接三,2,阳,2025-07-21,2.14,-5.9,13.3,+-+,10.2,,0,0,07-21,下影,10.0,1.6,2.8,07-22,下影,10.0,4.1,3.7,下影+10→下影+10,7.61,9.25,15.4,3.16,43,82,False,-15.9,-15.64,False,-15.64,1.0,False,2,炸板,True,2025-07,2025,,,,,,二接三阳
002228.SZSE,合兴包装,2025-12-24,二接三,2,阳,2025-12-22,9.29,-13.5,42.4,-++,10.9,,0,0,12-22,下影,7.2,2.0,13.0,12-23,下影,4.9,2.2,12.9,下影+7→下影+5,5.95,5.18,7.7,0.76,65,48,True,10.08,10.08,True,6.39,2.0,False,4,连板,False,2025-12,2025,,,,,,二接三阳
002229.SZSE,鸿博股份,2023-04-26,二接三,2,阴,2023-04-24,-10.01,,,,,,0,0,04-24,下影,-4.2,0.6,15.0,04-25,下影,10.0,4.2,28.3,下影-4→下影+10,16.98,5.57,34.8,1.61,39,22,True,-2.24,0.12,False,0.12,1.0,False,3,封次日正,False,2023-04,2023,,,,,,二接三阴
002229.SZSE,鸿博股份,2023-05-29,二接三,2,阳,2023-05-25,7.31,-8.8,76.5,+++,68.0,18.0,3,3,05-25,下影,7.2,2.1,31.6,05-26,下影,5.6,1.7,18.4,下影+7→下影+6,28.53,9.95,8.2,0.39,27,39,True,4.8,9.99,True,19.42,3.0,False,5,连板,False,2023-05,2023,,,,,,二接三阳
002229.SZSE,鸿博股份,2023-05-30,三接四,3,阳,2023-05-25,7.31,-8.8,76.5,+++,68.0,18.0,3,3,05-25,下影,7.2,2.1,31.6,05-26,下影,5.6,1.7,18.4,下影+7→下影+6→下影+10,31.38,4.8,25.0,1.17,33,27,True,5.1,10.01,True,8.57,2.0,False,5,连板,False,2023-05,2023,05-29,下影,9.9,2.9,8.2,三接四阳
002229.SZSE,鸿博股份,2024-10-28,二接三,2,阴,2024-10-24,1.77,-7.3,59.3,+++,51.6,12.0,2,2,10-24,实体,-1.4,0.0,24.6,10-25,下影,8.0,5.5,33.6,实体-1→下影+8,16.81,0.13,32.5,1.11,179,121,False,-6.96,-10.95,False,-10.95,1.0,False,2,炸板,True,2024-10,2024,,,,,,二接三阴
002229.SZSE,鸿博股份,2025-04-29,二接三,2,阳,2025-04-25,1.21,-26.7,21.4,---,-14.9,122.0,0,0,04-25,实体,7.5,0.0,4.6,04-28,一字,10.0,0.0,1.8,实体+7→一字+10,14.44,8.23,13.1,2.29,49,36,True,8.8,9.97,True,19.11,2.0,False,4,连板,False,2025-04,2025,,,,,,二接三阳
002229.SZSE,鸿博股份,2025-04-30,三接四,3,阳,2025-04-25,1.21,-26.7,21.4,---,-14.9,122.0,0,0,04-25,实体,7.5,0.0,4.6,04-28,一字,10.0,0.0,1.8,实体+7→一字+10→下影+8,15.88,8.8,22.8,2.32,56,49,True,6.23,8.31,False,8.31,1.0,False,4,封次日正,False,2025-04,2025,04-29,下影,8.2,3.9,13.1,三接四阳
002229.SZSE,鸿博股份,2026-08-13,二接三,2,阴,2026-08-11,0.85,-42.9,24.6,++-,13.1,259.0,0,0,08-11,下影,0.1,1.7,14.8,08-12,实体,9.2,0.2,5.2,下影+0→实体+9,14.2,7.28,44.9,3.01,50,86,False,-8.52,-11.55,False,-11.55,1.0,False,2,炸板,True,2026-08,2026,,,,,,二接三阴
002232.SZSE,启明信息,2023-10-31,三接四,3,阳,2023-10-26,2.75,-8.9,10.6,-++,6.4,,0,0,10-26,实体,-0.9,0.1,7.4,10-27,一字,10.0,0.0,1.6,实体-1→一字+10→一字+10,22.4,7.12,29.6,3.56,29,54,False,-17.59,-17.59,False,-17.59,1.0,False,3,炸板,True,2023-10,2023,10-30,一字,10.0,0.0,0.8,三接四阳
002232.SZSE,启明信息,2024-07-25,二接三,2,阴,2024-07-23,-0.15,-6.3,23.7,+++,17.5,178.0,0,0,07-23,一字,10.0,0.0,2.5,07-24,下影,10.0,3.4,9.1,一字+10→下影+10,18.27,2.35,22.1,2.35,32,20,False,0.16,6.62,True,37.33,4.0,False,6,炸板,False,2024-07,2024,,,,,,二接三阴
002232.SZSE,启明信息,2024-07-30,二接三,2,阳,2024-07-26,6.62,-3.1,59.5,+++,35.5,2.0,2,2,07-26,实体,3.3,0.0,11.0,07-29,一字,10.0,0.0,1.0,实体+3→一字+10,23.57,9.99,9.5,0.9,51,47,True,4.92,6.45,False,6.45,1.0,False,3,封次日正,False,2024-07,2024,,,,,,二接三阳
002232.SZSE,启明信息,2024-07-31,三接四,3,阳,2024-07-26,6.62,-3.1,59.5,+++,35.5,2.0,2,2,07-26,实体,3.3,0.0,11.0,07-29,一字,10.0,0.0,1.0,实体+3→一字+10→下影+10,25.93,4.92,29.2,2.0,74,51,False,-3.59,-7.91,False,-7.91,1.0,False,3,炸板,True,2024-07,2024,07-30,下影,10.0,3.1,9.5,三接四阳
002232.SZSE,启明信息,2024-09-24,二接三,2,阳,2024-09-20,2.7,-43.6,28.8,---,-13.5,36.0,3,3,09-20,实体,0.2,0.0,9.5,09-23,下影,0.7,1.0,18.6,实体+0→下影+1,19.71,0.45,23.7,2.02,76,45,True,-0.15,-5.28,False,-5.28,1.0,False,3,封次日负,True,2024-09,2024,,,,,,二接三阳
002232.SZSE,启明信息,2024-11-14,二接三,2,阳,2024-11-12,-0.05,-4.9,55.4,+++,13.9,30.0,3,3,11-12,实体,0.0,0.0,14.9,11-13,下影,-0.0,6.2,20.2,实体+0→下影-0,29.49,0.0,28.4,1.65,27,50,False,-8.27,-15.4,False,-15.4,1.0,False,2,炸板,True,2024-11,2024,,,,,,二接三阳
002232.SZSE,启明信息,2025-08-28,二接三,2,阳,2025-08-26,1.73,-0.4,16.9,+++,5.7,192.0,0,0,08-26,实体,3.8,0.0,7.4,08-27,下影,6.1,2.8,20.6,实体+4→下影+6,25.84,6.22,5.2,0.6,47,39,True,0.23,-7.97,False,-7.97,1.0,False,3,封次日负,True,2025-08,2025,,,,,,二接三阳
002235.SZSE,安妮股份,2025-12-11,三接四,3,阴,2025-12-08,-1.38,-6.0,32.7,+++,27.8,109.0,0,2,12-08,一字,10.0,0.0,1.2,12-09,一字,10.0,0.0,0.6,一字+10→一字+10→一字+10,13.6,10.03,20.4,1.62,27,50,True,-4.26,-5.51,False,-5.51,1.0,False,4,封次日负,True,2025-12,2025,12-10,一字,10.0,0.0,0.9,三接四阴
002239.SZSE,奥特佳,2023-11-20,二接三,2,阳,2023-11-16,1.09,-3.8,15.4,-++,4.5,,0,0,11-16,一字,10.1,0.0,2.1,11-17,下影,10.1,4.6,9.7,一字+10→下影+10,3.71,9.5,8.7,1.83,50,38,True,9.7,9.97,True,0.81,2.0,False,4,连板,False,2023-11,2023,,,,,,二接三阳
002239.SZSE,奥特佳,2023-11-21,三接四,3,阳,2023-11-16,1.09,-3.8,15.4,-++,4.5,,0,0,11-16,一字,10.1,0.0,2.1,11-17,下影,10.1,4.6,9.7,一字+10→下影+10→下影+9,4.08,9.7,4.7,0.86,45,50,True,5.39,-8.33,False,-8.33,1.0,False,4,封次日负,True,2023-11,2023,11-20,下影,9.5,3.0,8.7,三接四阳
002243.SZSE,力合科创,2024-10-30,三接四,3,阳,2024-10-25,-0.28,-11.1,37.4,+++,18.7,83.0,0,2,10-25,一字,10.1,0.0,0.8,10-28,一字,10.1,0.0,0.5,一字+10→一字+10→一字+10,10.33,6.5,14.8,4.17,118,93,True,4.36,2.52,False,2.52,1.0,False,4,封次日正,False,2024-10,2024,10-29,一字,10.0,0.0,1.0,三接四阳
002246.SZSE,北化股份,2025-07-21,二接三,2,阳,2025-07-17,1.24,-8.1,52.8,+++,1.4,286.0,0,0,07-17,下影,0.1,0.3,8.3,07-18,实体,2.7,0.2,14.7,下影+0→实体+3,19.57,7.2,4.2,0.58,98,37,True,10.02,10.02,True,1.33,2.0,False,4,连板,False,2025-07,2025,,,,,,二接三阳
002247.SZSE,聚力文化,2024-11-07,三接四,3,阴,2024-11-04,-8.48,-16.5,85.0,+++,49.7,2.0,2,2,11-04,实体,-2.3,0.0,10.0,11-05,下影,6.7,2.8,6.8,实体-2→下影+7→一字+10,3.8,10.14,34.2,2.15,157,104,False,-9.74,-15.53,False,-15.53,1.0,False,3,炸板,True,2024-11,2024,11-06,一字,9.9,0.0,1.8,三接四阴
002248.SZSE,华东数控,2024-10-25,二接三,2,阳,2024-10-23,2.98,-10.9,29.2,-++,25.6,78.0,0,2,10-23,实体,0.8,0.0,15.0,10-24,下影,0.6,0.6,25.1,实体+1→下影+1,9.67,5.01,31.1,1.83,121,67,True,0.1,10.03,True,12.62,2.0,False,4,连板,False,2024-10,2024,,,,,,二接三阳
002248.SZSE,华东数控,2024-10-28,三接四,3,阳,2024-10-23,2.98,-10.9,29.2,-++,25.6,78.0,0,2,10-23,实体,0.8,0.0,15.0,10-24,下影,0.6,0.6,25.1,实体+1→下影+1→下影+5,10.64,0.1,21.4,1.06,179,121,True,2.26,2.35,False,2.35,1.0,False,4,封次日正,False,2024-10,2024,10-25,下影,5.0,2.0,31.1,三接四阳
002248.SZSE,华东数控,2026-08-12,二接三,2,阳,2026-08-10,0.22,-33.3,23.7,++-,3.4,434.0,0,0,08-10,实体,0.2,0.1,11.3,08-11,下影,8.9,1.3,7.1,实体+0→下影+9,12.17,5.88,23.2,2.37,86,53,True,-2.14,-3.53,False,-3.53,1.0,False,3,封次日负,True,2026-08,2026,,,,,,二接三阳
002250.SZSE,联化科技,2025-05-30,二接三,2,阳,2025-05-28,5.5,-9.6,27.7,+++,6.8,,0,0,05-28,下影,10.0,4.1,15.3,05-29,下影,0.8,1.3,16.7,下影+10→下影+1,9.2,2.27,22.4,1.76,32,80,True,5.65,10.0,True,18.26,2.0,False,4,连板,False,2025-05,2025,,,,,,二接三阳
002250.SZSE,联化科技,2025-06-03,三接四,3,阳,2025-05-28,5.5,-9.6,27.7,+++,6.8,,0,0,05-28,下影,10.0,4.1,15.3,05-29,下影,0.8,1.3,16.7,下影+10→下影+1→下影+2,10.12,5.65,13.2,0.89,57,32,True,5.24,7.51,False,7.51,1.0,False,4,封次日正,False,2025-06,2025,05-30,下影,2.3,1.7,22.4,三接四阳
002251.SZSE,步步高,2025-04-23,二接三,2,阳,2025-04-21,5.06,0.0,25.5,++-,4.3,,0,0,04-21,下影,10.1,4.6,4.5,04-22,一字,9.9,0.0,0.4,下影+10→一字+10,6.08,9.95,25.5,3.54,52,68,True,3.78,10.03,True,11.02,3.0,False,5,连板,False,2025-04,2025,,,,,,二接三阳
002251.SZSE,步步高,2025-04-24,三接四,3,阳,2025-04-21,5.06,0.0,25.5,++-,4.3,,0,0,04-21,下影,10.1,4.6,4.5,04-22,一字,9.9,0.0,0.4,下影+10→一字+10→下影+10,6.69,3.78,24.3,2.09,45,52,True,0.6,10.01,True,0.9,2.0,False,5,连板,False,2025-04,2025,04-23,下影,9.9,4.0,25.5,三接四阳
002253.SZSE,川大智胜,2024-04-26,二接三,2,阳,2024-04-24,0.21,-42.0,25.3,---,-31.3,,0,0,04-24,实体,-0.7,0.1,3.7,04-25,下影,3.3,1.6,6.8,实体-1→下影+3,12.53,8.17,11.0,1.86,56,32,True,3.75,9.98,True,-1.04,2.0,False,4,连板,False,2024-04,2024,,,,,,二接三阳
002253.SZSE,川大智胜,2024-04-29,三接四,3,阳,2024-04-24,0.21,-42.0,25.3,---,-31.3,,0,0,04-24,实体,-0.7,0.1,3.7,04-25,下影,3.3,1.6,6.8,实体-1→下影+3→下影+8,13.78,3.75,13.5,1.76,90,56,True,9.94,-10.01,False,-10.01,1.0,False,4,封次日负,True,2024-04,2024,04-26,下影,8.2,5.6,11.0,三接四阳
002253.SZSE,川大智胜,2024-10-30,二接三,2,阳,2024-10-28,7.84,-1.3,79.7,+++,66.6,7.0,2,4,10-28,实体,3.0,0.0,19.6,10-29,一字,10.0,0.0,2.4,实体+3→一字+10,21.98,10.01,30.6,1.65,118,93,True,4.64,10.01,True,-1.0,2.0,False,4,连板,False,2024-10,2024,,,,,,二接三阳
002253.SZSE,川大智胜,2024-10-31,三接四,3,阳,2024-10-28,7.84,-1.3,79.7,+++,66.6,7.0,2,4,10-28,实体,3.0,0.0,19.6,10-29,一字,10.0,0.0,2.4,实体+3→一字+10→下影+10,24.18,4.64,21.4,1.1,141,118,True,4.14,-10.01,False,-10.01,1.0,False,4,封次日负,True,2024-10,2024,10-30,下影,10.0,6.8,30.6,三接四阳
002254.SZSE,泰和新材,2026-06-09,二接三,2,阳,2026-06-05,3.22,-13.6,42.3,-++,22.6,,0,0,06-05,下影,-2.0,2.3,10.0,06-08,实体,-2.7,0.0,8.1,下影-2→实体-3,18.79,4.8,17.4,1.88,107,45,True,-0.96,-8.46,False,-8.46,1.0,False,3,封次日负,True,2026-06,2026,,,,,,二接三阳
002256.SZSE,兆新股份,2025-09-01,二接三,2,阳,2025-08-28,7.26,-2.6,20.4,+++,16.7,217.0,0,0,08-28,一字,10.2,0.0,2.5,08-29,一字,9.9,0.0,1.6,一字+10→一字+10,3.54,0.93,20.6,2.27,85,55,True,9.89,9.89,True,-0.56,2.0,False,4,连板,False,2025-09,2025,,,,,,二接三阳
002256.SZSE,兆新股份,2025-09-02,三接四,3,阳,2025-08-28,7.26,-2.6,20.4,+++,16.7,217.0,0,0,08-28,一字,10.2,0.0,2.5,08-29,一字,9.9,0.0,1.6,一字+10→一字+10→下影+1,3.89,9.89,8.3,0.82,40,85,True,0.26,-9.51,False,-9.51,1.0,False,4,封次日负,True,2025-09,2025,09-01,下影,0.9,0.9,20.6,三接四阳
002261.SZSE,拓维信息,2024-10-09,二接三,2,阳,2024-09-30,3.23,-3.5,60.4,+++,34.9,317.0,0,0,09-30,下影,6.5,1.4,16.1,10-08,一字,10.0,0.0,1.7,下影+7→一字+10,20.0,10.01,26.8,1.63,29,352,True,2.5,-5.0,False,-5.0,1.0,False,3,封次日负,True,2024-10,2024,,,,,,二接三阳
002261.SZSE,拓维信息,2025-02-07,二接三,2,阴,2025-02-05,-3.87,-38.3,3.7,---,-10.1,78.0,0,3,02-05,下影,7.4,1.3,4.5,02-06,下影,9.4,4.4,16.5,下影+7→下影+9,22.47,4.6,22.4,2.04,63,71,True,10.01,10.01,True,34.36,4.0,False,6,连板,False,2025-02,2025,,,,,,二接三阴
002263.SZSE,大东南,2025-06-26,二接三,2,阳,2025-06-24,2.4,-9.2,26.7,---,-7.9,,0,0,06-24,下影,-0.4,0.4,2.6,06-25,下影,6.4,0.7,5.1,下影-0→下影+6,3.41,9.35,24.8,3.5,46,50,True,9.97,9.97,True,23.46,3.0,False,5,连板,False,2025-06,2025,,,,,,二接三阳
002263.SZSE,大东南,2025-06-27,三接四,3,阳,2025-06-24,2.4,-9.2,26.7,---,-7.9,,0,0,06-24,下影,-0.4,0.4,2.6,06-25,下影,6.4,0.7,5.1,下影-0→下影+6→下影+9,3.75,9.97,13.7,1.43,42,46,True,1.33,10.13,True,12.27,2.0,False,5,连板,False,2025-06,2025,06-26,下影,9.4,7.7,24.8,三接四阳
002265.SZSE,建设工业,2024-12-04,二接三,2,阳,2024-12-02,4.02,-11.6,44.7,--+,5.6,,0,0,12-02,实体,0.4,0.0,3.0,12-03,一字,10.0,0.0,2.1,实体+0→一字+10,15.16,10.01,14.8,3.11,69,92,True,5.54,10.03,True,27.24,3.0,False,5,连板,False,2024-12,2024,,,,,,二接三阳
002265.SZSE,建设工业,2024-12-05,三接四,3,阳,2024-12-02,4.02,-11.6,44.7,--+,5.6,,0,0,12-02,实体,0.4,0.0,3.0,12-03,一字,10.0,0.0,2.1,实体+0→一字+10→下影+10,16.68,5.54,3.9,0.74,103,69,True,10.01,10.01,True,15.65,2.0,False,5,连板,False,2024-12,2024,12-04,下影,10.0,4.7,14.8,三接四阳
002265.SZSE,建设工业,2024-12-12,二接三,2,阳,2024-12-10,5.12,-4.5,135.2,+++,56.2,2.0,5,5,12-10,实体,0.5,0.0,13.6,12-11,下影,5.1,9.8,22.0,实体+0→下影+5,25.67,9.98,10.6,0.55,119,119,True,6.74,10.01,True,-0.97,2.0,False,4,连板,False,2024-12,2024,,,,,,二接三阳
002265.SZSE,建设工业,2024-12-13,三接四,3,阳,2024-12-10,5.12,-4.5,135.2,+++,56.2,2.0,5,5,12-10,实体,0.5,0.0,13.6,12-11,下影,5.1,9.8,22.0,实体+0→下影+5→下影+10,28.24,6.74,17.7,0.96,84,119,True,2.69,-9.99,False,-9.99,1.0,False,4,封次日负,True,2024-12,2024,12-12,下影,10.0,3.0,10.6,三接四阳
002265.SZSE,建设工业,2025-07-21,二接三,2,阳,2025-07-17,-0.93,-14.7,42.3,+++,25.9,15.0,2,2,07-17,实体,-0.3,0.3,20.0,07-18,下影,9.7,0.7,14.1,实体-0→下影+10,36.98,0.15,15.6,1.13,98,37,True,3.0,6.84,False,6.84,1.0,False,3,封次日正,False,2025-07,2025,,,,,,二接三阳
002266.SZSE,浙富控股,2025-07-23,二接三,2,阳,2025-07-21,3.4,-0.3,11.7,+++,10.6,,0,0,07-21,实体,7.2,0.0,2.5,07-22,下影,7.6,7.9,7.6,实体+7→下影+8,4.47,10.1,6.2,1.69,43,82,True,10.07,-4.03,False,-4.03,1.0,False,3,封次日负,True,2025-07,2025,,,,,,二接三阳
002266.SZSE,浙富控股,2025-07-24,三接四,3,阳,2025-07-21,3.4,-0.3,11.7,+++,10.6,,0,0,07-21,实体,7.2,0.0,2.5,07-22,下影,7.6,7.9,7.6,实体+7→下影+8→下影+10,4.92,10.07,15.4,2.33,61,43,False,-12.6,-18.7,False,-18.7,1.0,False,3,炸板,True,2025-07,2025,07-23,下影,10.1,8.6,6.2,三接四阳
002268.SZSE,电科网安,2024-02-08,二接三,2,阴,2024-02-06,-8.62,-44.0,1.2,---,-26.8,,0,0,02-06,下影,-0.3,0.9,2.2,02-07,下影,1.4,0.5,3.2,下影-0→下影+1,19.34,3.98,3.7,1.34,430,92,False,-2.69,-2.48,False,-2.48,1.0,False,2,炸板,True,2024-02,2024,,,,,,二接三阴
002269.SZSE,美邦服饰,2024-12-03,二接三,2,阳,2024-11-29,4.55,-19.7,39.4,+-+,-1.6,288.0,0,0,11-29,下影,-1.1,0.5,14.7,12-02,下影,4.5,1.0,9.7,下影-1→下影+4,2.44,4.95,23.5,1.95,92,132,True,-8.61,-9.84,False,-9.84,1.0,False,3,封次日负,True,2024-12,2024,,,,,,二接三阳
002269.SZSE,美邦服饰,2025-09-05,二接三,2,阳,2025-09-03,0.92,-2.7,25.9,+++,14.1,162.0,0,0,09-03,下影,0.5,2.3,14.4,09-04,下影,10.0,6.6,19.9,下影+0→下影+10,2.92,-1.89,30.9,1.6,71,33,False,-6.16,-8.22,False,-8.22,1.0,False,2,炸板,True,2025-09,2025,,,,,,二接三阳
002271.SZSE,东方雨虹,2024-10-08,二接三,2,阳,2024-09-27,4.01,-14.0,16.9,++-,10.9,,0,0,09-27,实体,5.2,0.3,8.5,09-30,下影,9.2,1.7,6.6,实体+5→下影+9,15.17,10.01,12.6,1.58,352,626,False,-2.11,-10.09,False,-10.09,1.0,False,2,炸板,True,2024-10,2024,,,,,,二接三阳
002272.SZSE,川润股份,2025-08-19,二接三,2,阴,2025-08-15,-4.24,-7.2,40.3,+++,21.4,72.0,0,2,08-15,实体,-1.7,0.0,17.3,08-18,一字,10.0,0.0,2.3,实体-2→一字+10,18.02,10.01,25.0,1.31,74,78,True,5.38,6.38,False,6.38,1.0,False,3,封次日正,False,2025-08,2025,,,,,,二接三阴
002272.SZSE,川润股份,2025-08-20,三接四,3,阴,2025-08-15,-4.24,-7.2,40.3,+++,21.4,72.0,0,2,08-15,实体,-1.7,0.0,17.3,08-18,一字,10.0,0.0,2.3,实体-2→一字+10→下影+10,19.82,5.38,61.6,2.4,78,74,False,-4.09,-12.97,False,-12.97,1.0,False,3,炸板,True,2025-08,2025,08-19,下影,10.0,7.0,25.0,三接四阴
002272.SZSE,川润股份,2026-05-20,二接三,2,阴,2026-05-18,-2.29,-17.1,19.4,+-+,-4.8,176.0,0,0,05-18,下影,5.7,1.6,10.3,05-19,下影,0.7,0.5,18.6,下影+6→下影+1,24.94,10.01,14.9,1.12,51,75,True,-1.52,-9.98,False,-9.98,1.0,False,3,封次日负,True,2026-05,2026,,,,,,二接三阴
002276.SZSE,万马股份,2025-02-28,二接三,2,阳,2025-02-26,-0.74,-5.0,43.0,+++,33.0,,0,0,02-26,下影,0.0,0.6,12.2,02-27,实体,3.4,0.2,19.1,下影+0→实体+3,14.38,5.97,8.6,0.65,32,66,True,-0.97,-4.73,False,-4.73,1.0,False,3,封次日负,True,2025-02,2025,,,,,,二接三阳
002277.SZSE,友阿股份,2023-11-02,二接三,2,阳,2023-10-31,0.6,-9.2,10.2,+--,2.4,,0,0,10-31,一字,10.1,0.0,0.7,11-01,一字,10.0,0.0,0.6,一字+10→一字+10,4.47,10.1,13.9,3.82,22,31,False,-12.75,-17.0,False,-17.0,1.0,False,2,炸板,True,2023-11,2023,,,,,,二接三阳
002278.SZSE,神开股份,2024-07-30,二接三,2,阳,2024-07-26,1.8,-28.8,3.1,--+,-3.4,40.0,2,2,07-26,实体,0.0,0.0,6.3,07-29,实体,2.3,0.0,14.5,实体+0→实体+2,5.27,2.71,29.6,2.78,51,47,False,-17.46,-12.14,False,-12.14,1.0,False,2,炸板,True,2024-07,2024,,,,,,二接三阳
002278.SZSE,神开股份,2025-03-17,二接三,2,阳,2025-03-13,1.05,-6.0,22.4,+++,3.4,149.0,0,0,03-13,下影,0.0,2.2,17.4,03-14,下影,10.0,2.5,13.4,下影+0→下影+10,7.71,9.99,12.2,1.26,54,66,True,8.04,9.99,True,37.48,5.0,False,7,连板,False,2025-03,2025,,,,,,二接三阳
002278.SZSE,神开股份,2025-03-18,三接四,3,阳,2025-03-13,1.05,-6.0,22.4,+++,3.4,149.0,0,0,03-13,下影,0.0,2.2,17.4,03-14,下影,10.0,2.5,13.4,下影+0→下影+10→下影+10,8.48,8.04,11.7,1.01,56,54,True,10.02,10.02,True,25.0,4.0,False,7,连板,False,2025-03,2025,03-17,下影,10.0,1.1,12.2,三接四阳
002278.SZSE,神开股份,2025-10-23,三接四,3,阴,2025-10-20,-4.04,-20.7,2.9,+--,-7.7,140.0,0,0,10-20,下影,1.4,0.8,11.0,10-21,一字,10.0,0.0,6.3,下影+1→一字+10→一字+10,13.56,4.79,37.6,3.02,49,51,True,0.29,6.49,False,6.49,1.0,False,4,封次日正,False,2025-10,2025,10-22,一字,10.0,0.0,2.8,三接四阴
002279.SZSE,久其软件,2023-08-23,二接三,2,阴,2023-08-21,-5.19,-12.9,12.3,+++,6.3,,0,0,08-21,实体,1.3,0.0,9.0,08-22,下影,9.9,2.3,10.1,实体+1→下影+10,9.0,9.17,45.6,2.8,25,33,False,-11.11,-16.11,False,-16.11,1.0,False,2,炸板,True,2023-08,2023,,,,,,二接三阴
002281.SZSE,光迅科技,2024-03-04,二接三,2,阴,2024-02-29,-7.11,-16.3,39.4,+++,7.8,170.0,0,0,02-29,实体,1.1,0.3,12.7,03-01,下影,1.0,0.8,13.4,实体+1→下影+1,36.32,4.33,11.4,1.06,61,56,True,0.08,-2.34,False,-2.34,1.0,False,3,封次日负,True,2024-03,2024,,,,,,二接三阴
002285.SZSE,世联行,2024-09-30,二接三,2,阳,2024-09-26,0.0,-15.5,34.9,+++,11.0,32.0,2,2,09-26,下影,-1.0,1.0,9.1,09-27,下影,4.5,3.6,10.4,下影-1→下影+5,2.67,9.88,6.4,0.83,626,107,True,10.11,5.62,False,5.62,1.0,False,3,封次日正,False,2024-09,2024,,,,,,二接三阳
002285.SZSE,世联行,2024-10-08,三接四,3,阳,2024-09-26,0.0,-15.5,34.9,+++,11.0,32.0,2,2,09-26,下影,-1.0,1.0,9.1,09-27,下影,4.5,3.6,10.4,下影-1→下影+5→下影+10,2.94,10.11,13.9,1.48,352,626,False,-10.2,-13.61,False,-13.61,1.0,False,3,炸板,True,2024-10,2024,09-30,下影,9.9,4.1,6.4,三接四阳
002285.SZSE,世联行,2024-11-07,二接三,2,阳,2024-11-05,7.5,-2.3,89.3,+++,12.7,21.0,3,3,11-05,实体,-3.7,0.0,6.1,11-06,下影,10.0,4.8,14.1,实体-4→下影+10,4.0,0.55,15.9,1.34,157,104,True,2.5,-9.0,False,-9.0,1.0,False,3,封次日负,True,2024-11,2024,,,,,,二接三阳
002287.SZSE,奇正藏药,2025-08-01,二接三,2,阳,2025-07-30,5.51,-3.1,19.5,+++,14.8,,0,0,07-30,下影,-0.3,0.7,2.1,07-31,下影,7.2,1.7,2.6,下影-0→下影+7,34.69,6.72,2.4,1.2,30,34,True,10.0,3.14,False,3.14,1.0,False,3,封次日正,False,2025-08,2025,,,,,,二接三阳
002287.SZSE,奇正藏药,2025-08-04,三接四,3,阳,2025-07-30,5.51,-3.1,19.5,+++,14.8,,0,0,07-30,下影,-0.3,0.7,2.1,07-31,下影,7.2,1.7,2.6,下影-0→下影+7→下影+7,38.16,10.0,7.4,2.2,41,30,False,-10.93,-15.59,False,-15.59,1.0,False,3,炸板,True,2025-08,2025,08-01,下影,6.7,1.7,2.4,三接四阳
002290.SZSE,禾盛新材,2024-02-20,二接三,2,阴,2024-02-08,-5.69,-50.5,4.6,---,-46.7,,0,0,02-08,下影,-1.5,4.5,3.0,02-19,下影,3.5,2.2,1.8,下影-2→下影+3,9.7,5.44,2.2,0.84,80,186,True,3.51,2.37,False,2.37,1.0,False,3,封次日正,False,2024-02,2024,,,,,,二接三阴
002290.SZSE,禾盛新材,2024-11-12,二接三,2,阳,2024-11-08,0.86,-7.8,46.9,-++,21.0,175.0,0,0,11-08,实体,0.2,0.0,2.7,11-11,下影,5.0,4.1,6.5,实体+0→下影+5,20.25,0.0,8.7,1.9,65,108,False,-6.37,-3.6,False,-3.6,1.0,False,2,炸板,True,2024-11,2024,,,,,,二接三阳
002290.SZSE,禾盛新材,2025-02-20,二接三,2,阳,2025-02-18,1.23,-7.7,25.4,+++,19.7,64.0,0,2,02-18,下影,-0.4,0.9,5.5,02-19,下影,3.1,1.0,6.3,下影-0→下影+3,24.06,9.79,2.7,0.67,76,90,True,9.98,0.21,False,0.21,1.0,False,3,封次日正,False,2025-02,2025,,,,,,二接三阳
002291.SZSE,遥望科技,2024-12-17,二接三,2,阴,2024-12-13,-0.78,-2.6,82.3,+++,13.8,393.0,0,0,12-13,下影,-1.3,0.8,14.5,12-16,下影,9.8,4.4,11.0,下影-1→下影+10,10.12,6.96,42.4,2.26,25,89,False,-7.31,6.03,True,-4.55,2.0,False,4,炸板,False,2024-12,2024,,,,,,二接三阴
002291.SZSE,遥望科技,2025-01-17,三接四,3,阴,2025-01-14,-3.04,-46.4,8.3,---,-31.2,20.0,2,2,01-14,一字,10.1,0.0,1.7,01-15,一字,10.0,0.0,1.0,一字+10→一字+10→一字+10,8.43,10.05,42.6,4.06,47,59,False,-15.07,-15.07,False,-15.07,1.0,False,3,炸板,True,2025-01,2025,01-16,一字,10.1,0.0,1.5,三接四阴
002292.SZSE,奥飞娱乐,2023-04-11,二接三,2,阴,2023-04-07,-4.73,,,,,,0,0,04-07,实体,1.9,0.0,8.9,04-10,下影,10.0,6.6,17.8,实体+2→下影+10,8.57,-2.31,11.6,0.92,24,13,True,7.7,10.04,True,8.87,3.0,False,5,连板,False,2023-04,2023,,,,,,二接三阴
002292.SZSE,奥飞娱乐,2023-04-12,三接四,3,阴,2023-04-07,-4.73,,,,,,0,0,04-07,实体,1.9,0.0,8.9,04-10,下影,10.0,6.6,17.8,实体+2→下影+10→实体-2,9.43,7.7,15.6,1.22,43,24,True,5.3,9.97,True,-1.06,2.0,False,5,连板,False,2023-04,2023,04-11,实体,-2.3,0.0,11.6,三接四阴
002295.SZSE,精艺股份,2025-09-26,二接三,2,阳,2025-09-24,2.86,-11.0,31.6,-+-,3.4,55.0,2,2,09-24,下影,0.3,1.0,5.6,09-25,一字,10.0,0.0,1.6,下影+0→一字+10,14.85,2.74,11.4,1.95,39,36,True,-2.36,-9.7,False,-9.7,1.0,False,3,封次日负,True,2025-09,2025,,,,,,二接三阳
002296.SZSE,辉煌科技,2024-04-23,二接三,2,阳,2024-04-19,3.27,-13.8,50.8,--+,-6.4,42.0,2,2,04-19,一字,10.0,0.0,1.5,04-22,一字,10.0,0.0,2.4,一字+10→一字+10,9.68,8.52,48.5,4.02,36,40,False,4.75,4.75,True,-4.75,2.0,False,4,炸板,False,2024-04,2024,,,,,,二接三阳
002297.SZSE,博云新材,2025-12-26,二接三,2,阴,2025-12-24,-0.97,-5.5,29.1,+++,11.8,104.0,0,3,12-24,下影,-1.2,1.1,11.6,12-25,下影,9.2,1.8,4.2,下影-1→下影+9,13.63,10.01,37.0,2.84,69,72,False,-8.66,-9.54,False,-9.54,1.0,False,2,炸板,True,2025-12,2025,,,,,,二接三阴
002297.SZSE,博云新材,2026-04-16,三接四,3,阴,2026-04-13,-1.26,-25.1,8.8,+--,-9.9,68.0,0,2,04-13,一字,10.0,0.0,1.7,04-14,一字,10.0,0.0,1.8,一字+10→一字+10→一字+10,16.08,9.99,22.6,3.49,68,53,True,5.78,10.01,True,18.1,3.0,False,6,连板,False,2026-04,2026,04-15,一字,10.0,0.0,1.7,三接四阴
002297.SZSE,博云新材,2026-06-23,二接三,2,阳,2026-06-18,7.87,-11.8,155.5,+--,9.4,40.0,6,6,06-18,下影,-0.3,0.4,20.6,06-22,下影,10.0,5.0,6.9,下影-0→下影+10,34.32,7.82,38.4,1.68,87,122,False,-7.63,-1.92,False,-1.92,1.0,False,2,炸板,True,2026-06,2026,,,,,,二接三阳
002298.SZSE,中电鑫龙,2024-11-12,二接三,2,阳,2024-11-08,2.55,-1.1,54.7,+++,12.7,158.0,0,0,11-08,下影,1.3,1.3,4.5,11-11,一字,10.1,0.0,1.2,下影+1→一字+10,6.96,9.95,26.3,3.07,65,108,False,-14.08,-16.95,False,-16.95,1.0,False,2,炸板,True,2024-11,2024,,,,,,二接三阳
002298.SZSE,中电鑫龙,2025-04-29,二接三,2,阴,2025-04-25,-3.68,-44.2,9.6,---,-20.8,39.0,2,2,04-25,实体,7.4,0.0,5.9,04-28,下影,7.8,1.6,5.2,实体+7→下影+8,5.93,9.83,25.7,2.81,49,36,False,-12.31,-3.04,False,-3.04,1.0,False,2,炸板,True,2025-04,2025,,,,,,二接三阴
002298.SZSE,中电鑫龙,2025-06-06,二接三,2,阳,2025-06-04,-0.33,-13.9,47.0,+++,3.8,23.0,2,2,06-04,实体,0.3,0.2,8.4,06-05,一字,10.0,0.0,3.8,实体+0→一字+10,7.95,9.96,19.4,2.09,44,56,True,-1.26,-3.4,False,-3.4,1.0,False,3,封次日负,True,2025-06,2025,,,,,,二接三阳
002300.SZSE,太阳电缆,2025-03-26,三接四,3,阳,2025-03-21,1.59,-1.4,19.3,+++,8.3,,0,0,03-21,下影,0.0,0.7,3.6,03-24,一字,10.0,0.0,1.2,下影+0→一字+10→一字+10,8.43,0.65,19.7,3.56,56,41,True,0.83,-9.37,False,-9.37,1.0,False,4,封次日负,True,2025-03,2025,03-25,一字,10.1,0.0,1.1,三接四阳
002300.SZSE,太阳电缆,2025-12-05,三接四,3,阳,2025-12-02,1.0,-20.4,17.6,+-+,9.6,18.0,2,2,12-02,下影,-0.4,0.6,7.7,12-03,下影,7.8,1.0,5.5,下影-0→下影+8→一字+10,10.36,-0.96,25.6,2.87,58,30,True,6.08,0.19,False,0.19,1.0,False,4,封次日正,False,2025-12,2025,12-04,一字,10.0,0.0,2.1,三接四阳
002300.SZSE,太阳电缆,2025-12-16,二接三,2,阴,2025-12-12,-5.72,-14.7,61.7,+++,16.8,5.0,4,4,12-12,下影,-2.0,1.5,18.4,12-15,一字,10.0,0.0,1.6,下影-2→一字+10,12.94,6.38,31.9,1.67,38,53,True,-5.87,-9.97,False,-9.97,1.0,False,3,封次日负,True,2025-12,2025,,,,,,二接三阴
002301.SZSE,齐心集团,2024-11-29,三接四,3,阳,2024-11-26,2.32,-4.2,35.3,+++,4.4,,0,0,11-26,下影,1.3,0.8,8.4,11-27,下影,-3.1,1.5,10.1,下影+1→下影-3→一字+10,9.04,9.98,22.4,2.57,105,75,True,-2.32,9.96,True,5.64,2.0,False,5,连板,False,2024-11,2024,11-28,一字,10.0,0.0,1.0,三接四阳
002302.SZSE,西部建设,2024-08-27,二接三,2,阴,2024-08-23,-1.41,-16.3,4.7,--+,2.5,,0,0,08-23,下影,0.0,0.6,1.0,08-26,一字,10.1,0.0,0.9,下影+0→一字+10,6.5,9.98,4.0,2.99,23,34,True,10.0,10.0,True,16.0,3.0,False,5,连板,False,2024-08,2024,,,,,,二接三阴
002302.SZSE,西部建设,2025-07-23,二接三,2,阴,2025-07-21,-0.33,-2.0,7.5,+++,6.2,213.0,0,0,07-21,下影,9.8,2.0,1.8,07-22,一字,10.0,0.0,0.8,下影+10→一字+10,8.02,10.01,16.2,4.09,43,82,False,-11.35,-11.35,False,-11.35,1.0,False,2,炸板,True,2025-07,2025,,,,,,二接三阴
002307.SZSE,北新路桥,2025-08-12,二接三,2,阴,2025-08-08,1.45,-14.0,13.2,-++,5.8,151.0,0,0,08-08,实体,0.2,0.0,12.6,08-11,一字,10.0,0.0,1.4,实体+0→一字+10,5.58,10.06,9.7,1.59,42,63,True,0.54,1.79,False,1.79,1.0,False,3,封次日正,False,2025-08,2025,,,,,,二接三阴
002309.SZSE,中利集团,2025-11-13,二接三,2,阳,2025-11-11,0.63,-7.3,12.8,+++,7.8,,0,0,11-11,实体,0.9,0.0,2.9,11-12,下影,10.0,3.7,5.3,实体+1→下影+10,4.22,6.25,20.9,3.25,73,48,True,0.95,-6.87,False,-6.87,1.0,False,3,封次日负,True,2025-11,2025,,,,,,二接三阳
002309.SZSE,中利集团,2026-03-25,三接四,3,阳,2026-03-20,-1.7,-8.2,20.1,-++,3.3,62.0,0,3,03-20,实体,0.6,0.0,8.8,03-23,一字,10.0,0.0,3.0,实体+1→一字+10→一字+10,5.07,4.77,45.6,3.38,78,74,True,-5.13,-6.51,False,-6.51,1.0,False,4,封次日负,True,2026-03,2026,03-24,一字,10.0,0.0,2.4,三接四阳
002310.SZSE,东方新能,2023-07-21,二接三,2,阳,2023-07-19,-0.58,-14.6,6.2,-+-,-0.6,,0,0,07-19,下影,0.6,0.6,1.9,07-20,下影,5.3,0.5,3.8,下影+1→下影+5,2.27,10.19,3.9,1.81,24,20,True,10.13,4.85,False,4.85,1.0,False,3,封次日正,False,2023-07,2023,,,,,,二接三阳
002310.SZSE,东方新能,2023-07-24,三接四,3,阳,2023-07-19,-0.58,-14.6,6.2,-+-,-0.6,,0,0,07-19,下影,0.6,0.6,1.9,07-20,下影,5.3,0.5,3.8,下影+1→下影+5→下影+10,2.5,10.13,20.3,3.33,19,24,False,-8.4,-5.6,False,-5.6,1.0,False,3,炸板,True,2023-07,2023,07-21,下影,10.2,2.9,3.9,三接四阳
002310.SZSE,东方新能,2026-03-23,二接三,2,阴,2026-03-19,-4.33,-8.3,29.9,+++,19.6,639.0,0,0,03-19,实体,-2.1,0.0,7.7,03-20,下影,2.8,1.3,18.3,实体-2→下影+3,3.83,3.74,20.3,1.45,24,26,True,0.26,-1.04,False,-1.04,1.0,False,3,封次日负,True,2026-03,2026,,,,,,二接三阴
002312.SZSE,川发龙蟒,2024-02-08,二接三,2,阴,2024-02-06,-6.48,-33.4,3.5,---,-24.9,,0,0,02-06,下影,0.0,2.4,2.0,02-07,下影,5.8,3.6,0.9,下影+0→下影+6,6.73,4.9,1.5,1.1,430,92,True,3.71,-3.27,False,-3.27,1.0,False,3,封次日负,True,2024-02,2024,,,,,,二接三阴
002312.SZSE,川发龙蟒,2024-10-30,二接三,2,阳,2024-10-28,5.22,-4.4,109.3,+++,64.8,168.0,0,0,10-28,实体,0.1,0.0,13.2,10-29,下影,10.0,4.2,6.0,实体+0→下影+10,17.16,10.0,4.5,0.38,118,93,True,10.02,10.02,True,10.2,2.0,False,4,连板,False,2024-10,2024,,,,,,二接三阳
002312.SZSE,川发龙蟒,2024-10-31,三接四,3,阳,2024-10-28,5.22,-4.4,109.3,+++,64.8,168.0,0,0,10-28,实体,0.1,0.0,13.2,10-29,下影,10.0,4.2,6.0,实体+0→下影+10→下影+10,18.88,10.02,9.2,0.9,141,118,True,4.24,0.16,False,0.16,1.0,False,4,封次日正,False,2024-10,2024,10-30,下影,10.0,3.1,4.5,三接四阳
002313.SZSE,日海智能,2023-11-07,二接三,2,阳,2023-11-03,2.7,-5.7,22.4,+-+,7.0,,0,0,11-03,一字,10.0,0.0,0.1,11-06,一字,10.0,0.0,0.5,一字+10→一字+10,10.12,10.0,8.5,4.01,42,47,True,3.06,-7.51,False,-7.51,1.0,False,3,封次日负,True,2023-11,2023,,,,,,二接三阳
002313.SZSE,日海智能,2023-12-04,二接三,2,阳,2023-11-30,0.91,-17.8,42.2,--+,19.3,17.0,3,3,11-30,下影,-1.2,1.1,5.8,12-01,下影,4.7,10.0,14.8,下影-1→下影+5,11.75,9.93,7.0,0.98,47,41,True,-7.06,-9.87,False,-9.87,1.0,False,3,封次日负,True,2023-12,2023,,,,,,二接三阳
002313.SZSE,日海智能,2024-02-27,三接四,3,阳,2024-02-22,4.05,-55.0,38.6,---,-30.4,44.0,3,3,02-22,实体,5.4,0.0,1.2,02-23,一字,10.0,0.0,0.2,实体+5→一字+10→一字+10,9.42,2.8,14.2,3.37,69,72,True,1.8,-9.98,False,-9.98,1.0,False,4,封次日负,True,2024-02,2024,02-26,一字,10.0,0.0,0.2,三接四阳
002313.SZSE,日海智能,2024-03-12,二接三,2,阴,2024-03-08,-6.62,-38.7,88.6,++-,15.0,8.0,4,4,03-08,实体,0.7,0.0,8.0,03-11,下影,3.1,2.6,17.9,实体+1→下影+3,11.65,2.46,18.2,1.44,57,69,True,3.52,-1.46,False,-1.46,1.0,False,3,封次日负,True,2024-03,2024,,,,,,二接三阴
002313.SZSE,日海智能,2024-03-13,三接四,3,阴,2024-03-08,-6.62,-38.7,88.6,++-,15.0,8.0,4,4,03-08,实体,0.7,0.0,8.0,03-11,下影,3.1,2.6,17.9,实体+1→下影+3→下影+2,12.82,3.52,24.3,1.57,51,57,False,-16.3,-19.34,False,-19.34,1.0,False,3,炸板,True,2024-03,2024,03-12,下影,2.5,4.2,18.2,三接四阴
002313.SZSE,日海智能,2024-10-29,二接三,2,阳,2024-10-25,1.59,-8.7,39.1,+++,29.2,150.0,0,0,10-25,下影,1.4,1.3,7.0,10-28,下影,7.6,2.6,12.4,下影+1→下影+8,10.24,7.73,20.5,2.26,93,179,False,-13.09,-6.25,False,-6.25,1.0,False,2,炸板,True,2024-10,2024,,,,,,二接三阳
002313.SZSE,日海智能,2025-02-17,二接三,2,阴,2025-02-13,-1.26,-11.1,45.5,+++,39.6,19.0,2,2,02-13,实体,6.3,0.1,12.5,02-14,实体,1.8,0.0,5.4,实体+6→实体+2,14.54,6.88,25.5,1.76,74,53,False,-17.68,-17.68,False,-17.68,1.0,False,2,炸板,True,2025-02,2025,,,,,,二接三阴
002313.SZSE,日海智能,2025-08-07,二接三,2,阳,2025-08-05,1.89,-10.4,17.2,++-,2.7,117.0,0,2,08-05,下影,-0.6,0.5,11.1,08-06,下影,6.7,1.7,14.8,下影-1→下影+7,13.6,5.18,23.2,1.94,47,46,True,2.94,10.0,True,6.54,2.0,False,4,连板,False,2025-08,2025,,,,,,二接三阳
002313.SZSE,日海智能,2025-08-08,三接四,3,阳,2025-08-05,1.89,-10.4,17.2,++-,2.7,117.0,0,2,08-05,下影,-0.6,0.5,11.1,08-06,下影,6.7,1.7,14.8,下影-1→下影+7→下影+5,14.96,2.94,34.5,1.94,48,47,True,-3.54,-3.14,False,-3.14,1.0,False,4,封次日负,True,2025-08,2025,08-07,下影,5.2,1.5,23.2,三接四阳
002315.SZSE,焦点科技,2023-05-05,二接三,2,阴,2023-04-28,-2.42,-10.9,48.1,,33.0,2.0,2,2,04-28,下影,-1.5,0.7,16.7,05-04,实体,3.3,0.0,17.4,下影-1→实体+3,41.27,2.85,13.8,0.81,31,76,True,3.66,3.93,False,3.93,1.0,False,3,封次日正,False,2023-05,2023,,,,,,二接三阴
002316.SZSE,亚联发展,2023-04-19,二接三,2,阴,2023-04-17,-1.54,,,,,,0,0,04-17,下影,2.9,3.1,11.1,04-18,下影,2.8,1.0,8.9,下影+3→下影+3,5.95,5.36,43.8,2.98,23,15,False,-14.62,-11.43,False,-11.43,1.0,False,2,炸板,True,2023-04,2023,,,,,,二接三阴
002316.SZSE,亚联发展,2024-02-28,二接三,2,阳,2024-02-26,4.53,-46.8,53.1,+--,-26.1,86.0,0,2,02-26,实体,-0.3,0.3,16.2,02-27,下影,0.0,3.2,17.6,实体-0→下影+0,4.92,2.91,29.1,1.66,23,69,True,-3.46,3.66,False,3.66,1.0,False,3,封次日正,False,2024-02,2024,,,,,,二接三阳
002316.SZSE,亚联发展,2026-01-12,二接三,2,阴,2026-01-08,-2.48,-21.7,6.3,---,-10.3,451.0,0,0,01-08,下影,0.0,0.6,7.1,01-09,下影,5.0,1.2,16.9,下影+0→下影+5,6.28,7.88,15.7,1.65,124,79,True,-4.46,-10.03,False,-10.03,1.0,False,3,封次日负,True,2026-01,2026,,,,,,二接三阴
002319.SZSE,乐通股份,2024-02-02,二接三,2,阴,2024-01-31,-10.03,-26.7,0.0,---,-24.7,,0,0,01-31,下影,0.0,0.6,2.1,02-01,下影,1.5,0.7,5.7,下影+0→下影+1,14.08,2.97,12.2,2.66,25,27,False,-15.48,-15.48,False,-15.48,1.0,False,2,炸板,True,2024-02,2024,,,,,,二接三阴
002321.SZSE,华英农业,2024-11-27,二接三,2,阴,2024-11-25,-1.81,-14.6,45.6,--+,14.2,,0,0,11-25,下影,0.9,0.5,3.5,11-26,实体,0.4,0.0,4.4,下影+1→实体+0,2.89,2.66,9.4,2.29,77,79,False,-9.34,-5.19,False,-5.19,1.0,False,2,炸板,True,2024-11,2024,,,,,,二接三阴
002328.SZSE,新朋股份,2026-04-13,二接三,2,阳,2026-04-09,1.58,-1.6,33.8,+++,19.1,,0,0,04-09,下影,-0.6,0.6,16.0,04-10,下影,6.4,1.3,12.6,下影-1→下影+6,11.12,9.99,40.5,2.0,52,53,False,0.0,6.47,True,12.41,2.0,False,4,炸板,False,2026-04,2026,,,,,,二接三阳
002329.SZSE,皇氏集团,2026-08-12,二接三,2,阴,2026-08-10,-1.87,-35.6,23.0,+-+,-3.1,156.0,0,0,08-10,下影,0.0,1.0,13.8,08-11,下影,6.6,1.7,7.9,下影+0→下影+7,4.2,2.09,19.4,1.76,86,53,True,10.0,10.0,True,1.67,2.0,False,4,连板,False,2026-08,2026,,,,,,二接三阴
002329.SZSE,皇氏集团,2026-08-13,三接四,3,阴,2026-08-10,-1.87,-35.6,23.0,+-+,-3.1,156.0,0,0,08-10,下影,0.0,1.0,13.8,08-11,下影,6.6,1.7,7.9,下影+0→下影+7→下影+2,4.62,10.0,24.3,1.68,50,86,True,-9.96,-7.58,False,-7.58,1.0,False,4,封次日负,True,2026-08,2026,08-12,下影,2.1,2.6,19.4,三接四阴
002331.SZSE,皖通科技,2023-11-27,二接三,2,阳,2023-11-23,3.86,-5.5,33.6,+++,19.1,,0,0,11-23,下影,-4.7,1.0,12.9,11-24,一字,10.0,0.0,2.7,下影-5→一字+10,11.12,9.5,22.1,1.8,28,27,True,7.01,9.98,True,-0.99,2.0,False,4,连板,False,2023-11,2023,,,,,,二接三阳
002331.SZSE,皖通科技,2023-11-28,三接四,3,阳,2023-11-23,3.86,-5.5,33.6,+++,19.1,,0,0,11-23,下影,-4.7,1.0,12.9,11-24,一字,10.0,0.0,2.7,下影-5→一字+10→下影+9,12.23,7.01,8.5,0.68,34,28,True,9.98,-9.98,False,-9.98,1.0,False,4,封次日负,True,2023-11,2023,11-27,下影,9.5,2.9,22.1,三接四阳
002331.SZSE,皖通科技,2025-05-14,二接三,2,阴,2025-05-12,-1.7,-17.1,23.9,++-,14.3,348.0,0,0,05-12,下影,0.5,0.7,15.2,05-13,下影,0.7,2.2,22.9,下影+1→下影+1,10.01,4.51,35.4,2.31,51,41,False,-9.99,-17.38,False,-17.38,1.0,False,2,炸板,True,2025-05,2025,,,,,,二接三阴
002333.SZSE,罗普斯金,2024-01-19,二接三,2,阴,2024-01-17,-0.61,-4.5,17.2,+++,7.7,77.0,0,3,01-17,下影,-0.6,1.4,10.0,01-18,下影,-1.5,1.1,9.1,下影-1→下影-2,8.7,9.99,28.5,2.42,37,37,False,-25.63,-25.63,False,-25.63,1.0,False,2,炸板,True,2024-01,2024,,,,,,二接三阴
002338.SZSE,奥普光电,2025-05-09,二接三,2,阳,2025-05-07,2.51,-20.2,14.3,---,-8.7,395.0,0,0,05-07,一字,10.0,0.0,2.4,05-08,一字,10.0,0.0,1.3,一字+10→一字+10,51.65,5.43,26.4,3.86,27,51,True,-3.19,-2.23,False,-2.23,1.0,False,3,封次日负,True,2025-05,2025,,,,,,二接三阳
002339.SZSE,积成电子,2024-05-13,二接三,2,阴,2024-05-09,-3.54,-14.6,30.9,+--,-11.0,,0,0,05-09,实体,1.4,0.0,11.1,05-10,下影,-2.5,1.4,18.8,实体+1→下影-3,7.61,5.49,24.5,1.83,24,29,True,9.99,9.99,True,2.76,2.0,False,4,连板,False,2024-05,2024,,,,,,二接三阴
002339.SZSE,积成电子,2024-05-14,三接四,3,阴,2024-05-09,-3.54,-14.6,30.9,+--,-11.0,,0,0,05-09,实体,1.4,0.0,11.1,05-10,下影,-2.5,1.4,18.8,实体+1→下影-3→下影+5,8.37,9.99,8.6,0.63,37,24,True,7.53,-6.57,False,-6.57,1.0,False,4,封次日负,True,2024-05,2024,05-13,下影,5.5,5.5,24.5,三接四阴
002339.SZSE,积成电子,2024-12-19,二接三,2,阳,2024-12-17,2.3,-3.7,53.8,+++,21.0,147.0,0,0,12-17,下影,-1.7,0.8,19.2,12-18,下影,2.3,5.1,20.8,下影-2→下影+2,10.65,7.75,43.7,2.05,50,84,False,-17.37,-20.19,False,-20.19,1.0,False,2,炸板,True,2024-12,2024,,,,,,二接三阳
002342.SZSE,巨力索具,2026-01-13,三接四,3,阴,2026-01-08,-2.26,-4.9,34.4,+++,21.7,127.0,0,0,01-08,下影,0.3,2.3,18.3,01-09,一字,10.0,0.0,2.7,下影+0→一字+10→一字+10,13.29,4.06,39.3,2.48,52,124,True,-2.18,5.34,False,5.34,1.0,False,4,封次日正,False,2026-01,2026,01-12,一字,10.0,0.0,1.7,三接四阴
002342.SZSE,巨力索具,2026-01-23,二接三,2,阴,2026-01-21,-5.75,-30.4,50.7,+++,40.7,6.0,4,4,01-21,下影,-0.2,2.2,18.5,01-22,实体,5.3,0.0,10.9,下影-0→实体+5,13.54,9.67,7.2,0.43,79,63,True,7.24,1.26,False,1.26,1.0,False,3,封次日正,False,2026-01,2026,,,,,,二接三阴
002343.SZSE,慈文传媒,2025-02-24,三接四,3,阴,2025-02-19,-4.46,-24.2,20.4,+++,14.8,441.0,0,0,02-19,下影,0.2,1.2,5.8,02-20,一字,10.0,0.0,1.5,下影+0→一字+10→一字+10,9.42,7.48,38.1,3.76,66,82,False,-17.73,-15.71,False,-15.71,1.0,False,3,炸板,True,2025-02,2025,02-21,一字,10.0,0.0,1.2,三接四阴
002344.SZSE,海宁皮城,2024-11-20,三接四,3,阴,2024-11-15,-2.72,-6.9,33.1,+++,9.7,,0,0,11-15,一字,9.9,0.0,0.7,11-18,一字,9.9,0.0,0.4,一字+10→一字+10→一字+10,5.76,9.92,8.6,3.86,119,79,True,7.64,10.07,True,14.58,2.0,False,5,连板,False,2024-11,2024,11-19,一字,10.1,0.0,0.5,三接四阴
002346.SZSE,柘中股份,2025-01-08,二接三,2,阴,2025-01-06,-3.24,-9.9,19.6,+++,-1.0,,0,0,01-06,下影,-1.4,1.3,1.8,01-07,下影,9.9,1.5,2.9,下影-1→下影+10,13.15,0.17,13.0,3.03,53,77,False,-12.55,-11.71,False,-11.71,1.0,False,2,炸板,True,2025-01,2025,,,,,,二接三阴
002347.SZSE,泰尔股份,2024-01-10,二接三,2,阴,2024-01-08,-3.02,-11.8,31.4,+++,9.7,,0,0,01-08,实体,-0.7,0.0,19.2,01-09,实体,3.1,0.3,9.5,实体-1→实体+3,8.13,3.65,43.5,2.12,34,40,False,-22.51,-15.13,False,-15.13,1.0,False,2,炸板,True,2024-01,2024,,,,,,二接三阴
002347.SZSE,泰尔股份,2024-03-19,二接三,2,阳,2024-03-15,4.73,-40.1,57.1,+++,43.7,42.0,2,2,03-15,下影,4.3,2.1,16.5,03-18,一字,10.1,0.0,1.6,下影+4→一字+10,6.49,10.0,41.3,2.52,46,70,False,-11.4,-6.01,False,-6.01,1.0,False,2,炸板,True,2024-03,2024,,,,,,二接三阳
002347.SZSE,泰尔股份,2024-10-11,二接三,2,阴,2024-10-09,4.18,-5.3,38.2,+++,23.0,134.0,0,0,10-09,下影,0.4,3.3,12.0,10-10,一字,9.9,0.0,2.5,下影+0→一字+10,5.97,9.94,42.1,2.84,28,51,False,-18.93,-18.93,False,-18.93,1.0,False,2,炸板,True,2024-10,2024,,,,,,二接三阴
002347.SZSE,泰尔股份,2024-12-03,三接四,3,阳,2024-11-28,0.59,-13.9,50.7,+++,10.5,35.0,2,2,11-28,实体,0.0,0.0,9.3,11-29,下影,3.5,8.5,28.0,实体+0→下影+4→一字+10,7.52,9.94,16.3,1.25,92,132,True,6.38,9.97,True,49.6,6.0,False,9,连板,False,2024-12,2024,12-02,一字,10.0,0.0,2.7,三接四阳
002347.SZSE,泰尔股份,2025-12-29,二接三,2,阳,2025-12-25,1.59,-15.1,18.0,-++,15.7,254.0,0,0,12-25,下影,1.6,1.0,13.1,12-26,下影,9.9,7.2,19.2,下影+2→下影+10,10.23,4.41,32.8,2.1,64,69,True,-9.97,9.97,True,28.45,3.0,False,5,连板,False,2025-12,2025,,,,,,二接三阳
002347.SZSE,泰尔股份,2025-12-30,三接四,3,阳,2025-12-25,1.59,-15.1,18.0,-++,15.7,254.0,0,0,12-25,下影,1.6,1.0,13.1,12-26,下影,9.9,7.2,19.2,下影+2→下影+10→下影+4,11.25,-9.97,44.1,1.93,48,64,True,6.31,10.04,True,16.8,2.0,False,5,连板,False,2025-12,2025,12-29,下影,4.4,1.7,32.8,三接四阳
002348.SZSE,高乐股份,2024-11-08,二接三,2,阳,2024-11-06,3.02,-12.8,42.8,+++,-0.3,,0,0,11-06,实体,0.0,0.0,6.9,11-07,下影,3.3,1.8,10.5,实体+0→下影+3,4.09,5.38,14.9,2.01,95,157,True,-4.65,-10.02,False,-10.02,1.0,False,3,封次日负,True,2024-11,2024,,,,,,二接三阳
002348.SZSE,高乐股份,2024-11-27,二接三,2,阳,2024-11-25,-2.39,-10.0,71.2,-++,26.5,11.0,3,3,11-25,一字,10.1,0.0,2.3,11-26,一字,10.1,0.0,1.3,一字+10→一字+10,4.91,10.09,31.8,2.9,77,79,False,7.74,-4.28,False,-4.28,1.0,False,2,炸板,True,2024-11,2024,,,,,,二接三阳
002354.SZSE,天娱数科,2024-11-22,二接三,2,阳,2024-11-20,-2.64,-9.4,83.8,+++,24.8,,0,0,11-20,下影,0.0,2.0,9.1,11-21,下影,3.7,2.3,20.6,下影+0→下影+4,5.9,2.43,35.4,1.58,60,88,False,-2.54,-0.17,False,-0.17,1.0,False,2,炸板,True,2024-11,2024,,,,,,二接三阳
002354.SZSE,天娱数科,2024-12-10,三接四,3,阴,2024-12-05,-4.13,-15.5,107.7,-++,32.4,10.0,2,2,12-05,下影,-0.6,1.2,8.4,12-06,一字,10.0,0.0,1.6,下影-1→一字+10→一字+10,7.48,10.0,18.9,2.09,82,83,True,-1.47,3.21,False,3.21,1.0,False,4,封次日正,False,2024-12,2024,12-09,一字,10.0,0.0,0.7,三接四阴
002354.SZSE,天娱数科,2026-06-09,二接三,2,阳,2026-06-05,-2.1,-19.3,12.9,-++,-5.6,267.0,0,0,06-05,下影,10.1,1.8,7.7,06-08,下影,6.6,1.5,6.8,下影+10→下影+7,8.06,5.73,29.2,2.22,107,45,True,2.73,10.05,True,-0.99,2.0,False,4,连板,False,2026-06,2026,,,,,,二接三阳
002354.SZSE,天娱数科,2026-06-10,三接四,3,阳,2026-06-05,-2.1,-19.3,12.9,-++,-5.6,267.0,0,0,06-05,下影,10.1,1.8,7.7,06-08,下影,6.6,1.5,6.8,下影+10→下影+7→下影+6,8.87,2.73,21.2,1.44,63,107,True,-1.35,-10.03,False,-10.03,1.0,False,4,封次日负,True,2026-06,2026,06-09,下影,5.7,1.8,29.2,三接四阳
002354.SZSE,天娱数科,2026-08-04,二接三,2,阴,2026-07-31,-4.36,-42.7,1.4,---,-42.7,29.0,4,4,07-31,下影,2.5,0.5,10.8,08-03,下影,10.0,2.5,7.7,下影+3→下影+10,7.88,1.82,30.7,2.13,123,69,True,-4.7,0.51,False,0.51,1.0,False,3,封次日正,False,2026-08,2026,,,,,,二接三阴
002355.SZSE,兴民智通,2025-05-07,二接三,2,阳,2025-04-30,1.79,-26.8,20.3,+--,-11.6,454.0,0,0,04-30,一字,10.0,0.0,1.8,05-06,下影,9.9,3.5,9.8,一字+10→下影+10,7.58,8.56,30.5,3.31,50,79,False,-9.5,-6.73,False,-6.73,1.0,False,2,炸板,True,2025-05,2025,,,,,,二接三阳
002356.SZSE,鹏飞绿能,2023-07-04,二接三,2,阳,2023-06-30,3.39,-29.2,7.3,---,-10.6,,0,0,06-30,实体,-0.3,0.3,0.7,07-03,下影,8.9,8.0,2.1,实体-0→下影+9,5.28,5.0,2.8,2.13,42,39,True,1.33,10.04,True,2.27,2.0,False,4,连板,False,2023-07,2023,,,,,,二接三阳
002356.SZSE,鹏飞绿能,2023-07-05,三接四,3,阳,2023-06-30,3.39,-29.2,7.3,---,-10.6,,0,0,06-30,实体,-0.3,0.3,0.7,07-03,下影,8.9,8.0,2.1,实体-0→下影+9→下影+5,5.81,1.33,2.0,1.23,19,42,True,4.99,-7.06,False,-7.06,1.0,False,4,封次日负,True,2023-07,2023,07-04,下影,5.0,3.3,2.8,三接四阳
002356.SZSE,鹏飞绿能,2024-06-11,二接三,2,阴,2024-06-06,-1.9,-36.4,3.3,---,-18.0,223.0,0,0,06-06,实体,2.3,0.0,1.6,06-07,下影,0.9,0.9,1.9,实体+2→下影+1,4.11,5.88,5.3,2.33,18,40,False,-19.71,-7.3,False,-7.3,1.0,False,2,炸板,True,2024-06,2024,,,,,,二接三阴
002356.SZSE,鹏飞绿能,2025-07-11,二接三,2,阳,2025-07-09,1.67,-4.1,13.4,-+-,-2.6,155.0,0,0,07-09,下影,0.3,1.0,3.3,07-10,下影,7.1,2.1,6.2,下影+0→下影+7,4.07,2.43,14.3,2.82,49,54,True,-1.72,-8.85,False,-8.85,1.0,False,3,封次日负,True,2025-07,2025,,,,,,二接三阳
002358.SZSE,森源电气,2025-01-23,二接三,2,阳,2025-01-21,1.69,-11.1,26.5,++-,-4.6,,0,0,01-21,下影,0.8,0.4,6.0,01-22,一字,10.0,0.0,4.0,下影+1→一字+10,6.41,9.95,24.9,3.18,36,36,False,-21.22,-19.03,False,-19.03,1.0,False,2,炸板,True,2025-01,2025,,,,,,二接三阳
002361.SZSE,神剑股份,2024-12-31,二接三,2,阳,2024-12-27,0.99,-15.7,28.2,--+,0.2,,0,0,12-27,实体,0.7,0.0,5.6,12-30,一字,10.0,0.0,1.4,实体+1→一字+10,5.45,10.1,21.5,3.32,39,36,True,4.59,-2.02,False,-2.02,1.0,False,3,封次日负,True,2024-12,2024,,,,,,二接三阳
002361.SZSE,神剑股份,2025-01-02,三接四,3,阳,2024-12-27,0.99,-15.7,28.2,--+,0.2,,0,0,12-27,实体,0.7,0.0,5.6,12-30,一字,10.0,0.0,1.4,实体+1→一字+10→下影+10,6.0,4.59,38.2,2.8,51,39,False,-5.0,-2.17,True,-6.5,2.0,False,5,炸板,True,2025-01,2025,12-31,下影,10.1,2.8,21.5,三接四阳
002361.SZSE,神剑股份,2025-12-22,二接三,2,阴,2025-12-18,-3.3,-9.4,11.6,++-,3.8,234.0,0,0,12-18,下影,-0.9,0.7,7.9,12-19,下影,3.6,1.2,31.0,下影-1→下影+4,8.99,10.04,31.5,1.83,72,65,True,9.9,10.01,True,45.05,6.0,False,8,连板,False,2025-12,2025,,,,,,二接三阴
002361.SZSE,神剑股份,2025-12-23,三接四,3,阴,2025-12-18,-3.3,-9.4,11.6,++-,3.8,234.0,0,0,12-18,下影,-0.9,0.7,7.9,12-19,下影,3.6,1.2,31.0,下影-1→下影+4→下影+10,9.89,9.9,41.6,1.74,48,72,True,-3.24,10.01,True,31.85,5.0,False,8,连板,False,2025-12,2025,12-22,下影,10.0,9.1,31.5,三接四阴
002361.SZSE,神剑股份,2026-03-30,二接三,2,阳,2026-03-26,1.53,-37.8,36.6,---,-22.0,28.0,8,8,03-26,下影,2.1,2.8,19.5,03-27,实体,-3.1,0.1,33.1,下影+2→实体-3,15.0,-1.98,28.4,1.5,55,72,True,7.67,10.0,True,13.33,2.0,False,4,连板,False,2026-03,2026,,,,,,二接三阳
002361.SZSE,神剑股份,2026-03-31,三接四,3,阳,2026-03-26,1.53,-37.8,36.6,---,-22.0,28.0,8,8,03-26,下影,2.1,2.8,19.5,03-27,实体,-3.1,0.1,33.1,下影+2→实体-3→下影-2,16.5,7.67,23.7,1.07,44,55,True,3.03,3.03,False,3.03,1.0,False,4,封次日正,False,2026-03,2026,03-30,下影,-2.0,1.2,28.4,三接四阳
002362.SZSE,汉王科技,2024-02-21,二接三,2,阳,2024-02-19,9.23,-46.1,18.9,---,-35.6,41.0,2,2,02-19,一字,10.0,0.0,1.6,02-20,下影,10.0,4.5,6.9,一字+10→下影+10,21.27,-2.74,18.2,2.36,93,80,False,-12.65,-7.15,False,-7.15,1.0,False,2,炸板,True,2024-02,2024,,,,,,二接三阳
002362.SZSE,汉王科技,2024-12-09,二接三,2,阴,2024-12-05,-1.69,-9.7,59.2,+++,11.5,194.0,0,0,12-05,下影,-1.2,0.6,20.6,12-06,一字,10.0,0.0,2.0,下影-1→一字+10,30.88,10.01,41.9,2.36,83,94,True,0.39,10.01,True,-1.0,2.0,False,4,连板,False,2024-12,2024,,,,,,二接三阴
002362.SZSE,汉王科技,2024-12-10,三接四,3,阴,2024-12-05,-1.69,-9.7,59.2,+++,11.5,194.0,0,0,12-05,下影,-1.2,0.6,20.6,12-06,一字,10.0,0.0,2.0,下影-1→一字+10→下影+10,33.97,0.39,47.0,1.9,82,83,True,-7.65,-10.01,False,-10.01,1.0,False,4,封次日负,True,2024-12,2024,12-09,下影,10.0,12.9,41.9,三接四阴
002363.SZSE,隆基机械,2025-12-26,二接三,2,阴,2025-12-24,-1.27,-12.3,19.0,--+,-2.6,,0,0,12-24,下影,8.0,6.2,6.0,12-25,一字,10.0,0.0,1.0,下影+8→一字+10,11.34,4.75,26.1,3.03,69,72,True,-2.91,-9.96,False,-9.96,1.0,False,3,封次日负,True,2025-12,2025,,,,,,二接三阴
002364.SZSE,中恒电气,2024-12-25,二接三,2,阴,2024-12-23,-2.77,-11.3,32.5,-++,12.5,,0,0,12-23,实体,0.9,0.0,3.8,12-24,一字,10.0,0.0,3.0,实体+1→一字+10,10.76,10.02,32.6,3.2,31,62,False,-9.57,-2.97,False,-2.97,1.0,False,2,炸板,True,2024-12,2024,,,,,,二接三阴
002364.SZSE,中恒电气,2025-01-08,二接三,2,阴,2025-01-06,-2.78,-8.6,73.5,+++,54.7,8.0,2,2,01-06,下影,-4.7,4.2,24.8,01-07,下影,2.4,0.6,19.7,下影-5→下影+2,15.36,2.44,32.9,1.28,53,77,True,-2.67,-10.03,False,-10.03,1.0,False,3,封次日负,True,2025-01,2025,,,,,,二接三阴
002364.SZSE,中恒电气,2025-08-19,二接三,2,阴,2025-08-15,-2.49,-4.0,34.1,+++,16.3,126.0,0,0,08-15,实体,0.1,0.0,10.6,08-18,下影,9.9,3.2,4.3,实体+0→下影+10,24.97,4.71,25.6,1.89,74,78,True,-8.29,-10.01,False,-10.01,1.0,False,3,封次日负,True,2025-08,2025,,,,,,二接三阴
002364.SZSE,中恒电气,2026-04-14,三接四,3,阳,2026-04-09,5.3,-22.3,13.7,---,-20.5,152.0,0,0,04-09,一字,10.0,0.0,1.3,04-10,一字,10.0,0.0,0.6,一字+10→一字+10→一字+10,42.49,8.72,15.5,3.0,49,52,True,0.0,2.14,False,2.14,1.0,False,4,封次日正,False,2026-04,2026,04-13,一字,10.0,0.0,2.7,三接四阳
002365.SZSE,永安药业,2025-04-25,二接三,2,阳,2025-04-23,3.12,-10.9,28.5,-++,24.3,,0,0,04-23,下影,6.7,1.3,7.0,04-24,下影,4.1,3.6,20.4,下影+7→下影+4,13.62,9.85,40.9,1.98,59,45,False,-11.89,-4.26,True,-5.21,3.0,False,5,炸板,True,2025-04,2025,,,,,,二接三阳
002365.SZSE,永安药业,2025-05-23,二接三,2,阴,2025-05-21,-0.71,-9.7,89.8,+++,61.4,4.0,2,2,05-21,实体,4.0,0.0,30.8,05-22,下影,5.8,8.0,33.2,实体+4→下影+6,20.36,4.0,34.9,1.12,34,32,True,1.47,6.48,False,6.48,1.0,False,3,封次日正,False,2025-05,2025,,,,,,二接三阴
002365.SZSE,永安药业,2025-06-16,二接三,2,阴,2025-06-12,-8.87,-15.3,158.8,-++,84.9,13.0,3,3,06-12,下影,2.7,2.6,23.0,06-13,实体,2.0,0.0,13.8,下影+3→实体+2,27.78,2.97,31.1,1.33,41,39,False,0.11,-7.49,False,-7.49,1.0,False,2,炸板,True,2025-06,2025,,,,,,二接三阴
002366.SZSE,融发核电,2023-05-24,二接三,2,阳,2023-05-22,6.32,-3.4,13.0,+-+,5.9,,0,0,05-22,实体,-2.6,0.2,3.4,05-23,下影,5.9,2.0,10.5,实体-3→下影+6,7.16,1.23,13.0,1.92,30,18,True,2.65,10.06,True,2.93,2.0,False,4,连板,False,2023-05,2023,,,,,,二接三阳
002366.SZSE,融发核电,2023-05-25,三接四,3,阳,2023-05-22,6.32,-3.4,13.0,+-+,5.9,,0,0,05-22,实体,-2.6,0.2,3.4,05-23,下影,5.9,2.0,10.5,实体-3→下影+6→下影+1,7.88,2.65,8.7,1.03,36,30,True,9.14,-6.47,False,-6.47,1.0,False,4,封次日负,True,2023-05,2023,05-24,下影,1.2,1.2,13.0,三接四阳
002366.SZSE,融发核电,2025-05-28,三接四,3,阴,2025-05-23,-1.92,-15.2,24.9,+++,10.1,482.0,0,0,05-23,下影,2.5,0.4,8.7,05-26,下影,9.6,3.6,13.8,下影+3→下影+10→一字+10,7.49,7.78,31.9,2.55,49,51,True,3.74,10.01,True,-0.93,2.0,False,5,连板,False,2025-05,2025,05-27,一字,10.0,0.0,2.7,三接四阴
002368.SZSE,太极股份,2024-10-08,二接三,2,阳,2024-09-27,4.31,-24.9,22.5,+++,20.0,,0,0,09-27,实体,0.8,0.0,6.6,09-30,下影,9.5,5.9,7.9,实体+1→下影+9,22.58,9.99,7.7,1.15,352,626,True,-0.35,1.9,False,1.9,1.0,False,3,封次日正,False,2024-10,2024,,,,,,二接三阳
002369.SZSE,卓翼科技,2024-03-05,二接三,2,阳,2024-03-01,3.74,-43.4,60.6,+--,-11.1,97.0,0,2,03-01,下影,0.0,1.0,6.3,03-04,一字,10.0,0.0,1.5,下影+0→一字+10,5.54,1.79,27.7,2.58,38,61,True,-7.58,-3.79,False,-3.79,1.0,False,3,封次日负,True,2024-03,2024,,,,,,二接三阳
002369.SZSE,卓翼科技,2024-08-19,三接四,3,阳,2024-08-14,3.94,-21.1,8.5,-+-,-5.0,110.0,0,3,08-14,一字,9.9,0.0,1.9,08-15,一字,10.1,0.0,0.9,一字+10→一字+10→一字+10,5.03,4.6,28.3,3.93,29,22,False,-16.1,-16.1,False,-16.1,1.0,False,3,炸板,True,2024-08,2024,08-16,一字,10.1,0.0,1.5,三接四阳
002369.SZSE,卓翼科技,2024-12-13,二接三,2,阴,2024-12-11,2.5,-15.0,80.3,++-,-7.0,64.0,0,3,12-11,实体,-2.3,0.3,14.3,12-12,下影,6.0,2.9,31.0,实体-2→下影+6,9.27,2.02,45.0,2.04,84,119,False,-12.3,-18.02,False,-18.02,1.0,False,2,炸板,True,2024-12,2024,,,,,,二接三阴
002369.SZSE,卓翼科技,2024-12-19,二接三,2,阴,2024-12-17,-7.99,-18.0,96.9,++-,20.4,3.0,2,3,12-17,实体,0.3,0.0,13.6,12-18,下影,-1.0,6.9,32.4,实体+0→下影-1,10.12,5.33,49.9,1.46,50,84,False,-15.91,-13.83,False,-13.83,1.0,False,2,炸板,True,2024-12,2024,,,,,,二接三阴
002369.SZSE,卓翼科技,2025-02-21,二接三,2,阴,2025-02-19,-5.01,-23.2,31.2,+++,30.4,38.0,2,3,02-19,实体,0.8,0.0,12.8,02-20,一字,10.1,0.0,1.9,实体+1→一字+10,10.35,9.99,16.0,1.21,82,76,True,5.12,10.05,True,20.48,3.0,False,5,连板,False,2025-02,2025,,,,,,二接三阴
002369.SZSE,卓翼科技,2025-02-24,三接四,3,阴,2025-02-19,-5.01,-23.2,31.2,+++,30.4,38.0,2,3,02-19,实体,0.8,0.0,12.8,02-20,一字,10.1,0.0,1.9,实体+1→一字+10→下影+10,11.39,5.12,17.8,1.39,66,82,True,-2.99,10.01,True,9.48,2.0,False,5,连板,False,2025-02,2025,02-21,下影,10.0,3.6,16.0,三接四阴
002370.SZSE,亚太药业,2024-08-19,二接三,2,阴,2024-08-15,-1.56,-23.1,14.5,+++,6.3,,0,0,08-15,下影,9.9,2.8,5.8,08-16,下影,2.9,4.7,14.4,下影+10→下影+3,3.37,7.84,23.5,2.51,29,22,True,-10.09,-8.61,False,-8.61,1.0,False,3,封次日负,True,2024-08,2024,,,,,,二接三阴
002370.SZSE,亚太药业,2025-07-18,二接三,2,阴,2025-07-16,-3.61,-6.5,29.8,+++,3.4,218.0,0,0,07-16,实体,-0.5,0.0,20.6,07-17,下影,-0.2,1.8,22.9,实体-0→下影-0,5.34,7.01,39.2,1.89,37,49,False,-8.99,1.69,True,-2.62,2.0,False,4,炸板,False,2025-07,2025,,,,,,二接三阴
002370.SZSE,亚太药业,2025-07-30,二接三,2,阳,2025-07-28,6.63,-3.1,80.4,+++,47.8,7.0,2,2,07-28,实体,0.5,0.2,25.5,07-29,下影,4.4,1.6,26.0,实体+1→下影+4,7.49,3.52,43.7,1.4,40,33,False,-8.41,-10.15,False,-10.15,1.0,False,2,炸板,True,2025-07,2025,,,,,,二接三阳
002370.SZSE,亚太药业,2025-10-17,三接四,3,阳,2025-10-14,-0.35,-30.3,45.8,---,-11.5,44.0,2,2,10-14,一字,10.1,0.0,1.9,10-15,一字,9.9,0.0,1.2,一字+10→一字+10→一字+10,8.31,0.0,37.9,4.02,34,36,False,-7.34,-11.55,False,-11.55,1.0,False,3,炸板,True,2025-10,2025,10-16,一字,10.1,0.0,2.5,三接四阳
002374.SZSE,中锐股份,2024-11-11,二接三,2,阳,2024-11-07,1.76,-1.7,75.2,+++,32.0,,0,0,11-07,下影,0.0,0.3,3.1,11-08,下影,10.1,4.4,13.6,下影+0→下影+10,3.85,0.86,3.7,0.63,108,95,True,2.08,-9.87,False,-9.87,1.0,False,3,封次日负,True,2024-11,2024,,,,,,二接三阳
002374.SZSE,中锐股份,2025-11-12,二接三,2,阴,2025-11-10,0.0,-11.2,21.1,+++,13.7,6.0,2,2,11-10,下影,-0.6,1.3,9.5,11-11,下影,6.0,3.2,13.6,下影-1→下影+6,4.21,0.78,13.5,1.22,48,52,True,3.09,-0.24,False,-0.24,1.0,False,3,封次日负,True,2025-11,2025,,,,,,二接三阴
002374.SZSE,中锐股份,2025-11-13,三接四,3,阴,2025-11-10,0.0,-11.2,21.1,+++,13.7,6.0,2,2,11-10,下影,-0.6,1.3,9.5,11-11,下影,6.0,3.2,13.6,下影-1→下影+6→实体+1,4.63,3.09,35.2,2.19,73,48,False,-15.12,-16.63,False,-16.63,1.0,False,3,炸板,True,2025-11,2025,11-12,实体,0.8,0.0,13.5,三接四阴
002377.SZSE,国创高新,2023-07-28,二接三,2,阳,2023-07-26,3.69,-4.9,10.0,++-,6.3,,0,0,07-26,下影,0.0,0.4,7.4,07-27,下影,0.0,4.0,11.0,下影+0→下影+0,3.37,4.58,6.6,1.14,37,19,True,10.09,10.09,True,18.1,3.0,False,5,连板,False,2023-07,2023,,,,,,二接三阳
002378.SZSE,章源钨业,2025-08-26,二接三,2,阳,2025-08-22,5.24,-4.3,44.6,+++,15.0,,0,0,08-22,下影,-2.9,0.6,11.4,08-25,下影,6.9,1.6,4.3,下影-3→下影+7,14.72,1.12,21.3,1.88,59,64,False,-4.89,4.62,False,4.62,1.0,False,2,炸板,False,2025-08,2025,,,,,,二接三阳
002378.SZSE,章源钨业,2026-02-27,二接三,2,阴,2026-02-25,-0.23,-5.9,155.0,+++,58.5,3.0,2,2,02-25,下影,3.4,1.9,6.6,02-26,下影,6.0,1.3,8.4,下影+3→下影+6,40.6,4.42,3.3,0.46,69,52,True,10.0,8.23,False,8.23,1.0,False,3,封次日正,False,2026-02,2026,,,,,,二接三阴
002378.SZSE,章源钨业,2026-03-02,三接四,3,阴,2026-02-25,-0.23,-5.9,155.0,+++,58.5,3.0,2,2,02-25,下影,3.4,1.9,6.6,02-26,下影,6.0,1.3,8.4,下影+3→下影+6→实体+4,44.66,10.0,12.3,1.6,77,69,False,-1.81,-6.78,False,-6.78,1.0,False,3,炸板,True,2026-03,2026,02-27,实体,4.4,0.1,3.3,三接四阴
002379.SZSE,宏桥控股,2025-01-08,二接三,2,阳,2024-12-20,1.49,-2.5,74.9,+++,16.9,,0,0,12-20,下影,0.5,0.4,6.0,01-07,一字,10.0,0.0,0.4,下影+0→一字+10,10.86,10.03,17.0,2.85,53,77,True,-1.38,-5.89,False,-5.89,1.0,False,3,封次日负,True,2025-01,2025,,,,,,二接三阳
002384.SZSE,东山精密,2026-04-10,二接三,2,阴,2026-04-08,-1.39,-9.5,62.3,+-+,11.0,134.0,0,0,04-08,实体,10.0,0.0,1.7,04-09,下影,6.7,1.6,6.8,实体+10→下影+7,145.09,0.3,10.5,1.96,53,50,False,-1.02,1.2,False,1.2,1.0,False,2,炸板,False,2026-04,2026,,,,,,二接三阴
002387.SZSE,维信诺,2024-11-07,二接三,2,阳,2024-11-05,6.86,-12.0,61.8,+++,21.7,256.0,0,0,11-05,下影,4.5,2.5,6.6,11-06,下影,10.0,2.2,2.1,下影+4→下影+10,12.23,9.98,10.2,1.9,157,104,True,0.0,0.49,False,0.49,1.0,False,3,封次日正,False,2024-11,2024,,,,,,二接三阳
002387.SZSE,维信诺,2025-11-12,二接三,2,阳,2025-11-10,1.68,-21.1,2.7,---,-12.4,239.0,0,0,11-10,一字,10.0,0.0,0.6,11-11,一字,10.0,0.0,0.6,一字+10→一字+10,11.28,10.05,9.5,3.71,48,52,False,-13.12,-14.36,False,-14.36,1.0,False,2,炸板,True,2025-11,2025,,,,,,二接三阳
002388.SZSE,新亚制程,2024-09-05,三接四,3,阳,2024-09-02,3.77,-8.8,37.0,+++,21.8,10.0,2,2,09-02,实体,2.9,0.3,5.9,09-03,一字,9.9,0.0,1.3,实体+3→一字+10→一字+10,5.64,9.16,16.9,2.24,39,31,True,2.48,6.56,False,6.56,1.0,False,4,封次日正,False,2024-09,2024,09-04,一字,10.1,0.0,1.0,三接四阳
002388.SZSE,新亚制程,2026-07-28,二接三,2,阳,2026-07-24,6.74,-43.3,12.8,---,-26.5,42.0,2,2,07-24,下影,2.3,3.3,10.6,07-27,下影,2.8,3.4,13.3,下影+2→下影+3,5.28,5.0,21.6,1.73,57,101,True,-4.55,-6.44,False,-6.44,1.0,False,3,封次日负,True,2026-07,2026,,,,,,二接三阳
002393.SZSE,力生制药,2025-07-17,二接三,2,阳,2025-07-15,1.7,-15.6,25.1,+--,-12.1,,0,0,07-15,下影,5.4,1.5,5.0,07-16,下影,3.0,0.8,13.7,下影+5→下影+3,26.27,6.78,13.8,1.88,49,49,True,0.23,4.68,False,4.68,1.0,False,3,封次日正,False,2025-07,2025,,,,,,二接三阳
002394.SZSE,联发股份,2025-07-17,二接三,2,阳,2025-07-15,3.64,-1.1,24.9,++-,9.8,,0,0,07-15,下影,2.2,1.0,6.2,07-16,下影,6.4,4.0,23.3,下影+2→下影+6,11.74,0.0,18.3,1.72,49,49,True,3.75,-6.05,False,-6.05,1.0,False,3,封次日负,True,2025-07,2025,,,,,,二接三阳
002395.SZSE,双象股份,2023-06-02,二接三,2,阳,2023-05-31,8.23,-1.6,49.8,+++,43.0,,0,0,05-31,下影,-4.5,2.5,13.3,06-01,一字,10.0,0.0,1.2,下影-5→一字+10,16.1,9.97,23.9,1.8,45,34,False,-14.84,-4.16,True,-13.73,2.0,False,4,炸板,True,2023-06,2023,,,,,,二接三阳
002395.SZSE,双象股份,2023-12-27,二接三,2,阴,2023-12-25,-2.85,-8.5,33.5,-++,15.8,139.0,0,0,12-25,下影,-0.4,1.6,11.3,12-26,下影,0.1,3.2,18.4,下影-0→下影+0,18.13,3.09,13.8,0.99,26,35,True,3.42,9.98,True,11.09,2.0,False,4,连板,False,2023-12,2023,,,,,,二接三阴
002395.SZSE,双象股份,2023-12-28,三接四,3,阴,2023-12-25,-2.85,-8.5,33.5,-++,15.8,139.0,0,0,12-25,下影,-0.4,1.6,11.3,12-26,下影,0.1,3.2,18.4,下影-0→下影+0→实体+3,19.94,3.42,16.4,1.11,49,26,True,6.22,1.0,False,1.0,1.0,False,4,封次日正,False,2023-12,2023,12-27,实体,3.1,0.0,13.8,三接四阴
002396.SZSE,星网锐捷,2026-08-31,二接三,2,阴,2026-08-27,-1.69,-18.0,79.6,-+-,15.2,38.0,2,2,08-27,下影,2.3,2.3,13.5,08-28,下影,1.3,1.2,15.2,下影+2→下影+1,40.36,-2.15,18.6,1.4,78,77,True,-0.5,-1.51,False,-1.51,1.0,False,3,封次日负,True,2026-08,2026,,,,,,二接三阴
002397.SZSE,梦洁股份,2025-01-03,二接三,2,阴,2024-12-31,-0.37,-21.7,22.5,--+,-17.1,,0,0,12-31,下影,1.5,0.7,4.1,01-02,一字,9.9,0.0,1.8,下影+1→一字+10,3.55,9.91,11.5,2.44,41,51,True,-3.1,5.92,False,5.92,1.0,False,3,封次日正,False,2025-01,2025,,,,,,二接三阴
002397.SZSE,梦洁股份,2025-01-06,三接四,3,阴,2024-12-31,-0.37,-21.7,22.5,--+,-17.1,,0,0,12-31,下影,1.5,0.7,4.1,01-02,一字,9.9,0.0,1.8,下影+1→一字+10→下影+10,3.91,-3.1,33.6,3.11,52,41,False,-4.35,5.88,True,2.81,2.0,False,5,炸板,False,2025-01,2025,01-03,下影,9.9,2.8,11.5,三接四阴
002398.SZSE,垒知集团,2025-01-27,二接三,2,阴,2025-01-23,-1.18,-24.8,6.6,+--,-7.3,,0,0,01-23,实体,1.0,0.2,6.1,01-24,一字,10.0,0.0,4.4,实体+1→一字+10,5.57,10.08,25.4,3.31,35,53,True,-1.97,0.54,False,0.54,1.0,False,3,封次日正,False,2025-01,2025,,,,,,二接三阴
002400.SZSE,省广集团,2023-07-17,二接三,2,阴,2023-07-13,-2.1,-25.6,1.3,---,-10.4,,0,0,07-13,实体,0.6,0.2,3.8,07-14,一字,9.9,0.0,2.2,实体+1→一字+10,6.2,6.38,23.1,3.64,22,29,False,-7.42,-11.45,False,-11.45,1.0,False,2,炸板,True,2023-07,2023,,,,,,二接三阴
002400.SZSE,省广集团,2024-12-13,二接三,2,阳,2024-12-11,5.75,-5.3,102.9,+++,29.6,7.0,2,2,12-11,实体,-3.2,0.1,24.7,12-12,下影,10.0,4.0,42.3,实体-3→下影+10,12.23,-1.53,32.4,1.11,84,119,True,-1.96,-5.15,False,-5.15,1.0,False,3,封次日负,True,2024-12,2024,,,,,,二接三阳
002400.SZSE,省广集团,2026-01-13,二接三,2,阳,2026-01-09,1.73,-8.0,21.7,++-,8.3,260.0,0,0,01-09,下影,0.0,0.6,25.2,01-12,下影,5.2,2.1,17.2,下影+0→下影+5,12.55,9.99,21.3,1.15,52,124,True,-0.4,10.04,True,1.99,2.0,False,4,连板,False,2026-01,2026,,,,,,二接三阳
002400.SZSE,省广集团,2026-01-14,三接四,3,阳,2026-01-09,1.73,-8.0,21.7,++-,8.3,260.0,0,0,01-09,下影,0.0,0.6,25.2,01-12,下影,5.2,2.1,17.2,下影+0→下影+5→下影+10,13.81,-0.4,24.5,1.2,79,52,True,0.29,-7.31,False,-7.31,1.0,False,4,封次日负,True,2026-01,2026,01-13,下影,10.0,4.8,21.3,三接四阳
002401.SZSE,中远海科,2025-07-15,二接三,2,阳,2025-07-11,-0.31,-6.4,17.3,-++,10.9,529.0,0,0,07-11,下影,7.7,3.5,11.6,07-14,一字,10.0,0.0,1.8,下影+8→一字+10,21.64,0.0,32.2,3.18,38,55,False,-9.98,-12.99,False,-12.99,1.0,False,2,炸板,True,2025-07,2025,,,,,,二接三阳
002402.SZSE,和而泰,2024-11-14,三接四,3,阳,2024-11-11,1.9,-2.1,48.3,+++,20.6,179.0,0,0,11-11,一字,10.0,0.0,1.2,11-12,一字,10.0,0.0,1.0,一字+10→一字+10→一字+10,18.79,10.01,50.4,4.24,27,50,True,-8.41,3.25,False,3.25,1.0,False,4,封次日正,False,2024-11,2024,11-13,一字,10.0,0.0,1.6,三接四阳
002402.SZSE,和而泰,2025-09-24,二接三,2,阴,2025-09-22,3.78,-4.0,112.3,+++,26.2,20.0,2,2,09-22,一字,10.0,0.0,1.0,09-23,一字,10.0,0.0,0.4,一字+10→一字+10,60.71,10.0,32.5,2.32,64,42,False,-7.74,-13.36,False,-13.36,1.0,False,2,炸板,True,2025-09,2025,,,,,,二接三阴
002403.SZSE,爱仕达,2024-01-09,二接三,2,阴,2024-01-05,2.32,-4.6,16.2,+--,2.4,,0,0,01-05,下影,-0.8,0.3,4.5,01-08,下影,2.2,6.2,14.5,下影-1→下影+2,11.75,10.02,4.6,0.76,40,29,True,10.04,10.04,True,-0.94,2.0,False,4,连板,False,2024-01,2024,,,,,,二接三阴
002403.SZSE,爱仕达,2024-02-27,三接四,3,阳,2024-02-22,3.16,-54.3,25.2,---,-38.6,25.0,4,4,02-22,实体,-1.0,0.0,5.7,02-23,下影,-0.4,0.7,4.1,实体-1→下影-0→一字+10,9.09,10.05,10.8,2.1,69,72,True,-3.19,-9.68,False,-9.68,1.0,False,4,封次日负,True,2024-02,2024,02-26,一字,10.0,0.0,0.6,三接四阳
002403.SZSE,爱仕达,2024-08-22,二接三,2,阳,2024-08-20,0.95,-15.9,9.8,-++,3.6,116.0,0,4,08-20,下影,-0.9,1.9,4.0,08-21,下影,1.7,1.7,13.0,下影-1→下影+2,8.49,4.92,21.4,2.61,20,28,True,-5.77,-10.01,False,-10.01,1.0,False,3,封次日负,True,2024-08,2024,,,,,,二接三阳
002403.SZSE,爱仕达,2024-11-07,三接四,3,阴,2024-11-04,-3.79,-9.5,29.6,+++,7.2,45.0,3,3,11-04,实体,0.0,0.0,1.6,11-05,一字,10.0,0.0,1.0,实体+0→一字+10→一字+10,11.54,10.01,22.9,3.65,157,104,False,-7.54,-11.35,False,-11.35,1.0,False,3,炸板,True,2024-11,2024,11-06,一字,10.0,0.0,1.5,三接四阴
002403.SZSE,爱仕达,2024-11-21,二接三,2,阳,2024-11-19,3.66,-9.3,70.0,-++,40.9,9.0,3,3,11-19,实体,-9.2,0.0,21.6,11-20,实体,3.3,0.2,8.1,实体-9→实体+3,13.94,10.02,26.4,1.49,88,119,True,-4.02,9.97,True,8.82,3.0,False,5,连板,False,2024-11,2024,,,,,,二接三阳
002403.SZSE,爱仕达,2024-11-22,三接四,3,阳,2024-11-19,3.66,-9.3,70.0,-++,40.9,9.0,3,3,11-19,实体,-9.2,0.0,21.6,11-20,实体,3.3,0.2,8.1,实体-9→实体+3→下影+10,15.33,-4.02,15.0,0.82,60,88,True,7.63,9.98,True,-1.04,2.0,False,5,连板,False,2024-11,2024,11-21,下影,10.0,13.6,26.4,三接四阳
002403.SZSE,爱仕达,2024-12-03,二接三,2,阴,2024-11-29,-8.64,-26.0,102.4,+++,52.3,4.0,5,5,11-29,下影,-3.9,1.4,22.4,12-02,实体,0.6,0.0,14.4,下影-4→实体+1,16.6,2.65,13.6,0.91,92,132,False,-3.61,-4.52,False,-4.52,1.0,False,2,炸板,True,2024-12,2024,,,,,,二接三阴
002403.SZSE,爱仕达,2024-12-10,二接三,2,阴,2024-12-06,-9.97,-20.7,127.6,+++,32.1,4.0,5,5,12-06,下影,-3.7,2.9,19.1,12-09,下影,1.6,1.6,26.9,下影-4→下影+2,19.0,10.02,4.9,0.24,82,83,True,0.74,10.0,True,12.0,2.0,False,4,连板,False,2024-12,2024,,,,,,二接三阴
002403.SZSE,爱仕达,2024-12-11,三接四,3,阴,2024-12-06,-9.97,-20.7,127.6,+++,32.1,4.0,5,5,12-06,下影,-3.7,2.9,19.1,12-09,下影,1.6,1.6,26.9,下影-4→下影+2→实体+10,20.9,0.74,12.7,0.75,119,82,True,0.0,1.82,False,1.82,1.0,False,4,封次日正,False,2024-12,2024,12-10,实体,10.0,0.2,4.9,三接四阴
002406.SZSE,远东传动,2023-09-27,二接三,2,阴,2023-09-25,-2.6,-9.0,22.3,+++,21.6,,0,0,09-25,实体,0.0,0.0,14.9,09-26,下影,3.0,4.0,19.7,实体+0→下影+3,8.47,4.94,28.5,1.35,25,24,True,-5.55,-10.04,False,-10.04,1.0,False,3,封次日负,True,2023-09,2023,,,,,,二接三阴
002406.SZSE,远东传动,2025-03-21,二接三,2,阳,2025-03-19,5.01,-4.8,42.8,+++,18.2,352.0,0,0,03-19,下影,0.0,2.7,29.7,03-20,实体,5.7,0.1,7.4,下影+0→实体+6,10.88,10.01,56.7,2.23,39,55,True,-4.41,-10.02,False,-10.02,1.0,False,3,封次日负,True,2025-03,2025,,,,,,二接三阳
002407.SZSE,多氟多,2026-07-01,二接三,2,阴,2026-06-29,-5.21,-9.7,56.3,++-,18.2,191.0,0,0,06-29,一字,10.0,0.0,3.5,06-30,下影,9.0,2.6,17.5,一字+10→下影+9,55.25,9.1,6.6,0.53,130,114,True,1.38,-0.78,False,-0.78,1.0,False,3,封次日负,True,2026-07,2026,,,,,,二接三阴
002408.SZSE,齐翔腾达,2024-02-08,二接三,2,阴,2024-02-06,-6.44,-33.8,3.4,---,-22.5,,0,0,02-06,下影,0.0,0.8,1.0,02-07,实体,0.5,0.0,1.2,下影+0→实体+0,5.21,2.53,1.0,0.95,430,92,True,2.3,-5.18,False,-5.18,1.0,False,3,封次日负,True,2024-02,2024,,,,,,二接三阴
002410.SZSE,广联达,2024-09-30,二接三,2,阳,2024-09-26,1.0,-8.5,21.6,+--,5.7,,0,0,09-26,实体,-0.5,0.0,4.1,09-27,实体,4.5,0.0,4.3,实体-0→实体+4,13.52,10.01,4.8,1.28,626,107,True,9.99,9.99,True,10.95,2.0,False,4,连板,False,2024-09,2024,,,,,,二接三阳
002410.SZSE,广联达,2024-10-08,三接四,3,阳,2024-09-26,1.0,-8.5,21.6,+--,5.7,,0,0,09-26,实体,-0.5,0.0,4.1,09-27,实体,4.5,0.0,4.3,实体-0→实体+4→下影+10,14.87,9.99,6.5,1.44,352,626,True,-1.01,0.87,False,0.87,1.0,False,4,封次日正,False,2024-10,2024,09-30,下影,10.0,2.8,4.8,三接四阳
002412.SZSE,汉森制药,2026-07-24,二接三,2,阴,2026-07-22,-3.02,-18.0,14.7,++-,1.2,,0,0,07-22,下影,-0.2,0.3,7.7,07-23,下影,0.4,0.7,6.7,下影-0→下影+0,8.12,10.03,23.2,2.4,36,104,False,-14.53,-10.1,False,-10.1,1.0,False,2,炸板,True,2026-07,2026,,,,,,二接三阴
002412.SZSE,汉森制药,2026-08-24,三接四,3,阳,2026-08-19,1.86,-5.8,43.8,+++,25.4,19.0,2,2,08-19,下影,-1.6,0.5,6.4,08-20,一字,10.0,0.0,0.9,下影-2→一字+10→一字+10,11.21,6.97,7.3,1.35,41,47,True,6.33,9.99,True,16.77,2.0,False,5,连板,False,2026-08,2026,08-21,一字,10.0,0.0,4.5,三接四阳
002413.SZSE,雷科防务,2025-11-26,二接三,2,阴,2025-11-24,-1.7,-9.1,12.6,+++,3.8,,0,0,11-24,下影,0.7,0.7,9.4,11-25,下影,10.0,0.9,12.4,下影+1→下影+10,7.71,9.99,30.8,2.32,54,64,True,-1.56,-9.73,False,-9.73,1.0,False,3,封次日负,True,2025-11,2025,,,,,,二接三阴
002413.SZSE,雷科防务,2025-12-02,二接三,2,阴,2025-11-28,-9.73,-12.8,35.4,+++,26.3,2.0,3,3,11-28,下影,0.6,2.0,21.4,12-01,一字,10.1,0.0,3.8,下影+1→一字+10,9.27,3.08,49.2,1.65,41,54,True,0.11,-5.5,False,-5.5,1.0,False,3,封次日负,True,2025-12,2025,,,,,,二接三阴
002413.SZSE,雷科防务,2025-12-31,二接三,2,阴,2025-12-29,0.21,-11.9,83.1,-++,23.1,19.0,3,3,12-29,下影,0.4,0.8,34.5,12-30,下影,10.0,1.7,16.5,下影+0→下影+10,12.55,5.26,13.4,0.56,49,48,True,10.04,10.04,True,40.96,4.0,False,6,连板,False,2025-12,2025,,,,,,二接三阴
002414.SZSE,高德红外,2024-03-12,二接三,2,阴,2024-03-08,-2.05,-18.1,33.3,++-,15.0,,0,0,03-08,下影,3.9,1.8,1.9,03-11,一字,10.0,0.0,0.6,下影+4→一字+10,8.25,10.0,6.2,3.09,57,69,True,-0.24,-2.91,False,-2.91,1.0,False,3,封次日负,True,2024-03,2024,,,,,,二接三阴
002416.SZSE,爱施德,2024-10-31,二接三,2,阳,2024-10-29,5.78,-10.1,31.0,+++,18.2,,0,0,10-29,实体,2.9,0.0,10.2,10-30,一字,10.0,0.0,0.9,实体+3→一字+10,14.62,10.01,17.1,2.4,141,118,True,7.93,9.99,True,31.81,5.0,False,7,连板,False,2024-10,2024,,,,,,二接三阳
002416.SZSE,爱施德,2024-11-01,三接四,3,阳,2024-10-29,5.78,-10.1,31.0,+++,18.2,,0,0,10-29,实体,2.9,0.0,10.2,10-30,一字,10.0,0.0,0.9,实体+3→一字+10→下影+10,16.08,7.93,19.1,1.86,74,141,True,10.01,10.01,True,19.84,4.0,False,7,连板,False,2024-11,2024,10-31,下影,10.0,10.7,17.1,三接四阳
002418.SZSE,康盛股份,2024-03-04,二接三,2,阴,2024-02-29,-5.04,-28.0,41.2,+--,-9.2,,0,0,02-29,下影,-0.4,0.9,4.8,03-01,下影,10.0,2.8,7.6,下影-0→下影+10,3.01,9.85,13.4,2.12,61,56,True,0.0,-9.97,False,-9.97,1.0,False,3,封次日负,True,2024-03,2024,,,,,,二接三阴
002418.SZSE,康盛股份,2025-01-08,二接三,2,阴,2025-01-06,-5.6,-20.9,16.6,--+,-13.9,95.0,0,2,01-06,下影,1.6,2.0,5.7,01-07,下影,2.9,1.1,12.0,下影+2→下影+3,3.37,10.13,26.1,1.81,53,77,True,10.09,10.09,True,0.89,2.0,False,4,连板,False,2025-01,2025,,,,,,二接三阴
002418.SZSE,康盛股份,2026-08-27,二接三,2,阳,2026-08-25,-0.27,-28.3,28.7,-++,8.2,87.0,0,2,08-25,下影,-1.4,0.5,8.3,08-26,下影,10.1,1.0,10.4,下影-1→下影+10,4.91,1.79,22.5,2.23,66,48,True,3.87,-0.2,False,-0.2,1.0,False,3,封次日负,True,2026-08,2026,,,,,,二接三阳
002418.SZSE,康盛股份,2026-08-28,三接四,3,阳,2026-08-25,-0.27,-28.3,28.7,-++,8.2,87.0,0,2,08-25,下影,-1.4,0.5,8.3,08-26,下影,10.1,1.0,10.4,下影-1→下影+10→实体+2,5.4,3.87,42.9,2.43,77,66,False,-15.0,-0.19,True,5.19,2.0,False,5,炸板,True,2026-08,2026,08-27,实体,1.8,0.0,22.5,三接四阳
002421.SZSE,达实智能,2026-05-20,三接四,3,阴,2026-05-15,-3.63,-5.2,20.2,+++,7.4,,0,0,05-15,下影,0.7,1.4,11.4,05-18,下影,0.0,1.9,17.0,下影+1→下影+0→一字+10,4.27,10.05,26.1,2.15,51,75,True,2.58,-7.26,False,-7.26,1.0,False,4,封次日负,True,2026-05,2026,05-19,一字,9.9,0.0,3.1,三接四阴
002423.SZSE,中粮资本,2024-01-26,二接三,2,阳,2024-01-24,2.09,-12.7,5.7,---,-1.6,179.0,0,0,01-24,下影,0.2,1.1,1.6,01-25,下影,10.0,3.4,3.6,下影+0→下影+10,8.46,10.01,3.0,1.47,49,90,True,0.47,-6.15,False,-6.15,1.0,False,3,封次日负,True,2024-01,2024,,,,,,二接三阳
002423.SZSE,中粮资本,2024-09-26,二接三,2,阴,2024-09-24,-0.4,-9.9,4.5,+--,-4.4,158.0,0,0,09-24,下影,1.6,0.5,1.2,09-25,一字,10.0,0.0,0.5,下影+2→一字+10,9.82,9.97,10.0,3.87,125,43,True,9.67,9.98,True,65.78,6.0,False,8,连板,False,2024-09,2024,,,,,,二接三阴
002423.SZSE,中粮资本,2024-09-27,三接四,3,阴,2024-09-24,-0.4,-9.9,4.5,+--,-4.4,158.0,0,0,09-24,下影,1.6,0.5,1.2,09-25,一字,10.0,0.0,0.5,下影+2→一字+10→下影+10,10.8,9.67,4.1,1.25,107,125,True,10.0,10.0,True,50.74,5.0,False,8,连板,False,2024-09,2024,09-26,下影,10.0,1.1,10.0,三接四阴
002423.SZSE,中粮资本,2024-10-31,二接三,2,阳,2024-10-29,8.01,-13.7,140.8,-++,130.4,13.0,8,8,10-29,下影,2.9,2.7,9.5,10-30,下影,1.7,5.3,17.3,下影+3→下影+2,22.63,3.16,12.2,1.14,141,118,False,-5.08,-14.49,False,-14.49,1.0,False,2,炸板,True,2024-10,2024,,,,,,二接三阳
002425.SZSE,凯撒文化,2026-08-06,二接三,2,阳,2026-08-04,1.42,-22.5,19.2,+--,5.9,473.0,0,0,08-04,实体,1.4,0.0,4.9,08-05,一字,10.2,0.0,1.6,实体+1→一字+10,3.82,10.09,12.0,1.95,69,93,True,0.0,-8.9,False,-8.9,1.0,False,3,封次日负,True,2026-08,2026,,,,,,二接三阳
002426.SZSE,胜利精密,2024-09-02,二接三,2,阴,2024-08-29,-1.23,-10.6,11.0,-++,0.0,,0,0,08-29,下影,0.6,0.6,5.3,08-30,下影,3.4,1.1,8.7,下影+1→下影+3,2.15,7.69,15.5,2.41,24,47,False,-16.28,-14.42,False,-14.42,1.0,False,2,炸板,True,2024-09,2024,,,,,,二接三阴
002426.SZSE,胜利精密,2024-11-08,二接三,2,阳,2024-11-06,3.57,-3.3,51.6,+++,2.2,41.0,2,2,11-06,下影,0.4,0.4,5.5,11-07,下影,5.9,3.1,7.4,下影+0→下影+6,3.09,9.96,24.6,2.67,95,157,False,-10.68,-5.5,False,-5.5,1.0,False,2,炸板,True,2024-11,2024,,,,,,二接三阳
002426.SZSE,胜利精密,2024-12-12,二接三,2,阴,2024-12-10,0.91,-8.2,104.9,+++,14.4,23.0,2,2,12-10,下影,1.2,2.1,16.8,12-11,下影,1.4,1.4,13.2,下影+1→下影+1,4.44,9.9,41.0,2.01,119,119,False,-8.33,-12.61,False,-12.61,1.0,False,2,炸板,True,2024-12,2024,,,,,,二接三阴
002427.SZSE,尤夫股份,2025-03-25,二接三,2,阳,2025-03-21,0.77,-14.3,29.2,+-+,0.5,,0,0,03-21,实体,5.3,0.0,1.6,03-24,下影,4.4,8.3,4.3,实体+5→下影+4,5.24,10.08,13.3,3.04,41,38,True,9.92,9.92,True,8.97,3.0,False,5,连板,False,2025-03,2025,,,,,,二接三阳
002427.SZSE,尤夫股份,2025-04-21,二接三,2,阳,2025-04-17,4.83,-21.2,66.6,+++,37.5,14.0,5,5,04-17,下影,-2.4,2.2,11.3,04-18,下影,1.7,1.2,12.0,下影-2→下影+2,7.23,1.83,7.9,0.78,86,50,True,3.46,-1.38,False,-1.38,1.0,False,3,封次日负,True,2025-04,2025,,,,,,二接三阳
002427.SZSE,尤夫股份,2025-04-22,三接四,3,阳,2025-04-17,4.83,-21.2,66.6,+++,37.5,14.0,5,5,04-17,下影,-2.4,2.2,11.3,04-18,下影,1.7,1.2,12.0,下影-2→下影+2→实体+2,7.95,3.46,19.0,1.58,68,86,False,-15.09,-1.38,True,-2.39,3.0,False,6,炸板,True,2025-04,2025,04-21,实体,1.8,0.0,7.9,三接四阳
002427.SZSE,尤夫股份,2025-05-15,二接三,2,阴,2025-05-13,1.26,-28.7,88.0,-++,27.5,10.0,5,5,05-13,下影,1.1,2.6,10.4,05-14,下影,4.2,1.4,10.3,下影+1→下影+4,8.59,3.71,20.8,1.8,40,51,True,-4.42,-0.23,False,-0.23,1.0,False,3,封次日负,True,2025-05,2025,,,,,,二接三阴
002428.SZSE,云南锗业,2023-07-06,二接三,2,阴,2023-07-04,-2.14,-12.8,21.4,-++,14.8,,0,0,07-04,一字,10.0,0.0,1.4,07-05,下影,10.0,2.3,5.8,一字+10→下影+10,15.84,10.0,28.7,3.52,28,19,True,3.28,6.44,False,6.44,1.0,False,3,封次日正,False,2023-07,2023,,,,,,二接三阴
002428.SZSE,云南锗业,2024-11-04,二接三,2,阳,2024-10-31,4.76,-2.8,64.5,+++,52.6,319.0,0,0,10-31,下影,-0.6,0.4,15.1,11-01,下影,0.0,1.7,14.5,下影-1→下影+0,23.42,10.0,26.8,1.67,122,74,True,-0.34,9.99,True,14.9,2.0,False,4,连板,False,2024-11,2024,,,,,,二接三阳
002428.SZSE,云南锗业,2024-11-05,三接四,3,阳,2024-10-31,4.76,-2.8,64.5,+++,52.6,319.0,0,0,10-31,下影,-0.6,0.4,15.1,11-01,下影,0.0,1.7,14.5,下影-1→下影+0→下影+10,25.76,-0.34,12.8,0.79,139,122,True,7.92,4.46,False,4.46,1.0,False,4,封次日正,False,2024-11,2024,11-04,下影,10.0,10.0,26.8,三接四阳
002428.SZSE,云南锗业,2026-02-27,二接三,2,阴,2026-02-25,4.71,-14.5,52.6,+--,-0.4,121.0,0,0,02-25,下影,9.9,2.8,5.6,02-26,下影,10.0,3.4,6.1,下影+10→下影+10,48.83,0.61,25.7,2.57,69,52,False,-1.17,-6.45,False,-6.45,1.0,False,2,炸板,True,2026-02,2026,,,,,,二接三阴
002428.SZSE,云南锗业,2026-08-06,二接三,2,阳,2026-08-04,2.09,-48.6,12.4,---,-35.1,72.0,0,2,08-04,实体,3.9,0.3,6.0,08-05,下影,10.0,1.1,4.8,实体+4→下影+10,90.98,7.6,12.0,1.39,69,93,True,6.62,10.0,True,12.75,2.0,False,4,连板,False,2026-08,2026,,,,,,二接三阳
002428.SZSE,云南锗业,2026-08-07,三接四,3,阳,2026-08-04,2.09,-48.6,12.4,---,-35.1,72.0,0,2,08-04,实体,3.9,0.3,6.0,08-05,下影,10.0,1.1,4.8,实体+4→下影+10→下影+8,100.08,6.62,18.3,1.74,59,69,True,4.52,2.5,False,2.5,1.0,False,4,封次日正,False,2026-08,2026,08-06,下影,7.6,1.2,12.0,三接四阳
002430.SZSE,杭氧股份,2024-10-08,二接三,2,阳,2024-09-27,8.5,-8.2,18.3,+-+,11.8,,0,0,09-27,实体,3.0,0.1,2.4,09-30,实体,4.1,0.2,2.5,实体+3→实体+4,25.99,9.99,3.9,1.73,352,626,False,-10.66,-17.16,False,-17.16,1.0,False,2,炸板,True,2024-10,2024,,,,,,二接三阳
002432.SZSE,九安医疗,2026-07-16,二接三,2,阴,2026-07-14,-5.85,-41.7,0.6,---,-9.1,35.0,2,2,07-14,下影,0.9,0.5,5.2,07-15,一字,10.0,0.0,0.7,下影+1→一字+10,73.69,4.99,14.1,2.65,37,65,False,7.48,7.48,True,-1.61,2.0,False,4,炸板,False,2026-07,2026,,,,,,二接三阴
002437.SZSE,誉衡药业,2026-08-11,二接三,2,阴,2026-08-07,-2.74,-13.7,19.8,+-+,-4.1,672.0,0,0,08-07,下影,-0.4,0.4,10.9,08-10,下影,5.4,1.0,22.0,下影-0→下影+5,3.77,-2.04,28.1,2.08,53,93,False,-5.84,2.39,True,20.16,3.0,False,5,炸板,False,2026-08,2026,,,,,,二接三阴
002437.SZSE,誉衡药业,2026-08-14,二接三,2,阳,2026-08-12,2.33,-6.9,48.1,++-,15.5,2.0,2,2,08-12,下影,1.1,1.1,25.6,08-13,下影,-3.4,1.0,22.9,下影+1→下影-3,4.68,4.24,44.3,1.55,51,50,False,-2.35,6.41,True,1.71,2.0,False,4,炸板,False,2026-08,2026,,,,,,二接三阳
002439.SZSE,启明星辰,2024-10-08,二接三,2,阳,2024-09-27,3.57,-15.4,16.6,++-,12.2,153.0,0,0,09-27,下影,1.8,0.5,5.8,09-30,下影,4.4,0.4,7.8,下影+2→下影+4,18.91,10.01,10.9,1.75,352,626,True,-2.17,-8.41,False,-8.41,1.0,False,3,封次日负,True,2024-10,2024,,,,,,二接三阳
002440.SZSE,闰土股份,2026-01-30,二接三,2,阳,2026-01-28,-0.81,-1.8,40.2,+++,27.0,,0,0,01-28,实体,4.4,0.0,7.3,01-29,下影,2.3,0.8,23.0,实体+4→下影+2,13.01,-2.62,22.7,1.59,41,74,False,-3.23,-7.38,False,-7.38,1.0,False,2,炸板,True,2026-01,2026,,,,,,二接三阳
002442.SZSE,龙星科技,2026-05-22,二接三,2,阳,2026-05-20,3.4,-12.1,12.4,-++,4.3,,0,0,05-20,下影,0.0,0.8,8.1,05-21,下影,1.8,1.5,28.0,下影+0→下影+2,8.11,1.63,19.1,1.5,99,32,True,5.92,-3.21,False,-3.21,1.0,False,3,封次日负,True,2026-05,2026,,,,,,二接三阳
002442.SZSE,龙星科技,2026-05-25,三接四,3,阳,2026-05-20,3.4,-12.1,12.4,-++,4.3,,0,0,05-20,下影,0.0,0.8,8.1,05-21,下影,1.8,1.5,28.0,下影+0→下影+2→下影+2,8.92,5.92,26.4,1.52,91,99,False,-10.76,-17.15,False,-17.15,1.0,False,3,炸板,True,2026-05,2026,05-22,下影,1.6,7.3,19.1,三接四阳
002445.SZSE,中南文化,2023-12-18,二接三,2,阴,2023-12-14,-1.59,-5.0,21.1,+++,9.3,,0,0,12-14,实体,0.0,0.0,7.9,12-15,一字,9.9,0.0,2.2,实体+0→一字+10,3.29,5.35,26.5,2.89,29,42,False,-17.33,-21.58,False,-21.58,1.0,False,2,炸板,True,2023-12,2023,,,,,,二接三阴
002449.SZSE,国星光电,2024-12-23,二接三,2,阳,2024-12-19,1.86,-9.1,37.4,+++,4.5,,0,0,12-19,实体,-1.7,0.2,9.7,12-20,下影,1.5,3.0,13.0,实体-2→下影+1,11.65,10.01,15.8,1.72,26,68,True,6.44,-5.24,False,-5.24,1.0,False,3,封次日负,True,2024-12,2024,,,,,,二接三阳
002449.SZSE,国星光电,2024-12-24,三接四,3,阳,2024-12-19,1.86,-9.1,37.4,+++,4.5,,0,0,12-19,实体,-1.7,0.2,9.7,12-20,下影,1.5,3.0,13.0,实体-2→下影+1→下影+10,12.82,6.44,36.9,2.35,62,26,False,-13.03,-5.3,True,-12.95,2.0,False,5,炸板,True,2024-12,2024,12-23,下影,10.0,3.0,15.8,三接四阳
002451.SZSE,摩恩电气,2023-08-15,二接三,2,阴,2023-08-11,-1.04,-15.5,6.9,-++,-3.3,,0,0,08-11,下影,4.3,0.9,6.4,08-14,一字,10.1,0.0,1.5,下影+4→一字+10,8.91,7.41,29.2,3.46,21,18,False,-13.92,-0.56,True,-3.37,2.0,False,4,炸板,True,2023-08,2023,,,,,,二接三阴
002451.SZSE,摩恩电气,2025-11-07,三接四,3,阳,2025-11-04,1.43,-4.6,9.6,+++,6.5,460.0,0,0,11-04,下影,0.0,0.6,8.5,11-05,一字,10.0,0.0,4.9,下影+0→一字+10→一字+10,10.37,9.97,16.0,2.43,45,56,True,2.6,10.03,True,31.82,5.0,False,8,连板,False,2025-11,2025,11-06,一字,10.0,0.0,1.5,三接四阳
002453.SZSE,华软科技,2024-09-23,二接三,2,阴,2024-09-19,-0.9,-27.7,2.2,-+-,-4.9,,0,0,09-19,下影,0.0,0.9,2.6,09-20,下影,3.6,1.9,8.9,下影+0→下影+4,4.38,-2.01,13.3,2.32,45,40,False,-5.25,5.25,True,6.39,2.0,False,4,炸板,False,2024-09,2024,,,,,,二接三阴
002453.SZSE,华软科技,2024-11-04,三接四,3,阴,2024-10-30,-2.37,-5.6,66.1,+++,16.1,23.0,2,2,10-30,下影,0.0,1.3,4.6,10-31,下影,8.8,1.9,3.6,下影+0→下影+9→一字+10,7.84,9.96,29.3,3.31,122,74,False,-5.74,-6.76,False,-6.76,1.0,False,3,炸板,True,2024-11,2024,11-01,一字,10.0,0.0,1.0,三接四阴
002453.SZSE,华软科技,2025-09-23,二接三,2,阴,2025-09-19,-3.04,-9.0,11.0,---,-6.3,160.0,0,0,09-19,下影,0.0,0.5,10.1,09-22,一字,10.1,0.0,1.8,下影+0→一字+10,8.06,9.96,20.6,2.01,42,54,True,10.05,10.05,True,8.93,3.0,False,5,连板,False,2025-09,2025,,,,,,二接三阴
002455.SZSE,百川股份,2024-04-15,二接三,2,阴,2024-04-11,-3.33,-22.4,57.6,+++,9.8,,0,0,04-11,实体,5.0,0.0,4.0,04-12,下影,6.3,8.8,12.3,实体+5→下影+6,7.72,5.13,20.5,2.16,22,47,False,-22.15,-16.19,False,-16.19,1.0,False,2,炸板,True,2024-04,2024,,,,,,二接三阴
002455.SZSE,百川股份,2026-01-30,二接三,2,阴,2026-01-28,-1.77,-16.9,10.8,+++,3.4,421.0,0,0,01-28,实体,4.2,0.1,12.2,01-29,下影,9.8,4.7,28.8,实体+4→下影+10,9.59,6.19,22.8,1.54,41,74,True,3.13,-2.29,False,-2.29,1.0,False,3,封次日负,True,2026-01,2026,,,,,,二接三阴
002455.SZSE,百川股份,2026-02-02,三接四,3,阴,2026-01-28,-1.77,-16.9,10.8,+++,3.4,421.0,0,0,01-28,实体,4.2,0.1,12.2,01-29,下影,9.8,4.7,28.8,实体+4→下影+10→下影+6,10.55,3.13,50.9,2.12,32,41,False,-7.3,-2.27,True,2.18,2.0,False,5,炸板,True,2026-02,2026,01-30,下影,6.2,2.8,22.8,三接四阴
002455.SZSE,百川股份,2026-02-11,三接四,3,阴,2026-02-06,-6.03,-8.6,55.6,+++,41.3,5.0,3,3,02-06,下影,-1.8,2.2,25.2,02-09,下影,10.0,2.2,5.3,下影-2→下影+10→一字+10,14.83,7.64,19.4,1.22,46,48,True,-5.53,-4.92,False,-4.92,1.0,False,4,封次日负,True,2026-02,2026,02-10,一字,10.0,0.0,1.8,三接四阴
002456.SZSE,欧菲光,2024-10-21,二接三,2,阳,2024-10-17,-1.92,-11.4,29.7,+++,13.7,244.0,0,0,10-17,下影,1.0,0.4,16.9,10-18,下影,5.0,0.7,20.3,下影+1→下影+5,12.91,7.24,10.8,0.86,89,77,True,7.98,3.72,False,3.72,1.0,False,3,封次日正,False,2024-10,2024,,,,,,二接三阳
002456.SZSE,欧菲光,2024-10-22,三接四,3,阳,2024-10-17,-1.92,-11.4,29.7,+++,13.7,244.0,0,0,10-17,下影,1.0,0.4,16.9,10-18,下影,5.0,0.7,20.3,下影+1→下影+5→下影+7,14.2,7.98,39.1,2.11,85,89,False,-9.72,-12.32,False,-12.32,1.0,False,3,炸板,True,2024-10,2024,10-21,下影,7.2,1.2,10.8,三接四阳
002456.SZSE,欧菲光,2024-10-31,二接三,2,阳,2024-10-29,0.76,-6.7,77.1,+++,60.6,6.0,3,3,10-29,下影,0.0,2.2,22.7,10-30,一字,10.0,0.0,1.5,下影+0→一字+10,17.64,9.98,21.8,1.24,141,118,True,0.0,-9.98,False,-9.98,1.0,False,3,封次日负,True,2024-10,2024,,,,,,二接三阳
002457.SZSE,青龙管业,2023-10-27,二接三,2,阳,2023-10-25,5.05,-9.5,12.8,++-,9.4,,0,0,10-25,一字,10.0,0.0,3.4,10-26,下影,10.0,2.2,25.0,一字+10→下影+10,11.63,-3.03,34.0,2.13,67,34,True,9.97,9.97,True,-1.03,2.0,False,4,连板,False,2023-10,2023,,,,,,二接三阳
002457.SZSE,青龙管业,2023-10-30,三接四,3,阳,2023-10-25,5.05,-9.5,12.8,++-,9.4,,0,0,10-25,一字,10.0,0.0,3.4,10-26,下影,10.0,2.2,25.0,一字+10→下影+10→下影-3,12.79,9.97,38.9,1.72,54,67,True,-7.04,-10.01,False,-10.01,1.0,False,4,封次日负,True,2023-10,2023,10-27,下影,-3.0,7.0,34.0,三接四阳
002457.SZSE,青龙管业,2024-10-10,二接三,2,阳,2024-10-08,9.4,-0.5,26.0,+--,12.1,226.0,0,0,10-08,下影,9.6,11.5,15.7,10-09,下影,4.9,1.1,14.8,下影+10→下影+5,12.69,7.45,38.1,2.09,51,29,False,-17.26,-7.57,False,-7.57,1.0,False,2,炸板,True,2024-10,2024,,,,,,二接三阳
002457.SZSE,青龙管业,2024-10-16,二接三,2,阳,2024-10-14,5.96,-7.6,51.2,+++,35.8,3.0,2,2,10-14,下影,0.0,2.8,28.3,10-15,下影,-0.1,2.9,26.3,下影+0→下影-0,15.61,1.62,16.3,0.6,67,33,True,9.55,-6.21,False,-6.21,1.0,False,3,封次日负,True,2024-10,2024,,,,,,二接三阳
002459.SZSE,晶澳科技,2024-10-08,二接三,2,阳,2024-09-27,6.87,-5.0,25.0,+++,19.9,,0,0,09-27,下影,1.6,0.8,4.3,09-30,下影,5.5,4.6,5.2,下影+2→下影+6,14.91,10.04,5.2,1.33,352,626,False,-4.43,-10.93,False,-10.93,1.0,False,2,炸板,True,2024-10,2024,,,,,,二接三阳
002459.SZSE,晶澳科技,2024-10-23,二接三,2,阳,2024-10-21,2.47,-8.0,53.0,+++,35.9,10.0,2,2,10-21,实体,3.7,0.0,2.4,10-22,下影,1.1,4.2,6.6,实体+4→下影+1,18.25,1.02,10.1,2.11,76,85,False,-6.47,-10.85,False,-10.85,1.0,False,2,炸板,True,2024-10,2024,,,,,,二接三阳
002462.SZSE,嘉事堂,2026-01-07,二接三,2,阴,2026-01-05,-2.05,-14.0,8.1,--+,-7.2,164.0,0,0,01-05,实体,1.0,0.0,7.7,01-06,实体,9.9,0.0,4.1,实体+1→实体+10,19.12,10.01,7.2,1.62,63,96,True,2.98,-9.99,False,-9.99,1.0,False,3,封次日负,True,2026-01,2026,,,,,,二接三阴
002465.SZSE,海格通信,2026-01-07,二接三,2,阳,2026-01-05,4.17,-1.4,40.2,+++,30.3,,0,0,01-05,下影,4.8,3.4,14.4,01-06,下影,5.7,3.3,16.7,下影+5→下影+6,20.97,4.83,24.7,1.53,63,96,False,-7.96,-3.15,False,-3.15,1.0,False,2,炸板,True,2026-01,2026,,,,,,二接三阳
002465.SZSE,海格通信,2026-01-14,二接三,2,阴,2026-01-12,-1.53,-8.9,78.1,+++,52.6,4.0,2,2,01-12,下影,4.7,1.6,14.9,01-13,下影,10.0,7.7,12.7,下影+5→下影+10,26.62,10.0,25.9,1.35,79,52,True,-9.99,-9.99,False,-9.99,1.0,False,3,封次日负,True,2026-01,2026,,,,,,二接三阴
002466.SZSE,天齐锂业,2024-10-08,二接三,2,阳,2024-09-27,3.56,-4.0,19.0,++-,13.9,,0,0,09-27,实体,3.1,0.2,4.6,09-30,下影,8.7,4.1,7.7,实体+3→下影+9,38.72,10.0,8.6,1.36,352,626,True,-1.86,-8.57,False,-8.57,1.0,False,3,封次日负,True,2024-10,2024,,,,,,二接三阳
002467.SZSE,二六三,2024-11-22,二接三,2,阳,2024-11-20,-2.15,-10.8,47.6,+++,14.0,180.0,0,0,11-20,下影,-1.3,0.4,9.9,11-21,下影,10.0,6.2,22.3,下影-1→下影+10,6.07,4.17,11.8,0.83,60,88,True,10.05,10.05,True,33.94,5.0,False,7,连板,False,2024-11,2024,,,,,,二接三阳
002469.SZSE,三维化学,2024-11-15,二接三,2,阳,2024-11-13,2.04,-3.2,31.0,+++,13.2,,0,0,11-13,下影,0.2,0.3,10.9,11-14,下影,3.0,1.5,24.8,下影+0→下影+3,7.99,2.07,15.6,1.33,53,27,True,10.01,10.01,True,14.27,2.0,False,4,连板,False,2024-11,2024,,,,,,二接三阳
002469.SZSE,三维化学,2024-11-22,二接三,2,阴,2024-11-20,3.87,-5.4,99.3,+++,68.5,2.0,4,4,11-20,一字,10.0,0.0,5.6,11-21,一字,10.0,0.0,1.4,一字+10→一字+10,12.14,9.96,23.6,1.73,60,88,False,7.83,7.83,True,-2.97,2.0,False,4,炸板,False,2024-11,2024,,,,,,二接三阴
002470.SZSE,金正大,2026-02-27,三接四,3,阴,2026-02-24,-3.64,-6.6,24.0,+++,21.8,,0,0,02-24,下影,4.2,0.9,9.7,02-25,下影,5.2,0.4,3.0,下影+4→下影+5→一字+10,3.1,4.96,33.0,3.16,69,52,True,8.06,-6.13,False,-6.13,1.0,False,4,封次日负,True,2026-02,2026,02-26,一字,10.2,0.0,0.9,三接四阴
002471.SZSE,中超控股,2025-05-08,三接四,3,阳,2025-04-30,-0.74,-23.9,10.2,--+,-0.7,18.0,2,2,04-30,下影,4.8,0.4,3.3,05-06,一字,10.1,0.0,1.3,下影+5→一字+10→一字+10,3.96,8.61,15.9,3.01,51,50,True,6.06,-4.8,False,-4.8,1.0,False,4,封次日负,True,2025-05,2025,05-07,一字,10.1,0.0,2.8,三接四阳
002471.SZSE,中超控股,2025-05-26,二接三,2,阴,2025-05-22,-5.58,-14.9,50.8,-++,30.1,3.0,4,4,05-22,实体,1.5,0.0,13.4,05-23,下影,8.6,3.0,17.7,实体+2→下影+9,5.18,5.94,41.8,1.63,46,34,True,3.47,10.04,True,6.37,2.0,False,4,连板,False,2025-05,2025,,,,,,二接三阴
002471.SZSE,中超控股,2025-05-27,三接四,3,阴,2025-05-22,-5.58,-14.9,50.8,-++,30.1,3.0,4,4,05-22,实体,1.5,0.0,13.4,05-23,下影,8.6,3.0,17.7,实体+2→下影+9→下影+6,5.7,3.47,30.0,1.22,51,46,True,0.88,-3.33,False,-3.33,1.0,False,4,封次日负,True,2025-05,2025,05-26,下影,5.9,1.7,41.8,三接四阴
002471.SZSE,中超控股,2025-12-16,三接四,3,阴,2025-12-11,2.09,-22.0,8.4,+--,-2.4,135.0,0,0,12-11,实体,0.2,0.2,9.7,12-12,下影,5.0,1.4,14.4,实体+0→下影+5→一字+10,6.42,-0.17,50.3,2.95,38,53,False,-8.72,-13.55,False,-13.55,1.0,False,3,炸板,True,2025-12,2025,12-15,一字,10.0,0.0,2.6,三接四阴
002471.SZSE,中超控股,2025-12-30,二接三,2,阳,2025-12-26,3.64,-11.4,40.5,-++,38.8,9.0,3,3,12-26,下影,3.0,2.5,31.8,12-29,一字,10.1,0.0,2.5,下影+3→一字+10,7.58,7.11,12.0,0.63,48,64,False,-3.56,5.8,False,5.8,1.0,False,2,炸板,False,2025-12,2025,,,,,,二接三阳
002474.SZSE,榕基软件,2024-03-14,二接三,2,阳,2024-03-12,2.32,-26.4,45.2,-+-,14.2,16.0,2,2,03-12,实体,0.0,0.0,2.8,03-13,实体,4.5,0.0,3.8,实体+0→实体+4,7.05,7.33,27.3,3.61,32,51,False,-14.18,-12.62,False,-12.62,1.0,False,2,炸板,True,2024-03,2024,,,,,,二接三阳
002474.SZSE,榕基软件,2025-11-19,二接三,2,阳,2025-11-17,-0.64,-12.8,24.1,-++,1.7,407.0,0,0,11-17,下影,2.2,1.7,15.8,11-18,实体,2.5,0.0,22.4,下影+2→实体+2,10.29,10.05,16.7,1.18,48,37,True,7.87,10.01,True,21.09,3.0,False,5,连板,False,2025-11,2025,,,,,,二接三阳
002474.SZSE,榕基软件,2025-11-20,三接四,3,阳,2025-11-17,-0.64,-12.8,24.1,-++,1.7,407.0,0,0,11-17,下影,2.2,1.7,15.8,11-18,实体,2.5,0.0,22.4,下影+2→实体+2→下影+10,11.32,7.87,10.6,0.73,35,48,True,-2.92,9.98,True,10.07,2.0,False,5,连板,False,2025-11,2025,11-19,下影,10.1,6.3,16.7,三接四阳
002481.SZSE,双塔食品,2024-12-11,二接三,2,阳,2024-12-09,2.09,-5.3,39.8,++-,-1.6,,0,0,12-09,下影,0.2,1.3,3.4,12-10,一字,10.0,0.0,0.9,下影+0→一字+10,7.15,7.54,24.0,3.74,119,82,False,-7.13,-0.42,False,-0.42,1.0,False,2,炸板,True,2024-12,2024,,,,,,二接三阳
002490.SZSE,山东墨龙,2025-06-17,二接三,2,阴,2025-06-13,-1.0,-28.8,28.7,+--,-10.0,25.0,3,3,06-13,下影,5.8,2.5,12.3,06-16,一字,10.1,0.0,1.3,下影+6→一字+10,5.27,4.18,28.9,3.11,37,41,True,4.36,10.06,True,31.88,5.0,False,7,连板,False,2025-06,2025,,,,,,二接三阴
002490.SZSE,山东墨龙,2025-06-18,三接四,3,阴,2025-06-13,-1.0,-28.8,28.7,+--,-10.0,25.0,3,3,06-13,下影,5.8,2.5,12.3,06-16,一字,10.1,0.0,1.3,下影+6→一字+10→下影+4,5.8,4.36,21.2,1.62,29,37,True,0.0,10.0,True,19.83,4.0,False,7,连板,False,2025-06,2025,06-17,下影,4.2,2.9,28.9,三接四阴
002490.SZSE,山东墨龙,2025-10-23,二接三,2,阳,2025-10-21,3.83,-5.6,29.4,+++,14.5,80.0,0,7,10-21,实体,2.0,0.1,22.2,10-22,下影,5.6,0.6,27.6,实体+2→下影+6,9.36,0.0,20.2,0.84,49,51,True,2.03,-10.04,False,-10.04,1.0,False,3,封次日负,True,2025-10,2025,,,,,,二接三阳
002490.SZSE,山东墨龙,2026-03-04,二接三,2,阳,2026-03-02,1.03,-15.1,43.8,+-+,4.8,84.0,0,3,03-02,下影,10.0,0.9,5.5,03-03,一字,10.0,0.0,0.8,下影+10→一字+10,11.72,10.05,17.4,1.95,34,67,True,1.45,8.36,False,8.36,1.0,False,3,封次日正,False,2026-03,2026,,,,,,二接三阳
002490.SZSE,山东墨龙,2026-03-05,三接四,3,阳,2026-03-02,1.03,-15.1,43.8,+-+,4.8,84.0,0,3,03-02,下影,10.0,0.9,5.5,03-03,一字,10.0,0.0,0.8,下影+10→一字+10→下影+10,12.89,1.45,20.6,1.93,55,34,False,-0.62,2.4,False,2.4,1.0,False,3,炸板,False,2026-03,2026,03-04,下影,10.0,4.3,17.4,三接四阳
002491.SZSE,通鼎互联,2026-02-03,二接三,2,阳,2026-01-30,5.93,-6.7,39.7,++-,17.4,92.0,0,2,01-30,下影,-4.9,5.0,18.0,02-02,下影,7.3,2.3,18.2,下影-5→下影+7,9.5,-0.46,29.3,1.43,61,32,False,-1.26,-1.68,False,-1.68,1.0,False,2,炸板,True,2026-02,2026,,,,,,二接三阳
002491.SZSE,通鼎互联,2026-05-11,二接三,2,阳,2026-05-07,8.04,-6.2,165.5,-++,42.3,18.0,2,2,05-07,下影,10.0,1.3,4.5,05-08,实体,6.7,0.1,9.8,下影+10→实体+7,22.73,10.02,7.4,0.79,76,89,True,7.79,9.99,True,18.57,2.0,False,4,连板,False,2026-05,2026,,,,,,二接三阳
002491.SZSE,通鼎互联,2026-05-12,三接四,3,阳,2026-05-07,8.04,-6.2,165.5,-++,42.3,18.0,2,2,05-07,下影,10.0,1.3,4.5,05-08,实体,6.7,0.1,9.8,下影+10→实体+7→下影+10,25.0,7.79,10.9,1.2,50,76,True,0.04,7.8,False,7.8,1.0,False,4,封次日正,False,2026-05,2026,05-11,下影,10.0,2.4,7.4,三接四阳
002491.SZSE,通鼎互联,2026-06-22,二接三,2,阳,2026-06-17,8.16,-8.7,179.4,-++,10.2,26.0,4,4,06-17,下影,0.0,1.7,16.0,06-18,实体,4.5,0.0,4.7,下影+0→实体+5,34.74,8.55,23.7,1.46,122,75,False,-0.43,-3.05,False,-3.05,1.0,False,2,炸板,True,2026-06,2026,,,,,,二接三阳
002497.SZSE,雅化集团,2025-07-23,二接三,2,阳,2025-07-21,2.47,-2.0,13.0,+++,9.7,,0,0,07-21,下影,10.0,2.6,5.5,07-22,下影,10.0,3.9,17.9,下影+10→下影+10,15.98,6.68,20.0,2.0,43,82,False,-7.82,-7.45,False,-7.45,1.0,False,2,炸板,True,2025-07,2025,,,,,,二接三阳
002498.SZSE,汉缆股份,2026-01-21,三接四,3,阳,2026-01-16,-0.5,-3.9,12.8,+++,1.5,,0,0,01-16,实体,4.0,0.0,2.8,01-19,一字,10.1,0.0,0.9,实体+4→一字+10→一字+10,5.81,8.71,14.7,3.61,72,50,False,-7.06,4.13,False,4.13,1.0,False,3,炸板,False,2026-01,2026,01-20,一字,10.0,0.0,0.6,三接四阳
002498.SZSE,汉缆股份,2026-02-24,二接三,2,阴,2026-02-12,-2.27,-14.4,59.3,+++,40.5,17.0,3,3,02-12,下影,1.4,2.9,8.3,02-13,实体,2.1,0.0,8.2,下影+1→实体+2,7.45,4.87,7.2,1.22,82,29,True,5.1,10.07,True,12.48,2.0,False,4,连板,False,2026-02,2026,,,,,,二接三阴
002498.SZSE,汉缆股份,2026-02-25,三接四,3,阴,2026-02-12,-2.27,-14.4,59.3,+++,40.5,17.0,3,3,02-12,下影,1.4,2.9,8.3,02-13,实体,2.1,0.0,8.2,下影+1→实体+2→下影+5,8.2,5.1,7.9,1.16,61,82,True,-0.61,2.2,False,2.2,1.0,False,4,封次日正,False,2026-02,2026,02-24,下影,4.9,0.4,7.2,三接四阴
002498.SZSE,汉缆股份,2026-03-06,二接三,2,阴,2026-03-04,-7.51,-15.9,110.5,+++,19.8,5.0,4,4,03-04,下影,-1.5,0.7,7.0,03-05,实体,9.7,0.2,1.9,下影-1→实体+10,9.83,6.71,10.0,1.41,65,55,True,0.1,1.32,False,1.32,1.0,False,3,封次日正,False,2026-03,2026,,,,,,二接三阴
002500.SZSE,山西证券,2024-10-08,二接三,2,阳,2024-09-27,4.21,-0.4,22.5,+++,15.0,,0,0,09-27,下影,2.8,2.2,4.0,09-30,下影,7.8,3.3,5.4,下影+3→下影+8,7.26,10.0,5.2,1.41,352,626,True,-3.58,-10.06,False,-10.06,1.0,False,3,封次日负,True,2024-10,2024,,,,,,二接三阳
002506.SZSE,协鑫集成,2024-11-04,二接三,2,阳,2024-10-31,-0.81,-10.9,41.6,+++,28.9,,0,0,10-31,实体,3.3,0.0,2.7,11-01,下影,10.0,5.2,7.4,实体+3→下影+10,3.27,6.73,12.4,2.01,122,74,False,-10.4,1.83,True,3.36,2.0,False,4,炸板,False,2024-11,2024,,,,,,二接三阳
002506.SZSE,协鑫集成,2026-01-27,二接三,2,阳,2026-01-23,3.26,-15.4,18.8,-++,10.9,300.0,0,0,01-23,实体,1.4,0.0,4.0,01-26,下影,9.9,4.5,6.7,实体+1→下影+10,3.8,-2.03,28.3,3.0,46,57,False,-2.37,-7.63,False,-7.63,1.0,False,2,炸板,True,2026-01,2026,,,,,,二接三阳
002506.SZSE,协鑫集成,2026-02-06,二接三,2,阳,2026-02-04,4.24,-10.2,40.4,+++,18.2,7.0,2,2,02-04,下影,0.0,0.6,25.1,02-05,下影,6.1,2.4,21.7,下影+0→下影+6,4.58,-3.61,30.2,1.53,48,37,True,9.61,10.04,True,14.85,2.0,False,4,连板,False,2026-02,2026,,,,,,二接三阳
002506.SZSE,协鑫集成,2026-02-09,三接四,3,阳,2026-02-04,4.24,-10.2,40.4,+++,18.2,7.0,2,2,02-04,下影,0.0,0.6,25.1,02-05,下影,6.1,2.4,21.7,下影+0→下影+6→下影-4,5.04,9.61,7.6,0.4,70,48,True,7.34,4.37,False,4.37,1.0,False,4,封次日正,False,2026-02,2026,02-06,下影,-3.6,5.0,30.2,三接四阳
002510.SZSE,天汽模,2023-12-08,二接三,2,阳,2023-12-06,0.83,-6.0,25.9,+++,10.7,,0,0,12-06,一字,10.1,0.0,0.9,12-07,一字,10.1,0.0,0.6,一字+10→一字+10,6.48,10.02,31.7,3.52,27,33,False,-16.36,-19.44,False,-19.44,1.0,False,2,炸板,True,2023-12,2023,,,,,,二接三阳
002510.SZSE,天汽模,2024-11-11,三接四,3,阳,2024-11-06,4.33,-4.2,44.6,+++,11.0,217.0,0,0,11-06,下影,-0.4,0.4,15.4,11-07,一字,10.1,0.0,1.2,下影-0→一字+10→一字+10,7.41,4.01,44.8,2.96,108,95,True,-5.4,9.99,True,3.24,2.0,False,5,连板,False,2024-11,2024,11-08,一字,10.0,0.0,1.4,三接四阳
002513.SZSE,蓝丰生化,2024-11-04,二接三,2,阴,2024-10-31,-3.29,-14.1,48.7,+++,21.8,3.0,2,2,10-31,下影,-0.4,1.1,18.4,11-01,实体,2.3,0.0,18.8,下影-0→实体+2,6.26,-0.53,15.3,0.91,122,74,True,8.31,10.06,True,26.68,4.0,False,6,连板,False,2024-11,2024,,,,,,二接三阴
002513.SZSE,蓝丰生化,2024-11-05,三接四,3,阴,2024-10-31,-3.29,-14.1,48.7,+++,21.8,3.0,2,2,10-31,下影,-0.4,1.1,18.4,11-01,实体,2.3,0.0,18.8,下影-0→实体+2→下影-1,6.89,8.31,4.1,0.3,139,122,True,9.87,10.01,True,15.09,3.0,False,6,连板,False,2024-11,2024,11-04,下影,-0.5,3.0,15.3,三接四阴
002513.SZSE,蓝丰生化,2025-09-25,三接四,3,阳,2025-09-22,1.14,-15.3,7.5,++-,-5.0,215.0,0,0,09-22,下影,-0.6,2.3,9.8,09-23,下影,-1.0,1.2,18.2,下影-1→下影-1→一字+10,7.81,0.7,31.2,2.28,36,64,True,4.23,9.99,True,19.85,4.0,False,7,连板,False,2025-09,2025,09-24,一字,10.1,0.0,3.1,三接四阳
002519.SZSE,银河电子,2025-12-02,二接三,2,阳,2025-11-28,-0.64,-16.5,3.3,-++,1.7,,0,0,11-28,下影,0.2,0.4,12.6,12-01,下影,9.9,2.9,10.5,下影+0→下影+10,6.22,-1.77,34.6,2.79,41,54,False,-7.72,4.82,True,-3.86,2.0,False,4,炸板,False,2025-12,2025,,,,,,二接三阳
002519.SZSE,银河电子,2026-01-08,三接四,3,阳,2026-01-05,1.41,-10.9,43.4,+-+,-0.6,23.0,2,2,01-05,下影,2.3,2.0,10.8,01-06,下影,7.4,2.1,5.7,下影+2→下影+7→一字+10,9.48,9.98,16.2,1.64,77,63,True,10.02,10.02,True,9.92,3.0,False,6,连板,False,2026-01,2026,01-07,一字,9.9,0.0,1.4,三接四阳
002520.SZSE,日发精机,2024-09-05,二接三,2,阴,2024-09-03,-0.54,-13.9,6.9,+--,-3.9,129.0,0,0,09-03,下影,0.5,0.5,4.6,09-04,下影,7.8,2.2,4.3,下影+1→下影+8,4.94,3.34,14.4,2.73,39,31,True,0.0,9.92,True,8.7,3.0,False,5,连板,False,2024-09,2024,,,,,,二接三阴
002520.SZSE,日发精机,2024-09-06,三接四,3,阴,2024-09-03,-0.54,-13.9,6.9,+--,-3.9,129.0,0,0,09-03,下影,0.5,0.5,4.6,09-04,下影,7.8,2.2,4.3,下影+1→下影+8→下影+3,5.43,0.0,21.2,2.31,26,39,True,8.66,9.94,True,-1.1,2.0,False,5,连板,False,2024-09,2024,09-05,下影,3.3,0.7,14.4,三接四阴
002520.SZSE,日发精机,2024-12-04,三接四,3,阳,2024-11-29,0.0,-14.9,47.7,--+,-5.0,52.0,5,5,11-29,下影,1.4,2.3,8.9,12-02,一字,10.1,0.0,1.7,下影+1→一字+10→一字+10,7.52,9.94,29.7,3.28,69,92,True,9.97,9.97,True,8.91,3.0,False,6,连板,False,2024-12,2024,12-03,一字,10.0,0.0,1.7,三接四阳
002522.SZSE,浙江众成,2025-02-24,三接四,3,阴,2025-02-19,-0.48,-12.3,18.1,+++,12.0,,0,0,02-19,实体,-0.5,0.2,7.6,02-20,一字,9.9,0.0,1.3,实体-0→一字+10→一字+10,6.03,10.04,17.9,3.01,66,82,True,-0.66,0.83,False,0.83,1.0,False,4,封次日正,False,2025-02,2025,02-21,一字,10.0,0.0,0.8,三接四阴
002527.SZSE,新时达,2023-06-19,二接三,2,阳,2023-06-15,2.23,-1.0,35.2,+-+,10.1,,0,0,06-15,下影,-0.7,0.7,5.0,06-16,一字,10.0,0.0,3.1,下影-1→一字+10,11.0,0.0,27.1,3.27,34,41,False,-7.18,5.91,True,24.55,3.0,False,5,炸板,False,2023-06,2023,,,,,,二接三阳
002527.SZSE,新时达,2023-06-26,二接三,2,阳,2023-06-20,5.9,-3.7,73.3,+++,30.1,2.0,2,2,06-20,实体,-3.6,0.2,16.7,06-21,下影,7.4,2.4,15.3,实体-4→下影+7,14.1,3.74,34.9,1.79,32,32,False,-7.09,-8.72,False,-8.72,1.0,False,2,炸板,True,2023-06,2023,,,,,,二接三阳
002527.SZSE,新时达,2023-08-21,二接三,2,阴,2023-08-17,-7.76,-22.9,50.3,++-,-4.6,39.0,2,2,08-17,下影,-0.5,0.4,10.9,08-18,下影,10.0,6.1,25.2,下影-1→下影+10,15.04,3.95,35.9,1.56,20,16,False,-7.58,-5.59,False,-5.59,1.0,False,2,炸板,True,2023-08,2023,,,,,,二接三阴
002529.SZSE,海源复材,2024-10-24,二接三,2,阳,2024-10-22,1.3,-20.5,39.9,-++,-2.5,21.0,2,2,10-22,下影,-0.2,0.8,8.3,10-23,下影,2.3,1.5,21.4,下影-0→下影+2,8.31,5.43,30.5,2.23,67,76,True,-3.73,9.99,True,18.77,3.0,False,5,连板,False,2024-10,2024,,,,,,二接三阳
002529.SZSE,海源复材,2024-10-25,三接四,3,阳,2024-10-22,1.3,-20.5,39.9,-++,-2.5,21.0,2,2,10-22,下影,-0.2,0.8,8.3,10-23,下影,2.3,1.5,21.4,下影-0→下影+2→下影+5,9.14,-3.73,20.6,1.21,121,67,True,6.24,9.96,True,7.99,2.0,False,5,连板,False,2024-10,2024,10-24,下影,5.4,5.4,30.5,三接四阳
002530.SZSE,金财互联,2024-12-09,二接三,2,阴,2024-12-05,-5.53,-12.4,50.1,+++,15.7,13.0,2,2,12-05,实体,0.4,0.0,30.4,12-06,实体,5.4,0.0,15.7,实体+0→实体+5,12.06,9.95,20.3,1.02,83,94,True,10.03,10.03,True,-1.0,2.0,False,4,连板,False,2024-12,2024,,,,,,二接三阴
002530.SZSE,金财互联,2025-02-05,二接三,2,阳,2025-01-24,5.49,-28.9,35.1,+--,11.1,32.0,4,4,01-24,实体,-0.1,0.0,25.1,01-27,下影,5.4,6.4,35.7,实体-0→下影+5,13.31,1.65,37.3,1.48,51,35,False,-14.27,-5.11,True,-8.11,2.0,False,4,炸板,True,2025-02,2025,,,,,,二接三阳
002534.SZSE,西子洁能,2023-04-11,二接三,2,阳,2023-04-07,1.2,,,,,,0,0,04-07,实体,9.3,0.1,1.0,04-10,下影,4.4,2.3,4.8,实体+9→下影+4,19.12,3.68,7.5,2.5,24,13,True,-1.99,-0.89,False,-0.89,1.0,False,3,封次日负,True,2023-04,2023,,,,,,二接三阳
002534.SZSE,西子洁能,2025-07-23,二接三,2,阴,2025-07-21,-0.17,-4.9,6.7,-++,5.1,551.0,0,0,07-21,实体,0.2,0.1,2.1,07-22,下影,6.6,5.5,6.0,实体+0→下影+7,15.33,8.32,11.1,2.75,43,82,False,-15.2,-13.83,False,-13.83,1.0,False,2,炸板,True,2025-07,2025,,,,,,二接三阴
002535.SZSE,林州重机,2023-07-05,三接四,3,阳,2023-06-30,4.68,-4.8,53.2,+++,31.9,,0,0,06-30,下影,-2.9,1.3,15.8,07-03,下影,10.0,1.7,5.4,下影-3→下影+10→一字+10,5.57,6.92,26.4,2.1,19,42,True,4.13,-6.82,False,-6.82,1.0,False,4,封次日负,True,2023-07,2023,07-04,一字,10.0,0.0,1.6,三接四阳
002535.SZSE,林州重机,2023-07-14,二接三,2,阴,2023-07-12,3.04,-28.1,77.8,+++,49.5,5.0,4,4,07-12,下影,9.5,3.2,10.1,07-13,下影,5.8,2.3,27.0,下影+10→下影+6,5.87,5.99,43.1,1.86,29,30,False,-18.23,-3.07,True,-1.19,2.0,False,4,炸板,True,2023-07,2023,,,,,,二接三阴
002536.SZSE,飞龙股份,2023-06-13,二接三,2,阴,2023-06-09,-0.19,-12.3,10.7,+++,1.3,,0,0,06-09,下影,2.1,0.8,7.3,06-12,下影,6.2,3.0,14.4,下影+2→下影+6,14.0,9.98,17.8,1.86,35,53,True,4.14,5.43,False,5.43,1.0,False,3,封次日正,False,2023-06,2023,,,,,,二接三阴
002536.SZSE,飞龙股份,2023-06-14,三接四,3,阴,2023-06-09,-0.19,-12.3,10.7,+++,1.3,,0,0,06-09,下影,2.1,0.8,7.3,06-12,下影,6.2,3.0,14.4,下影+2→下影+6→下影+10,15.4,4.14,30.2,2.07,43,35,False,-7.21,-13.77,False,-13.77,1.0,False,3,炸板,True,2023-06,2023,06-13,下影,10.0,6.9,17.8,三接四阴
002536.SZSE,飞龙股份,2025-08-15,二接三,2,阴,2025-08-13,-2.67,-5.0,64.4,+++,44.1,142.0,0,0,08-13,下影,0.9,1.6,18.0,08-14,下影,5.8,4.5,20.8,下影+1→下影+6,29.62,-0.63,26.5,1.21,70,40,True,6.35,9.99,True,10.57,2.0,False,4,连板,False,2025-08,2025,,,,,,二接三阴
002536.SZSE,飞龙股份,2025-08-18,三接四,3,阴,2025-08-13,-2.67,-5.0,64.4,+++,44.1,142.0,0,0,08-13,下影,0.9,1.6,18.0,08-14,下影,5.8,4.5,20.8,下影+1→下影+6→下影-1,32.58,6.35,18.4,0.89,78,70,True,1.9,0.52,False,0.52,1.0,False,4,封次日正,False,2025-08,2025,08-15,下影,-0.6,2.9,26.5,三接四阴
002537.SZSE,海联金汇,2025-04-24,三接四,3,阳,2025-04-21,-1.29,-11.7,25.7,++-,0.2,6.0,2,2,04-21,下影,-0.3,2.3,6.2,04-22,一字,10.0,0.0,1.6,下影-0→一字+10→一字+10,8.95,6.76,37.3,3.52,45,52,True,6.59,0.22,False,0.22,1.0,False,4,封次日正,False,2025-04,2025,04-23,一字,10.0,0.0,1.2,三接四阳
002537.SZSE,海联金汇,2025-06-03,二接三,2,阳,2025-05-29,1.62,-29.4,41.3,---,-23.3,22.0,4,4,05-29,下影,0.1,0.4,12.1,05-30,一字,10.0,0.0,2.5,下影+0→一字+10,9.16,6.6,21.3,2.15,57,32,True,-7.21,-7.31,False,-7.31,1.0,False,3,封次日负,True,2025-06,2025,,,,,,二接三阳
002537.SZSE,海联金汇,2025-06-25,二接三,2,阴,2025-06-23,-1.37,-12.9,76.8,+++,25.7,14.0,4,4,06-23,实体,2.3,0.0,8.0,06-24,下影,8.6,3.3,10.4,实体+2→下影+9,11.46,1.73,30.3,1.8,50,53,True,6.89,-3.32,False,-3.32,1.0,False,3,封次日负,True,2025-06,2025,,,,,,二接三阴
002543.SZSE,万和电气,2025-01-20,二接三,2,阴,2025-01-16,-0.4,-10.7,8.7,---,-3.8,,0,0,01-16,下影,0.8,0.6,1.6,01-17,下影,6.0,0.6,4.2,下影+1→下影+6,13.13,0.5,6.4,2.44,62,47,True,0.0,-9.06,False,-9.06,1.0,False,3,封次日负,True,2025-01,2025,,,,,,二接三阴
002544.SZSE,普天科技,2024-03-13,二接三,2,阳,2024-03-11,2.14,-26.8,45.9,++-,6.6,,0,0,03-11,实体,-0.7,0.1,2.3,03-12,下影,8.1,1.7,4.4,实体-1→下影+8,21.62,4.83,5.1,1.9,51,57,True,0.19,1.99,False,1.99,1.0,False,3,封次日正,False,2024-03,2024,,,,,,二接三阳
002546.SZSE,新联电子,2023-05-25,二接三,2,阳,2023-05-23,0.36,-8.0,43.6,+++,27.3,,0,0,05-23,实体,-2.7,0.0,17.6,05-24,实体,0.8,0.0,29.1,实体-3→实体+1,7.33,-5.41,27.3,1.19,36,30,True,-1.23,-1.91,False,-1.91,1.0,False,3,封次日负,True,2023-05,2023,,,,,,二接三阳
002549.SZSE,凯美特气,2025-04-01,三接四,3,阳,2025-03-27,2.12,-6.7,13.8,---,-5.3,123.0,0,0,03-27,下影,0.0,1.3,3.9,03-28,一字,10.0,0.0,2.0,下影+0→一字+10→一字+10,9.19,0.0,22.4,3.4,43,27,True,10.01,10.01,True,10.01,2.0,False,5,连板,False,2025-04,2025,03-31,一字,10.0,0.0,3.5,三接四阳
002549.SZSE,凯美特气,2025-07-02,二接三,2,阴,2025-06-30,-0.43,-23.5,14.7,+--,-13.2,23.0,5,5,06-30,实体,5.9,0.1,5.7,07-01,下影,10.0,0.9,6.3,实体+6→下影+10,12.46,2.03,27.1,2.66,51,49,True,2.01,6.42,False,6.42,1.0,False,3,封次日正,False,2025-07,2025,,,,,,二接三阴
002549.SZSE,凯美特气,2025-08-14,二接三,2,阳,2025-08-12,0.24,-9.4,41.3,+++,8.9,29.0,3,5,08-12,下影,0.6,1.9,12.0,08-13,实体,5.4,0.0,8.0,下影+1→实体+5,16.52,9.99,32.1,2.34,40,80,False,-6.72,0.97,True,3.75,2.0,False,4,炸板,False,2025-08,2025,,,,,,二接三阳
002549.SZSE,凯美特气,2025-09-23,二接三,2,阳,2025-09-19,4.54,-5.0,102.9,+++,21.5,27.0,3,5,09-19,实体,-4.1,0.0,19.8,09-22,下影,5.4,1.8,22.8,实体-4→下影+5,25.12,-0.66,31.4,1.34,42,54,True,5.02,3.86,False,3.86,1.0,False,3,封次日正,False,2025-09,2025,,,,,,二接三阳
002551.SZSE,尚荣医疗,2025-05-14,二接三,2,阴,2025-05-12,-0.9,-9.6,28.4,++-,15.4,,0,0,05-12,下影,0.3,1.5,5.2,05-13,下影,1.7,4.4,18.9,下影+0→下影+2,4.39,10.03,19.0,2.04,51,41,True,-1.37,-3.87,False,-3.87,1.0,False,3,封次日负,True,2025-05,2025,,,,,,二接三阴
002552.SZSE,宝鼎科技,2026-05-11,二接三,2,阳,2026-05-07,3.53,-1.2,50.4,+++,42.3,319.0,0,0,05-07,下影,2.6,0.3,3.4,05-08,下影,4.2,2.0,3.1,下影+3→下影+4,30.42,9.69,11.3,2.3,76,89,True,3.94,9.99,True,14.43,2.0,False,4,连板,False,2026-05,2026,,,,,,二接三阳
002552.SZSE,宝鼎科技,2026-05-12,三接四,3,阳,2026-05-07,3.53,-1.2,50.4,+++,42.3,319.0,0,0,05-07,下影,2.6,0.3,3.4,05-08,下影,4.2,2.0,3.1,下影+3→下影+4→下影+10,33.46,3.94,14.7,2.02,50,76,True,-0.48,4.03,False,4.03,1.0,False,4,封次日正,False,2026-05,2026,05-11,下影,9.7,9.1,11.3,三接四阳
002552.SZSE,宝鼎科技,2026-05-26,二接三,2,阴,2026-05-22,-3.21,-9.7,138.3,+++,74.4,3.0,4,4,05-22,下影,2.0,1.3,5.4,05-25,下影,9.2,6.2,10.0,下影+2→下影+9,48.18,1.85,9.8,1.02,45,91,True,-0.37,4.88,False,4.88,1.0,False,3,封次日正,False,2026-05,2026,,,,,,二接三阴
002552.SZSE,宝鼎科技,2026-05-27,三接四,3,阴,2026-05-22,-3.21,-9.7,138.3,+++,74.4,3.0,4,4,05-22,下影,2.0,1.3,5.4,05-25,下影,9.2,6.2,10.0,下影+2→下影+9→下影+2,53.0,-0.37,13.3,1.38,45,45,False,-7.94,4.87,True,8.87,2.0,False,5,炸板,False,2026-05,2026,05-26,下影,1.8,4.8,9.8,三接四阴
002552.SZSE,宝鼎科技,2026-08-06,二接三,2,阴,2026-08-04,-7.25,-58.8,16.9,---,-44.7,34.0,4,4,08-04,下影,4.1,5.1,3.9,08-05,下影,5.0,4.1,5.1,下影+4→下影+5,43.27,3.74,4.8,1.04,69,93,True,8.62,10.01,True,26.21,3.0,False,5,连板,False,2026-08,2026,,,,,,二接三阴
002552.SZSE,宝鼎科技,2026-08-07,三接四,3,阴,2026-08-04,-7.25,-58.8,16.9,---,-44.7,34.0,4,4,08-04,下影,4.1,5.1,3.9,08-05,下影,5.0,4.1,5.1,下影+4→下影+5→实体+4,47.6,8.62,1.2,0.28,59,69,True,10.0,10.0,True,14.73,2.0,False,5,连板,False,2026-08,2026,08-06,实体,3.7,0.0,4.8,三接四阴
002553.SZSE,南方精工,2023-06-27,三接四,3,阴,2023-06-20,-5.3,-9.2,33.1,+++,12.9,,0,0,06-20,一字,10.0,0.0,5.7,06-21,一字,10.0,0.0,2.3,一字+10→一字+10→一字+10,18.85,5.02,57.5,3.36,48,32,True,-7.64,5.04,False,5.04,1.0,False,4,封次日正,False,2023-06,2023,06-26,一字,10.0,0.0,2.0,三接四阴
002553.SZSE,南方精工,2024-02-28,二接三,2,阳,2024-02-26,6.79,-29.5,37.9,+--,-10.7,161.0,0,0,02-26,下影,5.1,1.7,3.3,02-27,下影,6.2,1.3,4.1,下影+5→下影+6,12.98,10.0,23.5,2.81,23,69,False,-24.96,-14.95,False,-14.95,1.0,False,2,炸板,True,2024-02,2024,,,,,,二接三阳
002553.SZSE,南方精工,2025-03-20,二接三,2,阳,2025-03-18,5.35,-7.3,51.4,+++,20.5,76.0,0,2,03-18,实体,-1.7,0.3,29.1,03-19,下影,2.9,2.8,53.2,实体-2→下影+3,23.32,-0.94,44.7,1.35,55,40,True,0.0,9.99,True,-0.99,2.0,False,4,连板,False,2025-03,2025,,,,,,二接三阳
002553.SZSE,南方精工,2025-03-21,三接四,3,阳,2025-03-18,5.35,-7.3,51.4,+++,20.5,76.0,0,2,03-18,实体,-1.7,0.3,29.1,03-19,下影,2.9,2.8,53.2,实体-2→下影+3→下影-1,25.65,0.0,47.3,1.22,39,55,True,0.9,-9.98,False,-9.98,1.0,False,4,封次日负,True,2025-03,2025,03-20,下影,-0.9,2.4,44.7,三接四阳
002554.SZSE,惠博普,2026-01-16,二接三,2,阴,2026-01-08,-1.52,-19.5,10.6,-+-,-3.6,54.0,2,2,01-08,下影,0.3,0.6,4.9,01-15,一字,10.1,0.0,0.9,下影+0→一字+10,4.3,9.97,18.0,3.05,48,51,False,-16.05,-14.19,False,-14.19,1.0,False,2,炸板,True,2026-01,2026,,,,,,二接三阴
002559.SZSE,亚威股份,2023-11-21,三接四,3,阳,2023-11-16,1.27,-11.0,20.9,++-,8.2,31.0,2,2,11-16,下影,-0.2,0.7,21.3,11-17,下影,1.5,5.6,27.1,下影-0→下影+1→一字+10,12.79,9.97,21.3,1.35,45,50,True,0.0,10.01,True,-1.02,2.0,False,5,连板,False,2023-11,2023,11-20,一字,10.0,0.0,1.6,三接四阳
002560.SZSE,通达股份,2025-05-19,二接三,2,阴,2025-05-15,-1.18,-7.5,48.4,+++,31.5,,0,0,05-15,下影,-0.3,2.3,29.2,05-16,下影,7.0,4.4,24.2,下影-0→下影+7,10.0,10.01,53.1,1.81,66,51,False,-9.9,-16.1,False,-16.1,1.0,False,2,炸板,True,2025-05,2025,,,,,,二接三阴
002560.SZSE,通达股份,2026-04-02,二接三,2,阳,2026-03-31,1.24,-16.3,8.5,---,-10.8,110.0,0,2,03-31,下影,4.7,3.0,12.5,04-01,下影,5.4,1.9,18.5,下影+5→下影+5,13.06,9.44,46.6,2.72,25,49,True,5.51,-3.37,False,-3.37,1.0,False,3,封次日负,True,2026-04,2026,,,,,,二接三阳
002560.SZSE,通达股份,2026-04-03,三接四,3,阳,2026-03-31,1.24,-16.3,8.5,---,-10.8,110.0,0,2,03-31,下影,4.7,3.0,12.5,04-01,下影,5.4,1.9,18.5,下影+5→下影+5→下影+9,14.37,5.51,45.7,1.79,26,25,False,-12.87,-7.79,False,-7.79,1.0,False,3,炸板,True,2026-04,2026,04-02,下影,9.4,8.9,46.6,三接四阳
002562.SZSE,兄弟科技,2024-10-28,二接三,2,阴,2024-10-24,-1.45,-5.8,30.4,+++,27.1,,0,0,10-24,实体,2.9,0.0,20.6,10-25,下影,0.2,3.1,25.4,实体+3→下影+0,5.43,4.86,31.1,1.73,179,121,False,-6.08,-11.79,False,-11.79,1.0,False,2,炸板,True,2024-10,2024,,,,,,二接三阴
002565.SZSE,顺灏股份,2025-12-02,二接三,2,阳,2025-11-28,-1.35,-10.6,12.3,--+,9.3,107.0,0,2,11-28,一字,10.0,0.0,3.5,12-01,一字,10.0,0.0,1.0,一字+10→一字+10,9.71,1.59,23.0,2.65,41,54,True,0.1,9.99,True,11.43,2.0,False,4,连板,False,2025-12,2025,,,,,,二接三阳
002565.SZSE,顺灏股份,2025-12-03,三接四,3,阳,2025-11-28,-1.35,-10.6,12.3,--+,9.3,107.0,0,2,11-28,一字,10.0,0.0,3.5,12-01,一字,10.0,0.0,1.0,一字+10→一字+10→下影+2,10.68,0.1,23.6,2.09,46,41,True,-0.75,1.31,False,1.31,1.0,False,4,封次日正,False,2025-12,2025,12-02,下影,1.6,1.9,23.0,三接四阳
002565.SZSE,顺灏股份,2025-12-09,二接三,2,阳,2025-12-05,1.31,-7.2,66.5,+++,46.4,2.0,4,4,12-05,实体,1.7,0.1,13.3,12-08,下影,10.0,1.8,11.0,实体+2→下影+10,14.4,1.76,39.4,1.6,46,63,False,-4.86,-6.46,False,-6.46,1.0,False,2,炸板,True,2025-12,2025,,,,,,二接三阳
002570.SZSE,贝因美,2024-10-08,二接三,2,阳,2024-09-27,1.78,-2.1,25.4,+++,23.3,,0,0,09-27,一字,10.1,0.0,3.3,09-30,一字,10.2,0.0,1.1,一字+10→一字+10,3.82,10.09,14.4,2.47,352,626,False,-8.38,-11.52,False,-11.52,1.0,False,2,炸板,True,2024-10,2024,,,,,,二接三阳
002570.SZSE,贝因美,2024-10-30,二接三,2,阴,2024-10-28,-2.11,-4.8,82.9,+++,64.2,15.0,2,2,10-28,实体,1.9,0.0,17.8,10-29,下影,10.0,7.8,30.5,实体+2→下影+10,5.56,0.2,21.8,1.13,118,93,True,3.96,2.34,False,2.34,1.0,False,3,封次日正,False,2024-10,2024,,,,,,二接三阴
002570.SZSE,贝因美,2024-10-31,三接四,3,阴,2024-10-28,-2.11,-4.8,82.9,+++,64.2,15.0,2,2,10-28,实体,1.9,0.0,17.8,10-29,下影,10.0,7.8,30.5,实体+2→下影+10→下影+0,6.12,3.96,32.3,1.36,141,118,False,-11.6,-16.34,False,-16.34,1.0,False,3,炸板,True,2024-10,2024,10-30,下影,0.2,2.6,21.8,三接四阴
002570.SZSE,贝因美,2025-04-10,二接三,2,阳,2025-04-08,-3.27,-15.5,26.7,-++,3.5,14.0,3,3,04-08,实体,1.5,0.0,11.9,04-09,下影,1.7,3.6,34.6,实体+1→下影+2,6.3,-4.01,27.4,1.26,125,87,True,3.33,10.0,True,6.83,2.0,False,4,连板,False,2025-04,2025,,,,,,二接三阳
002570.SZSE,贝因美,2025-04-11,三接四,3,阳,2025-04-08,-3.27,-15.5,26.7,-++,3.5,14.0,3,3,04-08,实体,1.5,0.0,11.9,04-09,下影,1.7,3.6,34.6,实体+1→下影+2→下影-4,6.93,3.33,43.7,1.6,64,125,True,-1.3,-2.89,False,-2.89,1.0,False,4,封次日负,True,2025-04,2025,04-10,下影,-4.0,1.6,27.4,三接四阳
002574.SZSE,明牌珠宝,2025-03-13,二接三,2,阳,2025-03-11,1.03,-15.3,19.6,+++,3.2,239.0,0,0,03-11,下影,-0.2,1.2,4.0,03-12,一字,10.0,0.0,3.4,下影-0→一字+10,6.51,9.97,6.7,2.1,34,69,True,9.98,9.98,True,22.89,4.0,False,6,连板,False,2025-03,2025,,,,,,二接三阳
002574.SZSE,明牌珠宝,2026-01-14,二接三,2,阳,2026-01-12,1.23,-10.8,10.1,++-,-1.0,154.0,0,0,01-12,实体,0.0,0.2,5.4,01-13,下影,-1.9,0.8,9.2,实体+0→下影-2,7.69,-3.0,17.1,2.4,79,52,True,-1.82,-10.01,False,-10.01,1.0,False,3,封次日负,True,2026-01,2026,,,,,,二接三阳
002575.SZSE,群兴玩具,2025-03-04,三接四,3,阳,2025-02-27,4.92,-2.7,52.3,+++,42.3,382.0,0,0,02-27,一字,10.0,0.0,2.6,02-28,一字,10.0,0.0,0.7,一字+10→一字+10→一字+10,13.74,10.01,43.4,3.93,61,51,False,-5.97,-15.43,False,-15.43,1.0,False,3,炸板,True,2025-03,2025,03-03,一字,10.0,0.0,0.3,三接四阳
002577.SZSE,雷柏科技,2024-12-27,二接三,2,阳,2024-12-25,1.43,-10.0,27.4,-++,6.2,401.0,0,0,12-25,实体,-0.4,0.2,3.2,12-26,一字,10.0,0.0,3.8,实体-0→一字+10,21.79,2.02,10.7,2.42,61,79,True,5.55,-3.49,False,-3.49,1.0,False,3,封次日负,True,2024-12,2024,,,,,,二接三阳
002577.SZSE,雷柏科技,2024-12-30,三接四,3,阳,2024-12-25,1.43,-10.0,27.4,-++,6.2,401.0,0,0,12-25,实体,-0.4,0.2,3.2,12-26,一字,10.0,0.0,3.8,实体-0→一字+10→下影+2,23.97,5.55,20.5,2.56,36,61,False,-17.06,-21.03,False,-21.03,1.0,False,3,炸板,True,2024-12,2024,12-27,下影,2.0,6.8,10.7,三接四阳
002578.SZSE,闽发铝业,2024-01-02,二接三,2,阴,2023-12-28,-1.6,-8.9,9.8,+--,-3.1,,0,0,12-28,实体,-1.1,0.0,4.4,12-29,一字,10.1,0.0,1.8,实体-1→一字+10,4.93,1.56,19.3,2.8,48,54,True,-4.67,-7.51,False,-7.51,1.0,False,3,封次日负,True,2024-01,2024,,,,,,二接三阴
002578.SZSE,闽发铝业,2025-11-14,二接三,2,阴,2025-11-12,-3.82,-6.5,27.9,+++,14.2,196.0,0,0,11-12,下影,0.0,1.2,23.2,11-13,下影,3.8,3.8,24.1,下影+0→下影+4,5.36,2.67,36.6,1.63,59,73,False,-10.82,-7.84,False,-7.84,1.0,False,2,炸板,True,2025-11,2025,,,,,,二接三阴
002579.SZSE,中京电子,2025-06-20,二接三,2,阴,2025-06-18,-1.21,-12.2,38.8,+++,2.6,169.0,0,0,06-18,下影,-0.5,0.7,11.2,06-19,一字,10.0,0.0,2.6,下影-0→一字+10,10.9,9.99,25.9,2.78,36,26,True,-5.5,5.5,False,5.5,1.0,False,3,封次日正,False,2025-06,2025,,,,,,二接三阴
002579.SZSE,中京电子,2026-05-28,二接三,2,阴,2026-05-26,1.56,-2.2,23.5,-++,1.6,218.0,0,0,05-26,下影,0.0,0.7,18.4,05-27,下影,10.0,3.7,17.6,下影+0→下影+10,18.19,1.87,40.4,2.07,88,45,True,6.1,-5.72,False,-5.72,1.0,False,3,封次日负,True,2026-05,2026,,,,,,二接三阴
002580.SZSE,圣阳股份,2023-10-30,二接三,2,阳,2023-10-26,1.65,-14.8,4.2,---,-7.0,,0,0,10-26,下影,-1.0,2.6,8.1,10-27,下影,3.5,3.9,14.7,下影-1→下影+4,10.68,9.06,39.4,3.03,54,67,False,-15.64,-16.01,False,-16.01,1.0,False,2,炸板,True,2023-10,2023,,,,,,二接三阳
002580.SZSE,圣阳股份,2025-02-25,二接三,2,阳,2025-02-21,1.58,-4.0,26.4,+++,19.8,56.0,2,2,02-21,实体,-0.3,0.0,13.3,02-24,下影,4.0,1.0,18.1,实体-0→下影+4,12.82,3.18,10.7,0.95,46,66,True,9.98,9.98,True,16.46,3.0,False,5,连板,False,2025-02,2025,,,,,,二接三阳
002580.SZSE,圣阳股份,2026-04-13,二接三,2,阴,2026-04-09,-2.55,-19.1,26.3,+++,15.8,270.0,0,0,04-09,下影,-1.1,3.1,25.1,04-10,下影,0.0,2.4,41.6,下影-1→下影+0,20.88,2.48,22.6,0.83,52,53,True,9.15,10.01,True,58.05,5.0,False,7,连板,False,2026-04,2026,,,,,,二接三阴
002580.SZSE,圣阳股份,2026-04-14,三接四,3,阴,2026-04-09,-2.55,-19.1,26.3,+++,15.8,270.0,0,0,04-09,下影,-1.1,3.1,25.1,04-10,下影,0.0,2.4,41.6,下影-1→下影+0→下影+2,22.97,9.15,39.0,1.3,49,52,True,6.57,10.01,True,43.67,4.0,False,7,连板,False,2026-04,2026,04-13,下影,2.5,0.5,22.6,三接四阴
002583.SZSE,海能达,2024-10-09,二接三,2,阴,2024-09-30,-4.42,-13.1,72.2,+++,60.7,2.0,6,6,09-30,实体,0.0,0.0,26.2,10-08,下影,10.0,8.1,26.4,实体+0→下影+10,8.07,1.77,19.0,0.7,29,352,True,6.57,-6.07,False,-6.07,1.0,False,3,封次日负,True,2024-10,2024,,,,,,二接三阴
002583.SZSE,海能达,2024-10-17,二接三,2,阴,2024-10-15,5.04,-4.5,148.9,+++,125.8,4.0,6,6,10-15,实体,1.6,0.0,17.6,10-16,下影,-2.0,1.6,27.8,实体+2→下影-2,11.66,6.6,30.9,1.13,41,67,False,-1.37,2.49,True,117.67,11.0,False,13,炸板,False,2024-10,2024,,,,,,二接三阴
002583.SZSE,海能达,2024-10-22,二接三,2,阴,2024-10-18,2.45,-6.9,208.5,+++,187.3,2.0,6,6,10-18,下影,5.9,2.6,34.5,10-21,下影,0.4,0.4,18.1,下影+6→下影+0,14.47,6.46,20.3,0.77,85,89,True,4.42,10.02,True,75.4,8.0,False,10,连板,False,2024-10,2024,,,,,,二接三阴
002583.SZSE,海能达,2024-10-23,三接四,3,阴,2024-10-18,2.45,-6.9,208.5,+++,187.3,2.0,6,6,10-18,下影,5.9,2.6,34.5,10-21,下影,0.4,0.4,18.1,下影+6→下影+0→下影+6,15.92,4.42,9.6,0.42,76,85,True,9.92,9.99,True,59.42,7.0,False,10,连板,False,2024-10,2024,10-22,下影,6.5,2.4,20.3,三接四阴
002583.SZSE,海能达,2024-11-21,二接三,2,阳,2024-11-19,-0.7,-36.2,462.5,--+,50.6,13.0,10,10,11-19,下影,-2.3,5.7,41.7,11-20,下影,-0.8,1.8,41.6,下影-2→下影-1,26.36,9.77,52.9,1.39,88,119,False,-13.88,-14.64,False,-14.64,1.0,False,2,炸板,True,2024-11,2024,,,,,,二接三阳
002584.SZSE,西陇科学,2023-11-10,二接三,2,阴,2023-11-08,-0.66,-15.2,14.0,++-,6.4,,0,0,11-08,下影,-0.2,0.8,17.2,11-09,一字,10.0,0.0,5.2,下影-0→一字+10,8.0,3.99,43.6,2.94,29,25,True,6.25,10.0,True,11.25,2.0,False,4,连板,False,2023-11,2023,,,,,,二接三阴
002584.SZSE,西陇科学,2023-11-13,三接四,3,阴,2023-11-08,-0.66,-15.2,14.0,++-,6.4,,0,0,11-08,下影,-0.2,0.8,17.2,11-09,一字,10.0,0.0,5.2,下影-0→一字+10→下影+4,8.8,6.25,39.2,1.8,31,29,True,-10.0,1.14,False,1.14,1.0,False,4,封次日正,False,2023-11,2023,11-10,下影,4.0,6.3,43.6,三接四阴
002584.SZSE,西陇科学,2023-11-17,二接三,2,阳,2023-11-15,1.14,-7.3,68.9,+++,58.9,2.0,4,4,11-15,下影,-3.4,0.6,42.6,11-16,下影,-5.0,3.1,40.0,下影-3→下影-5,11.85,4.64,32.8,0.79,38,25,True,5.49,10.04,True,1.52,2.0,False,4,连板,False,2023-11,2023,,,,,,二接三阳
002584.SZSE,西陇科学,2023-11-20,三接四,3,阳,2023-11-15,1.14,-7.3,68.9,+++,58.9,2.0,4,4,11-15,下影,-3.4,0.6,42.6,11-16,下影,-5.0,3.1,40.0,下影-3→下影-5→实体+5,13.04,5.49,27.7,0.7,50,38,True,6.06,-7.75,False,-7.75,1.0,False,4,封次日负,True,2023-11,2023,11-17,实体,4.6,0.0,32.8,三接四阳
002585.SZSE,双星新材,2026-05-26,二接三,2,阴,2026-05-22,-2.51,-12.2,26.5,+++,6.7,107.0,0,3,05-22,下影,0.2,3.7,10.1,05-25,下影,8.9,1.8,4.9,下影+0→下影+9,10.87,1.92,24.1,2.03,45,91,True,-4.05,-1.1,False,-1.1,1.0,False,3,封次日负,True,2026-05,2026,,,,,,二接三阴
002589.SZSE,瑞康医药,2025-12-05,二接三,2,阳,2025-12-03,1.27,-1.5,15.5,+++,9.2,283.0,0,0,12-03,下影,0.3,0.9,7.7,12-04,下影,7.4,5.1,24.6,下影+0→下影+7,4.26,3.1,6.6,0.66,58,30,True,10.09,10.09,True,-0.94,2.0,False,4,连板,False,2025-12,2025,,,,,,二接三阳
002589.SZSE,瑞康医药,2025-12-08,三接四,3,阳,2025-12-03,1.27,-1.5,15.5,+++,9.2,283.0,0,0,12-03,下影,0.3,0.9,7.7,12-04,下影,7.4,5.1,24.6,下影+0→下影+7→实体+3,4.69,10.09,40.4,2.37,63,58,True,-5.54,-10.02,False,-10.02,1.0,False,4,封次日负,True,2025-12,2025,12-05,实体,3.1,0.3,6.6,三接四阳
002590.SZSE,万安科技,2023-07-12,二接三,2,阳,2023-07-10,1.13,-5.5,38.9,+++,24.0,,0,0,07-10,下影,2.0,2.5,10.2,07-11,下影,2.0,0.5,19.6,下影+2→下影+2,14.31,5.3,13.2,1.1,27,26,True,-2.17,9.99,True,-0.98,2.0,False,4,连板,False,2023-07,2023,,,,,,二接三阳
002590.SZSE,万安科技,2023-07-13,三接四,3,阳,2023-07-10,1.13,-5.5,38.9,+++,24.0,,0,0,07-10,下影,2.0,2.5,10.2,07-11,下影,2.0,0.5,19.6,下影+2→下影+2→下影+5,15.74,-2.17,29.3,1.77,30,27,True,-4.7,-9.97,False,-9.97,1.0,False,4,封次日负,True,2023-07,2023,07-12,下影,5.3,3.1,13.2,三接四阳
002590.SZSE,万安科技,2024-04-19,二接三,2,阴,2024-04-17,-5.24,-21.0,23.2,--+,-14.7,184.0,0,0,04-17,实体,4.8,0.0,2.6,04-18,一字,10.0,0.0,2.3,实体+5→一字+10,14.69,3.97,17.2,2.91,41,52,True,0.0,-4.7,False,-4.7,1.0,False,3,封次日负,True,2024-04,2024,,,,,,二接三阴
002590.SZSE,万安科技,2025-05-20,二接三,2,阴,2025-05-16,-1.32,-18.4,23.7,++-,4.8,255.0,0,0,05-16,实体,10.0,0.1,3.0,05-19,一字,10.0,0.0,1.9,实体+10→一字+10,15.97,9.99,20.7,3.68,61,66,True,-1.13,2.69,False,2.69,1.0,False,3,封次日正,False,2025-05,2025,,,,,,二接三阴
002590.SZSE,万安科技,2025-05-21,三接四,3,阴,2025-05-16,-1.32,-18.4,23.7,++-,4.8,255.0,0,0,05-16,实体,10.0,0.1,3.0,05-19,一字,10.0,0.0,1.9,实体+10→一字+10→下影+10,17.57,-1.13,31.1,2.68,45,61,False,-8.88,-15.48,False,-15.48,1.0,False,3,炸板,True,2025-05,2025,05-20,下影,10.0,2.8,20.7,三接四阴
002593.SZSE,日上集团,2024-11-29,二接三,2,阳,2024-11-27,0.0,-4.0,33.9,+++,6.7,,0,0,11-27,下影,-0.3,3.3,10.9,11-28,下影,9.5,2.4,9.1,下影-0→下影+9,4.48,-2.21,39.8,3.02,105,75,True,-2.23,10.04,True,4.02,2.0,False,4,连板,False,2024-11,2024,,,,,,二接三阳
002593.SZSE,日上集团,2024-12-02,三接四,3,阳,2024-11-27,0.0,-4.0,33.9,+++,6.7,,0,0,11-27,下影,-0.3,3.3,10.9,11-28,下影,9.5,2.4,9.1,下影-0→下影+9→下影-2,4.93,-2.23,12.0,0.81,132,105,True,9.94,-5.48,False,-5.48,1.0,False,4,封次日负,True,2024-12,2024,11-29,下影,-2.2,7.6,39.8,三接四阳
002593.SZSE,日上集团,2024-12-06,二接三,2,阴,2024-12-04,-5.48,-14.0,85.7,+++,44.7,2.0,4,4,12-04,下影,10.1,12.4,40.9,12-05,实体,3.5,0.0,7.8,下影+10→实体+4,6.2,9.93,17.0,0.88,94,103,True,2.1,10.0,True,31.77,5.0,False,7,连板,False,2024-12,2024,,,,,,二接三阴
002593.SZSE,日上集团,2024-12-09,三接四,3,阴,2024-12-04,-5.48,-14.0,85.7,+++,44.7,2.0,4,4,12-04,下影,10.1,12.4,40.9,12-05,实体,3.5,0.0,7.8,下影+10→实体+4→下影+10,6.82,2.1,27.0,1.21,83,94,True,9.97,9.97,True,19.79,4.0,False,7,连板,False,2024-12,2024,12-06,下影,9.9,6.4,17.0,三接四阴
002596.SZSE,海南瑞泽,2025-12-23,二接三,2,阴,2025-12-19,-6.9,-32.6,37.3,-++,-0.8,17.0,2,2,12-19,下影,-1.2,2.9,19.0,12-22,下影,4.9,0.4,14.3,下影-1→下影+5,6.48,10.02,16.1,1.09,48,72,True,0.0,-4.01,False,-4.01,1.0,False,3,封次日负,True,2025-12,2025,,,,,,二接三阴
002599.SZSE,盛通股份,2023-06-13,二接三,2,阴,2023-06-09,-4.87,-7.2,50.5,+++,3.7,,0,0,06-09,实体,-1.1,0.0,23.7,06-12,下影,3.9,3.7,18.5,实体-1→下影+4,11.18,-4.23,29.0,1.3,35,53,False,-2.68,-7.07,False,-7.07,1.0,False,2,炸板,True,2023-06,2023,,,,,,二接三阴
002599.SZSE,盛通股份,2025-02-21,二接三,2,阴,2025-02-19,-7.47,-9.9,46.3,+++,24.3,227.0,0,0,02-19,实体,-0.8,0.0,10.2,02-20,一字,10.0,0.0,2.0,实体-1→一字+10,12.21,10.0,47.6,2.21,82,76,True,2.87,9.99,True,7.37,2.0,False,4,连板,False,2025-02,2025,,,,,,二接三阴
002599.SZSE,盛通股份,2025-02-24,三接四,3,阴,2025-02-19,-7.47,-9.9,46.3,+++,24.3,227.0,0,0,02-19,实体,-0.8,0.0,10.2,02-20,一字,10.0,0.0,2.0,实体-1→一字+10→下影+10,13.43,2.87,17.1,0.88,66,82,True,-2.46,-2.38,False,-2.38,1.0,False,4,封次日负,True,2025-02,2025,02-21,下影,10.0,6.4,47.6,三接四阴
002605.SZSE,姚记科技,2024-11-15,二接三,2,阴,2024-11-13,-0.35,-5.9,60.9,+++,15.5,,0,0,11-13,下影,0.5,0.4,11.7,11-14,下影,7.6,2.2,8.0,下影+0→下影+8,37.66,-2.98,19.8,1.98,53,27,False,-11.74,-17.21,False,-17.21,1.0,False,2,炸板,True,2024-11,2024,,,,,,二接三阴
002607.SZSE,中公教育,2024-08-05,二接三,2,阳,2024-08-01,3.75,-38.5,23.9,++-,-0.6,,0,0,08-01,下影,-0.6,1.2,12.0,08-02,下影,0.0,2.7,14.0,下影-1→下影+0,2.21,8.96,4.1,0.37,38,39,True,9.95,9.95,True,8.6,3.0,False,5,连板,False,2024-08,2024,,,,,,二接三阳
002607.SZSE,中公教育,2024-08-06,三接四,3,阳,2024-08-01,3.75,-38.5,23.9,++-,-0.6,,0,0,08-01,下影,-0.6,1.2,12.0,08-02,下影,0.0,2.7,14.0,下影-1→下影+0→下影+9,2.43,9.95,28.7,1.97,46,38,True,4.94,9.88,True,-1.23,2.0,False,5,连板,False,2024-08,2024,08-05,下影,9.0,2.5,4.1,三接四阳
002607.SZSE,中公教育,2024-12-09,二接三,2,阳,2024-12-05,-0.3,-13.7,88.2,+-+,4.4,42.0,2,5,12-05,实体,-1.8,0.3,21.2,12-06,下影,5.1,1.1,5.9,实体-2→下影+5,4.47,2.46,40.1,2.25,83,94,False,-8.28,-11.63,False,-11.63,1.0,False,2,炸板,True,2024-12,2024,,,,,,二接三阳
002611.SZSE,东方精工,2024-11-19,三接四,3,阴,2024-11-14,-1.63,-7.0,44.6,+++,24.1,75.0,0,2,11-14,下影,-0.6,1.8,13.0,11-15,下影,2.8,0.6,15.5,下影-1→下影+3→一字+10,10.64,10.03,22.9,1.94,79,74,True,9.96,9.96,True,31.77,5.0,False,8,连板,False,2024-11,2024,11-18,一字,10.0,0.0,1.2,三接四阴
002615.SZSE,哈尔斯,2025-06-13,二接三,2,阴,2025-06-11,-0.9,-7.8,30.5,+++,4.1,,0,0,06-11,实体,-0.1,0.0,17.6,06-12,下影,5.8,1.9,29.9,实体-0→下影+6,10.25,-1.72,32.9,1.75,39,49,True,-5.76,4.0,False,4.0,1.0,False,3,封次日正,False,2025-06,2025,,,,,,二接三阴
002615.SZSE,哈尔斯,2025-06-16,三接四,3,阴,2025-06-11,-0.9,-7.8,30.5,+++,4.1,,0,0,06-11,实体,-0.1,0.0,17.6,06-12,下影,5.8,1.9,29.9,实体-0→下影+6→下影-2,11.28,-5.76,52.8,1.89,41,39,False,-9.93,-14.98,False,-14.98,1.0,False,3,炸板,True,2025-06,2025,06-13,下影,-1.7,2.1,32.9,三接四阴
002622.SZSE,皓宸医疗,2024-09-11,二接三,2,阴,2024-09-09,-2.07,-17.0,23.5,+++,0.7,,0,0,09-09,下影,0.7,2.1,2.9,09-10,一字,10.3,0.0,1.6,下影+1→一字+10,1.89,7.56,14.6,3.28,19,31,False,-18.52,-15.34,False,-15.34,1.0,False,2,炸板,True,2024-09,2024,,,,,,二接三阴
002623.SZSE,亚玛顿,2025-07-04,二接三,2,阴,2025-07-02,-3.41,-5.5,29.7,+++,7.3,,0,0,07-02,实体,6.8,0.0,4.1,07-03,一字,10.0,0.0,1.3,实体+7→一字+10,20.77,10.01,18.3,3.06,30,52,True,-1.93,7.75,False,7.75,1.0,False,3,封次日正,False,2025-07,2025,,,,,,二接三阴
002624.SZSE,完美世界,2026-02-10,二接三,2,阳,2026-02-06,1.6,-7.8,28.1,+-+,4.6,,0,0,02-06,下影,-1.6,2.4,5.9,02-09,下影,9.3,0.4,3.3,下影-2→下影+9,23.68,0.09,15.5,2.46,48,70,False,-4.9,-6.08,False,-6.08,1.0,False,2,炸板,True,2026-02,2026,,,,,,二接三阳
002625.SZSE,光启技术,2024-02-08,二接三,2,阴,2024-02-06,-6.8,-30.7,2.7,---,-23.7,,0,0,02-06,下影,-0.4,1.5,1.3,02-07,下影,4.2,2.2,1.3,下影-0→下影+4,13.86,6.51,1.3,0.93,430,92,True,8.23,3.54,False,3.54,1.0,False,3,封次日正,False,2024-02,2024,,,,,,二接三阴
002625.SZSE,光启技术,2024-10-09,二接三,2,阳,2024-09-30,5.87,-1.3,45.3,+++,41.2,153.0,0,0,09-30,实体,5.2,0.0,3.2,10-08,一字,10.0,0.0,0.5,实体+5→一字+10,30.23,5.53,12.7,2.81,29,352,False,-11.35,-11.74,False,-11.74,1.0,False,2,炸板,True,2024-10,2024,,,,,,二接三阳
002632.SZSE,道明光学,2024-03-06,二接三,2,阳,2024-03-04,3.77,-43.4,37.7,++-,-6.8,38.0,2,2,03-04,下影,4.1,6.4,6.8,03-05,下影,8.7,2.5,4.8,下影+4→下影+9,8.8,9.38,21.2,2.71,63,38,False,-8.98,-15.23,False,-15.23,1.0,False,2,炸板,True,2024-03,2024,,,,,,二接三阳
002632.SZSE,道明光学,2025-12-01,二接三,2,阳,2025-11-27,2.39,-12.5,7.6,--+,-5.5,417.0,0,0,11-27,下影,8.0,1.0,4.9,11-28,一字,10.0,0.0,1.8,下影+8→一字+10,13.68,0.0,14.6,2.59,54,61,True,10.01,10.01,True,8.92,3.0,False,5,连板,False,2025-12,2025,,,,,,二接三阳
002633.SZSE,申科股份,2024-10-30,三接四,3,阳,2024-10-25,2.33,-10.3,40.6,+++,18.5,,0,0,10-25,一字,10.0,0.0,1.2,10-28,一字,10.0,0.0,0.3,一字+10→一字+10→一字+10,12.87,2.48,23.1,3.84,118,93,True,0.0,8.24,False,8.24,1.0,False,4,封次日正,False,2024-10,2024,10-29,一字,10.0,0.0,0.8,三接四阳
002633.SZSE,申科股份,2025-03-21,二接三,2,阴,2025-03-19,-3.91,-6.7,26.2,+++,7.0,93.0,0,4,03-19,下影,0.2,1.7,8.6,03-20,下影,0.8,3.2,17.7,下影+0→下影+1,15.7,-0.21,15.6,1.55,39,55,True,8.47,-8.54,False,-8.54,1.0,False,3,封次日负,True,2025-03,2025,,,,,,二接三阴
002636.SZSE,金安国纪,2025-01-16,二接三,2,阳,2025-01-14,-1.13,-24.5,3.1,---,-17.5,222.0,0,0,01-14,实体,0.6,0.1,1.3,01-15,一字,10.0,0.0,1.8,实体+1→一字+10,9.33,0.59,9.6,3.3,59,54,True,0.54,9.97,True,21.11,3.0,False,5,连板,False,2025-01,2025,,,,,,二接三阳
002636.SZSE,金安国纪,2025-01-17,三接四,3,阳,2025-01-14,-1.13,-24.5,3.1,---,-17.5,222.0,0,0,01-14,实体,0.6,0.1,1.3,01-15,一字,10.0,0.0,1.8,实体+1→一字+10→下影+1,10.26,0.54,7.6,1.79,47,59,True,10.04,10.04,True,10.14,2.0,False,5,连板,False,2025-01,2025,01-16,下影,0.6,2.2,9.6,三接四阳
002636.SZSE,金安国纪,2025-07-07,二接三,2,阴,2025-07-03,-4.19,-4.7,45.5,+++,9.5,107.0,0,5,07-03,实体,-0.3,0.0,4.8,07-04,一字,10.0,0.0,0.9,实体-0→一字+10,12.47,-0.97,11.5,2.43,52,30,True,3.13,10.02,True,21.49,3.0,False,5,连板,False,2025-07,2025,,,,,,二接三阴
002636.SZSE,金安国纪,2025-07-08,三接四,3,阴,2025-07-03,-4.19,-4.7,45.5,+++,9.5,107.0,0,5,07-03,实体,-0.3,0.0,4.8,07-04,一字,10.0,0.0,0.9,实体-0→一字+10→下影-1,13.72,3.13,8.8,1.53,57,52,True,9.99,9.99,True,10.42,2.0,False,5,连板,False,2025-07,2025,07-07,下影,-1.0,2.1,11.5,三接四阴
002636.SZSE,金安国纪,2026-06-10,二接三,2,阳,2026-06-08,7.7,-2.1,123.7,+++,21.3,86.0,0,2,06-08,下影,-0.2,1.7,5.5,06-09,下影,10.0,3.1,2.0,下影-0→下影+10,77.42,7.99,5.3,0.81,63,107,True,0.03,9.53,False,9.53,1.0,False,3,封次日正,False,2026-06,2026,,,,,,二接三阳
002636.SZSE,金安国纪,2026-06-11,三接四,3,阳,2026-06-08,7.7,-2.1,123.7,+++,21.3,86.0,0,2,06-08,下影,-0.2,1.7,5.5,06-09,下影,10.0,3.1,2.0,下影-0→下影+10→下影+8,85.16,0.03,12.7,1.68,55,63,False,5.67,5.54,False,5.54,1.0,False,3,炸板,False,2026-06,2026,06-10,下影,8.0,2.2,5.3,三接四阳
002638.SZSE,勤上股份,2023-06-12,二接三,2,阴,2023-06-08,-6.18,-12.8,34.0,+++,10.4,,0,0,06-08,下影,0.0,2.5,16.2,06-09,下影,4.3,3.1,19.5,下影+0→下影+4,4.25,3.63,26.8,1.47,53,57,False,-12.24,-7.76,False,-7.76,1.0,False,2,炸板,True,2023-06,2023,,,,,,二接三阴
002638.SZSE,勤上股份,2024-11-26,二接三,2,阳,2024-11-22,1.33,-13.0,49.0,--+,7.0,352.0,0,0,11-22,下影,-0.9,0.4,9.8,11-25,下影,-0.4,6.0,12.2,下影-1→下影-0,3.04,0.0,18.3,2.06,79,132,False,-20.39,-4.61,True,-8.22,2.0,False,4,炸板,True,2024-11,2024,,,,,,二接三阳
002639.SZSE,雪人集团,2024-12-16,二接三,2,阳,2024-12-12,0.56,-6.8,45.6,+++,3.9,,0,0,12-12,下影,0.3,1.0,15.7,12-13,下影,4.4,0.5,25.8,下影+0→下影+4,9.56,5.98,8.6,0.75,89,84,True,4.6,-10.04,False,-10.04,1.0,False,3,封次日负,True,2024-12,2024,,,,,,二接三阳
002639.SZSE,雪人集团,2025-12-15,二接三,2,阴,2025-12-11,-4.58,-12.2,45.4,+++,12.8,26.0,2,2,12-11,实体,0.5,0.2,23.8,12-12,下影,3.0,1.9,28.5,实体+0→下影+3,19.98,10.02,19.4,0.76,53,67,True,3.5,-4.4,False,-4.4,1.0,False,3,封次日负,True,2025-12,2025,,,,,,二接三阴
002639.SZSE,雪人集团,2026-01-09,二接三,2,阳,2026-01-07,2.1,-7.9,91.7,-++,29.9,15.0,3,3,01-07,实体,-1.2,0.1,38.0,01-08,下影,6.1,2.5,26.4,实体-1→下影+6,26.58,5.88,57.8,1.63,79,77,False,-7.52,1.69,True,2.75,2.0,False,4,炸板,False,2026-01,2026,,,,,,二接三阳
002640.SZSE,跨境通,2024-09-09,二接三,2,阳,2024-09-05,-1.35,-18.0,20.7,+--,-2.0,,0,0,09-05,实体,0.0,0.0,9.9,09-06,实体,1.9,0.0,6.9,实体+0→实体+2,1.95,5.08,21.0,2.39,39,26,True,7.18,10.26,True,-0.51,2.0,False,4,连板,False,2024-09,2024,,,,,,二接三阳
002640.SZSE,跨境通,2024-09-10,三接四,3,阳,2024-09-05,-1.35,-18.0,20.7,+--,-2.0,,0,0,09-05,实体,0.0,0.0,9.9,09-06,实体,1.9,0.0,6.9,实体+0→实体+2→下影+5,2.15,7.18,20.2,1.66,31,39,True,-6.05,-9.77,False,-9.77,1.0,False,4,封次日负,True,2024-09,2024,09-09,下影,5.1,3.4,21.0,三接四阳
002640.SZSE,跨境通,2024-09-26,二接三,2,阳,2024-09-24,5.78,-19.7,43.0,-++,30.7,8.0,4,4,09-24,下影,0.0,2.2,24.4,09-25,下影,0.0,1.5,19.8,下影+0→下影+0,2.43,1.36,29.6,1.44,125,43,True,3.29,0.0,False,0.0,1.0,False,3,封次日正,False,2024-09,2024,,,,,,二接三阳
002640.SZSE,跨境通,2024-09-27,三接四,3,阳,2024-09-24,5.78,-19.7,43.0,-++,30.7,8.0,4,4,09-24,下影,0.0,2.2,24.4,09-25,下影,0.0,1.5,19.8,下影+0→下影+0→下影+1,2.67,3.29,26.5,1.14,107,125,False,-8.24,0.0,True,-0.75,3.0,False,6,炸板,False,2024-09,2024,09-26,下影,1.4,1.4,29.6,三接四阳
002640.SZSE,跨境通,2024-11-26,二接三,2,阳,2024-11-22,1.28,-11.0,134.1,--+,5.7,28.0,4,4,11-22,下影,2.2,3.2,30.4,11-25,下影,4.3,2.6,20.0,下影+2→下影+4,4.21,9.92,29.8,1.44,79,132,False,-16.86,-8.55,True,62.0,8.0,False,10,炸板,True,2024-11,2024,,,,,,二接三阳
002640.SZSE,跨境通,2024-11-29,二接三,2,阴,2024-11-27,-8.62,-16.9,159.3,+++,7.4,2.0,4,4,11-27,实体,0.0,0.0,31.1,11-28,下影,6.0,4.7,46.1,实体+0→下影+6,4.66,-1.42,18.8,0.64,105,75,True,10.09,10.09,True,46.35,5.0,False,7,连板,False,2024-11,2024,,,,,,二接三阴
002640.SZSE,跨境通,2025-04-14,二接三,2,阳,2025-04-10,5.45,-49.2,16.9,---,-31.0,82.0,0,7,04-10,下影,10.0,1.0,4.3,04-11,下影,10.0,4.1,7.2,下影+10→下影+10,3.86,2.56,28.2,2.23,85,64,True,1.81,0.26,False,0.26,1.0,False,3,封次日正,False,2025-04,2025,,,,,,二接三阳
002640.SZSE,跨境通,2025-04-23,二接三,2,阴,2025-04-21,-8.22,-39.4,39.5,+--,-16.4,5.0,3,7,04-21,实体,0.3,0.0,10.0,04-22,一字,10.0,0.0,3.6,实体+0→一字+10,4.61,10.02,42.8,2.3,52,68,False,-8.68,-13.67,False,-13.67,1.0,False,2,炸板,True,2025-04,2025,,,,,,二接三阴
002641.SZSE,公元股份,2025-09-22,二接三,2,阴,2025-09-18,-0.71,-5.8,5.0,+--,-2.1,408.0,0,0,09-18,下影,0.2,0.7,3.6,09-19,一字,9.9,0.0,1.2,下影+0→一字+10,5.61,10.0,15.5,3.19,54,46,False,-19.61,-20.86,False,-20.86,1.0,False,2,炸板,True,2025-09,2025,,,,,,二接三阴
002642.SZSE,荣联科技,2023-10-09,二接三,2,阳,2023-09-27,-6.37,-6.4,40.2,+++,29.9,12.0,2,2,09-27,下影,-2.8,1.9,39.3,09-28,下影,-1.0,4.4,37.9,下影-3→下影-1,11.94,3.23,23.8,0.71,41,32,True,3.52,-6.11,False,-6.11,1.0,False,3,封次日负,True,2023-10,2023,,,,,,二接三阳
002644.SZSE,佛慈制药,2025-07-30,二接三,2,阴,2025-07-28,-0.79,-12.5,16.0,+++,8.3,,0,0,07-28,下影,1.2,0.5,4.8,07-29,下影,10.0,9.6,16.5,下影+1→下影+10,11.76,-3.27,17.4,1.94,40,33,True,-3.91,-10.03,False,-10.03,1.0,False,3,封次日负,True,2025-07,2025,,,,,,二接三阴
002645.SZSE,华宏科技,2024-03-18,二接三,2,阴,2024-03-14,-0.24,-27.8,36.4,++-,33.0,,0,0,03-14,下影,7.2,3.1,6.2,03-15,下影,-2.0,1.4,7.7,下影+7→下影-2,11.12,8.31,12.8,2.23,70,56,False,-9.26,-1.08,False,-1.08,1.0,False,2,炸板,True,2024-03,2024,,,,,,二接三阴
002645.SZSE,华宏科技,2025-07-15,二接三,2,阳,2025-07-11,2.81,-9.4,38.7,+-+,-3.9,320.0,0,0,07-11,下影,1.6,1.5,10.0,07-14,下影,7.0,1.6,14.7,下影+2→下影+7,12.65,10.0,12.2,1.31,38,55,True,1.82,10.04,True,3.0,2.0,False,4,连板,False,2025-07,2025,,,,,,二接三阳
002645.SZSE,华宏科技,2025-07-16,三接四,3,阳,2025-07-11,2.81,-9.4,38.7,+-+,-3.9,320.0,0,0,07-11,下影,1.6,1.5,10.0,07-14,下影,7.0,1.6,14.7,下影+2→下影+7→下影+10,13.92,1.82,27.8,1.95,49,38,True,-1.65,-6.39,False,-6.39,1.0,False,4,封次日负,True,2025-07,2025,07-15,下影,10.0,3.0,12.2,三接四阳
002645.SZSE,华宏科技,2025-08-19,二接三,2,阴,2025-08-15,-1.38,-18.6,71.4,+-+,4.1,19.0,4,4,08-15,实体,-0.4,0.0,8.0,08-18,下影,3.9,1.0,17.1,实体-0→下影+4,18.05,4.51,19.1,1.71,74,78,True,-2.49,-7.59,False,-7.59,1.0,False,3,封次日负,True,2025-08,2025,,,,,,二接三阴
002647.SZSE,仁东控股,2024-10-09,二接三,2,阳,2024-09-30,6.53,-1.5,78.1,+++,38.7,27.0,2,2,09-30,下影,4.5,4.6,13.3,10-08,下影,10.0,8.6,15.0,下影+4→下影+10,7.16,4.45,19.4,1.4,29,352,True,0.56,-10.06,False,-10.06,1.0,False,3,封次日负,True,2024-10,2024,,,,,,二接三阳
002649.SZSE,博彦科技,2024-10-09,二接三,2,阳,2024-09-30,5.33,-0.9,34.6,+++,30.8,,0,0,09-30,实体,5.4,0.0,9.8,10-08,下影,10.0,3.9,9.1,实体+5→下影+10,12.9,1.45,19.6,1.87,29,352,False,1.16,-7.13,False,-7.13,1.0,False,2,炸板,True,2024-10,2024,,,,,,二接三阳
002651.SZSE,利君股份,2024-08-08,二接三,2,阴,2024-08-06,-1.8,-15.4,11.9,++-,7.1,,0,0,08-06,实体,0.2,0.0,2.3,08-07,一字,10.0,0.0,1.3,实体+0→一字+10,7.26,10.0,16.1,3.57,30,42,False,-19.01,-19.01,False,-19.01,1.0,False,2,炸板,True,2024-08,2024,,,,,,二接三阴
002651.SZSE,利君股份,2025-05-09,二接三,2,阳,2025-05-07,2.6,-9.8,27.5,-+-,0.3,119.0,0,2,05-07,下影,1.8,0.6,8.2,05-08,下影,8.3,4.5,23.3,下影+2→下影+8,8.94,6.64,28.0,2.15,27,51,True,-6.15,9.96,True,44.07,4.0,False,6,连板,False,2025-05,2025,,,,,,二接三阳
002651.SZSE,利君股份,2025-05-12,三接四,3,阳,2025-05-07,2.6,-9.8,27.5,-+-,0.3,119.0,0,2,05-07,下影,1.8,0.6,8.2,05-08,下影,8.3,4.5,23.3,下影+2→下影+8→实体+7,9.83,-6.15,20.3,1.22,38,27,True,7.22,9.97,True,31.03,3.0,False,6,连板,False,2025-05,2025,05-09,实体,6.6,0.1,28.0,三接四阳
002652.SZSE,扬子新材,2023-10-13,二接三,2,阴,2023-10-11,-1.33,-11.4,10.9,+-+,-4.5,,0,0,10-11,下影,0.3,0.3,5.8,10-12,下影,9.8,2.5,5.8,下影+0→下影+10,3.95,-0.84,34.2,3.26,28,27,False,-14.18,-16.46,False,-16.46,1.0,False,2,炸板,True,2023-10,2023,,,,,,二接三阴
002652.SZSE,扬子新材,2025-12-29,二接三,2,阴,2025-12-25,0.27,-12.7,8.3,+--,-2.9,537.0,0,0,12-25,下影,0.0,2.7,7.3,12-26,下影,4.5,1.5,11.0,下影+0→下影+4,4.86,1.81,22.2,2.23,64,69,True,-10.08,-10.08,False,-10.08,1.0,False,3,封次日负,True,2025-12,2025,,,,,,二接三阴
002654.SZSE,万润科技,2024-10-29,三接四,3,阳,2024-10-24,-0.62,-11.6,28.7,+++,24.4,164.0,0,0,10-24,下影,-0.1,1.3,5.2,10-25,一字,10.0,0.0,1.8,下影-0→一字+10→一字+10,16.37,10.01,8.6,2.01,93,179,True,7.39,10.02,True,19.49,2.0,False,5,连板,False,2024-10,2024,10-28,一字,10.0,0.0,0.8,三接四阳
002655.SZSE,共达电声,2026-06-23,二接三,2,阳,2026-06-18,4.2,-13.5,139.1,--+,17.3,29.0,2,2,06-18,下影,4.3,3.1,10.5,06-22,下影,10.0,2.2,7.7,下影+4→下影+10,51.56,6.68,25.8,2.11,87,122,False,-8.53,-2.64,False,-2.64,1.0,False,2,炸板,True,2026-06,2026,,,,,,二接三阳
002657.SZSE,中科金财,2024-11-18,三接四,3,阴,2024-11-13,-5.19,-10.7,91.1,+++,27.8,11.0,2,2,11-13,实体,0.1,0.0,20.2,11-14,下影,6.1,1.6,34.5,实体+0→下影+6→一字+10,28.09,9.98,22.1,1.13,74,53,True,-10.0,-10.0,False,-10.0,1.0,False,4,封次日负,True,2024-11,2024,11-15,一字,10.0,0.0,3.9,三接四阴
002658.SZSE,雪迪龙,2025-07-02,二接三,2,阳,2025-06-30,0.71,-11.0,26.5,--+,-2.1,143.0,0,0,06-30,实体,0.4,0.0,11.4,07-01,下影,8.6,1.4,9.0,实体+0→下影+9,9.47,9.99,17.4,2.05,51,49,True,10.03,10.03,True,-0.95,2.0,False,4,连板,False,2025-07,2025,,,,,,二接三阳
002658.SZSE,雪迪龙,2025-07-03,三接四,3,阳,2025-06-30,0.71,-11.0,26.5,--+,-2.1,143.0,0,0,06-30,实体,0.4,0.0,11.4,07-01,下影,8.6,1.4,9.0,实体+0→下影+9→下影+10,10.42,10.03,15.4,1.4,52,51,True,5.66,-9.98,False,-9.98,1.0,False,4,封次日负,True,2025-07,2025,07-02,下影,10.0,5.6,17.4,三接四阳
002660.SZSE,茂硕电源,2024-01-02,二接三,2,阴,2023-12-28,-4.21,-8.1,19.8,+++,5.1,,0,0,12-28,下影,-0.4,1.4,22.7,12-29,下影,4.0,1.8,23.8,下影-0→下影+4,13.62,8.08,9.4,0.59,48,54,True,0.0,-9.91,False,-9.91,1.0,False,3,封次日负,True,2024-01,2024,,,,,,二接三阴
002670.SZSE,国盛证券,2024-04-30,二接三,2,阳,2024-04-26,1.13,-23.9,10.1,+--,-8.5,,0,0,04-26,下影,10.0,2.2,4.7,04-29,一字,10.0,0.0,0.6,下影+10→一字+10,11.94,10.05,5.8,2.0,47,90,True,4.27,7.54,False,7.54,1.0,False,3,封次日正,False,2024-04,2024,,,,,,二接三阳
002670.SZSE,国盛证券,2024-05-06,三接四,3,阳,2024-04-26,1.13,-23.9,10.1,+--,-8.5,,0,0,04-26,下影,10.0,2.2,4.7,04-29,一字,10.0,0.0,0.6,下影+10→一字+10→下影+10,13.13,4.27,15.6,2.76,73,47,False,-1.52,-3.58,False,-3.58,1.0,False,3,炸板,True,2024-05,2024,04-30,下影,10.0,1.0,5.8,三接四阳
002670.SZSE,国盛证券,2024-10-08,二接三,2,阳,2024-09-27,5.54,-5.8,29.6,++-,15.5,102.0,0,3,09-27,下影,2.0,1.7,9.4,09-30,下影,6.1,2.8,8.5,下影+2→下影+6,13.68,9.97,7.5,0.93,352,626,True,-5.34,-10.01,False,-10.01,1.0,False,3,封次日负,True,2024-10,2024,,,,,,二接三阳
002670.SZSE,国盛证券,2024-12-12,二接三,2,阳,2024-12-10,1.24,-7.0,53.8,+++,7.6,45.0,3,3,12-10,下影,10.0,5.1,11.2,12-11,下影,-0.1,2.6,14.1,下影+10→下影-0,17.4,9.99,7.6,0.9,119,119,True,-8.05,10.0,True,-0.98,2.0,False,4,连板,False,2024-12,2024,,,,,,二接三阳
002670.SZSE,国盛证券,2024-12-13,三接四,3,阳,2024-12-10,1.24,-7.0,53.8,+++,7.6,45.0,3,3,12-10,下影,10.0,5.1,11.2,12-11,下影,-0.1,2.6,14.1,下影+10→下影-0→下影+10,19.14,-8.05,16.0,1.5,84,119,True,-6.22,-9.98,False,-9.98,1.0,False,4,封次日负,True,2024-12,2024,12-12,下影,10.0,2.5,7.6,三接四阳
002671.SZSE,龙泉股份,2023-10-27,二接三,2,阳,2023-10-25,3.2,-10.1,16.5,+++,12.4,57.0,2,2,10-25,一字,10.1,0.0,2.5,10-26,一字,10.0,0.0,1.6,一字+10→一字+10,6.88,10.08,30.8,2.69,67,34,True,-9.45,-8.87,False,-8.87,1.0,False,3,封次日负,True,2023-10,2023,,,,,,二接三阳
002673.SZSE,西部证券,2024-10-08,二接三,2,阳,2024-09-27,4.66,-0.1,21.7,+++,13.1,,0,0,09-27,下影,3.3,3.1,5.2,09-30,下影,9.0,4.2,6.2,下影+3→下影+9,9.56,10.01,5.7,1.26,352,626,True,-3.56,-10.04,False,-10.04,1.0,False,3,封次日负,True,2024-10,2024,,,,,,二接三阳
002676.SZSE,顺威股份,2024-03-29,二接三,2,阳,2024-03-27,1.2,-12.9,47.4,+++,7.7,,0,0,03-27,下影,0.5,2.1,6.7,03-28,一字,10.0,0.0,2.7,下影+0→一字+10,5.59,10.04,27.2,3.31,56,59,False,-15.92,-13.24,False,-13.24,1.0,False,2,炸板,True,2024-03,2024,,,,,,二接三阳
002676.SZSE,顺威股份,2024-10-24,二接三,2,阴,2024-10-22,-0.22,-12.1,20.6,-++,15.4,135.0,0,0,10-22,实体,0.7,0.2,5.9,10-23,下影,3.0,3.0,7.1,实体+1→下影+3,6.08,9.95,21.0,2.61,67,76,False,-11.51,-2.63,True,3.78,3.0,False,5,炸板,True,2024-10,2024,,,,,,二接三阴
002676.SZSE,顺威股份,2024-10-29,二接三,2,阴,2024-10-25,-2.71,-11.5,42.0,+++,33.8,2.0,2,2,10-25,实体,0.0,0.0,17.6,10-28,下影,9.6,7.1,12.5,实体+0→下影+10,7.16,4.3,20.6,1.31,93,179,False,-10.2,-7.96,False,-7.96,1.0,False,2,炸板,True,2024-10,2024,,,,,,二接三阴
002678.SZSE,珠江钢琴,2025-06-18,二接三,2,阳,2025-06-16,4.09,-5.4,39.1,+++,13.1,221.0,0,0,06-16,实体,-3.5,0.0,5.1,06-17,实体,5.5,0.0,2.3,实体-4→实体+6,6.78,-0.16,7.6,1.76,29,37,False,-16.08,-23.01,False,-23.01,1.0,False,2,炸板,True,2025-06,2025,,,,,,二接三阳
002678.SZSE,珠江钢琴,2025-10-24,二接三,2,阳,2025-10-22,-0.78,-1.2,19.6,++-,11.5,85.0,0,2,10-22,下影,1.2,1.4,2.9,10-23,实体,3.9,0.0,5.3,下影+1→实体+4,6.81,2.75,6.4,1.55,47,49,True,0.29,-9.99,False,-9.99,1.0,False,3,封次日负,True,2025-10,2025,,,,,,二接三阳
002679.SZSE,福建金森,2025-11-03,二接三,2,阴,2025-10-30,-6.01,-8.8,24.7,+++,9.4,,0,0,10-30,下影,-0.2,4.8,9.1,10-31,实体,0.0,0.0,7.5,下影-0→实体+0,15.4,0.71,19.6,1.76,56,47,False,-17.99,-1.69,True,-4.16,2.0,False,4,炸板,True,2025-11,2025,,,,,,二接三阴
002679.SZSE,福建金森,2026-09-02,三接四,3,阳,2026-08-28,0.73,-0.6,32.0,+++,16.3,176.0,0,0,08-28,下影,0.0,0.6,5.5,08-31,一字,10.0,0.0,2.2,下影+0→一字+10→一字+10,14.2,9.99,19.6,3.12,50,74,False,-22.39,-22.39,False,-22.39,1.0,False,3,炸板,True,2026-09,2026,09-01,一字,10.0,0.0,2.6,三接四阳
002681.SZSE,奋达科技,2024-09-02,三接四,3,阴,2024-08-28,-3.99,-9.5,11.4,+++,3.7,340.0,0,0,08-28,下影,-1.7,1.4,7.7,08-29,一字,10.1,0.0,1.3,下影-2→一字+10→一字+10,5.29,9.98,32.6,3.49,24,47,False,-16.26,-16.26,False,-16.26,1.0,False,3,炸板,True,2024-09,2024,08-30,一字,10.1,0.0,1.3,三接四阴
002681.SZSE,奋达科技,2024-12-06,二接三,2,阴,2024-12-04,-5.51,-5.5,75.9,+++,23.3,61.0,0,3,12-04,下影,0.2,1.1,26.8,12-05,下影,6.0,2.3,7.8,下影+0→下影+6,8.46,10.01,47.0,1.87,94,103,False,-11.11,2.48,True,11.58,4.0,False,6,炸板,False,2024-12,2024,,,,,,二接三阴
002681.SZSE,奋达科技,2024-12-11,二接三,2,阴,2024-12-09,2.47,-6.9,118.3,+++,35.4,2.0,2,3,12-09,实体,-4.6,0.0,17.5,12-10,一字,10.0,0.0,1.0,实体-5→一字+10,10.49,4.19,42.3,1.83,119,82,True,-6.86,-10.01,False,-10.01,1.0,False,3,封次日负,True,2024-12,2024,,,,,,二接三阴
002682.SZSE,龙洲股份,2023-12-27,二接三,2,阳,2023-12-25,-3.6,-21.7,65.0,++-,7.9,38.0,7,7,12-25,下影,-1.7,8.3,25.7,12-26,下影,0.6,0.4,14.4,下影-2→下影+1,8.55,9.27,39.2,1.37,26,35,True,0.0,-6.32,False,-6.32,1.0,False,3,封次日负,True,2023-12,2023,,,,,,二接三阳
002682.SZSE,龙洲股份,2025-11-18,三接四,3,阳,2025-11-13,3.28,-7.4,24.4,+++,17.8,453.0,0,0,11-13,下影,0.0,1.1,8.0,11-14,一字,10.0,0.0,2.1,下影+0→一字+10→一字+10,7.84,9.96,22.2,2.5,37,69,True,0.0,-9.95,False,-9.95,1.0,False,4,封次日负,True,2025-11,2025,11-17,一字,10.0,0.0,0.8,三接四阳
002685.SZSE,华东重机,2024-10-29,二接三,2,阴,2024-10-25,-6.88,-15.3,155.6,+++,109.7,2.0,4,4,10-25,下影,4.3,3.0,25.8,10-28,下影,5.7,2.2,14.6,下影+4→下影+6,9.19,10.06,8.9,0.53,93,179,False,-8.27,3.81,True,11.75,2.0,False,4,炸板,False,2024-10,2024,,,,,,二接三阴
002692.SZSE,远程股份,2023-11-09,二接三,2,阳,2023-11-07,5.13,0.0,23.1,+++,14.5,,0,0,11-07,下影,-0.5,1.7,8.4,11-08,实体,-2.7,0.0,4.5,下影-0→实体-3,5.46,4.84,11.6,2.03,25,41,False,-21.06,-7.69,True,-4.76,2.0,False,4,炸板,True,2023-11,2023,,,,,,二接三阳
002692.SZSE,远程股份,2025-01-22,三接四,3,阴,2025-01-17,-4.59,-12.1,29.5,++-,8.8,6.0,2,2,01-17,下影,-0.9,2.2,7.3,01-20,一字,9.9,0.0,1.5,下影-1→一字+10→一字+10,6.69,10.03,23.2,2.96,36,38,False,-21.97,-26.01,False,-26.01,1.0,False,3,炸板,True,2025-01,2025,01-21,一字,9.9,0.0,0.9,三接四阴
002693.SZSE,双成药业,2023-09-19,二接三,2,阳,2023-09-15,3.79,-12.6,21.7,++-,1.0,,0,0,09-15,下影,0.9,1.8,12.3,09-18,实体,4.0,0.1,15.5,下影+1→实体+4,9.1,2.66,30.3,2.1,19,36,False,-17.91,-14.73,False,-14.73,1.0,False,2,炸板,True,2023-09,2023,,,,,,二接三阳
002693.SZSE,双成药业,2024-10-16,二接三,2,阳,2024-10-14,-9.99,-26.4,301.0,+++,224.0,3.0,14,14,10-14,实体,-4.0,0.0,18.6,10-15,下影,7.0,3.9,16.3,实体-4→下影+7,21.34,4.64,12.5,0.97,67,33,True,9.98,9.98,True,31.77,5.0,False,7,连板,False,2024-10,2024,,,,,,二接三阳
002693.SZSE,双成药业,2024-10-17,三接四,3,阳,2024-10-14,-9.99,-26.4,301.0,+++,224.0,3.0,14,14,10-14,实体,-4.0,0.0,18.6,10-15,下影,7.0,3.9,16.3,实体-4→下影+7→下影+5,23.47,9.98,14.6,1.16,41,67,True,8.14,10.01,True,19.81,4.0,False,7,连板,False,2024-10,2024,10-16,下影,4.6,3.4,12.5,三接四阳
002693.SZSE,双成药业,2024-10-28,二接三,2,阳,2024-10-24,-9.99,-10.0,603.0,+++,268.5,2.0,14,14,10-24,实体,-10.0,0.0,24.1,10-25,下影,6.6,2.5,9.2,实体-10→下影+7,37.42,6.67,35.8,1.83,179,121,True,-3.77,2.54,False,2.54,1.0,False,3,封次日正,False,2024-10,2024,,,,,,二接三阳
002693.SZSE,双成药业,2024-11-21,二接三,2,阴,2024-11-19,1.4,-45.0,420.3,--+,-20.7,16.0,14,14,11-19,下影,3.4,0.8,5.1,11-20,一字,10.0,0.0,1.3,下影+3→一字+10,29.99,10.01,17.0,1.69,88,119,True,-3.3,-9.67,False,-9.67,1.0,False,3,封次日负,True,2024-11,2024,,,,,,二接三阴
002693.SZSE,双成药业,2025-04-16,二接三,2,阳,2025-04-14,5.8,-55.7,32.8,---,-30.0,94.0,0,7,04-14,下影,1.7,2.9,12.4,04-15,下影,-1.0,0.8,17.5,下影+2→下影-1,11.17,1.67,13.4,1.11,40,44,True,3.67,10.03,True,17.46,2.0,False,4,连板,False,2025-04,2025,,,,,,二接三阳
002693.SZSE,双成药业,2025-04-17,三接四,3,阳,2025-04-14,5.8,-55.7,32.8,---,-30.0,94.0,0,7,04-14,下影,1.7,2.9,12.4,04-15,下影,-1.0,0.8,17.5,下影+2→下影-1→实体+2,12.29,3.67,8.4,0.65,78,40,True,9.76,6.75,False,6.75,1.0,False,4,封次日正,False,2025-04,2025,04-16,实体,1.7,0.0,13.4,三接四阳
002696.SZSE,百洋股份,2023-08-25,二接三,2,阴,2023-08-23,0.0,-5.6,9.8,--+,0.2,,0,0,08-23,下影,1.4,0.9,11.4,08-24,实体,-4.8,0.1,22.0,下影+1→实体-5,8.51,6.07,27.4,2.14,16,28,False,-6.7,-5.99,False,-5.99,1.0,False,2,炸板,True,2023-08,2023,,,,,,二接三阴
002697.SZSE,红旗连锁,2025-12-17,二接三,2,阴,2025-12-15,-2.75,-8.7,4.0,+++,-1.7,,0,0,12-15,实体,0.0,0.2,18.0,12-16,实体,3.9,0.0,13.6,实体+0→实体+4,7.54,6.57,35.1,2.2,44,38,False,-12.07,-9.95,False,-9.95,1.0,False,2,炸板,True,2025-12,2025,,,,,,二接三阴
002702.SZSE,海欣食品,2024-12-12,二接三,2,阳,2024-12-10,1.67,-5.6,71.5,+++,9.4,23.0,2,2,12-10,下影,6.8,4.1,10.3,12-11,下影,10.1,2.6,7.6,下影+7→下影+10,6.49,10.0,33.6,2.03,119,119,True,0.31,-1.23,False,-1.23,1.0,False,3,封次日负,True,2024-12,2024,,,,,,二接三阳
002702.SZSE,海欣食品,2025-11-28,二接三,2,阳,2025-11-26,7.3,-9.2,31.4,-++,12.6,231.0,0,0,11-26,实体,0.4,0.2,29.3,11-27,实体,10.0,0.2,8.3,实体+0→实体+10,7.24,-3.04,40.1,1.78,61,41,True,0.97,9.94,True,19.89,4.0,False,6,连板,False,2025-11,2025,,,,,,二接三阳
002702.SZSE,海欣食品,2025-12-01,三接四,3,阳,2025-11-26,7.3,-9.2,31.4,-++,12.6,231.0,0,0,11-26,实体,0.4,0.2,29.3,11-27,实体,10.0,0.2,8.3,实体+0→实体+10→下影-3,7.96,0.97,25.6,1.02,54,61,True,6.41,10.05,True,9.05,3.0,False,6,连板,False,2025-12,2025,11-28,下影,-3.0,7.0,40.1,三接四阳
002703.SZSE,浙江世宝,2023-06-13,二接三,2,阴,2023-06-09,-0.53,-13.2,4.6,-++,-4.8,,0,0,06-09,实体,0.0,0.0,3.2,06-12,实体,0.2,0.2,12.0,实体+0→实体+0,9.94,7.19,14.1,2.16,35,53,True,0.4,-1.11,False,-1.11,1.0,False,3,封次日负,True,2023-06,2023,,,,,,二接三阴
002703.SZSE,浙江世宝,2025-12-18,二接三,2,阴,2025-12-16,-1.65,-20.8,0.8,---,-9.3,118.0,0,2,12-16,一字,10.0,0.0,3.0,12-17,下影,6.3,2.9,25.7,一字+10→下影+6,15.92,-1.11,30.8,2.47,52,44,True,-3.89,9.99,True,16.14,2.0,False,4,连板,False,2025-12,2025,,,,,,二接三阴
002703.SZSE,浙江世宝,2025-12-19,三接四,3,阴,2025-12-16,-1.65,-20.8,0.8,---,-9.3,118.0,0,2,12-16,一字,10.0,0.0,3.0,12-17,下影,6.3,2.9,25.7,一字+10→下影+6→下影-1,17.51,-3.89,15.8,1.03,65,52,True,9.99,5.6,False,5.6,1.0,False,4,封次日正,False,2025-12,2025,12-18,下影,-1.1,3.6,30.8,三接四阴
002708.SZSE,光洋股份,2023-10-16,二接三,2,阴,2023-10-12,-0.88,-7.9,26.0,+-+,7.0,,0,0,10-12,实体,0.0,0.0,10.8,10-13,一字,10.0,0.0,2.4,实体+0→一字+10,10.53,10.03,33.0,2.17,50,28,True,-9.97,-9.97,False,-9.97,1.0,False,3,封次日负,True,2023-10,2023,,,,,,二接三阴
002708.SZSE,光洋股份,2024-01-12,二接三,2,阳,2024-01-10,3.32,-21.5,8.8,-+-,-4.3,61.0,0,3,01-10,下影,-0.4,1.9,8.0,01-11,下影,8.5,7.3,18.9,下影-0→下影+9,10.35,9.99,9.7,1.09,23,47,True,-1.45,-3.38,False,-3.38,1.0,False,3,封次日负,True,2024-01,2024,,,,,,二接三阳
002708.SZSE,光洋股份,2024-01-15,三接四,3,阳,2024-01-10,3.32,-21.5,8.8,-+-,-4.3,61.0,0,3,01-10,下影,-0.4,1.9,8.0,01-11,下影,8.5,7.3,18.9,下影-0→下影+9→下影+10,11.39,-1.45,36.1,2.32,32,23,False,-14.75,-3.42,True,-4.92,2.0,False,5,炸板,True,2024-01,2024,01-12,下影,10.0,2.6,9.7,三接四阳
002712.SZSE,思美传媒,2024-10-31,三接四,3,阳,2024-10-28,4.19,-5.6,46.9,+++,31.0,118.0,0,2,10-28,实体,3.4,0.0,4.6,10-29,一字,10.0,0.0,0.9,实体+3→一字+10→一字+10,6.92,10.02,23.2,3.23,141,118,True,6.94,-9.97,False,-9.97,1.0,False,4,封次日负,True,2024-10,2024,10-30,一字,10.0,0.0,2.5,三接四阳
002713.SZSE,东易日盛,2024-10-23,二接三,2,阴,2024-10-21,-3.66,-13.4,61.2,+++,30.0,69.0,0,4,10-21,下影,3.2,0.3,8.8,10-22,下影,10.1,4.0,4.7,下影+3→下影+10,4.21,9.92,10.0,1.06,76,85,False,-7.6,0.0,True,16.39,4.0,False,6,炸板,False,2024-10,2024,,,,,,二接三阴
002713.SZSE,东易日盛,2024-10-28,二接三,2,阴,2024-10-24,0.0,-9.0,85.0,+++,65.1,2.0,2,4,10-24,实体,1.6,0.0,13.0,10-25,实体,0.0,0.0,20.8,实体+2→实体+0,5.09,0.86,10.8,0.91,179,121,True,1.57,-3.73,False,-3.73,1.0,False,3,封次日负,True,2024-10,2024,,,,,,二接三阴
002713.SZSE,东易日盛,2024-12-09,二接三,2,阴,2024-12-05,-5.28,-13.1,123.1,++-,7.7,2.0,3,4,12-05,下影,-2.4,1.4,14.1,12-06,下影,7.6,2.7,7.0,下影-2→下影+8,6.68,10.05,29.2,1.82,83,94,False,-6.44,-11.98,False,-11.98,1.0,False,2,炸板,True,2024-12,2024,,,,,,二接三阴
002716.SZSE,湖南白银,2026-01-22,二接三,2,阴,2026-01-20,1.08,-2.0,97.4,+++,80.3,128.0,0,0,01-20,下影,2.0,2.4,19.8,01-21,下影,6.3,1.5,17.4,下影+2→下影+6,15.0,-5.21,32.3,1.46,63,72,True,6.67,9.6,False,9.6,1.0,False,3,封次日正,False,2026-01,2026,,,,,,二接三阴
002718.SZSE,友邦吊顶,2024-11-28,二接三,2,阳,2024-11-26,7.07,-0.1,64.6,+++,21.4,32.0,2,2,11-26,下影,-0.9,1.6,10.0,11-27,下影,4.8,1.0,11.8,下影-1→下影+5,18.76,10.03,25.4,2.35,75,77,False,-19.24,-25.37,False,-25.37,1.0,False,2,炸板,True,2024-11,2024,,,,,,二接三阳
002718.SZSE,友邦吊顶,2026-01-05,二接三,2,阴,2025-12-23,-1.72,-11.4,32.4,+--,0.8,221.0,0,0,12-23,下影,0.7,2.1,11.8,12-31,一字,10.0,0.0,1.1,下影+1→一字+10,39.53,9.99,12.7,1.86,74,49,True,8.7,9.99,True,24.41,3.0,False,5,连板,False,2026-01,2026,,,,,,二接三阴
002718.SZSE,友邦吊顶,2026-01-06,三接四,3,阴,2025-12-23,-1.72,-11.4,32.4,+--,0.8,221.0,0,0,12-23,下影,0.7,2.1,11.8,12-31,一字,10.0,0.0,1.1,下影+1→一字+10→下影+10,43.48,8.7,4.6,0.67,96,74,True,10.0,10.0,True,13.11,2.0,False,5,连板,False,2026-01,2026,01-05,下影,10.0,5.0,12.7,三接四阴
002718.SZSE,友邦吊顶,2026-01-14,二接三,2,阳,2026-01-12,4.74,-3.4,129.5,+++,78.4,3.0,5,5,01-12,实体,-2.8,0.0,16.3,01-13,下影,5.4,4.8,14.1,实体-3→下影+5,68.56,2.23,14.0,0.82,79,52,True,-0.83,-10.01,False,-10.01,1.0,False,3,封次日负,True,2026-01,2026,,,,,,二接三阳
002721.SZSE,金一文化,2025-07-07,二接三,2,阴,2025-07-03,-5.41,-12.2,46.9,+-+,7.8,,0,0,07-03,下影,2.4,2.1,10.8,07-04,一字,10.1,0.0,6.2,下影+2→一字+10,4.42,0.0,10.7,1.18,52,30,True,0.9,7.47,False,7.47,1.0,False,3,封次日正,False,2025-07,2025,,,,,,二接三阴
002721.SZSE,金一文化,2025-07-08,三接四,3,阴,2025-07-03,-5.41,-12.2,46.9,+-+,7.8,,0,0,07-03,下影,2.4,2.1,10.8,07-04,一字,10.1,0.0,6.2,下影+2→一字+10→下影+0,4.86,0.9,29.9,2.3,57,52,False,-4.73,0.82,False,0.82,1.0,False,3,炸板,False,2025-07,2025,07-07,下影,0.0,1.0,10.7,三接四阴
002721.SZSE,金一文化,2026-08-07,二接三,2,阴,2026-08-05,-1.22,-21.4,13.6,+++,10.5,263.0,0,0,08-05,下影,-0.4,0.8,1.9,08-06,一字,10.1,0.0,1.0,下影-0→一字+10,3.23,9.86,18.5,3.79,59,69,False,-9.29,-14.24,False,-14.24,1.0,False,2,炸板,True,2026-08,2026,,,,,,二接三阴
002724.SZSE,海洋王,2025-03-18,三接四,3,阳,2025-03-13,1.01,-18.4,10.3,---,-1.0,,0,0,03-13,下影,0.2,3.0,3.2,03-14,一字,10.0,0.0,1.0,下影+0→一字+10→一字+10,7.35,10.03,15.7,3.46,56,54,True,-9.39,-0.82,False,-0.82,1.0,False,4,封次日负,True,2025-03,2025,03-17,一字,10.0,0.0,1.0,三接四阳
002724.SZSE,海洋王,2026-08-17,二接三,2,阳,2026-08-13,2.94,-4.1,20.2,+++,12.7,343.0,0,0,08-13,下影,0.0,0.5,3.9,08-14,实体,9.7,0.2,3.5,下影+0→实体+10,7.46,2.95,17.0,3.12,93,51,False,-8.45,-13.27,False,-13.27,1.0,False,2,炸板,True,2026-08,2026,,,,,,二接三阳
002725.SZSE,跃岭股份,2023-11-21,二接三,2,阴,2023-11-17,-4.81,-8.8,31.8,+++,15.4,46.0,2,2,11-17,实体,0.1,0.0,10.2,11-20,下影,5.4,2.3,41.3,实体+0→下影+5,15.27,-4.76,39.2,1.58,45,50,True,-8.32,-9.95,False,-9.95,1.0,False,3,封次日负,True,2023-11,2023,,,,,,二接三阴
002725.SZSE,跃岭股份,2024-10-28,二接三,2,阳,2024-10-24,4.2,-8.7,49.5,+++,45.7,3.0,2,2,10-24,下影,-3.6,2.0,16.5,10-25,下影,7.7,2.6,10.1,下影-4→下影+8,14.52,7.12,37.5,1.62,179,121,True,0.55,9.99,True,14.67,3.0,False,5,连板,False,2024-10,2024,,,,,,二接三阳
002725.SZSE,跃岭股份,2024-10-29,三接四,3,阳,2024-10-24,4.2,-8.7,49.5,+++,45.7,3.0,2,2,10-24,下影,-3.6,2.0,16.5,10-25,下影,7.7,2.6,10.1,下影-4→下影+8→下影+7,15.97,0.55,34.9,1.43,93,179,True,-2.0,10.02,True,4.26,2.0,False,5,连板,False,2024-10,2024,10-28,下影,7.1,11.7,37.5,三接四阳
002725.SZSE,跃岭股份,2025-12-11,二接三,2,阳,2025-12-09,1.79,-7.3,16.0,++-,5.4,188.0,0,0,12-09,下影,1.4,0.8,15.5,12-10,下影,6.7,5.5,29.6,下影+1→下影+7,21.2,5.03,21.1,1.24,27,50,True,-1.51,-10.0,False,-10.0,1.0,False,3,封次日负,True,2025-12,2025,,,,,,二接三阳
002730.SZSE,电光科技,2024-12-25,三接四,3,阳,2024-12-20,2.53,-9.0,31.1,-++,-0.2,,0,0,12-20,下影,0.2,0.4,8.6,12-23,实体,7.7,0.0,3.5,下影+0→实体+8→一字+10,11.86,10.02,27.4,3.23,31,62,True,-10.03,10.03,True,8.94,3.0,False,6,连板,False,2024-12,2024,12-24,一字,10.0,0.0,1.1,三接四阳
002730.SZSE,电光科技,2025-01-06,二接三,2,阳,2025-01-02,5.73,-13.5,94.6,+++,63.6,3.0,6,6,01-02,实体,-10.0,0.0,19.2,01-03,下影,5.8,11.0,33.2,实体-10→下影+6,18.18,-9.86,31.3,1.16,52,41,False,-25.58,-22.44,False,-22.44,1.0,False,2,炸板,True,2025-01,2025,,,,,,二接三阳
002730.SZSE,电光科技,2025-01-21,二接三,2,阳,2025-01-17,4.97,-8.1,129.2,-++,116.5,6.0,6,6,01-17,实体,-0.1,0.3,13.0,01-20,下影,6.3,0.7,6.3,实体-0→下影+6,22.76,10.0,31.2,1.62,38,62,True,-0.97,10.02,True,8.92,3.0,False,5,连板,False,2025-01,2025,,,,,,二接三阳
002730.SZSE,电光科技,2025-01-22,三接四,3,阳,2025-01-17,4.97,-8.1,129.2,-++,116.5,6.0,6,6,01-17,实体,-0.1,0.3,13.0,01-20,下影,6.3,0.7,6.3,实体-0→下影+6→下影+10,25.04,-0.97,20.5,1.04,36,38,True,2.84,9.98,True,-1.0,2.0,False,5,连板,False,2025-01,2025,01-21,下影,10.0,16.9,31.2,三接四阳
002730.SZSE,电光科技,2025-05-07,二接三,2,阳,2025-04-30,0.77,-46.1,24.2,---,-10.6,62.0,0,6,04-30,一字,10.0,0.0,1.9,05-06,一字,10.0,0.0,1.2,一字+10→一字+10,19.12,10.01,12.2,3.22,50,79,True,-0.99,-4.29,False,-4.29,1.0,False,3,封次日负,True,2025-05,2025,,,,,,二接三阳
002733.SZSE,雄韬股份,2025-01-07,二接三,2,阳,2025-01-03,2.17,-5.7,19.8,+-+,4.0,206.0,0,0,01-03,下影,-2.3,1.6,18.9,01-06,下影,-2.9,3.9,20.2,下影-2→下影-3,18.82,-0.64,10.6,0.73,77,52,True,9.99,9.99,True,8.87,3.0,False,5,连板,False,2025-01,2025,,,,,,二接三阳
002735.SZSE,王子新材,2024-03-25,二接三,2,阳,2024-03-21,2.74,-24.2,79.2,+++,35.3,,0,0,03-21,下影,0.1,2.0,11.4,03-22,下影,-0.4,2.2,18.2,下影+0→下影-0,15.96,5.58,37.0,2.14,36,44,True,-3.7,-10.03,False,-10.03,1.0,False,3,封次日负,True,2024-03,2024,,,,,,二接三阳
002735.SZSE,王子新材,2025-05-20,二接三,2,阳,2025-05-16,7.61,-2.2,52.6,+++,27.6,34.0,2,2,05-16,一字,10.0,0.0,5.5,05-19,下影,3.0,2.1,28.8,一字+10→下影+3,15.26,10.02,15.5,0.72,61,66,True,1.38,2.69,False,2.69,1.0,False,3,封次日正,False,2025-05,2025,,,,,,二接三阳
002735.SZSE,王子新材,2025-05-21,三接四,3,阳,2025-05-16,7.61,-2.2,52.6,+++,27.6,34.0,2,2,05-16,一字,10.0,0.0,5.5,05-19,下影,3.0,2.1,28.8,一字+10→下影+3→下影+10,16.79,1.38,62.7,2.07,45,61,False,-6.91,2.68,True,9.11,3.0,False,6,炸板,False,2025-05,2025,05-20,下影,10.0,1.4,15.5,三接四阳
002741.SZSE,光华科技,2024-12-04,二接三,2,阴,2024-12-02,-10.0,-27.1,64.4,+++,35.0,4.0,5,5,12-02,下影,-3.5,1.2,25.0,12-03,一字,10.0,0.0,7.6,下影-4→一字+10,22.76,10.0,41.7,1.69,69,92,False,-11.86,-11.07,False,-11.07,1.0,False,2,炸板,True,2024-12,2024,,,,,,二接三阴
002741.SZSE,光华科技,2026-06-17,二接三,2,阳,2026-06-15,7.24,-4.9,80.6,+++,30.0,15.0,2,2,06-15,实体,5.2,0.2,7.9,06-16,一字,10.0,0.0,1.1,实体+5→一字+10,39.44,7.89,4.8,0.59,67,105,True,0.89,4.72,False,4.72,1.0,False,3,封次日正,False,2026-06,2026,,,,,,二接三阳
002742.SZSE,冀衡医药,2026-08-28,三接四,3,阳,2026-08-25,4.68,-10.0,33.6,-++,25.0,,0,0,08-25,实体,-0.9,0.0,9.2,08-26,一字,10.0,0.0,2.5,实体-1→一字+10→一字+10,6.24,10.05,42.0,3.29,77,66,True,-9.94,-9.94,False,-9.94,1.0,False,4,封次日负,True,2026-08,2026,08-27,一字,10.1,0.0,1.9,三接四阳
002743.SZSE,富煌钢构,2024-10-28,二接三,2,阳,2024-10-24,4.53,-9.5,28.4,+++,26.2,,0,0,10-24,下影,-0.5,0.7,10.7,10-25,一字,10.0,0.0,1.7,下影-0→一字+10,5.83,10.0,14.4,2.16,179,121,True,-0.51,2.23,False,2.23,1.0,False,3,封次日正,False,2024-10,2024,,,,,,二接三阳
002743.SZSE,富煌钢构,2025-06-03,二接三,2,阴,2025-05-29,-7.84,-15.3,49.6,+++,-1.2,103.0,0,2,05-29,下影,-0.3,1.2,8.2,05-30,下影,0.0,4.0,14.9,下影-0→下影+0,9.08,1.82,20.2,1.59,57,32,False,-10.02,-11.23,False,-11.23,1.0,False,2,炸板,True,2025-06,2025,,,,,,二接三阴
002748.SZSE,世龙实业,2023-12-26,三接四,3,阳,2023-12-21,0.41,-10.4,18.1,+--,-4.6,,0,0,12-21,下影,0.5,1.9,3.5,12-22,一字,10.0,0.0,1.2,下影+1→一字+10→一字+10,14.2,8.44,11.7,3.09,35,30,True,10.0,-10.0,False,-10.0,1.0,False,4,封次日负,True,2023-12,2023,12-25,一字,10.0,0.0,1.5,三接四阳
002748.SZSE,世龙实业,2025-10-23,二接三,2,阳,2025-10-21,1.94,-6.7,18.0,+++,2.9,352.0,0,0,10-21,下影,0.2,1.1,8.2,10-22,实体,-3.5,0.0,8.5,下影+0→实体-3,13.98,0.24,11.9,1.53,49,51,True,3.36,10.01,True,10.87,3.0,False,5,连板,False,2025-10,2025,,,,,,二接三阳
002748.SZSE,世龙实业,2025-10-24,三接四,3,阳,2025-10-21,1.94,-6.7,18.0,+++,2.9,352.0,0,0,10-21,下影,0.2,1.1,8.2,10-22,实体,-3.5,0.0,8.5,下影+0→实体-3→下影+0,15.38,3.36,9.5,1.09,47,49,True,4.75,10.01,True,0.78,2.0,False,5,连板,False,2025-10,2025,10-23,下影,0.2,0.7,11.9,三接四阳
002752.SZSE,昇兴股份,2025-12-10,三接四,3,阴,2025-12-05,-2.97,-10.3,23.2,+++,6.7,,0,0,12-05,下影,-0.6,2.3,5.7,12-08,下影,0.4,1.8,4.7,下影-1→下影+0→一字+10,9.57,10.0,19.1,2.84,50,46,False,-10.55,-19.23,False,-19.23,1.0,False,3,炸板,True,2025-12,2025,12-09,一字,10.0,0.0,0.8,三接四阴
002757.SZSE,南兴股份,2025-01-27,二接三,2,阳,2025-01-23,1.45,-31.5,10.1,---,-9.5,47.0,3,3,01-23,实体,1.7,0.2,13.2,01-24,下影,9.7,2.5,10.2,实体+2→下影+10,18.65,10.03,37.2,2.43,35,53,False,-6.54,-5.95,False,-5.95,1.0,False,2,炸板,True,2025-01,2025,,,,,,二接三阳
002757.SZSE,南兴股份,2026-01-05,二接三,2,阳,2025-12-30,0.5,-13.3,4.6,+--,-7.7,201.0,0,0,12-30,下影,5.0,1.3,8.3,12-31,下影,-0.5,3.7,17.4,下影+5→下影-1,21.42,6.37,20.6,2.12,74,49,True,9.99,9.99,True,0.89,2.0,False,4,连板,False,2026-01,2026,,,,,,二接三阳
002757.SZSE,南兴股份,2026-01-06,三接四,3,阳,2025-12-30,0.5,-13.3,4.6,+--,-7.7,201.0,0,0,12-30,下影,5.0,1.3,8.3,12-31,下影,-0.5,3.7,17.4,下影+5→下影-1→下影+6,23.56,9.99,17.1,1.33,96,74,True,-4.29,-8.28,False,-8.28,1.0,False,4,封次日负,True,2026-01,2026,01-05,下影,6.4,3.3,20.6,三接四阳
002760.SZSE,凤形股份,2025-03-10,二接三,2,阴,2025-03-06,-0.87,-12.9,21.7,+++,5.5,,0,0,03-06,实体,0.0,0.0,3.7,03-07,下影,4.3,3.6,19.7,实体+0→下影+4,24.17,10.01,6.6,0.93,65,45,True,3.43,10.01,True,6.33,2.0,False,4,连板,False,2025-03,2025,,,,,,二接三阴
002760.SZSE,凤形股份,2025-03-11,三接四,3,阴,2025-03-06,-0.87,-12.9,21.7,+++,5.5,,0,0,03-06,实体,0.0,0.0,3.7,03-07,下影,4.3,3.6,19.7,实体+0→下影+4→下影+10,26.59,3.43,27.3,2.27,45,65,True,4.59,-3.35,False,-3.35,1.0,False,4,封次日负,True,2025-03,2025,03-10,下影,10.0,1.3,6.6,三接四阴
002761.SZSE,浙江建投,2024-11-25,三接四,3,阳,2024-11-20,4.64,-7.6,33.0,+++,-1.5,350.0,0,0,11-20,一字,10.0,0.0,0.6,11-21,一字,10.0,0.0,0.3,一字+10→一字+10→一字+10,13.88,9.98,18.1,3.56,132,60,False,-16.79,-22.77,False,-22.77,1.0,False,3,炸板,True,2024-11,2024,11-22,一字,10.0,0.0,0.8,三接四阳
002766.SZSE,索菱股份,2024-12-11,二接三,2,阴,2024-12-09,-0.97,-11.3,56.5,+--,-2.8,114.0,0,5,12-09,下影,0.2,1.5,6.2,12-10,下影,6.9,0.6,4.7,下影+0→下影+7,8.2,2.95,24.0,2.74,119,82,False,-11.1,-12.68,False,-12.68,1.0,False,2,炸板,True,2024-12,2024,,,,,,二接三阴
002766.SZSE,索菱股份,2026-01-06,二接三,2,阴,2025-12-31,-3.17,-13.4,15.1,+++,4.0,258.0,0,0,12-31,下影,3.1,3.8,10.7,01-05,下影,7.9,5.1,6.6,下影+3→下影+8,7.33,4.2,19.9,2.04,96,74,True,9.96,-3.41,False,-3.41,1.0,False,3,封次日负,True,2026-01,2026,,,,,,二接三阴
002766.SZSE,索菱股份,2026-01-07,三接四,3,阴,2025-12-31,-3.17,-13.4,15.1,+++,4.0,258.0,0,0,12-31,下影,3.1,3.8,10.7,01-05,下影,7.9,5.1,6.6,下影+3→下影+8→下影+4,8.06,9.96,30.5,2.1,63,96,False,-11.41,-10.67,False,-10.67,1.0,False,3,炸板,True,2026-01,2026,01-06,下影,4.2,1.7,19.9,三接四阴
002767.SZSE,先锋电子,2023-09-11,二接三,2,阳,2023-09-07,2.94,-0.5,19.0,++-,10.8,,0,0,09-07,下影,-0.5,0.9,7.8,09-08,一字,10.0,0.0,1.6,下影-1→一字+10,20.05,9.98,10.9,1.99,20,26,False,-15.21,-19.6,False,-19.6,1.0,False,2,炸板,True,2023-09,2023,,,,,,二接三阳
002767.SZSE,先锋电子,2023-12-04,二接三,2,阴,2023-11-30,-0.06,-21.9,14.2,-++,3.9,53.0,2,2,11-30,下影,-0.8,0.8,8.1,12-01,下影,8.5,13.1,18.3,下影-1→下影+9,20.83,-2.75,28.3,2.41,47,41,False,-14.31,-12.87,False,-12.87,1.0,False,2,炸板,True,2023-12,2023,,,,,,二接三阴
002767.SZSE,先锋电子,2025-01-21,三接四,3,阴,2025-01-16,0.0,-21.7,11.3,+--,-7.8,146.0,0,0,01-16,下影,10.0,1.5,4.0,01-17,下影,0.0,3.1,14.7,下影+10→下影+0→一字+10,19.14,10.0,13.3,1.84,38,62,True,-5.43,-9.98,False,-9.98,1.0,False,4,封次日负,True,2025-01,2025,01-20,一字,10.0,0.0,2.3,三接四阴
002767.SZSE,先锋电子,2025-03-25,二接三,2,阳,2025-03-21,2.35,-17.7,41.0,+++,2.9,37.0,4,4,03-21,下影,-0.5,0.6,17.0,03-24,一字,10.0,0.0,3.8,下影-0→一字+10,22.03,4.84,31.4,2.36,41,38,True,-5.99,-2.59,False,-2.59,1.0,False,3,封次日负,True,2025-03,2025,,,,,,二接三阳
002767.SZSE,先锋电子,2025-03-26,三接四,3,阳,2025-03-21,2.35,-17.7,41.0,+++,2.9,37.0,4,4,03-21,下影,-0.5,0.6,17.0,03-24,一字,10.0,0.0,3.8,下影-0→一字+10→下影+5,24.23,-5.99,32.1,1.71,56,41,False,-18.28,-20.31,False,-20.31,1.0,False,3,炸板,True,2025-03,2025,03-25,下影,4.8,3.7,31.4,三接四阳
002767.SZSE,先锋电子,2025-10-21,二接三,2,阴,2025-10-17,-2.54,-17.1,7.2,---,-4.4,137.0,0,0,10-17,下影,0.1,1.3,5.9,10-20,下影,3.2,0.7,14.0,下影+0→下影+3,25.03,10.02,21.0,2.3,63,66,True,3.52,-9.55,False,-9.55,1.0,False,3,封次日负,True,2025-10,2025,,,,,,二接三阴
002769.SZSE,普路通,2024-03-29,二接三,2,阳,2024-03-27,1.46,-29.0,57.9,+++,-0.9,25.0,2,2,03-27,一字,10.0,0.0,1.2,03-28,下影,4.8,2.2,4.6,一字+10→下影+5,8.35,8.04,3.3,1.41,56,59,True,10.06,10.06,True,8.98,3.0,False,5,连板,False,2024-03,2024,,,,,,二接三阳
002769.SZSE,普路通,2024-04-01,三接四,3,阳,2024-03-27,1.46,-29.0,57.9,+++,-0.9,25.0,2,2,03-27,一字,10.0,0.0,1.2,03-28,下影,4.8,2.2,4.6,一字+10→下影+5→下影+8,9.19,10.06,16.0,3.01,67,56,True,7.18,10.01,True,-0.98,2.0,False,5,连板,False,2024-04,2024,03-29,下影,8.0,0.9,3.3,三接四阳
002769.SZSE,普路通,2026-01-14,二接三,2,阴,2026-01-12,-0.96,-20.2,37.7,-++,15.6,252.0,0,0,01-12,实体,1.2,0.0,6.3,01-13,实体,1.8,0.0,12.6,实体+1→实体+2,15.13,1.75,21.2,2.13,79,52,False,-7.47,-12.1,False,-12.1,1.0,False,2,炸板,True,2026-01,2026,,,,,,二接三阴
002774.SZSE,快意电梯,2024-12-03,二接三,2,阴,2024-11-29,-0.41,-5.7,37.9,+++,10.2,,0,0,11-29,一字,9.9,0.0,2.4,12-02,一字,10.1,0.0,0.7,一字+10→一字+10,9.64,10.05,17.0,3.35,92,132,False,-14.94,-19.5,False,-19.5,1.0,False,2,炸板,True,2024-12,2024,,,,,,二接三阴
002774.SZSE,快意电梯,2026-01-07,二接三,2,阴,2026-01-05,0.11,-18.1,6.3,++-,-5.8,265.0,0,0,01-05,下影,-0.1,0.9,2.8,01-06,下影,3.3,0.7,8.6,下影-0→下影+3,12.35,-2.05,15.4,2.63,63,96,True,0.0,10.04,True,14.9,3.0,False,5,连板,False,2026-01,2026,,,,,,二接三阴
002774.SZSE,快意电梯,2026-01-08,三接四,3,阴,2026-01-05,0.11,-18.1,6.3,++-,-5.8,265.0,0,0,01-05,下影,-0.1,0.9,2.8,01-06,下影,3.3,0.7,8.6,下影-0→下影+3→下影-2,13.59,0.0,14.6,1.7,77,63,True,4.86,10.01,True,4.42,2.0,False,5,连板,False,2026-01,2026,01-07,下影,-2.0,3.1,15.4,三接四阴
002775.SZSE,文科股份,2024-03-12,二接三,2,阳,2024-03-08,1.98,-38.6,33.7,-+-,-23.0,,0,0,03-08,下影,0.8,0.8,4.1,03-11,一字,9.9,0.0,2.2,下影+1→一字+10,3.43,9.94,16.1,2.89,57,69,False,-11.66,-12.83,False,-12.83,1.0,False,2,炸板,True,2024-03,2024,,,,,,二接三阳
002775.SZSE,文科股份,2024-12-12,二接三,2,阴,2024-12-10,3.01,-5.5,78.2,+++,7.1,183.0,0,0,12-10,下影,2.1,5.1,8.5,12-11,下影,-0.5,2.9,10.8,下影+2→下影-0,5.01,7.69,20.7,2.01,119,119,False,-13.57,-18.36,False,-18.36,1.0,False,2,炸板,True,2024-12,2024,,,,,,二接三阴
002775.SZSE,文科股份,2025-08-04,二接三,2,阴,2025-07-31,-3.38,-11.5,13.6,+++,7.0,154.0,0,0,07-31,下影,1.8,1.0,7.2,08-01,下影,5.7,3.4,12.3,下影+2→下影+6,5.32,6.61,28.1,2.17,41,30,True,-0.38,9.96,True,8.27,2.0,False,4,连板,False,2025-08,2025,,,,,,二接三阴
002775.SZSE,文科股份,2025-08-05,三接四,3,阴,2025-07-31,-3.38,-11.5,13.6,+++,7.0,154.0,0,0,07-31,下影,1.8,1.0,7.2,08-01,下影,5.7,3.4,12.3,下影+2→下影+6→下影+7,5.85,-0.38,31.9,1.87,44,41,True,1.03,-1.54,False,-1.54,1.0,False,4,封次日负,True,2025-08,2025,08-04,下影,6.6,2.1,28.1,三接四阴
002777.SZSE,久远银海,2023-04-10,二接三,2,阳,2023-04-06,8.96,,,,,,0,0,04-06,实体,-2.1,0.1,5.5,04-07,下影,3.8,2.1,4.4,实体-2→下影+4,45.17,10.01,13.1,1.8,13,32,False,-13.64,-8.08,False,-8.08,1.0,False,2,炸板,True,2023-04,2023,,,,,,二接三阳
002777.SZSE,久远银海,2024-10-09,二接三,2,阳,2024-09-30,9.31,-0.6,31.8,+++,27.8,342.0,0,0,09-30,下影,5.2,2.4,8.6,10-08,下影,10.0,9.1,9.6,下影+5→下影+10,20.78,0.0,14.5,1.61,29,352,False,1.06,-13.52,False,-13.52,1.0,False,2,炸板,True,2024-10,2024,,,,,,二接三阳
002778.SZSE,中晟高科,2024-04-02,二接三,2,阳,2024-03-29,1.1,-33.4,50.3,-++,10.4,,0,0,03-29,实体,0.0,0.0,6.2,04-01,下影,0.1,1.4,10.2,实体+0→下影+0,14.73,2.84,21.4,2.35,47,67,False,-20.57,-12.97,False,-12.97,1.0,False,2,炸板,True,2024-04,2024,,,,,,二接三阳
002779.SZSE,中坚科技,2024-02-20,二接三,2,阴,2024-02-08,-4.6,-31.1,9.8,--+,-21.4,,0,0,02-08,下影,0.0,0.7,2.1,02-19,下影,6.4,4.2,2.9,下影+0→下影+6,28.42,-2.09,2.9,1.22,80,186,True,8.69,9.99,True,9.99,2.0,False,4,连板,False,2024-02,2024,,,,,,二接三阴
002779.SZSE,中坚科技,2024-02-21,三接四,3,阴,2024-02-08,-4.6,-31.1,9.8,--+,-21.4,,0,0,02-08,下影,0.0,0.7,2.1,02-19,下影,6.4,4.2,2.9,下影+0→下影+6→下影-2,31.26,8.69,3.5,1.34,93,80,True,3.45,0.0,False,0.0,1.0,False,4,封次日正,False,2024-02,2024,02-20,下影,-2.1,1.0,2.9,三接四阴
002783.SZSE,凯龙股份,2024-01-02,二接三,2,阴,2023-12-28,-3.04,-10.0,16.5,++-,0.2,,0,0,12-28,实体,5.4,0.0,6.0,12-29,一字,10.0,0.0,2.1,实体+5→一字+10,12.75,3.45,34.4,2.71,48,54,False,-16.08,-16.94,False,-16.94,1.0,False,2,炸板,True,2024-01,2024,,,,,,二接三阴
002783.SZSE,凯龙股份,2025-07-23,二接三,2,阴,2025-07-21,-0.33,-2.1,16.9,+++,10.2,374.0,0,0,07-21,下影,4.8,2.0,15.1,07-22,下影,6.4,2.8,14.0,下影+5→下影+6,12.06,7.57,41.6,2.73,43,82,False,-11.28,-9.2,False,-9.2,1.0,False,2,炸板,True,2025-07,2025,,,,,,二接三阴
002786.SZSE,银宝山新,2023-11-14,二接三,2,阴,2023-11-10,-5.96,-9.4,35.8,+++,12.6,58.0,2,2,11-10,下影,-0.1,0.8,13.1,11-13,下影,5.3,2.2,5.4,下影-0→下影+5,10.09,8.72,27.6,1.94,32,31,True,7.73,10.01,True,45.0,6.0,False,8,连板,False,2023-11,2023,,,,,,二接三阴
002786.SZSE,银宝山新,2023-11-15,三接四,3,阴,2023-11-10,-5.96,-9.4,35.8,+++,12.6,58.0,2,2,11-10,下影,-0.1,0.8,13.1,11-13,下影,5.3,2.2,5.4,下影-0→下影+5→下影+9,11.1,7.73,4.5,0.37,46,32,True,10.0,10.0,True,31.8,5.0,False,8,连板,False,2023-11,2023,11-14,下影,8.7,6.0,27.6,三接四阴
002787.SZSE,华源控股,2023-08-09,二接三,2,阳,2023-08-07,3.85,-0.8,18.3,+++,8.6,,0,0,08-07,下影,8.0,3.3,6.6,08-08,下影,4.3,1.2,6.5,下影+8→下影+4,10.42,10.03,23.2,2.56,15,25,False,-17.47,-18.23,False,-18.23,1.0,False,2,炸板,True,2023-08,2023,,,,,,二接三阳
002788.SZSE,鹭燕医药,2025-12-22,三接四,3,阳,2025-12-17,4.45,-6.4,45.4,+++,11.7,,0,0,12-17,下影,3.4,3.2,18.4,12-18,一字,10.0,0.0,1.9,下影+3→一字+10→一字+10,16.82,4.51,26.9,2.03,72,65,True,1.07,9.99,True,16.83,2.0,False,5,连板,False,2025-12,2025,12-19,一字,10.0,0.0,0.8,三接四阳
002788.SZSE,鹭燕医药,2026-01-08,二接三,2,阳,2026-01-06,-2.5,-15.2,158.1,+++,103.0,8.0,5,5,01-06,下影,1.5,2.5,16.7,01-07,下影,5.8,1.1,13.1,下影+2→下影+6,27.49,-0.04,21.3,1.21,77,63,True,-0.98,-2.44,False,-2.44,1.0,False,3,封次日负,True,2026-01,2026,,,,,,二接三阳
002791.SZSE,坚朗五金,2024-09-30,二接三,2,阴,2024-09-26,0.22,-14.7,16.5,+++,11.6,,0,0,09-26,下影,-0.3,0.9,5.0,09-27,下影,4.8,0.9,5.5,下影-0→下影+5,31.01,9.08,4.8,1.08,626,107,True,10.0,6.42,False,6.42,1.0,False,3,封次日正,False,2024-09,2024,,,,,,二接三阴
002791.SZSE,坚朗五金,2024-10-08,三接四,3,阴,2024-09-26,0.22,-14.7,16.5,+++,11.6,,0,0,09-26,下影,-0.3,0.9,5.0,09-27,下影,4.8,0.9,5.5,下影-0→下影+5→下影+9,34.11,10.0,9.4,1.67,352,626,False,-5.6,-12.11,False,-12.11,1.0,False,3,炸板,True,2024-10,2024,09-30,下影,9.1,2.6,4.8,三接四阴
002792.SZSE,通宇通讯,2026-08-05,二接三,2,阳,2026-08-03,5.37,-56.3,10.8,---,-35.2,136.0,0,0,08-03,下影,-0.5,0.4,6.1,08-04,下影,3.3,0.5,5.4,下影-0→下影+3,31.63,6.71,21.9,2.54,93,123,False,3.32,6.89,True,7.81,3.0,False,5,炸板,False,2026-08,2026,,,,,,二接三阳
002796.SZSE,世嘉科技,2024-04-02,二接三,2,阳,2024-03-29,3.83,-17.3,75.7,-++,9.0,29.0,2,2,03-29,实体,2.2,0.0,13.4,04-01,实体,1.1,0.0,8.9,实体+2→实体+1,12.63,5.75,4.5,0.65,47,67,True,9.98,9.98,True,8.87,3.0,False,5,连板,False,2024-04,2024,,,,,,二接三阳
002797.SZSE,第一创业,2024-10-08,二接三,2,阳,2024-09-27,4.64,-0.2,23.4,+++,13.1,,0,0,09-27,下影,2.9,2.4,7.0,09-30,下影,8.5,4.2,8.8,下影+3→下影+9,7.81,10.0,8.2,1.32,352,626,True,-2.94,-9.99,False,-9.99,1.0,False,3,封次日负,True,2024-10,2024,,,,,,二接三阳
002797.SZSE,第一创业,2024-11-01,二接三,2,阳,2024-10-30,1.43,-9.7,43.1,+++,28.4,16.0,3,3,10-30,下影,2.1,1.5,15.4,10-31,下影,3.7,1.7,7.3,下影+2→下影+4,9.45,10.01,30.4,2.22,74,141,False,-8.99,-9.42,False,-9.42,1.0,False,2,炸板,True,2024-11,2024,,,,,,二接三阳
002799.SZSE,环球印务,2025-08-04,二接三,2,阳,2025-07-31,-0.24,-7.4,11.6,+--,-1.8,,0,0,07-31,实体,-0.6,0.1,9.4,08-01,下影,10.0,3.7,11.0,实体-1→下影+10,11.18,10.04,26.8,2.63,41,30,False,-19.32,-21.91,False,-21.91,1.0,False,2,炸板,True,2025-08,2025,,,,,,二接三阳
002800.SZSE,天顺股份,2025-04-11,三接四,3,阳,2025-04-08,-4.13,-8.2,24.0,+-+,1.9,171.0,0,0,04-08,实体,-1.8,0.0,12.7,04-09,下影,10.0,2.8,10.5,实体-2→下影+10→一字+10,15.96,2.96,35.9,2.33,64,125,False,-16.79,-16.79,False,-16.79,1.0,False,3,炸板,True,2025-04,2025,04-10,一字,10.0,0.0,1.0,三接四阳
002800.SZSE,天顺股份,2025-08-12,二接三,2,阳,2025-08-08,0.98,-8.8,22.5,+++,5.2,34.0,2,3,08-08,下影,-0.8,1.5,12.8,08-11,下影,6.7,1.1,8.1,下影-1→下影+7,19.26,9.99,31.1,2.6,42,63,False,-14.12,-17.81,False,-17.81,1.0,False,2,炸板,True,2025-08,2025,,,,,,二接三阳
002802.SZSE,洪汇新材,2023-08-28,二接三,2,阴,2023-08-24,-2.07,-6.7,8.0,+--,-5.6,,0,0,08-24,下影,9.8,1.6,2.4,08-25,下影,6.0,0.8,2.3,下影+10→下影+6,14.5,10.02,11.8,3.3,28,16,False,-17.17,-14.97,False,-14.97,1.0,False,2,炸板,True,2023-08,2023,,,,,,二接三阴
002805.SZSE,丰元股份,2025-11-17,二接三,2,阴,2025-11-13,-3.6,-8.2,46.3,+++,25.9,,0,0,11-13,实体,1.5,0.0,16.2,11-14,下影,10.0,6.5,12.2,实体+2→下影+10,23.85,7.01,29.9,1.56,69,59,True,-0.59,-9.98,False,-9.98,1.0,False,3,封次日负,True,2025-11,2025,,,,,,二接三阴
002805.SZSE,丰元股份,2026-05-06,二接三,2,阳,2026-04-29,2.83,-2.5,21.0,+++,4.5,108.0,0,3,04-29,下影,4.9,1.3,8.8,04-30,下影,9.2,2.2,4.7,下影+5→下影+9,25.14,2.14,24.9,2.35,88,69,True,0.04,-2.47,False,-2.47,1.0,False,3,封次日负,True,2026-05,2026,,,,,,二接三阳
002806.SZSE,华锋股份,2026-06-01,二接三,2,阴,2026-05-28,-3.6,-14.6,23.7,+++,7.7,461.0,0,0,05-28,实体,-0.9,0.0,10.4,05-29,下影,10.0,9.8,31.4,实体-1→下影+10,20.34,4.27,44.3,1.93,109,46,False,-13.08,-0.05,True,-7.57,2.0,False,4,炸板,True,2026-06,2026,,,,,,二接三阴
002809.SZSE,红墙股份,2025-04-21,二接三,2,阴,2025-04-17,-3.06,-15.9,19.6,+--,-10.9,,0,0,04-17,实体,-1.4,0.0,6.9,04-18,下影,8.5,5.1,24.2,实体-1→下影+8,10.54,2.51,44.4,2.69,86,50,True,-9.58,9.96,True,2.66,2.0,False,4,连板,False,2025-04,2025,,,,,,二接三阴
002809.SZSE,红墙股份,2025-04-22,三接四,3,阴,2025-04-17,-3.06,-15.9,19.6,+--,-10.9,,0,0,04-17,实体,-1.4,0.0,6.9,04-18,下影,8.5,5.1,24.2,实体-1→下影+8→下影+3,11.59,-9.58,43.5,1.78,68,86,True,-5.52,-6.64,False,-6.64,1.0,False,4,封次日负,True,2025-04,2025,04-21,下影,2.5,2.3,44.4,三接四阴
002809.SZSE,红墙股份,2025-05-13,二接三,2,阳,2025-05-09,5.12,-3.8,89.1,+++,67.2,10.0,4,4,05-09,下影,0.0,3.2,38.0,05-12,下影,0.7,1.2,36.7,下影+0→下影+1,16.67,0.0,33.8,0.89,41,38,True,4.98,3.84,False,3.84,1.0,False,3,封次日正,False,2025-05,2025,,,,,,二接三阳
002809.SZSE,红墙股份,2025-05-14,三接四,3,阳,2025-05-09,5.12,-3.8,89.1,+++,67.2,10.0,4,4,05-09,下影,0.0,3.2,38.0,05-12,下影,0.7,1.2,36.7,下影+0→下影+1→下影+0,18.34,4.98,53.7,1.31,51,41,False,-5.67,-8.83,False,-8.83,1.0,False,3,炸板,True,2025-05,2025,05-13,下影,0.0,1.9,33.8,三接四阳
002811.SZSE,郑中设计,2025-05-19,二接三,2,阴,2025-05-15,-0.54,-27.0,23.7,++-,5.9,79.0,0,2,05-15,下影,0.4,1.4,3.8,05-16,下影,10.0,4.7,15.9,下影+0→下影+10,12.36,-5.07,22.6,2.52,66,51,True,-2.43,10.03,True,14.89,3.0,False,5,连板,False,2025-05,2025,,,,,,二接三阴
002811.SZSE,郑中设计,2025-05-20,三接四,3,阴,2025-05-15,-0.54,-27.0,23.7,++-,5.9,79.0,0,2,05-15,下影,0.4,1.4,3.8,05-16,下影,10.0,4.7,15.9,下影+0→下影+10→下影-5,13.6,-2.43,14.3,1.24,61,66,True,10.0,10.0,True,4.41,2.0,False,5,连板,False,2025-05,2025,05-19,下影,-5.1,0.4,22.6,三接四阴
002813.SZSE,路畅科技,2024-05-06,二接三,2,阳,2024-04-29,2.61,-20.1,32.6,+--,-8.7,,0,0,04-29,下影,6.2,4.7,2.6,04-30,下影,10.0,0.8,4.2,下影+6→下影+10,36.05,1.31,13.0,3.03,73,47,False,-11.23,-13.26,False,-13.26,1.0,False,2,炸板,True,2024-05,2024,,,,,,二接三阳
002813.SZSE,路畅科技,2025-05-21,三接四,3,阴,2025-05-16,-1.17,-14.4,26.5,+++,7.4,251.0,0,0,05-16,实体,-0.4,0.0,7.9,05-19,下影,10.0,6.4,5.9,实体-0→下影+10→一字+10,32.2,2.49,22.2,2.7,45,61,False,-21.71,-22.58,False,-22.58,1.0,False,3,炸板,True,2025-05,2025,05-20,一字,10.0,0.0,4.3,三接四阴
002819.SZSE,东方中科,2024-01-05,二接三,2,阴,2024-01-03,-1.72,-20.3,14.4,---,-11.8,,0,0,01-03,实体,0.1,0.0,3.8,01-04,下影,2.9,1.6,5.4,实体+0→下影+3,33.51,10.01,8.6,1.98,18,37,True,7.46,10.0,True,-1.01,2.0,False,4,连板,False,2024-01,2024,,,,,,二接三阴
002819.SZSE,东方中科,2024-01-08,三接四,3,阴,2024-01-03,-1.72,-20.3,14.4,---,-11.8,,0,0,01-03,实体,0.1,0.0,3.8,01-04,下影,2.9,1.6,5.4,实体+0→下影+3→下影+10,36.86,7.46,8.8,1.57,29,18,True,-2.58,-10.01,False,-10.01,1.0,False,4,封次日负,True,2024-01,2024,01-05,下影,10.0,4.3,8.6,三接四阴
002819.SZSE,东方中科,2025-05-20,二接三,2,阴,2025-05-16,-6.07,-9.6,35.7,+++,15.2,196.0,0,0,05-16,下影,6.1,2.6,14.8,05-19,下影,-1.9,1.3,16.3,下影+6→下影-2,40.76,1.08,24.7,1.5,61,66,False,-14.11,-18.99,False,-18.99,1.0,False,2,炸板,True,2025-05,2025,,,,,,二接三阴
002820.SZSE,桂发祥,2024-11-26,二接三,2,阳,2024-11-22,2.52,-2.9,33.9,-++,11.3,,0,0,11-22,下影,-0.9,0.9,19.5,11-25,下影,-0.1,4.6,23.2,下影-1→下影-0,11.94,5.07,8.6,0.72,79,132,True,9.97,9.97,True,59.38,7.0,False,9,连板,False,2024-11,2024,,,,,,二接三阳
002820.SZSE,桂发祥,2025-08-13,二接三,2,阳,2025-08-11,0.62,-9.2,9.0,+--,-2.6,78.0,0,2,08-11,下影,0.9,1.3,20.8,08-12,下影,1.3,0.3,27.8,下影+1→下影+1,15.05,10.01,26.1,1.59,80,42,True,-5.58,2.33,False,2.33,1.0,False,3,封次日正,False,2025-08,2025,,,,,,二接三阳
002823.SZSE,凯中精密,2024-06-27,二接三,2,阴,2024-06-25,-5.71,-28.7,14.8,+--,-13.0,36.0,2,2,06-25,一字,10.0,0.0,0.8,06-26,一字,10.0,0.0,1.8,一字+10→一字+10,13.19,10.01,13.8,3.4,17,31,True,-2.12,-7.51,False,-7.51,1.0,False,3,封次日负,True,2024-06,2024,,,,,,二接三阴
002823.SZSE,凯中精密,2024-07-10,二接三,2,阴,2024-07-08,-2.37,-10.6,52.7,+++,31.5,7.0,3,3,07-08,实体,1.3,0.2,14.5,07-09,下影,4.8,2.3,26.8,实体+1→下影+5,17.55,5.77,18.4,0.89,34,36,True,2.74,-3.53,False,-3.53,1.0,False,3,封次日负,True,2024-07,2024,,,,,,二接三阴
002824.SZSE,和胜股份,2026-04-13,二接三,2,阳,2026-04-09,5.03,-17.6,26.0,++-,1.1,,0,0,04-09,下影,-0.4,0.8,12.6,04-10,下影,7.8,2.0,12.6,下影-0→下影+8,27.8,-1.11,27.7,2.17,52,53,False,-0.58,-3.13,False,-3.13,1.0,False,2,炸板,True,2026-04,2026,,,,,,二接三阳
002827.SZSE,高争民爆,2024-05-07,二接三,2,阳,2024-04-30,0.69,-14.0,44.7,+--,-4.0,132.0,0,0,04-30,下影,1.8,2.7,7.7,05-06,下影,1.9,1.7,8.5,下影+2→下影+2,19.35,1.25,9.3,1.53,41,73,True,3.36,2.95,False,2.95,1.0,False,3,封次日正,False,2024-05,2024,,,,,,二接三阳
002827.SZSE,高争民爆,2024-08-15,二接三,2,阴,2024-08-13,-1.71,-18.6,16.5,++-,-4.2,69.0,0,3,08-13,实体,0.0,0.0,6.7,08-14,下影,7.8,0.5,2.7,实体+0→下影+8,29.11,0.3,18.0,2.22,31,25,False,-10.68,-12.92,False,-12.92,1.0,False,2,炸板,True,2024-08,2024,,,,,,二接三阴
002827.SZSE,高争民爆,2025-07-24,三接四,3,阴,2025-07-21,-3.5,-6.6,45.5,+++,18.4,224.0,0,0,07-21,一字,10.0,0.0,1.1,07-22,一字,10.0,0.0,0.1,一字+10→一字+10→一字+10,56.51,7.22,21.7,3.69,61,43,True,-0.9,-4.51,False,-4.51,1.0,False,4,封次日负,True,2025-07,2025,07-23,一字,10.0,0.0,0.3,三接四阴
002827.SZSE,高争民爆,2026-07-31,二接三,2,阳,2026-07-29,2.93,-23.3,17.1,++-,7.7,245.0,0,0,07-29,一字,10.0,0.0,0.8,07-30,一字,10.0,0.0,0.6,一字+10→一字+10,34.6,10.02,8.0,2.79,87,46,True,10.0,10.0,True,29.36,3.0,False,5,连板,False,2026-07,2026,,,,,,二接三阳
002827.SZSE,高争民爆,2026-08-03,三接四,3,阳,2026-07-29,2.93,-23.3,17.1,++-,7.7,245.0,0,0,07-29,一字,10.0,0.0,0.8,07-30,一字,10.0,0.0,0.6,一字+10→一字+10→下影+10,38.06,10.0,3.0,0.97,69,87,True,10.01,10.01,True,17.6,2.0,False,5,连板,False,2026-08,2026,07-31,下影,10.0,3.0,8.0,三接四阳
002827.SZSE,高争民爆,2026-08-10,二接三,2,阳,2026-08-06,6.9,-2.8,101.6,+++,95.5,2.0,5,5,08-06,下影,9.2,3.6,6.4,08-07,下影,8.2,6.2,8.2,下影+9→下影+8,59.58,7.09,4.8,0.42,93,59,True,0.0,-1.63,False,-1.63,1.0,False,3,封次日负,True,2026-08,2026,,,,,,二接三阳
002828.SZSE,贝肯能源,2023-09-28,二接三,2,阳,2023-09-26,-1.15,-6.0,15.4,+++,8.2,,0,0,09-26,下影,-0.6,0.3,25.9,09-27,实体,4.4,0.1,24.8,下影-1→实体+4,12.58,8.92,47.8,1.83,32,25,True,-2.15,10.02,True,8.9,3.0,False,5,连板,False,2023-09,2023,,,,,,二接三阳
002828.SZSE,贝肯能源,2023-10-09,三接四,3,阳,2023-09-26,-1.15,-6.0,15.4,+++,8.2,,0,0,09-26,下影,-0.6,0.3,25.9,09-27,实体,4.4,0.1,24.8,下影-1→实体+4→下影+9,13.84,-2.15,47.1,1.49,41,32,True,1.3,9.97,True,-1.01,2.0,False,5,连板,False,2023-10,2023,09-28,下影,8.9,12.8,47.8,三接四阳
002828.SZSE,贝肯能源,2025-06-17,二接三,2,阴,2025-06-13,0.0,-7.0,35.5,+++,2.5,401.0,0,0,06-13,下影,10.0,3.4,19.3,06-16,一字,10.0,0.0,3.4,下影+10→一字+10,12.21,-3.15,55.3,2.97,37,41,True,3.03,9.99,True,10.4,2.0,False,4,连板,False,2025-06,2025,,,,,,二接三阴
002828.SZSE,贝肯能源,2025-06-18,三接四,3,阴,2025-06-13,0.0,-7.0,35.5,+++,2.5,401.0,0,0,06-13,下影,10.0,3.4,19.3,06-16,一字,10.0,0.0,3.4,下影+10→一字+10→下影-3,13.43,3.03,48.7,1.76,29,37,True,-3.2,0.37,False,0.37,1.0,False,4,封次日正,False,2025-06,2025,06-17,下影,-3.2,2.0,55.3,三接四阴
002829.SZSE,星网宇达,2024-08-05,二接三,2,阴,2024-08-01,-2.23,-10.2,66.2,+++,55.7,13.0,5,5,08-01,实体,-2.4,0.1,17.1,08-02,下影,6.8,0.7,7.7,实体-2→下影+7,26.22,7.8,46.4,1.71,38,39,False,-19.34,-19.34,False,-19.34,1.0,False,2,炸板,True,2024-08,2024,,,,,,二接三阴
002830.SZSE,名雕股份,2026-02-03,二接三,2,阳,2026-01-30,1.05,-14.0,21.8,-++,5.6,38.0,2,2,01-30,下影,-0.7,0.9,9.2,02-02,下影,5.0,7.9,22.3,下影-1→下影+5,28.14,-2.74,23.3,1.69,61,32,True,0.18,9.99,True,-1.0,2.0,False,4,连板,False,2026-02,2026,,,,,,二接三阳
002830.SZSE,名雕股份,2026-02-04,三接四,3,阳,2026-01-30,1.05,-14.0,21.8,-++,5.6,38.0,2,2,01-30,下影,-0.7,0.9,9.2,02-02,下影,5.0,7.9,22.3,下影-1→下影+5→下影-3,30.95,0.18,17.0,1.08,57,61,True,0.19,-9.98,False,-9.98,1.0,False,4,封次日负,True,2026-02,2026,02-03,下影,-2.7,0.7,23.3,三接四阳
002832.SZSE,比音勒芬,2024-10-08,二接三,2,阳,2024-09-27,9.5,-17.1,21.4,+--,10.9,,0,0,09-27,下影,4.4,2.7,4.6,09-30,下影,8.6,5.8,5.4,下影+4→下影+9,26.7,10.01,7.0,1.53,352,626,False,-10.86,-17.98,False,-17.98,1.0,False,2,炸板,True,2024-10,2024,,,,,,二接三阳
002836.SZSE,新宏泽,2025-04-21,二接三,2,阴,2025-04-17,-0.99,-11.8,20.3,+--,-6.9,,0,0,04-17,一字,10.0,0.0,3.0,04-18,一字,10.0,0.0,1.1,一字+10→一字+10,10.66,10.01,16.7,3.23,86,50,False,-17.45,-20.54,False,-20.54,1.0,False,2,炸板,True,2025-04,2025,,,,,,二接三阴
002838.SZSE,道恩股份,2024-11-13,二接三,2,阳,2024-10-28,4.04,-0.6,49.6,+++,39.6,,0,0,10-28,实体,0.0,0.0,5.2,11-12,一字,10.0,0.0,0.3,实体+0→一字+10,16.09,9.98,11.6,2.86,50,65,False,-8.64,-17.4,False,-17.4,1.0,False,2,炸板,True,2024-11,2024,,,,,,二接三阳
002841.SZSE,视源股份,2026-07-09,二接三,2,阳,2026-07-07,2.14,-2.9,24.2,++-,9.8,,0,0,07-07,一字,10.0,0.0,1.1,07-08,下影,5.6,0.7,5.5,一字+10→下影+6,52.13,-4.81,9.7,2.26,63,41,True,3.34,0.61,False,0.61,1.0,False,3,封次日正,False,2026-07,2026,,,,,,二接三阳
002843.SZSE,泰嘉股份,2023-06-05,二接三,2,阴,2023-06-01,-4.16,-6.5,20.6,+++,13.1,,0,0,06-01,下影,-0.2,0.6,10.2,06-02,实体,1.2,0.1,9.0,下影-0→实体+1,23.91,1.2,15.1,1.53,35,45,False,-7.99,-14.18,False,-14.18,1.0,False,2,炸板,True,2023-06,2023,,,,,,二接三阴
002843.SZSE,泰嘉股份,2026-03-02,二接三,2,阴,2026-02-26,2.5,-7.5,22.1,+--,-3.8,489.0,0,0,02-26,下影,7.1,3.8,13.8,02-27,一字,10.0,0.0,4.2,下影+7→一字+10,27.8,6.25,9.5,0.87,77,69,True,4.32,4.28,False,4.28,1.0,False,3,封次日正,False,2026-03,2026,,,,,,二接三阴
002843.SZSE,泰嘉股份,2026-03-03,三接四,3,阴,2026-02-26,2.5,-7.5,22.1,+--,-3.8,489.0,0,0,02-26,下影,7.1,3.8,13.8,02-27,一字,10.0,0.0,4.2,下影+7→一字+10→下影+6,30.58,4.32,40.2,2.36,67,77,False,-5.59,-7.75,False,-7.75,1.0,False,3,炸板,True,2026-03,2026,03-02,下影,6.3,1.4,9.5,三接四阴
002846.SZSE,英联股份,2023-06-28,二接三,2,阳,2023-06-26,2.97,-6.9,32.9,+++,6.0,,0,0,06-26,实体,0.7,0.0,11.5,06-27,下影,8.4,5.0,7.5,实体+1→下影+8,13.83,3.74,25.0,2.26,28,48,False,-13.38,-15.76,False,-15.76,1.0,False,2,炸板,True,2023-06,2023,,,,,,二接三阳
002846.SZSE,英联股份,2023-07-04,二接三,2,阴,2023-06-30,-5.82,-15.8,49.0,+++,22.1,3.0,2,2,06-30,下影,-0.6,0.9,12.0,07-03,下影,9.9,2.0,5.1,下影-1→下影+10,15.51,8.72,24.8,1.48,42,39,False,-8.25,-9.86,False,-9.86,1.0,False,2,炸板,True,2023-07,2023,,,,,,二接三阴
002846.SZSE,英联股份,2025-06-24,二接三,2,阴,2025-06-20,-3.83,-14.9,57.7,-++,14.9,307.0,0,0,06-20,下影,0.0,0.8,18.0,06-23,下影,-0.6,2.2,27.6,下影+0→下影-1,16.4,1.14,27.2,1.31,53,60,True,4.33,10.0,True,14.82,2.0,False,4,连板,False,2025-06,2025,,,,,,二接三阴
002846.SZSE,英联股份,2025-06-25,三接四,3,阴,2025-06-20,-3.83,-14.9,57.7,-++,14.9,307.0,0,0,06-20,下影,0.0,0.8,18.0,06-23,下影,-0.6,2.2,27.6,下影+0→下影-1→下影+1,18.04,4.33,31.6,1.31,50,53,True,-2.99,4.38,False,4.38,1.0,False,4,封次日正,False,2025-06,2025,06-24,下影,1.1,2.5,27.2,三接四阴
002848.SZSE,高斯贝尔,2024-03-05,三接四,3,阴,2024-02-29,-9.99,-48.8,50.2,+--,-19.1,100.0,0,2,02-29,实体,-4.3,0.0,9.6,03-01,下影,2.1,0.6,6.1,实体-4→下影+2→一字+10,11.47,9.97,32.7,2.53,38,61,False,-21.01,-22.23,False,-22.23,1.0,False,3,炸板,True,2024-03,2024,03-04,一字,10.0,0.0,4.0,三接四阴
002849.SZSE,威星智能,2024-11-12,二接三,2,阳,2024-11-08,1.0,-3.0,84.5,+++,29.1,176.0,0,0,11-08,实体,0.0,0.0,10.2,11-11,一字,10.0,0.0,0.6,实体+0→一字+10,21.56,10.0,29.7,3.05,65,108,False,-6.77,-10.71,False,-10.71,1.0,False,2,炸板,True,2024-11,2024,,,,,,二接三阳
002850.SZSE,科达利,2024-10-08,二接三,2,阳,2024-09-27,0.94,-4.3,17.2,-++,14.1,,0,0,09-27,实体,1.4,0.0,2.6,09-30,下影,7.0,6.0,3.4,实体+1→下影+7,106.87,10.01,4.1,1.44,352,626,False,-4.73,-6.41,False,-6.41,1.0,False,2,炸板,True,2024-10,2024,,,,,,二接三阳
002851.SZSE,麦格米特,2024-10-23,三接四,3,阳,2024-10-18,6.17,-3.5,41.8,+++,32.6,,0,0,10-18,一字,10.0,0.0,0.9,10-21,一字,10.0,0.0,0.4,一字+10→一字+10→一字+10,45.08,6.86,26.0,3.42,76,85,True,-0.62,3.93,False,3.93,1.0,False,4,封次日正,False,2024-10,2024,10-22,一字,10.0,0.0,1.4,三接四阳
002851.SZSE,麦格米特,2024-12-23,二接三,2,阳,2024-12-19,3.02,-9.9,111.0,++-,3.9,41.0,4,4,12-19,实体,1.3,0.0,4.5,12-20,下影,7.2,3.4,8.8,实体+1→下影+7,61.79,7.0,18.7,1.72,26,68,False,-3.71,-5.81,False,-5.81,1.0,False,2,炸板,True,2024-12,2024,,,,,,二接三阳
002852.SZSE,道道全,2023-04-19,二接三,2,阴,2023-04-17,-2.03,,,,,,0,0,04-17,一字,10.0,0.0,1.6,04-18,下影,5.0,3.7,18.9,一字+10→下影+5,16.08,3.97,17.7,1.94,23,15,False,-3.54,-4.54,False,-4.54,1.0,False,2,炸板,True,2023-04,2023,,,,,,二接三阴
002853.SZSE,皮阿诺,2025-12-17,二接三,2,阴,2025-12-08,-0.27,-2.6,32.0,+++,10.4,216.0,0,0,12-08,下影,1.8,1.2,7.3,12-16,一字,10.0,0.0,2.0,下影+2→一字+10,19.65,1.4,20.9,2.89,44,38,True,8.4,10.03,True,14.5,2.0,False,4,连板,False,2025-12,2025,,,,,,二接三阴
002853.SZSE,皮阿诺,2025-12-18,三接四,3,阴,2025-12-08,-0.27,-2.6,32.0,+++,10.4,216.0,0,0,12-08,下影,1.8,1.2,7.3,12-16,一字,10.0,0.0,2.0,下影+2→一字+10→下影+1,21.62,8.4,4.4,0.58,52,44,True,1.43,4.07,False,4.07,1.0,False,4,封次日正,False,2025-12,2025,12-17,下影,1.4,9.9,20.9,三接四阴
002855.SZSE,捷荣技术,2023-09-01,二接三,2,阳,2023-08-30,7.99,-9.0,10.9,---,0.5,,0,0,08-30,一字,10.0,0.0,1.0,08-31,一字,10.0,0.0,1.5,一字+10→一字+10,13.31,7.36,6.8,3.01,17,23,True,9.99,9.99,True,43.5,4.0,False,6,连板,False,2023-09,2023,,,,,,二接三阳
002855.SZSE,捷荣技术,2023-09-04,三接四,3,阳,2023-08-30,7.99,-9.0,10.9,---,0.5,,0,0,08-30,一字,10.0,0.0,1.0,08-31,一字,10.0,0.0,1.5,一字+10→一字+10→下影+7,14.64,9.99,6.8,1.96,40,17,True,9.97,9.97,True,30.46,3.0,False,6,连板,False,2023-09,2023,09-01,下影,7.4,0.4,6.8,三接四阳
002855.SZSE,捷荣技术,2023-09-22,二接三,2,阳,2023-09-20,3.33,-5.8,199.3,+++,182.7,4.0,6,6,09-20,下影,-1.9,3.7,20.0,09-21,下影,1.0,3.0,14.8,下影-2→下影+1,35.94,4.01,17.0,0.95,24,13,True,5.56,9.99,True,34.2,4.0,False,6,连板,False,2023-09,2023,,,,,,二接三阳
002855.SZSE,捷荣技术,2023-09-25,三接四,3,阳,2023-09-20,3.33,-5.8,199.3,+++,182.7,4.0,6,6,09-20,下影,-1.9,3.7,20.0,09-21,下影,1.0,3.0,14.8,下影-2→下影+1→下影+4,39.53,5.56,10.5,0.63,23,24,True,4.98,9.99,True,22.01,3.0,False,6,连板,False,2023-09,2023,09-22,下影,4.0,3.0,17.0,三接四阳
002855.SZSE,捷荣技术,2023-10-26,二接三,2,阴,2023-10-24,-8.28,-27.2,322.4,-++,47.0,13.0,6,6,10-24,下影,1.6,2.4,15.9,10-25,下影,0.1,7.0,15.8,下影+2→下影+0,50.71,1.61,25.8,1.51,34,52,False,-26.21,-26.21,False,-26.21,1.0,False,2,炸板,True,2023-10,2023,,,,,,二接三阴
002855.SZSE,捷荣技术,2023-12-25,二接三,2,阳,2023-12-21,3.64,-38.6,26.1,+--,-18.4,30.0,6,6,12-21,下影,-1.4,0.9,19.2,12-22,实体,3.1,0.2,24.0,下影-1→实体+3,42.81,1.67,23.2,1.21,30,18,True,2.08,10.0,True,-1.0,2.0,False,4,连板,False,2023-12,2023,,,,,,二接三阳
002855.SZSE,捷荣技术,2023-12-26,三接四,3,阳,2023-12-21,3.64,-38.6,26.1,+--,-18.4,30.0,6,6,12-21,下影,-1.4,0.9,19.2,12-22,实体,3.1,0.2,24.0,下影-1→实体+3→下影+2,47.09,2.08,23.0,1.12,35,30,True,-4.44,-10.0,False,-10.0,1.0,False,4,封次日负,True,2023-12,2023,12-25,下影,1.7,11.7,23.2,三接四阳
002857.SZSE,三晖电气,2024-03-11,二接三,2,阳,2024-03-07,4.08,-32.8,56.8,-+-,-14.1,,0,0,03-07,下影,0.7,2.3,4.7,03-08,实体,5.9,0.0,2.6,下影+1→实体+6,15.29,10.0,6.4,1.76,69,52,True,4.64,-4.77,False,-4.77,1.0,False,3,封次日负,True,2024-03,2024,,,,,,二接三阳
002857.SZSE,三晖电气,2024-03-12,三接四,3,阳,2024-03-07,4.08,-32.8,56.8,-+-,-14.1,,0,0,03-07,下影,0.7,2.3,4.7,03-08,实体,5.9,0.0,2.6,下影+1→实体+6→下影+10,16.82,4.64,17.8,2.64,57,69,False,-16.94,-20.39,False,-20.39,1.0,False,3,炸板,True,2024-03,2024,03-11,下影,10.0,8.6,6.4,三接四阳
002861.SZSE,瀛通通讯,2023-09-06,二接三,2,阳,2023-09-04,1.29,-3.1,18.1,+--,1.4,,0,0,09-04,下影,1.1,1.8,13.7,09-05,一字,10.0,0.0,3.7,下影+1→一字+10,15.7,6.52,42.6,2.94,25,13,False,-16.5,-17.39,False,-17.39,1.0,False,2,炸板,True,2023-09,2023,,,,,,二接三阳
002861.SZSE,瀛通通讯,2024-06-28,二接三,2,阳,2024-06-26,1.77,-33.4,11.8,-+-,-12.1,9.0,2,2,06-26,下影,0.0,2.5,5.8,06-27,下影,0.6,2.0,16.7,下影+0→下影+1,10.69,0.72,14.7,1.52,23,17,True,10.01,10.01,True,-1.03,2.0,False,4,连板,False,2024-06,2024,,,,,,二接三阳
002861.SZSE,瀛通通讯,2024-07-01,三接四,3,阳,2024-06-26,1.77,-33.4,11.8,-+-,-12.1,9.0,2,2,06-26,下影,0.0,2.5,5.8,06-27,下影,0.6,2.0,16.7,下影+0→下影+1→下影+1,11.76,10.01,11.2,1.05,26,23,True,5.36,-10.03,False,-10.03,1.0,False,4,封次日负,True,2024-07,2024,06-28,下影,0.7,5.0,14.7,三接四阳
002861.SZSE,瀛通通讯,2025-01-21,三接四,3,阴,2025-01-16,0.38,-34.3,11.2,---,-23.7,102.0,0,2,01-16,下影,1.0,0.9,12.6,01-17,下影,9.5,19.5,12.7,下影+1→下影+10→一字+10,15.55,9.97,11.5,1.21,38,62,True,10.03,10.03,True,-0.96,2.0,False,5,连板,False,2025-01,2025,01-20,一字,10.0,0.0,3.4,三接四阴
002862.SZSE,实丰文化,2023-12-18,二接三,2,阴,2023-12-14,-2.87,-11.4,14.8,+++,1.6,,0,0,12-14,实体,-1.5,0.0,25.1,12-15,下影,-6.4,0.5,35.0,实体-2→下影-6,23.01,8.22,30.0,1.33,29,42,True,7.0,10.0,True,4.69,2.0,False,4,连板,False,2023-12,2023,,,,,,二接三阴
002862.SZSE,实丰文化,2023-12-19,三接四,3,阴,2023-12-14,-2.87,-11.4,14.8,+++,1.6,,0,0,12-14,实体,-1.5,0.0,25.1,12-15,下影,-6.4,0.5,35.0,实体-2→下影-6→下影+8,25.31,7.0,23.5,0.95,19,29,True,6.68,-4.82,False,-4.82,1.0,False,4,封次日负,True,2023-12,2023,12-18,下影,8.2,8.3,30.0,三接四阴
002862.SZSE,实丰文化,2024-03-22,二接三,2,阳,2024-03-20,2.03,-51.1,76.6,+++,35.6,59.0,4,4,03-20,下影,-0.7,0.7,17.1,03-21,下影,8.0,2.1,7.4,下影-1→下影+8,18.11,10.02,41.3,2.27,44,56,False,-18.77,-18.77,False,-18.77,1.0,False,2,炸板,True,2024-03,2024,,,,,,二接三阳
002865.SZSE,钧达股份,2024-10-29,二接三,2,阳,2024-10-25,1.01,-7.3,59.2,+++,49.9,350.0,0,0,10-25,实体,3.0,0.0,5.7,10-28,下影,2.3,1.0,12.9,实体+3→下影+2,72.14,6.21,13.2,1.05,93,179,False,-9.95,0.69,False,0.69,1.0,False,2,炸板,False,2024-10,2024,,,,,,二接三阳
002865.SZSE,钧达股份,2026-01-26,二接三,2,阴,2026-01-22,-2.46,-14.6,129.1,+++,66.0,23.0,2,2,01-22,实体,-0.1,0.0,10.8,01-23,下影,9.0,3.0,2.0,实体-0→下影+9,109.38,10.0,19.5,1.61,57,79,False,-3.57,-4.81,False,-4.81,1.0,False,2,炸板,True,2026-01,2026,,,,,,二接三阴
002868.SZSE,绿康生化,2024-01-16,三接四,3,阳,2024-01-11,2.75,-20.0,5.1,---,-4.5,,0,0,01-11,实体,-0.5,0.0,1.5,01-12,实体,0.9,0.0,4.0,实体-1→实体+1→一字+10,30.07,8.16,5.8,1.98,29,32,True,4.46,-5.42,False,-5.42,1.0,False,4,封次日负,True,2024-01,2024,01-15,一字,10.0,0.0,1.2,三接四阳
002868.SZSE,绿康生化,2024-12-31,二接三,2,阳,2024-12-27,3.95,-26.2,18.1,---,-11.0,58.0,3,3,12-27,实体,0.0,0.0,3.2,12-30,实体,0.2,0.2,4.2,实体+0→实体+0,19.97,1.93,4.9,1.53,39,36,True,6.26,-9.56,False,-9.56,1.0,False,3,封次日负,True,2024-12,2024,,,,,,二接三阳
002868.SZSE,绿康生化,2025-01-02,三接四,3,阳,2024-12-27,3.95,-26.2,18.1,---,-11.0,58.0,3,3,12-27,实体,0.0,0.0,3.2,12-30,实体,0.2,0.2,4.2,实体+0→实体+0→下影+2,21.97,6.26,12.3,2.33,51,39,False,-21.44,-26.04,False,-26.04,1.0,False,3,炸板,True,2025-01,2025,12-31,下影,1.9,1.1,4.9,三接四阳
002869.SZSE,金溢科技,2024-06-19,二接三,2,阳,2024-06-17,3.17,-4.8,65.1,+++,47.7,7.0,2,2,06-17,下影,8.4,0.6,20.1,06-18,下影,-1.5,2.1,27.0,下影+8→下影-1,34.21,6.11,23.9,0.99,20,26,True,1.75,6.69,False,6.69,1.0,False,3,封次日正,False,2024-06,2024,,,,,,二接三阳
002873.SZSE,新天药业,2024-03-12,二接三,2,阳,2024-03-08,3.34,-27.9,26.4,+--,-17.9,,0,0,03-08,一字,10.0,0.0,0.4,03-11,一字,10.0,0.0,0.2,一字+10→一字+10,12.77,9.99,9.2,2.89,57,69,True,-1.33,0.94,False,0.94,1.0,False,3,封次日正,False,2024-03,2024,,,,,,二接三阳
002873.SZSE,新天药业,2025-08-19,二接三,2,阳,2025-08-15,1.15,-13.3,31.8,-++,9.8,348.0,0,0,08-15,下影,0.6,2.7,17.9,08-18,下影,0.9,1.8,21.7,下影+1→下影+1,15.19,3.98,12.3,0.83,74,78,True,-1.25,-10.01,False,-10.01,1.0,False,3,封次日负,True,2025-08,2025,,,,,,二接三阳
002877.SZSE,智能自控,2023-07-14,二接三,2,阴,2023-07-12,-0.74,-10.6,14.0,-++,6.3,,0,0,07-12,实体,4.7,0.0,4.6,07-13,下影,2.8,1.8,32.0,实体+5→下影+3,12.58,0.44,35.6,2.29,29,30,False,-12.4,-12.48,False,-12.48,1.0,False,2,炸板,True,2023-07,2023,,,,,,二接三阴
002877.SZSE,智能自控,2025-11-20,二接三,2,阳,2025-11-18,0.89,-6.6,11.4,+++,6.1,238.0,0,0,11-18,下影,0.3,1.4,5.0,11-19,一字,10.0,0.0,4.3,下影+0→一字+10,12.0,3.39,44.5,3.79,35,48,True,-10.0,-10.0,False,-10.0,1.0,False,3,封次日负,True,2025-11,2025,,,,,,二接三阳
002878.SZSE,元隆雅图,2024-12-03,二接三,2,阴,2024-11-29,-2.92,-11.2,52.9,+++,20.3,6.0,2,2,11-29,实体,0.4,0.0,17.0,12-02,下影,5.0,2.0,26.6,实体+0→下影+5,19.5,1.52,32.2,1.35,92,132,False,-14.36,-22.51,False,-22.51,1.0,False,2,炸板,True,2024-12,2024,,,,,,二接三阴
002878.SZSE,元隆雅图,2025-06-03,二接三,2,阳,2025-05-29,-0.63,-7.5,43.4,+++,16.8,103.0,0,2,05-29,下影,-0.4,1.6,15.0,05-30,下影,10.0,3.4,15.3,下影-0→下影+10,21.07,8.62,39.3,2.16,57,32,False,-19.7,-19.93,False,-19.93,1.0,False,2,炸板,True,2025-06,2025,,,,,,二接三阳
002878.SZSE,元隆雅图,2025-06-13,二接三,2,阴,2025-06-11,-2.45,-11.1,69.7,+++,26.8,7.0,2,2,06-11,下影,4.5,2.9,29.6,06-12,实体,4.4,0.0,19.1,下影+4→实体+4,24.93,4.46,42.6,1.43,39,49,True,0.28,9.99,True,0.84,2.0,False,4,连板,False,2025-06,2025,,,,,,二接三阴
002878.SZSE,元隆雅图,2025-06-16,三接四,3,阴,2025-06-11,-2.45,-11.1,69.7,+++,26.8,7.0,2,2,06-11,下影,4.5,2.9,29.6,06-12,实体,4.4,0.0,19.1,下影+4→实体+4→下影+4,27.42,0.28,31.1,1.01,41,39,True,-0.98,-8.32,False,-8.32,1.0,False,4,封次日负,True,2025-06,2025,06-13,下影,4.5,8.3,42.6,三接四阴
002879.SZSE,长缆科技,2026-07-23,二接三,2,阴,2026-07-21,-2.3,-44.2,1.6,---,-14.6,222.0,0,0,07-21,实体,9.7,0.0,2.1,07-22,下影,6.8,4.6,22.5,实体+10→下影+7,16.41,1.88,19.2,1.85,104,41,True,9.99,9.99,True,15.17,3.0,False,5,连板,False,2026-07,2026,,,,,,二接三阴
002879.SZSE,长缆科技,2026-07-24,三接四,3,阴,2026-07-21,-2.3,-44.2,1.6,---,-14.6,222.0,0,0,07-21,实体,9.7,0.0,2.1,07-22,下影,6.8,4.6,22.5,实体+10→下影+7→实体+2,18.05,9.99,14.9,1.19,36,104,True,-1.77,10.03,True,4.71,2.0,False,5,连板,False,2026-07,2026,07-23,实体,1.9,0.0,19.2,三接四阴
002882.SZSE,金龙羽,2024-01-12,二接三,2,阴,2024-01-10,-4.73,-12.8,26.1,++-,15.4,2.0,2,2,01-10,下影,-2.0,0.8,20.1,01-11,下影,-1.2,3.0,26.5,下影-2→下影-1,22.51,-2.25,31.0,1.22,23,47,False,-5.29,3.47,True,0.31,2.0,False,4,炸板,False,2024-01,2024,,,,,,二接三阴
002882.SZSE,金龙羽,2025-05-22,二接三,2,阴,2025-05-20,-0.58,-13.6,25.8,+++,3.1,261.0,0,0,05-20,下影,0.1,0.9,16.9,05-21,下影,0.1,2.1,10.5,下影+0→下影+0,23.01,9.99,29.9,2.42,32,45,False,-9.47,1.43,True,3.3,2.0,False,4,炸板,False,2025-05,2025,,,,,,二接三阴
002882.SZSE,金龙羽,2025-06-25,二接三,2,阳,2025-06-23,2.01,-11.0,102.8,-++,31.3,22.0,2,2,06-23,下影,-3.1,3.6,20.6,06-24,下影,3.3,4.2,29.8,下影-3→下影+3,37.1,2.28,30.6,1.27,50,53,False,-9.87,-8.36,False,-8.36,1.0,False,2,炸板,True,2025-06,2025,,,,,,二接三阳
002885.SZSE,京泉华,2025-11-05,二接三,2,阴,2025-11-03,-1.18,-10.2,72.6,+++,27.9,12.0,2,2,11-03,下影,5.0,2.3,17.2,11-04,下影,10.0,8.4,36.5,下影+5→下影+10,32.25,-3.27,34.6,1.37,54,44,True,2.39,5.3,False,5.3,1.0,False,3,封次日正,False,2025-11,2025,,,,,,二接三阴
002885.SZSE,京泉华,2025-11-06,三接四,3,阴,2025-11-03,-1.18,-10.2,72.6,+++,27.9,12.0,2,2,11-03,下影,5.0,2.3,17.2,11-04,下影,10.0,8.4,36.5,下影+5→下影+10→下影-3,35.48,2.39,42.8,1.37,56,54,False,-3.8,1.35,False,1.35,1.0,False,3,炸板,False,2025-11,2025,11-05,下影,-3.3,3.9,34.6,三接四阴
002886.SZSE,沃特股份,2026-08-31,二接三,2,阳,2026-08-27,2.63,-34.4,40.8,+++,23.8,416.0,0,0,08-27,下影,3.0,1.6,15.7,08-28,一字,10.0,0.0,2.0,下影+3→一字+10,29.04,4.58,31.4,1.98,78,77,True,-0.72,-3.44,False,-3.44,1.0,False,3,封次日负,True,2026-08,2026,,,,,,二接三阳
002888.SZSE,惠威科技,2023-11-24,二接三,2,阴,2023-11-22,-1.75,-12.5,35.1,+++,12.1,,0,0,11-22,下影,0.0,1.7,27.4,11-23,下影,5.3,0.5,10.4,下影+0→下影+5,22.48,-2.15,41.7,2.2,27,32,True,-7.16,10.01,True,-0.98,2.0,False,4,连板,False,2023-11,2023,,,,,,二接三阴
002888.SZSE,惠威科技,2023-11-27,三接四,3,阴,2023-11-22,-1.75,-12.5,35.1,+++,12.1,,0,0,11-22,下影,0.0,1.7,27.4,11-23,下影,5.3,0.5,10.4,下影+0→下影+5→下影-2,24.73,-7.16,35.7,1.46,28,27,True,0.0,-9.99,False,-9.99,1.0,False,4,封次日负,True,2023-11,2023,11-24,下影,-2.2,7.8,41.7,三接四阴
002888.SZSE,惠威科技,2023-12-20,二接三,2,阴,2023-12-18,-1.84,-31.0,28.5,--+,1.7,15.0,4,4,12-18,下影,1.1,0.7,13.1,12-19,下影,1.0,1.8,27.6,下影+1→下影+1,23.47,1.73,47.3,2.13,25,19,True,-4.81,10.01,True,-0.98,2.0,False,4,连板,False,2023-12,2023,,,,,,二接三阴
002888.SZSE,惠威科技,2023-12-21,三接四,3,阴,2023-12-18,-1.84,-31.0,28.5,--+,1.7,15.0,4,4,12-18,下影,1.1,0.7,13.1,12-19,下影,1.0,1.8,27.6,下影+1→下影+1→下影+2,25.82,-4.81,45.8,1.6,31,25,True,-3.18,-9.99,False,-9.99,1.0,False,4,封次日负,True,2023-12,2023,12-20,下影,1.7,1.0,47.3,三接四阴
002888.SZSE,惠威科技,2024-01-05,二接三,2,阴,2024-01-03,-7.37,-17.3,69.3,+++,21.6,8.0,4,4,01-03,实体,0.0,0.0,9.4,01-04,下影,8.4,3.5,13.3,实体+0→下影+8,30.95,1.99,52.4,1.92,18,37,False,-19.29,-19.29,False,-19.29,1.0,False,2,炸板,True,2024-01,2024,,,,,,二接三阴
002889.SZSE,东方嘉盛,2023-09-18,二接三,2,阳,2023-09-14,0.48,-2.5,18.9,+++,12.6,,0,0,09-14,实体,-1.2,0.0,8.8,09-15,下影,5.7,1.0,10.6,实体-1→下影+6,28.03,10.01,7.4,0.85,36,26,True,-3.67,-9.99,False,-9.99,1.0,False,3,封次日负,True,2023-09,2023,,,,,,二接三阳
002889.SZSE,东方嘉盛,2023-10-31,二接三,2,阴,2023-10-27,-0.23,-23.3,21.4,---,-8.2,23.0,3,3,10-27,下影,-0.0,1.3,8.4,10-30,下影,0.0,1.8,13.1,下影-0→下影+0,28.6,3.85,17.6,1.97,29,54,True,8.36,10.0,True,8.92,3.0,False,5,连板,False,2023-10,2023,,,,,,二接三阴
002889.SZSE,东方嘉盛,2023-11-01,三接四,3,阴,2023-10-27,-0.23,-23.3,21.4,---,-8.2,23.0,3,3,10-27,下影,-0.0,1.3,8.4,10-30,下影,0.0,1.8,13.1,下影-0→下影+0→下影+4,31.46,8.36,14.5,1.29,31,29,True,-2.0,10.01,True,-0.99,2.0,False,5,连板,False,2023-11,2023,10-31,下影,3.8,3.1,17.6,三接四阴
002889.SZSE,东方嘉盛,2024-02-28,二接三,2,阳,2024-02-26,3.24,-36.5,39.5,+--,-14.6,72.0,0,5,02-26,下影,4.5,3.2,4.6,02-27,下影,5.3,1.8,2.5,下影+5→下影+5,25.85,9.79,14.8,2.45,23,69,False,-24.26,-13.89,False,-13.89,1.0,False,2,炸板,True,2024-02,2024,,,,,,二接三阳
002892.SZSE,科力尔,2023-09-26,二接三,2,阳,2023-09-22,4.91,-19.1,33.2,++-,13.2,65.0,0,2,09-22,下影,-1.9,0.3,24.9,09-25,一字,10.0,0.0,5.0,下影-2→一字+10,17.64,0.19,47.7,1.96,24,23,False,-18.31,-18.31,False,-18.31,1.0,False,2,炸板,True,2023-09,2023,,,,,,二接三阳
002892.SZSE,科力尔,2023-11-21,二接三,2,阴,2023-11-17,0.0,-15.0,50.8,++-,12.6,33.0,2,2,11-17,下影,-1.3,0.7,22.7,11-20,下影,4.7,1.7,10.0,下影-1→下影+5,19.97,9.64,50.4,2.37,45,50,True,1.2,-3.96,False,-3.96,1.0,False,3,封次日负,True,2023-11,2023,,,,,,二接三阴
002893.SZSE,京能热力,2023-07-11,二接三,2,阳,2023-07-07,4.83,-6.6,41.1,-++,12.5,,0,0,07-07,实体,-0.5,0.0,14.5,07-10,一字,10.0,0.0,3.8,实体-1→一字+10,15.03,4.98,39.9,2.49,26,31,True,-3.93,9.98,True,16.23,2.0,False,4,连板,False,2023-07,2023,,,,,,二接三阳
002893.SZSE,京能热力,2023-07-12,三接四,3,阳,2023-07-07,4.83,-6.6,41.1,-++,12.5,,0,0,07-07,实体,-0.5,0.0,14.5,07-10,一字,10.0,0.0,3.8,实体-1→一字+10→下影+5,16.53,-3.93,39.8,1.76,27,26,True,1.15,5.69,False,5.69,1.0,False,4,封次日正,False,2023-07,2023,07-11,下影,5.0,1.0,39.9,三接四阳
002893.SZSE,京能热力,2023-12-15,二接三,2,阳,2023-12-13,2.81,-7.0,11.2,---,-2.2,104.0,0,4,12-13,下影,2.2,0.8,9.1,12-14,下影,10.0,7.0,31.5,下影+2→下影+10,15.09,8.6,12.1,0.91,42,34,True,-0.93,-10.01,False,-10.01,1.0,False,3,封次日负,True,2023-12,2023,,,,,,二接三阳
002896.SZSE,中大力德,2023-06-19,三接四,3,阳,2023-06-14,0.52,-12.8,30.2,--+,22.6,,0,0,06-14,下影,0.1,1.1,11.4,06-15,下影,6.7,1.0,5.3,下影+0→下影+7→一字+10,39.41,9.99,12.7,1.7,34,41,True,0.91,7.36,False,7.36,1.0,False,4,封次日正,False,2023-06,2023,06-16,一字,10.0,0.0,1.2,三接四阳
002896.SZSE,中大力德,2025-02-21,二接三,2,阳,2025-02-19,3.24,-4.9,147.7,+++,89.8,12.0,2,2,02-19,实体,-1.8,0.0,13.9,02-20,下影,3.0,5.0,13.9,实体-2→下影+3,97.57,1.01,16.5,1.1,82,76,True,-5.09,-9.92,False,-9.92,1.0,False,3,封次日负,True,2025-02,2025,,,,,,二接三阳
002897.SZSE,意华股份,2026-05-26,二接三,2,阴,2026-05-22,-7.45,-14.2,15.7,-++,-2.6,482.0,0,0,05-22,下影,1.5,2.1,11.5,05-25,下影,4.0,1.0,9.4,下影+2→下影+4,87.26,5.99,22.4,1.83,45,91,False,-6.51,-8.33,False,-8.33,1.0,False,2,炸板,True,2026-05,2026,,,,,,二接三阴
002899.SZSE,英派斯,2024-12-13,二接三,2,阴,2024-12-11,-0.25,-13.6,65.9,-++,-5.9,199.0,0,0,12-11,实体,-0.3,0.2,8.0,12-12,下影,3.7,3.4,18.5,实体-0→下影+4,26.52,-3.24,22.1,2.02,84,119,False,-5.02,-11.76,False,-11.76,1.0,False,2,炸板,True,2024-12,2024,,,,,,二接三阴
002900.SZSE,哈三联,2024-04-17,二接三,2,阴,2024-04-15,-2.86,-26.0,46.0,--+,-0.3,,0,0,04-15,下影,0.0,5.7,6.5,04-16,实体,6.6,0.0,4.4,下影+0→实体+7,13.09,6.39,5.6,1.26,200,16,True,10.01,-6.11,False,-6.11,1.0,False,3,封次日负,True,2024-04,2024,,,,,,二接三阴
002900.SZSE,哈三联,2024-04-18,三接四,3,阴,2024-04-15,-2.86,-26.0,46.0,--+,-0.3,,0,0,04-15,下影,0.0,5.7,6.5,04-16,实体,6.6,0.0,4.4,下影+0→实体+7→下影+6,14.4,10.01,22.2,2.7,52,200,False,-23.19,-23.19,False,-23.19,1.0,False,3,炸板,True,2024-04,2024,04-17,下影,6.4,1.3,5.6,三接四阴
002900.SZSE,哈三联,2025-04-07,三接四,3,阴,2025-04-01,-1.57,-6.1,14.2,+++,1.0,99.0,0,2,04-01,下影,0.5,0.4,5.4,04-02,一字,10.0,0.0,2.9,下影+0→一字+10→一字+10,14.73,4.71,36.7,3.4,18,45,False,-16.29,2.31,True,7.81,3.0,False,6,炸板,False,2025-04,2025,04-03,一字,10.0,0.0,5.2,三接四阴
002900.SZSE,哈三联,2025-05-19,二接三,2,阳,2025-05-15,1.14,-36.7,22.3,+--,-19.5,23.0,3,3,05-15,下影,0.0,0.4,13.7,05-16,下影,6.7,4.9,31.3,下影+0→下影+7,15.31,-0.93,34.5,1.91,66,51,False,-6.53,-9.67,False,-9.67,1.0,False,2,炸板,True,2025-05,2025,,,,,,二接三阳
002902.SZSE,铭普光磁,2023-06-05,二接三,2,阳,2023-06-01,4.44,-8.4,32.4,++-,10.4,,0,0,06-01,实体,4.2,0.0,12.9,06-02,一字,10.0,0.0,2.8,实体+4→一字+10,24.11,9.99,28.1,1.54,35,45,True,7.84,10.0,True,27.0,3.0,False,5,连板,False,2023-06,2023,,,,,,二接三阳
002902.SZSE,铭普光磁,2023-06-06,三接四,3,阳,2023-06-01,4.44,-8.4,32.4,++-,10.4,,0,0,06-01,实体,4.2,0.0,12.9,06-02,一字,10.0,0.0,2.8,实体+4→一字+10→下影+10,26.52,7.84,18.4,1.0,35,35,True,4.86,9.99,True,15.46,2.0,False,5,连板,False,2023-06,2023,06-05,下影,10.0,10.0,28.1,三接四阳
002902.SZSE,铭普光磁,2024-03-13,三接四,3,阴,2024-03-08,-6.52,-10.3,57.2,+++,39.9,115.0,0,2,03-08,一字,10.0,0.0,8.2,03-11,一字,10.0,0.0,1.9,一字+10→一字+10→一字+10,34.43,10.0,41.2,2.71,51,57,True,-1.89,-4.59,False,-4.59,1.0,False,4,封次日负,True,2024-03,2024,03-12,一字,10.0,0.0,1.6,三接四阴
002903.SZSE,宇环数控,2025-03-21,三接四,3,阳,2025-03-18,0.49,-5.5,26.9,-++,6.7,294.0,0,0,03-18,下影,4.7,1.0,18.6,03-19,一字,10.0,0.0,4.1,下影+5→一字+10→一字+10,26.98,5.54,59.4,3.17,39,55,False,-17.98,-17.98,False,-17.98,1.0,False,3,炸板,True,2025-03,2025,03-20,一字,10.0,0.0,7.9,三接四阳
002903.SZSE,宇环数控,2026-03-11,二接三,2,阴,2026-03-09,-0.48,-9.8,23.2,+++,16.4,233.0,0,0,03-09,下影,4.2,2.0,11.5,03-10,下影,6.6,4.6,17.3,下影+4→下影+7,33.41,5.53,45.9,2.47,48,49,False,-12.78,-15.56,False,-15.56,1.0,False,2,炸板,True,2026-03,2026,,,,,,二接三阴
002905.SZSE,金逸影视,2023-08-09,二接三,2,阴,2023-08-07,0.39,-22.0,25.9,--+,-2.2,38.0,2,2,08-07,实体,3.2,0.3,6.5,08-08,下影,3.9,0.6,9.9,实体+3→下影+4,13.79,0.0,13.8,2.04,15,25,False,-7.9,-4.93,False,-4.93,1.0,False,2,炸板,True,2023-08,2023,,,,,,二接三阴
002905.SZSE,金逸影视,2025-03-17,三接四,3,阳,2025-03-12,1.37,-26.8,15.1,+--,-11.4,383.0,0,0,03-12,实体,0.4,0.1,3.6,03-13,一字,10.0,0.0,3.5,实体+0→一字+10→一字+10,10.84,-0.1,19.7,3.36,54,66,True,-7.56,-9.96,False,-9.96,1.0,False,4,封次日负,True,2025-03,2025,03-14,一字,10.1,0.0,1.0,三接四阳
002905.SZSE,金逸影视,2025-09-12,二接三,2,阳,2025-09-10,0.59,-10.9,19.1,++-,6.6,122.0,0,0,09-10,实体,-1.8,0.0,5.3,09-11,下影,2.8,8.1,14.4,实体-2→下影+3,13.72,3.85,17.6,1.6,57,74,True,0.44,-3.13,False,-3.13,1.0,False,3,封次日负,True,2025-09,2025,,,,,,二接三阳
002907.SZSE,华森制药,2025-05-29,二接三,2,阴,2025-05-27,-3.02,-9.0,23.7,+-+,0.1,432.0,0,0,05-27,实体,-0.2,0.0,2.9,05-28,下影,9.4,7.7,11.9,实体-0→下影+9,18.8,-1.76,9.2,1.43,80,49,True,2.13,9.73,False,9.73,1.0,False,3,封次日正,False,2025-05,2025,,,,,,二接三阴
002907.SZSE,华森制药,2026-08-18,二接三,2,阳,2026-08-14,1.17,-8.3,21.5,++-,-4.5,296.0,0,0,08-14,一字,10.0,0.0,1.6,08-17,下影,9.3,5.7,5.6,一字+10→下影+9,18.47,2.38,15.9,3.02,70,93,False,-16.73,-12.56,False,-12.56,1.0,False,2,炸板,True,2026-08,2026,,,,,,二接三阳
002909.SZSE,集泰股份,2025-05-16,三接四,3,阴,2025-05-13,-1.21,-8.5,27.4,+++,13.3,,0,0,05-13,下影,1.4,0.7,5.1,05-14,一字,10.0,0.0,1.6,下影+1→一字+10→一字+10,8.37,9.99,31.8,3.85,51,40,True,-1.91,-10.04,False,-10.04,1.0,False,4,封次日负,True,2025-05,2025,05-15,一字,10.0,0.0,0.9,三接四阴
002909.SZSE,集泰股份,2025-12-25,二接三,2,阴,2025-12-23,-2.03,-10.3,10.3,---,0.9,150.0,0,0,12-23,下影,-0.1,1.2,5.4,12-24,一字,10.0,0.0,2.1,下影-0→一字+10,8.97,10.06,30.6,3.59,72,65,False,-19.18,-19.62,False,-19.62,1.0,False,2,炸板,True,2025-12,2025,,,,,,二接三阴
002909.SZSE,集泰股份,2026-09-03,三接四,3,阳,2026-08-31,1.86,-7.1,31.5,+++,15.4,165.0,0,0,08-31,下影,-0.7,1.5,4.8,09-01,下影,4.3,8.6,15.6,下影-1→下影+4→一字+10,8.01,10.03,12.1,1.4,42,50,True,6.87,-9.99,False,-9.99,1.0,False,4,封次日负,True,2026-09,2026,09-02,一字,10.0,0.0,6.9,三接四阳
002910.SZSE,庄园牧场,2025-02-26,三接四,3,阳,2025-02-21,1.88,-17.3,26.4,-++,13.8,,0,0,02-21,下影,-0.2,1.3,10.1,02-24,一字,10.0,0.0,4.1,下影-0→一字+10→一字+10,11.95,10.04,24.3,2.85,81,46,True,10.04,10.04,True,-0.75,2.0,False,5,连板,False,2025-02,2025,02-25,一字,10.0,0.0,1.4,三接四阳
002910.SZSE,庄园牧场,2025-10-13,二接三,2,阳,2025-10-09,2.39,-10.3,10.3,+--,0.4,149.0,0,0,10-09,下影,0.0,1.6,14.0,10-10,下影,3.2,0.4,15.2,下影+0→下影+3,13.15,10.04,33.1,2.43,48,53,False,-22.21,-17.95,False,-17.95,1.0,False,2,炸板,True,2025-10,2025,,,,,,二接三阳
002910.SZSE,庄园牧场,2025-12-19,二接三,2,阴,2025-12-17,-1.25,-22.1,14.5,---,-11.0,48.0,2,2,12-17,下影,-0.5,2.4,10.2,12-18,下影,2.0,0.8,22.9,下影-0→下影+2,13.65,-6.04,25.1,1.85,65,52,True,0.29,10.04,True,-0.73,2.0,False,4,连板,False,2025-12,2025,,,,,,二接三阴
002910.SZSE,庄园牧场,2025-12-22,三接四,3,阴,2025-12-17,-1.25,-22.1,14.5,---,-11.0,48.0,2,2,12-17,下影,-0.5,2.4,10.2,12-18,下影,2.0,0.8,22.9,下影-0→下影+2→实体-6,15.02,0.29,20.1,1.22,72,65,True,6.39,-9.79,False,-9.79,1.0,False,4,封次日负,True,2025-12,2025,12-19,实体,-6.0,0.0,25.1,三接四阴
002912.SZSE,中新赛克,2024-10-29,二接三,2,阴,2024-10-25,-1.02,-9.5,41.9,+++,22.3,166.0,0,0,10-25,下影,10.0,4.3,3.6,10-28,一字,10.0,0.0,0.9,下影+10→一字+10,27.14,10.01,7.6,2.4,93,179,True,0.7,9.99,True,18.94,3.0,False,5,连板,False,2024-10,2024,,,,,,二接三阴
002912.SZSE,中新赛克,2024-10-30,三接四,3,阴,2024-10-25,-1.02,-9.5,41.9,+++,22.3,166.0,0,0,10-25,下影,10.0,4.3,3.6,10-28,一字,10.0,0.0,0.9,下影+10→一字+10→下影+10,29.85,0.7,13.9,2.55,118,93,True,7.17,10.02,True,8.14,2.0,False,5,连板,False,2024-10,2024,10-29,下影,10.0,3.9,7.6,三接四阴
002915.SZSE,中欣氟材,2023-12-20,二接三,2,阴,2023-12-18,0.0,-21.8,0.3,---,-12.5,,0,0,12-18,下影,5.0,2.3,2.1,12-19,下影,5.7,2.6,7.3,下影+5→下影+6,15.33,9.97,7.8,2.09,25,19,True,-0.2,-3.13,False,-3.13,1.0,False,3,封次日负,True,2023-12,2023,,,,,,二接三阴
002915.SZSE,中欣氟材,2024-12-11,二接三,2,阴,2024-12-09,-1.6,-8.7,49.4,+++,14.6,233.0,0,0,12-09,下影,-0.5,0.5,8.6,12-10,一字,10.0,0.0,1.5,下影-1→一字+10,17.19,9.98,25.1,2.43,119,82,True,-5.64,-7.1,False,-7.1,1.0,False,3,封次日负,True,2024-12,2024,,,,,,二接三阴
002915.SZSE,中欣氟材,2025-04-24,二接三,2,阳,2025-04-22,3.36,-22.8,25.5,+--,-8.3,86.0,0,3,04-22,实体,0.0,0.1,6.2,04-23,下影,3.3,3.0,13.6,实体+0→下影+3,16.38,7.39,17.2,2.12,45,52,True,4.4,2.44,False,2.44,1.0,False,3,封次日正,False,2025-04,2025,,,,,,二接三阳
002915.SZSE,中欣氟材,2025-04-25,三接四,3,阳,2025-04-22,3.36,-22.8,25.5,+--,-8.3,86.0,0,3,04-22,实体,0.0,0.1,6.2,04-23,下影,3.3,3.0,13.6,实体+0→下影+3→下影+7,18.02,4.4,36.6,2.42,59,45,False,-6.77,-2.0,False,-2.0,1.0,False,3,炸板,True,2025-04,2025,04-24,下影,7.4,8.9,17.2,三接四阳
002915.SZSE,中欣氟材,2025-08-07,二接三,2,阳,2025-08-05,4.5,-17.8,22.1,+++,19.5,65.0,0,3,08-05,实体,0.8,0.0,18.0,08-06,下影,5.4,0.5,15.9,实体+1→下影+5,26.87,9.99,21.5,1.47,47,46,True,0.04,-2.46,False,-2.46,1.0,False,3,封次日负,True,2025-08,2025,,,,,,二接三阳
002917.SZSE,金奥博,2025-01-13,二接三,2,阴,2025-01-09,-1.21,-7.4,13.8,---,-3.9,,0,0,01-09,实体,-0.7,0.0,6.1,01-10,一字,10.0,0.0,2.8,实体-1→一字+10,13.05,10.03,29.6,2.99,42,35,True,10.04,10.04,True,39.0,5.0,False,7,连板,False,2025-01,2025,,,,,,二接三阴
002917.SZSE,金奥博,2025-07-23,二接三,2,阴,2025-07-21,-0.49,-9.3,10.9,+++,9.6,120.0,0,7,07-21,下影,8.0,3.5,10.4,07-22,下影,8.3,1.4,18.7,下影+8→下影+8,18.76,5.57,36.4,2.54,43,82,False,-15.57,-16.2,False,-16.2,1.0,False,2,炸板,True,2025-07,2025,,,,,,二接三阴
002918.SZSE,蒙娜丽莎,2024-12-19,二接三,2,阴,2024-12-17,-0.65,-11.7,37.3,++-,8.7,,0,0,12-17,实体,4.1,0.0,16.5,12-18,下影,0.0,1.2,17.0,实体+4→下影+0,12.3,2.59,30.9,2.12,50,84,False,-13.58,-17.32,False,-17.32,1.0,False,2,炸板,True,2024-12,2024,,,,,,二接三阴
002918.SZSE,蒙娜丽莎,2026-05-13,三接四,3,阴,2026-05-08,-0.85,-40.8,0.5,--+,-2.4,332.0,0,0,05-08,下影,0.1,0.4,7.1,05-11,一字,10.0,0.0,3.6,下影+0→一字+10→一字+10,15.4,1.79,24.2,3.0,101,50,True,5.19,10.0,True,8.9,3.0,False,6,连板,False,2026-05,2026,05-12,一字,10.0,0.0,1.9,三接四阴
002921.SZSE,联诚精密,2025-03-12,二接三,2,阳,2025-03-10,1.78,-8.2,38.0,+++,11.9,409.0,0,0,03-10,实体,-0.9,0.1,8.1,03-11,一字,10.0,0.0,3.1,实体-1→一字+10,18.32,6.49,21.0,2.44,69,45,True,-3.49,-9.99,False,-9.99,1.0,False,3,封次日负,True,2025-03,2025,,,,,,二接三阳
002923.SZSE,润都股份,2024-03-07,三接四,3,阳,2024-03-04,2.3,-32.2,37.2,++-,-10.7,,0,0,03-04,下影,5.8,1.0,1.8,03-05,一字,10.0,0.0,1.7,下影+6→一字+10→一字+10,13.67,9.98,10.2,3.32,44,63,False,-17.63,-12.58,False,-12.58,1.0,False,3,炸板,True,2024-03,2024,03-06,一字,10.0,0.0,0.5,三接四阳
002923.SZSE,润都股份,2025-01-21,二接三,2,阴,2025-01-17,-0.44,-17.2,4.7,---,-12.6,213.0,0,0,01-17,下影,-0.4,0.7,5.4,01-20,下影,6.3,1.3,3.3,下影-0→下影+6,12.12,8.71,13.9,2.92,38,62,False,-16.17,-12.71,False,-12.71,1.0,False,2,炸板,True,2025-01,2025,,,,,,二接三阴
002923.SZSE,润都股份,2025-04-03,二接三,2,阴,2025-04-01,-3.92,-12.6,68.9,+++,50.5,45.0,2,2,04-01,实体,0.7,0.0,9.0,04-02,下影,2.2,3.7,14.1,实体+1→下影+2,19.56,-5.51,23.4,1.59,45,37,False,-10.63,-10.63,False,-10.63,1.0,False,2,炸板,True,2025-04,2025,,,,,,二接三阴
002925.SZSE,盈趣科技,2025-09-24,二接三,2,阳,2025-09-22,0.97,-8.8,7.8,+--,-4.2,,0,0,09-22,下影,10.0,0.5,1.4,09-23,下影,10.0,7.3,10.9,下影+10→下影+10,23.67,4.55,11.9,2.27,64,42,False,-14.66,-15.84,False,-15.84,1.0,False,2,炸板,True,2025-09,2025,,,,,,二接三阳
002927.SZSE,泰永长征,2023-12-01,二接三,2,阳,2023-11-29,1.22,-1.3,17.4,-++,3.8,,0,0,11-29,实体,0.4,0.1,3.0,11-30,一字,10.0,0.0,1.7,实体+0→一字+10,18.77,10.02,25.0,3.86,41,26,False,-20.25,-18.06,False,-18.06,1.0,False,2,炸板,True,2023-12,2023,,,,,,二接三阳
002927.SZSE,泰永长征,2025-03-20,二接三,2,阳,2025-03-18,2.13,-9.2,31.7,+++,11.2,206.0,0,0,03-18,下影,5.2,1.1,5.2,03-19,下影,10.0,9.9,15.7,下影+5→下影+10,21.08,4.96,28.5,1.95,55,40,False,-16.18,-19.45,False,-19.45,1.0,False,2,炸板,True,2025-03,2025,,,,,,二接三阳
002929.SZSE,润建股份,2025-02-13,三接四,3,阳,2025-02-10,2.43,-3.9,24.7,++-,12.5,,0,0,02-10,实体,10.0,0.0,4.1,02-11,下影,5.0,1.2,14.9,实体+10→下影+5→一字+10,51.93,10.0,45.0,2.97,45,65,False,-6.78,6.34,True,-0.54,2.0,False,5,炸板,False,2025-02,2025,02-12,一字,10.0,0.0,1.5,三接四阳
002929.SZSE,润建股份,2025-02-24,三接四,3,阳,2025-02-19,-0.41,-6.8,80.8,+++,74.4,5.0,3,3,02-19,下影,3.1,1.8,23.1,02-20,实体,3.9,0.0,6.5,下影+3→实体+4→一字+10,75.31,8.09,27.8,1.78,66,82,False,-14.87,-13.7,False,-13.7,1.0,False,3,炸板,True,2025-02,2025,02-21,一字,10.0,0.0,0.6,三接四阳
002931.SZSE,锋龙股份,2023-11-07,二接三,2,阳,2023-11-03,1.74,-6.1,38.5,+++,22.1,,0,0,11-03,实体,5.7,0.0,5.2,11-06,下影,10.0,4.5,5.4,实体+6→下影+10,18.73,9.57,17.9,1.63,42,47,True,0.37,9.98,True,-1.01,2.0,False,4,连板,False,2023-11,2023,,,,,,二接三阳
002931.SZSE,锋龙股份,2023-11-08,三接四,3,阳,2023-11-03,1.74,-6.1,38.5,+++,22.1,,0,0,11-03,实体,5.7,0.0,5.2,11-06,下影,10.0,4.5,5.4,实体+6→下影+10→下影+10,20.6,0.37,13.0,1.17,41,42,True,3.54,-10.0,False,-10.0,1.0,False,4,封次日负,True,2023-11,2023,11-07,下影,9.6,5.4,17.9,三接四阳
002939.SZSE,长城证券,2025-08-15,二接三,2,阳,2025-08-13,0.56,-3.3,15.9,+-+,2.5,209.0,0,0,08-13,下影,0.2,1.3,3.2,08-14,下影,2.3,0.8,12.6,下影+0→下影+2,12.06,0.36,7.6,1.51,70,40,True,8.13,10.03,True,14.26,2.0,False,4,连板,False,2025-08,2025,,,,,,二接三阳
002939.SZSE,长城证券,2025-08-18,三接四,3,阳,2025-08-13,0.56,-3.3,15.9,+-+,2.5,209.0,0,0,08-13,下影,0.2,1.3,3.2,08-14,下影,2.3,0.8,12.6,下影+0→下影+2→下影+0,13.27,8.13,7.2,1.14,78,70,True,3.39,3.84,False,3.84,1.0,False,4,封次日正,False,2025-08,2025,08-15,下影,0.4,2.5,7.6,三接四阳
002940.SZSE,昂利康,2025-06-10,二接三,2,阳,2025-06-06,5.94,-3.7,55.9,+++,30.9,,0,0,06-06,下影,-0.1,2.7,16.0,06-09,实体,5.8,0.0,8.8,下影-0→实体+6,23.74,10.01,5.2,0.42,36,54,True,8.59,9.98,True,14.15,2.0,False,4,连板,False,2025-06,2025,,,,,,二接三阳
002940.SZSE,昂利康,2025-06-11,三接四,3,阳,2025-06-06,5.94,-3.7,55.9,+++,30.9,,0,0,06-06,下影,-0.1,2.7,16.0,06-09,实体,5.8,0.0,8.8,下影-0→实体+6→下影+10,26.11,8.59,29.1,1.95,44,36,True,6.4,3.79,False,3.79,1.0,False,4,封次日正,False,2025-06,2025,06-10,下影,10.0,2.5,5.2,三接四阳
002940.SZSE,昂利康,2026-04-20,二接三,2,阳,2026-04-16,6.24,-22.5,18.5,-++,7.3,169.0,0,0,04-16,下影,-2.3,0.6,10.5,04-17,实体,1.0,0.3,21.4,下影-2→实体+1,43.08,7.51,32.7,1.98,72,57,False,-8.8,-9.19,False,-9.19,1.0,False,2,炸板,True,2026-04,2026,,,,,,二接三阳
002941.SZSE,新疆交建,2025-08-13,三接四,3,阴,2025-08-08,0.97,-7.1,17.5,+++,10.9,230.0,0,0,08-08,实体,0.4,0.0,5.1,08-11,一字,10.0,0.0,1.2,实体+0→一字+10→一字+10,18.38,7.54,22.7,3.36,80,42,True,-2.18,-10.01,False,-10.01,1.0,False,4,封次日负,True,2025-08,2025,08-12,一字,10.0,0.0,1.2,三接四阴
002942.SZSE,新农股份,2025-10-16,二接三,2,阳,2025-10-14,1.38,-13.5,17.6,+--,3.6,50.0,2,2,10-14,下影,0.0,1.4,3.4,10-15,下影,7.5,10.0,9.7,下影+0→下影+8,26.46,0.04,13.5,2.03,36,58,True,2.04,-10.02,False,-10.02,1.0,False,3,封次日负,True,2025-10,2025,,,,,,二接三阳
002942.SZSE,新农股份,2026-08-28,二接三,2,阳,2026-08-26,-0.19,-11.6,17.5,+++,11.0,211.0,0,0,08-26,实体,0.0,0.0,4.2,08-27,一字,10.0,0.0,1.6,实体+0→一字+10,20.91,9.99,18.4,3.44,77,66,True,-4.4,5.21,False,5.21,1.0,False,3,封次日正,False,2026-08,2026,,,,,,二接三阳
002942.SZSE,新农股份,2026-08-31,三接四,3,阳,2026-08-26,-0.19,-11.6,17.5,+++,11.0,211.0,0,0,08-26,实体,0.0,0.0,4.2,08-27,一字,10.0,0.0,1.6,实体+0→一字+10→下影+10,23.0,-4.4,20.7,2.25,78,77,False,-13.91,-3.96,False,-3.96,1.0,False,3,炸板,True,2026-08,2026,08-28,下影,10.0,13.3,18.4,三接四阳
002943.SZSE,宇晶股份,2026-01-26,二接三,2,阴,2026-01-22,-5.52,-14.9,79.6,+++,54.1,461.0,0,0,01-22,下影,1.1,1.0,7.3,01-23,一字,10.0,0.0,1.8,下影+1→一字+10,72.94,10.0,22.4,2.23,57,79,False,-6.35,5.57,True,6.05,2.0,False,4,炸板,False,2026-01,2026,,,,,,二接三阴
002945.SZSE,华林证券,2024-10-08,二接三,2,阳,2024-09-27,6.52,-0.4,23.4,+++,21.0,271.0,0,0,09-27,下影,3.5,3.5,1.9,09-30,下影,7.1,4.2,2.5,下影+4→下影+7,14.78,9.97,1.7,1.02,352,626,True,-1.01,-10.01,False,-10.01,1.0,False,3,封次日负,True,2024-10,2024,,,,,,二接三阳
002945.SZSE,华林证券,2024-11-07,二接三,2,阳,2024-11-05,3.62,-16.6,39.9,--+,-6.3,20.0,3,3,11-05,下影,0.0,1.4,2.0,11-06,一字,10.0,0.0,0.6,下影+0→一字+10,16.76,-2.23,4.3,2.59,157,104,True,10.02,5.13,False,5.13,1.0,False,3,封次日正,False,2024-11,2024,,,,,,二接三阳
002945.SZSE,华林证券,2024-11-08,三接四,3,阳,2024-11-05,3.62,-16.6,39.9,--+,-6.3,20.0,3,3,11-05,下影,0.0,1.4,2.0,11-06,一字,10.0,0.0,0.6,下影+0→一字+10→下影-2,18.44,10.02,5.4,2.06,95,157,False,-9.82,-12.53,False,-12.53,1.0,False,3,炸板,True,2024-11,2024,11-07,下影,-2.2,1.3,4.3,三接四阳
002947.SZSE,恒铭达,2023-10-12,二接三,2,阴,2023-10-10,-0.26,-10.9,12.7,+-+,0.7,,0,0,10-10,实体,0.6,0.0,9.3,10-11,下影,3.4,0.3,14.3,实体+1→下影+3,25.92,-5.35,17.6,2.0,27,31,True,3.51,6.37,False,6.37,1.0,False,3,封次日正,False,2023-10,2023,,,,,,二接三阴
002947.SZSE,恒铭达,2023-10-13,三接四,3,阴,2023-10-10,-0.26,-10.9,12.7,+-+,0.7,,0,0,10-10,实体,0.6,0.0,9.3,10-11,下影,3.4,0.3,14.3,实体+1→下影+3→实体-5,28.51,3.51,31.7,2.13,28,27,False,-7.75,-8.66,False,-8.66,1.0,False,3,炸板,True,2023-10,2023,10-12,实体,-5.3,0.0,17.6,三接四阴
002949.SZSE,华阳国际,2024-12-13,二接三,2,阳,2024-12-11,4.58,-2.4,90.6,++-,5.0,46.0,2,2,12-11,下影,-0.2,1.3,5.2,12-12,下影,3.8,0.4,11.2,下影-0→下影+4,21.56,1.84,17.3,2.02,84,119,False,-1.67,-8.16,False,-8.16,1.0,False,2,炸板,True,2024-12,2024,,,,,,二接三阳
002951.SZSE,金时科技,2025-06-05,二接三,2,阳,2025-06-03,0.84,-8.4,43.1,-++,5.4,,0,0,06-03,下影,6.8,3.4,1.3,06-04,一字,10.0,0.0,1.6,下影+7→一字+10,11.22,5.88,6.4,2.61,56,60,True,9.98,9.98,True,32.62,3.0,False,5,连板,False,2025-06,2025,,,,,,二接三阳
002951.SZSE,金时科技,2025-06-06,三接四,3,阳,2025-06-03,0.84,-8.4,43.1,-++,5.4,,0,0,06-03,下影,6.8,3.4,1.3,06-04,一字,10.0,0.0,1.6,下影+7→一字+10→下影+6,12.34,9.98,7.1,1.99,44,56,True,8.91,9.97,True,20.58,2.0,False,5,连板,False,2025-06,2025,06-05,下影,5.9,3.8,6.4,三接四阳
002951.SZSE,金时科技,2025-07-09,二接三,2,阳,2025-07-07,3.42,-22.7,97.9,+-+,5.3,15.0,5,5,07-07,下影,-1.4,0.8,4.6,07-08,下影,3.5,2.6,3.8,下影-1→下影+3,17.3,8.07,2.7,0.73,40,57,True,8.03,7.4,False,7.4,1.0,False,3,封次日正,False,2025-07,2025,,,,,,二接三阳
002951.SZSE,金时科技,2025-07-10,三接四,3,阳,2025-07-07,3.42,-22.7,97.9,+-+,5.3,15.0,5,5,07-07,下影,-1.4,0.8,4.6,07-08,下影,3.5,2.6,3.8,下影-1→下影+3→下影+8,19.03,8.03,11.9,2.24,54,40,False,-5.94,-12.14,False,-12.14,1.0,False,3,炸板,True,2025-07,2025,07-09,下影,8.1,1.5,2.7,三接四阳
002951.SZSE,金时科技,2026-02-13,二接三,2,阴,2026-02-11,0.48,-17.1,16.7,++-,0.8,32.0,2,2,02-11,实体,-0.8,0.0,2.8,02-12,下影,4.0,0.7,5.5,实体-1→下影+4,19.48,5.31,9.0,2.26,29,55,True,0.0,-10.01,False,-10.01,1.0,False,3,封次日负,True,2026-02,2026,,,,,,二接三阴
002951.SZSE,金时科技,2026-06-03,二接三,2,阴,2026-06-01,0.86,-6.6,26.9,+++,18.5,66.0,0,3,06-01,下影,-2.7,0.9,7.0,06-02,下影,-1.0,6.2,9.2,下影-3→下影-1,23.47,3.47,9.4,1.27,59,56,False,-8.78,5.62,True,-4.94,2.0,False,4,炸板,False,2026-06,2026,,,,,,二接三阴
002952.SZSE,亚世光电,2023-11-30,二接三,2,阳,2023-11-28,1.16,-12.6,24.5,-++,8.8,,0,0,11-28,下影,-0.1,0.7,7.4,11-29,实体,5.6,0.0,3.7,下影-0→实体+6,23.18,10.01,6.2,1.28,26,25,True,-0.78,-10.01,False,-10.01,1.0,False,3,封次日负,True,2023-11,2023,,,,,,二接三阳
002952.SZSE,亚世光电,2023-12-22,二接三,2,阳,2023-12-20,3.97,-22.0,29.3,--+,0.9,14.0,3,3,12-20,实体,0.7,0.0,6.9,12-21,下影,10.0,5.3,9.8,实体+1→下影+10,24.07,3.34,12.2,1.53,18,31,True,2.62,10.01,True,59.83,7.0,False,9,连板,False,2023-12,2023,,,,,,二接三阳
002952.SZSE,亚世光电,2023-12-25,三接四,3,阳,2023-12-20,3.97,-22.0,29.3,--+,0.9,14.0,3,3,12-20,实体,0.7,0.0,6.9,12-21,下影,10.0,5.3,9.8,实体+1→下影+10→实体+3,26.48,2.62,14.0,1.45,30,18,True,9.44,10.01,True,45.28,6.0,False,9,连板,False,2023-12,2023,12-22,实体,3.3,0.0,12.2,三接四阳
002952.SZSE,亚世光电,2024-02-23,二接三,2,阴,2024-02-21,-1.4,-43.2,48.7,---,-30.6,30.0,9,9,02-21,下影,-1.7,0.6,14.9,02-22,实体,1.7,0.0,9.8,下影-2→实体+2,33.65,3.01,13.4,0.96,79,56,True,4.01,10.01,True,8.92,3.0,False,5,连板,False,2024-02,2024,,,,,,二接三阴
002952.SZSE,亚世光电,2024-02-26,三接四,3,阴,2024-02-21,-1.4,-43.2,48.7,---,-30.6,30.0,9,9,02-21,下影,-1.7,0.6,14.9,02-22,实体,1.7,0.0,9.8,下影-2→实体+2→下影+3,37.02,4.01,14.8,1.07,72,79,True,-2.19,9.99,True,-1.0,2.0,False,5,连板,False,2024-02,2024,02-23,下影,3.0,1.2,13.4,三接四阴
002952.SZSE,亚世光电,2024-08-15,二接三,2,阴,2024-08-13,-1.88,-32.2,7.7,-+-,-1.8,114.0,0,5,08-13,实体,-1.6,0.0,5.7,08-14,下影,3.0,3.0,14.2,实体-2→下影+3,25.0,1.67,16.7,1.79,31,25,True,10.0,10.0,True,-1.0,2.0,False,4,连板,False,2024-08,2024,,,,,,二接三阴
002953.SZSE,日丰股份,2024-12-16,二接三,2,阳,2024-12-12,1.83,-1.8,41.7,+++,12.6,,0,0,12-12,下影,0.1,0.6,9.7,12-13,下影,4.0,0.7,7.4,下影+0→下影+4,13.33,8.99,37.3,2.49,89,84,True,4.95,9.98,True,8.93,3.0,False,5,连板,False,2024-12,2024,,,,,,二接三阳
002953.SZSE,日丰股份,2024-12-17,三接四,3,阳,2024-12-12,1.83,-1.8,41.7,+++,12.6,,0,0,12-12,下影,0.1,0.6,9.7,12-13,下影,4.0,0.7,7.4,下影+0→下影+4→下影+9,14.66,4.95,41.7,1.97,25,89,True,2.32,10.03,True,-0.95,2.0,False,5,连板,False,2024-12,2024,12-16,下影,9.0,8.7,37.3,三接四阳
002961.SZSE,瑞达期货,2023-08-01,二接三,2,阴,2023-07-28,-0.73,-6.4,7.1,+++,5.1,,0,0,07-28,下影,0.5,0.7,2.2,07-31,下影,5.7,0.5,5.0,下影+0→下影+6,19.81,4.16,8.3,2.54,25,38,False,-13.98,-10.05,False,-10.05,1.0,False,2,炸板,True,2023-08,2023,,,,,,二接三阴
002962.SZSE,五方光电,2023-12-11,二接三,2,阳,2023-12-07,3.72,-5.7,25.0,+++,4.0,,0,0,12-07,实体,-4.1,0.0,28.9,12-08,下影,-0.1,3.7,34.7,实体-4→下影-0,19.69,3.91,44.6,1.64,33,27,True,0.0,-3.91,False,-3.91,1.0,False,3,封次日负,True,2023-12,2023,,,,,,二接三阳
002962.SZSE,五方光电,2024-01-02,二接三,2,阳,2023-12-28,3.19,-6.7,58.2,+++,32.1,13.0,3,3,12-28,实体,-2.9,0.1,37.0,12-29,下影,2.7,4.2,20.9,实体-3→下影+3,25.82,6.52,52.8,1.42,48,54,False,-21.38,-21.42,False,-21.42,1.0,False,2,炸板,True,2024-01,2024,,,,,,二接三阳
002963.SZSE,豪尔赛,2024-04-02,三接四,3,阴,2024-03-28,-5.77,-30.0,43.0,+++,7.8,,0,0,03-28,下影,2.9,1.2,2.4,03-29,一字,10.0,0.0,1.4,下影+3→一字+10→一字+10,16.26,3.25,20.7,3.3,47,67,False,-23.12,-22.63,False,-22.63,1.0,False,3,炸板,True,2024-04,2024,04-01,一字,10.0,0.0,3.8,三接四阴
002963.SZSE,豪尔赛,2025-05-09,二接三,2,阳,2025-05-07,3.07,-7.1,26.8,++-,0.8,83.0,0,2,05-07,一字,10.0,0.0,2.3,05-08,一字,10.0,0.0,2.2,一字+10→一字+10,15.19,9.99,22.1,3.69,27,51,False,-23.3,-23.37,False,-23.37,1.0,False,2,炸板,True,2025-05,2025,,,,,,二接三阳
002963.SZSE,豪尔赛,2026-08-04,二接三,2,阴,2026-07-31,-6.97,-51.1,2.8,---,-41.8,301.0,0,0,07-31,实体,2.7,0.0,2.7,08-03,下影,5.3,4.1,2.2,实体+3→下影+5,15.99,6.12,4.9,1.31,123,69,True,5.07,10.01,True,15.7,3.0,False,5,连板,False,2026-08,2026,,,,,,二接三阴
002963.SZSE,豪尔赛,2026-08-05,三接四,3,阴,2026-07-31,-6.97,-51.1,2.8,---,-41.8,301.0,0,0,07-31,实体,2.7,0.0,2.7,08-03,下影,5.3,4.1,2.2,实体+3→下影+5→下影+6,17.59,5.07,2.5,0.74,93,123,True,9.95,10.01,True,5.17,2.0,False,5,连板,False,2026-08,2026,08-04,下影,6.1,5.6,4.9,三接四阴
002968.SZSE,新大正,2025-09-29,二接三,2,阳,2025-09-11,0.19,-7.3,10.4,+--,-2.3,494.0,0,0,09-11,下影,0.0,1.0,7.0,09-12,下影,1.8,1.6,8.0,下影+0→下影+2,14.39,0.0,18.4,2.53,46,39,False,-16.33,-18.9,False,-18.9,1.0,False,2,炸板,True,2025-09,2025,,,,,,二接三阳
002969.SZSE,嘉美包装,2026-01-13,二接三,2,阳,2026-01-06,8.21,-1.4,302.9,+++,264.4,3.0,10,10,01-06,实体,0.0,0.0,11.4,01-12,一字,10.0,0.0,0.4,实体+0→一字+10,18.24,10.01,14.4,1.07,52,124,False,3.34,5.87,True,-4.71,2.0,False,4,炸板,False,2026-01,2026,,,,,,二接三阳
002970.SZSE,锐明技术,2024-10-08,二接三,2,阳,2024-09-27,1.61,-24.5,6.8,-++,5.3,151.0,0,0,09-27,实体,0.8,0.1,5.4,09-30,下影,10.0,4.6,10.5,实体+1→下影+10,41.09,10.01,11.6,1.49,352,626,True,-3.89,-5.35,False,-5.35,1.0,False,3,封次日负,True,2024-10,2024,,,,,,二接三阳
002971.SZSE,和远气体,2026-05-18,二接三,2,阳,2026-05-14,2.81,-3.8,25.2,+++,9.7,,0,0,05-14,下影,2.8,1.4,10.5,05-15,下影,-1.8,5.3,20.4,下影+3→下影-2,45.33,-0.51,22.8,1.61,72,46,False,-16.32,-15.02,False,-15.02,1.0,False,2,炸板,True,2026-05,2026,,,,,,二接三阳
002971.SZSE,和远气体,2026-06-11,二接三,2,阳,2026-06-09,0.84,-12.6,45.7,+-+,15.6,17.0,2,2,06-09,下影,3.3,1.4,21.3,06-10,实体,10.0,0.0,4.8,下影+3→实体+10,52.75,10.01,15.2,1.0,55,63,True,4.27,10.01,True,7.64,2.0,False,4,连板,False,2026-06,2026,,,,,,二接三阳
002971.SZSE,和远气体,2026-06-12,三接四,3,阳,2026-06-09,0.84,-12.6,45.7,+-+,15.6,17.0,2,2,06-09,下影,3.3,1.4,21.3,06-10,实体,10.0,0.0,4.8,下影+3→实体+10→下影+10,58.03,4.27,36.9,1.94,83,55,True,-3.91,-2.15,False,-2.15,1.0,False,4,封次日负,True,2026-06,2026,06-11,下影,10.0,7.7,15.2,三接四阳
002971.SZSE,和远气体,2026-08-07,二接三,2,阳,2026-08-05,5.57,-56.8,10.2,---,-44.1,24.0,4,4,08-05,下影,0.0,0.8,5.7,08-06,下影,0.5,0.4,14.1,下影+0→下影+1,45.38,6.64,9.3,1.0,59,69,True,-0.99,-2.2,False,-2.2,1.0,False,3,封次日负,True,2026-08,2026,,,,,,二接三阳
002975.SZSE,博杰股份,2024-02-28,三接四,3,阳,2024-02-23,4.1,-44.6,30.6,+--,-21.5,,0,0,02-23,下影,6.4,3.5,4.2,02-26,一字,10.0,0.0,0.4,下影+6→一字+10→一字+10,37.15,10.01,11.9,2.71,23,69,True,-0.4,0.4,False,0.4,1.0,False,4,封次日正,False,2024-02,2024,02-27,一字,10.0,0.0,0.6,三接四阳
002975.SZSE,博杰股份,2025-09-03,二接三,2,阳,2025-09-01,0.61,-9.4,56.4,-++,20.9,194.0,0,0,09-01,一字,10.0,0.0,3.7,09-02,一字,10.0,0.0,1.9,一字+10→一字+10,63.89,10.0,23.9,3.0,25,40,True,1.93,-1.72,False,-1.72,1.0,False,3,封次日负,True,2025-09,2025,,,,,,二接三阳
002975.SZSE,博杰股份,2026-08-06,二接三,2,阴,2026-08-04,-4.73,-55.7,0.9,---,-41.9,50.0,2,2,08-04,下影,1.4,1.4,5.0,08-05,下影,5.0,1.2,2.4,下影+1→下影+5,93.07,3.5,11.5,1.56,69,93,True,2.35,5.23,False,5.23,1.0,False,3,封次日正,False,2026-08,2026,,,,,,二接三阴
002976.SZSE,瑞玛精密,2023-07-11,三接四,3,阴,2023-07-06,-3.24,-7.1,30.5,+++,11.5,,0,0,07-06,下影,-2.2,1.7,10.9,07-07,一字,10.0,0.0,2.3,下影-2→一字+10→一字+10,43.27,6.76,36.0,2.69,26,31,True,-6.31,-9.66,False,-9.66,1.0,False,4,封次日负,True,2023-07,2023,07-10,一字,10.0,0.0,1.8,三接四阴
002976.SZSE,瑞玛精密,2024-01-03,三接四,3,阳,2023-12-28,4.96,-27.1,5.2,---,-15.6,116.0,0,4,12-28,下影,3.2,0.9,5.2,12-29,一字,10.0,0.0,4.6,下影+3→一字+10→一字+10,43.42,10.01,23.1,2.99,33,48,False,-24.02,-26.32,False,-26.32,1.0,False,3,炸板,True,2024-01,2024,01-02,一字,10.0,0.0,1.8,三接四阳
002976.SZSE,瑞玛精密,2025-12-02,二接三,2,阳,2025-11-28,1.33,-5.3,13.7,--+,4.5,106.0,0,2,11-28,实体,0.0,0.2,7.4,12-01,下影,1.2,4.5,20.5,实体+0→下影+1,34.41,-0.99,24.0,2.01,41,54,True,1.77,-10.0,False,-10.0,1.0,False,3,封次日负,True,2025-12,2025,,,,,,二接三阳
002979.SZSE,雷赛智能,2024-10-09,二接三,2,阳,2024-09-30,3.84,-8.3,23.2,+--,8.4,,0,0,09-30,下影,3.6,1.6,10.5,10-08,下影,10.0,6.4,11.1,下影+4→下影+10,28.45,-3.52,18.8,1.67,29,352,False,-4.01,-11.42,False,-11.42,1.0,False,2,炸板,True,2024-10,2024,,,,,,二接三阳
002979.SZSE,雷赛智能,2026-07-06,二接三,2,阳,2026-07-02,3.05,-14.1,60.1,-+-,12.0,402.0,0,0,07-02,一字,10.0,0.0,1.6,07-03,一字,10.0,0.0,2.5,一字+10→一字+10,76.51,7.84,26.7,2.78,60,92,False,-4.78,-9.42,False,-9.42,1.0,False,2,炸板,True,2026-07,2026,,,,,,二接三阳
002980.SZSE,华盛昌,2026-03-03,二接三,2,阳,2026-02-27,4.86,-1.0,30.7,+++,14.9,,0,0,02-27,实体,-0.5,0.0,7.5,03-02,一字,10.0,0.0,2.0,实体-1→一字+10,35.06,10.01,42.8,3.03,67,77,True,-0.23,-2.97,False,-2.97,1.0,False,3,封次日负,True,2026-03,2026,,,,,,二接三阳
002980.SZSE,华盛昌,2026-04-15,二接三,2,阴,2026-04-13,-4.8,-7.6,145.6,+++,45.6,4.0,3,3,04-13,实体,0.0,0.0,8.7,04-14,实体,2.2,0.0,16.2,实体+0→实体+2,70.55,6.69,25.6,1.46,53,49,False,0.51,-5.78,False,-5.78,1.0,False,2,炸板,True,2026-04,2026,,,,,,二接三阴
002981.SZSE,朝阳科技,2023-11-01,二接三,2,阴,2023-10-30,-0.65,-8.3,12.8,--+,0.2,,0,0,10-30,实体,-0.5,0.2,2.7,10-31,下影,6.9,2.3,3.8,实体-0→下影+7,34.68,7.52,3.3,1.26,31,29,True,10.01,10.01,True,21.97,3.0,False,5,连板,False,2023-11,2023,,,,,,二接三阴
002981.SZSE,朝阳科技,2024-07-11,三接四,3,阴,2024-07-08,-0.12,-48.4,2.9,---,-32.9,163.0,0,0,07-08,实体,-0.6,0.0,2.0,07-09,下影,5.3,1.3,4.5,实体-1→下影+5→一字+10,24.15,10.02,6.5,2.13,65,34,True,0.0,-9.98,False,-9.98,1.0,False,4,封次日负,True,2024-07,2024,07-10,一字,10.0,0.0,1.0,三接四阴
002982.SZSE,湘佳股份,2025-04-08,二接三,2,阳,2025-04-03,0.31,-4.5,22.4,+++,8.5,,0,0,04-03,下影,3.2,2.4,12.1,04-07,下影,4.5,2.8,27.9,下影+3→下影+4,25.81,-5.46,30.2,1.82,99,18,True,2.48,-3.68,False,-3.68,1.0,False,3,封次日负,True,2025-04,2025,,,,,,二接三阳
002982.SZSE,湘佳股份,2025-04-09,三接四,3,阳,2025-04-03,0.31,-4.5,22.4,+++,8.5,,0,0,04-03,下影,3.2,2.4,12.1,04-07,下影,4.5,2.8,27.9,下影+3→下影+4→下影-5,28.39,2.48,33.3,1.52,87,99,False,-17.33,-14.34,False,-14.34,1.0,False,3,炸板,True,2025-04,2025,04-08,下影,-5.5,0.8,30.2,三接四阳
002983.SZSE,芯瑞达,2024-10-09,二接三,2,阳,2024-09-30,2.87,-3.1,30.5,+++,16.2,,0,0,09-30,下影,4.1,4.0,11.1,10-08,下影,10.0,5.2,10.6,下影+4→下影+10,24.31,4.07,13.9,1.36,29,352,True,2.84,-7.9,False,-7.9,1.0,False,3,封次日负,True,2024-10,2024,,,,,,二接三阳
002983.SZSE,芯瑞达,2025-12-02,二接三,2,阳,2025-11-28,1.49,-18.8,4.2,---,-3.3,279.0,0,0,11-28,下影,0.0,0.5,4.7,12-01,下影,2.5,2.3,14.2,下影+0→下影+2,26.24,10.02,30.8,2.97,41,54,False,-9.3,-11.2,False,-11.2,1.0,False,2,炸板,True,2025-12,2025,,,,,,二接三阳
002987.SZSE,京北方,2025-06-27,二接三,2,阳,2025-06-25,5.55,-23.8,37.0,++-,35.3,174.0,0,0,06-25,下影,-4.0,0.5,12.6,06-26,下影,5.2,3.6,15.9,下影-4→下影+5,22.03,1.8,23.5,1.52,42,46,False,-7.9,-5.36,False,-5.36,1.0,False,2,炸板,True,2025-06,2025,,,,,,二接三阳
002988.SZSE,豪美新材,2023-11-10,三接四,3,阳,2023-11-07,4.1,-0.5,31.9,+++,12.9,,0,0,11-07,一字,10.0,0.0,1.2,11-08,一字,10.0,0.0,0.4,一字+10→一字+10→一字+10,31.22,4.02,5.6,2.02,29,25,True,6.47,9.99,True,14.03,3.0,False,6,连板,False,2023-11,2023,11-09,一字,10.0,0.0,3.1,三接四阳
002989.SZSE,中天精装,2024-09-06,二接三,2,阳,2024-09-04,1.22,-21.1,5.6,---,-7.1,,0,0,09-04,实体,-0.6,0.0,3.0,09-05,实体,4.4,0.0,1.9,实体-1→实体+4,19.95,4.74,11.9,3.31,26,39,False,-11.88,-8.72,False,-8.72,1.0,False,2,炸板,True,2024-09,2024,,,,,,二接三阳
002989.SZSE,中天精装,2026-06-18,二接三,2,阳,2026-06-16,4.86,-21.3,21.0,---,-19.0,29.0,2,2,06-16,下影,-0.1,1.2,4.2,06-17,下影,2.6,1.6,12.1,下影-0→下影+3,37.37,5.09,11.4,1.66,75,67,True,-0.05,3.48,False,3.48,1.0,False,3,封次日正,False,2026-06,2026,,,,,,二接三阳
002990.SZSE,盛视科技,2026-04-16,二接三,2,阳,2026-04-14,2.35,-1.1,38.0,+++,32.2,277.0,0,0,04-14,实体,0.6,0.2,20.4,04-15,下影,-0.8,1.5,21.9,实体+1→下影-1,46.32,0.74,17.6,1.13,68,53,True,3.78,10.0,True,5.79,2.0,False,4,连板,False,2026-04,2026,,,,,,二接三阳
002990.SZSE,盛视科技,2026-04-17,三接四,3,阳,2026-04-14,2.35,-1.1,38.0,+++,32.2,277.0,0,0,04-14,实体,0.6,0.2,20.4,04-15,下影,-0.8,1.5,21.9,实体+1→下影-1→下影+1,50.95,3.78,13.3,0.81,57,68,True,6.01,-3.83,False,-3.83,1.0,False,4,封次日负,True,2026-04,2026,04-16,下影,0.7,0.8,17.6,三接四阳
002992.SZSE,宝明科技,2023-05-11,二接三,2,阳,2023-05-09,3.3,-14.4,28.4,,-6.7,,0,0,05-09,下影,2.0,1.6,5.2,05-10,实体,0.6,0.2,9.9,下影+2→实体+1,51.71,7.25,16.7,1.87,35,26,True,0.56,-3.65,False,-3.65,1.0,False,3,封次日负,True,2023-05,2023,,,,,,二接三阳
002995.SZSE,天地在线,2024-11-29,二接三,2,阴,2024-11-27,-4.5,-19.3,59.4,-++,11.2,356.0,0,0,11-27,下影,-1.4,5.7,27.0,11-28,实体,4.0,0.0,41.3,下影-1→实体+4,26.83,-0.16,37.8,1.32,105,75,True,-1.86,-6.41,False,-6.41,1.0,False,3,封次日负,True,2024-11,2024,,,,,,二接三阴
002995.SZSE,天地在线,2026-01-28,二接三,2,阳,2026-01-26,5.45,-4.1,44.2,+++,39.5,266.0,0,0,01-26,下影,9.9,5.7,33.9,01-27,下影,-0.4,4.0,27.4,下影+10→下影-0,30.37,6.34,37.4,1.08,72,46,False,-1.15,3.29,True,15.74,3.0,False,5,炸板,False,2026-01,2026,,,,,,二接三阳
002995.SZSE,天地在线,2026-06-01,二接三,2,阴,2026-05-28,-0.89,-30.6,0.9,---,-13.4,74.0,0,2,05-28,实体,9.8,0.0,4.0,05-29,下影,3.6,1.0,16.6,实体+10→下影+4,25.11,0.0,26.4,2.29,109,46,True,9.24,3.54,False,3.54,1.0,False,3,封次日正,False,2026-06,2026,,,,,,二接三阴
002995.SZSE,天地在线,2026-06-02,三接四,3,阴,2026-05-28,-0.89,-30.6,0.9,---,-13.4,74.0,0,2,05-28,实体,9.8,0.0,4.0,05-29,下影,3.6,1.0,16.6,实体+10→下影+4→下影+0,27.62,9.24,46.3,2.35,56,109,False,-11.01,-9.38,False,-9.38,1.0,False,3,炸板,True,2026-06,2026,06-01,下影,0.0,4.2,26.4,三接四阴
003002.SZSE,壶化股份,2025-07-23,二接三,2,阴,2025-07-21,-3.17,-10.3,5.1,--+,0.8,,0,0,07-21,下影,10.0,1.6,8.0,07-22,下影,8.4,2.9,5.5,下影+10→下影+8,34.61,10.01,13.7,2.15,43,82,True,-5.0,-9.45,False,-9.45,1.0,False,3,封次日负,True,2025-07,2025,,,,,,二接三阴
003003.SZSE,天元股份,2025-04-23,三接四,3,阳,2025-04-18,3.1,-10.9,23.0,+--,-8.5,,0,0,04-18,下影,-0.1,2.4,15.2,04-21,一字,10.0,0.0,4.2,下影-0→一字+10→一字+10,14.11,9.98,23.6,2.26,52,68,True,9.99,9.99,True,8.86,3.0,False,6,连板,False,2025-04,2025,04-22,一字,10.0,0.0,2.7,三接四阳
003004.SZSE,声迅股份,2024-03-19,二接三,2,阴,2024-03-15,-1.84,-35.1,68.0,++-,51.1,,0,0,03-15,实体,3.7,0.0,4.1,03-18,下影,7.5,2.4,7.3,实体+4→下影+8,29.12,9.29,17.3,2.37,46,70,False,-10.61,-3.98,False,-3.98,1.0,False,2,炸板,True,2024-03,2024,,,,,,二接三阴
003004.SZSE,声迅股份,2024-05-15,二接三,2,阴,2024-05-13,-3.74,-26.2,73.9,-+-,-4.0,35.0,2,2,05-13,下影,-2.0,2.6,7.1,05-14,下影,9.6,2.6,14.1,下影-2→下影+10,30.13,-0.91,22.6,2.34,22,37,False,-14.8,-14.8,False,-14.8,1.0,False,2,炸板,True,2024-05,2024,,,,,,二接三阴
003005.SZSE,竞业达,2024-03-08,二接三,2,阳,2024-03-06,5.5,-28.1,62.2,++-,11.6,11.0,2,2,03-06,下影,10.0,6.2,17.4,03-07,下影,0.0,3.3,21.9,下影+10→下影+0,37.0,4.99,30.5,1.67,52,44,False,-20.89,-16.84,False,-16.84,1.0,False,2,炸板,True,2024-03,2024,,,,,,二接三阳
003005.SZSE,竞业达,2025-02-06,二接三,2,阳,2025-01-27,4.61,-20.3,19.3,++-,3.6,44.0,2,2,01-27,一字,10.0,0.0,7.0,02-05,一字,10.0,0.0,2.5,一字+10→一字+10,39.23,-1.85,34.6,2.96,71,51,False,-12.59,3.39,True,1.99,2.0,False,4,炸板,False,2025-02,2025,,,,,,二接三阳
003007.SZSE,直真科技,2023-11-20,二接三,2,阳,2023-11-16,0.78,-12.9,32.6,+++,11.9,52.0,2,2,11-16,下影,-2.7,1.5,17.1,11-17,下影,-1.8,2.0,19.4,下影-3→下影-2,41.03,2.98,15.5,1.11,50,38,True,2.36,-5.56,False,-5.56,1.0,False,3,封次日负,True,2023-11,2023,,,,,,二接三阳
003007.SZSE,直真科技,2023-11-21,三接四,3,阳,2023-11-16,0.78,-12.9,32.6,+++,11.9,52.0,2,2,11-16,下影,-2.7,1.5,17.1,11-17,下影,-1.8,2.0,19.4,下影-3→下影-2→下影+3,45.13,2.36,24.6,1.45,45,50,False,-18.01,-22.45,False,-22.45,1.0,False,3,炸板,True,2023-11,2023,11-20,下影,3.0,3.6,15.5,三接四阳
003007.SZSE,直真科技,2026-01-13,三接四,3,阳,2026-01-08,0.11,-11.2,20.2,++-,8.6,8.0,2,2,01-08,实体,1.0,0.0,9.3,01-09,下影,0.4,4.6,25.5,实体+1→下影+0→一字+10,54.34,10.0,10.5,0.93,52,124,True,1.21,9.99,True,-1.01,2.0,False,5,连板,False,2026-01,2026,01-12,一字,10.0,0.0,2.5,三接四阳
003008.SZSE,开普检测,2024-06-07,二接三,2,阴,2024-06-05,-2.26,-33.3,2.1,---,-30.0,72.0,0,2,06-05,实体,1.5,0.0,5.3,06-06,下影,1.0,2.5,9.6,实体+1→下影+1,20.72,6.16,20.6,2.69,40,16,True,-7.72,-9.99,False,-9.99,1.0,False,3,封次日负,True,2024-06,2024,,,,,,二接三阴
003015.SZSE,日久光电,2023-09-21,二接三,2,阳,2023-09-19,2.8,-6.5,21.1,+++,16.9,,0,0,09-19,实体,-2.6,0.0,16.4,09-20,实体,5.7,0.0,12.5,实体-3→实体+6,13.19,5.09,45.5,1.88,13,14,True,8.19,6.29,False,6.29,1.0,False,3,封次日正,False,2023-09,2023,,,,,,二接三阳
003015.SZSE,日久光电,2023-09-22,三接四,3,阳,2023-09-19,2.8,-6.5,21.1,+++,16.9,,0,0,09-19,实体,-2.6,0.0,16.4,09-20,实体,5.7,0.0,12.5,实体-3→实体+6→下影+5,14.51,8.19,58.4,1.89,24,13,False,-13.03,-13.03,False,-13.03,1.0,False,3,炸板,True,2023-09,2023,09-21,下影,5.1,9.1,45.5,三接四阳
003015.SZSE,日久光电,2024-01-05,二接三,2,阳,2024-01-03,4.42,-5.1,23.4,++-,8.7,67.0,0,3,01-03,下影,-0.3,0.3,14.3,01-04,一字,10.0,0.0,3.2,下影-0→一字+10,16.35,-0.2,50.6,2.29,18,37,True,-1.53,-9.97,False,-9.97,1.0,False,3,封次日负,True,2024-01,2024,,,,,,二接三阳
003015.SZSE,日久光电,2024-09-02,二接三,2,阳,2024-08-29,6.95,-5.0,28.6,-++,6.6,132.0,0,0,08-29,下影,3.3,1.8,11.9,08-30,一字,10.0,0.0,2.9,下影+3→一字+10,14.54,3.03,42.1,2.45,24,47,False,-13.96,-13.96,False,-13.96,1.0,False,2,炸板,True,2024-09,2024,,,,,,二接三阳
003018.SZSE,金富科技,2025-11-26,二接三,2,阴,2025-11-24,-1.39,-24.6,14.5,-++,5.7,7.0,2,2,11-24,一字,10.0,0.0,5.6,11-25,下影,7.7,2.4,11.8,一字+10→下影+8,16.95,4.8,29.6,2.21,54,64,True,10.03,10.03,True,31.86,5.0,False,7,连板,False,2025-11,2025,,,,,,二接三阴
003018.SZSE,金富科技,2026-04-21,二接三,2,阴,2026-04-17,0.17,-6.6,112.2,+++,30.7,42.0,3,7,04-17,下影,-0.4,3.3,6.6,04-20,实体,0.2,0.0,7.5,下影-0→实体+0,47.45,1.99,5.5,0.83,44,72,True,4.53,10.01,True,15.43,2.0,False,4,连板,False,2026-04,2026,,,,,,二接三阴
003018.SZSE,金富科技,2026-04-22,三接四,3,阴,2026-04-17,0.17,-6.6,112.2,+++,30.7,42.0,3,7,04-17,下影,-0.4,3.3,6.6,04-20,实体,0.2,0.0,7.5,下影-0→实体+0→下影+2,52.2,4.53,8.4,1.25,49,44,True,5.36,4.92,False,4.92,1.0,False,4,封次日正,False,2026-04,2026,04-21,下影,2.0,1.0,5.5,三接四阴
003018.SZSE,金富科技,2026-05-18,二接三,2,阴,2026-05-14,-1.19,-16.1,190.0,-++,51.5,13.0,4,7,05-14,一字,10.0,0.0,1.7,05-15,下影,10.0,1.0,3.5,一字+10→下影+10,65.05,0.32,8.7,1.54,72,46,True,6.07,2.23,False,2.23,1.0,False,3,封次日正,False,2026-05,2026,,,,,,二接三阴
003018.SZSE,金富科技,2026-05-19,三接四,3,阴,2026-05-14,-1.19,-16.1,190.0,-++,51.5,13.0,4,7,05-14,一字,10.0,0.0,1.7,05-15,下影,10.0,1.0,3.5,一字+10→下影+10→下影+0,71.56,6.07,11.8,1.81,75,72,False,-7.36,-2.4,False,-2.4,1.0,False,3,炸板,True,2026-05,2026,05-18,下影,0.3,8.6,8.7,三接四阴
003020.SZSE,立方制药,2026-07-13,二接三,2,阴,2026-07-09,-2.21,-37.2,9.1,++-,-0.6,295.0,0,0,07-09,实体,3.3,0.0,9.3,07-10,实体,0.1,0.0,10.6,实体+3→实体+0,20.61,6.94,9.8,1.42,25,79,True,7.23,0.92,False,0.92,1.0,False,3,封次日正,False,2026-07,2026,,,,,,二接三阴
003021.SZSE,兆威机电,2025-01-10,二接三,2,阳,2025-01-08,3.82,-20.4,65.5,---,-12.5,34.0,2,2,01-08,下影,-0.2,1.2,8.0,01-09,下影,0.1,0.7,12.2,下影-0→下影+0,94.77,1.57,12.8,1.62,35,77,False,-4.51,-9.26,False,-9.26,1.0,False,2,炸板,True,2025-01,2025,,,,,,二接三阳
003023.SZSE,彩虹集团,2025-07-25,二接三,2,阴,2025-07-23,-0.72,-4.1,12.1,+++,2.6,,0,0,07-23,下影,5.7,2.1,6.0,07-24,一字,10.0,0.0,2.1,下影+6→一字+10,27.41,9.99,24.8,2.76,40,61,True,0.0,4.09,False,4.09,1.0,False,3,封次日正,False,2025-07,2025,,,,,,二接三阴
003023.SZSE,彩虹集团,2025-07-28,三接四,3,阴,2025-07-23,-0.72,-4.1,12.1,+++,2.6,,0,0,07-23,下影,5.7,2.1,6.0,07-24,一字,10.0,0.0,2.1,下影+6→一字+10→下影+10,30.15,0.0,34.0,2.37,48,40,False,-7.16,-11.64,False,-11.64,1.0,False,3,炸板,True,2025-07,2025,07-25,下影,10.0,5.7,24.8,三接四阴
003025.SZSE,思进智能,2024-01-08,二接三,2,阴,2024-01-04,-1.64,-4.7,22.9,++-,7.2,,0,0,01-04,实体,0.9,0.0,12.7,01-05,下影,10.0,8.8,24.3,实体+1→下影+10,17.59,0.25,21.6,1.47,29,18,True,8.02,10.01,True,5.69,2.0,False,4,连板,False,2024-01,2024,,,,,,二接三阴
003025.SZSE,思进智能,2024-01-09,三接四,3,阴,2024-01-04,-1.64,-4.7,22.9,++-,7.2,,0,0,01-04,实体,0.9,0.0,12.7,01-05,下影,10.0,8.8,24.3,实体+1→下影+10→下影+0,19.35,8.02,5.6,0.4,40,29,True,5.94,-3.93,False,-3.93,1.0,False,4,封次日负,True,2024-01,2024,01-08,下影,0.3,4.5,21.6,三接四阴
003026.SZSE,中晶科技,2024-06-07,二接三,2,阴,2024-06-05,-4.72,-24.2,20.9,+++,-1.6,,0,0,06-05,实体,-1.3,0.2,5.9,06-06,一字,10.0,0.0,2.0,实体-1→一字+10,34.68,7.83,30.1,3.15,40,16,True,-0.29,10.01,True,3.49,2.0,False,4,连板,False,2024-06,2024,,,,,,二接三阴
003026.SZSE,中晶科技,2024-06-11,三接四,3,阴,2024-06-05,-4.72,-24.2,20.9,+++,-1.6,,0,0,06-05,实体,-1.3,0.2,5.9,06-06,一字,10.0,0.0,2.0,实体-1→一字+10→下影+8,38.15,-0.29,30.4,2.08,18,40,True,-7.68,-5.92,False,-5.92,1.0,False,4,封次日负,True,2024-06,2024,06-07,下影,7.8,2.8,30.1,三接四阴
003026.SZSE,中晶科技,2024-08-01,二接三,2,阳,2024-07-30,-0.96,-37.7,5.1,---,-17.6,35.0,4,4,07-30,下影,-0.7,2.1,11.9,07-31,下影,4.8,1.9,19.6,下影-1→下影+5,31.61,4.35,34.4,2.2,50,74,False,-8.57,6.8,True,-3.89,2.0,False,4,炸板,False,2024-08,2024,,,,,,二接三阳
003026.SZSE,中晶科技,2024-10-09,二接三,2,阳,2024-09-30,5.0,-13.7,41.3,+--,11.4,41.0,2,4,09-30,下影,2.3,1.9,21.5,10-08,下影,10.0,4.6,17.3,下影+2→下影+10,42.5,1.89,29.3,1.48,29,352,False,-5.88,-12.94,False,-12.94,1.0,False,2,炸板,True,2024-10,2024,,,,,,二接三阳
003027.SZSE,同兴科技,2024-01-19,二接三,2,阴,2024-01-17,-0.72,-9.0,5.1,-++,1.0,,0,0,01-17,实体,0.2,0.2,7.9,01-18,下影,6.6,2.8,10.9,实体+0→下影+7,23.84,6.74,43.6,3.3,37,37,True,-2.14,9.98,True,8.89,3.0,False,5,连板,False,2024-01,2024,,,,,,二接三阴
003027.SZSE,同兴科技,2024-01-22,三接四,3,阴,2024-01-17,-0.72,-9.0,5.1,-++,1.0,,0,0,01-17,实体,0.2,0.2,7.9,01-18,下影,6.6,2.8,10.9,实体+0→下影+7→下影+7,26.22,-2.14,48.4,2.15,15,37,True,-1.6,9.99,True,-0.99,2.0,False,5,连板,False,2024-01,2024,01-19,下影,6.7,10.6,43.6,三接四阴
003029.SZSE,吉大正元,2025-06-16,二接三,2,阴,2025-06-12,0.15,-24.1,21.3,++-,-1.9,270.0,0,0,06-12,下影,1.5,1.2,17.6,06-13,下影,5.4,0.9,18.7,下影+2→下影+5,27.54,-1.08,31.3,2.15,41,39,False,-8.86,-10.71,False,-10.71,1.0,False,2,炸板,True,2025-06,2025,,,,,,二接三阴
003030.SZSE,祖名股份,2025-01-21,二接三,2,阳,2025-01-17,-1.08,-14.6,20.2,+--,0.7,,0,0,01-17,下影,-1.9,2.1,11.1,01-20,实体,3.7,0.1,8.7,下影-2→实体+4,21.87,5.53,15.2,1.56,38,62,True,5.08,-6.54,False,-6.54,1.0,False,3,封次日负,True,2025-01,2025,,,,,,二接三阳
003030.SZSE,祖名股份,2025-01-22,三接四,3,阳,2025-01-17,-1.08,-14.6,20.2,+--,0.7,,0,0,01-17,下影,-1.9,2.1,11.1,01-20,实体,3.7,0.1,8.7,下影-2→实体+4→下影+6,24.06,5.08,30.1,2.06,36,38,False,-23.36,-23.52,False,-23.52,1.0,False,3,炸板,True,2025-01,2025,01-21,下影,5.5,5.5,15.2,三接四阳
003031.SZSE,中瓷电子,2025-12-10,二接三,2,阳,2025-12-08,2.18,-15.8,7.3,++-,-0.4,286.0,0,0,12-08,一字,10.0,0.0,1.1,12-09,一字,10.0,0.0,0.8,一字+10→一字+10,71.84,5.01,13.0,4.0,50,46,True,0.46,-0.06,False,-0.06,1.0,False,3,封次日负,True,2025-12,2025,,,,,,二接三阳
003032.SZSE,传智教育,2023-11-16,三接四,3,阴,2023-11-13,-3.01,-8.2,22.4,+++,3.1,,0,0,11-13,一字,10.0,0.0,6.5,11-14,一字,10.0,0.0,4.1,一字+10→一字+10→一字+10,20.31,4.17,71.9,3.65,25,46,False,-6.6,-10.64,False,-10.64,1.0,False,3,炸板,True,2023-11,2023,11-15,一字,10.0,0.0,3.4,三接四阴
003032.SZSE,传智教育,2026-07-30,三接四,3,阴,2026-07-27,-2.32,-28.1,11.9,++-,7.7,650.0,0,0,07-27,实体,0.7,0.2,4.8,07-28,下影,1.7,0.8,12.3,实体+1→下影+2→一字+10,8.01,7.14,8.8,1.34,46,73,True,9.99,9.99,True,36.7,5.0,False,8,连板,False,2026-07,2026,07-29,一字,10.0,0.0,3.7,三接四阴
003033.SZSE,征和工业,2025-03-04,二接三,2,阳,2025-02-28,1.28,-4.9,33.1,--+,15.1,,0,0,02-28,下影,0.5,4.9,7.1,03-03,下影,0.0,4.1,11.1,下影+0→下影+0,44.14,0.0,4.8,0.65,61,51,True,4.69,-7.09,False,-7.09,1.0,False,3,封次日负,True,2025-03,2025,,,,,,二接三阳
003036.SZSE,泰坦股份,2024-11-25,三接四,3,阳,2024-11-20,5.44,-10.5,34.0,-++,5.8,,0,0,11-20,实体,-0.4,0.2,2.3,11-21,实体,3.3,0.0,2.8,实体-0→实体+3→一字+10,13.62,10.02,14.6,3.24,132,60,True,-8.08,-9.99,False,-9.99,1.0,False,4,封次日负,True,2024-11,2024,11-22,一字,10.0,0.0,1.1,三接四阳
003037.SZSE,三和管桩,2025-07-23,二接三,2,阴,2025-07-21,-1.36,-15.3,39.3,+++,23.7,4.0,2,2,07-21,下影,5.5,0.3,5.5,07-22,下影,10.0,10.6,11.8,下影+6→下影+10,11.61,3.79,20.7,1.71,43,82,False,-15.25,-11.28,False,-11.28,1.0,False,2,炸板,True,2025-07,2025,,,,,,二接三阴
003038.SZSE,鑫铂股份,2024-11-13,二接三,2,阴,2024-11-11,-2.39,-5.3,41.2,+++,15.7,,0,0,11-11,下影,-0.4,0.9,7.8,11-12,下影,2.8,0.8,7.0,下影-0→下影+3,21.79,1.92,18.6,2.24,50,65,False,-3.63,-6.52,False,-6.52,1.0,False,2,炸板,True,2024-11,2024,,,,,,二接三阴
003039.SZSE,顺控发展,2023-10-27,三接四,3,阴,2023-10-24,-2.88,-24.7,0.5,---,-13.3,,0,0,10-24,下影,5.7,0.4,5.2,10-25,一字,10.0,0.0,2.1,下影+6→一字+10→一字+10,20.72,7.54,46.0,3.76,67,34,False,-17.57,-17.57,False,-17.57,1.0,False,3,炸板,True,2023-10,2023,10-26,一字,10.0,0.0,6.4,三接四阴
003040.SZSE,楚天龙,2024-12-02,二接三,2,阳,2024-11-28,-6.39,-10.5,50.8,+++,12.1,4.0,2,2,11-28,实体,1.4,0.0,13.4,11-29,下影,4.9,1.8,9.7,实体+1→下影+5,18.34,6.0,25.0,1.61,132,105,True,-6.22,-9.98,False,-9.98,1.0,False,3,封次日负,True,2024-12,2024,,,,,,二接三阳
003040.SZSE,楚天龙,2026-08-25,二接三,2,阳,2026-08-21,7.19,-14.0,18.9,-++,11.5,269.0,0,0,08-21,实体,7.3,0.0,6.8,08-24,下影,0.0,2.1,11.2,实体+7→下影+0,15.48,8.1,9.9,1.33,58,41,True,0.0,10.01,True,19.51,3.0,False,5,连板,False,2026-08,2026,,,,,,二接三阳
003040.SZSE,楚天龙,2026-08-26,三接四,3,阳,2026-08-21,7.19,-14.0,18.9,-++,11.5,269.0,0,0,08-21,实体,7.3,0.0,6.8,08-24,下影,0.0,2.1,11.2,实体+7→下影+0→下影+8,17.03,0.0,23.8,2.04,48,58,True,3.46,9.98,True,8.63,2.0,False,5,连板,False,2026-08,2026,08-25,下影,8.1,9.9,9.9,三接四阳
003041.SZSE,真爱美家,2024-12-03,二接三,2,阴,2024-11-29,-10.0,-13.5,83.3,+++,49.0,3.0,2,2,11-29,实体,7.5,0.2,3.7,12-02,一字,10.0,0.0,0.5,实体+7→一字+10,24.2,10.0,16.0,1.98,92,132,False,-9.42,6.07,True,7.4,3.0,False,5,炸板,False,2024-12,2024,,,,,,二接三阴
003041.SZSE,真爱美家,2025-11-17,三接四,3,阴,2025-11-12,-4.26,-8.0,43.3,+++,26.0,221.0,0,0,11-12,一字,10.0,0.0,0.5,11-13,一字,10.0,0.0,0.1,一字+10→一字+10→一字+10,45.12,10.0,6.9,2.53,69,59,True,8.33,10.0,True,21.74,3.0,False,6,连板,False,2025-11,2025,11-14,一字,10.0,0.0,0.8,三接四阴
003042.SZSE,中农联合,2024-12-02,二接三,2,阴,2024-11-28,-0.87,-11.6,37.9,--+,5.8,195.0,0,0,11-28,下影,1.0,0.8,11.3,11-29,下影,6.3,2.2,9.0,下影+1→下影+6,19.77,6.9,6.4,0.97,132,105,True,8.75,-8.55,False,-8.55,1.0,False,3,封次日负,True,2024-12,2024,,,,,,二接三阴
003042.SZSE,中农联合,2026-01-27,二接三,2,阳,2026-01-23,1.4,-9.9,15.8,+++,10.3,279.0,0,0,01-23,下影,-0.2,1.0,11.5,01-26,下影,4.5,1.8,21.4,下影-0→下影+5,23.1,-8.29,24.8,1.9,46,57,True,0.43,10.0,True,-1.0,2.0,False,4,连板,False,2026-01,2026,,,,,,二接三阳
003042.SZSE,中农联合,2026-01-28,三接四,3,阳,2026-01-23,1.4,-9.9,15.8,+++,10.3,279.0,0,0,01-23,下影,-0.2,1.0,11.5,01-26,下影,4.5,1.8,21.4,下影-0→下影+5→下影-8,25.41,0.43,10.9,0.76,72,46,True,10.0,-10.0,False,-10.0,1.0,False,4,封次日负,True,2026-01,2026,01-27,下影,-8.3,1.7,24.8,三接四阳
600006.SSE,东风股份,2024-03-19,二接三,2,阳,2024-03-15,-0.43,-5.6,42.2,+++,24.9,,0,0,03-15,下影,-1.0,1.3,9.2,03-18,下影,3.2,0.9,4.7,下影-1→下影+3,9.15,8.17,14.8,1.89,46,70,False,-6.23,3.5,True,1.09,2.0,False,4,炸板,False,2024-03,2024,,,,,,二接三阳
600006.SSE,东风股份,2024-11-13,二接三,2,阴,2024-11-11,-1.57,-11.1,23.3,+++,8.7,157.0,0,0,11-11,一字,10.0,0.0,1.6,11-12,一字,10.0,0.0,1.0,一字+10→一字+10,9.17,9.95,17.0,3.12,50,65,False,-9.49,-16.68,False,-16.68,1.0,False,2,炸板,True,2024-11,2024,,,,,,二接三阴
600032.SSE,浙江新能,2026-03-25,二接三,2,阳,2026-03-23,5.5,-3.2,35.5,+++,23.2,,0,0,03-23,下影,-2.6,0.8,6.8,03-24,下影,0.7,7.2,7.6,下影-3→下影+1,13.02,-1.6,7.1,1.18,78,74,True,-1.92,-3.15,False,-3.15,1.0,False,3,封次日负,True,2026-03,2026,,,,,,二接三阳
600048.SSE,保利发展,2024-09-30,二接三,2,阳,2024-09-26,1.47,-12.9,13.6,++-,3.4,,0,0,09-26,实体,-1.0,0.0,2.9,09-27,下影,5.3,0.3,3.7,实体-1→下影+5,11.03,9.97,5.3,1.6,626,107,True,9.97,-0.36,False,-0.36,1.0,False,3,封次日负,True,2024-09,2024,,,,,,二接三阳
600048.SSE,保利发展,2024-10-08,三接四,3,阳,2024-09-26,1.47,-12.9,13.6,++-,3.4,,0,0,09-26,实体,-1.0,0.0,2.9,09-27,下影,5.3,0.3,3.7,实体-1→下影+5→下影+10,12.13,9.97,5.7,1.43,352,626,False,-12.61,-18.47,False,-18.47,1.0,False,3,炸板,True,2024-10,2024,09-30,下影,10.0,7.8,5.3,三接四阳
600051.SSE,宁波联合,2025-04-28,二接三,2,阳,2025-04-24,1.2,-4.3,22.1,+--,0.0,,0,0,04-24,下影,0.6,0.4,12.3,04-25,一字,10.0,0.0,3.0,下影+1→一字+10,8.95,9.95,28.1,2.9,36,59,False,-19.55,-19.55,False,-19.55,1.0,False,2,炸板,True,2025-04,2025,,,,,,二接三阳
600058.SSE,五矿发展,2026-01-19,三接四,3,阳,2025-12-29,0.77,-1.1,25.1,+++,22.0,,0,0,12-29,下影,0.0,0.9,6.0,01-15,一字,10.0,0.0,1.6,下影+0→一字+10→一字+10,15.33,9.97,11.5,2.64,79,48,False,-9.0,-0.39,False,-0.39,1.0,False,3,炸板,True,2026-01,2026,01-16,一字,10.0,0.0,0.4,三接四阳
600072.SSE,中船科技,2023-05-09,二接三,2,阳,2023-05-05,8.68,-1.2,59.8,,58.1,6.0,2,2,05-05,下影,-1.9,0.6,20.8,05-08,下影,2.6,1.3,13.6,下影-2→下影+3,30.5,8.19,23.9,1.25,22,48,False,-4.26,-4.92,False,-4.92,1.0,False,2,炸板,True,2023-05,2023,,,,,,二接三阳
600076.SSE,康欣新材,2025-02-28,二接三,2,阴,2025-02-26,-0.97,-32.6,12.6,-++,3.5,156.0,0,0,02-26,下影,2.4,0.5,1.5,02-27,下影,8.4,0.9,4.2,下影+2→下影+8,2.74,10.04,16.5,3.24,32,66,False,-14.96,-18.98,False,-18.98,1.0,False,2,炸板,True,2025-02,2025,,,,,,二接三阴
600076.SSE,康欣新材,2026-05-12,二接三,2,阴,2026-05-08,-2.39,-25.7,5.1,+--,-3.0,288.0,0,0,05-08,实体,1.2,0.0,2.5,05-11,下影,5.0,1.7,4.6,实体+1→下影+5,4.36,10.1,4.5,1.47,50,76,True,-0.92,-2.75,False,-2.75,1.0,False,3,封次日负,True,2026-05,2026,,,,,,二接三阴
600078.SSE,澄星股份,2025-10-13,二接三,2,阳,2025-10-09,1.5,-1.9,19.2,+-+,2.4,,0,0,10-09,下影,-0.3,0.6,3.7,10-10,下影,9.4,2.3,3.0,下影-0→下影+9,9.02,-4.88,5.0,1.73,48,53,True,9.98,9.98,True,-0.67,2.0,False,4,连板,False,2025-10,2025,,,,,,二接三阳
600078.SSE,澄星股份,2025-11-10,二接三,2,阳,2025-11-06,7.41,-9.6,64.3,+++,45.6,17.0,4,4,11-06,下影,4.3,1.8,13.5,11-07,下影,5.1,0.6,3.9,下影+4→下影+5,13.13,9.97,14.5,1.36,56,45,True,-2.36,2.06,False,2.06,1.0,False,3,封次日正,False,2025-11,2025,,,,,,二接三阳
600078.SSE,澄星股份,2026-02-26,二接三,2,阴,2026-02-24,-0.62,-23.5,18.3,--+,10.6,68.0,0,4,02-24,实体,4.0,0.0,2.3,02-25,一字,10.0,0.0,3.2,实体+4→一字+10,14.81,10.03,6.7,1.8,52,61,True,-3.24,-4.39,False,-4.39,1.0,False,3,封次日负,True,2026-02,2026,,,,,,二接三阴
600088.SSE,中视传媒,2023-05-10,二接三,2,阴,2023-05-08,0.38,-4.9,23.6,,15.1,,0,0,05-08,下影,-0.6,0.9,8.4,05-09,实体,1.9,0.0,4.3,下影-1→实体+2,17.45,3.34,6.6,0.92,26,22,True,10.03,-2.41,False,-2.41,1.0,False,3,封次日负,True,2023-05,2023,,,,,,二接三阴
600088.SSE,中视传媒,2023-05-11,三接四,3,阴,2023-05-08,0.38,-4.9,23.6,,15.1,,0,0,05-08,下影,-0.6,0.9,8.4,05-09,实体,1.9,0.0,4.3,下影-1→实体+2→下影+3,19.2,10.03,19.5,1.97,35,26,False,-19.22,-2.45,True,4.27,2.0,False,5,炸板,True,2023-05,2023,05-10,下影,3.3,1.5,6.6,三接四阴
600097.SSE,开创国际,2024-01-26,二接三,2,阴,2024-01-24,-1.67,-21.0,2.2,---,-11.1,,0,0,01-24,下影,0.3,0.3,4.2,01-25,下影,-2.5,0.5,8.6,下影+0→下影-3,12.54,5.26,12.2,2.21,49,90,False,-13.88,-10.45,False,-10.45,1.0,False,2,炸板,True,2024-01,2024,,,,,,二接三阴
600097.SSE,开创国际,2024-04-03,三接四,3,阳,2024-03-29,1.72,-33.8,29.5,-++,3.5,40.0,2,2,03-29,实体,9.6,0.0,1.3,04-01,下影,9.9,0.3,2.3,实体+10→下影+10→一字+10,12.14,-4.35,16.8,3.63,42,47,False,-13.34,-16.89,False,-16.89,1.0,False,3,炸板,True,2024-04,2024,04-02,一字,10.0,0.0,1.1,三接四阳
600097.SSE,开创国际,2025-03-24,二接三,2,阴,2025-03-20,-1.82,-10.8,10.9,+++,7.2,232.0,0,0,03-20,下影,-0.1,0.3,4.6,03-21,一字,10.0,0.0,2.7,下影-0→一字+10,12.9,6.99,21.6,3.17,38,39,False,-20.23,-20.23,False,-20.23,1.0,False,2,炸板,True,2025-03,2025,,,,,,二接三阴
600101.SSE,明星电力,2024-05-14,二接三,2,阳,2024-05-10,1.21,-1.7,66.4,+++,8.1,,0,0,05-10,下影,-1.1,0.8,15.5,05-13,下影,6.7,3.7,27.0,下影-1→下影+7,12.24,-2.96,26.9,1.48,37,24,True,-0.82,-8.58,False,-8.58,1.0,False,3,封次日负,True,2024-05,2024,,,,,,二接三阳
600103.SSE,青山纸业,2025-09-11,二接三,2,阴,2025-09-09,4.01,-5.3,34.4,+++,22.8,,0,0,09-09,下影,-1.4,0.7,17.3,09-10,下影,5.1,1.6,18.3,下影-1→下影+5,3.8,10.14,11.5,0.78,74,44,True,10.0,10.0,True,20.79,2.0,False,4,连板,False,2025-09,2025,,,,,,二接三阴
600103.SSE,青山纸业,2025-09-12,三接四,3,阴,2025-09-09,4.01,-5.3,34.4,+++,22.8,,0,0,09-09,下影,-1.4,0.7,17.3,09-10,下影,5.1,1.6,18.3,下影-1→下影+5→下影+10,4.18,10.0,9.0,0.58,57,74,True,5.74,9.81,False,9.81,1.0,False,4,封次日正,False,2025-09,2025,09-11,下影,10.1,4.3,11.5,三接四阴
600103.SSE,青山纸业,2026-04-22,二接三,2,阳,2026-04-20,5.91,-3.8,31.1,++-,18.1,141.0,0,0,04-20,下影,-0.5,0.5,24.2,04-21,下影,-0.4,1.7,18.2,下影-0→下影-0,5.72,5.77,32.6,1.5,49,44,False,-6.99,-10.14,False,-10.14,1.0,False,2,炸板,True,2026-04,2026,,,,,,二接三阳
600103.SSE,青山纸业,2026-08-27,二接三,2,阴,2026-08-25,-0.69,-32.7,19.2,-++,6.3,86.0,0,2,08-25,下影,0.0,1.0,7.5,08-26,下影,1.6,1.0,10.2,下影+0→下影+2,3.82,6.92,6.1,1.07,66,48,True,9.95,0.79,False,0.79,1.0,False,3,封次日正,False,2026-08,2026,,,,,,二接三阴
600103.SSE,青山纸业,2026-08-28,三接四,3,阴,2026-08-25,-0.69,-32.7,19.2,-++,6.3,86.0,0,2,08-25,下影,0.0,1.0,7.5,08-26,下影,1.6,1.0,10.2,下影+0→下影+2→下影+7,4.2,9.95,33.8,2.82,77,66,False,-12.86,-9.29,False,-9.29,1.0,False,3,炸板,True,2026-08,2026,08-27,下影,6.9,2.9,6.1,三接四阴
600105.SSE,永鼎股份,2024-11-25,二接三,2,阳,2024-11-21,2.25,-12.3,47.5,--+,7.1,382.0,0,0,11-21,实体,-0.8,0.0,8.1,11-22,一字,10.0,0.0,6.0,实体-1→一字+10,6.66,6.78,29.4,2.92,132,60,True,1.05,-10.06,False,-10.06,1.0,False,3,封次日负,True,2024-11,2024,,,,,,二接三阳
600108.SSE,亚盛集团,2026-03-03,二接三,2,阴,2026-02-27,-0.82,-8.6,21.5,+-+,1.4,,0,0,02-27,下影,-0.3,1.4,9.0,03-02,一字,10.1,0.0,3.6,下影-0→一字+10,4.81,10.07,24.1,2.77,67,77,True,0.21,9.98,True,4.37,2.0,False,4,连板,False,2026-03,2026,,,,,,二接三阴
600108.SSE,亚盛集团,2026-03-04,三接四,3,阴,2026-02-27,-0.82,-8.6,21.5,+-+,1.4,,0,0,02-27,下影,-0.3,1.4,9.0,03-02,一字,10.1,0.0,3.6,下影-0→一字+10→下影+10,5.29,0.21,18.7,1.61,34,67,True,6.99,-5.1,False,-5.1,1.0,False,4,封次日负,True,2026-03,2026,03-03,下影,10.1,4.6,24.1,三接四阴
600110.SSE,诺德股份,2024-11-11,二接三,2,阳,2024-11-07,0.49,-3.3,59.4,+++,7.7,22.0,2,2,11-07,实体,0.2,0.0,6.5,11-08,实体,2.9,0.0,3.8,实体+0→实体+3,5.43,7.29,15.2,2.47,108,95,False,-7.37,-12.34,False,-12.34,1.0,False,2,炸板,True,2024-11,2024,,,,,,二接三阳
600110.SSE,诺德股份,2025-06-19,二接三,2,阳,2025-06-17,0.86,-19.5,21.5,+++,0.6,145.0,0,0,06-17,实体,-0.3,0.3,4.1,06-18,下影,1.8,3.4,11.0,实体-0→下影+2,4.68,5.18,14.8,2.14,26,29,True,5.77,10.04,True,53.85,5.0,False,7,连板,False,2025-06,2025,,,,,,二接三阳
600110.SSE,诺德股份,2025-06-20,三接四,3,阳,2025-06-17,0.86,-19.5,21.5,+++,0.6,145.0,0,0,06-17,实体,-0.3,0.3,4.1,06-18,下影,1.8,3.4,11.0,实体-0→下影+2→下影+5,5.15,5.77,7.6,0.98,36,26,True,0.0,10.1,True,39.81,4.0,False,7,连板,False,2025-06,2025,06-19,下影,5.2,3.1,14.8,三接四阳
600110.SSE,诺德股份,2025-08-19,二接三,2,阴,2025-08-15,-0.62,-15.8,96.9,+++,12.4,37.0,7,7,08-15,实体,-2.5,0.0,13.1,08-18,下影,9.7,3.4,6.2,实体-3→下影+10,8.47,7.79,21.3,1.53,74,78,True,2.72,-8.26,False,-8.26,1.0,False,3,封次日负,True,2025-08,2025,,,,,,二接三阴
600113.SSE,浙江东日,2025-06-19,二接三,2,阳,2025-06-17,3.22,-2.8,14.9,+-+,1.9,,0,0,06-17,实体,0.0,0.2,3.7,06-18,下影,-0.9,1.1,5.4,实体+0→下影-1,19.18,4.36,10.0,2.35,26,29,False,-5.42,7.87,True,31.91,4.0,False,6,炸板,False,2025-06,2025,,,,,,二接三阳
600113.SSE,浙江东日,2025-06-24,二接三,2,阳,2025-06-20,7.86,-1.9,50.0,+++,32.9,2.0,2,2,06-20,下影,-3.6,0.7,8.8,06-23,下影,-2.0,0.9,8.4,下影-4→下影-2,25.04,0.0,6.6,0.84,53,60,True,3.83,1.04,False,1.04,1.0,False,3,封次日正,False,2025-06,2025,,,,,,二接三阳
600113.SSE,浙江东日,2025-08-13,二接三,2,阳,2025-08-11,4.86,-4.6,139.9,+++,5.9,34.0,3,3,08-11,实体,1.6,0.0,3.6,08-12,下影,2.5,0.5,4.8,实体+2→下影+2,43.68,5.77,4.8,1.31,80,42,True,3.02,5.93,False,5.93,1.0,False,3,封次日正,False,2025-08,2025,,,,,,二接三阳
600113.SSE,浙江东日,2025-11-12,二接三,2,阴,2025-11-10,-2.87,-30.0,39.3,---,-23.0,48.0,3,3,11-10,实体,1.1,0.0,2.2,11-11,下影,8.2,0.8,1.0,实体+1→下影+8,58.6,8.88,2.8,1.5,48,52,True,8.87,2.1,False,2.1,1.0,False,3,封次日正,False,2025-11,2025,,,,,,二接三阴
600113.SSE,浙江东日,2026-07-01,二接三,2,阴,2026-06-29,-2.63,-48.8,0.8,---,-26.9,150.0,0,0,06-29,下影,-0.3,4.3,2.4,06-30,下影,4.0,2.3,2.6,下影-0→下影+4,36.5,7.26,3.2,1.11,130,114,True,0.0,-0.96,False,-0.96,1.0,False,3,封次日负,True,2026-07,2026,,,,,,二接三阴
600117.SSE,西宁特钢,2025-07-24,三接四,3,阳,2025-07-21,1.73,-4.5,15.8,-++,10.8,,0,0,07-21,下影,8.9,0.4,1.8,07-22,一字,10.0,0.0,0.6,下影+9→一字+10→一字+10,3.45,4.78,5.4,2.62,61,43,True,10.14,10.14,True,0.58,2.0,False,5,连板,False,2025-07,2025,07-23,一字,10.2,0.0,1.9,三接四阳
600118.SSE,中国卫星,2025-12-26,二接三,2,阴,2025-12-24,-5.28,-11.1,77.9,+++,41.1,80.0,0,2,12-24,实体,-2.9,0.0,13.1,12-25,下影,2.2,0.8,12.3,实体-3→下影+2,80.0,1.75,14.2,1.04,69,72,True,1.25,10.0,True,7.9,2.0,False,4,连板,False,2025-12,2025,,,,,,二接三阴
600118.SSE,中国卫星,2025-12-29,三接四,3,阴,2025-12-24,-5.28,-11.1,77.9,+++,41.1,80.0,0,2,12-24,实体,-2.9,0.0,13.1,12-25,下影,2.2,0.8,12.3,实体-3→下影+2→下影+2,88.0,1.25,13.4,0.96,64,69,True,-2.95,-1.91,False,-1.91,1.0,False,4,封次日负,True,2025-12,2025,12-26,下影,1.7,1.6,14.2,三接四阴
600120.SSE,浙江东方,2025-02-07,三接四,3,阳,2025-01-27,2.43,-21.0,11.8,+--,-4.3,41.0,2,2,01-27,一字,9.9,0.0,0.7,02-05,一字,10.0,0.0,0.2,一字+10→一字+10→一字+10,6.78,10.06,21.1,3.68,63,71,True,0.0,10.03,True,28.17,4.0,False,7,连板,False,2025-02,2025,02-06,一字,10.0,0.0,4.4,三接四阳
600121.SSE,郑州煤电,2026-06-03,二接三,2,阳,2026-06-01,2.89,-27.0,9.8,--+,1.7,52.0,2,2,06-01,下影,0.0,1.2,10.1,06-02,下影,7.9,2.6,16.8,下影+0→下影+8,5.69,-1.35,24.0,1.93,59,56,True,0.0,0.18,False,0.18,1.0,False,3,封次日正,False,2026-06,2026,,,,,,二接三阳
600121.SSE,郑州煤电,2026-09-02,二接三,2,阳,2026-08-31,4.45,-23.5,33.5,+++,18.3,62.0,0,3,08-31,下影,0.9,2.0,10.5,09-01,下影,-2.2,0.4,20.0,下影+1→下影-2,5.94,10.0,27.8,1.88,50,74,False,-9.93,-4.21,False,-4.21,1.0,False,2,炸板,True,2026-09,2026,,,,,,二接三阳
600126.SSE,杭钢股份,2025-02-27,二接三,2,阴,2025-02-25,-9.94,-11.6,184.8,+++,139.2,6.0,9,9,02-25,实体,-7.7,0.0,19.7,02-26,下影,6.7,4.4,13.2,实体-8→下影+7,14.72,-8.07,19.5,1.14,66,81,True,-9.92,-9.99,False,-9.99,1.0,False,3,封次日负,True,2025-02,2025,,,,,,二接三阴
600127.SSE,金健米业,2026-08-20,三接四,3,阴,2026-08-17,-3.93,-10.7,16.7,+++,5.6,,0,0,08-17,实体,7.7,0.0,5.9,08-18,下影,6.0,1.5,8.5,实体+8→下影+6→一字+10,8.6,4.09,43.4,3.21,59,32,True,9.19,-4.65,False,-4.65,1.0,False,4,封次日负,True,2026-08,2026,08-19,一字,10.0,0.0,4.6,三接四阴
600128.SSE,苏豪弘业,2025-01-13,二接三,2,阴,2025-01-09,-1.25,-20.6,8.2,---,-12.9,267.0,0,0,01-09,实体,-0.6,0.0,7.8,01-10,一字,10.0,0.0,3.4,实体-1→一字+10,10.52,10.04,20.3,2.82,42,35,True,1.33,9.98,True,19.77,4.0,False,6,连板,False,2025-01,2025,,,,,,二接三阴
600128.SSE,苏豪弘业,2025-01-14,三接四,3,阴,2025-01-09,-1.25,-20.6,8.2,---,-12.9,267.0,0,0,01-09,实体,-0.6,0.0,7.8,01-10,一字,10.0,0.0,3.4,实体-1→一字+10→下影+10,11.57,1.33,35.6,2.57,111,42,True,3.72,10.03,True,8.9,3.0,False,6,连板,False,2025-01,2025,01-13,下影,10.0,2.6,20.3,三接四阴
600130.SSE,波导股份,2024-09-24,二接三,2,阳,2024-09-20,6.01,-7.2,12.4,-+-,2.4,,0,0,09-20,实体,1.8,0.0,6.8,09-23,一字,10.0,0.0,1.5,实体+2→一字+10,4.47,4.68,26.5,3.28,76,45,False,-13.87,-12.53,False,-12.53,1.0,False,2,炸板,True,2024-09,2024,,,,,,二接三阳
600130.SSE,波导股份,2024-11-01,三接四,3,阳,2024-10-29,2.73,-3.8,49.3,+++,11.1,21.0,2,2,10-29,下影,0.4,0.7,4.3,10-30,一字,10.1,0.0,1.1,下影+0→一字+10→一字+10,6.61,9.98,36.8,3.66,74,141,False,-7.72,-4.54,True,-2.27,2.0,False,5,炸板,True,2024-11,2024,10-31,一字,10.1,0.0,1.4,三接四阳
600130.SSE,波导股份,2026-05-08,二接三,2,阴,2026-05-06,0.43,-6.1,15.8,+++,7.2,362.0,0,0,05-06,下影,-1.3,1.3,6.0,05-07,下影,4.3,1.0,8.9,下影-1→下影+4,6.15,6.98,8.0,1.18,89,91,True,8.94,5.37,False,5.37,1.0,False,3,封次日正,False,2026-05,2026,,,,,,二接三阴
600130.SSE,波导股份,2026-05-11,三接四,3,阴,2026-05-06,0.43,-6.1,15.8,+++,7.2,362.0,0,0,05-06,下影,-1.3,1.3,6.0,05-07,下影,4.3,1.0,8.9,下影-1→下影+4→下影+7,6.77,8.94,36.0,2.68,76,89,False,-7.39,-6.65,False,-6.65,1.0,False,3,炸板,True,2026-05,2026,05-08,下影,7.0,3.4,8.0,三接四阴
600143.SSE,金发科技,2025-02-21,二接三,2,阴,2025-02-19,-1.45,-5.5,32.2,-++,25.2,,0,0,02-19,下影,5.5,1.5,3.4,02-20,一字,10.0,0.0,1.1,下影+5→一字+10,13.6,10.03,19.5,3.07,82,76,False,-1.54,1.54,False,1.54,1.0,False,2,炸板,False,2025-02,2025,,,,,,二接三阴
600148.SSE,长春一东,2024-09-10,二接三,2,阴,2024-09-06,-2.14,-7.8,8.1,+--,-3.3,298.0,0,0,09-06,实体,-0.5,0.0,7.2,09-09,实体,6.0,0.0,4.0,实体-0→实体+6,16.45,8.03,18.7,2.47,31,39,False,-18.18,-15.26,False,-15.26,1.0,False,2,炸板,True,2024-09,2024,,,,,,二接三阴
600148.SSE,长春一东,2024-11-20,二接三,2,阴,2024-11-18,-4.43,-9.2,72.4,+++,22.9,43.0,2,2,11-18,实体,-0.1,0.0,4.2,11-19,下影,9.2,8.4,5.0,实体-0→下影+9,26.44,2.0,19.2,2.8,119,79,False,-8.62,-6.73,False,-6.73,1.0,False,2,炸板,True,2024-11,2024,,,,,,二接三阴
600149.SSE,廊坊发展,2025-05-23,二接三,2,阳,2025-05-21,4.05,-5.3,46.4,+++,22.7,342.0,0,0,05-21,下影,1.0,1.0,5.6,05-22,下影,6.2,2.3,5.5,下影+1→下影+6,6.84,9.97,27.2,2.43,34,32,False,-15.5,-14.91,False,-14.91,1.0,False,2,炸板,True,2025-05,2025,,,,,,二接三阳
600151.SSE,航天机电,2025-12-05,二接三,2,阳,2025-12-03,5.56,-4.0,36.8,+++,22.0,,0,0,12-03,下影,0.4,5.5,17.4,12-04,实体,0.0,0.0,6.2,下影+0→实体+0,13.65,4.75,20.5,1.49,58,30,True,2.56,-1.25,False,-1.25,1.0,False,3,封次日负,True,2025-12,2025,,,,,,二接三阳
600152.SSE,维科技术,2025-07-01,二接三,2,阳,2025-06-27,0.96,-4.6,36.7,+-+,5.5,193.0,0,0,06-27,下影,0.2,0.3,17.4,06-30,下影,10.0,5.1,20.3,下影+0→下影+10,8.37,-0.13,37.5,2.3,49,63,False,-10.51,-11.59,False,-11.59,1.0,False,2,炸板,True,2025-07,2025,,,,,,二接三阳
600152.SSE,维科技术,2026-04-15,二接三,2,阳,2026-04-13,-0.2,-16.8,34.3,-++,5.7,190.0,0,0,04-13,实体,1.1,0.0,13.5,04-14,下影,0.0,2.6,18.1,实体+1→下影+0,13.08,4.29,35.6,1.82,53,49,False,-9.02,-3.36,False,-3.36,1.0,False,2,炸板,True,2026-04,2026,,,,,,二接三阳
600152.SSE,维科技术,2026-04-28,二接三,2,阴,2026-04-24,-6.06,-23.0,60.5,+++,14.1,8.0,2,2,04-24,下影,0.1,0.3,13.7,04-27,下影,3.6,4.8,27.8,下影+0→下影+4,15.69,2.03,14.3,0.72,53,54,True,-3.12,-7.58,False,-7.58,1.0,False,3,封次日负,True,2026-04,2026,,,,,,二接三阴
600156.SSE,华升股份,2026-04-20,二接三,2,阴,2026-04-16,-1.92,-15.3,9.1,+--,-6.5,155.0,0,0,04-16,下影,0.0,0.8,5.1,04-17,下影,6.7,1.5,10.2,下影+0→下影+7,10.19,0.22,8.9,1.47,72,57,True,10.01,-3.93,False,-3.93,1.0,False,3,封次日负,True,2026-04,2026,,,,,,二接三阴
600156.SSE,华升股份,2026-04-21,三接四,3,阴,2026-04-16,-1.92,-15.3,9.1,+--,-6.5,155.0,0,0,04-16,下影,0.0,0.8,5.1,04-17,下影,6.7,1.5,10.2,下影+0→下影+7→实体+0,11.21,10.01,30.1,2.64,44,72,False,-16.59,-9.81,False,-9.81,1.0,False,3,炸板,True,2026-04,2026,04-20,实体,0.2,0.0,8.9,三接四阴
600156.SSE,华升股份,2026-04-30,二接三,2,阳,2026-04-28,1.21,-17.7,31.7,+++,14.0,6.0,3,3,04-28,实体,-0.3,0.0,11.6,04-29,实体,0.0,0.1,8.1,实体-0→实体+0,12.29,5.82,24.3,1.7,69,92,False,-10.33,-8.87,False,-8.87,1.0,False,2,炸板,True,2026-04,2026,,,,,,二接三阳
600156.SSE,华升股份,2026-05-15,二接三,2,阴,2026-05-13,-2.98,-10.6,67.3,+++,58.3,7.0,3,3,05-13,一字,10.0,0.0,3.6,05-14,一字,10.0,0.0,1.1,一字+10→一字+10,15.61,4.86,31.1,2.46,46,50,False,-19.28,-13.58,False,-13.58,1.0,False,2,炸板,True,2026-05,2026,,,,,,二接三阴
600159.SSE,大龙地产,2023-07-24,二接三,2,阳,2023-07-20,1.82,-7.0,16.7,-+-,2.6,,0,0,07-20,下影,0.0,1.1,9.6,07-21,下影,2.0,0.3,15.5,下影+0→下影+2,3.72,10.06,22.7,2.25,19,24,False,-10.48,0.54,True,0.81,2.0,False,4,炸板,False,2023-07,2023,,,,,,二接三阳
600159.SSE,大龙地产,2023-11-23,三接四,3,阴,2023-11-20,-2.09,-23.2,21.0,-++,14.3,80.0,0,2,11-20,下影,3.0,0.6,12.2,11-21,下影,3.3,0.8,7.5,下影+3→下影+3→一字+10,4.81,4.12,21.2,2.2,32,44,True,9.98,-3.74,False,-3.74,1.0,False,4,封次日负,True,2023-11,2023,11-22,一字,10.1,0.0,2.0,三接四阴
600162.SSE,香江控股,2025-09-16,二接三,2,阳,2025-09-12,-0.56,-1.7,14.1,+-+,6.6,,0,0,09-12,实体,0.6,0.0,4.2,09-15,下影,6.6,1.5,4.2,实体+1→下影+7,2.38,10.19,2.3,0.84,59,56,True,10.08,10.08,True,25.63,3.0,False,5,连板,False,2025-09,2025,,,,,,二接三阳
600162.SSE,香江控股,2025-09-17,三接四,3,阳,2025-09-12,-0.56,-1.7,14.1,+-+,6.6,,0,0,09-12,实体,0.6,0.0,4.2,09-15,下影,6.6,1.5,4.2,实体+1→下影+7→下影+10,2.62,10.08,10.5,2.34,56,59,True,4.2,9.92,True,14.12,2.0,False,5,连板,False,2025-09,2025,09-16,下影,10.2,0.9,2.3,三接四阳
600162.SSE,香江控股,2026-05-27,二接三,2,阳,2026-05-25,0.0,-12.1,4.2,-++,-2.8,159.0,0,0,05-25,实体,0.0,0.0,2.8,05-26,一字,9.9,0.0,0.9,实体+0→一字+10,2.31,6.19,4.8,2.09,45,45,True,6.93,9.96,True,26.41,3.0,False,5,连板,False,2026-05,2026,,,,,,二接三阳
600162.SSE,香江控股,2026-05-28,三接四,3,阳,2026-05-25,0.0,-12.1,4.2,-++,-2.8,159.0,0,0,05-25,实体,0.0,0.0,2.8,05-26,一字,9.9,0.0,0.9,实体+0→一字+10→下影+6,2.54,6.93,8.6,2.32,88,45,True,7.09,9.84,True,14.96,2.0,False,5,连板,False,2026-05,2026,05-27,下影,6.2,1.0,4.8,三接四阳
600162.SSE,香江控股,2026-07-17,二接三,2,阳,2026-07-15,3.6,-44.6,35.3,---,-36.8,17.0,5,5,07-15,实体,0.0,0.0,2.0,07-16,下影,7.1,9.9,10.6,实体+0→下影+7,3.06,4.32,11.6,1.96,29,37,True,-9.8,-10.13,False,-10.13,1.0,False,3,封次日负,True,2026-07,2026,,,,,,二接三阳
600162.SSE,香江控股,2026-08-13,二接三,2,阳,2026-08-11,4.84,-6.0,129.4,+++,75.7,7.0,5,5,08-11,实体,-1.0,0.0,2.9,08-12,下影,9.6,6.8,5.2,实体-1→下影+10,5.19,5.93,12.0,1.83,50,86,False,-11.95,-9.44,False,-9.44,1.0,False,2,炸板,True,2026-08,2026,,,,,,二接三阳
600162.SSE,香江控股,2026-08-31,二接三,2,阳,2026-08-27,2.55,-14.6,108.0,-++,68.4,11.0,3,5,08-27,下影,0.0,0.7,4.1,08-28,下影,4.7,0.6,4.7,下影+0→下影+5,5.9,10.07,13.5,2.0,78,77,False,-16.95,-16.61,False,-16.61,1.0,False,2,炸板,True,2026-08,2026,,,,,,二接三阳
600165.SSE,宁科生物,2024-03-25,三接四,3,阳,2024-03-20,1.8,-34.5,59.2,+++,32.2,,0,0,03-20,实体,0.0,0.0,3.9,03-21,一字,10.0,0.0,1.1,实体+0→一字+10→一字+10,3.31,9.97,10.7,2.35,36,44,True,9.67,9.97,True,19.64,4.0,False,7,连板,False,2024-03,2024,03-22,一字,9.9,0.0,1.0,三接四阳
600167.SSE,联美控股,2025-09-25,三接四,3,阳,2025-09-22,0.7,-4.6,29.2,+++,11.8,,0,0,09-22,一字,10.0,0.0,0.3,09-23,一字,9.9,0.0,0.2,一字+10→一字+10→一字+10,10.56,1.04,6.3,3.41,36,64,True,-8.14,-10.04,False,-10.04,1.0,False,4,封次日负,True,2025-09,2025,09-24,一字,10.0,0.0,0.3,三接四阳
600170.SSE,上海建工,2025-09-17,三接四,3,阳,2025-09-12,0.42,-6.6,2.6,---,0.8,,0,0,09-12,下影,0.0,0.4,6.2,09-15,一字,10.2,0.0,2.1,下影+0→一字+10→一字+10,3.53,5.3,24.7,3.37,56,59,True,0.28,9.92,True,-1.13,2.0,False,5,连板,False,2025-09,2025,09-16,一字,9.9,0.0,1.9,三接四阳
600171.SSE,上海贝岭,2024-07-22,二接三,2,阴,2024-07-18,-3.22,-12.7,69.3,++-,-5.3,33.0,2,2,07-18,下影,-2.7,0.6,13.3,07-19,下影,4.9,1.2,12.8,下影-3→下影+5,24.81,6.43,27.8,1.82,29,24,False,-1.01,-3.87,False,-3.87,1.0,False,2,炸板,True,2024-07,2024,,,,,,二接三阴
600171.SSE,上海贝岭,2024-10-09,二接三,2,阳,2024-09-30,6.49,-14.9,49.6,++-,20.4,49.0,2,2,09-30,下影,4.7,3.0,17.9,10-08,下影,10.0,5.2,11.0,下影+5→下影+10,30.77,2.9,26.1,1.65,29,352,False,-2.76,-9.98,False,-9.98,1.0,False,2,炸板,True,2024-10,2024,,,,,,二接三阳
600171.SSE,上海贝岭,2024-10-22,二接三,2,阴,2024-10-18,-1.09,-8.9,55.5,+++,31.7,8.0,2,2,10-18,实体,-0.6,0.2,17.6,10-21,一字,10.0,0.0,1.2,实体-1→一字+10,37.29,10.0,8.9,0.94,85,89,True,1.98,-5.04,False,-5.04,1.0,False,3,封次日负,True,2024-10,2024,,,,,,二接三阴
600172.SSE,黄河旋风,2024-10-29,二接三,2,阳,2024-10-25,4.26,-3.2,49.4,+++,30.6,223.0,0,0,10-25,实体,5.6,0.0,6.8,10-28,下影,10.1,3.7,7.9,实体+6→下影+10,3.59,10.12,21.6,2.41,93,179,False,-2.79,6.96,True,5.85,3.0,False,5,炸板,False,2024-10,2024,,,,,,二接三阳
600172.SSE,黄河旋风,2025-10-22,二接三,2,阴,2025-10-20,-9.66,-13.2,38.1,+++,23.9,207.0,0,0,10-20,下影,1.9,3.8,17.4,10-21,下影,7.5,4.1,13.8,下影+2→下影+8,7.72,5.98,20.5,1.09,51,63,True,5.05,0.13,False,0.13,1.0,False,3,封次日正,False,2025-10,2025,,,,,,二接三阴
600172.SSE,黄河旋风,2025-10-23,三接四,3,阴,2025-10-20,-9.66,-13.2,38.1,+++,23.9,207.0,0,0,10-20,下影,1.9,3.8,17.4,10-21,下影,7.5,4.1,13.8,下影+2→下影+8→下影+6,8.49,5.05,42.1,1.9,49,51,False,-11.31,-18.02,False,-18.02,1.0,False,3,炸板,True,2025-10,2025,10-22,下影,6.0,3.7,20.5,三接四阴
600172.SSE,黄河旋风,2026-05-13,二接三,2,阳,2026-05-11,0.57,-23.3,40.4,+-+,9.5,39.0,2,2,05-11,一字,10.0,0.0,5.5,05-12,下影,5.6,4.4,28.1,一字+10→下影+6,11.84,1.49,25.8,1.75,101,50,True,1.18,-0.08,False,-0.08,1.0,False,3,封次日负,True,2026-05,2026,,,,,,二接三阳
600172.SSE,黄河旋风,2026-05-26,二接三,2,阴,2026-05-22,-6.64,-20.0,32.7,+++,11.5,7.0,3,3,05-22,实体,8.1,0.0,6.1,05-25,下影,4.6,3.1,14.8,实体+8→下影+5,13.3,5.38,24.2,1.83,45,91,True,0.0,-0.23,False,-0.23,1.0,False,3,封次日负,True,2026-05,2026,,,,,,二接三阴
600173.SSE,卧龙新能,2025-09-10,二接三,2,阴,2025-09-08,-4.54,-17.5,14.7,---,-2.0,40.0,2,2,09-08,下影,-0.2,1.3,7.6,09-09,下影,3.0,1.3,8.9,下影-0→下影+3,8.39,4.19,20.3,1.92,44,45,True,-1.31,5.01,False,5.01,1.0,False,3,封次日正,False,2025-09,2025,,,,,,二接三阴
600173.SSE,卧龙新能,2025-09-11,三接四,3,阴,2025-09-08,-4.54,-17.5,14.7,---,-2.0,40.0,2,2,09-08,下影,-0.2,1.3,7.6,09-09,下影,3.0,1.3,8.9,下影-0→下影+3→下影+4,9.23,-1.31,21.5,1.65,74,44,False,-11.7,-12.46,False,-12.46,1.0,False,3,炸板,True,2025-09,2025,09-10,下影,4.2,5.8,20.3,三接四阴
600178.SSE,东安动力,2023-11-13,二接三,2,阴,2023-11-09,-1.27,-3.2,14.6,+++,4.5,,0,0,11-09,下影,0.3,2.3,5.8,11-10,一字,10.0,0.0,2.0,下影+0→一字+10,9.31,10.05,18.5,3.11,31,29,False,-14.82,-15.47,False,-15.47,1.0,False,2,炸板,True,2023-11,2023,,,,,,二接三阴
600178.SSE,东安动力,2024-10-30,二接三,2,阳,2024-10-28,2.95,-7.6,47.2,+++,15.3,149.0,0,0,10-28,下影,8.6,2.8,4.8,10-29,一字,10.0,0.0,1.6,下影+9→一字+10,13.95,6.47,13.4,1.92,118,93,True,10.04,10.04,True,2.01,2.0,False,4,连板,False,2024-10,2024,,,,,,二接三阳
600179.SSE,安通控股,2024-06-17,二接三,2,阴,2024-06-13,-1.4,-13.2,1.4,--+,-3.2,,0,0,06-13,一字,10.0,0.0,0.3,06-14,一字,9.9,0.0,0.4,一字+10→一字+10,2.81,9.02,5.6,3.78,19,16,False,-6.05,-7.83,False,-7.83,1.0,False,2,炸板,True,2024-06,2024,,,,,,二接三阴
600179.SSE,安通控股,2025-12-24,二接三,2,阳,2025-12-22,3.31,-19.6,16.7,-+-,-0.7,371.0,0,0,12-22,实体,1.7,0.0,1.8,12-23,下影,10.1,2.7,4.2,实体+2→下影+10,5.41,-2.44,7.7,2.37,65,48,True,9.06,9.98,True,9.06,3.0,False,5,连板,False,2025-12,2025,,,,,,二接三阳
600179.SSE,安通控股,2025-12-25,三接四,3,阳,2025-12-22,3.31,-19.6,16.7,-+-,-0.7,371.0,0,0,12-22,实体,1.7,0.0,1.8,12-23,下影,10.1,2.7,4.2,实体+2→下影+10→下影-2,5.95,9.06,4.3,1.1,72,65,True,2.02,10.08,True,-0.84,2.0,False,5,连板,False,2025-12,2025,12-24,下影,-2.4,1.6,7.7,三接四阳
600186.SSE,莲花控股,2023-10-10,二接三,2,阳,2023-09-28,1.87,-5.1,91.5,+++,55.4,,0,0,09-28,下影,-0.2,0.9,10.3,10-09,下影,1.2,4.8,9.7,下影-0→下影+1,7.24,5.17,3.7,0.5,33,41,True,3.59,4.42,False,4.42,1.0,False,3,封次日正,False,2023-10,2023,,,,,,二接三阳
600186.SSE,莲花控股,2025-02-10,二接三,2,阳,2025-02-06,6.96,-17.6,27.2,+--,3.9,19.0,2,2,02-06,下影,4.1,1.1,14.6,02-07,下影,2.4,1.0,29.1,下影+4→下影+2,7.16,4.76,25.6,1.47,85,63,False,-8.8,4.19,True,11.31,2.0,False,4,炸板,False,2025-02,2025,,,,,,二接三阳
600189.SSE,泉阳泉,2023-09-18,二接三,2,阳,2023-09-14,7.32,-2.4,46.4,+++,26.6,,0,0,09-14,下影,-1.3,1.8,9.1,09-15,下影,5.4,1.9,7.6,下影-1→下影+5,11.72,7.98,17.4,1.81,36,26,False,-17.49,-21.67,False,-21.67,1.0,False,2,炸板,True,2023-09,2023,,,,,,二接三阳
600192.SSE,长城电工,2024-06-17,二接三,2,阳,2024-06-13,1.27,-26.0,6.4,---,-9.1,,0,0,06-13,实体,-0.5,0.0,2.4,06-14,一字,10.0,0.0,1.1,实体-1→一字+10,5.31,9.94,5.6,2.7,19,16,True,-3.01,-6.59,False,-6.59,1.0,False,3,封次日负,True,2024-06,2024,,,,,,二接三阳
600192.SSE,长城电工,2024-08-08,二接三,2,阴,2024-08-06,-2.83,-22.6,9.9,++-,-2.4,36.0,3,3,08-06,实体,0.5,0.2,1.7,08-07,下影,9.9,0.4,6.3,实体+0→下影+10,5.48,-2.61,18.9,3.2,30,42,True,-3.28,-9.85,False,-9.85,1.0,False,3,封次日负,True,2024-08,2024,,,,,,二接三阴
600192.SSE,长城电工,2024-08-09,三接四,3,阴,2024-08-06,-2.83,-22.6,9.9,++-,-2.4,36.0,3,3,08-06,实体,0.5,0.2,1.7,08-07,下影,9.9,0.4,6.3,实体+0→下影+10→下影-3,6.03,-3.28,20.8,2.12,23,30,False,-20.4,-9.95,True,-4.98,2.0,False,5,炸板,True,2024-08,2024,08-08,下影,-2.6,4.6,18.9,三接四阴
600192.SSE,长城电工,2025-05-28,二接三,2,阴,2025-05-26,-1.04,-12.6,30.7,-++,3.2,189.0,0,0,05-26,下影,0.3,0.7,2.6,05-27,实体,5.0,0.1,12.1,下影+0→实体+5,8.9,-1.11,11.9,2.07,49,51,True,2.25,-2.7,False,-2.7,1.0,False,3,封次日负,True,2025-05,2025,,,,,,二接三阴
600192.SSE,长城电工,2025-07-02,二接三,2,阳,2025-06-30,0.0,-20.0,52.1,+-+,-10.3,22.0,3,3,06-30,下影,0.0,0.6,7.5,07-01,下影,5.7,1.3,8.0,下影+0→下影+6,10.35,9.46,8.7,1.09,51,49,True,10.05,-3.48,False,-3.48,1.0,False,3,封次日负,True,2025-07,2025,,,,,,二接三阳
600192.SSE,长城电工,2025-07-03,三接四,3,阳,2025-06-30,0.0,-20.0,52.1,+-+,-10.3,22.0,3,3,06-30,下影,0.0,0.6,7.5,07-01,下影,5.7,1.3,8.0,下影+0→下影+6→下影+9,11.39,10.05,35.0,2.66,52,51,False,-15.45,-8.25,False,-8.25,1.0,False,3,炸板,True,2025-07,2025,07-02,下影,9.5,4.5,8.7,三接四阳
600198.SSE,大唐电信,2024-10-28,三接四,3,阴,2024-10-23,-1.43,-13.2,92.9,+++,53.7,16.0,6,6,10-23,下影,-1.5,2.2,8.8,10-24,下影,6.9,1.4,4.9,下影-1→下影+7→一字+10,13.07,10.02,19.8,2.26,179,121,True,6.2,9.26,False,9.26,1.0,False,4,封次日正,False,2024-10,2024,10-25,一字,10.0,0.0,0.9,三接四阴
600198.SSE,大唐电信,2024-12-19,二接三,2,阴,2024-12-17,-2.2,-36.6,101.9,++-,4.2,36.0,6,6,12-17,实体,0.2,0.0,9.5,12-18,一字,10.0,0.0,1.7,实体+0→一字+10,14.19,4.03,31.1,2.97,50,84,False,-17.12,-17.2,False,-17.2,1.0,False,2,炸板,True,2024-12,2024,,,,,,二接三阴
600199.SSE,金种子酒,2024-09-30,二接三,2,阴,2024-09-26,-1.08,-16.4,12.0,++-,3.1,,0,0,09-26,实体,-0.7,0.0,6.6,09-27,下影,6.0,1.9,7.0,实体-1→下影+6,14.62,9.71,9.1,1.57,626,107,True,9.99,4.51,False,4.51,1.0,False,3,封次日正,False,2024-09,2024,,,,,,二接三阴
600199.SSE,金种子酒,2024-10-08,三接四,3,阴,2024-09-26,-1.08,-16.4,12.0,++-,3.1,,0,0,09-26,实体,-0.7,0.0,6.6,09-27,下影,6.0,1.9,7.0,实体-1→下影+6→下影+10,16.08,9.99,11.7,1.55,352,626,False,-8.58,-14.49,False,-14.49,1.0,False,3,炸板,True,2024-10,2024,09-30,下影,9.7,7.3,9.1,三接四阴
600202.SSE,哈空调,2025-01-14,二接三,2,阳,2025-01-10,-1.12,-22.0,9.7,---,-16.1,316.0,0,0,01-10,下影,3.8,2.0,13.0,01-13,一字,10.1,0.0,6.6,下影+4→一字+10,5.89,4.67,23.4,2.43,111,42,True,-0.51,-10.02,False,-10.02,1.0,False,3,封次日负,True,2025-01,2025,,,,,,二接三阳
600203.SSE,福日电子,2024-10-16,二接三,2,阴,2024-10-14,-5.39,-19.0,30.9,+++,18.0,10.0,2,2,10-14,实体,0.1,0.1,11.5,10-15,下影,7.3,2.9,16.9,实体+0→下影+7,9.58,1.72,32.1,2.12,67,33,True,-3.34,7.41,False,7.41,1.0,False,3,封次日正,False,2024-10,2024,,,,,,二接三阴
600203.SSE,福日电子,2024-10-17,三接四,3,阴,2024-10-14,-5.39,-19.0,30.9,+++,18.0,10.0,2,2,10-14,实体,0.1,0.1,11.5,10-15,下影,7.3,2.9,16.9,实体+0→下影+7→下影+2,10.54,-3.34,33.0,1.65,41,67,False,-4.27,-1.99,False,-1.99,1.0,False,3,炸板,True,2024-10,2024,10-16,下影,1.7,0.8,32.1,三接四阴
600203.SSE,福日电子,2024-10-31,三接四,3,阴,2024-10-28,-2.23,-12.3,75.5,+++,49.6,8.0,3,3,10-28,下影,-1.6,1.5,19.0,10-29,下影,7.0,5.3,15.4,下影-2→下影+7→一字+10,14.14,10.04,17.0,1.31,141,118,True,0.07,-9.97,False,-9.97,1.0,False,4,封次日负,True,2024-10,2024,10-30,一字,10.0,0.0,0.9,三接四阴
600203.SSE,福日电子,2025-02-26,二接三,2,阳,2025-02-24,-0.5,-24.8,27.4,-++,14.7,75.0,0,4,02-24,下影,0.1,3.5,14.4,02-25,下影,10.0,1.9,8.7,下影+0→下影+10,13.39,10.02,46.5,2.66,81,46,False,-5.9,-11.43,False,-11.43,1.0,False,2,炸板,True,2025-02,2025,,,,,,二接三阳
600203.SSE,福日电子,2025-08-06,二接三,2,阴,2025-08-04,0.47,-4.1,24.5,+++,16.6,109.0,0,2,08-04,下影,-0.5,1.3,23.9,08-05,下影,9.3,0.9,13.4,下影-0→下影+9,14.19,0.93,37.5,2.0,46,44,True,7.12,10.01,True,7.89,2.0,False,4,连板,False,2025-08,2025,,,,,,二接三阴
600203.SSE,福日电子,2025-08-07,三接四,3,阴,2025-08-04,0.47,-4.1,24.5,+++,16.6,109.0,0,2,08-04,下影,-0.5,1.3,23.9,08-05,下影,9.3,0.9,13.4,下影-0→下影+9→下影+1,15.61,7.12,28.9,1.27,47,46,True,0.0,-1.92,False,-1.92,1.0,False,4,封次日负,True,2025-08,2025,08-06,下影,0.9,2.7,37.5,三接四阴
600206.SSE,有研新材,2024-11-11,二接三,2,阴,2024-11-07,-1.87,-2.6,43.1,+++,3.1,,0,0,11-07,一字,10.0,0.0,1.8,11-08,一字,10.0,0.0,0.8,一字+10→一字+10,16.08,9.99,8.9,1.84,108,95,True,10.01,10.01,True,17.85,3.0,False,5,连板,False,2024-11,2024,,,,,,二接三阴
600206.SSE,有研新材,2024-11-12,三接四,3,阴,2024-11-07,-1.87,-2.6,43.1,+++,3.1,,0,0,11-07,一字,10.0,0.0,1.8,11-08,一字,10.0,0.0,0.8,一字+10→一字+10→下影+10,17.69,10.01,6.6,1.38,65,108,True,7.52,10.01,True,7.12,2.0,False,5,连板,False,2024-11,2024,11-11,下影,10.0,1.8,8.9,三接四阴
600206.SSE,有研新材,2026-08-07,二接三,2,阳,2026-08-05,9.17,-47.9,35.2,---,-35.4,419.0,0,0,08-05,实体,0.9,0.0,10.4,08-06,下影,2.5,0.8,12.2,实体+1→下影+2,48.17,5.05,10.8,0.99,59,69,True,3.8,8.01,False,8.01,1.0,False,3,封次日正,False,2026-08,2026,,,,,,二接三阳
600206.SSE,有研新材,2026-08-10,三接四,3,阳,2026-08-05,9.17,-47.9,35.2,---,-35.4,419.0,0,0,08-05,实体,0.9,0.0,10.4,08-06,下影,2.5,0.8,12.2,实体+1→下影+2→下影+5,52.99,3.8,18.7,1.47,93,59,False,-4.43,-0.64,False,-0.64,1.0,False,3,炸板,True,2026-08,2026,08-07,下影,5.0,2.7,10.8,三接四阳
600207.SSE,安彩高科,2024-03-08,三接四,3,阴,2024-03-05,-1.02,-34.8,34.5,++-,-23.7,,0,0,03-05,下影,-0.5,2.6,3.7,03-06,下影,2.6,1.6,5.6,下影-1→下影+3→一字+10,5.71,10.02,8.0,2.04,52,44,True,9.98,9.98,True,7.71,2.0,False,5,连板,False,2024-03,2024,03-07,一字,10.0,0.0,1.3,三接四阴
600208.SSE,衢州发展,2024-09-30,二接三,2,阳,2024-09-26,4.74,-4.3,28.4,+++,20.6,,0,0,09-26,实体,-1.0,0.0,2.9,09-27,下影,9.1,4.6,3.6,实体-1→下影+9,2.65,9.96,2.5,1.01,626,107,True,10.19,10.19,True,6.79,2.0,False,4,连板,False,2024-09,2024,,,,,,二接三阳
600208.SSE,衢州发展,2024-10-08,三接四,3,阳,2024-09-26,4.74,-4.3,28.4,+++,20.6,,0,0,09-26,实体,-1.0,0.0,2.9,09-27,下影,9.1,4.6,3.6,实体-1→下影+9→下影+10,2.92,10.19,6.8,1.9,352,626,True,-2.4,-3.08,False,-3.08,1.0,False,4,封次日负,True,2024-10,2024,09-30,下影,10.0,3.7,2.5,三接四阳
600208.SSE,衢州发展,2025-08-18,三接四,3,阳,2025-08-13,0.24,-1.9,65.5,+++,43.1,199.0,0,0,08-13,一字,10.0,0.0,0.5,08-14,一字,9.9,0.0,0.1,一字+10→一字+10→一字+10,6.03,10.04,10.7,3.85,78,70,False,-13.43,-8.13,False,-8.13,1.0,False,3,炸板,True,2025-08,2025,08-15,一字,10.0,0.0,0.6,三接四阳
600210.SSE,紫江企业,2024-11-11,三接四,3,阳,2024-11-06,0.47,-3.0,33.5,+++,3.2,,0,0,11-06,实体,6.1,0.0,2.0,11-07,一字,10.0,0.0,1.3,实体+6→一字+10→一字+10,9.34,0.0,23.2,3.54,108,95,True,-3.0,-9.96,False,-9.96,1.0,False,4,封次日负,True,2024-11,2024,11-08,一字,10.0,0.0,1.7,三接四阳
600212.SSE,绿能慧充,2024-10-25,二接三,2,阴,2024-10-23,3.23,-6.2,38.5,+++,34.5,,0,0,10-23,实体,-1.3,0.0,13.4,10-24,实体,0.6,0.0,22.5,实体-1→实体+1,8.1,-1.09,20.2,1.27,121,67,False,-0.12,-3.83,False,-3.83,1.0,False,2,炸板,True,2024-10,2024,,,,,,二接三阴
600217.SSE,中再资环,2024-10-22,二接三,2,阳,2024-10-18,1.34,-12.1,33.2,-++,20.8,,0,0,10-18,下影,0.2,1.5,2.8,10-21,一字,10.0,0.0,0.6,下影+0→一字+10,7.04,9.22,15.5,3.19,85,89,True,-1.99,0.99,False,0.99,1.0,False,3,封次日正,False,2024-10,2024,,,,,,二接三阳
600218.SSE,全柴动力,2024-03-04,二接三,2,阴,2024-02-29,-6.83,-38.5,30.1,+--,-8.4,,0,0,02-29,下影,-1.1,1.1,3.8,03-01,一字,10.0,0.0,1.2,下影-1→一字+10,9.44,1.52,15.6,2.75,61,56,False,-11.23,-11.33,False,-11.33,1.0,False,2,炸板,True,2024-03,2024,,,,,,二接三阴
600221.SSE,海航控股,2024-11-04,二接三,2,阳,2024-10-31,2.46,-12.0,23.8,+-+,13.6,,0,0,10-31,下影,4.0,1.6,2.2,11-01,下影,10.1,2.9,3.9,下影+4→下影+10,1.67,5.26,7.0,2.27,122,74,True,0.6,10.18,True,33.53,4.0,False,6,连板,False,2024-11,2024,,,,,,二接三阳
600221.SSE,海航控股,2024-11-05,三接四,3,阳,2024-10-31,2.46,-12.0,23.8,+-+,13.6,,0,0,10-31,下影,4.0,1.6,2.2,11-01,下影,10.1,2.9,3.9,下影+4→下影+10→下影+5,1.84,0.6,3.1,0.88,139,122,True,9.78,9.78,True,21.2,3.0,False,6,连板,False,2024-11,2024,11-04,下影,5.3,11.8,7.0,三接四阳
600227.SSE,赤天化,2026-03-10,二接三,2,阴,2026-03-06,-6.56,-14.3,26.2,+++,12.4,404.0,0,0,03-06,下影,-2.3,0.3,13.9,03-09,下影,10.0,4.9,19.4,下影-2→下影+10,3.98,-3.31,34.5,1.74,49,34,False,-6.28,1.76,False,1.76,1.0,False,2,炸板,False,2026-03,2026,,,,,,二接三阴
600227.SSE,赤天化,2026-03-17,二接三,2,阴,2026-03-13,-1.98,-7.2,67.5,+++,56.9,4.0,2,2,03-13,实体,-0.3,0.0,31.2,03-16,下影,3.0,1.8,34.5,实体-0→下影+3,5.29,-4.37,36.0,1.11,33,39,True,0.0,-5.48,False,-5.48,1.0,False,3,封次日负,True,2026-03,2026,,,,,,二接三阴
600228.SSE,返利科技,2023-03-28,二接三,2,阳,2023-03-24,0.0,,,,,,0,0,03-24,下影,-0.5,2.9,17.1,03-27,下影,10.0,8.0,15.7,下影-1→下影+10,15.0,1.69,21.9,1.17,0,1,False,-16.67,-13.93,False,-13.93,1.0,False,2,炸板,True,2023-03,2023,,,,,,二接三阳
600228.SSE,返利科技,2026-06-29,三接四,3,阳,2026-06-16,8.42,0.0,65.2,+++,23.4,374.0,0,0,06-16,下影,-0.1,3.2,13.0,06-25,一字,10.0,0.0,0.6,下影-0→一字+10→一字+10,11.87,10.01,24.0,2.43,89,51,False,-16.09,-21.65,False,-21.65,1.0,False,3,炸板,True,2026-06,2026,06-26,一字,10.0,0.0,0.1,三接四阳
600228.SSE,返利科技,2026-07-31,二接三,2,阳,2026-07-29,2.37,-49.0,14.4,---,-34.9,23.0,3,3,07-29,实体,1.3,0.0,8.6,07-30,实体,0.2,0.2,5.8,实体+1→实体+0,8.06,0.0,20.9,2.25,87,46,False,-8.81,-11.66,False,-11.66,1.0,False,2,炸板,True,2026-07,2026,,,,,,二接三阳
600229.SSE,城市传媒,2023-05-05,二接三,2,阳,2023-04-28,5.95,-3.7,15.4,,12.1,,0,0,04-28,下影,-2.8,1.2,8.9,05-04,一字,10.0,0.0,1.6,下影-3→一字+10,11.85,10.03,16.3,2.08,31,76,False,-7.17,-8.27,False,-8.27,1.0,False,2,炸板,True,2023-05,2023,,,,,,二接三阳
600229.SSE,城市传媒,2024-02-20,二接三,2,阴,2024-02-08,-7.0,-46.7,2.8,---,-29.4,191.0,0,0,02-08,下影,1.9,1.5,3.5,02-19,下影,7.0,3.5,3.4,下影+2→下影+7,6.9,0.0,6.0,1.49,80,186,False,-10.14,-7.25,False,-7.25,1.0,False,2,炸板,True,2024-02,2024,,,,,,二接三阴
600230.SSE,沧州大化,2026-01-21,二接三,2,阴,2026-01-19,-0.2,-9.9,26.6,-++,16.4,,0,0,01-19,下影,0.2,0.5,6.1,01-20,下影,1.3,0.8,7.8,下影+0→下影+1,19.97,9.97,19.2,2.45,72,50,False,-13.02,-11.07,False,-11.07,1.0,False,2,炸板,True,2026-01,2026,,,,,,二接三阴
600232.SSE,金鹰股份,2025-06-10,二接三,2,阴,2025-06-06,0.0,-11.6,31.4,+-+,2.5,,0,0,06-06,下影,-0.2,1.9,3.4,06-09,一字,10.1,0.0,0.9,下影-0→一字+10,7.7,10.0,20.8,3.82,36,54,True,-3.64,10.0,True,8.18,2.0,False,4,连板,False,2025-06,2025,,,,,,二接三阴
600232.SSE,金鹰股份,2025-06-11,三接四,3,阴,2025-06-06,0.0,-11.6,31.4,+-+,2.5,,0,0,06-06,下影,-0.2,1.9,3.4,06-09,一字,10.1,0.0,0.9,下影-0→一字+10→下影+10,8.47,-3.64,31.8,2.73,44,36,True,-5.55,-1.65,False,-1.65,1.0,False,4,封次日负,True,2025-06,2025,06-10,下影,10.0,0.9,20.8,三接四阴
600234.SSE,科新发展,2024-02-21,二接三,2,阳,2024-02-19,2.64,-58.5,14.2,---,-47.1,38.0,2,2,02-19,下影,-3.0,0.5,3.9,02-20,实体,1.3,0.0,4.7,下影-3→实体+1,5.69,0.19,4.6,1.07,93,80,False,-7.03,0.18,False,0.18,1.0,False,2,炸板,False,2024-02,2024,,,,,,二接三阳
600234.SSE,科新发展,2024-04-25,二接三,2,阴,2024-04-23,-6.93,-56.7,0.6,---,-44.9,20.0,2,2,04-23,实体,0.0,0.3,6.1,04-24,实体,1.6,0.0,2.7,实体+0→实体+2,4.64,6.64,4.9,1.11,32,31,True,-6.25,-2.59,False,-2.59,1.0,False,3,封次日负,True,2024-04,2024,,,,,,二接三阴
600234.SSE,科新发展,2024-04-26,三接四,3,阴,2024-04-23,-6.93,-56.7,0.6,---,-44.9,20.0,2,2,04-23,实体,0.0,0.3,6.1,04-24,实体,1.6,0.0,2.7,实体+0→实体+2→下影+7,5.1,-6.25,15.2,2.23,56,32,False,-15.88,-15.88,False,-15.88,1.0,False,3,炸板,True,2024-04,2024,04-25,下影,6.6,1.7,4.9,三接四阴
600234.SSE,科新发展,2025-10-14,二接三,2,阳,2025-10-10,3.28,-8.3,26.0,++-,12.6,350.0,0,0,10-10,下影,3.1,2.9,3.4,10-13,下影,8.4,4.6,3.1,下影+3→下影+8,12.6,-0.44,9.4,2.42,34,48,False,-8.1,-1.9,False,-1.9,1.0,False,2,炸板,True,2025-10,2025,,,,,,二接三阳
600241.SSE,时代万恒,2025-06-30,二接三,2,阳,2025-06-26,2.56,-5.9,50.7,+-+,6.2,180.0,0,0,06-26,实体,-3.1,0.0,7.2,06-27,下影,5.2,4.7,20.8,实体-3→下影+5,10.65,10.02,16.8,1.62,63,42,True,0.47,-3.94,False,-3.94,1.0,False,3,封次日负,True,2025-06,2025,,,,,,二接三阳
600246.SSE,万通发展,2024-10-30,三接四,3,阳,2024-10-25,6.53,-3.1,63.4,+++,54.7,,0,0,10-25,下影,7.4,6.9,9.1,10-28,下影,10.0,2.4,3.4,下影+7→下影+10→一字+10,13.62,10.02,10.8,1.78,118,93,True,4.99,6.02,False,6.02,1.0,False,4,封次日正,False,2024-10,2024,10-29,一字,10.0,0.0,0.7,三接四阳
600246.SSE,万通发展,2025-08-12,二接三,2,阴,2025-08-08,-2.8,-6.8,27.1,-++,4.4,190.0,0,0,08-08,下影,0.4,1.7,7.4,08-11,下影,10.0,5.1,7.3,下影+0→下影+10,9.23,7.39,18.0,2.42,42,63,True,-0.87,9.97,True,18.63,2.0,False,4,连板,False,2025-08,2025,,,,,,二接三阴
600246.SSE,万通发展,2025-08-13,三接四,3,阴,2025-08-08,-2.8,-6.8,27.1,-++,4.4,190.0,0,0,08-08,下影,0.4,1.7,7.4,08-11,下影,10.0,5.1,7.3,下影+0→下影+10→下影+7,10.15,-0.87,15.9,1.56,80,42,True,4.93,7.88,False,7.88,1.0,False,4,封次日正,False,2025-08,2025,08-12,下影,7.4,6.0,18.0,三接四阴
600246.SSE,万通发展,2025-08-26,三接四,3,阳,2025-08-21,8.36,-19.7,69.4,+++,39.6,6.0,4,4,08-21,一字,10.0,0.0,1.4,08-22,一字,10.0,0.0,0.5,一字+10→一字+10→一字+10,14.05,4.07,33.5,3.17,59,64,False,-2.78,-12.53,False,-12.53,1.0,False,3,炸板,True,2025-08,2025,08-25,一字,10.0,0.0,0.4,三接四阳
600249.SSE,两面针,2025-04-15,二接三,2,阳,2025-04-11,3.07,-11.8,13.5,---,-5.8,90.0,0,2,04-11,下影,-0.6,0.4,3.2,04-14,下影,7.8,2.0,4.2,下影-1→下影+8,6.69,8.88,16.0,2.82,44,85,True,0.15,10.01,True,7.32,2.0,False,4,连板,False,2025-04,2025,,,,,,二接三阳
600249.SSE,两面针,2025-04-16,三接四,3,阳,2025-04-11,3.07,-11.8,13.5,---,-5.8,90.0,0,2,04-11,下影,-0.6,0.4,3.2,04-14,下影,7.8,2.0,4.2,下影-1→下影+8→下影+9,7.36,0.15,29.4,2.67,40,44,True,-2.17,-2.45,False,-2.45,1.0,False,4,封次日负,True,2025-04,2025,04-15,下影,8.9,8.2,16.0,三接四阳
600250.SSE,南京商旅,2023-11-30,二接三,2,阴,2023-11-28,0.69,-1.8,25.3,+++,14.1,,0,0,11-28,下影,-0.6,0.7,3.9,11-29,下影,5.9,2.8,6.4,下影-1→下影+6,9.68,10.0,4.5,1.23,26,25,True,10.02,10.02,True,47.21,5.0,False,7,连板,False,2023-11,2023,,,,,,二接三阴
600250.SSE,南京商旅,2025-12-10,二接三,2,阳,2025-12-08,1.89,-22.2,3.1,---,-3.8,121.0,0,0,12-08,下影,0.8,0.6,8.7,12-09,下影,8.1,6.5,21.9,下影+1→下影+8,13.6,8.41,24.2,2.01,50,46,False,-13.09,-3.97,True,-8.09,2.0,False,4,炸板,True,2025-12,2025,,,,,,二接三阳
600250.SSE,南京商旅,2025-12-19,二接三,2,阴,2025-12-17,-5.25,-11.6,21.9,+++,10.7,6.0,2,2,12-17,下影,2.5,0.6,15.5,12-18,实体,8.0,0.0,5.2,下影+2→实体+8,16.08,9.99,31.1,1.87,65,52,False,-18.28,-18.28,False,-18.28,1.0,False,2,炸板,True,2025-12,2025,,,,,,二接三阴
600255.SSE,鑫科材料,2024-12-19,三接四,3,阴,2024-12-16,-4.45,-9.1,68.1,+++,24.0,,0,0,12-16,下影,1.1,1.4,9.6,12-17,下影,10.1,9.4,22.1,下影+1→下影+10→一字+10,4.09,9.95,30.4,1.99,50,84,True,-4.65,0.73,False,0.73,1.0,False,4,封次日正,False,2024-12,2024,12-18,一字,10.1,0.0,2.8,三接四阴
600255.SSE,鑫科材料,2026-06-04,二接三,2,阳,2026-06-02,2.54,-8.3,19.4,+-+,0.0,348.0,0,0,06-02,下影,0.0,2.8,11.8,06-03,一字,10.0,0.0,3.1,下影+0→一字+10,4.83,5.69,34.4,2.94,65,59,True,-6.83,-7.04,False,-7.04,1.0,False,3,封次日负,True,2026-06,2026,,,,,,二接三阳
600257.SSE,大湖股份,2023-08-28,三接四,3,阳,2023-08-23,5.97,-5.2,47.5,+++,11.3,48.0,2,2,08-23,下影,3.3,0.6,16.9,08-24,下影,2.1,3.3,22.8,下影+3→下影+2→一字+10,10.13,9.99,16.8,1.02,28,16,True,3.16,-4.34,False,-4.34,1.0,False,4,封次日负,True,2023-08,2023,08-25,一字,10.0,0.0,3.2,三接四阳
600262.SSE,北方股份,2024-04-19,二接三,2,阴,2024-04-17,-5.64,-27.5,20.3,--+,-9.4,,0,0,04-17,实体,2.0,0.0,2.5,04-18,下影,8.6,3.2,2.7,实体+2→下影+9,18.94,5.17,9.9,2.41,41,52,False,-19.22,-10.93,False,-10.93,1.0,False,2,炸板,True,2024-04,2024,,,,,,二接三阴
600262.SSE,北方股份,2025-10-22,二接三,2,阴,2025-10-20,-2.52,-11.9,7.7,++-,-0.3,288.0,0,0,10-20,实体,6.9,0.0,13.0,10-21,实体,2.1,0.0,5.0,实体+7→实体+2,29.9,10.01,10.2,1.56,51,63,True,-2.01,-4.62,False,-4.62,1.0,False,3,封次日负,True,2025-10,2025,,,,,,二接三阴
600266.SSE,城建发展,2023-08-01,二接三,2,阳,2023-07-28,-2.99,-5.7,37.1,+++,22.7,,0,0,07-28,实体,-1.0,0.0,5.0,07-31,一字,10.0,0.0,0.7,实体-1→一字+10,8.22,9.5,16.0,2.32,25,38,False,-9.12,-9.12,False,-9.12,1.0,False,2,炸板,True,2023-08,2023,,,,,,二接三阳
600266.SSE,城建发展,2026-01-06,二接三,2,阳,2025-12-31,-0.65,-18.6,4.3,+--,-3.4,588.0,0,0,12-31,下影,0.4,1.3,6.6,01-05,下影,5.7,3.0,7.4,下影+0→下影+6,6.14,4.84,6.1,1.11,96,74,True,9.93,9.93,True,9.93,2.0,False,4,连板,False,2026-01,2026,,,,,,二接三阳
600266.SSE,城建发展,2026-01-07,三接四,3,阳,2025-12-31,-0.65,-18.6,4.3,+--,-3.4,588.0,0,0,12-31,下影,0.4,1.3,6.6,01-05,下影,5.7,3.0,7.4,下影+0→下影+6→下影+5,6.75,9.93,11.5,1.68,63,96,True,3.85,0.0,False,0.0,1.0,False,4,封次日正,False,2026-01,2026,01-06,下影,4.8,2.5,6.1,三接四阳
600272.SSE,开开实业,2023-08-15,二接三,2,阳,2023-08-11,3.88,-5.6,27.8,+++,19.2,,0,0,08-11,下影,-3.7,1.9,23.3,08-14,下影,0.0,2.6,29.4,下影-4→下影+0,14.27,-1.46,21.0,0.98,21,18,True,5.19,10.02,True,14.23,3.0,False,5,连板,False,2023-08,2023,,,,,,二接三阳
600272.SSE,开开实业,2023-08-16,三接四,3,阳,2023-08-11,3.88,-5.6,27.8,+++,19.2,,0,0,08-11,下影,-3.7,1.9,23.3,08-14,下影,0.0,2.6,29.4,下影-4→下影+0→下影-1,15.7,5.19,35.1,1.31,17,21,True,0.25,10.0,True,3.82,2.0,False,5,连板,False,2023-08,2023,08-15,下影,-1.5,1.2,21.0,三接四阳
600272.SSE,开开实业,2024-01-26,三接四,3,阴,2024-01-23,-5.57,-28.8,0.8,---,-11.7,106.0,0,5,01-23,下影,-0.6,2.1,4.4,01-24,实体,8.8,0.1,3.9,下影-1→实体+9→一字+10,14.39,10.02,16.9,2.55,49,90,True,3.47,-10.01,False,-10.01,1.0,False,4,封次日负,True,2024-01,2024,01-25,一字,10.0,0.0,4.0,三接四阴
600272.SSE,开开实业,2024-12-13,二接三,2,阴,2024-12-11,-0.49,-16.8,30.5,-+-,-10.6,93.0,0,2,12-11,实体,6.0,0.0,7.9,12-12,下影,4.0,2.4,19.7,实体+6→下影+4,16.13,7.37,14.6,1.38,84,119,True,9.98,9.98,True,20.4,2.0,False,4,连板,False,2024-12,2024,,,,,,二接三阴
600272.SSE,开开实业,2026-08-11,三接四,3,阴,2026-08-06,-0.65,-15.7,9.5,+-+,0.4,397.0,0,0,08-06,下影,-0.2,0.7,8.3,08-07,下影,0.9,2.5,9.8,下影-0→下影+1→一字+10,15.7,4.41,30.3,2.82,53,93,True,0.06,10.0,True,1.91,2.0,False,5,连板,False,2026-08,2026,08-10,一字,10.0,0.0,3.7,三接四阴
600280.SSE,中央商场,2023-07-18,二接三,2,阳,2023-07-14,0.78,-55.3,5.7,---,-5.5,,0,0,07-14,下影,1.5,0.8,4.0,07-17,下影,4.2,2.1,6.1,下影+2→下影+4,3.45,8.28,2.9,0.96,13,22,True,10.14,10.14,True,35.07,4.0,False,6,连板,False,2023-07,2023,,,,,,二接三阳
600280.SSE,中央商场,2023-07-19,三接四,3,阳,2023-07-14,0.78,-55.3,5.7,---,-5.5,,0,0,07-14,下影,1.5,0.8,4.0,07-17,下影,4.2,2.1,6.1,下影+2→下影+4→下影+8,3.8,10.14,3.5,1.02,15,13,True,10.0,10.0,True,22.63,3.0,False,6,连板,False,2023-07,2023,07-18,下影,8.3,5.1,2.9,三接四阳
600280.SSE,中央商场,2024-08-06,二接三,2,阴,2024-08-02,-2.47,-23.5,9.7,+--,-8.8,245.0,0,0,08-02,下影,0.0,1.3,3.9,08-05,一字,10.0,0.0,1.8,下影+0→一字+10,3.16,10.1,8.1,2.1,46,38,True,10.13,10.13,True,9.18,3.0,False,5,连板,False,2024-08,2024,,,,,,二接三阴
600280.SSE,中央商场,2024-08-07,三接四,3,阴,2024-08-02,-2.47,-23.5,9.7,+--,-8.8,245.0,0,0,08-02,下影,0.0,1.3,3.9,08-05,一字,10.0,0.0,1.8,下影+0→一字+10→下影+10,3.48,10.13,11.0,2.04,42,46,True,-8.05,10.06,True,-0.86,2.0,False,5,连板,False,2024-08,2024,08-06,下影,10.1,6.6,8.1,三接四阴
600280.SSE,中央商场,2024-11-08,二接三,2,阳,2024-11-06,3.42,-5.2,56.5,+++,10.3,57.0,5,5,11-06,下影,-1.9,1.1,17.8,11-07,下影,2.3,1.5,8.4,下影-2→下影+2,4.83,10.02,22.7,1.39,95,157,False,-15.11,-17.39,False,-17.39,1.0,False,2,炸板,True,2024-11,2024,,,,,,二接三阳
600280.SSE,中央商场,2025-11-20,二接三,2,阳,2025-11-18,2.01,-8.7,11.3,+++,7.6,250.0,0,0,11-18,下影,0.0,2.8,9.5,11-19,下影,9.9,1.5,5.7,下影+0→下影+10,4.74,9.98,20.7,2.53,35,48,False,-24.68,-25.95,False,-25.95,1.0,False,2,炸板,True,2025-11,2025,,,,,,二接三阳
600280.SSE,中央商场,2026-06-02,二接三,2,阴,2026-05-29,-2.68,-19.2,2.8,---,-4.0,110.0,0,2,05-29,实体,-0.7,0.0,4.4,06-01,下影,5.0,2.2,7.5,实体-1→下影+5,3.87,-2.84,13.4,2.08,56,109,True,-3.1,3.1,False,3.1,1.0,False,3,封次日正,False,2026-06,2026,,,,,,二接三阴
600281.SSE,华阳新材,2024-03-08,二接三,2,阴,2024-03-06,-4.04,-42.9,29.0,---,-31.7,68.0,0,2,03-06,下影,1.4,0.7,2.7,03-07,下影,6.7,5.4,4.6,下影+1→下影+7,3.8,8.7,2.7,1.0,52,44,True,6.58,3.42,False,3.42,1.0,False,3,封次日正,False,2024-03,2024,,,,,,二接三阴
600281.SSE,华阳新材,2024-03-11,三接四,3,阴,2024-03-06,-4.04,-42.9,29.0,---,-31.7,68.0,0,2,03-06,下影,1.4,0.7,2.7,03-07,下影,6.7,5.4,4.6,下影+1→下影+7→下影+9,4.18,6.58,14.4,2.74,69,52,False,-10.53,-12.44,False,-12.44,1.0,False,3,炸板,True,2024-03,2024,03-08,下影,8.7,1.7,2.7,三接四阴
600281.SSE,华阳新材,2024-04-08,二接三,2,阳,2024-04-02,0.83,-23.8,65.2,-++,22.9,17.0,3,3,04-02,实体,-0.8,0.3,4.0,04-03,下影,7.7,2.7,8.5,实体-1→下影+8,4.86,3.62,18.7,2.57,51,42,False,-14.81,-11.52,False,-11.52,1.0,False,2,炸板,True,2024-04,2024,,,,,,二接三阳
600281.SSE,华阳新材,2025-04-30,二接三,2,阳,2025-04-28,1.22,-26.2,14.8,---,-10.2,257.0,0,0,04-28,下影,6.9,3.3,7.1,04-29,下影,0.5,0.8,8.4,下影+7→下影+1,4.43,3.23,20.1,2.58,56,49,False,-10.16,5.64,True,12.64,2.0,False,4,炸板,False,2025-04,2025,,,,,,二接三阳
600281.SSE,华阳新材,2025-06-13,二接三,2,阳,2025-06-11,-1.62,-10.8,87.9,+-+,15.0,16.0,2,2,06-11,下影,-1.5,0.7,10.2,06-12,下影,10.0,5.2,18.0,下影-1→下影+10,7.26,1.67,30.0,1.6,39,49,True,-7.71,5.79,False,5.79,1.0,False,3,封次日正,False,2025-06,2025,,,,,,二接三阳
600281.SSE,华阳新材,2025-06-16,三接四,3,阳,2025-06-11,-1.62,-10.8,87.9,+-+,15.0,16.0,2,2,06-11,下影,-1.5,0.7,10.2,06-12,下影,10.0,5.2,18.0,下影-1→下影+10→实体+2,7.99,-7.71,33.2,1.53,41,39,False,-8.64,5.76,True,-4.76,2.0,False,5,炸板,False,2025-06,2025,06-13,实体,1.7,0.0,30.0,三接四阳
600283.SSE,钱江水利,2023-05-30,二接三,2,阳,2023-05-26,4.33,-0.1,13.3,+++,9.7,,0,0,05-26,一字,10.0,0.0,2.0,05-29,下影,10.0,4.0,12.9,一字+10→下影+10,18.26,1.2,13.8,2.2,33,27,True,1.31,-7.34,False,-7.34,1.0,False,3,封次日负,True,2023-05,2023,,,,,,二接三阳
600287.SSE,苏豪时尚,2023-11-24,二接三,2,阳,2023-11-22,0.88,-0.9,17.6,+++,10.6,,0,0,11-22,实体,-0.5,0.2,4.0,11-23,下影,8.1,6.7,8.4,实体-1→下影+8,7.63,6.63,19.3,2.87,27,32,False,-20.31,-21.89,False,-21.89,1.0,False,2,炸板,True,2023-11,2023,,,,,,二接三阳
600287.SSE,苏豪时尚,2023-12-06,二接三,2,阴,2023-12-04,-1.88,-11.3,38.7,+++,24.4,7.0,2,2,12-04,下影,-1.0,0.6,10.8,12-05,下影,4.0,1.2,13.2,下影-1→下影+4,9.02,1.22,26.3,1.75,33,32,False,-15.08,-8.65,False,-8.65,1.0,False,2,炸板,True,2023-12,2023,,,,,,二接三阴
600288.SSE,大恒科技,2024-11-22,三接四,3,阴,2024-11-19,-7.74,-17.2,27.6,-++,-4.3,183.0,0,0,11-19,一字,10.0,0.0,1.4,11-20,一字,10.0,0.0,1.0,一字+10→一字+10→一字+10,11.7,9.49,26.6,3.93,60,88,True,-0.94,-10.0,False,-10.0,1.0,False,4,封次日负,True,2024-11,2024,11-21,一字,10.0,0.0,0.6,三接四阴
600288.SSE,大恒科技,2025-07-28,二接三,2,阴,2025-07-24,3.31,-5.1,31.3,+++,11.8,162.0,0,0,07-24,下影,-0.1,0.9,11.1,07-25,下影,-0.6,1.8,12.9,下影-0→下影-1,14.52,10.0,25.2,1.95,48,40,False,-11.5,-8.06,False,-8.06,1.0,False,2,炸板,True,2025-07,2025,,,,,,二接三阴
600288.SSE,大恒科技,2026-07-08,二接三,2,阳,2026-07-06,1.98,-20.8,7.2,-+-,-3.5,227.0,0,0,07-06,下影,1.0,0.5,5.4,07-07,下影,4.7,0.7,27.8,下影+1→下影+5,17.11,-0.96,27.9,2.1,41,30,True,0.0,-1.93,False,-1.93,1.0,False,3,封次日负,True,2026-07,2026,,,,,,二接三阳
600292.SSE,电投水电,2024-11-11,二接三,2,阴,2024-11-07,-9.51,-18.1,152.6,+++,144.6,5.0,9,9,11-07,实体,0.3,0.0,8.9,11-08,下影,8.9,3.1,4.0,实体+0→下影+9,15.33,9.97,18.7,1.55,108,95,False,1.76,6.78,True,-2.67,2.0,False,4,炸板,False,2024-11,2024,,,,,,二接三阴
600292.SSE,电投水电,2024-12-03,二接三,2,阳,2024-11-29,0.07,-13.9,209.0,-++,10.3,15.0,9,9,11-29,下影,6.5,4.9,5.7,12-02,实体,3.2,0.2,4.5,下影+6→实体+3,18.76,10.03,4.2,0.66,92,132,False,5.54,-8.85,False,-8.85,1.0,False,2,炸板,True,2024-12,2024,,,,,,二接三阳
600293.SSE,三峡新材,2026-06-08,二接三,2,阴,2026-06-04,-1.51,-13.0,10.1,+++,2.2,149.0,0,0,06-04,下影,-1.5,1.5,6.9,06-05,实体,3.1,0.0,18.1,下影-2→实体+3,4.36,-2.02,30.2,2.36,45,63,False,-7.11,-7.57,False,-7.57,1.0,False,2,炸板,True,2026-06,2026,,,,,,二接三阴
600297.SSE,广汇汽车,2024-07-03,二接三,2,阳,2024-07-01,-2.82,-56.9,7.8,---,-50.0,,0,0,07-01,实体,-1.4,0.0,7.8,07-02,下影,0.0,1.3,3.8,实体-1→下影+0,0.92,9.52,2.2,0.35,26,33,False,-2.17,7.61,True,4.35,2.0,False,4,炸板,False,2024-07,2024,,,,,,二接三阳
600310.SSE,广西能源,2023-05-24,二接三,2,阴,2023-05-22,-1.49,-6.2,15.0,+++,8.9,,0,0,05-22,下影,0.3,0.3,5.2,05-23,一字,9.9,0.0,3.5,下影+0→一字+10,4.39,2.26,27.7,2.74,30,18,True,-3.19,10.02,True,2.05,2.0,False,4,连板,False,2023-05,2023,,,,,,二接三阴
600310.SSE,广西能源,2023-05-25,三接四,3,阴,2023-05-22,-1.49,-6.2,15.0,+++,8.9,,0,0,05-22,下影,0.3,0.3,5.2,05-23,一字,9.9,0.0,3.5,下影+0→一字+10→下影+2,4.83,-3.19,15.3,1.36,36,30,True,5.18,-7.25,False,-7.25,1.0,False,4,封次日负,True,2023-05,2023,05-24,下影,2.3,4.5,27.7,三接四阴
600310.SSE,广西能源,2026-03-30,二接三,2,阳,2026-03-26,5.42,-3.5,44.6,+++,36.3,444.0,0,0,03-26,下影,-2.6,2.0,13.6,03-27,一字,10.0,0.0,2.9,下影-3→一字+10,7.26,5.91,31.8,2.0,55,72,False,-21.63,-12.67,False,-12.67,1.0,False,2,炸板,True,2026-03,2026,,,,,,二接三阳
600313.SSE,农发种业,2026-08-19,二接三,2,阴,2026-08-17,-1.75,-12.2,12.0,-++,5.7,,0,0,08-17,实体,0.9,0.0,5.4,08-18,下影,2.3,0.3,8.8,实体+1→下影+2,7.46,10.03,21.1,2.71,32,70,False,-13.94,-7.24,False,-7.24,1.0,False,2,炸板,True,2026-08,2026,,,,,,二接三阴
600316.SSE,洪都航空,2024-07-30,二接三,2,阴,2024-07-26,-0.58,-16.1,14.1,++-,4.8,,0,0,07-26,下影,-0.7,0.7,3.8,07-29,下影,4.9,2.4,6.4,下影-1→下影+5,22.78,3.38,11.3,1.97,51,47,False,-4.3,-6.32,False,-6.32,1.0,False,2,炸板,True,2024-07,2024,,,,,,二接三阴
600318.SSE,新力金融,2024-01-18,二接三,2,阳,2024-01-16,5.11,-8.0,15.8,++-,-5.1,,0,0,01-16,实体,-1.4,0.0,17.9,01-17,一字,10.0,0.0,3.4,实体-1→一字+10,9.58,0.46,36.3,2.39,37,30,True,4.38,-7.1,False,-7.1,1.0,False,3,封次日负,True,2024-01,2024,,,,,,二接三阳
600318.SSE,新力金融,2024-11-06,二接三,2,阳,2024-11-04,3.81,-2.7,75.6,+++,17.7,19.0,2,2,11-04,下影,0.1,1.7,17.7,11-05,一字,10.0,0.0,1.7,下影+0→一字+10,11.97,10.02,46.9,1.98,104,139,False,-12.11,1.92,True,-8.27,2.0,False,4,炸板,False,2024-11,2024,,,,,,二接三阳
600319.SSE,亚星化学,2025-07-02,二接三,2,阴,2025-06-30,0.17,-3.4,37.5,+--,-0.2,,0,0,06-30,下影,0.0,0.5,10.0,07-01,下影,-1.5,3.1,12.8,下影+0→下影-2,7.9,8.5,18.9,2.17,51,49,True,0.0,-8.23,False,-8.23,1.0,False,3,封次日负,True,2025-07,2025,,,,,,二接三阴
600319.SSE,亚星化学,2025-11-20,二接三,2,阳,2025-11-18,4.58,-4.6,32.6,+++,10.8,83.0,0,3,11-18,一字,10.0,0.0,0.3,11-19,一字,10.0,0.0,0.1,一字+10→一字+10,11.85,10.03,17.0,3.68,35,48,False,-20.76,-20.84,False,-20.84,1.0,False,2,炸板,True,2025-11,2025,,,,,,二接三阳
600320.SSE,振华重工,2025-03-25,三接四,3,阳,2025-03-20,0.25,-2.6,12.8,++-,7.4,,0,0,03-20,实体,0.0,0.0,4.3,03-21,下影,8.5,1.3,3.5,实体+0→下影+9→一字+10,5.95,0.55,17.6,2.96,41,38,False,-18.49,-5.71,False,-5.71,1.0,False,3,炸板,True,2025-03,2025,03-24,一字,10.0,0.0,2.8,三接四阳
600326.SSE,西藏天路,2023-04-14,二接三,2,阳,2023-04-12,5.79,,,,,,0,0,04-12,下影,1.1,3.5,8.2,04-13,下影,7.8,2.3,4.9,下影+1→下影+8,7.29,9.95,25.1,2.95,26,22,False,-3.43,-1.65,False,-1.65,1.0,False,2,炸板,True,2023-04,2023,,,,,,二接三阳
600326.SSE,西藏天路,2024-05-07,二接三,2,阳,2024-04-30,3.47,-17.5,35.1,+--,-7.0,253.0,0,0,04-30,下影,0.6,0.6,9.0,05-06,下影,3.0,2.3,11.0,下影+1→下影+3,4.76,-0.46,15.1,1.88,41,73,False,-4.62,-8.19,False,-8.19,1.0,False,2,炸板,True,2024-05,2024,,,,,,二接三阳
600326.SSE,西藏天路,2024-08-15,二接三,2,阴,2024-08-13,-3.01,-16.6,23.9,+--,-2.6,70.0,0,2,08-13,实体,0.2,0.2,6.7,08-14,一字,10.1,0.0,2.4,实体+0→一字+10,6.01,2.56,34.2,2.91,31,25,True,0.0,0.0,False,0.0,1.0,False,3,封次日正,False,2024-08,2024,,,,,,二接三阴
600327.SSE,大东方,2024-11-22,二接三,2,阳,2024-11-20,2.48,-6.8,49.2,+++,19.4,,0,0,11-20,下影,-0.4,0.4,10.9,11-21,下影,10.0,7.6,24.4,下影-0→下影+10,6.06,-3.81,20.8,1.29,60,88,True,0.66,-10.07,False,-10.07,1.0,False,3,封次日负,True,2024-11,2024,,,,,,二接三阳
600327.SSE,大东方,2024-11-29,三接四,3,阴,2024-11-26,-10.07,-12.2,78.7,+++,38.3,2.0,3,3,11-26,下影,-6.4,3.5,15.8,11-27,下影,10.0,1.0,6.1,下影-6→下影+10→一字+10,7.99,0.14,33.8,2.08,105,75,True,0.13,2.75,False,2.75,1.0,False,4,封次日正,False,2024-11,2024,11-28,一字,10.0,0.0,1.4,三接四阴
600336.SSE,澳柯玛,2024-10-29,二接三,2,阴,2024-10-25,-1.39,-12.6,115.9,+++,53.4,,0,0,10-25,下影,5.3,1.5,11.2,10-28,下影,4.2,1.1,9.0,下影+5→下影+4,11.35,9.79,22.5,1.76,93,179,False,-14.27,-14.27,False,-14.27,1.0,False,2,炸板,True,2024-10,2024,,,,,,二接三阴
600343.SSE,航天动力,2024-08-08,二接三,2,阴,2024-08-06,-3.78,-9.1,17.8,+++,16.3,,0,0,08-06,下影,0.8,3.0,3.3,08-07,下影,5.1,2.1,3.9,下影+1→下影+5,11.2,10.02,18.3,2.67,30,42,False,-24.82,-24.82,False,-24.82,1.0,False,2,炸板,True,2024-08,2024,,,,,,二接三阴
600343.SSE,航天动力,2025-11-26,二接三,2,阳,2025-11-24,0.5,-8.6,36.9,+++,18.0,313.0,0,0,11-24,实体,6.7,0.1,3.2,11-25,下影,10.0,6.4,13.5,实体+7→下影+10,23.96,3.76,27.5,2.05,54,64,False,-9.68,-6.72,False,-6.72,1.0,False,2,炸板,True,2025-11,2025,,,,,,二接三阳
600345.SSE,长江通信,2024-02-07,二接三,2,阴,2024-02-05,-6.38,-29.0,4.2,+--,-15.0,,0,0,02-05,实体,0.6,0.0,7.6,02-06,实体,-8.6,0.0,8.2,实体+1→实体-9,20.91,9.99,8.2,1.31,92,141,True,-7.75,-4.93,False,-4.93,1.0,False,3,封次日负,True,2024-02,2024,,,,,,二接三阴
600345.SSE,长江通信,2024-06-18,二接三,2,阴,2024-06-14,-0.53,-31.0,3.1,---,-6.5,80.0,0,3,06-14,下影,1.3,1.9,2.9,06-17,一字,10.0,0.0,2.0,下影+1→一字+10,22.35,8.02,10.4,3.14,26,19,True,9.98,10.02,True,-0.98,2.0,False,4,连板,False,2024-06,2024,,,,,,二接三阴
600345.SSE,长江通信,2024-06-19,三接四,3,阴,2024-06-14,-0.53,-31.0,3.1,---,-6.5,80.0,0,3,06-14,下影,1.3,1.9,2.9,06-17,一字,10.0,0.0,2.0,下影+1→一字+10→下影+8,24.59,9.98,15.4,2.46,20,26,True,-8.01,-10.0,False,-10.0,1.0,False,4,封次日负,True,2024-06,2024,06-18,下影,8.0,2.2,10.4,三接四阴
600351.SSE,亚宝药业,2024-02-08,二接三,2,阴,2024-02-06,-8.01,-39.1,2.2,---,-24.4,,0,0,02-06,下影,4.8,1.8,3.4,02-07,一字,10.1,0.0,0.8,下影+5→一字+10,6.73,9.97,13.5,2.7,430,92,False,-11.89,-7.88,False,-7.88,1.0,False,2,炸板,True,2024-02,2024,,,,,,二接三阴
600353.SSE,旭光电子,2025-06-11,二接三,2,阴,2025-06-09,-2.96,-13.3,39.3,-++,7.4,,0,0,06-09,实体,4.1,0.0,5.9,06-10,下影,7.0,2.3,8.6,实体+4→下影+7,13.11,-1.68,22.7,2.38,44,36,False,-2.52,0.46,False,0.46,1.0,False,2,炸板,False,2025-06,2025,,,,,,二接三阴
600353.SSE,旭光电子,2026-06-17,二接三,2,阴,2026-06-15,-4.18,-11.1,111.0,+++,36.0,246.0,0,0,06-15,实体,4.6,0.0,2.9,06-16,一字,10.0,0.0,0.5,实体+5→一字+10,38.19,9.99,3.5,0.53,67,105,True,8.67,10.0,True,27.78,3.0,False,5,连板,False,2026-06,2026,,,,,,二接三阴
600353.SSE,旭光电子,2026-06-18,三接四,3,阴,2026-06-15,-4.18,-11.1,111.0,+++,36.0,246.0,0,0,06-15,实体,4.6,0.0,2.9,06-16,一字,10.0,0.0,0.5,实体+5→一字+10→下影+10,42.01,8.67,3.9,0.8,75,67,True,10.0,10.0,True,16.16,2.0,False,5,连板,False,2026-06,2026,06-17,下影,10.0,2.3,3.5,三接四阴
600353.SSE,旭光电子,2026-08-18,二接三,2,阴,2026-08-14,-3.03,-47.4,36.1,+--,-15.6,39.0,5,5,08-14,下影,2.4,2.4,8.4,08-17,实体,6.3,0.0,3.9,下影+2→实体+6,37.54,5.48,7.8,1.01,70,93,True,-2.72,-9.99,False,-9.99,1.0,False,3,封次日负,True,2026-08,2026,,,,,,二接三阴
600354.SSE,敦煌种业,2025-04-09,二接三,2,阳,2025-04-07,3.41,-11.2,9.5,---,0.0,,0,0,04-07,下影,3.8,2.4,26.9,04-08,下影,0.2,5.5,28.8,下影+4→下影+0,7.69,2.29,36.9,1.85,87,99,False,-15.47,-8.58,False,-8.58,1.0,False,2,炸板,True,2025-04,2025,,,,,,二接三阳
600356.SSE,恒丰纸业,2024-12-03,二接三,2,阴,2024-11-29,-0.66,-4.7,26.8,+++,9.5,,0,0,11-29,一字,10.0,0.0,0.5,12-02,一字,10.0,0.0,1.2,一字+10→一字+10,10.01,10.0,24.6,4.24,92,132,True,-5.0,-9.99,False,-9.99,1.0,False,3,封次日负,True,2024-12,2024,,,,,,二接三阴
600358.SSE,国旅联合,2025-01-17,三接四,3,阳,2025-01-14,0.0,-31.4,3.8,---,-28.3,96.0,0,2,01-14,实体,1.8,0.0,3.0,01-15,下影,10.1,0.8,2.4,实体+2→下影+10→一字+10,4.76,9.93,15.4,3.12,47,59,True,10.08,-7.98,False,-7.98,1.0,False,4,封次日负,True,2025-01,2025,01-16,一字,9.9,0.0,2.4,三接四阳
600362.SSE,江西铜业,2025-10-10,二接三,2,阳,2025-09-30,3.07,-1.9,44.3,+++,11.4,,0,0,09-30,下影,2.3,0.7,5.0,10-09,下影,10.0,1.9,1.7,下影+2→下影+10,42.94,2.46,8.7,1.89,53,74,False,-9.71,-3.59,False,-3.59,1.0,False,2,炸板,True,2025-10,2025,,,,,,二接三阳
600363.SSE,联创光电,2024-11-01,三接四,3,阴,2024-10-29,4.09,-5.1,59.7,+++,59.2,,0,0,10-29,下影,2.0,0.4,8.6,10-30,实体,0.2,0.0,4.9,下影+2→实体+0→一字+10,51.4,9.99,18.2,2.27,74,141,False,-0.68,-0.68,True,8.17,4.0,False,7,炸板,True,2024-11,2024,10-31,一字,10.0,0.0,1.9,三接四阴
600366.SSE,宁波韵升,2025-06-13,二接三,2,阳,2025-06-11,1.16,-3.5,25.2,+-+,3.4,,0,0,06-11,下影,0.2,0.9,14.4,06-12,下影,3.4,1.4,18.6,下影+0→下影+3,11.63,10.03,28.6,1.95,39,49,False,-8.77,-0.26,False,-0.26,1.0,False,2,炸板,True,2025-06,2025,,,,,,二接三阳
600367.SSE,红星发展,2026-06-03,二接三,2,阴,2026-06-01,-3.37,-8.0,65.1,+++,52.1,60.0,2,2,06-01,下影,5.6,0.6,5.0,06-02,下影,1.3,1.9,9.5,下影+6→下影+1,42.72,9.94,4.0,0.35,59,56,True,5.9,9.97,False,9.97,1.0,False,3,封次日正,False,2026-06,2026,,,,,,二接三阴
600369.SSE,西南证券,2023-08-01,二接三,2,阴,2023-07-28,-1.26,-4.4,10.4,+++,8.9,,0,0,07-28,下影,0.0,0.5,3.3,07-31,实体,2.3,0.2,6.6,下影+0→实体+2,5.21,-0.42,12.1,2.51,25,38,False,-6.72,-9.4,False,-9.4,1.0,False,2,炸板,True,2023-08,2023,,,,,,二接三阴
600371.SSE,万向德农,2025-04-09,二接三,2,阳,2025-04-07,2.57,-11.2,14.2,---,-0.7,106.0,0,2,04-07,下影,5.2,2.2,14.0,04-08,下影,10.0,4.4,17.1,下影+5→下影+10,11.7,9.96,12.7,1.33,87,99,True,-5.13,4.27,False,4.27,1.0,False,3,封次日正,False,2025-04,2025,,,,,,二接三阳
600371.SSE,万向德农,2026-08-27,二接三,2,阳,2026-08-25,1.81,-17.3,28.5,+++,23.3,4.0,2,2,08-25,实体,-2.0,0.0,16.3,08-26,下影,3.8,2.4,16.5,实体-2→下影+4,10.49,9.54,5.6,0.46,66,48,True,10.01,10.01,True,37.46,4.0,False,6,连板,False,2026-08,2026,,,,,,二接三阳
600375.SSE,汉马科技,2024-02-20,二接三,2,阴,2024-02-08,-6.84,-60.7,3.6,---,-51.4,,0,0,02-08,下影,4.2,1.0,1.5,02-19,一字,10.2,0.0,0.6,下影+4→一字+10,3.82,10.09,5.7,1.81,80,186,False,-4.97,5.24,True,38.74,6.0,False,8,炸板,False,2024-02,2024,,,,,,二接三阴
600375.SSE,汉马科技,2024-02-23,二接三,2,阴,2024-02-21,5.19,-49.9,32.2,---,-42.7,2.0,2,2,02-21,实体,-0.5,0.0,3.7,02-22,下影,0.2,0.5,6.8,实体-1→下影+0,4.86,-0.45,6.1,1.33,79,56,True,0.0,10.08,True,9.05,3.0,False,5,连板,False,2024-02,2024,,,,,,二接三阴
600375.SSE,汉马科技,2024-02-26,三接四,3,阴,2024-02-21,5.19,-49.9,32.2,---,-42.7,2.0,2,2,02-21,实体,-0.5,0.0,3.7,02-22,下影,0.2,0.5,6.8,实体-1→下影+0→下影-0,5.35,0.0,8.2,1.35,72,79,True,0.0,10.09,True,-0.93,2.0,False,5,连板,False,2024-02,2024,02-23,下影,-0.5,2.0,6.1,三接四阴
600376.SSE,首开股份,2024-09-30,二接三,2,阳,2024-09-26,3.32,-5.0,28.4,+++,20.3,,0,0,09-26,下影,-0.4,1.2,2.4,09-27,下影,4.4,2.2,2.9,下影-0→下影+4,3.31,8.64,8.9,2.67,626,107,True,8.76,-3.93,False,-3.93,1.0,False,3,封次日负,True,2024-09,2024,,,,,,二接三阳
600376.SSE,首开股份,2025-09-05,二接三,2,阴,2025-09-03,-1.12,-13.2,16.3,--+,0.4,134.0,0,0,09-03,下影,9.8,3.8,6.4,09-04,下影,6.9,3.4,5.8,下影+10→下影+7,3.51,10.03,17.6,2.7,71,33,True,-3.99,9.97,True,42.74,4.0,False,6,连板,False,2025-09,2025,,,,,,二接三阴
600376.SSE,首开股份,2025-09-08,三接四,3,阴,2025-09-03,-1.12,-13.2,16.3,--+,0.4,134.0,0,0,09-03,下影,9.8,3.8,6.4,09-04,下影,6.9,3.4,5.8,下影+10→下影+7→下影+10,3.86,-3.99,14.2,1.57,56,71,True,6.99,10.1,True,29.79,3.0,False,6,连板,False,2025-09,2025,09-05,下影,10.0,12.5,17.6,三接四阴
600376.SSE,首开股份,2025-09-16,二接三,2,阳,2025-09-12,7.05,-2.7,120.7,+++,85.6,2.0,6,6,09-12,下影,-0.2,1.0,11.6,09-15,下影,9.1,12.9,17.5,下影-0→下影+9,6.67,1.65,8.6,0.69,59,56,True,2.85,10.04,True,8.85,3.0,False,5,连板,False,2025-09,2025,,,,,,二接三阳
600376.SSE,首开股份,2025-09-17,三接四,3,阳,2025-09-12,7.05,-2.7,120.7,+++,85.6,2.0,6,6,09-12,下影,-0.2,1.0,11.6,09-15,下影,9.1,12.9,17.5,下影-0→下影+9→实体+2,7.34,2.85,14.4,1.04,56,59,True,5.59,9.95,True,-1.09,2.0,False,5,连板,False,2025-09,2025,09-16,实体,1.7,0.2,8.6,三接四阳
600378.SSE,昊华科技,2024-02-08,二接三,2,阳,2024-02-06,1.97,-18.6,8.0,---,-7.6,,0,0,02-06,下影,-0.9,1.2,0.4,02-07,下影,3.7,2.9,0.5,下影-1→下影+4,33.79,9.67,0.8,1.89,430,92,False,-3.23,-6.21,False,-6.21,1.0,False,2,炸板,True,2024-02,2024,,,,,,二接三阳
600378.SSE,昊华科技,2026-07-01,二接三,2,阴,2026-06-29,-8.92,-14.7,105.5,+++,54.3,11.0,2,2,06-29,下影,-0.4,5.5,8.5,06-30,下影,4.7,3.3,9.5,下影-0→下影+5,82.92,1.9,12.7,1.4,130,114,False,-7.37,-0.9,False,-0.9,1.0,False,2,炸板,True,2026-07,2026,,,,,,二接三阴
600379.SSE,宝光股份,2026-04-30,二接三,2,阴,2026-04-28,-2.33,-11.6,17.8,+++,8.6,227.0,0,0,04-28,下影,-0.7,1.7,7.4,04-29,下影,5.3,3.8,20.1,下影-1→下影+5,16.78,8.2,13.3,1.17,69,92,True,8.76,10.01,True,6.38,2.0,False,4,连板,False,2026-04,2026,,,,,,二接三阴
600379.SSE,宝光股份,2026-05-06,三接四,3,阴,2026-04-28,-2.33,-11.6,17.8,+++,8.6,227.0,0,0,04-28,下影,-0.7,1.7,7.4,04-29,下影,5.3,3.8,20.1,下影-1→下影+5→实体+8,18.46,8.76,8.1,0.73,88,69,True,10.02,-3.3,False,-3.3,1.0,False,4,封次日负,True,2026-05,2026,04-30,实体,8.2,0.1,13.3,三接四阴
600382.SSE,广东明珠,2024-12-03,二接三,2,阳,2024-11-29,1.43,-11.3,31.5,-++,8.1,,0,0,11-29,实体,1.4,0.0,2.2,12-02,下影,6.6,1.9,8.8,实体+1→下影+7,5.68,8.91,4.1,1.12,92,132,True,10.04,-1.94,False,-1.94,1.0,False,3,封次日负,True,2024-12,2024,,,,,,二接三阳
600382.SSE,广东明珠,2024-12-04,三接四,3,阳,2024-11-29,1.43,-11.3,31.5,-++,8.1,,0,0,11-29,实体,1.4,0.0,2.2,12-02,下影,6.6,1.9,8.8,实体+1→下影+7→下影+9,6.25,10.04,17.0,2.53,69,92,False,-17.12,-18.4,False,-18.4,1.0,False,3,炸板,True,2024-12,2024,12-03,下影,8.9,4.7,4.1,三接四阳
600383.SSE,金地集团,2024-09-30,二接三,2,阳,2024-09-26,1.23,-6.6,42.2,+++,18.4,,0,0,09-26,实体,-2.2,0.0,8.8,09-27,下影,6.2,0.4,4.1,实体-2→下影+6,5.47,10.06,5.8,0.85,626,107,True,10.05,3.84,False,3.84,1.0,False,3,封次日正,False,2024-09,2024,,,,,,二接三阳
600383.SSE,金地集团,2024-10-08,三接四,3,阳,2024-09-26,1.23,-6.6,42.2,+++,18.4,,0,0,09-26,实体,-2.2,0.0,8.8,09-27,下影,6.2,0.4,4.1,实体-2→下影+6→下影+10,6.02,10.05,17.4,1.98,352,626,False,-11.96,-15.12,False,-15.12,1.0,False,3,炸板,True,2024-10,2024,09-30,下影,10.1,3.8,5.8,三接四阳
600386.SSE,北巴传媒,2024-07-31,二接三,2,阳,2024-07-29,4.9,-9.6,23.0,-++,15.1,,0,0,07-29,下影,0.9,0.3,4.8,07-30,一字,9.9,0.0,1.6,下影+1→一字+10,4.27,10.05,16.4,2.55,74,51,True,7.26,10.07,True,10.3,3.0,False,5,连板,False,2024-07,2024,,,,,,二接三阳
600386.SSE,北巴传媒,2024-08-01,三接四,3,阳,2024-07-29,4.9,-9.6,23.0,-++,15.1,,0,0,07-29,下影,0.9,0.3,4.8,07-30,一字,9.9,0.0,1.6,下影+1→一字+10→下影+10,4.7,7.26,5.0,0.75,50,74,True,6.17,10.0,True,0.21,2.0,False,5,连板,False,2024-08,2024,07-31,下影,10.1,16.2,16.4,三接四阳
600390.SSE,五矿资本,2024-11-06,二接三,2,阴,2024-11-04,-1.74,-10.4,87.5,+++,21.3,18.0,7,7,11-04,下影,-2.0,2.0,9.2,11-05,下影,5.1,2.5,6.6,下影-2→下影+5,9.79,4.38,16.9,1.55,104,139,False,-15.53,-10.01,False,-10.01,1.0,False,2,炸板,True,2024-11,2024,,,,,,二接三阴
600392.SSE,盛和资源,2024-02-08,二接三,2,阴,2024-02-06,-4.96,-34.1,5.2,---,-22.7,,0,0,02-06,实体,-2.7,0.1,1.6,02-07,下影,1.9,1.0,1.5,实体-3→下影+2,9.69,8.74,5.6,2.36,430,92,False,-7.02,-6.5,False,-6.5,1.0,False,2,炸板,True,2024-02,2024,,,,,,二接三阴
600392.SSE,盛和资源,2024-11-04,二接三,2,阴,2024-10-31,-2.74,-8.1,39.4,+++,25.5,172.0,0,0,10-31,下影,0.9,0.8,9.9,11-01,下影,2.5,2.2,5.9,下影+1→下影+2,13.7,10.04,17.4,2.07,122,74,False,-12.41,-1.09,False,-1.09,1.0,False,2,炸板,True,2024-11,2024,,,,,,二接三阴
600396.SSE,华电辽能,2026-03-19,三接四,3,阴,2026-03-16,-6.28,-8.9,37.1,+++,25.2,212.0,0,0,03-16,一字,10.1,0.0,5.4,03-17,下影,0.9,0.9,12.5,一字+10→下影+1→一字+10,5.69,1.35,12.5,1.38,25,45,True,7.21,10.02,True,56.06,5.0,False,8,连板,False,2026-03,2026,03-18,一字,10.0,0.0,4.4,三接四阴
600396.SSE,华电辽能,2026-04-23,二接三,2,阳,2026-04-21,3.5,-22.1,149.7,+-+,18.1,5.0,8,8,04-21,下影,0.1,6.1,20.6,04-22,实体,0.0,0.0,17.1,下影+0→实体+0,9.83,3.91,27.5,1.38,45,49,True,-1.83,-6.41,False,-6.41,1.0,False,3,封次日负,True,2026-04,2026,,,,,,二接三阳
600396.SSE,华电辽能,2026-05-08,二接三,2,阴,2026-05-06,-4.89,-12.2,229.6,+++,31.9,6.0,8,8,05-06,实体,1.6,0.0,21.8,05-07,实体,0.0,0.0,11.4,实体+2→实体+0,13.2,3.17,23.9,1.2,89,91,False,-4.02,3.64,True,26.06,4.0,False,6,炸板,False,2026-05,2026,,,,,,二接三阴
600396.SSE,华电辽能,2026-05-13,二接三,2,阳,2026-05-11,3.67,-5.8,311.9,+++,65.4,2.0,8,8,05-11,实体,1.8,0.0,16.2,05-12,下影,2.3,7.8,22.4,实体+2→下影+2,16.56,0.0,10.8,0.64,101,50,True,6.58,0.48,False,0.48,1.0,False,3,封次日正,False,2026-05,2026,,,,,,二接三阳
600397.SSE,江钨装备,2024-12-30,二接三,2,阳,2024-12-26,3.6,-4.6,40.5,-++,10.3,,0,0,12-26,一字,10.1,0.0,1.5,12-27,下影,10.1,3.5,7.2,一字+10→下影+10,3.84,10.03,18.6,2.29,36,61,True,0.0,9.9,True,-1.04,2.0,False,4,连板,False,2024-12,2024,,,,,,二接三阳
600397.SSE,江钨装备,2024-12-31,三接四,3,阳,2024-12-26,3.6,-4.6,40.5,-++,10.3,,0,0,12-26,一字,10.1,0.0,1.5,12-27,下影,10.1,3.5,7.2,一字+10→下影+10→下影+10,4.22,0.0,8.4,0.98,39,36,True,-2.84,-9.95,False,-9.95,1.0,False,4,封次日负,True,2024-12,2024,12-30,下影,10.0,8.3,18.6,三接四阳
600397.SSE,江钨装备,2026-02-13,二接三,2,阳,2026-02-11,2.42,-1.7,91.1,+++,28.6,271.0,0,0,02-11,下影,0.9,1.4,6.6,02-12,实体,9.5,0.1,5.0,下影+1→实体+9,15.74,2.03,17.6,2.35,29,55,False,2.8,8.26,True,24.33,3.0,False,5,炸板,False,2026-02,2026,,,,,,二接三阳
600397.SSE,江钨装备,2026-06-18,二接三,2,阴,2026-06-16,3.06,-14.8,18.8,++-,8.7,75.0,0,2,06-16,下影,-1.1,0.5,6.7,06-17,下影,2.5,3.6,14.7,下影-1→下影+3,20.2,0.0,15.5,1.42,75,67,True,8.81,10.0,True,26.29,3.0,False,5,连板,False,2026-06,2026,,,,,,二接三阴
600397.SSE,江钨装备,2026-06-22,三接四,3,阴,2026-06-16,3.06,-14.8,18.8,++-,8.7,75.0,0,2,06-16,下影,-1.1,0.5,6.7,06-17,下影,2.5,3.6,14.7,下影-1→下影+3→下影+0,22.22,8.81,2.5,0.27,122,75,True,9.99,9.99,True,14.81,2.0,False,5,连板,False,2026-06,2026,06-18,下影,0.0,2.1,15.5,三接四阴
600397.SSE,江钨装备,2026-08-06,二接三,2,阴,2026-08-04,0.56,-60.1,4.6,---,-45.1,30.0,5,5,08-04,下影,1.0,0.8,8.0,08-05,实体,0.4,0.1,14.8,下影+1→实体+0,16.89,7.49,2.4,0.32,69,93,True,7.28,9.0,False,9.0,1.0,False,3,封次日正,False,2026-08,2026,,,,,,二接三阴
600397.SSE,江钨装备,2026-08-07,三接四,3,阴,2026-08-04,0.56,-60.1,4.6,---,-45.1,30.0,5,5,08-04,下影,1.0,0.8,8.0,08-05,实体,0.4,0.1,14.8,下影+1→实体+0→实体+7,18.58,7.28,21.8,2.04,59,69,False,-2.74,-3.71,False,-3.71,1.0,False,3,炸板,True,2026-08,2026,08-06,实体,7.5,0.0,2.4,三接四阴
600400.SSE,红豆股份,2025-09-22,二接三,2,阴,2025-09-18,-2.48,-7.7,28.5,+++,6.2,22.0,2,2,09-18,下影,-1.1,0.7,5.9,09-19,下影,6.6,6.9,12.7,下影-1→下影+7,3.66,9.01,4.8,0.66,54,46,True,7.65,-4.92,False,-4.92,1.0,False,3,封次日负,True,2025-09,2025,,,,,,二接三阴
600400.SSE,红豆股份,2025-09-23,三接四,3,阴,2025-09-18,-2.48,-7.7,28.5,+++,6.2,22.0,2,2,09-18,下影,-1.1,0.7,5.9,09-19,下影,6.6,6.9,12.7,下影-1→下影+7→下影+9,4.03,7.65,22.6,2.2,42,54,False,-20.6,-4.96,True,-10.42,2.0,False,5,炸板,True,2025-09,2025,09-22,下影,9.0,3.0,4.8,三接四阴
600403.SSE,大有能源,2025-10-16,二接三,2,阳,2025-10-14,4.41,-4.9,25.0,+++,23.0,138.0,0,0,10-14,下影,0.0,3.6,3.8,10-15,下影,2.6,2.0,3.3,下影+0→下影+3,6.0,1.65,6.3,1.57,36,58,True,8.33,10.0,True,51.0,6.0,False,8,连板,False,2025-10,2025,,,,,,二接三阳
600403.SSE,大有能源,2025-10-17,三接四,3,阳,2025-10-14,4.41,-4.9,25.0,+++,23.0,138.0,0,0,10-14,下影,0.0,3.6,3.8,10-15,下影,2.6,2.0,3.3,下影+0→下影+3→下影+2,6.6,8.33,2.0,0.5,34,36,True,4.24,10.0,True,37.27,5.0,False,8,连板,False,2025-10,2025,10-16,下影,1.7,1.8,6.3,三接四阳
600403.SSE,大有能源,2026-06-03,二接三,2,阳,2026-06-01,0.6,-35.9,3.1,---,-12.9,128.0,0,0,06-01,下影,0.2,1.0,1.8,06-02,下影,9.9,1.4,1.0,下影+0→下影+10,6.73,9.97,4.0,2.37,59,56,True,9.96,9.96,True,19.76,4.0,False,6,连板,False,2026-06,2026,,,,,,二接三阳
600405.SSE,动力源,2024-11-25,二接三,2,阳,2024-11-21,3.46,-6.7,37.4,-++,5.9,,0,0,11-21,实体,-0.7,0.0,5.1,11-22,下影,9.9,1.8,8.7,实体-1→下影+10,5.96,7.01,35.5,3.27,132,60,True,-7.72,-10.07,False,-10.07,1.0,False,3,封次日负,True,2024-11,2024,,,,,,二接三阳
600408.SSE,安泰集团,2023-09-18,二接三,2,阳,2023-09-14,4.47,-6.9,23.6,-+-,7.1,,0,0,09-14,下影,-1.2,3.1,8.5,09-15,下影,9.9,4.9,17.5,下影-1→下影+10,3.42,-0.32,13.3,1.38,36,26,True,-9.94,-9.94,False,-9.94,1.0,False,3,封次日负,True,2023-09,2023,,,,,,二接三阳
600408.SSE,安泰集团,2025-10-20,二接三,2,阴,2025-10-16,-1.21,-3.2,16.7,+-+,4.7,202.0,0,0,10-16,下影,0.4,1.2,18.9,10-17,下影,5.2,1.1,19.7,下影+0→下影+5,3.27,-5.72,28.1,1.85,66,34,True,-2.14,-7.34,False,-7.34,1.0,False,3,封次日负,True,2025-10,2025,,,,,,二接三阴
600408.SSE,安泰集团,2025-11-05,二接三,2,阳,2025-11-03,-2.81,-14.6,46.7,+++,43.3,3.0,3,3,11-03,实体,1.0,0.0,10.0,11-04,下影,2.0,1.2,27.4,实体+1→下影+2,4.14,1.06,10.8,0.6,54,44,True,8.7,0.48,False,0.48,1.0,False,3,封次日正,False,2025-11,2025,,,,,,二接三阳
600408.SSE,安泰集团,2025-11-13,二接三,2,阳,2025-11-11,7.29,-5.1,101.4,+++,76.4,4.0,3,3,11-11,下影,-4.4,3.0,32.7,11-12,下影,-0.4,2.8,31.4,下影-4→下影-0,5.69,7.93,13.6,0.5,73,48,True,7.56,10.02,True,9.49,3.0,False,5,连板,False,2025-11,2025,,,,,,二接三阳
600408.SSE,安泰集团,2025-11-14,三接四,3,阳,2025-11-11,7.29,-5.1,101.4,+++,76.4,4.0,3,3,11-11,下影,-4.4,3.0,32.7,11-12,下影,-0.4,2.8,31.4,下影-4→下影-0→下影+8,6.26,7.56,21.1,0.8,59,73,True,0.64,10.06,True,-0.48,2.0,False,5,连板,False,2025-11,2025,11-13,下影,7.9,2.1,13.6,三接四阳
600410.SSE,华胜天成,2024-11-26,三接四,3,阳,2024-11-21,2.88,-10.5,66.3,-++,2.0,32.0,2,2,11-21,下影,-0.2,0.9,5.4,11-22,下影,7.2,4.8,24.2,下影-0→下影+7→一字+10,8.37,9.99,35.8,2.58,79,132,True,10.04,10.04,True,32.86,5.0,False,8,连板,False,2024-11,2024,11-25,一字,10.0,0.0,2.1,三接四阳
600418.SSE,江淮汽车,2023-10-30,三接四,3,阳,2023-10-25,3.33,-6.8,27.2,+++,3.8,,0,0,10-25,实体,0.5,0.0,12.1,10-26,下影,6.7,1.6,6.0,实体+1→下影+7→一字+10,21.82,9.98,22.1,2.26,54,67,False,-8.43,-17.05,False,-17.05,1.0,False,3,炸板,True,2023-10,2023,10-27,一字,10.0,0.0,1.3,三接四阳
600418.SSE,江淮汽车,2024-10-09,二接三,2,阳,2024-09-30,0.88,-2.4,39.8,+++,23.8,226.0,0,0,09-30,实体,5.3,0.0,5.8,10-08,下影,10.0,9.7,12.4,实体+5→下影+10,30.35,-1.96,11.1,1.38,29,352,False,-4.15,-4.78,False,-4.78,1.0,False,2,炸板,True,2024-10,2024,,,,,,二接三阳
600429.SSE,三元股份,2025-11-13,三接四,3,阳,2025-11-10,-0.4,-2.7,9.5,+++,4.2,,0,0,11-10,下影,0.6,1.0,3.2,11-11,一字,10.1,0.0,1.4,下影+1→一字+10→一字+10,7.28,9.97,8.0,2.91,73,48,True,-1.1,-10.03,False,-10.03,1.0,False,4,封次日负,True,2025-11,2025,11-12,一字,10.0,0.0,0.8,三接四阳
600435.SSE,北方导航,2026-01-08,二接三,2,阳,2026-01-06,6.23,-3.3,24.5,+++,20.4,130.0,0,0,01-06,下影,-2.0,0.4,8.3,01-07,下影,8.3,4.7,6.5,下影-2→下影+8,21.8,0.91,22.5,2.12,77,63,False,-5.69,-5.14,False,-5.14,1.0,False,2,炸板,True,2026-01,2026,,,,,,二接三阳
600444.SSE,国机通用,2023-12-06,二接三,2,阳,2023-12-04,0.64,-2.9,10.1,+++,1.7,,0,0,12-04,实体,0.4,0.3,2.7,12-05,一字,10.0,0.0,1.3,实体+0→一字+10,18.72,0.59,20.5,3.5,33,32,True,8.97,-4.43,False,-4.43,1.0,False,3,封次日负,True,2023-12,2023,,,,,,二接三阳
600444.SSE,国机通用,2023-12-07,三接四,3,阳,2023-12-04,0.64,-2.9,10.1,+++,1.7,,0,0,12-04,实体,0.4,0.3,2.7,12-05,一字,10.0,0.0,1.3,实体+0→一字+10→下影+1,20.59,8.97,35.8,2.88,33,33,False,-13.31,-21.81,False,-21.81,1.0,False,3,炸板,True,2023-12,2023,12-06,下影,0.6,3.6,20.5,三接四阳
600444.SSE,国机通用,2025-07-22,二接三,2,阳,2025-07-18,1.58,-3.5,22.5,+++,9.7,390.0,0,0,07-18,下影,-0.5,0.4,10.2,07-21,下影,9.7,1.5,7.0,下影-0→下影+10,23.07,7.3,37.1,3.09,82,98,False,-13.31,-16.64,False,-16.64,1.0,False,2,炸板,True,2025-07,2025,,,,,,二接三阳
600446.SSE,金证股份,2024-10-08,二接三,2,阳,2024-09-27,4.4,-1.6,28.7,+++,26.6,163.0,0,0,09-27,下影,4.1,3.0,5.1,09-30,一字,10.0,0.0,1.8,下影+4→一字+10,15.16,10.01,7.8,1.37,352,626,True,-0.73,-2.9,False,-2.9,1.0,False,3,封次日负,True,2024-10,2024,,,,,,二接三阳
600448.SSE,华纺股份,2025-05-08,二接三,2,阳,2025-05-06,1.52,-11.3,20.7,-+-,-3.6,,0,0,05-06,下影,1.9,0.7,9.4,05-07,下影,10.2,3.1,10.0,下影+2→下影+10,3.58,3.08,31.4,2.84,51,50,True,10.06,10.06,True,14.53,2.0,False,4,连板,False,2025-05,2025,,,,,,二接三阳
600448.SSE,华纺股份,2025-05-09,三接四,3,阳,2025-05-06,1.52,-11.3,20.7,-+-,-3.6,,0,0,05-06,下影,1.9,0.7,9.4,05-07,下影,10.2,3.1,10.0,下影+2→下影+10→下影+3,3.94,10.06,16.2,1.16,27,51,True,9.9,4.06,False,4.06,1.0,False,4,封次日正,False,2025-05,2025,05-08,下影,3.1,6.8,31.4,三接四阳
600460.SSE,士兰微,2024-10-09,二接三,2,阳,2024-09-30,5.76,-14.9,21.7,+--,14.7,,0,0,09-30,下影,5.5,2.4,6.7,10-08,一字,10.0,0.0,1.2,下影+5→一字+10,27.37,9.93,11.9,2.38,29,352,True,5.15,-3.58,False,-3.58,1.0,False,3,封次日负,True,2024-10,2024,,,,,,二接三阳
600463.SSE,空港股份,2024-07-31,二接三,2,阳,2024-07-29,0.7,-36.5,2.6,+--,-5.7,78.0,0,2,07-29,下影,1.1,1.3,2.2,07-30,下影,5.7,1.5,5.0,下影+1→下影+6,9.56,0.12,6.7,2.29,74,51,False,-6.49,-3.77,False,-3.77,1.0,False,2,炸板,True,2024-07,2024,,,,,,二接三阳
600463.SSE,空港股份,2024-09-18,二接三,2,阳,2024-09-12,0.37,-17.6,15.4,+--,-5.4,32.0,2,2,09-12,下影,1.4,0.9,3.2,09-13,实体,1.3,0.1,7.8,下影+1→实体+1,10.76,-6.95,12.3,2.4,21,31,False,-13.85,-11.15,False,-11.15,1.0,False,2,炸板,True,2024-09,2024,,,,,,二接三阳
600463.SSE,空港股份,2025-05-22,三接四,3,阳,2025-05-19,-0.1,-11.7,32.3,+++,13.4,158.0,0,0,05-19,下影,6.0,3.2,4.2,05-20,下影,2.0,0.6,7.8,下影+6→下影+2→一字+10,14.34,3.53,21.5,2.96,32,45,False,-13.88,-18.06,False,-18.06,1.0,False,3,炸板,True,2025-05,2025,05-21,一字,10.0,0.0,1.8,三接四阳
600468.SSE,百利电气,2025-05-20,二接三,2,阴,2025-05-16,-0.65,-16.4,23.1,++-,4.1,33.0,2,2,05-16,实体,1.7,0.0,3.2,05-19,下影,6.0,3.2,13.3,实体+2→下影+6,6.09,9.57,8.1,1.44,61,66,True,6.73,-1.31,False,-1.31,1.0,False,3,封次日负,True,2025-05,2025,,,,,,二接三阴
600468.SSE,百利电气,2025-05-21,三接四,3,阴,2025-05-16,-0.65,-16.4,23.1,++-,4.1,33.0,2,2,05-16,实体,1.7,0.0,3.2,05-19,下影,6.0,3.2,13.3,实体+2→下影+6→下影+10,6.7,6.73,26.1,2.49,45,61,False,-17.91,-19.25,False,-19.25,1.0,False,3,炸板,True,2025-05,2025,05-20,下影,9.6,4.9,8.1,三接四阴
600468.SSE,百利电气,2025-06-04,二接三,2,阳,2025-05-30,-1.7,-8.7,71.2,+++,50.6,3.0,3,3,05-30,下影,-4.2,5.5,19.7,06-03,下影,-0.1,3.9,25.8,下影-4→下影-0,8.48,9.99,28.7,1.24,60,57,False,-15.09,-14.74,False,-14.74,1.0,False,2,炸板,True,2025-06,2025,,,,,,二接三阳
600468.SSE,百利电气,2025-06-10,二接三,2,阳,2025-06-06,-7.07,-14.7,94.4,+++,57.9,3.0,3,3,06-06,下影,-2.9,2.9,25.9,06-09,下影,0.0,2.8,27.8,下影-3→下影+0,9.63,-3.31,28.8,1.09,36,54,True,-3.53,-9.87,False,-9.87,1.0,False,3,封次日负,True,2025-06,2025,,,,,,二接三阳
600470.SSE,六国化工,2024-11-22,三接四,3,阴,2024-11-19,-1.42,-8.6,23.6,-++,7.7,,0,0,11-19,实体,1.4,0.2,12.1,11-20,下影,4.7,1.7,5.2,实体+1→下影+5→一字+10,7.14,7.55,34.1,3.09,60,88,True,-5.18,9.94,True,-0.98,2.0,False,5,连板,False,2024-11,2024,11-21,一字,10.0,0.0,1.4,三接四阴
600475.SSE,华光环能,2025-07-07,二接三,2,阴,2025-07-03,-0.86,-10.8,25.5,--+,-1.1,,0,0,07-03,下影,0.1,1.8,3.3,07-04,下影,0.0,0.9,6.4,下影+0→下影+0,13.83,3.42,6.7,1.92,52,30,True,3.54,9.98,True,19.74,4.0,False,6,连板,False,2025-07,2025,,,,,,二接三阴
600475.SSE,华光环能,2025-07-08,三接四,3,阴,2025-07-03,-0.86,-10.8,25.5,--+,-1.1,,0,0,07-03,下影,0.1,1.8,3.3,07-04,下影,0.0,0.9,6.4,下影+0→下影+0→下影+3,15.21,3.54,7.1,1.49,57,52,True,0.59,9.99,True,8.88,3.0,False,6,连板,False,2025-07,2025,07-07,下影,3.4,4.8,6.7,三接四阴
600475.SSE,华光环能,2025-08-07,二接三,2,阴,2025-08-05,0.21,-26.0,51.0,--+,4.6,18.0,6,6,08-05,下影,0.5,1.7,3.6,08-06,实体,0.5,0.0,4.3,下影+0→实体+1,19.26,2.8,1.7,0.68,47,46,True,6.44,10.02,True,18.8,2.0,False,4,连板,False,2025-08,2025,,,,,,二接三阴
600475.SSE,华光环能,2025-08-08,三接四,3,阴,2025-08-05,0.21,-26.0,51.0,--+,4.6,18.0,6,6,08-05,下影,0.5,1.7,3.6,08-06,实体,0.5,0.0,4.3,下影+0→实体+1→下影+3,21.19,6.44,1.2,0.5,48,47,True,2.41,7.98,False,7.98,1.0,False,4,封次日正,False,2025-08,2025,08-07,下影,2.8,0.7,1.7,三接四阴
600477.SSE,杭萧钢构,2026-01-13,三接四,3,阳,2026-01-08,2.41,-9.2,15.6,++-,7.2,,0,0,01-08,一字,10.1,0.0,3.1,01-09,一字,10.1,0.0,1.1,一字+10→一字+10→一字+10,4.36,10.1,15.8,2.96,52,124,True,-5.28,2.06,False,2.06,1.0,False,4,封次日正,False,2026-01,2026,01-12,一字,10.0,0.0,0.8,三接四阳
600479.SSE,千金药业,2026-08-28,二接三,2,阳,2026-08-26,2.24,-2.9,8.9,-++,4.7,,0,0,08-26,实体,9.6,0.0,5.3,08-27,下影,8.9,3.6,25.8,实体+10→下影+9,13.33,-2.64,25.6,2.15,77,66,True,-3.98,-8.85,False,-8.85,1.0,False,3,封次日负,True,2026-08,2026,,,,,,二接三阳
600481.SSE,双良节能,2024-10-30,三接四,3,阴,2024-10-25,-3.87,-12.2,29.2,+++,23.5,,0,0,10-25,实体,0.4,0.2,5.5,10-28,下影,10.0,3.0,3.4,实体+0→下影+10→一字+10,6.55,-5.04,15.4,2.69,118,93,True,10.08,10.08,True,17.71,3.0,False,6,连板,False,2024-10,2024,10-29,一字,10.0,0.0,1.7,三接四阴
600488.SSE,津药药业,2026-03-31,二接三,2,阳,2026-03-27,-0.51,-9.2,7.1,---,-7.1,,0,0,03-27,下影,0.0,0.5,3.6,03-30,实体,0.0,0.0,6.4,下影+0→实体+0,5.24,4.83,8.2,2.1,44,55,True,9.92,9.92,True,40.46,5.0,False,7,连板,False,2026-03,2026,,,,,,二接三阳
600488.SSE,津药药业,2026-04-01,三接四,3,阳,2026-03-27,-0.51,-9.2,7.1,---,-7.1,,0,0,03-27,下影,0.0,0.5,3.6,03-30,实体,0.0,0.0,6.4,下影+0→实体+0→下影+5,5.76,9.92,3.4,0.76,49,44,True,10.07,10.07,True,27.78,4.0,False,7,连板,False,2026-04,2026,03-31,下影,4.8,0.4,8.2,三接四阳
600498.SSE,烽火通信,2026-03-02,二接三,2,阴,2026-02-26,-3.27,-12.6,96.6,+++,14.9,32.0,2,2,02-26,实体,1.2,0.2,14.1,02-27,实体,-2.8,0.0,12.4,实体+1→实体-3,56.71,6.69,2.8,0.31,77,69,True,3.0,-1.02,False,-1.02,1.0,False,3,封次日负,True,2026-03,2026,,,,,,二接三阴
600500.SSE,中化国际,2026-06-12,三接四,3,阴,2026-06-09,-5.09,-16.6,31.0,+-+,4.6,,0,0,06-09,实体,8.1,0.0,1.1,06-10,一字,10.1,0.0,0.9,实体+8→一字+10→一字+10,7.93,9.57,16.1,3.72,83,55,True,-1.01,3.91,False,3.91,1.0,False,4,封次日正,False,2026-06,2026,06-11,一字,10.1,0.0,1.1,三接四阴
600501.SSE,航天晨光,2024-05-30,二接三,2,阳,2024-05-28,-1.43,-10.7,12.2,-++,-3.8,,0,0,05-28,下影,0.0,0.9,2.2,05-29,下影,10.0,7.9,12.3,下影+0→下影+10,15.57,-1.06,11.8,2.11,21,21,True,4.37,10.02,True,5.97,2.0,False,4,连板,False,2024-05,2024,,,,,,二接三阳
600501.SSE,航天晨光,2024-05-31,三接四,3,阳,2024-05-28,-1.43,-10.7,12.2,-++,-3.8,,0,0,05-28,下影,0.0,0.9,2.2,05-29,下影,10.0,7.9,12.3,下影+0→下影+10→下影-1,17.13,4.37,16.2,1.87,18,21,True,4.38,-3.68,False,-3.68,1.0,False,4,封次日负,True,2024-05,2024,05-30,下影,-1.1,3.0,11.8,三接四阳
600501.SSE,航天晨光,2024-07-30,二接三,2,阳,2024-07-26,6.63,-30.8,15.3,+--,1.1,39.0,4,4,07-26,下影,-0.2,0.9,6.6,07-29,一字,10.0,0.0,1.0,下影-0→一字+10,17.34,7.17,12.6,2.1,51,47,True,9.0,9.98,True,29.76,4.0,False,6,连板,False,2024-07,2024,,,,,,二接三阳
600501.SSE,航天晨光,2024-07-31,三接四,3,阳,2024-07-26,6.63,-30.8,15.3,+--,1.1,39.0,4,4,07-26,下影,-0.2,0.9,6.6,07-29,一字,10.0,0.0,1.0,下影-0→一字+10→下影+7,19.07,9.0,19.4,2.08,74,51,True,10.02,10.02,True,17.99,3.0,False,6,连板,False,2024-07,2024,07-30,下影,7.2,2.5,12.6,三接四阳
600502.SSE,安徽建工,2026-04-01,二接三,2,阴,2026-03-30,-1.69,-7.9,5.0,--+,-3.7,,0,0,03-30,下影,9.0,1.1,3.6,03-31,下影,6.1,1.6,10.0,下影+9→下影+6,6.19,7.1,17.6,2.61,49,44,False,-12.28,-8.89,False,-8.89,1.0,False,2,炸板,True,2026-04,2026,,,,,,二接三阴
600503.SSE,华丽家族,2024-12-12,二接三,2,阴,2024-12-10,-8.91,-15.7,88.7,+++,23.3,2.0,3,3,12-10,下影,10.1,4.4,11.5,12-11,下影,5.2,3.4,12.7,下影+10→下影+5,4.22,4.17,29.8,1.89,119,119,False,-18.25,-19.91,False,-19.91,1.0,False,2,炸板,True,2024-12,2024,,,,,,二接三阴
600505.SSE,西昌电力,2024-05-14,二接三,2,阴,2024-05-10,4.11,-5.4,104.7,++-,11.1,,0,0,05-10,实体,-2.6,0.0,11.4,05-13,下影,10.0,4.9,23.0,实体-3→下影+10,13.82,-3.66,27.0,1.57,37,24,True,-5.35,-9.99,False,-9.99,1.0,False,3,封次日负,True,2024-05,2024,,,,,,二接三阴
600505.SSE,西昌电力,2025-04-28,二接三,2,阳,2025-04-24,5.0,-4.3,61.8,+++,32.2,117.0,0,2,04-24,下影,-2.8,0.3,15.6,04-25,下影,9.1,5.0,10.4,下影-3→下影+9,20.94,5.99,28.4,1.41,36,59,False,-16.57,-18.15,False,-18.15,1.0,False,2,炸板,True,2025-04,2025,,,,,,二接三阳
600506.SSE,统一股份,2023-11-13,二接三,2,阴,2023-11-09,-1.04,-4.5,7.4,+++,0.3,,0,0,11-09,下影,-0.1,0.5,11.1,11-10,下影,2.9,1.9,7.0,下影-0→下影+3,13.89,9.82,28.2,2.88,31,29,False,-15.12,-12.89,False,-12.89,1.0,False,2,炸板,True,2023-11,2023,,,,,,二接三阴
600506.SSE,统一股份,2023-11-17,二接三,2,阳,2023-11-15,1.51,-12.9,24.5,+++,16.2,3.0,2,2,11-15,下影,-2.0,1.5,20.0,11-16,下影,0.8,0.5,17.5,下影-2→下影+1,16.1,1.5,29.6,1.3,38,25,True,1.24,10.0,True,-0.43,2.0,False,4,连板,False,2023-11,2023,,,,,,二接三阳
600506.SSE,统一股份,2023-11-20,三接四,3,阳,2023-11-15,1.51,-12.9,24.5,+++,16.2,3.0,2,2,11-15,下影,-2.0,1.5,20.0,11-16,下影,0.8,0.5,17.5,下影-2→下影+1→下影+2,17.71,1.24,25.4,1.14,50,38,True,5.08,-9.49,False,-9.49,1.0,False,4,封次日负,True,2023-11,2023,11-17,下影,1.5,1.4,29.6,三接四阳
600506.SSE,统一股份,2023-12-29,二接三,2,阳,2023-12-27,2.55,-29.8,40.6,---,1.0,27.0,4,4,12-27,下影,0.2,0.4,17.6,12-28,下影,5.5,6.4,29.9,下影+0→下影+6,18.19,4.17,24.0,1.36,54,49,True,-1.1,-10.01,False,-10.01,1.0,False,3,封次日负,True,2023-12,2023,,,,,,二接三阳
600506.SSE,统一股份,2024-12-13,二接三,2,阳,2024-12-11,7.38,-13.2,77.3,+++,29.0,4.0,2,2,12-11,下影,-2.9,1.0,27.9,12-12,下影,-2.4,1.6,25.3,下影-3→下影-2,24.59,3.98,36.0,1.33,84,119,False,-9.52,-12.28,False,-12.28,1.0,False,2,炸板,True,2024-12,2024,,,,,,二接三阳
600508.SSE,上海能源,2026-08-26,二接三,2,阳,2026-08-24,2.05,-39.7,23.0,+++,7.8,,0,0,08-24,实体,2.4,0.1,3.5,08-25,实体,7.0,0.1,3.9,实体+2→实体+7,11.96,-4.78,10.8,2.61,48,58,False,-9.03,-1.67,False,-1.67,1.0,False,2,炸板,True,2026-08,2026,,,,,,二接三阳
600513.SSE,联环药业,2023-11-27,二接三,2,阳,2023-11-23,0.28,-5.1,20.6,+++,12.5,,0,0,11-23,下影,1.4,0.5,13.7,11-24,实体,4.2,0.3,8.8,下影+1→实体+4,14.4,10.01,32.6,2.75,28,27,False,-18.68,-15.69,False,-15.69,1.0,False,2,炸板,True,2023-11,2023,,,,,,二接三阳
600513.SSE,联环药业,2024-11-08,二接三,2,阳,2024-11-06,0.31,-6.9,26.6,+++,-1.2,228.0,0,0,11-06,下影,0.5,1.3,11.2,11-07,下影,0.0,2.1,14.4,下影+1→下影+0,13.01,9.97,23.6,2.09,95,157,False,-12.61,-13.45,False,-13.45,1.0,False,2,炸板,True,2024-11,2024,,,,,,二接三阳
600513.SSE,联环药业,2025-07-14,二接三,2,阴,2025-07-10,-5.35,-11.5,43.1,+++,21.9,2.0,2,2,07-10,实体,0.2,0.0,15.9,07-11,下影,4.8,0.8,25.2,实体+0→下影+5,16.48,0.53,13.0,0.75,55,49,True,-2.91,-10.01,False,-10.01,1.0,False,3,封次日负,True,2025-07,2025,,,,,,二接三阴
600518.SSE,康美药业,2024-11-11,二接三,2,阳,2024-11-07,1.43,-6.2,26.8,+++,11.5,,0,0,11-07,下影,-0.9,0.5,3.7,11-08,下影,9.8,6.8,12.3,下影-1→下影+10,2.83,4.67,12.8,1.66,108,95,True,0.71,-6.01,False,-6.01,1.0,False,3,封次日负,True,2024-11,2024,,,,,,二接三阳
600520.SSE,三佳科技,2023-10-19,二接三,2,阴,2023-10-17,-1.98,-18.3,12.1,+-+,2.4,,0,0,10-17,实体,0.8,0.0,18.7,10-18,实体,10.0,0.1,15.1,实体+1→实体+10,18.49,0.0,28.6,1.91,22,29,True,10.01,10.01,True,25.26,3.0,False,5,连板,False,2023-10,2023,,,,,,二接三阴
600520.SSE,三佳科技,2023-10-20,三接四,3,阴,2023-10-17,-1.98,-18.3,12.1,+-+,2.4,,0,0,10-17,实体,0.8,0.0,18.7,10-18,实体,10.0,0.1,15.1,实体+1→实体+10→下影+0,20.34,10.01,20.6,1.17,35,22,True,9.98,9.98,True,13.86,2.0,False,5,连板,False,2023-10,2023,10-19,下影,0.0,0.9,28.6,三接四阴
600520.SSE,三佳科技,2023-11-08,二接三,2,阳,2023-11-06,4.35,-12.8,87.7,+++,68.1,10.0,5,5,11-06,下影,3.2,6.6,30.8,11-07,下影,5.5,4.6,33.3,下影+3→下影+5,30.95,-3.94,35.0,0.94,41,42,True,3.23,-0.1,False,-0.1,1.0,False,3,封次日负,True,2023-11,2023,,,,,,二接三阳
600520.SSE,三佳科技,2024-10-28,二接三,2,阴,2024-10-24,3.08,-6.2,183.3,+++,127.4,2.0,6,6,10-24,实体,0.6,0.0,26.7,10-25,下影,10.0,2.4,7.8,实体+1→下影+10,52.95,9.26,43.5,1.59,179,121,True,-4.44,-2.02,False,-2.02,1.0,False,3,封次日负,True,2024-10,2024,,,,,,二接三阴
600527.SSE,江南高纤,2024-11-01,二接三,2,阴,2024-10-30,-2.76,-9.7,32.3,+++,23.1,,0,0,10-30,下影,-0.6,0.6,5.0,10-31,一字,9.8,0.0,1.4,下影-1→一字+10,2.34,9.86,17.0,2.96,74,141,False,-13.25,-15.81,False,-15.81,1.0,False,2,炸板,True,2024-11,2024,,,,,,二接三阴
600527.SSE,江南高纤,2024-12-11,三接四,3,阳,2024-12-06,2.17,-9.6,74.1,+++,5.4,26.0,2,2,12-06,下影,0.0,0.9,9.7,12-09,一字,10.0,0.0,0.9,下影+0→一字+10→一字+10,3.45,9.87,22.5,2.82,119,82,True,-6.67,-8.7,False,-8.7,1.0,False,4,封次日负,True,2024-12,2024,12-10,一字,10.2,0.0,0.6,三接四阳
600531.SSE,豫光金铅,2026-01-27,二接三,2,阳,2026-01-23,1.99,-1.8,49.5,+++,33.8,,0,0,01-23,下影,4.5,1.2,11.0,01-26,一字,10.0,0.0,0.9,下影+5→一字+10,20.49,7.3,23.6,1.83,46,57,True,6.15,10.0,True,8.88,3.0,False,5,连板,False,2026-01,2026,,,,,,二接三阳
600531.SSE,豫光金铅,2026-01-28,三接四,3,阳,2026-01-23,1.99,-1.8,49.5,+++,33.8,,0,0,01-23,下影,4.5,1.2,11.0,01-26,一字,10.0,0.0,0.9,下影+5→一字+10→下影+7,22.54,6.15,14.2,1.11,72,46,True,9.94,9.98,True,-1.02,2.0,False,5,连板,False,2026-01,2026,01-27,下影,7.3,3.7,23.6,三接四阳
600539.SSE,狮头股份,2025-01-16,二接三,2,阳,2025-01-14,0.46,-18.8,44.5,---,-12.7,,0,0,01-14,实体,0.5,0.2,2.6,01-15,一字,10.0,0.0,1.7,实体+0→一字+10,8.81,9.24,7.3,2.36,59,54,True,9.99,9.99,True,-1.02,2.0,False,4,连板,False,2025-01,2025,,,,,,二接三阳
600539.SSE,狮头股份,2025-03-13,三接四,3,阳,2025-03-10,7.98,-0.4,78.3,+++,22.8,20.0,4,4,03-10,一字,10.0,0.0,0.4,03-11,一字,10.0,0.0,0.7,一字+10→一字+10→一字+10,15.84,10.0,28.7,3.91,34,69,True,-8.46,-9.97,False,-9.97,1.0,False,4,封次日负,True,2025-03,2025,03-12,一字,10.0,0.0,0.4,三接四阳
600540.SSE,新赛股份,2023-09-04,二接三,2,阴,2023-08-31,-0.74,-3.6,24.1,++-,2.1,,0,0,08-31,下影,-0.6,0.4,5.1,09-01,下影,6.9,1.7,3.9,下影-1→下影+7,7.18,9.95,19.6,3.03,40,17,False,-10.86,-14.35,False,-14.35,1.0,False,2,炸板,True,2023-09,2023,,,,,,二接三阴
600540.SSE,新赛股份,2026-09-01,三接四,3,阳,2026-08-27,1.46,-19.0,37.2,+++,20.5,337.0,0,0,08-27,一字,10.1,0.0,1.5,08-28,一字,10.0,0.0,0.9,一字+10→一字+10→一字+10,6.12,9.89,11.3,2.81,74,78,True,9.97,9.97,True,-0.98,2.0,False,5,连板,False,2026-09,2026,08-31,一字,10.1,0.0,1.2,三接四阳
600545.SSE,卓郎智能,2023-09-28,二接三,2,阳,2023-09-26,0.39,-2.7,10.4,-++,4.9,,0,0,09-26,实体,-0.4,0.0,2.8,09-27,一字,10.0,0.0,0.9,实体-0→一字+10,3.4,10.03,7.1,2.91,32,25,True,-2.06,-7.94,False,-7.94,1.0,False,3,封次日负,True,2023-09,2023,,,,,,二接三阳
600545.SSE,卓郎智能,2024-12-09,二接三,2,阳,2024-12-05,-0.84,-5.6,80.2,+++,6.3,195.0,0,0,12-05,下影,-0.8,1.7,7.0,12-06,下影,7.3,5.0,7.9,下影-1→下影+7,3.15,-0.35,15.2,1.65,83,94,False,-5.08,5.08,True,22.22,4.0,False,6,炸板,False,2024-12,2024,,,,,,二接三阳
600545.SSE,卓郎智能,2024-12-12,二接三,2,阳,2024-12-10,5.24,-4.4,129.8,+++,37.4,2.0,2,2,12-10,下影,-0.7,6.3,15.1,12-11,下影,-6.9,0.9,15.5,下影-1→下影-7,4.0,0.0,15.9,1.14,119,119,True,2.5,-3.75,False,-3.75,1.0,False,3,封次日负,True,2024-12,2024,,,,,,二接三阳
600545.SSE,卓郎智能,2024-12-13,三接四,3,阳,2024-12-10,5.24,-4.4,129.8,+++,37.4,2.0,2,2,12-10,下影,-0.7,6.3,15.1,12-11,下影,-6.9,0.9,15.5,下影-1→下影-7→下影+0,4.4,2.5,20.7,1.26,84,119,False,-18.18,-21.14,False,-21.14,1.0,False,3,炸板,True,2024-12,2024,12-12,下影,0.0,1.6,15.9,三接四阳
600545.SSE,卓郎智能,2026-03-06,二接三,2,阴,2026-03-04,-6.87,-14.0,27.9,+++,18.6,8.0,2,2,03-04,下影,-1.6,1.6,9.8,03-05,一字,9.9,0.0,1.0,下影-2→一字+10,4.15,6.1,10.0,1.46,65,55,True,-6.51,-6.27,False,-6.27,1.0,False,3,封次日负,True,2026-03,2026,,,,,,二接三阴
600550.SSE,保变电气,2024-09-04,二接三,2,阳,2024-09-02,0.68,-19.7,5.2,---,-9.8,,0,0,09-02,一字,9.9,0.0,0.4,09-03,下影,10.0,0.6,1.3,一字+10→下影+10,5.91,10.06,6.2,3.31,31,33,True,9.98,-2.37,False,-2.37,1.0,False,3,封次日负,True,2024-09,2024,,,,,,二接三阳
600550.SSE,保变电气,2024-09-05,三接四,3,阳,2024-09-02,0.68,-19.7,5.2,---,-9.8,,0,0,09-02,一字,9.9,0.0,0.4,09-03,下影,10.0,0.6,1.3,一字+10→下影+10→下影+10,6.5,9.98,11.4,2.83,39,31,False,-7.54,-7.38,False,-7.38,1.0,False,3,炸板,True,2024-09,2024,09-04,下影,10.1,5.8,6.2,三接四阳
600550.SSE,保变电气,2024-09-13,二接三,2,阴,2024-09-11,-3.32,-12.1,51.7,+++,31.1,5.0,3,3,09-11,下影,-5.9,4.1,13.8,09-12,下影,-0.7,0.4,14.6,下影-6→下影-1,8.51,-0.78,11.0,0.98,31,26,True,2.82,7.99,False,7.99,1.0,False,3,封次日正,False,2024-09,2024,,,,,,二接三阴
600550.SSE,保变电气,2024-09-18,三接四,3,阴,2024-09-11,-3.32,-12.1,51.7,+++,31.1,5.0,3,3,09-11,下影,-5.9,4.1,13.8,09-12,下影,-0.7,0.4,14.6,下影-6→下影-1→下影-1,9.36,2.82,18.6,1.28,21,31,False,-10.58,8.01,True,17.63,4.0,False,7,炸板,False,2024-09,2024,09-13,下影,-0.8,3.2,11.0,三接四阴
600550.SSE,保变电气,2024-09-23,二接三,2,阳,2024-09-19,7.99,-1.8,117.8,+++,98.9,2.0,3,3,09-19,实体,-8.9,0.0,10.2,09-20,一字,10.0,0.0,2.2,实体-9→一字+10,12.23,5.04,8.6,0.85,45,40,True,3.84,-9.98,False,-9.98,1.0,False,3,封次日负,True,2024-09,2024,,,,,,二接三阳
600550.SSE,保变电气,2024-09-24,三接四,3,阳,2024-09-19,7.99,-1.8,117.8,+++,98.9,2.0,3,3,09-19,实体,-8.9,0.0,10.2,09-20,一字,10.0,0.0,2.2,实体-9→一字+10→下影+5,13.45,3.84,21.2,1.74,76,45,False,-21.93,-26.32,False,-26.32,1.0,False,3,炸板,True,2024-09,2024,09-23,下影,5.0,1.7,8.6,三接四阳
600550.SSE,保变电气,2025-05-21,二接三,2,阳,2025-05-19,2.24,-15.9,19.7,-+-,-6.9,154.0,0,0,05-19,实体,3.0,0.3,8.3,05-20,下影,4.4,1.2,9.1,实体+3→下影+4,10.35,9.88,19.8,2.41,45,61,False,-13.04,-13.33,False,-13.33,1.0,False,2,炸板,True,2025-05,2025,,,,,,二接三阳
600551.SSE,时代出版,2026-09-01,二接三,2,阴,2026-08-28,-1.59,-8.7,5.4,--+,-1.2,292.0,0,0,08-28,实体,5.1,0.0,2.7,08-31,下影,-4.7,0.4,6.5,实体+5→下影-5,9.08,5.82,16.0,3.02,74,78,True,-0.88,-5.07,False,-5.07,1.0,False,3,封次日负,True,2026-09,2026,,,,,,二接三阴
600552.SSE,凯盛科技,2024-09-02,二接三,2,阴,2024-08-29,-5.3,-11.8,29.1,+++,14.7,,0,0,08-29,实体,-2.8,0.0,10.2,08-30,下影,2.9,2.4,11.5,实体-3→下影+3,14.75,5.0,20.9,1.59,24,47,False,-2.37,8.88,True,0.34,2.0,False,4,炸板,False,2024-09,2024,,,,,,二接三阴
600556.SSE,天下秀,2025-01-16,二接三,2,阳,2025-01-14,-0.83,-42.7,11.7,---,-36.4,20.0,2,2,01-14,实体,9.0,0.0,1.7,01-15,一字,9.9,0.0,0.6,实体+9→一字+10,6.34,10.07,11.4,2.75,59,54,True,0.16,5.68,False,5.68,1.0,False,3,封次日正,False,2025-01,2025,,,,,,二接三阳
600556.SSE,天下秀,2025-01-17,三接四,3,阳,2025-01-14,-0.83,-42.7,11.7,---,-36.4,20.0,2,2,01-14,实体,9.0,0.0,1.7,01-15,一字,9.9,0.0,0.6,实体+9→一字+10→下影+10,6.97,0.16,31.2,3.27,47,59,False,-8.61,-13.49,False,-13.49,1.0,False,3,炸板,True,2025-01,2025,01-16,下影,10.1,4.0,11.4,三接四阳
600560.SSE,金自天正,2023-06-01,二接三,2,阳,2023-05-30,0.77,-4.4,28.5,-++,25.7,,0,0,05-30,下影,-0.5,0.5,3.7,05-31,一字,10.0,0.0,1.4,下影-1→一字+10,17.34,10.03,6.0,1.81,34,32,True,-1.96,-9.98,False,-9.98,1.0,False,3,封次日负,True,2023-06,2023,,,,,,二接三阳
600560.SSE,金自天正,2023-12-12,二接三,2,阳,2023-12-08,2.79,-4.7,23.6,+++,8.5,128.0,0,0,12-08,实体,-1.4,0.0,8.6,12-11,下影,1.5,4.0,13.5,实体-1→下影+2,19.6,3.82,31.0,2.5,32,33,False,-12.3,-5.77,False,-5.77,1.0,False,2,炸板,True,2023-12,2023,,,,,,二接三阳
600560.SSE,金自天正,2024-03-08,二接三,2,阴,2024-03-06,-4.24,-22.8,31.5,-++,15.5,55.0,2,2,03-06,实体,-0.3,0.0,9.0,03-07,下影,8.2,1.8,5.5,实体-0→下影+8,20.13,3.17,27.8,2.51,52,44,False,-11.48,-13.41,False,-13.41,1.0,False,2,炸板,True,2024-03,2024,,,,,,二接三阴
600561.SSE,江西长运,2024-08-05,二接三,2,阴,2024-08-01,-3.81,-12.1,39.9,+++,28.3,,0,0,08-01,实体,-5.0,0.0,13.1,08-02,下影,0.9,3.8,20.4,实体-5→下影+1,6.39,-4.48,14.4,0.97,38,39,True,-1.72,-10.02,False,-10.02,1.0,False,3,封次日负,True,2024-08,2024,,,,,,二接三阴
600570.SSE,恒生电子,2024-10-09,三接四,3,阳,2024-09-27,5.59,-0.6,24.1,+++,23.2,,0,0,09-27,下影,5.8,0.8,3.1,09-30,一字,10.0,0.0,0.6,下影+6→一字+10→一字+10,27.68,10.02,8.3,2.74,29,352,True,1.16,-8.02,False,-8.02,1.0,False,4,封次日负,True,2024-10,2024,10-08,一字,10.0,0.0,0.4,三接四阳
600571.SSE,信雅达,2025-04-23,二接三,2,阴,2025-04-21,-1.95,-20.0,21.3,+-+,1.0,88.0,0,2,04-21,下影,0.0,1.5,10.6,04-22,下影,8.9,3.6,15.8,下影+0→下影+9,19.43,4.76,36.5,2.34,52,68,False,-9.47,-17.19,False,-17.19,1.0,False,2,炸板,True,2025-04,2025,,,,,,二接三阴
600577.SSE,精达股份,2024-03-26,二接三,2,阳,2024-03-22,0.0,-1.9,37.3,+++,11.8,,0,0,03-22,下影,-0.2,0.5,7.9,03-25,下影,8.1,8.5,17.8,下影-0→下影+8,5.54,2.18,21.7,2.17,50,36,False,-6.86,-12.45,False,-12.45,1.0,False,2,炸板,True,2024-03,2024,,,,,,二接三阳
600578.SSE,京能电力,2026-05-15,二接三,2,阳,2026-05-13,1.54,-11.7,10.0,+--,1.7,,0,0,05-13,下影,3.6,0.8,1.4,05-14,下影,10.0,4.7,3.2,下影+4→下影+10,7.01,2.04,6.6,2.5,46,50,True,3.14,9.99,True,17.97,2.0,False,4,连板,False,2026-05,2026,,,,,,二接三阳
600578.SSE,京能电力,2026-05-18,三接四,3,阳,2026-05-13,1.54,-11.7,10.0,+--,1.7,,0,0,05-13,下影,3.6,0.8,1.4,05-14,下影,10.0,4.7,3.2,下影+4→下影+10→下影+2,7.71,3.14,3.6,1.11,72,46,True,0.0,7.26,False,7.26,1.0,False,4,封次日正,False,2026-05,2026,05-15,下影,2.0,9.7,6.6,三接四阳
600579.SSE,中化装备,2023-12-15,二接三,2,阳,2023-12-13,3.3,-5.3,17.7,--+,3.6,,0,0,12-13,下影,0.5,2.1,3.4,12-14,一字,10.0,0.0,0.7,下影+1→一字+10,10.01,10.0,14.8,3.34,42,34,True,-7.89,-9.99,False,-9.99,1.0,False,3,封次日负,True,2023-12,2023,,,,,,二接三阳
600579.SSE,中化装备,2024-02-23,三接四,3,阳,2024-02-20,3.98,-47.8,9.6,---,-27.8,40.0,3,3,02-20,实体,1.0,0.0,1.7,02-21,一字,10.1,0.0,0.8,实体+1→一字+10→一字+10,7.66,10.06,15.0,3.3,79,56,True,9.92,10.05,True,14.88,3.0,False,6,连板,False,2024-02,2024,02-22,一字,10.0,0.0,0.6,三接四阳
600579.SSE,中化装备,2024-10-28,二接三,2,阴,2024-10-24,0.0,-10.0,30.5,+++,14.0,159.0,0,0,10-24,实体,0.0,0.2,1.9,10-25,下影,8.9,5.5,10.4,实体+0→下影+9,8.14,8.11,4.5,1.07,179,121,True,9.95,-0.98,False,-0.98,1.0,False,3,封次日负,True,2024-10,2024,,,,,,二接三阴
600579.SSE,中化装备,2024-10-29,三接四,3,阴,2024-10-24,0.0,-10.0,30.5,+++,14.0,159.0,0,0,10-24,实体,0.0,0.2,1.9,10-25,下影,8.9,5.5,10.4,实体+0→下影+9→下影+8,8.95,9.95,17.3,2.4,93,179,False,-12.85,-7.71,False,-7.71,1.0,False,3,炸板,True,2024-10,2024,10-28,下影,8.1,2.7,4.5,三接四阴
600579.SSE,中化装备,2024-12-20,二接三,2,阴,2024-12-18,0.12,-9.0,60.0,+++,20.6,37.0,3,3,12-18,下影,5.4,2.1,5.2,12-19,下影,8.9,3.0,10.5,下影+5→下影+9,10.92,0.7,10.0,1.19,68,50,True,-9.98,9.98,True,16.03,3.0,False,5,连板,False,2024-12,2024,,,,,,二接三阴
600579.SSE,中化装备,2024-12-23,三接四,3,阴,2024-12-18,0.12,-9.0,60.0,+++,20.6,37.0,3,3,12-18,下影,5.4,2.1,5.2,12-19,下影,8.9,3.0,10.5,下影+5→下影+9→下影+1,12.01,-9.98,23.7,1.87,26,68,True,9.91,9.99,True,5.5,2.0,False,5,连板,False,2024-12,2024,12-20,下影,0.7,7.0,10.0,三接四阴
600579.SSE,中化装备,2025-01-23,二接三,2,阳,2025-01-21,1.57,-42.1,30.7,--+,-22.9,13.0,5,5,01-21,下影,3.2,1.2,5.0,01-22,下影,6.4,6.2,18.1,下影+3→下影+6,11.21,0.1,18.8,1.75,36,36,False,-14.36,-17.31,False,-17.31,1.0,False,2,炸板,True,2025-01,2025,,,,,,二接三阳
600579.SSE,中化装备,2025-07-31,二接三,2,阴,2025-07-29,0.97,-2.6,25.3,+++,11.5,113.0,0,2,07-29,一字,10.0,0.0,0.3,07-30,一字,10.0,0.0,0.6,一字+10→一字+10,11.13,9.98,18.2,3.61,34,40,True,-5.66,-9.97,False,-9.97,1.0,False,3,封次日负,True,2025-07,2025,,,,,,二接三阴
600589.SSE,大位科技,2024-09-23,二接三,2,阴,2024-09-19,-2.76,-37.9,1.9,---,-15.6,,0,0,09-19,实体,0.5,0.0,1.0,09-20,下影,6.5,3.0,2.9,实体+0→下影+6,2.81,-1.57,4.8,2.36,45,40,True,2.85,9.96,True,7.83,2.0,False,4,连板,False,2024-09,2024,,,,,,二接三阴
600589.SSE,大位科技,2024-09-24,三接四,3,阴,2024-09-19,-2.76,-37.9,1.9,---,-15.6,,0,0,09-19,实体,0.5,0.0,1.0,09-20,下影,6.5,3.0,2.9,实体+0→下影+6→下影-2,3.09,2.85,6.4,2.03,76,45,True,-2.91,-1.94,False,-1.94,1.0,False,4,封次日负,True,2024-09,2024,09-23,下影,-1.6,0.4,4.8,三接四阴
600589.SSE,大位科技,2024-12-02,二接三,2,阳,2024-11-28,0.0,-9.4,118.4,+-+,-1.1,42.0,4,4,11-28,实体,2.9,0.2,4.3,11-29,下影,3.0,3.4,9.7,实体+3→下影+3,6.02,3.29,4.8,1.03,132,105,True,7.48,-2.66,False,-2.66,1.0,False,3,封次日负,True,2024-12,2024,,,,,,二接三阳
600589.SSE,大位科技,2024-12-03,三接四,3,阳,2024-11-28,0.0,-9.4,118.4,+-+,-1.1,42.0,4,4,11-28,实体,2.9,0.2,4.3,11-29,下影,3.0,3.4,9.7,实体+3→下影+3→实体+3,6.62,7.48,12.9,1.91,92,132,False,-11.33,-20.39,False,-20.39,1.0,False,3,炸板,True,2024-12,2024,12-02,实体,3.3,0.0,4.8,三接四阳
600590.SSE,泰豪科技,2024-12-27,二接三,2,阴,2024-12-25,-3.82,-18.7,31.0,--+,-3.1,,0,0,12-25,实体,1.4,0.0,3.9,12-26,下影,0.2,2.4,5.2,实体+1→下影+0,6.69,8.72,8.9,1.78,61,79,True,1.64,-10.01,False,-10.01,1.0,False,3,封次日负,True,2024-12,2024,,,,,,二接三阴
600590.SSE,泰豪科技,2025-02-21,二接三,2,阴,2025-02-19,2.28,-10.3,44.4,+++,35.3,31.0,3,3,02-19,下影,4.8,2.1,15.8,02-20,实体,2.6,0.0,10.0,下影+5→实体+3,8.36,10.0,8.1,0.76,82,76,True,10.05,10.05,True,7.42,2.0,False,4,连板,False,2025-02,2025,,,,,,二接三阴
600592.SSE,龙溪股份,2023-11-08,三接四,3,阳,2023-11-03,1.34,-4.8,18.1,++-,8.0,,0,0,11-03,一字,10.0,0.0,2.6,11-06,一字,10.0,0.0,0.6,一字+10→一字+10→一字+10,14.36,10.04,25.8,3.72,41,42,True,-3.97,-10.03,False,-10.03,1.0,False,4,封次日负,True,2023-11,2023,11-07,一字,10.0,0.0,1.1,三接四阳
600592.SSE,龙溪股份,2025-03-06,二接三,2,阴,2025-03-04,-2.57,-12.6,58.3,+++,33.4,3.0,2,2,03-04,下影,-0.1,1.9,6.2,03-05,下影,7.1,2.4,4.2,下影-0→下影+7,19.2,10.03,3.1,0.34,87,55,True,3.28,4.69,False,4.69,1.0,False,3,封次日正,False,2025-03,2025,,,,,,二接三阴
600592.SSE,龙溪股份,2025-05-07,二接三,2,阳,2025-04-30,4.29,-7.7,96.2,++-,12.6,38.0,3,3,04-30,下影,-2.0,3.0,16.8,05-06,下影,3.4,1.2,11.7,下影-2→下影+3,27.15,5.35,13.5,1.07,50,79,True,0.11,6.81,False,6.81,1.0,False,3,封次日正,False,2025-05,2025,,,,,,二接三阳
600593.SSE,大连圣亚,2023-12-04,二接三,2,阳,2023-11-30,0.12,-2.5,17.3,+++,2.7,,0,0,11-30,下影,-0.2,0.5,5.3,12-01,下影,10.0,2.9,4.0,下影-0→下影+10,22.7,0.0,15.9,2.78,47,41,False,-10.75,-3.48,False,-3.48,1.0,False,2,炸板,True,2023-12,2023,,,,,,二接三阳
600593.SSE,大连圣亚,2024-01-08,三接四,3,阳,2024-01-03,4.73,-12.0,41.7,+-+,-3.3,22.0,2,2,01-03,下影,1.0,1.9,9.1,01-04,下影,9.1,3.1,6.7,下影+1→下影+9→一字+10,30.15,9.05,11.6,1.61,29,18,True,6.14,10.02,True,3.15,2.0,False,5,连板,False,2024-01,2024,01-05,一字,10.0,0.0,1.5,三接四阳
600593.SSE,大连圣亚,2024-03-07,二接三,2,阳,2024-03-05,3.71,-48.5,41.6,+--,-21.6,29.0,5,5,03-05,下影,-0.9,1.4,4.4,03-06,下影,1.4,0.3,13.2,下影-1→下影+1,24.94,1.46,15.2,1.87,44,63,True,0.0,-9.98,False,-9.98,1.0,False,3,封次日负,True,2024-03,2024,,,,,,二接三阳
600593.SSE,大连圣亚,2024-11-08,二接三,2,阳,2024-11-06,1.75,-2.4,46.4,+++,16.3,161.0,0,0,11-06,下影,0.2,2.6,13.2,11-07,下影,0.0,0.8,9.9,下影+0→下影+0,30.23,8.08,17.9,1.47,95,157,False,-9.0,-8.37,False,-8.37,1.0,False,2,炸板,True,2024-11,2024,,,,,,二接三阳
600593.SSE,大连圣亚,2024-11-27,二接三,2,阳,2024-11-25,-0.82,-11.8,80.0,+++,37.1,12.0,2,2,11-25,实体,-1.9,0.1,13.2,11-26,下影,-2.0,0.4,14.2,实体-2→下影-2,37.16,-0.98,18.4,1.53,77,79,False,-5.84,-8.02,False,-8.02,1.0,False,2,炸板,True,2024-11,2024,,,,,,二接三阳
600593.SSE,大连圣亚,2024-12-16,二接三,2,阳,2024-12-12,1.59,-6.2,172.1,+++,51.2,12.0,2,2,12-12,下影,0.8,1.2,15.8,12-13,下影,0.0,1.2,13.0,下影+1→下影+0,56.18,2.29,13.6,1.1,89,84,True,1.76,-10.0,False,-10.0,1.0,False,3,封次日负,True,2024-12,2024,,,,,,二接三阳
600598.SSE,北大荒,2025-04-09,二接三,2,阳,2025-04-07,2.3,-4.6,6.7,-+-,2.1,,0,0,04-07,下影,10.0,6.0,9.5,04-08,下影,2.4,4.8,10.4,下影+10→下影+2,18.98,6.84,14.6,1.97,87,99,True,-8.85,-0.16,False,-0.16,1.0,False,3,封次日负,True,2025-04,2025,,,,,,二接三阳
600601.SSE,方正科技,2024-12-02,二接三,2,阳,2024-11-28,2.41,-13.3,48.4,---,-6.4,,0,0,11-28,实体,3.4,0.0,5.5,11-29,下影,-3.1,1.2,12.7,实体+3→下影-3,5.09,6.26,18.2,2.09,132,105,False,-6.88,-11.39,False,-11.39,1.0,False,2,炸板,True,2024-12,2024,,,,,,二接三阳
600602.SSE,云赛智联,2024-10-09,二接三,2,阳,2024-09-30,8.88,-1.0,31.2,+++,28.3,148.0,0,0,09-30,下影,5.0,0.7,6.5,10-08,下影,10.0,7.9,6.4,下影+5→下影+10,15.99,0.21,12.9,2.0,29,352,False,0.06,-9.82,False,-9.82,1.0,False,2,炸板,True,2024-10,2024,,,,,,二接三阳
600602.SSE,云赛智联,2025-02-18,二接三,2,阴,2025-02-14,-1.25,-7.6,45.7,++-,35.5,86.0,0,2,02-14,下影,2.1,3.0,19.4,02-17,下影,10.0,6.5,17.1,下影+2→下影+10,23.23,1.33,29.4,1.59,37,74,True,3.31,-0.95,False,-0.95,1.0,False,3,封次日负,True,2025-02,2025,,,,,,二接三阴
600602.SSE,云赛智联,2025-02-25,二接三,2,阳,2025-02-21,-4.09,-9.9,84.2,+++,66.2,3.0,3,3,02-21,下影,1.9,0.9,19.4,02-24,一字,10.0,0.0,1.3,下影+2→一字+10,29.38,-2.66,29.2,1.58,46,66,False,-2.93,-6.36,False,-6.36,1.0,False,2,炸板,True,2025-02,2025,,,,,,二接三阳
600604.SSE,市北高新,2024-10-29,二接三,2,阳,2024-10-25,0.95,-15.8,28.2,+++,15.1,,0,0,10-25,下影,3.0,0.5,2.6,10-28,下影,7.4,2.1,4.3,下影+3→下影+7,5.69,4.45,9.9,2.66,93,179,False,-11.07,-8.08,False,-8.08,1.0,False,2,炸板,True,2024-10,2024,,,,,,二接三阳
600604.SSE,市北高新,2025-07-15,二接三,2,阳,2025-07-11,2.79,-11.8,19.2,-++,12.4,172.0,0,0,07-11,一字,10.1,0.0,1.3,07-14,一字,10.0,0.0,1.4,一字+10→一字+10,6.88,4.0,17.0,3.49,38,55,False,-5.67,4.8,False,4.8,1.0,False,2,炸板,False,2025-07,2025,,,,,,二接三阳
600605.SSE,汇通能源,2024-02-21,二接三,2,阳,2024-02-19,9.35,-47.9,12.9,---,-45.2,,0,0,02-19,下影,4.0,2.1,2.5,02-20,下影,4.6,2.8,2.3,下影+4→下影+5,19.61,6.51,2.8,0.96,93,80,True,1.99,2.65,False,2.65,1.0,False,3,封次日正,False,2024-02,2024,,,,,,二接三阳
600606.SSE,绿地控股,2024-10-08,三接四,3,阳,2024-09-26,4.0,-5.5,19.1,+++,13.9,,0,0,09-26,下影,-0.6,1.3,2.0,09-27,一字,9.9,0.0,0.6,下影-1→一字+10→一字+10,2.29,10.1,4.3,2.39,352,626,True,-6.99,-10.04,False,-10.04,1.0,False,4,封次日负,True,2024-10,2024,09-30,一字,10.1,0.0,0.2,三接四阳
600606.SSE,绿地控股,2025-07-14,二接三,2,阳,2025-07-10,0.58,-9.0,9.6,++-,1.8,185.0,0,0,07-10,实体,0.6,0.0,2.3,07-11,一字,10.1,0.0,0.5,实体+1→一字+10,2.29,10.1,5.3,2.76,55,49,True,-6.11,-0.44,False,-0.44,1.0,False,3,封次日负,True,2025-07,2025,,,,,,二接三阳
600610.SSE,中毅达,2023-12-21,二接三,2,阴,2023-12-19,-4.83,-38.6,17.4,+--,-4.6,,0,0,12-19,下影,-1.3,1.2,17.1,12-20,下影,2.4,3.8,28.3,下影-1→下影+2,9.97,-1.77,30.3,1.36,31,25,False,-14.44,-19.86,False,-19.86,1.0,False,2,炸板,True,2023-12,2023,,,,,,二接三阴
600610.SSE,中毅达,2025-03-12,二接三,2,阴,2025-03-10,-0.98,-30.5,6.6,---,-3.1,291.0,0,0,03-10,实体,0.2,0.0,4.8,03-11,下影,5.0,2.7,7.4,实体+0→下影+5,5.36,5.95,19.4,2.81,69,45,False,-7.65,-0.56,False,-0.56,1.0,False,2,炸板,True,2025-03,2025,,,,,,二接三阴
600610.SSE,中毅达,2025-03-19,二接三,2,阳,2025-03-17,1.88,-5.2,43.7,+++,29.9,4.0,2,2,03-17,下影,-3.5,0.6,14.1,03-18,下影,9.5,2.3,4.7,下影-3→下影+10,7.23,1.52,23.4,1.58,40,56,False,-4.56,1.24,False,1.24,1.0,False,2,炸板,False,2025-03,2025,,,,,,二接三阳
600610.SSE,中毅达,2025-03-26,二接三,2,阳,2025-03-24,8.74,-0.5,110.6,+++,93.2,4.0,2,2,03-24,下影,0.5,2.5,15.3,03-25,实体,2.7,0.0,9.8,下影+1→实体+3,10.6,8.4,15.0,0.97,56,41,True,5.38,10.0,True,-1.04,2.0,False,4,连板,False,2025-03,2025,,,,,,二接三阳
600610.SSE,中毅达,2025-03-27,三接四,3,阳,2025-03-24,8.74,-0.5,110.6,+++,93.2,4.0,2,2,03-24,下影,0.5,2.5,15.3,03-25,实体,2.7,0.0,9.8,下影+1→实体+3→下影+8,11.66,5.38,5.9,0.47,41,56,True,-0.09,-10.03,False,-10.03,1.0,False,4,封次日负,True,2025-03,2025,03-26,下影,8.4,4.3,15.0,三接四阳
600611.SSE,大众交通,2024-07-12,二接三,2,阴,2024-07-10,8.81,-1.2,21.1,+++,17.2,,0,0,07-10,一字,10.0,0.0,6.4,07-11,下影,7.6,2.5,16.1,一字+10→下影+8,4.27,3.09,24.8,1.96,28,65,False,0.7,4.22,False,4.22,1.0,False,2,炸板,False,2024-07,2024,,,,,,二接三阴
600611.SSE,大众交通,2024-09-09,二接三,2,阳,2024-09-05,2.72,-15.8,246.2,-+-,-6.4,27.0,2,2,09-05,下影,-1.6,1.6,20.6,09-06,一字,10.0,0.0,1.1,下影-2→一字+10,12.58,9.97,11.2,0.67,39,26,False,-26.31,-26.31,False,-26.31,1.0,False,2,炸板,True,2024-09,2024,,,,,,二接三阳
600611.SSE,大众交通,2024-10-09,二接三,2,阳,2024-09-30,1.86,-43.4,158.9,+--,-27.0,14.0,2,2,09-30,下影,2.9,1.4,27.8,10-08,下影,9.6,6.1,19.9,下影+3→下影+10,9.47,4.53,21.8,1.0,29,352,True,4.75,-5.07,False,-5.07,1.0,False,3,封次日负,True,2024-10,2024,,,,,,二接三阳
600613.SSE,神奇制药,2026-08-17,二接三,2,阳,2026-08-13,2.51,-5.5,22.4,+++,3.7,437.0,0,0,08-13,下影,0.0,3.8,4.9,08-14,一字,9.9,0.0,2.6,下影+0→一字+10,7.05,7.64,8.2,1.93,93,51,True,10.07,10.07,True,10.35,2.0,False,4,连板,False,2026-08,2026,,,,,,二接三阳
600613.SSE,神奇制药,2026-08-18,三接四,3,阳,2026-08-13,2.51,-5.5,22.4,+++,3.7,437.0,0,0,08-13,下影,0.0,3.8,4.9,08-14,一字,9.9,0.0,2.6,下影+0→一字+10→下影+8,7.76,10.07,15.1,2.21,70,93,True,5.54,0.26,False,0.26,1.0,False,4,封次日正,False,2026-08,2026,08-17,下影,7.6,1.9,8.2,三接四阳
600615.SSE,鑫源智造,2023-09-25,二接三,2,阴,2023-09-21,-3.87,-6.6,11.4,+++,8.9,,0,0,09-21,下影,0.0,0.4,9.1,09-22,下影,5.6,1.5,6.0,下影+0→下影+6,12.24,9.88,23.6,2.1,23,24,True,-7.43,-9.97,False,-9.97,1.0,False,3,封次日负,True,2023-09,2023,,,,,,二接三阴
600617.SSE,国新能源,2026-03-23,二接三,2,阴,2026-03-19,-2.65,-16.7,9.6,-++,4.8,100.0,0,2,03-19,下影,2.4,1.5,7.7,03-20,实体,1.4,0.0,10.0,下影+2→实体+1,4.39,2.01,17.8,2.21,24,26,False,-7.74,-3.42,False,-3.42,1.0,False,2,炸板,True,2026-03,2026,,,,,,二接三阴
600617.SSE,国新能源,2026-07-28,二接三,2,阳,2026-07-24,5.48,-20.4,21.7,++-,12.8,85.0,0,2,07-24,下影,-0.3,1.9,2.7,07-27,实体,3.2,0.3,3.1,下影-0→实体+3,4.1,9.92,14.4,3.01,57,101,False,-19.76,-16.59,False,-16.59,1.0,False,2,炸板,True,2026-07,2026,,,,,,二接三阳
600619.SSE,海立股份,2024-09-20,二接三,2,阴,2024-09-18,0.19,-5.4,11.6,++-,4.5,,0,0,09-18,一字,10.0,0.0,1.4,09-19,一字,9.9,0.0,1.6,一字+10→一字+10,7.17,7.21,21.5,3.18,40,46,True,-6.83,10.04,True,3.63,2.0,False,4,连板,False,2024-09,2024,,,,,,二接三阴
600619.SSE,海立股份,2024-09-23,三接四,3,阴,2024-09-18,0.19,-5.4,11.6,++-,4.5,,0,0,09-18,一字,10.0,0.0,1.4,09-19,一字,9.9,0.0,1.6,一字+10→一字+10→下影+7,7.89,-6.83,23.4,2.24,45,40,True,-6.34,-5.83,False,-5.83,1.0,False,4,封次日负,True,2024-09,2024,09-20,下影,7.2,3.2,21.5,三接四阴
600619.SSE,海立股份,2024-10-10,二接三,2,阳,2024-10-08,7.26,-1.4,77.4,+++,70.7,6.0,4,4,10-08,下影,10.0,10.7,21.4,10-09,下影,0.0,4.9,15.9,下影+10→下影+0,11.41,6.08,28.5,1.36,51,29,False,-20.16,-21.12,False,-21.12,1.0,False,2,炸板,True,2024-10,2024,,,,,,二接三阳
600619.SSE,海立股份,2024-11-06,二接三,2,阴,2024-11-04,0.96,-8.3,136.9,+++,44.7,18.0,4,4,11-04,一字,10.0,0.0,2.9,11-05,一字,10.0,0.0,0.6,一字+10→一字+10,15.39,10.01,11.2,1.05,104,139,True,0.0,10.01,True,28.59,3.0,False,5,连板,False,2024-11,2024,,,,,,二接三阴
600619.SSE,海立股份,2024-11-07,三接四,3,阴,2024-11-04,0.96,-8.3,136.9,+++,44.7,18.0,4,4,11-04,一字,10.0,0.0,2.9,11-05,一字,10.0,0.0,0.6,一字+10→一字+10→下影+10,16.93,0.0,32.6,2.4,157,104,True,-4.9,9.98,True,16.89,2.0,False,5,连板,False,2024-11,2024,11-06,下影,10.0,2.7,11.2,三接四阴
600619.SSE,海立股份,2025-08-13,二接三,2,阴,2025-08-11,-3.65,-10.8,85.6,+++,54.3,2.0,2,2,08-11,实体,-2.6,0.0,21.1,08-12,下影,-1.0,1.5,21.5,实体-3→下影-1,25.28,2.31,22.7,1.01,80,42,True,-4.67,-10.01,False,-10.01,1.0,False,3,封次日负,True,2025-08,2025,,,,,,二接三阴
600620.SSE,天宸股份,2025-07-18,二接三,2,阴,2025-07-16,-5.06,-7.0,24.6,+++,8.0,240.0,0,0,07-16,下影,0.5,1.5,3.0,07-17,实体,9.4,0.0,2.3,下影+1→实体+9,7.74,0.85,11.3,2.26,37,49,True,-1.81,-1.81,False,-1.81,1.0,False,3,封次日负,True,2025-07,2025,,,,,,二接三阴
600622.SSE,光大嘉宝,2024-01-26,二接三,2,阳,2024-01-24,1.31,-21.6,3.6,---,-9.7,,0,0,01-24,实体,0.4,0.0,5.2,01-25,实体,-0.4,0.0,5.2,实体+0→实体-0,3.09,6.41,6.0,1.67,49,90,True,7.44,-10.03,False,-10.03,1.0,False,3,封次日负,True,2024-01,2024,,,,,,二接三阳
600622.SSE,光大嘉宝,2024-02-20,二接三,2,阴,2024-02-08,-10.16,-34.0,0.0,-++,-12.6,9.0,3,3,02-08,实体,-5.0,0.0,6.6,02-19,下影,2.9,5.8,8.6,实体-5→下影+3,2.94,2.25,10.2,1.29,80,186,True,1.7,-6.12,False,-6.12,1.0,False,3,封次日负,True,2024-02,2024,,,,,,二接三阴
600622.SSE,光大嘉宝,2024-09-30,二接三,2,阳,2024-09-26,3.08,-6.5,27.2,++-,20.4,149.0,0,0,09-26,下影,-0.5,1.0,6.5,09-27,下影,5.0,1.4,7.2,下影-0→下影+5,2.67,9.88,11.4,1.77,626,107,True,10.11,6.37,False,6.37,1.0,False,3,封次日正,False,2024-09,2024,,,,,,二接三阳
600622.SSE,光大嘉宝,2024-10-08,三接四,3,阳,2024-09-26,3.08,-6.5,27.2,++-,20.4,149.0,0,0,09-26,下影,-0.5,1.0,6.5,09-27,下影,5.0,1.4,7.2,下影-0→下影+5→下影+10,2.94,10.11,12.6,1.49,352,626,False,-11.56,-12.93,False,-12.93,1.0,False,3,炸板,True,2024-10,2024,09-30,下影,9.9,11.1,11.4,三接四阳
600622.SSE,光大嘉宝,2024-10-16,三接四,3,阴,2024-10-11,-5.47,-17.7,53.2,+++,43.2,4.0,3,3,10-11,下影,-1.7,1.2,10.9,10-14,一字,10.2,0.0,1.2,下影-2→一字+10→一字+10,3.54,0.93,10.5,1.71,67,33,True,9.89,9.89,True,8.76,3.0,False,6,连板,False,2024-10,2024,10-15,一字,9.9,0.0,1.7,三接四阴
600622.SSE,光大嘉宝,2024-11-04,二接三,2,阴,2024-10-31,4.17,-5.3,184.8,+++,123.9,9.0,6,6,10-31,下影,-4.4,4.2,22.0,11-01,下影,1.0,7.7,21.0,下影-4→下影+1,6.0,2.75,24.8,1.11,122,74,False,-10.17,-8.5,False,-8.5,1.0,False,2,炸板,True,2024-11,2024,,,,,,二接三阴
600626.SSE,申达股份,2024-07-16,二接三,2,阳,2024-07-12,6.11,-23.8,9.0,---,-6.9,,0,0,07-12,下影,9.9,2.9,1.8,07-15,下影,-0.4,4.1,4.3,下影+10→下影-0,3.23,8.16,3.8,1.71,23,22,True,0.62,-7.74,False,-7.74,1.0,False,3,封次日负,True,2024-07,2024,,,,,,二接三阳
600628.SSE,新世界,2024-11-27,二接三,2,阴,2024-11-25,-2.7,-10.4,24.6,-++,1.9,,0,0,11-25,下影,0.3,0.9,5.8,11-26,下影,-0.1,2.4,8.7,下影+0→下影-0,9.1,-1.09,13.7,2.3,77,79,True,7.47,10.0,True,20.22,4.0,False,6,连板,False,2024-11,2024,,,,,,二接三阴
600628.SSE,新世界,2024-11-28,三接四,3,阴,2024-11-25,-2.7,-10.4,24.6,-++,1.9,,0,0,11-25,下影,0.3,0.9,5.8,11-26,下影,-0.1,2.4,8.7,下影+0→下影-0→下影-1,10.01,7.47,4.1,0.62,75,77,True,9.99,9.99,True,9.29,3.0,False,6,连板,False,2024-11,2024,11-27,下影,-1.1,5.9,13.7,三接四阴
600629.SSE,华建集团,2024-01-25,二接三,2,阴,2024-01-23,-6.47,-25.7,0.7,---,-12.5,,0,0,01-23,下影,1.1,1.3,2.7,01-24,一字,9.9,0.0,1.6,下影+1→一字+10,5.96,9.96,14.1,3.37,90,64,True,10.07,10.07,True,-1.01,2.0,False,4,连板,False,2024-01,2024,,,,,,二接三阴
600629.SSE,华建集团,2024-01-26,三接四,3,阴,2024-01-23,-6.47,-25.7,0.7,---,-12.5,,0,0,01-23,下影,1.1,1.3,2.7,01-24,一字,9.9,0.0,1.6,下影+1→一字+10→下影+10,6.56,10.07,6.5,1.23,49,90,True,10.06,-10.06,False,-10.06,1.0,False,4,封次日负,True,2024-01,2024,01-25,下影,10.0,5.5,14.1,三接四阴
600629.SSE,华建集团,2024-11-07,三接四,3,阴,2024-11-04,-5.37,-12.3,58.1,+++,28.9,2.0,2,2,11-04,下影,9.9,3.5,4.3,11-05,一字,10.0,0.0,0.7,下影+10→一字+10→一字+10,9.28,9.95,26.5,2.84,157,104,False,-9.81,-1.4,False,-1.4,1.0,False,3,炸板,True,2024-11,2024,11-06,一字,10.0,0.0,0.4,三接四阴
600629.SSE,华建集团,2025-09-15,二接三,2,阳,2025-09-11,1.57,-21.7,61.0,---,-14.2,37.0,3,3,09-11,实体,-0.5,0.0,4.6,09-12,下影,7.7,2.0,3.0,实体-0→下影+8,17.18,9.8,6.6,1.71,56,57,True,8.15,10.01,True,5.88,2.0,False,4,连板,False,2025-09,2025,,,,,,二接三阳
600629.SSE,华建集团,2025-09-16,三接四,3,阳,2025-09-11,1.57,-21.7,61.0,---,-14.2,37.0,3,3,09-11,实体,-0.5,0.0,4.6,09-12,下影,7.7,2.0,3.0,实体-0→下影+8→下影+10,18.9,8.15,8.3,1.66,59,56,True,1.48,-3.76,False,-3.76,1.0,False,4,封次日负,True,2025-09,2025,09-15,下影,9.8,9.0,6.6,三接四阳
600629.SSE,华建集团,2025-09-29,二接三,2,阳,2025-09-25,-0.05,-2.0,134.6,+++,40.5,7.0,4,4,09-25,下影,0.1,0.4,5.2,09-26,下影,7.8,2.2,4.2,下影+0→下影+8,26.08,9.66,3.2,0.62,46,39,True,9.59,10.01,True,8.51,2.0,False,4,连板,False,2025-09,2025,,,,,,二接三阳
600629.SSE,华建集团,2025-09-30,三接四,3,阳,2025-09-25,-0.05,-2.0,134.6,+++,40.5,7.0,4,4,09-25,下影,0.1,0.4,5.2,09-26,下影,7.8,2.2,4.2,下影+0→下影+8→下影+10,28.69,9.59,7.4,1.45,39,46,True,1.08,-1.36,False,-1.36,1.0,False,4,封次日负,True,2025-09,2025,09-29,下影,9.7,8.4,3.2,三接四阳
600630.SSE,龙头股份,2023-12-18,二接三,2,阳,2023-12-14,3.22,-16.0,66.6,++-,6.6,5.0,2,2,12-14,下影,-1.9,1.2,19.8,12-15,下影,3.6,9.2,24.9,下影-2→下影+4,12.82,8.93,6.5,0.36,29,42,True,9.98,-7.25,False,-7.25,1.0,False,3,封次日负,True,2023-12,2023,,,,,,二接三阳
600630.SSE,龙头股份,2023-12-19,三接四,3,阳,2023-12-14,3.22,-16.0,66.6,++-,6.6,5.0,2,2,12-14,下影,-1.9,1.2,19.8,12-15,下影,3.6,9.2,24.9,下影-2→下影+4→下影+9,14.1,9.98,40.9,1.81,19,29,False,-17.09,-7.23,True,7.09,3.0,False,6,炸板,True,2023-12,2023,12-18,下影,8.9,2.9,6.5,三接四阳
600630.SSE,龙头股份,2023-12-22,二接三,2,阴,2023-12-20,-7.25,-15.7,91.5,++-,27.3,2.0,3,3,12-20,实体,-1.7,0.0,19.8,12-21,下影,1.1,4.8,34.8,实体-2→下影+1,15.83,5.63,46.2,1.56,18,31,False,-4.61,4.93,True,13.71,2.0,False,4,炸板,False,2023-12,2023,,,,,,二接三阴
600635.SSE,大众公用,2024-07-29,二接三,2,阴,2024-07-25,-1.35,-7.0,11.4,+++,7.7,,0,0,07-25,实体,-0.7,0.0,4.1,07-26,下影,7.1,3.7,5.2,实体-1→下影+7,3.89,9.6,2.3,0.79,47,44,True,10.03,10.03,True,0.0,2.0,False,4,连板,False,2024-07,2024,,,,,,二接三阴
600635.SSE,大众公用,2024-10-30,三接四,3,阳,2024-10-25,0.29,-26.8,23.7,+++,19.4,56.0,4,4,10-25,一字,10.1,0.0,1.2,10-28,一字,10.0,0.0,0.4,一字+10→一字+10→一字+10,5.06,0.0,22.0,3.55,118,93,True,2.57,4.94,False,4.94,1.0,False,4,封次日正,False,2024-10,2024,10-29,一字,10.0,0.0,5.1,三接四阳
600635.SSE,大众公用,2025-09-24,二接三,2,阳,2025-09-22,5.92,-3.7,29.1,+++,19.0,221.0,0,0,09-22,下影,3.8,2.2,9.8,09-23,一字,10.0,0.0,1.6,下影+4→一字+10,6.67,10.07,29.5,2.42,64,42,False,-10.49,-14.24,False,-14.24,1.0,False,2,炸板,True,2025-09,2025,,,,,,二接三阳
600637.SSE,东方明珠,2026-01-09,二接三,2,阳,2026-01-07,1.42,-7.8,12.5,++-,-0.6,,0,0,01-07,实体,5.3,0.0,5.0,01-08,下影,6.1,1.5,4.8,实体+5→下影+6,13.32,9.99,5.2,1.37,79,77,True,9.98,9.98,True,15.54,2.0,False,4,连板,False,2026-01,2026,,,,,,二接三阳
600637.SSE,东方明珠,2026-01-12,三接四,3,阳,2026-01-07,1.42,-7.8,12.5,++-,-0.6,,0,0,01-07,实体,5.3,0.0,5.0,01-08,下影,6.1,1.5,4.8,实体+5→下影+6→下影+10,14.65,9.98,2.9,0.72,124,79,True,10.03,5.05,False,5.05,1.0,False,4,封次日正,False,2026-01,2026,01-09,下影,10.0,2.6,5.2,三接四阳
600638.SSE,新黄浦,2023-07-27,二接三,2,阴,2023-07-25,1.99,-0.9,13.0,+++,12.3,,0,0,07-25,实体,0.4,0.0,2.4,07-26,下影,6.1,6.1,6.9,实体+0→下影+6,7.52,-6.43,11.1,2.51,19,23,False,-8.64,-7.71,False,-7.71,1.0,False,2,炸板,True,2023-07,2023,,,,,,二接三阴
600639.SSE,浦东金桥,2024-01-25,二接三,2,阴,2024-01-23,-4.95,-19.4,0.5,---,-8.1,,0,0,01-23,下影,1.6,1.2,1.9,01-24,实体,4.2,0.0,4.0,下影+2→实体+4,12.25,9.96,3.8,1.76,90,64,True,10.04,10.04,True,8.98,3.0,False,5,连板,False,2024-01,2024,,,,,,二接三阴
600641.SSE,先导基电,2026-07-02,二接三,2,阴,2026-06-30,-5.28,-7.9,105.9,+++,34.7,418.0,0,0,06-30,下影,2.0,1.7,8.2,07-01,下影,3.3,1.5,13.6,下影+2→下影+3,48.24,10.01,7.4,0.74,83,130,True,-1.0,-1.51,False,-1.51,1.0,False,3,封次日负,True,2026-07,2026,,,,,,二接三阴
600643.SSE,爱建集团,2024-09-26,二接三,2,阴,2024-09-24,-0.49,-3.5,12.1,++-,5.4,,0,0,09-24,实体,0.5,0.0,1.8,09-25,一字,10.0,0.0,1.1,实体+0→一字+10,5.43,9.92,7.8,3.34,125,43,True,8.47,3.87,False,3.87,1.0,False,3,封次日正,False,2024-09,2024,,,,,,二接三阴
600643.SSE,爱建集团,2024-09-27,三接四,3,阴,2024-09-24,-0.49,-3.5,12.1,++-,5.4,,0,0,09-24,实体,0.5,0.0,1.8,09-25,一字,10.0,0.0,1.1,实体+0→一字+10→下影+10,5.97,8.47,7.9,2.08,107,125,False,-1.17,3.85,True,2.85,3.0,False,6,炸板,False,2024-09,2024,09-26,下影,9.9,7.5,7.8,三接四阴
600643.SSE,爱建集团,2025-06-27,二接三,2,阳,2025-06-25,1.36,-6.1,21.2,-++,12.1,174.0,0,0,06-25,实体,-0.4,0.0,1.8,06-26,一字,10.0,0.0,1.0,实体-0→一字+10,6.92,10.02,11.7,3.34,42,46,True,-4.62,7.23,False,7.23,1.0,False,3,封次日正,False,2025-06,2025,,,,,,二接三阳
600644.SSE,乐山电力,2025-04-17,三接四,3,阴,2025-04-14,-3.44,-5.3,25.1,+++,5.9,224.0,0,0,04-14,实体,-1.0,0.0,6.9,04-15,下影,3.5,1.7,9.4,实体-1→下影+3→一字+10,10.27,0.0,24.2,2.48,78,40,True,-5.06,4.09,False,4.09,1.0,False,4,封次日正,False,2025-04,2025,04-16,一字,10.0,0.0,2.5,三接四阴
600644.SSE,乐山电力,2025-05-22,二接三,2,阳,2025-05-20,0.4,-12.1,103.2,+-+,35.5,17.0,4,4,05-20,实体,-2.8,0.0,18.3,05-21,下影,3.3,1.5,22.3,实体-3→下影+3,16.85,0.85,27.4,1.39,32,45,False,-6.71,-13.47,False,-13.47,1.0,False,2,炸板,True,2025-05,2025,,,,,,二接三阳
600648.SSE,外高桥,2024-01-26,二接三,2,阳,2024-01-24,6.18,-13.7,7.6,---,-3.5,,0,0,01-24,下影,-0.2,0.4,2.7,01-25,下影,4.4,2.0,3.5,下影-0→下影+4,12.58,4.63,6.3,2.28,49,90,True,-0.64,-10.02,False,-10.02,1.0,False,3,封次日负,True,2024-01,2024,,,,,,二接三阳
600649.SSE,城投控股,2024-09-30,二接三,2,阳,2024-09-26,9.76,-3.9,21.2,++-,15.2,90.0,0,2,09-26,下影,-1.9,0.5,5.7,09-27,下影,4.9,2.5,5.0,下影-2→下影+5,4.94,10.02,8.1,1.61,626,107,True,7.09,1.21,False,1.21,1.0,False,3,封次日正,False,2024-09,2024,,,,,,二接三阳
600649.SSE,城投控股,2024-10-08,三接四,3,阳,2024-09-26,9.76,-3.9,21.2,++-,15.2,90.0,0,2,09-26,下影,-1.9,0.5,5.7,09-27,下影,4.9,2.5,5.0,下影-2→下影+5→下影+10,5.43,7.09,11.4,1.65,352,626,False,-11.97,-17.13,False,-17.13,1.0,False,3,炸板,True,2024-10,2024,09-30,下影,10.0,8.9,8.1,三接四阳
600650.SSE,锦江在线,2024-07-31,二接三,2,阳,2024-07-29,0.08,-10.8,91.6,+++,87.6,8.0,7,7,07-29,下影,-2.1,0.8,19.4,07-30,下影,-2.1,3.0,15.2,下影-2→下影-2,17.68,7.03,23.0,1.2,74,51,False,-23.53,-21.78,False,-21.78,1.0,False,2,炸板,True,2024-07,2024,,,,,,二接三阳
600650.SSE,锦江在线,2024-10-09,二接三,2,阳,2024-09-30,3.95,-34.6,65.8,+--,7.5,14.0,7,7,09-30,下影,6.8,3.8,10.5,10-08,下影,10.0,4.2,10.1,下影+7→下影+10,15.4,3.57,14.0,1.44,29,352,True,5.19,-5.78,False,-5.78,1.0,False,3,封次日负,True,2024-10,2024,,,,,,二接三阳
600650.SSE,锦江在线,2024-11-21,二接三,2,阴,2024-11-19,-9.71,-12.4,55.0,+++,8.7,29.0,3,7,11-19,实体,-4.5,0.0,5.2,11-20,下影,10.0,4.4,10.5,实体-5→下影+10,19.69,8.27,18.6,1.54,88,119,True,-0.91,10.01,True,-1.02,2.0,False,4,连板,False,2024-11,2024,,,,,,二接三阴
600650.SSE,锦江在线,2024-11-22,三接四,3,阴,2024-11-19,-9.71,-12.4,55.0,+++,8.7,29.0,3,7,11-19,实体,-4.5,0.0,5.2,11-20,下影,10.0,4.4,10.5,实体-5→下影+10→下影+8,21.66,-0.91,21.1,1.48,60,88,True,-0.51,-10.02,False,-10.02,1.0,False,4,封次日负,True,2024-11,2024,11-21,下影,8.3,6.7,18.6,三接四阴
600653.SSE,申华控股,2024-06-03,二接三,2,阴,2024-05-30,-10.16,-35.4,0.0,---,-17.9,,0,0,05-30,实体,-5.2,0.0,3.2,05-31,下影,1.6,0.8,3.2,实体-5→下影+2,1.54,5.71,3.4,1.21,10,18,True,7.14,9.74,True,11.69,2.0,False,4,连板,False,2024-06,2024,,,,,,二接三阴
600653.SSE,申华控股,2024-06-04,三接四,3,阴,2024-05-30,-10.16,-35.4,0.0,---,-17.9,,0,0,05-30,实体,-5.2,0.0,3.2,05-31,下影,1.6,0.8,3.2,实体-5→下影+2→下影+6,1.69,7.14,2.7,0.85,23,10,True,10.06,1.78,False,1.78,1.0,False,4,封次日正,False,2024-06,2024,06-03,下影,5.7,1.4,3.4,三接四阴
600653.SSE,申华控股,2024-10-29,三接四,3,阴,2024-10-24,-1.27,-11.4,32.5,+++,25.0,94.0,0,4,10-24,下影,-0.6,0.6,6.0,10-25,一字,9.9,0.0,1.6,下影-1→一字+10→一字+10,2.28,10.14,17.5,3.05,93,179,True,0.0,10.09,True,8.77,3.0,False,6,连板,False,2024-10,2024,10-28,一字,10.1,0.0,0.8,三接四阴
600654.SSE,中安科,2024-11-12,三接四,3,阳,2024-11-07,1.85,-6.5,34.1,+++,14.1,,0,0,11-07,下影,-0.7,1.5,2.4,11-08,一字,9.9,0.0,1.3,下影-1→一字+10→一字+10,4.03,10.11,20.3,3.56,65,108,False,-9.43,-3.47,True,20.1,5.0,False,8,炸板,True,2024-11,2024,11-11,一字,9.9,0.0,0.5,三接四阳
600654.SSE,中安科,2024-11-15,二接三,2,阴,2024-11-13,-3.28,-12.2,72.7,+++,54.6,2.0,3,3,11-13,实体,3.1,0.3,10.6,11-14,下影,9.3,5.7,9.3,实体+3→下影+9,4.71,0.47,22.3,1.77,53,27,True,9.98,9.98,True,2.76,2.0,False,4,连板,False,2024-11,2024,,,,,,二接三阴
600654.SSE,中安科,2024-11-18,三接四,3,阴,2024-11-13,-3.28,-12.2,72.7,+++,54.6,2.0,3,3,11-13,实体,3.1,0.3,10.6,11-14,下影,9.3,5.7,9.3,实体+3→下影+9→下影+0,5.18,9.98,5.1,0.37,74,53,True,5.98,-6.56,False,-6.56,1.0,False,4,封次日负,True,2024-11,2024,11-15,下影,0.5,4.7,22.3,三接四阴
600654.SSE,中安科,2026-04-08,二接三,2,阴,2026-04-03,-1.78,-20.2,5.8,+--,-5.7,333.0,0,0,04-03,下影,0.0,0.9,5.1,04-07,下影,5.8,2.7,11.2,下影+0→下影+6,4.4,0.0,11.3,1.86,108,81,True,10.0,1.82,False,1.82,1.0,False,3,封次日正,False,2026-04,2026,,,,,,二接三阴
600654.SSE,中安科,2026-04-09,三接四,3,阴,2026-04-03,-1.78,-20.2,5.8,+--,-5.7,333.0,0,0,04-03,下影,0.0,0.9,5.1,04-07,下影,5.8,2.7,11.2,下影+0→下影+6→下影+0,4.84,10.0,29.1,2.5,50,108,False,-7.44,-15.7,False,-15.7,1.0,False,3,炸板,True,2026-04,2026,04-08,下影,0.0,2.5,11.3,三接四阴
600657.SSE,信达地产,2024-09-30,二接三,2,阳,2024-09-26,2.69,-6.5,27.5,+++,20.4,,0,0,09-26,下影,-1.7,0.6,4.1,09-27,下影,5.8,3.4,3.3,下影-2→下影+6,4.57,9.88,5.7,1.54,626,107,True,10.07,2.19,False,2.19,1.0,False,3,封次日正,False,2024-09,2024,,,,,,二接三阳
600657.SSE,信达地产,2024-10-08,三接四,3,阳,2024-09-26,2.69,-6.5,27.5,+++,20.4,,0,0,09-26,下影,-1.7,0.6,4.1,09-27,下影,5.8,3.4,3.3,下影-2→下影+6→下影+10,5.03,10.07,6.3,1.36,352,626,False,-14.51,-16.5,False,-16.5,1.0,False,3,炸板,True,2024-10,2024,09-30,下影,9.9,9.9,5.7,三接四阳
600657.SSE,信达地产,2024-10-16,二接三,2,阳,2024-10-14,0.75,-19.5,50.6,+++,38.7,5.0,3,3,10-14,一字,10.1,0.0,1.3,10-15,下影,5.4,2.2,7.5,一字+10→下影+5,5.4,-0.81,6.8,1.6,67,33,True,1.85,-3.7,False,-3.7,1.0,False,3,封次日负,True,2024-10,2024,,,,,,二接三阳
600657.SSE,信达地产,2026-09-04,二接三,2,阳,2026-09-02,3.36,-6.4,23.7,+++,5.7,459.0,0,0,09-02,下影,2.2,5.1,4.4,09-03,下影,-1.0,5.9,4.7,下影+2→下影-1,3.7,-1.79,8.8,1.9,38,42,False,,,False,,,True,18,未完,,2026-09,2026,,,,,,二接三阳
600658.SSE,电子城,2023-11-22,二接三,2,阳,2023-11-20,0.43,-21.2,10.2,+++,6.2,,0,0,11-20,一字,10.1,0.0,0.7,11-21,一字,9.9,0.0,1.8,一字+10→一字+10,6.2,9.93,11.6,3.85,44,45,False,-14.68,-15.16,False,-15.16,1.0,False,2,炸板,True,2023-11,2023,,,,,,二接三阳
600658.SSE,电子城,2024-09-19,二接三,2,阳,2024-09-13,1.7,-17.2,7.2,++-,-4.5,200.0,0,0,09-13,一字,10.0,0.0,0.7,09-18,下影,5.8,6.7,5.2,一字+10→下影+6,3.98,0.0,4.1,1.83,46,21,True,0.5,10.05,True,-0.25,2.0,False,4,连板,False,2024-09,2024,,,,,,二接三阳
600658.SSE,电子城,2024-09-20,三接四,3,阳,2024-09-13,1.7,-17.2,7.2,++-,-4.5,200.0,0,0,09-13,一字,10.0,0.0,0.7,09-18,下影,5.8,6.7,5.2,一字+10→下影+6→下影+0,4.38,0.5,11.6,2.61,40,46,True,-7.53,-9.36,False,-9.36,1.0,False,4,封次日负,True,2024-09,2024,09-19,下影,0.0,3.3,4.1,三接四阳
600658.SSE,电子城,2024-10-28,二接三,2,阳,2024-10-24,4.43,-7.3,68.8,+++,30.1,19.0,4,4,10-24,下影,-0.8,0.6,7.3,10-25,下影,3.3,1.0,8.8,下影-1→下影+3,6.27,1.93,11.7,1.59,179,121,True,-4.31,-7.18,False,-7.18,1.0,False,3,封次日负,True,2024-10,2024,,,,,,二接三阳
600658.SSE,电子城,2025-08-14,二接三,2,阴,2025-08-12,0.77,-3.7,24.3,+++,11.5,194.0,0,0,08-12,下影,5.4,1.7,11.2,08-13,下影,9.4,3.7,4.7,下影+5→下影+9,6.94,7.45,22.7,2.62,40,80,True,-2.02,-1.44,False,-1.44,1.0,False,3,封次日负,True,2025-08,2025,,,,,,二接三阴
600661.SSE,昂立教育,2023-12-05,二接三,2,阳,2023-12-01,0.97,-2.8,20.0,-++,6.6,,0,0,12-01,下影,0.4,1.2,4.9,12-04,下影,10.0,7.2,5.9,下影+0→下影+10,12.47,1.41,8.0,1.98,32,47,True,-3.77,10.02,True,8.9,3.0,False,5,连板,False,2023-12,2023,,,,,,二接三阳
600661.SSE,昂立教育,2023-12-06,三接四,3,阳,2023-12-01,0.97,-2.8,20.0,-++,6.6,,0,0,12-01,下影,0.4,1.2,4.9,12-04,下影,10.0,7.2,5.9,下影+0→下影+10→实体+1,13.72,-3.77,19.0,2.46,33,32,True,2.99,9.99,True,-1.02,2.0,False,5,连板,False,2023-12,2023,12-05,实体,1.4,0.0,8.0,三接四阳
600661.SSE,昂立教育,2024-02-21,二接三,2,阳,2024-02-19,8.14,-49.8,26.4,---,-27.6,45.0,5,5,02-19,一字,10.0,0.0,1.5,02-20,一字,10.0,0.0,0.6,一字+10→一字+10,10.08,8.84,16.4,1.92,93,80,False,-7.64,1.19,False,1.19,1.0,False,2,炸板,False,2024-02,2024,,,,,,二接三阳
600661.SSE,昂立教育,2024-08-07,二接三,2,阴,2024-08-05,-3.1,-30.3,12.8,+--,-7.9,113.0,0,2,08-05,下影,6.2,3.0,8.0,08-06,下影,2.7,6.0,12.4,下影+6→下影+3,12.91,4.77,19.6,1.95,42,46,True,-9.99,-9.99,False,-9.99,1.0,False,3,封次日负,True,2024-08,2024,,,,,,二接三阴
600662.SSE,外服控股,2026-01-15,二接三,2,阳,2026-01-13,1.38,-7.4,3.4,+--,0.2,,0,0,01-13,实体,1.7,0.0,1.9,01-14,下影,1.6,0.9,3.3,实体+2→下影+2,6.88,9.12,6.4,2.49,51,79,True,-9.16,-10.03,False,-10.03,1.0,False,3,封次日负,True,2026-01,2026,,,,,,二接三阳
600664.SSE,哈药股份,2026-04-16,二接三,2,阴,2026-04-14,-2.39,-10.3,14.7,++-,2.2,305.0,0,0,04-14,下影,0.8,2.2,10.2,04-15,下影,5.9,6.7,18.2,下影+1→下影+6,4.88,5.86,24.2,1.86,68,53,False,-12.91,-14.55,False,-14.55,1.0,False,2,炸板,True,2026-04,2026,,,,,,二接三阴
600664.SSE,哈药股份,2026-07-14,二接三,2,阳,2026-07-10,-0.97,-37.3,7.7,+--,-1.6,58.0,2,2,07-10,实体,8.8,0.0,4.0,07-13,下影,4.2,1.8,8.0,实体+9→下影+4,4.08,2.43,17.5,2.69,71,25,True,5.88,10.05,True,30.64,3.0,False,5,连板,False,2026-07,2026,,,,,,二接三阳
600664.SSE,哈药股份,2026-07-15,三接四,3,阳,2026-07-10,-0.97,-37.3,7.7,+--,-1.6,58.0,2,2,07-10,实体,8.8,0.0,4.0,07-13,下影,4.2,1.8,8.0,实体+9→下影+4→下影+2,4.49,5.88,4.4,0.63,65,71,True,10.02,10.02,True,18.71,2.0,False,5,连板,False,2026-07,2026,07-14,下影,2.4,4.3,17.5,三接四阳
600664.SSE,哈药股份,2026-08-11,二接三,2,阴,2026-08-07,-8.12,-10.1,119.0,+++,103.3,16.0,5,5,08-07,下影,6.9,3.2,10.7,08-10,下影,9.9,1.8,5.2,下影+7→下影+10,8.27,3.19,27.0,1.63,53,93,True,0.0,6.53,False,6.53,1.0,False,3,封次日正,False,2026-08,2026,,,,,,二接三阴
600665.SSE,天地源,2024-05-17,二接三,2,阴,2024-05-15,-1.11,-14.4,30.2,++-,-0.4,,0,0,05-15,实体,-0.4,0.0,4.1,05-16,下影,5.8,5.4,10.6,实体-0→下影+6,3.55,7.74,16.0,1.67,61,30,True,-4.23,-9.86,False,-9.86,1.0,False,3,封次日负,True,2024-05,2024,,,,,,二接三阴
600666.SSE,奥瑞德,2024-10-09,二接三,2,阳,2024-09-30,3.31,-5.5,23.8,++-,13.0,,0,0,09-30,下影,3.2,1.9,5.5,10-08,下影,9.9,8.1,5.6,下影+3→下影+10,2.08,2.65,9.0,1.85,29,352,False,-5.29,3.37,True,-6.73,2.0,False,4,炸板,False,2024-10,2024,,,,,,二接三阳
600666.SSE,奥瑞德,2024-11-11,二接三,2,阴,2024-11-07,-0.85,-11.8,84.1,-++,19.0,22.0,2,2,11-07,下影,-1.7,0.4,9.4,11-08,下影,5.1,2.0,9.5,下影-2→下影+5,3.09,2.49,16.8,1.88,108,95,False,-6.15,-12.3,False,-12.3,1.0,False,2,炸板,True,2024-11,2024,,,,,,二接三阴
600666.SSE,奥瑞德,2025-02-11,二接三,2,阳,2025-02-07,1.33,-30.7,8.1,---,-10.2,58.0,2,2,02-07,下影,1.3,0.4,3.2,02-10,一字,10.0,0.0,1.0,下影+1→一字+10,3.04,10.14,19.6,3.28,57,85,True,-2.3,-0.33,False,-0.33,1.0,False,3,封次日负,True,2025-02,2025,,,,,,二接三阳
600666.SSE,奥瑞德,2026-03-26,二接三,2,阳,2026-03-24,-0.68,-10.7,36.3,+++,11.2,3.0,2,2,03-24,下影,1.4,0.5,15.7,03-25,一字,10.0,0.0,2.7,下影+1→一字+10,5.81,10.04,42.9,2.0,36,78,False,-8.43,4.65,True,7.4,2.0,False,4,炸板,False,2026-03,2026,,,,,,二接三阳
600667.SSE,太极实业,2026-06-26,二接三,2,阴,2026-06-24,-7.31,-8.8,145.5,+++,56.8,394.0,0,0,06-24,实体,-2.1,0.0,10.2,06-25,一字,10.0,0.0,0.7,实体-2→一字+10,27.84,3.87,25.2,1.79,51,77,False,0.0,4.17,False,4.17,1.0,False,2,炸板,False,2026-06,2026,,,,,,二接三阴
600676.SSE,久事动娱,2024-07-19,三接四,3,阴,2024-07-16,-2.88,-19.1,14.7,++-,6.3,266.0,0,0,07-16,下影,3.6,3.6,1.6,07-17,一字,9.9,0.0,0.7,下影+4→一字+10→一字+10,4.44,6.68,13.7,3.64,24,29,False,-15.77,-15.77,False,-15.77,1.0,False,3,炸板,True,2024-07,2024,07-18,一字,10.1,0.0,0.7,三接四阴
600676.SSE,久事动娱,2024-07-29,二接三,2,阴,2024-07-25,-9.89,-24.1,27.2,+++,19.9,5.0,3,3,07-25,实体,-2.7,0.0,6.5,07-26,下影,2.7,2.7,6.8,实体-3→下影+3,4.49,7.84,4.2,0.68,47,44,True,8.91,10.02,True,4.01,2.0,False,4,连板,False,2024-07,2024,,,,,,二接三阴
600676.SSE,久事动娱,2024-07-30,三接四,3,阴,2024-07-25,-9.89,-24.1,27.2,+++,19.9,5.0,3,3,07-25,实体,-2.7,0.0,6.5,07-26,下影,2.7,2.7,6.8,实体-3→下影+3→下影+8,4.94,8.91,11.0,1.64,51,47,True,1.21,-5.47,False,-5.47,1.0,False,4,封次日负,True,2024-07,2024,07-29,下影,7.8,2.7,4.2,三接四阴
600676.SSE,久事动娱,2024-11-19,二接三,2,阴,2024-11-15,-6.57,-11.1,50.2,+++,28.5,71.0,0,4,11-15,下影,0.0,0.7,6.4,11-18,一字,10.0,0.0,1.4,下影+0→一字+10,6.06,0.0,20.7,2.41,79,74,True,-5.94,1.98,False,1.98,1.0,False,3,封次日正,False,2024-11,2024,,,,,,二接三阴
600676.SSE,久事动娱,2025-06-03,二接三,2,阴,2025-05-29,-0.45,-4.6,31.1,-++,8.1,126.0,0,0,05-29,实体,-0.5,0.0,4.3,05-30,下影,6.6,2.7,11.6,实体-0→下影+7,5.83,-3.58,20.0,2.65,57,32,False,-9.95,-14.92,False,-14.92,1.0,False,2,炸板,True,2025-06,2025,,,,,,二接三阴
600676.SSE,久事动娱,2026-01-14,三接四,3,阳,2026-01-09,3.18,-14.2,12.8,++-,4.9,151.0,0,0,01-09,下影,0.5,0.5,4.6,01-12,一字,10.0,0.0,0.5,下影+0→一字+10→一字+10,9.04,9.98,15.0,3.28,79,52,False,-0.55,2.43,False,2.43,1.0,False,3,炸板,False,2026-01,2026,01-13,一字,10.0,0.0,0.4,三接四阳
600679.SSE,上海凤凰,2023-11-09,二接三,2,阴,2023-11-07,-0.58,-8.2,11.4,+++,5.1,,0,0,11-07,下影,0.0,0.7,2.2,11-08,一字,10.0,0.0,2.7,下影+0→一字+10,11.46,9.98,17.1,3.56,25,41,False,-14.22,-14.22,False,-14.22,1.0,False,2,炸板,True,2023-11,2023,,,,,,二接三阴
600679.SSE,上海凤凰,2024-12-16,二接三,2,阳,2024-12-12,5.56,-9.7,29.7,-+-,-5.1,209.0,0,0,12-12,下影,-0.5,0.7,12.8,12-13,下影,0.1,5.2,16.6,下影-1→下影+0,15.69,7.99,16.7,1.57,89,84,True,-0.89,10.01,True,19.82,4.0,False,6,连板,False,2024-12,2024,,,,,,二接三阳
600679.SSE,上海凤凰,2024-12-17,三接四,3,阳,2024-12-12,5.56,-9.7,29.7,-+-,-5.1,209.0,0,0,12-12,下影,-0.5,0.7,12.8,12-13,下影,0.1,5.2,16.6,下影-1→下影+0→下影+8,17.26,-0.89,18.7,1.34,25,89,True,-0.17,10.02,True,8.92,3.0,False,6,连板,False,2024-12,2024,12-16,下影,8.0,6.3,16.7,三接四阳
600682.SSE,南京新百,2024-05-10,二接三,2,阳,2024-05-08,0.17,-11.0,14.5,+--,-2.8,,0,0,05-08,下影,6.2,0.9,3.8,05-09,下影,3.6,2.3,7.0,下影+6→下影+4,7.79,6.21,11.6,2.36,29,38,False,-6.93,3.85,False,3.85,1.0,False,2,炸板,False,2024-05,2024,,,,,,二接三阳
600683.SSE,京投发展,2023-06-08,二接三,2,阴,2023-06-06,4.39,-4.0,25.2,+++,13.0,,0,0,06-06,下影,0.0,1.8,13.6,06-07,实体,0.3,0.2,8.7,下影+0→实体+0,7.28,4.08,3.9,0.5,26,45,True,10.03,6.59,False,6.59,1.0,False,3,封次日正,False,2023-06,2023,,,,,,二接三阴
600683.SSE,京投发展,2023-06-09,三接四,3,阴,2023-06-06,4.39,-4.0,25.2,+++,13.0,,0,0,06-06,下影,0.0,1.8,13.6,06-07,实体,0.3,0.2,8.7,下影+0→实体+0→下影+4,8.01,10.03,18.6,1.72,57,26,False,-10.11,-10.24,False,-10.24,1.0,False,3,炸板,True,2023-06,2023,06-08,下影,4.1,2.0,3.9,三接四阴
600683.SSE,京投发展,2024-03-26,二接三,2,阳,2024-03-22,0.98,-22.6,24.3,+++,3.0,152.0,0,0,03-22,下影,0.2,0.5,7.0,03-25,下影,0.0,3.3,13.0,下影+0→下影+0,5.51,-4.19,14.3,1.89,50,36,True,0.36,9.98,True,5.26,2.0,False,4,连板,False,2024-03,2024,,,,,,二接三阳
600683.SSE,京投发展,2024-03-27,三接四,3,阳,2024-03-22,0.98,-22.6,24.3,+++,3.0,152.0,0,0,03-22,下影,0.2,0.5,7.0,03-25,下影,0.0,3.3,13.0,下影+0→下影+0→下影-4,6.06,0.36,15.0,1.47,39,50,True,0.0,-4.29,False,-4.29,1.0,False,4,封次日负,True,2024-03,2024,03-26,下影,-4.2,0.8,14.3,三接四阳
600683.SSE,京投发展,2025-10-31,二接三,2,阳,2025-10-29,1.34,-5.2,16.4,++-,7.8,384.0,0,0,10-29,下影,0.7,2.2,5.0,10-30,下影,9.8,2.8,4.3,下影+1→下影+10,6.04,0.18,16.4,2.51,47,42,False,-14.57,-14.57,False,-14.57,1.0,False,2,炸板,True,2025-10,2025,,,,,,二接三阳
600683.SSE,京投发展,2026-02-05,二接三,2,阳,2026-02-03,1.23,-13.0,18.4,+++,15.9,66.0,0,2,02-03,一字,10.1,0.0,1.2,02-04,下影,10.1,11.0,11.9,一字+10→下影+10,6.6,0.0,9.3,1.53,37,57,True,0.0,-8.33,False,-8.33,1.0,False,3,封次日负,True,2026-02,2026,,,,,,二接三阳
600683.SSE,京投发展,2026-03-17,二接三,2,阳,2026-03-13,6.7,-1.4,90.4,+++,32.7,20.0,3,3,03-13,下影,-0.6,1.4,5.9,03-16,下影,9.4,6.3,3.3,下影-1→下影+9,10.6,9.96,6.2,0.99,33,39,True,3.77,0.38,False,0.38,1.0,False,3,封次日正,False,2026-03,2026,,,,,,二接三阳
600683.SSE,京投发展,2026-04-17,二接三,2,阴,2026-04-15,0.78,-21.4,115.0,--+,-6.5,20.0,3,3,04-15,下影,0.8,1.9,4.0,04-16,下影,4.9,2.0,3.3,下影+1→下影+5,11.99,9.91,3.7,1.09,57,68,True,4.34,0.5,False,0.5,1.0,False,3,封次日正,False,2026-04,2026,,,,,,二接三阴
600683.SSE,京投发展,2026-05-12,二接三,2,阳,2026-05-08,4.61,-1.5,231.1,+++,74.4,12.0,3,3,05-08,实体,1.0,0.0,4.8,05-11,下影,10.0,3.8,6.5,实体+1→下影+10,20.85,9.76,11.5,1.73,50,76,True,-0.24,-7.63,False,-7.63,1.0,False,3,封次日负,True,2026-05,2026,,,,,,二接三阳
600684.SSE,珠江股份,2023-08-29,二接三,2,阴,2023-08-25,0.99,-15.4,32.9,--+,9.7,,0,0,08-25,下影,1.0,0.5,4.2,08-28,一字,10.0,0.0,0.8,下影+1→一字+10,5.43,9.92,24.4,3.34,51,28,True,-5.16,-6.45,False,-6.45,1.0,False,3,封次日负,True,2023-08,2023,,,,,,二接三阴
600686.SSE,金龙汽车,2024-07-29,二接三,2,阴,2024-07-25,-7.83,-12.2,69.0,+++,57.1,2.0,2,2,07-25,实体,3.7,0.0,10.7,07-26,下影,8.0,13.3,29.0,实体+4→下影+8,15.52,4.89,11.6,0.66,47,44,True,-0.13,9.99,True,1.22,2.0,False,4,连板,False,2024-07,2024,,,,,,二接三阴
600686.SSE,金龙汽车,2024-07-30,三接四,3,阴,2024-07-25,-7.83,-12.2,69.0,+++,57.1,2.0,2,2,07-25,实体,3.7,0.0,10.7,07-26,下影,8.0,13.3,29.0,实体+4→下影+8→实体+5,17.07,-0.13,30.1,1.4,51,47,True,-1.99,-7.97,False,-7.97,1.0,False,4,封次日负,True,2024-07,2024,07-29,实体,4.9,0.1,11.6,三接四阴
600686.SSE,金龙汽车,2024-08-15,二接三,2,阴,2024-08-13,-7.18,-22.5,115.4,-++,66.0,10.0,4,4,08-13,下影,-3.1,6.7,26.4,08-14,下影,5.2,1.5,17.6,下影-3→下影+5,19.79,-0.56,28.8,1.17,31,25,True,-7.02,-10.01,False,-10.01,1.0,False,3,封次日负,True,2024-08,2024,,,,,,二接三阴
600688.SSE,上海石化,2026-06-05,二接三,2,阳,2026-06-03,1.09,-27.9,3.3,--+,-10.3,62.0,0,2,06-03,一字,10.0,0.0,0.6,06-04,下影,10.1,2.0,2.4,一字+10→下影+10,3.72,8.88,10.1,3.45,63,65,False,-11.02,-11.83,False,-11.83,1.0,False,2,炸板,True,2026-06,2026,,,,,,二接三阳
600689.SSE,上海三毛,2023-08-17,二接三,2,阳,2023-08-15,1.7,-15.4,12.8,-++,-0.2,,0,0,08-15,下影,1.7,0.3,6.4,08-16,下影,5.1,3.3,16.0,下影+2→下影+5,12.75,6.99,31.4,2.73,25,17,False,-9.57,-14.82,False,-14.82,1.0,False,2,炸板,True,2023-08,2023,,,,,,二接三阳
600691.SSE,潞化科技,2026-03-16,二接三,2,阳,2026-03-12,3.1,-8.0,34.1,+++,20.0,,0,0,03-12,实体,6.6,0.0,4.1,03-13,下影,9.9,2.5,3.0,实体+7→下影+10,4.87,8.35,16.0,2.48,39,52,False,-13.76,-3.08,True,-9.24,2.0,False,4,炸板,True,2026-03,2026,,,,,,二接三阳
600691.SSE,潞化科技,2026-09-01,二接三,2,阳,2026-08-28,0.0,-3.3,24.8,+++,11.3,115.0,0,2,08-28,下影,0.0,0.7,3.4,08-31,下影,4.8,2.4,5.8,下影+0→下影+5,3.55,-1.24,10.8,2.32,74,78,False,-7.04,-11.83,False,-11.83,1.0,False,2,炸板,True,2026-09,2026,,,,,,二接三阳
600692.SSE,亚通股份,2024-08-01,二接三,2,阳,2024-07-30,4.93,-5.9,25.8,-++,3.8,146.0,0,0,07-30,下影,4.3,2.4,10.6,07-31,一字,10.0,0.0,2.3,下影+4→一字+10,7.66,10.06,44.3,3.06,50,74,True,-6.01,-10.05,False,-10.05,1.0,False,3,封次日负,True,2024-08,2024,,,,,,二接三阳
600692.SSE,亚通股份,2024-11-08,二接三,2,阳,2024-11-06,2.51,-7.2,32.1,+++,0.9,62.0,0,3,11-06,下影,0.0,2.0,19.6,11-07,下影,4.7,2.5,12.2,下影+0→下影+5,8.7,9.99,36.5,2.37,95,157,True,-2.76,3.91,False,3.91,1.0,False,3,封次日正,False,2024-11,2024,,,,,,二接三阳
600693.SSE,东百集团,2024-12-12,二接三,2,阴,2024-12-10,-2.02,-6.7,39.4,+++,8.7,,0,0,12-10,下影,3.9,0.8,9.1,12-11,下影,-2.1,1.6,12.9,下影+4→下影-2,5.18,5.94,10.0,1.4,119,119,False,4.25,-4.25,False,-4.25,1.0,False,2,炸板,True,2024-12,2024,,,,,,二接三阴
600693.SSE,东百集团,2024-12-27,二接三,2,阴,2024-12-25,-4.62,-20.5,44.2,-++,15.4,10.0,2,2,12-25,下影,-0.7,6.0,10.4,12-26,下影,-0.2,1.5,16.0,下影-1→下影-0,5.78,-2.86,18.5,1.47,61,79,True,2.08,10.03,True,31.83,5.0,False,7,连板,False,2024-12,2024,,,,,,二接三阴
600693.SSE,东百集团,2024-12-30,三接四,3,阴,2024-12-25,-4.62,-20.5,44.2,-++,15.4,10.0,2,2,12-25,下影,-0.7,6.0,10.4,12-26,下影,-0.2,1.5,16.0,下影-1→下影-0→下影-3,6.36,2.08,17.6,1.25,36,61,True,-4.09,10.06,True,19.81,4.0,False,7,连板,False,2024-12,2024,12-27,下影,-2.9,3.4,18.5,三接四阴
600693.SSE,东百集团,2025-03-03,二接三,2,阳,2025-02-27,0.9,-37.8,53.8,---,-31.0,33.0,7,7,02-27,下影,0.0,0.4,14.1,02-28,下影,0.0,0.8,19.1,下影+0→下影+0,7.46,-1.77,21.9,1.61,51,32,False,-10.19,-14.21,False,-14.21,1.0,False,2,炸板,True,2025-03,2025,,,,,,二接三阳
600693.SSE,东百集团,2025-11-12,二接三,2,阳,2025-11-10,1.64,-5.1,20.0,+++,16.0,143.0,0,0,11-10,下影,-1.8,1.2,13.2,11-11,一字,10.0,0.0,1.2,下影-2→一字+10,9.09,9.93,8.1,0.82,48,52,True,6.27,10.01,True,28.71,3.0,False,5,连板,False,2025-11,2025,,,,,,二接三阳
600693.SSE,东百集团,2025-11-13,三接四,3,阳,2025-11-10,1.64,-5.1,20.0,+++,16.0,143.0,0,0,11-10,下影,-1.8,1.2,13.2,11-11,一字,10.0,0.0,1.2,下影-2→一字+10→下影+10,10.0,6.27,24.3,2.08,73,48,True,-1.8,10.0,True,17.0,2.0,False,5,连板,False,2025-11,2025,11-12,下影,9.9,1.9,8.1,三接四阳
600694.SSE,大商股份,2024-12-13,二接三,2,阳,2024-12-11,3.32,-11.1,50.1,+++,12.2,,0,0,12-11,实体,1.9,0.0,6.9,12-12,下影,9.6,2.5,9.3,实体+2→下影+10,29.03,7.58,24.0,2.55,84,119,False,-6.99,-7.99,False,-7.99,1.0,False,2,炸板,True,2024-12,2024,,,,,,二接三阳
600697.SSE,欧亚集团,2025-04-11,二接三,2,阳,2025-04-09,5.47,-10.4,5.9,--+,-4.1,314.0,0,0,04-09,下影,-0.6,4.8,14.0,04-10,一字,10.0,0.0,2.6,下影-1→一字+10,14.11,9.98,17.5,1.95,64,125,True,-9.28,-6.38,False,-6.38,1.0,False,3,封次日负,True,2025-04,2025,,,,,,二接三阳
600697.SSE,欧亚集团,2025-09-05,二接三,2,阴,2025-09-03,-0.31,-2.7,12.7,-++,1.9,99.0,0,3,09-03,下影,0.4,1.1,11.9,09-04,下影,-0.2,4.2,34.2,下影+0→下影-0,17.08,5.6,46.1,2.14,71,33,False,-15.05,-15.34,False,-15.34,1.0,False,2,炸板,True,2025-09,2025,,,,,,二接三阴
600698.SSE,湖南天雁,2023-11-29,二接三,2,阴,2023-11-27,-1.25,-4.6,30.9,+++,19.6,,0,0,11-27,一字,10.1,0.0,2.5,11-28,下影,6.4,4.6,12.8,一字+10→下影+6,7.39,4.91,20.2,1.72,25,34,False,-17.19,-16.91,False,-16.91,1.0,False,2,炸板,True,2023-11,2023,,,,,,二接三阴
600698.SSE,湖南天雁,2025-05-21,二接三,2,阳,2025-05-19,3.27,-20.8,34.1,+++,13.7,165.0,0,0,05-19,下影,6.6,4.2,5.4,05-20,一字,10.0,0.0,0.9,下影+7→一字+10,8.83,9.96,6.7,1.53,45,61,True,-1.02,-9.97,False,-9.97,1.0,False,3,封次日负,True,2025-05,2025,,,,,,二接三阳
600698.SSE,湖南天雁,2025-08-07,二接三,2,阳,2025-08-05,5.67,-13.4,70.2,+-+,-1.8,28.0,3,3,08-05,实体,0.6,0.1,17.9,08-06,下影,4.3,2.7,8.9,实体+1→下影+4,14.39,10.02,26.9,1.8,47,46,False,-9.94,-11.4,False,-11.4,1.0,False,2,炸板,True,2025-08,2025,,,,,,二接三阳
600698.SSE,湖南天雁,2026-03-26,二接三,2,阴,2026-03-24,-4.92,-28.2,0.4,---,-18.4,150.0,0,0,03-24,下影,1.8,1.0,2.9,03-25,下影,0.8,0.8,5.6,下影+2→下影+1,9.0,6.72,11.2,2.5,36,78,False,-6.67,-2.33,False,-2.33,1.0,False,2,炸板,True,2026-03,2026,,,,,,二接三阴
600705.SSE,中航产融,2024-09-26,二接三,2,阳,2024-09-24,-0.42,-5.9,13.8,+++,10.1,159.0,0,0,09-24,下影,2.1,1.3,2.0,09-25,一字,9.9,0.0,0.6,下影+2→一字+10,3.18,3.11,8.1,3.18,125,43,True,3.77,5.66,False,5.66,1.0,False,3,封次日正,False,2024-09,2024,,,,,,二接三阳
600705.SSE,中航产融,2024-09-27,三接四,3,阳,2024-09-24,-0.42,-5.9,13.8,+++,10.1,159.0,0,0,09-24,下影,2.1,1.3,2.0,09-25,一字,9.9,0.0,0.6,下影+2→一字+10→下影+3,3.5,3.77,6.6,1.84,107,125,False,3.14,5.71,True,4.57,3.0,False,6,炸板,False,2024-09,2024,09-26,下影,3.1,3.1,8.1,三接四阳
600706.SSE,曲江文旅,2023-04-12,二接三,2,阳,2023-04-10,1.25,,,,,,0,0,04-10,实体,0.2,0.2,17.4,04-11,下影,10.0,2.3,9.0,实体+0→下影+10,17.3,9.6,18.0,1.55,43,24,True,5.78,10.0,True,15.61,3.0,False,5,连板,False,2023-04,2023,,,,,,二接三阳
600706.SSE,曲江文旅,2023-04-13,三接四,3,阳,2023-04-10,1.25,,,,,,0,0,04-10,实体,0.2,0.2,17.4,04-11,下影,10.0,2.3,9.0,实体+0→下影+10→下影+10,19.03,5.78,9.0,0.76,22,43,True,9.98,9.98,True,5.1,2.0,False,5,连板,False,2023-04,2023,04-12,下影,9.6,3.4,18.0,三接四阳
600706.SSE,曲江文旅,2024-12-16,二接三,2,阳,2024-12-12,4.0,-5.0,41.0,++-,2.9,403.0,0,0,12-12,实体,-1.0,0.2,11.5,12-13,下影,0.0,0.7,25.5,实体-1→下影+0,14.52,4.47,25.6,1.75,89,84,False,-10.54,-15.91,False,-15.91,1.0,False,2,炸板,True,2024-12,2024,,,,,,二接三阳
600708.SSE,光明地产,2024-01-29,二接三,2,阳,2024-01-25,6.03,-16.9,10.5,---,-0.9,,0,0,01-25,下影,0.5,0.5,3.9,01-26,下影,3.4,3.4,4.6,下影+0→下影+3,2.81,7.84,4.6,1.37,25,49,True,-2.85,-9.96,False,-9.96,1.0,False,3,封次日负,True,2024-01,2024,,,,,,二接三阳
600714.SSE,金瑞矿业,2024-05-21,二接三,2,阳,2024-05-17,0.92,-16.9,56.4,-+-,2.1,59.0,2,2,05-17,下影,0.7,1.3,3.6,05-20,一字,10.0,0.0,2.1,下影+1→一字+10,10.19,10.04,4.7,1.9,16,36,True,10.01,10.01,True,8.44,2.0,False,4,连板,False,2024-05,2024,,,,,,二接三阳
600714.SSE,金瑞矿业,2025-01-17,二接三,2,阳,2025-01-15,1.54,-2.3,27.2,++-,6.0,161.0,0,0,01-15,实体,-0.5,0.0,6.3,01-16,一字,10.0,0.0,1.5,实体-0→一字+10,14.06,10.02,22.7,2.44,47,59,True,-7.25,-10.03,False,-10.03,1.0,False,3,封次日负,True,2025-01,2025,,,,,,二接三阳
600715.SSE,文投控股,2023-12-08,二接三,2,阴,2023-12-06,-1.75,-3.0,13.6,-++,0.4,,0,0,12-06,下影,0.0,1.8,5.5,12-07,一字,10.1,0.0,1.2,下影+0→一字+10,3.0,9.89,8.1,2.21,27,33,True,3.33,10.0,True,22.33,4.0,False,6,连板,False,2023-12,2023,,,,,,二接三阴
600715.SSE,文投控股,2023-12-11,三接四,3,阴,2023-12-06,-1.75,-3.0,13.6,-++,0.4,,0,0,12-06,下影,0.0,1.8,5.5,12-07,一字,10.1,0.0,1.2,下影+0→一字+10→下影+10,3.3,3.33,11.0,2.02,33,27,True,10.0,10.0,True,11.21,3.0,False,6,连板,False,2023-12,2023,12-08,下影,9.9,2.9,8.1,三接四阴
600715.SSE,文投控股,2024-02-26,二接三,2,阳,2024-02-22,7.14,-64.3,44.2,---,-37.8,44.0,6,6,02-22,下影,-1.3,3.3,10.8,02-23,下影,3.0,4.2,10.1,下影-1→下影+3,2.0,8.79,14.4,1.31,72,79,True,0.0,-3.0,False,-3.0,1.0,False,3,封次日负,True,2024-02,2024,,,,,,二接三阳
600715.SSE,文投控股,2024-03-05,二接三,2,阳,2024-03-01,0.57,-58.1,69.2,+--,-21.1,4.0,6,6,03-01,一字,10.2,0.0,3.7,03-04,一字,9.8,0.0,1.0,一字+10→一字+10,2.34,9.86,16.2,1.93,38,61,True,0.43,9.83,True,8.97,3.0,False,5,连板,False,2024-03,2024,,,,,,二接三阳
600715.SSE,文投控股,2024-03-06,三接四,3,阳,2024-03-01,0.57,-58.1,69.2,+--,-21.1,4.0,6,6,03-01,一字,10.2,0.0,3.7,03-04,一字,9.8,0.0,1.0,一字+10→一字+10→下影+10,2.57,0.43,17.1,1.82,63,38,True,0.39,10.12,True,-0.78,2.0,False,5,连板,False,2024-03,2024,03-05,下影,9.9,9.9,16.2,三接四阳
600719.SSE,大连热电,2023-05-26,二接三,2,阴,2023-05-24,-2.05,-7.6,20.1,++-,8.2,,0,0,05-24,下影,-1.0,0.4,9.8,05-25,下影,6.7,3.1,9.5,下影-1→下影+7,7.01,10.05,25.2,1.96,39,36,False,-17.12,-12.41,False,-12.41,1.0,False,2,炸板,True,2023-05,2023,,,,,,二接三阴
600719.SSE,大连热电,2024-05-28,二接三,2,阳,2024-05-24,4.12,-4.9,31.9,+++,28.3,208.0,0,0,05-24,实体,1.7,0.1,8.0,05-27,下影,7.5,2.8,20.7,实体+2→下影+7,11.78,-1.03,16.0,1.32,18,30,True,0.0,-3.23,False,-3.23,1.0,False,3,封次日负,True,2024-05,2024,,,,,,二接三阳
600719.SSE,大连热电,2024-09-19,二接三,2,阳,2024-09-13,0.63,-54.5,1.1,---,-28.3,77.0,0,3,09-13,下影,1.3,1.5,10.2,09-18,下影,1.9,1.0,19.1,下影+1→下影+2,6.36,-1.04,17.2,1.65,46,21,True,2.04,6.92,False,6.92,1.0,False,3,封次日正,False,2024-09,2024,,,,,,二接三阳
600721.SSE,百花医药,2023-10-13,二接三,2,阴,2023-10-11,-4.85,-12.0,16.6,+++,4.7,,0,0,10-11,实体,0.0,0.0,6.3,10-12,一字,10.0,0.0,2.5,实体+0→一字+10,10.19,10.04,12.8,1.79,28,27,True,10.01,10.01,True,-0.98,2.0,False,4,连板,False,2023-10,2023,,,,,,二接三阴
600721.SSE,百花医药,2024-08-06,二接三,2,阴,2024-08-02,-4.41,-8.2,28.4,+++,21.7,2.0,2,2,08-02,下影,0.2,0.3,13.5,08-05,下影,3.1,1.7,27.6,下影+0→下影+3,8.67,-4.82,28.7,1.27,46,38,False,-15.22,-16.96,False,-16.96,1.0,False,2,炸板,True,2024-08,2024,,,,,,二接三阴
600721.SSE,百花医药,2026-08-06,二接三,2,阳,2026-08-04,2.42,-15.6,15.2,+-+,2.6,473.0,0,0,08-04,一字,10.0,0.0,2.8,08-05,下影,10.0,4.4,10.8,一字+10→下影+10,9.58,9.53,32.7,3.07,69,93,True,6.99,10.02,True,51.36,5.0,False,7,连板,False,2026-08,2026,,,,,,二接三阳
600721.SSE,百花医药,2026-08-07,三接四,3,阳,2026-08-04,2.42,-15.6,15.2,+-+,2.6,473.0,0,0,08-04,一字,10.0,0.0,2.8,08-05,下影,10.0,4.4,10.8,一字+10→下影+10→下影+10,10.54,6.99,15.6,1.19,59,69,True,9.96,9.96,True,37.57,4.0,False,7,连板,False,2026-08,2026,08-06,下影,9.5,6.8,32.7,三接四阳
600722.SSE,金牛化工,2024-12-04,二接三,2,阳,2024-12-02,2.42,-9.1,42.7,+++,9.5,141.0,0,0,12-02,实体,-1.2,0.0,8.8,12-03,下影,0.9,1.3,12.4,实体-1→下影+1,6.77,3.41,20.6,2.08,69,92,False,-15.21,-17.58,False,-17.58,1.0,False,2,炸板,True,2024-12,2024,,,,,,二接三阳
600722.SSE,金牛化工,2025-06-17,二接三,2,阳,2025-06-13,1.35,-18.0,25.7,+-+,-0.6,126.0,0,0,06-13,下影,6.5,0.6,6.3,06-16,一字,10.1,0.0,1.1,下影+6→一字+10,6.97,9.94,14.7,2.87,37,41,True,10.04,10.04,True,16.93,2.0,False,4,连板,False,2025-06,2025,,,,,,二接三阳
600722.SSE,金牛化工,2026-03-04,二接三,2,阴,2026-03-02,-2.8,-10.3,64.6,+++,35.5,9.0,2,2,03-02,一字,10.0,0.0,3.0,03-03,一字,10.0,0.0,1.5,一字+10→一字+10,12.49,1.32,29.0,2.57,34,67,False,-11.13,-1.52,False,-1.52,1.0,False,2,炸板,True,2026-03,2026,,,,,,二接三阴
600722.SSE,金牛化工,2026-03-13,二接三,2,阳,2026-03-11,-3.78,-14.4,123.3,+++,62.0,6.0,2,2,03-11,实体,-4.0,0.0,20.7,03-12,下影,3.6,1.1,24.0,实体-4→下影+4,16.94,3.9,26.1,1.08,52,46,True,0.0,8.62,False,8.62,1.0,False,3,封次日正,False,2026-03,2026,,,,,,二接三阳
600722.SSE,金牛化工,2026-03-16,三接四,3,阳,2026-03-11,-3.78,-14.4,123.3,+++,62.0,6.0,2,2,03-11,实体,-4.0,0.0,20.7,03-12,下影,3.6,1.1,24.0,实体-4→下影+4→下影+4,18.63,0.0,29.3,1.2,39,52,False,-6.87,3.6,False,3.6,1.0,False,3,炸板,False,2026-03,2026,03-13,下影,3.9,0.7,26.1,三接四阳
600724.SSE,宁波富达,2024-10-29,二接三,2,阴,2024-10-25,-1.36,-5.2,28.7,+++,22.2,92.0,0,2,10-25,实体,2.5,0.0,3.8,10-28,下影,8.6,4.0,1.8,实体+3→下影+9,5.8,9.87,8.6,2.23,93,179,False,-10.34,-8.45,False,-8.45,1.0,False,2,炸板,True,2024-10,2024,,,,,,二接三阴
600725.SSE,云维股份,2023-12-18,三接四,3,阳,2023-12-13,0.68,-13.0,10.1,+++,2.4,,0,0,12-13,实体,0.0,0.0,1.3,12-14,下影,9.8,1.5,3.0,实体+0→下影+10→一字+10,4.33,-1.02,18.9,3.58,29,42,False,-15.7,-15.94,False,-15.94,1.0,False,3,炸板,True,2023-12,2023,12-15,一字,10.1,0.0,2.5,三接四阳
600725.SSE,云维股份,2024-12-26,三接四,3,阴,2024-12-23,-0.53,-7.0,67.7,+++,16.1,236.0,0,0,12-23,一字,9.9,0.0,0.1,12-24,一字,10.0,0.0,0.1,一字+10→一字+10→一字+10,5.47,10.06,25.6,4.56,79,31,False,-23.77,-26.51,False,-26.51,1.0,False,3,炸板,True,2024-12,2024,12-25,一字,10.0,0.0,0.4,三接四阴
600726.SSE,华电能源,2026-03-12,二接三,2,阳,2026-03-10,3.55,-5.8,24.3,+++,14.5,208.0,0,0,03-10,下影,0.3,0.3,2.2,03-11,下影,0.9,5.9,5.3,下影+0→下影+1,3.88,2.83,2.4,0.92,46,48,True,8.25,10.05,True,13.4,2.0,False,4,连板,False,2026-03,2026,,,,,,二接三阳
600726.SSE,华电能源,2026-03-13,三接四,3,阳,2026-03-10,3.55,-5.8,24.3,+++,14.5,208.0,0,0,03-10,下影,0.3,0.3,2.2,03-11,下影,0.9,5.9,5.3,下影+0→下影+1→实体+3,4.27,8.25,5.0,1.46,52,46,True,0.7,3.04,False,3.04,1.0,False,4,封次日正,False,2026-03,2026,03-12,实体,2.8,0.0,2.4,三接四阳
600726.SSE,华电能源,2026-04-27,二接三,2,阳,2026-04-23,3.01,-33.1,94.7,--+,-14.3,19.0,4,4,04-23,实体,1.3,0.0,4.7,04-24,下影,4.9,1.9,6.7,实体+1→下影+5,6.38,-2.76,7.6,1.37,54,50,True,-0.78,10.03,True,11.29,2.0,False,4,连板,False,2026-04,2026,,,,,,二接三阳
600726.SSE,华电能源,2026-04-28,三接四,3,阳,2026-04-23,3.01,-33.1,94.7,--+,-14.3,19.0,4,4,04-23,实体,1.3,0.0,4.7,04-24,下影,4.9,1.9,6.7,实体+1→下影+5→下影-3,7.02,-0.78,7.5,1.19,53,54,True,-1.0,1.14,False,1.14,1.0,False,4,封次日正,False,2026-04,2026,04-27,下影,-2.8,7.2,7.6,三接四阳
600726.SSE,华电能源,2026-05-27,二接三,2,阳,2026-05-25,1.62,-30.6,152.6,-++,35.3,16.0,4,4,05-25,下影,0.0,0.3,1.9,05-26,下影,5.1,1.4,2.7,下影+0→下影+5,8.37,3.29,1.7,0.83,45,45,True,10.04,10.04,True,13.5,3.0,False,5,连板,False,2026-05,2026,,,,,,二接三阳
600726.SSE,华电能源,2026-05-28,三接四,3,阳,2026-05-25,1.62,-30.6,152.6,-++,35.3,16.0,4,4,05-25,下影,0.0,0.3,1.9,05-26,下影,5.1,1.4,2.7,下影+0→下影+5→下影+3,9.21,10.04,3.1,1.4,88,45,True,5.86,9.99,True,3.15,2.0,False,5,连板,False,2026-05,2026,05-27,下影,3.3,2.0,1.7,三接四阳
600727.SSE,鲁北化工,2024-04-29,二接三,2,阳,2024-04-25,2.49,-10.4,43.3,+-+,5.5,,0,0,04-25,一字,10.1,0.0,2.1,04-26,下影,2.5,2.5,17.8,一字+10→下影+3,7.67,-3.16,16.8,1.94,90,56,True,0.13,1.69,False,1.69,1.0,False,3,封次日正,False,2024-04,2024,,,,,,二接三阳
600727.SSE,鲁北化工,2024-04-30,三接四,3,阳,2024-04-25,2.49,-10.4,43.3,+-+,5.5,,0,0,04-25,一字,10.1,0.0,2.1,04-26,下影,2.5,2.5,17.8,一字+10→下影+3→实体-3,8.44,0.13,27.3,2.04,47,90,False,-8.53,1.66,True,6.04,2.0,False,5,炸板,False,2024-04,2024,04-29,实体,-3.2,0.0,16.8,三接四阳
600732.SSE,爱旭股份,2024-11-12,二接三,2,阳,2024-11-08,-2.95,-5.6,74.3,+++,34.1,9.0,2,2,11-08,下影,2.4,0.4,8.2,11-11,下影,-0.9,1.3,4.6,下影+2→下影-1,17.07,6.31,12.7,1.48,65,108,False,-3.28,-3.4,False,-3.4,1.0,False,2,炸板,True,2024-11,2024,,,,,,二接三阳
600736.SSE,苏州高新,2026-04-24,三接四,3,阳,2026-04-21,0.0,-21.4,9.0,++-,1.6,72.0,0,2,04-21,实体,0.8,0.0,4.3,04-22,下影,5.8,0.9,10.5,实体+1→下影+6→一字+10,9.21,9.92,28.0,2.95,50,45,False,-11.62,-16.94,False,-16.94,1.0,False,3,炸板,True,2026-04,2026,04-23,一字,10.0,0.0,2.6,三接四阳
600737.SSE,中粮糖业,2025-08-18,二接三,2,阳,2025-08-14,1.06,-1.5,24.9,+++,16.7,,0,0,08-14,实体,2.3,0.1,3.6,08-15,下影,5.3,4.3,9.7,实体+2→下影+5,15.27,5.55,2.8,0.49,78,70,True,4.78,4.78,False,4.78,1.0,False,3,封次日正,False,2025-08,2025,,,,,,二接三阳
600743.SSE,华远控股,2024-12-12,二接三,2,阴,2024-12-10,-9.66,-11.5,83.8,+++,2.9,2.0,2,2,12-10,下影,10.2,3.3,9.7,12-11,实体,-10.1,0.0,12.2,下影+10→实体-10,2.87,-0.38,12.0,1.27,119,119,True,-2.79,-4.18,False,-4.18,1.0,False,3,封次日负,True,2024-12,2024,,,,,,二接三阴
600743.SSE,华远控股,2026-04-09,二接三,2,阴,2026-04-07,-2.69,-12.6,2.3,---,-7.2,316.0,0,0,04-07,下影,0.0,0.6,2.3,04-08,下影,2.5,1.5,5.9,下影+0→下影+3,2.41,0.46,8.0,2.31,50,108,True,7.47,9.96,True,19.92,4.0,False,6,连板,False,2026-04,2026,,,,,,二接三阴
600743.SSE,华远控股,2026-04-10,三接四,3,阴,2026-04-07,-2.69,-12.6,2.3,---,-7.2,316.0,0,0,04-07,下影,0.0,0.6,2.3,04-08,下影,2.5,1.5,5.9,下影+0→下影+3→下影+0,2.65,7.47,7.0,1.46,53,50,True,10.19,10.19,True,9.06,3.0,False,6,连板,False,2026-04,2026,04-09,下影,0.5,5.0,8.0,三接四阴
600744.SSE,华银电力,2025-07-07,二接三,2,阳,2025-07-03,1.61,-12.2,63.1,+--,7.7,44.0,3,3,07-03,下影,-1.4,1.0,17.9,07-04,下影,3.8,2.5,10.4,下影-1→下影+4,6.7,10.02,11.7,0.93,52,30,True,7.61,10.0,True,18.96,3.0,False,5,连板,False,2025-07,2025,,,,,,二接三阳
600744.SSE,华银电力,2025-07-08,三接四,3,阳,2025-07-03,1.61,-12.2,63.1,+--,7.7,44.0,3,3,07-03,下影,-1.4,1.0,17.9,07-04,下影,3.8,2.5,10.4,下影-1→下影+4→下影+10,7.37,7.61,18.1,1.24,57,52,True,2.99,10.04,True,8.14,2.0,False,5,连板,False,2025-07,2025,07-07,下影,10.0,2.5,11.7,三接四阳
600744.SSE,华银电力,2026-07-21,二接三,2,阴,2026-07-17,-1.45,-43.7,3.8,---,-27.2,95.0,0,2,07-17,下影,-0.4,0.6,4.2,07-20,下影,8.4,6.0,8.6,下影-0→下影+8,7.22,6.71,18.2,2.54,83,49,True,-4.71,9.97,True,9.14,2.0,False,4,连板,False,2026-07,2026,,,,,,二接三阴
600744.SSE,华银电力,2026-07-22,三接四,3,阴,2026-07-17,-1.45,-43.7,3.8,---,-27.2,95.0,0,2,07-17,下影,-0.4,0.6,4.2,07-20,下影,8.4,6.0,8.6,下影-0→下影+8→下影+7,7.94,-4.71,19.0,1.81,41,83,True,-2.64,-0.76,False,-0.76,1.0,False,4,封次日负,True,2026-07,2026,07-21,下影,6.7,7.6,18.2,三接四阴
600748.SSE,上实发展,2025-10-17,二接三,2,阴,2025-10-15,-1.65,-8.8,49.1,+++,2.8,591.0,0,0,10-15,实体,5.0,0.0,2.2,10-16,下影,5.7,0.6,1.8,实体+5→下影+6,6.36,10.03,9.0,2.79,34,36,False,-5.5,4.87,False,4.87,1.0,False,2,炸板,False,2025-10,2025,,,,,,二接三阴
600749.SSE,西藏旅游,2024-04-29,三接四,3,阴,2024-04-24,-1.92,-19.4,31.3,--+,-7.7,,0,0,04-24,实体,1.7,0.0,6.7,04-25,下影,9.9,4.8,4.6,实体+2→下影+10→一字+10,14.99,6.09,20.2,2.89,90,56,False,-21.01,-21.01,False,-21.01,1.0,False,3,炸板,True,2024-04,2024,04-26,一字,10.0,0.0,1.9,三接四阴
600749.SSE,西藏旅游,2025-07-23,二接三,2,阳,2025-07-21,0.67,-3.4,9.0,-++,4.2,298.0,0,0,07-21,一字,10.0,0.0,3.0,07-22,下影,10.0,4.4,9.4,一字+10→下影+10,15.92,10.02,14.1,2.36,43,82,True,6.66,9.99,True,77.14,7.0,False,9,连板,False,2025-07,2025,,,,,,二接三阳
600749.SSE,西藏旅游,2025-07-24,三接四,3,阳,2025-07-21,0.67,-3.4,9.0,-++,4.2,298.0,0,0,07-21,一字,10.0,0.0,3.0,07-22,下影,10.0,4.4,9.4,一字+10→下影+10→下影+10,17.51,6.66,5.9,0.86,61,43,True,9.99,9.99,True,61.05,6.0,False,9,连板,False,2025-07,2025,07-23,下影,10.0,3.6,14.1,三接四阳
600751.SSE,海航科技,2025-07-21,二接三,2,阳,2025-07-17,-0.88,-15.0,24.2,-++,2.4,90.0,0,2,07-17,实体,0.0,0.3,6.5,07-18,下影,2.7,1.1,12.2,实体+0→下影+3,4.51,-1.95,20.3,2.24,98,37,False,-6.87,-9.98,False,-9.98,1.0,False,2,炸板,True,2025-07,2025,,,,,,二接三阳
600755.SSE,厦门国贸,2025-12-26,二接三,2,阳,2025-12-24,1.08,-12.0,7.4,---,0.2,,0,0,12-24,下影,0.9,0.6,12.8,12-25,下影,7.2,5.1,18.1,下影+1→下影+7,8.72,-1.64,18.8,1.64,69,72,True,-7.11,-9.98,False,-9.98,1.0,False,3,封次日负,True,2025-12,2025,,,,,,二接三阳
600756.SSE,浪潮软件,2025-11-20,三接四,3,阴,2025-11-17,-5.54,-8.0,23.4,+++,10.6,,0,0,11-17,实体,-0.1,0.0,10.6,11-18,一字,10.0,0.0,2.6,实体-0→一字+10→一字+10,26.21,7.01,45.7,3.29,35,48,False,-16.06,-8.36,False,-8.36,1.0,False,3,炸板,True,2025-11,2025,11-19,一字,10.0,0.0,1.6,三接四阴
600758.SSE,辽宁能源,2026-03-25,二接三,2,阳,2026-03-23,2.38,-6.1,19.1,+++,12.6,,0,0,03-23,下影,4.7,0.5,7.2,03-24,下影,9.1,3.2,9.6,下影+5→下影+9,5.72,10.0,12.4,1.28,78,74,True,0.0,7.34,False,7.34,1.0,False,3,封次日正,False,2026-03,2026,,,,,,二接三阳
600758.SSE,辽宁能源,2026-03-26,三接四,3,阳,2026-03-23,2.38,-6.1,19.1,+++,12.6,,0,0,03-23,下影,4.7,0.5,7.2,03-24,下影,9.1,3.2,9.6,下影+5→下影+9→下影+10,6.29,0.0,33.1,2.26,36,78,False,-12.08,-12.08,False,-12.08,1.0,False,3,炸板,True,2026-03,2026,03-25,下影,10.0,4.2,12.4,三接四阳
600770.SSE,综艺股份,2024-10-21,二接三,2,阳,2024-10-17,0.58,-10.2,59.3,+++,48.3,7.0,2,2,10-17,实体,0.9,0.0,3.8,10-18,下影,4.5,1.9,6.9,实体+1→下影+4,4.58,10.1,3.0,0.76,89,77,True,10.04,10.04,True,5.24,2.0,False,4,连板,False,2024-10,2024,,,,,,二接三阳
600770.SSE,综艺股份,2024-10-29,二接三,2,阳,2024-10-25,-2.7,-15.3,117.1,+++,93.8,3.0,4,4,10-25,实体,0.0,0.0,4.2,10-28,下影,10.1,4.5,8.2,实体+0→下影+10,6.25,3.87,12.4,1.27,93,179,False,-7.2,5.6,False,5.6,1.0,False,2,炸板,False,2024-10,2024,,,,,,二接三阳
600770.SSE,综艺股份,2025-05-16,二接三,2,阴,2025-05-14,-1.44,-14.4,20.9,++-,5.4,131.0,0,0,05-14,一字,10.0,0.0,0.7,05-15,一字,10.0,0.0,0.7,一字+10→一字+10,5.46,10.08,12.8,4.12,51,40,False,3.85,3.85,True,37.91,4.0,False,6,炸板,False,2025-05,2025,,,,,,二接三阴
600770.SSE,综艺股份,2025-05-22,三接四,3,阴,2025-05-19,3.83,-5.7,51.9,+++,26.8,2.0,2,2,05-19,一字,10.1,0.0,1.2,05-20,一字,10.1,0.0,0.5,一字+10→一字+10→一字+10,7.55,10.06,19.6,2.82,32,45,False,-9.01,-10.2,False,-10.2,1.0,False,3,炸板,True,2025-05,2025,05-21,一字,9.9,0.0,0.6,三接四阴
600770.SSE,综艺股份,2026-04-27,二接三,2,阳,2026-04-23,1.77,-21.0,11.2,++-,5.7,58.0,2,2,04-23,下影,1.6,1.9,3.9,04-24,下影,9.9,1.7,7.0,下影+2→下影+10,7.67,8.03,20.7,2.93,54,50,False,-12.52,-0.13,True,2.87,2.0,False,4,炸板,True,2026-04,2026,,,,,,二接三阳
600773.SSE,西藏城投,2025-07-23,二接三,2,阳,2025-07-21,1.6,-3.5,16.8,-++,1.7,,0,0,07-21,下影,10.0,1.8,3.2,07-22,下影,10.0,2.2,2.2,下影+10→下影+10,13.5,10.02,14.9,3.36,43,82,False,-14.59,-9.93,False,-9.93,1.0,False,2,炸板,True,2025-07,2025,,,,,,二接三阳
600774.SSE,汉商集团,2025-05-06,二接三,2,阴,2025-04-29,-4.99,-15.3,16.5,-+-,-3.5,214.0,0,0,04-29,实体,-0.1,0.3,4.2,04-30,一字,10.0,0.0,2.6,实体-0→一字+10,9.88,-2.0,16.5,3.0,79,56,True,1.21,1.32,False,1.32,1.0,False,3,封次日正,False,2025-05,2025,,,,,,二接三阴
600774.SSE,汉商集团,2025-05-07,三接四,3,阴,2025-04-29,-4.99,-15.3,16.5,-+-,-3.5,214.0,0,0,04-29,实体,-0.1,0.3,4.2,04-30,一字,10.0,0.0,2.6,实体-0→一字+10→下影-2,10.87,1.21,22.5,2.33,50,79,False,-10.76,-17.11,False,-17.11,1.0,False,3,炸板,True,2025-05,2025,05-06,下影,-2.0,3.2,16.5,三接四阴
600775.SSE,南京熊猫,2023-11-17,三接四,3,阳,2023-11-14,7.06,-2.7,33.2,++-,16.6,,0,0,11-14,实体,0.9,0.0,14.8,11-15,下影,6.4,2.1,11.0,实体+1→下影+6→一字+10,14.88,9.98,27.8,2.03,38,25,True,10.01,10.01,True,13.44,2.0,False,5,连板,False,2023-11,2023,11-16,一字,10.0,0.0,3.0,三接四阳
600775.SSE,南京熊猫,2024-11-26,二接三,2,阴,2024-11-22,0.2,-12.5,44.4,-++,7.0,244.0,0,0,11-22,下影,0.1,0.5,11.4,11-25,实体,10.0,0.1,4.0,下影+0→实体+10,13.39,10.02,30.0,2.79,79,132,False,-16.95,-16.65,False,-16.65,1.0,False,2,炸板,True,2024-11,2024,,,,,,二接三阴
600775.SSE,南京熊猫,2026-01-08,三接四,3,阳,2026-01-05,0.16,-5.1,15.5,+++,10.0,270.0,0,0,01-05,一字,10.0,0.0,2.3,01-06,一字,10.0,0.0,0.9,一字+10→一字+10→一字+10,17.89,4.55,32.6,3.84,77,63,True,-0.95,1.84,False,1.84,1.0,False,4,封次日正,False,2026-01,2026,01-07,一字,10.0,0.0,1.4,三接四阳
600776.SSE,东方通信,2023-06-29,二接三,2,阴,2023-06-27,-4.89,-10.0,8.9,+++,4.7,,0,0,06-27,下影,0.9,0.7,4.1,06-28,下影,10.0,3.7,6.5,下影+1→下影+10,14.23,3.55,15.7,2.66,46,28,True,3.3,0.14,False,0.14,1.0,False,3,封次日正,False,2023-06,2023,,,,,,二接三阴
600776.SSE,东方通信,2023-06-30,三接四,3,阴,2023-06-27,-4.89,-10.0,8.9,+++,4.7,,0,0,06-27,下影,0.9,0.7,4.1,06-28,下影,10.0,3.7,6.5,下影+1→下影+10→下影+4,15.65,3.3,18.7,2.0,44,46,False,-9.01,-5.69,False,-5.69,1.0,False,3,炸板,True,2023-06,2023,06-29,下影,3.6,8.9,15.7,三接四阴
600776.SSE,东方通信,2026-01-13,二接三,2,阳,2026-01-09,0.82,-5.6,54.8,+++,34.8,78.0,0,2,01-09,下影,0.0,1.5,11.7,01-12,一字,10.0,0.0,0.8,下影+0→一字+10,24.63,10.0,15.1,1.61,52,124,True,3.82,5.97,False,5.97,1.0,False,3,封次日正,False,2026-01,2026,,,,,,二接三阳
600776.SSE,东方通信,2026-01-14,三接四,3,阳,2026-01-09,0.82,-5.6,54.8,+++,34.8,78.0,0,2,01-09,下影,0.0,1.5,11.7,01-12,一字,10.0,0.0,0.8,下影+0→一字+10→下影+10,27.09,3.82,23.7,1.98,79,52,False,-13.29,-13.29,False,-13.29,1.0,False,3,炸板,True,2026-01,2026,01-13,下影,10.0,7.5,15.1,三接四阳
600778.SSE,友好集团,2024-12-12,二接三,2,阴,2024-12-10,0.0,-5.7,50.1,+++,8.1,48.0,2,2,12-10,实体,10.0,0.2,2.8,12-11,下影,8.9,6.8,6.5,实体+10→下影+9,8.13,4.74,15.0,2.26,119,119,True,0.86,9.96,True,21.4,3.0,False,5,连板,False,2024-12,2024,,,,,,二接三阴
600778.SSE,友好集团,2024-12-13,三接四,3,阴,2024-12-10,0.0,-5.7,50.1,+++,8.1,48.0,2,2,12-10,实体,10.0,0.2,2.8,12-11,下影,8.9,6.8,6.5,实体+10→下影+9→下影+5,8.94,0.86,12.0,1.51,84,119,True,9.96,9.96,True,10.4,2.0,False,5,连板,False,2024-12,2024,12-12,下影,4.7,2.7,15.0,三接四阴
600778.SSE,友好集团,2025-01-02,二接三,2,阴,2024-12-30,-6.01,-30.5,45.8,-++,29.7,10.0,5,5,12-30,下影,-2.4,5.6,20.8,12-31,实体,2.9,0.1,16.2,下影-2→实体+3,10.0,5.94,11.7,0.66,51,39,True,9.0,-10.0,False,-10.0,1.0,False,3,封次日负,True,2025-01,2025,,,,,,二接三阴
600779.SSE,水井坊,2024-09-30,二接三,2,阴,2024-09-26,-2.07,-11.1,13.8,++-,5.1,,0,0,09-26,实体,-0.8,0.1,2.7,09-27,实体,4.2,0.0,2.8,实体-1→实体+4,45.93,10.01,2.7,1.25,626,107,True,9.99,8.9,False,8.9,1.0,False,3,封次日正,False,2024-09,2024,,,,,,二接三阴
600779.SSE,水井坊,2024-10-08,三接四,3,阴,2024-09-26,-2.07,-11.1,13.8,++-,5.1,,0,0,09-26,实体,-0.8,0.1,2.7,09-27,实体,4.2,0.0,2.8,实体-1→实体+4→下影+10,50.52,9.99,4.5,1.6,352,626,False,-4.14,-10.89,False,-10.89,1.0,False,3,炸板,True,2024-10,2024,09-30,下影,10.0,4.2,2.7,三接四阴
600783.SSE,鲁信创投,2025-12-26,二接三,2,阳,2025-12-24,5.53,-6.1,31.3,-++,10.4,298.0,0,0,12-24,下影,1.5,0.6,5.9,12-25,下影,9.9,7.5,6.8,下影+1→下影+10,21.1,10.01,3.9,0.74,69,72,True,10.0,10.0,True,6.54,2.0,False,4,连板,False,2025-12,2025,,,,,,二接三阳
600785.SSE,新华百货,2026-01-16,二接三,2,阴,2026-01-14,-2.08,-4.8,10.0,+-+,9.2,229.0,0,0,01-14,下影,4.7,2.5,6.0,01-15,下影,10.0,3.8,12.7,下影+5→下影+10,18.82,9.99,22.4,2.1,48,51,True,-0.53,9.99,True,15.3,2.0,False,4,连板,False,2026-01,2026,,,,,,二接三阴
600785.SSE,新华百货,2026-01-19,三接四,3,阴,2026-01-14,-2.08,-4.8,10.0,+-+,9.2,229.0,0,0,01-14,下影,4.7,2.5,6.0,01-15,下影,10.0,3.8,12.7,下影+5→下影+10→下影+10,20.7,-0.53,13.2,1.1,79,48,True,0.0,4.83,False,4.83,1.0,False,4,封次日正,False,2026-01,2026,01-16,下影,10.0,6.7,22.4,三接四阴
600785.SSE,新华百货,2026-08-25,二接三,2,阳,2026-08-21,1.03,-47.9,18.6,-++,9.7,26.0,2,2,08-21,一字,10.1,0.0,1.6,08-24,下影,10.0,1.1,5.0,一字+10→下影+10,11.78,0.65,22.6,3.31,58,41,True,-4.07,-3.06,False,-3.06,1.0,False,3,封次日负,True,2026-08,2026,,,,,,二接三阳
600787.SSE,中储股份,2024-11-19,二接三,2,阴,2024-11-15,-6.89,-12.1,35.6,+++,13.8,,0,0,11-15,下影,-1.4,1.2,9.5,11-18,一字,10.1,0.0,1.4,下影-1→一字+10,7.57,6.1,18.3,1.93,79,74,False,-16.25,-9.78,False,-9.78,1.0,False,2,炸板,True,2024-11,2024,,,,,,二接三阴
600791.SSE,京能置业,2024-05-06,二接三,2,阳,2024-04-29,3.69,-35.4,23.9,+--,-20.9,,0,0,04-29,下影,-1.2,0.9,3.5,04-30,下影,9.7,1.6,7.8,下影-1→下影+10,4.49,0.25,16.6,2.63,73,47,False,-19.82,-14.92,False,-14.92,1.0,False,2,炸板,True,2024-05,2024,,,,,,二接三阳
600792.SSE,云煤能源,2023-09-05,二接三,2,阴,2023-09-01,-4.01,-13.7,14.3,+--,-7.7,,0,0,09-01,下影,0.6,1.5,2.1,09-04,一字,10.0,0.0,1.5,下影+1→一字+10,4.47,8.37,3.2,1.55,13,40,True,10.07,7.38,False,7.38,1.0,False,3,封次日正,False,2023-09,2023,,,,,,二接三阴
600792.SSE,云煤能源,2023-09-06,三接四,3,阴,2023-09-01,-4.01,-13.7,14.3,+--,-7.7,,0,0,09-01,下影,0.6,1.5,2.1,09-04,一字,10.0,0.0,1.5,下影+1→一字+10→下影+8,4.92,10.07,13.7,3.14,25,13,False,-12.2,-12.2,False,-12.2,1.0,False,3,炸板,True,2023-09,2023,09-05,下影,8.4,0.5,3.2,三接四阴
600792.SSE,云煤能源,2023-11-13,二接三,2,阴,2023-11-09,-2.16,-17.3,23.3,+++,7.4,41.0,3,3,11-09,下影,0.5,0.5,7.6,11-10,下影,3.8,7.8,12.3,下影+0→下影+4,5.42,1.62,9.4,1.28,31,29,True,-6.46,-9.96,False,-9.96,1.0,False,3,封次日负,True,2023-11,2023,,,,,,二接三阴
600792.SSE,云煤能源,2025-06-17,二接三,2,阴,2025-06-13,-0.89,-5.6,20.5,+++,3.7,346.0,0,0,06-13,下影,0.0,0.9,3.7,06-16,一字,10.0,0.0,1.4,下影+0→一字+10,4.47,10.1,13.8,3.33,37,41,False,-19.24,-18.57,False,-18.57,1.0,False,2,炸板,True,2025-06,2025,,,,,,二接三阴
600793.SSE,宜宾纸业,2025-05-21,二接三,2,阳,2025-05-19,5.09,-15.2,56.3,-++,31.8,99.0,0,7,05-19,下影,3.9,3.4,8.0,05-20,实体,3.2,0.0,13.3,下影+4→实体+3,30.49,3.17,18.9,1.71,45,61,True,-3.25,10.0,True,10.79,2.0,False,4,连板,False,2025-05,2025,,,,,,二接三阳
600793.SSE,宜宾纸业,2025-05-22,三接四,3,阳,2025-05-19,5.09,-15.2,56.3,-++,31.8,99.0,0,7,05-19,下影,3.9,3.4,8.0,05-20,实体,3.2,0.0,13.3,下影+4→实体+3→下影+3,33.54,-3.25,18.4,1.39,32,45,True,3.97,0.72,False,0.72,1.0,False,4,封次日正,False,2025-05,2025,05-21,下影,3.2,1.8,18.9,三接四阳
600793.SSE,宜宾纸业,2026-07-03,二接三,2,阳,2026-07-01,0.0,-37.8,5.2,---,-17.4,269.0,0,0,07-01,实体,0.1,0.2,4.6,07-02,实体,0.5,0.0,2.5,实体+0→实体+1,16.01,10.03,2.1,0.73,92,83,True,9.93,9.99,True,14.99,3.0,False,5,连板,False,2026-07,2026,,,,,,二接三阳
600793.SSE,宜宾纸业,2026-07-06,三接四,3,阳,2026-07-01,0.0,-37.8,5.2,---,-17.4,269.0,0,0,07-01,实体,0.1,0.2,4.6,07-02,实体,0.5,0.0,2.5,实体+0→实体+1→实体+10,17.61,9.93,10.5,2.41,60,92,True,0.23,9.99,True,4.54,2.0,False,5,连板,False,2026-07,2026,07-03,实体,10.0,0.1,2.1,三接四阳
600794.SSE,保税科技,2025-04-21,二接三,2,阳,2025-04-17,1.34,-2.8,22.7,+-+,6.8,,0,0,04-17,下影,0.3,3.4,8.3,04-18,下影,6.2,3.1,7.6,下影+0→下影+6,5.04,6.77,6.3,0.87,86,50,True,9.92,9.92,True,12.5,2.0,False,4,连板,False,2025-04,2025,,,,,,二接三阳
600796.SSE,钱江生化,2024-12-05,二接三,2,阳,2024-12-03,2.51,-0.7,35.8,+++,8.1,141.0,0,0,12-03,下影,0.0,0.8,10.7,12-04,下影,4.3,1.2,22.1,下影+0→下影+4,7.06,-6.07,26.2,2.05,103,69,True,-0.14,10.06,True,11.19,3.0,False,5,连板,False,2024-12,2024,,,,,,二接三阳
600796.SSE,钱江生化,2024-12-06,三接四,3,阳,2024-12-03,2.51,-0.7,35.8,+++,8.1,141.0,0,0,12-03,下影,0.0,0.8,10.7,12-04,下影,4.3,1.2,22.1,下影+0→下影+4→下影-6,7.77,-0.14,11.3,0.77,94,103,True,10.04,10.04,True,1.03,2.0,False,5,连板,False,2024-12,2024,12-05,下影,-6.1,1.9,26.2,三接四阳
600798.SSE,宁波海运,2025-04-11,二接三,2,阴,2025-04-09,-0.36,-17.2,1.1,--+,-6.8,,0,0,04-09,下影,-0.7,4.7,4.0,04-10,下影,5.0,2.0,5.6,下影-1→下影+5,3.64,9.97,13.0,2.47,64,125,False,-10.71,-8.79,False,-8.79,1.0,False,2,炸板,True,2025-04,2025,,,,,,二接三阴
600800.SSE,渤海化学,2024-11-19,二接三,2,阴,2024-11-15,-2.15,-10.2,46.0,+++,18.2,,0,0,11-15,实体,-0.7,0.0,5.0,11-18,下影,0.7,2.7,6.0,实体-1→下影+1,3.63,1.82,2.9,0.89,79,74,True,9.92,9.92,True,31.68,5.0,False,7,连板,False,2024-11,2024,,,,,,二接三阴
600800.SSE,渤海化学,2025-04-18,二接三,2,阴,2025-04-16,-0.73,-22.1,21.4,---,-12.3,94.0,0,7,04-16,下影,-0.4,4.8,6.6,04-17,下影,-0.7,0.7,7.5,下影-0→下影-1,3.62,0.0,15.1,2.36,50,78,False,-15.47,-13.81,False,-13.81,1.0,False,2,炸板,True,2025-04,2025,,,,,,二接三阴
600801.SSE,华新建材,2024-10-08,二接三,2,阳,2024-09-27,7.4,-20.2,18.7,+--,6.8,,0,0,09-27,实体,3.3,0.0,1.4,09-30,下影,4.3,1.5,2.8,实体+3→下影+4,15.65,9.98,2.8,1.53,352,626,False,-14.19,-18.79,False,-18.79,1.0,False,2,炸板,True,2024-10,2024,,,,,,二接三阳
600801.SSE,华新建材,2025-07-23,二接三,2,阴,2025-07-21,-0.61,-4.1,15.4,+++,13.7,193.0,0,0,07-21,一字,10.0,0.0,0.8,07-22,一字,10.0,0.0,0.4,一字+10→一字+10,17.44,10.03,10.0,3.91,43,82,True,-4.99,4.82,False,4.82,1.0,False,3,封次日正,False,2025-07,2025,,,,,,二接三阴
600802.SSE,福建水泥,2025-10-29,二接三,2,阴,2025-10-27,1.21,-2.8,16.0,+++,11.4,238.0,0,0,10-27,下影,-0.2,0.5,6.9,10-28,下影,2.9,1.1,8.7,下影-0→下影+3,7.81,10.0,30.1,2.91,49,48,False,-14.6,-8.71,False,-8.71,1.0,False,2,炸板,True,2025-10,2025,,,,,,二接三阴
600807.SSE,济高发展,2023-12-14,二接三,2,阳,2023-12-12,0.9,-11.6,13.9,+++,0.9,,0,0,12-12,下影,0.6,1.2,3.1,12-13,一字,10.0,0.0,2.4,下影+1→一字+10,4.48,10.07,5.1,1.88,34,32,True,6.92,-7.59,False,-7.59,1.0,False,3,封次日负,True,2023-12,2023,,,,,,二接三阳
600807.SSE,济高发展,2024-03-14,二接三,2,阳,2024-03-12,3.8,-43.1,35.1,-+-,1.9,56.0,3,3,03-12,实体,2.9,0.0,1.6,03-13,下影,10.0,6.3,3.2,实体+3→下影+10,3.63,5.15,13.5,3.16,32,51,False,-19.28,-18.18,False,-18.18,1.0,False,2,炸板,True,2024-03,2024,,,,,,二接三阳
600807.SSE,济高发展,2024-10-29,二接三,2,阳,2024-10-25,4.58,-4.9,63.7,+++,49.5,149.0,0,0,10-25,下影,0.7,0.5,11.4,10-28,下影,6.9,4.0,19.5,下影+1→下影+7,5.47,0.8,22.6,1.31,93,179,True,-6.76,-2.56,False,-2.56,1.0,False,3,封次日负,True,2024-10,2024,,,,,,二接三阳
600809.SSE,山西汾酒,2024-09-30,二接三,2,阴,2024-09-26,-0.36,-22.2,11.9,+--,-6.4,,0,0,09-26,下影,0.1,0.4,1.2,09-27,下影,6.1,1.1,1.2,下影+0→下影+6,218.89,8.55,1.5,1.24,626,107,True,10.0,5.44,False,5.44,1.0,False,3,封次日正,False,2024-09,2024,,,,,,二接三阴
600809.SSE,山西汾酒,2024-10-08,三接四,3,阴,2024-09-26,-0.36,-22.2,11.9,+--,-6.4,,0,0,09-26,下影,0.1,0.4,1.2,09-27,下影,6.1,1.1,1.2,下影+0→下影+6→下影+9,240.78,10.0,2.1,1.49,352,626,False,-6.55,-13.73,False,-13.73,1.0,False,3,炸板,True,2024-10,2024,09-30,下影,8.6,4.0,1.5,三接四阴
600814.SSE,杭州解百,2024-12-13,二接三,2,阴,2024-12-11,2.32,-2.0,34.4,+++,6.4,,0,0,12-11,实体,0.0,0.3,4.9,12-12,实体,3.0,0.0,7.5,实体+0→实体+3,9.99,7.27,13.8,2.34,84,119,False,-3.1,-3.1,True,-12.81,2.0,False,4,炸板,True,2024-12,2024,,,,,,二接三阴
600814.SSE,杭州解百,2026-02-06,二接三,2,阳,2026-02-04,1.25,-11.9,10.4,---,0.5,279.0,0,0,02-04,实体,-0.5,0.0,5.0,02-05,下影,2.8,1.1,6.4,实体-0→下影+3,10.78,10.0,9.4,2.05,48,37,True,-0.93,-0.65,False,-0.65,1.0,False,3,封次日负,True,2026-02,2026,,,,,,二接三阳
600815.SSE,厦工股份,2025-11-06,二接三,2,阳,2025-11-04,0.0,-12.1,15.0,+++,13.3,69.0,0,2,11-04,下影,1.3,1.3,3.5,11-05,下影,10.1,1.2,11.2,下影+1→下影+10,4.08,1.89,26.7,2.59,56,54,False,-11.76,-10.54,False,-10.54,1.0,False,2,炸板,True,2025-11,2025,,,,,,二接三阳
600816.SSE,建元信托,2024-01-26,三接四,3,阴,2024-01-23,-4.46,-37.3,0.8,---,-10.5,,0,0,01-23,下影,0.4,0.8,0.4,01-24,一字,9.9,0.0,0.1,下影+0→一字+10→一字+10,3.76,5.56,6.2,4.02,49,90,False,-15.69,-17.29,False,-17.29,1.0,False,3,炸板,True,2024-01,2024,01-25,一字,10.0,0.0,0.5,三接四阴
600816.SSE,建元信托,2025-09-18,二接三,2,阳,2025-09-16,1.38,-9.0,11.8,---,-4.2,233.0,0,0,09-16,下影,0.7,1.0,3.4,09-17,下影,6.8,2.8,2.9,下影+1→下影+7,3.91,5.63,12.1,2.9,45,56,False,-12.02,-17.65,False,-17.65,1.0,False,2,炸板,True,2025-09,2025,,,,,,二接三阳
600817.SSE,宇通重工,2024-07-23,二接三,2,阳,2024-07-19,-1.97,-22.6,4.0,+--,-3.4,,0,0,07-19,下影,-0.3,0.9,1.1,07-22,下影,3.5,0.5,2.0,下影-0→下影+4,10.62,3.94,3.1,2.1,30,29,True,7.82,-6.78,False,-6.78,1.0,False,3,封次日负,True,2024-07,2024,,,,,,二接三阳
600817.SSE,宇通重工,2024-07-24,三接四,3,阳,2024-07-19,-1.97,-22.6,4.0,+--,-3.4,,0,0,07-19,下影,-0.3,0.9,1.1,07-22,下影,3.5,0.5,2.0,下影-0→下影+4→下影+4,11.68,7.82,8.8,2.85,20,30,False,-23.72,-21.06,False,-21.06,1.0,False,3,炸板,True,2024-07,2024,07-23,下影,3.9,0.4,3.1,三接四阳
600819.SSE,耀皮玻璃,2024-01-16,二接三,2,阳,2024-01-12,1.38,-2.3,16.3,-++,3.4,,0,0,01-12,下影,0.2,0.6,3.0,01-15,一字,10.1,0.0,1.0,下影+0→一字+10,6.86,5.61,13.0,3.48,29,32,True,-5.25,-1.9,False,-1.9,1.0,False,3,封次日负,True,2024-01,2024,,,,,,二接三阳
600819.SSE,耀皮玻璃,2024-03-12,二接三,2,阳,2024-03-08,-0.23,-42.1,33.5,-+-,-9.6,32.0,3,3,03-08,下影,0.5,1.2,2.8,03-11,下影,2.3,4.2,5.8,下影+0→下影+2,5.78,5.71,10.8,2.4,57,69,False,-11.94,-15.74,False,-15.74,1.0,False,2,炸板,True,2024-03,2024,,,,,,二接三阳
600819.SSE,耀皮玻璃,2025-07-04,二接三,2,阳,2025-07-02,0.34,-5.8,31.5,+-+,-0.8,317.0,0,0,07-02,实体,0.0,0.0,3.1,07-03,下影,10.0,9.7,9.9,实体+0→下影+10,7.77,4.67,16.8,2.59,30,52,False,-18.92,-12.87,False,-12.87,1.0,False,2,炸板,True,2025-07,2025,,,,,,二接三阳
600821.SSE,金开新能,2026-03-10,二接三,2,阴,2026-03-06,-0.64,-5.6,53.6,+++,36.7,,0,0,03-06,实体,3.2,0.0,6.5,03-09,一字,10.0,0.0,4.0,实体+3→一字+10,10.41,10.04,33.8,2.17,49,34,False,-7.2,-5.09,False,-5.09,1.0,False,2,炸板,True,2026-03,2026,,,,,,二接三阴
600822.SSE,上海物贸,2023-06-07,二接三,2,阴,2023-06-05,-5.95,-6.0,18.7,+-+,4.8,,0,0,06-05,实体,-0.2,0.1,6.0,06-06,下影,4.1,6.6,15.1,实体-0→下影+4,12.2,-3.16,10.8,1.26,45,35,True,1.64,10.0,True,38.69,4.0,False,6,连板,False,2023-06,2023,,,,,,二接三阴
600822.SSE,上海物贸,2023-06-08,三接四,3,阴,2023-06-05,-5.95,-6.0,18.7,+-+,4.8,,0,0,06-05,实体,-0.2,0.1,6.0,06-06,下影,4.1,6.6,15.1,实体-0→下影+4→实体-3,13.42,1.64,17.3,1.55,26,45,True,4.02,9.99,True,26.08,3.0,False,6,连板,False,2023-06,2023,06-07,实体,-3.2,0.0,10.8,三接四阴
600822.SSE,上海物贸,2025-07-15,二接三,2,阳,2025-07-11,1.42,-15.1,9.5,++-,-3.9,50.0,2,2,07-11,下影,0.8,0.6,8.6,07-14,下影,10.0,1.5,8.3,下影+1→下影+10,13.3,0.0,17.3,2.25,38,55,True,8.05,10.0,True,15.79,3.0,False,5,连板,False,2025-07,2025,,,,,,二接三阳
600822.SSE,上海物贸,2025-07-16,三接四,3,阳,2025-07-11,1.42,-15.1,9.5,++-,-3.9,50.0,2,2,07-11,下影,0.8,0.6,8.6,07-14,下影,10.0,1.5,8.3,下影+1→下影+10→下影+0,14.63,8.05,18.9,1.71,49,38,True,2.05,9.98,True,5.26,2.0,False,5,连板,False,2025-07,2025,07-15,下影,0.0,4.0,17.3,三接四阳
600824.SSE,益民集团,2024-12-13,二接三,2,阴,2024-12-11,0.76,-2.9,36.3,+++,8.4,,0,0,12-11,实体,3.0,0.0,6.6,12-12,下影,9.6,6.8,9.1,实体+3→下影+10,5.3,9.96,7.2,1.35,84,119,True,10.0,10.0,True,19.81,4.0,False,6,连板,False,2024-12,2024,,,,,,二接三阴
600824.SSE,益民集团,2025-01-06,二接三,2,阴,2025-01-02,-2.61,-41.5,38.0,-++,11.7,10.0,6,6,01-02,下影,0.0,0.9,19.0,01-03,下影,0.6,10.6,23.8,下影+0→下影+1,5.95,-1.85,29.3,1.62,52,41,False,-15.63,-15.63,False,-15.63,1.0,False,2,炸板,True,2025-01,2025,,,,,,二接三阴
600825.SSE,新华传媒,2024-10-22,二接三,2,阴,2024-10-18,-0.21,-14.5,31.2,-++,20.4,,0,0,10-18,下影,-0.9,0.4,6.3,10-21,下影,3.9,3.7,10.7,下影-1→下影+4,6.22,0.0,15.3,2.13,85,89,True,0.0,-8.52,False,-8.52,1.0,False,3,封次日负,True,2024-10,2024,,,,,,二接三阴
600825.SSE,新华传媒,2024-10-29,二接三,2,阳,2024-10-25,-3.51,-12.9,54.2,+++,40.4,3.0,3,3,10-25,实体,0.0,0.2,10.3,10-28,下影,4.3,2.2,9.9,实体+0→下影+4,7.3,9.94,8.3,0.82,93,179,False,-6.44,-5.48,False,-5.48,1.0,False,2,炸板,True,2024-10,2024,,,,,,二接三阳
600826.SSE,兰生股份,2024-02-20,二接三,2,阴,2024-02-08,-1.73,-31.5,10.4,---,-23.1,,0,0,02-08,下影,7.0,1.5,1.4,02-19,一字,10.0,0.0,0.5,下影+7→一字+10,9.08,5.45,8.4,2.4,80,186,False,-7.71,-7.16,False,-7.16,1.0,False,2,炸板,True,2024-02,2024,,,,,,二接三阴
600826.SSE,兰生股份,2024-10-09,二接三,2,阳,2024-09-30,4.69,-1.0,27.3,+++,23.5,152.0,0,0,09-30,下影,10.1,1.9,1.4,10-08,一字,10.0,0.0,0.3,下影+10→一字+10,8.33,6.74,7.5,3.03,29,352,False,0.0,-9.96,False,-9.96,1.0,False,2,炸板,True,2024-10,2024,,,,,,二接三阳
600826.SSE,兰生股份,2024-11-15,二接三,2,阴,2024-11-13,-1.17,-11.1,52.8,+++,8.6,26.0,2,2,11-13,一字,10.0,0.0,0.8,11-14,下影,10.0,9.0,7.9,一字+10→下影+10,10.13,0.0,5.5,1.57,53,27,True,8.0,9.97,True,14.61,2.0,False,4,连板,False,2024-11,2024,,,,,,二接三阴
600826.SSE,兰生股份,2024-11-18,三接四,3,阴,2024-11-13,-1.17,-11.1,52.8,+++,8.6,26.0,2,2,11-13,一字,10.0,0.0,0.8,11-14,下影,10.0,9.0,7.9,一字+10→下影+10→下影+0,11.14,8.0,12.7,2.24,74,53,True,-1.89,4.22,False,4.22,1.0,False,4,封次日正,False,2024-11,2024,11-15,下影,0.0,2.5,5.5,三接四阴
600826.SSE,兰生股份,2025-07-15,二接三,2,阳,2025-07-11,0.37,-5.7,8.9,-++,1.1,157.0,0,0,07-11,实体,1.5,0.1,4.8,07-14,一字,10.0,0.0,1.1,实体+1→一字+10,10.88,10.01,10.3,2.94,38,55,True,10.02,10.02,True,27.76,4.0,False,6,连板,False,2025-07,2025,,,,,,二接三阳
600828.SSE,茂业商业,2024-01-15,二接三,2,阳,2024-01-11,1.03,-2.0,13.2,+--,0.5,,0,0,01-11,下影,0.5,0.5,1.3,01-12,下影,0.0,5.3,2.9,下影+1→下影+0,5.24,5.04,1.8,1.24,32,23,True,7.06,3.05,False,3.05,1.0,False,3,封次日正,False,2024-01,2024,,,,,,二接三阳
600828.SSE,茂业商业,2024-01-16,三接四,3,阳,2024-01-11,1.03,-2.0,13.2,+--,0.5,,0,0,01-11,下影,0.5,0.5,1.3,01-12,下影,0.0,5.3,2.9,下影+1→下影+0→下影+5,5.76,7.06,6.7,2.5,29,32,False,-15.62,-15.62,False,-15.62,1.0,False,3,炸板,True,2024-01,2024,01-15,下影,5.0,4.6,1.8,三接四阳
600828.SSE,茂业商业,2024-12-13,二接三,2,阴,2024-12-11,0.53,-8.0,62.5,+++,15.6,218.0,0,0,12-11,实体,-2.4,0.0,2.0,12-12,下影,10.1,6.5,2.8,实体-2→下影+10,5.03,10.07,7.5,2.0,84,119,False,-7.95,1.19,True,-8.95,2.0,False,4,炸板,False,2024-12,2024,,,,,,二接三阴
600828.SSE,茂业商业,2025-04-28,二接三,2,阴,2025-04-24,-5.77,-8.7,26.4,++-,9.8,87.0,0,2,04-24,下影,1.9,0.6,1.0,04-25,一字,10.1,0.0,0.5,下影+2→一字+10,4.79,10.11,3.3,1.7,36,59,True,-0.21,10.02,True,7.31,2.0,False,4,连板,False,2025-04,2025,,,,,,二接三阴
600828.SSE,茂业商业,2025-04-29,三接四,3,阴,2025-04-24,-5.77,-8.7,26.4,++-,9.8,87.0,0,2,04-24,下影,1.9,0.6,1.0,04-25,一字,10.1,0.0,0.5,下影+2→一字+10→下影+10,5.27,-0.21,7.6,2.58,49,36,True,0.0,-2.47,False,-2.47,1.0,False,4,封次日负,True,2025-04,2025,04-28,下影,10.1,5.1,3.3,三接四阴
600828.SSE,茂业商业,2025-11-28,三接四,3,阳,2025-11-25,3.19,-14.5,10.8,-++,4.5,140.0,0,0,11-25,下影,0.0,1.0,1.6,11-26,下影,5.8,5.2,2.7,下影+0→下影+6→一字+10,6.15,10.02,4.8,2.22,61,41,True,9.92,-3.41,False,-3.41,1.0,False,4,封次日负,True,2025-11,2025,11-27,一字,10.0,0.0,0.4,三接四阳
600828.SSE,茂业商业,2025-12-11,二接三,2,阴,2025-12-09,-2.32,-13.0,55.4,+++,37.3,7.0,4,4,12-09,下影,-2.5,3.9,6.6,12-10,下影,8.2,1.4,2.6,下影-3→下影+8,7.84,2.1,11.7,1.6,27,50,False,-17.22,-17.86,False,-17.86,1.0,False,2,炸板,True,2025-12,2025,,,,,,二接三阴
600828.SSE,茂业商业,2026-01-13,二接三,2,阳,2026-01-09,3.76,-19.0,61.6,--+,-2.0,20.0,4,4,01-09,下影,-1.6,0.3,4.7,01-12,下影,10.0,1.4,3.0,下影-2→下影+10,8.46,6.11,9.0,1.66,52,124,False,-9.93,-8.87,False,-8.87,1.0,False,2,炸板,True,2026-01,2026,,,,,,二接三阳
600828.SSE,茂业商业,2026-09-03,二接三,2,阴,2026-09-01,-2.93,-24.1,18.5,+-+,1.3,140.0,0,0,09-01,实体,-0.3,0.0,0.9,09-02,下影,10.1,5.5,2.7,实体-0→下影+10,5.29,-2.29,8.4,3.07,42,50,False,-12.85,-6.05,False,-6.05,1.0,False,2,炸板,True,2026-09,2026,,,,,,二接三阴
600829.SSE,人民同泰,2024-09-06,二接三,2,阳,2024-09-04,2.1,-11.1,4.1,+--,-11.0,,0,0,09-04,实体,-0.7,0.0,3.2,09-05,下影,7.6,6.1,8.5,实体-1→下影+8,7.13,4.48,10.7,2.21,26,39,False,-11.5,-17.39,False,-17.39,1.0,False,2,炸板,True,2024-09,2024,,,,,,二接三阳
600829.SSE,人民同泰,2024-12-16,二接三,2,阳,2024-12-12,0.92,-8.9,51.3,+++,-0.9,63.0,0,2,12-12,实体,0.0,0.0,2.9,12-13,下影,6.4,3.7,7.6,实体+0→下影+6,10.25,8.37,3.0,0.74,89,84,True,9.85,-9.95,False,-9.95,1.0,False,3,封次日负,True,2024-12,2024,,,,,,二接三阳
600829.SSE,人民同泰,2024-12-17,三接四,3,阳,2024-12-12,0.92,-8.9,51.3,+++,-0.9,63.0,0,2,12-12,实体,0.0,0.0,2.9,12-13,下影,6.4,3.7,7.6,实体+0→下影+6→下影+8,11.28,9.85,13.7,2.32,25,89,False,-22.78,-23.32,False,-23.32,1.0,False,3,炸板,True,2024-12,2024,12-16,下影,8.4,2.4,3.0,三接四阳
600829.SSE,人民同泰,2025-07-21,二接三,2,阳,2025-07-17,2.14,-21.2,9.0,++-,4.9,141.0,0,0,07-17,实体,0.0,0.0,2.9,07-18,一字,10.0,0.0,1.4,实体+0→一字+10,10.16,9.96,13.3,3.21,98,37,True,-0.79,-6.5,False,-6.5,1.0,False,3,封次日负,True,2025-07,2025,,,,,,二接三阳
600830.SSE,香溢融通,2024-01-26,二接三,2,阳,2024-01-24,-1.23,-8.1,16.0,++-,6.6,,0,0,01-24,下影,-1.0,1.8,10.6,01-25,下影,10.0,4.6,10.0,下影-1→下影+10,9.66,10.02,11.5,1.09,49,90,True,6.42,-10.04,False,-10.04,1.0,False,3,封次日负,True,2024-01,2024,,,,,,二接三阳
600830.SSE,香溢融通,2024-01-29,三接四,3,阳,2024-01-24,-1.23,-8.1,16.0,++-,6.6,,0,0,01-24,下影,-1.0,1.8,10.6,01-25,下影,10.0,4.6,10.0,下影-1→下影+10→下影+10,10.63,6.42,23.9,1.85,25,49,False,-25.59,-26.43,False,-26.43,1.0,False,3,炸板,True,2024-01,2024,01-26,下影,10.0,4.3,11.5,三接四阳
600830.SSE,香溢融通,2026-09-03,二接三,2,阳,2026-09-01,-0.36,-7.0,10.4,+++,3.5,627.0,0,0,09-01,实体,0.0,0.1,3.3,09-02,下影,3.5,3.5,8.4,实体+0→下影+3,11.17,3.45,25.8,3.29,42,50,False,-10.47,-12.35,False,-12.35,1.0,False,2,炸板,True,2026-09,2026,,,,,,二接三阳
600833.SSE,第一医药,2024-12-13,二接三,2,阴,2024-12-11,-0.97,-19.5,28.4,---,-14.5,,0,0,12-11,下影,5.7,1.1,4.4,12-12,下影,8.4,4.2,22.6,下影+6→下影+8,17.66,-2.37,26.1,2.25,84,119,False,-5.83,-9.74,False,-9.74,1.0,False,2,炸板,True,2024-12,2024,,,,,,二接三阴
600834.SSE,申通地铁,2024-07-25,二接三,2,阳,2024-07-23,0.44,-7.9,8.3,+++,7.5,,0,0,07-23,下影,0.7,0.9,3.7,07-24,下影,-1.3,3.7,5.4,下影+1→下影-1,9.2,4.43,4.9,1.59,32,20,True,6.52,4.13,False,4.13,1.0,False,3,封次日正,False,2024-07,2024,,,,,,二接三阳
600834.SSE,申通地铁,2024-07-26,三接四,3,阳,2024-07-23,0.44,-7.9,8.3,+++,7.5,,0,0,07-23,下影,0.7,0.9,3.7,07-24,下影,-1.3,3.7,5.4,下影+1→下影-1→实体+4,10.12,6.52,17.2,2.7,44,32,False,-14.82,-0.49,False,-0.49,1.0,False,3,炸板,True,2024-07,2024,07-25,实体,4.4,0.1,4.9,三接四阳
600837.SSE,海通证券,2024-10-14,二接三,2,阳,2024-10-10,3.79,-5.5,11.7,---,2.5,,0,0,10-10,一字,10.0,0.0,0.1,10-11,一字,10.1,0.0,0.0,一字+10→一字+10,11.68,9.98,7.4,4.57,71,28,True,-5.14,-7.28,False,-7.28,1.0,False,3,封次日负,True,2024-10,2024,,,,,,二接三阳
600838.SSE,上海九百,2024-09-10,二接三,2,阳,2024-09-06,1.79,-13.2,8.8,+--,-4.7,,0,0,09-06,下影,0.0,0.4,8.0,09-09,下影,5.3,6.2,6.7,下影+0→下影+5,7.59,10.0,13.8,2.3,31,39,True,-3.03,-10.01,False,-10.01,1.0,False,3,封次日负,True,2024-09,2024,,,,,,二接三阳
600838.SSE,上海九百,2025-12-22,二接三,2,阳,2025-12-18,3.85,-2.6,11.7,---,0.5,247.0,0,0,12-18,下影,0.1,1.0,10.7,12-19,实体,0.1,0.1,18.0,下影+0→实体+0,12.2,7.12,15.9,1.42,72,65,False,-9.92,-1.48,False,-1.48,1.0,False,2,炸板,True,2025-12,2025,,,,,,二接三阳
600839.SSE,四川长虹,2024-10-18,二接三,2,阴,2024-10-16,-1.46,-8.8,50.0,+++,21.6,6.0,2,2,10-16,下影,-1.3,0.5,15.9,10-17,下影,3.1,3.1,25.2,下影-1→下影+3,8.11,5.7,12.3,0.86,77,41,True,9.99,9.99,True,35.51,4.0,False,6,连板,False,2024-10,2024,,,,,,二接三阴
600839.SSE,四川长虹,2024-10-30,二接三,2,阳,2024-10-28,2.37,-5.1,177.1,+++,122.8,3.0,6,6,10-28,下影,2.0,3.1,15.4,10-29,下影,10.0,6.0,11.3,下影+2→下影+10,14.98,2.79,15.0,0.71,118,93,True,10.01,10.01,True,-1.0,2.0,False,4,连板,False,2024-10,2024,,,,,,二接三阳
600839.SSE,四川长虹,2024-10-31,三接四,3,阳,2024-10-28,2.37,-5.1,177.1,+++,122.8,3.0,6,6,10-28,下影,2.0,3.1,15.4,10-29,下影,10.0,6.0,11.3,下影+2→下影+10→下影+3,16.48,10.01,8.7,0.56,141,118,True,6.92,-10.01,False,-10.01,1.0,False,4,封次日负,True,2024-10,2024,10-30,下影,2.8,1.3,15.0,三接四阳
600841.SSE,动力新科,2024-07-15,二接三,2,阳,2024-07-11,1.26,-29.9,4.9,---,-10.1,73.0,0,5,07-11,下影,2.2,1.6,2.1,07-12,下影,-0.8,1.4,3.5,下影+2→下影-1,4.27,10.05,7.5,2.5,22,28,False,-16.86,-8.43,False,-8.43,1.0,False,2,炸板,True,2024-07,2024,,,,,,二接三阳
600841.SSE,动力新科,2024-07-29,二接三,2,阴,2024-07-25,-9.59,-14.8,35.6,+++,19.9,4.0,2,5,07-25,实体,-4.8,0.0,5.8,07-26,下影,5.9,8.3,10.4,实体-5→下影+6,5.53,0.2,8.2,1.08,47,44,True,-0.9,-2.71,False,-2.71,1.0,False,3,封次日负,True,2024-07,2024,,,,,,二接三阴
600841.SSE,动力新科,2024-11-08,二接三,2,阳,2024-11-06,1.01,-11.2,42.7,+++,2.9,65.0,0,3,11-06,一字,10.0,0.0,1.6,11-07,下影,10.0,4.7,9.8,一字+10→下影+10,6.67,3.63,4.3,0.99,95,157,True,4.95,-5.55,False,-5.55,1.0,False,3,封次日负,True,2024-11,2024,,,,,,二接三阳
600843.SSE,上工申贝,2024-03-13,二接三,2,阳,2024-03-11,0.22,-26.4,30.3,-+-,-4.4,,0,0,03-11,实体,0.7,0.2,3.2,03-12,一字,10.1,0.0,1.4,实体+1→一字+10,6.02,10.05,26.7,3.83,51,57,False,-13.46,-13.79,False,-13.79,1.0,False,2,炸板,True,2024-03,2024,,,,,,二接三阳
600843.SSE,上工申贝,2024-10-25,二接三,2,阴,2024-10-23,1.4,-7.8,53.1,+++,31.5,52.0,2,2,10-23,实体,-5.0,0.0,27.4,10-24,下影,10.0,2.1,12.3,实体-5→下影+10,12.55,9.55,12.2,0.55,121,67,True,10.04,10.04,True,41.04,4.0,False,6,连板,False,2024-10,2024,,,,,,二接三阴
600844.SSE,金煤科技,2026-03-30,二接三,2,阳,2026-03-26,0.24,-10.0,45.9,-++,26.7,535.0,0,0,03-26,下影,-1.5,0.5,22.4,03-27,下影,0.0,0.9,11.8,下影-1→下影+0,5.49,10.02,34.2,1.55,55,72,False,-8.01,-11.29,False,-11.29,1.0,False,2,炸板,True,2026-03,2026,,,,,,二接三阳
600847.SSE,万里股份,2024-09-10,二接三,2,阳,2024-09-06,0.14,-1.8,19.9,+++,1.2,80.0,0,2,09-06,下影,4.4,2.9,3.6,09-09,下影,9.0,2.3,3.2,下影+4→下影+9,9.31,10.05,12.7,2.68,31,39,False,-16.11,-7.63,False,-7.63,1.0,False,2,炸板,True,2024-09,2024,,,,,,二接三阳
600851.SSE,海欣股份,2024-12-16,二接三,2,阳,2024-12-12,2.82,-8.2,34.9,-+-,1.1,47.0,2,2,12-12,下影,0.2,1.1,2.6,12-13,下影,5.6,5.1,11.1,下影+0→下影+6,8.24,-2.67,9.2,1.81,89,84,True,2.55,-9.95,False,-9.95,1.0,False,3,封次日负,True,2024-12,2024,,,,,,二接三阳
600851.SSE,海欣股份,2026-06-23,二接三,2,阴,2026-06-18,-3.94,-18.8,5.5,+--,-8.1,363.0,0,0,06-18,实体,0.1,0.0,2.3,06-22,下影,7.1,2.0,6.4,实体+0→下影+7,9.72,2.38,6.2,1.86,87,122,True,8.54,3.81,False,3.81,1.0,False,3,封次日正,False,2026-06,2026,,,,,,二接三阴
600851.SSE,海欣股份,2026-06-24,三接四,3,阴,2026-06-18,-3.94,-18.8,5.5,+--,-8.1,363.0,0,0,06-18,实体,0.1,0.0,2.3,06-22,下影,7.1,2.0,6.4,实体+0→下影+7→实体+2,10.69,8.54,12.6,2.23,87,87,False,-5.99,-8.51,False,-8.51,1.0,False,3,炸板,True,2026-06,2026,06-23,实体,2.4,0.0,6.2,三接四阴
600853.SSE,龙建股份,2023-10-27,二接三,2,阳,2023-10-25,4.18,-23.0,5.0,---,-15.3,,0,0,10-25,下影,9.8,3.0,5.2,10-26,下影,4.6,2.1,11.1,下影+10→下影+5,5.31,9.94,22.5,2.5,67,34,False,-14.12,-12.99,False,-12.99,1.0,False,2,炸板,True,2023-10,2023,,,,,,二接三阳
600855.SSE,航天长峰,2024-04-24,二接三,2,阳,2024-04-22,-0.26,-24.1,19.3,---,-17.6,,0,0,04-22,下影,0.7,2.2,1.7,04-23,下影,1.9,0.4,5.2,下影+1→下影+2,10.19,5.72,11.6,2.84,31,36,False,-9.81,-13.25,False,-13.25,1.0,False,2,炸板,True,2024-04,2024,,,,,,二接三阳
600855.SSE,航天长峰,2024-08-02,二接三,2,阳,2024-07-31,1.48,-11.3,16.7,+--,-3.5,67.0,0,2,07-31,实体,-2.2,0.0,4.6,08-01,一字,10.0,0.0,1.3,实体-2→一字+10,12.77,7.67,19.4,3.09,39,50,False,-13.08,-13.86,False,-13.86,1.0,False,2,炸板,True,2024-08,2024,,,,,,二接三阳
600855.SSE,航天长峰,2025-05-09,二接三,2,阳,2025-05-07,3.2,-10.4,17.1,-+-,1.5,181.0,0,0,05-07,下影,3.9,0.9,4.4,05-08,一字,10.0,0.0,5.4,下影+4→一字+10,14.61,10.02,31.0,3.58,27,51,False,-12.59,0.62,False,0.62,1.0,False,2,炸板,False,2025-05,2025,,,,,,二接三阳
600858.SSE,银座股份,2025-01-09,二接三,2,阴,2025-01-07,-6.59,-22.9,12.1,+-+,-9.2,,0,0,01-07,下影,-0.4,3.5,9.3,01-08,下影,0.9,2.6,6.7,下影-0→下影+1,6.41,9.95,10.4,1.29,77,53,True,7.33,-9.98,False,-9.98,1.0,False,3,封次日负,True,2025-01,2025,,,,,,二接三阴
600860.SSE,京城股份,2023-06-27,二接三,2,阴,2023-06-21,-1.74,-33.0,0.1,---,-10.9,,0,0,06-21,下影,-0.1,1.3,3.9,06-26,下影,4.1,1.9,8.7,下影-0→下影+4,13.53,4.88,5.7,1.4,48,32,True,9.98,3.55,False,3.55,1.0,False,3,封次日正,False,2023-06,2023,,,,,,二接三阴
600860.SSE,京城股份,2023-06-28,三接四,3,阴,2023-06-21,-1.74,-33.0,0.1,---,-10.9,,0,0,06-21,下影,-0.1,1.3,3.9,06-26,下影,4.1,1.9,8.7,下影-0→下影+4→下影+5,14.88,9.98,15.5,2.34,28,48,False,-7.26,-9.21,False,-9.21,1.0,False,3,炸板,True,2023-06,2023,06-27,下影,4.9,3.1,5.7,三接四阴
600860.SSE,京城股份,2024-03-01,二接三,2,阳,2024-02-28,1.07,-27.4,45.8,+--,-6.4,163.0,0,0,02-28,下影,0.7,0.4,10.4,02-29,下影,3.2,3.2,12.6,下影+1→下影+3,13.78,9.98,18.3,1.87,56,82,False,-17.56,-15.97,False,-15.97,1.0,False,2,炸板,True,2024-03,2024,,,,,,二接三阳
600861.SSE,北京人力,2024-09-30,二接三,2,阴,2024-09-26,-0.28,-16.3,11.1,++-,6.6,,0,0,09-26,下影,3.1,1.4,3.8,09-27,下影,7.0,2.2,3.5,下影+3→下影+7,19.11,1.5,4.9,1.51,626,107,False,9.79,2.2,False,2.2,1.0,False,2,炸板,False,2024-09,2024,,,,,,二接三阴
600865.SSE,百大集团,2024-10-30,二接三,2,阳,2024-10-28,6.07,-4.1,31.9,+++,26.0,,0,0,10-28,下影,0.6,1.3,2.4,10-29,下影,9.5,3.1,5.5,下影+1→下影+9,10.47,9.56,2.2,0.79,118,93,True,10.03,10.03,True,-0.96,2.0,False,4,连板,False,2024-10,2024,,,,,,二接三阳
600865.SSE,百大集团,2024-10-31,三接四,3,阳,2024-10-28,6.07,-4.1,31.9,+++,26.0,,0,0,10-28,下影,0.6,1.3,2.4,10-29,下影,9.5,3.1,5.5,下影+1→下影+9→下影+10,11.52,10.03,10.6,2.22,141,118,True,0.0,-9.98,False,-9.98,1.0,False,4,封次日负,True,2024-10,2024,10-30,下影,9.6,1.4,2.2,三接四阳
600865.SSE,百大集团,2025-04-22,二接三,2,阳,2025-04-18,2.41,-11.6,19.6,++-,1.9,73.0,0,4,04-18,实体,-1.3,0.0,4.7,04-21,下影,9.0,2.3,3.4,实体-1→下影+9,12.42,10.01,5.5,1.27,68,86,True,4.59,-8.7,False,-8.7,1.0,False,3,封次日负,True,2025-04,2025,,,,,,二接三阳
600865.SSE,百大集团,2025-12-15,二接三,2,阳,2025-12-11,0.51,-11.1,10.7,+++,2.6,157.0,0,0,12-11,下影,-0.4,3.4,13.0,12-12,下影,3.4,7.5,15.9,下影-0→下影+3,13.07,-2.44,17.2,1.58,53,67,True,10.02,10.02,True,37.8,4.0,False,6,连板,False,2025-12,2025,,,,,,二接三阳
600868.SSE,梅雁吉祥,2025-10-15,二接三,2,阳,2025-10-13,0.36,-9.5,3.4,---,-1.1,202.0,0,0,10-13,下影,0.4,0.4,15.1,10-14,下影,5.9,0.7,10.2,下影+0→下影+6,3.66,-0.9,27.1,2.41,58,34,False,-11.75,-12.02,False,-12.02,1.0,False,2,炸板,True,2025-10,2025,,,,,,二接三阳
600869.SSE,远东股份,2026-01-08,二接三,2,阳,2026-01-06,1.99,-6.9,24.0,+++,17.8,,0,0,01-06,下影,0.9,1.7,6.3,01-07,下影,3.1,3.3,5.6,下影+1→下影+3,10.92,5.14,2.2,0.54,77,63,True,9.98,-3.3,False,-3.3,1.0,False,3,封次日负,True,2026-01,2026,,,,,,二接三阳
600869.SSE,远东股份,2026-01-09,三接四,3,阳,2026-01-06,1.99,-6.9,24.0,+++,17.8,,0,0,01-06,下影,0.9,1.7,6.3,01-07,下影,3.1,3.3,5.6,下影+1→下影+3→实体+5,12.01,9.98,16.5,2.42,79,77,False,-9.83,-9.33,False,-9.33,1.0,False,3,炸板,True,2026-01,2026,01-08,实体,5.1,0.1,2.2,三接四阳
600871.SSE,石化油服,2026-01-30,二接三,2,阴,2026-01-28,-0.74,-6.0,29.0,+++,22.5,68.0,0,2,01-28,下影,4.1,1.5,2.3,01-29,下影,9.9,9.5,6.6,下影+4→下影+10,3.55,3.41,8.5,1.79,41,74,False,-13.52,-13.52,False,-13.52,1.0,False,2,炸板,True,2026-01,2026,,,,,,二接三阴
600871.SSE,石化油服,2026-03-04,二接三,2,阳,2026-03-02,0.31,-9.6,55.1,+++,23.5,16.0,2,2,03-02,下影,10.0,3.7,1.8,03-03,一字,9.9,0.0,0.3,下影+10→一字+10,4.27,10.05,9.2,2.8,34,67,True,-2.58,-6.56,False,-6.56,1.0,False,3,封次日负,True,2026-03,2026,,,,,,二接三阳
600875.SSE,东方电气,2025-07-23,二接三,2,阳,2025-07-21,3.06,-0.8,18.0,+++,9.7,,0,0,07-21,一字,10.0,0.0,0.7,07-22,一字,10.0,0.0,0.3,一字+10→一字+10,23.74,10.01,10.5,3.75,43,82,True,-3.12,-2.32,False,-2.32,1.0,False,3,封次日负,True,2025-07,2025,,,,,,二接三阳
600879.SSE,航天电子,2026-01-12,二接三,2,阳,2026-01-08,-0.92,-3.9,128.4,+++,76.8,15.0,2,2,01-08,实体,-1.0,0.0,11.9,01-09,下影,5.4,1.5,19.4,实体-1→下影+5,31.56,6.31,12.2,0.77,124,79,True,2.12,-10.01,False,-10.01,1.0,False,3,封次日负,True,2026-01,2026,,,,,,二接三阳
600880.SSE,博瑞传播,2024-12-17,二接三,2,阳,2024-12-13,1.13,-2.6,55.1,+++,14.3,,0,0,12-13,下影,-0.7,0.4,15.1,12-16,下影,6.6,0.5,3.8,下影-1→下影+7,7.13,10.03,28.7,2.5,25,89,False,-13.6,1.26,True,-8.84,2.0,False,4,炸板,False,2024-12,2024,,,,,,二接三阳
600880.SSE,博瑞传播,2026-01-13,二接三,2,阳,2026-01-09,1.03,-5.0,25.6,++-,10.5,259.0,0,0,01-09,实体,2.0,0.0,12.2,01-12,一字,10.0,0.0,2.8,实体+2→一字+10,7.83,9.97,27.6,2.07,52,124,False,-11.88,-9.71,False,-9.71,1.0,False,2,炸板,True,2026-01,2026,,,,,,二接三阳
600881.SSE,亚泰集团,2024-07-03,二接三,2,阳,2024-07-01,3.66,-52.5,10.4,---,-26.1,60.0,2,2,07-01,一字,10.6,0.0,0.4,07-02,一字,9.6,0.0,0.2,一字+11→一字+10,1.13,9.71,6.2,2.25,26,33,True,-5.31,1.77,False,1.77,1.0,False,3,封次日正,False,2024-07,2024,,,,,,二接三阳
600881.SSE,亚泰集团,2024-09-26,三接四,3,阳,2024-09-23,1.92,-11.7,37.7,++-,1.9,56.0,3,3,09-23,下影,0.9,0.9,5.2,09-24,下影,6.0,0.9,2.7,下影+1→下影+6→一字+10,1.56,2.82,10.3,2.44,125,43,True,10.26,10.26,True,19.87,4.0,False,7,连板,False,2024-09,2024,09-25,一字,10.1,0.0,0.6,三接四阳
600881.SSE,亚泰集团,2024-12-09,二接三,2,阴,2024-12-05,-3.06,-18.8,88.1,+--,-5.5,42.0,7,7,12-05,实体,-2.1,0.0,9.0,12-06,下影,2.9,2.9,15.4,实体-2→下影+3,2.53,0.0,15.0,1.56,83,94,False,-9.09,-15.02,False,-15.02,1.0,False,2,炸板,True,2024-12,2024,,,,,,二接三阴
600881.SSE,亚泰集团,2024-12-13,二接三,2,阴,2024-12-11,-3.59,-15.0,112.9,++-,5.9,3.0,7,7,12-11,下影,0.0,2.3,11.0,12-12,下影,10.1,4.6,8.3,下影+0→下影+10,2.87,6.9,22.9,1.72,84,119,False,-12.54,0.7,True,-9.41,2.0,False,4,炸板,False,2024-12,2024,,,,,,二接三阴
600881.SSE,亚泰集团,2026-08-13,二接三,2,阴,2026-08-11,-1.73,-17.1,18.9,-++,3.0,300.0,0,0,08-11,下影,0.0,1.2,5.3,08-12,下影,1.6,2.1,11.9,下影+0→下影+2,2.27,4.37,8.9,1.47,50,86,True,8.37,-3.96,False,-3.96,1.0,False,3,封次日负,True,2026-08,2026,,,,,,二接三阴
600892.SSE,大晟文化,2026-08-06,二接三,2,阳,2026-08-04,1.47,-18.3,15.8,+--,-2.5,354.0,0,0,08-04,下影,0.9,0.6,3.8,08-05,下影,6.6,1.3,5.4,下影+1→下影+7,4.58,10.1,26.0,3.22,69,93,True,-5.46,-10.04,False,-10.04,1.0,False,3,封次日负,True,2026-08,2026,,,,,,二接三阳
600892.SSE,大晟文化,2026-09-03,三接四,3,阳,2026-08-31,0.75,-12.2,35.4,+-+,18.6,17.0,3,3,08-31,下影,0.2,1.0,10.5,09-01,一字,10.0,0.0,1.4,下影+0→一字+10→一字+10,5.89,0.0,42.1,3.47,42,50,False,-16.64,-16.64,False,-16.64,1.0,False,3,炸板,True,2026-09,2026,09-02,一字,10.1,0.0,2.0,三接四阳
600895.SSE,张江高科,2023-09-08,二接三,2,阳,2023-09-06,1.69,-9.7,23.0,++-,1.6,,0,0,09-06,下影,0.1,0.4,4.6,09-07,下影,7.6,3.8,8.0,下影+0→下影+8,21.58,5.5,3.9,0.89,26,12,True,9.73,10.01,True,13.9,2.0,False,4,连板,False,2023-09,2023,,,,,,二接三阳
600895.SSE,张江高科,2023-09-11,三接四,3,阳,2023-09-06,1.69,-9.7,23.0,++-,1.6,,0,0,09-06,下影,0.1,0.4,4.6,09-07,下影,7.6,3.8,8.0,下影+0→下影+8→实体+6,23.74,9.73,18.2,2.37,20,26,True,2.86,3.54,False,3.54,1.0,False,4,封次日正,False,2023-09,2023,09-08,实体,5.5,0.0,3.9,三接四阳
600903.SSE,贵州燃气,2026-05-20,二接三,2,阳,2026-05-18,4.43,-3.5,30.0,+++,26.7,2.0,2,2,05-18,实体,-4.9,0.0,8.0,05-19,下影,6.7,1.1,5.1,实体-5→下影+7,10.66,6.19,19.2,1.8,51,75,False,-12.85,-6.29,False,-6.29,1.0,False,2,炸板,True,2026-05,2026,,,,,,二接三阳
600906.SSE,财达证券,2023-08-03,二接三,2,阳,2023-08-01,0.88,-1.8,14.8,+++,10.9,,0,0,08-01,下影,-1.1,0.5,16.7,08-02,下影,3.8,0.3,20.9,下影-1→下影+4,10.73,10.05,35.3,2.06,17,20,False,-6.62,-6.99,False,-6.99,1.0,False,2,炸板,True,2023-08,2023,,,,,,二接三阳
600906.SSE,财达证券,2024-10-08,二接三,2,阳,2024-09-27,7.79,-0.4,20.9,+++,19.6,281.0,0,0,09-27,下影,3.8,2.9,5.0,09-30,下影,9.9,4.7,8.8,下影+4→下影+10,8.83,9.96,9.0,1.44,352,626,True,-6.0,-9.97,False,-9.97,1.0,False,3,封次日负,True,2024-10,2024,,,,,,二接三阳
600916.SSE,中国黄金,2026-01-27,二接三,2,阳,2026-01-23,-1.3,-2.2,5.0,+++,3.2,,0,0,01-23,下影,1.3,0.6,8.7,01-26,下影,5.3,1.5,9.4,下影+1→下影+5,11.15,6.21,14.4,1.74,46,57,True,10.04,10.04,True,31.66,3.0,False,5,连板,False,2026-01,2026,,,,,,二接三阳
600927.SSE,永安期货,2025-07-09,二接三,2,阳,2025-07-07,1.21,-12.8,23.4,--+,5.5,182.0,0,0,07-07,实体,0.0,0.0,1.1,07-08,下影,2.4,4.0,4.6,实体+0→下影+2,18.9,-0.06,6.5,2.4,40,57,False,-8.94,-9.58,False,-9.58,1.0,False,2,炸板,True,2025-07,2025,,,,,,二接三阳
600936.SSE,北投科技,2023-07-25,二接三,2,阴,2023-07-21,-0.78,-19.3,2.1,-+-,-8.6,,0,0,07-21,实体,2.6,0.0,2.0,07-24,下影,0.2,2.1,3.8,实体+3→下影+0,5.1,9.91,3.3,1.74,45,19,True,0.0,-6.86,False,-6.86,1.0,False,3,封次日负,True,2023-07,2023,,,,,,二接三阴
600936.SSE,北投科技,2024-08-30,二接三,2,阴,2024-08-28,-2.49,-18.3,2.1,--+,-3.0,267.0,0,0,08-28,下影,0.0,1.5,2.4,08-29,下影,-0.9,2.3,3.6,下影+0→下影-1,2.62,0.0,5.4,2.22,47,37,True,-1.53,-9.92,False,-9.92,1.0,False,3,封次日负,True,2024-08,2024,,,,,,二接三阴
600936.SSE,北投科技,2025-01-22,二接三,2,阳,2025-01-20,-1.41,-26.3,9.8,+--,-16.7,93.0,0,3,01-20,一字,10.0,0.0,0.3,01-21,一字,10.1,0.0,0.4,一字+10→一字+10,3.73,10.03,8.1,4.09,36,38,True,-1.61,-9.92,False,-9.92,1.0,False,3,封次日负,True,2025-01,2025,,,,,,二接三阳
600936.SSE,北投科技,2025-12-15,二接三,2,阴,2025-12-11,-0.29,-12.6,0.9,---,-7.6,185.0,0,0,12-11,实体,7.6,0.0,1.5,12-12,下影,8.3,5.9,9.7,实体+8→下影+8,4.52,1.7,14.8,2.73,53,67,True,6.19,-9.96,False,-9.96,1.0,False,3,封次日负,True,2025-12,2025,,,,,,二接三阴
600936.SSE,北投科技,2026-05-11,二接三,2,阳,2026-05-07,3.39,-6.6,17.3,+-+,6.5,91.0,0,3,05-07,下影,0.7,0.5,6.0,05-08,下影,5.5,2.3,4.5,下影+1→下影+6,5.69,3.29,15.5,2.64,76,89,False,-10.37,-9.49,False,-9.49,1.0,False,2,炸板,True,2026-05,2026,,,,,,二接三阳
600939.SSE,重庆建工,2025-11-10,二接三,2,阳,2025-11-06,2.5,-15.7,4.5,---,-0.6,256.0,0,0,11-06,下影,0.6,1.2,3.4,11-07,一字,10.0,0.0,2.2,下影+1→一字+10,4.37,5.79,5.7,2.21,56,45,True,2.97,-0.46,False,-0.46,1.0,False,3,封次日负,True,2025-11,2025,,,,,,二接三阳
600939.SSE,重庆建工,2025-11-11,三接四,3,阳,2025-11-06,2.5,-15.7,4.5,---,-0.6,256.0,0,0,11-06,下影,0.6,1.2,3.4,11-07,一字,10.0,0.0,2.2,下影+1→一字+10→下影+6,4.81,2.97,11.8,2.45,52,56,False,-13.93,-16.22,False,-16.22,1.0,False,3,炸板,True,2025-11,2025,11-10,下影,5.8,5.0,5.7,三接四阳
600960.SSE,渤海汽车,2024-02-28,二接三,2,阳,2024-02-26,4.19,-41.9,29.7,+--,-12.5,,0,0,02-26,下影,2.2,1.2,3.1,02-27,下影,4.2,3.9,4.4,下影+2→下影+4,4.3,4.86,12.2,2.67,23,69,False,-22.09,-14.42,False,-14.42,1.0,False,2,炸板,True,2024-02,2024,,,,,,二接三阳
600962.SSE,国投中鲁,2026-06-29,二接三,2,阴,2026-06-25,-4.39,-17.3,30.8,++-,-6.7,230.0,0,0,06-25,下影,0.6,2.1,4.4,06-26,下影,3.8,1.7,3.8,下影+1→下影+4,31.9,5.17,16.4,2.68,89,51,False,-8.59,-5.42,False,-5.42,1.0,False,2,炸板,True,2026-06,2026,,,,,,二接三阴
600969.SSE,郴电国际,2024-05-29,三接四,3,阴,2024-05-24,-3.51,-9.1,16.5,-++,12.9,,0,0,05-24,一字,10.0,0.0,0.9,05-27,一字,10.1,0.0,1.2,一字+10→一字+10→一字+10,8.06,9.96,19.6,3.66,21,18,True,3.85,-10.05,False,-10.05,1.0,False,4,封次日负,True,2024-05,2024,05-28,一字,10.1,0.0,4.0,三接四阴
600973.SSE,宝胜股份,2024-12-30,二接三,2,阴,2024-12-26,-5.45,-8.8,47.7,+++,24.4,,0,0,12-26,下影,-1.9,2.9,6.2,12-27,下影,10.0,3.3,13.9,下影-2→下影+10,6.92,5.88,20.2,1.48,36,61,False,-11.13,-8.96,False,-8.96,1.0,False,2,炸板,True,2024-12,2024,,,,,,二接三阴
600973.SSE,宝胜股份,2025-12-09,二接三,2,阳,2025-12-05,1.9,-12.0,7.0,+--,-8.9,227.0,0,0,12-05,下影,-0.4,0.9,5.8,12-08,下影,6.8,2.2,14.6,下影-0→下影+7,7.13,4.17,24.9,2.45,46,63,False,-10.66,-10.52,False,-10.52,1.0,False,2,炸板,True,2025-12,2025,,,,,,二接三阳
600979.SSE,广安爱众,2024-11-25,二接三,2,阳,2024-11-21,2.99,-4.1,37.3,-++,7.1,,0,0,11-21,下影,0.3,1.1,9.2,11-22,下影,2.9,1.7,23.4,下影+0→下影+3,5.05,0.22,20.0,1.75,132,60,True,2.97,-9.9,False,-9.9,1.0,False,3,封次日负,True,2024-11,2024,,,,,,二接三阳
600979.SSE,广安爱众,2024-12-03,二接三,2,阴,2024-11-29,-9.49,-19.7,55.4,+++,10.9,4.0,3,3,11-29,实体,0.9,0.0,9.6,12-02,下影,7.8,2.5,14.9,实体+1→下影+8,5.71,-1.93,22.1,1.35,92,132,True,0.88,-7.88,False,-7.88,1.0,False,3,封次日负,True,2024-12,2024,,,,,,二接三阴
600979.SSE,广安爱众,2024-12-12,二接三,2,阴,2024-12-10,-4.89,-14.9,90.2,+++,35.3,5.0,3,3,12-10,下影,2.7,4.2,16.3,12-11,下影,10.0,1.4,11.7,下影+3→下影+10,7.0,-5.97,26.7,1.49,119,119,True,-2.71,10.0,True,-1.0,2.0,False,4,连板,False,2024-12,2024,,,,,,二接三阴
600979.SSE,广安爱众,2024-12-13,三接四,3,阴,2024-12-10,-4.89,-14.9,90.2,+++,35.3,5.0,3,3,12-10,下影,2.7,4.2,16.3,12-11,下影,10.0,1.4,11.7,下影+3→下影+10→下影-6,7.7,-2.71,28.4,1.46,84,119,True,0.0,-10.0,False,-10.0,1.0,False,4,封次日负,True,2024-12,2024,12-12,下影,-6.0,2.0,26.7,三接四阴
600980.SSE,北矿科技,2025-06-11,二接三,2,阳,2025-06-09,0.35,-9.0,21.5,-++,2.8,,0,0,06-09,下影,1.3,0.4,8.3,06-10,一字,10.0,0.0,1.3,下影+1→一字+10,22.75,10.01,9.8,2.07,44,36,True,10.02,10.02,True,27.47,3.0,False,5,连板,False,2025-06,2025,,,,,,二接三阳
600981.SSE,苏豪汇鸿,2023-12-08,二接三,2,阳,2023-12-06,0.66,-4.4,17.2,+++,10.8,,0,0,12-06,一字,10.1,0.0,0.9,12-07,一字,10.1,0.0,0.8,一字+10→一字+10,4.09,1.88,11.4,3.07,27,33,False,-19.07,-19.32,False,-19.32,1.0,False,2,炸板,True,2023-12,2023,,,,,,二接三阳
600981.SSE,苏豪汇鸿,2024-10-23,二接三,2,阳,2024-10-21,1.98,-19.2,34.6,-++,13.2,207.0,0,0,10-21,下影,2.9,1.0,1.8,10-22,下影,6.6,4.0,3.4,下影+3→下影+7,2.75,10.0,1.9,1.06,76,85,True,9.09,-7.64,False,-7.64,1.0,False,3,封次日负,True,2024-10,2024,,,,,,二接三阳
600981.SSE,苏豪汇鸿,2025-12-02,二接三,2,阴,2025-11-28,-0.36,-15.4,1.8,---,-0.4,209.0,0,0,11-28,下影,0.0,0.7,2.8,12-01,下影,-0.6,1.0,7.2,下影+0→下影-1,3.73,4.72,4.6,1.4,41,54,True,9.92,-2.68,False,-2.68,1.0,False,3,封次日负,True,2025-12,2025,,,,,,二接三阴
600981.SSE,苏豪汇鸿,2025-12-03,三接四,3,阴,2025-11-28,-0.36,-15.4,1.8,---,-0.4,209.0,0,0,11-28,下影,0.0,0.7,2.8,12-01,下影,-0.6,1.0,7.2,下影+0→下影-1→下影+5,4.1,9.92,15.0,2.46,46,41,False,-15.85,-17.8,False,-17.8,1.0,False,3,炸板,True,2025-12,2025,12-02,下影,4.7,0.6,4.6,三接四阴
600982.SSE,宁波能源,2024-12-19,三接四,3,阳,2024-12-16,0.24,-2.8,31.5,+++,8.5,,0,0,12-16,实体,3.8,0.0,4.6,12-17,下影,9.9,5.0,12.8,实体+4→下影+10→一字+10,6.17,9.98,25.1,2.69,50,84,False,-12.48,-16.05,False,-16.05,1.0,False,3,炸板,True,2024-12,2024,12-18,一字,10.0,0.0,1.4,三接四阳
600983.SSE,惠而浦,2024-12-10,二接三,2,阳,2024-12-06,5.32,0.0,45.4,+++,8.7,,0,0,12-06,下影,6.4,3.1,3.5,12-09,下影,3.1,1.7,3.5,下影+6→下影+3,12.91,9.97,1.5,0.79,82,83,True,-7.9,-7.05,False,-7.05,1.0,False,3,封次日负,True,2024-12,2024,,,,,,二接三阳
600986.SSE,浙文互联,2025-02-14,二接三,2,阴,2025-02-12,-4.31,-8.0,50.5,+++,43.3,,0,0,02-12,实体,-1.0,0.0,21.7,02-13,下影,3.5,2.9,12.0,实体-1→下影+4,10.36,4.99,32.1,1.47,53,45,False,-9.07,-5.41,True,0.39,2.0,False,4,炸板,True,2025-02,2025,,,,,,二接三阴
600986.SSE,浙文互联,2026-01-13,二接三,2,阳,2026-01-09,5.34,-14.5,25.8,++-,-1.0,223.0,0,0,01-09,下影,-0.8,1.0,16.0,01-12,实体,7.0,0.1,6.3,下影-1→实体+7,11.81,9.96,16.7,1.49,52,124,False,0.08,4.91,True,-5.59,2.0,False,4,炸板,False,2026-01,2026,,,,,,二接三阳
600990.SSE,四创电子,2024-05-09,二接三,2,阳,2024-05-07,0.81,-9.5,79.5,++-,0.3,7.0,2,2,05-07,实体,0.5,0.0,3.0,05-08,下影,6.1,1.9,14.5,实体+1→下影+6,24.89,-3.27,18.0,2.03,38,37,True,4.34,-10.0,False,-10.0,1.0,False,3,封次日负,True,2024-05,2024,,,,,,二接三阳
600996.SSE,贵广网络,2024-06-03,二接三,2,阴,2024-05-30,-0.61,-27.7,5.5,--+,-5.2,,0,0,05-30,下影,2.4,3.1,2.8,05-31,下影,5.7,4.6,4.5,下影+2→下影+6,8.7,1.14,5.5,1.98,10,18,True,4.6,-0.57,False,-0.57,1.0,False,3,封次日负,True,2024-06,2024,,,,,,二接三阴
600996.SSE,贵广网络,2025-09-23,二接三,2,阴,2025-09-19,-1.21,-9.1,2.8,---,-3.7,319.0,0,0,09-19,实体,2.7,0.0,5.4,09-22,下影,3.8,1.7,4.2,实体+3→下影+4,10.88,10.01,6.1,1.65,42,54,True,-0.74,-10.02,False,-10.02,1.0,False,3,封次日负,True,2025-09,2025,,,,,,二接三阴
600999.SSE,招商证券,2024-10-09,二接三,2,阳,2024-09-30,6.45,0.0,31.1,+++,19.8,,0,0,09-30,下影,9.3,5.1,1.9,10-08,一字,10.0,0.0,0.4,下影+9→一字+10,23.52,5.0,4.4,2.52,29,352,False,-2.68,-9.18,False,-9.18,1.0,False,2,炸板,True,2024-10,2024,,,,,,二接三阳
601002.SSE,晋亿实业,2024-11-01,二接三,2,阴,2024-10-30,-1.89,-7.6,28.6,+++,15.6,,0,0,10-30,一字,9.9,0.0,1.5,10-31,下影,10.0,4.0,5.2,一字+10→下影+10,4.84,6.82,11.1,2.77,74,141,False,-10.95,-1.65,True,-2.07,2.0,False,4,炸板,True,2024-11,2024,,,,,,二接三阴
601003.SSE,柳钢股份,2025-07-03,二接三,2,阳,2025-07-01,0.57,-4.3,36.4,-+-,-0.8,,0,0,07-01,实体,0.0,0.0,1.3,07-02,下影,0.8,2.3,4.0,实体+0→下影+1,4.69,9.62,8.4,2.83,52,51,True,2.35,10.02,True,1.28,2.0,False,4,连板,False,2025-07,2025,,,,,,二接三阳
601003.SSE,柳钢股份,2025-07-04,三接四,3,阳,2025-07-01,0.57,-4.3,36.4,-+-,-0.8,,0,0,07-01,实体,0.0,0.0,1.3,07-02,下影,0.8,2.3,4.0,实体+0→下影+1→下影+10,5.16,2.35,4.5,1.19,30,52,True,3.1,-7.95,False,-7.95,1.0,False,4,封次日负,True,2025-07,2025,07-03,下影,9.6,9.4,8.4,三接四阳
601003.SSE,柳钢股份,2025-07-21,二接三,2,阴,2025-07-17,-9.16,-12.9,81.4,+++,41.3,9.0,4,4,07-17,下影,-0.2,4.0,6.1,07-18,下影,2.2,2.0,9.4,下影-0→下影+2,6.74,2.94,4.6,0.65,98,37,True,3.86,9.94,True,15.58,2.0,False,4,连板,False,2025-07,2025,,,,,,二接三阴
601003.SSE,柳钢股份,2025-07-22,三接四,3,阴,2025-07-17,-9.16,-12.9,81.4,+++,41.3,9.0,4,4,07-17,下影,-0.2,4.0,6.1,07-18,下影,2.2,2.0,9.4,下影-0→下影+2→实体+3,7.41,3.86,6.8,0.98,82,98,True,6.61,5.13,False,5.13,1.0,False,4,封次日正,False,2025-07,2025,07-21,实体,2.9,0.0,4.6,三接四阴
601007.SSE,金陵饭店,2025-04-18,二接三,2,阳,2025-04-16,0.0,-3.3,14.2,+-+,-0.7,,0,0,04-16,下影,-0.7,0.4,10.6,04-17,下影,3.4,1.2,17.7,下影-1→下影+3,9.31,10.05,29.2,2.33,50,78,False,-11.92,-12.14,False,-12.14,1.0,False,2,炸板,True,2025-04,2025,,,,,,二接三阳
601008.SSE,连云港,2025-04-08,二接三,2,阴,2025-04-03,-0.52,-3.5,9.0,-++,5.5,,0,0,04-03,实体,-0.8,0.0,6.9,04-07,下影,4.5,3.1,14.0,实体-1→下影+4,5.15,5.77,4.4,0.82,99,18,True,10.1,10.1,True,27.96,4.0,False,6,连板,False,2025-04,2025,,,,,,二接三阴
601008.SSE,连云港,2025-05-15,二接三,2,阴,2025-05-13,0.0,-28.8,39.9,--+,-10.4,11.0,6,6,05-13,实体,3.3,0.0,17.0,05-14,下影,3.2,0.9,16.3,实体+3→下影+3,6.77,6.18,8.7,0.8,40,51,True,0.0,10.04,True,9.01,3.0,False,5,连板,False,2025-05,2025,,,,,,二接三阴
601008.SSE,连云港,2025-05-16,三接四,3,阴,2025-05-13,0.0,-28.8,39.9,--+,-10.4,11.0,6,6,05-13,实体,3.3,0.0,17.0,05-14,下影,3.2,0.9,16.3,实体+3→下影+3→下影+6,7.45,0.0,28.2,1.87,51,40,True,-0.67,10.07,True,-0.94,2.0,False,5,连板,False,2025-05,2025,05-15,下影,6.2,0.8,8.7,三接四阴
601011.SSE,宝泰隆,2024-12-06,二接三,2,阳,2024-12-04,0.36,-6.4,78.7,+++,10.8,41.0,2,2,12-04,下影,5.8,3.6,10.2,12-05,下影,5.6,2.3,18.7,下影+6→下影+6,3.7,7.14,24.8,2.0,94,103,False,-14.05,-16.76,False,-16.76,1.0,False,2,炸板,True,2024-12,2024,,,,,,二接三阳
601011.SSE,宝泰隆,2025-10-14,二接三,2,阳,2025-10-10,3.12,-4.5,11.2,--+,6.8,185.0,0,0,10-10,实体,3.4,0.0,4.4,10-13,一字,10.1,0.0,2.4,实体+3→一字+10,3.96,10.0,6.3,1.81,34,48,True,1.01,-9.34,False,-9.34,1.0,False,3,封次日负,True,2025-10,2025,,,,,,二接三阳
601020.SSE,华钰矿业,2024-05-29,二接三,2,阳,2024-05-27,7.45,-2.4,70.1,+++,55.8,,0,0,05-27,下影,3.8,2.2,11.5,05-28,实体,5.0,0.0,10.1,下影+4→实体+5,17.08,5.92,7.5,0.77,21,18,True,9.95,-6.15,False,-6.15,1.0,False,3,封次日负,True,2024-05,2024,,,,,,二接三阳
601020.SSE,华钰矿业,2024-05-30,三接四,3,阳,2024-05-27,7.45,-2.4,70.1,+++,55.8,,0,0,05-27,下影,3.8,2.2,11.5,05-28,实体,5.0,0.0,10.1,下影+4→实体+5→下影+6,18.79,9.95,25.0,1.87,21,21,False,-11.07,-9.69,False,-9.69,1.0,False,3,炸板,True,2024-05,2024,05-29,下影,5.9,2.2,7.5,三接四阳
601020.SSE,华钰矿业,2025-03-06,二接三,2,阳,2025-03-04,2.95,-3.0,33.7,+++,11.9,184.0,0,0,03-04,下影,3.4,3.8,11.8,03-05,实体,0.1,0.0,12.2,下影+3→实体+0,20.91,1.89,17.5,1.49,87,55,False,0.43,7.84,True,13.63,2.0,False,4,炸板,False,2025-03,2025,,,,,,二接三阳
601022.SSE,宁波远洋,2025-05-16,三接四,3,阳,2025-05-13,4.77,-9.2,19.8,++-,6.0,359.0,0,0,05-13,下影,4.7,1.9,34.6,05-14,下影,4.2,1.2,24.7,下影+5→下影+4→一字+10,12.23,9.98,67.7,2.44,51,40,True,0.0,4.91,False,4.91,1.0,False,4,封次日正,False,2025-05,2025,05-15,一字,10.0,0.0,2.8,三接四阳
601065.SSE,江盐集团,2023-08-24,二接三,2,阳,2023-08-22,0.23,-10.5,16.4,++-,6.2,,0,0,08-22,下影,2.2,2.9,39.4,08-23,实体,5.5,0.0,39.6,下影+2→实体+6,17.26,4.91,68.3,1.92,28,25,True,0.12,-4.17,False,-4.17,1.0,False,3,封次日负,True,2023-08,2023,,,,,,二接三阳
601066.SSE,中信建投,2024-10-08,二接三,2,阳,2024-09-27,5.56,-0.2,25.1,+++,19.5,,0,0,09-27,下影,3.4,2.0,1.0,09-30,下影,9.7,4.1,1.8,下影+3→下影+10,29.55,10.01,1.8,1.49,352,626,True,1.52,-2.4,False,-2.4,1.0,False,3,封次日负,True,2024-10,2024,,,,,,二接三阳
601068.SSE,中铝国际,2024-01-29,二接三,2,阳,2024-01-25,4.42,-12.7,8.4,---,-4.7,,0,0,01-25,实体,-0.7,0.0,0.4,01-26,一字,10.0,0.0,0.4,实体-1→一字+10,5.67,3.88,4.4,3.71,25,49,False,-15.17,-15.17,False,-15.17,1.0,False,2,炸板,True,2024-01,2024,,,,,,二接三阳
601069.SSE,西部黄金,2025-09-03,二接三,2,阳,2025-09-01,4.46,-13.1,9.0,+--,4.5,105.0,0,2,09-01,实体,4.9,0.1,4.3,09-02,实体,5.5,0.1,6.0,实体+5→实体+5,26.51,5.39,10.4,1.83,25,40,True,3.73,2.26,False,2.26,1.0,False,3,封次日正,False,2025-09,2025,,,,,,二接三阳
601086.SSE,国芳集团,2023-07-28,二接三,2,阴,2023-07-26,-0.38,-12.7,37.5,+++,18.0,33.0,2,2,07-26,下影,-1.0,1.7,6.6,07-27,下影,4.0,7.3,15.4,下影-1→下影+4,6.97,-4.89,14.8,1.51,37,19,True,7.75,10.04,True,10.9,2.0,False,4,连板,False,2023-07,2023,,,,,,二接三阴
601086.SSE,国芳集团,2023-07-31,三接四,3,阴,2023-07-26,-0.38,-12.7,37.5,+++,18.0,33.0,2,2,07-26,下影,-1.0,1.7,6.6,07-27,下影,4.0,7.3,15.4,下影-1→下影+4→下影-5,7.67,7.75,11.8,1.09,38,37,True,5.61,0.78,False,0.78,1.0,False,4,封次日正,False,2023-07,2023,07-28,下影,-4.9,1.7,14.8,三接四阴
601086.SSE,国芳集团,2024-01-12,二接三,2,阳,2024-01-10,2.81,-7.6,10.0,+--,0.5,110.0,0,4,01-10,下影,-0.7,1.1,4.4,01-11,下影,9.9,5.6,6.0,下影-1→下影+10,7.3,0.15,15.8,2.82,23,47,False,-17.81,-12.19,False,-12.19,1.0,False,2,炸板,True,2024-01,2024,,,,,,二接三阳
601086.SSE,国芳集团,2025-04-18,二接三,2,阴,2025-04-16,-6.03,-14.6,102.3,+++,73.4,2.0,7,7,04-16,下影,-2.4,5.8,17.3,04-17,下影,-1.3,2.8,16.5,下影-2→下影-1,11.61,-0.47,15.2,1.01,50,78,True,3.79,9.99,True,8.96,3.0,False,5,连板,False,2025-04,2025,,,,,,二接三阴
601086.SSE,国芳集团,2025-04-21,三接四,3,阴,2025-04-16,-6.03,-14.6,102.3,+++,73.4,2.0,7,7,04-16,下影,-2.4,5.8,17.3,04-17,下影,-1.3,2.8,16.5,下影-2→下影-1→下影-0,12.77,3.79,8.3,0.55,86,50,True,4.78,10.02,True,-0.94,2.0,False,5,连板,False,2025-04,2025,04-18,下影,-0.5,5.3,15.2,三接四阴
601086.SSE,国芳集团,2026-09-01,二接三,2,阳,2026-08-28,1.2,-9.8,18.8,--+,-5.4,306.0,0,0,08-28,实体,2.1,0.3,2.7,08-31,下影,10.0,0.6,3.8,实体+2→下影+10,10.09,9.92,4.5,1.69,74,78,True,10.01,10.01,True,25.37,3.0,False,5,连板,False,2026-09,2026,,,,,,二接三阳
601096.SSE,宏盛华源,2024-01-12,二接三,2,阴,2024-01-10,-7.44,,,,,3.0,2,2,01-10,下影,-5.4,3.2,32.8,01-11,下影,-1.0,1.5,56.4,下影-5→下影-1,7.46,-1.92,68.6,1.34,23,47,False,-10.05,-11.39,False,-11.39,1.0,False,2,炸板,True,2024-01,2024,,,,,,二接三阴
601096.SSE,宏盛华源,2026-01-20,二接三,2,阳,2026-01-16,1.62,-8.0,7.9,+++,4.8,487.0,0,0,01-16,下影,3.9,0.5,10.0,01-19,下影,0.0,1.0,11.6,下影+4→下影+0,5.84,1.69,19.9,2.2,50,79,False,-6.51,-11.47,False,-11.47,1.0,False,2,炸板,True,2026-01,2026,,,,,,二接三阳
601099.SSE,太平洋,2023-08-01,二接三,2,阳,2023-07-28,2.8,-1.2,30.8,+++,29.8,2.0,2,2,07-28,下影,0.3,1.8,16.7,07-31,一字,9.9,0.0,1.1,下影+0→一字+10,4.4,5.0,32.0,1.91,25,38,False,-2.05,1.14,False,1.14,1.0,False,2,炸板,False,2023-08,2023,,,,,,二接三阳
601106.SSE,中国一重,2026-01-09,二接三,2,阳,2026-01-07,0.74,-6.2,37.6,-++,18.7,10.0,2,2,01-07,下影,0.7,1.0,2.6,01-08,下影,10.1,0.9,1.4,下影+1→下影+10,5.41,9.96,7.3,2.31,79,77,True,5.36,9.98,True,10.91,2.0,False,4,连板,False,2026-01,2026,,,,,,二接三阳
601106.SSE,中国一重,2026-01-12,三接四,3,阳,2026-01-07,0.74,-6.2,37.6,-++,18.7,10.0,2,2,01-07,下影,0.7,1.0,2.6,01-08,下影,10.1,0.9,1.4,下影+1→下影+10→下影+10,5.95,5.36,5.6,1.45,124,79,True,5.55,0.84,False,0.84,1.0,False,4,封次日正,False,2026-01,2026,01-09,下影,10.0,7.1,7.3,三接四阳
601116.SSE,三江购物,2023-06-15,二接三,2,阴,2023-06-13,-0.95,-28.2,8.4,++-,-2.1,,0,0,06-13,实体,-0.2,0.2,5.3,06-14,下影,2.3,2.2,7.6,实体-0→下影+2,15.33,0.43,12.3,2.21,32,43,False,-17.03,-15.46,False,-15.46,1.0,False,2,炸板,True,2023-06,2023,,,,,,二接三阴
601116.SSE,三江购物,2025-02-14,二接三,2,阳,2025-02-12,2.8,-22.0,16.7,++-,10.7,400.0,0,0,02-12,实体,0.7,0.0,4.1,02-13,下影,2.7,5.0,9.4,实体+1→下影+3,14.15,-0.47,8.1,1.5,53,45,True,2.4,5.44,False,5.44,1.0,False,3,封次日正,False,2025-02,2025,,,,,,二接三阳
601116.SSE,三江购物,2025-02-17,三接四,3,阳,2025-02-12,2.8,-22.0,16.7,++-,10.7,400.0,0,0,02-12,实体,0.7,0.0,4.1,02-13,下影,2.7,5.0,9.4,实体+1→下影+3→下影-0,15.57,2.4,16.0,1.97,74,53,False,-13.74,-13.74,False,-13.74,1.0,False,3,炸板,True,2025-02,2025,02-14,下影,-0.5,3.6,8.1,三接四阳
601116.SSE,三江购物,2025-09-11,二接三,2,阳,2025-09-09,-1.61,-7.3,19.5,+++,12.0,142.0,0,0,09-09,下影,-0.2,1.3,7.4,09-10,下影,10.0,4.3,8.6,下影-0→下影+10,16.24,1.69,10.2,1.21,74,44,True,4.99,1.85,False,1.85,1.0,False,3,封次日正,False,2025-09,2025,,,,,,二接三阳
601116.SSE,三江购物,2026-01-15,三接四,3,阳,2026-01-12,3.91,-16.0,25.0,+--,-4.1,79.0,0,3,01-12,实体,0.9,0.1,12.5,01-13,下影,5.4,1.0,3.1,实体+1→下影+5→一字+10,22.97,10.01,21.0,2.26,51,79,False,-14.85,-14.85,False,-14.85,1.0,False,3,炸板,True,2026-01,2026,01-14,一字,10.0,0.0,1.1,三接四阳
601127.SSE,赛力斯,2023-10-10,二接三,2,阳,2023-09-28,0.08,-8.3,59.5,+++,38.0,,0,0,09-28,下影,1.4,1.3,6.5,10-09,下影,10.0,2.0,2.1,下影+1→下影+10,67.42,8.83,2.9,0.65,33,41,True,6.64,-2.54,False,-2.54,1.0,False,3,封次日负,True,2023-10,2023,,,,,,二接三阳
601133.SSE,柏诚股份,2024-11-26,二接三,2,阴,2024-11-22,-0.26,-5.8,28.6,-++,3.6,109.0,0,2,11-22,下影,0.0,0.4,24.2,11-25,一字,10.0,0.0,3.2,下影+0→一字+10,15.28,10.01,44.6,2.87,79,132,False,-19.63,-16.1,False,-16.1,1.0,False,2,炸板,True,2024-11,2024,,,,,,二接三阴
601136.SSE,首创证券,2023-08-07,二接三,2,阳,2023-08-03,2.82,-6.4,42.4,+++,31.3,,0,0,08-03,下影,3.6,6.6,43.6,08-04,下影,5.0,0.5,32.2,下影+4→下影+5,24.3,4.12,45.7,1.22,23,13,True,1.56,-8.6,False,-8.6,1.0,False,3,封次日负,True,2023-08,2023,,,,,,二接三阳
601155.SSE,新城控股,2024-09-30,二接三,2,阴,2024-09-26,0.47,-4.9,28.9,+++,12.6,,0,0,09-26,实体,0.6,0.0,2.5,09-27,下影,6.9,1.3,2.0,实体+1→下影+7,14.36,10.04,2.3,1.14,626,107,True,10.03,1.95,False,1.95,1.0,False,3,封次日正,False,2024-09,2024,,,,,,二接三阴
601155.SSE,新城控股,2024-10-08,三接四,3,阴,2024-09-26,0.47,-4.9,28.9,+++,12.6,,0,0,09-26,实体,0.6,0.0,2.5,09-27,下影,6.9,1.3,2.0,实体+1→下影+7→下影+10,15.8,10.03,5.3,1.94,352,626,False,-11.46,-14.75,False,-14.75,1.0,False,3,炸板,True,2024-10,2024,09-30,下影,10.0,2.9,2.3,三接四阴
601162.SSE,天风证券,2024-09-26,二接三,2,阳,2024-09-24,-0.36,-10.5,30.0,+++,16.2,9.0,2,2,09-24,下影,3.3,4.0,8.3,09-25,一字,10.0,0.0,1.2,下影+3→一字+10,3.63,2.73,15.1,2.0,125,43,True,9.92,9.92,True,31.68,5.0,False,7,连板,False,2024-09,2024,,,,,,二接三阳
601177.SSE,杭齿前进,2025-02-14,二接三,2,阳,2025-02-12,0.98,-2.2,22.5,+++,17.5,,0,0,02-12,下影,2.8,0.3,1.6,02-13,一字,10.0,0.0,1.2,下影+3→一字+10,12.34,9.98,14.9,3.58,53,45,True,3.48,9.97,True,44.89,6.0,False,8,连板,False,2025-02,2025,,,,,,二接三阳
601177.SSE,杭齿前进,2025-02-17,三接四,3,阳,2025-02-12,0.98,-2.2,22.5,+++,17.5,,0,0,02-12,下影,2.8,0.3,1.6,02-13,一字,10.0,0.0,1.2,下影+3→一字+10→下影+10,13.57,3.48,11.8,1.88,74,53,True,10.02,10.02,True,31.76,5.0,False,8,连板,False,2025-02,2025,02-14,下影,10.0,3.2,14.9,三接四阳
601179.SSE,中国西电,2024-04-15,二接三,2,阳,2024-04-11,0.74,-6.3,23.1,+--,-3.7,,0,0,04-11,实体,3.6,0.0,2.4,04-12,下影,3.6,1.5,6.0,实体+4→下影+4,7.29,5.28,8.7,2.36,22,47,False,-6.58,2.88,False,2.88,1.0,False,2,炸板,False,2024-04,2024,,,,,,二接三阳
601188.SSE,龙江交通,2023-09-18,二接三,2,阳,2023-09-14,1.65,-7.5,19.0,+++,9.8,,0,0,09-14,下影,-1.9,2.2,7.1,09-15,实体,2.9,0.0,8.4,下影-2→实体+3,4.93,8.93,8.0,1.16,36,26,True,7.51,9.94,True,-1.01,2.0,False,4,连板,False,2023-09,2023,,,,,,二接三阳
601188.SSE,龙江交通,2023-09-19,三接四,3,阳,2023-09-14,1.65,-7.5,19.0,+++,9.8,,0,0,09-14,下影,-1.9,2.2,7.1,09-15,实体,2.9,0.0,8.4,下影-2→实体+3→实体+9,5.42,7.51,6.6,0.89,19,36,True,-2.4,-9.96,False,-9.96,1.0,False,4,封次日负,True,2023-09,2023,09-18,实体,8.9,0.2,8.0,三接四阳
601211.SSE,国泰海通,2024-10-14,二接三,2,阳,2024-10-10,1.66,-1.1,12.0,+++,4.0,,0,0,10-10,一字,10.0,0.0,0.1,10-11,一字,10.0,0.0,0.1,一字+10→一字+10,19.57,10.01,7.8,4.55,71,28,False,-8.02,-8.02,False,-8.02,1.0,False,2,炸板,True,2024-10,2024,,,,,,二接三阳
601212.SSE,白银有色,2025-09-03,二接三,2,阳,2025-09-01,1.44,-4.1,19.7,+++,11.7,342.0,0,0,09-01,下影,3.4,1.1,2.7,09-02,一字,10.1,0.0,1.1,下影+3→一字+10,4.69,10.09,8.9,2.82,25,40,False,-10.02,-18.55,False,-18.55,1.0,False,2,炸板,True,2025-09,2025,,,,,,二接三阳
601212.SSE,白银有色,2025-10-13,二接三,2,阳,2025-10-09,5.26,-10.4,34.2,+-+,-1.4,21.0,2,2,10-09,下影,10.0,2.6,2.5,10-10,下影,6.1,6.7,3.5,下影+10→下影+6,5.59,-0.39,8.4,1.83,48,53,True,8.23,-1.07,False,-1.07,1.0,False,3,封次日负,True,2025-10,2025,,,,,,二接三阳
601212.SSE,白银有色,2025-10-14,三接四,3,阳,2025-10-09,5.26,-10.4,34.2,+-+,-1.4,21.0,2,2,10-09,下影,10.0,2.6,2.5,10-10,下影,6.1,6.7,3.5,下影+10→下影+6→下影-0,6.15,8.23,10.5,1.77,34,48,False,-10.08,-12.2,False,-12.2,1.0,False,3,炸板,True,2025-10,2025,10-13,下影,-0.4,4.5,8.4,三接四阳
601212.SSE,白银有色,2026-01-22,二接三,2,阴,2026-01-20,-2.75,-8.1,55.3,+++,35.6,65.0,0,3,01-20,下影,1.0,4.5,7.7,01-21,实体,2.1,0.0,6.7,下影+1→实体+2,9.43,-3.73,8.3,1.28,63,72,True,9.97,9.97,True,44.96,6.0,False,8,连板,False,2026-01,2026,,,,,,二接三阴
601212.SSE,白银有色,2026-01-23,三接四,3,阴,2026-01-20,-2.75,-8.1,55.3,+++,35.6,65.0,0,3,01-20,下影,1.0,4.5,7.7,01-21,实体,2.1,0.0,6.7,下影+1→实体+2→下影-4,10.37,9.97,4.1,0.66,79,63,True,5.79,10.03,True,31.82,5.0,False,8,连板,False,2026-01,2026,01-22,下影,-3.7,0.6,8.3,三接四阴
601216.SSE,君正集团,2024-11-13,二接三,2,阳,2024-11-11,2.48,-3.7,43.1,+++,20.4,,0,0,11-11,下影,-2.6,2.4,4.5,11-12,下影,10.1,1.8,3.4,下影-3→下影+10,6.6,4.5,9.5,1.93,50,65,False,-13.33,-18.94,False,-18.94,1.0,False,2,炸板,True,2024-11,2024,,,,,,二接三阳
601218.SSE,吉鑫科技,2025-09-29,二接三,2,阳,2025-09-25,0.86,-14.4,14.1,-++,7.8,60.0,4,4,09-25,实体,1.5,0.2,5.4,09-26,下影,0.2,1.0,21.1,实体+1→下影+0,6.24,5.82,17.5,1.61,46,39,True,-4.49,-10.1,False,-10.1,1.0,False,3,封次日负,True,2025-09,2025,,,,,,二接三阳
601279.SSE,英利汽车,2024-03-14,二接三,2,阳,2024-03-12,1.04,-24.7,36.0,-+-,10.2,,0,0,03-12,下影,1.4,1.2,5.9,03-13,下影,4.9,4.1,20.4,下影+1→下影+5,6.49,6.44,41.1,2.81,32,51,False,-12.17,-12.17,False,-12.17,1.0,False,2,炸板,True,2024-03,2024,,,,,,二接三阳
601279.SSE,英利汽车,2025-07-18,二接三,2,阴,2025-07-16,-1.52,-18.8,16.4,++-,-1.0,23.0,3,3,07-16,实体,-0.3,0.3,1.5,07-17,下影,3.7,6.3,8.0,实体-0→下影+4,5.19,1.69,10.1,2.31,37,49,False,-18.11,-18.88,False,-18.88,1.0,False,2,炸板,True,2025-07,2025,,,,,,二接三阴
601279.SSE,英利汽车,2025-11-21,二接三,2,阴,2025-11-19,-4.02,-6.3,19.8,+++,7.0,83.0,0,3,11-19,实体,1.3,0.0,3.1,11-20,下影,9.5,1.3,2.5,实体+1→下影+10,6.36,10.03,11.8,2.28,23,35,False,-24.84,-24.84,False,-24.84,1.0,False,2,炸板,True,2025-11,2025,,,,,,二接三阴
601326.SSE,秦港股份,2023-05-08,三接四,3,阴,2023-04-28,0.0,-2.6,10.1,,6.6,,0,0,04-28,实体,0.7,0.0,1.7,05-04,下影,5.4,2.4,2.2,实体+1→下影+5→一字+10,4.48,10.07,0.9,0.77,48,31,True,10.04,5.13,False,5.13,1.0,False,4,封次日正,False,2023-05,2023,05-05,一字,10.0,0.0,0.4,三接四阴
601333.SSE,广深铁路,2023-05-05,二接三,2,阳,2023-04-28,0.82,-3.9,10.8,,9.3,,0,0,04-28,下影,9.3,3.2,2.2,05-04,下影,5.9,2.2,6.3,下影+9→下影+6,3.29,0.33,8.4,2.26,31,76,True,0.61,3.65,False,3.65,1.0,False,3,封次日正,False,2023-05,2023,,,,,,二接三阳
601366.SSE,利群股份,2025-12-18,二接三,2,阳,2025-12-16,0.89,-8.5,1.8,---,-5.0,,0,0,12-16,实体,0.7,0.0,8.0,12-17,下影,10.0,5.2,14.0,实体+1→下影+10,6.04,-2.55,22.2,2.36,52,44,True,-5.63,-2.15,False,-2.15,1.0,False,3,封次日负,True,2025-12,2025,,,,,,二接三阳
601399.SSE,国机重装,2025-07-23,二接三,2,阳,2025-07-21,0.99,-5.2,8.9,-++,5.9,,0,0,07-21,实体,4.2,0.0,3.4,07-22,下影,5.9,4.4,6.8,实体+4→下影+6,4.09,7.53,4.2,1.38,43,82,True,-0.98,-7.82,False,-7.82,1.0,False,3,封次日负,True,2025-07,2025,,,,,,二接三阳
601399.SSE,国机重装,2025-12-05,二接三,2,阳,2025-12-03,0.87,-9.1,8.4,+--,-5.7,89.0,0,3,12-03,下影,-0.3,0.6,6.2,12-04,实体,6.5,0.0,4.0,下影-0→实体+7,4.63,3.33,7.5,1.66,58,30,True,3.46,6.26,False,6.26,1.0,False,3,封次日正,False,2025-12,2025,,,,,,二接三阳
601515.SSE,衢州东峰,2024-09-05,二接三,2,阴,2024-09-03,-1.73,-44.4,4.6,---,-15.6,,0,0,09-03,实体,0.4,0.0,0.9,09-04,下影,4.0,4.0,4.0,实体+0→下影+4,3.03,2.55,9.1,2.89,39,31,True,-6.93,-9.9,False,-9.9,1.0,False,3,封次日负,True,2024-09,2024,,,,,,二接三阴
601519.SSE,大智慧,2024-10-09,三接四,3,阳,2024-09-27,6.97,-0.6,33.7,+++,26.1,,0,0,09-27,下影,7.1,2.6,5.8,09-30,一字,10.0,0.0,1.8,下影+7→一字+10→一字+10,10.12,6.41,17.9,2.88,29,352,False,-8.6,-18.08,False,-18.08,1.0,False,3,炸板,True,2024-10,2024,10-08,一字,10.0,0.0,0.7,三接四阳
601519.SSE,大智慧,2024-12-03,二接三,2,阴,2024-11-29,0.12,-18.0,56.8,--+,-4.8,38.0,3,3,11-29,下影,-0.4,0.5,5.3,12-02,下影,-1.2,2.0,8.4,下影-0→下影-1,11.25,2.64,18.9,2.56,92,132,True,-2.13,4.71,False,4.71,1.0,False,3,封次日正,False,2024-12,2024,,,,,,二接三阴
601519.SSE,大智慧,2024-12-04,三接四,3,阴,2024-11-29,0.12,-18.0,56.8,--+,-4.8,38.0,3,3,11-29,下影,-0.4,0.5,5.3,12-02,下影,-1.2,2.0,8.4,下影-0→下影-1→下影+3,12.38,-2.13,22.5,1.96,69,92,False,-0.73,4.68,True,-5.82,2.0,False,5,炸板,False,2024-12,2024,12-03,下影,2.6,2.0,18.9,三接四阴
601519.SSE,大智慧,2025-08-19,二接三,2,阴,2025-08-15,-4.5,-12.3,61.7,+++,7.0,27.0,2,2,08-15,下影,-0.8,0.4,7.3,08-18,下影,4.2,2.7,7.4,下影-1→下影+4,18.94,2.21,11.2,1.3,74,78,False,-3.64,-11.14,False,-11.14,1.0,False,2,炸板,True,2025-08,2025,,,,,,二接三阴
601566.SSE,九牧王,2025-11-14,二接三,2,阳,2025-11-12,0.32,-1.5,14.4,+++,7.8,436.0,0,0,11-12,下影,0.6,0.7,3.6,11-13,下影,5.8,0.8,9.4,下影+1→下影+6,12.58,-1.14,6.1,1.42,59,73,True,10.02,10.02,True,31.72,5.0,False,7,连板,False,2025-11,2025,,,,,,二接三阳
601566.SSE,九牧王,2025-11-17,三接四,3,阳,2025-11-12,0.32,-1.5,14.4,+++,7.8,436.0,0,0,11-12,下影,0.6,0.7,3.6,11-13,下影,5.8,0.8,9.4,下影+1→下影+6→下影-1,13.84,10.02,3.5,0.74,69,59,True,9.97,9.97,True,19.73,4.0,False,7,连板,False,2025-11,2025,11-14,下影,-1.1,1.8,6.1,三接四阳
601566.SSE,九牧王,2025-12-22,二接三,2,阴,2025-12-18,-6.59,-23.7,70.0,+-+,-16.1,20.0,7,7,12-18,下影,1.9,4.5,14.8,12-19,实体,3.6,0.0,5.8,下影+2→实体+4,18.68,6.01,20.9,1.65,72,65,False,-14.4,-17.83,False,-17.83,1.0,False,2,炸板,True,2025-12,2025,,,,,,二接三阴
601566.SSE,九牧王,2026-09-03,二接三,2,阳,2026-09-01,1.9,-27.1,15.7,--+,-0.2,169.0,0,0,09-01,实体,-0.7,0.0,2.7,09-02,下影,4.1,3.9,8.5,实体-1→下影+4,11.4,-0.1,13.1,2.46,42,50,False,-14.12,-7.81,False,-7.81,1.0,False,2,炸板,True,2026-09,2026,,,,,,二接三阳
601579.SSE,会稽山,2025-05-28,二接三,2,阴,2025-05-26,-5.28,-5.8,95.3,+++,48.0,224.0,0,0,05-26,下影,0.6,0.5,3.0,05-27,下影,8.0,1.9,3.2,下影+1→下影+8,25.81,10.02,12.0,1.7,49,51,True,-2.71,2.48,False,2.48,1.0,False,3,封次日正,False,2025-05,2025,,,,,,二接三阴
601595.SSE,上海电影,2023-04-11,二接三,2,阳,2023-04-07,9.72,,,,,,0,0,04-07,下影,-0.0,2.6,4.2,04-10,下影,3.2,1.9,4.9,下影-0→下影+3,30.49,-0.43,4.7,1.0,24,13,True,4.95,8.23,False,8.23,1.0,False,3,封次日正,False,2023-04,2023,,,,,,二接三阳
601595.SSE,上海电影,2023-04-12,三接四,3,阳,2023-04-07,9.72,,,,,,0,0,04-07,下影,-0.0,2.6,4.2,04-10,下影,3.2,1.9,4.9,下影-0→下影+3→下影-0,33.54,4.95,4.8,1.0,43,24,False,-8.86,-11.45,False,-11.45,1.0,False,3,炸板,True,2023-04,2023,04-11,下影,-0.4,2.3,4.7,三接四阳
601599.SSE,浙文影业,2024-02-20,二接三,2,阴,2024-02-08,-6.86,-50.4,3.2,---,-31.4,,0,0,02-08,下影,2.7,4.7,4.0,02-19,下影,9.9,0.7,2.2,下影+3→下影+10,3.43,8.65,3.0,0.72,80,186,True,4.96,9.91,True,15.16,2.0,False,4,连板,False,2024-02,2024,,,,,,二接三阴
601599.SSE,浙文影业,2024-02-21,三接四,3,阴,2024-02-08,-6.86,-50.4,3.2,---,-31.4,,0,0,02-08,下影,2.7,4.7,4.0,02-19,下影,9.9,0.7,2.2,下影+3→下影+10→下影+9,3.77,4.96,11.4,2.17,93,80,True,2.12,4.77,False,4.77,1.0,False,4,封次日正,False,2024-02,2024,02-20,下影,8.7,1.9,3.0,三接四阴
601606.SSE,长城军工,2025-06-20,二接三,2,阳,2025-06-18,2.3,-7.8,28.9,--+,1.8,164.0,0,0,06-18,实体,-1.4,0.0,8.3,06-19,下影,5.0,3.1,18.8,实体-1→下影+5,18.36,0.12,15.5,1.45,36,26,True,3.05,10.02,True,10.51,2.0,False,4,连板,False,2025-06,2025,,,,,,二接三阳
601606.SSE,长城军工,2025-06-23,三接四,3,阳,2025-06-18,2.3,-7.8,28.9,--+,1.8,164.0,0,0,06-18,实体,-1.4,0.0,8.3,06-19,下影,5.0,3.1,18.8,实体-1→下影+5→下影+0,20.2,3.05,9.2,0.79,60,36,True,-4.55,0.45,False,0.45,1.0,False,4,封次日正,False,2025-06,2025,06-20,下影,0.1,1.3,15.5,三接四阳
601606.SSE,长城军工,2025-08-06,二接三,2,阳,2025-08-04,1.79,-5.8,178.6,+++,24.8,24.0,4,4,08-04,实体,0.0,0.0,12.7,08-05,下影,8.2,3.1,12.3,实体+0→下影+8,46.98,0.98,5.9,0.39,46,44,True,8.51,10.0,True,10.43,2.0,False,4,连板,False,2025-08,2025,,,,,,二接三阳
601606.SSE,长城军工,2025-08-07,三接四,3,阳,2025-08-04,1.79,-5.8,178.6,+++,24.8,24.0,4,4,08-04,实体,0.0,0.0,12.7,08-05,下影,8.2,3.1,12.3,实体+0→下影+8→实体+1,51.68,8.51,18.3,1.26,47,46,True,-3.25,0.39,False,0.39,1.0,False,4,封次日正,False,2025-08,2025,08-06,实体,1.0,0.0,5.9,三接四阳
601606.SSE,长城军工,2026-07-27,二接三,2,阳,2026-07-23,0.76,-37.0,6.0,---,-9.1,81.0,0,2,07-23,下影,0.0,0.6,4.2,07-24,下影,5.1,2.1,4.2,下影+0→下影+5,35.26,0.66,9.8,2.23,101,36,True,6.35,-4.85,False,-4.85,1.0,False,3,封次日负,True,2026-07,2026,,,,,,二接三阳
601608.SSE,中信重工,2025-10-23,三接四,3,阴,2025-10-20,0.0,-4.8,29.3,+++,7.5,139.0,0,0,10-20,下影,1.8,0.7,2.8,10-21,下影,6.1,2.4,2.6,下影+2→下影+6→一字+10,8.35,6.06,11.8,3.06,49,51,False,-14.61,-17.6,False,-17.6,1.0,False,3,炸板,True,2025-10,2025,10-22,一字,10.0,0.0,0.5,三接四阴
601609.SSE,金田股份,2025-08-15,二接三,2,阴,2025-08-13,-0.93,-5.6,35.1,+-+,0.7,,0,0,08-13,实体,-0.4,0.1,10.6,08-14,下影,10.0,1.9,5.3,实体-0→下影+10,11.39,5.8,13.1,1.81,70,40,True,10.01,10.01,True,17.73,2.0,False,4,连板,False,2025-08,2025,,,,,,二接三阴
601611.SSE,中国核建,2026-01-09,二接三,2,阳,2026-01-07,0.07,-8.0,35.4,+++,14.3,61.0,0,2,01-07,实体,-0.9,0.0,2.9,01-08,下影,6.2,2.4,5.7,实体-1→下影+6,18.62,3.37,10.2,2.0,79,77,False,-2.58,7.09,True,-3.6,2.0,False,4,炸板,False,2026-01,2026,,,,,,二接三阳
601616.SSE,广电电气,2026-01-20,二接三,2,阳,2026-01-16,0.24,-14.4,13.7,+++,8.6,225.0,0,0,01-16,下影,3.8,2.4,13.1,01-19,下影,4.8,2.6,15.3,下影+4→下影+5,5.54,6.94,8.6,0.9,50,79,True,2.53,9.93,True,5.05,2.0,False,4,连板,False,2026-01,2026,,,,,,二接三阳
601616.SSE,广电电气,2026-01-21,三接四,3,阳,2026-01-16,0.24,-14.4,13.7,+++,8.6,225.0,0,0,01-16,下影,3.8,2.4,13.1,01-19,下影,4.8,2.6,15.3,下影+4→下影+5→下影+7,6.09,2.53,44.4,2.6,72,50,True,9.36,-4.43,False,-4.43,1.0,False,4,封次日负,True,2026-01,2026,01-20,下影,6.9,2.8,8.6,三接四阳
601619.SSE,嘉泽新能,2025-09-29,二接三,2,阳,2025-09-25,1.32,-9.4,28.8,+++,16.7,9.0,2,2,09-25,实体,0.0,0.0,10.8,09-26,实体,4.5,0.0,7.2,实体+0→实体+5,6.14,10.04,18.0,1.94,46,39,False,-8.96,-10.75,False,-10.75,1.0,False,2,炸板,True,2025-09,2025,,,,,,二接三阳
601669.SSE,中国电建,2025-07-24,三接四,3,阳,2025-07-21,0.4,-1.4,8.5,+++,6.9,,0,0,07-21,一字,10.0,0.0,0.8,07-22,一字,10.0,0.0,1.0,一字+10→一字+10→一字+10,7.45,3.4,17.1,3.97,61,43,True,0.54,-3.09,False,-3.09,1.0,False,4,封次日负,True,2025-07,2025,07-23,一字,10.1,0.0,1.3,三接四阳
601696.SSE,中银证券,2024-09-30,二接三,2,阳,2024-09-26,1.39,-5.4,12.6,++-,9.0,,0,0,09-26,下影,-0.1,0.4,3.3,09-27,下影,9.8,4.8,5.9,下影-0→下影+10,12.6,10.04,4.9,1.4,626,107,True,10.0,10.0,True,-0.95,2.0,False,4,连板,False,2024-09,2024,,,,,,二接三阳
601696.SSE,中银证券,2024-10-08,三接四,3,阳,2024-09-26,1.39,-5.4,12.6,++-,9.0,,0,0,09-26,下影,-0.1,0.4,3.3,09-27,下影,9.8,4.8,5.9,下影-0→下影+10→下影+10,13.86,10.0,3.3,0.87,352,626,True,-0.43,-9.96,False,-9.96,1.0,False,4,封次日负,True,2024-10,2024,09-30,下影,10.0,3.5,4.9,三接四阳
601698.SSE,中国卫通,2024-11-12,二接三,2,阳,2024-11-08,7.59,-2.2,46.6,+++,20.6,,0,0,11-08,下影,0.0,4.4,2.1,11-11,一字,10.0,0.0,0.4,下影+0→一字+10,27.15,2.31,7.2,2.03,65,108,False,-6.52,4.2,True,-6.22,2.0,False,4,炸板,False,2024-11,2024,,,,,,二接三阳
601698.SSE,中国卫通,2026-01-06,二接三,2,阳,2025-12-31,8.27,-1.6,61.8,+++,53.6,279.0,0,0,12-31,下影,-0.7,1.4,6.5,01-05,下影,2.6,0.4,7.0,下影-1→下影+3,43.23,1.73,5.9,0.83,96,74,True,2.94,1.48,False,1.48,1.0,False,3,封次日正,False,2026-01,2026,,,,,,二接三阳
601700.SSE,风范股份,2026-08-05,二接三,2,阳,2026-08-03,1.88,-16.7,18.1,+++,7.9,152.0,0,0,08-03,实体,1.4,0.2,3.2,08-04,下影,8.2,5.9,5.4,实体+1→下影+8,6.51,9.97,15.4,2.75,93,123,True,9.06,9.98,True,-1.08,2.0,False,4,连板,False,2026-08,2026,,,,,,二接三阳
601700.SSE,风范股份,2026-08-06,三接四,3,阳,2026-08-03,1.88,-16.7,18.1,+++,7.9,152.0,0,0,08-03,实体,1.4,0.2,3.2,08-04,下影,8.2,5.9,5.4,实体+1→下影+8→下影+10,7.16,9.06,15.8,1.9,69,93,True,-4.05,-10.06,False,-10.06,1.0,False,4,封次日负,True,2026-08,2026,08-05,下影,10.0,9.6,15.4,三接四阳
601727.SSE,上海电气,2024-10-23,二接三,2,阳,2024-10-21,2.03,-9.1,28.8,-++,21.8,,0,0,10-21,一字,10.0,0.0,0.6,10-22,一字,10.1,0.0,0.3,一字+10→一字+10,6.02,10.05,7.8,3.81,76,85,True,1.33,-3.49,False,-3.49,1.0,False,3,封次日负,True,2024-10,2024,,,,,,二接三阳
601727.SSE,上海电气,2024-10-29,二接三,2,阴,2024-10-25,-3.49,-5.7,65.5,+++,53.7,2.0,3,3,10-25,下影,-1.2,2.8,8.1,10-28,下影,6.1,1.4,4.1,下影-1→下影+6,7.73,9.96,3.9,0.62,93,179,True,2.98,9.96,True,16.43,2.0,False,4,连板,False,2024-10,2024,,,,,,二接三阴
601727.SSE,上海电气,2024-10-30,三接四,3,阴,2024-10-25,-3.49,-5.7,65.5,+++,53.7,2.0,3,3,10-25,下影,-1.2,2.8,8.1,10-28,下影,6.1,1.4,4.1,下影-1→下影+6→下影+10,8.5,2.98,12.5,1.75,118,93,True,5.76,5.88,False,5.88,1.0,False,4,封次日正,False,2024-10,2024,10-29,下影,10.0,4.7,3.9,三接四阴
601727.SSE,上海电气,2024-11-07,三接四,3,阴,2024-11-04,-10.0,-16.5,130.8,+++,95.7,3.0,4,4,11-04,实体,-6.2,0.0,10.0,11-05,下影,8.3,2.1,2.5,实体-6→下影+8→一字+10,11.86,6.22,17.2,2.18,157,104,False,-7.25,3.71,True,-6.66,2.0,False,5,炸板,False,2024-11,2024,11-06,一字,10.0,0.0,0.4,三接四阴
601789.SSE,宁波建工,2026-03-11,三接四,3,阳,2026-03-06,1.42,-10.1,3.7,---,-6.0,245.0,0,0,03-06,实体,-0.4,0.2,10.5,03-09,一字,10.0,0.0,4.3,实体-0→一字+10→一字+10,7.3,3.61,48.4,3.6,48,49,True,0.0,2.47,False,2.47,1.0,False,4,封次日正,False,2026-03,2026,03-10,一字,9.9,0.0,2.2,三接四阳
601801.SSE,皖新传媒,2023-05-05,二接三,2,阴,2023-04-28,1.98,-7.3,17.6,,13.2,,0,0,04-28,实体,-2.9,0.0,3.6,05-04,下影,8.7,0.8,1.5,实体-3→下影+9,9.58,9.99,3.2,1.02,31,76,True,-0.84,6.47,False,6.47,1.0,False,3,封次日正,False,2023-05,2023,,,,,,二接三阴
601811.SSE,新华文轩,2023-04-26,二接三,2,阴,2023-04-24,-5.09,,,,,,0,0,04-24,下影,0.2,0.6,1.8,04-25,下影,3.2,1.6,3.0,下影+0→下影+3,17.64,1.62,3.6,1.63,39,22,True,3.06,5.95,False,5.95,1.0,False,3,封次日正,False,2023-04,2023,,,,,,二接三阴
601811.SSE,新华文轩,2023-04-27,三接四,3,阴,2023-04-24,-5.09,,,,,,0,0,04-24,下影,0.2,0.6,1.8,04-25,下影,3.2,1.6,3.0,下影+0→下影+3→下影+2,19.4,3.06,4.9,1.69,29,39,False,-8.25,0.1,False,0.1,1.0,False,3,炸板,False,2023-04,2023,04-26,下影,1.6,2.6,3.6,三接四阴
601858.SSE,中国科传,2023-04-13,二接三,2,阳,2023-04-11,1.74,,,,,,0,0,04-11,实体,-1.4,0.3,4.1,04-12,下影,6.7,4.5,7.0,实体-1→下影+7,24.84,-0.31,3.9,0.86,22,43,True,0.76,9.98,True,4.39,2.0,False,4,连板,False,2023-04,2023,,,,,,二接三阳
601858.SSE,中国科传,2023-04-14,三接四,3,阳,2023-04-11,1.74,,,,,,0,0,04-11,实体,-1.4,0.3,4.1,04-12,下影,6.7,4.5,7.0,实体-1→下影+7→实体-0,27.32,0.76,6.8,1.3,26,22,True,-3.04,-5.09,False,-5.09,1.0,False,4,封次日负,True,2023-04,2023,04-13,实体,-0.3,0.0,3.9,三接四阳
601858.SSE,中国科传,2023-08-24,二接三,2,阳,2023-08-22,1.55,-44.1,1.5,---,-12.0,80.0,0,4,08-22,下影,1.6,0.4,1.7,08-23,下影,4.1,2.4,4.9,下影+2→下影+4,35.79,2.46,9.3,2.61,28,25,False,-7.8,-11.74,False,-11.74,1.0,False,2,炸板,True,2023-08,2023,,,,,,二接三阳
601865.SSE,福莱特,2024-10-08,二接三,2,阳,2024-09-27,6.03,-15.1,12.9,---,3.7,,0,0,09-27,实体,5.0,0.1,1.2,09-30,下影,6.6,1.1,2.8,实体+5→下影+7,22.24,9.99,2.8,1.51,352,626,True,-2.65,-9.98,False,-9.98,1.0,False,3,封次日负,True,2024-10,2024,,,,,,二接三阳
601868.SSE,中国能建,2025-07-23,二接三,2,阳,2025-07-21,1.31,-1.3,5.5,+++,5.0,,0,0,07-21,一字,9.9,0.0,1.1,07-22,一字,10.2,0.0,0.9,一字+10→一字+10,3.09,9.96,6.5,3.21,43,82,False,-9.39,-2.59,False,-2.59,1.0,False,2,炸板,True,2025-07,2025,,,,,,二接三阳
601869.SSE,长飞光纤,2025-01-27,二接三,2,阳,2025-01-23,4.17,-2.8,19.5,+-+,3.9,,0,0,01-23,实体,0.1,0.2,3.0,01-24,下影,1.2,0.7,3.5,实体+0→下影+1,42.19,10.01,9.6,2.4,35,53,False,-9.84,-10.83,False,-10.83,1.0,False,2,炸板,True,2025-01,2025,,,,,,二接三阳
601890.SSE,亚星锚链,2025-03-24,二接三,2,阴,2025-03-20,-2.61,-5.2,19.3,+++,13.9,,0,0,03-20,下影,0.1,1.0,10.8,03-21,下影,4.8,2.0,17.6,下影+0→下影+5,11.42,6.94,27.2,1.88,38,39,True,-7.36,-9.98,False,-9.98,1.0,False,3,封次日负,True,2025-03,2025,,,,,,二接三阴
601900.SSE,南方传媒,2023-04-26,二接三,2,阳,2023-04-24,5.19,,,,,2.0,2,2,04-24,下影,-4.9,1.1,9.0,04-25,下影,0.1,5.4,8.7,下影-5→下影+0,18.61,-1.54,8.3,0.92,39,22,True,-1.67,-9.83,False,-9.83,1.0,False,3,封次日负,True,2023-04,2023,,,,,,二接三阳
601900.SSE,南方传媒,2023-06-01,二接三,2,阳,2023-05-30,3.27,-14.5,117.7,+-+,10.3,18.0,3,3,05-30,下影,-2.6,4.7,5.2,05-31,下影,3.2,0.9,3.1,下影-3→下影+3,27.32,3.86,4.1,0.94,34,32,True,6.63,-6.77,False,-6.77,1.0,False,3,封次日负,True,2023-06,2023,,,,,,二接三阳
601908.SSE,京运通,2024-10-08,二接三,2,阳,2024-09-27,4.27,-6.9,17.9,+--,10.4,,0,0,09-27,实体,2.0,0.0,1.2,09-30,下影,10.1,4.9,4.1,实体+2→下影+10,3.25,10.17,4.9,1.8,352,626,True,0.0,-8.0,False,-8.0,1.0,False,3,封次日负,True,2024-10,2024,,,,,,二接三阳
601908.SSE,京运通,2024-12-25,二接三,2,阴,2024-12-23,-0.63,-11.1,49.0,-++,3.3,54.0,3,3,12-23,下影,1.6,2.2,7.1,12-24,下影,-2.6,1.5,6.7,下影+2→下影-3,4.16,5.82,15.9,2.49,31,62,False,-17.07,-13.7,False,-13.7,1.0,False,2,炸板,True,2024-12,2024,,,,,,二接三阴
601929.SSE,吉视传媒,2025-08-11,二接三,2,阳,2025-08-07,0.45,-4.3,29.7,+++,19.3,123.0,0,0,08-07,实体,-1.3,0.0,13.0,08-08,下影,3.7,2.0,12.5,实体-1→下影+4,2.97,9.63,12.6,0.74,63,48,True,2.36,10.1,True,23.23,3.0,False,5,连板,False,2025-08,2025,,,,,,二接三阳
601929.SSE,吉视传媒,2025-08-12,三接四,3,阳,2025-08-07,0.45,-4.3,29.7,+++,19.3,123.0,0,0,08-07,实体,-1.3,0.0,13.0,08-08,下影,3.7,2.0,12.5,实体-1→下影+4→下影+10,3.27,2.36,16.0,1.1,42,63,True,9.79,10.09,True,11.93,2.0,False,5,连板,False,2025-08,2025,08-11,下影,9.6,10.4,12.6,三接四阳
601929.SSE,吉视传媒,2025-11-05,二接三,2,阳,2025-11-03,5.11,-43.1,96.8,+--,-0.8,39.0,5,5,11-03,实体,0.5,0.3,10.1,11-04,下影,3.4,5.2,30.8,实体+1→下影+3,4.93,0.0,29.5,1.58,54,44,True,-0.81,-9.94,False,-9.94,1.0,False,3,封次日负,True,2025-11,2025,,,,,,二接三阳
601933.SSE,永辉超市,2024-09-26,二接三,2,阴,2024-09-24,-1.32,-21.9,6.6,-+-,2.3,31.0,2,2,09-24,一字,10.2,0.0,0.4,09-25,一字,10.1,0.0,0.3,一字+10→一字+10,3.0,9.89,9.4,4.05,125,43,True,10.0,10.0,True,19.67,4.0,False,6,连板,False,2024-09,2024,,,,,,二接三阴
601933.SSE,永辉超市,2024-12-03,二接三,2,阳,2024-11-29,1.1,-16.1,112.0,+-+,-0.7,23.0,6,6,11-29,下影,4.6,1.5,5.7,12-02,下影,5.2,1.0,2.8,下影+5→下影+5,6.09,9.21,13.8,2.32,92,132,False,-7.22,7.06,True,-0.99,2.0,False,4,炸板,False,2024-12,2024,,,,,,二接三阳
601949.SSE,中国出版,2023-04-24,二接三,2,阳,2023-04-20,0.28,,,,,,0,0,04-20,下影,0.0,0.9,4.6,04-21,下影,1.2,1.4,2.8,下影+0→下影+1,9.36,3.17,9.6,2.09,29,9,True,-0.75,-4.27,False,-4.27,1.0,False,3,封次日负,True,2023-04,2023,,,,,,二接三阳
601949.SSE,中国出版,2023-05-08,二接三,2,阳,2023-05-04,6.75,-7.8,68.8,,67.4,5.0,3,3,05-04,实体,1.9,0.0,5.5,05-05,下影,3.9,3.8,7.5,实体+2→下影+4,13.27,-1.66,5.6,0.77,48,31,True,4.9,8.06,False,8.06,1.0,False,3,封次日正,False,2023-05,2023,,,,,,二接三阳
601949.SSE,中国出版,2023-05-09,三接四,3,阳,2023-05-04,6.75,-7.8,68.8,,67.4,5.0,3,3,05-04,实体,1.9,0.0,5.5,05-05,下影,3.9,3.8,7.5,实体+2→下影+4→下影-2,14.6,4.9,8.0,1.17,22,48,False,-2.19,8.01,True,2.6,2.0,False,5,炸板,False,2023-05,2023,05-08,下影,-1.7,1.3,5.6,三接四阳
601958.SSE,金钼股份,2026-06-15,二接三,2,阳,2026-06-11,0.67,-21.5,20.7,-++,-9.8,,0,0,06-11,实体,1.5,0.0,1.5,06-12,一字,10.0,0.0,0.5,实体+1→一字+10,28.07,6.78,6.7,2.74,127,83,True,0.11,2.89,False,2.89,1.0,False,3,封次日正,False,2026-06,2026,,,,,,二接三阳
601991.SSE,大唐发电,2026-05-08,二接三,2,阴,2026-05-06,-3.03,-16.6,14.9,++-,5.6,,0,0,05-06,下影,10.1,1.7,2.7,05-07,下影,8.7,2.2,2.7,下影+10→下影+9,5.54,9.92,9.8,2.49,89,91,True,8.3,9.93,True,29.96,4.0,False,6,连板,False,2026-05,2026,,,,,,二接三阴
601991.SSE,大唐发电,2026-05-11,三接四,3,阴,2026-05-06,-3.03,-16.6,14.9,++-,5.6,,0,0,05-06,下影,10.1,1.7,2.7,05-07,下影,8.7,2.2,2.7,下影+10→下影+9→下影+10,6.09,8.3,2.2,0.59,76,89,True,9.69,10.02,True,18.23,3.0,False,6,连板,False,2026-05,2026,05-08,下影,9.9,4.4,9.8,三接四阴
601992.SSE,金隅集团,2026-01-14,二接三,2,阴,2026-01-12,-1.68,-5.4,9.3,++-,5.4,,0,0,01-12,下影,0.6,0.6,3.1,01-13,下影,8.2,1.5,2.2,下影+1→下影+8,2.34,9.86,8.6,2.42,79,52,True,-3.85,-9.83,False,-9.83,1.0,False,3,封次日负,True,2026-01,2026,,,,,,二接三阴
601996.SSE,丰林集团,2024-10-31,二接三,2,阳,2024-10-29,4.88,-5.7,35.2,+++,27.2,,0,0,10-29,下影,-0.9,2.8,13.8,10-30,下影,10.1,3.8,12.0,下影-1→下影+10,2.87,0.0,22.2,2.14,141,118,True,3.14,-10.1,False,-10.1,1.0,False,3,封次日负,True,2024-10,2024,,,,,,二接三阳
601999.SSE,出版传媒,2023-05-15,二接三,2,阳,2023-05-11,0.26,-9.5,15.0,,10.9,,0,0,05-11,下影,0.4,0.8,3.8,05-12,下影,0.3,4.7,9.2,下影+0→下影+0,10.41,10.04,18.4,2.32,31,23,False,-11.24,-20.85,False,-20.85,1.0,False,2,炸板,True,2023-05,2023,,,,,,二接三阳
603000.SSE,人民网,2023-07-14,二接三,2,阴,2023-07-12,-0.47,-30.0,45.2,--+,-6.3,,0,0,07-12,下影,3.5,1.3,9.0,07-13,下影,4.8,6.9,13.1,下影+4→下影+5,34.08,4.91,7.2,1.01,29,30,True,3.52,1.82,False,1.82,1.0,False,3,封次日正,False,2023-07,2023,,,,,,二接三阴
603000.SSE,人民网,2026-01-14,二接三,2,阳,2026-01-12,4.88,-3.3,14.9,++-,8.1,605.0,0,0,01-12,一字,10.0,0.0,3.1,01-13,一字,10.0,0.0,2.2,一字+10→一字+10,28.03,1.57,9.9,2.39,79,52,True,5.03,9.99,True,-1.0,2.0,False,4,连板,False,2026-01,2026,,,,,,二接三阳
603000.SSE,人民网,2026-01-15,三接四,3,阳,2026-01-12,4.88,-3.3,14.9,++-,8.1,605.0,0,0,01-12,一字,10.0,0.0,3.1,01-13,一字,10.0,0.0,2.2,一字+10→一字+10→下影+2,30.83,5.03,21.8,2.67,51,79,True,-9.99,-9.99,False,-9.99,1.0,False,4,封次日负,True,2026-01,2026,01-14,下影,1.6,1.1,9.9,三接四阳
603001.SSE,奥康国际,2026-05-26,二接三,2,阴,2026-05-22,-3.72,-12.0,8.5,-+-,-4.1,205.0,0,0,05-22,实体,-0.3,0.0,5.0,05-25,下影,2.2,1.8,10.8,实体-0→下影+2,11.73,3.66,13.6,2.03,45,91,False,-9.63,-9.97,False,-9.97,1.0,False,2,炸板,True,2026-05,2026,,,,,,二接三阴
603002.SSE,宏昌电子,2026-06-17,二接三,2,阴,2026-06-15,-2.63,-7.0,92.2,-++,15.1,3.0,2,2,06-15,下影,1.9,0.9,4.7,06-16,实体,3.8,0.1,8.0,下影+2→实体+4,23.2,1.94,6.9,0.86,67,105,True,1.9,1.64,False,1.64,1.0,False,3,封次日正,False,2026-06,2026,,,,,,二接三阴
603004.SSE,鼎龙科技,2024-09-04,二接三,2,阳,2024-09-02,8.05,-18.6,11.8,---,-10.6,,0,0,09-02,下影,10.0,4.7,32.5,09-03,实体,3.8,0.0,12.0,下影+10→实体+4,22.14,9.99,48.5,2.28,31,33,False,-20.69,-18.93,False,-18.93,1.0,False,2,炸板,True,2024-09,2024,,,,,,二接三阳
603004.SSE,鼎龙科技,2024-11-21,三接四,3,阴,2024-11-18,-2.94,-13.6,28.5,+++,0.7,47.0,2,2,11-18,下影,-0.1,3.0,24.0,11-19,实体,10.0,0.2,12.7,下影-0→实体+10→一字+10,28.03,7.93,65.8,2.92,88,119,True,0.0,8.46,False,8.46,1.0,False,4,封次日正,False,2024-11,2024,11-20,一字,10.0,0.0,2.9,三接四阴
603006.SSE,联明股份,2023-06-13,二接三,2,阴,2023-06-09,-1.03,-9.1,10.6,-++,-4.5,,0,0,06-09,实体,0.0,0.0,2.0,06-12,下影,6.3,1.8,6.8,实体+0→下影+6,12.79,7.05,3.2,1.21,35,53,True,10.01,10.01,True,-1.02,2.0,False,4,连板,False,2023-06,2023,,,,,,二接三阴
603006.SSE,联明股份,2023-06-14,三接四,3,阴,2023-06-09,-1.03,-9.1,10.6,-++,-4.5,,0,0,06-09,实体,0.0,0.0,2.0,06-12,下影,6.3,1.8,6.8,实体+0→下影+6→下影+7,14.07,10.01,3.2,1.0,43,35,True,-4.34,-10.02,False,-10.02,1.0,False,4,封次日负,True,2023-06,2023,06-13,下影,7.1,2.0,3.2,三接四阴
603006.SSE,联明股份,2024-03-28,二接三,2,阴,2024-03-26,-3.01,-24.4,51.5,+++,4.1,72.0,0,2,03-26,实体,-0.5,0.0,2.8,03-27,下影,7.0,4.0,5.0,实体-1→下影+7,13.31,7.02,3.3,1.1,59,39,True,9.99,9.99,True,31.71,5.0,False,7,连板,False,2024-03,2024,,,,,,二接三阴
603011.SSE,合锻智能,2024-02-23,二接三,2,阳,2024-02-21,0.36,-35.1,25.9,---,-21.9,,0,0,02-21,下影,-1.4,0.4,3.2,02-22,下影,1.5,3.8,12.1,下影-1→下影+1,7.39,5.21,15.9,2.14,79,56,True,5.55,10.01,True,3.38,2.0,False,4,连板,False,2024-02,2024,,,,,,二接三阳
603011.SSE,合锻智能,2024-02-26,三接四,3,阳,2024-02-21,0.36,-35.1,25.9,---,-21.9,,0,0,02-21,下影,-1.4,0.4,3.2,02-22,下影,1.5,3.8,12.1,下影-1→下影+1→下影+5,8.13,5.55,13.5,1.42,72,79,True,3.69,-6.03,False,-6.03,1.0,False,4,封次日负,True,2024-02,2024,02-23,下影,5.2,3.3,15.9,三接四阳
603011.SSE,合锻智能,2024-03-19,三接四,3,阴,2024-03-14,-3.67,-11.0,72.6,+++,51.9,13.0,4,4,03-14,下影,2.1,1.1,11.4,03-15,下影,8.7,2.4,6.1,下影+2→下影+9→一字+10,11.14,2.67,34.2,2.8,46,70,False,-16.43,-14.45,False,-14.45,1.0,False,3,炸板,True,2024-03,2024,03-18,一字,10.0,0.0,1.0,三接四阴
603011.SSE,合锻智能,2025-03-27,三接四,3,阳,2025-03-24,4.38,-5.1,50.1,+++,17.2,245.0,0,0,03-24,下影,1.1,1.1,10.5,03-25,一字,10.0,0.0,3.4,下影+1→一字+10→一字+10,13.6,3.07,39.6,2.79,41,56,False,-11.76,-1.69,True,-6.18,2.0,False,5,炸板,True,2025-03,2025,03-26,一字,10.0,0.0,1.7,三接四阳
603011.SSE,合锻智能,2025-10-13,三接四,3,阴,2025-09-30,-2.08,-15.0,23.2,+++,7.9,87.0,0,2,09-30,下影,0.1,1.0,16.0,10-09,一字,10.0,0.0,1.8,下影+0→一字+10→一字+10,26.16,5.13,14.4,1.53,48,53,True,9.82,5.81,False,5.81,1.0,False,4,封次日正,False,2025-10,2025,10-10,一字,10.0,0.0,1.1,三接四阴
603011.SSE,合锻智能,2026-05-29,二接三,2,阴,2026-05-27,-5.6,-34.2,2.2,---,-14.0,150.0,0,0,05-27,下影,0.4,0.8,5.4,05-28,下影,1.6,3.4,10.7,下影+0→下影+2,24.92,5.08,11.1,1.54,46,88,True,3.01,9.99,True,16.33,2.0,False,4,连板,False,2026-05,2026,,,,,,二接三阴
603011.SSE,合锻智能,2026-06-01,三接四,3,阴,2026-05-27,-5.6,-34.2,2.2,---,-14.0,150.0,0,0,05-27,下影,0.4,0.8,5.4,05-28,下影,1.6,3.4,10.7,下影+0→下影+2→下影+5,27.41,3.01,7.0,0.89,109,46,True,2.99,5.76,False,5.76,1.0,False,4,封次日正,False,2026-06,2026,05-29,下影,5.1,2.2,11.1,三接四阴
603015.SSE,弘讯科技,2025-01-10,三接四,3,阴,2025-01-07,-1.64,-36.3,21.4,---,-22.6,29.0,6,6,01-07,下影,0.9,1.0,5.7,01-08,下影,6.6,0.9,3.0,下影+1→下影+7→一字+10,13.19,4.67,27.1,3.32,35,77,True,-3.34,-0.3,False,-0.3,1.0,False,4,封次日负,True,2025-01,2025,01-09,一字,10.0,0.0,2.4,三接四阴
603015.SSE,弘讯科技,2026-01-09,二接三,2,阳,2026-01-07,1.02,-3.2,19.0,+++,5.5,239.0,0,0,01-07,下影,0.0,0.4,5.1,01-08,一字,10.0,0.0,1.2,下影+0→一字+10,17.11,10.03,13.9,2.68,79,77,True,0.0,9.99,True,-0.99,2.0,False,4,连板,False,2026-01,2026,,,,,,二接三阳
603015.SSE,弘讯科技,2026-01-12,三接四,3,阳,2026-01-07,1.02,-3.2,19.0,+++,5.5,239.0,0,0,01-07,下影,0.0,0.4,5.1,01-08,一字,10.0,0.0,1.2,下影+0→一字+10→下影+10,18.82,0.0,20.3,2.34,124,79,True,-2.55,-9.99,False,-9.99,1.0,False,4,封次日负,True,2026-01,2026,01-09,下影,10.0,5.7,13.9,三接四阳
603017.SSE,中衡设计,2025-06-04,二接三,2,阳,2025-05-30,1.48,-9.4,25.1,-++,12.1,264.0,0,0,05-30,实体,0.7,0.0,13.0,06-03,下影,5.0,1.0,23.6,实体+1→下影+5,11.87,-4.26,8.8,0.84,60,57,True,1.85,-4.97,False,-4.97,1.0,False,3,封次日负,True,2025-06,2025,,,,,,二接三阳
603017.SSE,中衡设计,2026-01-12,二接三,2,阴,2026-01-08,-0.45,-13.1,13.8,++-,1.2,148.0,0,0,01-08,下影,2.8,1.5,10.5,01-09,一字,10.0,0.0,1.7,下影+3→一字+10,14.63,7.82,10.5,1.6,124,79,True,9.02,-9.98,False,-9.98,1.0,False,3,封次日负,True,2026-01,2026,,,,,,二接三阴
603019.SSE,中科曙光,2024-10-09,二接三,2,阳,2024-09-30,9.49,-4.7,27.3,++-,22.9,,0,0,09-30,下影,6.3,1.6,7.2,10-08,下影,10.0,5.0,5.0,下影+6→下影+10,57.74,2.88,14.5,2.19,29,352,False,-3.01,-9.06,False,-9.06,1.0,False,2,炸板,True,2024-10,2024,,,,,,二接三阳
603023.SSE,威帝股份,2023-12-01,二接三,2,阳,2023-11-29,2.96,-4.6,26.7,++-,5.5,,0,0,11-29,下影,1.5,1.1,15.3,11-30,下影,-3.5,4.7,20.8,下影+2→下影-3,6.94,9.83,26.6,1.74,41,26,True,-9.94,9.94,True,0.86,2.0,False,4,连板,False,2023-12,2023,,,,,,二接三阳
603023.SSE,威帝股份,2023-12-04,三接四,3,阳,2023-11-29,2.96,-4.6,26.7,++-,5.5,,0,0,11-29,下影,1.5,1.1,15.3,11-30,下影,-3.5,4.7,20.8,下影+2→下影-3→下影+10,7.63,-9.94,34.5,1.62,47,41,True,-6.95,-8.26,False,-8.26,1.0,False,4,封次日负,True,2023-12,2023,12-01,下影,9.8,7.8,26.6,三接四阳
603023.SSE,威帝股份,2024-03-21,二接三,2,阳,2024-03-19,1.71,-37.4,64.5,+++,33.2,69.0,0,4,03-19,实体,-0.3,0.0,5.2,03-20,下影,5.1,0.5,8.8,实体-0→下影+5,4.75,4.4,22.4,2.37,56,64,True,-1.26,-2.74,False,-2.74,1.0,False,3,封次日负,True,2024-03,2024,,,,,,二接三阳
603023.SSE,威帝股份,2025-12-22,二接三,2,阴,2025-12-18,-7.35,-18.8,21.3,+++,13.0,7.0,2,2,12-18,实体,-1.7,0.0,12.6,12-19,下影,-0.4,1.1,22.8,实体-2→下影-0,6.38,4.14,31.3,1.66,72,65,False,-15.52,-9.4,False,-9.4,1.0,False,2,炸板,True,2025-12,2025,,,,,,二接三阴
603025.SSE,大豪科技,2023-08-30,二接三,2,阳,2023-08-28,-0.16,-16.9,7.3,--+,-0.4,,0,0,08-28,下影,4.7,1.9,2.4,08-29,下影,5.4,4.2,3.6,下影+5→下影+5,16.85,9.01,3.5,1.66,25,51,True,0.0,-9.97,False,-9.97,1.0,False,3,封次日负,True,2023-08,2023,,,,,,二接三阳
603026.SSE,石大胜华,2025-11-14,二接三,2,阳,2025-11-12,7.66,-1.7,108.8,+++,31.2,25.0,2,2,11-12,下影,-0.7,3.3,13.6,11-13,下影,5.7,0.7,3.6,下影-1→下影+6,100.52,8.0,6.8,0.67,59,73,True,2.05,6.24,False,6.24,1.0,False,3,封次日正,False,2025-11,2025,,,,,,二接三阳
603028.SSE,赛福天,2024-02-20,二接三,2,阴,2024-02-08,-9.34,-57.2,0.8,---,-49.8,,0,0,02-08,下影,-0.7,7.9,4.3,02-19,下影,4.6,2.4,3.2,下影-1→下影+5,7.11,3.25,2.8,0.76,80,186,True,0.0,2.53,False,2.53,1.0,False,3,封次日正,False,2024-02,2024,,,,,,二接三阴
603028.SSE,赛福天,2024-02-21,三接四,3,阴,2024-02-08,-9.34,-57.2,0.8,---,-49.8,,0,0,02-08,下影,-0.7,7.9,4.3,02-19,下影,4.6,2.4,3.2,下影-1→下影+5→下影+3,7.82,0.0,5.0,1.27,93,80,False,-7.93,-3.96,False,-3.96,1.0,False,3,炸板,True,2024-02,2024,02-20,下影,3.3,4.5,2.8,三接四阴
603028.SSE,赛福天,2025-03-24,二接三,2,阴,2025-03-20,-0.87,-7.7,28.7,+++,7.5,262.0,0,0,03-20,下影,2.0,1.5,10.6,03-21,一字,10.1,0.0,2.5,下影+2→一字+10,9.14,9.99,35.8,2.96,38,39,False,-12.8,-12.8,False,-12.8,1.0,False,2,炸板,True,2025-03,2025,,,,,,二接三阴
603029.SSE,天鹅股份,2024-12-02,二接三,2,阳,2024-11-28,-0.18,-13.0,30.7,+-+,9.1,369.0,0,0,11-28,下影,0.0,0.5,11.8,11-29,下影,4.3,2.6,22.5,下影+0→下影+4,22.03,-0.15,22.4,1.76,132,105,False,-12.57,-14.39,False,-14.39,1.0,False,2,炸板,True,2024-12,2024,,,,,,二接三阳
603030.SSE,全筑股份,2024-11-06,二接三,2,阳,2024-11-04,2.17,-6.7,38.2,+++,13.5,,0,0,11-04,实体,1.7,0.0,2.8,11-05,下影,1.2,1.5,7.0,实体+2→下影+1,3.14,3.86,9.7,1.9,104,139,True,5.1,-1.91,False,-1.91,1.0,False,3,封次日负,True,2024-11,2024,,,,,,二接三阳
603030.SSE,全筑股份,2024-12-09,二接三,2,阳,2024-12-05,1.69,-12.8,76.5,+-+,-4.5,21.0,3,3,12-05,下影,1.3,0.7,1.6,12-06,一字,10.0,0.0,0.6,下影+1→一字+10,3.99,9.92,15.4,3.27,83,94,False,-6.02,-1.25,False,-1.25,1.0,False,2,炸板,True,2024-12,2024,,,,,,二接三阳
603030.SSE,全筑股份,2025-05-07,三接四,3,阴,2025-04-29,-2.68,-29.0,13.0,---,-14.8,94.0,0,3,04-29,下影,0.5,0.9,5.6,04-30,下影,4.6,0.4,3.0,下影+0→下影+5→一字+10,3.19,10.0,14.1,2.48,50,79,True,0.31,-10.03,False,-10.03,1.0,False,4,封次日负,True,2025-05,2025,05-06,一字,9.8,0.0,4.7,三接四阴
603032.SSE,德新科技,2025-06-10,二接三,2,阴,2025-06-06,-1.56,-19.0,20.5,--+,-1.0,173.0,0,0,06-06,下影,0.0,0.3,3.9,06-09,下影,4.9,1.0,3.9,下影+0→下影+5,17.64,5.24,16.4,3.07,36,54,True,6.18,3.85,False,3.85,1.0,False,3,封次日正,False,2025-06,2025,,,,,,二接三阴
603032.SSE,德新科技,2025-06-11,三接四,3,阴,2025-06-06,-1.56,-19.0,20.5,--+,-1.0,173.0,0,0,06-06,下影,0.0,0.3,3.9,06-09,下影,4.9,1.0,3.9,下影+0→下影+5→下影+5,19.4,6.18,27.3,2.58,44,36,False,-11.34,-9.79,False,-9.79,1.0,False,3,炸板,True,2025-06,2025,06-10,下影,5.2,5.0,16.4,三接四阴
603032.SSE,德新科技,2025-09-02,二接三,2,阴,2025-08-29,-1.32,-7.7,41.5,+++,5.1,58.0,3,3,08-29,下影,-0.4,0.3,9.0,09-01,下影,9.8,1.9,5.9,下影-0→下影+10,24.88,9.99,4.2,0.64,40,85,True,9.73,2.89,False,2.89,1.0,False,3,封次日正,False,2025-09,2025,,,,,,二接三阴
603032.SSE,德新科技,2025-09-03,三接四,3,阴,2025-08-29,-1.32,-7.7,41.5,+++,5.1,58.0,3,3,08-29,下影,-0.4,0.3,9.0,09-01,下影,9.8,1.9,5.9,下影-0→下影+10→下影+10,27.37,9.73,29.2,2.67,25,40,False,-5.22,-15.82,False,-15.82,1.0,False,3,炸板,True,2025-09,2025,09-02,下影,10.0,2.8,4.2,三接四阴
603033.SSE,三维股份,2024-02-08,二接三,2,阴,2024-02-06,-8.85,-45.6,1.3,---,-30.9,,0,0,02-06,下影,6.8,5.2,0.4,02-07,一字,10.0,0.0,0.1,下影+7→一字+10,13.71,10.03,1.6,1.93,430,92,True,1.39,2.12,False,2.12,1.0,False,3,封次日正,False,2024-02,2024,,,,,,二接三阴
603037.SSE,凯众股份,2023-10-30,二接三,2,阳,2023-10-26,2.53,-8.9,32.1,-++,13.4,,0,0,10-26,下影,-0.2,0.8,12.6,10-27,下影,8.7,3.1,6.1,下影-0→下影+9,23.16,8.22,23.7,2.09,54,67,False,-18.09,-23.66,False,-23.66,1.0,False,2,炸板,True,2023-10,2023,,,,,,二接三阳
603037.SSE,凯众股份,2023-11-08,二接三,2,阴,2023-11-06,-3.87,-16.2,47.3,+++,22.0,6.0,2,2,11-06,实体,2.1,0.0,7.5,11-07,下影,10.0,5.0,10.3,实体+2→下影+10,25.82,-2.43,20.8,1.47,41,42,True,3.25,-9.37,False,-9.37,1.0,False,3,封次日负,True,2023-11,2023,,,,,,二接三阴
603037.SSE,凯众股份,2023-11-09,三接四,3,阴,2023-11-06,-3.87,-16.2,47.3,+++,22.0,6.0,2,2,11-06,实体,2.1,0.0,7.5,11-07,下影,10.0,5.0,10.3,实体+2→下影+10→下影-2,28.4,3.25,28.4,1.78,25,41,False,-24.19,-23.35,False,-23.35,1.0,False,3,炸板,True,2023-11,2023,11-08,下影,-2.4,6.5,20.8,三接四阴
603038.SSE,华立股份,2024-01-15,二接三,2,阴,2024-01-11,-3.33,-11.3,37.4,+++,-3.5,23.0,2,2,01-11,下影,-0.1,0.7,8.3,01-12,一字,10.0,0.0,2.5,下影-0→一字+10,16.24,5.62,14.2,1.82,32,23,True,4.68,-8.68,False,-8.68,1.0,False,3,封次日负,True,2024-01,2024,,,,,,二接三阴
603038.SSE,华立股份,2024-03-04,二接三,2,阴,2024-02-29,-6.89,-46.9,35.2,+--,-23.1,7.0,3,3,02-29,实体,0.1,0.0,4.9,03-01,下影,4.4,2.5,12.6,实体+0→下影+4,13.84,2.54,15.8,1.67,61,56,False,-9.75,-11.99,False,-11.99,1.0,False,2,炸板,True,2024-03,2024,,,,,,二接三阴
603038.SSE,华立股份,2024-10-15,二接三,2,阴,2024-10-11,-2.71,-16.5,28.9,+++,5.2,147.0,0,0,10-11,下影,2.1,1.9,5.0,10-14,下影,6.1,3.1,18.6,下影+2→下影+6,11.0,7.6,9.7,1.12,33,71,True,10.0,10.0,True,145.45,10.0,False,12,连板,False,2024-10,2024,,,,,,二接三阴
603038.SSE,华立股份,2025-08-21,二接三,2,阳,2025-08-19,0.42,-3.5,8.2,-++,-2.0,196.0,0,0,08-19,下影,0.1,0.5,12.5,08-20,下影,5.0,1.8,9.5,下影+0→下影+5,19.24,5.77,24.1,2.41,37,78,False,-15.9,-9.77,False,-9.77,1.0,False,2,炸板,True,2025-08,2025,,,,,,二接三阳
603039.SSE,泛微网络,2025-02-05,二接三,2,阴,2025-01-24,-0.18,-16.7,24.1,++-,-2.5,77.0,0,2,01-24,实体,0.6,0.1,1.9,01-27,下影,4.0,0.9,2.4,实体+1→下影+4,64.9,6.78,0.8,0.6,51,35,True,-0.99,6.92,False,6.92,1.0,False,3,封次日正,False,2025-02,2025,,,,,,二接三阴
603039.SSE,泛微网络,2025-02-06,三接四,3,阴,2025-01-24,-0.18,-16.7,24.1,++-,-2.5,77.0,0,2,01-24,实体,0.6,0.1,1.9,01-27,下影,4.0,0.9,2.4,实体+1→下影+4→下影+7,71.39,-0.99,4.7,2.23,71,51,False,-6.15,-4.75,False,-4.75,1.0,False,3,炸板,True,2025-02,2025,02-05,下影,6.8,0.6,0.8,三接四阴
603039.SSE,泛微网络,2026-08-03,二接三,2,阳,2026-07-30,3.31,-38.1,10.1,---,-14.4,362.0,0,0,07-30,实体,-0.7,0.2,7.5,07-31,下影,-3.0,0.6,7.8,实体-1→下影-3,41.16,6.89,19.6,2.36,69,87,False,-0.97,0.78,False,0.78,1.0,False,2,炸板,False,2026-08,2026,,,,,,二接三阳
603040.SSE,新坐标,2025-05-06,二接三,2,阳,2025-04-29,1.09,-19.4,35.2,++-,-2.0,,0,0,04-29,下影,6.1,1.2,3.9,04-30,实体,3.0,0.0,9.6,下影+6→实体+3,38.16,3.75,5.1,1.08,79,56,True,10.01,7.39,False,7.39,1.0,False,3,封次日正,False,2025-05,2025,,,,,,二接三阳
603040.SSE,新坐标,2025-05-07,三接四,3,阳,2025-04-29,1.09,-19.4,35.2,++-,-2.0,,0,0,04-29,下影,6.1,1.2,3.9,04-30,实体,3.0,0.0,9.6,下影+6→实体+3→下影+4,41.98,10.01,15.8,2.15,50,79,False,-4.69,-7.1,False,-7.1,1.0,False,3,炸板,True,2025-05,2025,05-06,下影,3.7,1.1,5.1,三接四阳
603042.SSE,华脉科技,2023-09-25,二接三,2,阴,2023-09-21,-4.9,-41.1,9.2,++-,-11.7,59.0,6,6,09-21,实体,0.5,0.0,12.2,09-22,下影,1.9,1.3,30.9,实体+0→下影+2,19.92,7.51,48.8,2.14,23,24,True,-2.21,9.99,True,-1.0,2.0,False,4,连板,False,2023-09,2023,,,,,,二接三阴
603042.SSE,华脉科技,2023-09-26,三接四,3,阴,2023-09-21,-4.9,-41.1,9.2,++-,-11.7,59.0,6,6,09-21,实体,0.5,0.0,12.2,09-22,下影,1.9,1.3,30.9,实体+0→下影+2→下影+8,21.91,-2.21,43.8,1.5,24,23,True,-10.0,-10.0,False,-10.0,1.0,False,4,封次日负,True,2023-09,2023,09-25,下影,7.5,4.5,48.8,三接四阴
603042.SSE,华脉科技,2025-01-21,二接三,2,阳,2025-01-17,2.23,-34.3,13.7,---,-13.4,166.0,0,0,01-17,下影,6.7,1.6,4.7,01-20,一字,10.0,0.0,1.5,下影+7→一字+10,15.28,10.01,39.4,3.31,38,62,True,10.01,10.01,True,-0.98,2.0,False,4,连板,False,2025-01,2025,,,,,,二接三阳
603042.SSE,华脉科技,2025-01-22,三接四,3,阳,2025-01-17,2.23,-34.3,13.7,---,-13.4,166.0,0,0,01-17,下影,6.7,1.6,4.7,01-20,一字,10.0,0.0,1.5,下影+7→一字+10→下影+10,16.81,10.01,13.1,0.99,36,38,True,9.99,-9.99,False,-9.99,1.0,False,4,封次日负,True,2025-01,2025,01-21,下影,10.0,9.0,39.4,三接四阳
603042.SSE,华脉科技,2025-06-06,二接三,2,阳,2025-06-04,0.5,-12.9,42.4,+-+,7.6,28.0,2,4,06-04,实体,0.0,0.0,11.1,06-05,下影,4.1,4.0,35.2,实体+0→下影+4,18.67,6.07,50.2,2.33,44,56,True,-5.2,4.45,False,4.45,1.0,False,3,封次日正,False,2025-06,2025,,,,,,二接三阳
603048.SSE,浙江黎明,2025-03-07,三接四,3,阳,2025-03-04,-0.06,-18.6,24.7,-++,4.0,,0,0,03-04,下影,0.1,0.4,2.4,03-05,实体,3.5,0.2,2.6,下影+0→实体+4→一字+10,23.0,10.0,18.3,3.67,45,87,True,-2.61,-5.87,False,-5.87,1.0,False,4,封次日负,True,2025-03,2025,03-06,一字,10.0,0.0,0.6,三接四阳
603051.SSE,鹿山新材,2025-09-04,二接三,2,阳,2025-09-02,4.91,-29.7,8.9,---,-25.9,279.0,0,0,09-02,下影,1.6,1.0,7.7,09-03,下影,8.4,2.3,6.8,下影+2→下影+8,28.17,10.0,33.5,2.88,33,25,False,-17.29,-11.32,False,-11.32,1.0,False,2,炸板,True,2025-09,2025,,,,,,二接三阳
603052.SSE,可川科技,2024-01-02,二接三,2,阳,2023-12-28,0.5,-5.3,31.9,++-,5.8,128.0,0,0,12-28,下影,1.0,2.9,22.2,12-29,下影,1.2,0.7,17.7,下影+1→下影+1,47.94,9.98,11.6,0.89,48,54,True,-6.13,1.79,False,1.79,1.0,False,3,封次日正,False,2024-01,2024,,,,,,二接三阳
603052.SSE,可川科技,2024-01-03,三接四,3,阳,2023-12-28,0.5,-5.3,31.9,++-,5.8,128.0,0,0,12-28,下影,1.0,2.9,22.2,12-29,下影,1.2,0.7,17.7,下影+1→下影+1→实体+10,52.73,-6.13,60.1,2.52,33,48,False,-16.61,1.8,True,-8.38,2.0,False,5,炸板,False,2024-01,2024,01-02,实体,10.0,0.0,11.6,三接四阳
603052.SSE,可川科技,2024-03-04,二接三,2,阴,2024-02-29,-9.93,-43.1,34.9,++-,-15.3,36.0,3,3,02-29,下影,-1.9,1.0,9.7,03-01,下影,3.5,4.8,24.2,下影-2→下影+4,40.69,4.97,29.0,1.74,61,56,False,-11.26,-9.07,False,-9.07,1.0,False,2,炸板,True,2024-03,2024,,,,,,二接三阴
603052.SSE,可川科技,2026-01-29,二接三,2,阳,2026-01-27,-1.29,-7.1,87.8,+++,55.3,464.0,0,0,01-27,下影,0.2,2.6,4.4,01-28,实体,2.0,0.0,7.8,下影+0→实体+2,68.28,2.38,8.7,1.4,74,72,False,-0.53,1.16,False,1.16,1.0,False,2,炸板,False,2026-01,2026,,,,,,二接三阳
603052.SSE,可川科技,2026-04-20,二接三,2,阴,2026-04-16,-1.66,-7.9,61.8,+++,19.3,49.0,2,2,04-16,下影,-0.1,0.9,3.4,04-17,下影,4.3,1.2,6.0,下影-0→下影+4,91.69,4.8,10.3,1.77,72,57,True,0.36,-1.52,False,-1.52,1.0,False,3,封次日负,True,2026-04,2026,,,,,,二接三阴
603052.SSE,可川科技,2026-05-14,二接三,2,阴,2026-05-12,-2.89,-11.6,60.4,-++,34.7,13.0,3,3,05-12,一字,10.0,0.0,0.9,05-13,一字,10.0,0.0,1.8,一字+10→一字+10,115.38,10.0,4.0,1.04,50,101,True,-0.42,-1.66,False,-1.66,1.0,False,3,封次日负,True,2026-05,2026,,,,,,二接三阴
603056.SSE,德邦股份,2025-05-29,二接三,2,阳,2025-05-27,6.92,-9.8,11.5,++-,3.3,,0,0,05-27,下影,8.9,2.5,4.2,05-28,下影,10.0,2.0,3.3,下影+9→下影+10,18.91,4.77,3.9,1.25,80,49,True,9.99,9.99,True,17.13,3.0,False,5,连板,False,2025-05,2025,,,,,,二接三阳
603061.SSE,金海通,2024-10-21,二接三,2,阳,2024-10-17,-1.16,-8.0,28.6,+++,16.4,7.0,2,2,10-17,实体,1.0,0.1,12.9,10-18,下影,1.2,3.4,12.4,实体+1→下影+1,92.09,3.92,17.3,1.71,89,77,False,-10.38,-9.95,False,-9.95,1.0,False,2,炸板,True,2024-10,2024,,,,,,二接三阳
603063.SSE,禾望电气,2024-10-29,二接三,2,阴,2024-10-25,-4.42,-14.0,24.9,+++,19.6,,0,0,10-25,实体,-0.2,0.1,7.4,10-28,下影,5.8,3.3,13.9,实体-0→下影+6,18.41,1.55,15.6,1.49,93,179,False,-5.38,-9.29,False,-9.29,1.0,False,2,炸板,True,2024-10,2024,,,,,,二接三阴
603063.SSE,禾望电气,2025-01-08,二接三,2,阴,2025-01-06,-5.07,-18.0,52.3,++-,-9.8,49.0,2,2,01-06,实体,9.4,0.0,2.0,01-07,下影,10.0,4.3,10.0,实体+9→下影+10,25.42,5.15,7.2,1.29,53,77,True,9.99,9.99,True,17.7,2.0,False,4,连板,False,2025-01,2025,,,,,,二接三阴
603063.SSE,禾望电气,2025-01-09,三接四,3,阴,2025-01-06,-5.07,-18.0,52.3,++-,-9.8,49.0,2,2,01-06,实体,9.4,0.0,2.0,01-07,下影,10.0,4.3,10.0,实体+9→下影+10→实体+5,27.96,9.99,24.3,2.52,77,53,True,2.9,7.01,False,7.01,1.0,False,4,封次日正,False,2025-01,2025,01-08,实体,5.1,0.0,7.2,三接四阴
603065.SSE,宿迁联盛,2024-01-09,二接三,2,阴,2024-01-05,-1.56,-14.7,11.0,+--,-2.0,,0,0,01-05,下影,0.0,1.0,27.5,01-08,下影,4.1,4.9,50.3,下影+0→下影+4,18.48,10.0,74.4,2.32,40,29,False,-22.08,-18.51,False,-18.51,1.0,False,2,炸板,True,2024-01,2024,,,,,,二接三阴
603066.SSE,音飞储存,2023-12-14,二接三,2,阳,2023-12-12,1.12,-5.0,7.6,--+,-2.2,,0,0,12-12,下影,0.6,0.5,4.0,12-13,下影,9.7,4.8,6.3,下影+1→下影+10,13.28,10.02,10.8,2.36,34,32,True,0.53,10.02,True,-0.98,2.0,False,4,连板,False,2023-12,2023,,,,,,二接三阳
603066.SSE,音飞储存,2023-12-15,三接四,3,阳,2023-12-12,1.12,-5.0,7.6,--+,-2.2,,0,0,12-12,下影,0.6,0.5,4.0,12-13,下影,9.7,4.8,6.3,下影+1→下影+10→下影+10,14.61,0.53,24.0,2.62,42,34,True,-6.23,-9.99,False,-9.99,1.0,False,4,封次日负,True,2023-12,2023,12-14,下影,10.0,2.4,10.8,三接四阳
603066.SSE,音飞储存,2024-01-22,二接三,2,阳,2024-01-18,0.79,-21.5,19.5,++-,-3.1,23.0,4,4,01-18,下影,-0.6,4.0,10.6,01-19,下影,3.5,6.9,18.5,下影-1→下影+3,15.27,-3.31,26.0,1.87,15,37,False,-15.46,-11.98,False,-11.98,1.0,False,2,炸板,True,2024-01,2024,,,,,,二接三阳
603066.SSE,音飞储存,2024-02-28,二接三,2,阳,2024-02-26,4.13,-30.4,31.2,+--,-14.0,20.0,4,4,02-26,一字,10.0,0.0,2.0,02-27,一字,10.0,0.0,1.0,一字+10→一字+10,14.44,9.98,18.5,2.44,23,69,False,-22.58,-15.93,False,-15.93,1.0,False,2,炸板,True,2024-02,2024,,,,,,二接三阳
603068.SSE,博通集成,2024-05-28,二接三,2,阴,2024-05-24,-1.0,-18.2,21.0,+++,15.5,,0,0,05-24,实体,-0.9,0.1,5.5,05-27,下影,2.5,5.6,12.2,实体-1→下影+3,27.67,7.99,12.4,1.92,18,30,True,10.01,-6.76,False,-6.76,1.0,False,3,封次日负,True,2024-05,2024,,,,,,二接三阴
603068.SSE,博通集成,2024-05-29,三接四,3,阴,2024-05-24,-1.0,-18.2,21.0,+++,15.5,,0,0,05-24,实体,-0.9,0.1,5.5,05-27,下影,2.5,5.6,12.2,实体-1→下影+3→下影+8,30.44,10.01,24.0,2.17,21,18,False,-19.32,-13.11,False,-13.11,1.0,False,3,炸板,True,2024-05,2024,05-28,下影,8.0,3.8,12.4,三接四阴
603068.SSE,博通集成,2025-08-29,二接三,2,阳,2025-08-27,1.05,-3.0,23.3,+++,10.1,148.0,0,0,08-27,实体,0.5,0.2,7.8,08-28,一字,10.0,0.0,1.7,实体+1→一字+10,51.38,10.0,25.6,2.74,55,47,False,-9.11,-10.47,False,-10.47,1.0,False,2,炸板,True,2025-08,2025,,,,,,二接三阳
603069.SSE,海汽集团,2024-03-08,二接三,2,阳,2024-03-06,0.96,-23.2,32.3,+--,6.7,,0,0,03-06,一字,10.0,0.0,0.2,03-07,一字,10.0,0.0,0.2,一字+10→一字+10,22.48,9.98,13.1,3.8,52,44,False,-15.7,-16.95,False,-16.95,1.0,False,2,炸板,True,2024-03,2024,,,,,,二接三阳
603070.SSE,万控智造,2025-01-09,二接三,2,阳,2025-01-07,0.16,-14.1,7.3,+-+,-2.3,,0,0,01-07,实体,-0.1,0.2,7.1,01-08,一字,10.0,0.0,5.2,实体-0→一字+10,16.42,6.16,51.4,3.38,77,53,True,-8.47,-9.99,False,-9.99,1.0,False,3,封次日负,True,2025-01,2025,,,,,,二接三阳
603070.SSE,万控智造,2026-05-14,二接三,2,阳,2026-05-12,2.03,-21.9,3.3,--+,-6.3,319.0,0,0,05-12,实体,0.1,0.0,1.4,05-13,一字,10.0,0.0,0.8,实体+0→一字+10,18.71,9.99,8.0,3.15,50,101,False,-13.95,-11.54,False,-11.54,1.0,False,2,炸板,True,2026-05,2026,,,,,,二接三阳
603072.SSE,天和磁材,2025-04-07,二接三,2,阳,2025-04-02,1.06,-56.0,36.2,+++,10.0,,0,0,04-02,下影,-1.0,2.2,47.3,04-03,下影,1.4,3.7,47.3,下影-1→下影+1,58.56,9.97,60.9,1.42,18,45,False,-14.53,1.25,True,5.33,2.0,False,4,炸板,False,2025-04,2025,,,,,,二接三阳
603079.SSE,圣达生物,2026-08-18,二接三,2,阴,2026-08-14,-0.97,-24.0,22.6,++-,3.5,514.0,0,0,08-14,实体,-0.5,0.2,4.7,08-17,实体,10.0,0.1,2.7,实体-0→实体+10,16.23,9.97,19.3,3.18,70,93,False,-18.18,-18.3,False,-18.3,1.0,False,2,炸板,True,2026-08,2026,,,,,,二接三阴
603080.SSE,新疆火炬,2025-08-12,二接三,2,阳,2025-08-08,-0.5,-5.5,22.3,+++,14.5,,0,0,08-08,实体,1.3,0.3,10.5,08-11,下影,10.0,4.3,14.3,实体+1→下影+10,26.74,0.0,11.2,1.09,42,63,True,8.04,-5.87,False,-5.87,1.0,False,3,封次日负,True,2025-08,2025,,,,,,二接三阳
603082.SSE,北自科技,2024-02-21,二接三,2,阳,2024-02-19,7.04,,,,,,0,0,02-19,下影,3.4,1.2,40.3,02-20,下影,7.0,1.8,12.4,下影+3→下影+7,36.82,4.54,65.8,1.6,93,80,False,-9.34,-3.86,False,-3.86,1.0,False,2,炸板,True,2024-02,2024,,,,,,二接三阳
603082.SSE,北自科技,2024-02-27,二接三,2,阳,2024-02-23,-1.67,,,,,3.0,2,2,02-23,实体,0.1,0.0,60.2,02-26,下影,10.0,3.3,27.2,实体+0→下影+10,47.11,0.4,70.6,1.28,69,72,False,-9.25,-15.9,False,-15.9,1.0,False,2,炸板,True,2024-02,2024,,,,,,二接三阳
603082.SSE,北自科技,2025-01-21,二接三,2,阴,2025-01-17,-0.99,-18.0,10.0,+--,-3.1,220.0,0,0,01-17,实体,-1.1,0.1,17.4,01-20,下影,1.2,2.7,30.6,实体-1→下影+1,45.35,5.0,52.9,2.3,38,62,False,-13.61,-16.25,False,-16.25,1.0,False,2,炸板,True,2025-01,2025,,,,,,二接三阴
603082.SSE,北自科技,2026-05-18,二接三,2,阳,2026-05-14,-0.09,-15.1,6.7,+-+,-3.2,309.0,0,0,05-14,下影,2.4,2.6,12.0,05-15,实体,1.5,0.0,31.6,下影+2→实体+1,46.53,10.0,52.1,2.6,72,46,True,9.99,9.99,True,-1.01,2.0,False,4,连板,False,2026-05,2026,,,,,,二接三阳
603082.SSE,北自科技,2026-05-19,三接四,3,阳,2026-05-14,-0.09,-15.1,6.7,+-+,-3.2,309.0,0,0,05-14,下影,2.4,2.6,12.0,05-15,实体,1.5,0.0,31.6,下影+2→实体+1→下影+10,51.18,9.99,12.7,0.58,75,72,True,-10.0,-10.0,False,-10.0,1.0,False,4,封次日负,True,2026-05,2026,05-18,下影,10.0,9.6,52.1,三接四阳
603082.SSE,北自科技,2026-06-23,二接三,2,阳,2026-06-18,5.04,-27.3,16.1,---,-19.0,22.0,4,4,06-18,下影,-1.0,0.5,26.3,06-22,实体,4.6,0.0,14.8,下影-1→实体+5,49.64,-2.9,40.8,1.86,87,122,False,-5.52,-5.42,False,-5.42,1.0,False,2,炸板,True,2026-06,2026,,,,,,二接三阳
603083.SSE,剑桥科技,2023-04-20,二接三,2,阳,2023-04-18,0.93,,,,,,0,0,04-18,实体,2.3,0.2,27.1,04-19,下影,7.7,0.8,16.8,实体+2→下影+8,57.76,1.73,23.6,1.11,24,23,True,3.79,0.24,False,0.24,1.0,False,3,封次日正,False,2023-04,2023,,,,,,二接三阳
603083.SSE,剑桥科技,2025-09-15,二接三,2,阴,2025-09-11,4.97,-15.1,101.6,-++,47.3,11.0,3,3,09-11,下影,2.4,1.9,16.4,09-12,下影,1.8,1.1,13.6,下影+2→下影+2,111.64,1.49,24.1,1.51,56,57,False,1.22,7.4,True,6.49,2.0,False,4,炸板,False,2025-09,2025,,,,,,二接三阴
603085.SSE,天成自控,2025-02-26,二接三,2,阳,2025-02-24,-0.59,-8.6,34.4,+++,12.8,,0,0,02-24,下影,0.8,0.8,4.1,02-25,下影,2.0,1.8,15.9,下影+1→下影+2,15.81,5.22,22.2,2.04,81,46,False,-11.51,-2.72,True,-12.46,2.0,False,4,炸板,True,2025-02,2025,,,,,,二接三阳
603086.SSE,先达股份,2025-01-14,二接三,2,阳,2025-01-10,0.72,-21.8,7.7,---,-16.7,,0,0,01-10,下影,0.0,1.4,6.5,01-13,下影,3.7,5.4,11.7,下影+0→下影+4,5.59,0.39,20.2,2.46,111,42,True,-1.43,-10.02,False,-10.02,1.0,False,3,封次日负,True,2025-01,2025,,,,,,二接三阳
603086.SSE,先达股份,2025-02-17,二接三,2,阳,2025-02-13,0.0,-24.7,14.4,+-+,6.7,16.0,3,3,02-13,下影,0.4,0.9,8.6,02-14,下影,3.9,0.8,10.9,下影+0→下影+4,5.94,0.0,24.3,2.44,74,53,True,1.01,9.93,True,-1.01,2.0,False,4,连板,False,2025-02,2025,,,,,,二接三阳
603086.SSE,先达股份,2025-02-18,三接四,3,阳,2025-02-13,0.0,-24.7,14.4,+-+,6.7,16.0,3,3,02-13,下影,0.4,0.9,8.6,02-14,下影,3.9,0.8,10.9,下影+0→下影+4→下影+0,6.53,1.01,17.0,1.34,37,74,True,-2.76,-9.95,False,-9.95,1.0,False,4,封次日负,True,2025-02,2025,02-17,下影,0.0,1.9,24.3,三接四阳
603086.SSE,先达股份,2025-04-24,三接四,3,阳,2025-04-21,-0.18,-20.7,31.5,+--,-0.5,43.0,4,4,04-21,下影,0.5,1.1,3.8,04-22,一字,10.0,0.0,1.6,下影+1→一字+10→一字+10,8.01,7.14,33.3,3.69,45,52,True,3.5,2.12,False,2.12,1.0,False,4,封次日正,False,2025-04,2025,04-23,一字,10.0,0.0,4.6,三接四阳
603088.SSE,宁波精达,2024-12-06,二接三,2,阳,2024-12-04,0.79,-4.5,54.5,+++,14.0,,0,0,12-04,实体,0.6,0.1,4.1,12-05,下影,6.8,1.8,4.0,实体+1→下影+7,11.85,10.03,18.8,2.63,94,103,False,-17.72,-5.65,True,2.78,4.0,False,6,炸板,True,2024-12,2024,,,,,,二接三阳
603088.SSE,宁波精达,2024-12-11,二接三,2,阴,2024-12-09,-5.66,-14.3,76.4,+++,29.4,2.0,2,2,12-09,实体,-4.0,0.0,7.1,12-10,下影,10.0,8.4,29.2,实体-4→下影+10,13.53,8.94,7.9,0.59,119,82,True,-7.61,-9.98,False,-9.98,1.0,False,3,封次日负,True,2024-12,2024,,,,,,二接三阴
603089.SSE,正裕工业,2023-11-06,二接三,2,阳,2023-11-02,3.12,-3.1,37.7,+++,21.9,,0,0,11-02,实体,-2.2,0.0,10.9,11-03,下影,0.5,5.0,14.2,实体-2→下影+0,15.41,0.0,16.5,1.43,47,35,False,-10.19,-4.09,False,-4.09,1.0,False,2,炸板,True,2023-11,2023,,,,,,二接三阳
603090.SSE,宏盛股份,2025-09-25,二接三,2,阴,2025-09-23,-2.98,-10.6,80.3,-++,27.9,,0,0,09-23,下影,0.8,0.7,11.5,09-24,实体,2.0,0.0,6.8,下影+1→实体+2,57.18,8.08,25.7,2.25,36,64,False,-2.06,4.83,True,-1.66,2.0,False,4,炸板,False,2025-09,2025,,,,,,二接三阴
603091.SSE,众鑫股份,2024-10-09,二接三,2,阳,2024-09-30,3.93,,,,,,0,0,09-30,下影,4.7,0.3,39.4,10-08,一字,10.0,0.0,2.2,下影+5→一字+10,52.15,10.0,48.8,1.39,29,352,True,1.63,-9.99,False,-9.99,1.0,False,3,封次日负,True,2024-10,2024,,,,,,二接三阳
603093.SSE,南华期货,2025-06-05,二接三,2,阳,2025-06-03,5.17,-8.8,25.3,--+,9.2,158.0,0,0,06-03,下影,1.8,0.8,3.2,06-04,下影,4.7,5.9,5.3,下影+2→下影+5,17.31,9.97,7.3,1.79,56,60,True,3.41,7.97,False,7.97,1.0,False,3,封次日正,False,2025-06,2025,,,,,,二接三阳
603093.SSE,南华期货,2025-06-06,三接四,3,阳,2025-06-03,5.17,-8.8,25.3,--+,9.2,158.0,0,0,06-03,下影,1.8,0.8,3.2,06-04,下影,4.7,5.9,5.3,下影+2→下影+5→下影+10,19.04,3.41,13.0,2.02,44,56,False,-5.72,7.98,True,5.46,2.0,False,5,炸板,False,2025-06,2025,06-05,下影,10.0,2.0,7.3,三接四阳
603093.SSE,南华期货,2025-06-27,二接三,2,阳,2025-06-25,3.88,-22.0,72.9,-++,46.1,14.0,3,3,06-25,实体,0.0,0.0,9.2,06-26,下影,8.0,5.8,8.8,实体+0→下影+8,23.9,-3.36,11.1,1.27,42,46,False,-4.69,-6.57,False,-6.57,1.0,False,2,炸板,True,2025-06,2025,,,,,,二接三阳
603093.SSE,南华期货,2025-07-11,二接三,2,阳,2025-07-09,-0.62,-14.8,83.1,-++,3.9,9.0,3,3,07-09,下影,2.4,0.9,8.6,07-10,下影,-0.7,1.0,7.7,下影+2→下影-1,27.79,1.78,8.4,1.15,49,54,True,-1.76,-10.0,False,-10.0,1.0,False,3,封次日负,True,2025-07,2025,,,,,,二接三阳
603095.SSE,越剑智能,2024-03-18,二接三,2,阴,2024-03-14,-0.65,-18.6,53.6,+++,39.7,,0,0,03-14,实体,0.1,0.0,3.4,03-15,下影,4.4,3.9,6.2,实体+0→下影+4,20.48,7.95,2.8,0.96,70,56,True,8.84,-8.25,False,-8.25,1.0,False,3,封次日负,True,2024-03,2024,,,,,,二接三阴
603095.SSE,越剑智能,2024-10-28,二接三,2,阴,2024-10-24,-4.06,-8.9,32.5,+++,27.1,2.0,2,2,10-24,下影,-0.6,0.5,5.7,10-25,下影,4.5,3.5,10.3,下影-1→下影+5,23.57,0.79,11.6,1.37,179,121,False,-8.91,-12.6,False,-12.6,1.0,False,2,炸板,True,2024-10,2024,,,,,,二接三阴
603095.SSE,越剑智能,2026-04-29,二接三,2,阳,2026-04-27,-1.14,-22.5,6.2,-+-,1.2,59.0,2,2,04-27,下影,2.8,4.6,4.3,04-28,下影,7.6,7.6,3.2,下影+3→下影+8,23.06,-1.0,9.3,2.3,92,53,True,10.02,10.02,True,4.86,2.0,False,4,连板,False,2026-04,2026,,,,,,二接三阳
603096.SSE,新经典,2023-04-13,二接三,2,阴,2023-04-11,-2.63,,,,,,0,0,04-11,下影,-0.1,0.8,4.0,04-12,下影,5.3,0.5,11.3,下影-0→下影+5,28.07,0.31,13.4,2.02,22,43,False,-8.23,-11.33,False,-11.33,1.0,False,2,炸板,True,2023-04,2023,,,,,,二接三阴
603096.SSE,新经典,2024-12-02,二接三,2,阳,2024-11-28,1.32,-7.1,28.3,+++,5.7,395.0,0,0,11-28,下影,1.3,1.8,8.0,11-29,下影,3.1,2.3,11.8,下影+1→下影+3,24.6,-3.76,15.7,1.94,132,105,False,-11.99,-6.5,False,-6.5,1.0,False,2,炸板,True,2024-12,2024,,,,,,二接三阳
603097.SSE,江苏华辰,2024-01-16,二接三,2,阴,2024-01-12,0.5,-15.5,31.4,+++,14.1,146.0,0,0,01-12,下影,1.9,2.4,35.7,01-15,下影,1.1,1.3,48.3,下影+2→下影+1,31.83,-1.17,64.6,1.6,29,32,True,-5.44,-8.33,False,-8.33,1.0,False,3,封次日负,True,2024-01,2024,,,,,,二接三阴
603099.SSE,长白山,2024-01-04,二接三,2,阳,2024-01-02,3.88,-10.1,23.3,---,-2.6,128.0,0,0,01-02,下影,1.7,1.3,5.0,01-03,实体,0.9,0.0,11.6,下影+2→实体+1,19.94,6.84,12.3,1.91,37,33,True,7.17,9.98,True,48.95,5.0,False,7,连板,False,2024-01,2024,,,,,,二接三阳
603099.SSE,长白山,2024-01-05,三接四,3,阳,2024-01-02,3.88,-10.1,23.3,---,-2.6,128.0,0,0,01-02,下影,1.7,1.3,5.0,01-03,实体,0.9,0.0,11.6,下影+2→实体+1→下影+7,21.93,7.17,13.9,1.55,18,37,True,4.01,9.99,True,35.43,4.0,False,7,连板,False,2024-01,2024,01-04,下影,6.8,6.2,12.3,三接四阳
603101.SSE,汇嘉时代,2024-11-13,二接三,2,阴,2024-11-11,-0.85,-4.4,37.1,-++,18.0,250.0,0,0,11-11,下影,1.0,0.9,4.3,11-12,下影,1.1,1.9,6.9,下影+1→下影+1,7.77,-2.12,7.9,1.73,50,65,False,-8.62,-1.67,False,-1.67,1.0,False,2,炸板,True,2024-11,2024,,,,,,二接三阴
603101.SSE,汇嘉时代,2025-08-22,二接三,2,阳,2025-08-20,3.61,-3.8,19.8,+++,8.3,189.0,0,0,08-20,下影,1.7,2.6,10.6,08-21,下影,-0.6,2.9,16.1,下影+2→下影-1,11.45,3.84,3.2,0.34,55,37,True,1.48,5.24,False,5.24,1.0,False,3,封次日正,False,2025-08,2025,,,,,,二接三阳
603101.SSE,汇嘉时代,2025-08-25,三接四,3,阳,2025-08-20,3.61,-3.8,19.8,+++,8.3,189.0,0,0,08-20,下影,1.7,2.6,10.6,08-21,下影,-0.6,2.9,16.1,下影+2→下影-1→实体+4,12.6,1.48,17.9,1.6,64,55,False,-10.48,-13.73,False,-13.73,1.0,False,3,炸板,True,2025-08,2025,08-22,实体,3.8,0.2,3.2,三接四阳
603103.SSE,横店影视,2025-02-14,二接三,2,阴,2025-02-12,-0.15,-25.3,14.8,-+-,5.0,48.0,2,2,02-12,下影,0.1,0.4,1.2,02-13,下影,4.0,3.6,4.4,下影+0→下影+4,18.02,5.31,5.8,2.0,53,45,False,-12.32,-16.09,False,-16.09,1.0,False,2,炸板,True,2025-02,2025,,,,,,二接三阴
603103.SSE,横店影视,2026-02-03,三接四,3,阳,2026-01-29,4.57,-4.8,37.7,+++,33.6,237.0,0,0,01-29,下影,0.3,0.9,1.9,01-30,下影,4.4,2.5,2.0,下影+0→下影+4→一字+10,30.86,10.02,1.4,0.85,61,32,True,9.85,-6.74,False,-6.74,1.0,False,4,封次日负,True,2026-02,2026,02-02,一字,10.0,0.0,0.4,三接四阳
603106.SSE,恒银科技,2023-08-08,二接三,2,阳,2023-08-04,1.56,-5.0,11.4,+++,5.8,,0,0,08-04,实体,0.0,0.2,3.7,08-07,下影,10.1,4.5,8.5,实体+0→下影+10,7.81,5.07,22.1,2.98,25,23,True,-0.38,9.99,True,8.96,3.0,False,5,连板,False,2023-08,2023,,,,,,二接三阳
603106.SSE,恒银科技,2023-08-09,三接四,3,阳,2023-08-04,1.56,-5.0,11.4,+++,5.8,,0,0,08-04,实体,0.0,0.2,3.7,08-07,下影,10.1,4.5,8.5,实体+0→下影+10→下影+5,8.59,-0.38,19.0,1.73,15,25,True,-3.38,10.01,True,-0.93,2.0,False,5,连板,False,2023-08,2023,08-08,下影,5.1,2.1,22.1,三接四阳
603106.SSE,恒银科技,2023-08-28,二接三,2,阳,2023-08-24,2.26,-18.5,45.0,-++,36.8,10.0,5,5,08-24,下影,-1.2,0.6,21.6,08-25,实体,-0.9,0.0,15.9,下影-1→实体-1,10.25,9.98,20.0,1.17,28,16,False,-12.2,-13.17,False,-13.17,1.0,False,2,炸板,True,2023-08,2023,,,,,,二接三阳
603106.SSE,恒银科技,2024-10-28,二接三,2,阴,2024-10-24,-0.61,-12.8,143.2,+++,118.9,11.0,8,8,10-24,下影,4.2,5.9,23.4,10-25,下影,-4.0,3.0,21.4,下影+4→下影-4,13.11,9.9,12.2,0.64,179,121,True,9.99,-9.99,False,-9.99,1.0,False,3,封次日负,True,2024-10,2024,,,,,,二接三阴
603106.SSE,恒银科技,2024-10-29,三接四,3,阴,2024-10-24,-0.61,-12.8,143.2,+++,118.9,11.0,8,8,10-24,下影,4.2,5.9,23.4,10-25,下影,-4.0,3.0,21.4,下影+4→下影-4→下影+10,14.42,9.99,8.4,0.49,93,179,False,-17.27,-9.99,True,-6.45,2.0,False,5,炸板,True,2024-10,2024,10-28,下影,9.9,9.9,12.2,三接四阴
603106.SSE,恒银科技,2025-01-15,二接三,2,阴,2025-01-13,-5.51,-48.8,8.5,---,-26.5,54.0,3,8,01-13,下影,-1.4,2.4,4.6,01-14,下影,4.7,3.8,7.7,下影-1→下影+5,9.82,4.26,16.4,2.12,54,111,False,-11.41,-3.46,False,-3.46,1.0,False,2,炸板,True,2025-01,2025,,,,,,二接三阴
603106.SSE,恒银科技,2026-08-04,二接三,2,阳,2026-07-31,0.89,-26.2,10.0,+--,-4.5,268.0,0,0,07-31,实体,-0.4,0.0,2.3,08-03,一字,10.0,0.0,1.7,实体-0→一字+10,9.04,9.98,4.1,1.81,123,69,True,3.32,1.0,False,1.0,1.0,False,3,封次日正,False,2026-08,2026,,,,,,二接三阳
603106.SSE,恒银科技,2026-08-05,三接四,3,阳,2026-07-31,0.89,-26.2,10.0,+--,-4.5,268.0,0,0,07-31,实体,-0.4,0.0,2.3,08-03,一字,10.0,0.0,1.7,实体-0→一字+10→下影+10,9.94,3.32,20.0,3.35,93,123,False,-9.66,1.01,True,-9.05,2.0,False,5,炸板,False,2026-08,2026,08-04,下影,10.0,1.7,4.1,三接四阳
603108.SSE,润达医疗,2023-06-20,二接三,2,阴,2023-06-16,-1.27,-16.7,24.7,+++,16.2,,0,0,06-16,实体,-0.1,0.1,6.7,06-19,下影,8.0,2.5,8.7,实体-0→下影+8,18.6,7.27,5.4,0.79,34,34,True,1.56,1.67,False,1.67,1.0,False,3,封次日正,False,2023-06,2023,,,,,,二接三阴
603108.SSE,润达医疗,2023-10-31,二接三,2,阳,2023-10-27,6.26,-18.9,34.5,-++,5.6,12.0,2,3,10-27,实体,-0.2,0.1,13.3,10-30,下影,7.3,2.3,7.3,实体-0→下影+7,21.68,4.01,27.6,2.0,29,54,False,-7.7,-9.73,False,-9.73,1.0,False,2,炸板,True,2023-10,2023,,,,,,二接三阳
603109.SSE,神驰机电,2024-03-01,二接三,2,阳,2024-02-28,0.0,-15.6,60.9,++-,13.7,,0,0,02-28,实体,2.6,0.2,7.1,02-29,一字,10.0,0.0,1.4,实体+3→一字+10,22.17,10.02,22.8,2.48,56,82,False,-14.43,-14.43,False,-14.43,1.0,False,2,炸板,True,2024-03,2024,,,,,,二接三阳
603110.SSE,东方材料,2025-02-07,二接三,2,阳,2025-02-05,3.11,-30.2,16.5,++-,0.4,184.0,0,0,02-05,实体,-0.7,0.2,7.3,02-06,一字,10.0,0.0,3.6,实体-1→一字+10,19.4,9.98,29.8,3.15,63,71,True,6.6,-5.52,False,-5.52,1.0,False,3,封次日负,True,2025-02,2025,,,,,,二接三阳
603111.SSE,康尼机电,2024-02-28,二接三,2,阳,2024-02-26,3.38,-8.5,43.6,+--,3.0,,0,0,02-26,下影,1.8,1.8,3.5,02-27,一字,10.1,0.0,1.6,下影+2→一字+10,7.33,10.06,13.1,2.4,23,69,False,-26.47,-20.87,False,-20.87,1.0,False,2,炸板,True,2024-02,2024,,,,,,二接三阳
603115.SSE,海星股份,2025-07-18,二接三,2,阴,2025-07-16,-0.81,-1.9,14.3,++-,3.1,,0,0,07-16,下影,0.3,0.6,2.8,07-17,下影,8.9,2.0,4.8,下影+0→下影+9,19.64,8.85,10.7,2.65,37,49,True,0.0,-8.35,False,-8.35,1.0,False,3,封次日负,True,2025-07,2025,,,,,,二接三阴
603115.SSE,海星股份,2026-04-23,二接三,2,阴,2026-04-21,-6.47,-9.6,112.5,+++,39.0,182.0,0,0,04-21,实体,-0.6,0.0,3.6,04-22,下影,8.8,4.1,1.4,实体-1→下影+9,58.92,3.1,8.7,1.94,45,49,False,-3.72,-0.7,False,-0.7,1.0,False,2,炸板,True,2026-04,2026,,,,,,二接三阴
603115.SSE,海星股份,2026-06-17,二接三,2,阴,2026-06-15,-2.03,-26.1,205.4,--+,19.0,19.0,2,2,06-15,实体,1.0,0.1,2.0,06-16,实体,4.4,0.0,1.6,实体+1→实体+4,119.94,6.57,1.9,0.78,67,105,True,5.05,-4.37,False,-4.37,1.0,False,3,封次日负,True,2026-06,2026,,,,,,二接三阴
603117.SSE,万林物流,2024-11-05,二接三,2,阴,2024-11-01,-9.99,-20.9,81.2,+++,61.3,5.0,6,6,11-01,下影,-4.9,5.1,20.2,11-04,实体,-7.4,0.0,18.7,下影-5→实体-7,9.59,3.21,21.3,1.11,139,122,True,-1.46,-5.94,False,-5.94,1.0,False,3,封次日负,True,2024-11,2024,,,,,,二接三阴
603118.SSE,共进股份,2024-08-26,二接三,2,阳,2024-08-22,0.34,-21.4,5.8,+--,3.9,,0,0,08-22,实体,0.2,0.0,2.3,08-23,一字,10.0,0.0,1.3,实体+0→一字+10,7.74,9.94,11.7,2.91,34,30,True,-6.2,-7.88,False,-7.88,1.0,False,3,封次日负,True,2024-08,2024,,,,,,二接三阳
603118.SSE,共进股份,2026-08-17,二接三,2,阴,2026-08-13,-1.23,-18.8,35.6,+-+,12.7,16.0,2,2,08-13,实体,1.7,0.0,13.9,08-14,下影,2.5,0.6,14.3,实体+2→下影+3,19.32,9.68,13.3,1.15,93,51,True,4.3,-1.6,False,-1.6,1.0,False,3,封次日负,True,2026-08,2026,,,,,,二接三阴
603121.SSE,华培动力,2024-12-05,二接三,2,阳,2024-12-03,1.93,-8.3,38.3,-++,2.2,,0,0,12-03,下影,0.0,0.3,4.5,12-04,一字,10.0,0.0,1.3,下影+0→一字+10,11.97,10.02,16.6,2.83,103,69,True,3.01,-7.18,False,-7.18,1.0,False,3,封次日负,True,2024-12,2024,,,,,,二接三阳
603122.SSE,合富中国,2025-10-30,二接三,2,阳,2025-10-28,1.67,-10.6,9.2,+--,-0.1,286.0,0,0,10-28,下影,-0.4,1.0,9.2,10-29,下影,7.1,2.4,5.9,下影-0→下影+7,8.9,2.22,20.5,2.62,42,49,True,7.42,10.0,True,86.52,7.0,False,9,连板,False,2025-10,2025,,,,,,二接三阳
603122.SSE,合富中国,2025-10-31,三接四,3,阳,2025-10-28,1.67,-10.6,9.2,+--,-0.1,286.0,0,0,10-28,下影,-0.4,1.0,9.2,10-29,下影,7.1,2.4,5.9,下影-0→下影+7→下影+2,9.79,7.42,12.4,1.23,47,42,True,10.01,10.01,True,69.56,6.0,False,9,连板,False,2025-10,2025,10-30,下影,2.2,5.9,20.5,三接四阳
603122.SSE,合富中国,2025-11-13,二接三,2,阳,2025-11-11,5.26,-4.3,171.2,+++,161.0,2.0,9,9,11-11,实体,2.4,0.1,12.2,11-12,下影,9.5,5.4,15.4,实体+2→下影+10,22.1,4.53,12.1,0.6,73,48,True,-2.17,7.69,False,7.69,1.0,False,3,封次日正,False,2025-11,2025,,,,,,二接三阳
603122.SSE,合富中国,2025-11-14,三接四,3,阳,2025-11-11,5.26,-4.3,171.2,+++,161.0,2.0,9,9,11-11,实体,2.4,0.1,12.2,11-12,下影,9.5,5.4,15.4,实体+2→下影+10→实体+5,24.31,-2.17,28.5,1.47,59,73,False,-2.1,7.69,True,-3.09,2.0,False,5,炸板,False,2025-11,2025,11-13,实体,4.5,0.1,12.1,三接四阳
603123.SSE,翠微股份,2023-09-26,二接三,2,阳,2023-09-22,-0.2,-10.0,8.6,-++,3.7,,0,0,09-22,下影,0.0,0.4,8.3,09-25,下影,2.4,0.6,13.0,下影+0→下影+2,13.6,5.18,7.2,1.19,24,23,True,5.51,10.0,True,15.96,2.0,False,4,连板,False,2023-09,2023,,,,,,二接三阳
603123.SSE,翠微股份,2023-09-27,三接四,3,阳,2023-09-22,-0.2,-10.0,8.6,-++,3.7,,0,0,09-22,下影,0.0,0.4,8.3,09-25,下影,2.4,0.6,13.0,下影+0→下影+2→实体+5,14.96,5.51,19.7,2.01,25,24,True,2.27,5.41,False,5.41,1.0,False,4,封次日正,False,2023-09,2023,09-26,实体,5.2,0.0,7.2,三接四阳
603123.SSE,翠微股份,2024-09-09,二接三,2,阳,2024-09-05,-0.52,-12.7,5.3,+--,-6.6,227.0,0,0,09-05,下影,1.4,0.3,2.6,09-06,下影,8.2,2.7,7.1,下影+1→下影+8,7.7,-4.0,6.3,1.81,39,26,True,3.9,-6.49,False,-6.49,1.0,False,3,封次日负,True,2024-09,2024,,,,,,二接三阳
603123.SSE,翠微股份,2024-09-10,三接四,3,阳,2024-09-05,-0.52,-12.7,5.3,+--,-6.6,227.0,0,0,09-05,下影,1.4,0.3,2.6,09-06,下影,8.2,2.7,7.1,下影+1→下影+8→下影-4,8.47,3.9,16.0,2.45,31,39,False,-23.49,-23.49,False,-23.49,1.0,False,3,炸板,True,2024-09,2024,09-09,下影,-4.0,0.6,6.3,三接四阳
603123.SSE,翠微股份,2025-06-04,三接四,3,阴,2025-05-29,-1.27,-3.9,45.3,+++,13.4,170.0,0,0,05-29,下影,-0.4,0.6,10.5,05-30,下影,10.0,3.4,15.6,下影-0→下影+10→一字+10,13.62,-0.24,28.2,2.29,60,57,False,-11.31,4.11,True,-4.04,2.0,False,5,炸板,False,2025-06,2025,06-03,一字,10.0,0.0,1.0,三接四阴
603125.SSE,常青科技,2025-07-02,二接三,2,阴,2025-06-30,-0.25,-29.5,11.7,++-,7.1,271.0,0,0,06-30,下影,3.6,0.4,10.5,07-01,下影,7.8,2.6,21.4,下影+4→下影+8,21.3,10.02,56.7,2.78,51,49,False,-15.49,-19.11,False,-19.11,1.0,False,2,炸板,True,2025-07,2025,,,,,,二接三阴
603127.SSE,昭衍新药,2024-10-08,二接三,2,阳,2024-09-27,4.12,-11.7,21.1,++-,11.8,,0,0,09-27,下影,2.1,0.7,2.7,09-30,下影,9.1,4.9,8.2,下影+2→下影+9,19.86,10.03,7.6,1.46,352,626,True,-4.33,-9.11,False,-9.11,1.0,False,3,封次日负,True,2024-10,2024,,,,,,二接三阳
603128.SSE,华贸物流,2025-04-17,二接三,2,阴,2025-04-15,-2.29,-7.3,13.5,+-+,3.6,,0,0,04-15,下影,-0.3,1.8,5.5,04-16,一字,10.0,0.0,2.0,下影-0→一字+10,7.96,8.98,29.4,2.72,78,40,True,-5.65,-10.05,False,-10.05,1.0,False,3,封次日负,True,2025-04,2025,,,,,,二接三阴
603130.SSE,云中马,2025-08-08,二接三,2,阴,2025-08-06,-0.48,-5.3,38.9,+-+,3.2,114.0,0,2,08-06,下影,0.5,1.3,12.5,08-07,下影,2.1,0.3,12.9,下影+0→下影+2,46.99,5.85,26.9,1.68,48,47,False,-14.92,-9.9,False,-9.9,1.0,False,2,炸板,True,2025-08,2025,,,,,,二接三阴
603131.SSE,上海沪工,2023-07-12,二接三,2,阴,2023-07-10,-0.56,-10.6,9.1,+++,6.9,,0,0,07-10,实体,0.6,0.0,4.1,07-11,一字,10.0,0.0,1.1,实体+1→一字+10,16.47,6.88,21.3,3.64,27,26,False,-12.33,-13.78,False,-13.78,1.0,False,2,炸板,True,2023-07,2023,,,,,,二接三阴
603131.SSE,上海沪工,2023-10-19,二接三,2,阳,2023-10-17,-1.92,-6.9,29.6,+++,7.4,64.0,0,2,10-17,下影,-0.3,1.6,7.2,10-18,下影,8.0,5.2,19.3,下影-0→下影+8,20.37,-2.59,24.5,1.72,22,29,True,-10.01,-10.01,False,-10.01,1.0,False,3,封次日负,True,2023-10,2023,,,,,,二接三阳
603131.SSE,上海沪工,2024-03-07,二接三,2,阴,2024-03-05,-1.59,-22.7,40.9,++-,-11.5,91.0,0,3,03-05,实体,-0.2,0.0,7.0,03-06,下影,7.7,1.7,6.8,实体-0→下影+8,17.34,7.87,23.8,2.52,44,63,True,-1.96,9.98,True,3.46,2.0,False,4,连板,False,2024-03,2024,,,,,,二接三阴
603131.SSE,上海沪工,2024-03-08,三接四,3,阴,2024-03-05,-1.59,-22.7,40.9,++-,-11.5,91.0,0,3,03-05,实体,-0.2,0.0,7.0,03-06,下影,7.7,1.7,6.8,实体-0→下影+8→下影+8,19.07,-1.96,20.8,1.67,52,44,True,-5.61,-5.93,False,-5.93,1.0,False,4,封次日负,True,2024-03,2024,03-07,下影,7.9,4.1,23.8,三接四阴
603132.SSE,金徽股份,2026-01-28,二接三,2,阳,2026-01-26,3.54,-1.4,30.9,+++,15.5,,0,0,01-26,实体,3.8,0.0,0.7,01-27,实体,1.9,0.0,5.1,实体+4→实体+2,22.18,1.69,4.8,1.97,72,46,True,0.0,-2.61,False,-2.61,1.0,False,3,封次日负,True,2026-01,2026,,,,,,二接三阳
603135.SSE,中重科技,2026-06-05,二接三,2,阳,2026-06-03,2.63,-18.6,9.0,--+,-11.9,556.0,0,0,06-03,下影,-0.9,1.1,1.5,06-04,下影,-0.9,1.1,2.4,下影-1→下影-1,14.03,6.27,5.6,2.51,63,65,True,1.78,9.98,True,12.62,2.0,False,4,连板,False,2026-06,2026,,,,,,二接三阳
603135.SSE,中重科技,2026-06-08,三接四,3,阳,2026-06-03,2.63,-18.6,9.0,--+,-11.9,556.0,0,0,06-03,下影,-0.9,1.1,1.5,06-04,下影,-0.9,1.1,2.4,下影-1→下影-1→下影+6,15.43,1.78,12.0,2.65,45,63,True,-1.17,2.4,False,2.4,1.0,False,4,封次日正,False,2026-06,2026,06-05,下影,6.3,7.6,5.6,三接四阳
603137.SSE,恒尚节能,2026-07-15,二接三,2,阴,2026-07-13,6.15,-3.5,138.8,+++,105.3,2.0,8,8,07-13,实体,-4.6,0.0,15.2,07-14,下影,5.3,10.1,20.2,实体-5→下影+5,35.61,1.58,16.8,1.04,65,71,True,-10.0,-10.0,False,-10.0,1.0,False,3,封次日负,True,2026-07,2026,,,,,,二接三阴
603139.SSE,康惠股份,2025-03-24,三接四,3,阴,2025-03-17,-0.13,-11.1,21.3,+++,6.7,,0,0,03-17,下影,0.3,1.2,5.0,03-18,下影,10.0,1.8,8.1,下影+0→下影+10→一字+10,22.77,10.0,21.4,2.87,38,39,False,-21.17,-23.14,False,-23.14,1.0,False,3,炸板,True,2025-03,2025,03-21,一字,10.0,0.0,0.5,三接四阴
603139.SSE,康惠股份,2025-06-13,三接四,3,阳,2025-06-10,3.05,-9.4,36.6,+++,6.0,52.0,3,3,06-10,下影,-0.0,1.0,4.1,06-11,一字,10.0,0.0,1.6,下影-0→一字+10→一字+10,30.2,10.02,24.1,3.55,39,49,False,-20.56,-21.92,False,-21.92,1.0,False,3,炸板,True,2025-06,2025,06-12,一字,10.0,0.0,1.5,三接四阳
603151.SSE,邦基科技,2025-06-19,三接四,3,阳,2025-06-04,3.73,-1.8,40.2,-++,14.3,,0,0,06-04,下影,1.7,2.0,7.9,06-17,下影,10.0,3.8,7.4,下影+2→下影+10→一字+10,22.78,10.0,27.4,2.83,26,29,False,-13.61,-6.28,False,-6.28,1.0,False,3,炸板,True,2025-06,2025,06-18,一字,10.0,0.0,1.3,三接四阳
603153.SSE,上海建科,2023-12-14,二接三,2,阳,2023-12-12,2.19,-9.4,33.7,+++,11.2,,0,0,12-12,下影,-2.0,0.5,27.3,12-13,实体,0.0,0.0,64.6,下影-2→实体+0,25.41,-4.76,57.4,1.23,34,32,True,9.01,10.0,True,0.35,2.0,False,4,连板,False,2023-12,2023,,,,,,二接三阳
603153.SSE,上海建科,2023-12-15,三接四,3,阳,2023-12-12,2.19,-9.4,33.7,+++,11.2,,0,0,12-12,下影,-2.0,0.5,27.3,12-13,实体,0.0,0.0,64.6,下影-2→实体+0→下影-5,27.95,9.01,77.0,1.49,42,34,True,-4.22,-8.77,False,-8.77,1.0,False,4,封次日负,True,2023-12,2023,12-14,下影,-4.8,5.2,57.4,三接四阳
603155.SSE,新亚强,2024-07-08,二接三,2,阴,2024-07-04,-1.8,-44.7,1.6,+--,-31.9,,0,0,07-04,下影,1.2,4.6,2.1,07-05,下影,0.6,0.6,3.1,下影+1→下影+1,13.79,6.86,2.7,1.52,14,22,True,10.01,10.01,True,-1.02,2.0,False,4,连板,False,2024-07,2024,,,,,,二接三阴
603155.SSE,新亚强,2024-07-09,三接四,3,阴,2024-07-04,-1.8,-44.7,1.6,+--,-31.9,,0,0,07-04,下影,1.2,4.6,2.1,07-05,下影,0.6,0.6,3.1,下影+1→下影+1→下影+7,15.17,10.01,3.2,1.38,36,14,True,10.02,-10.02,False,-10.02,1.0,False,4,封次日负,True,2024-07,2024,07-08,下影,6.9,6.5,2.7,三接四阴
603155.SSE,新亚强,2025-06-24,二接三,2,阴,2025-06-20,-2.68,-15.3,18.5,--+,-3.9,229.0,0,0,06-20,下影,4.6,3.5,1.5,06-23,下影,4.7,2.5,6.0,下影+5→下影+5,17.41,9.98,14.8,3.13,53,60,True,-3.33,1.09,False,1.09,1.0,False,3,封次日正,False,2025-06,2025,,,,,,二接三阴
603156.SSE,养元饮品,2025-09-26,二接三,2,阳,2025-09-24,0.14,-6.2,1.5,---,-1.5,,0,0,09-24,下影,0.4,0.7,1.1,09-25,下影,4.9,0.4,0.8,下影+0→下影+5,28.14,10.01,1.2,1.7,39,36,True,6.93,7.68,False,7.68,1.0,False,3,封次日正,False,2025-09,2025,,,,,,二接三阳
603156.SSE,养元饮品,2025-09-29,三接四,3,阳,2025-09-24,0.14,-6.2,1.5,---,-1.5,,0,0,09-24,下影,0.4,0.7,1.1,09-25,下影,4.9,0.4,0.8,下影+0→下影+5→下影+10,30.95,6.93,3.5,2.56,46,39,False,-5.49,-4.78,False,-4.78,1.0,False,3,炸板,True,2025-09,2025,09-26,下影,10.0,1.4,1.2,三接四阳
603158.SSE,腾龙股份,2025-08-15,二接三,2,阳,2025-08-13,0.0,-5.4,12.2,+++,3.2,140.0,0,0,08-13,实体,0.4,0.2,7.6,08-14,下影,7.5,2.2,14.3,实体+0→下影+8,11.25,8.6,32.4,2.78,70,40,True,5.16,3.82,False,3.82,1.0,False,3,封次日正,False,2025-08,2025,,,,,,二接三阳
603158.SSE,腾龙股份,2025-08-18,三接四,3,阳,2025-08-13,0.0,-5.4,12.2,+++,3.2,140.0,0,0,08-13,实体,0.4,0.2,7.6,08-14,下影,7.5,2.2,14.3,实体+0→下影+8→下影+9,12.38,5.16,34.1,1.88,78,70,False,1.94,3.8,True,2.83,3.0,False,6,炸板,False,2025-08,2025,08-15,下影,8.6,6.0,32.4,三接四阳
603160.SSE,汇顶科技,2024-10-09,二接三,2,阳,2024-09-30,5.65,-10.6,14.6,+--,8.0,,0,0,09-30,下影,6.0,0.3,2.6,10-08,一字,10.0,0.0,0.7,下影+6→一字+10,84.66,6.29,6.7,2.71,29,352,False,-1.96,-6.83,False,-6.83,1.0,False,2,炸板,True,2024-10,2024,,,,,,二接三阳
603162.SSE,海通发展,2023-08-22,二接三,2,阳,2023-08-18,6.17,-33.0,13.0,+++,11.1,,0,0,08-18,实体,4.9,0.0,17.4,08-21,一字,10.0,0.0,4.3,实体+5→一字+10,24.96,4.45,57.4,3.03,33,20,False,-15.34,-15.42,False,-15.42,1.0,False,2,炸板,True,2023-08,2023,,,,,,二接三阳
603163.SSE,圣晖集成,2025-12-24,二接三,2,阴,2025-12-22,-2.27,-11.0,42.6,-++,36.3,67.0,0,2,12-22,实体,-0.1,0.1,2.7,12-23,下影,4.6,1.4,1.4,实体-0→下影+5,78.11,10.0,3.7,1.41,65,48,True,2.41,10.0,True,6.26,2.0,False,4,连板,False,2025-12,2025,,,,,,二接三阴
603163.SSE,圣晖集成,2025-12-25,三接四,3,阴,2025-12-22,-2.27,-11.0,42.6,-++,36.3,67.0,0,2,12-22,实体,-0.1,0.1,2.7,12-23,下影,4.6,1.4,1.4,实体-0→下影+5→下影+10,85.92,2.41,7.2,2.08,72,65,True,-1.0,-3.4,False,-3.4,1.0,False,4,封次日负,True,2025-12,2025,12-24,下影,10.0,4.4,3.7,三接四阴
603166.SSE,福达股份,2024-05-31,二接三,2,阴,2024-05-29,0.57,-14.1,4.9,--+,-7.2,,0,0,05-29,实体,1.9,0.0,3.8,05-30,下影,3.4,0.9,9.2,实体+2→下影+3,7.08,1.86,13.2,2.4,18,21,False,-20.76,-21.61,False,-21.61,1.0,False,2,炸板,True,2024-05,2024,,,,,,二接三阴
603166.SSE,福达股份,2025-01-14,二接三,2,阳,2025-01-10,1.56,-19.5,40.7,---,-14.4,152.0,0,0,01-10,下影,-0.3,0.4,3.4,01-13,一字,10.0,0.0,2.1,下影-0→一字+10,9.54,0.12,17.3,3.16,111,42,True,4.3,2.62,False,2.62,1.0,False,3,封次日正,False,2025-01,2025,,,,,,二接三阳
603166.SSE,福达股份,2025-01-15,三接四,3,阳,2025-01-10,1.56,-19.5,40.7,---,-14.4,152.0,0,0,01-10,下影,-0.3,0.4,3.4,01-13,一字,10.0,0.0,2.1,下影-0→一字+10→下影+0,10.49,4.3,23.2,2.4,54,111,False,-12.39,-16.02,False,-16.02,1.0,False,3,炸板,True,2025-01,2025,01-14,下影,0.1,5.1,17.3,三接四阳
603168.SSE,莎普爱思,2023-12-28,二接三,2,阴,2023-12-26,-6.78,-39.1,5.8,-++,-9.3,50.0,5,5,12-26,实体,0.9,0.0,6.5,12-27,下影,2.7,0.8,11.0,实体+1→下影+3,12.82,2.83,24.5,2.0,49,26,False,-7.96,4.6,True,0.16,2.0,False,4,炸板,False,2023-12,2023,,,,,,二接三阴
603169.SSE,兰石重装,2025-04-02,二接三,2,阳,2025-03-31,4.02,-5.2,35.4,+++,24.6,,0,0,03-31,下影,-1.9,2.5,10.7,04-01,下影,6.9,1.2,4.2,下影-2→下影+7,8.95,9.95,26.0,2.18,37,43,False,-6.59,6.82,True,-1.68,2.0,False,4,炸板,False,2025-04,2025,,,,,,二接三阳
603171.SSE,税友股份,2024-06-27,二接三,2,阴,2024-06-25,-4.53,-20.3,7.5,++-,-4.1,,0,0,06-25,下影,1.7,4.6,12.0,06-26,下影,4.6,2.9,20.2,下影+2→下影+5,28.92,-1.1,20.1,1.44,17,31,True,2.42,-6.5,False,-6.5,1.0,False,3,封次日负,True,2024-06,2024,,,,,,二接三阴
603171.SSE,税友股份,2024-07-03,二接三,2,阴,2024-07-01,-6.5,-13.2,33.7,++-,20.8,2.0,3,3,07-01,下影,-3.4,2.1,5.3,07-02,一字,10.0,0.0,1.0,下影-3→一字+10,35.98,10.0,8.2,1.69,26,33,False,-15.37,-13.95,False,-13.95,1.0,False,2,炸板,True,2024-07,2024,,,,,,二接三阴
603171.SSE,税友股份,2026-01-13,二接三,2,阳,2026-01-09,1.02,-3.4,48.0,+++,26.0,371.0,0,0,01-09,下影,0.0,1.2,2.2,01-12,下影,5.5,2.9,1.6,下影+0→下影+6,85.99,10.0,4.3,1.73,52,124,False,-5.99,3.0,False,3.0,1.0,False,2,炸板,False,2026-01,2026,,,,,,二接三阳
603172.SSE,万丰股份,2024-04-08,三接四,3,阴,2024-04-01,-1.2,-25.3,42.2,-++,11.8,,0,0,04-01,实体,0.5,0.0,11.7,04-02,一字,10.0,0.0,3.4,实体+1→一字+10→一字+10,20.44,6.57,82.5,3.62,51,42,False,-22.95,-22.95,False,-22.95,1.0,False,3,炸板,True,2024-04,2024,04-03,一字,10.0,0.0,5.7,三接四阴
603172.SSE,万丰股份,2024-06-12,二接三,2,阳,2024-06-07,0.64,-30.9,23.3,-++,-3.0,42.0,3,3,06-07,实体,0.4,0.0,33.6,06-11,下影,-0.1,3.3,27.2,实体+0→下影-0,18.79,2.46,37.7,1.6,35,18,False,-10.38,-16.07,False,-16.07,1.0,False,2,炸板,True,2024-06,2024,,,,,,二接三阳
603172.SSE,万丰股份,2026-02-03,三接四,3,阳,2026-01-29,1.24,-1.7,26.7,+++,17.4,400.0,0,0,01-29,下影,-0.8,1.8,10.7,01-30,一字,10.0,0.0,3.0,下影-1→一字+10→一字+10,31.13,10.0,43.3,2.92,61,32,True,-1.77,-9.99,False,-9.99,1.0,False,4,封次日负,True,2026-02,2026,02-02,一字,10.0,0.0,10.5,三接四阳
603176.SSE,汇通集团,2025-07-16,三接四,3,阳,2025-07-11,0.4,-8.0,17.1,++-,0.8,,0,0,07-11,下影,0.0,1.6,6.0,07-14,一字,10.0,0.0,1.1,下影+0→一字+10→一字+10,7.45,10.04,19.4,3.32,49,38,False,-21.74,-23.09,False,-23.09,1.0,False,3,炸板,True,2025-07,2025,07-15,一字,10.1,0.0,1.5,三接四阳
603177.SSE,德创环保,2025-01-17,三接四,3,阳,2025-01-14,4.06,-22.0,10.1,---,-19.3,,0,0,01-14,实体,-0.1,0.0,6.3,01-15,实体,9.2,0.1,4.1,实体-0→实体+9→一字+10,10.52,10.04,20.4,3.04,47,59,True,0.0,-9.98,False,-9.98,1.0,False,4,封次日负,True,2025-01,2025,01-16,一字,10.0,0.0,0.7,三接四阳
603178.SSE,圣龙股份,2023-07-04,二接三,2,阳,2023-06-30,3.51,-5.9,30.2,+++,15.5,,0,0,06-30,实体,-2.4,0.1,8.2,07-03,下影,10.0,2.4,10.3,实体-2→下影+10,14.91,-0.37,15.4,1.57,42,39,True,9.73,-7.04,False,-7.04,1.0,False,3,封次日负,True,2023-07,2023,,,,,,二接三阳
603178.SSE,圣龙股份,2023-10-11,三接四,3,阴,2023-09-28,-8.28,-23.4,3.9,+++,-4.4,62.0,0,3,09-28,下影,-0.7,0.7,6.7,10-09,一字,10.0,0.0,1.3,下影-1→一字+10→一字+10,16.06,10.0,13.3,2.12,31,33,True,0.0,10.02,True,141.22,11.0,False,14,连板,False,2023-10,2023,10-10,一字,10.0,0.0,1.2,三接四阴
603178.SSE,圣龙股份,2023-11-21,二接三,2,阳,2023-11-17,5.29,-24.8,226.5,--+,21.0,17.0,14,14,11-17,下影,-1.3,1.2,16.3,11-20,下影,6.6,11.9,15.8,下影-1→下影+7,45.86,7.87,7.3,0.54,45,50,True,9.97,10.01,True,3.79,2.0,False,4,连板,False,2023-11,2023,,,,,,二接三阳
603178.SSE,圣龙股份,2023-11-22,三接四,3,阳,2023-11-17,5.29,-24.8,226.5,--+,21.0,17.0,14,14,11-17,下影,-1.3,1.2,16.3,11-20,下影,6.6,11.9,15.8,下影-1→下影+7→下影+8,50.45,9.97,9.2,0.69,44,45,True,10.01,-5.65,False,-5.65,1.0,False,4,封次日负,True,2023-11,2023,11-21,下影,7.9,4.2,7.3,三接四阳
603178.SSE,圣龙股份,2025-04-24,二接三,2,阳,2025-04-22,1.24,-29.0,10.9,---,-19.2,33.0,2,2,04-22,下影,0.0,0.4,4.1,04-23,下影,3.5,2.1,4.6,下影+0→下影+4,21.7,9.98,12.5,2.68,45,52,False,-11.94,-13.46,False,-13.46,1.0,False,2,炸板,True,2025-04,2025,,,,,,二接三阳
603178.SSE,圣龙股份,2026-04-21,二接三,2,阳,2026-04-17,2.13,-16.9,8.4,++-,-2.6,238.0,0,0,04-17,下影,-0.6,0.6,3.9,04-20,下影,4.6,1.4,13.5,下影-1→下影+5,21.08,-3.39,11.8,1.9,44,72,True,6.26,0.38,False,0.38,1.0,False,3,封次日正,False,2026-04,2026,,,,,,二接三阳
603178.SSE,圣龙股份,2026-04-22,三接四,3,阳,2026-04-17,2.13,-16.9,8.4,++-,-2.6,238.0,0,0,04-17,下影,-0.6,0.6,3.9,04-20,下影,4.6,1.4,13.5,下影-1→下影+5→下影-3,23.19,6.26,24.4,2.22,49,44,False,-17.9,-17.72,False,-17.72,1.0,False,3,炸板,True,2026-04,2026,04-21,下影,-3.4,2.6,11.8,三接四阳
603182.SSE,XD嘉华股,2024-05-14,二接三,2,阳,2024-05-10,0.74,-5.3,44.9,++-,4.7,,0,0,05-10,实体,0.1,0.0,3.6,05-13,下影,7.7,0.7,6.7,实体+0→下影+8,16.23,10.03,24.8,3.13,37,24,False,-24.28,-21.01,False,-21.01,1.0,False,2,炸板,True,2024-05,2024,,,,,,二接三阳
603185.SSE,弘元绿能,2024-11-01,二接三,2,阳,2024-10-30,9.14,-0.8,64.6,+++,48.5,,0,0,10-30,下影,-1.0,2.5,9.4,10-31,下影,6.0,2.2,4.5,下影-1→下影+6,26.22,9.9,12.8,1.35,74,141,False,-14.84,-5.61,True,-5.23,2.0,False,4,炸板,True,2024-11,2024,,,,,,二接三阳
603186.SSE,华正新材,2026-06-10,二接三,2,阳,2026-06-08,0.07,-11.2,117.1,-++,43.6,557.0,0,0,06-08,下影,-6.8,0.6,15.7,06-09,下影,5.1,3.8,12.5,下影-7→下影+5,164.59,1.92,14.1,1.16,63,107,False,0.86,3.52,False,3.52,1.0,False,2,炸板,False,2026-06,2026,,,,,,二接三阳
603186.SSE,华正新材,2026-06-17,二接三,2,阴,2026-06-15,-0.05,-9.1,199.0,+++,68.8,4.0,2,2,06-15,实体,4.8,0.3,3.9,06-16,下影,6.8,1.1,3.7,实体+5→下影+7,226.67,4.34,10.2,1.16,67,105,True,-1.45,5.05,False,5.05,1.0,False,3,封次日正,False,2026-06,2026,,,,,,二接三阴
603186.SSE,华正新材,2026-08-06,二接三,2,阴,2026-08-04,-8.7,-63.5,17.4,---,-47.1,33.0,3,3,08-04,下影,2.0,2.6,7.6,08-05,下影,0.9,1.8,9.1,下影+2→下影+1,131.24,2.25,15.2,1.46,69,93,False,0.81,8.96,True,15.82,2.0,False,4,炸板,False,2026-08,2026,,,,,,二接三阴
603192.SSE,汇得科技,2025-05-23,二接三,2,阳,2025-05-21,1.09,-9.3,28.5,+++,5.9,,0,0,05-21,下影,0.1,0.7,5.0,05-22,一字,10.0,0.0,0.8,下影+0→一字+10,23.55,10.0,9.2,2.59,34,32,True,10.02,10.02,True,11.68,3.0,False,5,连板,False,2025-05,2025,,,,,,二接三阳
603193.SSE,润本股份,2024-10-08,二接三,2,阳,2024-09-27,1.68,-0.2,22.6,+++,11.3,,0,0,09-27,实体,2.2,0.0,10.1,09-30,下影,3.2,1.3,16.1,实体+2→下影+3,25.78,9.22,13.6,1.26,352,626,True,-6.67,-10.01,False,-10.01,1.0,False,3,封次日负,True,2024-10,2024,,,,,,二接三阳
603198.SSE,迎驾贡酒,2024-09-30,二接三,2,阴,2024-09-26,-0.67,-12.0,17.6,++-,11.1,,0,0,09-26,下影,0.2,0.5,1.4,09-27,实体,2.9,0.0,1.1,下影+0→实体+3,72.92,6.53,1.1,1.0,626,107,True,9.97,-1.95,False,-1.95,1.0,False,3,封次日负,True,2024-09,2024,,,,,,二接三阴
603200.SSE,上海洗霸,2025-03-03,二接三,2,阳,2025-02-27,5.06,-1.9,43.2,+++,17.9,,0,0,02-27,实体,0.0,0.0,5.0,02-28,下影,6.8,4.8,13.0,实体+0→下影+7,41.21,4.11,10.8,1.21,51,32,True,-5.36,0.51,False,0.51,1.0,False,3,封次日正,False,2025-03,2025,,,,,,二接三阳
603200.SSE,上海洗霸,2025-09-09,二接三,2,阴,2025-09-05,-2.01,-7.2,137.8,+++,22.4,129.0,0,0,09-05,实体,-0.5,0.0,9.0,09-08,下影,4.1,2.1,10.8,实体-1→下影+4,110.47,-0.43,16.4,1.5,45,56,False,-8.57,-5.76,False,-5.76,1.0,False,2,炸板,True,2025-09,2025,,,,,,二接三阴
603203.SSE,快克智能,2026-05-14,二接三,2,阳,2026-05-12,4.67,-1.2,50.0,+++,20.8,,0,0,05-12,下影,1.1,4.7,5.9,05-13,下影,-2.0,2.1,4.9,下影+1→下影-2,67.68,2.39,8.6,1.65,50,101,False,-4.51,-2.48,False,-2.48,1.0,False,2,炸板,True,2026-05,2026,,,,,,二接三阳
603206.SSE,嘉环科技,2024-10-23,二接三,2,阳,2024-10-21,1.26,-6.5,44.2,+++,30.4,,0,0,10-21,实体,0.2,0.2,17.1,10-22,实体,2.1,0.1,20.9,实体+0→实体+2,21.33,10.01,14.4,1.02,76,85,True,7.74,-9.99,False,-9.99,1.0,False,3,封次日负,True,2024-10,2024,,,,,,二接三阳
603206.SSE,嘉环科技,2025-03-13,二接三,2,阳,2025-03-11,-0.7,-16.8,28.3,+-+,4.7,92.0,0,3,03-11,下影,-1.4,2.0,15.8,03-12,一字,10.0,0.0,8.9,下影-1→一字+10,24.56,9.99,45.9,2.49,34,69,True,-5.54,-10.02,False,-10.02,1.0,False,3,封次日负,True,2025-03,2025,,,,,,二接三阳
603206.SSE,嘉环科技,2026-05-20,二接三,2,阴,2026-05-18,-0.63,-4.3,18.0,+++,8.8,284.0,0,0,05-18,实体,-1.7,0.0,4.4,05-19,实体,1.3,0.3,5.4,实体-2→实体+1,23.13,3.66,16.6,2.77,51,75,False,-15.82,-12.32,False,-12.32,1.0,False,2,炸板,True,2026-05,2026,,,,,,二接三阴
603211.SSE,晋拓股份,2023-05-24,二接三,2,阴,2023-05-22,-0.52,-22.0,6.5,+--,-5.4,,0,0,05-22,实体,0.0,0.1,16.1,05-23,下影,2.2,1.7,23.7,实体+0→下影+2,17.82,4.94,60.6,2.68,30,18,False,-11.84,-11.56,False,-11.56,1.0,False,2,炸板,True,2023-05,2023,,,,,,二接三阴
603211.SSE,晋拓股份,2023-10-23,二接三,2,阴,2023-10-19,0.88,-8.7,19.2,+++,7.4,99.0,0,2,10-19,下影,-1.6,1.1,27.6,10-20,下影,4.9,3.6,32.3,下影-2→下影+5,21.33,8.2,72.3,1.92,31,35,False,-23.39,-22.93,False,-22.93,1.0,False,2,炸板,True,2023-10,2023,,,,,,二接三阴
603211.SSE,晋拓股份,2023-12-01,三接四,3,阳,2023-11-28,0.56,-23.8,20.4,-+-,2.3,27.0,2,2,11-28,实体,-0.2,0.2,20.5,11-29,一字,10.0,0.0,12.3,实体-0→一字+10→一字+10,23.8,2.54,60.2,2.79,41,26,True,1.97,-5.97,False,-5.97,1.0,False,4,封次日负,True,2023-12,2023,11-30,一字,10.0,0.0,9.0,三接四阳
603211.SSE,晋拓股份,2025-01-23,二接三,2,阳,2025-01-21,3.9,-17.9,17.9,++-,-0.1,276.0,0,0,01-21,下影,0.2,2.2,29.6,01-22,下影,1.1,5.1,53.4,下影+0→下影+1,21.65,9.76,35.6,1.19,36,36,True,-7.21,10.02,True,-0.97,2.0,False,4,连板,False,2025-01,2025,,,,,,二接三阳
603211.SSE,晋拓股份,2025-01-24,三接四,3,阳,2025-01-21,3.9,-17.9,17.9,++-,-0.1,276.0,0,0,01-21,下影,0.2,2.2,29.6,01-22,下影,1.1,5.1,53.4,下影+0→下影+1→下影+10,23.82,-7.21,70.1,1.72,53,36,True,-3.44,-9.99,False,-9.99,1.0,False,4,封次日负,True,2025-01,2025,01-23,下影,9.8,11.5,35.6,三接四阳
603215.SSE,比依股份,2025-01-06,二接三,2,阳,2025-01-02,0.29,-11.3,22.4,-++,10.8,362.0,0,0,01-02,下影,0.6,1.5,33.1,01-03,一字,10.0,0.0,16.0,下影+1→一字+10,22.65,10.0,64.8,1.96,52,41,True,-9.98,-9.98,False,-9.98,1.0,False,3,封次日负,True,2025-01,2025,,,,,,二接三阳
603216.SSE,梦天家居,2024-12-16,二接三,2,阳,2024-12-12,2.57,-5.3,29.9,+++,5.9,307.0,0,0,12-12,下影,1.1,1.5,8.0,12-13,下影,6.3,1.7,37.0,下影+1→下影+6,14.87,6.88,13.0,0.94,89,84,True,-4.51,-10.02,False,-10.02,1.0,False,3,封次日负,True,2024-12,2024,,,,,,二接三阳
603216.SSE,梦天家居,2025-11-21,二接三,2,阳,2025-11-19,0.77,-21.0,19.8,---,-18.7,215.0,0,0,11-19,一字,10.0,0.0,1.0,11-20,一字,10.0,0.0,0.3,一字+10→一字+10,20.9,10.0,12.2,3.95,23,35,True,1.34,10.0,True,13.35,3.0,False,5,连板,False,2025-11,2025,,,,,,二接三阳
603216.SSE,梦天家居,2025-11-24,三接四,3,阳,2025-11-19,0.77,-21.0,19.8,---,-18.7,215.0,0,0,11-19,一字,10.0,0.0,1.0,11-20,一字,10.0,0.0,0.3,一字+10→一字+10→下影+10,22.99,1.34,7.7,1.74,56,23,True,2.78,10.0,True,3.04,2.0,False,5,连板,False,2025-11,2025,11-21,下影,10.0,6.2,12.2,三接四阳
603217.SSE,元利科技,2024-01-19,二接三,2,阴,2024-01-17,-0.12,-17.6,3.5,---,-5.3,,0,0,01-17,下影,1.2,2.2,4.6,01-18,下影,0.3,1.2,7.8,下影+1→下影+0,23.02,3.01,13.1,2.41,37,37,False,-14.47,-14.47,False,-14.47,1.0,False,2,炸板,True,2024-01,2024,,,,,,二接三阴
603219.SSE,富佳股份,2023-10-26,二接三,2,阴,2023-10-24,-2.24,-19.2,0.3,---,-7.3,,0,0,10-24,实体,0.5,0.1,3.5,10-25,实体,3.3,0.2,9.0,实体+1→实体+3,15.09,2.99,12.4,2.34,34,52,True,6.69,10.01,True,-0.99,2.0,False,4,连板,False,2023-10,2023,,,,,,二接三阴
603219.SSE,富佳股份,2023-10-27,三接四,3,阴,2023-10-24,-2.24,-19.2,0.3,---,-7.3,,0,0,10-24,实体,0.5,0.1,3.5,10-25,实体,3.3,0.2,9.0,实体+1→实体+3→实体+3,16.6,6.69,20.8,2.24,67,34,True,2.89,-10.0,False,-10.0,1.0,False,4,封次日负,True,2023-10,2023,10-26,实体,3.0,0.0,12.4,三接四阴
603219.SSE,富佳股份,2024-03-18,二接三,2,阳,2024-03-14,0.16,-27.7,54.6,++-,30.5,39.0,2,4,03-14,下影,-0.4,0.5,7.1,03-15,下影,3.6,0.6,9.1,下影-0→下影+4,16.36,4.91,23.1,2.66,70,56,False,-16.63,-16.2,False,-16.2,1.0,False,2,炸板,True,2024-03,2024,,,,,,二接三阳
603220.SSE,中贝通信,2023-08-31,二接三,2,阴,2023-08-29,-5.71,-15.3,49.9,+++,30.0,,0,0,08-29,实体,3.5,0.0,17.3,08-30,下影,4.9,2.1,19.7,实体+3→下影+5,27.69,1.99,27.9,1.31,23,25,False,-1.91,-4.33,False,-4.33,1.0,False,2,炸板,True,2023-08,2023,,,,,,二接三阴
603221.SSE,爱丽家居,2024-03-26,二接三,2,阳,2024-03-22,2.18,-19.9,45.7,+++,11.1,,0,0,03-22,下影,0.1,3.3,2.1,03-25,下影,3.0,6.9,2.9,下影+0→下影+3,11.84,10.04,3.7,1.77,50,36,True,9.97,9.97,True,8.87,3.0,False,5,连板,False,2024-03,2024,,,,,,二接三阳
603221.SSE,爱丽家居,2024-03-27,三接四,3,阳,2024-03-22,2.18,-19.9,45.7,+++,11.1,,0,0,03-22,下影,0.1,3.3,2.1,03-25,下影,3.0,6.9,2.9,下影+0→下影+3→下影+10,13.02,9.97,2.3,0.97,39,50,True,9.98,9.98,True,-1.0,2.0,False,5,连板,False,2024-03,2024,03-26,下影,10.0,5.6,3.7,三接四阳
603221.SSE,爱丽家居,2025-04-08,二接三,2,阳,2025-04-03,1.17,-11.0,19.0,--+,-0.7,245.0,0,0,04-03,下影,0.7,0.6,2.9,04-07,一字,10.0,0.0,3.3,下影+1→一字+10,12.68,0.0,12.9,3.04,99,18,True,9.62,10.02,True,-0.16,2.0,False,4,连板,False,2025-04,2025,,,,,,二接三阳
603221.SSE,爱丽家居,2025-04-09,三接四,3,阳,2025-04-03,1.17,-11.0,19.0,--+,-0.7,245.0,0,0,04-03,下影,0.7,0.6,2.9,04-07,一字,10.0,0.0,3.3,下影+1→一字+10→下影+0,13.95,9.62,18.1,2.38,87,99,True,-9.96,-9.25,False,-9.25,1.0,False,4,封次日负,True,2025-04,2025,04-08,下影,0.0,2.0,12.9,三接四阳
603222.SSE,济民健康,2025-08-18,二接三,2,阳,2025-08-14,4.99,-1.6,26.0,+-+,7.6,309.0,0,0,08-14,下影,-1.0,0.7,18.0,08-15,下影,1.2,1.5,19.3,下影-1→下影+1,9.8,7.52,4.3,0.41,78,70,True,10.0,10.0,True,16.33,3.0,False,5,连板,False,2025-08,2025,,,,,,二接三阳
603222.SSE,济民健康,2025-08-19,三接四,3,阳,2025-08-14,4.99,-1.6,26.0,+-+,7.6,309.0,0,0,08-14,下影,-1.0,0.7,18.0,08-15,下影,1.2,1.5,19.3,下影-1→下影+1→下影+8,10.78,10.0,8.7,0.75,74,78,True,-5.19,10.02,True,5.75,2.0,False,5,连板,False,2025-08,2025,08-18,下影,7.5,2.4,4.3,三接四阳
603226.SSE,菲林格尔,2025-06-05,二接三,2,阳,2025-05-30,-0.4,-8.0,52.4,+++,10.8,,0,0,05-30,实体,0.1,0.0,3.6,06-04,下影,10.0,7.8,6.2,实体+0→下影+10,9.94,4.2,3.4,1.08,56,60,True,9.96,9.96,True,8.85,3.0,False,5,连板,False,2025-06,2025,,,,,,二接三阳
603226.SSE,菲林格尔,2025-06-06,三接四,3,阳,2025-05-30,-0.4,-8.0,52.4,+++,10.8,,0,0,05-30,实体,0.1,0.0,3.6,06-04,下影,10.0,7.8,6.2,实体+0→下影+10→下影+4,10.93,9.96,2.1,0.64,44,56,True,1.56,9.97,True,-1.01,2.0,False,5,连板,False,2025-06,2025,06-05,下影,4.2,4.2,3.4,三接四阳
603228.SSE,景旺电子,2025-09-12,二接三,2,阴,2025-09-10,-2.78,-24.9,69.9,-+-,-10.4,298.0,0,0,09-10,实体,1.3,0.0,5.1,09-11,下影,6.9,1.7,2.7,实体+1→下影+7,68.97,8.48,9.2,1.98,57,74,True,0.0,0.04,False,0.04,1.0,False,3,封次日正,False,2025-09,2025,,,,,,二接三阴
603230.SSE,内蒙新华,2023-12-19,三接四,3,阳,2023-12-14,4.27,-5.0,46.2,+++,22.2,,0,0,12-14,下影,4.9,2.6,20.6,12-15,一字,10.0,0.0,2.8,下影+5→一字+10→一字+10,22.88,-2.21,66.7,2.59,19,29,False,-19.76,-19.76,False,-19.76,1.0,False,3,炸板,True,2023-12,2023,12-18,一字,10.0,0.0,1.2,三接四阳
603232.SSE,格尔软件,2024-04-30,二接三,2,阳,2024-04-26,1.87,-10.7,48.4,+--,-1.6,,0,0,04-26,实体,-1.9,0.0,5.6,04-29,一字,10.0,0.0,1.7,实体-2→一字+10,15.93,10.01,27.1,3.05,47,90,True,0.44,-9.54,False,-9.54,1.0,False,3,封次日负,True,2024-04,2024,,,,,,二接三阳
603232.SSE,格尔软件,2025-10-27,二接三,2,阴,2025-10-23,-3.2,-10.8,14.3,+++,5.8,303.0,0,0,10-23,下影,5.5,2.0,16.1,10-24,一字,10.0,0.0,2.3,下影+6→一字+10,21.37,0.0,37.2,2.59,45,47,False,-8.7,3.93,True,9.27,2.0,False,4,炸板,False,2025-10,2025,,,,,,二接三阴
603238.SSE,诺邦股份,2024-12-17,二接三,2,阳,2024-12-13,1.09,-8.3,48.7,+++,17.0,,0,0,12-13,下影,1.1,1.0,8.9,12-16,下影,8.1,5.2,11.1,下影+1→下影+8,17.35,1.78,12.8,1.44,25,89,True,3.75,10.03,True,2.13,2.0,False,4,连板,False,2024-12,2024,,,,,,二接三阳
603238.SSE,诺邦股份,2024-12-18,三接四,3,阳,2024-12-13,1.09,-8.3,48.7,+++,17.0,,0,0,12-13,下影,1.1,1.0,8.9,12-16,下影,8.1,5.2,11.1,下影+1→下影+8→下影+2,19.09,3.75,23.5,1.91,84,25,True,-9.85,-7.18,False,-7.18,1.0,False,4,封次日负,True,2024-12,2024,12-17,下影,1.8,3.3,12.8,三接四阳
603248.SSE,锡华科技,2026-03-17,二接三,2,阳,2026-03-13,5.6,-44.3,18.9,++-,12.6,,0,0,03-13,下影,0.0,1.1,46.4,03-16,下影,2.4,4.2,57.9,下影+0→下影+2,34.12,-0.71,43.9,1.1,33,39,True,2.99,-5.07,False,-5.07,1.0,False,3,封次日负,True,2026-03,2026,,,,,,二接三阳
603256.SSE,宏和科技,2024-07-04,二接三,2,阴,2024-07-02,-4.11,-15.2,17.9,-+-,-5.8,64.0,0,2,07-02,下影,0.0,1.9,1.7,07-03,下影,5.6,4.2,4.4,下影+0→下影+6,9.02,-2.8,7.8,2.34,10,26,False,-15.19,-15.19,False,-15.19,1.0,False,2,炸板,True,2024-07,2024,,,,,,二接三阴
603256.SSE,宏和科技,2025-07-09,二接三,2,阴,2025-07-07,4.48,-5.0,177.7,+++,58.4,145.0,0,0,07-07,实体,-0.3,0.0,5.8,07-08,下影,-1.5,1.4,4.5,实体-0→下影-1,24.51,2.33,7.4,1.37,40,57,False,-3.47,-10.12,False,-10.12,1.0,False,2,炸板,True,2025-07,2025,,,,,,二接三阴
603256.SSE,宏和科技,2025-08-15,二接三,2,阴,2025-08-13,-1.59,-12.1,163.4,+++,19.8,8.0,2,2,08-13,下影,1.6,1.5,4.0,08-14,下影,8.2,2.1,2.7,下影+2→下影+8,32.86,1.74,2.3,0.78,70,40,True,10.01,8.03,False,8.03,1.0,False,3,封次日正,False,2025-08,2025,,,,,,二接三阴
603256.SSE,宏和科技,2025-08-18,三接四,3,阴,2025-08-13,-1.59,-12.1,163.4,+++,19.8,8.0,2,2,08-13,下影,1.6,1.5,4.0,08-14,下影,8.2,2.1,2.7,下影+2→下影+8→实体+2,36.15,10.01,3.5,1.15,78,70,False,-3.18,-0.97,False,-0.97,1.0,False,3,炸板,True,2025-08,2025,08-15,实体,1.7,0.0,2.3,三接四阴
603258.SSE,电魂网络,2024-02-20,二接三,2,阴,2024-02-08,-7.12,-50.6,1.7,---,-36.3,,0,0,02-08,下影,0.9,2.7,4.4,02-19,实体,4.0,0.0,1.0,下影+1→实体+4,18.59,4.62,5.0,1.29,80,186,True,-2.64,-0.86,False,-0.86,1.0,False,3,封次日负,True,2024-02,2024,,,,,,二接三阴
603259.SSE,XD药明康,2024-10-08,二接三,2,阳,2024-09-27,1.31,-2.6,19.0,+++,13.7,,0,0,09-27,实体,1.7,0.0,4.6,09-30,下影,10.0,3.1,6.0,实体+2→下影+10,57.6,10.01,8.4,1.51,352,626,True,-0.12,-3.14,False,-3.14,1.0,False,3,封次日负,True,2024-10,2024,,,,,,二接三阳
603261.SSE,立航科技,2024-03-08,三接四,3,阴,2024-03-05,-0.93,-39.7,36.0,++-,-21.1,,0,0,03-05,下影,0.3,2.1,13.4,03-06,一字,10.0,0.0,2.6,下影+0→一字+10→一字+10,34.44,3.1,33.6,2.83,52,44,True,9.99,9.99,True,20.79,4.0,False,7,连板,False,2024-03,2024,03-07,一字,10.0,0.0,5.1,三接四阴
603266.SSE,天龙股份,2023-10-30,三接四,3,阳,2023-10-25,5.66,-8.9,32.9,+++,21.6,7.0,2,2,10-25,下影,-3.0,0.4,9.6,10-26,下影,7.7,2.5,3.5,下影-3→下影+8→一字+10,24.6,10.02,14.4,1.87,54,67,True,10.0,10.0,True,59.47,7.0,False,10,连板,False,2023-10,2023,10-27,一字,10.0,0.0,0.6,三接四阳
603268.SSE,松发股份,2024-01-11,二接三,2,阴,2024-01-09,-1.6,-4.4,15.2,+++,7.6,141.0,0,0,01-09,实体,0.0,0.0,5.9,01-10,下影,-2.6,1.4,8.4,实体+0→下影-3,22.98,-0.34,12.1,2.13,47,34,False,-12.01,-16.45,False,-16.45,1.0,False,2,炸板,True,2024-01,2024,,,,,,二接三阴
603268.SSE,松发股份,2024-06-19,二接三,2,阴,2024-06-17,-1.44,-42.5,4.0,---,-21.9,101.0,0,2,06-17,下影,2.1,3.4,2.5,06-18,实体,1.0,0.1,2.0,下影+2→实体+1,15.46,2.99,5.3,2.42,20,26,False,-12.1,-3.3,False,-3.3,1.0,False,2,炸板,True,2024-06,2024,,,,,,二接三阴
603269.SSE,海鸥股份,2026-08-31,二接三,2,阴,2026-08-27,-0.54,-29.2,77.3,+++,57.7,76.0,0,2,08-27,下影,0.2,1.1,6.2,08-28,实体,4.2,0.1,3.6,下影+0→实体+4,24.4,1.8,10.6,1.77,78,77,True,5.98,3.85,False,3.85,1.0,False,3,封次日正,False,2026-08,2026,,,,,,二接三阴
603269.SSE,海鸥股份,2026-09-01,三接四,3,阴,2026-08-27,-0.54,-29.2,77.3,+++,57.7,76.0,0,2,08-27,下影,0.2,1.1,6.2,08-28,实体,4.2,0.1,3.6,下影+0→实体+4→实体+2,26.84,5.98,25.3,2.53,74,78,False,-7.75,2.12,False,2.12,1.0,False,3,炸板,False,2026-09,2026,08-31,实体,1.8,0.0,10.6,三接四阴
603270.SSE,金帝股份,2023-09-20,二接三,2,阴,2023-09-18,-1.53,,,,,,0,0,09-18,下影,3.8,1.6,24.4,09-19,下影,8.9,8.1,70.4,下影+4→下影+9,44.45,1.46,50.9,1.4,14,19,True,1.12,-4.39,False,-4.39,1.0,False,3,封次日负,True,2023-09,2023,,,,,,二接三阴
603270.SSE,金帝股份,2023-09-21,三接四,3,阴,2023-09-18,-1.53,,,,,,0,0,09-18,下影,3.8,1.6,24.4,09-19,下影,8.9,8.1,70.4,下影+4→下影+9→实体+1,48.9,1.12,82.6,1.68,13,14,False,-13.25,-19.88,False,-19.88,1.0,False,3,炸板,True,2023-09,2023,09-20,实体,1.5,0.0,50.9,三接四阴
603270.SSE,金帝股份,2024-12-06,二接三,2,阴,2024-12-04,-1.21,-8.2,32.0,-++,9.9,289.0,0,0,12-04,下影,0.3,0.9,13.0,12-05,下影,4.9,2.3,41.5,下影+0→下影+5,27.25,10.01,25.7,1.3,94,103,True,-0.99,-1.1,False,-1.1,1.0,False,3,封次日负,True,2024-12,2024,,,,,,二接三阴
603270.SSE,金帝股份,2026-09-04,二接三,2,阴,2026-09-02,-4.53,-20.6,29.9,+++,16.3,382.0,0,0,09-02,下影,0.0,2.4,22.5,09-03,下影,3.9,0.6,12.8,下影+0→下影+4,38.45,3.95,48.4,2.12,38,42,False,,,False,,,True,18,未完,,2026-09,2026,,,,,,二接三阴
603273.SSE,天元智能,2024-03-01,二接三,2,阳,2024-02-28,2.2,-33.4,42.2,+--,-3.5,62.0,0,2,02-28,下影,1.1,0.8,41.6,02-29,下影,2.5,1.9,45.2,下影+1→下影+2,25.98,9.95,59.1,1.67,56,82,True,-3.77,10.01,True,25.48,4.0,False,6,连板,False,2024-03,2024,,,,,,二接三阳
603273.SSE,天元智能,2024-03-04,三接四,3,阳,2024-02-28,2.2,-33.4,42.2,+--,-3.5,62.0,0,2,02-28,下影,1.1,0.8,41.6,02-29,下影,2.5,1.9,45.2,下影+1→下影+2→下影+10,28.58,-3.77,58.5,1.34,61,56,True,1.47,10.01,True,14.07,3.0,False,6,连板,False,2024-03,2024,03-01,下影,9.9,5.7,59.1,三接四阳
603278.SSE,大业股份,2024-08-05,三接四,3,阳,2024-07-31,3.24,-42.1,6.9,---,-12.3,,0,0,07-31,下影,6.3,5.4,2.6,08-01,一字,10.1,0.0,0.5,下影+6→一字+10→一字+10,7.93,4.58,10.6,2.98,38,39,True,9.96,-9.96,False,-9.96,1.0,False,4,封次日负,True,2024-08,2024,08-02,一字,10.1,0.0,1.0,三接四阳
603278.SSE,大业股份,2025-12-26,二接三,2,阴,2025-12-24,-2.53,-22.9,7.2,-++,4.1,11.0,2,2,12-24,下影,0.1,0.6,10.6,12-25,下影,0.9,2.7,18.9,下影+0→下影+1,12.8,9.97,12.9,1.28,69,72,True,6.02,10.0,True,25.78,4.0,False,6,连板,False,2025-12,2025,,,,,,二接三阴
603278.SSE,大业股份,2025-12-29,三接四,3,阴,2025-12-24,-2.53,-22.9,7.2,-++,4.1,11.0,2,2,12-24,下影,0.1,0.6,10.6,12-25,下影,0.9,2.7,18.9,下影+0→下影+1→下影+10,14.08,6.02,7.5,0.7,64,69,True,10.01,10.01,True,14.35,3.0,False,6,连板,False,2025-12,2025,12-26,下影,10.0,4.6,12.9,三接四阴
603278.SSE,大业股份,2026-05-08,二接三,2,阳,2026-05-06,-3.78,-19.5,9.8,-++,1.8,78.0,0,6,05-06,下影,1.2,0.4,5.5,05-07,下影,0.7,1.6,12.1,下影+1→下影+1,14.91,3.32,18.0,1.88,89,91,True,9.93,2.95,False,2.95,1.0,False,3,封次日正,False,2026-05,2026,,,,,,二接三阳
603278.SSE,大业股份,2026-05-11,三接四,3,阳,2026-05-06,-3.78,-19.5,9.8,-++,1.8,78.0,0,6,05-06,下影,1.2,0.4,5.5,05-07,下影,0.7,1.6,12.1,下影+1→下影+1→下影+3,16.4,9.93,33.4,2.19,76,89,False,-9.15,-3.78,False,-3.78,1.0,False,3,炸板,True,2026-05,2026,05-08,下影,3.3,4.4,18.0,三接四阳
603280.SSE,南方路机,2025-07-23,二接三,2,阳,2025-07-21,1.36,-6.7,17.5,-++,10.9,80.0,0,2,07-21,下影,3.4,1.1,47.8,07-22,下影,4.7,1.9,32.8,下影+3→下影+5,34.75,8.71,64.8,1.96,43,82,True,0.0,10.01,True,7.83,2.0,False,4,连板,False,2025-07,2025,,,,,,二接三阳
603280.SSE,南方路机,2025-07-24,三接四,3,阳,2025-07-21,1.36,-6.7,17.5,-++,10.9,80.0,0,2,07-21,下影,3.4,1.1,47.8,07-22,下影,4.7,1.9,32.8,下影+3→下影+5→下影+9,38.23,0.0,29.8,0.79,61,43,True,4.63,-1.99,False,-1.99,1.0,False,4,封次日负,True,2025-07,2025,07-23,下影,8.7,3.2,64.8,三接四阳
603280.SSE,南方路机,2025-07-30,二接三,2,阴,2025-07-28,-1.99,-10.9,62.7,+++,48.6,2.0,4,4,07-28,下影,6.8,2.6,46.1,07-29,下影,3.0,4.6,47.8,下影+7→下影+3,49.87,1.46,47.6,1.06,40,33,True,4.27,10.01,True,15.24,2.0,False,4,连板,False,2025-07,2025,,,,,,二接三阴
603280.SSE,南方路机,2025-07-31,三接四,3,阴,2025-07-28,-1.99,-10.9,62.7,+++,48.6,2.0,4,4,07-28,下影,6.8,2.6,46.1,07-29,下影,3.0,4.6,47.8,下影+7→下影+3→实体+1,54.86,4.27,29.5,0.66,34,40,True,-4.85,4.76,False,4.76,1.0,False,4,封次日正,False,2025-07,2025,07-30,实体,1.5,0.0,47.6,三接四阴
603285.SSE,键邦股份,2025-03-27,二接三,2,阳,2025-03-25,3.57,-3.0,20.8,+++,5.0,,0,0,03-25,实体,-1.2,0.1,36.3,03-26,下影,9.1,3.4,24.8,实体-1→下影+9,32.08,0.79,73.0,2.33,41,56,False,-19.98,-20.04,False,-20.04,1.0,False,2,炸板,True,2025-03,2025,,,,,,二接三阳
603286.SSE,日盈电子,2023-11-27,二接三,2,阳,2023-11-23,1.91,-6.3,38.8,+++,25.9,33.0,2,2,11-23,下影,-2.5,0.6,13.6,11-24,一字,10.0,0.0,2.0,下影-2→一字+10,31.19,10.02,19.2,1.55,28,27,True,0.67,10.0,True,10.29,3.0,False,5,连板,False,2023-11,2023,,,,,,二接三阳
603286.SSE,日盈电子,2023-11-28,三接四,3,阳,2023-11-23,1.91,-6.3,38.8,+++,25.9,33.0,2,2,11-23,下影,-2.5,0.6,13.6,11-24,一字,10.0,0.0,2.0,下影-2→一字+10→下影+10,34.31,0.67,32.7,1.98,34,28,True,8.83,10.0,True,0.26,2.0,False,5,连板,False,2023-11,2023,11-27,下影,10.0,3.7,19.2,三接四阳
603290.SSE,斯达半导,2024-10-09,二接三,2,阳,2024-09-30,9.14,-14.8,24.4,+--,17.2,,0,0,09-30,下影,7.3,2.8,3.8,10-08,一字,10.0,0.0,1.4,下影+7→一字+10,110.42,7.59,10.0,2.49,29,352,False,-4.17,-7.69,False,-7.69,1.0,False,2,炸板,True,2024-10,2024,,,,,,二接三阳
603291.SSE,联合水务,2023-04-07,二接三,2,阳,2023-04-04,10.04,,,,,,0,0,04-04,一字,10.0,0.0,2.5,04-06,下影,10.0,3.8,81.0,一字+10→下影+10,18.1,-0.06,67.8,2.04,32,23,True,-4.7,-10.0,False,-10.0,1.0,False,3,封次日负,True,2023-04,2023,,,,,,二接三阳
603291.SSE,联合水务,2023-05-30,二接三,2,阴,2023-05-26,-5.4,-22.6,51.0,++-,6.9,32.0,3,3,05-26,下影,7.1,3.1,28.7,05-29,下影,7.6,3.6,27.5,下影+7→下影+8,18.65,9.68,18.2,0.57,33,27,True,5.9,-3.59,False,-3.59,1.0,False,3,封次日负,True,2023-05,2023,,,,,,二接三阴
603291.SSE,联合水务,2023-05-31,三接四,3,阴,2023-05-26,-5.4,-22.6,51.0,++-,6.9,32.0,3,3,05-26,下影,7.1,3.1,28.7,05-29,下影,7.6,3.6,27.5,下影+7→下影+8→下影+10,20.52,5.9,81.8,2.11,32,33,False,-21.15,-21.15,False,-21.15,1.0,False,3,炸板,True,2023-05,2023,05-30,下影,9.7,4.5,18.2,三接四阴
603291.SSE,联合水务,2023-08-22,二接三,2,阳,2023-08-18,1.71,-18.6,30.5,+-+,5.0,56.0,3,3,08-18,实体,0.1,0.0,45.7,08-21,下影,2.8,5.7,73.6,实体+0→下影+3,22.23,-2.42,75.7,1.59,33,20,True,-4.86,-7.69,False,-7.69,1.0,False,3,封次日负,True,2023-08,2023,,,,,,二接三阳
603297.SSE,永新光学,2024-11-04,二接三,2,阴,2024-10-31,-2.22,-2.9,60.5,+++,37.0,,0,0,10-31,下影,3.0,5.5,3.4,11-01,一字,10.0,0.0,4.4,下影+3→一字+10,105.97,-1.74,11.5,2.3,122,74,False,-6.44,-2.33,False,-2.33,1.0,False,2,炸板,True,2024-11,2024,,,,,,二接三阴
603297.SSE,永新光学,2025-09-19,二接三,2,阳,2025-09-17,0.69,-18.6,19.8,--+,0.2,216.0,0,0,09-17,一字,10.0,0.0,1.8,09-18,下影,10.0,3.6,5.9,一字+10→下影+10,130.92,3.39,9.6,2.4,46,45,True,-0.7,-7.58,False,-7.58,1.0,False,3,封次日负,True,2025-09,2025,,,,,,二接三阳
603300.SSE,海南华铁,2025-02-11,三接四,3,阳,2025-02-06,4.41,-13.7,14.0,+--,-10.8,,0,0,02-06,下影,0.0,0.6,7.7,02-07,一字,10.0,0.0,3.4,下影+0→一字+10→一字+10,7.96,9.94,18.4,2.64,57,85,True,0.5,2.26,False,2.26,1.0,False,4,封次日正,False,2025-02,2025,02-10,一字,10.0,0.0,2.4,三接四阳
603300.SSE,海南华铁,2025-03-07,二接三,2,阳,2025-03-05,0.1,-14.5,102.1,+++,85.0,16.0,4,4,03-05,一字,10.0,0.0,1.5,03-06,一字,10.0,0.0,1.9,一字+10→一字+10,12.83,5.49,42.6,2.8,45,87,True,-6.24,-9.98,False,-9.98,1.0,False,3,封次日负,True,2025-03,2025,,,,,,二接三阳
603311.SSE,金海高科,2026-05-19,二接三,2,阳,2026-05-08,5.0,-1.7,48.3,+++,33.2,486.0,0,0,05-08,下影,-0.4,1.0,6.5,05-18,下影,6.2,7.3,9.6,下影-0→下影+6,27.95,2.24,16.2,2.0,75,72,True,-4.15,2.36,False,2.36,1.0,False,3,封次日正,False,2026-05,2026,,,,,,二接三阳
603315.SSE,福鞍股份,2025-03-20,三接四,3,阴,2025-03-17,-0.53,-15.1,36.4,+++,17.4,17.0,2,2,03-17,下影,0.0,1.1,9.0,03-18,一字,10.0,0.0,2.0,下影+0→一字+10→一字+10,19.37,-4.2,23.2,2.56,55,40,True,-8.16,-10.02,False,-10.02,1.0,False,4,封次日负,True,2025-03,2025,03-19,一字,10.0,0.0,7.9,三接四阴
603316.SSE,诚邦股份,2026-05-20,二接三,2,阳,2026-05-18,0.7,-7.0,42.5,+++,27.0,7.0,2,2,05-18,实体,2.6,0.0,12.5,05-19,下影,-1.9,1.2,11.5,实体+3→下影-2,24.77,8.79,5.5,0.66,51,75,True,2.54,10.01,True,8.6,2.0,False,4,连板,False,2026-05,2026,,,,,,二接三阳
603316.SSE,诚邦股份,2026-05-21,三接四,3,阳,2026-05-18,0.7,-7.0,42.5,+++,27.0,7.0,2,2,05-18,实体,2.6,0.0,12.5,05-19,下影,-1.9,1.2,11.5,实体+3→下影-2→下影+9,27.25,2.54,30.8,2.29,32,51,True,-2.75,-1.28,False,-1.28,1.0,False,4,封次日负,True,2026-05,2026,05-20,下影,8.8,4.4,5.5,三接四阳
603317.SSE,天味食品,2024-09-30,二接三,2,阴,2024-09-26,-0.76,-20.9,7.9,+--,-4.4,,0,0,09-26,下影,-0.2,0.4,1.7,09-27,下影,5.8,2.0,1.9,下影-0→下影+6,12.21,8.11,2.9,1.75,626,107,True,9.99,4.01,False,4.01,1.0,False,3,封次日正,False,2024-09,2024,,,,,,二接三阴
603317.SSE,天味食品,2024-10-08,三接四,3,阴,2024-09-26,-0.76,-20.9,7.9,+--,-4.4,,0,0,09-26,下影,-0.2,0.4,1.7,09-27,下影,5.8,2.0,1.9,下影-0→下影+6→下影+8,13.43,9.99,3.2,1.49,352,626,False,-9.16,-5.66,False,-5.66,1.0,False,3,炸板,True,2024-10,2024,09-30,下影,8.1,3.7,2.9,三接四阴
603318.SSE,水发燃气,2026-03-04,三接四,3,阳,2026-02-27,1.25,-2.7,16.1,+++,4.0,,0,0,02-27,下影,0.0,1.1,12.1,03-02,下影,4.7,1.6,17.5,下影+0→下影+5→一字+10,10.67,10.0,36.6,2.54,34,67,True,-5.44,-10.03,False,-10.03,1.0,False,4,封次日负,True,2026-03,2026,03-03,一字,10.0,0.0,3.0,三接四阳
603318.SSE,水发燃气,2026-04-27,三接四,3,阴,2026-04-22,0.94,-22.3,25.0,+--,8.4,34.0,4,4,04-22,实体,1.2,0.1,21.0,04-23,一字,10.0,0.0,2.9,实体+1→一字+10→一字+10,12.53,7.46,20.5,1.61,54,50,True,3.75,9.98,True,16.12,2.0,False,5,连板,False,2026-04,2026,04-24,一字,10.0,0.0,3.5,三接四阴
603320.SSE,迪贝电气,2025-01-07,二接三,2,阴,2025-01-03,-1.91,-15.8,3.7,---,-11.1,215.0,0,0,01-03,一字,10.0,0.0,2.9,01-06,下影,-0.9,1.0,20.1,一字+10→下影-1,18.44,-1.55,21.3,2.26,77,52,True,-5.59,-4.83,False,-4.83,1.0,False,3,封次日负,True,2025-01,2025,,,,,,二接三阴
603322.SSE,超讯科技,2023-06-16,二接三,2,阳,2023-06-14,4.37,-13.2,105.9,+--,5.3,32.0,2,2,06-14,下影,8.2,2.7,7.5,06-15,下影,10.0,3.9,27.2,下影+8→下影+10,47.65,3.88,30.1,1.73,41,32,False,0.27,-13.33,False,-13.33,1.0,False,2,炸板,True,2023-06,2023,,,,,,二接三阳
603324.SSE,盛剑科技,2024-08-13,二接三,2,阴,2024-08-09,-2.53,-30.2,9.3,-+-,1.3,,0,0,08-09,实体,3.8,0.2,2.7,08-12,一字,10.0,0.0,1.2,实体+4→一字+10,28.24,4.32,12.7,3.36,25,23,False,-16.04,-13.21,False,-13.21,1.0,False,2,炸板,True,2024-08,2024,,,,,,二接三阴
603326.SSE,我乐家居,2023-08-30,二接三,2,阴,2023-08-28,-1.83,-12.1,4.1,---,-10.1,,0,0,08-28,下影,9.8,1.6,0.7,08-29,实体,7.6,0.1,0.7,下影+10→实体+8,10.02,7.03,1.5,2.12,25,51,True,7.39,9.98,True,44.91,6.0,False,8,连板,False,2023-08,2023,,,,,,二接三阴
603326.SSE,我乐家居,2023-08-31,三接四,3,阴,2023-08-28,-1.83,-12.1,4.1,---,-10.1,,0,0,08-28,下影,9.8,1.6,0.7,08-29,实体,7.6,0.1,0.7,下影+10→实体+8→下影+7,11.02,7.39,1.9,1.85,23,25,True,9.98,9.98,True,31.76,5.0,False,8,连板,False,2023-08,2023,08-30,下影,7.0,2.1,1.5,三接四阴
603327.SSE,福蓉科技,2024-03-20,二接三,2,阳,2024-03-18,2.44,-14.0,109.3,+++,75.9,8.0,5,5,03-18,下影,0.2,2.0,8.3,03-19,下影,5.0,0.5,9.5,下影+0→下影+5,21.24,0.21,12.8,1.42,64,46,True,-2.87,-7.63,False,-7.63,1.0,False,3,封次日负,True,2024-03,2024,,,,,,二接三阳
603327.SSE,福蓉科技,2025-12-03,二接三,2,阳,2025-12-01,-0.79,-5.2,15.6,+++,8.6,412.0,0,0,12-01,下影,-1.0,1.1,5.6,12-02,下影,10.0,1.5,6.2,下影-1→下影+10,13.3,2.89,16.8,2.35,46,41,True,-8.42,2.86,False,2.86,1.0,False,3,封次日正,False,2025-12,2025,,,,,,二接三阳
603330.SSE,天洋新材,2026-06-04,三接四,3,阴,2026-06-01,-5.59,-18.3,1.3,---,-12.3,512.0,0,0,06-01,实体,0.2,0.0,3.0,06-02,下影,0.6,2.8,10.8,实体+0→下影+1→一字+10,9.41,0.0,20.7,2.53,65,59,True,7.86,-8.5,False,-8.5,1.0,False,4,封次日负,True,2026-06,2026,06-03,一字,10.0,0.0,2.7,三接四阴
603330.SSE,天洋新材,2026-08-14,二接三,2,阳,2026-08-12,1.01,-22.4,45.7,++-,10.5,48.0,4,4,08-12,实体,-0.4,0.1,6.2,08-13,下影,1.8,5.5,15.6,实体-0→下影+2,10.68,4.94,5.9,0.82,51,50,True,10.02,10.02,True,4.78,2.0,False,4,连板,False,2026-08,2026,,,,,,二接三阳
603332.SSE,苏州龙杰,2023-12-26,二接三,2,阳,2023-12-22,5.27,-5.8,27.0,+--,1.8,,0,0,12-22,下影,0.7,3.3,7.2,12-25,下影,8.8,9.1,13.1,下影+1→下影+9,13.83,-1.51,23.2,2.37,35,30,False,-21.48,-9.91,False,-9.91,1.0,False,2,炸板,True,2023-12,2023,,,,,,二接三阳
603332.SSE,苏州龙杰,2025-05-14,三接四,3,阳,2025-05-09,1.87,-12.1,33.0,++-,14.4,322.0,0,0,05-09,下影,0.0,1.0,5.2,05-12,一字,10.0,0.0,0.9,下影+0→一字+10→一字+10,14.36,10.04,21.1,3.41,51,41,True,-4.94,10.03,True,2.3,2.0,False,5,连板,False,2025-05,2025,05-13,一字,10.0,0.0,1.2,三接四阳
603332.SSE,苏州龙杰,2025-05-27,二接三,2,阴,2025-05-23,-10.0,-17.5,101.5,+++,62.1,6.0,5,5,05-23,下影,-5.1,1.1,17.8,05-26,一字,10.0,0.0,5.2,下影-5→一字+10,19.77,4.45,19.6,1.08,51,46,True,1.16,6.22,False,6.22,1.0,False,3,封次日正,False,2025-05,2025,,,,,,二接三阴
603333.SSE,福华尚纬,2023-06-15,二接三,2,阳,2023-06-13,1.6,-29.4,4.0,---,-23.0,,0,0,06-13,下影,-0.4,0.4,5.3,06-14,下影,4.3,1.0,2.9,下影-0→下影+4,5.93,8.53,13.5,2.37,32,43,True,1.85,-9.11,False,-9.11,1.0,False,3,封次日负,True,2023-06,2023,,,,,,二接三阳
603333.SSE,福华尚纬,2024-01-03,三接四,3,阳,2023-12-28,0.64,-7.1,6.8,---,-6.2,132.0,0,0,12-28,下影,-0.2,1.3,3.3,12-29,下影,-1.7,1.2,11.7,下影-0→下影-2→一字+10,6.91,5.1,27.0,2.95,33,48,True,-9.41,-9.99,False,-9.99,1.0,False,4,封次日负,True,2024-01,2024,01-02,一字,10.0,0.0,3.1,三接四阳
603333.SSE,福华尚纬,2024-01-11,二接三,2,阳,2024-01-09,-1.61,-20.3,24.7,+++,13.6,4.0,4,4,01-09,下影,-2.0,2.5,18.3,01-10,下影,-2.3,5.3,20.5,下影-2→下影-2,7.34,3.45,26.6,1.39,47,34,True,0.82,-9.95,False,-9.95,1.0,False,3,封次日负,True,2024-01,2024,,,,,,二接三阳
603335.SSE,迪生力,2023-06-12,二接三,2,阴,2023-06-08,-1.67,-13.0,7.7,-++,1.0,,0,0,06-08,实体,-1.3,0.2,2.1,06-09,下影,7.7,4.8,3.6,实体-1→下影+8,7.06,8.41,8.2,2.43,53,57,True,10.06,10.06,True,11.76,2.0,False,4,连板,False,2023-06,2023,,,,,,二接三阴
603335.SSE,迪生力,2026-06-16,二接三,2,阴,2026-06-12,-2.01,-9.4,41.3,++-,-0.4,243.0,0,0,06-12,一字,10.0,0.0,1.3,06-15,一字,10.1,0.0,0.4,一字+10→一字+10,9.75,10.05,27.5,3.18,105,127,False,-15.69,-12.92,False,-12.92,1.0,False,2,炸板,True,2026-06,2026,,,,,,二接三阴
603336.SSE,宏辉果蔬,2025-04-09,二接三,2,阳,2025-04-07,3.97,-4.7,37.5,+++,11.0,172.0,0,0,04-07,实体,2.1,0.0,15.8,04-08,下影,3.8,8.0,18.0,实体+2→下影+4,6.97,4.89,28.8,1.67,87,99,False,-17.79,-11.91,False,-11.91,1.0,False,2,炸板,True,2025-04,2025,,,,,,二接三阳
603339.SSE,四方科技,2024-11-01,二接三,2,阴,2024-10-30,-1.88,-9.3,20.7,+++,13.9,,0,0,10-30,实体,-1.9,0.0,7.6,10-31,下影,5.1,1.5,11.0,实体-2→下影+5,14.61,4.52,15.6,2.14,74,141,False,-12.94,0.75,True,-2.4,2.0,False,4,炸板,False,2024-11,2024,,,,,,二接三阴
603339.SSE,四方科技,2025-08-20,二接三,2,阳,2025-08-18,1.07,-4.1,17.3,+++,5.7,195.0,0,0,08-18,实体,0.7,0.0,6.1,08-19,下影,4.3,2.2,13.4,实体+1→下影+4,17.64,-2.56,15.0,1.91,78,74,False,-10.83,-4.25,False,-4.25,1.0,False,2,炸板,True,2025-08,2025,,,,,,二接三阳
603345.SSE,安井食品,2024-09-30,二接三,2,阴,2024-09-26,-2.37,-11.5,9.4,+--,4.4,,0,0,09-26,实体,0.3,0.2,3.2,09-27,实体,4.8,0.0,4.2,实体+0→实体+5,99.34,7.41,3.4,1.13,626,107,True,10.0,3.65,False,3.65,1.0,False,3,封次日正,False,2024-09,2024,,,,,,二接三阴
603345.SSE,安井食品,2024-10-08,三接四,3,阴,2024-09-26,-2.37,-11.5,9.4,+--,4.4,,0,0,09-26,实体,0.3,0.2,3.2,09-27,实体,4.8,0.0,4.2,实体+0→实体+5→下影+7,109.27,10.0,5.9,1.58,352,626,False,-8.48,-11.73,False,-11.73,1.0,False,3,炸板,True,2024-10,2024,09-30,下影,7.4,1.1,3.4,三接四阴
603350.SSE,安乃达,2024-11-06,二接三,2,阴,2024-11-04,-3.67,-19.2,24.7,+++,8.2,,0,0,11-04,实体,2.7,0.0,14.2,11-05,下影,7.1,5.1,40.1,实体+3→下影+7,40.84,0.19,56.9,2.11,104,139,False,-11.12,-11.07,False,-11.07,1.0,False,2,炸板,True,2024-11,2024,,,,,,二接三阴
603351.SSE,威尔药业,2025-04-22,二接三,2,阳,2025-04-18,0.28,-20.5,9.3,---,-19.2,,0,0,04-18,实体,0.1,0.0,3.4,04-21,下影,8.3,6.2,5.4,实体+0→下影+8,29.04,2.27,7.1,1.85,68,86,True,-1.76,-2.0,False,-2.0,1.0,False,3,封次日负,True,2025-04,2025,,,,,,二接三阳
603353.SSE,和顺石油,2023-10-18,二接三,2,阳,2023-10-16,0.2,-4.7,8.2,++-,-0.5,,0,0,10-16,下影,2.1,1.4,3.0,10-17,下影,3.7,2.0,4.4,下影+2→下影+4,26.83,7.42,3.8,1.45,29,22,True,0.52,8.05,False,8.05,1.0,False,3,封次日正,False,2023-10,2023,,,,,,二接三阳
603353.SSE,和顺石油,2023-10-19,三接四,3,阳,2023-10-16,0.2,-4.7,8.2,++-,-0.5,,0,0,10-16,下影,2.1,1.4,3.0,10-17,下影,3.7,2.0,4.4,下影+2→下影+4→下影+7,29.51,0.52,10.0,2.24,22,29,False,-11.59,-3.42,False,-3.42,1.0,False,3,炸板,True,2023-10,2023,10-18,下影,7.4,2.0,3.8,三接四阳
603353.SSE,和顺石油,2025-11-18,二接三,2,阳,2025-11-14,4.21,-0.9,61.2,+++,49.4,152.0,0,0,11-14,下影,-1.0,1.0,1.3,11-17,一字,10.0,0.0,0.5,下影-1→一字+10,33.91,9.99,10.5,2.63,37,69,True,1.0,0.97,False,0.97,1.0,False,3,封次日正,False,2025-11,2025,,,,,,二接三阳
603353.SSE,和顺石油,2026-03-03,二接三,2,阳,2026-02-27,0.45,-6.6,56.6,+++,21.0,57.0,2,3,02-27,实体,0.2,0.0,5.0,03-02,下影,10.0,4.5,12.1,实体+0→下影+10,50.97,3.58,11.5,1.63,67,77,True,5.94,-8.79,False,-8.79,1.0,False,3,封次日负,True,2026-03,2026,,,,,,二接三阳
603357.SSE,设计总院,2023-05-09,二接三,2,阳,2023-05-05,6.22,-0.2,12.8,,8.8,,0,0,05-05,实体,5.9,0.0,2.3,05-08,一字,10.0,0.0,1.0,实体+6→一字+10,16.36,9.01,22.6,3.21,22,48,True,-1.83,1.47,False,1.47,1.0,False,3,封次日正,False,2023-05,2023,,,,,,二接三阳
603360.SSE,百傲化学,2024-10-09,二接三,2,阳,2024-09-30,2.82,-3.3,31.5,+++,17.7,,0,0,09-30,下影,4.1,4.9,4.8,10-08,一字,10.0,0.0,0.4,下影+4→一字+10,18.92,10.0,7.0,2.19,29,352,False,-10.68,-11.58,False,-11.58,1.0,False,2,炸板,True,2024-10,2024,,,,,,二接三阳
603363.SSE,傲农生物,2024-02-26,二接三,2,阴,2024-02-22,2.22,-63.2,35.3,---,-43.2,,0,0,02-22,实体,-2.2,0.0,8.2,02-23,下影,3.1,2.3,8.9,实体-2→下影+3,4.28,5.66,9.0,1.06,72,79,True,1.64,10.05,True,-0.93,2.0,False,4,连板,False,2024-02,2024,,,,,,二接三阴
603363.SSE,傲农生物,2024-02-27,三接四,3,阴,2024-02-22,2.22,-63.2,35.3,---,-43.2,,0,0,02-22,实体,-2.2,0.0,8.2,02-23,下影,3.1,2.3,8.9,实体-2→下影+3→下影+6,4.71,1.64,7.2,0.82,69,72,True,1.91,-9.98,False,-9.98,1.0,False,4,封次日负,True,2024-02,2024,02-26,下影,5.7,3.1,9.0,三接四阴
603363.SSE,傲农生物,2024-03-21,二接三,2,阳,2024-03-19,5.72,-42.7,94.1,+++,61.5,15.0,4,4,03-19,下影,-0.2,1.3,13.6,03-20,实体,0.4,0.0,13.7,下影-0→实体+0,6.15,2.5,15.5,1.16,56,64,True,4.88,-8.29,False,-8.29,1.0,False,3,封次日负,True,2024-03,2024,,,,,,二接三阳
603366.SSE,日出东方,2024-11-06,二接三,2,阳,2024-11-04,0.91,-10.5,25.0,+++,7.0,172.0,0,0,11-04,下影,0.9,0.7,4.4,11-05,实体,3.9,0.2,6.5,下影+1→实体+4,5.93,10.02,9.7,1.88,104,139,True,8.94,9.95,True,11.13,3.0,False,5,连板,False,2024-11,2024,,,,,,二接三阳
603366.SSE,日出东方,2024-11-07,三接四,3,阳,2024-11-04,0.91,-10.5,25.0,+++,7.0,172.0,0,0,11-04,下影,0.9,0.7,4.4,11-05,实体,3.9,0.2,6.5,下影+1→实体+4→下影+10,6.52,8.94,4.3,0.77,157,104,True,9.97,9.97,True,1.07,2.0,False,5,连板,False,2024-11,2024,11-06,下影,10.0,6.1,9.7,三接四阳
603366.SSE,日出东方,2024-11-14,二接三,2,阴,2024-11-12,-8.09,-14.4,84.6,+++,56.2,2.0,5,5,11-12,下影,-4.6,4.4,18.1,11-13,下影,-1.4,2.8,12.8,下影-5→下影-1,8.78,4.01,9.3,0.8,27,50,True,3.64,10.02,True,23.01,3.0,False,5,连板,False,2024-11,2024,,,,,,二接三阴
603366.SSE,日出东方,2024-11-15,三接四,3,阴,2024-11-12,-8.09,-14.4,84.6,+++,56.2,2.0,5,5,11-12,下影,-4.6,4.4,18.1,11-13,下影,-1.4,2.8,12.8,下影-5→下影-1→下影+4,9.66,3.64,17.8,1.18,53,27,True,10.04,10.04,True,11.8,2.0,False,5,连板,False,2024-11,2024,11-14,下影,4.0,1.5,9.3,三接四阴
603366.SSE,日出东方,2024-11-22,二接三,2,阴,2024-11-20,1.6,-7.6,202.5,+++,152.9,2.0,5,5,11-20,实体,-10.0,0.0,21.9,11-21,下影,10.0,3.5,7.8,实体-10→下影+10,14.38,1.3,19.9,1.23,60,88,False,7.72,8.9,True,15.99,2.0,False,4,炸板,False,2024-11,2024,,,,,,二接三阴
603366.SSE,日出东方,2025-02-13,二接三,2,阳,2025-02-11,4.99,-48.7,96.5,---,3.6,51.0,5,5,02-11,下影,0.5,3.8,15.1,02-12,下影,-0.8,3.3,18.7,下影+1→下影-1,15.7,1.26,18.4,1.36,45,65,False,-11.78,-16.24,False,-16.24,1.0,False,2,炸板,True,2025-02,2025,,,,,,二接三阳
603366.SSE,日出东方,2025-11-18,二接三,2,阳,2025-11-14,0.6,-19.1,11.8,-++,6.7,186.0,0,0,11-14,实体,0.0,0.0,7.7,11-17,一字,10.0,0.0,1.5,实体+0→一字+10,13.4,9.77,25.3,3.1,37,69,False,-13.51,-13.58,False,-13.58,1.0,False,2,炸板,True,2025-11,2025,,,,,,二接三阳
603367.SSE,辰欣药业,2025-07-30,二接三,2,阳,2025-07-28,5.05,-3.2,60.9,+++,53.4,4.0,2,2,07-28,实体,-3.4,0.0,6.4,07-29,实体,6.1,0.0,3.5,实体-3→实体+6,28.52,9.99,6.0,0.83,40,33,True,0.95,5.22,False,5.22,1.0,False,3,封次日正,False,2025-07,2025,,,,,,二接三阳
603373.SSE,安邦护卫,2024-08-06,二接三,2,阳,2024-08-02,-0.96,-24.2,12.2,++-,6.9,86.0,0,2,08-02,下影,-0.9,0.4,19.5,08-05,下影,4.9,0.6,33.5,下影-1→下影+5,36.91,9.69,50.2,1.98,46,38,False,-18.72,-22.46,False,-22.46,1.0,False,2,炸板,True,2024-08,2024,,,,,,二接三阳
603382.SSE,海阳科技,2025-08-28,二接三,2,阴,2025-08-26,0.4,-53.3,7.9,+++,3.5,,0,0,08-26,实体,0.0,0.0,23.7,08-27,下影,3.5,2.2,59.8,实体+0→下影+4,43.48,-3.36,64.6,1.96,47,39,False,-6.49,-12.53,False,-12.53,1.0,False,2,炸板,True,2025-08,2025,,,,,,二接三阴
603383.SSE,顶点软件,2023-08-07,二接三,2,阳,2023-08-03,-1.66,-16.4,21.3,++-,3.3,,0,0,08-03,实体,0.7,0.0,2.7,08-04,下影,5.0,1.3,4.7,实体+1→下影+5,75.87,1.49,9.4,1.83,23,13,False,-2.94,-4.17,False,-4.17,1.0,False,2,炸板,True,2023-08,2023,,,,,,二接三阳
603383.SSE,顶点软件,2024-10-09,三接四,3,阳,2024-09-27,7.38,-7.8,34.0,++-,28.7,279.0,0,0,09-27,实体,3.7,0.0,5.4,09-30,下影,10.0,0.5,4.1,实体+4→下影+10→一字+10,45.62,0.0,17.2,2.49,29,352,False,-6.84,-11.95,False,-11.95,1.0,False,3,炸板,True,2024-10,2024,10-08,一字,10.0,0.0,1.3,三接四阳
603386.SSE,骏亚科技,2024-06-27,二接三,2,阴,2024-06-25,-2.87,-11.6,18.4,+++,9.8,9.0,2,2,06-25,下影,0.8,3.4,8.6,06-26,下影,5.1,3.0,12.7,下影+1→下影+5,13.99,-5.66,17.6,1.93,17,31,False,-18.01,-10.79,False,-10.79,1.0,False,2,炸板,True,2024-06,2024,,,,,,二接三阴
603386.SSE,骏亚科技,2025-12-05,二接三,2,阴,2025-12-03,-1.18,-21.2,6.6,+--,-2.6,339.0,0,0,12-03,下影,2.3,3.0,5.6,12-04,一字,10.0,0.0,2.8,下影+2→一字+10,16.65,9.97,13.6,2.69,58,30,True,0.3,10.03,True,8.95,3.0,False,5,连板,False,2025-12,2025,,,,,,二接三阴
603386.SSE,骏亚科技,2025-12-08,三接四,3,阴,2025-12-03,-1.18,-21.2,6.6,+--,-2.6,339.0,0,0,12-03,下影,2.3,3.0,5.6,12-04,一字,10.0,0.0,2.8,下影+2→一字+10→下影+10,18.32,0.3,26.5,2.65,63,58,True,-7.1,9.99,True,-0.98,2.0,False,5,连板,False,2025-12,2025,12-05,下影,10.0,1.5,13.6,三接四阴
603387.SSE,基蛋生物,2026-03-19,二接三,2,阳,2026-03-17,2.75,-7.0,7.8,+--,-2.3,,0,0,03-17,下影,0.2,0.6,7.6,03-18,下影,3.4,0.4,6.6,下影+0→下影+3,11.42,8.67,24.2,2.89,25,45,False,-14.19,-15.5,False,-15.5,1.0,False,2,炸板,True,2026-03,2026,,,,,,二接三阳
603389.SSE,亚振家居,2023-12-22,二接三,2,阴,2023-12-20,-3.81,-7.2,24.0,+++,-1.5,,0,0,12-20,下影,0.3,0.3,3.8,12-21,一字,10.0,0.0,1.0,下影+0→一字+10,8.75,10.06,3.2,0.8,18,31,True,7.43,-9.94,False,-9.94,1.0,False,3,封次日负,True,2023-12,2023,,,,,,二接三阴
603389.SSE,亚振家居,2024-03-27,三接四,3,阴,2024-03-22,-0.77,-45.7,63.9,+++,22.1,5.0,3,3,03-22,下影,-0.6,0.8,5.8,03-25,下影,9.4,14.2,14.8,下影-1→下影+9→一字+10,7.5,3.37,16.4,1.78,39,50,True,-3.6,10.0,True,-0.93,2.0,False,5,连板,False,2024-03,2024,03-26,一字,10.0,0.0,3.2,三接四阴
603389.SSE,亚振家居,2024-05-16,二接三,2,阴,2024-05-14,-3.83,-50.9,36.4,-+-,-13.9,28.0,5,5,05-14,下影,7.7,5.2,6.8,05-15,实体,0.4,0.2,7.0,下影+8→实体+0,5.69,6.0,3.5,0.72,30,22,True,10.02,10.02,True,8.96,3.0,False,5,连板,False,2024-05,2024,,,,,,二接三阴
603389.SSE,亚振家居,2024-12-16,二接三,2,阳,2024-12-12,4.24,-9.0,33.5,+++,10.3,78.0,0,2,12-12,实体,0.0,0.3,7.7,12-13,下影,3.9,2.3,15.4,实体+0→下影+4,9.82,3.02,17.3,1.67,89,84,True,-7.54,-9.98,False,-9.98,1.0,False,3,封次日负,True,2024-12,2024,,,,,,二接三阳
603390.SSE,通达电气,2024-05-31,二接三,2,阴,2024-05-29,-1.38,-20.6,14.5,--+,0.0,133.0,0,0,05-29,下影,0.1,0.7,3.0,05-30,一字,10.0,0.0,1.8,下影+0→一字+10,9.55,10.02,13.1,3.37,18,21,False,-16.23,-22.93,False,-22.93,1.0,False,2,炸板,True,2024-05,2024,,,,,,二接三阴
603390.SSE,通达电气,2024-08-05,二接三,2,阳,2024-08-01,1.77,-15.7,27.8,++-,6.5,44.0,2,2,08-01,实体,2.9,0.0,3.3,08-02,一字,10.0,0.0,1.8,实体+3→一字+10,10.73,0.51,18.3,2.76,38,39,True,4.38,9.97,True,-1.03,2.0,False,4,连板,False,2024-08,2024,,,,,,二接三阳
603390.SSE,通达电气,2024-08-06,三接四,3,阳,2024-08-01,1.77,-15.7,27.8,++-,6.5,44.0,2,2,08-01,实体,2.9,0.0,3.3,08-02,一字,10.0,0.0,1.8,实体+3→一字+10→下影+1,11.8,4.38,22.4,2.17,46,38,True,-10.0,-10.0,False,-10.0,1.0,False,4,封次日负,True,2024-08,2024,08-05,下影,0.5,10.5,18.3,三接四阳
603390.SSE,通达电气,2025-02-10,二接三,2,阳,2025-02-06,2.1,-27.8,11.2,+--,-20.3,118.0,0,4,02-06,下影,0.1,0.5,2.8,02-07,一字,10.0,0.0,0.9,下影+0→一字+10,12.3,6.8,20.1,3.52,85,63,True,-2.44,-5.69,False,-5.69,1.0,False,3,封次日负,True,2025-02,2025,,,,,,二接三阳
603395.SSE,红四方,2026-08-19,二接三,2,阴,2026-08-17,-1.27,-13.9,10.0,--+,-2.3,,0,0,08-17,实体,0.0,0.0,7.7,08-18,下影,8.5,0.8,7.5,实体+0→下影+9,29.0,10.02,18.1,2.28,32,70,True,-6.21,5.66,False,5.66,1.0,False,3,封次日正,False,2026-08,2026,,,,,,二接三阴
603396.SSE,金辰股份,2024-01-02,二接三,2,阴,2023-12-28,-3.09,-14.8,6.0,+--,-8.0,,0,0,12-28,下影,-0.6,0.5,4.2,12-29,下影,6.7,4.4,11.0,下影-1→下影+7,60.12,-1.56,14.5,2.11,48,54,True,-1.86,-1.03,False,-1.03,1.0,False,3,封次日负,True,2024-01,2024,,,,,,二接三阴
603399.SSE,永杉锂业,2023-10-23,二接三,2,阴,2023-10-19,-3.28,-21.1,3.7,+--,-9.1,,0,0,10-19,下影,0.0,0.8,4.3,10-20,实体,0.3,0.2,10.5,下影+0→实体+0,12.56,9.98,8.5,1.5,31,35,False,-4.46,5.1,True,-5.41,2.0,False,4,炸板,False,2023-10,2023,,,,,,二接三阴
603407.SSE,长裕集团,2026-06-23,二接三,2,阴,2026-06-18,-1.62,-43.9,29.4,,-16.2,2.0,2,2,06-18,一字,10.0,0.0,6.6,06-22,一字,10.0,0.0,1.4,一字+10→一字+10,82.32,9.99,30.2,1.7,87,122,True,-3.39,10.0,True,11.6,2.0,False,4,连板,False,2026-06,2026,,,,,,二接三阴
603407.SSE,长裕集团,2026-06-24,三接四,3,阴,2026-06-18,-1.62,-43.9,29.4,,-16.2,2.0,2,2,06-18,一字,10.0,0.0,6.6,06-22,一字,10.0,0.0,1.4,一字+10→一字+10→下影+10,90.55,-3.39,24.1,1.26,87,87,True,4.66,1.46,False,1.46,1.0,False,4,封次日正,False,2026-06,2026,06-23,下影,10.0,3.3,30.2,三接四阴
603421.SSE,鼎信通讯,2024-09-12,二接三,2,阳,2024-09-10,-0.48,-16.6,6.7,++-,0.2,,0,0,09-10,下影,0.5,1.2,1.8,09-11,下影,6.6,1.8,2.2,下影+0→下影+7,5.49,10.02,12.2,3.42,26,19,False,-18.4,-8.2,False,-8.2,1.0,False,2,炸板,True,2024-09,2024,,,,,,二接三阳
603421.SSE,鼎信通讯,2024-12-20,二接三,2,阴,2024-12-18,-4.13,-17.0,30.8,++-,6.7,63.0,0,2,12-18,下影,0.6,2.6,2.7,12-19,下影,0.4,1.0,5.5,下影+1→下影+0,8.66,5.34,11.8,2.53,68,50,True,3.7,10.05,True,8.89,3.0,False,5,连板,False,2024-12,2024,,,,,,二接三阴
603421.SSE,鼎信通讯,2024-12-23,三接四,3,阴,2024-12-18,-4.13,-17.0,30.8,++-,6.7,63.0,0,2,12-18,下影,0.6,2.6,2.7,12-19,下影,0.4,1.0,5.5,下影+1→下影+0→下影+5,9.53,3.7,8.5,1.4,26,68,True,9.97,9.97,True,-1.05,2.0,False,5,连板,False,2024-12,2024,12-20,下影,5.3,3.0,11.8,三接四阴
603458.SSE,勘设股份,2024-08-13,二接三,2,阴,2024-08-09,-1.5,-17.4,20.2,-++,12.0,12.0,2,2,08-09,实体,-0.4,0.0,4.9,08-12,下影,7.8,10.1,12.5,实体-0→下影+8,6.97,-2.05,16.5,2.15,25,23,True,10.04,10.04,True,3.73,2.0,False,4,连板,False,2024-08,2024,,,,,,二接三阴
603458.SSE,勘设股份,2024-08-14,三接四,3,阴,2024-08-09,-1.5,-17.4,20.2,-++,12.0,12.0,2,2,08-09,实体,-0.4,0.0,4.9,08-12,下影,7.8,10.1,12.5,实体-0→下影+8→下影-2,7.67,10.04,5.8,0.7,25,25,True,-5.74,-5.74,False,-5.74,1.0,False,4,封次日负,True,2024-08,2024,08-13,下影,-2.1,0.5,16.5,三接四阴
603459.SSE,红板科技,2026-05-12,三接四,3,阳,2026-05-07,8.5,,,,,,0,0,05-07,实体,-1.7,0.0,42.2,05-08,下影,1.8,0.7,23.4,实体-2→下影+2→一字+10,98.08,10.0,56.6,1.76,50,76,False,-7.86,-3.44,False,-3.44,1.0,False,3,炸板,True,2026-05,2026,05-11,一字,10.0,0.0,3.3,三接四阳
603466.SSE,风语筑,2024-12-10,三接四,3,阴,2024-12-05,-4.43,-6.8,39.0,+++,1.9,,0,0,12-05,下影,1.7,0.9,2.9,12-06,一字,10.0,0.0,1.1,下影+2→一字+10→一字+10,13.28,4.39,29.9,3.82,82,83,False,-10.69,-12.27,False,-12.27,1.0,False,3,炸板,True,2024-12,2024,12-09,一字,10.0,0.0,1.2,三接四阴
603466.SSE,风语筑,2026-02-11,二接三,2,阳,2026-02-09,0.0,-19.7,3.8,--+,-12.8,285.0,0,0,02-09,一字,10.1,0.0,3.7,02-10,下影,9.4,2.9,8.3,一字+10→下影+9,12.06,8.03,32.5,3.27,46,48,False,-8.71,-11.94,False,-11.94,1.0,False,2,炸板,True,2026-02,2026,,,,,,二接三阳
603488.SSE,展鹏科技,2024-04-24,二接三,2,阴,2024-04-22,-2.23,-24.0,31.9,---,-20.3,99.0,0,4,04-22,下影,3.8,0.8,0.8,04-23,一字,10.0,0.0,0.7,下影+4→一字+10,10.51,10.05,12.6,3.76,31,36,False,-20.08,-18.46,False,-18.46,1.0,False,2,炸板,True,2024-04,2024,,,,,,二接三阴
603488.SSE,展鹏科技,2026-01-09,二接三,2,阳,2026-01-07,1.15,-8.9,9.3,++-,-2.9,263.0,0,0,01-07,下影,0.6,0.5,11.6,01-08,下影,-2.2,2.2,14.7,下影+1→下影-2,10.53,9.93,20.3,2.03,79,77,False,-11.21,1.33,True,10.16,3.0,False,5,炸板,False,2026-01,2026,,,,,,二接三阳
603496.SSE,恒为科技,2023-10-09,二接三,2,阴,2023-09-27,4.06,-4.0,49.1,++-,29.8,2.0,2,2,09-27,下影,-3.2,2.8,16.5,09-28,下影,9.5,0.4,4.1,下影-3→下影+9,32.71,9.99,6.0,0.53,41,32,True,3.94,-3.06,False,-3.06,1.0,False,3,封次日负,True,2023-10,2023,,,,,,二接三阴
603496.SSE,恒为科技,2023-11-16,二接三,2,阳,2023-11-14,4.49,-25.2,82.1,+-+,-22.1,26.0,3,3,11-14,下影,0.8,1.2,17.2,11-15,一字,10.0,0.0,1.9,下影+1→一字+10,42.78,5.66,13.7,1.0,25,46,True,-0.65,5.1,False,5.1,1.0,False,3,封次日正,False,2023-11,2023,,,,,,二接三阳
603496.SSE,恒为科技,2025-02-28,二接三,2,阳,2025-02-26,-3.15,-7.6,33.1,+++,27.6,94.0,0,2,02-26,下影,3.4,1.2,16.3,02-27,下影,5.8,4.8,32.9,下影+3→下影+6,38.1,9.35,38.3,1.7,32,66,True,4.99,10.0,True,-1.0,2.0,False,4,连板,False,2025-02,2025,,,,,,二接三阳
603496.SSE,恒为科技,2025-03-03,三接四,3,阳,2025-02-26,-3.15,-7.6,33.1,+++,27.6,94.0,0,2,02-26,下影,3.4,1.2,16.3,02-27,下影,5.8,4.8,32.9,下影+3→下影+6→下影+9,41.91,4.99,43.5,1.54,51,32,True,-5.75,-10.0,False,-10.0,1.0,False,4,封次日负,True,2025-03,2025,02-28,下影,9.4,11.3,38.3,三接四阳
603496.SSE,恒为科技,2026-01-13,二接三,2,阳,2026-01-09,5.54,-4.1,15.5,++-,3.7,202.0,0,0,01-09,下影,-0.4,1.2,14.6,01-12,一字,10.0,0.0,1.9,下影-0→一字+10,39.04,10.0,29.8,2.51,52,124,False,-3.94,-1.38,False,-1.38,1.0,False,2,炸板,True,2026-01,2026,,,,,,二接三阳
603499.SSE,翔港科技,2023-11-23,二接三,2,阳,2023-11-21,1.02,-0.4,16.0,+++,15.2,,0,0,11-21,实体,0.3,0.1,2.8,11-22,下影,10.0,2.0,2.6,实体+0→下影+10,13.15,4.52,13.6,3.33,32,44,False,-11.86,-11.86,False,-11.86,1.0,False,2,炸板,True,2023-11,2023,,,,,,二接三阳
603499.SSE,翔港科技,2024-02-21,二接三,2,阳,2024-02-19,1.06,-39.1,12.3,--+,-25.6,56.0,2,2,02-19,实体,2.2,0.0,3.4,02-20,实体,2.4,0.0,4.4,实体+2→实体+2,11.4,-0.48,4.4,1.0,93,80,False,-4.39,0.53,False,0.53,1.0,False,2,炸板,False,2024-02,2024,,,,,,二接三阳
603499.SSE,翔港科技,2024-03-26,三接四,3,阳,2024-03-21,0.38,-4.3,140.0,+++,67.8,22.0,2,2,03-21,下影,10.0,6.3,3.8,03-22,下影,10.0,1.7,1.8,下影+10→下影+10→一字+10,26.77,4.77,11.5,2.59,50,36,True,-10.01,-10.01,False,-10.01,1.0,False,4,封次日负,True,2024-03,2024,03-25,一字,10.0,0.0,1.0,三接四阳
603500.SSE,祥和实业,2026-06-08,二接三,2,阴,2026-06-04,-2.13,-16.2,3.1,++-,-3.5,338.0,0,0,06-04,实体,8.5,0.0,3.8,06-05,一字,10.0,0.0,1.6,实体+9→一字+10,13.45,6.3,16.9,2.93,45,63,True,-3.27,-0.59,False,-0.59,1.0,False,3,封次日负,True,2026-06,2026,,,,,,二接三阴
603506.SSE,南都物业,2024-05-13,二接三,2,阴,2024-05-09,-7.01,-7.0,40.3,++-,1.4,,0,0,05-09,下影,2.4,1.4,8.9,05-10,实体,1.9,0.3,14.2,下影+2→实体+2,12.2,10.01,14.8,1.39,24,29,True,-5.74,-10.0,False,-10.0,1.0,False,3,封次日负,True,2024-05,2024,,,,,,二接三阴
603508.SSE,思维列控,2024-03-11,二接三,2,阳,2024-03-07,4.34,-1.3,70.1,+++,33.5,3.0,2,2,03-07,下影,3.5,1.6,6.2,03-08,下影,-4.2,4.0,8.9,下影+3→下影-4,23.99,2.38,9.2,1.28,69,52,False,-6.25,-9.96,False,-9.96,1.0,False,2,炸板,True,2024-03,2024,,,,,,二接三阳
603511.SSE,爱慕股份,2025-01-16,二接三,2,阳,2025-01-14,-0.26,-31.1,2.1,---,-23.4,27.0,2,2,01-14,一字,10.0,0.0,0.2,01-15,一字,10.0,0.0,0.3,一字+10→一字+10,15.14,10.03,3.5,3.81,59,54,True,-0.92,9.97,True,8.92,3.0,False,5,连板,False,2025-01,2025,,,,,,二接三阳
603511.SSE,爱慕股份,2025-01-17,三接四,3,阳,2025-01-14,-0.26,-31.1,2.1,---,-23.4,27.0,2,2,01-14,一字,10.0,0.0,0.2,01-15,一字,10.0,0.0,0.3,一字+10→一字+10→下影+10,16.65,-0.92,5.0,2.75,47,59,True,7.51,10.03,True,-0.96,2.0,False,5,连板,False,2025-01,2025,01-16,下影,10.0,0.9,3.5,三接四阳
603516.SSE,淳中科技,2024-02-21,三接四,3,阴,2024-02-08,-6.11,-52.8,5.5,---,-39.7,,0,0,02-08,下影,1.6,11.6,4.8,02-19,一字,10.0,0.0,0.7,下影+2→一字+10→一字+10,17.56,10.03,11.0,2.34,93,80,False,-3.19,6.44,True,26.42,3.0,False,6,炸板,False,2024-02,2024,02-20,一字,10.0,0.0,0.8,三接四阴
603516.SSE,淳中科技,2024-02-26,二接三,2,阴,2024-02-22,6.45,-33.1,57.5,+--,-14.1,2.0,3,3,02-22,实体,0.1,0.0,7.9,02-23,下影,10.0,8.8,6.2,实体+0→下影+10,22.62,0.0,12.7,1.64,72,79,False,-2.3,7.96,True,-1.11,2.0,False,4,炸板,False,2024-02,2024,,,,,,二接三阴
603516.SSE,淳中科技,2024-03-12,二接三,2,阴,2024-03-08,-3.76,-11.3,120.8,+++,58.0,10.0,3,3,03-08,下影,0.8,2.9,7.6,03-11,下影,1.6,1.8,3.9,下影+1→下影+2,31.7,7.98,22.8,2.28,57,69,False,-5.36,-2.59,False,-2.59,1.0,False,2,炸板,True,2024-03,2024,,,,,,二接三阴
603516.SSE,淳中科技,2025-09-11,二接三,2,阳,2025-09-09,4.44,-18.7,210.1,--+,8.0,27.0,2,2,09-09,实体,0.3,0.0,4.4,09-10,下影,5.9,0.4,5.7,实体+0→下影+6,137.09,3.74,7.3,1.24,74,44,True,2.12,10.0,True,2.12,2.0,False,4,连板,False,2025-09,2025,,,,,,二接三阳
603516.SSE,淳中科技,2025-09-12,三接四,3,阳,2025-09-09,4.44,-18.7,210.1,--+,8.0,27.0,2,2,09-09,实体,0.3,0.0,4.4,09-10,下影,5.9,0.4,5.7,实体+0→下影+6→下影+4,150.8,2.12,5.7,0.95,57,74,True,4.77,-7.16,False,-7.16,1.0,False,4,封次日负,True,2025-09,2025,09-11,下影,3.7,3.4,7.3,三接四阳
603518.SSE,锦泓集团,2025-05-29,二接三,2,阳,2025-05-27,1.48,-18.2,8.3,-+-,-1.2,,0,0,05-27,实体,3.0,0.0,4.0,05-28,下影,8.9,3.0,19.1,实体+3→下影+9,10.99,1.9,30.4,2.44,80,49,True,0.0,-5.37,False,-5.37,1.0,False,3,封次日负,True,2025-05,2025,,,,,,二接三阳
603527.SSE,众源新材,2024-11-22,三接四,3,阴,2024-11-19,-2.88,-11.6,32.0,+++,3.2,153.0,0,0,11-19,实体,0.2,0.2,13.3,11-20,一字,10.0,0.0,2.0,实体+0→一字+10→一字+10,12.33,9.99,25.2,2.77,60,88,True,7.62,9.98,True,-1.05,2.0,False,5,连板,False,2024-11,2024,11-21,一字,10.0,0.0,0.9,三接四阴
603528.SSE,多伦科技,2023-11-16,三接四,3,阴,2023-11-13,0.46,-5.3,26.8,+++,11.8,,0,0,11-13,下影,0.6,0.3,6.3,11-14,一字,10.0,0.0,2.7,下影+1→一字+10→一字+10,12.67,5.03,20.0,3.11,25,46,True,-10.02,10.02,True,1.89,2.0,False,5,连板,False,2023-11,2023,11-15,一字,10.0,0.0,0.4,三接四阴
603530.SSE,神马电力,2024-01-02,三接四,3,阴,2023-12-27,-1.64,-6.0,19.5,--+,-2.6,,0,0,12-27,实体,0.4,0.0,2.3,12-28,实体,5.0,0.0,1.4,实体+0→实体+5→一字+10,22.81,7.14,7.8,3.09,48,54,True,5.17,10.0,True,-1.01,2.0,False,5,连板,False,2024-01,2024,12-29,一字,10.0,0.0,0.7,三接四阴
603533.SSE,掌阅科技,2023-05-05,二接三,2,阳,2023-04-28,0.58,-21.0,4.9,,-9.7,,0,0,04-28,实体,0.1,0.0,4.8,05-04,实体,4.3,0.1,3.9,实体+0→实体+4,30.16,5.0,8.5,1.77,31,76,True,4.44,7.13,False,7.13,1.0,False,3,封次日正,False,2023-05,2023,,,,,,二接三阳
603533.SSE,掌阅科技,2023-05-08,三接四,3,阳,2023-04-28,0.58,-21.0,4.9,,-9.7,,0,0,04-28,实体,0.1,0.0,4.8,05-04,实体,4.3,0.1,3.9,实体+0→实体+4→下影+5,33.18,4.44,13.4,1.98,48,31,False,-3.56,-9.89,False,-9.89,1.0,False,3,炸板,True,2023-05,2023,05-05,下影,5.0,5.8,8.5,三接四阳
603533.SSE,掌阅科技,2024-03-13,二接三,2,阳,2024-03-11,4.0,-25.4,55.0,+++,20.9,14.0,2,2,03-11,下影,-0.8,0.5,7.1,03-12,下影,2.7,0.6,12.1,下影-1→下影+3,24.9,3.93,12.0,1.44,51,57,True,0.16,-6.87,False,-6.87,1.0,False,3,封次日负,True,2024-03,2024,,,,,,二接三阳
603533.SSE,掌阅科技,2024-03-22,二接三,2,阴,2024-03-20,1.71,-7.5,102.2,+++,42.4,5.0,3,3,03-20,下影,6.1,1.8,7.6,03-21,一字,10.0,0.0,1.1,下影+6→一字+10,32.49,6.64,6.2,0.75,44,56,True,10.0,-5.97,False,-5.97,1.0,False,3,封次日负,True,2024-03,2024,,,,,,二接三阴
603533.SSE,掌阅科技,2024-03-25,三接四,3,阴,2024-03-20,1.71,-7.5,102.2,+++,42.4,5.0,3,3,03-20,下影,6.1,1.8,7.6,03-21,一字,10.0,0.0,1.1,下影+6→一字+10→下影+7,35.74,10.0,23.8,2.28,36,44,False,-16.06,-22.36,False,-22.36,1.0,False,3,炸板,True,2024-03,2024,03-22,下影,6.6,1.7,6.2,三接四阴
603536.SSE,惠发食品,2023-08-03,二接三,2,阳,2023-08-01,3.26,-0.5,20.9,+++,9.6,,0,0,08-01,下影,3.4,0.4,2.9,08-02,下影,3.5,4.4,10.6,下影+3→下影+3,9.69,8.51,4.6,1.1,17,20,True,10.01,-2.06,False,-2.06,1.0,False,3,封次日负,True,2023-08,2023,,,,,,二接三阳
603536.SSE,惠发食品,2023-08-04,三接四,3,阳,2023-08-01,3.26,-0.5,20.9,+++,9.6,,0,0,08-01,下影,3.4,0.4,2.9,08-02,下影,3.5,4.4,10.6,下影+3→下影+3→下影+9,10.66,10.01,21.1,2.58,13,17,False,-14.54,-19.89,False,-19.89,1.0,False,3,炸板,True,2023-08,2023,08-03,下影,8.5,2.8,4.6,三接四阳
603536.SSE,惠发食品,2023-11-28,二接三,2,阳,2023-11-24,0.0,-6.3,15.8,+++,9.5,75.0,0,3,11-24,下影,0.9,0.8,2.8,11-27,一字,10.0,0.0,1.8,下影+1→一字+10,11.41,4.15,12.2,3.23,34,28,True,5.17,9.99,True,44.96,6.0,False,8,连板,False,2023-11,2023,,,,,,二接三阳
603536.SSE,惠发食品,2023-11-29,三接四,3,阳,2023-11-24,0.0,-6.3,15.8,+++,9.5,75.0,0,3,11-24,下影,0.9,0.8,2.8,11-27,一字,10.0,0.0,1.8,下影+1→一字+10→下影+4,12.55,5.17,9.0,1.69,25,34,True,-6.77,10.04,True,31.79,5.0,False,8,连板,False,2023-11,2023,11-28,下影,4.1,6.2,12.2,三接四阳
603536.SSE,惠发食品,2024-12-11,二接三,2,阳,2024-12-09,1.86,-12.5,55.4,+++,1.5,244.0,0,0,12-09,下影,-0.2,1.9,11.6,12-10,一字,10.0,0.0,1.4,下影-0→一字+10,14.55,0.68,16.7,1.82,119,82,True,4.4,10.03,True,15.46,3.0,False,5,连板,False,2024-12,2024,,,,,,二接三阳
603536.SSE,惠发食品,2024-12-12,三接四,3,阳,2024-12-09,1.86,-12.5,55.4,+++,1.5,244.0,0,0,12-09,下影,-0.2,1.9,11.6,12-10,一字,10.0,0.0,1.4,下影-0→一字+10→下影+1,16.01,4.4,7.8,0.85,119,119,True,9.99,9.99,True,4.93,2.0,False,5,连板,False,2024-12,2024,12-11,下影,0.7,2.3,16.7,三接四阳
603538.SSE,美诺华,2026-03-26,二接三,2,阴,2026-03-24,-3.88,-9.1,39.4,+++,26.3,147.0,0,0,03-24,下影,3.5,1.3,8.7,03-25,下影,7.2,1.6,13.5,下影+4→下影+7,35.62,3.98,13.3,0.93,36,78,True,6.51,9.99,True,14.82,3.0,False,5,连板,False,2026-03,2026,,,,,,二接三阴
603538.SSE,美诺华,2026-03-27,三接四,3,阴,2026-03-24,-3.88,-9.1,39.4,+++,26.3,147.0,0,0,03-24,下影,3.5,1.3,8.7,03-25,下影,7.2,1.6,13.5,下影+4→下影+7→实体+4,39.18,6.51,9.8,0.73,72,36,True,10.01,10.01,True,4.39,2.0,False,5,连板,False,2026-03,2026,03-26,实体,4.0,0.0,13.3,三接四阴
603569.SSE,长久物流,2023-08-18,二接三,2,阴,2023-08-16,-2.6,-5.5,52.6,+++,23.0,,0,0,08-16,下影,-0.7,0.7,6.2,08-17,下影,0.0,3.0,7.1,下影-1→下影+0,17.92,-2.15,10.8,1.63,16,25,False,-11.27,-16.29,False,-16.29,1.0,False,2,炸板,True,2023-08,2023,,,,,,二接三阴
603577.SSE,汇金通,2024-01-02,二接三,2,阳,2023-12-28,2.02,-10.8,2.6,---,-9.7,,0,0,12-28,实体,-0.5,0.0,1.9,12-29,实体,8.1,0.2,2.4,实体-0→实体+8,11.44,9.62,13.3,3.4,48,54,True,9.62,9.97,True,5.33,2.0,False,4,连板,False,2024-01,2024,,,,,,二接三阳
603577.SSE,汇金通,2024-01-03,三接四,3,阳,2023-12-28,2.02,-10.8,2.6,---,-9.7,,0,0,12-28,实体,-0.5,0.0,1.9,12-29,实体,8.1,0.2,2.4,实体-0→实体+8→下影+10,12.58,9.62,3.8,0.87,33,48,True,-1.43,-4.21,False,-4.21,1.0,False,4,封次日负,True,2024-01,2024,01-02,下影,9.6,6.5,13.3,三接四阳
603577.SSE,汇金通,2025-05-28,二接三,2,阳,2025-05-26,1.8,-12.0,26.5,+++,3.8,333.0,0,0,05-26,下影,-0.1,0.7,6.4,05-27,一字,10.1,0.0,1.0,下影-0→一字+10,11.32,10.01,20.4,3.09,49,51,True,-5.57,4.24,False,4.24,1.0,False,3,封次日正,False,2025-05,2025,,,,,,二接三阳
603577.SSE,汇金通,2025-05-29,三接四,3,阳,2025-05-26,1.8,-12.0,26.5,+++,3.8,333.0,0,0,05-26,下影,-0.1,0.7,6.4,05-27,一字,10.1,0.0,1.0,下影-0→一字+10→下影+10,12.45,-5.57,25.6,2.25,80,49,False,-9.88,-7.71,False,-7.71,1.0,False,3,炸板,True,2025-05,2025,05-28,下影,10.0,7.9,20.4,三接四阳
603579.SSE,荣泰健康,2025-03-28,二接三,2,阴,2025-03-26,-4.82,-8.7,43.5,+++,14.2,227.0,0,0,03-26,下影,0.2,1.6,6.6,03-27,下影,1.2,0.9,8.3,下影+0→下影+1,24.71,-0.98,5.1,0.9,29,41,True,10.0,10.0,True,6.39,2.0,False,4,连板,False,2025-03,2025,,,,,,二接三阴
603579.SSE,荣泰健康,2025-03-31,三接四,3,阴,2025-03-26,-4.82,-8.7,43.5,+++,14.2,227.0,0,0,03-26,下影,0.2,1.6,6.6,03-27,下影,1.2,0.9,8.3,下影+0→下影+1→下影-1,27.18,10.0,5.7,0.98,27,29,True,6.7,-3.27,False,-3.27,1.0,False,4,封次日负,True,2025-03,2025,03-28,下影,-1.0,1.8,5.1,三接四阴
603580.SSE,艾艾精工,2024-03-07,二接三,2,阴,2024-03-05,-2.17,-40.3,40.6,+--,-30.3,207.0,0,0,03-05,下影,-0.5,0.7,3.0,03-06,下影,5.6,1.0,6.6,下影-1→下影+6,12.58,9.97,13.0,2.2,44,63,True,5.96,10.02,True,138.55,11.0,False,13,连板,False,2024-03,2024,,,,,,二接三阴
603580.SSE,艾艾精工,2024-03-08,三接四,3,阴,2024-03-05,-2.17,-40.3,40.6,+--,-30.3,207.0,0,0,03-05,下影,-0.5,0.7,3.0,03-06,下影,5.6,1.0,6.6,下影-1→下影+6→下影+10,13.84,5.96,4.4,0.73,52,44,True,-9.97,9.97,True,116.84,10.0,False,13,连板,False,2024-03,2024,03-07,下影,10.0,14.0,13.0,三接四阴
603580.SSE,艾艾精工,2024-05-07,二接三,2,阳,2024-04-30,2.59,-35.2,218.5,+--,-26.9,26.0,13,13,04-30,下影,2.6,7.2,12.5,05-06,实体,0.6,0.0,17.2,下影+3→实体+1,28.48,2.74,14.5,1.23,41,73,True,-0.63,-6.14,False,-6.14,1.0,False,3,封次日负,True,2024-05,2024,,,,,,二接三阳
603580.SSE,艾艾精工,2026-07-06,二接三,2,阴,2026-07-02,2.13,-11.4,54.5,-+-,2.5,521.0,0,0,07-02,下影,-0.4,4.6,2.4,07-03,下影,2.2,1.1,5.4,下影-0→下影+2,33.14,-0.27,10.3,2.3,60,92,False,1.84,1.84,True,22.0,5.0,False,7,炸板,False,2026-07,2026,,,,,,二接三阴
603583.SSE,捷昌驱动,2024-12-03,二接三,2,阴,2024-11-29,-1.11,-14.1,40.1,-++,5.2,,0,0,11-29,下影,-0.3,0.3,6.4,12-02,实体,4.9,0.0,8.2,下影-0→实体+5,27.34,5.03,18.1,2.48,92,132,True,-1.87,-3.84,False,-3.84,1.0,False,3,封次日负,True,2024-12,2024,,,,,,二接三阴
603583.SSE,捷昌驱动,2025-03-06,二接三,2,阳,2025-03-04,-2.05,-19.0,85.3,+++,32.4,58.0,3,3,03-04,下影,-1.0,0.4,5.3,03-05,下影,3.3,1.6,4.9,下影-1→下影+3,50.33,4.98,5.0,0.92,87,55,True,0.14,-1.29,False,-1.29,1.0,False,3,封次日负,True,2025-03,2025,,,,,,二接三阳
603585.SSE,苏利股份,2025-12-19,二接三,2,阴,2025-12-17,-1.87,-18.0,0.7,---,-11.5,125.0,0,0,12-17,下影,1.1,0.5,3.2,12-18,下影,10.0,4.6,7.8,下影+1→下影+10,22.4,2.16,15.3,2.76,65,52,True,-4.42,-10.0,False,-10.0,1.0,False,3,封次日负,True,2025-12,2025,,,,,,二接三阴
603586.SSE,金麒麟,2023-11-22,二接三,2,阳,2023-11-20,1.2,-8.5,20.4,+++,15.5,,0,0,11-20,下影,-0.6,1.2,6.8,11-21,一字,10.0,0.0,2.8,下影-1→一字+10,21.38,9.98,17.4,2.38,44,45,True,-4.77,-10.01,False,-10.01,1.0,False,3,封次日负,True,2023-11,2023,,,,,,二接三阳
603586.SSE,金麒麟,2024-06-24,二接三,2,阴,2024-06-20,-0.7,-27.0,2.8,---,-9.3,138.0,0,0,06-20,下影,0.0,2.1,4.7,06-21,下影,5.1,2.9,11.8,下影+0→下影+5,15.05,10.01,10.4,1.86,15,17,True,10.03,10.03,True,8.97,3.0,False,5,连板,False,2024-06,2024,,,,,,二接三阴
603586.SSE,金麒麟,2024-06-25,三接四,3,阴,2024-06-20,-0.7,-27.0,2.8,---,-9.3,138.0,0,0,06-20,下影,0.0,2.1,4.7,06-21,下影,5.1,2.9,11.8,下影+0→下影+5→下影+10,16.56,10.03,8.0,1.13,43,15,True,10.02,10.02,True,-0.97,2.0,False,5,连板,False,2024-06,2024,06-24,下影,10.0,3.6,10.4,三接四阴
603586.SSE,金麒麟,2025-05-07,二接三,2,阴,2025-04-30,2.81,-4.6,37.4,++-,4.8,99.0,0,2,04-30,实体,0.7,0.2,10.2,05-06,下影,10.0,2.4,3.6,实体+1→下影+10,20.45,10.01,21.9,2.32,50,79,False,-13.99,-16.58,False,-16.58,1.0,False,2,炸板,True,2025-05,2025,,,,,,二接三阴
603596.SSE,伯特利,2025-02-07,二接三,2,阳,2025-02-05,0.29,-16.0,9.3,-+-,0.1,,0,0,02-05,下影,0.2,0.8,2.8,02-06,实体,1.5,0.0,4.1,下影+0→实体+2,60.84,9.56,6.5,2.12,63,71,False,-3.02,-2.66,False,-2.66,1.0,False,2,炸板,True,2025-02,2025,,,,,,二接三阳
603598.SSE,引力传媒,2023-11-20,二接三,2,阴,2023-11-16,-2.74,-9.8,26.7,+++,22.9,127.0,0,0,11-16,实体,-2.0,0.0,13.9,11-17,下影,9.1,9.8,21.6,实体-2→下影+9,14.64,0.3,10.2,0.8,50,38,True,8.81,9.97,True,19.74,4.0,False,6,连板,False,2023-11,2023,,,,,,二接三阴
603598.SSE,引力传媒,2023-11-21,三接四,3,阴,2023-11-16,-2.74,-9.8,26.7,+++,22.9,127.0,0,0,11-16,实体,-2.0,0.0,13.9,11-17,下影,9.1,9.8,21.6,实体-2→下影+9→下影+0,16.1,8.81,5.4,0.45,45,50,True,10.0,10.0,True,8.88,3.0,False,6,连板,False,2023-11,2023,11-20,下影,0.3,1.4,10.2,三接四阴
603598.SSE,引力传媒,2023-12-11,二接三,2,阳,2023-12-07,-8.61,-26.7,80.9,+++,36.2,3.0,6,6,12-07,实体,-5.4,0.2,29.5,12-08,下影,-4.5,5.3,32.4,实体-5→下影-4,20.9,0.0,34.9,1.08,33,27,False,-1.91,-3.4,False,-3.4,1.0,False,2,炸板,True,2023-12,2023,,,,,,二接三阳
603598.SSE,引力传媒,2023-12-15,二接三,2,阴,2023-12-13,0.55,-5.8,132.6,+++,78.5,3.0,6,6,12-13,下影,-2.9,1.7,17.7,12-14,实体,3.5,0.2,9.0,下影-3→实体+4,26.87,2.87,28.2,1.18,42,34,True,2.94,1.49,False,1.49,1.0,False,3,封次日正,False,2023-12,2023,,,,,,二接三阴
603598.SSE,引力传媒,2024-12-13,二接三,2,阳,2024-12-11,6.52,-3.2,64.5,+++,14.7,198.0,0,0,12-11,下影,4.8,0.3,9.9,12-12,下影,10.0,4.1,18.0,下影+5→下影+10,24.12,-2.87,34.1,1.71,84,119,False,-10.03,2.4,True,-7.84,2.0,False,4,炸板,False,2024-12,2024,,,,,,二接三阳
603598.SSE,引力传媒,2025-01-16,二接三,2,阳,2025-01-14,-2.02,-44.6,10.9,---,-32.9,22.0,2,2,01-14,一字,10.0,0.0,1.6,01-15,一字,10.0,0.0,1.0,一字+10→一字+10,20.05,9.98,22.1,3.03,59,54,True,-5.59,-9.98,False,-9.98,1.0,False,3,封次日负,True,2025-01,2025,,,,,,二接三阳
603598.SSE,引力传媒,2026-01-07,二接三,2,阳,2026-01-05,3.47,-15.8,10.0,---,-7.4,233.0,0,0,01-05,实体,0.6,0.0,17.4,01-06,下影,0.3,0.4,18.9,实体+1→下影+0,22.62,0.49,8.4,0.7,63,96,True,0.0,4.2,False,4.2,1.0,False,3,封次日正,False,2026-01,2026,,,,,,二接三阳
603598.SSE,引力传媒,2026-01-08,三接四,3,阳,2026-01-05,3.47,-15.8,10.0,---,-7.4,233.0,0,0,01-05,实体,0.6,0.0,17.4,01-06,下影,0.3,0.4,18.9,实体+1→下影+0→实体+0,24.88,0.0,32.4,1.88,77,63,False,-3.38,4.22,True,30.23,4.0,False,7,炸板,False,2026-01,2026,01-07,实体,0.5,0.2,8.4,三接四阳
603598.SSE,引力传媒,2026-01-13,二接三,2,阳,2026-01-09,4.2,-5.3,52.6,++-,24.3,2.0,3,3,01-09,实体,2.0,0.0,6.9,01-12,一字,10.0,0.0,0.6,实体+2→一字+10,31.37,9.99,9.6,0.83,52,124,True,-3.67,3.28,False,3.28,1.0,False,3,封次日正,False,2026-01,2026,,,,,,二接三阳
603601.SSE,再升科技,2025-07-02,二接三,2,阴,2025-06-30,0.27,-2.9,30.4,+-+,-0.8,308.0,0,0,06-30,实体,2.4,0.0,2.1,07-01,一字,10.1,0.0,1.8,实体+2→一字+10,4.92,10.07,13.6,3.46,51,49,True,0.0,-6.5,False,-6.5,1.0,False,3,封次日负,True,2025-07,2025,,,,,,二接三阴
603601.SSE,再升科技,2025-12-11,三接四,3,阳,2025-12-08,2.95,-6.8,18.3,+++,4.4,74.0,0,3,12-08,一字,9.9,0.0,3.0,12-09,下影,10.1,3.8,10.9,一字+10→下影+10→一字+10,7.66,10.06,8.6,1.47,27,50,True,4.44,10.05,True,21.8,3.0,False,6,连板,False,2025-12,2025,12-10,一字,10.0,0.0,3.0,三接四阳
603601.SSE,再升科技,2025-12-26,二接三,2,阴,2025-12-24,-7.98,-15.6,126.9,+++,113.9,7.0,6,6,12-24,实体,-4.3,0.0,21.1,12-25,下影,10.0,1.4,8.2,实体-4→下影+10,13.34,7.17,43.0,1.54,69,72,True,-9.67,-5.1,False,-5.1,1.0,False,3,封次日负,True,2025-12,2025,,,,,,二接三阴
603607.SSE,京华激光,2023-09-14,二接三,2,阴,2023-09-12,-7.87,-12.6,19.1,+++,10.6,,0,0,09-12,下影,-1.8,2.0,8.4,09-13,下影,3.6,0.7,6.6,下影-2→下影+4,21.97,6.16,27.7,2.07,20,16,False,-15.34,-0.05,True,-10.06,2.0,False,4,炸板,True,2023-09,2023,,,,,,二接三阴
603607.SSE,京华激光,2025-05-26,二接三,2,阴,2025-05-22,-3.91,-3.9,52.2,+++,27.1,200.0,0,0,05-22,实体,-1.7,0.0,20.7,05-23,下影,-3.6,0.6,22.6,实体-2→下影-4,29.13,-1.85,20.2,1.11,46,34,True,9.92,9.99,True,15.0,2.0,False,4,连板,False,2025-05,2025,,,,,,二接三阴
603607.SSE,京华激光,2025-05-27,三接四,3,阴,2025-05-22,-3.91,-3.9,52.2,+++,27.1,200.0,0,0,05-22,实体,-1.7,0.0,20.7,05-23,下影,-3.6,0.6,22.6,实体-2→下影-4→下影-2,32.04,9.92,10.7,0.6,51,46,True,-0.09,4.56,False,4.56,1.0,False,4,封次日正,False,2025-05,2025,05-26,下影,-1.9,3.9,20.2,三接四阴
603608.SSE,天创时尚,2026-01-05,二接三,2,阴,2025-12-30,2.16,-7.4,23.9,+++,20.7,625.0,0,0,12-30,下影,7.5,7.6,16.6,12-31,一字,10.0,0.0,2.6,下影+8→一字+10,11.33,10.0,24.6,1.58,74,49,False,-10.24,-15.8,False,-15.8,1.0,False,2,炸板,True,2026-01,2026,,,,,,二接三阴
603610.SSE,麒盛科技,2025-05-09,三接四,3,阳,2025-05-06,1.68,-23.6,21.1,+--,-13.9,87.0,0,2,05-06,实体,0.2,0.0,2.2,05-07,下影,10.0,6.6,11.4,实体+0→下影+10→一字+10,15.04,-4.02,24.6,2.55,27,51,True,-0.93,-6.32,False,-6.32,1.0,False,4,封次日负,True,2025-05,2025,05-08,一字,10.0,0.0,9.2,三接四阳
603616.SSE,韩建河山,2025-07-23,二接三,2,阴,2025-07-21,-0.66,-18.3,44.6,-++,1.1,192.0,0,0,07-21,下影,6.9,0.4,8.8,07-22,下影,5.0,6.2,14.2,下影+7→下影+5,6.01,10.07,22.8,2.13,43,82,True,-2.5,9.98,True,-1.0,2.0,False,4,连板,False,2025-07,2025,,,,,,二接三阴
603616.SSE,韩建河山,2025-07-24,三接四,3,阴,2025-07-21,-0.66,-18.3,44.6,-++,1.1,192.0,0,0,07-21,下影,6.9,0.4,8.8,07-22,下影,5.0,6.2,14.2,下影+7→下影+5→下影+10,6.61,-2.5,22.2,1.56,61,43,True,-0.91,-9.98,False,-9.98,1.0,False,4,封次日负,True,2025-07,2025,07-23,下影,10.1,4.6,22.8,三接四阴
603616.SSE,韩建河山,2026-02-06,三接四,3,阳,2026-01-20,1.8,-14.5,13.9,+++,11.4,120.0,0,4,01-20,下影,1.6,0.4,9.0,02-04,一字,10.0,0.0,0.8,下影+2→一字+10→一字+10,8.29,9.95,16.9,2.67,48,37,True,2.53,10.01,True,0.84,2.0,False,5,连板,False,2026-02,2026,02-05,一字,10.1,0.0,0.7,三接四阳
603616.SSE,韩建河山,2026-06-10,二接三,2,阳,2026-06-08,3.08,-19.2,12.1,--+,-7.5,75.0,0,5,06-08,一字,10.0,0.0,2.3,06-09,一字,10.0,0.0,2.5,一字+10→一字+10,8.02,10.01,31.9,3.27,63,107,False,-14.59,-18.2,False,-18.2,1.0,False,2,炸板,True,2026-06,2026,,,,,,二接三阳
603617.SSE,君禾股份,2025-01-03,二接三,2,阴,2024-12-31,-3.06,-11.1,19.4,+++,3.1,213.0,0,0,12-31,实体,0.3,0.0,9.1,01-02,下影,10.0,10.6,21.6,实体+0→下影+10,8.87,10.05,29.6,2.11,41,51,True,10.03,10.03,True,2.03,2.0,False,4,连板,False,2025-01,2025,,,,,,二接三阴
603617.SSE,君禾股份,2025-01-06,三接四,3,阴,2024-12-31,-3.06,-11.1,19.4,+++,3.1,213.0,0,0,12-31,实体,0.3,0.0,9.1,01-02,下影,10.0,10.6,21.6,实体+0→下影+10→下影+10,9.76,10.03,15.8,0.99,52,41,True,7.58,-7.27,False,-7.27,1.0,False,4,封次日负,True,2025-01,2025,01-03,下影,10.0,9.8,29.6,三接四阴
603618.SSE,杭电股份,2025-09-18,二接三,2,阴,2025-09-16,-1.85,-7.6,19.8,-++,1.6,128.0,0,0,09-16,下影,-0.4,1.4,6.0,09-17,下影,10.0,2.5,8.0,下影-0→下影+10,9.19,7.07,21.2,2.44,45,56,True,9.68,10.01,True,19.8,4.0,False,6,连板,False,2025-09,2025,,,,,,二接三阴
603618.SSE,杭电股份,2025-09-19,三接四,3,阴,2025-09-16,-1.85,-7.6,19.8,-++,1.6,128.0,0,0,09-16,下影,-0.4,1.4,6.0,09-17,下影,10.0,2.5,8.0,下影-0→下影+10→下影+7,10.11,9.68,8.4,0.87,46,45,True,5.24,9.99,True,8.9,3.0,False,6,连板,False,2025-09,2025,09-18,下影,7.1,7.9,21.2,三接四阴
603618.SSE,杭电股份,2026-02-03,二接三,2,阴,2026-01-30,-5.73,-15.0,8.4,-++,0.2,85.0,0,6,01-30,下影,-0.4,3.4,7.2,02-02,一字,10.0,0.0,1.7,下影-0→一字+10,10.93,9.96,6.5,1.24,61,32,True,9.88,9.97,True,14.0,2.0,False,4,连板,False,2026-02,2026,,,,,,二接三阴
603618.SSE,杭电股份,2026-02-04,三接四,3,阴,2026-01-30,-5.73,-15.0,8.4,-++,0.2,85.0,0,6,01-30,下影,-0.4,3.4,7.2,02-02,一字,10.0,0.0,1.7,下影-0→一字+10→下影+10,12.02,9.88,12.0,1.84,57,61,True,-2.0,3.66,False,3.66,1.0,False,4,封次日正,False,2026-02,2026,02-03,下影,10.0,1.0,6.5,三接四阴
603618.SSE,杭电股份,2026-03-31,二接三,2,阳,2026-03-27,-3.2,-5.7,179.0,+++,33.8,28.0,4,6,03-27,下影,-3.0,3.3,12.2,03-30,实体,2.9,0.0,8.7,下影-3→实体+3,29.38,1.09,21.0,1.54,44,55,False,-1.33,-3.4,False,-3.4,1.0,False,2,炸板,True,2026-03,2026,,,,,,二接三阳
603618.SSE,杭电股份,2026-05-08,二接三,2,阴,2026-05-06,-4.11,-14.7,257.3,+++,-0.4,6.0,4,4,05-06,下影,3.5,0.9,3.8,05-07,下影,4.9,0.5,6.4,下影+4→下影+5,37.62,0.82,13.9,1.45,89,91,True,4.2,-0.85,False,-0.85,1.0,False,3,封次日负,True,2026-05,2026,,,,,,二接三阴
603618.SSE,杭电股份,2026-06-17,二接三,2,阴,2026-06-15,-6.14,-16.3,119.2,-++,6.8,26.0,3,4,06-15,实体,1.6,0.3,13.6,06-16,实体,2.9,0.2,5.6,实体+2→实体+3,51.73,2.06,4.5,0.49,67,105,True,-1.41,0.08,False,0.08,1.0,False,3,封次日正,False,2026-06,2026,,,,,,二接三阴
603618.SSE,杭电股份,2026-08-28,二接三,2,阳,2026-08-26,4.39,-49.3,37.4,-+-,21.3,49.0,3,3,08-26,实体,6.8,0.0,11.5,08-27,实体,4.9,0.0,9.7,实体+7→实体+5,38.62,9.97,27.6,2.0,77,66,False,-10.33,-9.4,False,-9.4,1.0,False,2,炸板,True,2026-08,2026,,,,,,二接三阳
603626.SSE,科森科技,2024-03-28,三接四,3,阴,2024-03-25,-2.33,-33.0,50.0,+++,9.2,,0,0,03-25,下影,-0.3,1.9,6.6,03-26,下影,3.9,1.0,3.7,下影-0→下影+4→一字+10,9.22,1.31,28.4,3.33,59,39,False,-16.92,-16.49,False,-16.49,1.0,False,3,炸板,True,2024-03,2024,03-27,一字,10.0,0.0,1.7,三接四阴
603626.SSE,科森科技,2024-08-28,二接三,2,阳,2024-08-26,1.6,-17.1,10.7,-++,5.6,102.0,0,3,08-26,实体,1.4,0.0,3.9,08-27,下影,10.0,9.1,19.9,实体+1→下影+10,6.78,1.79,14.8,1.55,30,23,True,10.03,10.03,True,75.37,8.0,False,10,连板,False,2024-08,2024,,,,,,二接三阳
603626.SSE,科森科技,2024-10-31,二接三,2,阳,2024-10-29,-0.21,-34.5,103.4,++-,16.4,30.0,10,10,10-29,下影,-0.5,0.4,19.9,10-30,下影,1.5,1.1,29.0,下影-1→下影+2,12.67,5.9,32.8,1.43,141,118,False,-9.39,-13.97,False,-13.97,1.0,False,2,炸板,True,2024-10,2024,,,,,,二接三阳
603626.SSE,科森科技,2025-02-27,二接三,2,阳,2025-02-25,-1.7,-17.6,26.7,+++,13.0,77.0,0,10,02-25,下影,0.0,1.0,11.1,02-26,下影,5.4,0.5,7.8,下影+0→下影+5,11.57,4.18,33.8,2.67,66,81,False,-9.85,-8.56,False,-8.56,1.0,False,2,炸板,True,2025-02,2025,,,,,,二接三阳
603626.SSE,科森科技,2025-08-19,二接三,2,阴,2025-08-15,-2.82,-8.6,12.8,-++,2.1,117.0,0,2,08-15,实体,5.0,0.0,5.3,08-18,一字,10.0,0.0,1.5,实体+5→一字+10,11.46,9.98,29.5,3.28,74,78,True,10.03,10.03,True,38.83,4.0,False,6,连板,False,2025-08,2025,,,,,,二接三阴
603626.SSE,科森科技,2025-09-18,二接三,2,阴,2025-09-16,-1.04,-26.9,66.3,-++,27.6,17.0,6,6,09-16,下影,1.8,1.1,23.0,09-17,下影,3.3,0.8,15.0,下影+2→下影+3,17.7,6.53,24.7,1.34,45,56,True,0.0,-10.0,False,-10.0,1.0,False,3,封次日负,True,2025-09,2025,,,,,,二接三阴
603628.SSE,清源股份,2023-12-25,二接三,2,阴,2023-12-21,-1.37,-22.5,0.3,---,-10.6,,0,0,12-21,下影,0.1,1.0,5.4,12-22,实体,0.3,0.3,9.5,下影+0→实体+0,14.34,3.53,16.0,2.49,30,18,True,-0.28,9.97,True,48.74,5.0,False,7,连板,False,2023-12,2023,,,,,,二接三阴
603628.SSE,清源股份,2023-12-26,三接四,3,阴,2023-12-21,-1.37,-22.5,0.3,---,-10.6,,0,0,12-21,下影,0.1,1.0,5.4,12-22,实体,0.3,0.3,9.5,下影+0→实体+0→下影+4,15.77,-0.28,16.9,1.75,35,30,True,0.0,10.02,True,35.26,4.0,False,7,连板,False,2023-12,2023,12-25,下影,3.5,1.3,16.0,三接四阴
603629.SSE,利通电子,2023-06-06,三接四,3,阳,2023-06-01,4.69,-0.6,33.7,+++,14.5,,0,0,06-01,实体,0.4,0.0,6.7,06-02,一字,10.0,0.0,0.9,实体+0→一字+10→一字+10,32.7,9.99,31.3,3.57,35,35,True,-5.57,5.81,False,5.81,1.0,False,4,封次日正,False,2023-06,2023,06-05,一字,10.0,0.0,0.7,三接四阳
603629.SSE,利通电子,2026-02-03,二接三,2,阳,2026-01-30,1.19,-7.4,38.6,+++,26.1,62.0,0,2,01-30,下影,1.8,0.8,13.2,02-02,下影,9.6,8.0,23.4,下影+2→下影+10,45.25,-2.77,25.2,1.34,61,32,False,-6.92,-11.6,False,-11.6,1.0,False,2,炸板,True,2026-02,2026,,,,,,二接三阳
603629.SSE,利通电子,2026-04-16,二接三,2,阴,2026-04-14,0.0,-9.1,161.3,+++,17.8,30.0,2,2,04-14,下影,7.3,5.5,12.5,04-15,下影,2.0,2.0,17.2,下影+7→下影+2,96.75,0.0,21.7,1.31,68,53,False,-0.14,8.98,True,10.88,2.0,False,4,炸板,False,2026-04,2026,,,,,,二接三阴
603629.SSE,利通电子,2026-04-30,二接三,2,阳,2026-04-28,-0.84,-8.8,240.1,+++,68.3,9.0,2,2,04-28,一字,10.0,0.0,2.4,04-29,下影,9.8,2.4,5.6,一字+10→下影+10,144.42,8.4,17.4,1.54,69,92,False,3.83,9.99,True,9.6,2.0,False,4,炸板,False,2026-04,2026,,,,,,二接三阳
603629.SSE,利通电子,2026-07-23,二接三,2,阳,2026-07-21,7.72,-59.4,7.7,---,-49.6,55.0,2,2,07-21,下影,2.2,1.2,10.2,07-22,下影,6.0,1.1,3.6,下影+2→下影+6,130.17,5.92,18.0,1.67,104,41,False,-12.42,-16.56,False,-16.56,1.0,False,2,炸板,True,2026-07,2026,,,,,,二接三阳
603629.SSE,利通电子,2026-08-06,二接三,2,阴,2026-08-04,-3.03,-61.4,6.7,---,-46.2,9.0,2,2,08-04,下影,7.9,1.1,3.9,08-05,下影,7.0,2.0,7.6,下影+8→下影+7,123.92,-0.3,21.3,2.07,69,93,False,-1.31,2.81,False,2.81,1.0,False,2,炸板,False,2026-08,2026,,,,,,二接三阴
603636.SSE,南威软件,2025-02-06,二接三,2,阳,2025-01-27,6.38,-15.4,15.7,++-,4.0,,0,0,01-27,下影,10.0,5.1,18.2,02-05,一字,10.0,0.0,1.4,下影+10→一字+10,15.09,-0.36,26.7,2.47,71,51,False,-12.06,-4.64,False,-4.64,1.0,False,2,炸板,True,2025-02,2025,,,,,,二接三阳
603657.SSE,春光科技,2025-05-08,二接三,2,阳,2025-05-06,0.78,-11.9,25.9,++-,2.6,250.0,0,0,05-06,下影,1.0,0.9,4.8,05-07,下影,3.5,1.4,5.8,下影+1→下影+3,22.4,7.02,3.6,0.94,51,50,True,0.0,10.0,True,15.18,3.0,False,5,连板,False,2025-05,2025,,,,,,二接三阳
603657.SSE,春光科技,2025-05-09,三接四,3,阳,2025-05-06,0.78,-11.9,25.9,++-,2.6,250.0,0,0,05-06,下影,1.0,0.9,4.8,05-07,下影,3.5,1.4,5.8,下影+1→下影+3→下影+7,24.64,0.0,17.1,2.54,27,51,True,0.24,9.98,True,4.71,2.0,False,5,连板,False,2025-05,2025,05-08,下影,7.0,1.7,3.6,三接四阳
603660.SSE,苏州科达,2024-11-29,三接四,3,阳,2024-11-26,5.42,-5.0,66.1,+++,7.8,178.0,0,0,11-26,下影,-1.6,1.1,25.3,11-27,下影,9.8,2.3,11.0,下影-2→下影+10→一字+10,11.12,0.0,44.4,2.34,105,75,False,-15.2,-17.27,False,-17.27,1.0,False,3,炸板,True,2024-11,2024,11-28,一字,10.0,0.0,0.6,三接四阳
603661.SSE,恒林股份,2026-05-26,三接四,3,阴,2026-05-21,-1.68,-24.9,0.6,---,-14.1,,0,0,05-21,下影,0.6,0.5,2.8,05-22,一字,10.0,0.0,1.3,下影+1→一字+10→一字+10,39.36,10.01,10.6,3.24,45,91,False,-11.84,-14.33,False,-14.33,1.0,False,3,炸板,True,2026-05,2026,05-25,一字,10.0,0.0,1.0,三接四阴
603662.SSE,柯力传感,2023-05-22,二接三,2,阳,2023-05-18,2.88,-12.4,4.6,---,-7.9,,0,0,05-18,实体,0.3,0.0,6.0,05-19,下影,-1.2,0.8,10.5,实体+0→下影-1,23.76,6.48,12.3,2.05,31,18,True,5.22,1.68,False,1.68,1.0,False,3,封次日正,False,2023-05,2023,,,,,,二接三阳
603663.SSE,三祥新材,2024-04-01,二接三,2,阴,2024-03-28,1.57,-7.6,61.0,+++,20.8,84.0,0,3,03-28,实体,-3.6,0.0,13.2,03-29,下影,0.7,0.7,13.0,实体-4→下影+1,16.41,7.17,3.9,0.38,67,56,True,9.99,9.99,True,12.13,3.0,False,5,连板,False,2024-04,2024,,,,,,二接三阴
603663.SSE,三祥新材,2026-06-23,二接三,2,阴,2026-06-18,-4.15,-7.5,103.2,+++,73.9,18.0,2,2,06-18,实体,4.7,0.0,4.4,06-22,下影,5.0,2.0,6.3,实体+5→下影+5,105.86,3.91,11.5,1.7,87,122,False,-3.65,-1.94,False,-1.94,1.0,False,2,炸板,True,2026-06,2026,,,,,,二接三阴
603666.SSE,亿嘉和,2024-08-30,二接三,2,阳,2024-08-28,-0.7,-18.0,21.3,+++,14.9,5.0,2,2,08-28,实体,-1.8,0.3,10.3,08-29,下影,0.8,0.8,12.7,实体-2→下影+1,20.77,1.96,16.2,1.37,47,37,False,-12.37,-17.43,False,-17.43,1.0,False,2,炸板,True,2024-08,2024,,,,,,二接三阳
603666.SSE,亿嘉和,2024-11-04,二接三,2,阳,2024-10-31,-0.21,-13.9,41.5,+++,21.7,38.0,2,2,10-31,实体,0.3,0.0,7.4,11-01,下影,3.9,1.7,12.0,实体+0→下影+4,24.85,8.9,5.7,0.91,122,74,True,10.02,10.02,True,12.64,3.0,False,5,连板,False,2024-11,2024,,,,,,二接三阳
603666.SSE,亿嘉和,2024-11-05,三接四,3,阳,2024-10-31,-0.21,-13.9,41.5,+++,21.7,38.0,2,2,10-31,实体,0.3,0.0,7.4,11-01,下影,3.9,1.7,12.0,实体+0→下影+4→下影+9,27.34,10.02,4.2,0.65,139,122,True,9.99,9.99,True,2.38,2.0,False,5,连板,False,2024-11,2024,11-04,下影,8.9,6.9,5.7,三接四阳
603667.SSE,五洲新春,2024-12-03,二接三,2,阴,2024-11-29,-6.31,-19.9,36.6,--+,-11.2,,0,0,11-29,下影,3.5,1.3,6.5,12-02,下影,8.7,3.8,10.0,下影+4→下影+9,22.13,5.52,7.8,1.09,92,132,True,9.99,9.99,True,29.69,4.0,False,6,连板,False,2024-12,2024,,,,,,二接三阴
603667.SSE,五洲新春,2025-01-13,二接三,2,阳,2025-01-09,5.54,-27.5,73.5,--+,-6.5,18.0,6,6,01-09,下影,-1.8,1.3,15.2,01-10,下影,9.4,3.2,9.1,下影-2→下影+9,34.21,8.71,33.3,2.04,42,35,False,-6.46,0.96,True,17.8,3.0,False,5,炸板,False,2025-01,2025,,,,,,二接三阳
603667.SSE,五洲新春,2025-01-16,二接三,2,阴,2025-01-14,0.96,-11.4,94.7,+--,-11.4,2.0,6,6,01-14,下影,1.9,1.9,18.0,01-15,一字,10.0,0.0,3.9,下影+2→一字+10,41.79,3.97,36.9,1.82,59,54,False,-0.22,0.53,False,0.53,1.0,False,2,炸板,False,2025-01,2025,,,,,,二接三阴
603667.SSE,五洲新春,2025-12-31,二接三,2,阳,2025-12-29,-0.7,-8.7,32.4,+++,17.1,231.0,0,0,12-29,下影,0.4,0.6,13.1,12-30,下影,0.6,0.5,11.2,下影+0→下影+1,69.98,10.0,10.1,0.9,49,48,True,-1.4,6.03,False,6.03,1.0,False,3,封次日正,False,2025-12,2025,,,,,,二接三阳
603667.SSE,五洲新春,2026-01-05,三接四,3,阳,2025-12-29,-0.7,-8.7,32.4,+++,17.1,231.0,0,0,12-29,下影,0.4,0.6,13.1,12-30,下影,0.6,0.5,11.2,下影+0→下影+1→下影+10,76.98,-1.4,28.2,1.96,74,49,False,-3.27,0.66,False,0.66,1.0,False,3,炸板,False,2026-01,2026,12-31,下影,10.0,4.1,10.1,三接四阳
603669.SSE,灵康药业,2024-12-05,二接三,2,阳,2024-12-03,8.72,-7.6,62.8,+-+,10.7,,0,0,12-03,实体,1.5,0.2,6.2,12-04,实体,3.2,0.1,5.5,实体+2→实体+3,8.8,2.5,13.0,2.0,103,69,False,-5.91,-8.86,False,-8.86,1.0,False,2,炸板,True,2024-12,2024,,,,,,二接三阳
603677.SSE,奇精机械,2023-07-13,二接三,2,阴,2023-07-11,-1.12,-6.0,20.0,+++,5.3,,0,0,07-11,实体,-0.2,0.0,1.8,07-12,下影,8.7,6.1,11.9,实体-0→下影+9,17.57,-1.5,9.5,1.94,30,27,True,0.23,-10.02,False,-10.02,1.0,False,3,封次日负,True,2023-07,2023,,,,,,二接三阴
603677.SSE,奇精机械,2025-03-14,二接三,2,阳,2025-03-12,-2.09,-6.9,35.1,-++,11.4,401.0,0,0,03-12,实体,0.3,0.0,2.6,03-13,一字,10.0,0.0,2.2,实体+0→一字+10,21.18,10.03,6.6,2.12,66,34,True,10.01,10.01,True,31.78,5.0,False,7,连板,False,2025-03,2025,,,,,,二接三阳
603678.SSE,火炬电子,2026-06-03,二接三,2,阴,2026-06-01,2.39,-5.8,56.7,+++,37.6,,0,0,06-01,实体,-3.9,0.0,8.3,06-02,下影,-2.1,1.2,10.1,实体-4→下影-2,64.47,2.35,15.3,1.22,59,56,False,-2.76,0.12,False,0.12,1.0,False,2,炸板,False,2026-06,2026,,,,,,二接三阴
603679.SSE,华体科技,2025-12-22,二接三,2,阳,2025-12-18,-0.25,-10.5,9.4,++-,-1.5,133.0,0,0,12-18,下影,-0.1,1.0,13.4,12-19,一字,10.0,0.0,6.3,下影-0→一字+10,21.24,9.99,36.8,2.7,72,65,False,-23.02,-26.32,False,-26.32,1.0,False,2,炸板,True,2025-12,2025,,,,,,二接三阳
603681.SSE,永冠新材,2025-05-27,二接三,2,阳,2025-05-23,0.65,-9.3,31.6,+++,11.6,152.0,0,0,05-23,下影,0.0,0.6,6.5,05-26,下影,2.9,0.5,20.0,下影+0→下影+3,18.63,-5.49,20.7,1.95,51,46,True,-0.21,-9.98,False,-9.98,1.0,False,3,封次日负,True,2025-05,2025,,,,,,二接三阳
603682.SSE,锦和商管,2023-07-27,三接四,3,阳,2023-07-24,2.72,-0.5,12.9,+++,9.7,,0,0,07-24,下影,3.7,2.3,9.1,07-25,一字,9.9,0.0,1.7,下影+4→一字+10→一字+10,8.31,10.07,11.6,2.3,19,23,True,6.02,-1.44,False,-1.44,1.0,False,4,封次日负,True,2023-07,2023,07-26,一字,10.1,0.0,1.1,三接四阳
603685.SSE,晨丰科技,2024-06-17,二接三,2,阳,2024-06-13,0.47,-28.7,7.1,---,-12.5,259.0,0,0,06-13,下影,4.2,2.2,1.2,06-14,实体,8.9,0.0,1.6,下影+4→实体+9,14.2,8.91,8.6,3.44,19,16,True,0.0,-8.1,False,-8.1,1.0,False,3,封次日负,True,2024-06,2024,,,,,,二接三阳
603686.SSE,福龙马,2024-12-27,三接四,3,阳,2024-12-24,0.41,-9.5,34.6,-++,10.8,,0,0,12-24,实体,5.2,0.0,3.8,12-25,下影,9.2,2.6,7.9,实体+5→下影+9→一字+10,14.49,9.95,41.4,3.26,61,79,False,-20.29,-20.29,False,-20.29,1.0,False,3,炸板,True,2024-12,2024,12-26,一字,10.0,0.0,1.8,三接四阳
603686.SSE,福龙马,2025-09-22,二接三,2,阴,2025-09-18,-4.07,-7.3,25.1,--+,0.3,78.0,0,2,09-18,下影,1.0,0.5,22.9,09-19,实体,4.8,0.1,8.8,下影+1→实体+5,25.43,9.99,7.2,0.49,54,46,True,2.12,9.99,True,6.57,2.0,False,4,连板,False,2025-09,2025,,,,,,二接三阴
603686.SSE,福龙马,2025-09-23,三接四,3,阴,2025-09-18,-4.07,-7.3,25.1,--+,0.3,78.0,0,2,09-18,下影,1.0,0.5,22.9,09-19,实体,4.8,0.1,8.8,下影+1→实体+5→下影+10,27.97,2.12,26.6,1.66,42,54,True,0.11,-3.11,False,-3.11,1.0,False,4,封次日负,True,2025-09,2025,09-22,下影,10.0,2.9,7.2,三接四阴
603686.SSE,福龙马,2025-11-03,二接三,2,阳,2025-10-30,5.49,-9.6,62.6,+++,-8.6,21.0,4,4,10-30,实体,-0.0,0.0,27.7,10-31,下影,6.3,1.4,19.8,实体-0→下影+6,34.03,6.53,45.0,1.59,56,47,False,-11.84,-1.65,True,0.79,2.0,False,4,炸板,True,2025-11,2025,,,,,,二接三阳
603687.SSE,大胜达,2026-03-23,三接四,3,阳,2026-03-18,1.01,-17.1,14.5,---,-14.3,,0,0,03-18,实体,-0.2,0.1,6.5,03-19,一字,10.0,0.0,0.9,实体-0→一字+10→一字+10,14.73,10.01,30.4,3.64,24,26,True,1.83,0.14,False,0.14,1.0,False,4,封次日正,False,2026-03,2026,03-20,一字,10.0,0.0,0.8,三接四阳
603688.SSE,石英股份,2025-04-11,二接三,2,阳,2025-04-09,1.24,-10.1,28.5,-++,11.6,10.0,2,2,04-09,下影,-2.7,4.1,6.2,04-10,下影,3.6,1.6,7.3,下影-3→下影+4,42.39,8.9,6.6,0.96,64,125,True,1.63,-1.2,False,-1.2,1.0,False,3,封次日负,True,2025-04,2025,,,,,,二接三阳
603690.SSE,至纯科技,2025-03-31,二接三,2,阳,2025-03-27,0.47,-11.0,14.2,--+,4.2,,0,0,03-27,下影,1.9,1.5,8.5,03-28,下影,10.0,1.5,21.9,下影+2→下影+10,34.36,1.79,33.6,2.37,27,29,False,-12.69,-4.25,False,-4.25,1.0,False,2,炸板,True,2025-03,2025,,,,,,二接三阳
603690.SSE,至纯科技,2026-07-28,二接三,2,阴,2026-07-24,-3.29,-46.2,5.7,--+,-40.5,190.0,0,0,07-24,下影,-1.3,0.8,5.0,07-27,下影,5.0,1.1,9.3,下影-1→下影+5,27.37,10.01,24.2,2.22,57,101,False,-8.29,-9.5,False,-9.5,1.0,False,2,炸板,True,2026-07,2026,,,,,,二接三阴
603693.SSE,江苏新能,2025-05-29,二接三,2,阳,2025-05-27,0.16,-22.8,31.7,++-,2.4,36.0,2,2,05-27,实体,4.6,0.0,2.2,05-28,一字,10.0,0.0,1.0,实体+5→一字+10,16.8,10.02,6.2,2.22,80,49,True,4.05,-10.0,False,-10.0,1.0,False,3,封次日负,True,2025-05,2025,,,,,,二接三阳
603696.SSE,安记食品,2025-04-17,二接三,2,阳,2025-04-15,2.42,-8.1,16.0,---,-4.8,,0,0,04-15,下影,0.0,0.8,9.4,04-16,下影,0.0,2.7,18.3,下影+0→下影+0,11.29,9.26,7.0,0.86,78,40,True,10.01,10.01,True,19.84,4.0,False,6,连板,False,2025-04,2025,,,,,,二接三阳
603696.SSE,安记食品,2025-04-18,三接四,3,阳,2025-04-15,2.42,-8.1,16.0,---,-4.8,,0,0,04-15,下影,0.0,0.8,9.4,04-16,下影,0.0,2.7,18.3,下影+0→下影+0→下影+9,12.42,10.01,10.3,1.07,50,78,True,-3.54,9.98,True,8.94,3.0,False,6,连板,False,2025-04,2025,04-17,下影,9.3,2.2,7.0,三接四阳
603696.SSE,安记食品,2025-12-04,二接三,2,阳,2025-12-02,2.62,-8.7,17.5,+-+,10.6,150.0,0,0,12-02,下影,1.2,3.5,11.6,12-03,下影,10.0,10.0,26.0,下影+1→下影+10,17.7,5.66,19.8,1.28,30,46,True,-2.03,10.0,True,30.0,4.0,False,6,连板,False,2025-12,2025,,,,,,二接三阳
603696.SSE,安记食品,2025-12-05,三接四,3,阳,2025-12-02,2.62,-8.7,17.5,+-+,10.6,150.0,0,0,12-02,下影,1.2,3.5,11.6,12-03,下影,10.0,10.0,26.0,下影+1→下影+10→实体+6,19.47,-2.03,10.4,0.68,58,30,True,10.02,10.02,True,18.18,3.0,False,6,连板,False,2025-12,2025,12-04,实体,5.7,0.0,19.8,三接四阳
603696.SSE,安记食品,2025-12-24,二接三,2,阳,2025-12-22,5.21,-22.1,78.4,-++,75.3,9.0,6,6,12-22,下影,2.0,7.4,20.8,12-23,一字,10.0,0.0,7.0,下影+2→一字+10,26.88,6.38,9.8,0.62,65,48,True,8.04,-1.41,False,-1.41,1.0,False,3,封次日负,True,2025-12,2025,,,,,,二接三阳
603696.SSE,安记食品,2025-12-25,三接四,3,阳,2025-12-22,5.21,-22.1,78.4,-++,75.3,9.0,6,6,12-22,下影,2.0,7.4,20.8,12-23,一字,10.0,0.0,7.0,下影+2→一字+10→下影+6,29.57,8.04,29.6,1.68,72,65,False,-8.73,-11.43,False,-11.43,1.0,False,3,炸板,True,2025-12,2025,12-24,下影,6.4,0.8,9.8,三接四阳
603697.SSE,有友食品,2024-10-30,二接三,2,阳,2024-10-28,1.83,-12.7,25.3,+++,17.0,,0,0,10-28,一字,10.0,0.0,0.9,10-29,下影,8.8,4.2,3.1,一字+10→下影+9,8.9,0.37,8.6,3.03,118,93,False,-6.52,-2.36,False,-2.36,1.0,False,2,炸板,True,2024-10,2024,,,,,,二接三阳
603698.SSE,航天工程,2025-12-25,二接三,2,阳,2025-12-23,2.37,-4.0,57.6,+++,53.1,,0,0,12-23,下影,-0.8,3.1,14.2,12-24,实体,-4.3,0.0,10.6,下影-1→实体-4,37.42,5.0,7.2,0.69,72,65,True,6.36,5.26,False,5.26,1.0,False,3,封次日正,False,2025-12,2025,,,,,,二接三阳
603700.SSE,宁水集团,2025-03-05,二接三,2,阴,2025-03-03,-4.8,-9.7,18.5,+++,7.8,,0,0,03-03,下影,-0.5,0.4,4.0,03-04,一字,10.0,0.0,1.5,下影-0→一字+10,14.25,10.04,11.5,1.6,55,61,True,10.04,10.04,True,-0.98,2.0,False,4,连板,False,2025-03,2025,,,,,,二接三阴
603706.SSE,东方环宇,2024-11-21,二接三,2,阳,2024-11-19,2.72,-7.4,28.1,+++,4.5,137.0,0,0,11-19,下影,-0.8,1.7,4.4,11-20,下影,5.2,1.5,8.7,下影-1→下影+5,22.64,4.47,12.0,2.11,88,119,False,-9.45,-14.84,False,-14.84,1.0,False,2,炸板,True,2024-11,2024,,,,,,二接三阳
603709.SSE,中源家居,2025-09-09,三接四,3,阴,2025-09-04,-9.91,-17.3,15.1,--+,-4.1,99.0,0,5,09-04,下影,-0.9,2.1,6.6,09-05,一字,10.0,0.0,6.2,下影-1→一字+10→一字+10,20.36,9.99,22.1,2.34,45,56,False,-22.05,-24.56,False,-24.56,1.0,False,3,炸板,True,2025-09,2025,09-08,一字,10.0,0.0,1.7,三接四阴
603709.SSE,中源家居,2025-12-12,二接三,2,阳,2025-12-10,-4.28,-12.0,30.9,+++,8.8,3.0,2,3,12-10,下影,-0.6,1.5,16.7,12-11,下影,0.1,6.2,9.8,下影-1→下影+0,23.84,0.78,7.4,0.62,67,27,True,4.82,-7.42,False,-7.42,1.0,False,3,封次日负,True,2025-12,2025,,,,,,二接三阳
603709.SSE,中源家居,2025-12-15,三接四,3,阳,2025-12-10,-4.28,-12.0,30.9,+++,8.8,3.0,2,3,12-10,下影,-0.6,1.5,16.7,12-11,下影,0.1,6.2,9.8,下影-1→下影+0→实体+1,26.22,4.82,23.7,1.73,53,67,False,-24.26,-24.26,False,-24.26,1.0,False,3,炸板,True,2025-12,2025,12-12,实体,0.8,0.0,7.4,三接四阳
603716.SSE,塞力医疗,2023-08-10,二接三,2,阴,2023-08-08,-2.55,-16.6,9.8,+++,7.0,,0,0,08-08,下影,0.0,0.8,7.6,08-09,下影,5.2,1.0,15.5,下影+0→下影+5,13.21,9.99,10.2,1.15,17,15,True,6.36,9.99,True,12.64,2.0,False,4,连板,False,2023-08,2023,,,,,,二接三阴
603716.SSE,塞力医疗,2023-08-11,三接四,3,阴,2023-08-08,-2.55,-16.6,9.8,+++,7.0,,0,0,08-08,下影,0.0,0.8,7.6,08-09,下影,5.2,1.0,15.5,下影+0→下影+5→下影+10,14.53,6.36,13.2,1.31,15,17,True,7.71,2.41,False,2.41,1.0,False,4,封次日正,False,2023-08,2023,08-10,下影,10.0,2.2,10.2,三接四阴
603716.SSE,塞力医疗,2024-03-20,二接三,2,阴,2024-03-18,-1.23,-34.9,54.0,++-,31.7,143.0,0,0,03-18,实体,1.9,0.0,3.3,03-19,一字,10.0,0.0,1.3,实体+2→一字+10,10.66,9.39,23.7,2.51,64,46,True,2.81,-1.31,False,-1.31,1.0,False,3,封次日负,True,2024-03,2024,,,,,,二接三阴
603716.SSE,塞力医疗,2025-02-11,二接三,2,阳,2025-02-07,2.5,-29.0,21.9,++-,8.0,46.0,2,2,02-07,下影,0.4,2.2,15.2,02-10,下影,3.1,1.2,23.2,下影+0→下影+3,10.38,1.69,32.0,1.64,57,85,False,-12.72,-9.54,False,-9.54,1.0,False,2,炸板,True,2025-02,2025,,,,,,二接三阳
603716.SSE,塞力医疗,2025-02-18,二接三,2,阴,2025-02-14,-6.07,-19.7,37.8,+++,26.9,4.0,2,2,02-14,实体,2.0,0.0,9.4,02-17,一字,10.0,0.0,1.8,实体+2→一字+10,11.74,9.93,44.3,2.29,37,74,False,-15.16,-8.69,False,-8.69,1.0,False,2,炸板,True,2025-02,2025,,,,,,二接三阴
603716.SSE,塞力医疗,2025-03-12,二接三,2,阴,2025-03-10,-2.63,-15.0,55.9,+-+,16.3,15.0,2,2,03-10,一字,10.0,0.0,5.0,03-11,下影,4.7,1.4,23.9,一字+10→下影+5,13.29,8.44,44.6,2.21,69,45,True,-4.06,10.01,True,0.98,2.0,False,4,连板,False,2025-03,2025,,,,,,二接三阴
603716.SSE,塞力医疗,2025-03-13,三接四,3,阴,2025-03-10,-2.63,-15.0,55.9,+-+,16.3,15.0,2,2,03-10,一字,10.0,0.0,5.0,03-11,下影,4.7,1.4,23.9,一字+10→下影+5→下影+8,14.62,-4.06,40.5,1.61,34,69,True,-5.27,-8.21,False,-8.21,1.0,False,4,封次日负,True,2025-03,2025,03-12,下影,8.4,6.8,44.6,三接四阴
603716.SSE,塞力医疗,2025-07-03,二接三,2,阳,2025-07-01,3.52,-2.8,77.8,+++,14.8,73.0,0,4,07-01,下影,0.5,1.0,29.9,07-02,下影,2.1,1.1,24.0,下影+0→下影+2,19.16,3.21,13.4,0.62,52,51,True,10.02,10.02,True,17.59,2.0,False,4,连板,False,2025-07,2025,,,,,,二接三阳
603717.SSE,天域生物,2024-12-10,二接三,2,阳,2024-12-06,1.17,-1.6,50.2,++-,6.9,,0,0,12-06,实体,0.9,0.0,6.9,12-09,下影,-0.1,2.2,19.4,实体+1→下影-0,9.23,0.0,7.7,0.82,82,83,True,3.03,9.97,True,15.38,3.0,False,5,连板,False,2024-12,2024,,,,,,二接三阳
603717.SSE,天域生物,2024-12-11,三接四,3,阳,2024-12-06,1.17,-1.6,50.2,++-,6.9,,0,0,12-06,实体,0.9,0.0,6.9,12-09,下影,-0.1,2.2,19.4,实体+1→下影-0→下影+0,10.15,3.03,4.8,0.54,119,82,True,10.05,10.05,True,4.93,2.0,False,5,连板,False,2024-12,2024,12-10,下影,0.0,1.1,7.7,三接四阳
603719.SSE,良品铺子,2024-12-12,二接三,2,阴,2024-12-10,-1.87,-10.9,38.8,++-,-1.4,246.0,0,0,12-10,下影,4.3,1.1,5.5,12-11,下影,2.5,2.1,10.7,下影+4→下影+2,17.47,0.76,18.3,2.23,119,119,True,-0.97,-8.19,False,-8.19,1.0,False,3,封次日负,True,2024-12,2024,,,,,,二接三阴
603721.SSE,中广天择,2023-11-01,二接三,2,阳,2023-10-30,2.03,-16.5,11.0,---,0.0,,0,0,10-30,下影,-0.2,0.3,7.8,10-31,实体,1.8,0.3,15.2,下影-0→实体+2,21.43,0.56,20.2,2.16,31,29,False,-13.67,-11.06,False,-11.06,1.0,False,2,炸板,True,2023-11,2023,,,,,,二接三阳
603721.SSE,中广天择,2023-12-05,三接四,3,阴,2023-11-30,-3.88,-12.6,72.5,+++,29.5,6.0,2,2,11-30,实体,-0.8,0.0,16.7,12-01,实体,9.1,0.0,4.6,实体-1→实体+9→一字+10,36.62,8.08,8.6,0.83,32,47,True,1.04,-9.89,False,-9.89,1.0,False,4,封次日负,True,2023-12,2023,12-04,一字,10.0,0.0,0.6,三接四阴
603721.SSE,中广天择,2023-12-19,二接三,2,阴,2023-12-15,-9.89,-20.8,119.2,-++,56.5,8.0,4,4,12-15,实体,-2.1,0.0,11.7,12-18,一字,10.0,0.0,2.1,实体-2→一字+10,42.32,5.09,32.9,1.66,19,29,True,0.0,-6.9,False,-6.9,1.0,False,3,封次日负,True,2023-12,2023,,,,,,二接三阴
603721.SSE,中广天择,2024-03-06,二接三,2,阳,2024-03-04,1.31,-42.3,59.4,++-,-4.0,9.0,4,4,03-04,实体,1.1,0.0,19.7,03-05,实体,3.7,0.0,18.9,实体+1→实体+4,32.92,0.9,31.7,1.57,63,38,False,-8.96,-17.22,False,-17.22,1.0,False,2,炸板,True,2024-03,2024,,,,,,二接三阳
603721.SSE,中广天择,2024-03-22,二接三,2,阳,2024-03-20,-0.06,-25.4,106.2,+++,53.9,11.0,3,4,03-20,实体,-1.6,0.0,26.6,03-21,一字,10.0,0.0,1.8,实体-2→一字+10,42.59,1.78,28.4,1.51,44,56,True,0.96,-10.0,False,-10.0,1.0,False,3,封次日负,True,2024-03,2024,,,,,,二接三阳
603721.SSE,中广天择,2026-09-02,二接三,2,阴,2026-08-31,-0.63,-36.2,24.2,--+,0.5,585.0,0,0,08-31,实体,0.2,0.3,4.1,09-01,一字,10.0,0.0,3.7,实体+0→一字+10,23.11,0.0,23.2,3.25,50,74,False,-9.95,-10.51,False,-10.51,1.0,False,2,炸板,True,2026-09,2026,,,,,,二接三阴
603722.SSE,阿科力,2026-07-07,二接三,2,阴,2026-06-26,-1.75,-14.7,12.9,-+-,-2.6,,0,0,06-26,下影,1.0,1.6,6.0,07-06,一字,10.0,0.0,0.6,下影+1→一字+10,47.92,10.01,19.6,3.05,30,60,False,-14.44,-14.44,False,-14.44,1.0,False,2,炸板,True,2026-07,2026,,,,,,二接三阴
603726.SSE,朗迪集团,2025-07-10,二接三,2,阳,2025-07-08,2.72,-4.6,37.0,+++,6.2,414.0,0,0,07-08,一字,10.0,0.0,2.2,07-09,下影,9.0,4.2,11.5,一字+10→下影+9,22.63,6.95,21.4,2.4,54,40,False,-14.05,-19.09,False,-19.09,1.0,False,2,炸板,True,2025-07,2025,,,,,,二接三阳
603728.SSE,鸣志电器,2023-05-19,二接三,2,阳,2023-05-17,0.28,-16.6,10.3,+--,-5.3,,0,0,05-17,下影,1.6,0.9,1.4,05-18,实体,4.4,0.0,1.1,下影+2→实体+4,53.38,9.99,5.9,3.18,18,30,False,-4.46,3.95,False,3.95,1.0,False,2,炸板,False,2023-05,2023,,,,,,二接三阳
603737.SSE,三棵树,2024-05-17,二接三,2,阳,2024-05-15,0.05,-8.2,26.8,+++,18.0,,0,0,05-15,实体,0.0,0.0,1.7,05-16,下影,0.2,1.2,2.5,实体+0→下影+0,49.49,3.56,3.0,1.66,61,30,True,-2.77,2.44,False,2.44,1.0,False,3,封次日正,False,2024-05,2024,,,,,,二接三阳
603737.SSE,三棵树,2024-10-08,三接四,3,阴,2024-09-26,-2.27,-27.8,12.7,++-,6.0,91.0,0,3,09-26,下影,0.0,1.0,2.1,09-27,下影,5.2,0.9,1.8,下影+0→下影+5→一字+10,43.42,10.01,4.0,2.06,352,626,False,-5.57,-12.81,False,-12.81,1.0,False,3,炸板,True,2024-10,2024,09-30,一字,10.0,0.0,0.4,三接四阴
603738.SSE,泰晶科技,2026-05-11,二接三,2,阳,2026-05-07,1.38,-9.7,148.1,+++,56.6,44.0,2,2,05-07,实体,8.1,0.0,3.0,05-08,下影,10.0,3.2,5.2,实体+8→下影+10,51.71,7.79,6.8,0.77,76,89,True,-1.37,4.97,False,4.97,1.0,False,3,封次日正,False,2026-05,2026,,,,,,二接三阳
603739.SSE,蔚蓝生物,2023-12-27,二接三,2,阴,2023-12-25,-1.51,-6.3,7.1,--+,-4.9,,0,0,12-25,实体,1.7,0.0,1.8,12-26,一字,10.0,0.0,1.0,实体+2→一字+10,18.26,8.01,14.6,3.94,26,35,False,-17.36,-15.77,False,-15.77,1.0,False,2,炸板,True,2023-12,2023,,,,,,二接三阴
603758.SSE,秦安股份,2024-11-06,二接三,2,阴,2024-11-04,-2.33,-14.7,18.6,+++,1.1,,0,0,11-04,下影,0.5,0.4,3.0,11-05,下影,6.3,2.4,3.7,下影+1→下影+6,10.02,9.99,6.9,2.16,104,139,False,-4.19,0.9,False,0.9,1.0,False,2,炸板,False,2024-11,2024,,,,,,二接三阴
603767.SSE,中马传动,2023-06-26,二接三,2,阳,2023-06-20,-2.62,-2.6,26.7,+++,14.3,,0,0,06-20,下影,-1.1,2.9,10.4,06-21,下影,-3.8,1.1,11.9,下影-1→下影-4,10.88,6.17,4.4,0.51,32,32,True,1.1,10.02,True,42.1,4.0,False,6,连板,False,2023-06,2023,,,,,,二接三阳
603767.SSE,中马传动,2023-06-27,三接四,3,阳,2023-06-20,-2.62,-2.6,26.7,+++,14.3,,0,0,06-20,下影,-1.1,2.9,10.4,06-21,下影,-3.8,1.1,11.9,下影-1→下影-4→下影+6,11.97,1.1,20.7,1.87,48,32,True,0.5,10.03,True,29.16,3.0,False,6,连板,False,2023-06,2023,06-26,下影,6.2,2.2,4.4,三接四阳
603767.SSE,中马传动,2023-08-31,二接三,2,阴,2023-08-29,-1.64,-19.9,94.6,++-,12.8,28.0,6,6,08-29,下影,-0.1,0.9,7.2,08-30,一字,10.0,0.0,1.7,下影-0→一字+10,18.37,4.25,10.6,1.36,23,25,True,0.0,10.02,True,19.92,3.0,False,5,连板,False,2023-08,2023,,,,,,二接三阴
603767.SSE,中马传动,2023-09-01,三接四,3,阴,2023-08-29,-1.64,-19.9,94.6,++-,12.8,28.0,6,6,08-29,下影,-0.1,0.9,7.2,08-30,一字,10.0,0.0,1.7,下影-0→一字+10→下影+4,20.21,0.0,21.2,2.14,17,23,True,-0.59,10.0,True,9.01,2.0,False,5,连板,False,2023-09,2023,08-31,下影,4.3,2.7,10.6,三接四阴
603767.SSE,中马传动,2024-02-01,二接三,2,阴,2024-01-30,-2.89,-32.9,3.2,---,-21.4,99.0,0,5,01-30,下影,0.5,2.0,4.0,01-31,下影,-2.8,1.4,10.8,下影+0→下影-3,16.1,-2.25,12.1,2.04,27,24,True,9.32,10.0,True,-0.99,2.0,False,4,连板,False,2024-02,2024,,,,,,二接三阴
603767.SSE,中马传动,2024-02-02,三接四,3,阴,2024-01-30,-2.89,-32.9,3.2,---,-21.4,99.0,0,5,01-30,下影,0.5,2.0,4.0,01-31,下影,-2.8,1.4,10.8,下影+0→下影-3→下影-2,17.71,9.32,18.1,1.96,25,27,True,6.15,-9.99,False,-9.99,1.0,False,4,封次日负,True,2024-02,2024,02-01,下影,-2.3,0.5,12.1,三接四阴
603767.SSE,中马传动,2025-08-05,二接三,2,阴,2025-08-01,-5.63,-6.7,26.5,+++,9.4,90.0,0,2,08-01,下影,0.1,2.8,10.8,08-04,实体,2.0,0.0,4.4,下影+0→实体+2,24.09,10.0,4.1,0.51,44,41,True,7.93,10.0,True,23.58,3.0,False,5,连板,False,2025-08,2025,,,,,,二接三阴
603767.SSE,中马传动,2025-08-06,三接四,3,阴,2025-08-01,-5.63,-6.7,26.5,+++,9.4,90.0,0,2,08-01,下影,0.1,2.8,10.8,08-04,实体,2.0,0.0,4.4,下影+0→实体+2→下影+10,26.5,7.93,8.8,1.13,46,44,True,10.0,10.0,True,12.34,2.0,False,5,连板,False,2025-08,2025,08-05,下影,10.0,4.4,4.1,三接四阴
603768.SSE,常青股份,2023-10-25,二接三,2,阴,2023-10-23,-3.0,-17.0,32.7,+++,31.8,,0,0,10-23,下影,0.2,3.4,5.2,10-24,下影,6.2,5.2,8.3,下影+0→下影+6,24.93,0.09,10.3,1.49,52,52,True,1.6,9.99,True,9.71,2.0,False,4,连板,False,2023-10,2023,,,,,,二接三阴
603768.SSE,常青股份,2023-10-26,三接四,3,阴,2023-10-23,-3.0,-17.0,32.7,+++,31.8,,0,0,10-23,下影,0.2,3.4,5.2,10-24,下影,6.2,5.2,8.3,下影+0→下影+6→下影+0,27.42,1.6,10.9,1.39,34,52,True,9.99,-0.26,False,-0.26,1.0,False,4,封次日负,True,2023-10,2023,10-25,下影,0.1,4.2,10.3,三接四阴
603773.SSE,沃格光电,2024-05-21,二接三,2,阳,2024-05-17,1.86,-26.2,51.1,-+-,1.3,,0,0,05-17,一字,10.0,0.0,2.1,05-20,一字,10.0,0.0,1.2,一字+10→一字+10,34.19,10.01,19.1,3.71,16,36,True,0.0,4.83,False,4.83,1.0,False,3,封次日正,False,2024-05,2024,,,,,,二接三阳
603773.SSE,沃格光电,2026-08-06,二接三,2,阴,2026-08-04,-5.61,-65.5,5.8,---,-47.4,33.0,2,2,08-04,下影,2.5,1.6,4.8,08-05,实体,2.9,0.0,4.6,下影+2→实体+3,86.43,3.83,6.0,0.96,69,93,True,7.67,10.0,True,10.64,2.0,False,4,连板,False,2026-08,2026,,,,,,二接三阴
603773.SSE,沃格光电,2026-08-07,三接四,3,阴,2026-08-04,-5.61,-65.5,5.8,---,-47.4,33.0,2,2,08-04,下影,2.5,1.6,4.8,08-05,实体,2.9,0.0,4.6,下影+2→实体+3→下影+4,95.07,7.67,9.7,1.53,59,69,True,3.94,0.59,False,0.59,1.0,False,4,封次日正,False,2026-08,2026,08-06,下影,3.8,0.8,6.0,三接四阴
603776.SSE,永安行,2024-12-10,三接四,3,阳,2024-12-05,3.01,-9.4,72.2,-++,11.0,,0,0,12-05,一字,10.0,0.0,0.2,12-06,一字,10.0,0.0,0.1,一字+10→一字+10→一字+10,23.01,9.99,26.1,4.36,82,83,False,-15.25,-21.73,False,-21.73,1.0,False,3,炸板,True,2024-12,2024,12-09,一字,10.0,0.0,0.3,三接四阳
603777.SSE,来伊份,2024-12-24,二接三,2,阴,2024-12-20,-3.86,-17.0,34.5,+++,5.4,,0,0,12-20,下影,5.2,0.7,2.1,12-23,下影,8.9,7.5,11.5,下影+5→下影+9,14.91,-0.37,18.7,2.48,62,26,True,4.09,9.99,True,10.33,2.0,False,4,连板,False,2024-12,2024,,,,,,二接三阴
603777.SSE,来伊份,2024-12-25,三接四,3,阴,2024-12-20,-3.86,-17.0,34.5,+++,5.4,,0,0,12-20,下影,5.2,0.7,2.1,12-23,下影,8.9,7.5,11.5,下影+5→下影+9→下影-0,16.4,4.09,9.8,1.09,31,62,True,3.66,0.3,False,0.3,1.0,False,4,封次日正,False,2024-12,2024,12-24,下影,-0.4,5.9,18.7,三接四阴
603777.SSE,来伊份,2025-01-13,二接三,2,阳,2025-01-09,4.36,-23.1,48.3,-++,13.9,5.0,4,4,01-09,下影,-0.9,3.8,8.6,01-10,实体,6.0,0.1,17.4,下影-1→实体+6,18.48,-4.29,20.9,1.43,42,35,True,4.98,10.01,True,19.81,4.0,False,6,连板,False,2025-01,2025,,,,,,二接三阳
603777.SSE,来伊份,2025-01-14,三接四,3,阳,2025-01-09,4.36,-23.1,48.3,-++,13.9,5.0,4,4,01-09,下影,-0.9,3.8,8.6,01-10,实体,6.0,0.1,17.4,下影-1→实体+6→下影-4,20.33,4.98,10.9,0.77,111,42,True,9.99,9.99,True,8.9,3.0,False,6,连板,False,2025-01,2025,01-13,下影,-4.3,5.7,20.9,三接四阳
603777.SSE,来伊份,2026-04-10,二接三,2,阴,2026-04-08,-0.23,-12.4,6.6,-++,1.4,293.0,0,0,04-08,实体,1.5,0.2,6.0,04-09,一字,10.0,0.0,2.6,实体+1→一字+10,16.97,8.04,11.9,2.48,53,50,True,1.06,-0.41,False,-0.41,1.0,False,3,封次日负,True,2026-04,2026,,,,,,二接三阴
603778.SSE,国晟科技,2025-07-11,二接三,2,阳,2025-07-09,8.07,-1.6,34.9,+++,15.7,322.0,0,0,07-09,下影,-1.9,0.8,10.4,07-10,下影,-1.0,1.5,24.9,下影-2→下影-1,4.99,7.05,23.5,1.69,49,54,True,-1.8,10.02,True,-1.0,2.0,False,4,连板,False,2025-07,2025,,,,,,二接三阳
603778.SSE,国晟科技,2025-07-14,三接四,3,阳,2025-07-09,8.07,-1.6,34.9,+++,15.7,322.0,0,0,07-09,下影,-1.9,0.8,10.4,07-10,下影,-1.0,1.5,24.9,下影-2→下影-1→下影+7,5.49,-1.8,29.1,1.5,55,49,True,-2.19,-10.02,False,-10.02,1.0,False,4,封次日负,True,2025-07,2025,07-11,下影,7.0,3.5,23.5,三接四阳
603778.SSE,国晟科技,2025-11-13,三接四,3,阳,2025-11-10,6.02,-2.2,63.5,+++,51.7,17.0,2,4,11-10,实体,4.2,0.0,9.8,11-11,一字,10.0,0.0,1.7,实体+4→一字+10→一字+10,7.73,6.69,29.4,2.4,73,48,True,3.62,9.96,True,2.2,2.0,False,5,连板,False,2025-11,2025,11-12,一字,10.0,0.0,1.3,三接四阳
603778.SSE,国晟科技,2025-11-26,二接三,2,阳,2025-11-24,-8.92,-21.6,127.6,+++,59.8,6.0,5,5,11-24,下影,4.8,4.4,19.7,11-25,下影,4.7,1.7,12.6,下影+5→下影+5,9.79,6.74,27.1,1.21,54,64,False,4.09,7.66,True,33.91,4.0,False,6,炸板,False,2025-11,2025,,,,,,二接三阳
603778.SSE,国晟科技,2025-12-01,二接三,2,阳,2025-11-27,7.64,-2.1,196.6,+++,108.3,2.0,5,5,11-27,下影,6.4,1.3,9.5,11-28,下影,1.2,0.6,17.6,下影+6→下影+1,12.75,2.33,26.6,1.43,54,61,True,1.96,2.82,False,2.82,1.0,False,3,封次日正,False,2025-12,2025,,,,,,二接三阳
603778.SSE,国晟科技,2026-01-12,二接三,2,阳,2026-01-05,7.84,-3.8,428.5,+++,39.2,23.0,5,5,01-05,下影,2.6,2.4,12.4,01-06,下影,2.2,1.1,8.5,下影+3→下影+2,23.43,7.98,9.9,0.78,124,79,True,9.56,7.55,False,7.55,1.0,False,3,封次日正,False,2026-01,2026,,,,,,二接三阳
603779.SSE,威龙股份,2023-06-09,三接四,3,阳,2023-06-06,1.65,-4.4,22.3,+++,19.7,,0,0,06-06,下影,0.5,1.9,10.2,06-07,下影,-5.4,1.1,8.6,下影+1→下影-5→一字+10,10.84,10.05,9.3,1.18,57,26,True,9.04,9.96,True,15.31,2.0,False,5,连板,False,2023-06,2023,06-08,一字,10.1,0.0,3.2,三接四阳
603779.SSE,威龙股份,2023-12-21,二接三,2,阳,2023-12-19,0.93,-18.6,23.0,-+-,-0.6,128.0,0,0,12-19,下影,1.6,2.0,15.3,12-20,下影,-1.1,0.4,14.6,下影+2→下影-1,12.96,-3.23,26.2,2.12,31,25,True,0.31,-3.32,False,-3.32,1.0,False,3,封次日负,True,2023-12,2023,,,,,,二接三阳
603786.SSE,科博达,2025-09-18,二接三,2,阳,2025-09-16,3.18,-4.8,24.6,+++,17.8,,0,0,09-16,下影,1.2,0.6,2.4,09-17,下影,10.0,1.3,1.6,下影+1→下影+10,84.17,10.0,5.2,2.3,45,56,False,-2.93,-3.75,False,-3.75,1.0,False,2,炸板,True,2025-09,2025,,,,,,二接三阳
603787.SSE,新日股份,2025-06-12,二接三,2,阴,2025-06-10,0.35,-6.7,38.2,-++,1.2,,0,0,06-10,下影,-0.1,1.0,3.1,06-11,一字,10.0,0.0,4.1,下影-0→一字+10,15.46,1.0,20.7,3.42,49,44,True,-4.92,-9.38,False,-9.38,1.0,False,3,封次日负,True,2025-06,2025,,,,,,二接三阴
603790.SSE,雅运股份,2023-05-15,二接三,2,阴,2023-05-11,-3.07,-9.4,2.1,,-5.2,,0,0,05-11,一字,10.0,0.0,0.2,05-12,一字,10.0,0.0,0.2,一字+10→一字+10,14.29,10.01,10.9,4.21,31,23,True,-2.03,3.22,False,3.22,1.0,False,3,封次日正,False,2023-05,2023,,,,,,二接三阴
603790.SSE,雅运股份,2024-04-03,二接三,2,阳,2024-04-01,1.88,-28.4,46.4,-++,7.0,214.0,0,0,04-01,实体,1.8,0.0,0.6,04-02,一字,10.0,0.0,0.7,实体+2→一字+10,13.72,10.02,8.2,3.58,42,47,False,-14.94,-14.94,False,-14.94,1.0,False,2,炸板,True,2024-04,2024,,,,,,二接三阳
603798.SSE,康普顿,2024-01-11,二接三,2,阴,2024-01-09,-1.8,-5.1,13.5,++-,4.6,,0,0,01-09,下影,0.3,0.5,7.8,01-10,下影,1.7,1.7,11.4,下影+0→下影+2,13.09,5.38,19.6,2.28,47,34,False,-12.07,-10.62,False,-10.62,1.0,False,2,炸板,True,2024-01,2024,,,,,,二接三阴
603798.SSE,康普顿,2024-03-04,三接四,3,阳,2024-02-28,1.71,-36.5,37.1,+--,-18.4,29.0,2,2,02-28,实体,-0.2,0.0,14.8,02-29,实体,4.9,0.0,2.8,实体-0→实体+5→一字+10,12.17,10.04,23.8,2.62,61,56,False,-22.51,-22.51,False,-22.51,1.0,False,3,炸板,True,2024-03,2024,03-01,一字,10.0,0.0,0.6,三接四阳
603799.SSE,华友钴业,2024-10-08,二接三,2,阳,2024-09-27,5.13,-0.9,17.1,+-+,11.8,,0,0,09-27,实体,3.5,0.2,3.4,09-30,下影,8.6,2.7,6.2,实体+3→下影+9,32.46,10.0,8.6,1.76,352,626,True,-2.5,-7.52,False,-7.52,1.0,False,3,封次日负,True,2024-10,2024,,,,,,二接三阳
603800.SSE,洪田股份,2025-08-12,二接三,2,阴,2025-08-08,2.74,-6.6,83.2,+++,39.5,,0,0,08-08,下影,4.8,3.0,11.0,08-11,实体,1.3,0.1,7.8,下影+5→实体+1,51.38,6.49,11.6,1.13,42,63,False,-2.71,7.03,True,11.6,2.0,False,4,炸板,False,2025-08,2025,,,,,,二接三阴
603801.SSE,志邦家居,2026-08-21,二接三,2,阳,2026-08-19,1.19,-23.9,16.1,+++,11.6,,0,0,08-19,实体,3.0,0.0,3.1,08-20,下影,4.4,1.2,4.8,实体+3→下影+4,7.95,5.81,16.7,3.14,47,59,False,-17.11,-12.58,False,-12.58,1.0,False,2,炸板,True,2026-08,2026,,,,,,二接三阳
603803.SSE,瑞斯康达,2024-11-27,二接三,2,阴,2024-11-25,-2.91,-14.2,43.2,-++,6.7,182.0,0,0,11-25,下影,1.6,2.3,2.7,11-26,一字,10.0,0.0,0.9,下影+2→一字+10,9.76,10.03,18.2,3.57,77,79,True,10.04,-0.61,False,-0.61,1.0,False,3,封次日负,True,2024-11,2024,,,,,,二接三阴
603803.SSE,瑞斯康达,2024-11-28,三接四,3,阴,2024-11-25,-2.91,-14.2,43.2,-++,6.7,182.0,0,0,11-25,下影,1.6,2.3,2.7,11-26,一字,10.0,0.0,0.9,下影+2→一字+10→下影+10,10.74,10.04,14.6,1.9,75,77,False,-0.65,-0.65,True,-10.61,2.0,False,5,炸板,True,2024-11,2024,11-27,下影,10.0,3.4,18.2,三接四阴
603803.SSE,瑞斯康达,2024-12-18,二接三,2,阳,2024-12-16,0.11,-18.2,71.7,-++,17.2,13.0,3,3,12-16,下影,6.9,1.9,4.7,12-17,下影,10.0,5.8,20.5,下影+7→下影+10,11.7,6.02,7.3,0.81,84,25,True,10.0,10.0,True,14.36,3.0,False,5,连板,False,2024-12,2024,,,,,,二接三阳
603803.SSE,瑞斯康达,2024-12-19,三接四,3,阳,2024-12-16,0.11,-18.2,71.7,-++,17.2,13.0,3,3,12-16,下影,6.9,1.9,4.7,12-17,下影,10.0,5.8,20.5,下影+7→下影+10→下影+6,12.87,10.0,6.4,0.69,50,84,True,10.02,10.02,True,3.96,2.0,False,5,连板,False,2024-12,2024,12-18,下影,6.0,2.3,7.3,三接四阳
603803.SSE,瑞斯康达,2025-02-11,二接三,2,阳,2025-02-07,1.26,-33.1,47.0,++-,9.2,28.0,5,5,02-07,下影,1.0,0.9,8.1,02-10,下影,10.0,4.2,9.2,下影+1→下影+10,13.87,2.06,27.2,2.04,57,85,True,-0.5,-3.03,False,-3.03,1.0,False,3,封次日负,True,2025-02,2025,,,,,,二接三阳
603803.SSE,瑞斯康达,2026-03-12,二接三,2,阴,2026-03-10,-2.06,-19.0,5.2,--+,1.0,261.0,0,0,03-10,一字,10.0,0.0,2.6,03-11,下影,10.0,0.7,10.7,一字+10→下影+10,13.31,-3.22,30.0,3.17,46,48,False,-9.62,3.31,True,-2.55,2.0,False,4,炸板,False,2026-03,2026,,,,,,二接三阴
603808.SSE,歌力思,2025-01-16,二接三,2,阴,2025-01-14,-5.7,-27.0,3.8,+--,-20.0,,0,0,01-14,一字,10.0,0.0,0.8,01-15,一字,10.0,0.0,0.6,一字+10→一字+10,8.81,5.49,6.7,2.5,59,54,True,2.16,-7.72,False,-7.72,1.0,False,3,封次日负,True,2025-01,2025,,,,,,二接三阴
603809.SSE,豪能股份,2024-11-05,二接三,2,阳,2024-11-01,7.68,-2.1,62.4,+++,44.6,122.0,0,0,11-01,实体,2.9,0.0,13.1,11-04,下影,9.8,6.6,10.0,实体+3→下影+10,14.54,9.98,20.6,1.6,139,122,False,-7.15,-11.28,False,-11.28,1.0,False,2,炸板,True,2024-11,2024,,,,,,二接三阳
603810.SSE,丰山集团,2024-01-24,二接三,2,阴,2024-01-22,-6.3,-10.0,7.8,+++,0.5,,0,0,01-22,下影,-1.2,0.4,6.1,01-23,一字,10.0,0.0,2.0,下影-1→一字+10,17.81,8.96,27.6,2.29,64,37,False,-16.11,2.53,True,-7.75,2.0,False,4,炸板,False,2024-01,2024,,,,,,二接三阴
603810.SSE,丰山集团,2024-03-28,二接三,2,阴,2024-03-26,-2.17,-40.8,32.8,+++,1.4,39.0,2,2,03-26,下影,6.4,1.6,4.8,03-27,下影,10.0,2.2,11.5,下影+6→下影+10,14.39,-0.61,26.8,2.61,59,39,True,-7.09,-5.49,False,-5.49,1.0,False,3,封次日负,True,2024-03,2024,,,,,,二接三阴
603811.SSE,诚意药业,2025-08-06,二接三,2,阴,2025-08-04,-3.7,-7.2,39.5,+++,16.9,14.0,2,2,08-04,实体,4.2,0.0,13.0,08-05,下影,8.3,3.1,19.1,实体+4→下影+8,16.28,4.53,29.5,1.77,46,44,False,-5.04,-7.25,False,-7.25,1.0,False,2,炸板,True,2025-08,2025,,,,,,二接三阴
603813.SSE,原尚股份,2024-04-15,二接三,2,阴,2024-04-11,-6.63,-24.1,72.7,-++,17.6,,0,0,04-11,下影,0.5,0.4,3.7,04-12,一字,10.0,0.0,1.6,下影+0→一字+10,17.25,8.42,13.6,2.29,22,47,False,-26.38,-26.38,False,-26.38,1.0,False,2,炸板,True,2024-04,2024,,,,,,二接三阴
603819.SSE,神力股份,2024-11-15,二接三,2,阴,2024-11-11,-1.32,-7.5,28.5,+++,15.0,,0,0,11-11,实体,0.0,0.2,2.6,11-12,下影,7.5,4.9,7.2,实体+0→下影+8,12.98,10.0,12.2,2.47,53,27,False,-6.55,-12.25,False,-12.25,1.0,False,2,炸板,True,2024-11,2024,,,,,,二接三阴
603823.SSE,百合花,2025-11-04,二接三,2,阴,2025-10-31,-2.28,-15.1,16.4,--+,1.3,359.0,0,0,10-31,实体,-0.7,0.0,3.0,11-03,下影,10.0,7.6,10.7,实体-1→下影+10,19.39,9.98,17.4,2.45,44,56,True,-7.17,-10.01,False,-10.01,1.0,False,3,封次日负,True,2025-11,2025,,,,,,二接三阴
603829.SSE,洛凯股份,2023-06-12,二接三,2,阳,2023-06-08,-2.29,-10.3,33.3,+++,10.5,,0,0,06-08,实体,1.1,0.0,5.5,06-09,实体,2.1,0.0,8.4,实体+1→实体+2,18.74,4.34,5.7,0.95,53,57,True,1.39,9.98,True,-1.01,2.0,False,4,连板,False,2023-06,2023,,,,,,二接三阳
603829.SSE,洛凯股份,2023-06-13,三接四,3,阳,2023-06-08,-2.29,-10.3,33.3,+++,10.5,,0,0,06-08,实体,1.1,0.0,5.5,06-09,实体,2.1,0.0,8.4,实体+1→实体+2→下影+4,20.61,1.39,10.3,1.5,35,53,True,9.66,-10.0,False,-10.0,1.0,False,4,封次日负,True,2023-06,2023,06-12,下影,4.3,1.1,5.7,三接四阳
603829.SSE,洛凯股份,2025-06-10,二接三,2,阳,2025-06-06,0.95,-3.1,31.2,+++,3.4,224.0,0,0,06-06,实体,2.3,0.0,2.4,06-09,下影,7.0,1.4,3.4,实体+2→下影+7,21.31,1.19,14.9,3.31,36,54,False,-9.1,-13.42,False,-13.42,1.0,False,2,炸板,True,2025-06,2025,,,,,,二接三阳
603829.SSE,洛凯股份,2025-11-19,二接三,2,阳,2025-11-17,1.58,-19.9,18.1,-+-,5.8,38.0,2,2,11-17,下影,0.2,1.0,8.3,11-18,下影,7.5,1.0,4.4,下影+0→下影+8,26.59,10.01,21.2,2.32,48,37,False,-10.23,-11.32,False,-11.32,1.0,False,2,炸板,True,2025-11,2025,,,,,,二接三阳
603839.SSE,安正时尚,2025-08-01,三接四,3,阴,2025-07-29,-1.12,-21.1,29.6,--+,-3.4,51.0,2,2,07-29,下影,1.3,2.3,2.9,07-30,下影,0.5,2.1,5.5,下影+1→下影+1→一字+10,10.38,6.04,16.6,3.04,30,34,False,-19.56,-19.56,False,-19.56,1.0,False,3,炸板,True,2025-08,2025,07-31,一字,10.0,0.0,1.4,三接四阴
603859.SSE,能科科技,2024-12-09,二接三,2,阴,2024-12-05,-1.44,-18.2,132.2,+-+,2.4,21.0,4,4,12-05,下影,-1.3,0.9,12.2,12-06,下影,3.2,3.6,11.1,下影-1→下影+3,41.04,4.02,22.6,1.85,83,94,True,0.63,-9.99,False,-9.99,1.0,False,3,封次日负,True,2024-12,2024,,,,,,二接三阴
603860.SSE,中公高科,2023-12-06,三接四,3,阳,2023-12-01,0.06,-5.4,32.1,+++,19.7,,0,0,12-01,下影,-1.0,3.0,12.7,12-04,一字,10.0,0.0,2.1,下影-1→一字+10→一字+10,47.03,-1.75,35.0,2.72,33,32,False,-24.9,-23.45,False,-23.45,1.0,False,3,炸板,True,2023-12,2023,12-05,一字,10.0,0.0,5.2,三接四阳
603860.SSE,中公高科,2024-04-17,二接三,2,阴,2024-04-15,-0.73,-26.6,27.1,---,-8.4,49.0,2,3,04-15,下影,-1.3,4.4,8.8,04-16,下影,4.9,1.5,15.3,下影-1→下影+5,34.62,6.45,29.4,2.57,200,16,True,-4.3,9.99,True,1.62,2.0,False,4,连板,False,2024-04,2024,,,,,,二接三阴
603860.SSE,中公高科,2024-04-18,三接四,3,阴,2024-04-15,-0.73,-26.6,27.1,---,-8.4,49.0,2,3,04-15,下影,-1.3,4.4,8.8,04-16,下影,4.9,1.5,15.3,下影-1→下影+5→下影+6,38.08,-4.3,18.4,1.25,52,200,True,4.1,-7.62,False,-7.62,1.0,False,4,封次日负,True,2024-04,2024,04-17,下影,6.5,15.4,29.4,三接四阴
603861.SSE,白云电器,2023-10-24,二接三,2,阴,2023-10-20,-4.97,-14.5,10.7,+++,5.4,4.0,2,2,10-20,下影,1.4,1.1,4.9,10-23,下影,2.7,1.5,12.4,下影+1→下影+3,12.22,5.76,15.2,1.76,52,31,False,-18.82,-12.93,False,-12.93,1.0,False,2,炸板,True,2023-10,2023,,,,,,二接三阴
603863.SSE,松炀资源,2024-06-17,二接三,2,阴,2024-06-13,-9.98,-65.9,0.0,---,-62.6,165.0,0,0,06-13,下影,-5.0,0.5,14.6,06-14,实体,-0.1,0.3,10.7,下影-5→实体-0,21.13,5.21,13.4,1.16,19,16,False,-8.42,-13.06,False,-13.06,1.0,False,2,炸板,True,2024-06,2024,,,,,,二接三阴
603877.SSE,太平鸟,2024-01-11,二接三,2,阴,2024-01-09,-9.07,-19.3,0.1,-++,-2.7,,0,0,01-09,一字,10.0,0.0,1.0,01-10,下影,3.2,1.2,2.2,一字+10→下影+3,19.48,4.46,2.2,1.6,47,34,True,2.67,-2.21,False,-2.21,1.0,False,3,封次日负,True,2024-01,2024,,,,,,二接三阴
603877.SSE,太平鸟,2024-01-12,三接四,3,阴,2024-01-09,-9.07,-19.3,0.1,-++,-2.7,,0,0,01-09,一字,10.0,0.0,1.0,01-10,下影,3.2,1.2,2.2,一字+10→下影+3→下影+4,21.43,2.67,5.1,2.2,23,47,False,-16.01,-14.14,False,-14.14,1.0,False,3,炸板,True,2024-01,2024,01-11,下影,4.5,1.5,2.2,三接四阴
603879.SSE,永悦科技,2024-03-14,二接三,2,阳,2024-03-12,5.4,-25.5,64.9,-+-,8.4,,0,0,03-12,下影,0.4,2.0,10.5,03-13,下影,0.0,2.0,16.2,下影+0→下影+0,6.5,9.98,17.2,1.35,32,51,True,10.0,10.0,True,45.08,6.0,False,8,连板,False,2024-03,2024,,,,,,二接三阳
603879.SSE,永悦科技,2024-03-15,三接四,3,阳,2024-03-12,5.4,-25.5,64.9,-+-,8.4,,0,0,03-12,下影,0.4,2.0,10.5,03-13,下影,0.0,2.0,16.2,下影+0→下影+0→下影+10,7.15,10.0,9.6,0.76,56,32,True,10.07,10.07,True,31.89,5.0,False,8,连板,False,2024-03,2024,03-14,下影,10.0,5.2,17.2,三接四阳
603879.SSE,永悦科技,2025-06-04,二接三,2,阳,2025-05-30,2.29,-14.6,25.3,---,-10.1,285.0,0,0,05-30,下影,0.6,1.0,5.0,06-03,一字,10.0,0.0,1.5,下影+1→一字+10,6.53,9.93,20.4,3.2,60,57,True,-3.52,-9.95,False,-9.95,1.0,False,3,封次日负,True,2025-06,2025,,,,,,二接三阳
603881.SSE,数据港,2025-02-14,二接三,2,阳,2025-02-12,3.72,-5.7,61.9,+++,45.2,,0,0,02-12,一字,10.0,0.0,1.5,02-13,下影,10.0,3.9,15.8,一字+10→下影+10,34.1,8.87,17.5,1.25,53,45,True,10.0,10.0,True,-1.0,2.0,False,4,连板,False,2025-02,2025,,,,,,二接三阳
603887.SSE,城地香江,2024-10-28,二接三,2,阳,2024-10-24,0.38,-8.4,162.1,+++,117.7,2.0,6,6,10-24,下影,7.9,0.5,6.6,10-25,一字,10.0,0.0,0.5,下影+8→一字+10,17.47,10.01,10.1,0.61,179,121,True,4.75,5.04,False,5.04,1.0,False,3,封次日正,False,2024-10,2024,,,,,,二接三阳
603887.SSE,城地香江,2024-10-29,三接四,3,阳,2024-10-24,0.38,-8.4,162.1,+++,117.7,2.0,6,6,10-24,下影,7.9,0.5,6.6,10-25,一字,10.0,0.0,0.5,下影+8→一字+10→下影+10,19.22,4.75,30.5,1.89,93,179,False,5.05,5.05,True,5.1,2.0,False,5,炸板,False,2024-10,2024,10-28,下影,10.0,2.9,10.1,三接四阳
603888.SSE,新华网,2026-01-14,二接三,2,阳,2026-01-12,7.91,-0.3,19.6,++-,14.0,461.0,0,0,01-12,实体,10.0,0.0,2.4,01-13,下影,10.0,3.1,11.1,实体+10→下影+10,29.6,-3.12,11.7,1.78,79,52,True,-1.01,-1.45,False,-1.45,1.0,False,3,封次日负,True,2026-01,2026,,,,,,二接三阳
603893.SSE,瑞芯微,2025-01-09,二接三,2,阳,2025-01-07,-1.43,-19.6,39.1,-++,16.0,11.0,2,2,01-07,实体,0.9,0.2,3.0,01-08,实体,2.0,0.3,4.0,实体+1→实体+2,130.54,4.27,6.4,1.73,77,53,False,-2.32,-2.71,False,-2.71,1.0,False,2,炸板,True,2025-01,2025,,,,,,二接三阳
603895.SSE,天永智能,2023-09-27,二接三,2,阳,2023-09-25,4.28,-6.9,12.9,--+,8.9,,0,0,09-25,实体,7.3,0.0,3.6,09-26,一字,10.0,0.0,0.7,实体+7→一字+10,32.08,10.01,11.9,3.5,25,24,False,-18.14,-18.14,False,-18.14,1.0,False,2,炸板,True,2023-09,2023,,,,,,二接三阳
603895.SSE,天永智能,2024-02-28,二接三,2,阳,2024-02-26,2.88,-35.8,50.4,+--,-32.1,96.0,0,2,02-26,下影,2.8,1.2,3.0,02-27,实体,0.0,0.0,4.8,下影+3→实体+0,24.22,4.45,6.6,1.55,23,69,True,-9.99,9.99,True,3.51,2.0,False,4,连板,False,2024-02,2024,,,,,,二接三阳
603895.SSE,天永智能,2024-02-29,三接四,3,阳,2024-02-26,2.88,-35.8,50.4,+--,-32.1,96.0,0,2,02-26,下影,2.8,1.2,3.0,02-27,实体,0.0,0.0,4.8,下影+3→实体+0→下影+4,26.64,-9.99,9.4,1.75,82,23,True,5.59,-5.89,False,-5.89,1.0,False,4,封次日负,True,2024-02,2024,02-28,下影,4.5,2.8,6.6,三接四阳
603900.SSE,莱绅通灵,2024-04-03,三接四,3,阳,2024-03-29,4.04,-34.6,37.4,-++,6.2,,0,0,03-29,实体,0.2,0.2,3.0,04-01,一字,10.0,0.0,0.7,实体+0→一字+10→一字+10,6.78,10.06,12.7,3.27,42,47,True,10.03,10.03,True,44.99,6.0,False,9,连板,False,2024-04,2024,04-02,一字,10.0,0.0,1.1,三接四阳
603900.SSE,莱绅通灵,2025-05-22,二接三,2,阳,2025-05-20,1.38,-6.0,61.6,+++,31.0,10.0,2,2,05-20,实体,-1.7,0.0,6.0,05-21,下影,7.9,12.5,13.9,实体-2→下影+8,10.76,3.99,20.6,1.75,32,45,True,-4.28,6.41,False,6.41,1.0,False,3,封次日正,False,2025-05,2025,,,,,,二接三阳
603912.SSE,佳力图,2024-12-19,二接三,2,阳,2024-12-17,1.3,-3.3,43.0,-++,13.7,,0,0,12-17,下影,0.0,2.6,9.3,12-18,下影,1.9,4.4,26.3,下影+0→下影+2,10.41,-5.92,11.6,1.1,50,84,True,9.99,1.06,False,1.06,1.0,False,3,封次日正,False,2024-12,2024,,,,,,二接三阳
603912.SSE,佳力图,2024-12-20,三接四,3,阳,2024-12-17,1.3,-3.3,43.0,-++,13.7,,0,0,12-17,下影,0.0,2.6,9.3,12-18,下影,1.9,4.4,26.3,下影+0→下影+2→下影-6,11.45,9.99,34.5,2.02,68,50,False,-17.21,-15.63,False,-15.63,1.0,False,3,炸板,True,2024-12,2024,12-19,下影,-5.9,1.0,11.6,三接四阳
603915.SSE,国茂股份,2024-11-21,二接三,2,阴,2024-11-19,0.29,-10.5,36.0,-++,9.5,,0,0,11-19,实体,0.6,0.2,3.7,11-20,下影,5.7,0.3,3.8,实体+1→下影+6,14.01,3.61,10.2,2.47,88,119,False,-8.64,-13.13,False,-13.13,1.0,False,2,炸板,True,2024-11,2024,,,,,,二接三阴
603916.SSE,苏博特,2025-07-24,三接四,3,阴,2025-07-21,0.0,-1.4,32.6,+++,10.8,,0,0,07-21,一字,10.1,0.0,0.4,07-22,一字,10.0,0.0,0.4,一字+10→一字+10→一字+10,13.99,9.98,14.1,4.37,61,43,True,-1.93,-10.01,False,-10.01,1.0,False,4,封次日负,True,2025-07,2025,07-23,一字,10.0,0.0,0.3,三接四阴
603917.SSE,合力科技,2024-02-23,二接三,2,阴,2024-02-21,1.21,-43.0,23.1,---,-30.0,,0,0,02-21,实体,-1.3,0.0,1.3,02-22,下影,9.0,5.1,1.9,实体-1→下影+9,15.53,9.99,10.5,2.83,79,56,False,-5.6,-8.56,False,-8.56,1.0,False,2,炸板,True,2024-02,2024,,,,,,二接三阴
603918.SSE,金桥信息,2023-05-19,二接三,2,阴,2023-05-17,-6.74,-21.2,26.7,++-,-15.8,7.0,2,2,05-17,下影,1.0,1.6,10.7,05-18,下影,2.2,3.5,16.9,下影+1→下影+2,21.92,1.96,23.8,1.49,18,30,True,2.28,-1.46,False,-1.46,1.0,False,3,封次日负,True,2023-05,2023,,,,,,二接三阴
603918.SSE,金桥信息,2023-05-29,二接三,2,阴,2023-05-25,-5.87,-13.6,57.8,++-,29.1,4.0,3,3,05-25,下影,-0.8,2.1,20.6,05-26,下影,4.0,1.7,15.5,下影-1→下影+4,27.31,4.71,28.7,1.29,27,39,False,-7.43,2.71,True,1.79,2.0,False,4,炸板,False,2023-05,2023,,,,,,二接三阴
603918.SSE,金桥信息,2023-06-08,二接三,2,阳,2023-06-06,-2.29,-6.7,116.6,+++,58.0,7.0,3,3,06-06,下影,-3.1,0.6,26.1,06-07,下影,0.2,4.9,29.8,下影-3→下影+0,37.49,-1.41,24.1,1.0,26,45,True,-1.57,-6.96,False,-6.96,1.0,False,3,封次日负,True,2023-06,2023,,,,,,二接三阳
603918.SSE,金桥信息,2024-11-13,三接四,3,阳,2024-11-08,5.11,-8.5,50.7,-++,4.1,23.0,2,2,11-08,实体,3.7,0.2,9.0,11-11,下影,6.5,2.9,9.6,实体+4→下影+6→一字+10,18.36,7.55,42.5,2.89,50,65,True,-1.96,-7.35,False,-7.35,1.0,False,4,封次日负,True,2024-11,2024,11-12,一字,10.0,0.0,1.4,三接四阳
603918.SSE,金桥信息,2025-02-17,二接三,2,阳,2025-02-13,1.05,-12.1,60.1,+++,48.9,59.0,4,4,02-13,下影,2.4,5.3,20.4,02-14,下影,-1.2,3.5,30.2,下影+2→下影-1,22.98,3.97,26.8,0.99,74,53,False,-14.45,-1.96,True,1.48,2.0,False,4,炸板,True,2025-02,2025,,,,,,二接三阳
603926.SSE,铁流股份,2026-01-21,二接三,2,阴,2026-01-19,0.99,-3.4,29.2,+++,17.9,437.0,0,0,01-19,下影,1.4,1.1,4.8,01-20,实体,1.0,0.0,6.2,下影+1→实体+1,24.43,5.49,18.2,2.74,72,50,True,-9.95,6.43,False,6.43,1.0,False,3,封次日正,False,2026-01,2026,,,,,,二接三阴
603928.SSE,兴业股份,2025-01-22,三接四,3,阴,2025-01-17,0.0,-25.3,9.9,+--,-10.8,173.0,0,0,01-17,下影,-0.2,0.7,2.5,01-20,一字,10.0,0.0,1.1,下影-0→一字+10→一字+10,12.0,9.99,6.8,2.09,36,38,True,10.0,10.0,True,8.92,3.0,False,6,连板,False,2025-01,2025,01-21,一字,10.0,0.0,4.8,三接四阴
603928.SSE,兴业股份,2025-06-23,二接三,2,阴,2025-06-19,-1.3,-13.0,36.3,+++,6.4,93.0,0,6,06-19,下影,-0.7,2.0,11.1,06-20,下影,4.2,2.4,15.1,下影-1→下影+4,15.11,8.01,10.8,0.96,60,36,True,9.99,9.99,True,12.91,3.0,False,5,连板,False,2025-06,2025,,,,,,二接三阴
603928.SSE,兴业股份,2026-06-30,二接三,2,阴,2026-06-26,-7.95,-35.0,0.5,---,-29.6,243.0,0,0,06-26,下影,-1.0,1.7,3.5,06-29,下影,3.5,0.5,5.0,下影-1→下影+4,14.8,7.43,3.8,0.97,114,89,True,9.8,-2.7,False,-2.7,1.0,False,3,封次日负,True,2026-06,2026,,,,,,二接三阴
603928.SSE,兴业股份,2026-07-01,三接四,3,阴,2026-06-26,-7.95,-35.0,0.5,---,-29.6,243.0,0,0,06-26,下影,-1.0,1.7,3.5,06-29,下影,3.5,0.5,5.0,下影-1→下影+4→下影+7,16.28,9.8,21.3,2.82,130,114,False,-17.57,-2.7,True,-9.71,2.0,False,5,炸板,True,2026-07,2026,06-30,下影,7.4,2.3,3.8,三接四阴
603928.SSE,兴业股份,2026-07-10,二接三,2,阳,2026-07-08,-6.18,-13.1,37.4,+--,3.7,6.0,3,3,07-08,下影,0.2,0.6,14.4,07-09,下影,3.9,4.0,19.7,下影+0→下影+4,19.8,-3.56,24.3,1.34,79,63,False,-14.44,-14.55,False,-14.55,1.0,False,2,炸板,True,2026-07,2026,,,,,,二接三阳
603929.SSE,亚翔集成,2023-11-01,三接四,3,阳,2023-10-27,1.55,-9.9,16.1,-++,14.3,,0,0,10-27,一字,10.0,0.0,1.3,10-30,一字,10.0,0.0,0.6,一字+10→一字+10→一字+10,25.85,5.87,9.3,3.36,31,29,True,9.86,-9.09,False,-9.09,1.0,False,4,封次日负,True,2023-11,2023,10-31,一字,10.0,0.0,0.5,三接四阳
603929.SSE,亚翔集成,2026-03-17,二接三,2,阴,2026-03-13,-2.49,-24.2,77.4,---,-11.7,42.0,2,2,03-13,实体,8.4,0.0,1.1,03-16,下影,8.8,5.7,4.3,实体+8→下影+9,170.4,4.45,5.1,1.86,33,39,True,2.0,6.74,False,6.74,1.0,False,3,封次日正,False,2026-03,2026,,,,,,二接三阴
603929.SSE,亚翔集成,2026-06-10,二接三,2,阳,2026-06-08,9.03,-21.1,34.5,---,-15.4,55.0,3,3,06-08,实体,-2.3,0.0,4.7,06-09,实体,6.9,0.0,1.5,实体-2→实体+7,226.39,-0.39,8.4,1.75,63,107,False,0.54,1.97,False,1.97,1.0,False,2,炸板,False,2026-06,2026,,,,,,二接三阳
603933.SSE,睿能科技,2023-05-23,二接三,2,阳,2023-05-19,2.01,-8.5,13.7,++-,-4.8,,0,0,05-19,实体,0.0,0.0,3.1,05-22,一字,10.0,0.0,2.7,实体+0→一字+10,16.21,6.58,4.6,1.91,18,31,True,9.99,9.99,True,41.95,5.0,False,7,连板,False,2023-05,2023,,,,,,二接三阳
603933.SSE,睿能科技,2023-07-13,二接三,2,阳,2023-07-11,1.9,-29.1,70.7,---,-3.2,29.0,7,7,07-11,下影,0.0,0.3,12.7,07-12,下影,2.4,0.7,21.0,下影+0→下影+2,24.33,-2.58,19.6,1.62,30,27,True,-5.26,-9.99,False,-9.99,1.0,False,3,封次日负,True,2023-07,2023,,,,,,二接三阳
603933.SSE,睿能科技,2024-02-20,二接三,2,阴,2024-02-08,-9.3,-55.3,0.8,---,-45.9,143.0,0,0,02-08,下影,2.7,5.5,5.6,02-19,实体,2.3,0.0,4.0,下影+3→实体+2,10.38,0.85,6.3,1.18,80,186,True,8.67,10.02,True,44.99,6.0,False,8,连板,False,2024-02,2024,,,,,,二接三阴
603933.SSE,睿能科技,2024-02-21,三接四,3,阴,2024-02-08,-9.3,-55.3,0.8,---,-45.9,143.0,0,0,02-08,下影,2.7,5.5,5.6,02-19,实体,2.3,0.0,4.0,下影+3→实体+2→下影+1,11.42,8.67,2.8,0.55,93,80,True,9.98,9.98,True,31.79,5.0,False,8,连板,False,2024-02,2024,02-20,下影,0.8,0.8,6.3,三接四阴
603933.SSE,睿能科技,2025-10-20,二接三,2,阴,2025-10-16,-1.2,-9.1,8.4,-++,5.6,361.0,0,0,10-16,下影,-0.3,0.4,4.0,10-17,下影,7.8,5.8,8.6,下影-0→下影+8,21.98,10.01,18.0,2.49,66,34,True,-6.73,-3.09,False,-3.09,1.0,False,3,封次日负,True,2025-10,2025,,,,,,二接三阴
603933.SSE,睿能科技,2025-12-01,二接三,2,阳,2025-11-27,0.79,-22.7,25.0,---,-15.1,28.0,3,3,11-27,实体,-0.3,0.0,8.3,11-28,下影,-1.2,2.5,16.8,实体-0→下影-1,25.32,7.91,6.0,0.79,54,61,True,3.99,9.99,True,3.08,2.0,False,4,连板,False,2025-12,2025,,,,,,二接三阳
603933.SSE,睿能科技,2025-12-02,三接四,3,阳,2025-11-27,0.79,-22.7,25.0,---,-15.1,28.0,3,3,11-27,实体,-0.3,0.0,8.3,11-28,下影,-1.2,2.5,16.8,实体-0→下影-1→下影+8,27.85,3.99,23.2,2.0,41,54,True,-2.73,-6.28,False,-6.28,1.0,False,4,封次日负,True,2025-12,2025,12-01,下影,7.9,3.1,6.0,三接四阳
603937.SSE,丽岛新材,2026-05-06,二接三,2,阳,2026-04-29,1.04,-17.5,13.5,--+,-13.6,,0,0,04-29,实体,4.9,0.0,5.8,04-30,下影,2.0,0.8,11.5,实体+5→下影+2,16.78,3.41,5.0,0.72,88,69,True,2.56,2.26,False,2.26,1.0,False,3,封次日正,False,2026-05,2026,,,,,,二接三阳
603937.SSE,丽岛新材,2026-05-07,三接四,3,阳,2026-04-29,1.04,-17.5,13.5,--+,-13.6,,0,0,04-29,实体,4.9,0.0,5.8,04-30,下影,2.0,0.8,11.5,实体+5→下影+2→实体+3,18.46,2.56,21.8,2.13,91,88,False,-8.23,2.28,True,-3.14,2.0,False,5,炸板,False,2026-05,2026,05-06,实体,3.4,0.0,5.0,三接四阳
603938.SSE,三孚股份,2025-10-17,二接三,2,阴,2025-10-15,-0.82,-8.5,11.7,++-,-0.7,445.0,0,0,10-15,下影,0.7,0.4,2.8,10-16,一字,10.0,0.0,1.8,下影+1→一字+10,19.35,10.01,15.0,3.38,34,36,True,10.03,10.03,True,-0.98,2.0,False,4,连板,False,2025-10,2025,,,,,,二接三阴
603938.SSE,三孚股份,2026-01-12,二接三,2,阳,2026-01-08,5.35,-12.4,44.0,-++,15.8,40.0,4,4,01-08,一字,10.0,0.0,0.9,01-09,下影,10.0,5.7,14.8,一字+10→下影+10,27.81,-5.06,12.9,1.66,124,79,False,-7.95,-14.06,False,-14.06,1.0,False,2,炸板,True,2026-01,2026,,,,,,二接三阳
603938.SSE,三孚股份,2026-05-20,二接三,2,阴,2026-05-18,-5.41,-10.8,88.7,+++,46.0,81.0,0,2,05-18,实体,1.5,0.0,3.4,05-19,下影,2.5,2.0,8.7,实体+2→下影+2,53.76,4.28,2.1,0.29,51,75,True,5.62,-5.92,False,-5.92,1.0,False,3,封次日负,True,2026-05,2026,,,,,,二接三阴
603938.SSE,三孚股份,2026-06-24,二接三,2,阴,2026-06-22,-2.92,-16.9,151.5,-++,6.4,22.0,3,3,06-22,实体,3.2,0.0,5.9,06-23,下影,8.3,7.0,10.0,实体+3→下影+8,71.63,1.66,13.6,1.47,87,87,True,3.64,-2.72,False,-2.72,1.0,False,3,封次日负,True,2026-06,2026,,,,,,二接三阴
603948.SSE,建业股份,2025-06-24,二接三,2,阴,2025-06-20,-1.76,-11.3,17.3,---,-7.6,324.0,0,0,06-20,下影,0.7,1.0,2.5,06-23,一字,10.0,0.0,1.2,下影+1→一字+10,23.73,10.01,9.0,3.27,53,60,True,0.25,2.28,False,2.28,1.0,False,3,封次日正,False,2025-06,2025,,,,,,二接三阴
603949.SSE,雪龙集团,2025-02-27,二接三,2,阴,2025-02-25,-2.62,-19.2,23.3,+++,4.5,,0,0,02-25,一字,10.0,0.0,1.5,02-26,下影,9.3,4.5,5.2,一字+10→下影+9,17.3,9.98,3.9,1.26,66,81,True,10.0,-8.03,False,-8.03,1.0,False,3,封次日负,True,2025-02,2025,,,,,,二接三阴
603949.SSE,雪龙集团,2025-02-28,三接四,3,阴,2025-02-25,-2.62,-19.2,23.3,+++,4.5,,0,0,02-25,一字,10.0,0.0,1.5,02-26,下影,9.3,4.5,5.2,一字+10→下影+9→下影+10,19.03,10.0,12.6,2.48,32,66,False,-24.12,-24.7,False,-24.7,1.0,False,3,炸板,True,2025-02,2025,02-27,下影,10.0,2.4,3.9,三接四阴
603949.SSE,雪龙集团,2025-03-21,三接四,3,阳,2025-03-18,1.18,-23.5,38.0,+-+,17.0,13.0,3,3,03-18,下影,0.0,0.3,2.3,03-19,一字,10.0,0.0,1.1,下影+0→一字+10→一字+10,21.31,10.02,14.4,3.46,39,55,True,-8.21,10.0,True,13.7,2.0,False,5,连板,False,2025-03,2025,03-20,一字,10.0,0.0,0.4,三接四阳
603950.SSE,长源东谷,2026-03-02,二接三,2,阴,2026-02-26,-5.16,-10.9,33.5,+++,18.3,430.0,0,0,02-26,下影,0.6,2.3,3.8,02-27,实体,3.8,0.0,1.5,下影+1→实体+4,48.96,6.72,7.1,1.77,77,69,True,2.53,2.25,False,2.25,1.0,False,3,封次日正,False,2026-03,2026,,,,,,二接三阴
603950.SSE,长源东谷,2026-03-03,三接四,3,阴,2026-02-26,-5.16,-10.9,33.5,+++,18.3,430.0,0,0,02-26,下影,0.6,2.3,3.8,02-27,实体,3.8,0.0,1.5,下影+1→实体+4→下影+7,53.86,2.53,8.8,1.74,67,77,False,-11.88,-7.54,False,-7.54,1.0,False,3,炸板,True,2026-03,2026,03-02,下影,6.7,7.6,7.1,三接四阴
603950.SSE,长源东谷,2026-04-13,三接四,3,阴,2026-04-08,-7.25,-35.4,33.1,--+,-7.6,16.0,3,3,04-08,一字,10.0,0.0,0.8,04-09,一字,10.0,0.0,0.2,一字+10→一字+10→一字+10,54.31,5.33,8.7,3.01,52,53,True,3.0,0.17,False,0.17,1.0,False,4,封次日正,False,2026-04,2026,04-10,一字,10.0,0.0,2.0,三接四阴
603950.SSE,长源东谷,2026-07-01,二接三,2,阴,2026-06-29,-6.61,-10.8,90.7,++-,-7.7,51.0,4,4,06-29,下影,7.1,4.1,4.3,06-30,下影,4.2,0.7,1.5,下影+7→下影+4,92.87,4.8,5.6,1.46,130,114,False,-10.85,-12.61,False,-12.61,1.0,False,2,炸板,True,2026-07,2026,,,,,,二接三阴
603955.SSE,大千生态,2024-01-18,二接三,2,阴,2024-01-11,-0.99,-7.2,7.5,++-,1.6,,0,0,01-11,下影,0.4,0.8,3.0,01-12,一字,10.0,0.0,2.6,下影+0→一字+10,19.88,3.65,17.3,3.56,37,30,True,8.15,-10.01,False,-10.01,1.0,False,3,封次日负,True,2024-01,2024,,,,,,二接三阴
603956.SSE,威派格,2025-02-13,二接三,2,阳,2025-02-11,0.35,-19.9,19.7,++-,14.9,350.0,0,0,02-11,下影,3.8,1.2,3.4,02-12,下影,3.6,1.3,4.5,下影+4→下影+4,7.7,10.0,4.6,1.55,45,65,True,10.0,10.0,True,19.87,4.0,False,6,连板,False,2025-02,2025,,,,,,二接三阳
603956.SSE,威派格,2026-06-29,二接三,2,阴,2026-06-25,-2.82,-26.7,7.1,+--,-23.6,328.0,0,0,06-25,下影,0.0,0.4,3.8,06-26,一字,10.0,0.0,1.4,下影+0→一字+10,6.41,5.15,12.4,2.44,89,51,True,-0.31,-1.72,False,-1.72,1.0,False,3,封次日负,True,2026-06,2026,,,,,,二接三阴
603958.SSE,哈森股份,2024-02-05,二接三,2,阴,2024-02-01,-9.99,-45.8,21.9,-++,15.1,6.0,7,7,02-01,实体,4.1,0.0,5.5,02-02,一字,10.0,0.0,1.4,实体+4→一字+10,13.92,2.77,16.8,1.66,15,25,True,-2.08,-9.99,False,-9.99,1.0,False,3,封次日负,True,2024-02,2024,,,,,,二接三阴
603958.SSE,哈森股份,2024-02-06,三接四,3,阴,2024-02-01,-9.99,-45.8,21.9,-++,15.1,6.0,7,7,02-01,实体,4.1,0.0,5.5,02-02,一字,10.0,0.0,1.4,实体+4→一字+10→下影+3,15.31,-2.08,20.4,1.88,141,15,False,-23.58,-9.99,True,6.6,4.0,False,7,炸板,True,2024-02,2024,02-05,下影,2.8,7.9,16.8,三接四阴
603958.SSE,哈森股份,2024-02-19,二接三,2,阴,2024-02-07,-9.99,-35.0,46.2,-++,40.6,2.0,7,7,02-07,实体,-6.6,0.0,21.2,02-08,实体,-10.0,0.0,19.4,实体-7→实体-10,16.68,5.01,24.1,1.18,186,430,True,-3.12,-2.16,False,-2.16,1.0,False,3,封次日负,True,2024-02,2024,,,,,,二接三阴
603958.SSE,哈森股份,2024-07-24,二接三,2,阴,2024-07-15,-2.4,-26.3,3.1,---,-9.6,99.0,0,7,07-15,下影,0.6,0.9,3.8,07-16,下影,6.0,3.4,6.5,下影+1→下影+6,10.29,0.0,2.9,0.69,20,30,True,8.94,-10.01,False,-10.01,1.0,False,3,封次日负,True,2024-07,2024,,,,,,二接三阴
603958.SSE,哈森股份,2024-10-28,二接三,2,阴,2024-10-24,-3.62,-10.1,44.6,+++,27.8,59.0,3,3,10-24,下影,-1.3,0.6,9.4,10-25,下影,4.9,1.6,14.6,下影-1→下影+5,14.88,4.95,11.0,1.09,179,121,True,2.02,10.01,True,3.49,2.0,False,4,连板,False,2024-10,2024,,,,,,二接三阴
603958.SSE,哈森股份,2024-10-29,三接四,3,阴,2024-10-24,-3.62,-10.1,44.6,+++,27.8,59.0,3,3,10-24,下影,-1.3,0.6,9.4,10-25,下影,4.9,1.6,14.6,下影-1→下影+5→下影+5,16.37,2.02,7.3,0.74,93,179,True,9.96,-5.93,False,-5.93,1.0,False,4,封次日负,True,2024-10,2024,10-28,下影,5.0,1.8,11.0,三接四阴
603958.SSE,哈森股份,2024-12-30,三接四,3,阳,2024-12-11,8.87,-25.0,67.5,+--,-14.1,31.0,4,4,12-11,下影,-1.3,1.6,10.7,12-26,一字,10.0,0.0,0.4,下影-1→一字+10→一字+10,19.77,0.0,10.8,1.71,36,61,True,5.21,-10.02,False,-10.02,1.0,False,4,封次日负,True,2024-12,2024,12-27,一字,10.0,0.0,0.9,三接四阳
603958.SSE,哈森股份,2025-03-13,二接三,2,阳,2025-03-11,0.71,-22.1,44.8,+++,15.9,44.0,4,4,03-11,下影,-0.9,1.1,5.9,03-12,下影,6.1,6.3,14.6,下影-1→下影+6,22.54,0.0,20.4,1.67,34,69,False,-17.83,-21.21,False,-21.21,1.0,False,2,炸板,True,2025-03,2025,,,,,,二接三阳
603958.SSE,哈森股份,2026-01-30,二接三,2,阴,2026-01-28,-4.96,-14.7,16.5,+++,11.5,217.0,0,0,01-28,实体,0.2,0.1,9.9,01-29,下影,-0.9,0.9,14.6,实体+0→下影-1,19.12,-2.19,16.4,1.52,41,74,False,-9.83,-1.05,False,-1.05,1.0,False,2,炸板,True,2026-01,2026,,,,,,二接三阴
603958.SSE,哈森股份,2026-08-19,二接三,2,阳,2026-08-17,3.81,-43.1,29.6,++-,9.9,131.0,0,0,08-17,下影,0.1,0.3,1.2,08-18,一字,10.0,0.0,0.5,下影+0→一字+10,20.31,7.69,14.1,3.62,32,70,False,-16.4,-8.03,True,9.6,4.0,False,6,炸板,True,2026-08,2026,,,,,,二接三阳
603958.SSE,哈森股份,2026-08-24,二接三,2,阴,2026-08-20,-8.02,-27.6,44.3,+++,32.0,2.0,2,2,08-20,下影,0.0,4.9,7.7,08-21,下影,7.1,1.5,7.0,下影+0→下影+7,22.61,4.67,19.9,2.03,41,47,True,0.0,-1.55,False,-1.55,1.0,False,3,封次日负,True,2026-08,2026,,,,,,二接三阴
603966.SSE,法兰泰克,2025-07-23,二接三,2,阴,2025-07-21,-1.53,-13.9,18.4,+++,11.3,,0,0,07-21,一字,10.0,0.0,1.1,07-22,一字,10.0,0.0,0.6,一字+10→一字+10,12.86,10.01,11.0,2.82,43,82,True,-2.8,-1.24,False,-1.24,1.0,False,3,封次日负,True,2025-07,2025,,,,,,二接三阴
603967.SSE,中创物流,2023-12-20,二接三,2,阴,2023-12-18,-0.6,-1.8,10.6,+-+,1.3,,0,0,12-18,下影,0.5,0.5,2.8,12-19,一字,10.0,0.0,1.8,下影+1→一字+10,13.16,-2.76,17.5,3.71,25,19,False,-12.54,-14.51,False,-14.51,1.0,False,2,炸板,True,2023-12,2023,,,,,,二接三阴
603978.SSE,深圳新星,2024-10-23,二接三,2,阳,2024-10-21,3.7,-19.0,72.1,-++,27.5,7.0,2,2,10-21,实体,1.9,0.0,15.2,10-22,下影,-0.5,2.8,11.5,实体+2→下影-1,18.27,0.36,24.2,1.84,76,85,False,-9.74,-6.08,False,-6.08,1.0,False,2,炸板,True,2024-10,2024,,,,,,二接三阳
603978.SSE,深圳新星,2025-11-10,二接三,2,阳,2025-11-06,2.68,-1.5,87.6,+++,25.6,254.0,0,0,11-06,实体,6.5,0.0,5.4,11-07,下影,9.0,2.5,4.5,实体+7→下影+9,38.73,10.0,22.4,2.28,56,45,False,-12.21,-4.78,False,-4.78,1.0,False,2,炸板,True,2025-11,2025,,,,,,二接三阳
603980.SSE,吉华集团,2024-12-26,二接三,2,阴,2024-12-24,-7.08,-13.6,28.4,-++,-3.4,,0,0,12-24,实体,1.9,0.0,1.2,12-25,下影,3.9,1.9,12.8,实体+2→下影+4,5.59,2.36,11.9,2.03,79,31,True,0.0,-8.23,False,-8.23,1.0,False,3,封次日负,True,2024-12,2024,,,,,,二接三阴
603980.SSE,吉华集团,2026-02-11,二接三,2,阳,2026-02-09,1.71,-3.0,34.2,+++,30.0,161.0,0,0,02-09,一字,10.1,0.0,0.8,02-10,一字,10.0,0.0,0.8,一字+10→一字+10,8.72,5.3,23.0,1.68,46,48,True,-3.67,-0.92,False,-0.92,1.0,False,3,封次日负,True,2026-02,2026,,,,,,二接三阳
603985.SSE,恒润股份,2023-10-25,二接三,2,阳,2023-10-23,0.34,-8.8,50.8,+++,27.1,,0,0,10-23,下影,3.4,2.8,7.7,10-24,一字,10.0,0.0,1.9,下影+3→一字+10,43.0,10.0,7.1,0.95,52,52,True,8.98,10.0,True,7.35,2.0,False,4,连板,False,2023-10,2023,,,,,,二接三阳
603985.SSE,恒润股份,2023-10-26,三接四,3,阳,2023-10-23,0.34,-8.8,50.8,+++,27.1,,0,0,10-23,下影,3.4,2.8,7.7,10-24,一字,10.0,0.0,1.9,下影+3→一字+10→下影+10,47.3,8.98,19.3,2.03,34,52,True,-0.08,-2.41,False,-2.41,1.0,False,4,封次日负,True,2023-10,2023,10-25,下影,10.0,2.6,7.1,三接四阳
603985.SSE,恒润股份,2024-10-29,二接三,2,阴,2024-10-25,-3.9,-14.0,29.6,+++,23.0,233.0,0,0,10-25,实体,-0.4,0.0,4.1,10-28,下影,10.0,6.3,10.8,实体-0→下影+10,15.08,4.3,14.2,1.89,93,179,True,-3.18,-3.25,False,-3.25,1.0,False,3,封次日负,True,2024-10,2024,,,,,,二接三阴
603985.SSE,恒润股份,2025-04-02,二接三,2,阴,2025-03-31,-3.25,-20.6,30.5,-++,4.9,102.0,0,3,03-31,下影,0.1,0.9,4.8,04-01,一字,10.0,0.0,2.1,下影+0→一字+10,17.04,3.29,8.4,1.96,37,43,True,0.0,-2.58,False,-2.58,1.0,False,3,封次日负,True,2025-04,2025,,,,,,二接三阴
603988.SSE,中电电机,2024-07-30,三接四,3,阳,2024-07-23,2.33,-27.8,6.2,---,0.4,70.0,0,5,07-23,下影,0.1,0.5,2.2,07-26,一字,10.0,0.0,1.0,下影+0→一字+10→一字+10,10.96,10.04,19.6,4.05,51,47,True,-1.46,10.04,True,8.94,3.0,False,6,连板,False,2024-07,2024,07-29,一字,10.1,0.0,0.4,三接四阳
603988.SSE,中电电机,2024-09-25,二接三,2,阳,2024-09-23,4.66,-13.7,62.6,+++,2.1,35.0,6,6,09-23,下影,0.0,2.1,11.9,09-24,下影,4.9,1.7,4.2,下影+0→下影+5,15.25,10.03,20.2,1.7,43,76,False,-6.49,-1.18,False,-1.18,1.0,False,2,炸板,True,2024-09,2024,,,,,,二接三阳
603988.SSE,中电电机,2025-09-19,二接三,2,阴,2025-09-17,0.27,-7.6,17.1,+++,11.3,67.0,0,2,09-17,下影,-0.4,0.8,4.2,09-18,下影,4.6,1.7,12.9,下影-0→下影+5,35.05,10.01,17.7,2.13,46,45,False,-12.67,-16.63,False,-16.63,1.0,False,2,炸板,True,2025-09,2025,,,,,,二接三阴
603989.SSE,艾华集团,2026-06-18,二接三,2,阳,2026-06-16,8.41,-18.8,101.2,-++,41.7,13.0,2,2,06-16,实体,-0.6,0.0,5.0,06-17,实体,0.0,0.0,3.7,实体-1→实体+0,41.5,6.18,1.4,0.31,75,67,True,8.14,10.0,True,7.04,2.0,False,4,连板,False,2026-06,2026,,,,,,二接三阳
603989.SSE,艾华集团,2026-06-22,三接四,3,阳,2026-06-16,8.41,-18.8,101.2,-++,41.7,13.0,2,2,06-16,实体,-0.6,0.0,5.0,06-17,实体,0.0,0.0,3.7,实体-1→实体+0→下影+6,45.65,8.14,8.2,1.71,122,75,True,4.47,-2.69,False,-2.69,1.0,False,4,封次日负,True,2026-06,2026,06-18,下影,6.2,1.2,1.4,三接四阳
603990.SSE,麦迪科技,2024-02-26,二接三,2,阳,2024-02-22,3.46,-34.3,17.7,---,-20.3,,0,0,02-22,下影,6.9,2.8,4.9,02-23,下影,9.8,2.4,3.0,下影+7→下影+10,12.73,10.03,13.8,2.45,72,79,False,-14.3,-12.33,False,-12.33,1.0,False,2,炸板,True,2024-02,2024,,,,,,二接三阳
603990.SSE,麦迪科技,2024-12-06,二接三,2,阳,2024-12-04,2.52,-8.0,51.3,++-,6.0,190.0,0,0,12-04,下影,1.5,1.1,5.7,12-05,下影,10.0,3.2,11.9,下影+2→下影+10,15.73,10.0,35.9,2.54,94,103,False,-14.81,-18.88,False,-18.88,1.0,False,2,炸板,True,2024-12,2024,,,,,,二接三阳
603990.SSE,麦迪科技,2025-01-10,二接三,2,阳,2025-01-08,3.17,-38.0,4.3,---,-23.6,23.0,2,2,01-08,一字,10.1,0.0,1.4,01-09,一字,10.0,0.0,1.0,一字+10→一字+10,12.98,10.0,9.5,2.6,35,77,True,0.15,-6.32,False,-6.32,1.0,False,3,封次日负,True,2025-01,2025,,,,,,二接三阳
603990.SSE,麦迪科技,2025-01-13,三接四,3,阳,2025-01-08,3.17,-38.0,4.3,---,-23.6,23.0,2,2,01-08,一字,10.1,0.0,1.4,01-09,一字,10.0,0.0,1.0,一字+10→一字+10→下影+10,14.28,0.15,31.2,3.39,42,35,False,-22.97,-11.2,False,-11.2,1.0,False,3,炸板,True,2025-01,2025,01-10,下影,10.0,2.5,9.5,三接四阳
603992.SSE,松霖科技,2024-02-20,二接三,2,阴,2024-02-08,-3.31,-36.4,4.5,---,-30.8,,0,0,02-08,下影,0.6,4.4,1.0,02-19,实体,0.8,0.0,0.5,下影+1→实体+1,17.11,2.57,0.8,1.01,80,186,True,0.88,-0.06,False,-0.06,1.0,False,3,封次日负,True,2024-02,2024,,,,,,二接三阴
605001.SSE,威奥股份,2024-04-22,三接四,3,阴,2024-04-17,-10.06,-30.5,25.3,--+,-15.1,,0,0,04-17,实体,0.0,0.2,2.3,04-18,下影,7.4,1.8,1.4,实体+0→下影+7→一字+10,6.81,10.02,7.5,2.42,40,41,True,-3.82,-7.64,False,-7.64,1.0,False,4,封次日负,True,2024-04,2024,04-19,一字,9.9,0.0,1.5,三接四阴
605005.SSE,合兴股份,2023-07-06,二接三,2,阴,2023-07-04,0.0,-2.0,10.5,+++,3.5,,0,0,07-04,实体,2.3,0.1,8.2,07-05,一字,10.0,0.0,4.3,实体+2→一字+10,21.07,0.16,42.6,3.68,28,19,False,-11.2,-11.2,False,-11.2,1.0,False,2,炸板,True,2023-07,2023,,,,,,二接三阴
605005.SSE,合兴股份,2023-11-29,二接三,2,阴,2023-11-27,-3.2,-7.6,17.9,-++,0.3,97.0,0,2,11-27,实体,0.2,0.0,19.7,11-28,一字,10.0,0.0,5.6,实体+0→一字+10,24.59,7.52,64.0,2.95,25,34,False,-17.65,-17.65,False,-17.65,1.0,False,2,炸板,True,2023-11,2023,,,,,,二接三阴
605005.SSE,合兴股份,2025-05-30,二接三,2,阳,2025-05-28,0.06,-16.3,19.3,-++,2.4,360.0,0,0,05-28,下影,0.3,0.8,1.8,05-29,一字,10.0,0.0,1.0,下影+0→一字+10,21.45,10.0,7.3,3.46,32,80,False,-16.13,2.52,True,6.29,3.0,False,5,炸板,False,2025-05,2025,,,,,,二接三阳
605005.SSE,合兴股份,2025-06-05,二接三,2,阴,2025-06-03,2.51,-6.8,48.0,+++,27.2,2.0,2,2,06-03,实体,-10.0,0.0,4.4,06-04,一字,10.0,0.0,0.7,实体-10→一字+10,26.61,10.0,8.2,1.89,56,60,False,-16.76,-22.89,False,-22.89,1.0,False,2,炸板,True,2025-06,2025,,,,,,二接三阴
605006.SSE,山东玻纤,2024-12-06,二接三,2,阳,2024-12-04,3.15,-0.9,38.6,+++,10.7,,0,0,12-04,下影,0.0,3.8,5.1,12-05,下影,2.0,2.1,8.5,下影+0→下影+2,7.41,-0.3,9.4,1.77,94,103,True,3.24,9.99,True,31.85,5.0,False,7,连板,False,2024-12,2024,,,,,,二接三阳
605006.SSE,山东玻纤,2024-12-09,三接四,3,阳,2024-12-04,3.15,-0.9,38.6,+++,10.7,,0,0,12-04,下影,0.0,3.8,5.1,12-05,下影,2.0,2.1,8.5,下影+0→下影+2→下影-0,8.15,3.24,12.7,1.68,83,94,True,7.85,10.06,True,19.88,4.0,False,7,连板,False,2024-12,2024,12-06,下影,-0.3,4.7,9.4,三接四阳
605006.SSE,山东玻纤,2026-05-11,二接三,2,阳,2026-05-07,5.13,-2.3,61.7,+++,29.6,50.0,2,2,05-07,实体,-0.1,0.1,9.0,05-08,下影,-1.0,0.6,5.5,实体-0→下影-1,16.36,7.87,3.0,0.35,76,89,True,6.97,3.85,False,3.85,1.0,False,3,封次日正,False,2026-05,2026,,,,,,二接三阳
605007.SSE,五洲特纸,2025-12-26,二接三,2,阳,2025-12-24,0.26,-5.7,3.4,+--,0.3,,0,0,12-24,下影,0.0,0.7,3.7,12-25,下影,7.0,1.9,5.5,下影+0→下影+7,15.61,10.01,12.0,2.76,69,72,True,-5.83,-9.99,False,-9.99,1.0,False,3,封次日负,True,2025-12,2025,,,,,,二接三阳
605011.SSE,杭州热电,2023-05-16,二接三,2,阳,2023-05-12,1.33,-3.4,9.7,,1.1,,0,0,05-12,实体,0.0,0.1,7.2,05-15,下影,10.0,2.6,5.2,实体+0→下影+10,20.27,0.71,20.3,2.97,15,31,True,0.59,10.01,True,14.6,2.0,False,4,连板,False,2023-05,2023,,,,,,二接三阳
605011.SSE,杭州热电,2023-05-17,三接四,3,阳,2023-05-12,1.33,-3.4,9.7,,1.1,,0,0,05-12,实体,0.0,0.1,7.2,05-15,下影,10.0,2.6,5.2,实体+0→下影+10→下影+1,22.3,0.59,16.5,1.64,30,15,True,2.87,4.17,False,4.17,1.0,False,4,封次日正,False,2023-05,2023,05-16,下影,0.7,0.3,20.3,三接四阳
605011.SSE,杭州热电,2023-05-23,二接三,2,阳,2023-05-19,4.17,-3.3,67.4,+++,53.5,2.0,4,4,05-19,实体,-7.0,0.0,22.2,05-22,下影,-4.0,2.1,16.8,实体-7→下影-4,30.92,2.45,20.9,1.06,18,31,True,-0.19,9.99,True,24.48,3.0,False,5,连板,False,2023-05,2023,,,,,,二接三阳
605011.SSE,杭州热电,2023-05-24,三接四,3,阳,2023-05-19,4.17,-3.3,67.4,+++,53.5,2.0,4,4,05-19,实体,-7.0,0.0,22.2,05-22,下影,-4.0,2.1,16.8,实体-7→下影-4→下影+2,34.01,-0.19,17.6,0.89,30,18,True,2.91,10.0,True,13.17,2.0,False,5,连板,False,2023-05,2023,05-23,下影,2.5,2.8,20.9,三接四阳
605018.SSE,长华集团,2025-01-23,二接三,2,阳,2025-01-21,2.29,-10.4,24.4,++-,0.3,32.0,2,2,01-21,实体,1.9,0.0,1.9,01-22,下影,10.0,8.9,5.4,实体+2→下影+10,13.08,0.08,10.5,2.33,36,36,False,-15.9,-7.49,True,-3.06,2.0,False,4,炸板,True,2025-01,2025,,,,,,二接三阳
605028.SSE,世茂能源,2025-08-21,二接三,2,阴,2025-08-19,-0.3,-12.6,21.7,-++,3.0,182.0,0,0,08-19,下影,-0.4,3.2,7.0,08-20,下影,10.0,14.8,9.0,下影-0→下影+10,26.86,3.56,6.1,1.21,37,78,True,10.01,10.01,True,0.34,2.0,False,4,连板,False,2025-08,2025,,,,,,二接三阴
605033.SSE,美邦股份,2025-01-06,二接三,2,阴,2025-01-02,-0.91,-17.3,4.1,---,-12.8,,0,0,01-02,实体,-0.4,0.2,2.5,01-03,实体,9.4,0.0,2.6,实体-0→实体+9,16.01,10.03,13.6,3.22,52,41,True,3.94,9.99,True,75.39,8.0,False,10,连板,False,2025-01,2025,,,,,,二接三阴
605033.SSE,美邦股份,2025-01-07,三接四,3,阴,2025-01-02,-0.91,-17.3,4.1,---,-12.8,,0,0,01-02,实体,-0.4,0.2,2.5,01-03,实体,9.4,0.0,2.6,实体-0→实体+9→下影+10,17.61,3.94,10.5,1.73,77,52,True,3.92,9.99,True,59.45,7.0,False,10,连板,False,2025-01,2025,01-06,下影,10.0,20.0,13.6,三接四阴
605055.SSE,迎丰股份,2025-05-14,三接四,3,阳,2025-05-09,3.96,-7.8,35.4,++-,17.3,,0,0,05-09,下影,0.2,0.9,3.9,05-12,下影,9.8,0.5,4.9,下影+0→下影+10→一字+10,8.46,0.0,12.2,2.28,51,41,True,-3.43,10.05,True,4.96,2.0,False,5,连板,False,2025-05,2025,05-13,一字,10.0,0.0,1.2,三接四阳
605058.SSE,澳弘电子,2025-01-21,二接三,2,阴,2025-01-17,-1.02,-11.5,10.2,+--,-5.3,,0,0,01-17,实体,-0.9,0.2,2.6,01-20,下影,8.5,1.5,3.8,实体-1→下影+8,25.92,-1.4,13.9,2.82,38,62,False,-11.27,-5.67,False,-5.67,1.0,False,2,炸板,True,2025-01,2025,,,,,,二接三阴
605066.SSE,天正电气,2024-12-27,二接三,2,阳,2024-12-25,2.07,-8.8,15.4,--+,-0.7,,0,0,12-25,下影,0.2,3.4,4.8,12-26,一字,10.0,0.0,3.5,下影+0→一字+10,7.87,10.07,27.0,3.53,61,79,False,-11.31,-15.12,False,-15.12,1.0,False,2,炸板,True,2024-12,2024,,,,,,二接三阳
605066.SSE,天正电气,2025-03-03,二接三,2,阳,2025-02-27,0.6,-15.4,22.2,+++,7.4,38.0,2,2,02-27,下影,1.2,0.5,2.4,02-28,下影,10.0,2.5,6.2,下影+1→下影+10,8.87,10.05,5.8,1.41,51,32,True,4.62,10.03,True,13.53,3.0,False,5,连板,False,2025-03,2025,,,,,,二接三阳
605066.SSE,天正电气,2025-03-04,三接四,3,阳,2025-02-27,0.6,-15.4,22.2,+++,7.4,38.0,2,2,02-27,下影,1.2,0.5,2.4,02-28,下影,10.0,2.5,6.2,下影+1→下影+10→下影+10,9.76,4.62,35.3,3.34,61,51,True,10.04,10.04,True,3.18,2.0,False,5,连板,False,2025-03,2025,03-03,下影,10.0,1.9,5.8,三接四阳
605068.SSE,明新旭腾,2026-07-29,二接三,2,阳,2026-07-27,-0.99,-53.9,8.7,---,-18.3,225.0,0,0,07-27,下影,0.8,2.6,1.7,07-28,下影,2.5,5.0,3.1,下影+1→下影+3,18.72,9.99,3.5,1.57,73,57,True,9.99,9.99,True,15.87,2.0,False,4,连板,False,2026-07,2026,,,,,,二接三阳
605068.SSE,明新旭腾,2026-07-30,三接四,3,阳,2026-07-27,-0.99,-53.9,8.7,---,-18.3,225.0,0,0,07-27,下影,0.8,2.6,1.7,07-28,下影,2.5,5.0,3.1,下影+1→下影+3→下影+10,20.59,9.99,3.7,1.37,46,73,True,8.06,5.34,False,5.34,1.0,False,4,封次日正,False,2026-07,2026,07-29,下影,10.0,2.4,3.5,三接四阳
605069.SSE,正和生态,2023-08-22,二接三,2,阳,2023-08-18,0.43,-13.8,15.3,+-+,3.9,,0,0,08-18,实体,-0.2,0.0,9.7,08-21,下影,4.6,0.9,17.5,实体-0→下影+5,12.55,8.5,45.7,2.89,33,20,True,5.98,10.04,True,8.92,3.0,False,5,连板,False,2023-08,2023,,,,,,二接三阳
605069.SSE,正和生态,2023-08-23,三接四,3,阳,2023-08-18,0.43,-13.8,15.3,+-+,3.9,,0,0,08-18,实体,-0.2,0.0,9.7,08-21,下影,4.6,0.9,17.5,实体-0→下影+5→下影+9,13.81,5.98,30.3,1.42,25,33,True,-7.31,9.99,True,-1.01,2.0,False,5,连板,False,2023-08,2023,08-22,下影,8.5,9.5,45.7,三接四阳
605069.SSE,正和生态,2024-10-30,二接三,2,阳,2024-10-28,3.01,-3.5,32.4,+++,27.5,281.0,0,0,10-28,实体,6.1,0.0,5.6,10-29,一字,10.0,0.0,1.5,实体+6→一字+10,9.57,7.01,16.8,2.33,118,93,True,9.93,6.17,False,6.17,1.0,False,3,封次日正,False,2024-10,2024,,,,,,二接三阳
605069.SSE,正和生态,2025-02-05,二接三,2,阳,2025-01-24,1.74,-36.2,4.9,---,-6.8,61.0,0,3,01-24,下影,1.1,1.6,10.8,01-27,下影,7.0,4.2,11.5,下影+1→下影+7,9.33,-0.94,37.2,2.63,51,35,False,-17.79,-11.15,False,-11.15,1.0,False,2,炸板,True,2025-02,2025,,,,,,二接三阳
605069.SSE,正和生态,2025-03-26,二接三,2,阳,2025-03-24,2.0,-15.0,45.2,-++,16.4,8.0,2,3,03-24,下影,-1.5,0.5,34.4,03-25,下影,6.5,5.0,27.1,下影-2→下影+6,12.91,-2.9,62.3,2.0,56,41,True,-7.05,-9.99,False,-9.99,1.0,False,3,封次日负,True,2025-03,2025,,,,,,二接三阳
605069.SSE,正和生态,2026-06-24,二接三,2,阳,2026-06-22,2.69,-34.8,9.6,---,-29.8,111.0,0,2,06-22,下影,-1.5,0.7,5.7,06-23,下影,10.0,4.7,3.1,下影-2→下影+10,14.74,5.97,14.1,1.78,87,87,True,-3.12,-0.27,False,-0.27,1.0,False,3,封次日负,True,2026-06,2026,,,,,,二接三阳
605086.SSE,龙高股份,2024-12-18,二接三,2,阴,2024-12-16,-3.55,-11.8,93.4,++-,4.0,262.0,0,0,12-16,实体,1.8,0.2,0.6,12-17,下影,9.8,7.7,4.5,实体+2→下影+10,37.24,2.19,2.6,1.3,84,25,True,3.84,-0.78,False,-0.78,1.0,False,3,封次日负,True,2024-12,2024,,,,,,二接三阴
605086.SSE,龙高股份,2024-12-19,三接四,3,阴,2024-12-16,-3.55,-11.8,93.4,++-,4.0,262.0,0,0,12-16,实体,1.8,0.2,0.6,12-17,下影,9.8,7.7,4.5,实体+2→下影+10→下影+2,40.96,3.84,6.8,2.2,50,84,False,-14.53,-10.57,False,-10.57,1.0,False,3,炸板,True,2024-12,2024,12-18,下影,2.2,1.7,2.6,三接四阴
605088.SSE,冠盛股份,2024-04-03,二接三,2,阳,2024-04-01,1.38,-17.4,48.2,+++,12.1,145.0,0,0,04-01,下影,0.5,2.7,6.8,04-02,下影,0.8,0.8,10.7,下影+1→下影+1,28.45,0.12,15.5,2.09,42,47,False,-17.05,-16.91,False,-16.91,1.0,False,2,炸板,True,2024-04,2024,,,,,,二接三阳
605099.SSE,共创草坪,2025-06-04,二接三,2,阴,2025-05-30,-2.53,-3.7,37.7,+++,16.3,106.0,0,2,05-30,实体,0.3,0.0,1.3,06-03,一字,10.0,0.0,0.6,实体+0→一字+10,30.77,10.01,2.2,2.1,60,57,True,9.85,10.01,True,18.72,2.0,False,4,连板,False,2025-06,2025,,,,,,二接三阴
605099.SSE,共创草坪,2025-06-05,三接四,3,阴,2025-05-30,-2.53,-3.7,37.7,+++,16.3,106.0,0,2,05-30,实体,0.3,0.0,1.3,06-03,一字,10.0,0.0,0.6,实体+0→一字+10→下影+10,33.85,9.85,1.3,1.09,56,60,True,5.17,7.92,False,7.92,1.0,False,4,封次日正,False,2025-06,2025,06-04,下影,10.0,5.6,2.2,三接四阴
605100.SSE,华丰股份,2025-02-25,二接三,2,阳,2025-02-21,0.85,-16.8,16.9,+++,9.2,,0,0,02-21,下影,1.7,0.7,4.9,02-24,下影,10.0,3.4,7.0,下影+2→下影+10,19.03,0.0,11.3,2.08,46,66,True,9.98,9.98,True,20.86,4.0,False,6,连板,False,2025-02,2025,,,,,,二接三阳
605100.SSE,华丰股份,2025-03-12,二接三,2,阴,2025-03-10,-9.98,-10.0,105.0,+++,80.6,6.0,6,6,03-10,下影,-3.5,0.7,19.8,03-11,下影,5.2,4.9,17.0,下影-3→下影+5,33.37,5.54,31.3,1.39,69,45,False,-16.57,-6.38,True,-14.2,2.0,False,4,炸板,True,2025-03,2025,,,,,,二接三阴
605118.SSE,力鼎光电,2023-06-01,二接三,2,阴,2023-05-30,-5.17,-7.7,26.3,++-,20.5,,0,0,05-30,下影,1.5,0.9,11.2,05-31,下影,10.0,8.2,28.9,下影+2→下影+10,20.25,8.64,33.4,1.44,34,32,True,2.72,-1.73,False,-1.73,1.0,False,3,封次日负,True,2023-06,2023,,,,,,二接三阴
605118.SSE,力鼎光电,2023-06-02,三接四,3,阴,2023-05-30,-5.17,-7.7,26.3,++-,20.5,,0,0,05-30,下影,1.5,0.9,11.2,05-31,下影,10.0,8.2,28.9,下影+2→下影+10→下影+9,22.28,2.72,60.3,2.03,45,34,False,-16.38,-1.75,True,-4.58,2.0,False,5,炸板,True,2023-06,2023,06-01,下影,8.6,6.1,33.4,三接四阴
605118.SSE,力鼎光电,2023-12-29,二接三,2,阳,2023-12-27,1.28,-9.3,32.6,--+,5.3,141.0,0,0,12-27,实体,-0.6,0.0,5.7,12-28,下影,-2.6,0.9,7.4,实体-1→下影-3,24.19,-0.5,6.2,1.37,54,49,True,0.99,10.0,True,8.89,3.0,False,5,连板,False,2023-12,2023,,,,,,二接三阳
605118.SSE,力鼎光电,2024-01-02,三接四,3,阳,2023-12-27,1.28,-9.3,32.6,--+,5.3,141.0,0,0,12-27,实体,-0.6,0.0,5.7,12-28,下影,-2.6,0.9,7.4,实体-1→下影-3→下影-1,26.61,0.99,2.0,0.43,48,54,True,0.26,10.0,True,-1.01,2.0,False,5,连板,False,2024-01,2024,12-29,下影,-0.5,6.7,6.2,三接四阳
605133.SSE,嵘泰股份,2025-05-07,二接三,2,阳,2025-04-30,1.14,-6.4,43.0,++-,5.4,,0,0,04-30,下影,-0.1,0.7,5.1,05-06,下影,3.2,0.6,6.2,下影-0→下影+3,45.96,1.96,9.2,1.67,50,79,False,-8.83,-15.97,False,-15.97,1.0,False,2,炸板,True,2025-05,2025,,,,,,二接三阳
605136.SSE,丽人丽妆,2025-05-19,二接三,2,阳,2025-05-15,0.91,-12.2,34.1,+-+,12.9,,0,0,05-15,实体,3.3,0.0,6.1,05-16,一字,10.0,0.0,3.1,实体+3→一字+10,10.37,0.21,19.9,2.89,66,51,True,4.24,10.03,True,27.19,3.0,False,5,连板,False,2025-05,2025,,,,,,二接三阳
605136.SSE,丽人丽妆,2025-05-20,三接四,3,阳,2025-05-15,0.91,-12.2,34.1,+-+,12.9,,0,0,05-15,实体,3.3,0.0,6.1,05-16,一字,10.0,0.0,3.1,实体+3→一字+10→下影+0,11.41,4.24,9.5,1.15,61,66,True,9.99,9.99,True,15.6,2.0,False,5,连板,False,2025-05,2025,05-19,下影,0.2,1.4,19.9,三接四阳
605138.SSE,盛泰集团,2025-05-15,二接三,2,阴,2025-05-13,-0.78,-8.6,35.2,+++,25.1,15.0,2,2,05-13,下影,0.3,0.6,2.4,05-14,下影,5.0,4.4,5.2,下影+0→下影+5,8.49,2.33,7.2,1.95,40,51,True,-5.3,-7.42,False,-7.42,1.0,False,3,封次日负,True,2025-05,2025,,,,,,二接三阴
605155.SSE,西大门,2025-03-12,二接三,2,阳,2025-03-10,2.95,-4.8,28.2,+++,11.1,62.0,0,2,03-10,下影,-0.9,1.1,8.2,03-11,下影,-1.8,4.3,13.1,下影-1→下影-2,15.81,3.62,21.4,2.11,69,45,False,-12.21,-13.03,False,-13.03,1.0,False,2,炸板,True,2025-03,2025,,,,,,二接三阳
605162.SSE,新中港,2023-06-27,二接三,2,阴,2023-06-21,-2.71,-22.6,15.0,--+,-1.2,19.0,2,2,06-21,下影,-0.5,0.7,29.0,06-26,下影,1.9,1.1,37.3,下影-1→下影+2,12.45,2.47,47.2,1.74,48,32,False,-8.19,-9.16,False,-9.16,1.0,False,2,炸板,True,2023-06,2023,,,,,,二接三阴
605162.SSE,新中港,2024-05-28,二接三,2,阴,2024-05-24,-3.25,-18.0,20.4,-++,8.9,36.0,2,2,05-24,下影,1.5,0.8,9.5,05-27,一字,10.0,0.0,7.0,下影+1→一字+10,9.92,8.09,55.0,3.46,18,30,False,-14.42,-14.42,False,-14.42,1.0,False,2,炸板,True,2024-05,2024,,,,,,二接三阴
605162.SSE,新中港,2025-07-08,二接三,2,阳,2025-07-04,1.84,-4.2,22.8,+--,0.3,269.0,0,0,07-04,实体,0.8,0.1,2.2,07-07,下影,9.5,1.6,4.2,实体+1→下影+9,10.33,10.01,12.8,2.94,57,52,True,0.29,9.97,True,-1.06,2.0,False,4,连板,False,2025-07,2025,,,,,,二接三阳
605162.SSE,新中港,2025-07-09,三接四,3,阳,2025-07-04,1.84,-4.2,22.8,+--,0.3,269.0,0,0,07-04,实体,0.8,0.1,2.2,07-07,下影,9.5,1.6,4.2,实体+1→下影+9→下影+10,11.36,0.29,17.9,2.33,40,57,True,-4.49,-10.04,False,-10.04,1.0,False,4,封次日负,True,2025-07,2025,07-08,下影,10.0,5.1,12.8,三接四阳
605162.SSE,新中港,2026-04-02,二接三,2,阴,2026-03-31,-5.8,-9.8,24.9,+++,7.9,175.0,0,0,03-31,下影,-3.3,0.4,8.1,04-01,下影,1.6,5.8,13.7,下影-3→下影+2,14.05,4.93,11.6,1.18,25,49,True,3.06,-8.97,False,-8.97,1.0,False,3,封次日负,True,2026-04,2026,,,,,,二接三阴
605162.SSE,新中港,2026-04-03,三接四,3,阴,2026-03-31,-5.8,-9.8,24.9,+++,7.9,175.0,0,0,03-31,下影,-3.3,0.4,8.1,04-01,下影,1.6,5.8,13.7,下影-3→下影+2→实体+5,15.46,3.06,16.3,1.43,26,25,False,-17.27,-8.99,True,-8.47,3.0,False,6,炸板,True,2026-04,2026,04-02,实体,4.9,0.0,11.6,三接四阴
605167.SSE,利柏特,2024-01-03,二接三,2,阳,2023-12-29,3.23,-17.3,5.1,---,-3.3,,0,0,12-29,下影,0.0,0.8,11.0,01-02,下影,6.3,0.3,7.4,下影+0→下影+6,11.48,9.96,26.9,2.8,33,48,True,-0.7,10.02,True,4.01,2.0,False,4,连板,False,2024-01,2024,,,,,,二接三阳
605167.SSE,利柏特,2024-01-04,三接四,3,阳,2023-12-29,3.23,-17.3,5.1,---,-3.3,,0,0,12-29,下影,0.0,0.8,11.0,01-02,下影,6.3,0.3,7.4,下影+0→下影+6→下影+10,12.63,-0.7,23.5,1.66,37,33,True,-1.98,-5.46,False,-5.46,1.0,False,4,封次日负,True,2024-01,2024,01-03,下影,10.0,5.7,26.9,三接四阳
605169.SSE,洪通燃气,2025-05-19,二接三,2,阴,2025-05-15,0.1,-1.2,23.4,+++,11.4,,0,0,05-15,实体,0.0,0.2,3.1,05-16,一字,10.0,0.0,1.3,实体+0→一字+10,13.76,9.99,10.7,3.23,66,51,False,-18.6,-18.75,False,-18.75,1.0,False,2,炸板,True,2025-05,2025,,,,,,二接三阴
605169.SSE,洪通燃气,2025-08-07,二接三,2,阳,2025-08-05,1.58,-16.1,13.8,+++,5.3,56.0,2,2,08-05,下影,0.1,0.9,4.7,08-06,一字,10.0,0.0,2.1,下影+0→一字+10,15.36,0.0,12.7,2.76,47,46,True,10.03,10.03,True,6.38,2.0,False,4,连板,False,2025-08,2025,,,,,,二接三阳
605178.SSE,时空科技,2023-06-09,三接四,3,阳,2023-06-06,1.01,-15.0,11.1,-++,-0.2,,0,0,06-06,下影,0.3,1.1,7.0,06-07,一字,10.0,0.0,1.8,下影+0→一字+10→一字+10,30.88,-3.81,28.2,3.27,57,26,False,-14.02,-14.15,False,-14.15,1.0,False,3,炸板,True,2023-06,2023,06-08,一字,10.0,0.0,5.1,三接四阳
605178.SSE,时空科技,2024-06-26,二接三,2,阳,2024-06-24,-7.5,-41.3,18.7,+--,-8.9,73.0,0,3,06-24,实体,-1.2,0.0,8.3,06-25,下影,2.4,1.6,8.3,实体-1→下影+2,16.58,4.98,15.5,1.46,31,43,True,-8.02,10.01,True,-0.97,2.0,False,4,连板,False,2024-06,2024,,,,,,二接三阳
605178.SSE,时空科技,2024-06-27,三接四,3,阳,2024-06-24,-7.5,-41.3,18.7,+--,-8.9,73.0,0,3,06-24,实体,-1.2,0.0,8.3,06-25,下影,2.4,1.6,8.3,实体-1→下影+2→下影+5,18.24,-8.02,21.6,1.72,17,31,True,-9.98,-9.98,False,-9.98,1.0,False,4,封次日负,True,2024-06,2024,06-26,下影,5.0,5.4,15.5,三接四阳
605179.SSE,一鸣食品,2023-12-07,二接三,2,阳,2023-12-05,-2.43,-13.0,24.2,+++,11.1,,0,0,12-05,实体,0.0,0.0,14.4,12-06,一字,10.0,0.0,7.2,实体+0→一字+10,17.66,5.86,55.8,2.22,33,33,True,5.72,-5.72,False,-5.72,1.0,False,3,封次日负,True,2023-12,2023,,,,,,二接三阳
605179.SSE,一鸣食品,2023-12-08,三接四,3,阳,2023-12-05,-2.43,-13.0,24.2,+++,11.1,,0,0,12-05,实体,0.0,0.0,14.4,12-06,一字,10.0,0.0,7.2,实体+0→一字+10→下影+6,19.43,5.72,76.5,2.2,27,33,False,-22.85,-20.33,False,-20.33,1.0,False,3,炸板,True,2023-12,2023,12-07,下影,5.9,3.8,55.8,三接四阳
605179.SSE,一鸣食品,2024-11-28,二接三,2,阳,2024-11-26,3.27,-14.0,24.2,--+,-1.7,155.0,0,0,11-26,实体,-0.4,0.1,2.3,11-27,下影,0.9,4.0,8.6,实体-0→下影+1,13.45,-2.86,9.2,2.12,75,77,True,-2.6,10.04,True,126.69,10.0,False,12,连板,False,2024-11,2024,,,,,,二接三阳
605179.SSE,一鸣食品,2024-11-29,三接四,3,阳,2024-11-26,3.27,-14.0,24.2,--+,-1.7,155.0,0,0,11-26,实体,-0.4,0.1,2.3,11-27,下影,0.9,4.0,8.6,实体-0→下影+1→下影-3,14.8,-2.6,8.1,1.39,105,75,True,5.07,10.0,True,106.01,9.0,False,12,连板,False,2024-11,2024,11-28,下影,-2.9,2.1,9.2,三接四阳
605179.SSE,一鸣食品,2026-07-31,三接四,3,阳,2026-07-28,1.77,-24.1,6.5,-+-,2.7,367.0,0,0,07-28,实体,-1.0,0.0,2.2,07-29,下影,6.1,1.6,1.4,实体-1→下影+6→一字+10,19.37,-0.97,5.3,2.44,87,46,True,0.0,10.02,True,11.98,2.0,False,5,连板,False,2026-07,2026,07-30,一字,10.0,0.0,0.7,三接四阳
605179.SSE,一鸣食品,2026-08-12,二接三,2,阳,2026-08-10,5.45,-3.6,83.9,+++,75.0,5.0,5,5,08-10,下影,-0.2,2.6,7.7,08-11,下影,2.4,2.9,10.4,下影-0→下影+2,30.39,0.62,7.1,0.78,86,53,True,5.3,10.0,True,5.0,2.0,False,4,连板,False,2026-08,2026,,,,,,二接三阳
605179.SSE,一鸣食品,2026-08-13,三接四,3,阳,2026-08-10,5.45,-3.6,83.9,+++,75.0,5.0,5,5,08-10,下影,-0.2,2.6,7.7,08-11,下影,2.4,2.9,10.4,下影-0→下影+2→下影+1,33.43,5.3,6.5,0.78,50,86,True,2.69,-4.55,False,-4.55,1.0,False,4,封次日负,True,2026-08,2026,08-12,下影,0.6,2.9,7.1,三接四阳
605180.SSE,华生科技,2024-03-26,三接四,3,阳,2024-03-21,2.72,-37.9,54.8,+++,20.0,39.0,2,2,03-21,下影,0.4,0.4,8.4,03-22,一字,10.0,0.0,4.0,下影+0→一字+10→一字+10,15.48,10.02,26.0,2.55,50,36,True,9.17,10.01,True,44.96,6.0,False,9,连板,False,2024-03,2024,03-25,一字,10.0,0.0,4.1,三接四阳
605188.SSE,国光连锁,2025-04-16,二接三,2,阳,2025-04-14,2.76,-3.7,35.9,+++,11.5,414.0,0,0,04-14,实体,-1.5,0.0,1.9,04-15,一字,10.0,0.0,3.1,实体-2→一字+10,11.4,-0.97,8.8,1.67,40,44,True,7.81,10.0,True,39.82,4.0,False,6,连板,False,2025-04,2025,,,,,,二接三阳
605188.SSE,国光连锁,2025-04-17,三接四,3,阳,2025-04-14,2.76,-3.7,35.9,+++,11.5,414.0,0,0,04-14,实体,-1.5,0.0,1.9,04-15,一字,10.0,0.0,3.1,实体-2→一字+10→下影-1,12.54,7.81,1.9,0.42,78,40,True,8.05,9.97,True,27.11,3.0,False,6,连板,False,2025-04,2025,04-16,下影,-1.0,2.5,8.8,三接四阳
605188.SSE,国光连锁,2025-08-13,二接三,2,阳,2025-08-11,1.01,-29.5,6.7,--+,0.8,59.0,2,6,08-11,下影,0.0,1.2,2.6,08-12,一字,10.0,0.0,0.9,下影+0→一字+10,14.63,10.0,11.8,3.23,80,42,True,-7.72,-9.98,False,-9.98,1.0,False,3,封次日负,True,2025-08,2025,,,,,,二接三阳
605188.SSE,国光连锁,2025-08-28,二接三,2,阳,2025-08-26,3.35,-6.7,34.9,+++,23.9,9.0,3,6,08-26,实体,-3.0,0.1,7.6,08-27,下影,1.5,4.1,5.7,实体-3→下影+2,18.49,8.69,5.1,0.8,47,39,True,1.73,-2.38,False,-2.38,1.0,False,3,封次日负,True,2025-08,2025,,,,,,二接三阳
605188.SSE,国光连锁,2025-08-29,三接四,3,阳,2025-08-26,3.35,-6.7,34.9,+++,23.9,9.0,3,6,08-26,实体,-3.0,0.1,7.6,08-27,下影,1.5,4.1,5.7,实体-3→下影+2→下影+9,20.34,1.73,11.9,1.58,55,47,False,-13.82,-2.36,True,-7.37,2.0,False,5,炸板,True,2025-08,2025,08-28,下影,8.7,7.3,5.1,三接四阳
605188.SSE,国光连锁,2025-10-15,二接三,2,阳,2025-10-13,2.28,-28.5,52.4,---,-28.5,26.0,3,6,10-13,下影,-2.8,1.3,3.2,10-14,下影,0.0,3.4,9.4,下影-3→下影+0,20.9,3.11,9.9,1.71,58,34,True,-3.97,-0.38,False,-0.38,1.0,False,3,封次日负,True,2025-10,2025,,,,,,二接三阳
605189.SSE,富春染织,2026-07-03,二接三,2,阴,2026-07-01,-1.39,-42.1,1.0,---,-17.7,36.0,2,2,07-01,实体,-0.3,0.2,2.7,07-02,下影,1.7,1.6,10.6,实体-0→下影+2,16.05,0.0,10.2,1.8,92,83,True,3.8,-5.55,False,-5.55,1.0,False,3,封次日负,True,2026-07,2026,,,,,,二接三阴
605198.SSE,安德利,2024-03-27,三接四,3,阳,2024-03-22,1.55,-15.4,44.7,+++,6.3,,0,0,03-22,下影,0.1,0.4,1.2,03-25,下影,9.9,8.9,1.2,下影+0→下影+10→一字+10,31.75,10.01,4.6,2.95,39,50,False,-16.38,-9.1,False,-9.1,1.0,False,3,炸板,True,2024-03,2024,03-26,一字,10.0,0.0,0.4,三接四阳
605198.SSE,安德利,2024-04-02,二接三,2,阳,2024-03-29,-2.17,-9.1,92.7,+++,42.2,3.0,3,3,03-29,实体,2.6,0.0,2.2,04-01,下影,3.6,0.9,1.1,实体+3→下影+4,38.42,6.24,2.5,0.94,47,67,False,-6.3,4.61,False,4.61,1.0,False,2,炸板,False,2024-04,2024,,,,,,二接三阳
605198.SSE,安德利,2026-06-16,二接三,2,阴,2026-06-12,-4.04,-10.0,66.4,+++,-0.2,409.0,0,0,06-12,实体,1.9,0.0,1.4,06-15,下影,7.8,6.5,2.5,实体+2→下影+8,78.41,10.0,4.7,1.97,105,127,True,0.01,9.81,False,9.81,1.0,False,3,封次日正,False,2026-06,2026,,,,,,二接三阴
605198.SSE,安德利,2026-06-17,三接四,3,阴,2026-06-12,-4.04,-10.0,66.4,+++,-0.2,409.0,0,0,06-12,实体,1.9,0.0,1.4,06-15,下影,7.8,6.5,2.5,实体+2→下影+8→下影+10,86.25,0.01,8.0,2.24,67,105,False,-1.91,-5.28,False,-5.28,1.0,False,3,炸板,True,2026-06,2026,06-16,下影,10.0,4.8,4.7,三接四阴
605208.SSE,永茂泰,2025-01-07,二接三,2,阴,2025-01-03,-4.15,-14.1,11.0,+--,-7.3,,0,0,01-03,下影,1.4,1.1,7.1,01-06,下影,2.2,1.0,6.2,下影+1→下影+2,9.83,7.38,26.1,2.86,77,52,False,-13.43,-15.77,False,-15.77,1.0,False,2,炸板,True,2025-01,2025,,,,,,二接三阴
605208.SSE,永茂泰,2025-02-26,二接三,2,阴,2025-02-24,-0.82,-14.3,22.4,++-,14.7,29.0,2,2,02-24,下影,4.4,2.0,6.5,02-25,下影,7.7,2.4,6.8,下影+4→下影+8,11.21,10.01,22.9,2.53,81,46,False,-2.77,3.66,True,-0.45,2.0,False,4,炸板,False,2025-02,2025,,,,,,二接三阴
605208.SSE,永茂泰,2025-03-10,二接三,2,阳,2025-03-06,3.67,-2.6,88.7,+++,76.4,7.0,2,2,03-06,实体,-2.8,0.1,9.3,03-07,下影,-2.0,1.3,14.8,实体-3→下影-2,17.28,1.21,13.2,0.95,65,45,False,-8.39,-8.16,False,-8.16,1.0,False,2,炸板,True,2025-03,2025,,,,,,二接三阳
605218.SSE,伟时电子,2023-11-23,二接三,2,阴,2023-11-21,-6.34,-19.4,43.6,-++,33.9,8.0,3,3,11-21,下影,-0.3,1.3,4.8,11-22,实体,6.3,0.0,3.6,下影-0→实体+6,25.39,7.89,12.2,1.64,32,44,True,3.58,10.0,True,19.46,3.0,False,5,连板,False,2023-11,2023,,,,,,二接三阴
605218.SSE,伟时电子,2023-11-24,三接四,3,阴,2023-11-21,-6.34,-19.4,43.6,-++,33.9,8.0,3,3,11-21,下影,-0.3,1.3,4.8,11-22,实体,6.3,0.0,3.6,下影-0→实体+6→下影+8,27.93,3.58,14.8,1.71,27,32,True,-0.75,9.99,True,8.59,2.0,False,5,连板,False,2023-11,2023,11-23,下影,7.9,7.6,12.2,三接四阴
605218.SSE,伟时电子,2023-12-05,二接三,2,阳,2023-12-01,-4.14,-22.6,89.9,+++,69.3,4.0,5,5,12-01,下影,-2.7,1.0,12.0,12-04,下影,0.7,3.4,12.9,下影-3→下影+1,34.84,2.62,15.0,1.32,32,47,True,-2.41,-9.99,False,-9.99,1.0,False,3,封次日负,True,2023-12,2023,,,,,,二接三阳
605218.SSE,伟时电子,2024-09-04,二接三,2,阳,2024-09-02,2.75,-10.3,17.3,-++,-1.7,181.0,0,0,09-02,实体,0.4,0.1,4.6,09-03,一字,10.0,0.0,0.8,实体+0→一字+10,22.41,10.01,18.7,3.06,31,33,True,-8.48,10.0,True,8.92,3.0,False,5,连板,False,2024-09,2024,,,,,,二接三阳
605218.SSE,伟时电子,2024-09-05,三接四,3,阳,2024-09-02,2.75,-10.3,17.3,-++,-1.7,181.0,0,0,09-02,实体,0.4,0.1,4.6,09-03,一字,10.0,0.0,0.8,实体+0→一字+10→下影+10,24.65,-8.48,12.8,1.59,39,31,True,9.53,10.02,True,-0.97,2.0,False,5,连板,False,2024-09,2024,09-04,下影,10.0,4.9,18.7,三接四阳
605255.SSE,天普股份,2023-11-10,三接四,3,阳,2023-11-07,1.71,-7.2,23.3,+++,4.4,,0,0,11-07,下影,0.0,2.0,5.8,11-08,实体,6.6,0.0,3.5,下影+0→实体+7→一字+10,25.25,10.02,17.9,2.78,29,25,False,-24.79,-23.09,False,-23.09,1.0,False,3,炸板,True,2023-11,2023,11-09,一字,10.0,0.0,0.8,三接四阳
605255.SSE,天普股份,2025-11-27,二接三,2,阳,2025-11-25,6.8,-7.1,445.9,+++,25.4,29.0,15,15,11-25,下影,6.0,3.0,3.5,11-26,下影,3.0,1.0,3.3,下影+6→下影+3,154.4,7.37,7.2,1.67,41,54,False,-14.31,-1.0,False,-1.0,1.0,False,2,炸板,True,2025-11,2025,,,,,,二接三阳
605258.SSE,协和电子,2024-06-05,二接三,2,阳,2024-06-03,1.47,-4.5,28.1,--+,0.6,70.0,0,2,06-03,实体,0.3,0.0,3.9,06-04,一字,10.0,0.0,1.8,实体+0→一字+10,28.57,10.01,16.5,3.39,13,23,True,10.01,10.01,True,31.78,5.0,False,7,连板,False,2024-06,2024,,,,,,二接三阳
605259.SSE,绿田机械,2025-07-16,二接三,2,阳,2025-07-14,6.79,0.0,51.6,+++,12.3,,0,0,07-14,实体,0.7,0.0,8.5,07-15,实体,3.1,0.0,7.2,实体+1→实体+3,29.12,5.78,15.3,1.92,49,38,False,-13.36,-16.76,False,-16.76,1.0,False,2,炸板,True,2025-07,2025,,,,,,二接三阳
605268.SSE,王力安防,2025-07-31,二接三,2,阴,2025-07-29,-0.1,-6.4,20.6,++-,-3.5,363.0,0,0,07-29,下影,-0.2,1.6,3.4,07-30,一字,10.0,0.0,0.7,下影-0→一字+10,12.93,10.04,10.1,2.88,34,40,False,-19.57,-19.57,False,-19.57,1.0,False,2,炸板,True,2025-07,2025,,,,,,二接三阴
605277.SSE,新亚电子,2024-03-21,二接三,2,阴,2024-03-19,-1.04,-6.4,46.1,+++,21.7,,0,0,03-19,下影,-0.1,0.4,8.3,03-20,一字,10.0,0.0,2.1,下影-0→一字+10,19.03,6.59,23.0,2.49,56,64,True,-0.16,9.3,False,9.3,1.0,False,3,封次日正,False,2024-03,2024,,,,,,二接三阴
605277.SSE,新亚电子,2024-03-22,三接四,3,阴,2024-03-19,-1.04,-6.4,46.1,+++,21.7,,0,0,03-19,下影,-0.1,0.4,8.3,03-20,一字,10.0,0.0,2.1,下影-0→一字+10→下影+7,20.93,-0.16,13.0,1.21,44,56,False,-4.92,-10.56,False,-10.56,1.0,False,3,炸板,True,2024-03,2024,03-21,下影,6.6,1.4,23.0,三接四阴
605277.SSE,新亚电子,2025-01-24,二接三,2,阴,2025-01-22,-0.6,-12.4,18.0,+--,0.1,205.0,0,0,01-22,实体,2.7,0.0,4.3,01-23,一字,10.0,0.0,1.1,实体+3→一字+10,19.94,2.59,19.4,2.64,53,36,True,-9.73,-9.98,False,-9.98,1.0,False,3,封次日负,True,2025-01,2025,,,,,,二接三阴
605287.SSE,德才股份,2026-02-11,二接三,2,阴,2026-02-09,-4.82,-12.5,89.8,+++,57.0,17.0,2,2,02-09,一字,10.0,0.0,0.9,02-10,一字,10.0,0.0,0.3,一字+10→一字+10,61.24,10.01,20.4,3.05,46,48,True,-0.88,9.99,True,-1.01,2.0,False,4,连板,False,2026-02,2026,,,,,,二接三阴
605287.SSE,德才股份,2026-02-12,三接四,3,阴,2026-02-09,-4.82,-12.5,89.8,+++,57.0,17.0,2,2,02-09,一字,10.0,0.0,0.9,02-10,一字,10.0,0.0,0.3,一字+10→一字+10→下影+10,67.36,-0.88,20.8,2.17,55,46,True,-2.76,-10.01,False,-10.01,1.0,False,4,封次日负,True,2026-02,2026,02-11,下影,10.0,8.5,20.4,三接四阴
605288.SSE,凯迪股份,2025-09-02,二接三,2,阳,2025-08-29,3.42,-5.9,49.5,+++,37.1,,0,0,08-29,实体,3.2,0.0,4.2,09-01,实体,2.1,0.0,6.2,实体+3→实体+2,95.48,0.23,7.4,1.56,40,85,True,4.51,1.35,False,1.35,1.0,False,3,封次日正,False,2025-09,2025,,,,,,二接三阳
605289.SSE,罗曼股份,2026-02-25,二接三,2,阳,2026-02-13,6.83,-0.8,34.4,+++,20.4,102.0,0,2,02-13,下影,-1.0,1.2,9.9,02-24,下影,4.5,4.5,9.8,下影-1→下影+5,108.88,1.27,14.1,1.55,61,82,True,-0.01,7.62,False,7.62,1.0,False,3,封次日正,False,2026-02,2026,,,,,,二接三阳
605289.SSE,罗曼股份,2026-02-26,三接四,3,阳,2026-02-13,6.83,-0.8,34.4,+++,20.4,102.0,0,2,02-13,下影,-1.0,1.2,9.9,02-24,下影,4.5,4.5,9.8,下影-1→下影+5→下影+1,119.77,-0.01,14.0,1.29,52,61,False,-1.49,3.45,False,3.45,1.0,False,3,炸板,False,2026-02,2026,02-25,下影,1.3,0.8,14.1,三接四阳
605298.SSE,必得科技,2024-03-12,三接四,3,阳,2024-03-07,1.37,-36.5,43.0,-+-,-18.7,181.0,0,0,03-07,实体,5.2,0.0,1.3,03-08,一字,10.0,0.0,0.8,实体+5→一字+10→一字+10,15.14,6.1,12.3,3.52,57,69,True,-4.16,-6.87,False,-6.87,1.0,False,4,封次日负,True,2024-03,2024,03-11,一字,10.0,0.0,0.7,三接四阳
605298.SSE,必得科技,2025-08-13,二接三,2,阳,2025-08-11,2.99,-2.5,44.6,+++,27.3,344.0,0,0,08-11,下影,5.0,4.1,7.0,08-12,实体,1.6,0.0,2.6,下影+5→实体+2,23.82,10.02,8.2,1.47,80,42,True,-1.09,-3.57,False,-3.57,1.0,False,3,封次日负,True,2025-08,2025,,,,,,二接三阳
605298.SSE,必得科技,2025-09-09,二接三,2,阴,2025-09-05,-5.42,-7.0,160.7,+++,90.0,17.0,3,3,09-05,实体,0.0,0.0,3.0,09-08,下影,4.8,3.0,5.4,实体+0→下影+5,43.92,2.78,4.1,0.93,45,56,True,2.48,-2.12,False,-2.12,1.0,False,3,封次日负,True,2025-09,2025,,,,,,二接三阴
605299.SSE,舒华体育,2025-12-08,二接三,2,阳,2025-12-04,3.08,-2.2,20.9,+++,8.2,,0,0,12-04,下影,-0.6,2.1,11.1,12-05,下影,-0.2,1.6,11.0,下影-1→下影-0,14.25,6.02,3.2,0.47,63,58,True,3.86,10.04,True,6.67,2.0,False,4,连板,False,2025-12,2025,,,,,,二接三阳
605299.SSE,舒华体育,2025-12-09,三接四,3,阳,2025-12-04,3.08,-2.2,20.9,+++,8.2,,0,0,12-04,下影,-0.6,2.1,11.1,12-05,下影,-0.2,1.6,11.0,下影-1→下影-0→下影+6,15.68,3.86,7.3,0.96,46,63,True,5.23,-3.06,False,-3.06,1.0,False,4,封次日负,True,2025-12,2025,12-08,下影,6.0,1.1,3.2,三接四阳
605299.SSE,舒华体育,2026-03-26,二接三,2,阳,2026-03-24,-4.12,-5.9,35.1,+++,21.2,67.0,0,4,03-24,下影,1.8,7.8,11.7,03-25,实体,-0.2,0.0,5.3,下影+2→实体-0,19.51,7.67,18.2,1.69,36,78,False,-12.81,-1.33,True,-0.62,2.0,False,4,炸板,True,2026-03,2026,,,,,,二接三阳
605300.SSE,佳禾食品,2024-12-02,二接三,2,阴,2024-11-28,-1.64,-6.0,30.1,+++,12.5,,0,0,11-28,实体,-0.4,0.0,1.7,11-29,下影,5.6,1.2,2.9,实体-0→下影+6,17.61,9.81,6.2,1.84,132,105,False,-9.82,-14.37,False,-14.37,1.0,False,2,炸板,True,2024-12,2024,,,,,,二接三阴
605303.SSE,园林股份,2024-05-20,二接三,2,阴,2024-05-16,-0.49,-13.7,40.8,++-,-4.6,,0,0,05-16,实体,0.0,0.0,9.0,05-17,实体,1.5,0.0,27.2,实体+0→实体+1,10.79,8.87,38.0,2.42,36,61,True,-5.47,-10.01,False,-10.01,1.0,False,3,封次日负,True,2024-05,2024,,,,,,二接三阴
605303.SSE,园林股份,2025-03-12,三接四,3,阴,2025-03-07,-0.22,-11.8,32.8,+++,8.6,194.0,0,0,03-07,下影,0.2,0.7,5.1,03-10,一字,10.0,0.0,2.2,下影+0→一字+10→一字+10,13.16,10.03,25.4,3.4,69,45,True,-6.53,-7.6,False,-7.6,1.0,False,4,封次日负,True,2025-03,2025,03-11,一字,10.0,0.0,1.6,三接四阴
605303.SSE,园林股份,2025-08-20,二接三,2,阴,2025-08-18,-2.05,-13.0,27.1,-+-,-9.9,108.0,0,4,08-18,下影,0.2,2.1,5.7,08-19,下影,4.5,8.0,10.3,下影+0→下影+4,16.56,-0.53,15.1,2.13,78,74,True,5.98,10.02,True,31.76,5.0,False,7,连板,False,2025-08,2025,,,,,,二接三阴
605303.SSE,园林股份,2025-08-21,三接四,3,阴,2025-08-18,-2.05,-13.0,27.1,-+-,-9.9,108.0,0,4,08-18,下影,0.2,2.1,5.7,08-19,下影,4.5,8.0,10.3,下影+0→下影+4→下影-1,18.22,5.98,10.2,1.16,37,78,True,9.99,9.99,True,19.76,4.0,False,7,连板,False,2025-08,2025,08-20,下影,-0.5,4.4,15.1,三接四阴
605303.SSE,园林股份,2025-09-16,二接三,2,阳,2025-09-12,0.13,-39.9,31.6,--+,22.3,13.0,7,7,09-12,下影,0.5,0.5,14.3,09-15,下影,0.2,3.3,19.8,下影+0→下影+0,20.67,0.32,22.2,1.73,59,56,False,-11.66,-13.06,False,-13.06,1.0,False,2,炸板,True,2025-09,2025,,,,,,二接三阳
605318.SSE,法狮龙,2026-06-11,二接三,2,阳,2026-06-09,-1.98,-10.5,42.1,---,1.2,40.0,2,2,06-09,下影,1.0,4.6,3.8,06-10,下影,3.8,0.8,3.3,下影+1→下影+4,128.22,1.24,7.9,1.89,55,63,False,1.43,1.4,False,1.4,1.0,False,2,炸板,False,2026-06,2026,,,,,,二接三阳
605333.SSE,沪光股份,2023-10-11,二接三,2,阳,2023-10-09,5.12,-2.7,41.3,+++,25.1,,0,0,10-09,下影,10.0,1.1,1.7,10-10,下影,8.1,2.8,2.2,下影+10→下影+8,24.06,2.51,8.0,2.42,31,33,False,-15.54,-12.68,False,-12.68,1.0,False,2,炸板,True,2023-10,2023,,,,,,二接三阳
605337.SSE,李子园,2024-12-12,二接三,2,阴,2024-12-10,-1.73,-7.8,45.2,+++,5.0,,0,0,12-10,下影,3.9,0.6,3.5,12-11,下影,2.8,2.8,8.7,下影+4→下影+3,15.15,4.36,8.8,1.7,119,119,True,7.59,-1.91,False,-1.91,1.0,False,3,封次日负,True,2024-12,2024,,,,,,二接三阴
605337.SSE,李子园,2024-12-13,三接四,3,阴,2024-12-10,-1.73,-7.8,45.2,+++,5.0,,0,0,12-10,下影,3.9,0.6,3.5,12-11,下影,2.8,2.8,8.7,下影+4→下影+3→下影+4,16.67,7.59,15.9,2.05,84,119,False,-15.66,-16.02,False,-16.02,1.0,False,3,炸板,True,2024-12,2024,12-12,下影,4.4,1.7,8.8,三接四阴
605358.SSE,立昂微,2025-09-25,二接三,2,阳,2025-09-23,2.28,-2.3,20.5,+-+,3.3,238.0,0,0,09-23,下影,1.4,3.1,7.0,09-24,下影,8.2,1.8,4.3,下影+1→下影+8,36.34,9.99,6.5,1.31,36,64,True,-3.41,-9.99,False,-9.99,1.0,False,3,封次日负,True,2025-09,2025,,,,,,二接三阳
605365.SSE,立达信,2023-09-14,二接三,2,阴,2023-09-12,-7.65,-7.7,19.1,+++,11.4,,0,0,09-12,实体,-0.4,0.0,24.5,09-13,一字,10.0,0.0,3.5,实体-0→一字+10,22.17,10.02,25.3,1.05,20,16,True,-4.51,1.58,False,1.58,1.0,False,3,封次日正,False,2023-09,2023,,,,,,二接三阴
605365.SSE,立达信,2023-09-15,三接四,3,阴,2023-09-12,-7.65,-7.7,19.1,+++,11.4,,0,0,09-12,实体,-0.4,0.0,24.5,09-13,一字,10.0,0.0,3.5,实体-0→一字+10→下影+10,24.39,-4.51,67.0,2.18,26,20,False,-12.34,-16.89,False,-16.89,1.0,False,3,炸板,True,2023-09,2023,09-14,下影,10.0,0.8,25.3,三接四阴
605365.SSE,立达信,2026-04-23,二接三,2,阴,2026-04-21,-1.53,-8.1,49.4,+++,37.3,79.0,0,2,04-21,实体,0.0,0.0,3.3,04-22,下影,2.0,0.7,3.1,实体+0→下影+2,33.46,4.8,5.6,1.45,45,49,False,-5.62,-8.88,False,-8.88,1.0,False,2,炸板,True,2026-04,2026,,,,,,二接三阴
605366.SSE,宏柏新材,2026-06-26,三接四,3,阴,2026-06-23,-8.31,-32.6,12.1,+--,-24.4,59.0,2,2,06-23,下影,2.0,3.6,3.0,06-24,下影,4.0,3.8,8.8,下影+2→下影+4→一字+10,14.38,3.98,19.6,2.49,51,77,True,-1.25,-2.78,False,-2.78,1.0,False,4,封次日负,True,2026-06,2026,06-25,一字,10.0,0.0,1.9,三接四阴
605376.SSE,博迁新材,2025-02-21,二接三,2,阳,2025-02-19,1.39,-8.3,25.4,+++,10.8,144.0,0,0,02-19,下影,-0.3,0.6,4.5,02-20,实体,0.1,0.0,5.9,下影-0→实体+0,42.85,0.62,6.4,1.52,82,76,True,-2.01,-3.83,False,-3.83,1.0,False,3,封次日负,True,2025-02,2025,,,,,,二接三阳
605388.SSE,均瑶健康,2024-12-03,二接三,2,阳,2024-11-29,2.31,-7.2,45.5,+++,10.5,,0,0,11-29,下影,-0.3,0.3,3.3,12-02,实体,4.8,0.0,7.1,下影-0→实体+5,8.25,0.67,10.8,2.11,92,132,False,-11.88,-13.21,False,-13.21,1.0,False,2,炸板,True,2024-12,2024,,,,,,二接三阳
605388.SSE,均瑶健康,2026-04-17,二接三,2,阳,2026-04-15,3.1,-14.1,11.2,-+-,-0.9,213.0,0,0,04-15,下影,-0.9,1.5,6.6,04-16,下影,0.0,3.3,10.0,下影-1→下影+0,8.87,4.22,7.8,1.42,57,68,True,-10.03,-6.31,False,-6.31,1.0,False,3,封次日负,True,2026-04,2026,,,,,,二接三阳
605398.SSE,新炬网络,2025-09-12,二接三,2,阴,2025-09-10,-1.27,-19.6,6.4,---,-8.9,145.0,0,0,09-10,一字,10.0,0.0,2.2,09-11,一字,10.0,0.0,2.4,一字+10→一字+10,39.4,9.99,11.3,3.12,57,74,True,-1.6,-10.0,False,-10.0,1.0,False,3,封次日负,True,2025-09,2025,,,,,,二接三阴
605399.SSE,晨光新材,2024-01-18,二接三,2,阴,2024-01-16,-1.4,-15.3,3.0,---,-3.3,,0,0,01-16,下影,0.1,1.0,0.8,01-17,一字,10.0,0.0,0.9,下影+0→一字+10,16.85,4.44,9.7,3.81,37,30,True,6.88,10.03,True,-0.95,2.0,False,4,连板,False,2024-01,2024,,,,,,二接三阴
605399.SSE,晨光新材,2024-01-19,三接四,3,阴,2024-01-16,-1.4,-15.3,3.0,---,-3.3,,0,0,01-16,下影,0.1,1.0,0.8,01-17,一字,10.0,0.0,0.9,下影+0→一字+10→下影+4,18.54,6.88,4.5,1.36,37,37,True,-9.39,-9.98,False,-9.98,1.0,False,4,封次日负,True,2024-01,2024,01-18,下影,4.4,11.9,9.7,三接四阴
605399.SSE,晨光新材,2025-07-14,二接三,2,阴,2025-07-10,-2.33,-3.8,20.5,+++,3.3,353.0,0,0,07-10,实体,-0.3,0.0,1.7,07-11,一字,10.0,0.0,1.0,实体-0→一字+10,16.76,6.04,14.5,3.16,55,49,True,-0.24,-6.98,False,-6.98,1.0,False,3,封次日负,True,2025-07,2025,,,,,,二接三阴
605399.SSE,晨光新材,2025-07-15,三接四,3,阴,2025-07-10,-2.33,-3.8,20.5,+++,3.3,353.0,0,0,07-10,实体,-0.3,0.0,1.7,07-11,一字,10.0,0.0,1.0,实体-0→一字+10→下影+6,18.44,-0.24,17.7,2.39,38,55,False,-19.74,-23.92,False,-23.92,1.0,False,3,炸板,True,2025-07,2025,07-14,下影,6.0,7.6,14.5,三接四阴
605488.SSE,福莱新材,2023-12-15,二接三,2,阳,2023-12-13,2.01,-11.2,8.6,--+,-1.9,,0,0,12-13,下影,0.0,0.8,11.9,12-14,实体,8.9,0.3,11.0,下影+0→实体+9,20.23,10.01,71.4,3.38,42,34,True,-6.67,-9.99,False,-9.99,1.0,False,3,封次日负,True,2023-12,2023,,,,,,二接三阳
605488.SSE,福莱新材,2024-04-08,二接三,2,阳,2024-04-02,2.55,-31.6,67.2,-++,6.0,70.0,0,3,04-02,一字,10.0,0.0,6.4,04-03,一字,10.0,0.0,2.9,一字+10→一字+10,18.22,10.02,62.6,3.35,51,42,False,-21.95,-19.32,False,-19.32,1.0,False,2,炸板,True,2024-04,2024,,,,,,二接三阳
605488.SSE,福莱新材,2025-01-22,二接三,2,阳,2025-01-20,0.8,-8.4,84.7,+++,32.5,194.0,0,0,01-20,下影,0.4,0.7,6.3,01-21,下影,3.3,1.9,6.9,下影+0→下影+3,31.96,5.3,5.0,0.9,36,38,True,9.42,6.38,False,6.38,1.0,False,3,封次日正,False,2025-01,2025,,,,,,二接三阳
605488.SSE,福莱新材,2025-01-23,三接四,3,阳,2025-01-20,0.8,-8.4,84.7,+++,32.5,194.0,0,0,01-20,下影,0.4,0.7,6.3,01-21,下影,3.3,1.9,6.9,下影+0→下影+3→下影+5,35.16,9.42,12.7,1.83,36,36,False,-3.56,-5.32,False,-5.32,1.0,False,3,炸板,True,2025-01,2025,01-22,下影,5.3,2.0,5.0,三接四阳
605488.SSE,福莱新材,2025-02-21,二接三,2,阳,2025-02-19,7.3,-2.5,263.2,+++,101.2,5.0,3,3,02-19,下影,3.8,3.1,7.5,02-20,下影,1.6,0.7,4.8,下影+4→下影+2,62.83,4.83,11.1,1.43,82,76,False,-8.4,-10.47,False,-10.47,1.0,False,2,炸板,True,2025-02,2025,,,,,,二接三阳
605500.SSE,森林包装,2025-07-07,二接三,2,阳,2025-07-03,0.67,-1.7,26.3,+-+,1.1,,0,0,07-03,下影,0.0,0.5,2.3,07-04,一字,10.0,0.0,1.0,下影+0→一字+10,9.97,10.04,11.7,3.63,52,30,True,10.03,10.03,True,20.36,4.0,False,6,连板,False,2025-07,2025,,,,,,二接三阳
605577.SSE,龙版传媒,2023-11-24,二接三,2,阳,2023-11-22,6.64,-17.3,50.7,-++,15.3,27.0,2,2,11-22,下影,-2.6,0.7,12.1,11-23,下影,10.0,7.4,15.8,下影-3→下影+10,20.1,5.64,18.9,1.4,27,32,True,-0.5,-10.0,False,-10.0,1.0,False,3,封次日负,True,2023-11,2023,,,,,,二接三阳
605577.SSE,龙版传媒,2023-12-05,二接三,2,阳,2023-12-01,0.9,-28.9,56.1,+++,4.1,5.0,3,3,12-01,下影,-0.9,0.4,16.1,12-04,下影,2.0,2.0,18.1,下影-1→下影+2,20.81,3.81,12.2,0.84,32,47,True,7.88,10.0,True,12.78,3.0,False,5,连板,False,2023-12,2023,,,,,,二接三阳
605577.SSE,龙版传媒,2023-12-06,三接四,3,阳,2023-12-01,0.9,-28.9,56.1,+++,4.1,5.0,3,3,12-01,下影,-0.9,0.4,16.1,12-04,下影,2.0,2.0,18.1,下影-1→下影+2→下影+4,22.89,7.88,13.4,0.94,33,32,True,0.0,10.0,True,2.53,2.0,False,5,连板,False,2023-12,2023,12-05,下影,3.8,2.4,12.2,三接四阳
605577.SSE,龙版传媒,2023-12-13,二接三,2,阴,2023-12-11,-6.79,-15.3,134.2,+++,62.6,2.0,5,5,12-11,实体,-5.2,0.0,20.9,12-12,下影,7.5,1.0,15.9,实体-5→下影+8,31.24,0.0,25.9,1.23,32,32,False,-1.66,-0.13,False,-0.13,1.0,False,2,炸板,True,2023-12,2023,,,,,,二接三阴
605577.SSE,龙版传媒,2026-09-02,二接三,2,阳,2026-08-31,0.84,-11.7,10.9,-++,-0.4,658.0,0,0,08-31,实体,-0.7,0.2,2.9,09-01,下影,7.3,1.7,5.8,实体-1→下影+7,12.85,1.46,6.0,1.77,50,74,True,1.01,10.04,True,,,True,18,未完,False,2026-09,2026,,,,,,二接三阳
605577.SSE,龙版传媒,2026-09-03,三接四,3,阳,2026-08-31,0.84,-11.7,10.9,-++,-0.4,658.0,0,0,08-31,实体,-0.7,0.2,2.9,09-01,下影,7.3,1.7,5.8,实体-1→下影+7→下影+1,14.14,1.01,11.1,2.07,42,50,True,0.57,9.97,True,,,True,19,未完,False,2026-09,2026,09-02,下影,1.5,4.8,6.0,三接四阳
605580.SSE,恒盛能源,2023-05-26,二接三,2,阴,2023-05-24,-3.0,-30.8,12.0,+--,-21.6,,0,0,05-24,下影,1.4,0.6,6.7,05-25,一字,10.0,0.0,3.8,下影+1→一字+10,14.65,9.98,55.4,3.09,39,36,True,1.77,10.03,True,8.94,3.0,False,5,连板,False,2023-05,2023,,,,,,二接三阴
605580.SSE,恒盛能源,2023-05-29,三接四,3,阴,2023-05-24,-3.0,-30.8,12.0,+--,-21.6,,0,0,05-24,下影,1.4,0.6,6.7,05-25,一字,10.0,0.0,3.8,下影+1→一字+10→下影+10,16.12,1.77,33.2,1.53,27,39,True,7.01,9.99,True,-0.99,2.0,False,5,连板,False,2023-05,2023,05-26,下影,10.0,11.4,55.4,三接四阴
605580.SSE,恒盛能源,2024-03-18,二接三,2,阳,2024-03-14,3.25,-22.8,49.5,++-,28.5,192.0,0,0,03-14,下影,0.6,2.0,15.5,03-15,下影,10.0,0.7,9.4,下影+1→下影+10,12.67,-0.09,39.5,2.48,70,56,False,-13.1,-14.76,False,-14.76,1.0,False,2,炸板,True,2024-03,2024,,,,,,二接三阳
605588.SSE,冠石科技,2023-06-02,二接三,2,阳,2023-05-31,0.77,-3.6,16.9,+++,12.8,,0,0,05-31,下影,0.4,1.4,22.7,06-01,下影,7.4,2.4,11.3,下影+0→下影+7,50.66,10.01,37.4,2.3,45,34,True,9.99,10.01,True,20.96,2.0,False,4,连板,False,2023-06,2023,,,,,,二接三阳
605588.SSE,冠石科技,2023-06-05,三接四,3,阳,2023-05-31,0.77,-3.6,16.9,+++,12.8,,0,0,05-31,下影,0.4,1.4,22.7,06-01,下影,7.4,2.4,11.3,下影+0→下影+7→下影+10,55.73,9.99,12.1,0.69,35,45,True,0.48,9.96,False,9.96,1.0,False,4,封次日正,False,2023-06,2023,06-02,下影,10.0,4.7,37.4,三接四阳
605588.SSE,冠石科技,2023-10-10,二接三,2,阴,2023-09-28,-2.8,-16.0,60.5,-++,48.1,9.0,4,4,09-28,下影,0.8,2.0,35.8,10-09,下影,4.7,4.6,59.2,下影+1→下影+5,76.13,-0.33,47.9,1.1,33,41,True,1.41,-4.65,False,-4.65,1.0,False,3,封次日负,True,2023-10,2023,,,,,,二接三阴
605588.SSE,冠石科技,2023-10-11,三接四,3,阴,2023-09-28,-2.8,-16.0,60.5,-++,48.1,9.0,4,4,09-28,下影,0.8,2.0,35.8,10-09,下影,4.7,4.6,59.2,下影+1→下影+5→下影-0,83.74,1.41,55.7,1.19,31,33,False,-16.35,-21.98,False,-21.98,1.0,False,3,炸板,True,2023-10,2023,10-10,下影,-0.3,2.6,47.9,三接四阴
605588.SSE,冠石科技,2025-03-31,二接三,2,阳,2025-03-27,1.52,-9.9,21.8,-++,-2.1,355.0,0,0,03-27,下影,-0.3,2.1,7.0,03-28,下影,10.0,4.1,8.9,下影-0→下影+10,59.73,6.98,20.7,2.44,27,29,False,-12.49,-3.53,False,-3.53,1.0,False,2,炸板,True,2025-03,2025,,,,,,二接三阳
605598.SSE,上海港湾,2025-12-26,二接三,2,阴,2025-12-24,0.97,-8.1,109.2,-++,4.4,91.0,0,3,12-24,实体,-7.4,0.0,4.4,12-25,下影,5.6,0.4,4.4,实体-7→下影+6,68.09,2.1,7.0,1.13,69,72,True,-3.6,3.76,False,3.76,1.0,False,3,封次日正,False,2025-12,2025,,,,,,二接三阴
