代码,名称,买入日,四组,方案点,阴阳,地基涨跌%,地基档,距MA5%,距MA10%,距MA20%,距MA30%,站上均线数,MA10位置,MA10斜率%,MA20斜率%,反包结构,断板天数,前板高度,反包收复%,断板回撤%,前板日,链,买入开盘%,次日收%,持有到断板%,月,年
000002.SZSE,万 科Ａ,2024-09-30,二接三阳,—,阳,2.67,小阳0~3,4.4,9.5,11.5,10.8,4,上,4.07,1.86,60日内无板,,,,,,实体-1→实体+6,9.95,6.79,6.79,2024-09,2024
000002.SZSE,万 科Ａ,2024-10-08,三接四阳,—,阳,2.67,小阳0~3,4.4,9.5,11.5,10.8,4,上,4.07,1.86,60日内无板,,,,,,实体-1→实体+6→下影+10,9.98,-12.63,-12.63,2024-10,2024
000006.SZSE,深振业Ａ,2024-10-22,二接三阴,—,阴,-4.01,大阴-5~-3,0.4,4.5,16.8,24.3,4,上,13.18,8.57,断8~15天,9.0,1.0,23.0,-6.0,09-27,下影+0→下影+4,-0.86,-4.46,-4.46,2024-10,2024
000006.SZSE,深振业Ａ,2025-10-14,二接三阳,—,阳,5.44,巨阳≥5,10.1,19.7,30.2,36.0,4,上,13.69,8.42,断1天,1.0,1.0,16.0,0.3,09-30,下影-1→实体+2,9.9,-14.06,-14.06,2025-10,2025
000008.SZSE,神州高铁,2024-03-12,三接四阳,—,阳,0.0,小阳0~3,-0.7,-0.7,1.3,-0.6,1,下,1.66,-1.27,60日内无板,,,,,,实体+0→下影+1→一字+10,6.71,-13.83,-13.83,2024-03,2024
000008.SZSE,神州高铁,2026-04-01,二接三阳,—,阳,1.12,小阳0~3,1.0,-2.2,-4.8,-6.8,1,下,-4.4,-2.93,断16~60天,52.0,1.0,-5.7,-19.4,01-06,下影-1→下影+9,10.09,-13.33,-13.33,2026-04,2026
000011.SZSE,深物业A,2026-07-27,二接三阳,—,阳,0.59,小阳0~3,1.2,4.4,4.3,0.2,4,上,2.12,-1.94,60日内无板,,,,,,实体+0→下影+5,1.57,-16.94,-16.94,2026-07,2026
000017.SZSE,深中华A,2026-08-25,三接四阴,—,阴,-2.65,小阴-3~0,-1.9,-3.6,-2.5,-0.6,0,下,-0.46,2.66,断16~60天,19.0,1.0,13.7,-0.9,07-23,实体+1→下影+10→一字+10,9.97,10.0,30.35,2026-08,2026
000020.SZSE,深华发Ａ,2023-07-10,二接三阴,B1,阴,-5.31,巨阴≤-5,1.9,3.9,5.9,7.1,4,上,2.42,1.49,断1天,1.0,1.0,4.2,-6.3,07-04,实体-2→下影+7,7.12,-9.74,-9.74,2023-07,2023
000020.SZSE,深华发Ａ,2024-01-17,二接三阳,—,阳,0.0,小阳0~3,0.5,-1.2,-0.4,-0.4,1,下,0.61,-0.3,60日内无板,,,,,,下影-2→下影+1,3.51,-9.99,-9.99,2024-01,2024
000020.SZSE,深华发Ａ,2024-01-26,二接三阴,—,阴,2.49,小阳0~3,2.4,9.8,16.6,19.2,4,上,10.13,5.5,断1天,1.0,1.0,12.8,-3.9,01-22,实体-9→下影+5,5.12,-9.99,-9.99,2024-01,2024
000020.SZSE,深华发Ａ,2025-06-19,二接三阳,—,阳,1.21,小阳0~3,-0.5,0.2,1.3,2.5,3,上,1.34,1.36,60日内无板,,,,,,下影+0→下影+1,5.01,-18.17,-18.17,2025-06,2025
000025.SZSE,特 力Ａ,2024-10-29,二接三阴,—,阴,-1.74,小阴-3~0,-0.1,2.3,4.6,8.8,3,上,0.13,4.3,60日内无板,,,,,,下影+5→下影+10,9.99,-12.21,-12.21,2024-10,2024
000025.SZSE,特 力Ａ,2025-04-18,二接三阴,—,阴,-1.61,小阴-3~0,0.6,-3.7,-4.4,-3.9,1,下,-2.82,-1.12,断8~15天,10.0,1.0,-2.9,-23.2,03-31,实体+1→下影+8,4.78,-5.19,-5.19,2025-04,2025
000026.SZSE,飞亚达,2025-07-01,三接四阳,—,阳,3.04,大阳3~5,3.1,1.3,-6.4,-6.5,2,上,-5.31,-3.35,断16~60天,32.0,1.0,12.5,-4.3,05-09,下影-0→下影+0→一字+10,9.99,4.37,8.05,2025-07,2025
000029.SZSE,深深房Ａ,2024-09-30,二接三阳,—,阳,0.93,小阳0~3,4.9,9.5,13.8,16.3,4,上,5.53,4.05,60日内无板,,,,,,实体-0→下影+5,5.03,-10.01,-10.01,2024-09,2024
000032.SZSE,深桑达Ａ,2024-10-08,二接三阳,—,阳,4.0,大阳3~5,4.2,7.5,10.7,11.6,4,上,4.11,2.66,60日内无板,,,,,,实体+1→下影+8,9.99,-0.68,-0.68,2024-10,2024
000032.SZSE,深桑达Ａ,2026-06-15,二接三阳,—,阳,0.64,小阳0~3,-0.4,-2.9,-10.5,-11.8,0,下,-8.23,-4.14,60日内无板,,,,,,下影+1→下影+1,1.48,10.0,11.58,2026-06,2026
000032.SZSE,深桑达Ａ,2026-06-16,三接四阳,—,阳,0.64,小阳0~3,-0.4,-2.9,-10.5,-11.8,0,下,-8.23,-4.14,60日内无板,,,,,,下影+1→下影+1→下影+1,3.17,1.44,1.44,2026-06,2026
000037.SZSE,深南电A,2023-06-27,二接三阴,—,阴,-2.36,小阴-3~0,-3.1,-3.3,1.1,4.6,2,下,3.37,3.28,断4~7天,7.0,1.0,2.5,-7.3,06-09,实体-0→下影+4,9.98,10.03,14.26,2023-06,2023
000037.SZSE,深南电A,2023-06-28,三接四阴,—,阴,-2.36,小阴-3~0,-3.1,-3.3,1.1,4.6,2,下,3.37,3.28,断4~7天,7.0,1.0,2.5,-7.3,06-09,实体-0→下影+4→下影+10,0.17,3.85,3.85,2023-06,2023
000037.SZSE,深南电A,2024-01-31,二接三阴,—,阴,-6.05,巨阴≤-5,-1.4,1.8,6.2,8.8,3,上,6.54,4.56,断4~7天,7.0,1.0,10.9,-7.9,01-17,下影-2→实体+5,10.04,-25.83,-25.83,2024-01,2024
000042.SZSE,中洲控股,2024-03-13,二接三阳,—,阳,0.49,小阳0~3,0.0,-2.6,2.4,-7.8,2,下,3.29,-6.95,断8~15天,8.0,1.0,-3.2,-13.8,02-27,下影+0→下影-0,-4.67,-13.65,-13.65,2024-03,2024
000045.SZSE,深纺织Ａ,2024-10-29,二接三阳,—,阳,2.01,小阳0~3,1.5,4.5,7.0,10.3,4,上,1.06,4.51,断16~60天,32.0,2.0,10.4,-20.6,08-30,实体+5→一字+10,9.97,2.58,2.58,2024-10,2024
000045.SZSE,深纺织Ａ,2024-10-30,三接四阳,—,阳,2.01,小阳0~3,1.5,4.5,7.0,10.3,4,上,1.06,4.51,断16~60天,32.0,2.0,10.4,-20.6,08-30,实体+5→一字+10→下影+10,3.36,-2.13,-2.13,2024-10,2024
000048.SZSE,京基智农,2026-06-11,二接三阳,—,阳,4.54,大阳3~5,2.7,7.7,5.8,4.1,4,上,1.7,-0.99,断4~7天,5.0,1.0,17.5,-2.1,06-01,下影+3→下影+9,6.28,-3.57,-3.57,2026-06,2026
000058.SZSE,深 赛 格,2024-10-29,二接三阳,—,阳,1.51,小阳0~3,2.3,4.7,7.3,7.7,4,上,0.4,3.95,断16~60天,26.0,1.0,-0.6,-28.0,09-09,一字+10→一字+10,9.97,9.98,12.02,2024-10,2024
000058.SZSE,深 赛 格,2024-10-30,三接四阳,—,阳,1.51,小阳0~3,2.3,4.7,7.3,7.7,4,上,0.4,3.95,断16~60天,26.0,1.0,-0.6,-28.0,09-09,一字+10→一字+10→下影+10,-3.26,1.85,1.85,2024-10,2024
000061.SZSE,农 产 品,2025-08-29,二接三阳,—,阳,1.61,小阳0~3,1.3,2.2,3.7,4.5,4,上,1.54,0.82,60日内无板,,,,,,下影+1→下影+5,-0.95,-9.92,-9.92,2025-08,2025
000062.SZSE,深圳华强,2024-08-20,三接四阳,A1,阳,1.28,小阳0~3,1.0,0.7,1.2,0.9,4,上,0.31,-0.47,断16~60天,40.0,1.0,-5.7,-19.9,06-19,下影+1→下影+2→一字+10,10.01,10.04,83.92,2024-08,2024
000062.SZSE,深圳华强,2024-09-03,二接三阴,B1,阴,3.81,大阳3~5,14.7,40.8,84.9,107.1,4,上,53.6,30.06,断1天,1.0,10.0,14.2,-4.7,08-28,下影+3→下影+9,-1.34,9.99,19.8,2024-09,2024
000062.SZSE,深圳华强,2024-09-04,三接四阴,—,阴,3.81,大阳3~5,14.7,40.8,84.9,107.1,4,上,53.6,30.06,断1天,1.0,10.0,14.2,-4.7,08-28,下影+3→下影+9→下影-1,5.64,9.99,8.91,2024-09,2024
000066.SZSE,中国长城,2024-10-31,二接三阳,—,阳,4.74,大阳3~5,5.1,10.5,16.2,24.4,4,上,5.5,7.9,断2~3天,3.0,1.0,13.0,-4.0,10-23,下影-0→下影+5,9.98,10.02,-0.19,2024-10,2024
000066.SZSE,中国长城,2024-11-01,三接四阳,—,阳,4.74,大阳3~5,5.1,10.5,16.2,24.4,4,上,5.5,7.9,断2~3天,3.0,1.0,13.0,-4.0,10-23,下影-0→下影+5→下影+10,4.66,-9.28,-9.28,2024-11,2024
000066.SZSE,中国长城,2024-11-08,二接三阳,—,阳,6.06,巨阳≥5,4.5,20.2,39.2,51.6,4,上,25.31,15.03,断2~3天,2.0,4.0,5.8,-10.0,11-01,下影-4→下影-1,3.3,3.94,3.94,2024-11,2024
000066.SZSE,中国长城,2026-05-07,二接三阳,—,阳,1.07,小阳0~3,5.7,10.2,15.2,16.3,4,上,5.62,3.33,断16~60天,36.0,1.0,14.8,-18.0,03-09,下影+5→一字+10,6.83,-3.71,-3.71,2026-05,2026
000068.SZSE,华控赛格,2024-01-26,二接三阳,—,阳,0.98,小阳0~3,0.0,6.7,11.6,13.1,4,上,7.96,4.46,断2~3天,2.0,2.0,0.0,-18.9,01-19,下影-3→一字+10,9.38,9.98,-1.09,2024-01,2024
000068.SZSE,华控赛格,2024-01-29,三接四阳,—,阳,0.98,小阳0~3,0.0,6.7,11.6,13.1,4,上,7.96,4.46,断2~3天,2.0,2.0,0.0,-18.9,01-19,下影-3→一字+10→下影+9,0.0,-10.07,-10.07,2024-01,2024
000069.SZSE,华侨城Ａ,2024-10-08,三接四阳,—,阳,4.78,大阳3~5,6.2,10.3,13.3,12.9,4,上,4.03,1.98,60日内无板,,,,,,下影+0→一字+10→一字+10,9.93,-9.97,-9.97,2024-10,2024
000070.SZSE,特发信息,2024-01-24,二接三阳,—,阳,0.28,小阳0~3,-0.7,-1.9,-4.8,-9.2,0,下,-3.69,-3.37,断16~60天,53.0,1.0,-14.0,-24.9,11-06,下影-0→下影-1,9.53,10.02,8.98,2024-01,2024
000070.SZSE,特发信息,2025-11-25,二接三阳,—,阳,3.26,大阳3~5,0.5,0.5,-2.3,-1.8,2,上,-1.73,-0.27,断16~60天,20.0,1.0,0.4,-11.9,10-23,实体-2→下影+5,5.22,10.04,14.15,2025-11,2025
000070.SZSE,特发信息,2025-11-26,三接四阳,—,阳,3.26,大阳3~5,0.5,0.5,-2.3,-1.8,2,上,-1.73,-0.27,断16~60天,20.0,1.0,0.4,-11.9,10-23,实体-2→下影+5→下影+5,7.91,3.74,3.74,2025-11,2025
000070.SZSE,特发信息,2026-02-12,二接三阳,—,阳,2.45,小阳0~3,6.3,15.1,19.3,19.6,4,上,9.22,2.96,断2~3天,3.0,1.0,19.2,-3.0,02-04,下影+6→一字+10,9.98,-10.0,-10.0,2026-02,2026
000099.SZSE,中信海直,2024-04-01,三接四阴,—,阴,-1.17,小阴-3~0,-6.3,-6.8,2.5,9.7,2,下,7.89,6.59,断8~15天,9.0,2.0,0.2,-9.2,03-13,下影-1→一字+10→一字+10,8.14,-2.43,-2.43,2024-04,2024
000099.SZSE,中信海直,2024-04-19,二接三阳,—,阳,0.84,小阳0~3,4.8,5.1,14.7,24.5,4,上,8.96,7.42,断1天,1.0,1.0,10.9,-4.7,04-15,实体-0→下影+8,3.75,-7.82,-7.82,2024-04,2024
000099.SZSE,中信海直,2024-07-31,二接三阳,—,阳,1.43,小阳0~3,0.8,-1.5,-3.7,-6.3,1,下,-3.04,-2.18,60日内无板,,,,,,下影-0→下影+4,0.78,0.35,0.35,2024-07,2024
000100.SZSE,TCL科技,2024-11-01,二接三阴,—,阴,-1.35,小阴-3~0,-0.0,2.7,2.4,7.0,4,上,1.33,3.99,60日内无板,,,,,,下影-1→下影+4,10.0,-12.18,-12.18,2024-11,2024
000151.SZSE,中成股份,2024-01-29,三接四阳,—,阳,0.84,小阳0~3,-4.1,-7.5,-10.6,-15.3,0,下,-4.95,-4.37,断16~60天,36.0,1.0,-16.2,-25.8,12-01,实体+1→下影+10→一字+10,1.17,-9.99,-9.99,2024-01,2024
000158.SZSE,常山北明,2024-10-10,三接四阴,—,阴,-2.91,小阴-3~0,1.2,13.3,32.4,45.9,4,上,26.21,15.38,断2~3天,2.0,1.0,9.2,-4.6,09-25,实体+2→一字+10→一字+10,10.03,0.74,0.74,2024-10,2024
000402.SZSE,金 融 街,2026-05-06,二接三阴,—,阴,-0.76,小阴-3~0,-1.8,-4.3,-2.9,-2.0,0,下,-2.32,0.92,断8~15天,11.0,2.0,-5.9,-15.7,04-13,一字+10→下影+8,0.0,-4.01,-4.01,2026-05,2026
000409.SZSE,云鼎科技,2023-12-13,二接三阳,—,阳,1.49,小阳0~3,1.4,1.7,0.9,2.8,4,上,-0.79,0.97,60日内无板,,,,,,下影+1→下影+8,7.87,4.13,4.13,2023-12,2023
000409.SZSE,云鼎科技,2023-12-14,三接四阳,—,阳,1.49,小阳0~3,1.4,1.7,0.9,2.8,4,上,-0.79,0.97,60日内无板,,,,,,下影+1→下影+8→下影+8,0.09,-14.26,-14.26,2023-12,2023
000409.SZSE,云鼎科技,2025-03-05,二接三阴,—,阴,-6.08,巨阴≤-5,-4.0,-3.9,-2.6,0.9,1,下,0.76,2.45,断16~60天,58.0,1.0,-2.7,-26.5,11-29,下影+1→实体+2,10.03,10.04,8.96,2025-03,2025
000417.SZSE,合百集团,2026-05-20,二接三阴,—,阴,-4.16,大阴-5~-3,-0.7,1.9,5.9,6.8,3,上,6.06,2.18,60日内无板,,,,,,一字+10→一字+10,9.12,-2.31,-2.31,2026-05,2026
000417.SZSE,合百集团,2026-05-21,三接四阴,—,阴,-4.16,大阴-5~-3,-0.7,1.9,5.9,6.8,3,上,6.06,2.18,60日内无板,,,,,,一字+10→一字+10→下影+9,9.97,-2.29,-1.24,2026-05,2026
000420.SZSE,吉林化纤,2025-05-16,二接三阴,—,阴,-2.1,小阴-3~0,-0.1,1.5,4.2,3.8,3,上,2.4,2.04,断8~15天,11.0,1.0,7.6,-8.7,04-23,下影+3→下影+3,3.77,1.61,-6.25,2025-05,2025
000421.SZSE,南京公用,2023-12-12,二接三阴,—,阴,-4.17,大阴-5~-3,-1.3,1.8,4.2,5.8,3,上,3.98,2.53,60日内无板,,,,,,实体+0→下影+9,7.18,9.27,9.27,2023-12,2023
000421.SZSE,南京公用,2023-12-13,三接四阴,—,阴,-4.17,大阴-5~-3,-1.3,1.8,4.2,5.8,3,上,3.98,2.53,60日内无板,,,,,,实体+0→下影+9→下影+7,1.83,4.86,4.86,2023-12,2023
000421.SZSE,南京公用,2024-07-18,二接三阴,—,阴,-4.67,大阴-5~-3,-0.4,2.1,3.3,2.3,3,上,2.61,0.08,断16~60天,49.0,1.0,1.0,-16.2,05-06,下影-1→下影+1,-0.53,-14.54,-14.54,2024-07,2024
000421.SZSE,南京公用,2024-07-31,二接三阴,—,阴,-2.19,小阴-3~0,-1.9,-5.3,0.6,3.3,2,下,3.67,3.01,断4~7天,7.0,2.0,-4.9,-19.2,07-17,实体+1→实体+2,2.52,-12.98,-12.98,2024-07,2024
000421.SZSE,南京公用,2025-01-15,三接四阴,—,阴,-6.36,巨阴≤-5,-5.6,-9.1,-15.3,-12.6,0,下,-6.79,-1.43,断16~60天,16.0,1.0,-20.2,-28.6,12-03,下影+3→一字+10→一字+10,9.95,-17.52,-17.52,2025-01,2025
000428.SZSE,华天酒店,2026-07-29,二接三阴,—,阴,-1.94,小阴-3~0,-0.5,-1.4,-1.5,-3.2,0,下,-0.48,-1.33,60日内无板,,,,,,下影+7→实体+2,10.08,-5.2,-5.2,2026-07,2026
000428.SZSE,华天酒店,2026-07-30,三接四阴,—,阴,-1.94,小阴-3~0,-0.5,-1.4,-1.5,-3.2,0,下,-0.48,-1.33,60日内无板,,,,,,下影+7→实体+2→下影+10,9.9,-5.18,-10.14,2026-07,2026
000503.SZSE,国新健康,2024-10-09,二接三阳,—,阳,6.93,巨阳≥5,7.9,13.2,18.8,21.8,4,上,7.54,5.07,断16~60天,46.0,1.0,26.2,-14.3,07-23,下影+6→下影+10,7.11,-11.33,-11.33,2024-10,2024
000504.SZSE,南华生物,2024-05-10,二接三阳,—,阳,1.65,小阳0~3,5.8,12.0,9.2,1.4,4,上,4.11,-3.76,断2~3天,2.0,1.0,11.8,-3.7,04-30,一字+10→一字+10,4.85,-13.68,-13.68,2024-05,2024
000505.SZSE,京粮控股,2026-08-19,二接三阴,—,阴,-0.71,小阴-3~0,-1.8,-1.9,0.9,2.3,2,下,1.94,1.33,60日内无板,,,,,,实体+1→下影+1,2.06,0.27,0.27,2026-08,2026
000506.SZSE,招金黄金,2024-04-08,二接三阴,—,阴,0.49,小阳0~3,2.0,2.9,4.3,11.4,4,上,2.52,5.11,断4~7天,7.0,1.0,7.8,-10.0,03-21,下影-1→下影+3,5.79,-4.54,-4.54,2024-04,2024
000506.SZSE,招金黄金,2026-01-21,二接三阴,—,阴,-1.89,小阴-3~0,1.2,4.6,6.0,9.0,4,上,3.92,2.24,60日内无板,,,,,,实体+2→下影+3,2.5,0.88,0.88,2026-01,2026
000506.SZSE,招金黄金,2026-01-28,二接三阴,—,阴,-0.1,小阴-3~0,6.0,19.1,31.1,35.4,4,上,17.85,8.47,断2~3天,2.0,3.0,10.9,-5.8,01-21,实体+3→下影-0,6.49,9.99,-1.0,2026-01,2026
000506.SZSE,招金黄金,2026-01-29,三接四阴,—,阴,-0.1,小阴-3~0,6.0,19.1,31.1,35.4,4,上,17.85,8.47,断2~3天,2.0,3.0,10.9,-5.8,01-21,实体+3→下影-0→下影+6,9.99,-9.99,-9.99,2026-01,2026
000509.SZSE,华塑控股,2024-08-13,三接四阳,—,阳,-0.41,小阴-3~0,0.0,1.2,1.3,-0.4,3,上,1.74,-0.4,60日内无板,,,,,,下影-0→下影+10→一字+10,8.39,-8.47,-8.47,2024-08,2024
000509.SZSE,华塑控股,2025-10-23,二接三阳,—,阳,2.61,小阳0~3,0.2,-1.6,-3.4,-3.0,1,下,-3.65,-0.49,断8~15天,14.0,1.0,-0.9,-13.2,09-22,下影+1→下影+2,2.11,-14.59,-14.59,2025-10,2025
000509.SZSE,华塑控股,2026-05-27,二接三阳,—,阳,3.16,大阳3~5,0.8,1.0,4.4,5.1,4,上,2.02,1.58,断8~15天,11.0,1.0,9.7,-6.9,05-07,实体+1→实体+1,0.0,9.98,-0.96,2026-05,2026
000509.SZSE,华塑控股,2026-05-28,三接四阳,—,阳,3.16,大阳3~5,0.8,1.0,4.4,5.1,4,上,2.02,1.58,断8~15天,11.0,1.0,9.7,-6.9,05-07,实体+1→实体+1→下影+0,9.79,-9.95,-9.95,2026-05,2026
000510.SZSE,新金路,2025-04-15,二接三阳,—,阳,6.98,巨阳≥5,1.9,-2.3,-5.2,-3.5,1,下,-4.46,-1.04,60日内无板,,,,,,下影+10→一字+10,9.94,-5.7,-5.7,2025-04,2025
000510.SZSE,新金路,2025-04-16,三接四阳,A1,阳,6.98,巨阳≥5,1.9,-2.3,-5.2,-3.5,1,下,-4.46,-1.04,60日内无板,,,,,,下影+10→一字+10→下影+10,6.09,-5.71,-11.96,2025-04,2025
000510.SZSE,新金路,2025-11-27,二接三阳,—,阳,0.31,小阳0~3,-5.8,-5.6,0.7,5.0,2,下,4.29,5.23,60日内无板,,,,,,实体+4→实体+10,9.97,5.65,5.65,2025-11,2025
000510.SZSE,新金路,2026-05-26,二接三阴,—,阴,1.34,小阳0~3,-1.0,-9.4,-7.4,-7.9,0,下,-3.1,-2.01,断16~60天,54.0,2.0,-33.5,-43.4,03-02,下影+2→实体+5,0.73,-0.39,-0.39,2026-05,2026
000510.SZSE,新金路,2026-06-15,二接三阴,—,阴,-4.7,大阴-5~-3,-8.3,-10.5,-2.9,-0.5,0,下,3.65,1.32,断4~7天,7.0,1.0,-3.9,-14.7,06-01,下影-0→实体+3,9.96,7.7,7.7,2026-06,2026
000514.SZSE,渝 开 发,2024-05-23,二接三阴,B1,阴,-5.75,巨阴≤-5,2.5,6.6,12.4,13.6,4,上,5.68,4.32,60日内无板,,,,,,下影+1→下影+6,-7.44,-9.94,-9.94,2024-05,2024
000514.SZSE,渝 开 发,2025-07-09,二接三阴,—,阴,0.65,小阳0~3,1.8,3.4,3.6,3.9,4,上,1.34,0.49,断16~60天,47.0,1.0,12.7,-8.8,04-24,实体+2→下影+10,0.0,9.94,13.46,2025-07,2025
000514.SZSE,渝 开 发,2025-07-10,三接四阴,—,阴,0.65,小阳0~3,1.8,3.4,3.6,3.9,4,上,1.34,0.49,断16~60天,47.0,1.0,12.7,-8.8,04-24,实体+2→下影+10→下影+0,2.24,3.21,3.21,2025-07,2025
000518.SZSE,四环生物,2026-05-22,二接三阴,—,阴,-4.02,大阴-5~-3,-0.3,1.3,3.0,3.8,3,上,3.48,0.79,60日内无板,,,,,,下影+2→下影+3,8.53,9.93,-0.97,2026-05,2026
000518.SZSE,四环生物,2026-05-25,三接四阴,—,阴,-4.02,大阴-5~-3,-0.3,1.3,3.0,3.8,3,上,3.48,0.79,60日内无板,,,,,,下影+2→下影+3→下影+9,-6.3,-9.91,-9.91,2026-05,2026
000520.SZSE,凤凰航运,2024-10-30,三接四阳,—,阳,0.51,小阳0~3,7.8,19.2,35.5,49.2,4,上,17.03,14.7,断2~3天,2.0,1.0,14.7,-5.5,10-22,实体+6→下影+8→一字+10,0.0,9.95,-1.03,2024-10,2024
000520.SZSE,凤凰航运,2025-05-15,二接三阳,—,阳,2.66,小阳0~3,2.5,5.9,5.5,6.3,4,上,2.2,2.01,断16~60天,18.0,1.0,11.1,-12.0,04-11,下影+2→下影+0,5.18,-14.94,-14.94,2025-05,2025
000526.SZSE,学大教育,2023-05-30,二接三阳,—,阳,1.58,小阳0~3,0.6,-3.2,7.6,16.9,3,下,3.29,8.84,断8~15天,8.0,1.0,-4.8,-16.2,05-15,下影-1→下影+8,-1.18,-11.29,-11.29,2023-05,2023
000530.SZSE,冰山冷热,2024-11-08,二接三阳,—,阳,0.64,小阳0~3,2.1,4.0,8.3,12.2,4,上,5.54,2.78,60日内无板,,,,,,下影+1→下影+9,10.09,-5.21,-5.21,2024-11,2024
000530.SZSE,冰山冷热,2025-12-03,二接三阳,—,阳,0.65,小阳0~3,0.1,-3.7,-8.6,-8.7,1,下,-6.69,-2.21,60日内无板,,,,,,下影+0→下影+3,0.67,-10.49,-10.49,2025-12,2025
000532.SZSE,华金资本,2025-02-06,二接三阳,—,阳,5.81,巨阳≥5,3.9,4.5,4.4,-2.1,3,上,1.99,-2.35,60日内无板,,,,,,一字+10→一字+10,10.01,4.64,4.64,2025-02,2025
000533.SZSE,顺钠股份,2025-01-09,二接三阴,—,阴,-7.77,巨阴≤-5,4.6,24.2,35.0,39.2,4,上,22.29,10.09,断1天,1.0,6.0,1.5,-9.8,01-03,实体-10→下影-1,3.41,-23.17,-23.17,2025-01,2025
000533.SZSE,顺钠股份,2025-11-07,二接三阳,—,阳,0.42,小阳0~3,2.2,2.8,2.0,2.9,4,上,-0.68,1.16,60日内无板,,,,,,下影-1→下影+7,-1.26,3.54,3.23,2025-11,2025
000533.SZSE,顺钠股份,2026-02-04,二接三阴,—,阴,-2.78,小阴-3~0,-5.9,-9.1,-8.3,-6.7,0,下,-2.01,0.79,断16~60天,33.0,1.0,5.7,-6.4,12-12,一字+10→下影+3,5.52,-3.32,-3.32,2026-02,2026
000533.SZSE,顺钠股份,2026-03-09,三接四阴,A2,阴,-1.84,小阴-3~0,-3.0,-2.9,4.4,8.7,2,下,2.52,5.0,断4~7天,7.0,1.0,2.4,-10.3,02-12,实体-1→一字+10→一字+10,5.91,7.88,7.88,2026-03,2026
000533.SZSE,顺钠股份,2026-07-27,二接三阳,—,阳,-0.75,小阴-3~0,-1.1,-4.7,-10.5,-16.4,0,下,-6.29,-6.65,断16~60天,36.0,1.0,-31.6,-42.8,06-01,实体+0→一字+10,5.65,9.99,15.41,2026-07,2026
000533.SZSE,顺钠股份,2026-07-28,三接四阳,—,阳,-0.75,小阴-3~0,-1.1,-4.7,-10.5,-16.4,0,下,-6.29,-6.65,断16~60天,36.0,1.0,-31.6,-42.8,06-01,实体+0→一字+10→实体+6,9.99,4.93,4.93,2026-07,2026
000536.SZSE,华映科技,2023-09-06,二接三阴,—,阴,-4.81,大阴-5~-3,2.9,5.9,5.0,3.7,4,上,1.36,-0.95,断1天,1.0,1.0,4.8,-6.2,08-31,下影-1→下影+0,2.5,9.85,10.23,2023-09,2023
000536.SZSE,华映科技,2023-09-07,三接四阴,—,阴,-4.81,大阴-5~-3,2.9,5.9,5.0,3.7,4,上,1.36,-0.95,断1天,1.0,1.0,4.8,-6.2,08-31,下影-1→下影+0→实体+3,9.09,10.0,0.34,2023-09,2023
000536.SZSE,华映科技,2023-09-14,二接三阴,—,阴,-8.78,巨阴≤-5,3.6,21.1,37.3,41.0,4,上,26.22,11.73,断1天,1.0,5.0,0.3,-9.7,09-08,下影-5→下影-0,0.0,-9.04,-9.04,2023-09,2023
000536.SZSE,华映科技,2023-09-28,二接三阳,—,阳,-0.55,小阴-3~0,-1.8,1.0,20.5,38.2,3,上,13.51,18.31,断4~7天,4.0,1.0,5.9,-8.3,09-19,下影-4→下影+3,6.67,10.02,5.01,2023-09,2023
000536.SZSE,华映科技,2023-10-09,三接四阳,—,阳,-0.55,小阴-3~0,-1.8,1.0,20.5,38.2,3,上,13.51,18.31,断4~7天,4.0,1.0,5.9,-8.3,09-19,下影-4→下影+3→下影+7,4.38,-4.55,-4.55,2023-10,2023
000536.SZSE,华映科技,2024-10-09,二接三阳,—,阳,3.07,大阳3~5,4.7,-2.3,10.8,18.2,3,下,6.26,7.62,断8~15天,8.0,5.0,-8.5,-26.4,09-13,下影+3→下影+10,2.19,-9.95,-9.95,2024-10,2024
000536.SZSE,华映科技,2024-10-29,二接三阴,—,阴,-2.82,小阴-3~0,-4.1,-2.1,2.3,8.2,2,下,0.86,2.33,断8~15天,11.0,3.0,-6.0,-20.4,10-09,实体+1→下影+6,10.1,10.04,75.98,2024-10,2024
000537.SZSE,绿发电力,2026-03-12,二接三阳,—,阳,1.18,小阳0~3,2.8,4.3,7.1,7.8,4,上,3.04,1.7,60日内无板,,,,,,一字+10→下影+7,9.06,-0.96,-0.96,2026-03,2026
000537.SZSE,绿发电力,2026-03-13,三接四阳,—,阳,1.18,小阳0~3,2.8,4.3,7.1,7.8,4,上,3.04,1.7,60日内无板,,,,,,一字+10→下影+7→下影+9,9.99,-18.39,-18.39,2026-03,2026
000539.SZSE,粤电力Ａ,2026-05-29,二接三阴,—,阴,-1.33,小阴-3~0,1.5,-2.8,-4.0,0.9,2,下,-4.57,0.9,断16~60天,22.0,1.0,14.9,-2.7,04-21,下影-2→下影+8,8.67,10.02,2.82,2026-05,2026
000539.SZSE,粤电力Ａ,2026-06-01,三接四阴,—,阴,-1.33,小阴-3~0,1.5,-2.8,-4.0,0.9,2,下,-4.57,0.9,断16~60天,22.0,1.0,14.9,-2.7,04-21,下影-2→下影+8→下影+9,10.02,-6.55,-6.55,2026-06,2026
000546.SZSE,金圆股份,2025-11-19,二接三阴,—,阴,-2.89,小阴-3~0,1.4,4.4,8.1,9.7,4,上,4.89,2.81,60日内无板,,,,,,下影+2→下影+10,8.54,-5.26,-5.26,2025-11,2025
000546.SZSE,金圆股份,2025-11-20,三接四阴,—,阴,-2.89,小阴-3~0,1.4,4.4,8.1,9.7,4,上,4.89,2.81,60日内无板,,,,,,下影+2→下影+10→下影+9,10.0,-22.49,-22.49,2025-11,2025
000547.SZSE,航天发展,2025-11-18,二接三阳,—,阳,0.83,小阳0~3,0.1,-0.7,2.6,5.3,3,下,0.57,2.45,断8~15天,12.0,1.0,6.4,-6.6,10-28,下影-1→一字+10,6.28,10.01,8.87,2025-11,2025
000547.SZSE,航天发展,2025-11-19,三接四阳,—,阳,0.83,小阳0~3,0.1,-0.7,2.6,5.3,3,下,0.57,2.45,断8~15天,12.0,1.0,6.4,-6.6,10-28,下影-1→一字+10→下影+6,7.55,9.98,-1.04,2025-11,2025
000547.SZSE,航天发展,2025-12-02,二接三阳,—,阳,-3.23,大阴-5~-3,-5.7,0.2,17.7,27.4,3,上,22.37,12.33,断2~3天,3.0,1.0,-1.0,-16.2,11-24,下影-2→下影+10,4.37,5.2,5.2,2025-12,2025
000548.SZSE,湖南投资,2024-11-26,二接三阳,—,阳,1.15,小阳0~3,2.2,1.7,3.1,5.3,4,上,0.89,1.64,断16~60天,36.0,1.0,27.7,-4.4,09-25,下影+0→下影+7,8.76,-16.93,-16.93,2024-11,2024
000550.SZSE,江铃汽车,2023-07-19,二接三阴,—,阴,-0.42,小阴-3~0,-0.9,-0.2,1.8,3.7,2,下,2.4,1.83,断16~60天,45.0,1.0,4.5,-15.9,05-10,下影+6→下影+2,-1.68,-6.47,-6.47,2023-07,2023
000551.SZSE,创元科技,2024-10-09,二接三阳,—,阳,3.26,大阳3~5,5.1,8.2,8.0,6.5,4,上,2.54,0.2,60日内无板,,,,,,下影+2→下影+10,-0.09,3.56,3.56,2024-10,2024
000551.SZSE,创元科技,2025-12-25,三接四阳,—,阳,1.15,小阳0~3,0.3,1.1,3.0,2.5,4,上,1.64,0.73,60日内无板,,,,,,实体+0→实体+2→一字+10,0.13,1.74,1.74,2025-12,2025
000553.SZSE,安道麦A,2024-10-25,二接三阳,—,阳,8.3,巨阳≥5,12.3,13.7,18.7,24.9,4,上,0.25,5.7,断1天,1.0,1.0,19.1,2.0,10-21,下影+3→下影+10,0.0,2.63,2.63,2024-10,2024
000554.SZSE,泰山石油,2026-03-04,二接三阳,—,阳,2.99,小阳0~3,3.8,6.9,9.7,15.3,4,上,4.13,5.11,断2~3天,3.0,1.0,13.1,-2.8,02-24,下影+10→下影+10,9.95,-8.79,-8.79,2026-03,2026
000555.SZSE,神州信息,2025-10-31,二接三阳,—,阳,0.13,小阳0~3,5.0,10.3,10.7,10.1,4,上,3.26,0.64,断2~3天,3.0,1.0,17.4,0.4,10-23,下影+1→下影+3,8.7,3.01,8.2,2025-10,2025
000557.SZSE,西部创业,2024-11-11,二接三阳,—,阳,1.57,小阳0~3,3.6,3.2,5.9,9.9,4,上,1.66,1.93,断16~60天,46.0,1.0,28.2,-14.4,08-23,一字+10→一字+10,10.06,-5.52,-5.52,2024-11,2024
000559.SZSE,万向钱潮,2025-05-12,二接三阳,—,阳,3.26,大阳3~5,6.1,7.8,9.5,5.5,4,上,3.0,-2.72,断16~60天,21.0,1.0,3.0,-24.3,04-02,下影+4→下影+2,9.95,4.96,4.96,2025-05,2025
000559.SZSE,万向钱潮,2025-09-17,二接三阴,—,阴,-1.26,小阴-3~0,-1.0,0.4,-1.3,-0.5,1,上,-0.65,0.35,60日内无板,,,,,,实体+0→下影+5,9.98,10.03,-0.96,2025-09,2025
000559.SZSE,万向钱潮,2025-09-18,三接四阴,—,阴,-1.26,小阴-3~0,-1.0,0.4,-1.3,-0.5,1,上,-0.65,0.35,60日内无板,,,,,,实体+0→下影+5→下影+10,5.92,-9.98,-9.98,2025-09,2025
000560.SZSE,我爱我家,2024-04-30,二接三阳,—,阳,0.0,小阳0~3,-1.6,-5.3,-16.5,-20.1,0,下,-12.33,-7.43,断16~60天,28.0,1.0,-16.0,-25.7,03-14,下影+2→下影+5,7.37,-1.44,-1.44,2024-04,2024
000560.SZSE,我爱我家,2024-05-21,三接四阳,—,阳,7.59,巨阳≥5,9.3,15.4,29.3,24.5,4,上,16.45,2.84,断2~3天,3.0,1.0,20.5,-4.5,05-10,下影-0→一字+10→一字+10,3.74,6.52,4.53,2024-05,2024
000560.SZSE,我爱我家,2024-09-30,二接三阴,—,阴,-1.75,小阴-3~0,0.4,6.7,11.5,10.5,4,上,6.99,3.3,断4~7天,5.0,1.0,14.4,-2.6,09-18,下影-1→下影+4,10.0,4.28,4.28,2024-09,2024
000560.SZSE,我爱我家,2024-10-08,三接四阴,—,阴,-1.75,小阴-3~0,0.4,6.7,11.5,10.5,4,上,6.99,3.3,断4~7天,5.0,1.0,14.4,-2.6,09-18,下影-1→下影+4→下影+10,9.89,-14.6,-14.6,2024-10,2024
000560.SZSE,我爱我家,2026-09-01,二接三阳,—,阳,0.0,小阳0~3,3.5,5.3,6.2,7.8,4,上,1.6,1.55,断2~3天,2.0,1.0,10.5,-2.1,08-25,实体+4→一字+10,5.17,-0.31,-0.31,2026-09,2026
000561.SZSE,烽火电子,2024-10-29,二接三阴,—,阴,-0.37,小阴-3~0,0.8,3.8,5.8,12.3,4,上,1.45,5.59,断16~60天,19.0,1.0,25.6,-2.4,09-20,实体+1→下影+4,5.86,-3.84,-3.84,2024-10,2024
000561.SZSE,烽火电子,2025-08-14,二接三阳,—,阳,-0.48,小阴-3~0,-0.6,0.9,3.5,3.2,3,上,2.88,1.26,断16~60天,35.0,1.0,21.1,-0.6,06-23,下影+0→下影+3,6.8,4.73,4.73,2025-08,2025
000564.SZSE,供销大集,2024-11-07,二接三阴,—,阴,-2.0,小阴-3~0,-0.1,2.2,4.1,5.3,3,上,4.41,0.35,断16~60天,26.0,1.0,18.7,-3.8,09-20,下影-1→下影+0,0.84,9.92,4.58,2024-11,2024
000564.SZSE,供销大集,2024-12-02,二接三阳,—,阳,3.0,大阳3~5,-2.7,-0.5,4.5,15.7,2,下,-1.53,9.39,断4~7天,4.0,1.0,1.3,-15.1,11-21,下影+0→下影+2,0.6,-1.64,-1.64,2024-12,2024
000565.SZSE,渝三峡Ａ,2025-04-30,三接四阳,—,阳,0.39,小阳0~3,0.5,2.0,1.4,-1.1,3,上,2.54,-1.45,60日内无板,,,,,,下影+0→下影-3→一字+10,10.06,10.07,16.03,2025-04,2025
000565.SZSE,渝三峡Ａ,2025-05-16,二接三阳,—,阳,5.72,巨阳≥5,10.4,27.9,58.5,71.8,4,上,36.61,21.28,断4~7天,4.0,6.0,26.7,-10.0,05-07,下影-1→下影-2,0.47,-6.71,-6.71,2025-05,2025
000566.SZSE,海南海药,2024-09-11,三接四阳,A1,阳,2.34,小阳0~3,1.4,1.3,-1.7,-1.0,2,上,-2.2,-0.72,断16~60天,17.0,1.0,-2.9,-14.7,08-13,下影+10→一字+10→一字+10,10.05,10.02,8.91,2024-09,2024
000566.SZSE,海南海药,2024-11-07,二接三阳,—,阳,2.11,小阳0~3,-1.9,-0.3,8.0,10.4,2,下,10.29,6.0,断4~7天,7.0,2.0,7.4,-5.6,10-24,实体-1→下影+4,-3.41,-0.15,-0.15,2024-11,2024
000566.SZSE,海南海药,2024-11-08,三接四阳,—,阳,2.11,小阳0~3,-1.9,-0.3,8.0,10.4,2,下,10.29,6.0,断4~7天,7.0,2.0,7.4,-5.6,10-24,实体-1→下影+4→实体-3,9.91,-15.33,-15.33,2024-11,2024
000566.SZSE,海南海药,2025-06-04,二接三阳,—,阳,5.7,巨阳≥5,0.7,-1.9,3.5,5.2,3,下,3.36,1.98,断8~15天,10.0,1.0,12.7,-4.6,05-15,实体-0→下影+2,9.96,-12.3,-12.3,2025-06,2025
000566.SZSE,海南海药,2025-11-18,二接三阳,—,阳,0.33,小阳0~3,-0.8,-0.8,2.2,5.2,2,下,3.33,2.8,60日内无板,,,,,,实体+0→下影+4,0.94,-12.2,-12.2,2025-11,2025
000566.SZSE,海南海药,2025-12-23,二接三阴,—,阴,-2.23,小阴-3~0,-7.2,-13.6,-16.7,-12.8,0,下,-6.23,-1.17,断16~60天,17.0,1.0,-13.8,-22.4,11-25,下影+0→下影+1,6.91,-5.48,-5.48,2025-12,2025
000566.SZSE,海南海药,2026-07-01,二接三阴,—,阴,-10.02,巨阴≤-5,-1.7,2.9,3.3,0.6,3,上,4.12,0.19,断2~3天,2.0,2.0,1.1,-8.0,06-24,下影-3→下影+2,-1.8,10.02,11.84,2026-07,2026
000566.SZSE,海南海药,2026-07-02,三接四阴,—,阴,-10.02,巨阴≤-5,-1.7,2.9,3.3,0.6,3,上,4.12,0.19,断2~3天,2.0,2.0,1.1,-8.0,06-24,下影-3→下影+2→下影-2,9.11,1.66,1.66,2026-07,2026
000567.SZSE,海德股份,2024-09-26,二接三阴,—,阴,-1.73,小阴-3~0,-1.7,-1.0,-3.5,-7.2,0,下,-0.24,-3.13,断16~60天,36.0,1.0,-8.4,-18.5,07-31,实体+0→下影+10,-0.36,3.8,3.8,2024-09,2024
000568.SZSE,泸州老窖,2024-09-30,二接三阴,B1,阴,1.67,小阳0~3,6.4,7.6,3.1,-1.3,3,上,-2.84,-3.45,60日内无板,,,,,,下影+1→下影+7,10.0,6.21,6.21,2024-09,2024
000568.SZSE,泸州老窖,2024-10-08,三接四阴,—,阴,1.67,小阳0~3,6.4,7.6,3.1,-1.3,3,上,-2.84,-3.45,60日内无板,,,,,,下影+1→下影+7→下影+10,10.0,-13.1,-13.1,2024-10,2024
000571.SZSE,新大洲A,2024-03-18,二接三阴,B1,阴,-0.85,小阴-3~0,0.9,0.2,1.9,-4.4,3,上,-1.4,-1.82,60日内无板,,,,,,下影+0→下影+8,1.06,10.0,9.03,2024-03,2024
000571.SZSE,新大洲A,2024-03-19,三接四阴,—,阴,-0.85,小阴-3~0,0.9,0.2,1.9,-4.4,3,上,-1.4,-1.82,60日内无板,,,,,,下影+0→下影+8→下影+1,6.45,9.97,-0.88,2024-03,2024
000572.SZSE,海马汽车,2023-07-31,二接三阴,—,阴,-2.96,小阴-3~0,-1.1,-3.2,-2.7,-1.4,0,下,-1.19,0.69,60日内无板,,,,,,一字+10→下影+0,6.59,3.17,3.17,2023-07,2023
000572.SZSE,海马汽车,2023-08-01,三接四阴,—,阴,-2.96,小阴-3~0,-1.1,-3.2,-2.7,-1.4,0,下,-1.19,0.69,60日内无板,,,,,,一字+10→下影+0→下影+7,0.0,-5.76,-5.76,2023-08,2023
000572.SZSE,海马汽车,2023-11-14,二接三阴,—,阴,-1.98,小阴-3~0,0.3,2.1,3.6,4.4,4,上,3.36,1.16,60日内无板,,,,,,下影-1→下影+4,-1.11,-1.35,-1.35,2023-11,2023
000572.SZSE,海马汽车,2024-10-31,二接三阳,—,阳,3.37,大阳3~5,7.2,13.0,14.8,19.5,4,上,3.64,5.06,断16~60天,55.0,1.0,8.4,-26.9,08-01,下影+2→下影+0,2.07,-9.42,-9.42,2024-10,2024
000572.SZSE,海马汽车,2025-11-04,二接三阴,—,阴,-1.8,小阴-3~0,1.8,-2.2,-0.2,3.8,2,下,-2.15,1.6,断8~15天,10.0,2.0,-7.6,-22.0,10-16,下影+3→下影+4,9.5,10.01,12.64,2025-11,2025
000572.SZSE,海马汽车,2025-11-05,三接四阴,—,阴,-1.8,小阴-3~0,1.8,-2.2,-0.2,3.8,2,下,-2.15,1.6,断8~15天,10.0,2.0,-7.6,-22.0,10-16,下影+3→下影+4→下影+10,8.89,2.39,2.39,2025-11,2025
000573.SZSE,粤宏远Ａ,2024-11-25,二接三阳,—,阳,4.64,大阳3~5,3.3,0.6,2.2,5.9,4,上,-0.61,2.37,60日内无板,,,,,,实体-1→下影+0,5.37,-10.03,-10.03,2024-11,2024
000573.SZSE,粤宏远Ａ,2025-01-07,二接三阳,—,阳,4.35,大阳3~5,5.0,3.4,-2.5,-3.9,2,上,-7.05,-1.87,断16~60天,27.0,3.0,-11.8,-30.1,11-25,一字+10→一字+10,10.08,10.12,20.0,2025-01,2025
000573.SZSE,粤宏远Ａ,2025-01-08,三接四阳,—,阳,4.35,大阳3~5,5.0,3.4,-2.5,-3.9,2,上,-7.05,-1.87,断16~60天,27.0,3.0,-11.8,-30.1,11-25,一字+10→一字+10→下影+10,10.12,10.07,8.97,2025-01,2025
000573.SZSE,粤宏远Ａ,2025-02-26,二接三阴,—,阴,-1.94,小阴-3~0,-1.5,-2.8,-9.2,-9.7,0,下,-8.27,-4.08,断8~15天,15.0,1.0,-13.3,-22.3,01-23,实体+0→下影-2,0.61,-10.06,-10.06,2025-02,2025
000586.SZSE,汇源通信,2024-02-29,二接三阴,—,阴,-4.32,大阴-5~-3,3.8,14.6,0.6,-9.6,3,上,-4.43,-7.88,断2~3天,2.0,1.0,10.3,-0.2,02-22,下影+1→实体+7,7.18,10.0,0.85,2024-02,2024
000592.SZSE,平潭发展,2024-10-31,二接三阳,—,阳,6.06,巨阳≥5,7.8,11.6,15.4,23.5,4,上,2.96,7.19,断8~15天,15.0,1.0,22.2,-9.5,09-30,下影+0→下影+7,0.0,-16.49,-16.49,2024-10,2024
000592.SZSE,平潭发展,2025-11-04,二接三阳,—,阳,6.62,巨阳≥5,17.1,36.7,56.8,66.3,4,上,26.29,14.64,断1天,1.0,5.0,17.2,-2.5,10-29,下影+2→下影+9,6.68,10.04,-0.93,2025-11,2025
000592.SZSE,平潭发展,2025-11-05,三接四阳,—,阳,6.62,巨阳≥5,17.1,36.7,56.8,66.3,4,上,26.29,14.64,断1天,1.0,5.0,17.2,-2.5,10-29,下影+2→下影+9→下影+7,5.02,-9.97,-9.97,2025-11,2025
000593.SZSE,德龙汇能,2025-10-30,二接三阳,—,阳,3.39,大阳3~5,6.1,9.4,12.5,14.7,4,上,2.0,2.91,60日内无板,,,,,,下影+3→一字+10,10.02,-9.96,-9.96,2025-10,2025
000593.SZSE,德龙汇能,2026-01-14,二接三阳,—,阳,8.01,巨阳≥5,11.2,12.9,19.1,14.5,4,上,7.22,-1.21,断8~15天,9.0,1.0,26.8,-4.3,12-25,下影-0→下影+10,3.66,5.0,5.0,2026-01,2026
000593.SZSE,德龙汇能,2026-08-05,三接四阴,—,阴,-7.74,巨阴≤-5,-8.6,-16.3,-24.7,-28.0,0,下,-10.43,-5.66,断8~15天,11.0,1.0,-21.5,-28.9,07-15,一字+10→一字+10→一字+10,10.01,0.89,0.89,2026-08,2026
000595.SZSE,新能股份,2024-01-04,三接四阳,—,阳,3.29,大阳3~5,-0.2,-3.2,-5.1,-6.5,0,下,-3.51,-2.01,60日内无板,,,,,,实体+0→下影+3→一字+10,3.67,-7.25,-7.25,2024-01,2024
000595.SZSE,新能股份,2024-07-30,二接三阳,—,阳,-2.83,小阴-3~0,0.5,2.5,2.3,0.7,4,上,0.45,-0.87,60日内无板,,,,,,一字+10→一字+10,3.61,-7.44,-7.44,2024-07,2024
000595.SZSE,新能股份,2024-09-24,二接三阳,B2,阳,1.28,小阳0~3,8.3,12.0,20.6,27.8,4,上,9.37,7.63,断1天,1.0,1.0,11.3,-0.7,09-18,下影-1→下影-4,5.22,10.04,16.55,2024-09,2024
000595.SZSE,新能股份,2024-09-25,三接四阳,—,阳,1.28,小阳0~3,8.3,12.0,20.6,27.8,4,上,9.37,7.63,断1天,1.0,1.0,11.3,-0.7,09-18,下影-1→下影-4→下影+5,4.48,5.92,5.92,2024-09,2024
000595.SZSE,新能股份,2024-10-15,二接三阳,—,阳,0.24,小阳0~3,2.9,8.7,33.2,50.0,4,上,25.21,18.56,断4~7天,6.0,4.0,15.3,-13.7,09-25,下影-4→下影+4,4.96,-14.49,-14.49,2024-10,2024
000595.SZSE,新能股份,2025-03-21,二接三阴,—,阴,-2.08,小阴-3~0,-0.9,1.0,-2.5,-1.5,1,上,-0.93,-1.42,断16~60天,24.0,1.0,5.3,-11.3,02-12,下影-1→实体+3,7.29,-14.23,-14.23,2025-03,2025
000595.SZSE,新能股份,2026-07-24,二接三阴,—,阴,-2.98,小阴-3~0,-4.2,-9.8,-16.1,-21.2,0,下,-10.08,-7.04,断8~15天,12.0,2.0,-19.6,-31.1,07-03,实体-0→一字+10,9.96,-3.13,-3.13,2026-07,2026
000595.SZSE,新能股份,2026-08-04,二接三阴,—,阴,-8.02,巨阴≤-5,-10.8,-5.5,-8.2,-10.9,0,下,4.3,0.12,断4~7天,4.0,3.0,-10.7,-18.9,07-24,下影+2→下影+3,9.9,1.68,1.68,2026-08,2026
000595.SZSE,新能股份,2026-08-05,三接四阴,—,阴,-8.02,巨阴≤-5,-10.8,-5.5,-8.2,-10.9,0,下,4.3,0.12,断4~7天,4.0,3.0,-10.7,-18.9,07-24,下影+2→下影+3→下影+10,8.38,-13.3,-13.3,2026-08,2026
000596.SZSE,古井贡酒,2024-09-30,二接三阴,B1,阴,0.22,小阳0~3,3.0,3.0,-2.6,-6.6,2,上,-5.13,-3.79,60日内无板,,,,,,实体-0→下影+6,9.95,9.98,9.98,2024-09,2024
000596.SZSE,古井贡酒,2024-10-08,三接四阴,—,阴,0.22,小阳0~3,3.0,3.0,-2.6,-6.6,2,上,-5.13,-3.79,60日内无板,,,,,,实体-0→下影+6→下影+10,10.0,-10.01,-10.01,2024-10,2024
000597.SZSE,东北制药,2024-08-09,三接四阴,—,阴,-1.71,小阴-3~0,0.4,2.6,2.7,2.7,4,上,1.03,0.55,60日内无板,,,,,,一字+10→一字+10→一字+10,10.09,-10.02,-10.02,2024-08,2024
000599.SZSE,青岛双星,2025-10-28,二接三阴,—,阴,-1.03,小阴-3~0,2.5,3.0,4.5,5.1,4,上,1.64,1.06,断16~60天,34.0,1.0,15.1,-6.9,08-28,下影+0→实体+5,9.2,-8.62,-8.62,2025-10,2025
000599.SZSE,青岛双星,2025-10-29,三接四阴,—,阴,-1.03,小阴-3~0,2.5,3.0,4.5,5.1,4,上,1.64,1.06,断16~60天,34.0,1.0,15.1,-6.9,08-28,下影+0→实体+5→下影+9,4.18,-14.71,-14.71,2025-10,2025
000601.SZSE,韶能股份,2025-03-21,二接三阳,—,阳,2.11,小阳0~3,1.7,0.7,1.2,2.5,4,上,-1.75,0.71,60日内无板,,,,,,实体+1→下影+3,0.0,2.58,-2.07,2025-03,2025
000601.SZSE,韶能股份,2025-07-08,二接三阳,—,阳,1.41,小阳0~3,1.6,3.8,2.7,1.3,4,上,1.08,-0.59,断16~60天,45.0,2.0,-19.9,-33.0,04-25,下影+6→一字+10,7.84,-4.16,-4.16,2025-07,2025
000601.SZSE,韶能股份,2026-03-20,二接三阴,—,阴,-2.86,小阴-3~0,-6.9,-3.4,4.6,9.0,2,下,9.03,6.42,断4~7天,6.0,2.0,-0.3,-9.5,03-09,一字+10→一字+10,9.86,-9.95,-9.95,2026-03,2026
000601.SZSE,韶能股份,2026-05-14,二接三阳,—,阳,1.24,小阳0~3,4.0,4.8,7.2,5.6,4,上,1.4,1.86,断16~60天,29.0,2.0,-8.8,-29.3,03-25,实体+0→下影+9,10.0,-19.51,-19.51,2026-05,2026
000603.SZSE,盛达资源,2026-01-27,二接三阳,—,阳,1.78,小阳0~3,8.6,14.9,29.4,36.5,4,上,14.39,9.27,60日内无板,,,,,,下影+5→下影+10,0.37,7.96,8.79,2026-01,2026
000603.SZSE,盛达资源,2026-07-23,二接三阴,—,阴,-1.58,小阴-3~0,-7.3,-11.4,-16.5,-22.9,0,下,-9.13,-7.9,断8~15天,13.0,2.0,-19.2,-28.2,07-01,下影+2→实体+2,3.85,-0.12,-0.12,2026-07,2026
000605.SZSE,渤海股份,2024-11-07,二接三阳,—,阳,1.1,小阳0~3,-0.4,0.1,1.8,6.5,3,上,2.45,2.57,60日内无板,,,,,,实体+0→一字+10,10.03,10.07,9.66,2024-11,2024
000605.SZSE,渤海股份,2024-11-08,三接四阳,—,阳,1.1,小阳0~3,-0.4,0.1,1.8,6.5,3,上,2.45,2.57,60日内无板,,,,,,实体+0→一字+10→下影+10,10.07,-0.37,-0.37,2024-11,2024
000605.SZSE,渤海股份,2024-11-20,二接三阴,—,阴,-0.36,小阴-3~0,2.3,12.4,29.5,37.6,4,上,21.29,12.7,断1天,1.0,1.0,9.6,-2.7,11-14,下影+7→下影+0,10.04,10.02,8.94,2024-11,2024
000605.SZSE,渤海股份,2024-11-21,三接四阴,—,阴,-0.36,小阴-3~0,2.3,12.4,29.5,37.6,4,上,21.29,12.7,断1天,1.0,1.0,9.6,-2.7,11-14,下影+7→下影+0→下影+10,10.02,10.0,-0.98,2024-11,2024
000607.SZSE,华媒控股,2025-07-10,二接三阳,—,阳,0.22,小阳0~3,1.4,2.8,6.0,8.6,4,上,4.34,2.55,断4~7天,7.0,1.0,9.8,-5.1,06-26,下影+2→下影+10,9.17,10.0,-1.0,2025-07,2025
000607.SZSE,华媒控股,2025-07-11,三接四阳,—,阳,0.22,小阳0~3,1.4,2.8,6.0,8.6,4,上,4.34,2.55,断4~7天,7.0,1.0,9.8,-5.1,06-26,下影+2→下影+10→下影+9,10.0,-10.0,-10.0,2025-07,2025
000608.SZSE,阳光股份,2024-09-26,二接三阳,—,阳,-0.64,小阴-3~0,0.9,2.6,4.4,4.5,4,上,1.21,1.54,60日内无板,,,,,,实体+1→下影+10,-0.53,10.14,19.81,2024-09,2024
000608.SZSE,阳光股份,2024-11-11,二接三阳,—,阳,2.88,小阳0~3,4.4,7.0,10.7,14.4,4,上,4.24,-0.29,断8~15天,15.0,1.0,21.1,-8.8,10-16,下影-2→下影+10,3.96,-18.02,-18.02,2024-11,2024
000619.SZSE,海螺新材,2024-12-03,二接三阳,—,阳,2.94,小阳0~3,2.0,3.8,4.3,5.2,4,上,1.24,-0.11,60日内无板,,,,,,下影-0→下影+5,1.18,-10.04,-10.04,2024-12,2024
000619.SZSE,海螺新材,2024-12-11,二接三阳,—,阳,3.79,大阳3~5,-2.9,5.7,14.0,16.3,3,上,13.08,6.52,断2~3天,3.0,3.0,-3.1,-16.3,12-03,下影+2→下影+10,0.0,-12.9,-12.9,2024-12,2024
000620.SZSE,盈新发展,2024-05-24,三接四阳,—,阳,2.79,小阳0~3,4.5,4.3,4.5,4.2,4,上,-0.9,0.49,60日内无板,,,,,,一字+10→一字+10→一字+10,5.74,-10.07,-10.07,2024-05,2024
000620.SZSE,盈新发展,2024-11-07,二接三阴,—,阴,-1.62,小阴-3~0,0.3,4.4,7.3,11.8,4,上,6.41,3.01,断16~60天,20.0,1.0,7.5,-16.7,09-30,下影-1→下影+3,1.82,-7.44,-7.44,2024-11,2024
000620.SZSE,盈新发展,2025-11-05,二接三阴,—,阴,-10.14,巨阴≤-5,-13.7,-2.2,18.3,24.7,2,下,30.77,16.45,断2~3天,3.0,7.0,-14.4,-22.3,10-28,下影-1→下影+8,5.0,2.42,2.42,2025-11,2025
000620.SZSE,盈新发展,2025-11-06,三接四阴,A2,阴,-10.14,巨阴≤-5,-13.7,-2.2,18.3,24.7,2,下,30.77,16.45,断2~3天,3.0,7.0,-14.4,-22.3,10-28,下影-1→下影+8→下影+5,9.39,-12.95,-12.95,2025-11,2025
000626.SZSE,远大控股,2024-10-24,二接三阳,—,阳,0.59,小阳0~3,1.1,-0.8,5.9,10.7,3,下,2.72,4.74,断8~15天,10.0,1.0,4.9,-7.7,09-30,下影+0→下影+5,10.06,-9.44,-9.44,2024-10,2024
000626.SZSE,远大控股,2025-04-14,二接三阳,—,阳,4.86,大阳3~5,-2.1,-4.7,-8.1,-8.9,0,下,-4.13,-2.06,60日内无板,,,,,,一字+10→一字+10,2.16,-9.98,-9.98,2025-04,2025
000626.SZSE,远大控股,2025-10-16,二接三阳,—,阳,-1.04,小阴-3~0,0.5,1.7,-0.3,-1.7,2,上,-0.88,-0.88,断16~60天,55.0,1.0,-7.2,-20.4,07-18,下影+0→下影+10,10.05,10.03,20.97,2025-10,2025
000626.SZSE,远大控股,2025-10-17,三接四阳,—,阳,-1.04,小阴-3~0,0.5,1.7,-0.3,-1.7,2,上,-0.88,-0.88,断16~60天,55.0,1.0,-7.2,-20.4,07-18,下影+0→下影+10→下影+10,5.3,10.04,9.94,2025-10,2025
000628.SZSE,高新发展,2024-02-21,三接四阴,A2,阴,-2.2,小阴-3~0,-1.5,-8.0,-18.4,-20.6,0,下,-13.68,-4.68,断16~60天,17.0,1.0,-21.4,-35.5,01-15,下影+1→一字+10→一字+10,1.44,5.63,21.61,2024-02,2024
000628.SZSE,高新发展,2024-10-16,二接三阴,—,阴,-9.99,巨阴≤-5,-5.9,4.4,15.0,21.0,3,上,15.71,10.44,断2~3天,3.0,2.0,-0.3,-9.3,10-08,下影-2→实体+6,3.82,-7.95,-7.95,2024-10,2024
000631.SZSE,顺发恒能,2023-10-24,二接三阳,—,阳,1.89,小阳0~3,-0.4,-1.2,-3.0,-4.7,0,下,-1.59,-1.58,60日内无板,,,,,,下影+4→下影+8,4.91,10.03,20.06,2023-10,2023
000631.SZSE,顺发恒能,2023-10-25,三接四阳,—,阳,1.89,小阳0~3,-0.4,-1.2,-3.0,-4.7,0,下,-1.59,-1.58,60日内无板,,,,,,下影+4→下影+8→下影+5,10.03,10.13,9.11,2023-10,2023
000636.SZSE,风华高科,2024-02-08,二接三阴,—,阴,-5.6,巨阴≤-5,-9.2,-15.0,-20.1,-24.3,0,下,-7.42,-6.45,60日内无板,,,,,,下影-1→实体+0,1.54,-3.47,-3.47,2024-02,2024
000637.SZSE,茂化实华,2025-06-23,二接三阴,—,阴,-0.98,小阴-3~0,1.2,2.2,3.8,4.2,4,上,2.12,-0.19,断16~60天,23.0,2.0,0.0,-15.8,05-15,下影+3→下影+10,8.62,-10.07,-10.07,2025-06,2025
000655.SZSE,金岭矿业,2025-07-10,二接三阳,—,阳,0.14,小阳0~3,1.0,2.6,4.1,4.5,4,上,2.86,0.89,60日内无板,,,,,,下影+8→下影+10,1.35,4.5,4.5,2025-07,2025
000655.SZSE,金岭矿业,2025-07-11,三接四阳,—,阳,0.14,小阳0~3,1.0,2.6,4.1,4.5,4,上,2.86,0.89,60日内无板,,,,,,下影+8→下影+10→下影+1,3.79,-14.51,-14.51,2025-07,2025
000656.SZSE,金科股份,2023-07-07,二接三阴,—,阴,0.82,小阳0~3,8.7,10.1,19.8,8.1,4,上,12.6,-4.29,断1天,1.0,1.0,10.7,-1.6,07-03,下影+1→下影+1,2.68,-12.2,-12.2,2023-07,2023
000656.SZSE,金科股份,2023-07-25,二接三阴,—,阴,-0.71,小阴-3~0,-0.1,-3.4,5.5,17.2,2,下,4.05,9.51,断8~15天,10.0,2.0,2.7,-9.4,07-06,下影-1→下影+1,2.98,10.27,16.22,2023-07,2023
000656.SZSE,金科股份,2026-07-06,二接三阳,—,阳,-1.83,小阴-3~0,-6.3,-13.2,-18.5,-21.2,0,下,-8.33,-5.37,60日内无板,,,,,,一字+10→一字+10,10.0,-5.59,-5.59,2026-07,2026
000659.SZSE,珠海中富,2024-02-28,二接三阳,—,阳,3.33,大阳3~5,4.8,8.6,-3.7,-10.0,2,上,-8.4,-6.65,60日内无板,,,,,,实体+1→下影+5,6.19,-12.85,-12.85,2024-02,2024
000661.SZSE,长春高新,2024-10-08,二接三阳,—,阳,7.34,巨阳≥5,8.5,11.0,12.3,11.1,4,上,2.59,1.07,60日内无板,,,,,,下影+5→下影+8,10.0,-3.02,-3.02,2024-10,2024
000663.SZSE,永安林业,2025-11-21,二接三阴,—,阴,-10.0,巨阴≤-5,-0.9,2.4,6.9,11.3,3,上,5.38,4.99,断1天,1.0,1.0,-1.0,-10.0,11-17,下影-2→下影-3,0.61,-5.29,-7.33,2025-11,2025
000665.SZSE,湖北广电,2025-03-10,二接三阴,—,阴,-0.46,小阴-3~0,0.8,-0.7,-0.2,3.3,2,下,-1.42,2.53,断16~60天,39.0,1.0,4.1,-23.5,12-31,实体+1→一字+10,10.06,10.0,30.0,2025-03,2025
000668.SZSE,荣丰控股,2024-02-21,二接三阳,—,阳,1.8,小阳0~3,-11.3,-29.1,-41.8,-47.4,0,下,-21.09,-14.26,60日内无板,,,,,,下影-1→下影+2,0.0,4.11,4.11,2024-02,2024
000668.SZSE,荣丰控股,2025-04-18,二接三阴,—,阴,-4.12,大阴-5~-3,2.7,1.2,-5.4,-9.3,2,上,-4.26,-5.28,断1天,1.0,1.0,5.5,-5.3,04-14,下影-0→下影-1,0.0,-15.36,-15.36,2025-04,2025
000668.SZSE,荣丰控股,2026-07-27,二接三阴,B1,阴,-2.86,小阴-3~0,-10.0,-20.7,-27.8,-29.4,0,下,-13.58,-7.0,断16~60天,32.0,1.0,-22.0,-31.0,06-05,下影+0→下影+7,0.0,-5.09,-5.09,2026-07,2026
000670.SZSE,盈方微,2024-11-12,二接三阳,—,阳,2.12,小阳0~3,1.8,3.8,10.2,15.5,4,上,5.4,3.23,断4~7天,5.0,2.0,3.1,-12.8,10-31,下影+0→下影+5,5.02,-13.01,-13.01,2024-11,2024
000670.SZSE,盈方微,2025-04-15,二接三阳,—,阳,1.62,小阳0~3,-0.7,-7.2,-14.2,-17.5,0,下,-9.13,-5.84,60日内无板,,,,,,下影-1→一字+10,3.65,-12.63,-12.63,2025-04,2025
000676.SZSE,智度股份,2024-10-09,二接三阳,—,阳,2.3,小阳0~3,6.1,12.9,17.3,20.7,4,上,7.61,5.02,断4~7天,6.0,1.0,25.7,-1.6,09-19,下影+5→一字+10,9.18,-14.47,-14.47,2024-10,2024
000676.SZSE,智度股份,2026-07-17,二接三阳,—,阳,0.19,小阳0~3,-1.0,-1.5,-2.9,-5.3,0,下,0.12,-1.97,60日内无板,,,,,,下影+5→实体+0,6.91,-7.31,-7.31,2026-07,2026
000678.SZSE,襄阳轴承,2023-06-30,二接三阴,—,阴,-1.14,小阴-3~0,1.5,3.2,6.9,7.5,4,上,4.95,1.17,断16~60天,26.0,1.0,14.6,-8.8,05-18,实体-1→一字+10,7.77,10.04,11.52,2023-06,2023
000678.SZSE,襄阳轴承,2023-07-03,三接四阴,—,阴,-1.14,小阴-3~0,1.5,3.2,6.9,7.5,4,上,4.95,1.17,断16~60天,26.0,1.0,14.6,-8.8,05-18,实体-1→一字+10→下影+8,10.04,1.35,1.35,2023-07,2023
000678.SZSE,襄阳轴承,2024-08-22,二接三阳,—,阳,0.0,小阳0~3,0.1,-0.1,0.2,0.7,3,下,-1.13,0.71,60日内无板,,,,,,下影+1→一字+10,10.11,-16.57,-16.57,2024-08,2024
000678.SZSE,襄阳轴承,2025-03-12,二接三阳,—,阳,2.83,小阳0~3,7.2,14.1,23.6,30.6,4,上,10.43,8.03,断2~3天,3.0,1.0,20.0,-1.8,03-04,下影-3→实体+1,4.37,10.02,2.62,2025-03,2025
000678.SZSE,襄阳轴承,2025-03-13,三接四阳,—,阳,2.83,小阳0~3,7.2,14.1,23.6,30.6,4,上,10.43,8.03,断2~3天,3.0,1.0,20.0,-1.8,03-04,下影-3→实体+1→下影+4,2.78,-6.72,-6.72,2025-03,2025
000678.SZSE,襄阳轴承,2025-03-19,二接三阳,—,阳,-6.72,巨阴≤-5,5.5,22.7,43.2,56.9,4,上,27.08,17.9,断1天,1.0,4.0,2.6,-10.0,03-13,下影+1→下影+1,-0.45,10.01,-0.99,2025-03,2025
000678.SZSE,襄阳轴承,2025-03-20,三接四阳,—,阳,-6.72,巨阴≤-5,5.5,22.7,43.2,56.9,4,上,27.08,17.9,断1天,1.0,4.0,2.6,-10.0,03-13,下影+1→下影+1→下影-0,1.86,-10.0,-10.0,2025-03,2025
000679.SZSE,大连友谊,2024-07-05,二接三阳,—,阳,4.2,大阳3~5,2.4,1.9,0.9,-7.3,3,上,-2.52,-5.48,断8~15天,10.0,1.0,3.0,-13.2,06-18,下影+0→下影+6,-4.33,-14.24,-14.24,2024-07,2024
000679.SZSE,大连友谊,2024-11-22,二接三阳,—,阳,-0.23,小阴-3~0,-3.3,-1.0,4.9,9.8,2,下,7.01,5.98,断2~3天,3.0,1.0,1.9,-11.3,11-14,实体+2→下影-1,0.0,-13.12,-13.12,2024-11,2024
000679.SZSE,大连友谊,2025-01-15,二接三阴,—,阴,-6.07,巨阴≤-5,-6.9,-12.9,-18.0,-17.2,0,下,-1.81,-3.18,断8~15天,8.0,1.0,-5.7,-15.4,12-30,下影-0→下影+6,-1.62,-2.21,-2.21,2025-01,2025
000679.SZSE,大连友谊,2026-06-18,二接三阴,—,阴,-1.3,小阴-3~0,0.1,-2.0,-5.4,-8.1,1,下,-3.55,-3.28,60日内无板,,,,,,下影+0→下影+2,0.0,-6.3,-6.3,2026-06,2026
000681.SZSE,视觉中国,2024-12-13,二接三阴,—,阴,-6.75,巨阴≤-5,5.3,14.6,24.2,25.3,4,上,14.23,5.38,断1天,1.0,2.0,2.6,-7.0,12-09,实体+2→下影+10,2.89,6.5,6.5,2024-12,2024
000681.SZSE,视觉中国,2024-12-16,三接四阴,—,阴,-6.75,巨阴≤-5,5.3,14.6,24.2,25.3,4,上,14.23,5.38,断1天,1.0,2.0,2.6,-7.0,12-09,实体+2→下影+10→实体+3,9.63,0.75,0.75,2024-12,2024
000691.SZSE,亚太实业,2024-04-24,二接三阴,—,阴,-3.25,大阴-5~-3,-1.6,-10.4,-16.1,-14.6,0,下,-11.54,-3.41,断8~15天,11.0,1.0,-19.8,-36.7,04-02,下影+5→下影+0,10.1,10.09,-0.92,2024-04,2024
000695.SZSE,滨海能源,2024-11-14,二接三阳,—,阳,0.9,小阳0~3,1.0,1.3,3.7,3.0,4,上,0.3,0.69,断8~15天,12.0,1.0,9.2,-5.8,10-24,下影+1→下影+0,5.62,-15.7,-15.7,2024-11,2024
000700.SZSE,模塑科技,2023-10-16,二接三阳,—,阳,1.15,小阳0~3,1.3,1.5,-0.4,0.1,3,上,-1.26,-1.09,断16~60天,25.0,1.0,9.7,-5.0,08-29,实体+0→下影+2,4.36,-10.6,-10.6,2023-10,2023
000700.SZSE,模塑科技,2026-06-04,二接三阴,—,阴,-3.39,大阴-5~-3,-7.0,-6.8,-3.0,3.5,1,下,3.58,6.59,断16~60天,17.0,1.0,11.1,-4.3,05-07,下影+3→实体-0,3.44,-5.21,-5.21,2026-06,2026
000702.SZSE,正虹科技,2024-05-22,二接三阴,—,阴,-2.1,小阴-3~0,-4.0,0.1,10.0,9.0,3,上,10.31,4.58,断2~3天,3.0,1.0,-1.5,-11.5,05-14,实体+0→下影+1,1.24,10.0,12.9,2024-05,2024
000702.SZSE,正虹科技,2024-05-23,三接四阴,—,阴,-2.1,小阴-3~0,-4.0,0.1,10.0,9.0,3,上,10.31,4.58,断2~3天,3.0,1.0,-1.5,-11.5,05-14,实体+0→下影+1→实体+1,6.45,9.97,2.64,2024-05,2024
000702.SZSE,正虹科技,2024-10-29,二接三阳,—,阳,-0.88,小阴-3~0,-0.6,11.5,26.7,39.4,3,上,17.68,15.19,断4~7天,4.0,1.0,14.7,0.0,10-18,下影+6→下影+4,2.92,-11.75,-11.75,2024-10,2024
000705.SZSE,浙江震元,2025-07-18,二接三阴,—,阴,-1.36,小阴-3~0,0.3,0.9,2.8,2.7,4,上,1.61,0.68,60日内无板,,,,,,下影+7→一字+10,10.05,-14.9,-14.9,2025-07,2025
000710.SZSE,贝瑞基因,2023-11-22,二接三阳,—,阳,1.41,小阳0~3,0.4,-0.1,3.0,4.3,3,下,0.35,1.97,60日内无板,,,,,,实体+1→下影+7,8.4,-9.38,-9.38,2023-11,2023
000710.SZSE,贝瑞基因,2023-11-23,三接四阳,—,阳,1.41,小阳0~3,0.4,-0.1,3.0,4.3,3,下,0.35,1.97,60日内无板,,,,,,实体+1→下影+7→下影+8,10.0,-17.05,-17.05,2023-11,2023
000710.SZSE,贝瑞基因,2024-03-20,二接三阳,—,阳,-0.61,小阴-3~0,-0.8,-0.2,1.8,2.2,2,下,-0.83,4.83,断16~60天,19.0,1.0,29.2,-2.3,02-19,实体+2→一字+10,-1.82,10.03,6.26,2024-03,2024
000710.SZSE,贝瑞基因,2024-03-21,三接四阳,—,阳,-0.61,小阴-3~0,-0.8,-0.2,1.8,2.2,2,下,-0.83,4.83,断16~60天,19.0,1.0,29.2,-2.3,02-19,实体+2→一字+10→下影-2,9.94,-3.43,-3.43,2024-03,2024
000710.SZSE,贝瑞基因,2025-02-11,二接三阳,—,阳,3.56,大阳3~5,5.0,3.7,5.3,1.2,4,上,0.91,-1.31,断16~60天,36.0,1.0,-11.9,-30.6,12-09,实体+1→下影+6,10.05,-8.27,-8.27,2025-02,2025
000712.SZSE,锦龙股份,2024-10-08,二接三阳,—,阳,7.36,巨阳≥5,11.2,18.7,21.4,17.5,4,上,6.54,1.05,断2~3天,2.0,1.0,19.9,-1.4,09-24,下影+1→下影+8,10.03,-9.99,-9.99,2024-10,2024
000712.SZSE,锦龙股份,2024-11-28,二接三阳,—,阳,2.2,小阳0~3,-2.0,-3.1,-1.4,-0.5,0,下,-0.14,-0.17,断16~60天,34.0,3.0,-8.1,-24.1,10-08,下影+0→下影+1,8.53,9.98,-1.0,2024-11,2024
000712.SZSE,锦龙股份,2024-11-29,三接四阳,—,阳,2.2,小阳0~3,-2.0,-3.1,-1.4,-0.5,0,下,-0.14,-0.17,断16~60天,34.0,3.0,-8.1,-24.1,10-08,下影+0→下影+1→下影+9,-3.51,-9.99,-9.99,2024-11,2024
000712.SZSE,锦龙股份,2026-08-31,三接四阴,—,阴,-2.21,小阴-3~0,1.8,-1.6,-2.2,0.1,2,下,-4.07,0.62,断8~15天,14.0,1.0,-0.6,-14.4,08-05,实体-0→一字+10→一字+10,8.98,4.01,4.01,2026-08,2026
000713.SZSE,国投丰乐,2025-04-09,二接三阳,—,阳,3.82,大阳3~5,3.5,3.5,2.6,1.9,4,上,-0.84,-0.57,60日内无板,,,,,,下影+5→下影+0,4.73,-9.21,-9.21,2025-04,2025
000715.SZSE,中兴商业,2024-01-10,二接三阴,—,阴,-1.42,小阴-3~0,1.2,2.3,-0.3,-1.6,2,上,-1.52,-1.67,60日内无板,,,,,,下影-0→一字+10,9.99,9.97,2.07,2024-01,2024
000715.SZSE,中兴商业,2024-01-11,三接四阴,—,阴,-1.42,小阴-3~0,1.2,2.3,-0.3,-1.6,2,上,-1.52,-1.67,60日内无板,,,,,,下影-0→一字+10→下影+10,9.97,-7.18,-7.18,2024-01,2024
000716.SZSE,黑芝麻,2024-11-05,二接三阴,—,阴,-1.33,小阴-3~0,0.3,3.7,4.5,10.1,4,上,4.01,4.51,60日内无板,,,,,,下影-1→下影+4,8.01,9.98,19.8,2024-11,2024
000716.SZSE,黑芝麻,2024-12-02,二接三阳,—,阳,0.6,小阳0~3,5.8,7.6,5.9,18.8,4,上,-7.99,8.29,断2~3天,2.0,1.0,16.7,-5.1,11-25,下影-1→一字+10,10.04,10.02,-1.01,2024-12,2024
000716.SZSE,黑芝麻,2024-12-03,三接四阳,—,阳,0.6,小阳0~3,5.8,7.6,5.9,18.8,4,上,-7.99,8.29,断2~3天,2.0,1.0,16.7,-5.1,11-25,下影-1→一字+10→下影+10,0.23,-10.03,-10.03,2024-12,2024
000717.SZSE,中南股份,2024-12-09,二接三阳,—,阳,0.7,小阳0~3,2.5,3.6,0.8,0.3,4,上,-1.07,-0.96,断8~15天,12.0,1.0,7.8,-11.6,11-18,下影+0→下影+8,-0.29,-8.09,-8.09,2024-12,2024
000718.SZSE,苏宁环球,2025-09-11,二接三阳,B2,阳,0.44,小阳0~3,0.8,0.4,-0.0,1.0,4,上,-1.27,0.71,60日内无板,,,,,,下影+1→实体-1,5.11,9.97,16.94,2025-09,2025
000718.SZSE,苏宁环球,2025-09-12,三接四阳,—,阳,0.44,小阳0~3,0.8,0.4,-0.0,1.0,4,上,-1.27,0.71,60日内无板,,,,,,下影+1→实体-1→下影+5,7.31,6.34,6.34,2025-09,2025
000719.SZSE,中原传媒,2023-08-08,二接三阴,—,阴,-2.21,小阴-3~0,-1.9,-1.4,-2.2,-5.6,0,下,-0.48,-1.74,断2~3天,3.0,1.0,3.8,-6.6,07-31,实体+0→下影+4,0.08,-11.31,-11.31,2023-08,2023
000720.SZSE,新能泰山,2026-03-27,三接四阴,—,阴,-4.33,大阴-5~-3,-4.3,-8.4,-7.0,-4.4,0,下,-1.42,1.2,断8~15天,11.0,1.0,-5.9,-15.7,03-06,一字+10→一字+10→一字+10,8.38,-9.98,-9.98,2026-03,2026
000720.SZSE,新能泰山,2026-04-07,二接三阴,—,阴,-10.07,巨阴≤-5,-5.0,6.3,11.3,16.5,3,上,12.99,7.93,断1天,1.0,1.0,-1.1,-10.1,03-31,下影-1→下影+4,9.43,2.6,2.6,2026-04,2026
000720.SZSE,新能泰山,2026-04-08,三接四阴,—,阴,-10.07,巨阴≤-5,-5.0,6.3,11.3,16.5,3,上,12.99,7.93,断1天,1.0,1.0,-1.1,-10.1,03-31,下影-1→下影+4→下影+9,6.43,-16.02,-16.02,2026-04,2026
000722.SZSE,湖南发展,2025-05-21,二接三阴,—,阴,-1.52,小阴-3~0,-0.4,0.9,-1.2,-3.9,1,上,-2.54,-2.15,断8~15天,12.0,1.0,-1.4,-14.6,04-25,下影+3→下影+3,-1.42,-5.75,-5.75,2025-05,2025
000722.SZSE,湖南发展,2026-03-26,二接三阴,—,阴,-3.44,大阴-5~-3,-0.2,-0.5,1.0,3.1,2,下,0.7,2.06,60日内无板,,,,,,实体+2→一字+10,6.98,-7.22,-7.22,2026-03,2026
000723.SZSE,美锦能源,2024-02-08,二接三阴,—,阴,-5.63,巨阴≤-5,-8.9,-13.8,-18.8,-22.6,0,下,-6.34,-6.11,60日内无板,,,,,,实体-2→实体+1,2.11,-5.6,-5.6,2024-02,2024
000727.SZSE,冠捷科技,2023-10-16,二接三阴,—,阴,-5.42,巨阴≤-5,4.8,10.8,13.7,16.0,4,上,6.02,3.07,断1天,1.0,1.0,4.1,-6.4,10-10,实体-4→实体+4,10.06,-18.01,-18.01,2023-10,2023
000736.SZSE,中交发展,2024-09-19,二接三阴,—,阴,3.78,大阳3~5,2.3,2.1,1.4,-1.7,3,上,1.37,-2.43,60日内无板,,,,,,实体+0→下影-1,-3.12,-1.72,-1.72,2024-09,2024
000737.SZSE,北方铜业,2024-03-18,二接三阳,—,阳,1.08,小阳0~3,-0.0,3.3,6.8,8.6,4,上,3.73,4.97,60日内无板,,,,,,一字+10→下影+5,6.17,-6.94,-6.94,2024-03,2024
000737.SZSE,北方铜业,2024-04-08,二接三阳,—,阳,6.83,巨阳≥5,12.7,14.7,30.7,41.9,4,上,11.87,10.75,断1天,1.0,1.0,17.5,3.6,03-29,下影+2→下影+4,5.93,-4.04,-4.04,2024-04,2024
000750.SZSE,国海证券,2024-09-26,二接三阴,—,阴,-0.66,小阴-3~0,-0.8,-1.5,1.0,0.6,2,下,2.11,0.37,60日内无板,,,,,,下影+1→下影+6,0.83,10.03,29.82,2024-09,2024
000750.SZSE,国海证券,2024-09-27,三接四阴,—,阴,-0.66,小阴-3~0,-0.8,-1.5,1.0,0.6,2,下,2.11,0.37,60日内无板,,,,,,下影+1→下影+6→下影+1,10.03,10.02,18.0,2024-09,2024
000753.SZSE,漳州发展,2024-11-28,二接三阳,—,阳,1.41,小阳0~3,2.7,3.2,1.3,4.0,4,上,-1.36,1.34,60日内无板,,,,,,一字+10→下影+10,2.75,10.0,31.88,2024-11,2024
000753.SZSE,漳州发展,2024-11-29,三接四阳,—,阳,1.41,小阳0~3,2.7,3.2,1.3,4.0,4,上,-1.36,1.34,60日内无板,,,,,,一字+10→下影+10→下影+3,4.17,10.04,19.89,2024-11,2024
000757.SZSE,浩物股份,2023-10-20,二接三阳,—,阳,-1.51,小阴-3~0,2.0,3.5,5.3,6.1,4,上,2.31,1.28,60日内无板,,,,,,下影+0→下影+5,9.93,-18.39,-18.39,2023-10,2023
000759.SZSE,中百集团,2024-12-27,二接三阳,—,阳,3.17,大阳3~5,-3.9,1.2,26.4,45.7,3,上,23.76,21.76,断2~3天,3.0,2.0,-4.5,-24.3,12-19,下影-8→下影+10,5.6,9.99,19.8,2024-12,2024
000759.SZSE,中百集团,2024-12-30,三接四阳,—,阳,3.17,大阳3~5,-3.9,1.2,26.4,45.7,3,上,23.76,21.76,断2~3天,3.0,2.0,-4.5,-24.3,12-19,下影-8→下影+10→下影+6,2.78,10.01,8.92,2024-12,2024
000759.SZSE,中百集团,2025-04-10,二接三阴,—,阴,-10.04,巨阴≤-5,-7.3,-11.5,-18.1,-20.9,0,下,-8.69,-5.16,断16~60天,26.0,1.0,-24.0,-30.9,02-27,实体-1→下影+0,1.56,1.2,1.2,2025-04,2025
000762.SZSE,西藏矿业,2024-10-08,二接三阳,—,阳,3.24,大阳3~5,4.4,5.1,4.5,5.1,4,上,0.24,-0.07,60日内无板,,,,,,实体+2→下影+9,10.0,-9.98,-9.98,2024-10,2024
000766.SZSE,通化金马,2023-09-01,二接三阴,—,阴,-2.06,小阴-3~0,1.0,3.1,4.6,7.2,4,上,1.89,2.62,断4~7天,6.0,1.0,13.5,-2.5,08-21,下影+1→下影+1,4.42,-2.8,-3.16,2023-09,2023
000766.SZSE,通化金马,2023-09-13,二接三阴,—,阴,0.13,小阳0~3,-1.1,6.1,17.5,22.9,3,上,14.45,7.98,断4~7天,4.0,1.0,7.1,-5.6,09-04,实体+1→下影+8,2.87,10.04,30.5,2023-09,2023
000766.SZSE,通化金马,2023-09-14,三接四阴,—,阴,0.13,小阳0~3,-1.1,6.1,17.5,22.9,3,上,14.45,7.98,断4~7天,4.0,1.0,7.1,-5.6,09-04,实体+1→下影+8→实体+3,3.28,10.0,18.6,2023-09,2023
000777.SZSE,中核科技,2026-06-17,二接三阳,—,阳,2.63,小阳0~3,0.1,-2.7,-7.2,-11.2,1,下,-4.94,-5.04,60日内无板,,,,,,实体+0→一字+10,10.02,-10.02,-10.02,2026-06,2026
000783.SZSE,长江证券,2024-09-30,二接三阳,—,阳,3.04,大阳3~5,5.5,7.5,9.3,9.2,4,上,2.44,1.32,60日内无板,,,,,,下影-1→下影+3,6.71,9.97,3.32,2024-09,2024
000783.SZSE,长江证券,2024-10-08,三接四阳,—,阳,3.04,大阳3~5,5.5,7.5,9.3,9.2,4,上,2.44,1.32,60日内无板,,,,,,下影-1→下影+3→实体+7,9.97,-6.05,-6.05,2024-10,2024
000785.SZSE,居然智家,2024-12-12,二接三阴,—,阴,-2.99,小阴-3~0,3.0,5.7,9.0,10.0,4,上,4.11,1.49,断1天,1.0,1.0,6.6,-4.8,12-06,下影+5→下影+1,0.77,9.98,8.82,2024-12,2024
000785.SZSE,居然智家,2024-12-13,三接四阴,—,阴,-2.99,小阴-3~0,3.0,5.7,9.0,10.0,4,上,4.11,1.49,断1天,1.0,1.0,6.6,-4.8,12-06,下影+5→下影+1→下影+1,9.98,9.92,-1.05,2024-12,2024
000785.SZSE,居然智家,2025-02-12,二接三阳,—,阳,1.17,小阳0~3,0.6,0.2,-5.1,-6.6,2,上,-1.88,-2.38,断16~60天,19.0,1.0,-8.9,-21.8,01-03,实体+2→一字+10,10.05,10.0,8.91,2025-02,2025
000785.SZSE,居然智家,2025-02-13,三接四阳,—,阳,1.17,小阳0~3,0.6,0.2,-5.1,-6.6,2,上,-1.88,-2.38,断16~60天,19.0,1.0,-8.9,-21.8,01-03,实体+2→一字+10→下影+10,8.26,10.08,-0.99,2025-02,2025
000798.SZSE,中水渔业,2025-11-18,二接三阳,—,阳,0.59,小阳0~3,1.1,2.6,3.8,5.1,4,上,2.12,1.37,60日内无板,,,,,,实体+0→一字+10,7.66,9.96,31.75,2025-11,2025
000799.SZSE,酒鬼酒,2024-10-08,三接四阴,—,阴,-1.92,小阴-3~0,1.2,5.6,7.3,5.4,4,上,3.87,1.14,断4~7天,4.0,1.0,13.1,-2.0,09-19,实体-1→下影+8→一字+10,10.0,-2.3,-2.3,2024-10,2024
000801.SZSE,四川九洲,2024-11-20,二接三阴,—,阴,-4.57,大阴-5~-3,-8.7,-8.5,-7.0,-1.0,0,下,-0.05,4.21,断8~15天,12.0,1.0,-2.1,-12.7,10-30,下影-0→一字+10,9.97,10.0,19.81,2024-11,2024
000801.SZSE,四川九洲,2024-11-21,三接四阴,—,阴,-4.57,大阴-5~-3,-8.7,-8.5,-7.0,-1.0,0,下,-0.05,4.21,断8~15天,12.0,1.0,-2.1,-12.7,10-30,下影-0→一字+10→下影+10,10.0,9.99,8.92,2024-11,2024
000802.SZSE,北京文化,2023-06-07,二接三阳,—,阳,8.72,巨阳≥5,7.2,11.4,12.0,13.6,4,上,3.58,2.21,断16~60天,29.0,1.0,18.7,-16.4,04-19,下影+0→下影+5,0.12,-0.88,-0.88,2023-06,2023
000802.SZSE,北京文化,2026-08-12,二接三阳,—,阳,0.0,小阳0~3,0.9,4.9,10.7,12.9,4,上,7.56,3.73,60日内无板,,,,,,下影+10→一字+10,10.06,10.02,4.04,2026-08,2026
000802.SZSE,北京文化,2026-08-13,三接四阳,—,阳,0.0,小阳0~3,0.9,4.9,10.7,12.9,4,上,7.56,3.73,60日内无板,,,,,,下影+10→一字+10→下影+10,10.02,-5.43,-5.43,2026-08,2026
000803.SZSE,山高环能,2024-04-09,二接三阴,—,阴,-0.43,小阴-3~0,1.5,1.0,3.7,5.7,4,上,0.75,2.33,60日内无板,,,,,,下影-1→下影+2,7.49,-23.01,-23.01,2024-04,2024
000810.SZSE,创维数字,2024-08-19,二接三阳,—,阳,4.52,大阳3~5,5.3,5.4,6.2,5.1,4,上,0.6,-0.74,60日内无板,,,,,,下影+2→下影+6,3.87,-10.02,-10.02,2024-08,2024
000811.SZSE,冰轮环境,2025-12-09,二接三阳,—,阳,0.07,小阳0~3,-0.9,-0.4,-4.0,-4.9,0,下,-1.9,-1.57,60日内无板,,,,,,下影+0→实体+9,0.12,-1.91,-1.91,2025-12,2025
000811.SZSE,冰轮环境,2026-06-22,二接三阴,—,阴,-1.92,小阴-3~0,3.3,4.9,1.5,3.5,4,上,-1.07,-1.59,断1天,1.0,1.0,7.9,-3.5,06-15,一字+10→一字+10,7.79,1.77,1.77,2026-06,2026
000813.SZSE,德展健康,2024-12-10,二接三阳,—,阳,0.63,小阳0~3,-1.2,0.0,2.1,3.1,3,上,3.9,1.67,断8~15天,10.0,1.0,7.1,-7.4,11-21,下影+0→一字+10,6.77,-9.48,-9.48,2024-12,2024
000813.SZSE,德展健康,2024-12-16,二接三阴,—,阴,-9.48,巨阴≤-5,3.0,10.4,17.7,20.0,4,上,8.87,4.53,断1天,1.0,3.0,-0.5,-10.0,12-10,实体-1→下影+1,1.73,-18.5,-18.5,2024-12,2024
000815.SZSE,美利云,2024-02-26,二接三阳,—,阳,-0.95,小阴-3~0,7.3,3.5,-8.3,-15.2,2,上,-12.79,-7.9,断2~3天,2.0,2.0,13.4,-0.7,02-19,一字+10→一字+10,10.03,1.64,1.64,2024-02,2024
000815.SZSE,美利云,2025-03-18,二接三阴,—,阴,-7.34,巨阴≤-5,0.8,4.4,4.9,10.3,4,上,-1.09,3.4,断2~3天,2.0,1.0,8.5,-3.0,03-11,下影+6→下影+4,2.39,-9.85,-9.85,2025-03,2025
000815.SZSE,美利云,2026-03-09,二接三阳,—,阳,4.01,大阳3~5,-4.3,-6.4,-5.5,-0.8,0,下,-0.02,3.09,断8~15天,10.0,1.0,-4.5,-16.5,02-10,下影+2→下影+2,1.35,-0.22,-0.22,2026-03,2026
000815.SZSE,美利云,2026-03-10,三接四阳,—,阳,4.01,大阳3~5,-4.3,-6.4,-5.5,-0.8,0,下,-0.02,3.09,断8~15天,10.0,1.0,-4.5,-16.5,02-10,下影+2→下影+2→下影+1,5.96,-10.14,-10.14,2026-03,2026
000815.SZSE,美利云,2026-07-22,二接三阴,—,阴,-6.26,巨阴≤-5,-6.1,-8.5,-15.1,-18.5,0,下,-4.95,-5.74,断16~60天,26.0,1.0,-21.0,-29.0,06-10,一字+10→下影+10,10.03,9.98,0.37,2026-07,2026
000815.SZSE,美利云,2026-07-23,三接四阴,—,阴,-6.26,巨阴≤-5,-6.1,-8.5,-15.1,-18.5,0,下,-4.95,-5.74,断16~60天,26.0,1.0,-21.0,-29.0,06-10,一字+10→下影+10→下影+10,2.11,-8.74,-8.74,2026-07,2026
000815.SZSE,美利云,2026-08-04,二接三阴,—,阴,-8.0,巨阴≤-5,-10.9,-8.8,-3.3,-6.3,0,下,7.77,1.87,断4~7天,5.0,4.0,-14.4,-22.8,07-23,下影+4→下影+5,7.78,2.61,2.61,2026-08,2026
000818.SZSE,航锦科技,2025-02-07,三接四阳,—,阳,2.62,小阳0~3,-0.1,-0.7,-7.2,-12.7,0,下,-2.58,-7.65,断16~60天,24.0,1.0,-17.6,-31.7,12-20,一字+10→一字+10→一字+10,9.01,10.02,23.04,2025-02,2025
000818.SZSE,航锦科技,2025-02-21,二接三阴,—,阴,-1.91,小阴-3~0,9.3,29.0,64.9,77.6,4,上,44.76,23.84,断1天,1.0,1.0,7.9,-10.0,02-17,下影+6→下影+2,4.73,-22.89,-22.89,2025-02,2025
000820.SZSE,神雾节能,2024-01-04,二接三阴,—,阴,-2.24,小阴-3~0,-0.7,-2.2,-3.1,-2.9,0,下,-2.05,-0.67,60日内无板,,,,,,实体+1→下影-1,6.95,-9.94,-9.94,2024-01,2024
000820.SZSE,神雾节能,2024-01-05,三接四阴,—,阴,-2.24,小阴-3~0,-0.7,-2.2,-3.1,-2.9,0,下,-2.05,-0.67,60日内无板,,,,,,实体+1→下影-1→下影+7,4.97,-25.91,-25.91,2024-01,2024
000820.SZSE,神雾节能,2026-08-03,二接三阴,—,阴,-0.68,小阴-3~0,1.4,3.5,1.3,1.3,4,上,-0.6,1.27,60日内无板,,,,,,一字+10→一字+10,9.94,10.08,6.46,2026-08,2026
000820.SZSE,神雾节能,2026-08-04,三接四阴,—,阴,-0.68,小阴-3~0,1.4,3.5,1.3,1.3,4,上,-0.6,1.27,60日内无板,,,,,,一字+10→一字+10→下影+10,-1.81,-3.29,-3.29,2026-08,2026
000823.SZSE,超声电子,2026-06-26,二接三阴,—,阴,-10.02,巨阴≤-5,-1.9,5.4,15.4,20.1,3,上,13.19,8.56,断1天,1.0,1.0,-1.0,-10.0,06-22,实体-4→下影+6,10.01,-8.85,-8.85,2026-06,2026
000828.SZSE,东莞控股,2023-11-09,三接四阳,A1,阳,0.45,小阳0~3,0.1,0.8,1.2,0.5,4,上,0.89,-0.15,60日内无板,,,,,,下影+9→一字+10→一字+10,6.5,4.24,4.24,2023-11,2023
000833.SZSE,粤桂股份,2024-11-13,二接三阴,—,阴,4.99,大阳3~5,12.1,15.5,19.1,22.6,4,上,4.54,2.34,断1天,1.0,1.0,15.6,-2.2,11-07,下影+8→下影+10,4.16,9.97,93.07,2024-11,2024
000852.SZSE,石化机械,2025-10-23,三接四阴,—,阴,-1.39,小阴-3~0,-1.2,-1.0,-1.6,-3.0,0,下,0.45,-1.01,60日内无板,,,,,,实体+0→一字+10→一字+10,10.01,-9.96,-9.96,2025-10,2025
000856.SZSE,冀东装备,2025-01-22,二接三阳,—,阳,1.56,小阳0~3,2.5,4.4,2.1,-3.9,3,上,0.41,-4.07,60日内无板,,,,,,下影+1→一字+10,10.01,10.04,19.87,2025-01,2025
000856.SZSE,冀东装备,2025-01-23,三接四阳,—,阳,1.56,小阳0~3,2.5,4.4,2.1,-3.9,3,上,0.41,-4.07,60日内无板,,,,,,下影+1→一字+10→下影+10,2.2,9.98,8.94,2025-01,2025
000856.SZSE,冀东装备,2025-02-19,二接三阴,—,阴,-10.0,巨阴≤-5,-4.5,-2.5,17.3,30.2,2,下,16.23,15.73,断2~3天,2.0,1.0,0.2,-8.9,02-12,下影-5→下影+6,2.3,9.98,2.74,2025-02,2025
000856.SZSE,冀东装备,2025-02-20,三接四阴,A2,阴,-10.0,巨阴≤-5,-4.5,-2.5,17.3,30.2,2,下,16.23,15.73,断2~3天,2.0,1.0,0.2,-8.9,02-12,下影-5→下影+6→下影+2,-2.87,-6.58,-6.58,2025-02,2025
000858.SZSE,五 粮 液,2024-09-30,二接三阴,—,阴,1.45,小阳0~3,6.0,7.2,5.1,3.1,4,上,-1.45,-1.26,60日内无板,,,,,,实体+0→下影+6,5.6,0.95,0.95,2024-09,2024
000858.SZSE,五 粮 液,2024-10-08,三接四阴,—,阴,1.45,小阳0~3,6.0,7.2,5.1,3.1,4,上,-1.45,-1.26,60日内无板,,,,,,实体+0→下影+6→下影+6,10.0,-17.39,-17.39,2024-10,2024
000859.SZSE,国风新材,2024-09-03,二接三阳,—,阳,2.89,小阳0~3,2.2,1.5,0.2,0.6,4,上,-2.23,-0.45,断16~60天,55.0,4.0,-23.1,-34.9,06-13,一字+10→下影+10,5.94,-10.09,-10.09,2024-09,2024
000859.SZSE,国风新材,2024-10-18,二接三阴,—,阴,-1.25,小阴-3~0,-0.4,1.0,9.5,10.8,3,上,8.89,1.47,断4~7天,5.0,2.0,-2.7,-14.7,10-08,一字+10→下影+7,-3.75,10.04,8.14,2024-10,2024
000859.SZSE,国风新材,2024-10-21,三接四阴,—,阴,-1.25,小阴-3~0,-0.4,1.0,9.5,10.8,3,上,8.89,1.47,断4~7天,5.0,2.0,-2.7,-14.7,10-08,一字+10→下影+7→下影-4,9.85,-1.72,-1.72,2024-10,2024
000859.SZSE,国风新材,2025-11-21,二接三阴,—,阴,-0.76,小阴-3~0,0.2,1.2,1.2,1.3,4,上,1.02,0.47,60日内无板,,,,,,下影-0→下影+10,-0.89,10.02,4.95,2025-11,2025
000859.SZSE,国风新材,2025-11-24,三接四阴,—,阴,-0.76,小阴-3~0,0.2,1.2,1.2,1.3,4,上,1.02,0.47,60日内无板,,,,,,下影-0→下影+10→下影-1,0.92,-4.61,-4.61,2025-11,2025
000861.SZSE,海印股份,2024-07-04,二接三阳,—,阳,2.78,小阳0~3,-10.6,-24.8,-33.2,-40.5,0,下,-14.95,-12.37,断8~15天,9.0,1.0,-31.9,-42.9,06-18,下影-1→下影+4,4.49,-3.06,-3.06,2024-07,2024
000880.SZSE,潍柴重机,2024-07-31,三接四阳,—,阳,1.12,小阳0~3,-0.4,-1.5,-3.9,-5.7,0,下,-1.54,-1.87,60日内无板,,,,,,一字+10→一字+10→一字+10,1.77,10.04,4.17,2024-07,2024
000880.SZSE,潍柴重机,2024-11-18,二接三阳,—,阳,-0.18,小阴-3~0,0.7,3.0,3.8,5.6,4,上,0.24,2.23,60日内无板,,,,,,实体+0→下影-1,0.0,-9.99,-9.99,2024-11,2024
000880.SZSE,潍柴重机,2024-12-24,二接三阳,—,阳,3.39,大阳3~5,1.4,-1.7,-3.1,-3.1,1,下,-3.21,-3.28,断16~60天,18.0,1.0,0.5,-14.4,11-25,下影+0→实体+8,7.64,6.31,20.58,2024-12,2024
000880.SZSE,潍柴重机,2024-12-27,二接三阴,—,阴,6.32,巨阳≥5,15.6,21.0,21.9,21.3,4,上,2.48,1.16,断1天,1.0,2.0,16.9,0.1,12-23,实体+0→实体-4,2.27,-10.16,-10.16,2024-12,2024
000880.SZSE,潍柴重机,2025-02-25,二接三阳,—,阳,4.84,大阳3~5,2.2,9.0,13.1,19.3,4,上,7.75,6.51,断4~7天,4.0,1.0,13.8,-5.1,02-14,下影+8→下影+3,-4.89,0.0,0.0,2025-02,2025
000880.SZSE,潍柴重机,2025-03-13,二接三阳,—,阳,-1.11,小阴-3~0,3.9,2.4,14.4,23.6,4,上,7.98,10.11,断2~3天,2.0,1.0,10.0,-2.9,03-06,实体-3→下影+7,0.0,-5.21,-5.21,2025-03,2025
000880.SZSE,潍柴重机,2025-07-16,二接三阴,—,阴,-1.97,小阴-3~0,-3.0,-4.4,-0.5,2.3,1,下,0.62,2.88,60日内无板,,,,,,实体+3→下影+3,7.83,4.59,4.59,2025-07,2025
000880.SZSE,潍柴重机,2025-07-17,三接四阴,—,阴,-1.97,小阴-3~0,-3.0,-4.4,-0.5,2.3,1,下,0.62,2.88,60日内无板,,,,,,实体+3→下影+3→下影+8,-1.59,-0.71,-0.71,2025-07,2025
000882.SZSE,华联股份,2024-09-30,二接三阳,—,阳,4.17,大阳3~5,4.7,5.8,7.2,7.9,4,上,1.2,1.3,断16~60天,58.0,1.0,15.0,-17.5,07-03,实体+0→下影+10,9.87,1.2,1.2,2024-09,2024
000882.SZSE,华联股份,2024-10-08,三接四阳,—,阳,4.17,大阳3~5,4.7,5.8,7.2,7.9,4,上,1.2,1.3,断16~60天,58.0,1.0,15.0,-17.5,07-03,实体+0→下影+10→下影+10,10.18,-17.39,-17.39,2024-10,2024
000882.SZSE,华联股份,2025-01-22,二接三阴,—,阴,-5.67,巨阴≤-5,-0.4,0.2,2.9,-0.0,3,上,1.62,-1.74,断2~3天,3.0,1.0,8.0,-2.1,01-14,下影+1→下影+4,2.48,10.0,9.03,2025-01,2025
000882.SZSE,华联股份,2025-01-23,三接四阴,—,阴,-5.67,巨阴≤-5,-0.4,0.2,2.9,-0.0,3,上,1.62,-1.74,断2~3天,3.0,1.0,8.0,-2.1,01-14,下影+1→下影+4→下影+2,5.48,9.97,-0.88,2025-01,2025
000889.SZSE,中嘉博创,2025-06-09,三接四阳,A1,阳,0.0,小阳0~3,-2.5,-3.1,-3.8,-2.1,0,下,-2.62,0.79,60日内无板,,,,,,一字+10→一字+10→一字+10,4.17,3.54,3.54,2025-06,2025
000889.SZSE,中嘉博创,2026-04-10,二接三阳,—,阳,1.87,小阳0~3,-1.3,-2.8,-3.5,-5.7,0,下,0.3,-1.63,断8~15天,8.0,1.0,1.4,-10.5,03-25,下影+3→下影+2,10.13,-9.89,-9.89,2026-04,2026
000889.SZSE,中嘉博创,2026-04-16,二接三阴,—,阴,-9.89,巨阴≤-5,2.8,9.5,13.2,12.4,4,上,7.44,1.91,断1天,1.0,3.0,-0.9,-9.9,04-10,实体-1→下影+0,-3.59,1.54,1.54,2026-04,2026
000889.SZSE,中嘉博创,2026-05-08,二接三阴,—,阴,-8.11,巨阴≤-5,-5.5,-6.8,1.5,10.1,2,下,2.31,7.88,断2~3天,2.0,1.0,-1.0,-11.0,04-28,实体+2→实体+9,5.79,-10.7,-10.7,2026-05,2026
000890.SZSE,法尔胜,2026-02-25,二接三阳,—,阳,1.29,小阳0~3,0.6,2.7,3.0,2.7,4,上,1.54,-0.41,断16~60天,23.0,1.0,3.6,-13.2,01-12,下影+0→下影+7,9.8,10.01,5.08,2026-02,2026
000890.SZSE,法尔胜,2026-02-26,三接四阳,—,阳,1.29,小阳0~3,0.6,2.7,3.0,2.7,4,上,1.54,-0.41,断16~60天,23.0,1.0,3.6,-13.2,01-12,下影+0→下影+7→下影+10,-0.41,-4.49,-4.49,2026-02,2026
000890.SZSE,法尔胜,2026-03-16,二接三阳,—,阳,5.17,巨阳≥5,1.8,6.5,27.4,39.8,4,上,19.67,15.41,断4~7天,5.0,1.0,13.6,-5.0,03-04,实体-0→下影+5,0.27,10.0,11.48,2026-03,2026
000890.SZSE,法尔胜,2026-03-17,三接四阳,—,阳,5.17,巨阳≥5,1.8,6.5,27.4,39.8,4,上,19.67,15.41,断4~7天,5.0,1.0,13.6,-5.0,03-04,实体-0→下影+5→下影+0,2.87,1.34,1.34,2026-03,2026
000892.SZSE,欢瑞世纪,2025-02-25,二接三阳,—,阳,0.86,小阳0~3,-1.6,-1.6,3.1,6.1,2,下,5.13,3.18,断4~7天,5.0,1.0,-1.8,-14.2,02-13,下影+5→一字+10,10.12,10.04,3.21,2025-02,2025
000892.SZSE,欢瑞世纪,2025-02-26,三接四阳,—,阳,0.86,小阳0~3,-1.6,-1.6,3.1,6.1,2,下,5.13,3.18,断4~7天,5.0,1.0,-1.8,-14.2,02-13,下影+5→一字+10→下影+10,0.43,-6.21,-6.21,2025-02,2025
000892.SZSE,欢瑞世纪,2025-07-11,二接三阳,—,阳,0.0,小阳0~3,0.6,0.1,7.8,13.4,4,上,6.44,5.48,断2~3天,3.0,1.0,7.5,-4.0,07-03,下影+0→下影+6,5.62,-23.0,-23.0,2025-07,2025
000892.SZSE,欢瑞世纪,2025-11-04,二接三阴,—,阴,-0.46,小阴-3~0,1.1,5.2,4.5,6.5,4,上,3.44,2.74,断4~7天,5.0,1.0,12.6,-4.6,10-23,下影+6→下影+5,1.66,-5.67,-5.67,2025-11,2025
000892.SZSE,欢瑞世纪,2025-11-25,二接三阴,—,阴,-2.06,小阴-3~0,-5.8,-7.8,-7.1,-1.7,0,下,-4.86,4.15,断8~15天,13.0,2.0,-6.8,-15.5,11-03,实体+8→下影+5,-2.98,10.05,-0.9,2025-11,2025
000892.SZSE,欢瑞世纪,2025-11-26,三接四阴,—,阴,-2.06,小阴-3~0,-5.8,-7.8,-7.1,-1.7,0,下,-4.86,4.15,断8~15天,13.0,2.0,-6.8,-15.5,11-03,实体+8→下影+5→实体-3,-0.9,-9.95,-9.95,2025-11,2025
000892.SZSE,欢瑞世纪,2026-02-11,二接三阳,—,阳,-0.94,小阴-3~0,-2.5,-4.6,-7.9,-4.8,0,下,-3.0,0.2,断16~60天,19.0,1.0,-9.2,-19.8,01-12,一字+10→一字+10,10.03,-9.32,-9.32,2026-02,2026
000892.SZSE,欢瑞世纪,2026-07-13,二接三阴,—,阴,-4.41,大阴-5~-3,-4.0,-0.4,-2.4,-7.0,0,下,0.66,-1.75,断2~3天,2.0,1.0,1.6,-9.8,07-06,下影-0→下影+2,5.0,-15.37,-15.37,2026-07,2026
000892.SZSE,欢瑞世纪,2026-09-03,三接四阳,—,阳,3.17,大阳3~5,3.4,2.6,-1.1,4.4,3,上,-4.54,2.63,断16~60天,18.0,1.0,3.1,-13.7,08-04,实体+3→一字+10→一字+10,5.19,-2.27,,2026-09,2026
000899.SZSE,赣能股份,2024-04-18,二接三阳,—,阳,-0.36,小阴-3~0,-0.9,0.6,3.3,4.2,3,上,4.02,1.45,断16~60天,46.0,1.0,14.7,-21.1,01-30,一字+10→下影+3,1.11,-5.58,-5.58,2024-04,2024
000899.SZSE,赣能股份,2026-02-27,二接三阳,—,阳,4.48,大阳3~5,2.2,2.7,2.2,3.4,4,上,0.49,0.54,60日内无板,,,,,,实体+0→下影+6,6.78,0.34,0.34,2026-02,2026
000899.SZSE,赣能股份,2026-03-02,三接四阳,—,阳,4.48,大阳3~5,2.2,2.7,2.2,3.4,4,上,0.49,0.54,60日内无板,,,,,,实体+0→下影+6→下影+7,1.85,-14.56,-14.56,2026-03,2026
000901.SZSE,航天科技,2025-08-12,二接三阴,—,阴,-4.23,大阴-5~-3,6.6,12.0,16.7,19.7,4,上,6.46,4.5,断1天,1.0,2.0,5.3,-4.9,08-06,实体+0→下影+5,10.03,2.68,7.31,2025-08,2025
000901.SZSE,航天科技,2025-12-09,二接三阳,—,阳,3.71,大阳3~5,1.5,3.4,1.8,-0.1,3,上,1.16,-1.88,断16~60天,23.0,1.0,1.2,-16.5,11-03,下影-1→下影+8,2.01,-7.59,-7.59,2025-12,2025
000905.SZSE,厦门港务,2025-03-19,二接三阴,—,阴,-1.24,小阴-3~0,0.4,2.5,2.8,2.0,4,上,2.22,0.25,断16~60天,41.0,1.0,10.2,-9.8,12-31,实体+3→一字+10,10.02,-15.71,-15.71,2025-03,2025
000905.SZSE,厦门港务,2025-12-09,二接三阴,—,阴,-1.36,小阴-3~0,0.2,3.0,-0.1,0.3,3,上,-3.18,0.24,断8~15天,13.0,1.0,-5.2,-21.8,11-17,下影+0→下影+0,6.06,9.99,4.68,2025-12,2025
000905.SZSE,厦门港务,2025-12-10,三接四阴,—,阴,-1.36,小阴-3~0,0.2,3.0,-0.1,0.3,3,上,-3.18,0.24,断8~15天,13.0,1.0,-5.2,-21.8,11-17,下影+0→下影+0→下影+6,9.92,-4.82,-4.82,2025-12,2025
000908.SZSE,石药景峰,2024-02-21,二接三阳,—,阳,-0.72,小阴-3~0,-12.2,-33.1,-45.3,-49.9,0,下,-23.56,-13.84,60日内无板,,,,,,下影+0→下影+3,9.58,9.78,27.72,2024-02,2024
000908.SZSE,石药景峰,2024-02-22,三接四阳,—,阳,-0.72,小阴-3~0,-12.2,-33.1,-45.3,-49.9,0,下,-23.56,-13.84,60日内无板,,,,,,下影+0→下影+3→下影+10,1.09,9.9,16.34,2024-02,2024
000917.SZSE,电广传媒,2024-03-19,二接三阴,—,阴,2.31,小阳0~3,7.8,9.4,12.2,15.5,4,上,1.96,4.89,60日内无板,,,,,,一字+10→下影+10,3.88,10.05,2.61,2024-03,2024
000917.SZSE,电广传媒,2024-03-20,三接四阴,—,阴,2.31,小阳0~3,7.8,9.4,12.2,15.5,4,上,1.96,4.89,60日内无板,,,,,,一字+10→下影+10→下影+4,-6.92,-6.76,-6.76,2024-03,2024
000919.SZSE,金陵药业,2026-04-09,二接三阴,—,阴,-0.81,小阴-3~0,0.6,3.4,1.7,0.9,4,上,0.04,0.17,60日内无板,,,,,,下影+0→下影+5,0.9,-19.08,-19.08,2026-04,2026
000926.SZSE,福星股份,2024-09-30,二接三阳,—,阳,6.09,巨阳≥5,7.0,10.8,10.7,8.2,4,上,2.83,-0.05,60日内无板,,,,,,下影-1→下影+6,5.93,-0.72,-0.72,2024-09,2024
000931.SZSE,中 关 村,2026-08-24,二接三阴,—,阴,-1.86,小阴-3~0,-1.6,-0.4,1.7,1.0,2,下,3.76,0.44,60日内无板,,,,,,一字+10→下影+10,10.02,-6.79,-6.79,2026-08,2026
000936.SZSE,华西股份,2023-06-16,二接三阳,—,阳,7.1,巨阳≥5,12.7,17.1,23.2,24.8,4,上,7.1,3.9,断1天,1.0,1.0,17.8,0.9,06-12,一字+10→一字+10,9.99,10.04,15.28,2023-06,2023
000936.SZSE,华西股份,2026-08-14,二接三阴,—,阴,-0.76,小阴-3~0,-0.1,0.8,4.0,3.2,3,上,4.19,1.09,60日内无板,,,,,,下影+0→实体+10,9.94,-4.88,-4.88,2026-08,2026
000948.SZSE,南天信息,2024-09-23,二接三阴,—,阴,-6.13,巨阴≤-5,4.3,10.9,16.5,19.3,4,上,8.38,4.83,断1天,1.0,2.0,3.2,-10.0,09-13,下影-1→实体+6,8.04,-15.3,-15.3,2024-09,2024
000949.SZSE,新乡化纤,2024-11-20,二接三阴,—,阴,-1.06,小阴-3~0,-3.5,-2.9,0.8,1.9,2,下,2.58,2.97,60日内无板,,,,,,实体+1→下影-0,3.32,-1.41,-1.41,2024-11,2024
000949.SZSE,新乡化纤,2024-11-21,三接四阴,—,阴,-1.06,小阴-3~0,-3.5,-2.9,0.8,1.9,2,下,2.58,2.97,60日内无板,,,,,,实体+1→下影-0→下影+3,4.63,-18.28,-18.28,2024-11,2024
000952.SZSE,广济药业,2024-05-08,二接三阳,—,阳,2.97,小阳0~3,5.8,9.7,5.4,3.6,4,上,-0.24,-0.85,60日内无板,,,,,,一字+10→下影+10,-2.1,-8.03,-8.03,2024-05,2024
000952.SZSE,广济药业,2025-10-23,二接三阳,—,阳,1.42,小阳0~3,0.8,1.4,1.1,-0.4,3,上,0.89,-1.28,60日内无板,,,,,,实体+1→一字+10,4.12,-18.36,-18.36,2025-10,2025
000952.SZSE,广济药业,2025-11-27,三接四阴,—,阴,-5.19,巨阴≤-5,-6.2,-6.8,-3.0,-0.4,0,下,1.77,1.35,断16~60天,22.0,2.0,0.8,-14.7,10-22,下影+1→下影+3→一字+10,2.75,-9.98,-9.98,2025-11,2025
000953.SZSE,中哲精化,2024-08-01,二接三阴,—,阴,0.73,小阳0~3,0.4,1.1,6.4,9.2,4,上,5.22,3.77,断4~7天,7.0,1.0,9.8,-7.2,07-18,下影+7→下影+9,3.6,10.11,19.67,2024-08,2024
000953.SZSE,中哲精化,2024-08-02,三接四阴,—,阴,0.73,小阳0~3,0.4,1.1,6.4,9.2,4,上,5.22,3.77,断4~7天,7.0,1.0,9.8,-7.2,07-18,下影+7→下影+9→下影+4,7.1,9.93,8.68,2024-08,2024
000953.SZSE,中哲精化,2024-11-27,二接三阴,—,阴,-4.33,大阴-5~-3,-2.9,-6.9,-8.4,-0.2,0,下,-4.3,4.45,断16~60天,16.0,2.0,-9.8,-19.0,10-31,下影+4→下影+7,-0.81,-12.26,-12.26,2024-11,2024
000953.SZSE,中哲精化,2025-03-31,二接三阳,—,阳,2.21,小阳0~3,-1.3,-3.0,-2.6,-3.1,0,下,-0.74,-0.42,60日内无板,,,,,,下影-0→下影+0,0.0,2.8,-7.52,2025-03,2025
000955.SZSE,欣龙控股,2025-11-04,二接三阳,—,阳,-0.53,小阴-3~0,1.5,0.4,2.4,5.7,4,上,0.74,2.58,60日内无板,,,,,,实体+2→下影+3,7.04,-6.27,-6.27,2025-11,2025
000965.SZSE,天保基建,2024-05-06,二接三阳,—,阳,3.45,大阳3~5,3.4,3.2,-5.1,-6.2,2,上,-7.88,-3.51,断16~60天,21.0,1.0,-7.2,-21.6,03-26,实体+0→下影+4,2.75,-11.94,-11.94,2024-05,2024
000965.SZSE,天保基建,2025-04-18,二接三阴,—,阴,-2.84,小阴-3~0,-4.2,0.0,0.0,-0.0,3,上,2.94,0.97,断4~7天,4.0,1.0,6.3,-4.4,04-09,下影+6→下影+1,5.09,10.0,15.61,2025-04,2025
000965.SZSE,天保基建,2025-04-21,三接四阴,—,阴,-2.84,小阴-3~0,-4.2,0.0,0.0,-0.0,3,上,2.94,0.97,断4~7天,4.0,1.0,6.3,-4.4,04-09,下影+6→下影+1→下影+5,9.51,9.98,5.1,2025-04,2025
000967.SZSE,盈峰环境,2025-02-24,二接三阴,—,阴,-2.57,小阴-3~0,7.3,12.6,15.6,16.3,4,上,5.77,2.57,断1天,1.0,2.0,7.2,-5.7,02-18,下影+1→下影+6,-2.03,-6.74,-6.74,2025-02,2025
000969.SZSE,安泰科技,2025-10-14,三接四阳,—,阳,1.88,小阳0~3,1.5,2.8,1.5,-0.5,3,上,-0.64,-1.54,60日内无板,,,,,,下影+5→下影+10→一字+10,10.03,0.55,0.55,2025-10,2025
000969.SZSE,安泰科技,2026-01-13,二接三阳,—,阳,1.82,小阳0~3,4.9,8.3,11.9,16.1,4,上,4.83,4.43,断16~60天,17.0,1.0,20.9,-8.9,12-12,实体+3→下影+7,10.0,-3.97,-3.97,2026-01,2026
000972.SZSE,中基健康,2024-02-05,三接四阴,—,阴,-3.07,大阴-5~-3,-3.1,-4.2,-7.3,-8.7,0,下,-3.85,-2.1,60日内无板,,,,,,实体+0→一字+10→一字+10,9.98,9.94,-1.08,2024-02,2024
000972.SZSE,中基健康,2025-02-07,三接四阳,—,阳,3.01,大阳3~5,3.3,0.3,-7.7,-11.9,2,上,-5.86,-6.62,60日内无板,,,,,,下影+10→一字+10→一字+10,9.89,-8.75,-8.75,2025-02,2025
000977.SZSE,浪潮信息,2024-10-08,二接三阳,—,阳,3.0,大阳3~5,3.5,6.2,7.5,7.1,4,上,2.76,1.19,60日内无板,,,,,,下影+2→下影+5,10.0,-5.37,-5.37,2024-10,2024
000980.SZSE,众泰汽车,2023-07-05,二接三阳,—,阳,-2.38,小阴-3~0,-2.0,-3.4,-3.0,-4.8,0,下,0.0,-0.94,60日内无板,,,,,,实体+0→下影+10,10.07,3.35,1.22,2023-07,2023
000980.SZSE,众泰汽车,2024-08-02,二接三阳,—,阳,-0.72,小阴-3~0,1.5,-0.1,-1.6,-3.4,1,下,-1.99,-1.27,断16~60天,30.0,1.0,-10.1,-22.5,06-18,实体-1→下影-1,1.2,9.78,-1.09,2024-08,2024
000980.SZSE,众泰汽车,2024-08-05,三接四阳,—,阳,-0.72,小阴-3~0,1.5,-0.1,-1.6,-3.4,1,下,-1.99,-1.27,断16~60天,30.0,1.0,-10.1,-22.5,06-18,实体-1→下影-1→下影+1,2.17,-9.9,-9.9,2024-08,2024
000980.SZSE,众泰汽车,2024-10-08,二接三阳,—,阳,3.8,大阳3~5,5.9,8.7,8.4,7.5,4,上,0.2,0.93,断16~60天,22.0,1.0,14.6,-9.6,08-23,实体+1→下影+8,10.1,-10.09,-10.09,2024-10,2024
000980.SZSE,众泰汽车,2024-11-06,二接三阴,—,阴,-7.41,巨阴≤-5,-1.7,3.2,10.5,20.3,3,上,12.08,9.03,断1天,1.0,1.0,2.1,-8.2,10-31,实体-3→下影+10,3.66,-2.0,-2.0,2024-11,2024
000981.SZSE,山子高科,2024-08-01,三接四阳,—,阳,6.17,巨阳≥5,-8.1,-20.7,-29.1,-31.7,0,下,-15.04,-7.65,60日内无板,,,,,,一字+10→一字+11→一字+10,10.34,10.16,-0.78,2024-08,2024
000981.SZSE,山子高科,2024-11-07,二接三阳,—,阳,0.0,小阳0~3,-2.0,3.6,9.9,13.7,3,上,11.46,4.04,断4~7天,5.0,1.0,12.8,-3.8,10-28,实体-1→下影+5,10.3,9.89,16.48,2024-11,2024
000981.SZSE,山子高科,2024-12-09,三接四阴,A2,阴,-1.04,小阴-3~0,5.4,7.2,5.9,15.8,4,上,1.66,5.78,断1天,1.0,1.0,8.8,-1.0,12-02,实体-3→下影+4→一字+10,9.84,10.04,7.53,2024-12,2024
000981.SZSE,山子高科,2025-09-16,二接三阳,—,阳,-0.4,小阴-3~0,2.6,3.1,10.2,14.2,4,上,6.4,4.79,断4~7天,7.0,2.0,4.5,-13.2,09-02,下影+0→下影+8,3.61,10.12,15.18,2025-09,2025
000981.SZSE,山子高科,2025-09-17,三接四阳,—,阳,-0.4,小阴-3~0,2.6,3.1,10.2,14.2,4,上,6.4,4.79,断4~7天,7.0,2.0,4.5,-13.2,09-02,下影+0→下影+8→下影+4,4.46,10.0,4.59,2025-09,2025
000981.SZSE,山子高科,2025-10-09,二接三阳,—,阳,-3.85,大阴-5~-3,-10.1,-6.7,11.9,25.0,2,下,22.18,15.86,断4~7天,4.0,1.0,-9.6,-20.2,09-22,实体+5→下影+4,5.19,-2.79,-2.79,2025-10,2025
000993.SZSE,闽东电力,2025-11-06,二接三阴,—,阴,-0.84,小阴-3~0,-1.1,0.5,2.7,3.5,3,上,2.43,1.93,60日内无板,,,,,,实体-0→下影+1,9.89,-1.56,-1.56,2025-11,2025
000995.SZSE,皇台酒业,2024-09-30,二接三阴,—,阴,-6.26,巨阴≤-5,1.7,10.4,19.6,20.0,4,上,13.53,6.35,断1天,1.0,1.0,3.1,-7.0,09-24,下影-2→下影+4,4.08,1.37,1.37,2024-09,2024
000995.SZSE,皇台酒业,2026-02-02,二接三阳,—,阳,4.86,大阳3~5,2.0,2.2,2.8,2.3,4,上,0.29,0.09,断16~60天,30.0,1.0,7.3,-8.4,12-15,下影-2→下影+10,-4.33,9.99,8.22,2026-02,2026
000995.SZSE,皇台酒业,2026-02-03,三接四阳,—,阳,4.86,大阳3~5,2.0,2.2,2.8,2.3,4,上,0.29,0.09,断16~60天,30.0,1.0,7.3,-8.4,12-15,下影-2→下影+10→下影-4,-1.71,-1.61,-1.61,2026-02,2026
001202.SZSE,炬申股份,2025-03-25,二接三阳,—,阳,1.76,小阳0~3,3.9,8.1,11.5,13.0,4,上,5.36,2.9,断2~3天,2.0,1.0,9.2,-4.9,03-18,下影-1→一字+10,10.0,-18.54,-18.54,2025-03,2025
001203.SZSE,大中矿业,2025-10-31,二接三阴,—,阴,-2.59,小阴-3~0,2.3,6.8,12.2,15.1,4,上,4.99,4.84,60日内无板,,,,,,实体+6→实体+6,9.98,3.69,3.69,2025-10,2025
001203.SZSE,大中矿业,2025-11-17,二接三阴,—,阴,-3.77,大阴-5~-3,-0.4,9.2,31.5,45.6,3,上,24.8,17.0,断4~7天,4.0,1.0,19.1,1.7,11-06,实体+0→实体+2,7.66,-0.23,-0.23,2025-11,2025
001206.SZSE,依依股份,2024-03-21,二接三阳,—,阳,2.38,小阳0~3,2.6,5.1,5.7,7.4,4,上,1.1,4.57,断16~60天,21.0,1.0,33.4,0.8,02-08,实体+0→下影+5,10.0,-19.64,-19.64,2024-03,2024
001208.SZSE,华菱线缆,2024-03-11,二接三阳,—,阳,2.83,小阳0~3,0.5,0.3,3.2,-5.8,3,上,3.63,-6.18,断16~60天,52.0,1.0,-16.2,-37.3,12-14,下影+0→下影+3,9.96,-14.17,-14.17,2024-03,2024
001208.SZSE,华菱线缆,2025-12-16,三接四阴,—,阴,5.39,巨阳≥5,5.5,10.7,12.5,10.9,4,上,5.87,0.19,断16~60天,49.0,1.0,1.4,-24.2,09-24,一字+10→一字+10→一字+10,8.24,5.21,5.21,2025-12,2025
001209.SZSE,洪兴股份,2024-11-29,二接三阳,—,阳,1.17,小阳0~3,2.4,3.7,4.2,5.2,4,上,0.23,0.81,60日内无板,,,,,,一字+10→一字+10,9.36,10.0,19.79,2024-11,2024
001209.SZSE,洪兴股份,2024-12-02,三接四阳,—,阳,1.17,小阳0~3,2.4,3.7,4.2,5.2,4,上,0.23,0.81,60日内无板,,,,,,一字+10→一字+10→下影+9,-5.69,10.02,8.9,2024-12,2024
001209.SZSE,洪兴股份,2025-11-07,二接三阳,—,阳,1.02,小阳0~3,2.0,2.8,6.3,5.4,4,上,4.62,0.16,断16~60天,21.0,1.0,7.8,-15.8,09-26,下影-1→下影-1,0.08,10.02,-0.95,2025-11,2025
001209.SZSE,洪兴股份,2025-11-10,三接四阳,A1,阳,1.02,小阳0~3,2.0,2.8,6.3,5.4,4,上,4.62,0.16,断16~60天,21.0,1.0,7.8,-15.8,09-26,下影-1→下影-1→实体+0,4.82,-9.97,-9.97,2025-11,2025
001209.SZSE,洪兴股份,2026-02-27,二接三阳,—,阳,1.79,小阳0~3,-0.6,2.9,9.9,11.2,3,上,9.82,2.94,60日内无板,,,,,,实体-0→实体+0,0.41,-9.99,-9.99,2026-02,2026
001211.SZSE,双枪科技,2024-10-29,二接三阴,—,阴,-0.23,小阴-3~0,2.0,4.4,7.6,11.5,4,上,1.07,4.41,60日内无板,,,,,,实体-0→下影+5,10.0,-19.22,-19.22,2024-10,2024
001212.SZSE,中旗新材,2024-07-25,二接三阳,—,阳,1.18,小阳0~3,7.0,7.8,5.5,1.5,4,上,-0.47,-2.44,断1天,1.0,1.0,11.3,-2.8,07-19,下影+0→实体+2,3.94,-10.0,-10.0,2024-07,2024
001216.SZSE,华瓷股份,2024-01-19,二接三阴,—,阴,-0.68,小阴-3~0,-0.0,-0.3,1.2,1.4,3,下,1.2,0.47,60日内无板,,,,,,实体-0→一字+10,9.97,9.99,8.9,2024-01,2024
001216.SZSE,华瓷股份,2024-01-22,三接四阴,—,阴,-0.68,小阴-3~0,-0.0,-0.3,1.2,1.4,3,下,1.2,0.47,60日内无板,,,,,,实体-0→一字+10→下影+10,8.84,10.02,-0.99,2024-01,2024
001216.SZSE,华瓷股份,2025-11-18,二接三阳,—,阳,1.11,小阳0~3,0.9,1.8,1.2,0.5,4,上,0.68,-0.67,60日内无板,,,,,,下影-0→下影-1,0.27,10.0,-1.02,2025-11,2025
001216.SZSE,华瓷股份,2025-11-19,三接四阳,—,阳,1.11,小阳0~3,0.9,1.8,1.2,0.5,4,上,0.68,-0.67,60日内无板,,,,,,下影-0→下影-1→实体+0,5.24,-10.01,-10.01,2025-11,2025
001217.SZSE,华尔泰,2024-01-02,二接三阳,—,阳,3.83,大阳3~5,2.1,1.8,0.8,-0.1,3,上,-0.55,-1.06,60日内无板,,,,,,一字+10→下影+9,-4.39,9.98,10.75,2024-01,2024
001217.SZSE,华尔泰,2024-01-03,三接四阳,—,阳,3.83,大阳3~5,2.1,1.8,0.8,-0.1,3,上,-0.55,-1.06,60日内无板,,,,,,一字+10→下影+9→下影-4,0.97,0.7,0.7,2024-01,2024
001222.SZSE,源飞宠物,2024-12-04,二接三阴,B1,阴,-0.9,小阴-3~0,1.0,2.0,4.8,7.4,4,上,2.14,2.46,60日内无板,,,,,,下影+1→实体+6,5.01,-10.01,-10.01,2024-12,2024
001222.SZSE,源飞宠物,2025-05-21,二接三阳,—,阳,4.01,大阳3~5,5.5,9.4,13.2,16.2,4,上,4.83,4.81,断16~60天,16.0,1.0,22.3,-10.3,04-21,下影-2→下影+0,5.16,-18.3,-18.3,2025-05,2025
001223.SZSE,欧克科技,2026-08-04,二接三阴,—,阴,-5.11,巨阴≤-5,-0.8,1.7,-10.2,-22.9,1,上,-7.0,-12.72,断2~3天,3.0,1.0,7.5,-2.5,07-27,实体+2→下影+3,2.29,-3.37,-3.37,2026-08,2026
001225.SZSE,和泰机电,2026-05-25,二接三阴,—,阴,-1.55,小阴-3~0,-0.7,-2.7,-2.3,-1.6,0,下,-0.63,-0.25,60日内无板,,,,,,实体+0→实体+2,1.45,-2.69,-2.69,2026-05,2026
001226.SZSE,拓山重工,2024-01-26,二接三阴,—,阴,-10.01,巨阴≤-5,-12.1,-15.4,-15.3,-14.4,0,下,-2.04,-0.83,60日内无板,,,,,,实体-3→实体+6,6.44,5.01,5.01,2024-01,2024
001229.SZSE,魅视科技,2024-02-21,二接三阳,—,阳,9.35,巨阳≥5,-1.5,-16.8,-25.2,-29.7,0,下,-13.88,-9.4,60日内无板,,,,,,一字+10→一字+10,9.99,10.01,10.67,2024-02,2024
001229.SZSE,魅视科技,2024-02-22,三接四阳,—,阳,9.35,巨阳≥5,-1.5,-16.8,-25.2,-29.7,0,下,-13.88,-9.4,60日内无板,,,,,,一字+10→一字+10→下影+10,9.12,0.6,0.6,2024-02,2024
001229.SZSE,魅视科技,2024-03-15,二接三阴,—,阴,-7.15,巨阴≤-5,-3.0,-0.0,9.4,10.5,3,上,3.51,5.45,断8~15天,13.0,4.0,12.5,-7.9,02-22,下影+1→实体+0,3.96,-11.18,-11.18,2024-03,2024
001229.SZSE,魅视科技,2026-08-05,二接三阴,—,阴,0.98,小阳0~3,-8.7,-10.1,-17.2,-12.3,0,下,-7.88,-0.65,断4~7天,5.0,1.0,-10.7,-19.6,07-24,下影+7→下影+5,2.81,-5.5,-5.5,2026-08,2026
001230.SZSE,劲旅环境,2025-05-30,三接四阳,—,阳,3.78,大阳3~5,1.8,2.5,3.8,5.9,4,上,0.83,1.75,60日内无板,,,,,,实体+3→一字+10→一字+10,8.3,-19.85,-19.85,2025-05,2025
001231.SZSE,农心科技,2025-10-27,二接三阳,—,阳,1.23,小阳0~3,2.8,3.1,4.2,3.8,4,上,1.2,-0.24,60日内无板,,,,,,下影-0→下影-2,-1.0,-10.0,-10.0,2025-10,2025
001231.SZSE,农心科技,2026-01-06,二接三阴,—,阴,-0.22,小阴-3~0,1.3,3.6,2.5,1.6,4,上,2.09,-0.63,断16~60天,46.0,3.0,-12.5,-29.0,10-27,下影+0→实体+0,5.36,-10.01,-10.01,2026-01,2026
001234.SZSE,泰慕士,2025-04-15,三接四阳,—,阳,0.51,小阳0~3,-6.4,-9.9,-11.1,-10.3,0,下,-2.99,-0.78,60日内无板,,,,,,实体+2→下影+0→一字+10,8.38,9.99,8.91,2025-04,2025
001234.SZSE,泰慕士,2026-04-24,二接三阴,—,阴,-2.22,小阴-3~0,-2.2,0.6,3.1,0.4,3,上,5.14,0.2,60日内无板,,,,,,下影-0→实体+1,-0.92,-10.01,-10.01,2026-04,2026
001236.SZSE,弘业期货,2024-09-19,二接三阳,—,阳,-4.45,大阴-5~-3,-0.1,5.6,9.8,11.8,3,上,8.26,4.02,断2~3天,3.0,1.0,6.8,-5.8,09-09,下影-1→下影-0,-4.76,5.34,-5.16,2024-09,2024
001238.SZSE,浙江正特,2023-11-02,二接三阴,—,阴,-4.58,大阴-5~-3,2.1,4.8,3.8,3.4,4,上,0.95,0.08,断1天,1.0,1.0,5.0,-7.0,10-27,实体-3→下影+2,-6.4,-9.63,-9.63,2023-11,2023
001239.SZSE,永达股份,2023-12-21,二接三阴,—,阴,-10.36,巨阴≤-5,-18.9,,,,0,缺失,,,60日内无板,,,,,,实体+2→一字+10,9.03,10.0,-0.52,2023-12,2023
001239.SZSE,永达股份,2023-12-22,三接四阴,—,阴,-10.36,巨阴≤-5,-18.9,,,,0,缺失,,,60日内无板,,,,,,实体+2→一字+10→下影+9,9.13,-9.57,-9.57,2023-12,2023
001239.SZSE,永达股份,2024-04-15,二接三阳,—,阳,3.72,大阳3~5,3.9,5.2,0.7,-0.8,3,上,-3.12,-2.45,断16~60天,44.0,1.0,-18.5,-40.7,01-29,下影-1→下影+5,9.99,-14.38,-14.38,2024-04,2024
001239.SZSE,永达股份,2024-08-06,二接三阳,—,阳,-0.26,小阴-3~0,1.1,3.5,9.5,10.2,4,上,6.32,2.92,断4~7天,6.0,1.0,10.5,-4.7,07-24,实体+2→下影+6,-2.78,-10.0,-10.0,2024-08,2024
001255.SZSE,博菲电气,2024-11-19,二接三阴,—,阴,-2.33,小阴-3~0,7.4,13.3,16.0,18.0,4,上,5.2,3.02,断2~3天,2.0,1.0,17.2,-1.6,11-12,实体-5→实体+1,0.0,5.17,-5.35,2024-11,2024
001255.SZSE,博菲电气,2025-12-18,二接三阴,—,阴,-0.13,小阴-3~0,-2.1,-2.2,-1.8,-6.4,0,下,1.28,-2.48,断16~60天,28.0,2.0,-14.4,-24.9,11-05,下影+0→实体+5,4.89,-10.0,-10.0,2025-12,2025
001255.SZSE,博菲电气,2026-01-14,二接三阴,—,阴,0.06,小阳0~3,0.2,2.8,1.6,3.8,4,上,-1.71,1.74,断2~3天,3.0,1.0,5.3,-6.2,01-06,下影+0→实体+8,4.7,9.99,8.9,2026-01,2026
001255.SZSE,博菲电气,2026-01-15,三接四阴,—,阴,0.06,小阳0~3,0.2,2.8,1.6,3.8,4,上,-1.71,1.74,断2~3天,3.0,1.0,5.3,-6.2,01-06,下影+0→实体+8→下影+5,0.15,10.0,-1.0,2026-01,2026
001257.SZSE,盛龙股份,2026-06-15,二接三阳,—,阳,-1.33,小阴-3~0,-3.1,-7.1,-7.8,-7.4,0,下,-3.11,-2.61,断8~15天,10.0,2.0,-11.2,-21.6,05-27,下影-0→一字+10,7.79,10.0,7.24,2026-06,2026
001257.SZSE,盛龙股份,2026-06-16,三接四阳,—,阳,-1.33,小阴-3~0,-3.1,-7.1,-7.8,-7.4,0,下,-3.11,-2.61,断8~15天,10.0,2.0,-11.2,-21.6,05-27,下影-0→一字+10→下影+8,1.8,-2.5,-2.5,2026-06,2026
001258.SZSE,立新能源,2024-12-25,二接三阳,—,阳,1.79,小阳0~3,0.2,-1.0,-0.2,0.7,2,下,-0.27,0.74,60日内无板,,,,,,下影+3→下影+5,10.04,-17.03,-17.03,2024-12,2024
001258.SZSE,立新能源,2026-07-20,二接三阳,—,阳,4.43,大阳3~5,3.4,1.5,-2.0,-10.2,2,上,-2.96,-4.31,断16~60天,41.0,1.0,-26.8,-38.0,05-18,下影-1→下影-1,6.89,10.0,43.19,2026-07,2026
001258.SZSE,立新能源,2026-07-21,三接四阳,—,阳,4.43,大阳3~5,3.4,1.5,-2.0,-10.2,2,上,-2.96,-4.31,断16~60天,41.0,1.0,-26.8,-38.0,05-18,下影-1→下影-1→下影+7,10.0,9.99,30.17,2026-07,2026
001259.SZSE,利仁科技,2024-04-24,二接三阴,—,阴,-1.73,小阴-3~0,-0.1,-5.5,-8.3,-10.1,0,下,-5.55,-3.74,60日内无板,,,,,,下影+0→下影-0,10.01,-22.4,-22.4,2024-04,2024
001260.SZSE,坤泰股份,2023-10-26,二接三阴,—,阴,-3.26,大阴-5~-3,-2.8,-4.9,-6.6,-7.0,0,下,-2.55,-1.27,60日内无板,,,,,,下影+1→下影+1,9.87,-16.22,-16.22,2023-10,2023
001266.SZSE,宏英智能,2024-06-26,二接三阳,—,阳,1.75,小阳0~3,0.7,2.9,-0.7,-4.3,2,上,-0.77,-3.23,60日内无板,,,,,,下影-1→下影+1,3.21,-14.67,-14.67,2024-06,2024
001266.SZSE,宏英智能,2025-12-31,二接三阴,—,阴,-1.4,小阴-3~0,1.1,2.9,0.8,-3.9,3,上,-0.21,-3.41,断16~60天,30.0,2.0,-10.3,-24.9,11-14,下影-0→下影+6,3.74,-9.96,-9.96,2025-12,2025
001267.SZSE,汇绿生态,2024-05-22,二接三阳,—,阳,4.09,大阳3~5,9.5,12.5,19.5,19.7,4,上,6.38,3.61,60日内无板,,,,,,一字+10→下影+8,9.93,3.45,3.45,2024-05,2024
001267.SZSE,汇绿生态,2024-05-23,三接四阳,—,阳,4.09,大阳3~5,9.5,12.5,19.5,19.7,4,上,6.38,3.61,60日内无板,,,,,,一字+10→下影+8→下影+10,10.02,-8.96,-8.96,2024-05,2024
001267.SZSE,汇绿生态,2024-10-31,二接三阳,—,阳,1.62,小阳0~3,4.5,8.3,9.6,12.9,4,上,1.83,4.92,60日内无板,,,,,,下影+2→一字+10,10.0,-15.19,-15.19,2024-10,2024
001267.SZSE,汇绿生态,2025-10-22,二接三阳,—,阳,0.82,小阳0~3,-0.5,-8.0,-12.7,-9.8,0,下,-10.16,-1.28,断16~60天,16.0,1.0,-10.8,-22.1,09-17,下影+9→下影+2,4.08,-9.35,-9.35,2025-10,2025
001267.SZSE,汇绿生态,2026-08-06,二接三阴,—,阴,-2.25,小阴-3~0,-1.0,-5.7,-17.8,-29.7,0,下,-11.75,-11.64,断1天,1.0,1.0,7.5,-2.7,07-31,下影+3→下影-3,1.5,10.0,10.72,2026-08,2026
001267.SZSE,汇绿生态,2026-08-07,三接四阴,—,阴,-2.25,小阴-3~0,-1.0,-5.7,-17.8,-29.7,0,下,-11.75,-11.64,断1天,1.0,1.0,7.5,-2.7,07-31,下影+3→下影-3→下影+2,5.67,0.66,0.66,2026-08,2026
001268.SZSE,联合精密,2023-09-12,二接三阴,—,阴,-1.91,小阴-3~0,-0.3,1.5,2.3,1.6,3,上,1.77,0.56,60日内无板,,,,,,一字+10→一字+10,0.97,10.0,25.81,2023-09,2023
001268.SZSE,联合精密,2023-09-13,三接四阴,—,阴,-1.91,小阴-3~0,-0.3,1.5,2.3,1.6,3,上,1.77,0.56,60日内无板,,,,,,一字+10→一字+10→下影+1,-7.85,10.02,14.37,2023-09,2023
001270.SZSE,铖昌科技,2025-04-11,二接三阳,—,阳,2.72,小阳0~3,-4.9,-6.7,-12.8,-13.6,0,下,-5.44,-2.92,60日内无板,,,,,,下影+10→下影+10,1.31,-9.56,-9.56,2025-04,2025
001277.SZSE,速达股份,2026-08-21,二接三阳,—,阳,1.18,小阳0~3,1.8,3.5,8.1,9.3,4,上,3.88,2.47,60日内无板,,,,,,下影-0→下影+10,4.96,-20.08,-20.08,2026-08,2026
001278.SZSE,一彬科技,2023-11-22,二接三阳,—,阳,1.99,小阳0~3,3.7,6.2,7.8,10.0,4,上,2.97,2.49,断16~60天,20.0,1.0,17.9,-5.6,10-20,下影-1→下影+1,5.59,-5.95,-5.95,2023-11,2023
001278.SZSE,一彬科技,2023-11-23,三接四阳,—,阳,1.99,小阳0~3,3.7,6.2,7.8,10.0,4,上,2.97,2.49,断16~60天,20.0,1.0,17.9,-5.6,10-20,下影-1→下影+1→下影+6,6.73,-19.66,-19.66,2023-11,2023
001282.SZSE,三联锻造,2023-09-26,三接四阳,—,阳,1.66,小阳0~3,2.3,1.8,0.4,0.4,4,上,-2.94,-0.77,断16~60天,16.0,1.0,5.9,-9.3,08-29,实体-1→实体+10→一字+10,3.12,-9.51,-9.51,2023-09,2023
001296.SZSE,长江材料,2025-11-25,二接三阴,—,阴,-1.11,小阴-3~0,-2.8,-3.2,-2.8,-1.9,0,下,0.5,0.51,断16~60天,49.0,1.0,-3.4,-18.2,09-04,下影+1→下影+1,10.01,-8.97,-8.97,2025-11,2025
001296.SZSE,长江材料,2025-11-26,三接四阴,—,阴,-1.11,小阴-3~0,-2.8,-3.2,-2.8,-1.9,0,下,0.5,0.51,断16~60天,49.0,1.0,-3.4,-18.2,09-04,下影+1→下影+1→下影+10,-4.24,-21.85,-21.85,2025-11,2025
001298.SZSE,好上好,2023-09-28,二接三阴,—,阴,-2.02,小阴-3~0,-0.9,-3.6,-5.6,-4.5,0,下,-4.38,0.75,60日内无板,,,,,,下影+0→下影-2,4.32,9.99,27.5,2023-09,2023
001298.SZSE,好上好,2023-10-09,三接四阴,—,阴,-2.02,小阴-3~0,-0.9,-3.6,-5.6,-4.5,0,下,-4.38,0.75,60日内无板,,,,,,下影+0→下影-2→实体+4,7.68,9.99,15.91,2023-10,2023
001298.SZSE,好上好,2024-02-20,二接三阴,—,阴,-7.69,巨阴≤-5,-14.7,-25.1,-32.9,-39.3,0,下,-12.97,-11.47,60日内无板,,,,,,下影+0→实体+2,-0.22,2.65,2.65,2024-02,2024
001298.SZSE,好上好,2024-02-21,三接四阴,—,阴,-7.69,巨阴≤-5,-14.7,-25.1,-32.9,-39.3,0,下,-12.97,-11.47,60日内无板,,,,,,下影+0→实体+2→下影-0,0.0,-4.55,-4.55,2024-02,2024
001298.SZSE,好上好,2024-03-07,二接三阳,—,阳,6.95,巨阳≥5,6.8,10.4,18.6,11.4,4,上,15.49,-0.9,断8~15天,9.0,3.0,32.2,-3.2,02-20,实体+6→下影+10,-3.61,-9.01,-9.01,2024-03,2024
001298.SZSE,好上好,2024-06-13,二接三阴,—,阴,-5.0,巨阴≤-5,-7.5,-11.4,-21.3,-24.7,0,下,-13.39,-6.88,断4~7天,4.0,1.0,-4.3,-14.1,06-03,下影+0→下影+5,3.75,-9.21,-9.21,2024-06,2024
001298.SZSE,好上好,2024-08-20,二接三阳,—,阳,2.44,小阳0~3,4.2,5.2,3.8,5.1,4,上,-2.59,0.89,断16~60天,41.0,1.0,5.3,-19.2,06-19,下影+2→下影+6,-5.1,-2.18,-2.85,2024-08,2024
001298.SZSE,好上好,2024-09-09,二接三阳,—,阳,-3.25,大阴-5~-3,-1.0,-3.2,3.5,8.4,2,下,0.89,5.19,断2~3天,3.0,1.0,8.1,-4.9,08-30,下影-1→下影+4,9.16,-14.39,-14.39,2024-09,2024
001298.SZSE,好上好,2025-06-27,二接三阳,—,阳,3.89,大阳3~5,2.7,3.2,4.2,-5.9,3,上,2.2,-7.2,断16~60天,38.0,1.0,-9.1,-29.9,04-25,下影+0→下影+3,3.84,10.0,13.8,2025-06,2025
001298.SZSE,好上好,2025-06-30,三接四阳,—,阳,3.89,大阳3~5,2.7,3.2,4.2,-5.9,3,上,2.2,-7.2,断16~60天,38.0,1.0,-9.1,-29.9,04-25,下影+0→下影+3→下影+4,7.87,3.45,3.45,2025-06,2025
001299.SZSE,美能能源,2024-04-08,二接三阳,—,阳,1.3,小阳0~3,2.5,1.3,1.5,4.5,4,上,-1.21,1.45,断16~60天,18.0,1.0,12.6,-3.5,03-06,实体+0→下影+7,0.07,-19.04,-19.04,2024-04,2024
001299.SZSE,美能能源,2026-04-14,二接三阳,—,阳,2.73,小阳0~3,2.5,2.6,2.8,1.5,4,上,1.04,-0.5,断16~60天,26.0,1.0,-1.0,-19.1,03-03,下影-0→下影+0,0.89,-9.98,-9.98,2026-04,2026
001300.SZSE,三柏硕,2023-11-14,二接三阴,—,阴,-1.07,小阴-3~0,-0.6,-0.9,4.6,4.1,2,下,5.21,1.13,断8~15天,9.0,1.0,7.6,-5.5,10-27,下影+0→下影+10,8.32,9.99,59.4,2023-11,2023
001300.SZSE,三柏硕,2023-11-15,三接四阴,—,阴,-1.07,小阴-3~0,-0.6,-0.9,4.6,4.1,2,下,5.21,1.13,断8~15天,9.0,1.0,7.6,-5.5,10-27,下影+0→下影+10→下影+8,1.19,9.99,44.92,2023-11,2023
001309.SZSE,德明利,2025-09-23,二接三阴,—,阴,-2.51,小阴-3~0,4.6,17.4,24.8,28.8,4,上,14.98,7.76,断4~7天,4.0,1.0,28.4,3.8,09-12,下影+5→下影+6,5.06,6.67,6.67,2025-09,2025
001314.SZSE,亿道信息,2023-06-08,二接三阳,—,阳,2.33,小阳0~3,0.6,5.1,10.4,13.0,4,上,6.29,4.96,60日内无板,,,,,,一字+10→下影+8,10.0,-19.38,-19.38,2023-06,2023
001316.SZSE,润贝航科,2024-07-29,二接三阳,—,阳,2.1,小阳0~3,-0.2,-1.8,-4.7,-7.7,0,下,-1.64,-2.87,断16~60天,53.0,1.0,-10.6,-22.1,05-09,实体-2→下影-1,5.5,-7.57,-7.57,2024-07,2024
001316.SZSE,润贝航科,2025-05-07,二接三阳,—,阳,0.08,小阳0~3,-5.6,-3.9,4.4,6.0,2,下,8.68,4.3,断2~3天,3.0,1.0,-5.4,-15.7,04-24,实体+4→实体+3,5.42,10.01,8.38,2025-05,2025
001316.SZSE,润贝航科,2025-05-08,三接四阳,—,阳,0.08,小阳0~3,-5.6,-3.9,4.4,6.0,2,下,8.68,4.3,断2~3天,3.0,1.0,-5.4,-15.7,04-24,实体+4→实体+3→下影+5,3.11,-1.48,-1.48,2025-05,2025
001317.SZSE,三羊马,2025-12-17,二接三阴,—,阴,-0.95,小阴-3~0,1.6,1.8,2.3,-1.4,3,上,1.17,-2.23,60日内无板,,,,,,下影+0→下影+4,2.35,-6.47,-6.47,2025-12,2025
001317.SZSE,三羊马,2025-12-18,三接四阴,—,阴,-0.95,小阴-3~0,1.6,1.8,2.3,-1.4,3,上,1.17,-2.23,60日内无板,,,,,,下影+0→下影+4→下影+2,3.15,-10.65,-10.65,2025-12,2025
001318.SZSE,阳光乳业,2025-03-18,二接三阴,—,阴,-0.87,小阴-3~0,-0.6,-1.3,-1.4,-0.1,0,下,-1.31,0.38,60日内无板,,,,,,下影+3→实体+5,2.98,9.97,9.05,2025-03,2025
001318.SZSE,阳光乳业,2025-03-19,三接四阴,—,阴,-0.87,小阴-3~0,-0.6,-1.3,-1.4,-0.1,0,下,-1.31,0.38,60日内无板,,,,,,下影+3→实体+5→下影+3,9.97,-0.84,-0.84,2025-03,2025
001318.SZSE,阳光乳业,2025-07-31,二接三阳,—,阳,1.72,小阳0~3,1.5,1.9,3.0,4.3,4,上,1.4,0.97,60日内无板,,,,,,下影+10→下影+0,3.09,-9.59,-9.59,2025-07,2025
001319.SZSE,铭科精技,2023-09-20,二接三阳,—,阳,0.88,小阳0~3,1.3,3.4,6.1,7.1,4,上,2.9,2.08,60日内无板,,,,,,下影-1→一字+10,9.99,-15.23,-15.23,2023-09,2023
001319.SZSE,铭科精技,2023-10-27,二接三阳,—,阳,-4.05,大阴-5~-3,-1.2,0.9,0.9,6.8,3,上,0.71,4.24,断4~7天,4.0,1.0,11.6,-1.4,10-18,实体+0→下影+5,10.01,-10.0,-10.0,2023-10,2023
001319.SZSE,铭科精技,2024-11-06,二接三阳,—,阳,3.65,大阳3~5,4.8,6.1,8.9,14.3,4,上,4.98,3.89,断16~60天,37.0,1.0,39.6,-9.2,09-02,下影+1→下影-2,7.68,-12.89,-12.89,2024-11,2024
001324.SZSE,长青科技,2023-08-16,二接三阴,—,阴,-1.36,小阴-3~0,1.1,2.3,1.3,1.8,4,上,0.14,0.28,60日内无板,,,,,,下影+3→一字+10,6.63,10.0,28.07,2023-08,2023
001324.SZSE,长青科技,2023-08-17,三接四阴,—,阴,-1.36,小阴-3~0,1.1,2.3,1.3,1.8,4,上,0.14,0.28,60日内无板,,,,,,下影+3→一字+10→下影+7,3.81,10.01,16.43,2023-08,2023
001324.SZSE,长青科技,2024-03-11,二接三阳,—,阳,3.78,大阳3~5,1.1,1.5,7.7,1.7,4,上,6.72,-2.4,断8~15天,13.0,1.0,29.9,-0.7,02-08,实体+1→下影+10,7.59,-9.13,-9.13,2024-03,2024
001330.SZSE,博纳影业,2025-08-27,二接三阳,—,阳,0.59,小阳0~3,2.2,3.7,3.9,4.9,4,上,0.7,0.87,60日内无板,,,,,,实体-0→下影+3,7.15,-19.05,-19.05,2025-08,2025
001330.SZSE,博纳影业,2025-12-10,二接三阳,—,阳,2.92,小阳0~3,10.8,18.6,22.7,25.8,4,上,8.13,3.9,断16~60天,25.0,1.0,41.7,-7.0,10-31,下影-0→下影+6,5.07,3.58,3.58,2025-12,2025
001330.SZSE,博纳影业,2025-12-11,三接四阳,—,阳,2.92,小阳0~3,10.8,18.6,22.7,25.8,4,上,8.13,3.9,断16~60天,25.0,1.0,41.7,-7.0,10-31,下影-0→下影+6→下影+5,9.22,3.57,-6.75,2025-12,2025
001330.SZSE,博纳影业,2026-02-11,二接三阳,—,阳,2.28,小阳0~3,2.1,5.5,11.1,17.4,4,上,7.37,6.81,断16~60天,18.0,1.0,24.5,-11.0,01-13,下影+10→下影+8,10.02,-12.1,-12.1,2026-02,2026
001333.SZSE,光华股份,2025-04-01,二接三阳,—,阳,1.21,小阳0~3,4.3,3.2,0.4,6.1,4,上,-6.77,2.91,断8~15天,14.0,2.0,-5.6,-21.8,03-07,一字+10→下影-2,9.86,-9.99,-9.99,2025-04,2025
001336.SZSE,楚环科技,2025-12-23,二接三阳,—,阳,3.82,大阳3~5,2.7,0.3,-3.3,-4.9,2,上,-6.5,-2.6,断8~15天,11.0,1.0,-7.0,-21.8,12-03,下影+0→下影+3,-1.0,-9.98,-9.98,2025-12,2025
001337.SZSE,四川黄金,2026-01-27,二接三阳,—,阳,4.34,大阳3~5,13.5,27.7,41.6,47.4,4,上,19.14,9.66,断1天,1.0,1.0,14.8,-5.6,01-21,下影+4→下影+7,0.02,10.0,20.98,2026-01,2026
001337.SZSE,四川黄金,2026-01-28,三接四阳,—,阳,4.34,大阳3~5,13.5,27.7,41.6,47.4,4,上,19.14,9.66,断1天,1.0,1.0,14.8,-5.6,01-21,下影+4→下影+7→下影+0,5.3,9.98,9.98,2026-01,2026
001339.SZSE,智微智能,2023-12-29,二接三阴,—,阴,-3.58,大阴-5~-3,-3.1,-8.2,-9.3,-7.0,0,下,-5.41,0.34,断8~15天,10.0,1.0,-12.4,-21.4,12-12,下影+1→一字+10,7.68,-5.24,-5.24,2023-12,2023
001339.SZSE,智微智能,2024-01-05,二接三阴,—,阴,-5.24,巨阴≤-5,6.9,13.3,11.1,14.3,4,上,-0.11,2.95,断1天,1.0,3.0,4.2,-6.0,12-29,下影+3→下影-5,3.68,-17.39,-17.39,2024-01,2024
001358.SZSE,兴欣新材,2026-07-29,二接三阴,—,阴,-0.73,小阴-3~0,0.8,-4.1,-13.4,-15.2,1,下,-10.31,-4.59,断16~60天,18.0,1.0,-13.7,-26.9,06-30,下影+1→下影+1,3.02,-10.01,-10.01,2026-07,2026
001366.SZSE,播恩集团,2023-12-27,二接三阴,—,阴,-1.01,小阴-3~0,-0.7,-1.2,-3.1,-3.7,0,下,-2.16,-1.15,60日内无板,,,,,,下影+1→下影+10,8.97,-10.0,-10.0,2023-12,2023
001367.SZSE,海森药业,2025-05-26,二接三阳,—,阳,3.09,大阳3~5,-21.2,-26.1,-28.1,-26.1,0,下,-5.38,-0.65,断8~15天,15.0,1.0,-29.4,-37.9,04-25,实体+1→一字+10,6.15,-13.13,-13.13,2025-05,2025
001373.SZSE,翔腾新材,2023-07-18,二接三阳,—,阳,1.77,小阳0~3,1.1,0.7,-1.7,,2,上,-0.28,-5.48,60日内无板,,,,,,下影+0→下影+9,0.49,-7.84,-7.84,2023-07,2023
001373.SZSE,翔腾新材,2024-04-03,二接三阳,—,阳,1.59,小阳0~3,1.2,-3.2,-3.2,-1.1,1,下,-2.51,0.02,断16~60天,30.0,2.0,14.6,-6.3,02-08,实体-0→下影+8,5.82,-20.61,-20.61,2024-04,2024
001376.SZSE,百通能源,2024-01-31,二接三阴,—,阴,-0.32,小阴-3~0,1.8,-3.0,-10.0,-12.5,1,下,-8.12,-4.4,断16~60天,46.0,1.0,-32.2,-41.9,11-22,下影+2→下影-3,4.21,-9.99,-9.99,2024-01,2024
001376.SZSE,百通能源,2024-04-10,二接三阳,—,阳,1.74,小阳0~3,2.0,1.2,-1.5,-1.7,2,上,-3.54,-0.68,断16~60天,39.0,3.0,-24.8,-44.9,01-31,下影-1→实体+4,9.98,10.0,-0.97,2024-04,2024
001376.SZSE,百通能源,2024-04-11,三接四阳,—,阳,1.74,小阳0~3,2.0,1.2,-1.5,-1.7,2,上,-3.54,-0.68,断16~60天,39.0,3.0,-24.8,-44.9,01-31,下影-1→实体+4→下影+10,8.46,-9.98,-9.98,2024-04,2024
001379.SZSE,腾达科技,2024-07-24,二接三阳,—,阳,0.48,小阳0~3,-1.5,-1.9,-4.5,-7.7,0,下,-2.56,-3.16,60日内无板,,,,,,实体+0→下影+1,-6.02,9.99,92.98,2024-07,2024
001379.SZSE,腾达科技,2024-07-25,三接四阳,—,阳,0.48,小阳0~3,-1.5,-1.9,-4.5,-7.7,0,下,-2.56,-3.16,60日内无板,,,,,,实体+0→下影+1→下影-6,9.99,10.01,75.45,2024-07,2024
001388.SZSE,信通电子,2026-07-15,二接三阳,—,阳,2.37,小阳0~3,1.9,-1.1,-4.8,-8.5,1,下,-4.55,-3.34,60日内无板,,,,,,下影+1→下影+2,4.81,-5.33,-5.33,2026-07,2026
001395.SZSE,亚联机械,2025-04-17,二接三阳,—,阳,2.78,小阳0~3,2.6,-3.9,-5.9,-5.7,1,下,-5.14,-1.84,60日内无板,,,,,,实体-0→下影+1,0.04,10.0,3.13,2025-04,2025
001395.SZSE,亚联机械,2025-04-18,三接四阳,—,阳,2.78,小阳0~3,2.6,-3.9,-5.9,-5.7,1,下,-5.14,-1.84,60日内无板,,,,,,实体-0→下影+1→下影+0,2.11,-6.24,-6.24,2025-04,2025
001395.SZSE,亚联机械,2026-07-13,二接三阴,—,阴,-1.5,小阴-3~0,-2.0,-0.8,-12.5,-21.1,0,下,-2.1,-9.73,60日内无板,,,,,,一字+10→下影+8,0.59,-4.13,-4.13,2026-07,2026
001396.SZSE,誉帆科技,2026-02-26,二接三阳,—,阳,-0.5,小阴-3~0,0.2,2.9,4.8,7.1,4,上,2.99,2.67,60日内无板,,,,,,下影+0→下影-0,1.16,-8.28,-8.28,2026-02,2026
001400.SZSE,江顺科技,2026-01-08,二接三阴,—,阴,-0.23,小阴-3~0,1.3,7.4,12.1,16.8,4,上,7.63,5.65,断4~7天,5.0,1.0,14.5,-4.7,12-25,下影-1→下影+2,0.0,10.0,17.86,2026-01,2026
001400.SZSE,江顺科技,2026-01-09,三接四阴,—,阴,-0.23,小阴-3~0,1.3,7.4,12.1,16.8,4,上,7.63,5.65,断4~7天,5.0,1.0,14.5,-4.7,12-25,下影-1→下影+2→实体+0,0.15,7.14,7.14,2026-01,2026
001696.SZSE,宗申动力,2024-04-01,二接三阴,—,阴,-2.19,小阴-3~0,-3.9,-1.7,4.0,9.1,2,下,5.86,5.08,断8~15天,11.0,1.0,10.8,-5.1,03-12,实体+2→实体+4,0.62,-0.56,-0.56,2024-04,2024
001696.SZSE,宗申动力,2024-08-02,二接三阳,—,阳,-1.83,小阴-3~0,5.9,13.4,14.2,10.2,4,上,3.4,0.98,断8~15天,15.0,1.0,24.1,-9.8,07-09,下影+0→下影+1,1.68,-5.48,-5.48,2024-08,2024
001696.SZSE,宗申动力,2024-10-22,二接三阳,—,阳,7.65,巨阳≥5,6.7,5.3,16.0,20.6,4,上,8.86,5.02,断4~7天,7.0,1.0,5.9,-16.5,10-08,下影-2→下影+7,10.0,3.56,3.56,2024-10,2024
001696.SZSE,宗申动力,2024-10-23,三接四阳,—,阳,7.65,巨阳≥5,6.7,5.3,16.0,20.6,4,上,8.86,5.02,断4~7天,7.0,1.0,5.9,-16.5,10-08,下影-2→下影+7→下影+10,-3.32,-0.83,-0.83,2024-10,2024
001696.SZSE,宗申动力,2024-10-29,二接三阳,—,阳,5.34,巨阳≥5,12.2,30.1,46.0,57.9,4,上,17.48,15.33,断2~3天,2.0,3.0,20.0,-3.8,10-22,实体-2→下影+7,2.0,6.36,11.49,2024-10,2024
001696.SZSE,宗申动力,2026-06-10,二接三阳,—,阳,1.68,小阳0~3,-0.4,-3.0,-8.1,-12.3,0,下,-4.93,-4.58,60日内无板,,,,,,实体-1→下影+2,2.62,8.54,18.28,2026-06,2026
002006.SZSE,精工科技,2024-11-21,二接三阳,—,阳,2.32,小阳0~3,-0.9,-0.2,1.5,2.0,2,下,2.24,1.75,断16~60天,30.0,1.0,9.7,-8.7,09-30,实体-1→下影+2,8.63,-16.07,-16.07,2024-11,2024
002009.SZSE,天奇股份,2024-02-28,二接三阳,—,阳,6.91,巨阳≥5,7.1,14.1,6.0,-2.3,3,上,-1.42,-5.8,断4~7天,5.0,1.0,24.3,-1.3,02-08,下影+10→下影+1,9.98,-4.57,-4.57,2024-02,2024
002009.SZSE,天奇股份,2024-03-08,二接三阴,—,阴,-5.87,巨阴≤-5,-6.7,1.1,14.4,11.3,3,上,19.09,4.85,断4~7天,5.0,2.0,3.6,-6.7,02-27,下影+1→一字+10,9.97,-9.56,-9.56,2024-03,2024
002009.SZSE,天奇股份,2025-12-29,二接三阳,—,阳,0.38,小阳0~3,1.8,1.2,-0.5,-2.2,2,上,-1.77,-1.29,60日内无板,,,,,,一字+10→一字+10,9.92,10.0,6.2,2025-12,2025
002009.SZSE,天奇股份,2025-12-30,三接四阳,—,阳,0.38,小阳0~3,1.8,1.2,-0.5,-2.2,2,上,-1.77,-1.29,60日内无板,,,,,,一字+10→一字+10→下影+10,2.21,-3.46,-3.46,2025-12,2025
002015.SZSE,协鑫能科,2025-06-18,三接四阳,—,阳,2.67,小阳0~3,1.2,4.7,13.0,15.9,4,上,10.12,4.84,断8~15天,9.0,1.0,21.0,-2.0,05-29,一字+10→下影+10→一字+10,8.66,-8.41,-8.41,2025-06,2025
002016.SZSE,世荣兆业,2025-02-12,三接四阳,—,阳,0.71,小阳0~3,1.8,1.4,0.1,-4.7,3,上,-0.66,-3.41,断16~60天,51.0,1.0,-34.9,-44.5,11-18,下影+1→下影+5→一字+10,10.0,-2.06,-2.06,2025-02,2025
002017.SZSE,东信和平,2025-06-18,二接三阴,—,阴,-7.02,巨阴≤-5,-0.6,5.6,12.1,14.7,3,上,9.39,5.08,断4~7天,4.0,1.0,10.6,-4.5,06-09,实体+3→下影+7,-1.92,5.92,5.92,2025-06,2025
002017.SZSE,东信和平,2025-06-19,三接四阴,—,阴,-7.02,巨阴≤-5,-0.6,5.6,12.1,14.7,3,上,9.39,5.08,断4~7天,4.0,1.0,10.6,-4.5,06-09,实体+3→下影+7→实体-2,7.41,-11.49,-11.49,2025-06,2025
002017.SZSE,东信和平,2025-07-23,二接三阳,—,阳,2.44,小阳0~3,5.2,6.4,7.7,15.4,4,上,1.46,3.38,断2~3天,2.0,1.0,11.5,-2.0,07-16,一字+10→实体+8,5.55,-4.88,-4.88,2025-07,2025
002021.SZSE,中捷资源,2024-11-01,二接三阴,—,阴,0.45,小阳0~3,8.1,14.0,16.7,24.5,4,上,5.84,6.93,断1天,1.0,1.0,10.7,-1.3,10-28,下影-2→下影+5,5.49,-14.0,-14.0,2024-11,2024
002029.SZSE,七 匹 狼,2024-12-03,二接三阳,—,阳,0.62,小阳0~3,2.1,3.0,4.6,6.0,4,上,1.25,1.17,60日内无板,,,,,,下影+0→下影+5,10.04,-15.47,-15.47,2024-12,2024
002031.SZSE,巨轮智能,2023-07-03,二接三阳,—,阳,2.21,小阳0~3,2.8,10.3,16.3,17.5,4,上,10.91,3.45,断4~7天,4.0,1.0,14.6,-4.2,06-20,一字+10→下影+10,9.38,-5.88,-5.88,2023-07,2023
002031.SZSE,巨轮智能,2024-11-06,二接三阴,—,阴,-6.85,巨阴≤-5,-4.1,-3.1,4.7,11.7,2,下,9.66,6.44,断8~15天,8.0,1.0,3.9,-6.4,10-22,实体+1→下影+5,0.97,-7.96,-7.96,2024-11,2024
002031.SZSE,巨轮智能,2024-12-04,三接四阳,—,阳,-0.23,小阴-3~0,-1.3,-0.1,1.3,7.4,2,下,-0.44,4.73,断4~7天,6.0,1.0,2.9,-9.9,11-20,实体-1→一字+10→一字+10,10.05,9.94,16.99,2024-12,2024
002036.SZSE,联创电子,2024-09-10,二接三阳,—,阳,3.37,大阳3~5,2.5,4.4,4.2,3.3,4,上,0.65,0.33,断16~60天,41.0,1.0,2.2,-16.4,07-10,下影+5→一字+10,6.36,-10.01,-10.01,2024-09,2024
002036.SZSE,联创电子,2025-02-10,二接三阳,—,阳,4.41,大阳3~5,2.1,0.9,2.2,-1.5,3,上,0.72,-2.38,断16~60天,40.0,1.0,-4.6,-21.8,12-02,实体-1→一字+10,0.27,10.01,7.08,2025-02,2025
002036.SZSE,联创电子,2025-02-11,三接四阳,—,阳,4.41,大阳3~5,2.1,0.9,2.2,-1.5,3,上,0.72,-2.38,断16~60天,40.0,1.0,-4.6,-21.8,12-02,实体-1→一字+10→下影+0,10.01,-2.66,-2.66,2025-02,2025
002037.SZSE,保利联合,2025-07-24,三接四阴,—,阴,-1.12,小阴-3~0,1.6,2.4,3.8,4.4,4,上,1.66,1.52,断16~60天,50.0,1.0,17.4,-8.7,05-08,一字+10→一字+10→一字+10,10.0,4.3,4.3,2025-07,2025
002040.SZSE,南 京 港,2025-05-16,三接四阴,—,阴,0.14,小阳0~3,1.0,0.8,-1.9,0.5,3,上,-4.54,1.37,断8~15天,14.0,2.0,-6.0,-18.5,04-17,下影+2→下影+5→一字+10,3.55,9.97,17.11,2025-05,2025
002044.SZSE,美年健康,2026-01-14,三接四阳,—,阳,2.96,小阳0~3,2.4,3.9,4.1,5.0,4,上,-2.74,1.52,断8~15天,13.0,2.0,1.8,-14.6,12-18,实体+4→一字+10→一字+10,9.99,4.42,4.42,2026-01,2026
002045.SZSE,国光电器,2024-11-19,二接三阳,—,阳,-0.35,小阴-3~0,0.2,2.9,6.4,8.5,4,上,4.03,3.75,60日内无板,,,,,,实体-2→下影+3,2.67,10.01,9.48,2024-11,2024
002045.SZSE,国光电器,2024-11-20,三接四阳,—,阳,-0.35,小阴-3~0,0.2,2.9,6.4,8.5,4,上,4.03,3.75,60日内无板,,,,,,实体-2→下影+3→下影+3,2.9,-0.48,-0.48,2024-11,2024
002046.SZSE,国机精工,2025-08-06,二接三阴,—,阴,-0.52,小阴-3~0,0.3,3.7,10.9,13.2,4,上,8.19,4.25,60日内无板,,,,,,下影-1→下影+5,2.87,10.02,24.51,2025-08,2025
002046.SZSE,国机精工,2025-08-07,三接四阴,—,阴,-0.52,小阴-3~0,0.3,3.7,10.9,13.2,4,上,8.19,4.25,60日内无板,,,,,,下影-1→下影+5→实体+3,10.02,9.99,13.18,2025-08,2025
002047.SZSE,宝鹰股份,2024-11-04,三接四阳,—,阳,4.98,大阳3~5,12.1,17.8,22.8,32.5,4,上,6.49,8.5,断1天,1.0,1.0,15.4,0.0,10-28,实体-4→一字+10→一字+10,10.03,-1.76,2.06,2024-11,2024
002047.SZSE,宝鹰股份,2026-08-13,二接三阳,—,阳,1.89,小阳0~3,-1.0,0.9,-1.3,-10.5,1,上,1.13,-5.17,断16~60天,34.0,1.0,-25.4,-39.8,06-23,下影+3→下影+8,9.18,-12.3,-12.3,2026-08,2026
002051.SZSE,中工国际,2026-04-09,二接三阴,—,阴,-3.83,大阴-5~-3,3.2,6.9,7.0,7.4,4,上,3.37,0.79,断1天,1.0,1.0,5.8,-6.0,04-02,实体+4→下影+10,8.41,-15.38,-15.38,2026-04,2026
002052.SZSE,同洲电子,2025-08-13,二接三阴,—,阴,-1.89,小阴-3~0,-3.3,-5.6,-8.8,-11.3,0,下,-3.52,-4.71,断16~60天,24.0,1.0,-12.5,-21.3,07-07,下影+0→下影+9,10.03,4.18,4.18,2025-08,2025
002052.SZSE,同洲电子,2025-08-19,二接三阴,—,阴,4.18,大阳3~5,15.1,23.4,24.4,21.2,4,上,4.52,0.86,断1天,1.0,3.0,14.6,0.0,08-13,实体-0→一字+10,10.01,4.11,4.11,2025-08,2025
002053.SZSE,云南能投,2025-08-29,二接三阳,—,阳,0.36,小阳0~3,-1.9,-0.3,2.3,2.6,2,下,3.43,1.29,断4~7天,6.0,1.0,5.1,-6.9,08-18,下影+0→实体+2,-1.03,-3.47,-3.47,2025-08,2025
002058.SZSE,紫竹高科,2023-11-29,二接三阴,—,阴,-0.5,小阴-3~0,-0.9,-1.0,0.5,2.7,2,下,1.01,1.88,60日内无板,,,,,,实体+0→一字+10,1.99,-16.54,-16.54,2023-11,2023
002058.SZSE,紫竹高科,2024-12-20,二接三阴,—,阴,-5.48,巨阴≤-5,-5.3,-2.7,1.7,0.8,2,下,6.74,1.93,断4~7天,7.0,1.0,4.8,-6.1,12-06,下影+0→一字+10,10.01,-21.3,-21.3,2024-12,2024
002058.SZSE,紫竹高科,2025-02-19,二接三阴,—,阴,-2.2,小阴-3~0,-3.7,-0.9,-6.2,-8.8,0,下,-3.16,-1.65,断16~60天,34.0,2.0,-38.6,-50.4,12-19,下影+2→下影+1,0.0,9.99,1.21,2025-02,2025
002058.SZSE,紫竹高科,2025-02-20,三接四阴,—,阴,-2.2,小阴-3~0,-3.7,-0.9,-6.2,-8.8,0,下,-3.16,-1.65,断16~60天,34.0,2.0,-38.6,-50.4,12-19,下影+2→下影+1→下影+0,5.72,-7.99,-7.99,2025-02,2025
002059.SZSE,云南旅游,2025-09-22,三接四阳,—,阳,2.22,小阳0~3,2.2,3.0,4.3,5.2,4,上,1.75,1.18,60日内无板,,,,,,下影+10→下影+0→一字+10,8.16,-10.01,-10.01,2025-09,2025
002065.SZSE,东华软件,2024-11-13,二接三阳,—,阳,2.16,小阳0~3,2.3,4.6,11.8,17.6,4,上,7.52,4.25,断4~7天,7.0,1.0,13.7,-3.2,10-30,一字+10→一字+10,10.04,-12.62,-12.62,2024-11,2024
002065.SZSE,东华软件,2025-02-19,二接三阳,—,阳,5.52,巨阳≥5,4.2,12.9,23.2,26.6,4,上,13.78,8.47,60日内无板,,,,,,一字+10→一字+10,8.99,10.02,11.87,2025-02,2025
002065.SZSE,东华软件,2025-02-20,三接四阳,—,阳,5.52,巨阳≥5,4.2,12.9,23.2,26.6,4,上,13.78,8.47,60日内无板,,,,,,一字+10→一字+10→下影+9,3.29,1.68,1.68,2025-02,2025
002067.SZSE,景兴纸业,2024-12-26,二接三阴,—,阴,-6.76,巨阴≤-5,-5.8,-9.3,-8.8,-7.9,0,下,-3.26,-0.11,60日内无板,,,,,,一字+10→下影+10,5.26,-2.83,-2.83,2024-12,2024
002068.SZSE,黑猫股份,2026-06-23,二接三阴,—,阴,-5.75,巨阴≤-5,-4.5,-6.9,-6.3,-5.2,0,下,-0.1,-0.52,断8~15天,12.0,1.0,0.4,-9.7,06-01,下影-1→实体+0,4.35,6.56,6.56,2026-06,2026
002072.SZSE,凯瑞德,2026-08-28,二接三阳,—,阳,0.68,小阳0~3,1.0,-0.2,1.8,3.9,3,下,0.11,1.8,断16~60天,37.0,1.0,-16.1,-38.0,07-03,下影+1→实体-1,0.0,-6.44,-6.44,2026-08,2026
002077.SZSE,大港股份,2024-11-12,二接三阳,—,阳,1.3,小阳0~3,2.4,0.7,4.9,9.1,4,上,1.7,1.27,断8~15天,8.0,1.0,3.5,-12.5,10-28,下影+1→下影+5,10.0,-11.68,-11.68,2024-11,2024
002080.SZSE,中材科技,2026-06-17,二接三阴,—,阴,-3.07,大阴-5~-3,-0.8,-2.0,-6.9,-5.1,0,下,-8.07,-1.3,断2~3天,3.0,1.0,5.3,-6.1,06-09,下影+4→实体+4,1.79,-2.26,-2.26,2026-06,2026
002080.SZSE,中材科技,2026-06-26,二接三阴,—,阴,-8.92,巨阴≤-5,-3.8,6.6,10.4,11.6,3,上,13.31,4.39,断2~3天,3.0,3.0,2.5,-7.9,06-17,实体+0→下影+3,2.43,-11.47,-11.47,2026-06,2026
002081.SZSE,金 螳 螂,2026-04-21,二接三阳,—,阳,0.0,小阳0~3,0.3,0.6,0.7,-1.7,3,上,0.09,-1.75,60日内无板,,,,,,实体+2→下影+1,8.09,10.02,8.91,2026-04,2026
002081.SZSE,金 螳 螂,2026-04-30,二接三阴,—,阴,-9.41,巨阴≤-5,-8.4,5.3,17.2,21.2,3,上,21.42,11.34,断2~3天,2.0,5.0,-10.3,-19.0,04-23,下影+1→实体-1,-3.54,10.0,15.25,2026-04,2026
002081.SZSE,金 螳 螂,2026-05-06,三接四阴,A2,阴,-9.41,巨阴≤-5,-8.4,5.3,17.2,21.2,3,上,21.42,11.34,断2~3天,2.0,5.0,-10.3,-19.0,04-23,下影+1→实体-1→下影-4,6.44,10.02,4.78,2026-05,2026
002081.SZSE,金 螳 螂,2026-08-14,二接三阳,—,阳,-1.0,小阴-3~0,-0.3,2.3,5.4,2.3,3,上,4.72,0.36,断16~60天,43.0,1.0,-26.4,-43.9,06-10,实体+1→一字+10,9.98,10.02,18.53,2026-08,2026
002081.SZSE,金 螳 螂,2026-08-17,三接四阳,—,阳,-1.0,小阴-3~0,-0.3,2.3,5.4,2.3,3,上,4.72,0.36,断16~60天,43.0,1.0,-26.4,-43.9,06-10,实体+1→一字+10→下影+10,3.97,7.73,7.73,2026-08,2026
002083.SZSE,孚日股份,2025-10-21,二接三阴,—,阴,-2.49,小阴-3~0,-0.5,1.9,3.5,3.7,3,上,3.18,1.16,60日内无板,,,,,,下影+0→下影+10,0.65,-9.14,-9.14,2025-10,2025
002083.SZSE,孚日股份,2025-11-11,三接四阳,—,阳,1.54,小阳0~3,1.0,2.0,4.9,10.3,4,上,-0.09,4.85,断8~15天,12.0,2.0,5.8,-11.2,10-20,下影+1→下影+6→一字+10,10.01,10.02,43.55,2025-11,2025
002083.SZSE,孚日股份,2026-07-27,二接三阳,—,阳,-1.04,小阴-3~0,-3.0,-1.1,-5.6,-6.6,0,下,-1.56,-3.37,60日内无板,,,,,,下影-1→下影+5,8.68,-14.76,-14.76,2026-07,2026
002084.SZSE,海鸥住工,2025-04-07,二接三阳,—,阳,1.06,小阳0~3,-2.0,-4.0,-5.1,-4.6,0,下,-2.85,-0.55,60日内无板,,,,,,下影+0→下影+0,10.14,10.0,19.74,2025-04,2025
002085.SZSE,万丰奥威,2024-02-08,二接三阴,—,阴,-9.62,巨阴≤-5,-8.9,-12.4,-10.4,-7.7,0,下,-1.31,1.82,断8~15天,9.0,1.0,-3.9,-13.0,01-23,下影+3→一字+10,10.02,2.88,2.88,2024-02,2024
002085.SZSE,万丰奥威,2024-11-01,二接三阴,—,阴,-4.63,大阴-5~-3,-2.0,2.7,10.6,18.2,3,上,10.33,9.31,断4~7天,6.0,1.0,10.3,-2.8,10-21,下影-2→下影+10,10.0,-4.31,-4.31,2024-11,2024
002086.SZSE,东方海洋,2024-11-08,二接三阳,—,阳,2.9,小阳0~3,-0.2,1.3,11.3,15.5,3,上,10.56,4.36,断8~15天,9.0,2.0,14.7,-5.0,10-23,实体-0→下影+10,10.0,0.0,0.0,2024-11,2024
002086.SZSE,东方海洋,2025-03-18,三接四阳,—,阳,1.67,小阳0~3,1.5,-0.0,-3.3,-2.6,2,上,-3.63,-1.25,断16~60天,55.0,1.0,-36.0,-45.1,12-16,下影-0→一字+10→一字+10,7.38,-9.22,-9.22,2025-03,2025
002090.SZSE,金智科技,2025-01-22,二接三阳,—,阳,0.57,小阳0~3,1.9,3.1,0.9,-0.4,3,上,-1.0,-0.6,60日内无板,,,,,,实体+1→一字+10,10.05,-20.65,-20.65,2025-01,2025
002093.SZSE,国脉科技,2025-03-11,三接四阳,A1,阳,1.35,小阳0~3,1.2,-1.5,-1.8,0.8,2,下,-1.81,1.09,60日内无板,,,,,,实体+2→一字+10→一字+10,1.73,0.0,0.0,2025-03,2025
002094.SZSE,青岛金王,2024-10-15,二接三阴,—,阴,-0.37,小阴-3~0,-1.5,7.5,14.6,18.3,3,上,12.45,6.39,断16~60天,31.0,1.0,24.9,-15.2,08-19,下影-0→下影+10,0.61,-1.67,-1.67,2024-10,2024
002094.SZSE,青岛金王,2024-10-16,三接四阴,—,阴,-0.37,小阴-3~0,-1.5,7.5,14.6,18.3,3,上,12.45,6.39,断16~60天,31.0,1.0,24.9,-15.2,08-19,下影-0→下影+10→下影+1,3.34,-1.77,1.01,2024-10,2024
002094.SZSE,青岛金王,2024-10-23,二接三阳,—,阳,2.84,小阳0~3,9.3,23.3,45.3,55.7,4,上,25.34,15.11,断1天,1.0,1.0,13.1,-3.9,10-17,实体-3→下影+3,4.76,9.79,9.79,2024-10,2024
002094.SZSE,青岛金王,2024-10-24,三接四阳,—,阳,2.84,小阳0~3,9.3,23.3,45.3,55.7,4,上,25.34,15.11,断1天,1.0,1.0,13.1,-3.9,10-17,实体-3→下影+3→下影+5,7.34,9.76,59.25,2024-10,2024
002094.SZSE,青岛金王,2024-10-30,三接四阳,—,阳,9.79,巨阳≥5,19.7,40.2,75.1,97.6,4,上,34.66,25.36,断1天,1.0,3.0,20.7,-0.6,10-23,下影-4→下影+8→一字+10,10.05,9.95,8.9,2024-10,2024
002094.SZSE,青岛金王,2025-04-10,二接三阴,—,阴,-4.1,大阴-5~-3,3.2,4.0,0.1,-1.8,3,上,-2.88,-2.56,断1天,1.0,1.0,5.5,-7.2,04-03,下影-2→下影+2,1.47,-1.07,-1.07,2025-04,2025
002094.SZSE,青岛金王,2025-04-11,三接四阴,—,阴,-4.1,大阴-5~-3,3.2,4.0,0.1,-1.8,3,上,-2.88,-2.56,断1天,1.0,1.0,5.5,-7.2,04-03,下影-2→下影+2→下影+1,4.68,-5.22,-5.22,2025-04,2025
002094.SZSE,青岛金王,2025-04-23,二接三阴,—,阴,-5.88,巨阴≤-5,-10.7,-5.5,7.5,9.8,2,下,17.89,7.28,断4~7天,6.0,3.0,-1.2,-11.0,04-10,下影-3→下影+10,9.96,2.24,2.24,2025-04,2025
002095.SZSE,生 意 宝,2024-11-22,三接四阴,—,阴,-5.54,巨阴≤-5,-5.5,-5.3,-3.1,-2.5,0,下,3.0,1.56,断16~60天,37.0,1.0,27.5,-1.5,09-19,下影+1→下影+4→一字+10,9.99,10.02,2.28,2024-11,2024
002095.SZSE,生 意 宝,2024-11-29,二接三阴,—,阴,-7.03,巨阴≤-5,5.3,20.6,31.7,36.8,4,上,16.68,9.78,断1天,1.0,5.0,2.3,-10.0,11-25,实体-10→下影+7,3.31,2.7,2.7,2024-11,2024
002095.SZSE,生 意 宝,2024-12-02,三接四阴,—,阴,-7.03,巨阴≤-5,5.3,20.6,31.7,36.8,4,上,16.68,9.78,断1天,1.0,5.0,2.3,-10.0,11-25,实体-10→下影+7→下影+3,-4.65,-15.96,-15.96,2024-12,2024
002097.SZSE,山河智能,2025-07-24,三接四阴,—,阴,-0.62,小阴-3~0,0.2,0.4,-0.7,0.1,3,上,-0.76,0.02,60日内无板,,,,,,下影+4→下影+7→一字+10,7.87,-6.22,-6.22,2025-07,2025
002098.SZSE,浔兴股份,2025-04-18,三接四阴,—,阴,2.78,小阳0~3,3.4,-2.5,-7.9,-9.7,1,下,-6.94,-4.12,60日内无板,,,,,,下影+2→一字+10→一字+10,3.45,-16.05,-16.05,2025-04,2025
002099.SZSE,海翔药业,2026-02-10,二接三阴,—,阴,-2.15,小阴-3~0,0.8,3.7,2.3,4.0,4,上,2.41,0.88,60日内无板,,,,,,下影+1→下影+10,0.0,-9.79,-9.79,2026-02,2026
002103.SZSE,广博股份,2023-11-21,三接四阴,—,阴,0.16,小阳0~3,0.8,1.3,5.2,6.2,4,上,2.21,2.19,60日内无板,,,,,,实体-0→一字+10→一字+10,1.34,9.96,-1.0,2023-11,2023
002103.SZSE,广博股份,2024-11-22,二接三阳,—,阳,5.39,巨阳≥5,4.9,8.8,14.2,18.1,4,上,7.29,4.61,断2~3天,2.0,1.0,10.2,-9.3,11-15,实体-3→下影+1,2.17,9.96,59.34,2024-11,2024
002104.SZSE,恒宝股份,2024-09-09,二接三阳,—,阳,-1.13,小阴-3~0,0.5,2.0,2.1,2.1,4,上,0.08,0.51,60日内无板,,,,,,实体+1→一字+10,4.39,-19.52,-19.52,2024-09,2024
002104.SZSE,恒宝股份,2025-06-03,二接三阳,—,阳,0.96,小阳0~3,1.2,-0.5,-5.2,-5.9,1,下,-5.78,-2.74,断16~60天,20.0,1.0,-4.4,-15.8,04-25,实体-1→下影+4,9.99,-2.04,-2.04,2025-06,2025
002104.SZSE,恒宝股份,2025-08-14,二接三阳,—,阳,4.42,大阳3~5,3.4,2.9,-2.5,-2.8,2,上,-3.7,-3.07,断16~60天,21.0,1.0,-7.0,-23.2,07-11,下影-1→下影+3,3.71,7.36,7.36,2025-08,2025
002104.SZSE,恒宝股份,2025-08-15,三接四阳,—,阳,4.42,大阳3~5,3.4,2.9,-2.5,-2.8,2,上,-3.7,-3.07,断16~60天,21.0,1.0,-7.0,-23.2,07-11,下影-1→下影+3→下影+4,5.55,2.62,2.62,2025-08,2025
002105.SZSE,信隆健康,2025-03-06,二接三阴,—,阴,-1.86,小阴-3~0,-2.4,-1.7,-0.8,1.1,1,下,0.39,1.71,断16~60天,48.0,1.0,-11.6,-33.1,12-16,下影+1→下影-3,5.96,9.97,66.52,2025-03,2025
002105.SZSE,信隆健康,2025-03-07,三接四阴,—,阴,-1.86,小阴-3~0,-2.4,-1.7,-0.8,1.1,1,下,0.39,1.71,断16~60天,48.0,1.0,-11.6,-33.1,12-16,下影+1→下影-3→实体+6,3.7,9.97,51.42,2025-03,2025
002105.SZSE,信隆健康,2025-05-20,二接三阴,—,阴,-2.55,小阴-3~0,-1.1,-0.7,1.5,1.0,2,下,2.88,1.8,断16~60天,40.0,9.0,-32.5,-49.9,03-14,下影-0→下影+1,2.71,-9.95,-9.95,2025-05,2025
002105.SZSE,信隆健康,2025-12-11,二接三阳,—,阳,1.84,小阳0~3,4.0,5.9,6.5,7.4,4,上,2.1,0.96,60日内无板,,,,,,下影+2→下影+10,10.04,-25.24,-25.24,2025-12,2025
002108.SZSE,沧州明珠,2025-06-27,二接三阳,—,阳,3.66,大阳3~5,3.5,2.9,0.1,-3.2,3,上,-1.73,-3.23,60日内无板,,,,,,下影+2→一字+10,9.98,-14.6,-14.6,2025-06,2025
002112.SZSE,三变科技,2025-02-18,二接三阳,—,阳,4.11,大阳3~5,4.4,7.7,12.5,15.2,4,上,5.64,2.13,断4~7天,7.0,1.0,13.7,-15.7,01-27,下影-0→下影+5,10.01,-5.98,-5.98,2025-02,2025
002112.SZSE,三变科技,2026-01-15,二接三阴,—,阴,1.53,小阳0~3,3.8,10.3,13.9,16.2,4,上,6.15,3.99,断2~3天,3.0,1.0,12.2,-2.2,01-07,下影+0→一字+10,4.63,-5.58,-5.58,2026-01,2026
002112.SZSE,三变科技,2026-01-16,三接四阴,—,阴,1.53,小阳0~3,3.8,10.3,13.9,16.2,4,上,6.15,3.99,断2~3天,3.0,1.0,12.2,-2.2,01-07,下影+0→一字+10→下影+5,10.02,-5.59,-1.59,2026-01,2026
002114.SZSE,罗平锌电,2024-12-06,二接三阴,—,阴,0.16,小阳0~3,2.5,4.0,5.1,6.8,4,上,1.9,1.77,60日内无板,,,,,,一字+10→下影+4,0.0,-3.27,0.35,2024-12,2024
002115.SZSE,三维通信,2023-10-25,二接三阴,—,阴,-3.48,大阴-5~-3,-0.9,0.0,2.6,1.9,3,上,3.31,0.2,60日内无板,,,,,,下影-1→下影+7,7.95,-3.39,-3.39,2023-10,2023
002115.SZSE,三维通信,2023-10-26,三接四阴,—,阴,-3.48,大阴-5~-3,-0.9,0.0,2.6,1.9,3,上,3.31,0.2,60日内无板,,,,,,下影-1→下影+7→下影+8,8.01,-10.77,-10.77,2023-10,2023
002115.SZSE,三维通信,2024-12-13,三接四阳,—,阳,3.35,大阳3~5,5.0,7.5,13.8,20.1,4,上,7.72,5.81,断2~3天,2.0,1.0,12.1,-2.5,12-05,下影+1→一字+10→一字+10,6.6,0.55,0.55,2024-12,2024
002115.SZSE,三维通信,2025-09-01,二接三阴,—,阴,-4.21,大阴-5~-3,-1.6,-0.2,0.5,1.1,2,下,0.93,0.99,断16~60天,52.0,1.0,5.8,-9.3,06-16,实体+4→下影+6,3.06,-4.51,-4.51,2025-09,2025
002117.SZSE,东港股份,2024-11-26,二接三阳,—,阳,2.26,小阳0~3,3.4,1.1,3.9,8.2,4,上,0.7,2.8,60日内无板,,,,,,一字+10→一字+10,10.02,-19.09,-19.09,2024-11,2024
002119.SZSE,康强电子,2026-01-19,二接三阴,—,阴,0.0,小阳0~3,-1.1,2.8,6.4,7.7,3,上,4.72,2.88,断16~60天,46.0,1.0,-5.8,-27.1,11-07,实体-1→下影+6,5.4,-0.54,-0.54,2026-01,2026
002119.SZSE,康强电子,2026-06-12,二接三阳,—,阳,6.57,巨阳≥5,4.4,6.9,7.6,11.1,4,上,1.09,2.31,断16~60天,42.0,1.0,34.3,-4.0,04-07,下影+1→实体+2,9.94,-1.63,-1.63,2026-06,2026
002123.SZSE,梦网科技,2024-10-09,二接三阳,—,阳,5.5,巨阳≥5,4.5,7.4,16.3,21.1,4,上,9.16,6.84,断8~15天,9.0,1.0,24.5,-3.7,09-12,下影+10→一字+10,10.02,-8.13,-8.13,2024-10,2024
002123.SZSE,梦网科技,2025-02-07,二接三阴,—,阴,-3.7,大阴-5~-3,-3.1,-4.9,-5.6,-4.9,0,下,-1.87,-0.83,断4~7天,7.0,1.0,-1.3,-10.5,01-16,下影+9→下影+5,-0.78,10.01,44.96,2025-02,2025
002123.SZSE,梦网科技,2025-02-10,三接四阴,—,阴,-3.7,大阴-5~-3,-3.1,-4.9,-5.6,-4.9,0,下,-1.87,-0.83,断4~7天,7.0,1.0,-1.3,-10.5,01-16,下影+9→下影+5→下影-1,7.12,9.99,31.77,2025-02,2025
002124.SZSE,天邦食品,2026-04-15,二接三阳,—,阳,0.43,小阳0~3,-0.1,-0.8,-2.8,-3.8,0,下,-0.25,-1.91,60日内无板,,,,,,下影-0→下影+1,4.91,-6.69,-6.69,2026-04,2026
002125.SZSE,湘潭电化,2025-06-23,二接三阳,—,阳,-0.2,小阴-3~0,-0.7,0.4,1.5,1.1,3,上,2.01,0.33,60日内无板,,,,,,实体+4→一字+10,9.76,9.99,17.6,2025-06,2025
002125.SZSE,湘潭电化,2025-06-24,三接四阳,A1,阳,-0.2,小阴-3~0,-0.7,0.4,1.5,1.1,3,上,2.01,0.33,60日内无板,,,,,,实体+4→一字+10→下影+10,9.91,10.02,6.93,2025-06,2025
002127.SZSE,南极电商,2024-11-22,二接三阳,—,阳,1.9,小阳0~3,-2.4,-4.6,-2.2,0.0,1,下,1.5,1.7,60日内无板,,,,,,下影-0→实体+2,10.03,-3.97,-3.97,2024-11,2024
002130.SZSE,沃尔核材,2024-03-25,三接四阳,—,阳,0.94,小阳0~3,2.5,4.5,8.9,14.7,4,上,3.87,5.03,断16~60天,24.0,1.0,47.1,0.4,02-06,下影+3→下影+2→一字+10,10.01,1.46,1.46,2024-03,2024
002131.SZSE,利欧股份,2025-01-09,二接三阴,—,阴,-2.07,小阴-3~0,-6.5,-12.8,-23.6,-25.7,0,下,-11.9,-11.05,断16~60天,21.0,7.0,-41.9,-47.9,12-05,下影+0→下影+4,2.62,-3.71,-3.71,2025-01,2025
002131.SZSE,利欧股份,2025-08-20,二接三阳,—,阳,1.25,小阳0~3,0.6,2.1,4.2,7.2,4,上,2.83,2.27,断16~60天,23.0,1.0,17.8,-3.4,07-15,实体+0→下影+5,7.99,-12.29,-12.29,2025-08,2025
002131.SZSE,利欧股份,2026-01-06,二接三阳,—,阳,0.59,小阳0~3,-0.6,0.6,1.3,0.7,3,上,0.99,0.2,60日内无板,,,,,,实体-0→下影+6,2.58,-3.37,-3.37,2026-01,2026
002131.SZSE,利欧股份,2026-01-14,三接四阳,—,阳,2.88,小阳0~3,6.5,17.6,25.4,28.1,4,上,13.04,6.74,断2~3天,3.0,2.0,20.3,1.5,01-05,实体+0→一字+10→一字+10,5.2,4.73,4.73,2026-01,2026
002133.SZSE,广宇集团,2025-04-11,二接三阳,—,阳,2.59,小阳0~3,-3.6,-5.6,-8.5,-9.5,0,下,-4.14,-1.38,断16~60天,35.0,1.0,-5.1,-17.4,02-17,下影-2→下影+3,0.69,-10.09,-10.09,2025-04,2025
002134.SZSE,天津普林,2024-10-24,二接三阴,—,阴,0.07,小阳0~3,10.1,18.4,42.0,53.3,4,上,22.57,15.13,断1天,1.0,2.0,10.0,-4.8,10-18,实体-2→下影+2,-3.66,-0.26,-0.26,2024-10,2024
002134.SZSE,天津普林,2024-10-25,三接四阴,—,阴,0.07,小阳0~3,10.1,18.4,42.0,53.3,4,上,22.57,15.13,断1天,1.0,2.0,10.0,-4.8,10-18,实体-2→下影+2→下影-4,0.26,-5.42,-5.42,2024-10,2024
002136.SZSE,安 纳 达,2025-11-11,二接三阳,—,阳,7.13,巨阳≥5,7.0,10.7,12.8,15.0,4,上,3.61,2.84,60日内无板,,,,,,实体-0→下影+4,-3.2,-6.11,-6.11,2025-11,2025
002137.SZSE,实益达,2023-11-24,二接三阴,—,阴,-1.75,小阴-3~0,-0.2,0.7,4.6,7.4,3,上,3.33,3.9,断16~60天,16.0,1.0,15.1,-4.4,10-30,下影-0→下影+10,7.71,-17.84,-17.84,2023-11,2023
002137.SZSE,实益达,2024-12-23,二接三阴,—,阴,1.02,小阳0~3,-5.0,-6.2,-5.4,-0.6,0,下,-3.59,4.13,断8~15天,12.0,1.0,-7.0,-18.8,12-02,下影-2→一字+10,9.98,10.04,19.87,2024-12,2024
002141.SZSE,贤丰控股,2026-06-18,二接三阳,—,阳,7.93,巨阳≥5,3.2,6.9,3.8,1.2,4,上,0.03,-1.27,断4~7天,4.0,1.0,16.8,-1.8,06-09,下影-1→下影+2,7.48,-4.46,-4.46,2026-06,2026
002141.SZSE,贤丰控股,2026-06-22,三接四阳,—,阳,7.93,巨阳≥5,3.2,6.9,3.8,1.2,4,上,0.03,-1.27,断4~7天,4.0,1.0,16.8,-1.8,06-09,下影-1→下影+2→下影+7,9.98,-4.44,-8.11,2026-06,2026
002141.SZSE,贤丰控股,2026-07-16,二接三阴,—,阴,-9.9,巨阴≤-5,-12.7,-11.1,-6.3,5.5,1,下,1.36,11.17,断4~7天,5.0,2.0,-9.7,-17.9,07-06,下影-3→下影+9,3.21,-2.11,-2.11,2026-07,2026
002146.SZSE,荣盛发展,2023-06-14,三接四阴,—,阴,-10.0,巨阴≤-5,-15.9,-23.5,-26.8,-29.3,0,下,-9.68,-4.6,60日内无板,,,,,,一字+10→一字+10→一字+10,10.26,9.88,6.4,2023-06,2023
002146.SZSE,荣盛发展,2023-07-21,二接三阴,—,阴,1.14,小阳0~3,6.3,6.5,9.3,12.0,4,上,3.92,-0.15,断1天,1.0,1.0,11.4,-3.4,07-17,实体-2→下影+2,-1.85,-2.94,-2.94,2023-07,2023
002146.SZSE,荣盛发展,2023-07-24,三接四阴,—,阴,1.14,小阳0~3,6.3,6.5,9.3,12.0,4,上,3.92,-0.15,断1天,1.0,1.0,11.4,-3.4,07-17,实体-2→下影+2→下影-2,5.46,-3.05,-4.2,2023-07,2023
002146.SZSE,荣盛发展,2024-05-06,二接三阳,—,阳,3.76,大阳3~5,2.2,1.5,-3.7,-6.7,2,上,-4.5,-3.57,60日内无板,,,,,,下影+5→下影+10,1.8,-7.61,-7.61,2024-05,2024
002146.SZSE,荣盛发展,2024-05-20,二接三阳,—,阳,1.83,小阳0~3,1.1,2.0,11.5,11.2,4,上,10.16,2.99,断8~15天,8.0,2.0,10.2,-5.4,04-30,下影-1→下影+3,-0.99,-6.76,-6.76,2024-05,2024
002146.SZSE,荣盛发展,2024-09-30,二接三阳,—,阳,4.69,大阳3~5,5.8,10.3,11.2,6.9,4,上,3.67,-1.39,60日内无板,,,,,,下影-1→下影+4,9.88,2.81,2.81,2024-09,2024
002146.SZSE,荣盛发展,2024-10-08,三接四阳,—,阳,4.69,大阳3~5,5.8,10.3,11.2,6.9,4,上,3.67,-1.39,60日内无板,,,,,,下影-1→下影+4→下影+10,10.11,-15.82,-15.82,2024-10,2024
002146.SZSE,荣盛发展,2024-11-08,三接四阴,—,阴,-1.65,小阴-3~0,1.5,6.4,8.4,15.3,4,上,5.52,4.2,断2~3天,3.0,1.0,10.1,-5.0,10-30,下影-1→下影+10→一字+10,10.04,-5.32,-5.32,2024-11,2024
002146.SZSE,荣盛发展,2025-09-16,二接三阴,—,阴,-0.62,小阴-3~0,1.5,4.4,6.6,8.6,4,上,3.04,2.58,60日内无板,,,,,,下影+0→下影+4,4.15,-6.13,-6.13,2025-09,2025
002148.SZSE,北纬科技,2024-03-22,二接三阴,—,阴,-4.0,大阴-5~-3,2.8,6.5,9.8,13.8,4,上,4.87,7.28,断1天,1.0,1.0,5.5,-4.6,03-18,下影+3→一字+10,10.02,-21.64,-21.64,2024-03,2024
002148.SZSE,北纬科技,2024-12-13,二接三阳,—,阳,2.01,小阳0~3,1.8,2.3,6.4,7.6,4,上,3.31,1.39,断16~60天,52.0,1.0,45.1,-4.6,09-20,实体-1→下影+5,7.0,2.84,2.84,2024-12,2024
002148.SZSE,北纬科技,2024-12-16,三接四阳,—,阳,2.01,小阳0~3,1.8,2.3,6.4,7.6,4,上,3.31,1.39,断16~60天,52.0,1.0,45.1,-4.6,09-20,实体-1→下影+5→下影+7,5.45,-15.81,-15.81,2024-12,2024
002148.SZSE,北纬科技,2025-08-13,二接三阴,—,阴,-8.78,巨阴≤-5,3.7,16.1,24.1,27.1,4,上,13.93,7.22,断1天,1.0,4.0,0.4,-10.0,08-07,下影-6→下影+8,0.0,1.9,1.9,2025-08,2025
002149.SZSE,西部材料,2025-12-09,二接三阳,—,阳,-1.84,小阴-3~0,1.4,7.0,7.3,6.2,4,上,4.25,0.76,60日内无板,,,,,,下影+1→一字+10,10.01,5.76,5.92,2025-12,2025
002150.SZSE,正泰电源,2025-09-05,二接三阳,—,阳,0.77,小阳0~3,1.5,2.0,3.2,4.6,4,上,1.25,0.98,断16~60天,54.0,1.0,22.6,-2.4,06-18,下影+1→一字+10,9.22,0.11,0.11,2025-09,2025
002150.SZSE,正泰电源,2025-09-08,三接四阳,—,阳,0.77,小阳0~3,1.5,2.0,3.2,4.6,4,上,1.25,0.98,断16~60天,54.0,1.0,22.6,-2.4,06-18,下影+1→一字+10→下影+9,9.99,-18.06,-18.06,2025-09,2025
002151.SZSE,北斗星通,2026-01-06,二接三阳,—,阳,-1.01,小阴-3~0,2.8,11.8,20.6,25.4,4,上,12.66,7.39,断2~3天,2.0,1.0,7.7,-6.1,12-26,实体-2→下影+10,0.02,4.97,4.97,2026-01,2026
002151.SZSE,北斗星通,2026-01-07,三接四阳,—,阳,-1.01,小阴-3~0,2.8,11.8,20.6,25.4,4,上,12.66,7.39,断2~3天,2.0,1.0,7.7,-6.1,12-26,实体-2→下影+10→实体+0,6.97,-1.29,-1.29,2026-01,2026
002158.SZSE,汉钟精机,2025-08-19,二接三阴,—,阴,-1.54,小阴-3~0,-0.4,1.8,1.6,1.8,3,上,1.67,0.57,60日内无板,,,,,,实体+0→下影+5,5.67,10.02,-0.63,2025-08,2025
002158.SZSE,汉钟精机,2025-08-20,三接四阴,—,阴,-1.54,小阴-3~0,-0.4,1.8,1.6,1.8,3,上,1.67,0.57,60日内无板,,,,,,实体+0→下影+5→实体+6,2.6,-9.68,-9.68,2025-08,2025
002161.SZSE,远 望 谷,2024-11-21,二接三阴,—,阴,-4.05,大阴-5~-3,-6.0,-8.2,-4.4,-0.2,0,下,0.73,3.98,断8~15天,12.0,1.0,-0.2,-9.6,10-31,一字+10→下影+8,4.76,9.96,-1.01,2024-11,2024
002161.SZSE,远 望 谷,2024-11-22,三接四阴,—,阴,-4.05,大阴-5~-3,-6.0,-8.2,-4.4,-0.2,0,下,0.73,3.98,断8~15天,12.0,1.0,-0.2,-9.6,10-31,一字+10→下影+8→下影+5,7.65,-9.97,-9.97,2024-11,2024
002163.SZSE,海南发展,2024-12-04,二接三阳,—,阳,-0.86,小阴-3~0,0.8,4.8,4.5,10.5,4,上,2.52,4.39,断16~60天,16.0,1.0,3.1,-19.5,11-07,一字+10→下影+10,-0.89,-4.63,-4.63,2024-12,2024
002163.SZSE,海南发展,2025-12-24,三接四阴,—,阴,-5.64,巨阴≤-5,-12.2,-14.3,-9.6,-11.3,0,下,3.41,-0.42,断4~7天,6.0,1.0,-15.8,-24.1,12-10,下影-1→实体+9→一字+10,7.9,6.87,6.87,2025-12,2025
002164.SZSE,宁波东力,2024-02-27,二接三阳,—,阳,2.41,小阳0~3,5.2,7.0,-5.6,-16.4,2,上,-9.97,-10.1,断16~60天,33.0,1.0,-29.3,-50.6,12-28,下影+0→下影+6,3.11,-15.34,-15.34,2024-02,2024
002164.SZSE,宁波东力,2025-01-15,二接三阴,—,阴,-2.24,小阴-3~0,0.0,-2.1,-6.3,-10.6,1,下,-3.14,-5.28,60日内无板,,,,,,下影-1→下影+4,9.98,10.02,-0.94,2025-01,2025
002164.SZSE,宁波东力,2025-01-16,三接四阴,—,阴,-2.24,小阴-3~0,0.0,-2.1,-6.3,-10.6,1,下,-3.14,-5.28,60日内无板,,,,,,下影-1→下影+4→下影+10,-0.94,-9.96,-9.96,2025-01,2025
002164.SZSE,宁波东力,2025-03-20,三接四阴,—,阴,1.59,小阳0~3,4.3,7.6,13.0,17.9,4,上,5.09,5.29,断8~15天,8.0,1.0,20.9,-2.6,03-04,实体+3→下影+10→一字+10,10.0,1.6,1.6,2025-03,2025
002164.SZSE,宁波东力,2025-05-06,二接三阴,—,阴,-4.5,大阴-5~-3,-2.1,0.6,0.8,-8.4,2,上,4.7,-4.79,断2~3天,3.0,1.0,3.4,-6.3,04-23,实体+3→下影+1,7.68,-1.82,-1.82,2025-05,2025
002165.SZSE,红 宝 丽,2024-11-13,三接四阳,—,阳,2.53,小阳0~3,3.0,3.1,6.6,9.1,4,上,2.83,1.2,60日内无板,,,,,,下影+1→一字+10→一字+10,0.93,-12.79,-12.79,2024-11,2024
002165.SZSE,红 宝 丽,2025-04-17,二接三阳,B2,阳,5.99,巨阳≥5,9.1,16.3,29.4,40.6,4,上,9.82,12.08,断4~7天,4.0,1.0,25.5,-10.0,04-08,实体-4→下影-2,5.08,9.96,11.53,2025-04,2025
002165.SZSE,红 宝 丽,2025-04-18,三接四阳,—,阳,5.99,巨阳≥5,9.1,16.3,29.4,40.6,4,上,9.82,12.08,断4~7天,4.0,1.0,25.5,-10.0,04-08,实体-4→下影-2→实体+5,3.14,1.43,1.43,2025-04,2025
002167.SZSE,东方锆业,2026-06-24,三接四阴,—,阴,-4.12,大阴-5~-3,0.8,4.0,7.5,9.5,4,上,3.28,4.35,断8~15天,10.0,1.0,9.5,-15.1,06-03,一字+10→一字+10→一字+10,0.46,6.1,6.1,2026-06,2026
002167.SZSE,东方锆业,2026-07-02,二接三阴,—,阴,-6.96,巨阴≤-5,-4.8,9.1,24.9,34.2,3,上,25.05,13.95,断2~3天,3.0,4.0,2.8,-9.2,06-24,下影-3→实体+1,-3.17,-6.25,-6.25,2026-07,2026
002172.SZSE,澳洋健康,2026-08-17,三接四阳,—,阳,0.0,小阳0~3,2.6,4.4,7.3,10.0,4,上,4.21,3.18,60日内无板,,,,,,实体-1→一字+10→一字+10,3.52,-10.02,-10.02,2026-08,2026
002173.SZSE,创新医疗,2025-08-14,二接三阳,—,阳,6.36,巨阳≥5,9.0,17.4,23.0,23.4,4,上,8.31,4.26,断2~3天,2.0,1.0,17.9,-1.8,08-07,实体-3→下影+3,4.99,7.02,7.02,2025-08,2025
002173.SZSE,创新医疗,2025-08-15,三接四阳,—,阳,6.36,巨阳≥5,9.0,17.4,23.0,23.4,4,上,8.31,4.26,断2~3天,2.0,1.0,17.9,-1.8,08-07,实体-3→下影+3→下影+5,7.18,-2.59,-2.59,2025-08,2025
002177.SZSE,御银股份,2025-08-22,三接四阳,—,阳,-0.15,小阴-3~0,1.2,3.6,4.2,2.3,4,上,2.28,-0.08,断16~60天,53.0,5.0,-2.1,-18.5,06-04,实体+3→下影+0→一字+10,3.85,-4.3,-4.3,2025-08,2025
002177.SZSE,御银股份,2025-12-31,二接三阳,—,阳,0.14,小阳0~3,1.4,1.8,4.2,3.8,4,上,2.47,0.69,60日内无板,,,,,,下影-1→下影+10,-1.75,-8.4,-8.4,2025-12,2025
002178.SZSE,延华智能,2023-11-16,二接三阳,—,阳,4.14,大阳3~5,1.1,2.1,6.7,8.0,4,上,4.39,1.86,断8~15天,10.0,1.0,14.6,-2.4,10-30,实体+1→一字+10,2.25,2.98,10.52,2023-11,2023
002178.SZSE,延华智能,2024-01-08,二接三阳,—,阳,0.39,小阳0~3,1.2,1.9,-1.6,-4.6,2,上,-2.31,-2.63,断16~60天,32.0,1.0,-14.0,-26.4,11-17,下影-0→下影+10,4.35,-8.36,-8.36,2024-01,2024
002178.SZSE,延华智能,2024-06-21,二接三阳,—,阳,5.35,巨阳≥5,2.0,2.9,-5.6,-11.0,2,上,-6.55,-5.74,60日内无板,,,,,,实体+2→下影+5,9.61,-16.11,-16.11,2024-06,2024
002178.SZSE,延华智能,2024-10-09,三接四阳,—,阳,1.35,小阳0~3,1.9,4.2,5.8,7.8,4,上,3.36,2.5,60日内无板,,,,,,实体+1→一字+10→一字+10,4.01,-10.02,-10.02,2024-10,2024
002178.SZSE,延华智能,2024-10-31,二接三阳,—,阳,3.38,大阳3~5,5.1,8.1,15.3,26.5,4,上,2.93,9.77,断2~3天,3.0,1.0,13.3,-3.7,10-23,下影+0→下影+4,10.04,-9.95,-9.95,2024-10,2024
002178.SZSE,延华智能,2024-11-01,三接四阳,—,阳,3.38,大阳3~5,5.1,8.1,15.3,26.5,4,上,2.93,9.77,断2~3天,3.0,1.0,13.3,-3.7,10-23,下影+0→下影+4→下影+10,9.95,-9.91,21.81,2024-11,2024
002178.SZSE,延华智能,2024-11-07,三接四阴,A2,阴,-9.95,巨阴≤-5,2.7,14.2,23.6,38.2,4,上,15.16,14.15,断1天,1.0,3.0,-1.0,-9.9,10-31,实体-10→下影+10→一字+10,10.0,1.55,1.55,2024-11,2024
002181.SZSE,粤 传 媒,2024-12-12,二接三阴,—,阴,0.0,小阳0~3,7.0,8.0,14.6,18.5,4,上,4.59,4.1,断1天,1.0,1.0,10.0,-1.7,12-06,下影+1→下影-1,0.3,9.97,5.26,2024-12,2024
002181.SZSE,粤 传 媒,2024-12-13,三接四阴,—,阴,0.0,小阳0~3,7.0,8.0,14.6,18.5,4,上,4.59,4.1,断1天,1.0,1.0,10.0,-1.7,12-06,下影+1→下影-1→下影+0,2.08,-4.28,-4.28,2024-12,2024
002181.SZSE,粤 传 媒,2024-12-19,二接三阴,—,阴,-4.28,大阴-5~-3,7.7,25.4,40.0,50.5,4,上,20.79,14.84,断1天,1.0,4.0,5.3,-7.9,12-13,实体-0→实体+4,10.0,-9.98,-9.98,2024-12,2024
002181.SZSE,粤 传 媒,2025-06-11,二接三阴,—,阴,-2.88,小阴-3~0,1.8,5.1,6.9,8.5,4,上,3.04,1.9,60日内无板,,,,,,下影+1→下影+5,5.04,10.04,-0.99,2025-06,2025
002181.SZSE,粤 传 媒,2025-06-12,三接四阴,—,阴,-2.88,小阴-3~0,1.8,5.1,6.9,8.5,4,上,3.04,1.9,60日内无板,,,,,,下影+1→下影+5→实体+5,5.33,-10.02,-10.02,2025-06,2025
002181.SZSE,粤 传 媒,2025-09-11,二接三阳,—,阳,0.38,小阳0~3,4.1,6.5,8.9,9.3,4,上,2.82,1.59,60日内无板,,,,,,下影-1→下影-1,2.09,-12.52,-12.52,2025-09,2025
002181.SZSE,粤 传 媒,2025-11-04,二接三阴,—,阴,-1.64,小阴-3~0,1.1,4.6,11.3,12.3,4,上,7.98,4.99,断2~3天,2.0,1.0,5.3,-5.5,10-28,下影+2→一字+10,9.92,3.14,3.14,2025-11,2025
002183.SZSE,怡 亚 通,2024-10-29,二接三阳,—,阳,-1.13,小阴-3~0,4.7,11.5,15.9,25.6,4,上,3.67,8.56,断8~15天,13.0,1.0,22.6,-9.7,09-30,下影+3→一字+10,10.0,1.37,1.37,2024-10,2024
002184.SZSE,海得控制,2025-01-03,二接三阴,—,阴,0.0,小阳0~3,0.2,-1.9,-7.6,-8.1,1,下,-6.88,-1.66,断16~60天,27.0,1.0,-11.6,-21.9,11-21,实体+0→下影-1,10.04,9.97,31.75,2025-01,2025
002184.SZSE,海得控制,2025-01-06,三接四阴,—,阴,0.0,小阳0~3,0.2,-1.9,-7.6,-8.1,1,下,-6.88,-1.66,断16~60天,27.0,1.0,-11.6,-21.9,11-21,实体+0→下影-1→下影+10,0.57,10.03,19.81,2025-01,2025
002185.SZSE,华天科技,2024-02-08,二接三阴,—,阴,-5.49,巨阴≤-5,-8.0,-13.2,-18.1,-22.0,0,下,-6.91,-5.86,60日内无板,,,,,,实体-3→下影+1,1.55,10.01,8.6,2024-02,2024
002185.SZSE,华天科技,2026-05-27,二接三阳,—,阳,1.58,小阳0~3,0.9,3.7,10.5,14.6,4,上,6.67,5.06,60日内无板,,,,,,下影+4→下影+10,5.78,4.63,4.63,2026-05,2026
002187.SZSE,广百股份,2024-11-29,二接三阳,—,阳,2.38,小阳0~3,2.4,3.7,3.3,5.9,4,上,-0.59,1.58,60日内无板,,,,,,下影-1→下影+1,6.78,-12.47,-12.47,2024-11,2024
002187.SZSE,广百股份,2024-12-16,二接三阳,—,阳,5.11,巨阳≥5,3.4,-0.7,8.8,12.4,3,下,6.0,3.51,断4~7天,6.0,1.0,0.8,-15.0,12-03,下影+1→下影+5,2.76,-15.87,-15.87,2024-12,2024
002187.SZSE,广百股份,2025-01-17,二接三阳,B2,阳,1.46,小阳0~3,3.4,9.2,15.3,16.9,4,上,8.59,2.86,断2~3天,2.0,1.0,10.6,-10.6,01-10,下影-3→实体-4,4.57,-11.82,-11.82,2025-01,2025
002188.SZSE,中天服务,2025-12-19,二接三阴,—,阴,-0.53,小阴-3~0,-1.8,-5.6,-7.8,-10.0,0,下,-4.02,-3.67,60日内无板,,,,,,下影+0→下影-3,4.86,-9.91,-9.91,2025-12,2025
002188.SZSE,中天服务,2025-12-22,三接四阴,—,阴,-0.53,小阴-3~0,-1.8,-5.6,-7.8,-10.0,0,下,-4.02,-3.67,60日内无板,,,,,,下影+0→下影-3→实体+5,10.04,-20.44,-20.44,2025-12,2025
002189.SZSE,中光学,2025-06-27,二接三阴,—,阴,1.23,小阳0~3,3.9,6.7,8.1,8.9,4,上,1.97,0.84,断16~60天,35.0,1.0,26.7,-1.3,04-30,下影+2→一字+10,10.02,4.27,6.7,2025-06,2025
002190.SZSE,成飞集成,2025-05-12,三接四阳,A1,阳,0.72,小阳0~3,2.0,3.4,4.9,1.7,4,上,1.71,-0.97,60日内无板,,,,,,下影+5→下影+10→一字+10,9.02,10.0,73.4,2025-05,2025
002190.SZSE,成飞集成,2025-08-22,二接三阴,—,阴,0.11,小阳0~3,0.5,-1.0,2.0,2.3,3,下,2.39,0.62,断8~15天,9.0,1.0,3.6,-8.6,08-06,下影+0→下影+5,5.98,10.0,14.76,2025-08,2025
002190.SZSE,成飞集成,2025-08-25,三接四阴,A2,阴,0.11,小阳0~3,0.5,-1.0,2.0,2.3,3,下,2.39,0.62,断8~15天,9.0,1.0,3.6,-8.6,08-06,下影+0→下影+5→下影+6,4.8,4.32,4.32,2025-08,2025
002192.SZSE,融捷股份,2024-10-08,二接三阳,—,阳,3.85,大阳3~5,4.9,5.5,5.9,5.9,4,上,0.56,0.47,断16~60天,53.0,1.0,9.7,-10.7,07-11,下影+3→下影+5,10.01,-11.38,-11.38,2024-10,2024
002192.SZSE,融捷股份,2026-03-26,二接三阳,—,阳,0.36,小阳0~3,-1.7,-4.4,-4.8,-2.6,0,下,-0.66,0.82,60日内无板,,,,,,下影+8→下影+8,4.03,10.0,15.61,2026-03,2026
002192.SZSE,融捷股份,2026-03-27,三接四阳,A1,阳,0.36,小阳0~3,-1.7,-4.4,-4.8,-2.6,0,下,-0.66,0.82,60日内无板,,,,,,下影+8→下影+8→下影+4,3.41,5.1,5.1,2026-03,2026
002194.SZSE,武汉凡谷,2024-11-21,二接三阳,—,阳,5.71,巨阳≥5,8.5,12.0,17.4,23.2,4,上,6.61,6.1,断2~3天,2.0,1.0,16.5,-9.9,11-14,下影-4→实体+3,8.87,-15.28,-15.28,2024-11,2024
002195.SZSE,岩山科技,2024-12-04,二接三阳,—,阳,3.37,大阳3~5,1.9,9.0,10.6,15.1,4,上,4.33,4.9,断2~3天,3.0,1.0,8.3,-7.8,11-26,下影+2→下影+6,10.09,9.98,10.79,2024-12,2024
002195.SZSE,岩山科技,2024-12-05,三接四阳,—,阳,3.37,大阳3~5,1.9,9.0,10.6,15.1,4,上,4.33,4.9,断2~3天,3.0,1.0,8.3,-7.8,11-26,下影+2→下影+6→下影+10,-2.44,0.74,0.74,2024-12,2024
002195.SZSE,岩山科技,2025-03-07,二接三阳,—,阳,-0.38,小阴-3~0,2.6,3.5,5.3,11.3,4,上,0.84,5.45,断16~60天,19.0,1.0,27.9,-0.9,02-05,下影+1→下影+5,10.0,-8.51,-8.51,2025-03,2025
002195.SZSE,岩山科技,2026-01-08,三接四阳,A1,阳,2.01,小阳0~3,2.0,3.5,3.8,3.1,4,上,1.98,-0.18,60日内无板,,,,,,一字+10→一字+10→一字+10,2.44,-0.29,-0.29,2026-01,2026
002196.SZSE,方正电机,2024-08-01,二接三阳,—,阳,0.5,小阳0~3,2.1,2.0,0.5,-0.5,3,上,-1.22,-1.14,60日内无板,,,,,,下影-1→下影+4,9.98,-2.96,-2.96,2024-08,2024
002196.SZSE,方正电机,2025-03-11,二接三阴,—,阴,-0.27,小阴-3~0,5.7,5.7,11.5,15.3,4,上,5.43,3.88,断1天,1.0,1.0,9.7,-1.6,03-05,实体+3→一字+10,1.7,2.58,2.58,2025-03,2025
002196.SZSE,方正电机,2025-03-12,三接四阴,—,阴,-0.27,小阴-3~0,5.7,5.7,11.5,15.3,4,上,5.43,3.88,断1天,1.0,1.0,9.7,-1.6,03-05,实体+3→一字+10→实体+2,10.01,-0.38,-0.38,2025-03,2025
002197.SZSE,证通电子,2026-07-23,二接三阳,—,阳,4.73,大阳3~5,2.1,2.5,-0.3,-2.9,2,上,-2.02,-2.65,60日内无板,,,,,,下影-1→实体+8,0.43,-10.04,-10.04,2026-07,2026
002199.SZSE,东晶电子,2023-06-27,二接三阳,—,阳,-0.39,小阴-3~0,2.0,2.6,2.7,4.9,4,上,0.08,0.8,60日内无板,,,,,,下影-0→下影+10,0.22,-9.97,-9.97,2023-06,2023
002199.SZSE,东晶电子,2024-06-14,二接三阳,—,阳,4.18,大阳3~5,0.4,-6.5,-11.7,-14.0,1,下,-8.19,-4.58,60日内无板,,,,,,实体+0→下影-1,3.32,10.0,31.75,2024-06,2024
002199.SZSE,东晶电子,2024-06-17,三接四阳,—,阳,4.18,大阳3~5,0.4,-6.5,-11.7,-14.0,1,下,-8.19,-4.58,60日内无板,,,,,,实体+0→下影-1→下影+3,8.25,9.96,19.77,2024-06,2024
002199.SZSE,东晶电子,2024-10-18,二接三阳,—,阳,-0.14,小阴-3~0,0.3,4.5,12.2,10.4,4,上,11.11,1.44,断2~3天,3.0,1.0,5.8,-9.7,10-10,下影-0→下影+2,3.81,9.96,11.43,2024-10,2024
002199.SZSE,东晶电子,2024-10-21,三接四阳,—,阳,-0.14,小阴-3~0,0.3,4.5,12.2,10.4,4,上,11.11,1.44,断2~3天,3.0,1.0,5.8,-9.7,10-10,下影-0→下影+2→下影+4,-5.97,1.33,1.33,2024-10,2024
002199.SZSE,东晶电子,2026-07-30,二接三阴,—,阴,-6.27,巨阴≤-5,4.2,0.8,-3.6,-7.0,2,上,-5.76,-3.35,断1天,1.0,2.0,3.1,-10.0,07-24,实体-3→下影-3,-0.97,-7.2,-7.2,2026-07,2026
002201.SZSE,九鼎新材,2026-04-23,二接三阳,—,阳,3.6,大阳3~5,3.9,7.0,10.1,9.2,4,上,3.03,1.81,断16~60天,53.0,1.0,-14.4,-37.0,01-26,下影-1→实体+0,4.31,-15.73,-15.73,2026-04,2026
002202.SZSE,金风科技,2026-01-08,二接三阴,—,阴,6.96,巨阳≥5,5.1,14.5,23.2,29.6,4,上,11.63,8.36,断2~3天,3.0,1.0,10.8,-10.2,12-29,下影-3→下影+2,-1.52,9.99,16.91,2026-01,2026
002202.SZSE,金风科技,2026-01-09,三接四阴,—,阴,6.96,巨阳≥5,5.1,14.5,23.2,29.6,4,上,11.63,8.36,断2~3天,3.0,1.0,10.8,-10.2,12-29,下影-3→下影+2→下影-2,9.99,9.99,6.29,2026-01,2026
002204.SZSE,大连重工,2025-03-24,三接四阳,—,阳,0.0,小阳0~3,0.9,1.2,3.2,3.9,4,上,1.9,1.28,60日内无板,,,,,,下影-0→一字+10→一字+10,10.0,1.17,1.17,2025-03,2025
002208.SZSE,合肥城建,2025-10-14,二接三阳,—,阳,7.31,巨阳≥5,8.3,16.0,19.3,20.1,4,上,5.92,3.77,断2~3天,3.0,1.0,18.5,-4.8,09-26,下影-4→下影+3,9.97,-3.59,-3.59,2025-10,2025
002208.SZSE,合肥城建,2025-10-15,三接四阳,—,阳,7.31,巨阳≥5,8.3,16.0,19.3,20.1,4,上,5.92,3.77,断2~3天,3.0,1.0,18.5,-4.8,09-26,下影-4→下影+3→下影+10,5.12,-3.59,6.2,2025-10,2025
002208.SZSE,合肥城建,2026-05-14,二接三阳,—,阳,5.24,巨阳≥5,4.3,10.3,15.0,17.7,4,上,6.5,5.47,断16~60天,52.0,1.0,5.0,-28.7,02-12,下影+3→实体+0,5.61,4.85,4.85,2026-05,2026
002209.SZSE,达 意 隆,2024-03-04,三接四阳,—,阳,4.71,大阳3~5,9.1,19.8,7.9,-2.9,3,上,-1.4,-6.73,60日内无板,,,,,,下影+0→一字+10→一字+10,10.04,-24.64,-24.64,2024-03,2024
002209.SZSE,达 意 隆,2025-07-15,二接三阳,—,阳,-0.16,小阴-3~0,0.2,0.6,3.9,4.7,4,上,3.15,1.41,60日内无板,,,,,,一字+10→下影+2,1.96,10.03,1.42,2025-07,2025
002209.SZSE,达 意 隆,2025-07-16,三接四阳,—,阳,-0.16,小阴-3~0,0.2,0.6,3.9,4.7,4,上,3.15,1.41,60日内无板,,,,,,一字+10→下影+2→实体+2,2.02,-7.82,-7.82,2025-07,2025
002210.SZSE,飞马国际,2026-04-29,二接三阴,—,阴,-1.19,小阴-3~0,-2.4,-2.7,-4.1,-7.0,0,下,-0.39,-1.8,60日内无板,,,,,,实体+6→下影+7,9.3,-9.97,-9.97,2026-04,2026
002212.SZSE,天融信,2025-08-25,二接三阳,—,阳,3.07,大阳3~5,3.4,3.8,3.3,2.4,4,上,-0.53,-0.34,断16~60天,30.0,1.0,9.0,-8.3,07-09,一字+10→下影+10,7.39,0.72,16.29,2025-08,2025
002212.SZSE,天融信,2025-08-28,二接三阴,—,阴,0.79,小阳0~3,10.9,19.0,22.1,22.9,4,上,6.49,3.39,断1天,1.0,2.0,10.8,-0.3,08-22,下影+0→下影+0,2.34,-12.63,-12.63,2025-08,2025
002213.SZSE,大为股份,2024-12-06,二接三阳,—,阳,1.62,小阳0~3,2.9,2.8,0.2,-0.2,3,上,-1.68,-0.69,断16~60天,40.0,1.0,5.0,-16.0,10-08,一字+10→下影+4,3.88,-17.44,-17.44,2024-12,2024
002213.SZSE,大为股份,2025-02-07,二接三阴,—,阴,-5.99,巨阴≤-5,-6.7,-5.2,-4.3,-0.3,0,下,0.21,3.64,断4~7天,5.0,1.0,-2.2,-11.1,01-20,下影+2→下影-1,9.99,-1.82,-1.82,2025-02,2025
002213.SZSE,大为股份,2025-10-28,二接三阳,—,阳,0.33,小阳0~3,1.5,1.8,6.6,11.3,4,上,3.62,4.26,断2~3天,2.0,1.0,6.5,-6.7,10-21,下影+2→一字+10,5.32,-5.12,-5.12,2025-10,2025
002213.SZSE,大为股份,2025-11-20,二接三阴,—,阴,-2.45,小阴-3~0,-3.8,-2.1,3.6,12.3,2,下,2.14,8.44,断4~7天,5.0,1.0,3.9,-8.5,11-10,实体+1→下影-4,4.71,-9.99,-9.99,2025-11,2025
002218.SZSE,拓日新能,2024-05-24,二接三阴,—,阴,-2.66,小阴-3~0,-1.5,-2.9,-3.5,-5.6,0,下,-2.19,-0.89,60日内无板,,,,,,下影+0→下影+7,-3.27,-14.16,-14.16,2024-05,2024
002218.SZSE,拓日新能,2026-01-16,二接三阴,—,阴,-4.34,大阴-5~-3,-1.1,2.6,5.9,7.9,3,上,4.98,2.42,断16~60天,25.0,1.0,20.6,-5.5,12-05,实体+0→下影+10,10.0,-20.45,-20.45,2026-01,2026
002218.SZSE,拓日新能,2026-01-27,二接三阳,—,阳,5.76,巨阳≥5,0.4,0.2,6.1,9.7,4,上,5.21,4.15,断4~7天,5.0,2.0,-2.5,-18.8,01-15,实体+2→一字+10,2.5,4.39,4.39,2026-01,2026
002218.SZSE,拓日新能,2026-01-28,三接四阳,—,阳,5.76,巨阳≥5,0.4,0.2,6.1,9.7,4,上,5.21,4.15,断4~7天,5.0,2.0,-2.5,-18.8,01-15,实体+2→一字+10→实体+2,2.87,-9.77,-9.77,2026-01,2026
002219.SZSE,新里程,2024-10-09,二接三阳,—,阳,5.03,巨阳≥5,7.7,10.6,14.0,15.6,4,上,3.56,2.86,断8~15天,12.0,1.0,21.7,-7.9,09-09,实体+5→一字+10,7.11,1.44,1.44,2024-10,2024
002222.SZSE,福晶科技,2023-11-08,二接三阳,—,阳,2.98,小阳0~3,0.8,2.7,-1.9,-3.6,2,上,-1.81,-2.04,断16~60天,36.0,1.0,-8.3,-22.8,09-06,下影+2→下影+3,1.13,-9.1,-9.1,2023-11,2023
002226.SZSE,江南化工,2025-07-23,二接三阳,—,阳,2.14,小阳0~3,1.2,1.3,1.3,3.5,4,上,-1.07,1.73,60日内无板,,,,,,下影+10→下影+10,9.25,-15.64,-15.64,2025-07,2025
002228.SZSE,合兴包装,2025-12-24,二接三阳,—,阳,9.29,巨阳≥5,8.5,2.1,2.5,6.0,4,上,-2.88,0.45,断8~15天,10.0,1.0,4.2,-18.4,12-05,下影+7→下影+5,5.18,10.08,6.39,2025-12,2025
002229.SZSE,鸿博股份,2023-04-26,二接三阴,—,阴,-10.01,巨阴≤-5,-7.4,-7.3,,,0,下,-5.64,,60日内无板,,,,,,下影-4→下影+10,5.57,0.12,0.12,2023-04,2023
002229.SZSE,鸿博股份,2023-05-29,二接三阳,—,阳,7.31,巨阳≥5,0.7,4.2,9.6,21.6,4,上,0.96,10.6,断8~15天,12.0,1.0,3.1,-21.1,05-08,下影+7→下影+6,9.95,9.99,19.42,2023-05,2023
002229.SZSE,鸿博股份,2023-05-30,三接四阳,—,阳,7.31,巨阳≥5,0.7,4.2,9.6,21.6,4,上,0.96,10.6,断8~15天,12.0,1.0,3.1,-21.1,05-08,下影+7→下影+6→下影+10,4.8,10.01,8.57,2023-05,2023
002229.SZSE,鸿博股份,2024-10-28,二接三阴,—,阴,1.77,小阳0~3,8.6,12.1,17.8,25.3,4,上,1.37,7.46,断1天,1.0,1.0,11.9,1.5,10-22,实体-1→下影+8,0.13,-10.95,-10.95,2024-10,2024
002229.SZSE,鸿博股份,2025-04-29,二接三阳,—,阳,1.21,小阳0~3,1.0,0.5,-2.3,-8.2,2,上,0.05,-4.91,断8~15天,10.0,1.0,7.4,-6.5,04-10,实体+7→一字+10,8.23,9.97,19.11,2025-04,2025
002229.SZSE,鸿博股份,2025-04-30,三接四阳,—,阳,1.21,小阳0~3,1.0,0.5,-2.3,-8.2,2,上,0.05,-4.91,断8~15天,10.0,1.0,7.4,-6.5,04-10,实体+7→一字+10→下影+8,8.8,8.31,8.31,2025-04,2025
002229.SZSE,鸿博股份,2026-08-13,二接三阴,—,阴,0.85,小阳0~3,-1.4,1.9,6.7,6.7,3,上,5.76,2.97,断8~15天,12.0,1.0,13.6,-10.7,07-23,下影+0→实体+9,7.28,-11.55,-11.55,2026-08,2026
002232.SZSE,启明信息,2023-10-31,三接四阳,—,阳,2.75,小阳0~3,0.8,-1.8,0.1,0.5,3,下,-0.92,0.68,60日内无板,,,,,,实体-1→一字+10→一字+10,7.12,-17.59,-17.59,2023-10,2023
002232.SZSE,启明信息,2024-07-25,二接三阴,—,阴,-0.15,小阴-3~0,1.4,3.9,6.6,8.7,4,上,5.61,2.24,断8~15天,8.0,1.0,15.4,-2.0,07-10,一字+10→下影+10,2.35,6.62,37.33,2024-07,2024
002232.SZSE,启明信息,2024-07-30,二接三阳,—,阳,6.62,巨阳≥5,15.1,23.5,31.9,35.1,4,上,11.72,5.62,断1天,1.0,2.0,17.3,-4.3,07-24,实体+3→一字+10,9.99,6.45,6.45,2024-07,2024
002232.SZSE,启明信息,2024-07-31,三接四阳,—,阳,6.62,巨阳≥5,15.1,23.5,31.9,35.1,4,上,11.72,5.62,断1天,1.0,2.0,17.3,-4.3,07-24,实体+3→一字+10→下影+10,4.92,-7.91,-7.91,2024-07,2024
002232.SZSE,启明信息,2024-09-24,二接三阳,—,阳,2.7,小阳0~3,-0.6,-4.3,-7.0,-13.5,0,下,-3.58,-6.58,断16~60天,35.0,3.0,-30.9,-39.5,07-30,实体+0→下影+1,0.45,-5.28,-5.28,2024-09,2024
002232.SZSE,启明信息,2024-11-14,二接三阳,—,阳,-0.05,小阴-3~0,2.7,5.8,8.4,9.2,4,上,3.32,1.45,断4~7天,7.0,1.0,12.0,-13.9,10-31,实体+0→下影-0,0.0,-15.4,-15.4,2024-11,2024
002232.SZSE,启明信息,2025-08-28,二接三阳,—,阳,1.73,小阳0~3,2.6,4.3,5.1,5.4,4,上,1.09,0.76,60日内无板,,,,,,实体+4→下影+6,6.22,-7.97,-7.97,2025-08,2025
002235.SZSE,安妮股份,2025-12-11,三接四阴,—,阴,-1.38,小阴-3~0,2.0,7.3,13.9,17.7,4,上,8.64,5.72,断1天,1.0,1.0,8.5,-3.8,11-27,一字+10→一字+10→一字+10,10.03,-5.51,-5.51,2025-12,2025
002239.SZSE,奥特佳,2023-11-20,二接三阳,—,阳,1.09,小阳0~3,1.8,1.3,3.0,3.6,4,上,0.04,0.35,60日内无板,,,,,,一字+10→下影+10,9.5,9.97,0.81,2023-11,2023
002239.SZSE,奥特佳,2023-11-21,三接四阳,—,阳,1.09,小阳0~3,1.8,1.3,3.0,3.6,4,上,0.04,0.35,60日内无板,,,,,,一字+10→下影+10→下影+9,9.7,-8.33,-8.33,2023-11,2023
002243.SZSE,力合科创,2024-10-30,三接四阳,—,阳,-0.28,小阴-3~0,-0.3,1.7,4.4,10.2,3,上,-0.36,5.25,断8~15天,13.0,1.0,7.6,-8.3,09-30,一字+10→一字+10→一字+10,6.5,2.52,2.52,2024-10,2024
002246.SZSE,北化股份,2025-07-21,二接三阳,—,阳,1.24,小阳0~3,1.0,1.5,3.6,5.1,4,上,0.98,0.52,断8~15天,12.0,1.0,10.6,-4.0,06-30,下影+0→实体+3,7.2,10.02,1.33,2025-07,2025
002247.SZSE,聚力文化,2024-11-07,三接四阴,—,阴,-8.48,巨阴≤-5,2.9,16.7,25.9,37.0,4,上,17.65,12.35,断1天,1.0,2.0,0.7,-9.5,10-31,实体-2→下影+7→一字+10,10.14,-15.53,-15.53,2024-11,2024
002248.SZSE,华东数控,2024-10-25,二接三阳,—,阳,2.98,小阳0~3,3.5,2.5,8.4,12.7,4,上,2.4,4.43,断16~60天,46.0,1.0,15.8,-18.6,08-08,实体+1→下影+1,5.01,10.03,12.62,2024-10,2024
002248.SZSE,华东数控,2024-10-28,三接四阳,—,阳,2.98,小阳0~3,3.5,2.5,8.4,12.7,4,上,2.4,4.43,断16~60天,46.0,1.0,15.8,-18.6,08-08,实体+1→下影+1→下影+5,0.1,2.35,2.35,2024-10,2024
002248.SZSE,华东数控,2026-08-12,二接三阳,—,阳,0.22,小阳0~3,1.8,5.5,9.1,6.5,4,上,6.77,0.35,60日内无板,,,,,,实体+0→下影+9,5.88,-3.53,-3.53,2026-08,2026
002250.SZSE,联化科技,2025-05-30,二接三阳,—,阳,5.5,巨阳≥5,5.2,6.0,6.3,7.2,4,上,0.6,0.35,60日内无板,,,,,,下影+10→下影+1,2.27,10.0,18.26,2025-05,2025
002250.SZSE,联化科技,2025-06-03,三接四阳,—,阳,5.5,巨阳≥5,5.2,6.0,6.3,7.2,4,上,0.6,0.35,60日内无板,,,,,,下影+10→下影+1→下影+2,5.65,7.51,7.51,2025-06,2025
002251.SZSE,步步高,2025-04-23,二接三阳,—,阳,5.06,巨阳≥5,5.0,9.9,10.2,9.2,4,上,4.47,-0.02,60日内无板,,,,,,下影+10→一字+10,9.95,10.03,11.02,2025-04,2025
002251.SZSE,步步高,2025-04-24,三接四阳,—,阳,5.06,巨阳≥5,5.0,9.9,10.2,9.2,4,上,4.47,-0.02,60日内无板,,,,,,下影+10→一字+10→下影+10,3.78,10.01,0.9,2025-04,2025
002253.SZSE,川大智胜,2024-04-26,二接三阳,—,阳,0.21,小阳0~3,-1.7,-7.2,-18.0,-21.5,0,下,-13.13,-8.31,断16~60天,22.0,1.0,-27.6,-43.1,03-20,实体-1→下影+3,8.17,9.98,-1.04,2024-04,2024
002253.SZSE,川大智胜,2024-04-29,三接四阳,—,阳,0.21,小阳0~3,-1.7,-7.2,-18.0,-21.5,0,下,-13.13,-8.31,断16~60天,22.0,1.0,-27.6,-43.1,03-20,实体-1→下影+3→下影+8,3.75,-10.01,-10.01,2024-04,2024
002253.SZSE,川大智胜,2024-10-30,二接三阳,—,阳,7.84,巨阳≥5,6.1,14.6,29.8,40.7,4,上,15.21,12.95,断4~7天,6.0,2.0,24.7,-8.0,10-17,实体+3→一字+10,10.01,10.01,-1.0,2024-10,2024
002253.SZSE,川大智胜,2024-10-31,三接四阳,—,阳,7.84,巨阳≥5,6.1,14.6,29.8,40.7,4,上,15.21,12.95,断4~7天,6.0,2.0,24.7,-8.0,10-17,实体+3→一字+10→下影+10,4.64,-10.01,-10.01,2024-10,2024
002254.SZSE,泰和新材,2026-06-09,二接三阳,—,阳,3.22,大阳3~5,3.4,-1.8,0.2,8.1,3,下,-3.05,4.46,断8~15天,15.0,1.0,4.3,-12.9,05-14,下影-2→实体-3,4.8,-8.46,-8.46,2026-06,2026
002256.SZSE,兆新股份,2025-09-01,二接三阳,—,阳,7.26,巨阳≥5,7.1,9.7,12.4,13.2,4,上,3.41,1.79,60日内无板,,,,,,一字+10→一字+10,0.93,9.89,-0.56,2025-09,2025
002256.SZSE,兆新股份,2025-09-02,三接四阳,—,阳,7.26,巨阳≥5,7.1,9.7,12.4,13.2,4,上,3.41,1.79,60日内无板,,,,,,一字+10→一字+10→下影+1,9.89,-9.51,-9.51,2025-09,2025
002261.SZSE,拓维信息,2024-10-09,二接三阳,—,阳,3.23,大阳3~5,3.6,10.4,17.8,25.4,4,上,10.56,7.59,断4~7天,5.0,1.0,19.2,-4.9,09-20,下影+7→一字+10,10.01,-5.0,-5.0,2024-10,2024
002261.SZSE,拓维信息,2025-02-07,二接三阴,—,阴,-3.87,大阴-5~-3,-1.6,-3.1,-3.4,-6.1,0,下,-0.07,-2.26,断16~60天,58.0,1.0,-27.1,-36.1,11-05,下影+7→下影+9,4.6,10.01,34.36,2025-02,2025
002263.SZSE,大东南,2025-06-26,二接三阳,—,阳,2.4,小阳0~3,0.4,-1.2,-3.1,-3.5,1,下,-2.56,-1.87,60日内无板,,,,,,下影-0→下影+6,9.35,9.97,23.46,2025-06,2025
002263.SZSE,大东南,2025-06-27,三接四阳,A1,阳,2.4,小阳0~3,0.4,-1.2,-3.1,-3.5,1,下,-2.56,-1.87,60日内无板,,,,,,下影-0→下影+6→下影+9,9.97,10.13,12.27,2025-06,2025
002265.SZSE,建设工业,2024-12-04,二接三阳,—,阳,4.02,大阳3~5,2.5,-0.3,-2.8,-0.6,1,下,-4.35,-0.19,断16~60天,49.0,1.0,36.2,-6.3,09-12,实体+0→一字+10,10.01,10.03,27.24,2024-12,2024
002265.SZSE,建设工业,2024-12-05,三接四阳,A1,阳,4.02,大阳3~5,2.5,-0.3,-2.8,-0.6,1,下,-4.35,-0.19,断16~60天,49.0,1.0,36.2,-6.3,09-12,实体+0→一字+10→下影+10,5.54,10.01,15.65,2024-12,2024
002265.SZSE,建设工业,2024-12-12,二接三阳,—,阳,5.12,巨阳≥5,15.8,37.7,49.3,54.4,4,上,21.76,9.57,断1天,1.0,5.0,15.6,-8.8,12-06,实体+0→下影+5,9.98,10.01,-0.97,2024-12,2024
002265.SZSE,建设工业,2024-12-13,三接四阳,—,阳,5.12,巨阳≥5,15.8,37.7,49.3,54.4,4,上,21.76,9.57,断1天,1.0,5.0,15.6,-8.8,12-06,实体+0→下影+5→下影+10,6.74,-9.99,-9.99,2024-12,2024
002265.SZSE,建设工业,2025-07-21,二接三阳,—,阳,-0.93,小阴-3~0,0.2,0.8,4.2,11.1,4,上,-1.75,6.11,断8~15天,14.0,2.0,6.5,-7.8,06-26,实体-0→下影+10,0.15,6.84,6.84,2025-07,2025
002266.SZSE,浙富控股,2025-07-23,二接三阳,—,阳,3.4,大阳3~5,2.3,3.4,5.8,6.4,4,上,2.56,1.61,60日内无板,,,,,,实体+7→下影+8,10.1,-4.03,-4.03,2025-07,2025
002266.SZSE,浙富控股,2025-07-24,三接四阳,—,阳,3.4,大阳3~5,2.3,3.4,5.8,6.4,4,上,2.56,1.61,60日内无板,,,,,,实体+7→下影+8→下影+10,10.07,-18.7,-18.7,2025-07,2025
002268.SZSE,电科网安,2024-02-08,二接三阴,—,阴,-8.62,巨阴≤-5,-10.1,-15.1,-19.3,-24.3,0,下,-5.79,-6.5,60日内无板,,,,,,下影-0→下影+1,3.98,-2.48,-2.48,2024-02,2024
002269.SZSE,美邦服饰,2024-12-03,二接三阳,—,阳,4.55,大阳3~5,4.2,4.5,-0.5,2.9,3,上,-3.77,0.43,断16~60天,17.0,1.0,-1.5,-18.5,11-05,下影-1→下影+4,4.95,-9.84,-9.84,2024-12,2024
002269.SZSE,美邦服饰,2025-09-05,二接三阳,—,阳,0.92,小阳0~3,6.3,7.3,10.6,11.6,4,上,3.24,1.98,断16~60天,39.0,1.0,15.3,-11.0,07-09,下影+0→下影+10,-1.89,-8.22,-8.22,2025-09,2025
002271.SZSE,东方雨虹,2024-10-08,二接三阳,—,阳,4.01,大阳3~5,5.5,8.8,9.3,8.2,4,上,2.43,1.39,60日内无板,,,,,,实体+5→下影+9,10.01,-10.09,-10.09,2024-10,2024
002272.SZSE,川润股份,2025-08-19,二接三阴,—,阴,-4.24,大阴-5~-3,-1.0,1.9,9.5,14.6,3,上,8.59,6.25,断8~15天,10.0,1.0,22.9,-0.5,07-31,实体-2→一字+10,10.01,6.38,6.38,2025-08,2025
002272.SZSE,川润股份,2025-08-20,三接四阴,—,阴,-4.24,大阴-5~-3,-1.0,1.9,9.5,14.6,3,上,8.59,6.25,断8~15天,10.0,1.0,22.9,-0.5,07-31,实体-2→一字+10→下影+10,5.38,-12.97,-12.97,2025-08,2025
002272.SZSE,川润股份,2026-05-20,二接三阴,—,阴,-2.29,小阴-3~0,-3.7,-1.6,-2.1,-0.9,0,下,1.94,0.29,断4~7天,7.0,1.0,8.3,-2.4,05-06,下影+6→下影+1,10.01,-9.98,-9.98,2026-05,2026
002276.SZSE,万马股份,2025-02-28,二接三阳,—,阳,-0.74,小阴-3~0,3.2,11.8,18.4,23.1,4,上,9.49,7.05,断4~7天,4.0,1.0,19.6,2.2,02-19,下影+0→实体+3,5.97,-4.73,-4.73,2025-02,2025
002277.SZSE,友阿股份,2023-11-02,二接三阳,—,阳,0.6,小阳0~3,4.0,4.4,3.9,3.5,4,上,-0.0,-0.4,60日内无板,,,,,,一字+10→一字+10,10.1,-17.0,-17.0,2023-11,2023
002278.SZSE,神开股份,2024-07-30,二接三阳,—,阳,1.8,小阳0~3,-0.1,-1.1,-3.4,-3.2,0,下,-2.06,-0.66,断16~60天,39.0,2.0,-18.1,-27.9,05-30,实体+0→实体+2,2.71,-12.14,-12.14,2024-07,2024
002278.SZSE,神开股份,2025-03-17,二接三阳,—,阳,1.05,小阳0~3,0.8,1.5,2.3,3.3,4,上,0.49,0.68,断16~60天,31.0,1.0,6.7,-11.7,01-20,下影+0→下影+10,9.99,9.99,37.48,2025-03,2025
002278.SZSE,神开股份,2025-03-18,三接四阳,—,阳,1.05,小阳0~3,0.8,1.5,2.3,3.3,4,上,0.49,0.68,断16~60天,31.0,1.0,6.7,-11.7,01-20,下影+0→下影+10→下影+10,8.04,10.02,25.0,2025-03,2025
002278.SZSE,神开股份,2025-10-23,三接四阴,—,阴,-4.04,大阴-5~-3,-2.4,-2.1,-4.8,-6.1,0,下,-1.42,-1.26,断16~60天,35.0,1.0,-10.9,-21.3,08-21,下影+1→一字+10→一字+10,4.79,6.49,6.49,2025-10,2025
002279.SZSE,久其软件,2023-08-23,二接三阴,—,阴,-5.19,巨阴≤-5,-5.9,-2.7,1.7,3.0,2,下,6.01,2.88,60日内无板,,,,,,实体+1→下影+10,9.17,-16.11,-16.11,2023-08,2023
002281.SZSE,光迅科技,2024-03-04,二接三阴,—,阴,-7.11,巨阴≤-5,-2.6,2.9,9.5,10.4,3,上,13.54,3.84,断4~7天,7.0,1.0,14.7,-2.3,02-19,实体+1→下影+1,4.33,-2.34,-2.34,2024-03,2024
002285.SZSE,世联行,2024-09-30,二接三阳,—,阳,0.0,小阳0~3,0.8,2.9,7.2,7.6,4,上,3.61,2.63,断8~15天,12.0,1.0,13.3,-9.7,09-05,下影-1→下影+5,9.88,5.62,5.62,2024-09,2024
002285.SZSE,世联行,2024-10-08,三接四阳,—,阳,0.0,小阳0~3,0.8,2.9,7.2,7.6,4,上,3.61,2.63,断8~15天,12.0,1.0,13.3,-9.7,09-05,下影-1→下影+5→下影+10,10.11,-13.61,-13.61,2024-10,2024
002285.SZSE,世联行,2024-11-07,二接三阳,—,阳,7.5,巨阳≥5,11.8,15.5,16.1,23.5,4,上,1.01,4.28,断8~15天,13.0,1.0,15.3,-16.0,10-16,实体-4→下影+10,0.55,-9.0,-9.0,2024-11,2024
002287.SZSE,奇正藏药,2025-08-01,二接三阳,—,阳,5.51,巨阳≥5,4.1,6.6,10.9,12.8,4,上,5.61,2.8,断4~7天,6.0,1.0,13.5,-3.1,07-21,下影-0→下影+7,6.72,3.14,3.14,2025-08,2025
002287.SZSE,奇正藏药,2025-08-04,三接四阳,—,阳,5.51,巨阳≥5,4.1,6.6,10.9,12.8,4,上,5.61,2.8,断4~7天,6.0,1.0,13.5,-3.1,07-21,下影-0→下影+7→下影+7,10.0,-15.59,-15.59,2025-08,2025
002290.SZSE,禾盛新材,2024-02-20,二接三阴,—,阴,-5.69,巨阴≤-5,-14.5,-26.3,-36.7,-40.4,0,下,-16.54,-10.58,60日内无板,,,,,,下影-2→下影+3,5.44,2.37,2.37,2024-02,2024
002290.SZSE,禾盛新材,2024-11-12,二接三阳,—,阳,0.86,小阳0~3,2.3,1.5,8.9,15.1,4,上,5.39,4.55,断8~15天,10.0,1.0,16.3,-2.7,10-24,实体+0→下影+5,0.0,-3.6,-3.6,2024-11,2024
002290.SZSE,禾盛新材,2025-02-20,二接三阳,—,阳,1.23,小阳0~3,2.4,5.9,9.8,10.0,4,上,5.07,3.02,60日内无板,,,,,,下影-0→下影+3,9.79,0.21,0.21,2025-02,2025
002291.SZSE,遥望科技,2024-12-17,二接三阴,—,阴,-0.78,小阴-3~0,2.5,5.4,10.7,14.5,4,上,4.63,3.26,断16~60天,21.0,1.0,21.2,-17.0,11-13,下影-1→下影+10,6.96,6.03,-4.55,2024-12,2024
002291.SZSE,遥望科技,2025-01-17,三接四阴,—,阴,-3.04,大阴-5~-3,-4.4,-5.5,-20.7,-21.0,0,下,-9.11,-5.31,断16~60天,17.0,1.0,-41.0,-48.4,12-18,一字+10→一字+10→一字+10,10.05,-15.07,-15.07,2025-01,2025
002292.SZSE,奥飞娱乐,2023-04-11,二接三阴,—,阴,-4.73,大阴-5~-3,-1.2,,,,0,缺失,,,断8~15天,10.0,1.0,17.8,-4.7,09-01,实体+2→下影+10,-2.31,10.04,8.87,2023-04,2023
002292.SZSE,奥飞娱乐,2023-04-12,三接四阴,—,阴,-4.73,大阴-5~-3,-1.2,,,,0,缺失,,,断8~15天,10.0,1.0,17.8,-4.7,09-01,实体+2→下影+10→实体-2,7.7,9.97,-1.06,2023-04,2023
002295.SZSE,精艺股份,2025-09-26,二接三阳,—,阳,2.86,小阳0~3,2.7,1.5,4.7,3.6,4,上,2.46,-0.17,断16~60天,52.0,1.0,7.7,-16.2,07-11,下影+0→一字+10,2.74,-9.7,-9.7,2025-09,2025
002296.SZSE,辉煌科技,2024-04-23,二接三阳,—,阳,3.27,大阳3~5,2.9,-0.3,-2.5,-1.9,1,下,-3.11,-1.79,断1天,1.0,1.0,13.6,-2.1,04-17,一字+10→一字+10,8.52,4.75,-4.75,2024-04,2024
002297.SZSE,博云新材,2025-12-26,二接三阴,—,阴,-0.97,小阴-3~0,0.5,1.2,3.3,6.5,4,上,0.4,3.21,60日内无板,,,,,,下影-1→下影+9,10.01,-9.54,-9.54,2025-12,2025
002297.SZSE,博云新材,2026-04-16,三接四阴,—,阴,-1.26,小阴-3~0,0.3,0.4,-0.1,-4.8,2,上,1.76,-3.29,断16~60天,49.0,1.0,-8.0,-23.2,01-22,一字+10→一字+10→一字+10,9.99,10.01,18.1,2026-04,2026
002297.SZSE,博云新材,2026-06-23,二接三阳,—,阳,7.87,巨阳≥5,10.5,17.8,13.7,10.0,4,上,5.96,-1.54,断16~60天,17.0,1.0,-3.0,-34.7,05-25,下影-0→下影+10,7.82,-1.92,-1.92,2026-06,2026
002298.SZSE,中电鑫龙,2024-11-12,二接三阳,—,阳,2.55,小阳0~3,4.5,5.3,9.9,12.6,4,上,3.52,1.47,断16~60天,29.0,1.0,39.9,-4.1,09-20,下影+1→一字+10,9.95,-16.95,-16.95,2024-11,2024
002298.SZSE,中电鑫龙,2025-04-29,二接三阴,—,阴,-3.68,大阴-5~-3,-4.4,-5.3,-9.3,-15.2,0,下,-1.2,-5.26,断16~60天,38.0,2.0,-37.5,-48.2,02-28,实体+7→下影+8,9.83,-3.04,-3.04,2025-04,2025
002298.SZSE,中电鑫龙,2025-06-06,二接三阳,—,阳,-0.33,小阴-3~0,-1.0,0.4,1.0,6.8,3,上,1.55,3.65,断16~60天,22.0,2.0,21.9,-3.9,04-28,实体+0→一字+10,9.96,-3.4,-3.4,2025-06,2025
002300.SZSE,太阳电缆,2025-03-26,三接四阳,—,阳,1.59,小阳0~3,1.7,4.2,6.2,6.7,4,上,3.47,1.59,60日内无板,,,,,,下影+0→一字+10→一字+10,0.65,-9.37,-9.37,2025-03,2025
002300.SZSE,太阳电缆,2025-12-05,三接四阳,—,阳,1.0,小阳0~3,1.8,1.9,-4.6,-0.1,2,上,-8.2,1.76,断16~60天,17.0,2.0,-2.3,-18.6,11-06,下影-0→下影+8→一字+10,-0.96,0.19,0.19,2025-12,2025
002300.SZSE,太阳电缆,2025-12-16,二接三阴,—,阴,-5.72,巨阴≤-5,-4.1,7.4,19.9,22.8,3,上,22.73,6.47,断4~7天,4.0,4.0,3.2,-10.2,12-05,下影-2→一字+10,6.38,-9.97,-9.97,2025-12,2025
002301.SZSE,齐心集团,2024-11-29,三接四阳,—,阳,2.32,小阳0~3,1.0,1.8,2.7,5.0,4,上,0.35,1.68,60日内无板,,,,,,下影+1→下影-3→一字+10,9.98,9.96,5.64,2024-11,2024
002302.SZSE,西部建设,2024-08-27,二接三阴,—,阴,-1.41,小阴-3~0,-2.4,-4.0,-4.0,-2.6,0,下,-1.4,1.05,60日内无板,,,,,,下影+0→一字+10,9.98,10.0,16.0,2024-08,2024
002302.SZSE,西部建设,2025-07-23,二接三阴,—,阴,-0.33,小阴-3~0,-0.5,-0.2,1.5,2.1,2,下,1.72,1.24,60日内无板,,,,,,下影+10→一字+10,10.01,-11.35,-11.35,2025-07,2025
002307.SZSE,北新路桥,2025-08-12,二接三阴,—,阴,1.45,小阳0~3,1.7,1.2,2.0,3.6,4,上,-1.38,1.27,断8~15天,12.0,1.0,2.9,-10.5,07-22,实体+0→一字+10,10.06,1.79,1.79,2025-08,2025
002309.SZSE,中利集团,2025-11-13,二接三阳,—,阳,0.63,小阳0~3,1.0,3.3,4.6,5.5,4,上,1.93,1.58,60日内无板,,,,,,实体+1→下影+10,6.25,-6.87,-6.87,2025-11,2025
002309.SZSE,中利集团,2026-03-25,三接四阳,—,阳,-1.7,小阴-3~0,-0.5,-1.0,0.2,3.3,2,下,0.95,1.42,断16~60天,22.0,1.0,11.1,-5.2,02-09,实体+1→一字+10→一字+10,4.77,-6.51,-6.51,2026-03,2026
002310.SZSE,东方新能,2023-07-21,二接三阳,—,阳,-0.58,小阴-3~0,-0.5,-1.4,0.2,-0.3,1,下,0.47,-0.03,60日内无板,,,,,,下影+1→下影+5,10.19,4.85,4.85,2023-07,2023
002310.SZSE,东方新能,2023-07-24,三接四阳,A1,阳,-0.58,小阴-3~0,-0.5,-1.4,0.2,-0.3,1,下,0.47,-0.03,60日内无板,,,,,,下影+1→下影+5→下影+10,10.13,-5.6,-5.6,2023-07,2023
002310.SZSE,东方新能,2026-03-23,二接三阴,—,阴,-4.33,大阴-5~-3,1.1,7.2,14.1,16.8,4,上,9.9,5.21,断2~3天,2.0,1.0,5.7,-7.0,03-16,实体-2→下影+3,3.74,-1.04,-1.04,2026-03,2026
002312.SZSE,川发龙蟒,2024-02-08,二接三阴,—,阴,-6.48,巨阴≤-5,-10.0,-14.9,-19.4,-22.4,0,下,-6.45,-5.22,60日内无板,,,,,,下影+0→下影+6,4.9,-3.27,-3.27,2024-02,2024
002312.SZSE,川发龙蟒,2024-10-30,二接三阳,—,阳,5.22,巨阳≥5,8.9,18.1,29.7,40.1,4,上,11.52,11.69,断2~3天,2.0,1.0,17.0,-0.6,10-23,实体+0→下影+10,10.0,10.02,10.2,2024-10,2024
002312.SZSE,川发龙蟒,2024-10-31,三接四阳,—,阳,5.22,巨阳≥5,8.9,18.1,29.7,40.1,4,上,11.52,11.69,断2~3天,2.0,1.0,17.0,-0.6,10-23,实体+0→下影+10→下影+10,10.02,0.16,0.16,2024-10,2024
002313.SZSE,日海智能,2023-11-07,二接三阳,—,阳,2.7,小阳0~3,3.7,7.3,5.5,6.6,4,上,0.45,0.76,60日内无板,,,,,,一字+10→一字+10,10.0,-7.51,-7.51,2023-11,2023
002313.SZSE,日海智能,2023-12-04,二接三阳,—,阳,0.91,小阳0~3,0.9,-0.4,-0.7,6.8,2,下,-0.88,4.6,断16~60天,16.0,3.0,-4.1,-15.4,11-07,下影-1→下影+5,9.93,-9.87,-9.87,2023-12,2023
002313.SZSE,日海智能,2024-02-27,三接四阳,—,阳,4.05,大阳3~5,10.2,1.5,-14.0,-23.0,2,上,-17.46,-11.28,断16~60天,33.0,1.0,-34.2,-56.8,12-27,实体+5→一字+10→一字+10,2.8,-9.98,-9.98,2024-02,2024
002313.SZSE,日海智能,2024-03-12,二接三阴,—,阴,-6.62,巨阴≤-5,-3.3,-0.7,16.0,11.4,2,下,19.1,2.31,断2~3天,3.0,1.0,4.8,-4.8,03-04,实体+1→下影+3,2.46,-1.46,-1.46,2024-03,2024
002313.SZSE,日海智能,2024-03-13,三接四阴,—,阴,-6.62,巨阴≤-5,-3.3,-0.7,16.0,11.4,2,下,19.1,2.31,断2~3天,3.0,1.0,4.8,-4.8,03-04,实体+1→下影+3→下影+2,3.52,-19.34,-19.34,2024-03,2024
002313.SZSE,日海智能,2024-10-29,二接三阳,—,阳,1.59,小阳0~3,1.1,4.2,6.6,13.3,4,上,0.96,6.25,断16~60天,19.0,1.0,29.2,-1.5,09-20,下影+1→下影+8,7.73,-6.25,-6.25,2024-10,2024
002313.SZSE,日海智能,2025-02-17,二接三阴,—,阴,-1.26,小阴-3~0,6.4,13.4,15.4,21.1,4,上,4.57,6.53,断1天,1.0,1.0,8.6,-2.3,02-11,实体+6→实体+2,6.88,-17.68,-17.68,2025-02,2025
002313.SZSE,日海智能,2025-08-07,二接三阳,—,阳,1.89,小阳0~3,3.2,4.9,5.1,4.8,4,上,1.37,-0.35,断16~60天,25.0,1.0,8.5,-9.5,06-30,下影-1→下影+7,5.18,10.0,6.54,2025-08,2025
002313.SZSE,日海智能,2025-08-08,三接四阳,A1,阳,1.89,小阳0~3,3.2,4.9,5.1,4.8,4,上,1.37,-0.35,断16~60天,25.0,1.0,8.5,-9.5,06-30,下影-1→下影+7→下影+5,2.94,-3.14,-3.14,2025-08,2025
002315.SZSE,焦点科技,2023-05-05,二接三阴,—,阴,-2.42,小阴-3~0,7.6,14.4,23.8,,3,上,11.94,,断1天,1.0,2.0,7.3,-3.8,04-26,下影-1→实体+3,2.85,3.93,3.93,2023-05,2023
002316.SZSE,亚联发展,2023-04-19,二接三阴,—,阴,-1.54,小阴-3~0,0.4,3.7,,,2,上,4.76,,60日内无板,,,,,,下影+3→下影+3,5.36,-11.43,-11.43,2023-04,2023
002316.SZSE,亚联发展,2024-02-28,二接三阳,—,阳,4.53,大阳3~5,9.1,13.8,-4.4,-13.8,2,上,-12.24,-10.0,断2~3天,3.0,1.0,21.6,-2.1,02-20,实体-0→下影+0,2.91,3.66,3.66,2024-02,2024
002316.SZSE,亚联发展,2026-01-12,二接三阴,—,阴,-2.48,小阴-3~0,-0.7,-1.0,-1.7,-4.6,0,下,-0.56,-2.21,60日内无板,,,,,,下影+0→下影+5,7.88,-10.03,-10.03,2026-01,2026
002319.SZSE,乐通股份,2024-02-02,二接三阴,—,阴,-10.03,巨阴≤-5,-10.7,-12.8,-18.1,-18.5,0,下,-6.23,-2.5,60日内无板,,,,,,下影+0→下影+1,2.97,-15.48,-15.48,2024-02,2024
002321.SZSE,华英农业,2024-11-27,二接三阴,—,阴,-1.81,小阴-3~0,-0.6,-2.1,-2.7,3.7,1,下,-3.53,3.99,断16~60天,17.0,1.0,10.1,-3.7,10-30,下影+1→实体+0,2.66,-5.19,-5.19,2024-11,2024
002328.SZSE,新朋股份,2026-04-13,二接三阳,—,阳,1.58,小阳0~3,5.9,12.2,16.9,17.9,4,上,9.04,3.76,断4~7天,7.0,1.0,28.5,-2.0,03-27,下影-1→下影+6,9.99,6.47,12.41,2026-04,2026
002329.SZSE,皇氏集团,2026-08-12,二接三阴,—,阴,-1.87,小阴-3~0,-2.0,-1.3,-2.6,-0.8,0,下,0.66,-0.52,断16~60天,24.0,1.0,6.1,-12.8,07-06,下影+0→下影+7,2.09,10.0,1.67,2026-08,2026
002329.SZSE,皇氏集团,2026-08-13,三接四阴,—,阴,-1.87,小阴-3~0,-2.0,-1.3,-2.6,-0.8,0,下,0.66,-0.52,断16~60天,24.0,1.0,6.1,-12.8,07-06,下影+0→下影+7→下影+2,10.0,-7.58,-7.58,2026-08,2026
002331.SZSE,皖通科技,2023-11-27,二接三阳,—,阳,3.86,大阳3~5,5.9,8.5,11.7,14.3,4,上,3.56,3.72,60日内无板,,,,,,下影-5→一字+10,9.5,9.98,-0.99,2023-11,2023
002331.SZSE,皖通科技,2023-11-28,三接四阳,—,阳,3.86,大阳3~5,5.9,8.5,11.7,14.3,4,上,3.56,3.72,60日内无板,,,,,,下影-5→一字+10→下影+9,7.01,-9.98,-9.98,2023-11,2023
002331.SZSE,皖通科技,2025-05-14,二接三阴,—,阴,-1.7,小阴-3~0,-0.1,1.5,3.7,2.6,3,上,2.65,0.78,60日内无板,,,,,,下影+1→下影+1,4.51,-17.38,-17.38,2025-05,2025
002333.SZSE,罗普斯金,2024-01-19,二接三阴,—,阴,-0.61,小阴-3~0,1.4,2.3,3.4,4.5,4,上,-0.28,1.29,60日内无板,,,,,,下影-1→下影-2,9.99,-25.63,-25.63,2024-01,2024
002338.SZSE,奥普光电,2025-05-09,二接三阳,—,阳,2.51,小阳0~3,2.3,1.2,0.1,-2.6,3,上,-2.28,-4.02,60日内无板,,,,,,一字+10→一字+10,5.43,-2.23,-2.23,2025-05,2025
002339.SZSE,积成电子,2024-05-13,二接三阴,—,阴,-3.54,大阴-5~-3,-3.7,-2.6,-3.3,-6.1,0,下,2.64,-2.2,断4~7天,5.0,1.0,-1.6,-11.0,04-26,实体+1→下影-3,5.49,9.99,2.76,2024-05,2024
002339.SZSE,积成电子,2024-05-14,三接四阴,—,阴,-3.54,大阴-5~-3,-3.7,-2.6,-3.3,-6.1,0,下,2.64,-2.2,断4~7天,5.0,1.0,-1.6,-11.0,04-26,实体+1→下影-3→下影+5,9.99,-6.57,-6.57,2024-05,2024
002339.SZSE,积成电子,2024-12-19,二接三阳,—,阳,2.3,小阳0~3,3.7,4.0,6.4,8.7,4,上,1.64,2.54,断8~15天,15.0,1.0,13.3,-8.1,11-25,下影-2→下影+2,7.75,-20.19,-20.19,2024-12,2024
002342.SZSE,巨力索具,2026-01-13,三接四阴,—,阴,-2.26,小阴-3~0,1.2,9.3,17.1,19.5,4,上,12.39,5.67,断4~7天,4.0,1.0,16.3,-5.0,12-30,下影+0→一字+10→一字+10,4.06,5.34,5.34,2026-01,2026
002342.SZSE,巨力索具,2026-01-23,二接三阴,—,阴,-5.75,巨阴≤-5,-13.7,-11.0,4.1,14.0,2,下,15.54,13.41,断4~7天,5.0,4.0,-15.8,-25.4,01-13,下影-0→实体+5,9.67,1.26,1.26,2026-01,2026
002343.SZSE,慈文传媒,2025-02-24,三接四阴,—,阴,-4.46,大阴-5~-3,-4.3,-2.9,1.6,3.8,2,下,5.14,3.87,60日内无板,,,,,,下影+0→一字+10→一字+10,7.48,-15.71,-15.71,2025-02,2025
002344.SZSE,海宁皮城,2024-11-20,三接四阴,—,阴,-2.72,小阴-3~0,-2.5,-1.4,1.4,3.0,2,下,2.38,2.59,60日内无板,,,,,,一字+10→一字+10→一字+10,9.92,10.07,14.58,2024-11,2024
002346.SZSE,柘中股份,2025-01-08,二接三阴,—,阴,-3.24,大阴-5~-3,-2.1,-1.7,-1.2,-1.1,0,下,1.62,0.11,断4~7天,7.0,1.0,4.3,-6.6,12-24,下影-1→下影+10,0.17,-11.71,-11.71,2025-01,2025
002347.SZSE,泰尔股份,2024-01-10,二接三阴,—,阴,-3.02,大阴-5~-3,-3.7,-1.6,2.1,4.7,2,下,2.98,3.45,断4~7天,5.0,1.0,6.5,-3.3,12-28,实体-1→实体+3,3.65,-15.13,-15.13,2024-01,2024
002347.SZSE,泰尔股份,2024-03-19,二接三阳,—,阳,4.73,大阳3~5,3.2,6.3,12.1,14.5,4,上,3.73,6.93,断4~7天,6.0,1.0,16.3,-2.0,03-06,下影+4→一字+10,10.0,-6.01,-6.01,2024-03,2024
002347.SZSE,泰尔股份,2024-10-11,二接三阴,—,阴,4.18,大阳3~5,10.0,17.0,21.3,22.6,4,上,7.24,3.71,断16~60天,38.0,1.0,13.3,-21.8,08-06,下影+0→一字+10,9.94,-18.93,-18.93,2024-10,2024
002347.SZSE,泰尔股份,2024-12-03,三接四阳,—,阳,0.59,小阳0~3,-0.7,2.6,3.5,6.5,3,上,0.81,2.75,断16~60天,34.0,2.0,4.1,-21.5,10-10,实体+0→下影+4→一字+10,9.94,9.97,49.6,2024-12,2024
002347.SZSE,泰尔股份,2025-12-29,二接三阳,—,阳,1.59,小阳0~3,-0.6,-1.0,3.1,5.4,2,下,1.42,3.45,断8~15天,8.0,1.0,6.3,-6.3,12-12,下影+2→下影+10,4.41,9.97,28.45,2025-12,2025
002347.SZSE,泰尔股份,2025-12-30,三接四阳,—,阳,1.59,小阳0~3,-0.6,-1.0,3.1,5.4,2,下,1.42,3.45,断8~15天,8.0,1.0,6.3,-6.3,12-12,下影+2→下影+10→下影+4,-9.97,10.04,16.8,2025-12,2025
002348.SZSE,高乐股份,2024-11-08,二接三阳,—,阳,3.02,大阳3~5,-0.6,0.5,6.2,11.5,3,上,7.31,3.81,断4~7天,6.0,1.0,5.6,-8.8,10-28,实体+0→下影+3,5.38,-10.02,-10.02,2024-11,2024
002348.SZSE,高乐股份,2024-11-27,二接三阳,—,阳,-2.39,小阴-3~0,4.5,4.5,7.5,15.2,4,上,1.03,5.65,断2~3天,2.0,1.0,11.6,-0.6,11-20,一字+10→一字+10,10.09,-4.28,-4.28,2024-11,2024
002354.SZSE,天娱数科,2024-11-22,二接三阳,—,阳,-2.64,小阴-3~0,3.3,7.9,15.0,20.4,4,上,8.28,6.11,断2~3天,2.0,1.0,9.2,-7.0,11-15,下影+0→下影+4,2.43,-0.17,-0.17,2024-11,2024
002354.SZSE,天娱数科,2024-12-10,三接四阴,—,阴,-4.13,大阴-5~-3,0.6,-2.6,8.1,17.1,3,下,6.13,7.79,断2~3天,2.0,1.0,4.3,-7.1,12-02,下影-1→一字+10→一字+10,10.0,3.21,3.21,2024-12,2024
002354.SZSE,天娱数科,2026-06-09,二接三阳,—,阳,-2.1,小阴-3~0,-9.8,-11.7,-10.3,-6.2,0,下,-1.3,2.41,断8~15天,13.0,1.0,-5.9,-15.5,05-18,下影+10→下影+7,5.73,10.05,-0.99,2026-06,2026
002354.SZSE,天娱数科,2026-06-10,三接四阳,—,阳,-2.1,小阴-3~0,-9.8,-11.7,-10.3,-6.2,0,下,-1.3,2.41,断8~15天,13.0,1.0,-5.9,-15.5,05-18,下影+10→下影+7→下影+6,2.73,-10.03,-10.03,2026-06,2026
002354.SZSE,天娱数科,2026-08-04,二接三阴,—,阴,-4.36,大阴-5~-3,-3.1,-6.4,-18.8,-24.1,0,下,-12.9,-10.13,断16~60天,20.0,1.0,-37.0,-43.5,07-02,下影+3→下影+10,1.82,0.51,0.51,2026-08,2026
002355.SZSE,兴民智通,2025-05-07,二接三阳,—,阳,1.79,小阳0~3,-1.1,-1.1,-2.1,-8.1,0,下,0.52,-3.62,60日内无板,,,,,,一字+10→下影+10,8.56,-6.73,-6.73,2025-05,2025
002356.SZSE,鹏飞绿能,2023-07-04,二接三阳,—,阳,3.39,大阳3~5,3.7,1.6,-3.0,-6.7,2,上,-4.04,-3.92,60日内无板,,,,,,实体-0→下影+9,5.0,10.04,2.27,2023-07,2023
002356.SZSE,鹏飞绿能,2023-07-05,三接四阳,—,阳,3.39,大阳3~5,3.7,1.6,-3.0,-6.7,2,上,-4.04,-3.92,60日内无板,,,,,,实体-0→下影+9→下影+5,1.33,-7.06,-7.06,2023-07,2023
002356.SZSE,鹏飞绿能,2024-06-11,二接三阴,—,阴,-1.9,小阴-3~0,-2.6,-3.5,-9.2,-12.5,0,下,-5.68,-4.67,断2~3天,3.0,1.0,2.7,-8.2,05-31,实体+2→下影+1,5.88,-7.3,-7.3,2024-06,2024
002356.SZSE,鹏飞绿能,2025-07-11,二接三阳,—,阳,1.67,小阳0~3,0.8,0.4,0.6,-0.1,3,上,0.76,-0.74,60日内无板,,,,,,下影+0→下影+7,2.43,-8.85,-8.85,2025-07,2025
002358.SZSE,森源电气,2025-01-23,二接三阳,—,阳,1.69,小阳0~3,1.4,3.5,3.6,1.4,4,上,2.6,-0.85,断16~60天,54.0,1.0,7.1,-17.0,11-04,下影+1→一字+10,9.95,-19.03,-19.03,2025-01,2025
002361.SZSE,神剑股份,2024-12-31,二接三阳,—,阳,0.99,小阳0~3,-1.4,-3.9,-6.9,-4.0,0,下,-5.47,0.63,60日内无板,,,,,,实体+1→一字+10,10.1,-2.02,-2.02,2024-12,2024
002361.SZSE,神剑股份,2025-01-02,三接四阳,—,阳,0.99,小阳0~3,-1.4,-3.9,-6.9,-4.0,0,下,-5.47,0.63,60日内无板,,,,,,实体+1→一字+10→下影+10,4.59,-2.17,-6.5,2025-01,2025
002361.SZSE,神剑股份,2025-12-22,二接三阴,—,阴,-3.3,大阴-5~-3,-1.9,-0.0,2.4,1.7,3,上,2.97,0.73,60日内无板,,,,,,下影-1→下影+4,10.04,10.01,45.05,2025-12,2025
002361.SZSE,神剑股份,2025-12-23,三接四阴,—,阴,-3.3,大阴-5~-3,-1.9,-0.0,2.4,1.7,3,上,2.97,0.73,60日内无板,,,,,,下影-1→下影+4→下影+10,9.9,10.01,31.85,2025-12,2025
002361.SZSE,神剑股份,2026-03-30,二接三阳,—,阳,1.53,小阳0~3,-0.1,-5.9,-10.2,-13.4,0,下,-6.31,-4.44,断16~60天,27.0,2.0,-18.6,-29.6,02-06,下影+2→实体-3,-1.98,10.0,13.33,2026-03,2026
002361.SZSE,神剑股份,2026-03-31,三接四阳,—,阳,1.53,小阳0~3,-0.1,-5.9,-10.2,-13.4,0,下,-6.31,-4.44,断16~60天,27.0,2.0,-18.6,-29.6,02-06,下影+2→实体-3→下影-2,7.67,3.03,3.03,2026-03,2026
002362.SZSE,汉王科技,2024-02-21,二接三阳,—,阳,9.23,巨阳≥5,4.1,-6.0,-16.2,-24.8,1,下,-12.77,-11.45,断16~60天,40.0,2.0,-40.7,-54.6,12-13,一字+10→下影+10,-2.74,-7.15,-7.15,2024-02,2024
002362.SZSE,汉王科技,2024-12-09,二接三阴,—,阴,-1.69,小阴-3~0,-2.7,0.7,6.1,9.5,3,上,8.5,4.13,断4~7天,6.0,1.0,8.9,-8.3,11-26,下影-1→一字+10,10.01,10.01,-1.0,2024-12,2024
002362.SZSE,汉王科技,2024-12-10,三接四阴,—,阴,-1.69,小阴-3~0,-2.7,0.7,6.1,9.5,3,上,8.5,4.13,断4~7天,6.0,1.0,8.9,-8.3,11-26,下影-1→一字+10→下影+10,0.39,-10.01,-10.01,2024-12,2024
002363.SZSE,隆基机械,2025-12-26,二接三阴,—,阴,-1.27,小阴-3~0,1.9,-0.1,-3.9,-3.8,1,下,-5.47,-0.91,60日内无板,,,,,,下影+8→一字+10,4.75,-9.96,-9.96,2025-12,2025
002364.SZSE,中恒电气,2024-12-25,二接三阴,—,阴,-2.77,小阴-3~0,0.2,-1.4,3.8,5.7,3,下,3.71,2.58,断8~15天,9.0,1.0,6.5,-7.7,12-09,实体+1→一字+10,10.02,-2.97,-2.97,2024-12,2024
002364.SZSE,中恒电气,2025-01-08,二接三阴,—,阴,-2.78,小阴-3~0,0.9,10.4,24.1,33.5,4,上,18.63,12.13,断1天,1.0,1.0,6.9,-10.0,01-02,下影-5→下影+2,2.44,-10.03,-10.03,2025-01,2025
002364.SZSE,中恒电气,2025-08-19,二接三阴,—,阴,-2.49,小阴-3~0,2.0,7.0,11.7,14.8,4,上,5.96,3.99,断2~3天,3.0,1.0,12.8,0.5,08-11,实体+0→下影+10,4.71,-10.01,-10.01,2025-08,2025
002364.SZSE,中恒电气,2026-04-14,三接四阳,—,阳,5.3,巨阳≥5,6.3,4.8,-2.0,-7.2,2,上,-4.22,-5.7,断16~60天,32.0,1.0,-8.7,-27.0,02-12,一字+10→一字+10→一字+10,8.72,2.14,2.14,2026-04,2026
002365.SZSE,永安药业,2025-04-25,二接三阳,—,阳,3.12,大阳3~5,6.7,4.8,10.5,13.9,4,上,2.72,3.13,断1天,1.0,1.0,13.4,-0.3,04-21,下影+7→下影+4,9.85,-4.26,-5.21,2025-04,2025
002365.SZSE,永安药业,2025-05-23,二接三阴,—,阴,-0.71,小阴-3~0,8.1,20.0,25.4,34.7,4,上,5.82,10.23,断1天,1.0,1.0,9.2,-1.9,05-19,实体+4→下影+6,4.0,6.48,6.48,2025-05,2025
002365.SZSE,永安药业,2025-06-16,二接三阴,—,阴,-8.87,巨阴≤-5,-0.4,-1.4,9.2,24.5,2,下,2.42,14.36,断8~15天,9.0,1.0,-6.8,-24.8,05-28,下影+3→实体+2,2.97,-7.49,-7.49,2025-06,2025
002366.SZSE,融发核电,2023-05-24,二接三阳,—,阳,6.32,巨阳≥5,4.8,5.8,5.5,6.9,4,上,-0.63,1.04,断16~60天,46.0,1.0,-62.4,-69.8,08-20,实体-3→下影+6,1.23,10.06,2.93,2023-05,2023
002366.SZSE,融发核电,2023-05-25,三接四阳,—,阳,6.32,巨阳≥5,4.8,5.8,5.5,6.9,4,上,-0.63,1.04,断16~60天,46.0,1.0,-62.4,-69.8,08-20,实体-3→下影+6→下影+1,2.65,-6.47,-6.47,2023-05,2023
002366.SZSE,融发核电,2025-05-28,三接四阴,—,阴,-1.92,小阴-3~0,-2.4,-0.7,2.3,5.1,2,下,3.14,3.31,断16~60天,38.0,1.0,0.0,-27.2,03-25,下影+3→下影+10→一字+10,7.78,10.01,-0.93,2025-05,2025
002368.SZSE,太极股份,2024-10-08,二接三阳,—,阳,4.31,大阳3~5,5.1,9.7,13.6,13.8,4,上,5.98,2.91,60日内无板,,,,,,实体+1→下影+9,9.99,1.9,1.9,2024-10,2024
002369.SZSE,卓翼科技,2024-03-05,二接三阳,—,阳,3.74,大阳3~5,-1.0,7.6,6.1,-2.5,2,上,11.32,-3.36,60日内无板,,,,,,下影+0→一字+10,1.79,-3.79,-3.79,2024-03,2024
002369.SZSE,卓翼科技,2024-08-19,三接四阳,—,阳,3.94,大阳3~5,1.1,0.4,1.0,-0.8,3,上,0.71,-1.68,60日内无板,,,,,,一字+10→一字+10→一字+10,4.6,-16.1,-16.1,2024-08,2024
002369.SZSE,卓翼科技,2024-12-13,二接三阴,—,阴,2.5,小阳0~3,3.4,4.1,5.1,2.3,4,上,2.28,-1.76,断16~60天,36.0,1.0,11.3,-11.9,10-21,实体-2→下影+6,2.02,-18.02,-18.02,2024-12,2024
002369.SZSE,卓翼科技,2024-12-19,二接三阴,—,阴,-7.99,巨阴≤-5,-2.3,5.2,10.6,10.0,3,上,8.73,3.38,断2~3天,2.0,2.0,-0.8,-11.9,12-12,实体+0→下影-1,5.33,-13.83,-13.83,2024-12,2024
002369.SZSE,卓翼科技,2025-02-21,二接三阴,—,阴,-5.01,巨阴≤-5,-5.0,-0.4,9.6,12.2,2,下,13.73,5.79,断4~7天,7.0,1.0,13.2,-1.1,02-07,实体+1→一字+10,9.99,10.05,20.48,2025-02,2025
002369.SZSE,卓翼科技,2025-02-24,三接四阴,A2,阴,-5.01,巨阴≤-5,-5.0,-0.4,9.6,12.2,2,下,13.73,5.79,断4~7天,7.0,1.0,13.2,-1.1,02-07,实体+1→一字+10→下影+10,5.12,10.01,9.48,2025-02,2025
002370.SZSE,亚太药业,2024-08-19,二接三阴,—,阴,-1.56,小阴-3~0,-1.6,-1.3,3.0,3.2,2,下,3.98,1.34,60日内无板,,,,,,下影+10→下影+3,7.84,-8.61,-8.61,2024-08,2024
002370.SZSE,亚太药业,2025-07-18,二接三阴,—,阴,-3.61,大阴-5~-3,-1.8,-0.5,2.7,3.3,2,下,3.23,1.4,断16~60天,28.0,1.0,11.6,-10.1,06-05,实体-0→下影-0,7.01,1.69,-2.62,2025-07,2025
002370.SZSE,亚太药业,2025-07-30,二接三阳,—,阳,6.63,巨阳≥5,4.4,14.1,26.2,33.0,4,上,15.66,9.89,断4~7天,4.0,1.0,14.0,-7.6,07-21,实体+1→下影+4,3.52,-10.15,-10.15,2025-07,2025
002370.SZSE,亚太药业,2025-10-17,三接四阳,—,阳,-0.35,小阴-3~0,-1.5,-4.0,-8.3,-11.3,0,下,-3.84,-3.23,断16~60天,40.0,1.0,-15.7,-24.6,08-01,一字+10→一字+10→一字+10,0.0,-11.55,-11.55,2025-10,2025
002374.SZSE,中锐股份,2024-11-11,二接三阳,—,阳,1.76,小阳0~3,4.5,6.4,13.8,22.2,4,上,6.67,5.46,断16~60天,18.0,1.0,35.9,-5.1,10-11,下影+0→下影+10,0.86,-9.87,-9.87,2024-11,2024
002374.SZSE,中锐股份,2025-11-12,二接三阴,—,阴,0.0,小阳0~3,-2.6,2.1,7.4,8.9,3,上,7.5,4.11,断4~7天,5.0,2.0,4.2,-6.0,10-31,下影-1→下影+6,0.78,-0.24,-0.24,2025-11,2025
002374.SZSE,中锐股份,2025-11-13,三接四阴,—,阴,0.0,小阳0~3,-2.6,2.1,7.4,8.9,3,上,7.5,4.11,断4~7天,5.0,2.0,4.2,-6.0,10-31,下影-1→下影+6→实体+1,3.09,-16.63,-16.63,2025-11,2025
002377.SZSE,国创高新,2023-07-28,二接三阳,—,阳,3.69,大阳3~5,3.6,5.5,5.7,5.4,4,上,1.14,0.78,60日内无板,,,,,,下影+0→下影+0,4.58,10.09,18.1,2023-07,2023
002378.SZSE,章源钨业,2025-08-26,二接三阳,—,阳,5.24,巨阳≥5,7.7,12.3,14.9,19.1,4,上,5.94,3.43,60日内无板,,,,,,下影-3→下影+7,1.12,4.62,4.62,2025-08,2025
002378.SZSE,章源钨业,2026-02-27,二接三阴,B1,阴,-0.23,小阴-3~0,5.7,16.1,25.9,39.9,4,上,11.13,12.8,断2~3天,2.0,2.0,10.4,0.0,02-12,下影+3→下影+6,4.42,8.23,8.23,2026-02,2026
002378.SZSE,章源钨业,2026-03-02,三接四阴,—,阴,-0.23,小阴-3~0,5.7,16.1,25.9,39.9,4,上,11.13,12.8,断2~3天,2.0,2.0,10.4,0.0,02-12,下影+3→下影+6→实体+4,10.0,-6.78,-6.78,2026-03,2026
002379.SZSE,宏桥控股,2025-01-08,二接三阳,—,阳,1.49,小阳0~3,1.1,3.6,7.7,8.1,4,上,2.82,3.28,断16~60天,42.0,1.0,32.5,-3.2,10-22,下影+0→一字+10,10.03,-5.89,-5.89,2025-01,2025
002384.SZSE,东山精密,2026-04-10,二接三阴,—,阴,-1.39,小阴-3~0,1.3,2.3,0.6,6.7,4,上,-1.11,2.94,断16~60天,19.0,1.0,11.0,-8.5,03-10,实体+10→下影+7,0.3,1.2,1.2,2026-04,2026
002387.SZSE,维信诺,2024-11-07,二接三阳,—,阳,6.86,巨阳≥5,-1.1,1.7,9.0,18.8,3,上,7.49,8.31,断16~60天,20.0,1.0,33.9,-5.7,09-30,下影+4→下影+10,9.98,0.49,0.49,2024-11,2024
002387.SZSE,维信诺,2025-11-12,二接三阳,—,阳,1.68,小阳0~3,0.5,-1.2,-3.0,-6.1,1,下,-1.15,-3.19,60日内无板,,,,,,一字+10→一字+10,10.05,-14.36,-14.36,2025-11,2025
002388.SZSE,新亚制程,2024-09-05,三接四阳,—,阳,3.77,大阳3~5,2.5,2.8,12.0,16.5,4,上,8.21,4.87,断4~7天,6.0,1.0,12.5,-7.2,08-22,实体+3→一字+10→一字+10,9.16,6.56,6.56,2024-09,2024
002388.SZSE,新亚制程,2026-07-28,二接三阳,—,阳,6.74,巨阳≥5,3.4,-1.6,-12.9,-17.9,1,下,-11.89,-8.5,断16~60天,41.0,2.0,-32.3,-45.5,05-26,下影+2→下影+3,5.0,-6.44,-6.44,2026-07,2026
002393.SZSE,力生制药,2025-07-17,二接三阳,—,阳,1.7,小阳0~3,1.5,1.6,1.6,-0.1,3,上,1.07,-1.99,断16~60天,21.0,1.0,-1.8,-15.7,06-13,下影+5→下影+3,6.78,4.68,4.68,2025-07,2025
002394.SZSE,联发股份,2025-07-17,二接三阳,—,阳,3.64,大阳3~5,3.0,4.3,7.5,7.4,4,上,2.84,1.21,60日内无板,,,,,,下影+2→下影+6,0.0,-6.05,-6.05,2025-07,2025
002395.SZSE,双象股份,2023-06-02,二接三阳,—,阳,8.23,巨阳≥5,11.2,16.5,26.0,31.1,4,上,10.4,7.14,断4~7天,4.0,1.0,30.4,-2.9,05-24,下影-5→一字+10,9.97,-4.16,-13.73,2023-06,2023
002395.SZSE,双象股份,2023-12-27,二接三阴,—,阴,-2.85,小阴-3~0,1.5,1.4,5.3,8.6,4,上,3.67,3.06,断2~3天,2.0,1.0,5.7,-5.3,12-20,下影-0→下影+0,3.09,9.98,11.09,2023-12,2023
002395.SZSE,双象股份,2023-12-28,三接四阴,—,阴,-2.85,小阴-3~0,1.5,1.4,5.3,8.6,4,上,3.67,3.06,断2~3天,2.0,1.0,5.7,-5.3,12-20,下影-0→下影+0→实体+3,3.42,1.0,1.0,2023-12,2023
002396.SZSE,星网锐捷,2026-08-31,二接三阴,—,阴,-1.69,小阴-3~0,-3.2,-4.6,1.7,0.8,2,下,2.76,0.63,断2~3天,3.0,1.0,0.5,-11.0,08-21,下影+2→下影+1,-2.15,-1.51,-1.51,2026-08,2026
002397.SZSE,梦洁股份,2025-01-03,二接三阴,—,阴,-0.37,小阴-3~0,0.3,-5.3,-11.6,-11.0,1,下,-10.17,-3.91,断4~7天,6.0,1.0,-7.8,-20.1,12-20,下影+1→一字+10,9.91,5.92,5.92,2025-01,2025
002397.SZSE,梦洁股份,2025-01-06,三接四阴,—,阴,-0.37,小阴-3~0,0.3,-5.3,-11.6,-11.0,1,下,-10.17,-3.91,断4~7天,6.0,1.0,-7.8,-20.1,12-20,下影+1→一字+10→下影+10,-3.1,5.88,2.81,2025-01,2025
002398.SZSE,垒知集团,2025-01-27,二接三阴,—,阴,-1.18,小阴-3~0,-2.2,-1.3,-2.1,-5.5,0,下,1.17,-1.67,断16~60天,32.0,1.0,-8.9,-22.4,12-06,实体+1→一字+10,10.08,0.54,0.54,2025-01,2025
002400.SZSE,省广集团,2023-07-17,二接三阴,—,阴,-2.1,小阴-3~0,-1.6,-2.3,-6.0,-7.1,0,下,-2.37,-2.17,60日内无板,,,,,,实体+1→一字+10,6.38,-11.45,-11.45,2023-07,2023
002400.SZSE,省广集团,2024-12-13,二接三阳,—,阳,5.75,巨阳≥5,3.4,5.2,11.5,18.2,4,上,6.55,4.8,断4~7天,6.0,2.0,7.3,-11.8,12-02,实体-3→下影+10,-1.53,-5.15,-5.15,2024-12,2024
002400.SZSE,省广集团,2026-01-13,二接三阳,—,阳,1.73,小阳0~3,2.2,7.5,10.5,8.5,4,上,6.28,1.61,断16~60天,31.0,1.0,6.5,-18.2,11-24,下影+0→下影+5,9.99,10.04,1.99,2026-01,2026
002400.SZSE,省广集团,2026-01-14,三接四阳,—,阳,1.73,小阳0~3,2.2,7.5,10.5,8.5,4,上,6.28,1.61,断16~60天,31.0,1.0,6.5,-18.2,11-24,下影+0→下影+5→下影+10,-0.4,-7.31,-7.31,2026-01,2026
002401.SZSE,中远海科,2025-07-15,二接三阳,—,阳,-0.31,小阴-3~0,-1.1,-1.6,2.2,5.0,2,下,3.65,2.9,断8~15天,8.0,1.0,3.0,-7.3,06-30,下影+8→一字+10,0.0,-12.99,-12.99,2025-07,2025
002402.SZSE,和而泰,2024-11-14,三接四阳,—,阳,1.9,小阳0~3,1.1,4.6,10.2,13.8,4,上,5.89,2.87,60日内无板,,,,,,一字+10→一字+10→一字+10,10.01,3.25,3.25,2024-11,2024
002402.SZSE,和而泰,2025-09-24,二接三阴,—,阴,3.78,大阳3~5,10.6,16.5,17.9,26.4,4,上,6.32,5.72,断1天,1.0,1.0,14.2,2.3,09-18,一字+10→一字+10,10.0,-13.36,-13.36,2025-09,2025
002403.SZSE,爱仕达,2024-01-09,二接三阴,—,阴,2.32,小阳0~3,2.6,4.7,4.3,3.2,4,上,0.72,-0.27,60日内无板,,,,,,下影-1→下影+2,10.02,10.04,-0.94,2024-01,2024
002403.SZSE,爱仕达,2024-02-27,三接四阳,—,阳,3.16,大阳3~5,8.1,2.0,-13.3,-24.8,2,上,-15.31,-15.46,断16~60天,24.0,4.0,-47.2,-61.6,01-10,实体-1→下影-0→一字+10,10.05,-9.68,-9.68,2024-02,2024
002403.SZSE,爱仕达,2024-08-22,二接三阳,—,阳,0.95,小阳0~3,1.2,0.8,1.2,1.9,4,上,-1.23,0.83,60日内无板,,,,,,下影-1→下影+2,4.92,-10.01,-10.01,2024-08,2024
002403.SZSE,爱仕达,2024-11-07,三接四阴,—,阴,-3.79,大阴-5~-3,-1.1,1.1,3.6,7.6,3,上,4.49,3.42,断16~60天,44.0,3.0,2.1,-27.4,08-22,实体+0→一字+10→一字+10,10.01,-11.35,-11.35,2024-11,2024
002403.SZSE,爱仕达,2024-11-21,二接三阳,—,阳,3.66,大阳3~5,7.8,5.4,17.3,24.5,4,上,8.91,7.24,断1天,1.0,1.0,14.1,0.3,11-15,实体-9→实体+3,10.02,9.97,8.82,2024-11,2024
002403.SZSE,爱仕达,2024-11-22,三接四阳,—,阳,3.66,大阳3~5,7.8,5.4,17.3,24.5,4,上,8.91,7.24,断1天,1.0,1.0,14.1,0.3,11-15,实体-9→实体+3→下影+10,-4.02,9.98,-1.04,2024-11,2024
002403.SZSE,爱仕达,2024-12-03,二接三阴,—,阴,-8.64,巨阴≤-5,-15.1,-5.7,9.7,22.7,2,下,24.01,17.43,断2~3天,3.0,5.0,-18.6,-27.0,11-25,下影-4→实体+1,2.65,-4.52,-4.52,2024-12,2024
002403.SZSE,爱仕达,2024-12-10,二接三阴,—,阴,-9.97,巨阴≤-5,-5.4,-4.2,11.7,25.0,2,下,12.65,12.33,断2~3天,3.0,2.0,4.0,-5.4,12-02,下影-4→下影+2,10.02,10.0,12.0,2024-12,2024
002403.SZSE,爱仕达,2024-12-11,三接四阴,—,阴,-9.97,巨阴≤-5,-5.4,-4.2,11.7,25.0,2,下,12.65,12.33,断2~3天,3.0,2.0,4.0,-5.4,12-02,下影-4→下影+2→实体+10,0.74,1.82,1.82,2024-12,2024
002406.SZSE,远东传动,2023-09-27,二接三阴,—,阴,-2.6,小阴-3~0,-3.2,1.2,6.0,9.3,3,上,6.58,5.13,断2~3天,2.0,1.0,0.4,-10.2,09-20,实体+0→下影+3,4.94,-10.04,-10.04,2023-09,2023
002406.SZSE,远东传动,2025-03-21,二接三阳,—,阳,5.01,巨阳≥5,5.6,9.9,10.8,13.0,4,上,2.4,2.49,断4~7天,4.0,1.0,15.7,-5.9,03-12,下影+0→实体+6,10.01,-10.02,-10.02,2025-03,2025
002407.SZSE,多氟多,2026-07-01,二接三阴,—,阴,-5.21,巨阴≤-5,-3.0,1.1,10.5,10.0,3,上,10.9,3.54,断4~7天,4.0,1.0,7.0,-6.7,06-22,一字+10→下影+9,9.1,-0.78,-0.78,2026-07,2026
002408.SZSE,齐翔腾达,2024-02-08,二接三阴,—,阴,-6.44,巨阴≤-5,-9.7,-14.0,-17.1,-19.8,0,下,-4.63,-4.51,60日内无板,,,,,,下影+0→实体+0,2.53,-5.18,-5.18,2024-02,2024
002410.SZSE,广联达,2024-09-30,二接三阳,—,阳,1.0,小阳0~3,4.3,6.6,6.4,5.2,4,上,1.06,0.35,断16~60天,16.0,1.0,7.8,-15.0,08-30,实体-0→实体+4,10.01,9.99,10.95,2024-09,2024
002410.SZSE,广联达,2024-10-08,三接四阳,—,阳,1.0,小阳0~3,4.3,6.6,6.4,5.2,4,上,1.06,0.35,断16~60天,16.0,1.0,7.8,-15.0,08-30,实体-0→实体+4→下影+10,9.99,0.87,0.87,2024-10,2024
002412.SZSE,汉森制药,2026-07-24,二接三阴,—,阴,-3.02,大阴-5~-3,-5.7,-2.9,1.0,0.5,2,下,4.51,2.18,断16~60天,56.0,1.0,-6.0,-25.5,04-28,下影-0→下影+0,10.03,-10.1,-10.1,2026-07,2026
002412.SZSE,汉森制药,2026-08-24,三接四阳,—,阳,1.86,小阳0~3,3.0,5.0,7.5,11.9,4,上,4.47,3.47,断16~60天,18.0,2.0,14.1,-11.8,07-23,下影-2→一字+10→一字+10,6.97,9.99,16.77,2026-08,2026
002413.SZSE,雷科防务,2025-11-26,二接三阴,—,阴,-1.7,小阴-3~0,-1.4,-0.3,1.6,3.0,2,下,2.69,1.81,60日内无板,,,,,,下影+1→下影+10,9.99,-9.73,-9.73,2025-11,2025
002413.SZSE,雷科防务,2025-12-02,二接三阴,—,阴,-9.73,巨阴≤-5,2.8,10.2,16.5,19.6,4,上,9.1,5.04,断1天,1.0,3.0,-0.6,-10.0,11-26,下影+1→一字+10,3.08,-5.5,-5.5,2025-12,2025
002413.SZSE,雷科防务,2025-12-31,二接三阴,—,阴,0.21,小阳0~3,3.5,1.6,3.3,14.3,4,上,-0.66,5.7,断8~15天,9.0,1.0,3.9,-17.3,12-15,下影+0→下影+10,5.26,10.04,40.96,2025-12,2025
002414.SZSE,高德红外,2024-03-12,二接三阴,—,阴,-2.05,小阴-3~0,-2.4,-1.3,3.6,3.1,2,下,2.61,1.6,断8~15天,15.0,1.0,16.4,-0.3,02-07,下影+4→一字+10,10.0,-2.91,-2.91,2024-03,2024
002416.SZSE,爱施德,2024-10-31,二接三阳,—,阳,5.78,巨阳≥5,2.7,5.1,6.1,9.5,4,上,1.41,3.5,断16~60天,53.0,1.0,22.5,-10.8,08-05,实体+3→一字+10,10.01,9.99,31.81,2024-10,2024
002416.SZSE,爱施德,2024-11-01,三接四阳,—,阳,5.78,巨阳≥5,2.7,5.1,6.1,9.5,4,上,1.41,3.5,断16~60天,53.0,1.0,22.5,-10.8,08-05,实体+3→一字+10→下影+10,7.93,10.01,19.84,2024-11,2024
002418.SZSE,康盛股份,2024-03-04,二接三阴,—,阴,-5.04,巨阴≤-5,-0.8,6.5,0.7,-5.9,2,上,2.02,-3.44,60日内无板,,,,,,下影-0→下影+10,9.85,-9.97,-9.97,2024-03,2024
002418.SZSE,康盛股份,2025-01-08,二接三阴,—,阴,-5.6,巨阴≤-5,-0.3,-3.1,-10.0,-8.7,0,下,-7.31,-2.31,断1天,1.0,1.0,3.7,-6.0,01-02,下影+2→下影+3,10.13,10.09,0.89,2025-01,2025
002418.SZSE,康盛股份,2026-08-27,二接三阳,—,阳,-0.27,小阴-3~0,-0.1,-3.1,-0.1,3.5,1,下,-0.52,2.89,断4~7天,6.0,1.0,-0.5,-14.7,08-14,下影-1→下影+10,1.79,-0.2,-0.2,2026-08,2026
002418.SZSE,康盛股份,2026-08-28,三接四阳,—,阳,-0.27,小阴-3~0,-0.1,-3.1,-0.1,3.5,1,下,-0.52,2.89,断4~7天,6.0,1.0,-0.5,-14.7,08-14,下影-1→下影+10→实体+2,3.87,-0.19,5.19,2026-08,2026
002421.SZSE,达实智能,2026-05-20,三接四阴,—,阴,-3.63,大阴-5~-3,-2.3,-0.6,1.7,4.7,2,下,3.2,2.85,断16~60天,17.0,1.0,10.7,-8.6,04-16,下影+1→下影+0→一字+10,10.05,-7.26,-7.26,2026-05,2026
002423.SZSE,中粮资本,2024-01-26,二接三阳,—,阳,2.09,小阳0~3,-1.3,-2.4,-3.3,-3.9,0,下,-1.65,-0.55,60日内无板,,,,,,下影+0→下影+10,10.01,-6.15,-6.15,2024-01,2024
002423.SZSE,中粮资本,2024-09-26,二接三阴,—,阴,-0.4,小阴-3~0,0.2,0.9,-0.7,-3.0,2,上,-1.1,-1.83,60日内无板,,,,,,下影+2→一字+10,9.97,9.98,65.78,2024-09,2024
002423.SZSE,中粮资本,2024-09-27,三接四阴,—,阴,-0.4,小阴-3~0,0.2,0.9,-0.7,-3.0,2,上,-1.1,-1.83,60日内无板,,,,,,下影+2→一字+10→下影+10,9.67,10.0,50.74,2024-09,2024
002423.SZSE,中粮资本,2024-10-31,二接三阳,—,阳,8.01,巨阳≥5,5.9,1.7,15.6,38.9,4,上,1.69,17.31,断8~15天,10.0,1.0,4.4,-17.3,10-14,下影+3→下影+2,3.16,-14.49,-14.49,2024-10,2024
002425.SZSE,凯撒文化,2026-08-06,二接三阳,—,阳,1.42,小阳0~3,3.9,8.4,8.0,7.4,4,上,1.97,0.51,60日内无板,,,,,,实体+1→一字+10,10.09,-8.9,-8.9,2026-08,2026
002426.SZSE,胜利精密,2024-09-02,二接三阴,—,阴,-1.23,小阴-3~0,-0.7,-2.3,-0.1,0.9,1,下,1.17,0.97,60日内无板,,,,,,下影+1→下影+3,7.69,-14.42,-14.42,2024-09,2024
002426.SZSE,胜利精密,2024-11-08,二接三阳,—,阳,3.57,大阳3~5,1.5,4.1,7.9,13.5,4,上,5.24,3.91,断16~60天,20.0,1.0,12.3,-13.2,10-08,下影+0→下影+6,9.96,-5.5,-5.5,2024-11,2024
002426.SZSE,胜利精密,2024-12-12,二接三阴,—,阴,0.91,小阳0~3,7.1,9.3,17.1,22.4,4,上,7.99,3.92,断1天,1.0,1.0,10.9,0.0,12-06,下影+1→下影+1,9.9,-12.61,-12.61,2024-12,2024
002427.SZSE,尤夫股份,2025-03-25,二接三阳,—,阳,0.77,小阳0~3,1.6,3.3,2.3,4.7,4,上,0.74,1.73,断16~60天,18.0,1.0,3.6,-13.2,02-24,实体+5→下影+4,10.08,9.92,8.97,2025-03,2025
002427.SZSE,尤夫股份,2025-04-21,二接三阳,—,阳,4.83,大阳3~5,-1.2,2.8,5.9,15.9,3,上,-0.19,9.02,断4~7天,4.0,1.0,7.2,-11.7,04-10,下影-2→下影+2,1.83,-1.38,-1.38,2025-04,2025
002427.SZSE,尤夫股份,2025-04-22,三接四阳,—,阳,4.83,大阳3~5,-1.2,2.8,5.9,15.9,3,上,-0.19,9.02,断4~7天,4.0,1.0,7.2,-11.7,04-10,下影-2→下影+2→实体+2,3.46,-1.38,-2.39,2025-04,2025
002427.SZSE,尤夫股份,2025-05-15,二接三阴,—,阴,1.26,小阳0~3,-2.3,-6.4,-1.6,5.1,1,下,-2.46,6.2,断4~7天,4.0,1.0,8.4,-3.2,05-06,下影+1→下影+4,3.71,-0.23,-0.23,2025-05,2025
002428.SZSE,云南锗业,2023-07-06,二接三阴,—,阴,-2.14,小阴-3~0,-0.8,-2.5,4.4,7.7,2,下,4.49,3.95,60日内无板,,,,,,一字+10→下影+10,10.0,6.44,6.44,2023-07,2023
002428.SZSE,云南锗业,2024-11-04,二接三阳,—,阳,4.76,大阳3~5,4.4,10.6,18.9,28.8,4,上,10.66,10.35,断4~7天,7.0,1.0,24.7,-0.8,10-21,下影-1→下影+0,10.0,9.99,14.9,2024-11,2024
002428.SZSE,云南锗业,2024-11-05,三接四阳,—,阳,4.76,大阳3~5,4.4,10.6,18.9,28.8,4,上,10.66,10.35,断4~7天,7.0,1.0,24.7,-0.8,10-21,下影-1→下影+0→下影+10,-0.34,4.46,4.46,2024-11,2024
002428.SZSE,云南锗业,2026-02-27,二接三阴,—,阴,4.71,大阳3~5,3.6,4.4,0.8,0.6,4,上,-2.17,-1.18,断16~60天,26.0,1.0,3.7,-14.4,01-09,下影+10→下影+10,0.61,-6.45,-6.45,2026-02,2026
002428.SZSE,云南锗业,2026-08-06,二接三阳,—,阳,2.09,小阳0~3,1.9,-4.8,-16.1,-26.5,1,下,-9.27,-11.76,断16~60天,28.0,1.0,-38.9,-50.6,06-24,实体+4→下影+10,7.6,10.0,12.75,2026-08,2026
002428.SZSE,云南锗业,2026-08-07,三接四阳,—,阳,2.09,小阳0~3,1.9,-4.8,-16.1,-26.5,1,下,-9.27,-11.76,断16~60天,28.0,1.0,-38.9,-50.6,06-24,实体+4→下影+10→下影+8,6.62,2.5,2.5,2026-08,2026
002430.SZSE,杭氧股份,2024-10-08,二接三阳,—,阳,8.5,巨阳≥5,9.8,11.9,11.4,11.4,4,上,1.01,0.87,60日内无板,,,,,,实体+3→实体+4,9.99,-17.16,-17.16,2024-10,2024
002432.SZSE,九安医疗,2026-07-16,二接三阴,—,阴,-5.85,巨阴≤-5,-5.2,-12.0,-16.3,-17.9,0,下,-7.41,-2.32,断16~60天,16.0,1.0,-17.2,-25.1,06-18,下影+1→一字+10,4.99,7.48,-1.61,2026-07,2026
002437.SZSE,誉衡药业,2026-08-11,二接三阴,—,阴,-2.74,小阴-3~0,-1.8,-1.1,-3.0,-2.1,0,下,0.35,-0.66,断16~60天,28.0,1.0,16.9,-1.9,06-29,下影-0→下影+5,-2.04,2.39,20.16,2026-08,2026
002437.SZSE,誉衡药业,2026-08-14,二接三阳,B2,阳,2.33,小阳0~3,10.9,16.1,18.1,17.9,4,上,5.51,1.31,断1天,1.0,2.0,12.5,-2.0,08-10,下影+1→下影-3,4.24,6.41,1.71,2026-08,2026
002439.SZSE,启明星辰,2024-10-08,二接三阳,—,阳,3.57,大阳3~5,4.4,8.0,9.3,9.1,4,上,3.3,1.59,60日内无板,,,,,,下影+2→下影+4,10.01,-8.41,-8.41,2024-10,2024
002440.SZSE,闰土股份,2026-01-30,二接三阳,—,阳,-0.81,小阴-3~0,3.2,12.7,19.6,22.3,4,上,10.82,5.89,断4~7天,4.0,1.0,19.3,-3.4,01-21,实体+4→下影+2,-2.62,-7.38,-7.38,2026-01,2026
002442.SZSE,龙星科技,2026-05-22,二接三阳,—,阳,3.4,大阳3~5,0.6,-1.4,0.5,1.5,3,下,-0.77,0.81,断16~60天,27.0,1.0,11.3,-7.3,04-07,下影+0→下影+2,1.63,-3.21,-3.21,2026-05,2026
002442.SZSE,龙星科技,2026-05-25,三接四阳,—,阳,3.4,大阳3~5,0.6,-1.4,0.5,1.5,3,下,-0.77,0.81,断16~60天,27.0,1.0,11.3,-7.3,04-07,下影+0→下影+2→下影+2,5.92,-17.15,-17.15,2026-05,2026
002445.SZSE,中南文化,2023-12-18,二接三阴,—,阴,-1.59,小阴-3~0,0.3,4.1,6.3,7.3,4,上,4.22,2.22,60日内无板,,,,,,实体+0→一字+10,5.35,-21.58,-21.58,2023-12,2023
002449.SZSE,国星光电,2024-12-23,二接三阳,—,阳,1.86,小阳0~3,-1.9,-1.8,-1.2,0.8,1,下,-0.81,2.23,断16~60天,51.0,1.0,10.3,-13.7,10-08,实体-2→下影+1,10.01,-5.24,-5.24,2024-12,2024
002449.SZSE,国星光电,2024-12-24,三接四阳,—,阳,1.86,小阳0~3,-1.9,-1.8,-1.2,0.8,1,下,-0.81,2.23,断16~60天,51.0,1.0,10.3,-13.7,10-08,实体-2→下影+1→下影+10,6.44,-5.3,-12.95,2024-12,2024
002451.SZSE,摩恩电气,2023-08-15,二接三阴,—,阴,-1.04,小阴-3~0,-3.1,-5.7,-4.4,-3.9,0,下,0.03,0.12,断8~15天,10.0,1.0,-1.1,-10.3,07-27,下影+4→一字+10,7.41,-0.56,-3.37,2023-08,2023
002451.SZSE,摩恩电气,2025-11-07,三接四阳,—,阳,1.43,小阳0~3,1.1,1.7,3.1,3.6,4,上,1.62,1.13,60日内无板,,,,,,下影+0→一字+10→一字+10,9.97,10.03,31.82,2025-11,2025
002453.SZSE,华软科技,2024-09-23,二接三阴,—,阴,-0.9,小阴-3~0,-3.4,-3.8,-3.1,-6.6,0,下,-0.15,-1.31,60日内无板,,,,,,下影+0→下影+4,-2.01,5.25,6.39,2024-09,2024
002453.SZSE,华软科技,2024-11-04,三接四阴,—,阴,-2.37,小阴-3~0,1.4,3.5,6.4,16.8,4,上,4.19,7.11,断8~15天,15.0,1.0,4.4,-19.7,10-08,下影+0→下影+9→一字+10,9.96,-6.76,-6.76,2024-11,2024
002453.SZSE,华软科技,2025-09-23,二接三阴,—,阴,-3.04,大阴-5~-3,0.7,0.2,-1.1,-1.6,2,上,-0.46,-1.1,断16~60天,36.0,1.0,7.1,-6.3,07-30,下影+0→一字+10,9.96,10.05,8.93,2025-09,2025
002455.SZSE,百川股份,2024-04-15,二接三阴,—,阴,-3.33,大阴-5~-3,1.3,5.1,6.3,8.5,4,上,2.28,2.92,断1天,1.0,1.0,6.3,-4.3,04-09,实体+5→下影+6,5.13,-16.19,-16.19,2024-04,2024
002455.SZSE,百川股份,2026-01-30,二接三阴,—,阴,-1.77,小阴-3~0,-0.9,0.5,0.5,2.5,3,上,0.9,1.57,断16~60天,46.0,1.0,-8.0,-24.5,11-20,实体+4→下影+10,6.19,-2.29,-2.29,2026-01,2026
002455.SZSE,百川股份,2026-02-02,三接四阴,—,阴,-1.77,小阴-3~0,-0.9,0.5,0.5,2.5,3,上,0.9,1.57,断16~60天,46.0,1.0,-8.0,-24.5,11-20,实体+4→下影+10→下影+6,3.13,-2.27,2.18,2026-02,2026
002455.SZSE,百川股份,2026-02-11,三接四阴,A2,阴,-6.03,巨阴≤-5,0.9,14.1,26.7,31.6,4,上,19.37,9.77,断2~3天,2.0,1.0,8.1,-5.1,02-03,下影-2→下影+10→一字+10,7.64,-4.92,-4.92,2026-02,2026
002456.SZSE,欧菲光,2024-10-21,二接三阳,—,阳,-1.92,小阴-3~0,-0.2,-0.0,8.2,11.4,3,上,8.25,3.84,断4~7天,6.0,1.0,-2.6,-16.4,10-08,下影+1→下影+5,7.24,3.72,3.72,2024-10,2024
002456.SZSE,欧菲光,2024-10-22,三接四阳,—,阳,-1.92,小阴-3~0,-0.2,-0.0,8.2,11.4,3,上,8.25,3.84,断4~7天,6.0,1.0,-2.6,-16.4,10-08,下影+1→下影+5→下影+7,7.98,-12.32,-12.32,2024-10,2024
002456.SZSE,欧菲光,2024-10-31,二接三阳,—,阳,0.76,小阳0~3,2.1,10.6,23.9,33.9,4,上,14.4,12.91,断4~7天,5.0,3.0,12.9,-7.8,10-21,下影+0→一字+10,9.98,-9.98,-9.98,2024-10,2024
002457.SZSE,青龙管业,2023-10-27,二接三阳,—,阳,5.05,巨阳≥5,6.6,7.9,8.7,8.5,4,上,1.07,0.7,60日内无板,,,,,,一字+10→下影+10,-3.03,9.97,-1.03,2023-10,2023
002457.SZSE,青龙管业,2023-10-30,三接四阳,A1,阳,5.05,巨阳≥5,6.6,7.9,8.7,8.5,4,上,1.07,0.7,60日内无板,,,,,,一字+10→下影+10→下影-3,9.97,-10.01,-10.01,2023-10,2023
002457.SZSE,青龙管业,2024-10-10,二接三阳,—,阳,9.4,巨阳≥5,11.1,14.9,13.2,13.0,4,上,-0.07,-0.07,60日内无板,,,,,,下影+10→下影+5,7.45,-7.57,-7.57,2024-10,2024
002457.SZSE,青龙管业,2024-10-16,二接三阳,—,阳,5.96,巨阳≥5,7.9,22.6,30.8,33.0,4,上,16.82,7.05,断2~3天,2.0,2.0,11.8,-10.9,10-09,下影+0→下影-0,1.62,-6.21,-6.21,2024-10,2024
002459.SZSE,晶澳科技,2024-10-08,二接三阳,—,阳,6.87,巨阳≥5,7.5,8.8,10.6,11.4,4,上,1.02,2.51,60日内无板,,,,,,下影+2→下影+6,10.04,-10.93,-10.93,2024-10,2024
002459.SZSE,晶澳科技,2024-10-23,二接三阳,—,阳,2.47,小阳0~3,1.1,1.5,14.1,20.7,4,上,10.93,7.62,断8~15天,9.0,2.0,11.3,-9.9,09-30,实体+4→下影+1,1.02,-10.85,-10.85,2024-10,2024
002462.SZSE,嘉事堂,2026-01-07,二接三阴,—,阴,-2.05,小阴-3~0,-2.9,-5.7,-6.2,-6.1,0,下,-2.28,-1.2,60日内无板,,,,,,实体+1→实体+10,10.01,-9.99,-9.99,2026-01,2026
002465.SZSE,海格通信,2026-01-07,二接三阳,—,阳,4.17,大阳3~5,6.6,12.5,16.8,21.4,4,上,6.22,5.16,断2~3天,2.0,1.0,12.9,-3.6,12-29,下影+5→下影+6,4.83,-3.15,-3.15,2026-01,2026
002465.SZSE,海格通信,2026-01-14,二接三阴,—,阴,-1.53,小阴-3~0,4.0,17.6,32.5,40.7,4,上,21.39,11.95,断2~3天,3.0,2.0,15.4,-2.1,01-06,下影+5→下影+10,10.0,-9.99,-9.99,2026-01,2026
002466.SZSE,天齐锂业,2024-10-08,二接三阳,—,阳,3.56,大阳3~5,8.2,9.3,11.1,11.0,4,上,1.92,1.07,断2~3天,2.0,1.0,16.7,0.9,09-24,实体+3→下影+9,10.0,-8.57,-8.57,2024-10,2024
002467.SZSE,二六三,2024-11-22,二接三阳,—,阳,-2.15,小阴-3~0,-0.3,0.3,5.1,8.7,3,上,4.97,3.88,断2~3天,2.0,1.0,4.8,-8.8,11-15,下影-1→下影+10,4.17,10.05,33.94,2024-11,2024
002469.SZSE,三维化学,2024-11-15,二接三阳,—,阳,2.04,小阳0~3,3.8,6.5,8.9,10.1,4,上,2.85,2.24,60日内无板,,,,,,下影+0→下影+3,2.07,10.01,14.27,2024-11,2024
002469.SZSE,三维化学,2024-11-22,二接三阴,—,阴,3.87,大阳3~5,14.8,33.0,47.9,55.2,4,上,21.93,12.0,断1天,1.0,4.0,14.2,-6.1,11-18,一字+10→一字+10,9.96,7.83,-2.97,2024-11,2024
002470.SZSE,金正大,2026-02-27,三接四阴,—,阴,-3.64,大阴-5~-3,-0.8,3.2,7.4,10.9,3,上,5.06,4.67,断2~3天,2.0,1.0,2.6,-7.0,02-11,下影+4→下影+5→一字+10,4.96,-6.13,-6.13,2026-02,2026
002471.SZSE,中超控股,2025-05-08,三接四阳,—,阳,-0.74,小阴-3~0,-4.1,-8.1,-10.9,-8.7,0,下,-5.62,0.07,断8~15天,11.0,1.0,-9.7,-19.5,04-14,下影+5→一字+10→一字+10,8.61,-4.8,-4.8,2025-05,2025
002471.SZSE,中超控股,2025-05-26,二接三阴,—,阴,-5.58,巨阴≤-5,-2.3,-2.6,11.5,15.3,2,下,13.15,5.89,断2~3天,2.0,2.0,-1.6,-11.0,05-19,实体+2→下影+9,5.94,10.04,6.37,2025-05,2025
002471.SZSE,中超控股,2025-05-27,三接四阴,—,阴,-5.58,巨阴≤-5,-2.3,-2.6,11.5,15.3,2,下,13.15,5.89,断2~3天,2.0,2.0,-1.6,-11.0,05-19,实体+2→下影+9→下影+6,3.47,-3.33,-3.33,2025-05,2025
002471.SZSE,中超控股,2025-12-16,三接四阴,—,阴,2.09,小阳0~3,2.0,3.1,2.5,-0.4,3,上,1.84,-1.91,断16~60天,48.0,1.0,-10.9,-25.3,09-25,实体+0→下影+5→一字+10,-0.17,-13.55,-13.55,2025-12,2025
002471.SZSE,中超控股,2025-12-30,二接三阳,—,阳,3.64,大阳3~5,3.9,1.8,14.7,20.3,4,上,10.19,7.31,断1天,1.0,1.0,14.0,2.2,12-24,下影+3→一字+10,7.11,5.8,5.8,2025-12,2025
002474.SZSE,榕基软件,2024-03-14,二接三阳,—,阳,2.32,小阳0~3,2.3,2.0,8.9,5.1,4,上,2.44,0.26,断8~15天,15.0,2.0,27.6,-0.9,02-19,实体+0→实体+4,7.33,-12.62,-12.62,2024-03,2024
002474.SZSE,榕基软件,2025-11-19,二接三阳,—,阳,-0.64,小阴-3~0,0.2,-3.7,-3.1,0.5,2,下,-2.89,0.33,断8~15天,13.0,1.0,-0.7,-12.9,10-28,下影+2→实体+2,10.05,10.01,21.09,2025-11,2025
002474.SZSE,榕基软件,2025-11-20,三接四阳,—,阳,-0.64,小阴-3~0,0.2,-3.7,-3.1,0.5,2,下,-2.89,0.33,断8~15天,13.0,1.0,-0.7,-12.9,10-28,下影+2→实体+2→下影+10,7.87,9.98,10.07,2025-11,2025
002481.SZSE,双塔食品,2024-12-11,二接三阳,—,阳,2.09,小阳0~3,1.1,4.3,5.0,4.1,4,上,4.17,0.05,断16~60天,44.0,1.0,19.6,-7.9,09-30,下影+0→一字+10,7.54,-0.42,-0.42,2024-12,2024
002490.SZSE,山东墨龙,2025-06-17,二接三阴,—,阴,-1.0,小阴-3~0,-1.7,-1.6,-2.8,-6.0,0,下,-0.07,-4.06,断16~60天,24.0,3.0,-17.5,-26.0,05-08,下影+6→一字+10,4.18,10.06,31.88,2025-06,2025
002490.SZSE,山东墨龙,2025-06-18,三接四阴,A2,阴,-1.0,小阴-3~0,-1.7,-1.6,-2.8,-6.0,0,下,-0.07,-4.06,断16~60天,24.0,3.0,-17.5,-26.0,05-08,下影+6→一字+10→下影+4,4.36,10.0,19.83,2025-06,2025
002490.SZSE,山东墨龙,2025-10-23,二接三阳,—,阳,3.83,大阳3~5,7.8,12.5,14.9,16.4,4,上,5.23,2.41,断1天,1.0,1.0,14.2,-1.8,10-17,实体+2→下影+6,0.0,-10.04,-10.04,2025-10,2025
002490.SZSE,山东墨龙,2026-03-04,二接三阳,—,阳,1.03,小阳0~3,3.6,5.8,3.8,5.4,4,上,1.45,1.4,断2~3天,3.0,1.0,14.3,-1.9,02-24,下影+10→一字+10,10.05,8.36,8.36,2026-03,2026
002490.SZSE,山东墨龙,2026-03-05,三接四阳,—,阳,1.03,小阳0~3,3.6,5.8,3.8,5.4,4,上,1.45,1.4,断2~3天,3.0,1.0,14.3,-1.9,02-24,下影+10→一字+10→下影+10,1.45,2.4,2.4,2026-03,2026
002491.SZSE,通鼎互联,2026-02-03,二接三阳,—,阳,5.93,巨阳≥5,9.0,13.7,15.2,13.4,4,上,3.27,0.94,断16~60天,27.0,1.0,9.6,-19.3,12-19,下影-5→下影+7,-0.46,-1.68,-1.68,2026-02,2026
002491.SZSE,通鼎互联,2026-05-11,二接三阳,—,阳,8.04,巨阳≥5,3.1,2.9,9.0,20.8,4,上,5.04,8.22,断8~15天,9.0,1.0,12.9,-8.2,04-20,下影+10→实体+7,10.02,9.99,18.57,2026-05,2026
002491.SZSE,通鼎互联,2026-05-12,三接四阳,—,阳,8.04,巨阳≥5,3.1,2.9,9.0,20.8,4,上,5.04,8.22,断8~15天,9.0,1.0,12.9,-8.2,04-20,下影+10→实体+7→下影+10,7.79,7.8,7.8,2026-05,2026
002491.SZSE,通鼎互联,2026-06-22,二接三阳,—,阳,8.16,巨阳≥5,7.6,4.8,8.8,11.0,4,上,1.94,-0.05,断8~15天,8.0,1.0,7.0,-16.7,06-04,下影+0→实体+5,8.55,-3.05,-3.05,2026-06,2026
002497.SZSE,雅化集团,2025-07-23,二接三阳,—,阳,2.47,小阳0~3,2.7,3.8,4.7,5.8,4,上,1.16,1.37,60日内无板,,,,,,下影+10→下影+10,6.68,-7.45,-7.45,2025-07,2025
002498.SZSE,汉缆股份,2026-01-21,三接四阳,—,阳,-0.5,小阴-3~0,-0.9,0.2,1.4,2.2,3,上,1.57,0.49,60日内无板,,,,,,实体+4→一字+10→一字+10,8.71,4.13,4.13,2026-01,2026
002498.SZSE,汉缆股份,2026-02-24,二接三阴,—,阴,-2.27,小阴-3~0,-2.7,-1.6,1.1,11.8,2,下,-1.75,8.55,断4~7天,7.0,1.0,9.0,-2.7,02-02,下影+1→实体+2,4.87,10.07,12.48,2026-02,2026
002498.SZSE,汉缆股份,2026-02-25,三接四阴,—,阴,-2.27,小阴-3~0,-2.7,-1.6,1.1,11.8,2,下,-1.75,8.55,断4~7天,7.0,1.0,9.0,-2.7,02-02,下影+1→实体+2→下影+5,5.1,2.2,2.2,2026-02,2026
002498.SZSE,汉缆股份,2026-03-06,二接三阴,—,阴,-7.51,巨阴≤-5,-8.1,2.8,14.6,23.7,3,上,18.06,9.41,断4~7天,4.0,4.0,-0.9,-10.4,02-25,下影-1→实体+10,6.71,1.32,1.32,2026-03,2026
002500.SZSE,山西证券,2024-10-08,二接三阳,—,阳,4.21,大阳3~5,6.0,8.5,10.8,11.3,4,上,3.23,1.85,60日内无板,,,,,,下影+3→下影+8,10.0,-10.06,-10.06,2024-10,2024
002506.SZSE,协鑫集成,2024-11-04,二接三阳,—,阳,-0.81,小阴-3~0,0.0,5.9,8.8,16.3,4,上,6.78,7.4,断2~3天,3.0,1.0,8.0,-4.0,10-25,实体+3→下影+10,6.73,1.83,3.36,2024-11,2024
002506.SZSE,协鑫集成,2026-01-27,二接三阳,—,阳,3.26,大阳3~5,0.2,-1.3,-0.2,2.0,2,下,-0.41,2.16,断16~60天,17.0,1.0,7.2,-7.2,12-26,实体+1→下影+10,-2.03,-7.63,-7.63,2026-01,2026
002506.SZSE,协鑫集成,2026-02-06,二接三阳,—,阳,4.24,大阳3~5,0.6,4.3,10.8,15.1,4,上,8.7,4.88,断4~7天,6.0,2.0,9.6,-6.7,01-26,下影+0→下影+6,-3.61,10.04,14.85,2026-02,2026
002506.SZSE,协鑫集成,2026-02-09,三接四阳,—,阳,4.24,大阳3~5,0.6,4.3,10.8,15.1,4,上,8.7,4.88,断4~7天,6.0,2.0,9.6,-6.7,01-26,下影+0→下影+6→下影-4,9.61,4.37,4.37,2026-02,2026
002510.SZSE,天汽模,2023-12-08,二接三阳,—,阳,0.83,小阳0~3,0.2,2.0,5.2,6.5,4,上,3.72,2.11,60日内无板,,,,,,一字+10→一字+10,10.02,-19.44,-19.44,2023-12,2023
002510.SZSE,天汽模,2024-11-11,三接四阳,—,阳,4.33,大阳3~5,6.7,10.2,15.3,19.0,4,上,6.86,3.43,60日内无板,,,,,,下影-0→一字+10→一字+10,4.01,9.99,3.24,2024-11,2024
002513.SZSE,蓝丰生化,2024-11-04,二接三阴,—,阴,-3.29,大阴-5~-3,-1.3,6.0,13.3,19.5,3,上,12.86,7.42,断2~3天,2.0,2.0,-0.8,-12.3,10-28,下影-0→实体+2,-0.53,10.06,26.68,2024-11,2024
002513.SZSE,蓝丰生化,2024-11-05,三接四阴,—,阴,-3.29,大阴-5~-3,-1.3,6.0,13.3,19.5,3,上,12.86,7.42,断2~3天,2.0,2.0,-0.8,-12.3,10-28,下影-0→实体+2→下影-1,8.31,10.01,15.09,2024-11,2024
002513.SZSE,蓝丰生化,2025-09-25,三接四阳,—,阳,1.14,小阳0~3,-0.1,0.2,1.0,-0.9,2,上,1.62,-1.03,60日内无板,,,,,,下影-1→下影-1→一字+10,0.7,9.99,19.85,2025-09,2025
002519.SZSE,银河电子,2025-12-02,二接三阳,—,阳,-0.64,小阴-3~0,-1.2,-2.5,-1.9,-1.1,0,下,-0.54,0.22,60日内无板,,,,,,下影+0→下影+10,-1.77,4.82,-3.86,2025-12,2025
002519.SZSE,银河电子,2026-01-08,三接四阳,—,阳,1.41,小阳0~3,2.8,5.8,3.6,10.0,4,上,-2.47,2.98,断8~15天,14.0,1.0,3.6,-20.6,12-11,下影+2→下影+7→一字+10,9.98,10.02,9.92,2026-01,2026
002520.SZSE,日发精机,2024-09-05,二接三阴,—,阴,-0.54,小阴-3~0,2.2,2.6,0.5,-2.0,3,上,-1.15,-2.84,60日内无板,,,,,,下影+1→下影+8,3.34,9.92,8.7,2024-09,2024
002520.SZSE,日发精机,2024-09-06,三接四阴,—,阴,-0.54,小阴-3~0,2.2,2.6,0.5,-2.0,3,上,-1.15,-2.84,60日内无板,,,,,,下影+1→下影+8→下影+3,0.0,9.94,-1.1,2024-09,2024
002520.SZSE,日发精机,2024-12-04,三接四阳,—,阳,0.0,小阳0~3,0.4,0.3,-3.5,-2.2,2,上,-3.67,-0.85,断16~60天,51.0,5.0,-5.4,-34.5,09-09,下影+1→一字+10→一字+10,9.94,9.97,8.91,2024-12,2024
002522.SZSE,浙江众成,2025-02-24,三接四阴,—,阴,-0.48,小阴-3~0,-0.0,1.5,4.2,6.0,4,上,3.52,2.7,60日内无板,,,,,,实体-0→一字+10→一字+10,10.04,0.83,0.83,2025-02,2025
002527.SZSE,新时达,2023-06-19,二接三阳,—,阳,2.23,小阳0~3,4.1,5.1,3.8,6.9,4,上,-0.93,1.94,断16~60天,29.0,1.0,29.1,-1.0,05-04,下影-1→一字+10,0.0,5.91,24.55,2023-06,2023
002527.SZSE,新时达,2023-06-26,二接三阳,—,阳,5.9,巨阳≥5,15.1,25.2,28.5,32.5,4,上,8.03,4.57,断1天,1.0,2.0,16.5,-0.6,06-16,实体-4→下影+7,3.74,-8.72,-8.72,2023-06,2023
002527.SZSE,新时达,2023-08-21,二接三阴,—,阴,-7.76,巨阴≤-5,-4.2,-3.7,-1.9,-5.0,0,下,3.68,-0.43,断2~3天,3.0,1.0,2.9,-7.5,08-11,下影-1→下影+10,3.95,-5.59,-5.59,2023-08,2023
002529.SZSE,海源复材,2024-10-24,二接三阳,—,阳,1.3,小阳0~3,1.3,-1.9,-0.4,4.6,2,下,-2.39,2.44,断16~60天,20.0,2.0,7.2,-13.8,09-12,下影-0→下影+2,5.43,9.99,18.77,2024-10,2024
002529.SZSE,海源复材,2024-10-25,三接四阳,—,阳,1.3,小阳0~3,1.3,-1.9,-0.4,4.6,2,下,-2.39,2.44,断16~60天,20.0,2.0,7.2,-13.8,09-12,下影-0→下影+2→下影+5,-3.73,9.96,7.99,2024-10,2024
002530.SZSE,金财互联,2024-12-09,二接三阴,—,阴,-5.53,巨阴≤-5,-0.8,1.7,2.6,6.7,3,上,-1.57,4.14,断4~7天,5.0,1.0,11.5,-2.8,11-27,实体+0→实体+5,9.95,10.03,-1.0,2024-12,2024
002530.SZSE,金财互联,2025-02-05,二接三阳,—,阳,5.49,巨阳≥5,2.5,4.1,2.8,-0.1,3,上,-2.95,0.45,断4~7天,7.0,1.0,13.9,-4.2,01-14,实体-0→下影+5,1.65,-5.11,-8.11,2025-02,2025
002534.SZSE,西子洁能,2023-04-11,二接三阳,—,阳,1.2,小阳0~3,-1.2,,,,0,缺失,,,60日内无板,,,,,,实体+9→下影+4,3.68,-0.89,-0.89,2023-04,2023
002534.SZSE,西子洁能,2025-07-23,二接三阴,—,阴,-0.17,小阴-3~0,-0.3,-1.2,0.2,1.5,2,下,0.49,1.3,60日内无板,,,,,,实体+0→下影+7,8.32,-13.83,-13.83,2025-07,2025
002535.SZSE,林州重机,2023-07-05,三接四阳,—,阳,4.68,大阳3~5,11.6,12.9,20.3,25.9,4,上,7.0,5.0,断1天,1.0,1.0,15.2,-2.2,06-28,下影-3→下影+10→一字+10,6.92,-6.82,-6.82,2023-07,2023
002535.SZSE,林州重机,2023-07-14,二接三阴,—,阴,3.04,大阳3~5,-8.6,-2.8,13.7,23.8,2,下,21.43,13.84,断4~7天,4.0,4.0,-12.9,-23.2,07-05,下影+10→下影+6,5.99,-3.07,-1.19,2023-07,2023
002536.SZSE,飞龙股份,2023-06-13,二接三阴,—,阴,-0.19,小阴-3~0,-1.7,-1.5,-1.0,-0.1,0,下,0.17,0.97,60日内无板,,,,,,下影+2→下影+6,9.98,5.43,5.43,2023-06,2023
002536.SZSE,飞龙股份,2023-06-14,三接四阴,—,阴,-0.19,小阴-3~0,-1.7,-1.5,-1.0,-0.1,0,下,0.17,0.97,60日内无板,,,,,,下影+2→下影+6→下影+10,4.14,-13.77,-13.77,2023-06,2023
002536.SZSE,飞龙股份,2025-08-15,二接三阴,—,阴,-2.67,小阴-3~0,4.7,15.9,26.3,32.5,4,上,15.07,9.42,断4~7天,4.0,1.0,25.0,1.6,08-06,下影+1→下影+6,-0.63,9.99,10.57,2025-08,2025
002536.SZSE,飞龙股份,2025-08-18,三接四阴,—,阴,-2.67,小阴-3~0,4.7,15.9,26.3,32.5,4,上,15.07,9.42,断4~7天,4.0,1.0,25.0,1.6,08-06,下影+1→下影+6→下影-1,6.35,0.52,0.52,2025-08,2025
002537.SZSE,海联金汇,2025-04-24,三接四阳,—,阳,-1.29,小阴-3~0,-3.6,1.7,3.5,3.1,3,上,5.36,1.27,断4~7天,5.0,2.0,2.0,-7.6,04-11,下影-0→一字+10→一字+10,6.76,0.22,0.22,2025-04,2025
002537.SZSE,海联金汇,2025-06-03,二接三阳,—,阳,1.62,小阳0~3,1.9,-0.4,-2.8,-3.3,1,下,-2.96,-4.35,断16~60天,21.0,4.0,-15.4,-27.0,04-24,下影+0→一字+10,6.6,-7.31,-7.31,2025-06,2025
002537.SZSE,海联金汇,2025-06-25,二接三阴,—,阴,-1.37,小阴-3~0,-2.9,1.1,6.0,10.8,3,上,1.97,6.02,断4~7天,4.0,1.0,10.6,-5.0,06-16,实体+2→下影+9,1.73,-3.32,-3.32,2025-06,2025
002543.SZSE,万和电气,2025-01-20,二接三阴,—,阴,-0.4,小阴-3~0,-0.1,-1.3,-2.6,-3.7,0,下,-2.09,-1.59,60日内无板,,,,,,下影+1→下影+6,0.5,-9.06,-9.06,2025-01,2025
002544.SZSE,普天科技,2024-03-13,二接三阳,—,阳,2.14,小阳0~3,-0.1,1.2,8.2,5.7,3,上,5.09,0.52,断16~60天,16.0,1.0,33.5,0.1,02-07,实体-1→下影+8,4.83,1.99,1.99,2024-03,2024
002546.SZSE,新联电子,2023-05-25,二接三阳,—,阳,0.36,小阳0~3,2.8,11.3,17.6,22.8,4,上,9.34,6.42,断2~3天,3.0,1.0,13.9,-3.8,05-17,实体-3→实体+1,-5.41,-1.91,-1.91,2023-05,2023
002549.SZSE,凯美特气,2025-04-01,三接四阳,—,阳,2.12,小阳0~3,0.9,-0.2,-1.9,-2.0,1,下,-2.24,-1.03,断16~60天,36.0,1.0,7.1,-7.5,01-27,下影+0→一字+10→一字+10,0.0,10.01,10.01,2025-04,2025
002549.SZSE,凯美特气,2025-07-02,二接三阴,—,阴,-0.43,小阴-3~0,-1.3,-1.0,-4.2,-5.4,0,下,-1.93,-2.53,断16~60天,22.0,2.0,-8.8,-22.2,05-27,实体+6→下影+10,2.03,6.42,6.42,2025-07,2025
002549.SZSE,凯美特气,2025-08-14,二接三阳,—,阳,0.24,小阳0~3,-0.5,1.3,2.8,3.5,3,上,0.5,1.94,断16~60天,28.0,3.0,9.6,-11.6,07-02,下影+1→实体+5,9.99,0.97,3.75,2025-08,2025
002549.SZSE,凯美特气,2025-09-23,二接三阳,—,阳,4.54,大阳3~5,9.6,10.9,13.9,17.2,4,上,2.62,0.91,断1天,1.0,1.0,15.0,-0.9,09-17,实体-4→下影+5,-0.66,3.86,3.86,2025-09,2025
002551.SZSE,尚荣医疗,2025-05-14,二接三阴,—,阴,-0.9,小阴-3~0,0.8,3.0,5.8,3.9,4,上,3.05,0.34,60日内无板,,,,,,下影+0→下影+2,10.03,-3.87,-3.87,2025-05,2025
002552.SZSE,宝鼎科技,2026-05-11,二接三阳,—,阳,3.53,大阳3~5,3.1,4.8,12.8,21.1,4,上,4.56,8.03,60日内无板,,,,,,下影+3→下影+4,9.69,9.99,14.43,2026-05,2026
002552.SZSE,宝鼎科技,2026-05-12,三接四阳,—,阳,3.53,大阳3~5,3.1,4.8,12.8,21.1,4,上,4.56,8.03,60日内无板,,,,,,下影+3→下影+4→下影+10,3.94,4.03,4.03,2026-05,2026
002552.SZSE,宝鼎科技,2026-05-26,二接三阴,—,阴,-3.21,大阴-5~-3,0.6,6.4,28.7,43.9,4,上,23.84,15.89,断2~3天,2.0,2.0,2.4,-8.2,05-19,下影+2→下影+9,1.85,4.88,4.88,2026-05,2026
002552.SZSE,宝鼎科技,2026-05-27,三接四阴,—,阴,-3.21,大阴-5~-3,0.6,6.4,28.7,43.9,4,上,23.84,15.89,断2~3天,2.0,2.0,2.4,-8.2,05-19,下影+2→下影+9→下影+2,-0.37,4.87,8.87,2026-05,2026
002552.SZSE,宝鼎科技,2026-08-06,二接三阴,—,阴,-7.25,巨阴≤-5,-5.0,-13.0,-30.0,-38.3,0,下,-19.37,-12.73,断1天,1.0,1.0,2.0,-8.2,07-31,下影+4→下影+5,3.74,10.01,26.21,2026-08,2026
002552.SZSE,宝鼎科技,2026-08-07,三接四阴,—,阴,-7.25,巨阴≤-5,-5.0,-13.0,-30.0,-38.3,0,下,-19.37,-12.73,断1天,1.0,1.0,2.0,-8.2,07-31,下影+4→下影+5→实体+4,8.62,10.0,14.73,2026-08,2026
002553.SZSE,南方精工,2023-06-27,三接四阴,—,阴,-5.3,巨阴≤-5,1.0,7.0,11.6,15.2,4,上,8.14,4.4,断2~3天,2.0,1.0,5.0,-4.7,06-15,一字+10→一字+10→一字+10,5.02,5.04,5.04,2023-06,2023
002553.SZSE,南方精工,2024-02-28,二接三阳,—,阳,6.79,巨阳≥5,8.8,15.6,6.1,-2.1,3,上,-4.17,-5.84,60日内无板,,,,,,下影+5→下影+6,10.0,-14.95,-14.95,2024-02,2024
002553.SZSE,南方精工,2025-03-20,二接三阳,—,阳,5.35,巨阳≥5,3.7,5.6,8.8,12.1,4,上,3.9,3.7,断8~15天,9.0,1.0,22.2,-0.4,03-04,实体-2→下影+3,-0.94,9.99,-0.99,2025-03,2025
002553.SZSE,南方精工,2025-03-21,三接四阳,—,阳,5.35,巨阳≥5,3.7,5.6,8.8,12.1,4,上,3.9,3.7,断8~15天,9.0,1.0,22.2,-0.4,03-04,实体-2→下影+3→下影-1,0.0,-9.98,-9.98,2025-03,2025
002554.SZSE,惠博普,2026-01-16,二接三阴,—,阴,-1.52,小阴-3~0,0.0,-1.5,1.5,-1.9,2,下,3.05,-1.83,断16~60天,45.0,1.0,-3.8,-20.9,11-03,下影+0→一字+10,9.97,-14.19,-14.19,2026-01,2026
002559.SZSE,亚威股份,2023-11-21,三接四阳,—,阳,1.27,小阳0~3,1.8,3.5,6.2,3.7,4,上,2.87,0.24,断16~60天,30.0,2.0,1.2,-19.2,09-26,下影-0→下影+1→一字+10,9.97,10.01,-1.02,2023-11,2023
002560.SZSE,通达股份,2025-05-19,二接三阴,—,阴,-1.18,小阴-3~0,0.2,8.3,15.5,17.9,4,上,9.97,7.61,断4~7天,4.0,1.0,11.9,-4.5,05-08,下影-0→下影+7,10.01,-16.1,-16.1,2025-05,2025
002560.SZSE,通达股份,2026-04-02,二接三阳,—,阳,1.24,小阳0~3,1.3,0.8,-5.5,-6.4,2,上,-6.4,-2.93,断16~60天,59.0,1.0,1.1,-15.3,12-25,下影+5→下影+5,9.44,-3.37,-3.37,2026-04,2026
002560.SZSE,通达股份,2026-04-03,三接四阳,—,阳,1.24,小阳0~3,1.3,0.8,-5.5,-6.4,2,上,-6.4,-2.93,断16~60天,59.0,1.0,1.1,-15.3,12-25,下影+5→下影+5→下影+9,5.51,-7.79,-7.79,2026-04,2026
002562.SZSE,兄弟科技,2024-10-28,二接三阴,—,阴,-1.45,小阴-3~0,0.4,3.8,8.9,13.8,4,上,3.34,5.43,60日内无板,,,,,,实体+3→下影+0,4.86,-11.79,-11.79,2024-10,2024
002565.SZSE,顺灏股份,2025-12-02,二接三阳,—,阳,-1.35,小阴-3~0,0.4,0.4,0.0,2.0,4,上,-1.37,1.54,断16~60天,52.0,1.0,8.1,-11.8,09-08,一字+10→一字+10,1.59,9.99,11.43,2025-12,2025
002565.SZSE,顺灏股份,2025-12-03,三接四阳,A1,阳,-1.35,小阴-3~0,0.4,0.4,0.0,2.0,4,上,-1.37,1.54,断16~60天,52.0,1.0,8.1,-11.8,09-08,一字+10→一字+10→下影+2,0.1,1.31,1.31,2025-12,2025
002565.SZSE,顺灏股份,2025-12-09,二接三阳,—,阳,1.31,小阳0~3,12.5,28.2,36.8,42.2,4,上,16.04,8.34,断1天,1.0,4.0,11.4,-5.4,12-03,实体+2→下影+10,1.76,-6.46,-6.46,2025-12,2025
002570.SZSE,贝因美,2024-10-08,二接三阳,—,阳,1.78,小阳0~3,6.6,11.6,14.4,15.9,4,上,4.53,3.63,60日内无板,,,,,,一字+10→一字+10,10.09,-11.52,-11.52,2024-10,2024
002570.SZSE,贝因美,2024-10-30,二接三阴,—,阴,-2.11,小阴-3~0,7.3,17.4,25.1,37.0,4,上,6.89,11.99,断1天,1.0,1.0,7.7,-5.2,10-24,实体+2→下影+10,0.2,2.34,2.34,2024-10,2024
002570.SZSE,贝因美,2024-10-31,三接四阴,—,阴,-2.11,小阴-3~0,7.3,17.4,25.1,37.0,4,上,6.89,11.99,断1天,1.0,1.0,7.7,-5.2,10-24,实体+2→下影+10→下影+0,3.96,-16.34,-16.34,2024-10,2024
002570.SZSE,贝因美,2025-04-10,二接三阳,—,阳,-3.27,大阴-5~-3,-0.6,-3.3,-2.3,-0.4,0,下,-4.46,0.87,断8~15天,8.0,1.0,1.0,-11.8,03-25,实体+1→下影+2,-4.01,10.0,6.83,2025-04,2025
002570.SZSE,贝因美,2025-04-11,三接四阳,—,阳,-3.27,大阴-5~-3,-0.6,-3.3,-2.3,-0.4,0,下,-4.46,0.87,断8~15天,8.0,1.0,1.0,-11.8,03-25,实体+1→下影+2→下影-4,3.33,-2.89,-2.89,2025-04,2025
002574.SZSE,明牌珠宝,2025-03-13,二接三阳,—,阳,1.03,小阳0~3,0.2,1.1,2.0,3.9,4,上,1.62,1.47,60日内无板,,,,,,下影-0→一字+10,9.97,9.98,22.89,2025-03,2025
002574.SZSE,明牌珠宝,2026-01-14,二接三阳,—,阳,1.23,小阳0~3,0.9,1.4,2.7,0.4,4,上,0.73,-0.66,断16~60天,32.0,1.0,-1.9,-19.0,11-24,实体+0→下影-2,-3.0,-10.01,-10.01,2026-01,2026
002575.SZSE,群兴玩具,2025-03-04,三接四阳,—,阳,4.92,大阳3~5,7.1,8.5,18.2,23.5,4,上,5.97,6.59,断2~3天,2.0,1.0,14.5,-2.0,02-24,一字+10→一字+10→一字+10,10.01,-15.43,-15.43,2025-03,2025
002577.SZSE,雷柏科技,2024-12-27,二接三阳,—,阳,1.43,小阳0~3,-1.7,-3.3,-1.8,-0.2,0,下,-0.26,1.4,60日内无板,,,,,,实体-0→一字+10,2.02,-3.49,-3.49,2024-12,2024
002577.SZSE,雷柏科技,2024-12-30,三接四阳,—,阳,1.43,小阳0~3,-1.7,-3.3,-1.8,-0.2,0,下,-0.26,1.4,60日内无板,,,,,,实体-0→一字+10→下影+2,5.55,-21.03,-21.03,2024-12,2024
002578.SZSE,闽发铝业,2024-01-02,二接三阴,—,阴,-1.6,小阴-3~0,-1.9,-0.6,-0.9,-1.7,0,下,0.89,-0.36,60日内无板,,,,,,实体-1→一字+10,1.56,-7.51,-7.51,2024-01,2024
002578.SZSE,闽发铝业,2025-11-14,二接三阴,—,阴,-3.82,大阴-5~-3,-1.7,1.7,6.6,10.9,3,上,5.99,4.51,断2~3天,3.0,1.0,3.5,-7.0,11-06,下影+0→下影+4,2.67,-7.84,-7.84,2025-11,2025
002579.SZSE,中京电子,2025-06-20,二接三阴,—,阴,-1.21,小阴-3~0,0.0,0.5,2.2,2.6,4,上,1.55,0.87,60日内无板,,,,,,下影-0→一字+10,9.99,5.5,5.5,2025-06,2025
002579.SZSE,中京电子,2026-05-28,二接三阴,—,阴,1.56,小阳0~3,3.4,2.7,4.9,5.0,4,上,1.22,0.09,断16~60天,34.0,1.0,22.4,-3.8,04-01,下影+0→下影+10,1.87,-5.72,-5.72,2026-05,2026
002580.SZSE,圣阳股份,2023-10-30,二接三阳,—,阳,1.65,小阳0~3,1.2,-0.6,-3.0,-4.7,1,下,-2.93,-2.09,60日内无板,,,,,,下影-1→下影+4,9.06,-16.01,-16.01,2023-10,2023
002580.SZSE,圣阳股份,2025-02-25,二接三阳,—,阳,1.58,小阳0~3,1.8,4.3,6.6,7.8,4,上,3.64,3.15,断16~60天,17.0,1.0,15.6,-7.8,01-20,实体-0→下影+4,3.18,9.98,16.46,2025-02,2025
002580.SZSE,圣阳股份,2026-04-13,二接三阴,—,阴,-2.55,小阴-3~0,-5.1,-4.3,4.6,8.8,2,下,9.48,5.81,断4~7天,5.0,1.0,-2.0,-15.7,03-31,下影-1→下影+0,2.48,10.01,58.05,2026-04,2026
002580.SZSE,圣阳股份,2026-04-14,三接四阴,—,阴,-2.55,小阴-3~0,-5.1,-4.3,4.6,8.8,2,下,9.48,5.81,断4~7天,5.0,1.0,-2.0,-15.7,03-31,下影-1→下影+0→下影+2,9.15,10.01,43.67,2026-04,2026
002583.SZSE,海能达,2024-10-09,二接三阴,—,阴,-4.42,大阴-5~-3,7.6,28.0,41.5,46.1,4,上,24.25,11.96,断1天,1.0,6.0,5.2,-6.0,09-26,实体+0→下影+10,1.77,-6.07,-6.07,2024-10,2024
002583.SZSE,海能达,2024-10-17,二接三阴,—,阴,5.04,巨阳≥5,9.3,24.9,60.5,78.0,4,上,39.43,23.38,断1天,1.0,1.0,15.6,-8.9,10-11,实体+2→下影-2,6.6,2.49,117.67,2024-10,2024
002583.SZSE,海能达,2024-10-22,二接三阴,—,阴,2.45,小阳0~3,12.7,29.4,68.5,94.8,4,上,35.03,29.23,断1天,1.0,2.0,12.7,-6.8,10-16,下影+6→下影+0,6.46,10.02,75.4,2024-10,2024
002583.SZSE,海能达,2024-10-23,三接四阴,A2,阴,2.45,小阳0~3,12.7,29.4,68.5,94.8,4,上,35.03,29.23,断1天,1.0,2.0,12.7,-6.8,10-16,下影+6→下影+0→下影+6,4.42,9.99,59.42,2024-10,2024
002583.SZSE,海能达,2024-11-21,二接三阳,—,阳,-0.7,小阴-3~0,-5.5,-7.1,-7.2,13.5,1,下,-8.8,12.85,断8~15天,12.0,10.0,-22.8,-31.8,10-31,下影-2→下影-1,9.77,-14.64,-14.64,2024-11,2024
002584.SZSE,西陇科学,2023-11-10,二接三阴,—,阴,-0.66,小阴-3~0,-0.7,0.5,4.0,4.0,3,上,5.52,1.62,断16~60天,45.0,1.0,-3.9,-23.4,08-28,下影-0→一字+10,3.99,10.0,11.25,2023-11,2023
002584.SZSE,西陇科学,2023-11-13,三接四阴,—,阴,-0.66,小阴-3~0,-0.7,0.5,4.0,4.0,3,上,5.52,1.62,断16~60天,45.0,1.0,-3.9,-23.4,08-28,下影-0→一字+10→下影+4,6.25,1.14,1.14,2023-11,2023
002584.SZSE,西陇科学,2023-11-17,二接三阳,B2,阳,1.14,小阳0~3,12.4,27.4,40.7,45.4,4,上,16.77,9.5,断1天,1.0,4.0,11.2,-10.0,11-13,下影-3→下影-5,4.64,10.04,1.52,2023-11,2023
002584.SZSE,西陇科学,2023-11-20,三接四阳,—,阳,1.14,小阳0~3,12.4,27.4,40.7,45.4,4,上,16.77,9.5,断1天,1.0,4.0,11.2,-10.0,11-13,下影-3→下影-5→实体+5,5.49,-7.75,-7.75,2023-11,2023
002585.SZSE,双星新材,2026-05-26,二接三阴,—,阴,-2.51,小阴-3~0,-4.1,-3.9,-0.0,4.7,2,下,3.83,3.97,断8~15天,8.0,1.0,3.5,-7.8,05-11,下影+0→下影+9,1.92,-1.1,-1.1,2026-05,2026
002589.SZSE,瑞康医药,2025-12-05,二接三阳,—,阳,1.27,小阳0~3,1.5,5.7,5.9,7.3,4,上,1.65,2.15,断4~7天,4.0,1.0,10.3,-3.8,11-26,下影+0→下影+7,3.1,10.09,-0.94,2025-12,2025
002589.SZSE,瑞康医药,2025-12-08,三接四阳,—,阳,1.27,小阳0~3,1.5,5.7,5.9,7.3,4,上,1.65,2.15,断4~7天,4.0,1.0,10.3,-3.8,11-26,下影+0→下影+7→实体+3,10.09,-10.02,-10.02,2025-12,2025
002590.SZSE,万安科技,2023-07-12,二接三阳,—,阳,1.13,小阳0~3,1.4,5.1,10.8,14.5,4,上,6.37,4.93,断8~15天,10.0,1.0,16.6,-7.1,06-21,下影+2→下影+2,5.3,9.99,-0.98,2023-07,2023
002590.SZSE,万安科技,2023-07-13,三接四阳,—,阳,1.13,小阳0~3,1.4,5.1,10.8,14.5,4,上,6.37,4.93,断8~15天,10.0,1.0,16.6,-7.1,06-21,下影+2→下影+2→下影+5,-2.17,-9.97,-9.97,2023-07,2023
002590.SZSE,万安科技,2024-04-19,二接三阴,—,阴,-5.24,巨阴≤-5,-7.5,-12.1,-14.6,-13.9,0,下,-4.38,-1.95,断16~60天,46.0,1.0,9.7,-19.1,01-31,实体+5→一字+10,3.97,-4.7,-4.7,2024-04,2024
002590.SZSE,万安科技,2025-05-20,二接三阴,—,阴,-1.32,小阴-3~0,-1.4,-1.2,1.6,1.3,2,下,2.14,2.4,断16~60天,48.0,1.0,-5.9,-30.9,03-04,实体+10→一字+10,9.99,2.69,2.69,2025-05,2025
002590.SZSE,万安科技,2025-05-21,三接四阴,—,阴,-1.32,小阴-3~0,-1.4,-1.2,1.6,1.3,2,下,2.14,2.4,断16~60天,48.0,1.0,-5.9,-30.9,03-04,实体+10→一字+10→下影+10,-1.13,-15.48,-15.48,2025-05,2025
002593.SZSE,日上集团,2024-11-29,二接三阳,—,阳,0.0,小阳0~3,1.1,2.1,2.4,4.7,4,上,-0.66,1.47,60日内无板,,,,,,下影-0→下影+9,-2.21,10.04,4.02,2024-11,2024
002593.SZSE,日上集团,2024-12-02,三接四阳,—,阳,0.0,小阳0~3,1.1,2.1,2.4,4.7,4,上,-0.66,1.47,60日内无板,,,,,,下影-0→下影+9→下影-2,-2.23,-5.48,-5.48,2024-12,2024
002593.SZSE,日上集团,2024-12-06,二接三阴,—,阴,-5.48,巨阴≤-5,6.7,21.2,30.2,35.6,4,上,16.9,9.08,断1天,1.0,4.0,4.1,-8.5,12-02,下影+10→实体+4,9.93,10.0,31.77,2024-12,2024
002593.SZSE,日上集团,2024-12-09,三接四阴,A2,阴,-5.48,巨阴≤-5,6.7,21.2,30.2,35.6,4,上,16.9,9.08,断1天,1.0,4.0,4.1,-8.5,12-02,下影+10→实体+4→下影+10,2.1,9.97,19.79,2024-12,2024
002596.SZSE,海南瑞泽,2025-12-23,二接三阴,—,阴,-6.9,巨阴≤-5,-14.4,-18.7,-18.1,-12.1,0,下,-5.37,3.17,断4~7天,6.0,1.0,-17.9,-26.8,12-10,下影-1→下影+5,10.02,-4.01,-4.01,2025-12,2025
002599.SZSE,盛通股份,2023-06-13,二接三阴,—,阴,-4.87,大阴-5~-3,3.2,11.3,13.0,14.2,4,上,7.97,0.93,断2~3天,2.0,1.0,9.6,-4.0,06-06,实体-1→下影+4,-4.23,-7.07,-7.07,2023-06,2023
002599.SZSE,盛通股份,2025-02-21,二接三阴,—,阴,-7.47,巨阴≤-5,-2.6,0.6,9.7,15.9,3,上,10.79,8.14,断4~7天,6.0,1.0,5.8,-7.8,02-10,实体-1→一字+10,10.0,9.99,7.37,2025-02,2025
002599.SZSE,盛通股份,2025-02-24,三接四阴,—,阴,-7.47,巨阴≤-5,-2.6,0.6,9.7,15.9,3,上,10.79,8.14,断4~7天,6.0,1.0,5.8,-7.8,02-10,实体-1→一字+10→下影+10,2.87,-2.38,-2.38,2025-02,2025
002605.SZSE,姚记科技,2024-11-15,二接三阴,—,阴,-0.35,小阴-3~0,2.5,5.7,5.7,9.6,4,上,1.46,3.45,断16~60天,16.0,1.0,8.7,-12.4,10-21,下影+0→下影+8,-2.98,-17.21,-17.21,2024-11,2024
002607.SZSE,中公教育,2024-08-05,二接三阳,—,阳,3.75,大阳3~5,8.8,9.2,11.4,8.3,4,上,3.33,-0.73,断1天,1.0,1.0,14.4,0.0,07-30,下影-1→下影+0,8.96,9.95,8.6,2024-08,2024
002607.SZSE,中公教育,2024-08-06,三接四阳,—,阳,3.75,大阳3~5,8.8,9.2,11.4,8.3,4,上,3.33,-0.73,断1天,1.0,1.0,14.4,0.0,07-30,下影-1→下影+0→下影+9,9.95,9.88,-1.23,2024-08,2024
002607.SZSE,中公教育,2024-12-09,二接三阳,—,阳,-0.3,小阴-3~0,1.7,4.0,0.6,2.1,4,上,-0.09,0.3,断16~60天,19.0,1.0,4.5,-15.6,11-07,实体-2→下影+5,2.46,-11.63,-11.63,2024-12,2024
002611.SZSE,东方精工,2024-11-19,三接四阴,—,阴,-1.63,小阴-3~0,-2.6,-0.7,6.1,11.0,2,下,6.04,6.33,断8~15天,11.0,1.0,12.5,-4.9,10-29,下影-1→下影+3→一字+10,10.03,9.96,31.77,2024-11,2024
002615.SZSE,哈尔斯,2025-06-13,二接三阴,—,阴,-0.9,小阴-3~0,-1.0,2.0,2.4,3.9,3,上,2.04,1.68,断4~7天,4.0,1.0,5.7,-5.6,06-04,实体-0→下影+6,-1.72,4.0,4.0,2025-06,2025
002615.SZSE,哈尔斯,2025-06-16,三接四阴,—,阴,-0.9,小阴-3~0,-1.0,2.0,2.4,3.9,3,上,2.04,1.68,断4~7天,4.0,1.0,5.7,-5.6,06-04,实体-0→下影+6→下影-2,-5.76,-14.98,-14.98,2025-06,2025
002622.SZSE,皓宸医疗,2024-09-11,二接三阴,—,阴,-2.07,小阴-3~0,-2.3,0.7,1.8,2.2,3,上,3.91,0.83,60日内无板,,,,,,下影+1→一字+10,7.56,-15.34,-15.34,2024-09,2024
002623.SZSE,亚玛顿,2025-07-04,二接三阴,—,阴,-3.41,大阴-5~-3,0.4,2.6,3.7,4.5,4,上,2.15,1.66,60日内无板,,,,,,实体+7→一字+10,10.01,7.75,7.75,2025-07,2025
002624.SZSE,完美世界,2026-02-10,二接三阳,—,阳,1.6,小阳0~3,-1.5,-1.1,-1.6,1.3,1,下,-0.16,1.87,60日内无板,,,,,,下影-2→下影+9,0.09,-6.08,-6.08,2026-02,2026
002625.SZSE,光启技术,2024-02-08,二接三阴,—,阴,-6.8,巨阴≤-5,-9.6,-14.2,-18.2,-21.7,0,下,-5.05,-5.15,断16~60天,39.0,1.0,-22.7,-31.6,12-11,下影-0→下影+4,6.51,3.54,3.54,2024-02,2024
002625.SZSE,光启技术,2024-10-09,二接三阳,—,阳,5.87,巨阳≥5,10.0,14.0,21.1,27.3,4,上,6.92,6.72,60日内无板,,,,,,实体+5→一字+10,5.53,-11.74,-11.74,2024-10,2024
002632.SZSE,道明光学,2024-03-06,二接三阳,—,阳,3.77,大阳3~5,2.7,6.2,8.4,0.9,4,上,9.17,-2.51,断16~60天,37.0,2.0,-33.1,-55.8,01-02,下影+4→下影+9,9.38,-15.23,-15.23,2024-03,2024
002632.SZSE,道明光学,2025-12-01,二接三阳,—,阳,2.39,小阳0~3,3.0,-0.7,-2.4,-2.3,1,下,-3.8,-1.8,断16~60天,26.0,1.0,4.0,-12.1,10-21,下影+8→一字+10,0.0,10.01,8.92,2025-12,2025
002633.SZSE,申科股份,2024-10-30,三接四阳,—,阳,2.33,小阳0~3,5.2,8.0,9.0,11.8,4,上,-0.72,3.18,断16~60天,38.0,1.0,29.5,-7.5,08-22,一字+10→一字+10→一字+10,2.48,8.24,8.24,2024-10,2024
002633.SZSE,申科股份,2025-03-21,二接三阴,—,阴,-3.91,大阴-5~-3,-2.1,0.2,1.9,3.1,3,上,3.46,2.09,60日内无板,,,,,,下影+0→下影+1,-0.21,-8.54,-8.54,2025-03,2025
002636.SZSE,金安国纪,2025-01-16,二接三阳,—,阳,-1.13,小阴-3~0,-2.8,-4.9,-11.0,-13.1,0,下,-6.83,-4.08,断16~60天,48.0,1.0,-14.1,-24.3,11-05,实体+1→一字+10,0.59,9.97,21.11,2025-01,2025
002636.SZSE,金安国纪,2025-01-17,三接四阳,—,阳,-1.13,小阴-3~0,-2.8,-4.9,-11.0,-13.1,0,下,-6.83,-4.08,断16~60天,48.0,1.0,-14.1,-24.3,11-05,实体+1→一字+10→下影+1,0.54,10.04,10.14,2025-01,2025
002636.SZSE,金安国纪,2025-07-07,二接三阴,—,阴,-4.19,大阴-5~-3,-0.7,0.5,3.4,5.9,3,上,3.48,2.88,60日内无板,,,,,,实体-0→一字+10,-0.97,10.02,21.49,2025-07,2025
002636.SZSE,金安国纪,2025-07-08,三接四阴,—,阴,-4.19,大阴-5~-3,-0.7,0.5,3.4,5.9,3,上,3.48,2.88,60日内无板,,,,,,实体-0→一字+10→下影-1,3.13,9.99,10.42,2025-07,2025
002636.SZSE,金安国纪,2026-06-10,二接三阳,—,阳,7.7,巨阳≥5,10.0,13.3,20.6,22.9,4,上,9.11,3.23,断16~60天,29.0,1.0,38.9,-11.7,04-22,下影-0→下影+10,7.99,9.53,9.53,2026-06,2026
002636.SZSE,金安国纪,2026-06-11,三接四阳,—,阳,7.7,巨阳≥5,10.0,13.3,20.6,22.9,4,上,9.11,3.23,断16~60天,29.0,1.0,38.9,-11.7,04-22,下影-0→下影+10→下影+8,0.03,5.54,5.54,2026-06,2026
002638.SZSE,勤上股份,2023-06-12,二接三阴,—,阴,-6.18,巨阴≤-5,-0.1,4.2,7.6,10.5,3,上,5.88,2.58,断2~3天,2.0,1.0,5.4,-5.1,06-05,下影+0→下影+4,3.63,-7.76,-7.76,2023-06,2023
002638.SZSE,勤上股份,2024-11-26,二接三阳,—,阳,1.33,小阳0~3,3.4,-0.2,-0.3,4.8,2,下,-3.46,2.39,60日内无板,,,,,,下影-1→下影-0,0.0,-4.61,-8.22,2024-11,2024
002639.SZSE,雪人集团,2024-12-16,二接三阳,—,阳,0.56,小阳0~3,-0.6,-0.1,1.9,2.9,2,下,0.7,0.19,60日内无板,,,,,,下影+0→下影+4,5.98,-10.04,-10.04,2024-12,2024
002639.SZSE,雪人集团,2025-12-15,二接三阴,—,阴,-4.58,大阴-5~-3,-1.8,2.7,3.1,7.1,3,上,4.45,2.35,断16~60天,17.0,1.0,5.2,-17.6,11-17,实体+0→下影+3,10.02,-4.4,-4.4,2025-12,2025
002639.SZSE,雪人集团,2026-01-09,二接三阳,—,阳,2.1,小阳0~3,3.0,2.3,6.9,16.1,4,上,-0.32,6.83,断8~15天,10.0,1.0,8.0,-10.5,12-19,实体-1→下影+6,5.88,1.69,2.75,2026-01,2026
002640.SZSE,跨境通,2024-09-09,二接三阳,—,阳,-1.35,小阴-3~0,-0.5,2.2,-0.1,-0.4,1,上,-1.86,-0.98,60日内无板,,,,,,实体+0→实体+2,5.08,10.26,-0.51,2024-09,2024
002640.SZSE,跨境通,2024-09-10,三接四阳,—,阳,-1.35,小阴-3~0,-0.5,2.2,-0.1,-0.4,1,上,-1.86,-0.98,60日内无板,,,,,,实体+0→实体+2→下影+5,7.18,-9.77,-9.77,2024-09,2024
002640.SZSE,跨境通,2024-09-26,二接三阳,—,阳,5.78,巨阳≥5,-0.5,-4.4,8.8,13.2,2,下,9.68,5.39,断4~7天,5.0,1.0,-5.6,-23.0,09-12,下影+0→下影+0,1.36,0.0,0.0,2024-09,2024
002640.SZSE,跨境通,2024-09-27,三接四阳,—,阳,5.78,巨阳≥5,-0.5,-4.4,8.8,13.2,2,下,9.68,5.39,断4~7天,5.0,1.0,-5.6,-23.0,09-12,下影+0→下影+0→下影+1,3.29,0.0,-0.75,2024-09,2024
002640.SZSE,跨境通,2024-11-26,二接三阳,—,阳,1.28,小阳0~3,4.8,2.0,1.4,2.8,4,上,-1.96,-0.11,断16~60天,18.0,1.0,7.7,-13.0,10-28,下影+2→下影+4,9.92,-8.55,62.0,2024-11,2024
002640.SZSE,跨境通,2024-11-29,二接三阴,—,阴,-8.62,巨阴≤-5,2.4,9.0,9.8,11.1,4,上,2.29,2.81,断1天,1.0,2.0,0.5,-9.1,11-25,实体+0→下影+6,-1.42,10.09,46.35,2024-11,2024
002640.SZSE,跨境通,2025-04-14,二接三阳,—,阳,5.45,巨阳≥5,0.5,-10.9,-21.3,-25.4,1,下,-14.41,-8.67,断16~60天,53.0,1.0,-38.5,-52.2,01-15,下影+10→下影+10,2.56,0.26,0.26,2025-04,2025
002640.SZSE,跨境通,2025-04-23,二接三阴,—,阴,-8.22,巨阴≤-5,-7.3,2.7,-0.4,-7.2,1,上,7.19,-3.43,断4~7天,4.0,3.0,-1.3,-10.4,04-14,实体+0→一字+10,10.02,-13.67,-13.67,2025-04,2025
002641.SZSE,公元股份,2025-09-22,二接三阴,—,阴,-0.71,小阴-3~0,1.1,1.6,0.7,0.1,4,上,0.36,-0.57,60日内无板,,,,,,下影+0→一字+10,10.0,-20.86,-20.86,2025-09,2025
002642.SZSE,荣联科技,2023-10-09,二接三阳,—,阳,-6.37,巨阴≤-5,-0.1,7.5,14.4,19.6,3,上,7.29,7.26,断1天,1.0,1.0,3.0,-8.0,09-25,下影-3→下影-1,3.23,-6.11,-6.11,2023-10,2023
002644.SZSE,佛慈制药,2025-07-30,二接三阴,—,阴,-0.79,小阴-3~0,0.8,2.0,3.6,4.8,4,上,1.96,1.77,断16~60天,38.0,1.0,5.0,-13.7,06-03,下影+1→下影+10,-3.27,-10.03,-10.03,2025-07,2025
002645.SZSE,华宏科技,2024-03-18,二接三阴,—,阴,-0.24,小阴-3~0,1.2,2.0,5.5,1.5,4,上,0.86,2.08,60日内无板,,,,,,下影+7→下影-2,8.31,-1.08,-1.08,2024-03,2024
002645.SZSE,华宏科技,2025-07-15,二接三阳,—,阳,2.81,小阳0~3,2.7,3.8,3.0,4.7,4,上,0.86,-0.18,断16~60天,21.0,1.0,4.4,-11.3,06-11,下影+2→下影+7,10.0,10.04,3.0,2025-07,2025
002645.SZSE,华宏科技,2025-07-16,三接四阳,A1,阳,2.81,小阳0~3,2.7,3.8,3.0,4.7,4,上,0.86,-0.18,断16~60天,21.0,1.0,4.4,-11.3,06-11,下影+2→下影+7→下影+10,1.82,-6.39,-6.39,2025-07,2025
002645.SZSE,华宏科技,2025-08-19,二接三阴,—,阴,-1.38,小阴-3~0,-1.7,-1.7,-5.6,2.9,1,下,-3.57,2.65,断16~60天,18.0,2.0,-5.3,-18.1,07-21,实体-0→下影+4,4.51,-7.59,-7.59,2025-08,2025
002647.SZSE,仁东控股,2024-10-09,二接三阳,—,阳,6.53,巨阳≥5,9.3,16.7,21.4,25.8,4,上,5.08,6.04,断8~15天,14.0,1.0,29.5,-12.7,09-05,下影+4→下影+10,4.45,-10.06,-10.06,2024-10,2024
002649.SZSE,博彦科技,2024-10-09,二接三阳,—,阳,5.33,巨阳≥5,5.6,8.6,14.6,18.8,4,上,6.65,5.41,断8~15天,9.0,1.0,19.8,-8.3,09-12,实体+5→下影+10,1.45,-7.13,-7.13,2024-10,2024
002651.SZSE,利君股份,2024-08-08,二接三阴,—,阴,-1.8,小阴-3~0,-0.9,3.1,5.3,4.0,3,上,4.51,0.99,60日内无板,,,,,,实体+0→一字+10,10.0,-19.01,-19.01,2024-08,2024
002651.SZSE,利君股份,2025-05-09,二接三阳,—,阳,2.6,小阳0~3,2.6,1.9,5.2,2.2,4,上,2.09,-0.95,断8~15天,8.0,1.0,8.2,-7.5,04-21,下影+2→下影+8,6.64,9.96,44.07,2025-05,2025
002651.SZSE,利君股份,2025-05-12,三接四阳,A1,阳,2.6,小阳0~3,2.6,1.9,5.2,2.2,4,上,2.09,-0.95,断8~15天,8.0,1.0,8.2,-7.5,04-21,下影+2→下影+8→实体+7,-6.15,9.97,31.03,2025-05,2025
002652.SZSE,扬子新材,2023-10-13,二接三阴,—,阴,-1.33,小阴-3~0,0.5,1.1,-0.0,0.5,4,上,0.03,-0.25,断16~60天,33.0,1.0,0.3,-16.9,08-16,下影+0→下影+10,-0.84,-16.46,-16.46,2023-10,2023
002652.SZSE,扬子新材,2025-12-29,二接三阴,—,阴,0.27,小阳0~3,0.9,2.4,-0.6,-2.5,2,上,-1.63,-0.82,60日内无板,,,,,,下影+0→下影+4,1.81,-10.08,-10.08,2025-12,2025
002654.SZSE,万润科技,2024-10-29,三接四阳,—,阳,-0.62,小阴-3~0,0.7,2.8,6.1,10.8,4,上,-0.44,4.99,60日内无板,,,,,,下影-0→一字+10→一字+10,10.01,10.02,19.49,2024-10,2024
002655.SZSE,共达电声,2026-06-23,二接三阳,—,阳,4.2,大阳3~5,8.3,7.8,5.1,6.0,4,上,-4.73,0.42,断16~60天,28.0,2.0,8.2,-17.5,05-08,下影+4→下影+10,6.68,-2.64,-2.64,2026-06,2026
002657.SZSE,中科金财,2024-11-18,三接四阴,—,阴,-5.19,巨阴≤-5,2.6,3.4,11.9,16.9,4,上,7.07,5.55,断1天,1.0,1.0,4.3,-7.1,11-11,实体+0→下影+6→一字+10,9.98,-10.0,-10.0,2024-11,2024
002658.SZSE,雪迪龙,2025-07-02,二接三阳,—,阳,0.71,小阳0~3,0.4,0.2,-0.6,0.1,3,上,-1.93,0.06,60日内无板,,,,,,实体+0→下影+9,9.99,10.03,-0.95,2025-07,2025
002658.SZSE,雪迪龙,2025-07-03,三接四阳,A1,阳,0.71,小阳0~3,0.4,0.2,-0.6,0.1,3,上,-1.93,0.06,60日内无板,,,,,,实体+0→下影+9→下影+10,10.03,-9.98,-9.98,2025-07,2025
002660.SZSE,茂硕电源,2024-01-02,二接三阴,—,阴,-4.21,大阴-5~-3,-2.7,-1.1,2.2,3.3,2,下,4.19,2.01,断4~7天,6.0,1.0,4.5,-9.5,12-19,下影-0→下影+4,8.08,-9.91,-9.91,2024-01,2024
002670.SZSE,国盛证券,2024-04-30,二接三阳,—,阳,1.13,小阳0~3,-0.5,0.4,-1.0,-5.2,1,上,-0.03,-2.98,60日内无板,,,,,,下影+10→一字+10,10.05,7.54,7.54,2024-04,2024
002670.SZSE,国盛证券,2024-05-06,三接四阳,—,阳,1.13,小阳0~3,-0.5,0.4,-1.0,-5.2,1,上,-0.03,-2.98,60日内无板,,,,,,下影+10→一字+10→下影+10,4.27,-3.58,-3.58,2024-05,2024
002670.SZSE,国盛证券,2024-10-08,二接三阳,—,阳,5.54,巨阳≥5,7.8,11.8,12.7,12.1,4,上,2.87,1.67,断16~60天,39.0,1.0,10.1,-17.2,07-31,下影+2→下影+6,9.97,-10.01,-10.01,2024-10,2024
002670.SZSE,国盛证券,2024-12-12,二接三阳,—,阳,1.24,小阳0~3,1.2,4.4,9.0,9.6,4,上,6.69,1.49,断4~7天,6.0,1.0,12.3,-3.0,11-29,下影+10→下影-0,9.99,10.0,-0.98,2024-12,2024
002670.SZSE,国盛证券,2024-12-13,三接四阳,—,阳,1.24,小阳0~3,1.2,4.4,9.0,9.6,4,上,6.69,1.49,断4~7天,6.0,1.0,12.3,-3.0,11-29,下影+10→下影-0→下影+10,-8.05,-9.98,-9.98,2024-12,2024
002671.SZSE,龙泉股份,2023-10-27,二接三阳,—,阳,3.2,大阳3~5,6.2,8.0,9.2,10.2,4,上,1.72,1.62,断16~60天,56.0,2.0,2.2,-19.2,07-28,一字+10→一字+10,10.08,-8.87,-8.87,2023-10,2023
002673.SZSE,西部证券,2024-10-08,二接三阳,—,阳,4.66,大阳3~5,6.9,9.9,11.0,11.8,4,上,2.29,1.51,60日内无板,,,,,,下影+3→下影+9,10.01,-10.04,-10.04,2024-10,2024
002676.SZSE,顺威股份,2024-03-29,二接三阳,—,阳,1.2,小阳0~3,-0.1,1.0,6.3,10.9,3,上,5.64,3.27,断4~7天,7.0,1.0,8.2,-4.2,03-15,下影+0→一字+10,10.04,-13.24,-13.24,2024-03,2024
002676.SZSE,顺威股份,2024-10-24,二接三阴,—,阴,-0.22,小阴-3~0,0.9,-0.0,5.0,7.1,4,上,2.3,2.94,60日内无板,,,,,,实体+1→下影+3,9.95,-2.63,3.78,2024-10,2024
002676.SZSE,顺威股份,2024-10-29,二接三阴,—,阴,-2.71,小阴-3~0,7.2,12.9,17.9,22.8,4,上,4.36,6.23,断1天,1.0,2.0,7.1,-5.4,10-23,实体+0→下影+10,4.3,-7.96,-7.96,2024-10,2024
002678.SZSE,珠江钢琴,2025-06-18,二接三阳,—,阳,4.09,大阳3~5,3.6,6.2,7.8,10.3,4,上,2.63,2.43,断16~60天,34.0,1.0,15.7,-14.3,04-22,实体-4→实体+6,-0.16,-23.01,-23.01,2025-06,2025
002678.SZSE,珠江钢琴,2025-10-24,二接三阳,—,阳,-0.78,小阴-3~0,3.8,9.5,11.7,11.6,4,上,5.48,1.83,断2~3天,2.0,1.0,10.0,-3.1,10-17,下影+1→实体+4,2.75,-9.99,-9.99,2025-10,2025
002679.SZSE,福建金森,2025-11-03,二接三阴,—,阴,-6.01,巨阴≤-5,-0.1,1.8,5.0,6.0,3,上,3.49,2.19,断16~60天,29.0,1.0,15.9,-10.0,09-10,下影-0→实体+0,0.71,-1.69,-4.16,2025-11,2025
002679.SZSE,福建金森,2026-09-02,三接四阳,—,阳,0.73,小阳0~3,2.3,4.2,7.0,11.3,4,上,2.8,3.75,60日内无板,,,,,,下影+0→一字+10→一字+10,9.99,-22.39,-22.39,2026-09,2026
002681.SZSE,奋达科技,2024-09-02,三接四阴,—,阴,-3.99,大阴-5~-3,0.4,1.9,3.8,4.2,4,上,3.81,1.46,60日内无板,,,,,,下影-2→一字+10→一字+10,9.98,-16.26,-16.26,2024-09,2024
002681.SZSE,奋达科技,2024-12-06,二接三阴,—,阴,-5.51,巨阴≤-5,1.9,4.7,9.2,15.8,4,上,6.98,5.84,断1天,1.0,1.0,4.0,-6.5,12-02,下影+0→下影+6,10.01,2.48,11.58,2024-12,2024
002681.SZSE,奋达科技,2024-12-11,二接三阴,—,阴,2.47,小阳0~3,10.6,19.5,28.8,36.4,4,上,13.11,7.91,断1天,1.0,2.0,12.7,-0.4,12-05,实体-5→一字+10,4.19,-10.01,-10.01,2024-12,2024
002682.SZSE,龙洲股份,2023-12-27,二接三阳,—,阳,-3.6,大阴-5~-3,-0.3,6.0,8.2,7.1,3,上,5.48,0.64,断2~3天,2.0,1.0,4.1,-8.1,12-18,下影-2→下影+1,9.27,-6.32,-6.32,2023-12,2023
002682.SZSE,龙洲股份,2025-11-18,三接四阳,—,阳,3.28,大阳3~5,2.9,5.0,7.3,11.2,4,上,0.47,3.68,断8~15天,13.0,1.0,11.1,-10.6,10-24,下影+0→一字+10→一字+10,9.96,-9.95,-9.95,2025-11,2025
002685.SZSE,华东重机,2024-10-29,二接三阴,—,阴,-6.88,巨阴≤-5,5.3,24.7,50.1,66.6,4,上,28.93,21.59,断1天,1.0,4.0,2.4,-10.0,10-23,下影+4→下影+6,10.06,3.81,11.75,2024-10,2024
002692.SZSE,远程股份,2023-11-09,二接三阳,—,阳,5.13,巨阳≥5,9.3,13.1,15.1,15.3,4,上,3.54,1.19,60日内无板,,,,,,下影-0→实体-3,4.84,-7.69,-4.76,2023-11,2023
002692.SZSE,远程股份,2025-01-22,三接四阴,—,阴,-4.59,大阴-5~-3,-1.2,5.3,9.6,7.0,3,上,8.34,1.4,断2~3天,3.0,1.0,7.0,-4.3,01-13,下影-1→一字+10→一字+10,10.03,-26.01,-26.01,2025-01,2025
002693.SZSE,双成药业,2023-09-19,二接三阳,—,阳,3.79,大阳3~5,3.6,4.4,5.4,2.8,4,上,1.33,-1.26,断16~60天,27.0,1.0,4.0,-14.9,08-08,下影+1→实体+4,2.66,-14.73,-14.73,2023-09,2023
002693.SZSE,双成药业,2024-10-16,二接三阳,—,阳,-9.99,巨阴≤-5,-8.9,6.9,49.7,82.7,3,上,49.27,42.14,断2~3天,2.0,14.0,-10.9,-19.0,10-09,实体-4→下影+7,4.64,9.98,31.77,2024-10,2024
002693.SZSE,双成药业,2024-10-17,三接四阳,—,阳,-9.99,巨阴≤-5,-8.9,6.9,49.7,82.7,3,上,49.27,42.14,断2~3天,2.0,14.0,-10.9,-19.0,10-09,实体-4→下影+7→下影+5,9.98,10.01,19.81,2024-10,2024
002693.SZSE,双成药业,2024-10-28,二接三阳,—,阳,-9.99,巨阴≤-5,2.6,22.6,54.9,101.1,4,上,31.18,40.8,断1天,1.0,7.0,-1.0,-10.0,10-22,实体-10→下影+7,6.67,2.54,2.54,2024-10,2024
002693.SZSE,双成药业,2024-11-21,二接三阴,—,阴,1.4,小阳0~3,-4.2,-14.2,-24.9,-16.3,0,下,-18.18,-0.15,断4~7天,6.0,1.0,-19.5,-28.5,11-08,下影+3→一字+10,10.01,-9.67,-9.67,2024-11,2024
002693.SZSE,双成药业,2025-04-16,二接三阳,—,阳,5.8,巨阳≥5,9.8,2.5,-9.0,-20.6,2,上,-10.0,-11.83,断1天,1.0,1.0,16.4,1.3,04-10,下影+2→下影-1,1.67,10.03,17.46,2025-04,2025
002693.SZSE,双成药业,2025-04-17,三接四阳,—,阳,5.8,巨阳≥5,9.8,2.5,-9.0,-20.6,2,上,-10.0,-11.83,断1天,1.0,1.0,16.4,1.3,04-10,下影+2→下影-1→实体+2,3.67,6.75,6.75,2025-04,2025
002696.SZSE,百洋股份,2023-08-25,二接三阴,—,阴,0.0,小阳0~3,0.1,-0.1,-1.1,-0.7,1,下,-1.22,-0.23,60日内无板,,,,,,下影+1→实体-5,6.07,-5.99,-5.99,2023-08,2023
002697.SZSE,红旗连锁,2025-12-17,二接三阴,—,阴,-2.75,小阴-3~0,-3.4,-3.4,-2.5,-1.5,0,下,0.62,0.6,60日内无板,,,,,,实体+0→实体+4,6.57,-9.95,-9.95,2025-12,2025
002702.SZSE,海欣食品,2024-12-12,二接三阳,—,阳,1.67,小阳0~3,4.2,6.2,11.7,14.0,4,上,6.28,1.64,断16~60天,22.0,2.0,13.3,-16.9,11-07,下影+7→下影+10,10.0,-1.23,-1.23,2024-12,2024
002702.SZSE,海欣食品,2025-11-28,二接三阳,—,阳,7.3,巨阳≥5,3.7,0.3,4.7,9.0,4,上,1.27,2.63,断8~15天,8.0,1.0,1.2,-16.1,11-13,实体+0→实体+10,-3.04,9.94,19.89,2025-11,2025
002702.SZSE,海欣食品,2025-12-01,三接四阳,—,阳,7.3,巨阳≥5,3.7,0.3,4.7,9.0,4,上,1.27,2.63,断8~15天,8.0,1.0,1.2,-16.1,11-13,实体+0→实体+10→下影-3,0.97,10.05,9.05,2025-12,2025
002703.SZSE,浙江世宝,2023-06-13,二接三阴,—,阴,-0.53,小阴-3~0,-3.6,-4.2,-4.1,-3.5,0,下,-0.23,0.0,断16~60天,49.0,1.0,46.5,27.3,09-04,实体+0→实体+0,7.19,-1.11,-1.11,2023-06,2023
002703.SZSE,浙江世宝,2025-12-18,二接三阴,—,阴,-1.65,小阴-3~0,-1.5,-1.6,-2.2,-6.4,0,下,-0.32,-3.49,断16~60天,53.0,1.0,-8.2,-17.2,09-23,一字+10→下影+6,-1.11,9.99,16.14,2025-12,2025
002703.SZSE,浙江世宝,2025-12-19,三接四阴,—,阴,-1.65,小阴-3~0,-1.5,-1.6,-2.2,-6.4,0,下,-0.32,-3.49,断16~60天,53.0,1.0,-8.2,-17.2,09-23,一字+10→下影+6→下影-1,-3.89,5.6,5.6,2025-12,2025
002708.SZSE,光洋股份,2023-10-16,二接三阴,—,阴,-0.88,小阴-3~0,3.0,6.9,5.6,6.6,4,上,0.97,0.62,断16~60天,17.0,1.0,11.3,-11.0,09-08,实体+0→一字+10,10.03,-9.97,-9.97,2023-10,2023
002708.SZSE,光洋股份,2024-01-12,二接三阳,—,阳,3.32,大阳3~5,-0.4,-0.6,-0.3,-3.6,0,下,2.36,-2.45,断4~7天,7.0,1.0,6.7,-6.4,12-28,下影-0→下影+9,9.99,-3.38,-3.38,2024-01,2024
002708.SZSE,光洋股份,2024-01-15,三接四阳,—,阳,3.32,大阳3~5,-0.4,-0.6,-0.3,-3.6,0,下,2.36,-2.45,断4~7天,7.0,1.0,6.7,-6.4,12-28,下影-0→下影+9→下影+10,-1.45,-3.42,-4.92,2024-01,2024
002712.SZSE,思美传媒,2024-10-31,三接四阳,—,阳,4.19,大阳3~5,3.0,5.7,9.2,16.4,4,上,1.22,6.51,60日内无板,,,,,,实体+3→一字+10→一字+10,10.02,-9.97,-9.97,2024-10,2024
002713.SZSE,东易日盛,2024-10-23,二接三阴,—,阴,-3.66,大阴-5~-3,-3.6,-2.1,10.0,15.4,2,下,10.59,7.54,断2~3天,3.0,1.0,2.4,-10.9,10-15,下影+3→下影+10,9.92,0.0,16.39,2024-10,2024
002713.SZSE,东易日盛,2024-10-28,二接三阴,—,阴,0.0,小阳0~3,8.9,13.9,24.4,33.5,4,上,6.79,10.1,断1天,1.0,2.0,9.9,-2.6,10-22,实体+2→实体+0,0.86,-3.73,-3.73,2024-10,2024
002713.SZSE,东易日盛,2024-12-09,二接三阴,—,阴,-5.28,巨阴≤-5,4.5,7.1,10.0,10.0,4,上,5.95,2.21,断1天,1.0,2.0,4.2,-5.3,12-03,下影-2→下影+8,10.05,-11.98,-11.98,2024-12,2024
002716.SZSE,湖南白银,2026-01-22,二接三阴,—,阴,1.08,小阳0~3,8.6,22.6,40.6,51.2,4,上,21.56,14.77,断2~3天,3.0,1.0,25.0,-0.2,01-14,下影+2→下影+6,-5.21,9.6,9.6,2026-01,2026
002718.SZSE,友邦吊顶,2024-11-28,二接三阳,—,阳,7.07,巨阳≥5,6.2,8.5,11.2,15.8,4,上,0.86,4.29,断8~15天,14.0,1.0,15.2,-10.7,11-05,下影-1→下影+5,10.03,-25.37,-25.37,2024-11,2024
002718.SZSE,友邦吊顶,2026-01-05,二接三阴,—,阴,-1.72,小阴-3~0,0.4,1.2,0.9,-0.2,3,上,1.04,-1.32,断16~60天,29.0,1.0,11.7,-6.4,11-11,下影+1→一字+10,9.99,9.99,24.41,2026-01,2026
002718.SZSE,友邦吊顶,2026-01-06,三接四阴,—,阴,-1.72,小阴-3~0,0.4,1.2,0.9,-0.2,3,上,1.04,-1.32,断16~60天,29.0,1.0,11.7,-6.4,11-11,下影+1→一字+10→下影+10,8.7,10.0,13.11,2026-01,2026
002718.SZSE,友邦吊顶,2026-01-14,二接三阳,—,阳,4.74,大阳3~5,11.2,32.4,51.4,57.6,4,上,27.94,14.03,断2~3天,2.0,5.0,18.5,-1.7,01-07,实体-3→下影+5,2.23,-10.01,-10.01,2026-01,2026
002721.SZSE,金一文化,2025-07-07,二接三阴,—,阴,-5.41,巨阴≤-5,-0.7,4.8,2.5,6.0,3,上,0.28,3.12,断2~3天,3.0,1.0,8.3,-1.8,06-27,下影+2→一字+10,0.0,7.47,7.47,2025-07,2025
002721.SZSE,金一文化,2025-07-08,三接四阴,—,阴,-5.41,巨阴≤-5,-0.7,4.8,2.5,6.0,3,上,0.28,3.12,断2~3天,3.0,1.0,8.3,-1.8,06-27,下影+2→一字+10→下影+0,0.9,0.82,0.82,2025-07,2025
002721.SZSE,金一文化,2026-08-07,二接三阴,—,阴,-1.22,小阴-3~0,0.7,3.6,5.9,6.6,4,上,3.26,1.59,60日内无板,,,,,,下影-0→一字+10,9.86,-14.24,-14.24,2026-08,2026
002724.SZSE,海洋王,2025-03-18,三接四阳,—,阳,1.01,小阳0~3,1.0,1.0,0.8,0.6,4,上,-0.56,-0.49,60日内无板,,,,,,下影+0→一字+10→一字+10,10.03,-0.82,-0.82,2025-03,2025
002724.SZSE,海洋王,2026-08-17,二接三阳,—,阳,2.94,小阳0~3,3.0,4.0,8.1,10.2,4,上,3.48,2.98,60日内无板,,,,,,下影+0→实体+10,2.95,-13.27,-13.27,2026-08,2026
002725.SZSE,跃岭股份,2023-11-21,二接三阴,—,阴,-4.81,大阴-5~-3,2.5,4.1,7.6,9.4,4,上,2.1,2.48,断1天,1.0,1.0,4.7,-6.0,11-15,实体+0→下影+5,-4.76,-9.95,-9.95,2023-11,2023
002725.SZSE,跃岭股份,2024-10-28,二接三阳,—,阳,4.2,大阳3~5,6.5,13.9,21.5,26.7,4,上,7.78,7.63,断2~3天,2.0,2.0,10.0,-6.3,10-21,下影-4→下影+8,7.12,9.99,14.67,2024-10,2024
002725.SZSE,跃岭股份,2024-10-29,三接四阳,—,阳,4.2,大阳3~5,6.5,13.9,21.5,26.7,4,上,7.78,7.63,断2~3天,2.0,2.0,10.0,-6.3,10-21,下影-4→下影+8→下影+7,0.55,10.02,4.26,2024-10,2024
002725.SZSE,跃岭股份,2025-12-11,二接三阳,—,阳,1.79,小阳0~3,3.1,5.1,8.0,6.3,4,上,4.61,0.53,断16~60天,45.0,1.0,11.0,-13.0,09-26,下影+1→下影+7,5.03,-10.0,-10.0,2025-12,2025
002730.SZSE,电光科技,2024-12-25,三接四阳,—,阳,2.53,小阳0~3,-0.1,-2.7,-1.9,-0.7,0,下,-1.3,0.82,60日内无板,,,,,,下影+0→实体+8→一字+10,10.02,10.03,8.94,2024-12,2024
002730.SZSE,电光科技,2025-01-06,二接三阳,—,阳,5.73,巨阳≥5,3.7,22.7,39.9,48.1,4,上,27.92,14.27,断2~3天,2.0,6.0,4.7,-10.0,12-27,实体-10→下影+6,-9.86,-22.44,-22.44,2025-01,2025
002730.SZSE,电光科技,2025-01-21,二接三阳,—,阳,4.97,大阳3~5,10.2,9.7,24.7,43.3,4,上,5.83,15.42,断1天,1.0,1.0,15.5,-4.8,01-15,实体-0→下影+6,10.0,10.02,8.92,2025-01,2025
002730.SZSE,电光科技,2025-01-22,三接四阳,—,阳,4.97,大阳3~5,10.2,9.7,24.7,43.3,4,上,5.83,15.42,断1天,1.0,1.0,15.5,-4.8,01-15,实体-0→下影+6→下影+10,-0.97,9.98,-1.0,2025-01,2025
002730.SZSE,电光科技,2025-05-07,二接三阳,—,阳,0.77,小阳0~3,-0.5,-0.8,-1.7,-8.3,0,下,-0.73,-3.52,断8~15天,12.0,1.0,2.7,-8.8,04-11,一字+10→一字+10,10.01,-4.29,-4.29,2025-05,2025
002733.SZSE,雄韬股份,2025-01-07,二接三阳,—,阳,2.17,小阳0~3,4.5,6.8,5.4,5.6,4,上,0.46,0.27,60日内无板,,,,,,下影-2→下影-3,-0.64,9.99,8.87,2025-01,2025
002735.SZSE,王子新材,2024-03-25,二接三阳,—,阳,2.74,小阳0~3,3.7,5.0,14.2,23.8,4,上,9.26,9.22,断8~15天,10.0,1.0,26.0,-4.6,03-06,下影+0→下影-0,5.58,-10.03,-10.03,2024-03,2024
002735.SZSE,王子新材,2025-05-20,二接三阳,—,阳,7.61,巨阳≥5,7.1,11.9,18.7,19.3,4,上,7.34,5.88,断2~3天,3.0,1.0,15.7,-5.0,05-12,一字+10→下影+3,10.02,2.69,2.69,2025-05,2025
002735.SZSE,王子新材,2025-05-21,三接四阳,—,阳,7.61,巨阳≥5,7.1,11.9,18.7,19.3,4,上,7.34,5.88,断2~3天,3.0,1.0,15.7,-5.0,05-12,一字+10→下影+3→下影+10,1.38,2.68,9.11,2025-05,2025
002741.SZSE,光华科技,2024-12-04,二接三阴,—,阴,-10.0,巨阴≤-5,-16.2,-7.4,6.9,13.1,2,下,21.35,12.83,断2~3天,3.0,5.0,-19.8,-27.1,11-26,下影-4→一字+10,10.0,-11.07,-11.07,2024-12,2024
002741.SZSE,光华科技,2026-06-17,二接三阳,—,阳,7.24,巨阳≥5,5.9,6.2,8.9,15.6,4,上,-2.15,4.87,断2~3天,3.0,1.0,15.1,-3.2,06-09,实体+5→一字+10,7.89,4.72,4.72,2026-06,2026
002742.SZSE,冀衡医药,2026-08-28,三接四阳,—,阳,4.68,大阳3~5,0.0,-1.7,5.8,11.1,3,下,3.84,6.06,断4~7天,5.0,1.0,-0.4,-14.9,08-17,实体-1→一字+10→一字+10,10.05,-9.94,-9.94,2026-08,2026
002743.SZSE,富煌钢构,2024-10-28,二接三阳,—,阳,4.53,大阳3~5,4.3,4.8,7.6,12.0,4,上,-0.48,4.11,60日内无板,,,,,,下影-0→一字+10,10.0,2.23,2.23,2024-10,2024
002743.SZSE,富煌钢构,2025-06-03,二接三阴,—,阴,-7.84,巨阴≤-5,-7.7,-6.0,-3.3,-0.7,0,下,3.61,1.78,60日内无板,,,,,,下影-0→下影+0,1.82,-11.23,-11.23,2025-06,2025
002748.SZSE,世龙实业,2023-12-26,三接四阳,—,阳,0.41,小阳0~3,0.0,0.1,-1.5,-2.1,2,上,-1.23,-1.04,断16~60天,38.0,1.0,10.5,-3.7,10-27,下影+1→一字+10→一字+10,8.44,-10.0,-10.0,2023-12,2023
002748.SZSE,世龙实业,2025-10-23,二接三阳,—,阳,1.94,小阳0~3,1.4,3.5,6.9,7.6,4,上,5.71,0.74,断8~15天,9.0,1.0,13.7,-7.7,09-29,下影+0→实体-3,0.24,10.01,10.87,2025-10,2025
002748.SZSE,世龙实业,2025-10-24,三接四阳,—,阳,1.94,小阳0~3,1.4,3.5,6.9,7.6,4,上,5.71,0.74,断8~15天,9.0,1.0,13.7,-7.7,09-29,下影+0→实体-3→下影+0,3.36,10.01,0.78,2025-10,2025
002752.SZSE,昇兴股份,2025-12-10,三接四阴,—,阴,-2.97,小阴-3~0,-3.1,-1.5,0.4,3.6,2,下,2.44,2.75,断4~7天,7.0,1.0,4.5,-4.9,11-25,下影-1→下影+0→一字+10,10.0,-19.23,-19.23,2025-12,2025
002757.SZSE,南兴股份,2025-01-27,二接三阳,—,阳,1.45,小阳0~3,-3.6,-4.3,-5.3,-7.3,0,下,0.5,-1.65,断16~60天,44.0,1.0,-24.6,-33.5,11-20,实体+2→下影+10,10.03,-5.95,-5.95,2025-01,2025
002757.SZSE,南兴股份,2026-01-05,二接三阳,—,阳,0.5,小阳0~3,1.0,1.5,-0.7,-2.5,2,上,-1.71,-1.9,60日内无板,,,,,,下影+5→下影-1,6.37,9.99,0.89,2026-01,2026
002757.SZSE,南兴股份,2026-01-06,三接四阳,—,阳,0.5,小阳0~3,1.0,1.5,-0.7,-2.5,2,上,-1.71,-1.9,60日内无板,,,,,,下影+5→下影-1→下影+6,9.99,-8.28,-8.28,2026-01,2026
002760.SZSE,凤形股份,2025-03-10,二接三阴,—,阴,-0.87,小阴-3~0,-2.6,-2.5,2.7,5.6,2,下,6.13,3.58,断4~7天,7.0,1.0,4.9,-6.5,02-24,实体+0→下影+4,10.01,10.01,6.33,2025-03,2025
002760.SZSE,凤形股份,2025-03-11,三接四阴,—,阴,-0.87,小阴-3~0,-2.6,-2.5,2.7,5.6,2,下,6.13,3.58,断4~7天,7.0,1.0,4.9,-6.5,02-24,实体+0→下影+4→下影+10,3.43,-3.35,-3.35,2025-03,2025
002761.SZSE,浙江建投,2024-11-25,三接四阳,—,阳,4.64,大阳3~5,4.4,5.9,6.5,9.7,4,上,1.29,1.12,60日内无板,,,,,,一字+10→一字+10→一字+10,9.98,-22.77,-22.77,2024-11,2024
002766.SZSE,索菱股份,2024-12-11,二接三阴,—,阴,-0.97,小阴-3~0,0.6,4.1,3.7,2.4,4,上,3.11,-0.27,断16~60天,36.0,1.0,23.5,-1.5,10-17,下影+0→下影+7,2.95,-12.68,-12.68,2024-12,2024
002766.SZSE,索菱股份,2026-01-06,二接三阴,—,阴,-3.17,大阴-5~-3,-3.8,-3.5,1.9,3.2,2,下,6.86,2.26,断4~7天,7.0,1.0,3.4,-6.5,12-19,下影+3→下影+8,4.2,-3.41,-3.41,2026-01,2026
002766.SZSE,索菱股份,2026-01-07,三接四阴,—,阴,-3.17,大阴-5~-3,-3.8,-3.5,1.9,3.2,2,下,6.86,2.26,断4~7天,7.0,1.0,3.4,-6.5,12-19,下影+3→下影+8→下影+4,9.96,-10.67,-10.67,2026-01,2026
002767.SZSE,先锋电子,2023-09-11,二接三阳,—,阳,2.94,小阳0~3,3.6,7.8,9.2,9.2,4,上,3.38,1.39,60日内无板,,,,,,下影-1→一字+10,9.98,-19.6,-19.6,2023-09,2023
002767.SZSE,先锋电子,2023-12-04,二接三阴,—,阴,-0.06,小阴-3~0,0.5,-0.6,0.5,2.9,3,下,0.16,1.35,断16~60天,52.0,2.0,-5.5,-24.8,09-08,下影-1→下影+9,-2.75,-12.87,-12.87,2023-12,2023
002767.SZSE,先锋电子,2025-01-21,三接四阴,—,阴,0.0,小阳0~3,2.8,4.1,-1.3,-6.5,2,上,-3.01,-4.39,60日内无板,,,,,,下影+10→下影+0→一字+10,10.0,-9.98,-9.98,2025-01,2025
002767.SZSE,先锋电子,2025-03-25,二接三阳,—,阳,2.35,小阳0~3,2.5,2.9,3.7,5.6,4,上,0.86,1.48,断16~60天,36.0,4.0,-4.9,-28.0,01-21,下影-0→一字+10,4.84,-2.59,-2.59,2025-03,2025
002767.SZSE,先锋电子,2025-03-26,三接四阳,—,阳,2.35,小阳0~3,2.5,2.9,3.7,5.6,4,上,0.86,1.48,断16~60天,36.0,4.0,-4.9,-28.0,01-21,下影-0→一字+10→下影+5,-5.99,-20.31,-20.31,2025-03,2025
002767.SZSE,先锋电子,2025-10-21,二接三阴,—,阴,-2.54,小阴-3~0,-1.2,-1.3,-4.0,-4.6,0,下,-1.86,-0.83,断16~60天,46.0,1.0,-1.9,-15.5,08-05,下影+0→下影+3,10.02,-9.55,-9.55,2025-10,2025
002769.SZSE,普路通,2024-03-29,二接三阳,—,阳,1.46,小阳0~3,-1.4,-0.1,2.7,6.1,2,下,3.14,0.91,断16~60天,24.0,2.0,13.7,-9.4,02-21,一字+10→下影+5,8.04,10.06,8.98,2024-03,2024
002769.SZSE,普路通,2024-04-01,三接四阳,—,阳,1.46,小阳0~3,-1.4,-0.1,2.7,6.1,2,下,3.14,0.91,断16~60天,24.0,2.0,13.7,-9.4,02-21,一字+10→下影+5→下影+8,10.06,10.01,-0.98,2024-04,2024
002769.SZSE,普路通,2026-01-14,二接三阴,—,阴,-0.96,小阴-3~0,-1.8,-3.0,-2.4,1.9,1,下,0.11,3.92,断8~15天,8.0,1.0,1.5,-8.7,12-26,实体+1→实体+2,1.75,-12.1,-12.1,2026-01,2026
002774.SZSE,快意电梯,2024-12-03,二接三阴,—,阴,-0.41,小阴-3~0,-1.3,-0.8,2.4,5.5,2,下,2.07,2.87,60日内无板,,,,,,一字+10→一字+10,10.05,-19.5,-19.5,2024-12,2024
002774.SZSE,快意电梯,2026-01-07,二接三阴,—,阴,0.11,小阳0~3,-1.4,-1.2,0.5,-2.5,1,下,1.77,-1.49,60日内无板,,,,,,下影-0→下影+3,-2.05,10.04,14.9,2026-01,2026
002774.SZSE,快意电梯,2026-01-08,三接四阴,—,阴,0.11,小阳0~3,-1.4,-1.2,0.5,-2.5,1,下,1.77,-1.49,60日内无板,,,,,,下影-0→下影+3→下影-2,0.0,10.01,4.42,2026-01,2026
002775.SZSE,文科股份,2024-03-12,二接三阳,—,阳,1.98,小阳0~3,1.5,-1.3,0.8,-11.8,2,下,3.0,-9.83,断8~15天,11.0,1.0,11.8,-4.7,02-21,下影+1→一字+10,9.94,-12.83,-12.83,2024-03,2024
002775.SZSE,文科股份,2024-12-12,二接三阴,—,阴,3.01,大阳3~5,6.1,8.9,11.6,11.6,4,上,3.76,0.88,断16~60天,37.0,1.0,25.1,-7.3,10-17,下影+2→下影-0,7.69,-18.36,-18.36,2024-12,2024
002775.SZSE,文科股份,2025-08-04,二接三阴,—,阴,-3.38,大阴-5~-3,-4.8,-1.4,1.4,2.9,2,下,4.19,2.8,断2~3天,3.0,1.0,-2.7,-11.7,07-25,下影+2→下影+6,6.61,9.96,8.27,2025-08,2025
002775.SZSE,文科股份,2025-08-05,三接四阴,—,阴,-3.38,大阴-5~-3,-4.8,-1.4,1.4,2.9,2,下,4.19,2.8,断2~3天,3.0,1.0,-2.7,-11.7,07-25,下影+2→下影+6→下影+7,-0.38,-1.54,-1.54,2025-08,2025
002777.SZSE,久远银海,2023-04-10,二接三阳,—,阳,8.96,巨阳≥5,16.6,,,,1,缺失,,,断16~60天,31.0,1.0,842.7,-13.6,07-31,实体-2→下影+4,10.01,-8.08,-8.08,2023-04,2023
002777.SZSE,久远银海,2024-10-09,二接三阳,—,阳,9.31,巨阳≥5,9.1,14.9,19.6,21.3,4,上,6.67,4.26,断16~60天,46.0,1.0,10.1,-24.1,07-23,下影+5→下影+10,0.0,-13.52,-13.52,2024-10,2024
002778.SZSE,中晟高科,2024-04-02,二接三阳,—,阳,1.1,小阳0~3,-0.7,-1.1,4.3,7.1,2,下,4.28,2.02,断16~60天,56.0,1.0,-26.3,-55.4,01-02,实体+0→下影+0,2.84,-12.97,-12.97,2024-04,2024
002779.SZSE,中坚科技,2024-02-20,二接三阴,B1,阴,-4.6,大阴-5~-3,-4.7,-13.6,-20.1,-18.9,0,下,-10.47,-3.81,断16~60天,19.0,1.0,-21.4,-34.9,01-11,下影+0→下影+6,-2.09,9.99,9.99,2024-02,2024
002779.SZSE,中坚科技,2024-02-21,三接四阴,—,阴,-4.6,大阴-5~-3,-4.7,-13.6,-20.1,-18.9,0,下,-10.47,-3.81,断16~60天,19.0,1.0,-21.4,-34.9,01-11,下影+0→下影+6→下影-2,8.69,0.0,0.0,2024-02,2024
002783.SZSE,凯龙股份,2024-01-02,二接三阴,—,阴,-3.04,大阴-5~-3,-0.4,1.5,2.0,0.9,3,上,1.94,-0.0,断16~60天,46.0,1.0,14.9,-1.1,10-24,实体+5→一字+10,3.45,-16.94,-16.94,2024-01,2024
002783.SZSE,凯龙股份,2025-07-23,二接三阴,—,阴,-0.33,小阴-3~0,-0.2,0.9,3.0,3.9,3,上,1.86,1.8,60日内无板,,,,,,下影+5→下影+6,7.57,-9.2,-9.2,2025-07,2025
002786.SZSE,银宝山新,2023-11-14,二接三阴,—,阴,-5.96,巨阴≤-5,-3.3,0.7,4.0,9.2,3,上,4.27,4.45,断4~7天,6.0,1.0,13.5,0.7,11-01,下影-0→下影+5,8.72,10.01,45.0,2023-11,2023
002786.SZSE,银宝山新,2023-11-15,三接四阴,—,阴,-5.96,巨阴≤-5,-3.3,0.7,4.0,9.2,3,上,4.27,4.45,断4~7天,6.0,1.0,13.5,0.7,11-01,下影-0→下影+5→下影+9,7.73,10.0,31.8,2023-11,2023
002787.SZSE,华源控股,2023-08-09,二接三阳,—,阳,3.85,大阳3~5,4.5,5.7,7.0,7.9,4,上,1.66,0.72,60日内无板,,,,,,下影+8→下影+4,10.03,-18.23,-18.23,2023-08,2023
002788.SZSE,鹭燕医药,2025-12-22,三接四阳,—,阳,4.45,大阳3~5,4.0,5.3,11.5,11.9,4,上,5.9,0.64,断16~60天,22.0,1.0,8.1,-21.1,11-14,下影+3→一字+10→一字+10,4.51,9.99,16.83,2025-12,2025
002788.SZSE,鹭燕医药,2026-01-08,二接三阳,—,阳,-2.5,小阴-3~0,-4.9,3.8,31.5,50.4,3,上,32.16,23.04,断4~7天,7.0,5.0,22.8,-3.7,12-23,下影+2→下影+6,-0.04,-2.44,-2.44,2026-01,2026
002791.SZSE,坚朗五金,2024-09-30,二接三阴,—,阴,0.22,小阳0~3,3.9,7.7,7.8,8.5,4,上,0.97,2.29,60日内无板,,,,,,下影-0→下影+5,9.08,6.42,6.42,2024-09,2024
002791.SZSE,坚朗五金,2024-10-08,三接四阴,—,阴,0.22,小阳0~3,3.9,7.7,7.8,8.5,4,上,0.97,2.29,60日内无板,,,,,,下影-0→下影+5→下影+9,10.0,-12.11,-12.11,2024-10,2024
002792.SZSE,通宇通讯,2026-08-05,二接三阳,—,阳,5.37,巨阳≥5,-1.4,-2.7,-13.6,-21.1,0,下,-8.2,-9.32,60日内无板,,,,,,下影-0→下影+3,6.71,6.89,7.81,2026-08,2026
002796.SZSE,世嘉科技,2024-04-02,二接三阳,—,阳,3.83,大阳3~5,-1.0,-2.0,0.8,6.1,2,下,0.49,2.36,断8~15天,13.0,1.0,4.6,-8.8,03-11,实体+2→实体+1,5.75,9.98,8.87,2024-04,2024
002797.SZSE,第一创业,2024-10-08,二接三阳,—,阳,4.64,大阳3~5,6.6,8.8,10.8,11.5,4,上,2.92,1.72,60日内无板,,,,,,下影+3→下影+9,10.0,-9.99,-9.99,2024-10,2024
002797.SZSE,第一创业,2024-11-01,二接三阳,—,阳,1.43,小阳0~3,3.3,5.9,6.5,14.5,4,上,1.39,6.16,断8~15天,15.0,3.0,0.0,-19.0,10-08,下影+2→下影+4,10.01,-9.42,-9.42,2024-11,2024
002799.SZSE,环球印务,2025-08-04,二接三阳,—,阳,-0.24,小阴-3~0,-0.1,0.2,-0.3,-0.4,1,上,-0.01,-0.72,断16~60天,24.0,1.0,3.5,-9.4,06-26,实体-1→下影+10,10.04,-21.91,-21.91,2025-08,2025
002800.SZSE,天顺股份,2025-04-11,三接四阳,A1,阳,-4.13,大阴-5~-3,2.9,4.4,0.7,1.0,4,上,-3.55,-0.47,断1天,1.0,1.0,5.5,-6.3,04-03,实体-2→下影+10→一字+10,2.96,-16.79,-16.79,2025-04,2025
002800.SZSE,天顺股份,2025-08-12,二接三阳,—,阳,0.98,小阳0~3,1.7,2.4,3.5,3.8,4,上,0.69,0.91,断16~60天,33.0,2.0,0.4,-16.1,06-23,下影-1→下影+7,9.99,-17.81,-17.81,2025-08,2025
002802.SZSE,洪汇新材,2023-08-28,二接三阴,—,阴,-2.07,小阴-3~0,-2.0,-1.9,-3.2,-3.7,0,下,-0.88,-0.76,60日内无板,,,,,,下影+10→下影+6,10.02,-14.97,-14.97,2023-08,2023
002805.SZSE,丰元股份,2025-11-17,二接三阴,—,阴,-3.6,大阴-5~-3,1.5,9.3,17.3,20.2,4,上,11.72,5.77,断2~3天,3.0,1.0,11.2,-3.0,11-07,实体+2→下影+10,7.01,-9.98,-9.98,2025-11,2025
002805.SZSE,丰元股份,2026-05-06,二接三阳,—,阳,2.83,小阳0~3,3.3,3.9,6.8,7.6,4,上,2.29,0.76,60日内无板,,,,,,下影+5→下影+9,2.14,-2.47,-2.47,2026-05,2026
002806.SZSE,华锋股份,2026-06-01,二接三阴,—,阴,-3.6,大阴-5~-3,-4.1,-1.3,1.8,3.4,2,下,3.09,2.74,断2~3天,3.0,1.0,0.1,-9.9,05-22,实体-1→下影+10,4.27,-0.05,-7.57,2026-06,2026
002809.SZSE,红墙股份,2025-04-21,二接三阴,—,阴,-3.06,大阴-5~-3,0.6,1.2,-4.7,-5.8,2,上,-5.14,-2.42,60日内无板,,,,,,实体-1→下影+8,2.51,9.96,2.66,2025-04,2025
002809.SZSE,红墙股份,2025-04-22,三接四阴,—,阴,-3.06,大阴-5~-3,0.6,1.2,-4.7,-5.8,2,上,-5.14,-2.42,60日内无板,,,,,,实体-1→下影+8→下影+3,-9.58,-6.64,-6.64,2025-04,2025
002809.SZSE,红墙股份,2025-05-13,二接三阳,—,阳,5.12,巨阳≥5,4.4,5.8,24.4,31.0,4,上,14.58,10.41,断1天,1.0,1.0,15.6,-4.1,05-07,下影+0→下影+1,0.0,3.84,3.84,2025-05,2025
002809.SZSE,红墙股份,2025-05-14,三接四阳,—,阳,5.12,巨阳≥5,4.4,5.8,24.4,31.0,4,上,14.58,10.41,断1天,1.0,1.0,15.6,-4.1,05-07,下影+0→下影+1→下影+0,4.98,-8.83,-8.83,2025-05,2025
002811.SZSE,郑中设计,2025-05-19,二接三阴,—,阴,-0.54,小阴-3~0,-0.6,1.6,3.6,3.2,3,上,2.7,2.32,60日内无板,,,,,,下影+0→下影+10,-5.07,10.03,14.89,2025-05,2025
002811.SZSE,郑中设计,2025-05-20,三接四阴,—,阴,-0.54,小阴-3~0,-0.6,1.6,3.6,3.2,3,上,2.7,2.32,60日内无板,,,,,,下影+0→下影+10→下影-5,-2.43,10.0,4.41,2025-05,2025
002813.SZSE,路畅科技,2024-05-06,二接三阳,—,阳,2.61,小阳0~3,2.2,4.6,-3.0,-6.1,2,上,-6.34,-3.57,断8~15天,14.0,1.0,-5.5,-25.4,04-08,下影+6→下影+10,1.31,-13.26,-13.26,2024-05,2024
002813.SZSE,路畅科技,2025-05-21,三接四阴,—,阴,-1.17,小阴-3~0,-1.0,0.9,4.5,4.6,3,上,4.3,3.04,60日内无板,,,,,,实体-0→下影+10→一字+10,2.49,-22.58,-22.58,2025-05,2025
002819.SZSE,东方中科,2024-01-05,二接三阴,—,阴,-1.72,小阴-3~0,-0.2,-1.0,-5.2,-7.8,0,下,-4.02,-2.72,断16~60天,40.0,1.0,2.8,-8.9,11-06,实体+0→下影+3,10.01,10.0,-1.01,2024-01,2024
002819.SZSE,东方中科,2024-01-08,三接四阴,—,阴,-1.72,小阴-3~0,-0.2,-1.0,-5.2,-7.8,0,下,-4.02,-2.72,断16~60天,40.0,1.0,2.8,-8.9,11-06,实体+0→下影+3→下影+10,7.46,-10.01,-10.01,2024-01,2024
002819.SZSE,东方中科,2025-05-20,二接三阴,—,阴,-6.07,巨阴≤-5,-1.3,4.0,12.3,14.4,3,上,11.79,4.67,断1天,1.0,1.0,3.3,-8.5,05-14,下影+6→下影-2,1.08,-18.99,-18.99,2025-05,2025
002820.SZSE,桂发祥,2024-11-26,二接三阳,B2,阳,2.52,小阳0~3,3.0,2.6,4.1,6.9,4,上,-0.16,2.09,60日内无板,,,,,,下影-1→下影-0,5.07,9.97,59.38,2024-11,2024
002820.SZSE,桂发祥,2025-08-13,二接三阳,—,阳,0.62,小阳0~3,1.0,1.5,1.3,-0.4,3,上,-0.02,-1.37,断16~60天,32.0,1.0,4.4,-10.0,06-25,下影+1→下影+1,10.01,2.33,2.33,2025-08,2025
002823.SZSE,凯中精密,2024-06-27,二接三阴,—,阴,-5.71,巨阴≤-5,-6.2,-6.1,-8.4,-10.4,0,下,-0.7,-2.31,断16~60天,35.0,2.0,-14.0,-21.9,04-30,一字+10→一字+10,10.01,-7.51,-7.51,2024-06,2024
002823.SZSE,凯中精密,2024-07-10,二接三阴,—,阴,-2.37,小阴-3~0,-2.2,5.0,13.8,15.2,3,上,12.25,5.77,断4~7天,4.0,1.0,8.0,-5.4,07-01,实体+1→下影+5,5.77,-3.53,-3.53,2024-07,2024
002824.SZSE,和胜股份,2026-04-13,二接三阳,—,阳,5.03,巨阳≥5,3.1,7.6,8.2,4.4,4,上,5.35,-0.29,断16~60天,32.0,1.0,-7.8,-33.5,02-12,下影-0→下影+8,-1.11,-3.13,-3.13,2026-04,2026
002827.SZSE,高争民爆,2024-05-07,二接三阳,—,阳,0.69,小阳0~3,0.9,3.1,-1.1,-3.3,2,上,-2.01,-1.71,断16~60天,39.0,1.0,3.0,-17.3,03-01,下影+2→下影+2,1.25,2.95,2.95,2024-05,2024
002827.SZSE,高争民爆,2024-08-15,二接三阴,—,阴,-1.71,小阴-3~0,1.7,5.4,6.4,3.8,4,上,5.7,-1.29,断2~3天,3.0,1.0,11.3,-1.4,08-07,实体+0→下影+8,0.3,-12.92,-12.92,2024-08,2024
002827.SZSE,高争民爆,2025-07-24,三接四阴,—,阴,-3.5,大阴-5~-3,-1.5,2.1,8.2,10.9,3,上,8.89,3.79,60日内无板,,,,,,一字+10→一字+10→一字+10,7.22,-4.51,-4.51,2025-07,2025
002827.SZSE,高争民爆,2026-07-31,二接三阳,—,阳,2.93,小阳0~3,4.3,5.3,7.5,5.7,4,上,3.97,0.35,60日内无板,,,,,,一字+10→一字+10,10.02,10.0,29.36,2026-07,2026
002827.SZSE,高争民爆,2026-08-03,三接四阳,—,阳,2.93,小阳0~3,4.3,5.3,7.5,5.7,4,上,3.97,0.35,60日内无板,,,,,,一字+10→一字+10→下影+10,10.0,10.01,17.6,2026-08,2026
002827.SZSE,高争民爆,2026-08-10,二接三阳,—,阳,6.9,巨阳≥5,17.3,39.9,60.3,68.0,4,上,27.66,14.5,断1天,1.0,5.0,17.6,-1.5,08-04,下影+9→下影+8,7.09,-1.63,-1.63,2026-08,2026
002828.SZSE,贝肯能源,2023-09-28,二接三阳,—,阳,-1.15,小阴-3~0,0.9,2.4,3.7,5.6,4,上,2.1,1.9,60日内无板,,,,,,下影-1→实体+4,8.92,10.02,8.9,2023-09,2023
002828.SZSE,贝肯能源,2023-10-09,三接四阳,—,阳,-1.15,小阴-3~0,0.9,2.4,3.7,5.6,4,上,2.1,1.9,60日内无板,,,,,,下影-1→实体+4→下影+9,-2.15,9.97,-1.01,2023-10,2023
002828.SZSE,贝肯能源,2025-06-17,二接三阴,—,阴,0.0,小阳0~3,-0.6,0.2,1.4,3.0,3,上,1.71,0.95,断16~60天,24.0,1.0,11.5,-5.0,05-08,下影+10→一字+10,-3.15,9.99,10.4,2025-06,2025
002828.SZSE,贝肯能源,2025-06-18,三接四阴,—,阴,0.0,小阳0~3,-0.6,0.2,1.4,3.0,3,上,1.71,0.95,断16~60天,24.0,1.0,11.5,-5.0,05-08,下影+10→一字+10→下影-3,3.03,0.37,0.37,2025-06,2025
002829.SZSE,星网宇达,2024-08-05,二接三阴,—,阴,-2.23,小阴-3~0,5.6,11.2,18.9,27.2,4,上,1.83,9.26,断1天,1.0,1.0,7.5,-7.9,07-30,实体-2→下影+7,7.8,-19.34,-19.34,2024-08,2024
002830.SZSE,名雕股份,2026-02-03,二接三阳,—,阳,1.05,小阳0~3,0.1,-0.1,3.2,4.5,3,下,2.46,1.14,断8~15天,9.0,1.0,4.6,-7.7,01-16,下影-1→下影+5,-2.74,9.99,-1.0,2026-02,2026
002830.SZSE,名雕股份,2026-02-04,三接四阳,—,阳,1.05,小阳0~3,0.1,-0.1,3.2,4.5,3,下,2.46,1.14,断8~15天,9.0,1.0,4.6,-7.7,01-16,下影-1→下影+5→下影-3,0.18,-9.98,-9.98,2026-02,2026
002832.SZSE,比音勒芬,2024-10-08,二接三阳,—,阳,9.5,巨阳≥5,11.1,14.6,13.2,11.1,4,上,1.27,-0.12,60日内无板,,,,,,下影+4→下影+9,10.01,-17.98,-17.98,2024-10,2024
002836.SZSE,新宏泽,2025-04-21,二接三阴,—,阴,-0.99,小阴-3~0,2.1,3.4,0.6,-1.0,3,上,-1.36,-1.93,60日内无板,,,,,,一字+10→一字+10,10.01,-20.54,-20.54,2025-04,2025
002838.SZSE,道恩股份,2024-11-13,二接三阳,—,阳,4.04,大阳3~5,2.9,9.4,15.4,22.2,4,上,5.23,7.89,断8~15天,14.0,1.0,21.0,-9.8,09-30,实体+0→一字+10,9.98,-17.4,-17.4,2024-11,2024
002841.SZSE,视源股份,2026-07-09,二接三阳,—,阳,2.14,小阳0~3,6.5,11.6,12.7,10.1,4,上,3.1,0.42,60日内无板,,,,,,一字+10→下影+6,-4.81,0.61,0.61,2026-07,2026
002843.SZSE,泰嘉股份,2023-06-05,二接三阴,—,阴,-4.16,大阴-5~-3,-0.2,3.0,6.8,9.1,3,上,4.95,3.75,断1天,1.0,1.0,5.4,-4.6,05-30,下影-0→实体+1,1.2,-14.18,-14.18,2023-06,2023
002843.SZSE,泰嘉股份,2026-03-02,二接三阴,—,阴,2.5,小阳0~3,5.1,9.7,7.4,3.5,4,上,4.84,-2.46,断2~3天,2.0,1.0,10.2,-4.2,02-13,下影+7→一字+10,6.25,4.28,4.28,2026-03,2026
002843.SZSE,泰嘉股份,2026-03-03,三接四阴,—,阴,2.5,小阳0~3,5.1,9.7,7.4,3.5,4,上,4.84,-2.46,断2~3天,2.0,1.0,10.2,-4.2,02-13,下影+7→一字+10→下影+6,4.32,-7.75,-7.75,2026-03,2026
002846.SZSE,英联股份,2023-06-28,二接三阳,—,阳,2.97,小阳0~3,-0.4,1.1,4.0,5.0,3,上,3.06,1.88,断16~60天,27.0,1.0,13.7,-7.5,05-15,实体+1→下影+8,3.74,-15.76,-15.76,2023-06,2023
002846.SZSE,英联股份,2023-07-04,二接三阴,—,阴,-5.82,巨阴≤-5,-0.3,5.0,11.3,14.0,3,上,8.86,5.08,断2~3天,2.0,2.0,2.0,-8.8,06-27,下影-1→下影+10,8.72,-9.86,-9.86,2023-07,2023
002846.SZSE,英联股份,2025-06-24,二接三阴,—,阴,-3.83,大阴-5~-3,-1.6,-2.8,1.5,7.8,2,下,4.34,4.91,断8~15天,8.0,1.0,3.0,-9.0,06-09,下影+0→下影-1,1.14,10.0,14.82,2025-06,2025
002846.SZSE,英联股份,2025-06-25,三接四阴,—,阴,-3.83,大阴-5~-3,-1.6,-2.8,1.5,7.8,2,下,4.34,4.91,断8~15天,8.0,1.0,3.0,-9.0,06-09,下影+0→下影-1→下影+1,4.33,4.38,4.38,2025-06,2025
002848.SZSE,高斯贝尔,2024-03-05,三接四阴,—,阴,-9.99,巨阴≤-5,-4.1,5.7,-2.7,-12.4,1,上,4.69,-6.13,断8~15天,8.0,1.0,35.5,0.0,02-08,实体-4→下影+2→一字+10,9.97,-22.23,-22.23,2024-03,2024
002849.SZSE,威星智能,2024-11-12,二接三阳,—,阳,1.0,小阳0~3,3.5,4.1,13.3,20.2,4,上,5.25,4.54,断16~60天,24.0,1.0,45.7,-6.8,09-27,实体+0→一字+10,10.0,-10.71,-10.71,2024-11,2024
002850.SZSE,科达利,2024-10-08,二接三阳,—,阳,0.94,小阳0~3,4.4,3.5,4.1,7.0,4,上,-1.69,2.18,60日内无板,,,,,,实体+1→下影+7,10.01,-6.41,-6.41,2024-10,2024
002851.SZSE,麦格米特,2024-10-23,三接四阳,—,阳,6.17,巨阳≥5,6.9,8.5,19.3,23.2,4,上,10.33,5.35,60日内无板,,,,,,一字+10→一字+10→一字+10,6.86,3.93,3.93,2024-10,2024
002851.SZSE,麦格米特,2024-12-23,二接三阳,—,阳,3.02,大阳3~5,6.8,8.9,11.1,8.0,4,上,2.61,-0.76,断2~3天,2.0,1.0,15.7,-1.1,12-16,实体+1→下影+7,7.0,-5.81,-5.81,2024-12,2024
002852.SZSE,道道全,2023-04-19,二接三阴,—,阴,-2.03,小阴-3~0,0.4,1.9,,,2,上,,,断2~3天,3.0,1.0,7.8,-3.1,04-11,一字+10→下影+5,3.97,-4.54,-4.54,2023-04,2023
002853.SZSE,皮阿诺,2025-12-17,二接三阴,—,阴,-0.27,小阴-3~0,0.2,2.4,4.4,7.5,4,上,2.24,2.58,60日内无板,,,,,,下影+2→一字+10,1.4,10.03,14.5,2025-12,2025
002853.SZSE,皮阿诺,2025-12-18,三接四阴,—,阴,-0.27,小阴-3~0,0.2,2.4,4.4,7.5,4,上,2.24,2.58,60日内无板,,,,,,下影+2→一字+10→下影+1,8.4,4.07,4.07,2025-12,2025
002855.SZSE,捷荣技术,2023-09-01,二接三阳,—,阳,7.99,巨阳≥5,6.1,5.1,2.2,0.7,4,上,-2.38,-1.57,60日内无板,,,,,,一字+10→一字+10,7.36,9.99,43.5,2023-09,2023
002855.SZSE,捷荣技术,2023-09-04,三接四阳,A1,阳,7.99,巨阳≥5,6.1,5.1,2.2,0.7,4,上,-2.38,-1.57,60日内无板,,,,,,一字+10→一字+10→下影+7,9.99,9.97,30.46,2023-09,2023
002855.SZSE,捷荣技术,2023-09-22,二接三阳,—,阳,3.33,大阳3~5,3.8,15.9,55.5,82.1,4,上,36.95,30.88,断2~3天,3.0,2.0,11.2,-7.9,09-14,下影-2→下影+1,4.01,9.99,34.2,2023-09,2023
002855.SZSE,捷荣技术,2023-09-25,三接四阳,—,阳,3.33,大阳3~5,3.8,15.9,55.5,82.1,4,上,36.95,30.88,断2~3天,3.0,2.0,11.2,-7.9,09-14,下影-2→下影+1→下影+4,5.56,9.99,22.01,2023-09,2023
002855.SZSE,捷荣技术,2023-10-26,二接三阴,—,阴,-8.28,巨阴≤-5,-11.8,-13.2,-6.8,11.1,1,下,-2.55,12.97,断8~15天,12.0,6.0,-12.4,-20.6,09-27,下影+2→下影+0,1.61,-26.21,-26.21,2023-10,2023
002855.SZSE,捷荣技术,2023-12-25,二接三阳,—,阳,3.64,大阳3~5,2.3,2.8,0.1,-2.7,3,上,-1.53,-2.68,断2~3天,2.0,1.0,5.0,-11.3,12-18,下影-1→实体+3,1.67,10.0,-1.0,2023-12,2023
002855.SZSE,捷荣技术,2023-12-26,三接四阳,—,阳,3.64,大阳3~5,2.3,2.8,0.1,-2.7,3,上,-1.53,-2.68,断2~3天,2.0,1.0,5.0,-11.3,12-18,下影-1→实体+3→下影+2,2.08,-10.0,-10.0,2023-12,2023
002857.SZSE,三晖电气,2024-03-11,二接三阳,—,阳,4.08,大阳3~5,2.7,1.6,6.9,-4.1,3,上,8.54,-6.37,断8~15天,13.0,1.0,42.0,1.8,02-08,下影+1→实体+6,10.0,-4.77,-4.77,2024-03,2024
002857.SZSE,三晖电气,2024-03-12,三接四阳,—,阳,4.08,大阳3~5,2.7,1.6,6.9,-4.1,3,上,8.54,-6.37,断8~15天,13.0,1.0,42.0,1.8,02-08,下影+1→实体+6→下影+10,4.64,-20.39,-20.39,2024-03,2024
002861.SZSE,瀛通通讯,2023-09-06,二接三阳,—,阳,1.29,小阳0~3,4.8,5.1,4.2,3.1,4,上,-0.21,-1.1,断2~3天,3.0,1.0,16.8,1.4,08-29,下影+1→一字+10,6.52,-17.39,-17.39,2023-09,2023
002861.SZSE,瀛通通讯,2024-06-28,二接三阳,—,阳,1.77,小阳0~3,-3.2,-7.4,-6.0,-8.7,0,下,2.56,-2.9,断8~15天,8.0,2.0,-6.5,-17.5,06-13,下影+0→下影+1,0.72,10.01,-1.03,2024-06,2024
002861.SZSE,瀛通通讯,2024-07-01,三接四阳,—,阳,1.77,小阳0~3,-3.2,-7.4,-6.0,-8.7,0,下,2.56,-2.9,断8~15天,8.0,2.0,-6.5,-17.5,06-13,下影+0→下影+1→下影+1,10.01,-10.03,-10.03,2024-07,2024
002861.SZSE,瀛通通讯,2025-01-21,三接四阴,—,阴,0.38,小阳0~3,1.2,-4.5,-15.0,-16.2,1,下,-12.21,-6.5,断8~15天,11.0,1.0,-21.2,-35.6,12-30,下影+1→下影+10→一字+10,9.97,10.03,-0.96,2025-01,2025
002862.SZSE,实丰文化,2023-12-18,二接三阴,—,阴,-2.87,小阴-3~0,-0.2,1.2,1.8,2.8,3,上,1.52,1.03,断2~3天,2.0,1.0,5.0,-5.3,12-11,实体-2→下影-6,8.22,10.0,4.69,2023-12,2023
002862.SZSE,实丰文化,2023-12-19,三接四阴,—,阴,-2.87,小阴-3~0,-0.2,1.2,1.8,2.8,3,上,1.52,1.03,断2~3天,2.0,1.0,5.0,-5.3,12-11,实体-2→下影-6→下影+8,7.0,-4.82,-4.82,2023-12,2023
002862.SZSE,实丰文化,2024-03-22,二接三阳,—,阳,2.03,小阳0~3,4.1,6.4,8.3,14.0,4,上,1.25,7.92,断16~60天,19.0,1.0,35.6,-2.2,02-21,下影-1→下影+8,10.02,-18.77,-18.77,2024-03,2024
002865.SZSE,钧达股份,2024-10-29,二接三阳,—,阳,1.01,小阳0~3,9.2,15.7,21.9,28.0,4,上,2.54,7.53,断1天,1.0,1.0,11.1,-1.1,10-23,实体+3→下影+2,6.21,0.69,0.69,2024-10,2024
002865.SZSE,钧达股份,2026-01-26,二接三阴,—,阴,-2.46,小阴-3~0,-4.3,2.2,22.5,40.0,3,上,22.62,17.69,断4~7天,6.0,1.0,12.9,-2.3,01-13,实体-0→下影+9,10.0,-4.81,-4.81,2026-01,2026
002868.SZSE,绿康生化,2024-01-16,三接四阳,—,阳,2.75,小阳0~3,1.6,0.2,0.0,-2.3,3,上,-0.08,-1.68,60日内无板,,,,,,实体-1→实体+1→一字+10,8.16,-5.42,-5.42,2024-01,2024
002868.SZSE,绿康生化,2024-12-31,二接三阳,—,阳,3.95,大阳3~5,-0.9,-6.9,-9.6,-10.1,0,下,-7.01,-2.77,断8~15天,10.0,1.0,-14.8,-28.0,12-12,实体+0→实体+0,1.93,-9.56,-9.56,2024-12,2024
002868.SZSE,绿康生化,2025-01-02,三接四阳,—,阳,3.95,大阳3~5,-0.9,-6.9,-9.6,-10.1,0,下,-7.01,-2.77,断8~15天,10.0,1.0,-14.8,-28.0,12-12,实体+0→实体+0→下影+2,6.26,-26.04,-26.04,2025-01,2025
002869.SZSE,金溢科技,2024-06-19,二接三阳,B2,阳,3.17,大阳3~5,6.4,11.8,23.7,28.8,4,上,13.08,8.68,断4~7天,6.0,2.0,18.7,-7.6,06-05,下影+8→下影-1,6.11,6.69,6.69,2024-06,2024
002873.SZSE,新天药业,2024-03-12,二接三阳,—,阳,3.34,大阳3~5,3.9,5.9,-1.8,-9.0,2,上,-5.28,-6.41,断4~7天,6.0,1.0,15.7,-9.5,02-06,一字+10→一字+10,9.99,0.94,0.94,2024-03,2024
002873.SZSE,新天药业,2025-08-19,二接三阳,—,阳,1.15,小阳0~3,0.3,-0.3,2.6,6.3,3,下,2.08,2.68,断8~15天,9.0,1.0,4.9,-12.1,08-01,下影+1→下影+1,3.98,-10.01,-10.01,2025-08,2025
002877.SZSE,智能自控,2023-07-14,二接三阴,—,阴,-0.74,小阴-3~0,-2.7,-4.1,-2.7,-0.3,0,下,-0.22,2.18,断16~60天,16.0,1.0,5.5,-5.7,06-15,实体+5→下影+3,0.44,-12.48,-12.48,2023-07,2023
002877.SZSE,智能自控,2025-11-20,二接三阳,—,阳,0.89,小阳0~3,1.0,1.6,2.5,3.4,4,上,1.78,1.16,60日内无板,,,,,,下影+0→一字+10,3.39,-10.0,-10.0,2025-11,2025
002878.SZSE,元隆雅图,2024-12-03,二接三阴,—,阴,-2.92,小阴-3~0,-0.8,3.5,11.0,14.6,3,上,8.66,5.06,断4~7天,5.0,2.0,2.8,-11.0,11-21,实体+0→下影+5,1.52,-22.51,-22.51,2024-12,2024
002878.SZSE,元隆雅图,2025-06-03,二接三阳,—,阳,-0.63,小阴-3~0,2.9,4.3,6.5,9.4,4,上,2.0,2.94,60日内无板,,,,,,下影-0→下影+10,8.62,-19.93,-19.93,2025-06,2025
002878.SZSE,元隆雅图,2025-06-13,二接三阴,—,阴,-2.45,小阴-3~0,3.1,5.6,14.6,19.6,4,上,9.22,5.43,断1天,1.0,1.0,7.3,-2.7,06-09,下影+4→实体+4,4.46,9.99,0.84,2025-06,2025
002878.SZSE,元隆雅图,2025-06-16,三接四阴,—,阴,-2.45,小阴-3~0,3.1,5.6,14.6,19.6,4,上,9.22,5.43,断1天,1.0,1.0,7.3,-2.7,06-09,下影+4→实体+4→下影+4,0.28,-8.32,-8.32,2025-06,2025
002879.SZSE,长缆科技,2026-07-23,二接三阴,—,阴,-2.3,小阴-3~0,-2.9,-3.8,-6.7,-9.8,0,下,-3.16,-3.53,60日内无板,,,,,,实体+10→下影+7,1.88,9.99,15.17,2026-07,2026
002879.SZSE,长缆科技,2026-07-24,三接四阴,—,阴,-2.3,小阴-3~0,-2.9,-3.8,-6.7,-9.8,0,下,-3.16,-3.53,60日内无板,,,,,,实体+10→下影+7→实体+2,9.99,10.03,4.71,2026-07,2026
002882.SZSE,金龙羽,2024-01-12,二接三阴,—,阴,-4.73,大阴-5~-3,4.9,9.2,12.7,12.0,4,上,5.68,1.45,断1天,1.0,2.0,4.8,-5.9,01-08,下影-2→下影-1,-2.25,3.47,0.31,2024-01,2024
002882.SZSE,金龙羽,2025-05-22,二接三阴,—,阴,-0.58,小阴-3~0,-1.1,-0.4,1.6,3.5,2,下,3.42,2.18,断16~60天,21.0,1.0,10.4,-6.5,04-15,下影+0→下影+0,9.99,1.43,3.3,2025-05,2025
002882.SZSE,金龙羽,2025-06-25,二接三阳,—,阳,2.01,小阳0~3,3.5,2.9,7.7,19.2,4,上,3.85,8.11,断8~15天,9.0,1.0,7.1,-12.8,06-09,下影-3→下影+3,2.28,-8.36,-8.36,2025-06,2025
002885.SZSE,京泉华,2025-11-05,二接三阴,—,阴,-1.18,小阴-3~0,-1.9,0.1,6.4,17.6,3,上,2.62,9.37,断8~15天,11.0,2.0,1.5,-16.6,10-16,下影+5→下影+10,-3.27,5.3,5.3,2025-11,2025
002885.SZSE,京泉华,2025-11-06,三接四阴,—,阴,-1.18,小阴-3~0,-1.9,0.1,6.4,17.6,3,上,2.62,9.37,断8~15天,11.0,2.0,1.5,-16.6,10-16,下影+5→下影+10→下影-3,2.39,1.35,1.35,2025-11,2025
002886.SZSE,沃特股份,2026-08-31,二接三阳,—,阳,2.63,小阳0~3,4.8,6.3,11.1,14.5,4,上,2.87,4.08,断2~3天,3.0,1.0,13.0,-6.3,08-21,下影+3→一字+10,4.58,-3.44,-3.44,2026-08,2026
002888.SZSE,惠威科技,2023-11-24,二接三阴,—,阴,-1.75,小阴-3~0,-2.2,-1.7,1.0,4.3,2,下,0.36,3.62,断8~15天,12.0,1.0,3.6,-9.4,11-03,下影+0→下影+5,-2.15,10.01,-0.98,2023-11,2023
002888.SZSE,惠威科技,2023-11-27,三接四阴,—,阴,-1.75,小阴-3~0,-2.2,-1.7,1.0,4.3,2,下,0.36,3.62,断8~15天,12.0,1.0,3.6,-9.4,11-03,下影+0→下影+5→下影-2,-7.16,-9.99,-9.99,2023-11,2023
002888.SZSE,惠威科技,2023-12-20,二接三阴,—,阴,-1.84,小阴-3~0,-4.0,-6.7,-9.3,-5.9,0,下,-6.17,1.39,断4~7天,7.0,1.0,-5.7,-15.0,12-06,下影+1→下影+1,1.73,10.01,-0.98,2023-12,2023
002888.SZSE,惠威科技,2023-12-21,三接四阴,—,阴,-1.84,小阴-3~0,-4.0,-6.7,-9.3,-5.9,0,下,-6.17,1.39,断4~7天,7.0,1.0,-5.7,-15.0,12-06,下影+1→下影+1→下影+2,-4.81,-9.99,-9.99,2023-12,2023
002888.SZSE,惠威科技,2024-01-05,二接三阴,—,阴,-7.37,巨阴≤-5,-3.5,-2.7,8.6,10.7,2,下,13.57,5.38,断4~7天,7.0,4.0,-0.9,-13.6,12-21,实体+0→下影+8,1.99,-19.29,-19.29,2024-01,2024
002889.SZSE,东方嘉盛,2023-09-18,二接三阳,—,阳,0.48,小阳0~3,3.5,6.8,9.9,10.7,4,上,5.1,2.14,断2~3天,3.0,1.0,11.9,-5.3,09-08,实体-1→下影+6,10.01,-9.99,-9.99,2023-09,2023
002889.SZSE,东方嘉盛,2023-10-31,二接三阴,—,阴,-0.23,小阴-3~0,1.5,1.0,-0.8,-2.4,2,上,-1.89,-4.29,断16~60天,22.0,3.0,-15.7,-27.4,09-18,下影-0→下影+0,3.85,10.0,8.92,2023-10,2023
002889.SZSE,东方嘉盛,2023-11-01,三接四阴,—,阴,-0.23,小阴-3~0,1.5,1.0,-0.8,-2.4,2,上,-1.89,-4.29,断16~60天,22.0,3.0,-15.7,-27.4,09-18,下影-0→下影+0→下影+4,8.36,10.01,-0.99,2023-11,2023
002889.SZSE,东方嘉盛,2024-02-28,二接三阳,—,阳,3.24,大阳3~5,6.8,12.4,-0.1,-6.8,2,上,-7.55,-6.09,断4~7天,5.0,1.0,32.5,0.7,02-08,下影+5→下影+5,9.79,-13.89,-13.89,2024-02,2024
002892.SZSE,科力尔,2023-09-26,二接三阳,—,阳,4.91,大阳3~5,7.5,10.9,13.8,13.7,4,上,2.77,1.5,断2~3天,3.0,1.0,21.5,-0.2,09-18,下影-2→一字+10,0.19,-18.31,-18.31,2023-09,2023
002892.SZSE,科力尔,2023-11-21,二接三阴,—,阴,0.0,小阳0~3,0.1,1.2,6.6,5.9,4,上,5.6,1.97,断8~15天,9.0,1.0,16.3,1.5,11-03,下影-1→下影+5,9.64,-3.96,-3.96,2023-11,2023
002893.SZSE,京能热力,2023-07-11,二接三阳,—,阳,4.83,大阳3~5,3.5,3.0,6.9,7.2,4,上,3.94,1.67,断8~15天,8.0,1.0,11.5,-5.3,06-26,实体-1→一字+10,4.98,9.98,16.23,2023-07,2023
002893.SZSE,京能热力,2023-07-12,三接四阳,—,阳,4.83,大阳3~5,3.5,3.0,6.9,7.2,4,上,3.94,1.67,断8~15天,8.0,1.0,11.5,-5.3,06-26,实体-1→一字+10→下影+5,-3.93,5.69,5.69,2023-07,2023
002893.SZSE,京能热力,2023-12-15,二接三阳,—,阳,2.81,小阳0~3,3.8,3.2,1.3,0.9,4,上,-1.6,-1.3,60日内无板,,,,,,下影+2→下影+10,8.6,-10.01,-10.01,2023-12,2023
002896.SZSE,中大力德,2023-06-19,三接四阳,A1,阳,0.52,小阳0~3,1.8,0.8,0.4,7.2,4,上,-2.61,4.75,断16~60天,16.0,1.0,5.6,-9.3,05-22,下影+0→下影+7→一字+10,9.99,7.36,7.36,2023-06,2023
002896.SZSE,中大力德,2025-02-21,二接三阳,—,阳,3.24,大阳3~5,7.9,11.4,30.8,46.9,4,上,15.78,15.53,断8~15天,11.0,2.0,48.8,2.6,01-24,实体-2→下影+3,1.01,-9.92,-9.92,2025-02,2025
002897.SZSE,意华股份,2026-05-26,二接三阴,—,阴,-7.45,巨阴≤-5,-5.2,-5.6,-1.8,-1.3,0,下,6.43,0.97,60日内无板,,,,,,下影+2→下影+4,5.99,-8.33,-8.33,2026-05,2026
002899.SZSE,英派斯,2024-12-13,二接三阴,—,阴,-0.25,小阴-3~0,-1.2,-3.2,-3.0,0.3,1,下,-0.28,0.86,断8~15天,11.0,1.0,4.3,-7.2,11-25,实体-0→下影+4,-3.24,-11.76,-11.76,2024-12,2024
002900.SZSE,哈三联,2024-04-17,二接三阴,—,阴,-2.86,小阴-3~0,-1.6,-2.5,-2.7,-0.8,0,下,-0.32,1.06,断16~60天,38.0,1.0,33.4,0.2,02-08,下影+0→实体+7,6.39,-6.11,-6.11,2024-04,2024
002900.SZSE,哈三联,2024-04-18,三接四阴,—,阴,-2.86,小阴-3~0,-1.6,-2.5,-2.7,-0.8,0,下,-0.32,1.06,断16~60天,38.0,1.0,33.4,0.2,02-08,下影+0→实体+7→下影+6,10.01,-23.19,-23.19,2024-04,2024
002900.SZSE,哈三联,2025-04-07,三接四阴,—,阴,-1.57,小阴-3~0,0.3,0.3,0.7,0.8,4,上,0.1,0.21,60日内无板,,,,,,下影+0→一字+10→一字+10,4.71,2.31,7.81,2025-04,2025
002900.SZSE,哈三联,2025-05-19,二接三阳,—,阳,1.14,小阳0~3,1.1,2.4,-2.6,-6.4,2,上,-1.53,-7.32,断16~60天,22.0,2.0,-23.7,-34.5,04-09,下影+0→下影+7,-0.93,-9.67,-9.67,2025-05,2025
002902.SZSE,铭普光磁,2023-06-05,二接三阳,—,阳,4.44,大阳3~5,10.4,15.4,20.5,15.2,4,上,8.23,-1.01,断1天,1.0,1.0,14.9,-0.1,05-30,实体+4→一字+10,9.99,10.0,27.0,2023-06,2023
002902.SZSE,铭普光磁,2023-06-06,三接四阳,A1,阳,4.44,大阳3~5,10.4,15.4,20.5,15.2,4,上,8.23,-1.01,断1天,1.0,1.0,14.9,-0.1,05-30,实体+4→一字+10→下影+10,7.84,9.99,15.46,2023-06,2023
002902.SZSE,铭普光磁,2024-03-13,三接四阴,—,阴,-6.52,巨阴≤-5,-3.2,-0.9,13.2,16.1,2,下,13.69,6.66,断4~7天,7.0,1.0,6.9,-7.7,02-27,一字+10→一字+10→一字+10,10.0,-4.59,-4.59,2024-03,2024
002903.SZSE,宇环数控,2025-03-21,三接四阳,—,阳,0.49,小阳0~3,-0.6,-0.6,0.4,2.3,2,下,0.15,1.71,断16~60天,38.0,1.0,17.5,-4.3,01-14,下影+5→一字+10→一字+10,5.54,-17.98,-17.98,2025-03,2025
002903.SZSE,宇环数控,2026-03-11,二接三阴,—,阴,-0.48,小阴-3~0,-1.0,1.7,7.5,7.7,3,上,6.65,3.04,断16~60天,42.0,1.0,12.2,-15.0,12-26,下影+4→下影+7,5.53,-15.56,-15.56,2026-03,2026
002905.SZSE,金逸影视,2023-08-09,二接三阴,—,阴,0.39,小阳0~3,-1.9,-5.4,-8.1,-6.0,0,下,-4.24,0.03,断16~60天,19.0,1.0,-2.1,-12.2,07-10,实体+3→下影+4,0.0,-4.93,-4.93,2023-08,2023
002905.SZSE,金逸影视,2025-03-17,三接四阳,—,阳,1.37,小阳0~3,1.6,2.7,-1.1,-2.6,2,上,-0.5,-1.82,断16~60天,23.0,1.0,3.4,-11.8,02-06,实体+0→一字+10→一字+10,-0.1,-9.96,-9.96,2025-03,2025
002905.SZSE,金逸影视,2025-09-12,二接三阳,—,阳,0.59,小阳0~3,-0.6,3.8,4.4,4.3,3,上,2.52,2.19,断4~7天,4.0,1.0,7.8,-8.7,09-03,实体-2→下影+3,3.85,-3.13,-3.13,2025-09,2025
002907.SZSE,华森制药,2025-05-29,二接三阴,—,阴,-3.02,大阴-5~-3,-0.9,-0.2,-0.3,1.8,1,下,-0.27,1.23,断16~60天,21.0,1.0,7.3,-6.8,04-22,实体-0→下影+9,-1.76,9.73,9.73,2025-05,2025
002907.SZSE,华森制药,2026-08-18,二接三阳,—,阳,1.17,小阳0~3,1.0,3.9,6.7,3.8,4,上,4.99,-1.58,断16~60天,25.0,1.0,6.3,-17.7,07-09,一字+10→下影+9,2.38,-12.56,-12.56,2026-08,2026
002909.SZSE,集泰股份,2025-05-16,三接四阴,—,阴,-1.21,小阴-3~0,-1.2,0.2,0.9,1.1,3,上,0.33,1.8,断8~15天,15.0,1.0,3.6,-11.9,04-16,下影+1→一字+10→一字+10,9.99,-10.04,-10.04,2025-05,2025
002909.SZSE,集泰股份,2025-12-25,二接三阴,—,阴,-2.03,小阴-3~0,0.5,0.4,-0.9,-2.1,2,上,-1.63,-0.82,60日内无板,,,,,,下影-0→一字+10,10.06,-19.62,-19.62,2025-12,2025
002909.SZSE,集泰股份,2026-09-03,三接四阳,—,阳,1.86,小阳0~3,2.8,4.0,5.9,10.3,4,上,1.53,3.27,60日内无板,,,,,,下影-1→下影+4→一字+10,10.03,-9.99,-9.99,2026-09,2026
002910.SZSE,庄园牧场,2025-02-26,三接四阳,—,阳,1.88,小阳0~3,2.3,1.2,6.0,8.5,4,上,3.96,2.03,60日内无板,,,,,,下影-0→一字+10→一字+10,10.04,10.04,-0.75,2025-02,2025
002910.SZSE,庄园牧场,2025-10-13,二接三阳,—,阳,2.39,小阳0~3,3.2,3.4,1.5,0.3,4,上,-2.55,-0.6,断16~60天,53.0,1.0,2.7,-15.3,07-17,下影+0→下影+3,10.04,-17.95,-17.95,2025-10,2025
002910.SZSE,庄园牧场,2025-12-19,二接三阴,—,阴,-1.25,小阴-3~0,-1.1,-4.1,-5.2,-7.5,0,下,-3.06,-3.24,断16~60天,26.0,1.0,-5.8,-16.9,11-10,下影-0→下影+2,-6.04,10.04,-0.73,2025-12,2025
002910.SZSE,庄园牧场,2025-12-22,三接四阴,—,阴,-1.25,小阴-3~0,-1.1,-4.1,-5.2,-7.5,0,下,-3.06,-3.24,断16~60天,26.0,1.0,-5.8,-16.9,11-10,下影-0→下影+2→实体-6,0.29,-9.79,-9.79,2025-12,2025
002912.SZSE,中新赛克,2024-10-29,二接三阴,—,阴,-1.02,小阴-3~0,-1.4,0.7,4.4,11.2,3,上,0.56,5.93,断8~15天,13.0,1.0,9.5,-7.3,09-30,下影+10→一字+10,10.01,9.99,18.94,2024-10,2024
002912.SZSE,中新赛克,2024-10-30,三接四阴,—,阴,-1.02,小阴-3~0,-1.4,0.7,4.4,11.2,3,上,0.56,5.93,断8~15天,13.0,1.0,9.5,-7.3,09-30,下影+10→一字+10→下影+10,0.7,10.02,8.14,2024-10,2024
002915.SZSE,中欣氟材,2023-12-20,二接三阴,—,阴,0.0,小阳0~3,-1.3,-3.5,-6.8,-8.8,0,下,-3.55,-3.0,断16~60天,46.0,1.0,-13.9,-22.0,10-12,下影+5→下影+6,9.97,-3.13,-3.13,2023-12,2023
002915.SZSE,中欣氟材,2024-12-11,二接三阴,—,阴,-1.6,小阴-3~0,-0.6,4.1,7.2,10.0,3,上,4.86,3.65,断4~7天,4.0,1.0,10.4,-1.7,12-02,下影-1→一字+10,9.98,-7.1,-7.1,2024-12,2024
002915.SZSE,中欣氟材,2025-04-24,二接三阳,—,阳,3.36,大阳3~5,2.9,5.6,0.0,-4.6,3,上,-2.82,-4.05,60日内无板,,,,,,实体+0→下影+3,7.39,2.44,2.44,2025-04,2025
002915.SZSE,中欣氟材,2025-04-25,三接四阳,—,阳,3.36,大阳3~5,2.9,5.6,0.0,-4.6,3,上,-2.82,-4.05,60日内无板,,,,,,实体+0→下影+3→下影+7,4.4,-2.0,-2.0,2025-04,2025
002915.SZSE,中欣氟材,2025-08-07,二接三阳,—,阳,4.5,大阳3~5,1.5,3.3,5.8,8.5,4,上,0.2,3.14,断4~7天,5.0,1.0,7.4,-7.6,07-28,实体+1→下影+5,9.99,-2.46,-2.46,2025-08,2025
002917.SZSE,金奥博,2025-01-13,二接三阴,—,阴,-1.21,小阴-3~0,1.7,0.3,-0.7,-0.9,2,上,-1.77,-1.29,60日内无板,,,,,,实体-1→一字+10,10.03,10.04,39.0,2025-01,2025
002917.SZSE,金奥博,2025-07-23,二接三阴,—,阴,-0.49,小阴-3~0,-0.2,0.6,2.3,3.5,3,上,1.62,1.78,60日内无板,,,,,,下影+8→下影+8,5.57,-16.2,-16.2,2025-07,2025
002918.SZSE,蒙娜丽莎,2024-12-19,二接三阴,—,阴,-0.65,小阴-3~0,-0.0,2.0,4.2,4.1,4,上,2.55,1.44,60日内无板,,,,,,实体+4→下影+0,2.59,-17.32,-17.32,2024-12,2024
002918.SZSE,蒙娜丽莎,2026-05-13,三接四阴,—,阴,-0.85,小阴-3~0,-3.6,-5.8,-7.6,-7.0,0,下,-3.62,-0.41,60日内无板,,,,,,下影+0→一字+10→一字+10,1.79,10.0,8.9,2026-05,2026
002921.SZSE,联诚精密,2025-03-12,二接三阳,—,阳,1.78,小阳0~3,2.9,3.3,6.4,9.3,4,上,2.28,2.17,断4~7天,7.0,1.0,6.4,-10.9,02-26,实体-1→一字+10,6.49,-9.99,-9.99,2025-03,2025
002923.SZSE,润都股份,2024-03-07,三接四阳,—,阳,2.3,小阳0~3,0.5,2.8,4.5,-2.3,3,上,8.75,-2.56,断8~15天,10.0,1.0,29.3,0.0,02-08,下影+6→一字+10→一字+10,9.98,-12.58,-12.58,2024-03,2024
002923.SZSE,润都股份,2025-01-21,二接三阴,—,阴,-0.44,小阴-3~0,-0.1,-3.2,-5.3,-8.7,0,下,-2.51,-3.86,60日内无板,,,,,,下影-0→下影+6,8.71,-12.71,-12.71,2025-01,2025
002923.SZSE,润都股份,2025-04-03,二接三阴,—,阴,-3.92,大阴-5~-3,4.6,12.7,26.4,33.0,4,上,14.97,10.12,断1天,1.0,1.0,5.7,-5.5,03-28,实体+1→下影+2,-5.51,-10.63,-10.63,2025-04,2025
002925.SZSE,盈趣科技,2025-09-24,二接三阳,—,阳,0.97,小阳0~3,0.3,0.7,-1.1,-2.5,2,上,-0.19,-1.34,60日内无板,,,,,,下影+10→下影+10,4.55,-15.84,-15.84,2025-09,2025
002927.SZSE,泰永长征,2023-12-01,二接三阳,—,阳,1.22,小阳0~3,1.2,0.6,1.2,3.1,4,上,-0.02,0.97,60日内无板,,,,,,实体+0→一字+10,10.02,-18.06,-18.06,2023-12,2023
002927.SZSE,泰永长征,2025-03-20,二接三阳,—,阳,2.13,小阳0~3,2.0,4.9,8.2,11.1,4,上,4.39,2.19,断2~3天,3.0,1.0,10.5,-3.2,03-12,下影+5→下影+10,4.96,-19.45,-19.45,2025-03,2025
002929.SZSE,润建股份,2025-02-13,三接四阳,—,阳,2.43,小阳0~3,4.8,7.7,12.3,9.8,4,上,5.73,-0.08,断16~60天,29.0,1.0,15.2,-14.9,12-19,实体+10→下影+5→一字+10,10.0,6.34,-0.54,2025-02,2025
002929.SZSE,润建股份,2025-02-24,三接四阳,—,阳,-0.41,小阴-3~0,0.6,16.6,35.5,44.2,4,上,26.43,16.16,断2~3天,2.0,1.0,2.5,-9.4,02-14,下影+3→实体+4→一字+10,8.09,-13.7,-13.7,2025-02,2025
002931.SZSE,锋龙股份,2023-11-07,二接三阳,—,阳,1.74,小阳0~3,3.6,5.1,13.1,16.3,4,上,8.18,4.46,断2~3天,2.0,1.0,8.5,-5.9,10-31,实体+6→下影+10,9.57,9.98,-1.01,2023-11,2023
002931.SZSE,锋龙股份,2023-11-08,三接四阳,—,阳,1.74,小阳0~3,3.6,5.1,13.1,16.3,4,上,8.18,4.46,断2~3天,2.0,1.0,8.5,-5.9,10-31,实体+6→下影+10→下影+10,0.37,-10.0,-10.0,2023-11,2023
002939.SZSE,长城证券,2025-08-15,二接三阳,—,阳,0.56,小阳0~3,1.0,1.5,1.0,2.5,4,上,-0.93,0.62,60日内无板,,,,,,下影+0→下影+2,0.36,10.03,14.26,2025-08,2025
002939.SZSE,长城证券,2025-08-18,三接四阳,—,阳,0.56,小阳0~3,1.0,1.5,1.0,2.5,4,上,-0.93,0.62,60日内无板,,,,,,下影+0→下影+2→下影+0,8.13,3.84,3.84,2025-08,2025
002940.SZSE,昂利康,2025-06-10,二接三阳,—,阳,5.94,巨阳≥5,9.6,16.4,22.7,25.7,4,上,8.12,5.05,断2~3天,2.0,1.0,18.4,-2.5,06-03,下影-0→实体+6,10.01,9.98,14.15,2025-06,2025
002940.SZSE,昂利康,2025-06-11,三接四阳,—,阳,5.94,巨阳≥5,9.6,16.4,22.7,25.7,4,上,8.12,5.05,断2~3天,2.0,1.0,18.4,-2.5,06-03,下影-0→实体+6→下影+10,8.59,3.79,3.79,2025-06,2025
002940.SZSE,昂利康,2026-04-20,二接三阳,—,阳,6.24,巨阳≥5,4.4,-0.9,3.6,4.5,3,下,0.77,0.39,断8~15天,9.0,1.0,2.1,-15.4,04-01,下影-2→实体+1,7.51,-9.19,-9.19,2026-04,2026
002941.SZSE,新疆交建,2025-08-13,三接四阴,—,阴,0.97,小阳0~3,2.5,3.4,4.7,7.3,4,上,0.02,2.34,60日内无板,,,,,,实体+0→一字+10→一字+10,7.54,-10.01,-10.01,2025-08,2025
002942.SZSE,新农股份,2025-10-16,二接三阳,—,阳,1.38,小阳0~3,4.1,6.6,4.9,4.5,4,上,0.01,-0.13,断16~60天,49.0,2.0,3.2,-18.0,07-28,下影+0→下影+8,0.04,-10.02,-10.02,2025-10,2025
002942.SZSE,新农股份,2026-08-28,二接三阳,—,阳,-0.19,小阴-3~0,-0.3,0.4,2.5,5.3,3,上,1.32,3.41,60日内无板,,,,,,实体+0→一字+10,9.99,5.21,5.21,2026-08,2026
002942.SZSE,新农股份,2026-08-31,三接四阳,—,阳,-0.19,小阴-3~0,-0.3,0.4,2.5,5.3,3,上,1.32,3.41,60日内无板,,,,,,实体+0→一字+10→下影+10,-4.4,-3.96,-3.96,2026-08,2026
002943.SZSE,宇晶股份,2026-01-26,二接三阴,—,阴,-5.52,巨阴≤-5,-5.0,-2.6,14.3,24.0,2,下,14.66,12.81,断2~3天,3.0,1.0,1.1,-8.4,01-16,下影+1→一字+10,10.0,5.57,6.05,2026-01,2026
002945.SZSE,华林证券,2024-10-08,二接三阳,—,阳,6.52,巨阳≥5,8.6,12.0,14.6,14.9,4,上,3.41,2.26,60日内无板,,,,,,下影+4→下影+7,9.97,-10.01,-10.01,2024-10,2024
002945.SZSE,华林证券,2024-11-07,二接三阳,—,阳,3.62,大阳3~5,2.3,2.1,0.9,6.3,4,上,0.66,1.66,断16~60天,19.0,3.0,-6.3,-20.0,10-08,下影+0→一字+10,-2.23,5.13,5.13,2024-11,2024
002945.SZSE,华林证券,2024-11-08,三接四阳,—,阳,3.62,大阳3~5,2.3,2.1,0.9,6.3,4,上,0.66,1.66,断16~60天,19.0,3.0,-6.3,-20.0,10-08,下影+0→一字+10→下影-2,10.02,-12.53,-12.53,2024-11,2024
002947.SZSE,恒铭达,2023-10-12,二接三阴,—,阴,-0.26,小阴-3~0,1.9,2.5,0.9,2.4,4,上,-0.87,0.32,60日内无板,,,,,,实体+1→下影+3,-5.35,6.37,6.37,2023-10,2023
002947.SZSE,恒铭达,2023-10-13,三接四阴,—,阴,-0.26,小阴-3~0,1.9,2.5,0.9,2.4,4,上,-0.87,0.32,60日内无板,,,,,,实体+1→下影+3→实体-5,3.51,-8.66,-8.66,2023-10,2023
002949.SZSE,华阳国际,2024-12-13,二接三阳,—,阳,4.58,大阳3~5,5.5,7.2,7.9,6.5,4,上,2.25,-0.37,断16~60天,45.0,2.0,40.4,-2.9,10-08,下影-0→下影+4,1.84,-8.16,-8.16,2024-12,2024
002951.SZSE,金时科技,2025-06-05,二接三阳,—,阳,0.84,小阳0~3,1.4,-1.2,0.4,2.7,3,下,-0.3,0.17,60日内无板,,,,,,下影+7→一字+10,5.88,9.98,32.62,2025-06,2025
002951.SZSE,金时科技,2025-06-06,三接四阳,—,阳,0.84,小阳0~3,1.4,-1.2,0.4,2.7,3,下,-0.3,0.17,60日内无板,,,,,,下影+7→一字+10→下影+6,9.98,9.97,20.58,2025-06,2025
002951.SZSE,金时科技,2025-07-09,二接三阳,—,阳,3.42,大阳3~5,-4.1,-1.2,-4.7,6.6,1,下,-3.55,6.37,断8~15天,14.0,2.0,-6.9,-25.2,06-16,下影-1→下影+3,8.07,7.4,7.4,2025-07,2025
002951.SZSE,金时科技,2025-07-10,三接四阳,—,阳,3.42,大阳3~5,-4.1,-1.2,-4.7,6.6,1,下,-3.55,6.37,断8~15天,14.0,2.0,-6.9,-25.2,06-16,下影-1→下影+3→下影+8,8.03,-12.14,-12.14,2025-07,2025
002951.SZSE,金时科技,2026-02-13,二接三阴,—,阴,0.48,小阳0~3,0.6,3.6,3.9,1.7,4,上,2.58,-0.43,断4~7天,5.0,1.0,9.8,-3.6,02-03,实体-1→下影+4,5.31,-10.01,-10.01,2026-02,2026
002951.SZSE,金时科技,2026-06-03,二接三阴,—,阴,0.86,小阳0~3,3.4,5.1,6.8,8.8,4,上,0.66,2.23,断1天,1.0,1.0,10.9,0.3,05-28,下影-3→下影-1,3.47,5.62,-4.94,2026-06,2026
002952.SZSE,亚世光电,2023-11-30,二接三阳,—,阳,1.16,小阳0~3,-0.7,-1.0,2.9,6.9,2,下,2.76,3.29,断4~7天,6.0,1.0,3.5,-8.2,11-17,下影-0→实体+6,10.01,-10.01,-10.01,2023-11,2023
002952.SZSE,亚世光电,2023-12-22,二接三阳,—,阳,3.97,大阳3~5,0.4,-2.5,-4.1,-1.3,1,下,-6.42,0.2,断8~15天,13.0,3.0,-14.2,-25.6,11-30,实体+1→下影+10,3.34,10.01,59.83,2023-12,2023
002952.SZSE,亚世光电,2023-12-25,三接四阳,—,阳,3.97,大阳3~5,0.4,-2.5,-4.1,-1.3,1,下,-6.42,0.2,断8~15天,13.0,3.0,-14.2,-25.6,11-30,实体+1→下影+10→实体+3,2.62,10.01,45.28,2023-12,2023
002952.SZSE,亚世光电,2024-02-23,二接三阴,—,阴,-1.4,小阴-3~0,2.3,-5.7,-16.6,-23.7,1,下,-11.29,-9.07,断8~15天,10.0,1.0,-17.3,-34.1,01-29,下影-2→实体+2,3.01,10.01,8.92,2024-02,2024
002952.SZSE,亚世光电,2024-02-26,三接四阴,A2,阴,-1.4,小阴-3~0,2.3,-5.7,-16.6,-23.7,1,下,-11.29,-9.07,断8~15天,10.0,1.0,-17.3,-34.1,01-29,下影-2→实体+2→下影+3,4.01,9.99,-1.0,2024-02,2024
002952.SZSE,亚世光电,2024-08-15,二接三阴,—,阴,-1.88,小阴-3~0,-0.4,-1.7,-0.3,-1.4,0,下,1.09,-0.89,断8~15天,10.0,1.0,2.8,-10.5,07-29,实体-2→下影+3,1.67,10.0,-1.0,2024-08,2024
002953.SZSE,日丰股份,2024-12-16,二接三阳,—,阳,1.83,小阳0~3,3.8,6.1,10.5,12.3,4,上,4.64,2.58,60日内无板,,,,,,下影+0→下影+4,8.99,9.98,8.93,2024-12,2024
002953.SZSE,日丰股份,2024-12-17,三接四阳,—,阳,1.83,小阳0~3,3.8,6.1,10.5,12.3,4,上,4.64,2.58,60日内无板,,,,,,下影+0→下影+4→下影+9,4.95,10.03,-0.95,2024-12,2024
002961.SZSE,瑞达期货,2023-08-01,二接三阴,—,阴,-0.73,小阴-3~0,0.1,0.5,1.4,2.3,4,上,0.73,1.34,60日内无板,,,,,,下影+0→下影+6,4.16,-10.05,-10.05,2023-08,2023
002962.SZSE,五方光电,2023-12-11,二接三阳,—,阳,3.72,大阳3~5,0.9,1.4,3.0,4.5,4,上,1.69,1.16,断4~7天,6.0,1.0,5.5,-9.1,11-28,实体-4→下影-0,3.91,-3.91,-3.91,2023-12,2023
002962.SZSE,五方光电,2024-01-02,二接三阳,—,阳,3.19,大阳3~5,6.9,10.9,14.0,20.3,4,上,-0.77,5.62,断2~3天,2.0,1.0,14.9,-0.9,12-25,实体-3→下影+3,6.52,-21.42,-21.42,2024-01,2024
002963.SZSE,豪尔赛,2024-04-02,三接四阴,—,阴,-5.77,巨阴≤-5,-4.0,-3.4,0.4,3.5,2,下,3.7,1.54,60日内无板,,,,,,下影+3→一字+10→一字+10,3.25,-22.63,-22.63,2024-04,2024
002963.SZSE,豪尔赛,2025-05-09,二接三阳,—,阳,3.07,大阳3~5,4.1,5.0,7.2,4.7,4,上,2.34,-0.57,60日内无板,,,,,,一字+10→一字+10,9.99,-23.37,-23.37,2025-05,2025
002963.SZSE,豪尔赛,2026-08-04,二接三阴,—,阴,-6.97,巨阴≤-5,-7.2,-9.1,-24.4,-32.3,0,下,-15.78,-11.65,断16~60天,28.0,1.0,-38.3,-45.5,06-22,实体+3→下影+5,6.12,10.01,15.7,2026-08,2026
002963.SZSE,豪尔赛,2026-08-05,三接四阴,—,阴,-6.97,巨阴≤-5,-7.2,-9.1,-24.4,-32.3,0,下,-15.78,-11.65,断16~60天,28.0,1.0,-38.3,-45.5,06-22,实体+3→下影+5→下影+6,5.07,10.01,5.17,2026-08,2026
002968.SZSE,新大正,2025-09-29,二接三阳,—,阳,0.19,小阳0~3,1.4,1.6,-0.5,-0.9,2,上,-2.08,-1.05,60日内无板,,,,,,下影+0→下影+2,0.0,-18.9,-18.9,2025-09,2025
002969.SZSE,嘉美包装,2026-01-13,二接三阳,—,阳,8.21,巨阳≥5,16.6,42.9,96.7,132.2,4,上,57.82,40.81,断2~3天,2.0,10.0,27.2,1.4,12-30,实体+0→一字+10,10.01,5.87,-4.71,2026-01,2026
002970.SZSE,锐明技术,2024-10-08,二接三阳,—,阳,1.61,小阳0~3,-1.8,-3.9,-2.8,-1.6,0,下,-0.92,1.27,60日内无板,,,,,,实体+1→下影+10,10.01,-5.35,-5.35,2024-10,2024
002971.SZSE,和远气体,2026-05-18,二接三阳,—,阳,2.81,小阳0~3,3.8,4.2,7.1,9.6,4,上,1.51,1.95,断2~3天,2.0,1.0,9.3,-4.3,05-11,下影+3→下影-2,-0.51,-15.02,-15.02,2026-05,2026
002971.SZSE,和远气体,2026-06-11,二接三阳,—,阳,0.84,小阳0~3,7.4,11.8,10.3,13.7,4,上,2.0,3.45,断2~3天,2.0,1.0,16.6,1.9,06-04,下影+3→实体+10,10.01,10.01,7.64,2026-06,2026
002971.SZSE,和远气体,2026-06-12,三接四阳,—,阳,0.84,小阳0~3,7.4,11.8,10.3,13.7,4,上,2.0,3.45,断2~3天,2.0,1.0,16.6,1.9,06-04,下影+3→实体+10→下影+10,4.27,-2.15,-2.15,2026-06,2026
002971.SZSE,和远气体,2026-08-07,二接三阳,—,阳,5.57,巨阳≥5,1.1,-4.5,-18.2,-32.3,1,下,-10.27,-17.07,断16~60天,23.0,2.0,-50.0,-58.0,07-02,下影+0→下影+1,6.64,-2.2,-2.2,2026-08,2026
002975.SZSE,博杰股份,2024-02-28,三接四阳,—,阳,4.1,大阳3~5,2.5,6.8,-7.4,-15.5,2,上,-8.42,-6.83,断4~7天,4.0,1.0,13.1,-5.3,02-08,下影+6→一字+10→一字+10,10.01,0.4,0.4,2024-02,2024
002975.SZSE,博杰股份,2025-09-03,二接三阳,—,阳,0.61,小阳0~3,1.1,-0.2,1.9,9.3,3,下,0.52,4.28,断8~15天,12.0,1.0,9.1,-6.4,08-13,一字+10→一字+10,10.0,-1.72,-1.72,2025-09,2025
002975.SZSE,博杰股份,2026-08-06,二接三阴,—,阴,-4.73,大阴-5~-3,-5.3,-12.8,-26.1,-35.9,0,下,-14.91,-12.67,断8~15天,14.0,1.0,-38.2,-44.3,07-14,下影+1→下影+5,3.5,5.23,5.23,2026-08,2026
002976.SZSE,瑞玛精密,2023-07-11,三接四阴,—,阴,-3.24,大阴-5~-3,2.7,5.5,8.2,9.3,4,上,3.07,2.13,断1天,1.0,1.0,6.5,-4.7,07-04,下影-2→一字+10→一字+10,6.76,-9.66,-9.66,2023-07,2023
002976.SZSE,瑞玛精密,2024-01-03,三接四阳,—,阳,4.96,大阳3~5,2.3,1.8,-3.7,-6.7,2,上,-3.21,-4.26,断16~60天,22.0,1.0,-8.8,-21.2,11-27,下影+3→一字+10→一字+10,10.01,-26.32,-26.32,2024-01,2024
002976.SZSE,瑞玛精密,2025-12-02,二接三阳,—,阳,1.33,小阳0~3,3.1,1.1,0.5,1.9,4,上,-2.42,0.0,60日内无板,,,,,,实体+0→下影+1,-0.99,-10.0,-10.0,2025-12,2025
002979.SZSE,雷赛智能,2024-10-09,二接三阳,—,阳,3.84,大阳3~5,7.7,10.5,7.7,6.2,4,上,-1.07,0.13,断16~60天,40.0,1.0,18.3,-7.8,07-31,下影+4→下影+10,-3.52,-11.42,-11.42,2024-10,2024
002979.SZSE,雷赛智能,2026-07-06,二接三阳,—,阳,3.05,大阳3~5,6.7,6.2,7.4,4.6,4,上,2.04,-0.16,断16~60天,32.0,1.0,5.7,-17.5,05-15,一字+10→一字+10,7.84,-9.42,-9.42,2026-07,2026
002980.SZSE,华盛昌,2026-03-03,二接三阳,—,阳,4.86,大阳3~5,7.3,11.6,14.6,15.7,4,上,5.57,2.14,60日内无板,,,,,,实体-1→一字+10,10.01,-2.97,-2.97,2026-03,2026
002980.SZSE,华盛昌,2026-04-15,二接三阴,—,阴,-4.8,大阴-5~-3,2.6,12.5,24.5,33.1,4,上,16.61,10.0,断2~3天,3.0,2.0,15.0,-2.0,04-07,实体+0→实体+2,6.69,-5.78,-5.78,2026-04,2026
002981.SZSE,朝阳科技,2023-11-01,二接三阴,B1,阴,-0.65,小阴-3~0,-1.0,-1.7,-2.6,-2.1,0,下,-2.02,0.17,60日内无板,,,,,,实体-0→下影+7,7.52,10.01,21.97,2023-11,2023
002981.SZSE,朝阳科技,2024-07-11,三接四阴,—,阴,-0.12,小阴-3~0,-3.7,-4.2,-7.2,-20.0,0,下,-3.31,-11.25,60日内无板,,,,,,实体-1→下影+5→一字+10,10.02,-9.98,-9.98,2024-07,2024
002982.SZSE,湘佳股份,2025-04-08,二接三阳,—,阳,0.31,小阳0~3,0.2,1.6,3.8,5.7,4,上,2.03,2.22,断4~7天,5.0,1.0,5.5,-8.0,03-26,下影+3→下影+4,-5.46,-3.68,-3.68,2025-04,2025
002982.SZSE,湘佳股份,2025-04-09,三接四阳,—,阳,0.31,小阳0~3,0.2,1.6,3.8,5.7,4,上,2.03,2.22,断4~7天,5.0,1.0,5.5,-8.0,03-26,下影+3→下影+4→下影-5,2.48,-14.34,-14.34,2025-04,2025
002983.SZSE,芯瑞达,2024-10-09,二接三阳,—,阳,2.87,小阳0~3,3.7,6.0,8.1,10.9,4,上,3.16,2.81,断16~60天,23.0,1.0,21.8,-10.2,08-23,下影+4→下影+10,4.07,-7.9,-7.9,2024-10,2024
002983.SZSE,芯瑞达,2025-12-02,二接三阳,—,阳,1.49,小阳0~3,1.4,-0.6,-2.6,-3.1,1,下,-3.09,-1.58,60日内无板,,,,,,下影+0→下影+2,10.02,-11.2,-11.2,2025-12,2025
002987.SZSE,京北方,2025-06-27,二接三阳,—,阳,5.55,巨阳≥5,7.4,11.2,14.2,14.2,4,上,2.16,5.5,断16~60天,17.0,1.0,32.8,0.3,05-29,下影-4→下影+5,1.8,-5.36,-5.36,2025-06,2025
002988.SZSE,豪美新材,2023-11-10,三接四阳,—,阳,4.1,大阳3~5,4.0,7.3,10.4,11.3,4,上,4.7,2.3,60日内无板,,,,,,一字+10→一字+10→一字+10,4.02,9.99,14.03,2023-11,2023
002989.SZSE,中天精装,2024-09-06,二接三阳,—,阳,1.22,小阳0~3,1.4,0.9,-0.6,-3.4,2,上,-0.4,-2.79,60日内无板,,,,,,实体-1→实体+4,4.74,-8.72,-8.72,2024-09,2024
002989.SZSE,中天精装,2026-06-18,二接三阳,—,阳,4.86,大阳3~5,1.7,0.1,-5.2,-7.8,2,上,-3.63,-4.15,断16~60天,28.0,2.0,-3.9,-16.9,05-06,下影-0→下影+3,5.09,3.48,3.48,2026-06,2026
002990.SZSE,盛视科技,2026-04-16,二接三阳,—,阳,2.35,小阳0~3,4.8,9.9,15.1,20.3,4,上,7.4,5.72,断16~60天,19.0,1.0,32.2,-3.2,03-16,实体+1→下影-1,0.74,10.0,5.79,2026-04,2026
002990.SZSE,盛视科技,2026-04-17,三接四阳,—,阳,2.35,小阳0~3,4.8,9.9,15.1,20.3,4,上,7.4,5.72,断16~60天,19.0,1.0,32.2,-3.2,03-16,实体+1→下影-1→下影+1,3.78,-3.83,-3.83,2026-04,2026
002992.SZSE,宝明科技,2023-05-11,二接三阳,—,阳,3.3,大阳3~5,6.8,11.4,2.5,,3,上,-3.81,-2.46,断4~7天,5.0,1.0,26.6,-2.2,04-26,下影+2→实体+1,7.25,-3.65,-3.65,2023-05,2023
002995.SZSE,天地在线,2024-11-29,二接三阴,—,阴,-4.5,大阴-5~-3,-3.8,-6.5,-3.5,3.4,1,下,3.18,3.96,断8~15天,9.0,1.0,0.7,-11.9,11-13,下影-1→实体+4,-0.16,-6.41,-6.41,2024-11,2024
002995.SZSE,天地在线,2026-01-28,二接三阳,B2,阳,5.45,巨阳≥5,7.6,12.4,22.2,26.7,4,上,9.37,6.91,断2~3天,2.0,1.0,15.9,-5.7,01-21,下影+10→下影-0,6.34,3.29,15.74,2026-01,2026
002995.SZSE,天地在线,2026-06-01,二接三阴,—,阴,-0.89,小阴-3~0,-3.8,-9.8,-13.3,-15.5,0,下,-8.04,-3.77,断16~60天,32.0,1.0,-16.2,-24.5,04-08,实体+10→下影+4,0.0,3.54,3.54,2026-06,2026
002995.SZSE,天地在线,2026-06-02,三接四阴,—,阴,-0.89,小阴-3~0,-3.8,-9.8,-13.3,-15.5,0,下,-8.04,-3.77,断16~60天,32.0,1.0,-16.2,-24.5,04-08,实体+10→下影+4→下影+0,9.24,-9.38,-9.38,2026-06,2026
003002.SZSE,壶化股份,2025-07-23,二接三阴,—,阴,-3.17,大阴-5~-3,-2.6,-4.1,-5.4,-4.4,0,下,-2.81,0.27,60日内无板,,,,,,下影+10→下影+8,10.01,-9.45,-9.45,2025-07,2025
003003.SZSE,天元股份,2025-04-23,三接四阳,—,阳,3.1,大阳3~5,1.7,3.7,-0.2,-2.5,2,上,-2.19,-2.47,60日内无板,,,,,,下影-0→一字+10→一字+10,9.98,9.99,8.86,2025-04,2025
003004.SZSE,声迅股份,2024-03-19,二接三阴,—,阴,-1.84,小阴-3~0,-3.2,0.7,7.8,6.6,3,上,5.51,6.13,断4~7天,4.0,1.0,5.8,-5.5,03-08,实体+4→下影+8,9.29,-3.98,-3.98,2024-03,2024
003004.SZSE,声迅股份,2024-05-15,二接三阴,—,阴,-3.74,大阴-5~-3,-3.1,-3.8,0.7,-3.2,1,下,5.06,-1.38,断8~15天,9.0,1.0,7.1,-3.4,04-24,下影-2→下影+10,-0.91,-14.8,-14.8,2024-05,2024
003005.SZSE,竞业达,2024-03-08,二接三阳,—,阳,5.5,巨阳≥5,7.8,8.8,19.5,15.4,4,上,12.64,0.42,断8~15天,10.0,2.0,30.3,-2.6,02-20,下影+10→下影+0,4.99,-16.84,-16.84,2024-03,2024
003005.SZSE,竞业达,2025-02-06,二接三阳,—,阳,4.61,大阳3~5,2.6,2.8,4.8,1.8,4,上,1.3,-0.38,断8~15天,11.0,1.0,5.3,-11.3,01-09,一字+10→一字+10,-1.85,3.39,1.99,2025-02,2025
003007.SZSE,直真科技,2023-11-20,二接三阳,—,阳,0.78,小阳0~3,0.9,3.3,5.7,9.8,4,上,2.74,3.72,断8~15天,12.0,1.0,12.5,-9.1,10-30,下影-3→下影-2,2.98,-5.56,-5.56,2023-11,2023
003007.SZSE,直真科技,2023-11-21,三接四阳,—,阳,0.78,小阳0~3,0.9,3.3,5.7,9.8,4,上,2.74,3.72,断8~15天,12.0,1.0,12.5,-9.1,10-30,下影-3→下影-2→下影+3,2.36,-22.45,-22.45,2023-11,2023
003007.SZSE,直真科技,2026-01-13,三接四阳,—,阳,0.11,小阳0~3,0.3,1.1,7.2,6.4,4,上,7.27,2.09,断4~7天,7.0,2.0,4.7,-7.3,12-25,实体+1→下影+0→一字+10,10.0,9.99,-1.01,2026-01,2026
003008.SZSE,开普检测,2024-06-07,二接三阴,—,阴,-2.26,小阴-3~0,-3.2,-13.1,-22.5,-23.6,0,下,-14.85,-6.56,断16~60天,31.0,1.0,-14.6,-23.9,04-17,实体+1→下影+1,6.16,-9.99,-9.99,2024-06,2024
003015.SZSE,日久光电,2023-09-21,二接三阳,—,阳,2.8,小阳0~3,4.0,4.4,9.5,10.0,4,上,3.69,2.81,断2~3天,2.0,1.0,11.2,-2.8,09-14,实体-3→实体+6,5.09,6.29,6.29,2023-09,2023
003015.SZSE,日久光电,2023-09-22,三接四阳,—,阳,2.8,小阳0~3,4.0,4.4,9.5,10.0,4,上,3.69,2.81,断2~3天,2.0,1.0,11.2,-2.8,09-14,实体-3→实体+6→下影+5,8.19,-13.03,-13.03,2023-09,2023
003015.SZSE,日久光电,2024-01-05,二接三阳,—,阳,4.42,大阳3~5,7.5,11.5,13.6,11.5,4,上,4.06,0.04,断16~60天,39.0,1.0,10.4,-16.7,11-07,下影-0→一字+10,-0.2,-9.97,-9.97,2024-01,2024
003015.SZSE,日久光电,2024-09-02,二接三阳,—,阳,6.95,巨阳≥5,4.2,3.4,4.3,6.6,4,上,-0.91,1.34,断16~60天,34.0,1.0,23.4,-4.9,07-11,下影+3→一字+10,3.03,-13.96,-13.96,2024-09,2024
003018.SZSE,金富科技,2025-11-26,二接三阴,—,阴,-1.39,小阴-3~0,-3.2,-9.2,-4.0,-0.3,0,下,1.46,2.4,断4~7天,6.0,2.0,-17.1,-24.6,11-13,一字+10→下影+8,4.8,10.03,31.86,2025-11,2025
003018.SZSE,金富科技,2026-04-21,二接三阴,—,阴,0.17,小阳0~3,1.1,9.1,19.0,23.4,4,上,10.36,7.68,断2~3天,3.0,1.0,10.5,-1.8,04-13,下影-0→实体+0,1.99,10.01,15.43,2026-04,2026
003018.SZSE,金富科技,2026-04-22,三接四阴,—,阴,0.17,小阳0~3,1.1,9.1,19.0,23.4,4,上,10.36,7.68,断2~3天,3.0,1.0,10.5,-1.8,04-13,下影-0→实体+0→下影+2,4.53,4.92,4.92,2026-04,2026
003018.SZSE,金富科技,2026-05-18,二接三阴,—,阴,-1.19,小阴-3~0,-0.0,-4.8,2.7,17.1,3,下,-1.98,10.72,断8~15天,12.0,4.0,3.0,-10.6,04-22,一字+10→下影+10,0.32,2.23,2.23,2026-05,2026
003018.SZSE,金富科技,2026-05-19,三接四阴,—,阴,-1.19,小阴-3~0,-0.0,-4.8,2.7,17.1,3,下,-1.98,10.72,断8~15天,12.0,4.0,3.0,-10.6,04-22,一字+10→下影+10→下影+0,6.07,-2.4,-2.4,2026-05,2026
003020.SZSE,立方制药,2026-07-13,二接三阴,—,阴,-2.21,小阴-3~0,-3.3,-1.0,-0.2,-2.9,0,下,2.04,0.37,60日内无板,,,,,,实体+3→实体+0,6.94,0.92,0.92,2026-07,2026
003021.SZSE,兆威机电,2025-01-10,二接三阳,—,阳,3.82,大阳3~5,-0.8,-3.2,-5.7,-6.0,0,下,-0.84,-2.94,断16~60天,26.0,1.0,5.7,-8.6,11-29,下影-0→下影+0,1.57,-9.26,-9.26,2025-01,2025
003023.SZSE,彩虹集团,2025-07-25,二接三阴,—,阴,-0.72,小阴-3~0,1.1,1.9,2.2,2.7,4,上,0.69,0.9,60日内无板,,,,,,下影+6→一字+10,9.99,4.09,4.09,2025-07,2025
003023.SZSE,彩虹集团,2025-07-28,三接四阴,—,阴,-0.72,小阴-3~0,1.1,1.9,2.2,2.7,4,上,0.69,0.9,60日内无板,,,,,,下影+6→一字+10→下影+10,0.0,-11.64,-11.64,2025-07,2025
003025.SZSE,思进智能,2024-01-08,二接三阴,—,阴,-1.64,小阴-3~0,2.8,6.1,7.2,6.3,4,上,2.83,0.57,断2~3天,2.0,1.0,7.6,-3.9,12-29,实体+1→下影+10,0.25,10.01,5.69,2024-01,2024
003025.SZSE,思进智能,2024-01-09,三接四阴,—,阴,-1.64,小阴-3~0,2.8,6.1,7.2,6.3,4,上,2.83,0.57,断2~3天,2.0,1.0,7.6,-3.9,12-29,实体+1→下影+10→下影+0,8.02,-3.93,-3.93,2024-01,2024
003026.SZSE,中晶科技,2024-06-07,二接三阴,—,阴,-4.72,大阴-5~-3,-4.4,-3.7,-2.0,0.4,1,下,2.01,1.1,断16~60天,48.0,1.0,-8.3,-31.0,03-21,实体-1→一字+10,7.83,10.01,3.49,2024-06,2024
003026.SZSE,中晶科技,2024-06-11,三接四阴,—,阴,-4.72,大阴-5~-3,-4.4,-3.7,-2.0,0.4,1,下,2.01,1.1,断16~60天,48.0,1.0,-8.3,-31.0,03-21,实体-1→一字+10→下影+8,-0.29,-5.92,-5.92,2024-06,2024
003026.SZSE,中晶科技,2024-08-01,二接三阳,—,阳,-0.96,小阴-3~0,-2.1,-9.7,-16.5,-19.1,0,下,-12.12,-4.21,断16~60天,27.0,1.0,-27.0,-36.9,06-20,下影-1→下影+5,4.35,6.8,-3.89,2024-08,2024
003026.SZSE,中晶科技,2024-10-09,二接三阳,—,阳,5.0,巨阳≥5,6.7,8.1,7.3,6.5,4,上,-0.43,0.65,断16~60天,31.0,1.0,1.4,-22.3,08-13,下影+2→下影+10,1.89,-12.94,-12.94,2024-10,2024
003027.SZSE,同兴科技,2024-01-19,二接三阴,—,阴,-0.72,小阴-3~0,-1.0,-2.2,-0.7,-0.5,0,下,0.54,0.39,60日内无板,,,,,,实体+0→下影+7,6.74,9.98,8.89,2024-01,2024
003027.SZSE,同兴科技,2024-01-22,三接四阴,—,阴,-0.72,小阴-3~0,-1.0,-2.2,-0.7,-0.5,0,下,0.54,0.39,60日内无板,,,,,,实体+0→下影+7→下影+7,-2.14,9.99,-0.99,2024-01,2024
003029.SZSE,吉大正元,2025-06-16,二接三阴,—,阴,0.15,小阳0~3,-1.7,-0.6,0.1,-0.1,1,下,1.44,-0.23,断16~60天,32.0,1.0,2.9,-13.2,04-22,下影+2→下影+5,-1.08,-10.71,-10.71,2025-06,2025
003030.SZSE,祖名股份,2025-01-21,二接三阳,—,阳,-1.08,小阴-3~0,7.3,10.7,7.5,3.6,4,上,-0.97,-3.35,断1天,1.0,1.0,8.8,-3.6,01-15,下影-2→实体+4,5.53,-6.54,-6.54,2025-01,2025
003030.SZSE,祖名股份,2025-01-22,三接四阳,—,阳,-1.08,小阴-3~0,7.3,10.7,7.5,3.6,4,上,-0.97,-3.35,断1天,1.0,1.0,8.8,-3.6,01-15,下影-2→实体+4→下影+6,5.08,-23.52,-23.52,2025-01,2025
003031.SZSE,中瓷电子,2025-12-10,二接三阳,—,阳,2.18,小阳0~3,1.9,2.7,2.8,-0.0,4,上,1.12,-0.96,60日内无板,,,,,,一字+10→一字+10,5.01,-0.06,-0.06,2025-12,2025
003032.SZSE,传智教育,2023-11-16,三接四阴,—,阴,-3.01,大阴-5~-3,-1.3,0.9,4.2,6.0,3,上,4.81,1.51,断8~15天,12.0,1.0,14.4,-2.6,10-25,一字+10→一字+10→一字+10,4.17,-10.64,-10.64,2023-11,2023
003032.SZSE,传智教育,2026-07-30,三接四阴,—,阴,-2.32,小阴-3~0,-0.2,1.1,2.7,-0.7,2,上,2.58,0.18,60日内无板,,,,,,实体+1→下影+2→一字+10,7.14,9.99,36.7,2026-07,2026
003033.SZSE,征和工业,2025-03-04,二接三阳,—,阳,1.28,小阳0~3,4.0,3.8,3.1,8.9,4,上,-1.23,3.4,断8~15天,12.0,1.0,6.5,-12.1,02-11,下影+0→下影+0,0.0,-7.09,-7.09,2025-03,2025
003036.SZSE,泰坦股份,2024-11-25,三接四阳,—,阳,5.44,巨阳≥5,0.6,-0.1,2.2,4.2,3,下,1.68,1.61,60日内无板,,,,,,实体-0→实体+3→一字+10,10.02,-9.99,-9.99,2024-11,2024
003037.SZSE,三和管桩,2025-07-23,二接三阴,—,阴,-1.36,小阴-3~0,-4.0,4.2,11.9,16.2,3,上,11.92,7.69,断2~3天,3.0,2.0,1.5,-8.7,07-15,下影+6→下影+10,3.79,-11.28,-11.28,2025-07,2025
003038.SZSE,鑫铂股份,2024-11-13,二接三阴,—,阴,-2.39,小阴-3~0,0.5,0.5,5.0,8.4,4,上,2.78,1.66,断16~60天,24.0,1.0,16.3,-9.6,09-30,下影-0→下影+3,1.92,-6.52,-6.52,2024-11,2024
003039.SZSE,顺控发展,2023-10-27,三接四阴,—,阴,-2.88,小阴-3~0,-3.2,-5.7,-8.2,-10.3,0,下,-3.5,-2.89,60日内无板,,,,,,下影+6→一字+10→一字+10,7.54,-17.57,-17.57,2023-10,2023
003040.SZSE,楚天龙,2024-12-02,二接三阳,—,阳,-6.39,巨阴≤-5,-3.0,3.7,6.4,8.0,3,上,4.2,3.68,断2~3天,3.0,2.0,1.5,-11.3,11-22,实体+1→下影+5,6.0,-9.98,-9.98,2024-12,2024
003040.SZSE,楚天龙,2026-08-25,二接三阳,—,阳,7.19,巨阳≥5,1.1,-3.1,0.9,5.0,3,下,0.13,2.92,断8~15天,10.0,1.0,2.6,-13.0,08-06,实体+7→下影+0,8.1,10.01,19.51,2026-08,2026
003040.SZSE,楚天龙,2026-08-26,三接四阳,—,阳,7.19,巨阳≥5,1.1,-3.1,0.9,5.0,3,下,0.13,2.92,断8~15天,10.0,1.0,2.6,-13.0,08-06,实体+7→下影+0→下影+8,0.0,9.98,8.63,2026-08,2026
003041.SZSE,真爱美家,2024-12-03,二接三阴,—,阴,-10.0,巨阴≤-5,0.2,15.1,28.7,35.2,4,上,20.56,11.73,断2~3天,2.0,2.0,4.6,-10.0,11-26,实体+7→一字+10,10.0,6.07,7.4,2024-12,2024
003041.SZSE,真爱美家,2025-11-17,三接四阴,—,阴,-4.26,大阴-5~-3,-2.5,2.3,13.0,17.6,3,上,11.25,7.25,断8~15天,14.0,1.0,35.9,-3.8,10-15,一字+10→一字+10→一字+10,10.0,10.0,21.74,2025-11,2025
003042.SZSE,中农联合,2024-12-02,二接三阴,—,阴,-0.87,小阴-3~0,0.2,0.1,-0.1,1.6,3,上,-2.77,1.15,断16~60天,32.0,1.0,13.3,-6.0,10-14,下影+1→下影+6,6.9,-8.55,-8.55,2024-12,2024
003042.SZSE,中农联合,2026-01-27,二接三阳,—,阳,1.4,小阳0~3,3.0,4.5,6.1,7.4,4,上,2.31,1.85,60日内无板,,,,,,下影-0→下影+5,-8.29,10.0,-1.0,2026-01,2026
003042.SZSE,中农联合,2026-01-28,三接四阳,—,阳,1.4,小阳0~3,3.0,4.5,6.1,7.4,4,上,2.31,1.85,60日内无板,,,,,,下影-0→下影+5→下影-8,0.43,-10.0,-10.0,2026-01,2026
600006.SSE,东风股份,2024-03-19,二接三阳,—,阳,-0.43,小阴-3~0,-0.4,3.3,10.1,14.3,3,上,7.54,6.78,断4~7天,7.0,1.0,15.4,-1.5,03-05,下影-1→下影+3,8.17,3.5,1.09,2024-03,2024
600006.SSE,东风股份,2024-11-13,二接三阴,—,阴,-1.57,小阴-3~0,1.1,2.7,4.5,5.3,4,上,1.59,0.28,60日内无板,,,,,,一字+10→一字+10,9.95,-16.68,-16.68,2024-11,2024
600032.SSE,浙江新能,2026-03-25,二接三阳,—,阳,5.5,巨阳≥5,6.4,8.0,13.2,16.4,4,上,4.77,3.81,60日内无板,,,,,,下影-3→下影+1,-1.6,-3.15,-3.15,2026-03,2026
600048.SSE,保利发展,2024-09-30,二接三阳,—,阳,1.47,小阳0~3,2.3,6.2,6.4,5.1,4,上,2.48,0.45,60日内无板,,,,,,实体-1→下影+5,9.97,-0.36,-0.36,2024-09,2024
600048.SSE,保利发展,2024-10-08,三接四阳,A1,阳,1.47,小阳0~3,2.3,6.2,6.4,5.1,4,上,2.48,0.45,60日内无板,,,,,,实体-1→下影+5→下影+10,9.97,-18.47,-18.47,2024-10,2024
600051.SSE,宁波联合,2025-04-28,二接三阳,—,阳,1.2,小阳0~3,2.9,4.9,3.5,1.5,4,上,1.5,-1.19,60日内无板,,,,,,下影+1→一字+10,9.95,-19.55,-19.55,2025-04,2025
600058.SSE,五矿发展,2026-01-19,三接四阳,—,阳,0.77,小阳0~3,3.7,6.8,12.1,14.2,4,上,4.86,4.37,断8~15天,13.0,1.0,21.5,-4.1,12-09,下影+0→一字+10→一字+10,9.97,-0.39,-0.39,2026-01,2026
600072.SSE,中船科技,2023-05-09,二接三阳,—,阳,8.68,巨阳≥5,14.3,28.0,39.0,,3,上,16.3,,断2~3天,2.0,1.0,23.2,-2.7,04-27,下影-2→下影+3,8.19,-4.92,-4.92,2023-05,2023
600076.SSE,康欣新材,2025-02-28,二接三阴,—,阴,-0.97,小阴-3~0,-0.3,-0.5,1.8,2.9,2,下,0.98,1.08,断16~60天,54.0,1.0,-13.4,-30.3,12-02,下影+2→下影+8,10.04,-18.98,-18.98,2025-02,2025
600076.SSE,康欣新材,2026-05-12,二接三阴,—,阴,-2.39,小阴-3~0,-3.0,-2.8,-5.7,-5.9,0,下,-2.72,-0.96,断16~60天,28.0,1.0,4.3,-6.1,03-24,实体+1→下影+5,10.1,-2.75,-2.75,2026-05,2026
600078.SSE,澄星股份,2025-10-13,二接三阳,—,阳,1.5,小阳0~3,2.5,3.9,2.6,3.3,4,上,-0.97,0.21,60日内无板,,,,,,下影-0→下影+9,-4.88,9.98,-0.67,2025-10,2025
600078.SSE,澄星股份,2025-11-10,二接三阳,—,阳,7.41,巨阳≥5,3.7,6.4,7.0,18.6,4,上,-0.59,8.54,断4~7天,6.0,1.0,12.7,-6.4,10-28,下影+4→下影+5,9.97,2.06,2.06,2025-11,2025
600078.SSE,澄星股份,2026-02-26,二接三阴,—,阴,-0.62,小阴-3~0,-1.9,-3.5,-6.2,-1.9,0,下,-7.53,2.61,断8~15天,14.0,1.0,-8.7,-17.7,01-26,实体+4→一字+10,10.03,-4.39,-4.39,2026-02,2026
600088.SSE,中视传媒,2023-05-10,二接三阴,—,阴,0.38,小阳0~3,8.4,11.0,13.2,,3,上,2.43,2.41,断1天,1.0,1.0,10.4,-2.5,05-04,下影-1→实体+2,3.34,-2.41,-2.41,2023-05,2023
600088.SSE,中视传媒,2023-05-11,三接四阴,—,阴,0.38,小阳0~3,8.4,11.0,13.2,,3,上,2.43,2.41,断1天,1.0,1.0,10.4,-2.5,05-04,下影-1→实体+2→下影+3,10.03,-2.45,4.27,2023-05,2023
600097.SSE,开创国际,2024-01-26,二接三阴,—,阴,-1.67,小阴-3~0,-5.6,-9.0,-10.8,-11.8,0,下,-3.48,-1.71,60日内无板,,,,,,下影+0→下影-3,5.26,-10.45,-10.45,2024-01,2024
600097.SSE,开创国际,2024-04-03,三接四阳,—,阳,1.72,小阳0~3,-0.3,-1.0,2.0,3.1,2,下,1.69,0.35,断16~60天,39.0,2.0,-19.9,-43.8,01-25,实体+10→下影+10→一字+10,-4.35,-16.89,-16.89,2024-04,2024
600097.SSE,开创国际,2025-03-24,二接三阴,—,阴,-1.82,小阴-3~0,-1.5,1.6,4.8,4.8,3,上,4.88,2.03,60日内无板,,,,,,下影-0→一字+10,6.99,-20.23,-20.23,2025-03,2025
600101.SSE,明星电力,2024-05-14,二接三阳,—,阳,1.21,小阳0~3,5.9,10.0,11.9,15.1,4,上,4.67,2.61,60日内无板,,,,,,下影-1→下影+7,-2.96,-8.58,-8.58,2024-05,2024
600103.SSE,青山纸业,2025-09-11,二接三阴,—,阴,4.01,大阳3~5,5.6,12.0,17.0,19.2,4,上,7.29,4.19,断1天,1.0,1.0,14.6,2.9,09-05,下影-1→下影+5,10.14,10.0,20.79,2025-09,2025
600103.SSE,青山纸业,2025-09-12,三接四阴,—,阴,4.01,大阳3~5,5.6,12.0,17.0,19.2,4,上,7.29,4.19,断1天,1.0,1.0,14.6,2.9,09-05,下影-1→下影+5→下影+10,10.0,9.81,9.81,2025-09,2025
600103.SSE,青山纸业,2026-04-22,二接三阳,B2,阳,5.91,巨阳≥5,4.8,11.4,17.2,16.8,4,上,8.67,2.85,断4~7天,5.0,1.0,21.0,0.0,04-10,下影-0→下影-0,5.77,-10.14,-10.14,2026-04,2026
600103.SSE,青山纸业,2026-08-27,二接三阴,—,阴,-0.69,小阴-3~0,-0.9,-2.6,-1.8,0.9,1,下,-2.1,2.09,断16~60天,57.0,1.0,-22.6,-41.0,06-03,下影+0→下影+2,6.92,0.79,0.79,2026-08,2026
600103.SSE,青山纸业,2026-08-28,三接四阴,—,阴,-0.69,小阴-3~0,-0.9,-2.6,-1.8,0.9,1,下,-2.1,2.09,断16~60天,57.0,1.0,-22.6,-41.0,06-03,下影+0→下影+2→下影+7,9.95,-9.29,-9.29,2026-08,2026
600105.SSE,永鼎股份,2024-11-25,二接三阳,—,阳,2.25,小阳0~3,2.2,-1.2,-2.1,3.2,2,下,-1.79,2.03,断16~60天,19.0,1.0,7.0,-9.9,10-24,实体-1→一字+10,6.78,-10.06,-10.06,2024-11,2024
600108.SSE,亚盛集团,2026-03-03,二接三阴,—,阴,-0.82,小阴-3~0,2.6,3.0,0.6,1.9,4,上,-1.63,0.29,断16~60天,41.0,1.0,20.3,-5.2,12-19,下影-0→一字+10,10.07,9.98,4.37,2026-03,2026
600108.SSE,亚盛集团,2026-03-04,三接四阴,—,阴,-0.82,小阴-3~0,2.6,3.0,0.6,1.9,4,上,-1.63,0.29,断16~60天,41.0,1.0,20.3,-5.2,12-19,下影-0→一字+10→下影+10,0.21,-5.1,-5.1,2026-03,2026
600110.SSE,诺德股份,2024-11-11,二接三阳,—,阳,0.49,小阳0~3,2.3,3.5,8.5,13.6,4,上,5.35,2.08,断16~60天,21.0,2.0,7.2,-19.8,10-08,实体+0→实体+3,7.29,-12.34,-12.34,2024-11,2024
600110.SSE,诺德股份,2025-06-19,二接三阳,—,阳,0.86,小阳0~3,-2.7,-2.6,-0.0,1.0,2,下,3.38,0.8,断8~15天,8.0,1.0,7.5,-4.2,06-04,实体-0→下影+2,5.18,10.04,53.85,2025-06,2025
600110.SSE,诺德股份,2025-06-20,三接四阳,—,阳,0.86,小阳0~3,-2.7,-2.6,-0.0,1.0,2,下,3.38,0.8,断8~15天,8.0,1.0,7.5,-4.2,06-04,实体-0→下影+2→下影+5,5.77,10.1,39.81,2025-06,2025
600110.SSE,诺德股份,2025-08-19,二接三阴,—,阴,-0.62,小阴-3~0,1.2,2.0,5.7,6.6,4,上,3.31,2.48,断8~15天,10.0,1.0,11.8,-5.6,07-31,实体-3→下影+10,7.79,-8.26,-8.26,2025-08,2025
600113.SSE,浙江东日,2025-06-19,二接三阳,B2,阳,3.22,大阳3~5,2.7,2.8,2.1,2.2,4,上,-0.76,-0.21,60日内无板,,,,,,实体+0→下影-1,4.36,7.87,31.91,2025-06,2025
600113.SSE,浙江东日,2025-06-24,二接三阳,—,阳,7.86,巨阳≥5,16.9,25.3,29.0,30.3,4,上,7.13,3.41,断1天,1.0,2.0,18.6,1.6,06-18,下影-4→下影-2,0.0,1.04,1.04,2025-06,2025
600113.SSE,浙江东日,2025-08-13,二接三阳,—,阳,4.86,大阳3~5,6.4,11.2,11.8,13.1,4,上,2.07,0.91,断16~60天,21.0,1.0,14.0,-17.1,07-10,实体+2→下影+2,5.77,5.93,5.93,2025-08,2025
600113.SSE,浙江东日,2025-11-12,二接三阴,—,阴,-2.87,小阴-3~0,-5.2,-6.5,-11.3,-14.1,0,下,-4.36,-4.34,断16~60天,47.0,2.0,-19.2,-27.1,08-26,实体+1→下影+8,8.88,2.1,2.1,2025-11,2025
600113.SSE,浙江东日,2026-07-01,二接三阴,—,阴,-2.63,小阴-3~0,-6.0,-14.4,-19.5,-23.5,0,下,-8.52,-5.93,断16~60天,36.0,1.0,-38.6,-44.7,05-06,下影-0→下影+4,7.26,-0.96,-0.96,2026-07,2026
600117.SSE,西宁特钢,2025-07-24,三接四阳,—,阳,1.73,小阳0~3,1.0,0.3,2.6,4.5,4,上,0.69,1.87,60日内无板,,,,,,下影+9→一字+10→一字+10,4.78,10.14,0.58,2025-07,2025
600118.SSE,中国卫星,2025-12-26,二接三阴,—,阴,-5.28,巨阴≤-5,3.1,8.2,19.9,26.4,4,上,11.58,9.22,断8~15天,13.0,1.0,43.8,-1.0,12-04,实体-3→下影+2,1.75,10.0,7.9,2025-12,2025
600118.SSE,中国卫星,2025-12-29,三接四阴,—,阴,-5.28,巨阴≤-5,3.1,8.2,19.9,26.4,4,上,11.58,9.22,断8~15天,13.0,1.0,43.8,-1.0,12-04,实体-3→下影+2→下影+2,1.25,-1.91,-1.91,2025-12,2025
600120.SSE,浙江东方,2025-02-07,三接四阳,—,阳,2.43,小阳0~3,3.2,4.2,3.5,-1.3,3,上,1.93,-2.72,断16~60天,40.0,2.0,-8.6,-25.7,11-28,一字+10→一字+10→一字+10,10.06,10.03,28.17,2025-02,2025
600121.SSE,郑州煤电,2026-06-03,二接三阳,—,阳,2.89,小阳0~3,1.8,1.8,1.5,1.9,4,上,-0.05,0.14,断16~60天,51.0,2.0,-16.8,-31.2,03-13,下影+0→下影+8,-1.35,0.18,0.18,2026-06,2026
600121.SSE,郑州煤电,2026-09-02,二接三阳,—,阳,4.45,大阳3~5,5.5,8.6,10.2,12.9,4,上,2.88,3.13,断16~60天,29.0,1.0,30.6,-7.7,07-20,下影+1→下影-2,10.0,-4.21,-4.21,2026-09,2026
600126.SSE,杭钢股份,2025-02-27,二接三阴,—,阴,-9.94,巨阴≤-5,-1.4,3.2,35.8,57.8,3,上,29.3,24.59,断1天,1.0,1.0,-0.9,-10.0,02-21,实体-8→下影+7,-8.07,-9.99,-9.99,2025-02,2025
600127.SSE,金健米业,2026-08-20,三接四阴,—,阴,-3.93,大阴-5~-3,-3.9,-2.1,1.9,3.4,2,下,5.12,2.11,断4~7天,6.0,1.0,4.7,-5.5,08-06,实体+8→下影+6→一字+10,4.09,-4.65,-4.65,2026-08,2026
600128.SSE,苏豪弘业,2025-01-13,二接三阴,—,阴,-1.25,小阴-3~0,-2.0,-2.9,-7.2,-9.2,0,下,-2.42,-2.76,60日内无板,,,,,,实体-1→一字+10,10.04,9.98,19.77,2025-01,2025
600128.SSE,苏豪弘业,2025-01-14,三接四阴,—,阴,-1.25,小阴-3~0,-2.0,-2.9,-7.2,-9.2,0,下,-2.42,-2.76,60日内无板,,,,,,实体-1→一字+10→下影+10,1.33,10.03,8.9,2025-01,2025
600130.SSE,波导股份,2024-09-24,二接三阳,—,阳,6.01,巨阳≥5,3.8,2.9,3.1,3.0,4,上,-0.94,-0.52,60日内无板,,,,,,实体+2→一字+10,4.68,-12.53,-12.53,2024-09,2024
600130.SSE,波导股份,2024-11-01,三接四阳,—,阳,2.73,小阳0~3,3.0,5.7,7.6,15.2,4,上,2.06,5.55,断16~60天,20.0,2.0,22.2,-8.9,09-23,下影+0→一字+10→一字+10,9.98,-4.54,-2.27,2024-11,2024
600130.SSE,波导股份,2026-05-08,二接三阴,—,阴,0.43,小阳0~3,-1.2,-1.0,1.8,3.2,2,下,1.57,1.94,60日内无板,,,,,,下影-1→下影+4,6.98,5.37,5.37,2026-05,2026
600130.SSE,波导股份,2026-05-11,三接四阴,—,阴,0.43,小阳0~3,-1.2,-1.0,1.8,3.2,2,下,1.57,1.94,60日内无板,,,,,,下影-1→下影+4→下影+7,8.94,-6.65,-6.65,2026-05,2026
600143.SSE,金发科技,2025-02-21,二接三阴,—,阴,-1.45,小阴-3~0,-0.5,-0.9,6.6,11.8,2,下,6.26,6.13,断8~15天,9.0,1.0,9.9,-3.6,02-05,下影+5→一字+10,10.03,1.54,1.54,2025-02,2025
600148.SSE,长春一东,2024-09-10,二接三阴,—,阴,-2.14,小阴-3~0,1.4,2.7,1.4,-0.3,3,上,0.54,-1.32,60日内无板,,,,,,实体-0→实体+6,8.03,-15.26,-15.26,2024-09,2024
600148.SSE,长春一东,2024-11-20,二接三阴,B1,阴,-4.43,大阴-5~-3,-3.4,-0.1,4.9,9.7,2,下,3.12,5.56,断16~60天,42.0,2.0,46.2,-14.4,09-09,实体-0→下影+9,2.0,-6.73,-6.73,2024-11,2024
600149.SSE,廊坊发展,2025-05-23,二接三阳,—,阳,4.05,大阳3~5,5.5,6.7,10.9,15.5,4,上,2.4,3.94,断8~15天,13.0,1.0,16.3,-7.4,04-28,下影+1→下影+6,9.97,-14.91,-14.91,2025-05,2025
600151.SSE,航天机电,2025-12-05,二接三阳,—,阳,5.56,巨阳≥5,10.6,14.0,16.0,19.3,4,上,3.26,3.03,断2~3天,2.0,1.0,21.3,1.6,11-28,下影+0→实体+0,4.75,-1.25,-1.25,2025-12,2025
600152.SSE,维科技术,2025-07-01,二接三阳,—,阳,0.96,小阳0~3,2.8,4.5,2.6,4.1,4,上,-0.84,1.15,60日内无板,,,,,,下影+0→下影+10,-0.13,-11.59,-11.59,2025-07,2025
600152.SSE,维科技术,2026-04-15,二接三阳,—,阳,-0.2,小阴-3~0,0.9,-3.0,-1.4,0.6,2,下,0.75,0.71,断8~15天,11.0,1.0,4.7,-12.3,03-25,实体+1→下影+0,4.29,-3.36,-3.36,2026-04,2026
600152.SSE,维科技术,2026-04-28,二接三阴,—,阴,-6.06,巨阴≤-5,-9.6,-3.8,5.2,10.0,2,下,15.34,8.77,断4~7天,4.0,1.0,-6.8,-16.4,04-17,下影+0→下影+4,2.03,-7.58,-7.58,2026-04,2026
600156.SSE,华升股份,2026-04-20,二接三阴,—,阴,-1.92,小阴-3~0,-1.6,1.4,-2.5,-4.2,1,上,-1.95,-2.04,断2~3天,3.0,1.0,3.3,-6.5,04-10,下影+0→下影+7,0.22,-3.93,-3.93,2026-04,2026
600156.SSE,华升股份,2026-04-21,三接四阴,—,阴,-1.92,小阴-3~0,-1.6,1.4,-2.5,-4.2,1,上,-1.95,-2.04,断2~3天,3.0,1.0,3.3,-6.5,04-10,下影+0→下影+7→实体+0,10.01,-9.81,-9.81,2026-04,2026
600156.SSE,华升股份,2026-04-30,二接三阳,—,阳,1.21,小阳0~3,-4.0,1.0,10.3,11.0,3,上,12.35,5.08,断4~7天,5.0,3.0,-0.4,-15.6,04-20,实体-0→实体+0,5.82,-8.87,-8.87,2026-04,2026
600156.SSE,华升股份,2026-05-15,二接三阴,—,阴,-2.98,小阴-3~0,-0.1,7.4,18.3,28.3,3,上,9.55,12.62,断4~7天,6.0,2.0,15.5,-6.2,04-29,一字+10→一字+10,4.86,-13.58,-13.58,2026-05,2026
600159.SSE,大龙地产,2023-07-24,二接三阳,—,阳,1.82,小阳0~3,1.7,1.5,3.3,2.1,4,上,0.92,-0.31,断16~60天,27.0,1.0,2.7,-15.7,06-08,下影+0→下影+2,10.06,0.54,0.81,2023-07,2023
600159.SSE,大龙地产,2023-11-23,三接四阴,—,阴,-2.09,小阴-3~0,-2.5,-5.1,-0.9,4.4,1,下,2.22,4.45,断8~15天,9.0,1.0,4.0,-6.9,11-06,下影+3→下影+3→一字+10,4.12,-3.74,-3.74,2023-11,2023
600162.SSE,香江控股,2025-09-16,二接三阳,—,阳,-0.56,小阴-3~0,1.6,3.2,3.2,4.0,4,上,0.23,0.91,60日内无板,,,,,,实体+1→下影+7,10.19,10.08,25.63,2025-09,2025
600162.SSE,香江控股,2025-09-17,三接四阳,—,阳,-0.56,小阴-3~0,1.6,3.2,3.2,4.0,4,上,0.23,0.91,60日内无板,,,,,,实体+1→下影+7→下影+10,10.08,9.92,14.12,2025-09,2025
600162.SSE,香江控股,2026-05-27,二接三阳,—,阳,0.0,小阳0~3,-3.0,-5.5,-4.9,-4.4,0,下,-2.38,-0.11,60日内无板,,,,,,实体+0→一字+10,6.19,9.96,26.41,2026-05,2026
600162.SSE,香江控股,2026-05-28,三接四阳,—,阳,0.0,小阳0~3,-3.0,-5.5,-4.9,-4.4,0,下,-2.38,-0.11,60日内无板,,,,,,实体+0→一字+10→下影+6,6.93,9.84,14.96,2026-05,2026
600162.SSE,香江控股,2026-07-17,二接三阳,—,阳,3.6,大阳3~5,-0.9,-4.5,-21.2,-25.6,0,下,-15.83,-8.77,断16~60天,16.0,2.0,-35.8,-45.9,06-22,实体+0→下影+7,4.32,-10.13,-10.13,2026-07,2026
600162.SSE,香江控股,2026-08-13,二接三阳,—,阳,4.84,大阳3~5,9.9,21.0,32.2,40.0,4,上,15.89,11.64,断4~7天,6.0,2.0,34.9,-4.1,07-31,实体-1→下影+10,5.93,-9.44,-9.44,2026-08,2026
600162.SSE,香江控股,2026-08-31,二接三阳,—,阳,2.55,小阳0~3,4.6,2.5,12.0,25.0,4,上,2.47,10.78,断8~15天,10.0,2.0,3.2,-16.1,08-12,下影+0→下影+5,10.07,-16.61,-16.61,2026-08,2026
600165.SSE,宁科生物,2024-03-25,三接四阳,—,阳,1.8,小阳0~3,4.1,7.4,7.9,9.6,4,上,2.09,6.37,断16~60天,17.0,1.0,13.7,-11.9,02-23,实体+0→一字+10→一字+10,9.97,9.97,19.64,2024-03,2024
600167.SSE,联美控股,2025-09-25,三接四阳,—,阳,0.7,小阳0~3,5.8,7.2,7.7,9.2,4,上,1.63,1.53,60日内无板,,,,,,一字+10→一字+10→一字+10,1.04,-10.04,-10.04,2025-09,2025
600170.SSE,上海建工,2025-09-17,三接四阳,—,阳,0.42,小阳0~3,0.5,-0.2,-0.6,-0.6,1,下,-1.27,-0.31,60日内无板,,,,,,下影+0→一字+10→一字+10,5.3,9.92,-1.13,2025-09,2025
600171.SSE,上海贝岭,2024-07-22,二接三阴,—,阴,-3.22,大阴-5~-3,-0.1,5.0,5.4,3.4,3,上,6.02,-0.65,断16~60天,26.0,1.0,8.2,-18.5,06-11,下影-3→下影+5,6.43,-3.87,-3.87,2024-07,2024
600171.SSE,上海贝岭,2024-10-09,二接三阳,—,阳,6.49,巨阳≥5,8.3,11.3,12.7,11.6,4,上,1.18,1.73,断16~60天,41.0,1.0,2.9,-23.8,07-30,下影+5→下影+10,2.9,-9.98,-9.98,2024-10,2024
600171.SSE,上海贝岭,2024-10-22,二接三阴,—,阴,-1.09,小阴-3~0,-0.8,1.6,16.3,23.2,3,上,15.42,8.81,断4~7天,7.0,2.0,10.2,-6.1,10-08,实体-1→一字+10,10.0,-5.04,-5.04,2024-10,2024
600172.SSE,黄河旋风,2024-10-29,二接三阳,—,阳,4.26,大阳3~5,6.6,9.8,13.1,19.3,4,上,0.37,5.46,断8~15天,13.0,1.0,17.0,-8.3,09-30,实体+6→下影+10,10.12,6.96,5.85,2024-10,2024
600172.SSE,黄河旋风,2025-10-22,二接三阴,—,阴,-9.66,巨阴≤-5,-3.2,3.7,10.0,14.5,3,上,9.58,6.72,断2~3天,3.0,1.0,5.1,-4.4,10-14,下影+2→下影+8,5.98,0.13,0.13,2025-10,2025
600172.SSE,黄河旋风,2025-10-23,三接四阴,—,阴,-9.66,巨阴≤-5,-3.2,3.7,10.0,14.5,3,上,9.58,6.72,断2~3天,3.0,1.0,5.1,-4.4,10-14,下影+2→下影+8→下影+6,5.05,-18.02,-18.02,2025-10,2025
600172.SSE,黄河旋风,2026-05-13,二接三阳,—,阳,0.57,小阳0~3,2.8,4.7,3.8,6.3,4,上,-0.86,2.3,断16~60天,38.0,2.0,-11.8,-32.1,03-11,一字+10→下影+6,1.49,-0.08,-0.08,2026-05,2026
600172.SSE,黄河旋风,2026-05-26,二接三阴,—,阴,-6.64,巨阴≤-5,-6.8,-6.4,4.4,8.1,2,下,11.8,5.27,断4~7天,6.0,3.0,-7.2,-16.0,05-13,实体+8→下影+5,5.38,-0.23,-0.23,2026-05,2026
600173.SSE,卧龙新能,2025-09-10,二接三阴,—,阴,-4.54,大阴-5~-3,0.4,0.3,-0.5,-0.5,2,上,-1.12,-0.34,断16~60天,39.0,2.0,-8.1,-20.5,07-14,下影-0→下影+3,4.19,5.01,5.01,2025-09,2025
600173.SSE,卧龙新能,2025-09-11,三接四阴,—,阴,-4.54,大阴-5~-3,0.4,0.3,-0.5,-0.5,2,上,-1.12,-0.34,断16~60天,39.0,2.0,-8.1,-20.5,07-14,下影-0→下影+3→下影+4,-1.31,-12.46,-12.46,2025-09,2025
600178.SSE,东安动力,2023-11-13,二接三阴,—,阴,-1.27,小阴-3~0,-0.5,0.3,2.1,3.3,3,上,2.67,1.23,60日内无板,,,,,,下影+0→一字+10,10.05,-15.47,-15.47,2023-11,2023
600178.SSE,东安动力,2024-10-30,二接三阳,—,阳,2.95,小阳0~3,3.3,6.3,8.0,12.5,4,上,1.08,3.3,断16~60天,24.0,1.0,32.8,-2.3,09-12,下影+9→一字+10,6.47,10.04,2.01,2024-10,2024
600179.SSE,安通控股,2024-06-17,二接三阴,—,阴,-1.4,小阴-3~0,-0.8,-3.0,-5.2,-4.5,0,下,-3.63,-0.54,60日内无板,,,,,,一字+10→一字+10,9.02,-7.83,-7.83,2024-06,2024
600179.SSE,安通控股,2025-12-24,二接三阳,—,阳,3.31,大阳3~5,1.8,-2.6,-2.0,-4.7,1,下,-2.27,-2.45,断16~60天,30.0,1.0,-3.2,-16.5,11-07,实体+2→下影+10,-2.44,9.98,9.06,2025-12,2025
600179.SSE,安通控股,2025-12-25,三接四阳,—,阳,3.31,大阳3~5,1.8,-2.6,-2.0,-4.7,1,下,-2.27,-2.45,断16~60天,30.0,1.0,-3.2,-16.5,11-07,实体+2→下影+10→下影-2,9.06,10.08,-0.84,2025-12,2025
600186.SSE,莲花控股,2023-10-10,二接三阳,—,阳,1.87,小阳0~3,3.9,4.6,11.5,24.9,4,上,3.4,10.5,断8~15天,11.0,1.0,13.0,-9.3,09-12,下影-0→下影+1,5.17,4.42,4.42,2023-10,2023
600186.SSE,莲花控股,2025-02-10,二接三阳,—,阳,6.96,巨阳≥5,2.9,7.1,6.3,6.1,4,上,6.11,1.62,断4~7天,6.0,1.0,15.6,-2.1,01-20,下影+4→下影+2,4.76,4.19,11.31,2025-02,2025
600189.SSE,泉阳泉,2023-09-18,二接三阳,—,阳,7.32,巨阳≥5,4.6,13.5,19.8,21.4,4,上,10.32,4.95,断4~7天,5.0,1.0,23.0,-0.9,09-06,下影-1→下影+5,7.98,-21.67,-21.67,2023-09,2023
600192.SSE,长城电工,2024-06-17,二接三阳,—,阳,1.27,小阳0~3,1.5,-4.4,-7.4,-7.6,1,下,-6.31,-2.77,60日内无板,,,,,,实体-1→一字+10,9.94,-6.59,-6.59,2024-06,2024
600192.SSE,长城电工,2024-08-08,二接三阴,—,阴,-2.83,小阴-3~0,-2.6,-1.0,-0.7,-2.6,0,下,1.81,-1.0,断16~60天,27.0,1.0,-1.3,-14.6,06-27,实体+0→下影+10,-2.61,-9.85,-9.85,2024-08,2024
600192.SSE,长城电工,2024-08-09,三接四阴,—,阴,-2.83,小阴-3~0,-2.6,-1.0,-0.7,-2.6,0,下,1.81,-1.0,断16~60天,27.0,1.0,-1.3,-14.6,06-27,实体+0→下影+10→下影-3,-3.28,-9.95,-4.98,2024-08,2024
600192.SSE,长城电工,2025-05-28,二接三阴,—,阴,-1.04,小阴-3~0,-2.7,-2.8,-1.3,1.0,1,下,-0.12,1.61,断16~60天,27.0,1.0,14.5,-3.7,04-11,下影+0→实体+5,-1.11,-2.7,-2.7,2025-05,2025
600192.SSE,长城电工,2025-07-02,二接三阳,—,阳,0.0,小阳0~3,2.6,3.3,0.4,1.8,4,上,-0.91,-1.15,断16~60天,21.0,3.0,-3.9,-20.4,05-28,下影+0→下影+6,9.46,-3.48,-3.48,2025-07,2025
600192.SSE,长城电工,2025-07-03,三接四阳,—,阳,0.0,小阳0~3,2.6,3.3,0.4,1.8,4,上,-0.91,-1.15,断16~60天,21.0,3.0,-3.9,-20.4,05-28,下影+0→下影+6→下影+9,10.05,-8.25,-8.25,2025-07,2025
600198.SSE,大唐电信,2024-10-28,三接四阴,—,阴,-1.43,小阴-3~0,2.0,6.3,9.3,24.4,4,上,4.23,11.96,断4~7天,4.0,1.0,13.5,-4.7,10-16,下影-1→下影+7→一字+10,10.02,9.26,9.26,2024-10,2024
600198.SSE,大唐电信,2024-12-19,二接三阴,—,阴,-2.2,小阴-3~0,-3.5,-2.0,-0.7,-4.5,0,下,2.89,-1.44,断16~60天,35.0,4.0,-10.3,-23.9,10-28,实体+0→一字+10,4.03,-17.2,-17.2,2024-12,2024
600199.SSE,金种子酒,2024-09-30,二接三阴,B1,阴,-1.08,小阴-3~0,1.7,4.3,4.9,1.9,4,上,1.88,-0.4,60日内无板,,,,,,实体-1→下影+6,9.71,4.51,4.51,2024-09,2024
600199.SSE,金种子酒,2024-10-08,三接四阴,—,阴,-1.08,小阴-3~0,1.7,4.3,4.9,1.9,4,上,1.88,-0.4,60日内无板,,,,,,实体-1→下影+6→下影+10,9.99,-14.49,-14.49,2024-10,2024
600202.SSE,哈空调,2025-01-14,二接三阳,—,阳,-1.12,小阴-3~0,1.3,-0.1,-5.7,-8.7,1,下,-3.26,-4.41,60日内无板,,,,,,下影+4→一字+10,4.67,-10.02,-10.02,2025-01,2025
600203.SSE,福日电子,2024-10-16,二接三阴,—,阴,-5.39,巨阴≤-5,-9.5,-4.6,5.8,10.6,2,下,14.86,7.36,断2~3天,3.0,1.0,-10.9,-20.1,10-08,实体+0→下影+7,1.72,7.41,7.41,2024-10,2024
600203.SSE,福日电子,2024-10-17,三接四阴,—,阴,-5.39,巨阴≤-5,-9.5,-4.6,5.8,10.6,2,下,14.86,7.36,断2~3天,3.0,1.0,-10.9,-20.1,10-08,实体+0→下影+7→下影+2,-3.34,-1.99,-1.99,2024-10,2024
600203.SSE,福日电子,2024-10-31,三接四阴,—,阴,-2.23,小阴-3~0,-1.1,0.9,12.8,24.9,3,上,10.43,12.34,断4~7天,7.0,3.0,10.9,-5.0,10-16,下影-2→下影+7→一字+10,10.04,-9.97,-9.97,2024-10,2024
600203.SSE,福日电子,2025-02-26,二接三阳,—,阳,-0.5,小阴-3~0,1.3,-0.5,6.7,9.9,3,下,5.66,3.88,断16~60天,41.0,1.0,-6.3,-33.1,12-17,下影+0→下影+10,10.02,-11.43,-11.43,2025-02,2025
600203.SSE,福日电子,2025-08-06,二接三阴,—,阴,0.47,小阳0~3,-1.3,4.2,8.9,11.1,3,上,7.26,4.0,60日内无板,,,,,,下影-0→下影+9,0.93,10.01,7.89,2025-08,2025
600203.SSE,福日电子,2025-08-07,三接四阴,—,阴,0.47,小阳0~3,-1.3,4.2,8.9,11.1,3,上,7.26,4.0,60日内无板,,,,,,下影-0→下影+9→下影+1,7.12,-1.92,-1.92,2025-08,2025
600206.SSE,有研新材,2024-11-11,二接三阴,—,阴,-1.87,小阴-3~0,1.0,3.9,7.1,11.5,4,上,4.18,2.62,断16~60天,21.0,1.0,11.0,-14.0,10-08,一字+10→一字+10,9.99,10.01,17.85,2024-11,2024
600206.SSE,有研新材,2024-11-12,三接四阴,—,阴,-1.87,小阴-3~0,1.0,3.9,7.1,11.5,4,上,4.18,2.62,断16~60天,21.0,1.0,11.0,-14.0,10-08,一字+10→一字+10→下影+10,10.01,10.01,7.12,2024-11,2024
600206.SSE,有研新材,2026-08-07,二接三阳,—,阳,9.17,巨阳≥5,0.3,-8.9,-18.1,-25.9,1,下,-6.18,-10.02,断8~15天,10.0,1.0,0.9,-16.5,07-21,实体+1→下影+2,5.05,8.01,8.01,2026-08,2026
600206.SSE,有研新材,2026-08-10,三接四阳,—,阳,9.17,巨阳≥5,0.3,-8.9,-18.1,-25.9,1,下,-6.18,-10.02,断8~15天,10.0,1.0,0.9,-16.5,07-21,实体+1→下影+2→下影+5,3.8,-0.64,-0.64,2026-08,2026
600207.SSE,安彩高科,2024-03-08,三接四阴,—,阴,-1.02,小阴-3~0,0.3,2.7,4.8,-7.8,3,上,8.2,-8.73,断16~60天,26.0,1.0,-21.7,-47.1,01-18,下影-1→下影+3→一字+10,10.02,9.98,7.71,2024-03,2024
600208.SSE,衢州发展,2024-09-30,二接三阳,—,阳,4.74,大阳3~5,6.2,8.8,11.3,13.9,4,上,1.33,3.32,60日内无板,,,,,,实体-1→下影+9,9.96,10.19,6.79,2024-09,2024
600208.SSE,衢州发展,2024-10-08,三接四阳,—,阳,4.74,大阳3~5,6.2,8.8,11.3,13.9,4,上,1.33,3.32,60日内无板,,,,,,实体-1→下影+9→下影+10,10.19,-3.08,-3.08,2024-10,2024
600208.SSE,衢州发展,2025-08-18,三接四阳,—,阳,0.24,小阳0~3,5.5,9.8,20.3,28.6,4,上,8.5,8.02,60日内无板,,,,,,一字+10→一字+10→一字+10,10.04,-8.13,-8.13,2025-08,2025
600210.SSE,紫江企业,2024-11-11,三接四阳,—,阳,0.47,小阳0~3,3.2,6.8,10.3,13.2,4,上,5.45,2.11,60日内无板,,,,,,实体+6→一字+10→一字+10,0.0,-9.96,-9.96,2024-11,2024
600212.SSE,绿能慧充,2024-10-25,二接三阴,—,阴,3.23,大阳3~5,9.4,13.5,18.8,21.6,4,上,3.64,4.65,断1天,1.0,1.0,13.6,0.5,10-21,实体-1→实体+1,-1.09,-3.83,-3.83,2024-10,2024
600217.SSE,中再资环,2024-10-22,二接三阳,—,阳,1.34,小阳0~3,-0.4,-1.9,6.3,10.6,2,下,5.4,4.65,断8~15天,12.0,1.0,17.1,-3.0,09-24,下影+0→一字+10,9.22,0.99,0.99,2024-10,2024
600218.SSE,全柴动力,2024-03-04,二接三阴,—,阴,-6.83,巨阴≤-5,-2.9,3.5,-0.6,-7.0,1,上,4.72,-3.14,断8~15天,8.0,1.0,23.6,0.0,02-08,下影-1→一字+10,1.52,-11.33,-11.33,2024-03,2024
600221.SSE,海航控股,2024-11-04,二接三阳,—,阳,2.46,小阳0~3,2.6,6.2,5.7,10.1,4,上,2.79,3.64,60日内无板,,,,,,下影+4→下影+10,5.26,10.18,33.53,2024-11,2024
600221.SSE,海航控股,2024-11-05,三接四阳,A1,阳,2.46,小阳0~3,2.6,6.2,5.7,10.1,4,上,2.79,3.64,60日内无板,,,,,,下影+4→下影+10→下影+5,0.6,9.78,21.2,2024-11,2024
600227.SSE,赤天化,2026-03-10,二接三阴,—,阴,-6.56,巨阴≤-5,-3.9,2.8,9.6,12.3,3,上,10.44,4.88,断2~3天,3.0,1.0,3.8,-7.9,03-02,下影-2→下影+10,-3.31,1.76,1.76,2026-03,2026
600227.SSE,赤天化,2026-03-17,二接三阴,—,阴,-1.98,小阴-3~0,5.8,15.7,30.9,37.9,4,上,17.98,11.14,断2~3天,3.0,2.0,20.7,-6.1,03-09,实体-0→下影+3,-4.37,-5.48,-5.48,2026-03,2026
600228.SSE,返利科技,2023-03-28,二接三阳,—,阳,0.0,小阳0~3,2.5,,,,1,缺失,,,断8~15天,9.0,2.0,146.0,-15.5,08-31,下影-1→下影+10,1.69,-13.93,-13.93,2023-03,2023
600228.SSE,返利科技,2026-06-29,三接四阳,—,阳,8.42,巨阳≥5,11.6,20.1,23.3,23.9,4,上,7.79,2.29,60日内无板,,,,,,下影-0→一字+10→一字+10,10.01,-21.65,-21.65,2026-06,2026
600228.SSE,返利科技,2026-07-31,二接三阳,—,阳,2.37,小阳0~3,3.2,-0.3,-7.4,-16.0,1,下,-6.35,-13.11,断8~15天,13.0,1.0,-5.4,-24.9,07-09,实体+1→实体+0,0.0,-11.66,-11.66,2026-07,2026
600229.SSE,城市传媒,2023-05-05,二接三阳,—,阳,5.95,巨阳≥5,6.7,8.2,9.4,,3,上,1.26,,断16~60天,45.0,1.0,25.0,-3.4,08-04,下影-3→一字+10,10.03,-8.27,-8.27,2023-05,2023
600229.SSE,城市传媒,2024-02-20,二接三阴,—,阴,-7.0,巨阴≤-5,-10.7,-18.9,-23.0,-26.1,0,下,-7.07,-6.25,60日内无板,,,,,,下影+2→下影+7,0.0,-7.25,-7.25,2024-02,2024
600230.SSE,沧州大化,2026-01-21,二接三阴,—,阴,-0.2,小阴-3~0,-0.3,-2.4,3.6,8.1,2,下,3.25,4.39,断8~15天,8.0,1.0,-0.8,-11.2,01-06,下影+0→下影+1,9.97,-11.07,-11.07,2026-01,2026
600232.SSE,金鹰股份,2025-06-10,二接三阴,—,阴,0.0,小阳0~3,0.7,2.1,1.6,3.1,4,上,0.05,1.19,60日内无板,,,,,,下影-0→一字+10,10.0,10.0,8.18,2025-06,2025
600232.SSE,金鹰股份,2025-06-11,三接四阴,—,阴,0.0,小阳0~3,0.7,2.1,1.6,3.1,4,上,0.05,1.19,60日内无板,,,,,,下影-0→一字+10→下影+10,-3.64,-1.65,-1.65,2025-06,2025
600234.SSE,科新发展,2024-02-21,二接三阳,—,阳,2.64,小阳0~3,-10.6,-26.6,-36.7,-41.5,0,下,-17.78,-11.01,断16~60天,23.0,1.0,-44.4,-55.7,01-08,下影-3→实体+1,0.19,0.18,0.18,2024-02,2024
600234.SSE,科新发展,2024-04-25,二接三阴,—,阴,-6.93,巨阴≤-5,-8.9,-19.5,-34.3,-35.1,0,下,-19.33,-8.44,断16~60天,16.0,1.0,-43.9,-49.3,03-27,实体+0→实体+2,6.64,-2.59,-2.59,2024-04,2024
600234.SSE,科新发展,2024-04-26,三接四阴,—,阴,-6.93,巨阴≤-5,-8.9,-19.5,-34.3,-35.1,0,下,-19.33,-8.44,断16~60天,16.0,1.0,-43.9,-49.3,03-27,实体+0→实体+2→下影+7,-6.25,-15.88,-15.88,2024-04,2024
600234.SSE,科新发展,2025-10-14,二接三阳,—,阳,3.28,大阳3~5,3.7,5.1,6.3,5.4,4,上,1.24,1.3,60日内无板,,,,,,下影+3→下影+8,-0.44,-1.9,-1.9,2025-10,2025
600241.SSE,时代万恒,2025-06-30,二接三阳,—,阳,2.56,小阳0~3,5.3,5.5,5.3,5.7,4,上,-0.72,0.35,60日内无板,,,,,,实体-3→下影+5,10.02,-3.94,-3.94,2025-06,2025
600246.SSE,万通发展,2024-10-30,三接四阳,—,阳,6.53,巨阳≥5,5.3,10.8,20.2,29.7,4,上,6.59,9.92,断16~60天,16.0,1.0,54.8,-1.4,09-25,下影+7→下影+10→一字+10,10.02,6.02,6.02,2024-10,2024
600246.SSE,万通发展,2025-08-12,二接三阴,—,阴,-2.8,小阴-3~0,-2.6,-2.8,0.7,3.3,2,下,1.38,2.43,60日内无板,,,,,,下影+0→下影+10,7.39,9.97,18.63,2025-08,2025
600246.SSE,万通发展,2025-08-13,三接四阴,—,阴,-2.8,小阴-3~0,-2.6,-2.8,0.7,3.3,2,下,1.38,2.43,60日内无板,,,,,,下影+0→下影+10→下影+7,-0.87,7.88,7.88,2025-08,2025
600246.SSE,万通发展,2025-08-26,三接四阳,—,阳,8.36,巨阳≥5,-3.3,4.3,17.3,25.3,3,上,17.82,10.58,断4~7天,5.0,4.0,3.9,-15.1,08-13,一字+10→一字+10→一字+10,4.07,-12.53,-12.53,2025-08,2025
600249.SSE,两面针,2025-04-15,二接三阳,—,阳,3.07,大阳3~5,1.1,-2.1,-4.7,-5.4,1,下,-4.07,-1.73,60日内无板,,,,,,下影-1→下影+8,8.88,10.01,7.32,2025-04,2025
600249.SSE,两面针,2025-04-16,三接四阳,A1,阳,3.07,大阳3~5,1.1,-2.1,-4.7,-5.4,1,下,-4.07,-1.73,60日内无板,,,,,,下影-1→下影+8→下影+9,0.15,-2.45,-2.45,2025-04,2025
600250.SSE,南京商旅,2023-11-30,二接三阴,—,阴,0.69,小阳0~3,0.6,1.9,5.2,9.5,4,上,3.77,3.76,60日内无板,,,,,,下影-1→下影+6,10.0,10.02,47.21,2023-11,2023
600250.SSE,南京商旅,2025-12-10,二接三阳,—,阳,1.89,小阳0~3,-1.5,-1.7,-3.8,-4.0,0,下,-1.94,-0.56,60日内无板,,,,,,下影+1→下影+8,8.41,-3.97,-8.09,2025-12,2025
600250.SSE,南京商旅,2025-12-19,二接三阴,—,阴,-5.25,巨阴≤-5,-3.0,3.6,8.9,9.7,3,上,9.15,3.54,断2~3天,3.0,1.0,1.8,-9.0,12-11,下影+2→实体+8,9.99,-18.28,-18.28,2025-12,2025
600255.SSE,鑫科材料,2024-12-19,三接四阴,—,阴,-4.45,大阴-5~-3,-1.1,4.4,12.2,14.0,3,上,10.14,5.12,断2~3天,2.0,1.0,2.3,-7.7,12-11,下影+1→下影+10→一字+10,9.95,0.73,0.73,2024-12,2024
600255.SSE,鑫科材料,2026-06-04,二接三阳,—,阳,2.54,小阳0~3,-1.8,-0.4,-0.6,-0.4,0,下,1.34,0.56,60日内无板,,,,,,下影+0→一字+10,5.69,-7.04,-7.04,2026-06,2026
600257.SSE,大湖股份,2023-08-28,三接四阳,—,阳,5.97,巨阳≥5,3.2,6.3,6.5,7.2,4,上,1.4,1.19,断16~60天,32.0,1.0,12.9,-12.8,07-07,下影+3→下影+2→一字+10,9.99,-4.34,-4.34,2023-08,2023
600262.SSE,北方股份,2024-04-19,二接三阴,B1,阴,-5.64,巨阴≤-5,-6.5,-8.7,-9.5,-8.7,0,下,-1.12,-0.46,断16~60天,40.0,1.0,17.3,0.1,02-08,实体+2→下影+9,5.17,-10.93,-10.93,2024-04,2024
600262.SSE,北方股份,2025-10-22,二接三阴,—,阴,-2.52,小阴-3~0,-2.7,-1.4,0.7,0.0,2,下,3.41,0.77,断16~60天,32.0,1.0,-3.0,-18.2,08-26,实体+7→实体+2,10.01,-4.62,-4.62,2025-10,2025
600266.SSE,城建发展,2023-08-01,二接三阳,—,阳,-2.99,小阴-3~0,3.8,10.1,15.1,15.4,4,上,7.77,3.83,断2~3天,2.0,1.0,11.1,-3.6,07-25,实体-1→一字+10,9.5,-9.12,-9.12,2023-08,2023
600266.SSE,城建发展,2026-01-06,二接三阳,—,阳,-0.65,小阴-3~0,1.6,2.2,0.3,-0.9,3,上,-0.59,-0.98,60日内无板,,,,,,下影+0→下影+6,4.84,9.93,9.93,2026-01,2026
600266.SSE,城建发展,2026-01-07,三接四阳,—,阳,-0.65,小阴-3~0,1.6,2.2,0.3,-0.9,3,上,-0.59,-0.98,60日内无板,,,,,,下影+0→下影+6→下影+5,9.93,0.0,0.0,2026-01,2026
600272.SSE,开开实业,2023-08-15,二接三阳,—,阳,3.88,大阳3~5,9.5,11.7,14.6,16.0,4,上,3.01,2.1,断1天,1.0,1.0,14.2,0.8,08-09,下影-4→下影+0,-1.46,10.02,14.23,2023-08,2023
600272.SSE,开开实业,2023-08-16,三接四阳,—,阳,3.88,大阳3~5,9.5,11.7,14.6,16.0,4,上,3.01,2.1,断1天,1.0,1.0,14.2,0.8,08-09,下影-4→下影+0→下影-1,5.19,10.0,3.82,2023-08,2023
600272.SSE,开开实业,2024-01-26,三接四阴,—,阴,-5.57,巨阴≤-5,-7.4,-12.5,-14.7,-15.1,0,下,-7.73,-1.9,断8~15天,13.0,1.0,-15.9,-24.1,01-03,下影-1→实体+9→一字+10,10.02,-10.01,-10.01,2024-01,2024
600272.SSE,开开实业,2024-12-13,二接三阴,—,阴,-0.49,小阴-3~0,0.7,0.7,0.9,-1.4,3,上,1.23,-2.11,断16~60天,55.0,1.0,27.2,-1.4,09-13,实体+6→下影+4,7.37,9.98,20.4,2024-12,2024
600272.SSE,开开实业,2026-08-11,三接四阴,—,阴,-0.65,小阴-3~0,1.0,2.6,0.4,0.7,4,上,-1.18,-0.47,60日内无板,,,,,,下影-0→下影+1→一字+10,4.41,10.0,1.91,2026-08,2026
600280.SSE,中央商场,2023-07-18,二接三阳,—,阳,0.78,小阳0~3,-0.6,-0.7,-0.7,-2.0,0,下,1.4,-1.12,60日内无板,,,,,,下影+2→下影+4,8.28,10.14,35.07,2023-07,2023
600280.SSE,中央商场,2023-07-19,三接四阳,—,阳,0.78,小阳0~3,-0.6,-0.7,-0.7,-2.0,0,下,1.4,-1.12,60日内无板,,,,,,下影+2→下影+4→下影+8,10.14,10.0,22.63,2023-07,2023
600280.SSE,中央商场,2024-08-06,二接三阴,—,阴,-2.47,小阴-3~0,0.2,3.0,2.9,2.5,4,上,1.68,-0.37,断16~60天,21.0,1.0,2.4,-14.9,07-03,下影+0→一字+10,10.1,10.13,9.18,2024-08,2024
600280.SSE,中央商场,2024-08-07,三接四阴,—,阴,-2.47,小阴-3~0,0.2,3.0,2.9,2.5,4,上,1.68,-0.37,断16~60天,21.0,1.0,2.4,-14.9,07-03,下影+0→一字+10→下影+10,10.13,10.06,-0.86,2024-08,2024
600280.SSE,中央商场,2024-11-08,二接三阳,—,阳,3.42,大阳3~5,7.4,11.6,15.5,19.4,4,上,6.31,2.73,断2~3天,2.0,1.0,15.7,-1.4,11-01,下影-2→下影+2,10.02,-17.39,-17.39,2024-11,2024
600280.SSE,中央商场,2025-11-20,二接三阳,—,阳,2.01,小阳0~3,2.3,4.3,5.5,5.8,4,上,2.71,1.06,60日内无板,,,,,,下影+0→下影+10,9.98,-25.95,-25.95,2025-11,2025
600280.SSE,中央商场,2026-06-02,二接三阴,—,阴,-2.68,小阴-3~0,-0.7,-1.1,-3.8,-4.2,0,下,-2.84,-0.57,60日内无板,,,,,,实体-1→下影+5,-2.84,3.1,3.1,2026-06,2026
600281.SSE,华阳新材,2024-03-08,二接三阴,B1,阴,-4.04,大阴-5~-3,-3.9,-5.7,-6.2,-17.6,0,下,6.9,-9.13,断8~15天,9.0,1.0,8.7,-3.1,02-21,下影+1→下影+7,8.7,3.42,3.42,2024-03,2024
600281.SSE,华阳新材,2024-03-11,三接四阴,—,阴,-4.04,大阴-5~-3,-3.9,-5.7,-6.2,-17.6,0,下,6.9,-9.13,断8~15天,9.0,1.0,8.7,-3.1,02-21,下影+1→下影+7→下影+9,6.58,-12.44,-12.44,2024-03,2024
600281.SSE,华阳新材,2024-04-08,二接三阳,—,阳,0.83,小阳0~3,0.8,-0.2,1.8,7.7,3,下,0.44,4.13,断8~15天,10.0,1.0,4.4,-10.9,03-18,实体-1→下影+8,3.62,-11.52,-11.52,2024-04,2024
600281.SSE,华阳新材,2025-04-30,二接三阳,—,阳,1.22,小阳0~3,-0.4,-0.5,-1.5,-5.7,0,下,1.64,-2.71,断16~60天,34.0,1.0,-10.7,-29.3,03-07,下影+7→下影+1,3.23,5.64,12.64,2025-04,2025
600281.SSE,华阳新材,2025-06-13,二接三阳,—,阳,-1.62,小阴-3~0,4.1,5.4,5.1,12.2,4,上,-2.21,2.69,断8~15天,15.0,2.0,7.9,-14.6,05-19,下影-1→下影+10,1.67,5.79,5.79,2025-06,2025
600281.SSE,华阳新材,2025-06-16,三接四阳,—,阳,-1.62,小阴-3~0,4.1,5.4,5.1,12.2,4,上,-2.21,2.69,断8~15天,15.0,2.0,7.9,-14.6,05-19,下影-1→下影+10→实体+2,-7.71,5.76,-4.76,2025-06,2025
600283.SSE,钱江水利,2023-05-30,二接三阳,—,阳,4.33,大阳3~5,3.2,3.7,4.8,6.1,4,上,0.2,1.25,60日内无板,,,,,,一字+10→下影+10,1.2,-7.34,-7.34,2023-05,2023
600287.SSE,苏豪时尚,2023-11-24,二接三阳,—,阳,0.88,小阳0~3,1.8,2.3,4.3,7.0,4,上,1.3,2.7,60日内无板,,,,,,实体-1→下影+8,6.63,-21.89,-21.89,2023-11,2023
600287.SSE,苏豪时尚,2023-12-06,二接三阴,—,阴,-1.88,小阴-3~0,3.2,5.8,13.1,17.6,4,上,8.17,5.03,断2~3天,3.0,1.0,13.6,-2.4,11-28,下影-1→下影+4,1.22,-8.65,-8.65,2023-12,2023
600288.SSE,大恒科技,2024-11-22,三接四阴,—,阴,-7.74,巨阴≤-5,-7.7,-9.2,-7.6,-6.3,0,下,0.11,1.64,断16~60天,30.0,1.0,0.2,-11.2,09-30,一字+10→一字+10→一字+10,9.49,-10.0,-10.0,2024-11,2024
600288.SSE,大恒科技,2025-07-28,二接三阴,—,阴,3.31,大阳3~5,-0.3,0.5,3.7,7.4,3,上,3.36,3.28,60日内无板,,,,,,下影-0→下影-1,10.0,-8.06,-8.06,2025-07,2025
600288.SSE,大恒科技,2026-07-08,二接三阳,—,阳,1.98,小阳0~3,0.1,-0.2,-0.1,-2.0,1,下,-0.36,-0.96,60日内无板,,,,,,下影+1→下影+5,-0.96,-1.93,-1.93,2026-07,2026
600292.SSE,电投水电,2024-11-11,二接三阴,—,阴,-9.51,巨阴≤-5,-9.5,2.8,37.6,61.5,3,上,42.02,31.74,断4~7天,4.0,9.0,-0.9,-11.3,10-31,实体+0→下影+9,9.97,6.78,-2.67,2024-11,2024
600292.SSE,电投水电,2024-12-03,二接三阳,—,阳,0.07,小阳0~3,2.9,0.5,1.2,15.9,4,上,-4.28,5.77,断1天,1.0,1.0,10.1,-0.6,11-27,下影+6→实体+3,10.03,-8.85,-8.85,2024-12,2024
600293.SSE,三峡新材,2026-06-08,二接三阴,—,阴,-1.51,小阴-3~0,-1.2,-0.5,0.5,1.5,2,下,1.8,1.29,60日内无板,,,,,,下影-2→实体+3,-2.02,-7.57,-7.57,2026-06,2026
600297.SSE,广汇汽车,2024-07-03,二接三阳,—,阳,-2.82,小阴-3~0,-6.3,-21.5,-34.8,-41.6,0,下,-19.28,-13.45,断2~3天,2.0,1.0,-2.6,-16.7,06-26,实体-1→下影+0,9.52,7.61,4.35,2024-07,2024
600310.SSE,广西能源,2023-05-24,二接三阴,—,阴,-1.49,小阴-3~0,-0.3,2.1,5.9,7.2,3,上,4.09,2.4,断2~3天,2.0,1.0,3.4,-7.1,05-17,下影+0→一字+10,2.26,10.02,2.05,2023-05,2023
600310.SSE,广西能源,2023-05-25,三接四阴,—,阴,-1.49,小阴-3~0,-0.3,2.1,5.9,7.2,3,上,4.09,2.4,断2~3天,2.0,1.0,3.4,-7.1,05-17,下影+0→一字+10→下影+2,-3.19,-7.25,-7.25,2023-05,2023
600310.SSE,广西能源,2026-03-30,二接三阳,—,阳,5.42,巨阳≥5,8.9,16.4,22.5,27.3,4,上,8.08,6.34,断2~3天,3.0,1.0,23.0,-7.2,03-20,下影-3→一字+10,5.91,-12.67,-12.67,2026-03,2026
600313.SSE,农发种业,2026-08-19,二接三阴,—,阴,-1.75,小阴-3~0,-2.2,-2.5,-0.3,1.9,1,下,1.59,1.82,60日内无板,,,,,,实体+1→下影+2,10.03,-7.24,-7.24,2026-08,2026
600316.SSE,洪都航空,2024-07-30,二接三阴,—,阴,-0.58,小阴-3~0,3.9,6.9,7.0,4.8,4,上,3.02,-0.15,60日内无板,,,,,,下影-1→下影+5,3.38,-6.32,-6.32,2024-07,2024
600318.SSE,新力金融,2024-01-18,二接三阳,—,阳,5.11,巨阳≥5,1.2,1.4,2.0,1.0,4,上,1.59,-1.11,60日内无板,,,,,,实体-1→一字+10,0.46,-7.1,-7.1,2024-01,2024
600318.SSE,新力金融,2024-11-06,二接三阳,—,阳,3.81,大阳3~5,5.9,8.1,11.5,20.3,4,上,5.96,4.71,断8~15天,10.0,1.0,18.4,-6.6,10-18,下影+0→一字+10,10.02,1.92,-8.27,2024-11,2024
600319.SSE,亚星化学,2025-07-02,二接三阴,—,阴,0.17,小阳0~3,0.7,2.2,1.9,1.4,4,上,0.41,0.15,60日内无板,,,,,,下影+0→下影-2,8.5,-8.23,-8.23,2025-07,2025
600319.SSE,亚星化学,2025-11-20,二接三阳,—,阳,4.58,大阳3~5,5.5,7.6,8.1,9.0,4,上,2.19,1.29,断16~60天,40.0,1.0,15.4,-10.0,08-29,一字+10→一字+10,10.03,-20.84,-20.84,2025-11,2025
600320.SSE,振华重工,2025-03-25,三接四阳,—,阳,0.25,小阳0~3,1.4,4.5,6.7,6.3,4,上,3.82,1.3,60日内无板,,,,,,实体+0→下影+9→一字+10,0.55,-5.71,-5.71,2025-03,2025
600326.SSE,西藏天路,2023-04-14,二接三阳,—,阳,5.79,巨阳≥5,4.5,8.5,,,2,上,,,60日内无板,,,,,,下影+1→下影+8,9.95,-1.65,-1.65,2023-04,2023
600326.SSE,西藏天路,2024-05-07,二接三阳,—,阳,3.47,大阳3~5,3.8,5.5,-1.8,-5.0,2,上,-4.48,-3.28,断16~60天,39.0,1.0,-2.5,-21.8,03-01,下影+1→下影+3,-0.46,-8.19,-8.19,2024-05,2024
600326.SSE,西藏天路,2024-08-15,二接三阴,—,阴,-3.01,大阴-5~-3,0.6,3.3,2.5,1.7,4,上,2.34,-0.01,断16~60天,36.0,1.0,8.1,-11.1,06-21,实体+0→一字+10,2.56,0.0,0.0,2024-08,2024
600327.SSE,大东方,2024-11-22,二接三阳,—,阳,2.48,小阳0~3,5.4,7.7,12.4,14.5,4,上,5.31,3.35,断1天,1.0,1.0,12.8,-1.8,11-18,下影-0→下影+10,-3.81,-10.07,-10.07,2024-11,2024
600327.SSE,大东方,2024-11-29,三接四阴,A2,阴,-10.07,巨阴≤-5,2.5,14.0,24.4,30.0,4,上,14.93,9.23,断1天,1.0,3.0,-1.0,-10.1,11-22,下影-6→下影+10→一字+10,0.14,2.75,2.75,2024-11,2024
600336.SSE,澳柯玛,2024-10-29,二接三阴,—,阴,-1.39,小阴-3~0,-1.4,8.1,22.9,36.0,3,上,16.16,13.58,断4~7天,4.0,1.0,11.8,-2.0,10-18,下影+5→下影+4,9.79,-14.27,-14.27,2024-10,2024
600343.SSE,航天动力,2024-08-08,二接三阴,—,阴,-3.78,大阴-5~-3,-0.7,4.1,8.2,8.8,3,上,6.43,2.99,断16~60天,45.0,1.0,5.7,-18.4,05-31,下影+1→下影+5,10.02,-24.82,-24.82,2024-08,2024
600343.SSE,航天动力,2025-11-26,二接三阳,—,阳,0.5,小阳0~3,5.1,6.9,11.7,14.8,4,上,5.29,3.89,断1天,1.0,1.0,10.6,-1.6,11-20,实体+7→下影+10,3.76,-6.72,-6.72,2025-11,2025
600345.SSE,长江通信,2024-02-07,二接三阴,—,阴,-6.38,巨阴≤-5,-7.7,-5.9,-8.2,-11.4,0,下,-0.25,-2.92,断4~7天,6.0,1.0,-0.5,-12.5,01-25,实体+1→实体-9,9.99,-4.93,-4.93,2024-02,2024
600345.SSE,长江通信,2024-06-18,二接三阴,—,阴,-0.53,小阴-3~0,0.5,-2.5,-4.5,-5.9,1,下,-2.29,-1.89,60日内无板,,,,,,下影+1→一字+10,8.02,10.02,-0.98,2024-06,2024
600345.SSE,长江通信,2024-06-19,三接四阴,—,阴,-0.53,小阴-3~0,0.5,-2.5,-4.5,-5.9,1,下,-2.29,-1.89,60日内无板,,,,,,下影+1→一字+10→下影+8,9.98,-10.0,-10.0,2024-06,2024
600351.SSE,亚宝药业,2024-02-08,二接三阴,—,阴,-8.01,巨阴≤-5,-9.6,-14.1,-18.8,-21.6,0,下,-6.54,-4.99,60日内无板,,,,,,下影+5→一字+10,9.97,-7.88,-7.88,2024-02,2024
600353.SSE,旭光电子,2025-06-11,二接三阴,—,阴,-2.96,小阴-3~0,-4.1,-5.7,0.2,4.6,2,下,4.85,3.61,断16~60天,43.0,1.0,13.3,-26.1,04-01,实体+4→下影+7,-1.68,0.46,0.46,2025-06,2025
600353.SSE,旭光电子,2026-06-17,二接三阴,—,阴,-4.18,大阴-5~-3,5.1,10.8,17.2,26.9,4,上,8.11,8.04,断1天,1.0,1.0,5.4,-4.8,06-11,实体+5→一字+10,9.99,10.0,27.78,2026-06,2026
600353.SSE,旭光电子,2026-06-18,三接四阴,—,阴,-4.18,大阴-5~-3,5.1,10.8,17.2,26.9,4,上,8.11,8.04,断1天,1.0,1.0,5.4,-4.8,06-11,实体+5→一字+10→下影+10,8.67,10.0,16.16,2026-06,2026
600353.SSE,旭光电子,2026-08-18,二接三阴,—,阴,-3.03,大阴-5~-3,-0.7,8.4,7.6,-8.5,2,上,7.17,-8.74,断4~7天,7.0,1.0,34.0,-1.6,08-04,下影+2→实体+6,5.48,-9.99,-9.99,2026-08,2026
600354.SSE,敦煌种业,2025-04-09,二接三阳,—,阳,3.41,大阳3~5,3.0,2.4,1.8,0.6,4,上,-1.04,-0.78,60日内无板,,,,,,下影+4→下影+0,2.29,-8.58,-8.58,2025-04,2025
600356.SSE,恒丰纸业,2024-12-03,二接三阴,—,阴,-0.66,小阴-3~0,-1.8,-1.6,1.1,3.6,2,下,1.34,2.98,60日内无板,,,,,,一字+10→一字+10,10.0,-9.99,-9.99,2024-12,2024
600358.SSE,国旅联合,2025-01-17,三接四阳,—,阳,0.0,小阳0~3,-2.5,-4.8,-11.3,-16.4,0,下,-3.86,-6.96,60日内无板,,,,,,实体+2→下影+10→一字+10,9.93,-7.98,-7.98,2025-01,2025
600362.SSE,江西铜业,2025-10-10,二接三阳,—,阳,3.07,大阳3~5,7.0,8.0,9.1,13.5,4,上,1.11,2.59,60日内无板,,,,,,下影+2→下影+10,2.46,-3.59,-3.59,2025-10,2025
600363.SSE,联创光电,2024-11-01,三接四阴,—,阴,4.09,大阳3~5,5.3,12.7,21.0,28.6,4,上,9.45,9.28,60日内无板,,,,,,下影+2→实体+0→一字+10,9.99,-0.68,8.17,2024-11,2024
600366.SSE,宁波韵升,2025-06-13,二接三阳,—,阳,1.16,小阳0~3,3.8,7.2,6.9,8.9,4,上,2.1,0.82,60日内无板,,,,,,下影+0→下影+3,10.03,-0.26,-0.26,2025-06,2025
600367.SSE,红星发展,2026-06-03,二接三阴,—,阴,-3.37,大阴-5~-3,5.3,15.1,24.0,30.7,4,上,12.55,8.65,断1天,1.0,1.0,6.3,-4.0,05-28,下影+6→下影+1,9.94,9.97,9.97,2026-06,2026
600369.SSE,西南证券,2023-08-01,二接三阴,—,阴,-1.26,小阴-3~0,1.3,3.4,5.0,5.7,4,上,2.4,1.83,60日内无板,,,,,,下影+0→实体+2,-0.42,-9.4,-9.4,2023-08,2023
600371.SSE,万向德农,2025-04-09,二接三阳,—,阳,2.57,小阳0~3,3.0,2.8,1.4,0.4,4,上,-1.58,-0.85,断16~60天,44.0,1.0,7.2,-8.2,01-23,下影+5→下影+10,9.96,4.27,4.27,2025-04,2025
600371.SSE,万向德农,2026-08-27,二接三阳,—,阳,1.81,小阳0~3,-4.6,1.6,7.8,11.9,3,上,8.5,7.08,断2~3天,3.0,2.0,-3.1,-16.2,08-19,实体-2→下影+4,9.54,10.01,37.46,2026-08,2026
600375.SSE,汉马科技,2024-02-20,二接三阴,—,阴,-6.84,巨阴≤-5,-15.8,-33.5,-43.7,-47.1,0,下,-20.32,-11.56,断16~60天,42.0,1.0,-56.7,-62.1,12-08,下影+4→一字+10,10.09,5.24,38.74,2024-02,2024
600375.SSE,汉马科技,2024-02-23,二接三阴,—,阴,5.19,巨阳≥5,12.7,0.5,-21.7,-29.1,2,上,-24.25,-13.2,断1天,1.0,2.0,15.9,1.2,02-19,实体-1→下影+0,-0.45,10.08,9.05,2024-02,2024
600375.SSE,汉马科技,2024-02-26,三接四阴,—,阴,5.19,巨阳≥5,12.7,0.5,-21.7,-29.1,2,上,-24.25,-13.2,断1天,1.0,2.0,15.9,1.2,02-19,实体-1→下影+0→下影-0,0.0,10.09,-0.93,2024-02,2024
600376.SSE,首开股份,2024-09-30,二接三阳,—,阳,3.32,大阳3~5,5.0,10.5,14.2,14.6,4,上,4.59,3.59,60日内无板,,,,,,下影-0→下影+4,8.64,-3.93,-3.93,2024-09,2024
600376.SSE,首开股份,2025-09-05,二接三阴,—,阴,-1.12,小阴-3~0,-0.9,-2.7,-3.1,-2.9,0,下,-1.24,0.2,断16~60天,31.0,1.0,2.8,-7.8,07-21,下影+10→下影+7,10.03,9.97,42.74,2025-09,2025
600376.SSE,首开股份,2025-09-08,三接四阴,—,阴,-1.12,小阴-3~0,-0.9,-2.7,-3.1,-2.9,0,下,-1.24,0.2,断16~60天,31.0,1.0,2.8,-7.8,07-21,下影+10→下影+7→下影+10,-3.99,10.1,29.79,2025-09,2025
600376.SSE,首开股份,2025-09-16,二接三阳,—,阳,7.05,巨阳≥5,17.6,41.6,59.7,67.4,4,上,27.55,13.72,断1天,1.0,6.0,17.7,0.0,09-10,下影-0→下影+9,1.65,10.04,8.85,2025-09,2025
600376.SSE,首开股份,2025-09-17,三接四阳,—,阳,7.05,巨阳≥5,17.6,41.6,59.7,67.4,4,上,27.55,13.72,断1天,1.0,6.0,17.7,0.0,09-10,下影-0→下影+9→实体+2,2.85,9.95,-1.09,2025-09,2025
600378.SSE,昊华科技,2024-02-08,二接三阳,—,阳,1.97,小阳0~3,-1.8,-3.7,-4.1,-7.7,0,下,0.4,-2.87,60日内无板,,,,,,下影-1→下影+4,9.67,-6.21,-6.21,2024-02,2024
600378.SSE,昊华科技,2026-07-01,二接三阴,—,阴,-8.92,巨阴≤-5,-6.9,-1.9,11.8,25.9,2,下,10.98,14.67,断4~7天,6.0,1.0,7.4,-4.4,06-17,下影-0→下影+5,1.9,-0.9,-0.9,2026-07,2026
600379.SSE,宝光股份,2026-04-30,二接三阴,—,阴,-2.33,小阴-3~0,3.2,4.0,4.8,5.7,4,上,-0.02,1.62,60日内无板,,,,,,下影-1→下影+5,8.2,10.01,6.38,2026-04,2026
600379.SSE,宝光股份,2026-05-06,三接四阴,—,阴,-2.33,小阴-3~0,3.2,4.0,4.8,5.7,4,上,-0.02,1.62,60日内无板,,,,,,下影-1→下影+5→实体+8,8.76,-3.3,-3.3,2026-05,2026
600382.SSE,广东明珠,2024-12-03,二接三阳,—,阳,1.43,小阳0~3,-0.7,-1.7,-0.2,3.3,1,下,0.25,2.3,断4~7天,5.0,1.0,-2.3,-14.4,11-21,实体+1→下影+7,8.91,-1.94,-1.94,2024-12,2024
600382.SSE,广东明珠,2024-12-04,三接四阳,—,阳,1.43,小阳0~3,-0.7,-1.7,-0.2,3.3,1,下,0.25,2.3,断4~7天,5.0,1.0,-2.3,-14.4,11-21,实体+1→下影+7→下影+9,10.04,-18.4,-18.4,2024-12,2024
600383.SSE,金地集团,2024-09-30,二接三阳,—,阳,1.23,小阳0~3,1.3,7.3,11.6,13.9,4,上,4.3,4.29,断16~60天,16.0,1.0,28.4,-3.4,08-30,实体-2→下影+6,10.06,3.84,3.84,2024-09,2024
600383.SSE,金地集团,2024-10-08,三接四阳,—,阳,1.23,小阳0~3,1.3,7.3,11.6,13.9,4,上,4.3,4.29,断16~60天,16.0,1.0,28.4,-3.4,08-30,实体-2→下影+6→下影+10,10.05,-15.12,-15.12,2024-10,2024
600386.SSE,北巴传媒,2024-07-31,二接三阳,—,阳,4.9,大阳3~5,3.5,3.0,7.4,9.8,4,上,4.39,3.02,断8~15天,8.0,1.0,12.4,-8.3,07-16,下影+1→一字+10,10.05,10.07,10.3,2024-07,2024
600386.SSE,北巴传媒,2024-08-01,三接四阳,—,阳,4.9,大阳3~5,3.5,3.0,7.4,9.8,4,上,4.39,3.02,断8~15天,8.0,1.0,12.4,-8.3,07-16,下影+1→一字+10→下影+10,7.26,10.0,0.21,2024-08,2024
600390.SSE,五矿资本,2024-11-06,二接三阴,—,阴,-1.74,小阴-3~0,2.3,5.7,6.1,19.7,4,上,4.04,8.33,断16~60天,17.0,7.0,0.2,-23.4,10-09,下影-2→下影+5,4.38,-10.01,-10.01,2024-11,2024
600392.SSE,盛和资源,2024-02-08,二接三阴,—,阴,-4.96,大阴-5~-3,-8.4,-12.9,-17.1,-20.4,0,下,-5.51,-5.12,60日内无板,,,,,,实体-3→下影+2,8.74,-6.5,-6.5,2024-02,2024
600392.SSE,盛和资源,2024-11-04,二接三阴,—,阴,-2.74,小阴-3~0,1.1,4.2,5.7,12.7,4,上,3.47,5.89,断16~60天,17.0,1.0,12.6,-9.5,09-30,下影+1→下影+2,10.04,-1.09,-1.09,2024-11,2024
600396.SSE,华电辽能,2026-03-19,三接四阴,—,阴,-6.28,巨阴≤-5,-0.1,7.0,13.9,17.8,3,上,9.81,6.3,断4~7天,5.0,1.0,16.7,-4.9,03-06,一字+10→下影+1→一字+10,1.35,10.02,56.06,2026-03,2026
600396.SSE,华电辽能,2026-04-23,二接三阳,—,阳,3.5,大阳3~5,-2.5,-0.4,-3.5,11.6,1,下,-0.64,8.35,断4~7天,4.0,2.0,1.2,-14.1,04-14,下影+0→实体+0,3.91,-6.41,-6.41,2026-04,2026
600396.SSE,华电辽能,2026-05-08,二接三阴,—,阴,-4.89,大阴-5~-3,-1.7,7.9,19.5,22.7,3,上,16.71,5.49,断2~3天,3.0,1.0,7.8,-4.6,04-27,实体+2→实体+0,3.17,3.64,26.06,2026-05,2026
600396.SSE,华电辽能,2026-05-13,二接三阳,—,阳,3.67,大阳3~5,11.7,18.9,38.7,44.1,4,上,20.37,11.08,断1天,1.0,2.0,14.0,1.7,05-07,实体+2→下影+2,0.0,0.48,0.48,2026-05,2026
600397.SSE,江钨装备,2024-12-30,二接三阳,—,阳,3.6,大阳3~5,4.5,3.2,3.6,6.4,4,上,-1.38,1.61,断16~60天,54.0,1.0,30.5,-9.1,10-10,一字+10→下影+10,10.03,9.9,-1.04,2024-12,2024
600397.SSE,江钨装备,2024-12-31,三接四阳,—,阳,3.6,大阳3~5,4.5,3.2,3.6,6.4,4,上,-1.38,1.61,断16~60天,54.0,1.0,30.5,-9.1,10-10,一字+10→下影+10→下影+10,0.0,-9.95,-9.95,2024-12,2024
600397.SSE,江钨装备,2026-02-13,二接三阳,—,阳,2.42,小阳0~3,4.4,8.7,13.1,21.7,4,上,3.79,6.36,断16~60天,22.0,1.0,43.6,-0.7,01-09,下影+1→实体+9,2.03,8.26,24.33,2026-02,2026
600397.SSE,江钨装备,2026-06-18,二接三阴,—,阴,3.06,大阳3~5,5.3,7.7,10.1,7.8,4,上,2.45,-0.04,断16~60天,30.0,1.0,14.9,-12.1,04-29,下影-1→下影+3,0.0,10.0,26.29,2026-06,2026
600397.SSE,江钨装备,2026-06-22,三接四阴,—,阴,3.06,大阳3~5,5.3,7.7,10.1,7.8,4,上,2.45,-0.04,断16~60天,30.0,1.0,14.9,-12.1,04-29,下影-1→下影+3→下影+0,8.81,9.99,14.81,2026-06,2026
600397.SSE,江钨装备,2026-08-06,二接三阴,—,阴,0.56,小阳0~3,-2.3,-7.8,-19.7,-34.4,0,下,-11.18,-18.04,断16~60天,23.0,1.0,-53.4,-59.5,07-01,下影+1→实体+0,7.49,9.0,9.0,2026-08,2026
600397.SSE,江钨装备,2026-08-07,三接四阴,—,阴,0.56,小阳0~3,-2.3,-7.8,-19.7,-34.4,0,下,-11.18,-18.04,断16~60天,23.0,1.0,-53.4,-59.5,07-01,下影+1→实体+0→实体+7,7.28,-3.71,-3.71,2026-08,2026
600400.SSE,红豆股份,2025-09-22,二接三阴,—,阴,-2.48,小阴-3~0,1.2,3.3,6.7,10.5,4,上,4.07,2.92,断8~15天,11.0,1.0,13.9,-6.0,09-02,下影-1→下影+7,9.01,-4.92,-4.92,2025-09,2025
600400.SSE,红豆股份,2025-09-23,三接四阴,—,阴,-2.48,小阴-3~0,1.2,3.3,6.7,10.5,4,上,4.07,2.92,断8~15天,11.0,1.0,13.9,-6.0,09-02,下影-1→下影+7→下影+9,7.65,-4.96,-10.42,2025-09,2025
600403.SSE,大有能源,2025-10-16,二接三阳,—,阳,4.41,大阳3~5,7.9,13.1,17.1,18.4,4,上,5.49,3.36,断1天,1.0,1.0,14.8,-4.6,10-10,下影+0→下影+3,1.65,10.0,51.0,2025-10,2025
600403.SSE,大有能源,2025-10-17,三接四阳,—,阳,4.41,大阳3~5,7.9,13.1,17.1,18.4,4,上,5.49,3.36,断1天,1.0,1.0,14.8,-4.6,10-10,下影+0→下影+3→下影+2,8.33,10.0,37.27,2025-10,2025
600403.SSE,大有能源,2026-06-03,二接三阳,—,阳,0.6,小阳0~3,-0.4,-2.7,-7.1,-8.8,0,下,-4.67,-3.03,断16~60天,59.0,1.0,-29.4,-37.8,03-03,下影+0→下影+10,9.97,9.96,19.76,2026-06,2026
600405.SSE,动力源,2024-11-25,二接三阳,—,阳,3.46,大阳3~5,2.8,0.0,1.4,4.0,4,上,-0.31,0.94,断16~60天,44.0,1.0,29.4,-10.2,09-10,实体-1→下影+10,7.01,-10.07,-10.07,2024-11,2024
600408.SSE,安泰集团,2023-09-18,二接三阳,—,阳,4.47,大阳3~5,2.7,2.1,5.1,5.1,4,上,2.69,0.76,60日内无板,,,,,,下影-1→下影+10,-0.32,-9.94,-9.94,2023-09,2023
600408.SSE,安泰集团,2025-10-20,二接三阴,—,阴,-1.21,小阴-3~0,1.8,6.1,4.5,6.3,4,上,1.32,1.82,断16~60天,49.0,1.0,8.4,-14.9,07-30,下影+0→下影+5,-5.72,-7.34,-7.34,2025-10,2025
600408.SSE,安泰集团,2025-11-05,二接三阳,—,阳,-2.81,小阴-3~0,-3.0,-0.6,11.7,18.0,2,下,10.64,9.46,断2~3天,2.0,2.0,-3.7,-12.7,10-29,实体+1→下影+2,1.06,0.48,0.48,2025-11,2025
600408.SSE,安泰集团,2025-11-13,二接三阳,—,阳,7.29,巨阳≥5,5.1,16.0,30.1,45.1,4,上,17.11,15.33,断2~3天,3.0,3.0,13.5,-7.7,11-05,下影-4→下影-0,7.93,10.02,9.49,2025-11,2025
600408.SSE,安泰集团,2025-11-14,三接四阳,—,阳,7.29,巨阳≥5,5.1,16.0,30.1,45.1,4,上,17.11,15.33,断2~3天,3.0,3.0,13.5,-7.7,11-05,下影-4→下影-0→下影+8,7.56,10.06,-0.48,2025-11,2025
600410.SSE,华胜天成,2024-11-26,三接四阳,—,阳,2.88,小阳0~3,1.3,-2.8,-1.3,1.5,2,下,-0.79,0.87,断16~60天,31.0,2.0,12.1,-11.8,10-08,下影-0→下影+7→一字+10,9.99,10.04,32.86,2024-11,2024
600418.SSE,江淮汽车,2023-10-30,三接四阳,—,阳,3.33,大阳3~5,2.1,2.5,6.6,7.9,4,上,3.82,2.05,断8~15天,11.0,1.0,13.7,-3.1,10-09,实体+1→下影+7→一字+10,9.98,-17.05,-17.05,2023-10,2023
600418.SSE,江淮汽车,2024-10-09,二接三阳,—,阳,0.88,小阳0~3,2.6,3.3,5.8,8.3,4,上,0.06,3.05,断16~60天,35.0,1.0,23.7,-11.1,08-07,实体+5→下影+10,-1.96,-4.78,-4.78,2024-10,2024
600429.SSE,三元股份,2025-11-13,三接四阳,—,阳,-0.4,小阴-3~0,0.0,1.1,2.2,3.5,4,上,1.19,1.38,60日内无板,,,,,,下影+1→一字+10→一字+10,9.97,-10.03,-10.03,2025-11,2025
600435.SSE,北方导航,2026-01-08,二接三阳,—,阳,6.23,巨阳≥5,6.9,10.5,13.8,15.5,4,上,5.29,2.84,60日内无板,,,,,,下影-2→下影+8,0.91,-5.14,-5.14,2026-01,2026
600444.SSE,国机通用,2023-12-06,二接三阳,—,阳,0.64,小阳0~3,-0.7,-0.6,-0.2,0.9,1,下,0.32,0.56,60日内无板,,,,,,实体+0→一字+10,0.59,-4.43,-4.43,2023-12,2023
600444.SSE,国机通用,2023-12-07,三接四阳,—,阳,0.64,小阳0~3,-0.7,-0.6,-0.2,0.9,1,下,0.32,0.56,60日内无板,,,,,,实体+0→一字+10→下影+1,8.97,-21.81,-21.81,2023-12,2023
600444.SSE,国机通用,2025-07-22,二接三阳,—,阳,1.58,小阳0~3,1.0,2.6,4.6,5.1,4,上,1.99,1.39,60日内无板,,,,,,下影-0→下影+10,7.3,-16.64,-16.64,2025-07,2025
600446.SSE,金证股份,2024-10-08,二接三阳,—,阳,4.4,大阳3~5,8.1,13.8,17.0,18.7,4,上,5.24,3.72,断2~3天,2.0,1.0,15.8,-1.2,09-24,下影+4→一字+10,10.01,-2.9,-2.9,2024-10,2024
600448.SSE,华纺股份,2025-05-08,二接三阳,—,阳,1.52,小阳0~3,0.5,-1.4,0.2,-2.0,2,下,0.3,-1.31,断8~15天,9.0,1.0,-0.3,-13.2,04-17,下影+2→下影+10,3.08,10.06,14.53,2025-05,2025
600448.SSE,华纺股份,2025-05-09,三接四阳,A1,阳,1.52,小阳0~3,0.5,-1.4,0.2,-2.0,2,下,0.3,-1.31,断8~15天,9.0,1.0,-0.3,-13.2,04-17,下影+2→下影+10→下影+3,10.06,4.06,4.06,2025-05,2025
600460.SSE,士兰微,2024-10-09,二接三阳,—,阳,5.76,巨阳≥5,8.6,12.0,11.8,10.8,4,上,1.43,1.1,断16~60天,48.0,1.0,12.4,-14.6,07-19,下影+5→一字+10,9.93,-3.58,-3.58,2024-10,2024
600463.SSE,空港股份,2024-07-31,二接三阳,—,阳,0.7,小阳0~3,-0.6,-0.5,-4.1,-5.7,0,下,-2.63,-1.26,断16~60天,49.0,1.0,-23.3,-32.0,05-17,下影+1→下影+6,0.12,-3.77,-3.77,2024-07,2024
600463.SSE,空港股份,2024-09-18,二接三阳,—,阳,0.37,小阳0~3,-0.6,0.2,-1.2,-4.1,1,上,-0.1,-1.65,断16~60天,31.0,2.0,2.3,-13.6,07-30,下影+1→实体+1,-6.95,-11.15,-11.15,2024-09,2024
600463.SSE,空港股份,2025-05-22,三接四阳,—,阳,-0.1,小阴-3~0,-0.1,0.1,6.5,8.2,3,上,6.91,3.22,断8~15天,9.0,1.0,15.3,-1.8,04-30,下影+6→下影+2→一字+10,3.53,-18.06,-18.06,2025-05,2025
600468.SSE,百利电气,2025-05-20,二接三阴,—,阴,-0.65,小阴-3~0,-0.7,0.7,3.9,3.2,3,上,4.41,2.2,断16~60天,32.0,2.0,-5.6,-30.3,03-26,实体+2→下影+6,9.57,-1.31,-1.31,2025-05,2025
600468.SSE,百利电气,2025-05-21,三接四阴,—,阴,-0.65,小阴-3~0,-0.7,0.7,3.9,3.2,3,上,4.41,2.2,断16~60天,32.0,2.0,-5.6,-30.3,03-26,实体+2→下影+6→下影+10,6.73,-19.25,-19.25,2025-05,2025
600468.SSE,百利电气,2025-06-04,二接三阳,—,阳,-1.7,小阴-3~0,3.5,8.2,22.1,30.0,4,上,15.05,10.16,断2~3天,2.0,2.0,7.0,-6.9,05-27,下影-4→下影-0,9.99,-14.74,-14.74,2025-06,2025
600468.SSE,百利电气,2025-06-10,二接三阳,—,阳,-7.07,巨阴≤-5,0.1,9.7,24.3,36.0,4,上,15.49,13.84,断2~3天,2.0,2.0,3.1,-8.2,06-03,下影-3→下影+0,-3.31,-9.87,-9.87,2025-06,2025
600470.SSE,六国化工,2024-11-22,三接四阴,—,阴,-1.42,小阴-3~0,-2.8,-3.7,-2.4,-0.0,1,下,0.4,2.45,60日内无板,,,,,,实体+1→下影+5→一字+10,7.55,9.94,-0.98,2024-11,2024
600475.SSE,华光环能,2025-07-07,二接三阴,—,阴,-0.86,小阴-3~0,-0.6,-2.1,-2.3,-1.8,0,下,-1.62,-0.2,断8~15天,11.0,1.0,-0.4,-10.3,06-17,下影+0→下影+0,3.42,9.98,19.74,2025-07,2025
600475.SSE,华光环能,2025-07-08,三接四阴,—,阴,-0.86,小阴-3~0,-0.6,-2.1,-2.3,-1.8,0,下,-1.62,-0.2,断8~15天,11.0,1.0,-0.4,-10.3,06-17,下影+0→下影+0→下影+3,3.54,9.99,8.88,2025-07,2025
600475.SSE,华光环能,2025-08-07,二接三阴,—,阴,0.21,小阳0~3,0.7,0.2,-4.5,4.7,3,上,-2.2,4.54,断16~60天,17.0,6.0,-13.5,-24.1,07-10,下影+0→实体+1,2.8,10.02,18.8,2025-08,2025
600475.SSE,华光环能,2025-08-08,三接四阴,—,阴,0.21,小阳0~3,0.7,0.2,-4.5,4.7,3,上,-2.2,4.54,断16~60天,17.0,6.0,-13.5,-24.1,07-10,下影+0→实体+1→下影+3,6.44,7.98,7.98,2025-08,2025
600477.SSE,杭萧钢构,2026-01-13,三接四阳,A1,阳,2.41,小阳0~3,2.1,5.3,8.3,7.7,4,上,5.1,1.29,断4~7天,5.0,1.0,10.5,-5.7,12-29,一字+10→一字+10→一字+10,10.1,2.06,2.06,2026-01,2026
600479.SSE,千金药业,2026-08-28,二接三阳,—,阳,2.24,小阳0~3,1.1,0.9,1.6,2.0,4,上,0.44,0.93,60日内无板,,,,,,实体+10→下影+9,-2.64,-8.85,-8.85,2026-08,2026
600481.SSE,双良节能,2024-10-30,三接四阴,—,阴,-3.87,大阴-5~-3,0.1,2.0,4.5,9.9,4,上,-1.86,5.28,断8~15天,13.0,1.0,6.3,-10.8,09-30,实体+0→下影+10→一字+10,-5.04,10.08,17.71,2024-10,2024
600488.SSE,津药药业,2026-03-31,二接三阳,—,阳,-0.51,小阴-3~0,1.0,-2.6,-4.0,-5.1,1,下,-3.41,-1.87,60日内无板,,,,,,下影+0→实体+0,4.83,9.92,40.46,2026-03,2026
600488.SSE,津药药业,2026-04-01,三接四阳,A1,阳,-0.51,小阴-3~0,1.0,-2.6,-4.0,-5.1,1,下,-3.41,-1.87,60日内无板,,,,,,下影+0→实体+0→下影+5,9.92,10.07,27.78,2026-04,2026
600498.SSE,烽火通信,2026-03-02,二接三阴,—,阴,-3.27,大阴-5~-3,-0.1,1.2,4.0,4.3,3,上,2.91,0.85,断16~60天,17.0,1.0,12.1,-10.1,01-23,实体+1→实体-3,6.69,-1.02,-1.02,2026-03,2026
600500.SSE,中化国际,2026-06-12,三接四阴,—,阴,-5.09,巨阴≤-5,-6.9,-4.7,-6.5,0.4,1,下,-2.04,4.25,断4~7天,4.0,1.0,-5.1,-15.9,06-02,实体+8→一字+10→一字+10,9.57,3.91,3.91,2026-06,2026
600501.SSE,航天晨光,2024-05-30,二接三阳,—,阳,-1.43,小阴-3~0,-2.1,-4.0,-3.8,-2.0,0,下,-1.61,0.71,断16~60天,21.0,1.0,3.5,-8.4,04-23,下影+0→下影+10,-1.06,10.02,5.97,2024-05,2024
600501.SSE,航天晨光,2024-05-31,三接四阳,—,阳,-1.43,小阴-3~0,-2.1,-4.0,-3.8,-2.0,0,下,-1.61,0.71,断16~60天,21.0,1.0,3.5,-8.4,04-23,下影+0→下影+10→下影-1,4.37,-3.68,-3.68,2024-05,2024
600501.SSE,航天晨光,2024-07-30,二接三阳,—,阳,6.63,巨阳≥5,5.5,7.3,3.1,-0.1,3,上,-3.58,-1.25,断16~60天,38.0,4.0,-16.3,-34.0,05-31,下影-0→一字+10,7.17,9.98,29.76,2024-07,2024
600501.SSE,航天晨光,2024-07-31,三接四阳,—,阳,6.63,巨阳≥5,5.5,7.3,3.1,-0.1,3,上,-3.58,-1.25,断16~60天,38.0,4.0,-16.3,-34.0,05-31,下影-0→一字+10→下影+7,9.0,10.02,17.99,2024-07,2024
600502.SSE,安徽建工,2026-04-01,二接三阴,—,阴,-1.69,小阴-3~0,0.1,-2.1,-3.1,-2.8,1,下,-2.98,-0.63,60日内无板,,,,,,下影+9→下影+6,7.1,-8.89,-8.89,2026-04,2026
600503.SSE,华丽家族,2024-12-12,二接三阴,—,阴,-8.91,巨阴≤-5,3.7,15.6,23.0,24.5,4,上,13.91,4.61,断1天,1.0,3.0,0.3,-9.8,12-06,下影+10→下影+5,4.17,-19.91,-19.91,2024-12,2024
600505.SSE,西昌电力,2024-05-14,二接三阴,—,阴,4.11,大阳3~5,12.0,22.9,25.8,25.6,4,上,12.84,2.38,断1天,1.0,1.0,14.5,0.3,05-08,实体-3→下影+10,-3.66,-9.99,-9.99,2024-05,2024
600505.SSE,西昌电力,2025-04-28,二接三阳,—,阳,5.0,巨阳≥5,8.3,17.2,26.6,31.3,4,上,12.51,6.88,断2~3天,2.0,1.0,16.8,-9.0,04-21,下影-3→下影+9,5.99,-18.15,-18.15,2025-04,2025
600506.SSE,统一股份,2023-11-13,二接三阴,—,阴,-1.04,小阴-3~0,-0.7,-0.4,1.1,1.3,2,下,2.39,0.38,60日内无板,,,,,,下影-0→下影+3,9.82,-12.89,-12.89,2023-11,2023
600506.SSE,统一股份,2023-11-17,二接三阳,—,阳,1.51,小阳0~3,3.3,8.6,13.5,14.7,4,上,6.41,3.26,断2~3天,2.0,2.0,5.4,-6.9,11-10,下影-2→下影+1,1.5,10.0,-0.43,2023-11,2023
600506.SSE,统一股份,2023-11-20,三接四阳,—,阳,1.51,小阳0~3,3.3,8.6,13.5,14.7,4,上,6.41,3.26,断2~3天,2.0,2.0,5.4,-6.9,11-10,下影-2→下影+1→下影+2,1.24,-9.49,-9.49,2023-11,2023
600506.SSE,统一股份,2023-12-29,二接三阳,—,阳,2.55,小阳0~3,1.0,0.2,-0.7,-4.5,2,上,-1.2,-2.99,断16~60天,24.0,1.0,-14.7,-26.9,11-22,下影+0→下影+6,4.17,-10.01,-10.01,2023-12,2023
600506.SSE,统一股份,2024-12-13,二接三阳,—,阳,7.38,巨阳≥5,1.7,10.2,15.8,20.8,4,上,6.63,6.8,断2~3天,3.0,2.0,4.6,-12.8,12-05,下影-3→下影-2,3.98,-12.28,-12.28,2024-12,2024
600508.SSE,上海能源,2026-08-26,二接三阳,—,阳,2.05,小阳0~3,2.2,2.7,3.9,4.7,4,上,1.15,0.88,60日内无板,,,,,,实体+2→实体+7,-4.78,-1.67,-1.67,2026-08,2026
600513.SSE,联环药业,2023-11-27,二接三阳,—,阳,0.28,小阳0~3,1.0,1.7,3.8,6.4,4,上,1.24,3.03,60日内无板,,,,,,下影+1→实体+4,10.01,-15.69,-15.69,2023-11,2023
600513.SSE,联环药业,2024-11-08,二接三阳,—,阳,0.31,小阳0~3,2.0,2.9,5.4,8.1,4,上,2.91,1.39,60日内无板,,,,,,下影+1→下影+0,9.97,-13.45,-13.45,2024-11,2024
600513.SSE,联环药业,2025-07-14,二接三阴,—,阴,-5.35,巨阴≤-5,5.4,13.3,19.6,22.0,4,上,10.74,4.65,断1天,1.0,2.0,4.1,-6.2,07-08,实体+0→下影+5,0.53,-10.01,-10.01,2025-07,2025
600518.SSE,康美药业,2024-11-11,二接三阳,—,阳,1.43,小阳0~3,4.2,5.1,9.5,11.3,4,上,5.03,1.12,60日内无板,,,,,,下影-1→下影+10,4.67,-6.01,-6.01,2024-11,2024
600520.SSE,三佳科技,2023-10-19,二接三阴,—,阴,-1.98,小阴-3~0,-1.5,-0.4,-1.7,-0.1,0,下,1.07,0.75,断16~60天,18.0,1.0,2.6,-12.5,09-12,实体+1→实体+10,0.0,10.01,25.26,2023-10,2023
600520.SSE,三佳科技,2023-10-20,三接四阴,—,阴,-1.98,小阴-3~0,-1.5,-0.4,-1.7,-0.1,0,下,1.07,0.75,断16~60天,18.0,1.0,2.6,-12.5,09-12,实体+1→实体+10→下影+0,10.01,9.98,13.86,2023-10,2023
600520.SSE,三佳科技,2023-11-08,二接三阳,—,阳,4.35,大阳3~5,1.2,4.8,23.4,35.0,4,上,15.69,13.82,断2~3天,2.0,1.0,3.4,-16.4,11-01,下影+3→下影+5,-3.94,-0.1,-0.1,2023-11,2023
600520.SSE,三佳科技,2024-10-28,二接三阴,—,阴,3.08,大阳3~5,14.1,39.5,71.8,86.8,4,上,42.17,22.51,断1天,1.0,6.0,13.4,-3.3,10-22,实体+1→下影+10,9.26,-2.02,-2.02,2024-10,2024
600527.SSE,江南高纤,2024-11-01,二接三阴,—,阴,-2.76,小阴-3~0,2.1,5.3,6.0,12.5,4,上,1.21,5.4,断8~15天,15.0,1.0,3.7,-16.0,10-08,下影-1→一字+10,9.86,-15.81,-15.81,2024-11,2024
600527.SSE,江南高纤,2024-12-11,三接四阳,—,阳,2.17,小阳0~3,-1.7,4.3,10.0,12.5,3,上,9.95,3.34,断2~3天,3.0,1.0,2.4,-11.9,12-02,下影+0→一字+10→一字+10,9.87,-8.7,-8.7,2024-12,2024
600531.SSE,豫光金铅,2026-01-27,二接三阳,—,阳,1.99,小阳0~3,6.1,10.0,17.7,24.4,4,上,7.5,6.91,60日内无板,,,,,,下影+5→一字+10,7.3,10.0,8.88,2026-01,2026
600531.SSE,豫光金铅,2026-01-28,三接四阳,—,阳,1.99,小阳0~3,6.1,10.0,17.7,24.4,4,上,7.5,6.91,60日内无板,,,,,,下影+5→一字+10→下影+7,6.15,9.98,-1.02,2026-01,2026
600539.SSE,狮头股份,2025-01-16,二接三阳,—,阳,0.46,小阳0~3,-1.7,-1.9,-5.3,-8.0,0,下,-2.33,-3.07,断16~60天,55.0,1.0,29.8,-2.7,10-25,实体+0→一字+10,9.24,9.99,-1.02,2025-01,2025
600539.SSE,狮头股份,2025-03-13,三接四阳,—,阳,7.98,巨阳≥5,9.3,16.8,26.4,34.2,4,上,13.53,7.67,断4~7天,5.0,1.0,26.5,-5.6,02-14,一字+10→一字+10→一字+10,10.0,-9.97,-9.97,2025-03,2025
600540.SSE,新赛股份,2023-09-04,二接三阴,—,阴,-0.74,小阴-3~0,0.1,2.5,2.8,2.8,4,上,1.88,0.65,断16~60天,35.0,1.0,13.6,-4.8,07-12,下影-1→下影+7,9.95,-14.35,-14.35,2023-09,2023
600540.SSE,新赛股份,2026-09-01,三接四阳,—,阳,1.46,小阳0~3,2.5,2.9,5.8,11.8,4,上,1.28,4.72,断16~60天,17.0,1.0,19.8,-2.9,08-03,一字+10→一字+10→一字+10,9.89,9.97,-0.98,2026-09,2026
600545.SSE,卓郎智能,2023-09-28,二接三阳,—,阳,0.39,小阳0~3,1.5,1.4,1.6,2.9,4,上,-0.08,1.33,60日内无板,,,,,,实体-0→一字+10,10.03,-7.94,-7.94,2023-09,2023
600545.SSE,卓郎智能,2024-12-09,二接三阳,—,阳,-0.84,小阴-3~0,3.7,8.8,11.3,13.8,4,上,7.48,2.46,断4~7天,6.0,1.0,18.2,-6.4,11-26,下影-1→下影+7,-0.35,5.08,22.22,2024-12,2024
600545.SSE,卓郎智能,2024-12-12,二接三阳,—,阳,5.24,巨阳≥5,13.9,24.3,36.2,38.9,4,上,15.84,5.14,断1天,1.0,2.0,15.7,-6.6,12-06,下影-1→下影-7,0.0,-3.75,-3.75,2024-12,2024
600545.SSE,卓郎智能,2024-12-13,三接四阳,—,阳,5.24,巨阳≥5,13.9,24.3,36.2,38.9,4,上,15.84,5.14,断1天,1.0,2.0,15.7,-6.6,12-06,下影-1→下影-7→下影+0,2.5,-21.14,-21.14,2024-12,2024
600545.SSE,卓郎智能,2026-03-06,二接三阴,—,阴,-6.87,巨阴≤-5,-6.5,-1.5,9.3,11.7,2,下,14.0,6.21,断4~7天,4.0,1.0,1.5,-8.3,02-25,下影-2→一字+10,6.1,-6.27,-6.27,2026-03,2026
600550.SSE,保变电气,2024-09-04,二接三阳,—,阳,0.68,小阳0~3,1.8,0.2,-4.6,-5.0,2,上,-4.34,-2.68,断16~60天,54.0,1.0,-4.1,-17.1,06-17,一字+10→下影+10,10.06,-2.37,-2.37,2024-09,2024
600550.SSE,保变电气,2024-09-05,三接四阳,—,阳,0.68,小阳0~3,1.8,0.2,-4.6,-5.0,2,上,-4.34,-2.68,断16~60天,54.0,1.0,-4.1,-17.1,06-17,一字+10→下影+10→下影+10,9.98,-7.38,-7.38,2024-09,2024
600550.SSE,保变电气,2024-09-13,二接三阴,—,阴,-3.32,大阴-5~-3,4.2,18.3,28.8,28.9,4,上,19.01,6.38,断1天,1.0,1.0,6.3,-9.7,09-09,下影-6→下影-1,-0.78,7.99,7.99,2024-09,2024
600550.SSE,保变电气,2024-09-18,三接四阴,—,阴,-3.32,大阴-5~-3,4.2,18.3,28.8,28.9,4,上,19.01,6.38,断1天,1.0,1.0,6.3,-9.7,09-09,下影-6→下影-1→下影-1,2.82,8.01,17.63,2024-09,2024
600550.SSE,保变电气,2024-09-23,二接三阳,—,阳,7.99,巨阳≥5,18.2,34.0,62.4,70.6,4,上,31.94,15.66,断1天,1.0,3.0,18.8,-10.0,09-13,实体-9→一字+10,5.04,-9.98,-9.98,2024-09,2024
600550.SSE,保变电气,2024-09-24,三接四阳,—,阳,7.99,巨阳≥5,18.2,34.0,62.4,70.6,4,上,31.94,15.66,断1天,1.0,3.0,18.8,-10.0,09-13,实体-9→一字+10→下影+5,3.84,-26.32,-26.32,2024-09,2024
600550.SSE,保变电气,2025-05-21,二接三阳,—,阳,2.24,小阳0~3,0.3,-0.0,0.5,-1.3,3,上,1.15,-0.7,断16~60天,22.0,1.0,3.8,-10.0,04-11,实体+3→下影+4,9.88,-13.33,-13.33,2025-05,2025
600551.SSE,时代出版,2026-09-01,二接三阴,—,阴,-1.59,小阴-3~0,-0.7,-1.2,-1.7,-0.9,0,下,-0.4,0.37,60日内无板,,,,,,实体+5→下影-5,5.82,-5.07,-5.07,2026-09,2026
600552.SSE,凯盛科技,2024-09-02,二接三阴,—,阴,-5.3,巨阴≤-5,0.5,5.3,10.5,13.8,4,上,6.03,4.76,断2~3天,2.0,1.0,4.5,-6.9,08-26,实体-3→下影+3,5.0,8.88,0.34,2024-09,2024
600556.SSE,天下秀,2025-01-16,二接三阳,—,阳,-0.83,小阴-3~0,-2.6,-4.6,-16.3,-19.0,0,下,-7.71,-7.24,断16~60天,19.0,2.0,-36.3,-44.3,12-16,实体+9→一字+10,10.07,5.68,5.68,2025-01,2025
600556.SSE,天下秀,2025-01-17,三接四阳,—,阳,-0.83,小阴-3~0,-2.6,-4.6,-16.3,-19.0,0,下,-7.71,-7.24,断16~60天,19.0,2.0,-36.3,-44.3,12-16,实体+9→一字+10→下影+10,0.16,-13.49,-13.49,2025-01,2025
600560.SSE,金自天正,2023-06-01,二接三阳,—,阳,0.77,小阳0~3,1.9,1.3,5.3,9.4,4,上,0.69,4.67,60日内无板,,,,,,下影-1→一字+10,10.03,-9.98,-9.98,2023-06,2023
600560.SSE,金自天正,2023-12-12,二接三阳,—,阳,2.79,小阳0~3,3.3,4.8,6.1,7.7,4,上,1.61,1.39,断16~60天,44.0,1.0,8.3,-20.3,09-28,实体-1→下影+2,3.82,-5.77,-5.77,2023-12,2023
600560.SSE,金自天正,2024-03-08,二接三阴,—,阴,-4.24,大阴-5~-3,-1.7,-3.1,4.6,8.0,2,下,4.45,4.22,断8~15天,15.0,1.0,21.3,-14.9,02-05,实体-0→下影+8,3.17,-13.41,-13.41,2024-03,2024
600561.SSE,江西长运,2024-08-05,二接三阴,—,阴,-3.81,大阴-5~-3,-2.5,1.5,11.9,17.6,3,上,9.55,7.72,断4~7天,4.0,1.0,11.9,-4.9,07-25,实体-5→下影+1,-4.48,-10.02,-10.02,2024-08,2024
600570.SSE,恒生电子,2024-10-09,三接四阳,—,阳,5.59,巨阳≥5,8.1,12.3,15.0,16.1,4,上,4.2,3.01,60日内无板,,,,,,下影+6→一字+10→一字+10,10.02,-8.02,-8.02,2024-10,2024
600571.SSE,信雅达,2025-04-23,二接三阴,—,阴,-1.95,小阴-3~0,-3.5,-3.3,-5.3,-2.3,0,下,-4.65,1.72,断8~15天,11.0,1.0,-12.0,-29.4,04-02,下影+0→下影+9,4.76,-17.19,-17.19,2025-04,2025
600577.SSE,精达股份,2024-03-26,二接三阳,—,阳,0.0,小阳0~3,0.6,3.1,6.2,9.8,4,上,3.81,2.9,60日内无板,,,,,,下影-0→下影+8,2.18,-12.45,-12.45,2024-03,2024
600578.SSE,京能电力,2026-05-15,二接三阳,—,阳,1.54,小阳0~3,2.5,3.5,1.2,1.0,4,上,-2.75,0.2,60日内无板,,,,,,下影+4→下影+10,2.04,9.99,17.97,2026-05,2026
600578.SSE,京能电力,2026-05-18,三接四阳,—,阳,1.54,小阳0~3,2.5,3.5,1.2,1.0,4,上,-2.75,0.2,60日内无板,,,,,,下影+4→下影+10→下影+2,3.14,7.26,7.26,2026-05,2026
600579.SSE,中化装备,2023-12-15,二接三阳,—,阳,3.3,大阳3~5,2.1,1.9,1.4,2.5,4,上,-0.86,0.52,60日内无板,,,,,,下影+1→一字+10,10.0,-9.99,-9.99,2023-12,2023
600579.SSE,中化装备,2024-02-23,三接四阳,—,阳,3.98,大阳3~5,-4.4,-8.7,-15.9,-20.5,0,下,-8.2,-6.67,断4~7天,4.0,1.0,-2.4,-19.0,02-05,实体+1→一字+10→一字+10,10.06,10.05,14.88,2024-02,2024
600579.SSE,中化装备,2024-10-28,二接三阴,—,阴,0.0,小阳0~3,2.2,2.5,4.9,9.5,4,上,-0.05,3.62,断16~60天,52.0,1.0,17.5,-14.8,08-01,实体+0→下影+9,8.11,-0.98,-0.98,2024-10,2024
600579.SSE,中化装备,2024-10-29,三接四阴,—,阴,0.0,小阳0~3,2.2,2.5,4.9,9.5,4,上,-0.05,3.62,断16~60天,52.0,1.0,17.5,-14.8,08-01,实体+0→下影+9→下影+8,9.95,-7.71,-7.71,2024-10,2024
600579.SSE,中化装备,2024-12-20,二接三阴,—,阴,0.12,小阳0~3,4.7,6.5,11.8,12.3,4,上,4.66,2.71,断1天,1.0,1.0,10.1,-5.7,12-16,下影+5→下影+9,0.7,9.98,16.03,2024-12,2024
600579.SSE,中化装备,2024-12-23,三接四阴,—,阴,0.12,小阳0~3,4.7,6.5,11.8,12.3,4,上,4.66,2.71,断1天,1.0,1.0,10.1,-5.7,12-16,下影+5→下影+9→下影+1,-9.98,9.99,5.5,2024-12,2024
600579.SSE,中化装备,2025-01-23,二接三阳,—,阳,1.57,小阳0~3,-0.9,-3.8,-19.1,-13.6,0,下,-16.42,-1.8,断4~7天,4.0,1.0,6.7,-6.8,01-14,下影+3→下影+6,0.1,-17.31,-17.31,2025-01,2025
600579.SSE,中化装备,2025-07-31,二接三阴,—,阴,0.97,小阳0~3,2.3,3.6,6.7,7.7,4,上,2.44,1.94,60日内无板,,,,,,一字+10→一字+10,9.98,-9.97,-9.97,2025-07,2025
600589.SSE,大位科技,2024-09-23,二接三阴,B1,阴,-2.76,小阴-3~0,-3.1,-5.8,-8.9,-12.8,0,下,-4.15,-4.6,60日内无板,,,,,,实体+0→下影+6,-1.57,9.96,7.83,2024-09,2024
600589.SSE,大位科技,2024-09-24,三接四阴,—,阴,-2.76,小阴-3~0,-3.1,-5.8,-8.9,-12.8,0,下,-4.15,-4.6,60日内无板,,,,,,实体+0→下影+6→下影-2,2.85,-1.94,-1.94,2024-09,2024
600589.SSE,大位科技,2024-12-02,二接三阳,—,阳,0.0,小阳0~3,0.7,3.1,2.4,8.2,4,上,-0.93,1.93,断16~60天,22.0,1.0,14.3,-7.6,10-28,实体+3→下影+3,3.29,-2.66,-2.66,2024-12,2024
600589.SSE,大位科技,2024-12-03,三接四阳,—,阳,0.0,小阳0~3,0.7,3.1,2.4,8.2,4,上,-0.93,1.93,断16~60天,22.0,1.0,14.3,-7.6,10-28,实体+3→下影+3→实体+3,7.48,-20.39,-20.39,2024-12,2024
600590.SSE,泰豪科技,2024-12-27,二接三阴,—,阴,-3.82,大阴-5~-3,-4.3,-5.8,-6.7,-5.8,0,下,-2.32,-0.02,断16~60天,47.0,1.0,2.2,-9.6,10-18,实体+1→下影+0,8.72,-10.01,-10.01,2024-12,2024
600590.SSE,泰豪科技,2025-02-21,二接三阴,—,阴,2.28,小阳0~3,8.2,17.3,22.9,23.8,4,上,10.4,4.68,断1天,1.0,1.0,12.5,1.3,02-17,下影+5→实体+3,10.0,10.05,7.42,2025-02,2025
600592.SSE,龙溪股份,2023-11-08,三接四阳,—,阳,1.34,小阳0~3,1.1,3.9,7.3,7.3,4,上,5.89,1.56,60日内无板,,,,,,一字+10→一字+10→一字+10,10.04,-10.03,-10.03,2023-11,2023
600592.SSE,龙溪股份,2025-03-06,二接三阴,—,阴,-2.57,小阴-3~0,-1.7,6.5,16.5,22.3,3,上,13.37,8.06,断2~3天,2.0,2.0,-1.6,-14.7,02-27,下影-0→下影+7,10.03,4.69,4.69,2025-03,2025
600592.SSE,龙溪股份,2025-05-07,二接三阳,—,阳,4.29,大阳3~5,5.0,11.8,15.5,11.8,4,上,8.24,-0.02,断4~7天,4.0,1.0,19.2,0.3,04-23,下影-2→下影+3,5.35,6.81,6.81,2025-05,2025
600593.SSE,大连圣亚,2023-12-04,二接三阳,—,阳,0.12,小阳0~3,0.6,1.9,2.5,4.0,4,上,1.35,0.94,60日内无板,,,,,,下影-0→下影+10,0.0,-3.48,-3.48,2023-12,2023
600593.SSE,大连圣亚,2024-01-08,三接四阳,—,阳,4.73,大阳3~5,6.4,6.5,3.3,6.9,4,上,-0.47,0.5,断16~60天,21.0,2.0,9.7,-10.9,12-01,下影+1→下影+9→一字+10,9.05,10.02,3.15,2024-01,2024
600593.SSE,大连圣亚,2024-03-07,二接三阳,—,阳,3.71,大阳3~5,2.5,2.8,2.2,-13.0,3,上,6.1,-7.63,断8~15天,10.0,1.0,20.0,-3.0,02-19,下影-1→下影+1,1.46,-9.98,-9.98,2024-03,2024
600593.SSE,大连圣亚,2024-11-08,二接三阳,—,阳,1.75,小阳0~3,7.0,11.3,19.0,22.4,4,上,8.38,3.65,60日内无板,,,,,,下影+0→下影+0,8.08,-8.37,-8.37,2024-11,2024
600593.SSE,大连圣亚,2024-11-27,二接三阳,—,阳,-0.82,小阴-3~0,-3.4,-1.7,9.5,20.7,2,下,6.98,10.42,断8~15天,11.0,2.0,11.8,-3.3,11-07,实体-2→下影-2,-0.98,-8.02,-8.02,2024-11,2024
600593.SSE,大连圣亚,2024-12-16,二接三阳,—,阳,1.59,小阳0~3,1.6,10.9,24.3,36.0,4,上,15.89,10.87,断4~7天,4.0,1.0,17.4,-4.0,12-05,下影+1→下影+0,2.29,-10.0,-10.0,2024-12,2024
600598.SSE,北大荒,2025-04-09,二接三阳,—,阳,2.3,小阳0~3,1.8,1.8,2.3,2.2,4,上,0.44,0.15,60日内无板,,,,,,下影+10→下影+2,6.84,-0.16,-0.16,2025-04,2025
600601.SSE,方正科技,2024-12-02,二接三阳,—,阳,2.41,小阳0~3,3.4,2.2,-2.3,-3.1,2,上,-5.78,-2.1,断16~60天,32.0,1.0,19.9,-5.1,10-14,实体+3→下影-3,6.26,-11.39,-11.39,2024-12,2024
600602.SSE,云赛智联,2024-10-09,二接三阳,—,阳,8.88,巨阳≥5,9.2,15.4,21.1,22.4,4,上,8.15,4.22,60日内无板,,,,,,下影+5→下影+10,0.21,-9.82,-9.82,2024-10,2024
600602.SSE,云赛智联,2025-02-18,二接三阴,—,阴,-1.25,小阴-3~0,1.8,11.0,21.1,20.8,4,上,13.84,5.52,断4~7天,6.0,1.0,28.3,0.3,02-05,下影+2→下影+10,1.33,-0.95,-0.95,2025-02,2025
600602.SSE,云赛智联,2025-02-25,二接三阳,—,阳,-4.09,大阴-5~-3,1.6,13.6,32.8,41.6,4,上,23.63,15.35,断2~3天,2.0,3.0,4.5,-6.6,02-18,下影+2→一字+10,-2.66,-6.36,-6.36,2025-02,2025
600604.SSE,市北高新,2024-10-29,二接三阳,—,阳,0.95,小阳0~3,1.0,1.5,2.6,8.2,4,上,-2.12,4.23,断16~60天,55.0,1.0,14.9,-18.1,07-30,下影+3→下影+7,4.45,-8.08,-8.08,2024-10,2024
600604.SSE,市北高新,2025-07-15,二接三阳,—,阳,2.79,小阳0~3,2.5,2.5,4.2,7.3,4,上,-0.08,2.48,断8~15天,11.0,1.0,6.8,-7.7,06-25,一字+10→一字+10,4.0,4.8,4.8,2025-07,2025
600605.SSE,汇通能源,2024-02-21,二接三阳,—,阳,9.35,巨阳≥5,-4.9,-21.0,-32.7,-37.4,0,下,-18.54,-11.17,断16~60天,52.0,1.0,-34.0,-46.8,11-27,下影+4→下影+5,6.51,2.65,2.65,2024-02,2024
600606.SSE,绿地控股,2024-10-08,三接四阳,—,阳,4.0,大阳3~5,5.1,9.6,11.6,11.9,4,上,3.72,2.31,60日内无板,,,,,,下影-1→一字+10→一字+10,10.1,-10.04,-10.04,2024-10,2024
600606.SSE,绿地控股,2025-07-14,二接三阳,—,阳,0.58,小阳0~3,2.6,4.1,4.9,3.8,4,上,2.16,-0.33,60日内无板,,,,,,实体+1→一字+10,10.1,-0.44,-0.44,2025-07,2025
600610.SSE,中毅达,2023-12-21,二接三阴,—,阴,-4.83,大阴-5~-3,2.1,5.3,4.0,2.0,4,上,1.88,-1.62,断2~3天,2.0,1.0,8.9,-3.4,12-14,下影-1→下影+2,-1.77,-19.86,-19.86,2023-12,2023
600610.SSE,中毅达,2025-03-12,二接三阴,—,阴,-0.98,小阴-3~0,-0.5,-1.4,-2.9,-3.3,0,下,-1.73,-0.12,60日内无板,,,,,,实体+0→下影+5,5.95,-0.56,-0.56,2025-03,2025
600610.SSE,中毅达,2025-03-19,二接三阳,—,阳,1.88,小阳0~3,8.1,19.7,24.9,26.8,4,上,11.06,4.8,断2~3天,3.0,2.0,22.6,-3.7,03-11,下影-3→下影+10,1.52,1.24,1.24,2025-03,2025
600610.SSE,中毅达,2025-03-26,二接三阳,—,阳,8.74,巨阳≥5,13.8,32.4,57.7,66.9,4,上,32.44,16.1,断2~3天,3.0,2.0,33.3,-4.4,03-18,下影+1→实体+3,8.4,10.0,-1.04,2025-03,2025
600610.SSE,中毅达,2025-03-27,三接四阳,—,阳,8.74,巨阳≥5,13.8,32.4,57.7,66.9,4,上,32.44,16.1,断2~3天,3.0,2.0,33.3,-4.4,03-18,下影+1→实体+3→下影+8,5.38,-10.03,-10.03,2025-03,2025
600611.SSE,大众交通,2024-07-12,二接三阴,—,阴,8.81,巨阳≥5,10.5,12.4,13.0,13.2,4,上,0.95,1.01,断16~60天,43.0,1.0,13.9,-12.9,05-08,一字+10→下影+8,3.09,4.22,4.22,2024-07,2024
600611.SSE,大众交通,2024-09-09,二接三阳,—,阳,2.72,小阳0~3,0.9,0.4,0.6,-0.6,3,上,0.46,-2.48,断16~60天,22.0,1.0,-7.3,-22.8,08-05,下影-2→一字+10,9.97,-26.31,-26.31,2024-09,2024
600611.SSE,大众交通,2024-10-09,二接三阳,—,阳,1.86,小阳0~3,3.4,3.6,-13.9,-17.5,2,上,-18.22,-7.21,断8~15天,13.0,2.0,-31.6,-44.1,09-06,下影+3→下影+10,4.53,-5.07,-5.07,2024-10,2024
600613.SSE,神奇制药,2026-08-17,二接三阳,—,阳,2.51,小阳0~3,2.9,5.0,7.0,8.3,4,上,3.36,1.6,60日内无板,,,,,,下影+0→一字+10,7.64,10.07,10.35,2026-08,2026
600613.SSE,神奇制药,2026-08-18,三接四阳,—,阳,2.51,小阳0~3,2.9,5.0,7.0,8.3,4,上,3.36,1.6,60日内无板,,,,,,下影+0→一字+10→下影+8,10.07,0.26,0.26,2026-08,2026
600615.SSE,鑫源智造,2023-09-25,二接三阴,—,阴,-3.87,大阴-5~-3,-1.0,0.1,2.1,3.1,3,上,1.34,1.49,断2~3天,2.0,1.0,2.7,-7.4,09-18,下影+0→下影+6,9.88,-9.97,-9.97,2023-09,2023
600617.SSE,国新能源,2026-03-23,二接三阴,—,阴,-2.65,小阴-3~0,-3.3,-4.1,-1.5,-0.1,0,下,0.2,1.82,断8~15天,11.0,1.0,-1.9,-12.2,03-03,下影+2→实体+1,2.01,-3.42,-3.42,2026-03,2026
600617.SSE,国新能源,2026-07-28,二接三阳,—,阳,5.48,巨阳≥5,5.2,7.1,9.8,7.8,4,上,2.94,0.68,断16~60天,37.0,1.0,-7.6,-31.1,06-01,下影-0→实体+3,9.92,-16.59,-16.59,2026-07,2026
600619.SSE,海立股份,2024-09-20,二接三阴,—,阴,0.19,小阳0~3,0.9,3.3,5.2,3.7,4,上,3.37,0.36,断2~3天,3.0,1.0,7.2,-6.0,09-10,一字+10→一字+10,7.21,10.04,3.63,2024-09,2024
600619.SSE,海立股份,2024-09-23,三接四阴,—,阴,0.19,小阳0~3,0.9,3.3,5.2,3.7,4,上,3.37,0.36,断2~3天,3.0,1.0,7.2,-6.0,09-10,一字+10→一字+10→下影+7,-6.83,-5.83,-5.83,2024-09,2024
600619.SSE,海立股份,2024-10-10,二接三阳,—,阳,7.26,巨阳≥5,7.7,17.9,37.6,47.0,4,上,22.73,13.55,断4~7天,5.0,4.0,19.5,-15.2,09-23,下影+10→下影+0,6.08,-21.12,-21.12,2024-10,2024
600619.SSE,海立股份,2024-11-06,二接三阴,—,阴,0.96,小阳0~3,2.2,8.3,14.7,28.0,4,上,8.81,9.5,断4~7天,4.0,1.0,16.9,-1.3,10-28,一字+10→一字+10,10.01,10.01,28.59,2024-11,2024
600619.SSE,海立股份,2024-11-07,三接四阴,—,阴,0.96,小阳0~3,2.2,8.3,14.7,28.0,4,上,8.81,9.5,断4~7天,4.0,1.0,16.9,-1.3,10-28,一字+10→一字+10→下影+10,0.0,9.98,16.89,2024-11,2024
600619.SSE,海立股份,2025-08-13,二接三阴,—,阴,-3.65,大阴-5~-3,7.4,12.1,23.1,32.5,4,上,7.81,10.01,断1天,1.0,2.0,6.0,-4.7,08-07,实体-3→下影-1,2.31,-10.01,-10.01,2025-08,2025
600620.SSE,天宸股份,2025-07-18,二接三阴,—,阴,-5.06,巨阴≤-5,0.4,2.7,5.7,6.7,4,上,3.11,2.13,60日内无板,,,,,,下影+1→实体+9,0.85,-1.81,-1.81,2025-07,2025
600622.SSE,光大嘉宝,2024-01-26,二接三阳,—,阳,1.31,小阳0~3,-2.9,-6.3,-8.0,-10.6,0,下,-3.43,-2.51,断16~60天,32.0,1.0,-13.9,-24.3,12-07,实体+0→实体-0,6.41,-10.03,-10.03,2024-01,2024
600622.SSE,光大嘉宝,2024-02-20,二接三阴,—,阴,-10.16,巨阴≤-5,-15.9,-20.4,-15.9,-15.2,0,下,4.2,0.75,断4~7天,5.0,1.0,-21.9,-28.9,01-31,实体-5→下影+3,2.25,-6.12,-6.12,2024-02,2024
600622.SSE,光大嘉宝,2024-09-30,二接三阳,—,阳,3.08,大阳3~5,4.8,10.6,15.3,14.7,4,上,6.38,3.26,60日内无板,,,,,,下影-0→下影+5,9.88,6.37,6.37,2024-09,2024
600622.SSE,光大嘉宝,2024-10-08,三接四阳,—,阳,3.08,大阳3~5,4.8,10.6,15.3,14.7,4,上,6.38,3.26,60日内无板,,,,,,下影-0→下影+5→下影+10,10.11,-12.93,-12.93,2024-10,2024
600622.SSE,光大嘉宝,2024-10-16,三接四阴,A2,阴,-5.47,巨阴≤-5,-6.3,5.9,20.6,28.0,3,上,22.25,13.11,断2~3天,3.0,3.0,-0.4,-13.9,09-30,下影-2→一字+10→一字+10,0.93,9.89,8.76,2024-10,2024
600622.SSE,光大嘉宝,2024-11-04,二接三阴,—,阴,4.17,大阳3~5,9.6,12.4,33.3,57.5,4,上,16.8,19.33,断2~3天,2.0,1.0,16.5,1.6,10-28,下影-4→下影+1,2.75,-8.5,-8.5,2024-11,2024
600626.SSE,申达股份,2024-07-16,二接三阳,—,阳,6.11,巨阳≥5,3.8,1.6,-1.0,-4.5,2,上,-2.01,-2.72,60日内无板,,,,,,下影+10→下影-0,8.16,-7.74,-7.74,2024-07,2024
600628.SSE,新世界,2024-11-27,二接三阴,—,阴,-2.7,小阴-3~0,-1.6,-2.5,-2.0,0.0,1,下,-0.81,1.24,60日内无板,,,,,,下影+0→下影-0,-1.09,10.0,20.22,2024-11,2024
600628.SSE,新世界,2024-11-28,三接四阴,—,阴,-2.7,小阴-3~0,-1.6,-2.5,-2.0,0.0,1,下,-0.81,1.24,60日内无板,,,,,,下影+0→下影-0→下影-1,7.47,9.99,9.29,2024-11,2024
600629.SSE,华建集团,2024-01-25,二接三阴,—,阴,-6.47,巨阴≤-5,-6.0,-8.5,-10.5,-12.7,0,下,-3.59,-2.65,60日内无板,,,,,,下影+1→一字+10,9.96,10.07,-1.01,2024-01,2024
600629.SSE,华建集团,2024-01-26,三接四阴,—,阴,-6.47,巨阴≤-5,-6.0,-8.5,-10.5,-12.7,0,下,-3.59,-2.65,60日内无板,,,,,,下影+1→一字+10→下影+10,10.07,-10.06,-10.06,2024-01,2024
600629.SSE,华建集团,2024-11-07,三接四阴,—,阴,-5.37,巨阴≤-5,5.8,15.3,19.4,26.1,4,上,9.5,6.87,断1天,1.0,2.0,4.0,-7.6,10-31,下影+10→一字+10→一字+10,9.95,-1.4,-1.4,2024-11,2024
600629.SSE,华建集团,2025-09-15,二接三阳,—,阳,1.57,小阳0~3,-0.8,-7.2,-7.5,-8.2,0,下,-4.66,-3.92,断16~60天,28.0,1.0,3.6,-8.0,08-01,实体-0→下影+8,9.8,10.01,5.88,2025-09,2025
600629.SSE,华建集团,2025-09-16,三接四阳,—,阳,1.57,小阳0~3,-0.8,-7.2,-7.5,-8.2,0,下,-4.66,-3.92,断16~60天,28.0,1.0,3.6,-8.0,08-01,实体-0→下影+8→下影+10,8.15,-3.76,-3.76,2025-09,2025
600629.SSE,华建集团,2025-09-29,二接三阳,—,阳,-0.05,小阴-3~0,2.4,9.0,22.9,28.1,4,上,20.48,8.04,断4~7天,6.0,4.0,14.0,-6.5,09-16,下影+0→下影+8,9.66,10.01,8.51,2025-09,2025
600629.SSE,华建集团,2025-09-30,三接四阳,—,阳,-0.05,小阴-3~0,2.4,9.0,22.9,28.1,4,上,20.48,8.04,断4~7天,6.0,4.0,14.0,-6.5,09-16,下影+0→下影+8→下影+10,9.59,-1.36,-1.36,2025-09,2025
600630.SSE,龙头股份,2023-12-18,二接三阳,—,阳,3.22,大阳3~5,3.2,10.0,11.3,6.8,4,上,7.66,-0.71,断4~7天,4.0,2.0,10.4,-10.3,12-07,下影-2→下影+4,8.93,-7.25,-7.25,2023-12,2023
600630.SSE,龙头股份,2023-12-19,三接四阳,—,阳,3.22,大阳3~5,3.2,10.0,11.3,6.8,4,上,7.66,-0.71,断4~7天,4.0,2.0,10.4,-10.3,12-07,下影-2→下影+4→下影+9,9.98,-7.23,7.09,2023-12,2023
600630.SSE,龙头股份,2023-12-22,二接三阴,—,阴,-7.25,巨阴≤-5,5.1,16.2,29.3,27.7,4,上,19.24,6.68,断1天,1.0,3.0,2.0,-8.3,12-18,实体-2→下影+1,5.63,4.93,13.71,2023-12,2023
600635.SSE,大众公用,2024-07-29,二接三阴,B1,阴,-1.35,小阴-3~0,-0.5,0.9,4.5,5.6,3,上,4.39,2.36,60日内无板,,,,,,实体-1→下影+7,9.6,10.03,0.0,2024-07,2024
600635.SSE,大众公用,2024-10-30,三接四阳,—,阳,0.29,小阳0~3,1.0,1.7,3.2,7.2,4,上,-2.53,4.31,断16~60天,27.0,1.0,11.8,-17.9,09-06,一字+10→一字+10→一字+10,0.0,4.94,4.94,2024-10,2024
600635.SSE,大众公用,2025-09-24,二接三阳,—,阳,5.92,巨阳≥5,7.0,12.5,16.6,18.1,4,上,7.22,3.06,60日内无板,,,,,,下影+4→一字+10,10.07,-14.24,-14.24,2025-09,2025
600637.SSE,东方明珠,2026-01-09,二接三阳,—,阳,1.42,小阳0~3,1.4,4.0,4.2,3.6,4,上,3.27,-0.09,断16~60天,44.0,1.0,3.2,-15.7,11-03,实体+5→下影+6,9.99,9.98,15.54,2026-01,2026
600637.SSE,东方明珠,2026-01-12,三接四阳,—,阳,1.42,小阳0~3,1.4,4.0,4.2,3.6,4,上,3.27,-0.09,断16~60天,44.0,1.0,3.2,-15.7,11-03,实体+5→下影+6→下影+10,9.98,5.05,5.05,2026-01,2026
600638.SSE,新黄浦,2023-07-27,二接三阴,—,阴,1.99,小阳0~3,2.5,3.9,4.9,5.7,4,上,1.04,1.58,60日内无板,,,,,,实体+0→下影+6,-6.43,-7.71,-7.71,2023-07,2023
600639.SSE,浦东金桥,2024-01-25,二接三阴,—,阴,-4.95,大阴-5~-3,-4.8,-6.4,-7.3,-8.4,0,下,-1.88,-1.2,60日内无板,,,,,,下影+2→实体+4,9.96,10.04,8.98,2024-01,2024
600641.SSE,先导基电,2026-07-02,二接三阴,—,阴,-5.28,巨阴≤-5,-2.3,3.0,17.0,20.6,3,上,16.18,8.31,断8~15天,13.0,1.0,47.5,-1.2,06-09,下影+2→下影+3,10.01,-1.51,-1.51,2026-07,2026
600643.SSE,爱建集团,2024-09-26,二接三阴,—,阴,-0.49,小阴-3~0,0.5,2.1,3.6,3.4,4,上,1.99,0.86,60日内无板,,,,,,实体+0→一字+10,9.92,3.87,3.87,2024-09,2024
600643.SSE,爱建集团,2024-09-27,三接四阴,—,阴,-0.49,小阴-3~0,0.5,2.1,3.6,3.4,4,上,1.99,0.86,60日内无板,,,,,,实体+0→一字+10→下影+10,8.47,3.85,2.85,2024-09,2024
600643.SSE,爱建集团,2025-06-27,二接三阳,—,阳,1.36,小阳0~3,1.6,-0.1,1.9,4.2,3,下,-0.38,1.94,断16~60天,47.0,1.0,12.4,-13.2,04-14,实体-0→一字+10,10.02,7.23,7.23,2025-06,2025
600644.SSE,乐山电力,2025-04-17,三接四阴,—,阴,-3.44,大阴-5~-3,0.3,1.4,2.2,4.5,4,上,0.6,2.17,断2~3天,3.0,1.0,9.8,-5.3,04-08,实体-1→下影+3→一字+10,0.0,4.09,4.09,2025-04,2025
600644.SSE,乐山电力,2025-05-22,二接三阳,—,阳,0.4,小阳0~3,2.0,5.9,5.2,20.5,4,上,-1.35,10.17,断2~3天,3.0,1.0,11.7,-4.7,05-14,实体-3→下影+3,0.85,-13.47,-13.47,2025-05,2025
600648.SSE,外高桥,2024-01-26,二接三阳,—,阳,6.18,巨阳≥5,1.4,-0.6,-1.9,-3.8,1,下,-1.94,-1.73,60日内无板,,,,,,下影-0→下影+4,4.63,-10.02,-10.02,2024-01,2024
600649.SSE,城投控股,2024-09-30,二接三阳,—,阳,9.76,巨阳≥5,9.4,14.2,16.2,14.8,4,上,4.04,1.16,60日内无板,,,,,,下影-2→下影+5,10.02,1.21,1.21,2024-09,2024
600649.SSE,城投控股,2024-10-08,三接四阳,—,阳,9.76,巨阳≥5,9.4,14.2,16.2,14.8,4,上,4.04,1.16,60日内无板,,,,,,下影-2→下影+5→下影+10,7.09,-17.13,-17.13,2024-10,2024
600650.SSE,锦江在线,2024-07-31,二接三阳,—,阳,0.08,小阳0~3,-0.7,1.6,26.6,41.4,3,上,22.1,17.72,断1天,1.0,1.0,10.1,-10.0,07-25,下影-2→下影-2,7.03,-21.78,-21.78,2024-07,2024
600650.SSE,锦江在线,2024-10-09,二接三阳,—,阳,3.95,大阳3~5,6.6,10.5,9.2,5.1,4,上,-0.52,-3.19,断8~15天,13.0,2.0,2.7,-23.0,09-06,下影+7→下影+10,3.57,-5.78,-5.78,2024-10,2024
600650.SSE,锦江在线,2024-11-21,二接三阴,—,阴,-9.71,巨阴≤-5,-1.8,3.1,5.6,6.6,3,上,5.37,3.47,断1天,1.0,1.0,-0.7,-10.0,11-15,实体-5→下影+10,8.27,10.01,-1.02,2024-11,2024
600650.SSE,锦江在线,2024-11-22,三接四阴,—,阴,-9.71,巨阴≤-5,-1.8,3.1,5.6,6.6,3,上,5.37,3.47,断1天,1.0,1.0,-0.7,-10.0,11-15,实体-5→下影+10→下影+8,-0.91,-10.02,-10.02,2024-11,2024
600653.SSE,申华控股,2024-06-03,二接三阴,—,阴,-10.16,巨阴≤-5,-9.6,-13.6,-17.1,-18.2,0,下,-5.6,-2.5,60日内无板,,,,,,实体-5→下影+2,5.71,9.74,11.69,2024-06,2024
600653.SSE,申华控股,2024-06-04,三接四阴,—,阴,-10.16,巨阴≤-5,-9.6,-13.6,-17.1,-18.2,0,下,-5.6,-2.5,60日内无板,,,,,,实体-5→下影+2→下影+6,7.14,1.78,1.78,2024-06,2024
600653.SSE,申华控股,2024-10-29,三接四阴,—,阴,-1.27,小阴-3~0,3.1,5.4,7.5,12.3,4,上,-0.47,4.6,断16~60天,44.0,1.0,25.7,-10.3,08-13,下影-1→一字+10→一字+10,10.14,10.09,8.77,2024-10,2024
600654.SSE,中安科,2024-11-12,三接四阳,—,阳,1.85,小阳0~3,2.2,4.6,10.4,12.8,4,上,6.35,2.38,断4~7天,5.0,1.0,9.8,-7.6,10-30,下影-1→一字+10→一字+10,10.11,-3.47,20.1,2024-11,2024
600654.SSE,中安科,2024-11-15,二接三阴,—,阴,-3.28,大阴-5~-3,8.5,18.9,31.1,36.3,4,上,14.72,9.15,断1天,1.0,3.0,6.3,-5.7,11-11,实体+3→下影+9,0.47,9.98,2.76,2024-11,2024
600654.SSE,中安科,2024-11-18,三接四阴,—,阴,-3.28,大阴-5~-3,8.5,18.9,31.1,36.3,4,上,14.72,9.15,断1天,1.0,3.0,6.3,-5.7,11-11,实体+3→下影+9→下影+0,9.98,-6.56,-6.56,2024-11,2024
600654.SSE,中安科,2026-04-08,二接三阴,—,阴,-1.78,小阴-3~0,-1.3,-0.6,-3.8,-5.9,0,下,-2.55,-1.48,60日内无板,,,,,,下影+0→下影+6,0.0,1.82,1.82,2026-04,2026
600654.SSE,中安科,2026-04-09,三接四阴,—,阴,-1.78,小阴-3~0,-1.3,-0.6,-3.8,-5.9,0,下,-2.55,-1.48,60日内无板,,,,,,下影+0→下影+6→下影+0,10.0,-15.7,-15.7,2026-04,2026
600657.SSE,信达地产,2024-09-30,二接三阳,—,阳,2.69,小阳0~3,5.0,10.8,14.1,16.7,4,上,5.38,4.39,60日内无板,,,,,,下影-2→下影+6,9.88,2.19,2.19,2024-09,2024
600657.SSE,信达地产,2024-10-08,三接四阳,—,阳,2.69,小阳0~3,5.0,10.8,14.1,16.7,4,上,5.38,4.39,60日内无板,,,,,,下影-2→下影+6→下影+10,10.07,-16.5,-16.5,2024-10,2024
600657.SSE,信达地产,2024-10-16,二接三阳,—,阳,0.75,小阳0~3,-5.9,2.6,17.0,24.1,3,上,19.17,11.0,断4~7天,4.0,3.0,-2.4,-17.3,09-30,一字+10→下影+5,-0.81,-3.7,-3.7,2024-10,2024
600657.SSE,信达地产,2026-09-04,二接三阳,—,阳,3.36,大阳3~5,2.7,4.6,5.5,7.1,4,上,1.85,0.94,60日内无板,,,,,,下影+2→下影-1,-1.79,,,2026-09,2026
600658.SSE,电子城,2023-11-22,二接三阳,—,阳,0.43,小阳0~3,0.3,0.7,2.9,3.2,4,上,2.05,1.38,60日内无板,,,,,,一字+10→一字+10,9.93,-15.16,-15.16,2023-11,2023
600658.SSE,电子城,2024-09-19,二接三阳,—,阳,1.7,小阳0~3,0.3,0.8,1.2,-1.2,3,上,1.89,-1.19,60日内无板,,,,,,一字+10→下影+6,0.0,10.05,-0.25,2024-09,2024
600658.SSE,电子城,2024-09-20,三接四阳,—,阳,1.7,小阳0~3,0.3,0.8,1.2,-1.2,3,上,1.89,-1.19,60日内无板,,,,,,一字+10→下影+6→下影+0,0.5,-9.36,-9.36,2024-09,2024
600658.SSE,电子城,2024-10-28,二接三阳,—,阳,4.43,大阳3~5,6.7,9.7,9.8,21.3,4,上,-0.33,7.88,断16~60天,18.0,4.0,18.3,-14.6,09-20,下影-1→下影+3,1.93,-7.18,-7.18,2024-10,2024
600658.SSE,电子城,2025-08-14,二接三阴,—,阴,0.77,小阳0~3,1.4,3.4,8.2,9.7,4,上,5.12,2.51,断16~60天,42.0,1.0,13.2,-14.2,06-12,下影+5→下影+9,7.45,-1.44,-1.44,2025-08,2025
600661.SSE,昂立教育,2023-12-05,二接三阳,—,阳,0.97,小阳0~3,1.1,1.0,2.6,5.5,4,上,1.29,1.74,60日内无板,,,,,,下影+0→下影+10,1.41,10.02,8.9,2023-12,2023
600661.SSE,昂立教育,2023-12-06,三接四阳,—,阳,0.97,小阳0~3,1.1,1.0,2.6,5.5,4,上,1.29,1.74,60日内无板,,,,,,下影+0→下影+10→实体+1,-3.77,9.99,-1.02,2023-12,2023
600661.SSE,昂立教育,2024-02-21,二接三阳,—,阳,8.14,巨阳≥5,7.6,-3.2,-12.6,-18.5,1,下,-11.87,-8.68,断16~60天,44.0,5.0,-44.8,-60.3,12-07,一字+10→一字+10,8.84,1.19,1.19,2024-02,2024
600661.SSE,昂立教育,2024-08-07,二接三阴,—,阴,-3.1,大阴-5~-3,0.1,3.7,2.4,-3.3,3,上,2.42,-3.35,断16~60天,31.0,1.0,-4.2,-22.8,06-20,下影+6→下影+3,4.77,-9.99,-9.99,2024-08,2024
600662.SSE,外服控股,2026-01-15,二接三阳,—,阳,1.38,小阳0~3,1.5,1.9,1.7,0.4,4,上,-0.2,-0.85,60日内无板,,,,,,实体+2→下影+2,9.12,-10.03,-10.03,2026-01,2026
600664.SSE,哈药股份,2026-04-16,二接三阴,—,阴,-2.39,小阴-3~0,-2.3,0.6,3.7,3.7,3,上,6.33,1.13,断4~7天,4.0,1.0,4.4,-7.5,04-07,下影+1→下影+6,5.86,-14.55,-14.55,2026-04,2026
600664.SSE,哈药股份,2026-07-14,二接三阳,—,阳,-0.97,小阴-3~0,-1.5,-0.5,-1.0,-2.5,0,下,0.2,-0.21,断16~60天,57.0,2.0,-24.1,-36.0,04-15,实体+9→下影+4,2.43,10.05,30.64,2026-07,2026
600664.SSE,哈药股份,2026-07-15,三接四阳,—,阳,-0.97,小阴-3~0,-1.5,-0.5,-1.0,-2.5,0,下,0.2,-0.21,断16~60天,57.0,2.0,-24.1,-36.0,04-15,实体+9→下影+4→下影+2,5.88,10.02,18.71,2026-07,2026
600664.SSE,哈药股份,2026-08-11,二接三阴,—,阴,-8.12,巨阴≤-5,-0.7,5.4,15.1,34.4,3,上,5.09,17.1,断8~15天,12.0,1.0,17.1,-12.0,07-21,下影+7→下影+10,3.19,6.53,6.53,2026-08,2026
600665.SSE,天地源,2024-05-17,二接三阴,—,阴,-1.11,小阴-3~0,0.6,2.6,8.6,4.2,4,上,8.01,-0.81,断2~3天,2.0,1.0,3.9,-7.8,05-10,实体-0→下影+6,7.74,-9.86,-9.86,2024-05,2024
600666.SSE,奥瑞德,2024-10-09,二接三阳,—,阳,3.31,大阳3~5,5.1,8.3,9.7,8.0,4,上,2.78,1.5,60日内无板,,,,,,下影+3→下影+10,2.65,3.37,-6.73,2024-10,2024
600666.SSE,奥瑞德,2024-11-11,二接三阴,—,阴,-0.85,小阴-3~0,0.8,0.7,10.1,20.2,4,上,9.92,7.34,断4~7天,7.0,1.0,3.7,-10.2,10-28,下影-2→下影+5,2.49,-12.3,-12.3,2024-11,2024
600666.SSE,奥瑞德,2025-02-11,二接三阳,—,阳,1.33,小阳0~3,2.7,1.1,0.3,-5.2,3,上,-0.57,-3.03,断16~60天,34.0,1.0,-19.6,-32.4,12-11,下影+1→一字+10,10.14,-0.33,-0.33,2025-02,2025
600666.SSE,奥瑞德,2026-03-26,二接三阳,—,阳,-0.68,小阴-3~0,-1.4,0.6,5.8,9.7,3,上,6.8,3.48,断2~3天,2.0,2.0,-1.6,-11.9,03-19,下影+1→一字+10,10.04,4.65,7.4,2026-03,2026
600667.SSE,太极实业,2026-06-26,二接三阴,—,阴,-7.31,巨阴≤-5,3.1,13.6,27.3,37.2,4,上,15.1,12.4,断2~3天,2.0,1.0,10.0,-0.8,06-18,实体-2→一字+10,3.87,4.17,4.17,2026-06,2026
600676.SSE,久事动娱,2024-07-19,三接四阴,—,阴,-2.88,小阴-3~0,0.8,4.0,6.1,4.9,4,上,4.09,0.9,断2~3天,3.0,1.0,8.4,-5.2,07-10,下影+4→一字+10→一字+10,6.68,-15.77,-15.77,2024-07,2024
600676.SSE,久事动娱,2024-07-29,二接三阴,—,阴,-9.89,巨阴≤-5,-11.5,-4.4,5.9,9.9,2,下,15.69,8.91,断4~7天,4.0,3.0,-8.2,-16.6,07-18,实体-3→下影+3,7.84,10.02,4.01,2024-07,2024
600676.SSE,久事动娱,2024-07-30,三接四阴,—,阴,-9.89,巨阴≤-5,-11.5,-4.4,5.9,9.9,2,下,15.69,8.91,断4~7天,4.0,3.0,-8.2,-16.6,07-18,实体-3→下影+3→下影+8,8.91,-5.47,-5.47,2024-07,2024
600676.SSE,久事动娱,2024-11-19,二接三阴,—,阴,-6.57,巨阴≤-5,-3.7,-0.6,4.8,10.1,2,下,4.09,6.96,断4~7天,6.0,1.0,6.4,-4.9,11-06,下影+0→一字+10,0.0,1.98,1.98,2024-11,2024
600676.SSE,久事动娱,2025-06-03,二接三阴,—,阴,-0.45,小阴-3~0,0.2,0.0,1.8,4.0,4,上,0.99,1.93,60日内无板,,,,,,实体-0→下影+7,-3.58,-14.92,-14.92,2025-06,2025
600676.SSE,久事动娱,2026-01-14,三接四阳,A1,阳,3.18,大阳3~5,2.7,4.3,6.4,5.0,4,上,2.39,0.06,60日内无板,,,,,,下影+0→一字+10→一字+10,9.98,2.43,2.43,2026-01,2026
600679.SSE,上海凤凰,2023-11-09,二接三阴,—,阴,-0.58,小阴-3~0,-0.2,1.6,3.5,3.7,3,上,3.3,1.18,60日内无板,,,,,,下影+0→一字+10,9.98,-14.22,-14.22,2023-11,2023
600679.SSE,上海凤凰,2024-12-16,二接三阳,—,阳,5.56,巨阳≥5,3.2,2.2,4.2,3.1,4,上,1.73,-1.27,60日内无板,,,,,,下影-1→下影+0,7.99,10.01,19.82,2024-12,2024
600679.SSE,上海凤凰,2024-12-17,三接四阳,A1,阳,5.56,巨阳≥5,3.2,2.2,4.2,3.1,4,上,1.73,-1.27,60日内无板,,,,,,下影-1→下影+0→下影+8,-0.89,10.02,8.92,2024-12,2024
600682.SSE,南京新百,2024-05-10,二接三阳,—,阳,0.17,小阳0~3,2.0,5.0,3.4,1.4,4,上,2.09,-0.8,60日内无板,,,,,,下影+6→下影+4,6.21,3.85,3.85,2024-05,2024
600683.SSE,京投发展,2023-06-08,二接三阴,—,阴,4.39,大阳3~5,8.0,11.1,11.6,13.8,4,上,2.24,1.82,断1天,1.0,1.0,14.9,1.1,06-02,下影+0→实体+0,4.08,6.59,6.59,2023-06,2023
600683.SSE,京投发展,2023-06-09,三接四阴,—,阴,4.39,大阳3~5,8.0,11.1,11.6,13.8,4,上,2.24,1.82,断1天,1.0,1.0,14.9,1.1,06-02,下影+0→实体+0→下影+4,10.03,-10.24,-10.24,2023-06,2023
600683.SSE,京投发展,2024-03-26,二接三阳,—,阳,0.98,小阳0~3,1.2,2.2,2.4,4.0,4,上,1.66,1.44,60日内无板,,,,,,下影+0→下影+0,-4.19,9.98,5.26,2024-03,2024
600683.SSE,京投发展,2024-03-27,三接四阳,—,阳,0.98,小阳0~3,1.2,2.2,2.4,4.0,4,上,1.66,1.44,60日内无板,,,,,,下影+0→下影+0→下影-4,0.36,-4.29,-4.29,2024-03,2024
600683.SSE,京投发展,2025-10-31,二接三阳,—,阳,1.34,小阳0~3,-0.4,3.8,7.1,6.8,3,上,5.14,1.52,断4~7天,4.0,1.0,5.1,-8.2,10-22,下影+1→下影+10,0.18,-14.57,-14.57,2025-10,2025
600683.SSE,京投发展,2026-02-05,二接三阳,—,阳,1.23,小阳0~3,4.5,7.2,10.5,12.0,4,上,4.48,2.63,60日内无板,,,,,,一字+10→下影+10,0.0,-8.33,-8.33,2026-02,2026
600683.SSE,京投发展,2026-03-17,二接三阳,—,阳,6.7,巨阳≥5,7.9,11.5,13.8,26.6,4,上,2.31,8.36,断16~60天,17.0,1.0,31.5,-5.0,02-09,下影-1→下影+9,9.96,0.38,0.38,2026-03,2026
600683.SSE,京投发展,2026-04-17,二接三阴,—,阴,0.78,小阳0~3,0.2,-1.4,-8.4,-1.0,1,下,-7.95,1.98,断16~60天,16.0,1.0,-8.7,-21.8,03-20,下影+1→下影+5,9.91,0.5,0.5,2026-04,2026
600683.SSE,京投发展,2026-05-12,二接三阳,—,阳,4.61,大阳3~5,8.3,13.5,32.5,39.2,4,上,15.41,11.51,断8~15天,8.0,1.0,31.0,-2.7,04-22,实体+1→下影+10,9.76,-7.63,-7.63,2026-05,2026
600684.SSE,珠江股份,2023-08-29,二接三阴,—,阴,0.99,小阳0~3,0.7,-1.4,-2.5,3.5,2,下,-4.72,2.61,60日内无板,,,,,,下影+1→一字+10,9.92,-6.45,-6.45,2023-08,2023
600686.SSE,金龙汽车,2024-07-29,二接三阴,—,阴,-7.83,巨阴≤-5,4.2,14.2,32.2,39.2,4,上,22.34,11.66,断1天,1.0,2.0,1.4,-9.7,07-23,实体+4→下影+8,4.89,9.99,1.22,2024-07,2024
600686.SSE,金龙汽车,2024-07-30,三接四阴,—,阴,-7.83,巨阴≤-5,4.2,14.2,32.2,39.2,4,上,22.34,11.66,断1天,1.0,2.0,1.4,-9.7,07-23,实体+4→下影+8→实体+5,-0.13,-7.97,-7.97,2024-07,2024
600686.SSE,金龙汽车,2024-08-15,二接三阴,—,阴,-7.18,巨阴≤-5,-4.9,-9.3,5.4,23.6,2,下,7.45,14.83,断8~15天,9.0,4.0,-4.2,-15.6,07-30,下影-3→下影+5,-0.56,-10.01,-10.01,2024-08,2024
600688.SSE,上海石化,2026-06-05,二接三阳,—,阳,1.09,小阳0~3,1.4,-0.1,-4.0,-3.3,1,下,-4.19,-1.04,60日内无板,,,,,,一字+10→下影+10,8.88,-11.83,-11.83,2026-06,2026
600689.SSE,上海三毛,2023-08-17,二接三阳,—,阳,1.7,小阳0~3,-0.4,-5.5,-4.3,-3.2,0,下,-2.28,0.05,60日内无板,,,,,,下影+2→下影+5,6.99,-14.82,-14.82,2023-08,2023
600691.SSE,潞化科技,2026-03-16,二接三阳,—,阳,3.1,大阳3~5,1.9,4.0,9.6,11.5,4,上,5.99,3.42,断16~60天,40.0,1.0,32.6,-2.3,01-06,实体+7→下影+10,8.35,-3.08,-9.24,2026-03,2026
600691.SSE,潞化科技,2026-09-01,二接三阳,—,阳,0.0,小阳0~3,2.3,4.6,6.1,8.6,4,上,2.37,2.51,60日内无板,,,,,,下影+0→下影+5,-1.24,-11.83,-11.83,2026-09,2026
600692.SSE,亚通股份,2024-08-01,二接三阳,—,阳,4.93,大阳3~5,5.4,3.0,4.1,7.8,4,上,-1.48,1.68,断8~15天,14.0,1.0,14.9,-6.4,07-09,下影+4→一字+10,10.06,-10.05,-10.05,2024-08,2024
600692.SSE,亚通股份,2024-11-08,二接三阳,—,阳,2.51,小阳0~3,1.0,3.0,7.0,9.2,4,上,4.65,1.6,60日内无板,,,,,,下影+0→下影+5,9.99,3.91,3.91,2024-11,2024
600693.SSE,东百集团,2024-12-12,二接三阴,—,阴,-2.02,小阴-3~0,-1.1,-1.0,3.8,5.7,2,下,4.16,2.18,60日内无板,,,,,,下影+4→下影-2,5.94,-4.25,-4.25,2024-12,2024
600693.SSE,东百集团,2024-12-27,二接三阴,—,阴,-4.62,大阴-5~-3,-6.1,-9.9,-1.3,5.2,1,下,6.9,5.73,断4~7天,6.0,1.0,-12.6,-24.4,12-16,下影-1→下影-0,-2.86,10.03,31.83,2024-12,2024
600693.SSE,东百集团,2024-12-30,三接四阴,—,阴,-4.62,大阴-5~-3,-6.1,-9.9,-1.3,5.2,1,下,6.9,5.73,断4~7天,6.0,1.0,-12.6,-24.4,12-16,下影-1→下影-0→下影-3,2.08,10.06,19.81,2024-12,2024
600693.SSE,东百集团,2025-03-03,二接三阳,—,阳,0.9,小阳0~3,0.4,-1.1,-6.8,-12.1,1,下,-3.9,-6.72,断16~60天,21.0,1.0,-19.7,-30.2,01-20,下影+0→下影+0,-1.77,-14.21,-14.21,2025-03,2025
600693.SSE,东百集团,2025-11-12,二接三阳,—,阳,1.64,小阳0~3,2.9,6.9,10.5,11.8,4,上,5.08,3.23,断2~3天,2.0,1.0,6.5,-5.2,11-05,下影-2→一字+10,9.93,10.01,28.71,2025-11,2025
600693.SSE,东百集团,2025-11-13,三接四阳,—,阳,1.64,小阳0~3,2.9,6.9,10.5,11.8,4,上,5.08,3.23,断2~3天,2.0,1.0,6.5,-5.2,11-05,下影-2→一字+10→下影+10,6.27,10.0,17.0,2025-11,2025
600694.SSE,大商股份,2024-12-13,二接三阳,—,阳,3.32,大阳3~5,-0.7,-0.2,4.9,8.1,2,下,4.69,2.99,60日内无板,,,,,,实体+2→下影+10,7.58,-7.99,-7.99,2024-12,2024
600697.SSE,欧亚集团,2025-04-11,二接三阳,—,阳,5.47,巨阳≥5,-1.7,-3.2,-5.0,-4.4,0,下,-2.74,-0.41,60日内无板,,,,,,下影-1→一字+10,9.98,-6.38,-6.38,2025-04,2025
600697.SSE,欧亚集团,2025-09-05,二接三阴,—,阴,-0.31,小阴-3~0,1.2,0.7,1.2,1.7,4,上,0.54,0.46,60日内无板,,,,,,下影+0→下影-0,5.6,-15.34,-15.34,2025-09,2025
600698.SSE,湖南天雁,2023-11-29,二接三阴,—,阴,-1.25,小阴-3~0,3.9,9.2,12.9,15.1,4,上,5.67,4.03,断1天,1.0,1.0,8.7,-3.7,11-23,一字+10→下影+6,4.91,-16.91,-16.91,2023-11,2023
600698.SSE,湖南天雁,2025-05-21,二接三阳,—,阳,3.27,大阳3~5,1.2,3.9,10.5,11.7,4,上,8.18,3.49,断4~7天,7.0,1.0,13.4,-2.0,05-07,下影+7→一字+10,9.96,-9.97,-9.97,2025-05,2025
600698.SSE,湖南天雁,2025-08-07,二接三阳,—,阳,5.67,巨阳≥5,0.9,1.3,1.0,6.1,4,上,1.51,1.47,断16~60天,20.0,1.0,8.0,-9.8,07-07,实体+1→下影+4,10.02,-11.4,-11.4,2025-08,2025
600698.SSE,湖南天雁,2026-03-26,二接三阴,—,阴,-4.92,大阴-5~-3,-6.8,-10.0,-14.2,-15.6,0,下,-4.83,-3.28,60日内无板,,,,,,下影+2→下影+1,6.72,-2.33,-2.33,2026-03,2026
600705.SSE,中航产融,2024-09-26,二接三阳,—,阳,-0.42,小阴-3~0,-0.1,2.4,5.4,5.5,3,上,3.6,1.86,60日内无板,,,,,,下影+2→一字+10,3.11,5.66,5.66,2024-09,2024
600705.SSE,中航产融,2024-09-27,三接四阳,—,阳,-0.42,小阴-3~0,-0.1,2.4,5.4,5.5,3,上,3.6,1.86,60日内无板,,,,,,下影+2→一字+10→下影+3,3.77,5.71,4.57,2024-09,2024
600706.SSE,曲江文旅,2023-04-12,二接三阳,—,阳,1.25,小阳0~3,-1.9,,,,0,缺失,,,断16~60天,26.0,1.0,282.4,-10.7,03-06,实体+0→下影+10,9.6,10.0,15.61,2023-04,2023
600706.SSE,曲江文旅,2023-04-13,三接四阳,—,阳,1.25,小阳0~3,-1.9,,,,0,缺失,,,断16~60天,26.0,1.0,282.4,-10.7,03-06,实体+0→下影+10→下影+10,5.78,9.98,5.1,2023-04,2023
600706.SSE,曲江文旅,2024-12-16,二接三阳,—,阳,4.0,大阳3~5,4.0,4.2,7.1,6.9,4,上,2.64,-0.22,60日内无板,,,,,,实体-1→下影+0,4.47,-15.91,-15.91,2024-12,2024
600708.SSE,光明地产,2024-01-29,二接三阳,—,阳,6.03,巨阳≥5,3.5,1.5,0.1,-1.5,3,上,-1.98,-1.38,60日内无板,,,,,,下影+0→下影+3,7.84,-9.96,-9.96,2024-01,2024
600714.SSE,金瑞矿业,2024-05-21,二接三阳,—,阳,0.92,小阳0~3,-0.2,-0.4,3.4,0.4,2,下,2.19,-1.59,断8~15天,12.0,1.0,9.4,-6.0,04-25,下影+1→一字+10,10.04,10.01,8.44,2024-05,2024
600714.SSE,金瑞矿业,2025-01-17,二接三阳,—,阳,1.54,小阳0~3,3.9,5.8,10.5,9.5,4,上,7.58,0.71,断8~15天,9.0,1.0,19.5,-7.1,12-31,实体-0→一字+10,10.02,-10.03,-10.03,2025-01,2025
600715.SSE,文投控股,2023-12-08,二接三阴,—,阴,-1.75,小阴-3~0,1.2,1.0,1.1,2.8,4,上,0.18,0.45,60日内无板,,,,,,下影+0→一字+10,9.89,10.0,22.33,2023-12,2023
600715.SSE,文投控股,2023-12-11,三接四阴,—,阴,-1.75,小阴-3~0,1.2,1.0,1.1,2.8,4,上,0.18,0.45,60日内无板,,,,,,下影+0→一字+10→下影+10,3.33,10.0,11.21,2023-12,2023
600715.SSE,文投控股,2024-02-26,二接三阳,—,阳,7.14,巨阳≥5,12.1,2.0,-20.0,-28.5,2,上,-24.46,-13.2,断16~60天,43.0,6.0,-58.6,-73.9,12-13,下影-1→下影+3,8.79,-3.0,-3.0,2024-02,2024
600715.SSE,文投控股,2024-03-05,二接三阳,—,阳,0.57,小阳0~3,-5.1,7.0,1.0,-9.4,2,上,14.32,-5.3,断2~3天,3.0,3.0,-3.0,-20.0,02-26,一字+10→一字+10,9.86,9.83,8.97,2024-03,2024
600715.SSE,文投控股,2024-03-06,三接四阳,—,阳,0.57,小阳0~3,-5.1,7.0,1.0,-9.4,2,上,14.32,-5.3,断2~3天,3.0,3.0,-3.0,-20.0,02-26,一字+10→一字+10→下影+10,0.43,10.12,-0.78,2024-03,2024
600719.SSE,大连热电,2023-05-26,二接三阴,—,阴,-2.05,小阴-3~0,-0.6,4.1,9.2,8.3,3,上,6.81,1.63,60日内无板,,,,,,下影-1→下影+7,10.05,-12.41,-12.41,2023-05,2023
600719.SSE,大连热电,2024-05-28,二接三阳,—,阳,4.12,大阳3~5,6.6,8.7,15.1,17.4,4,上,5.36,4.9,断16~60天,30.0,1.0,27.8,-11.9,04-08,实体+2→下影+7,-1.03,-3.23,-3.23,2024-05,2024
600719.SSE,大连热电,2024-09-19,二接三阳,—,阳,0.63,小阳0~3,-0.6,-2.6,-9.9,-19.0,0,下,-3.09,-8.98,断16~60天,54.0,1.0,-47.4,-52.8,06-28,下影+1→下影+2,-1.04,6.92,6.92,2024-09,2024
600721.SSE,百花医药,2023-10-13,二接三阴,—,阴,-4.85,大阴-5~-3,-5.3,-1.9,0.9,3.8,2,下,4.42,3.17,断4~7天,5.0,1.0,3.4,-8.0,09-25,实体+0→一字+10,10.04,10.01,-0.98,2023-10,2023
600721.SSE,百花医药,2024-08-06,二接三阴,—,阴,-4.41,大阴-5~-3,5.6,7.9,11.5,12.1,4,上,2.05,1.96,断1天,1.0,2.0,5.1,-4.8,07-31,下影+0→下影+3,-4.82,-16.96,-16.96,2024-08,2024
600721.SSE,百花医药,2026-08-06,二接三阳,—,阳,2.42,小阳0~3,2.2,3.7,2.5,3.4,4,上,-3.19,0.63,断8~15天,13.0,1.0,4.6,-15.5,07-15,一字+10→下影+10,9.53,10.02,51.36,2026-08,2026
600721.SSE,百花医药,2026-08-07,三接四阳,—,阳,2.42,小阳0~3,2.2,3.7,2.5,3.4,4,上,-3.19,0.63,断8~15天,13.0,1.0,4.6,-15.5,07-15,一字+10→下影+10→下影+10,6.99,9.96,37.57,2026-08,2026
600722.SSE,金牛化工,2024-12-04,二接三阳,—,阳,2.42,小阳0~3,1.7,2.5,5.6,8.0,4,上,3.47,2.1,断4~7天,7.0,1.0,9.6,-8.8,11-20,实体-1→下影+1,3.41,-17.58,-17.58,2024-12,2024
600722.SSE,金牛化工,2025-06-17,二接三阳,—,阳,1.35,小阳0~3,1.0,1.9,1.2,1.3,4,上,0.35,-0.25,60日内无板,,,,,,下影+6→一字+10,9.94,10.04,16.93,2025-06,2025
600722.SSE,金牛化工,2026-03-04,二接三阴,—,阴,-2.8,小阴-3~0,-1.4,-1.0,8.1,16.8,2,下,8.32,9.0,断2~3天,3.0,1.0,6.0,-4.8,02-24,一字+10→一字+10,1.32,-1.52,-1.52,2026-03,2026
600722.SSE,金牛化工,2026-03-13,二接三阳,—,阳,-3.78,大阴-5~-3,-0.2,11.3,24.9,36.7,3,上,16.41,12.83,断2~3天,2.0,1.0,3.5,-12.0,03-06,实体-4→下影+4,3.9,8.62,8.62,2026-03,2026
600722.SSE,金牛化工,2026-03-16,三接四阳,—,阳,-3.78,大阴-5~-3,-0.2,11.3,24.9,36.7,3,上,16.41,12.83,断2~3天,2.0,1.0,3.5,-12.0,03-06,实体-4→下影+4→下影+4,0.0,3.6,3.6,2026-03,2026
600724.SSE,宁波富达,2024-10-29,二接三阴,—,阴,-1.36,小阴-3~0,2.4,7.4,10.5,15.3,4,上,3.61,5.28,断2~3天,3.0,1.0,12.7,-2.1,10-21,实体+3→下影+9,9.87,-8.45,-8.45,2024-10,2024
600725.SSE,云维股份,2023-12-18,三接四阳,—,阳,0.68,小阳0~3,-0.1,-0.1,0.0,1.6,2,下,-0.24,0.65,断16~60天,59.0,1.0,2.5,-15.5,09-12,实体+0→下影+10→一字+10,-1.02,-15.94,-15.94,2023-12,2023
600725.SSE,云维股份,2024-12-26,三接四阴,—,阴,-0.53,小阴-3~0,-0.7,2.4,8.7,10.0,3,上,8.11,4.08,断8~15天,8.0,1.0,13.5,-4.7,11-26,一字+10→一字+10→一字+10,10.06,-26.51,-26.51,2024-12,2024
600726.SSE,华电能源,2026-03-12,二接三阳,—,阳,3.55,大阳3~5,4.7,7.0,10.5,12.1,4,上,4.52,2.4,60日内无板,,,,,,下影+0→下影+1,2.83,10.05,13.4,2026-03,2026
600726.SSE,华电能源,2026-03-13,三接四阳,—,阳,3.55,大阳3~5,4.7,7.0,10.5,12.1,4,上,4.52,2.4,60日内无板,,,,,,下影+0→下影+1→实体+3,8.25,3.04,3.04,2026-03,2026
600726.SSE,华电能源,2026-04-27,二接三阳,—,阳,3.01,大阳3~5,3.5,1.5,-9.2,-5.3,2,上,-6.18,-2.66,断16~60天,18.0,2.0,-22.2,-34.9,03-26,实体+1→下影+5,-2.76,10.03,11.29,2026-04,2026
600726.SSE,华电能源,2026-04-28,三接四阳,—,阳,3.01,大阳3~5,3.5,1.5,-9.2,-5.3,2,上,-6.18,-2.66,断16~60天,18.0,2.0,-22.2,-34.9,03-26,实体+1→下影+5→下影-3,-0.78,1.14,1.14,2026-04,2026
600726.SSE,华电能源,2026-05-27,二接三阳,—,阳,1.62,小阳0~3,-4.4,-13.2,-8.5,2.1,1,下,-3.77,7.74,断4~7天,7.0,1.0,-18.3,-28.9,05-13,下影+0→下影+5,3.29,10.04,13.5,2026-05,2026
600726.SSE,华电能源,2026-05-28,三接四阳,—,阳,1.62,小阳0~3,-4.4,-13.2,-8.5,2.1,1,下,-3.77,7.74,断4~7天,7.0,1.0,-18.3,-28.9,05-13,下影+0→下影+5→下影+3,10.04,9.99,3.15,2026-05,2026
600727.SSE,鲁北化工,2024-04-29,二接三阳,—,阳,2.49,小阳0~3,0.8,1.2,0.7,2.0,4,上,-2.17,0.62,断2~3天,3.0,1.0,6.4,-7.6,04-19,一字+10→下影+3,-3.16,1.69,1.69,2024-04,2024
600727.SSE,鲁北化工,2024-04-30,三接四阳,A1,阳,2.49,小阳0~3,0.8,1.2,0.7,2.0,4,上,-2.17,0.62,断2~3天,3.0,1.0,6.4,-7.6,04-19,一字+10→下影+3→实体-3,0.13,1.66,6.04,2024-04,2024
600732.SSE,爱旭股份,2024-11-12,二接三阳,B2,阳,-2.95,小阴-3~0,1.8,4.3,18.0,25.3,4,上,12.79,6.27,断8~15天,8.0,2.0,15.7,-5.9,10-28,下影+2→下影-1,6.31,-3.4,-3.4,2024-11,2024
600736.SSE,苏州高新,2026-04-24,三接四阳,—,阳,0.0,小阳0~3,1.1,2.7,3.6,1.6,4,上,1.54,-0.44,断16~60天,53.0,1.0,-12.2,-26.8,01-26,实体+1→下影+6→一字+10,9.92,-16.94,-16.94,2026-04,2026
600737.SSE,中粮糖业,2025-08-18,二接三阳,—,阳,1.06,小阳0~3,7.1,11.4,13.1,14.7,4,上,3.62,2.23,60日内无板,,,,,,实体+2→下影+5,5.55,4.78,4.78,2025-08,2025
600743.SSE,华远控股,2024-12-12,二接三阴,—,阴,-9.66,巨阴≤-5,1.0,8.1,10.1,10.1,4,上,7.22,0.28,断1天,1.0,2.0,-0.4,-10.1,12-06,下影+10→实体-10,-0.38,-4.18,-4.18,2024-12,2024
600743.SSE,华远控股,2026-04-09,二接三阴,—,阴,-2.69,小阴-3~0,-4.3,-4.4,-6.1,-6.5,0,下,-2.27,-0.39,60日内无板,,,,,,下影+0→下影+3,0.46,9.96,19.92,2026-04,2026
600743.SSE,华远控股,2026-04-10,三接四阴,—,阴,-2.69,小阴-3~0,-4.3,-4.4,-6.1,-6.5,0,下,-2.27,-0.39,60日内无板,,,,,,下影+0→下影+3→下影+0,7.47,10.19,9.06,2026-04,2026
600744.SSE,华银电力,2025-07-07,二接三阳,—,阳,1.61,小阳0~3,8.0,11.5,10.6,8.3,4,上,1.48,-0.24,断1天,1.0,1.0,11.7,-1.0,07-01,下影-1→下影+4,10.02,10.0,18.96,2025-07,2025
600744.SSE,华银电力,2025-07-08,三接四阳,—,阳,1.61,小阳0~3,8.0,11.5,10.6,8.3,4,上,1.48,-0.24,断1天,1.0,1.0,11.7,-1.0,07-01,下影-1→下影+4→下影+10,7.61,10.04,8.14,2025-07,2025
600744.SSE,华银电力,2026-07-21,二接三阴,—,阴,-1.45,小阴-3~0,-0.5,-3.2,-11.7,-18.4,0,下,-8.04,-7.26,断16~60天,35.0,1.0,-30.7,-39.3,05-27,下影-0→下影+8,6.71,9.97,9.14,2026-07,2026
600744.SSE,华银电力,2026-07-22,三接四阴,—,阴,-1.45,小阴-3~0,-0.5,-3.2,-11.7,-18.4,0,下,-8.04,-7.26,断16~60天,35.0,1.0,-30.7,-39.3,05-27,下影-0→下影+8→下影+7,-4.71,-0.76,-0.76,2026-07,2026
600748.SSE,上实发展,2025-10-17,二接三阴,—,阴,-1.65,小阴-3~0,-3.7,-0.7,3.0,7.1,2,下,5.37,4.1,断4~7天,6.0,1.0,6.1,-4.4,09-26,实体+5→下影+6,10.03,4.87,4.87,2025-10,2025
600749.SSE,西藏旅游,2024-04-29,三接四阴,—,阴,-1.92,小阴-3~0,-0.5,-4.9,-6.4,-6.0,0,下,-4.47,-1.72,60日内无板,,,,,,实体+2→下影+10→一字+10,6.09,-21.01,-21.01,2024-04,2024
600749.SSE,西藏旅游,2025-07-23,二接三阳,—,阳,0.67,小阳0~3,0.5,0.1,0.6,1.3,4,上,0.25,0.78,60日内无板,,,,,,一字+10→下影+10,10.02,9.99,77.14,2025-07,2025
600749.SSE,西藏旅游,2025-07-24,三接四阳,—,阳,0.67,小阳0~3,0.5,0.1,0.6,1.3,4,上,0.25,0.78,60日内无板,,,,,,一字+10→下影+10→下影+10,6.66,9.99,61.05,2025-07,2025
600751.SSE,海航科技,2025-07-21,二接三阳,—,阳,-0.88,小阴-3~0,-2.4,-4.7,-1.9,-1.3,0,下,0.65,0.85,断8~15天,11.0,1.0,3.3,-6.9,07-01,实体+0→下影+3,-1.95,-9.98,-9.98,2025-07,2025
600755.SSE,厦门国贸,2025-12-26,二接三阳,—,阳,1.08,小阳0~3,2.8,0.5,-1.6,-1.7,2,上,-4.43,-0.67,60日内无板,,,,,,下影+1→下影+7,-1.64,-9.98,-9.98,2025-12,2025
600756.SSE,浪潮软件,2025-11-20,三接四阴,—,阴,-5.54,巨阴≤-5,-3.0,-2.4,3.6,7.0,2,下,5.9,3.81,断4~7天,7.0,1.0,1.2,-10.5,11-05,实体-0→一字+10→一字+10,7.01,-8.36,-8.36,2025-11,2025
600758.SSE,辽宁能源,2026-03-25,二接三阳,—,阳,2.38,小阳0~3,2.6,3.0,5.3,7.4,4,上,1.16,2.14,60日内无板,,,,,,下影+5→下影+9,10.0,7.34,7.34,2026-03,2026
600758.SSE,辽宁能源,2026-03-26,三接四阳,—,阳,2.38,小阳0~3,2.6,3.0,5.3,7.4,4,上,1.16,2.14,60日内无板,,,,,,下影+5→下影+9→下影+10,0.0,-12.08,-12.08,2026-03,2026
600770.SSE,综艺股份,2024-10-21,二接三阳,—,阳,0.58,小阳0~3,-2.2,2.4,18.5,27.3,3,上,16.55,11.38,断2~3天,3.0,1.0,1.1,-10.7,10-11,实体+1→下影+4,10.1,10.04,5.24,2024-10,2024
600770.SSE,综艺股份,2024-10-29,二接三阳,—,阳,-2.7,小阴-3~0,0.7,13.7,32.0,49.0,4,上,19.39,19.47,断2~3天,2.0,4.0,2.4,-10.3,10-22,实体+0→下影+10,3.87,5.6,5.6,2024-10,2024
600770.SSE,综艺股份,2025-05-16,二接三阴,—,阴,-1.44,小阴-3~0,-1.2,0.7,1.2,1.0,3,上,1.55,1.59,60日内无板,,,,,,一字+10→一字+10,10.08,3.85,37.91,2025-05,2025
600770.SSE,综艺股份,2025-05-22,三接四阴,—,阴,3.83,大阳3~5,12.5,18.3,23.5,25.0,4,上,7.53,3.68,断1天,1.0,2.0,14.3,2.6,05-15,一字+10→一字+10→一字+10,10.06,-10.2,-10.2,2025-05,2025
600770.SSE,综艺股份,2026-04-27,二接三阳,—,阳,1.77,小阳0~3,0.3,0.9,2.5,1.1,4,上,2.15,0.36,断16~60天,57.0,2.0,-6.8,-23.8,01-22,下影+2→下影+10,8.03,-0.13,2.87,2026-04,2026
600773.SSE,西藏城投,2025-07-23,二接三阳,—,阳,1.6,小阳0~3,0.8,0.6,1.0,4.0,4,上,-0.01,2.07,断16~60天,20.0,1.0,11.8,-3.7,06-20,下影+10→下影+10,10.02,-9.93,-9.93,2025-07,2025
600774.SSE,汉商集团,2025-05-06,二接三阴,—,阴,-4.99,大阴-5~-3,-5.3,-6.0,-4.2,-4.4,0,下,2.23,0.96,断8~15天,12.0,1.0,4.6,-6.2,04-10,实体-0→一字+10,-2.0,1.32,1.32,2025-05,2025
600774.SSE,汉商集团,2025-05-07,三接四阴,—,阴,-4.99,大阴-5~-3,-5.3,-6.0,-4.2,-4.4,0,下,2.23,0.96,断8~15天,12.0,1.0,4.6,-6.2,04-10,实体-0→一字+10→下影-2,1.21,-17.11,-17.11,2025-05,2025
600775.SSE,南京熊猫,2023-11-17,三接四阳,—,阳,7.06,巨阳≥5,6.1,10.9,16.4,16.3,4,上,6.99,2.33,断8~15天,12.0,1.0,30.2,-2.1,10-26,实体+1→下影+6→一字+10,9.98,10.01,13.44,2023-11,2023
600775.SSE,南京熊猫,2024-11-26,二接三阴,—,阴,0.2,小阳0~3,2.4,-2.9,-2.2,2.3,2,下,-1.37,1.45,60日内无板,,,,,,下影+0→实体+10,10.02,-16.65,-16.65,2024-11,2024
600775.SSE,南京熊猫,2026-01-08,三接四阳,—,阳,0.16,小阳0~3,-0.4,4.0,5.6,7.3,3,上,5.5,2.62,断4~7天,5.0,1.0,11.5,-2.1,12-24,一字+10→一字+10→一字+10,4.55,1.84,1.84,2026-01,2026
600776.SSE,东方通信,2023-06-29,二接三阴,—,阴,-4.89,大阴-5~-3,-6.4,-5.9,-4.5,-1.7,0,下,1.48,2.64,60日内无板,,,,,,下影+1→下影+10,3.55,0.14,0.14,2023-06,2023
600776.SSE,东方通信,2023-06-30,三接四阴,—,阴,-4.89,大阴-5~-3,-6.4,-5.9,-4.5,-1.7,0,下,1.48,2.64,60日内无板,,,,,,下影+1→下影+10→下影+4,3.3,-5.69,-5.69,2023-06,2023
600776.SSE,东方通信,2026-01-13,二接三阳,—,阳,0.82,小阳0~3,2.7,9.4,14.8,21.2,4,上,8.86,7.41,断2~3天,3.0,1.0,12.1,-2.6,01-05,下影+0→一字+10,10.0,5.97,5.97,2026-01,2026
600776.SSE,东方通信,2026-01-14,三接四阳,—,阳,0.82,小阳0~3,2.7,9.4,14.8,21.2,4,上,8.86,7.41,断2~3天,3.0,1.0,12.1,-2.6,01-05,下影+0→一字+10→下影+10,3.82,-13.29,-13.29,2026-01,2026
600778.SSE,友好集团,2024-12-12,二接三阴,—,阴,0.0,小阳0~3,1.1,4.1,8.0,8.0,4,上,5.75,1.63,断16~60天,45.0,1.0,12.6,-13.7,09-30,实体+10→下影+9,4.74,9.96,21.4,2024-12,2024
600778.SSE,友好集团,2024-12-13,三接四阴,—,阴,0.0,小阳0~3,1.1,4.1,8.0,8.0,4,上,5.75,1.63,断16~60天,45.0,1.0,12.6,-13.7,09-30,实体+10→下影+9→下影+5,0.86,9.96,10.4,2024-12,2024
600778.SSE,友好集团,2025-01-02,二接三阴,—,阴,-6.01,巨阴≤-5,-1.5,-8.3,0.6,10.4,2,下,1.05,7.32,断2~3天,2.0,1.0,4.0,-7.2,12-25,下影-2→实体+3,5.94,-10.0,-10.0,2025-01,2025
600779.SSE,水井坊,2024-09-30,二接三阴,—,阴,-2.07,小阴-3~0,0.9,4.8,5.7,4.1,4,上,2.96,0.82,60日内无板,,,,,,实体-1→实体+4,10.01,8.9,8.9,2024-09,2024
600779.SSE,水井坊,2024-10-08,三接四阴,—,阴,-2.07,小阴-3~0,0.9,4.8,5.7,4.1,4,上,2.96,0.82,60日内无板,,,,,,实体-1→实体+4→下影+10,9.99,-10.89,-10.89,2024-10,2024
600783.SSE,鲁信创投,2025-12-26,二接三阳,—,阳,5.53,巨阳≥5,5.4,4.7,5.5,6.4,4,上,-0.73,1.41,断16~60天,45.0,1.0,12.4,-12.1,10-21,下影+1→下影+10,10.01,10.0,6.54,2025-12,2025
600785.SSE,新华百货,2026-01-16,二接三阴,—,阴,-2.08,小阴-3~0,0.7,2.5,1.5,2.5,4,上,-0.55,1.12,60日内无板,,,,,,下影+5→下影+10,9.99,9.99,15.3,2026-01,2026
600785.SSE,新华百货,2026-01-19,三接四阴,—,阴,-2.08,小阴-3~0,0.7,2.5,1.5,2.5,4,上,-0.55,1.12,60日内无板,,,,,,下影+5→下影+10→下影+10,-0.53,4.83,4.83,2026-01,2026
600785.SSE,新华百货,2026-08-25,二接三阳,—,阳,1.03,小阳0~3,-0.9,-0.9,2.4,3.3,2,下,1.71,2.4,断16~60天,25.0,2.0,4.5,-20.0,07-16,一字+10→下影+10,0.65,-3.06,-3.06,2026-08,2026
600787.SSE,中储股份,2024-11-19,二接三阴,—,阴,-6.89,巨阴≤-5,0.2,3.6,6.0,7.2,4,上,4.02,2.76,断2~3天,2.0,1.0,6.5,-3.7,11-12,下影-1→一字+10,6.1,-9.78,-9.78,2024-11,2024
600791.SSE,京能置业,2024-05-06,二接三阳,—,阳,3.69,大阳3~5,4.6,4.8,-4.2,-7.4,2,上,-6.78,-5.5,断16~60天,58.0,1.0,-24.3,-44.5,01-25,下影-1→下影+10,0.25,-14.92,-14.92,2024-05,2024
600792.SSE,云煤能源,2023-09-05,二接三阴,—,阴,-4.01,大阴-5~-3,-4.3,-3.2,-3.5,-4.9,0,下,0.82,-1.11,断16~60天,46.0,1.0,9.2,-2.7,06-28,下影+1→一字+10,8.37,7.38,7.38,2023-09,2023
600792.SSE,云煤能源,2023-09-06,三接四阴,—,阴,-4.01,大阴-5~-3,-4.3,-3.2,-3.5,-4.9,0,下,0.82,-1.11,断16~60天,46.0,1.0,9.2,-2.7,06-28,下影+1→一字+10→下影+8,10.07,-12.2,-12.2,2023-09,2023
600792.SSE,云煤能源,2023-11-13,二接三阴,—,阴,-2.16,小阴-3~0,-1.1,1.0,3.6,4.1,3,上,4.08,1.71,断4~7天,6.0,1.0,6.4,-4.5,10-31,下影+0→下影+4,1.62,-9.96,-9.96,2023-11,2023
600792.SSE,云煤能源,2025-06-17,二接三阴,—,阴,-0.89,小阴-3~0,-0.3,0.5,1.2,2.8,3,上,1.4,1.25,60日内无板,,,,,,下影+0→一字+10,10.1,-18.57,-18.57,2025-06,2025
600793.SSE,宜宾纸业,2025-05-21,二接三阳,—,阳,5.09,巨阳≥5,0.5,-5.0,2.5,11.8,3,下,1.15,6.13,断8~15天,9.0,1.0,1.4,-15.4,04-30,下影+4→实体+3,3.17,10.0,10.79,2025-05,2025
600793.SSE,宜宾纸业,2025-05-22,三接四阳,—,阳,5.09,巨阳≥5,0.5,-5.0,2.5,11.8,3,下,1.15,6.13,断8~15天,9.0,1.0,1.4,-15.4,04-30,下影+4→实体+3→下影+3,-3.25,0.72,0.72,2025-05,2025
600793.SSE,宜宾纸业,2026-07-03,二接三阳,—,阳,0.0,小阳0~3,-0.9,-4.8,-8.5,-12.4,0,下,-5.2,-4.33,断4~7天,5.0,1.0,-5.2,-18.1,06-23,实体+0→实体+1,10.03,9.99,14.99,2026-07,2026
600793.SSE,宜宾纸业,2026-07-06,三接四阳,—,阳,0.0,小阳0~3,-0.9,-4.8,-8.5,-12.4,0,下,-5.2,-4.33,断4~7天,5.0,1.0,-5.2,-18.1,06-23,实体+0→实体+1→实体+10,9.93,9.99,4.54,2026-07,2026
600794.SSE,保税科技,2025-04-21,二接三阳,—,阳,1.34,小阳0~3,2.8,8.1,8.0,8.0,4,上,2.79,1.11,断4~7天,4.0,1.0,13.4,-4.4,04-10,下影+0→下影+6,6.77,9.92,12.5,2025-04,2025
600796.SSE,钱江生化,2024-12-05,二接三阳,—,阳,2.51,小阳0~3,2.9,4.0,4.5,5.9,4,上,1.39,1.25,60日内无板,,,,,,下影+0→下影+4,-6.07,10.06,11.19,2024-12,2024
600796.SSE,钱江生化,2024-12-06,三接四阳,—,阳,2.51,小阳0~3,2.9,4.0,4.5,5.9,4,上,1.39,1.25,60日内无板,,,,,,下影+0→下影+4→下影-6,-0.14,10.04,1.03,2024-12,2024
600798.SSE,宁波海运,2025-04-11,二接三阴,—,阴,-0.36,小阴-3~0,-6.0,-8.6,-10.4,-9.3,0,下,-4.03,-0.11,60日内无板,,,,,,下影-1→下影+5,9.97,-8.79,-8.79,2025-04,2025
600800.SSE,渤海化学,2024-11-19,二接三阴,—,阴,-2.15,小阴-3~0,-3.5,-1.5,3.2,6.6,2,下,3.47,4.94,60日内无板,,,,,,实体-1→下影+1,1.82,9.92,31.68,2024-11,2024
600800.SSE,渤海化学,2025-04-18,二接三阴,—,阴,-0.73,小阴-3~0,2.9,-0.0,-7.5,-8.5,2,上,-9.3,-3.34,断8~15天,12.0,1.0,-14.3,-35.8,03-27,下影-0→下影-1,0.0,-13.81,-13.81,2025-04,2025
600801.SSE,华新建材,2024-10-08,二接三阳,—,阳,7.4,巨阳≥5,9.2,12.0,11.3,5.4,4,上,0.63,-1.57,60日内无板,,,,,,实体+3→下影+4,9.98,-18.79,-18.79,2024-10,2024
600801.SSE,华新建材,2025-07-23,二接三阴,—,阴,-0.61,小阴-3~0,-0.6,0.7,4.7,5.8,3,上,3.71,2.52,60日内无板,,,,,,一字+10→一字+10,10.03,4.82,4.82,2025-07,2025
600802.SSE,福建水泥,2025-10-29,二接三阴,—,阴,1.21,小阳0~3,1.1,2.2,3.8,5.2,4,上,-0.05,1.61,60日内无板,,,,,,下影-0→下影+3,10.0,-8.71,-8.71,2025-10,2025
600807.SSE,济高发展,2023-12-14,二接三阳,—,阳,0.9,小阳0~3,-1.8,-1.4,-0.8,1.0,1,下,0.03,0.79,60日内无板,,,,,,下影+1→一字+10,10.07,-7.59,-7.59,2023-12,2023
600807.SSE,济高发展,2024-03-14,二接三阳,—,阳,3.8,大阳3~5,3.3,3.1,7.5,1.3,4,上,1.22,-2.42,断16~60天,55.0,3.0,-33.0,-54.9,12-14,实体+3→下影+10,5.15,-18.18,-18.18,2024-03,2024
600807.SSE,济高发展,2024-10-29,二接三阳,—,阳,4.58,大阳3~5,10.1,19.4,28.6,36.3,4,上,10.22,9.17,断1天,1.0,1.0,15.0,-3.8,10-23,下影+1→下影+7,0.8,-2.56,-2.56,2024-10,2024
600809.SSE,山西汾酒,2024-09-30,二接三阴,B1,阴,-0.36,小阴-3~0,3.9,5.2,1.4,-2.6,3,上,-2.37,-3.1,60日内无板,,,,,,下影+0→下影+6,8.55,5.44,5.44,2024-09,2024
600809.SSE,山西汾酒,2024-10-08,三接四阴,—,阴,-0.36,小阴-3~0,3.9,5.2,1.4,-2.6,3,上,-2.37,-3.1,60日内无板,,,,,,下影+0→下影+6→下影+9,10.0,-13.73,-13.73,2024-10,2024
600814.SSE,杭州解百,2024-12-13,二接三阴,—,阴,2.32,小阳0~3,1.2,2.4,6.0,6.6,4,上,4.11,1.25,60日内无板,,,,,,实体+0→实体+3,7.27,-3.1,-12.81,2024-12,2024
600814.SSE,杭州解百,2026-02-06,二接三阳,—,阳,1.25,小阳0~3,0.5,-0.9,-2.3,-2.6,1,下,-2.9,-0.39,60日内无板,,,,,,实体-0→下影+3,10.0,-0.65,-0.65,2026-02,2026
600815.SSE,厦工股份,2025-11-06,二接三阳,—,阳,0.0,小阳0~3,-3.7,-2.9,3.5,5.3,2,下,6.52,3.94,断4~7天,4.0,1.0,-2.0,-12.8,10-28,下影+1→下影+10,1.89,-10.54,-10.54,2025-11,2025
600816.SSE,建元信托,2024-01-26,三接四阴,—,阴,-4.46,大阴-5~-3,-4.5,-6.1,-7.8,-10.0,0,下,-1.93,-1.97,断16~60天,53.0,1.0,-24.7,-32.2,11-07,下影+0→一字+10→一字+10,5.56,-17.29,-17.29,2024-01,2024
600816.SSE,建元信托,2025-09-18,二接三阳,—,阳,1.38,小阳0~3,1.9,1.9,-1.4,-1.6,2,上,-2.96,-1.23,断16~60天,58.0,1.0,8.8,-5.4,06-25,下影+1→下影+7,5.63,-17.65,-17.65,2025-09,2025
600817.SSE,宇通重工,2024-07-23,二接三阳,—,阳,-1.97,小阴-3~0,-3.7,-2.2,-2.6,-4.9,0,下,0.47,-1.36,60日内无板,,,,,,下影-0→下影+4,3.94,-6.78,-6.78,2024-07,2024
600817.SSE,宇通重工,2024-07-24,三接四阳,—,阳,-1.97,小阴-3~0,-3.7,-2.2,-2.6,-4.9,0,下,0.47,-1.36,60日内无板,,,,,,下影-0→下影+4→下影+4,7.82,-21.06,-21.06,2024-07,2024
600819.SSE,耀皮玻璃,2024-01-16,二接三阳,—,阳,1.38,小阳0~3,1.3,0.9,2.3,2.7,4,上,1.63,0.75,60日内无板,,,,,,下影+0→一字+10,5.61,-1.9,-1.9,2024-01,2024
600819.SSE,耀皮玻璃,2024-03-12,二接三阳,—,阳,-0.23,小阴-3~0,0.6,-0.2,4.4,-4.9,2,下,3.87,-6.09,断8~15天,14.0,1.0,28.6,2.4,02-08,下影+0→下影+2,5.71,-15.74,-15.74,2024-03,2024
600819.SSE,耀皮玻璃,2025-07-04,二接三阳,—,阳,0.34,小阳0~3,1.1,1.9,-0.2,1.2,3,上,-1.05,0.39,60日内无板,,,,,,实体+0→下影+10,4.67,-12.87,-12.87,2025-07,2025
600821.SSE,金开新能,2026-03-10,二接三阴,—,阴,-0.64,小阴-3~0,3.9,11.2,21.8,27.6,4,上,14.58,7.86,断1天,1.0,1.0,9.3,-3.4,03-04,实体+3→一字+10,10.04,-5.09,-5.09,2026-03,2026
600822.SSE,上海物贸,2023-06-07,二接三阴,—,阴,-5.95,巨阴≤-5,1.3,3.5,3.1,6.3,4,上,0.69,2.12,断1天,1.0,1.0,3.5,-6.2,06-01,实体-0→下影+4,-3.16,10.0,38.69,2023-06,2023
600822.SSE,上海物贸,2023-06-08,三接四阴,—,阴,-5.95,巨阴≤-5,1.3,3.5,3.1,6.3,4,上,0.69,2.12,断1天,1.0,1.0,3.5,-6.2,06-01,实体-0→下影+4→实体-3,1.64,9.99,26.08,2023-06,2023
600822.SSE,上海物贸,2025-07-15,二接三阳,—,阳,1.42,小阳0~3,-0.1,0.1,0.9,-0.6,2,上,0.95,-0.64,断16~60天,49.0,2.0,-5.2,-17.9,04-28,下影+1→下影+10,0.0,10.0,15.79,2025-07,2025
600822.SSE,上海物贸,2025-07-16,三接四阳,—,阳,1.42,小阳0~3,-0.1,0.1,0.9,-0.6,2,上,0.95,-0.64,断16~60天,49.0,2.0,-5.2,-17.9,04-28,下影+1→下影+10→下影+0,8.05,9.98,5.26,2025-07,2025
600824.SSE,益民集团,2024-12-13,二接三阴,—,阴,0.76,小阳0~3,0.1,0.4,4.1,5.7,4,上,3.79,1.69,60日内无板,,,,,,实体+3→下影+10,9.96,10.0,19.81,2024-12,2024
600824.SSE,益民集团,2025-01-06,二接三阴,—,阴,-2.61,小阴-3~0,-3.2,-14.2,-9.4,-2.1,0,下,-6.57,3.47,断8~15天,9.0,6.0,-30.2,-38.0,12-18,下影+0→下影+1,-1.85,-15.63,-15.63,2025-01,2025
600825.SSE,新华传媒,2024-10-22,二接三阴,—,阴,-0.21,小阴-3~0,1.0,-1.3,5.9,11.3,3,下,2.98,4.8,60日内无板,,,,,,下影-1→下影+4,0.0,-8.52,-8.52,2024-10,2024
600825.SSE,新华传媒,2024-10-29,二接三阳,—,阳,-3.51,大阴-5~-3,-2.6,7.0,12.9,21.6,3,上,8.5,10.25,断2~3天,2.0,3.0,-2.9,-12.9,10-22,实体+0→下影+4,9.94,-5.48,-5.48,2024-10,2024
600826.SSE,兰生股份,2024-02-20,二接三阴,—,阴,-1.73,小阴-3~0,-5.6,-17.0,-18.9,-20.4,0,下,-6.49,-4.84,断8~15天,10.0,1.0,-15.9,-30.7,01-24,下影+7→一字+10,5.45,-7.16,-7.16,2024-02,2024
600826.SSE,兰生股份,2024-10-09,二接三阳,—,阳,4.69,大阳3~5,6.8,9.4,11.9,14.6,4,上,1.56,3.63,断8~15天,13.0,1.0,17.8,-8.4,09-06,下影+10→一字+10,6.74,-9.96,-9.96,2024-10,2024
600826.SSE,兰生股份,2024-11-15,二接三阴,—,阴,-1.17,小阴-3~0,-2.2,0.5,3.3,5.3,3,上,3.63,1.31,断16~60天,25.0,2.0,10.6,-9.8,10-08,一字+10→下影+10,0.0,9.97,14.61,2024-11,2024
600826.SSE,兰生股份,2024-11-18,三接四阴,—,阴,-1.17,小阴-3~0,-2.2,0.5,3.3,5.3,3,上,3.63,1.31,断16~60天,25.0,2.0,10.6,-9.8,10-08,一字+10→下影+10→下影+0,8.0,4.22,4.22,2024-11,2024
600826.SSE,兰生股份,2025-07-15,二接三阳,—,阳,0.37,小阳0~3,1.3,0.6,2.5,3.0,4,上,1.46,0.3,断16~60天,59.0,1.0,9.0,-9.1,04-14,实体+1→一字+10,10.01,10.02,27.76,2025-07,2025
600828.SSE,茂业商业,2024-01-15,二接三阳,—,阳,1.03,小阳0~3,2.4,4.2,3.4,2.6,4,上,1.01,-0.26,60日内无板,,,,,,下影+1→下影+0,5.04,3.05,3.05,2024-01,2024
600828.SSE,茂业商业,2024-01-16,三接四阳,—,阳,1.03,小阳0~3,2.4,4.2,3.4,2.6,4,上,1.01,-0.26,60日内无板,,,,,,下影+1→下影+0→下影+5,7.06,-15.62,-15.62,2024-01,2024
600828.SSE,茂业商业,2024-12-13,二接三阴,—,阴,0.53,小阳0~3,2.6,6.0,12.1,13.9,4,上,7.24,3.08,断2~3天,2.0,1.0,7.5,-6.0,12-06,实体-2→下影+10,10.07,1.19,-8.95,2024-12,2024
600828.SSE,茂业商业,2025-04-28,二接三阴,—,阴,-5.77,巨阴≤-5,-3.1,-0.8,6.1,5.5,2,下,9.21,2.62,断4~7天,7.0,1.0,6.2,-7.0,04-14,下影+2→一字+10,10.11,10.02,7.31,2025-04,2025
600828.SSE,茂业商业,2025-04-29,三接四阴,—,阴,-5.77,巨阴≤-5,-3.1,-0.8,6.1,5.5,2,下,9.21,2.62,断4~7天,7.0,1.0,6.2,-7.0,04-14,下影+2→一字+10→下影+10,-0.21,-2.47,-2.47,2025-04,2025
600828.SSE,茂业商业,2025-11-28,三接四阳,—,阳,3.19,大阳3~5,-1.1,-2.6,-0.2,1.2,1,下,0.96,0.95,60日内无板,,,,,,下影+0→下影+6→一字+10,10.02,-3.41,-3.41,2025-11,2025
600828.SSE,茂业商业,2025-12-11,二接三阴,—,阴,-2.32,小阴-3~0,-2.2,2.5,17.1,24.8,3,上,18.22,10.15,断4~7天,4.0,1.0,-0.8,-17.3,12-02,下影-3→下影+8,2.1,-17.86,-17.86,2025-12,2025
600828.SSE,茂业商业,2026-01-13,二接三阳,—,阳,3.76,大阳3~5,5.9,5.6,0.9,2.8,4,上,-2.28,-0.06,断4~7天,6.0,1.0,11.0,-10.6,12-29,下影-2→下影+10,6.11,-8.87,-8.87,2026-01,2026
600828.SSE,茂业商业,2026-09-03,二接三阴,—,阴,-2.93,小阴-3~0,-1.1,-0.0,-0.0,2.9,3,上,0.15,1.47,60日内无板,,,,,,实体-0→下影+10,-2.29,-6.05,-6.05,2026-09,2026
600829.SSE,人民同泰,2024-09-06,二接三阳,—,阳,2.1,小阳0~3,0.8,1.2,-2.5,-3.7,2,上,-2.69,-2.31,60日内无板,,,,,,实体-1→下影+8,4.48,-17.39,-17.39,2024-09,2024
600829.SSE,人民同泰,2024-12-16,二接三阳,—,阳,0.92,小阳0~3,2.6,3.3,5.6,5.8,4,上,2.96,-0.52,断16~60天,23.0,1.0,9.9,-11.4,11-08,实体+0→下影+6,8.37,-9.95,-9.95,2024-12,2024
600829.SSE,人民同泰,2024-12-17,三接四阳,—,阳,0.92,小阳0~3,2.6,3.3,5.6,5.8,4,上,2.96,-0.52,断16~60天,23.0,1.0,9.9,-11.4,11-08,实体+0→下影+6→下影+8,9.85,-23.32,-23.32,2024-12,2024
600829.SSE,人民同泰,2025-07-21,二接三阳,—,阳,2.14,小阳0~3,0.9,1.5,3.1,1.2,4,上,1.48,0.63,60日内无板,,,,,,实体+0→一字+10,9.96,-6.5,-6.5,2025-07,2025
600830.SSE,香溢融通,2024-01-26,二接三阳,—,阳,-1.23,小阴-3~0,-2.4,0.8,2.4,2.2,3,上,3.07,1.56,断16~60天,43.0,1.0,10.4,-8.7,11-22,下影-1→下影+10,10.02,-10.04,-10.04,2024-01,2024
600830.SSE,香溢融通,2024-01-29,三接四阳,A1,阳,-1.23,小阴-3~0,-2.4,0.8,2.4,2.2,3,上,3.07,1.56,断16~60天,43.0,1.0,10.4,-8.7,11-22,下影-1→下影+10→下影+10,6.42,-26.43,-26.43,2024-01,2024
600830.SSE,香溢融通,2026-09-03,二接三阳,—,阳,-0.36,小阴-3~0,-0.3,1.5,2.6,3.9,3,上,1.82,1.33,60日内无板,,,,,,实体+0→下影+3,3.45,-12.35,-12.35,2026-09,2026
600833.SSE,第一医药,2024-12-13,二接三阴,—,阴,-0.97,小阴-3~0,-0.3,-0.6,-1.9,-3.5,0,下,-0.51,-2.49,断16~60天,27.0,1.0,4.6,-9.7,11-01,下影+6→下影+8,-2.37,-9.74,-9.74,2024-12,2024
600834.SSE,申通地铁,2024-07-25,二接三阳,B2,阳,0.44,小阳0~3,-1.2,0.5,2.9,3.0,3,上,3.29,1.27,60日内无板,,,,,,下影+1→下影-1,4.43,4.13,4.13,2024-07,2024
600834.SSE,申通地铁,2024-07-26,三接四阳,—,阳,0.44,小阳0~3,-1.2,0.5,2.9,3.0,3,上,3.29,1.27,60日内无板,,,,,,下影+1→下影-1→实体+4,6.52,-0.49,-0.49,2024-07,2024
600837.SSE,海通证券,2024-10-14,二接三阳,—,阳,3.79,大阳3~5,2.5,2.0,1.9,1.4,4,上,-0.77,-0.13,60日内无板,,,,,,一字+10→一字+10,9.98,-7.28,-7.28,2024-10,2024
600838.SSE,上海九百,2024-09-10,二接三阳,—,阳,1.79,小阳0~3,1.7,2.7,1.5,-0.9,3,上,0.33,-1.67,60日内无板,,,,,,下影+0→下影+5,10.0,-10.01,-10.01,2024-09,2024
600838.SSE,上海九百,2025-12-22,二接三阳,—,阳,3.85,大阳3~5,4.5,3.0,2.4,2.0,4,上,-2.09,-1.01,60日内无板,,,,,,下影+0→实体+0,7.12,-1.48,-1.48,2025-12,2025
600839.SSE,四川长虹,2024-10-18,二接三阴,—,阴,-1.46,小阴-3~0,1.9,5.0,13.3,15.8,4,上,9.54,4.36,断4~7天,5.0,2.0,3.1,-14.5,10-08,下影-1→下影+3,5.7,9.99,35.51,2024-10,2024
600839.SSE,四川长虹,2024-10-30,二接三阳,—,阳,2.37,小阳0~3,8.7,30.5,58.4,76.1,4,上,33.74,23.86,断2~3天,2.0,6.0,14.7,-8.4,10-23,下影+2→下影+10,2.79,10.01,-1.0,2024-10,2024
600839.SSE,四川长虹,2024-10-31,三接四阳,—,阳,2.37,小阳0~3,8.7,30.5,58.4,76.1,4,上,33.74,23.86,断2~3天,2.0,6.0,14.7,-8.4,10-23,下影+2→下影+10→下影+3,10.01,-10.01,-10.01,2024-10,2024
600841.SSE,动力新科,2024-07-15,二接三阳,—,阳,1.26,小阳0~3,0.0,-2.2,-4.2,-8.3,1,下,-2.47,-3.3,60日内无板,,,,,,下影+2→下影-1,10.05,-8.43,-8.43,2024-07,2024
600841.SSE,动力新科,2024-07-29,二接三阴,—,阴,-9.59,巨阴≤-5,-4.8,1.9,12.9,15.5,3,上,16.41,7.15,断2~3天,3.0,2.0,1.3,-8.4,07-19,实体-5→下影+6,0.2,-2.71,-2.71,2024-07,2024
600841.SSE,动力新科,2024-11-08,二接三阳,—,阳,1.01,小阳0~3,-1.0,2.9,9.6,13.9,3,上,8.93,4.17,断4~7天,4.0,1.0,7.4,-9.7,10-30,一字+10→下影+10,3.63,-5.55,-5.55,2024-11,2024
600843.SSE,上工申贝,2024-03-13,二接三阳,—,阳,0.22,小阳0~3,0.8,0.2,4.8,-1.8,3,上,2.52,-4.18,60日内无板,,,,,,实体+1→一字+10,10.05,-13.79,-13.79,2024-03,2024
600843.SSE,上工申贝,2024-10-25,二接三阴,—,阴,1.4,小阳0~3,8.3,13.1,18.1,21.6,4,上,3.55,4.52,断1天,1.0,1.0,11.5,-3.2,10-21,实体-5→下影+10,9.55,10.04,41.04,2024-10,2024
600844.SSE,金煤科技,2026-03-30,二接三阳,—,阳,0.24,小阳0~3,4.7,3.7,11.3,16.9,4,上,5.26,5.35,断2~3天,2.0,1.0,12.7,-4.5,03-23,下影-1→下影+0,10.02,-11.29,-11.29,2026-03,2026
600847.SSE,万里股份,2024-09-10,二接三阳,—,阳,0.14,小阳0~3,0.1,0.1,0.4,1.0,4,上,0.29,0.28,60日内无板,,,,,,下影+4→下影+9,10.05,-7.63,-7.63,2024-09,2024
600851.SSE,海欣股份,2024-12-16,二接三阳,—,阳,2.82,小阳0~3,1.9,1.2,2.9,2.6,4,上,1.14,-0.39,断16~60天,46.0,2.0,1.0,-19.1,10-08,下影+0→下影+6,-2.67,-9.95,-9.95,2024-12,2024
600851.SSE,海欣股份,2026-06-23,二接三阴,—,阴,-3.94,大阴-5~-3,-0.9,0.0,-3.3,-5.8,1,上,-3.46,-1.5,断16~60天,17.0,1.0,0.5,-13.4,05-25,实体+0→下影+7,2.38,3.81,3.81,2026-06,2026
600851.SSE,海欣股份,2026-06-24,三接四阴,—,阴,-3.94,大阴-5~-3,-0.9,0.0,-3.3,-5.8,1,上,-3.46,-1.5,断16~60天,17.0,1.0,0.5,-13.4,05-25,实体+0→下影+7→实体+2,8.54,-8.51,-8.51,2026-06,2026
600853.SSE,龙建股份,2023-10-27,二接三阳,—,阳,4.18,大阳3~5,-1.2,-6.3,-9.8,-10.5,0,下,-7.05,-2.78,60日内无板,,,,,,下影+10→下影+5,9.94,-12.99,-12.99,2023-10,2023
600855.SSE,航天长峰,2024-04-24,二接三阳,—,阳,-0.26,小阴-3~0,1.2,-3.2,-9.0,-10.8,1,下,-7.25,-4.37,断16~60天,43.0,1.0,9.8,-7.4,02-08,下影+1→下影+2,5.72,-13.25,-13.25,2024-04,2024
600855.SSE,航天长峰,2024-08-02,二接三阳,—,阳,1.48,小阳0~3,4.3,6.6,4.2,2.3,4,上,0.07,-2.3,断16~60天,25.0,1.0,10.2,-11.9,06-25,实体-2→一字+10,7.67,-13.86,-13.86,2024-08,2024
600855.SSE,航天长峰,2025-05-09,二接三阳,—,阳,3.2,大阳3~5,3.7,3.3,4.4,2.6,4,上,-0.13,-0.66,60日内无板,,,,,,下影+4→一字+10,10.02,0.62,0.62,2025-05,2025
600858.SSE,银座股份,2025-01-09,二接三阴,—,阴,-6.59,巨阴≤-5,-10.8,-8.7,-10.9,-9.4,0,下,-1.27,0.52,断4~7天,5.0,1.0,-6.2,-15.8,12-27,下影-0→下影+1,9.95,-9.98,-9.98,2025-01,2025
600860.SSE,京城股份,2023-06-27,二接三阴,—,阴,-1.74,小阴-3~0,-2.0,-3.0,-6.3,-7.8,0,下,-3.36,-2.36,60日内无板,,,,,,下影-0→下影+4,4.88,3.55,3.55,2023-06,2023
600860.SSE,京城股份,2023-06-28,三接四阴,—,阴,-1.74,小阴-3~0,-2.0,-3.0,-6.3,-7.8,0,下,-3.36,-2.36,60日内无板,,,,,,下影-0→下影+4→下影+5,9.98,-9.21,-9.21,2023-06,2023
600860.SSE,京城股份,2024-03-01,二接三阳,—,阳,1.07,小阳0~3,5.2,13.4,7.4,-2.8,3,上,4.41,-5.93,断4~7天,7.0,1.0,34.5,1.3,02-08,下影+1→下影+3,9.98,-15.97,-15.97,2024-03,2024
600861.SSE,北京人力,2024-09-30,二接三阴,—,阴,-0.28,小阴-3~0,3.6,4.0,4.3,3.6,4,上,0.55,0.54,60日内无板,,,,,,下影+3→下影+7,1.5,2.2,2.2,2024-09,2024
600865.SSE,百大集团,2024-10-30,二接三阳,—,阳,6.07,巨阳≥5,6.4,8.2,10.5,15.1,4,上,0.54,4.41,60日内无板,,,,,,下影+1→下影+9,9.56,10.03,-0.96,2024-10,2024
600865.SSE,百大集团,2024-10-31,三接四阳,—,阳,6.07,巨阳≥5,6.4,8.2,10.5,15.1,4,上,0.54,4.41,60日内无板,,,,,,下影+1→下影+9→下影+10,10.03,-9.98,-9.98,2024-10,2024
600865.SSE,百大集团,2025-04-22,二接三阳,—,阳,2.41,小阳0~3,2.3,5.8,6.2,4.9,4,上,2.77,-0.32,断16~60天,55.0,1.0,3.5,-21.3,01-21,实体-1→下影+9,10.01,-8.7,-8.7,2025-04,2025
600865.SSE,百大集团,2025-12-15,二接三阳,—,阳,0.51,小阳0~3,1.4,1.7,3.4,4.2,4,上,3.19,0.79,60日内无板,,,,,,下影-0→下影+3,-2.44,10.02,37.8,2025-12,2025
600868.SSE,梅雁吉祥,2025-10-15,二接三阳,—,阳,0.36,小阳0~3,1.3,0.8,-1.4,-1.7,2,上,-3.3,-1.1,60日内无板,,,,,,下影+0→下影+6,-0.9,-12.02,-12.02,2025-10,2025
600869.SSE,远东股份,2026-01-08,二接三阳,—,阳,1.99,小阳0~3,2.5,3.8,5.3,9.6,4,上,1.83,3.59,60日内无板,,,,,,下影+1→下影+3,5.14,-3.3,-3.3,2026-01,2026
600869.SSE,远东股份,2026-01-09,三接四阳,—,阳,1.99,小阳0~3,2.5,3.8,5.3,9.6,4,上,1.83,3.59,60日内无板,,,,,,下影+1→下影+3→实体+5,9.98,-9.33,-9.33,2026-01,2026
600871.SSE,石化油服,2026-01-30,二接三阴,—,阴,-0.74,小阴-3~0,2.9,7.9,13.4,16.9,4,上,6.82,4.88,断16~60天,52.0,1.0,13.5,-20.1,11-12,下影+4→下影+10,3.41,-13.52,-13.52,2026-01,2026
600871.SSE,石化油服,2026-03-04,二接三阳,—,阳,0.31,小阳0~3,0.9,3.3,6.2,14.3,4,上,2.17,7.01,断2~3天,3.0,1.0,9.6,-1.9,02-24,下影+10→一字+10,10.05,-6.56,-6.56,2026-03,2026
600875.SSE,东方电气,2025-07-23,二接三阳,—,阳,3.06,大阳3~5,2.9,3.4,5.4,6.1,4,上,1.88,1.1,60日内无板,,,,,,一字+10→一字+10,10.01,-2.32,-2.32,2025-07,2025
600879.SSE,航天电子,2026-01-12,二接三阳,—,阳,-0.92,小阴-3~0,7.7,18.3,32.3,50.0,4,上,12.92,15.74,断1天,1.0,1.0,9.0,-4.7,01-06,实体-1→下影+5,6.31,-10.01,-10.01,2026-01,2026
600880.SSE,博瑞传播,2024-12-17,二接三阳,—,阳,1.13,小阳0~3,2.1,4.6,8.5,10.0,4,上,3.5,2.24,断16~60天,48.0,1.0,27.2,-13.6,09-30,下影-1→下影+7,10.03,1.26,-8.84,2024-12,2024
600880.SSE,博瑞传播,2026-01-13,二接三阳,—,阳,1.03,小阳0~3,6.1,12.9,15.1,13.6,4,上,6.07,1.43,断2~3天,3.0,1.0,19.2,-0.6,01-05,实体+2→一字+10,9.97,-9.71,-9.71,2026-01,2026
600881.SSE,亚泰集团,2024-07-03,二接三阳,—,阳,3.66,大阳3~5,1.0,-8.3,-15.6,-24.1,1,下,-11.38,-9.88,断16~60天,59.0,2.0,-47.5,-57.0,03-29,一字+11→一字+10,9.71,1.77,1.77,2024-07,2024
600881.SSE,亚泰集团,2024-09-26,三接四阳,—,阳,1.92,小阳0~3,2.3,2.4,3.4,2.5,4,上,0.58,-0.15,断16~60天,55.0,3.0,3.5,-17.7,07-03,下影+1→下影+6→一字+10,2.82,10.26,19.87,2024-09,2024
600881.SSE,亚泰集团,2024-12-09,二接三阴,—,阴,-3.06,大阴-5~-3,0.6,3.4,-0.2,-2.3,2,上,0.49,-2.06,断16~60天,24.0,1.0,-5.4,-24.0,10-31,实体-2→下影+3,0.0,-15.02,-15.02,2024-12,2024
600881.SSE,亚泰集团,2024-12-13,二接三阴,—,阴,-3.59,大阴-5~-3,0.7,7.6,11.7,9.1,4,上,8.82,0.76,断2~3天,2.0,2.0,3.0,-7.4,12-06,下影+0→下影+10,6.9,0.7,-9.41,2024-12,2024
600881.SSE,亚泰集团,2026-08-13,二接三阴,—,阴,-1.73,小阴-3~0,-2.0,-3.5,-2.4,1.8,1,下,1.27,3.32,断16~60天,16.0,1.0,0.5,-16.1,07-17,下影+0→下影+2,4.37,-3.96,-3.96,2026-08,2026
600892.SSE,大晟文化,2026-08-06,二接三阳,—,阳,1.47,小阳0~3,3.9,7.7,5.8,2.5,4,上,0.41,-2.14,60日内无板,,,,,,下影+1→下影+7,10.1,-10.04,-10.04,2026-08,2026
600892.SSE,大晟文化,2026-09-03,三接四阳,—,阳,0.75,小阳0~3,1.8,3.7,2.7,9.7,4,上,0.83,4.64,断16~60天,16.0,3.0,-3.5,-20.5,08-06,下影+0→一字+10→一字+10,0.0,-16.64,-16.64,2026-09,2026
600895.SSE,张江高科,2023-09-08,二接三阳,—,阳,1.69,小阳0~3,-0.1,5.1,5.7,3.8,3,上,4.33,-0.72,断16~60天,36.0,1.0,14.9,-9.3,07-17,下影+0→下影+8,5.5,10.01,13.9,2023-09,2023
600895.SSE,张江高科,2023-09-11,三接四阳,A1,阳,1.69,小阳0~3,-0.1,5.1,5.7,3.8,3,上,4.33,-0.72,断16~60天,36.0,1.0,14.9,-9.3,07-17,下影+0→下影+8→实体+6,9.73,3.54,3.54,2023-09,2023
600903.SSE,贵州燃气,2026-05-20,二接三阳,—,阳,4.43,大阳3~5,13.1,18.4,22.5,23.9,4,上,5.55,2.99,断1天,1.0,2.0,14.9,-4.2,05-14,实体-5→下影+7,6.19,-6.29,-6.29,2026-05,2026
600906.SSE,财达证券,2023-08-03,二接三阳,—,阳,0.88,小阳0~3,4.1,6.9,8.4,9.6,4,上,2.77,2.04,60日内无板,,,,,,下影-1→下影+4,10.05,-6.99,-6.99,2023-08,2023
600906.SSE,财达证券,2024-10-08,二接三阳,—,阳,7.79,巨阳≥5,9.1,12.6,15.3,15.5,4,上,4.04,2.13,60日内无板,,,,,,下影+4→下影+10,9.96,-9.97,-9.97,2024-10,2024
600916.SSE,中国黄金,2026-01-27,二接三阳,—,阳,-1.3,小阴-3~0,0.9,1.4,2.2,2.8,4,上,0.82,0.66,60日内无板,,,,,,下影+1→下影+5,6.21,10.04,31.66,2026-01,2026
600927.SSE,永安期货,2025-07-09,二接三阳,—,阳,1.21,小阳0~3,-0.6,-0.9,-1.2,2.8,1,下,1.14,2.12,断16~60天,19.0,1.0,5.5,-11.9,06-09,实体+0→下影+2,-0.06,-9.58,-9.58,2025-07,2025
600936.SSE,北投科技,2023-07-25,二接三阴,—,阴,-0.78,小阴-3~0,-0.8,-1.2,-1.2,-4.3,0,下,-0.13,-2.43,60日内无板,,,,,,实体+3→下影+0,9.91,-6.86,-6.86,2023-07,2023
600936.SSE,北投科技,2024-08-30,二接三阴,—,阴,-2.49,小阴-3~0,-2.0,-3.7,-4.3,-3.2,0,下,-1.26,0.22,60日内无板,,,,,,下影+0→下影-1,0.0,-9.92,-9.92,2024-08,2024
600936.SSE,北投科技,2025-01-22,二接三阳,—,阳,-1.41,小阴-3~0,0.6,1.7,-2.1,-9.6,2,上,-1.64,-5.87,断16~60天,37.0,1.0,-9.4,-25.0,11-26,一字+10→一字+10,10.03,-9.92,-9.92,2025-01,2025
600936.SSE,北投科技,2025-12-15,二接三阴,—,阴,-0.29,小阴-3~0,-0.5,-2.2,-4.1,-5.5,0,下,-1.56,-2.0,60日内无板,,,,,,实体+8→下影+8,1.7,-9.96,-9.96,2025-12,2025
600936.SSE,北投科技,2026-05-11,二接三阳,—,阳,3.39,大阳3~5,4.2,5.3,4.8,6.4,4,上,-0.54,0.67,60日内无板,,,,,,下影+1→下影+6,3.29,-9.49,-9.49,2026-05,2026
600939.SSE,重庆建工,2025-11-10,二接三阳,—,阳,2.5,小阳0~3,1.5,-1.1,-1.4,-2.1,1,下,-1.49,-0.73,60日内无板,,,,,,下影+1→一字+10,5.79,-0.46,-0.46,2025-11,2025
600939.SSE,重庆建工,2025-11-11,三接四阳,—,阳,2.5,小阳0~3,1.5,-1.1,-1.4,-2.1,1,下,-1.49,-0.73,60日内无板,,,,,,下影+1→一字+10→下影+6,2.97,-16.22,-16.22,2025-11,2025
600960.SSE,渤海汽车,2024-02-28,二接三阳,—,阳,4.19,大阳3~5,5.8,10.6,0.6,-5.3,3,上,-6.44,-5.32,断16~60天,51.0,1.0,-32.5,-52.7,12-05,下影+2→下影+4,4.86,-14.42,-14.42,2024-02,2024
600962.SSE,国投中鲁,2026-06-29,二接三阴,—,阴,-4.39,大阴-5~-3,-5.0,-4.7,-4.0,-4.8,0,下,1.99,-1.23,断4~7天,7.0,1.0,0.6,-11.2,06-12,下影+1→下影+4,5.17,-5.42,-5.42,2026-06,2026
600969.SSE,郴电国际,2024-05-29,三接四阴,—,阴,-3.51,大阴-5~-3,-3.0,-3.9,-0.2,1.6,1,下,1.76,3.57,60日内无板,,,,,,一字+10→一字+10→一字+10,9.96,-10.05,-10.05,2024-05,2024
600973.SSE,宝胜股份,2024-12-30,二接三阴,—,阴,-5.45,巨阴≤-5,-1.0,6.4,12.0,16.0,3,上,8.98,6.08,断1天,1.0,1.0,4.0,-8.7,12-24,下影-2→下影+10,5.88,-8.96,-8.96,2024-12,2024
600973.SSE,宝胜股份,2025-12-09,二接三阳,—,阳,1.9,小阳0~3,1.9,3.4,-1.3,-2.4,2,上,-2.47,-1.65,60日内无板,,,,,,下影-0→下影+7,4.17,-10.52,-10.52,2025-12,2025
600979.SSE,广安爱众,2024-11-25,二接三阳,—,阳,2.99,小阳0~3,2.9,0.7,1.6,3.7,4,上,-1.1,1.1,60日内无板,,,,,,下影+0→下影+3,0.22,-9.9,-9.9,2024-11,2024
600979.SSE,广安爱众,2024-12-03,二接三阴,—,阴,-9.49,巨阴≤-5,-7.6,1.9,7.3,10.9,3,上,10.99,6.24,断2~3天,3.0,3.0,-6.5,-15.4,11-25,实体+1→下影+8,-1.93,-7.88,-7.88,2024-12,2024
600979.SSE,广安爱众,2024-12-12,二接三阴,—,阴,-4.89,大阴-5~-3,-4.6,2.9,15.5,22.4,3,上,13.96,10.27,断2~3天,2.0,1.0,-0.2,-10.5,12-05,下影+3→下影+10,-5.97,10.0,-1.0,2024-12,2024
600979.SSE,广安爱众,2024-12-13,三接四阴,—,阴,-4.89,大阴-5~-3,-4.6,2.9,15.5,22.4,3,上,13.96,10.27,断2~3天,2.0,1.0,-0.2,-10.5,12-05,下影+3→下影+10→下影-6,-2.71,-10.0,-10.0,2024-12,2024
600980.SSE,北矿科技,2025-06-11,二接三阳,—,阳,0.35,小阳0~3,1.2,1.0,1.7,3.1,4,上,0.34,1.04,60日内无板,,,,,,下影+1→一字+10,10.01,10.02,27.47,2025-06,2025
600981.SSE,苏豪汇鸿,2023-12-08,二接三阳,—,阳,0.66,小阳0~3,3.2,4.8,7.2,8.6,4,上,2.77,2.1,60日内无板,,,,,,一字+10→一字+10,1.88,-19.32,-19.32,2023-12,2023
600981.SSE,苏豪汇鸿,2024-10-23,二接三阳,—,阳,1.98,小阳0~3,-0.5,-4.3,1.4,7.4,2,下,1.84,4.31,断8~15天,13.0,1.0,15.8,0.0,09-24,下影+3→下影+7,10.0,-7.64,-7.64,2024-10,2024
600981.SSE,苏豪汇鸿,2025-12-02,二接三阴,—,阴,-0.36,小阴-3~0,0.1,-3.7,-4.6,-4.6,1,下,-3.39,-1.15,60日内无板,,,,,,下影+0→下影-1,4.72,-2.68,-2.68,2025-12,2025
600981.SSE,苏豪汇鸿,2025-12-03,三接四阴,—,阴,-0.36,小阴-3~0,0.1,-3.7,-4.6,-4.6,1,下,-3.39,-1.15,60日内无板,,,,,,下影+0→下影-1→下影+5,9.92,-17.8,-17.8,2025-12,2025
600982.SSE,宁波能源,2024-12-19,三接四阳,—,阳,0.24,小阳0~3,1.1,2.7,5.0,5.2,4,上,2.9,1.09,60日内无板,,,,,,实体+4→下影+10→一字+10,9.98,-16.05,-16.05,2024-12,2024
600983.SSE,惠而浦,2024-12-10,二接三阳,—,阳,5.32,巨阳≥5,3.9,6.1,8.0,9.2,4,上,3.24,1.68,60日内无板,,,,,,下影+6→下影+3,9.97,-7.05,-7.05,2024-12,2024
600986.SSE,浙文互联,2025-02-14,二接三阴,—,阴,-4.31,大阴-5~-3,4.7,15.5,25.4,25.9,4,上,13.29,6.96,断1天,1.0,1.0,5.3,-4.8,02-10,实体-1→下影+4,4.99,-5.41,0.39,2025-02,2025
600986.SSE,浙文互联,2026-01-13,二接三阳,—,阳,5.34,巨阳≥5,6.6,11.9,13.3,6.5,4,上,6.95,-1.7,60日内无板,,,,,,下影-1→实体+7,9.96,4.91,-5.59,2026-01,2026
600990.SSE,四创电子,2024-05-09,二接三阳,—,阳,0.81,小阳0~3,-0.4,3.3,8.6,6.7,3,上,10.88,1.29,断4~7天,6.0,2.0,7.0,-9.3,04-23,实体+1→下影+6,-3.27,-10.0,-10.0,2024-05,2024
600996.SSE,贵广网络,2024-06-03,二接三阴,—,阴,-0.61,小阴-3~0,-2.4,-4.7,-6.6,-5.0,0,下,-2.13,0.16,60日内无板,,,,,,下影+2→下影+6,1.14,-0.57,-0.57,2024-06,2024
600996.SSE,贵广网络,2025-09-23,二接三阴,—,阴,-1.21,小阴-3~0,-1.1,-1.1,-2.5,-2.8,0,下,-0.27,-0.85,60日内无板,,,,,,实体+3→下影+4,10.01,-10.02,-10.02,2025-09,2025
600999.SSE,招商证券,2024-10-09,二接三阳,—,阳,6.45,巨阳≥5,8.9,13.1,16.0,16.8,4,上,4.01,2.29,60日内无板,,,,,,下影+9→一字+10,5.0,-9.18,-9.18,2024-10,2024
601002.SSE,晋亿实业,2024-11-01,二接三阴,—,阴,-1.89,小阴-3~0,0.6,3.3,4.2,9.4,4,上,2.0,4.22,断16~60天,56.0,1.0,20.1,-15.0,08-01,一字+10→下影+10,6.82,-1.65,-2.07,2024-11,2024
601003.SSE,柳钢股份,2025-07-03,二接三阳,—,阳,0.57,小阳0~3,0.2,-0.3,0.1,-0.1,2,下,-0.06,-0.26,断16~60天,40.0,1.0,18.3,-2.8,04-29,实体+0→下影+1,9.62,10.02,1.28,2025-07,2025
601003.SSE,柳钢股份,2025-07-04,三接四阳,—,阳,0.57,小阳0~3,0.2,-0.3,0.1,-0.1,2,下,-0.06,-0.26,断16~60天,40.0,1.0,18.3,-2.8,04-29,实体+0→下影+1→下影+10,2.35,-7.95,-7.95,2025-07,2025
601003.SSE,柳钢股份,2025-07-21,二接三阴,—,阴,-9.16,巨阴≤-5,-5.1,-2.4,14.9,23.1,2,下,18.28,11.36,断1天,1.0,1.0,0.0,-10.1,07-15,下影-0→下影+2,2.94,9.94,15.58,2025-07,2025
601003.SSE,柳钢股份,2025-07-22,三接四阴,—,阴,-9.16,巨阴≤-5,-5.1,-2.4,14.9,23.1,2,下,18.28,11.36,断1天,1.0,1.0,0.0,-10.1,07-15,下影-0→下影+2→实体+3,3.86,5.13,5.13,2025-07,2025
601007.SSE,金陵饭店,2025-04-18,二接三阳,—,阳,0.0,小阳0~3,1.4,2.6,1.4,1.4,4,上,-0.54,-0.2,60日内无板,,,,,,下影-1→下影+3,10.05,-12.14,-12.14,2025-04,2025
601008.SSE,连云港,2025-04-08,二接三阴,—,阴,-0.52,小阴-3~0,-0.2,-0.8,0.7,2.0,2,下,0.28,1.32,60日内无板,,,,,,实体-1→下影+4,5.77,10.1,27.96,2025-04,2025
601008.SSE,连云港,2025-05-15,二接三阴,—,阴,0.0,小阳0~3,-4.4,-8.2,-13.1,-4.7,0,下,-4.95,2.59,断8~15天,10.0,2.0,-13.9,-22.3,04-23,实体+3→下影+3,6.18,10.04,9.01,2025-05,2025
601008.SSE,连云港,2025-05-16,三接四阴,—,阴,0.0,小阳0~3,-4.4,-8.2,-13.1,-4.7,0,下,-4.95,2.59,断8~15天,10.0,2.0,-13.9,-22.3,04-23,实体+3→下影+3→下影+6,0.0,10.07,-0.94,2025-05,2025
601011.SSE,宝泰隆,2024-12-06,二接三阳,—,阳,0.36,小阳0~3,0.7,1.1,4.0,9.5,4,上,4.06,4.06,断8~15天,9.0,1.0,3.4,-13.9,11-20,下影+6→下影+6,7.14,-16.76,-16.76,2024-12,2024
601011.SSE,宝泰隆,2025-10-14,二接三阳,—,阳,3.12,大阳3~5,2.8,2.2,0.6,1.7,4,上,-2.68,0.48,60日内无板,,,,,,实体+3→一字+10,10.0,-9.34,-9.34,2025-10,2025
601020.SSE,华钰矿业,2024-05-29,二接三阳,—,阳,7.45,巨阳≥5,5.6,9.6,17.2,25.7,4,上,5.68,9.09,断16~60天,19.0,1.0,55.8,-1.1,04-24,下影+4→实体+5,5.92,-6.15,-6.15,2024-05,2024
601020.SSE,华钰矿业,2024-05-30,三接四阳,—,阳,7.45,巨阳≥5,5.6,9.6,17.2,25.7,4,上,5.68,9.09,断16~60天,19.0,1.0,55.8,-1.1,04-24,下影+4→实体+5→下影+6,9.95,-9.69,-9.69,2024-05,2024
601020.SSE,华钰矿业,2025-03-06,二接三阳,—,阳,2.95,小阳0~3,4.0,6.3,9.6,13.5,4,上,4.64,3.69,60日内无板,,,,,,下影+3→实体+0,1.89,7.84,13.63,2025-03,2025
601022.SSE,宁波远洋,2025-05-16,三接四阳,A1,阳,4.77,大阳3~5,3.8,5.6,5.7,5.2,4,上,1.48,0.87,60日内无板,,,,,,下影+5→下影+4→一字+10,9.98,4.91,4.91,2025-05,2025
601065.SSE,江盐集团,2023-08-24,二接三阳,—,阳,0.23,小阳0~3,2.3,4.6,4.6,3.9,4,上,1.86,0.36,断16~60天,46.0,1.0,8.8,-9.5,06-14,下影+2→实体+6,4.91,-4.17,-4.17,2023-08,2023
601066.SSE,中信建投,2024-10-08,二接三阳,—,阳,5.56,巨阳≥5,6.9,10.3,13.4,14.2,4,上,4.02,2.43,60日内无板,,,,,,下影+3→下影+10,10.01,-2.4,-2.4,2024-10,2024
601068.SSE,中铝国际,2024-01-29,二接三阳,—,阳,4.42,大阳3~5,2.3,-1.0,-3.9,-5.2,1,下,-4.03,-2.06,60日内无板,,,,,,实体-1→一字+10,3.88,-15.17,-15.17,2024-01,2024
601069.SSE,西部黄金,2025-09-03,二接三阳,—,阳,4.46,大阳3~5,3.1,3.9,2.6,2.0,4,上,-0.25,-0.02,断16~60天,55.0,1.0,2.2,-13.3,06-13,实体+5→实体+5,5.39,2.26,2.26,2025-09,2025
601086.SSE,国芳集团,2023-07-28,二接三阴,—,阴,-0.38,小阴-3~0,0.4,6.1,10.8,12.5,4,上,7.23,4.63,断2~3天,3.0,1.0,7.1,-7.4,07-20,下影-1→下影+4,-4.89,10.04,10.9,2023-07,2023
601086.SSE,国芳集团,2023-07-31,三接四阴,—,阴,-0.38,小阴-3~0,0.4,6.1,10.8,12.5,4,上,7.23,4.63,断2~3天,3.0,1.0,7.1,-7.4,07-20,下影-1→下影+4→下影-5,7.75,0.78,0.78,2023-07,2023
601086.SSE,国芳集团,2024-01-12,二接三阳,—,阳,2.81,小阳0~3,1.4,3.5,2.0,0.8,4,上,0.99,-0.4,60日内无板,,,,,,下影-1→下影+10,0.15,-12.19,-12.19,2024-01,2024
601086.SSE,国芳集团,2025-04-18,二接三阴,—,阴,-6.03,巨阴≤-5,6.1,28.4,50.7,59.2,4,上,35.12,16.52,断1天,1.0,7.0,3.3,-8.4,04-14,下影-2→下影-1,-0.47,9.99,8.96,2025-04,2025
601086.SSE,国芳集团,2025-04-21,三接四阴,—,阴,-6.03,巨阴≤-5,6.1,28.4,50.7,59.2,4,上,35.12,16.52,断1天,1.0,7.0,3.3,-8.4,04-14,下影-2→下影-1→下影-0,3.79,10.02,-0.94,2025-04,2025
601086.SSE,国芳集团,2026-09-01,二接三阳,—,阳,1.2,小阳0~3,0.7,-1.0,-3.2,-0.2,1,下,-3.53,0.82,断16~60天,21.0,1.0,7.9,-6.7,07-29,实体+2→下影+10,9.92,10.01,25.37,2026-09,2026
601096.SSE,宏盛华源,2024-01-12,二接三阴,—,阴,-7.44,巨阴≤-5,-1.9,-1.1,,,0,下,,,断2~3天,2.0,2.0,-0.2,-11.7,01-05,下影-5→下影-1,-1.92,-11.39,-11.39,2024-01,2024
601096.SSE,宏盛华源,2026-01-20,二接三阳,—,阳,1.62,小阳0~3,0.9,2.4,3.5,3.9,4,上,1.66,0.96,60日内无板,,,,,,下影+4→下影+0,1.69,-11.47,-11.47,2026-01,2026
601099.SSE,太平洋,2023-08-01,二接三阳,—,阳,2.8,小阳0~3,11.7,18.3,22.8,24.6,4,上,6.92,3.89,断1天,1.0,2.0,13.0,-2.8,07-26,下影+0→一字+10,5.0,1.14,1.14,2023-08,2023
601106.SSE,中国一重,2026-01-09,二接三阳,—,阳,0.74,小阳0~3,0.7,-0.5,4.5,12.4,3,下,4.53,6.19,断8~15天,9.0,2.0,6.2,-7.4,12-22,下影+1→下影+10,9.96,9.98,10.91,2026-01,2026
601106.SSE,中国一重,2026-01-12,三接四阳,—,阳,0.74,小阳0~3,0.7,-0.5,4.5,12.4,3,下,4.53,6.19,断8~15天,9.0,2.0,6.2,-7.4,12-22,下影+1→下影+10→下影+10,5.36,0.84,0.84,2026-01,2026
601116.SSE,三江购物,2023-06-15,二接三阴,—,阴,-0.95,小阴-3~0,-1.0,0.7,1.1,-0.3,2,上,1.96,-0.51,60日内无板,,,,,,实体-0→下影+2,0.43,-15.46,-15.46,2023-06,2023
601116.SSE,三江购物,2025-02-14,二接三阳,—,阳,2.8,小阳0~3,5.2,6.2,6.8,4.0,4,上,0.41,-1.03,断16~60天,36.0,1.0,-11.6,-31.1,12-12,实体+1→下影+3,-0.47,5.44,5.44,2025-02,2025
601116.SSE,三江购物,2025-02-17,三接四阳,—,阳,2.8,小阳0~3,5.2,6.2,6.8,4.0,4,上,0.41,-1.03,断16~60天,36.0,1.0,-11.6,-31.1,12-12,实体+1→下影+3→下影-0,2.4,-13.74,-13.74,2025-02,2025
601116.SSE,三江购物,2025-09-11,二接三阳,—,阳,-1.61,小阴-3~0,-0.5,4.1,8.1,8.4,3,上,5.96,3.07,断4~7天,5.0,1.0,12.2,-3.8,09-01,下影-0→下影+10,1.69,1.85,1.85,2025-09,2025
601116.SSE,三江购物,2026-01-15,三接四阳,—,阳,3.91,大阳3~5,6.1,8.8,7.5,4.5,4,上,-0.19,-1.27,断16~60天,30.0,1.0,-1.4,-22.1,11-26,实体+1→下影+5→一字+10,10.01,-14.85,-14.85,2026-01,2026
601127.SSE,赛力斯,2023-10-10,二接三阳,—,阳,0.08,小阳0~3,-0.2,1.3,10.9,20.8,3,上,8.35,9.88,断4~7天,7.0,1.0,9.3,-4.5,09-18,下影+1→下影+10,8.83,-2.54,-2.54,2023-10,2023
601133.SSE,柏诚股份,2024-11-26,二接三阴,—,阴,-0.26,小阴-3~0,1.5,-0.5,0.9,2.7,3,下,0.5,0.71,60日内无板,,,,,,下影+0→一字+10,10.01,-16.1,-16.1,2024-11,2024
601136.SSE,首创证券,2023-08-07,二接三阳,—,阳,2.82,小阳0~3,4.2,9.7,18.9,21.7,4,上,10.47,5.94,断2~3天,3.0,1.0,13.3,-2.0,07-28,下影+4→下影+5,4.12,-8.6,-8.6,2023-08,2023
601155.SSE,新城控股,2024-09-30,二接三阴,—,阴,0.47,小阳0~3,2.6,6.2,6.8,9.0,4,上,0.73,2.62,60日内无板,,,,,,实体+1→下影+7,10.04,1.95,1.95,2024-09,2024
601155.SSE,新城控股,2024-10-08,三接四阴,—,阴,0.47,小阳0~3,2.6,6.2,6.8,9.0,4,上,0.73,2.62,60日内无板,,,,,,实体+1→下影+7→下影+10,10.03,-14.75,-14.75,2024-10,2024
601162.SSE,天风证券,2024-09-26,二接三阳,—,阳,-0.36,小阴-3~0,-3.7,-2.8,5.8,6.9,2,下,9.0,3.72,断4~7天,4.0,1.0,1.0,-10.4,09-13,下影+3→一字+10,2.73,9.92,31.68,2024-09,2024
601177.SSE,杭齿前进,2025-02-14,二接三阳,—,阳,0.98,小阳0~3,0.6,1.4,6.4,8.1,4,上,3.47,3.27,60日内无板,,,,,,下影+3→一字+10,9.98,9.97,44.89,2025-02,2025
601177.SSE,杭齿前进,2025-02-17,三接四阳,—,阳,0.98,小阳0~3,0.6,1.4,6.4,8.1,4,上,3.47,3.27,60日内无板,,,,,,下影+3→一字+10→下影+10,3.48,10.02,31.76,2025-02,2025
601179.SSE,中国西电,2024-04-15,二接三阳,—,阳,0.74,小阳0~3,0.4,0.8,0.1,-0.1,3,上,-0.35,-0.78,60日内无板,,,,,,实体+4→下影+4,5.28,2.88,2.88,2024-04,2024
601188.SSE,龙江交通,2023-09-18,二接三阳,—,阳,1.65,小阳0~3,4.5,6.1,8.2,8.7,4,上,3.07,1.45,断1天,1.0,1.0,11.8,-3.0,09-12,下影-2→实体+3,8.93,9.94,-1.01,2023-09,2023
601188.SSE,龙江交通,2023-09-19,三接四阳,—,阳,1.65,小阳0~3,4.5,6.1,8.2,8.7,4,上,3.07,1.45,断1天,1.0,1.0,11.8,-3.0,09-12,下影-2→实体+3→实体+9,7.51,-9.96,-9.96,2023-09,2023
601211.SSE,国泰海通,2024-10-14,二接三阳,—,阳,1.66,小阳0~3,0.8,2.6,3.4,3.5,4,上,1.6,0.78,60日内无板,,,,,,一字+10→一字+10,10.01,-8.02,-8.02,2024-10,2024
601212.SSE,白银有色,2025-09-03,二接三阳,—,阳,1.44,小阳0~3,-0.3,2.0,4.0,4.6,3,上,2.95,2.16,60日内无板,,,,,,下影+3→一字+10,10.09,-18.55,-18.55,2025-09,2025
601212.SSE,白银有色,2025-10-13,二接三阳,—,阳,5.26,巨阳≥5,7.1,9.6,6.7,9.9,4,上,-0.49,1.34,断16~60天,20.0,2.0,8.5,-16.4,09-02,下影+10→下影+6,-0.39,-1.07,-1.07,2025-10,2025
601212.SSE,白银有色,2025-10-14,三接四阳,—,阳,5.26,巨阳≥5,7.1,9.6,6.7,9.9,4,上,-0.49,1.34,断16~60天,20.0,2.0,8.5,-16.4,09-02,下影+10→下影+6→下影-0,8.23,-12.2,-12.2,2025-10,2025
601212.SSE,白银有色,2026-01-22,二接三阴,—,阴,-2.75,小阴-3~0,0.8,8.5,14.7,21.7,4,上,8.4,8.41,断16~60天,18.0,1.0,36.7,-4.4,12-22,下影+1→实体+2,-3.73,9.97,44.96,2026-01,2026
601212.SSE,白银有色,2026-01-23,三接四阴,—,阴,-2.75,小阴-3~0,0.8,8.5,14.7,21.7,4,上,8.4,8.41,断16~60天,18.0,1.0,36.7,-4.4,12-22,下影+1→实体+2→下影-4,9.97,10.03,31.82,2026-01,2026
601216.SSE,君正集团,2024-11-13,二接三阳,—,阳,2.48,小阳0~3,5.3,11.0,15.8,17.0,4,上,7.16,2.09,断2~3天,2.0,1.0,10.3,-3.8,11-06,下影-3→下影+10,4.5,-18.94,-18.94,2024-11,2024
601218.SSE,吉鑫科技,2025-09-29,二接三阳,—,阳,0.86,小阳0~3,-1.8,-3.2,-0.1,2.1,1,下,0.25,1.82,断8~15天,13.0,1.0,10.0,-3.2,09-05,实体+1→下影+0,5.82,-10.1,-10.1,2025-09,2025
601279.SSE,英利汽车,2024-03-14,二接三阳,—,阳,1.04,小阳0~3,0.5,-0.2,4.3,2.0,3,下,1.88,0.2,断16~60天,17.0,1.0,22.7,-8.5,02-07,下影+1→下影+5,6.44,-12.17,-12.17,2024-03,2024
601279.SSE,英利汽车,2025-07-18,二接三阴,—,阴,-1.52,小阴-3~0,-0.4,-0.2,1.1,0.4,2,下,0.49,-2.35,断16~60天,22.0,3.0,-10.6,-24.2,06-13,实体-0→下影+4,1.69,-18.88,-18.88,2025-07,2025
601279.SSE,英利汽车,2025-11-21,二接三阴,—,阴,-4.02,大阴-5~-3,-1.2,3.0,5.2,6.1,3,上,5.06,2.28,断2~3天,2.0,1.0,3.1,-6.7,11-14,实体+1→下影+10,10.03,-24.84,-24.84,2025-11,2025
601326.SSE,秦港股份,2023-05-08,三接四阴,—,阴,0.0,小阳0~3,0.3,0.9,3.8,,3,上,2.96,,60日内无板,,,,,,实体+1→下影+5→一字+10,10.07,5.13,5.13,2023-05,2023
601333.SSE,广深铁路,2023-05-05,二接三阳,—,阳,0.82,小阳0~3,0.7,0.3,0.7,,3,上,0.2,,断16~60天,26.0,1.0,-65.2,-71.4,08-31,下影+9→下影+6,0.33,3.65,3.65,2023-05,2023
601366.SSE,利群股份,2025-12-18,二接三阳,—,阳,0.89,小阳0~3,-0.4,-0.7,-1.3,-1.7,0,下,-0.44,-0.84,60日内无板,,,,,,实体+1→下影+10,-2.55,-2.15,-2.15,2025-12,2025
601399.SSE,国机重装,2025-07-23,二接三阳,—,阳,0.99,小阳0~3,0.7,0.5,1.7,1.9,4,上,0.53,0.65,60日内无板,,,,,,实体+4→下影+6,7.53,-7.82,-7.82,2025-07,2025
601399.SSE,国机重装,2025-12-05,二接三阳,—,阳,0.87,小阳0~3,4.3,4.5,0.0,-1.6,3,上,-3.06,-2.18,60日内无板,,,,,,下影-0→实体+7,3.33,6.26,6.26,2025-12,2025
601515.SSE,衢州东峰,2024-09-05,二接三阴,—,阴,-1.73,小阴-3~0,0.9,0.2,-6.5,-9.2,2,上,-4.99,-4.24,60日内无板,,,,,,实体+0→下影+4,2.55,-9.9,-9.9,2024-09,2024
601519.SSE,大智慧,2024-10-09,三接四阳,—,阳,6.97,巨阳≥5,10.2,14.9,18.6,20.1,4,上,5.03,3.33,60日内无板,,,,,,下影+7→一字+10→一字+10,6.41,-18.08,-18.08,2024-10,2024
601519.SSE,大智慧,2024-12-03,二接三阴,—,阴,0.12,小阳0~3,1.7,0.8,-3.9,-2.1,2,上,-5.0,-0.35,断16~60天,37.0,3.0,1.1,-19.3,10-08,下影-0→下影-1,2.64,4.71,4.71,2024-12,2024
601519.SSE,大智慧,2024-12-04,三接四阴,—,阴,0.12,小阳0~3,1.7,0.8,-3.9,-2.1,2,上,-5.0,-0.35,断16~60天,37.0,3.0,1.1,-19.3,10-08,下影-0→下影-1→下影+3,-2.13,4.68,-5.82,2024-12,2024
601519.SSE,大智慧,2025-08-19,二接三阴,—,阴,-4.5,大阴-5~-3,0.5,3.7,3.9,4.5,4,上,1.41,0.36,断16~60天,26.0,2.0,9.8,-11.0,07-09,下影-1→下影+4,2.21,-11.14,-11.14,2025-08,2025
601566.SSE,九牧王,2025-11-14,二接三阳,—,阳,0.32,小阳0~3,1.5,2.1,4.1,5.8,4,上,1.98,1.75,60日内无板,,,,,,下影+1→下影+6,-1.14,10.02,31.72,2025-11,2025
601566.SSE,九牧王,2025-11-17,三接四阳,—,阳,0.32,小阳0~3,1.5,2.1,4.1,5.8,4,上,1.98,1.75,60日内无板,,,,,,下影+1→下影+6→下影-1,10.02,9.97,19.73,2025-11,2025
601566.SSE,九牧王,2025-12-22,二接三阴,—,阴,-6.59,巨阴≤-5,-1.7,-0.7,-2.3,4.0,1,下,1.91,0.56,断1天,1.0,1.0,2.7,-7.8,12-16,下影+2→实体+4,6.01,-17.83,-17.83,2025-12,2025
601566.SSE,九牧王,2026-09-03,二接三阳,—,阳,1.9,小阳0~3,1.7,1.5,1.1,2.8,4,上,-0.62,0.2,60日内无板,,,,,,实体-1→下影+4,-0.1,-7.81,-7.81,2026-09,2026
601579.SSE,会稽山,2025-05-28,二接三阴,B1,阴,-5.28,巨阴≤-5,5.8,16.9,25.1,32.7,4,上,11.99,9.67,断2~3天,2.0,1.0,13.9,-3.7,05-21,下影+1→下影+8,10.02,2.48,2.48,2025-05,2025
601595.SSE,上海电影,2023-04-11,二接三阳,—,阳,9.72,巨阳≥5,10.8,,,,1,缺失,,,60日内无板,,,,,,下影-0→下影+3,-0.43,8.23,8.23,2023-04,2023
601595.SSE,上海电影,2023-04-12,三接四阳,—,阳,9.72,巨阳≥5,10.8,,,,1,缺失,,,60日内无板,,,,,,下影-0→下影+3→下影-0,4.95,-11.45,-11.45,2023-04,2023
601599.SSE,浙文影业,2024-02-20,二接三阴,—,阴,-6.86,巨阴≤-5,-11.8,-21.0,-25.5,-29.2,0,下,-8.84,-6.18,60日内无板,,,,,,下影+3→下影+10,8.65,9.91,15.16,2024-02,2024
601599.SSE,浙文影业,2024-02-21,三接四阴,—,阴,-6.86,巨阴≤-5,-11.8,-21.0,-25.5,-29.2,0,下,-8.84,-6.18,60日内无板,,,,,,下影+3→下影+10→下影+9,4.96,4.77,4.77,2024-02,2024
601606.SSE,长城军工,2025-06-20,二接三阳,—,阳,2.3,小阳0~3,3.3,2.5,2.1,2.7,4,上,-0.54,-0.38,断16~60天,45.0,1.0,24.3,-6.5,04-09,实体-1→下影+5,0.12,10.02,10.51,2025-06,2025
601606.SSE,长城军工,2025-06-23,三接四阳,—,阳,2.3,小阳0~3,3.3,2.5,2.1,2.7,4,上,-0.54,-0.38,断16~60天,45.0,1.0,24.3,-6.5,04-09,实体-1→下影+5→下影+0,3.05,0.45,0.45,2025-06,2025
601606.SSE,长城军工,2025-08-06,二接三阳,—,阳,1.79,小阳0~3,9.2,13.4,18.0,22.9,4,上,5.16,2.1,断1天,1.0,1.0,12.0,-6.8,07-31,实体+0→下影+8,0.98,10.0,10.43,2025-08,2025
601606.SSE,长城军工,2025-08-07,三接四阳,—,阳,1.79,小阳0~3,9.2,13.4,18.0,22.9,4,上,5.16,2.1,断1天,1.0,1.0,12.0,-6.8,07-31,实体+0→下影+8→实体+1,8.51,0.39,0.39,2025-08,2025
601606.SSE,长城军工,2026-07-27,二接三阳,—,阳,0.76,小阳0~3,1.8,0.6,-2.3,-7.0,2,上,-3.61,-3.65,60日内无板,,,,,,下影+0→下影+5,0.66,-4.85,-4.85,2026-07,2026
601608.SSE,中信重工,2025-10-23,三接四阴,—,阴,0.0,小阳0~3,-0.5,1.6,4.2,5.5,3,上,3.93,2.13,断16~60天,57.0,1.0,23.2,-10.0,07-22,下影+2→下影+6→一字+10,6.06,-17.6,-17.6,2025-10,2025
601609.SSE,金田股份,2025-08-15,二接三阴,—,阴,-0.93,小阴-3~0,0.2,4.0,3.6,7.6,4,上,1.53,2.9,断16~60天,21.0,1.0,16.7,-5.6,07-14,实体-0→下影+10,5.8,10.01,17.73,2025-08,2025
601611.SSE,中国核建,2026-01-09,二接三阳,—,阳,0.07,小阳0~3,3.5,5.2,9.3,12.7,4,上,4.13,3.59,断8~15天,15.0,1.0,18.3,-7.6,12-12,实体-1→下影+6,3.37,7.09,-3.6,2026-01,2026
601616.SSE,广电电气,2026-01-20,二接三阳,—,阳,0.24,小阳0~3,1.1,3.4,5.5,5.5,4,上,2.86,1.31,60日内无板,,,,,,下影+4→下影+5,6.94,9.93,5.05,2026-01,2026
601616.SSE,广电电气,2026-01-21,三接四阳,—,阳,0.24,小阳0~3,1.1,3.4,5.5,5.5,4,上,2.86,1.31,60日内无板,,,,,,下影+4→下影+5→下影+7,2.53,-4.43,-4.43,2026-01,2026
601619.SSE,嘉泽新能,2025-09-29,二接三阳,—,阳,1.32,小阳0~3,-1.5,-1.1,7.1,10.7,2,下,7.59,4.6,断4~7天,5.0,1.0,4.3,-12.1,09-17,实体+0→实体+5,10.04,-10.75,-10.75,2025-09,2025
601669.SSE,中国电建,2025-07-24,三接四阳,—,阳,0.4,小阳0~3,0.4,1.1,2.7,3.4,4,上,1.66,1.35,60日内无板,,,,,,一字+10→一字+10→一字+10,3.4,-3.09,-3.09,2025-07,2025
601696.SSE,中银证券,2024-09-30,二接三阳,—,阳,1.39,小阳0~3,4.1,6.1,7.3,6.9,4,上,1.89,1.04,60日内无板,,,,,,下影-0→下影+10,10.04,10.0,-0.95,2024-09,2024
601696.SSE,中银证券,2024-10-08,三接四阳,—,阳,1.39,小阳0~3,4.1,6.1,7.3,6.9,4,上,1.89,1.04,60日内无板,,,,,,下影-0→下影+10→下影+10,10.0,-9.96,-9.96,2024-10,2024
601698.SSE,中国卫通,2024-11-12,二接三阳,—,阳,7.59,巨阳≥5,13.0,15.7,17.6,21.0,4,上,1.57,1.52,60日内无板,,,,,,下影+0→一字+10,2.31,4.2,-6.22,2024-11,2024
601698.SSE,中国卫通,2026-01-06,二接三阳,—,阳,8.27,巨阳≥5,15.1,23.0,32.7,39.8,4,上,10.12,8.17,断2~3天,2.0,1.0,26.2,-3.7,12-26,下影-1→下影+3,1.73,1.48,1.48,2026-01,2026
601700.SSE,风范股份,2026-08-05,二接三阳,—,阳,1.88,小阳0~3,0.7,2.4,5.5,6.5,4,上,3.56,2.09,断4~7天,6.0,1.0,8.7,-4.0,07-23,实体+1→下影+8,9.97,9.98,-1.08,2026-08,2026
601700.SSE,风范股份,2026-08-06,三接四阳,—,阳,1.88,小阳0~3,0.7,2.4,5.5,6.5,4,上,3.56,2.09,断4~7天,6.0,1.0,8.7,-4.0,07-23,实体+1→下影+8→下影+10,9.06,-10.06,-10.06,2026-08,2026
601727.SSE,上海电气,2024-10-23,二接三阳,—,阳,2.03,小阳0~3,1.6,-0.4,7.5,12.1,3,下,5.81,4.62,60日内无板,,,,,,一字+10→一字+10,10.05,-3.49,-3.49,2024-10,2024
601727.SSE,上海电气,2024-10-29,二接三阴,—,阴,-3.49,大阴-5~-3,8.4,18.7,27.4,35.5,4,上,8.83,9.55,断1天,1.0,3.0,6.1,-4.8,10-23,下影-1→下影+6,9.96,9.96,16.43,2024-10,2024
601727.SSE,上海电气,2024-10-30,三接四阴,—,阴,-3.49,大阴-5~-3,8.4,18.7,27.4,35.5,4,上,8.83,9.55,断1天,1.0,3.0,6.1,-4.8,10-23,下影-1→下影+6→下影+10,2.98,5.88,5.88,2024-10,2024
601727.SSE,上海电气,2024-11-07,三接四阴,A2,阴,-10.0,巨阴≤-5,0.3,17.4,41.6,58.7,4,上,35.57,21.97,断2~3天,2.0,4.0,4.8,-4.7,10-30,实体-6→下影+8→一字+10,6.22,3.71,-6.66,2024-11,2024
601789.SSE,宁波建工,2026-03-11,三接四阳,A1,阳,1.42,小阳0~3,-1.9,-4.0,-4.4,-4.5,0,下,-1.59,-0.82,60日内无板,,,,,,实体-0→一字+10→一字+10,3.61,2.47,2.47,2026-03,2026
601801.SSE,皖新传媒,2023-05-05,二接三阴,—,阴,1.98,小阳0~3,3.5,5.8,8.7,,3,上,3.12,,60日内无板,,,,,,实体-3→下影+9,9.99,6.47,6.47,2023-05,2023
601811.SSE,新华文轩,2023-04-26,二接三阴,—,阴,-5.09,巨阴≤-5,0.1,0.7,,,2,上,4.31,,60日内无板,,,,,,下影+0→下影+3,1.62,5.95,5.95,2023-04,2023
601811.SSE,新华文轩,2023-04-27,三接四阴,—,阴,-5.09,巨阴≤-5,0.1,0.7,,,2,上,4.31,,60日内无板,,,,,,下影+0→下影+3→下影+2,3.06,0.1,0.1,2023-04,2023
601858.SSE,中国科传,2023-04-13,二接三阳,—,阳,1.74,小阳0~3,-0.5,,,,0,缺失,,,60日内无板,,,,,,实体-1→下影+7,-0.31,9.98,4.39,2023-04,2023
601858.SSE,中国科传,2023-04-14,三接四阳,—,阳,1.74,小阳0~3,-0.5,,,,0,缺失,,,60日内无板,,,,,,实体-1→下影+7→实体-0,0.76,-5.09,-5.09,2023-04,2023
601858.SSE,中国科传,2023-08-24,二接三阳,—,阳,1.55,小阳0~3,-0.5,-3.3,-6.2,-9.7,0,下,-3.87,-3.5,断16~60天,51.0,1.0,-38.6,-45.0,06-07,下影+2→下影+4,2.46,-11.74,-11.74,2023-08,2023
601865.SSE,福莱特,2024-10-08,二接三阳,—,阳,6.03,巨阳≥5,7.0,5.3,1.3,-0.0,4,上,-4.47,-1.12,断16~60天,43.0,1.0,-3.2,-22.0,07-25,实体+5→下影+7,9.99,-9.98,-9.98,2024-10,2024
601868.SSE,中国能建,2025-07-23,二接三阳,—,阳,1.31,小阳0~3,0.3,1.0,2.6,3.1,4,上,1.82,0.96,60日内无板,,,,,,一字+10→一字+10,9.96,-2.59,-2.59,2025-07,2025
601869.SSE,长飞光纤,2025-01-27,二接三阳,—,阳,4.17,大阳3~5,4.3,8.1,7.2,7.8,4,上,3.47,0.4,断16~60天,23.0,1.0,12.3,-14.6,12-19,实体+0→下影+1,10.01,-10.83,-10.83,2025-01,2025
601890.SSE,亚星锚链,2025-03-24,二接三阴,—,阴,-2.61,小阴-3~0,1.0,6.1,9.9,10.2,4,上,6.58,2.75,60日内无板,,,,,,下影+0→下影+5,6.94,-9.98,-9.98,2025-03,2025
601900.SSE,南方传媒,2023-04-26,二接三阳,—,阳,5.19,巨阳≥5,15.2,24.6,,,2,上,11.72,,断1天,1.0,2.0,15.7,-3.7,04-20,下影-5→下影+0,-1.54,-9.83,-9.83,2023-04,2023
601900.SSE,南方传媒,2023-06-01,二接三阳,—,阳,3.27,大阳3~5,7.7,8.9,5.5,17.9,4,上,-2.49,4.61,断1天,1.0,1.0,13.6,-1.9,05-26,下影-3→下影+3,3.86,-6.77,-6.77,2023-06,2023
601908.SSE,京运通,2024-10-08,二接三阳,—,阳,4.27,大阳3~5,8.0,10.2,9.2,8.7,4,上,0.64,0.63,60日内无板,,,,,,实体+2→下影+10,10.17,-8.0,-8.0,2024-10,2024
601908.SSE,京运通,2024-12-25,二接三阴,—,阴,-0.63,小阴-3~0,-1.6,-4.5,-3.3,-3.1,0,下,-1.41,0.42,断16~60天,53.0,3.0,5.8,-20.3,10-08,下影+2→下影-3,5.82,-13.7,-13.7,2024-12,2024
601929.SSE,吉视传媒,2025-08-11,二接三阳,—,阳,0.45,小阳0~3,6.8,9.3,15.2,17.3,4,上,7.03,3.06,断2~3天,2.0,1.0,15.6,-0.5,08-04,实体-1→下影+4,9.63,10.1,23.23,2025-08,2025
601929.SSE,吉视传媒,2025-08-12,三接四阳,—,阳,0.45,小阳0~3,6.8,9.3,15.2,17.3,4,上,7.03,3.06,断2~3天,2.0,1.0,15.6,-0.5,08-04,实体-1→下影+4→下影+10,2.36,10.09,11.93,2025-08,2025
601929.SSE,吉视传媒,2025-11-05,二接三阳,—,阳,5.11,巨阳≥5,1.6,2.1,1.4,-9.2,3,上,-0.19,-3.19,断16~60天,36.0,1.0,-26.4,-37.1,09-03,实体+1→下影+3,0.0,-9.94,-9.94,2025-11,2025
601933.SSE,永辉超市,2024-09-26,二接三阴,—,阴,-1.32,小阴-3~0,-0.5,-0.9,-0.4,-1.7,0,下,-0.39,0.13,断16~60天,30.0,2.0,-10.1,-22.1,08-08,一字+10→一字+10,9.89,10.0,19.67,2024-09,2024
601933.SSE,永辉超市,2024-12-03,二接三阳,—,阳,1.1,小阳0~3,3.9,4.1,-2.4,3.3,3,上,-6.0,-0.07,断8~15天,15.0,1.0,-3.1,-21.5,11-07,下影+5→下影+5,9.21,7.06,-0.99,2024-12,2024
601949.SSE,中国出版,2023-04-24,二接三阳,—,阳,0.28,小阳0~3,-2.8,4.1,,,1,上,8.73,,断4~7天,4.0,1.0,0.3,-11.9,04-13,下影+0→下影+1,3.17,-4.27,-4.27,2023-04,2023
601949.SSE,中国出版,2023-05-08,二接三阳,—,阳,6.75,巨阳≥5,4.9,17.4,32.8,,3,上,18.0,,断2~3天,2.0,1.0,11.2,-11.8,04-26,实体+2→下影+4,-1.66,8.06,8.06,2023-05,2023
601949.SSE,中国出版,2023-05-09,三接四阳,—,阳,6.75,巨阳≥5,4.9,17.4,32.8,,3,上,18.0,,断2~3天,2.0,1.0,11.2,-11.8,04-26,实体+2→下影+4→下影-2,4.9,8.01,2.6,2023-05,2023
601958.SSE,金钼股份,2026-06-15,二接三阳,—,阳,0.67,小阳0~3,-2.3,-8.4,-6.0,-3.5,0,下,-1.62,-0.27,断8~15天,9.0,1.0,-13.6,-26.3,05-28,实体+1→一字+10,6.78,2.89,2.89,2026-06,2026
601991.SSE,大唐发电,2026-05-08,二接三阴,B1,阴,-3.03,大阴-5~-3,0.9,1.6,5.1,3.0,4,上,3.38,-0.34,断16~60天,34.0,1.0,0.0,-19.7,03-12,下影+10→下影+9,9.92,9.93,29.96,2026-05,2026
601991.SSE,大唐发电,2026-05-11,三接四阴,—,阴,-3.03,大阴-5~-3,0.9,1.6,5.1,3.0,4,上,3.38,-0.34,断16~60天,34.0,1.0,0.0,-19.7,03-12,下影+10→下影+9→下影+10,8.3,10.02,18.23,2026-05,2026
601992.SSE,金隅集团,2026-01-14,二接三阴,—,阴,-1.68,小阴-3~0,1.7,3.1,4.7,4.7,4,上,2.15,0.99,60日内无板,,,,,,下影+1→下影+8,9.86,-9.83,-9.83,2026-01,2026
601996.SSE,丰林集团,2024-10-31,二接三阳,—,阳,4.88,大阳3~5,5.5,7.9,9.3,15.2,4,上,0.76,4.94,60日内无板,,,,,,下影-1→下影+10,0.0,-10.1,-10.1,2024-10,2024
601999.SSE,出版传媒,2023-05-15,二接三阳,—,阳,0.26,小阳0~3,-3.4,-0.4,3.8,,1,下,6.71,3.17,断8~15天,9.0,1.0,11.4,-11.0,04-24,下影+0→下影+0,10.04,-20.85,-20.85,2023-05,2023
603000.SSE,人民网,2023-07-14,二接三阴,—,阴,-0.47,小阴-3~0,-3.3,-7.5,-14.6,-5.8,0,下,-11.02,2.07,断16~60天,17.0,1.0,-11.1,-20.1,06-14,下影+4→下影+5,4.91,1.82,1.82,2023-07,2023
603000.SSE,人民网,2026-01-14,二接三阳,—,阳,4.88,大阳3~5,4.9,8.0,10.0,8.6,4,上,3.59,0.76,60日内无板,,,,,,一字+10→一字+10,1.57,9.99,-1.0,2026-01,2026
603000.SSE,人民网,2026-01-15,三接四阳,—,阳,4.88,大阳3~5,4.9,8.0,10.0,8.6,4,上,3.59,0.76,60日内无板,,,,,,一字+10→一字+10→下影+2,5.03,-9.99,-9.99,2026-01,2026
603001.SSE,奥康国际,2026-05-26,二接三阴,—,阴,-3.72,大阴-5~-3,-1.5,-3.3,-1.5,-2.3,0,下,1.35,-0.92,断8~15天,11.0,1.0,7.1,-4.1,05-06,实体-0→下影+2,3.66,-9.97,-9.97,2026-05,2026
603002.SSE,宏昌电子,2026-06-17,二接三阴,—,阴,-2.63,小阴-3~0,2.2,1.2,4.3,7.8,4,上,0.7,2.19,断2~3天,2.0,2.0,5.0,-5.6,06-10,下影+2→实体+4,1.94,1.64,1.64,2026-06,2026
603004.SSE,鼎龙科技,2024-09-04,二接三阳,—,阳,8.05,巨阳≥5,7.2,5.6,-0.5,-2.5,2,上,-4.35,-3.53,断16~60天,34.0,1.0,0.9,-17.9,07-15,下影+10→实体+4,9.99,-18.93,-18.93,2024-09,2024
603004.SSE,鼎龙科技,2024-11-21,三接四阴,—,阴,-2.94,小阴-3~0,-4.1,-2.0,-0.4,-0.2,0,下,3.46,1.33,断16~60天,40.0,1.0,17.5,-12.6,09-11,下影-0→实体+10→一字+10,7.93,8.46,8.46,2024-11,2024
603006.SSE,联明股份,2023-06-13,二接三阴,—,阴,-1.03,小阴-3~0,-3.6,-4.7,-4.6,-2.7,0,下,-0.64,0.58,60日内无板,,,,,,实体+0→下影+6,7.05,10.01,-1.02,2023-06,2023
603006.SSE,联明股份,2023-06-14,三接四阴,—,阴,-1.03,小阴-3~0,-3.6,-4.7,-4.6,-2.7,0,下,-0.64,0.58,60日内无板,,,,,,实体+0→下影+6→下影+7,10.01,-10.02,-10.02,2023-06,2023
603006.SSE,联明股份,2024-03-28,二接三阴,—,阴,-3.01,大阴-5~-3,-3.3,-1.9,2.3,7.7,2,下,5.34,3.65,断16~60天,26.0,1.0,45.3,2.6,02-08,实体-1→下影+7,7.02,9.99,31.71,2024-03,2024
603011.SSE,合锻智能,2024-02-23,二接三阳,—,阳,0.36,小阳0~3,6.2,3.8,-5.5,-14.3,2,上,-9.14,-8.92,断2~3天,2.0,1.0,16.2,0.0,02-08,下影-1→下影+1,5.21,10.01,3.38,2024-02,2024
603011.SSE,合锻智能,2024-02-26,三接四阳,—,阳,0.36,小阳0~3,6.2,3.8,-5.5,-14.3,2,上,-9.14,-8.92,断2~3天,2.0,1.0,16.2,0.0,02-08,下影-1→下影+1→下影+5,5.55,-6.03,-6.03,2024-02,2024
603011.SSE,合锻智能,2024-03-19,三接四阴,A2,阴,-3.67,大阴-5~-3,-0.5,-0.1,7.9,14.8,2,下,0.89,9.3,断8~15天,12.0,4.0,3.0,-15.1,02-26,下影+2→下影+9→一字+10,2.67,-14.45,-14.45,2024-03,2024
603011.SSE,合锻智能,2025-03-27,三接四阳,—,阳,4.38,大阳3~5,4.5,7.2,10.1,14.2,4,上,2.48,3.57,断8~15天,14.0,1.0,21.8,-3.2,03-03,下影+1→一字+10→一字+10,3.07,-1.69,-6.18,2025-03,2025
603011.SSE,合锻智能,2025-10-13,三接四阴,—,阴,-2.08,小阴-3~0,-4.0,-0.6,3.7,5.4,2,下,4.42,2.68,断2~3天,2.0,1.0,-2.0,-12.3,09-25,下影+0→一字+10→一字+10,5.13,5.81,5.81,2025-10,2025
603011.SSE,合锻智能,2026-05-29,二接三阴,—,阴,-5.6,巨阴≤-5,-4.3,-8.0,-9.9,-11.2,0,下,-5.02,-2.87,断16~60天,57.0,1.0,-27.2,-35.2,03-02,下影+0→下影+2,5.08,9.99,16.33,2026-05,2026
603011.SSE,合锻智能,2026-06-01,三接四阴,—,阴,-5.6,巨阴≤-5,-4.3,-8.0,-9.9,-11.2,0,下,-5.02,-2.87,断16~60天,57.0,1.0,-27.2,-35.2,03-02,下影+0→下影+2→下影+5,3.01,5.76,5.76,2026-06,2026
603015.SSE,弘讯科技,2025-01-10,三接四阴,—,阴,-1.64,小阴-3~0,-6.0,-10.0,-18.5,-20.8,0,下,-8.64,-4.28,断16~60天,18.0,1.0,-25.9,-34.6,12-10,下影+1→下影+7→一字+10,4.67,-0.3,-0.3,2025-01,2025
603015.SSE,弘讯科技,2026-01-09,二接三阳,—,阳,1.02,小阳0~3,0.5,1.3,2.6,6.2,4,上,2.0,2.94,断16~60天,20.0,1.0,16.1,-3.8,12-05,下影+0→一字+10,10.03,9.99,-0.99,2026-01,2026
603015.SSE,弘讯科技,2026-01-12,三接四阳,—,阳,1.02,小阳0~3,0.5,1.3,2.6,6.2,4,上,2.0,2.94,断16~60天,20.0,1.0,16.1,-3.8,12-05,下影+0→一字+10→下影+10,0.0,-9.99,-9.99,2026-01,2026
603017.SSE,中衡设计,2025-06-04,二接三阳,—,阳,1.48,小阳0~3,-0.6,-1.2,2.4,4.9,2,下,2.86,2.43,断4~7天,6.0,1.0,-0.4,-11.2,05-21,实体+1→下影+5,-4.26,-4.97,-4.97,2025-06,2025
603017.SSE,中衡设计,2026-01-12,二接三阴,—,阴,-0.45,小阴-3~0,-0.8,1.1,3.7,2.4,3,上,4.99,-0.31,断4~7天,5.0,1.0,4.0,-6.8,12-29,下影+3→一字+10,7.82,-9.98,-9.98,2026-01,2026
603019.SSE,中科曙光,2024-10-09,二接三阳,—,阳,9.49,巨阳≥5,10.7,15.5,18.6,17.5,4,上,5.42,2.38,60日内无板,,,,,,下影+6→下影+10,2.88,-9.06,-9.06,2024-10,2024
603023.SSE,威帝股份,2023-12-01,二接三阳,—,阳,2.96,小阳0~3,3.0,4.0,6.7,6.5,4,上,4.21,0.12,断16~60天,37.0,1.0,21.6,-4.4,09-28,下影+2→下影-3,9.83,9.94,0.86,2023-12,2023
603023.SSE,威帝股份,2023-12-04,三接四阳,—,阳,2.96,小阳0~3,3.0,4.0,6.7,6.5,4,上,4.21,0.12,断16~60天,37.0,1.0,21.6,-4.4,09-28,下影+2→下影-3→下影+10,-9.94,-8.26,-8.26,2023-12,2023
603023.SSE,威帝股份,2024-03-21,二接三阳,—,阳,1.71,小阳0~3,0.3,3.9,6.1,9.1,4,上,1.99,7.42,断16~60天,18.0,1.0,28.9,0.7,02-21,实体-0→下影+5,4.4,-2.74,-2.74,2024-03,2024
603023.SSE,威帝股份,2025-12-22,二接三阴,—,阴,-7.35,巨阴≤-5,-2.3,-2.2,4.5,6.0,2,下,5.58,2.57,断1天,1.0,1.0,1.9,-8.3,12-16,实体-2→下影-0,4.14,-9.4,-9.4,2025-12,2025
603025.SSE,大豪科技,2023-08-30,二接三阳,—,阳,-0.16,小阴-3~0,0.8,0.8,-0.5,-0.1,2,上,-1.52,-0.07,60日内无板,,,,,,下影+5→下影+5,9.01,-9.97,-9.97,2023-08,2023
603026.SSE,石大胜华,2025-11-14,二接三阳,—,阳,7.66,巨阳≥5,9.5,15.1,23.8,33.2,4,上,11.46,6.94,断8~15天,8.0,1.0,30.6,-5.6,10-30,下影-1→下影+6,8.0,6.24,6.24,2025-11,2025
603028.SSE,赛福天,2024-02-20,二接三阴,—,阴,-9.34,巨阴≤-5,-18.5,-30.4,-39.2,-43.7,0,下,-15.24,-10.95,60日内无板,,,,,,下影-1→下影+5,3.25,2.53,2.53,2024-02,2024
603028.SSE,赛福天,2024-02-21,三接四阴,—,阴,-9.34,巨阴≤-5,-18.5,-30.4,-39.2,-43.7,0,下,-15.24,-10.95,60日内无板,,,,,,下影-1→下影+5→下影+3,0.0,-3.96,-3.96,2024-02,2024
603028.SSE,赛福天,2025-03-24,二接三阴,—,阴,-0.87,小阴-3~0,1.9,4.0,5.5,6.5,4,上,2.96,1.66,60日内无板,,,,,,下影+2→一字+10,9.99,-12.8,-12.8,2025-03,2025
603029.SSE,天鹅股份,2024-12-02,二接三阳,—,阳,-0.18,小阴-3~0,0.4,0.6,0.2,3.3,4,上,-3.49,1.95,60日内无板,,,,,,下影+0→下影+4,-0.15,-14.39,-14.39,2024-12,2024
603030.SSE,全筑股份,2024-11-06,二接三阳,—,阳,2.17,小阳0~3,2.1,6.8,8.4,14.1,4,上,4.96,4.61,断4~7天,4.0,1.0,10.2,-5.5,10-28,实体+2→下影+1,3.86,-1.91,-1.91,2024-11,2024
603030.SSE,全筑股份,2024-12-09,二接三阳,—,阳,1.69,小阳0~3,4.0,8.1,8.0,12.7,4,上,4.48,2.19,断16~60天,20.0,3.0,5.1,-21.0,11-06,下影+1→一字+10,9.92,-1.25,-1.25,2024-12,2024
603030.SSE,全筑股份,2025-05-07,三接四阴,—,阴,-2.68,小阴-3~0,-2.6,-3.4,-4.9,-9.9,0,下,0.45,-3.58,60日内无板,,,,,,下影+0→下影+5→一字+10,10.0,-10.03,-10.03,2025-05,2025
603032.SSE,德新科技,2025-06-10,二接三阴,—,阴,-1.56,小阴-3~0,-1.7,-2.8,-3.4,-1.7,0,下,-1.35,0.71,60日内无板,,,,,,下影+0→下影+5,5.24,3.85,3.85,2025-06,2025
603032.SSE,德新科技,2025-06-11,三接四阴,—,阴,-1.56,小阴-3~0,-1.7,-2.8,-3.4,-1.7,0,下,-1.35,0.71,60日内无板,,,,,,下影+0→下影+5→下影+5,6.18,-9.79,-9.79,2025-06,2025
603032.SSE,德新科技,2025-09-02,二接三阴,—,阴,-1.32,小阴-3~0,-1.6,-0.8,-0.8,0.7,1,下,-0.49,1.17,断16~60天,27.0,1.0,9.5,-6.3,07-22,下影-0→下影+10,9.99,2.89,2.89,2025-09,2025
603032.SSE,德新科技,2025-09-03,三接四阴,—,阴,-1.32,小阴-3~0,-1.6,-0.8,-0.8,0.7,1,下,-0.49,1.17,断16~60天,27.0,1.0,9.5,-6.3,07-22,下影-0→下影+10→下影+10,9.73,-15.82,-15.82,2025-09,2025
603033.SSE,三维股份,2024-02-08,二接三阴,—,阴,-8.85,巨阴≤-5,-14.4,-20.2,-25.3,-28.3,0,下,-7.96,-5.82,断16~60天,44.0,1.0,-35.6,-42.2,12-04,下影+7→一字+10,10.03,2.12,2.12,2024-02,2024
603037.SSE,凯众股份,2023-10-30,二接三阳,—,阳,2.53,小阳0~3,2.7,0.1,5.6,8.4,4,上,3.09,2.79,断4~7天,7.0,1.0,0.3,-15.7,10-16,下影-0→下影+9,8.22,-23.66,-23.66,2023-10,2023
603037.SSE,凯众股份,2023-11-08,二接三阴,—,阴,-3.87,大阴-5~-3,0.9,3.6,8.3,13.7,4,上,4.06,5.55,断2~3天,2.0,1.0,9.7,-0.9,11-01,实体+2→下影+10,-2.43,-9.37,-9.37,2023-11,2023
603037.SSE,凯众股份,2023-11-09,三接四阴,—,阴,-3.87,大阴-5~-3,0.9,3.6,8.3,13.7,4,上,4.06,5.55,断2~3天,2.0,1.0,9.7,-0.9,11-01,实体+2→下影+10→下影-2,3.25,-23.35,-23.35,2023-11,2023
603038.SSE,华立股份,2024-01-15,二接三阴,—,阴,-3.33,大阴-5~-3,-1.1,1.9,3.0,5.0,3,上,3.7,0.8,断16~60天,22.0,2.0,5.4,-14.5,12-08,下影-0→一字+10,5.62,-8.68,-8.68,2024-01,2024
603038.SSE,华立股份,2024-03-04,二接三阴,—,阴,-6.89,巨阴≤-5,-3.1,4.5,-0.0,-13.0,2,上,6.08,-10.85,断4~7天,6.0,2.0,12.6,-2.8,02-20,实体+0→下影+4,2.54,-11.99,-11.99,2024-03,2024
603038.SSE,华立股份,2024-10-15,二接三阴,—,阴,-2.71,小阴-3~0,-4.8,0.3,4.5,5.2,3,上,7.61,2.21,断16~60天,25.0,1.0,7.4,-15.6,08-27,下影+2→下影+6,7.6,10.0,145.45,2024-10,2024
603038.SSE,华立股份,2025-08-21,二接三阳,—,阳,0.42,小阳0~3,-0.4,-1.5,-1.4,-0.9,0,下,-0.28,-0.02,60日内无板,,,,,,下影+0→下影+5,5.77,-9.77,-9.77,2025-08,2025
603039.SSE,泛微网络,2025-02-05,二接三阴,—,阴,-0.18,小阴-3~0,0.8,4.0,5.1,1.8,4,上,6.24,-1.82,断16~60天,48.0,1.0,-7.3,-29.0,11-15,实体+1→下影+4,6.78,6.92,6.92,2025-02,2025
603039.SSE,泛微网络,2025-02-06,三接四阴,—,阴,-0.18,小阴-3~0,0.8,4.0,5.1,1.8,4,上,6.24,-1.82,断16~60天,48.0,1.0,-7.3,-29.0,11-15,实体+1→下影+4→下影+7,-0.99,-4.75,-4.75,2025-02,2025
603039.SSE,泛微网络,2026-08-03,二接三阳,—,阳,3.31,大阳3~5,4.2,4.1,-2.9,-7.4,2,上,-4.49,-3.68,断16~60天,35.0,1.0,-24.9,-37.9,06-09,实体-1→下影-3,6.89,0.78,0.78,2026-08,2026
603040.SSE,新坐标,2025-05-06,二接三阳,—,阳,1.09,小阳0~3,2.2,8.1,8.7,3.6,4,上,7.13,-1.13,断16~60天,43.0,1.0,-5.7,-36.6,02-25,下影+6→实体+3,3.75,7.39,7.39,2025-05,2025
603040.SSE,新坐标,2025-05-07,三接四阳,—,阳,1.09,小阳0~3,2.2,8.1,8.7,3.6,4,上,7.13,-1.13,断16~60天,43.0,1.0,-5.7,-36.6,02-25,下影+6→实体+3→下影+4,10.01,-7.1,-7.1,2025-05,2025
603042.SSE,华脉科技,2023-09-25,二接三阴,—,阴,-4.9,大阴-5~-3,-6.3,-4.5,-2.4,-5.1,0,下,2.51,-1.63,断4~7天,4.0,1.0,-0.6,-9.7,09-14,实体+0→下影+2,7.51,9.99,-1.0,2023-09,2023
603042.SSE,华脉科技,2023-09-26,三接四阴,—,阴,-4.9,大阴-5~-3,-6.3,-4.5,-2.4,-5.1,0,下,2.51,-1.63,断4~7天,4.0,1.0,-0.6,-9.7,09-14,实体+0→下影+2→下影+8,-2.21,-10.0,-10.0,2023-09,2023
603042.SSE,华脉科技,2025-01-21,二接三阳,—,阳,2.23,小阳0~3,4.0,1.7,-12.3,-13.4,2,上,-15.59,-4.77,断8~15天,14.0,1.0,-20.5,-36.4,12-26,下影+7→一字+10,10.01,10.01,-0.98,2025-01,2025
603042.SSE,华脉科技,2025-01-22,三接四阳,—,阳,2.23,小阳0~3,4.0,1.7,-12.3,-13.4,2,上,-15.59,-4.77,断8~15天,14.0,1.0,-20.5,-36.4,12-26,下影+7→一字+10→下影+10,10.01,-9.99,-9.99,2025-01,2025
603042.SSE,华脉科技,2025-06-06,二接三阳,—,阳,0.5,小阳0~3,0.0,0.2,-0.0,0.3,4,上,-0.37,0.22,断16~60天,27.0,2.0,4.0,-15.0,04-21,实体+0→下影+4,6.07,4.45,4.45,2025-06,2025
603048.SSE,浙江黎明,2025-03-07,三接四阳,—,阳,-0.06,小阴-3~0,-3.0,-3.3,-1.1,0.6,1,下,2.22,1.67,断16~60天,28.0,1.0,13.0,-2.5,01-14,下影+0→实体+4→一字+10,10.0,-5.87,-5.87,2025-03,2025
603051.SSE,鹿山新材,2025-09-04,二接三阳,—,阳,4.91,大阳3~5,3.1,2.6,-2.7,-11.4,2,上,0.51,-8.11,60日内无板,,,,,,下影+2→下影+8,10.0,-11.32,-11.32,2025-09,2025
603052.SSE,可川科技,2024-01-02,二接三阳,—,阳,0.5,小阳0~3,1.5,3.4,4.8,4.7,4,上,2.01,0.97,断16~60天,58.0,1.0,25.8,-13.3,09-28,下影+1→下影+1,9.98,1.79,1.79,2024-01,2024
603052.SSE,可川科技,2024-01-03,三接四阳,—,阳,0.5,小阳0~3,1.5,3.4,4.8,4.7,4,上,2.01,0.97,断16~60天,58.0,1.0,25.8,-13.3,09-28,下影+1→下影+1→实体+10,-6.13,1.8,-8.38,2024-01,2024
603052.SSE,可川科技,2024-03-04,二接三阴,—,阴,-9.93,巨阴≤-5,-5.6,0.5,0.8,-7.0,2,上,10.34,-3.55,断8~15天,8.0,1.0,21.9,1.1,02-08,下影-2→下影+4,4.97,-9.07,-9.07,2024-03,2024
603052.SSE,可川科技,2026-01-29,二接三阳,—,阳,-1.29,小阴-3~0,0.8,4.6,19.1,30.6,4,上,10.36,12.26,断2~3天,3.0,1.0,11.0,-1.7,01-21,下影+0→实体+2,2.38,1.16,1.16,2026-01,2026
603052.SSE,可川科技,2026-04-20,二接三阴,—,阴,-1.66,小阴-3~0,-0.3,4.5,6.8,9.6,3,上,3.43,3.6,断8~15天,14.0,1.0,15.4,-9.4,03-25,下影-0→下影+4,4.8,-1.52,-1.52,2026-04,2026
603052.SSE,可川科技,2026-05-14,二接三阴,—,阴,-2.89,小阴-3~0,1.3,-0.8,5.0,13.6,3,下,-0.52,7.41,断8~15天,12.0,3.0,4.0,-11.3,04-20,一字+10→一字+10,10.0,-1.66,-1.66,2026-05,2026
603056.SSE,德邦股份,2025-05-29,二接三阳,—,阳,6.92,巨阳≥5,5.0,6.3,7.1,6.0,4,上,1.36,-0.36,60日内无板,,,,,,下影+9→下影+10,4.77,9.99,17.13,2025-05,2025
603061.SSE,金海通,2024-10-21,二接三阳,—,阳,-1.16,小阴-3~0,0.2,2.3,10.6,11.4,4,上,10.1,3.64,断4~7天,6.0,2.0,2.8,-12.2,10-08,实体+1→下影+1,3.92,-9.95,-9.95,2024-10,2024
603063.SSE,禾望电气,2024-10-29,二接三阴,—,阴,-4.42,大阴-5~-3,1.7,4.1,5.0,8.9,4,上,-2.85,3.84,断8~15天,13.0,1.0,4.0,-14.3,09-30,实体-0→下影+6,1.55,-9.29,-9.29,2024-10,2024
603063.SSE,禾望电气,2025-01-08,二接三阴,—,阴,-5.07,巨阴≤-5,-5.5,-5.0,-3.9,-6.5,0,下,2.93,-2.22,断16~60天,45.0,1.0,14.4,-3.9,10-31,实体+9→下影+10,5.15,9.99,17.7,2025-01,2025
603063.SSE,禾望电气,2025-01-09,三接四阴,—,阴,-5.07,巨阴≤-5,-5.5,-5.0,-3.9,-6.5,0,下,2.93,-2.22,断16~60天,45.0,1.0,14.4,-3.9,10-31,实体+9→下影+10→实体+5,9.99,7.01,7.01,2025-01,2025
603065.SSE,宿迁联盛,2024-01-09,二接三阴,—,阴,-1.56,小阴-3~0,-0.2,1.3,1.1,-0.7,2,上,0.78,-0.48,断16~60天,30.0,1.0,-6.1,-18.8,11-22,下影+0→下影+4,10.0,-18.51,-18.51,2024-01,2024
603066.SSE,音飞储存,2023-12-14,二接三阳,—,阳,1.12,小阳0~3,-1.1,-2.2,-2.4,-1.7,0,下,-0.73,-0.03,60日内无板,,,,,,下影+1→下影+10,10.02,10.02,-0.98,2023-12,2023
603066.SSE,音飞储存,2023-12-15,三接四阳,—,阳,1.12,小阳0~3,-1.1,-2.2,-2.4,-1.7,0,下,-0.73,-0.03,60日内无板,,,,,,下影+1→下影+10→下影+10,0.53,-9.99,-9.99,2023-12,2023
603066.SSE,音飞储存,2024-01-22,二接三阳,—,阳,0.79,小阳0~3,-2.7,-1.3,-0.6,-0.8,0,下,1.2,-2.55,断16~60天,22.0,4.0,-13.6,-27.0,12-15,下影-1→下影+3,-3.31,-11.98,-11.98,2024-01,2024
603066.SSE,音飞储存,2024-02-28,二接三阳,—,阳,4.13,大阳3~5,5.6,10.6,-7.2,-7.3,2,上,-13.12,-3.39,断16~60天,19.0,2.0,-14.0,-40.4,01-19,一字+10→一字+10,9.98,-15.93,-15.93,2024-02,2024
603068.SSE,博通集成,2024-05-28,二接三阴,—,阴,-1.0,小阴-3~0,-0.6,0.1,1.1,3.4,3,上,-0.83,3.56,断8~15天,15.0,1.0,6.1,-5.9,04-29,实体-1→下影+3,7.99,-6.76,-6.76,2024-05,2024
603068.SSE,博通集成,2024-05-29,三接四阴,—,阴,-1.0,小阴-3~0,-0.6,0.1,1.1,3.4,3,上,-0.83,3.56,断8~15天,15.0,1.0,6.1,-5.9,04-29,实体-1→下影+3→下影+8,10.01,-13.11,-13.11,2024-05,2024
603068.SSE,博通集成,2025-08-29,二接三阳,—,阳,1.05,小阳0~3,1.1,2.1,6.1,8.2,4,上,3.98,2.47,60日内无板,,,,,,实体+1→一字+10,10.0,-10.47,-10.47,2025-08,2025
603069.SSE,海汽集团,2024-03-08,二接三阳,—,阳,0.96,小阳0~3,3.0,8.3,6.7,4.2,4,上,3.2,-0.59,断16~60天,16.0,1.0,2.4,-29.6,01-26,一字+10→一字+10,9.98,-16.95,-16.95,2024-03,2024
603070.SSE,万控智造,2025-01-09,二接三阳,—,阳,0.16,小阳0~3,-3.4,-2.4,-4.9,-3.6,0,下,-0.68,0.38,60日内无板,,,,,,实体-0→一字+10,6.16,-9.99,-9.99,2025-01,2025
603070.SSE,万控智造,2026-05-14,二接三阳,—,阳,2.03,小阳0~3,1.5,-2.5,-4.9,-4.7,1,下,-4.49,-1.14,60日内无板,,,,,,实体+0→一字+10,9.99,-11.54,-11.54,2026-05,2026
603072.SSE,天和磁材,2025-04-07,二接三阳,—,阳,1.06,小阳0~3,-5.4,-2.1,5.7,10.3,2,下,11.02,4.78,断4~7天,4.0,1.0,-3.9,-15.5,03-26,下影-1→下影+1,9.97,1.25,5.33,2025-04,2025
603079.SSE,圣达生物,2026-08-18,二接三阴,—,阴,-0.97,小阴-3~0,0.5,3.9,9.4,8.4,4,上,7.28,1.61,60日内无板,,,,,,实体-0→实体+10,9.97,-18.3,-18.3,2026-08,2026
603080.SSE,新疆火炬,2025-08-12,二接三阳,—,阳,-0.5,小阴-3~0,2.1,5.8,9.6,11.5,4,上,5.38,3.1,60日内无板,,,,,,实体+1→下影+10,0.0,-5.87,-5.87,2025-08,2025
603082.SSE,北自科技,2024-02-21,二接三阳,—,阳,7.04,巨阳≥5,-8.0,,,,0,缺失,,,60日内无板,,,,,,下影+3→下影+7,4.54,-3.86,-3.86,2024-02,2024
603082.SSE,北自科技,2024-02-27,二接三阳,—,阳,-1.67,小阴-3~0,8.6,8.7,,,2,上,,,断2~3天,2.0,2.0,16.3,-3.1,02-20,实体+0→下影+10,0.4,-15.9,-15.9,2024-02,2024
603082.SSE,北自科技,2025-01-21,二接三阴,—,阴,-0.99,小阴-3~0,0.6,3.2,-0.4,-3.7,2,上,-1.79,-1.94,60日内无板,,,,,,实体-1→下影+1,5.0,-16.25,-16.25,2025-01,2025
603082.SSE,北自科技,2026-05-18,二接三阳,—,阳,-0.09,小阴-3~0,-0.8,0.0,-2.9,-2.1,1,上,-2.28,-0.21,60日内无板,,,,,,下影+2→实体+1,10.0,9.99,-1.01,2026-05,2026
603082.SSE,北自科技,2026-05-19,三接四阳,—,阳,-0.09,小阴-3~0,-0.8,0.0,-2.9,-2.1,1,上,-2.28,-0.21,60日内无板,,,,,,下影+2→实体+1→下影+10,9.99,-10.0,-10.0,2026-05,2026
603082.SSE,北自科技,2026-06-23,二接三阳,—,阳,5.04,巨阳≥5,8.4,5.8,1.1,-1.7,3,上,-1.88,-6.64,断16~60天,21.0,4.0,-19.8,-37.2,05-19,下影-1→实体+5,-2.9,-5.42,-5.42,2026-06,2026
603083.SSE,剑桥科技,2023-04-20,二接三阳,—,阳,0.93,小阳0~3,-4.1,-3.3,,,0,下,,,断4~7天,6.0,1.0,1.6,-11.0,04-07,实体+2→下影+8,1.73,0.24,0.24,2023-04,2023
603083.SSE,剑桥科技,2025-09-15,二接三阴,—,阴,4.97,大阳3~5,4.7,-1.6,10.4,23.6,3,下,3.7,10.24,断8~15天,10.0,3.0,4.6,-15.9,08-27,下影+2→下影+2,1.49,7.4,6.49,2025-09,2025
603085.SSE,天成自控,2025-02-26,二接三阳,—,阳,-0.59,小阴-3~0,-1.3,3.6,8.8,12.3,3,上,8.66,4.41,断4~7天,5.0,1.0,10.7,-2.9,02-14,下影+1→下影+2,5.22,-2.72,-12.46,2025-02,2025
603086.SSE,先达股份,2025-01-14,二接三阳,—,阳,0.72,小阳0~3,1.5,-0.8,-6.2,-9.6,1,下,-4.38,-4.65,60日内无板,,,,,,下影+0→下影+4,0.39,-10.02,-10.02,2025-01,2025
603086.SSE,先达股份,2025-02-17,二接三阳,—,阳,0.0,小阳0~3,1.0,2.8,-1.0,0.6,3,上,-2.08,1.44,断8~15天,15.0,3.0,-12.2,-25.6,01-14,下影+0→下影+4,0.0,9.93,-1.01,2025-02,2025
603086.SSE,先达股份,2025-02-18,三接四阳,—,阳,0.0,小阳0~3,1.0,2.8,-1.0,0.6,3,上,-2.08,1.44,断8~15天,15.0,3.0,-12.2,-25.6,01-14,下影+0→下影+4→下影+0,1.01,-9.95,-9.95,2025-02,2025
603086.SSE,先达股份,2025-04-24,三接四阳,—,阳,-0.18,小阴-3~0,-0.1,2.9,2.1,-0.4,2,上,0.61,-0.81,断16~60天,33.0,1.0,-4.0,-25.8,03-03,下影+1→一字+10→一字+10,7.14,2.12,2.12,2025-04,2025
603088.SSE,宁波精达,2024-12-06,二接三阳,—,阳,0.79,小阳0~3,4.1,5.4,8.6,11.4,4,上,4.08,2.49,断4~7天,6.0,1.0,12.1,-7.8,11-25,实体+1→下影+7,10.03,-5.65,2.78,2024-12,2024
603088.SSE,宁波精达,2024-12-11,二接三阴,—,阴,-5.66,巨阴≤-5,4.9,12.2,18.7,22.6,4,上,10.09,5.86,断1天,1.0,2.0,3.8,-6.0,12-05,实体-4→下影+10,8.94,-9.98,-9.98,2024-12,2024
603089.SSE,正裕工业,2023-11-06,二接三阳,—,阳,3.12,大阳3~5,3.3,6.6,12.3,15.4,4,上,6.58,4.21,断4~7天,7.0,1.0,17.1,-4.4,10-23,实体-2→下影+0,0.0,-4.09,-4.09,2023-11,2023
603090.SSE,宏盛股份,2025-09-25,二接三阴,—,阴,-2.98,小阴-3~0,-2.7,-3.4,4.4,11.0,2,下,3.24,7.42,断4~7天,5.0,1.0,-1.0,-12.9,09-15,下影+1→实体+2,8.08,4.83,-1.66,2025-09,2025
603091.SSE,众鑫股份,2024-10-09,二接三阳,—,阳,3.93,大阳3~5,2.7,,,,1,缺失,,,断4~7天,7.0,1.0,-2.8,-19.4,09-03,下影+5→一字+10,10.0,-9.99,-9.99,2024-10,2024
603093.SSE,南华期货,2025-06-05,二接三阳,—,阳,5.17,巨阳≥5,4.8,3.6,3.2,4.0,4,上,-1.88,0.41,断16~60天,51.0,1.0,8.8,-21.1,03-14,下影+2→下影+5,9.97,7.97,7.97,2025-06,2025
603093.SSE,南华期货,2025-06-06,三接四阳,A1,阳,5.17,巨阳≥5,4.8,3.6,3.2,4.0,4,上,-1.88,0.41,断16~60天,51.0,1.0,8.8,-21.1,03-14,下影+2→下影+5→下影+10,3.41,7.98,5.46,2025-06,2025
603093.SSE,南华期货,2025-06-27,二接三阳,—,阳,3.88,大阳3~5,-4.8,-10.6,0.5,11.1,2,下,0.96,9.66,断8~15天,8.0,1.0,-12.6,-26.1,06-12,实体+0→下影+8,-3.36,-6.57,-6.57,2025-06,2025
603093.SSE,南华期货,2025-07-11,二接三阳,—,阳,-0.62,小阴-3~0,2.5,-0.3,1.8,10.5,3,下,3.73,2.36,断8~15天,8.0,2.0,5.7,-11.4,06-26,下影+2→下影-1,1.78,-10.0,-10.0,2025-07,2025
603095.SSE,越剑智能,2024-03-18,二接三阴,—,阴,-0.65,小阴-3~0,-1.2,0.7,10.4,13.3,3,上,7.38,7.33,断8~15天,9.0,1.0,17.8,0.6,02-29,实体+0→下影+4,7.95,-8.25,-8.25,2024-03,2024
603095.SSE,越剑智能,2024-10-28,二接三阴,—,阴,-4.06,大阴-5~-3,6.6,10.6,14.1,16.6,4,上,2.57,3.84,断1天,1.0,2.0,5.5,-6.0,10-22,下影-1→下影+5,0.79,-12.6,-12.6,2024-10,2024
603095.SSE,越剑智能,2026-04-29,二接三阳,—,阳,-1.14,小阴-3~0,-2.6,-3.1,-2.8,-2.9,0,下,0.02,0.86,断16~60天,51.0,1.0,-4.4,-18.2,02-03,下影+3→下影+8,-1.0,10.02,4.86,2026-04,2026
603096.SSE,新经典,2023-04-13,二接三阴,—,阴,-2.63,小阴-3~0,-3.4,,,,0,缺失,,,断16~60天,17.0,1.0,41.5,-7.9,08-25,下影-0→下影+5,0.31,-11.33,-11.33,2023-04,2023
603096.SSE,新经典,2024-12-02,二接三阳,—,阳,1.32,小阳0~3,2.0,3.4,4.4,4.6,4,上,0.68,0.43,60日内无板,,,,,,下影+1→下影+3,-3.76,-6.5,-6.5,2024-12,2024
603097.SSE,江苏华辰,2024-01-16,二接三阴,—,阴,0.5,小阳0~3,-4.3,-2.3,5.9,8.3,2,下,8.77,4.78,断4~7天,5.0,1.0,2.3,-13.1,01-04,下影+2→下影+1,-1.17,-8.33,-8.33,2024-01,2024
603099.SSE,长白山,2024-01-04,二接三阳,—,阳,3.88,大阳3~5,3.5,2.1,-0.5,-1.0,2,上,-3.02,-1.31,断16~60天,47.0,1.0,13.7,-9.0,10-25,下影+2→实体+1,6.84,9.98,48.95,2024-01,2024
603099.SSE,长白山,2024-01-05,三接四阳,A1,阳,3.88,大阳3~5,3.5,2.1,-0.5,-1.0,2,上,-3.02,-1.31,断16~60天,47.0,1.0,13.7,-9.0,10-25,下影+2→实体+1→下影+7,7.17,9.99,35.43,2024-01,2024
603101.SSE,汇嘉时代,2024-11-13,二接三阴,—,阴,-0.85,小阴-3~0,-0.1,-0.4,4.7,9.1,2,下,3.6,3.33,60日内无板,,,,,,下影+1→下影+1,-2.12,-1.67,-1.67,2024-11,2024
603101.SSE,汇嘉时代,2025-08-22,二接三阳,—,阳,3.61,大阳3~5,5.0,7.6,8.4,8.7,4,上,3.02,0.83,60日内无板,,,,,,下影+2→下影-1,3.84,5.24,5.24,2025-08,2025
603101.SSE,汇嘉时代,2025-08-25,三接四阳,—,阳,3.61,大阳3~5,5.0,7.6,8.4,8.7,4,上,3.02,0.83,60日内无板,,,,,,下影+2→下影-1→实体+4,1.48,-13.73,-13.73,2025-08,2025
603103.SSE,横店影视,2025-02-14,二接三阴,—,阴,-0.15,小阴-3~0,1.5,-3.8,-0.0,-2.7,2,下,-0.06,-1.02,断16~60天,47.0,2.0,-9.5,-28.3,11-27,下影+0→下影+4,5.31,-16.09,-16.09,2025-02,2025
603103.SSE,横店影视,2026-02-03,三接四阳,—,阳,4.57,大阳3~5,5.6,8.6,13.2,19.6,4,上,3.39,6.22,60日内无板,,,,,,下影+0→下影+4→一字+10,10.02,-6.74,-6.74,2026-02,2026
603106.SSE,恒银科技,2023-08-08,二接三阳,—,阳,1.56,小阳0~3,1.6,3.3,4.8,4.9,4,上,1.78,0.77,60日内无板,,,,,,实体+0→下影+10,5.07,9.99,8.96,2023-08,2023
603106.SSE,恒银科技,2023-08-09,三接四阳,—,阳,1.56,小阳0~3,1.6,3.3,4.8,4.9,4,上,1.78,0.77,60日内无板,,,,,,实体+0→下影+10→下影+5,-0.38,10.01,-0.93,2023-08,2023
603106.SSE,恒银科技,2023-08-28,二接三阳,—,阳,2.26,小阳0~3,2.1,-3.9,6.6,15.4,3,下,2.43,7.31,断4~7天,6.0,1.0,-0.5,-16.8,08-15,下影-1→实体-1,9.98,-13.17,-13.17,2023-08,2023
603106.SSE,恒银科技,2024-10-28,二接三阴,—,阴,-0.61,小阴-3~0,6.3,10.7,24.2,44.8,4,上,4.12,17.18,断1天,1.0,1.0,9.4,-4.1,10-22,下影+4→下影-4,9.9,-9.99,-9.99,2024-10,2024
603106.SSE,恒银科技,2024-10-29,三接四阴,—,阴,-0.61,小阴-3~0,6.3,10.7,24.2,44.8,4,上,4.12,17.18,断1天,1.0,1.0,9.4,-4.1,10-22,下影+4→下影-4→下影+10,9.99,-9.99,-6.45,2024-10,2024
603106.SSE,恒银科技,2025-01-15,二接三阴,—,阴,-5.51,巨阴≤-5,-2.9,-4.8,-10.8,-16.4,0,下,-4.9,-6.61,断2~3天,3.0,1.0,6.1,-3.8,01-07,下影-1→下影+5,4.26,-3.46,-3.46,2025-01,2025
603106.SSE,恒银科技,2026-08-04,二接三阳,—,阳,0.89,小阳0~3,3.2,4.8,2.7,-1.1,3,上,0.17,-2.16,断16~60天,27.0,1.0,-7.7,-23.7,06-23,实体-0→一字+10,9.98,1.0,1.0,2026-08,2026
603106.SSE,恒银科技,2026-08-05,三接四阳,—,阳,0.89,小阳0~3,3.2,4.8,2.7,-1.1,3,上,0.17,-2.16,断16~60天,27.0,1.0,-7.7,-23.7,06-23,实体-0→一字+10→下影+10,3.32,1.01,-9.05,2026-08,2026
603108.SSE,润达医疗,2023-06-20,二接三阴,B1,阴,-1.27,小阴-3~0,-2.7,2.4,10.0,11.0,3,上,10.39,4.68,断4~7天,6.0,1.0,12.2,-1.3,06-07,实体-0→下影+8,7.27,1.67,1.67,2023-06,2023
603108.SSE,润达医疗,2023-10-31,二接三阳,—,阳,6.26,巨阳≥5,3.9,-1.7,1.5,4.2,3,下,-1.36,1.07,断8~15天,11.0,2.0,3.0,-14.6,10-11,实体-0→下影+7,4.01,-9.73,-9.73,2023-10,2023
603109.SSE,神驰机电,2024-03-01,二接三阳,—,阳,0.0,小阳0~3,6.0,17.6,17.9,11.0,4,上,10.59,-1.45,断4~7天,7.0,1.0,42.7,-2.7,02-08,实体+3→一字+10,10.02,-14.43,-14.43,2024-03,2024
603110.SSE,东方材料,2025-02-07,二接三阳,—,阳,3.11,大阳3~5,3.0,4.1,4.8,0.5,4,上,1.91,-0.84,断16~60天,48.0,1.0,-4.6,-24.3,11-19,实体-1→一字+10,9.98,-5.52,-5.52,2025-02,2025
603111.SSE,康尼机电,2024-02-28,二接三阳,—,阳,3.38,大阳3~5,8.0,17.9,12.1,7.2,4,上,0.04,-2.07,断2~3天,2.0,1.0,14.8,-2.1,02-21,下影+2→一字+10,10.06,-20.87,-20.87,2024-02,2024
603115.SSE,海星股份,2025-07-18,二接三阴,—,阴,-0.81,小阴-3~0,0.5,0.8,2.2,2.2,4,上,1.67,0.43,60日内无板,,,,,,下影+0→下影+9,8.85,-8.35,-8.35,2025-07,2025
603115.SSE,海星股份,2026-04-23,二接三阴,—,阴,-6.47,巨阴≤-5,-2.6,0.1,4.1,13.7,3,上,1.21,8.57,断8~15天,15.0,1.0,12.1,-6.7,03-27,实体-1→下影+9,3.1,-0.7,-0.7,2026-04,2026
603115.SSE,海星股份,2026-06-17,二接三阴,—,阴,-2.03,小阴-3~0,-5.0,-9.7,-11.6,0.8,1,下,-6.82,7.0,断8~15天,12.0,1.0,-12.3,-20.3,05-27,实体+1→实体+4,6.57,-4.37,-4.37,2026-06,2026
603117.SSE,万林物流,2024-11-05,二接三阴,—,阴,-9.99,巨阴≤-5,-10.6,2.4,27.3,38.3,3,上,38.37,19.68,断4~7天,4.0,6.0,-0.1,-9.2,10-25,下影-5→实体-7,3.21,-5.94,-5.94,2024-11,2024
603118.SSE,共进股份,2024-08-26,二接三阳,—,阳,0.34,小阳0~3,-0.9,1.1,0.8,0.1,3,上,0.7,0.43,60日内无板,,,,,,实体+0→一字+10,9.94,-7.88,-7.88,2024-08,2024
603118.SSE,共进股份,2026-08-17,二接三阴,—,阴,-1.23,小阴-3~0,-1.1,0.7,-3.3,0.1,2,上,-5.98,1.29,断8~15天,15.0,2.0,-2.8,-21.6,07-22,实体+2→下影+3,9.68,-1.6,-1.6,2026-08,2026
603121.SSE,华培动力,2024-12-05,二接三阳,—,阳,1.93,小阳0~3,1.2,0.8,1.5,3.1,4,上,0.95,1.3,断4~7天,5.0,1.0,5.0,-10.9,11-25,下影+0→一字+10,10.02,-7.18,-7.18,2024-12,2024
603122.SSE,合富中国,2025-10-30,二接三阳,—,阳,1.67,小阳0~3,1.0,3.0,2.2,1.0,4,上,1.61,-0.76,60日内无板,,,,,,下影-0→下影+7,2.22,10.0,86.52,2025-10,2025
603122.SSE,合富中国,2025-10-31,三接四阳,—,阳,1.67,小阳0~3,1.0,3.0,2.2,1.0,4,上,1.61,-0.76,60日内无板,,,,,,下影-0→下影+7→下影+2,7.42,10.01,69.56,2025-10,2025
603122.SSE,合富中国,2025-11-13,二接三阳,—,阳,5.26,巨阳≥5,15.9,42.5,83.0,101.5,4,上,49.44,27.9,断1天,1.0,9.0,15.8,-9.3,11-07,实体+2→下影+10,4.53,7.69,7.69,2025-11,2025
603122.SSE,合富中国,2025-11-14,三接四阳,—,阳,5.26,巨阳≥5,15.9,42.5,83.0,101.5,4,上,49.44,27.9,断1天,1.0,9.0,15.8,-9.3,11-07,实体+2→下影+10→实体+5,-2.17,7.69,-3.09,2025-11,2025
603123.SSE,翠微股份,2023-09-26,二接三阳,—,阳,-0.2,小阴-3~0,-1.7,-2.1,0.8,1.0,2,下,1.93,1.38,60日内无板,,,,,,下影+0→下影+2,5.18,10.0,15.96,2023-09,2023
603123.SSE,翠微股份,2023-09-27,三接四阳,—,阳,-0.2,小阴-3~0,-1.7,-2.1,0.8,1.0,2,下,1.93,1.38,60日内无板,,,,,,下影+0→下影+2→实体+5,5.51,5.41,5.41,2023-09,2023
603123.SSE,翠微股份,2024-09-09,二接三阳,—,阳,-0.52,小阴-3~0,-1.0,0.0,-2.0,-2.7,1,上,-1.08,-1.44,60日内无板,,,,,,下影+1→下影+8,-4.0,-6.49,-6.49,2024-09,2024
603123.SSE,翠微股份,2024-09-10,三接四阳,—,阳,-0.52,小阴-3~0,-1.0,0.0,-2.0,-2.7,1,上,-1.08,-1.44,60日内无板,,,,,,下影+1→下影+8→下影-4,3.9,-23.49,-23.49,2024-09,2024
603123.SSE,翠微股份,2025-06-04,三接四阴,—,阴,-1.27,小阴-3~0,2.6,3.2,6.3,7.8,4,上,1.51,1.45,断16~60天,17.0,1.0,21.4,-2.6,04-30,下影-0→下影+10→一字+10,-0.24,4.11,-4.04,2025-06,2025
603125.SSE,常青科技,2025-07-02,二接三阴,—,阴,-0.25,小阴-3~0,-0.4,2.0,4.8,-0.8,2,上,3.06,1.56,60日内无板,,,,,,下影+4→下影+8,10.02,-19.11,-19.11,2025-07,2025
603127.SSE,昭衍新药,2024-10-08,二接三阳,—,阳,4.12,大阳3~5,5.6,7.2,8.8,8.2,4,上,2.49,1.33,断16~60天,53.0,1.0,19.7,-5.0,07-11,下影+2→下影+9,10.03,-9.11,-9.11,2024-10,2024
603128.SSE,华贸物流,2025-04-17,二接三阴,—,阴,-2.29,小阴-3~0,1.3,3.1,3.0,3.5,4,上,1.03,0.67,60日内无板,,,,,,下影-0→一字+10,8.98,-10.05,-10.05,2025-04,2025
603130.SSE,云中马,2025-08-08,二接三阴,—,阴,-0.48,小阴-3~0,3.8,6.6,4.6,7.7,4,上,0.52,1.1,断16~60天,18.0,1.0,6.0,-14.0,07-10,下影+0→下影+2,5.85,-9.9,-9.9,2025-08,2025
603131.SSE,上海沪工,2023-07-12,二接三阴,—,阴,-0.56,小阴-3~0,-0.5,0.2,2.5,2.5,3,上,1.66,1.06,60日内无板,,,,,,实体+1→一字+10,6.88,-13.78,-13.78,2023-07,2023
603131.SSE,上海沪工,2023-10-19,二接三阳,—,阳,-1.92,小阴-3~0,0.5,6.4,10.1,10.6,4,上,7.27,1.98,断2~3天,3.0,1.0,7.3,-7.3,10-11,下影-0→下影+8,-2.59,-10.01,-10.01,2023-10,2023
603131.SSE,上海沪工,2024-03-07,二接三阴,—,阴,-1.59,小阴-3~0,0.8,4.4,9.9,2.1,4,上,11.18,-2.16,断16~60天,21.0,1.0,-4.8,-38.6,01-25,实体-0→下影+8,7.87,9.98,3.46,2024-03,2024
603131.SSE,上海沪工,2024-03-08,三接四阴,—,阴,-1.59,小阴-3~0,0.8,4.4,9.9,2.1,4,上,11.18,-2.16,断16~60天,21.0,1.0,-4.8,-38.6,01-25,实体-0→下影+8→下影+8,-1.96,-5.93,-5.93,2024-03,2024
603132.SSE,金徽股份,2026-01-28,二接三阳,—,阳,3.54,大阳3~5,3.0,4.0,7.7,10.7,4,上,3.54,2.88,断16~60天,49.0,1.0,21.6,-15.5,11-13,实体+4→实体+2,1.69,-2.61,-2.61,2026-01,2026
603135.SSE,中重科技,2026-06-05,二接三阳,—,阳,2.63,小阳0~3,1.2,-3.5,-9.7,-9.4,1,下,-7.93,-2.23,60日内无板,,,,,,下影-1→下影-1,6.27,9.98,12.62,2026-06,2026
603135.SSE,中重科技,2026-06-08,三接四阳,—,阳,2.63,小阳0~3,1.2,-3.5,-9.7,-9.4,1,下,-7.93,-2.23,60日内无板,,,,,,下影-1→下影-1→下影+6,1.78,2.4,2.4,2026-06,2026
603137.SSE,恒尚节能,2026-07-15,二接三阴,—,阴,6.15,巨阳≥5,16.7,43.5,74.3,81.6,4,上,42.89,18.62,断1天,1.0,8.0,16.8,5.3,07-09,实体-5→下影+5,1.58,-10.0,-10.0,2026-07,2026
603139.SSE,康惠股份,2025-03-24,三接四阴,—,阴,-0.13,小阴-3~0,-0.1,0.6,3.5,4.7,3,上,3.18,1.47,60日内无板,,,,,,下影+0→下影+10→一字+10,10.0,-23.14,-23.14,2025-03,2025
603139.SSE,康惠股份,2025-06-13,三接四阳,—,阳,3.05,大阳3~5,2.4,3.1,3.5,4.7,4,上,0.14,0.44,断16~60天,36.0,1.0,16.0,-11.3,04-14,下影-0→一字+10→一字+10,10.02,-21.92,-21.92,2025-06,2025
603151.SSE,邦基科技,2025-06-19,三接四阳,—,阳,3.73,大阳3~5,2.9,2.3,4.2,8.3,4,上,1.12,3.05,60日内无板,,,,,,下影+2→下影+10→一字+10,10.0,-6.28,-6.28,2025-06,2025
603153.SSE,上海建科,2023-12-14,二接三阳,—,阳,2.19,小阳0~3,4.6,9.9,11.3,12.9,4,上,3.9,2.2,断2~3天,2.0,1.0,9.7,-6.2,12-07,下影-2→实体+0,-4.76,10.0,0.35,2023-12,2023
603153.SSE,上海建科,2023-12-15,三接四阳,—,阳,2.19,小阳0~3,4.6,9.9,11.3,12.9,4,上,3.9,2.2,断2~3天,2.0,1.0,9.7,-6.2,12-07,下影-2→实体+0→下影-5,9.01,-8.77,-8.77,2023-12,2023
603155.SSE,新亚强,2024-07-08,二接三阴,—,阴,-1.8,小阴-3~0,-3.4,-3.4,-17.1,-24.7,0,下,-11.69,-9.67,60日内无板,,,,,,下影+1→下影+1,6.86,10.01,-1.02,2024-07,2024
603155.SSE,新亚强,2024-07-09,三接四阴,—,阴,-1.8,小阴-3~0,-3.4,-3.4,-17.1,-24.7,0,下,-11.69,-9.67,60日内无板,,,,,,下影+1→下影+1→下影+7,10.01,-10.02,-10.02,2024-07,2024
603155.SSE,新亚强,2025-06-24,二接三阴,—,阴,-2.68,小阴-3~0,-3.0,-4.3,-4.5,-4.4,0,下,-1.46,-0.52,60日内无板,,,,,,下影+5→下影+5,9.98,1.09,1.09,2025-06,2025
603156.SSE,养元饮品,2025-09-26,二接三阳,—,阳,0.14,小阳0~3,-0.2,-1.6,-2.2,-2.2,0,下,-1.67,-0.8,60日内无板,,,,,,下影+0→下影+5,10.01,7.68,7.68,2025-09,2025
603156.SSE,养元饮品,2025-09-29,三接四阳,—,阳,0.14,小阳0~3,-0.2,-1.6,-2.2,-2.2,0,下,-1.67,-0.8,60日内无板,,,,,,下影+0→下影+5→下影+10,6.93,-4.78,-4.78,2025-09,2025
603158.SSE,腾龙股份,2025-08-15,二接三阳,—,阳,0.0,小阳0~3,0.6,1.9,1.9,2.7,4,上,0.64,0.73,60日内无板,,,,,,实体+0→下影+8,8.6,3.82,3.82,2025-08,2025
603158.SSE,腾龙股份,2025-08-18,三接四阳,—,阳,0.0,小阳0~3,0.6,1.9,1.9,2.7,4,上,0.64,0.73,60日内无板,,,,,,实体+0→下影+8→下影+9,5.16,3.8,2.83,2025-08,2025
603160.SSE,汇顶科技,2024-10-09,二接三阳,—,阳,5.65,巨阳≥5,7.8,9.4,6.9,5.2,4,上,-0.94,-0.92,60日内无板,,,,,,下影+6→一字+10,6.29,-6.83,-6.83,2024-10,2024
603162.SSE,海通发展,2023-08-22,二接三阳,—,阳,6.17,巨阳≥5,3.4,5.8,7.5,8.4,4,上,2.49,1.74,60日内无板,,,,,,实体+5→一字+10,4.45,-15.42,-15.42,2023-08,2023
603163.SSE,圣晖集成,2025-12-24,二接三阴,—,阴,-2.27,小阴-3~0,-2.8,-3.2,1.6,10.3,2,下,1.45,7.13,断4~7天,5.0,1.0,-2.1,-12.1,12-12,实体-0→下影+5,10.0,10.0,6.26,2025-12,2025
603163.SSE,圣晖集成,2025-12-25,三接四阴,—,阴,-2.27,小阴-3~0,-2.8,-3.2,1.6,10.3,2,下,1.45,7.13,断4~7天,5.0,1.0,-2.1,-12.1,12-12,实体-0→下影+5→下影+10,2.41,-3.4,-3.4,2025-12,2025
603166.SSE,福达股份,2024-05-31,二接三阴,—,阴,0.57,小阳0~3,-0.3,-2.7,-6.3,-5.5,0,下,-4.42,-0.89,60日内无板,,,,,,实体+2→下影+3,1.86,-21.61,-21.61,2024-05,2024
603166.SSE,福达股份,2025-01-14,二接三阳,—,阳,1.56,小阳0~3,2.2,-0.6,-0.9,-2.0,1,下,0.22,-3.15,断8~15天,9.0,1.0,5.6,-11.9,12-26,下影-0→一字+10,0.12,2.62,2.62,2025-01,2025
603166.SSE,福达股份,2025-01-15,三接四阳,—,阳,1.56,小阳0~3,2.2,-0.6,-0.9,-2.0,1,下,0.22,-3.15,断8~15天,9.0,1.0,5.6,-11.9,12-26,下影-0→一字+10→下影+0,4.3,-16.02,-16.02,2025-01,2025
603168.SSE,莎普爱思,2023-12-28,二接三阴,—,阴,-6.78,巨阴≤-5,-12.7,-16.1,-13.8,-12.7,0,下,-0.49,0.56,断8~15天,8.0,1.0,-12.4,-20.6,12-13,实体+1→下影+3,2.83,4.6,0.16,2023-12,2023
603169.SSE,兰石重装,2025-04-02,二接三阳,—,阳,4.02,大阳3~5,4.2,9.1,14.3,16.9,4,上,6.89,4.13,断2~3天,3.0,1.0,14.7,-3.9,03-25,下影-2→下影+7,9.95,6.82,-1.68,2025-04,2025
603171.SSE,税友股份,2024-06-27,二接三阴,—,阴,-4.53,大阴-5~-3,-4.7,-2.0,-1.3,-3.5,0,下,3.49,-0.86,断2~3天,3.0,1.0,-0.8,-10.8,06-19,下影+2→下影+5,-1.1,-6.5,-6.5,2024-06,2024
603171.SSE,税友股份,2024-07-03,二接三阴,—,阴,-6.5,巨阴≤-5,5.7,11.9,18.4,17.9,4,上,9.53,3.57,断1天,1.0,3.0,2.8,-9.0,06-27,下影-3→一字+10,10.0,-13.95,-13.95,2024-07,2024
603171.SSE,税友股份,2026-01-13,二接三阳,—,阳,1.02,小阳0~3,5.5,14.9,21.2,22.2,4,上,9.48,4.19,断2~3天,3.0,1.0,17.2,-2.4,01-05,下影+0→下影+6,10.0,3.0,3.0,2026-01,2026
603172.SSE,万丰股份,2024-04-08,三接四阴,—,阴,-1.2,小阴-3~0,-0.0,-2.4,3.9,6.6,3,下,3.92,2.52,断16~60天,32.0,1.0,28.0,-16.5,02-06,实体+1→一字+10→一字+10,6.57,-22.95,-22.95,2024-04,2024
603172.SSE,万丰股份,2024-06-12,二接三阳,—,阳,0.64,小阳0~3,-0.0,-0.0,0.0,1.0,4,上,0.24,-0.65,断16~60天,41.0,3.0,-16.4,-38.4,04-03,实体+0→下影-0,2.46,-16.07,-16.07,2024-06,2024
603172.SSE,万丰股份,2026-02-03,三接四阳,—,阳,1.24,小阳0~3,0.9,3.8,11.0,13.4,4,上,8.21,4.07,60日内无板,,,,,,下影-1→一字+10→一字+10,10.0,-9.99,-9.99,2026-02,2026
603176.SSE,汇通集团,2025-07-16,三接四阳,—,阳,0.4,小阳0~3,2.0,3.7,5.7,3.5,4,上,2.96,-0.84,断16~60天,25.0,1.0,2.6,-16.9,06-05,下影+0→一字+10→一字+10,10.04,-23.09,-23.09,2025-07,2025
603177.SSE,德创环保,2025-01-17,三接四阳,—,阳,4.06,大阳3~5,1.5,0.6,-5.2,-9.9,2,上,-3.37,-5.54,60日内无板,,,,,,实体-0→实体+9→一字+10,10.04,-9.98,-9.98,2025-01,2025
603178.SSE,圣龙股份,2023-07-04,二接三阳,—,阳,3.51,大阳3~5,6.0,9.2,13.1,14.4,4,上,5.33,2.4,60日内无板,,,,,,实体-2→下影+10,-0.37,-7.04,-7.04,2023-07,2023
603178.SSE,圣龙股份,2023-10-11,三接四阴,A2,阴,-8.28,巨阴≤-5,-8.7,-6.6,-5.5,-4.1,0,下,2.94,2.18,断4~7天,7.0,1.0,0.6,-10.1,09-18,下影-1→一字+10→一字+10,10.0,10.02,141.22,2023-10,2023
603178.SSE,圣龙股份,2023-11-21,二接三阳,—,阳,5.29,巨阳≥5,3.7,-0.8,-4.0,13.6,2,下,-5.53,7.07,断16~60天,16.0,14.0,-9.0,-25.0,10-25,下影-1→下影+7,7.87,10.01,3.79,2023-11,2023
603178.SSE,圣龙股份,2023-11-22,三接四阳,—,阳,5.29,巨阳≥5,3.7,-0.8,-4.0,13.6,2,下,-5.53,7.07,断16~60天,16.0,14.0,-9.0,-25.0,10-25,下影-1→下影+7→下影+8,9.97,-5.65,-5.65,2023-11,2023
603178.SSE,圣龙股份,2025-04-24,二接三阳,—,阳,1.24,小阳0~3,-0.0,-0.3,-6.9,-11.7,1,下,-6.32,-5.69,断8~15天,12.0,1.0,-7.2,-23.9,04-02,下影+0→下影+4,9.98,-13.46,-13.46,2025-04,2025
603178.SSE,圣龙股份,2026-04-21,二接三阳,—,阳,2.13,小阳0~3,1.2,2.6,2.8,0.4,4,上,0.69,-1.22,60日内无板,,,,,,下影-1→下影+5,-3.39,0.38,0.38,2026-04,2026
603178.SSE,圣龙股份,2026-04-22,三接四阳,—,阳,2.13,小阳0~3,1.2,2.6,2.8,0.4,4,上,0.69,-1.22,60日内无板,,,,,,下影-1→下影+5→下影-3,6.26,-17.72,-17.72,2026-04,2026
603182.SSE,XD嘉华股,2024-05-14,二接三阳,—,阳,0.74,小阳0~3,0.1,4.4,7.5,6.9,4,上,7.47,0.76,60日内无板,,,,,,实体+0→下影+8,10.03,-21.01,-21.01,2024-05,2024
603185.SSE,弘元绿能,2024-11-01,二接三阳,—,阳,9.14,巨阳≥5,13.6,22.6,23.8,33.0,4,上,5.2,8.27,断2~3天,2.0,1.0,26.4,0.3,10-25,下影-1→下影+6,9.9,-5.61,-5.23,2024-11,2024
603186.SSE,华正新材,2026-06-10,二接三阳,—,阳,0.07,小阳0~3,1.8,-2.2,6.7,19.6,3,下,4.4,9.09,断8~15天,10.0,1.0,9.8,-7.8,05-22,下影-7→下影+5,1.92,3.52,3.52,2026-06,2026
603186.SSE,华正新材,2026-06-17,二接三阴,—,阴,-0.05,小阴-3~0,7.8,21.9,30.6,45.1,4,上,10.52,12.55,断2~3天,3.0,2.0,25.2,1.9,06-09,实体+5→下影+7,4.34,5.05,5.05,2026-06,2026
603186.SSE,华正新材,2026-08-06,二接三阴,—,阴,-8.7,巨阴≤-5,-9.1,-19.3,-33.0,-42.9,0,下,-19.02,-13.98,断8~15天,14.0,1.0,-38.7,-44.7,07-14,下影+2→下影+1,2.25,8.96,15.82,2026-08,2026
603192.SSE,汇得科技,2025-05-23,二接三阳,—,阳,1.09,小阳0~3,2.5,2.8,3.4,5.3,4,上,0.81,1.79,断16~60天,31.0,1.0,6.3,-24.8,04-01,下影+0→一字+10,10.0,10.02,11.68,2025-05,2025
603193.SSE,润本股份,2024-10-08,二接三阳,—,阳,1.68,小阳0~3,4.7,8.6,8.8,10.5,4,上,2.35,2.49,60日内无板,,,,,,实体+2→下影+3,9.22,-10.01,-10.01,2024-10,2024
603198.SSE,迎驾贡酒,2024-09-30,二接三阴,—,阴,-0.67,小阴-3~0,3.2,7.2,8.8,8.6,4,上,2.77,1.28,60日内无板,,,,,,下影+0→实体+3,6.53,-1.95,-1.95,2024-09,2024
603200.SSE,上海洗霸,2025-03-03,二接三阳,—,阳,5.06,巨阳≥5,5.0,7.4,10.1,14.9,4,上,1.3,3.53,断16~60天,23.0,1.0,31.7,-4.3,01-16,实体+0→下影+7,4.11,0.51,0.51,2025-03,2025
603200.SSE,上海洗霸,2025-09-09,二接三阴,—,阴,-2.01,小阴-3~0,0.8,7.7,14.1,18.4,4,上,10.07,5.05,断8~15天,8.0,1.0,22.1,-9.1,08-25,实体-1→下影+4,-0.43,-5.76,-5.76,2025-09,2025
603203.SSE,快克智能,2026-05-14,二接三阳,—,阳,4.67,大阳3~5,4.7,6.9,9.8,17.6,4,上,2.39,5.91,断8~15天,13.0,1.0,15.9,-7.4,04-17,下影+1→下影-2,2.39,-2.48,-2.48,2026-05,2026
603206.SSE,嘉环科技,2024-10-23,二接三阳,—,阳,1.26,小阳0~3,3.3,3.5,12.8,18.6,4,上,6.78,6.34,60日内无板,,,,,,实体+0→实体+2,10.01,-9.99,-9.99,2024-10,2024
603206.SSE,嘉环科技,2025-03-13,二接三阳,—,阳,-0.7,小阴-3~0,1.1,2.1,1.5,5.9,4,上,-1.29,2.15,断8~15天,11.0,1.0,0.7,-15.9,02-21,下影-1→一字+10,9.99,-10.02,-10.02,2025-03,2025
603206.SSE,嘉环科技,2026-05-20,二接三阴,—,阴,-0.63,小阴-3~0,-0.9,0.5,1.4,4.0,3,上,2.0,2.24,60日内无板,,,,,,实体-2→实体+1,3.66,-12.32,-12.32,2026-05,2026
603211.SSE,晋拓股份,2023-05-24,二接三阴,—,阴,-0.52,小阴-3~0,1.0,2.0,1.6,-2.6,3,上,0.88,-2.01,60日内无板,,,,,,实体+0→下影+2,4.94,-11.56,-11.56,2023-05,2023
603211.SSE,晋拓股份,2023-10-23,二接三阴,—,阴,0.88,小阳0~3,0.4,3.8,8.4,8.5,4,上,6.94,2.03,断2~3天,2.0,1.0,4.1,-6.7,10-16,下影-2→下影+5,8.2,-22.93,-22.93,2023-10,2023
603211.SSE,晋拓股份,2023-12-01,三接四阳,—,阳,0.56,小阳0~3,-1.0,-2.1,-0.0,-1.2,1,下,0.51,0.26,断16~60天,26.0,2.0,-7.8,-22.6,10-20,实体-0→一字+10→一字+10,2.54,-5.97,-5.97,2023-12,2023
603211.SSE,晋拓股份,2025-01-23,二接三阳,—,阳,3.9,大阳3~5,3.3,5.9,6.8,3.2,4,上,3.44,-0.79,断16~60天,43.0,1.0,-4.5,-26.4,11-19,下影+0→下影+1,9.76,10.02,-0.97,2025-01,2025
603211.SSE,晋拓股份,2025-01-24,三接四阳,—,阳,3.9,大阳3~5,3.3,5.9,6.8,3.2,4,上,3.44,-0.79,断16~60天,43.0,1.0,-4.5,-26.4,11-19,下影+0→下影+1→下影+10,-7.21,-9.99,-9.99,2025-01,2025
603215.SSE,比依股份,2025-01-06,二接三阳,—,阳,0.29,小阳0~3,2.9,2.4,5.7,8.1,4,上,2.55,2.34,断2~3天,2.0,1.0,7.8,-3.6,12-27,下影+1→一字+10,10.0,-9.98,-9.98,2025-01,2025
603216.SSE,梦天家居,2024-12-16,二接三阳,—,阳,2.57,小阳0~3,2.3,2.6,4.2,5.3,4,上,1.39,0.97,60日内无板,,,,,,下影+1→下影+6,6.88,-10.02,-10.02,2024-12,2024
603216.SSE,梦天家居,2025-11-21,二接三阳,—,阳,0.77,小阳0~3,0.0,-1.8,-5.2,-7.5,1,下,-2.1,-3.73,断16~60天,22.0,1.0,-8.8,-18.5,09-26,一字+10→一字+10,10.0,10.0,13.35,2025-11,2025
603216.SSE,梦天家居,2025-11-24,三接四阳,—,阳,0.77,小阳0~3,0.0,-1.8,-5.2,-7.5,1,下,-2.1,-3.73,断16~60天,22.0,1.0,-8.8,-18.5,09-26,一字+10→一字+10→下影+10,1.34,10.0,3.04,2025-11,2025
603217.SSE,元利科技,2024-01-19,二接三阴,—,阴,-0.12,小阴-3~0,-0.1,-0.2,-2.3,-4.5,0,下,-2.1,-1.81,60日内无板,,,,,,下影+1→下影+0,3.01,-14.47,-14.47,2024-01,2024
603219.SSE,富佳股份,2023-10-26,二接三阴,—,阴,-2.24,小阴-3~0,-2.2,-5.0,-7.0,-7.6,0,下,-4.13,-1.31,60日内无板,,,,,,实体+1→实体+3,2.99,10.01,-0.99,2023-10,2023
603219.SSE,富佳股份,2023-10-27,三接四阴,—,阴,-2.24,小阴-3~0,-2.2,-5.0,-7.0,-7.6,0,下,-4.13,-1.31,60日内无板,,,,,,实体+1→实体+3→实体+3,6.69,-10.0,-10.0,2023-10,2023
603219.SSE,富佳股份,2024-03-18,二接三阳,—,阳,0.16,小阳0~3,0.9,1.3,8.4,6.7,4,上,3.61,3.25,断16~60天,38.0,2.0,-18.2,-51.9,01-11,下影-0→下影+4,4.91,-16.2,-16.2,2024-03,2024
603220.SSE,中贝通信,2023-08-31,二接三阴,—,阴,-5.71,巨阴≤-5,-6.0,2.6,12.5,15.2,3,上,15.46,8.02,断4~7天,4.0,1.0,9.5,-1.7,08-22,实体+3→下影+5,1.99,-4.33,-4.33,2023-08,2023
603221.SSE,爱丽家居,2024-03-26,二接三阳,—,阳,2.18,小阳0~3,3.9,7.1,10.2,11.6,4,上,6.27,2.48,断16~60天,22.0,1.0,18.5,-12.0,02-20,下影+0→下影+3,10.04,9.97,8.87,2024-03,2024
603221.SSE,爱丽家居,2024-03-27,三接四阳,—,阳,2.18,小阳0~3,3.9,7.1,10.2,11.6,4,上,6.27,2.48,断16~60天,22.0,1.0,18.5,-12.0,02-20,下影+0→下影+3→下影+10,9.97,9.98,-1.0,2024-03,2024
603221.SSE,爱丽家居,2025-04-08,二接三阳,—,阳,1.17,小阳0~3,0.6,-1.0,-2.2,-1.6,1,下,-2.78,-0.48,60日内无板,,,,,,下影+1→一字+10,0.0,10.02,-0.16,2025-04,2025
603221.SSE,爱丽家居,2025-04-09,三接四阳,A1,阳,1.17,小阳0~3,0.6,-1.0,-2.2,-1.6,1,下,-2.78,-0.48,60日内无板,,,,,,下影+1→一字+10→下影+0,9.62,-9.25,-9.25,2025-04,2025
603222.SSE,济民健康,2025-08-18,二接三阳,—,阳,4.99,大阳3~5,4.9,5.5,5.0,6.3,4,上,-0.58,0.74,断16~60天,41.0,1.0,17.7,-6.2,06-17,下影-1→下影+1,7.52,10.0,16.33,2025-08,2025
603222.SSE,济民健康,2025-08-19,三接四阳,—,阳,4.99,大阳3~5,4.9,5.5,5.0,6.3,4,上,-0.58,0.74,断16~60天,41.0,1.0,17.7,-6.2,06-17,下影-1→下影+1→下影+8,10.0,10.02,5.75,2025-08,2025
603226.SSE,菲林格尔,2025-06-05,二接三阳,—,阳,-0.4,小阴-3~0,-2.4,-2.0,0.1,5.0,2,下,1.89,3.69,断16~60天,22.0,1.0,20.5,-3.1,04-24,实体+0→下影+10,4.2,9.96,8.85,2025-06,2025
603226.SSE,菲林格尔,2025-06-06,三接四阳,—,阳,-0.4,小阴-3~0,-2.4,-2.0,0.1,5.0,2,下,1.89,3.69,断16~60天,22.0,1.0,20.5,-3.1,04-24,实体+0→下影+10→下影+4,9.96,9.97,-1.01,2025-06,2025
603228.SSE,景旺电子,2025-09-12,二接三阴,—,阴,-2.78,小阴-3~0,-2.9,-9.6,-9.3,-11.4,0,下,-3.01,-2.51,断8~15天,11.0,1.0,-4.4,-14.2,08-25,实体+1→下影+7,8.48,0.04,0.04,2025-09,2025
603230.SSE,内蒙新华,2023-12-19,三接四阳,—,阳,4.27,大阳3~5,4.2,11.3,15.9,18.5,4,上,8.19,4.45,60日内无板,,,,,,下影+5→一字+10→一字+10,-2.21,-19.76,-19.76,2023-12,2023
603232.SSE,格尔软件,2024-04-30,二接三阳,—,阳,1.87,小阳0~3,6.0,6.6,1.9,0.2,4,上,-3.63,-2.59,断16~60天,18.0,1.0,4.1,-19.9,03-28,实体-2→一字+10,10.01,-9.54,-9.54,2024-04,2024
603232.SSE,格尔软件,2025-10-27,二接三阴,—,阴,-3.2,大阴-5~-3,-1.8,1.2,4.8,5.4,3,上,5.42,2.01,断4~7天,5.0,1.0,7.7,-3.7,10-15,下影+6→一字+10,0.0,3.93,9.27,2025-10,2025
603238.SSE,诺邦股份,2024-12-17,二接三阳,—,阳,1.09,小阳0~3,2.6,6.2,10.5,12.9,4,上,5.52,3.18,断2~3天,3.0,1.0,10.9,-5.3,12-09,下影+1→下影+8,1.78,10.03,2.13,2024-12,2024
603238.SSE,诺邦股份,2024-12-18,三接四阳,—,阳,1.09,小阳0~3,2.6,6.2,10.5,12.9,4,上,5.52,3.18,断2~3天,3.0,1.0,10.9,-5.3,12-09,下影+1→下影+8→下影+2,3.75,-7.18,-7.18,2024-12,2024
603248.SSE,锡华科技,2026-03-17,二接三阳,—,阳,5.6,巨阳≥5,6.6,9.0,10.6,10.4,4,上,2.37,1.5,60日内无板,,,,,,下影+0→下影+2,-0.71,-5.07,-5.07,2026-03,2026
603256.SSE,宏和科技,2024-07-04,二接三阴,—,阴,-4.11,大阴-5~-3,1.6,-0.2,0.9,-1.5,2,下,-0.12,-1.65,断1天,1.0,1.0,5.5,-5.7,06-28,下影+0→下影+6,-2.8,-15.19,-15.19,2024-07,2024
603256.SSE,宏和科技,2025-07-09,二接三阴,—,阴,4.48,大阳3~5,10.7,19.9,34.8,44.7,4,上,16.02,9.64,断1天,1.0,1.0,14.9,3.2,07-03,实体-0→下影-1,2.33,-10.12,-10.12,2025-07,2025
603256.SSE,宏和科技,2025-08-15,二接三阴,—,阴,-1.59,小阴-3~0,-2.9,-0.9,6.1,10.6,2,下,7.42,3.87,断4~7天,4.0,1.0,1.7,-9.6,08-06,下影+2→下影+8,1.74,8.03,8.03,2025-08,2025
603256.SSE,宏和科技,2025-08-18,三接四阴,—,阴,-1.59,小阴-3~0,-2.9,-0.9,6.1,10.6,2,下,7.42,3.87,断4~7天,4.0,1.0,1.7,-9.6,08-06,下影+2→下影+8→实体+2,10.01,-0.97,-0.97,2025-08,2025
603258.SSE,电魂网络,2024-02-20,二接三阴,—,阴,-7.12,巨阴≤-5,-12.7,-22.7,-28.9,-32.4,0,下,-11.36,-7.76,60日内无板,,,,,,下影+1→实体+4,4.62,-0.86,-0.86,2024-02,2024
603259.SSE,XD药明康,2024-10-08,二接三阳,—,阳,1.31,小阳0~3,2.6,5.6,8.6,9.5,4,上,4.13,2.69,60日内无板,,,,,,实体+2→下影+10,10.01,-3.14,-3.14,2024-10,2024
603261.SSE,立航科技,2024-03-08,三接四阴,—,阴,-0.93,小阴-3~0,-1.3,0.5,1.9,-9.1,2,上,9.76,-5.85,断8~15天,10.0,1.0,23.2,0.0,02-19,下影+0→一字+10→一字+10,3.1,9.99,20.79,2024-03,2024
603266.SSE,天龙股份,2023-10-30,三接四阳,—,阳,5.66,巨阳≥5,2.5,2.8,11.3,14.4,4,上,7.09,4.23,断4~7天,6.0,2.0,0.7,-19.2,10-16,下影-3→下影+8→一字+10,10.02,10.0,59.47,2023-10,2023
603268.SSE,松发股份,2024-01-11,二接三阴,—,阴,-1.6,小阴-3~0,-1.6,0.9,1.2,1.8,3,上,1.79,1.43,60日内无板,,,,,,实体+0→下影-3,-0.34,-16.45,-16.45,2024-01,2024
603268.SSE,松发股份,2024-06-19,二接三阴,—,阴,-1.44,小阴-3~0,-1.7,-5.3,-12.0,-15.4,0,下,-7.7,-4.95,60日内无板,,,,,,下影+2→实体+1,2.99,-3.3,-3.3,2024-06,2024
603269.SSE,海鸥股份,2026-08-31,二接三阴,—,阴,-0.54,小阴-3~0,1.5,2.2,16.7,26.9,4,上,8.15,11.57,断8~15天,10.0,1.0,14.8,-2.7,08-12,下影+0→实体+4,1.8,3.85,3.85,2026-08,2026
603269.SSE,海鸥股份,2026-09-01,三接四阴,—,阴,-0.54,小阴-3~0,1.5,2.2,16.7,26.9,4,上,8.15,11.57,断8~15天,10.0,1.0,14.8,-2.7,08-12,下影+0→实体+4→实体+2,5.98,2.12,2.12,2026-09,2026
603270.SSE,金帝股份,2023-09-20,二接三阴,—,阴,-1.53,小阴-3~0,-4.7,-15.4,,,0,下,,,断8~15天,15.0,3.0,50.6,-2.1,08-31,下影+4→下影+9,1.46,-4.39,-4.39,2023-09,2023
603270.SSE,金帝股份,2023-09-21,三接四阴,—,阴,-1.53,小阴-3~0,-4.7,-15.4,,,0,下,,,断8~15天,15.0,3.0,50.6,-2.1,08-31,下影+4→下影+9→实体+1,1.12,-19.88,-19.88,2023-09,2023
603270.SSE,金帝股份,2024-12-06,二接三阴,—,阴,-1.21,小阴-3~0,0.6,-0.5,3.7,6.0,3,下,4.34,2.68,断8~15天,9.0,1.0,9.6,-4.6,11-20,下影+0→下影+5,10.01,-1.1,-1.1,2024-12,2024
603270.SSE,金帝股份,2026-09-04,二接三阴,—,阴,-4.53,大阴-5~-3,1.5,2.6,2.8,8.6,4,上,-0.91,4.32,断1天,1.0,1.0,5.0,-4.8,08-31,下影+0→下影+4,3.95,,,2026-09,2026
603273.SSE,天元智能,2024-03-01,二接三阳,—,阳,2.2,小阳0~3,6.3,14.4,8.1,-4.7,3,上,3.06,-5.58,断16~60天,32.0,1.0,-19.0,-48.2,01-04,下影+1→下影+2,9.95,10.01,25.48,2024-03,2024
603273.SSE,天元智能,2024-03-04,三接四阳,—,阳,2.2,小阳0~3,6.3,14.4,8.1,-4.7,3,上,3.06,-5.58,断16~60天,32.0,1.0,-19.0,-48.2,01-04,下影+1→下影+2→下影+10,-3.77,10.01,14.07,2024-03,2024
603278.SSE,大业股份,2024-08-05,三接四阳,—,阳,3.24,大阳3~5,3.0,2.5,-0.2,-7.9,2,上,-1.46,-4.37,60日内无板,,,,,,下影+6→一字+10→一字+10,4.58,-9.96,-9.96,2024-08,2024
603278.SSE,大业股份,2025-12-26,二接三阴,—,阴,-2.53,小阴-3~0,0.5,-1.9,-1.9,-0.8,1,下,-3.31,0.78,断8~15天,10.0,2.0,-10.0,-22.4,12-09,下影+0→下影+1,9.97,10.0,25.78,2025-12,2025
603278.SSE,大业股份,2025-12-29,三接四阴,—,阴,-2.53,小阴-3~0,0.5,-1.9,-1.9,-0.8,1,下,-3.31,0.78,断8~15天,10.0,2.0,-10.0,-22.4,12-09,下影+0→下影+1→下影+10,6.02,10.01,14.35,2025-12,2025
603278.SSE,大业股份,2026-05-08,二接三阳,—,阳,-3.78,大阴-5~-3,-4.5,-8.6,-2.8,-0.8,0,下,3.72,1.87,断8~15天,9.0,1.0,2.6,-9.9,04-17,下影+1→下影+1,3.32,2.95,2.95,2026-05,2026
603278.SSE,大业股份,2026-05-11,三接四阳,—,阳,-3.78,大阴-5~-3,-4.5,-8.6,-2.8,-0.8,0,下,3.72,1.87,断8~15天,9.0,1.0,2.6,-9.9,04-17,下影+1→下影+1→下影+3,9.93,-3.78,-3.78,2026-05,2026
603280.SSE,南方路机,2025-07-23,二接三阳,—,阳,1.36,小阳0~3,0.6,0.5,1.6,2.7,4,上,-0.46,1.52,断8~15天,12.0,1.0,3.5,-8.6,07-02,下影+3→下影+5,8.71,10.01,7.83,2025-07,2025
603280.SSE,南方路机,2025-07-24,三接四阳,—,阳,1.36,小阳0~3,0.6,0.5,1.6,2.7,4,上,-0.46,1.52,断8~15天,12.0,1.0,3.5,-8.6,07-02,下影+3→下影+5→下影+9,0.0,-1.99,-1.99,2025-07,2025
603280.SSE,南方路机,2025-07-30,二接三阴,—,阴,-1.99,小阴-3~0,9.7,24.7,33.5,39.4,4,上,15.65,9.26,断1天,1.0,4.0,7.8,-4.6,07-24,下影+7→下影+3,1.46,10.01,15.24,2025-07,2025
603280.SSE,南方路机,2025-07-31,三接四阴,—,阴,-1.99,小阴-3~0,9.7,24.7,33.5,39.4,4,上,15.65,9.26,断1天,1.0,4.0,7.8,-4.6,07-24,下影+7→下影+3→实体+1,4.27,4.76,4.76,2025-07,2025
603285.SSE,键邦股份,2025-03-27,二接三阳,—,阳,3.57,大阳3~5,1.4,2.7,3.8,4.5,4,上,1.61,1.11,60日内无板,,,,,,实体-1→下影+9,0.79,-20.04,-20.04,2025-03,2025
603286.SSE,日盈电子,2023-11-27,二接三阳,—,阳,1.91,小阳0~3,1.6,3.8,11.0,15.7,4,上,6.3,6.16,断16~60天,32.0,2.0,14.4,-23.2,10-09,下影-2→一字+10,10.02,10.0,10.29,2023-11,2023
603286.SSE,日盈电子,2023-11-28,三接四阳,—,阳,1.91,小阳0~3,1.6,3.8,11.0,15.7,4,上,6.3,6.16,断16~60天,32.0,2.0,14.4,-23.2,10-09,下影-2→一字+10→下影+10,0.67,10.0,0.26,2023-11,2023
603290.SSE,斯达半导,2024-10-09,二接三阳,—,阳,9.14,巨阳≥5,12.3,16.2,15.2,12.8,4,上,1.37,0.14,60日内无板,,,,,,下影+7→一字+10,7.59,-7.69,-7.69,2024-10,2024
603291.SSE,联合水务,2023-04-07,二接三阳,—,阳,10.04,巨阳≥5,19.9,,,,1,缺失,,,断16~60天,17.0,1.0,-85.1,-90.7,08-19,一字+10→下影+10,-0.06,-10.0,-10.0,2023-04,2023
603291.SSE,联合水务,2023-05-30,二接三阴,—,阴,-5.4,巨阴≤-5,0.1,1.8,2.9,0.8,4,上,1.8,-0.32,断16~60天,16.0,1.0,10.4,-8.3,04-28,下影+7→下影+8,9.68,-3.59,-3.59,2023-05,2023
603291.SSE,联合水务,2023-05-31,三接四阴,—,阴,-5.4,巨阴≤-5,0.1,1.8,2.9,0.8,4,上,1.8,-0.32,断16~60天,16.0,1.0,10.4,-8.3,04-28,下影+7→下影+8→下影+10,5.9,-21.15,-21.15,2023-05,2023
603291.SSE,联合水务,2023-08-22,二接三阳,—,阳,1.71,小阳0~3,-1.4,0.1,-0.1,0.2,2,上,1.88,0.39,断4~7天,6.0,1.0,5.9,-8.2,08-09,实体+0→下影+3,-2.42,-7.69,-7.69,2023-08,2023
603297.SSE,永新光学,2024-11-04,二接三阴,—,阴,-2.22,小阴-3~0,2.9,5.8,11.0,21.2,4,上,7.29,8.58,断1天,1.0,1.0,7.6,-4.4,10-29,下影+3→一字+10,-1.74,-2.33,-2.33,2024-11,2024
603297.SSE,永新光学,2025-09-19,二接三阳,—,阳,0.69,小阳0~3,0.2,-1.7,-3.5,-0.6,1,下,-4.59,0.53,断8~15天,11.0,1.0,-7.0,-18.9,09-01,一字+10→下影+10,3.39,-7.58,-7.58,2025-09,2025
603300.SSE,海南华铁,2025-02-11,三接四阳,—,阳,4.41,大阳3~5,4.0,5.1,4.8,0.0,4,上,1.97,-3.79,断16~60天,40.0,1.0,-1.3,-21.3,12-02,下影+0→一字+10→一字+10,9.94,2.26,2.26,2025-02,2025
603300.SSE,海南华铁,2025-03-07,二接三阳,—,阳,0.1,小阳0~3,-5.0,-3.0,10.2,27.7,2,下,9.12,16.58,断4~7天,7.0,1.0,6.2,-8.2,02-21,一字+10→一字+10,5.49,-9.98,-9.98,2025-03,2025
603311.SSE,金海高科,2026-05-19,二接三阳,—,阳,5.0,巨阳≥5,4.8,8.3,11.2,17.0,4,上,1.94,5.06,断16~60天,18.0,1.0,32.7,-1.6,04-08,下影-0→下影+6,2.24,2.36,2.36,2026-05,2026
603315.SSE,福鞍股份,2025-03-20,三接四阴,—,阴,-0.53,小阴-3~0,-1.2,2.0,2.0,7.4,3,上,3.21,4.07,断4~7天,6.0,1.0,9.1,-2.9,03-06,下影+0→一字+10→一字+10,-4.2,-10.02,-10.02,2025-03,2025
603316.SSE,诚邦股份,2026-05-20,二接三阳,—,阳,0.7,小阳0~3,-0.8,2.9,11.0,17.3,3,上,9.93,7.13,断4~7天,6.0,2.0,8.5,-4.2,05-07,实体+3→下影-2,8.79,10.01,8.6,2026-05,2026
603316.SSE,诚邦股份,2026-05-21,三接四阳,—,阳,0.7,小阳0~3,-0.8,2.9,11.0,17.3,3,上,9.93,7.13,断4~7天,6.0,2.0,8.5,-4.2,05-07,实体+3→下影-2→下影+9,2.54,-1.28,-1.28,2026-05,2026
603317.SSE,天味食品,2024-09-30,二接三阴,—,阴,-0.76,小阴-3~0,1.6,3.3,0.2,-2.7,3,上,-0.63,-1.83,60日内无板,,,,,,下影-0→下影+6,8.11,4.01,4.01,2024-09,2024
603317.SSE,天味食品,2024-10-08,三接四阴,—,阴,-0.76,小阴-3~0,1.6,3.3,0.2,-2.7,3,上,-0.63,-1.83,60日内无板,,,,,,下影-0→下影+6→下影+8,9.99,-5.66,-5.66,2024-10,2024
603318.SSE,水发燃气,2026-03-04,三接四阳,—,阳,1.25,小阳0~3,2.0,2.3,2.6,3.1,4,上,0.89,0.18,60日内无板,,,,,,下影+0→下影+5→一字+10,10.0,-10.03,-10.03,2026-03,2026
603318.SSE,水发燃气,2026-04-27,三接四阴,A2,阴,0.94,小阳0~3,7.2,8.7,8.0,5.3,4,上,1.5,-0.47,断1天,1.0,1.0,11.1,-2.6,04-20,实体+1→一字+10→一字+10,7.46,9.98,16.12,2026-04,2026
603320.SSE,迪贝电气,2025-01-07,二接三阴,—,阴,-1.91,小阴-3~0,-3.5,-4.7,-8.3,-9.1,0,下,-4.13,-2.44,60日内无板,,,,,,一字+10→下影-1,-1.55,-4.83,-4.83,2025-01,2025
603322.SSE,超讯科技,2023-06-16,二接三阳,—,阳,4.37,大阳3~5,4.3,7.3,7.0,6.9,4,上,5.69,-0.16,断4~7天,6.0,1.0,14.2,-5.8,06-05,下影+8→下影+10,3.88,-13.33,-13.33,2023-06,2023
603324.SSE,盛剑科技,2024-08-13,二接三阴,—,阴,-2.53,小阴-3~0,-2.3,-3.9,-1.9,-3.8,0,下,-0.7,1.42,断8~15天,13.0,1.0,2.2,-8.8,07-22,实体+4→一字+10,4.32,-13.21,-13.21,2024-08,2024
603326.SSE,我乐家居,2023-08-30,二接三阴,B1,阴,-1.83,小阴-3~0,-3.7,-4.6,-6.8,-7.2,0,下,-1.79,-1.52,60日内无板,,,,,,下影+10→实体+8,7.03,9.98,44.91,2023-08,2023
603326.SSE,我乐家居,2023-08-31,三接四阴,—,阴,-1.83,小阴-3~0,-3.7,-4.6,-6.8,-7.2,0,下,-1.79,-1.52,60日内无板,,,,,,下影+10→实体+8→下影+7,7.39,9.98,31.76,2023-08,2023
603327.SSE,福蓉科技,2024-03-20,二接三阳,—,阳,2.44,小阳0~3,-3.9,-0.8,20.1,32.8,2,下,20.58,17.66,断4~7天,5.0,1.0,5.3,-11.5,03-08,下影+0→下影+5,0.21,-7.63,-7.63,2024-03,2024
603327.SSE,福蓉科技,2025-12-03,二接三阳,—,阳,-0.79,小阴-3~0,0.6,3.9,5.5,6.8,4,上,3.03,1.99,60日内无板,,,,,,下影-1→下影+10,2.89,2.86,2.86,2025-12,2025
603330.SSE,天洋新材,2026-06-04,三接四阴,—,阴,-5.59,巨阴≤-5,-6.4,-6.4,-8.7,-8.8,0,下,-1.46,-1.28,60日内无板,,,,,,实体+0→下影+1→一字+10,0.0,-8.5,-8.5,2026-06,2026
603330.SSE,天洋新材,2026-08-14,二接三阳,—,阳,1.01,小阳0~3,4.5,10.5,16.3,9.8,4,上,10.12,0.22,断8~15天,11.0,1.0,33.6,-1.1,07-27,实体-0→下影+2,4.94,10.02,4.78,2026-08,2026
603332.SSE,苏州龙杰,2023-12-26,二接三阳,—,阳,5.27,巨阳≥5,3.7,4.0,2.7,2.5,4,上,-0.63,-0.48,断16~60天,38.0,1.0,14.0,-5.4,10-30,下影+1→下影+9,-1.51,-9.91,-9.91,2023-12,2023
603332.SSE,苏州龙杰,2025-05-14,三接四阳,A1,阳,1.87,小阳0~3,3.2,4.5,8.4,5.6,4,上,3.25,0.32,60日内无板,,,,,,下影+0→一字+10→一字+10,10.04,10.03,2.3,2025-05,2025
603332.SSE,苏州龙杰,2025-05-27,二接三阴,—,阴,-10.0,巨阴≤-5,-4.3,3.5,25.2,37.4,3,上,26.59,16.2,断2~3天,2.0,1.0,-1.1,-10.2,05-20,下影-5→一字+10,4.45,6.22,6.22,2025-05,2025
603333.SSE,福华尚纬,2023-06-15,二接三阳,—,阳,1.6,小阳0~3,-1.1,-13.1,-18.1,-20.0,0,下,-10.76,-5.6,60日内无板,,,,,,下影-0→下影+4,8.53,-9.11,-9.11,2023-06,2023
603333.SSE,福华尚纬,2024-01-03,三接四阳,—,阳,0.64,小阳0~3,-1.1,-1.9,-3.0,-3.8,0,下,-1.15,-1.14,60日内无板,,,,,,下影-0→下影-2→一字+10,5.1,-9.99,-9.99,2024-01,2024
603333.SSE,福华尚纬,2024-01-11,二接三阳,—,阳,-1.61,小阴-3~0,-9.7,-0.9,5.8,7.5,2,下,13.03,6.06,断2~3天,3.0,4.0,-12.3,-26.2,01-03,下影-2→下影-2,3.45,-9.95,-9.95,2024-01,2024
603335.SSE,迪生力,2023-06-12,二接三阴,B1,阴,-1.67,小阴-3~0,-2.9,-3.0,-2.2,-0.7,0,下,0.16,1.08,60日内无板,,,,,,实体-1→下影+8,8.41,10.06,11.76,2023-06,2023
603335.SSE,迪生力,2026-06-16,二接三阴,—,阴,-2.01,小阴-3~0,0.7,1.0,1.9,1.3,4,上,1.44,-0.57,断2~3天,2.0,1.0,4.8,-7.2,06-09,一字+10→一字+10,10.05,-12.92,-12.92,2026-06,2026
603336.SSE,宏辉果蔬,2025-04-09,二接三阳,—,阳,3.97,大阳3~5,7.0,7.8,8.7,9.9,4,上,-0.1,0.27,断2~3天,2.0,1.0,16.1,-1.4,04-01,实体+2→下影+4,4.89,-11.91,-11.91,2025-04,2025
603339.SSE,四方科技,2024-11-01,二接三阴,—,阴,-1.88,小阴-3~0,-0.9,0.0,2.1,6.3,3,上,2.26,3.89,断4~7天,7.0,1.0,7.3,-3.6,10-18,实体-2→下影+5,4.52,0.75,-2.4,2024-11,2024
603339.SSE,四方科技,2025-08-20,二接三阳,—,阳,1.07,小阳0~3,-0.7,-0.0,2.4,3.9,3,上,2.53,1.62,60日内无板,,,,,,实体+1→下影+4,-2.56,-4.25,-4.25,2025-08,2025
603345.SSE,安井食品,2024-09-30,二接三阴,—,阴,-2.37,小阴-3~0,2.1,4.1,2.9,1.9,4,上,-0.11,0.46,60日内无板,,,,,,实体+0→实体+5,7.41,3.65,3.65,2024-09,2024
603345.SSE,安井食品,2024-10-08,三接四阴,—,阴,-2.37,小阴-3~0,2.1,4.1,2.9,1.9,4,上,-0.11,0.46,60日内无板,,,,,,实体+0→实体+5→下影+7,10.0,-11.73,-11.73,2024-10,2024
603350.SSE,安乃达,2024-11-06,二接三阴,—,阴,-3.67,大阴-5~-3,-4.1,-3.1,0.0,5.2,2,下,5.37,4.51,断16~60天,19.0,1.0,8.2,-10.6,09-30,实体+3→下影+7,0.19,-11.07,-11.07,2024-11,2024
603351.SSE,威尔药业,2025-04-22,二接三阳,—,阳,0.28,小阳0~3,0.2,-1.7,-9.8,-12.7,1,下,-8.88,-4.74,60日内无板,,,,,,实体+0→下影+8,2.27,-2.0,-2.0,2025-04,2025
603353.SSE,和顺石油,2023-10-18,二接三阳,—,阳,0.2,小阳0~3,1.0,1.7,2.0,1.7,4,上,0.57,-0.22,60日内无板,,,,,,下影+2→下影+4,7.42,8.05,8.05,2023-10,2023
603353.SSE,和顺石油,2023-10-19,三接四阳,—,阳,0.2,小阳0~3,1.0,1.7,2.0,1.7,4,上,0.57,-0.22,60日内无板,,,,,,下影+2→下影+4→下影+7,0.52,-3.42,-3.42,2023-10,2023
603353.SSE,和顺石油,2025-11-18,二接三阳,—,阳,4.21,大阳3~5,4.3,8.8,21.7,30.7,4,上,13.03,9.96,断8~15天,11.0,1.0,35.3,-4.0,10-29,下影-1→一字+10,9.99,0.97,0.97,2025-11,2025
603353.SSE,和顺石油,2026-03-03,二接三阳,—,阳,0.45,小阳0~3,0.0,1.4,4.0,10.9,4,上,1.0,4.76,断16~60天,17.0,1.0,20.6,-6.0,01-26,实体+0→下影+10,3.58,-8.79,-8.79,2026-03,2026
603357.SSE,设计总院,2023-05-09,二接三阳,—,阳,6.22,巨阳≥5,6.1,7.6,8.3,,3,上,1.05,,60日内无板,,,,,,实体+6→一字+10,9.01,1.47,1.47,2023-05,2023
603360.SSE,百傲化学,2024-10-09,二接三阳,—,阳,2.82,小阳0~3,5.9,9.8,11.6,13.6,4,上,2.63,2.37,60日内无板,,,,,,下影+4→一字+10,10.0,-11.58,-11.58,2024-10,2024
603363.SSE,傲农生物,2024-02-26,二接三阴,—,阴,2.22,小阳0~3,9.0,-2.6,-24.3,-32.2,1,下,-24.91,-13.91,断1天,1.0,1.0,12.4,0.0,02-20,实体-2→下影+3,5.66,10.05,-0.93,2024-02,2024
603363.SSE,傲农生物,2024-02-27,三接四阴,—,阴,2.22,小阳0~3,9.0,-2.6,-24.3,-32.2,1,下,-24.91,-13.91,断1天,1.0,1.0,12.4,0.0,02-20,实体-2→下影+3→下影+6,1.64,-9.98,-9.98,2024-02,2024
603363.SSE,傲农生物,2024-03-21,二接三阳,—,阳,5.72,巨阳≥5,9.8,12.7,15.2,18.5,4,上,-0.22,8.73,断1天,1.0,1.0,16.2,0.2,03-15,下影-0→实体+0,2.5,-8.29,-8.29,2024-03,2024
603366.SSE,日出东方,2024-11-06,二接三阳,—,阳,0.91,小阳0~3,0.8,2.3,3.3,7.0,4,上,3.15,2.65,60日内无板,,,,,,下影+1→实体+4,10.02,9.95,11.13,2024-11,2024
603366.SSE,日出东方,2024-11-07,三接四阳,—,阳,0.91,小阳0~3,0.8,2.3,3.3,7.0,4,上,3.15,2.65,60日内无板,,,,,,下影+1→实体+4→下影+10,8.94,9.97,1.07,2024-11,2024
603366.SSE,日出东方,2024-11-14,二接三阴,—,阴,-8.09,巨阴≤-5,4.3,22.0,36.5,42.6,4,上,22.16,11.61,断1天,1.0,5.0,1.1,-9.1,11-08,下影-5→下影-1,4.01,10.02,23.01,2024-11,2024
603366.SSE,日出东方,2024-11-15,三接四阴,A2,阴,-8.09,巨阴≤-5,4.3,22.0,36.5,42.6,4,上,22.16,11.61,断1天,1.0,5.0,1.1,-9.1,11-08,下影-5→下影-1→下影+4,3.64,10.04,11.8,2024-11,2024
603366.SSE,日出东方,2024-11-22,二接三阴,—,阴,1.6,小阳0~3,12.9,32.8,70.5,92.3,4,上,42.8,27.09,断1天,1.0,5.0,11.8,-9.7,11-18,实体-10→下影+10,1.3,8.9,15.99,2024-11,2024
603366.SSE,日出东方,2025-02-13,二接三阳,—,阳,4.99,大阳3~5,7.0,6.7,4.0,-1.7,3,上,-0.72,-1.92,断16~60天,17.0,1.0,-1.5,-21.7,01-08,下影+1→下影-1,1.26,-16.24,-16.24,2025-02,2025
603366.SSE,日出东方,2025-11-18,二接三阳,—,阳,0.6,小阳0~3,1.6,0.8,3.9,4.7,4,上,1.94,1.35,断16~60天,55.0,1.0,2.9,-16.4,08-20,实体+0→一字+10,9.77,-13.58,-13.58,2025-11,2025
603367.SSE,辰欣药业,2025-07-30,二接三阳,—,阳,5.05,巨阳≥5,6.8,19.4,29.7,36.3,4,上,15.27,10.12,断2~3天,3.0,2.0,18.9,-0.8,07-22,实体-3→实体+6,9.99,5.22,5.22,2025-07,2025
603373.SSE,安邦护卫,2024-08-06,二接三阳,—,阳,-0.96,小阴-3~0,3.5,6.1,6.4,4.8,4,上,1.55,-0.19,60日内无板,,,,,,下影-1→下影+5,9.69,-22.46,-22.46,2024-08,2024
603382.SSE,海阳科技,2025-08-28,二接三阴,—,阴,0.4,小阳0~3,0.1,1.3,2.3,2.9,4,上,0.6,0.98,60日内无板,,,,,,实体+0→下影+4,-3.36,-12.53,-12.53,2025-08,2025
603383.SSE,顶点软件,2023-08-07,二接三阳,—,阳,-1.66,小阴-3~0,-5.5,-2.0,1.7,1.4,2,下,6.2,1.84,断2~3天,3.0,1.0,-1.9,-15.5,07-28,实体+1→下影+5,1.49,-4.17,-4.17,2023-08,2023
603383.SSE,顶点软件,2024-10-09,三接四阳,—,阳,7.38,巨阳≥5,9.5,15.6,19.0,17.0,4,上,5.33,2.44,断2~3天,2.0,1.0,17.5,-2.1,09-24,实体+4→下影+10→一字+10,0.0,-11.95,-11.95,2024-10,2024
603386.SSE,骏亚科技,2024-06-27,二接三阴,—,阴,-2.87,小阴-3~0,-1.9,-1.5,4.3,5.0,2,下,7.11,2.35,断8~15天,8.0,2.0,4.1,-8.4,06-12,下影+1→下影+5,-5.66,-10.79,-10.79,2024-06,2024
603386.SSE,骏亚科技,2025-12-05,二接三阴,—,阴,-1.18,小阴-3~0,0.9,1.9,-0.3,-2.6,2,上,-1.28,-1.04,60日内无板,,,,,,下影+2→一字+10,9.97,10.03,8.95,2025-12,2025
603386.SSE,骏亚科技,2025-12-08,三接四阴,—,阴,-1.18,小阴-3~0,0.9,1.9,-0.3,-2.6,2,上,-1.28,-1.04,60日内无板,,,,,,下影+2→一字+10→下影+10,0.3,9.99,-0.98,2025-12,2025
603387.SSE,基蛋生物,2026-03-19,二接三阳,—,阳,2.75,小阳0~3,1.8,2.6,0.4,-0.3,3,上,-1.45,-0.44,60日内无板,,,,,,下影+0→下影+3,8.67,-15.5,-15.5,2026-03,2026
603389.SSE,亚振家居,2023-12-22,二接三阴,—,阴,-3.81,大阴-5~-3,0.4,1.8,2.3,3.3,4,上,1.08,0.83,60日内无板,,,,,,下影+0→一字+10,10.06,-9.94,-9.94,2023-12,2023
603389.SSE,亚振家居,2024-03-27,三接四阴,—,阴,-0.77,小阴-3~0,-2.6,4.3,10.8,15.5,3,上,11.19,8.52,断4~7天,4.0,2.0,1.8,-9.0,03-15,下影-1→下影+9→一字+10,3.37,10.0,-0.93,2024-03,2024
603389.SSE,亚振家居,2024-05-16,二接三阴,—,阴,-3.83,大阴-5~-3,-5.1,-5.7,-3.9,-16.0,0,下,4.07,-4.88,断8~15天,8.0,1.0,0.2,-10.0,04-26,下影+8→实体+0,6.0,10.02,8.96,2024-05,2024
603389.SSE,亚振家居,2024-12-16,二接三阳,—,阳,4.24,大阳3~5,2.2,5.8,7.2,7.9,4,上,4.79,2.56,断4~7天,6.0,1.0,12.0,-6.2,12-03,实体+0→下影+4,3.02,-9.98,-9.98,2024-12,2024
603390.SSE,通达电气,2024-05-31,二接三阴,—,阴,-1.38,小阴-3~0,-1.6,-3.0,-4.2,-1.6,0,下,-1.43,1.37,60日内无板,,,,,,下影+0→一字+10,10.02,-22.93,-22.93,2024-05,2024
603390.SSE,通达电气,2024-08-05,二接三阳,—,阳,1.77,小阳0~3,3.8,4.5,6.2,4.5,4,上,0.26,-0.89,断16~60天,27.0,1.0,9.1,-16.1,06-24,实体+3→一字+10,0.51,9.97,-1.03,2024-08,2024
603390.SSE,通达电气,2024-08-06,三接四阳,—,阳,1.77,小阳0~3,3.8,4.5,6.2,4.5,4,上,0.26,-0.89,断16~60天,27.0,1.0,9.1,-16.1,06-24,实体+3→一字+10→下影+1,4.38,-10.0,-10.0,2024-08,2024
603390.SSE,通达电气,2025-02-10,二接三阳,—,阳,2.1,小阳0~3,0.3,0.8,-2.7,-8.3,2,上,0.9,-6.03,断16~60天,23.0,1.0,-14.6,-30.1,12-25,下影+0→一字+10,6.8,-5.69,-5.69,2025-02,2025
603395.SSE,红四方,2026-08-19,二接三阴,—,阴,-1.27,小阴-3~0,-2.0,-3.1,-3.4,-0.9,0,下,-1.44,0.99,60日内无板,,,,,,实体+0→下影+9,10.02,5.66,5.66,2026-08,2026
603396.SSE,金辰股份,2024-01-02,二接三阴,—,阴,-3.09,大阴-5~-3,-1.6,0.7,-0.8,-3.9,1,上,0.49,-1.81,60日内无板,,,,,,下影-1→下影+7,-1.56,-1.03,-1.03,2024-01,2024
603399.SSE,永杉锂业,2023-10-23,二接三阴,—,阴,-3.28,大阴-5~-3,-4.4,-1.4,-3.2,-5.2,0,下,1.0,-1.35,断4~7天,4.0,1.0,2.7,-6.9,10-12,下影+0→实体+0,9.98,5.1,-5.41,2023-10,2023
603407.SSE,长裕集团,2026-06-23,二接三阴,—,阴,-1.62,小阴-3~0,8.9,12.8,7.9,,3,上,-1.08,-6.88,断1天,1.0,2.0,8.2,-2.6,06-16,一字+10→一字+10,9.99,10.0,11.6,2026-06,2026
603407.SSE,长裕集团,2026-06-24,三接四阴,—,阴,-1.62,小阴-3~0,8.9,12.8,7.9,,3,上,-1.08,-6.88,断1天,1.0,2.0,8.2,-2.6,06-16,一字+10→一字+10→下影+10,-3.39,1.46,1.46,2026-06,2026
603421.SSE,鼎信通讯,2024-09-12,二接三阳,—,阳,-0.48,小阴-3~0,-2.0,-0.9,0.4,-0.6,1,下,2.41,-0.39,断16~60天,23.0,1.0,0.9,-14.0,08-07,下影+0→下影+7,10.02,-8.2,-8.2,2024-09,2024
603421.SSE,鼎信通讯,2024-12-20,二接三阴,—,阴,-4.13,大阴-5~-3,-3.8,-3.0,0.7,-0.6,1,下,3.41,0.77,断16~60天,26.0,1.0,-1.4,-19.4,11-11,下影+1→下影+0,5.34,10.05,8.89,2024-12,2024
603421.SSE,鼎信通讯,2024-12-23,三接四阴,—,阴,-4.13,大阴-5~-3,-3.8,-3.0,0.7,-0.6,1,下,3.41,0.77,断16~60天,26.0,1.0,-1.4,-19.4,11-11,下影+1→下影+0→下影+5,3.7,9.97,-1.05,2024-12,2024
603458.SSE,勘设股份,2024-08-13,二接三阴,—,阴,-1.5,小阴-3~0,-2.2,-4.5,1.2,1.4,2,下,2.24,2.48,断8~15天,8.0,1.0,1.9,-8.3,07-29,实体-0→下影+8,-2.05,10.04,3.73,2024-08,2024
603458.SSE,勘设股份,2024-08-14,三接四阴,—,阴,-1.5,小阴-3~0,-2.2,-4.5,1.2,1.4,2,下,2.24,2.48,断8~15天,8.0,1.0,1.9,-8.3,07-29,实体-0→下影+8→下影-2,10.04,-5.74,-5.74,2024-08,2024
603459.SSE,红板科技,2026-05-12,三接四阳,—,阳,8.5,巨阳≥5,5.7,7.2,,,2,上,-1.95,,断8~15天,12.0,1.0,7.7,-13.7,04-15,实体-2→下影+2→一字+10,10.0,-3.44,-3.44,2026-05,2026
603466.SSE,风语筑,2024-12-10,三接四阴,—,阴,-4.43,大阴-5~-3,-2.4,-1.3,0.1,2.5,2,下,2.57,2.17,断16~60天,59.0,1.0,25.7,-17.8,09-03,下影+2→一字+10→一字+10,4.39,-12.27,-12.27,2024-12,2024
603466.SSE,风语筑,2026-02-11,二接三阳,—,阳,0.0,小阳0~3,-0.4,-1.6,-7.0,-6.8,0,下,-3.92,-2.61,60日内无板,,,,,,一字+10→下影+9,8.03,-11.94,-11.94,2026-02,2026
603488.SSE,展鹏科技,2024-04-24,二接三阴,—,阴,-2.23,小阴-3~0,0.1,-4.6,-11.0,-12.6,1,下,-8.33,-4.76,断2~3天,2.0,1.0,8.1,-2.4,04-17,下影+4→一字+10,10.05,-18.46,-18.46,2024-04,2024
603488.SSE,展鹏科技,2026-01-09,二接三阳,—,阳,1.15,小阳0~3,1.3,1.3,1.6,0.1,4,上,1.28,-0.97,60日内无板,,,,,,下影+1→下影-2,9.93,1.33,10.16,2026-01,2026
603496.SSE,恒为科技,2023-10-09,二接三阴,—,阴,4.06,大阳3~5,13.3,23.3,25.4,25.2,4,上,6.93,2.35,断1天,1.0,2.0,14.5,-6.7,09-25,下影-3→下影+9,9.99,-3.06,-3.06,2023-10,2023
603496.SSE,恒为科技,2023-11-16,二接三阳,—,阳,4.49,大阳3~5,1.7,7.2,-1.3,-0.8,2,上,-3.84,-3.63,断2~3天,2.0,1.0,3.5,-11.2,11-09,下影+1→一字+10,5.66,5.1,5.1,2023-11,2023
603496.SSE,恒为科技,2025-02-28,二接三阳,—,阳,-3.15,大阴-5~-3,-0.2,1.1,8.2,13.2,3,上,3.16,5.31,断8~15天,12.0,1.0,11.8,-4.1,02-07,下影+3→下影+6,9.35,10.0,-1.0,2025-02,2025
603496.SSE,恒为科技,2025-03-03,三接四阳,—,阳,-3.15,大阴-5~-3,-0.2,1.1,8.2,13.2,3,上,3.16,5.31,断8~15天,12.0,1.0,11.8,-4.1,02-07,下影+3→下影+6→下影+9,4.99,-10.0,-10.0,2025-03,2025
603496.SSE,恒为科技,2026-01-13,二接三阳,—,阳,5.54,巨阳≥5,4.4,6.7,8.5,6.8,4,上,3.42,0.26,60日内无板,,,,,,下影-0→一字+10,10.0,-1.38,-1.38,2026-01,2026
603499.SSE,翔港科技,2023-11-23,二接三阳,—,阳,1.02,小阳0~3,1.1,1.7,3.6,5.6,4,上,1.09,2.45,60日内无板,,,,,,实体+0→下影+10,4.52,-11.86,-11.86,2023-11,2023
603499.SSE,翔港科技,2024-02-21,二接三阳,—,阳,1.06,小阳0~3,-11.8,-20.4,-26.4,-24.8,0,下,-13.56,-2.69,断16~60天,55.0,2.0,-21.2,-36.2,11-22,实体+2→实体+2,-0.48,0.53,0.53,2024-02,2024
603499.SSE,翔港科技,2024-03-26,三接四阳,—,阳,0.38,小阳0~3,3.9,11.0,26.2,40.3,4,上,14.8,16.17,断4~7天,4.0,1.0,22.6,-1.0,03-14,下影+10→下影+10→一字+10,4.77,-10.01,-10.01,2024-03,2024
603500.SSE,祥和实业,2026-06-08,二接三阴,—,阴,-2.13,小阴-3~0,-2.2,-2.1,-1.9,-3.3,0,下,0.54,-0.7,60日内无板,,,,,,实体+9→一字+10,6.3,-0.59,-0.59,2026-06,2026
603506.SSE,南都物业,2024-05-13,二接三阴,—,阴,-7.01,巨阴≤-5,0.3,2.9,6.5,5.5,4,上,7.19,0.55,断1天,1.0,1.0,2.3,-7.5,05-07,下影+2→实体+2,10.01,-10.0,-10.0,2024-05,2024
603508.SSE,思维列控,2024-03-11,二接三阳,—,阳,4.34,大阳3~5,6.9,16.8,29.3,29.5,4,上,15.47,5.57,断2~3天,2.0,2.0,10.7,-4.8,03-04,下影+3→下影-4,2.38,-9.96,-9.96,2024-03,2024
603511.SSE,爱慕股份,2025-01-16,二接三阳,—,阳,-0.26,小阴-3~0,-3.1,-6.4,-10.4,-13.5,0,下,-4.98,-4.99,断16~60天,26.0,2.0,-16.8,-25.9,12-05,一字+10→一字+10,10.03,9.97,8.92,2025-01,2025
603511.SSE,爱慕股份,2025-01-17,三接四阳,—,阳,-0.26,小阴-3~0,-3.1,-6.4,-10.4,-13.5,0,下,-4.98,-4.99,断16~60天,26.0,2.0,-16.8,-25.9,12-05,一字+10→一字+10→下影+10,-0.92,10.03,-0.96,2025-01,2025
603516.SSE,淳中科技,2024-02-21,三接四阴,—,阴,-6.11,巨阴≤-5,-9.6,-20.1,-29.4,-34.7,0,下,-13.98,-9.57,断16~60天,46.0,1.0,-46.0,-53.4,12-04,下影+2→一字+10→一字+10,10.03,6.44,26.42,2024-02,2024
603516.SSE,淳中科技,2024-02-26,二接三阴,—,阴,6.45,巨阳≥5,16.9,19.6,5.9,-2.7,3,上,-8.5,-7.75,断1天,1.0,3.0,17.1,-2.6,02-20,实体+0→下影+10,0.0,7.96,-1.11,2024-02,2024
603516.SSE,淳中科技,2024-03-12,二接三阴,—,阴,-3.76,大阴-5~-3,-1.9,1.5,25.2,28.8,3,上,21.81,10.97,断4~7天,7.0,1.0,7.3,-9.9,02-27,下影+1→下影+2,7.98,-2.59,-2.59,2024-03,2024
603516.SSE,淳中科技,2025-09-11,二接三阳,—,阳,4.44,大阳3~5,4.3,1.4,-3.3,8.3,3,上,-6.82,3.39,断8~15天,15.0,1.0,-10.6,-27.7,08-18,实体+0→下影+6,3.74,10.0,2.12,2025-09,2025
603516.SSE,淳中科技,2025-09-12,三接四阳,—,阳,4.44,大阳3~5,4.3,1.4,-3.3,8.3,3,上,-6.82,3.39,断8~15天,15.0,1.0,-10.6,-27.7,08-18,实体+0→下影+6→下影+4,2.12,-7.16,-7.16,2025-09,2025
603518.SSE,锦泓集团,2025-05-29,二接三阳,—,阳,1.48,小阳0~3,-0.4,-0.9,-0.7,-1.5,0,下,0.3,-0.29,60日内无板,,,,,,实体+3→下影+9,1.9,-5.37,-5.37,2025-05,2025
603527.SSE,众源新材,2024-11-22,三接四阴,—,阴,-2.88,小阴-3~0,-2.9,-2.4,-0.4,0.2,1,下,2.8,1.97,断16~60天,30.0,1.0,6.8,-9.6,09-30,实体+0→一字+10→一字+10,9.99,9.98,-1.05,2024-11,2024
603528.SSE,多伦科技,2023-11-16,三接四阴,—,阴,0.46,小阳0~3,-1.4,1.7,5.1,7.8,3,上,3.72,3.13,断4~7天,5.0,1.0,10.8,-1.0,11-03,下影+1→一字+10→一字+10,5.03,10.02,1.89,2023-11,2023
603530.SSE,神马电力,2024-01-02,三接四阴,—,阴,-1.64,小阴-3~0,-0.3,-1.0,-1.3,-1.1,0,下,-0.56,-0.24,60日内无板,,,,,,实体+0→实体+5→一字+10,7.14,10.0,-1.01,2024-01,2024
603533.SSE,掌阅科技,2023-05-05,二接三阳,—,阳,0.58,小阳0~3,-3.8,-4.4,-5.5,,0,下,-0.3,,断4~7天,5.0,1.0,-1.7,-14.8,04-20,实体+0→实体+4,5.0,7.13,7.13,2023-05,2023
603533.SSE,掌阅科技,2023-05-08,三接四阳,—,阳,0.58,小阳0~3,-3.8,-4.4,-5.5,,0,下,-0.3,,断4~7天,5.0,1.0,-1.7,-14.8,04-20,实体+0→实体+4→下影+5,4.44,-9.89,-9.89,2023-05,2023
603533.SSE,掌阅科技,2024-03-13,二接三阳,—,阳,4.0,大阳3~5,0.6,2.6,11.6,11.9,4,上,5.16,3.43,断8~15天,13.0,2.0,20.1,-6.0,02-20,下影-1→下影+3,3.93,-6.87,-6.87,2024-03,2024
603533.SSE,掌阅科技,2024-03-22,二接三阴,—,阴,1.71,小阳0~3,2.4,12.0,23.2,34.3,4,上,15.32,13.1,断4~7天,4.0,3.0,7.8,-11.6,03-13,下影+6→一字+10,6.64,-5.97,-5.97,2024-03,2024
603533.SSE,掌阅科技,2024-03-25,三接四阴,A2,阴,1.71,小阳0~3,2.4,12.0,23.2,34.3,4,上,15.32,13.1,断4~7天,4.0,3.0,7.8,-11.6,03-13,下影+6→一字+10→下影+7,10.0,-22.36,-22.36,2024-03,2024
603536.SSE,惠发食品,2023-08-03,二接三阳,—,阳,3.26,大阳3~5,2.8,3.8,5.5,8.3,4,上,2.05,2.54,60日内无板,,,,,,下影+3→下影+3,8.51,-2.06,-2.06,2023-08,2023
603536.SSE,惠发食品,2023-08-04,三接四阳,—,阳,3.26,大阳3~5,2.8,3.8,5.5,8.3,4,上,2.05,2.54,60日内无板,,,,,,下影+3→下影+3→下影+9,10.01,-19.89,-19.89,2023-08,2023
603536.SSE,惠发食品,2023-11-28,二接三阳,—,阳,0.0,小阳0~3,0.8,1.9,3.6,6.1,4,上,1.63,2.52,60日内无板,,,,,,下影+1→一字+10,4.15,9.99,44.96,2023-11,2023
603536.SSE,惠发食品,2023-11-29,三接四阳,—,阳,0.0,小阳0~3,0.8,1.9,3.6,6.1,4,上,1.63,2.52,60日内无板,,,,,,下影+1→一字+10→下影+4,5.17,10.04,31.79,2023-11,2023
603536.SSE,惠发食品,2024-12-11,二接三阳,—,阳,1.86,小阳0~3,-1.3,1.7,6.5,8.1,3,上,8.64,1.5,断4~7天,5.0,1.0,3.6,-9.6,11-29,下影-0→一字+10,0.68,10.03,15.46,2024-12,2024
603536.SSE,惠发食品,2024-12-12,三接四阳,—,阳,1.86,小阳0~3,-1.3,1.7,6.5,8.1,3,上,8.64,1.5,断4~7天,5.0,1.0,3.6,-9.6,11-29,下影-0→一字+10→下影+1,4.4,9.99,4.93,2024-12,2024
603538.SSE,美诺华,2026-03-26,二接三阴,—,阴,-3.88,大阴-5~-3,0.9,5.8,14.2,18.2,4,上,11.42,5.94,断1天,1.0,1.0,5.7,-5.0,03-20,下影+4→下影+7,3.98,9.99,14.82,2026-03,2026
603538.SSE,美诺华,2026-03-27,三接四阴,—,阴,-3.88,大阴-5~-3,0.9,5.8,14.2,18.2,4,上,11.42,5.94,断1天,1.0,1.0,5.7,-5.0,03-20,下影+4→下影+7→实体+4,6.51,10.01,4.39,2026-03,2026
603569.SSE,长久物流,2023-08-18,二接三阴,—,阴,-2.6,小阴-3~0,3.8,8.3,11.2,14.7,4,上,4.9,4.65,断1天,1.0,1.0,7.2,-3.5,08-14,下影-1→下影+0,-2.15,-16.29,-16.29,2023-08,2023
603577.SSE,汇金通,2024-01-02,二接三阳,—,阳,2.02,小阳0~3,-1.0,-3.0,-4.8,-6.3,0,下,-2.59,-2.1,60日内无板,,,,,,实体-0→实体+8,9.62,9.97,5.33,2024-01,2024
603577.SSE,汇金通,2024-01-03,三接四阳,A1,阳,2.02,小阳0~3,-1.0,-3.0,-4.8,-6.3,0,下,-2.59,-2.1,60日内无板,,,,,,实体-0→实体+8→下影+10,9.62,-4.21,-4.21,2024-01,2024
603577.SSE,汇金通,2025-05-28,二接三阳,—,阳,1.8,小阳0~3,1.6,3.1,3.7,4.8,4,上,2.16,1.07,断16~60天,52.0,1.0,2.4,-26.4,03-06,下影-0→一字+10,10.01,4.24,4.24,2025-05,2025
603577.SSE,汇金通,2025-05-29,三接四阳,—,阳,1.8,小阳0~3,1.6,3.1,3.7,4.8,4,上,2.16,1.07,断16~60天,52.0,1.0,2.4,-26.4,03-06,下影-0→一字+10→下影+10,-5.57,-7.71,-7.71,2025-05,2025
603579.SSE,荣泰健康,2025-03-28,二接三阴,—,阴,-4.82,大阴-5~-3,-1.4,-1.3,4.0,7.1,2,下,4.32,3.2,断16~60天,23.0,1.0,18.5,-7.9,02-20,下影+0→下影+1,-0.98,10.0,6.39,2025-03,2025
603579.SSE,荣泰健康,2025-03-31,三接四阴,—,阴,-4.82,大阴-5~-3,-1.4,-1.3,4.0,7.1,2,下,4.32,3.2,断16~60天,23.0,1.0,18.5,-7.9,02-20,下影+0→下影+1→下影-1,10.0,-3.27,-3.27,2025-03,2025
603580.SSE,艾艾精工,2024-03-07,二接三阴,—,阴,-2.17,小阴-3~0,-2.9,-0.9,-2.7,-14.6,0,下,8.4,-7.64,60日内无板,,,,,,下影-1→下影+6,9.97,10.02,138.55,2024-03,2024
603580.SSE,艾艾精工,2024-03-08,三接四阴,—,阴,-2.17,小阴-3~0,-2.9,-0.9,-2.7,-14.6,0,下,8.4,-7.64,60日内无板,,,,,,下影-1→下影+6→下影+10,5.96,9.97,116.84,2024-03,2024
603580.SSE,艾艾精工,2024-05-07,二接三阳,—,阳,2.59,小阳0~3,2.5,3.2,-6.3,-13.8,2,上,-5.93,-9.41,断4~7天,7.0,1.0,4.9,-14.8,04-18,下影+3→实体+1,2.74,-6.14,-6.14,2024-05,2024
603580.SSE,艾艾精工,2026-07-06,二接三阴,—,阴,2.13,小阳0~3,3.5,-0.1,3.6,3.1,3,下,1.61,-0.27,60日内无板,,,,,,下影-0→下影+2,-0.27,1.84,22.0,2026-07,2026
603583.SSE,捷昌驱动,2024-12-03,二接三阴,—,阴,-1.11,小阴-3~0,-1.8,-4.0,-3.5,-1.0,0,下,-2.08,1.08,60日内无板,,,,,,下影-0→实体+5,5.03,-3.84,-3.84,2024-12,2024
603583.SSE,捷昌驱动,2025-03-06,二接三阳,—,阳,-2.05,小阴-3~0,-8.2,-7.8,4.8,13.8,2,下,11.76,9.98,断8~15天,8.0,1.0,2.8,-9.2,02-19,下影-1→下影+3,4.98,-1.29,-1.29,2025-03,2025
603585.SSE,苏利股份,2025-12-19,二接三阴,—,阴,-1.87,小阴-3~0,-2.1,-4.1,-5.8,-8.4,0,下,-2.59,-2.96,60日内无板,,,,,,下影+1→下影+10,2.16,-10.0,-10.0,2025-12,2025
603586.SSE,金麒麟,2023-11-22,二接三阳,—,阳,1.2,小阳0~3,3.4,3.9,8.8,10.0,4,上,5.99,2.51,60日内无板,,,,,,下影-1→一字+10,9.98,-10.01,-10.01,2023-11,2023
603586.SSE,金麒麟,2024-06-24,二接三阴,—,阴,-0.7,小阴-3~0,0.4,0.1,-4.0,-6.6,2,上,-4.26,-2.83,60日内无板,,,,,,下影+0→下影+5,10.01,10.03,8.97,2024-06,2024
603586.SSE,金麒麟,2024-06-25,三接四阴,—,阴,-0.7,小阴-3~0,0.4,0.1,-4.0,-6.6,2,上,-4.26,-2.83,60日内无板,,,,,,下影+0→下影+5→下影+10,10.03,10.02,-0.97,2024-06,2024
603586.SSE,金麒麟,2025-05-07,二接三阴,—,阴,2.81,小阳0~3,8.2,12.6,13.6,9.0,4,上,5.26,-1.44,断1天,1.0,1.0,13.1,-0.2,04-28,实体+1→下影+10,10.01,-16.58,-16.58,2025-05,2025
603596.SSE,伯特利,2025-02-07,二接三阳,—,阳,0.29,小阳0~3,1.1,-0.5,1.4,-0.0,3,下,0.45,-0.7,60日内无板,,,,,,下影+0→实体+2,9.56,-2.66,-2.66,2025-02,2025
603598.SSE,引力传媒,2023-11-20,二接三阴,—,阴,-2.74,小阴-3~0,-2.6,0.0,8.9,11.4,3,上,9.27,5.22,60日内无板,,,,,,实体-2→下影+9,0.3,9.97,19.74,2023-11,2023
603598.SSE,引力传媒,2023-11-21,三接四阴,—,阴,-2.74,小阴-3~0,-2.6,0.0,8.9,11.4,3,上,9.27,5.22,60日内无板,,,,,,实体-2→下影+9→下影+0,8.81,10.0,8.88,2023-11,2023
603598.SSE,引力传媒,2023-12-11,二接三阳,—,阳,-8.61,巨阴≤-5,-4.8,-4.2,6.7,19.3,2,下,5.57,10.92,断2~3天,2.0,2.0,-4.8,-14.8,12-04,实体-5→下影-4,0.0,-3.4,-3.4,2023-12,2023
603598.SSE,引力传媒,2023-12-15,二接三阴,—,阴,0.55,小阳0~3,9.4,16.4,24.1,39.6,4,上,4.55,12.16,断2~3天,2.0,2.0,16.9,0.0,12-08,下影-3→实体+4,2.87,1.49,1.49,2023-12,2023
603598.SSE,引力传媒,2024-12-13,二接三阳,—,阳,6.52,巨阳≥5,7.4,10.7,15.2,16.6,4,上,6.41,1.85,断2~3天,3.0,1.0,20.0,0.6,12-05,下影+5→下影+10,-2.87,2.4,-7.84,2024-12,2024
603598.SSE,引力传媒,2025-01-16,二接三阳,—,阳,-2.02,小阴-3~0,-3.9,-6.9,-15.5,-15.9,0,下,-4.92,-5.58,断16~60天,19.0,1.0,-32.9,-41.0,12-16,一字+10→一字+10,9.98,-9.98,-9.98,2025-01,2025
603598.SSE,引力传媒,2026-01-07,二接三阳,—,阳,3.47,大阳3~5,4.0,3.7,-1.7,-3.6,2,上,-3.12,-2.96,60日内无板,,,,,,实体+1→下影+0,0.49,4.2,4.2,2026-01,2026
603598.SSE,引力传媒,2026-01-08,三接四阳,—,阳,3.47,大阳3~5,4.0,3.7,-1.7,-3.6,2,上,-3.12,-2.96,60日内无板,,,,,,实体+1→下影+0→实体+0,0.0,4.22,30.23,2026-01,2026
603598.SSE,引力传媒,2026-01-13,二接三阳,—,阳,4.2,大阳3~5,15.1,28.5,32.4,30.5,4,上,12.26,2.59,断1天,1.0,3.0,14.6,-8.8,01-07,实体+2→一字+10,9.99,3.28,3.28,2026-01,2026
603601.SSE,再升科技,2025-07-02,二接三阴,—,阴,0.27,小阳0~3,0.9,2.0,1.3,1.4,4,上,0.03,-0.07,60日内无板,,,,,,实体+2→一字+10,10.07,-6.5,-6.5,2025-07,2025
603601.SSE,再升科技,2025-12-11,三接四阳,—,阳,2.95,小阳0~3,0.9,5.2,6.7,7.1,4,上,4.92,1.86,60日内无板,,,,,,一字+10→下影+10→一字+10,10.06,10.05,21.8,2025-12,2025
603601.SSE,再升科技,2025-12-26,二接三阴,—,阴,-7.98,巨阴≤-5,0.4,9.5,39.1,56.9,4,上,32.46,23.0,断4~7天,6.0,6.0,19.0,-9.4,12-15,实体-4→下影+10,7.17,-5.1,-5.1,2025-12,2025
603607.SSE,京华激光,2023-09-14,二接三阴,—,阴,-7.87,巨阴≤-5,-2.6,2.5,6.3,8.4,3,上,7.1,4.13,断2~3天,3.0,1.0,4.9,-6.8,09-06,下影-2→下影+4,6.16,-0.05,-10.06,2023-09,2023
603607.SSE,京华激光,2025-05-26,二接三阴,—,阴,-3.91,大阴-5~-3,4.5,9.3,13.0,18.1,4,上,5.05,4.55,断1天,1.0,1.0,5.7,-6.5,05-20,实体-2→下影-4,-1.85,9.99,15.0,2025-05,2025
603607.SSE,京华激光,2025-05-27,三接四阴,—,阴,-3.91,大阴-5~-3,4.5,9.3,13.0,18.1,4,上,5.05,4.55,断1天,1.0,1.0,5.7,-6.5,05-20,实体-2→下影-4→下影-2,9.92,4.56,4.56,2025-05,2025
603608.SSE,天创时尚,2026-01-05,二接三阴,—,阴,2.16,小阳0~3,8.2,10.9,14.3,14.5,4,上,3.94,2.13,断1天,1.0,1.0,12.4,-5.4,12-19,下影+8→一字+10,10.0,-15.8,-15.8,2026-01,2026
603610.SSE,麒盛科技,2025-05-09,三接四阳,—,阳,1.68,小阳0~3,2.2,2.4,1.6,-4.9,3,上,0.28,-4.24,断16~60天,55.0,1.0,-11.2,-33.3,02-11,实体+0→下影+10→一字+10,-4.02,-6.32,-6.32,2025-05,2025
603616.SSE,韩建河山,2025-07-23,二接三阴,—,阴,-0.66,小阴-3~0,-2.0,-3.3,-2.9,0.3,1,下,-0.11,2.14,断8~15天,15.0,1.0,-1.4,-11.7,06-27,下影+7→下影+5,10.07,9.98,-1.0,2025-07,2025
603616.SSE,韩建河山,2025-07-24,三接四阴,—,阴,-0.66,小阴-3~0,-2.0,-3.3,-2.9,0.3,1,下,-0.11,2.14,断8~15天,15.0,1.0,-1.4,-11.7,06-27,下影+7→下影+5→下影+10,-2.5,-9.98,-9.98,2025-07,2025
603616.SSE,韩建河山,2026-02-06,三接四阳,—,阳,1.8,小阳0~3,1.7,2.4,5.8,6.4,4,上,3.6,2.13,断16~60天,52.0,1.0,2.0,-18.7,11-04,下影+2→一字+10→一字+10,9.95,10.01,0.84,2026-02,2026
603616.SSE,韩建河山,2026-06-10,二接三阳,—,阳,3.08,大阳3~5,2.0,1.7,-4.7,-4.1,2,上,-7.95,-1.54,断4~7天,5.0,1.0,8.3,-7.7,05-29,一字+10→一字+10,10.01,-18.2,-18.2,2026-06,2026
603617.SSE,君禾股份,2025-01-03,二接三阴,—,阴,-3.06,大阴-5~-3,-3.6,-0.6,-0.6,2.1,1,下,1.33,2.39,60日内无板,,,,,,实体+0→下影+10,10.05,10.03,2.03,2025-01,2025
603617.SSE,君禾股份,2025-01-06,三接四阴,—,阴,-3.06,大阴-5~-3,-3.6,-0.6,-0.6,2.1,1,下,1.33,2.39,60日内无板,,,,,,实体+0→下影+10→下影+10,10.03,-7.27,-7.27,2025-01,2025
603618.SSE,杭电股份,2025-09-18,二接三阴,—,阴,-1.85,小阴-3~0,-2.2,-2.6,-0.7,0.7,1,下,1.63,1.21,60日内无板,,,,,,下影-0→下影+10,7.07,10.01,19.8,2025-09,2025
603618.SSE,杭电股份,2025-09-19,三接四阴,—,阴,-1.85,小阴-3~0,-2.2,-2.6,-0.7,0.7,1,下,1.63,1.21,60日内无板,,,,,,下影-0→下影+10→下影+7,9.68,9.99,8.9,2025-09,2025
603618.SSE,杭电股份,2026-02-03,二接三阴,—,阴,-5.73,巨阴≤-5,-4.9,-6.0,-3.8,-2.8,0,下,1.45,0.65,断16~60天,26.0,1.0,5.0,-8.0,12-22,下影-0→一字+10,9.96,9.97,14.0,2026-02,2026
603618.SSE,杭电股份,2026-02-04,三接四阴,A2,阴,-5.73,巨阴≤-5,-4.9,-6.0,-3.8,-2.8,0,下,1.45,0.65,断16~60天,26.0,1.0,5.0,-8.0,12-22,下影-0→一字+10→下影+10,9.88,3.66,3.66,2026-02,2026
603618.SSE,杭电股份,2026-03-31,二接三阳,—,阳,-3.2,大阴-5~-3,4.0,9.1,10.5,20.5,4,上,2.74,7.55,断1天,1.0,1.0,6.5,-7.2,03-25,下影-3→实体+3,1.09,-3.4,-3.4,2026-03,2026
603618.SSE,杭电股份,2026-05-08,二接三阴,—,阴,-4.11,大阴-5~-3,-4.3,-0.2,6.2,10.7,2,下,13.33,3.46,断4~7天,5.0,2.0,-1.0,-11.6,04-23,下影+4→下影+5,0.82,-0.85,-0.85,2026-05,2026
603618.SSE,杭电股份,2026-06-17,二接三阴,—,阴,-6.14,巨阴≤-5,-3.2,-5.3,-3.0,1.1,1,下,2.56,1.18,断8~15天,10.0,1.0,0.1,-14.5,05-29,实体+2→实体+3,2.06,0.08,0.08,2026-06,2026
603618.SSE,杭电股份,2026-08-28,二接三阳,—,阳,4.39,大阳3~5,3.9,1.8,8.8,8.2,4,上,1.84,2.35,断4~7天,7.0,1.0,6.9,-12.4,08-14,实体+7→实体+5,9.97,-9.4,-9.4,2026-08,2026
603626.SSE,科森科技,2024-03-28,三接四阴,—,阴,-2.33,小阴-3~0,-1.7,-0.6,2.1,8.3,2,下,2.89,3.9,断16~60天,25.0,1.0,43.8,3.1,02-08,下影-0→下影+4→一字+10,1.31,-16.49,-16.49,2024-03,2024
603626.SSE,科森科技,2024-08-28,二接三阳,—,阳,1.6,小阳0~3,0.7,0.1,1.8,2.4,4,上,2.17,1.26,断16~60天,31.0,1.0,1.8,-16.4,07-11,实体+1→下影+10,1.79,10.03,75.37,2024-08,2024
603626.SSE,科森科技,2024-10-31,二接三阳,—,阳,-0.21,小阴-3~0,0.8,3.4,7.8,4.8,4,上,4.88,3.47,断8~15天,8.0,1.0,15.2,-2.3,10-16,下影-1→下影+2,5.9,-13.97,-13.97,2024-10,2024
603626.SSE,科森科技,2025-02-27,二接三阳,—,阳,-1.7,小阴-3~0,-0.1,1.2,5.9,9.2,3,上,4.16,3.46,60日内无板,,,,,,下影+0→下影+5,4.18,-8.56,-8.56,2025-02,2025
603626.SSE,科森科技,2025-08-19,二接三阴,—,阴,-2.82,小阴-3~0,-3.2,-3.6,-1.4,0.0,1,下,1.64,1.71,60日内无板,,,,,,实体+5→一字+10,9.98,10.03,38.83,2025-08,2025
603626.SSE,科森科技,2025-09-18,二接三阴,—,阴,-1.04,小阴-3~0,-6.3,-12.3,-12.0,1.3,1,下,-6.43,8.89,断8~15天,9.0,1.0,-18.0,-26.9,09-02,下影+2→下影+3,6.53,-10.0,-10.0,2025-09,2025
603628.SSE,清源股份,2023-12-25,二接三阴,—,阴,-1.37,小阴-3~0,-1.2,-2.4,-5.3,-7.9,0,下,-2.36,-3.01,60日内无板,,,,,,下影+0→实体+0,3.53,9.97,48.74,2023-12,2023
603628.SSE,清源股份,2023-12-26,三接四阴,—,阴,-1.37,小阴-3~0,-1.2,-2.4,-5.3,-7.9,0,下,-2.36,-3.01,60日内无板,,,,,,下影+0→实体+0→下影+4,-0.28,10.02,35.26,2023-12,2023
603629.SSE,利通电子,2023-06-06,三接四阳,—,阳,4.69,大阳3~5,7.8,11.4,16.0,17.9,4,上,5.85,2.49,60日内无板,,,,,,实体+0→一字+10→一字+10,9.99,5.81,5.81,2023-06,2023
603629.SSE,利通电子,2026-02-03,二接三阳,—,阳,1.19,小阳0~3,1.5,5.4,12.3,17.1,4,上,7.67,5.74,60日内无板,,,,,,下影+2→下影+10,-2.77,-11.6,-11.6,2026-02,2026
603629.SSE,利通电子,2026-04-16,二接三阴,—,阴,0.0,小阳0~3,2.5,8.7,12.9,15.7,4,上,7.5,4.02,断2~3天,3.0,1.0,13.6,0.4,04-08,下影+7→下影+2,0.0,8.98,10.88,2026-04,2026
603629.SSE,利通电子,2026-04-30,二接三阳,—,阳,-0.84,小阴-3~0,-0.2,6.3,28.5,41.1,3,上,22.8,16.25,断4~7天,6.0,1.0,13.2,-6.1,04-17,一字+10→下影+10,8.4,9.99,9.6,2026-04,2026
603629.SSE,利通电子,2026-07-23,二接三阳,—,阳,7.72,巨阳≥5,-5.0,-10.2,-34.1,-36.1,0,下,-25.42,-10.6,断16~60天,20.0,1.0,-44.6,-53.3,06-22,下影+2→下影+6,5.92,-16.56,-16.56,2026-07,2026
603629.SSE,利通电子,2026-08-06,二接三阴,—,阴,-3.03,大阴-5~-3,-2.4,-11.1,-12.8,-30.4,0,下,-3.47,-16.07,断1天,1.0,1.0,6.7,-4.0,07-31,下影+8→下影+7,-0.3,2.81,2.81,2026-08,2026
603636.SSE,南威软件,2025-02-06,二接三阳,—,阳,6.38,巨阳≥5,4.9,6.3,7.3,5.1,4,上,2.5,-0.45,60日内无板,,,,,,下影+10→一字+10,-0.36,-4.64,-4.64,2025-02,2025
603657.SSE,春光科技,2025-05-08,二接三阳,—,阳,0.78,小阳0~3,2.2,5.8,7.1,4.4,4,上,5.94,-0.8,断16~60天,19.0,1.0,2.6,-25.9,04-02,下影+1→下影+3,7.02,10.0,15.18,2025-05,2025
603657.SSE,春光科技,2025-05-09,三接四阳,A1,阳,0.78,小阳0~3,2.2,5.8,7.1,4.4,4,上,5.94,-0.8,断16~60天,19.0,1.0,2.6,-25.9,04-02,下影+1→下影+3→下影+7,0.0,9.98,4.71,2025-05,2025
603660.SSE,苏州科达,2024-11-29,三接四阳,—,阳,5.42,巨阳≥5,5.1,5.6,5.9,7.2,4,上,-0.33,1.44,断16~60天,34.0,1.0,24.6,-10.6,10-08,下影-2→下影+10→一字+10,0.0,-17.27,-17.27,2024-11,2024
603661.SSE,恒林股份,2026-05-26,三接四阴,—,阴,-1.68,小阴-3~0,-1.8,-5.4,-10.0,-11.2,0,下,-6.45,-3.1,60日内无板,,,,,,下影+1→一字+10→一字+10,10.01,-14.33,-14.33,2026-05,2026
603662.SSE,柯力传感,2023-05-22,二接三阳,—,阳,2.88,小阳0~3,1.4,-0.6,-1.4,-2.2,1,下,-0.06,-1.69,断16~60天,56.0,1.0,-37.6,-45.8,08-04,实体+0→下影-1,6.48,1.68,1.68,2023-05,2023
603663.SSE,三祥新材,2024-04-01,二接三阴,—,阴,1.57,小阳0~3,7.5,8.7,11.1,15.2,4,上,1.66,2.51,断1天,1.0,1.0,11.7,0.7,03-26,实体-4→下影+1,7.17,9.99,12.13,2024-04,2024
603663.SSE,三祥新材,2026-06-23,二接三阴,—,阴,-4.15,大阴-5~-3,3.3,9.7,21.3,36.3,4,上,11.21,14.9,断1天,1.0,1.0,5.4,-6.8,06-16,实体+5→下影+5,3.91,-1.94,-1.94,2026-06,2026
603666.SSE,亿嘉和,2024-08-30,二接三阳,—,阳,-0.7,小阴-3~0,1.5,7.1,9.1,10.8,4,上,6.01,3.58,断1天,1.0,1.0,9.2,-1.9,08-26,实体-2→下影+1,1.96,-17.43,-17.43,2024-08,2024
603666.SSE,亿嘉和,2024-11-04,二接三阳,—,阳,-0.21,小阴-3~0,-1.4,-0.4,0.2,6.5,2,下,2.7,5.62,断16~60天,19.0,1.0,21.8,0.8,09-26,实体+0→下影+4,8.9,10.02,12.64,2024-11,2024
603666.SSE,亿嘉和,2024-11-05,三接四阳,—,阳,-0.21,小阴-3~0,-1.4,-0.4,0.2,6.5,2,下,2.7,5.62,断16~60天,19.0,1.0,21.8,0.8,09-26,实体+0→下影+4→下影+9,10.02,9.99,2.38,2024-11,2024
603667.SSE,五洲新春,2024-12-03,二接三阴,—,阴,-6.31,巨阴≤-5,-6.0,-8.3,-10.3,-8.6,0,下,-4.72,-0.69,60日内无板,,,,,,下影+4→下影+9,5.52,9.99,29.69,2024-12,2024
603667.SSE,五洲新春,2025-01-13,二接三阳,—,阳,5.54,巨阳≥5,5.1,1.0,-6.4,-1.2,2,上,-5.38,-2.57,断16~60天,17.0,2.0,-20.3,-35.4,12-13,下影-2→下影+9,8.71,0.96,17.8,2025-01,2025
603667.SSE,五洲新春,2025-01-16,二接三阴,—,阴,0.96,小阳0~3,11.5,19.1,15.7,15.1,4,上,1.44,-2.23,断1天,1.0,2.0,11.1,-1.8,01-10,下影+2→一字+10,3.97,0.53,0.53,2025-01,2025
603667.SSE,五洲新春,2025-12-31,二接三阳,—,阳,-0.7,小阴-3~0,2.8,4.1,4.7,9.7,4,上,-2.1,3.81,断8~15天,14.0,1.0,7.2,-11.8,12-08,下影+0→下影+1,10.0,6.03,6.03,2025-12,2025
603667.SSE,五洲新春,2026-01-05,三接四阳,—,阳,-0.7,小阴-3~0,2.8,4.1,4.7,9.7,4,上,-2.1,3.81,断8~15天,14.0,1.0,7.2,-11.8,12-08,下影+0→下影+1→下影+10,-1.4,0.66,0.66,2026-01,2026
603669.SSE,灵康药业,2024-12-05,二接三阳,—,阳,8.72,巨阳≥5,9.1,9.9,6.1,13.0,4,上,-1.41,2.52,60日内无板,,,,,,实体+2→实体+3,2.5,-8.86,-8.86,2024-12,2024
603677.SSE,奇精机械,2023-07-13,二接三阴,—,阴,-1.12,小阴-3~0,-1.2,-0.8,0.9,2.0,2,下,1.85,1.38,60日内无板,,,,,,实体-0→下影+9,-1.5,-10.02,-10.02,2023-07,2023
603677.SSE,奇精机械,2025-03-14,二接三阳,—,阳,-2.09,小阴-3~0,-0.5,-0.7,1.9,5.3,2,下,-0.34,2.99,断8~15天,14.0,1.0,6.1,-8.0,02-19,实体+0→一字+10,10.03,10.01,31.78,2025-03,2025
603678.SSE,火炬电子,2026-06-03,二接三阴,—,阴,2.39,小阳0~3,10.6,23.0,33.6,35.6,4,上,15.06,6.46,断1天,1.0,1.0,12.6,1.5,05-28,实体-4→下影-2,2.35,0.12,0.12,2026-06,2026
603679.SSE,华体科技,2025-12-22,二接三阳,—,阳,-0.25,小阴-3~0,0.3,1.3,2.1,-0.8,3,上,0.92,-1.41,60日内无板,,,,,,下影-0→一字+10,9.99,-26.32,-26.32,2025-12,2025
603681.SSE,永冠新材,2025-05-27,二接三阳,—,阳,0.65,小阳0~3,0.2,4.0,7.1,9.8,4,上,5.74,3.07,60日内无板,,,,,,下影+0→下影+3,-5.49,-9.98,-9.98,2025-05,2025
603682.SSE,锦和商管,2023-07-27,三接四阳,—,阳,2.72,小阳0~3,2.8,4.2,6.0,6.2,4,上,1.78,1.21,60日内无板,,,,,,下影+4→一字+10→一字+10,10.07,-1.44,-1.44,2023-07,2023
603685.SSE,晨丰科技,2024-06-17,二接三阳,—,阳,0.47,小阳0~3,1.9,-2.5,-6.9,-9.7,1,下,-5.84,-4.07,60日内无板,,,,,,下影+4→实体+9,8.91,-8.1,-8.1,2024-06,2024
603686.SSE,福龙马,2024-12-27,三接四阳,—,阳,0.41,小阳0~3,3.2,1.9,2.4,4.8,4,上,-2.62,1.57,断8~15天,14.0,1.0,2.9,-13.2,12-03,实体+5→下影+9→一字+10,9.95,-20.29,-20.29,2024-12,2024
603686.SSE,福龙马,2025-09-22,二接三阴,—,阴,-4.07,大阴-5~-3,0.6,0.3,0.1,1.2,4,上,0.72,-0.15,断16~60天,23.0,1.0,6.6,-12.3,08-15,下影+1→实体+5,9.99,9.99,6.57,2025-09,2025
603686.SSE,福龙马,2025-09-23,三接四阴,—,阴,-4.07,大阴-5~-3,0.6,0.3,0.1,1.2,4,上,0.72,-0.15,断16~60天,23.0,1.0,6.6,-12.3,08-15,下影+1→实体+5→下影+10,2.12,-3.11,-3.11,2025-09,2025
603686.SSE,福龙马,2025-11-03,二接三阳,—,阳,5.49,巨阳≥5,4.6,5.4,6.4,10.8,4,上,0.63,1.17,断4~7天,6.0,1.0,12.0,-9.4,10-21,实体-0→下影+6,6.53,-1.65,0.79,2025-11,2025
603687.SSE,大胜达,2026-03-23,三接四阳,—,阳,1.01,小阳0~3,0.5,-1.4,-6.8,-7.9,1,下,-5.1,-2.53,断16~60天,38.0,1.0,-3.2,-14.5,01-14,实体-0→一字+10→一字+10,10.01,0.14,0.14,2026-03,2026
603688.SSE,石英股份,2025-04-11,二接三阳,—,阳,1.24,小阳0~3,3.3,0.0,4.0,8.9,4,上,1.56,3.69,断8~15天,9.0,2.0,1.2,-18.6,03-25,下影-3→下影+4,8.9,-1.2,-1.2,2025-04,2025
603690.SSE,至纯科技,2025-03-31,二接三阳,—,阳,0.47,小阳0~3,1.2,1.0,-0.4,1.8,3,上,-0.55,0.71,断16~60天,18.0,1.0,-0.7,-15.2,02-28,下影+2→下影+10,1.79,-4.25,-4.25,2025-03,2025
603690.SSE,至纯科技,2026-07-28,二接三阴,—,阴,-3.29,大阴-5~-3,-6.3,-20.5,-31.8,-31.5,0,下,-17.81,-7.35,断16~60天,20.0,1.0,-34.6,-43.7,06-25,下影-1→下影+5,10.01,-9.5,-9.5,2026-07,2026
603693.SSE,江苏新能,2025-05-29,二接三阳,—,阳,0.16,小阳0~3,-3.5,-0.5,0.8,-1.9,1,下,3.57,0.32,断4~7天,4.0,1.0,3.6,-7.9,05-20,实体+5→一字+10,10.02,-10.0,-10.0,2025-05,2025
603696.SSE,安记食品,2025-04-17,二接三阳,—,阳,2.42,小阳0~3,2.2,1.8,0.5,-1.2,3,上,-0.31,-1.95,60日内无板,,,,,,下影+0→下影+0,9.26,10.01,19.84,2025-04,2025
603696.SSE,安记食品,2025-04-18,三接四阳,A1,阳,2.42,小阳0~3,2.2,1.8,0.5,-1.2,3,上,-0.31,-1.95,60日内无板,,,,,,下影+0→下影+0→下影+9,10.01,9.98,8.94,2025-04,2025
603696.SSE,安记食品,2025-12-04,二接三阳,—,阳,2.62,小阳0~3,5.9,7.3,2.4,5.0,4,上,-5.12,1.22,断16~60天,18.0,1.0,9.3,-15.4,11-05,下影+1→下影+10,5.66,10.0,30.0,2025-12,2025
603696.SSE,安记食品,2025-12-05,三接四阳,A1,阳,2.62,小阳0~3,5.9,7.3,2.4,5.0,4,上,-5.12,1.22,断16~60天,18.0,1.0,9.3,-15.4,11-05,下影+1→下影+10→实体+6,-2.03,10.02,18.18,2025-12,2025
603696.SSE,安记食品,2025-12-24,二接三阳,—,阳,5.21,巨阳≥5,-1.9,-4.6,14.1,24.4,2,下,11.48,12.66,断2~3天,3.0,1.0,-1.9,-19.0,12-16,下影+2→一字+10,6.38,-1.41,-1.41,2025-12,2025
603696.SSE,安记食品,2025-12-25,三接四阳,—,阳,5.21,巨阳≥5,-1.9,-4.6,14.1,24.4,2,下,11.48,12.66,断2~3天,3.0,1.0,-1.9,-19.0,12-16,下影+2→一字+10→下影+6,8.04,-11.43,-11.43,2025-12,2025
603697.SSE,有友食品,2024-10-30,二接三阳,—,阳,1.83,小阳0~3,2.1,3.7,4.1,8.5,4,上,-1.44,3.87,60日内无板,,,,,,一字+10→下影+9,0.37,-2.36,-2.36,2024-10,2024
603698.SSE,航天工程,2025-12-25,二接三阳,B2,阳,2.37,小阳0~3,5.5,9.6,23.9,31.5,4,上,12.55,9.97,断1天,1.0,1.0,12.6,-1.6,12-19,下影-1→实体-4,5.0,5.26,5.26,2025-12,2025
603700.SSE,宁水集团,2025-03-05,二接三阴,—,阴,-4.8,大阴-5~-3,1.9,3.8,4.8,6.3,4,上,1.98,1.35,断1天,1.0,1.0,4.7,-5.6,02-27,下影-0→一字+10,10.04,10.04,-0.98,2025-03,2025
603706.SSE,东方环宇,2024-11-21,二接三阳,—,阳,2.72,小阳0~3,0.3,1.7,2.4,3.4,4,上,2.43,1.19,60日内无板,,,,,,下影-1→下影+5,4.47,-14.84,-14.84,2024-11,2024
603709.SSE,中源家居,2025-09-09,三接四阴,—,阴,-9.91,巨阴≤-5,-1.8,-3.8,-5.6,-3.7,0,下,-2.97,0.32,断1天,1.0,1.0,-0.9,-10.0,09-02,下影-1→一字+10→一字+10,9.99,-24.56,-24.56,2025-09,2025
603709.SSE,中源家居,2025-12-12,二接三阳,—,阳,-4.28,大阴-5~-3,3.5,9.7,10.8,11.7,4,上,6.19,1.88,断2~3天,2.0,2.0,8.1,-6.2,12-05,下影-1→下影+0,0.78,-7.42,-7.42,2025-12,2025
603709.SSE,中源家居,2025-12-15,三接四阳,—,阳,-4.28,大阴-5~-3,3.5,9.7,10.8,11.7,4,上,6.19,1.88,断2~3天,2.0,2.0,8.1,-6.2,12-05,下影-1→下影+0→实体+1,4.82,-24.26,-24.26,2025-12,2025
603716.SSE,塞力医疗,2023-08-10,二接三阴,—,阴,-2.55,小阴-3~0,-5.4,-2.9,1.9,3.0,2,下,6.33,2.87,断4~7天,6.0,1.0,3.8,-6.2,07-28,下影+0→下影+5,9.99,9.99,12.64,2023-08,2023
603716.SSE,塞力医疗,2023-08-11,三接四阴,—,阴,-2.55,小阴-3~0,-5.4,-2.9,1.9,3.0,2,下,6.33,2.87,断4~7天,6.0,1.0,3.8,-6.2,07-28,下影+0→下影+5→下影+10,6.36,2.41,2.41,2023-08,2023
603716.SSE,塞力医疗,2024-03-20,二接三阴,—,阴,-1.23,小阴-3~0,2.0,5.0,7.2,5.1,4,上,1.54,4.15,60日内无板,,,,,,实体+2→一字+10,9.39,-1.31,-1.31,2024-03,2024
603716.SSE,塞力医疗,2025-02-11,二接三阳,—,阳,2.5,小阳0~3,7.6,9.5,11.3,4.4,4,上,2.95,-1.7,断2~3天,2.0,1.0,16.3,-0.7,01-27,下影+0→下影+3,1.69,-9.54,-9.54,2025-02,2025
603716.SSE,塞力医疗,2025-02-18,二接三阴,—,阴,-6.07,巨阴≤-5,-2.8,8.1,17.0,18.0,3,上,14.59,7.59,断2~3天,3.0,2.0,2.8,-6.7,02-10,实体+2→一字+10,9.93,-8.69,-8.69,2025-02,2025
603716.SSE,塞力医疗,2025-03-12,二接三阴,—,阴,-2.63,小阴-3~0,-1.8,0.0,-0.5,9.6,2,上,-3.4,6.77,断4~7天,4.0,1.0,9.7,-2.8,03-03,一字+10→下影+5,8.44,10.01,0.98,2025-03,2025
603716.SSE,塞力医疗,2025-03-13,三接四阴,—,阴,-2.63,小阴-3~0,-1.8,0.0,-0.5,9.6,2,上,-3.4,6.77,断4~7天,4.0,1.0,9.7,-2.8,03-03,一字+10→下影+5→下影+8,-4.06,-8.21,-8.21,2025-03,2025
603716.SSE,塞力医疗,2025-07-03,二接三阳,—,阳,3.52,大阳3~5,4.5,7.9,10.3,14.2,4,上,2.73,3.13,断4~7天,5.0,1.0,18.5,-1.1,06-23,下影+0→下影+2,3.21,10.02,17.59,2025-07,2025
603717.SSE,天域生物,2024-12-10,二接三阳,—,阳,1.17,小阳0~3,2.6,7.5,9.5,9.1,4,上,5.73,0.98,60日内无板,,,,,,实体+1→下影-0,0.0,9.97,15.38,2024-12,2024
603717.SSE,天域生物,2024-12-11,三接四阳,—,阳,1.17,小阳0~3,2.6,7.5,9.5,9.1,4,上,5.73,0.98,60日内无板,,,,,,实体+1→下影-0→下影+0,3.03,10.05,4.93,2024-12,2024
603719.SSE,良品铺子,2024-12-12,二接三阴,—,阴,-1.87,小阴-3~0,-0.6,2.1,4.3,3.9,3,上,4.44,0.1,断16~60天,22.0,1.0,4.3,-17.3,11-07,下影+4→下影+2,0.76,-8.19,-8.19,2024-12,2024
603721.SSE,中广天择,2023-11-01,二接三阳,—,阳,2.03,小阳0~3,3.9,1.7,-1.1,-1.8,2,上,-4.04,-1.44,60日内无板,,,,,,下影-0→实体+2,0.56,-11.06,-11.06,2023-11,2023
603721.SSE,中广天择,2023-12-05,三接四阴,—,阴,-3.88,大阴-5~-3,0.7,6.3,15.8,25.6,4,上,12.25,9.05,断1天,1.0,1.0,5.7,-4.0,11-28,实体-1→实体+9→一字+10,8.08,-9.89,-9.89,2023-12,2023
603721.SSE,中广天择,2023-12-19,二接三阴,—,阴,-9.89,巨阴≤-5,-4.7,-5.4,9.9,22.8,2,下,12.97,13.23,断4~7天,5.0,1.0,-3.7,-14.6,12-07,实体-2→一字+10,5.09,-6.9,-6.9,2023-12,2023
603721.SSE,中广天择,2024-03-06,二接三阳,—,阳,1.31,小阳0~3,-2.2,5.8,6.7,4.5,3,上,13.59,1.22,断8~15天,8.0,2.0,30.9,-6.8,02-20,实体+1→实体+4,0.9,-17.22,-17.22,2024-03,2024
603721.SSE,中广天择,2024-03-22,二接三阳,—,阳,-0.06,小阴-3~0,1.1,6.5,16.0,24.3,4,上,10.23,13.33,断4~7天,4.0,1.0,14.8,-4.3,03-13,实体-2→一字+10,1.78,-10.0,-10.0,2024-03,2024
603721.SSE,中广天择,2026-09-02,二接三阴,—,阴,-0.63,小阴-3~0,-1.4,-2.9,-3.6,1.5,1,下,-1.67,2.45,断8~15天,9.0,1.0,-3.9,-14.5,08-17,实体+0→一字+10,0.0,-10.51,-10.51,2026-09,2026
603722.SSE,阿科力,2026-07-07,二接三阴,—,阴,-1.75,小阴-3~0,-4.1,-5.8,-2.8,-4.7,0,下,2.29,-0.43,60日内无板,,,,,,下影+1→一字+10,10.01,-14.44,-14.44,2026-07,2026
603726.SSE,朗迪集团,2025-07-10,二接三阳,—,阳,2.72,小阳0~3,-0.7,1.9,5.3,6.3,3,上,5.32,2.13,断4~7天,4.0,1.0,5.0,-7.5,07-01,一字+10→下影+9,6.95,-19.09,-19.09,2025-07,2025
603728.SSE,鸣志电器,2023-05-19,二接三阳,—,阳,0.28,小阳0~3,-0.5,1.4,-0.7,-1.6,1,上,1.22,-0.67,60日内无板,,,,,,下影+2→实体+4,9.99,3.95,3.95,2023-05,2023
603737.SSE,三棵树,2024-05-17,二接三阳,—,阳,0.05,小阳0~3,2.2,4.6,11.9,13.3,4,上,7.45,3.82,60日内无板,,,,,,实体+0→下影+0,3.56,2.44,2.44,2024-05,2024
603737.SSE,三棵树,2024-10-08,三接四阴,—,阴,-2.27,小阴-3~0,0.6,4.3,5.3,4.9,4,上,2.35,1.66,断16~60天,16.0,1.0,10.0,-11.1,08-30,下影+0→下影+5→一字+10,10.01,-12.81,-12.81,2024-10,2024
603738.SSE,泰晶科技,2026-05-11,二接三阳,—,阳,1.38,小阳0~3,1.1,4.8,21.8,31.0,4,上,16.07,10.77,断2~3天,2.0,1.0,7.3,-6.3,04-29,实体+8→下影+10,7.79,4.97,4.97,2026-05,2026
603739.SSE,蔚蓝生物,2023-12-27,二接三阴,—,阴,-1.51,小阴-3~0,-1.6,-2.1,-3.3,-3.2,0,下,-1.33,-0.61,60日内无板,,,,,,实体+2→一字+10,8.01,-15.77,-15.77,2023-12,2023
603758.SSE,秦安股份,2024-11-06,二接三阴,B1,阴,-2.33,小阴-3~0,-2.0,-0.1,0.8,4.0,2,下,3.21,2.39,60日内无板,,,,,,下影+1→下影+6,9.99,0.9,0.9,2024-11,2024
603767.SSE,中马传动,2023-06-26,二接三阳,B2,阳,-2.62,小阴-3~0,4.3,8.7,11.1,11.6,4,上,4.37,2.35,断1天,1.0,1.0,7.2,-4.5,06-16,下影-1→下影-4,6.17,10.02,42.1,2023-06,2023
603767.SSE,中马传动,2023-06-27,三接四阳,—,阳,-2.62,小阴-3~0,4.3,8.7,11.1,11.6,4,上,4.37,2.35,断1天,1.0,1.0,7.2,-4.5,06-16,下影-1→下影-4→下影+6,1.1,10.03,29.16,2023-06,2023
603767.SSE,中马传动,2023-08-31,二接三阴,—,阴,-1.64,小阴-3~0,-6.0,-1.1,3.4,2.9,2,下,8.05,4.41,断4~7天,4.0,1.0,-0.6,-11.5,08-22,下影-0→一字+10,4.25,10.02,19.92,2023-08,2023
603767.SSE,中马传动,2023-09-01,三接四阴,A2,阴,-1.64,小阴-3~0,-6.0,-1.1,3.4,2.9,2,下,8.05,4.41,断4~7天,4.0,1.0,-0.6,-11.5,08-22,下影-0→一字+10→下影+4,0.0,10.0,9.01,2023-09,2023
603767.SSE,中马传动,2024-02-01,二接三阴,—,阴,-2.89,小阴-3~0,-1.4,-3.5,-10.4,-12.7,0,下,-6.7,-4.85,断16~60天,23.0,1.0,-13.8,-24.1,12-26,下影+0→下影-3,-2.25,10.0,-0.99,2024-02,2024
603767.SSE,中马传动,2024-02-02,三接四阴,—,阴,-2.89,小阴-3~0,-1.4,-3.5,-10.4,-12.7,0,下,-6.7,-4.85,断16~60天,23.0,1.0,-13.8,-24.1,12-26,下影+0→下影-3→下影-2,9.32,-9.99,-9.99,2024-02,2024
603767.SSE,中马传动,2025-08-05,二接三阴,—,阴,-5.63,巨阴≤-5,0.7,1.4,2.2,6.0,4,上,-0.78,2.43,断1天,1.0,1.0,3.8,-6.7,07-30,下影+0→实体+2,10.0,10.0,23.58,2025-08,2025
603767.SSE,中马传动,2025-08-06,三接四阴,—,阴,-5.63,巨阴≤-5,0.7,1.4,2.2,6.0,4,上,-0.78,2.43,断1天,1.0,1.0,3.8,-6.7,07-30,下影+0→实体+2→下影+10,7.93,10.0,12.34,2025-08,2025
603768.SSE,常青股份,2023-10-25,二接三阴,—,阴,-3.0,大阴-5~-3,-6.8,-1.2,8.5,13.8,2,下,12.71,8.43,断4~7天,4.0,1.0,0.4,-9.9,10-16,下影+0→下影+6,0.09,9.99,9.71,2023-10,2023
603768.SSE,常青股份,2023-10-26,三接四阴,—,阴,-3.0,大阴-5~-3,-6.8,-1.2,8.5,13.8,2,下,12.71,8.43,断4~7天,4.0,1.0,0.4,-9.9,10-16,下影+0→下影+6→下影+0,1.6,-0.26,-0.26,2023-10,2023
603773.SSE,沃格光电,2024-05-21,二接三阳,—,阳,1.86,小阳0~3,-1.8,-3.5,-1.1,-4.6,0,下,0.36,-0.79,断16~60天,18.0,1.0,10.9,-7.5,04-17,一字+10→一字+10,10.01,4.83,4.83,2024-05,2024
603773.SSE,沃格光电,2026-08-06,二接三阴,—,阴,-5.61,巨阴≤-5,-8.2,-15.7,-29.1,-42.6,0,下,-12.87,-16.28,断8~15天,9.0,1.0,-15.6,-23.6,07-21,下影+2→实体+3,3.83,10.0,10.64,2026-08,2026
603773.SSE,沃格光电,2026-08-07,三接四阴,—,阴,-5.61,巨阴≤-5,-8.2,-15.7,-29.1,-42.6,0,下,-12.87,-16.28,断8~15天,9.0,1.0,-15.6,-23.6,07-21,下影+2→实体+3→下影+4,7.67,0.59,0.59,2026-08,2026
603776.SSE,永安行,2024-12-10,三接四阳,—,阳,3.01,大阳3~5,4.0,1.9,3.0,12.6,4,上,-1.16,5.32,断8~15天,15.0,1.0,6.1,-12.2,10-30,一字+10→一字+10→一字+10,9.99,-21.73,-21.73,2024-12,2024
603777.SSE,来伊份,2024-12-24,二接三阴,—,阴,-3.86,大阴-5~-3,-7.7,-7.6,-3.4,-0.7,0,下,2.09,3.54,60日内无板,,,,,,下影+5→下影+9,-0.37,9.99,10.33,2024-12,2024
603777.SSE,来伊份,2024-12-25,三接四阴,—,阴,-3.86,大阴-5~-3,-7.7,-7.6,-3.4,-0.7,0,下,2.09,3.54,60日内无板,,,,,,下影+5→下影+9→下影-0,4.09,0.3,0.3,2024-12,2024
603777.SSE,来伊份,2025-01-13,二接三阳,—,阳,4.36,大阳3~5,-5.1,-7.6,0.2,6.2,2,下,6.75,5.6,断4~7天,4.0,2.0,-10.0,-26.9,01-02,下影-1→实体+6,-4.29,10.01,19.81,2025-01,2025
603777.SSE,来伊份,2025-01-14,三接四阳,—,阳,4.36,大阳3~5,-5.1,-7.6,0.2,6.2,2,下,6.75,5.6,断4~7天,4.0,2.0,-10.0,-26.9,01-02,下影-1→实体+6→下影-4,4.98,9.99,8.9,2025-01,2025
603777.SSE,来伊份,2026-04-10,二接三阴,—,阴,-0.23,小阴-3~0,-1.8,-4.4,-4.0,-2.6,0,下,-0.99,0.8,60日内无板,,,,,,实体+1→一字+10,8.04,-0.41,-0.41,2026-04,2026
603778.SSE,国晟科技,2025-07-11,二接三阳,—,阳,8.07,巨阳≥5,6.2,9.5,14.1,14.9,4,上,6.8,2.08,60日内无板,,,,,,下影-2→下影-1,7.05,10.02,-1.0,2025-07,2025
603778.SSE,国晟科技,2025-07-14,三接四阳,—,阳,8.07,巨阳≥5,6.2,9.5,14.1,14.9,4,上,6.8,2.08,60日内无板,,,,,,下影-2→下影-1→下影+7,-1.8,-10.02,-10.02,2025-07,2025
603778.SSE,国晟科技,2025-11-13,三接四阳,—,阳,6.02,巨阳≥5,5.2,10.1,17.1,27.0,4,上,5.8,9.39,断4~7天,4.0,1.0,16.7,-6.8,11-03,实体+4→一字+10→一字+10,6.69,9.96,2.2,2025-11,2025
603778.SSE,国晟科技,2025-11-26,二接三阳,—,阳,-8.92,巨阴≤-5,-9.1,-3.2,18.7,32.8,2,下,25.35,16.98,断2~3天,2.0,1.0,-9.8,-19.1,11-19,下影+5→下影+5,6.74,7.66,33.91,2025-11,2025
603778.SSE,国晟科技,2025-12-01,二接三阳,—,阳,7.64,巨阳≥5,14.1,15.1,40.1,58.3,4,上,17.67,16.36,断1天,1.0,2.0,18.4,3.6,11-25,下影+6→下影+1,2.33,2.82,2.82,2025-12,2025
603778.SSE,国晟科技,2026-01-12,二接三阳,—,阳,7.84,巨阳≥5,7.5,18.3,27.6,39.5,4,上,14.73,8.33,断2~3天,2.0,1.0,15.4,-10.0,12-29,下影+3→下影+2,7.98,7.55,7.55,2026-01,2026
603779.SSE,威龙股份,2023-06-09,三接四阳,—,阳,1.65,小阳0~3,7.1,8.2,8.8,11.2,4,上,-1.38,2.16,断1天,1.0,1.0,11.8,-1.5,06-02,下影+1→下影-5→一字+10,10.05,9.96,15.31,2023-06,2023
603779.SSE,威龙股份,2023-12-21,二接三阳,—,阳,0.93,小阳0~3,-0.1,-0.3,-0.2,-0.8,0,下,1.03,0.35,断16~60天,28.0,1.0,-5.8,-17.8,11-08,下影+2→下影-1,-3.23,-3.32,-3.32,2023-12,2023
603786.SSE,科博达,2025-09-18,二接三阳,—,阳,3.18,大阳3~5,1.6,4.1,7.8,11.6,4,上,3.4,4.33,断4~7天,6.0,1.0,13.5,-0.9,09-05,下影+1→下影+10,10.0,-3.75,-3.75,2025-09,2025
603787.SSE,新日股份,2025-06-12,二接三阴,—,阴,0.35,小阳0~3,0.4,0.2,0.8,2.9,4,上,-0.03,0.51,60日内无板,,,,,,下影-0→一字+10,1.0,-9.38,-9.38,2025-06,2025
603790.SSE,雅运股份,2023-05-15,二接三阴,—,阴,-3.07,大阴-5~-3,-1.4,-0.3,-2.4,,0,下,-0.45,-0.42,60日内无板,,,,,,一字+10→一字+10,10.01,3.22,3.22,2023-05,2023
603790.SSE,雅运股份,2024-04-03,二接三阳,—,阳,1.88,小阳0~3,1.3,-0.3,2.8,4.7,3,下,1.1,0.89,断16~60天,30.0,1.0,40.9,1.6,02-08,实体+2→一字+10,10.02,-14.94,-14.94,2024-04,2024
603798.SSE,康普顿,2024-01-11,二接三阴,—,阴,-1.8,小阴-3~0,-1.8,1.4,2.1,1.6,3,上,2.83,0.81,60日内无板,,,,,,下影+0→下影+2,5.38,-10.62,-10.62,2024-01,2024
603798.SSE,康普顿,2024-03-04,三接四阳,—,阳,1.71,小阳0~3,4.8,13.2,-1.7,-10.8,2,上,-3.78,-7.15,断4~7天,7.0,1.0,36.2,-1.5,02-08,实体-0→实体+5→一字+10,10.04,-22.51,-22.51,2024-03,2024
603799.SSE,华友钴业,2024-10-08,二接三阳,—,阳,5.13,巨阳≥5,6.8,8.5,8.4,8.9,4,上,0.83,0.93,60日内无板,,,,,,实体+3→下影+9,10.0,-7.52,-7.52,2024-10,2024
603800.SSE,洪田股份,2025-08-12,二接三阴,—,阴,2.74,小阳0~3,11.1,19.9,31.1,35.6,4,上,14.46,6.82,断1天,1.0,1.0,13.0,2.5,08-06,下影+5→实体+1,6.49,7.03,11.6,2025-08,2025
603801.SSE,志邦家居,2026-08-21,二接三阳,—,阳,1.19,小阳0~3,0.3,0.8,3.8,5.1,4,上,0.7,1.6,断8~15天,14.0,1.0,10.8,-4.2,07-29,实体+3→下影+4,5.81,-12.58,-12.58,2026-08,2026
603803.SSE,瑞斯康达,2024-11-27,二接三阴,—,阴,-2.91,小阴-3~0,-1.2,-4.1,-3.0,1.4,1,下,-1.9,2.37,断8~15天,12.0,1.0,2.2,-10.1,11-06,下影+2→一字+10,10.03,-0.61,-0.61,2024-11,2024
603803.SSE,瑞斯康达,2024-11-28,三接四阴,—,阴,-2.91,小阴-3~0,-1.2,-4.1,-3.0,1.4,1,下,-1.9,2.37,断8~15天,12.0,1.0,2.2,-10.1,11-06,下影+2→一字+10→下影+10,10.04,-0.65,-10.61,2024-11,2024
603803.SSE,瑞斯康达,2024-12-18,二接三阳,—,阳,0.11,小阳0~3,1.2,-0.1,2.1,5.4,3,下,-3.97,2.41,断8~15天,10.0,1.0,-9.4,-20.7,11-29,下影+7→下影+10,6.02,10.0,14.36,2024-12,2024
603803.SSE,瑞斯康达,2024-12-19,三接四阳,—,阳,0.11,小阳0~3,1.2,-0.1,2.1,5.4,3,下,-3.97,2.41,断8~15天,10.0,1.0,-9.4,-20.7,11-29,下影+7→下影+10→下影+6,10.0,10.02,3.96,2024-12,2024
603803.SSE,瑞斯康达,2025-02-11,二接三阳,—,阳,1.26,小阳0~3,-1.5,2.5,7.3,-1.7,2,上,6.83,-2.07,断4~7天,5.0,1.0,7.7,-10.0,01-22,下影+1→下影+10,2.06,-3.03,-3.03,2025-02,2025
603803.SSE,瑞斯康达,2026-03-12,二接三阴,—,阴,-2.06,小阴-3~0,-0.2,-1.7,-1.9,-1.6,0,下,-1.72,0.2,断16~60天,49.0,1.0,-6.5,-19.2,12-18,一字+10→下影+10,-3.22,3.31,-2.55,2026-03,2026
603808.SSE,歌力思,2025-01-16,二接三阴,—,阴,-5.7,巨阴≤-5,-9.5,-9.2,-10.4,-12.6,0,下,0.9,-2.53,断16~60天,39.0,1.0,-11.9,-22.8,11-18,一字+10→一字+10,5.49,-7.72,-7.72,2025-01,2025
603809.SSE,豪能股份,2024-11-05,二接三阳,—,阳,7.68,巨阳≥5,12.2,19.0,24.0,32.6,4,上,8.41,7.76,60日内无板,,,,,,实体+3→下影+10,9.98,-11.28,-11.28,2024-11,2024
603810.SSE,丰山集团,2024-01-24,二接三阴,—,阴,-6.3,巨阴≤-5,-3.1,-1.9,-0.5,-0.0,1,下,1.16,1.11,60日内无板,,,,,,下影-1→一字+10,8.96,2.53,-7.75,2024-01,2024
603810.SSE,丰山集团,2024-03-28,二接三阴,—,阴,-2.17,小阴-3~0,-2.4,-2.3,1.9,5.1,2,下,4.83,2.25,断8~15天,10.0,1.0,9.3,-1.2,03-11,下影+6→下影+10,-0.61,-5.49,-5.49,2024-03,2024
603811.SSE,诚意药业,2025-08-06,二接三阴,—,阴,-3.7,大阴-5~-3,0.3,1.7,6.1,12.2,4,上,0.83,4.44,断8~15天,13.0,2.0,10.9,-4.7,07-15,实体+4→下影+8,4.53,-7.25,-7.25,2025-08,2025
603813.SSE,原尚股份,2024-04-15,二接三阴,—,阴,-6.63,巨阴≤-5,-2.9,-3.3,1.1,5.4,2,下,2.24,5.15,断1天,1.0,1.0,2.7,-8.6,04-09,下影+0→一字+10,8.42,-26.38,-26.38,2024-04,2024
603819.SSE,神力股份,2024-11-15,二接三阴,—,阴,-1.32,小阴-3~0,1.0,2.7,6.5,8.3,4,上,3.93,1.37,断16~60天,24.0,1.0,12.0,-12.2,09-30,实体+0→下影+8,10.0,-12.25,-12.25,2024-11,2024
603823.SSE,百合花,2025-11-04,二接三阴,—,阴,-2.28,小阴-3~0,-2.8,-3.7,-5.7,-1.8,0,下,-4.56,2.63,断16~60天,20.0,1.0,11.5,0.1,09-24,实体-1→下影+10,9.98,-10.01,-10.01,2025-11,2025
603829.SSE,洛凯股份,2023-06-12,二接三阳,—,阳,-2.29,小阴-3~0,-1.1,1.7,3.8,8.4,3,上,3.07,3.15,断2~3天,3.0,1.0,4.2,-8.7,06-02,实体+1→实体+2,4.34,9.98,-1.01,2023-06,2023
603829.SSE,洛凯股份,2023-06-13,三接四阳,—,阳,-2.29,小阴-3~0,-1.1,1.7,3.8,8.4,3,上,3.07,3.15,断2~3天,3.0,1.0,4.2,-8.7,06-02,实体+1→实体+2→下影+4,1.39,-10.0,-10.0,2023-06,2023
603829.SSE,洛凯股份,2025-06-10,二接三阳,—,阳,0.95,小阳0~3,0.6,0.7,1.6,4.2,4,上,0.68,1.29,60日内无板,,,,,,实体+2→下影+7,1.19,-13.42,-13.42,2025-06,2025
603829.SSE,洛凯股份,2025-11-19,二接三阳,—,阳,1.58,小阳0~3,3.6,-2.6,-2.0,-3.3,1,下,-3.42,-0.98,断16~60天,37.0,2.0,-11.9,-26.4,09-16,下影+0→下影+8,10.01,-11.32,-11.32,2025-11,2025
603839.SSE,安正时尚,2025-08-01,三接四阴,—,阴,-1.12,小阴-3~0,-0.1,-0.1,-0.5,-0.1,0,下,-0.34,0.01,断16~60天,42.0,1.0,-4.5,-17.4,05-28,下影+1→下影+1→一字+10,6.04,-19.56,-19.56,2025-08,2025
603859.SSE,能科科技,2024-12-09,二接三阴,—,阴,-1.44,小阴-3~0,2.2,3.0,-0.8,9.3,3,上,-4.42,4.22,断8~15天,12.0,1.0,1.3,-21.8,11-18,下影-1→下影+3,4.02,-9.99,-9.99,2024-12,2024
603860.SSE,中公高科,2023-12-06,三接四阳,—,阳,0.06,小阳0~3,3.6,5.4,10.3,14.3,4,上,5.0,3.83,60日内无板,,,,,,下影-1→一字+10→一字+10,-1.75,-23.45,-23.45,2023-12,2023
603860.SSE,中公高科,2024-04-17,二接三阴,—,阴,-0.73,小阴-3~0,-1.5,-3.8,-6.4,-7.5,0,下,-2.38,-1.44,断16~60天,34.0,1.0,0.0,-10.8,02-22,下影-1→下影+5,6.45,9.99,1.62,2024-04,2024
603860.SSE,中公高科,2024-04-18,三接四阴,—,阴,-0.73,小阴-3~0,-1.5,-3.8,-6.4,-7.5,0,下,-2.38,-1.44,断16~60天,34.0,1.0,0.0,-10.8,02-22,下影-1→下影+5→下影+6,-4.3,-7.62,-7.62,2024-04,2024
603861.SSE,白云电器,2023-10-24,二接三阴,—,阴,-4.97,大阴-5~-3,-6.8,-1.8,2.7,3.3,2,下,7.35,3.12,断2~3天,3.0,2.0,-6.0,-15.1,10-16,下影+1→下影+3,5.76,-12.93,-12.93,2023-10,2023
603863.SSE,松炀资源,2024-06-17,二接三阴,—,阴,-9.98,巨阴≤-5,-19.9,-37.4,-52.1,-55.3,0,下,-27.37,-14.38,60日内无板,,,,,,下影-5→实体-0,5.21,-13.06,-13.06,2024-06,2024
603877.SSE,太平鸟,2024-01-11,二接三阴,—,阴,-9.07,巨阴≤-5,-8.8,-9.7,-6.9,-6.5,0,下,2.71,1.22,60日内无板,,,,,,一字+10→下影+3,4.46,-2.21,-2.21,2024-01,2024
603877.SSE,太平鸟,2024-01-12,三接四阴,—,阴,-9.07,巨阴≤-5,-8.8,-9.7,-6.9,-6.5,0,下,2.71,1.22,60日内无板,,,,,,一字+10→下影+3→下影+4,2.67,-14.14,-14.14,2024-01,2024
603879.SSE,永悦科技,2024-03-14,二接三阳,—,阳,5.4,巨阳≥5,8.8,8.0,16.3,6.5,4,上,4.05,-3.39,断8~15天,9.0,1.0,8.9,-15.8,02-27,下影+0→下影+0,9.98,10.0,45.08,2024-03,2024
603879.SSE,永悦科技,2024-03-15,三接四阳,—,阳,5.4,巨阳≥5,8.8,8.0,16.3,6.5,4,上,4.05,-3.39,断8~15天,9.0,1.0,8.9,-15.8,02-27,下影+0→下影+0→下影+10,10.0,10.07,31.89,2024-03,2024
603879.SSE,永悦科技,2025-06-04,二接三阳,—,阳,2.29,小阳0~3,1.9,1.2,-1.9,-2.0,2,上,-2.43,-1.77,60日内无板,,,,,,下影+1→一字+10,9.93,-9.95,-9.95,2025-06,2025
603881.SSE,数据港,2025-02-14,二接三阳,—,阳,3.72,大阳3~5,8.9,17.9,27.3,29.1,4,上,11.96,4.43,断1天,1.0,1.0,14.1,-4.4,02-10,一字+10→下影+10,8.87,10.0,-1.0,2025-02,2025
603887.SSE,城地香江,2024-10-28,二接三阳,—,阳,0.38,小阳0~3,11.8,36.0,67.6,82.8,4,上,41.36,22.71,断1天,1.0,6.0,10.4,-8.3,10-22,下影+8→一字+10,10.01,5.04,5.04,2024-10,2024
603887.SSE,城地香江,2024-10-29,三接四阳,—,阳,0.38,小阳0~3,11.8,36.0,67.6,82.8,4,上,41.36,22.71,断1天,1.0,6.0,10.4,-8.3,10-22,下影+8→一字+10→下影+10,4.75,5.05,5.1,2024-10,2024
603888.SSE,新华网,2026-01-14,二接三阳,—,阳,7.91,巨阳≥5,6.9,11.2,14.0,13.5,4,上,4.77,1.78,60日内无板,,,,,,实体+10→下影+10,-3.12,-1.45,-1.45,2026-01,2026
603893.SSE,瑞芯微,2025-01-09,二接三阳,—,阳,-1.43,小阴-3~0,-6.8,-9.0,-2.1,3.8,1,下,4.66,5.56,断4~7天,6.0,1.0,-6.4,-16.3,12-26,实体+1→实体+2,4.27,-2.71,-2.71,2025-01,2025
603895.SSE,天永智能,2023-09-27,二接三阳,—,阳,4.28,大阳3~5,2.9,2.5,2.1,2.4,4,上,-0.88,0.56,60日内无板,,,,,,实体+7→一字+10,10.01,-18.14,-18.14,2023-09,2023
603895.SSE,天永智能,2024-02-28,二接三阳,—,阳,2.88,小阳0~3,7.1,12.8,-10.9,-19.6,2,上,-16.18,-11.14,断4~7天,4.0,1.0,27.5,-2.7,02-19,下影+3→实体+0,4.45,9.99,3.51,2024-02,2024
603895.SSE,天永智能,2024-02-29,三接四阳,—,阳,2.88,小阳0~3,7.1,12.8,-10.9,-19.6,2,上,-16.18,-11.14,断4~7天,4.0,1.0,27.5,-2.7,02-19,下影+3→实体+0→下影+4,-9.99,-5.89,-5.89,2024-02,2024
603900.SSE,莱绅通灵,2024-04-03,三接四阳,—,阳,4.04,大阳3~5,0.9,-1.3,1.4,3.5,3,下,0.6,0.38,60日内无板,,,,,,实体+0→一字+10→一字+10,10.06,10.03,44.99,2024-04,2024
603900.SSE,莱绅通灵,2025-05-22,二接三阳,—,阳,1.38,小阳0~3,3.3,6.5,15.7,20.7,4,上,12.35,6.44,断8~15天,9.0,2.0,20.5,-5.1,05-06,实体-2→下影+8,3.99,6.41,6.41,2025-05,2025
603912.SSE,佳力图,2024-12-19,二接三阳,—,阳,1.3,小阳0~3,0.3,-0.2,1.5,3.5,3,下,0.42,1.84,60日内无板,,,,,,下影+0→下影+2,-5.92,1.06,1.06,2024-12,2024
603912.SSE,佳力图,2024-12-20,三接四阳,—,阳,1.3,小阳0~3,0.3,-0.2,1.5,3.5,3,下,0.42,1.84,60日内无板,,,,,,下影+0→下影+2→下影-6,9.99,-15.63,-15.63,2024-12,2024
603915.SSE,国茂股份,2024-11-21,二接三阴,—,阴,0.29,小阳0~3,-3.3,-3.4,1.3,2.7,2,下,4.87,3.43,断16~60天,30.0,1.0,8.2,-13.4,09-30,实体+1→下影+6,3.61,-13.13,-13.13,2024-11,2024
603916.SSE,苏博特,2025-07-24,三接四阴,—,阴,0.0,小阳0~3,-0.0,1.2,3.6,4.1,4,上,2.31,1.75,60日内无板,,,,,,一字+10→一字+10→一字+10,9.98,-10.01,-10.01,2025-07,2025
603917.SSE,合力科技,2024-02-23,二接三阴,B1,阴,1.21,小阳0~3,7.3,-1.2,-14.2,-20.8,1,下,-14.42,-9.81,断2~3天,2.0,1.0,19.3,3.7,02-08,实体-1→下影+9,9.99,-8.56,-8.56,2024-02,2024
603918.SSE,金桥信息,2023-05-19,二接三阴,—,阴,-6.74,巨阴≤-5,-8.5,-3.5,-0.4,-2.6,0,下,10.36,-1.81,断4~7天,6.0,2.0,1.7,-10.8,05-08,下影+1→下影+2,1.96,-1.46,-1.46,2023-05,2023
603918.SSE,金桥信息,2023-05-29,二接三阴,—,阴,-5.87,巨阴≤-5,-3.0,5.2,16.4,15.6,3,上,11.94,6.42,断2~3天,3.0,3.0,3.0,-6.7,05-19,下影-1→下影+4,4.71,2.71,1.79,2023-05,2023
603918.SSE,金桥信息,2023-06-08,二接三阳,—,阳,-2.29,小阴-3~0,0.2,10.1,26.7,40.9,4,上,19.92,16.63,断4~7天,4.0,1.0,10.4,-6.8,05-30,下影-3→下影+0,-1.41,-6.96,-6.96,2023-06,2023
603918.SSE,金桥信息,2024-11-13,三接四阳,—,阳,5.11,巨阳≥5,7.1,6.0,6.6,7.7,4,上,-0.93,-1.4,断16~60天,22.0,2.0,0.7,-21.5,10-08,实体+4→下影+6→一字+10,7.55,-7.35,-7.35,2024-11,2024
603918.SSE,金桥信息,2025-02-17,二接三阳,—,阳,1.05,小阳0~3,7.7,19.6,31.2,32.8,4,上,15.74,8.78,断4~7天,5.0,1.0,34.6,-3.7,02-05,下影+2→下影-1,3.97,-1.96,1.48,2025-02,2025
603926.SSE,铁流股份,2026-01-21,二接三阴,—,阴,0.99,小阳0~3,-0.2,2.4,7.9,10.9,3,上,5.88,3.89,60日内无板,,,,,,下影+1→实体+1,5.49,6.43,6.43,2026-01,2026
603928.SSE,兴业股份,2025-01-22,三接四阴,—,阴,0.0,小阳0~3,0.9,1.9,-1.9,-6.8,2,上,-1.85,-4.07,断16~60天,47.0,1.0,-9.6,-25.3,11-11,下影-0→一字+10→一字+10,9.99,10.0,8.92,2025-01,2025
603928.SSE,兴业股份,2025-06-23,二接三阴,—,阴,-1.3,小阴-3~0,-2.1,1.7,5.5,5.7,3,上,6.5,2.19,断2~3天,3.0,1.0,5.4,-6.7,06-13,下影-1→下影+4,8.01,9.99,12.91,2025-06,2025
603928.SSE,兴业股份,2026-06-30,二接三阴,—,阴,-7.95,巨阴≤-5,-5.4,-17.7,-22.5,-26.0,0,下,-10.32,-7.08,60日内无板,,,,,,下影-1→下影+4,7.43,-2.7,-2.7,2026-06,2026
603928.SSE,兴业股份,2026-07-01,三接四阴,—,阴,-7.95,巨阴≤-5,-5.4,-17.7,-22.5,-26.0,0,下,-10.32,-7.08,60日内无板,,,,,,下影-1→下影+4→下影+7,9.8,-2.7,-9.71,2026-07,2026
603928.SSE,兴业股份,2026-07-10,二接三阳,—,阳,-6.18,巨阴≤-5,-1.7,6.7,5.6,2.6,3,上,7.17,0.47,断2~3天,3.0,1.0,3.3,-9.9,07-02,下影+0→下影+4,-3.56,-14.55,-14.55,2026-07,2026
603929.SSE,亚翔集成,2023-11-01,三接四阳,—,阳,1.55,小阳0~3,4.0,3.6,4.2,5.8,4,上,-2.41,1.69,断8~15天,11.0,1.0,2.0,-15.1,10-11,一字+10→一字+10→一字+10,5.87,-9.09,-9.09,2023-11,2023
603929.SSE,亚翔集成,2026-03-17,二接三阴,—,阴,-2.49,小阴-3~0,-3.3,-5.4,-8.1,-9.9,0,下,-4.0,-3.13,断16~60天,17.0,1.0,-5.7,-15.3,02-09,实体+8→下影+9,4.45,6.74,6.74,2026-03,2026
603929.SSE,亚翔集成,2026-06-10,二接三阳,—,阳,9.03,巨阳≥5,10.0,6.9,-2.1,-5.8,2,上,-7.81,-5.86,断16~60天,38.0,1.0,-6.0,-27.6,04-09,实体-2→实体+7,-0.39,1.97,1.97,2026-06,2026
603933.SSE,睿能科技,2023-05-23,二接三阳,—,阳,2.01,小阳0~3,2.8,3.8,4.8,1.0,4,上,3.09,-2.16,60日内无板,,,,,,实体+0→一字+10,6.58,9.99,41.95,2023-05,2023
603933.SSE,睿能科技,2023-07-13,二接三阳,—,阳,1.9,小阳0~3,-0.3,-1.0,-4.3,-8.2,0,下,-2.74,-1.92,断16~60天,26.0,1.0,-20.5,-30.7,05-31,下影+0→下影+2,-2.58,-9.99,-9.99,2023-07,2023
603933.SSE,睿能科技,2024-02-20,二接三阴,—,阴,-9.3,巨阴≤-5,-17.6,-29.2,-36.8,-41.2,0,下,-14.07,-9.8,60日内无板,,,,,,下影+3→实体+2,0.85,10.02,44.99,2024-02,2024
603933.SSE,睿能科技,2024-02-21,三接四阴,—,阴,-9.3,巨阴≤-5,-17.6,-29.2,-36.8,-41.2,0,下,-14.07,-9.8,60日内无板,,,,,,下影+3→实体+2→下影+1,8.67,9.98,31.79,2024-02,2024
603933.SSE,睿能科技,2025-10-20,二接三阴,—,阴,-1.2,小阴-3~0,-3.2,-3.2,-1.8,-0.5,0,下,0.57,2.1,60日内无板,,,,,,下影-0→下影+8,10.01,-3.09,-3.09,2025-10,2025
603933.SSE,睿能科技,2025-12-01,二接三阳,—,阳,0.79,小阳0~3,1.0,-2.1,-8.4,-9.7,1,下,-6.31,-4.13,断16~60天,25.0,1.0,-10.7,-22.1,10-22,实体-0→下影-1,7.91,9.99,3.08,2025-12,2025
603933.SSE,睿能科技,2025-12-02,三接四阳,—,阳,0.79,小阳0~3,1.0,-2.1,-8.4,-9.7,1,下,-6.31,-4.13,断16~60天,25.0,1.0,-10.7,-22.1,10-22,实体-0→下影-1→下影+8,3.99,-6.28,-6.28,2025-12,2025
603937.SSE,丽岛新材,2026-05-06,二接三阳,—,阳,1.04,小阳0~3,-1.7,-4.2,-8.7,-6.6,0,下,-5.58,-1.44,断2~3天,2.0,1.0,0.1,-11.3,04-24,实体+5→下影+2,3.41,2.26,2.26,2026-05,2026
603937.SSE,丽岛新材,2026-05-07,三接四阳,—,阳,1.04,小阳0~3,-1.7,-4.2,-8.7,-6.6,0,下,-5.58,-1.44,断2~3天,2.0,1.0,0.1,-11.3,04-24,实体+5→下影+2→实体+3,2.56,2.28,-3.14,2026-05,2026
603938.SSE,三孚股份,2025-10-17,二接三阴,—,阴,-0.82,小阴-3~0,0.1,2.7,3.2,2.5,4,上,2.62,0.44,60日内无板,,,,,,下影+1→一字+10,10.01,10.03,-0.98,2025-10,2025
603938.SSE,三孚股份,2026-01-12,二接三阳,—,阳,5.35,巨阳≥5,5.7,5.5,11.9,13.5,4,上,6.68,2.7,断8~15天,9.0,1.0,18.6,-2.6,12-23,一字+10→下影+10,-5.06,-14.06,-14.06,2026-01,2026
603938.SSE,三孚股份,2026-05-20,二接三阴,—,阴,-5.41,巨阴≤-5,1.3,14.4,25.9,33.6,4,上,16.13,10.53,断2~3天,2.0,1.0,5.2,-5.4,05-13,实体+2→下影+2,4.28,-5.92,-5.92,2026-05,2026
603938.SSE,三孚股份,2026-06-24,二接三阴,—,阴,-2.92,小阴-3~0,-2.0,-2.7,7.1,12.4,2,下,9.72,3.77,断4~7天,6.0,1.0,-1.3,-15.5,06-10,实体+3→下影+8,1.66,-2.72,-2.72,2026-06,2026
603948.SSE,建业股份,2025-06-24,二接三阴,—,阴,-1.76,小阴-3~0,-2.3,-3.5,-4.6,-5.3,0,下,-0.49,-1.32,60日内无板,,,,,,下影+1→一字+10,10.01,2.28,2.28,2025-06,2025
603949.SSE,雪龙集团,2025-02-27,二接三阴,—,阴,-2.62,小阴-3~0,-1.5,1.9,3.9,6.4,3,上,3.15,2.45,断16~60天,52.0,1.0,-2.3,-28.0,12-03,一字+10→下影+9,9.98,-8.03,-8.03,2025-02,2025
603949.SSE,雪龙集团,2025-02-28,三接四阴,—,阴,-2.62,小阴-3~0,-1.5,1.9,3.9,6.4,3,上,3.15,2.45,断16~60天,52.0,1.0,-2.3,-28.0,12-03,一字+10→下影+9→下影+10,10.0,-24.7,-24.7,2025-02,2025
603949.SSE,雪龙集团,2025-03-21,三接四阳,—,阳,1.18,小阳0~3,1.2,2.3,1.8,6.6,4,上,-3.85,3.71,断8~15天,12.0,3.0,-7.5,-22.2,02-27,下影+0→一字+10→一字+10,10.02,10.0,13.7,2025-03,2025
603950.SSE,长源东谷,2026-03-02,二接三阴,—,阴,-5.16,巨阴≤-5,-3.9,3.6,9.6,12.3,3,上,11.86,5.44,断2~3天,3.0,1.0,2.0,-9.3,02-12,下影+1→实体+4,6.72,2.25,2.25,2026-03,2026
603950.SSE,长源东谷,2026-03-03,三接四阴,—,阴,-5.16,巨阴≤-5,-3.9,3.6,9.6,12.3,3,上,11.86,5.44,断2~3天,3.0,1.0,2.0,-9.3,02-12,下影+1→实体+4→下影+7,2.53,-7.54,-7.54,2026-03,2026
603950.SSE,长源东谷,2026-04-13,三接四阴,—,阴,-7.25,巨阴≤-5,-9.6,-15.7,-18.5,-11.1,0,下,-11.14,2.4,断8~15天,15.0,3.0,-16.7,-25.3,03-02,一字+10→一字+10→一字+10,5.33,0.17,0.17,2026-04,2026
603950.SSE,长源东谷,2026-07-01,二接三阴,—,阴,-6.61,巨阴≤-5,-4.7,2.3,4.5,2.9,3,上,9.02,1.12,断4~7天,4.0,1.0,6.0,-5.4,06-22,下影+7→下影+4,4.8,-12.61,-12.61,2026-07,2026
603955.SSE,大千生态,2024-01-18,二接三阴,—,阴,-0.99,小阴-3~0,-0.4,0.4,1.6,0.6,3,上,2.01,0.07,60日内无板,,,,,,下影+0→一字+10,3.65,-10.01,-10.01,2024-01,2024
603956.SSE,威派格,2025-02-13,二接三阳,—,阳,0.35,小阳0~3,1.9,3.8,7.0,6.4,4,上,2.94,1.7,断16~60天,34.0,1.0,-5.1,-27.9,12-13,下影+4→下影+4,10.0,10.0,19.87,2025-02,2025
603956.SSE,威派格,2026-06-29,二接三阴,—,阴,-2.82,小阴-3~0,-1.5,1.1,-4.9,-10.7,1,上,-1.93,-6.08,断2~3天,3.0,1.0,6.4,-5.0,06-18,下影+0→一字+10,5.15,-1.72,-1.72,2026-06,2026
603958.SSE,哈森股份,2024-02-05,二接三阴,—,阴,-9.99,巨阴≤-5,-19.9,-24.8,-9.8,-2.8,0,下,14.61,9.28,断4~7天,5.0,7.0,-35.0,-40.9,01-24,实体+4→一字+10,2.77,-9.99,-9.99,2024-02,2024
603958.SSE,哈森股份,2024-02-06,三接四阴,—,阴,-9.99,巨阴≤-5,-19.9,-24.8,-9.8,-2.8,0,下,14.61,9.28,断4~7天,5.0,7.0,-35.0,-40.9,01-24,实体+4→一字+10→下影+3,-2.08,-9.99,6.6,2024-02,2024
603958.SSE,哈森股份,2024-02-19,二接三阴,—,阴,-9.99,巨阴≤-5,2.6,-6.1,2.0,11.6,3,下,-4.3,6.74,断1天,1.0,3.0,-1.0,-10.0,02-05,实体-7→实体-10,5.01,-2.16,-2.16,2024-02,2024
603958.SSE,哈森股份,2024-07-24,二接三阴,—,阴,-2.4,小阴-3~0,-3.0,-3.9,-5.3,-7.4,0,下,-1.07,-1.82,断2~3天,3.0,1.0,0.0,-10.2,07-09,下影+1→下影+6,0.0,-10.01,-10.01,2024-07,2024
603958.SSE,哈森股份,2024-10-28,二接三阴,—,阴,-3.62,大阴-5~-3,-2.6,1.6,4.2,11.5,3,上,2.1,7.4,断4~7天,7.0,1.0,12.6,-4.7,10-14,下影-1→下影+5,4.95,10.01,3.49,2024-10,2024
603958.SSE,哈森股份,2024-10-29,三接四阴,—,阴,-3.62,大阴-5~-3,-2.6,1.6,4.2,11.5,3,上,2.1,7.4,断4~7天,7.0,1.0,12.6,-4.7,10-14,下影-1→下影+5→下影+5,2.02,-5.93,-5.93,2024-10,2024
603958.SSE,哈森股份,2024-12-30,三接四阳,—,阳,8.87,巨阳≥5,6.7,7.6,5.9,1.9,4,上,0.27,-2.86,断16~60天,20.0,1.0,-5.5,-25.5,11-12,下影-1→一字+10→一字+10,0.0,-10.02,-10.02,2024-12,2024
603958.SSE,哈森股份,2025-03-13,二接三阳,—,阳,0.71,小阳0~3,2.1,6.8,12.8,18.1,4,上,8.74,5.94,断2~3天,3.0,1.0,11.3,-2.9,03-05,下影-1→下影+6,0.0,-21.21,-21.21,2025-03,2025
603958.SSE,哈森股份,2026-01-30,二接三阴,—,阴,-4.96,大阴-5~-3,1.7,4.7,6.6,8.0,4,上,3.07,2.52,断1天,1.0,1.0,4.6,-6.4,01-26,实体+0→下影-1,-2.19,-1.05,-1.05,2026-01,2026
603958.SSE,哈森股份,2026-08-19,二接三阳,—,阳,3.81,大阳3~5,2.4,4.4,9.7,6.0,4,上,5.63,0.06,60日内无板,,,,,,下影+0→一字+10,7.69,-8.03,9.6,2026-08,2026
603958.SSE,哈森股份,2026-08-24,二接三阴,—,阴,-8.02,巨阴≤-5,3.3,8.7,16.6,16.8,4,上,9.72,5.15,断1天,1.0,2.0,1.2,-10.0,08-18,下影+0→下影+7,4.67,-1.55,-1.55,2026-08,2026
603966.SSE,法兰泰克,2025-07-23,二接三阴,—,阴,-1.53,小阴-3~0,1.5,3.8,4.1,4.7,4,上,1.09,1.77,60日内无板,,,,,,一字+10→一字+10,10.01,-1.24,-1.24,2025-07,2025
603967.SSE,中创物流,2023-12-20,二接三阴,—,阴,-0.6,小阴-3~0,0.6,0.6,0.5,0.7,4,上,-0.47,0.05,60日内无板,,,,,,下影+1→一字+10,-2.76,-14.51,-14.51,2023-12,2023
603978.SSE,深圳新星,2024-10-23,二接三阳,—,阳,3.7,大阳3~5,0.8,-1.2,10.8,17.1,3,下,10.11,6.09,断4~7天,6.0,2.0,-5.2,-22.4,10-10,实体+2→下影-1,0.36,-6.08,-6.08,2024-10,2024
603978.SSE,深圳新星,2025-11-10,二接三阳,—,阳,2.68,小阳0~3,5.8,13.6,21.0,23.6,4,上,12.96,4.77,断16~60天,27.0,1.0,42.0,-6.5,09-19,实体+7→下影+9,10.0,-4.78,-4.78,2025-11,2025
603980.SSE,吉华集团,2024-12-26,二接三阴,—,阴,-7.08,巨阴≤-5,-4.8,-8.1,-7.8,-6.1,0,下,-2.74,0.41,60日内无板,,,,,,实体+2→下影+4,2.36,-8.23,-8.23,2024-12,2024
603980.SSE,吉华集团,2026-02-11,二接三阳,—,阳,1.71,小阳0~3,9.3,12.4,19.1,22.0,4,上,6.88,4.19,断1天,1.0,1.0,12.0,-3.4,01-29,一字+10→一字+10,5.3,-0.92,-0.92,2026-02,2026
603985.SSE,恒润股份,2023-10-25,二接三阳,—,阳,0.34,小阳0~3,3.2,10.9,16.9,17.7,4,上,8.19,5.73,断4~7天,4.0,1.0,17.2,-9.5,10-16,下影+3→一字+10,10.0,10.0,7.35,2023-10,2023
603985.SSE,恒润股份,2023-10-26,三接四阳,—,阳,0.34,小阳0~3,3.2,10.9,16.9,17.7,4,上,8.19,5.73,断4~7天,4.0,1.0,17.2,-9.5,10-16,下影+3→一字+10→下影+10,8.98,-2.41,-2.41,2023-10,2023
603985.SSE,恒润股份,2024-10-29,二接三阴,—,阴,-3.9,大阴-5~-3,0.3,2.7,4.2,9.6,4,上,-2.36,5.2,断8~15天,13.0,1.0,4.1,-12.8,09-30,实体-0→下影+10,4.3,-3.25,-3.25,2024-10,2024
603985.SSE,恒润股份,2025-04-02,二接三阴,—,阴,-3.25,大阴-5~-3,-4.4,-10.3,-10.1,-6.8,0,下,-3.6,1.14,断16~60天,17.0,1.0,-2.2,-11.1,03-05,下影+0→一字+10,3.29,-2.58,-2.58,2025-04,2025
603988.SSE,中电电机,2024-07-30,三接四阳,—,阳,2.33,小阳0~3,2.0,-0.4,-2.2,-3.4,1,下,-2.97,-1.8,60日内无板,,,,,,下影+0→一字+10→一字+10,10.04,10.04,8.94,2024-07,2024
603988.SSE,中电电机,2024-09-25,二接三阳,—,阳,4.66,大阳3~5,5.2,5.5,6.3,7.1,4,上,-0.64,0.25,断8~15天,12.0,1.0,6.2,-16.7,09-02,下影+0→下影+5,10.03,-1.18,-1.18,2024-09,2024
603988.SSE,中电电机,2025-09-19,二接三阴,—,阴,0.27,小阳0~3,-1.1,2.6,6.6,8.2,3,上,6.24,3.21,断4~7天,7.0,1.0,15.1,0.6,09-05,下影-0→下影+5,10.01,-16.63,-16.63,2025-09,2025
603989.SSE,艾华集团,2026-06-18,二接三阳,—,阳,8.41,巨阳≥5,0.7,-2.4,-0.6,11.9,2,下,-5.42,8.72,断4~7天,7.0,1.0,0.1,-16.8,06-04,实体-1→实体+0,6.18,10.0,7.04,2026-06,2026
603989.SSE,艾华集团,2026-06-22,三接四阳,—,阳,8.41,巨阳≥5,0.7,-2.4,-0.6,11.9,2,下,-5.42,8.72,断4~7天,7.0,1.0,0.1,-16.8,06-04,实体-1→实体+0→下影+6,8.14,-2.69,-2.69,2026-06,2026
603990.SSE,麦迪科技,2024-02-26,二接三阳,—,阳,3.46,大阳3~5,5.2,-1.7,-6.5,-11.8,1,下,-6.64,-6.64,断8~15天,8.0,1.0,-6.8,-28.1,02-01,下影+7→下影+10,10.03,-12.33,-12.33,2024-02,2024
603990.SSE,麦迪科技,2024-12-06,二接三阳,—,阳,2.52,小阳0~3,4.1,5.7,8.3,7.3,4,上,5.89,0.36,断8~15天,9.0,1.0,20.3,-4.2,11-20,下影+2→下影+10,10.0,-18.88,-18.88,2024-12,2024
603990.SSE,麦迪科技,2025-01-10,二接三阳,—,阳,3.17,大阳3~5,-1.1,-5.4,-15.2,-16.9,0,下,-8.82,-6.76,断16~60天,22.0,2.0,-25.0,-34.6,12-05,一字+10→一字+10,10.0,-6.32,-6.32,2025-01,2025
603990.SSE,麦迪科技,2025-01-13,三接四阳,—,阳,3.17,大阳3~5,-1.1,-5.4,-15.2,-16.9,0,下,-8.82,-6.76,断16~60天,22.0,2.0,-25.0,-34.6,12-05,一字+10→一字+10→下影+10,0.15,-11.2,-11.2,2025-01,2025
603992.SSE,松霖科技,2024-02-20,二接三阴,—,阴,-3.31,大阴-5~-3,-9.5,-18.5,-24.6,-26.8,0,下,-10.58,-5.85,断16~60天,26.0,1.0,-29.1,-38.3,01-02,下影+1→实体+1,2.57,-0.06,-0.06,2024-02,2024
605001.SSE,威奥股份,2024-04-22,三接四阴,—,阴,-10.06,巨阴≤-5,-12.5,-17.6,-18.5,-16.9,0,下,-4.68,-0.77,断8~15天,10.0,1.0,-18.1,-25.6,03-29,实体+0→下影+7→一字+10,10.02,-7.64,-7.64,2024-04,2024
605005.SSE,合兴股份,2023-07-06,二接三阴,—,阴,0.0,小阳0~3,0.1,0.5,1.8,2.1,4,上,0.95,0.56,60日内无板,,,,,,实体+2→一字+10,0.16,-11.2,-11.2,2023-07,2023
605005.SSE,合兴股份,2023-11-29,二接三阴,—,阴,-3.2,大阴-5~-3,-1.5,-2.1,-1.3,1.1,1,下,-0.11,1.75,60日内无板,,,,,,实体+0→一字+10,7.52,-17.65,-17.65,2023-11,2023
605005.SSE,合兴股份,2025-05-30,二接三阳,—,阳,0.06,小阳0~3,-0.3,-0.9,-0.4,1.7,1,下,-0.65,1.37,60日内无板,,,,,,下影+0→一字+10,10.0,2.52,6.29,2025-05,2025
605005.SSE,合兴股份,2025-06-05,二接三阴,—,阴,2.51,小阳0~3,11.7,16.9,19.7,23.1,4,上,4.69,3.41,断1天,1.0,2.0,12.8,-4.6,05-29,实体-10→一字+10,10.0,-22.89,-22.89,2025-06,2025
605006.SSE,山东玻纤,2024-12-06,二接三阳,—,阳,3.15,大阳3~5,5.2,7.4,8.7,10.1,4,上,3.18,1.51,60日内无板,,,,,,下影+0→下影+2,-0.3,9.99,31.85,2024-12,2024
605006.SSE,山东玻纤,2024-12-09,三接四阳,—,阳,3.15,大阳3~5,5.2,7.4,8.7,10.1,4,上,3.18,1.51,60日内无板,,,,,,下影+0→下影+2→下影-0,3.24,10.06,19.88,2024-12,2024
605006.SSE,山东玻纤,2026-05-11,二接三阳,—,阳,5.13,巨阳≥5,5.1,10.1,16.4,23.0,4,上,6.08,6.37,断2~3天,2.0,1.0,11.5,-6.8,04-29,实体-0→下影-1,7.87,3.85,3.85,2026-05,2026
605007.SSE,五洲特纸,2025-12-26,二接三阳,—,阳,0.26,小阳0~3,0.8,1.0,-0.0,-0.8,3,上,-1.28,-0.28,60日内无板,,,,,,下影+0→下影+7,10.01,-9.99,-9.99,2025-12,2025
605011.SSE,杭州热电,2023-05-16,二接三阳,—,阳,1.33,小阳0~3,1.2,3.2,2.9,,3,上,1.03,-0.11,60日内无板,,,,,,实体+0→下影+10,0.71,10.01,14.6,2023-05,2023
605011.SSE,杭州热电,2023-05-17,三接四阳,—,阳,1.33,小阳0~3,1.2,3.2,2.9,,3,上,1.03,-0.11,60日内无板,,,,,,实体+0→下影+10→下影+1,0.59,4.17,4.17,2023-05,2023
605011.SSE,杭州热电,2023-05-23,二接三阳,—,阳,4.17,大阳3~5,15.0,31.8,44.2,47.5,4,上,19.48,8.91,断1天,1.0,4.0,14.6,-7.0,05-17,实体-7→下影-4,2.45,9.99,24.48,2023-05,2023
605011.SSE,杭州热电,2023-05-24,三接四阳,—,阳,4.17,大阳3~5,15.0,31.8,44.2,47.5,4,上,19.48,8.91,断1天,1.0,4.0,14.6,-7.0,05-17,实体-7→下影-4→下影+2,-0.19,10.0,13.17,2023-05,2023
605018.SSE,长华集团,2025-01-23,二接三阳,—,阳,2.29,小阳0~3,4.3,10.6,10.7,5.6,4,上,4.7,-1.54,断4~7天,4.0,1.0,17.9,-0.8,01-14,实体+2→下影+10,0.08,-7.49,-3.06,2025-01,2025
605028.SSE,世茂能源,2025-08-21,二接三阴,—,阴,-0.3,小阴-3~0,-1.5,-2.1,0.0,0.3,2,下,0.92,1.34,断16~60天,30.0,1.0,5.7,-11.5,07-07,下影-0→下影+10,3.56,10.01,0.34,2025-08,2025
605033.SSE,美邦股份,2025-01-06,二接三阴,B1,阴,-0.91,小阴-3~0,-0.7,-2.4,-7.5,-8.1,0,下,-6.08,-2.61,60日内无板,,,,,,实体-0→实体+9,10.03,9.99,75.39,2025-01,2025
605033.SSE,美邦股份,2025-01-07,三接四阴,—,阴,-0.91,小阴-3~0,-0.7,-2.4,-7.5,-8.1,0,下,-6.08,-2.61,60日内无板,,,,,,实体-0→实体+9→下影+10,3.94,9.99,59.45,2025-01,2025
605055.SSE,迎丰股份,2025-05-14,三接四阳,—,阳,3.96,大阳3~5,4.9,5.5,8.7,8.0,4,上,1.02,0.79,60日内无板,,,,,,下影+0→下影+10→一字+10,0.0,10.05,4.96,2025-05,2025
605058.SSE,澳弘电子,2025-01-21,二接三阴,B1,阴,-1.02,小阴-3~0,-1.6,0.7,-2.3,-3.6,1,上,-1.61,-1.09,断4~7天,5.0,1.0,4.8,-6.5,01-09,实体-1→下影+8,-1.4,-5.67,-5.67,2025-01,2025
605066.SSE,天正电气,2024-12-27,二接三阳,—,阳,2.07,小阳0~3,-1.2,-3.1,-3.4,-2.5,0,下,-1.58,-0.01,60日内无板,,,,,,下影+0→一字+10,10.07,-15.12,-15.12,2024-12,2024
605066.SSE,天正电气,2025-03-03,二接三阳,—,阳,0.6,小阳0~3,-0.4,2.2,4.9,7.2,3,上,3.28,2.55,断16~60天,37.0,2.0,2.5,-23.8,12-26,下影+1→下影+10,10.05,10.03,13.53,2025-03,2025
605066.SSE,天正电气,2025-03-04,三接四阳,—,阳,0.6,小阳0~3,-0.4,2.2,4.9,7.2,3,上,3.28,2.55,断16~60天,37.0,2.0,2.5,-23.8,12-26,下影+1→下影+10→下影+10,4.62,10.04,3.18,2025-03,2025
605068.SSE,明新旭腾,2026-07-29,二接三阳,—,阳,-0.99,小阴-3~0,0.6,-4.5,-11.1,-16.2,1,下,-7.69,-6.18,断8~15天,15.0,1.0,-19.0,-32.3,07-03,下影+1→下影+3,9.99,9.99,15.87,2026-07,2026
605068.SSE,明新旭腾,2026-07-30,三接四阳,—,阳,-0.99,小阴-3~0,0.6,-4.5,-11.1,-16.2,1,下,-7.69,-6.18,断8~15天,15.0,1.0,-19.0,-32.3,07-03,下影+1→下影+3→下影+10,9.99,5.34,5.34,2026-07,2026
605069.SSE,正和生态,2023-08-22,二接三阳,—,阳,0.43,小阳0~3,1.4,2.0,-0.4,1.0,3,上,-2.24,0.57,断16~60天,16.0,1.0,0.5,-12.7,07-26,实体-0→下影+5,8.5,10.04,8.92,2023-08,2023
605069.SSE,正和生态,2023-08-23,三接四阳,A1,阳,0.43,小阳0~3,1.4,2.0,-0.4,1.0,3,上,-2.24,0.57,断16~60天,16.0,1.0,0.5,-12.7,07-26,实体-0→下影+5→下影+9,5.98,9.99,-1.01,2023-08,2023
605069.SSE,正和生态,2024-10-30,二接三阳,—,阳,3.01,大阳3~5,2.4,5.7,10.1,15.1,4,上,3.39,5.58,60日内无板,,,,,,实体+6→一字+10,7.01,6.17,6.17,2024-10,2024
605069.SSE,正和生态,2025-02-05,二接三阳,—,阳,1.74,小阳0~3,-1.9,-4.5,-5.4,-9.6,0,下,-0.78,-2.67,断16~60天,39.0,1.0,-16.9,-28.0,11-28,下影+1→下影+7,-0.94,-11.15,-11.15,2025-02,2025
605069.SSE,正和生态,2025-03-26,二接三阳,—,阳,2.0,小阳0~3,-0.3,-3.3,5.8,8.4,2,下,6.83,4.01,断4~7天,7.0,2.0,-6.5,-18.2,03-12,下影-2→下影+6,-2.9,-9.99,-9.99,2025-03,2025
605069.SSE,正和生态,2026-06-24,二接三阳,—,阳,2.69,小阳0~3,2.3,1.6,-7.0,-16.6,2,上,-3.7,-10.02,断4~7天,5.0,1.0,5.5,-12.5,06-11,下影-2→下影+10,5.97,-0.27,-0.27,2026-06,2026
605086.SSE,龙高股份,2024-12-18,二接三阴,—,阴,-3.55,大阴-5~-3,-0.2,-0.1,1.1,-0.1,1,下,1.64,-0.17,断16~60天,41.0,1.0,19.9,-0.5,10-17,实体+2→下影+10,2.19,-0.78,-0.78,2024-12,2024
605086.SSE,龙高股份,2024-12-19,三接四阴,—,阴,-3.55,大阴-5~-3,-0.2,-0.1,1.1,-0.1,1,下,1.64,-0.17,断16~60天,41.0,1.0,19.9,-0.5,10-17,实体+2→下影+10→下影+2,3.84,-10.57,-10.57,2024-12,2024
605088.SSE,冠盛股份,2024-04-03,二接三阳,—,阳,1.38,小阳0~3,1.5,2.4,6.7,9.2,4,上,3.68,2.62,断16~60天,57.0,1.0,-7.1,-43.0,01-02,下影+1→下影+1,0.12,-16.91,-16.91,2024-04,2024
605099.SSE,共创草坪,2025-06-04,二接三阴,—,阴,-2.53,小阴-3~0,0.5,1.0,4.9,10.3,4,上,2.96,4.66,60日内无板,,,,,,实体+0→一字+10,10.01,10.01,18.72,2025-06,2025
605099.SSE,共创草坪,2025-06-05,三接四阴,—,阴,-2.53,小阴-3~0,0.5,1.0,4.9,10.3,4,上,2.96,4.66,60日内无板,,,,,,实体+0→一字+10→下影+10,9.85,7.92,7.92,2025-06,2025
605100.SSE,华丰股份,2025-02-25,二接三阳,—,阳,0.85,小阳0~3,1.1,1.2,3.6,4.9,4,上,1.88,2.07,断16~60天,33.0,1.0,5.6,-17.9,12-26,下影+2→下影+10,0.0,9.98,20.86,2025-02,2025
605100.SSE,华丰股份,2025-03-12,二接三阴,—,阴,-9.98,巨阴≤-5,-0.9,8.0,33.6,47.2,3,上,30.39,18.35,断1天,1.0,1.0,-1.0,-10.0,03-06,下影-3→下影+5,5.54,-6.38,-14.2,2025-03,2025
605118.SSE,力鼎光电,2023-06-01,二接三阴,—,阴,-5.17,巨阴≤-5,-2.4,4.4,12.4,11.8,3,上,12.66,4.8,60日内无板,,,,,,下影+2→下影+10,8.64,-1.73,-1.73,2023-06,2023
605118.SSE,力鼎光电,2023-06-02,三接四阴,—,阴,-5.17,巨阴≤-5,-2.4,4.4,12.4,11.8,3,上,12.66,4.8,60日内无板,,,,,,下影+2→下影+10→下影+9,2.72,-1.75,-4.58,2023-06,2023
605118.SSE,力鼎光电,2023-12-29,二接三阳,—,阳,1.28,小阳0~3,3.8,3.3,2.9,4.6,4,上,-1.31,1.13,断8~15天,10.0,1.0,3.6,-19.1,12-12,实体-1→下影-3,-0.5,10.0,8.89,2023-12,2023
605118.SSE,力鼎光电,2024-01-02,三接四阳,A1,阳,1.28,小阳0~3,3.8,3.3,2.9,4.6,4,上,-1.31,1.13,断8~15天,10.0,1.0,3.6,-19.1,12-12,实体-1→下影-3→下影-1,0.99,10.0,-1.01,2024-01,2024
605133.SSE,嵘泰股份,2025-05-07,二接三阳,—,阳,1.14,小阳0~3,3.0,10.8,12.0,7.6,4,上,5.07,-0.98,断4~7天,4.0,1.0,21.9,0.6,04-23,下影-0→下影+3,1.96,-15.97,-15.97,2025-05,2025
605136.SSE,丽人丽妆,2025-05-19,二接三阳,—,阳,0.91,小阳0~3,0.6,2.9,2.3,5.5,4,上,0.61,3.66,断16~60天,16.0,1.0,6.3,-12.2,04-17,实体+3→一字+10,0.21,10.03,27.19,2025-05,2025
605136.SSE,丽人丽妆,2025-05-20,三接四阳,A1,阳,0.91,小阳0~3,0.6,2.9,2.3,5.5,4,上,0.61,3.66,断16~60天,16.0,1.0,6.3,-12.2,04-17,实体+3→一字+10→下影+0,4.24,9.99,15.6,2025-05,2025
605138.SSE,盛泰集团,2025-05-15,二接三阴,—,阴,-0.78,小阴-3~0,1.4,4.5,5.0,6.7,4,上,0.23,3.23,断8~15天,14.0,2.0,0.9,-18.4,04-17,下影+0→下影+5,2.33,-7.42,-7.42,2025-05,2025
605155.SSE,西大门,2025-03-12,二接三阳,—,阳,2.95,小阳0~3,3.3,7.1,9.1,10.0,4,上,3.48,2.07,60日内无板,,,,,,下影-1→下影-2,3.62,-13.03,-13.03,2025-03,2025
605162.SSE,新中港,2023-06-27,二接三阴,—,阴,-2.71,小阴-3~0,-0.2,-0.5,-5.2,-2.5,0,下,-2.42,0.08,断16~60天,18.0,2.0,-10.1,-20.3,05-25,下影-1→下影+2,2.47,-9.16,-9.16,2023-06,2023
605162.SSE,新中港,2024-05-28,二接三阴,—,阴,-3.25,大阴-5~-3,-2.4,-3.2,-1.3,0.0,1,下,0.17,2.83,断16~60天,35.0,2.0,-4.2,-25.5,03-28,下影+1→一字+10,8.09,-14.42,-14.42,2024-05,2024
605162.SSE,新中港,2025-07-08,二接三阳,—,阳,1.84,小阳0~3,2.1,4.0,3.3,3.2,4,上,1.44,0.11,60日内无板,,,,,,实体+1→下影+9,10.01,9.97,-1.06,2025-07,2025
605162.SSE,新中港,2025-07-09,三接四阳,—,阳,1.84,小阳0~3,2.1,4.0,3.3,3.2,4,上,1.44,0.11,60日内无板,,,,,,实体+1→下影+9→下影+10,0.29,-10.04,-10.04,2025-07,2025
605162.SSE,新中港,2026-04-02,二接三阴,—,阴,-5.8,巨阴≤-5,-3.1,0.1,3.2,6.0,3,上,5.1,3.37,60日内无板,,,,,,下影-3→下影+2,4.93,-8.97,-8.97,2026-04,2026
605162.SSE,新中港,2026-04-03,三接四阴,—,阴,-5.8,巨阴≤-5,-3.1,0.1,3.2,6.0,3,上,5.1,3.37,60日内无板,,,,,,下影-3→下影+2→实体+5,3.06,-8.99,-8.47,2026-04,2026
605167.SSE,利柏特,2024-01-03,二接三阳,—,阳,3.23,大阳3~5,2.6,2.0,0.7,-0.8,3,上,-1.2,-1.56,断16~60天,59.0,1.0,-9.0,-21.3,09-28,下影+0→下影+6,9.96,10.02,4.01,2024-01,2024
605167.SSE,利柏特,2024-01-04,三接四阳,—,阳,3.23,大阳3~5,2.6,2.0,0.7,-0.8,3,上,-1.2,-1.56,断16~60天,59.0,1.0,-9.0,-21.3,09-28,下影+0→下影+6→下影+10,-0.7,-5.46,-5.46,2024-01,2024
605169.SSE,洪通燃气,2025-05-19,二接三阴,—,阴,0.1,小阳0~3,0.3,3.0,6.3,6.6,4,上,4.6,3.02,60日内无板,,,,,,实体+0→一字+10,9.99,-18.75,-18.75,2025-05,2025
605169.SSE,洪通燃气,2025-08-07,二接三阳,—,阳,1.58,小阳0~3,2.0,2.4,3.1,4.4,4,上,1.19,1.12,断16~60天,55.0,2.0,1.4,-16.1,05-16,下影+0→一字+10,0.0,10.03,6.38,2025-08,2025
605178.SSE,时空科技,2023-06-09,三接四阳,—,阳,1.01,小阳0~3,2.1,2.0,2.1,2.3,4,上,0.27,-0.27,60日内无板,,,,,,下影+0→一字+10→一字+10,-3.81,-14.15,-14.15,2023-06,2023
605178.SSE,时空科技,2024-06-26,二接三阳,—,阳,-7.5,巨阴≤-5,0.6,5.0,2.5,-2.4,3,上,2.3,-3.45,断2~3天,2.0,1.0,5.7,-6.2,06-19,实体-1→下影+2,4.98,10.01,-0.97,2024-06,2024
605178.SSE,时空科技,2024-06-27,三接四阳,—,阳,-7.5,巨阴≤-5,0.6,5.0,2.5,-2.4,3,上,2.3,-3.45,断2~3天,2.0,1.0,5.7,-6.2,06-19,实体-1→下影+2→下影+5,-8.02,-9.98,-9.98,2024-06,2024
605179.SSE,一鸣食品,2023-12-07,二接三阳,—,阳,-2.43,小阴-3~0,-2.8,-2.3,3.7,6.4,2,下,6.21,3.24,断8~15天,8.0,1.0,5.3,-8.1,11-22,实体+0→一字+10,5.86,-5.72,-5.72,2023-12,2023
605179.SSE,一鸣食品,2023-12-08,三接四阳,—,阳,-2.43,小阴-3~0,-2.8,-2.3,3.7,6.4,2,下,6.21,3.24,断8~15天,8.0,1.0,5.3,-8.1,11-22,实体+0→一字+10→下影+6,5.72,-20.33,-20.33,2023-12,2023
605179.SSE,一鸣食品,2024-11-28,二接三阳,—,阳,3.27,大阳3~5,0.1,-1.1,-2.3,-0.5,1,下,-3.25,0.23,60日内无板,,,,,,实体-0→下影+1,-2.86,10.04,126.69,2024-11,2024
605179.SSE,一鸣食品,2024-11-29,三接四阳,A1,阳,3.27,大阳3~5,0.1,-1.1,-2.3,-0.5,1,下,-3.25,0.23,60日内无板,,,,,,实体-0→下影+1→下影-3,-2.6,10.0,106.01,2024-11,2024
605179.SSE,一鸣食品,2026-07-31,三接四阳,—,阳,1.77,小阳0~3,-3.8,-5.2,-1.9,-1.9,0,下,3.03,1.03,60日内无板,,,,,,实体-1→下影+6→一字+10,-0.97,10.02,11.98,2026-07,2026
605179.SSE,一鸣食品,2026-08-12,二接三阳,—,阳,5.45,巨阳≥5,3.0,19.2,38.1,48.7,4,上,26.08,16.02,断4~7天,4.0,5.0,17.9,-6.1,08-03,下影-0→下影+2,0.62,10.0,5.0,2026-08,2026
605179.SSE,一鸣食品,2026-08-13,三接四阳,—,阳,5.45,巨阳≥5,3.0,19.2,38.1,48.7,4,上,26.08,16.02,断4~7天,4.0,5.0,17.9,-6.1,08-03,下影-0→下影+2→下影+1,5.3,-4.55,-4.55,2026-08,2026
605180.SSE,华生科技,2024-03-26,三接四阳,—,阳,2.72,小阳0~3,2.7,6.1,8.7,11.7,4,上,4.98,5.84,断16~60天,38.0,2.0,-31.7,-59.9,01-18,下影+0→一字+10→一字+10,10.02,10.01,44.96,2024-03,2024
605188.SSE,国光连锁,2025-04-16,二接三阳,—,阳,2.76,小阳0~3,8.9,10.5,11.3,12.3,4,上,2.35,0.63,60日内无板,,,,,,实体-2→一字+10,-0.97,10.0,39.82,2025-04,2025
605188.SSE,国光连锁,2025-04-17,三接四阳,—,阳,2.76,小阳0~3,8.9,10.5,11.3,12.3,4,上,2.35,0.63,60日内无板,,,,,,实体-2→一字+10→下影-1,7.81,9.97,27.11,2025-04,2025
605188.SSE,国光连锁,2025-08-13,二接三阳,—,阳,1.01,小阳0~3,0.7,0.5,-1.0,-0.6,2,上,-2.31,-0.03,断16~60天,16.0,1.0,3.5,-9.2,07-17,下影+0→一字+10,10.0,-9.98,-9.98,2025-08,2025
605188.SSE,国光连锁,2025-08-28,二接三阳,—,阳,3.35,大阳3~5,3.1,4.5,14.3,16.9,4,上,9.51,4.66,断2~3天,3.0,1.0,11.8,-3.8,08-20,实体-3→下影+2,8.69,-2.38,-2.38,2025-08,2025
605188.SSE,国光连锁,2025-08-29,三接四阳,—,阳,3.35,大阳3~5,3.1,4.5,14.3,16.9,4,上,9.51,4.66,断2~3天,3.0,1.0,11.8,-3.8,08-20,实体-3→下影+2→下影+9,1.73,-2.36,-7.37,2025-08,2025
605188.SSE,国光连锁,2025-10-15,二接三阳,—,阳,2.28,小阳0~3,0.4,-2.3,-10.8,-10.9,1,下,-10.72,-5.49,断8~15天,15.0,1.0,-12.7,-23.7,09-11,下影-3→下影+0,3.11,-0.38,-0.38,2025-10,2025
605189.SSE,富春染织,2026-07-03,二接三阴,—,阴,-1.39,小阴-3~0,-4.2,-7.8,-9.8,-15.5,0,下,-2.85,-4.37,断16~60天,35.0,2.0,-33.6,-40.3,05-11,实体-0→下影+2,0.0,-5.55,-5.55,2026-07,2026
605198.SSE,安德利,2024-03-27,三接四阳,—,阳,1.55,小阳0~3,0.7,3.1,5.1,8.4,4,上,3.55,2.48,60日内无板,,,,,,下影+0→下影+10→一字+10,10.01,-9.1,-9.1,2024-03,2024
605198.SSE,安德利,2024-04-02,二接三阳,—,阳,-2.17,小阴-3~0,5.1,17.8,28.8,33.7,4,上,16.46,8.58,断2~3天,2.0,3.0,10.0,-8.0,03-26,实体+3→下影+4,6.24,4.61,4.61,2024-04,2024
605198.SSE,安德利,2026-06-16,二接三阴,B1,阴,-4.04,大阴-5~-3,0.6,2.9,3.9,8.5,4,上,3.85,2.63,断8~15天,13.0,1.0,16.6,-7.5,05-25,实体+2→下影+8,10.0,9.81,9.81,2026-06,2026
605198.SSE,安德利,2026-06-17,三接四阴,—,阴,-4.04,大阴-5~-3,0.6,2.9,3.9,8.5,4,上,3.85,2.63,断8~15天,13.0,1.0,16.6,-7.5,05-25,实体+2→下影+8→下影+10,0.01,-5.28,-5.28,2026-06,2026
605208.SSE,永茂泰,2025-01-07,二接三阴,—,阴,-4.15,大阴-5~-3,-2.2,-0.0,-3.3,-3.9,1,上,-1.14,-1.39,断2~3天,3.0,1.0,5.0,-4.9,12-27,下影+1→下影+2,7.38,-15.77,-15.77,2025-01,2025
605208.SSE,永茂泰,2025-02-26,二接三阴,B1,阴,-0.82,小阴-3~0,2.0,4.3,8.5,7.9,4,上,4.96,3.11,断16~60天,28.0,2.0,3.6,-22.5,01-06,下影+4→下影+8,10.01,3.66,-0.45,2025-02,2025
605208.SSE,永茂泰,2025-03-10,二接三阳,—,阳,3.67,大阳3~5,8.8,21.8,39.7,50.1,4,上,22.66,13.86,断1天,1.0,1.0,14.1,-2.8,03-04,实体-3→下影-2,1.21,-8.16,-8.16,2025-03,2025
605218.SSE,伟时电子,2023-11-23,二接三阴,—,阴,-6.34,巨阴≤-5,-2.5,-2.5,9.2,14.7,2,下,10.78,7.54,断4~7天,7.0,3.0,-2.6,-14.2,11-09,下影-0→实体+6,7.89,10.0,19.46,2023-11,2023
605218.SSE,伟时电子,2023-11-24,三接四阴,—,阴,-6.34,巨阴≤-5,-2.5,-2.5,9.2,14.7,2,下,10.78,7.54,断4~7天,7.0,3.0,-2.6,-14.2,11-09,下影-0→实体+6→下影+8,3.58,9.99,8.59,2023-11,2023
605218.SSE,伟时电子,2023-12-05,二接三阳,—,阳,-4.14,大阴-5~-3,-8.1,4.1,19.1,33.1,3,上,21.96,17.45,断2~3天,3.0,5.0,-6.3,-20.0,11-27,下影-3→下影+1,2.62,-9.99,-9.99,2023-12,2023
605218.SSE,伟时电子,2024-09-04,二接三阳,—,阳,2.75,小阳0~3,2.5,-1.1,-0.2,0.2,2,下,-2.27,-1.74,断8~15天,13.0,1.0,7.1,-10.5,08-13,实体+0→一字+10,10.01,10.0,8.92,2024-09,2024
605218.SSE,伟时电子,2024-09-05,三接四阳,—,阳,2.75,小阳0~3,2.5,-1.1,-0.2,0.2,2,下,-2.27,-1.74,断8~15天,13.0,1.0,7.1,-10.5,08-13,实体+0→一字+10→下影+10,-8.48,10.02,-0.97,2024-09,2024
605255.SSE,天普股份,2023-11-10,三接四阳,—,阳,1.71,小阳0~3,-1.4,1.2,3.7,4.7,3,上,4.28,2.02,断16~60天,43.0,1.0,23.0,-0.5,08-29,下影+0→实体+7→一字+10,10.02,-23.09,-23.09,2023-11,2023
605255.SSE,天普股份,2025-11-27,二接三阳,—,阳,6.8,巨阳≥5,2.1,10.9,19.2,20.4,4,上,11.32,6.1,断4~7天,4.0,1.0,12.1,-9.6,11-18,下影+6→下影+3,7.37,-1.0,-1.0,2025-11,2025
605258.SSE,协和电子,2024-06-05,二接三阳,—,阳,1.47,小阳0~3,1.2,-0.5,-0.6,2.6,2,下,-0.6,0.76,断16~60天,29.0,1.0,26.8,-5.3,04-17,实体+0→一字+10,10.01,10.01,31.78,2024-06,2024
605259.SSE,绿田机械,2025-07-16,二接三阳,—,阳,6.79,巨阳≥5,5.8,7.2,10.8,11.4,4,上,3.97,1.51,60日内无板,,,,,,实体+1→实体+3,5.78,-16.76,-16.76,2025-07,2025
605268.SSE,王力安防,2025-07-31,二接三阴,—,阴,-0.1,小阴-3~0,0.2,2.6,2.6,2.4,4,上,2.43,0.19,断16~60天,27.0,1.0,7.7,-9.4,06-19,下影-0→一字+10,10.04,-19.57,-19.57,2025-07,2025
605277.SSE,新亚电子,2024-03-21,二接三阴,—,阴,-1.04,小阴-3~0,4.3,5.8,9.5,13.9,4,上,2.9,5.46,断1天,1.0,1.0,8.9,-3.0,03-15,下影-0→一字+10,6.59,9.3,9.3,2024-03,2024
605277.SSE,新亚电子,2024-03-22,三接四阴,—,阴,-1.04,小阴-3~0,4.3,5.8,9.5,13.9,4,上,2.9,5.46,断1天,1.0,1.0,8.9,-3.0,03-15,下影-0→一字+10→下影+7,-0.16,-10.56,-10.56,2024-03,2024
605277.SSE,新亚电子,2025-01-24,二接三阴,—,阴,-0.6,小阴-3~0,2.0,3.2,1.3,1.1,4,上,2.1,-0.27,断8~15天,11.0,1.0,14.2,-6.4,01-06,实体+3→一字+10,2.59,-9.98,-9.98,2025-01,2025
605287.SSE,德才股份,2026-02-11,二接三阴,—,阴,-4.82,大阴-5~-3,-5.7,-3.6,6.6,21.3,2,下,6.26,13.23,断8~15天,12.0,1.0,15.8,-1.6,01-21,一字+10→一字+10,10.01,9.99,-1.01,2026-02,2026
605287.SSE,德才股份,2026-02-12,三接四阴,—,阴,-4.82,大阴-5~-3,-5.7,-3.6,6.6,21.3,2,下,6.26,13.23,断8~15天,12.0,1.0,15.8,-1.6,01-21,一字+10→一字+10→下影+10,-0.88,-10.01,-10.01,2026-02,2026
605288.SSE,凯迪股份,2025-09-02,二接三阳,—,阳,3.42,大阳3~5,2.4,9.8,19.8,24.2,4,上,13.08,7.97,断2~3天,3.0,1.0,10.3,-5.0,08-25,实体+3→实体+2,0.23,1.35,1.35,2025-09,2025
605289.SSE,罗曼股份,2026-02-25,二接三阳,—,阳,6.83,巨阳≥5,8.8,9.0,13.6,14.9,4,上,3.18,1.57,断8~15天,9.0,1.0,11.9,-16.1,01-30,下影-1→下影+5,1.27,7.62,7.62,2026-02,2026
605289.SSE,罗曼股份,2026-02-26,三接四阳,—,阳,6.83,巨阳≥5,8.8,9.0,13.6,14.9,4,上,3.18,1.57,断8~15天,9.0,1.0,11.9,-16.1,01-30,下影-1→下影+5→下影+1,-0.01,3.45,3.45,2026-02,2026
605298.SSE,必得科技,2024-03-12,三接四阳,—,阳,1.37,小阳0~3,-1.1,-3.0,1.5,-9.1,1,下,7.61,-6.78,断8~15天,13.0,1.0,33.1,-0.7,02-08,实体+5→一字+10→一字+10,6.1,-6.87,-6.87,2024-03,2024
605298.SSE,必得科技,2025-08-13,二接三阳,—,阳,2.99,小阳0~3,3.2,9.7,14.5,18.0,4,上,7.49,5.44,断4~7天,4.0,1.0,17.1,1.2,08-04,下影+5→实体+2,10.02,-3.57,-3.57,2025-08,2025
605298.SSE,必得科技,2025-09-09,二接三阴,—,阴,-5.42,巨阴≤-5,0.1,11.5,28.1,46.4,4,上,21.04,18.59,断4~7天,4.0,1.0,18.4,1.2,08-29,实体+0→下影+5,2.78,-2.12,-2.12,2025-09,2025
605299.SSE,舒华体育,2025-12-08,二接三阳,B2,阳,3.08,大阳3~5,3.4,5.2,7.0,9.4,4,上,1.88,2.23,60日内无板,,,,,,下影-1→下影-0,6.02,10.04,6.67,2025-12,2025
605299.SSE,舒华体育,2025-12-09,三接四阳,—,阳,3.08,大阳3~5,3.4,5.2,7.0,9.4,4,上,1.88,2.23,60日内无板,,,,,,下影-1→下影-0→下影+6,3.86,-3.06,-3.06,2025-12,2025
605299.SSE,舒华体育,2026-03-26,二接三阳,—,阳,-4.12,大阴-5~-3,2.9,7.9,13.2,16.3,4,上,8.47,4.28,断1天,1.0,1.0,5.5,-5.5,03-20,下影+2→实体-0,7.67,-1.33,-0.62,2026-03,2026
605300.SSE,佳禾食品,2024-12-02,二接三阴,—,阴,-1.64,小阴-3~0,4.1,5.5,6.7,8.1,4,上,0.59,1.54,断1天,1.0,1.0,8.2,-5.7,11-26,实体-0→下影+6,9.81,-14.37,-14.37,2024-12,2024
605303.SSE,园林股份,2024-05-20,二接三阴,—,阴,-0.49,小阴-3~0,0.2,0.6,5.7,0.7,4,上,5.04,-1.7,60日内无板,,,,,,实体+0→实体+1,8.87,-10.01,-10.01,2024-05,2024
605303.SSE,园林股份,2025-03-12,三接四阴,—,阴,-0.22,小阴-3~0,2.6,3.9,6.3,9.3,4,上,2.73,2.59,60日内无板,,,,,,下影+0→一字+10→一字+10,10.03,-7.6,-7.6,2025-03,2025
605303.SSE,园林股份,2025-08-20,二接三阴,—,阴,-2.05,小阴-3~0,-2.6,-2.8,-2.4,-4.3,0,下,1.14,-2.0,断16~60天,56.0,1.0,24.1,-6.4,05-28,下影+0→下影+4,-0.53,10.02,31.76,2025-08,2025
605303.SSE,园林股份,2025-08-21,三接四阴,—,阴,-2.05,小阴-3~0,-2.6,-2.8,-2.4,-4.3,0,下,1.14,-2.0,断16~60天,56.0,1.0,24.1,-6.4,05-28,下影+0→下影+4→下影-1,5.98,9.99,19.76,2025-08,2025
605303.SSE,园林股份,2025-09-16,二接三阳,—,阳,0.13,小阳0~3,-0.5,-4.2,-10.2,-1.6,0,下,-15.51,4.15,断8~15天,12.0,7.0,-29.5,-37.0,08-26,下影+0→下影+0,0.32,-13.06,-13.06,2025-09,2025
605318.SSE,法狮龙,2026-06-11,二接三阳,—,阳,-1.98,小阴-3~0,2.3,2.1,1.0,0.3,4,上,-3.19,-1.02,断8~15天,15.0,1.0,8.2,-8.5,05-18,下影+1→下影+4,1.24,1.4,1.4,2026-06,2026
605333.SSE,沪光股份,2023-10-11,二接三阳,—,阳,5.12,巨阳≥5,5.2,10.3,17.4,22.4,4,上,9.15,5.98,断8~15天,8.0,1.0,26.5,-5.1,09-18,下影+10→下影+8,2.51,-12.68,-12.68,2023-10,2023
605337.SSE,李子园,2024-12-12,二接三阴,—,阴,-1.73,小阴-3~0,-2.1,1.2,3.6,5.7,3,上,4.36,2.51,60日内无板,,,,,,下影+4→下影+3,4.36,-1.91,-1.91,2024-12,2024
605337.SSE,李子园,2024-12-13,三接四阴,—,阴,-1.73,小阴-3~0,-2.1,1.2,3.6,5.7,3,上,4.36,2.51,60日内无板,,,,,,下影+4→下影+3→下影+4,7.59,-16.02,-16.02,2024-12,2024
605358.SSE,立昂微,2025-09-25,二接三阳,—,阳,2.28,小阳0~3,3.2,5.0,4.9,5.4,4,上,2.4,0.38,60日内无板,,,,,,下影+1→下影+8,9.99,-9.99,-9.99,2025-09,2025
605365.SSE,立达信,2023-09-14,二接三阴,—,阴,-7.65,巨阴≤-5,-1.2,4.3,9.0,9.1,3,上,8.59,3.02,断1天,1.0,1.0,1.6,-9.1,09-08,实体-0→一字+10,10.02,1.58,1.58,2023-09,2023
605365.SSE,立达信,2023-09-15,三接四阴,—,阴,-7.65,巨阴≤-5,-1.2,4.3,9.0,9.1,3,上,8.59,3.02,断1天,1.0,1.0,1.6,-9.1,09-08,实体-0→一字+10→下影+10,-4.51,-16.89,-16.89,2023-09,2023
605365.SSE,立达信,2026-04-23,二接三阴,—,阴,-1.53,小阴-3~0,4.0,10.4,22.1,23.8,4,上,11.87,6.35,断2~3天,3.0,1.0,16.8,-2.2,04-15,实体+0→下影+2,4.8,-8.88,-8.88,2026-04,2026
605366.SSE,宏柏新材,2026-06-26,三接四阴,—,阴,-8.31,巨阴≤-5,-6.7,-6.2,-9.9,-12.9,0,下,-1.36,-3.67,断16~60天,20.0,1.0,-16.9,-25.8,05-22,下影+2→下影+4→一字+10,3.98,-2.78,-2.78,2026-06,2026
605376.SSE,博迁新材,2025-02-21,二接三阳,—,阳,1.39,小阳0~3,2.1,5.0,5.6,8.6,4,上,1.65,3.12,60日内无板,,,,,,下影-0→实体+0,0.62,-3.83,-3.83,2025-02,2025
605388.SSE,均瑶健康,2024-12-03,二接三阳,—,阳,2.31,小阳0~3,3.6,5.4,5.9,7.5,4,上,0.62,1.1,断16~60天,39.0,1.0,22.7,-6.1,09-27,下影-0→实体+5,0.67,-13.21,-13.21,2024-12,2024
605388.SSE,均瑶健康,2026-04-17,二接三阳,—,阳,3.1,大阳3~5,1.1,0.6,1.2,0.9,4,上,-0.42,-0.36,断8~15天,11.0,1.0,4.0,-10.1,03-27,下影-1→下影+0,4.22,-6.31,-6.31,2026-04,2026
605398.SSE,新炬网络,2025-09-12,二接三阴,—,阴,-1.27,小阴-3~0,0.2,-2.2,-6.1,-6.5,1,下,-5.49,-2.74,断16~60天,23.0,1.0,-6.2,-17.6,08-07,一字+10→一字+10,9.99,-10.0,-10.0,2025-09,2025
605399.SSE,晨光新材,2024-01-18,二接三阴,—,阴,-1.4,小阴-3~0,-0.1,-1.8,-2.0,-3.2,0,下,-1.38,-0.79,60日内无板,,,,,,下影+0→一字+10,4.44,10.03,-0.95,2024-01,2024
605399.SSE,晨光新材,2024-01-19,三接四阴,—,阴,-1.4,小阴-3~0,-0.1,-1.8,-2.0,-3.2,0,下,-1.38,-0.79,60日内无板,,,,,,下影+0→一字+10→下影+4,6.88,-9.98,-9.98,2024-01,2024
605399.SSE,晨光新材,2025-07-14,二接三阴,—,阴,-2.33,小阴-3~0,-0.0,0.0,1.9,2.9,4,上,1.18,0.89,60日内无板,,,,,,实体-0→一字+10,6.04,-6.98,-6.98,2025-07,2025
605399.SSE,晨光新材,2025-07-15,三接四阴,—,阴,-2.33,小阴-3~0,-0.0,0.0,1.9,2.9,4,上,1.18,0.89,60日内无板,,,,,,实体-0→一字+10→下影+6,-0.24,-23.92,-23.92,2025-07,2025
605488.SSE,福莱新材,2023-12-15,二接三阳,—,阳,2.01,小阳0~3,1.3,0.2,-1.1,-0.7,2,上,-1.61,-0.56,60日内无板,,,,,,下影+0→实体+9,10.01,-9.99,-9.99,2023-12,2023
605488.SSE,福莱新材,2024-04-08,二接三阳,—,阳,2.55,小阳0~3,4.5,2.6,3.4,7.6,4,上,0.61,1.72,断16~60天,54.0,1.0,-17.0,-54.9,01-08,一字+10→一字+10,10.02,-19.32,-19.32,2024-04,2024
605488.SSE,福莱新材,2025-01-22,二接三阳,—,阳,0.8,小阳0~3,-0.3,7.1,13.3,17.2,3,上,7.02,6.78,断4~7天,5.0,1.0,12.6,-1.6,01-10,下影+0→下影+3,5.3,6.38,6.38,2025-01,2025
605488.SSE,福莱新材,2025-01-23,三接四阳,—,阳,0.8,小阳0~3,-0.3,7.1,13.3,17.2,3,上,7.02,6.78,断4~7天,5.0,1.0,12.6,-1.6,01-10,下影+0→下影+3→下影+5,9.42,-5.32,-5.32,2025-01,2025
605488.SSE,福莱新材,2025-02-21,二接三阳,—,阳,7.3,巨阳≥5,10.2,20.3,39.4,59.3,4,上,15.43,18.56,断1天,1.0,1.0,18.0,-4.4,02-17,下影+4→下影+2,4.83,-10.47,-10.47,2025-02,2025
605500.SSE,森林包装,2025-07-07,二接三阳,—,阳,0.67,小阳0~3,1.1,2.6,1.5,1.8,4,上,0.05,0.36,60日内无板,,,,,,下影+0→一字+10,10.04,10.03,20.36,2025-07,2025
605577.SSE,龙版传媒,2023-11-24,二接三阳,—,阳,6.64,巨阳≥5,5.1,1.5,4.2,9.2,4,上,-2.38,3.54,断8~15天,13.0,1.0,10.6,-8.0,11-02,下影-3→下影+10,5.64,-10.0,-10.0,2023-11,2023
605577.SSE,龙版传媒,2023-12-05,二接三阳,—,阳,0.9,小阳0~3,-8.7,-4.6,-1.0,4.6,1,下,9.36,6.06,断4~7天,4.0,3.0,-14.4,-23.8,11-24,下影-1→下影+2,3.81,10.0,12.78,2023-12,2023
605577.SSE,龙版传媒,2023-12-06,三接四阳,—,阳,0.9,小阳0~3,-8.7,-4.6,-1.0,4.6,1,下,9.36,6.06,断4~7天,4.0,3.0,-14.4,-23.8,11-24,下影-1→下影+2→下影+4,7.88,10.0,2.53,2023-12,2023
605577.SSE,龙版传媒,2023-12-13,二接三阴,—,阴,-6.79,巨阴≤-5,5.5,21.0,34.3,41.1,4,上,16.19,9.69,断1天,1.0,5.0,2.5,-8.3,12-07,实体-5→下影+8,0.0,-0.13,-0.13,2023-12,2023
605577.SSE,龙版传媒,2026-09-02,二接三阳,—,阳,0.84,小阳0~3,-0.7,-2.5,-1.7,0.1,1,下,-0.44,0.82,断8~15天,8.0,1.0,-1.3,-11.6,08-18,实体-1→下影+7,1.46,10.04,,2026-09,2026
605577.SSE,龙版传媒,2026-09-03,三接四阳,—,阳,0.84,小阳0~3,-0.7,-2.5,-1.7,0.1,1,下,-0.44,0.82,断8~15天,8.0,1.0,-1.3,-11.6,08-18,实体-1→下影+7→下影+1,1.01,9.97,,2026-09,2026
605580.SSE,恒盛能源,2023-05-26,二接三阴,—,阴,-3.0,大阴-5~-3,0.4,2.0,-10.6,-14.8,2,上,-11.75,-6.15,断16~60天,37.0,5.0,-22.1,-36.8,09-04,下影+1→一字+10,9.98,10.03,8.94,2023-05,2023
605580.SSE,恒盛能源,2023-05-29,三接四阴,—,阴,-3.0,大阴-5~-3,0.4,2.0,-10.6,-14.8,2,上,-11.75,-6.15,断16~60天,37.0,5.0,-22.1,-36.8,09-04,下影+1→一字+10→下影+10,1.77,9.99,-0.99,2023-05,2023
605580.SSE,恒盛能源,2024-03-18,二接三阳,—,阳,3.25,大阳3~5,4.3,7.1,11.8,7.0,4,上,2.53,0.91,断16~60天,18.0,1.0,41.7,0.0,02-08,下影+1→下影+10,-0.09,-14.76,-14.76,2024-03,2024
605588.SSE,冠石科技,2023-06-02,二接三阳,—,阳,0.77,小阳0~3,2.0,2.6,4.8,5.5,4,上,0.77,2.0,断16~60天,42.0,2.0,86.3,44.9,09-04,下影+0→下影+7,10.01,10.01,20.96,2023-06,2023
605588.SSE,冠石科技,2023-06-05,三接四阳,—,阳,0.77,小阳0~3,2.0,2.6,4.8,5.5,4,上,0.77,2.0,断16~60天,42.0,2.0,86.3,44.9,09-04,下影+0→下影+7→下影+10,9.99,9.96,9.96,2023-06,2023
605588.SSE,冠石科技,2023-10-10,二接三阴,—,阴,-2.8,小阴-3~0,-2.8,-6.4,3.6,16.0,2,下,1.77,10.87,断8~15天,8.0,2.0,-7.6,-20.9,09-15,下影+1→下影+5,-0.33,-4.65,-4.65,2023-10,2023
605588.SSE,冠石科技,2023-10-11,三接四阴,—,阴,-2.8,小阴-3~0,-2.8,-6.4,3.6,16.0,2,下,1.77,10.87,断8~15天,8.0,2.0,-7.6,-20.9,09-15,下影+1→下影+5→下影-0,1.41,-21.98,-21.98,2023-10,2023
605588.SSE,冠石科技,2025-03-31,二接三阳,—,阳,1.52,小阳0~3,0.2,-0.9,-0.2,0.7,2,下,0.23,-0.08,断16~60天,42.0,1.0,11.6,-7.7,01-17,下影-0→下影+10,6.98,-3.53,-3.53,2025-03,2025
605598.SSE,上海港湾,2025-12-26,二接三阴,—,阴,0.97,小阳0~3,4.1,2.2,5.7,9.8,4,上,2.57,2.4,断8~15天,12.0,1.0,19.3,-2.7,12-05,实体-7→下影+6,2.1,3.76,3.76,2025-12,2025
