代码,名称,买入日,组,四组,阴阳,月,年,触板时间,封板时间,开口段数,最深回落%,b1触板时间,b1封板时间,b1开口段数,b2触板时间,b2封板时间,b2开口段数,b3触板时间,b3封板时间,b3开口段数
000002.SZSE,万 科Ａ,2024-09-30,二接三,二接三阳,阳,2024-09,2024,09:45,15:00,3.0,-4.63,13:45,15:00,1.0,11:00,15:00,5.0,,,
000002.SZSE,万 科Ａ,2024-10-08,三接四,三接四阳,阳,2024-10,2024,09:45,10:00,2.0,-12.63,13:45,15:00,1.0,11:00,15:00,5.0,09:45,15:00,3.0
000006.SZSE,深振业Ａ,2024-10-22,二接三,二接三阴,阴,2024-10,2024,09:45,15:00,2.0,-9.83,09:45,15:00,1.0,10:15,15:00,11.0,,,
000006.SZSE,深振业Ａ,2025-10-14,二接三,二接三阳,阳,2025-10,2025,09:45,09:45,1.0,-8.8,14:30,15:00,3.0,09:45,15:00,1.0,,,
000008.SZSE,神州高铁,2026-04-01,二接三,二接三阳,阳,2026-04,2026,09:45,09:45,1.0,-10.0,13:15,15:00,2.0,09:45,15:00,1.0,,,
000011.SZSE,深物业A,2026-07-27,二接三,二接三阳,阳,2026-07,2026,09:45,13:30,4.0,-12.98,09:45,15:00,2.0,09:45,15:00,2.0,,,
000017.SZSE,深中华A,2026-08-25,三接四,三接四阴,阴,2026-08,2026,09:45,15:00,1.0,-1.4,09:45,15:00,1.0,09:45,15:00,1.0,09:45,15:00,0.0
000020.SZSE,深华发Ａ,2025-06-19,二接三,二接三阳,阳,2025-06,2025,09:45,13:15,2.0,-12.77,10:30,15:00,1.0,10:45,15:00,1.0,,,
000025.SZSE,特 力Ａ,2024-10-29,二接三,二接三阴,阴,2024-10,2024,09:45,09:45,1.0,-11.11,09:45,15:00,1.0,09:45,15:00,1.0,,,
000025.SZSE,特 力Ａ,2025-04-18,二接三,二接三阴,阴,2025-04,2025,09:45,15:00,6.0,-5.43,10:15,15:00,1.0,09:45,15:00,4.0,,,
000026.SZSE,飞亚达,2025-07-01,三接四,三接四阳,阳,2025-07,2025,09:45,14:00,3.0,-7.41,13:30,15:00,1.0,10:30,15:00,4.0,09:45,15:00,0.0
000029.SZSE,深深房Ａ,2024-09-30,二接三,二接三阳,阳,2024-09,2024,09:45,11:30,2.0,-11.4,10:00,15:00,2.0,10:00,15:00,4.0,,,
000032.SZSE,深桑达Ａ,2024-10-08,二接三,二接三阳,阳,2024-10,2024,09:45,15:00,2.0,-7.67,13:15,15:00,0.0,13:15,15:00,4.0,,,
000032.SZSE,深桑达Ａ,2026-06-15,二接三,二接三阳,阳,2026-06,2026,11:15,15:00,2.0,-1.2,10:00,15:00,1.0,13:30,15:00,3.0,,,
000032.SZSE,深桑达Ａ,2026-06-16,三接四,三接四阳,阳,2026-06,2026,10:00,15:00,2.0,-4.46,10:00,15:00,1.0,13:30,15:00,3.0,11:15,15:00,2.0
000045.SZSE,深纺织Ａ,2024-10-29,二接三,二接三阳,阳,2024-10,2024,09:45,15:00,5.0,-6.02,09:45,15:00,1.0,09:45,15:00,0.0,,,
000045.SZSE,深纺织Ａ,2024-10-30,三接四,三接四阳,阳,2024-10,2024,10:15,10:15,1.0,-11.08,09:45,15:00,1.0,09:45,15:00,0.0,09:45,15:00,5.0
000048.SZSE,京基智农,2026-06-11,二接三,二接三阳,阳,2026-06,2026,09:45,15:00,1.0,-9.43,13:15,15:00,1.0,09:45,15:00,2.0,,,
000058.SZSE,深 赛 格,2024-10-29,二接三,二接三阳,阳,2024-10,2024,09:45,15:00,3.0,-3.77,09:45,15:00,0.0,09:45,15:00,0.0,,,
000058.SZSE,深 赛 格,2024-10-30,三接四,三接四阳,阳,2024-10,2024,10:45,15:00,2.0,-5.37,09:45,15:00,0.0,09:45,15:00,0.0,09:45,15:00,3.0
000061.SZSE,农 产 品,2025-08-29,二接三,二接三阳,阳,2025-08,2025,09:45,14:30,4.0,-11.65,13:15,15:00,1.0,09:45,15:00,3.0,,,
000062.SZSE,深圳华强,2024-08-20,三接四,三接四阳,阳,2024-08,2024,,,,,,,,,,,,,
000062.SZSE,深圳华强,2024-09-03,二接三,二接三阴,阴,2024-09,2024,,,,,,,,,,,,,
000062.SZSE,深圳华强,2024-09-04,三接四,三接四阴,阴,2024-09,2024,15:00,15:00,1.0,-2.94,,,,,,,,,
000066.SZSE,中国长城,2024-10-31,二接三,二接三阳,阳,2024-10,2024,09:45,15:00,1.0,-3.91,10:30,15:00,5.0,09:45,15:00,1.0,,,
000066.SZSE,中国长城,2024-11-01,三接四,三接四阳,阳,2024-11,2024,09:45,15:00,3.0,-14.66,10:30,15:00,5.0,09:45,15:00,1.0,09:45,15:00,1.0
000066.SZSE,中国长城,2024-11-08,二接三,二接三阳,阳,2024-11,2024,10:00,15:00,3.0,-2.37,13:45,15:00,3.0,14:45,15:00,1.0,,,
000066.SZSE,中国长城,2026-05-07,二接三,二接三阳,阳,2026-05,2026,11:00,15:00,1.0,-0.71,10:30,15:00,1.0,09:45,15:00,0.0,,,
000069.SZSE,华侨城Ａ,2024-10-08,三接四,三接四阳,阳,2024-10,2024,09:45,15:00,8.0,-6.54,10:30,15:00,4.0,09:45,15:00,0.0,09:45,15:00,0.0
000070.SZSE,特发信息,2025-11-25,二接三,二接三阳,阳,2025-11,2025,09:45,15:00,1.0,-4.98,10:00,15:00,1.0,09:45,15:00,1.0,,,
000070.SZSE,特发信息,2025-11-26,三接四,三接四阳,阳,2025-11,2025,09:45,15:00,2.0,-7.54,10:00,15:00,1.0,09:45,15:00,1.0,09:45,15:00,1.0
000070.SZSE,特发信息,2026-02-12,二接三,二接三阳,阳,2026-02,2026,09:45,15:00,2.0,-5.13,09:45,15:00,1.0,09:45,15:00,0.0,,,
000100.SZSE,TCL科技,2024-11-01,二接三,二接三阴,阴,2024-11,2024,09:45,09:45,1.0,-13.21,10:45,15:00,4.0,11:15,15:00,2.0,,,
000158.SZSE,常山北明,2024-10-10,三接四,三接四阴,阴,2024-10,2024,09:45,15:00,8.0,-18.22,10:00,15:00,1.0,09:45,15:00,0.0,09:45,15:00,0.0
000402.SZSE,金 融 街,2026-05-06,二接三,二接三阴,阴,2026-05,2026,10:00,15:00,1.0,-5.73,09:45,15:00,0.0,09:45,15:00,1.0,,,
000409.SZSE,云鼎科技,2025-03-05,二接三,二接三阴,阴,2025-03,2025,09:45,15:00,3.0,-6.64,09:45,15:00,1.0,09:45,15:00,1.0,,,
000417.SZSE,合百集团,2026-05-20,二接三,二接三阴,阴,2026-05,2026,09:45,15:00,1.0,-3.88,09:45,15:00,0.0,09:45,15:00,0.0,,,
000417.SZSE,合百集团,2026-05-21,三接四,三接四阴,阴,2026-05,2026,09:45,13:15,1.0,-12.02,09:45,15:00,0.0,09:45,15:00,0.0,09:45,15:00,1.0
000420.SZSE,吉林化纤,2025-05-16,二接三,二接三阴,阴,2025-05,2025,09:45,09:45,1.0,-11.09,10:00,15:00,2.0,09:45,15:00,1.0,,,
000421.SZSE,南京公用,2025-01-15,三接四,三接四阴,阴,2025-01,2025,09:45,09:45,1.0,-15.31,09:45,15:00,1.0,09:45,15:00,0.0,09:45,15:00,0.0
000428.SZSE,华天酒店,2026-07-29,二接三,二接三阴,阴,2026-07,2026,09:45,15:00,1.0,-5.45,09:45,15:00,3.0,09:45,15:00,1.0,,,
000428.SZSE,华天酒店,2026-07-30,三接四,三接四阴,阴,2026-07,2026,09:45,14:30,1.0,-17.57,09:45,15:00,3.0,09:45,15:00,1.0,09:45,15:00,1.0
000503.SZSE,国新健康,2024-10-09,二接三,二接三阳,阳,2024-10,2024,09:45,14:45,4.0,-9.12,14:00,15:00,4.0,09:45,15:00,3.0,,,
000505.SZSE,京粮控股,2026-08-19,二接三,二接三阴,阴,2026-08,2026,09:45,15:00,1.0,-7.5,09:45,15:00,1.0,10:00,15:00,3.0,,,
000506.SZSE,招金黄金,2026-01-21,二接三,二接三阴,阴,2026-01,2026,11:15,15:00,1.0,-0.93,13:30,15:00,6.0,13:30,15:00,5.0,,,
000506.SZSE,招金黄金,2026-01-28,二接三,二接三阴,阴,2026-01,2026,09:45,15:00,2.0,-3.97,10:15,15:00,3.0,10:00,15:00,6.0,,,
000506.SZSE,招金黄金,2026-01-29,三接四,三接四阴,阴,2026-01,2026,09:45,15:00,3.0,-10.97,10:15,15:00,3.0,10:00,15:00,6.0,09:45,15:00,2.0
000509.SZSE,华塑控股,2025-10-23,二接三,二接三阳,阳,2025-10,2025,10:00,10:15,2.0,-12.44,09:45,15:00,3.0,10:15,15:00,1.0,,,
000509.SZSE,华塑控股,2026-05-27,二接三,二接三阳,阳,2026-05,2026,09:45,15:00,3.0,-12.67,10:15,15:00,4.0,09:45,15:00,1.0,,,
000509.SZSE,华塑控股,2026-05-28,三接四,三接四阳,阳,2026-05,2026,09:45,15:00,1.0,-0.35,10:15,15:00,4.0,09:45,15:00,1.0,09:45,15:00,3.0
000510.SZSE,新金路,2025-04-15,二接三,二接三阳,阳,2025-04,2025,09:45,15:00,1.0,-2.16,09:45,15:00,1.0,09:45,15:00,0.0,,,
000510.SZSE,新金路,2025-04-16,三接四,三接四阳,阳,2025-04,2025,09:45,09:45,1.0,-18.21,09:45,15:00,1.0,09:45,15:00,0.0,09:45,15:00,1.0
000510.SZSE,新金路,2025-11-27,二接三,二接三阳,阳,2025-11,2025,09:45,15:00,3.0,-3.06,09:45,15:00,1.0,09:45,15:00,0.0,,,
000510.SZSE,新金路,2026-05-26,二接三,二接三阴,阴,2026-05,2026,10:30,15:00,2.0,-3.87,10:00,15:00,1.0,10:30,15:00,8.0,,,
000510.SZSE,新金路,2026-06-15,二接三,二接三阴,阴,2026-06,2026,09:45,15:00,0.0,-0.19,10:00,15:00,1.0,10:45,15:00,2.0,,,
000514.SZSE,渝 开 发,2025-07-09,二接三,二接三阴,阴,2025-07,2025,13:45,15:00,2.0,-2.4,09:45,15:00,1.0,09:45,15:00,1.0,,,
000514.SZSE,渝 开 发,2025-07-10,三接四,三接四阴,阴,2025-07,2025,09:45,15:00,1.0,-7.0,09:45,15:00,1.0,09:45,15:00,1.0,13:45,15:00,2.0
000518.SZSE,四环生物,2026-05-22,二接三,二接三阴,阴,2026-05,2026,09:45,15:00,2.0,-3.87,09:45,15:00,2.0,09:45,15:00,3.0,,,
000518.SZSE,四环生物,2026-05-25,三接四,三接四阴,阴,2026-05,2026,14:45,15:00,1.0,-5.95,09:45,15:00,2.0,09:45,15:00,3.0,09:45,15:00,2.0
000520.SZSE,凤凰航运,2024-10-30,三接四,三接四阳,阳,2024-10,2024,09:45,15:00,2.0,-12.18,09:45,15:00,2.0,09:45,15:00,2.0,09:45,15:00,0.0
000520.SZSE,凤凰航运,2025-05-15,二接三,二接三阳,阳,2025-05,2025,09:45,09:45,1.0,-11.2,14:30,15:00,1.0,13:15,15:00,2.0,,,
000530.SZSE,冰山冷热,2024-11-08,二接三,二接三阳,阳,2024-11,2024,09:45,14:00,3.0,-9.0,10:00,15:00,1.0,09:45,15:00,1.0,,,
000530.SZSE,冰山冷热,2025-12-03,二接三,二接三阳,阳,2025-12,2025,09:45,09:45,1.0,-9.63,14:30,15:00,1.0,10:30,15:00,3.0,,,
000532.SZSE,华金资本,2025-02-06,二接三,二接三阳,阳,2025-02,2025,09:45,15:00,1.0,-4.58,09:45,15:00,0.0,09:45,15:00,0.0,,,
000533.SZSE,顺钠股份,2025-01-09,二接三,二接三阴,阴,2025-01,2025,09:45,11:30,2.0,-15.74,09:45,15:00,3.0,10:30,15:00,2.0,,,
000533.SZSE,顺钠股份,2025-11-07,二接三,二接三阳,阳,2025-11,2025,09:45,10:00,2.0,-11.15,13:30,15:00,1.0,10:00,15:00,2.0,,,
000533.SZSE,顺钠股份,2026-02-04,二接三,二接三阴,阴,2026-02,2026,09:45,15:00,1.0,-5.11,09:45,15:00,0.0,09:45,15:00,1.0,,,
000533.SZSE,顺钠股份,2026-03-09,三接四,三接四阴,阴,2026-03,2026,09:45,15:00,1.0,-4.58,09:45,15:00,1.0,09:45,15:00,0.0,09:45,15:00,0.0
000533.SZSE,顺钠股份,2026-07-27,二接三,二接三阳,阳,2026-07,2026,09:45,15:00,1.0,-4.09,09:45,15:00,1.0,09:45,15:00,0.0,,,
000533.SZSE,顺钠股份,2026-07-28,三接四,三接四阳,阳,2026-07,2026,09:45,15:00,4.0,-11.76,09:45,15:00,1.0,09:45,15:00,0.0,09:45,15:00,1.0
000536.SZSE,华映科技,2024-10-09,二接三,二接三阳,阳,2024-10,2024,14:15,15:00,2.0,-4.98,13:15,15:00,6.0,09:45,15:00,5.0,,,
000536.SZSE,华映科技,2024-10-29,二接三,二接三阴,阴,2024-10,2024,09:45,15:00,2.0,-6.55,10:00,15:00,1.0,10:00,15:00,2.0,,,
000537.SZSE,绿发电力,2026-03-12,二接三,二接三阳,阳,2026-03,2026,09:45,15:00,1.0,-4.56,09:45,15:00,0.0,09:45,15:00,1.0,,,
000537.SZSE,绿发电力,2026-03-13,三接四,三接四阳,阳,2026-03,2026,09:45,09:45,1.0,-11.77,09:45,15:00,0.0,09:45,15:00,1.0,09:45,15:00,1.0
000539.SZSE,粤电力Ａ,2026-05-29,二接三,二接三阴,阴,2026-05,2026,09:45,15:00,1.0,-4.05,13:15,15:00,1.0,09:45,15:00,2.0,,,
000539.SZSE,粤电力Ａ,2026-06-01,三接四,三接四阴,阴,2026-06,2026,09:45,15:00,10.0,-13.0,13:15,15:00,1.0,09:45,15:00,2.0,09:45,15:00,1.0
000546.SZSE,金圆股份,2025-11-19,二接三,二接三阴,阴,2025-11,2025,09:45,15:00,1.0,-3.29,10:30,15:00,1.0,09:45,15:00,2.0,,,
000546.SZSE,金圆股份,2025-11-20,三接四,三接四阴,阴,2025-11,2025,09:45,10:30,2.0,-14.35,10:30,15:00,1.0,09:45,15:00,2.0,09:45,15:00,1.0
000547.SZSE,航天发展,2025-11-18,二接三,二接三阳,阳,2025-11,2025,09:45,15:00,4.0,-4.74,10:00,15:00,6.0,09:45,15:00,0.0,,,
000547.SZSE,航天发展,2025-11-19,三接四,三接四阳,阳,2025-11,2025,09:45,15:00,1.0,-4.39,10:00,15:00,6.0,09:45,15:00,0.0,09:45,15:00,4.0
000547.SZSE,航天发展,2025-12-02,二接三,二接三阳,阳,2025-12,2025,09:45,15:00,2.0,-6.61,14:15,15:00,1.0,09:45,15:00,1.0,,,
000548.SZSE,湖南投资,2024-11-26,二接三,二接三阳,阳,2024-11,2024,09:45,09:45,1.0,-16.5,14:45,15:00,1.0,09:45,15:00,1.0,,,
000551.SZSE,创元科技,2024-10-09,二接三,二接三阳,阳,2024-10,2024,10:00,14:15,6.0,-6.57,13:45,15:00,2.0,09:45,15:00,4.0,,,
000551.SZSE,创元科技,2025-12-25,三接四,三接四阳,阳,2025-12,2025,09:45,15:00,6.0,-9.11,11:30,15:00,3.0,09:45,15:00,1.0,09:45,15:00,0.0
000553.SZSE,安道麦A,2024-10-25,二接三,二接三阳,阳,2024-10,2024,10:15,15:00,1.0,-3.5,15:00,15:00,1.0,09:45,15:00,3.0,,,
000554.SZSE,泰山石油,2026-03-04,二接三,二接三阳,阳,2026-03,2026,09:45,09:45,1.0,-12.73,09:45,15:00,1.0,09:45,15:00,1.0,,,
000555.SZSE,神州信息,2025-10-31,二接三,二接三阳,阳,2025-10,2025,09:45,09:45,1.0,-9.68,09:45,15:00,1.0,09:45,15:00,2.0,,,
000557.SZSE,西部创业,2024-11-11,二接三,二接三阳,阳,2024-11,2024,09:45,15:00,3.0,-3.34,09:45,15:00,0.0,09:45,15:00,0.0,,,
000559.SZSE,万向钱潮,2025-05-12,二接三,二接三阳,阳,2025-05,2025,09:45,15:00,4.0,-4.31,09:45,15:00,1.0,09:45,15:00,1.0,,,
000559.SZSE,万向钱潮,2025-09-17,二接三,二接三阴,阴,2025-09,2025,09:45,15:00,1.0,-3.53,09:45,15:00,1.0,09:45,15:00,1.0,,,
000559.SZSE,万向钱潮,2025-09-18,三接四,三接四阴,阴,2025-09,2025,09:45,15:00,4.0,-6.08,09:45,15:00,1.0,09:45,15:00,1.0,09:45,15:00,1.0
000560.SZSE,我爱我家,2024-09-30,二接三,二接三阴,阴,2024-09,2024,09:45,15:00,4.0,-5.88,14:30,15:00,2.0,14:30,15:00,2.0,,,
000560.SZSE,我爱我家,2024-10-08,三接四,三接四阴,阴,2024-10,2024,09:45,09:45,1.0,-16.3,14:30,15:00,2.0,14:30,15:00,2.0,09:45,15:00,4.0
000560.SZSE,我爱我家,2026-09-01,二接三,二接三阳,阳,2026-09,2026,09:45,15:00,4.0,-6.58,09:45,15:00,1.0,09:45,15:00,0.0,,,
000561.SZSE,烽火电子,2024-10-29,二接三,二接三阴,阴,2024-10,2024,09:45,09:45,1.0,-8.33,10:00,15:00,1.0,09:45,15:00,2.0,,,
000561.SZSE,烽火电子,2025-08-14,二接三,二接三阳,阳,2025-08,2025,09:45,15:00,2.0,-4.73,09:45,15:00,1.0,09:45,15:00,1.0,,,
000564.SZSE,供销大集,2024-11-07,二接三,二接三阴,阴,2024-11,2024,09:45,15:00,1.0,-9.54,10:00,15:00,2.0,13:45,15:00,2.0,,,
000564.SZSE,供销大集,2024-12-02,二接三,二接三阳,阳,2024-12,2024,09:45,15:00,5.0,-10.11,13:15,15:00,1.0,14:45,15:00,1.0,,,
000565.SZSE,渝三峡Ａ,2025-04-30,三接四,三接四阳,阳,2025-04,2025,09:45,15:00,3.0,-11.52,10:00,15:00,2.0,14:45,15:00,1.0,09:45,15:00,0.0
000565.SZSE,渝三峡Ａ,2025-05-16,二接三,二接三阳,阳,2025-05,2025,14:45,15:00,1.0,-2.14,15:00,15:00,1.0,10:45,15:00,7.0,,,
000566.SZSE,海南海药,2024-09-11,三接四,三接四阳,阳,2024-09,2024,09:45,15:00,3.0,-2.9,09:45,15:00,4.0,09:45,15:00,0.0,09:45,15:00,0.0
000566.SZSE,海南海药,2024-11-07,二接三,二接三阳,阳,2024-11,2024,10:15,15:00,3.0,-4.18,10:00,15:00,1.0,10:00,15:00,6.0,,,
000566.SZSE,海南海药,2024-11-08,三接四,三接四阳,阳,2024-11,2024,10:00,10:15,2.0,-13.08,10:00,15:00,1.0,10:00,15:00,6.0,10:15,15:00,3.0
000566.SZSE,海南海药,2025-06-04,二接三,二接三阳,阳,2025-06,2025,09:45,13:15,3.0,-11.08,09:45,15:00,1.0,09:45,15:00,1.0,,,
000566.SZSE,海南海药,2025-11-18,二接三,二接三阳,阳,2025-11,2025,09:45,14:45,6.0,-8.29,09:45,15:00,1.0,09:45,15:00,4.0,,,
000566.SZSE,海南海药,2025-12-23,二接三,二接三阴,阴,2025-12,2025,09:45,15:00,6.0,-4.11,14:15,15:00,1.0,10:00,15:00,2.0,,,
000566.SZSE,海南海药,2026-07-01,二接三,二接三阴,阴,2026-07,2026,13:30,15:00,1.0,-2.37,10:15,15:00,1.0,14:45,15:00,1.0,,,
000566.SZSE,海南海药,2026-07-02,三接四,三接四阴,阴,2026-07,2026,09:45,15:00,2.0,-1.49,10:15,15:00,1.0,14:45,15:00,1.0,13:30,15:00,1.0
000567.SZSE,海德股份,2024-09-26,二接三,二接三阴,阴,2024-09,2024,10:45,10:45,1.0,-6.44,11:00,15:00,1.0,09:45,15:00,1.0,,,
000568.SZSE,泸州老窖,2024-09-30,二接三,二接三阴,阴,2024-09,2024,09:45,15:00,3.0,-3.14,13:15,15:00,2.0,10:00,15:00,3.0,,,
000568.SZSE,泸州老窖,2024-10-08,三接四,三接四阴,阴,2024-10,2024,09:45,10:15,1.0,-9.03,13:15,15:00,2.0,10:00,15:00,3.0,09:45,15:00,3.0
000572.SZSE,海马汽车,2024-10-31,二接三,二接三阳,阳,2024-10,2024,13:15,15:00,3.0,-0.56,11:15,15:00,3.0,11:00,15:00,3.0,,,
000572.SZSE,海马汽车,2025-11-04,二接三,二接三阴,阴,2025-11,2025,09:45,15:00,1.0,-6.51,09:45,15:00,2.0,09:45,15:00,1.0,,,
000572.SZSE,海马汽车,2025-11-05,三接四,三接四阴,阴,2025-11,2025,09:45,15:00,1.0,-2.84,09:45,15:00,2.0,09:45,15:00,1.0,09:45,15:00,1.0
000573.SZSE,粤宏远Ａ,2024-11-25,二接三,二接三阳,阳,2024-11,2024,09:45,15:00,2.0,-14.65,13:30,15:00,1.0,11:00,15:00,3.0,,,
000573.SZSE,粤宏远Ａ,2025-01-07,二接三,二接三阳,阳,2025-01,2025,09:45,15:00,1.0,-1.93,09:45,15:00,0.0,09:45,15:00,0.0,,,
000573.SZSE,粤宏远Ａ,2025-01-08,三接四,三接四阳,阳,2025-01,2025,09:45,15:00,1.0,-1.75,09:45,15:00,0.0,09:45,15:00,0.0,09:45,15:00,1.0
000573.SZSE,粤宏远Ａ,2025-02-26,二接三,二接三阴,阴,2025-02,2025,14:00,15:00,3.0,-4.84,11:00,15:00,4.0,10:45,15:00,1.0,,,
000592.SZSE,平潭发展,2024-10-31,二接三,二接三阳,阳,2024-10,2024,10:00,10:00,1.0,-9.68,13:30,15:00,1.0,10:15,15:00,5.0,,,
000592.SZSE,平潭发展,2025-11-04,二接三,二接三阳,阳,2025-11,2025,10:00,15:00,1.0,-2.68,09:45,15:00,2.0,09:45,15:00,1.0,,,
000592.SZSE,平潭发展,2025-11-05,三接四,三接四阳,阳,2025-11,2025,09:45,15:00,7.0,-5.62,09:45,15:00,2.0,09:45,15:00,1.0,10:00,15:00,1.0
000593.SZSE,德龙汇能,2025-10-30,二接三,二接三阳,阳,2025-10,2025,09:45,15:00,2.0,-5.79,10:00,15:00,7.0,09:45,15:00,0.0,,,
000593.SZSE,德龙汇能,2026-01-14,二接三,二接三阳,阳,2026-01,2026,10:30,15:00,4.0,-1.21,11:00,15:00,2.0,09:45,15:00,1.0,,,
000593.SZSE,德龙汇能,2026-08-05,三接四,三接四阴,阴,2026-08,2026,09:45,15:00,1.0,-4.48,09:45,15:00,0.0,09:45,15:00,0.0,09:45,15:00,0.0
000595.SZSE,新能股份,2024-09-24,二接三,二接三阳,阳,2024-09,2024,09:45,15:00,9.0,-14.52,10:30,15:00,5.0,11:00,15:00,1.0,,,
000595.SZSE,新能股份,2024-09-25,三接四,三接四阳,阳,2024-09,2024,14:30,15:00,2.0,-1.36,10:30,15:00,5.0,11:00,15:00,1.0,09:45,15:00,9.0
000595.SZSE,新能股份,2024-10-15,二接三,二接三阳,阳,2024-10,2024,09:45,13:15,2.0,-12.9,14:45,15:00,1.0,09:45,15:00,1.0,,,
000595.SZSE,新能股份,2025-03-21,二接三,二接三阴,阴,2025-03,2025,09:45,09:45,1.0,-9.82,10:15,15:00,2.0,09:45,15:00,1.0,,,
000595.SZSE,新能股份,2026-07-24,二接三,二接三阴,阴,2026-07,2026,09:45,15:00,7.0,-4.28,09:45,15:00,1.0,09:45,15:00,0.0,,,
000595.SZSE,新能股份,2026-08-04,二接三,二接三阴,阴,2026-08,2026,09:45,15:00,2.0,-2.29,09:45,15:00,1.0,09:45,15:00,2.0,,,
000595.SZSE,新能股份,2026-08-05,三接四,三接四阴,阴,2026-08,2026,09:45,10:30,3.0,-9.14,09:45,15:00,1.0,09:45,15:00,2.0,09:45,15:00,2.0
000596.SZSE,古井贡酒,2024-09-30,二接三,二接三阴,阴,2024-09,2024,09:45,15:00,2.0,-2.36,13:45,15:00,1.0,10:00,15:00,2.0,,,
000596.SZSE,古井贡酒,2024-10-08,三接四,三接四阴,阴,2024-10,2024,09:45,15:00,5.0,-7.76,13:45,15:00,1.0,10:00,15:00,2.0,09:45,15:00,2.0
000599.SZSE,青岛双星,2025-10-28,二接三,二接三阴,阴,2025-10,2025,09:45,15:00,1.0,-4.57,10:15,15:00,1.0,09:45,15:00,1.0,,,
000599.SZSE,青岛双星,2025-10-29,三接四,三接四阴,阴,2025-10,2025,09:45,09:45,1.0,-16.96,10:15,15:00,1.0,09:45,15:00,1.0,09:45,15:00,1.0
000601.SZSE,韶能股份,2025-03-21,二接三,二接三阳,阳,2025-03,2025,11:00,11:00,1.0,-12.05,09:45,15:00,3.0,09:45,15:00,3.0,,,
000601.SZSE,韶能股份,2025-07-08,二接三,二接三阳,阳,2025-07,2025,09:45,09:45,1.0,-7.28,09:45,15:00,1.0,09:45,15:00,0.0,,,
000601.SZSE,韶能股份,2026-03-20,二接三,二接三阴,阴,2026-03,2026,09:45,15:00,1.0,-1.72,09:45,15:00,0.0,09:45,15:00,0.0,,,
000601.SZSE,韶能股份,2026-05-14,二接三,二接三阳,阳,2026-05,2026,09:45,09:45,1.0,-16.75,09:45,15:00,1.0,09:45,15:00,1.0,,,
000603.SZSE,盛达资源,2026-01-27,二接三,二接三阳,阳,2026-01,2026,10:00,15:00,4.0,-4.88,13:30,15:00,2.0,09:45,15:00,1.0,,,
000603.SZSE,盛达资源,2026-07-23,二接三,二接三阴,阴,2026-07,2026,10:15,15:00,1.0,-3.22,14:15,15:00,1.0,10:00,15:00,1.0,,,
000605.SZSE,渤海股份,2024-11-07,二接三,二接三阳,阳,2024-11,2024,09:45,15:00,3.0,-8.84,14:45,15:00,1.0,09:45,15:00,0.0,,,
000605.SZSE,渤海股份,2024-11-08,三接四,三接四阳,阳,2024-11,2024,09:45,15:00,1.0,-2.35,14:45,15:00,1.0,09:45,15:00,0.0,09:45,15:00,3.0
000605.SZSE,渤海股份,2024-11-20,二接三,二接三阴,阴,2024-11,2024,09:45,15:00,1.0,-0.72,09:45,15:00,2.0,09:45,15:00,2.0,,,
000605.SZSE,渤海股份,2024-11-21,三接四,三接四阴,阴,2024-11,2024,09:45,15:00,3.0,-13.98,09:45,15:00,2.0,09:45,15:00,2.0,09:45,15:00,1.0
000607.SZSE,华媒控股,2025-07-10,二接三,二接三阳,阳,2025-07,2025,09:45,15:00,1.0,-1.17,09:45,15:00,2.0,09:45,15:00,1.0,,,
000607.SZSE,华媒控股,2025-07-11,三接四,三接四阳,阳,2025-07,2025,09:45,15:00,1.0,-3.94,09:45,15:00,2.0,09:45,15:00,1.0,09:45,15:00,1.0
000608.SZSE,阳光股份,2024-09-26,二接三,二接三阳,阳,2024-09,2024,10:15,15:00,1.0,-7.25,09:45,15:00,2.0,09:45,15:00,6.0,,,
000608.SZSE,阳光股份,2024-11-11,二接三,二接三阳,阳,2024-11,2024,09:45,10:15,3.0,-10.51,09:45,15:00,1.0,09:45,15:00,2.0,,,
000619.SZSE,海螺新材,2024-12-03,二接三,二接三阳,阳,2024-12,2024,09:45,15:00,3.0,-8.03,10:00,15:00,1.0,09:45,15:00,5.0,,,
000619.SZSE,海螺新材,2024-12-11,二接三,二接三阳,阳,2024-12,2024,13:30,13:30,1.0,-8.56,09:45,15:00,1.0,09:45,15:00,4.0,,,
000620.SZSE,盈新发展,2024-11-07,二接三,二接三阴,阴,2024-11,2024,10:30,15:00,2.0,-5.37,11:00,15:00,1.0,14:00,15:00,5.0,,,
000620.SZSE,盈新发展,2025-11-05,二接三,二接三阴,阴,2025-11,2025,09:45,15:00,2.0,-8.18,10:00,15:00,1.0,09:45,15:00,1.0,,,
000620.SZSE,盈新发展,2025-11-06,三接四,三接四阴,阴,2025-11,2025,09:45,10:45,2.0,-11.29,10:00,15:00,1.0,09:45,15:00,1.0,09:45,15:00,2.0
000626.SZSE,远大控股,2024-10-24,二接三,二接三阳,阳,2024-10,2024,09:45,09:45,1.0,-11.95,10:45,15:00,1.0,09:45,15:00,1.0,,,
000626.SZSE,远大控股,2025-04-14,二接三,二接三阳,阳,2025-04,2025,09:45,15:00,3.0,-9.08,09:45,15:00,0.0,09:45,15:00,0.0,,,
000626.SZSE,远大控股,2025-10-16,二接三,二接三阳,阳,2025-10,2025,09:45,15:00,1.0,-9.81,13:30,15:00,1.0,09:45,15:00,1.0,,,
000626.SZSE,远大控股,2025-10-17,三接四,三接四阳,阳,2025-10,2025,09:45,15:00,1.0,-4.3,13:30,15:00,1.0,09:45,15:00,1.0,09:45,15:00,1.0
000628.SZSE,高新发展,2024-10-16,二接三,二接三阴,阴,2024-10,2024,09:45,15:00,5.0,-7.14,11:30,15:00,1.0,09:45,15:00,1.0,,,
000637.SZSE,茂化实华,2025-06-23,二接三,二接三阴,阴,2025-06,2025,09:45,15:00,1.0,-2.8,09:45,15:00,1.0,09:45,15:00,4.0,,,
000655.SZSE,金岭矿业,2025-07-10,二接三,二接三阳,阳,2025-07,2025,09:45,15:00,5.0,-13.2,09:45,15:00,1.0,09:45,15:00,1.0,,,
000655.SZSE,金岭矿业,2025-07-11,三接四,三接四阳,阳,2025-07,2025,11:30,13:30,3.0,-8.37,09:45,15:00,1.0,09:45,15:00,1.0,09:45,15:00,5.0
000656.SZSE,金科股份,2026-07-06,二接三,二接三阳,阳,2026-07,2026,09:45,15:00,1.0,-3.5,09:45,15:00,0.0,09:45,15:00,0.0,,,
000661.SZSE,长春高新,2024-10-08,二接三,二接三阳,阳,2024-10,2024,09:45,15:00,9.0,-4.86,11:15,15:00,4.0,10:30,15:00,1.0,,,
000663.SZSE,永安林业,2025-11-21,二接三,二接三阴,阴,2025-11,2025,09:45,10:15,3.0,-15.03,10:00,15:00,2.0,11:15,15:00,4.0,,,
000665.SZSE,湖北广电,2025-03-10,二接三,二接三阴,阴,2025-03,2025,09:45,15:00,1.0,-5.86,10:00,15:00,1.0,09:45,15:00,0.0,,,
000668.SZSE,荣丰控股,2025-04-18,二接三,二接三阴,阴,2025-04,2025,09:45,09:45,1.0,-12.29,10:15,15:00,4.0,10:00,15:00,2.0,,,
000668.SZSE,荣丰控股,2026-07-27,二接三,二接三阴,阴,2026-07,2026,09:45,09:45,1.0,-11.99,13:15,15:00,1.0,13:15,15:00,1.0,,,
000670.SZSE,盈方微,2024-11-12,二接三,二接三阳,阳,2024-11,2024,09:45,09:45,1.0,-13.24,13:30,15:00,1.0,09:45,15:00,1.0,,,
000670.SZSE,盈方微,2025-04-15,二接三,二接三阳,阳,2025-04,2025,10:00,10:00,1.0,-8.91,09:45,15:00,1.0,09:45,15:00,0.0,,,
000676.SZSE,智度股份,2024-10-09,二接三,二接三阳,阳,2024-10,2024,14:00,14:15,2.0,-6.02,14:00,15:00,4.0,09:45,15:00,0.0,,,
000676.SZSE,智度股份,2026-07-17,二接三,二接三阳,阳,2026-07,2026,09:45,15:00,3.0,-7.02,09:45,15:00,1.0,10:00,15:00,1.0,,,
000678.SZSE,襄阳轴承,2024-08-22,二接三,二接三阳,阳,2024-08,2024,,,,,,,,,,,,,
000678.SZSE,襄阳轴承,2025-03-12,二接三,二接三阳,阳,2025-03,2025,10:30,15:00,1.0,-2.38,11:00,15:00,1.0,09:45,15:00,2.0,,,
000678.SZSE,襄阳轴承,2025-03-13,三接四,三接四阳,阳,2025-03,2025,09:45,15:00,5.0,-7.15,11:00,15:00,1.0,09:45,15:00,2.0,10:30,15:00,1.0
000678.SZSE,襄阳轴承,2025-03-19,二接三,二接三阳,阳,2025-03,2025,10:15,15:00,1.0,-0.99,10:00,15:00,1.0,09:45,15:00,4.0,,,
000678.SZSE,襄阳轴承,2025-03-20,三接四,三接四阳,阳,2025-03,2025,10:00,15:00,3.0,-2.12,10:00,15:00,1.0,09:45,15:00,4.0,10:15,15:00,1.0
000679.SZSE,大连友谊,2024-11-22,二接三,二接三阳,阳,2024-11,2024,10:30,10:30,1.0,-12.95,09:45,15:00,1.0,13:15,15:00,1.0,,,
000679.SZSE,大连友谊,2025-01-15,二接三,二接三阴,阴,2025-01,2025,11:15,11:15,1.0,-8.38,13:15,15:00,2.0,13:45,15:00,3.0,,,
000679.SZSE,大连友谊,2026-06-18,二接三,二接三阴,阴,2026-06,2026,11:30,11:30,1.0,-6.43,13:15,15:00,1.0,13:15,15:00,1.0,,,
000681.SZSE,视觉中国,2024-12-13,二接三,二接三阴,阴,2024-12,2024,09:45,15:00,1.0,-6.58,10:00,15:00,2.0,09:45,15:00,5.0,,,
000681.SZSE,视觉中国,2024-12-16,三接四,三接四阴,阴,2024-12,2024,09:45,15:00,7.0,-5.52,10:00,15:00,2.0,09:45,15:00,5.0,09:45,15:00,1.0
000695.SZSE,滨海能源,2024-11-14,二接三,二接三阳,阳,2024-11,2024,09:45,09:45,1.0,-10.89,09:45,15:00,1.0,11:00,15:00,1.0,,,
000700.SZSE,模塑科技,2026-06-04,二接三,二接三阴,阴,2026-06,2026,10:15,13:30,4.0,-3.34,09:45,15:00,3.0,10:30,15:00,3.0,,,
000702.SZSE,正虹科技,2024-10-29,二接三,二接三阳,阳,2024-10,2024,10:45,11:00,2.0,-7.3,09:45,15:00,4.0,11:15,15:00,1.0,,,
000705.SZSE,浙江震元,2025-07-18,二接三,二接三阴,阴,2025-07,2025,09:45,10:15,2.0,-12.32,09:45,15:00,1.0,09:45,15:00,0.0,,,
000710.SZSE,贝瑞基因,2025-02-11,二接三,二接三阳,阳,2025-02,2025,09:45,15:00,3.0,-3.53,09:45,15:00,4.0,09:45,15:00,1.0,,,
000712.SZSE,锦龙股份,2024-10-08,二接三,二接三阳,阳,2024-10,2024,09:45,15:00,2.0,-8.0,15:00,15:00,1.0,10:45,15:00,4.0,,,
000712.SZSE,锦龙股份,2024-11-28,二接三,二接三阳,阳,2024-11,2024,09:45,15:00,5.0,-8.59,09:45,15:00,6.0,10:15,15:00,1.0,,,
000712.SZSE,锦龙股份,2024-11-29,三接四,三接四阳,阳,2024-11,2024,11:15,15:00,3.0,-8.72,09:45,15:00,6.0,10:15,15:00,1.0,09:45,15:00,5.0
000712.SZSE,锦龙股份,2026-08-31,三接四,三接四阴,阴,2026-08,2026,09:45,15:00,2.0,-8.78,10:00,15:00,2.0,09:45,15:00,0.0,09:45,15:00,0.0
000713.SZSE,国投丰乐,2025-04-09,二接三,二接三阳,阳,2025-04,2025,09:45,09:45,1.0,-13.1,10:30,15:00,9.0,13:15,15:00,0.0,,,
000716.SZSE,黑芝麻,2024-11-05,二接三,二接三阴,阴,2024-11,2024,09:45,15:00,1.0,-6.09,13:30,15:00,1.0,09:45,15:00,2.0,,,
000716.SZSE,黑芝麻,2024-12-02,二接三,二接三阳,阳,2024-12,2024,09:45,15:00,1.0,-4.28,14:45,15:00,1.0,09:45,15:00,0.0,,,
000716.SZSE,黑芝麻,2024-12-03,三接四,三接四阳,阳,2024-12,2024,09:45,15:00,7.0,-9.83,14:45,15:00,1.0,09:45,15:00,0.0,09:45,15:00,1.0
000717.SZSE,中南股份,2024-12-09,二接三,二接三阳,阳,2024-12,2024,10:45,15:00,7.0,-4.7,10:30,15:00,1.0,09:45,15:00,5.0,,,
000718.SZSE,苏宁环球,2025-09-11,二接三,二接三阳,阳,2025-09,2025,10:00,15:00,2.0,-1.66,10:00,15:00,3.0,09:45,15:00,1.0,,,
000718.SZSE,苏宁环球,2025-09-12,三接四,三接四阳,阳,2025-09,2025,09:45,15:00,1.0,-4.23,10:00,15:00,3.0,09:45,15:00,1.0,10:00,15:00,2.0
000720.SZSE,新能泰山,2026-03-27,三接四,三接四阴,阴,2026-03,2026,09:45,15:00,1.0,-1.63,09:45,15:00,0.0,09:45,15:00,0.0,09:45,15:00,0.0
000720.SZSE,新能泰山,2026-04-07,二接三,二接三阴,阴,2026-04,2026,09:45,15:00,1.0,-2.76,09:45,15:00,1.0,10:15,15:00,1.0,,,
000720.SZSE,新能泰山,2026-04-08,三接四,三接四阴,阴,2026-04,2026,09:45,09:45,1.0,-11.0,09:45,15:00,1.0,10:15,15:00,1.0,09:45,15:00,1.0
000722.SZSE,湖南发展,2025-05-21,二接三,二接三阴,阴,2025-05,2025,09:45,15:00,2.0,-12.52,10:15,15:00,1.0,14:15,15:00,2.0,,,
000722.SZSE,湖南发展,2026-03-26,二接三,二接三阴,阴,2026-03,2026,09:45,15:00,4.0,-4.16,09:45,15:00,1.0,09:45,15:00,0.0,,,
000736.SZSE,中交发展,2024-09-19,二接三,二接三阴,阴,2024-09,2024,10:30,13:30,6.0,-6.88,09:45,15:00,6.0,14:00,15:00,2.0,,,
000750.SZSE,国海证券,2024-09-26,二接三,二接三阴,阴,2024-09,2024,14:00,15:00,1.0,-1.75,11:30,15:00,1.0,09:45,15:00,2.0,,,
000750.SZSE,国海证券,2024-09-27,三接四,三接四阴,阴,2024-09,2024,09:45,15:00,1.0,-1.82,11:30,15:00,1.0,09:45,15:00,2.0,14:00,15:00,1.0
000753.SZSE,漳州发展,2024-11-28,二接三,二接三阳,阳,2024-11,2024,09:45,15:00,2.0,-7.5,09:45,15:00,0.0,09:45,15:00,4.0,,,
000753.SZSE,漳州发展,2024-11-29,三接四,三接四阳,阳,2024-11,2024,09:45,15:00,9.0,-9.09,09:45,15:00,0.0,09:45,15:00,4.0,09:45,15:00,2.0
000759.SZSE,中百集团,2024-12-27,二接三,二接三阳,阳,2024-12,2024,09:45,15:00,3.0,-7.4,11:30,15:00,1.0,09:45,15:00,1.0,,,
000759.SZSE,中百集团,2024-12-30,三接四,三接四阳,阳,2024-12,2024,09:45,15:00,5.0,-6.64,11:30,15:00,1.0,09:45,15:00,1.0,09:45,15:00,3.0
000759.SZSE,中百集团,2025-04-10,二接三,二接三阴,阴,2025-04,2025,10:30,15:00,1.0,-2.61,10:15,15:00,1.0,13:15,15:00,1.0,,,
000762.SZSE,西藏矿业,2024-10-08,二接三,二接三阳,阳,2024-10,2024,09:45,15:00,2.0,-7.51,13:15,15:00,3.0,13:45,15:00,3.0,,,
000777.SZSE,中核科技,2026-06-17,二接三,二接三阳,阳,2026-06,2026,09:45,15:00,2.0,-5.22,13:15,15:00,1.0,09:45,15:00,0.0,,,
000783.SZSE,长江证券,2024-09-30,二接三,二接三阳,阳,2024-09,2024,09:45,15:00,2.0,-3.19,14:30,15:00,1.0,11:15,15:00,3.0,,,
000783.SZSE,长江证券,2024-10-08,三接四,三接四阳,阳,2024-10,2024,09:45,15:00,2.0,-6.42,14:30,15:00,1.0,11:15,15:00,3.0,09:45,15:00,2.0
000785.SZSE,居然智家,2024-12-12,二接三,二接三阴,阴,2024-12,2024,09:45,15:00,1.0,-9.05,09:45,15:00,3.0,13:15,15:00,3.0,,,
000785.SZSE,居然智家,2024-12-13,三接四,三接四阴,阴,2024-12,2024,09:45,15:00,2.0,-5.49,09:45,15:00,3.0,13:15,15:00,3.0,09:45,15:00,1.0
000785.SZSE,居然智家,2025-02-12,二接三,二接三阳,阳,2025-02,2025,09:45,15:00,1.0,-5.0,09:45,15:00,2.0,09:45,15:00,0.0,,,
000785.SZSE,居然智家,2025-02-13,三接四,三接四阳,阳,2025-02,2025,10:30,15:00,1.0,-8.89,09:45,15:00,2.0,09:45,15:00,0.0,09:45,15:00,1.0
000798.SZSE,中水渔业,2025-11-18,二接三,二接三阳,阳,2025-11,2025,09:45,15:00,2.0,-3.97,11:15,15:00,4.0,09:45,15:00,0.0,,,
000799.SZSE,酒鬼酒,2024-10-08,三接四,三接四阴,阴,2024-10,2024,09:45,15:00,2.0,-5.43,13:30,15:00,1.0,09:45,15:00,2.0,09:45,15:00,0.0
000801.SZSE,四川九洲,2024-11-20,二接三,二接三阴,阴,2024-11,2024,09:45,15:00,1.0,-2.67,14:30,15:00,1.0,09:45,15:00,0.0,,,
000801.SZSE,四川九洲,2024-11-21,三接四,三接四阴,阴,2024-11,2024,09:45,15:00,1.0,-1.75,14:30,15:00,1.0,09:45,15:00,0.0,09:45,15:00,1.0
000802.SZSE,北京文化,2026-08-12,二接三,二接三阳,阳,2026-08,2026,09:45,15:00,1.0,-2.28,09:45,15:00,1.0,09:45,15:00,0.0,,,
000802.SZSE,北京文化,2026-08-13,三接四,三接四阳,阳,2026-08,2026,09:45,15:00,1.0,-1.76,09:45,15:00,1.0,09:45,15:00,0.0,09:45,15:00,1.0
000810.SZSE,创维数字,2024-08-19,二接三,二接三阳,阳,2024-08,2024,,,,,,,,,,,,,
000811.SZSE,冰轮环境,2025-12-09,二接三,二接三阳,阳,2025-12,2025,10:30,10:45,2.0,-3.37,11:30,15:00,1.0,09:45,15:00,3.0,,,
000811.SZSE,冰轮环境,2026-06-22,二接三,二接三阴,阴,2026-06,2026,13:15,15:00,1.0,-1.15,09:45,15:00,0.0,09:45,15:00,0.0,,,
000813.SZSE,德展健康,2024-12-10,二接三,二接三阳,阳,2024-12,2024,10:00,15:00,7.0,-8.06,10:30,15:00,2.0,09:45,15:00,0.0,,,
000813.SZSE,德展健康,2024-12-16,二接三,二接三阴,阴,2024-12,2024,09:45,14:45,3.0,-11.42,09:45,15:00,1.0,11:00,15:00,10.0,,,
000815.SZSE,美利云,2025-03-18,二接三,二接三阴,阴,2025-03,2025,09:45,10:45,3.0,-6.93,09:45,15:00,1.0,10:30,15:00,1.0,,,
000815.SZSE,美利云,2026-03-09,二接三,二接三阳,阳,2026-03,2026,11:15,15:00,3.0,-5.18,13:15,15:00,3.0,09:45,15:00,1.0,,,
000815.SZSE,美利云,2026-03-10,三接四,三接四阳,阳,2026-03,2026,09:45,09:45,1.0,-10.8,13:15,15:00,3.0,09:45,15:00,1.0,11:15,15:00,3.0
000815.SZSE,美利云,2026-07-22,二接三,二接三阴,阴,2026-07,2026,09:45,15:00,1.0,-3.84,09:45,15:00,0.0,09:45,15:00,1.0,,,
000815.SZSE,美利云,2026-07-23,三接四,三接四阴,阴,2026-07,2026,09:45,15:00,1.0,-9.08,09:45,15:00,0.0,09:45,15:00,1.0,09:45,15:00,1.0
000815.SZSE,美利云,2026-08-04,二接三,二接三阴,阴,2026-08,2026,09:45,15:00,1.0,-3.7,10:30,15:00,1.0,09:45,15:00,3.0,,,
000818.SZSE,航锦科技,2025-02-07,三接四,三接四阳,阳,2025-02,2025,10:30,15:00,4.0,-2.51,09:45,15:00,0.0,09:45,15:00,0.0,09:45,15:00,0.0
000818.SZSE,航锦科技,2025-02-21,二接三,二接三阴,阴,2025-02,2025,09:45,09:45,1.0,-17.75,09:45,15:00,5.0,09:45,15:00,3.0,,,
000820.SZSE,神雾节能,2026-08-03,二接三,二接三阴,阴,2026-08,2026,09:45,15:00,3.0,-6.46,09:45,15:00,0.0,09:45,15:00,0.0,,,
000820.SZSE,神雾节能,2026-08-04,三接四,三接四阴,阴,2026-08,2026,14:45,15:00,1.0,-7.51,09:45,15:00,0.0,09:45,15:00,0.0,09:45,15:00,3.0
000823.SZSE,超声电子,2026-06-26,二接三,二接三阴,阴,2026-06,2026,09:45,15:00,3.0,-4.32,14:45,15:00,1.0,09:45,15:00,1.0,,,
000833.SZSE,粤桂股份,2024-11-13,二接三,二接三阴,阴,2024-11,2024,09:45,15:00,1.0,-5.46,09:45,15:00,1.0,09:45,15:00,4.0,,,
000852.SZSE,石化机械,2025-10-23,三接四,三接四阴,阴,2025-10,2025,09:45,15:00,7.0,-4.07,15:00,15:00,1.0,09:45,15:00,0.0,09:45,15:00,0.0
000856.SZSE,冀东装备,2025-01-22,二接三,二接三阳,阳,2025-01,2025,09:45,15:00,1.0,-5.23,09:45,15:00,1.0,09:45,15:00,0.0,,,
000856.SZSE,冀东装备,2025-01-23,三接四,三接四阳,阳,2025-01,2025,10:00,15:00,2.0,-6.18,09:45,15:00,1.0,09:45,15:00,0.0,09:45,15:00,1.0
000856.SZSE,冀东装备,2025-02-19,二接三,二接三阴,阴,2025-02,2025,09:45,15:00,4.0,-8.68,14:30,15:00,1.0,09:45,15:00,1.0,,,
000856.SZSE,冀东装备,2025-02-20,三接四,三接四阴,阴,2025-02,2025,13:15,15:00,1.0,-3.02,14:30,15:00,1.0,09:45,15:00,1.0,09:45,15:00,4.0
000858.SZSE,五 粮 液,2024-09-30,二接三,二接三阴,阴,2024-09,2024,14:15,15:00,2.0,-1.38,14:30,15:00,1.0,11:30,15:00,4.0,,,
000858.SZSE,五 粮 液,2024-10-08,三接四,三接四阴,阴,2024-10,2024,09:45,09:45,1.0,-12.98,14:30,15:00,1.0,11:30,15:00,4.0,14:15,15:00,2.0
000859.SZSE,国风新材,2024-09-03,二接三,二接三阳,阳,2024-09,2024,09:45,15:00,1.0,-8.69,09:45,15:00,0.0,09:45,15:00,1.0,,,
000859.SZSE,国风新材,2024-10-18,二接三,二接三阴,阴,2024-10,2024,13:15,15:00,1.0,-4.92,09:45,15:00,0.0,11:00,15:00,4.0,,,
000859.SZSE,国风新材,2024-10-21,三接四,三接四阴,阴,2024-10,2024,09:45,15:00,2.0,-4.82,09:45,15:00,0.0,11:00,15:00,4.0,13:15,15:00,1.0
000859.SZSE,国风新材,2025-11-21,二接三,二接三阴,阴,2025-11,2025,11:15,15:00,5.0,-12.9,10:15,15:00,2.0,09:45,15:00,1.0,,,
000859.SZSE,国风新材,2025-11-24,三接四,三接四阴,阴,2025-11,2025,09:45,15:00,2.0,-9.74,10:15,15:00,2.0,09:45,15:00,1.0,11:15,15:00,5.0
000880.SZSE,潍柴重机,2024-11-18,二接三,二接三阳,阳,2024-11,2024,13:15,15:00,4.0,-11.7,10:45,15:00,1.0,10:00,15:00,2.0,,,
000880.SZSE,潍柴重机,2024-12-24,二接三,二接三阳,阳,2024-12,2024,09:45,09:45,1.0,-9.03,13:45,15:00,2.0,09:45,15:00,1.0,,,
000880.SZSE,潍柴重机,2024-12-27,二接三,二接三阴,阴,2024-12,2024,10:45,10:45,1.0,-8.69,09:45,15:00,9.0,09:45,15:00,1.0,,,
000880.SZSE,潍柴重机,2025-02-25,二接三,二接三阳,阳,2025-02,2025,10:15,15:00,5.0,-3.57,09:45,15:00,1.0,09:45,15:00,1.0,,,
000880.SZSE,潍柴重机,2025-03-13,二接三,二接三阳,阳,2025-03,2025,14:45,15:00,1.0,-3.3,10:00,15:00,4.0,09:45,15:00,2.0,,,
000880.SZSE,潍柴重机,2025-07-16,二接三,二接三阴,阴,2025-07,2025,09:45,15:00,1.0,-5.42,10:00,15:00,1.0,10:00,15:00,2.0,,,
000880.SZSE,潍柴重机,2025-07-17,三接四,三接四阴,阴,2025-07,2025,14:45,14:45,1.0,-5.82,10:00,15:00,1.0,10:00,15:00,2.0,09:45,15:00,1.0
000882.SZSE,华联股份,2024-09-30,二接三,二接三阳,阳,2024-09,2024,09:45,15:00,3.0,-3.59,10:15,15:00,1.0,09:45,15:00,1.0,,,
000882.SZSE,华联股份,2024-10-08,三接四,三接四阳,阳,2024-10,2024,09:45,10:15,3.0,-17.39,10:15,15:00,1.0,09:45,15:00,1.0,09:45,15:00,3.0
000882.SZSE,华联股份,2025-01-22,二接三,二接三阴,阴,2025-01,2025,09:45,15:00,5.0,-9.35,10:30,15:00,1.0,09:45,15:00,1.0,,,
000882.SZSE,华联股份,2025-01-23,三接四,三接四阴,阴,2025-01,2025,15:00,15:00,1.0,-6.74,10:30,15:00,1.0,09:45,15:00,1.0,09:45,15:00,5.0
000889.SZSE,中嘉博创,2025-06-09,三接四,三接四阳,阳,2025-06,2025,09:45,15:00,1.0,-7.58,09:45,15:00,0.0,09:45,15:00,0.0,09:45,15:00,0.0
000889.SZSE,中嘉博创,2026-04-10,二接三,二接三阳,阳,2026-04,2026,09:45,15:00,2.0,-5.75,09:45,15:00,1.0,09:45,15:00,1.0,,,
000889.SZSE,中嘉博创,2026-04-16,二接三,二接三阴,阴,2026-04,2026,14:45,14:45,1.0,-4.03,09:45,15:00,1.0,14:45,15:00,1.0,,,
000889.SZSE,中嘉博创,2026-05-08,二接三,二接三阴,阴,2026-05,2026,09:45,09:45,1.0,-9.34,09:45,15:00,1.0,09:45,15:00,1.0,,,
000890.SZSE,法尔胜,2026-02-25,二接三,二接三阳,阳,2026-02,2026,09:45,15:00,6.0,-6.72,11:30,15:00,1.0,09:45,15:00,1.0,,,
000890.SZSE,法尔胜,2026-02-26,三接四,三接四阳,阳,2026-02,2026,09:45,15:00,1.0,-9.48,11:30,15:00,1.0,09:45,15:00,1.0,09:45,15:00,6.0
000890.SZSE,法尔胜,2026-03-16,二接三,二接三阳,阳,2026-03,2026,14:15,15:00,3.0,-4.1,09:45,15:00,3.0,09:45,15:00,1.0,,,
000890.SZSE,法尔胜,2026-03-17,三接四,三接四阳,阳,2026-03,2026,11:00,15:00,1.0,-0.75,09:45,15:00,3.0,09:45,15:00,1.0,14:15,15:00,3.0
000892.SZSE,欢瑞世纪,2025-02-25,二接三,二接三阳,阳,2025-02,2025,09:45,15:00,1.0,-3.63,13:15,15:00,1.0,09:45,15:00,0.0,,,
000892.SZSE,欢瑞世纪,2025-02-26,三接四,三接四阳,阳,2025-02,2025,13:45,15:00,2.0,-4.66,13:15,15:00,1.0,09:45,15:00,0.0,09:45,15:00,1.0
000892.SZSE,欢瑞世纪,2025-07-11,二接三,二接三阳,阳,2025-07,2025,09:45,09:45,1.0,-15.65,10:15,15:00,3.0,09:45,15:00,6.0,,,
000892.SZSE,欢瑞世纪,2025-11-04,二接三,二接三阴,阴,2025-11,2025,10:30,10:45,2.0,-8.45,09:45,15:00,4.0,09:45,15:00,1.0,,,
000892.SZSE,欢瑞世纪,2025-11-25,二接三,二接三阴,阴,2025-11,2025,09:45,15:00,1.0,-11.85,09:45,15:00,1.0,13:30,15:00,2.0,,,
000892.SZSE,欢瑞世纪,2025-11-26,三接四,三接四阴,阴,2025-11,2025,09:45,15:00,3.0,-12.0,09:45,15:00,1.0,13:30,15:00,2.0,09:45,15:00,1.0
000892.SZSE,欢瑞世纪,2026-02-11,二接三,二接三阳,阳,2026-02,2026,09:45,15:00,2.0,-4.66,09:45,15:00,0.0,09:45,15:00,0.0,,,
000892.SZSE,欢瑞世纪,2026-07-13,二接三,二接三阴,阴,2026-07,2026,09:45,09:45,1.0,-15.15,09:45,15:00,2.0,10:15,15:00,1.0,,,
000892.SZSE,欢瑞世纪,2026-09-03,三接四,三接四阳,阳,2026-09,2026,09:45,11:30,2.0,-12.59,09:45,15:00,1.0,09:45,15:00,0.0,09:45,15:00,0.0
000899.SZSE,赣能股份,2026-02-27,二接三,二接三阳,阳,2026-02,2026,09:45,15:00,1.0,-4.86,10:15,15:00,1.0,09:45,15:00,1.0,,,
000899.SZSE,赣能股份,2026-03-02,三接四,三接四阳,阳,2026-03,2026,10:00,10:00,1.0,-9.77,10:15,15:00,1.0,09:45,15:00,1.0,09:45,15:00,1.0
000901.SZSE,航天科技,2025-08-12,二接三,二接三阴,阴,2025-08,2025,09:45,09:45,1.0,-9.11,09:45,15:00,1.0,09:45,15:00,1.0,,,
000901.SZSE,航天科技,2025-12-09,二接三,二接三阳,阳,2025-12,2025,13:30,13:30,1.0,-5.02,10:00,15:00,1.0,09:45,15:00,1.0,,,
000905.SZSE,厦门港务,2025-03-19,二接三,二接三阴,阴,2025-03,2025,09:45,10:30,2.0,-9.95,10:00,15:00,1.0,09:45,15:00,0.0,,,
000905.SZSE,厦门港务,2025-12-09,二接三,二接三阴,阴,2025-12,2025,09:45,15:00,2.0,-4.96,14:45,15:00,1.0,13:45,15:00,1.0,,,
000905.SZSE,厦门港务,2025-12-10,三接四,三接四阴,阴,2025-12,2025,09:45,15:00,5.0,-5.51,14:45,15:00,1.0,13:45,15:00,1.0,09:45,15:00,2.0
000919.SZSE,金陵药业,2026-04-09,二接三,二接三阴,阴,2026-04,2026,09:45,10:00,2.0,-13.57,10:15,15:00,1.0,09:45,15:00,3.0,,,
000926.SZSE,福星股份,2024-09-30,二接三,二接三阳,阳,2024-09,2024,09:45,15:00,7.0,-7.19,11:30,15:00,2.0,11:00,15:00,5.0,,,
000931.SZSE,中 关 村,2026-08-24,二接三,二接三阴,阴,2026-08,2026,09:45,15:00,2.0,-8.04,09:45,15:00,0.0,09:45,15:00,1.0,,,
000936.SZSE,华西股份,2026-08-14,二接三,二接三阴,阴,2026-08,2026,09:45,15:00,2.0,-3.44,10:45,15:00,2.0,09:45,15:00,0.0,,,
000948.SZSE,南天信息,2024-09-23,二接三,二接三阴,阴,2024-09,2024,09:45,10:30,2.0,-8.19,10:45,15:00,4.0,09:45,15:00,1.0,,,
000949.SZSE,新乡化纤,2024-11-20,二接三,二接三阴,阴,2024-11,2024,09:45,15:00,2.0,-6.84,10:45,15:00,3.0,10:30,15:00,2.0,,,
000949.SZSE,新乡化纤,2024-11-21,三接四,三接四阴,阴,2024-11,2024,09:45,09:45,1.0,-13.71,10:45,15:00,3.0,10:30,15:00,2.0,09:45,15:00,2.0
000952.SZSE,广济药业,2025-10-23,二接三,二接三阳,阳,2025-10,2025,09:45,10:45,4.0,-9.59,09:45,15:00,2.0,09:45,15:00,0.0,,,
000952.SZSE,广济药业,2025-11-27,三接四,三接四阴,阴,2025-11,2025,09:45,15:00,2.0,-6.91,09:45,15:00,1.0,11:00,15:00,1.0,09:45,15:00,0.0
000953.SZSE,中哲精化,2024-11-27,二接三,二接三阴,阴,2024-11,2024,09:45,09:45,1.0,-15.81,10:00,15:00,1.0,09:45,15:00,2.0,,,
000953.SZSE,中哲精化,2025-03-31,二接三,二接三阳,阳,2025-03,2025,10:15,11:30,1.0,-10.47,11:00,15:00,1.0,10:00,15:00,1.0,,,
000955.SZSE,欣龙控股,2025-11-04,二接三,二接三阳,阳,2025-11,2025,09:45,09:45,1.0,-8.67,10:00,15:00,1.0,09:45,15:00,1.0,,,
000965.SZSE,天保基建,2025-04-18,二接三,二接三阴,阴,2025-04,2025,09:45,15:00,2.0,-9.76,09:45,15:00,1.0,09:45,15:00,1.0,,,
000965.SZSE,天保基建,2025-04-21,三接四,三接四阴,阴,2025-04,2025,09:45,15:00,1.0,-4.43,09:45,15:00,1.0,09:45,15:00,1.0,09:45,15:00,2.0
000967.SZSE,盈峰环境,2025-02-24,二接三,二接三阴,阴,2025-02,2025,14:00,14:00,1.0,-7.66,13:30,15:00,2.0,10:15,15:00,2.0,,,
000969.SZSE,安泰科技,2025-10-14,三接四,三接四阳,阳,2025-10,2025,09:45,15:00,1.0,-2.67,09:45,15:00,1.0,09:45,15:00,2.0,09:45,15:00,0.0
000969.SZSE,安泰科技,2026-01-13,二接三,二接三阳,阳,2026-01,2026,09:45,09:45,1.0,-9.09,10:00,15:00,2.0,09:45,15:00,1.0,,,
000972.SZSE,中基健康,2025-02-07,三接四,三接四阳,阳,2025-02,2025,09:45,10:30,2.0,-6.25,09:45,15:00,1.0,09:45,15:00,0.0,09:45,15:00,0.0
000977.SZSE,浪潮信息,2024-10-08,二接三,二接三阳,阳,2024-10,2024,09:45,15:00,5.0,-7.56,14:30,15:00,1.0,14:00,15:00,1.0,,,
000980.SZSE,众泰汽车,2024-10-08,二接三,二接三阳,阳,2024-10,2024,09:45,15:00,2.0,-8.72,10:30,15:00,1.0,09:45,15:00,8.0,,,
000980.SZSE,众泰汽车,2024-11-06,二接三,二接三阴,阴,2024-11,2024,10:45,15:00,5.0,-6.33,09:45,15:00,1.0,09:45,15:00,3.0,,,
000981.SZSE,山子高科,2024-11-07,二接三,二接三阳,阳,2024-11,2024,09:45,15:00,1.0,-9.34,11:00,15:00,1.0,09:45,15:00,4.0,,,
000981.SZSE,山子高科,2024-12-09,三接四,三接四阴,阴,2024-12,2024,09:45,15:00,2.0,-13.62,09:45,15:00,3.0,09:45,15:00,1.0,09:45,15:00,0.0
000981.SZSE,山子高科,2025-09-16,二接三,二接三阳,阳,2025-09,2025,13:30,15:00,2.0,-2.68,10:15,15:00,8.0,09:45,15:00,2.0,,,
000981.SZSE,山子高科,2025-09-17,三接四,三接四阳,阳,2025-09,2025,09:45,15:00,2.0,-7.03,10:15,15:00,8.0,09:45,15:00,2.0,13:30,15:00,2.0
000981.SZSE,山子高科,2025-10-09,二接三,二接三阳,阳,2025-10,2025,09:45,15:00,2.0,-8.8,09:45,15:00,1.0,09:45,15:00,5.0,,,
000993.SZSE,闽东电力,2025-11-06,二接三,二接三阴,阴,2025-11,2025,09:45,15:00,1.0,-0.42,10:00,15:00,1.0,10:45,15:00,1.0,,,
000995.SZSE,皇台酒业,2024-09-30,二接三,二接三阴,阴,2024-09,2024,11:15,15:00,4.0,-3.16,15:00,15:00,1.0,15:00,15:00,1.0,,,
000995.SZSE,皇台酒业,2026-02-02,二接三,二接三阳,阳,2026-02,2026,10:00,15:00,6.0,-9.13,13:30,15:00,1.0,09:45,15:00,1.0,,,
000995.SZSE,皇台酒业,2026-02-03,三接四,三接四阳,阳,2026-02,2026,09:45,15:00,2.0,-10.64,13:30,15:00,1.0,09:45,15:00,1.0,10:00,15:00,6.0
001202.SZSE,炬申股份,2025-03-25,二接三,二接三阳,阳,2025-03,2025,09:45,09:45,1.0,-13.57,10:15,15:00,1.0,09:45,15:00,0.0,,,
001203.SZSE,大中矿业,2025-10-31,二接三,二接三阴,阴,2025-10,2025,09:45,15:00,7.0,-2.1,10:00,15:00,0.0,09:45,15:00,1.0,,,
001203.SZSE,大中矿业,2025-11-17,二接三,二接三阴,阴,2025-11,2025,09:45,15:00,2.0,-4.82,09:45,15:00,2.0,09:45,15:00,1.0,,,
001208.SZSE,华菱线缆,2025-12-16,三接四,三接四阴,阴,2025-12,2025,09:45,15:00,1.0,-3.14,09:45,15:00,0.0,09:45,15:00,0.0,09:45,15:00,0.0
001209.SZSE,洪兴股份,2024-11-29,二接三,二接三阳,阳,2024-11,2024,14:15,15:00,1.0,-4.87,09:45,15:00,0.0,09:45,15:00,0.0,,,
001209.SZSE,洪兴股份,2024-12-02,三接四,三接四阳,阳,2024-12,2024,10:45,15:00,5.0,-3.96,09:45,15:00,0.0,09:45,15:00,0.0,14:15,15:00,1.0
001209.SZSE,洪兴股份,2025-11-07,二接三,二接三阳,阳,2025-11,2025,09:45,15:00,1.0,-9.03,14:30,15:00,1.0,09:45,15:00,1.0,,,
001209.SZSE,洪兴股份,2025-11-10,三接四,三接四阳,阳,2025-11,2025,09:45,15:00,1.0,-4.72,14:30,15:00,1.0,09:45,15:00,1.0,09:45,15:00,1.0
001209.SZSE,洪兴股份,2026-02-27,二接三,二接三阳,阳,2026-02,2026,10:30,15:00,1.0,-10.82,13:15,15:00,1.0,10:00,15:00,1.0,,,
001211.SZSE,双枪科技,2024-10-29,二接三,二接三阴,阴,2024-10,2024,09:45,09:45,1.0,-12.5,10:15,15:00,1.0,09:45,15:00,1.0,,,
001216.SZSE,华瓷股份,2025-11-18,二接三,二接三阳,阳,2025-11,2025,09:45,15:00,1.0,-8.83,13:30,15:00,1.0,09:45,15:00,1.0,,,
001216.SZSE,华瓷股份,2025-11-19,三接四,三接四阳,阳,2025-11,2025,09:45,15:00,1.0,-4.32,13:30,15:00,1.0,09:45,15:00,1.0,09:45,15:00,1.0
001222.SZSE,源飞宠物,2024-12-04,二接三,二接三阴,阴,2024-12,2024,10:00,15:00,4.0,-7.23,10:00,15:00,1.0,09:45,15:00,1.0,,,
001222.SZSE,源飞宠物,2025-05-21,二接三,二接三阳,阳,2025-05,2025,10:00,10:30,2.0,-9.74,13:15,15:00,1.0,09:45,15:00,2.0,,,
001223.SZSE,欧克科技,2026-08-04,二接三,二接三阴,阴,2026-08,2026,14:00,15:00,4.0,-1.83,10:00,15:00,1.0,13:15,15:00,1.0,,,
001225.SZSE,和泰机电,2026-05-25,二接三,二接三阴,阴,2026-05,2026,09:45,09:45,1.0,-11.91,10:00,15:00,1.0,09:45,15:00,1.0,,,
001229.SZSE,魅视科技,2026-08-05,二接三,二接三阴,阴,2026-08,2026,11:15,15:00,3.0,-4.13,09:45,15:00,1.0,11:00,15:00,1.0,,,
001230.SZSE,劲旅环境,2025-05-30,三接四,三接四阳,阳,2025-05,2025,09:45,09:45,1.0,-12.24,09:45,15:00,1.0,09:45,15:00,0.0,09:45,15:00,0.0
001231.SZSE,农心科技,2025-10-27,二接三,二接三阳,阳,2025-10,2025,15:00,15:00,1.0,-7.75,14:45,15:00,1.0,10:30,15:00,2.0,,,
001231.SZSE,农心科技,2026-01-06,二接三,二接三阴,阴,2026-01,2026,09:45,15:00,1.0,-4.28,13:45,15:00,1.0,09:45,15:00,2.0,,,
001234.SZSE,泰慕士,2025-04-15,三接四,三接四阳,阳,2025-04,2025,09:45,15:00,3.0,-7.23,10:45,15:00,1.0,10:00,15:00,1.0,09:45,15:00,0.0
001234.SZSE,泰慕士,2026-04-24,二接三,二接三阴,阴,2026-04,2026,10:00,15:00,1.0,-2.52,14:00,15:00,1.0,09:45,15:00,1.0,,,
001236.SZSE,弘业期货,2024-09-19,二接三,二接三阳,阳,2024-09,2024,10:15,14:30,3.0,-5.43,09:45,15:00,1.0,13:30,15:00,1.0,,,
001255.SZSE,博菲电气,2024-11-19,二接三,二接三阴,阴,2024-11,2024,09:45,15:00,3.0,-13.67,13:30,15:00,3.0,10:15,15:00,2.0,,,
001255.SZSE,博菲电气,2025-12-18,二接三,二接三阴,阴,2025-12,2025,09:45,15:00,1.0,-16.38,09:45,15:00,1.0,09:45,15:00,1.0,,,
001255.SZSE,博菲电气,2026-01-14,二接三,二接三阴,阴,2026-01,2026,09:45,15:00,1.0,-5.74,13:45,15:00,1.0,09:45,15:00,1.0,,,
001255.SZSE,博菲电气,2026-01-15,三接四,三接四阴,阴,2026-01,2026,09:45,15:00,1.0,-8.95,13:45,15:00,1.0,09:45,15:00,1.0,09:45,15:00,1.0
001257.SZSE,盛龙股份,2026-06-15,二接三,二接三阳,阳,2026-06,2026,09:45,15:00,3.0,-3.31,09:45,15:00,4.0,09:45,15:00,0.0,,,
001257.SZSE,盛龙股份,2026-06-16,三接四,三接四阳,阳,2026-06,2026,09:45,15:00,1.0,-7.45,09:45,15:00,4.0,09:45,15:00,0.0,09:45,15:00,3.0
001258.SZSE,立新能源,2024-12-25,二接三,二接三阳,阳,2024-12,2024,09:45,09:45,1.0,-12.75,09:45,15:00,2.0,09:45,15:00,1.0,,,
001258.SZSE,立新能源,2026-07-20,二接三,二接三阳,阳,2026-07,2026,09:45,15:00,2.0,-7.69,13:15,15:00,3.0,10:00,15:00,1.0,,,
001258.SZSE,立新能源,2026-07-21,三接四,三接四阳,阳,2026-07,2026,09:45,15:00,4.0,-4.6,13:15,15:00,3.0,10:00,15:00,1.0,09:45,15:00,2.0
001266.SZSE,宏英智能,2025-12-31,二接三,二接三阴,阴,2025-12,2025,09:45,15:00,1.0,-5.69,10:30,15:00,1.0,09:45,15:00,1.0,,,
001267.SZSE,汇绿生态,2024-10-31,二接三,二接三阳,阳,2024-10,2024,09:45,09:45,1.0,-10.17,09:45,15:00,1.0,09:45,15:00,0.0,,,
001267.SZSE,汇绿生态,2025-10-22,二接三,二接三阳,阳,2025-10,2025,10:00,10:45,4.0,-7.57,09:45,15:00,2.0,09:45,15:00,2.0,,,
001267.SZSE,汇绿生态,2026-08-06,二接三,二接三阴,阴,2026-08,2026,13:15,15:00,2.0,-4.3,11:30,15:00,1.0,09:45,15:00,1.0,,,
001267.SZSE,汇绿生态,2026-08-07,三接四,三接四阴,阴,2026-08,2026,11:30,15:00,3.0,-2.79,11:30,15:00,1.0,09:45,15:00,1.0,13:15,15:00,2.0
001270.SZSE,铖昌科技,2025-04-11,二接三,二接三阳,阳,2025-04,2025,13:30,13:30,1.0,-6.6,09:45,15:00,1.0,09:45,15:00,1.0,,,
001277.SZSE,速达股份,2026-08-21,二接三,二接三阳,阳,2026-08,2026,09:45,09:45,1.0,-13.51,09:45,15:00,1.0,09:45,15:00,1.0,,,
001296.SZSE,长江材料,2025-11-25,二接三,二接三阴,阴,2025-11,2025,09:45,15:00,1.0,-2.75,13:45,15:00,2.0,10:45,15:00,1.0,,,
001296.SZSE,长江材料,2025-11-26,三接四,三接四阴,阴,2025-11,2025,09:45,09:45,1.0,-18.2,13:45,15:00,2.0,10:45,15:00,1.0,09:45,15:00,1.0
001298.SZSE,好上好,2024-08-20,二接三,二接三阳,阳,2024-08,2024,,,,,,,,,,,,,
001298.SZSE,好上好,2024-09-09,二接三,二接三阳,阳,2024-09,2024,09:45,15:00,6.0,-11.78,14:45,15:00,1.0,11:30,15:00,1.0,,,
001298.SZSE,好上好,2025-06-27,二接三,二接三阳,阳,2025-06,2025,11:30,15:00,7.0,-7.56,10:00,15:00,1.0,10:15,15:00,1.0,,,
001298.SZSE,好上好,2025-06-30,三接四,三接四阳,阳,2025-06,2025,09:45,15:00,1.0,-1.94,10:00,15:00,1.0,10:15,15:00,1.0,11:30,15:00,7.0
001299.SZSE,美能能源,2026-04-14,二接三,二接三阳,阳,2026-04,2026,09:45,15:00,1.0,-8.31,11:00,15:00,1.0,09:45,15:00,2.0,,,
001309.SZSE,德明利,2025-09-23,二接三,二接三阴,阴,2025-09,2025,14:30,15:00,2.0,-1.79,09:45,15:00,4.0,09:45,15:00,1.0,,,
001316.SZSE,润贝航科,2025-05-07,二接三,二接三阳,阳,2025-05,2025,09:45,15:00,1.0,-5.21,09:45,15:00,1.0,10:15,15:00,1.0,,,
001316.SZSE,润贝航科,2025-05-08,三接四,三接四阳,阳,2025-05,2025,10:15,15:00,2.0,-6.1,09:45,15:00,1.0,10:15,15:00,1.0,09:45,15:00,1.0
001317.SZSE,三羊马,2025-12-17,二接三,二接三阴,阴,2025-12,2025,09:45,15:00,5.0,-12.59,10:30,15:00,1.0,09:45,15:00,1.0,,,
001317.SZSE,三羊马,2025-12-18,三接四,三接四阴,阴,2025-12,2025,09:45,09:45,1.0,-16.47,10:30,15:00,1.0,09:45,15:00,1.0,09:45,15:00,5.0
001318.SZSE,阳光乳业,2025-03-18,二接三,二接三阴,阴,2025-03,2025,09:45,15:00,1.0,-7.73,09:45,15:00,2.0,09:45,15:00,1.0,,,
001318.SZSE,阳光乳业,2025-03-19,三接四,三接四阴,阴,2025-03,2025,09:45,15:00,1.0,-3.3,09:45,15:00,2.0,09:45,15:00,1.0,09:45,15:00,1.0
001318.SZSE,阳光乳业,2025-07-31,二接三,二接三阳,阳,2025-07,2025,09:45,15:00,4.0,-7.99,09:45,15:00,2.0,09:45,15:00,1.0,,,
001319.SZSE,铭科精技,2024-11-06,二接三,二接三阳,阳,2024-11,2024,09:45,09:45,1.0,-12.72,13:15,15:00,4.0,13:30,15:00,1.0,,,
001330.SZSE,博纳影业,2025-08-27,二接三,二接三阳,阳,2025-08,2025,09:45,09:45,1.0,-16.1,10:15,15:00,3.0,09:45,15:00,1.0,,,
001330.SZSE,博纳影业,2025-12-10,二接三,二接三阳,阳,2025-12,2025,09:45,15:00,1.0,-6.66,10:45,15:00,1.0,09:45,15:00,3.0,,,
001330.SZSE,博纳影业,2025-12-11,三接四,三接四阳,阳,2025-12,2025,09:45,10:15,2.0,-5.97,10:45,15:00,1.0,09:45,15:00,3.0,09:45,15:00,1.0
001330.SZSE,博纳影业,2026-02-11,二接三,二接三阳,阳,2026-02,2026,09:45,10:15,3.0,-6.12,09:45,15:00,2.0,09:45,15:00,1.0,,,
001333.SZSE,光华股份,2025-04-01,二接三,二接三阳,阳,2025-04,2025,09:45,15:00,1.0,-1.34,09:45,15:00,0.0,09:45,15:00,1.0,,,
001336.SZSE,楚环科技,2025-12-23,二接三,二接三阳,阳,2025-12,2025,14:00,15:00,1.0,-9.04,11:00,15:00,1.0,09:45,15:00,1.0,,,
001337.SZSE,四川黄金,2026-01-27,二接三,二接三阳,阳,2026-01,2026,14:45,15:00,1.0,-1.43,14:15,15:00,2.0,10:15,15:00,2.0,,,
001337.SZSE,四川黄金,2026-01-28,三接四,三接四阳,阳,2026-01,2026,10:00,15:00,1.0,-0.3,14:15,15:00,2.0,10:15,15:00,2.0,14:45,15:00,1.0
001358.SZSE,兴欣新材,2026-07-29,二接三,二接三阴,阴,2026-07,2026,09:45,15:00,2.0,-6.34,14:00,15:00,1.0,09:45,15:00,1.0,,,
001367.SZSE,海森药业,2025-05-26,二接三,二接三阳,阳,2025-05,2025,09:45,14:15,2.0,-8.93,10:15,15:00,1.0,09:45,15:00,0.0,,,
001388.SZSE,信通电子,2026-07-15,二接三,二接三阳,阳,2026-07,2026,09:45,15:00,3.0,-5.61,13:45,15:00,1.0,09:45,15:00,1.0,,,
001395.SZSE,亚联机械,2025-04-17,二接三,二接三阳,阳,2025-04,2025,10:30,15:00,1.0,-3.83,09:45,15:00,1.0,10:15,15:00,1.0,,,
001395.SZSE,亚联机械,2025-04-18,三接四,三接四阳,阳,2025-04,2025,09:45,15:00,6.0,-7.18,09:45,15:00,1.0,10:15,15:00,1.0,10:30,15:00,1.0
001395.SZSE,亚联机械,2026-07-13,二接三,二接三阴,阴,2026-07,2026,10:00,15:00,4.0,-4.73,09:45,15:00,0.0,09:45,15:00,1.0,,,
001396.SZSE,誉帆科技,2026-02-26,二接三,二接三阳,阳,2026-02,2026,10:00,10:00,1.0,-9.65,11:30,15:00,3.0,10:15,15:00,1.0,,,
001400.SZSE,江顺科技,2026-01-08,二接三,二接三阴,阴,2026-01,2026,09:45,15:00,2.0,-9.09,14:30,15:00,1.0,10:15,15:00,5.0,,,
001400.SZSE,江顺科技,2026-01-09,三接四,三接四阴,阴,2026-01,2026,10:00,15:00,1.0,-4.02,14:30,15:00,1.0,10:15,15:00,5.0,09:45,15:00,2.0
001696.SZSE,宗申动力,2024-10-22,二接三,二接三阳,阳,2024-10,2024,09:45,15:00,2.0,-4.28,11:00,15:00,2.0,09:45,15:00,1.0,,,
001696.SZSE,宗申动力,2024-10-23,三接四,三接四阳,阳,2024-10,2024,11:30,13:45,2.0,-5.99,11:00,15:00,2.0,09:45,15:00,1.0,09:45,15:00,2.0
001696.SZSE,宗申动力,2024-10-29,二接三,二接三阳,阳,2024-10,2024,13:45,14:45,4.0,-5.53,09:45,15:00,3.0,09:45,15:00,2.0,,,
001696.SZSE,宗申动力,2026-06-10,二接三,二接三阳,阳,2026-06,2026,09:45,13:45,4.0,-7.82,09:45,15:00,1.0,09:45,15:00,1.0,,,
002006.SZSE,精工科技,2024-11-21,二接三,二接三阳,阳,2024-11,2024,09:45,10:15,2.0,-10.26,13:30,15:00,2.0,09:45,15:00,2.0,,,
002009.SZSE,天奇股份,2025-12-29,二接三,二接三阳,阳,2025-12,2025,09:45,15:00,4.0,-7.98,09:45,15:00,0.0,09:45,15:00,0.0,,,
002009.SZSE,天奇股份,2025-12-30,三接四,三接四阳,阳,2025-12,2025,09:45,15:00,2.0,-7.08,09:45,15:00,0.0,09:45,15:00,0.0,09:45,15:00,4.0
002015.SZSE,协鑫能科,2025-06-18,三接四,三接四阳,阳,2025-06,2025,09:45,15:00,1.0,-3.47,09:45,15:00,0.0,09:45,15:00,1.0,09:45,15:00,0.0
002016.SZSE,世荣兆业,2025-02-12,三接四,三接四阳,阳,2025-02,2025,09:45,09:45,1.0,-13.82,11:15,15:00,1.0,09:45,15:00,1.0,09:45,15:00,0.0
002017.SZSE,东信和平,2025-06-18,二接三,二接三阴,阴,2025-06,2025,13:45,15:00,1.0,-1.99,09:45,15:00,1.0,09:45,15:00,6.0,,,
002017.SZSE,东信和平,2025-06-19,三接四,三接四阴,阴,2025-06,2025,09:45,13:15,3.0,-5.55,09:45,15:00,1.0,09:45,15:00,6.0,13:45,15:00,1.0
002017.SZSE,东信和平,2025-07-23,二接三,二接三阳,阳,2025-07,2025,11:30,13:15,2.0,-7.2,09:45,15:00,0.0,09:45,15:00,1.0,,,
002021.SZSE,中捷资源,2024-11-01,二接三,二接三阴,阴,2024-11,2024,09:45,09:45,1.0,-17.33,13:30,15:00,2.0,09:45,15:00,4.0,,,
002029.SZSE,七 匹 狼,2024-12-03,二接三,二接三阳,阳,2024-12,2024,09:45,14:45,3.0,-9.01,10:15,15:00,1.0,09:45,15:00,1.0,,,
002031.SZSE,巨轮智能,2024-11-06,二接三,二接三阴,阴,2024-11,2024,10:30,10:30,1.0,-8.41,09:45,15:00,1.0,13:15,15:00,4.0,,,
002031.SZSE,巨轮智能,2024-12-04,三接四,三接四阳,阳,2024-12,2024,09:45,15:00,1.0,-3.69,13:30,15:00,1.0,09:45,15:00,0.0,09:45,15:00,0.0
002036.SZSE,联创电子,2024-09-10,二接三,二接三阳,阳,2024-09,2024,10:00,15:00,1.0,-6.23,09:45,15:00,4.0,09:45,15:00,0.0,,,
002036.SZSE,联创电子,2025-02-10,二接三,二接三阳,阳,2025-02,2025,11:30,15:00,3.0,-3.5,13:15,15:00,1.0,09:45,15:00,0.0,,,
002036.SZSE,联创电子,2025-02-11,三接四,三接四阳,阳,2025-02,2025,09:45,15:00,3.0,-4.59,13:15,15:00,1.0,09:45,15:00,0.0,11:30,15:00,3.0
002037.SZSE,保利联合,2025-07-24,三接四,三接四阴,阴,2025-07,2025,09:45,15:00,1.0,-2.04,09:45,15:00,0.0,09:45,15:00,0.0,09:45,15:00,0.0
002040.SZSE,南 京 港,2025-05-16,三接四,三接四阴,阴,2025-05,2025,09:45,15:00,2.0,-6.26,14:30,15:00,1.0,09:45,15:00,2.0,09:45,15:00,0.0
002044.SZSE,美年健康,2026-01-14,三接四,三接四阳,阳,2026-01,2026,09:45,15:00,1.0,-1.84,09:45,15:00,1.0,09:45,15:00,0.0,09:45,15:00,0.0
002045.SZSE,国光电器,2024-11-19,二接三,二接三阳,阳,2024-11,2024,10:00,15:00,2.0,-9.64,10:45,15:00,4.0,13:15,15:00,3.0,,,
002045.SZSE,国光电器,2024-11-20,三接四,三接四阳,阳,2024-11,2024,09:45,15:00,3.0,-7.04,10:45,15:00,4.0,13:15,15:00,3.0,10:00,15:00,2.0
002046.SZSE,国机精工,2025-08-06,二接三,二接三阴,阴,2025-08,2025,09:45,15:00,1.0,-6.51,10:15,15:00,1.0,09:45,15:00,6.0,,,
002046.SZSE,国机精工,2025-08-07,三接四,三接四阴,阴,2025-08,2025,09:45,15:00,1.0,-4.82,10:15,15:00,1.0,09:45,15:00,6.0,09:45,15:00,1.0
002047.SZSE,宝鹰股份,2024-11-04,三接四,三接四阳,阳,2024-11,2024,09:45,09:45,1.0,-17.35,10:15,15:00,8.0,09:45,15:00,0.0,09:45,15:00,0.0
002047.SZSE,宝鹰股份,2026-08-13,二接三,二接三阳,阳,2026-08,2026,14:30,15:00,3.0,-5.57,09:45,15:00,1.0,09:45,15:00,1.0,,,
002051.SZSE,中工国际,2026-04-09,二接三,二接三阴,阴,2026-04,2026,09:45,11:00,2.0,-9.31,09:45,15:00,8.0,09:45,15:00,1.0,,,
002052.SZSE,同洲电子,2025-08-13,二接三,二接三阴,阴,2025-08,2025,09:45,15:00,3.0,-3.42,10:45,15:00,1.0,09:45,15:00,1.0,,,
002052.SZSE,同洲电子,2025-08-19,二接三,二接三阴,阴,2025-08,2025,09:45,15:00,5.0,-6.79,10:00,15:00,1.0,09:45,15:00,0.0,,,
002053.SZSE,云南能投,2025-08-29,二接三,二接三阳,阳,2025-08,2025,14:00,15:00,1.0,-0.93,13:15,15:00,3.0,09:45,15:00,4.0,,,
002058.SZSE,紫竹高科,2024-12-20,二接三,二接三阴,阴,2024-12,2024,09:45,09:45,1.0,-15.2,11:30,15:00,1.0,09:45,15:00,0.0,,,
002058.SZSE,紫竹高科,2025-02-19,二接三,二接三阴,阴,2025-02,2025,09:45,15:00,1.0,-10.88,13:30,15:00,1.0,13:30,15:00,3.0,,,
002058.SZSE,紫竹高科,2025-02-20,三接四,三接四阴,阴,2025-02,2025,09:45,15:00,5.0,-9.08,13:30,15:00,1.0,13:30,15:00,3.0,09:45,15:00,1.0
002059.SZSE,云南旅游,2025-09-22,三接四,三接四阳,阳,2025-09,2025,09:45,15:00,3.0,-5.81,09:45,15:00,2.0,09:45,15:00,1.0,09:45,15:00,0.0
002065.SZSE,东华软件,2024-11-13,二接三,二接三阳,阳,2024-11,2024,09:45,10:00,2.0,-5.51,09:45,15:00,0.0,09:45,15:00,0.0,,,
002065.SZSE,东华软件,2025-02-19,二接三,二接三阳,阳,2025-02,2025,10:30,15:00,4.0,-5.93,09:45,15:00,0.0,09:45,15:00,0.0,,,
002065.SZSE,东华软件,2025-02-20,三接四,三接四阳,阳,2025-02,2025,10:00,15:00,4.0,-5.1,09:45,15:00,0.0,09:45,15:00,0.0,10:30,15:00,4.0
002067.SZSE,景兴纸业,2024-12-26,二接三,二接三阴,阴,2024-12,2024,09:45,15:00,1.0,-7.61,09:45,15:00,0.0,09:45,15:00,2.0,,,
002068.SZSE,黑猫股份,2026-06-23,二接三,二接三阴,阴,2026-06,2026,09:45,15:00,6.0,-6.72,10:00,15:00,1.0,10:15,15:00,4.0,,,
002072.SZSE,凯瑞德,2026-08-28,二接三,二接三阳,阳,2026-08,2026,13:30,13:45,2.0,-7.15,11:30,15:00,3.0,09:45,15:00,3.0,,,
002077.SZSE,大港股份,2024-11-12,二接三,二接三阳,阳,2024-11,2024,09:45,10:45,1.0,-12.14,13:30,15:00,1.0,09:45,15:00,1.0,,,
002080.SZSE,中材科技,2026-06-17,二接三,二接三阴,阴,2026-06,2026,09:45,15:00,6.0,-8.07,11:00,15:00,1.0,10:45,15:00,3.0,,,
002080.SZSE,中材科技,2026-06-26,二接三,二接三阴,阴,2026-06,2026,09:45,10:00,2.0,-7.28,10:30,15:00,5.0,10:00,15:00,1.0,,,
002081.SZSE,金 螳 螂,2026-04-21,二接三,二接三阳,阳,2026-04,2026,09:45,15:00,1.0,-3.56,09:45,15:00,1.0,11:15,15:00,1.0,,,
002081.SZSE,金 螳 螂,2026-04-30,二接三,二接三阴,阴,2026-04,2026,10:30,15:00,3.0,-4.07,10:00,15:00,3.0,09:45,15:00,2.0,,,
002081.SZSE,金 螳 螂,2026-05-06,三接四,三接四阴,阴,2026-05,2026,09:45,15:00,1.0,-5.24,10:00,15:00,3.0,09:45,15:00,2.0,10:30,15:00,3.0
002081.SZSE,金 螳 螂,2026-08-14,二接三,二接三阳,阳,2026-08,2026,09:45,15:00,3.0,-12.1,09:45,15:00,1.0,09:45,15:00,0.0,,,
002081.SZSE,金 螳 螂,2026-08-17,三接四,三接四阳,阳,2026-08,2026,09:45,15:00,4.0,-5.5,09:45,15:00,1.0,09:45,15:00,0.0,09:45,15:00,3.0
002083.SZSE,孚日股份,2025-10-21,二接三,二接三阴,阴,2025-10,2025,10:45,10:45,1.0,-8.26,11:30,15:00,3.0,09:45,15:00,1.0,,,
002083.SZSE,孚日股份,2025-11-11,三接四,三接四阳,阳,2025-11,2025,09:45,15:00,3.0,-5.76,13:15,15:00,1.0,09:45,15:00,1.0,09:45,15:00,0.0
002083.SZSE,孚日股份,2026-07-27,二接三,二接三阳,阳,2026-07,2026,09:45,13:15,2.0,-11.92,10:00,15:00,2.0,09:45,15:00,2.0,,,
002084.SZSE,海鸥住工,2025-04-07,二接三,二接三阳,阳,2025-04,2025,09:45,15:00,1.0,-2.37,10:00,15:00,1.0,11:15,15:00,1.0,,,
002085.SZSE,万丰奥威,2024-11-01,二接三,二接三阴,阴,2024-11,2024,09:45,15:00,3.0,-8.39,09:45,15:00,1.0,09:45,15:00,1.0,,,
002086.SZSE,东方海洋,2024-11-08,二接三,二接三阳,阳,2024-11,2024,09:45,15:00,5.0,-6.67,11:15,15:00,1.0,09:45,15:00,1.0,,,
002086.SZSE,东方海洋,2025-03-18,三接四,三接四阳,阳,2025-03,2025,09:45,15:00,10.0,-5.87,13:15,15:00,1.0,09:45,15:00,0.0,09:45,15:00,0.0
002090.SZSE,金智科技,2025-01-22,二接三,二接三阳,阳,2025-01,2025,09:45,10:30,2.0,-12.12,09:45,15:00,1.0,09:45,15:00,0.0,,,
002093.SZSE,国脉科技,2025-03-11,三接四,三接四阳,阳,2025-03,2025,10:00,10:00,1.0,-10.86,09:45,15:00,1.0,09:45,15:00,0.0,09:45,15:00,0.0
002094.SZSE,青岛金王,2024-10-15,二接三,二接三阴,阴,2024-10,2024,09:45,15:00,1.0,-9.47,10:30,15:00,1.0,09:45,15:00,2.0,,,
002094.SZSE,青岛金王,2024-10-16,三接四,三接四阴,阴,2024-10,2024,09:45,09:45,1.0,-11.39,10:30,15:00,1.0,09:45,15:00,2.0,09:45,15:00,1.0
002094.SZSE,青岛金王,2024-10-23,二接三,二接三阳,阳,2024-10,2024,09:45,15:00,1.0,-9.6,13:15,15:00,1.0,14:45,15:00,1.0,,,
002094.SZSE,青岛金王,2024-10-24,三接四,三接四阳,阳,2024-10,2024,09:45,15:00,3.0,-9.59,13:15,15:00,1.0,14:45,15:00,1.0,09:45,15:00,1.0
002094.SZSE,青岛金王,2024-10-30,三接四,三接四阳,阳,2024-10,2024,09:45,15:00,1.0,-4.22,14:15,15:00,1.0,09:45,15:00,1.0,09:45,15:00,0.0
002094.SZSE,青岛金王,2025-04-10,二接三,二接三阴,阴,2025-04,2025,10:00,15:00,2.0,-4.41,14:15,15:00,1.0,13:45,15:00,1.0,,,
002094.SZSE,青岛金王,2025-04-11,三接四,三接四阴,阴,2025-04,2025,09:45,09:45,1.0,-16.4,14:15,15:00,1.0,13:45,15:00,1.0,10:00,15:00,2.0
002094.SZSE,青岛金王,2025-04-23,二接三,二接三阴,阴,2025-04,2025,09:45,15:00,1.0,-1.57,10:15,15:00,4.0,09:45,15:00,1.0,,,
002095.SZSE,生 意 宝,2024-11-22,三接四,三接四阴,阴,2024-11,2024,09:45,15:00,1.0,-1.91,13:30,15:00,1.0,10:15,15:00,1.0,09:45,15:00,0.0
002095.SZSE,生 意 宝,2024-11-29,二接三,二接三阴,阴,2024-11,2024,09:45,15:00,6.0,-11.43,10:00,15:00,3.0,09:45,15:00,2.0,,,
002095.SZSE,生 意 宝,2024-12-02,三接四,三接四阴,阴,2024-12,2024,10:30,13:45,6.0,-7.31,10:00,15:00,3.0,09:45,15:00,2.0,09:45,15:00,6.0
002097.SZSE,山河智能,2025-07-24,三接四,三接四阴,阴,2025-07,2025,09:45,15:00,1.0,-4.17,13:15,15:00,1.0,09:45,15:00,2.0,09:45,15:00,0.0
002098.SZSE,浔兴股份,2025-04-18,三接四,三接四阴,阴,2025-04,2025,09:45,11:15,3.0,-8.03,10:45,15:00,2.0,09:45,15:00,0.0,09:45,15:00,0.0
002099.SZSE,海翔药业,2026-02-10,二接三,二接三阴,阴,2026-02,2026,10:15,13:15,2.0,-10.01,11:15,15:00,1.0,09:45,15:00,2.0,,,
002103.SZSE,广博股份,2024-11-22,二接三,二接三阳,阳,2024-11,2024,10:00,15:00,4.0,-6.64,10:00,15:00,1.0,10:00,15:00,2.0,,,
002104.SZSE,恒宝股份,2024-09-09,二接三,二接三阳,阳,2024-09,2024,10:00,10:00,1.0,-13.68,09:45,15:00,1.0,09:45,15:00,0.0,,,
002104.SZSE,恒宝股份,2025-06-03,二接三,二接三阳,阳,2025-06,2025,09:45,15:00,2.0,-6.53,11:15,15:00,2.0,09:45,15:00,2.0,,,
002104.SZSE,恒宝股份,2025-08-14,二接三,二接三阳,阳,2025-08,2025,10:15,15:00,3.0,-1.92,14:45,15:00,1.0,10:30,15:00,2.0,,,
002104.SZSE,恒宝股份,2025-08-15,三接四,三接四阳,阳,2025-08,2025,14:00,14:30,2.0,-4.34,14:45,15:00,1.0,10:30,15:00,2.0,10:15,15:00,3.0
002105.SZSE,信隆健康,2025-03-06,二接三,二接三阴,阴,2025-03,2025,09:45,15:00,1.0,-3.7,09:45,15:00,1.0,11:30,15:00,1.0,,,
002105.SZSE,信隆健康,2025-03-07,三接四,三接四阴,阴,2025-03,2025,09:45,15:00,3.0,-6.35,09:45,15:00,1.0,11:30,15:00,1.0,09:45,15:00,1.0
002105.SZSE,信隆健康,2025-05-20,二接三,二接三阴,阴,2025-05,2025,09:45,15:00,3.0,-7.78,11:15,15:00,1.0,14:45,15:00,1.0,,,
002105.SZSE,信隆健康,2025-12-11,二接三,二接三阳,阳,2025-12,2025,09:45,13:15,1.0,-17.48,09:45,15:00,1.0,09:45,15:00,1.0,,,
002108.SZSE,沧州明珠,2025-06-27,二接三,二接三阳,阳,2025-06,2025,09:45,10:15,2.0,-9.51,10:15,15:00,1.0,09:45,15:00,0.0,,,
002112.SZSE,三变科技,2025-02-18,二接三,二接三阳,阳,2025-02,2025,09:45,13:30,2.0,-9.67,10:45,15:00,3.0,09:45,15:00,1.0,,,
002112.SZSE,三变科技,2026-01-15,二接三,二接三阴,阴,2026-01,2026,09:45,15:00,4.0,-6.0,13:45,15:00,1.0,09:45,15:00,0.0,,,
002112.SZSE,三变科技,2026-01-16,三接四,三接四阴,阴,2026-01,2026,09:45,10:00,2.0,-15.08,13:45,15:00,1.0,09:45,15:00,0.0,09:45,15:00,4.0
002114.SZSE,罗平锌电,2024-12-06,二接三,二接三阴,阴,2024-12,2024,09:45,10:00,2.0,-12.5,09:45,15:00,0.0,13:30,15:00,1.0,,,
002115.SZSE,三维通信,2024-12-13,三接四,三接四阳,阳,2024-12,2024,09:45,15:00,1.0,-4.89,11:15,15:00,4.0,09:45,15:00,0.0,09:45,15:00,0.0
002115.SZSE,三维通信,2025-09-01,二接三,二接三阴,阴,2025-09,2025,14:30,15:00,2.0,-6.6,09:45,15:00,1.0,09:45,15:00,6.0,,,
002117.SZSE,东港股份,2024-11-26,二接三,二接三阳,阳,2024-11,2024,09:45,09:45,1.0,-18.21,09:45,15:00,0.0,09:45,15:00,0.0,,,
002119.SZSE,康强电子,2026-01-19,二接三,二接三阴,阴,2026-01,2026,09:45,14:00,2.0,-6.74,13:30,15:00,1.0,09:45,15:00,1.0,,,
002119.SZSE,康强电子,2026-06-12,二接三,二接三阳,阳,2026-06,2026,09:45,10:30,2.0,-9.03,09:45,15:00,2.0,09:45,15:00,1.0,,,
002123.SZSE,梦网科技,2024-10-09,二接三,二接三阳,阳,2024-10,2024,09:45,15:00,3.0,-7.25,10:30,15:00,2.0,09:45,15:00,0.0,,,
002123.SZSE,梦网科技,2025-02-07,二接三,二接三阴,阴,2025-02,2025,09:45,15:00,2.0,-10.64,09:45,15:00,1.0,10:30,15:00,3.0,,,
002123.SZSE,梦网科技,2025-02-10,三接四,三接四阴,阴,2025-02,2025,09:45,15:00,2.0,-7.5,09:45,15:00,1.0,10:30,15:00,3.0,09:45,15:00,2.0
002124.SZSE,天邦食品,2026-04-15,二接三,二接三阳,阳,2026-04,2026,09:45,15:00,3.0,-7.64,09:45,15:00,2.0,10:00,15:00,1.0,,,
002125.SZSE,湘潭电化,2025-06-23,二接三,二接三阳,阳,2025-06,2025,09:45,15:00,1.0,-3.77,09:45,15:00,1.0,09:45,15:00,0.0,,,
002125.SZSE,湘潭电化,2025-06-24,三接四,三接四阳,阳,2025-06,2025,09:45,15:00,1.0,-3.7,09:45,15:00,1.0,09:45,15:00,0.0,09:45,15:00,1.0
002127.SZSE,南极电商,2024-11-22,二接三,二接三阳,阳,2024-11,2024,09:45,15:00,4.0,-7.71,11:15,15:00,4.0,09:45,15:00,1.0,,,
002131.SZSE,利欧股份,2025-01-09,二接三,二接三阴,阴,2025-01,2025,10:15,15:00,7.0,-2.65,10:15,15:00,3.0,13:30,15:00,1.0,,,
002131.SZSE,利欧股份,2025-08-20,二接三,二接三阳,阳,2025-08,2025,09:45,09:45,1.0,-8.75,10:15,15:00,2.0,10:00,15:00,1.0,,,
002131.SZSE,利欧股份,2026-01-06,二接三,二接三阳,阳,2026-01,2026,14:45,14:45,1.0,-3.37,10:15,15:00,1.0,10:00,15:00,3.0,,,
002131.SZSE,利欧股份,2026-01-14,三接四,三接四阳,阳,2026-01,2026,09:45,15:00,1.0,-5.24,09:45,15:00,2.0,09:45,15:00,0.0,09:45,15:00,0.0
002133.SZSE,广宇集团,2025-04-11,二接三,二接三阳,阳,2025-04,2025,09:45,15:00,1.0,-8.52,11:00,15:00,1.0,09:45,15:00,2.0,,,
002134.SZSE,天津普林,2024-10-24,二接三,二接三阴,阴,2024-10,2024,13:30,15:00,1.0,-0.37,10:00,15:00,1.0,10:00,15:00,9.0,,,
002134.SZSE,天津普林,2024-10-25,三接四,三接四阴,阴,2024-10,2024,09:45,13:30,5.0,-11.85,10:00,15:00,1.0,10:00,15:00,9.0,13:30,15:00,1.0
002136.SZSE,安 纳 达,2025-11-11,二接三,二接三阳,阳,2025-11,2025,15:00,15:00,1.0,-5.18,11:15,15:00,6.0,10:15,15:00,1.0,,,
002137.SZSE,实益达,2024-12-23,二接三,二接三阴,阴,2024-12,2024,09:45,15:00,4.0,-6.26,14:30,15:00,1.0,09:45,15:00,0.0,,,
002141.SZSE,贤丰控股,2026-06-18,二接三,二接三阳,阳,2026-06,2026,09:45,15:00,1.0,-5.31,10:15,15:00,2.0,10:15,15:00,3.0,,,
002141.SZSE,贤丰控股,2026-06-22,三接四,三接四阳,阳,2026-06,2026,09:45,09:45,1.0,-14.67,10:15,15:00,2.0,10:15,15:00,3.0,09:45,15:00,1.0
002141.SZSE,贤丰控股,2026-07-16,二接三,二接三阴,阴,2026-07,2026,09:45,15:00,3.0,-10.05,10:00,15:00,1.0,09:45,15:00,1.0,,,
002146.SZSE,荣盛发展,2024-09-30,二接三,二接三阳,阳,2024-09,2024,09:45,15:00,4.0,-5.06,13:30,15:00,4.0,14:45,15:00,1.0,,,
002146.SZSE,荣盛发展,2024-10-08,三接四,三接四阳,阳,2024-10,2024,09:45,10:00,2.0,-15.31,13:30,15:00,4.0,14:45,15:00,1.0,09:45,15:00,4.0
002146.SZSE,荣盛发展,2024-11-08,三接四,三接四阴,阴,2024-11,2024,09:45,14:45,1.0,-9.13,10:00,15:00,1.0,09:45,15:00,1.0,09:45,15:00,0.0
002146.SZSE,荣盛发展,2025-09-16,二接三,二接三阴,阴,2025-09,2025,09:45,15:00,4.0,-5.66,10:15,15:00,1.0,09:45,15:00,3.0,,,
002148.SZSE,北纬科技,2024-12-13,二接三,二接三阳,阳,2024-12,2024,09:45,15:00,1.0,-4.55,11:30,15:00,1.0,13:30,15:00,1.0,,,
002148.SZSE,北纬科技,2024-12-16,三接四,三接四阳,阳,2024-12,2024,09:45,14:45,4.0,-7.95,11:30,15:00,1.0,13:30,15:00,1.0,09:45,15:00,1.0
002148.SZSE,北纬科技,2025-08-13,二接三,二接三阴,阴,2025-08,2025,10:00,15:00,2.0,-4.37,10:30,15:00,1.0,09:45,15:00,7.0,,,
002149.SZSE,西部材料,2025-12-09,二接三,二接三阳,阳,2025-12,2025,09:45,10:15,2.0,-6.89,13:15,15:00,1.0,09:45,15:00,0.0,,,
002150.SZSE,正泰电源,2025-09-05,二接三,二接三阳,阳,2025-09,2025,09:45,15:00,1.0,-4.42,13:15,15:00,1.0,09:45,15:00,0.0,,,
002150.SZSE,正泰电源,2025-09-08,三接四,三接四阳,阳,2025-09,2025,09:45,09:45,1.0,-9.86,13:15,15:00,1.0,09:45,15:00,0.0,09:45,15:00,1.0
002151.SZSE,北斗星通,2026-01-06,二接三,二接三阳,阳,2026-01,2026,09:45,15:00,2.0,-9.08,11:00,15:00,1.0,11:15,15:00,2.0,,,
002151.SZSE,北斗星通,2026-01-07,三接四,三接四阳,阳,2026-01,2026,10:00,10:00,1.0,-5.9,11:00,15:00,1.0,11:15,15:00,2.0,09:45,15:00,2.0
002158.SZSE,汉钟精机,2025-08-19,二接三,二接三阴,阴,2025-08,2025,09:45,15:00,2.0,-3.94,14:15,15:00,3.0,10:30,15:00,3.0,,,
002158.SZSE,汉钟精机,2025-08-20,三接四,三接四阴,阴,2025-08,2025,14:15,15:00,1.0,-4.19,14:15,15:00,3.0,10:30,15:00,3.0,09:45,15:00,2.0
002161.SZSE,远 望 谷,2024-11-21,二接三,二接三阴,阴,2024-11,2024,11:30,15:00,1.0,-3.75,09:45,15:00,0.0,09:45,15:00,1.0,,,
002161.SZSE,远 望 谷,2024-11-22,三接四,三接四阴,阴,2024-11,2024,09:45,15:00,10.0,-7.87,09:45,15:00,0.0,09:45,15:00,1.0,11:30,15:00,1.0
002163.SZSE,海南发展,2024-12-04,二接三,二接三阳,阳,2024-12,2024,09:45,09:45,1.0,-14.12,09:45,15:00,0.0,09:45,15:00,1.0,,,
002163.SZSE,海南发展,2025-12-24,三接四,三接四阴,阴,2025-12,2025,09:45,15:00,1.0,-3.82,14:00,15:00,1.0,09:45,15:00,1.0,09:45,15:00,0.0
002164.SZSE,宁波东力,2025-01-15,二接三,二接三阴,阴,2025-01,2025,09:45,15:00,1.0,-1.56,10:30,15:00,1.0,09:45,15:00,1.0,,,
002164.SZSE,宁波东力,2025-01-16,三接四,三接四阴,阴,2025-01,2025,09:45,15:00,5.0,-13.8,10:30,15:00,1.0,09:45,15:00,1.0,09:45,15:00,1.0
002164.SZSE,宁波东力,2025-03-20,三接四,三接四阴,阴,2025-03,2025,09:45,15:00,1.0,-1.34,10:15,15:00,1.0,09:45,15:00,1.0,09:45,15:00,0.0
002164.SZSE,宁波东力,2025-05-06,二接三,二接三阴,阴,2025-05,2025,09:45,14:15,2.0,-6.98,11:15,15:00,1.0,14:00,15:00,1.0,,,
002165.SZSE,红 宝 丽,2024-11-13,三接四,三接四阳,阳,2024-11,2024,10:45,11:00,2.0,-13.64,11:15,15:00,1.0,09:45,15:00,0.0,09:45,15:00,0.0
002165.SZSE,红 宝 丽,2025-04-17,二接三,二接三阳,阳,2025-04,2025,09:45,15:00,2.0,-4.61,10:00,15:00,5.0,15:00,15:00,1.0,,,
002165.SZSE,红 宝 丽,2025-04-18,三接四,三接四阳,阳,2025-04,2025,10:15,15:00,5.0,-3.52,10:00,15:00,5.0,15:00,15:00,1.0,09:45,15:00,2.0
002167.SZSE,东方锆业,2026-06-24,三接四,三接四阴,阴,2026-06,2026,13:15,15:00,3.0,-0.75,09:45,15:00,0.0,09:45,15:00,0.0,09:45,15:00,0.0
002167.SZSE,东方锆业,2026-07-02,二接三,二接三阴,阴,2026-07,2026,10:30,14:45,4.0,-3.67,11:30,15:00,1.0,09:45,15:00,5.0,,,
002172.SZSE,澳洋健康,2026-08-17,三接四,三接四阳,阳,2026-08,2026,10:00,15:00,1.0,-6.01,11:15,15:00,2.0,09:45,15:00,0.0,09:45,15:00,0.0
002173.SZSE,创新医疗,2025-08-14,二接三,二接三阳,阳,2025-08,2025,10:30,15:00,3.0,-2.01,10:15,15:00,4.0,13:15,15:00,2.0,,,
002173.SZSE,创新医疗,2025-08-15,三接四,三接四阳,阳,2025-08,2025,09:45,14:15,3.0,-5.91,10:15,15:00,4.0,13:15,15:00,2.0,10:30,15:00,3.0
002177.SZSE,御银股份,2025-08-22,三接四,三接四阳,阳,2025-08,2025,09:45,15:00,3.0,-6.5,09:45,15:00,4.0,10:00,15:00,2.0,09:45,15:00,0.0
002177.SZSE,御银股份,2025-12-31,二接三,二接三阳,阳,2025-12,2025,11:00,15:00,3.0,-3.29,10:00,15:00,3.0,09:45,15:00,1.0,,,
002178.SZSE,延华智能,2024-10-09,三接四,三接四阳,阳,2024-10,2024,13:30,15:00,3.0,-3.28,10:30,15:00,1.0,09:45,15:00,0.0,09:45,15:00,0.0
002178.SZSE,延华智能,2024-10-31,二接三,二接三阳,阳,2024-10,2024,09:45,15:00,1.0,-4.63,09:45,15:00,2.0,09:45,15:00,1.0,,,
002178.SZSE,延华智能,2024-11-01,三接四,三接四阳,阳,2024-11,2024,09:45,09:45,1.0,-18.09,09:45,15:00,2.0,09:45,15:00,1.0,09:45,15:00,1.0
002178.SZSE,延华智能,2024-11-07,三接四,三接四阴,阴,2024-11,2024,09:45,15:00,6.0,-7.02,10:00,15:00,3.0,09:45,15:00,1.0,09:45,15:00,0.0
002181.SZSE,粤 传 媒,2024-12-12,二接三,二接三阴,阴,2024-12,2024,09:45,15:00,4.0,-10.25,11:00,15:00,1.0,09:45,15:00,5.0,,,
002181.SZSE,粤 传 媒,2024-12-13,三接四,三接四阴,阴,2024-12,2024,09:45,15:00,1.0,-7.68,11:00,15:00,1.0,09:45,15:00,5.0,09:45,15:00,4.0
002181.SZSE,粤 传 媒,2024-12-19,二接三,二接三阴,阴,2024-12,2024,09:45,15:00,3.0,-8.0,09:45,15:00,3.0,09:45,15:00,1.0,,,
002181.SZSE,粤 传 媒,2025-06-11,二接三,二接三阴,阴,2025-06,2025,09:45,15:00,1.0,-4.46,10:30,15:00,1.0,09:45,15:00,4.0,,,
002181.SZSE,粤 传 媒,2025-06-12,三接四,三接四阴,阴,2025-06,2025,09:45,15:00,2.0,-8.9,10:30,15:00,1.0,09:45,15:00,4.0,09:45,15:00,1.0
002181.SZSE,粤 传 媒,2025-09-11,二接三,二接三阳,阳,2025-09,2025,14:00,14:00,1.0,-13.57,14:30,15:00,1.0,09:45,15:00,3.0,,,
002181.SZSE,粤 传 媒,2025-11-04,二接三,二接三阴,阴,2025-11,2025,09:45,15:00,1.0,-1.96,10:00,15:00,1.0,09:45,15:00,0.0,,,
002183.SZSE,怡 亚 通,2024-10-29,二接三,二接三阳,阳,2024-10,2024,09:45,15:00,8.0,-6.52,09:45,15:00,1.0,09:45,15:00,0.0,,,
002184.SZSE,海得控制,2025-01-03,二接三,二接三阴,阴,2025-01,2025,09:45,15:00,3.0,-5.59,10:15,15:00,2.0,10:45,15:00,1.0,,,
002184.SZSE,海得控制,2025-01-06,三接四,三接四阴,阴,2025-01,2025,14:45,15:00,2.0,-5.27,10:15,15:00,2.0,10:45,15:00,1.0,09:45,15:00,3.0
002185.SZSE,华天科技,2026-05-27,二接三,二接三阳,阳,2026-05,2026,09:45,14:45,8.0,-5.55,09:45,15:00,1.0,09:45,15:00,2.0,,,
002187.SZSE,广百股份,2024-11-29,二接三,二接三阳,阳,2024-11,2024,09:45,09:45,1.0,-12.2,13:45,15:00,1.0,09:45,15:00,1.0,,,
002187.SZSE,广百股份,2024-12-16,二接三,二接三阳,阳,2024-12,2024,10:45,13:15,2.0,-8.68,10:00,15:00,1.0,09:45,15:00,4.0,,,
002187.SZSE,广百股份,2025-01-17,二接三,二接三阳,阳,2025-01,2025,10:30,10:45,2.0,-15.52,11:00,15:00,3.0,10:30,15:00,1.0,,,
002188.SZSE,中天服务,2025-12-19,二接三,二接三阴,阴,2025-12,2025,09:45,15:00,1.0,-4.95,10:15,15:00,1.0,10:30,15:00,2.0,,,
002188.SZSE,中天服务,2025-12-22,三接四,三接四阴,阴,2025-12,2025,09:45,09:45,1.0,-18.25,10:15,15:00,1.0,10:30,15:00,2.0,09:45,15:00,1.0
002189.SZSE,中光学,2025-06-27,二接三,二接三阴,阴,2025-06,2025,09:45,10:00,2.0,-8.56,09:45,15:00,1.0,09:45,15:00,0.0,,,
002190.SZSE,成飞集成,2025-05-12,三接四,三接四阳,阳,2025-05,2025,09:45,15:00,1.0,-4.08,11:15,15:00,1.0,09:45,15:00,1.0,09:45,15:00,0.0
002190.SZSE,成飞集成,2025-08-22,二接三,二接三阴,阴,2025-08,2025,09:45,15:00,2.0,-11.15,10:30,15:00,2.0,09:45,15:00,1.0,,,
002190.SZSE,成飞集成,2025-08-25,三接四,三接四阴,阴,2025-08,2025,09:45,15:00,4.0,-4.73,10:30,15:00,2.0,09:45,15:00,1.0,09:45,15:00,2.0
002192.SZSE,融捷股份,2024-10-08,二接三,二接三阳,阳,2024-10,2024,09:45,09:45,1.0,-9.0,10:45,15:00,4.0,13:15,15:00,4.0,,,
002192.SZSE,融捷股份,2026-03-26,二接三,二接三阳,阳,2026-03,2026,10:00,15:00,2.0,-1.35,09:45,15:00,5.0,09:45,15:00,4.0,,,
002192.SZSE,融捷股份,2026-03-27,三接四,三接四阳,阳,2026-03,2026,10:45,15:00,1.0,-4.17,09:45,15:00,5.0,09:45,15:00,4.0,10:00,15:00,2.0
002194.SZSE,武汉凡谷,2024-11-21,二接三,二接三阳,阳,2024-11,2024,10:00,10:00,1.0,-14.04,10:15,15:00,2.0,09:45,15:00,1.0,,,
002195.SZSE,岩山科技,2024-12-04,二接三,二接三阳,阳,2024-12,2024,09:45,15:00,2.0,-12.02,09:45,15:00,4.0,09:45,15:00,1.0,,,
002195.SZSE,岩山科技,2024-12-05,三接四,三接四阳,阳,2024-12,2024,10:00,15:00,2.0,-12.41,09:45,15:00,4.0,09:45,15:00,1.0,09:45,15:00,2.0
002195.SZSE,岩山科技,2025-03-07,二接三,二接三阳,阳,2025-03,2025,09:45,13:45,2.0,-9.67,10:45,15:00,1.0,09:45,15:00,1.0,,,
002195.SZSE,岩山科技,2026-01-08,三接四,三接四阳,阳,2026-01,2026,11:15,15:00,1.0,-1.25,09:45,15:00,0.0,09:45,15:00,0.0,09:45,15:00,0.0
002196.SZSE,方正电机,2025-03-11,二接三,二接三阴,阴,2025-03,2025,09:45,15:00,1.0,-7.53,09:45,15:00,2.0,09:45,15:00,0.0,,,
002196.SZSE,方正电机,2025-03-12,三接四,三接四阴,阴,2025-03,2025,09:45,09:45,1.0,-8.07,09:45,15:00,2.0,09:45,15:00,0.0,09:45,15:00,1.0
002197.SZSE,证通电子,2026-07-23,二接三,二接三阳,阳,2026-07,2026,09:45,15:00,4.0,-8.74,09:45,15:00,3.0,09:45,15:00,1.0,,,
002199.SZSE,东晶电子,2024-10-18,二接三,二接三阳,阳,2024-10,2024,09:45,15:00,5.0,-7.55,13:15,15:00,2.0,14:30,15:00,1.0,,,
002199.SZSE,东晶电子,2024-10-21,三接四,三接四阳,阳,2024-10,2024,14:15,15:00,1.0,-3.53,13:15,15:00,2.0,14:30,15:00,1.0,09:45,15:00,5.0
002199.SZSE,东晶电子,2026-07-30,二接三,二接三阴,阴,2026-07,2026,09:45,14:45,4.0,-11.74,09:45,15:00,1.0,13:30,15:00,2.0,,,
002201.SZSE,九鼎新材,2026-04-23,二接三,二接三阳,阳,2026-04,2026,09:45,09:45,1.0,-12.52,15:00,15:00,1.0,09:45,15:00,4.0,,,
002202.SZSE,金风科技,2026-01-08,二接三,二接三阴,阴,2026-01,2026,14:45,15:00,1.0,-2.96,13:15,15:00,3.0,15:00,15:00,1.0,,,
002202.SZSE,金风科技,2026-01-09,三接四,三接四阴,阴,2026-01,2026,09:45,15:00,6.0,-3.76,13:15,15:00,3.0,15:00,15:00,1.0,14:45,15:00,1.0
002204.SZSE,大连重工,2025-03-24,三接四,三接四阳,阳,2025-03,2025,09:45,15:00,3.0,-1.69,10:45,15:00,1.0,09:45,15:00,0.0,09:45,15:00,0.0
002208.SZSE,合肥城建,2025-10-14,二接三,二接三阳,阳,2025-10,2025,09:45,15:00,5.0,-6.28,11:30,15:00,1.0,09:45,15:00,1.0,,,
002208.SZSE,合肥城建,2025-10-15,三接四,三接四阳,阳,2025-10,2025,09:45,11:30,2.0,-16.9,11:30,15:00,1.0,09:45,15:00,1.0,09:45,15:00,5.0
002208.SZSE,合肥城建,2026-05-14,二接三,二接三阳,阳,2026-05,2026,09:45,15:00,3.0,-5.05,14:00,15:00,1.0,11:30,15:00,2.0,,,
002209.SZSE,达 意 隆,2025-07-15,二接三,二接三阳,阳,2025-07,2025,09:45,15:00,2.0,-7.3,09:45,15:00,0.0,10:00,15:00,5.0,,,
002209.SZSE,达 意 隆,2025-07-16,三接四,三接四阳,阳,2025-07,2025,09:45,15:00,1.0,-7.28,09:45,15:00,0.0,10:00,15:00,5.0,09:45,15:00,2.0
002210.SZSE,飞马国际,2026-04-29,二接三,二接三阴,阴,2026-04,2026,09:45,15:00,1.0,-3.93,09:45,15:00,1.0,09:45,15:00,1.0,,,
002212.SZSE,天融信,2025-08-25,二接三,二接三阳,阳,2025-08,2025,09:45,10:45,2.0,-9.4,09:45,15:00,0.0,09:45,15:00,1.0,,,
002212.SZSE,天融信,2025-08-28,二接三,二接三阴,阴,2025-08,2025,14:15,14:15,1.0,-6.98,10:00,15:00,4.0,11:15,15:00,2.0,,,
002213.SZSE,大为股份,2024-12-06,二接三,二接三阳,阳,2024-12,2024,09:45,09:45,1.0,-13.6,09:45,15:00,0.0,09:45,15:00,1.0,,,
002213.SZSE,大为股份,2025-02-07,二接三,二接三阴,阴,2025-02,2025,09:45,15:00,4.0,-4.73,13:15,15:00,1.0,13:15,15:00,1.0,,,
002213.SZSE,大为股份,2025-10-28,二接三,二接三阳,阳,2025-10,2025,09:45,15:00,4.0,-4.48,10:00,15:00,1.0,09:45,15:00,0.0,,,
002213.SZSE,大为股份,2025-11-20,二接三,二接三阴,阴,2025-11,2025,10:00,15:00,1.0,-5.1,09:45,15:00,1.0,10:45,15:00,2.0,,,
002218.SZSE,拓日新能,2026-01-16,二接三,二接三阴,阴,2026-01,2026,09:45,09:45,1.0,-17.21,09:45,15:00,1.0,09:45,15:00,1.0,,,
002218.SZSE,拓日新能,2026-01-27,二接三,二接三阳,阳,2026-01,2026,09:45,15:00,1.0,-6.81,09:45,15:00,1.0,09:45,15:00,0.0,,,
002218.SZSE,拓日新能,2026-01-28,三接四,三接四阳,阳,2026-01,2026,09:45,10:15,2.0,-6.46,09:45,15:00,1.0,09:45,15:00,0.0,09:45,15:00,1.0
002219.SZSE,新里程,2024-10-09,二接三,二接三阳,阳,2024-10,2024,13:45,14:00,2.0,-4.68,09:45,15:00,1.0,09:45,15:00,0.0,,,
002226.SZSE,江南化工,2025-07-23,二接三,二接三阳,阳,2025-07,2025,09:45,09:45,1.0,-12.61,09:45,15:00,1.0,09:45,15:00,1.0,,,
002228.SZSE,合兴包装,2025-12-24,二接三,二接三阳,阳,2025-12,2025,09:45,15:00,1.0,-6.72,09:45,15:00,1.0,09:45,15:00,1.0,,,
002229.SZSE,鸿博股份,2024-10-28,二接三,二接三阴,阴,2024-10,2024,10:30,15:00,4.0,-7.32,13:15,15:00,1.0,14:45,15:00,1.0,,,
002229.SZSE,鸿博股份,2025-04-29,二接三,二接三阳,阳,2025-04,2025,09:45,15:00,1.0,-5.12,09:45,15:00,1.0,09:45,15:00,0.0,,,
002229.SZSE,鸿博股份,2025-04-30,三接四,三接四阳,阳,2025-04,2025,09:45,15:00,1.0,-6.17,09:45,15:00,1.0,09:45,15:00,0.0,09:45,15:00,1.0
002229.SZSE,鸿博股份,2026-08-13,二接三,二接三阴,阴,2026-08,2026,09:45,14:45,3.0,-7.11,10:00,15:00,2.0,09:45,15:00,1.0,,,
002232.SZSE,启明信息,2024-09-24,二接三,二接三阳,阳,2024-09,2024,14:00,15:00,2.0,-3.35,11:00,15:00,1.0,10:45,15:00,5.0,,,
002232.SZSE,启明信息,2024-11-14,二接三,二接三阳,阳,2024-11,2024,14:00,14:00,1.0,-7.02,11:00,15:00,2.0,14:00,15:00,1.0,,,
002232.SZSE,启明信息,2025-08-28,二接三,二接三阳,阳,2025-08,2025,09:45,15:00,1.0,-3.72,09:45,15:00,1.0,09:45,15:00,3.0,,,
002235.SZSE,安妮股份,2025-12-11,三接四,三接四阴,阴,2025-12,2025,09:45,15:00,1.0,-5.37,09:45,15:00,0.0,09:45,15:00,0.0,09:45,15:00,0.0
002243.SZSE,力合科创,2024-10-30,三接四,三接四阳,阳,2024-10,2024,09:45,15:00,4.0,-5.13,09:45,15:00,0.0,09:45,15:00,0.0,09:45,15:00,0.0
002246.SZSE,北化股份,2025-07-21,二接三,二接三阳,阳,2025-07,2025,09:45,15:00,1.0,-4.55,13:15,15:00,1.0,10:15,15:00,4.0,,,
002247.SZSE,聚力文化,2024-11-07,三接四,三接四阴,阴,2024-11,2024,09:45,13:15,2.0,-11.32,10:00,15:00,1.0,09:45,15:00,1.0,09:45,15:00,0.0
002248.SZSE,华东数控,2024-10-25,二接三,二接三阳,阳,2024-10,2024,09:45,15:00,6.0,-6.41,10:00,15:00,2.0,10:00,15:00,2.0,,,
002248.SZSE,华东数控,2024-10-28,三接四,三接四阳,阳,2024-10,2024,10:00,15:00,2.0,-5.64,10:00,15:00,2.0,10:00,15:00,2.0,09:45,15:00,6.0
002248.SZSE,华东数控,2026-08-12,二接三,二接三阳,阳,2026-08,2026,09:45,15:00,1.0,-5.67,10:45,15:00,2.0,09:45,15:00,1.0,,,
002250.SZSE,联化科技,2025-05-30,二接三,二接三阳,阳,2025-05,2025,09:45,15:00,5.0,-8.59,09:45,15:00,6.0,10:30,15:00,1.0,,,
002250.SZSE,联化科技,2025-06-03,三接四,三接四阳,阳,2025-06,2025,09:45,15:00,2.0,-4.55,09:45,15:00,6.0,10:30,15:00,1.0,09:45,15:00,5.0
002251.SZSE,步步高,2025-04-23,二接三,二接三阳,阳,2025-04,2025,09:45,15:00,6.0,-3.62,09:45,15:00,1.0,09:45,15:00,0.0,,,
002251.SZSE,步步高,2025-04-24,三接四,三接四阳,阳,2025-04,2025,14:45,15:00,1.0,-5.23,09:45,15:00,1.0,09:45,15:00,0.0,09:45,15:00,6.0
002253.SZSE,川大智胜,2024-10-30,二接三,二接三阳,阳,2024-10,2024,09:45,15:00,2.0,-6.14,09:45,15:00,3.0,09:45,15:00,0.0,,,
002253.SZSE,川大智胜,2024-10-31,三接四,三接四阳,阳,2024-10,2024,09:45,15:00,3.0,-6.7,09:45,15:00,3.0,09:45,15:00,0.0,09:45,15:00,2.0
002254.SZSE,泰和新材,2026-06-09,二接三,二接三阳,阳,2026-06,2026,11:15,15:00,2.0,-2.34,10:15,15:00,3.0,09:45,15:00,2.0,,,
002256.SZSE,兆新股份,2025-09-01,二接三,二接三阳,阳,2025-09,2025,09:45,15:00,2.0,-9.04,09:45,15:00,0.0,09:45,15:00,0.0,,,
002256.SZSE,兆新股份,2025-09-02,三接四,三接四阳,阳,2025-09,2025,09:45,15:00,1.0,-4.88,09:45,15:00,0.0,09:45,15:00,0.0,09:45,15:00,2.0
002261.SZSE,拓维信息,2024-10-09,二接三,二接三阳,阳,2024-10,2024,09:45,15:00,4.0,-7.45,10:30,15:00,1.0,09:45,15:00,0.0,,,
002261.SZSE,拓维信息,2025-02-07,二接三,二接三阴,阴,2025-02,2025,09:45,15:00,3.0,-6.36,09:45,15:00,1.0,10:15,15:00,1.0,,,
002263.SZSE,大东南,2025-06-26,二接三,二接三阳,阳,2025-06,2025,10:30,15:00,2.0,-4.4,10:00,15:00,1.0,09:45,15:00,1.0,,,
002263.SZSE,大东南,2025-06-27,三接四,三接四阳,阳,2025-06,2025,09:45,15:00,1.0,-1.6,10:00,15:00,1.0,09:45,15:00,1.0,10:30,15:00,2.0
002265.SZSE,建设工业,2024-12-04,二接三,二接三阳,阳,2024-12,2024,09:45,15:00,3.0,-4.29,10:00,15:00,1.0,09:45,15:00,0.0,,,
002265.SZSE,建设工业,2024-12-05,三接四,三接四阳,阳,2024-12,2024,09:45,15:00,1.0,-5.28,10:00,15:00,1.0,09:45,15:00,0.0,09:45,15:00,3.0
002265.SZSE,建设工业,2024-12-12,二接三,二接三阳,阳,2024-12,2024,09:45,15:00,1.0,-2.73,09:45,15:00,1.0,09:45,15:00,2.0,,,
002265.SZSE,建设工业,2024-12-13,三接四,三接四阳,阳,2024-12,2024,09:45,15:00,2.0,-2.97,09:45,15:00,1.0,09:45,15:00,2.0,09:45,15:00,1.0
002265.SZSE,建设工业,2025-07-21,二接三,二接三阳,阳,2025-07,2025,09:45,15:00,3.0,-8.95,10:30,15:00,3.0,09:45,15:00,2.0,,,
002266.SZSE,浙富控股,2025-07-23,二接三,二接三阳,阳,2025-07,2025,09:45,15:00,1.0,-7.83,09:45,15:00,1.0,13:15,15:00,1.0,,,
002266.SZSE,浙富控股,2025-07-24,三接四,三接四阳,阳,2025-07,2025,09:45,09:45,1.0,-13.41,09:45,15:00,1.0,13:15,15:00,1.0,09:45,15:00,1.0
002269.SZSE,美邦服饰,2024-12-03,二接三,二接三阳,阳,2024-12,2024,14:45,15:00,1.0,-11.89,11:00,15:00,2.0,09:45,15:00,1.0,,,
002269.SZSE,美邦服饰,2025-09-05,二接三,二接三阳,阳,2025-09,2025,11:15,13:30,4.0,-7.53,10:15,15:00,2.0,09:45,15:00,3.0,,,
002271.SZSE,东方雨虹,2024-10-08,二接三,二接三阳,阳,2024-10,2024,09:45,15:00,3.0,-8.24,10:45,15:00,3.0,09:45,15:00,3.0,,,
002272.SZSE,川润股份,2025-08-19,二接三,二接三阴,阴,2025-08,2025,09:45,15:00,1.0,-6.33,10:00,15:00,1.0,09:45,15:00,0.0,,,
002272.SZSE,川润股份,2025-08-20,三接四,三接四阴,阴,2025-08,2025,10:00,10:30,2.0,-8.93,10:00,15:00,1.0,09:45,15:00,0.0,09:45,15:00,1.0
002272.SZSE,川润股份,2026-05-20,二接三,二接三阴,阴,2026-05,2026,09:45,15:00,1.0,-5.49,09:45,15:00,1.0,09:45,15:00,1.0,,,
002276.SZSE,万马股份,2025-02-28,二接三,二接三阳,阳,2025-02,2025,09:45,15:00,2.0,-3.69,11:00,15:00,1.0,09:45,15:00,3.0,,,
002278.SZSE,神开股份,2025-03-17,二接三,二接三阳,阳,2025-03,2025,09:45,15:00,1.0,-1.04,13:30,15:00,3.0,09:45,15:00,1.0,,,
002278.SZSE,神开股份,2025-03-18,三接四,三接四阳,阳,2025-03,2025,09:45,15:00,1.0,-4.48,13:30,15:00,3.0,09:45,15:00,1.0,09:45,15:00,1.0
002278.SZSE,神开股份,2025-10-23,三接四,三接四阴,阴,2025-10,2025,09:45,15:00,1.0,-6.34,15:00,15:00,1.0,09:45,15:00,0.0,09:45,15:00,0.0
002285.SZSE,世联行,2024-09-30,二接三,二接三阳,阳,2024-09,2024,09:45,15:00,3.0,-3.75,13:45,15:00,1.0,11:00,15:00,5.0,,,
002285.SZSE,世联行,2024-10-08,三接四,三接四阳,阳,2024-10,2024,09:45,09:45,1.0,-14.29,13:45,15:00,1.0,11:00,15:00,5.0,09:45,15:00,3.0
002285.SZSE,世联行,2024-11-07,二接三,二接三阳,阳,2024-11,2024,13:15,15:00,0.0,0.0,09:45,15:00,1.0,09:45,15:00,7.0,,,
002287.SZSE,奇正藏药,2025-08-01,二接三,二接三阳,阳,2025-08,2025,09:45,15:00,1.0,-4.55,10:15,15:00,1.0,09:45,15:00,1.0,,,
002287.SZSE,奇正藏药,2025-08-04,三接四,三接四阳,阳,2025-08,2025,09:45,11:00,1.0,-11.29,10:15,15:00,1.0,09:45,15:00,1.0,09:45,15:00,1.0
002290.SZSE,禾盛新材,2024-11-12,二接三,二接三阳,阳,2024-11,2024,10:00,10:00,1.0,-9.04,09:45,15:00,1.0,10:15,15:00,1.0,,,
002290.SZSE,禾盛新材,2025-02-20,二接三,二接三阳,阳,2025-02,2025,09:45,15:00,1.0,-2.33,10:45,15:00,1.0,09:45,15:00,1.0,,,
002291.SZSE,遥望科技,2024-12-17,二接三,二接三阴,阴,2024-12,2024,14:30,14:45,2.0,-12.06,10:00,15:00,1.0,09:45,15:00,1.0,,,
002291.SZSE,遥望科技,2025-01-17,三接四,三接四阴,阴,2025-01,2025,09:45,09:45,1.0,-9.13,09:45,15:00,0.0,09:45,15:00,0.0,09:45,15:00,0.0
002295.SZSE,精艺股份,2025-09-26,二接三,二接三阳,阳,2025-09,2025,09:45,15:00,1.0,-8.01,09:45,15:00,1.0,09:45,15:00,0.0,,,
002297.SZSE,博云新材,2025-12-26,二接三,二接三阴,阴,2025-12,2025,09:45,09:45,1.0,-9.83,10:30,15:00,1.0,09:45,15:00,1.0,,,
002297.SZSE,博云新材,2026-04-16,三接四,三接四阴,阴,2026-04,2026,09:45,15:00,1.0,-0.93,09:45,15:00,0.0,09:45,15:00,0.0,09:45,15:00,0.0
002297.SZSE,博云新材,2026-06-23,二接三,二接三阳,阳,2026-06,2026,09:45,09:45,1.0,-8.65,09:45,15:00,3.0,09:45,15:00,1.0,,,
002298.SZSE,中电鑫龙,2024-11-12,二接三,二接三阳,阳,2024-11,2024,09:45,09:45,1.0,-15.09,09:45,15:00,1.0,09:45,15:00,0.0,,,
002298.SZSE,中电鑫龙,2025-04-29,二接三,二接三阴,阴,2025-04,2025,09:45,09:45,1.0,-11.64,09:45,15:00,1.0,09:45,15:00,1.0,,,
002298.SZSE,中电鑫龙,2025-06-06,二接三,二接三阳,阳,2025-06,2025,09:45,15:00,1.0,-4.15,09:45,15:00,1.0,09:45,15:00,0.0,,,
002300.SZSE,太阳电缆,2025-03-26,三接四,三接四阳,阳,2025-03,2025,09:45,15:00,1.0,-9.13,10:15,15:00,1.0,09:45,15:00,0.0,09:45,15:00,0.0
002300.SZSE,太阳电缆,2025-12-05,三接四,三接四阳,阳,2025-12,2025,11:00,15:00,1.0,-5.89,11:00,15:00,1.0,09:45,15:00,1.0,09:45,15:00,0.0
002300.SZSE,太阳电缆,2025-12-16,二接三,二接三阴,阴,2025-12,2025,09:45,15:00,6.0,-8.96,11:30,15:00,1.0,09:45,15:00,0.0,,,
002301.SZSE,齐心集团,2024-11-29,三接四,三接四阳,阳,2024-11,2024,09:45,15:00,5.0,-4.87,13:15,15:00,3.0,10:30,15:00,1.0,09:45,15:00,0.0
002302.SZSE,西部建设,2024-08-27,二接三,二接三阴,阴,2024-08,2024,,,,,,,,,,,,,
002302.SZSE,西部建设,2025-07-23,二接三,二接三阴,阴,2025-07,2025,09:45,09:45,1.0,-8.6,09:45,15:00,1.0,09:45,15:00,0.0,,,
002307.SZSE,北新路桥,2025-08-12,二接三,二接三阴,阴,2025-08,2025,09:45,15:00,1.0,-3.41,09:45,15:00,3.0,09:45,15:00,0.0,,,
002309.SZSE,中利集团,2025-11-13,二接三,二接三阳,阳,2025-11,2025,09:45,15:00,2.0,-5.21,09:45,15:00,1.0,09:45,15:00,1.0,,,
002309.SZSE,中利集团,2026-03-25,三接四,三接四阳,阳,2026-03,2026,10:45,15:00,7.0,-3.75,09:45,15:00,1.0,09:45,15:00,0.0,09:45,15:00,0.0
002310.SZSE,东方新能,2026-03-23,二接三,二接三阴,阴,2026-03,2026,10:00,15:00,7.0,-5.22,10:30,15:00,1.0,09:45,15:00,4.0,,,
002312.SZSE,川发龙蟒,2024-10-30,二接三,二接三阳,阳,2024-10,2024,09:45,15:00,1.0,-2.8,10:00,15:00,2.0,09:45,15:00,1.0,,,
002312.SZSE,川发龙蟒,2024-10-31,三接四,三接四阳,阳,2024-10,2024,09:45,15:00,2.0,-6.2,10:00,15:00,2.0,09:45,15:00,1.0,09:45,15:00,1.0
002313.SZSE,日海智能,2024-10-29,二接三,二接三阳,阳,2024-10,2024,09:45,09:45,1.0,-11.13,11:15,15:00,1.0,09:45,15:00,2.0,,,
002313.SZSE,日海智能,2025-02-17,二接三,二接三阴,阴,2025-02,2025,09:45,10:00,2.0,-9.08,09:45,15:00,2.0,09:45,15:00,1.0,,,
002313.SZSE,日海智能,2025-08-07,二接三,二接三阳,阳,2025-08,2025,09:45,15:00,2.0,-5.81,11:00,15:00,1.0,09:45,15:00,1.0,,,
002313.SZSE,日海智能,2025-08-08,三接四,三接四阳,阳,2025-08,2025,13:30,15:00,3.0,-5.15,11:00,15:00,1.0,09:45,15:00,1.0,09:45,15:00,2.0
002316.SZSE,亚联发展,2026-01-12,二接三,二接三阴,阴,2026-01,2026,09:45,15:00,1.0,-4.46,09:45,15:00,1.0,09:45,15:00,1.0,,,
002321.SZSE,华英农业,2024-11-27,二接三,二接三阴,阴,2024-11,2024,09:45,09:45,1.0,-13.49,10:15,15:00,2.0,09:45,15:00,1.0,,,
002328.SZSE,新朋股份,2026-04-13,二接三,二接三阳,阳,2026-04,2026,09:45,10:00,2.0,-8.27,10:00,15:00,2.0,09:45,15:00,1.0,,,
002329.SZSE,皇氏集团,2026-08-12,二接三,二接三阴,阴,2026-08,2026,09:45,15:00,2.0,-9.52,11:15,15:00,2.0,09:45,15:00,1.0,,,
002329.SZSE,皇氏集团,2026-08-13,三接四,三接四阴,阴,2026-08,2026,09:45,15:00,2.0,-8.66,11:15,15:00,2.0,09:45,15:00,1.0,09:45,15:00,2.0
002331.SZSE,皖通科技,2025-05-14,二接三,二接三阴,阴,2025-05,2025,09:45,09:45,1.0,-10.09,10:00,15:00,6.0,10:15,15:00,2.0,,,
002338.SZSE,奥普光电,2025-05-09,二接三,二接三阳,阳,2025-05,2025,09:45,15:00,4.0,-6.06,09:45,15:00,0.0,09:45,15:00,0.0,,,
002339.SZSE,积成电子,2024-12-19,二接三,二接三阳,阳,2024-12,2024,09:45,10:30,3.0,-12.58,10:00,15:00,4.0,10:00,15:00,1.0,,,
002342.SZSE,巨力索具,2026-01-13,三接四,三接四阴,阴,2026-01,2026,09:45,15:00,5.0,-9.1,11:30,15:00,1.0,09:45,15:00,0.0,09:45,15:00,0.0
002342.SZSE,巨力索具,2026-01-23,二接三,二接三阴,阴,2026-01,2026,09:45,15:00,1.0,-1.85,13:15,15:00,1.0,09:45,15:00,1.0,,,
002343.SZSE,慈文传媒,2025-02-24,三接四,三接四阴,阴,2025-02,2025,09:45,09:45,1.0,-9.77,13:15,15:00,1.0,09:45,15:00,0.0,09:45,15:00,0.0
002344.SZSE,海宁皮城,2024-11-20,三接四,三接四阴,阴,2024-11,2024,09:45,15:00,1.0,-2.78,09:45,15:00,0.0,09:45,15:00,0.0,09:45,15:00,0.0
002346.SZSE,柘中股份,2025-01-08,二接三,二接三阴,阴,2025-01,2025,14:00,14:00,1.0,-7.15,10:00,15:00,1.0,09:45,15:00,1.0,,,
002347.SZSE,泰尔股份,2024-10-11,二接三,二接三阴,阴,2024-10,2024,09:45,09:45,1.0,-15.75,10:00,15:00,1.0,09:45,15:00,0.0,,,
002347.SZSE,泰尔股份,2024-12-03,三接四,三接四阳,阳,2024-12,2024,09:45,15:00,1.0,-5.32,10:00,15:00,1.0,13:30,15:00,1.0,09:45,15:00,0.0
002347.SZSE,泰尔股份,2025-12-29,二接三,二接三阳,阳,2025-12,2025,09:45,15:00,3.0,-6.65,10:00,15:00,1.0,09:45,15:00,1.0,,,
002347.SZSE,泰尔股份,2025-12-30,三接四,三接四阳,阳,2025-12,2025,09:45,15:00,4.0,-18.13,10:00,15:00,1.0,09:45,15:00,1.0,09:45,15:00,3.0
002348.SZSE,高乐股份,2024-11-08,二接三,二接三阳,阳,2024-11,2024,09:45,15:00,4.0,-6.11,10:45,15:00,3.0,10:00,15:00,2.0,,,
002348.SZSE,高乐股份,2024-11-27,二接三,二接三阳,阳,2024-11,2024,09:45,10:15,3.0,-10.39,09:45,15:00,0.0,09:45,15:00,0.0,,,
002354.SZSE,天娱数科,2024-11-22,二接三,二接三阳,阳,2024-11,2024,09:45,13:15,4.0,-9.15,09:45,15:00,1.0,10:45,15:00,1.0,,,
002354.SZSE,天娱数科,2024-12-10,三接四,三接四阴,阴,2024-12,2024,09:45,15:00,2.0,-2.67,09:45,15:00,1.0,09:45,15:00,0.0,09:45,15:00,0.0
002354.SZSE,天娱数科,2026-06-09,二接三,二接三阳,阳,2026-06,2026,09:45,15:00,2.0,-5.46,09:45,15:00,2.0,09:45,15:00,1.0,,,
002354.SZSE,天娱数科,2026-06-10,三接四,三接四阳,阳,2026-06,2026,09:45,15:00,2.0,-6.65,09:45,15:00,2.0,09:45,15:00,1.0,09:45,15:00,2.0
002354.SZSE,天娱数科,2026-08-04,二接三,二接三阴,阴,2026-08,2026,14:00,15:00,1.0,-5.46,09:45,15:00,1.0,09:45,15:00,1.0,,,
002355.SZSE,兴民智通,2025-05-07,二接三,二接三阳,阳,2025-05,2025,10:00,11:15,4.0,-8.84,09:45,15:00,0.0,09:45,15:00,1.0,,,
002356.SZSE,鹏飞绿能,2025-07-11,二接三,二接三阳,阳,2025-07,2025,13:45,15:00,1.0,-12.53,10:15,15:00,1.0,09:45,15:00,1.0,,,
002358.SZSE,森源电气,2025-01-23,二接三,二接三阳,阳,2025-01,2025,09:45,09:45,1.0,-16.38,09:45,15:00,2.0,09:45,15:00,0.0,,,
002361.SZSE,神剑股份,2024-12-31,二接三,二接三阳,阳,2024-12,2024,09:45,15:00,2.0,-2.57,10:45,15:00,2.0,09:45,15:00,0.0,,,
002361.SZSE,神剑股份,2025-01-02,三接四,三接四阳,阳,2025-01,2025,09:45,09:45,1.0,-11.33,10:45,15:00,2.0,09:45,15:00,0.0,09:45,15:00,2.0
002361.SZSE,神剑股份,2025-12-22,二接三,二接三阴,阴,2025-12,2025,09:45,15:00,3.0,-8.23,09:45,15:00,1.0,09:45,15:00,2.0,,,
002361.SZSE,神剑股份,2025-12-23,三接四,三接四阴,阴,2025-12,2025,09:45,15:00,8.0,-3.84,09:45,15:00,1.0,09:45,15:00,2.0,09:45,15:00,3.0
002361.SZSE,神剑股份,2026-03-30,二接三,二接三阳,阳,2026-03,2026,10:15,15:00,2.0,-3.2,14:15,15:00,1.0,10:30,15:00,3.0,,,
002361.SZSE,神剑股份,2026-03-31,三接四,三接四阳,阳,2026-03,2026,09:45,15:00,2.0,-4.06,14:15,15:00,1.0,10:30,15:00,3.0,10:15,15:00,2.0
002362.SZSE,汉王科技,2024-12-09,二接三,二接三阴,阴,2024-12,2024,09:45,15:00,4.0,-11.72,09:45,15:00,3.0,09:45,15:00,0.0,,,
002362.SZSE,汉王科技,2024-12-10,三接四,三接四阴,阴,2024-12,2024,10:30,15:00,4.0,-5.39,09:45,15:00,3.0,09:45,15:00,0.0,09:45,15:00,4.0
002363.SZSE,隆基机械,2025-12-26,二接三,二接三阴,阴,2025-12,2025,09:45,15:00,2.0,-7.14,09:45,15:00,1.0,09:45,15:00,0.0,,,
002364.SZSE,中恒电气,2024-12-25,二接三,二接三阴,阴,2024-12,2024,09:45,13:30,3.0,-14.31,09:45,15:00,1.0,09:45,15:00,0.0,,,
002364.SZSE,中恒电气,2025-01-08,二接三,二接三阴,阴,2025-01,2025,09:45,15:00,2.0,-8.85,10:00,15:00,2.0,09:45,15:00,2.0,,,
002364.SZSE,中恒电气,2025-08-19,二接三,二接三阴,阴,2025-08,2025,09:45,15:00,4.0,-6.21,10:45,15:00,1.0,09:45,15:00,1.0,,,
002364.SZSE,中恒电气,2026-04-14,三接四,三接四阳,阳,2026-04,2026,09:45,15:00,1.0,-4.28,09:45,15:00,0.0,09:45,15:00,0.0,09:45,15:00,0.0
002365.SZSE,永安药业,2025-04-25,二接三,二接三阳,阳,2025-04,2025,09:45,10:15,2.0,-13.0,09:45,15:00,1.0,10:00,15:00,2.0,,,
002365.SZSE,永安药业,2025-05-23,二接三,二接三阴,阴,2025-05,2025,09:45,15:00,4.0,-5.7,09:45,15:00,4.0,13:45,15:00,1.0,,,
002365.SZSE,永安药业,2025-06-16,二接三,二接三阴,阴,2025-06,2025,09:45,11:30,3.0,-9.0,14:30,15:00,3.0,09:45,15:00,1.0,,,
002366.SZSE,融发核电,2025-05-28,三接四,三接四阴,阴,2025-05,2025,09:45,15:00,1.0,-4.14,09:45,15:00,1.0,09:45,15:00,1.0,09:45,15:00,0.0
002368.SZSE,太极股份,2024-10-08,二接三,二接三阳,阳,2024-10,2024,09:45,15:00,4.0,-7.0,10:30,15:00,4.0,10:30,15:00,4.0,,,
002369.SZSE,卓翼科技,2024-08-19,三接四,三接四阳,阳,2024-08,2024,,,,,,,,,,,,,
002369.SZSE,卓翼科技,2024-12-13,二接三,二接三阴,阴,2024-12,2024,09:45,09:45,1.0,-11.0,10:15,15:00,1.0,09:45,15:00,2.0,,,
002369.SZSE,卓翼科技,2024-12-19,二接三,二接三阴,阴,2024-12,2024,09:45,11:15,2.0,-14.33,09:45,15:00,1.0,10:45,15:00,1.0,,,
002369.SZSE,卓翼科技,2025-02-21,二接三,二接三阴,阴,2025-02,2025,09:45,15:00,1.0,-3.29,09:45,15:00,1.0,09:45,15:00,0.0,,,
002369.SZSE,卓翼科技,2025-02-24,三接四,三接四阴,阴,2025-02,2025,09:45,15:00,1.0,-5.27,09:45,15:00,1.0,09:45,15:00,0.0,09:45,15:00,1.0
002370.SZSE,亚太药业,2024-08-19,二接三,二接三阴,阴,2024-08,2024,,,,,,,,,,,,,
002370.SZSE,亚太药业,2025-07-18,二接三,二接三阴,阴,2025-07,2025,09:45,09:45,1.0,-10.67,10:30,15:00,3.0,10:00,15:00,2.0,,,
002370.SZSE,亚太药业,2025-07-30,二接三,二接三阳,阳,2025-07,2025,10:00,10:00,1.0,-5.74,10:15,15:00,1.0,10:00,15:00,2.0,,,
002370.SZSE,亚太药业,2025-10-17,三接四,三接四阳,阳,2025-10,2025,10:00,10:00,1.0,-7.58,09:45,15:00,0.0,09:45,15:00,0.0,09:45,15:00,0.0
002374.SZSE,中锐股份,2024-11-11,二接三,二接三阳,阳,2024-11,2024,09:45,15:00,1.0,-9.09,10:00,15:00,1.0,09:45,15:00,7.0,,,
002374.SZSE,中锐股份,2025-11-12,二接三,二接三阴,阴,2025-11,2025,09:45,15:00,1.0,-8.31,10:45,15:00,1.0,09:45,15:00,1.0,,,
002374.SZSE,中锐股份,2025-11-13,三接四,三接四阴,阴,2025-11,2025,09:45,09:45,1.0,-13.17,10:45,15:00,1.0,09:45,15:00,1.0,09:45,15:00,1.0
002378.SZSE,章源钨业,2025-08-26,二接三,二接三阳,阳,2025-08,2025,15:00,15:00,1.0,-6.18,09:45,15:00,3.0,09:45,15:00,1.0,,,
002378.SZSE,章源钨业,2026-02-27,二接三,二接三阴,阴,2026-02,2026,09:45,15:00,1.0,-5.12,10:45,15:00,3.0,10:00,15:00,3.0,,,
002378.SZSE,章源钨业,2026-03-02,三接四,三接四阴,阴,2026-03,2026,09:45,09:45,1.0,-5.96,10:45,15:00,3.0,10:00,15:00,3.0,09:45,15:00,1.0
002379.SZSE,宏桥控股,2025-01-08,二接三,二接三阳,阳,2025-01,2025,09:45,15:00,2.0,-9.12,13:15,15:00,1.0,09:45,15:00,0.0,,,
002384.SZSE,东山精密,2026-04-10,二接三,二接三阴,阴,2026-04,2026,13:15,15:00,4.0,-4.09,09:45,15:00,0.0,09:45,15:00,2.0,,,
002387.SZSE,维信诺,2024-11-07,二接三,二接三阳,阳,2024-11,2024,09:45,15:00,2.0,-5.97,13:15,15:00,3.0,09:45,15:00,1.0,,,
002387.SZSE,维信诺,2025-11-12,二接三,二接三阳,阳,2025-11,2025,09:45,09:45,1.0,-11.35,09:45,15:00,0.0,09:45,15:00,0.0,,,
002388.SZSE,新亚制程,2024-09-05,三接四,三接四阳,阳,2024-09,2024,09:45,15:00,1.0,-7.8,09:45,15:00,1.0,09:45,15:00,0.0,09:45,15:00,0.0
002388.SZSE,新亚制程,2026-07-28,二接三,二接三阳,阳,2026-07,2026,09:45,15:00,1.0,-5.87,10:15,15:00,1.0,09:45,15:00,1.0,,,
002393.SZSE,力生制药,2025-07-17,二接三,二接三阳,阳,2025-07,2025,09:45,15:00,1.0,-4.3,09:45,15:00,1.0,10:30,15:00,1.0,,,
002394.SZSE,联发股份,2025-07-17,二接三,二接三阳,阳,2025-07,2025,09:45,15:00,1.0,-10.65,10:00,15:00,1.0,09:45,15:00,4.0,,,
002396.SZSE,星网锐捷,2026-08-31,二接三,二接三阴,阴,2026-08,2026,14:00,15:00,1.0,-2.85,14:45,15:00,1.0,09:45,15:00,4.0,,,
002397.SZSE,梦洁股份,2025-01-03,二接三,二接三阴,阴,2025-01,2025,09:45,15:00,1.0,-2.54,09:45,15:00,1.0,09:45,15:00,0.0,,,
002397.SZSE,梦洁股份,2025-01-06,三接四,三接四阴,阴,2025-01,2025,10:15,10:45,2.0,-18.16,09:45,15:00,1.0,09:45,15:00,0.0,09:45,15:00,1.0
002398.SZSE,垒知集团,2025-01-27,二接三,二接三阴,阴,2025-01,2025,09:45,15:00,3.0,-1.08,10:30,15:00,1.0,09:45,15:00,0.0,,,
002400.SZSE,省广集团,2024-12-13,二接三,二接三阳,阳,2024-12,2024,11:00,15:00,2.0,-4.74,11:30,15:00,1.0,09:45,15:00,7.0,,,
002400.SZSE,省广集团,2026-01-13,二接三,二接三阳,阳,2026-01,2026,09:45,15:00,3.0,-4.38,10:00,15:00,2.0,09:45,15:00,1.0,,,
002400.SZSE,省广集团,2026-01-14,三接四,三接四阳,阳,2026-01,2026,10:00,15:00,2.0,-3.69,10:00,15:00,2.0,09:45,15:00,1.0,09:45,15:00,3.0
002401.SZSE,中远海科,2025-07-15,二接三,二接三阳,阳,2025-07,2025,11:15,11:15,1.0,-7.86,10:00,15:00,1.0,09:45,15:00,0.0,,,
002402.SZSE,和而泰,2024-11-14,三接四,三接四阳,阳,2024-11,2024,09:45,15:00,2.0,-4.58,09:45,15:00,0.0,09:45,15:00,0.0,09:45,15:00,0.0
002402.SZSE,和而泰,2025-09-24,二接三,二接三阴,阴,2025-09,2025,09:45,09:45,1.0,-16.72,09:45,15:00,0.0,09:45,15:00,0.0,,,
002403.SZSE,爱仕达,2024-08-22,二接三,二接三阳,阳,2024-08,2024,,,,,,,,,,,,,
002403.SZSE,爱仕达,2024-11-07,三接四,三接四阴,阴,2024-11,2024,09:45,09:45,1.0,-11.79,09:45,15:00,1.0,09:45,15:00,0.0,09:45,15:00,0.0
002403.SZSE,爱仕达,2024-11-21,二接三,二接三阳,阳,2024-11,2024,09:45,15:00,2.0,-12.34,10:15,15:00,4.0,09:45,15:00,1.0,,,
002403.SZSE,爱仕达,2024-11-22,三接四,三接四阳,阳,2024-11,2024,09:45,15:00,1.0,-12.79,10:15,15:00,4.0,09:45,15:00,1.0,09:45,15:00,2.0
002403.SZSE,爱仕达,2024-12-03,二接三,二接三阴,阴,2024-12,2024,09:45,15:00,2.0,-8.43,13:30,15:00,2.0,09:45,15:00,1.0,,,
002403.SZSE,爱仕达,2024-12-10,二接三,二接三阴,阴,2024-12,2024,09:45,15:00,1.0,-0.21,14:00,15:00,1.0,11:00,15:00,3.0,,,
002403.SZSE,爱仕达,2024-12-11,三接四,三接四阴,阴,2024-12,2024,09:45,15:00,1.0,-10.24,14:00,15:00,1.0,11:00,15:00,3.0,09:45,15:00,1.0
002406.SZSE,远东传动,2025-03-21,二接三,二接三阳,阳,2025-03,2025,09:45,15:00,4.0,-6.43,10:45,15:00,3.0,09:45,15:00,1.0,,,
002407.SZSE,多氟多,2026-07-01,二接三,二接三阴,阴,2026-07,2026,09:45,15:00,1.0,-2.7,09:45,15:00,0.0,09:45,15:00,2.0,,,
002410.SZSE,广联达,2024-09-30,二接三,二接三阳,阳,2024-09,2024,09:45,15:00,3.0,-2.51,14:00,15:00,2.0,10:30,15:00,2.0,,,
002410.SZSE,广联达,2024-10-08,三接四,三接四阳,阳,2024-10,2024,09:45,15:00,6.0,-7.8,14:00,15:00,2.0,10:30,15:00,2.0,09:45,15:00,3.0
002412.SZSE,汉森制药,2026-07-24,二接三,二接三阴,阴,2026-07,2026,09:45,09:45,1.0,-13.92,11:00,15:00,2.0,09:45,15:00,1.0,,,
002412.SZSE,汉森制药,2026-08-24,三接四,三接四阳,阳,2026-08,2026,09:45,15:00,1.0,-2.85,09:45,15:00,1.0,09:45,15:00,0.0,09:45,15:00,0.0
002413.SZSE,雷科防务,2025-11-26,二接三,二接三阴,阴,2025-11,2025,09:45,15:00,3.0,-3.5,09:45,15:00,1.0,09:45,15:00,1.0,,,
002413.SZSE,雷科防务,2025-12-02,二接三,二接三阴,阴,2025-12,2025,13:15,15:00,1.0,-2.8,09:45,15:00,1.0,09:45,15:00,0.0,,,
002413.SZSE,雷科防务,2025-12-31,二接三,二接三阴,阴,2025-12,2025,09:45,15:00,1.0,-4.7,10:30,15:00,2.0,09:45,15:00,2.0,,,
002416.SZSE,爱施德,2024-10-31,二接三,二接三阳,阳,2024-10,2024,09:45,15:00,3.0,-9.71,10:15,15:00,5.0,09:45,15:00,0.0,,,
002416.SZSE,爱施德,2024-11-01,三接四,三接四阳,阳,2024-11,2024,09:45,15:00,7.0,-4.85,10:15,15:00,5.0,09:45,15:00,0.0,09:45,15:00,3.0
002418.SZSE,康盛股份,2025-01-08,二接三,二接三阴,阴,2025-01,2025,09:45,15:00,2.0,-10.09,09:45,15:00,1.0,09:45,15:00,1.0,,,
002418.SZSE,康盛股份,2026-08-27,二接三,二接三阳,阳,2026-08,2026,09:45,15:00,2.0,-7.54,10:15,15:00,2.0,09:45,15:00,1.0,,,
002418.SZSE,康盛股份,2026-08-28,三接四,三接四阳,阳,2026-08,2026,09:45,10:15,3.0,-10.56,10:15,15:00,2.0,09:45,15:00,1.0,09:45,15:00,2.0
002421.SZSE,达实智能,2026-05-20,三接四,三接四阴,阴,2026-05,2026,09:45,15:00,2.0,-5.62,13:15,15:00,2.0,10:30,15:00,1.0,09:45,15:00,0.0
002423.SZSE,中粮资本,2024-09-26,二接三,二接三阴,阴,2024-09,2024,09:45,15:00,5.0,-1.02,10:45,15:00,1.0,09:45,15:00,0.0,,,
002423.SZSE,中粮资本,2024-09-27,三接四,三接四阴,阴,2024-09,2024,09:45,15:00,1.0,-2.96,10:45,15:00,1.0,09:45,15:00,0.0,09:45,15:00,5.0
002423.SZSE,中粮资本,2024-10-31,二接三,二接三阳,阳,2024-10,2024,10:15,14:45,2.0,-11.62,09:45,15:00,3.0,14:30,15:00,3.0,,,
002425.SZSE,凯撒文化,2026-08-06,二接三,二接三阳,阳,2026-08,2026,09:45,15:00,2.0,-4.19,09:45,15:00,1.0,09:45,15:00,0.0,,,
002426.SZSE,胜利精密,2024-09-02,二接三,二接三阴,阴,2024-09,2024,09:45,09:45,1.0,-13.02,10:15,15:00,3.0,09:45,15:00,2.0,,,
002426.SZSE,胜利精密,2024-11-08,二接三,二接三阳,阳,2024-11,2024,09:45,09:45,1.0,-9.06,09:45,15:00,1.0,09:45,15:00,1.0,,,
002426.SZSE,胜利精密,2024-12-12,二接三,二接三阴,阴,2024-12,2024,09:45,15:00,4.0,-8.78,10:00,15:00,2.0,09:45,15:00,1.0,,,
002427.SZSE,尤夫股份,2025-03-25,二接三,二接三阳,阳,2025-03,2025,09:45,15:00,3.0,-6.3,09:45,15:00,1.0,09:45,15:00,1.0,,,
002427.SZSE,尤夫股份,2025-04-21,二接三,二接三阳,阳,2025-04,2025,09:45,15:00,2.0,-7.47,10:30,15:00,2.0,10:45,15:00,1.0,,,
002427.SZSE,尤夫股份,2025-04-22,三接四,三接四阳,阳,2025-04,2025,09:45,09:45,1.0,-11.82,10:30,15:00,2.0,10:45,15:00,1.0,09:45,15:00,2.0
002427.SZSE,尤夫股份,2025-05-15,二接三,二接三阴,阴,2025-05,2025,15:00,15:00,1.0,-3.38,10:45,15:00,1.0,09:45,15:00,1.0,,,
002428.SZSE,云南锗业,2024-11-04,二接三,二接三阳,阳,2024-11,2024,09:45,15:00,4.0,-9.09,13:45,15:00,5.0,09:45,15:00,4.0,,,
002428.SZSE,云南锗业,2024-11-05,三接四,三接四阳,阳,2024-11,2024,09:45,15:00,1.0,-11.18,13:45,15:00,5.0,09:45,15:00,4.0,09:45,15:00,4.0
002428.SZSE,云南锗业,2026-02-27,二接三,二接三阴,阴,2026-02,2026,10:00,10:30,2.0,-3.56,09:45,15:00,1.0,09:45,15:00,1.0,,,
002428.SZSE,云南锗业,2026-08-06,二接三,二接三阳,阳,2026-08,2026,09:45,15:00,2.0,-3.28,09:45,15:00,1.0,09:45,15:00,1.0,,,
002428.SZSE,云南锗业,2026-08-07,三接四,三接四阳,阳,2026-08,2026,10:15,15:00,2.0,-2.25,09:45,15:00,1.0,09:45,15:00,1.0,09:45,15:00,2.0
002430.SZSE,杭氧股份,2024-10-08,二接三,二接三阳,阳,2024-10,2024,09:45,09:45,1.0,-12.08,11:30,15:00,3.0,13:15,15:00,4.0,,,
002432.SZSE,九安医疗,2026-07-16,二接三,二接三阴,阴,2026-07,2026,11:00,14:15,3.0,-2.29,13:15,15:00,1.0,09:45,15:00,0.0,,,
002437.SZSE,誉衡药业,2026-08-11,二接三,二接三阴,阴,2026-08,2026,09:45,09:45,1.0,-10.88,09:45,15:00,3.0,09:45,15:00,6.0,,,
002437.SZSE,誉衡药业,2026-08-14,二接三,二接三阳,阳,2026-08,2026,10:00,10:30,3.0,-5.34,09:45,15:00,5.0,10:00,15:00,1.0,,,
002439.SZSE,启明星辰,2024-10-08,二接三,二接三阳,阳,2024-10,2024,09:45,15:00,2.0,-6.24,11:30,15:00,3.0,11:00,15:00,6.0,,,
002440.SZSE,闰土股份,2026-01-30,二接三,二接三阳,阳,2026-01,2026,14:30,14:30,1.0,-3.92,09:45,15:00,2.0,11:30,15:00,3.0,,,
002442.SZSE,龙星科技,2026-05-22,二接三,二接三阳,阳,2026-05,2026,09:45,15:00,1.0,-14.3,09:45,15:00,2.0,09:45,15:00,3.0,,,
002442.SZSE,龙星科技,2026-05-25,三接四,三接四阳,阳,2026-05,2026,09:45,14:45,2.0,-15.81,09:45,15:00,2.0,09:45,15:00,3.0,09:45,15:00,1.0
002449.SZSE,国星光电,2024-12-23,二接三,二接三阳,阳,2024-12,2024,09:45,15:00,1.0,-2.75,10:00,15:00,2.0,09:45,15:00,1.0,,,
002449.SZSE,国星光电,2024-12-24,三接四,三接四阳,阳,2024-12,2024,09:45,09:45,1.0,-16.77,10:00,15:00,2.0,09:45,15:00,1.0,09:45,15:00,1.0
002451.SZSE,摩恩电气,2025-11-07,三接四,三接四阳,阳,2025-11,2025,09:45,15:00,1.0,-1.35,09:45,15:00,1.0,09:45,15:00,0.0,09:45,15:00,0.0
002453.SZSE,华软科技,2024-09-23,二接三,二接三阴,阴,2024-09,2024,10:15,10:15,1.0,-7.53,10:45,15:00,1.0,11:00,15:00,2.0,,,
002453.SZSE,华软科技,2024-11-04,三接四,三接四阴,阴,2024-11,2024,09:45,14:45,5.0,-17.86,10:15,15:00,1.0,09:45,15:00,1.0,09:45,15:00,0.0
002453.SZSE,华软科技,2025-09-23,二接三,二接三阴,阴,2025-09,2025,09:45,15:00,1.0,-6.2,10:00,15:00,1.0,09:45,15:00,0.0,,,
002455.SZSE,百川股份,2026-01-30,二接三,二接三阴,阴,2026-01,2026,09:45,15:00,2.0,-5.94,09:45,15:00,2.0,09:45,15:00,3.0,,,
002455.SZSE,百川股份,2026-02-02,三接四,三接四阴,阴,2026-02,2026,09:45,10:00,2.0,-12.42,09:45,15:00,2.0,09:45,15:00,3.0,09:45,15:00,2.0
002455.SZSE,百川股份,2026-02-11,三接四,三接四阴,阴,2026-02,2026,09:45,15:00,1.0,-3.91,10:00,15:00,1.0,09:45,15:00,1.0,09:45,15:00,0.0
002456.SZSE,欧菲光,2024-10-21,二接三,二接三阳,阳,2024-10,2024,09:45,15:00,1.0,-3.56,11:30,15:00,3.0,10:00,15:00,3.0,,,
002456.SZSE,欧菲光,2024-10-22,三接四,三接四阳,阳,2024-10,2024,14:15,14:30,2.0,-10.49,11:30,15:00,3.0,10:00,15:00,3.0,09:45,15:00,1.0
002456.SZSE,欧菲光,2024-10-31,二接三,二接三阳,阳,2024-10,2024,09:45,15:00,2.0,-9.07,10:00,15:00,2.0,09:45,15:00,0.0,,,
002457.SZSE,青龙管业,2024-10-10,二接三,二接三阳,阳,2024-10,2024,10:30,10:30,1.0,-12.92,11:15,15:00,1.0,09:45,15:00,1.0,,,
002457.SZSE,青龙管业,2024-10-16,二接三,二接三阳,阳,2024-10,2024,10:00,15:00,2.0,-2.63,14:30,15:00,2.0,11:30,15:00,2.0,,,
002459.SZSE,晶澳科技,2024-10-08,二接三,二接三阳,阳,2024-10,2024,09:45,09:45,1.0,-8.85,11:15,15:00,5.0,13:45,15:00,3.0,,,
002459.SZSE,晶澳科技,2024-10-23,二接三,二接三阳,阳,2024-10,2024,13:15,14:45,6.0,-7.89,09:45,15:00,1.0,14:30,15:00,2.0,,,
002462.SZSE,嘉事堂,2026-01-07,二接三,二接三阴,阴,2026-01,2026,09:45,15:00,1.0,-2.56,10:45,15:00,3.0,09:45,15:00,0.0,,,
002465.SZSE,海格通信,2026-01-07,二接三,二接三阳,阳,2026-01,2026,10:00,10:00,1.0,-8.87,11:30,15:00,1.0,11:00,15:00,1.0,,,
002465.SZSE,海格通信,2026-01-14,二接三,二接三阴,阴,2026-01,2026,09:45,15:00,5.0,-4.51,10:15,15:00,2.0,09:45,15:00,1.0,,,
002466.SZSE,天齐锂业,2024-10-08,二接三,二接三阳,阳,2024-10,2024,09:45,15:00,5.0,-6.38,10:15,15:00,1.0,10:45,15:00,5.0,,,
002467.SZSE,二六三,2024-11-22,二接三,二接三阳,阳,2024-11,2024,09:45,15:00,1.0,-6.92,10:00,15:00,1.0,09:45,15:00,2.0,,,
002469.SZSE,三维化学,2024-11-15,二接三,二接三阳,阳,2024-11,2024,09:45,15:00,1.0,-7.26,10:00,15:00,3.0,10:00,15:00,7.0,,,
002469.SZSE,三维化学,2024-11-22,二接三,二接三阴,阴,2024-11,2024,09:45,15:00,2.0,-5.27,09:45,15:00,0.0,09:45,15:00,0.0,,,
002470.SZSE,金正大,2026-02-27,三接四,三接四阴,阴,2026-02,2026,09:45,15:00,8.0,-6.45,09:45,15:00,7.0,09:45,15:00,1.0,09:45,15:00,0.0
002471.SZSE,中超控股,2025-05-08,三接四,三接四阳,阳,2025-05,2025,09:45,15:00,1.0,-4.04,09:45,15:00,1.0,09:45,15:00,0.0,09:45,15:00,0.0
002471.SZSE,中超控股,2025-05-26,二接三,二接三阴,阴,2025-05,2025,09:45,15:00,3.0,-5.21,09:45,15:00,2.0,09:45,15:00,1.0,,,
002471.SZSE,中超控股,2025-05-27,三接四,三接四阴,阴,2025-05,2025,10:30,15:00,1.0,-5.09,09:45,15:00,2.0,09:45,15:00,1.0,09:45,15:00,3.0
002471.SZSE,中超控股,2025-12-16,三接四,三接四阴,阴,2025-12,2025,14:30,14:30,1.0,-6.23,09:45,15:00,1.0,09:45,15:00,1.0,09:45,15:00,0.0
002471.SZSE,中超控股,2025-12-30,二接三,二接三阳,阳,2025-12,2025,09:45,15:00,2.0,-4.88,10:00,15:00,3.0,09:45,15:00,0.0,,,
002474.SZSE,榕基软件,2025-11-19,二接三,二接三阳,阳,2025-11,2025,09:45,15:00,1.0,-5.73,11:00,15:00,1.0,09:45,15:00,1.0,,,
002474.SZSE,榕基软件,2025-11-20,三接四,三接四阳,阳,2025-11,2025,09:45,15:00,1.0,-4.51,11:00,15:00,1.0,09:45,15:00,1.0,09:45,15:00,1.0
002481.SZSE,双塔食品,2024-12-11,二接三,二接三阳,阳,2024-12,2024,11:00,11:30,3.0,-6.71,10:45,15:00,1.0,09:45,15:00,0.0,,,
002490.SZSE,山东墨龙,2025-06-17,二接三,二接三阴,阴,2025-06,2025,09:45,15:00,4.0,-7.97,10:30,15:00,1.0,09:45,15:00,0.0,,,
002490.SZSE,山东墨龙,2025-06-18,三接四,三接四阴,阴,2025-06,2025,09:45,15:00,2.0,-5.52,10:30,15:00,1.0,09:45,15:00,0.0,09:45,15:00,4.0
002490.SZSE,山东墨龙,2025-10-23,二接三,二接三阳,阳,2025-10,2025,09:45,15:00,2.0,-9.19,10:30,15:00,1.0,09:45,15:00,3.0,,,
002490.SZSE,山东墨龙,2026-03-04,二接三,二接三阳,阳,2026-03,2026,09:45,15:00,1.0,-3.92,09:45,15:00,1.0,09:45,15:00,0.0,,,
002490.SZSE,山东墨龙,2026-03-05,三接四,三接四阳,阳,2026-03,2026,09:45,15:00,2.0,-7.76,09:45,15:00,1.0,09:45,15:00,0.0,09:45,15:00,1.0
002491.SZSE,通鼎互联,2026-02-03,二接三,二接三阳,阳,2026-02,2026,09:45,11:30,3.0,-11.58,11:15,15:00,1.0,09:45,15:00,3.0,,,
002491.SZSE,通鼎互联,2026-05-11,二接三,二接三阳,阳,2026-05,2026,09:45,15:00,1.0,-2.2,09:45,15:00,1.0,09:45,15:00,3.0,,,
002491.SZSE,通鼎互联,2026-05-12,三接四,三接四阳,阳,2026-05,2026,09:45,15:00,2.0,-6.76,09:45,15:00,1.0,09:45,15:00,3.0,09:45,15:00,1.0
002491.SZSE,通鼎互联,2026-06-22,二接三,二接三阳,阳,2026-06,2026,09:45,09:45,1.0,-6.36,10:15,15:00,2.0,09:45,15:00,1.0,,,
002497.SZSE,雅化集团,2025-07-23,二接三,二接三阳,阳,2025-07,2025,09:45,15:00,2.0,-4.07,09:45,15:00,1.0,09:45,15:00,2.0,,,
002498.SZSE,汉缆股份,2026-01-21,三接四,三接四阳,阳,2026-01,2026,09:45,15:00,3.0,-6.2,09:45,15:00,1.0,09:45,15:00,0.0,09:45,15:00,0.0
002498.SZSE,汉缆股份,2026-02-24,二接三,二接三阴,阴,2026-02,2026,09:45,15:00,2.0,-5.1,11:00,15:00,2.0,09:45,15:00,1.0,,,
002498.SZSE,汉缆股份,2026-02-25,三接四,三接四阴,阴,2026-02,2026,10:00,15:00,1.0,-2.8,11:00,15:00,2.0,09:45,15:00,1.0,09:45,15:00,2.0
002498.SZSE,汉缆股份,2026-03-06,二接三,二接三阴,阴,2026-03,2026,09:45,15:00,2.0,-4.48,09:45,15:00,5.0,09:45,15:00,1.0,,,
002500.SZSE,山西证券,2024-10-08,二接三,二接三阳,阳,2024-10,2024,09:45,15:00,3.0,-5.23,15:00,15:00,1.0,10:30,15:00,4.0,,,
002506.SZSE,协鑫集成,2024-11-04,二接三,二接三阳,阳,2024-11,2024,09:45,10:00,2.0,-11.31,09:45,15:00,1.0,09:45,15:00,2.0,,,
002506.SZSE,协鑫集成,2026-01-27,二接三,二接三阳,阳,2026-01,2026,14:00,14:15,2.0,-3.42,09:45,15:00,1.0,09:45,15:00,1.0,,,
002506.SZSE,协鑫集成,2026-02-06,二接三,二接三阳,阳,2026-02,2026,14:00,15:00,1.0,-1.97,13:30,15:00,5.0,09:45,15:00,2.0,,,
002506.SZSE,协鑫集成,2026-02-09,三接四,三接四阳,阳,2026-02,2026,09:45,15:00,1.0,-5.75,13:30,15:00,5.0,09:45,15:00,2.0,14:00,15:00,1.0
002510.SZSE,天汽模,2024-11-11,三接四,三接四阳,阳,2024-11,2024,09:45,15:00,7.0,-7.02,13:15,15:00,0.0,09:45,15:00,0.0,09:45,15:00,0.0
002513.SZSE,蓝丰生化,2024-11-04,二接三,二接三阴,阴,2024-11,2024,10:30,15:00,2.0,-3.35,13:45,15:00,4.0,09:45,15:00,5.0,,,
002513.SZSE,蓝丰生化,2024-11-05,三接四,三接四阴,阴,2024-11,2024,09:45,15:00,1.0,-3.63,13:45,15:00,4.0,09:45,15:00,5.0,10:30,15:00,2.0
002513.SZSE,蓝丰生化,2025-09-25,三接四,三接四阳,阳,2025-09,2025,09:45,15:00,2.0,-14.34,10:00,15:00,1.0,09:45,15:00,1.0,09:45,15:00,0.0
002519.SZSE,银河电子,2025-12-02,二接三,二接三阳,阳,2025-12,2025,09:45,09:45,1.0,-13.5,09:45,15:00,3.0,09:45,15:00,1.0,,,
002519.SZSE,银河电子,2026-01-08,三接四,三接四阳,阳,2026-01,2026,09:45,15:00,1.0,-7.07,09:45,15:00,1.0,09:45,15:00,1.0,09:45,15:00,0.0
002520.SZSE,日发精机,2024-09-05,二接三,二接三阴,阴,2024-09,2024,09:45,15:00,3.0,-6.68,10:30,15:00,1.0,09:45,15:00,1.0,,,
002520.SZSE,日发精机,2024-09-06,三接四,三接四阴,阴,2024-09,2024,14:30,15:00,1.0,-6.81,10:30,15:00,1.0,09:45,15:00,1.0,09:45,15:00,3.0
002520.SZSE,日发精机,2024-12-04,三接四,三接四阳,阳,2024-12,2024,09:45,15:00,2.0,-6.25,14:00,15:00,1.0,09:45,15:00,0.0,09:45,15:00,0.0
002522.SZSE,浙江众成,2025-02-24,三接四,三接四阴,阴,2025-02,2025,09:45,15:00,1.0,-2.82,14:45,15:00,2.0,09:45,15:00,0.0,09:45,15:00,0.0
002529.SZSE,海源复材,2024-10-24,二接三,二接三阳,阳,2024-10,2024,10:15,15:00,3.0,-5.66,14:30,15:00,1.0,13:15,15:00,4.0,,,
002529.SZSE,海源复材,2024-10-25,三接四,三接四阳,阳,2024-10,2024,09:45,15:00,2.0,-12.91,14:30,15:00,1.0,13:15,15:00,4.0,10:15,15:00,3.0
002530.SZSE,金财互联,2024-12-09,二接三,二接三阴,阴,2024-12,2024,09:45,15:00,2.0,-5.89,10:00,15:00,6.0,09:45,15:00,1.0,,,
002530.SZSE,金财互联,2025-02-05,二接三,二接三阳,阳,2025-02,2025,09:45,09:45,1.0,-15.93,13:45,15:00,1.0,14:15,15:00,3.0,,,
002534.SZSE,西子洁能,2025-07-23,二接三,二接三阴,阴,2025-07,2025,09:45,14:45,5.0,-6.91,13:15,15:00,0.0,10:45,15:00,1.0,,,
002536.SZSE,飞龙股份,2025-08-15,二接三,二接三阴,阴,2025-08,2025,15:00,15:00,1.0,-2.26,10:15,15:00,1.0,13:30,15:00,1.0,,,
002536.SZSE,飞龙股份,2025-08-18,三接四,三接四阴,阴,2025-08,2025,10:00,15:00,4.0,-2.09,10:15,15:00,1.0,13:30,15:00,1.0,15:00,15:00,1.0
002537.SZSE,海联金汇,2025-04-24,三接四,三接四阳,阳,2025-04,2025,09:45,15:00,9.0,-4.47,09:45,15:00,2.0,09:45,15:00,0.0,09:45,15:00,0.0
002537.SZSE,海联金汇,2025-06-03,二接三,二接三阳,阳,2025-06,2025,09:45,15:00,1.0,-4.48,10:45,15:00,1.0,09:45,15:00,0.0,,,
002537.SZSE,海联金汇,2025-06-25,二接三,二接三阴,阴,2025-06,2025,11:30,15:00,1.0,-5.41,09:45,15:00,1.0,09:45,15:00,1.0,,,
002543.SZSE,万和电气,2025-01-20,二接三,二接三阴,阴,2025-01,2025,09:45,15:00,2.0,-11.58,09:45,15:00,1.0,09:45,15:00,1.0,,,
002549.SZSE,凯美特气,2025-04-01,三接四,三接四阳,阳,2025-04,2025,09:45,15:00,3.0,-10.01,11:00,15:00,1.0,09:45,15:00,0.0,09:45,15:00,0.0
002549.SZSE,凯美特气,2025-07-02,二接三,二接三阴,阴,2025-07,2025,11:00,15:00,1.0,-3.77,09:45,15:00,1.0,09:45,15:00,1.0,,,
002549.SZSE,凯美特气,2025-08-14,二接三,二接三阳,阳,2025-08,2025,09:45,09:45,1.0,-9.81,13:15,15:00,1.0,09:45,15:00,1.0,,,
002549.SZSE,凯美特气,2025-09-23,二接三,二接三阳,阳,2025-09,2025,14:45,15:00,1.0,-7.84,10:00,15:00,3.0,10:15,15:00,4.0,,,
002551.SZSE,尚荣医疗,2025-05-14,二接三,二接三阴,阴,2025-05,2025,09:45,15:00,1.0,-1.37,13:45,15:00,1.0,13:45,15:00,1.0,,,
002552.SZSE,宝鼎科技,2026-05-11,二接三,二接三阳,阳,2026-05,2026,11:15,15:00,1.0,-1.05,10:15,15:00,1.0,09:45,15:00,1.0,,,
002552.SZSE,宝鼎科技,2026-05-12,三接四,三接四阳,阳,2026-05,2026,14:15,15:00,1.0,-3.38,10:15,15:00,1.0,09:45,15:00,1.0,11:15,15:00,1.0
002552.SZSE,宝鼎科技,2026-05-26,二接三,二接三阴,阴,2026-05,2026,13:15,15:00,1.0,-3.03,09:45,15:00,1.0,09:45,15:00,4.0,,,
002552.SZSE,宝鼎科技,2026-05-27,三接四,三接四阴,阴,2026-05,2026,13:30,13:45,2.0,-5.57,09:45,15:00,1.0,09:45,15:00,4.0,13:15,15:00,1.0
002552.SZSE,宝鼎科技,2026-08-06,二接三,二接三阴,阴,2026-08,2026,09:45,15:00,2.0,-5.69,11:00,15:00,1.0,11:30,15:00,1.0,,,
002552.SZSE,宝鼎科技,2026-08-07,三接四,三接四阴,阴,2026-08,2026,09:45,15:00,1.0,-1.26,11:00,15:00,1.0,11:30,15:00,1.0,09:45,15:00,2.0
002553.SZSE,南方精工,2025-03-20,二接三,二接三阳,阳,2025-03,2025,10:30,15:00,2.0,-3.6,10:15,15:00,2.0,10:15,15:00,3.0,,,
002553.SZSE,南方精工,2025-03-21,三接四,三接四阳,阳,2025-03,2025,11:30,15:00,3.0,-2.14,10:15,15:00,2.0,10:15,15:00,3.0,10:30,15:00,2.0
002554.SZSE,惠博普,2026-01-16,二接三,二接三阴,阴,2026-01,2026,09:45,09:45,1.0,-14.65,13:15,15:00,1.0,09:45,15:00,0.0,,,
002560.SZSE,通达股份,2025-05-19,二接三,二接三阴,阴,2025-05,2025,09:45,10:30,2.0,-7.0,09:45,15:00,3.0,09:45,15:00,1.0,,,
002560.SZSE,通达股份,2026-04-02,二接三,二接三阳,阳,2026-04,2026,09:45,15:00,8.0,-8.65,10:00,15:00,1.0,09:45,15:00,2.0,,,
002560.SZSE,通达股份,2026-04-03,三接四,三接四阳,阳,2026-04,2026,09:45,09:45,1.0,-13.08,10:00,15:00,1.0,09:45,15:00,2.0,09:45,15:00,8.0
002562.SZSE,兄弟科技,2024-10-28,二接三,二接三阴,阴,2024-10,2024,13:15,14:15,2.0,-4.42,13:30,15:00,2.0,13:30,15:00,1.0,,,
002565.SZSE,顺灏股份,2025-12-02,二接三,二接三阳,阳,2025-12,2025,10:00,15:00,1.0,-7.11,09:45,15:00,0.0,09:45,15:00,0.0,,,
002565.SZSE,顺灏股份,2025-12-03,三接四,三接四阳,阳,2025-12,2025,09:45,15:00,2.0,-12.55,09:45,15:00,0.0,09:45,15:00,0.0,10:00,15:00,1.0
002565.SZSE,顺灏股份,2025-12-09,二接三,二接三阳,阳,2025-12,2025,09:45,09:45,1.0,-9.1,09:45,15:00,1.0,09:45,15:00,1.0,,,
002570.SZSE,贝因美,2024-10-08,二接三,二接三阳,阳,2024-10,2024,09:45,10:45,1.0,-18.32,09:45,15:00,0.0,09:45,15:00,0.0,,,
002570.SZSE,贝因美,2024-10-30,二接三,二接三阴,阴,2024-10,2024,09:45,15:00,2.0,-11.33,10:45,15:00,4.0,09:45,15:00,3.0,,,
002570.SZSE,贝因美,2024-10-31,三接四,三接四阴,阴,2024-10,2024,09:45,14:45,4.0,-16.5,10:45,15:00,4.0,09:45,15:00,3.0,09:45,15:00,2.0
002570.SZSE,贝因美,2025-04-10,二接三,二接三阳,阳,2025-04,2025,10:15,15:00,2.0,-4.6,09:45,15:00,1.0,13:30,15:00,2.0,,,
002570.SZSE,贝因美,2025-04-11,三接四,三接四阳,阳,2025-04,2025,10:00,15:00,2.0,-5.77,09:45,15:00,1.0,13:30,15:00,2.0,10:15,15:00,2.0
002574.SZSE,明牌珠宝,2025-03-13,二接三,二接三阳,阳,2025-03,2025,09:45,15:00,1.0,-3.99,13:30,15:00,1.0,09:45,15:00,0.0,,,
002574.SZSE,明牌珠宝,2026-01-14,二接三,二接三阳,阳,2026-01,2026,11:30,15:00,2.0,-4.16,10:00,15:00,1.0,09:45,15:00,1.0,,,
002575.SZSE,群兴玩具,2025-03-04,三接四,三接四阳,阳,2025-03,2025,09:45,10:30,3.0,-12.81,09:45,15:00,0.0,09:45,15:00,0.0,09:45,15:00,0.0
002577.SZSE,雷柏科技,2024-12-27,二接三,二接三阳,阳,2024-12,2024,09:45,15:00,1.0,-13.4,09:45,15:00,1.0,09:45,15:00,0.0,,,
002577.SZSE,雷柏科技,2024-12-30,三接四,三接四阳,阳,2024-12,2024,09:45,09:45,1.0,-15.77,09:45,15:00,1.0,09:45,15:00,0.0,09:45,15:00,1.0
002578.SZSE,闽发铝业,2025-11-14,二接三,二接三阴,阴,2025-11,2025,10:00,10:15,2.0,-9.51,09:45,15:00,3.0,10:45,15:00,1.0,,,
002579.SZSE,中京电子,2025-06-20,二接三,二接三阴,阴,2025-06,2025,09:45,15:00,2.0,-1.65,10:15,15:00,2.0,09:45,15:00,0.0,,,
002579.SZSE,中京电子,2026-05-28,二接三,二接三阴,阴,2026-05,2026,13:30,15:00,1.0,-4.73,10:15,15:00,2.0,09:45,15:00,1.0,,,
002580.SZSE,圣阳股份,2025-02-25,二接三,二接三阳,阳,2025-02,2025,09:45,15:00,1.0,-6.24,10:30,15:00,1.0,09:45,15:00,1.0,,,
002580.SZSE,圣阳股份,2026-04-13,二接三,二接三阴,阴,2026-04,2026,09:45,15:00,1.0,-7.33,13:45,15:00,1.0,10:15,15:00,6.0,,,
002580.SZSE,圣阳股份,2026-04-14,三接四,三接四阴,阴,2026-04,2026,10:30,15:00,2.0,-4.01,13:45,15:00,1.0,10:15,15:00,6.0,09:45,15:00,1.0
002583.SZSE,海能达,2024-10-09,二接三,二接三阴,阴,2024-10,2024,09:45,15:00,3.0,-8.92,09:45,15:00,4.0,09:45,15:00,2.0,,,
002583.SZSE,海能达,2024-10-17,二接三,二接三阴,阴,2024-10,2024,09:45,14:30,2.0,-15.27,10:00,15:00,1.0,13:15,15:00,2.0,,,
002583.SZSE,海能达,2024-10-22,二接三,二接三阴,阴,2024-10,2024,09:45,15:00,3.0,-5.46,10:00,15:00,7.0,10:00,15:00,1.0,,,
002583.SZSE,海能达,2024-10-23,三接四,三接四阴,阴,2024-10,2024,09:45,15:00,1.0,-5.15,10:00,15:00,7.0,10:00,15:00,1.0,09:45,15:00,3.0
002583.SZSE,海能达,2024-11-21,二接三,二接三阳,阳,2024-11,2024,09:45,13:15,6.0,-5.16,09:45,15:00,5.0,14:15,15:00,1.0,,,
002585.SZSE,双星新材,2026-05-26,二接三,二接三阴,阴,2026-05,2026,09:45,15:00,1.0,-9.84,11:15,15:00,1.0,09:45,15:00,1.0,,,
002589.SZSE,瑞康医药,2025-12-05,二接三,二接三阳,阳,2025-12,2025,09:45,15:00,1.0,-6.57,09:45,15:00,1.0,09:45,15:00,4.0,,,
002589.SZSE,瑞康医药,2025-12-08,三接四,三接四阳,阳,2025-12,2025,09:45,15:00,9.0,-13.65,09:45,15:00,1.0,09:45,15:00,4.0,09:45,15:00,1.0
002590.SZSE,万安科技,2025-05-20,二接三,二接三阴,阴,2025-05,2025,09:45,15:00,1.0,-2.57,09:45,15:00,0.0,09:45,15:00,0.0,,,
002590.SZSE,万安科技,2025-05-21,三接四,三接四阴,阴,2025-05,2025,14:00,14:00,1.0,-8.37,09:45,15:00,0.0,09:45,15:00,0.0,09:45,15:00,1.0
002593.SZSE,日上集团,2024-11-29,二接三,二接三阳,阳,2024-11,2024,10:45,15:00,4.0,-16.74,10:15,15:00,1.0,09:45,15:00,1.0,,,
002593.SZSE,日上集团,2024-12-02,三接四,三接四阳,阳,2024-12,2024,09:45,15:00,1.0,-14.81,10:15,15:00,1.0,09:45,15:00,1.0,10:45,15:00,4.0
002593.SZSE,日上集团,2024-12-06,二接三,二接三阴,阴,2024-12,2024,09:45,15:00,1.0,-5.81,09:45,15:00,7.0,09:45,15:00,1.0,,,
002593.SZSE,日上集团,2024-12-09,三接四,三接四阴,阴,2024-12,2024,09:45,15:00,2.0,-7.62,09:45,15:00,7.0,09:45,15:00,1.0,09:45,15:00,1.0
002596.SZSE,海南瑞泽,2025-12-23,二接三,二接三阴,阴,2025-12,2025,09:45,15:00,1.0,-3.55,14:30,15:00,3.0,10:00,15:00,1.0,,,
002599.SZSE,盛通股份,2025-02-21,二接三,二接三阴,阴,2025-02,2025,09:45,15:00,2.0,-5.81,09:45,15:00,1.0,09:45,15:00,0.0,,,
002599.SZSE,盛通股份,2025-02-24,三接四,三接四阴,阴,2025-02,2025,09:45,15:00,1.0,-6.48,09:45,15:00,1.0,09:45,15:00,0.0,09:45,15:00,2.0
002605.SZSE,姚记科技,2024-11-15,二接三,二接三阴,阴,2024-11,2024,10:15,10:15,1.0,-13.44,10:00,15:00,2.0,09:45,15:00,3.0,,,
002607.SZSE,中公教育,2024-12-09,二接三,二接三阳,阳,2024-12,2024,10:15,10:15,1.0,-9.62,10:45,15:00,5.0,09:45,15:00,1.0,,,
002611.SZSE,东方精工,2024-11-19,三接四,三接四阴,阴,2024-11,2024,09:45,15:00,1.0,-6.2,13:45,15:00,1.0,09:45,15:00,1.0,09:45,15:00,0.0
002615.SZSE,哈尔斯,2025-06-13,二接三,二接三阴,阴,2025-06,2025,09:45,15:00,1.0,-12.59,13:30,15:00,1.0,09:45,15:00,1.0,,,
002615.SZSE,哈尔斯,2025-06-16,三接四,三接四阴,阴,2025-06,2025,11:00,11:00,1.0,-8.16,13:30,15:00,1.0,09:45,15:00,1.0,09:45,15:00,1.0
002622.SZSE,皓宸医疗,2024-09-11,二接三,二接三阴,阴,2024-09,2024,09:45,09:45,1.0,-15.34,,,,09:45,15:00,0.0,,,
002623.SZSE,亚玛顿,2025-07-04,二接三,二接三阴,阴,2025-07,2025,09:45,15:00,3.0,-1.4,09:45,15:00,1.0,09:45,15:00,0.0,,,
002624.SZSE,完美世界,2026-02-10,二接三,二接三阳,阳,2026-02,2026,11:30,13:15,2.0,-5.45,13:30,15:00,2.0,09:45,15:00,1.0,,,
002625.SZSE,光启技术,2024-10-09,二接三,二接三阳,阳,2024-10,2024,10:00,14:30,6.0,-7.61,10:00,15:00,3.0,09:45,15:00,0.0,,,
002632.SZSE,道明光学,2025-12-01,二接三,二接三阳,阳,2025-12,2025,09:45,15:00,1.0,-11.55,09:45,15:00,1.0,09:45,15:00,0.0,,,
002633.SZSE,申科股份,2024-10-30,三接四,三接四阳,阳,2024-10,2024,13:15,15:00,3.0,-3.26,09:45,15:00,0.0,09:45,15:00,0.0,09:45,15:00,0.0
002633.SZSE,申科股份,2025-03-21,二接三,二接三阴,阴,2025-03,2025,09:45,15:00,1.0,-11.91,10:30,15:00,1.0,11:30,15:00,1.0,,,
002636.SZSE,金安国纪,2025-01-16,二接三,二接三阳,阳,2025-01,2025,10:00,15:00,2.0,-7.82,13:45,15:00,1.0,09:45,15:00,0.0,,,
002636.SZSE,金安国纪,2025-01-17,三接四,三接四阳,阳,2025-01,2025,10:00,15:00,1.0,-3.9,13:45,15:00,1.0,09:45,15:00,0.0,10:00,15:00,2.0
002636.SZSE,金安国纪,2025-07-07,二接三,二接三阴,阴,2025-07,2025,09:45,15:00,5.0,-11.87,10:15,15:00,1.0,09:45,15:00,0.0,,,
002636.SZSE,金安国纪,2025-07-08,三接四,三接四阴,阴,2025-07,2025,09:45,15:00,1.0,-10.35,10:15,15:00,1.0,09:45,15:00,0.0,09:45,15:00,5.0
002636.SZSE,金安国纪,2026-06-10,二接三,二接三阳,阳,2026-06,2026,09:45,15:00,2.0,-3.82,09:45,15:00,1.0,09:45,15:00,1.0,,,
002636.SZSE,金安国纪,2026-06-11,三接四,三接四阳,阳,2026-06,2026,10:15,15:00,7.0,-3.99,09:45,15:00,1.0,09:45,15:00,1.0,09:45,15:00,2.0
002638.SZSE,勤上股份,2024-11-26,二接三,二接三阳,阳,2024-11,2024,10:30,13:15,3.0,-13.82,09:45,15:00,10.0,14:15,15:00,2.0,,,
002639.SZSE,雪人集团,2024-12-16,二接三,二接三阳,阳,2024-12,2024,09:45,15:00,1.0,-4.5,10:45,15:00,2.0,09:45,15:00,4.0,,,
002639.SZSE,雪人集团,2025-12-15,二接三,二接三阴,阴,2025-12,2025,09:45,15:00,2.0,-4.1,10:15,15:00,1.0,10:00,15:00,1.0,,,
002639.SZSE,雪人集团,2026-01-09,二接三,二接三阳,阳,2026-01,2026,15:00,15:00,1.0,-8.2,11:30,15:00,3.0,09:45,15:00,2.0,,,
002640.SZSE,跨境通,2024-09-09,二接三,二接三阳,阳,2024-09,2024,09:45,15:00,2.0,-7.69,11:15,15:00,1.0,09:45,15:00,1.0,,,
002640.SZSE,跨境通,2024-09-10,三接四,三接四阳,阳,2024-09,2024,09:45,15:00,3.0,-12.56,11:15,15:00,1.0,09:45,15:00,1.0,09:45,15:00,2.0
002640.SZSE,跨境通,2024-09-26,二接三,二接三阳,阳,2024-09,2024,09:45,15:00,5.0,-9.05,10:00,15:00,7.0,10:30,15:00,1.0,,,
002640.SZSE,跨境通,2024-09-27,三接四,三接四阳,阳,2024-09,2024,14:45,15:00,2.0,-17.6,10:00,15:00,7.0,10:30,15:00,1.0,09:45,15:00,5.0
002640.SZSE,跨境通,2024-11-26,二接三,二接三阳,阳,2024-11,2024,09:45,14:45,2.0,-17.34,10:30,15:00,4.0,09:45,15:00,1.0,,,
002640.SZSE,跨境通,2024-11-29,二接三,二接三阴,阴,2024-11,2024,09:45,15:00,1.0,-13.09,10:00,15:00,2.0,09:45,15:00,5.0,,,
002640.SZSE,跨境通,2025-04-14,二接三,二接三阳,阳,2025-04,2025,10:15,15:00,6.0,-5.96,09:45,15:00,1.0,09:45,15:00,1.0,,,
002640.SZSE,跨境通,2025-04-23,二接三,二接三阴,阴,2025-04,2025,09:45,09:45,1.0,-8.89,09:45,15:00,1.0,09:45,15:00,0.0,,,
002641.SZSE,公元股份,2025-09-22,二接三,二接三阴,阴,2025-09,2025,09:45,09:45,1.0,-16.22,09:45,15:00,1.0,09:45,15:00,0.0,,,
002644.SZSE,佛慈制药,2025-07-30,二接三,二接三阴,阴,2025-07,2025,14:30,15:00,1.0,-4.51,10:45,15:00,1.0,09:45,15:00,5.0,,,
002645.SZSE,华宏科技,2025-07-15,二接三,二接三阳,阳,2025-07,2025,09:45,15:00,2.0,-2.77,11:15,15:00,1.0,09:45,15:00,3.0,,,
002645.SZSE,华宏科技,2025-07-16,三接四,三接四阳,阳,2025-07,2025,10:00,15:00,2.0,-5.03,11:15,15:00,1.0,09:45,15:00,3.0,09:45,15:00,2.0
002645.SZSE,华宏科技,2025-08-19,二接三,二接三阴,阴,2025-08,2025,09:45,15:00,4.0,-5.43,09:45,15:00,1.0,10:30,15:00,1.0,,,
002647.SZSE,仁东控股,2024-10-09,二接三,二接三阳,阳,2024-10,2024,13:30,15:00,4.0,-5.17,15:00,15:00,1.0,09:45,15:00,2.0,,,
002649.SZSE,博彦科技,2024-10-09,二接三,二接三阳,阳,2024-10,2024,13:15,14:30,4.0,-5.89,10:30,15:00,3.0,09:45,15:00,6.0,,,
002651.SZSE,利君股份,2025-05-09,二接三,二接三阳,阳,2025-05,2025,09:45,15:00,6.0,-3.13,10:45,15:00,1.0,10:00,15:00,3.0,,,
002651.SZSE,利君股份,2025-05-12,三接四,三接四阳,阳,2025-05,2025,09:45,15:00,2.0,-14.65,10:45,15:00,1.0,10:00,15:00,3.0,09:45,15:00,6.0
002652.SZSE,扬子新材,2025-12-29,二接三,二接三阴,阴,2025-12,2025,09:45,15:00,2.0,-9.05,14:00,15:00,1.0,09:45,15:00,1.0,,,
002654.SZSE,万润科技,2024-10-29,三接四,三接四阳,阳,2024-10,2024,09:45,15:00,1.0,-3.36,10:00,15:00,1.0,09:45,15:00,0.0,09:45,15:00,0.0
002655.SZSE,共达电声,2026-06-23,二接三,二接三阳,阳,2026-06,2026,09:45,09:45,1.0,-10.43,09:45,15:00,2.0,09:45,15:00,1.0,,,
002657.SZSE,中科金财,2024-11-18,三接四,三接四阴,阴,2024-11,2024,09:45,15:00,1.0,-2.1,14:15,15:00,1.0,09:45,15:00,6.0,09:45,15:00,0.0
002658.SZSE,雪迪龙,2025-07-02,二接三,二接三阳,阳,2025-07,2025,09:45,15:00,1.0,-5.07,10:00,15:00,2.0,09:45,15:00,1.0,,,
002658.SZSE,雪迪龙,2025-07-03,三接四,三接四阳,阳,2025-07,2025,09:45,15:00,1.0,-7.87,10:00,15:00,2.0,09:45,15:00,1.0,09:45,15:00,1.0
002670.SZSE,国盛证券,2024-10-08,二接三,二接三阳,阳,2024-10,2024,09:45,15:00,4.0,-6.65,13:15,15:00,4.0,11:00,15:00,3.0,,,
002670.SZSE,国盛证券,2024-12-12,二接三,二接三阳,阳,2024-12,2024,09:45,15:00,1.0,-2.3,09:45,15:00,3.0,10:30,15:00,2.0,,,
002670.SZSE,国盛证券,2024-12-13,三接四,三接四阳,阳,2024-12,2024,13:45,15:00,4.0,-3.34,09:45,15:00,3.0,10:30,15:00,2.0,09:45,15:00,1.0
002673.SZSE,西部证券,2024-10-08,二接三,二接三阳,阳,2024-10,2024,09:45,15:00,5.0,-4.5,15:00,15:00,1.0,10:30,15:00,3.0,,,
002676.SZSE,顺威股份,2024-10-24,二接三,二接三阴,阴,2024-10,2024,09:45,09:45,1.0,-13.98,13:15,15:00,1.0,09:45,15:00,1.0,,,
002676.SZSE,顺威股份,2024-10-29,二接三,二接三阴,阴,2024-10,2024,09:45,09:45,1.0,-12.85,09:45,15:00,3.0,09:45,15:00,2.0,,,
002678.SZSE,珠江钢琴,2025-06-18,二接三,二接三阳,阳,2025-06,2025,10:15,10:15,1.0,-15.93,10:15,15:00,3.0,09:45,15:00,1.0,,,
002678.SZSE,珠江钢琴,2025-10-24,二接三,二接三阳,阳,2025-10,2025,09:45,15:00,1.0,-18.21,10:00,15:00,1.0,09:45,15:00,1.0,,,
002679.SZSE,福建金森,2025-11-03,二接三,二接三阴,阴,2025-11,2025,09:45,09:45,1.0,-11.88,13:30,15:00,1.0,09:45,15:00,1.0,,,
002679.SZSE,福建金森,2026-09-02,三接四,三接四阳,阳,2026-09,2026,09:45,09:45,1.0,-18.1,10:30,15:00,1.0,09:45,15:00,0.0,09:45,15:00,0.0
002681.SZSE,奋达科技,2024-09-02,三接四,三接四阴,阴,2024-09,2024,09:45,09:45,1.0,-9.07,,,,,,,09:45,15:00,0.0
002681.SZSE,奋达科技,2024-12-06,二接三,二接三阴,阴,2024-12,2024,09:45,10:00,2.0,-9.46,10:30,15:00,3.0,09:45,15:00,1.0,,,
002681.SZSE,奋达科技,2024-12-11,二接三,二接三阴,阴,2024-12,2024,09:45,15:00,4.0,-7.82,09:45,15:00,1.0,09:45,15:00,0.0,,,
002682.SZSE,龙洲股份,2025-11-18,三接四,三接四阳,阳,2025-11,2025,09:45,15:00,1.0,-1.02,09:45,15:00,1.0,09:45,15:00,0.0,09:45,15:00,0.0
002685.SZSE,华东重机,2024-10-29,二接三,二接三阴,阴,2024-10,2024,09:45,15:00,2.0,-5.66,10:15,15:00,3.0,09:45,15:00,1.0,,,
002692.SZSE,远程股份,2025-01-22,三接四,三接四阴,阴,2025-01,2025,09:45,09:45,1.0,-18.24,09:45,15:00,2.0,09:45,15:00,0.0,09:45,15:00,0.0
002693.SZSE,双成药业,2024-10-16,二接三,二接三阳,阳,2024-10,2024,09:45,15:00,1.0,-7.97,13:15,15:00,0.0,09:45,15:00,3.0,,,
002693.SZSE,双成药业,2024-10-17,三接四,三接四阳,阳,2024-10,2024,09:45,15:00,2.0,-18.15,13:15,15:00,0.0,09:45,15:00,3.0,09:45,15:00,1.0
002693.SZSE,双成药业,2024-10-28,二接三,二接三阳,阳,2024-10,2024,09:45,15:00,4.0,-14.48,11:15,15:00,1.0,09:45,15:00,1.0,,,
002693.SZSE,双成药业,2024-11-21,二接三,二接三阴,阴,2024-11,2024,09:45,15:00,2.0,-2.63,09:45,15:00,1.0,09:45,15:00,0.0,,,
002693.SZSE,双成药业,2025-04-16,二接三,二接三阳,阳,2025-04,2025,10:45,15:00,1.0,-0.98,11:15,15:00,2.0,13:45,15:00,0.0,,,
002693.SZSE,双成药业,2025-04-17,三接四,三接四阳,阳,2025-04,2025,09:45,15:00,1.0,-5.78,11:15,15:00,2.0,13:45,15:00,0.0,10:45,15:00,1.0
002697.SZSE,红旗连锁,2025-12-17,二接三,二接三阴,阴,2025-12,2025,09:45,09:45,1.0,-9.81,11:15,15:00,5.0,09:45,15:00,1.0,,,
002702.SZSE,海欣食品,2024-12-12,二接三,二接三阳,阳,2024-12,2024,09:45,15:00,3.0,-8.01,09:45,15:00,1.0,09:45,15:00,1.0,,,
002702.SZSE,海欣食品,2025-11-28,二接三,二接三阳,阳,2025-11,2025,11:00,15:00,1.0,-7.46,10:00,15:00,2.0,09:45,15:00,0.0,,,
002702.SZSE,海欣食品,2025-12-01,三接四,三接四阳,阳,2025-12,2025,09:45,15:00,1.0,-8.17,10:00,15:00,2.0,09:45,15:00,0.0,11:00,15:00,1.0
002703.SZSE,浙江世宝,2025-12-18,二接三,二接三阴,阴,2025-12,2025,10:00,15:00,8.0,-3.71,09:45,15:00,0.0,09:45,15:00,3.0,,,
002703.SZSE,浙江世宝,2025-12-19,三接四,三接四阴,阴,2025-12,2025,09:45,15:00,1.0,-12.62,09:45,15:00,0.0,09:45,15:00,3.0,10:00,15:00,8.0
002712.SZSE,思美传媒,2024-10-31,三接四,三接四阳,阳,2024-10,2024,09:45,15:00,2.0,-5.49,09:45,15:00,1.0,09:45,15:00,0.0,09:45,15:00,0.0
002713.SZSE,东易日盛,2024-10-23,二接三,二接三阴,阴,2024-10,2024,09:45,15:00,1.0,-11.4,09:45,15:00,1.0,09:45,15:00,1.0,,,
002713.SZSE,东易日盛,2024-10-28,二接三,二接三阴,阴,2024-10,2024,09:45,15:00,2.0,-8.25,09:45,15:00,1.0,09:45,15:00,9.0,,,
002713.SZSE,东易日盛,2024-12-09,二接三,二接三阴,阴,2024-12,2024,09:45,14:15,3.0,-12.13,15:00,15:00,1.0,09:45,15:00,1.0,,,
002716.SZSE,湖南白银,2026-01-22,二接三,二接三阴,阴,2026-01,2026,14:15,15:00,3.0,-0.87,13:30,15:00,1.0,10:00,15:00,4.0,,,
002718.SZSE,友邦吊顶,2024-11-28,二接三,二接三阳,阳,2024-11,2024,09:45,09:45,1.0,-18.18,11:00,15:00,1.0,09:45,15:00,1.0,,,
002718.SZSE,友邦吊顶,2026-01-05,二接三,二接三阴,阴,2026-01,2026,09:45,15:00,1.0,-4.5,10:15,15:00,2.0,09:45,15:00,0.0,,,
002718.SZSE,友邦吊顶,2026-01-06,三接四,三接四阴,阴,2026-01,2026,09:45,15:00,1.0,-3.17,10:15,15:00,2.0,09:45,15:00,0.0,09:45,15:00,1.0
002718.SZSE,友邦吊顶,2026-01-14,二接三,二接三阳,阳,2026-01,2026,09:45,15:00,3.0,-7.06,13:45,15:00,1.0,09:45,15:00,4.0,,,
002721.SZSE,金一文化,2025-07-07,二接三,二接三阴,阴,2025-07,2025,09:45,15:00,1.0,-9.95,13:15,15:00,1.0,09:45,15:00,0.0,,,
002721.SZSE,金一文化,2025-07-08,三接四,三接四阴,阴,2025-07,2025,14:30,14:45,2.0,-4.32,13:15,15:00,1.0,09:45,15:00,0.0,09:45,15:00,1.0
002721.SZSE,金一文化,2026-08-07,二接三,二接三阴,阴,2026-08,2026,09:45,13:15,3.0,-8.98,10:30,15:00,1.0,09:45,15:00,0.0,,,
002724.SZSE,海洋王,2025-03-18,三接四,三接四阳,阳,2025-03,2025,09:45,15:00,4.0,-2.45,13:15,15:00,1.0,09:45,15:00,0.0,09:45,15:00,0.0
002724.SZSE,海洋王,2026-08-17,二接三,二接三阳,阳,2026-08,2026,09:45,09:45,1.0,-12.2,14:15,15:00,1.0,09:45,15:00,1.0,,,
002725.SZSE,跃岭股份,2024-10-28,二接三,二接三阳,阳,2024-10,2024,10:45,15:00,5.0,-4.61,10:30,15:00,1.0,09:45,15:00,1.0,,,
002725.SZSE,跃岭股份,2024-10-29,三接四,三接四阳,阳,2024-10,2024,10:15,15:00,2.0,-9.02,10:30,15:00,1.0,09:45,15:00,1.0,10:45,15:00,5.0
002725.SZSE,跃岭股份,2025-12-11,二接三,二接三阳,阳,2025-12,2025,09:45,15:00,1.0,-4.91,10:00,15:00,1.0,09:45,15:00,3.0,,,
002730.SZSE,电光科技,2024-12-25,三接四,三接四阳,阳,2024-12,2024,09:45,15:00,2.0,-7.67,10:15,15:00,2.0,09:45,15:00,1.0,09:45,15:00,0.0
002730.SZSE,电光科技,2025-01-06,二接三,二接三阳,阳,2025-01,2025,10:15,10:15,1.0,-17.55,10:00,15:00,1.0,09:45,15:00,2.0,,,
002730.SZSE,电光科技,2025-01-21,二接三,二接三阳,阳,2025-01,2025,09:45,15:00,2.0,-15.33,09:45,15:00,1.0,09:45,15:00,1.0,,,
002730.SZSE,电光科技,2025-01-22,三接四,三接四阳,阳,2025-01,2025,10:45,15:00,1.0,-4.07,09:45,15:00,1.0,09:45,15:00,1.0,09:45,15:00,2.0
002730.SZSE,电光科技,2025-05-07,二接三,二接三阳,阳,2025-05,2025,09:45,15:00,2.0,-1.73,09:45,15:00,0.0,09:45,15:00,0.0,,,
002733.SZSE,雄韬股份,2025-01-07,二接三,二接三阳,阳,2025-01,2025,09:45,15:00,1.0,-9.99,11:15,15:00,4.0,14:45,15:00,1.0,,,
002735.SZSE,王子新材,2025-05-20,二接三,二接三阳,阳,2025-05,2025,09:45,15:00,1.0,-1.31,09:45,15:00,0.0,09:45,15:00,1.0,,,
002735.SZSE,王子新材,2025-05-21,三接四,三接四阳,阳,2025-05,2025,13:30,14:45,2.0,-11.02,09:45,15:00,0.0,09:45,15:00,1.0,09:45,15:00,1.0
002741.SZSE,光华科技,2024-12-04,二接三,二接三阴,阴,2024-12,2024,09:45,10:15,2.0,-13.8,13:15,15:00,1.0,09:45,15:00,0.0,,,
002741.SZSE,光华科技,2026-06-17,二接三,二接三阳,阳,2026-06,2026,09:45,15:00,1.0,-2.0,09:45,15:00,1.0,09:45,15:00,0.0,,,
002742.SZSE,冀衡医药,2026-08-28,三接四,三接四阳,阳,2026-08,2026,09:45,15:00,3.0,-10.9,09:45,15:00,1.0,09:45,15:00,0.0,09:45,15:00,0.0
002743.SZSE,富煌钢构,2024-10-28,二接三,二接三阳,阳,2024-10,2024,09:45,15:00,1.0,-7.38,13:30,15:00,1.0,09:45,15:00,0.0,,,
002743.SZSE,富煌钢构,2025-06-03,二接三,二接三阴,阴,2025-06,2025,11:30,11:30,1.0,-9.14,09:45,15:00,1.0,11:30,15:00,1.0,,,
002748.SZSE,世龙实业,2025-10-23,二接三,二接三阳,阳,2025-10,2025,09:45,15:00,1.0,-9.51,11:00,15:00,1.0,09:45,15:00,1.0,,,
002748.SZSE,世龙实业,2025-10-24,三接四,三接四阳,阳,2025-10,2025,09:45,15:00,1.0,-9.1,11:00,15:00,1.0,09:45,15:00,1.0,09:45,15:00,1.0
002752.SZSE,昇兴股份,2025-12-10,三接四,三接四阴,阴,2025-12,2025,09:45,13:30,3.0,-11.6,13:15,15:00,1.0,09:45,15:00,1.0,09:45,15:00,0.0
002757.SZSE,南兴股份,2025-01-27,二接三,二接三阳,阳,2025-01,2025,09:45,14:30,3.0,-11.37,09:45,15:00,2.0,09:45,15:00,1.0,,,
002757.SZSE,南兴股份,2026-01-05,二接三,二接三阳,阳,2026-01,2026,09:45,15:00,1.0,-6.35,10:00,15:00,1.0,10:15,15:00,1.0,,,
002757.SZSE,南兴股份,2026-01-06,三接四,三接四阳,阳,2026-01,2026,09:45,15:00,1.0,-3.44,10:00,15:00,1.0,10:15,15:00,1.0,09:45,15:00,1.0
002760.SZSE,凤形股份,2025-03-10,二接三,二接三阴,阴,2025-03,2025,09:45,15:00,1.0,-1.16,09:45,15:00,1.0,09:45,15:00,4.0,,,
002760.SZSE,凤形股份,2025-03-11,三接四,三接四阴,阴,2025-03,2025,14:15,15:00,1.0,-8.31,09:45,15:00,1.0,09:45,15:00,4.0,09:45,15:00,1.0
002761.SZSE,浙江建投,2024-11-25,三接四,三接四阳,阳,2024-11,2024,09:45,09:45,1.0,-16.57,09:45,15:00,0.0,09:45,15:00,0.0,09:45,15:00,0.0
002766.SZSE,索菱股份,2024-12-11,二接三,二接三阴,阴,2024-12,2024,09:45,11:15,2.0,-11.71,13:30,15:00,1.0,09:45,15:00,1.0,,,
002766.SZSE,索菱股份,2026-01-06,二接三,二接三阴,阴,2026-01,2026,09:45,15:00,2.0,-6.82,10:45,15:00,1.0,09:45,15:00,1.0,,,
002766.SZSE,索菱股份,2026-01-07,三接四,三接四阴,阴,2026-01,2026,09:45,10:30,2.0,-12.78,10:45,15:00,1.0,09:45,15:00,1.0,09:45,15:00,2.0
002767.SZSE,先锋电子,2025-01-21,三接四,三接四阴,阴,2025-01,2025,09:45,15:00,1.0,-0.68,09:45,15:00,1.0,13:30,15:00,1.0,09:45,15:00,0.0
002767.SZSE,先锋电子,2025-03-25,二接三,二接三阳,阳,2025-03,2025,09:45,15:00,2.0,-8.03,14:45,15:00,1.0,09:45,15:00,0.0,,,
002767.SZSE,先锋电子,2025-03-26,三接四,三接四阳,阳,2025-03,2025,10:00,10:00,1.0,-13.37,14:45,15:00,1.0,09:45,15:00,0.0,09:45,15:00,2.0
002767.SZSE,先锋电子,2025-10-21,二接三,二接三阴,阴,2025-10,2025,09:45,15:00,1.0,-12.62,11:15,15:00,1.0,09:45,15:00,1.0,,,
002769.SZSE,普路通,2026-01-14,二接三,二接三阴,阴,2026-01,2026,09:45,09:45,1.0,-11.1,09:45,15:00,1.0,10:30,15:00,1.0,,,
002774.SZSE,快意电梯,2024-12-03,二接三,二接三阴,阴,2024-12,2024,09:45,09:45,1.0,-14.11,09:45,15:00,0.0,09:45,15:00,0.0,,,
002774.SZSE,快意电梯,2026-01-07,二接三,二接三阴,阴,2026-01,2026,10:15,15:00,1.0,-8.18,11:15,15:00,1.0,10:00,15:00,1.0,,,
002774.SZSE,快意电梯,2026-01-08,三接四,三接四阴,阴,2026-01,2026,10:30,15:00,1.0,-3.09,11:15,15:00,1.0,10:00,15:00,1.0,10:15,15:00,1.0
002775.SZSE,文科股份,2024-12-12,二接三,二接三阴,阴,2024-12,2024,13:30,13:30,1.0,-14.17,10:45,15:00,1.0,09:45,15:00,2.0,,,
002775.SZSE,文科股份,2025-08-04,二接三,二接三阴,阴,2025-08,2025,09:45,15:00,3.0,-4.89,09:45,15:00,1.0,09:45,15:00,1.0,,,
002775.SZSE,文科股份,2025-08-05,三接四,三接四阴,阴,2025-08,2025,10:45,15:00,2.0,-6.5,09:45,15:00,1.0,09:45,15:00,1.0,09:45,15:00,3.0
002777.SZSE,久远银海,2024-10-09,二接三,二接三阳,阳,2024-10,2024,13:15,14:30,3.0,-5.77,14:00,15:00,3.0,09:45,15:00,5.0,,,
002783.SZSE,凯龙股份,2025-07-23,二接三,二接三阴,阴,2025-07,2025,09:45,09:45,1.0,-11.86,11:00,15:00,1.0,09:45,15:00,1.0,,,
002788.SZSE,鹭燕医药,2025-12-22,三接四,三接四阳,阳,2025-12,2025,09:45,15:00,3.0,-7.02,09:45,15:00,2.0,09:45,15:00,0.0,09:45,15:00,0.0
002788.SZSE,鹭燕医药,2026-01-08,二接三,二接三阳,阳,2026-01,2026,11:15,15:00,4.0,-2.11,10:15,15:00,2.0,09:45,15:00,3.0,,,
002791.SZSE,坚朗五金,2024-09-30,二接三,二接三阴,阴,2024-09,2024,09:45,15:00,3.0,-3.16,13:30,15:00,1.0,10:15,15:00,1.0,,,
002791.SZSE,坚朗五金,2024-10-08,三接四,三接四阴,阴,2024-10,2024,09:45,10:45,1.0,-9.03,13:30,15:00,1.0,10:15,15:00,1.0,09:45,15:00,3.0
002792.SZSE,通宇通讯,2026-08-05,二接三,二接三阳,阳,2026-08,2026,09:45,10:15,2.0,-5.75,10:45,15:00,1.0,09:45,15:00,2.0,,,
002797.SZSE,第一创业,2024-10-08,二接三,二接三阳,阳,2024-10,2024,09:45,15:00,5.0,-7.68,14:45,15:00,2.0,10:45,15:00,3.0,,,
002797.SZSE,第一创业,2024-11-01,二接三,二接三阳,阳,2024-11,2024,09:45,14:00,6.0,-9.95,10:30,15:00,4.0,09:45,15:00,1.0,,,
002799.SZSE,环球印务,2025-08-04,二接三,二接三阳,阳,2025-08,2025,09:45,09:45,1.0,-16.99,10:15,15:00,1.0,09:45,15:00,1.0,,,
002800.SZSE,天顺股份,2025-04-11,三接四,三接四阳,阳,2025-04,2025,09:45,09:45,1.0,-13.6,11:00,15:00,1.0,09:45,15:00,1.0,09:45,15:00,0.0
002800.SZSE,天顺股份,2025-08-12,二接三,二接三阳,阳,2025-08,2025,09:45,09:45,1.0,-14.49,13:15,15:00,1.0,09:45,15:00,1.0,,,
002805.SZSE,丰元股份,2025-11-17,二接三,二接三阴,阴,2025-11,2025,09:45,15:00,7.0,-6.88,10:45,15:00,1.0,09:45,15:00,1.0,,,
002805.SZSE,丰元股份,2026-05-06,二接三,二接三阳,阳,2026-05,2026,11:30,15:00,1.0,-0.88,09:45,15:00,1.0,09:45,15:00,1.0,,,
002806.SZSE,华锋股份,2026-06-01,二接三,二接三阴,阴,2026-06,2026,09:45,10:15,2.0,-9.19,09:45,15:00,1.0,09:45,15:00,3.0,,,
002809.SZSE,红墙股份,2025-04-21,二接三,二接三阴,阴,2025-04,2025,09:45,15:00,6.0,-8.92,09:45,15:00,1.0,09:45,15:00,1.0,,,
002809.SZSE,红墙股份,2025-04-22,三接四,三接四阴,阴,2025-04,2025,13:15,15:00,3.0,-9.66,09:45,15:00,1.0,09:45,15:00,1.0,09:45,15:00,6.0
002809.SZSE,红墙股份,2025-05-13,二接三,二接三阳,阳,2025-05,2025,10:15,15:00,3.0,-3.78,11:15,15:00,1.0,13:30,15:00,1.0,,,
002809.SZSE,红墙股份,2025-05-14,三接四,三接四阳,阳,2025-05,2025,09:45,14:15,4.0,-7.85,11:15,15:00,1.0,13:30,15:00,1.0,10:15,15:00,3.0
002811.SZSE,郑中设计,2025-05-19,二接三,二接三阴,阴,2025-05,2025,10:00,15:00,6.0,-5.42,15:00,15:00,1.0,09:45,15:00,2.0,,,
002811.SZSE,郑中设计,2025-05-20,三接四,三接四阴,阴,2025-05,2025,10:00,15:00,1.0,-9.93,15:00,15:00,1.0,09:45,15:00,2.0,10:00,15:00,6.0
002813.SZSE,路畅科技,2025-05-21,三接四,三接四阴,阴,2025-05,2025,09:45,09:45,1.0,-15.28,10:00,15:00,2.0,09:45,15:00,1.0,09:45,15:00,0.0
002819.SZSE,东方中科,2025-05-20,二接三,二接三阴,阴,2025-05,2025,10:30,10:30,1.0,-14.06,09:45,15:00,3.0,13:15,15:00,1.0,,,
002820.SZSE,桂发祥,2024-11-26,二接三,二接三阳,阳,2024-11,2024,09:45,15:00,1.0,-6.53,13:15,15:00,4.0,14:00,15:00,1.0,,,
002820.SZSE,桂发祥,2025-08-13,二接三,二接三阳,阳,2025-08,2025,09:45,15:00,2.0,-5.58,14:30,15:00,1.0,13:45,15:00,1.0,,,
002824.SZSE,和胜股份,2026-04-13,二接三,二接三阳,阳,2026-04,2026,11:00,11:00,1.0,-3.31,10:45,15:00,2.0,09:45,15:00,2.0,,,
002827.SZSE,高争民爆,2024-08-15,二接三,二接三阴,阴,2024-08,2024,,,,,,,,,,,,,
002827.SZSE,高争民爆,2025-07-24,三接四,三接四阴,阴,2025-07,2025,09:45,15:00,3.0,-6.21,09:45,15:00,0.0,09:45,15:00,0.0,09:45,15:00,0.0
002827.SZSE,高争民爆,2026-07-31,二接三,二接三阳,阳,2026-07,2026,09:45,15:00,1.0,-2.72,09:45,15:00,0.0,09:45,15:00,0.0,,,
002827.SZSE,高争民爆,2026-08-03,三接四,三接四阳,阳,2026-08,2026,09:45,15:00,1.0,-1.45,09:45,15:00,0.0,09:45,15:00,0.0,09:45,15:00,1.0
002827.SZSE,高争民爆,2026-08-10,二接三,二接三阳,阳,2026-08,2026,10:00,15:00,2.0,-2.15,09:45,15:00,1.0,10:00,15:00,3.0,,,
002828.SZSE,贝肯能源,2025-06-17,二接三,二接三阴,阴,2025-06,2025,10:45,15:00,2.0,-7.04,09:45,15:00,1.0,09:45,15:00,0.0,,,
002828.SZSE,贝肯能源,2025-06-18,三接四,三接四阴,阴,2025-06,2025,09:45,15:00,2.0,-6.33,09:45,15:00,1.0,09:45,15:00,0.0,10:45,15:00,2.0
002830.SZSE,名雕股份,2026-02-03,二接三,二接三阳,阳,2026-02,2026,10:00,15:00,1.0,-4.76,11:30,15:00,1.0,10:15,15:00,1.0,,,
002830.SZSE,名雕股份,2026-02-04,三接四,三接四阳,阳,2026-02,2026,09:45,15:00,1.0,-8.92,11:30,15:00,1.0,10:15,15:00,1.0,10:00,15:00,1.0
002832.SZSE,比音勒芬,2024-10-08,二接三,二接三阳,阳,2024-10,2024,09:45,09:45,1.0,-12.17,11:30,15:00,3.0,13:15,15:00,4.0,,,
002836.SZSE,新宏泽,2025-04-21,二接三,二接三阴,阴,2025-04,2025,09:45,09:45,1.0,-13.51,09:45,15:00,0.0,09:45,15:00,0.0,,,
002838.SZSE,道恩股份,2024-11-13,二接三,二接三阳,阳,2024-11,2024,09:45,09:45,1.0,-12.12,10:00,15:00,5.0,09:45,15:00,0.0,,,
002841.SZSE,视源股份,2026-07-09,二接三,二接三阳,阳,2026-07,2026,10:15,15:00,6.0,-1.55,09:45,15:00,0.0,09:45,15:00,1.0,,,
002843.SZSE,泰嘉股份,2026-03-02,二接三,二接三阴,阴,2026-03,2026,09:45,15:00,1.0,-4.68,09:45,15:00,1.0,09:45,15:00,0.0,,,
002843.SZSE,泰嘉股份,2026-03-03,三接四,三接四阴,阴,2026-03,2026,09:45,10:00,2.0,-11.02,09:45,15:00,1.0,09:45,15:00,0.0,09:45,15:00,1.0
002846.SZSE,英联股份,2025-06-24,二接三,二接三阴,阴,2025-06,2025,10:15,15:00,2.0,-3.48,09:45,15:00,2.0,14:30,15:00,1.0,,,
002846.SZSE,英联股份,2025-06-25,三接四,三接四阴,阴,2025-06,2025,09:45,15:00,6.0,-5.21,09:45,15:00,2.0,14:30,15:00,1.0,10:15,15:00,2.0
002849.SZSE,威星智能,2024-11-12,二接三,二接三阳,阳,2024-11,2024,09:45,14:30,4.0,-6.31,10:00,15:00,4.0,09:45,15:00,0.0,,,
002850.SZSE,科达利,2024-10-08,二接三,二接三阳,阳,2024-10,2024,09:45,09:45,1.0,-9.15,11:15,15:00,1.0,11:00,15:00,4.0,,,
002851.SZSE,麦格米特,2024-10-23,三接四,三接四阳,阳,2024-10,2024,10:30,15:00,3.0,-0.93,09:45,15:00,0.0,09:45,15:00,0.0,09:45,15:00,0.0
002851.SZSE,麦格米特,2024-12-23,二接三,二接三阳,阳,2024-12,2024,09:45,09:45,1.0,-6.15,09:45,15:00,1.0,09:45,15:00,2.0,,,
002853.SZSE,皮阿诺,2025-12-17,二接三,二接三阴,阴,2025-12,2025,13:30,15:00,0.0,-0.15,14:45,15:00,1.0,09:45,15:00,0.0,,,
002853.SZSE,皮阿诺,2025-12-18,三接四,三接四阴,阴,2025-12,2025,09:45,15:00,1.0,-3.24,14:45,15:00,1.0,09:45,15:00,0.0,13:30,15:00,0.0
002861.SZSE,瀛通通讯,2025-01-21,三接四,三接四阴,阴,2025-01,2025,09:45,15:00,1.0,-6.37,10:45,15:00,1.0,09:45,15:00,1.0,09:45,15:00,0.0
002865.SZSE,钧达股份,2024-10-29,二接三,二接三阳,阳,2024-10,2024,09:45,09:45,1.0,-7.55,09:45,15:00,1.0,09:45,15:00,5.0,,,
002865.SZSE,钧达股份,2026-01-26,二接三,二接三阴,阴,2026-01,2026,09:45,14:45,2.0,-4.0,10:15,15:00,2.0,09:45,15:00,1.0,,,
002868.SZSE,绿康生化,2024-12-31,二接三,二接三阳,阳,2024-12,2024,09:45,15:00,1.0,-8.36,10:15,15:00,1.0,09:45,15:00,1.0,,,
002868.SZSE,绿康生化,2025-01-02,三接四,三接四阳,阳,2025-01,2025,09:45,09:45,1.0,-18.21,10:15,15:00,1.0,09:45,15:00,1.0,09:45,15:00,1.0
002873.SZSE,新天药业,2025-08-19,二接三,二接三阳,阳,2025-08,2025,09:45,15:00,1.0,-6.65,14:15,15:00,1.0,10:15,15:00,2.0,,,
002877.SZSE,智能自控,2025-11-20,二接三,二接三阳,阳,2025-11,2025,15:00,15:00,1.0,-6.58,09:45,15:00,1.0,09:45,15:00,0.0,,,
002878.SZSE,元隆雅图,2024-12-03,二接三,二接三阴,阴,2024-12,2024,10:00,10:15,2.0,-13.9,09:45,15:00,3.0,10:00,15:00,3.0,,,
002878.SZSE,元隆雅图,2025-06-03,二接三,二接三阳,阳,2025-06,2025,10:00,10:00,1.0,-13.38,13:15,15:00,1.0,09:45,15:00,1.0,,,
002878.SZSE,元隆雅图,2025-06-13,二接三,二接三阴,阴,2025-06,2025,15:00,15:00,1.0,-9.31,13:45,15:00,1.0,09:45,15:00,1.0,,,
002878.SZSE,元隆雅图,2025-06-16,三接四,三接四阴,阴,2025-06,2025,09:45,15:00,3.0,-8.83,13:45,15:00,1.0,09:45,15:00,1.0,15:00,15:00,1.0
002879.SZSE,长缆科技,2026-07-23,二接三,二接三阴,阴,2026-07,2026,09:45,15:00,2.0,-7.37,09:45,15:00,1.0,09:45,15:00,2.0,,,
002879.SZSE,长缆科技,2026-07-24,三接四,三接四阴,阴,2026-07,2026,09:45,15:00,1.0,-1.39,09:45,15:00,1.0,09:45,15:00,2.0,09:45,15:00,2.0
002882.SZSE,金龙羽,2025-05-22,二接三,二接三阴,阴,2025-05,2025,09:45,09:45,1.0,-8.69,13:15,15:00,4.0,09:45,15:00,1.0,,,
002882.SZSE,金龙羽,2025-06-25,二接三,二接三阳,阳,2025-06,2025,14:15,14:15,1.0,-7.41,11:30,15:00,1.0,14:15,15:00,1.0,,,
002885.SZSE,京泉华,2025-11-05,二接三,二接三阴,阴,2025-11,2025,13:15,15:00,1.0,-1.43,10:00,15:00,1.0,09:45,15:00,8.0,,,
002885.SZSE,京泉华,2025-11-06,三接四,三接四阴,阴,2025-11,2025,14:15,14:30,2.0,-5.13,10:00,15:00,1.0,09:45,15:00,8.0,13:15,15:00,1.0
002886.SZSE,沃特股份,2026-08-31,二接三,二接三阳,阳,2026-08,2026,09:45,15:00,4.0,-6.34,09:45,15:00,2.0,09:45,15:00,0.0,,,
002896.SZSE,中大力德,2025-02-21,二接三,二接三阳,阳,2025-02,2025,14:30,15:00,3.0,-3.66,10:00,15:00,7.0,13:30,15:00,1.0,,,
002897.SZSE,意华股份,2026-05-26,二接三,二接三阴,阴,2026-05,2026,09:45,11:30,2.0,-7.94,14:45,15:00,1.0,09:45,15:00,3.0,,,
002899.SZSE,英派斯,2024-12-13,二接三,二接三阴,阴,2024-12,2024,10:30,10:30,1.0,-9.84,14:00,15:00,1.0,09:45,15:00,3.0,,,
002900.SZSE,哈三联,2025-04-07,三接四,三接四阴,阴,2025-04,2025,09:45,14:30,4.0,-9.03,09:45,15:00,1.0,09:45,15:00,0.0,09:45,15:00,0.0
002900.SZSE,哈三联,2025-05-19,二接三,二接三阳,阳,2025-05,2025,09:45,09:45,1.0,-11.82,10:15,15:00,1.0,14:00,15:00,1.0,,,
002903.SZSE,宇环数控,2025-03-21,三接四,三接四阳,阳,2025-03,2025,09:45,09:45,1.0,-11.86,09:45,15:00,1.0,09:45,15:00,0.0,09:45,15:00,0.0
002903.SZSE,宇环数控,2026-03-11,二接三,二接三阴,阴,2026-03,2026,09:45,09:45,1.0,-13.95,09:45,15:00,1.0,09:45,15:00,1.0,,,
002905.SZSE,金逸影视,2025-03-17,三接四,三接四阳,阳,2025-03,2025,14:15,15:00,2.0,-4.34,10:15,15:00,1.0,09:45,15:00,0.0,09:45,15:00,0.0
002905.SZSE,金逸影视,2025-09-12,二接三,二接三阳,阳,2025-09,2025,09:45,15:00,8.0,-7.51,09:45,15:00,1.0,11:00,15:00,1.0,,,
002907.SZSE,华森制药,2025-05-29,二接三,二接三阴,阴,2025-05,2025,10:00,15:00,1.0,-5.64,10:00,15:00,1.0,13:30,15:00,1.0,,,
002907.SZSE,华森制药,2026-08-18,二接三,二接三阳,阳,2026-08,2026,09:45,09:45,1.0,-16.68,09:45,15:00,0.0,09:45,15:00,1.0,,,
002909.SZSE,集泰股份,2025-05-16,三接四,三接四阴,阴,2025-05,2025,09:45,15:00,2.0,-4.42,09:45,15:00,1.0,09:45,15:00,0.0,09:45,15:00,0.0
002909.SZSE,集泰股份,2025-12-25,二接三,二接三阴,阴,2025-12,2025,09:45,13:15,1.0,-13.38,09:45,15:00,1.0,09:45,15:00,0.0,,,
002909.SZSE,集泰股份,2026-09-03,三接四,三接四阳,阳,2026-09,2026,09:45,15:00,1.0,-1.37,09:45,15:00,1.0,13:15,15:00,1.0,09:45,15:00,0.0
002910.SZSE,庄园牧场,2025-02-26,三接四,三接四阳,阳,2025-02,2025,09:45,15:00,1.0,-13.81,11:30,15:00,1.0,09:45,15:00,0.0,09:45,15:00,0.0
002910.SZSE,庄园牧场,2025-10-13,二接三,二接三阳,阳,2025-10,2025,09:45,09:45,1.0,-16.35,10:15,15:00,1.0,09:45,15:00,2.0,,,
002910.SZSE,庄园牧场,2025-12-19,二接三,二接三阴,阴,2025-12,2025,10:30,15:00,1.0,-8.94,10:15,15:00,1.0,10:00,15:00,1.0,,,
002910.SZSE,庄园牧场,2025-12-22,三接四,三接四阴,阴,2025-12,2025,09:45,15:00,1.0,-8.85,10:15,15:00,1.0,10:00,15:00,1.0,10:30,15:00,1.0
002912.SZSE,中新赛克,2024-10-29,二接三,二接三阴,阴,2024-10,2024,09:45,15:00,1.0,-3.5,09:45,15:00,1.0,09:45,15:00,0.0,,,
002912.SZSE,中新赛克,2024-10-30,三接四,三接四阴,阴,2024-10,2024,10:00,15:00,3.0,-4.62,09:45,15:00,1.0,09:45,15:00,0.0,09:45,15:00,1.0
002915.SZSE,中欣氟材,2024-12-11,二接三,二接三阴,阴,2024-12,2024,09:45,15:00,3.0,-4.48,10:30,15:00,1.0,09:45,15:00,0.0,,,
002915.SZSE,中欣氟材,2025-04-24,二接三,二接三阳,阳,2025-04,2025,09:45,15:00,1.0,-10.5,13:45,15:00,1.0,11:30,15:00,1.0,,,
002915.SZSE,中欣氟材,2025-04-25,三接四,三接四阳,阳,2025-04,2025,09:45,11:30,3.0,-8.21,13:45,15:00,1.0,11:30,15:00,1.0,09:45,15:00,1.0
002915.SZSE,中欣氟材,2025-08-07,二接三,二接三阳,阳,2025-08,2025,09:45,15:00,3.0,-3.05,11:15,15:00,1.0,09:45,15:00,1.0,,,
002917.SZSE,金奥博,2025-01-13,二接三,二接三阴,阴,2025-01,2025,09:45,15:00,1.0,-11.95,09:45,15:00,1.0,09:45,15:00,0.0,,,
002917.SZSE,金奥博,2025-07-23,二接三,二接三阴,阴,2025-07,2025,09:45,09:45,1.0,-14.98,09:45,15:00,1.0,09:45,15:00,1.0,,,
002918.SZSE,蒙娜丽莎,2024-12-19,二接三,二接三阴,阴,2024-12,2024,09:45,10:00,2.0,-13.25,09:45,15:00,3.0,09:45,15:00,1.0,,,
002918.SZSE,蒙娜丽莎,2026-05-13,三接四,三接四阴,阴,2026-05,2026,14:15,15:00,1.0,-4.48,13:45,15:00,1.0,09:45,15:00,0.0,09:45,15:00,0.0
002921.SZSE,联诚精密,2025-03-12,二接三,二接三阳,阳,2025-03,2025,09:45,15:00,1.0,-4.59,10:00,15:00,1.0,09:45,15:00,0.0,,,
002923.SZSE,润都股份,2025-01-21,二接三,二接三阴,阴,2025-01,2025,09:45,09:45,1.0,-13.45,09:45,15:00,3.0,09:45,15:00,1.0,,,
002923.SZSE,润都股份,2025-04-03,二接三,二接三阴,阴,2025-04,2025,09:45,14:15,6.0,-14.11,09:45,15:00,1.0,10:15,15:00,1.0,,,
002925.SZSE,盈趣科技,2025-09-24,二接三,二接三阳,阳,2025-09,2025,09:45,09:45,1.0,-10.86,09:45,15:00,1.0,09:45,15:00,2.0,,,
002927.SZSE,泰永长征,2025-03-20,二接三,二接三阳,阳,2025-03,2025,09:45,11:00,3.0,-11.34,09:45,15:00,1.0,09:45,15:00,2.0,,,
002929.SZSE,润建股份,2025-02-13,三接四,三接四阳,阳,2025-02,2025,09:45,14:45,6.0,-10.42,09:45,15:00,0.0,09:45,15:00,2.0,09:45,15:00,0.0
002929.SZSE,润建股份,2025-02-24,三接四,三接四阳,阳,2025-02,2025,09:45,09:45,1.0,-8.56,10:15,15:00,5.0,09:45,15:00,1.0,09:45,15:00,0.0
002939.SZSE,长城证券,2025-08-15,二接三,二接三阳,阳,2025-08,2025,10:00,15:00,1.0,-3.4,11:00,15:00,1.0,10:00,15:00,7.0,,,
002939.SZSE,长城证券,2025-08-18,三接四,三接四阳,阳,2025-08,2025,09:45,15:00,2.0,-5.28,11:00,15:00,1.0,10:00,15:00,7.0,10:00,15:00,1.0
002940.SZSE,昂利康,2025-06-10,二接三,二接三阳,阳,2025-06,2025,09:45,15:00,1.0,-2.27,13:30,15:00,2.0,09:45,15:00,1.0,,,
002940.SZSE,昂利康,2025-06-11,三接四,三接四阳,阳,2025-06,2025,09:45,15:00,8.0,-6.24,13:30,15:00,2.0,09:45,15:00,1.0,09:45,15:00,1.0
002940.SZSE,昂利康,2026-04-20,二接三,二接三阳,阳,2026-04,2026,09:45,09:45,1.0,-11.05,09:45,15:00,1.0,10:15,15:00,2.0,,,
002941.SZSE,新疆交建,2025-08-13,三接四,三接四阴,阴,2025-08,2025,09:45,15:00,3.0,-3.16,09:45,15:00,1.0,09:45,15:00,0.0,09:45,15:00,0.0
002942.SZSE,新农股份,2025-10-16,二接三,二接三阳,阳,2025-10,2025,09:45,15:00,1.0,-9.07,10:00,15:00,1.0,10:00,15:00,1.0,,,
002942.SZSE,新农股份,2026-08-28,二接三,二接三阳,阳,2026-08,2026,09:45,15:00,2.0,-12.1,09:45,15:00,1.0,09:45,15:00,0.0,,,
002942.SZSE,新农股份,2026-08-31,三接四,三接四阳,阳,2026-08,2026,10:00,10:00,1.0,-9.22,09:45,15:00,1.0,09:45,15:00,0.0,09:45,15:00,2.0
002943.SZSE,宇晶股份,2026-01-26,二接三,二接三阴,阴,2026-01,2026,09:45,13:15,5.0,-4.29,10:30,15:00,1.0,09:45,15:00,0.0,,,
002945.SZSE,华林证券,2024-10-08,二接三,二接三阳,阳,2024-10,2024,09:45,15:00,2.0,-7.92,13:15,15:00,1.0,11:00,15:00,3.0,,,
002945.SZSE,华林证券,2024-11-07,二接三,二接三阳,阳,2024-11,2024,10:00,15:00,2.0,-3.94,10:15,15:00,3.0,09:45,15:00,0.0,,,
002945.SZSE,华林证券,2024-11-08,三接四,三接四阳,阳,2024-11,2024,09:45,14:15,5.0,-5.91,10:15,15:00,3.0,09:45,15:00,0.0,10:00,15:00,2.0
002949.SZSE,华阳国际,2024-12-13,二接三,二接三阳,阳,2024-12,2024,14:00,15:00,3.0,-6.03,11:00,15:00,1.0,09:45,15:00,2.0,,,
002951.SZSE,金时科技,2025-06-05,二接三,二接三阳,阳,2025-06,2025,09:45,15:00,2.0,-7.22,09:45,15:00,1.0,09:45,15:00,0.0,,,
002951.SZSE,金时科技,2025-06-06,三接四,三接四阳,阳,2025-06,2025,09:45,15:00,2.0,-6.16,09:45,15:00,1.0,09:45,15:00,0.0,09:45,15:00,2.0
002951.SZSE,金时科技,2025-07-09,二接三,二接三阳,阳,2025-07,2025,09:45,15:00,1.0,-3.06,11:15,15:00,1.0,09:45,15:00,1.0,,,
002951.SZSE,金时科技,2025-07-10,三接四,三接四阳,阳,2025-07,2025,09:45,15:00,5.0,-8.3,11:15,15:00,1.0,09:45,15:00,1.0,09:45,15:00,1.0
002951.SZSE,金时科技,2026-02-13,二接三,二接三阴,阴,2026-02,2026,09:45,15:00,2.0,-4.26,10:00,15:00,1.0,09:45,15:00,1.0,,,
002951.SZSE,金时科技,2026-06-03,二接三,二接三阴,阴,2026-06,2026,10:00,15:00,3.0,-7.37,15:00,15:00,1.0,10:45,15:00,2.0,,,
002952.SZSE,亚世光电,2024-08-15,二接三,二接三阴,阴,2024-08,2024,,,,,,,,,,,,,
002953.SZSE,日丰股份,2024-12-16,二接三,二接三阳,阳,2024-12,2024,09:45,15:00,2.0,-8.78,10:00,15:00,1.0,09:45,15:00,1.0,,,
002953.SZSE,日丰股份,2024-12-17,三接四,三接四阳,阳,2024-12,2024,09:45,15:00,6.0,-7.23,10:00,15:00,1.0,09:45,15:00,1.0,09:45,15:00,2.0
002963.SZSE,豪尔赛,2025-05-09,二接三,二接三阳,阳,2025-05,2025,09:45,09:45,1.0,-18.17,09:45,15:00,0.0,09:45,15:00,0.0,,,
002963.SZSE,豪尔赛,2026-08-04,二接三,二接三阴,阴,2026-08,2026,09:45,15:00,1.0,-8.57,10:00,15:00,1.0,09:45,15:00,1.0,,,
002963.SZSE,豪尔赛,2026-08-05,三接四,三接四阴,阴,2026-08,2026,09:45,15:00,1.0,-6.2,10:00,15:00,1.0,09:45,15:00,1.0,09:45,15:00,1.0
002968.SZSE,新大正,2025-09-29,二接三,二接三阳,阳,2025-09,2025,09:45,09:45,1.0,-16.47,10:00,15:00,1.0,09:45,15:00,1.0,,,
002969.SZSE,嘉美包装,2026-01-13,二接三,二接三阳,阳,2026-01,2026,09:45,14:15,5.0,-9.27,10:00,15:00,9.0,09:45,15:00,0.0,,,
002970.SZSE,锐明技术,2024-10-08,二接三,二接三阳,阳,2024-10,2024,09:45,15:00,2.0,-8.54,11:30,15:00,1.0,09:45,15:00,7.0,,,
002971.SZSE,和远气体,2026-05-18,二接三,二接三阳,阳,2026-05,2026,10:00,10:00,1.0,-12.6,09:45,15:00,2.0,14:45,15:00,1.0,,,
002971.SZSE,和远气体,2026-06-11,二接三,二接三阳,阳,2026-06,2026,09:45,15:00,1.0,-7.03,09:45,15:00,4.0,09:45,15:00,0.0,,,
002971.SZSE,和远气体,2026-06-12,三接四,三接四阳,阳,2026-06,2026,09:45,15:00,10.0,-6.26,09:45,15:00,4.0,09:45,15:00,0.0,09:45,15:00,1.0
002971.SZSE,和远气体,2026-08-07,二接三,二接三阳,阳,2026-08,2026,09:45,15:00,2.0,-4.32,10:45,15:00,1.0,10:45,15:00,1.0,,,
002975.SZSE,博杰股份,2025-09-03,二接三,二接三阳,阳,2025-09,2025,09:45,15:00,3.0,-6.2,09:45,15:00,0.0,09:45,15:00,0.0,,,
002975.SZSE,博杰股份,2026-08-06,二接三,二接三阴,阴,2026-08,2026,10:00,15:00,4.0,-3.2,10:45,15:00,1.0,09:45,15:00,1.0,,,
002976.SZSE,瑞玛精密,2025-12-02,二接三,二接三阳,阳,2025-12,2025,10:00,15:00,1.0,-8.89,10:30,15:00,1.0,10:15,15:00,1.0,,,
002979.SZSE,雷赛智能,2024-10-09,二接三,二接三阳,阳,2024-10,2024,13:15,14:15,4.0,-5.98,13:15,15:00,5.0,09:45,15:00,3.0,,,
002979.SZSE,雷赛智能,2026-07-06,二接三,二接三阳,阳,2026-07,2026,09:45,10:15,2.0,-5.24,09:45,15:00,0.0,09:45,15:00,0.0,,,
002980.SZSE,华盛昌,2026-03-03,二接三,二接三阳,阳,2026-03,2026,09:45,15:00,7.0,-5.99,09:45,15:00,1.0,09:45,15:00,0.0,,,
002980.SZSE,华盛昌,2026-04-15,二接三,二接三阴,阴,2026-04,2026,09:45,14:45,6.0,-3.76,09:45,15:00,1.0,09:45,15:00,2.0,,,
002982.SZSE,湘佳股份,2025-04-08,二接三,二接三阳,阳,2025-04,2025,13:45,15:00,3.0,-1.78,09:45,15:00,2.0,10:15,15:00,5.0,,,
002982.SZSE,湘佳股份,2025-04-09,三接四,三接四阳,阳,2025-04,2025,09:45,09:45,1.0,-13.67,09:45,15:00,2.0,10:15,15:00,5.0,13:45,15:00,3.0
002983.SZSE,芯瑞达,2024-10-09,二接三,二接三阳,阳,2024-10,2024,14:00,15:00,1.0,-0.37,15:00,15:00,1.0,09:45,15:00,3.0,,,
002983.SZSE,芯瑞达,2025-12-02,二接三,二接三阳,阳,2025-12,2025,09:45,10:15,2.0,-6.59,10:30,15:00,1.0,09:45,15:00,2.0,,,
002987.SZSE,京北方,2025-06-27,二接三,二接三阳,阳,2025-06,2025,10:00,10:00,1.0,-8.53,11:00,15:00,1.0,10:45,15:00,1.0,,,
002989.SZSE,中天精装,2024-09-06,二接三,二接三阳,阳,2024-09,2024,09:45,10:30,3.0,-10.88,11:30,15:00,1.0,09:45,15:00,1.0,,,
002989.SZSE,中天精装,2026-06-18,二接三,二接三阳,阳,2026-06,2026,10:00,15:00,2.0,-2.11,10:30,15:00,1.0,10:30,15:00,2.0,,,
002990.SZSE,盛视科技,2026-04-16,二接三,二接三阳,阳,2026-04,2026,09:45,15:00,3.0,-9.18,09:45,15:00,7.0,14:00,15:00,1.0,,,
002990.SZSE,盛视科技,2026-04-17,三接四,三接四阳,阳,2026-04,2026,09:45,15:00,2.0,-5.65,09:45,15:00,7.0,14:00,15:00,1.0,09:45,15:00,3.0
002995.SZSE,天地在线,2024-11-29,二接三,二接三阴,阴,2024-11,2024,13:15,15:00,4.0,-5.59,11:00,15:00,2.0,09:45,15:00,7.0,,,
002995.SZSE,天地在线,2026-01-28,二接三,二接三阳,阳,2026-01,2026,09:45,09:45,1.0,-8.89,09:45,15:00,4.0,10:15,15:00,1.0,,,
002995.SZSE,天地在线,2026-06-01,二接三,二接三阴,阴,2026-06,2026,10:15,15:00,1.0,-5.81,09:45,15:00,1.0,10:00,15:00,1.0,,,
002995.SZSE,天地在线,2026-06-02,三接四,三接四阴,阴,2026-06,2026,09:45,09:45,1.0,-11.62,09:45,15:00,1.0,10:00,15:00,1.0,10:15,15:00,1.0
003002.SZSE,壶化股份,2025-07-23,二接三,二接三阴,阴,2025-07,2025,09:45,15:00,2.0,-4.02,09:45,15:00,1.0,09:45,15:00,1.0,,,
003003.SZSE,天元股份,2025-04-23,三接四,三接四阳,阳,2025-04,2025,09:45,15:00,1.0,-2.06,14:30,15:00,1.0,09:45,15:00,0.0,09:45,15:00,0.0
003005.SZSE,竞业达,2025-02-06,二接三,二接三阳,阳,2025-02,2025,10:00,10:00,1.0,-6.19,09:45,15:00,0.0,09:45,15:00,0.0,,,
003007.SZSE,直真科技,2026-01-13,三接四,三接四阳,阳,2026-01,2026,09:45,15:00,1.0,-3.68,10:00,15:00,1.0,14:15,15:00,1.0,09:45,15:00,0.0
003015.SZSE,日久光电,2024-09-02,二接三,二接三阳,阳,2024-09,2024,,,,,,,,,,,,,
003018.SZSE,金富科技,2025-11-26,二接三,二接三阴,阴,2025-11,2025,09:45,15:00,2.0,-9.09,09:45,15:00,0.0,09:45,15:00,1.0,,,
003018.SZSE,金富科技,2026-04-21,二接三,二接三阴,阴,2026-04,2026,09:45,15:00,2.0,-8.22,10:30,15:00,1.0,10:30,15:00,2.0,,,
003018.SZSE,金富科技,2026-04-22,三接四,三接四阴,阴,2026-04,2026,09:45,15:00,3.0,-6.13,10:30,15:00,1.0,10:30,15:00,2.0,09:45,15:00,2.0
003018.SZSE,金富科技,2026-05-18,二接三,二接三阴,阴,2026-05,2026,10:00,15:00,4.0,-3.01,09:45,15:00,0.0,09:45,15:00,1.0,,,
003018.SZSE,金富科技,2026-05-19,三接四,三接四阴,阴,2026-05,2026,09:45,10:45,2.0,-10.35,09:45,15:00,0.0,09:45,15:00,1.0,10:00,15:00,4.0
003020.SZSE,立方制药,2026-07-13,二接三,二接三阴,阴,2026-07,2026,09:45,15:00,1.0,-4.61,10:15,15:00,3.0,10:00,15:00,1.0,,,
003021.SZSE,兆威机电,2025-01-10,二接三,二接三阳,阳,2025-01,2025,10:30,14:45,3.0,-3.03,14:30,15:00,2.0,13:30,15:00,5.0,,,
003023.SZSE,彩虹集团,2025-07-25,二接三,二接三阴,阴,2025-07,2025,09:45,15:00,1.0,-5.14,09:45,15:00,1.0,09:45,15:00,0.0,,,
003023.SZSE,彩虹集团,2025-07-28,三接四,三接四阴,阴,2025-07,2025,13:15,13:15,1.0,-5.7,09:45,15:00,1.0,09:45,15:00,0.0,09:45,15:00,1.0
003026.SZSE,中晶科技,2024-10-09,二接三,二接三阳,阳,2024-10,2024,13:30,14:15,3.0,-5.88,14:15,15:00,3.0,09:45,15:00,5.0,,,
003029.SZSE,吉大正元,2025-06-16,二接三,二接三阴,阴,2025-06,2025,10:00,10:00,1.0,-6.86,09:45,15:00,3.0,09:45,15:00,2.0,,,
003030.SZSE,祖名股份,2025-01-21,二接三,二接三阳,阳,2025-01,2025,09:45,15:00,1.0,-9.1,13:15,15:00,1.0,09:45,15:00,1.0,,,
003030.SZSE,祖名股份,2025-01-22,三接四,三接四阳,阳,2025-01,2025,09:45,09:45,1.0,-18.2,13:15,15:00,1.0,09:45,15:00,1.0,09:45,15:00,1.0
003031.SZSE,中瓷电子,2025-12-10,二接三,二接三阳,阳,2025-12,2025,09:45,15:00,6.0,-4.91,09:45,15:00,0.0,09:45,15:00,0.0,,,
003032.SZSE,传智教育,2026-07-30,三接四,三接四阴,阴,2026-07,2026,09:45,15:00,1.0,-3.87,10:00,15:00,1.0,10:00,15:00,2.0,09:45,15:00,0.0
003033.SZSE,征和工业,2025-03-04,二接三,二接三阳,阳,2025-03,2025,09:45,15:00,1.0,-11.19,14:00,15:00,1.0,11:30,15:00,1.0,,,
003036.SZSE,泰坦股份,2024-11-25,三接四,三接四阳,阳,2024-11,2024,09:45,15:00,2.0,-10.79,10:15,15:00,1.0,09:45,15:00,1.0,09:45,15:00,0.0
003037.SZSE,三和管桩,2025-07-23,二接三,二接三阴,阴,2025-07,2025,10:00,10:15,2.0,-10.94,09:45,15:00,1.0,09:45,15:00,2.0,,,
003038.SZSE,鑫铂股份,2024-11-13,二接三,二接三阴,阴,2024-11,2024,09:45,09:45,1.0,-10.14,10:30,15:00,1.0,09:45,15:00,1.0,,,
003040.SZSE,楚天龙,2024-12-02,二接三,二接三阳,阳,2024-12,2024,09:45,15:00,3.0,-11.23,09:45,15:00,4.0,09:45,15:00,1.0,,,
003040.SZSE,楚天龙,2026-08-25,二接三,二接三阳,阳,2026-08,2026,09:45,15:00,1.0,-10.72,09:45,15:00,1.0,09:45,15:00,4.0,,,
003040.SZSE,楚天龙,2026-08-26,三接四,三接四阳,阳,2026-08,2026,10:30,15:00,3.0,-6.93,09:45,15:00,1.0,09:45,15:00,4.0,09:45,15:00,1.0
003041.SZSE,真爱美家,2024-12-03,二接三,二接三阴,阴,2024-12,2024,09:45,09:45,1.0,-11.03,09:45,15:00,1.0,09:45,15:00,0.0,,,
003041.SZSE,真爱美家,2025-11-17,三接四,三接四阴,阴,2025-11,2025,09:45,15:00,1.0,-3.59,09:45,15:00,0.0,09:45,15:00,0.0,09:45,15:00,0.0
003042.SZSE,中农联合,2024-12-02,二接三,二接三阴,阴,2024-12,2024,09:45,15:00,1.0,-3.89,10:00,15:00,2.0,09:45,15:00,1.0,,,
003042.SZSE,中农联合,2026-01-27,二接三,二接三阳,阳,2026-01,2026,09:45,15:00,1.0,-18.18,11:00,15:00,1.0,09:45,15:00,1.0,,,
003042.SZSE,中农联合,2026-01-28,三接四,三接四阳,阳,2026-01,2026,09:45,15:00,1.0,-8.7,11:00,15:00,1.0,09:45,15:00,1.0,09:45,15:00,1.0
600006.SSE,东风股份,2024-11-13,二接三,二接三阴,阴,2024-11,2024,09:45,09:45,1.0,-9.05,09:45,15:00,0.0,09:45,15:00,0.0,,,
600032.SSE,浙江新能,2026-03-25,二接三,二接三阳,阳,2026-03,2026,10:00,15:00,3.0,-4.99,10:30,15:00,6.0,15:00,15:00,1.0,,,
600048.SSE,保利发展,2024-09-30,二接三,二接三阳,阳,2024-09,2024,09:45,15:00,5.0,-7.07,14:00,15:00,1.0,13:15,15:00,6.0,,,
600048.SSE,保利发展,2024-10-08,三接四,三接四阳,阳,2024-10,2024,09:45,09:45,1.0,-14.59,14:00,15:00,1.0,13:15,15:00,6.0,09:45,15:00,5.0
600051.SSE,宁波联合,2025-04-28,二接三,二接三阳,阳,2025-04,2025,09:45,09:45,1.0,-15.64,13:30,15:00,2.0,09:45,15:00,0.0,,,
600058.SSE,五矿发展,2026-01-19,三接四,三接四阳,阳,2026-01,2026,09:45,09:45,1.0,-18.13,10:00,15:00,5.0,09:45,15:00,0.0,09:45,15:00,0.0
600076.SSE,康欣新材,2025-02-28,二接三,二接三阴,阴,2025-02,2025,09:45,09:45,1.0,-9.85,09:45,15:00,1.0,09:45,15:00,1.0,,,
600076.SSE,康欣新材,2026-05-12,二接三,二接三阴,阴,2026-05,2026,09:45,15:00,1.0,-2.52,09:45,15:00,1.0,09:45,15:00,1.0,,,
600078.SSE,澄星股份,2025-10-13,二接三,二接三阳,阳,2025-10,2025,09:45,15:00,1.0,-13.64,13:15,15:00,1.0,09:45,15:00,1.0,,,
600078.SSE,澄星股份,2025-11-10,二接三,二接三阳,阳,2025-11,2025,09:45,15:00,2.0,-4.72,10:00,15:00,1.0,09:45,15:00,1.0,,,
600078.SSE,澄星股份,2026-02-26,二接三,二接三阴,阴,2026-02,2026,09:45,15:00,1.0,-1.42,09:45,15:00,1.0,09:45,15:00,0.0,,,
600097.SSE,开创国际,2025-03-24,二接三,二接三阴,阴,2025-03,2025,09:45,09:45,1.0,-11.71,10:45,15:00,1.0,09:45,15:00,0.0,,,
600103.SSE,青山纸业,2025-09-11,二接三,二接三阴,阴,2025-09,2025,09:45,15:00,1.0,-3.95,14:15,15:00,1.0,09:45,15:00,2.0,,,
600103.SSE,青山纸业,2025-09-12,三接四,三接四阴,阴,2025-09,2025,09:45,15:00,1.0,-2.39,14:15,15:00,1.0,09:45,15:00,2.0,09:45,15:00,1.0
600103.SSE,青山纸业,2026-04-22,二接三,二接三阳,阳,2026-04,2026,11:00,15:00,6.0,-3.85,13:30,15:00,3.0,10:45,15:00,1.0,,,
600103.SSE,青山纸业,2026-08-27,二接三,二接三阴,阴,2026-08,2026,09:45,15:00,1.0,-5.5,09:45,15:00,2.0,09:45,15:00,1.0,,,
600103.SSE,青山纸业,2026-08-28,三接四,三接四阴,阴,2026-08,2026,09:45,11:00,1.0,-9.52,09:45,15:00,2.0,09:45,15:00,1.0,09:45,15:00,1.0
600105.SSE,永鼎股份,2024-11-25,二接三,二接三阳,阳,2024-11,2024,09:45,15:00,2.0,-5.71,09:45,15:00,1.0,09:45,15:00,0.0,,,
600108.SSE,亚盛集团,2026-03-03,二接三,二接三阴,阴,2026-03,2026,09:45,15:00,5.0,-4.16,10:15,15:00,2.0,09:45,15:00,0.0,,,
600108.SSE,亚盛集团,2026-03-04,三接四,三接四阴,阴,2026-03,2026,10:00,15:00,1.0,-7.37,10:15,15:00,2.0,09:45,15:00,0.0,09:45,15:00,5.0
600110.SSE,诺德股份,2024-11-11,二接三,二接三阳,阳,2024-11,2024,09:45,10:00,2.0,-6.81,13:30,15:00,4.0,09:45,15:00,1.0,,,
600110.SSE,诺德股份,2025-06-19,二接三,二接三阳,阳,2025-06,2025,09:45,15:00,3.0,-7.26,11:30,15:00,1.0,14:00,15:00,2.0,,,
600110.SSE,诺德股份,2025-06-20,三接四,三接四阳,阳,2025-06,2025,09:45,15:00,1.0,-5.05,11:30,15:00,1.0,14:00,15:00,2.0,09:45,15:00,3.0
600110.SSE,诺德股份,2025-08-19,二接三,二接三阴,阴,2025-08,2025,09:45,15:00,2.0,-5.79,09:45,15:00,2.0,09:45,15:00,1.0,,,
600113.SSE,浙江东日,2025-06-19,二接三,二接三阳,阳,2025-06,2025,09:45,09:45,1.0,-7.61,09:45,15:00,4.0,10:30,15:00,1.0,,,
600113.SSE,浙江东日,2025-06-24,二接三,二接三阳,阳,2025-06,2025,10:15,15:00,4.0,-2.56,15:00,15:00,1.0,10:30,15:00,5.0,,,
600113.SSE,浙江东日,2025-08-13,二接三,二接三阳,阳,2025-08,2025,10:45,15:00,3.0,-1.19,14:45,15:00,1.0,10:15,15:00,2.0,,,
600113.SSE,浙江东日,2025-11-12,二接三,二接三阴,阴,2025-11,2025,09:45,15:00,1.0,-6.14,10:15,15:00,1.0,09:45,15:00,1.0,,,
600113.SSE,浙江东日,2026-07-01,二接三,二接三阴,阴,2026-07,2026,09:45,15:00,1.0,-3.62,10:30,15:00,1.0,09:45,15:00,1.0,,,
600117.SSE,西宁特钢,2025-07-24,三接四,三接四阳,阳,2025-07,2025,09:45,15:00,1.0,-16.81,09:45,15:00,2.0,09:45,15:00,0.0,09:45,15:00,0.0
600118.SSE,中国卫星,2025-12-26,二接三,二接三阴,阴,2025-12,2025,13:45,15:00,4.0,-1.36,11:15,15:00,2.0,14:45,15:00,1.0,,,
600118.SSE,中国卫星,2025-12-29,三接四,三接四阴,阴,2025-12,2025,15:00,15:00,1.0,-0.97,11:15,15:00,2.0,14:45,15:00,1.0,13:45,15:00,4.0
600120.SSE,浙江东方,2025-02-07,三接四,三接四阳,阳,2025-02,2025,09:45,15:00,2.0,-2.65,09:45,15:00,0.0,09:45,15:00,0.0,09:45,15:00,0.0
600121.SSE,郑州煤电,2026-06-03,二接三,二接三阳,阳,2026-06,2026,14:30,15:00,1.0,-4.57,10:45,15:00,1.0,09:45,15:00,2.0,,,
600121.SSE,郑州煤电,2026-09-02,二接三,二接三阳,阳,2026-09,2026,09:45,09:45,1.0,-13.13,10:15,15:00,1.0,10:00,15:00,4.0,,,
600126.SSE,杭钢股份,2025-02-27,二接三,二接三阴,阴,2025-02,2025,15:00,15:00,1.0,-6.25,10:30,15:00,8.0,11:30,15:00,1.0,,,
600127.SSE,金健米业,2026-08-20,三接四,三接四阴,阴,2026-08,2026,09:45,15:00,3.0,-5.81,09:45,15:00,1.0,09:45,15:00,1.0,09:45,15:00,0.0
600128.SSE,苏豪弘业,2025-01-13,二接三,二接三阴,阴,2025-01,2025,09:45,15:00,1.0,-2.38,09:45,15:00,2.0,09:45,15:00,0.0,,,
600128.SSE,苏豪弘业,2025-01-14,三接四,三接四阴,阴,2025-01,2025,14:00,15:00,1.0,-6.66,09:45,15:00,2.0,09:45,15:00,0.0,09:45,15:00,1.0
600130.SSE,波导股份,2024-09-24,二接三,二接三阳,阳,2024-09,2024,10:15,10:15,1.0,-10.07,09:45,15:00,1.0,09:45,15:00,0.0,,,
600130.SSE,波导股份,2024-11-01,三接四,三接四阳,阳,2024-11,2024,09:45,10:00,1.0,-13.62,09:45,15:00,1.0,09:45,15:00,0.0,09:45,15:00,0.0
600130.SSE,波导股份,2026-05-08,二接三,二接三阴,阴,2026-05,2026,09:45,15:00,1.0,-5.85,09:45,15:00,1.0,09:45,15:00,1.0,,,
600130.SSE,波导股份,2026-05-11,三接四,三接四阴,阴,2026-05,2026,11:00,13:30,4.0,-5.02,09:45,15:00,1.0,09:45,15:00,1.0,09:45,15:00,1.0
600143.SSE,金发科技,2025-02-21,二接三,二接三阴,阴,2025-02,2025,09:45,09:45,1.0,-4.71,09:45,15:00,1.0,09:45,15:00,0.0,,,
600148.SSE,长春一东,2024-09-10,二接三,二接三阴,阴,2024-09,2024,09:45,10:30,2.0,-12.34,10:15,15:00,1.0,09:45,15:00,1.0,,,
600148.SSE,长春一东,2024-11-20,二接三,二接三阴,阴,2024-11,2024,11:15,11:15,1.0,-9.04,10:00,15:00,1.0,09:45,15:00,1.0,,,
600149.SSE,廊坊发展,2025-05-23,二接三,二接三阳,阳,2025-05,2025,09:45,09:45,1.0,-16.96,09:45,15:00,1.0,09:45,15:00,1.0,,,
600151.SSE,航天机电,2025-12-05,二接三,二接三阳,阳,2025-12,2025,10:00,15:00,2.0,-4.62,13:15,15:00,4.0,09:45,15:00,1.0,,,
600152.SSE,维科技术,2025-07-01,二接三,二接三阳,阳,2025-07,2025,09:45,10:00,2.0,-10.63,14:00,15:00,2.0,09:45,15:00,1.0,,,
600152.SSE,维科技术,2026-04-15,二接三,二接三阳,阳,2026-04,2026,09:45,11:15,2.0,-9.94,09:45,15:00,1.0,09:45,15:00,3.0,,,
600152.SSE,维科技术,2026-04-28,二接三,二接三阴,阴,2026-04,2026,09:45,15:00,1.0,-7.27,09:45,15:00,1.0,13:15,15:00,2.0,,,
600156.SSE,华升股份,2026-04-20,二接三,二接三阴,阴,2026-04,2026,09:45,15:00,2.0,-8.93,10:45,15:00,1.0,09:45,15:00,3.0,,,
600156.SSE,华升股份,2026-04-21,三接四,三接四阴,阴,2026-04,2026,09:45,11:30,3.0,-13.02,10:45,15:00,1.0,09:45,15:00,3.0,09:45,15:00,2.0
600156.SSE,华升股份,2026-04-30,二接三,二接三阳,阳,2026-04,2026,09:45,09:45,1.0,-13.1,09:45,15:00,2.0,09:45,15:00,1.0,,,
600156.SSE,华升股份,2026-05-15,二接三,二接三阴,阴,2026-05,2026,09:45,10:30,2.0,-18.19,09:45,15:00,0.0,09:45,15:00,0.0,,,
600162.SSE,香江控股,2025-09-16,二接三,二接三阳,阳,2025-09,2025,09:45,15:00,1.0,-0.84,11:30,15:00,2.0,09:45,15:00,2.0,,,
600162.SSE,香江控股,2025-09-17,三接四,三接四阳,阳,2025-09,2025,09:45,15:00,3.0,-6.87,11:30,15:00,2.0,09:45,15:00,2.0,09:45,15:00,1.0
600162.SSE,香江控股,2026-05-27,二接三,二接三阳,阳,2026-05,2026,09:45,15:00,2.0,-4.33,10:15,15:00,1.0,09:45,15:00,0.0,,,
600162.SSE,香江控股,2026-05-28,三接四,三接四阳,阳,2026-05,2026,09:45,15:00,4.0,-11.42,10:15,15:00,1.0,09:45,15:00,0.0,09:45,15:00,2.0
600162.SSE,香江控股,2026-07-17,二接三,二接三阳,阳,2026-07,2026,09:45,15:00,2.0,-9.48,10:00,15:00,1.0,09:45,15:00,3.0,,,
600162.SSE,香江控股,2026-08-13,二接三,二接三阳,阳,2026-08,2026,09:45,09:45,1.0,-12.14,09:45,15:00,1.0,09:45,15:00,2.0,,,
600162.SSE,香江控股,2026-08-31,二接三,二接三阳,阳,2026-08,2026,09:45,09:45,1.0,-16.1,10:15,15:00,1.0,09:45,15:00,1.0,,,
600167.SSE,联美控股,2025-09-25,三接四,三接四阳,阳,2025-09,2025,15:00,15:00,1.0,-6.06,09:45,15:00,0.0,09:45,15:00,0.0,09:45,15:00,0.0
600170.SSE,上海建工,2025-09-17,三接四,三接四阳,阳,2025-09,2025,10:30,15:00,3.0,-1.98,11:00,15:00,1.0,09:45,15:00,0.0,09:45,15:00,0.0
600171.SSE,上海贝岭,2024-10-09,二接三,二接三阳,阳,2024-10,2024,13:15,15:00,4.0,-3.28,14:00,15:00,2.0,09:45,15:00,2.0,,,
600171.SSE,上海贝岭,2024-10-22,二接三,二接三阴,阴,2024-10,2024,09:45,15:00,1.0,-2.12,10:00,15:00,3.0,09:45,15:00,0.0,,,
600172.SSE,黄河旋风,2024-10-29,二接三,二接三阳,阳,2024-10,2024,09:45,15:00,8.0,-5.29,09:45,15:00,1.0,09:45,15:00,1.0,,,
600172.SSE,黄河旋风,2025-10-22,二接三,二接三阴,阴,2025-10,2025,09:45,15:00,3.0,-6.99,13:45,15:00,1.0,09:45,15:00,1.0,,,
600172.SSE,黄河旋风,2025-10-23,三接四,三接四阴,阴,2025-10,2025,09:45,09:45,1.0,-10.95,13:45,15:00,1.0,09:45,15:00,1.0,09:45,15:00,3.0
600172.SSE,黄河旋风,2026-05-13,二接三,二接三阳,阳,2026-05,2026,10:30,15:00,3.0,-4.05,09:45,15:00,0.0,14:15,15:00,1.0,,,
600172.SSE,黄河旋风,2026-05-26,二接三,二接三阴,阴,2026-05,2026,09:45,15:00,6.0,-5.26,09:45,15:00,1.0,10:15,15:00,1.0,,,
600173.SSE,卧龙新能,2025-09-10,二接三,二接三阴,阴,2025-09,2025,09:45,15:00,3.0,-10.49,09:45,15:00,1.0,10:00,15:00,1.0,,,
600173.SSE,卧龙新能,2025-09-11,三接四,三接四阴,阴,2025-09,2025,14:15,14:30,2.0,-5.2,09:45,15:00,1.0,10:00,15:00,1.0,09:45,15:00,3.0
600178.SSE,东安动力,2024-10-30,二接三,二接三阳,阳,2024-10,2024,10:00,15:00,1.0,-0.5,09:45,15:00,1.0,09:45,15:00,0.0,,,
600179.SSE,安通控股,2025-12-24,二接三,二接三阳,阳,2025-12,2025,10:00,15:00,2.0,-4.62,09:45,15:00,1.0,09:45,15:00,1.0,,,
600179.SSE,安通控股,2025-12-25,三接四,三接四阳,阳,2025-12,2025,09:45,15:00,1.0,-7.56,09:45,15:00,1.0,09:45,15:00,1.0,10:00,15:00,2.0
600186.SSE,莲花控股,2025-02-10,二接三,二接三阳,阳,2025-02,2025,09:45,09:45,1.0,-7.82,10:30,15:00,1.0,10:30,15:00,6.0,,,
600192.SSE,长城电工,2025-05-28,二接三,二接三阴,阴,2025-05,2025,09:45,15:00,1.0,-10.34,09:45,15:00,1.0,09:45,15:00,2.0,,,
600192.SSE,长城电工,2025-07-02,二接三,二接三阳,阳,2025-07,2025,09:45,15:00,1.0,-4.54,09:45,15:00,1.0,09:45,15:00,1.0,,,
600192.SSE,长城电工,2025-07-03,三接四,三接四阳,阳,2025-07,2025,09:45,09:45,1.0,-12.29,09:45,15:00,1.0,09:45,15:00,1.0,09:45,15:00,1.0
600198.SSE,大唐电信,2024-10-28,三接四,三接四阴,阴,2024-10,2024,09:45,15:00,2.0,-5.13,10:15,15:00,1.0,09:45,15:00,1.0,09:45,15:00,0.0
600198.SSE,大唐电信,2024-12-19,二接三,二接三阴,阴,2024-12,2024,09:45,09:45,1.0,-9.02,09:45,15:00,1.0,09:45,15:00,0.0,,,
600199.SSE,金种子酒,2024-09-30,二接三,二接三阴,阴,2024-09,2024,11:15,15:00,4.0,-2.6,14:00,15:00,2.0,14:45,15:00,1.0,,,
600199.SSE,金种子酒,2024-10-08,三接四,三接四阴,阴,2024-10,2024,09:45,09:45,1.0,-14.12,14:00,15:00,2.0,14:45,15:00,1.0,11:15,15:00,4.0
600202.SSE,哈空调,2025-01-14,二接三,二接三阳,阳,2025-01,2025,09:45,15:00,2.0,-9.17,09:45,15:00,6.0,09:45,15:00,0.0,,,
600203.SSE,福日电子,2024-10-16,二接三,二接三阴,阴,2024-10,2024,09:45,15:00,3.0,-8.25,10:15,15:00,2.0,10:00,15:00,2.0,,,
600203.SSE,福日电子,2024-10-17,三接四,三接四阴,阴,2024-10,2024,09:45,15:00,5.0,-13.28,10:15,15:00,2.0,10:00,15:00,2.0,09:45,15:00,3.0
600203.SSE,福日电子,2024-10-31,三接四,三接四阴,阴,2024-10,2024,09:45,15:00,2.0,-5.8,13:30,15:00,1.0,10:00,15:00,1.0,09:45,15:00,0.0
600203.SSE,福日电子,2025-02-26,二接三,二接三阳,阳,2025-02,2025,09:45,14:15,2.0,-8.07,13:45,15:00,1.0,09:45,15:00,1.0,,,
600203.SSE,福日电子,2025-08-06,二接三,二接三阴,阴,2025-08,2025,13:15,15:00,2.0,-3.45,13:30,15:00,2.0,09:45,15:00,1.0,,,
600203.SSE,福日电子,2025-08-07,三接四,三接四阴,阴,2025-08,2025,09:45,15:00,2.0,-2.63,13:30,15:00,2.0,09:45,15:00,1.0,13:15,15:00,2.0
600206.SSE,有研新材,2024-11-11,二接三,二接三阴,阴,2024-11,2024,09:45,15:00,1.0,-1.68,09:45,15:00,0.0,09:45,15:00,0.0,,,
600206.SSE,有研新材,2024-11-12,三接四,三接四阴,阴,2024-11,2024,09:45,15:00,1.0,-3.56,09:45,15:00,0.0,09:45,15:00,0.0,09:45,15:00,1.0
600206.SSE,有研新材,2026-08-07,二接三,二接三阳,阳,2026-08,2026,10:15,15:00,1.0,-1.41,10:00,15:00,3.0,10:00,15:00,2.0,,,
600206.SSE,有研新材,2026-08-10,三接四,三接四阳,阳,2026-08,2026,14:45,14:45,1.0,-2.47,10:00,15:00,3.0,10:00,15:00,2.0,10:15,15:00,1.0
600208.SSE,衢州发展,2024-09-30,二接三,二接三阳,阳,2024-09,2024,09:45,15:00,1.0,-3.4,10:15,15:00,5.0,09:45,15:00,6.0,,,
600208.SSE,衢州发展,2024-10-08,三接四,三接四阳,阳,2024-10,2024,09:45,15:00,13.0,-6.51,10:15,15:00,5.0,09:45,15:00,6.0,09:45,15:00,1.0
600208.SSE,衢州发展,2025-08-18,三接四,三接四阳,阳,2025-08,2025,09:45,09:45,1.0,-17.74,09:45,15:00,0.0,09:45,15:00,0.0,09:45,15:00,0.0
600210.SSE,紫江企业,2024-11-11,三接四,三接四阳,阳,2024-11,2024,14:45,15:00,1.0,-4.71,09:45,15:00,1.0,09:45,15:00,0.0,09:45,15:00,0.0
600212.SSE,绿能慧充,2024-10-25,二接三,二接三阴,阴,2024-10,2024,15:00,15:00,1.0,-2.84,11:30,15:00,1.0,11:30,15:00,4.0,,,
600217.SSE,中再资环,2024-10-22,二接三,二接三阳,阳,2024-10,2024,14:15,15:00,1.0,-7.81,13:15,15:00,1.0,09:45,15:00,0.0,,,
600221.SSE,海航控股,2024-11-04,二接三,二接三阳,阳,2024-11,2024,14:00,15:00,3.0,-10.78,10:00,15:00,1.0,09:45,15:00,2.0,,,
600221.SSE,海航控股,2024-11-05,三接四,三接四阳,阳,2024-11,2024,09:45,15:00,1.0,-12.5,10:00,15:00,1.0,09:45,15:00,2.0,14:00,15:00,3.0
600227.SSE,赤天化,2026-03-10,二接三,二接三阴,阴,2026-03,2026,11:30,13:30,2.0,-3.77,10:15,15:00,1.0,09:45,15:00,3.0,,,
600227.SSE,赤天化,2026-03-17,二接三,二接三阴,阴,2026-03,2026,09:45,15:00,2.0,-13.04,09:45,15:00,3.0,09:45,15:00,8.0,,,
600228.SSE,返利科技,2026-06-29,三接四,三接四阳,阳,2026-06,2026,09:45,09:45,1.0,-18.2,13:15,15:00,5.0,09:45,15:00,0.0,09:45,15:00,0.0
600228.SSE,返利科技,2026-07-31,二接三,二接三阳,阳,2026-07,2026,11:15,13:15,3.0,-5.33,10:30,15:00,2.0,09:45,15:00,1.0,,,
600230.SSE,沧州大化,2026-01-21,二接三,二接三阴,阴,2026-01,2026,09:45,15:00,2.0,-10.92,13:15,15:00,1.0,10:15,15:00,1.0,,,
600232.SSE,金鹰股份,2025-06-10,二接三,二接三阴,阴,2025-06,2025,09:45,15:00,1.0,-0.78,10:45,15:00,1.0,09:45,15:00,0.0,,,
600232.SSE,金鹰股份,2025-06-11,三接四,三接四阴,阴,2025-06,2025,14:00,15:00,5.0,-18.06,10:45,15:00,1.0,09:45,15:00,0.0,09:45,15:00,1.0
600234.SSE,科新发展,2025-10-14,二接三,二接三阳,阳,2025-10,2025,10:00,10:00,1.0,-8.02,10:15,15:00,1.0,09:45,15:00,1.0,,,
600241.SSE,时代万恒,2025-06-30,二接三,二接三阳,阳,2025-06,2025,09:45,15:00,2.0,-4.6,09:45,15:00,1.0,09:45,15:00,3.0,,,
600246.SSE,万通发展,2024-10-30,三接四,三接四阳,阳,2024-10,2024,09:45,15:00,2.0,-14.32,13:15,15:00,3.0,09:45,15:00,1.0,09:45,15:00,0.0
600246.SSE,万通发展,2025-08-12,二接三,二接三阴,阴,2025-08,2025,09:45,15:00,6.0,-7.8,14:45,15:00,1.0,09:45,15:00,2.0,,,
600246.SSE,万通发展,2025-08-13,三接四,三接四阴,阴,2025-08,2025,13:15,15:00,1.0,-0.49,14:45,15:00,1.0,09:45,15:00,2.0,09:45,15:00,6.0
600246.SSE,万通发展,2025-08-26,三接四,三接四阳,阳,2025-08,2025,14:45,14:45,1.0,-4.91,09:45,15:00,0.0,09:45,15:00,0.0,09:45,15:00,0.0
600249.SSE,两面针,2025-04-15,二接三,二接三阳,阳,2025-04,2025,10:30,15:00,1.0,-6.58,10:00,15:00,1.0,09:45,15:00,1.0,,,
600249.SSE,两面针,2025-04-16,三接四,三接四阳,阳,2025-04,2025,14:00,15:00,3.0,-8.29,10:00,15:00,1.0,09:45,15:00,1.0,10:30,15:00,1.0
600250.SSE,南京商旅,2025-12-10,二接三,二接三阳,阳,2025-12,2025,09:45,14:15,2.0,-12.72,13:15,15:00,1.0,09:45,15:00,2.0,,,
600250.SSE,南京商旅,2025-12-19,二接三,二接三阴,阴,2025-12,2025,09:45,11:00,2.0,-9.83,09:45,15:00,2.0,09:45,15:00,1.0,,,
600255.SSE,鑫科材料,2024-12-19,三接四,三接四阴,阴,2024-12,2024,09:45,15:00,2.0,-7.33,10:00,15:00,1.0,09:45,15:00,1.0,09:45,15:00,0.0
600255.SSE,鑫科材料,2026-06-04,二接三,二接三阳,阳,2026-06,2026,09:45,15:00,3.0,-5.59,13:30,15:00,1.0,09:45,15:00,0.0,,,
600262.SSE,北方股份,2025-10-22,二接三,二接三阴,阴,2025-10,2025,09:45,15:00,1.0,-4.68,09:45,15:00,5.0,09:45,15:00,1.0,,,
600266.SSE,城建发展,2026-01-06,二接三,二接三阳,阳,2026-01,2026,09:45,15:00,1.0,-7.0,11:30,15:00,1.0,09:45,15:00,2.0,,,
600266.SSE,城建发展,2026-01-07,三接四,三接四阳,阳,2026-01,2026,09:45,15:00,1.0,-4.0,11:30,15:00,1.0,09:45,15:00,2.0,09:45,15:00,1.0
600272.SSE,开开实业,2024-12-13,二接三,二接三阴,阴,2024-12,2024,09:45,15:00,1.0,-6.88,09:45,15:00,1.0,09:45,15:00,1.0,,,
600272.SSE,开开实业,2026-08-11,三接四,三接四阴,阴,2026-08,2026,09:45,15:00,3.0,-5.73,11:30,15:00,2.0,09:45,15:00,1.0,09:45,15:00,0.0
600280.SSE,中央商场,2024-11-08,二接三,二接三阳,阳,2024-11,2024,09:45,09:45,1.0,-10.77,14:15,15:00,4.0,09:45,15:00,1.0,,,
600280.SSE,中央商场,2025-11-20,二接三,二接三阳,阳,2025-11,2025,09:45,09:45,1.0,-18.14,14:45,15:00,1.0,09:45,15:00,1.0,,,
600280.SSE,中央商场,2026-06-02,二接三,二接三阴,阴,2026-06,2026,10:00,15:00,1.0,-12.92,09:45,15:00,1.0,09:45,15:00,1.0,,,
600281.SSE,华阳新材,2025-04-30,二接三,二接三阳,阳,2025-04,2025,09:45,09:45,1.0,-10.16,09:45,15:00,3.0,09:45,15:00,1.0,,,
600281.SSE,华阳新材,2025-06-13,二接三,二接三阳,阳,2025-06,2025,09:45,15:00,6.0,-7.58,09:45,15:00,1.0,09:45,15:00,1.0,,,
600281.SSE,华阳新材,2025-06-16,三接四,三接四阳,阳,2025-06,2025,14:45,14:45,1.0,-7.38,09:45,15:00,1.0,09:45,15:00,1.0,09:45,15:00,6.0
600288.SSE,大恒科技,2024-11-22,三接四,三接四阴,阴,2024-11,2024,10:00,15:00,2.0,-2.39,09:45,15:00,0.0,09:45,15:00,0.0,09:45,15:00,0.0
600288.SSE,大恒科技,2025-07-28,二接三,二接三阴,阴,2025-07,2025,09:45,10:00,2.0,-9.02,14:00,15:00,3.0,10:15,15:00,3.0,,,
600288.SSE,大恒科技,2026-07-08,二接三,二接三阳,阳,2026-07,2026,11:30,15:00,2.0,-2.86,11:30,15:00,1.0,09:45,15:00,6.0,,,
600292.SSE,电投水电,2024-11-11,二接三,二接三阴,阴,2024-11,2024,09:45,13:15,3.0,-11.35,10:30,15:00,1.0,09:45,15:00,1.0,,,
600292.SSE,电投水电,2024-12-03,二接三,二接三阳,阳,2024-12,2024,09:45,15:00,1.0,-4.05,09:45,15:00,1.0,09:45,15:00,1.0,,,
600293.SSE,三峡新材,2026-06-08,二接三,二接三阴,阴,2026-06,2026,10:00,15:00,2.0,-8.03,10:30,15:00,1.0,09:45,15:00,3.0,,,
600310.SSE,广西能源,2026-03-30,二接三,二接三阳,阳,2026-03,2026,09:45,09:45,1.0,-14.88,10:45,15:00,1.0,09:45,15:00,0.0,,,
600313.SSE,农发种业,2026-08-19,二接三,二接三阴,阴,2026-08,2026,09:45,11:15,1.0,-5.9,09:45,15:00,1.0,09:45,15:00,1.0,,,
600318.SSE,新力金融,2024-11-06,二接三,二接三阳,阳,2024-11,2024,09:45,13:15,4.0,-8.94,09:45,15:00,1.0,09:45,15:00,0.0,,,
600319.SSE,亚星化学,2025-07-02,二接三,二接三阴,阴,2025-07,2025,09:45,15:00,6.0,-6.58,10:45,15:00,8.0,13:45,15:00,1.0,,,
600319.SSE,亚星化学,2025-11-20,二接三,二接三阳,阳,2025-11,2025,09:45,09:45,1.0,-13.16,09:45,15:00,0.0,09:45,15:00,0.0,,,
600320.SSE,振华重工,2025-03-25,三接四,三接四阳,阳,2025-03,2025,09:45,09:45,1.0,-10.59,11:15,15:00,1.0,09:45,15:00,1.0,09:45,15:00,0.0
600326.SSE,西藏天路,2024-08-15,二接三,二接三阴,阴,2024-08,2024,,,,,,,,,,,,,
600327.SSE,大东方,2024-11-22,二接三,二接三阳,阳,2024-11,2024,09:45,15:00,2.0,-14.36,11:00,15:00,1.0,09:45,15:00,7.0,,,
600327.SSE,大东方,2024-11-29,三接四,三接四阴,阴,2024-11,2024,09:45,15:00,3.0,-13.39,10:15,15:00,1.0,09:45,15:00,1.0,09:45,15:00,0.0
600336.SSE,澳柯玛,2024-10-29,二接三,二接三阴,阴,2024-10,2024,09:45,15:00,9.0,-6.96,09:45,15:00,4.0,09:45,15:00,2.0,,,
600343.SSE,航天动力,2025-11-26,二接三,二接三阳,阳,2025-11,2025,09:45,09:45,1.0,-13.19,09:45,15:00,1.0,09:45,15:00,1.0,,,
600353.SSE,旭光电子,2025-06-11,二接三,二接三阴,阴,2025-06,2025,10:45,10:45,1.0,-6.41,09:45,15:00,1.0,09:45,15:00,2.0,,,
600353.SSE,旭光电子,2026-06-17,二接三,二接三阴,阴,2026-06,2026,09:45,15:00,1.0,-2.12,09:45,15:00,1.0,09:45,15:00,0.0,,,
600353.SSE,旭光电子,2026-06-18,三接四,三接四阴,阴,2026-06,2026,09:45,15:00,1.0,-3.48,09:45,15:00,1.0,09:45,15:00,0.0,09:45,15:00,1.0
600353.SSE,旭光电子,2026-08-18,二接三,二接三阴,阴,2026-08,2026,09:45,15:00,3.0,-4.56,13:45,15:00,1.0,09:45,15:00,1.0,,,
600354.SSE,敦煌种业,2025-04-09,二接三,二接三阳,阳,2025-04,2025,09:45,09:45,1.0,-12.87,10:30,15:00,6.0,11:30,15:00,1.0,,,
600356.SSE,恒丰纸业,2024-12-03,二接三,二接三阴,阴,2024-12,2024,09:45,15:00,3.0,-6.69,09:45,15:00,0.0,09:45,15:00,0.0,,,
600358.SSE,国旅联合,2025-01-17,三接四,三接四阳,阳,2025-01,2025,09:45,15:00,1.0,-7.77,10:45,15:00,1.0,09:45,15:00,1.0,09:45,15:00,0.0
600362.SSE,江西铜业,2025-10-10,二接三,二接三阳,阳,2025-10,2025,10:00,10:00,1.0,-4.68,14:15,15:00,2.0,09:45,15:00,1.0,,,
600363.SSE,联创光电,2024-11-01,三接四,三接四阴,阴,2024-11,2024,09:45,10:15,1.0,-10.72,11:00,15:00,3.0,09:45,15:00,1.0,09:45,15:00,0.0
600366.SSE,宁波韵升,2025-06-13,二接三,二接三阳,阳,2025-06,2025,09:45,09:45,1.0,-8.0,09:45,15:00,4.0,11:15,15:00,1.0,,,
600367.SSE,红星发展,2026-06-03,二接三,二接三阴,阴,2026-06,2026,09:45,15:00,1.0,-2.86,09:45,15:00,1.0,09:45,15:00,1.0,,,
600371.SSE,万向德农,2025-04-09,二接三,二接三阳,阳,2025-04,2025,09:45,15:00,1.0,-1.62,09:45,15:00,2.0,09:45,15:00,1.0,,,
600371.SSE,万向德农,2026-08-27,二接三,二接三阳,阳,2026-08,2026,09:45,15:00,1.0,-2.76,09:45,15:00,6.0,09:45,15:00,2.0,,,
600376.SSE,首开股份,2024-09-30,二接三,二接三阳,阳,2024-09,2024,09:45,15:00,2.0,-8.76,13:30,15:00,5.0,14:45,15:00,2.0,,,
600376.SSE,首开股份,2025-09-05,二接三,二接三阴,阴,2025-09,2025,09:45,15:00,5.0,-11.4,09:45,15:00,2.0,09:45,15:00,1.0,,,
600376.SSE,首开股份,2025-09-08,三接四,三接四阴,阴,2025-09,2025,09:45,15:00,4.0,-12.69,09:45,15:00,2.0,09:45,15:00,1.0,09:45,15:00,5.0
600376.SSE,首开股份,2025-09-16,二接三,二接三阳,阳,2025-09,2025,09:45,15:00,2.0,-7.8,09:45,15:00,1.0,09:45,15:00,2.0,,,
600376.SSE,首开股份,2025-09-17,三接四,三接四阳,阳,2025-09,2025,10:30,15:00,4.0,-4.63,09:45,15:00,1.0,09:45,15:00,2.0,09:45,15:00,2.0
600378.SSE,昊华科技,2026-07-01,二接三,二接三阴,阴,2026-07,2026,09:45,15:00,7.0,-7.37,13:45,15:00,1.0,10:45,15:00,1.0,,,
600379.SSE,宝光股份,2026-04-30,二接三,二接三阴,阴,2026-04,2026,09:45,15:00,2.0,-1.79,13:15,15:00,1.0,09:45,15:00,3.0,,,
600379.SSE,宝光股份,2026-05-06,三接四,三接四阴,阴,2026-05,2026,09:45,15:00,1.0,-2.49,13:15,15:00,1.0,09:45,15:00,3.0,09:45,15:00,2.0
600382.SSE,广东明珠,2024-12-03,二接三,二接三阳,阳,2024-12,2024,09:45,15:00,1.0,-5.28,09:45,15:00,1.0,09:45,15:00,2.0,,,
600382.SSE,广东明珠,2024-12-04,三接四,三接四阳,阳,2024-12,2024,09:45,10:00,2.0,-14.88,09:45,15:00,1.0,09:45,15:00,2.0,09:45,15:00,1.0
600383.SSE,金地集团,2024-09-30,二接三,二接三阳,阳,2024-09,2024,09:45,15:00,1.0,-3.47,13:30,15:00,1.0,09:45,15:00,1.0,,,
600383.SSE,金地集团,2024-10-08,三接四,三接四阳,阳,2024-10,2024,09:45,09:45,1.0,-13.62,13:30,15:00,1.0,09:45,15:00,1.0,09:45,15:00,1.0
600390.SSE,五矿资本,2024-11-06,二接三,二接三阴,阴,2024-11,2024,09:45,09:45,1.0,-13.69,14:15,15:00,2.0,09:45,15:00,1.0,,,
600392.SSE,盛和资源,2024-11-04,二接三,二接三阴,阴,2024-11,2024,09:45,09:45,1.0,-11.53,11:15,15:00,6.0,09:45,15:00,1.0,,,
600396.SSE,华电辽能,2026-03-19,三接四,三接四阴,阴,2026-03,2026,09:45,15:00,1.0,-8.79,09:45,15:00,0.0,09:45,15:00,1.0,09:45,15:00,0.0
600396.SSE,华电辽能,2026-04-23,二接三,二接三阳,阳,2026-04,2026,13:45,15:00,1.0,-7.02,11:30,15:00,1.0,09:45,15:00,1.0,,,
600396.SSE,华电辽能,2026-05-08,二接三,二接三阴,阴,2026-05,2026,09:45,10:00,2.0,-7.58,14:15,15:00,2.0,09:45,15:00,1.0,,,
600396.SSE,华电辽能,2026-05-13,二接三,二接三阳,阳,2026-05,2026,09:45,15:00,2.0,-9.12,10:00,15:00,2.0,14:45,15:00,1.0,,,
600397.SSE,江钨装备,2024-12-30,二接三,二接三阳,阳,2024-12,2024,09:45,15:00,9.0,-7.55,09:45,15:00,0.0,09:45,15:00,1.0,,,
600397.SSE,江钨装备,2024-12-31,三接四,三接四阳,阳,2024-12,2024,09:45,15:00,1.0,-9.0,09:45,15:00,0.0,09:45,15:00,1.0,09:45,15:00,9.0
600397.SSE,江钨装备,2026-02-13,二接三,二接三阳,阳,2026-02,2026,09:45,15:00,10.0,-7.24,10:00,15:00,4.0,09:45,15:00,1.0,,,
600397.SSE,江钨装备,2026-06-18,二接三,二接三阴,阴,2026-06,2026,14:00,15:00,1.0,-4.7,10:00,15:00,1.0,13:15,15:00,2.0,,,
600397.SSE,江钨装备,2026-06-22,三接四,三接四阴,阴,2026-06,2026,09:45,15:00,1.0,-1.08,10:00,15:00,1.0,13:15,15:00,2.0,14:00,15:00,1.0
600397.SSE,江钨装备,2026-08-06,二接三,二接三阴,阴,2026-08,2026,09:45,15:00,1.0,-2.31,14:00,15:00,1.0,14:00,15:00,3.0,,,
600397.SSE,江钨装备,2026-08-07,三接四,三接四阴,阴,2026-08,2026,11:00,14:00,3.0,-3.61,14:00,15:00,1.0,14:00,15:00,3.0,09:45,15:00,1.0
600400.SSE,红豆股份,2025-09-22,二接三,二接三阴,阴,2025-09,2025,09:45,15:00,1.0,-3.55,09:45,15:00,1.0,10:00,15:00,1.0,,,
600400.SSE,红豆股份,2025-09-23,三接四,三接四阴,阴,2025-09,2025,09:45,09:45,1.0,-15.63,09:45,15:00,1.0,10:00,15:00,1.0,09:45,15:00,1.0
600403.SSE,大有能源,2025-10-16,二接三,二接三阳,阳,2025-10,2025,09:45,15:00,3.0,-9.33,10:30,15:00,2.0,09:45,15:00,1.0,,,
600403.SSE,大有能源,2025-10-17,三接四,三接四阳,阳,2025-10,2025,09:45,15:00,1.0,-2.88,10:30,15:00,2.0,09:45,15:00,1.0,09:45,15:00,3.0
600403.SSE,大有能源,2026-06-03,二接三,二接三阳,阳,2026-06,2026,09:45,15:00,1.0,-6.69,11:00,15:00,2.0,09:45,15:00,1.0,,,
600405.SSE,动力源,2024-11-25,二接三,二接三阳,阳,2024-11,2024,10:15,15:00,3.0,-6.04,09:45,15:00,1.0,09:45,15:00,1.0,,,
600408.SSE,安泰集团,2025-10-20,二接三,二接三阴,阴,2025-10,2025,09:45,15:00,7.0,-14.37,09:45,15:00,3.0,09:45,15:00,2.0,,,
600408.SSE,安泰集团,2025-11-05,二接三,二接三阳,阳,2025-11,2025,09:45,15:00,1.0,-9.18,09:45,15:00,1.0,09:45,15:00,7.0,,,
600408.SSE,安泰集团,2025-11-13,二接三,二接三阳,阳,2025-11,2025,09:45,15:00,1.0,-3.87,14:45,15:00,2.0,10:15,15:00,3.0,,,
600408.SSE,安泰集团,2025-11-14,三接四,三接四阳,阳,2025-11,2025,09:45,15:00,2.0,-5.91,14:45,15:00,2.0,10:15,15:00,3.0,09:45,15:00,1.0
600410.SSE,华胜天成,2024-11-26,三接四,三接四阳,阳,2024-11,2024,09:45,15:00,5.0,-5.62,10:30,15:00,1.0,10:15,15:00,6.0,09:45,15:00,0.0
600418.SSE,江淮汽车,2024-10-09,二接三,二接三阳,阳,2024-10,2024,13:45,13:45,1.0,-4.45,09:45,15:00,2.0,09:45,15:00,7.0,,,
600429.SSE,三元股份,2025-11-13,三接四,三接四阳,阳,2025-11,2025,09:45,15:00,1.0,-2.47,11:00,15:00,2.0,09:45,15:00,0.0,09:45,15:00,0.0
600435.SSE,北方导航,2026-01-08,二接三,二接三阳,阳,2026-01,2026,14:45,14:45,1.0,-4.27,10:15,15:00,1.0,09:45,15:00,1.0,,,
600444.SSE,国机通用,2025-07-22,二接三,二接三阳,阳,2025-07,2025,09:45,10:00,2.0,-9.41,10:00,15:00,1.0,09:45,15:00,1.0,,,
600446.SSE,金证股份,2024-10-08,二接三,二接三阳,阳,2024-10,2024,09:45,15:00,2.0,-4.09,11:15,15:00,1.0,09:45,15:00,0.0,,,
600448.SSE,华纺股份,2025-05-08,二接三,二接三阳,阳,2025-05,2025,09:45,15:00,3.0,-12.57,15:00,15:00,1.0,09:45,15:00,1.0,,,
600448.SSE,华纺股份,2025-05-09,三接四,三接四阳,阳,2025-05,2025,09:45,15:00,1.0,-3.05,15:00,15:00,1.0,09:45,15:00,1.0,09:45,15:00,3.0
600460.SSE,士兰微,2024-10-09,二接三,二接三阳,阳,2024-10,2024,10:00,15:00,5.0,-1.64,14:15,15:00,2.0,09:45,15:00,0.0,,,
600463.SSE,空港股份,2024-09-18,二接三,二接三阳,阳,2024-09,2024,14:00,14:30,3.0,-15.33,09:45,15:00,2.0,09:45,15:00,2.0,,,
600463.SSE,空港股份,2025-05-22,三接四,三接四阳,阳,2025-05,2025,09:45,13:15,2.0,-17.71,10:30,15:00,1.0,09:45,15:00,2.0,09:45,15:00,0.0
600468.SSE,百利电气,2025-05-20,二接三,二接三阴,阴,2025-05,2025,09:45,15:00,1.0,-4.76,09:45,15:00,1.0,09:45,15:00,2.0,,,
600468.SSE,百利电气,2025-05-21,三接四,三接四阴,阴,2025-05,2025,09:45,09:45,1.0,-12.24,09:45,15:00,1.0,09:45,15:00,2.0,09:45,15:00,1.0
600468.SSE,百利电气,2025-06-04,二接三,二接三阳,阳,2025-06,2025,09:45,10:15,1.0,-10.85,13:30,15:00,1.0,10:30,15:00,5.0,,,
600468.SSE,百利电气,2025-06-10,二接三,二接三阳,阳,2025-06,2025,15:00,15:00,1.0,-6.44,10:00,15:00,6.0,15:00,15:00,1.0,,,
600470.SSE,六国化工,2024-11-22,三接四,三接四阴,阴,2024-11,2024,09:45,15:00,5.0,-5.46,14:45,15:00,1.0,09:45,15:00,1.0,09:45,15:00,0.0
600475.SSE,华光环能,2025-07-07,二接三,二接三阴,阴,2025-07,2025,13:15,15:00,3.0,-8.46,13:45,15:00,2.0,13:15,15:00,3.0,,,
600475.SSE,华光环能,2025-07-08,三接四,三接四阴,阴,2025-07,2025,13:30,15:00,1.0,-1.58,13:45,15:00,2.0,13:15,15:00,3.0,13:15,15:00,3.0
600475.SSE,华光环能,2025-08-07,二接三,二接三阴,阴,2025-08,2025,09:45,15:00,1.0,-7.17,11:30,15:00,1.0,10:00,15:00,3.0,,,
600475.SSE,华光环能,2025-08-08,三接四,三接四阴,阴,2025-08,2025,09:45,15:00,1.0,-4.48,11:30,15:00,1.0,10:00,15:00,3.0,09:45,15:00,1.0
600477.SSE,杭萧钢构,2026-01-13,三接四,三接四阳,阳,2026-01,2026,09:45,15:00,1.0,-1.38,09:45,15:00,0.0,09:45,15:00,0.0,09:45,15:00,0.0
600479.SSE,千金药业,2026-08-28,二接三,二接三阳,阳,2026-08,2026,09:45,15:00,4.0,-11.48,09:45,15:00,1.0,09:45,15:00,4.0,,,
600481.SSE,双良节能,2024-10-30,三接四,三接四阴,阴,2024-10,2024,10:00,15:00,7.0,-6.11,13:15,15:00,2.0,09:45,15:00,1.0,09:45,15:00,0.0
600488.SSE,津药药业,2026-03-31,二接三,二接三阳,阳,2026-03,2026,09:45,15:00,1.0,-5.15,10:30,15:00,1.0,09:45,15:00,1.0,,,
600488.SSE,津药药业,2026-04-01,三接四,三接四阳,阳,2026-04,2026,09:45,15:00,1.0,-1.91,10:30,15:00,1.0,09:45,15:00,1.0,09:45,15:00,1.0
600498.SSE,烽火通信,2026-03-02,二接三,二接三阴,阴,2026-03,2026,09:45,15:00,1.0,-3.74,13:15,15:00,3.0,10:45,15:00,1.0,,,
600500.SSE,中化国际,2026-06-12,三接四,三接四阴,阴,2026-06,2026,09:45,15:00,7.0,-5.67,09:45,15:00,1.0,09:45,15:00,0.0,09:45,15:00,0.0
600502.SSE,安徽建工,2026-04-01,二接三,二接三阴,阴,2026-04,2026,09:45,10:00,2.0,-10.34,09:45,15:00,1.0,09:45,15:00,2.0,,,
600503.SSE,华丽家族,2024-12-12,二接三,二接三阴,阴,2024-12,2024,09:45,09:45,1.0,-14.69,09:45,15:00,1.0,09:45,15:00,1.0,,,
600505.SSE,西昌电力,2025-04-28,二接三,二接三阳,阳,2025-04,2025,09:45,09:45,1.0,-13.32,10:00,15:00,1.0,09:45,15:00,1.0,,,
600506.SSE,统一股份,2024-12-13,二接三,二接三阳,阳,2024-12,2024,13:30,13:30,1.0,-15.41,14:30,15:00,3.0,10:15,15:00,2.0,,,
600508.SSE,上海能源,2026-08-26,二接三,二接三阳,阳,2026-08,2026,13:30,13:30,1.0,-6.27,10:00,15:00,2.0,09:45,15:00,2.0,,,
600513.SSE,联环药业,2024-11-08,二接三,二接三阳,阳,2024-11,2024,09:45,10:00,2.0,-13.53,11:00,15:00,3.0,10:45,15:00,1.0,,,
600513.SSE,联环药业,2025-07-14,二接三,二接三阴,阴,2025-07,2025,09:45,15:00,1.0,-8.62,10:00,15:00,1.0,09:45,15:00,6.0,,,
600518.SSE,康美药业,2024-11-11,二接三,二接三阳,阳,2024-11,2024,09:45,15:00,4.0,-8.48,09:45,15:00,1.0,09:45,15:00,4.0,,,
600520.SSE,三佳科技,2024-10-28,二接三,二接三阴,阴,2024-10,2024,14:00,15:00,1.0,-0.28,09:45,15:00,2.0,09:45,15:00,1.0,,,
600527.SSE,江南高纤,2024-11-01,二接三,二接三阴,阴,2024-11,2024,09:45,10:15,1.0,-9.4,10:00,15:00,2.0,09:45,15:00,0.0,,,
600527.SSE,江南高纤,2024-12-11,三接四,三接四阳,阳,2024-12,2024,09:45,15:00,3.0,-4.06,09:45,15:00,2.0,09:45,15:00,0.0,09:45,15:00,0.0
600531.SSE,豫光金铅,2026-01-27,二接三,二接三阳,阳,2026-01,2026,09:45,15:00,6.0,-5.76,10:00,15:00,2.0,09:45,15:00,0.0,,,
600531.SSE,豫光金铅,2026-01-28,三接四,三接四阳,阳,2026-01,2026,10:30,15:00,0.0,-0.13,10:00,15:00,2.0,09:45,15:00,0.0,09:45,15:00,6.0
600539.SSE,狮头股份,2025-01-16,二接三,二接三阳,阳,2025-01,2025,09:45,15:00,1.0,-6.92,11:30,15:00,1.0,09:45,15:00,0.0,,,
600539.SSE,狮头股份,2025-03-13,三接四,三接四阳,阳,2025-03,2025,09:45,15:00,3.0,-14.27,09:45,15:00,0.0,09:45,15:00,0.0,09:45,15:00,0.0
600540.SSE,新赛股份,2026-09-01,三接四,三接四阳,阳,2026-09,2026,09:45,15:00,1.0,-1.96,09:45,15:00,0.0,09:45,15:00,0.0,09:45,15:00,0.0
600545.SSE,卓郎智能,2024-12-09,二接三,二接三阳,阳,2024-12,2024,09:45,09:45,1.0,-15.24,10:00,15:00,2.0,09:45,15:00,1.0,,,
600545.SSE,卓郎智能,2024-12-12,二接三,二接三阳,阳,2024-12,2024,13:30,15:00,1.0,-0.25,14:45,15:00,2.0,14:30,15:00,2.0,,,
600545.SSE,卓郎智能,2024-12-13,三接四,三接四阳,阳,2024-12,2024,10:00,14:45,4.0,-13.86,14:45,15:00,2.0,14:30,15:00,2.0,13:30,15:00,1.0
600545.SSE,卓郎智能,2026-03-06,二接三,二接三阴,阴,2026-03,2026,09:45,15:00,2.0,-7.71,09:45,15:00,5.0,09:45,15:00,0.0,,,
600550.SSE,保变电气,2024-09-04,二接三,二接三阳,阳,2024-09,2024,09:45,15:00,3.0,-5.25,,,,09:45,15:00,1.0,,,
600550.SSE,保变电气,2024-09-05,三接四,三接四阳,阳,2024-09,2024,09:45,09:45,1.0,-16.15,,,,09:45,15:00,1.0,09:45,15:00,3.0
600550.SSE,保变电气,2024-09-13,二接三,二接三阴,阴,2024-09,2024,10:00,15:00,1.0,-1.65,11:30,15:00,2.0,09:45,15:00,4.0,,,
600550.SSE,保变电气,2024-09-18,三接四,三接四阴,阴,2024-09,2024,10:00,15:00,10.0,-3.74,11:30,15:00,2.0,09:45,15:00,4.0,10:00,15:00,1.0
600550.SSE,保变电气,2024-09-23,二接三,二接三阳,阳,2024-09,2024,09:45,15:00,1.0,-6.05,09:45,15:00,1.0,09:45,15:00,0.0,,,
600550.SSE,保变电气,2024-09-24,三接四,三接四阳,阳,2024-09,2024,09:45,10:15,2.0,-18.14,09:45,15:00,1.0,09:45,15:00,0.0,09:45,15:00,1.0
600550.SSE,保变电气,2025-05-21,二接三,二接三阳,阳,2025-05,2025,09:45,09:45,1.0,-8.12,10:00,15:00,3.0,10:00,15:00,1.0,,,
600551.SSE,时代出版,2026-09-01,二接三,二接三阴,阴,2026-09,2026,09:45,15:00,3.0,-4.63,09:45,15:00,1.0,13:30,15:00,1.0,,,
600552.SSE,凯盛科技,2024-09-02,二接三,二接三阴,阴,2024-09,2024,,,,,,,,,,,,,
600556.SSE,天下秀,2025-01-16,二接三,二接三阳,阳,2025-01,2025,09:45,15:00,1.0,-3.63,09:45,15:00,1.0,09:45,15:00,0.0,,,
600556.SSE,天下秀,2025-01-17,三接四,三接四阳,阳,2025-01,2025,10:15,11:15,4.0,-6.31,09:45,15:00,1.0,09:45,15:00,0.0,09:45,15:00,1.0
600570.SSE,恒生电子,2024-10-09,三接四,三接四阳,阳,2024-10,2024,09:45,15:00,2.0,-2.89,09:45,15:00,1.0,09:45,15:00,0.0,09:45,15:00,0.0
600571.SSE,信雅达,2025-04-23,二接三,二接三阴,阴,2025-04,2025,09:45,10:15,3.0,-9.47,10:00,15:00,1.0,09:45,15:00,2.0,,,
600578.SSE,京能电力,2026-05-15,二接三,二接三阳,阳,2026-05,2026,11:30,15:00,4.0,-4.99,09:45,15:00,1.0,09:45,15:00,2.0,,,
600578.SSE,京能电力,2026-05-18,三接四,三接四阳,阳,2026-05,2026,09:45,15:00,1.0,-6.23,09:45,15:00,1.0,09:45,15:00,2.0,11:30,15:00,4.0
600579.SSE,中化装备,2024-10-28,二接三,二接三阴,阴,2024-10,2024,09:45,15:00,1.0,-4.18,09:45,15:00,1.0,10:30,15:00,1.0,,,
600579.SSE,中化装备,2024-10-29,三接四,三接四阴,阴,2024-10,2024,09:45,09:45,1.0,-12.85,09:45,15:00,1.0,10:30,15:00,1.0,09:45,15:00,1.0
600579.SSE,中化装备,2024-12-20,二接三,二接三阴,阴,2024-12,2024,09:45,15:00,1.0,-14.84,09:45,15:00,1.0,09:45,15:00,3.0,,,
600579.SSE,中化装备,2024-12-23,三接四,三接四阴,阴,2024-12,2024,10:30,15:00,4.0,-8.58,09:45,15:00,1.0,09:45,15:00,3.0,09:45,15:00,1.0
600579.SSE,中化装备,2025-01-23,二接三,二接三阳,阳,2025-01,2025,09:45,09:45,1.0,-15.61,09:45,15:00,1.0,13:45,15:00,2.0,,,
600579.SSE,中化装备,2025-07-31,二接三,二接三阴,阴,2025-07,2025,09:45,15:00,4.0,-6.11,09:45,15:00,0.0,09:45,15:00,0.0,,,
600589.SSE,大位科技,2024-09-23,二接三,二接三阴,阴,2024-09,2024,13:15,15:00,1.0,-2.85,10:15,15:00,2.0,09:45,15:00,2.0,,,
600589.SSE,大位科技,2024-09-24,三接四,三接四阴,阴,2024-09,2024,09:45,15:00,6.0,-9.06,10:15,15:00,2.0,09:45,15:00,2.0,13:15,15:00,1.0
600589.SSE,大位科技,2024-12-02,二接三,二接三阳,阳,2024-12,2024,09:45,15:00,1.0,-6.15,09:45,15:00,3.0,10:15,15:00,5.0,,,
600589.SSE,大位科技,2024-12-03,三接四,三接四阳,阳,2024-12,2024,09:45,09:45,1.0,-15.41,09:45,15:00,3.0,10:15,15:00,5.0,09:45,15:00,1.0
600590.SSE,泰豪科技,2024-12-27,二接三,二接三阴,阴,2024-12,2024,09:45,15:00,1.0,-3.44,09:45,15:00,2.0,09:45,15:00,1.0,,,
600590.SSE,泰豪科技,2025-02-21,二接三,二接三阴,阴,2025-02,2025,09:45,15:00,1.0,-3.35,09:45,15:00,2.0,09:45,15:00,1.0,,,
600592.SSE,龙溪股份,2025-03-06,二接三,二接三阴,阴,2025-03,2025,09:45,15:00,1.0,-0.63,10:00,15:00,1.0,09:45,15:00,1.0,,,
600592.SSE,龙溪股份,2025-05-07,二接三,二接三阳,阳,2025-05,2025,09:45,15:00,3.0,-6.45,13:15,15:00,3.0,11:00,15:00,1.0,,,
600593.SSE,大连圣亚,2024-11-08,二接三,二接三阳,阳,2024-11,2024,13:45,15:00,2.0,-6.05,13:15,15:00,3.0,10:15,15:00,1.0,,,
600593.SSE,大连圣亚,2024-11-27,二接三,二接三阳,阳,2024-11,2024,10:30,14:15,3.0,-7.91,10:00,15:00,6.0,15:00,15:00,1.0,,,
600593.SSE,大连圣亚,2024-12-16,二接三,二接三阳,阳,2024-12,2024,10:00,15:00,4.0,-5.36,10:45,15:00,5.0,13:30,15:00,1.0,,,
600598.SSE,北大荒,2025-04-09,二接三,二接三阳,阳,2025-04,2025,09:45,15:00,10.0,-7.48,09:45,15:00,4.0,11:00,15:00,2.0,,,
600601.SSE,方正科技,2024-12-02,二接三,二接三阳,阳,2024-12,2024,13:15,14:15,3.0,-6.68,09:45,15:00,2.0,10:30,15:00,2.0,,,
600602.SSE,云赛智联,2024-10-09,二接三,二接三阳,阳,2024-10,2024,13:45,14:00,2.0,-5.57,10:30,15:00,2.0,09:45,15:00,4.0,,,
600602.SSE,云赛智联,2025-02-18,二接三,二接三阴,阴,2025-02,2025,10:00,15:00,2.0,-12.66,13:15,15:00,5.0,09:45,15:00,4.0,,,
600602.SSE,云赛智联,2025-02-25,二接三,二接三阳,阳,2025-02,2025,09:45,15:00,2.0,-13.21,11:30,15:00,1.0,09:45,15:00,0.0,,,
600604.SSE,市北高新,2024-10-29,二接三,二接三阳,阳,2024-10,2024,09:45,14:15,3.0,-7.91,09:45,15:00,1.0,09:45,15:00,2.0,,,
600604.SSE,市北高新,2025-07-15,二接三,二接三阳,阳,2025-07,2025,10:00,15:00,2.0,-5.52,09:45,15:00,0.0,09:45,15:00,0.0,,,
600606.SSE,绿地控股,2024-10-08,三接四,三接四阳,阳,2024-10,2024,09:45,15:00,3.0,-9.17,13:15,15:00,1.0,09:45,15:00,0.0,09:45,15:00,0.0
600606.SSE,绿地控股,2025-07-14,二接三,二接三阳,阳,2025-07,2025,09:45,15:00,8.0,-3.06,10:00,15:00,4.0,09:45,15:00,0.0,,,
600610.SSE,中毅达,2025-03-12,二接三,二接三阴,阴,2025-03,2025,09:45,11:00,3.0,-7.84,13:15,15:00,1.0,09:45,15:00,2.0,,,
600610.SSE,中毅达,2025-03-19,二接三,二接三阳,阳,2025-03,2025,13:30,13:30,1.0,-6.64,13:15,15:00,2.0,09:45,15:00,1.0,,,
600610.SSE,中毅达,2025-03-26,二接三,二接三阳,阳,2025-03,2025,09:45,15:00,4.0,-5.28,10:15,15:00,3.0,09:45,15:00,1.0,,,
600610.SSE,中毅达,2025-03-27,三接四,三接四阳,阳,2025-03,2025,09:45,15:00,1.0,-5.15,10:15,15:00,3.0,09:45,15:00,1.0,09:45,15:00,4.0
600611.SSE,大众交通,2024-09-09,二接三,二接三阳,阳,2024-09,2024,09:45,09:45,1.0,-18.12,10:00,15:00,1.0,09:45,15:00,0.0,,,
600611.SSE,大众交通,2024-10-09,二接三,二接三阳,阳,2024-10,2024,10:00,15:00,2.0,-2.64,13:15,15:00,4.0,10:30,15:00,1.0,,,
600613.SSE,神奇制药,2026-08-17,二接三,二接三阳,阳,2026-08,2026,09:45,15:00,1.0,-3.83,10:15,15:00,1.0,09:45,15:00,0.0,,,
600613.SSE,神奇制药,2026-08-18,三接四,三接四阳,阳,2026-08,2026,09:45,15:00,1.0,-2.06,10:15,15:00,1.0,09:45,15:00,0.0,09:45,15:00,1.0
600617.SSE,国新能源,2026-03-23,二接三,二接三阴,阴,2026-03,2026,09:45,09:45,1.0,-7.97,10:30,15:00,2.0,09:45,15:00,1.0,,,
600617.SSE,国新能源,2026-07-28,二接三,二接三阳,阳,2026-07,2026,09:45,10:00,2.0,-12.93,10:30,15:00,1.0,09:45,15:00,1.0,,,
600619.SSE,海立股份,2024-09-20,二接三,二接三阴,阴,2024-09,2024,09:45,15:00,3.0,-5.44,09:45,15:00,0.0,09:45,15:00,0.0,,,
600619.SSE,海立股份,2024-09-23,三接四,三接四阴,阴,2024-09,2024,14:45,15:00,1.0,-2.41,09:45,15:00,0.0,09:45,15:00,0.0,09:45,15:00,3.0
600619.SSE,海立股份,2024-10-10,二接三,二接三阳,阳,2024-10,2024,10:45,14:00,2.0,-17.53,09:45,15:00,2.0,10:15,15:00,2.0,,,
600619.SSE,海立股份,2024-11-06,二接三,二接三阴,阴,2024-11,2024,09:45,15:00,1.0,-2.47,09:45,15:00,0.0,09:45,15:00,0.0,,,
600619.SSE,海立股份,2024-11-07,三接四,三接四阴,阴,2024-11,2024,11:30,15:00,5.0,-3.96,09:45,15:00,0.0,09:45,15:00,0.0,09:45,15:00,1.0
600619.SSE,海立股份,2025-08-13,二接三,二接三阴,阴,2025-08,2025,14:00,15:00,1.0,-0.44,15:00,15:00,1.0,10:00,15:00,3.0,,,
600620.SSE,天宸股份,2025-07-18,二接三,二接三阴,阴,2025-07,2025,14:00,15:00,1.0,-5.56,10:30,15:00,1.0,09:45,15:00,1.0,,,
600622.SSE,光大嘉宝,2024-09-30,二接三,二接三阳,阳,2024-09,2024,09:45,15:00,9.0,-10.11,14:00,15:00,1.0,09:45,15:00,4.0,,,
600622.SSE,光大嘉宝,2024-10-08,三接四,三接四阳,阳,2024-10,2024,09:45,10:15,3.0,-7.82,14:00,15:00,1.0,09:45,15:00,4.0,09:45,15:00,9.0
600622.SSE,光大嘉宝,2024-10-16,三接四,三接四阴,阴,2024-10,2024,09:45,15:00,1.0,-8.19,10:00,15:00,9.0,09:45,15:00,0.0,09:45,15:00,0.0
600622.SSE,光大嘉宝,2024-11-04,二接三,二接三阴,阴,2024-11,2024,09:45,09:45,1.0,-18.17,10:30,15:00,6.0,11:00,15:00,0.0,,,
600628.SSE,新世界,2024-11-27,二接三,二接三阴,阴,2024-11,2024,10:30,15:00,6.0,-11.98,11:30,15:00,3.0,11:30,15:00,1.0,,,
600628.SSE,新世界,2024-11-28,三接四,三接四阴,阴,2024-11,2024,09:45,15:00,1.0,-5.29,11:30,15:00,3.0,11:30,15:00,1.0,10:30,15:00,6.0
600629.SSE,华建集团,2024-11-07,三接四,三接四阴,阴,2024-11,2024,09:45,15:00,6.0,-9.05,09:45,15:00,1.0,09:45,15:00,0.0,09:45,15:00,0.0
600629.SSE,华建集团,2025-09-15,二接三,二接三阳,阳,2025-09,2025,09:45,15:00,2.0,-8.38,09:45,15:00,2.0,09:45,15:00,1.0,,,
600629.SSE,华建集团,2025-09-16,三接四,三接四阳,阳,2025-09,2025,09:45,15:00,4.0,-6.93,09:45,15:00,2.0,09:45,15:00,1.0,09:45,15:00,2.0
600629.SSE,华建集团,2025-09-29,二接三,二接三阳,阳,2025-09,2025,09:45,15:00,1.0,-7.98,11:30,15:00,1.0,09:45,15:00,1.0,,,
600629.SSE,华建集团,2025-09-30,三接四,三接四阳,阳,2025-09,2025,09:45,15:00,3.0,-4.46,11:30,15:00,1.0,09:45,15:00,1.0,09:45,15:00,1.0
600635.SSE,大众公用,2024-10-30,三接四,三接四阳,阳,2024-10,2024,11:00,15:00,4.0,-2.37,09:45,15:00,0.0,09:45,15:00,0.0,09:45,15:00,0.0
600635.SSE,大众公用,2025-09-24,二接三,二接三阳,阳,2025-09,2025,09:45,10:30,3.0,-8.25,09:45,15:00,3.0,09:45,15:00,0.0,,,
600637.SSE,东方明珠,2026-01-09,二接三,二接三阳,阳,2026-01,2026,09:45,15:00,1.0,-2.4,09:45,15:00,2.0,09:45,15:00,1.0,,,
600637.SSE,东方明珠,2026-01-12,三接四,三接四阳,阳,2026-01,2026,09:45,15:00,1.0,-1.02,09:45,15:00,2.0,09:45,15:00,1.0,09:45,15:00,1.0
600641.SSE,先导基电,2026-07-02,二接三,二接三阴,阴,2026-07,2026,09:45,15:00,1.0,-6.76,13:30,15:00,2.0,10:15,15:00,7.0,,,
600643.SSE,爱建集团,2024-09-26,二接三,二接三阴,阴,2024-09,2024,09:45,15:00,2.0,-6.81,11:30,15:00,1.0,09:45,15:00,0.0,,,
600643.SSE,爱建集团,2024-09-27,三接四,三接四阴,阴,2024-09,2024,10:00,10:00,1.0,-7.2,11:30,15:00,1.0,09:45,15:00,0.0,09:45,15:00,2.0
600643.SSE,爱建集团,2025-06-27,二接三,二接三阳,阳,2025-06,2025,09:45,15:00,1.0,-3.18,09:45,15:00,1.0,09:45,15:00,0.0,,,
600644.SSE,乐山电力,2025-04-17,三接四,三接四阴,阴,2025-04,2025,13:30,15:00,3.0,-1.95,09:45,15:00,2.0,09:45,15:00,1.0,09:45,15:00,0.0
600644.SSE,乐山电力,2025-05-22,二接三,二接三阳,阳,2025-05,2025,13:45,13:45,1.0,-6.23,10:15,15:00,3.0,09:45,15:00,7.0,,,
600649.SSE,城投控股,2024-09-30,二接三,二接三阳,阳,2024-09,2024,09:45,15:00,11.0,-8.1,13:15,15:00,4.0,09:45,15:00,4.0,,,
600649.SSE,城投控股,2024-10-08,三接四,三接四阳,阳,2024-10,2024,09:45,09:45,1.0,-9.76,13:15,15:00,4.0,09:45,15:00,4.0,09:45,15:00,11.0
600650.SSE,锦江在线,2024-10-09,二接三,二接三阳,阳,2024-10,2024,13:45,15:00,3.0,-3.18,13:15,15:00,4.0,09:45,15:00,4.0,,,
600650.SSE,锦江在线,2024-11-21,二接三,二接三阴,阴,2024-11,2024,09:45,15:00,4.0,-7.67,09:45,15:00,1.0,09:45,15:00,1.0,,,
600650.SSE,锦江在线,2024-11-22,三接四,三接四阴,阴,2024-11,2024,10:30,15:00,8.0,-8.26,09:45,15:00,1.0,09:45,15:00,1.0,09:45,15:00,4.0
600653.SSE,申华控股,2024-10-29,三接四,三接四阴,阴,2024-10,2024,09:45,15:00,2.0,-4.39,11:30,15:00,1.0,09:45,15:00,0.0,09:45,15:00,0.0
600654.SSE,中安科,2024-11-12,三接四,三接四阳,阳,2024-11,2024,09:45,11:00,1.0,-14.39,09:45,15:00,1.0,09:45,15:00,0.0,09:45,15:00,0.0
600654.SSE,中安科,2024-11-15,二接三,二接三阴,阴,2024-11,2024,13:45,15:00,1.0,-4.46,09:45,15:00,1.0,09:45,15:00,1.0,,,
600654.SSE,中安科,2024-11-18,三接四,三接四阴,阴,2024-11,2024,09:45,15:00,1.0,-3.28,09:45,15:00,1.0,09:45,15:00,1.0,13:45,15:00,1.0
600654.SSE,中安科,2026-04-08,二接三,二接三阴,阴,2026-04,2026,09:45,15:00,1.0,-11.36,11:15,15:00,1.0,09:45,15:00,2.0,,,
600654.SSE,中安科,2026-04-09,三接四,三接四阴,阴,2026-04,2026,09:45,13:15,1.0,-8.26,11:15,15:00,1.0,09:45,15:00,2.0,09:45,15:00,1.0
600657.SSE,信达地产,2024-09-30,二接三,二接三阳,阳,2024-09,2024,09:45,15:00,7.0,-9.19,13:30,15:00,4.0,11:30,15:00,1.0,,,
600657.SSE,信达地产,2024-10-08,三接四,三接四阳,阳,2024-10,2024,09:45,09:45,1.0,-14.91,13:30,15:00,4.0,11:30,15:00,1.0,09:45,15:00,7.0
600657.SSE,信达地产,2024-10-16,二接三,二接三阳,阳,2024-10,2024,10:00,15:00,3.0,-2.78,09:45,15:00,0.0,09:45,15:00,7.0,,,
600657.SSE,信达地产,2026-09-04,二接三,二接三阳,阳,2026-09,2026,09:45,14:30,3.0,-14.05,11:00,15:00,2.0,10:30,15:00,1.0,,,
600658.SSE,电子城,2024-09-19,二接三,二接三阳,阳,2024-09,2024,09:45,15:00,1.0,-12.06,09:45,15:00,0.0,14:00,15:00,1.0,,,
600658.SSE,电子城,2024-09-20,三接四,三接四阳,阳,2024-09,2024,09:45,15:00,4.0,-11.19,09:45,15:00,0.0,14:00,15:00,1.0,09:45,15:00,1.0
600658.SSE,电子城,2024-10-28,二接三,二接三阳,阳,2024-10,2024,14:15,15:00,2.0,-1.91,11:00,15:00,3.0,09:45,15:00,3.0,,,
600658.SSE,电子城,2025-08-14,二接三,二接三阴,阴,2025-08,2025,09:45,15:00,5.0,-9.22,09:45,15:00,4.0,09:45,15:00,1.0,,,
600662.SSE,外服控股,2026-01-15,二接三,二接三阳,阳,2026-01,2026,09:45,15:00,3.0,-5.52,10:15,15:00,1.0,09:45,15:00,1.0,,,
600664.SSE,哈药股份,2026-04-16,二接三,二接三阴,阴,2026-04,2026,09:45,09:45,1.0,-9.84,14:45,15:00,1.0,10:00,15:00,2.0,,,
600664.SSE,哈药股份,2026-07-14,二接三,二接三阳,阳,2026-07,2026,09:45,15:00,3.0,-10.78,09:45,15:00,1.0,09:45,15:00,1.0,,,
600664.SSE,哈药股份,2026-07-15,三接四,三接四阳,阳,2026-07,2026,09:45,15:00,1.0,-3.79,09:45,15:00,1.0,09:45,15:00,1.0,09:45,15:00,3.0
600664.SSE,哈药股份,2026-08-11,二接三,二接三阴,阴,2026-08,2026,10:00,15:00,8.0,-2.18,09:45,15:00,1.0,09:45,15:00,1.0,,,
600666.SSE,奥瑞德,2024-10-09,二接三,二接三阳,阳,2024-10,2024,10:15,10:15,1.0,-6.73,13:15,15:00,7.0,09:45,15:00,3.0,,,
600666.SSE,奥瑞德,2024-11-11,二接三,二接三阴,阴,2024-11,2024,09:45,13:15,2.0,-8.74,13:15,15:00,2.0,09:45,15:00,5.0,,,
600666.SSE,奥瑞德,2025-02-11,二接三,二接三阳,阳,2025-02,2025,09:45,15:00,5.0,-7.89,10:00,15:00,1.0,09:45,15:00,0.0,,,
600666.SSE,奥瑞德,2026-03-26,二接三,二接三阳,阳,2026-03,2026,09:45,10:15,2.0,-7.57,10:30,15:00,1.0,09:45,15:00,0.0,,,
600667.SSE,太极实业,2026-06-26,二接三,二接三阴,阴,2026-06,2026,09:45,14:00,6.0,-5.89,09:45,15:00,2.0,09:45,15:00,0.0,,,
600676.SSE,久事动娱,2024-11-19,二接三,二接三阴,阴,2024-11,2024,09:45,15:00,6.0,-14.19,10:45,15:00,1.0,09:45,15:00,0.0,,,
600676.SSE,久事动娱,2025-06-03,二接三,二接三阴,阴,2025-06,2025,10:00,15:00,4.0,-9.26,11:30,15:00,1.0,09:45,15:00,4.0,,,
600676.SSE,久事动娱,2026-01-14,三接四,三接四阳,阳,2026-01,2026,09:45,15:00,7.0,-13.72,09:45,15:00,4.0,09:45,15:00,0.0,09:45,15:00,0.0
600679.SSE,上海凤凰,2024-12-16,二接三,二接三阳,阳,2024-12,2024,10:15,15:00,3.0,-5.23,10:15,15:00,3.0,14:00,15:00,2.0,,,
600679.SSE,上海凤凰,2024-12-17,三接四,三接四阳,阳,2024-12,2024,11:00,15:00,2.0,-5.79,10:15,15:00,3.0,14:00,15:00,2.0,10:15,15:00,3.0
600683.SSE,京投发展,2025-10-31,二接三,二接三阳,阳,2025-10,2025,09:45,09:45,1.0,-14.4,15:00,15:00,1.0,09:45,15:00,1.0,,,
600683.SSE,京投发展,2026-02-05,二接三,二接三阳,阳,2026-02,2026,09:45,15:00,2.0,-9.09,09:45,15:00,0.0,09:45,15:00,3.0,,,
600683.SSE,京投发展,2026-03-17,二接三,二接三阳,阳,2026-03,2026,09:45,15:00,1.0,-3.02,10:00,15:00,2.0,09:45,15:00,1.0,,,
600683.SSE,京投发展,2026-04-17,二接三,二接三阴,阴,2026-04,2026,09:45,15:00,1.0,-2.59,13:15,15:00,1.0,09:45,15:00,1.0,,,
600683.SSE,京投发展,2026-05-12,二接三,二接三阳,阳,2026-05,2026,13:45,15:00,2.0,-4.32,09:45,15:00,1.0,09:45,15:00,3.0,,,
600686.SSE,金龙汽车,2024-08-15,二接三,二接三阴,阴,2024-08,2024,,,,,,,,,,,,,
600688.SSE,上海石化,2026-06-05,二接三,二接三阳,阳,2026-06,2026,09:45,13:45,6.0,-8.33,09:45,15:00,0.0,09:45,15:00,1.0,,,
600691.SSE,潞化科技,2026-03-16,二接三,二接三阳,阳,2026-03,2026,09:45,09:45,1.0,-15.81,09:45,15:00,1.0,09:45,15:00,1.0,,,
600691.SSE,潞化科技,2026-09-01,二接三,二接三阳,阳,2026-09,2026,14:45,14:45,1.0,-12.11,11:15,15:00,1.0,09:45,15:00,2.0,,,
600692.SSE,亚通股份,2024-11-08,二接三,二接三阳,阳,2024-11,2024,09:45,15:00,3.0,-10.92,13:15,15:00,4.0,09:45,15:00,1.0,,,
600693.SSE,东百集团,2024-12-12,二接三,二接三阴,阴,2024-12,2024,09:45,15:00,2.0,-8.3,10:00,15:00,5.0,10:45,15:00,5.0,,,
600693.SSE,东百集团,2024-12-27,二接三,二接三阴,阴,2024-12,2024,11:00,15:00,3.0,-5.19,13:15,15:00,1.0,14:45,15:00,1.0,,,
600693.SSE,东百集团,2024-12-30,三接四,三接四阴,阴,2024-12,2024,14:45,15:00,1.0,-2.67,13:15,15:00,1.0,14:45,15:00,1.0,11:00,15:00,3.0
600693.SSE,东百集团,2025-03-03,二接三,二接三阳,阳,2025-03,2025,14:15,14:15,1.0,-7.91,13:15,15:00,1.0,14:00,15:00,1.0,,,
600693.SSE,东百集团,2025-11-12,二接三,二接三阳,阳,2025-11,2025,09:45,15:00,1.0,-1.87,10:00,15:00,1.0,09:45,15:00,0.0,,,
600693.SSE,东百集团,2025-11-13,三接四,三接四阳,阳,2025-11,2025,09:45,15:00,7.0,-8.9,10:00,15:00,1.0,09:45,15:00,0.0,09:45,15:00,1.0
600694.SSE,大商股份,2024-12-13,二接三,二接三阳,阳,2024-12,2024,10:30,14:30,5.0,-6.48,09:45,15:00,2.0,09:45,15:00,2.0,,,
600697.SSE,欧亚集团,2025-04-11,二接三,二接三阳,阳,2025-04,2025,09:45,15:00,1.0,-2.34,11:00,15:00,1.0,09:45,15:00,0.0,,,
600697.SSE,欧亚集团,2025-09-05,二接三,二接三阴,阴,2025-09,2025,09:45,09:45,1.0,-8.67,10:00,15:00,1.0,10:00,15:00,3.0,,,
600698.SSE,湖南天雁,2025-05-21,二接三,二接三阳,阳,2025-05,2025,09:45,15:00,1.0,-4.42,09:45,15:00,1.0,09:45,15:00,0.0,,,
600698.SSE,湖南天雁,2025-08-07,二接三,二接三阳,阳,2025-08,2025,09:45,09:45,1.0,-7.57,13:15,15:00,1.0,09:45,15:00,1.0,,,
600698.SSE,湖南天雁,2026-03-26,二接三,二接三阴,阴,2026-03,2026,09:45,09:45,1.0,-7.67,10:15,15:00,1.0,14:00,15:00,1.0,,,
600706.SSE,曲江文旅,2024-12-16,二接三,二接三阳,阳,2024-12,2024,09:45,14:30,3.0,-8.2,10:00,15:00,2.0,14:15,15:00,1.0,,,
600714.SSE,金瑞矿业,2025-01-17,二接三,二接三阳,阳,2025-01,2025,09:45,15:00,2.0,-6.4,09:45,15:00,2.0,09:45,15:00,0.0,,,
600719.SSE,大连热电,2024-09-19,二接三,二接三阳,阳,2024-09,2024,09:45,15:00,2.0,-11.01,10:15,15:00,1.0,10:00,15:00,5.0,,,
600721.SSE,百花医药,2026-08-06,二接三,二接三阳,阳,2026-08,2026,09:45,15:00,4.0,-6.58,09:45,15:00,0.0,09:45,15:00,1.0,,,
600721.SSE,百花医药,2026-08-07,三接四,三接四阳,阳,2026-08,2026,09:45,15:00,1.0,-4.17,09:45,15:00,0.0,09:45,15:00,1.0,09:45,15:00,4.0
600722.SSE,金牛化工,2024-12-04,二接三,二接三阳,阳,2024-12,2024,09:45,10:15,3.0,-14.33,14:15,15:00,1.0,11:00,15:00,2.0,,,
600722.SSE,金牛化工,2025-06-17,二接三,二接三阳,阳,2025-06,2025,09:45,15:00,1.0,-4.59,09:45,15:00,1.0,09:45,15:00,0.0,,,
600722.SSE,金牛化工,2026-03-04,二接三,二接三阴,阴,2026-03,2026,09:45,09:45,1.0,-8.25,09:45,15:00,0.0,09:45,15:00,0.0,,,
600722.SSE,金牛化工,2026-03-13,二接三,二接三阳,阳,2026-03,2026,09:45,15:00,10.0,-6.2,13:30,15:00,1.0,10:30,15:00,2.0,,,
600722.SSE,金牛化工,2026-03-16,三接四,三接四阳,阳,2026-03,2026,09:45,15:00,7.0,-9.07,13:30,15:00,1.0,10:30,15:00,2.0,09:45,15:00,10.0
600724.SSE,宁波富达,2024-10-29,二接三,二接三阴,阴,2024-10,2024,09:45,09:45,1.0,-16.03,11:00,15:00,2.0,09:45,15:00,1.0,,,
600725.SSE,云维股份,2024-12-26,三接四,三接四阴,阴,2024-12,2024,09:45,09:45,1.0,-18.28,09:45,15:00,0.0,09:45,15:00,0.0,09:45,15:00,0.0
600726.SSE,华电能源,2026-03-12,二接三,二接三阳,阳,2026-03,2026,09:45,15:00,1.0,-6.44,10:00,15:00,1.0,11:00,15:00,3.0,,,
600726.SSE,华电能源,2026-03-13,三接四,三接四阳,阳,2026-03,2026,10:15,15:00,1.0,-10.3,10:00,15:00,1.0,11:00,15:00,3.0,09:45,15:00,1.0
600726.SSE,华电能源,2026-04-27,二接三,二接三阳,阳,2026-04,2026,11:00,15:00,4.0,-0.78,09:45,15:00,2.0,09:45,15:00,5.0,,,
600726.SSE,华电能源,2026-04-28,三接四,三接四阳,阳,2026-04,2026,14:15,15:00,1.0,-7.12,09:45,15:00,2.0,09:45,15:00,5.0,11:00,15:00,4.0
600726.SSE,华电能源,2026-05-27,二接三,二接三阳,阳,2026-05,2026,09:45,15:00,1.0,-7.89,10:00,15:00,1.0,09:45,15:00,1.0,,,
600726.SSE,华电能源,2026-05-28,三接四,三接四阳,阳,2026-05,2026,09:45,15:00,2.0,-2.61,10:00,15:00,1.0,09:45,15:00,1.0,09:45,15:00,1.0
600732.SSE,爱旭股份,2024-11-12,二接三,二接三阳,阳,2024-11,2024,09:45,10:15,3.0,-5.33,09:45,15:00,4.0,09:45,15:00,2.0,,,
600736.SSE,苏州高新,2026-04-24,三接四,三接四阳,阳,2026-04,2026,09:45,13:45,4.0,-7.71,10:00,15:00,1.0,09:45,15:00,1.0,09:45,15:00,0.0
600737.SSE,中粮糖业,2025-08-18,二接三,二接三阳,阳,2025-08,2025,09:45,15:00,1.0,-4.52,10:00,15:00,1.0,10:30,15:00,6.0,,,
600743.SSE,华远控股,2024-12-12,二接三,二接三阴,阴,2024-12,2024,13:45,15:00,1.0,-2.79,09:45,15:00,7.0,14:45,15:00,1.0,,,
600743.SSE,华远控股,2026-04-09,二接三,二接三阴,阴,2026-04,2026,13:15,15:00,1.0,-9.54,13:45,15:00,2.0,09:45,15:00,2.0,,,
600743.SSE,华远控股,2026-04-10,三接四,三接四阴,阴,2026-04,2026,09:45,15:00,1.0,-4.91,13:45,15:00,2.0,09:45,15:00,2.0,13:15,15:00,1.0
600744.SSE,华银电力,2025-07-07,二接三,二接三阳,阳,2025-07,2025,09:45,15:00,1.0,-2.24,11:30,15:00,3.0,09:45,15:00,1.0,,,
600744.SSE,华银电力,2025-07-08,三接四,三接四阳,阳,2025-07,2025,09:45,15:00,3.0,-4.34,11:30,15:00,3.0,09:45,15:00,1.0,09:45,15:00,1.0
600744.SSE,华银电力,2026-07-21,二接三,二接三阴,阴,2026-07,2026,13:30,15:00,2.0,-2.91,09:45,15:00,1.0,09:45,15:00,2.0,,,
600744.SSE,华银电力,2026-07-22,三接四,三接四阴,阴,2026-07,2026,14:15,15:00,2.0,-3.4,09:45,15:00,1.0,09:45,15:00,2.0,13:30,15:00,2.0
600748.SSE,上实发展,2025-10-17,二接三,二接三阴,阴,2025-10,2025,09:45,15:00,7.0,-4.09,09:45,15:00,1.0,09:45,15:00,1.0,,,
600749.SSE,西藏旅游,2025-07-23,二接三,二接三阳,阳,2025-07,2025,09:45,15:00,3.0,-3.27,09:45,15:00,0.0,09:45,15:00,1.0,,,
600749.SSE,西藏旅游,2025-07-24,三接四,三接四阳,阳,2025-07,2025,09:45,15:00,1.0,-3.71,09:45,15:00,0.0,09:45,15:00,1.0,09:45,15:00,3.0
600751.SSE,海航科技,2025-07-21,二接三,二接三阳,阳,2025-07,2025,13:15,13:30,2.0,-7.1,10:30,15:00,1.0,09:45,15:00,5.0,,,
600755.SSE,厦门国贸,2025-12-26,二接三,二接三阳,阳,2025-12,2025,14:30,15:00,1.0,-1.38,10:15,15:00,3.0,09:45,15:00,2.0,,,
600756.SSE,浪潮软件,2025-11-20,三接四,三接四阴,阴,2025-11,2025,09:45,09:45,1.0,-16.06,09:45,15:00,1.0,09:45,15:00,0.0,09:45,15:00,0.0
600758.SSE,辽宁能源,2026-03-25,二接三,二接三阳,阳,2026-03,2026,09:45,15:00,1.0,-3.85,09:45,15:00,1.0,09:45,15:00,1.0,,,
600758.SSE,辽宁能源,2026-03-26,三接四,三接四阳,阳,2026-03,2026,13:15,13:45,3.0,-10.65,09:45,15:00,1.0,09:45,15:00,1.0,09:45,15:00,1.0
600770.SSE,综艺股份,2024-10-21,二接三,二接三阳,阳,2024-10,2024,09:45,15:00,1.0,-2.4,10:00,15:00,1.0,10:00,15:00,1.0,,,
600770.SSE,综艺股份,2024-10-29,二接三,二接三阳,阳,2024-10,2024,09:45,15:00,5.0,-7.36,09:45,15:00,1.0,09:45,15:00,2.0,,,
600770.SSE,综艺股份,2025-05-16,二接三,二接三阴,阴,2025-05,2025,09:45,09:45,1.0,-6.78,09:45,15:00,0.0,09:45,15:00,0.0,,,
600770.SSE,综艺股份,2025-05-22,三接四,三接四阴,阴,2025-05,2025,09:45,15:00,2.0,-1.59,09:45,15:00,0.0,09:45,15:00,0.0,09:45,15:00,0.0
600770.SSE,综艺股份,2026-04-27,二接三,二接三阳,阳,2026-04,2026,09:45,09:45,1.0,-9.78,10:00,15:00,1.0,09:45,15:00,1.0,,,
600773.SSE,西藏城投,2025-07-23,二接三,二接三阳,阳,2025-07,2025,09:45,09:45,1.0,-10.81,09:45,15:00,1.0,09:45,15:00,1.0,,,
600774.SSE,汉商集团,2025-05-06,二接三,二接三阴,阴,2025-05,2025,11:30,15:00,1.0,-4.45,11:30,15:00,1.0,09:45,15:00,0.0,,,
600774.SSE,汉商集团,2025-05-07,三接四,三接四阴,阴,2025-05,2025,10:45,10:45,1.0,-8.56,11:30,15:00,1.0,09:45,15:00,0.0,11:30,15:00,1.0
600775.SSE,南京熊猫,2024-11-26,二接三,二接三阴,阴,2024-11,2024,09:45,09:45,1.0,-14.12,13:15,15:00,1.0,09:45,15:00,0.0,,,
600775.SSE,南京熊猫,2026-01-08,三接四,三接四阳,阳,2026-01,2026,10:15,15:00,1.0,-5.09,09:45,15:00,0.0,09:45,15:00,0.0,09:45,15:00,0.0
600776.SSE,东方通信,2026-01-13,二接三,二接三阳,阳,2026-01,2026,09:45,15:00,2.0,-6.82,14:30,15:00,3.0,09:45,15:00,0.0,,,
600776.SSE,东方通信,2026-01-14,三接四,三接四阳,阳,2026-01,2026,11:30,15:00,4.0,-8.67,14:30,15:00,3.0,09:45,15:00,0.0,09:45,15:00,2.0
600778.SSE,友好集团,2024-12-12,二接三,二接三阴,阴,2024-12,2024,09:45,15:00,2.0,-7.26,09:45,15:00,0.0,09:45,15:00,1.0,,,
600778.SSE,友好集团,2024-12-13,三接四,三接四阴,阴,2024-12,2024,09:45,15:00,1.0,-9.06,09:45,15:00,0.0,09:45,15:00,1.0,09:45,15:00,2.0
600778.SSE,友好集团,2025-01-02,二接三,二接三阴,阴,2025-01,2025,09:45,15:00,1.0,-3.7,15:00,15:00,1.0,09:45,15:00,1.0,,,
600779.SSE,水井坊,2024-09-30,二接三,二接三阴,阴,2024-09,2024,09:45,15:00,2.0,-3.79,14:45,15:00,1.0,13:15,15:00,1.0,,,
600779.SSE,水井坊,2024-10-08,三接四,三接四阴,阴,2024-10,2024,09:45,10:30,1.0,-9.3,14:45,15:00,1.0,13:15,15:00,1.0,09:45,15:00,2.0
600783.SSE,鲁信创投,2025-12-26,二接三,二接三阳,阳,2025-12,2025,09:45,15:00,2.0,-2.46,09:45,15:00,1.0,09:45,15:00,1.0,,,
600785.SSE,新华百货,2026-01-16,二接三,二接三阴,阴,2026-01,2026,09:45,15:00,4.0,-6.06,09:45,15:00,1.0,09:45,15:00,1.0,,,
600785.SSE,新华百货,2026-01-19,三接四,三接四阴,阴,2026-01,2026,09:45,15:00,2.0,-9.71,09:45,15:00,1.0,09:45,15:00,1.0,09:45,15:00,4.0
600785.SSE,新华百货,2026-08-25,二接三,二接三阳,阳,2026-08,2026,10:00,15:00,2.0,-13.33,09:45,15:00,0.0,09:45,15:00,1.0,,,
600787.SSE,中储股份,2024-11-19,二接三,二接三阴,阴,2024-11,2024,09:45,10:00,2.0,-8.85,13:45,15:00,5.0,09:45,15:00,0.0,,,
600792.SSE,云煤能源,2025-06-17,二接三,二接三阴,阴,2025-06,2025,09:45,09:45,1.0,-14.99,10:30,15:00,1.0,09:45,15:00,0.0,,,
600793.SSE,宜宾纸业,2025-05-21,二接三,二接三阳,阳,2025-05,2025,09:45,15:00,6.0,-7.84,10:15,15:00,1.0,09:45,15:00,2.0,,,
600793.SSE,宜宾纸业,2025-05-22,三接四,三接四阳,阳,2025-05,2025,13:45,15:00,1.0,-4.41,10:15,15:00,1.0,09:45,15:00,2.0,09:45,15:00,6.0
600793.SSE,宜宾纸业,2026-07-03,二接三,二接三阳,阳,2026-07,2026,09:45,15:00,0.0,-0.06,10:30,15:00,1.0,09:45,15:00,1.0,,,
600793.SSE,宜宾纸业,2026-07-06,三接四,三接四阳,阳,2026-07,2026,09:45,15:00,3.0,-11.98,10:30,15:00,1.0,09:45,15:00,1.0,09:45,15:00,0.0
600794.SSE,保税科技,2025-04-21,二接三,二接三阳,阳,2025-04,2025,09:45,15:00,1.0,-6.15,14:00,15:00,1.0,09:45,15:00,1.0,,,
600796.SSE,钱江生化,2024-12-05,二接三,二接三阳,阳,2024-12,2024,10:15,15:00,2.0,-6.52,10:45,15:00,1.0,09:45,15:00,5.0,,,
600796.SSE,钱江生化,2024-12-06,三接四,三接四阳,阳,2024-12,2024,09:45,15:00,1.0,-11.84,10:45,15:00,1.0,09:45,15:00,5.0,10:15,15:00,2.0
600798.SSE,宁波海运,2025-04-11,二接三,二接三阴,阴,2025-04,2025,09:45,14:45,2.0,-11.54,14:30,15:00,2.0,09:45,15:00,1.0,,,
600800.SSE,渤海化学,2024-11-19,二接三,二接三阴,阴,2024-11,2024,09:45,15:00,1.0,-9.09,10:15,15:00,4.0,09:45,15:00,3.0,,,
600800.SSE,渤海化学,2025-04-18,二接三,二接三阴,阴,2025-04,2025,11:15,11:15,1.0,-12.15,13:30,15:00,5.0,09:45,15:00,3.0,,,
600801.SSE,华新建材,2024-10-08,二接三,二接三阳,阳,2024-10,2024,09:45,09:45,1.0,-12.27,10:00,15:00,4.0,14:00,15:00,2.0,,,
600801.SSE,华新建材,2025-07-23,二接三,二接三阴,阴,2025-07,2025,09:45,15:00,3.0,-0.75,09:45,15:00,0.0,09:45,15:00,0.0,,,
600802.SSE,福建水泥,2025-10-29,二接三,二接三阴,阴,2025-10,2025,09:45,09:45,1.0,-9.22,11:15,15:00,1.0,09:45,15:00,1.0,,,
600807.SSE,济高发展,2024-10-29,二接三,二接三阳,阳,2024-10,2024,13:15,15:00,4.0,-7.86,09:45,15:00,3.0,10:00,15:00,6.0,,,
600809.SSE,山西汾酒,2024-09-30,二接三,二接三阴,阴,2024-09,2024,09:45,15:00,5.0,-4.97,13:30,15:00,1.0,13:45,15:00,1.0,,,
600809.SSE,山西汾酒,2024-10-08,三接四,三接四阴,阴,2024-10,2024,09:45,10:15,2.0,-8.88,13:30,15:00,1.0,13:45,15:00,1.0,09:45,15:00,5.0
600814.SSE,杭州解百,2024-12-13,二接三,二接三阴,阴,2024-12,2024,09:45,09:45,1.0,-12.11,14:30,15:00,1.0,10:00,15:00,1.0,,,
600814.SSE,杭州解百,2026-02-06,二接三,二接三阳,阳,2026-02,2026,09:45,15:00,1.0,-1.76,10:15,15:00,1.0,10:00,15:00,1.0,,,
600815.SSE,厦工股份,2025-11-06,二接三,二接三阳,阳,2025-11,2025,09:45,09:45,1.0,-8.09,09:45,15:00,1.0,09:45,15:00,1.0,,,
600816.SSE,建元信托,2025-09-18,二接三,二接三阳,阳,2025-09,2025,09:45,09:45,1.0,-9.72,09:45,15:00,1.0,09:45,15:00,1.0,,,
600819.SSE,耀皮玻璃,2025-07-04,二接三,二接三阳,阳,2025-07,2025,09:45,09:45,1.0,-16.99,09:45,15:00,1.0,09:45,15:00,2.0,,,
600821.SSE,金开新能,2026-03-10,二接三,二接三阴,阴,2026-03,2026,09:45,09:45,1.0,-9.8,09:45,15:00,1.0,09:45,15:00,0.0,,,
600822.SSE,上海物贸,2025-07-15,二接三,二接三阳,阳,2025-07,2025,11:15,15:00,1.0,-5.64,13:15,15:00,1.0,09:45,15:00,1.0,,,
600822.SSE,上海物贸,2025-07-16,三接四,三接四阳,阳,2025-07,2025,11:30,15:00,1.0,-4.51,13:15,15:00,1.0,09:45,15:00,1.0,11:15,15:00,1.0
600824.SSE,益民集团,2024-12-13,二接三,二接三阴,阴,2024-12,2024,09:45,15:00,1.0,-3.77,09:45,15:00,2.0,10:00,15:00,1.0,,,
600824.SSE,益民集团,2025-01-06,二接三,二接三阴,阴,2025-01,2025,10:00,10:15,2.0,-9.08,10:00,15:00,9.0,13:45,15:00,1.0,,,
600825.SSE,新华传媒,2024-10-22,二接三,二接三阴,阴,2024-10,2024,10:00,15:00,7.0,-7.88,10:30,15:00,1.0,11:15,15:00,4.0,,,
600825.SSE,新华传媒,2024-10-29,二接三,二接三阳,阳,2024-10,2024,09:45,15:00,1.0,-10.82,10:00,15:00,3.0,10:45,15:00,1.0,,,
600826.SSE,兰生股份,2024-10-09,二接三,二接三阳,阳,2024-10,2024,09:45,15:00,3.0,-5.28,09:45,15:00,1.0,09:45,15:00,0.0,,,
600826.SSE,兰生股份,2024-11-15,二接三,二接三阴,阴,2024-11,2024,09:45,15:00,1.0,-11.35,09:45,15:00,0.0,09:45,15:00,2.0,,,
600826.SSE,兰生股份,2024-11-18,三接四,三接四阴,阴,2024-11,2024,09:45,15:00,4.0,-10.41,09:45,15:00,0.0,09:45,15:00,2.0,09:45,15:00,1.0
600826.SSE,兰生股份,2025-07-15,二接三,二接三阳,阳,2025-07,2025,09:45,15:00,4.0,-2.39,09:45,15:00,2.0,09:45,15:00,0.0,,,
600828.SSE,茂业商业,2024-12-13,二接三,二接三阴,阴,2024-12,2024,09:45,10:15,2.0,-8.15,10:15,15:00,1.0,09:45,15:00,1.0,,,
600828.SSE,茂业商业,2025-04-28,二接三,二接三阴,阴,2025-04,2025,09:45,15:00,1.0,-4.59,09:45,15:00,1.0,09:45,15:00,0.0,,,
600828.SSE,茂业商业,2025-04-29,三接四,三接四阴,阴,2025-04,2025,14:15,15:00,1.0,-10.06,09:45,15:00,1.0,09:45,15:00,0.0,09:45,15:00,1.0
600828.SSE,茂业商业,2025-11-28,三接四,三接四阳,阳,2025-11,2025,09:45,15:00,1.0,-3.58,10:30,15:00,1.0,09:45,15:00,1.0,09:45,15:00,0.0
600828.SSE,茂业商业,2025-12-11,二接三,二接三阴,阴,2025-12,2025,14:30,14:30,1.0,-16.45,10:30,15:00,1.0,09:45,15:00,1.0,,,
600828.SSE,茂业商业,2026-01-13,二接三,二接三阳,阳,2026-01,2026,09:45,14:45,7.0,-8.98,10:15,15:00,1.0,09:45,15:00,1.0,,,
600828.SSE,茂业商业,2026-09-03,二接三,二接三阴,阴,2026-09,2026,13:15,13:15,1.0,-6.05,09:45,15:00,1.0,09:45,15:00,2.0,,,
600829.SSE,人民同泰,2024-09-06,二接三,二接三阳,阳,2024-09,2024,09:45,09:45,1.0,-9.26,09:45,15:00,1.0,09:45,15:00,2.0,,,
600829.SSE,人民同泰,2024-12-16,二接三,二接三阳,阳,2024-12,2024,09:45,15:00,1.0,-3.61,09:45,15:00,1.0,09:45,15:00,2.0,,,
600829.SSE,人民同泰,2024-12-17,三接四,三接四阳,阳,2024-12,2024,09:45,09:45,1.0,-18.17,09:45,15:00,1.0,09:45,15:00,2.0,09:45,15:00,1.0
600829.SSE,人民同泰,2025-07-21,二接三,二接三阳,阳,2025-07,2025,09:45,15:00,2.0,-15.45,10:30,15:00,1.0,09:45,15:00,0.0,,,
600830.SSE,香溢融通,2026-09-03,二接三,二接三阳,阳,2026-09,2026,10:00,10:30,3.0,-12.98,09:45,15:00,1.0,09:45,15:00,1.0,,,
600833.SSE,第一医药,2024-12-13,二接三,二接三阴,阴,2024-12,2024,10:00,10:00,1.0,-9.17,09:45,15:00,1.0,09:45,15:00,4.0,,,
600838.SSE,上海九百,2024-09-10,二接三,二接三阳,阳,2024-09,2024,09:45,15:00,1.0,-10.94,,,,,,,,,
600838.SSE,上海九百,2025-12-22,二接三,二接三阳,阳,2025-12,2025,09:45,15:00,3.0,-5.74,10:15,15:00,1.0,09:45,15:00,2.0,,,
600839.SSE,四川长虹,2024-10-18,二接三,二接三阴,阴,2024-10,2024,09:45,15:00,1.0,-7.52,13:15,15:00,2.0,10:00,15:00,6.0,,,
600839.SSE,四川长虹,2024-10-30,二接三,二接三阳,阳,2024-10,2024,09:45,15:00,2.0,-7.74,10:15,15:00,1.0,09:45,15:00,2.0,,,
600839.SSE,四川长虹,2024-10-31,三接四,三接四阳,阳,2024-10,2024,09:45,15:00,2.0,-9.1,10:15,15:00,1.0,09:45,15:00,2.0,09:45,15:00,2.0
600841.SSE,动力新科,2024-11-08,二接三,二接三阳,阳,2024-11,2024,09:45,15:00,1.0,-7.65,09:45,15:00,0.0,09:45,15:00,3.0,,,
600843.SSE,上工申贝,2024-10-25,二接三,二接三阴,阴,2024-10,2024,09:45,15:00,1.0,-4.38,11:15,15:00,1.0,09:45,15:00,1.0,,,
600844.SSE,金煤科技,2026-03-30,二接三,二接三阳,阳,2026-03,2026,09:45,10:45,3.0,-9.29,14:00,15:00,1.0,09:45,15:00,1.0,,,
600847.SSE,万里股份,2024-09-10,二接三,二接三阳,阳,2024-09,2024,09:45,09:45,1.0,-13.1,09:45,15:00,1.0,09:45,15:00,1.0,,,
600851.SSE,海欣股份,2024-12-16,二接三,二接三阳,阳,2024-12,2024,13:15,15:00,1.0,-3.16,13:15,15:00,1.0,14:15,15:00,2.0,,,
600851.SSE,海欣股份,2026-06-23,二接三,二接三阴,阴,2026-06,2026,09:45,15:00,1.0,-6.89,09:45,15:00,2.0,09:45,15:00,4.0,,,
600851.SSE,海欣股份,2026-06-24,三接四,三接四阴,阴,2026-06,2026,09:45,14:00,2.0,-7.67,09:45,15:00,2.0,09:45,15:00,4.0,09:45,15:00,1.0
600855.SSE,航天长峰,2025-05-09,二接三,二接三阳,阳,2025-05,2025,09:45,14:15,6.0,-4.93,09:45,15:00,1.0,09:45,15:00,0.0,,,
600858.SSE,银座股份,2025-01-09,二接三,二接三阴,阴,2025-01,2025,09:45,15:00,1.0,-2.34,11:00,15:00,3.0,09:45,15:00,1.0,,,
600861.SSE,北京人力,2024-09-30,二接三,二接三阴,阴,2024-09,2024,11:00,13:15,3.0,-3.3,10:45,15:00,1.0,09:45,15:00,2.0,,,
600865.SSE,百大集团,2024-10-30,二接三,二接三阳,阳,2024-10,2024,09:45,15:00,1.0,-1.62,09:45,15:00,1.0,09:45,15:00,2.0,,,
600865.SSE,百大集团,2024-10-31,三接四,三接四阳,阳,2024-10,2024,09:45,15:00,12.0,-9.11,09:45,15:00,1.0,09:45,15:00,2.0,09:45,15:00,1.0
600865.SSE,百大集团,2025-04-22,二接三,二接三阳,阳,2025-04,2025,09:45,15:00,1.0,-2.74,10:00,15:00,1.0,09:45,15:00,1.0,,,
600865.SSE,百大集团,2025-12-15,二接三,二接三阳,阳,2025-12,2025,09:45,15:00,3.0,-12.78,10:15,15:00,2.0,13:45,15:00,1.0,,,
600868.SSE,梅雁吉祥,2025-10-15,二接三,二接三阳,阳,2025-10,2025,09:45,09:45,1.0,-13.39,10:15,15:00,3.0,09:45,15:00,2.0,,,
600869.SSE,远东股份,2026-01-08,二接三,二接三阳,阳,2026-01,2026,09:45,15:00,1.0,-4.49,14:00,15:00,2.0,10:00,15:00,1.0,,,
600869.SSE,远东股份,2026-01-09,三接四,三接四阳,阳,2026-01,2026,09:45,09:45,1.0,-15.07,14:00,15:00,2.0,10:00,15:00,1.0,09:45,15:00,1.0
600871.SSE,石化油服,2026-01-30,二接三,二接三阴,阴,2026-01,2026,09:45,10:00,2.0,-6.48,10:15,15:00,1.0,09:45,15:00,2.0,,,
600871.SSE,石化油服,2026-03-04,二接三,二接三阳,阳,2026-03,2026,09:45,15:00,2.0,-16.16,09:45,15:00,1.0,09:45,15:00,0.0,,,
600875.SSE,东方电气,2025-07-23,二接三,二接三阳,阳,2025-07,2025,09:45,15:00,1.0,-2.74,09:45,15:00,0.0,09:45,15:00,0.0,,,
600879.SSE,航天电子,2026-01-12,二接三,二接三阳,阳,2026-01,2026,10:30,15:00,3.0,-2.09,10:30,15:00,2.0,10:00,15:00,3.0,,,
600880.SSE,博瑞传播,2024-12-17,二接三,二接三阳,阳,2024-12,2024,09:45,10:30,3.0,-13.32,14:15,15:00,4.0,09:45,15:00,1.0,,,
600880.SSE,博瑞传播,2026-01-13,二接三,二接三阳,阳,2026-01,2026,09:45,09:45,1.0,-10.86,09:45,15:00,2.0,09:45,15:00,0.0,,,
600881.SSE,亚泰集团,2024-09-26,三接四,三接四阳,阳,2024-09,2024,09:45,15:00,2.0,-8.97,13:15,15:00,2.0,09:45,15:00,1.0,09:45,15:00,0.0
600881.SSE,亚泰集团,2024-12-09,二接三,二接三阴,阴,2024-12,2024,09:45,09:45,1.0,-15.02,14:45,15:00,1.0,11:30,15:00,7.0,,,
600881.SSE,亚泰集团,2024-12-13,二接三,二接三阴,阴,2024-12,2024,09:45,09:45,1.0,-9.06,13:30,15:00,1.0,09:45,15:00,1.0,,,
600881.SSE,亚泰集团,2026-08-13,二接三,二接三阴,阴,2026-08,2026,09:45,15:00,1.0,-7.49,11:15,15:00,1.0,13:15,15:00,1.0,,,
600892.SSE,大晟文化,2026-08-06,二接三,二接三阳,阳,2026-08,2026,09:45,15:00,6.0,-8.08,10:15,15:00,2.0,09:45,15:00,1.0,,,
600892.SSE,大晟文化,2026-09-03,三接四,三接四阳,阳,2026-09,2026,09:45,13:30,5.0,-9.51,13:30,15:00,1.0,09:45,15:00,0.0,09:45,15:00,0.0
600903.SSE,贵州燃气,2026-05-20,二接三,二接三阳,阳,2026-05,2026,09:45,11:15,2.0,-8.07,10:00,15:00,3.0,09:45,15:00,2.0,,,
600906.SSE,财达证券,2024-10-08,二接三,二接三阳,阳,2024-10,2024,09:45,15:00,5.0,-7.13,10:00,15:00,3.0,09:45,15:00,3.0,,,
600916.SSE,中国黄金,2026-01-27,二接三,二接三阳,阳,2026-01,2026,09:45,15:00,4.0,-5.83,10:00,15:00,2.0,09:45,15:00,1.0,,,
600927.SSE,永安期货,2025-07-09,二接三,二接三阳,阳,2025-07,2025,11:30,14:15,2.0,-4.23,09:45,15:00,1.0,11:15,15:00,4.0,,,
600936.SSE,北投科技,2024-08-30,二接三,二接三阴,阴,2024-08,2024,,,,,,,,,,,,,
600936.SSE,北投科技,2025-01-22,二接三,二接三阳,阳,2025-01,2025,09:45,15:00,5.0,-7.51,09:45,15:00,0.0,09:45,15:00,0.0,,,
600936.SSE,北投科技,2025-12-15,二接三,二接三阴,阴,2025-12,2025,09:45,15:00,15.0,-7.52,09:45,15:00,1.0,10:00,15:00,4.0,,,
600936.SSE,北投科技,2026-05-11,二接三,二接三阳,阳,2026-05,2026,09:45,09:45,1.0,-10.9,10:00,15:00,2.0,09:45,15:00,1.0,,,
600939.SSE,重庆建工,2025-11-10,二接三,二接三阳,阳,2025-11,2025,09:45,15:00,1.0,-8.47,13:15,15:00,2.0,09:45,15:00,0.0,,,
600939.SSE,重庆建工,2025-11-11,三接四,三接四阳,阳,2025-11,2025,09:45,09:45,1.0,-12.47,13:15,15:00,2.0,09:45,15:00,0.0,09:45,15:00,1.0
600962.SSE,国投中鲁,2026-06-29,二接三,二接三阴,阴,2026-06,2026,09:45,10:30,3.0,-12.23,10:00,15:00,2.0,09:45,15:00,1.0,,,
600973.SSE,宝胜股份,2024-12-30,二接三,二接三阴,阴,2024-12,2024,09:45,15:00,2.0,-16.18,09:45,15:00,1.0,09:45,15:00,3.0,,,
600973.SSE,宝胜股份,2025-12-09,二接三,二接三阳,阳,2025-12,2025,09:45,10:45,2.0,-8.98,10:15,15:00,1.0,09:45,15:00,4.0,,,
600979.SSE,广安爱众,2024-11-25,二接三,二接三阳,阳,2024-11,2024,13:30,15:00,2.0,-12.87,10:00,15:00,3.0,11:00,15:00,9.0,,,
600979.SSE,广安爱众,2024-12-03,二接三,二接三阴,阴,2024-12,2024,13:45,15:00,1.0,-3.5,09:45,15:00,1.0,09:45,15:00,3.0,,,
600979.SSE,广安爱众,2024-12-12,二接三,二接三阴,阴,2024-12,2024,13:15,15:00,2.0,-14.14,10:30,15:00,2.0,09:45,15:00,1.0,,,
600979.SSE,广安爱众,2024-12-13,三接四,三接四阴,阴,2024-12,2024,13:30,15:00,3.0,-5.06,10:30,15:00,2.0,09:45,15:00,1.0,13:15,15:00,2.0
600980.SSE,北矿科技,2025-06-11,二接三,二接三阳,阳,2025-06,2025,09:45,15:00,1.0,-2.9,10:15,15:00,1.0,09:45,15:00,0.0,,,
600981.SSE,苏豪汇鸿,2024-10-23,二接三,二接三阳,阳,2024-10,2024,09:45,15:00,1.0,-3.64,10:00,15:00,1.0,09:45,15:00,3.0,,,
600981.SSE,苏豪汇鸿,2025-12-02,二接三,二接三阴,阴,2025-12,2025,09:45,15:00,1.0,-5.36,09:45,15:00,2.0,14:30,15:00,2.0,,,
600981.SSE,苏豪汇鸿,2025-12-03,三接四,三接四阴,阴,2025-12,2025,09:45,10:30,2.0,-13.17,09:45,15:00,2.0,14:30,15:00,2.0,09:45,15:00,1.0
600982.SSE,宁波能源,2024-12-19,三接四,三接四阳,阳,2024-12,2024,09:45,09:45,1.0,-13.94,09:45,15:00,1.0,09:45,15:00,2.0,09:45,15:00,0.0
600983.SSE,惠而浦,2024-12-10,二接三,二接三阳,阳,2024-12,2024,09:45,15:00,1.0,-0.23,09:45,15:00,4.0,09:45,15:00,3.0,,,
600986.SSE,浙文互联,2025-02-14,二接三,二接三阴,阴,2025-02,2025,09:45,09:45,1.0,-15.35,14:15,15:00,3.0,09:45,15:00,1.0,,,
600986.SSE,浙文互联,2026-01-13,二接三,二接三阳,阳,2026-01,2026,09:45,15:00,1.0,-6.44,11:00,15:00,4.0,09:45,15:00,1.0,,,
600996.SSE,贵广网络,2025-09-23,二接三,二接三阴,阴,2025-09,2025,09:45,15:00,2.0,-3.4,09:45,15:00,2.0,09:45,15:00,1.0,,,
600999.SSE,招商证券,2024-10-09,二接三,二接三阳,阳,2024-10,2024,10:00,14:30,4.0,-5.65,11:00,15:00,3.0,09:45,15:00,0.0,,,
601002.SSE,晋亿实业,2024-11-01,二接三,二接三阴,阴,2024-11,2024,09:45,09:45,1.0,-10.54,09:45,15:00,0.0,09:45,15:00,1.0,,,
601003.SSE,柳钢股份,2025-07-03,二接三,二接三阳,阳,2025-07,2025,11:00,15:00,4.0,-5.33,10:15,15:00,1.0,13:15,15:00,1.0,,,
601003.SSE,柳钢股份,2025-07-04,三接四,三接四阳,阳,2025-07,2025,09:45,15:00,2.0,-6.98,10:15,15:00,1.0,13:15,15:00,1.0,11:00,15:00,4.0
601003.SSE,柳钢股份,2025-07-21,二接三,二接三阴,阴,2025-07,2025,10:00,15:00,1.0,-3.12,10:15,15:00,1.0,15:00,15:00,1.0,,,
601003.SSE,柳钢股份,2025-07-22,三接四,三接四阴,阴,2025-07,2025,10:45,15:00,1.0,-2.83,10:15,15:00,1.0,15:00,15:00,1.0,10:00,15:00,1.0
601007.SSE,金陵饭店,2025-04-18,二接三,二接三阳,阳,2025-04,2025,09:45,13:30,3.0,-12.78,11:00,15:00,2.0,09:45,15:00,2.0,,,
601008.SSE,连云港,2025-04-08,二接三,二接三阴,阴,2025-04,2025,09:45,15:00,1.0,-5.24,11:00,15:00,1.0,09:45,15:00,2.0,,,
601008.SSE,连云港,2025-05-15,二接三,二接三阴,阴,2025-05,2025,09:45,15:00,1.0,-4.28,14:30,15:00,1.0,10:00,15:00,2.0,,,
601008.SSE,连云港,2025-05-16,三接四,三接四阴,阴,2025-05,2025,14:00,15:00,4.0,-2.42,14:30,15:00,1.0,10:00,15:00,2.0,09:45,15:00,1.0
601011.SSE,宝泰隆,2024-12-06,二接三,二接三阳,阳,2024-12,2024,09:45,14:30,3.0,-9.19,09:45,15:00,2.0,09:45,15:00,5.0,,,
601011.SSE,宝泰隆,2025-10-14,二接三,二接三阳,阳,2025-10,2025,09:45,15:00,1.0,-1.77,09:45,15:00,1.0,09:45,15:00,0.0,,,
601020.SSE,华钰矿业,2025-03-06,二接三,二接三阳,阳,2025-03,2025,14:00,14:00,1.0,-2.68,14:30,15:00,1.0,10:15,15:00,5.0,,,
601022.SSE,宁波远洋,2025-05-16,三接四,三接四阳,阳,2025-05,2025,09:45,15:00,9.0,-5.15,14:45,15:00,2.0,09:45,15:00,1.0,09:45,15:00,0.0
601066.SSE,中信建投,2024-10-08,二接三,二接三阳,阳,2024-10,2024,09:45,15:00,1.0,-5.21,15:00,15:00,1.0,10:30,15:00,2.0,,,
601069.SSE,西部黄金,2025-09-03,二接三,二接三阳,阳,2025-09,2025,09:45,15:00,5.0,-5.7,09:45,15:00,1.0,09:45,15:00,2.0,,,
601086.SSE,国芳集团,2025-04-18,二接三,二接三阴,阴,2025-04,2025,10:30,15:00,3.0,-3.1,14:45,15:00,1.0,10:30,15:00,3.0,,,
601086.SSE,国芳集团,2025-04-21,三接四,三接四阴,阴,2025-04,2025,09:45,15:00,2.0,-7.6,14:45,15:00,1.0,10:30,15:00,3.0,10:30,15:00,3.0
601086.SSE,国芳集团,2026-09-01,二接三,二接三阳,阳,2026-09,2026,09:45,15:00,1.0,-2.38,09:45,15:00,1.0,09:45,15:00,1.0,,,
601096.SSE,宏盛华源,2026-01-20,二接三,二接三阳,阳,2026-01,2026,09:45,09:45,1.0,-9.08,09:45,15:00,5.0,09:45,15:00,2.0,,,
601106.SSE,中国一重,2026-01-09,二接三,二接三阳,阳,2026-01,2026,09:45,15:00,2.0,-6.47,10:00,15:00,1.0,09:45,15:00,1.0,,,
601106.SSE,中国一重,2026-01-12,三接四,三接四阳,阳,2026-01,2026,09:45,15:00,2.0,-6.72,10:00,15:00,1.0,09:45,15:00,1.0,09:45,15:00,2.0
601116.SSE,三江购物,2025-02-14,二接三,二接三阳,阳,2025-02,2025,09:45,15:00,2.0,-12.79,13:15,15:00,1.0,13:45,15:00,2.0,,,
601116.SSE,三江购物,2025-02-17,三接四,三接四阳,阳,2025-02,2025,09:45,15:00,5.0,-9.12,13:15,15:00,1.0,13:45,15:00,2.0,09:45,15:00,2.0
601116.SSE,三江购物,2025-09-11,二接三,二接三阳,阳,2025-09,2025,09:45,15:00,2.0,-7.57,13:15,15:00,1.0,09:45,15:00,2.0,,,
601116.SSE,三江购物,2026-01-15,三接四,三接四阳,阳,2026-01,2026,09:45,13:15,2.0,-12.93,10:30,15:00,4.0,09:45,15:00,1.0,09:45,15:00,0.0
601133.SSE,柏诚股份,2024-11-26,二接三,二接三阴,阴,2024-11,2024,09:45,09:45,1.0,-18.19,10:30,15:00,4.0,09:45,15:00,0.0,,,
601155.SSE,新城控股,2024-09-30,二接三,二接三阴,阴,2024-09,2024,09:45,15:00,4.0,-2.65,13:30,15:00,2.0,13:45,15:00,3.0,,,
601155.SSE,新城控股,2024-10-08,三接四,三接四阴,阴,2024-10,2024,09:45,10:00,1.0,-12.28,13:30,15:00,2.0,13:45,15:00,3.0,09:45,15:00,4.0
601162.SSE,天风证券,2024-09-26,二接三,二接三阳,阳,2024-09,2024,09:45,15:00,2.0,-7.99,11:00,15:00,1.0,09:45,15:00,0.0,,,
601177.SSE,杭齿前进,2025-02-14,二接三,二接三阳,阳,2025-02,2025,09:45,15:00,2.0,-2.92,09:45,15:00,1.0,09:45,15:00,0.0,,,
601177.SSE,杭齿前进,2025-02-17,三接四,三接四阳,阳,2025-02,2025,09:45,15:00,2.0,-5.9,09:45,15:00,1.0,09:45,15:00,0.0,09:45,15:00,2.0
601211.SSE,国泰海通,2024-10-14,二接三,二接三阳,阳,2024-10,2024,09:45,10:15,1.0,-7.77,09:45,15:00,0.0,09:45,15:00,0.0,,,
601212.SSE,白银有色,2025-09-03,二接三,二接三阳,阳,2025-09,2025,09:45,11:15,1.0,-11.51,09:45,15:00,2.0,09:45,15:00,0.0,,,
601212.SSE,白银有色,2025-10-13,二接三,二接三阳,阳,2025-10,2025,14:45,15:00,1.0,-2.68,09:45,15:00,2.0,09:45,15:00,1.0,,,
601212.SSE,白银有色,2025-10-14,三接四,三接四阳,阳,2025-10,2025,09:45,10:00,2.0,-12.52,09:45,15:00,2.0,09:45,15:00,1.0,14:45,15:00,1.0
601212.SSE,白银有色,2026-01-22,二接三,二接三阴,阴,2026-01,2026,13:15,15:00,1.0,-0.21,14:00,15:00,3.0,10:15,15:00,3.0,,,
601212.SSE,白银有色,2026-01-23,三接四,三接四阴,阴,2026-01,2026,09:45,15:00,2.0,-5.4,14:00,15:00,3.0,10:15,15:00,3.0,13:15,15:00,1.0
601216.SSE,君正集团,2024-11-13,二接三,二接三阳,阳,2024-11,2024,09:45,09:45,1.0,-10.3,13:45,15:00,1.0,09:45,15:00,2.0,,,
601218.SSE,吉鑫科技,2025-09-29,二接三,二接三阳,阳,2025-09,2025,09:45,15:00,1.0,-5.61,09:45,15:00,1.0,09:45,15:00,2.0,,,
601279.SSE,英利汽车,2025-07-18,二接三,二接三阴,阴,2025-07,2025,09:45,09:45,1.0,-13.68,13:15,15:00,1.0,14:00,15:00,1.0,,,
601279.SSE,英利汽车,2025-11-21,二接三,二接三阴,阴,2025-11,2025,09:45,10:00,1.0,-16.51,09:45,15:00,1.0,09:45,15:00,1.0,,,
601366.SSE,利群股份,2025-12-18,二接三,二接三阳,阳,2025-12,2025,10:15,15:00,7.0,-5.63,09:45,15:00,1.0,09:45,15:00,2.0,,,
601399.SSE,国机重装,2025-07-23,二接三,二接三阳,阳,2025-07,2025,09:45,15:00,1.0,-7.33,10:15,15:00,2.0,13:15,15:00,2.0,,,
601399.SSE,国机重装,2025-12-05,二接三,二接三阳,阳,2025-12,2025,09:45,15:00,3.0,-6.91,14:15,15:00,3.0,09:45,15:00,2.0,,,
601515.SSE,衢州东峰,2024-09-05,二接三,二接三阴,阴,2024-09,2024,,,,,,,,,,,,,
601519.SSE,大智慧,2024-10-09,三接四,三接四阳,阳,2024-10,2024,10:00,14:45,8.0,-9.09,09:45,15:00,2.0,09:45,15:00,0.0,09:45,15:00,0.0
601519.SSE,大智慧,2024-12-03,二接三,二接三阴,阴,2024-12,2024,09:45,15:00,7.0,-8.44,11:15,15:00,1.0,10:00,15:00,1.0,,,
601519.SSE,大智慧,2024-12-04,三接四,三接四阴,阴,2024-12,2024,10:45,10:45,1.0,-6.62,11:15,15:00,1.0,10:00,15:00,1.0,09:45,15:00,7.0
601519.SSE,大智慧,2025-08-19,二接三,二接三阴,阴,2025-08,2025,11:15,11:15,1.0,-3.96,11:30,15:00,1.0,10:15,15:00,1.0,,,
601566.SSE,九牧王,2025-11-14,二接三,二接三阳,阳,2025-11,2025,09:45,15:00,2.0,-11.76,10:45,15:00,1.0,09:45,15:00,2.0,,,
601566.SSE,九牧王,2025-11-17,三接四,三接四阳,阳,2025-11,2025,09:45,15:00,1.0,-6.36,10:45,15:00,1.0,09:45,15:00,2.0,09:45,15:00,2.0
601566.SSE,九牧王,2025-12-22,二接三,二接三阴,阴,2025-12,2025,09:45,09:45,1.0,-14.35,10:15,15:00,1.0,09:45,15:00,1.0,,,
601566.SSE,九牧王,2026-09-03,二接三,二接三阳,阳,2026-09,2026,09:45,09:45,1.0,-11.84,10:30,15:00,1.0,09:45,15:00,3.0,,,
601579.SSE,会稽山,2025-05-28,二接三,二接三阴,阴,2025-05,2025,09:45,15:00,3.0,-4.38,09:45,15:00,1.0,09:45,15:00,1.0,,,
601606.SSE,长城军工,2025-06-20,二接三,二接三阳,阳,2025-06,2025,13:15,15:00,1.0,-1.58,10:00,15:00,1.0,10:30,15:00,5.0,,,
601606.SSE,长城军工,2025-06-23,三接四,三接四阳,阳,2025-06,2025,10:00,15:00,1.0,-2.23,10:00,15:00,1.0,10:30,15:00,5.0,13:15,15:00,1.0
601606.SSE,长城军工,2025-08-06,二接三,二接三阳,阳,2025-08,2025,09:45,15:00,1.0,-8.24,10:00,15:00,2.0,09:45,15:00,3.0,,,
601606.SSE,长城军工,2025-08-07,三接四,三接四阳,阳,2025-08,2025,14:45,15:00,1.0,-1.51,10:00,15:00,2.0,09:45,15:00,3.0,09:45,15:00,1.0
601606.SSE,长城军工,2026-07-27,二接三,二接三阳,阳,2026-07,2026,09:45,15:00,2.0,-8.54,13:15,15:00,1.0,09:45,15:00,1.0,,,
601608.SSE,中信重工,2025-10-23,三接四,三接四阴,阴,2025-10,2025,09:45,09:45,1.0,-15.93,10:00,15:00,1.0,09:45,15:00,1.0,09:45,15:00,0.0
601609.SSE,金田股份,2025-08-15,二接三,二接三阴,阴,2025-08,2025,09:45,15:00,2.0,-7.99,13:30,15:00,2.0,09:45,15:00,1.0,,,
601611.SSE,中国核建,2026-01-09,二接三,二接三阳,阳,2026-01,2026,13:15,13:15,1.0,-2.9,10:00,15:00,1.0,09:45,15:00,2.0,,,
601616.SSE,广电电气,2026-01-20,二接三,二接三阳,阳,2026-01,2026,09:45,15:00,1.0,-5.23,10:00,15:00,2.0,09:45,15:00,1.0,,,
601616.SSE,广电电气,2026-01-21,三接四,三接四阳,阳,2026-01,2026,09:45,15:00,9.0,-9.69,10:00,15:00,2.0,09:45,15:00,1.0,09:45,15:00,1.0
601619.SSE,嘉泽新能,2025-09-29,二接三,二接三阳,阳,2025-09,2025,09:45,14:00,2.0,-14.98,09:45,15:00,9.0,09:45,15:00,2.0,,,
601669.SSE,中国电建,2025-07-24,三接四,三接四阳,阳,2025-07,2025,10:45,15:00,1.0,-0.94,09:45,15:00,0.0,09:45,15:00,0.0,09:45,15:00,0.0
601696.SSE,中银证券,2024-09-30,二接三,二接三阳,阳,2024-09,2024,09:45,15:00,2.0,-3.17,13:15,15:00,1.0,11:30,15:00,1.0,,,
601696.SSE,中银证券,2024-10-08,三接四,三接四阳,阳,2024-10,2024,09:45,15:00,1.0,-1.88,13:15,15:00,1.0,11:30,15:00,1.0,09:45,15:00,2.0
601698.SSE,中国卫通,2024-11-12,二接三,二接三阳,阳,2024-11,2024,09:45,09:45,1.0,-7.96,09:45,15:00,1.0,09:45,15:00,0.0,,,
601698.SSE,中国卫通,2026-01-06,二接三,二接三阳,阳,2026-01,2026,13:15,15:00,1.0,-2.15,13:15,15:00,1.0,11:15,15:00,5.0,,,
601700.SSE,风范股份,2026-08-05,二接三,二接三阳,阳,2026-08,2026,09:45,15:00,2.0,-8.76,09:45,15:00,1.0,09:45,15:00,1.0,,,
601700.SSE,风范股份,2026-08-06,三接四,三接四阳,阳,2026-08,2026,09:45,15:00,4.0,-3.63,09:45,15:00,1.0,09:45,15:00,1.0,09:45,15:00,2.0
601727.SSE,上海电气,2024-10-23,二接三,二接三阳,阳,2024-10,2024,09:45,15:00,3.0,-6.48,09:45,15:00,0.0,09:45,15:00,0.0,,,
601727.SSE,上海电气,2024-10-29,二接三,二接三阴,阴,2024-10,2024,09:45,15:00,1.0,-4.27,10:30,15:00,4.0,09:45,15:00,1.0,,,
601727.SSE,上海电气,2024-10-30,三接四,三接四阴,阴,2024-10,2024,13:45,15:00,1.0,-0.94,10:30,15:00,4.0,09:45,15:00,1.0,09:45,15:00,1.0
601727.SSE,上海电气,2024-11-07,三接四,三接四阴,阴,2024-11,2024,09:45,09:45,1.0,-13.83,10:15,15:00,2.0,09:45,15:00,1.0,09:45,15:00,0.0
601789.SSE,宁波建工,2026-03-11,三接四,三接四阳,阳,2026-03,2026,09:45,15:00,3.0,-6.03,13:15,15:00,2.0,09:45,15:00,0.0,09:45,15:00,0.0
601865.SSE,福莱特,2024-10-08,二接三,二接三阳,阳,2024-10,2024,09:45,15:00,2.0,-8.63,09:45,15:00,1.0,09:45,15:00,4.0,,,
601868.SSE,中国能建,2025-07-23,二接三,二接三阳,阳,2025-07,2025,09:45,15:00,1.0,-7.12,09:45,15:00,0.0,09:45,15:00,0.0,,,
601869.SSE,长飞光纤,2025-01-27,二接三,二接三阳,阳,2025-01,2025,09:45,14:30,7.0,-2.99,09:45,15:00,1.0,09:45,15:00,1.0,,,
601890.SSE,亚星锚链,2025-03-24,二接三,二接三阴,阴,2025-03,2025,09:45,15:00,4.0,-7.71,11:00,15:00,1.0,09:45,15:00,3.0,,,
601908.SSE,京运通,2024-10-08,二接三,二接三阳,阳,2024-10,2024,09:45,15:00,4.0,-6.46,10:00,15:00,1.0,09:45,15:00,7.0,,,
601908.SSE,京运通,2024-12-25,二接三,二接三阴,阴,2024-12,2024,09:45,09:45,1.0,-11.54,09:45,15:00,3.0,09:45,15:00,1.0,,,
601929.SSE,吉视传媒,2025-08-11,二接三,二接三阳,阳,2025-08,2025,09:45,15:00,1.0,-9.76,09:45,15:00,2.0,09:45,15:00,1.0,,,
601929.SSE,吉视传媒,2025-08-12,三接四,三接四阳,阳,2025-08,2025,10:00,15:00,1.0,-5.81,09:45,15:00,2.0,09:45,15:00,1.0,09:45,15:00,1.0
601929.SSE,吉视传媒,2025-11-05,二接三,二接三阳,阳,2025-11,2025,14:30,15:00,1.0,-1.83,09:45,15:00,1.0,15:00,15:00,1.0,,,
601933.SSE,永辉超市,2024-09-26,二接三,二接三阴,阴,2024-09,2024,09:45,15:00,4.0,-6.33,09:45,15:00,0.0,09:45,15:00,0.0,,,
601933.SSE,永辉超市,2024-12-03,二接三,二接三阳,阳,2024-12,2024,09:45,15:00,11.0,-8.05,09:45,15:00,2.0,09:45,15:00,1.0,,,
601958.SSE,金钼股份,2026-06-15,二接三,二接三阳,阳,2026-06,2026,09:45,15:00,5.0,-3.71,09:45,15:00,1.0,09:45,15:00,0.0,,,
601991.SSE,大唐发电,2026-05-08,二接三,二接三阴,阴,2026-05,2026,09:45,15:00,4.0,-3.97,09:45,15:00,1.0,09:45,15:00,1.0,,,
601991.SSE,大唐发电,2026-05-11,三接四,三接四阴,阴,2026-05,2026,09:45,15:00,1.0,-3.45,09:45,15:00,1.0,09:45,15:00,1.0,09:45,15:00,4.0
601992.SSE,金隅集团,2026-01-14,二接三,二接三阴,阴,2026-01,2026,09:45,15:00,4.0,-8.97,09:45,15:00,2.0,09:45,15:00,1.0,,,
601996.SSE,丰林集团,2024-10-31,二接三,二接三阳,阳,2024-10,2024,10:30,15:00,4.0,-1.74,11:00,15:00,3.0,09:45,15:00,1.0,,,
603000.SSE,人民网,2026-01-14,二接三,二接三阳,阳,2026-01,2026,09:45,15:00,1.0,-8.67,09:45,15:00,0.0,09:45,15:00,0.0,,,
603000.SSE,人民网,2026-01-15,三接四,三接四阳,阳,2026-01,2026,09:45,15:00,10.0,-6.1,09:45,15:00,0.0,09:45,15:00,0.0,09:45,15:00,1.0
603001.SSE,奥康国际,2026-05-26,二接三,二接三阴,阴,2026-05,2026,09:45,09:45,1.0,-10.32,10:15,15:00,1.0,10:00,15:00,4.0,,,
603002.SSE,宏昌电子,2026-06-17,二接三,二接三阴,阴,2026-06,2026,09:45,15:00,2.0,-7.33,10:00,15:00,1.0,10:15,15:00,2.0,,,
603004.SSE,鼎龙科技,2024-09-04,二接三,二接三阳,阳,2024-09,2024,09:45,09:45,1.0,-18.16,09:45,15:00,4.0,09:45,15:00,1.0,,,
603004.SSE,鼎龙科技,2024-11-21,三接四,三接四阴,阴,2024-11,2024,13:15,15:00,1.0,-6.24,13:45,15:00,1.0,09:45,15:00,1.0,09:45,15:00,0.0
603011.SSE,合锻智能,2025-03-27,三接四,三接四阳,阳,2025-03,2025,10:00,10:15,2.0,-12.43,09:45,15:00,1.0,09:45,15:00,0.0,09:45,15:00,0.0
603011.SSE,合锻智能,2025-10-13,三接四,三接四阴,阴,2025-10,2025,09:45,15:00,1.0,-5.96,11:00,15:00,1.0,09:45,15:00,0.0,09:45,15:00,0.0
603011.SSE,合锻智能,2026-05-29,二接三,二接三阴,阴,2026-05,2026,09:45,15:00,2.0,-6.5,09:45,15:00,1.0,09:45,15:00,2.0,,,
603011.SSE,合锻智能,2026-06-01,三接四,三接四阴,阴,2026-06,2026,09:45,15:00,1.0,-6.42,09:45,15:00,1.0,09:45,15:00,2.0,09:45,15:00,2.0
603015.SSE,弘讯科技,2025-01-10,三接四,三接四阴,阴,2025-01,2025,13:45,15:00,6.0,-3.18,13:15,15:00,1.0,09:45,15:00,1.0,09:45,15:00,0.0
603015.SSE,弘讯科技,2026-01-09,二接三,二接三阳,阳,2026-01,2026,09:45,15:00,2.0,-5.14,09:45,15:00,1.0,09:45,15:00,0.0,,,
603015.SSE,弘讯科技,2026-01-12,三接四,三接四阳,阳,2026-01,2026,13:30,15:00,1.0,-5.9,09:45,15:00,1.0,09:45,15:00,0.0,09:45,15:00,2.0
603017.SSE,中衡设计,2025-06-04,二接三,二接三阳,阳,2025-06,2025,09:45,15:00,1.0,-12.97,10:15,15:00,2.0,09:45,15:00,5.0,,,
603017.SSE,中衡设计,2026-01-12,二接三,二接三阴,阴,2026-01,2026,09:45,15:00,1.0,-4.31,10:45,15:00,1.0,09:45,15:00,0.0,,,
603019.SSE,中科曙光,2024-10-09,二接三,二接三阳,阳,2024-10,2024,13:30,14:15,3.0,-3.64,13:15,15:00,4.0,09:45,15:00,2.0,,,
603023.SSE,威帝股份,2025-12-22,二接三,二接三阴,阴,2025-12,2025,09:45,11:00,4.0,-8.31,09:45,15:00,1.0,10:30,15:00,3.0,,,
603026.SSE,石大胜华,2025-11-14,二接三,二接三阳,阳,2025-11,2025,09:45,15:00,1.0,-4.5,13:15,15:00,3.0,09:45,15:00,1.0,,,
603028.SSE,赛福天,2025-03-24,二接三,二接三阴,阴,2025-03,2025,09:45,14:45,3.0,-8.97,10:00,15:00,1.0,09:45,15:00,0.0,,,
603029.SSE,天鹅股份,2024-12-02,二接三,二接三阳,阳,2024-12,2024,14:00,14:00,1.0,-9.12,13:15,15:00,2.0,09:45,15:00,2.0,,,
603030.SSE,全筑股份,2024-11-06,二接三,二接三阳,阳,2024-11,2024,09:45,15:00,3.0,-7.96,09:45,15:00,1.0,09:45,15:00,3.0,,,
603030.SSE,全筑股份,2024-12-09,二接三,二接三阳,阳,2024-12,2024,09:45,09:45,1.0,-13.78,09:45,15:00,1.0,09:45,15:00,0.0,,,
603030.SSE,全筑股份,2025-05-07,三接四,三接四阴,阴,2025-05,2025,09:45,15:00,1.0,-2.82,11:00,15:00,3.0,09:45,15:00,1.0,09:45,15:00,0.0
603032.SSE,德新科技,2025-06-10,二接三,二接三阴,阴,2025-06,2025,09:45,15:00,2.0,-8.84,09:45,15:00,1.0,09:45,15:00,1.0,,,
603032.SSE,德新科技,2025-06-11,三接四,三接四阴,阴,2025-06,2025,09:45,14:45,3.0,-8.71,09:45,15:00,1.0,09:45,15:00,1.0,09:45,15:00,2.0
603032.SSE,德新科技,2025-09-02,二接三,二接三阴,阴,2025-09,2025,09:45,15:00,1.0,-2.53,10:30,15:00,1.0,09:45,15:00,1.0,,,
603032.SSE,德新科技,2025-09-03,三接四,三接四阴,阴,2025-09,2025,09:45,11:00,2.0,-9.24,10:30,15:00,1.0,09:45,15:00,1.0,09:45,15:00,1.0
603038.SSE,华立股份,2024-10-15,二接三,二接三阴,阴,2024-10,2024,09:45,15:00,1.0,-7.64,10:00,15:00,1.0,09:45,15:00,3.0,,,
603038.SSE,华立股份,2025-08-21,二接三,二接三阳,阳,2025-08,2025,09:45,09:45,1.0,-13.88,11:00,15:00,2.0,09:45,15:00,1.0,,,
603039.SSE,泛微网络,2025-02-05,二接三,二接三阴,阴,2025-02,2025,09:45,15:00,1.0,-3.5,10:15,15:00,2.0,09:45,15:00,2.0,,,
603039.SSE,泛微网络,2025-02-06,三接四,三接四阴,阴,2025-02,2025,10:45,10:45,1.0,-6.68,10:15,15:00,2.0,09:45,15:00,2.0,09:45,15:00,1.0
603039.SSE,泛微网络,2026-08-03,二接三,二接三阳,阳,2026-08,2026,10:00,13:15,4.0,-4.32,13:15,15:00,2.0,10:15,15:00,1.0,,,
603040.SSE,新坐标,2025-05-06,二接三,二接三阳,阳,2025-05,2025,09:45,15:00,1.0,-6.71,09:45,15:00,1.0,10:30,15:00,2.0,,,
603040.SSE,新坐标,2025-05-07,三接四,三接四阳,阳,2025-05,2025,09:45,14:30,2.0,-6.57,09:45,15:00,1.0,10:30,15:00,2.0,09:45,15:00,1.0
603042.SSE,华脉科技,2025-01-21,二接三,二接三阳,阳,2025-01,2025,09:45,15:00,3.0,-8.18,09:45,15:00,1.0,09:45,15:00,0.0,,,
603042.SSE,华脉科技,2025-01-22,三接四,三接四阳,阳,2025-01,2025,09:45,15:00,0.0,-0.06,09:45,15:00,1.0,09:45,15:00,0.0,09:45,15:00,3.0
603042.SSE,华脉科技,2025-06-06,二接三,二接三阳,阳,2025-06,2025,09:45,15:00,5.0,-6.0,10:00,15:00,1.0,11:30,15:00,1.0,,,
603048.SSE,浙江黎明,2025-03-07,三接四,三接四阳,阳,2025-03,2025,09:45,15:00,2.0,-12.91,10:45,15:00,1.0,09:45,15:00,1.0,09:45,15:00,0.0
603051.SSE,鹿山新材,2025-09-04,二接三,二接三阳,阳,2025-09,2025,09:45,09:45,1.0,-14.77,09:45,15:00,1.0,09:45,15:00,1.0,,,
603052.SSE,可川科技,2026-01-29,二接三,二接三阳,阳,2026-01,2026,09:45,15:00,4.0,-6.93,10:45,15:00,0.0,09:45,15:00,5.0,,,
603052.SSE,可川科技,2026-04-20,二接三,二接三阴,阴,2026-04,2026,10:45,15:00,4.0,-3.76,09:45,15:00,1.0,10:45,15:00,1.0,,,
603052.SSE,可川科技,2026-05-14,二接三,二接三阴,阴,2026-05,2026,09:45,15:00,2.0,-3.36,09:45,15:00,0.0,09:45,15:00,0.0,,,
603061.SSE,金海通,2024-10-21,二接三,二接三阳,阳,2024-10,2024,09:45,13:30,4.0,-6.67,13:15,15:00,4.0,13:30,15:00,1.0,,,
603063.SSE,禾望电气,2024-10-29,二接三,二接三阴,阴,2024-10,2024,10:00,10:15,2.0,-7.98,11:30,15:00,1.0,14:45,15:00,1.0,,,
603063.SSE,禾望电气,2025-01-08,二接三,二接三阴,阴,2025-01,2025,09:45,15:00,1.0,-4.41,09:45,15:00,1.0,09:45,15:00,1.0,,,
603063.SSE,禾望电气,2025-01-09,三接四,三接四阴,阴,2025-01,2025,09:45,15:00,9.0,-4.33,09:45,15:00,1.0,09:45,15:00,1.0,09:45,15:00,1.0
603068.SSE,博通集成,2025-08-29,二接三,二接三阳,阳,2025-08,2025,09:45,10:00,2.0,-7.53,09:45,15:00,1.0,09:45,15:00,0.0,,,
603070.SSE,万控智造,2025-01-09,二接三,二接三阳,阳,2025-01,2025,09:45,15:00,6.0,-7.06,09:45,15:00,1.0,09:45,15:00,0.0,,,
603070.SSE,万控智造,2026-05-14,二接三,二接三阳,阳,2026-05,2026,09:45,09:45,1.0,-12.35,09:45,15:00,1.0,09:45,15:00,0.0,,,
603072.SSE,天和磁材,2025-04-07,二接三,二接三阳,阳,2025-04,2025,09:45,09:45,1.0,-13.46,10:45,15:00,2.0,13:30,15:00,1.0,,,
603079.SSE,圣达生物,2026-08-18,二接三,二接三阴,阴,2026-08,2026,09:45,11:15,3.0,-11.21,10:45,15:00,2.0,09:45,15:00,0.0,,,
603080.SSE,新疆火炬,2025-08-12,二接三,二接三阳,阳,2025-08,2025,09:45,15:00,1.0,-10.96,13:30,15:00,1.0,09:45,15:00,1.0,,,
603082.SSE,北自科技,2025-01-21,二接三,二接三阴,阴,2025-01,2025,09:45,09:45,1.0,-12.44,13:45,15:00,1.0,11:30,15:00,1.0,,,
603082.SSE,北自科技,2026-05-18,二接三,二接三阳,阳,2026-05,2026,09:45,15:00,3.0,-8.75,13:15,15:00,1.0,10:00,15:00,2.0,,,
603082.SSE,北自科技,2026-05-19,三接四,三接四阳,阳,2026-05,2026,09:45,15:00,0.0,-0.02,13:15,15:00,1.0,10:00,15:00,2.0,09:45,15:00,3.0
603082.SSE,北自科技,2026-06-23,二接三,二接三阳,阳,2026-06,2026,10:15,10:15,1.0,-5.32,14:00,15:00,1.0,09:45,15:00,1.0,,,
603083.SSE,剑桥科技,2025-09-15,二接三,二接三阴,阴,2025-09,2025,09:45,14:45,5.0,-7.85,10:00,15:00,1.0,09:45,15:00,2.0,,,
603085.SSE,天成自控,2025-02-26,二接三,二接三阳,阳,2025-02,2025,10:15,10:15,1.0,-11.57,09:45,15:00,1.0,10:00,15:00,2.0,,,
603086.SSE,先达股份,2025-01-14,二接三,二接三阳,阳,2025-01,2025,09:45,15:00,3.0,-12.52,13:15,15:00,1.0,09:45,15:00,1.0,,,
603086.SSE,先达股份,2025-02-17,二接三,二接三阳,阳,2025-02,2025,10:00,15:00,4.0,-8.25,14:45,15:00,1.0,09:45,15:00,1.0,,,
603086.SSE,先达股份,2025-02-18,三接四,三接四阳,阳,2025-02,2025,09:45,15:00,2.0,-8.12,14:45,15:00,1.0,09:45,15:00,1.0,10:00,15:00,4.0
603086.SSE,先达股份,2025-04-24,三接四,三接四阳,阳,2025-04,2025,09:45,15:00,3.0,-5.12,13:15,15:00,1.0,09:45,15:00,0.0,09:45,15:00,0.0
603088.SSE,宁波精达,2024-12-06,二接三,二接三阳,阳,2024-12,2024,09:45,09:45,1.0,-14.6,09:45,15:00,1.0,09:45,15:00,1.0,,,
603088.SSE,宁波精达,2024-12-11,二接三,二接三阴,阴,2024-12,2024,09:45,15:00,1.0,-3.18,09:45,15:00,1.0,09:45,15:00,6.0,,,
603090.SSE,宏盛股份,2025-09-25,二接三,二接三阴,阴,2025-09,2025,09:45,10:30,4.0,-7.66,09:45,15:00,4.0,09:45,15:00,1.0,,,
603091.SSE,众鑫股份,2024-10-09,二接三,二接三阳,阳,2024-10,2024,09:45,15:00,3.0,-3.84,10:00,15:00,3.0,09:45,15:00,0.0,,,
603093.SSE,南华期货,2025-06-05,二接三,二接三阳,阳,2025-06,2025,09:45,15:00,4.0,-1.85,09:45,15:00,1.0,10:00,15:00,1.0,,,
603093.SSE,南华期货,2025-06-06,三接四,三接四阳,阳,2025-06,2025,09:45,14:00,4.0,-12.55,09:45,15:00,1.0,10:00,15:00,1.0,09:45,15:00,4.0
603093.SSE,南华期货,2025-06-27,二接三,二接三阳,阳,2025-06,2025,10:15,14:45,3.0,-6.28,13:15,15:00,3.0,13:15,15:00,1.0,,,
603093.SSE,南华期货,2025-07-11,二接三,二接三阳,阳,2025-07,2025,10:30,15:00,1.0,-5.0,11:00,15:00,3.0,09:45,15:00,4.0,,,
603095.SSE,越剑智能,2024-10-28,二接三,二接三阴,阴,2024-10,2024,14:00,14:15,2.0,-6.24,11:15,15:00,1.0,10:00,15:00,3.0,,,
603095.SSE,越剑智能,2026-04-29,二接三,二接三阳,阳,2026-04,2026,13:30,15:00,1.0,-2.73,11:30,15:00,4.0,09:45,15:00,1.0,,,
603096.SSE,新经典,2024-12-02,二接三,二接三阳,阳,2024-12,2024,09:45,09:45,1.0,-13.05,14:15,15:00,1.0,10:00,15:00,4.0,,,
603101.SSE,汇嘉时代,2024-11-13,二接三,二接三阴,阴,2024-11,2024,14:15,14:15,1.0,-7.72,09:45,15:00,1.0,09:45,15:00,3.0,,,
603101.SSE,汇嘉时代,2025-08-22,二接三,二接三阳,阳,2025-08,2025,09:45,15:00,1.0,-5.76,14:30,15:00,2.0,10:15,15:00,4.0,,,
603101.SSE,汇嘉时代,2025-08-25,三接四,三接四阳,阳,2025-08,2025,13:15,13:30,2.0,-5.56,14:30,15:00,2.0,10:15,15:00,4.0,09:45,15:00,1.0
603103.SSE,横店影视,2025-02-14,二接三,二接三阴,阴,2025-02,2025,10:30,10:30,1.0,-11.27,09:45,15:00,1.0,13:30,15:00,1.0,,,
603103.SSE,横店影视,2026-02-03,三接四,三接四阳,阳,2026-02,2026,09:45,15:00,1.0,-1.91,10:15,15:00,1.0,09:45,15:00,1.0,09:45,15:00,0.0
603106.SSE,恒银科技,2024-10-28,二接三,二接三阴,阴,2024-10,2024,09:45,15:00,2.0,-9.08,11:30,15:00,5.0,11:30,15:00,7.0,,,
603106.SSE,恒银科技,2024-10-29,三接四,三接四阴,阴,2024-10,2024,09:45,15:00,2.0,-18.17,11:30,15:00,5.0,11:30,15:00,7.0,09:45,15:00,2.0
603106.SSE,恒银科技,2025-01-15,二接三,二接三阴,阴,2025-01,2025,10:00,10:00,1.0,-9.16,10:45,15:00,1.0,09:45,15:00,1.0,,,
603106.SSE,恒银科技,2026-08-04,二接三,二接三阳,阳,2026-08,2026,09:45,15:00,1.0,-1.55,09:45,15:00,1.0,09:45,15:00,0.0,,,
603106.SSE,恒银科技,2026-08-05,三接四,三接四阳,阳,2026-08,2026,10:30,10:45,2.0,-8.85,09:45,15:00,1.0,09:45,15:00,0.0,09:45,15:00,1.0
603110.SSE,东方材料,2025-02-07,二接三,二接三阳,阳,2025-02,2025,09:45,15:00,6.0,-10.41,11:30,15:00,1.0,09:45,15:00,0.0,,,
603115.SSE,海星股份,2025-07-18,二接三,二接三阴,阴,2025-07,2025,09:45,15:00,1.0,-3.41,13:15,15:00,1.0,09:45,15:00,1.0,,,
603115.SSE,海星股份,2026-04-23,二接三,二接三阴,阴,2026-04,2026,09:45,10:00,2.0,-7.11,11:00,15:00,1.0,09:45,15:00,1.0,,,
603115.SSE,海星股份,2026-06-17,二接三,二接三阴,阴,2026-06,2026,09:45,15:00,1.0,-6.2,10:15,15:00,1.0,09:45,15:00,1.0,,,
603117.SSE,万林物流,2024-11-05,二接三,二接三阴,阴,2024-11,2024,09:45,15:00,9.0,-13.35,15:00,15:00,1.0,14:00,15:00,1.0,,,
603118.SSE,共进股份,2024-08-26,二接三,二接三阳,阳,2024-08,2024,09:45,15:00,2.0,-5.04,,,,,,,,,
603118.SSE,共进股份,2026-08-17,二接三,二接三阴,阴,2026-08,2026,09:45,15:00,2.0,-2.23,09:45,15:00,3.0,09:45,15:00,2.0,,,
603121.SSE,华培动力,2024-12-05,二接三,二接三阳,阳,2024-12,2024,09:45,15:00,2.0,-2.92,10:00,15:00,1.0,09:45,15:00,0.0,,,
603122.SSE,合富中国,2025-10-30,二接三,二接三阳,阳,2025-10,2025,09:45,15:00,2.0,-12.47,11:00,15:00,0.0,09:45,15:00,1.0,,,
603122.SSE,合富中国,2025-10-31,三接四,三接四阳,阳,2025-10,2025,09:45,15:00,2.0,-5.01,11:00,15:00,0.0,09:45,15:00,1.0,09:45,15:00,2.0
603122.SSE,合富中国,2025-11-13,二接三,二接三阳,阳,2025-11,2025,09:45,15:00,2.0,-5.11,09:45,15:00,1.0,09:45,15:00,3.0,,,
603122.SSE,合富中国,2025-11-14,三接四,三接四阳,阳,2025-11,2025,15:00,15:00,1.0,-4.2,09:45,15:00,1.0,09:45,15:00,3.0,09:45,15:00,2.0
603123.SSE,翠微股份,2024-09-09,二接三,二接三阳,阳,2024-09,2024,,,,,,,,,,,,,
603123.SSE,翠微股份,2024-09-10,三接四,三接四阳,阳,2024-09,2024,09:45,09:45,1.0,-18.06,,,,,,,,,
603123.SSE,翠微股份,2025-06-04,三接四,三接四阴,阴,2025-06,2025,09:45,09:45,1.0,-11.75,11:30,15:00,1.0,09:45,15:00,3.0,09:45,15:00,0.0
603125.SSE,常青科技,2025-07-02,二接三,二接三阴,阴,2025-07,2025,09:45,11:30,2.0,-12.3,09:45,15:00,1.0,09:45,15:00,1.0,,,
603127.SSE,昭衍新药,2024-10-08,二接三,二接三阳,阳,2024-10,2024,09:45,15:00,3.0,-6.85,10:00,15:00,1.0,11:00,15:00,5.0,,,
603128.SSE,华贸物流,2025-04-17,二接三,二接三阴,阴,2025-04,2025,14:30,15:00,1.0,-6.16,10:15,15:00,1.0,09:45,15:00,0.0,,,
603130.SSE,云中马,2025-08-08,二接三,二接三阴,阴,2025-08,2025,09:45,09:45,1.0,-15.43,13:15,15:00,1.0,10:00,15:00,1.0,,,
603132.SSE,金徽股份,2026-01-28,二接三,二接三阳,阳,2026-01,2026,11:30,15:00,3.0,-1.94,09:45,15:00,1.0,09:45,15:00,5.0,,,
603135.SSE,中重科技,2026-06-05,二接三,二接三阳,阳,2026-06,2026,10:45,15:00,1.0,-10.26,09:45,15:00,1.0,09:45,15:00,1.0,,,
603135.SSE,中重科技,2026-06-08,三接四,三接四阳,阳,2026-06,2026,10:00,15:00,4.0,-7.39,09:45,15:00,1.0,09:45,15:00,1.0,10:45,15:00,1.0
603137.SSE,恒尚节能,2026-07-15,二接三,二接三阴,阴,2026-07,2026,14:15,15:00,2.0,-2.56,09:45,15:00,3.0,14:45,15:00,1.0,,,
603139.SSE,康惠股份,2025-03-24,三接四,三接四阴,阴,2025-03,2025,09:45,09:45,1.0,-17.83,11:00,15:00,1.0,09:45,15:00,1.0,09:45,15:00,0.0
603139.SSE,康惠股份,2025-06-13,三接四,三接四阳,阳,2025-06,2025,09:45,09:45,1.0,-18.18,10:00,15:00,1.0,09:45,15:00,0.0,09:45,15:00,0.0
603151.SSE,邦基科技,2025-06-19,三接四,三接四阳,阳,2025-06,2025,09:45,09:45,1.0,-13.74,09:45,15:00,1.0,09:45,15:00,1.0,09:45,15:00,0.0
603155.SSE,新亚强,2025-06-24,二接三,二接三阴,阴,2025-06,2025,09:45,15:00,6.0,-6.03,09:45,15:00,1.0,10:00,15:00,1.0,,,
603156.SSE,养元饮品,2025-09-26,二接三,二接三阳,阳,2025-09,2025,09:45,15:00,1.0,-1.31,11:15,15:00,3.0,09:45,15:00,1.0,,,
603156.SSE,养元饮品,2025-09-29,三接四,三接四阳,阳,2025-09,2025,09:45,10:00,2.0,-9.92,11:15,15:00,3.0,09:45,15:00,1.0,09:45,15:00,1.0
603158.SSE,腾龙股份,2025-08-15,二接三,二接三阳,阳,2025-08,2025,09:45,15:00,8.0,-6.67,09:45,15:00,1.0,09:45,15:00,1.0,,,
603158.SSE,腾龙股份,2025-08-18,三接四,三接四阳,阳,2025-08,2025,10:15,14:00,5.0,-6.14,09:45,15:00,1.0,09:45,15:00,1.0,09:45,15:00,8.0
603160.SSE,汇顶科技,2024-10-09,二接三,二接三阳,阳,2024-10,2024,10:00,14:45,3.0,-5.48,11:00,15:00,5.0,09:45,15:00,0.0,,,
603163.SSE,圣晖集成,2025-12-24,二接三,二接三阴,阴,2025-12,2025,09:45,15:00,1.0,-3.98,10:00,15:00,1.0,09:45,15:00,1.0,,,
603163.SSE,圣晖集成,2025-12-25,三接四,三接四阴,阴,2025-12,2025,11:15,15:00,6.0,-5.21,10:00,15:00,1.0,09:45,15:00,1.0,09:45,15:00,1.0
603166.SSE,福达股份,2025-01-14,二接三,二接三阳,阳,2025-01,2025,13:30,15:00,1.0,-0.73,09:45,15:00,1.0,09:45,15:00,0.0,,,
603166.SSE,福达股份,2025-01-15,三接四,三接四阳,阳,2025-01,2025,09:45,14:30,3.0,-11.06,09:45,15:00,1.0,09:45,15:00,0.0,13:30,15:00,1.0
603169.SSE,兰石重装,2025-04-02,二接三,二接三阳,阳,2025-04,2025,09:45,09:45,1.0,-6.7,09:45,15:00,2.0,09:45,15:00,1.0,,,
603171.SSE,税友股份,2026-01-13,二接三,二接三阳,阳,2026-01,2026,09:45,10:45,5.0,-7.11,14:30,15:00,1.0,09:45,15:00,3.0,,,
603172.SSE,万丰股份,2026-02-03,三接四,三接四阳,阳,2026-02,2026,09:45,15:00,2.0,-17.31,10:15,15:00,1.0,09:45,15:00,0.0,09:45,15:00,0.0
603176.SSE,汇通集团,2025-07-16,三接四,三接四阳,阳,2025-07,2025,09:45,09:45,1.0,-16.51,11:00,15:00,1.0,09:45,15:00,0.0,09:45,15:00,0.0
603177.SSE,德创环保,2025-01-17,三接四,三接四阳,阳,2025-01,2025,09:45,15:00,2.0,-16.44,14:00,15:00,2.0,09:45,15:00,1.0,09:45,15:00,0.0
603178.SSE,圣龙股份,2025-04-24,二接三,二接三阳,阳,2025-04,2025,09:45,09:45,1.0,-12.72,10:30,15:00,1.0,10:15,15:00,1.0,,,
603178.SSE,圣龙股份,2026-04-21,二接三,二接三阳,阳,2026-04,2026,09:45,15:00,1.0,-14.52,10:15,15:00,1.0,09:45,15:00,3.0,,,
603178.SSE,圣龙股份,2026-04-22,三接四,三接四阳,阳,2026-04,2026,09:45,09:45,1.0,-9.1,10:15,15:00,1.0,09:45,15:00,3.0,09:45,15:00,1.0
603185.SSE,弘元绿能,2024-11-01,二接三,二接三阳,阳,2024-11,2024,09:45,09:45,1.0,-14.61,14:30,15:00,2.0,10:00,15:00,1.0,,,
603186.SSE,华正新材,2026-06-10,二接三,二接三阳,阳,2026-06,2026,10:00,10:00,1.0,-3.64,10:00,15:00,6.0,11:15,15:00,1.0,,,
603186.SSE,华正新材,2026-06-17,二接三,二接三阴,阴,2026-06,2026,09:45,15:00,3.0,-5.46,09:45,15:00,1.0,09:45,15:00,1.0,,,
603186.SSE,华正新材,2026-08-06,二接三,二接三阴,阴,2026-08,2026,10:45,11:15,3.0,-3.69,13:15,15:00,1.0,10:15,15:00,2.0,,,
603192.SSE,汇得科技,2025-05-23,二接三,二接三阳,阳,2025-05,2025,09:45,15:00,1.0,-10.83,10:15,15:00,1.0,09:45,15:00,0.0,,,
603193.SSE,润本股份,2024-10-08,二接三,二接三阳,阳,2024-10,2024,09:45,15:00,8.0,-4.5,09:45,15:00,4.0,10:30,15:00,6.0,,,
603198.SSE,迎驾贡酒,2024-09-30,二接三,二接三阴,阴,2024-09,2024,09:45,15:00,3.0,-8.06,13:30,15:00,4.0,15:00,15:00,0.0,,,
603200.SSE,上海洗霸,2025-03-03,二接三,二接三阳,阳,2025-03,2025,09:45,15:00,1.0,-8.2,10:00,15:00,1.0,09:45,15:00,2.0,,,
603200.SSE,上海洗霸,2025-09-09,二接三,二接三阴,阴,2025-09,2025,10:15,14:30,3.0,-6.33,13:15,15:00,1.0,10:15,15:00,5.0,,,
603203.SSE,快克智能,2026-05-14,二接三,二接三阳,阳,2026-05,2026,09:45,14:30,3.0,-9.87,14:30,15:00,1.0,10:30,15:00,2.0,,,
603206.SSE,嘉环科技,2024-10-23,二接三,二接三阳,阳,2024-10,2024,09:45,15:00,1.0,-3.89,10:00,15:00,1.0,10:15,15:00,1.0,,,
603206.SSE,嘉环科技,2025-03-13,二接三,二接三阳,阳,2025-03,2025,09:45,15:00,2.0,-4.11,09:45,15:00,1.0,09:45,15:00,0.0,,,
603206.SSE,嘉环科技,2026-05-20,二接三,二接三阴,阴,2026-05,2026,09:45,09:45,1.0,-13.75,10:00,15:00,1.0,09:45,15:00,1.0,,,
603211.SSE,晋拓股份,2025-01-23,二接三,二接三阳,阳,2025-01,2025,09:45,15:00,1.0,-10.72,13:45,15:00,2.0,10:00,15:00,3.0,,,
603211.SSE,晋拓股份,2025-01-24,三接四,三接四阳,阳,2025-01,2025,11:00,15:00,1.0,-2.52,13:45,15:00,2.0,10:00,15:00,3.0,09:45,15:00,1.0
603215.SSE,比依股份,2025-01-06,二接三,二接三阳,阳,2025-01,2025,09:45,15:00,3.0,-4.59,15:00,15:00,1.0,09:45,15:00,0.0,,,
603216.SSE,梦天家居,2024-12-16,二接三,二接三阳,阳,2024-12,2024,09:45,15:00,1.0,-4.64,09:45,15:00,1.0,09:45,15:00,4.0,,,
603216.SSE,梦天家居,2025-11-21,二接三,二接三阳,阳,2025-11,2025,09:45,15:00,2.0,-5.65,09:45,15:00,0.0,09:45,15:00,0.0,,,
603216.SSE,梦天家居,2025-11-24,三接四,三接四阳,阳,2025-11,2025,10:00,15:00,0.0,0.0,09:45,15:00,0.0,09:45,15:00,0.0,09:45,15:00,2.0
603221.SSE,爱丽家居,2025-04-08,二接三,二接三阳,阳,2025-04,2025,10:00,15:00,1.0,-9.78,09:45,15:00,1.0,09:45,15:00,0.0,,,
603221.SSE,爱丽家居,2025-04-09,三接四,三接四阳,阳,2025-04,2025,09:45,15:00,3.0,-15.41,09:45,15:00,1.0,09:45,15:00,0.0,10:00,15:00,1.0
603222.SSE,济民健康,2025-08-18,二接三,二接三阳,阳,2025-08,2025,09:45,15:00,1.0,-4.39,13:15,15:00,6.0,10:30,15:00,3.0,,,
603222.SSE,济民健康,2025-08-19,三接四,三接四阳,阳,2025-08,2025,09:45,15:00,1.0,-5.29,13:15,15:00,6.0,10:30,15:00,3.0,09:45,15:00,1.0
603226.SSE,菲林格尔,2025-06-05,二接三,二接三阳,阳,2025-06,2025,09:45,15:00,1.0,-9.05,11:15,15:00,1.0,09:45,15:00,1.0,,,
603226.SSE,菲林格尔,2025-06-06,三接四,三接四阳,阳,2025-06,2025,09:45,15:00,1.0,-2.1,11:15,15:00,1.0,09:45,15:00,1.0,09:45,15:00,1.0
603228.SSE,景旺电子,2025-09-12,二接三,二接三阴,阴,2025-09,2025,09:45,15:00,7.0,-3.94,10:00,15:00,2.0,09:45,15:00,1.0,,,
603232.SSE,格尔软件,2025-10-27,二接三,二接三阴,阴,2025-10,2025,09:45,09:45,1.0,-11.09,09:45,15:00,2.0,09:45,15:00,0.0,,,
603238.SSE,诺邦股份,2024-12-17,二接三,二接三阳,阳,2024-12,2024,09:45,15:00,2.0,-10.49,15:00,15:00,1.0,09:45,15:00,3.0,,,
603238.SSE,诺邦股份,2024-12-18,三接四,三接四阳,阳,2024-12,2024,09:45,15:00,3.0,-18.18,15:00,15:00,1.0,09:45,15:00,3.0,09:45,15:00,2.0
603248.SSE,锡华科技,2026-03-17,二接三,二接三阳,阳,2026-03,2026,10:30,15:00,1.0,-1.29,09:45,15:00,3.0,15:00,15:00,1.0,,,
603256.SSE,宏和科技,2025-07-09,二接三,二接三阴,阴,2025-07,2025,13:30,13:30,1.0,-4.49,09:45,15:00,3.0,10:00,15:00,1.0,,,
603256.SSE,宏和科技,2025-08-15,二接三,二接三阴,阴,2025-08,2025,09:45,15:00,1.0,-7.52,11:15,15:00,1.0,09:45,15:00,3.0,,,
603256.SSE,宏和科技,2025-08-18,三接四,三接四阴,阴,2025-08,2025,09:45,15:00,3.0,-6.5,11:15,15:00,1.0,09:45,15:00,3.0,09:45,15:00,1.0
603259.SSE,XD药明康,2024-10-08,二接三,二接三阳,阳,2024-10,2024,09:45,15:00,7.0,-5.35,11:30,15:00,1.0,09:45,15:00,3.0,,,
603269.SSE,海鸥股份,2026-08-31,二接三,二接三阴,阴,2026-08,2026,09:45,15:00,1.0,-7.46,10:45,15:00,2.0,09:45,15:00,1.0,,,
603269.SSE,海鸥股份,2026-09-01,三接四,三接四阴,阴,2026-09,2026,09:45,09:45,1.0,-10.99,10:45,15:00,2.0,09:45,15:00,1.0,09:45,15:00,1.0
603270.SSE,金帝股份,2024-12-06,二接三,二接三阴,阴,2024-12,2024,09:45,15:00,1.0,-3.52,10:00,15:00,1.0,10:45,15:00,2.0,,,
603270.SSE,金帝股份,2026-09-04,二接三,二接三阴,阴,2026-09,2026,09:45,09:45,1.0,-13.91,13:15,15:00,3.0,09:45,15:00,1.0,,,
603278.SSE,大业股份,2025-12-26,二接三,二接三阴,阴,2025-12,2025,09:45,15:00,2.0,-4.14,10:15,15:00,1.0,10:00,15:00,4.0,,,
603278.SSE,大业股份,2025-12-29,三接四,三接四阴,阴,2025-12,2025,09:45,15:00,1.0,-9.09,10:15,15:00,1.0,10:00,15:00,4.0,09:45,15:00,2.0
603278.SSE,大业股份,2026-05-08,二接三,二接三阳,阳,2026-05,2026,10:30,15:00,1.0,-3.15,09:45,15:00,1.0,10:00,15:00,1.0,,,
603278.SSE,大业股份,2026-05-11,三接四,三接四阳,阳,2026-05,2026,09:45,10:00,2.0,-12.07,09:45,15:00,1.0,10:00,15:00,1.0,10:30,15:00,1.0
603280.SSE,南方路机,2025-07-23,二接三,二接三阳,阳,2025-07,2025,09:45,15:00,2.0,-4.09,13:45,15:00,1.0,09:45,15:00,1.0,,,
603280.SSE,南方路机,2025-07-24,三接四,三接四阳,阳,2025-07,2025,09:45,15:00,1.0,-9.1,13:45,15:00,1.0,09:45,15:00,1.0,09:45,15:00,2.0
603280.SSE,南方路机,2025-07-30,二接三,二接三阴,阴,2025-07,2025,14:15,15:00,1.0,-5.9,09:45,15:00,2.0,09:45,15:00,3.0,,,
603280.SSE,南方路机,2025-07-31,三接四,三接四阴,阴,2025-07,2025,09:45,15:00,2.0,-5.21,09:45,15:00,2.0,09:45,15:00,3.0,14:15,15:00,1.0
603285.SSE,键邦股份,2025-03-27,二接三,二接三阳,阳,2025-03,2025,09:45,09:45,1.0,-14.87,11:00,15:00,1.0,09:45,15:00,1.0,,,
603290.SSE,斯达半导,2024-10-09,二接三,二接三阳,阳,2024-10,2024,13:45,14:45,3.0,-3.1,11:00,15:00,2.0,09:45,15:00,0.0,,,
603297.SSE,永新光学,2024-11-04,二接三,二接三阴,阴,2024-11,2024,10:15,15:00,4.0,-9.19,11:00,15:00,3.0,09:45,15:00,0.0,,,
603297.SSE,永新光学,2025-09-19,二接三,二接三阳,阳,2025-09,2025,10:00,15:00,4.0,-8.72,09:45,15:00,0.0,09:45,15:00,3.0,,,
603300.SSE,海南华铁,2025-02-11,三接四,三接四阳,阳,2025-02,2025,09:45,15:00,1.0,-2.01,13:15,15:00,1.0,09:45,15:00,0.0,09:45,15:00,0.0
603300.SSE,海南华铁,2025-03-07,二接三,二接三阳,阳,2025-03,2025,09:45,15:00,4.0,-5.22,09:45,15:00,0.0,09:45,15:00,0.0,,,
603311.SSE,金海高科,2026-05-19,二接三,二接三阳,阳,2026-05,2026,09:45,15:00,3.0,-7.05,09:45,15:00,4.0,09:45,15:00,2.0,,,
603315.SSE,福鞍股份,2025-03-20,三接四,三接四阴,阴,2025-03,2025,15:00,15:00,1.0,-8.98,15:00,15:00,1.0,09:45,15:00,0.0,09:45,15:00,0.0
603316.SSE,诚邦股份,2026-05-20,二接三,二接三阳,阳,2026-05,2026,09:45,15:00,1.0,-5.13,10:00,15:00,2.0,10:00,15:00,1.0,,,
603316.SSE,诚邦股份,2026-05-21,三接四,三接四阳,阳,2026-05,2026,11:15,15:00,4.0,-3.93,10:00,15:00,2.0,10:00,15:00,1.0,09:45,15:00,1.0
603317.SSE,天味食品,2024-09-30,二接三,二接三阴,阴,2024-09,2024,13:45,15:00,3.0,-2.7,14:30,15:00,1.0,10:00,15:00,6.0,,,
603317.SSE,天味食品,2024-10-08,三接四,三接四阴,阴,2024-10,2024,09:45,09:45,1.0,-8.79,14:30,15:00,1.0,10:00,15:00,6.0,13:45,15:00,3.0
603318.SSE,水发燃气,2026-03-04,三接四,三接四阳,阳,2026-03,2026,09:45,15:00,5.0,-8.25,13:30,15:00,4.0,09:45,15:00,2.0,09:45,15:00,0.0
603318.SSE,水发燃气,2026-04-27,三接四,三接四阴,阴,2026-04,2026,09:45,15:00,3.0,-5.51,10:00,15:00,4.0,09:45,15:00,0.0,09:45,15:00,0.0
603320.SSE,迪贝电气,2025-01-07,二接三,二接三阴,阴,2025-01,2025,10:45,15:00,3.0,-5.59,09:45,15:00,0.0,11:15,15:00,7.0,,,
603327.SSE,福蓉科技,2025-12-03,二接三,二接三阳,阳,2025-12,2025,09:45,15:00,2.0,-6.47,10:45,15:00,1.0,09:45,15:00,1.0,,,
603330.SSE,天洋新材,2026-06-04,三接四,三接四阴,阴,2026-06,2026,09:45,15:00,2.0,-12.33,09:45,15:00,1.0,14:15,15:00,1.0,09:45,15:00,0.0
603330.SSE,天洋新材,2026-08-14,二接三,二接三阳,阳,2026-08,2026,09:45,15:00,1.0,-4.59,10:30,15:00,1.0,10:15,15:00,4.0,,,
603332.SSE,苏州龙杰,2025-05-14,三接四,三接四阳,阳,2025-05,2025,09:45,15:00,2.0,-3.69,10:00,15:00,1.0,09:45,15:00,0.0,09:45,15:00,0.0
603332.SSE,苏州龙杰,2025-05-27,二接三,二接三阴,阴,2025-05,2025,09:45,15:00,4.0,-6.32,10:15,15:00,1.0,09:45,15:00,0.0,,,
603335.SSE,迪生力,2026-06-16,二接三,二接三阴,阴,2026-06,2026,09:45,09:45,1.0,-13.85,09:45,15:00,0.0,09:45,15:00,0.0,,,
603336.SSE,宏辉果蔬,2025-04-09,二接三,二接三阳,阳,2025-04,2025,09:45,10:45,2.0,-13.06,10:45,15:00,1.0,10:30,15:00,1.0,,,
603339.SSE,四方科技,2024-11-01,二接三,二接三阴,阴,2024-11,2024,09:45,09:45,1.0,-9.51,13:15,15:00,2.0,09:45,15:00,5.0,,,
603339.SSE,四方科技,2025-08-20,二接三,二接三阳,阳,2025-08,2025,09:45,09:45,1.0,-12.3,11:30,15:00,1.0,13:45,15:00,2.0,,,
603345.SSE,安井食品,2024-09-30,二接三,二接三阴,阴,2024-09,2024,09:45,15:00,4.0,-3.35,13:15,15:00,1.0,10:00,15:00,3.0,,,
603345.SSE,安井食品,2024-10-08,三接四,三接四阴,阴,2024-10,2024,09:45,09:45,1.0,-10.31,13:15,15:00,1.0,10:00,15:00,3.0,09:45,15:00,4.0
603350.SSE,安乃达,2024-11-06,二接三,二接三阴,阴,2024-11,2024,09:45,10:30,3.0,-8.94,10:00,15:00,1.0,13:15,15:00,1.0,,,
603351.SSE,威尔药业,2025-04-22,二接三,二接三阳,阳,2025-04,2025,09:45,15:00,3.0,-10.47,10:45,15:00,1.0,09:45,15:00,1.0,,,
603353.SSE,和顺石油,2025-11-18,二接三,二接三阳,阳,2025-11,2025,09:45,15:00,2.0,-7.46,09:45,15:00,1.0,09:45,15:00,0.0,,,
603353.SSE,和顺石油,2026-03-03,二接三,二接三阳,阳,2026-03,2026,09:45,15:00,3.0,-7.79,10:30,15:00,1.0,09:45,15:00,2.0,,,
603360.SSE,百傲化学,2024-10-09,二接三,二接三阳,阳,2024-10,2024,09:45,09:45,1.0,-10.78,14:00,15:00,3.0,09:45,15:00,0.0,,,
603366.SSE,日出东方,2024-11-06,二接三,二接三阳,阳,2024-11,2024,09:45,15:00,3.0,-5.56,14:45,15:00,1.0,09:45,15:00,1.0,,,
603366.SSE,日出东方,2024-11-07,三接四,三接四阳,阳,2024-11,2024,09:45,15:00,1.0,-3.99,14:45,15:00,1.0,09:45,15:00,1.0,09:45,15:00,3.0
603366.SSE,日出东方,2024-11-14,二接三,二接三阴,阴,2024-11,2024,09:45,15:00,2.0,-6.83,13:15,15:00,3.0,09:45,15:00,3.0,,,
603366.SSE,日出东方,2024-11-15,三接四,三接四阴,阴,2024-11,2024,09:45,15:00,3.0,-14.08,13:15,15:00,3.0,09:45,15:00,3.0,09:45,15:00,2.0
603366.SSE,日出东方,2024-11-22,二接三,二接三阴,阴,2024-11,2024,09:45,15:00,4.0,-8.9,10:45,15:00,1.0,09:45,15:00,1.0,,,
603366.SSE,日出东方,2025-02-13,二接三,二接三阳,阳,2025-02,2025,10:00,10:00,1.0,-8.47,10:30,15:00,2.0,14:00,15:00,2.0,,,
603366.SSE,日出东方,2025-11-18,二接三,二接三阳,阳,2025-11,2025,10:15,10:15,1.0,-4.7,10:30,15:00,1.0,09:45,15:00,0.0,,,
603367.SSE,辰欣药业,2025-07-30,二接三,二接三阳,阳,2025-07,2025,09:45,15:00,2.0,-3.47,10:45,15:00,1.0,09:45,15:00,1.0,,,
603382.SSE,海阳科技,2025-08-28,二接三,二接三阴,阴,2025-08,2025,13:45,14:45,3.0,-3.7,10:00,15:00,1.0,14:45,15:00,2.0,,,
603383.SSE,顶点软件,2024-10-09,三接四,三接四阳,阳,2024-10,2024,10:00,14:45,3.0,-5.74,10:45,15:00,1.0,09:45,15:00,1.0,09:45,15:00,0.0
603386.SSE,骏亚科技,2025-12-05,二接三,二接三阴,阴,2025-12,2025,09:45,15:00,1.0,-1.32,14:45,15:00,1.0,09:45,15:00,0.0,,,
603386.SSE,骏亚科技,2025-12-08,三接四,三接四阴,阴,2025-12,2025,15:00,15:00,1.0,-7.81,14:45,15:00,1.0,09:45,15:00,0.0,09:45,15:00,1.0
603387.SSE,基蛋生物,2026-03-19,二接三,二接三阳,阳,2026-03,2026,09:45,09:45,1.0,-13.31,10:30,15:00,2.0,09:45,15:00,1.0,,,
603389.SSE,亚振家居,2024-12-16,二接三,二接三阳,阳,2024-12,2024,09:45,15:00,6.0,-9.47,13:15,15:00,1.0,10:15,15:00,4.0,,,
603390.SSE,通达电气,2025-02-10,二接三,二接三阳,阳,2025-02,2025,09:45,15:00,4.0,-7.15,13:15,15:00,1.0,09:45,15:00,0.0,,,
603395.SSE,红四方,2026-08-19,二接三,二接三阴,阴,2026-08,2026,09:45,15:00,1.0,-3.41,10:00,15:00,1.0,09:45,15:00,1.0,,,
603407.SSE,长裕集团,2026-06-23,二接三,二接三阴,阴,2026-06,2026,09:45,15:00,2.0,-3.0,09:45,15:00,0.0,09:45,15:00,0.0,,,
603407.SSE,长裕集团,2026-06-24,三接四,三接四阴,阴,2026-06,2026,09:45,15:00,1.0,-12.63,09:45,15:00,0.0,09:45,15:00,0.0,09:45,15:00,2.0
603421.SSE,鼎信通讯,2024-09-12,二接三,二接三阳,阳,2024-09,2024,09:45,09:45,1.0,-10.75,13:30,15:00,1.0,09:45,15:00,1.0,,,
603421.SSE,鼎信通讯,2024-12-20,二接三,二接三阴,阴,2024-12,2024,09:45,15:00,4.0,-7.04,13:30,15:00,1.0,09:45,15:00,1.0,,,
603421.SSE,鼎信通讯,2024-12-23,三接四,三接四阴,阴,2024-12,2024,09:45,15:00,1.0,-6.09,13:30,15:00,1.0,09:45,15:00,1.0,09:45,15:00,4.0
603459.SSE,红板科技,2026-05-12,三接四,三接四阳,阳,2026-05,2026,09:45,13:30,2.0,-9.23,15:00,15:00,1.0,09:45,15:00,1.0,09:45,15:00,0.0
603466.SSE,风语筑,2024-12-10,三接四,三接四阴,阴,2024-12,2024,10:45,13:30,2.0,-8.96,09:45,15:00,1.0,09:45,15:00,0.0,09:45,15:00,0.0
603466.SSE,风语筑,2026-02-11,二接三,二接三阳,阳,2026-02,2026,09:45,09:45,1.0,-7.96,09:45,15:00,0.0,09:45,15:00,1.0,,,
603488.SSE,展鹏科技,2026-01-09,二接三,二接三阳,阳,2026-01,2026,09:45,09:45,1.0,-12.06,14:15,15:00,1.0,13:15,15:00,1.0,,,
603496.SSE,恒为科技,2025-02-28,二接三,二接三阳,阳,2025-02,2025,10:15,15:00,4.0,-5.51,13:15,15:00,1.0,09:45,15:00,4.0,,,
603496.SSE,恒为科技,2025-03-03,三接四,三接四阳,阳,2025-03,2025,14:30,15:00,1.0,-5.51,13:15,15:00,1.0,09:45,15:00,4.0,10:15,15:00,4.0
603496.SSE,恒为科技,2026-01-13,二接三,二接三阳,阳,2026-01,2026,09:45,09:45,1.0,-10.86,14:00,15:00,1.0,09:45,15:00,0.0,,,
603500.SSE,祥和实业,2026-06-08,二接三,二接三阴,阴,2026-06,2026,09:45,15:00,2.0,-3.79,09:45,15:00,1.0,09:45,15:00,0.0,,,
603511.SSE,爱慕股份,2025-01-16,二接三,二接三阳,阳,2025-01,2025,09:45,15:00,1.0,-0.79,09:45,15:00,0.0,09:45,15:00,0.0,,,
603511.SSE,爱慕股份,2025-01-17,三接四,三接四阳,阳,2025-01,2025,09:45,15:00,2.0,-13.81,09:45,15:00,0.0,09:45,15:00,0.0,09:45,15:00,1.0
603516.SSE,淳中科技,2025-09-11,二接三,二接三阳,阳,2025-09,2025,10:15,15:00,1.0,-3.13,10:00,15:00,1.0,09:45,15:00,2.0,,,
603516.SSE,淳中科技,2025-09-12,三接四,三接四阳,阳,2025-09,2025,10:15,15:00,1.0,-1.49,10:00,15:00,1.0,09:45,15:00,2.0,10:15,15:00,1.0
603518.SSE,锦泓集团,2025-05-29,二接三,二接三阳,阳,2025-05,2025,10:30,15:00,6.0,-4.19,09:45,15:00,1.0,09:45,15:00,3.0,,,
603527.SSE,众源新材,2024-11-22,三接四,三接四阴,阴,2024-11,2024,09:45,15:00,4.0,-6.33,10:45,15:00,2.0,09:45,15:00,0.0,09:45,15:00,0.0
603536.SSE,惠发食品,2024-12-11,二接三,二接三阳,阳,2024-12,2024,09:45,15:00,2.0,-10.52,10:45,15:00,1.0,09:45,15:00,0.0,,,
603536.SSE,惠发食品,2024-12-12,三接四,三接四阳,阳,2024-12,2024,09:45,15:00,1.0,-6.31,10:45,15:00,1.0,09:45,15:00,0.0,09:45,15:00,2.0
603538.SSE,美诺华,2026-03-26,二接三,二接三阴,阴,2026-03,2026,09:45,15:00,1.0,-5.47,09:45,15:00,1.0,09:45,15:00,3.0,,,
603538.SSE,美诺华,2026-03-27,三接四,三接四阴,阴,2026-03,2026,09:45,15:00,1.0,-5.13,09:45,15:00,1.0,09:45,15:00,3.0,09:45,15:00,1.0
603577.SSE,汇金通,2025-05-28,二接三,二接三阳,阳,2025-05,2025,09:45,15:00,4.0,-7.16,10:00,15:00,1.0,09:45,15:00,0.0,,,
603577.SSE,汇金通,2025-05-29,三接四,三接四阳,阳,2025-05,2025,13:45,14:00,2.0,-6.35,10:00,15:00,1.0,09:45,15:00,0.0,09:45,15:00,4.0
603579.SSE,荣泰健康,2025-03-28,二接三,二接三阴,阴,2025-03,2025,09:45,15:00,1.0,-11.66,14:30,15:00,1.0,09:45,15:00,1.0,,,
603579.SSE,荣泰健康,2025-03-31,三接四,三接四阴,阴,2025-03,2025,09:45,15:00,1.0,-4.71,14:30,15:00,1.0,09:45,15:00,1.0,09:45,15:00,1.0
603580.SSE,艾艾精工,2026-07-06,二接三,二接三阴,阴,2026-07,2026,09:45,13:45,4.0,-10.05,10:15,15:00,1.0,09:45,15:00,2.0,,,
603583.SSE,捷昌驱动,2024-12-03,二接三,二接三阴,阴,2024-12,2024,10:30,15:00,7.0,-5.27,14:45,15:00,2.0,10:15,15:00,1.0,,,
603583.SSE,捷昌驱动,2025-03-06,二接三,二接三阳,阳,2025-03,2025,09:45,15:00,1.0,-5.03,10:30,15:00,1.0,09:45,15:00,2.0,,,
603585.SSE,苏利股份,2025-12-19,二接三,二接三阴,阴,2025-12,2025,10:30,15:00,6.0,-3.12,13:15,15:00,1.0,09:45,15:00,1.0,,,
603586.SSE,金麒麟,2025-05-07,二接三,二接三阴,阴,2025-05,2025,09:45,09:45,1.0,-13.99,11:15,15:00,1.0,09:45,15:00,1.0,,,
603596.SSE,伯特利,2025-02-07,二接三,二接三阳,阳,2025-02,2025,11:30,13:15,2.0,-4.67,14:30,15:00,1.0,13:30,15:00,1.0,,,
603598.SSE,引力传媒,2024-12-13,二接三,二接三阳,阳,2024-12,2024,10:00,14:30,6.0,-7.17,09:45,15:00,2.0,09:45,15:00,2.0,,,
603598.SSE,引力传媒,2025-01-16,二接三,二接三阳,阳,2025-01,2025,09:45,15:00,3.0,-3.04,09:45,15:00,0.0,09:45,15:00,0.0,,,
603598.SSE,引力传媒,2026-01-07,二接三,二接三阳,阳,2026-01,2026,09:45,15:00,1.0,-8.84,09:45,15:00,3.0,09:45,15:00,2.0,,,
603598.SSE,引力传媒,2026-01-08,三接四,三接四阳,阳,2026-01,2026,11:15,14:15,2.0,-7.19,09:45,15:00,3.0,09:45,15:00,2.0,09:45,15:00,1.0
603598.SSE,引力传媒,2026-01-13,二接三,二接三阳,阳,2026-01,2026,09:45,15:00,1.0,-1.56,09:45,15:00,1.0,09:45,15:00,0.0,,,
603601.SSE,再升科技,2025-07-02,二接三,二接三阴,阴,2025-07,2025,09:45,15:00,2.0,-2.24,09:45,15:00,1.0,09:45,15:00,0.0,,,
603601.SSE,再升科技,2025-12-11,三接四,三接四阳,阳,2025-12,2025,09:45,15:00,1.0,-0.91,09:45,15:00,0.0,09:45,15:00,1.0,09:45,15:00,0.0
603601.SSE,再升科技,2025-12-26,二接三,二接三阴,阴,2025-12,2025,09:45,15:00,6.0,-6.15,09:45,15:00,1.0,09:45,15:00,1.0,,,
603607.SSE,京华激光,2025-05-26,二接三,二接三阴,阴,2025-05,2025,13:45,15:00,1.0,-6.63,09:45,15:00,5.0,14:00,15:00,2.0,,,
603607.SSE,京华激光,2025-05-27,三接四,三接四阴,阴,2025-05,2025,09:45,15:00,1.0,-1.12,09:45,15:00,5.0,14:00,15:00,2.0,13:45,15:00,1.0
603608.SSE,天创时尚,2026-01-05,二接三,二接三阴,阴,2026-01,2026,09:45,09:45,1.0,-16.59,10:00,15:00,3.0,09:45,15:00,0.0,,,
603610.SSE,麒盛科技,2025-05-09,三接四,三接四阳,阳,2025-05,2025,10:00,15:00,4.0,-10.51,15:00,15:00,1.0,09:45,15:00,3.0,09:45,15:00,0.0
603616.SSE,韩建河山,2025-07-23,二接三,二接三阴,阴,2025-07,2025,09:45,15:00,3.0,-4.16,09:45,15:00,1.0,09:45,15:00,1.0,,,
603616.SSE,韩建河山,2025-07-24,三接四,三接四阴,阴,2025-07,2025,09:45,15:00,1.0,-16.49,09:45,15:00,1.0,09:45,15:00,1.0,09:45,15:00,3.0
603616.SSE,韩建河山,2026-02-06,三接四,三接四阳,阳,2026-02,2026,09:45,15:00,1.0,-3.14,10:00,15:00,1.0,09:45,15:00,0.0,09:45,15:00,0.0
603616.SSE,韩建河山,2026-06-10,二接三,二接三阳,阳,2026-06,2026,09:45,10:15,2.0,-9.35,09:45,15:00,0.0,09:45,15:00,0.0,,,
603617.SSE,君禾股份,2025-01-03,二接三,二接三阴,阴,2025-01,2025,09:45,15:00,2.0,-8.91,10:00,15:00,1.0,09:45,15:00,2.0,,,
603617.SSE,君禾股份,2025-01-06,三接四,三接四阴,阴,2025-01,2025,09:45,15:00,1.0,-2.77,10:00,15:00,1.0,09:45,15:00,2.0,09:45,15:00,2.0
603618.SSE,杭电股份,2025-09-18,二接三,二接三阴,阴,2025-09,2025,13:30,15:00,1.0,-8.27,14:30,15:00,1.0,09:45,15:00,1.0,,,
603618.SSE,杭电股份,2025-09-19,三接四,三接四阴,阴,2025-09,2025,09:45,15:00,1.0,-2.57,14:30,15:00,1.0,09:45,15:00,1.0,13:30,15:00,1.0
603618.SSE,杭电股份,2026-02-03,二接三,二接三阴,阴,2026-02,2026,09:45,15:00,1.0,-0.91,13:30,15:00,1.0,09:45,15:00,0.0,,,
603618.SSE,杭电股份,2026-02-04,三接四,三接四阴,阴,2026-02,2026,09:45,15:00,2.0,-2.58,13:30,15:00,1.0,09:45,15:00,0.0,09:45,15:00,1.0
603618.SSE,杭电股份,2026-03-31,二接三,二接三阳,阳,2026-03,2026,10:00,14:15,3.0,-5.0,11:30,15:00,1.0,09:45,15:00,2.0,,,
603618.SSE,杭电股份,2026-05-08,二接三,二接三阴,阴,2026-05,2026,10:00,15:00,2.0,-3.51,09:45,15:00,1.0,09:45,15:00,2.0,,,
603618.SSE,杭电股份,2026-06-17,二接三,二接三阴,阴,2026-06,2026,09:45,15:00,1.0,-7.21,10:00,15:00,1.0,09:45,15:00,1.0,,,
603618.SSE,杭电股份,2026-08-28,二接三,二接三阳,阳,2026-08,2026,09:45,09:45,1.0,-7.69,09:45,15:00,2.0,09:45,15:00,1.0,,,
603626.SSE,科森科技,2024-08-28,二接三,二接三阳,阳,2024-08,2024,,,,,,,,,,,,,
603626.SSE,科森科技,2024-10-31,二接三,二接三阳,阳,2024-10,2024,13:15,14:45,5.0,-7.5,10:15,15:00,2.0,13:30,15:00,1.0,,,
603626.SSE,科森科技,2025-02-27,二接三,二接三阳,阳,2025-02,2025,09:45,09:45,1.0,-13.05,09:45,15:00,2.0,09:45,15:00,1.0,,,
603626.SSE,科森科技,2025-08-19,二接三,二接三阴,阴,2025-08,2025,09:45,15:00,3.0,-4.01,09:45,15:00,1.0,09:45,15:00,0.0,,,
603626.SSE,科森科技,2025-09-18,二接三,二接三阴,阴,2025-09,2025,09:45,15:00,5.0,-4.58,10:15,15:00,3.0,09:45,15:00,2.0,,,
603629.SSE,利通电子,2026-02-03,二接三,二接三阳,阳,2026-02,2026,14:00,14:00,1.0,-6.32,13:15,15:00,1.0,11:15,15:00,3.0,,,
603629.SSE,利通电子,2026-04-16,二接三,二接三阴,阴,2026-04,2026,11:15,14:15,5.0,-1.97,10:00,15:00,1.0,13:15,15:00,1.0,,,
603629.SSE,利通电子,2026-04-30,二接三,二接三阳,阳,2026-04,2026,09:45,09:45,1.0,-5.33,09:45,15:00,0.0,09:45,15:00,1.0,,,
603629.SSE,利通电子,2026-07-23,二接三,二接三阳,阳,2026-07,2026,10:00,10:00,1.0,-8.33,11:00,15:00,1.0,09:45,15:00,1.0,,,
603629.SSE,利通电子,2026-08-06,二接三,二接三阴,阴,2026-08,2026,10:30,13:30,4.0,-2.61,09:45,15:00,1.0,09:45,15:00,2.0,,,
603636.SSE,南威软件,2025-02-06,二接三,二接三阳,阳,2025-02,2025,14:00,14:00,1.0,-7.29,09:45,15:00,5.0,09:45,15:00,0.0,,,
603657.SSE,春光科技,2025-05-08,二接三,二接三阳,阳,2025-05,2025,09:45,15:00,1.0,-4.24,13:15,15:00,2.0,09:45,15:00,1.0,,,
603657.SSE,春光科技,2025-05-09,三接四,三接四阳,阳,2025-05,2025,09:45,15:00,4.0,-12.58,13:15,15:00,2.0,09:45,15:00,1.0,09:45,15:00,1.0
603660.SSE,苏州科达,2024-11-29,三接四,三接四阳,阳,2024-11,2024,10:15,10:45,3.0,-13.67,11:00,15:00,6.0,09:45,15:00,1.0,09:45,15:00,0.0
603661.SSE,恒林股份,2026-05-26,三接四,三接四阴,阴,2026-05,2026,09:45,14:15,2.0,-5.64,14:45,15:00,1.0,09:45,15:00,0.0,09:45,15:00,0.0
603663.SSE,三祥新材,2026-06-23,二接三,二接三阴,阴,2026-06,2026,10:15,10:15,1.0,-6.48,09:45,15:00,3.0,09:45,15:00,2.0,,,
603666.SSE,亿嘉和,2024-08-30,二接三,二接三阳,阳,2024-08,2024,,,,,,,,,,,,,
603666.SSE,亿嘉和,2024-11-04,二接三,二接三阳,阳,2024-11,2024,09:45,15:00,1.0,-7.32,10:00,15:00,3.0,11:00,15:00,2.0,,,
603666.SSE,亿嘉和,2024-11-05,三接四,三接四阳,阳,2024-11,2024,09:45,15:00,1.0,-1.76,10:00,15:00,3.0,11:00,15:00,2.0,09:45,15:00,1.0
603667.SSE,五洲新春,2024-12-03,二接三,二接三阴,阴,2024-12,2024,09:45,15:00,1.0,-5.65,11:30,15:00,1.0,10:00,15:00,1.0,,,
603667.SSE,五洲新春,2025-01-13,二接三,二接三阳,阳,2025-01,2025,09:45,11:30,2.0,-10.7,13:15,15:00,1.0,09:45,15:00,1.0,,,
603667.SSE,五洲新春,2025-01-16,二接三,二接三阴,阴,2025-01,2025,09:45,11:00,4.0,-5.96,10:00,15:00,1.0,09:45,15:00,0.0,,,
603667.SSE,五洲新春,2025-12-31,二接三,二接三阳,阳,2025-12,2025,09:45,15:00,1.0,-3.72,10:30,15:00,3.0,09:45,15:00,2.0,,,
603667.SSE,五洲新春,2026-01-05,三接四,三接四阳,阳,2026-01,2026,09:45,10:15,2.0,-11.65,10:30,15:00,3.0,09:45,15:00,2.0,09:45,15:00,1.0
603669.SSE,灵康药业,2024-12-05,二接三,二接三阳,阳,2024-12,2024,09:45,09:45,1.0,-8.98,10:30,15:00,3.0,09:45,15:00,2.0,,,
603677.SSE,奇精机械,2025-03-14,二接三,二接三阳,阳,2025-03,2025,09:45,15:00,1.0,-4.72,10:00,15:00,1.0,09:45,15:00,0.0,,,
603678.SSE,火炬电子,2026-06-03,二接三,二接三阴,阴,2026-06,2026,10:00,14:00,3.0,-4.14,09:45,15:00,2.0,10:30,15:00,1.0,,,
603679.SSE,华体科技,2025-12-22,二接三,二接三阳,阳,2025-12,2025,09:45,09:45,1.0,-18.13,13:30,15:00,1.0,09:45,15:00,0.0,,,
603681.SSE,永冠新材,2025-05-27,二接三,二接三阳,阳,2025-05,2025,13:45,15:00,1.0,-2.09,10:00,15:00,1.0,09:45,15:00,6.0,,,
603686.SSE,福龙马,2024-12-27,三接四,三接四阳,阳,2024-12,2024,09:45,09:45,1.0,-13.87,09:45,15:00,1.0,09:45,15:00,1.0,09:45,15:00,0.0
603686.SSE,福龙马,2025-09-22,二接三,二接三阴,阴,2025-09,2025,09:45,15:00,1.0,-2.6,11:00,15:00,3.0,09:45,15:00,1.0,,,
603686.SSE,福龙马,2025-09-23,三接四,三接四阴,阴,2025-09,2025,10:00,15:00,2.0,-5.43,11:00,15:00,3.0,09:45,15:00,1.0,09:45,15:00,1.0
603686.SSE,福龙马,2025-11-03,二接三,二接三阳,阳,2025-11,2025,09:45,10:00,2.0,-11.2,14:45,15:00,1.0,09:45,15:00,2.0,,,
603687.SSE,大胜达,2026-03-23,三接四,三接四阳,阳,2026-03,2026,09:45,15:00,11.0,-11.0,11:15,15:00,1.0,09:45,15:00,0.0,09:45,15:00,0.0
603688.SSE,石英股份,2025-04-11,二接三,二接三阳,阳,2025-04,2025,09:45,15:00,1.0,-4.48,10:00,15:00,2.0,10:15,15:00,1.0,,,
603690.SSE,至纯科技,2025-03-31,二接三,二接三阳,阳,2025-03,2025,09:45,09:45,1.0,-9.08,13:15,15:00,1.0,09:45,15:00,1.0,,,
603690.SSE,至纯科技,2026-07-28,二接三,二接三阴,阴,2026-07,2026,09:45,11:30,2.0,-6.07,09:45,15:00,2.0,09:45,15:00,1.0,,,
603693.SSE,江苏新能,2025-05-29,二接三,二接三阳,阳,2025-05,2025,09:45,15:00,1.0,-5.95,09:45,15:00,1.0,09:45,15:00,0.0,,,
603696.SSE,安记食品,2025-04-17,二接三,二接三阳,阳,2025-04,2025,09:45,15:00,1.0,-2.75,10:30,15:00,1.0,13:30,15:00,1.0,,,
603696.SSE,安记食品,2025-04-18,三接四,三接四阳,阳,2025-04,2025,09:45,15:00,1.0,-3.22,10:30,15:00,1.0,13:30,15:00,1.0,09:45,15:00,1.0
603696.SSE,安记食品,2025-12-04,二接三,二接三阳,阳,2025-12,2025,09:45,15:00,1.0,-3.95,13:15,15:00,1.0,09:45,15:00,2.0,,,
603696.SSE,安记食品,2025-12-05,三接四,三接四阳,阳,2025-12,2025,09:45,15:00,1.0,-10.94,13:15,15:00,1.0,09:45,15:00,2.0,09:45,15:00,1.0
603696.SSE,安记食品,2025-12-24,二接三,二接三阳,阳,2025-12,2025,09:45,15:00,1.0,-4.02,14:45,15:00,1.0,09:45,15:00,0.0,,,
603696.SSE,安记食品,2025-12-25,三接四,三接四阳,阳,2025-12,2025,09:45,10:15,2.0,-12.21,14:45,15:00,1.0,09:45,15:00,0.0,09:45,15:00,1.0
603697.SSE,有友食品,2024-10-30,二接三,二接三阳,阳,2024-10,2024,09:45,09:45,1.0,-8.99,09:45,15:00,0.0,09:45,15:00,1.0,,,
603698.SSE,航天工程,2025-12-25,二接三,二接三阳,阳,2025-12,2025,10:00,15:00,1.0,-1.55,10:15,15:00,7.0,09:45,15:00,3.0,,,
603700.SSE,宁水集团,2025-03-05,二接三,二接三阴,阴,2025-03,2025,09:45,15:00,1.0,-1.68,09:45,15:00,1.0,09:45,15:00,0.0,,,
603706.SSE,东方环宇,2024-11-21,二接三,二接三阳,阳,2024-11,2024,10:45,10:45,1.0,-9.01,11:30,15:00,1.0,09:45,15:00,2.0,,,
603709.SSE,中源家居,2025-09-09,三接四,三接四阴,阴,2025-09,2025,09:45,09:45,1.0,-18.17,10:15,15:00,1.0,09:45,15:00,0.0,09:45,15:00,0.0
603709.SSE,中源家居,2025-12-12,二接三,二接三阳,阳,2025-12,2025,09:45,15:00,1.0,-8.39,10:15,15:00,1.0,10:00,15:00,1.0,,,
603709.SSE,中源家居,2025-12-15,三接四,三接四阳,阳,2025-12,2025,09:45,09:45,1.0,-18.15,10:15,15:00,1.0,10:00,15:00,1.0,09:45,15:00,1.0
603716.SSE,塞力医疗,2025-02-11,二接三,二接三阳,阳,2025-02,2025,09:45,09:45,1.0,-13.2,14:00,15:00,1.0,10:30,15:00,2.0,,,
603716.SSE,塞力医疗,2025-02-18,二接三,二接三阴,阴,2025-02,2025,09:45,09:45,1.0,-8.43,09:45,15:00,1.0,09:45,15:00,0.0,,,
603716.SSE,塞力医疗,2025-03-12,二接三,二接三阴,阴,2025-03,2025,10:15,15:00,2.0,-6.17,09:45,15:00,0.0,09:45,15:00,1.0,,,
603716.SSE,塞力医疗,2025-03-13,三接四,三接四阴,阴,2025-03,2025,14:45,15:00,1.0,-0.55,09:45,15:00,0.0,09:45,15:00,1.0,10:15,15:00,2.0
603716.SSE,塞力医疗,2025-07-03,二接三,二接三阳,阳,2025-07,2025,09:45,15:00,1.0,-7.62,09:45,15:00,3.0,09:45,15:00,2.0,,,
603717.SSE,天域生物,2024-12-10,二接三,二接三阳,阳,2024-12,2024,09:45,15:00,1.0,-10.08,09:45,15:00,1.0,09:45,15:00,7.0,,,
603717.SSE,天域生物,2024-12-11,三接四,三接四阳,阳,2024-12,2024,09:45,15:00,1.0,-6.6,09:45,15:00,1.0,09:45,15:00,7.0,09:45,15:00,1.0
603719.SSE,良品铺子,2024-12-12,二接三,二接三阴,阴,2024-12,2024,09:45,15:00,4.0,-8.99,09:45,15:00,1.0,10:00,15:00,1.0,,,
603721.SSE,中广天择,2026-09-02,二接三,二接三阴,阴,2026-09,2026,09:45,09:45,1.0,-12.12,09:45,15:00,1.0,09:45,15:00,0.0,,,
603722.SSE,阿科力,2026-07-07,二接三,二接三阴,阴,2026-07,2026,09:45,11:00,3.0,-8.81,13:30,15:00,1.0,09:45,15:00,0.0,,,
603726.SSE,朗迪集团,2025-07-10,二接三,二接三阳,阳,2025-07,2025,09:45,09:45,1.0,-13.21,09:45,15:00,0.0,09:45,15:00,1.0,,,
603737.SSE,三棵树,2024-10-08,三接四,三接四阴,阴,2024-10,2024,09:45,10:45,1.0,-7.88,13:45,15:00,1.0,09:45,15:00,4.0,09:45,15:00,0.0
603738.SSE,泰晶科技,2026-05-11,二接三,二接三阳,阳,2026-05,2026,09:45,15:00,1.0,-3.21,09:45,15:00,1.0,09:45,15:00,1.0,,,
603758.SSE,秦安股份,2024-11-06,二接三,二接三阴,阴,2024-11,2024,09:45,15:00,2.0,-4.59,10:30,15:00,1.0,09:45,15:00,1.0,,,
603767.SSE,中马传动,2025-08-05,二接三,二接三阴,阴,2025-08,2025,09:45,15:00,1.0,-4.03,11:15,15:00,2.0,09:45,15:00,1.0,,,
603767.SSE,中马传动,2025-08-06,三接四,三接四阴,阴,2025-08,2025,09:45,15:00,1.0,-5.66,11:15,15:00,2.0,09:45,15:00,1.0,09:45,15:00,1.0
603773.SSE,沃格光电,2026-08-06,二接三,二接三阴,阴,2026-08,2026,10:00,15:00,1.0,-2.29,10:00,15:00,1.0,09:45,15:00,1.0,,,
603773.SSE,沃格光电,2026-08-07,三接四,三接四阴,阴,2026-08,2026,09:45,15:00,3.0,-3.46,10:00,15:00,1.0,09:45,15:00,1.0,10:00,15:00,1.0
603776.SSE,永安行,2024-12-10,三接四,三接四阳,阳,2024-12,2024,09:45,09:45,1.0,-15.73,09:45,15:00,0.0,09:45,15:00,0.0,09:45,15:00,0.0
603777.SSE,来伊份,2024-12-24,二接三,二接三阴,阴,2024-12,2024,10:30,15:00,3.0,-7.78,09:45,15:00,1.0,10:45,15:00,1.0,,,
603777.SSE,来伊份,2024-12-25,三接四,三接四阴,阴,2024-12,2024,09:45,15:00,1.0,-6.1,09:45,15:00,1.0,10:45,15:00,1.0,10:30,15:00,3.0
603777.SSE,来伊份,2025-01-13,二接三,二接三阳,阳,2025-01,2025,11:15,15:00,1.0,-6.6,09:45,15:00,1.0,09:45,15:00,4.0,,,
603777.SSE,来伊份,2025-01-14,三接四,三接四阳,阳,2025-01,2025,09:45,15:00,1.0,-8.02,09:45,15:00,1.0,09:45,15:00,4.0,11:15,15:00,1.0
603777.SSE,来伊份,2026-04-10,二接三,二接三阴,阴,2026-04,2026,09:45,15:00,2.0,-5.72,14:15,15:00,1.0,09:45,15:00,0.0,,,
603778.SSE,国晟科技,2025-07-11,二接三,二接三阳,阳,2025-07,2025,09:45,15:00,3.0,-5.81,10:15,15:00,1.0,15:00,15:00,1.0,,,
603778.SSE,国晟科技,2025-07-14,三接四,三接四阳,阳,2025-07,2025,14:30,15:00,1.0,-3.83,10:15,15:00,1.0,15:00,15:00,1.0,09:45,15:00,3.0
603778.SSE,国晟科技,2025-11-13,三接四,三接四阳,阳,2025-11,2025,10:00,15:00,3.0,-1.81,09:45,15:00,1.0,09:45,15:00,0.0,09:45,15:00,0.0
603778.SSE,国晟科技,2025-11-26,二接三,二接三阳,阳,2025-11,2025,09:45,15:00,8.0,-5.82,09:45,15:00,2.0,09:45,15:00,1.0,,,
603778.SSE,国晟科技,2025-12-01,二接三,二接三阳,阳,2025-12,2025,09:45,15:00,6.0,-7.29,09:45,15:00,2.0,09:45,15:00,2.0,,,
603778.SSE,国晟科技,2026-01-12,二接三,二接三阳,阳,2026-01,2026,09:45,15:00,3.0,-5.76,14:00,15:00,2.0,10:15,15:00,1.0,,,
603786.SSE,科博达,2025-09-18,二接三,二接三阳,阳,2025-09,2025,09:45,13:45,3.0,-6.14,15:00,15:00,1.0,09:45,15:00,1.0,,,
603787.SSE,新日股份,2025-06-12,二接三,二接三阴,阴,2025-06,2025,09:45,15:00,2.0,-10.67,11:00,15:00,1.0,09:45,15:00,0.0,,,
603799.SSE,华友钴业,2024-10-08,二接三,二接三阳,阳,2024-10,2024,09:45,15:00,6.0,-4.93,10:00,15:00,1.0,09:45,15:00,2.0,,,
603800.SSE,洪田股份,2025-08-12,二接三,二接三阴,阴,2025-08,2025,14:00,15:00,5.0,-3.02,10:30,15:00,4.0,10:00,15:00,2.0,,,
603801.SSE,志邦家居,2026-08-21,二接三,二接三阳,阳,2026-08,2026,09:45,10:00,2.0,-13.21,09:45,15:00,1.0,09:45,15:00,1.0,,,
603803.SSE,瑞斯康达,2024-11-27,二接三,二接三阴,阴,2024-11,2024,09:45,15:00,3.0,-3.07,13:15,15:00,1.0,09:45,15:00,0.0,,,
603803.SSE,瑞斯康达,2024-11-28,三接四,三接四阴,阴,2024-11,2024,09:45,15:00,1.0,-17.88,13:15,15:00,1.0,09:45,15:00,0.0,09:45,15:00,3.0
603803.SSE,瑞斯康达,2024-12-18,二接三,二接三阳,阳,2024-12,2024,09:45,15:00,1.0,-5.73,09:45,15:00,1.0,09:45,15:00,2.0,,,
603803.SSE,瑞斯康达,2024-12-19,三接四,三接四阳,阳,2024-12,2024,09:45,15:00,1.0,-2.87,09:45,15:00,1.0,09:45,15:00,2.0,09:45,15:00,1.0
603803.SSE,瑞斯康达,2025-02-11,二接三,二接三阳,阳,2025-02,2025,11:30,15:00,4.0,-3.89,10:15,15:00,1.0,09:45,15:00,1.0,,,
603803.SSE,瑞斯康达,2026-03-12,二接三,二接三阴,阴,2026-03,2026,09:45,10:00,2.0,-12.7,09:45,15:00,0.0,09:45,15:00,1.0,,,
603808.SSE,歌力思,2025-01-16,二接三,二接三阴,阴,2025-01,2025,09:45,15:00,1.0,-4.09,09:45,15:00,0.0,09:45,15:00,0.0,,,
603809.SSE,豪能股份,2024-11-05,二接三,二接三阳,阳,2024-11,2024,09:45,09:45,1.0,-10.04,09:45,15:00,5.0,09:45,15:00,1.0,,,
603811.SSE,诚意药业,2025-08-06,二接三,二接三阴,阴,2025-08,2025,09:45,10:00,2.0,-5.96,09:45,15:00,2.0,09:45,15:00,6.0,,,
603819.SSE,神力股份,2024-11-15,二接三,二接三阴,阴,2024-11,2024,09:45,09:45,1.0,-9.09,09:45,15:00,1.0,09:45,15:00,2.0,,,
603823.SSE,百合花,2025-11-04,二接三,二接三阴,阴,2025-11,2025,09:45,15:00,3.0,-5.42,10:15,15:00,1.0,09:45,15:00,3.0,,,
603829.SSE,洛凯股份,2025-06-10,二接三,二接三阳,阳,2025-06,2025,13:30,13:30,1.0,-7.18,09:45,15:00,1.0,09:45,15:00,1.0,,,
603829.SSE,洛凯股份,2025-11-19,二接三,二接三阳,阳,2025-11,2025,09:45,09:45,1.0,-10.23,11:30,15:00,1.0,09:45,15:00,1.0,,,
603839.SSE,安正时尚,2025-08-01,三接四,三接四阴,阴,2025-08,2025,09:45,09:45,1.0,-15.7,11:30,15:00,1.0,09:45,15:00,1.0,09:45,15:00,0.0
603859.SSE,能科科技,2024-12-09,二接三,二接三阴,阴,2024-12,2024,09:45,15:00,5.0,-8.19,14:00,15:00,0.0,10:15,15:00,1.0,,,
603879.SSE,永悦科技,2025-06-04,二接三,二接三阳,阳,2025-06,2025,09:45,15:00,1.0,-0.92,13:15,15:00,1.0,09:45,15:00,0.0,,,
603881.SSE,数据港,2025-02-14,二接三,二接三阳,阳,2025-02,2025,10:15,15:00,1.0,-6.42,09:45,15:00,0.0,09:45,15:00,4.0,,,
603887.SSE,城地香江,2024-10-28,二接三,二接三阳,阳,2024-10,2024,09:45,15:00,1.0,-2.63,09:45,15:00,1.0,09:45,15:00,0.0,,,
603887.SSE,城地香江,2024-10-29,三接四,三接四阳,阳,2024-10,2024,09:45,15:00,7.0,-7.39,09:45,15:00,1.0,09:45,15:00,0.0,09:45,15:00,1.0
603888.SSE,新华网,2026-01-14,二接三,二接三阳,阳,2026-01,2026,09:45,15:00,3.0,-13.58,09:45,15:00,0.0,09:45,15:00,2.0,,,
603893.SSE,瑞芯微,2025-01-09,二接三,二接三阳,阳,2025-01,2025,09:45,14:15,4.0,-6.29,11:15,15:00,1.0,10:30,15:00,2.0,,,
603900.SSE,莱绅通灵,2025-05-22,二接三,二接三阳,阳,2025-05,2025,09:45,15:00,3.0,-6.6,10:00,15:00,1.0,11:30,15:00,1.0,,,
603912.SSE,佳力图,2024-12-19,二接三,二接三阳,阳,2024-12,2024,09:45,15:00,1.0,-15.37,10:15,15:00,1.0,10:00,15:00,7.0,,,
603912.SSE,佳力图,2024-12-20,三接四,三接四阳,阳,2024-12,2024,09:45,10:00,2.0,-11.0,10:15,15:00,1.0,10:00,15:00,7.0,09:45,15:00,1.0
603915.SSE,国茂股份,2024-11-21,二接三,二接三阴,阴,2024-11,2024,09:45,10:00,2.0,-8.64,14:30,15:00,1.0,09:45,15:00,1.0,,,
603916.SSE,苏博特,2025-07-24,三接四,三接四阴,阴,2025-07,2025,09:45,15:00,1.0,-1.29,09:45,15:00,0.0,09:45,15:00,0.0,09:45,15:00,0.0
603918.SSE,金桥信息,2024-11-13,三接四,三接四阳,阳,2024-11,2024,10:00,15:00,6.0,-9.26,09:45,15:00,1.0,09:45,15:00,1.0,09:45,15:00,0.0
603918.SSE,金桥信息,2025-02-17,二接三,二接三阳,阳,2025-02,2025,09:45,09:45,1.0,-12.88,11:00,15:00,1.0,11:00,15:00,5.0,,,
603926.SSE,铁流股份,2026-01-21,二接三,二接三阴,阴,2026-01,2026,09:45,15:00,8.0,-6.75,09:45,15:00,2.0,09:45,15:00,1.0,,,
603928.SSE,兴业股份,2025-01-22,三接四,三接四阴,阴,2025-01,2025,09:45,15:00,1.0,-3.08,13:15,15:00,1.0,09:45,15:00,0.0,09:45,15:00,0.0
603928.SSE,兴业股份,2025-06-23,二接三,二接三阴,阴,2025-06,2025,09:45,15:00,1.0,-10.72,11:00,15:00,1.0,10:45,15:00,1.0,,,
603928.SSE,兴业股份,2026-06-30,二接三,二接三阴,阴,2026-06,2026,09:45,15:00,1.0,-4.46,10:00,15:00,1.0,09:45,15:00,1.0,,,
603928.SSE,兴业股份,2026-07-01,三接四,三接四阴,阴,2026-07,2026,09:45,09:45,1.0,-13.14,10:00,15:00,1.0,09:45,15:00,1.0,09:45,15:00,1.0
603928.SSE,兴业股份,2026-07-10,二接三,二接三阳,阳,2026-07,2026,14:45,14:45,1.0,-5.05,09:45,15:00,1.0,09:45,15:00,3.0,,,
603929.SSE,亚翔集成,2026-03-17,二接三,二接三阴,阴,2026-03,2026,10:15,15:00,3.0,-0.82,09:45,15:00,1.0,10:00,15:00,2.0,,,
603929.SSE,亚翔集成,2026-06-10,二接三,二接三阳,阳,2026-06,2026,09:45,11:30,4.0,-9.45,09:45,15:00,3.0,09:45,15:00,1.0,,,
603933.SSE,睿能科技,2025-10-20,二接三,二接三阴,阴,2025-10,2025,09:45,15:00,2.0,-9.42,09:45,15:00,1.0,09:45,15:00,1.0,,,
603933.SSE,睿能科技,2025-12-01,二接三,二接三阳,阳,2025-12,2025,09:45,15:00,1.0,-4.74,09:45,15:00,2.0,13:15,15:00,1.0,,,
603933.SSE,睿能科技,2025-12-02,三接四,三接四阳,阳,2025-12,2025,09:45,15:00,3.0,-11.1,09:45,15:00,2.0,13:15,15:00,1.0,09:45,15:00,1.0
603937.SSE,丽岛新材,2026-05-06,二接三,二接三阳,阳,2026-05,2026,09:45,15:00,1.0,-6.02,09:45,15:00,1.0,10:00,15:00,2.0,,,
603937.SSE,丽岛新材,2026-05-07,三接四,三接四阳,阳,2026-05,2026,09:45,10:00,2.0,-14.46,09:45,15:00,1.0,10:00,15:00,2.0,09:45,15:00,1.0
603938.SSE,三孚股份,2025-10-17,二接三,二接三阴,阴,2025-10,2025,09:45,15:00,3.0,-6.1,15:00,15:00,1.0,09:45,15:00,0.0,,,
603938.SSE,三孚股份,2026-01-12,二接三,二接三阳,阳,2026-01,2026,14:45,15:00,2.0,-4.49,09:45,15:00,0.0,09:45,15:00,5.0,,,
603938.SSE,三孚股份,2026-05-20,二接三,二接三阴,阴,2026-05,2026,09:45,15:00,1.0,-5.97,09:45,15:00,1.0,09:45,15:00,3.0,,,
603938.SSE,三孚股份,2026-06-24,二接三,二接三阴,阴,2026-06,2026,13:15,15:00,2.0,-2.42,09:45,15:00,2.0,10:15,15:00,2.0,,,
603948.SSE,建业股份,2025-06-24,二接三,二接三阴,阴,2025-06,2025,09:45,15:00,1.0,-1.81,10:45,15:00,1.0,09:45,15:00,0.0,,,
603949.SSE,雪龙集团,2025-02-27,二接三,二接三阴,阴,2025-02,2025,09:45,15:00,1.0,-2.2,09:45,15:00,0.0,09:45,15:00,1.0,,,
603949.SSE,雪龙集团,2025-02-28,三接四,三接四阴,阴,2025-02,2025,09:45,09:45,1.0,-17.34,09:45,15:00,0.0,09:45,15:00,1.0,09:45,15:00,1.0
603949.SSE,雪龙集团,2025-03-21,三接四,三接四阳,阳,2025-03,2025,09:45,15:00,3.0,-8.59,09:45,15:00,1.0,09:45,15:00,0.0,09:45,15:00,0.0
603950.SSE,长源东谷,2026-03-02,二接三,二接三阴,阴,2026-03,2026,14:30,15:00,1.0,-0.92,11:15,15:00,1.0,09:45,15:00,1.0,,,
603950.SSE,长源东谷,2026-03-03,三接四,三接四阴,阴,2026-03,2026,11:30,11:30,1.0,-8.1,11:15,15:00,1.0,09:45,15:00,1.0,14:30,15:00,1.0
603950.SSE,长源东谷,2026-04-13,三接四,三接四阴,阴,2026-04,2026,10:00,15:00,2.0,-3.33,09:45,15:00,0.0,09:45,15:00,0.0,09:45,15:00,0.0
603950.SSE,长源东谷,2026-07-01,二接三,二接三阴,阴,2026-07,2026,09:45,09:45,1.0,-8.15,09:45,15:00,3.0,09:45,15:00,1.0,,,
603956.SSE,威派格,2025-02-13,二接三,二接三阳,阳,2025-02,2025,09:45,15:00,1.0,-2.34,13:15,15:00,1.0,09:45,15:00,1.0,,,
603956.SSE,威派格,2026-06-29,二接三,二接三阴,阴,2026-06,2026,09:45,15:00,2.0,-13.26,09:45,15:00,1.0,09:45,15:00,0.0,,,
603958.SSE,哈森股份,2024-10-28,二接三,二接三阴,阴,2024-10,2024,09:45,15:00,4.0,-6.18,10:30,15:00,1.0,13:15,15:00,2.0,,,
603958.SSE,哈森股份,2024-10-29,三接四,三接四阴,阴,2024-10,2024,09:45,15:00,2.0,-8.98,10:30,15:00,1.0,13:15,15:00,2.0,09:45,15:00,4.0
603958.SSE,哈森股份,2024-12-30,三接四,三接四阳,阳,2024-12,2024,10:00,15:00,1.0,-1.67,10:45,15:00,1.0,09:45,15:00,0.0,09:45,15:00,0.0
603958.SSE,哈森股份,2025-03-13,二接三,二接三阳,阳,2025-03,2025,14:30,14:30,1.0,-15.75,09:45,15:00,1.0,11:00,15:00,2.0,,,
603958.SSE,哈森股份,2026-01-30,二接三,二接三阴,阴,2026-01,2026,14:15,14:15,1.0,-4.71,09:45,15:00,3.0,09:45,15:00,8.0,,,
603958.SSE,哈森股份,2026-08-19,二接三,二接三阳,阳,2026-08,2026,09:45,09:45,1.0,-18.22,09:45,15:00,1.0,09:45,15:00,0.0,,,
603958.SSE,哈森股份,2026-08-24,二接三,二接三阴,阴,2026-08,2026,09:45,15:00,3.0,-7.03,09:45,15:00,1.0,09:45,15:00,1.0,,,
603966.SSE,法兰泰克,2025-07-23,二接三,二接三阴,阴,2025-07,2025,09:45,15:00,0.0,-0.08,09:45,15:00,0.0,09:45,15:00,0.0,,,
603978.SSE,深圳新星,2024-10-23,二接三,二接三阳,阳,2024-10,2024,10:00,13:15,8.0,-8.65,09:45,15:00,8.0,09:45,15:00,2.0,,,
603978.SSE,深圳新星,2025-11-10,二接三,二接三阳,阳,2025-11,2025,09:45,14:00,1.0,-13.09,09:45,15:00,1.0,09:45,15:00,1.0,,,
603980.SSE,吉华集团,2024-12-26,二接三,二接三阴,阴,2024-12,2024,09:45,15:00,1.0,-6.98,09:45,15:00,1.0,09:45,15:00,3.0,,,
603980.SSE,吉华集团,2026-02-11,二接三,二接三阳,阳,2026-02,2026,10:00,15:00,5.0,-5.5,09:45,15:00,0.0,09:45,15:00,0.0,,,
603985.SSE,恒润股份,2024-10-29,二接三,二接三阴,阴,2024-10,2024,10:45,15:00,6.0,-3.32,10:30,15:00,1.0,09:45,15:00,3.0,,,
603985.SSE,恒润股份,2025-04-02,二接三,二接三阴,阴,2025-04,2025,09:45,15:00,1.0,-6.34,11:30,15:00,1.0,09:45,15:00,0.0,,,
603988.SSE,中电电机,2024-09-25,二接三,二接三阳,阳,2024-09,2024,09:45,11:15,3.0,-17.64,10:30,15:00,2.0,09:45,15:00,1.0,,,
603988.SSE,中电电机,2025-09-19,二接三,二接三阴,阴,2025-09,2025,09:45,09:45,1.0,-13.69,10:15,15:00,1.0,09:45,15:00,5.0,,,
603989.SSE,艾华集团,2026-06-18,二接三,二接三阳,阳,2026-06,2026,09:45,15:00,1.0,-4.53,13:15,15:00,1.0,09:45,15:00,1.0,,,
603989.SSE,艾华集团,2026-06-22,三接四,三接四阳,阳,2026-06,2026,09:45,15:00,3.0,-10.6,13:15,15:00,1.0,09:45,15:00,1.0,09:45,15:00,1.0
603990.SSE,麦迪科技,2024-12-06,二接三,二接三阳,阳,2024-12,2024,09:45,09:45,1.0,-12.14,09:45,15:00,1.0,09:45,15:00,1.0,,,
603990.SSE,麦迪科技,2025-01-10,二接三,二接三阳,阳,2025-01,2025,09:45,15:00,1.0,-2.23,09:45,15:00,0.0,09:45,15:00,0.0,,,
603990.SSE,麦迪科技,2025-01-13,三接四,三接四阳,阳,2025-01,2025,10:00,10:00,1.0,-18.07,09:45,15:00,0.0,09:45,15:00,0.0,09:45,15:00,1.0
605005.SSE,合兴股份,2025-05-30,二接三,二接三阳,阳,2025-05,2025,09:45,09:45,1.0,-13.29,10:15,15:00,1.0,09:45,15:00,0.0,,,
605005.SSE,合兴股份,2025-06-05,二接三,二接三阴,阴,2025-06,2025,09:45,09:45,1.0,-17.21,09:45,15:00,1.0,09:45,15:00,0.0,,,
605006.SSE,山东玻纤,2024-12-06,二接三,二接三阳,阳,2024-12,2024,09:45,15:00,5.0,-13.63,11:30,15:00,3.0,10:00,15:00,2.0,,,
605006.SSE,山东玻纤,2024-12-09,三接四,三接四阳,阳,2024-12,2024,09:45,15:00,4.0,-8.59,11:30,15:00,3.0,10:00,15:00,2.0,09:45,15:00,5.0
605006.SSE,山东玻纤,2026-05-11,二接三,二接三阳,阳,2026-05,2026,09:45,15:00,1.0,-2.69,09:45,15:00,2.0,09:45,15:00,1.0,,,
605007.SSE,五洲特纸,2025-12-26,二接三,二接三阳,阳,2025-12,2025,09:45,15:00,5.0,-5.83,13:45,15:00,2.0,09:45,15:00,1.0,,,
605018.SSE,长华集团,2025-01-23,二接三,二接三阳,阳,2025-01,2025,10:15,10:15,1.0,-16.36,09:45,15:00,1.0,09:45,15:00,1.0,,,
605028.SSE,世茂能源,2025-08-21,二接三,二接三阴,阴,2025-08,2025,09:45,15:00,1.0,-5.88,11:00,15:00,1.0,09:45,15:00,2.0,,,
605033.SSE,美邦股份,2025-01-06,二接三,二接三阴,阴,2025-01,2025,09:45,15:00,2.0,-18.18,10:30,15:00,1.0,09:45,15:00,1.0,,,
605033.SSE,美邦股份,2025-01-07,三接四,三接四阴,阴,2025-01,2025,09:45,15:00,1.0,-12.04,10:30,15:00,1.0,09:45,15:00,1.0,09:45,15:00,2.0
605055.SSE,迎丰股份,2025-05-14,三接四,三接四阳,阳,2025-05,2025,13:30,15:00,1.0,-9.22,09:45,15:00,1.0,09:45,15:00,1.0,09:45,15:00,0.0
605058.SSE,澳弘电子,2025-01-21,二接三,二接三阴,阴,2025-01,2025,14:00,14:00,1.0,-7.02,09:45,15:00,1.0,09:45,15:00,1.0,,,
605066.SSE,天正电气,2024-12-27,二接三,二接三阳,阳,2024-12,2024,09:45,14:30,4.0,-7.37,13:15,15:00,1.0,09:45,15:00,0.0,,,
605066.SSE,天正电气,2025-03-03,二接三,二接三阳,阳,2025-03,2025,09:45,15:00,1.0,-1.69,09:45,15:00,1.0,09:45,15:00,1.0,,,
605066.SSE,天正电气,2025-03-04,三接四,三接四阳,阳,2025-03,2025,10:15,15:00,4.0,-12.09,09:45,15:00,1.0,09:45,15:00,1.0,09:45,15:00,1.0
605068.SSE,明新旭腾,2026-07-29,二接三,二接三阳,阳,2026-07,2026,09:45,15:00,1.0,-2.14,10:00,15:00,1.0,09:45,15:00,1.0,,,
605068.SSE,明新旭腾,2026-07-30,三接四,三接四阳,阳,2026-07,2026,09:45,15:00,1.0,-1.41,10:00,15:00,1.0,09:45,15:00,1.0,09:45,15:00,1.0
605069.SSE,正和生态,2024-10-30,二接三,二接三阳,阳,2024-10,2024,09:45,15:00,1.0,-5.22,09:45,15:00,1.0,09:45,15:00,0.0,,,
605069.SSE,正和生态,2025-02-05,二接三,二接三阳,阳,2025-02,2025,09:45,09:45,1.0,-13.61,10:00,15:00,1.0,09:45,15:00,1.0,,,
605069.SSE,正和生态,2025-03-26,二接三,二接三阳,阳,2025-03,2025,10:45,15:00,3.0,-7.82,14:45,15:00,1.0,09:45,15:00,2.0,,,
605069.SSE,正和生态,2026-06-24,二接三,二接三阳,阳,2026-06,2026,09:45,15:00,9.0,-8.14,09:45,15:00,1.0,09:45,15:00,1.0,,,
605086.SSE,龙高股份,2024-12-18,二接三,二接三阴,阴,2024-12,2024,09:45,15:00,1.0,-8.7,09:45,15:00,1.0,10:45,15:00,1.0,,,
605086.SSE,龙高股份,2024-12-19,三接四,三接四阴,阴,2024-12,2024,09:45,09:45,1.0,-12.33,09:45,15:00,1.0,10:45,15:00,1.0,09:45,15:00,1.0
605099.SSE,共创草坪,2025-06-04,二接三,二接三阴,阴,2025-06,2025,09:45,15:00,1.0,-5.13,13:15,15:00,1.0,09:45,15:00,0.0,,,
605099.SSE,共创草坪,2025-06-05,三接四,三接四阴,阴,2025-06,2025,09:45,15:00,1.0,-3.63,13:15,15:00,1.0,09:45,15:00,0.0,09:45,15:00,1.0
605100.SSE,华丰股份,2025-02-25,二接三,二接三阳,阳,2025-02,2025,09:45,15:00,1.0,-13.66,09:45,15:00,1.0,09:45,15:00,1.0,,,
605100.SSE,华丰股份,2025-03-12,二接三,二接三阴,阴,2025-03,2025,09:45,09:45,1.0,-15.46,09:45,15:00,2.0,10:00,15:00,1.0,,,
605133.SSE,嵘泰股份,2025-05-07,二接三,二接三阳,阳,2025-05,2025,09:45,09:45,1.0,-9.4,10:15,15:00,4.0,11:00,15:00,2.0,,,
605136.SSE,丽人丽妆,2025-05-19,二接三,二接三阳,阳,2025-05,2025,09:45,15:00,2.0,-10.13,09:45,15:00,2.0,09:45,15:00,0.0,,,
605136.SSE,丽人丽妆,2025-05-20,三接四,三接四阳,阳,2025-05,2025,09:45,15:00,1.0,-6.31,09:45,15:00,2.0,09:45,15:00,0.0,09:45,15:00,2.0
605138.SSE,盛泰集团,2025-05-15,二接三,二接三阴,阴,2025-05,2025,10:00,15:00,6.0,-5.06,10:00,15:00,2.0,13:45,15:00,1.0,,,
605155.SSE,西大门,2025-03-12,二接三,二接三阳,阳,2025-03,2025,09:45,14:00,3.0,-10.31,14:45,15:00,1.0,14:00,15:00,1.0,,,
605162.SSE,新中港,2025-07-08,二接三,二接三阳,阳,2025-07,2025,09:45,15:00,2.0,-4.65,09:45,15:00,1.0,09:45,15:00,1.0,,,
605162.SSE,新中港,2025-07-09,三接四,三接四阳,阳,2025-07,2025,14:45,15:00,1.0,-5.37,09:45,15:00,1.0,09:45,15:00,1.0,09:45,15:00,2.0
605162.SSE,新中港,2026-04-02,二接三,二接三阴,阴,2026-04,2026,09:45,15:00,3.0,-4.63,11:00,15:00,1.0,10:30,15:00,2.0,,,
605162.SSE,新中港,2026-04-03,三接四,三接四阴,阴,2026-04,2026,09:45,09:45,1.0,-17.72,11:00,15:00,1.0,10:30,15:00,2.0,09:45,15:00,3.0
605169.SSE,洪通燃气,2025-05-19,二接三,二接三阴,阴,2025-05,2025,09:45,09:45,1.0,-15.92,09:45,15:00,1.0,09:45,15:00,0.0,,,
605169.SSE,洪通燃气,2025-08-07,二接三,二接三阳,阳,2025-08,2025,10:45,15:00,1.0,-14.13,10:15,15:00,1.0,09:45,15:00,0.0,,,
605179.SSE,一鸣食品,2024-11-28,二接三,二接三阳,阳,2024-11,2024,10:45,15:00,3.0,-7.43,10:30,15:00,1.0,14:00,15:00,3.0,,,
605179.SSE,一鸣食品,2024-11-29,三接四,三接四阳,阳,2024-11,2024,10:30,15:00,1.0,-5.34,10:30,15:00,1.0,14:00,15:00,3.0,10:45,15:00,3.0
605179.SSE,一鸣食品,2026-07-31,三接四,三接四阳,阳,2026-07,2026,09:45,15:00,1.0,-12.24,10:15,15:00,1.0,09:45,15:00,1.0,09:45,15:00,0.0
605179.SSE,一鸣食品,2026-08-12,二接三,二接三阳,阳,2026-08,2026,10:15,15:00,2.0,-1.94,10:00,15:00,2.0,09:45,15:00,5.0,,,
605179.SSE,一鸣食品,2026-08-13,三接四,三接四阳,阳,2026-08,2026,10:00,15:00,5.0,-1.38,10:00,15:00,2.0,09:45,15:00,5.0,10:15,15:00,2.0
605188.SSE,国光连锁,2025-04-16,二接三,二接三阳,阳,2025-04,2025,09:45,15:00,4.0,-12.28,09:45,15:00,1.0,09:45,15:00,0.0,,,
605188.SSE,国光连锁,2025-04-17,三接四,三接四阳,阳,2025-04,2025,09:45,15:00,1.0,-4.07,09:45,15:00,1.0,09:45,15:00,0.0,09:45,15:00,4.0
605188.SSE,国光连锁,2025-08-13,二接三,二接三阳,阳,2025-08,2025,09:45,15:00,4.0,-7.04,10:30,15:00,1.0,09:45,15:00,0.0,,,
605188.SSE,国光连锁,2025-08-28,二接三,二接三阳,阳,2025-08,2025,09:45,15:00,1.0,-7.79,14:45,15:00,1.0,10:00,15:00,1.0,,,
605188.SSE,国光连锁,2025-08-29,三接四,三接四阳,阳,2025-08,2025,09:45,14:00,3.0,-11.41,14:45,15:00,1.0,10:00,15:00,1.0,09:45,15:00,1.0
605188.SSE,国光连锁,2025-10-15,二接三,二接三阳,阳,2025-10,2025,11:00,15:00,1.0,-4.21,09:45,15:00,1.0,10:45,15:00,2.0,,,
605189.SSE,富春染织,2026-07-03,二接三,二接三阴,阴,2026-07,2026,13:30,15:00,1.0,-8.16,10:00,15:00,1.0,13:45,15:00,1.0,,,
605198.SSE,安德利,2026-06-16,二接三,二接三阴,阴,2026-06,2026,09:45,15:00,3.0,-4.34,09:45,15:00,1.0,09:45,15:00,3.0,,,
605198.SSE,安德利,2026-06-17,三接四,三接四阴,阴,2026-06,2026,10:00,13:30,7.0,-6.2,09:45,15:00,1.0,09:45,15:00,3.0,09:45,15:00,3.0
605208.SSE,永茂泰,2025-01-07,二接三,二接三阴,阴,2025-01,2025,10:15,11:15,2.0,-8.95,10:15,15:00,1.0,09:45,15:00,1.0,,,
605208.SSE,永茂泰,2025-02-26,二接三,二接三阴,阴,2025-02,2025,09:45,14:15,2.0,-7.23,09:45,15:00,1.0,09:45,15:00,1.0,,,
605208.SSE,永茂泰,2025-03-10,二接三,二接三阳,阳,2025-03,2025,09:45,09:45,1.0,-13.02,10:00,15:00,1.0,14:15,15:00,2.0,,,
605218.SSE,伟时电子,2024-09-04,二接三,二接三阳,阳,2024-09,2024,,,,,,,,,,,,,
605218.SSE,伟时电子,2024-09-05,三接四,三接四阳,阳,2024-09,2024,,,,,,,,,,,,,
605255.SSE,天普股份,2025-11-27,二接三,二接三阳,阳,2025-11,2025,09:45,10:00,2.0,-12.76,09:45,15:00,2.0,10:00,15:00,1.0,,,
605259.SSE,绿田机械,2025-07-16,二接三,二接三阳,阳,2025-07,2025,09:45,10:45,2.0,-14.49,11:30,15:00,1.0,09:45,15:00,1.0,,,
605268.SSE,王力安防,2025-07-31,二接三,二接三阴,阴,2025-07,2025,09:45,09:45,1.0,-16.09,10:30,15:00,1.0,09:45,15:00,0.0,,,
605277.SSE,新亚电子,2025-01-24,二接三,二接三阴,阴,2025-01,2025,09:45,15:00,1.0,-7.67,09:45,15:00,1.0,09:45,15:00,0.0,,,
605287.SSE,德才股份,2026-02-11,二接三,二接三阴,阴,2026-02,2026,09:45,15:00,5.0,-7.72,09:45,15:00,0.0,09:45,15:00,0.0,,,
605287.SSE,德才股份,2026-02-12,三接四,三接四阴,阴,2026-02,2026,14:15,15:00,2.0,-4.11,09:45,15:00,0.0,09:45,15:00,0.0,09:45,15:00,5.0
605288.SSE,凯迪股份,2025-09-02,二接三,二接三阳,阳,2025-09,2025,13:15,15:00,3.0,-6.33,09:45,15:00,6.0,10:45,15:00,4.0,,,
605289.SSE,罗曼股份,2026-02-25,二接三,二接三阳,阳,2026-02,2026,10:30,15:00,6.0,-2.05,11:00,15:00,3.0,10:30,15:00,1.0,,,
605289.SSE,罗曼股份,2026-02-26,三接四,三接四阳,阳,2026-02,2026,13:30,15:00,5.0,-2.73,11:00,15:00,3.0,10:30,15:00,1.0,10:30,15:00,6.0
605298.SSE,必得科技,2025-08-13,二接三,二接三阳,阳,2025-08,2025,09:45,15:00,2.0,-9.03,09:45,15:00,3.0,09:45,15:00,1.0,,,
605298.SSE,必得科技,2025-09-09,二接三,二接三阴,阴,2025-09,2025,09:45,15:00,2.0,-6.56,10:30,15:00,1.0,09:45,15:00,6.0,,,
605299.SSE,舒华体育,2025-12-08,二接三,二接三阳,阳,2025-12,2025,09:45,15:00,1.0,-4.63,14:30,15:00,2.0,09:45,15:00,1.0,,,
605299.SSE,舒华体育,2025-12-09,三接四,三接四阳,阳,2025-12,2025,09:45,15:00,1.0,-13.27,14:30,15:00,2.0,09:45,15:00,1.0,09:45,15:00,1.0
605299.SSE,舒华体育,2026-03-26,二接三,二接三阳,阳,2026-03,2026,09:45,09:45,1.0,-12.87,10:15,15:00,3.0,09:45,15:00,1.0,,,
605300.SSE,佳禾食品,2024-12-02,二接三,二接三阴,阴,2024-12,2024,09:45,13:15,4.0,-6.47,09:45,15:00,1.0,09:45,15:00,1.0,,,
605303.SSE,园林股份,2025-03-12,三接四,三接四阴,阴,2025-03,2025,09:45,15:00,2.0,-7.29,10:00,15:00,1.0,09:45,15:00,0.0,09:45,15:00,0.0
605303.SSE,园林股份,2025-08-20,二接三,二接三阴,阴,2025-08,2025,10:15,15:00,2.0,-10.33,13:30,15:00,1.0,10:45,15:00,1.0,,,
605303.SSE,园林股份,2025-08-21,三接四,三接四阴,阴,2025-08,2025,09:45,15:00,1.0,-3.68,13:30,15:00,1.0,10:45,15:00,1.0,10:15,15:00,2.0
605303.SSE,园林股份,2025-09-16,二接三,二接三阳,阳,2025-09,2025,10:15,10:15,1.0,-8.9,15:00,15:00,1.0,11:15,15:00,3.0,,,
605318.SSE,法狮龙,2026-06-11,二接三,二接三阳,阳,2026-06,2026,09:45,15:00,10.0,-7.97,15:00,15:00,1.0,09:45,15:00,1.0,,,
605337.SSE,李子园,2024-12-12,二接三,二接三阴,阴,2024-12,2024,09:45,15:00,3.0,-6.67,09:45,15:00,1.0,09:45,15:00,2.0,,,
605337.SSE,李子园,2024-12-13,三接四,三接四阴,阴,2024-12,2024,09:45,10:00,2.0,-12.0,09:45,15:00,1.0,09:45,15:00,2.0,09:45,15:00,3.0
605358.SSE,立昂微,2025-09-25,二接三,二接三阳,阳,2025-09,2025,09:45,15:00,1.0,-2.72,11:00,15:00,1.0,09:45,15:00,1.0,,,
605365.SSE,立达信,2026-04-23,二接三,二接三阴,阴,2026-04,2026,11:15,11:15,1.0,-5.68,14:30,15:00,1.0,10:45,15:00,1.0,,,
605366.SSE,宏柏新材,2026-06-26,三接四,三接四阴,阴,2026-06,2026,09:45,15:00,8.0,-8.69,09:45,15:00,1.0,11:00,15:00,1.0,09:45,15:00,0.0
605376.SSE,博迁新材,2025-02-21,二接三,二接三阳,阳,2025-02,2025,10:00,15:00,3.0,-4.32,13:15,15:00,4.0,13:30,15:00,1.0,,,
605388.SSE,均瑶健康,2024-12-03,二接三,二接三阳,阳,2024-12,2024,10:00,14:30,3.0,-9.09,10:15,15:00,1.0,10:00,15:00,1.0,,,
605388.SSE,均瑶健康,2026-04-17,二接三,二接三阳,阳,2026-04,2026,09:45,15:00,1.0,-5.52,14:15,15:00,1.0,10:15,15:00,1.0,,,
605398.SSE,新炬网络,2025-09-12,二接三,二接三阴,阴,2025-09,2025,09:45,15:00,1.0,-2.64,09:45,15:00,0.0,09:45,15:00,0.0,,,
605399.SSE,晨光新材,2025-07-14,二接三,二接三阴,阴,2025-07,2025,13:15,15:00,1.0,-7.4,09:45,15:00,1.0,09:45,15:00,0.0,,,
605399.SSE,晨光新材,2025-07-15,三接四,三接四阴,阴,2025-07,2025,09:45,09:45,1.0,-15.51,09:45,15:00,1.0,09:45,15:00,0.0,13:15,15:00,1.0
605488.SSE,福莱新材,2025-01-22,二接三,二接三阳,阳,2025-01,2025,10:00,15:00,1.0,-2.07,13:30,15:00,1.0,11:30,15:00,1.0,,,
605488.SSE,福莱新材,2025-01-23,三接四,三接四阳,阳,2025-01,2025,10:45,11:15,3.0,-6.14,13:30,15:00,1.0,11:30,15:00,1.0,10:00,15:00,1.0
605488.SSE,福莱新材,2025-02-21,二接三,二接三阳,阳,2025-02,2025,14:45,14:45,1.0,-4.5,09:45,15:00,5.0,09:45,15:00,2.0,,,
605500.SSE,森林包装,2025-07-07,二接三,二接三阳,阳,2025-07,2025,09:45,15:00,3.0,-12.24,13:45,15:00,1.0,09:45,15:00,0.0,,,
605577.SSE,龙版传媒,2026-09-02,二接三,二接三阳,阳,2026-09,2026,09:45,15:00,1.0,-12.14,10:45,15:00,1.0,09:45,15:00,1.0,,,
605577.SSE,龙版传媒,2026-09-03,三接四,三接四阳,阳,2026-09,2026,09:45,15:00,3.0,-8.27,10:45,15:00,1.0,09:45,15:00,1.0,09:45,15:00,1.0
605588.SSE,冠石科技,2025-03-31,二接三,二接三阳,阳,2025-03,2025,10:00,15:00,3.0,-6.23,13:15,15:00,1.0,09:45,15:00,1.0,,,
605598.SSE,上海港湾,2025-12-26,二接三,二接三阴,阴,2025-12,2025,13:30,15:00,2.0,-2.34,10:45,15:00,1.0,10:00,15:00,2.0,,,
