代码,买入日,方案点,四组,年,封住,缩量强趋势,E0,E1,E2,E3,E4,E5,E6
000002.SZSE,2024-09-30,—,二接三阳,2024,True,False,6.790123456790131,9.979423868312743,6.790123456790131,6.790123456790131,6.790123456790131,-3.9094650205761416,-3.9094650205761416
000002.SZSE,2024-10-08,—,三接四阳,2024,False,False,-12.628624883068284,-8.419083255378867,-12.628624883068284,-2.8999064546304854,-8.419083255378867,-12.628624883068284,-14.686623012160904
000006.SZSE,2024-10-22,—,二接三阴,2024,True,True,-4.456094364351248,1.83486238532109,-4.456094364351248,-4.456094364351248,-4.456094364351248,21.231979030144178,5.111402359108785
000006.SZSE,2025-10-14,—,二接三阳,2025,False,False,-14.058171745152348,-9.626038781163427,-14.058171745152348,-4.501385041551254,-9.626038781163427,-14.058171745152348,-20.70637119113574
000008.SZSE,2024-03-12,—,三接四阳,2024,False,False,-13.826366559485525,-11.2540192926045,-13.826366559485525,-6.7524115755627,-11.2540192926045,-13.826366559485525,-6.7524115755627
000008.SZSE,2026-04-01,—,二接三阳,2026,False,False,-13.33333333333333,-9.999999999999998,-13.33333333333333,-9.166666666666668,-9.999999999999998,-13.33333333333333,-21.944444444444443
000011.SZSE,2026-07-27,—,二接三阳,2026,False,False,-16.941694169416945,-8.910891089108919,-16.941694169416945,-10.34103410341034,-8.910891089108919,-16.941694169416945,-13.97139713971397
000017.SZSE,2026-08-25,—,三接四阴,2026,True,False,30.34883720930235,2.7906976744185963,10.000000000000009,30.34883720930235,30.34883720930235,36.627906976744185,36.627906976744185
000020.SZSE,2023-07-10,B1,二接三阴,2023,True,True,-9.736180904522618,4.271356783919611,-9.736180904522618,-9.736180904522618,-9.736180904522618,-13.442211055276388,-13.442211055276388
000020.SZSE,2024-01-17,—,二接三阳,2024,True,False,-9.987966305655839,-4.3321299638989235,-9.987966305655839,-9.987966305655839,-4.3321299638989235,-16.486161251504218,-16.486161251504218
000020.SZSE,2024-01-26,—,二接三阴,2024,True,False,-9.985597695631299,-9.985597695631299,-9.985597695631299,-9.985597695631299,-9.985597695631299,-18.963034085453668,-18.963034085453668
000020.SZSE,2025-06-19,—,二接三阳,2025,False,False,-18.16546762589928,-16.007194244604317,-18.16546762589928,-12.589928057553957,-16.007194244604317,-18.16546762589928,-16.78657074340527
000025.SZSE,2024-10-29,—,二接三阴,2024,False,False,-12.207434603028911,-11.014226709499763,-12.207434603028911,-9.040844424047723,-11.014226709499763,-12.207434603028911,-7.939421753097752
000025.SZSE,2025-04-18,—,二接三阴,2025,True,False,-5.191127890514402,-4.011326097215672,-5.191127890514402,-5.191127890514402,-4.011326097215672,-8.966493629070326,-8.966493629070326
000026.SZSE,2025-07-01,—,三接四阳,2025,False,False,8.045977011494276,-6.436781609195386,4.367816091954024,-5.114942528735611,-6.436781609195386,8.045977011494276,0.45977011494253706
000029.SZSE,2024-09-30,—,二接三阳,2024,False,False,-10.011574074074082,1.27314814814814,-10.011574074074082,-4.108796296296302,-10.011574074074082,-10.011574074074082,-18.981481481481488
000032.SZSE,2024-10-08,—,二接三阳,2024,True,False,-0.682773109243695,-1.7857142857142905,-0.682773109243695,-0.682773109243695,-1.7857142857142905,3.623949579831942,3.623949579831942
000032.SZSE,2026-06-15,—,二接三阳,2026,True,False,11.580970687169634,3.171552138394995,9.995194617972135,11.580970687169634,11.580970687169634,18.212397885631916,18.212397885631916
000032.SZSE,2026-06-16,—,三接四阳,2026,True,False,1.4416775884665611,1.3979903888160727,1.4416775884665611,1.4416775884665611,1.4416775884665611,7.470511140235914,7.470511140235914
000037.SZSE,2023-06-27,—,二接三阴,2023,True,False,14.261019878997416,0.17286084701815252,10.025929127052713,14.261019878997416,14.261019878997416,6.050129645635249,6.050129645635249
000037.SZSE,2023-06-28,—,三接四阴,2023,True,False,3.849175176747832,4.556166535742334,3.849175176747832,3.849175176747832,3.849175176747832,-3.6135113904163463,-3.6135113904163463
000037.SZSE,2024-01-31,—,二接三阴,2024,False,False,-25.827280064568203,-23.486682808716708,-25.827280064568203,-17.59483454398708,-23.486682808716708,-25.827280064568203,-33.25262308313156
000042.SZSE,2024-03-13,—,二接三阳,2024,False,False,-13.653136531365318,-12.54612546125461,-13.653136531365318,-6.088560885608862,-12.54612546125461,-13.653136531365318,-9.77859778597786
000045.SZSE,2024-10-29,—,二接三阳,2024,True,False,2.578125000000009,3.3593749999999867,2.578125000000009,2.578125000000009,2.578125000000009,7.656249999999987,7.656249999999987
000045.SZSE,2024-10-30,B3,三接四阳,2024,False,False,-2.1306818181818232,-8.877840909090907,-2.1306818181818232,-6.747159090909083,-8.877840909090907,-2.1306818181818232,-11.931818181818176
000048.SZSE,2026-06-11,—,二接三阳,2026,True,False,-3.5696073431922493,-1.1218765935747,-3.5696073431922493,-3.5696073431922493,-1.1218765935747,-11.422743498215194,-11.422743498215194
000058.SZSE,2024-10-29,—,二接三阳,2024,True,False,12.016293279022406,-3.258655804480659,9.97963340122201,12.016293279022406,-3.258655804480659,0.8146639511201537,0.8146639511201537
000058.SZSE,2024-10-30,—,三接四阳,2024,True,False,1.8518518518518379,0.0,1.8518518518518379,1.8518518518518379,1.8518518518518379,-8.333333333333337,-8.333333333333337
000061.SZSE,2025-08-29,—,二接三阳,2025,False,False,-9.924487594390508,-9.385113268608404,-9.924487594390508,-5.393743257820926,-9.385113268608404,-9.924487594390508,-14.886731391585762
000062.SZSE,2024-08-20,A1,三接四阳,2024,True,False,83.92156862745097,9.80392156862746,10.039215686274506,83.92156862745097,83.92156862745097,193.33333333333331,102.35294117647058
000062.SZSE,2024-09-03,B1,二接三阴,2024,True,False,19.795003203074945,5.637411915438806,9.993593850096104,19.795003203074945,19.795003203074945,7.815502882767444,7.815502882767444
000062.SZSE,2024-09-04,—,三接四阴,2024,True,False,8.910891089108897,3.698311007571342,9.98835177635411,8.910891089108897,8.910891089108897,-1.9801980198020042,-1.9801980198020042
000066.SZSE,2024-10-31,—,二接三阳,2024,True,False,-0.1890359168241873,4.6628859483301754,10.018903591682427,-0.1890359168241873,-0.1890359168241873,5.860113421550106,5.860113421550106
000066.SZSE,2024-11-01,—,三接四阳,2024,True,False,-9.278350515463918,0.05727376861395239,-9.278350515463918,-9.278350515463918,-9.278350515463918,-3.7800687285223344,-3.7800687285223344
000066.SZSE,2024-11-08,—,二接三阳,2024,True,True,3.9355992844364973,-1.610017889087656,3.9355992844364973,3.9355992844364973,-1.610017889087656,-3.801431127012511,-3.801431127012511
000066.SZSE,2026-05-07,—,二接三阳,2026,True,False,-3.7114261884904076,-0.8340283569641338,-3.7114261884904076,-3.7114261884904076,-0.8340283569641338,-2.4186822351960013,-2.4186822351960013
000068.SZSE,2024-01-26,—,二接三阳,2024,True,False,-1.0889292196007205,0.0,9.981851179673317,-1.0889292196007205,-1.0889292196007205,-10.88929219600725,-10.88929219600725
000068.SZSE,2024-01-29,—,三接四阳,2024,True,False,-10.06600660066006,-0.9900990099009799,-10.06600660066006,-10.06600660066006,-0.9900990099009799,-18.97689768976897,-18.97689768976897
000069.SZSE,2024-10-08,—,三接四阳,2024,True,False,-9.968847352024913,-6.542056074766355,-9.968847352024913,-9.968847352024913,-6.542056074766355,-15.264797507788153,-15.264797507788153
000070.SZSE,2024-01-24,—,二接三阳,2024,True,False,8.977035490605424,10.020876826722326,10.020876826722326,8.977035490605424,8.977035490605424,-1.8789144050104345,-1.8789144050104345
000070.SZSE,2025-11-25,—,二接三阳,2025,True,False,14.150197628458482,7.905138339920947,10.039525691699591,14.150197628458482,14.150197628458482,10.750988142292496,10.750988142292496
000070.SZSE,2025-11-26,—,三接四阳,2025,True,False,3.735632183908044,-2.442528735632188,3.735632183908044,3.735632183908044,-2.442528735632188,0.6465517241379226,0.6465517241379226
000070.SZSE,2026-02-12,—,二接三阳,2026,True,False,-9.999999999999998,-2.564102564102566,-9.999999999999998,-9.999999999999998,-2.564102564102566,-6.666666666666665,-6.666666666666665
000099.SZSE,2024-04-01,—,三接四阴,2024,True,False,-2.42914979757084,0.0,-2.42914979757084,-2.42914979757084,-2.42914979757084,-9.311740890688258,-9.311740890688258
000099.SZSE,2024-04-19,—,二接三阳,2024,True,False,-7.816711590296499,5.570530098831972,-7.816711590296499,-7.816711590296499,-7.816711590296499,-7.816711590296499,-7.816711590296499
000099.SZSE,2024-07-31,—,二接三阳,2024,False,False,0.35300050428643814,-6.30358043368634,0.35300050428643814,-2.6222894604135183,-6.30358043368634,0.35300050428643814,-1.1598587997982746
000100.SZSE,2024-11-01,—,二接三阴,2024,False,False,-12.178387650085764,-14.065180102915953,-12.178387650085764,-10.977701543739272,-14.065180102915953,-12.178387650085764,-9.262435677530023
000151.SZSE,2024-01-29,—,三接四阳,2024,True,False,-9.99291282778172,-7.0163004961020565,-9.99291282778172,-9.99291282778172,-7.0163004961020565,-6.094968107725018,-6.094968107725018
000158.SZSE,2024-10-10,—,三接四阴,2024,False,False,0.7403189066059301,-12.357630979498847,0.7403189066059301,-2.6195899772209374,-12.357630979498847,0.7403189066059301,10.820045558086576
000402.SZSE,2026-05-06,—,二接三阴,2026,True,False,-4.011461318051579,-1.7191977077363862,-4.011461318051579,-4.011461318051579,-1.7191977077363862,-6.303724928366772,-6.303724928366772
000409.SZSE,2023-12-13,—,二接三阳,2023,True,False,4.128440366972463,0.09174311926605228,4.128440366972463,4.128440366972463,4.128440366972463,-5.688073394495419,-5.688073394495419
000409.SZSE,2023-12-14,—,三接四阳,2023,False,False,-14.261884904086742,-8.340283569641372,-14.261884904086742,-5.337781484570481,-8.340283569641372,-14.261884904086742,-22.852376980817347
000409.SZSE,2025-03-05,—,二接三阴,2025,True,False,8.957528957528949,10.038610038610042,10.038610038610042,8.957528957528949,8.957528957528949,17.065637065637063,17.065637065637063
000417.SZSE,2026-05-20,—,二接三阴,2026,True,False,-2.3084994753410193,9.968520461699914,-2.3084994753410193,-2.3084994753410193,-2.3084994753410193,8.604407135362013,7.450157397691504
000417.SZSE,2026-05-21,—,三接四阴,2026,False,False,-1.2404580152671874,-6.488549618320604,-2.2900763358778664,-11.164122137404576,-6.488549618320604,-1.2404580152671874,-11.068702290076338
000420.SZSE,2025-05-16,—,二接三阴,2025,False,False,-6.249999999999989,-7.459677419354838,1.6129032258064502,-7.661290322580639,-7.459677419354838,-6.249999999999989,-10.080645161290324
000421.SZSE,2023-12-12,—,二接三阴,2023,True,False,9.268929503916446,1.8276762402088753,9.268929503916446,9.268929503916446,9.268929503916446,15.404699738903393,15.404699738903393
000421.SZSE,2023-12-13,—,三接四阴,2023,False,False,4.8635824436536135,-5.100830367734277,4.8635824436536135,-0.7117437722420017,-5.100830367734277,4.8635824436536135,15.302491103202854
000421.SZSE,2024-07-18,—,二接三阴,2024,False,False,-14.536741214057514,-14.536741214057514,-14.536741214057514,-5.111821086261969,-14.536741214057514,-14.536741214057514,-18.849840255591054
000421.SZSE,2024-07-31,—,二接三阴,2024,False,False,-12.977099236641221,-15.419847328244273,-12.977099236641221,-14.809160305343505,-15.419847328244273,-12.977099236641221,-17.25190839694657
000421.SZSE,2025-01-15,—,三接四阴,2025,False,False,-17.517401392111353,-16.35730858468677,-17.517401392111353,-14.733178654292345,-16.35730858468677,-17.517401392111353,-24.477958236658925
000428.SZSE,2026-07-29,—,二接三阴,2026,True,False,-5.198019801980203,9.90099009900991,-5.198019801980203,-5.198019801980203,-5.198019801980203,-1.2376237623762387,4.207920792079212
000428.SZSE,2026-07-30,—,三接四阴,2026,False,False,-10.135135135135142,-14.86486486486488,-5.180180180180194,-13.738738738738743,-14.86486486486488,-10.135135135135142,-9.90990990990992
000503.SZSE,2024-10-09,—,二接三阳,2024,False,False,-11.327433628318595,-0.1769911504424848,-11.327433628318595,-2.300884955752225,-0.1769911504424848,-11.327433628318595,-14.159292035398241
000504.SZSE,2024-05-10,—,二接三阳,2024,False,False,-13.683223992502336,-13.683223992502336,-13.683223992502336,-4.123711340206182,-13.683223992502336,-13.683223992502336,-22.30552952202437
000505.SZSE,2026-08-19,—,二接三阴,2026,True,False,0.2677376171352108,-7.89825970548862,0.2677376171352108,0.2677376171352108,-7.89825970548862,-9.772423025435073,-9.772423025435073
000506.SZSE,2024-04-08,—,二接三阴,2024,True,False,-4.537205081669693,-0.1814882032667886,-4.537205081669693,-4.537205081669693,-0.1814882032667886,3.9927404718693493,3.9927404718693493
000506.SZSE,2026-01-21,—,二接三阴,2026,True,False,0.8794619762028111,-3.8282462493533287,0.8794619762028111,0.8794619762028111,-3.8282462493533287,0.7759958613554163,0.7759958613554163
000506.SZSE,2026-01-28,—,二接三阴,2026,True,True,-1.002699575780941,9.988430389510228,9.988430389510228,-1.002699575780941,-1.002699575780941,-10.913999228692628,-10.913999228692628
000506.SZSE,2026-01-29,—,三接四阴,2026,True,False,-9.992987377279094,-9.992987377279094,-9.992987377279094,-9.992987377279094,-9.992987377279094,-19.004207573632538,-19.004207573632538
000509.SZSE,2024-08-13,—,三接四阳,2024,True,False,-8.47457627118644,9.887005649717517,-8.47457627118644,-8.47457627118644,-8.47457627118644,-17.514124293785315,-17.514124293785315
000509.SZSE,2025-10-23,—,二接三阳,2025,False,False,-14.59330143540669,-15.071770334928225,-14.59330143540669,-11.483253588516739,-15.071770334928225,-14.59330143540669,-14.59330143540669
000509.SZSE,2026-05-27,—,二接三阳,2026,True,False,-0.9596928982725461,9.788867562380045,9.98080614203456,-0.9596928982725461,-0.9596928982725461,-5.566218809980805,-5.566218809980805
000509.SZSE,2026-05-28,—,三接四阳,2026,True,True,-9.947643979057597,9.947643979057585,-9.947643979057597,-9.947643979057597,-9.947643979057597,-14.136125654450272,-14.136125654450272
000510.SZSE,2025-04-15,—,二接三阳,2025,True,False,-5.697445972495085,6.09037328094304,-5.697445972495085,-5.697445972495085,-5.697445972495085,-3.143418467583503,3.7328094302554016
000510.SZSE,2025-04-16,A1,三接四阳,2025,False,False,-11.964285714285715,-16.07142857142856,-5.714285714285705,-14.28571428571428,-16.07142857142856,-11.964285714285715,-3.214285714285714
000510.SZSE,2025-11-27,—,二接三阳,2025,True,False,5.653710247349819,-3.4157832744405314,5.653710247349819,5.653710247349819,-3.4157832744405314,3.6513545347467646,3.6513545347467646
000510.SZSE,2026-05-26,—,二接三阴,2026,True,False,-0.3873824017708971,2.877697841726623,-0.3873824017708971,-0.3873824017708971,-0.3873824017708971,-1.7708909795240757,-1.7708909795240757
000510.SZSE,2026-06-15,—,二接三阴,2026,True,True,7.695917409666819,3.237916471140312,7.695917409666819,7.695917409666819,7.695917409666819,3.3317691224777235,3.3317691224777235
000514.SZSE,2024-05-23,B1,二接三阴,2024,True,False,-9.940357852882709,-2.982107355864816,-9.940357852882709,-9.940357852882709,-2.982107355864816,-11.133200795228637,-11.133200795228637
000514.SZSE,2025-07-09,—,二接三阴,2025,True,False,13.461538461538458,2.2435897435897356,9.935897435897445,13.461538461538458,13.461538461538458,2.083333333333326,2.083333333333326
000514.SZSE,2025-07-10,—,三接四阴,2025,True,False,3.206997084548102,9.037900874635563,3.206997084548102,3.206997084548102,3.206997084548102,-7.142857142857151,-7.142857142857151
000518.SZSE,2026-05-22,—,二接三阴,2026,True,False,-0.9685230024213065,-6.295399515738498,9.927360774818418,-0.9685230024213065,-6.295399515738498,-4.842615012106533,-4.842615012106533
000518.SZSE,2026-05-25,—,三接四阴,2026,True,False,-9.911894273127754,-3.524229074889873,-9.911894273127754,-9.911894273127754,-3.524229074889873,-13.436123348017615,-13.436123348017615
000520.SZSE,2024-10-30,—,三接四阳,2024,True,False,-1.0291595197255643,9.948542024013719,9.948542024013719,-1.0291595197255643,-1.0291595197255643,7.8902229845626115,8.919382504288166
000520.SZSE,2025-05-15,—,二接三阳,2025,False,False,-14.935064935064934,-10.551948051948056,-14.935064935064934,-10.71428571428572,-10.551948051948056,-14.935064935064934,-7.629870129870131
000526.SZSE,2023-05-30,—,二接三阳,2023,False,False,-11.288834204860043,-7.6899415564441576,-11.288834204860043,-1.4457090126114958,-7.6899415564441576,-11.288834204860043,-11.719470932020915
000530.SZSE,2024-11-08,—,二接三阳,2024,False,False,-5.213270142180093,-6.16113744075829,-5.213270142180093,-5.845181674565558,-6.16113744075829,-5.213270142180093,-12.00631911532385
000530.SZSE,2025-12-03,—,二接三阳,2025,False,False,-10.48780487804878,-6.097560975609751,-10.48780487804878,-6.097560975609751,-6.097560975609751,-10.48780487804878,-7.804878048780484
000532.SZSE,2025-02-06,—,二接三阳,2025,True,False,4.635387224420584,0.11305822498586249,4.635387224420584,4.635387224420584,4.635387224420584,7.292255511588452,7.292255511588452
000533.SZSE,2025-01-09,—,二接三阴,2025,False,False,-23.17073170731707,-20.177383592017726,-23.17073170731707,-14.634146341463406,-20.177383592017726,-23.17073170731707,-30.820399113082033
000533.SZSE,2025-11-07,—,二接三阳,2025,False,False,3.229166666666683,-3.4375000000000044,3.541666666666665,-5.833333333333335,-3.4375000000000044,3.229166666666683,-1.7708333333333326
000533.SZSE,2026-02-04,—,二接三阴,2026,True,False,-3.3183856502242204,0.4484304932735439,-3.3183856502242204,-3.3183856502242204,-3.3183856502242204,0.8968609865470878,0.8968609865470878
000533.SZSE,2026-03-09,A2,三接四阴,2026,True,False,7.880268784361633,10.018326206475269,7.880268784361633,7.880268784361633,7.880268784361633,9.16310323762981,9.16310323762981
000533.SZSE,2026-07-27,—,二接三阳,2026,True,False,15.413891531874423,9.990485252140836,9.990485252140836,15.413891531874423,15.413891531874423,3.9010466222645146,3.9010466222645146
000533.SZSE,2026-07-28,—,三接四阳,2026,True,False,4.930795847750868,-6.747404844290672,4.930795847750868,4.930795847750868,-6.747404844290672,-5.5363321799308025,-5.5363321799308025
000536.SZSE,2023-09-06,—,二接三阴,2023,True,False,10.22727272727273,9.090909090909083,9.84848484848484,10.22727272727273,10.22727272727273,38.25757575757576,21.212121212121215
000536.SZSE,2023-09-07,—,三接四阴,2023,True,False,0.34482758620690834,4.137931034482767,10.000000000000009,0.34482758620690834,0.34482758620690834,25.86206896551724,10.344827586206895
000536.SZSE,2023-09-14,—,二接三阴,2023,False,False,-9.043927648578808,-5.68475452196383,-9.043927648578808,-5.68475452196383,-5.68475452196383,-9.043927648578808,-12.4031007751938
000536.SZSE,2023-09-28,—,二接三阳,2023,True,False,5.0104384133611735,4.384133611691032,10.020876826722326,5.0104384133611735,5.0104384133611735,0.8350730688935215,0.8350730688935215
000536.SZSE,2023-10-09,—,三接四阳,2023,True,True,-4.554079696394675,4.36432637571158,-4.554079696394675,-4.554079696394675,-4.554079696394675,-8.349146110056916,-8.349146110056916
000536.SZSE,2024-10-09,—,二接三阳,2024,True,False,-9.950248756218894,-0.24875621890546595,-9.950248756218894,-9.950248756218894,-0.24875621890546595,-18.90547263681591,-18.90547263681591
000536.SZSE,2024-10-29,—,二接三阴,2024,True,False,75.9825327510917,10.043668122270732,10.043668122270732,75.9825327510917,75.9825327510917,58.296943231441055,58.296943231441055
000537.SZSE,2026-03-12,—,二接三阳,2026,True,False,-0.9592326139088669,9.99200639488409,-0.9592326139088669,-0.9592326139088669,-0.9592326139088669,-10.231814548361307,-10.231814548361307
000537.SZSE,2026-03-13,—,三接四阳,2026,False,False,-18.386627906976738,-11.33720930232559,-18.386627906976738,-9.9563953488372,-11.33720930232559,-18.386627906976738,-15.116279069767447
000539.SZSE,2026-05-29,—,二接三阴,2026,True,False,2.8153153153153143,10.022522522522515,10.022522522522515,2.8153153153153143,2.8153153153153143,5.8558558558558405,5.8558558558558405
000539.SZSE,2026-06-01,—,三接四阴,2026,True,False,-6.550665301944713,-0.92118730808598,-6.550665301944713,-6.550665301944713,-0.92118730808598,-3.7871033776867846,-3.7871033776867846
000546.SZSE,2025-11-19,—,二接三阴,2025,True,False,-5.263157894736836,9.999999999999986,-5.263157894736836,-5.263157894736836,-5.263157894736836,-14.736842105263149,-14.736842105263149
000546.SZSE,2025-11-20,—,三接四阴,2025,False,False,-22.488038277511947,-22.488038277511947,-22.488038277511947,-13.875598086124397,-22.488038277511947,-22.488038277511947,-29.425837320574153
000547.SZSE,2025-11-18,—,二接三阳,2025,True,False,8.86742756804213,7.550482879719045,10.008779631255482,8.86742756804213,8.86742756804213,23.792800702370485,19.754170324846363
000547.SZSE,2025-11-19,—,三接四阳,2025,True,False,-1.037509976057449,9.976057462090981,9.976057462090981,-1.037509976057449,-1.037509976057449,12.529928172386274,8.858739026336803
000547.SZSE,2025-12-02,—,二接三阳,2025,True,False,5.198776758409762,2.752293577981657,5.198776758409762,5.198776758409762,5.198776758409762,14.37308868501528,14.37308868501528
000548.SZSE,2024-11-26,—,二接三阳,2024,False,False,-16.927453769559044,-23.32859174964439,-16.927453769559044,-14.793741109530579,-23.32859174964439,-16.927453769559044,-19.914651493598868
000550.SZSE,2023-07-19,—,二接三阴,2023,False,False,-6.466876971608837,-6.624605678233431,-6.466876971608837,-0.8412197686645695,-6.624605678233431,-6.466876971608837,-12.828601472134604
000551.SZSE,2024-10-09,—,二接三阳,2024,False,False,3.562945368171011,-1.0292953285827466,3.562945368171011,-5.779889152810769,-1.0292953285827466,3.562945368171011,-2.0585906571654933
000551.SZSE,2025-12-25,—,三接四阳,2025,True,False,1.7386091127098213,5.875299760191854,1.7386091127098213,1.7386091127098213,1.7386091127098213,-8.453237410071946,-8.453237410071946
000553.SZSE,2024-10-25,—,二接三阳,2024,True,False,2.6282853566958586,-3.629536921151444,2.6282853566958586,2.6282853566958586,-3.629536921151444,8.886107634543162,8.886107634543162
000554.SZSE,2026-03-04,—,二接三阳,2026,False,False,-8.793969849246219,-4.187604690117253,-8.793969849246219,-2.680067001675046,-4.187604690117253,-8.793969849246219,-13.065326633165819
000555.SZSE,2025-10-31,—,二接三阳,2025,False,False,8.201581027667991,-9.090909090909093,3.013833992094872,-6.373517786561256,-9.090909090909093,8.201581027667991,5.039525691699631
000557.SZSE,2024-11-11,—,二接三阳,2024,True,False,-5.515239477503631,0.0,-5.515239477503631,-5.515239477503631,-5.515239477503631,-10.449927431059503,-10.449927431059503
000559.SZSE,2025-05-12,—,二接三阳,2025,True,False,4.956896551724155,2.9094827586207073,4.956896551724155,4.956896551724155,4.956896551724155,-3.0172413793103425,-3.0172413793103425
000559.SZSE,2025-09-17,—,二接三阴,2025,True,False,-0.9551098376313405,5.921680993314227,10.028653295128919,-0.9551098376313405,-0.9551098376313405,-4.297994269340988,-4.297994269340988
000559.SZSE,2025-09-18,—,三接四阴,2025,True,False,-9.982638888888895,-0.17361111111110494,-9.982638888888895,-9.982638888888895,-0.17361111111110494,-13.020833333333337,-13.020833333333337
000560.SZSE,2024-04-30,—,二接三阳,2024,False,False,-1.4354066985645786,-3.8277511961722577,-1.4354066985645786,-5.263157894736836,-3.8277511961722577,-1.4354066985645786,-3.349282296650713
000560.SZSE,2024-05-21,—,三接四阳,2024,False,False,4.532577903682733,1.4164305949008638,6.515580736543902,-3.116147308781869,4.532577903682733,4.532577903682733,-5.949008498583563
000560.SZSE,2024-09-30,—,二接三阴,2024,True,True,4.278074866310155,9.89304812834224,4.278074866310155,4.278074866310155,4.278074866310155,-6.149732620320869,-6.149732620320869
000560.SZSE,2024-10-08,—,三接四阴,2024,False,False,-14.598540145985417,-10.705596107055971,-14.598540145985417,-5.109489051094895,-10.705596107055971,-14.598540145985417,-18.97810218978102
000560.SZSE,2026-09-01,—,二接三阳,2026,True,False,-0.31347962382444194,-3.1347962382445194,-0.31347962382444194,-0.31347962382444194,-3.1347962382445194,-10.344827586206895,-10.344827586206895
000561.SZSE,2024-10-29,—,二接三阴,2024,False,False,-3.8353601496725953,-9.167446211412521,-3.8353601496725953,-8.231992516370434,-9.167446211412521,-3.8353601496725953,2.2450888681010417
000561.SZSE,2025-08-14,—,二接三阳,2025,True,False,4.7272727272727355,0.1454545454545375,4.7272727272727355,4.7272727272727355,4.7272727272727355,8.509090909090911,15.199999999999992
000564.SZSE,2024-11-07,—,二接三阴,2024,True,True,4.580152671755733,9.923664122137389,9.923664122137389,4.580152671755733,4.580152671755733,14.885496183206094,14.885496183206094
000564.SZSE,2024-12-02,—,二接三阳,2024,True,False,-1.6393442622950838,0.0,-1.6393442622950838,-1.6393442622950838,-1.6393442622950838,-6.557377049180335,-6.557377049180335
000565.SZSE,2025-04-30,—,三接四阳,2025,True,False,16.026490066225165,5.96026490066226,10.066225165562926,16.026490066225165,16.026490066225165,23.178807947019877,23.178807947019877
000565.SZSE,2025-05-16,—,二接三阳,2025,True,False,-6.709493219129192,-9.992862241256251,-6.709493219129192,-6.709493219129192,-9.992862241256251,-16.059957173447536,-16.059957173447536
000566.SZSE,2024-09-11,A1,三接四阳,2024,True,False,8.908685968819597,10.022271714922049,10.022271714922049,8.908685968819597,8.908685968819597,-2.0044543429844075,-2.0044543429844075
000566.SZSE,2024-11-07,—,二接三阳,2024,True,False,-0.1547987616099089,9.90712074303406,-0.1547987616099089,-0.1547987616099089,-0.1547987616099089,-6.811145510835914,-6.811145510835914
000566.SZSE,2024-11-08,B3,三接四阳,2024,False,False,-15.330520393811542,-15.47116736990155,-15.330520393811542,-9.282700421940927,-15.47116736990155,-15.330520393811542,-15.330520393811542
000566.SZSE,2025-06-04,—,二接三阳,2025,False,False,-12.297297297297295,-5.270270270270283,-12.297297297297295,-3.7837837837837895,-5.270270270270283,-12.297297297297295,-9.459459459459463
000566.SZSE,2025-11-18,—,二接三阳,2025,False,False,-12.195121951219502,-7.195121951219496,-12.195121951219502,-2.4390243902438935,-7.195121951219496,-12.195121951219502,-3.4146341463414553
000566.SZSE,2025-12-23,—,二接三阴,2025,True,False,-5.47945205479452,-1.5981735159817378,-5.47945205479452,-5.47945205479452,-1.5981735159817378,-7.534246575342463,-7.534246575342463
000566.SZSE,2026-07-01,—,二接三阴,2026,True,False,11.839708561020036,9.107468123861562,10.018214936247727,11.839708561020036,11.839708561020036,17.122040072859733,17.122040072859733
000566.SZSE,2026-07-02,—,三接四阴,2026,True,False,1.655629139072845,2.98013245033113,1.655629139072845,1.655629139072845,1.655629139072845,6.4569536423841,6.4569536423841
000567.SZSE,2024-09-26,—,二接三阴,2024,False,False,3.7953795379538136,-3.7953795379537913,3.7953795379538136,-3.7953795379537913,-3.7953795379537913,3.7953795379538136,14.191419141914196
000568.SZSE,2024-09-30,B1,二接三阴,2024,True,False,6.212424849699416,10.000000000000009,6.212424849699416,6.212424849699416,6.212424849699416,-4.408817635270534,-4.408817635270534
000568.SZSE,2024-10-08,—,三接四阴,2024,False,False,-13.098925122973215,-7.694176231250371,-13.098925122973215,-3.4432501366368995,-7.694176231250371,-13.098925122973215,-10.554442217768866
000571.SZSE,2024-03-18,B1,二接三阴,2024,True,False,9.03225806451613,6.451612903225801,10.000000000000009,9.03225806451613,9.03225806451613,-1.9354838709677469,-1.9354838709677469
000571.SZSE,2024-03-19,—,三接四阴,2024,True,False,-0.8797653958944385,0.0,9.97067448680351,-0.8797653958944385,-0.8797653958944385,-10.850439882697948,-10.850439882697948
000572.SZSE,2023-07-31,—,二接三阴,2023,True,False,3.169014084507049,0.0,3.169014084507049,3.169014084507049,3.169014084507049,3.69718309859155,3.69718309859155
000572.SZSE,2023-08-01,—,三接四阴,2023,False,False,-5.76000000000001,-10.719999999999995,-5.76000000000001,-6.2399999999999896,-10.719999999999995,-5.76000000000001,-6.879999999999997
000572.SZSE,2023-11-14,—,二接三阴,2023,True,False,-1.3468013468013518,0.8417508417508435,-1.3468013468013518,-1.3468013468013518,-1.3468013468013518,-7.407407407407418,-7.407407407407418
000572.SZSE,2024-10-31,—,二接三阳,2024,True,False,-9.416195856873822,2.0715630885122405,-9.416195856873822,-9.416195856873822,-9.416195856873822,-2.4482109227871973,-2.4482109227871973
000572.SZSE,2025-11-04,—,二接三阴,2025,True,False,12.640801001251557,8.886107634543162,10.012515644555675,12.640801001251557,12.640801001251557,27.03379224030038,23.904881101376716
000572.SZSE,2025-11-05,—,三接四阴,2025,True,True,2.3890784982935287,10.011376564277597,2.3890784982935287,2.3890784982935287,2.3890784982935287,15.472127417519932,12.627986348122878
000573.SZSE,2024-11-25,—,二接三阳,2024,True,False,-10.025706940874034,-10.025706940874034,-10.025706940874034,-10.025706940874034,-10.025706940874034,-18.76606683804627,-18.76606683804627
000573.SZSE,2025-01-07,—,二接三阳,2025,True,False,19.999999999999996,10.120481927710845,10.120481927710845,19.999999999999996,19.999999999999996,15.903614457831306,15.903614457831306
000573.SZSE,2025-01-08,B3,三接四阳,2025,True,False,8.97155361050328,10.065645514223199,10.065645514223199,8.97155361050328,8.97155361050328,5.251641137855567,5.251641137855567
000573.SZSE,2025-02-26,—,二接三阴,2025,True,False,-10.05586592178771,0.0,-10.05586592178771,-10.05586592178771,-10.05586592178771,-8.566108007448792,-8.566108007448792
000586.SZSE,2024-02-29,—,二接三阴,2024,True,False,0.8474576271186418,9.999999999999986,9.999999999999986,0.8474576271186418,0.8474576271186418,-0.16949152542373724,10.932203389830498
000592.SZSE,2024-10-31,—,二接三阳,2024,False,False,-16.48745519713262,-10.39426523297491,-16.48745519713262,-7.168458781362008,-10.39426523297491,-16.48745519713262,-18.63799283154122
000592.SZSE,2025-11-04,—,二接三阳,2025,True,False,-0.9334889148191361,5.017502917152861,10.035005834305721,-0.9334889148191361,-0.9334889148191361,3.850641773628949,3.850641773628949
000592.SZSE,2025-11-05,—,三接四阳,2025,True,False,-9.968186638388122,1.8027571580063517,-9.968186638388122,-9.968186638388122,-9.968186638388122,-5.620360551431592,-5.620360551431592
000593.SZSE,2025-10-30,—,二接三阳,2025,True,False,-9.962049335863366,-5.123339658444015,-9.962049335863366,-9.962049335863366,-5.123339658444015,-11.764705882352933,-11.764705882352933
000593.SZSE,2026-01-14,—,二接三阳,2026,True,False,4.997128087306146,-9.994256174612293,4.997128087306146,4.997128087306146,-9.994256174612293,-5.514072372199886,-5.514072372199886
000593.SZSE,2026-08-05,—,三接四阴,2026,True,False,0.8880994671403242,0.0,0.8880994671403242,0.8880994671403242,0.8880994671403242,6.039076376554164,6.039076376554164
000595.SZSE,2024-01-04,—,三接四阳,2024,False,False,-7.246376811594201,-13.188405797101455,-7.246376811594201,-10.869565217391308,-13.188405797101455,-7.246376811594201,-15.652173913043477
000595.SZSE,2024-07-30,—,二接三阳,2024,False,False,-7.4398249452954035,-4.814004376367631,-7.4398249452954035,-0.6564551422319487,-4.814004376367631,-7.4398249452954035,-8.096280087527353
000595.SZSE,2024-09-24,B2,二接三阳,2024,True,False,16.553595658073263,4.477611940298498,10.04070556309362,16.553595658073263,16.553595658073263,4.884667571234735,4.884667571234735
000595.SZSE,2024-09-25,—,三接四阳,2024,True,False,5.918618988902602,1.1097410604192337,5.918618988902602,5.918618988902602,5.918618988902602,-4.685573366214535,-4.685573366214535
000595.SZSE,2024-10-15,—,二接三阳,2024,False,False,-14.487632508833926,-12.54416961130742,-14.487632508833926,-4.946996466431097,-12.54416961130742,-14.487632508833926,-18.816254416961144
000595.SZSE,2025-03-21,—,二接三阴,2025,False,False,-14.233128834355835,-11.411042944785288,-14.233128834355835,-4.662576687116571,-11.411042944785288,-14.233128834355835,-20.24539877300614
000595.SZSE,2026-07-24,—,二接三阴,2026,True,False,-3.130148270181221,-10.049423393739708,-3.130148270181221,-3.130148270181221,-10.049423393739708,-10.873146622734764,-10.873146622734764
000595.SZSE,2026-08-04,—,二接三阴,2026,True,False,1.67682926829269,8.384146341463428,1.67682926829269,1.67682926829269,1.67682926829269,-4.57317073170731,-4.57317073170731
000595.SZSE,2026-08-05,—,三接四阴,2026,False,False,-13.296398891966755,-7.894736842105255,-13.296398891966755,-7.617728531855949,-7.894736842105255,-13.296398891966755,-14.265927977839333
000596.SZSE,2024-09-30,B1,二接三阴,2024,True,False,9.98423800610777,9.999014875381729,9.98423800610777,9.98423800610777,9.98423800610777,-1.0146783568121376,-1.0146783568121376
000596.SZSE,2024-10-08,—,三接四阴,2024,False,False,-10.012538061973842,-5.964535196131104,-10.012538061973842,-0.013433637829129985,-5.964535196131104,-10.012538061973842,-10.720042987641055
000597.SZSE,2024-08-09,—,三接四阴,2024,True,False,-10.016977928692693,0.0,-10.016977928692693,-10.016977928692693,-10.016977928692693,-19.01528013582343,-19.01528013582343
000599.SZSE,2025-10-28,—,二接三阴,2025,True,False,-8.616187989556135,4.177545691906004,-8.616187989556135,-8.616187989556135,-8.616187989556135,-6.135770234986937,-6.135770234986937
000599.SZSE,2025-10-29,—,三接四阴,2025,False,False,-14.709371293001183,-19.09845788849347,-14.709371293001183,-16.9632265717675,-19.09845788849347,-14.709371293001183,-23.250296559905102
000601.SZSE,2025-03-21,—,二接三阳,2025,False,False,-2.06540447504302,-12.908777969018937,2.581755593803803,-6.712564543889843,-12.908777969018937,-2.06540447504302,2.23752151462997
000601.SZSE,2025-07-08,—,二接三阳,2025,False,False,-4.16047548291234,-11.887072808320964,-4.16047548291234,-6.686478454680533,-11.887072808320964,-4.16047548291234,-11.887072808320964
000601.SZSE,2026-03-20,—,二接三阴,2026,True,False,-9.950859950859957,-0.24570024570026439,-9.950859950859957,-9.950859950859957,-0.24570024570026439,-0.8599508599508643,-0.9828009828009798
000601.SZSE,2026-05-14,—,二接三阳,2026,False,False,-19.509703779366696,-16.54749744637385,-19.509703779366696,-15.934627170582216,-16.54749744637385,-19.509703779366696,-20.02042900919304
000603.SZSE,2026-01-27,—,二接三阳,2026,False,False,8.793324775353017,0.754172015404353,7.958921694480114,-1.861360718870353,8.793324775353017,8.793324775353017,-2.08600770218228
000603.SZSE,2026-07-23,—,二接三阴,2026,True,False,-0.12082158679016519,-3.3830044301248474,-0.12082158679016519,-0.12082158679016519,-3.3830044301248474,0.4027386226339136,0.4027386226339136
000605.SZSE,2024-11-07,—,二接三阳,2024,True,False,9.659863945578252,10.068027210884356,10.068027210884356,9.659863945578252,9.659863945578252,15.510204081632661,15.510204081632661
000605.SZSE,2024-11-08,—,三接四阳,2024,True,True,-0.3708281829418958,0.9888751545117369,-0.3708281829418958,-0.3708281829418958,-0.3708281829418958,4.944375772558729,4.944375772558729
000605.SZSE,2024-11-20,—,二接三阴,2024,True,True,8.94454382826475,10.017889087656528,10.017889087656528,8.94454382826475,8.94454382826475,-1.9677996422182376,-1.9677996422182376
000605.SZSE,2024-11-21,—,三接四阴,2024,True,False,-0.9756097560975729,0.5691056910569037,9.999999999999986,-0.9756097560975729,-0.9756097560975729,-10.894308943089426,-10.894308943089426
000607.SZSE,2025-07-10,—,二接三阳,2025,True,False,-0.9999999999999898,9.999999999999986,9.999999999999986,-0.9999999999999898,-0.9999999999999898,-7.666666666666666,-7.666666666666666
000607.SZSE,2025-07-11,—,三接四阳,2025,True,False,-9.999999999999986,-3.7878787878787845,-9.999999999999986,-9.999999999999986,-3.7878787878787845,-16.06060606060605,-16.06060606060605
000608.SZSE,2024-09-26,—,二接三阳,2024,True,False,19.806763285024154,10.144927536231885,10.144927536231885,19.806763285024154,19.806763285024154,7.7294685990338285,7.7294685990338285
000608.SZSE,2024-11-11,—,二接三阳,2024,False,False,-18.018018018018022,-18.018018018018022,-18.018018018018022,-9.009009009009016,-18.018018018018022,-18.018018018018022,-22.222222222222232
000619.SZSE,2024-12-03,—,二接三阳,2024,True,False,-10.040160642570283,-6.291834002677376,-10.040160642570283,-10.040160642570283,-6.291834002677376,-15.127175368139223,-15.127175368139223
000619.SZSE,2024-12-11,—,二接三阳,2024,False,False,-12.899543378995437,-9.817351598173508,-12.899543378995437,-3.8812785388127824,-9.817351598173508,-12.899543378995437,-4.223744292237431
000620.SZSE,2024-05-24,—,三接四阳,2024,True,False,-10.074626865671643,-7.089552238805963,-10.074626865671643,-10.074626865671643,-7.089552238805963,-19.02985074626866,-19.02985074626866
000620.SZSE,2024-11-07,—,二接三阴,2024,True,False,-7.438016528925607,9.50413223140496,-7.438016528925607,-7.438016528925607,-7.438016528925607,-7.024793388429751,-7.024793388429751
000620.SZSE,2025-11-05,—,二接三阴,2025,True,False,2.4242424242424176,9.393939393939398,2.4242424242424176,2.4242424242424176,2.4242424242424176,-4.242424242424237,-4.242424242424237
000620.SZSE,2025-11-06,A2,三接四阴,2025,False,False,-12.947658402203855,-5.509641873278226,-12.947658402203855,-6.8870523415977996,-5.509641873278226,-12.947658402203855,-4.1322314049586755
000626.SZSE,2024-10-24,—,二接三阳,2024,False,False,-9.43952802359883,-3.392330383480835,-9.43952802359883,-8.702064896755157,-3.392330383480835,-9.43952802359883,-0.4424778761061954
000626.SZSE,2025-04-14,—,二接三阳,2025,True,False,-9.98487140695915,-0.9077155824508409,-9.98487140695915,-9.98487140695915,-0.9077155824508409,-16.036308623298034,-16.036308623298034
000626.SZSE,2025-10-16,—,二接三阳,2025,True,False,20.96956031567081,5.298759864712532,10.0338218714769,20.96956031567081,20.96956031567081,8.906426155580615,8.906426155580615
000626.SZSE,2025-10-17,—,三接四阳,2025,True,False,9.938524590163933,10.040983606557386,10.040983606557386,9.938524590163933,9.938524590163933,-1.0245901639344246,-1.0245901639344246
000628.SZSE,2024-02-21,A2,三接四阴,2024,False,False,21.61383285302594,1.8251681075888593,5.629202689721424,-3.9769452449567755,21.61383285302594,21.61383285302594,33.775216138328524
000628.SZSE,2024-10-16,—,二接三阴,2024,True,False,-7.946414979448924,-9.849292129700105,-7.946414979448924,-7.946414979448924,-9.849292129700105,-5.175825848683202,-5.175825848683202
000631.SZSE,2023-10-24,—,二接三阳,2023,True,False,20.05571030640667,10.027855153203348,10.027855153203348,20.05571030640667,20.05571030640667,8.07799442896937,8.07799442896937
000631.SZSE,2023-10-25,—,三接四阳,2023,True,False,9.113924050632892,1.2658227848101111,10.126582278481,9.113924050632892,9.113924050632892,-1.7721518987341867,-1.7721518987341867
000636.SZSE,2024-02-08,—,二接三阴,2024,True,False,-3.4653465346534684,2.8877887788778978,-3.4653465346534684,-3.4653465346534684,-3.4653465346534684,-5.693069306930687,-5.693069306930687
000637.SZSE,2025-06-23,—,二接三阴,2025,True,True,-10.074626865671643,-10.074626865671643,-10.074626865671643,-10.074626865671643,-10.074626865671643,-19.02985074626866,-19.02985074626866
000655.SZSE,2025-07-10,—,二接三阳,2025,True,False,4.5035823950870135,3.7871033776867957,4.5035823950870135,4.5035823950870135,4.5035823950870135,-5.936540429887415,-5.936540429887415
000655.SZSE,2025-07-11,—,三接四阳,2025,False,False,-14.511627906976754,-11.162790697674406,-14.511627906976754,-5.023255813953476,-11.162790697674406,-14.511627906976754,-21.86046511627907
000656.SZSE,2023-07-07,—,二接三阴,2023,False,False,-12.195121951219512,-11.585365853658535,-12.195121951219512,-7.926829268292678,-11.585365853658535,-12.195121951219512,-8.536585365853655
000656.SZSE,2023-07-25,—,二接三阴,2023,True,False,16.216216216216207,10.270270270270277,10.270270270270277,16.216216216216207,16.216216216216207,24.864864864864856,24.864864864864856
000656.SZSE,2026-07-06,—,二接三阳,2026,True,False,-5.594405594405583,4.195804195804209,-5.594405594405583,-5.594405594405583,-5.594405594405583,-6.99300699300699,-6.99300699300699
000659.SZSE,2024-02-28,—,二接三阳,2024,False,False,-12.851405622489976,-16.867469879518083,-12.851405622489976,-12.851405622489976,-16.867469879518083,-12.851405622489976,-16.06425702811246
000661.SZSE,2024-10-08,—,二接三阳,2024,True,False,-3.0195234943745763,-0.7859033752481759,-3.0195234943745763,-3.0195234943745763,-0.7859033752481759,-7.346128391793516,-7.346128391793516
000663.SZSE,2025-11-21,—,二接三阴,2025,False,False,-7.32838589981446,-18.6456400742115,-5.287569573283846,-13.914656771799628,-18.6456400742115,-7.32838589981446,-16.604823747680886
000665.SZSE,2025-03-10,—,二接三阴,2025,True,False,30.000000000000004,10.000000000000009,10.000000000000009,30.000000000000004,30.000000000000004,18.79310344827585,18.79310344827585
000668.SZSE,2024-02-21,—,二接三阳,2024,True,False,4.111405835543769,3.4482758620689724,4.111405835543769,4.111405835543769,4.111405835543769,5.1724137931034475,5.1724137931034475
000668.SZSE,2025-04-18,—,二接三阴,2025,False,False,-15.36098310291859,-15.36098310291859,-15.36098310291859,-5.990783410138246,-15.36098310291859,-15.36098310291859,-23.809523809523803
000668.SZSE,2026-07-27,B1,二接三阴,2026,False,False,-5.092592592592604,-2.5205761316872577,-5.092592592592604,-2.1604938271605034,-2.5205761316872577,-5.092592592592604,4.4238683127572065
000670.SZSE,2024-11-12,—,二接三阳,2024,False,False,-13.014460511679637,-10.678531701891004,-13.014460511679637,-7.5639599555061166,-10.678531701891004,-13.014460511679637,-17.797552836484986
000670.SZSE,2025-04-15,—,二接三阳,2025,False,False,-12.632978723404243,-14.627659574468076,-12.632978723404243,-7.047872340425521,-14.627659574468076,-12.632978723404243,-12.367021276595747
000676.SZSE,2024-10-09,—,二接三阳,2024,False,False,-14.466737064413948,-5.279831045406547,-14.466737064413948,-4.96304118268216,-5.279831045406547,-14.466737064413948,-13.305174234424499
000676.SZSE,2026-07-17,—,二接三阳,2026,True,False,-7.309941520467833,-4.239766081871343,-7.309941520467833,-7.309941520467833,-4.239766081871343,1.1695906432748648,1.1695906432748648
000678.SZSE,2023-06-30,—,二接三阴,2023,True,False,11.524163568773238,10.03717472118959,10.03717472118959,11.524163568773238,11.524163568773238,0.3717472118959009,0.3717472118959009
000678.SZSE,2023-07-03,—,三接四阴,2023,True,False,1.3513513513513375,0.9009009009008917,1.3513513513513375,1.3513513513513375,1.3513513513513375,-8.783783783783793,-8.783783783783793
000678.SZSE,2024-08-22,—,二接三阳,2024,False,False,-16.566866267465073,-21.5568862275449,-16.566866267465073,-12.974051896207573,-21.5568862275449,-16.566866267465073,-14.970059880239518
000678.SZSE,2025-03-12,—,二接三阳,2025,True,False,2.6232114467408696,2.782193958664547,10.015898251192358,2.6232114467408696,2.6232114467408696,35.214626391096985,12.877583465818754
000678.SZSE,2025-03-13,—,三接四阳,2025,True,False,-6.719653179190754,-9.75433526011561,-6.719653179190754,-6.719653179190754,-9.75433526011561,22.904624277456655,2.6011560693641522
000678.SZSE,2025-03-19,—,二接三阳,2025,True,True,-0.9895227008148932,1.86263096623982,10.011641443538988,-0.9895227008148932,-0.9895227008148932,-10.884749708963904,-10.884749708963904
000678.SZSE,2025-03-20,—,三接四阳,2025,True,False,-9.999999999999986,-0.15873015873014706,-9.999999999999986,-9.999999999999986,-0.15873015873014706,-18.994708994708986,-18.994708994708986
000679.SZSE,2024-07-05,—,二接三阳,2024,False,False,-14.242424242424235,-14.242424242424235,-14.242424242424235,-4.848484848484835,-14.242424242424235,-14.242424242424235,-17.878787878787872
000679.SZSE,2024-11-22,—,二接三阳,2024,False,False,-13.117546848381611,-9.710391822827946,-13.117546848381611,-11.925042589437817,-9.710391822827946,-13.117546848381611,-10.391822827938679
000679.SZSE,2025-01-15,—,二接三阴,2025,False,False,-2.2058823529411686,-7.647058823529407,-2.2058823529411686,-4.411764705882348,-7.647058823529407,-2.2058823529411686,-3.3823529411764586
000679.SZSE,2026-06-18,—,二接三阴,2026,False,False,-6.304079110012362,-6.304079110012362,-6.304079110012362,-6.304079110012362,-6.304079110012362,-6.304079110012362,-8.776266996291715
000681.SZSE,2024-12-13,—,二接三阴,2024,True,True,6.499608457321848,9.631949882537194,6.499608457321848,6.499608457321848,6.499608457321848,10.806577916992953,10.806577916992953
000681.SZSE,2024-12-16,—,三接四阴,2024,False,False,0.7475970096119555,-0.3203987184051238,0.7475970096119555,-3.1683873264506945,-0.3203987184051238,0.7475970096119555,7.155571377714498
000691.SZSE,2024-04-24,—,二接三阴,2024,True,False,-0.9174311926605561,10.091743119266038,10.091743119266038,-0.9174311926605561,-0.9174311926605561,-10.779816513761475,-10.779816513761475
000695.SZSE,2024-11-14,—,二接三阳,2024,False,False,-15.703703703703697,-16.96296296296296,-15.703703703703697,-7.7037037037037015,-16.96296296296296,-15.703703703703697,-7.259259259259265
000700.SZSE,2023-10-16,—,二接三阳,2023,False,False,-10.599571734475377,-12.419700214132767,-10.599571734475377,-5.888650963597442,-12.419700214132767,-10.599571734475377,-6.638115631691644
000700.SZSE,2026-06-04,—,二接三阴,2026,False,False,-5.208333333333326,0.164473684210531,-5.208333333333326,-2.412280701754377,-5.208333333333326,-5.208333333333326,-9.484649122807
000702.SZSE,2024-05-22,—,二接三阴,2024,True,False,12.903225806451601,6.451612903225801,10.000000000000009,12.903225806451601,12.903225806451601,4.0322580645161255,4.0322580645161255
000702.SZSE,2024-05-23,—,三接四阴,2024,True,False,2.639296187683282,9.237536656891487,9.97067448680351,2.639296187683282,2.639296187683282,-5.4252199413489794,-5.4252199413489794
000702.SZSE,2024-10-29,—,二接三阳,2024,False,False,-11.753554502369667,-9.952606635071092,-11.753554502369667,-5.687203791469209,-9.952606635071092,-11.753554502369667,-10.047393364928913
000705.SZSE,2025-07-18,—,二接三阴,2025,False,False,-14.90094745908699,-17.140396210163654,-14.90094745908699,-10.594315245478025,-17.140396210163654,-14.90094745908699,-18.432385874246325
000710.SZSE,2023-11-22,—,二接三阳,2023,True,False,-9.375,9.999999999999986,-9.375,-9.375,-9.375,-8.750000000000002,-8.750000000000002
000710.SZSE,2023-11-23,—,三接四阳,2023,False,False,-17.04545454545454,-17.55050505050505,-17.04545454545454,-17.613636363636353,-17.55050505050505,-17.04545454545454,-14.457070707070708
000710.SZSE,2024-03-20,—,二接三阳,2024,True,False,6.255749770009222,9.935602575896961,10.027598896044164,6.255749770009222,6.255749770009222,-4.323827046918116,-4.323827046918116
000710.SZSE,2024-03-21,—,三接四阳,2024,True,False,-3.428093645484953,0.0,-3.428093645484953,-3.428093645484953,-3.428093645484953,-13.043478260869568,-13.043478260869568
000710.SZSE,2025-02-11,—,二接三阳,2025,False,False,-8.268733850129195,-6.976744186046502,-8.268733850129195,-0.5167958656330685,-6.976744186046502,-8.268733850129195,-8.871662360034449
000712.SZSE,2024-10-08,—,二接三阳,2024,True,True,-9.98759305210919,-3.598014888337475,-9.98759305210919,-9.98759305210919,-3.598014888337475,-18.73449131513648,-18.73449131513648
000712.SZSE,2024-11-28,—,二接三阳,2024,True,False,-1.0039040713887282,-3.5136642498605597,9.983268265476841,-1.0039040713887282,-3.5136642498605597,-7.863915225878415,-7.863915225878415
000712.SZSE,2024-11-29,B3,三接四阳,2024,True,False,-9.989858012170384,-9.989858012170384,-9.989858012170384,-9.989858012170384,-9.989858012170384,-16.227180527383368,-16.227180527383368
000712.SZSE,2026-08-31,—,三接四阴,2026,True,False,4.006163328197232,-6.933744221879823,4.006163328197232,4.006163328197232,-6.933744221879823,1.3867488443759513,1.3867488443759513
000713.SZSE,2025-04-09,—,二接三阳,2025,False,False,-9.211873080859778,-15.455475946775843,-9.211873080859778,-9.314227226202664,-15.455475946775843,-9.211873080859778,-17.40020470829068
000715.SZSE,2024-01-10,—,二接三阴,2024,True,False,2.073050345508376,9.970384995064151,9.970384995064151,2.073050345508376,2.073050345508376,9.081934846989137,9.081934846989137
000715.SZSE,2024-01-11,—,三接四阴,2024,True,False,-7.181328545780974,6.732495511669656,-7.181328545780974,-7.181328545780974,-7.181328545780974,-0.8078994614003632,-0.8078994614003632
000716.SZSE,2024-11-05,—,二接三阴,2024,True,True,19.796954314720814,9.983079526226724,9.983079526226724,19.796954314720814,19.796954314720814,18.612521150592222,31.810490693739425
000716.SZSE,2024-12-02,—,二接三阳,2024,True,False,-1.013513513513531,0.22522522522521182,10.022522522522515,-1.013513513513531,-1.013513513513531,-10.585585585585589,-10.585585585585589
000716.SZSE,2024-12-03,—,三接四阳,2024,True,False,-10.030706243602872,-8.904810644831107,-10.030706243602872,-10.030706243602872,-8.904810644831107,-18.730808597748204,-18.730808597748204
000717.SZSE,2024-12-09,—,二接三阳,2024,True,False,-8.09399477806788,5.22193211488251,-8.09399477806788,-8.09399477806788,-8.09399477806788,0.7832898172323688,1.0443864229765065
000718.SZSE,2025-09-11,B2,二接三阳,2025,True,False,16.9435215946844,7.3089700996677776,9.966777408637872,16.9435215946844,16.9435215946844,16.279069767441868,16.279069767441868
000718.SZSE,2025-09-12,—,三接四阳,2025,True,True,6.344410876132933,3.92749244712991,6.344410876132933,6.344410876132933,6.344410876132933,5.740181268882183,5.740181268882183
000719.SZSE,2023-08-08,—,二接三阴,2023,False,False,-11.308203991130817,-8.203991130820398,-11.308203991130817,-3.3998521803399795,-8.203991130820398,-11.308203991130817,-8.573540280857351
000720.SZSE,2026-03-27,—,三接四阴,2026,True,False,-9.981851179673317,-0.1814882032667886,-9.981851179673317,-9.981851179673317,-0.1814882032667886,-10.88929219600725,-0.9074410163339319
000720.SZSE,2026-04-07,—,二接三阴,2026,True,True,2.6033690658499253,6.431852986217446,2.6033690658499253,2.6033690658499253,2.6033690658499253,-7.656967840735074,-7.656967840735074
000720.SZSE,2026-04-08,—,三接四阴,2026,False,False,-16.016713091921996,-9.470752089136491,-16.016713091921996,-6.685236768802227,-9.470752089136491,-16.016713091921996,-24.37325905292479
000722.SZSE,2025-05-21,—,二接三阴,2025,True,False,-5.745642349903168,2.905100064557775,-5.745642349903168,-5.745642349903168,-5.745642349903168,-15.17107811491284,-15.17107811491284
000722.SZSE,2026-03-26,—,二接三阴,2026,True,False,-7.221006564551424,1.641137855579844,-7.221006564551424,-7.221006564551424,-7.221006564551424,-14.059080962800873,-14.059080962800873
000723.SZSE,2024-02-08,—,二接三阴,2024,False,False,-5.599999999999994,-3.3599999999999963,-5.599999999999994,-3.520000000000001,-3.3599999999999963,-5.599999999999994,-6.559999999999999
000727.SZSE,2023-10-16,—,二接三阴,2023,False,False,-18.010752688172047,-9.946236559139788,-18.010752688172047,-9.139784946236562,-9.946236559139788,-18.010752688172047,-9.677419354838722
000736.SZSE,2024-09-19,—,二接三阴,2024,False,False,-1.720647773279349,-12.145748987854265,-1.720647773279349,-6.275303643724706,-12.145748987854265,-1.720647773279349,8.097165991902822
000737.SZSE,2024-03-18,—,二接三阳,2024,False,False,-6.942590120160219,-6.6755674232309765,-6.942590120160219,-4.939919893190925,-6.6755674232309765,-6.942590120160219,2.4032042723631575
000737.SZSE,2024-04-08,—,二接三阳,2024,False,False,-4.043807919123832,-4.717775905644473,-4.043807919123832,-2.1903959561920816,-4.717775905644473,-4.043807919123832,-3.959561920808752
000750.SZSE,2024-09-26,—,二接三阴,2024,True,False,29.824561403508753,10.02506265664158,10.02506265664158,29.824561403508753,29.824561403508753,16.79197994987469,16.79197994987469
000750.SZSE,2024-09-27,—,三接四阴,2024,True,False,17.995444191343957,10.022779043280195,10.022779043280195,17.995444191343957,17.995444191343957,6.150341685649208,6.150341685649208
000753.SZSE,2024-11-28,—,二接三阳,2024,True,False,31.875000000000007,4.166666666666674,10.000000000000009,31.875000000000007,31.875000000000007,18.75,18.75
000753.SZSE,2024-11-29,—,三接四阳,2024,True,False,19.886363636363626,10.037878787878785,10.037878787878785,19.886363636363626,19.886363636363626,7.954545454545459,7.954545454545459
000757.SZSE,2023-10-20,—,二接三阳,2023,False,False,-18.39080459770115,-18.39080459770115,-18.39080459770115,-9.35960591133005,-18.39080459770115,-18.39080459770115,-23.809523809523814
000759.SZSE,2024-12-27,—,二接三阳,2024,True,False,19.796484736355225,2.775208140610541,9.990749306197966,19.796484736355225,19.796484736355225,7.8630897317298665,7.8630897317298665
000759.SZSE,2024-12-30,B3,三接四阳,2024,True,False,8.915054667788036,5.046257359125317,10.00841042893188,8.915054667788036,8.915054667788036,-1.9343986543313707,-1.9343986543313707
000759.SZSE,2025-04-10,—,二接三阴,2025,True,False,1.1969532100108982,2.2850924918389692,1.1969532100108982,1.1969532100108982,1.1969532100108982,5.4406964091403776,5.4406964091403776
000762.SZSE,2024-10-08,—,二接三阳,2024,True,False,-9.984520123839003,-4.218266253869974,-9.984520123839003,-9.984520123839003,-4.218266253869974,-11.455108359133126,-11.455108359133126
000766.SZSE,2023-09-01,—,二接三阴,2023,False,False,-3.1630170316301776,-11.31386861313869,-2.7980535279805374,-11.678832116788328,-11.31386861313869,-3.1630170316301776,-4.501216545012177
000766.SZSE,2023-09-13,—,二接三阴,2023,True,False,30.50193050193051,3.2818532818532864,10.038610038610042,30.50193050193051,30.50193050193051,28.764478764478763,28.764478764478763
000766.SZSE,2023-09-14,—,三接四阴,2023,True,False,18.596491228070168,4.210526315789487,9.999999999999986,18.596491228070168,18.596491228070168,17.01754385964911,17.01754385964911
000777.SZSE,2026-06-17,—,二接三阳,2026,True,False,-10.018298261665127,-6.450137236962494,-10.018298261665127,-10.018298261665127,-6.450137236962494,-12.534309240622132,-12.534309240622132
000783.SZSE,2024-09-30,—,二接三阳,2024,True,False,3.3240997229917024,9.972299168975084,9.972299168975084,3.3240997229917024,3.3240997229917024,-4.986149584487531,-4.986149584487531
000783.SZSE,2024-10-08,—,三接四阳,2024,True,False,-6.045340050377835,-3.2745591939546737,-6.045340050377835,-6.045340050377835,-3.2745591939546737,-13.60201511335013,-13.60201511335013
000785.SZSE,2024-12-12,—,二接三阴,2024,True,True,8.816705336426933,9.976798143851529,9.976798143851529,8.816705336426933,8.816705336426933,0.46403712296985145,0.46403712296985145
000785.SZSE,2024-12-13,—,三接四阴,2024,True,False,-1.0548523206751037,9.915611814345993,9.915611814345993,-1.0548523206751037,-1.0548523206751037,-8.64978902953587,-8.64978902953587
000785.SZSE,2025-02-12,—,二接三阳,2025,True,False,8.913043478260875,8.26086956521741,10.000000000000009,8.913043478260875,8.913043478260875,-1.7391304347826098,-1.7391304347826098
000785.SZSE,2025-02-13,—,三接四阳,2025,True,False,-0.9881422924901129,8.102766798418969,10.079051383399218,-0.9881422924901129,-0.9881422924901129,-10.671936758893285,-10.671936758893285
000798.SZSE,2025-11-18,—,二接三阳,2025,True,False,31.746031746031743,9.964726631393294,9.964726631393294,31.746031746031743,31.746031746031743,18.606701940035265,18.606701940035265
000799.SZSE,2024-10-08,—,三接四阴,2024,True,False,-2.303904326415762,0.24621878297572675,-2.303904326415762,-2.303904326415762,-2.303904326415762,-3.306366514245518,-3.306366514245518
000801.SZSE,2024-11-20,—,二接三阴,2024,True,False,19.813664596273274,9.999999999999986,9.999999999999986,19.813664596273274,19.813664596273274,15.093167701863353,15.093167701863353
000801.SZSE,2024-11-21,—,三接四阴,2024,True,True,8.921513269339343,2.766798418972316,9.994353472614348,8.921513269339343,8.921513269339343,4.630152456239411,4.630152456239411
000802.SZSE,2023-06-07,—,二接三阳,2023,True,False,-0.8752735229759279,5.032822757111588,-0.8752735229759279,-0.8752735229759279,-0.8752735229759279,-9.84682713347922,-9.84682713347922
000802.SZSE,2026-08-12,—,二接三阳,2026,True,False,4.042179261862899,10.017574692442865,10.017574692442865,4.042179261862899,4.042179261862899,-6.326889279437619,-6.326889279437619
000802.SZSE,2026-08-13,—,三接四阳,2026,True,False,-5.4313099041533475,-0.9584664536741117,-5.4313099041533475,-5.4313099041533475,-0.9584664536741117,-14.856230031948881,-14.856230031948881
000803.SZSE,2024-04-09,—,二接三阴,2024,False,False,-23.014586709886544,-20.09724473257699,-23.014586709886544,-15.072933549432733,-20.09724473257699,-23.014586709886544,-24.635332252836296
000810.SZSE,2024-08-19,—,二接三阳,2024,True,False,-10.018050541516244,-5.234657039711188,-10.018050541516244,-10.018050541516244,-5.234657039711188,-13.176895306859215,-13.176895306859215
000811.SZSE,2025-12-09,—,二接三阳,2025,False,False,-1.9079685746352437,-0.8978675645342271,-1.9079685746352437,-3.367003367003374,-0.8978675645342271,-1.9079685746352437,-2.076318742985417
000811.SZSE,2026-06-22,—,二接三阴,2026,True,False,1.765105227427033,2.127178094591553,1.765105227427033,1.765105227427033,1.765105227427033,10.319076714188746,10.319076714188746
000813.SZSE,2024-12-10,—,二接三阳,2024,True,False,-9.478672985781989,-4.739336492891,-9.478672985781989,-9.478672985781989,-4.739336492891,9.004739336492884,-0.4739336492890933
000813.SZSE,2024-12-16,—,二接三阴,2024,False,False,-18.50393700787403,-10.236220472440948,-18.50393700787403,-9.4488188976378,-10.236220472440948,-18.50393700787403,-23.03149606299213
000815.SZSE,2024-02-26,—,二接三阳,2024,True,False,1.6393442622950838,-6.147540983606559,1.6393442622950838,1.6393442622950838,-6.147540983606559,-8.504098360655743,-8.504098360655743
000815.SZSE,2025-03-18,—,二接三阴,2025,False,False,-9.845449341728674,-2.404121350887223,-9.845449341728674,-4.178591871780202,-2.404121350887223,-9.845449341728674,-11.390955924441892
000815.SZSE,2026-03-09,—,二接三阳,2026,True,False,-0.22296544035675936,5.964325529542913,-0.22296544035675936,-0.22296544035675936,-0.22296544035675936,-1.170568561872909,-1.170568561872909
000815.SZSE,2026-03-10,—,三接四阳,2026,False,False,-10.136847440446017,-7.90674100354789,-10.136847440446017,-9.275215408008119,-7.90674100354789,-10.136847440446017,-4.51089711099848
000815.SZSE,2026-07-22,—,二接三阴,2026,True,False,0.3719776813391418,2.1078735275883442,9.981401115933043,0.3719776813391418,0.3719776813391418,2.913825170489792,2.913825170489792
000815.SZSE,2026-07-23,—,三接四阴,2026,True,False,-8.737316798196149,-2.0856820744081017,-8.737316798196149,-8.737316798196149,-2.0856820744081017,-6.426155580608772,-6.426155580608772
000815.SZSE,2026-08-04,—,二接三阴,2026,True,True,2.6129559063690744,3.429504627109403,2.6129559063690744,2.6129559063690744,2.6129559063690744,-0.3266194882961426,-0.3266194882961426
000818.SZSE,2025-02-07,—,三接四阳,2025,True,False,23.042505592841156,10.022371364653226,10.022371364653226,23.042505592841156,23.042505592841156,47.203579418344496,35.34675615212528
000818.SZSE,2025-02-21,—,二接三阴,2025,False,False,-22.894625476089715,-22.894625476089715,-22.894625476089715,-14.325010579771469,-22.894625476089715,-22.894625476089715,-30.5966991112992
000820.SZSE,2024-01-04,—,二接三阴,2024,True,False,-9.942638623326971,4.97131931166348,-9.942638623326971,-9.942638623326971,-9.942638623326971,-18.546845124282996,-18.546845124282996
000820.SZSE,2024-01-05,—,三接四阴,2024,False,False,-25.913043478260878,-24.173913043478258,-25.913043478260878,-18.08695652173913,-24.173913043478258,-25.913043478260878,-29.391304347826097
000820.SZSE,2026-08-03,—,二接三阴,2026,True,False,6.459948320413433,-1.8087855297157729,10.077519379844958,6.459948320413433,-1.8087855297157729,-2.842377260981921,-2.842377260981921
000820.SZSE,2026-08-04,—,三接四阴,2026,True,False,-3.2863849765258135,-3.0516431924882625,-3.2863849765258135,-3.2863849765258135,-3.0516431924882625,-11.737089201877938,-11.737089201877938
000823.SZSE,2026-06-26,—,二接三阴,2026,True,False,-8.854532677442018,0.7378777231201727,-8.854532677442018,-8.854532677442018,-8.854532677442018,-9.873506676036548,-9.873506676036548
000828.SZSE,2023-11-09,A1,三接四阳,2023,True,False,4.2424242424242475,-9.999999999999986,4.2424242424242475,4.2424242424242475,-9.999999999999986,-6.212121212121202,-6.212121212121202
000833.SZSE,2024-11-13,—,二接三阴,2024,True,True,93.07450157397692,9.968520461699914,9.968520461699914,93.07450157397692,93.07450157397692,73.87198321091293,73.87198321091293
000852.SZSE,2025-10-23,—,三接四阴,2025,True,False,-9.957173447537471,-2.0342612419700146,-9.957173447537471,-9.957173447537471,-2.0342612419700146,-16.274089935760173,-16.274089935760173
000856.SZSE,2025-01-22,—,二接三阳,2025,True,False,19.874476987447707,2.1966527196652708,10.041841004184082,19.874476987447707,19.874476987447707,17.468619246861916,17.468619246861916
000856.SZSE,2025-01-23,—,三接四阳,2025,True,False,8.935361216730042,-1.1406844106463754,9.980988593155903,8.935361216730042,-1.1406844106463754,6.749049429657794,6.749049429657794
000856.SZSE,2025-02-19,—,二接三阴,2025,True,False,2.739726027397249,-2.8701891715590344,9.980430528375738,2.739726027397249,-2.8701891715590344,-7.110241356816694,-7.110241356816694
000856.SZSE,2025-02-20,A2,三接四阴,2025,True,False,-6.583629893238429,-2.1352313167259718,-6.583629893238429,-6.583629893238429,-2.1352313167259718,-15.539739027283506,-15.539739027283506
000858.SZSE,2024-09-30,—,二接三阴,2024,True,False,0.9476339917543708,9.999384653252118,0.9476339917543708,0.9476339917543708,0.9476339917543708,-9.125592271244843,-9.125592271244843
000858.SZSE,2024-10-08,—,三接四阴,2024,False,False,-17.386439919445063,-10.494517789214585,-17.386439919445063,-8.228910270754074,-10.494517789214585,-17.386439919445063,-14.980980085030204
000859.SZSE,2024-09-03,—,二接三阳,2024,True,False,-10.093896713615013,-1.8779342723004744,-10.093896713615013,-10.093896713615013,-1.8779342723004744,-17.136150234741788,-17.136150234741788
000859.SZSE,2024-10-18,—,二接三阴,2024,True,False,8.14393939393938,9.84848484848484,10.037878787878785,8.14393939393938,8.14393939393938,2.651515151515138,2.651515151515138
000859.SZSE,2024-10-21,—,三接四阴,2024,True,False,-1.721170395869187,3.2702237521514688,-1.721170395869187,-1.721170395869187,-1.721170395869187,-6.712564543889843,-6.712564543889843
000859.SZSE,2025-11-21,—,二接三阴,2025,True,False,4.953917050691237,0.9216589861751112,10.02304147465438,4.953917050691237,4.953917050691237,8.410138248847932,8.410138248847932
000859.SZSE,2025-11-24,—,三接四阴,2025,True,False,-4.607329842931951,-9.947643979057597,-4.607329842931951,-4.607329842931951,-9.947643979057597,-1.465968586387445,-1.465968586387445
000861.SZSE,2024-07-04,—,二接三阳,2024,False,False,-3.0612244897959218,-6.122448979591832,-3.0612244897959218,-3.0612244897959218,-6.122448979591832,-3.0612244897959218,-10.204081632653061
000880.SZSE,2024-07-31,—,三接四阳,2024,True,False,4.166666666666652,3.9772727272727293,10.037878787878785,4.166666666666652,4.166666666666652,1.6098484848484862,1.6098484848484862
000880.SZSE,2024-11-18,—,二接三阳,2024,True,False,-9.99315537303216,-9.99315537303216,-9.99315537303216,-9.99315537303216,-9.99315537303216,-9.719370294318963,-9.719370294318963
000880.SZSE,2024-12-24,—,二接三阳,2024,False,False,20.58080808080809,-3.345959595959591,6.313131313131315,-3.345959595959591,-3.345959595959591,20.58080808080809,15.530303030303028
000880.SZSE,2024-12-27,—,二接三阴,2024,False,False,-10.162002945508098,-6.725576828669622,-10.162002945508098,-6.2346588119784,-6.725576828669622,-10.162002945508098,-15.071183112420227
000880.SZSE,2025-02-25,—,二接三阳,2025,True,False,0.0,2.9977911012937897,0.0,0.0,0.0,-2.4928999684443176,-2.4928999684443176
000880.SZSE,2025-03-13,—,二接三阳,2025,True,False,-5.210918114143903,-5.682382133995034,-5.210918114143903,-5.210918114143903,-5.682382133995034,-1.2903225806451535,-1.2903225806451535
000880.SZSE,2025-07-16,—,二接三阴,2025,True,True,4.587155963302747,-1.5945827872433482,4.587155963302747,4.587155963302747,-1.5945827872433482,9.217999126256004,9.217999126256004
000880.SZSE,2025-07-17,—,三接四阴,2025,False,False,-0.714853057982523,-2.065131056393965,-0.714853057982523,-4.924543288324057,-2.065131056393965,-0.714853057982523,-4.090548054011123
000882.SZSE,2024-09-30,—,二接三阳,2024,True,False,1.1976047904191711,10.179640718562876,1.1976047904191711,1.1976047904191711,1.1976047904191711,-8.982035928143706,-8.982035928143706
000882.SZSE,2024-10-08,—,三接四阳,2024,False,False,-17.391304347826086,-14.130434782608692,-17.391304347826086,-8.15217391304348,-14.130434782608692,-17.391304347826086,-14.130434782608692
000882.SZSE,2025-01-22,—,二接三阴,2025,True,False,9.03225806451613,5.483870967741944,10.000000000000009,9.03225806451613,9.03225806451613,-1.9354838709677469,-1.9354838709677469
000882.SZSE,2025-01-23,—,三接四阴,2025,True,False,-0.8797653958944385,0.8797653958944274,9.97067448680351,-0.8797653958944385,-0.8797653958944385,-10.850439882697948,-10.850439882697948
000889.SZSE,2025-06-09,A1,三接四阳,2025,True,False,3.535353535353525,0.0,3.535353535353525,3.535353535353525,3.535353535353525,-5.05050505050505,-5.05050505050505
000889.SZSE,2026-04-10,—,二接三阳,2026,True,False,-9.885057471264357,-1.6091954022988353,-9.885057471264357,-9.885057471264357,-1.6091954022988353,14.942528735632198,-0.919540229885063
000889.SZSE,2026-04-16,—,二接三阴,2026,False,False,1.5355086372360827,-6.9097888675623835,1.5355086372360827,-4.0307101727447225,-6.9097888675623835,1.5355086372360827,-1.3435700575815779
000889.SZSE,2026-05-08,—,二接三阴,2026,False,False,-10.696095076400681,-7.300509337860772,-10.696095076400681,-8.149405772495744,-7.300509337860772,-10.696095076400681,-14.091680814940577
000890.SZSE,2026-02-25,—,二接三阳,2026,True,False,5.075445816186552,-0.4115226337448541,10.013717421124824,5.075445816186552,-0.4115226337448541,10.562414266117969,15.637860082304522
000890.SZSE,2026-02-26,—,三接四阳,2026,True,False,-4.488778054862841,-2.3690773067331583,-4.488778054862841,-4.488778054862841,-2.3690773067331583,0.4987531172069959,5.112219451371569
000890.SZSE,2026-03-16,—,二接三阳,2026,True,False,11.475409836065587,2.868852459016402,10.000000000000009,11.475409836065587,11.475409836065587,14.754098360655753,14.754098360655753
000890.SZSE,2026-03-17,—,三接四阳,2026,True,False,1.3412816691505292,2.53353204172877,1.3412816691505292,1.3412816691505292,1.3412816691505292,4.32190760059612,4.32190760059612
000892.SZSE,2025-02-25,—,二接三阳,2025,True,False,3.205128205128216,0.42735042735044804,10.042735042735051,3.205128205128216,3.205128205128216,-7.051282051282048,-7.051282051282048
000892.SZSE,2025-02-26,—,三接四阳,2025,True,False,-6.213592233009713,-1.553398058252431,-6.213592233009713,-6.213592233009713,-1.553398058252431,-15.533980582524286,-15.533980582524286
000892.SZSE,2025-07-11,—,二接三阳,2025,False,False,-23.003194888178903,-16.773162939297126,-23.003194888178903,-15.335463258785943,-16.773162939297126,-23.003194888178903,-22.84345047923322
000892.SZSE,2025-11-04,—,二接三阴,2025,False,False,-5.671296296296302,-6.7129629629629655,-5.671296296296302,-3.935185185185186,-6.7129629629629655,-5.671296296296302,-12.615740740740744
000892.SZSE,2025-11-25,—,二接三阴,2025,True,False,-0.9029345372460473,-0.9029345372460473,10.04514672686232,-0.9029345372460473,-0.9029345372460473,-9.255079006772016,-9.255079006772016
000892.SZSE,2025-11-26,—,三接四阴,2025,True,False,-9.948717948717956,-7.692307692307687,-9.948717948717956,-9.948717948717956,-7.692307692307687,-17.538461538461547,-17.538461538461547
000892.SZSE,2026-02-11,—,二接三阳,2026,True,False,-9.321175278622086,-10.030395136778104,-9.321175278622086,-9.321175278622086,-10.030395136778104,-18.338399189463004,-18.338399189463004
000892.SZSE,2026-07-13,—,二接三阴,2026,False,False,-15.367965367965365,-12.337662337662348,-15.367965367965365,-13.85281385281385,-12.337662337662348,-15.367965367965365,-23.809523809523814
000899.SZSE,2024-04-18,—,二接三阳,2024,False,False,-5.580969807868252,-10.338517840805117,-5.580969807868252,-10.430009149130836,-10.338517840805117,-5.580969807868252,-4.117108874656905
000899.SZSE,2026-02-27,—,二接三阳,2026,True,False,0.3422313483915085,1.848049281314168,0.3422313483915085,0.3422313483915085,0.3422313483915085,-6.023271731690616,-6.023271731690616
000899.SZSE,2026-03-02,—,三接四阳,2026,False,False,-14.561294337274422,-12.507778469197262,-14.561294337274422,-8.774113254511517,-12.507778469197262,-14.561294337274422,-12.570006222775355
000901.SZSE,2025-08-12,—,二接三阴,2025,False,False,7.309941520467844,-6.627680311890838,2.680311890838216,-6.676413255360625,-6.627680311890838,7.309941520467844,-3.4113060428849873
000901.SZSE,2025-12-09,—,二接三阳,2025,False,False,-7.590502140910871,-6.578435188789422,-7.590502140910871,-3.386531724406383,-6.578435188789422,-7.590502140910871,-12.028026469443365
000905.SZSE,2025-03-19,—,二接三阴,2025,False,False,-15.706806282722507,-12.041884816753933,-15.706806282722507,-9.947643979057597,-12.041884816753933,-15.706806282722507,-16.753926701570688
000905.SZSE,2025-12-09,—,二接三阴,2025,True,False,4.683195592286493,9.917355371900838,9.986225895316814,4.683195592286493,4.683195592286493,-4.407713498622579,-4.407713498622579
000905.SZSE,2025-12-10,—,三接四阴,2025,True,False,-4.821540388227941,2.692548528490901,-4.821540388227941,-4.821540388227941,-4.821540388227941,-13.08703819661866,-13.08703819661866
000908.SZSE,2024-02-21,—,二接三阳,2024,True,False,27.717391304347828,1.0869565217391353,9.782608695652172,27.717391304347828,27.717391304347828,15.217391304347828,15.217391304347828
000908.SZSE,2024-02-22,—,三接四阳,2024,True,False,16.336633663366328,9.90099009900991,9.90099009900991,16.336633663366328,16.336633663366328,4.950495049504955,4.950495049504955
000917.SZSE,2024-03-19,—,二接三阴,2024,True,True,2.6109660574412663,-6.9190600522193275,10.052219321148815,2.6109660574412663,-6.9190600522193275,-0.652741514360311,-0.652741514360311
000917.SZSE,2024-03-20,—,三接四阴,2024,True,False,-6.761565836298922,4.389086595492309,-6.761565836298922,-6.761565836298922,-6.761565836298922,-9.727164887307227,-9.727164887307227
000919.SZSE,2026-04-09,—,二接三阴,2026,False,False,-19.08163265306123,-17.040816326530607,-19.08163265306123,-12.44897959183674,-17.040816326530607,-19.08163265306123,-26.02040816326531
000926.SZSE,2024-09-30,—,二接三阳,2024,False,False,-0.7194244604316502,7.913669064748219,-0.7194244604316502,-0.7194244604316502,-0.7194244604316502,-0.7194244604316502,-10.79136690647482
000931.SZSE,2026-08-24,—,二接三阴,2026,True,False,-6.785714285714284,-1.9642857142857073,-6.785714285714284,-6.785714285714284,-1.9642857142857073,-3.035714285714286,-3.035714285714286
000936.SZSE,2023-06-16,—,二接三阳,2023,True,False,15.283842794759828,10.043668122270756,10.043668122270756,15.283842794759828,15.283842794759828,19.38864628820962,19.38864628820962
000936.SZSE,2026-08-14,—,二接三阴,2026,True,False,-4.8780487804877986,-1.86513629842181,-4.8780487804877986,-4.8780487804877986,-1.86513629842181,-11.764705882352933,-11.764705882352933
000948.SZSE,2024-09-23,—,二接三阴,2024,False,False,-15.301618440411968,-15.301618440411968,-15.301618440411968,-5.885237861696901,-15.301618440411968,-15.301618440411968,-16.527709661598834
000949.SZSE,2024-11-20,—,二接三阴,2024,True,False,-1.4084507042253391,4.627766599597605,-1.4084507042253391,-1.4084507042253391,-1.4084507042253391,-10.060362173038229,-10.060362173038229
000949.SZSE,2024-11-21,—,三接四阴,2024,False,False,-18.281535648994517,-11.882998171846426,-18.281535648994517,-10.420475319926858,-11.882998171846426,-18.281535648994517,-20.658135283363798
000952.SZSE,2024-05-08,—,二接三阳,2024,True,False,-8.025477707006367,-7.006369426751591,-8.025477707006367,-8.025477707006367,-7.006369426751591,-17.19745222929936,-17.19745222929936
000952.SZSE,2025-10-23,—,二接三阳,2025,False,False,-18.3625730994152,-16.72514619883041,-18.3625730994152,-9.239766081871359,-16.72514619883041,-18.3625730994152,-21.286549707602344
000952.SZSE,2025-11-27,—,三接四阴,2025,True,False,-9.980806142034538,-5.950095969289815,-9.980806142034538,-9.980806142034538,-5.950095969289815,-7.197696737044145,-7.197696737044145
000953.SZSE,2024-08-01,—,二接三阴,2024,True,False,19.672131147540984,7.1038251366120075,10.10928961748634,19.672131147540984,19.672131147540984,15.573770491803284,15.573770491803284
000953.SZSE,2024-08-02,—,三接四阴,2024,True,True,8.684863523573183,9.92555831265507,9.92555831265507,8.684863523573183,8.684863523573183,4.962779156327546,4.962779156327546
000953.SZSE,2024-11-27,—,二接三阴,2024,False,False,-12.259970457902503,-9.453471196454943,-12.259970457902503,-4.874446085672068,-9.453471196454943,-12.259970457902503,-12.703101920236326
000953.SZSE,2025-03-31,—,二接三阳,2025,False,False,-7.522123893805322,-12.831858407079643,2.8023598820059004,-6.4896755162241915,-12.831858407079643,-7.522123893805322,-12.24188790560472
000955.SZSE,2025-11-04,—,二接三阳,2025,False,False,-6.266666666666665,-8.666666666666668,-6.266666666666665,-5.733333333333334,-8.666666666666668,-6.266666666666665,-11.2
000965.SZSE,2024-05-06,—,二接三阳,2024,False,False,-11.944444444444446,-11.944444444444446,-11.944444444444446,-10.277777777777786,-11.944444444444446,-11.944444444444446,-16.388888888888896
000965.SZSE,2025-04-18,—,二接三阴,2025,True,False,15.60975609756099,9.512195121951228,10.000000000000009,15.60975609756099,15.60975609756099,22.68292682926831,27.073170731707318
000965.SZSE,2025-04-21,—,三接四阴,2025,True,True,5.09977827050998,7.317073170731714,9.977827050997789,5.09977827050998,5.09977827050998,11.529933481153009,15.521064301552112
000967.SZSE,2025-02-24,—,二接三阴,2025,False,False,-6.737120211360647,-10.435931307793922,-6.737120211360647,-6.472919418758261,-10.435931307793922,-6.737120211360647,-7.133421400264206
000969.SZSE,2025-10-14,—,三接四阳,2025,True,False,0.5538771399798526,0.7049345417925457,0.5538771399798526,0.5538771399798526,0.5538771399798526,2.26586102719033,2.26586102719033
000969.SZSE,2026-01-13,—,二接三阳,2026,False,False,-3.969816272965887,-6.200787401574804,-3.969816272965887,-7.18503937007875,-6.200787401574804,-3.969816272965887,-9.580052493438329
000972.SZSE,2024-02-05,—,三接四阴,2024,True,False,-1.0799136069114423,5.6155507559395135,9.935205183585305,-1.0799136069114423,-1.0799136069114423,-11.015118790496759,-11.015118790496759
000972.SZSE,2025-02-07,—,三接四阳,2025,False,False,-8.750000000000002,-15.249999999999996,-8.750000000000002,-6.25,-15.249999999999996,-8.750000000000002,-15.749999999999996
000977.SZSE,2024-10-08,—,二接三阳,2024,True,False,-5.366922234392102,-3.6144578313253017,-5.366922234392102,-5.366922234392102,-3.6144578313253017,-9.594742606790785,-9.594742606790785
000980.SZSE,2023-07-05,—,二接三阳,2023,False,False,1.2195121951219523,-4.8780487804877986,3.35365853658538,-6.097560975609751,-4.8780487804877986,1.2195121951219523,-5.487804878048774
000980.SZSE,2024-08-02,—,二接三阳,2024,True,False,-1.0869565217391353,2.1739130434782483,9.782608695652172,-1.0869565217391353,-1.0869565217391353,-7.0652173913043566,-7.0652173913043566
000980.SZSE,2024-08-05,—,三接四阳,2024,True,True,-9.9009900990099,8.910891089108919,-9.9009900990099,-9.9009900990099,-9.9009900990099,-15.34653465346535,-15.34653465346535
000980.SZSE,2024-10-08,—,二接三阳,2024,True,False,-10.091743119266061,-3.2110091743119407,-10.091743119266061,-10.091743119266061,-3.2110091743119407,-12.385321100917446,-12.385321100917446
000980.SZSE,2024-11-06,—,二接三阴,2024,False,False,-2.0000000000000018,-5.666666666666664,-2.0000000000000018,-0.33333333333332993,-5.666666666666664,-2.0000000000000018,-3.6666666666666625
000981.SZSE,2024-08-01,—,三接四阳,2024,True,False,-0.78125,0.0,10.15625,-0.78125,-0.78125,-4.6875,-4.6875
000981.SZSE,2024-11-07,—,二接三阳,2024,True,False,16.483516483516492,9.890109890109876,9.890109890109876,16.483516483516492,16.483516483516492,4.9450549450549275,4.9450549450549275
000981.SZSE,2024-12-09,A2,三接四阴,2024,True,False,7.526881720430101,1.0752688172043001,10.035842293906793,7.526881720430101,7.526881720430101,-3.2258064516129004,-3.2258064516129004
000981.SZSE,2025-09-16,—,二接三阳,2025,True,False,15.178571428571441,4.464285714285721,10.119047619047628,15.178571428571441,15.178571428571441,26.190476190476208,26.785714285714278
000981.SZSE,2025-09-17,B3,三接四阳,2025,True,True,4.594594594594592,8.108108108108091,10.000000000000009,4.594594594594592,4.594594594594592,14.5945945945946,15.135135135135114
000981.SZSE,2025-10-09,—,二接三阳,2025,True,False,-2.7896995708154515,3.218884120171661,-2.7896995708154515,-2.7896995708154515,-2.7896995708154515,-7.510729613733913,-7.510729613733913
000993.SZSE,2025-11-06,—,二接三阴,2025,True,False,-1.5580736543909235,4.461756373937686,-1.5580736543909235,-1.5580736543909235,-1.5580736543909235,2.5495750708215414,8.286118980169977
000995.SZSE,2024-09-30,—,二接三阴,2024,True,False,1.3745704467353903,9.896907216494832,1.3745704467353903,1.3745704467353903,1.3745704467353903,-8.728522336769773,-8.728522336769773
000995.SZSE,2026-02-02,—,二接三阳,2026,True,False,8.219178082191792,-1.7123287671232945,9.988584474885842,8.219178082191792,-1.7123287671232945,14.66894977168951,14.66894977168951
000995.SZSE,2026-02-03,—,三接四阳,2026,True,False,-1.60871821484172,2.698495070057083,-1.60871821484172,-1.60871821484172,-1.60871821484172,4.255319148936176,4.255319148936176
001202.SZSE,2025-03-25,—,二接三阳,2025,False,False,-18.540080609046118,-18.540080609046118,-18.540080609046118,-9.49395432154052,-18.540080609046118,-18.540080609046118,-26.69055082848185
001203.SZSE,2025-10-31,—,二接三阴,2025,True,False,3.6923076923076836,3.0256410256410238,3.6923076923076836,3.6923076923076836,3.6923076923076836,-2.0000000000000018,-2.0000000000000018
001203.SZSE,2025-11-17,—,二接三阴,2025,True,False,-0.22661055357721116,6.539333117513735,-0.22661055357721116,-0.22661055357721116,-0.22661055357721116,4.532211071544179,4.532211071544179
001206.SZSE,2024-03-21,—,二接三阳,2024,False,False,-19.63869463869464,-14.685314685314687,-19.63869463869464,-10.722610722610726,-14.685314685314687,-19.63869463869464,-11.596736596736601
001208.SZSE,2024-03-11,—,二接三阳,2024,False,False,-14.173228346456689,-12.303149606299213,-14.173228346456689,-10.728346456692917,-12.303149606299213,-14.173228346456689,-17.2244094488189
001208.SZSE,2025-12-16,—,三接四阴,2025,True,False,5.209914011127981,0.15174506828528056,5.209914011127981,5.209914011127981,5.209914011127981,7.486090035407189,7.486090035407189
001209.SZSE,2024-11-29,—,二接三阳,2024,True,False,19.79487179487178,-5.692307692307685,9.999999999999986,19.79487179487178,-5.692307692307685,7.794871794871794,7.794871794871794
001209.SZSE,2024-12-02,—,三接四阳,2024,True,False,8.904428904428908,2.564102564102577,10.023310023310028,8.904428904428908,8.904428904428908,-2.0046620046620056,-2.0046620046620056
001209.SZSE,2025-11-07,—,二接三阳,2025,True,False,-0.948406676783009,4.817905918057663,10.01517450682854,-0.948406676783009,-0.948406676783009,-10.849772382397571,-10.849772382397571
001209.SZSE,2025-11-10,A1,三接四阳,2025,True,False,-9.965517241379306,5.724137931034479,-9.965517241379306,-9.965517241379306,-9.965517241379306,-18.965517241379317,-18.965517241379317
001209.SZSE,2026-02-27,—,二接三阳,2026,True,False,-9.9938499384994,4.827798277982787,-9.9938499384994,-9.9938499384994,-9.9938499384994,-19.003690036900377,-19.003690036900377
001211.SZSE,2024-10-29,—,二接三阴,2024,False,False,-19.22413793103449,-17.068965517241384,-19.22413793103449,-12.456896551724139,-17.068965517241384,-19.22413793103449,-18.663793103448267
001212.SZSE,2024-07-25,—,二接三阳,2024,True,False,-10.003650967506395,-5.0748448338809755,-10.003650967506395,-10.003650967506395,-5.0748448338809755,-14.202263599853959,-14.202263599853959
001216.SZSE,2024-01-19,—,二接三阴,2024,True,False,8.897818599311114,8.840413318025252,9.988518943742818,8.897818599311114,8.897818599311114,-2.0091848450057515,-2.0091848450057515
001216.SZSE,2024-01-22,—,三接四阴,2024,True,False,-0.9916492693110679,0.7306889352818313,10.020876826722326,-0.9916492693110679,-0.9916492693110679,-10.908141962421713,-10.908141962421713
001216.SZSE,2025-11-18,—,二接三阳,2025,True,False,-1.0189228529839944,5.240174672489095,9.995147986414366,-1.0189228529839944,-1.0189228529839944,-1.9893255701115997,8.879184861717615
001216.SZSE,2025-11-19,—,三接四阳,2025,True,False,-10.013233348037065,-2.293780326422601,-10.013233348037065,-10.013233348037065,-2.293780326422601,-10.895456550507287,-1.0145566828407615
001217.SZSE,2024-01-02,—,二接三阳,2024,True,False,10.753380553766911,0.965872504829357,9.980682549903408,10.753380553766911,10.753380553766911,1.7385705086928605,1.7385705086928605
001217.SZSE,2024-01-03,—,三接四阳,2024,True,False,0.7025761124121788,10.011709601873541,0.7025761124121788,0.7025761124121788,0.7025761124121788,-7.494145199063218,-7.494145199063218
001222.SZSE,2024-12-04,B1,二接三阴,2024,True,False,-10.005238344683075,-3.50969093766369,-10.005238344683075,-10.005238344683075,-3.50969093766369,-16.02933473022524,-16.02933473022524
001222.SZSE,2025-05-21,—,二接三阳,2025,False,False,-18.29749890302763,-13.646336112329971,-18.29749890302763,-9.214567792891614,-13.646336112329971,-18.29749890302763,-17.28828433523474
001223.SZSE,2026-08-04,—,二接三阴,2026,False,False,-3.3676803216888596,-4.523749685850708,-3.3676803216888596,-0.829354109072622,-4.523749685850708,-3.3676803216888596,-5.931138477004271
001225.SZSE,2026-05-25,—,二接三阴,2026,False,False,-2.690238278247503,-11.652574942352034,-2.690238278247503,-10.837817063797072,-11.652574942352034,-2.690238278247503,-12.421214450422745
001226.SZSE,2024-01-26,—,二接三阴,2024,False,False,5.0062578222778376,-2.6783479349186456,5.0062578222778376,-0.6758448060075195,-2.6783479349186456,5.0062578222778376,-5.481852315394253
001229.SZSE,2024-02-21,—,二接三阳,2024,True,False,10.66988950276242,9.116022099447507,10.013812154696122,10.66988950276242,10.66988950276242,8.908839779005518,8.908839779005518
001229.SZSE,2024-02-22,—,三接四阳,2024,True,False,0.5963590709353372,8.286252354048962,0.5963590709353372,0.5963590709353372,0.5963590709353372,-1.0043942247332072,-1.0043942247332072
001229.SZSE,2024-03-15,—,二接三阴,2024,False,False,-11.180267404333799,-12.263715998155833,-11.180267404333799,-11.894882434301534,-12.263715998155833,-11.180267404333799,-12.655601659751037
001229.SZSE,2026-08-05,—,二接三阴,2026,False,False,-5.504370422867943,4.5121663123080635,-5.504370422867943,-0.023623907394276777,-5.504370422867943,-5.504370422867943,-4.110559886605236
001230.SZSE,2025-05-30,—,三接四阳,2025,False,False,-19.850586979722518,-17.467093561010316,-19.850586979722518,-11.241551049448596,-17.467093561010316,-19.850586979722518,-21.41586623977232
001231.SZSE,2025-10-27,—,二接三阳,2025,True,False,-9.996492458786399,4.489652753419837,-9.996492458786399,-9.996492458786399,-9.996492458786399,-17.15187653454928,-17.15187653454928
001231.SZSE,2026-01-06,—,二接三阴,2026,True,False,-10.009943652635078,-10.009943652635078,-10.009943652635078,-10.009943652635078,-10.009943652635078,-11.236327477626784,-11.236327477626784
001234.SZSE,2025-04-15,—,三接四阳,2025,True,False,8.910891089108919,9.987085665088259,9.987085665088259,8.910891089108919,8.910891089108919,-1.980198019801982,-1.980198019801982
001234.SZSE,2026-04-24,—,二接三阴,2026,True,False,-10.008386916410416,3.019289907743916,-10.008386916410416,-10.008386916410416,-10.008386916410416,-13.139502376292988,-13.139502376292988
001236.SZSE,2024-09-19,—,二接三阳,2024,False,False,-5.156537753222823,-6.261510128913439,5.340699815837935,-4.235727440147318,-6.261510128913439,-5.156537753222823,4.327808471454886
001238.SZSE,2023-11-02,—,二接三阴,2023,True,False,-9.632402995234845,-5.854322668481959,-9.632402995234845,-9.632402995234845,-5.854322668481959,-11.674608577263445,-11.674608577263445
001239.SZSE,2023-12-21,—,二接三阴,2023,True,False,-0.524017467248894,9.126637554585159,10.000000000000009,-0.524017467248894,-0.524017467248894,13.53711790393013,9.432314410480359
001239.SZSE,2023-12-22,—,三接四阴,2023,True,False,-9.56728860658992,5.200476379515684,-9.56728860658992,-9.56728860658992,-9.56728860658992,3.215561730845562,-0.5160778086542361
001239.SZSE,2024-04-15,—,二接三阳,2024,False,False,-14.378801042571677,-14.378801042571677,-14.378801042571677,-4.865334491746309,-14.378801042571677,-14.378801042571677,-17.98436142484796
001239.SZSE,2024-08-06,—,二接三阳,2024,True,False,-10.004856726566292,-10.004856726566292,-10.004856726566292,-10.004856726566292,-10.004856726566292,-18.989800874210783,-18.989800874210783
001255.SZSE,2024-11-19,—,二接三阴,2024,False,False,-5.353430353430344,-9.329521829521825,5.171517671517667,-4.391891891891886,-9.329521829521825,-5.353430353430344,-14.73492723492722
001255.SZSE,2025-12-18,—,二接三阴,2025,True,False,-9.99757340451346,-9.924775539917508,-9.99757340451346,-9.99757340451346,-9.924775539917508,-17.786944916282454,-17.786944916282454
001255.SZSE,2026-01-14,—,二接三阴,2026,True,False,8.897655051501197,0.15340784571553634,9.993425378040754,8.897655051501197,8.897655051501197,-1.9943019943020057,-1.9943019943020057
001255.SZSE,2026-01-15,—,三接四阴,2026,True,False,-0.9962143853357253,4.8615262004383375,10.001992428770667,-0.9962143853357253,-0.9962143853357253,-10.898585375572821,-10.898585375572821
001257.SZSE,2026-06-15,—,二接三阳,2026,True,False,7.243526712553261,1.8026876433955952,9.996722386102919,7.243526712553261,7.243526712553261,4.752540150770246,4.752540150770246
001257.SZSE,2026-06-16,B3,三接四阳,2026,True,False,-2.5029797377830842,4.290822407628125,-2.5029797377830842,-2.5029797377830842,-2.5029797377830842,-4.76758045292015,-4.76758045292015
001258.SZSE,2024-12-25,—,二接三阳,2024,False,False,-17.03296703296703,-18.681318681318672,-17.03296703296703,-9.670329670329657,-18.681318681318672,-17.03296703296703,-8.681318681318672
001258.SZSE,2026-07-20,—,二接三阳,2026,True,False,43.18681318681319,10.000000000000009,10.000000000000009,43.18681318681319,43.18681318681319,41.758241758241766,57.47252747252749
001258.SZSE,2026-07-21,—,三接四阳,2026,True,False,30.16983016983017,8.891108891108889,9.990009990009984,30.16983016983017,30.16983016983017,28.87112887112888,43.15684315684316
001259.SZSE,2024-04-24,—,二接三阴,2024,False,False,-22.395833333333325,-22.881944444444446,-22.395833333333325,-15.27777777777779,-22.881944444444446,-22.395833333333325,-24.097222222222225
001260.SZSE,2023-10-26,—,二接三阴,2023,False,False,-16.21932515337422,-13.190184049079745,-16.21932515337422,-12.346625766871167,-13.190184049079745,-16.21932515337422,-15.989263803680975
001266.SZSE,2024-06-26,—,二接三阳,2024,False,False,-14.670204700530698,-14.670204700530698,-14.670204700530698,-5.193328278999232,-14.670204700530698,-14.670204700530698,-17.664897649734645
001266.SZSE,2025-12-31,—,二接三阴,2025,True,False,-9.956819913639814,-2.133604267208522,-9.956819913639814,-9.956819913639814,-2.133604267208522,-12.573025146050288,-12.573025146050288
001267.SZSE,2024-05-22,—,二接三阳,2024,True,True,3.4482758620689724,10.016420361247945,3.4482758620689724,3.4482758620689724,3.4482758620689724,0.16420361247946325,0.16420361247946325
001267.SZSE,2024-05-23,—,三接四阳,2024,False,False,-8.955223880597018,-4.477611940298509,-8.955223880597018,-5.97014925373135,-4.477611940298509,-8.955223880597018,-11.940298507462687
001267.SZSE,2024-10-31,—,二接三阳,2024,False,False,-15.19138755980861,-4.545454545454531,-15.19138755980861,-8.851674641148321,-4.545454545454531,-15.19138755980861,-14.832535885167452
001267.SZSE,2025-10-22,—,二接三阳,2025,False,False,-9.35434672089478,-8.032536858159645,-9.35434672089478,-5.490594814438243,-8.032536858159645,-9.35434672089478,-0.30503304524658326
001267.SZSE,2026-08-06,—,二接三阴,2026,True,False,10.718886884823497,5.668642102550869,9.997423344498824,10.718886884823497,10.718886884823497,1.8809585158464204,1.8809585158464204
001267.SZSE,2026-08-07,—,三接四阴,2026,True,False,0.6558913094401486,5.856172405715632,0.6558913094401486,0.6558913094401486,0.6558913094401486,-7.378777231201683,-7.378777231201683
001268.SZSE,2023-09-12,—,二接三阴,2023,True,False,25.80754845290718,-7.8544712682760975,9.99659979598777,25.80754845290718,-7.8544712682760975,13.22679360761645,13.22679360761645
001268.SZSE,2023-09-13,—,三接四阴,2023,True,False,14.374034003091186,0.06182380216381844,10.015455950540964,14.374034003091186,14.374034003091186,2.9366306027820643,2.9366306027820643
001270.SZSE,2025-04-11,—,二接三阳,2025,False,False,-9.560652113843604,-8.483006355346777,-9.560652113843604,-5.029013539651839,-8.483006355346777,-9.560652113843604,-8.179054987565626
001277.SZSE,2026-08-21,—,二接三阳,2026,False,False,-20.075187969924812,-20.075187969924812,-20.075187969924812,-11.203007518796992,-20.075187969924812,-20.075187969924812,-16.390977443609025
001278.SZSE,2023-11-22,—,二接三阳,2023,True,False,-5.950956937799035,6.7284688995215225,-5.950956937799035,-5.950956937799035,-5.950956937799035,-11.632775119617211,-11.632775119617211
001278.SZSE,2023-11-23,—,三接四阳,2023,False,False,-19.657422512234913,-23.028820010875485,-19.657422512234913,-14.491571506253397,-23.028820010875485,-19.657422512234913,-26.97117998912453
001282.SZSE,2023-09-26,—,三接四阳,2023,True,False,-9.508928571428566,0.44642857142858094,-9.508928571428566,-9.508928571428566,-9.508928571428566,-17.63392857142857,-17.63392857142857
001296.SZSE,2025-11-25,—,二接三阴,2025,True,True,-8.973113054745706,-4.243602202785879,-8.973113054745706,-8.973113054745706,-4.243602202785879,-14.026563006154847,-14.026563006154847
001296.SZSE,2025-11-26,—,三接四阴,2025,False,False,-21.849234393404004,-23.674911660777386,-21.849234393404004,-17.255594817432275,-23.674911660777386,-21.849234393404004,-22.76207302709069
001298.SZSE,2023-09-28,—,二接三阴,2023,True,False,27.498277050310136,7.6843556168159965,9.993108201240531,27.498277050310136,27.498277050310136,23.087525844245338,23.087525844245338
001298.SZSE,2023-10-09,—,三接四阴,2023,True,True,15.914786967418548,9.993734335839587,9.993734335839587,15.914786967418548,15.914786967418548,11.904761904761884,11.904761904761884
001298.SZSE,2024-02-20,—,二接三阴,2024,True,False,2.6539809714571927,0.0,2.6539809714571927,2.6539809714571927,2.6539809714571927,5.007511266900355,5.007511266900355
001298.SZSE,2024-02-21,—,三接四阴,2024,False,False,-4.551661356395087,-9.012289485662272,-4.551661356395087,-6.6909421939007725,-9.012289485662272,-4.551661356395087,-2.5944469731452036
001298.SZSE,2024-03-07,—,二接三阳,2024,True,False,-9.011264080100133,-3.0037546933667114,-9.011264080100133,-9.011264080100133,-3.0037546933667114,-16.958698372966207,-16.958698372966207
001298.SZSE,2024-06-13,—,二接三阴,2024,True,False,-9.209344115004491,0.0,-9.209344115004491,-9.209344115004491,-9.209344115004491,-6.738544474393526,-6.738544474393526
001298.SZSE,2024-08-20,—,二接三阳,2024,False,False,-2.846099789177803,-13.738580463808859,-2.178496134926211,-11.068165846802536,-13.738580463808859,-2.846099789177803,0.10541110330286596
001298.SZSE,2024-09-09,—,二接三阳,2024,False,False,-14.393028846153854,-14.393028846153854,-14.393028846153854,-4.897836538461542,-14.393028846153854,-14.393028846153854,-22.95673076923077
001298.SZSE,2025-06-27,—,二接三阳,2025,True,False,13.801288572397441,7.86707358426586,10.00339097999321,13.801288572397441,13.801288572397441,19.226856561546278,19.226856561546278
001298.SZSE,2025-06-30,—,三接四阳,2025,True,True,3.4525277435265345,4.808877928483368,3.4525277435265345,3.4525277435265345,3.4525277435265345,8.38471023427867,8.38471023427867
001299.SZSE,2024-04-08,—,二接三阳,2024,False,False,-19.036144578313262,-22.40963855421687,-19.036144578313262,-15.903614457831328,-22.40963855421687,-19.036144578313262,-18.855421686746986
001299.SZSE,2026-04-14,—,二接三阳,2026,True,False,-9.978425026968708,-0.9708737864077666,-9.978425026968708,-9.978425026968708,-0.9708737864077666,-17.044228694714125,-17.044228694714125
001300.SZSE,2023-11-14,—,二接三阴,2023,True,False,59.40037476577138,1.1867582760774376,9.993753903810099,59.40037476577138,59.40037476577138,43.472829481574,43.472829481574
001300.SZSE,2023-11-15,—,三接四阴,2023,True,False,44.91766042021579,9.994321408290752,9.994321408290752,44.91766042021579,44.91766042021579,30.437251561612722,30.437251561612722
001309.SZSE,2025-09-23,—,二接三阴,2025,True,False,6.66979252139257,-1.178056499824165,6.66979252139257,6.66979252139257,-1.178056499824165,3.897550111358572,3.897550111358572
001314.SZSE,2023-06-08,—,二接三阳,2023,False,False,-19.378698224852076,-13.971071663379353,-19.378698224852076,-13.971071663379353,-13.971071663379353,-19.378698224852076,-21.17028270874425
001316.SZSE,2024-07-29,—,二接三阳,2024,True,False,-7.573244886677733,-3.0127142067440493,-7.573244886677733,-7.573244886677733,-3.0127142067440493,-10.641238253178553,-10.641238253178553
001316.SZSE,2025-05-07,—,二接三阳,2025,True,True,8.379179009733395,3.1104528142192,10.008463817181568,8.379179009733395,8.379179009733395,2.9623360135420995,2.9623360135420995
001316.SZSE,2025-05-08,—,三接四阳,2025,True,False,-1.4810540488555568,7.693787266782071,-1.4810540488555568,-1.4810540488555568,-1.4810540488555568,-6.40507789959609,-6.40507789959609
001317.SZSE,2025-12-17,—,二接三阴,2025,True,False,-6.468531468531468,3.1468531468531458,-6.468531468531468,-6.468531468531468,-6.468531468531468,-1.7132867132867213,-1.7132867132867213
001317.SZSE,2025-12-18,—,三接四阴,2025,False,False,-10.648442466624285,-19.564526382708202,-10.648442466624285,-14.971392244119519,-19.564526382708202,-10.648442466624285,-7.708200890019079
001318.SZSE,2025-03-18,—,二接三阴,2025,True,False,9.048877146631451,9.97357992073975,9.97357992073975,9.048877146631451,9.048877146631451,4.425363276089822,4.425363276089822
001318.SZSE,2025-03-19,—,三接四阴,2025,True,False,-0.8408408408408174,8.108108108108114,-0.8408408408408174,-0.8408408408408174,-0.8408408408408174,-5.045045045045038,-5.045045045045038
001318.SZSE,2025-07-31,—,二接三阳,2025,True,False,-9.59206174200663,-1.764057331863289,-9.59206174200663,-9.59206174200663,-1.764057331863289,-18.302094818081592,-18.302094818081592
001319.SZSE,2023-09-20,—,二接三阳,2023,False,False,-15.233160621761655,-15.440414507772015,-15.233160621761655,-9.188255613126085,-15.440414507772015,-15.233160621761655,-17.478411053540587
001319.SZSE,2023-10-27,—,二接三阳,2023,True,False,-9.9970938680616,-8.311537343795393,-9.9970938680616,-9.9970938680616,-8.311537343795393,-17.49491426910781,-17.49491426910781
001319.SZSE,2024-11-06,—,二接三阳,2024,False,False,-12.887438825448616,-8.482871125611736,-12.887438825448616,-10.929853181076666,-8.482871125611736,-12.887438825448616,-15.171288743882538
001324.SZSE,2023-08-16,—,二接三阴,2023,True,False,28.071997230875724,3.8075458636206205,10.003461405330572,28.071997230875724,28.071997230875724,19.383869851159584,19.383869851159584
001324.SZSE,2023-08-17,—,三接四阴,2023,True,False,16.425424795468846,10.00629326620517,10.00629326620517,16.425424795468846,16.425424795468846,8.527375707992446,8.527375707992446
001324.SZSE,2024-03-11,—,二接三阳,2024,False,False,-9.126984126984128,-11.58730158730158,-9.126984126984128,-8.293650793650798,-11.58730158730158,-9.126984126984128,-13.571428571428568
001330.SZSE,2025-08-27,—,二接三阳,2025,False,False,-19.054652880354496,-19.645494830132925,-19.054652880354496,-15.361890694239278,-19.645494830132925,-19.054652880354496,-23.485967503692763
001330.SZSE,2025-12-10,—,二接三阳,2025,True,True,3.583617747440271,9.215017064846421,3.583617747440271,3.583617747440271,3.583617747440271,2.5597269624573205,13.907849829351537
001330.SZSE,2025-12-11,—,三接四阳,2025,False,False,-6.749418153607456,-4.26687354538402,3.5686578743211683,-5.818463925523664,-4.26687354538402,-6.749418153607456,-16.058960434445314
001330.SZSE,2026-02-11,—,二接三阳,2026,False,False,-12.099125364431485,-12.099125364431485,-12.099125364431485,-2.3323615160349864,-12.099125364431485,-12.099125364431485,-6.924198250728875
001333.SZSE,2025-04-01,—,二接三阳,2025,True,True,-9.993108201240519,0.0,-9.993108201240519,-9.993108201240519,-9.993108201240519,-18.986905582356982,-18.986905582356982
001336.SZSE,2025-12-23,—,二接三阳,2025,True,False,-9.984301412872842,-9.8901098901099,-9.984301412872842,-9.984301412872842,-9.8901098901099,-16.20094191522763,-16.20094191522763
001337.SZSE,2026-01-27,—,二接三阳,2026,True,False,20.977295162882537,5.297795327410326,10.003290556103984,20.977295162882537,20.977295162882537,8.884501480750263,8.884501480750263
001337.SZSE,2026-01-28,—,三接四阳,2026,True,True,9.976069398743647,10.005982650314094,9.976069398743647,9.976069398743647,9.976069398743647,-1.017050553395138,-1.017050553395138
001339.SZSE,2023-12-29,—,二接三阴,2023,True,False,-5.235602094240854,8.289703315881303,-5.235602094240854,-5.235602094240854,-5.235602094240854,15.764979639325173,4.24665503199535
001339.SZSE,2024-01-05,—,二接三阴,2024,False,False,-17.389298892988926,-10.055350553505537,-17.389298892988926,-8.210332103321038,-10.055350553505537,-17.389298892988926,-9.132841328413289
001358.SZSE,2026-07-29,—,二接三阴,2026,True,False,-10.007412898443292,-5.967383246849511,-10.007412898443292,-10.007412898443292,-5.967383246849511,-9.933283914010381,-9.933283914010381
001366.SZSE,2023-12-27,—,二接三阴,2023,True,False,-9.999999999999998,4.666666666666663,-9.999999999999998,-9.999999999999998,-9.999999999999998,-15.538461538461545,-15.538461538461545
001367.SZSE,2025-05-26,—,二接三阳,2025,False,False,-13.13497822931784,-13.860667634252543,-13.13497822931784,-6.386066763425246,-13.860667634252543,-13.13497822931784,-19.629898403483313
001373.SZSE,2023-07-18,—,二接三阳,2023,True,False,-7.842775419819159,-1.1810297102786471,-7.842775419819159,-7.842775419819159,-1.1810297102786471,-8.765454880974355,1.3655656025096885
001373.SZSE,2024-04-03,—,二接三阳,2024,False,False,-20.60769419259986,-20.60769419259986,-20.60769419259986,-11.78632688066651,-20.60769419259986,-20.60769419259986,-23.84219554030875
001376.SZSE,2024-01-31,—,二接三阴,2024,True,False,-9.98791784132097,3.342730567861474,-9.98791784132097,-9.98791784132097,-9.98791784132097,-18.968989126057178,-18.968989126057178
001376.SZSE,2024-04-10,—,二接三阳,2024,True,False,-0.9738822487826426,8.455068614431172,10.004426737494466,-0.9738822487826426,-0.9738822487826426,-10.889774236387783,-10.889774236387783
001376.SZSE,2024-04-11,B3,三接四阳,2024,True,False,-9.979879275653925,0.0,-9.979879275653925,-9.979879275653925,-9.979879275653925,-18.993963782696188,-18.993963782696188
001379.SZSE,2024-07-24,—,二接三阳,2024,True,False,92.98036882807853,9.994051160023787,9.994051160023787,92.98036882807853,92.98036882807853,77.21594289113625,77.21594289113625
001379.SZSE,2024-07-25,—,三接四阳,2024,True,False,75.44618712817739,5.46241211465659,10.005408328826393,75.44618712817739,75.44618712817739,61.11411573823688,61.11411573823688
001388.SZSE,2026-07-15,—,二接三阳,2026,True,False,-5.32511210762332,-4.6804932735426075,-5.32511210762332,-5.32511210762332,-4.6804932735426075,-30.661434977578484,-30.661434977578484
001395.SZSE,2025-04-17,—,二接三阳,2025,True,False,3.134674922600622,2.109133126934992,10.003869969040258,3.134674922600622,3.134674922600622,2.109133126934992,13.448142414860698
001395.SZSE,2025-04-18,—,三接四阳,2025,True,False,-6.244503078276176,3.781882145998239,-6.244503078276176,-6.244503078276176,-6.244503078276176,-7.1767810026385215,3.1310466138962267
001395.SZSE,2026-07-13,—,二接三阴,2026,True,False,-4.128294696729107,-4.731660844712604,-4.128294696729107,-4.128294696729107,-4.731660844712604,-4.4140997141949745,-4.4140997141949745
001396.SZSE,2026-02-26,—,二接三阳,2026,False,False,-8.284505208333325,-10.481770833333325,-8.284505208333325,-7.779947916666674,-10.481770833333325,-8.284505208333325,-12.027994791666663
001400.SZSE,2026-01-08,—,二接三阴,2026,True,False,17.85783459229131,0.1549486732519867,10.00387371683129,17.85783459229131,17.85783459229131,6.072051133062173,6.072051133062173
001400.SZSE,2026-01-09,—,三接四阴,2026,True,False,7.13971300290519,2.561845232855009,7.13971300290519,7.13971300290519,7.13971300290519,-3.5742582973853354,-3.5742582973853354
001696.SZSE,2024-04-01,—,二接三阴,2024,False,False,-0.5599104143336975,-5.599104143337064,-0.5599104143336975,-7.502799552071671,-5.599104143337064,-0.5599104143336975,-1.5677491601343796
001696.SZSE,2024-08-02,—,二接三阳,2024,False,False,-5.481198215423833,-1.9757807520713766,-5.481198215423833,-0.06373486297004405,-1.9757807520713766,-5.481198215423833,-12.300828553218611
001696.SZSE,2024-10-22,—,二接三阳,2024,True,False,3.5594035594035622,-3.31890331890331,3.5594035594035622,3.5594035594035622,-3.31890331890331,9.090909090909104,9.090909090909104
001696.SZSE,2024-10-23,—,三接四阳,2024,False,False,-0.8307826847398392,-1.923917796239616,-0.8307826847398392,-5.859204197638823,-1.923917796239616,-0.8307826847398392,9.094884127678181
001696.SZSE,2024-10-29,—,二接三阳,2024,False,False,11.490066225165574,-7.947019867549665,6.3576158940397365,-3.31125827814569,-7.947019867549665,11.490066225165574,0.33112582781458233
001696.SZSE,2026-06-10,—,二接三阳,2026,False,False,18.280683583635437,-1.605385810460891,8.544795442775776,-1.3464526152252576,-1.605385810460891,18.280683583635437,18.332470222682563
002006.SZSE,2024-11-21,—,二接三阳,2024,False,False,-16.072408118486013,-8.6121777290181,-16.072408118486013,-8.99616017553484,-8.6121777290181,-16.072408118486013,-7.679648930334626
002009.SZSE,2024-02-28,—,二接三阳,2024,False,False,-4.571026722925464,-9.282700421940927,-4.571026722925464,-7.243319268635728,-9.282700421940927,-4.571026722925464,-5.625879043600568
002009.SZSE,2024-03-08,—,二接三阴,2024,False,False,-9.561998766193714,-12.276372609500308,-9.561998766193714,-4.873534855027762,-12.276372609500308,-9.561998766193714,-5.61381863047502
002009.SZSE,2025-12-29,—,二接三阳,2025,True,False,6.197183098591541,2.2065727699530413,9.999999999999986,6.197183098591541,6.197183098591541,4.27230046948357,4.27230046948357
002009.SZSE,2025-12-30,—,三接四阳,2025,True,False,-3.457106274007682,5.292360221937686,-3.457106274007682,-3.457106274007682,-3.457106274007682,-5.206999573196747,-5.206999573196747
002015.SZSE,2025-06-18,—,三接四阳,2025,True,False,-8.410493827160504,9.567901234567898,-8.410493827160504,-8.410493827160504,-8.410493827160504,-17.592592592592602,-17.592592592592602
002016.SZSE,2025-02-12,—,三接四阳,2025,False,False,-2.0606060606060628,-5.575757575757578,-2.0606060606060628,-7.515151515151519,-5.575757575757578,-2.0606060606060628,-11.87878787878789
002017.SZSE,2025-06-18,—,二接三阴,2025,True,False,5.915317559153199,7.409713574097143,5.915317559153199,5.915317559153199,5.915317559153199,-2.6151930261519185,-2.6151930261519185
002017.SZSE,2025-06-19,—,三接四阴,2025,False,False,-11.48839841539333,-6.055461233729487,-11.48839841539333,-3.73514431239389,-6.055461233729487,-11.48839841539333,-8.602150537634422
002017.SZSE,2025-07-23,—,二接三阳,2025,False,False,-4.87804878048782,-4.43089430894309,-4.87804878048782,-7.19512195121953,-4.43089430894309,-4.87804878048782,0.7317073170731714
002021.SZSE,2024-11-01,—,二接三阴,2024,False,False,-14.000000000000002,-16.999999999999993,-14.000000000000002,-15.666666666666673,-16.999999999999993,-14.000000000000002,-13.666666666666671
002029.SZSE,2024-12-03,—,二接三阳,2024,False,False,-15.473441108545028,-13.394919168591224,-15.473441108545028,-6.120092378752884,-13.394919168591224,-15.473441108545028,-17.551963048498852
002031.SZSE,2023-07-03,—,二接三阳,2023,False,False,-5.882352941176472,-0.40567951318457585,-5.882352941176472,-3.2454361054766734,-0.40567951318457585,-5.882352941176472,-15.010141987829606
002031.SZSE,2024-11-06,—,二接三阴,2024,False,False,-7.964601769911495,-9.734513274336276,-7.964601769911495,-6.858407079646012,-9.734513274336276,-7.964601769911495,-7.3008849557521955
002031.SZSE,2024-12-04,—,三接四阳,2024,True,False,16.98717948717947,8.974358974358964,9.935897435897445,16.98717948717947,16.98717948717947,5.288461538461542,5.288461538461542
002036.SZSE,2024-09-10,—,二接三阳,2024,True,False,-10.01112347052281,3.3370411568409253,-10.01112347052281,-10.01112347052281,-10.01112347052281,-17.575083426028925,-17.575083426028925
002036.SZSE,2025-02-10,—,二接三阳,2025,True,False,7.0789259560618545,10.008136696501225,10.008136696501225,7.0789259560618545,7.0789259560618545,0.32546786004883366,0.32546786004883366
002036.SZSE,2025-02-11,—,三接四阳,2025,True,False,-2.6627218934911157,-2.3668639053254448,-2.6627218934911157,-2.6627218934911157,-2.3668639053254448,-8.801775147928993,-8.801775147928993
002037.SZSE,2025-07-24,—,三接四阴,2025,True,False,4.2988019732205895,5.637773079633557,4.2988019732205895,4.2988019732205895,4.2988019732205895,7.5405214940098775,7.5405214940098775
002040.SZSE,2025-05-16,—,三接四阴,2025,True,False,17.106549364613887,9.97067448680351,9.97067448680351,17.106549364613887,17.106549364613887,38.12316715542523,28.836754643206252
002044.SZSE,2026-01-14,B3,三接四阳,2026,True,False,4.417177914110426,5.276073619631894,4.417177914110426,4.417177914110426,4.417177914110426,-6.012269938650306,-6.012269938650306
002045.SZSE,2024-11-19,—,二接三阳,2024,True,False,9.48366701791359,2.8977871443624847,10.01053740779767,9.48366701791359,9.48366701791359,19.28345626975765,20.442571127502628
002045.SZSE,2024-11-20,—,三接四阳,2024,True,False,-0.47892720306512704,5.363984674329503,-0.47892720306512704,-0.47892720306512704,-0.47892720306512704,8.429118773946364,9.482758620689658
002046.SZSE,2025-08-06,—,二接三阴,2025,True,False,24.51286048324239,10.01558846453625,10.01558846453625,24.51286048324239,24.51286048324239,22.174590802805927,22.174590802805927
002046.SZSE,2025-08-07,—,三接四阴,2025,True,False,13.17747077577045,0.0,9.989373007438896,13.17747077577045,13.17747077577045,11.052072263549428,11.052072263549428
002047.SZSE,2024-11-04,—,三接四阳,2024,False,False,2.0588235294117796,-12.058823529411756,-1.764705882352946,-10.588235294117643,-12.058823529411756,2.0588235294117796,-7.941176470588241
002047.SZSE,2026-08-13,—,二接三阳,2026,False,False,-12.296983758700698,-9.280742459396741,-12.296983758700698,-2.552204176334094,-9.280742459396741,-12.296983758700698,-15.545243619489547
002051.SZSE,2026-04-09,—,二接三阴,2026,False,False,-15.378548895899048,-9.305993690851732,-15.378548895899048,-9.305993690851732,-9.305993690851732,-15.378548895899048,-22.397476340694
002052.SZSE,2025-08-13,—,二接三阴,2025,True,False,4.1793313069908855,5.547112462006076,4.1793313069908855,4.1793313069908855,4.1793313069908855,44.37689969604863,14.589665653495443
002052.SZSE,2025-08-19,—,二接三阴,2025,True,False,4.109589041095885,-1.2602739726027434,4.109589041095885,4.109589041095885,-1.2602739726027434,5.150684931506855,5.150684931506855
002053.SZSE,2025-08-29,—,二接三阳,2025,True,False,-3.4689793195463614,1.000667111407605,-3.4689793195463614,-3.4689793195463614,-3.4689793195463614,-7.204803202134757,-7.204803202134757
002058.SZSE,2023-11-29,—,二接三阴,2023,False,False,-16.54182272159801,-18.726591760299627,-16.54182272159801,-9.675405742821464,-18.726591760299627,-16.54182272159801,-21.598002496878898
002058.SZSE,2024-12-20,—,二接三阴,2024,False,False,-21.2962962962963,-21.2962962962963,-21.2962962962963,-12.527233115468416,-21.2962962962963,-21.2962962962963,-29.13943355119826
002058.SZSE,2025-02-19,—,二接三阴,2025,True,False,1.208702659145855,5.721192586623691,9.991941982272357,1.208702659145855,1.208702659145855,-7.655116841257048,-7.655116841257048
002058.SZSE,2025-02-20,—,三接四阴,2025,True,False,-7.985347985347979,-7.472527472527468,-7.985347985347979,-7.985347985347979,-7.472527472527468,-16.043956043956044,-16.043956043956044
002059.SZSE,2025-09-22,—,三接四阳,2025,True,False,-10.012360939431398,-3.584672435105063,-10.012360939431398,-10.012360939431398,-3.584672435105063,-19.035846724351046,-19.035846724351046
002065.SZSE,2024-11-13,—,二接三阳,2024,False,False,-12.619300106044529,-6.574761399787898,-12.619300106044529,-2.969247083775184,-6.574761399787898,-12.619300106044529,-15.9066808059385
002065.SZSE,2025-02-19,—,二接三阳,2025,True,False,11.868484362469921,3.287890938251814,10.024057738572578,11.868484362469921,11.868484362469921,15.637530072173211,15.637530072173211
002065.SZSE,2025-02-20,—,三接四阳,2025,True,False,1.6763848396501357,-0.9475218658892226,1.6763848396501357,1.6763848396501357,-0.9475218658892226,5.102040816326525,5.102040816326525
002067.SZSE,2024-12-26,—,二接三阴,2024,True,False,-2.826086956521734,0.21739130434783593,-2.826086956521734,-2.826086956521734,-2.826086956521734,-4.347826086956507,-4.347826086956507
002068.SZSE,2026-06-23,—,二接三阴,2026,True,False,6.561264822134394,-2.687747035573118,6.561264822134394,6.561264822134394,-2.687747035573118,15.41501976284585,17.233201581027657
002072.SZSE,2026-08-28,—,二接三阳,2026,False,False,-6.435137895812049,-9.193054136874345,-6.435137895812049,-4.902962206332983,-9.193054136874345,-6.435137895812049,-7.2522982635342075
002077.SZSE,2024-11-12,—,二接三阳,2024,False,False,-11.681056373793808,-7.160995429151851,-11.681056373793808,-6.957846622651099,-7.160995429151851,-11.681056373793808,-16.962925342813605
002080.SZSE,2026-06-17,—,二接三阴,2026,True,False,-2.2570076447033127,-0.19415119524328617,-2.2570076447033127,-2.2570076447033127,-0.19415119524328617,2.3176798932168285,2.3176798932168285
002080.SZSE,2026-06-26,—,二接三阴,2026,False,False,-11.465466640579148,-3.150068479749557,-11.465466640579148,-4.451183721385243,-3.150068479749557,-11.465466640579148,-11.954607708863229
002081.SZSE,2026-04-21,—,二接三阳,2026,True,False,8.908685968819597,10.022271714922049,10.022271714922049,8.908685968819597,8.908685968819597,-1.3363028953229494,-1.3363028953229494
002081.SZSE,2026-04-30,—,二接三阴,2026,True,False,15.254237288135574,6.440677966101682,9.999999999999986,15.254237288135574,15.254237288135574,22.881355932203373,22.881355932203373
002081.SZSE,2026-05-06,A2,三接四阴,2026,True,True,4.776579352850541,7.241910631741133,10.015408320493059,4.776579352850541,4.776579352850541,11.710323574730342,11.710323574730342
002081.SZSE,2026-08-14,—,二接三阳,2026,True,False,18.525519848771268,3.969754253308122,10.018903591682427,18.525519848771268,18.525519848771268,6.6162570888468775,6.6162570888468775
002081.SZSE,2026-08-17,—,三接四阳,2026,True,False,7.731958762886593,1.3745704467353903,7.731958762886593,7.731958762886593,7.731958762886593,-3.0927835051546504,-3.0927835051546504
002083.SZSE,2025-10-21,—,二接三阴,2025,False,False,-9.144542772861353,-5.1622418879056164,-9.144542772861353,-5.75221238938054,-5.1622418879056164,-9.144542772861353,-9.292035398230091
002083.SZSE,2025-11-11,B3,三接四阳,2025,True,False,43.5483870967742,4.8387096774193505,10.02304147465438,43.5483870967742,43.5483870967742,29.147465437788036,29.147465437788036
002083.SZSE,2026-07-27,—,二接三阳,2026,False,False,-14.759273875295964,-6.866614048934483,-14.759273875295964,-5.288082083662193,-6.866614048934483,-14.759273875295964,-6.235201262825562
002084.SZSE,2025-04-07,—,二接三阳,2025,True,False,19.736842105263165,9.999999999999986,9.999999999999986,19.736842105263165,19.736842105263165,11.05263157894736,11.05263157894736
002085.SZSE,2024-02-08,—,二接三阴,2024,False,False,2.8753993610223683,-5.591054313099031,2.8753993610223683,-3.3546325878594296,-5.591054313099031,2.8753993610223683,0.4792332268370725
002085.SZSE,2024-11-01,—,二接三阴,2024,True,False,-4.305799648506148,-3.3391915641476366,-4.305799648506148,-4.305799648506148,-3.3391915641476366,0.6151142355008687,0.6151142355008687
002086.SZSE,2024-11-08,—,二接三阳,2024,True,False,0.0,0.0,0.0,0.0,0.0,-9.999999999999986,-9.999999999999986
002086.SZSE,2025-03-18,—,三接四阳,2025,True,False,-9.21787709497207,-5.027932960893855,-9.21787709497207,-9.21787709497207,-5.027932960893855,-4.189944134078205,-4.189944134078205
002090.SZSE,2025-01-22,—,二接三阳,2025,False,False,-20.64846416382252,-16.979522184300343,-20.64846416382252,-11.86006825938567,-16.979522184300343,-20.64846416382252,-24.914675767918084
002093.SZSE,2025-03-11,A1,三接四阳,2025,False,False,0.0,-5.63847429519071,0.0,-5.804311774461035,-5.63847429519071,0.0,10.033167495854055
002094.SZSE,2024-10-15,—,二接三阴,2024,True,False,-1.671309192200554,3.342618384401108,-1.671309192200554,-1.671309192200554,-1.671309192200554,11.142061281337057,8.07799442896937
002094.SZSE,2024-10-16,—,三接四阴,2024,False,False,1.0126582278481067,-17.721518987341778,-1.7721518987341867,-10.632911392405076,-17.721518987341778,1.0126582278481067,11.139240506329106
002094.SZSE,2024-10-23,—,二接三阳,2024,True,True,9.79284369114879,7.344632768361592,9.79284369114879,9.79284369114879,9.79284369114879,75.14124293785314,20.715630885122426
002094.SZSE,2024-10-24,—,三接四阳,2024,False,False,59.24657534246578,-3.7671232876712257,9.76027397260275,-0.1712328767123239,-3.7671232876712257,59.24657534246578,75.17123287671235
002094.SZSE,2024-10-30,—,三接四阳,2024,True,True,8.899297423887598,9.953161592505877,9.953161592505877,8.899297423887598,8.899297423887598,15.222482435597207,19.78922716627636
002094.SZSE,2025-04-10,—,二接三阴,2025,True,False,-1.0695187165775444,4.679144385026723,-1.0695187165775444,-1.0695187165775444,-1.0695187165775444,4.278074866310155,4.278074866310155
002094.SZSE,2025-04-11,—,三接四阴,2025,False,False,-5.2247873633049835,-14.216281895504256,-5.2247873633049835,-10.085054678007289,-14.216281895504256,-5.2247873633049835,-1.4580801944107047
002094.SZSE,2025-04-23,—,二接三阴,2025,True,True,2.2371364653243964,0.6711409395973256,2.2371364653243964,2.2371364653243964,2.2371364653243964,-7.829977628635342,-7.829977628635342
002095.SZSE,2024-11-22,—,三接四阴,2024,True,False,2.2833178005591703,10.018639328984147,10.018639328984147,2.2833178005591703,2.2833178005591703,39.888164026095055,12.534948741845287
002095.SZSE,2024-11-29,—,二接三阴,2024,True,False,2.7027027027026973,-4.6527540198426305,2.7027027027026973,2.7027027027026973,-4.6527540198426305,-7.560725282244274,-7.560725282244274
002095.SZSE,2024-12-02,—,三接四阴,2024,False,False,-15.956454121306374,-12.846034214618973,-15.956454121306374,-6.625194401244161,-12.846034214618973,-15.956454121306374,-23.390357698289264
002097.SZSE,2025-07-24,—,三接四阴,2025,True,False,-6.218057921635434,9.965928449744466,-6.218057921635434,-6.218057921635434,-6.218057921635434,16.95059625212947,3.151618398637135
002098.SZSE,2025-04-18,—,三接四阴,2025,False,False,-16.05166051660517,-16.05166051660517,-16.05166051660517,-6.734317343173435,-16.05166051660517,-16.05166051660517,-13.653136531365318
002099.SZSE,2026-02-10,—,二接三阴,2026,False,False,-9.790979097909801,-6.380638063806376,-9.790979097909801,-7.810781078107798,-6.380638063806376,-9.790979097909801,-8.80088008800881
002103.SZSE,2023-11-21,—,三接四阴,2023,True,False,-0.9955752212389313,6.194690265486735,9.95575221238938,-0.9955752212389313,-0.9955752212389313,-6.526548672566368,-6.526548672566368
002103.SZSE,2024-11-22,—,二接三阳,2024,True,False,59.33609958506223,9.958506224066376,9.958506224066376,59.33609958506223,59.33609958506223,43.36099585062241,43.36099585062241
002104.SZSE,2024-09-09,—,二接三阳,2024,False,False,-19.515669515669508,-16.524216524216516,-19.515669515669508,-12.962962962962955,-16.524216524216516,-19.515669515669508,-22.364672364672355
002104.SZSE,2025-06-03,—,二接三阳,2025,True,False,-2.0408163265306256,1.5306122448979442,-2.0408163265306256,-2.0408163265306256,-2.0408163265306256,12.448979591836729,7.755102040816331
002104.SZSE,2025-08-14,—,二接三阳,2025,True,False,7.364914877868256,5.551443375277576,7.364914877868256,7.364914877868256,7.364914877868256,12.879348630643971,12.879348630643971
002104.SZSE,2025-08-15,—,三接四阳,2025,False,False,2.6244952893674345,-0.4710632570659512,2.6244952893674345,-2.3889636608344422,-0.4710632570659512,2.6244952893674345,-4.4414535666218
002105.SZSE,2025-03-06,—,二接三阴,2025,True,False,66.52421652421651,3.70370370370372,9.971509971509974,66.52421652421651,66.52421652421651,67.23646723646726,67.23646723646726
002105.SZSE,2025-03-07,—,三接四阴,2025,True,False,51.42487046632125,3.62694300518136,9.974093264248719,51.42487046632125,51.42487046632125,52.072538860103634,52.072538860103634
002105.SZSE,2025-05-20,—,二接三阴,2025,True,False,-9.950738916256153,-2.463054187192115,-9.950738916256153,-9.950738916256153,-2.463054187192115,-10.640394088669947,-10.640394088669947
002105.SZSE,2025-12-11,—,二接三阳,2025,False,False,-25.24271844660194,-21.94174757281555,-25.24271844660194,-16.893203883495143,-21.94174757281555,-25.24271844660194,-28.349514563106805
002108.SZSE,2025-06-27,—,二接三阳,2025,False,False,-14.601769911504414,-12.389380530973447,-14.601769911504414,-9.292035398230091,-12.389380530973447,-14.601769911504414,-17.035398230088482
002112.SZSE,2025-02-18,—,二接三阳,2025,False,False,-5.977130977130973,-12.78586278586278,-5.977130977130973,-7.276507276507271,-12.78586278586278,-5.977130977130973,-11.48648648648647
002112.SZSE,2026-01-15,—,二接三阴,2026,True,False,-5.579196217494086,10.023640661938549,-5.579196217494086,-5.579196217494086,-5.579196217494086,8.274231678486998,3.8770685579196273
002112.SZSE,2026-01-16,—,三接四阴,2026,False,False,-1.5900300816501955,-22.776106574989264,-5.586592178770955,-14.181349376880103,-22.776106574989264,-1.5900300816501955,-9.49720670391062
002114.SZSE,2024-12-06,—,二接三阴,2024,False,False,0.3504672897196137,-12.383177570093462,-3.2710280373831946,-12.032710280373838,-12.383177570093462,0.3504672897196137,-5.957943925233645
002115.SZSE,2023-10-25,—,二接三阴,2023,True,False,-3.386004514672669,8.013544018058694,-3.386004514672669,-3.386004514672669,-3.386004514672669,-1.8058690744921058,-1.8058690744921058
002115.SZSE,2023-10-26,—,三接四阴,2023,False,False,-10.769230769230775,-12.0,-10.769230769230775,-12.2051282051282,-12.0,-10.769230769230775,-17.948717948717952
002115.SZSE,2024-12-13,—,三接四阳,2024,True,False,0.5535055350553542,9.963099630996307,0.5535055350553542,0.5535055350553542,0.5535055350553542,-9.501845018450183,-9.501845018450183
002115.SZSE,2025-09-01,—,二接三阴,2025,True,False,-4.513888888888884,0.08680555555555802,-4.513888888888884,-4.513888888888884,-4.513888888888884,-0.6076388888888951,-0.6076388888888951
002117.SZSE,2024-11-26,—,二接三阳,2024,False,False,-19.0893169877408,-20.14010507880911,-19.0893169877408,-17.162872154115583,-20.14010507880911,-19.0893169877408,-22.329246935201407
002119.SZSE,2026-01-19,—,二接三阴,2026,False,False,-0.5407653910149746,-4.034941763727118,-0.5407653910149746,-2.329450915141429,-4.034941763727118,-0.5407653910149746,3.4941763727121433
002119.SZSE,2026-06-12,—,二接三阳,2026,False,False,-1.631701631701643,-6.730769230769241,-1.631701631701643,-6.876456876456871,-6.730769230769241,-1.631701631701643,-3.088578088578098
002123.SZSE,2024-10-09,—,二接三阳,2024,True,False,-8.12928501469148,6.268364348677746,-8.12928501469148,-8.12928501469148,-8.12928501469148,-7.051909892262498,-7.051909892262498
002123.SZSE,2025-02-07,—,二接三阴,2025,True,False,44.961240310077535,7.117688513037357,10.007047216349552,44.961240310077535,44.961240310077535,30.443974630021152,30.443974630021152
002123.SZSE,2025-02-10,—,三接四阴,2025,True,False,31.774503523382446,2.4983984625240208,9.993593850096104,31.774503523382446,31.774503523382446,18.577834721332497,18.577834721332497
002124.SZSE,2026-04-15,—,二接三阳,2026,True,False,-6.6878980891719735,-2.547770700636942,-6.6878980891719735,-6.6878980891719735,-2.547770700636942,-1.9108280254777066,-1.9108280254777066
002125.SZSE,2025-06-23,—,二接三阳,2025,True,False,17.603550295857985,9.911242603550296,9.985207100591719,17.603550295857985,17.603550295857985,9.541420118343202,9.541420118343202
002125.SZSE,2025-06-24,A1,三接四阳,2025,True,False,6.926698049764646,10.020174848688645,10.020174848688645,6.926698049764646,6.926698049764646,-0.4034969737726879,-0.4034969737726879
002127.SZSE,2024-11-22,—,二接三阳,2024,True,False,-3.971962616822433,0.4672897196261516,-3.971962616822433,-3.971962616822433,-3.971962616822433,-10.981308411214952,-10.981308411214952
002130.SZSE,2024-03-25,—,三接四阳,2024,False,False,1.455868971792551,-7.825295723384896,1.455868971792551,-2.0018198362147466,-7.825295723384896,1.455868971792551,-3.5486806187443154
002131.SZSE,2025-01-09,—,二接三阴,2025,True,False,-3.7135278514588865,0.7957559681697646,-3.7135278514588865,-3.7135278514588865,-3.7135278514588865,-11.405835543766585,-11.405835543766585
002131.SZSE,2025-08-20,—,二接三阳,2025,False,False,-12.290502793296088,-5.027932960893866,-12.290502793296088,-5.586592178770944,-5.027932960893866,-12.290502793296088,-9.869646182495352
002131.SZSE,2026-01-06,—,二接三阳,2026,False,False,-3.372434017595316,-2.7859237536656978,-3.372434017595316,-2.7859237536656978,-2.7859237536656978,-3.372434017595316,-0.5865102639296182
002131.SZSE,2026-01-14,—,三接四阳,2026,True,False,4.733131923464251,0.0,4.733131923464251,4.733131923464251,4.733131923464251,-5.740181268882183,-5.740181268882183
002133.SZSE,2025-04-11,—,二接三阳,2025,True,False,-10.094637223974756,-5.047318611987384,-10.094637223974756,-10.094637223974756,-5.047318611987384,-17.034700315457417,-17.034700315457417
002134.SZSE,2024-10-24,—,二接三阴,2024,True,False,-0.26385224274406704,0.26385224274407815,-0.26385224274406704,-0.26385224274406704,-0.26385224274406704,4.0633245382585725,4.0633245382585725
002134.SZSE,2024-10-25,—,三接四阴,2024,False,False,-5.419664268585144,-8.39328537170264,-5.419664268585144,-9.35251798561152,-8.39328537170264,-5.419664268585144,-14.868105515587537
002136.SZSE,2025-11-11,—,二接三阳,2025,False,False,-6.108202443280986,-9.831297265852246,-6.108202443280986,-4.013961605584648,-9.831297265852246,-6.108202443280986,-1.1052937754508552
002137.SZSE,2023-11-24,—,二接三阴,2023,False,False,-17.835051546391746,-17.835051546391746,-17.835051546391746,-8.762886597938147,-17.835051546391746,-17.835051546391746,-22.061855670103093
002137.SZSE,2024-12-23,—,二接三阴,2024,True,False,19.87041036717063,10.043196544276455,10.043196544276455,19.87041036717063,19.87041036717063,7.883369330453571,7.883369330453571
002141.SZSE,2026-06-18,—,二接三阳,2026,True,True,-4.458598726114649,9.97876857749469,-4.458598726114649,-4.458598726114649,-4.458598726114649,1.0615711252653925,5.095541401273884
002141.SZSE,2026-06-22,—,三接四阳,2026,False,False,-8.108108108108103,-9.459459459459453,-4.440154440154432,-13.127413127413124,-9.459459459459453,-8.108108108108103,1.1583011583011782
002141.SZSE,2026-07-16,—,二接三阴,2026,False,False,-2.1069692058346856,-3.565640194489461,-2.1069692058346856,-4.213938411669361,-3.565640194489461,-2.1069692058346856,-11.831442463533214
002146.SZSE,2023-06-14,—,三接四阴,2023,True,False,6.395348837209314,-2.9069767441860517,9.883720930232553,6.395348837209314,-2.9069767441860517,0.5813953488372103,0.5813953488372103
002146.SZSE,2023-07-21,—,二接三阴,2023,True,False,-2.941176470588225,5.462184873949583,-2.941176470588225,-2.941176470588225,-2.941176470588225,5.462184873949583,6.72268907563025
002146.SZSE,2023-07-24,—,三接四阴,2023,False,False,-4.198473282442761,-12.977099236641232,-3.053435114503822,-11.832061068702293,-12.977099236641232,-4.198473282442761,5.343511450381677
002146.SZSE,2024-05-06,—,二接三阳,2024,False,False,-7.608695652173925,-11.413043478260876,-7.608695652173925,-10.869565217391308,-11.413043478260876,-7.608695652173925,-14.130434782608692
002146.SZSE,2024-05-20,—,二接三阳,2024,False,False,-6.756756756756777,-4.504504504504503,-6.756756756756777,-1.3513513513513598,-4.504504504504503,-6.756756756756777,-5.855855855855873
002146.SZSE,2024-09-30,—,二接三阳,2024,True,False,2.8089887640449396,10.1123595505618,2.8089887640449396,2.8089887640449396,2.8089887640449396,-7.303370786516861,-7.303370786516861
002146.SZSE,2024-10-08,—,三接四阳,2024,False,False,-15.816326530612246,-11.22448979591837,-15.816326530612246,-6.632653061224481,-11.22448979591837,-15.816326530612246,-19.897959183673464
002146.SZSE,2024-11-08,—,三接四阴,2024,False,False,-5.323193916349799,-9.125475285171092,-5.323193916349799,-7.604562737642572,-9.125475285171092,-5.323193916349799,-14.828897338403035
002146.SZSE,2025-09-16,—,二接三阴,2025,True,False,-6.132075471698117,-1.8867924528301883,-6.132075471698117,-6.132075471698117,-1.8867924528301883,-14.150943396226412,-14.150943396226412
002148.SZSE,2024-03-22,—,二接三阴,2024,False,False,-21.641791044776127,-14.925373134328357,-21.641791044776127,-12.985074626865678,-14.925373134328357,-21.641791044776127,-24.925373134328353
002148.SZSE,2024-12-13,—,二接三阳,2024,True,False,2.840909090909083,5.454545454545445,2.840909090909083,2.840909090909083,2.840909090909083,-7.386363636363635,-7.386363636363635
002148.SZSE,2024-12-16,—,三接四阳,2024,False,False,-15.805785123966931,-7.851239669421483,-15.805785123966931,-6.50826446280991,-7.851239669421483,-15.805785123966931,-19.42148760330579
002148.SZSE,2025-08-13,—,二接三阴,2025,True,False,1.904761904761898,0.7936507936507908,1.904761904761898,1.904761904761898,1.904761904761898,5.952380952380953,5.952380952380953
002149.SZSE,2025-12-09,—,二接三阳,2025,False,False,5.920257752718494,2.6983487716472077,5.759162303664933,-3.8662907772855304,5.920257752718494,5.920257752718494,16.512283527990345
002150.SZSE,2025-09-05,—,二接三阳,2025,True,False,0.11481056257174327,9.988518943742818,0.11481056257174327,0.11481056257174327,0.11481056257174327,-9.873708381171076,-9.873708381171076
002150.SZSE,2025-09-08,—,三接四阳,2025,False,False,-18.058455114822547,-12.943632567849694,-18.058455114822547,-8.977035490605424,-12.943632567849694,-18.058455114822547,-17.745302713987478
002151.SZSE,2026-01-06,—,二接三阳,2026,True,True,4.966345279243223,6.967436783700198,4.966345279243223,4.966345279243223,4.966345279243223,8.586501728215378,8.586501728215378
002151.SZSE,2026-01-07,—,三接四阳,2026,False,False,-1.2898958161071672,-7.590540764015207,-1.2898958161071672,-4.5807838597651696,-7.590540764015207,-1.2898958161071672,0.578799404663477
002158.SZSE,2025-08-19,—,二接三阴,2025,True,False,-0.6289308176100739,2.599580712788252,10.020964360586992,-0.6289308176100739,-0.6289308176100739,-3.563941299790363,-3.563941299790363
002158.SZSE,2025-08-20,—,三接四阴,2025,True,False,-9.679878048780488,0.0,-9.679878048780488,-9.679878048780488,-9.679878048780488,-12.34756097560975,-12.34756097560975
002161.SZSE,2024-11-21,—,二接三阴,2024,True,False,-1.0101010101010055,7.647907647907659,9.956709956709965,-1.0101010101010055,-1.0101010101010055,-10.96681096681097,-10.96681096681097
002161.SZSE,2024-11-22,—,三接四阴,2024,True,False,-9.973753280839892,-8.13648293963255,-9.973753280839892,-9.973753280839892,-8.13648293963255,-19.02887139107612,-19.02887139107612
002163.SZSE,2024-12-04,—,二接三阳,2024,False,False,-4.626623376623373,-7.061688311688319,-4.626623376623373,-4.626623376623373,-7.061688311688319,-4.626623376623373,-13.961038961038962
002163.SZSE,2025-12-24,—,三接四阴,2025,True,False,6.873385012919897,4.134366925064592,6.873385012919897,6.873385012919897,6.873385012919897,26.718346253229953,17.57105943152455
002164.SZSE,2024-02-27,—,二接三阳,2024,False,False,-15.343915343915349,-8.112874779541446,-15.343915343915349,-5.996472663139329,-8.112874779541446,-15.343915343915349,-13.051146384479717
002164.SZSE,2025-01-15,—,二接三阴,2025,True,False,-0.9389671361502261,-0.9389671361502261,10.015649452269182,-0.9389671361502261,-0.9389671361502261,-7.668231611893573,-7.668231611893573
002164.SZSE,2025-01-16,—,三接四阴,2025,True,False,-9.957325746799429,-0.5689900426742556,-9.957325746799429,-9.957325746799429,-0.5689900426742556,-16.07396870554765,-16.07396870554765
002164.SZSE,2025-03-20,—,三接四阴,2025,True,False,1.6042780748663166,0.0,1.6042780748663166,1.6042780748663166,1.6042780748663166,-8.556149732620334,-8.556149732620334
002164.SZSE,2025-05-06,—,二接三阴,2025,False,False,-1.8200202224469164,-4.448938321536922,-1.8200202224469164,-4.954499494438824,-4.448938321536922,-1.8200202224469164,-1.8200202224469164
002165.SZSE,2024-11-13,—,三接四阳,2024,False,False,-12.794612794612803,-7.57575757575758,-12.794612794612803,-3.0303030303030387,-7.57575757575758,-12.794612794612803,-21.54882154882155
002165.SZSE,2025-04-17,B2,二接三阳,2025,True,True,11.53136531365313,3.136531365313644,9.963099630996307,11.53136531365313,11.53136531365313,10.424354243542444,22.69372693726939
002165.SZSE,2025-04-18,—,三接四阳,2025,True,False,1.4261744966443057,0.0,1.4261744966443057,1.4261744966443057,1.4261744966443057,0.4194630872483174,11.577181208053688
002167.SZSE,2026-06-24,—,三接四阴,2026,True,False,6.10438024231128,-0.18639328984155767,6.10438024231128,6.10438024231128,-0.18639328984155767,0.4659832246038942,0.4659832246038942
002167.SZSE,2026-07-02,—,二接三阴,2026,False,False,-6.252339947585184,-2.283788843129908,-6.252339947585184,-2.4709846499438415,-2.283788843129908,-6.252339947585184,-10.370647697491576
002172.SZSE,2026-08-17,—,三接四阳,2026,True,False,-10.020040080160319,-6.012024048096187,-10.020040080160319,-10.020040080160319,-6.012024048096187,-19.03807615230462,-19.03807615230462
002173.SZSE,2025-08-14,—,二接三阳,2025,True,True,7.02247191011236,7.182985553772059,7.02247191011236,7.02247191011236,7.02247191011236,7.14285714285714,7.14285714285714
002173.SZSE,2025-08-15,—,三接四阳,2025,False,False,-2.590295512586649,-4.779277635899303,-2.590295512586649,-2.6997446187522756,-4.779277635899303,-2.590295512586649,-9.37614009485589
002177.SZSE,2025-08-22,B3,三接四阳,2025,True,False,-4.299999999999993,1.200000000000001,-4.299999999999993,-4.299999999999993,-4.299999999999993,-6.699999999999995,-6.699999999999995
002177.SZSE,2025-12-31,—,二接三阳,2025,True,False,-8.395324123273118,-5.419766206163656,-8.395324123273118,-8.395324123273118,-5.419766206163656,-5.419766206163656,0.7438894792773709
002178.SZSE,2023-11-16,—,二接三阳,2023,False,False,10.518053375196224,-8.948194662480379,2.982731554160112,-6.436420722135006,-8.948194662480379,10.518053375196224,3.610675039246458
002178.SZSE,2024-01-08,—,二接三阳,2024,False,False,-8.35777126099707,-19.354838709677423,-8.35777126099707,-10.410557184750735,-19.354838709677423,-8.35777126099707,-17.448680351906166
002178.SZSE,2024-06-21,—,二接三阳,2024,False,False,-16.10738255033557,-16.10738255033557,-16.10738255033557,-6.711409395973156,-16.10738255033557,-16.10738255033557,-22.595078299776283
002178.SZSE,2024-10-09,—,三接四阳,2024,True,False,-10.018214936247716,-3.460837887067403,-10.018214936247716,-10.018214936247716,-3.460837887067403,-17.850637522768675,-17.850637522768675
002178.SZSE,2024-10-31,—,二接三阳,2024,True,False,-9.945504087193457,9.945504087193457,-9.945504087193457,-9.945504087193457,-9.945504087193457,33.92370572207084,-0.95367847411445
002178.SZSE,2024-11-01,—,三接四阳,2024,False,False,21.80916976456009,-26.27013630731103,-9.91325898389096,-18.09169764560099,-26.27013630731103,21.80916976456009,9.665427509293668
002178.SZSE,2024-11-07,A2,三接四阴,2024,True,False,1.5495867768595017,-1.9628099173553681,1.5495867768595017,1.5495867768595017,-1.9628099173553681,-8.574380165289252,-8.574380165289252
002181.SZSE,2024-12-12,—,二接三阴,2024,True,False,5.263157894736836,2.0775623268698196,9.972299168975084,5.263157894736836,5.263157894736836,26.177285318559562,15.789473684210531
002181.SZSE,2024-12-13,—,三接四阴,2024,True,True,-4.282115869017645,9.94962216624684,-4.282115869017645,-4.282115869017645,-4.282115869017645,14.735516372795953,5.2896725440805925
002181.SZSE,2024-12-19,—,二接三阴,2024,True,False,-9.980237154150196,-9.980237154150196,-9.980237154150196,-9.980237154150196,-9.980237154150196,-18.972332015810277,-18.972332015810277
002181.SZSE,2025-06-11,—,二接三阴,2025,True,False,-0.9913258983890949,5.3283767038413865,10.03717472118959,-0.9913258983890949,-0.9913258983890949,-9.789343246592319,-9.789343246592319
002181.SZSE,2025-06-12,—,三接四阴,2025,True,False,-10.022522522522525,-1.6891891891891886,-10.022522522522525,-10.022522522522525,-1.6891891891891886,-18.018018018018022,-18.018018018018022
002181.SZSE,2025-09-11,—,二接三阳,2025,False,False,-12.523719165085378,-9.962049335863366,-12.523719165085378,-9.582542694497153,-9.962049335863366,-12.523719165085378,-14.2314990512334
002181.SZSE,2025-11-04,—,二接三阴,2025,True,False,3.1372549019607954,-0.9411764705882342,3.1372549019607954,3.1372549019607954,-0.9411764705882342,-7.137254901960787,-7.137254901960787
002183.SZSE,2024-10-29,—,二接三阳,2024,False,False,1.3722126929674117,-4.631217838765012,1.3722126929674117,-1.2006861063464935,-4.631217838765012,1.3722126929674117,7.204116638078895
002184.SZSE,2025-01-03,—,二接三阴,2025,True,False,31.753889674681734,0.5657708628005631,9.971711456859978,31.753889674681734,31.753889674681734,18.59971711456858,18.59971711456858
002184.SZSE,2025-01-06,—,三接四阴,2025,True,False,19.807073954983913,-0.19292604501608412,10.032154340835998,19.807073954983913,-0.19292604501608412,7.84565916398714,7.84565916398714
002185.SZSE,2024-02-08,—,二接三阴,2024,True,False,8.600770218228515,10.01283697047497,10.01283697047497,8.600770218228515,8.600770218228515,5.51989730423621,5.51989730423621
002185.SZSE,2026-05-27,—,二接三阳,2026,False,False,4.625121713729308,-1.898734177215189,4.625121713729308,-1.898734177215189,-1.898734177215189,4.625121713729308,-5.842259006815964
002187.SZSE,2024-11-29,—,二接三阳,2024,False,False,-12.466487935656833,-12.466487935656833,-12.466487935656833,-2.815013404825739,-12.466487935656833,-12.466487935656833,-3.753351206434319
002187.SZSE,2024-12-16,—,二接三阳,2024,False,False,-15.8675799086758,-15.8675799086758,-15.8675799086758,-6.5068493150684965,-15.8675799086758,-15.8675799086758,-18.378995433789946
002187.SZSE,2025-01-17,B2,二接三阳,2025,False,False,-11.823104693140795,-16.425992779783392,-11.823104693140795,-15.162454873646203,-16.425992779783392,-11.823104693140795,-10.28880866425993
002188.SZSE,2025-12-19,—,二接三阴,2025,True,False,-9.906291834002667,10.040160642570296,-9.906291834002667,-9.906291834002667,-9.906291834002667,-12.449799196787147,-12.449799196787147
002188.SZSE,2025-12-22,—,三接四阴,2025,False,False,-20.43795620437957,-22.99270072992701,-20.43795620437957,-18.126520681265212,-22.99270072992701,-20.43795620437957,-22.87104622871047
002189.SZSE,2025-06-27,—,二接三阴,2025,False,False,6.7027758970886975,-7.921462423832093,4.2654028436019065,-5.213270142180093,-7.921462423832093,6.7027758970886975,-3.520649966147593
002190.SZSE,2025-05-12,A1,三接四阳,2025,True,False,73.3986128110975,9.995920032639738,9.995920032639738,73.3986128110975,73.3986128110975,56.05875152998776,56.05875152998776
002190.SZSE,2025-08-22,—,二接三阴,2025,True,False,14.757122361139574,4.796064767370378,10.002049600327933,14.757122361139574,14.757122361139574,4.734576757532283,4.734576757532283
002190.SZSE,2025-08-25,A2,三接四阴,2025,True,False,4.32271287497672,1.2297372833985465,4.32271287497672,4.32271287497672,4.32271287497672,-4.788522452021615,-4.788522452021615
002192.SZSE,2024-10-08,—,二接三阳,2024,False,False,-11.37508999280058,-4.4876409887209086,-11.37508999280058,-1.5358771298296103,-4.4876409887209086,-11.37508999280058,-14.086873050156
002192.SZSE,2026-03-26,—,二接三阳,2026,True,False,15.611338316175448,3.412776759272318,9.998589761669718,15.611338316175448,15.611338316175448,7.572979833591886,7.572979833591886
002192.SZSE,2026-03-27,A1,三接四阳,2026,True,False,5.102564102564111,6.858974358974357,5.102564102564111,5.102564102564111,5.102564102564111,-2.205128205128204,-2.205128205128204
002194.SZSE,2024-11-21,—,二接三阳,2024,False,False,-15.284827975183312,-15.39763113367174,-15.284827975183312,-12.633953750705018,-15.39763113367174,-15.284827975183312,-21.60180485053581
002195.SZSE,2024-12-04,—,二接三阳,2024,True,False,10.794297352342163,-2.4439918533604943,9.97963340122201,10.794297352342163,-2.4439918533604943,11.812627291242372,11.812627291242372
002195.SZSE,2024-12-05,—,三接四阳,2024,True,False,0.7407407407407307,9.259259259259256,0.7407407407407307,0.7407407407407307,0.7407407407407307,1.6666666666666607,1.6666666666666607
002195.SZSE,2025-03-07,—,二接三阳,2025,False,False,-8.513708513708506,-7.215007215007219,-8.513708513708506,-9.379509379509376,-7.215007215007219,-8.513708513708506,0.5772005772005873
002195.SZSE,2026-01-08,A1,三接四阳,2026,True,False,-0.28901734104047616,-0.3853564547206201,-0.28901734104047616,-0.28901734104047616,-0.3853564547206201,15.510597302504813,9.730250481695556
002196.SZSE,2024-08-01,—,二接三阳,2024,True,False,-2.9629629629629672,-6.481481481481488,-2.9629629629629672,-2.9629629629629672,-6.481481481481488,-12.592592592592599,-12.592592592592599
002196.SZSE,2025-03-11,—,二接三阴,2025,True,False,2.579979360165119,10.010319917440658,2.579979360165119,2.579979360165119,2.579979360165119,9.597523219814242,9.597523219814242
002196.SZSE,2025-03-12,—,三接四阴,2025,False,False,-0.37523452157599557,-2.157598499061919,-0.37523452157599557,-6.754221388367732,-2.157598499061919,-0.37523452157599557,1.5947467166979257
002197.SZSE,2026-07-23,—,二接三阳,2026,True,False,-10.039113428943935,-6.649282920469357,-10.039113428943935,-10.039113428943935,-6.649282920469357,-10.560625814863101,-10.560625814863101
002199.SZSE,2023-06-27,—,二接三阳,2023,True,False,-9.970384995064185,-9.476801579466942,-9.970384995064185,-9.970384995064185,-9.476801579466942,-15.99210266535045,-15.99210266535045
002199.SZSE,2024-06-14,—,二接三阳,2024,True,False,31.74603174603177,8.253968253968269,10.000000000000009,31.74603174603177,31.74603174603177,18.571428571428573,18.571428571428573
002199.SZSE,2024-06-17,—,三接四阳,2024,True,False,19.76911976911979,9.66810966810967,9.956709956709965,19.76911976911979,19.76911976911979,7.792207792207795,7.792207792207795
002199.SZSE,2024-10-18,—,二接三阳,2024,True,False,11.42557651991616,-5.974842767295585,9.958071278825997,11.42557651991616,-5.974842767295585,0.41928721174004924,0.41928721174004924
002199.SZSE,2024-10-21,—,三接四阳,2024,True,False,1.3346043851286904,0.19065776930409228,1.3346043851286904,1.3346043851286904,1.3346043851286904,-8.67492850333651,-8.67492850333651
002199.SZSE,2026-07-30,—,二接三阴,2026,False,False,-7.19619823489478,-10.59063136456212,-7.19619823489478,-3.3265444670739996,-10.59063136456212,-7.19619823489478,-16.496945010183296
002201.SZSE,2026-04-23,—,二接三阳,2026,False,False,-15.727002967359061,-15.727002967359061,-15.727002967359061,-12.166172106824924,-15.727002967359061,-15.727002967359061,-16.14243323442137
002202.SZSE,2026-01-08,—,二接三阴,2026,True,False,16.907713498622613,9.986225895316814,9.986225895316814,16.907713498622613,16.907713498622613,14.944903581267234,14.944903581267234
002202.SZSE,2026-01-09,—,三接四阴,2026,True,False,6.293049467752043,6.418284283030684,9.987476518472139,6.293049467752043,6.293049467752043,4.508453350031316,4.508453350031316
002204.SZSE,2025-03-24,—,三接四阳,2025,True,False,1.1688311688311748,0.0,1.1688311688311748,1.1688311688311748,1.1688311688311748,0.12987012987013546,11.298701298701296
002208.SZSE,2025-10-14,—,二接三阳,2025,True,False,-3.590664272890487,5.116696588868952,-3.590664272890487,-3.590664272890487,-3.590664272890487,16.786355475763017,6.014362657091565
002208.SZSE,2025-10-15,—,三接四阳,2025,False,False,6.204081632653069,-11.10204081632653,-3.591836734693876,-12.326530612244902,-11.10204081632653,6.204081632653069,16.816326530612248
002208.SZSE,2026-05-14,—,二接三阳,2026,True,False,4.8484848484848575,-0.9595959595959713,4.8484848484848575,4.8484848484848575,-0.9595959595959713,30.707070707070706,15.353535353535342
002209.SZSE,2024-03-04,—,三接四阳,2024,False,False,-24.636510500807763,-24.717285945072696,-24.636510500807763,-16.31663974151859,-24.717285945072696,-24.636510500807763,-24.555735056542815
002209.SZSE,2025-07-15,—,二接三阳,2025,True,False,1.4243323442136413,2.0178041543026604,10.02967359050444,1.4243323442136413,1.4243323442136413,-2.6112759643917016,-2.6112759643917016
002209.SZSE,2025-07-16,—,三接四阳,2025,True,False,-7.820927723840343,9.924487594390508,-7.820927723840343,-7.820927723840343,-7.820927723840343,-11.488673139158568,-11.488673139158568
002210.SZSE,2026-04-29,—,二接三阴,2026,True,False,-9.969788519637468,1.5105740181268867,-9.969788519637468,-9.969788519637468,-9.969788519637468,-0.6042296072507614,-0.9063444108761365
002212.SZSE,2025-08-25,—,二接三阳,2025,False,False,16.29364368845121,-8.325872873769026,0.71620411817368,-8.41539838854073,-8.325872873769026,16.29364368845121,6.535362578334825
002212.SZSE,2025-08-28,—,二接三阴,2025,False,False,-12.628487518355346,-4.552129221732737,-12.628487518355346,-4.625550660792943,-4.552129221732737,-12.628487518355346,-17.98825256975036
002213.SZSE,2024-12-06,—,二接三阳,2024,False,False,-17.443324937027715,-15.869017632241821,-17.443324937027715,-8.501259445843834,-15.869017632241821,-17.443324937027715,-18.765743073047858
002213.SZSE,2025-02-07,—,二接三阴,2025,True,False,-1.8161805173362744,0.7154650522839701,-1.8161805173362744,-1.8161805173362744,-1.8161805173362744,-8.75068794716568,-8.75068794716568
002213.SZSE,2025-10-28,—,二接三阳,2025,True,False,-5.117270788912586,-1.7412935323383172,-5.117270788912586,-5.117270788912586,-1.7412935323383172,-4.157782515991482,-4.157782515991482
002213.SZSE,2025-11-20,—,二接三阴,2025,True,False,-9.989082969432328,-9.989082969432328,-9.989082969432328,-9.989082969432328,-9.989082969432328,-18.99563318777293,-18.99563318777293
002218.SZSE,2024-05-24,—,二接三阴,2024,False,False,-14.155251141552515,-10.273972602739722,-14.155251141552515,-4.5662100456621,-10.273972602739722,-14.155251141552515,-14.155251141552515
002218.SZSE,2026-01-16,—,二接三阴,2026,False,False,-20.454545454545446,-24.675324675324685,-20.454545454545446,-16.3961038961039,-24.675324675324685,-20.454545454545446,-18.83116883116883
002218.SZSE,2026-01-27,—,二接三阳,2026,True,False,4.387291981845687,2.874432677760952,4.387291981845687,4.387291981845687,4.387291981845687,-0.7564296520423675,-0.7564296520423675
002218.SZSE,2026-01-28,B3,三接四阳,2026,False,False,-9.766162310866576,-5.364511691884455,-9.766162310866576,-5.089408528198058,-5.364511691884455,-9.766162310866576,-18.844566712517185
002219.SZSE,2024-10-09,—,二接三阳,2024,False,False,1.4388489208633004,-2.517985611510787,1.4388489208633004,-4.316546762589912,-2.517985611510787,1.4388489208633004,-6.1151079136690605
002222.SZSE,2023-11-08,—,二接三阳,2023,True,False,-9.09624413145539,4.460093896713624,-9.09624413145539,-9.09624413145539,-9.09624413145539,-4.81220657276995,-4.81220657276995
002226.SZSE,2025-07-23,—,二接三阳,2025,False,False,-15.637319316688568,-15.900131406044682,-15.637319316688568,-10.512483574244424,-15.900131406044682,-15.637319316688568,-18.922470433639948
002228.SZSE,2025-12-24,—,二接三阳,2025,True,True,6.386554621848739,10.084033613445364,10.084033613445364,6.386554621848739,6.386554621848739,-4.201680672268903,-4.201680672268903
002229.SZSE,2023-04-26,—,二接三阴,2023,True,False,0.11778563015312216,-2.2379269729092988,0.11778563015312216,0.11778563015312216,-2.2379269729092988,4.004711425206131,4.004711425206131
002229.SZSE,2023-05-29,—,二接三阳,2023,True,True,19.418156326673675,4.801962846126884,9.989484752891675,19.418156326673675,19.418156326673675,14.265685243603233,14.265685243603233
002229.SZSE,2023-05-30,—,三接四阳,2023,True,False,8.572339069471013,5.098789037603568,10.006373486297026,8.572339069471013,8.572339069471013,3.8878266411727314,3.8878266411727314
002229.SZSE,2024-10-28,—,二接三阴,2024,False,False,-10.945865556216528,-6.960142772159417,-10.945865556216528,-3.0933967876264123,-6.960142772159417,-10.945865556216528,-14.336704342653173
002229.SZSE,2025-04-29,—,二接三阳,2025,True,False,19.11357340720221,8.795013850415522,9.972299168975084,19.11357340720221,19.11357340720221,26.10803324099724,26.10803324099724
002229.SZSE,2025-04-30,—,三接四阳,2025,True,False,8.312342569269514,6.234256926952142,8.312342569269514,8.312342569269514,8.312342569269514,14.672544080604544,14.672544080604544
002229.SZSE,2026-08-13,—,二接三阴,2026,False,False,-11.549295774647883,-8.52112676056337,-11.549295774647883,-3.873239436619713,-8.52112676056337,-11.549295774647883,-2.6760563380281654
002232.SZSE,2023-10-31,—,三接四阳,2023,False,False,-17.589285714285708,-17.589285714285708,-17.589285714285708,-8.437499999999986,-17.589285714285708,-17.589285714285708,-22.455357142857135
002232.SZSE,2024-07-25,—,二接三阴,2024,False,False,37.32895457033387,0.16420361247948545,6.622879036672136,-3.065134099616851,37.32895457033387,37.32895457033387,30.706075533661735
002232.SZSE,2024-07-30,—,二接三阳,2024,True,False,6.448875689435729,4.921510394569362,6.448875689435729,6.448875689435729,6.448875689435729,1.3152312261349053,1.3152312261349053
002232.SZSE,2024-07-31,—,三接四阳,2024,False,False,-7.9059005013497945,-3.586579251831856,-7.9059005013497945,-3.239490937138445,-3.586579251831856,-7.9059005013497945,-2.9695333590435746
002232.SZSE,2024-09-24,—,二接三阳,2024,True,False,-5.276509386098427,-0.15220700152207556,-5.276509386098427,-5.276509386098427,-0.15220700152207556,-4.769152714358205,-4.769152714358205
002232.SZSE,2024-11-14,—,二接三阳,2024,False,False,-15.395049169209896,-8.273991183452011,-15.395049169209896,-6.00203458799593,-8.273991183452011,-15.395049169209896,-23.838589352322813
002232.SZSE,2025-08-28,—,二接三阳,2025,True,True,-7.972136222910208,0.23219814241486336,-7.972136222910208,-7.972136222910208,-7.972136222910208,-6.578947368421051,-6.578947368421051
002235.SZSE,2025-12-11,—,三接四阴,2025,True,False,-5.514705882352944,-4.264705882352937,-5.514705882352944,-5.514705882352944,-4.264705882352937,-4.411764705882348,-4.411764705882348
002239.SZSE,2023-11-20,—,二接三阳,2023,True,False,0.8086253369272267,9.7035040431267,9.973045822102433,0.8086253369272267,0.8086253369272267,-8.625336927223714,-8.625336927223714
002239.SZSE,2023-11-21,—,三接四阳,2023,True,False,-8.333333333333325,5.392156862745101,-8.333333333333325,-8.333333333333325,-8.333333333333325,-16.911764705882348,-16.911764705882348
002243.SZSE,2024-10-30,—,三接四阳,2024,True,False,2.516940948693125,4.356243949661165,2.516940948693125,2.516940948693125,2.516940948693125,-7.744433688286556,-7.744433688286556
002246.SZSE,2025-07-21,—,二接三阳,2025,True,True,1.3285641287685168,10.015329586101185,10.015329586101185,1.3285641287685168,1.3285641287685168,-8.022483392948388,-8.022483392948388
002247.SZSE,2024-11-07,—,三接四阴,2024,False,False,-15.526315789473678,-9.736842105263154,-15.526315789473678,-8.684210526315784,-9.736842105263154,-15.526315789473678,-7.105263157894736
002248.SZSE,2024-10-25,—,二接三阳,2024,True,False,12.61633919338161,0.10341261633919352,10.031023784901771,12.61633919338161,12.61633919338161,7.65253360910032,7.65253360910032
002248.SZSE,2024-10-28,—,三接四阳,2024,True,False,2.3496240601503793,2.2556390977443552,2.3496240601503793,2.3496240601503793,2.3496240601503793,-2.1616541353383534,-2.1616541353383534
002248.SZSE,2026-08-12,—,二接三阳,2026,True,False,-3.5332785538208733,-2.136400986031217,-3.5332785538208733,-3.5332785538208733,-2.136400986031217,-3.2046014790468424,-3.2046014790468424
002250.SZSE,2025-05-30,—,二接三阳,2025,True,False,18.26086956521742,5.65217391304349,10.000000000000009,18.26086956521742,18.26086956521742,39.13043478260872,30.108695652173935
002250.SZSE,2025-06-03,—,三接四阳,2025,True,False,7.509881422924924,5.2371541501976315,7.509881422924924,7.509881422924924,7.509881422924924,26.4822134387352,18.28063241106721
002251.SZSE,2025-04-23,—,二接三阳,2025,True,False,11.019736842105265,3.7828947368421018,10.032894736842103,11.019736842105265,11.019736842105265,13.322368421052634,13.322368421052634
002251.SZSE,2025-04-24,—,三接四阳,2025,True,False,0.8968609865470878,0.5979073243647326,10.01494768310911,0.8968609865470878,0.8968609865470878,2.9895366218235964,2.9895366218235964
002253.SZSE,2024-04-26,—,二接三阳,2024,True,False,-1.037509976057449,3.75099760574622,9.976057462090981,-1.037509976057449,-1.037509976057449,-2.5538707102952807,-2.5538707102952807
002253.SZSE,2024-04-29,—,三接四阳,2024,True,False,-10.01451378809869,9.941944847605221,-10.01451378809869,-10.01451378809869,-10.01451378809869,-11.393323657474586,-11.393323657474586
002253.SZSE,2024-10-30,—,二接三阳,2024,True,False,-1.0009099181073622,4.6405823475887065,10.009099181073712,-1.0009099181073622,-1.0009099181073622,-10.919017288444055,-10.919017288444055
002253.SZSE,2024-10-31,—,三接四阳,2024,True,False,-10.008271298593874,4.135649296939614,-10.008271298593874,-10.008271298593874,-10.008271298593874,-19.023986765922253,-19.023986765922253
002254.SZSE,2026-06-09,—,二接三阳,2026,True,False,-8.461947844598194,-0.9579563597658325,-8.461947844598194,-8.461947844598194,-0.9579563597658325,-3.8850452368280997,0.6918573709419951
002256.SZSE,2025-09-01,—,二接三阳,2025,True,False,-0.5649717514124353,9.887005649717517,9.887005649717517,-0.5649717514124353,-0.5649717514124353,-10.451977401129941,-10.451977401129941
002256.SZSE,2025-09-02,—,三接四阳,2025,True,False,-9.511568123393321,0.25706940874035134,-9.511568123393321,-9.511568123393321,-9.511568123393321,-18.508997429305918,-18.508997429305918
002261.SZSE,2024-10-09,—,二接三阳,2024,True,False,-5.000000000000004,2.499999999999991,-5.000000000000004,-5.000000000000004,-5.000000000000004,-5.099999999999993,-5.099999999999993
002261.SZSE,2025-02-07,—,二接三阴,2025,True,False,34.35692033822877,10.01335113484647,10.01335113484647,34.35692033822877,34.35692033822877,41.433021806853596,47.797062750333794
002263.SZSE,2025-06-26,—,二接三阳,2025,True,False,23.46041055718475,9.97067448680351,9.97067448680351,23.46041055718475,23.46041055718475,14.956011730205265,14.956011730205265
002263.SZSE,2025-06-27,A1,三接四阳,2025,True,False,12.26666666666667,1.3333333333333197,10.133333333333328,12.26666666666667,12.26666666666667,4.533333333333323,4.533333333333323
002265.SZSE,2024-12-04,—,二接三阳,2024,True,False,27.242744063324544,5.54089709762533,10.026385224274414,27.242744063324544,27.242744063324544,67.67810026385226,39.973614775725586
002265.SZSE,2024-12-05,A1,三接四阳,2024,True,True,15.64748201438848,10.011990407673865,10.011990407673865,15.64748201438848,15.64748201438848,52.39808153477219,27.218225419664254
002265.SZSE,2024-12-12,—,二接三阳,2024,True,True,-0.9738994935722611,6.739384495520051,10.011686793922859,-0.9738994935722611,-0.9738994935722611,-10.868718348266471,-10.868718348266471
002265.SZSE,2024-12-13,—,三接四阳,2024,True,False,-9.985835694050982,2.6912181303116123,-9.985835694050982,-9.985835694050982,-9.985835694050982,-18.98016997167139,-18.98016997167139
002265.SZSE,2025-07-21,—,二接三阳,2025,True,False,6.8415359653867025,3.0016224986479267,6.8415359653867025,6.8415359653867025,6.8415359653867025,3.677663601947012,3.677663601947012
002266.SZSE,2025-07-23,—,二接三阳,2025,True,False,-4.026845637583887,10.067114093959727,-4.026845637583887,-4.026845637583887,-4.026845637583887,-10.5145413870246,-10.5145413870246
002266.SZSE,2025-07-24,—,三接四阳,2025,False,False,-18.699186991869922,-12.60162601626017,-18.699186991869922,-12.804878048780488,-12.60162601626017,-18.699186991869922,-23.57723577235773
002268.SZSE,2024-02-08,—,二接三阴,2024,False,False,-2.4819027921406445,-2.6887280248190204,-2.4819027921406445,-3.1540847983453912,-2.6887280248190204,-2.4819027921406445,-2.585315408479838
002269.SZSE,2024-12-03,—,二接三阳,2024,True,False,-9.83606557377048,-8.606557377049185,-9.83606557377048,-9.83606557377048,-8.606557377049185,-8.606557377049185,-8.606557377049185
002269.SZSE,2025-09-05,—,二接三阳,2025,False,False,-8.21917808219177,-6.164383561643827,-8.21917808219177,-6.5068493150684965,-6.164383561643827,-8.21917808219177,-13.013698630136982
002271.SZSE,2024-10-08,—,二接三阳,2024,False,False,-10.085695451549103,-2.109426499670408,-10.085695451549103,-0.06591957811470373,-2.109426499670408,-10.085695451549103,-12.261041529334204
002272.SZSE,2025-08-19,—,二接三阴,2025,True,False,6.381798002219763,5.382907880133181,6.381798002219763,6.381798002219763,6.381798002219763,-4.273029966703657,-4.273029966703657
002272.SZSE,2025-08-20,—,三接四阴,2025,False,False,-12.96670030272452,-4.086781029263364,-12.96670030272452,-3.2795156407668946,-4.086781029263364,-12.96670030272452,-4.238143289606455
002272.SZSE,2026-05-20,—,二接三阴,2026,True,False,-9.98396150761829,-1.5236567762630382,-9.98396150761829,-9.98396150761829,-1.5236567762630382,-3.368083400160382,-0.9623095429029727
002276.SZSE,2025-02-28,—,二接三阳,2025,True,True,-4.728789986091808,-0.9735744089012566,-4.728789986091808,-4.728789986091808,-0.9735744089012566,11.474269819193328,4.798331015299029
002277.SZSE,2023-11-02,—,二接三阳,2023,False,False,-17.002237136465325,-12.751677852348987,-17.002237136465325,-12.527964205816545,-12.751677852348987,-17.002237136465325,-8.7248322147651
002278.SZSE,2024-07-30,—,二接三阳,2024,False,False,-12.144212523719155,-17.4573055028463,-12.144212523719155,-8.349146110056916,-17.4573055028463,-12.144212523719155,-12.713472485768495
002278.SZSE,2025-03-17,—,二接三阳,2025,True,False,37.48378728923476,8.041504539559007,9.987029831387817,37.48378728923476,37.48378728923476,43.83916990920882,43.83916990920882
002278.SZSE,2025-03-18,—,三接四阳,2025,True,False,25.0,10.023584905660377,10.023584905660377,25.0,25.0,30.77830188679245,30.77830188679245
002278.SZSE,2025-10-23,—,三接四阴,2025,True,False,6.4896755162241915,0.2949852507374562,6.4896755162241915,6.4896755162241915,6.4896755162241915,5.899705014749257,17.10914454277286
002279.SZSE,2023-08-23,—,二接三阴,2023,False,False,-16.11111111111111,-11.111111111111116,-16.11111111111111,-7.1111111111111125,-11.111111111111116,-16.11111111111111,-24.0
002281.SZSE,2024-03-04,—,二接三阴,2024,True,False,-2.340308370044053,0.08259911894272776,-2.340308370044053,-2.340308370044053,-2.340308370044053,4.350220264317173,4.350220264317173
002285.SZSE,2024-09-30,—,二接三阳,2024,True,False,5.617977528089879,10.1123595505618,5.617977528089879,5.617977528089879,5.617977528089879,-4.868913857677903,-4.868913857677903
002285.SZSE,2024-10-08,—,三接四阳,2024,False,False,-13.605442176870742,-10.20408163265305,-13.605442176870742,-4.081632653061229,-10.20408163265305,-13.605442176870742,-18.707482993197278
002285.SZSE,2024-11-07,—,二接三阳,2024,True,False,-8.999999999999996,2.499999999999991,-8.999999999999996,-8.999999999999996,-8.999999999999996,-12.5,-12.5
002287.SZSE,2025-08-01,—,二接三阳,2025,True,False,3.142115883539942,10.002882675122503,3.142115883539942,3.142115883539942,3.142115883539942,-7.149034303833945,-7.149034303833945
002287.SZSE,2025-08-04,—,三接四阳,2025,False,False,-15.592243186582799,-10.927672955974831,-15.592243186582799,-6.2368972746331135,-10.927672955974831,-15.592243186582799,-24.004192872117393
002290.SZSE,2024-02-20,—,二接三阴,2024,True,False,2.3711340206185705,3.5051546391752675,2.3711340206185705,2.3711340206185705,2.3711340206185705,5.360824742268067,5.360824742268067
002290.SZSE,2024-11-12,—,二接三阳,2024,False,False,-3.6049382716049405,-6.37037037037037,-3.6049382716049405,-5.432098765432103,-6.37037037037037,-3.6049382716049405,-4.543209876543219
002290.SZSE,2025-02-20,—,二接三阳,2025,True,True,0.20781379883625384,9.975062344139651,0.20781379883625384,0.20781379883625384,0.20781379883625384,-0.7896924355777157,10.224438902743138
002291.SZSE,2024-12-17,—,二接三阴,2024,False,False,-4.545454545454541,-7.3122529644268575,6.027667984189744,-3.6561264822134287,-7.3122529644268575,-4.545454545454541,-14.130434782608692
002291.SZSE,2025-01-17,—,三接四阴,2025,False,False,-15.065243179122179,-15.065243179122179,-15.065243179122179,-5.575326215895604,-15.065243179122179,-15.065243179122179,-19.928825622775804
002292.SZSE,2023-04-11,—,二接三阴,2023,True,False,8.868144690781786,7.701283547257876,10.035005834305721,8.868144690781786,8.868144690781786,2.683780630105015,2.683780630105015
002292.SZSE,2023-04-12,—,三接四阴,2023,True,False,-1.0604453870625585,5.302226935312837,9.968186638388122,-1.0604453870625585,-1.0604453870625585,-6.680805938494161,-6.680805938494161
002295.SZSE,2025-09-26,—,二接三阳,2025,True,False,-9.696969696969692,-2.3569023569023573,-9.696969696969692,-9.696969696969692,-2.3569023569023573,-0.942760942760934,-0.6734006734006703
002296.SZSE,2024-04-23,—,二接三阳,2024,False,False,-4.752066115702469,4.752066115702491,4.752066115702491,-4.752066115702469,-4.752066115702469,-4.752066115702469,-2.9958677685950286
002297.SZSE,2025-12-26,—,二接三阴,2025,False,False,-9.537784299339691,-8.65737344093912,-9.537784299339691,-9.097578870139401,-8.65737344093912,-9.537784299339691,-14.013206162876013
002297.SZSE,2026-04-16,—,三接四阴,2026,True,False,18.097014925373145,5.783582089552253,10.012437810945297,18.097014925373145,18.097014925373145,26.181592039800993,26.181592039800993
002297.SZSE,2026-06-23,—,二接三阳,2026,False,False,-1.9230769230769384,-7.634032634032639,-1.9230769230769384,-4.370629370629375,-7.634032634032639,-1.9230769230769384,-3.525641025641024
002298.SZSE,2024-11-12,—,二接三阳,2024,False,False,-16.954022988505745,-14.080459770114938,-16.954022988505745,-14.224137931034486,-14.080459770114938,-16.954022988505745,-20.833333333333336
002298.SZSE,2025-04-29,—,二接三阴,2025,False,False,-3.0354131534569895,-12.310286677908932,-3.0354131534569895,-7.251264755480602,-12.310286677908932,-3.0354131534569895,1.6863406408094583
002298.SZSE,2025-06-06,—,二接三阳,2025,True,False,-3.39622641509435,-1.2578616352201366,-3.39622641509435,-3.39622641509435,-1.2578616352201366,-2.515723270440251,6.2893081761006275
002300.SZSE,2025-03-26,—,三接四阳,2025,True,False,-9.371293001186242,0.8303677342823335,-9.371293001186242,-9.371293001186242,-9.371293001186242,-18.38671411625148,-18.38671411625148
002300.SZSE,2025-12-05,B3,三接四阳,2025,True,False,0.19305019305020377,6.081081081081097,0.19305019305020377,0.19305019305020377,0.19305019305020377,-4.440154440154432,-4.440154440154432
002300.SZSE,2025-12-16,—,二接三阴,2025,True,False,-9.969088098918078,-5.873261205564139,-9.969088098918078,-9.969088098918078,-5.873261205564139,-18.701700154559507,-18.701700154559507
002301.SZSE,2024-11-29,—,三接四阳,2024,True,False,5.641592920353999,-2.3230088495575174,9.95575221238938,5.641592920353999,-2.3230088495575174,-4.867256637168138,-4.867256637168138
002302.SZSE,2024-08-27,—,二接三阴,2024,True,False,15.999999999999993,10.000000000000009,10.000000000000009,15.999999999999993,15.999999999999993,4.461538461538472,4.461538461538472
002302.SZSE,2025-07-23,—,二接三阴,2025,False,False,-11.34663341645884,-11.34663341645884,-11.34663341645884,-6.608478802992512,-11.34663341645884,-11.34663341645884,-16.957605985037404
002307.SZSE,2025-08-12,—,二接三阴,2025,True,False,1.7921146953404854,0.5376344086021501,1.7921146953404854,1.7921146953404854,1.7921146953404854,-8.422939068100355,-8.422939068100355
002309.SZSE,2025-11-13,—,二接三阳,2025,True,False,-6.872037914691931,0.9478672985782088,-6.872037914691931,-6.872037914691931,-6.872037914691931,-5.450236966824629,-5.450236966824629
002309.SZSE,2026-03-25,—,三接四阳,2026,True,False,-6.508875739644971,-5.128205128205144,-6.508875739644971,-6.508875739644971,-5.128205128205144,-14.595660749506912,-14.595660749506912
002310.SZSE,2023-07-21,—,二接三阳,2023,True,False,4.8458149779735615,10.13215859030836,4.8458149779735615,4.8458149779735615,4.8458149779735615,3.9647577092510877,3.9647577092510877
002310.SZSE,2023-07-24,A1,三接四阳,2023,False,False,-5.600000000000005,-8.399999999999997,-5.600000000000005,-4.800000000000004,-8.399999999999997,-5.600000000000005,4.0000000000000036
002310.SZSE,2026-03-23,—,二接三阴,2026,True,False,-1.0443864229765065,0.26109660574411553,-1.0443864229765065,-1.0443864229765065,-1.0443864229765065,-0.7832898172323799,-0.7832898172323799
002312.SZSE,2024-02-08,—,二接三阴,2024,True,False,-3.268945022288272,3.714710252600306,-3.268945022288272,-3.268945022288272,-3.268945022288272,-4.30906389301634,-4.30906389301634
002312.SZSE,2024-10-30,—,二接三阳,2024,True,True,10.198135198135194,10.023310023310007,10.023310023310007,10.198135198135194,10.198135198135194,33.216783216783206,21.212121212121215
002312.SZSE,2024-10-31,—,三接四阳,2024,True,False,0.15889830508475367,4.237288135593231,0.15889830508475367,0.15889830508475367,0.15889830508475367,21.080508474576277,10.169491525423746
002313.SZSE,2023-11-07,—,二接三阳,2023,True,False,-7.509881422924902,3.063241106719383,-7.509881422924902,-7.509881422924902,-7.509881422924902,-10.079051383399207,-10.079051383399207
002313.SZSE,2023-12-04,—,二接三阳,2023,True,False,-9.872340425531911,-7.063829787234043,-9.872340425531911,-9.872340425531911,-7.063829787234043,-17.021276595744684,-17.021276595744684
002313.SZSE,2024-02-27,—,三接四阳,2024,True,False,-9.97876857749469,1.8046709129511562,-9.97876857749469,-9.97876857749469,-9.97876857749469,-8.067940552016983,-8.067940552016983
002313.SZSE,2024-03-12,—,二接三阴,2024,True,False,-1.4592274678111528,3.519313304721039,-1.4592274678111528,-1.4592274678111528,-1.4592274678111528,-11.244635193133046,-11.244635193133046
002313.SZSE,2024-03-13,—,三接四阴,2024,False,False,-19.344773790951642,-16.30265210608424,-19.344773790951642,-10.45241809672387,-16.30265210608424,-19.344773790951642,-11.310452418096729
002313.SZSE,2024-10-29,—,二接三阳,2024,False,False,-6.25,-13.0859375,-6.25,-10.83984374999999,-13.0859375,-6.25,-8.30078125
002313.SZSE,2025-02-17,—,二接三阴,2025,False,False,-17.67537826685006,-17.67537826685006,-17.67537826685006,-8.52819807427785,-17.67537826685006,-17.67537826685006,-16.16231086657497
002313.SZSE,2025-08-07,—,二接三阳,2025,True,False,6.5441176470588225,2.941176470588247,10.000000000000009,6.5441176470588225,6.5441176470588225,-0.14705882352941124,-0.14705882352941124
002313.SZSE,2025-08-08,A1,三接四阳,2025,True,False,-3.141711229946531,-3.54278074866311,-3.141711229946531,-3.141711229946531,-3.54278074866311,-9.224598930481287,-9.224598930481287
002315.SZSE,2023-05-05,—,二接三阴,2023,True,False,3.9253695178095294,3.6588320814150643,3.9253695178095294,3.9253695178095294,3.9253695178095294,11.703416525321053,11.703416525321053
002316.SZSE,2023-04-19,—,二接三阴,2023,False,False,-11.428571428571443,-14.621848739495801,-11.428571428571443,-7.89915966386554,-14.621848739495801,-11.428571428571443,-17.47899159663866
002316.SZSE,2024-02-28,—,二接三阳,2024,True,False,3.658536585365857,-3.455284552845528,3.658536585365857,3.658536585365857,-3.455284552845528,-6.300813008130069,-6.300813008130069
002316.SZSE,2026-01-12,—,二接三阴,2026,True,False,-10.031847133757966,-4.458598726114649,-10.031847133757966,-10.031847133757966,-4.458598726114649,-14.649681528662416,-14.649681528662416
002319.SZSE,2024-02-02,—,二接三阴,2024,False,False,-15.482954545454541,-15.482954545454541,-15.482954545454541,-6.107954545454541,-15.482954545454541,-15.482954545454541,-23.934659090909083
002321.SZSE,2024-11-27,—,二接三阴,2024,False,False,-5.190311418685123,-9.342560553633216,-5.190311418685123,-8.650519031141869,-9.342560553633216,-5.190311418685123,-11.418685121107263
002328.SZSE,2026-04-13,—,二接三阳,2026,False,False,12.410071942446056,0.0,6.474820143884896,-3.237410071942437,12.410071942446056,12.410071942446056,20.503597122302164
002329.SZSE,2026-08-12,—,二接三阴,2026,True,False,1.6666666666666607,10.000000000000009,10.000000000000009,1.6666666666666607,1.6666666666666607,3.809523809523818,3.809523809523818
002329.SZSE,2026-08-13,—,三接四阴,2026,True,False,-7.575757575757591,-9.956709956709952,-7.575757575757591,-7.575757575757591,-9.956709956709952,-5.627705627705626,-5.627705627705626
002331.SZSE,2023-11-27,—,二接三阳,2023,True,False,-0.989208633093519,7.014388489208634,9.982014388489224,-0.989208633093519,-0.989208633093519,-10.881294964028765,-10.881294964028765
002331.SZSE,2023-11-28,—,三接四阳,2023,True,True,-9.975470155355692,9.97547015535567,-9.975470155355692,-9.975470155355692,-9.975470155355692,-18.969746524938678,-18.969746524938678
002331.SZSE,2025-05-14,—,二接三阴,2025,False,False,-17.382617382617383,-9.990009990009984,-17.382617382617383,-8.191808191808192,-9.990009990009984,-17.382617382617383,-20.379620379620377
002333.SZSE,2024-01-19,—,二接三阴,2024,False,False,-25.63218390804597,-25.63218390804597,-25.63218390804597,-17.356321839080447,-25.63218390804597,-25.63218390804597,-27.586206896551722
002338.SZSE,2025-05-09,—,二接三阳,2025,True,False,-2.2265246853823806,-3.1945788964181987,-2.2265246853823806,-2.2265246853823806,-3.1945788964181987,-12.003872216844137,-12.003872216844137
002339.SZSE,2024-05-13,—,二接三阴,2024,True,False,2.759526938239154,9.98685939553219,9.98685939553219,2.759526938239154,2.759526938239154,-6.176084099868606,-6.176084099868606
002339.SZSE,2024-05-14,—,三接四阴,2024,True,True,-6.571087216248495,7.526881720430123,-6.571087216248495,-6.571087216248495,-6.571087216248495,-14.69534050179211,-14.69534050179211
002339.SZSE,2024-12-19,—,二接三阳,2024,False,False,-20.187793427230048,-17.370892018779337,-20.187793427230048,-11.36150234741785,-17.370892018779337,-20.187793427230048,-28.169014084507037
002342.SZSE,2026-01-13,—,三接四阴,2026,True,False,5.342362678705803,-2.1820917983446098,5.342362678705803,5.342362678705803,-2.1820917983446098,-5.191873589164786,-5.191873589164786
002342.SZSE,2026-01-23,—,二接三阴,2026,True,True,1.255539143279183,7.237813884785815,1.255539143279183,1.255539143279183,1.255539143279183,-2.437223042836034,-2.437223042836034
002343.SZSE,2025-02-24,—,三接四阴,2025,False,False,-15.71125265392781,-17.728237791932056,-15.71125265392781,-8.59872611464969,-17.728237791932056,-15.71125265392781,-17.834394904458595
002344.SZSE,2024-11-20,—,三接四阴,2024,True,False,14.583333333333325,7.638888888888906,10.069444444444443,14.583333333333325,14.583333333333325,3.125,3.125
002346.SZSE,2025-01-08,—,二接三阴,2025,False,False,-11.711026615969589,-12.547528517110273,-11.711026615969589,-5.475285171102662,-12.547528517110273,-11.711026615969589,-2.8897338403041872
002347.SZSE,2024-01-10,—,二接三阴,2024,False,False,-15.12915129151292,-22.50922509225093,-15.12915129151292,-13.899138991389925,-22.50922509225093,-15.12915129151292,-20.787207872078728
002347.SZSE,2024-03-19,—,二接三阳,2024,False,False,-6.009244992295848,-11.402157164869031,-6.009244992295848,-6.779661016949157,-11.402157164869031,-6.009244992295848,-11.402157164869031
002347.SZSE,2024-10-11,—,二接三阴,2024,False,False,-18.927973199329983,-18.927973199329983,-18.927973199329983,-9.88274706867671,-18.927973199329983,-18.927973199329983,-22.948073701842553
002347.SZSE,2024-12-03,B3,三接四阳,2024,True,False,49.601063829787236,6.382978723404253,9.97340425531914,49.601063829787236,49.601063829787236,34.70744680851065,34.70744680851065
002347.SZSE,2025-12-29,—,二接三阳,2025,True,False,28.445747800586506,-9.97067448680351,9.97067448680351,28.445747800586506,-9.97067448680351,31.182795698924725,31.182795698924725
002347.SZSE,2025-12-30,—,三接四阳,2025,True,False,16.800000000000015,6.311111111111112,10.044444444444455,16.800000000000015,16.800000000000015,19.288888888888888,19.288888888888888
002348.SZSE,2024-11-08,—,二接三阳,2024,True,False,-10.024449877750607,-4.645476772616131,-10.024449877750607,-10.024449877750607,-4.645476772616131,-10.268948655256727,-10.268948655256727
002348.SZSE,2024-11-27,—,二接三阳,2024,False,False,-4.276985743380857,7.7393075356415375,-4.276985743380857,-2.0366598778004175,-4.276985743380857,-4.276985743380857,-13.849287169042768
002354.SZSE,2024-11-22,—,二接三阳,2024,False,False,-0.16949152542373724,-2.5423728813559365,-0.16949152542373724,-6.779661016949157,-2.5423728813559365,-0.16949152542373724,-10.169491525423735
002354.SZSE,2024-12-10,—,三接四阴,2024,True,False,3.208556149732611,-1.4705882352941235,3.208556149732611,3.208556149732611,-1.4705882352941235,3.342245989304815,3.342245989304815
002354.SZSE,2026-06-09,—,二接三阳,2026,True,False,-0.992555831265507,2.7295285359801413,10.049627791563264,-0.992555831265507,-0.992555831265507,-6.699751861042191,-6.699751861042191
002354.SZSE,2026-06-10,—,三接四阳,2026,True,False,-10.033821871476878,-1.3528748590755257,-10.033821871476878,-10.033821871476878,-1.3528748590755257,-15.219842164599772,-15.219842164599772
002354.SZSE,2026-08-04,—,二接三阴,2026,True,False,0.50761421319796,-4.695431472081224,0.50761421319796,0.50761421319796,-4.695431472081224,2.7918781725888353,2.7918781725888353
002355.SZSE,2025-05-07,—,二接三阳,2025,False,False,-6.728232189973616,-9.49868073878628,-6.728232189973616,-5.277044854881274,-9.49868073878628,-6.728232189973616,-10.026385224274403
002356.SZSE,2023-07-04,—,二接三阳,2023,True,False,2.2727272727272707,1.325757575757569,10.037878787878785,2.2727272727272707,2.2727272727272707,1.8939393939393812,1.8939393939393812
002356.SZSE,2023-07-05,—,三接四阳,2023,True,False,-7.056798623063676,4.991394148020656,-7.056798623063676,-7.056798623063676,-7.056798623063676,-7.40103270223752,-7.40103270223752
002356.SZSE,2024-06-11,—,二接三阴,2024,False,False,-7.299270072992703,-19.7080291970803,-7.299270072992703,-10.705596107055971,-19.7080291970803,-7.299270072992703,-16.301703163017034
002356.SZSE,2025-07-11,—,二接三阳,2025,True,False,-8.845208845208852,-1.7199017199017286,-8.845208845208852,-8.845208845208852,-1.7199017199017286,-14.004914004914015,-14.004914004914015
002358.SZSE,2025-01-23,—,二接三阳,2025,False,False,-19.03276131045242,-21.216848673946963,-19.03276131045242,-16.068642745709827,-21.216848673946963,-19.03276131045242,-26.053042121684868
002361.SZSE,2024-12-31,—,二接三阳,2024,True,False,-2.0183486238532167,4.587155963302747,-2.0183486238532167,-2.0183486238532167,-2.0183486238532167,2.9357798165137616,7.706422018348613
002361.SZSE,2025-01-02,—,三接四阳,2025,False,False,-6.499999999999995,-4.999999999999993,-2.166666666666661,-10.999999999999998,-4.999999999999993,-6.499999999999995,2.833333333333332
002361.SZSE,2025-12-22,—,二接三阴,2025,True,False,45.050055617352605,9.899888765294772,10.011123470522797,45.050055617352605,45.050055617352605,52.39154616240267,59.51056729699666
002361.SZSE,2025-12-23,—,三接四阴,2025,True,False,31.850353892821026,-3.2355915065722995,10.01011122345803,31.850353892821026,-3.2355915065722995,38.52376137512636,44.994944388270966
002361.SZSE,2026-03-30,—,二接三阳,2026,True,False,13.33333333333333,7.666666666666666,10.000000000000009,13.33333333333333,13.33333333333333,15.266666666666652,15.266666666666652
002361.SZSE,2026-03-31,B3,三接四阳,2026,True,False,3.0303030303030276,3.0303030303030276,3.0303030303030276,3.0303030303030276,3.0303030303030276,4.787878787878785,4.787878787878785
002362.SZSE,2024-02-21,—,二接三阳,2024,False,False,-7.1462153267512925,-12.646920545369067,-7.1462153267512925,-9.826046074283024,-12.646920545369067,-7.1462153267512925,-1.739539257169731
002362.SZSE,2024-12-09,—,二接三阴,2024,True,False,-1.0038860103626868,0.38860103626943143,10.006476683937816,-1.0038860103626868,-1.0038860103626868,-10.20077720207253,-10.20077720207253
002362.SZSE,2024-12-10,—,三接四阴,2024,True,False,-10.008831321754485,-7.653812187224018,-10.008831321754485,-10.008831321754485,-7.653812187224018,-18.369149249337646,-18.369149249337646
002363.SZSE,2025-12-26,—,二接三阴,2025,True,False,-9.964726631393294,-2.910052910052907,-9.964726631393294,-9.964726631393294,-2.910052910052907,-4.761904761904756,-4.761904761904756
002364.SZSE,2024-12-25,—,二接三阴,2024,False,False,-2.9739776951672847,-9.572490706319691,-2.9739776951672847,-5.204460966542756,-9.572490706319691,-2.9739776951672847,6.691449814126393
002364.SZSE,2025-01-08,—,二接三阴,2025,True,False,-10.026041666666663,-2.669270833333337,-10.026041666666663,-10.026041666666663,-2.669270833333337,-8.59375,-8.59375
002364.SZSE,2025-08-19,—,二接三阴,2025,True,False,-10.012014417300763,-8.289947937525033,-10.012014417300763,-10.012014417300763,-8.289947937525033,-13.0957148578294,-13.0957148578294
002364.SZSE,2026-04-14,—,三接四阳,2026,True,False,2.1416803953871355,0.0,2.1416803953871355,2.1416803953871355,2.1416803953871355,0.7295834313956195,0.7295834313956195
002365.SZSE,2025-04-25,—,二接三阳,2025,False,False,-5.212922173274592,-11.894273127753296,-4.258443465491924,-12.995594713656388,-11.894273127753296,-5.212922173274592,-14.68428781204112
002365.SZSE,2025-05-23,—,二接三阴,2025,True,False,6.483300589390972,1.4734774066797574,6.483300589390972,6.483300589390972,6.483300589390972,9.970530451866399,9.970530451866399
002365.SZSE,2025-06-16,—,二接三阴,2025,False,False,-7.48740100791937,0.10799136069112869,-7.48740100791937,-2.627789776817857,-7.48740100791937,-7.48740100791937,1.7638588912886943
002366.SZSE,2023-05-24,—,二接三阳,2023,True,False,2.9329608938547524,2.6536312849162025,10.05586592178771,2.9329608938547524,2.9329608938547524,-6.284916201117319,-6.284916201117319
002366.SZSE,2023-05-25,—,三接四阳,2023,True,False,-6.472081218274106,9.137055837563457,-6.472081218274106,-6.472081218274106,-6.472081218274106,-14.847715736040612,-14.847715736040612
002366.SZSE,2025-05-28,—,三接四阴,2025,True,False,-0.9345794392523366,3.738317757009346,10.01335113484647,-0.9345794392523366,-0.9345794392523366,-10.680907877169554,-10.680907877169554
002368.SZSE,2024-10-08,—,二接三阳,2024,True,False,1.9043401240035562,-0.3542958370239102,1.9043401240035562,1.9043401240035562,-0.3542958370239102,-0.9743135518157642,-0.9743135518157642
002369.SZSE,2024-03-05,—,二接三阳,2024,True,False,-3.7906137184115507,-7.581227436823101,-3.7906137184115507,-3.7906137184115507,-7.581227436823101,-13.357400722021662,-13.357400722021662
002369.SZSE,2024-08-19,—,三接四阳,2024,False,False,-16.103379721669985,-16.103379721669985,-16.103379721669985,-6.759443339960236,-16.103379721669985,-16.103379721669985,-24.453280318091466
002369.SZSE,2024-12-13,—,二接三阴,2024,False,False,-18.015102481121904,-12.297734627831701,-18.015102481121904,-10.895361380798274,-12.297734627831701,-18.015102481121904,-9.816612729234087
002369.SZSE,2024-12-19,—,二接三阴,2024,False,False,-13.833992094861646,-15.909090909090907,-13.833992094861646,-14.229249011857704,-15.909090909090907,-13.833992094861646,-5.23715415019762
002369.SZSE,2025-02-21,—,二接三阴,2025,True,False,20.483091787439633,5.120772946859908,10.048309178743974,20.483091787439633,20.483091787439633,26.37681159420291,32.56038647342996
002369.SZSE,2025-02-24,A2,三接四阴,2025,True,False,9.482001755926262,-2.985074626865669,10.008779631255482,9.482001755926262,-2.985074626865669,14.83757682177349,20.45654082528534
002370.SZSE,2024-08-19,—,二接三阴,2024,True,False,-8.605341246290799,-10.089020771513358,-8.605341246290799,-8.605341246290799,-10.089020771513358,-7.121661721068251,-7.121661721068251
002370.SZSE,2025-07-18,—,二接三阴,2025,False,False,-2.621722846441943,-8.988764044943808,1.6853932584269593,-7.490636704119835,-8.988764044943808,-2.621722846441943,1.4981273408239737
002370.SZSE,2025-07-30,—,二接三阳,2025,False,False,-10.14686248331108,-8.41121495327103,-10.14686248331108,-4.272363150867831,-8.41121495327103,-10.14686248331108,-1.2016021361815787
002370.SZSE,2025-10-17,—,三接四阳,2025,False,False,-11.55234657039712,-7.340553549939832,-11.55234657039712,-6.73886883273166,-7.340553549939832,-11.55234657039712,-15.764139590854398
002374.SZSE,2024-11-11,—,二接三阳,2024,True,True,-9.870129870129862,2.0779220779220786,-9.870129870129862,-9.870129870129862,-9.870129870129862,-13.506493506493511,-13.506493506493511
002374.SZSE,2025-11-12,—,二接三阴,2025,True,False,-0.23752969121139111,3.0878859857482066,-0.23752969121139111,-0.23752969121139111,-0.23752969121139111,-8.313539192399055,-8.313539192399055
002374.SZSE,2025-11-13,—,三接四阴,2025,False,False,-16.630669546436284,-15.118790496760258,-16.630669546436284,-9.287257019438444,-15.118790496760258,-16.630669546436284,-15.33477321814255
002377.SZSE,2023-07-28,—,二接三阳,2023,True,False,18.100890207715125,10.089020771513347,10.089020771513347,18.100890207715125,18.100890207715125,11.275964391691385,11.275964391691385
002378.SZSE,2025-08-26,—,二接三阳,2025,False,False,4.619565217391308,-4.891304347826086,4.619565217391308,-0.6114130434782594,-4.891304347826086,4.619565217391308,1.5625
002378.SZSE,2026-02-27,B1,二接三阴,2026,True,True,8.226600985221655,9.999999999999986,8.226600985221655,8.226600985221655,8.226600985221655,2.536945812807878,2.536945812807878
002378.SZSE,2026-03-02,—,三接四阴,2026,False,False,-6.784594715629188,-1.81370353784146,-6.784594715629188,-1.6121809225257522,-1.81370353784146,-6.784594715629188,0.71652485445588
002379.SZSE,2025-01-08,—,二接三阳,2025,True,False,-5.893186003683226,-1.3812154696132506,-5.893186003683226,-5.893186003683226,-1.3812154696132506,-10.957642725598527,-10.957642725598527
002384.SZSE,2026-04-10,—,二接三阴,2026,False,False,1.1992556344338157,-1.0200565166448294,1.1992556344338157,-1.0614101592115177,-1.0200565166448294,1.1992556344338157,0.627196912261363
002387.SZSE,2024-11-07,—,二接三阳,2024,True,False,0.49059689288633024,0.0,0.49059689288633024,0.49059689288633024,0.49059689288633024,3.4341782502044227,3.4341782502044227
002387.SZSE,2025-11-12,—,二接三阳,2025,False,False,-14.36170212765957,-13.120567375886516,-14.36170212765957,-10.460992907801414,-13.120567375886516,-14.36170212765957,-14.00709219858156
002388.SZSE,2024-09-05,—,三接四阳,2024,True,False,6.560283687943258,2.4822695035461084,6.560283687943258,6.560283687943258,6.560283687943258,-4.07801418439716,-4.07801418439716
002388.SZSE,2026-07-28,—,二接三阳,2026,True,False,-6.439393939393934,-4.545454545454552,-6.439393939393934,-6.439393939393934,-4.545454545454552,-15.719696969696972,-15.719696969696972
002393.SZSE,2025-07-17,—,二接三阳,2025,True,False,4.682146935668063,0.22839741149600634,4.682146935668063,4.682146935668063,4.682146935668063,2.169775409212038,2.169775409212038
002394.SZSE,2025-07-17,—,二接三阳,2025,True,False,-6.0477001703577615,3.747870528109032,-6.0477001703577615,-6.0477001703577615,-6.0477001703577615,-4.599659284497449,-4.599659284497449
002395.SZSE,2023-06-02,—,二接三阳,2023,False,False,-13.726708074534166,-14.844720496894414,-4.161490683229829,-12.857142857142867,-14.844720496894414,-13.726708074534166,-19.875776397515533
002395.SZSE,2023-12-27,—,二接三阴,2023,True,False,11.086596800882532,3.4197462768891462,9.983452840595719,11.086596800882532,11.086596800882532,9.983452840595719,22.17319360176504
002395.SZSE,2023-12-28,—,三接四阴,2023,True,False,1.0030090270812364,6.218655967903697,1.0030090270812364,1.0030090270812364,1.0030090270812364,0.0,11.083249749247726
002396.SZSE,2026-08-31,—,二接三阴,2026,True,False,-1.5113974231912741,-0.49554013875124925,-1.5113974231912741,-1.5113974231912741,-0.49554013875124925,-1.3131813676907855,-1.3131813676907855
002397.SZSE,2025-01-03,—,二接三阴,2025,True,False,5.915492957746471,-3.0985915492957705,5.915492957746471,5.915492957746471,-3.0985915492957705,13.239436619718315,16.619718309859156
002397.SZSE,2025-01-06,—,三接四阴,2025,False,False,2.813299232736566,-4.347826086956519,5.88235294117645,-3.8363171355498826,-4.347826086956519,2.813299232736566,-3.8363171355498826
002398.SZSE,2025-01-27,—,二接三阴,2025,True,False,0.538599640933568,-1.9748653500897717,0.538599640933568,0.538599640933568,-1.9748653500897717,-7.899461400359076,-7.899461400359076
002400.SZSE,2023-07-17,—,二接三阴,2023,False,False,-11.451612903225804,-7.41935483870968,-11.451612903225804,-6.451612903225811,-7.41935483870968,-11.451612903225804,-2.580645161290329
002400.SZSE,2024-12-13,—,二接三阳,2024,True,False,-5.1512673753066345,-1.9623875715453765,-5.1512673753066345,-5.1512673753066345,-1.9623875715453765,-11.28372853638594,-11.28372853638594
002400.SZSE,2026-01-13,—,二接三阳,2026,True,False,1.9920318725099584,-0.3984063745020028,10.039840637450204,1.9920318725099584,-0.3984063745020028,-8.207171314741046,-8.207171314741046
002400.SZSE,2026-01-14,—,三接四阳,2026,True,False,-7.313540912382333,0.2896451846488013,-7.313540912382333,-7.313540912382333,-7.313540912382333,-16.582186821144106,-16.582186821144106
002401.SZSE,2025-07-15,—,二接三阳,2025,False,False,-12.985212569316095,-9.981515711645105,-12.985212569316095,-6.330868761552688,-9.981515711645105,-12.985212569316095,-4.297597042513857
002402.SZSE,2024-11-14,—,三接四阳,2024,True,False,3.2464076636508743,-8.408728046833414,3.2464076636508743,3.2464076636508743,-8.408728046833414,2.235231506120283,13.571048430015974
002402.SZSE,2025-09-24,—,二接三阴,2025,False,False,-13.358590018118921,-7.7417229451490766,-13.358590018118921,-7.758194696096199,-7.7417229451490766,-13.358590018118921,-20.639103936748484
002403.SZSE,2024-01-09,—,二接三阴,2024,True,True,-0.9361702127659521,10.042553191489368,10.042553191489368,-0.9361702127659521,-0.9361702127659521,-10.808510638297864,-10.808510638297864
002403.SZSE,2024-02-27,B3,三接四阳,2024,True,False,-9.680968096809671,-3.190319031903177,-9.680968096809671,-9.680968096809671,-3.190319031903177,-1.650165016501659,-0.660066006600668
002403.SZSE,2024-08-22,—,二接三阳,2024,True,False,-10.011778563015316,-5.771495877502952,-10.011778563015316,-10.011778563015316,-5.771495877502952,-18.963486454652532,-18.963486454652532
002403.SZSE,2024-11-07,—,三接四阴,2024,False,False,-11.351819757365678,-7.538994800693233,-11.351819757365678,-6.412478336221827,-7.538994800693233,-11.351819757365678,-16.291161178509526
002403.SZSE,2024-11-21,—,二接三阳,2024,True,False,8.823529411764719,-4.017216642754651,9.971305595408907,8.823529411764719,-4.017216642754651,-2.0803443328550886,-2.0803443328550886
002403.SZSE,2024-11-22,—,三接四阳,2024,True,False,-1.0437051532941943,7.632093933463802,9.980430528375738,-1.0437051532941943,-1.0437051532941943,-10.95890410958904,-10.95890410958904
002403.SZSE,2024-12-03,—,二接三阴,2024,False,False,-4.518072289156638,-3.614457831325313,-4.518072289156638,-0.6626506024096535,-3.614457831325313,-4.518072289156638,-14.036144578313259
002403.SZSE,2024-12-10,—,二接三阴,2024,True,True,12.00000000000001,0.7368421052631691,9.999999999999986,12.00000000000001,12.00000000000001,13.210526315789473,23.21052631578948
002403.SZSE,2024-12-11,—,三接四阴,2024,True,True,1.81818181818183,0.0,1.81818181818183,1.81818181818183,1.81818181818183,2.918660287081365,12.009569377990449
002406.SZSE,2023-09-27,—,二接三阴,2023,True,False,-10.035419126328227,-5.548996458087374,-10.035419126328227,-10.035419126328227,-5.548996458087374,-14.876033057851245,-14.876033057851245
002406.SZSE,2025-03-21,—,二接三阳,2025,True,False,-10.018382352941192,-4.4117647058823595,-10.018382352941192,-10.018382352941192,-4.4117647058823595,-19.025735294117652,-19.025735294117652
002407.SZSE,2026-07-01,—,二接三阴,2026,True,True,-0.7782805429864204,1.3755656108597192,-0.7782805429864204,-0.7782805429864204,-0.7782805429864204,-10.69683257918551,-10.69683257918551
002408.SZSE,2024-02-08,—,二接三阴,2024,True,False,-5.182341650671773,2.303262955854124,-5.182341650671773,-5.182341650671773,-5.182341650671773,-8.445297504798477,-8.445297504798477
002410.SZSE,2024-09-30,—,二接三阳,2024,True,False,10.946745562130179,9.985207100591719,9.985207100591719,10.946745562130179,10.946745562130179,0.887573964497057,0.887573964497057
002410.SZSE,2024-10-08,—,三接四阳,2024,True,False,0.8742434431741719,-1.0087424344317308,0.8742434431741719,0.8742434431741719,-1.0087424344317308,-8.271687962340268,-8.271687962340268
002412.SZSE,2026-07-24,—,二接三阴,2026,False,False,-10.098522167487678,-14.532019704433486,-10.098522167487678,-12.684729064039402,-14.532019704433486,-10.098522167487678,-13.793103448275856
002412.SZSE,2026-08-24,—,三接四阳,2026,True,False,16.770740410347894,6.333630686886704,9.991079393398739,16.770740410347894,16.770740410347894,25.06690454950935,25.06690454950935
002413.SZSE,2025-11-26,—,二接三阴,2025,True,False,-9.727626459143968,-1.5564202334630406,-9.727626459143968,-9.727626459143968,-1.5564202334630406,13.618677042801552,-0.6485084306095956
002413.SZSE,2025-12-02,—,二接三阴,2025,True,False,-5.501618122977348,0.10787486515642097,-5.501618122977348,-5.501618122977348,-5.501618122977348,-10.46386192017259,-10.46386192017259
002413.SZSE,2025-12-31,—,二接三阴,2025,True,True,40.95617529880477,10.039840637450204,10.039840637450204,40.95617529880477,40.95617529880477,45.81673306772909,45.81673306772909
002414.SZSE,2024-03-12,—,二接三阴,2024,True,False,-2.9090909090909167,-0.24242424242423288,-2.9090909090909167,-2.9090909090909167,-0.24242424242423288,-9.818181818181815,-9.818181818181815
002416.SZSE,2024-10-31,—,二接三阳,2024,True,False,31.805745554035568,7.934336525307795,9.986320109439117,31.805745554035568,31.805745554035568,18.60465116279071,18.60465116279071
002416.SZSE,2024-11-01,—,三接四阳,2024,True,False,19.838308457711463,10.012437810945297,10.012437810945297,19.838308457711463,19.838308457711463,7.835820895522394,7.835820895522394
002418.SZSE,2024-03-04,—,二接三阴,2024,True,False,-9.966777408637872,0.0,-9.966777408637872,-9.966777408637872,-9.966777408637872,-14.950166112956797,-14.950166112956797
002418.SZSE,2025-01-08,—,二接三阴,2025,True,False,0.8902077151335286,10.089020771513347,10.089020771513347,0.8902077151335286,0.8902077151335286,14.54005934718101,10.979228486646896
002418.SZSE,2026-08-27,—,二接三阳,2026,True,False,-0.20366598778003286,3.8696537678207577,-0.20366598778003286,-0.20366598778003286,-0.20366598778003286,15.68228105906313,9.775967413441954
002418.SZSE,2026-08-28,—,三接四阳,2026,False,False,5.185185185185182,-15.000000000000014,-0.18518518518519933,-9.259259259259256,-15.000000000000014,5.185185185185182,7.592592592592573
002421.SZSE,2026-05-20,—,三接四阴,2026,True,False,-7.259953161592502,2.576112412177989,-7.259953161592502,-7.259953161592502,-7.259953161592502,8.899297423887598,2.1077283372365585
002423.SZSE,2024-01-26,—,二接三阳,2024,True,False,-6.146572104018921,0.47281323877068626,-6.146572104018921,-6.146572104018921,-6.146572104018921,-1.3002364066194039,-1.3002364066194039
002423.SZSE,2024-09-26,—,二接三阴,2024,True,False,65.78411405295317,9.674134419551915,9.97963340122201,65.78411405295317,65.78411405295317,85.53971486761709,82.38289205702647
002423.SZSE,2024-09-27,—,三接四阴,2024,True,False,50.74074074074073,10.000000000000009,10.000000000000009,50.74074074074073,50.74074074074073,68.7037037037037,65.83333333333331
002423.SZSE,2024-10-31,—,二接三阳,2024,False,False,-14.494034467520978,-5.081749889527165,-14.494034467520978,-4.993371630578869,-5.081749889527165,-14.494034467520978,-14.714980114891729
002425.SZSE,2026-08-06,—,二接三阳,2026,True,False,-8.900523560209416,0.0,-8.900523560209416,-8.900523560209416,-8.900523560209416,-13.35078534031413,-13.35078534031413
002426.SZSE,2024-09-02,—,二接三阴,2024,False,False,-14.41860465116278,-16.279069767441857,-14.41860465116278,-12.09302325581395,-16.279069767441857,-14.41860465116278,-17.209302325581387
002426.SZSE,2024-11-08,—,二接三阳,2024,False,False,-5.501618122977348,-10.679611650485443,-5.501618122977348,-7.7669902912621325,-10.679611650485443,-5.501618122977348,-9.708737864077666
002426.SZSE,2024-12-12,—,二接三阴,2024,False,False,-12.612612612612628,-8.333333333333337,-12.612612612612628,-2.9279279279279424,-8.333333333333337,-12.612612612612628,-16.666666666666675
002427.SZSE,2025-03-25,—,二接三阳,2025,True,False,8.969465648854946,9.923664122137389,9.923664122137389,8.969465648854946,8.969465648854946,-1.9083969465648942,-1.9083969465648942
002427.SZSE,2025-04-21,—,二接三阳,2025,True,True,-1.3831258644536715,3.457814661134173,-1.3831258644536715,-1.3831258644536715,-1.3831258644536715,7.330567081604422,8.43706777316735
002427.SZSE,2025-04-22,—,三接四阳,2025,False,False,-2.3899371069182385,-15.094339622641506,-1.383647798742138,-10.31446540880504,-15.094339622641506,-2.3899371069182385,-12.201257861635217
002427.SZSE,2025-05-15,—,二接三阴,2025,True,False,-0.2328288707799664,-4.42374854481955,-0.2328288707799664,-0.2328288707799664,-4.42374854481955,-1.1641443538998764,9.77881257275901
002428.SZSE,2023-07-06,—,二接三阴,2023,True,False,6.439393939393945,3.2828282828282873,6.439393939393945,6.439393939393945,6.439393939393945,2.77777777777779,2.77777777777779
002428.SZSE,2024-11-04,—,二接三阳,2024,True,False,14.901793339026458,-0.3415883859948843,9.991460290350119,14.901793339026458,-0.3415883859948843,13.748932536293768,26.387702818104188
002428.SZSE,2024-11-05,—,三接四阳,2024,True,True,4.464285714285698,7.9192546583851,4.464285714285698,4.464285714285698,4.464285714285698,3.416149068322971,14.906832298136653
002428.SZSE,2026-02-27,—,二接三阴,2026,False,False,-6.45095228343231,-1.1673151750972721,-6.45095228343231,-1.1673151750972721,-1.1673151750972721,-6.45095228343231,-10.096252303911534
002428.SZSE,2026-08-06,—,二接三阳,2026,True,False,12.75005495713344,6.61683886568476,10.002198285337439,12.75005495713344,12.75005495713344,10.222026819081108,10.222026819081108
002428.SZSE,2026-08-07,—,三接四阳,2026,True,False,2.4980015987210225,4.516386890487611,2.4980015987210225,2.4980015987210225,2.4980015987210225,0.199840127897688,0.199840127897688
002430.SZSE,2024-10-08,—,二接三阳,2024,False,False,-17.160446325509803,-10.657945363601385,-17.160446325509803,-9.157368218545592,-10.657945363601385,-17.160446325509803,-13.813005001923816
002432.SZSE,2026-07-16,—,二接三阴,2026,False,False,-1.6148731171122255,7.477269643099471,7.477269643099471,-2.293391233545927,-1.6148731171122255,-1.6148731171122255,8.223639571176555
002437.SZSE,2026-08-11,—,二接三阴,2026,False,False,20.15915119363396,-5.835543766578255,2.3872679045092715,-6.896551724137934,-5.835543766578255,20.15915119363396,32.095490716180386
002437.SZSE,2026-08-14,B2,二接三阳,2026,False,False,1.7094017094017033,-2.350427350427342,6.410256410256432,-3.2051282051281937,-2.350427350427342,1.7094017094017033,-8.119658119658112
002439.SZSE,2024-10-08,—,二接三阳,2024,True,False,-8.408249603384455,-2.1681649920676893,-8.408249603384455,-8.408249603384455,-2.1681649920676893,-10.417768376520353,-10.417768376520353
002440.SZSE,2026-01-30,—,二接三阳,2026,False,False,-7.378939277478858,-3.2282859338970016,-7.378939277478858,-3.2282859338970016,-3.2282859338970016,-7.378939277478858,-3.382013835511144
002442.SZSE,2026-05-22,—,二接三阳,2026,True,False,-3.205918618988901,5.918618988902602,-3.205918618988901,-3.205918618988901,-3.205918618988901,-8.87792848335388,-8.87792848335388
002442.SZSE,2026-05-25,—,三接四阳,2026,False,False,-17.152466367713004,-10.76233183856502,-17.152466367713004,-11.995515695067272,-10.76233183856502,-17.152466367713004,-18.161434977578473
002445.SZSE,2023-12-18,—,二接三阴,2023,False,False,-21.580547112462,-17.325227963525837,-21.580547112462,-13.06990881458967,-17.325227963525837,-21.580547112462,-26.13981762917933
002449.SZSE,2024-12-23,—,二接三阳,2024,True,False,-5.2360515021459335,6.4377682403433445,-5.2360515021459335,-5.2360515021459335,-5.2360515021459335,-4.2060085836909895,4.206008583690979
002449.SZSE,2024-12-24,—,三接四阳,2024,False,False,-12.948517940717629,-13.026521060842434,-5.304212168486733,-13.884555382215302,-13.026521060842434,-12.948517940717629,-4.2121684867394755
002451.SZSE,2023-08-15,—,二接三阴,2023,False,False,-3.367003367003374,-13.916947250280586,-0.561167227833903,-9.652076318742974,-13.916947250280586,-3.367003367003374,-3.142536475869806
002451.SZSE,2025-11-07,—,三接四阳,2025,True,False,31.822565091610432,2.6036644165863265,10.028929604628756,31.822565091610432,31.822565091610432,38.572806171649,38.572806171649
002453.SZSE,2024-09-23,—,二接三阴,2024,False,False,6.392694063926951,-5.251141552511407,5.251141552511429,-4.337899543378986,-5.251141552511407,6.392694063926951,2.9680365296803624
002453.SZSE,2024-11-04,—,三接四阴,2024,False,False,-6.76020408163266,-5.739795918367352,-6.76020408163266,-3.1887755102040782,-5.739795918367352,-6.76020408163266,-13.77551020408163
002453.SZSE,2025-09-23,—,二接三阴,2025,True,False,8.933002481389574,10.049627791563264,10.049627791563264,8.933002481389574,8.933002481389574,-1.985111662531014,-1.985111662531014
002455.SZSE,2024-04-15,—,二接三阴,2024,False,False,-16.191709844559586,-22.150259067357513,-16.191709844559586,-13.860103626943,-22.150259067357513,-16.191709844559586,-11.917098445595853
002455.SZSE,2026-01-30,—,二接三阴,2026,True,False,-2.294056308654857,3.128258602711176,-2.294056308654857,-2.294056308654857,-2.294056308654857,12.408759124087588,7.507820646506791
002455.SZSE,2026-02-02,—,三接四阴,2026,False,False,2.180094786729847,-7.298578199052141,-2.274881516587679,-11.184834123222764,-7.298578199052141,2.180094786729847,-3.9810426540284327
002455.SZSE,2026-02-11,A2,三接四阴,2026,True,False,-4.922454484153748,-5.5293324342548855,-4.922454484153748,-4.922454484153748,-5.5293324342548855,-6.608226567768039,-6.608226567768039
002456.SZSE,2024-10-21,—,二接三阳,2024,True,False,3.7180480247869907,7.9783113865220745,3.7180480247869907,3.7180480247869907,3.7180480247869907,-3.5631293570875355,-3.5631293570875355
002456.SZSE,2024-10-22,—,三接四阳,2024,False,False,-12.323943661971837,-9.718309859154928,-12.323943661971837,-5.704225352112669,-9.718309859154928,-12.323943661971837,-10.845070422535208
002456.SZSE,2024-10-31,—,二接三阳,2024,True,False,-9.977324263038545,0.0,-9.977324263038545,-9.977324263038545,-9.977324263038545,-1.9274376417233507,-0.963718820861692
002457.SZSE,2023-10-27,—,二接三阳,2023,True,False,-1.0318142734307867,9.974204643164208,9.974204643164208,-1.0318142734307867,-1.0318142734307867,-10.92003439380913,-10.92003439380913
002457.SZSE,2023-10-30,A1,三接四阳,2023,True,False,-10.007818608287721,-7.036747458952297,-10.007818608287721,-10.007818608287721,-7.036747458952297,-18.999218139171226,-18.999218139171226
002457.SZSE,2024-10-10,—,二接三阳,2024,False,False,-7.565011820330958,-17.257683215130015,-7.565011820330958,-12.765957446808507,-17.257683215130015,-7.565011820330958,1.654846335697413
002457.SZSE,2024-10-16,—,二接三阳,2024,True,True,-6.2139654067905115,9.545163356822561,-6.2139654067905115,-6.2139654067905115,-6.2139654067905115,-3.907751441383722,-3.907751441383722
002459.SZSE,2024-10-08,—,二接三阳,2024,False,False,-10.932260228034885,-4.426559356136817,-10.932260228034885,-1.0731052984574108,-4.426559356136817,-10.932260228034885,-14.28571428571429
002459.SZSE,2024-10-23,—,二接三阳,2024,False,False,-10.849315068493148,-6.465753424657528,-10.849315068493148,-3.1780821917808177,-6.465753424657528,-10.849315068493148,-1.9178082191780854
002462.SZSE,2026-01-07,—,二接三阴,2026,True,False,-9.98953974895398,2.9811715481171452,-9.98953974895398,-9.98953974895398,-9.98953974895398,-15.742677824267792,-15.742677824267792
002465.SZSE,2026-01-07,—,二接三阳,2026,False,False,-3.1473533619456373,-7.963757749165468,-3.1473533619456373,-7.248450166905096,-7.963757749165468,-3.1473533619456373,-4.62565569861707
002465.SZSE,2026-01-14,—,二接三阴,2026,True,False,-9.99248685199099,-9.99248685199099,-9.99248685199099,-9.99248685199099,-9.99248685199099,-19.00826446280992,-19.00826446280992
002466.SZSE,2024-10-08,—,二接三阳,2024,True,False,-8.574380165289252,-1.8595041322314043,-8.574380165289252,-8.574380165289252,-1.8595041322314043,-6.301652892561982,-6.301652892561982
002467.SZSE,2024-11-22,—,二接三阳,2024,True,False,33.93739703459637,10.049423393739687,10.049423393739687,33.93739703459637,33.93739703459637,23.22899505766063,23.22899505766063
002469.SZSE,2024-11-15,—,二接三阳,2024,True,False,14.267834793491874,10.012515644555675,10.012515644555675,14.267834793491874,14.267834793491874,48.93617021276595,25.657071339173942
002469.SZSE,2024-11-22,—,二接三阴,2024,False,False,-2.9654036243822124,7.825370675453036,7.825370675453036,-1.976935749588138,-2.9654036243822124,-2.9654036243822124,-12.685337726523894
002470.SZSE,2026-02-27,—,三接四阴,2026,True,False,-6.129032258064515,8.064516129032251,-6.129032258064515,-6.129032258064515,-6.129032258064515,-9.999999999999998,-9.999999999999998
002471.SZSE,2025-05-08,—,三接四阳,2025,True,False,-4.797979797979801,6.060606060606055,-4.797979797979801,-4.797979797979801,-4.797979797979801,6.060606060606055,4.797979797979801
002471.SZSE,2025-05-26,—,二接三阴,2025,True,False,6.370656370656369,3.47490347490349,10.038610038610042,6.370656370656369,6.370656370656369,5.212355212355213,16.988416988416976
002471.SZSE,2025-05-27,—,三接四阴,2025,True,False,-3.3333333333333437,0.8771929824561431,-3.3333333333333437,-3.3333333333333437,-3.3333333333333437,-4.385964912280704,6.315789473684208
002471.SZSE,2025-12-16,—,三接四阴,2025,False,False,-13.551401869158886,-8.722741433021797,-13.551401869158886,-3.89408099688473,-8.722741433021797,-13.551401869158886,-11.838006230529597
002471.SZSE,2025-12-30,—,二接三阳,2025,False,False,5.804749340369386,-3.5620052770448662,5.804749340369386,-0.9234828496042291,-3.5620052770448662,5.804749340369386,-2.242744063324542
002474.SZSE,2024-03-14,—,二接三阳,2024,False,False,-12.624113475177301,-14.184397163120565,-12.624113475177301,-6.382978723404253,-14.184397163120565,-12.624113475177301,-10.92198581560283
002474.SZSE,2025-11-19,—,二接三阳,2025,True,False,21.088435374149682,7.871720116618075,10.009718172983483,21.088435374149682,21.088435374149682,19.92225461613217,33.236151603498556
002474.SZSE,2025-11-20,—,三接四阳,2025,True,True,10.070671378091877,-2.915194346289751,9.982332155477014,10.070671378091877,-2.915194346289751,9.010600706713777,21.11307420494699
002481.SZSE,2024-12-11,—,二接三阳,2024,False,False,-0.41958041958042314,-7.132867132867138,-0.41958041958042314,-5.31468531468533,-7.132867132867138,-0.41958041958042314,-10.349650349650352
002490.SZSE,2025-06-17,—,二接三阴,2025,True,False,31.878557874762812,4.36432637571158,10.056925996204935,31.878557874762812,31.878557874762812,20.303605313092987,20.303605313092987
002490.SZSE,2025-06-18,A2,三接四阴,2025,True,False,19.82758620689655,0.0,10.000000000000009,19.82758620689655,19.82758620689655,9.310344827586214,9.310344827586214
002490.SZSE,2025-10-23,—,二接三阳,2025,True,False,-10.04273504273504,2.029914529914545,-10.04273504273504,-10.04273504273504,-10.04273504273504,-11.431623931623935,-11.431623931623935
002490.SZSE,2026-03-04,—,二接三阳,2026,True,False,8.361774744027283,1.4505119453924964,8.361774744027283,8.361774744027283,8.361774744027283,12.627986348122855,12.627986348122855
002490.SZSE,2026-03-05,—,三接四阳,2026,False,False,2.4049650892164376,-0.6206361520558534,2.4049650892164376,-1.4740108611326685,-0.6206361520558534,2.4049650892164376,2.7152831652443643
002491.SZSE,2026-02-03,—,二接三阳,2026,False,False,-1.684210526315788,-1.2631578947368327,-1.684210526315788,-2.631578947368418,-1.2631578947368327,-1.684210526315788,-5.5789473684210495
002491.SZSE,2026-05-11,—,二接三阳,2026,True,True,18.56577210734711,7.787065552133732,9.986801583809935,18.56577210734711,18.56577210734711,8.446986361636588,8.446986361636588
002491.SZSE,2026-05-12,—,三接四阳,2026,True,False,7.800000000000007,0.039999999999995595,7.800000000000007,7.800000000000007,7.800000000000007,-1.4000000000000012,-1.4000000000000012
002491.SZSE,2026-06-22,—,二接三阳,2026,False,False,-3.0512377662636814,-0.43177892918825345,-3.0512377662636814,-2.1301093839954044,-0.43177892918825345,-3.0512377662636814,6.649395509499123
002497.SZSE,2025-07-23,—,二接三阳,2025,False,False,-7.446808510638303,-7.822277847309134,-7.446808510638303,-3.0037546933667114,-7.822277847309134,-7.446808510638303,-2.4405506883604544
002498.SZSE,2026-01-21,—,三接四阳,2026,False,False,4.130808950086062,-7.056798623063676,4.130808950086062,-2.06540447504302,-7.056798623063676,4.130808950086062,2.23752151462997
002498.SZSE,2026-02-24,—,二接三阴,2026,True,False,12.483221476510064,5.100671140939594,10.067114093959727,12.483221476510064,12.483221476510064,10.872483221476514,10.872483221476514
002498.SZSE,2026-02-25,—,三接四阴,2026,True,False,2.1951219512195363,-0.609756097560965,2.1951219512195363,2.1951219512195363,-0.609756097560965,0.7317073170731714,0.7317073170731714
002498.SZSE,2026-03-06,—,二接三阴,2026,True,False,1.322482197355046,0.10172939979653517,1.322482197355046,1.322482197355046,1.322482197355046,-1.831129196337744,-1.831129196337744
002500.SZSE,2024-10-08,—,二接三阳,2024,True,False,-10.055096418732779,-3.5812672176308458,-10.055096418732779,-10.055096418732779,-3.5812672176308458,-14.60055096418732,-14.60055096418732
002506.SZSE,2024-11-04,—,二接三阳,2024,False,False,3.3639143730886722,-10.397553516819569,1.8348623853211121,-7.339449541284415,-10.397553516819569,3.3639143730886722,-3.0581039755351758
002506.SZSE,2026-01-27,—,二接三阳,2026,False,False,-7.631578947368423,-2.368421052631575,-7.631578947368423,-2.894736842105261,-2.368421052631575,-7.631578947368423,-6.315789473684208
002506.SZSE,2026-02-06,—,二接三阳,2026,True,False,14.847161572052393,9.606986899563296,10.043668122270732,14.847161572052393,14.847161572052393,14.847161572052393,14.847161572052393
002506.SZSE,2026-02-09,B3,三接四阳,2026,True,True,4.36507936507935,7.341269841269837,4.36507936507935,4.36507936507935,4.36507936507935,4.36507936507935,4.36507936507935
002510.SZSE,2023-12-08,—,二接三阳,2023,False,False,-19.444444444444454,-16.358024691358032,-19.444444444444454,-16.358024691358032,-16.358024691358032,-19.444444444444454,-13.117283950617287
002510.SZSE,2024-11-11,—,三接四阳,2024,True,False,3.238866396761142,-5.3981106612685625,9.986504723346833,3.238866396761142,-5.3981106612685625,-7.017543859649134,-7.017543859649134
002513.SZSE,2024-11-04,—,二接三阴,2024,True,False,26.67731629392971,8.306709265175716,10.063897763578279,26.67731629392971,26.67731629392971,14.057507987220452,14.057507987220452
002513.SZSE,2024-11-05,—,三接四阴,2024,True,True,15.094339622641506,9.869375907111767,10.0145137880987,15.094339622641506,15.094339622641506,3.6284470246734424,3.6284470246734424
002513.SZSE,2025-09-25,—,三接四阳,2025,True,False,19.846350832266314,4.225352112676073,9.98719590268886,19.846350832266314,19.846350832266314,7.810499359795142,7.810499359795142
002519.SZSE,2025-12-02,—,二接三阳,2025,False,False,-3.858520900321538,-7.717041800643076,4.8231511254019255,-4.662379421221862,-7.717041800643076,-3.858520900321538,-2.2508038585209
002519.SZSE,2026-01-08,—,三接四阳,2026,True,False,9.915611814345993,10.021097046413496,10.021097046413496,9.915611814345993,9.915611814345993,8.755274261603386,20.88607594936709
002520.SZSE,2024-09-05,—,二接三阴,2024,True,False,8.704453441295534,0.0,9.91902834008096,8.704453441295534,8.704453441295534,2.6315789473684292,2.6315789473684292
002520.SZSE,2024-09-06,—,三接四阴,2024,True,False,-1.104972375690605,8.655616942909772,9.944751381215466,-1.104972375690605,-1.104972375690605,-6.62983425414364,-6.62983425414364
002520.SZSE,2024-12-04,B3,三接四阳,2024,True,False,8.909574468085113,9.97340425531914,9.97340425531914,8.909574468085113,8.909574468085113,-1.9946808510638236,-1.9946808510638236
002522.SZSE,2025-02-24,—,三接四阴,2025,True,False,0.8291873963515828,-0.6633499170812573,0.8291873963515828,0.8291873963515828,-0.6633499170812573,0.6633499170812573,10.945273631840791
002527.SZSE,2023-06-19,—,二接三阳,2023,False,False,24.545454545454536,-7.181818181818178,5.909090909090908,-3.7272727272727235,-7.181818181818178,24.545454545454536,16.999999999999993
002527.SZSE,2023-06-26,—,二接三阳,2023,False,False,-8.723404255319156,-7.092198581560282,-8.723404255319156,-2.8368794326241176,-7.092198581560282,-8.723404255319156,-7.375886524822695
002527.SZSE,2023-08-21,—,二接三阴,2023,False,False,-5.585106382978722,-7.579787234042545,-5.585106382978722,-8.11170212765957,-7.579787234042545,-5.585106382978722,-7.91223404255319
002529.SZSE,2024-10-24,—,二接三阳,2024,True,False,18.772563176895286,-3.730445246690739,9.987966305655839,18.772563176895286,-3.730445246690739,16.726835138387464,16.726835138387464
002529.SZSE,2024-10-25,B3,三接四阳,2024,True,False,7.9868708971553515,6.236323851203496,9.956236323851208,7.9868708971553515,7.9868708971553515,6.126914660831506,6.126914660831506
002530.SZSE,2024-12-09,—,二接三阴,2024,True,False,-0.9950248756218971,10.033167495854055,10.033167495854055,-0.9950248756218971,-0.9950248756218971,5.306799336650081,8.872305140961867
002530.SZSE,2025-02-05,—,二接三阳,2025,False,False,-8.114199849737036,-14.274981217129978,-5.108940646130722,-13.749060856498874,-14.274981217129978,-8.114199849737036,-9.842223891810676
002534.SZSE,2023-04-11,—,二接三阳,2023,True,False,-0.8891213389121466,-1.987447698744782,-0.8891213389121466,-0.8891213389121466,-1.987447698744782,-5.439330543933063,-5.439330543933063
002534.SZSE,2025-07-23,—,二接三阴,2025,False,False,-13.829093281148076,-15.19895629484671,-13.829093281148076,-6.0665362035224994,-15.19895629484671,-13.829093281148076,-17.482061317677754
002535.SZSE,2023-07-05,—,三接四阳,2023,True,False,-6.822262118491917,4.129263913824044,-6.822262118491917,-6.822262118491917,-6.822262118491917,-16.157989228007185,-16.157989228007185
002535.SZSE,2023-07-14,—,二接三阴,2023,False,False,-1.1925042589437829,-18.2282793867121,-3.0664395229982877,-11.925042589437817,-18.2282793867121,-1.1925042589437829,-5.7921635434412195
002536.SZSE,2023-06-13,—,二接三阴,2023,True,False,5.428571428571427,4.142857142857137,5.428571428571427,5.428571428571427,5.428571428571427,-5.1428571428571495,-5.1428571428571495
002536.SZSE,2023-06-14,—,三接四阴,2023,False,False,-13.766233766233771,-7.2077922077922185,-13.766233766233771,-4.155844155844157,-7.2077922077922185,-13.766233766233771,-6.558441558441553
002536.SZSE,2025-08-15,—,二接三阴,2025,True,False,10.567184334908841,6.347062795408509,9.993247805536786,10.567184334908841,10.567184334908841,8.440243079000664,8.440243079000664
002536.SZSE,2025-08-18,—,三接四阴,2025,True,False,0.5217925107428023,1.903007980356053,0.5217925107428023,0.5217925107428023,0.5217925107428023,-1.411909146715784,-1.411909146715784
002537.SZSE,2025-04-24,B3,三接四阳,2025,True,False,0.22346368715084886,6.59217877094973,0.22346368715084886,0.22346368715084886,0.22346368715084886,-9.832402234636861,-9.832402234636861
002537.SZSE,2025-06-03,—,二接三阳,2025,True,False,-7.314410480349343,-7.20524017467249,-7.314410480349343,-7.314410480349343,-7.20524017467249,-5.021834061135378,-5.021834061135378
002537.SZSE,2025-06-25,—,二接三阴,2025,True,False,-3.315881326352532,6.893542757417093,-3.315881326352532,-3.315881326352532,-3.315881326352532,-5.671902268760909,-5.671902268760909
002543.SZSE,2025-01-20,—,二接三阴,2025,True,False,-9.063214013709075,0.0,-9.063214013709075,-9.063214013709075,-9.063214013709075,-15.917745620715928,-15.917745620715928
002544.SZSE,2024-03-13,—,二接三阳,2024,True,False,1.9888991674375633,0.18501387604070718,1.9888991674375633,1.9888991674375633,1.9888991674375633,2.266419981498613,2.266419981498613
002546.SZSE,2023-05-25,—,二接三阳,2023,True,False,-1.9099590723055893,-1.2278308321964526,-1.9099590723055893,-1.9099590723055893,-1.2278308321964526,-11.732605729877221,-11.732605729877221
002549.SZSE,2025-04-01,—,三接四阳,2025,True,False,10.010881392818272,10.010881392818272,10.010881392818272,10.010881392818272,10.010881392818272,19.804134929270955,21.001088139281833
002549.SZSE,2025-07-02,—,二接三阴,2025,True,False,6.42054574638844,2.006420545746379,6.42054574638844,6.42054574638844,6.42054574638844,-4.253611556982351,-4.253611556982351
002549.SZSE,2025-08-14,—,二接三阳,2025,False,False,3.7530266343825724,-6.719128329297819,0.9685230024213176,-8.232445520581111,-6.719128329297819,3.7530266343825724,7.506053268765145
002549.SZSE,2025-09-23,—,二接三阳,2025,True,False,3.8614649681528723,5.015923566878966,3.8614649681528723,3.8614649681528723,3.8614649681528723,9.673566878980889,9.673566878980889
002551.SZSE,2025-05-14,—,二接三阴,2025,True,False,-3.8724373576309756,-1.3667425968109215,-3.8724373576309756,-3.8724373576309756,-1.3667425968109215,-13.211845102505693,-13.211845102505693
002552.SZSE,2026-05-11,—,二接三阳,2026,True,False,14.431295200525973,3.9447731755424043,9.993425378040754,14.431295200525973,14.431295200525973,11.275476660092053,11.275476660092053
002552.SZSE,2026-05-12,—,三接四阳,2026,True,False,4.034668260609697,-0.47818290496115523,4.034668260609697,4.034668260609697,-0.47818290496115523,1.1655708308427881,1.1655708308427881
002552.SZSE,2026-05-26,—,二接三阴,2026,True,False,4.877542548775438,-0.37359900373599153,4.877542548775438,4.877542548775438,-0.37359900373599153,19.759236197592365,15.359070153590704
002552.SZSE,2026-05-27,—,三接四阴,2026,False,False,8.867924528301895,-7.9433962264151,4.867924528301892,-4.660377358490564,-7.9433962264151,8.867924528301895,9.30188679245283
002552.SZSE,2026-08-06,—,二接三阴,2026,True,False,26.20753408828287,8.620291194823192,10.006933210076262,26.20753408828287,26.20753408828287,35.567367691241024,38.82597642708574
002552.SZSE,2026-08-07,—,三接四阴,2026,True,True,14.726890756302513,9.999999999999986,9.999999999999986,14.726890756302513,14.726890756302513,23.235294117647044,26.197478991596633
002553.SZSE,2023-06-27,—,三接四阴,2023,True,False,5.039787798408479,-7.639257294429713,5.039787798408479,5.039787798408479,-7.639257294429713,-0.2652519893899252,-0.2652519893899252
002553.SZSE,2024-02-28,—,二接三阳,2024,False,False,-14.946070878274275,-24.961479198767332,-14.946070878274275,-18.181818181818187,-24.961479198767332,-14.946070878274275,-16.40986132511557
002553.SZSE,2025-03-20,—,二接三阳,2025,True,False,-0.9862778730703292,0.0,9.991423670668942,-0.9862778730703292,-0.9862778730703292,7.847341337907365,8.919382504288166
002553.SZSE,2025-03-21,—,三接四阳,2025,True,False,-9.980506822612078,0.8966861598440623,-9.980506822612078,-9.980506822612078,-9.980506822612078,-1.949317738791423,-0.974658869395717
002554.SZSE,2026-01-16,—,二接三阴,2026,False,False,-14.186046511627904,-16.04651162790698,-14.186046511627904,-12.09302325581395,-16.04651162790698,-14.186046511627904,-14.651162790697668
002559.SZSE,2023-11-21,B3,三接四阳,2023,True,False,-1.016419077404218,0.0,10.007818608287744,-1.016419077404218,-1.016419077404218,2.9710711493354136,2.9710711493354136
002560.SZSE,2025-05-19,—,二接三阴,2025,False,False,-16.09999999999999,-9.899999999999999,-16.09999999999999,-6.799999999999995,-9.899999999999999,-16.09999999999999,-23.099999999999998
002560.SZSE,2026-04-02,—,二接三阳,2026,True,False,-3.369065849923436,5.513016845329233,-3.369065849923436,-3.369065849923436,-3.369065849923436,1.4548238897396537,1.4548238897396537
002560.SZSE,2026-04-03,—,三接四阳,2026,False,False,-7.794015309672919,-12.874043145441894,-7.794015309672919,-12.178148921363952,-12.874043145441894,-7.794015309672919,-5.706332637439104
002562.SZSE,2024-10-28,—,二接三阴,2024,False,False,-11.786372007366474,-6.077348066298349,-11.786372007366474,-3.8674033149171283,-6.077348066298349,-11.786372007366474,-14.364640883977886
002565.SZSE,2025-12-02,—,二接三阳,2025,True,False,11.43151390319257,0.1029866117404632,9.98970133882593,11.43151390319257,11.43151390319257,35.94232749742532,22.55406797116375
002565.SZSE,2025-12-03,A1,三接四阳,2025,True,False,1.310861423220988,-0.7490636704119868,1.310861423220988,1.310861423220988,-0.7490636704119868,23.59550561797752,11.423220973782788
002565.SZSE,2025-12-09,—,二接三阳,2025,False,False,-6.458333333333332,-4.861111111111116,-6.458333333333332,-8.333333333333337,-4.861111111111116,-6.458333333333332,0.694444444444442
002570.SZSE,2024-10-08,—,二接三阳,2024,False,False,-11.518324607329845,-8.376963350785338,-11.518324607329845,-1.5706806282722474,-8.376963350785338,-11.518324607329845,-17.539267015706805
002570.SZSE,2024-10-30,—,二接三阴,2024,True,False,2.3381294964028854,3.9568345323741205,2.3381294964028854,2.3381294964028854,2.3381294964028854,-7.913669064748197,-7.913669064748197
002570.SZSE,2024-10-31,—,三接四阴,2024,False,False,-16.33986928104575,-11.601307189542487,-16.33986928104575,-7.0261437908496704,-11.601307189542487,-16.33986928104575,-24.50980392156863
002570.SZSE,2025-04-10,—,二接三阳,2025,True,False,6.825396825396846,3.3333333333333437,10.000000000000009,6.825396825396846,6.825396825396846,5.3968253968254,5.3968253968254
002570.SZSE,2025-04-11,—,三接四阳,2025,True,False,-2.886002886002881,-1.2987012987012991,-2.886002886002881,-2.886002886002881,-1.2987012987012991,-4.18470418470418,-4.18470418470418
002574.SZSE,2025-03-13,—,二接三阳,2025,True,False,22.887864823348703,9.984639016897079,9.984639016897079,22.887864823348703,22.887864823348703,15.053763440860223,15.053763440860223
002574.SZSE,2026-01-14,—,二接三阳,2026,True,False,-10.013003901170359,-1.8205461638491571,-10.013003901170359,-10.013003901170359,-1.8205461638491571,-17.425227568270486,-17.425227568270486
002575.SZSE,2025-03-04,—,三接四阳,2025,False,False,-15.429403202328974,-5.9679767103347885,-15.429403202328974,-6.040756914119361,-5.9679767103347885,-15.429403202328974,-6.986899563318783
002577.SZSE,2024-12-27,—,二接三阳,2024,True,False,-3.487838458008252,5.55300596603947,-3.487838458008252,-3.487838458008252,-3.487838458008252,-13.12528682882056,-13.12528682882056
002577.SZSE,2024-12-30,—,三接四阳,2024,False,False,-21.026282853566958,-17.062995410930327,-21.026282853566958,-12.265331664580714,-17.062995410930327,-21.026282853566958,-25.36503963287442
002578.SZSE,2024-01-02,—,二接三阴,2024,True,False,-7.505070993914808,-4.665314401622711,-7.505070993914808,-7.505070993914808,-4.665314401622711,-12.778904665314405,-12.778904665314405
002578.SZSE,2025-11-14,—,二接三阴,2025,False,False,-7.835820895522383,-10.820895522388064,-7.835820895522383,-6.7164179104477695,-10.820895522388064,-7.835820895522383,-16.97761194029851
002579.SZSE,2025-06-20,—,二接三阴,2025,True,False,5.504587155963292,-5.5045871559633035,5.504587155963292,5.504587155963292,-5.5045871559633035,9.35779816513762,16.055045871559635
002579.SZSE,2026-05-28,—,二接三阴,2026,True,False,-5.717427157779009,6.1022539857064295,-5.717427157779009,-5.717427157779009,-5.717427157779009,6.926882902693787,3.738317757009346
002580.SZSE,2023-10-30,—,二接三阳,2023,False,False,-16.01123595505617,-15.636704119850187,-16.01123595505617,-9.176029962546817,-15.636704119850187,-16.01123595505617,-17.602996254681635
002580.SZSE,2025-02-25,—,二接三阳,2025,True,False,16.45865834633384,9.98439937597504,9.98439937597504,16.45865834633384,16.45865834633384,7.020280811232449,7.020280811232449
002580.SZSE,2026-04-13,—,二接三阴,2026,True,False,58.04597701149425,9.147509578544067,10.009578544061304,58.04597701149425,58.04597701149425,42.24137931034484,42.24137931034484
002580.SZSE,2026-04-14,—,三接四阴,2026,True,False,43.66565084893339,6.573791902481507,10.013060513713533,43.66565084893339,43.66565084893339,29.299085764040058,29.299085764040058
002583.SZSE,2024-10-09,—,二接三阴,2024,True,True,-6.0718711276332105,6.567534076827752,-6.0718711276332105,-6.0718711276332105,-6.0718711276332105,8.550185873605942,3.3457249070631967
002583.SZSE,2024-10-17,—,二接三阴,2024,False,False,117.66723842195539,-1.3722126929674117,2.487135506003413,-6.861063464837058,-1.3722126929674117,117.66723842195539,95.88336192109776
002583.SZSE,2024-10-22,—,二接三阴,2024,True,True,75.39737387698686,4.4229440221147165,10.02073255010365,75.39737387698686,75.39737387698686,57.843814789219074,57.843814789219074
002583.SZSE,2024-10-23,A2,三接四阴,2024,True,True,59.422110552763804,9.92462311557789,9.987437185929648,59.422110552763804,59.422110552763804,43.46733668341709,43.46733668341709
002583.SZSE,2024-11-21,—,二接三阳,2024,False,False,-14.643399089529584,-13.884673748103182,-14.643399089529584,-5.159332321699539,-13.884673748103182,-14.643399089529584,-22.951441578148714
002584.SZSE,2023-11-10,—,二接三阴,2023,True,False,11.250000000000004,6.25,10.000000000000009,11.250000000000004,11.250000000000004,50.37499999999999,22.37499999999999
002584.SZSE,2023-11-13,—,三接四阴,2023,True,False,1.1363636363636243,-10.000000000000009,1.1363636363636243,1.1363636363636243,-10.000000000000009,36.704545454545446,11.249999999999982
002584.SZSE,2023-11-17,B2,二接三阳,2023,True,True,1.51898734177216,5.485232067510548,10.042194092827007,1.51898734177216,1.51898734177216,-8.607594936708862,-8.607594936708862
002584.SZSE,2023-11-20,—,三接四阳,2023,True,True,-7.745398773006129,6.058282208588972,-7.745398773006129,-7.745398773006129,-7.745398773006129,-16.947852760736193,-16.947852760736193
002585.SZSE,2026-05-26,—,二接三阴,2026,True,False,-1.1039558417663242,-4.04783808647654,-1.1039558417663242,-1.1039558417663242,-4.04783808647654,4.783808647654109,4.783808647654109
002589.SZSE,2025-12-05,—,二接三阳,2025,True,True,-0.9389671361502372,10.093896713615047,10.093896713615047,-0.9389671361502372,-0.9389671361502372,-8.450704225352112,-8.450704225352112
002589.SZSE,2025-12-08,—,三接四阳,2025,True,False,-10.021321961620478,-5.54371002132198,-10.021321961620478,-10.021321961620478,-5.54371002132198,-16.844349680170588,-16.844349680170588
002590.SZSE,2023-07-12,—,二接三阳,2023,True,False,-0.9783368273934334,-2.1663172606568915,9.993011879804325,-0.9783368273934334,-2.1663172606568915,-8.38574423480084,-8.38574423480084
002590.SZSE,2023-07-13,—,三接四阳,2023,True,False,-9.974587039390093,-4.701397712833543,-9.974587039390093,-9.974587039390093,-4.701397712833543,-16.709021601016527,-16.709021601016527
002590.SZSE,2024-04-19,—,二接三阴,2024,True,False,-4.697072838665761,0.0,-4.697072838665761,-4.697072838665761,-4.697072838665761,15.520762423417288,4.833219877467676
002590.SZSE,2025-05-20,—,二接三阴,2025,True,False,2.692548528490901,-1.1271133375078346,2.692548528490901,2.692548528490901,-1.1271133375078346,-7.013149655604267,-7.013149655604267
002590.SZSE,2025-05-21,—,三接四阴,2025,False,False,-15.480933409220265,-8.87877063175867,-15.480933409220265,-6.6590779738190164,-8.87877063175867,-15.480933409220265,-10.073989755264655
002593.SZSE,2024-11-29,—,二接三阳,2024,True,False,4.01785714285714,-2.2321428571428714,10.044642857142838,4.01785714285714,-2.2321428571428714,82.36607142857142,14.508928571428559
002593.SZSE,2024-12-02,—,三接四阳,2024,True,False,-5.476673427991874,9.93914807302232,-5.476673427991874,-5.476673427991874,-5.476673427991874,65.72008113590265,4.056795131845847
002593.SZSE,2024-12-06,—,二接三阴,2024,True,False,31.774193548387085,2.0967741935483897,10.000000000000009,31.774193548387085,31.774193548387085,18.548387096774178,18.548387096774178
002593.SZSE,2024-12-09,A2,三接四阴,2024,True,False,19.79472140762464,9.97067448680351,9.97067448680351,19.79472140762464,19.79472140762464,7.771260997067442,7.771260997067442
002596.SZSE,2025-12-23,—,二接三阴,2025,True,False,-4.012345679012352,0.0,-4.012345679012352,-4.012345679012352,-4.012345679012352,-10.64814814814815,-10.64814814814815
002599.SZSE,2023-06-13,—,二接三阴,2023,False,False,-7.066189624329155,-2.683363148479423,-7.066189624329155,-3.3094812164579546,-2.683363148479423,-7.066189624329155,-10.196779964221825
002599.SZSE,2025-02-21,—,二接三阴,2025,True,False,7.371007371007354,2.8665028665028736,9.991809991809975,7.371007371007354,7.371007371007354,11.547911547911527,11.547911547911527
002599.SZSE,2025-02-24,—,三接四阴,2025,True,False,-2.3827252419955314,-2.4571854058078935,-2.3827252419955314,-2.3827252419955314,-2.4571854058078935,1.4147431124348353,1.4147431124348353
002605.SZSE,2024-11-15,—,二接三阴,2024,False,False,-17.20658523632501,-11.736590546999459,-17.20658523632501,-11.0462028677642,-11.736590546999459,-17.20658523632501,-16.728624535315983
002607.SZSE,2024-08-05,—,二接三阳,2024,True,True,8.597285067873294,9.954751131221728,9.954751131221728,8.597285067873294,8.597285067873294,-1.3574660633484115,-1.3574660633484115
002607.SZSE,2024-08-06,—,三接四阳,2024,True,False,-1.2345679012345734,4.938271604938249,9.876543209876543,-1.2345679012345734,-1.2345679012345734,-10.288065843621396,-10.288065843621396
002607.SZSE,2024-12-09,—,二接三阳,2024,False,False,-11.633109619686788,-8.277404921700226,-11.633109619686788,-8.053691275167774,-8.277404921700226,-11.633109619686788,-13.870246085011184
002611.SZSE,2024-11-19,—,三接四阴,2024,True,False,31.766917293233064,9.962406015037573,9.962406015037573,31.766917293233064,31.766917293233064,18.609022556390965,18.609022556390965
002615.SZSE,2025-06-13,—,二接三阴,2025,True,False,4.0000000000000036,-5.756097560975604,4.0000000000000036,4.0000000000000036,-5.756097560975604,-6.439024390243908,-6.439024390243908
002615.SZSE,2025-06-16,—,三接四阴,2025,False,False,-14.982269503546098,-9.92907801418439,-14.982269503546098,-5.496453900709208,-9.92907801418439,-14.982269503546098,-21.897163120567363
002622.SZSE,2024-09-11,—,二接三阴,2024,False,False,-15.343915343915338,-18.518518518518512,-15.343915343915338,-12.698412698412698,-18.518518518518512,-15.343915343915338,-23.28042328042328
002623.SZSE,2025-07-04,—,二接三阴,2025,True,False,7.7515647568608514,-1.9258545979778496,7.7515647568608514,7.7515647568608514,-1.9258545979778496,23.206547905633123,18.536350505536838
002624.SZSE,2026-02-10,—,二接三阳,2026,False,False,-6.081081081081086,-4.898648648648651,-6.081081081081086,-5.109797297297303,-4.898648648648651,-6.081081081081086,-9.332770270270274
002625.SZSE,2024-02-08,—,二接三阴,2024,True,False,3.535353535353547,8.225108225108224,3.535353535353547,3.535353535353547,3.535353535353547,-0.28860028860028253,-0.28860028860028253
002625.SZSE,2024-10-09,—,二接三阳,2024,False,False,-11.74330135626861,-11.346344690704601,-11.74330135626861,-7.277538868673505,-11.346344690704601,-11.74330135626861,-11.015547469401266
002632.SZSE,2024-03-06,—,二接三阳,2024,False,False,-15.227272727272734,-8.977272727272734,-15.227272727272734,-6.250000000000011,-8.977272727272734,-15.227272727272734,-6.7045454545454515
002632.SZSE,2025-12-01,—,二接三阳,2025,True,False,8.918128654970769,10.014619883040954,10.014619883040954,8.918128654970769,8.918128654970769,9.649122807017552,9.649122807017552
002633.SZSE,2024-10-30,—,三接四阳,2024,True,False,8.236208236208231,0.0,8.236208236208231,8.236208236208231,8.236208236208231,-2.564102564102566,-2.564102564102566
002633.SZSE,2025-03-21,—,二接三阴,2025,True,False,-8.535031847133755,8.471337579617844,-8.535031847133755,-8.535031847133755,-8.535031847133755,-17.707006369426747,-17.707006369426747
002636.SZSE,2025-01-16,—,二接三阳,2025,True,False,21.114683815648448,0.5359056806002238,9.967845659163977,21.114683815648448,21.114683815648448,9.0032154340836,9.0032154340836
002636.SZSE,2025-01-17,—,三接四阳,2025,True,False,10.1364522417154,10.038986354775826,10.038986354775826,10.1364522417154,10.1364522417154,-0.8771929824561431,-0.8771929824561431
002636.SZSE,2025-07-07,—,二接三阴,2025,True,False,21.491579791499603,3.1275060144346334,10.024057738572578,21.491579791499603,21.491579791499603,9.382518043303921,9.382518043303921
002636.SZSE,2025-07-08,—,三接四阴,2025,True,False,10.422740524781338,9.985422740524786,9.985422740524786,10.422740524781338,10.422740524781338,-0.5830903790087438,-0.5830903790087438
002636.SZSE,2026-06-10,—,二接三阳,2026,True,False,9.53242056316197,0.025833118057350113,9.53242056316197,9.53242056316197,9.53242056316197,16.094032549728745,16.094032549728745
002636.SZSE,2026-06-11,—,三接四阳,2026,False,False,5.542508219821518,5.671676843588536,5.542508219821518,-0.42273367778299376,5.542508219821518,5.542508219821518,14.30248943165806
002638.SZSE,2023-06-12,—,二接三阴,2023,False,False,-7.76470588235294,-12.235294117647054,-7.76470588235294,-10.82352941176471,-12.235294117647054,-7.76470588235294,-16.470588235294127
002638.SZSE,2024-11-26,—,二接三阳,2024,False,False,-8.223684210526317,-20.394736842105267,-4.605263157894745,-13.157894736842103,-20.394736842105267,-8.223684210526317,-12.5
002639.SZSE,2024-12-16,—,二接三阳,2024,True,True,-10.041841004184104,4.602510460251041,-10.041841004184104,-10.041841004184104,-10.041841004184104,-11.087866108786615,-11.087866108786615
002639.SZSE,2025-12-15,—,二接三阴,2025,True,True,-4.404404404404394,3.5035035035035023,-4.404404404404394,-4.404404404404394,-4.404404404404394,-1.8018018018017945,-1.8018018018017945
002639.SZSE,2026-01-09,—,二接三阳,2026,False,False,2.7464258841233935,-7.524454477050413,1.6930022573363512,-7.562076749435665,-7.524454477050413,2.7464258841233935,1.2791572610985735
002640.SZSE,2024-09-09,—,二接三阳,2024,True,False,-0.512820512820511,7.179487179487176,10.256410256410264,-0.512820512820511,-0.512820512820511,3.076923076923066,9.23076923076922
002640.SZSE,2024-09-10,—,三接四阳,2024,True,False,-9.76744186046512,-6.04651162790697,-9.76744186046512,-9.76744186046512,-6.04651162790697,-6.511627906976747,-0.9302325581395321
002640.SZSE,2024-09-26,—,二接三阳,2024,True,False,0.0,3.2921810699588328,0.0,0.0,0.0,9.053497942386812,9.876543209876543
002640.SZSE,2024-09-27,—,三接四阳,2024,False,False,-0.7490636704119868,-8.239700374531822,0.0,-8.988764044943808,-8.239700374531822,-0.7490636704119868,-8.988764044943808
002640.SZSE,2024-11-26,—,二接三阳,2024,False,False,61.99524940617578,-16.864608076009503,-8.551068883610446,-16.864608076009503,-16.864608076009503,61.99524940617578,45.843230403800476
002640.SZSE,2024-11-29,—,二接三阴,2024,True,True,46.351931330472105,10.085836909871237,10.085836909871237,46.351931330472105,46.351931330472105,31.759656652360512,31.759656652360512
002640.SZSE,2025-04-14,—,二接三阳,2025,True,False,0.2590673575129543,1.81347150259068,0.2590673575129543,0.2590673575129543,0.2590673575129543,-3.886010362694303,-3.886010362694303
002640.SZSE,2025-04-23,—,二接三阴,2025,False,False,-13.665943600867681,-8.676789587852507,-13.665943600867681,-7.158351409978314,-8.676789587852507,-13.665943600867681,-14.316702819956618
002641.SZSE,2025-09-22,—,二接三阴,2025,False,False,-20.85561497326203,-19.60784313725491,-20.85561497326203,-15.508021390374338,-19.60784313725491,-20.85561497326203,-21.925133689839583
002642.SZSE,2023-10-09,—,二接三阳,2023,True,True,-6.113902847571174,3.5175879396984966,-6.113902847571174,-6.113902847571174,-6.113902847571174,-11.557788944723612,-11.557788944723612
002644.SZSE,2025-07-30,—,二接三阴,2025,True,False,-10.034013605442171,-3.911564625850328,-10.034013605442171,-10.034013605442171,-3.911564625850328,-11.309523809523814,-11.309523809523814
002645.SZSE,2024-03-18,—,二接三阴,2024,False,False,-1.0791366906474753,-9.262589928057551,-1.0791366906474753,-4.316546762589912,-9.262589928057551,-1.0791366906474753,2.0683453237410054
002645.SZSE,2025-07-15,—,二接三阳,2025,True,False,3.003952569169943,1.81818181818183,10.039525691699591,3.003952569169943,3.003952569169943,16.205533596837938,13.280632411067185
002645.SZSE,2025-07-16,A1,三接四阳,2025,True,False,-6.393678160919547,-1.6522988505747183,-6.393678160919547,-6.393678160919547,-1.6522988505747183,5.603448275862055,2.9454022988505857
002645.SZSE,2025-08-19,—,二接三阴,2025,True,False,-7.590027700831026,-2.4930747922437657,-7.590027700831026,-7.590027700831026,-2.4930747922437657,-4.044321329639889,-4.044321329639889
002647.SZSE,2024-10-09,—,二接三阳,2024,True,False,-10.05586592178771,0.5586592178770999,-10.05586592178771,-10.05586592178771,-10.05586592178771,-6.843575418994419,-6.843575418994419
002649.SZSE,2024-10-09,—,二接三阳,2024,False,False,-7.131782945736431,1.1627906976744207,-7.131782945736431,-1.6279069767441978,-7.131782945736431,-7.131782945736431,-10.775193798449612
002651.SZSE,2024-08-08,—,二接三阴,2024,False,False,-19.00826446280992,-19.00826446280992,-19.00826446280992,-10.055096418732779,-19.00826446280992,-19.00826446280992,-27.134986225895318
002651.SZSE,2025-05-09,—,二接三阳,2025,True,False,44.0715883668904,-6.152125279642052,9.95525727069353,44.0715883668904,-6.152125279642052,56.93512304250559,58.50111856823268
002651.SZSE,2025-05-12,A1,三接四阳,2025,True,False,31.02746693794507,7.222787385554419,9.969481180061045,31.02746693794507,31.02746693794507,42.726347914547304,44.15055951169889
002652.SZSE,2023-10-13,—,二接三阴,2023,False,False,-16.455696202531655,-14.177215189873415,-16.455696202531655,-11.392405063291145,-14.177215189873415,-16.455696202531655,-20.50632911392405
002652.SZSE,2025-12-29,—,二接三阴,2025,True,False,-10.082304526748976,-10.082304526748976,-10.082304526748976,-10.082304526748976,-10.082304526748976,-18.724279835390945,-18.724279835390945
002654.SZSE,2024-10-29,—,三接四阳,2024,True,False,19.48686621869271,7.39156994502137,10.018326206475269,19.48686621869271,19.48686621869271,7.513744654856458,7.513744654856458
002655.SZSE,2026-06-23,—,二接三阳,2026,False,False,-2.637703646237388,-8.53374709076805,-2.637703646237388,-9.251357641582626,-8.53374709076805,-2.637703646237388,-6.070597362296359
002657.SZSE,2024-11-18,—,三接四阴,2024,True,False,-10.003559985760058,-10.003559985760058,-10.003559985760058,-10.003559985760058,-10.003559985760058,-10.822356710573155,-0.9967960128159481
002658.SZSE,2025-07-02,—,二接三阳,2025,True,False,-0.9503695881731722,10.031678986272441,10.031678986272441,-0.9503695881731722,-0.9503695881731722,-10.77085533262937,-10.77085533262937
002658.SZSE,2025-07-03,A1,三接四阳,2025,True,False,-9.980806142034538,5.662188099808052,-9.980806142034538,-9.980806142034538,-9.980806142034538,-18.905950095969292,-18.905950095969292
002660.SZSE,2024-01-02,—,二接三阴,2024,True,True,-9.911894273127754,0.0,-9.911894273127754,-9.911894273127754,-9.911894273127754,-14.317180616740089,-14.317180616740089
002670.SZSE,2024-04-30,—,二接三阳,2024,True,False,7.537688442211055,4.271356783919589,7.537688442211055,7.537688442211055,7.537688442211055,6.030150753768848,6.030150753768848
002670.SZSE,2024-05-06,—,三接四阳,2024,False,False,-3.5795887281035887,-1.523229246001534,-3.5795887281035887,-2.2086824067022115,-1.523229246001534,-3.5795887281035887,-7.387661843107396
002670.SZSE,2024-10-08,—,二接三阳,2024,True,False,-10.014619883040933,-5.336257309941528,-10.014619883040933,-10.014619883040933,-5.336257309941528,-17.032163742690052,-17.032163742690052
002670.SZSE,2024-12-12,—,二接三阳,2024,True,False,-0.9770114942528663,-8.045977011494243,10.000000000000009,-0.9770114942528663,-8.045977011494243,-10.747126436781606,-10.747126436781606
002670.SZSE,2024-12-13,—,三接四阳,2024,True,False,-9.979101358411702,-6.217345872518287,-9.979101358411702,-9.979101358411702,-6.217345872518287,-18.861024033437836,-18.861024033437836
002671.SZSE,2023-10-27,—,二接三阳,2023,True,False,-8.866279069767447,-9.447674418604645,-8.866279069767447,-8.866279069767447,-9.447674418604645,-17.00581395348837,-17.00581395348837
002673.SZSE,2024-10-08,—,二接三阳,2024,True,False,-10.041841004184104,-3.556485355648531,-10.041841004184104,-10.041841004184104,-3.556485355648531,-12.029288702928875,-12.029288702928875
002676.SZSE,2024-03-29,—,二接三阳,2024,False,False,-13.237924865831852,-15.921288014311264,-13.237924865831852,-10.196779964221825,-15.921288014311264,-13.237924865831852,-16.99463327370304
002676.SZSE,2024-10-24,—,二接三阴,2024,False,False,3.7828947368421018,-11.513157894736848,-2.631578947368418,-11.513157894736848,-11.513157894736848,3.7828947368421018,8.388157894736835
002676.SZSE,2024-10-29,—,二接三阴,2024,False,False,-7.9608938547486074,-10.195530726256985,-7.9608938547486074,-11.871508379888274,-10.195530726256985,-7.9608938547486074,-2.5139664804469275
002678.SZSE,2025-06-18,—,二接三阳,2025,False,False,-23.008849557522126,-16.07669616519174,-23.008849557522126,-14.454277286135698,-16.07669616519174,-23.008849557522126,-28.761061946902654
002678.SZSE,2025-10-24,—,二接三阳,2025,True,False,-9.985315712187958,0.2936857562408246,-9.985315712187958,-9.985315712187958,-9.985315712187958,-18.942731277533042,-18.942731277533042
002679.SZSE,2025-11-03,—,二接三阴,2025,False,False,-4.155844155844157,-17.987012987012985,-1.6883116883116833,-10.649350649350653,-17.987012987012985,-4.155844155844157,-13.766233766233771
002679.SZSE,2026-09-02,—,三接四阳,2026,False,False,-22.394366197183103,-22.394366197183103,-22.394366197183103,-13.802816901408443,-22.394366197183103,-22.394366197183103,-24.788732394366196
002681.SZSE,2024-09-02,—,三接四阴,2024,False,False,-16.25708884688092,-16.25708884688092,-16.25708884688092,-6.994328922495274,-16.25708884688092,-16.25708884688092,-22.6843100189036
002681.SZSE,2024-12-06,—,二接三阴,2024,False,False,11.58392434988178,-11.111111111111127,2.482269503546086,-6.855791962174951,-11.111111111111127,11.58392434988178,2.127659574468077
002681.SZSE,2024-12-11,—,二接三阴,2024,True,False,-10.00953288846521,-6.863679694947578,-10.00953288846521,-10.00953288846521,-6.863679694947578,-17.63584366062917,-17.63584366062917
002682.SZSE,2023-12-27,—,二接三阳,2023,True,False,-6.3157894736842195,0.0,-6.3157894736842195,-6.3157894736842195,-6.3157894736842195,0.5847953216374213,3.040935672514622
002682.SZSE,2025-11-18,—,三接四阳,2025,True,False,-9.948979591836737,0.0,-9.948979591836737,-9.948979591836737,-9.948979591836737,-19.005102040816336,-19.005102040816336
002685.SZSE,2024-10-29,—,二接三阴,2024,False,False,11.751904243743194,-8.26985854189336,3.80848748639826,-5.658324265505977,-8.26985854189336,11.751904243743194,0.5440696409140466
002692.SZSE,2023-11-09,—,二接三阳,2023,False,False,-4.761904761904756,-21.062271062271066,-7.692307692307687,-16.117216117216117,-21.062271062271066,-4.761904761904756,-7.326007326007334
002692.SZSE,2025-01-22,—,三接四阴,2025,False,False,-26.00896860986547,-21.973094170403595,-26.00896860986547,-17.78774289985052,-21.973094170403595,-26.00896860986547,-32.28699551569507
002693.SZSE,2023-09-19,—,二接三阳,2023,False,False,-14.725274725274728,-17.912087912087916,-14.725274725274728,-8.791208791208781,-17.912087912087916,-14.725274725274728,-14.615384615384619
002693.SZSE,2024-10-16,—,二接三阳,2024,True,False,31.77132146204311,9.981255857544502,9.981255857544502,31.77132146204311,31.77132146204311,79.80318650421742,44.93908153701969
002693.SZSE,2024-10-17,—,三接四阳,2024,True,False,19.812526629740113,8.138048572645928,10.012782275245002,19.812526629740113,19.812526629740113,63.48530038346824,31.7852577758841
002693.SZSE,2024-10-28,—,二接三阳,2024,True,False,2.5387493319080523,-3.7680384820951485,2.5387493319080523,2.5387493319080523,-3.7680384820951485,-3.313735970069487,-3.313735970069487
002693.SZSE,2024-11-21,—,二接三阴,2024,True,False,-9.669889963321099,-3.3011003667889227,-9.669889963321099,-9.669889963321099,-3.3011003667889227,-18.706235411803927,-18.706235411803927
002693.SZSE,2025-04-16,—,二接三阳,2025,True,False,17.457475380483434,3.6705461056401045,10.026857654431499,17.457475380483434,17.457475380483434,5.72963294538944,5.72963294538944
002693.SZSE,2025-04-17,—,三接四阳,2025,True,True,6.753458096013021,9.76403580146461,6.753458096013021,6.753458096013021,6.753458096013021,-3.9056143205858262,-3.9056143205858262
002696.SZSE,2023-08-25,—,二接三阴,2023,False,False,-5.99294947121034,-6.698002350176258,-5.99294947121034,-5.640423031727382,-6.698002350176258,-5.99294947121034,-15.276145710928313
002697.SZSE,2025-12-17,—,二接三阴,2025,False,False,-9.946949602122013,-12.06896551724138,-9.946949602122013,-6.763925729442965,-12.06896551724138,-9.946949602122013,-7.824933687002655
002702.SZSE,2024-12-12,—,二接三阳,2024,True,False,-1.2326656394452962,0.30816640986131016,-1.2326656394452962,-1.2326656394452962,-1.2326656394452962,2.927580893682591,2.927580893682591
002702.SZSE,2025-11-28,—,二接三阳,2025,True,False,19.889502762430933,0.966850828729271,9.944751381215466,19.889502762430933,19.889502762430933,40.88397790055247,31.906077348066297
002702.SZSE,2025-12-01,—,三接四阳,2025,True,False,9.045226130653262,6.407035175879416,10.050251256281406,9.045226130653262,9.045226130653262,28.14070351758793,19.974874371859297
002703.SZSE,2023-06-13,—,二接三阴,2023,True,False,-1.1066398390341958,0.4024144869215318,-1.1066398390341958,-1.1066398390341958,-1.1066398390341958,-7.6458752515090485,-7.6458752515090485
002703.SZSE,2025-12-18,—,二接三阴,2025,True,False,16.14321608040199,-3.8944723618090427,9.987437185929648,16.14321608040199,-3.8944723618090427,16.582914572864315,16.582914572864315
002703.SZSE,2025-12-19,—,三接四阴,2025,True,False,5.596801827527109,9.994288977727006,5.596801827527109,5.596801827527109,5.596801827527109,5.996573386636195,5.996573386636195
002708.SZSE,2023-10-16,—,二接三阴,2023,True,False,-9.971509971509962,-9.971509971509962,-9.971509971509962,-9.971509971509962,-9.971509971509962,-16.334283000949657,-16.334283000949657
002708.SZSE,2024-01-12,—,二接三阳,2024,True,False,-3.3816425120772875,-1.449275362318847,-3.3816425120772875,-3.3816425120772875,-1.449275362318847,4.637681159420293,6.2801932367149815
002708.SZSE,2024-01-15,—,三接四阳,2024,False,False,-4.916593503072875,-14.749780509218613,-3.4240561896400346,-12.20368744512731,-14.749780509218613,-4.916593503072875,-11.062335381913957
002712.SZSE,2024-10-31,—,三接四阳,2024,True,False,-9.97109826589595,6.936416184971095,-9.97109826589595,-9.97109826589595,-9.97109826589595,-18.930635838150277,-18.930635838150277
002713.SZSE,2024-10-23,—,二接三阴,2024,False,False,16.389548693586708,-7.600950118764837,0.0,-9.02612826603325,-7.600950118764837,16.389548693586708,14.251781472684065
002713.SZSE,2024-10-28,—,二接三阴,2024,True,False,-3.7328094302553905,1.5717092337917515,-3.7328094302553905,-3.7328094302553905,-3.7328094302553905,-5.500982318271131,-5.500982318271131
002713.SZSE,2024-12-09,—,二接三阴,2024,False,False,-11.976047904191612,-6.437125748502992,-11.976047904191612,-8.233532934131738,-6.437125748502992,-11.976047904191612,-14.221556886227537
002716.SZSE,2026-01-22,—,二接三阴,2026,True,False,9.600000000000009,6.666666666666665,9.600000000000009,9.600000000000009,9.600000000000009,17.599999999999994,20.533333333333314
002718.SZSE,2024-11-28,—,二接三阳,2024,False,False,-25.373134328358216,-19.243070362473357,-25.373134328358216,-17.057569296375274,-19.243070362473357,-25.373134328358216,-25.639658848614076
002718.SZSE,2026-01-05,—,二接三阴,2026,True,False,24.41183910953706,8.702251454591448,9.992410827219821,24.41183910953706,24.41183910953706,30.30609663546673,30.30609663546673
002718.SZSE,2026-01-06,—,三接四阴,2026,True,True,13.109475620975175,10.004599816007364,10.004599816007364,13.109475620975175,13.109475620975175,18.468261269549213,18.468261269549213
002718.SZSE,2026-01-14,—,二接三阳,2026,True,False,-10.00583430571762,-0.8313885647608044,-10.00583430571762,-10.00583430571762,-0.8313885647608044,-19.00525087514586,-19.00525087514586
002721.SZSE,2025-07-07,—,二接三阴,2025,True,False,7.466063348416285,0.9049773755656076,7.466063348416285,7.466063348416285,7.466063348416285,10.859728506787336,10.859728506787336
002721.SZSE,2025-07-08,—,三接四阴,2025,False,False,0.8230452674897082,-4.73251028806585,0.8230452674897082,-2.263374485596714,-4.73251028806585,0.8230452674897082,-7.407407407407418
002721.SZSE,2026-08-07,—,二接三阴,2026,False,False,-14.241486068111453,-9.287925696594424,-14.241486068111453,-4.643962848297212,-9.287925696594424,-14.241486068111453,-5.572755417956666
002724.SZSE,2025-03-18,—,三接四阳,2025,True,False,-0.8163265306122436,-9.387755102040806,-0.8163265306122436,-0.8163265306122436,-9.387755102040806,15.374149659863967,9.115646258503407
002724.SZSE,2026-08-17,—,二接三阳,2026,False,False,-13.27077747989276,-8.445040214477206,-13.27077747989276,-3.753351206434319,-8.445040214477206,-13.27077747989276,-21.983914209115273
002725.SZSE,2023-11-21,—,二接三阴,2023,True,False,-9.954158480681075,-8.316961362148001,-9.954158480681075,-9.954158480681075,-8.316961362148001,-18.925998690242295,-18.925998690242295
002725.SZSE,2024-10-28,—,二接三阳,2024,True,False,14.669421487603307,0.5509641873278293,9.986225895316814,14.669421487603307,14.669421487603307,3.2369146005509775,3.2369146005509775
002725.SZSE,2024-10-29,—,三接四阳,2024,True,False,4.25798371947399,-2.003757044458365,10.018785222291804,4.25798371947399,-2.003757044458365,-6.136505948653726,-6.136505948653726
002725.SZSE,2025-12-11,—,二接三阳,2025,True,False,-10.000000000000009,-1.5094339622641506,-10.000000000000009,-10.000000000000009,-1.5094339622641506,-19.009433962264144,-19.009433962264144
002730.SZSE,2024-12-25,—,三接四阳,2024,True,False,8.93760539629005,-10.033726812816191,10.033726812816202,8.93760539629005,-10.033726812816191,15.177065767284992,15.177065767284992
002730.SZSE,2025-01-06,—,二接三阳,2025,False,False,-22.442244224422446,-25.577557755775583,-22.442244224422446,-17.32673267326733,-25.577557755775583,-22.442244224422446,-14.68646864686468
002730.SZSE,2025-01-21,—,二接三阳,2025,True,False,8.91915641476273,-0.9666080843585334,10.017574692442865,8.91915641476273,-0.9666080843585334,1.2741652021089678,1.2741652021089678
002730.SZSE,2025-01-22,—,三接四阳,2025,True,False,-0.9984025559105381,2.835463258785942,9.984025559105426,-0.9984025559105381,-0.9984025559105381,-7.9472843450479225,-7.9472843450479225
002730.SZSE,2025-05-07,—,二接三阳,2025,True,False,-4.288702928870292,-0.9937238493723966,-4.288702928870292,-4.288702928870292,-0.9937238493723966,-12.238493723849375,-12.238493723849375
002733.SZSE,2025-01-07,—,二接三阳,2025,True,True,8.87353878852284,9.989373007438896,9.989373007438896,8.87353878852284,8.87353878852284,-2.019128586609986,-2.019128586609986
002735.SZSE,2024-03-25,—,二接三阳,2024,True,False,-10.025062656641614,-3.696741854636598,-10.025062656641614,-10.025062656641614,-3.696741854636598,-18.796992481203013,-18.796992481203013
002735.SZSE,2025-05-20,—,二接三阳,2025,True,True,2.6867627785059023,1.3761467889908285,2.6867627785059023,2.6867627785059023,2.6867627785059023,20.052424639580614,12.975098296199207
002735.SZSE,2025-05-21,—,三接四阳,2025,False,False,9.112567004169158,-6.908874329958303,2.6801667659321016,-6.670637284097669,-6.908874329958303,9.112567004169158,12.030970815961872
002741.SZSE,2024-12-04,—,二接三阴,2024,False,False,-11.072056239015826,-11.862917398945527,-11.072056239015826,-13.796133567662572,-11.862917398945527,-11.072056239015826,-2.196836555360282
002741.SZSE,2026-06-17,—,二接三阳,2026,True,True,4.716024340770786,0.8874239350912916,4.716024340770786,4.716024340770786,4.716024340770786,5.3752535496957465,5.3752535496957465
002742.SZSE,2026-08-28,—,三接四阳,2026,True,False,-9.935897435897434,-9.935897435897434,-9.935897435897434,-9.935897435897434,-9.935897435897434,-10.416666666666675,-10.416666666666675
002743.SZSE,2024-10-28,—,二接三阳,2024,True,False,2.2298456260720467,-0.5145797598627877,2.2298456260720467,2.2298456260720467,-0.5145797598627877,7.718696397941693,7.718696397941693
002743.SZSE,2025-06-03,—,二接三阴,2025,False,False,-11.233480176211453,-10.022026431718068,-11.233480176211453,-8.700440528634367,-10.022026431718068,-11.233480176211453,-15.41850220264318
002748.SZSE,2023-12-26,—,三接四阳,2023,True,False,-9.999999999999998,10.000000000000009,-9.999999999999998,-9.999999999999998,-9.999999999999998,-8.028169014084497,-8.028169014084497
002748.SZSE,2025-10-23,—,二接三阳,2025,True,False,10.872675250357645,3.361945636623731,10.014306151645203,10.872675250357645,10.872675250357645,-0.21459227467811592,-0.21459227467811592
002748.SZSE,2025-10-24,—,三接四阳,2025,True,False,0.7802340702210531,4.746423927178145,10.013003901170347,0.7802340702210531,0.7802340702210531,-9.297789336801054,-9.297789336801054
002752.SZSE,2025-12-10,—,三接四阴,2025,False,False,-19.226750261233015,-10.553814002089856,-19.226750261233015,-10.658307210031348,-10.553814002089856,-19.226750261233015,-21.003134796238253
002757.SZSE,2025-01-27,—,二接三阳,2025,False,False,-5.951742627345846,-6.541554959785523,-5.951742627345846,-6.219839142091155,-6.541554959785523,-5.951742627345846,-7.292225201072389
002757.SZSE,2026-01-05,—,二接三阳,2026,True,False,0.8870214752567662,9.990662931839388,9.990662931839388,0.8870214752567662,0.8870214752567662,16.713352007469638,10.97105508870213
002757.SZSE,2026-01-06,—,三接四阳,2026,True,False,-8.276740237690994,-4.286926994906615,-8.276740237690994,-8.276740237690994,-4.286926994906615,6.11205432937183,0.8913412563667178
002760.SZSE,2025-03-10,—,二接三阴,2025,True,False,6.330161357054198,3.434009102192803,10.012412081092247,6.330161357054198,6.330161357054198,-3.6408771203972012,-3.6408771203972012
002760.SZSE,2025-03-11,—,三接四阴,2025,True,False,-3.347122978563377,4.588191049266643,-3.347122978563377,-3.347122978563377,-3.347122978563377,-12.410680707032718,-12.410680707032718
002761.SZSE,2024-11-25,—,三接四阳,2024,False,False,-22.76657060518732,-16.786743515850144,-22.76657060518732,-14.19308357348703,-16.786743515850144,-22.76657060518732,-26.801152737752165
002766.SZSE,2024-12-11,—,二接三阴,2024,False,False,-12.682926829268283,-11.097560975609744,-12.682926829268283,-5.121951219512189,-11.097560975609744,-12.682926829268283,-16.463414634146332
002766.SZSE,2026-01-06,—,二接三阴,2026,True,False,-3.4106412005457054,9.959072305593452,-3.4106412005457054,-3.4106412005457054,-3.4106412005457054,-1.7735334242837686,-1.7735334242837686
002766.SZSE,2026-01-07,—,三接四阴,2026,False,False,-10.66997518610422,-11.414392059553357,-10.66997518610422,-12.158808933002485,-11.414392059553357,-10.66997518610422,-16.377171215880892
002767.SZSE,2023-09-11,—,二接三阳,2023,False,False,-19.600997506234407,-15.211970074812974,-19.600997506234407,-10.773067331670827,-15.211970074812974,-19.600997506234407,-23.09226932668329
002767.SZSE,2023-12-04,—,二接三阴,2023,False,False,-12.866058569371097,-14.30628900624098,-12.866058569371097,-4.944791166586637,-14.30628900624098,-12.866058569371097,-17.42678828612577
002767.SZSE,2025-01-21,—,三接四阴,2025,True,False,-9.979101358411702,-5.433646812957149,-9.979101358411702,-9.979101358411702,-5.433646812957149,-18.965517241379317,-18.965517241379317
002767.SZSE,2025-03-25,—,二接三阳,2025,True,False,-2.587380844303222,-5.991829323649567,-2.587380844303222,-2.587380844303222,-5.991829323649567,-12.346799818429421,-12.346799818429421
002767.SZSE,2025-03-26,B3,三接四阳,2025,False,False,-20.30540652084194,-18.283120099050766,-20.30540652084194,-11.43210895583987,-18.283120099050766,-20.30540652084194,-28.270738753611234
002767.SZSE,2025-10-21,—,二接三阴,2025,True,False,-9.548541749900119,3.515781062724721,-9.548541749900119,-9.548541749900119,-9.548541749900119,-17.818617658809433,-17.818617658809433
002769.SZSE,2024-03-29,—,二接三阳,2024,True,False,8.982035928143706,10.059880239520957,10.059880239520957,8.982035928143706,8.982035928143706,-1.916167664670665,-1.916167664670665
002769.SZSE,2024-04-01,B3,三接四阳,2024,True,False,-0.9793253536452662,7.1817192600653,10.010881392818272,-0.9793253536452662,-0.9793253536452662,-10.881392818280744,-10.881392818280744
002769.SZSE,2026-01-14,—,二接三阴,2026,False,False,-12.095175148711167,-7.468605419695972,-12.095175148711167,-5.882352941176472,-7.468605419695972,-12.095175148711167,-13.549239920687384
002774.SZSE,2024-12-03,—,二接三阴,2024,False,False,-19.50207468879669,-14.9377593360996,-19.50207468879669,-11.307053941908707,-14.9377593360996,-19.50207468879669,-20.331950207468886
002774.SZSE,2026-01-07,—,二接三阴,2026,True,False,14.898785425101213,0.0,10.040485829959511,14.898785425101213,14.898785425101213,3.4008097165991957,3.4008097165991957
002774.SZSE,2026-01-08,—,三接四阴,2026,True,False,4.415011037527594,4.856512141280356,10.007358351729213,4.415011037527594,4.415011037527594,-6.033848417954379,-6.033848417954379
002775.SZSE,2024-03-12,—,二接三阳,2024,False,False,-12.82798833819242,-11.661807580174932,-12.82798833819242,-7.871720116618075,-11.661807580174932,-12.82798833819242,-14.28571428571429
002775.SZSE,2024-12-12,—,二接三阴,2024,False,False,-18.36327345309381,-13.572854291417158,-18.36327345309381,-9.381237524950093,-13.572854291417158,-18.36327345309381,-20.35928143712574
002775.SZSE,2025-08-04,—,二接三阴,2025,True,False,8.270676691729317,-0.375939849624074,9.962406015037573,8.270676691729317,-0.375939849624074,-2.6315789473684292,-2.6315789473684292
002775.SZSE,2025-08-05,—,三接四阴,2025,True,False,-1.538461538461533,1.0256410256410442,-1.538461538461533,-1.538461538461533,-1.538461538461533,-11.452991452991457,-11.452991452991457
002777.SZSE,2023-04-10,—,二接三阳,2023,False,False,-8.080584458711526,-13.637369935798105,-8.080584458711526,-13.659508523356212,-13.637369935798105,-8.080584458711526,-10.360858977197251
002777.SZSE,2024-10-09,—,二接三阳,2024,False,False,-13.522617901828692,1.0587102983637964,-13.522617901828692,-4.186717998075073,-13.522617901828692,-13.522617901828692,-19.58614051973051
002778.SZSE,2024-04-02,—,二接三阳,2024,False,False,-12.966734555329262,-20.570264765784117,-12.966734555329262,-11.74473862864902,-20.570264765784117,-12.966734555329262,-20.23082145281738
002779.SZSE,2024-02-20,B1,二接三阴,2024,True,False,9.992962702322306,8.69106263194932,9.992962702322306,9.992962702322306,9.992962702322306,12.38564391273751,12.38564391273751
002779.SZSE,2024-02-21,—,三接四阴,2024,True,False,0.0,3.454894433781197,0.0,0.0,0.0,2.1753039027511134,2.1753039027511134
002783.SZSE,2024-01-02,—,二接三阴,2024,False,False,-16.94117647058824,-16.07843137254903,-16.94117647058824,-11.372549019607836,-16.07843137254903,-16.94117647058824,-15.607843137254907
002783.SZSE,2025-07-23,—,二接三阴,2025,False,False,-9.203980099502495,-11.27694859038143,-9.203980099502495,-8.54063018242124,-11.27694859038143,-9.203980099502495,-13.847429519071309
002786.SZSE,2023-11-14,—,二接三阴,2023,True,False,44.9950445986125,7.730426164519311,10.009910802775025,44.9950445986125,44.9950445986125,30.52527254707631,30.52527254707631
002786.SZSE,2023-11-15,—,三接四阴,2023,True,True,31.80180180180181,10.000000000000009,10.000000000000009,31.80180180180181,31.80180180180181,18.64864864864866,18.64864864864866
002787.SZSE,2023-08-09,—,二接三阳,2023,False,False,-18.23416506717851,-17.466410748560467,-18.23416506717851,-15.930902111324375,-17.466410748560467,-18.23416506717851,-10.076775431861806
002788.SZSE,2025-12-22,—,三接四阳,2025,True,False,16.825208085612363,1.0701545778834642,9.98810939357908,16.825208085612363,16.825208085612363,19.26278240190249,19.26278240190249
002788.SZSE,2026-01-08,—,二接三阳,2026,True,False,-2.437249909057837,-0.9821753364859909,-2.437249909057837,-2.437249909057837,-0.9821753364859909,-0.763914150600209,-0.763914150600209
002791.SZSE,2024-09-30,—,二接三阴,2024,True,False,6.417284746855856,9.99677523379554,6.417284746855856,6.417284746855856,6.417284746855856,-3.3215091905836824,-3.3215091905836824
002791.SZSE,2024-10-08,—,三接四阴,2024,False,False,-12.107886250366462,-5.599530929346219,-12.107886250366462,-3.254177660510116,-5.599530929346219,-12.107886250366462,-11.609498680738783
002792.SZSE,2026-08-05,—,二接三阳,2026,False,False,7.809042048687953,3.3196332595637035,6.892190957951327,-2.813784381915907,7.809042048687953,7.809042048687953,6.670882073980411
002796.SZSE,2024-04-02,—,二接三阳,2024,True,True,8.867775138558986,9.976247030878849,9.976247030878849,8.867775138558986,8.867775138558986,0.23752969121140222,0.23752969121140222
002797.SZSE,2024-10-08,—,二接三阳,2024,True,False,-9.98719590268885,-2.944942381562099,-9.98719590268885,-9.98719590268885,-2.944942381562099,-14.980793854033292,-14.980793854033292
002797.SZSE,2024-11-01,—,二接三阳,2024,False,False,-9.417989417989403,-8.994708994708988,-9.417989417989403,-9.417989417989403,-8.994708994708988,-9.417989417989403,-0.31746031746030523
002799.SZSE,2025-08-04,—,二接三阳,2025,False,False,-21.914132379248652,-19.320214669051882,-21.914132379248652,-16.815742397137733,-19.320214669051882,-21.914132379248652,-23.703041144901615
002800.SZSE,2025-04-11,A1,三接四阳,2025,False,False,-16.79197994987469,-16.79197994987469,-16.79197994987469,-7.581453634085222,-16.79197994987469,-16.79197994987469,-25.12531328320803
002800.SZSE,2025-08-12,—,二接三阳,2025,False,False,-17.808930425752866,-14.122533748701983,-17.808930425752866,-14.01869158878506,-14.122533748701983,-17.808930425752866,-21.703011422637598
002802.SZSE,2023-08-28,—,二接三阴,2023,False,False,-14.965517241379311,-17.17241379310345,-14.965517241379311,-15.172413793103445,-17.17241379310345,-14.965517241379311,-15.241379310344838
002805.SZSE,2025-11-17,—,二接三阴,2025,True,False,-9.979035639413002,-0.5870020964360623,-9.979035639413002,-9.979035639413002,-0.5870020964360623,-16.142557651991616,-16.142557651991616
002805.SZSE,2026-05-06,—,二接三阳,2026,True,False,-2.4661893396976997,0.03977724741446309,-2.4661893396976997,-2.4661893396976997,-2.4661893396976997,-1.9490851233094797,-1.9490851233094797
002806.SZSE,2026-06-01,—,二接三阴,2026,False,False,-7.571288102261553,-13.077679449360868,-0.0491642084562538,-9.144542772861353,-13.077679449360868,-7.571288102261553,1.6715830875122961
002809.SZSE,2025-04-21,—,二接三阴,2025,True,False,2.6565464895635715,-9.582542694497153,9.962049335863377,2.6565464895635715,-9.582542694497153,15.84440227703987,12.903225806451623
002809.SZSE,2025-04-22,—,三接四阴,2025,True,False,-6.64365832614322,-5.522001725625547,-6.64365832614322,-6.64365832614322,-5.522001725625547,5.349439171699744,2.674719585849883
002809.SZSE,2025-05-13,—,二接三阳,2025,True,False,3.839232153569272,4.979004199160153,3.839232153569272,3.839232153569272,3.839232153569272,0.29994001199757925,0.29994001199757925
002809.SZSE,2025-05-14,—,三接四阳,2025,False,False,-8.833151581243193,-5.670665212649939,-8.833151581243193,-5.616139585605239,-5.670665212649939,-8.833151581243193,0.27262813522355156
002811.SZSE,2025-05-19,—,二接三阴,2025,True,False,14.886731391585762,-2.4271844660194053,10.032362459546928,14.886731391585762,-2.4271844660194053,11.65048543689322,11.65048543689322
002811.SZSE,2025-05-20,—,三接四阴,2025,True,False,4.4117647058823595,10.000000000000009,10.000000000000009,4.4117647058823595,4.4117647058823595,1.4705882352941346,1.4705882352941346
002813.SZSE,2024-05-06,—,二接三阳,2024,False,False,-13.25936199722607,-11.23439667128987,-13.25936199722607,-4.521497919556161,-11.23439667128987,-13.25936199722607,-11.84466019417475
002813.SZSE,2025-05-21,—,三接四阴,2025,False,False,-22.577639751552802,-21.708074534161494,-22.577639751552802,-13.975155279503115,-21.708074534161494,-22.577639751552802,-27.36024844720497
002819.SZSE,2024-01-05,—,二接三阴,2024,True,False,-1.0146225007460319,7.460459564309163,9.99701581617427,-1.0146225007460319,-1.0146225007460319,-10.086541330945986,-10.086541330945986
002819.SZSE,2024-01-08,—,三接四阴,2024,True,False,-10.010851871947901,-2.577319587628879,-10.010851871947901,-10.010851871947901,-2.577319587628879,-18.258274552360287,-18.258274552360287
002819.SZSE,2025-05-20,—,二接三阴,2025,False,False,-18.989205103042185,-14.106967615309129,-18.989205103042185,-13.88616290480863,-14.106967615309129,-18.989205103042185,-22.522080471050053
002820.SZSE,2024-11-26,B2,二接三阳,2024,True,True,59.380234505862674,9.96649916247907,9.96649916247907,59.380234505862674,59.380234505862674,43.46733668341709,43.46733668341709
002820.SZSE,2025-08-13,—,二接三阳,2025,True,False,2.3255813953488413,-5.581395348837203,2.3255813953488413,2.3255813953488413,-5.581395348837203,-3.2558139534883734,-3.2558139534883734
002823.SZSE,2024-06-27,—,二接三阴,2024,True,False,-7.505686125852917,-2.1228203184230465,-7.505686125852917,-7.505686125852917,-2.1228203184230465,0.7581501137225111,1.743745261561802
002823.SZSE,2024-07-10,—,二接三阴,2024,True,False,-3.5327635327635387,2.7350427350427475,-3.5327635327635387,-3.5327635327635387,-3.5327635327635387,-10.883190883190885,-10.883190883190885
002824.SZSE,2026-04-13,—,二接三阳,2026,False,False,-3.129496402877696,-0.575539568345329,-3.129496402877696,-2.517985611510787,-0.575539568345329,-3.129496402877696,6.546762589928057
002827.SZSE,2024-05-07,—,二接三阳,2024,True,False,2.945736434108537,3.3591731266149782,2.945736434108537,2.945736434108537,2.945736434108537,1.8087855297157507,1.8087855297157507
002827.SZSE,2024-08-15,—,二接三阴,2024,False,False,-12.916523531432489,-10.683613878392306,-12.916523531432489,-5.702507729302642,-10.683613878392306,-12.916523531432489,-9.30951563036757
002827.SZSE,2025-07-24,—,三接四阴,2025,True,False,-4.512475668023352,-0.9024951336046638,-4.512475668023352,-4.512475668023352,-0.9024951336046638,-12.74110776853653,-12.74110776853653
002827.SZSE,2026-07-31,—,二接三阳,2026,True,False,29.364161849710978,10.000000000000009,10.000000000000009,29.364161849710978,29.364161849710978,69.39306358381504,42.31213872832369
002827.SZSE,2026-08-03,—,三接四阳,2026,True,False,17.603783499737236,10.010509721492378,10.010509721492378,17.603783499737236,17.603783499737236,53.99369416710456,29.374671571203372
002827.SZSE,2026-08-10,—,二接三阳,2026,True,True,-1.628063108425648,0.0,-1.628063108425648,-1.628063108425648,-1.628063108425648,2.7526015441423413,2.7526015441423413
002828.SZSE,2023-09-28,—,二接三阳,2023,True,False,8.903020667726548,-2.1462639109697923,10.015898251192358,8.903020667726548,-2.1462639109697923,-0.6359300476947549,-0.6359300476947549
002828.SZSE,2023-10-09,—,三接四阳,2023,True,False,-1.0115606936416222,1.3005780346820872,9.97109826589595,-1.0115606936416222,-1.0115606936416222,-9.682080924855486,-9.682080924855486
002828.SZSE,2025-06-17,—,二接三阴,2025,True,False,10.401310401310404,3.0303030303030276,9.991809991809975,10.401310401310404,10.401310401310404,-0.6552006552006606,-0.6552006552006606
002828.SZSE,2025-06-18,—,三接四阴,2025,True,False,0.37230081906181045,-3.201787043931492,0.37230081906181045,0.37230081906181045,-3.201787043931492,-9.679821295606839,-9.679821295606839
002829.SZSE,2024-08-05,—,二接三阴,2024,False,False,-19.336384439359268,-19.336384439359268,-19.336384439359268,-10.373760488176965,-19.336384439359268,-19.336384439359268,-15.56064073226544
002830.SZSE,2026-02-03,—,二接三阳,2026,True,False,-0.9950248756218971,0.17768301350391535,9.985785358919674,-0.9950248756218971,-0.9950248756218971,9.45273631840795,8.919687277896227
002830.SZSE,2026-02-04,—,三接四阳,2026,True,False,-9.98384491114701,0.19386106623586752,-9.98384491114701,-9.98384491114701,-9.98384491114701,-0.4846526655896577,-0.9693053311793265
002832.SZSE,2024-10-08,—,二接三阳,2024,False,False,-17.97752808988764,-10.861423220973776,-17.97752808988764,-9.026217228464418,-10.861423220973776,-17.97752808988764,-18.68913857677902
002836.SZSE,2025-04-21,—,二接三阴,2025,False,False,-20.54409005628517,-17.448405253283294,-20.54409005628517,-11.819887429643527,-17.448405253283294,-20.54409005628517,-22.138836772983105
002838.SZSE,2024-11-13,—,二接三阳,2024,False,False,-17.40211311373524,-8.638906152890002,-17.40211311373524,-9.136109384711,-8.638906152890002,-17.40211311373524,-19.950279676817896
002841.SZSE,2026-07-09,—,二接三阳,2026,True,False,0.6138499904085881,3.33780932284673,0.6138499904085881,0.6138499904085881,0.6138499904085881,-2.3211202762325023,-2.3211202762325023
002843.SZSE,2023-06-05,—,二接三阴,2023,False,False,-14.178168130489333,-7.988289418653283,-14.178168130489333,-4.642409033877037,-7.988289418653283,-14.178168130489333,-14.763697197825188
002843.SZSE,2026-03-02,—,二接三阴,2026,True,False,4.280575539568332,4.316546762589923,4.280575539568332,4.280575539568332,4.280575539568332,1.4748201438848918,1.4748201438848918
002843.SZSE,2026-03-03,—,三接四阴,2026,False,False,-7.750163505559183,-5.5918901242642205,-7.750163505559183,-5.199476782210599,-5.5918901242642205,-7.750163505559183,-16.971877043819482
002846.SZSE,2023-06-28,—,二接三阳,2023,False,False,-15.762834417932027,-13.376717281272587,-15.762834417932027,-10.556760665220544,-13.376717281272587,-15.762834417932027,-7.302964569775849
002846.SZSE,2023-07-04,—,二接三阴,2023,False,False,-9.864603481624757,-8.252740167633776,-9.864603481624757,-5.222437137330759,-8.252740167633776,-9.864603481624757,-6.898774983881372
002846.SZSE,2025-06-24,—,二接三阴,2025,True,False,14.81707317073171,4.329268292682942,10.000000000000009,14.81707317073171,14.81707317073171,20.12195121951219,20.12195121951219
002846.SZSE,2025-06-25,—,三接四阴,2025,True,False,4.3791574279379075,-2.9933481152993324,4.3791574279379075,4.3791574279379075,-2.9933481152993324,9.201773835920179,9.201773835920179
002848.SZSE,2024-03-05,—,三接四阴,2024,False,False,-22.23190932868353,-21.011333914559714,-22.23190932868353,-17.43679163034002,-21.011333914559714,-22.23190932868353,-27.46294681778553
002849.SZSE,2024-11-12,—,二接三阳,2024,False,False,-10.71428571428571,-6.7717996289424764,-10.71428571428571,-0.78849721706864,-6.7717996289424764,-10.71428571428571,-9.601113172541742
002850.SZSE,2024-10-08,—,二接三阳,2024,False,False,-6.409656592121271,-4.734724431552351,-6.409656592121271,-2.3767193786843888,-4.734724431552351,-6.409656592121271,-7.083372321512127
002851.SZSE,2024-10-23,—,三接四阳,2024,True,False,3.9263531499556414,-0.6211180124223614,3.9263531499556414,3.9263531499556414,-0.6211180124223614,0.8651286601597086,0.8651286601597086
002851.SZSE,2024-12-23,—,二接三阳,2024,False,False,-5.810001618384842,-3.7061013108917296,-5.810001618384842,-3.544262825699951,-3.7061013108917296,-5.810001618384842,-7.4283864703026286
002852.SZSE,2023-04-19,—,二接三阴,2023,False,False,-4.5398009950248674,-3.5447761194029814,-4.5398009950248674,-3.5447761194029814,-3.5447761194029814,-4.5398009950248674,-6.840796019900486
002853.SZSE,2025-12-17,—,二接三阴,2025,True,False,14.503816793893144,8.3969465648855,10.025445292620883,14.503816793893144,14.503816793893144,23.71501272264631,23.71501272264631
002853.SZSE,2025-12-18,—,三接四阴,2025,True,True,4.070305272895469,1.4338575393154418,4.070305272895469,4.070305272895469,4.070305272895469,12.442183163737264,12.442183163737264
002855.SZSE,2023-09-01,—,二接三阳,2023,True,False,43.50112697220136,9.99248685199099,9.99248685199099,43.50112697220136,43.50112697220136,65.74004507888804,57.851239669421496
002855.SZSE,2023-09-04,A1,三接四阳,2023,True,False,30.464480874316948,9.97267759562841,9.97267759562841,30.464480874316948,30.464480874316948,50.6830601092896,43.51092896174864
002855.SZSE,2023-09-22,—,二接三阳,2023,True,False,34.19588202559822,5.564830272676691,9.988870339454659,34.19588202559822,34.19588202559822,34.72454090150252,34.72454090150252
002855.SZSE,2023-09-25,—,三接四阳,2023,True,True,22.008601062484168,4.98355679230964,9.992410827219821,22.008601062484168,22.008601062484168,22.489248671894767,22.489248671894767
002855.SZSE,2023-10-26,—,二接三阴,2023,False,False,-26.207848550581737,-26.207848550581737,-26.207848550581737,-18.00433839479393,-26.207848550581737,-26.207848550581737,-28.909485308617633
002855.SZSE,2023-12-25,—,二接三阳,2023,True,False,-1.0044382153702403,2.0789535155337546,9.997664097173553,-1.0044382153702403,-1.0044382153702403,-8.759635599159077,-8.759635599159077
002855.SZSE,2023-12-26,—,三接四阳,2023,True,False,-10.00212359311956,-4.438309619876835,-10.00212359311956,-10.00212359311956,-4.438309619876835,-17.052452750053092,-17.052452750053092
002857.SZSE,2024-03-11,—,二接三阳,2024,True,False,-4.774362328319159,4.643557880967952,-4.774362328319159,-4.774362328319159,-4.774362328319159,-12.42642249836493,-12.42642249836493
002857.SZSE,2024-03-12,—,三接四阳,2024,False,False,-20.392390011890605,-16.944114149821644,-20.392390011890605,-13.43638525564803,-16.944114149821644,-20.392390011890605,-24.673008323424494
002861.SZSE,2023-09-06,—,二接三阳,2023,False,False,-17.38853503184713,-16.4968152866242,-17.38853503184713,-8.216560509554139,-16.4968152866242,-17.38853503184713,-25.414012738853497
002861.SZSE,2024-06-28,—,二接三阳,2024,True,False,-1.0289990645462987,10.009354536950422,10.009354536950422,-1.0289990645462987,-1.0289990645462987,-10.94480823199252,-10.94480823199252
002861.SZSE,2024-07-01,B3,三接四阳,2024,True,False,-10.034013605442171,5.35714285714286,-10.034013605442171,-10.034013605442171,-10.034013605442171,-19.047619047619047,-19.047619047619047
002861.SZSE,2025-01-21,—,三接四阴,2025,True,False,-0.9646302250803873,10.032154340835998,10.032154340835998,-0.9646302250803873,-0.9646302250803873,6.816720257234721,8.93890675241158
002862.SZSE,2023-12-18,—,二接三阴,2023,True,False,4.693611473272474,6.9969578444154745,9.995654063450665,4.693611473272474,4.693611473272474,-5.780095610604096,-5.780095610604096
002862.SZSE,2023-12-19,—,三接四阴,2023,True,False,-4.820229158435396,6.677202686685102,-4.820229158435396,-4.820229158435396,-4.820229158435396,-14.342157250098776,-14.342157250098776
002862.SZSE,2024-03-22,—,二接三阳,2024,False,False,-18.774157923798995,-18.774157923798995,-18.774157923798995,-9.7736057426836,-18.774157923798995,-18.774157923798995,-23.24682495858641
002865.SZSE,2024-10-29,—,二接三阳,2024,False,False,0.6930967563071766,-9.952869420571119,0.6930967563071766,-6.501247574161351,-9.952869420571119,0.6930967563071766,10.756861657887452
002865.SZSE,2026-01-26,—,二接三阴,2026,False,False,-4.808923020661904,-3.5655512890839236,-4.808923020661904,-1.810202962150298,-3.5655512890839236,-4.808923020661904,-9.764125068568285
002868.SZSE,2024-01-16,—,三接四阳,2024,True,False,-5.420685068174258,4.456268706351851,-5.420685068174258,-5.420685068174258,-5.420685068174258,-14.865314266711005,-14.865314266711005
002868.SZSE,2024-12-31,—,二接三阳,2024,True,False,-9.564346519779676,6.259389083625444,-9.564346519779676,-9.564346519779676,-9.564346519779676,-18.627941912869296,-18.627941912869296
002868.SZSE,2025-01-02,—,三接四阳,2025,False,False,-26.035502958579883,-21.43832498862084,-26.035502958579883,-17.796995903504776,-21.43832498862084,-26.035502958579883,-30.13199817933545
002869.SZSE,2024-06-19,B2,二接三阳,2024,True,False,6.693949137679045,1.753873136509787,6.693949137679045,6.693949137679045,6.693949137679045,10.31862028646595,10.31862028646595
002873.SZSE,2024-03-12,—,二接三阳,2024,True,False,0.9397024275646038,-1.3312451057165275,0.9397024275646038,0.9397024275646038,-1.3312451057165275,-3.132341425215346,-3.132341425215346
002873.SZSE,2025-08-19,—,二接三阳,2025,True,False,-10.00658327847268,-1.2508229098090795,-10.00658327847268,-10.00658327847268,-1.2508229098090795,-15.536537195523369,-15.536537195523369
002877.SZSE,2023-07-14,—,二接三阴,2023,False,False,-12.480127186009538,-12.400635930047699,-12.480127186009538,-2.782193958664547,-12.400635930047699,-12.480127186009538,-3.7360890302066796
002877.SZSE,2025-11-20,—,二接三阳,2025,True,False,-9.999999999999998,-9.999999999999998,-9.999999999999998,-9.999999999999998,-9.999999999999998,-13.416666666666666,-13.416666666666666
002878.SZSE,2024-12-03,—,二接三阴,2024,False,False,-22.512820512820518,-14.358974358974363,-22.512820512820518,-13.897435897435905,-14.358974358974363,-22.512820512820518,-20.153846153846157
002878.SZSE,2025-06-03,—,二接三阳,2025,False,False,-19.933554817275745,-19.696250593260554,-19.933554817275745,-13.24157570004746,-19.696250593260554,-19.933554817275745,-11.912672045562422
002878.SZSE,2025-06-13,—,二接三阴,2025,True,False,0.8423586040914532,0.28078620136382515,9.987966305655839,0.8423586040914532,0.8423586040914532,-7.661452065784191,-7.661452065784191
002878.SZSE,2025-06-16,—,三接四阴,2025,True,False,-8.315098468271342,-0.9846827133479286,-8.315098468271342,-8.315098468271342,-0.9846827133479286,-16.046681254558727,-16.046681254558727
002879.SZSE,2026-07-23,—,二接三阴,2026,True,False,15.173674588665431,9.993906154783684,9.993906154783684,15.173674588665431,15.173674588665431,9.262644728823876,9.262644728823876
002879.SZSE,2026-07-24,—,三接四阴,2026,True,False,4.709141274238204,-1.7728531855955687,10.027700831024934,4.709141274238204,-1.7728531855955687,-0.6648199445983383,-0.6648199445983383
002882.SZSE,2024-01-12,—,二接三阴,2024,False,False,0.3109729009328932,-5.2865393158596286,3.465126610395375,-5.952909817858732,-5.2865393158596286,0.3109729009328932,-9.729009329187033
002882.SZSE,2025-05-22,—,二接三阴,2025,False,False,3.302911777488049,-9.474141677531522,1.4341590612777066,-7.779226423294228,-9.474141677531522,3.302911777488049,13.646240764884809
002882.SZSE,2025-06-25,—,二接三阳,2025,False,False,-8.35579514824798,-9.865229110512141,-8.35579514824798,-5.795148247978432,-9.865229110512141,-8.35579514824798,0.8086253369272267
002885.SZSE,2025-11-05,—,二接三阴,2025,True,False,5.302325581395362,2.3875968992248087,5.302325581395362,5.302325581395362,5.302325581395362,11.50387596899225,11.50387596899225
002885.SZSE,2025-11-06,—,三接四阴,2025,False,False,1.3528748590755368,-3.8049605411499265,1.3528748590755368,-4.284103720405852,-3.8049605411499265,1.3528748590755368,-5.1578354002254745
002886.SZSE,2026-08-31,—,二接三阳,2026,True,False,-3.443526170798894,-0.723140495867769,-3.443526170798894,-3.443526170798894,-0.723140495867769,-4.407713498622579,6.198347107438029
002888.SZSE,2023-11-24,—,二接三阴,2023,True,False,-0.9786476868327343,-7.161921708185048,10.008896797153021,-0.9786476868327343,-7.161921708185048,-10.898576512455517,-10.898576512455517
002888.SZSE,2023-11-27,—,三接四阴,2023,True,False,-9.987868985038407,0.0,-9.987868985038407,-9.987868985038407,-9.987868985038407,-19.005256773150016,-19.005256773150016
002888.SZSE,2023-12-20,—,二接三阴,2023,True,False,-0.9799744354495155,-4.814657008947587,10.012782275245002,-0.9799744354495155,-4.814657008947587,4.899872177247566,4.899872177247566
002888.SZSE,2023-12-21,—,三接四阴,2023,True,False,-9.992254066615036,-3.1758326878388865,-9.992254066615036,-9.992254066615036,-3.1758326878388865,-4.647560030983733,-4.647560030983733
002888.SZSE,2024-01-05,—,二接三阴,2024,False,False,-19.289176090468494,-19.289176090468494,-19.289176090468494,-10.33925686591276,-19.289176090468494,-19.289176090468494,-23.10177705977382
002889.SZSE,2023-09-18,—,二接三阳,2023,True,False,-9.98929718159115,-3.6746343203710397,-9.98929718159115,-9.98929718159115,-3.6746343203710397,-16.518016410988235,-16.518016410988235
002889.SZSE,2023-10-31,—,二接三阴,2023,True,False,8.916083916083917,8.356643356643346,9.999999999999986,8.916083916083917,8.916083916083917,18.63636363636363,19.82517482517483
002889.SZSE,2023-11-01,—,三接四阴,2023,True,False,-0.9853782581055404,-2.002542911633831,10.012714558169101,-0.9853782581055404,-2.002542911633831,7.851239669421495,8.931977113795298
002889.SZSE,2024-02-28,—,二接三阳,2024,False,False,-13.887814313346226,-24.255319148936184,-13.887814313346226,-18.181818181818187,-24.255319148936184,-13.887814313346226,-16.286266924564796
002892.SZSE,2023-09-26,—,二接三阳,2023,False,False,-18.310657596371883,-18.310657596371883,-18.310657596371883,-9.24036281179138,-18.310657596371883,-18.310657596371883,-17.40362811791384
002892.SZSE,2023-11-21,—,二接三阴,2023,True,False,-3.9559339008512717,1.2018027040560986,-3.9559339008512717,-3.9559339008512717,-3.9559339008512717,-2.6539809714571705,-2.6539809714571705
002893.SZSE,2023-07-11,—,二接三阳,2023,True,False,16.23419827012642,-3.925482368596145,9.980039920159701,16.23419827012642,-3.925482368596145,4.590818363273463,4.590818363273463
002893.SZSE,2023-07-12,—,三接四阳,2023,True,False,5.686630369025991,1.1494252873563093,5.686630369025991,5.686630369025991,5.686630369025991,-4.90018148820327,-4.90018148820327
002893.SZSE,2023-12-15,—,二接三阳,2023,True,False,-10.00662690523525,-0.9277667329357198,-10.00662690523525,-10.00662690523525,-0.9277667329357198,-19.019218025182237,-19.019218025182237
002896.SZSE,2023-06-19,A1,三接四阳,2023,True,False,7.358538442019813,0.9134737376300661,7.358538442019813,7.358538442019813,7.358538442019813,3.400152245622956,3.400152245622956
002896.SZSE,2025-02-21,—,二接三阳,2025,True,False,-9.921082299887251,-5.093778825458639,-9.921082299887251,-9.921082299887251,-5.093778825458639,-1.5168596904786225,-1.5168596904786225
002897.SZSE,2026-05-26,—,二接三阴,2026,False,False,-8.331423332569344,-6.509282603713052,-8.331423332569344,-6.830162732065103,-6.509282603713052,-8.331423332569344,-7.689663075865239
002899.SZSE,2024-12-13,—,二接三阴,2024,False,False,-11.764705882352944,-5.01508295625942,-11.764705882352944,-8.52187028657616,-5.01508295625942,-11.764705882352944,-20.588235294117652
002900.SZSE,2024-04-17,—,二接三阴,2024,True,False,-6.111535523300238,10.007639419404125,-6.111535523300238,-6.111535523300238,-6.111535523300238,-15.508021390374328,-15.508021390374328
002900.SZSE,2024-04-18,—,三接四阴,2024,False,False,-23.19444444444444,-23.19444444444444,-23.19444444444444,-14.652777777777782,-23.19444444444444,-23.19444444444444,-30.833333333333325
002900.SZSE,2025-04-07,—,三接四阴,2025,False,False,7.807196198234889,-16.29327902240326,2.308214528173802,-6.9925322471147355,-16.29327902240326,7.807196198234889,-2.9871011541072745
002900.SZSE,2025-05-19,—,二接三阳,2025,False,False,-9.666884389288043,-6.531678641410843,-9.666884389288043,-6.401045068582634,-6.531678641410843,-9.666884389288043,-0.6531678641410799
002902.SZSE,2023-06-05,—,二接三阳,2023,True,False,27.001244296972217,7.839070924927416,9.99585234342597,27.001244296972217,27.001244296972217,27.95520530900042,27.95520530900042
002902.SZSE,2023-06-06,A1,三接四阳,2023,True,False,15.460030165912531,4.864253393665163,9.992458521870295,15.460030165912531,15.460030165912531,16.327300150829572,16.327300150829572
002902.SZSE,2024-03-13,—,三接四阴,2024,True,False,-4.589021202439724,-1.8878884693581122,-4.589021202439724,-4.589021202439724,-1.8878884693581122,1.7136218414173676,1.7136218414173676
002903.SZSE,2025-03-21,—,三接四阳,2025,False,False,-17.976278724981476,-17.976278724981476,-17.976278724981476,-8.858413639733143,-17.976278724981476,-17.976278724981476,-26.167531504818374
002903.SZSE,2026-03-11,—,二接三阴,2026,False,False,-15.56420233463034,-12.780604609398372,-15.56420233463034,-12.750673451062555,-12.780604609398372,-15.56420233463034,-7.123615683926953
002905.SZSE,2023-08-09,—,二接三阴,2023,False,False,-4.9311094996374205,-7.904278462654101,-4.9311094996374205,-6.091370558375631,-7.904278462654101,-4.9311094996374205,-7.324147933284985
002905.SZSE,2025-03-17,—,三接四阳,2025,True,False,-9.963099630996307,-7.564575645756455,-9.963099630996307,-9.963099630996307,-7.564575645756455,-19.003690036900377,-19.003690036900377
002905.SZSE,2025-09-12,—,二接三阳,2025,True,False,-3.1341107871720175,0.4373177842565523,-3.1341107871720175,-3.1341107871720175,-3.1341107871720175,-1.6034985422740622,-1.6034985422740622
002907.SZSE,2025-05-29,—,二接三阴,2025,True,False,9.734042553191479,2.127659574468077,9.734042553191479,9.734042553191479,9.734042553191479,16.32978723404255,16.32978723404255
002907.SZSE,2026-08-18,—,二接三阳,2026,False,False,-12.56090958310775,-16.72983216025987,-12.56090958310775,-14.347590687601508,-16.72983216025987,-12.56090958310775,-17.975094748240384
002909.SZSE,2025-05-16,—,三接四阴,2025,True,False,-10.035842293906793,-1.9115890083631792,-10.035842293906793,-10.035842293906793,-1.9115890083631792,-18.040621266427703,-18.040621266427703
002909.SZSE,2025-12-25,—,二接三阴,2025,False,False,-19.620958751393538,-19.17502787068005,-19.620958751393538,-13.154960981047948,-19.17502787068005,-19.620958751393538,-22.185061315496103
002909.SZSE,2026-09-03,—,三接四阳,2026,True,False,-9.987515605493137,6.866416978776546,-9.987515605493137,-9.987515605493137,-9.987515605493137,,
002910.SZSE,2025-02-26,—,三接四阳,2025,True,False,-0.7531380753138084,10.041841004184104,10.041841004184104,-0.7531380753138084,-0.7531380753138084,-10.7112970711297,-10.7112970711297
002910.SZSE,2025-10-13,—,二接三阳,2025,False,False,-17.946768060836515,-22.20532319391635,-17.946768060836515,-16.273764258555133,-22.20532319391635,-17.946768060836515,-19.31558935361217
002910.SZSE,2025-12-19,—,二接三阴,2025,True,False,-0.73260073260073,0.293040293040292,10.036630036630022,-0.73260073260073,-0.73260073260073,-10.62271062271063,-10.62271062271063
002910.SZSE,2025-12-22,—,三接四阴,2025,True,False,-9.786950732356846,6.391478029294273,-9.786950732356846,-9.786950732356846,-9.786950732356846,-18.77496671105193,-18.77496671105193
002912.SZSE,2024-10-29,—,二接三阴,2024,True,False,18.9388356669123,0.7000736919675621,9.985261606484897,18.9388356669123,18.9388356669123,15.88061901252762,15.88061901252762
002912.SZSE,2024-10-30,—,三接四阴,2024,True,False,8.140703517587934,7.169179229480727,10.016750418760466,8.140703517587934,8.140703517587934,5.36013400335007,5.36013400335007
002915.SZSE,2023-12-20,—,二接三阴,2023,True,False,-3.131115459882583,-0.1956947162426559,-3.131115459882583,-3.131115459882583,-0.1956947162426559,0.0652315720808927,6.588388780169607
002915.SZSE,2024-12-11,—,二接三阴,2024,True,False,-7.097149505526468,-5.642815590459582,-7.097149505526468,-7.097149505526468,-5.642815590459582,-3.0831878999418305,-3.0831878999418305
002915.SZSE,2025-04-24,—,二接三阳,2025,True,False,2.4420024420024555,4.395604395604402,2.4420024420024555,2.4420024420024555,2.4420024420024555,7.814407814407831,7.814407814407831
002915.SZSE,2025-04-25,—,三接四阳,2025,False,False,-1.9977802441731418,-6.770255271920078,-1.9977802441731418,-6.881243063263032,-6.770255271920078,-1.9977802441731418,7.824639289678137
002915.SZSE,2025-08-07,—,二接三阳,2025,True,False,-2.4562709341272804,0.03721622627463894,-2.4562709341272804,-2.4562709341272804,-2.4562709341272804,5.545217714923711,7.294380349832519
002917.SZSE,2025-01-13,—,二接三阴,2025,True,False,39.00383141762451,10.038314176245212,10.038314176245212,39.00383141762451,39.00383141762451,48.88888888888887,48.88888888888887
002917.SZSE,2025-07-23,—,二接三阴,2025,False,False,-16.204690831556512,-15.565031982942434,-16.204690831556512,-14.60554371002133,-15.565031982942434,-16.204690831556512,-19.18976545842218
002918.SZSE,2024-12-19,—,二接三阴,2024,False,False,-17.31707317073171,-13.57723577235772,-17.31707317073171,-10.97560975609757,-13.57723577235772,-17.31707317073171,-9.024390243902447
002918.SZSE,2026-05-13,—,三接四阴,2026,True,False,8.896103896103892,5.1948051948051965,10.000000000000009,8.896103896103892,8.896103896103892,8.896103896103892,8.896103896103892
002921.SZSE,2025-03-12,—,二接三阳,2025,True,False,-9.989082969432328,-3.493449781659397,-9.989082969432328,-9.989082969432328,-3.493449781659397,-16.648471615720528,-16.648471615720528
002923.SZSE,2024-03-07,—,三接四阳,2024,False,False,-12.582297000731534,-17.62984637893197,-12.582297000731534,-14.9231894659839,-17.62984637893197,-12.582297000731534,-16.971470373079732
002923.SZSE,2025-01-21,—,二接三阴,2025,False,False,-12.706270627062699,-16.171617161716167,-12.706270627062699,-11.303630363036298,-16.171617161716167,-12.706270627062699,-9.24092409240923
002923.SZSE,2025-04-03,—,二接三阴,2025,False,False,-10.633946830265838,-10.633946830265838,-10.633946830265838,-0.7157464212678821,-10.633946830265838,-10.633946830265838,-19.22290388548057
002925.SZSE,2025-09-24,—,二接三阳,2025,False,False,-15.842839036755386,-14.659907055344323,-15.842839036755386,-10.223912125052815,-14.659907055344323,-15.842839036755386,-20.363329108576256
002927.SZSE,2023-12-01,—,二接三阳,2023,False,False,-18.060735215769842,-20.24507192328183,-18.060735215769842,-11.827384123601481,-20.24507192328183,-18.060735215769842,-16.675546084176872
002927.SZSE,2025-03-20,—,二接三阳,2025,False,False,-19.44971537001897,-16.176470588235283,-19.44971537001897,-10.483870967741925,-16.176470588235283,-19.44971537001897,-27.514231499051235
002929.SZSE,2025-02-13,—,三接四阳,2025,False,False,-0.5391873676102499,-6.7783554785287965,6.3354515694203695,-3.3314076641632884,-6.7783554785287965,-0.5391873676102499,-0.9435778933179373
002929.SZSE,2025-02-24,—,三接四阳,2025,False,False,-13.703359447616526,-14.871862966405525,-13.703359447616526,-5.789403797636439,-14.871862966405525,-13.703359447616526,-15.708405258265845
002931.SZSE,2023-11-07,—,二接三阳,2023,True,False,-1.0144153764015007,0.3737319807795014,9.983982915109447,-1.0144153764015007,-1.0144153764015007,-10.891617725573944,-10.891617725573944
002931.SZSE,2023-11-08,—,三接四阳,2023,True,False,-10.000000000000009,3.5436893203883324,-10.000000000000009,-10.000000000000009,-10.000000000000009,-18.98058252427185,-18.98058252427185
002939.SZSE,2025-08-15,—,二接三阳,2025,True,False,14.262023217247076,8.126036484245436,10.033167495854055,14.262023217247076,14.262023217247076,6.135986733001664,6.135986733001664
002939.SZSE,2025-08-18,—,三接四阳,2025,True,False,3.8432554634513894,3.3911077618688834,3.8432554634513894,3.8432554634513894,3.8432554634513894,-3.5418236623963706,-3.5418236623963706
002940.SZSE,2025-06-10,—,二接三阳,2025,True,True,14.15332771693345,8.593091828138167,9.983150800336983,14.15332771693345,14.15332771693345,10.994102780117965,10.994102780117965
002940.SZSE,2025-06-11,—,三接四阳,2025,True,False,3.7916507085407947,6.396016851780928,3.7916507085407947,3.7916507085407947,3.7916507085407947,0.9191880505553529,0.9191880505553529
002940.SZSE,2026-04-20,—,二接三阳,2026,False,False,-9.19220055710307,-8.79758588672237,-9.19220055710307,-7.613741875580315,-8.79758588672237,-9.19220055710307,-7.660167130919215
002941.SZSE,2025-08-13,—,三接四阴,2025,True,False,-10.010881392818282,-2.176278563656142,-10.010881392818282,-10.010881392818282,-2.176278563656142,-11.316648531011964,-11.316648531011964
002942.SZSE,2025-10-16,—,二接三阳,2025,True,False,-10.015117157974307,2.0408163265306145,-10.015117157974307,-10.015117157974307,-10.015117157974307,-18.82086167800454,-18.82086167800454
002942.SZSE,2026-08-28,—,二接三阳,2026,True,False,5.212816834050682,-4.3998087039693985,5.212816834050682,5.212816834050682,-4.3998087039693985,5.643232902917261,5.643232902917261
002942.SZSE,2026-08-31,—,三接四阳,2026,False,False,-3.9565217391304364,-13.913043478260867,-3.9565217391304364,-4.347826086956519,-13.913043478260867,-3.9565217391304364,-13.565217391304351
002943.SZSE,2026-01-26,—,二接三阴,2026,False,False,6.046065259117084,-6.34768302714559,5.566218809980805,-4.0307101727447225,-6.34768302714559,6.046065259117084,4.661365505895265
002945.SZSE,2024-10-08,—,二接三阳,2024,True,False,-10.013531799729359,-1.0148849797022907,-10.013531799729359,-10.013531799729359,-1.0148849797022907,-14.546684709066293,-14.546684709066293
002945.SZSE,2024-11-07,—,二接三阳,2024,True,False,5.1312649164677815,10.023866348448696,5.1312649164677815,5.1312649164677815,5.1312649164677815,-3.758949880668272,-3.758949880668272
002945.SZSE,2024-11-08,B3,三接四阳,2024,False,False,-12.52711496746205,-9.815618221258148,-12.52711496746205,-4.446854663774403,-9.815618221258148,-12.52711496746205,-15.455531453362259
002947.SZSE,2023-10-12,—,二接三阴,2023,True,False,6.365740740740744,3.5108024691357986,6.365740740740744,6.365740740740744,6.365740740740744,0.4629629629629539,0.4629629629629539
002947.SZSE,2023-10-13,—,三接四阴,2023,False,False,-8.663626797614876,-7.751666082076469,-8.663626797614876,-3.2970887407927085,-7.751666082076469,-8.663626797614876,-14.030164854437043
002949.SZSE,2024-12-13,—,二接三阳,2024,False,False,-8.163265306122437,-1.6697588126159513,-8.163265306122437,-4.777365491651198,-1.6697588126159513,-8.163265306122437,-12.19851576994434
002951.SZSE,2025-06-05,—,二接三阳,2025,True,False,32.62032085561497,9.982174688057043,9.982174688057043,32.62032085561497,32.62032085561497,19.340463458110513,19.340463458110513
002951.SZSE,2025-06-06,—,三接四阳,2025,True,False,20.583468395461924,8.914100486223653,9.967585089141018,20.583468395461924,20.583468395461924,8.50891410048622,8.50891410048622
002951.SZSE,2025-07-09,—,二接三阳,2025,True,True,7.3988439306358345,8.03468208092486,7.3988439306358345,7.3988439306358345,7.3988439306358345,-3.352601156069379,-3.352601156069379
002951.SZSE,2025-07-10,B3,三接四阳,2025,False,False,-12.138728323699432,-5.937992643194967,-12.138728323699432,-2.36468733578562,-5.937992643194967,-12.138728323699432,-16.07987388334209
002951.SZSE,2026-02-13,—,二接三阴,2026,True,False,-10.01026694045174,0.0,-10.01026694045174,-10.01026694045174,-10.01026694045174,-15.503080082135522,-15.503080082135522
002951.SZSE,2026-06-03,—,二接三阴,2026,False,False,-4.942479761397534,-8.777162334895605,5.6242011077972,-3.962505325948018,-8.777162334895605,-4.942479761397534,-14.443971026842783
002952.SZSE,2023-11-30,—,二接三阳,2023,True,False,-10.008628127696294,-0.7765314926660882,-10.008628127696294,-10.008628127696294,-0.7765314926660882,-18.07592752372735,-18.07592752372735
002952.SZSE,2023-12-22,—,二接三阳,2023,True,False,59.82550893228085,2.6173660157872813,10.012463647694236,59.82550893228085,59.82550893228085,62.44287494806813,62.44287494806813
002952.SZSE,2023-12-25,B3,三接四阳,2023,True,False,45.279456193353475,9.441087613293053,10.007552870090631,45.279456193353475,45.279456193353475,47.65861027190332,47.65861027190332
002952.SZSE,2024-02-23,—,二接三阴,2024,True,False,8.915304606240703,4.011887072808329,10.01485884101041,8.915304606240703,8.915304606240703,-0.4160475482912318,-0.4160475482912318
002952.SZSE,2024-02-26,A2,三接四阴,2024,True,False,-0.9994597514856984,-2.1880064829821744,9.994597514856828,-0.9994597514856984,-2.1880064829821744,-9.481361426256097,-9.481361426256097
002952.SZSE,2024-08-15,—,二接三阴,2024,True,False,-1.0000000000000009,10.000000000000009,10.000000000000009,-1.0000000000000009,-1.0000000000000009,-10.88,-10.88
002953.SZSE,2024-12-16,—,二接三阳,2024,True,False,8.927231807951985,4.951237809452369,9.977494373593409,8.927231807951985,8.927231807951985,-1.9504876219054723,-1.9504876219054723
002953.SZSE,2024-12-17,—,三接四阳,2024,True,False,-0.9549795361528002,2.3192360163710735,10.027285129604358,-0.9549795361528002,-0.9549795361528002,-10.845839017735337,-10.845839017735337
002961.SZSE,2023-08-01,—,二接三阴,2023,False,False,-10.045431600201916,-13.982836951034827,-10.045431600201916,-11.761736496718822,-13.982836951034827,-10.045431600201916,-9.237758707723366
002962.SZSE,2023-12-11,—,二接三阳,2023,True,False,-3.9106145251396662,0.0,-3.9106145251396662,-3.9106145251396662,-3.9106145251396662,-1.9807008633824341,-1.9807008633824341
002962.SZSE,2024-01-02,—,二接三阳,2024,False,False,-21.417505809450045,-21.37877614252517,-21.417505809450045,-12.703330751355546,-21.37877614252517,-21.417505809450045,-22.463206816421376
002963.SZSE,2024-04-02,—,三接四阴,2024,False,False,-22.63222632226323,-23.124231242312433,-22.63222632226323,-16.420664206642076,-23.124231242312433,-22.63222632226323,-30.38130381303814
002963.SZSE,2025-05-09,—,二接三阳,2025,False,False,-23.37063857801185,-23.304805793285055,-23.37063857801185,-18.169848584595126,-23.304805793285055,-23.37063857801185,-24.489795918367342
002963.SZSE,2026-08-04,—,二接三阴,2026,True,False,15.697310819262045,5.065666041275807,10.00625390869294,15.697310819262045,15.697310819262045,14.196372732958107,14.196372732958107
002963.SZSE,2026-08-05,—,三接四阴,2026,True,True,5.173393973848772,9.948834565093811,10.00568504832291,5.173393973848772,5.173393973848772,3.8089823763502118,3.8089823763502118
002968.SZSE,2025-09-29,—,二接三阳,2025,False,False,-18.902015288394725,-16.330785267546922,-18.902015288394725,-16.26129256428075,-16.330785267546922,-18.902015288394725,-17.651146629603897
002969.SZSE,2026-01-13,—,二接三阳,2026,False,False,-4.714912280701755,3.3442982456140413,5.86622807017545,-3.7828947368420907,-4.714912280701755,-4.714912280701755,-14.254385964912275
002970.SZSE,2024-10-08,—,二接三阳,2024,True,False,-5.354100754441471,-3.8938914577756223,-5.354100754441471,-5.354100754441471,-3.8938914577756223,-8.615234850328557,-8.615234850328557
002971.SZSE,2026-05-18,—,二接三阳,2026,False,False,-15.023163467902044,-16.324729759541146,-15.023163467902044,-10.368409441870718,-16.324729759541146,-15.023163467902044,-16.611515552614165
002971.SZSE,2026-06-11,—,二接三阳,2026,True,False,7.639810426540294,4.2654028436019065,10.009478672985782,7.639810426540294,7.639810426540294,12.303317535545034,12.303317535545034
002971.SZSE,2026-06-12,—,三接四阳,2026,True,False,-2.154058245734969,-3.911769774254703,-2.154058245734969,-2.154058245734969,-3.911769774254703,2.0851283818714483,2.0851283818714483
002971.SZSE,2026-08-07,—,二接三阳,2026,True,False,-2.20361392684002,-0.9916262670780163,-2.20361392684002,-2.20361392684002,-0.9916262670780163,-0.8373732921992172,-0.8373732921992172
002975.SZSE,2024-02-28,—,三接四阳,2024,True,False,0.40376850605652326,-0.40376850605652326,0.40376850605652326,0.40376850605652326,-0.40376850605652326,-0.8075370121130465,-0.8075370121130465
002975.SZSE,2025-09-03,—,二接三阳,2025,True,False,-1.7217091876662982,1.925183909845063,-1.7217091876662982,-1.7217091876662982,-1.7217091876662982,-6.71466583189857,-6.71466583189857
002975.SZSE,2026-08-06,—,二接三阴,2026,True,False,5.232620608144423,2.353067583539281,5.232620608144423,5.232620608144423,5.232620608144423,8.509723863758456,8.509723863758456
002976.SZSE,2023-07-11,—,三接四阴,2023,True,False,-9.660272706262996,-6.309221169401447,-9.660272706262996,-9.660272706262996,-6.309221169401447,-18.69655650566213,-18.69655650566213
002976.SZSE,2024-01-03,—,三接四阳,2024,False,False,-26.324274527867352,-24.02118839244588,-26.324274527867352,-18.194380469829564,-24.02118839244588,-26.324274527867352,-30.285582680792267
002976.SZSE,2025-12-02,—,二接三阳,2025,True,False,-9.9970938680616,1.7727404824179116,-9.9970938680616,-9.9970938680616,-9.9970938680616,-18.541121766928203,-18.541121766928203
002979.SZSE,2024-10-09,—,二接三阳,2024,False,False,-11.423550087873458,-4.007029876977153,-11.423550087873458,-5.8699472759226605,-4.007029876977153,-11.423550087873458,-15.922671353251305
002979.SZSE,2026-07-06,—,二接三阳,2026,False,False,-9.423604757548043,-4.783688406744235,-9.423604757548043,-4.234740556789973,-4.783688406744235,-9.423604757548043,-16.193961573650505
002980.SZSE,2026-03-03,—,二接三阳,2026,True,False,-2.966343411294925,-0.22818026240731815,-2.966343411294925,-2.966343411294925,-0.22818026240731815,-7.415858528237306,-7.415858528237306
002980.SZSE,2026-04-15,—,二接三阴,2026,False,False,-5.783132530120483,0.5102763997165027,-5.783132530120483,-0.014174344436557185,-5.783132530120483,-5.783132530120483,3.6428065201984605
002981.SZSE,2023-11-01,B1,二接三阴,2023,True,False,21.97231833910034,10.005767012687429,10.005767012687429,21.97231833910034,21.97231833910034,20.761245674740493,34.16955017301038
002981.SZSE,2024-07-11,—,三接四阴,2024,True,False,-9.979296066252585,0.0,-9.979296066252585,-9.979296066252585,-9.979296066252585,-18.964803312629396,-18.964803312629396
002982.SZSE,2025-04-08,—,二接三阳,2025,True,False,-3.680743897714067,2.4796590468810553,-3.680743897714067,-3.680743897714067,-3.680743897714067,-5.772956218519942,-5.772956218519942
002982.SZSE,2025-04-09,—,三接四阳,2025,False,False,-14.336033814723493,-17.330045790771408,-14.336033814723493,-12.433955618175418,-17.330045790771408,-14.336033814723493,-21.134202183867558
002983.SZSE,2024-10-09,—,二接三阳,2024,True,False,-7.8979843685725974,2.8383381324557755,-7.8979843685725974,-7.8979843685725974,-7.8979843685725974,-14.52077334430275,-14.52077334430275
002983.SZSE,2025-12-02,—,二接三阳,2025,False,False,-11.204268292682917,-9.29878048780487,-11.204268292682917,-4.4207317073170715,-9.29878048780487,-11.204268292682917,-16.310975609756085
002987.SZSE,2025-06-27,—,二接三阳,2025,False,False,-5.356332274171582,-7.898320472083531,-5.356332274171582,-6.899682251475259,-7.898320472083531,-5.356332274171582,-13.799364502950528
002988.SZSE,2023-11-10,—,三接四阳,2023,True,False,14.029468289557979,6.470211402946835,9.993593850096104,14.029468289557979,14.029468289557979,2.6265214606021825,2.6265214606021825
002989.SZSE,2024-09-06,—,二接三阳,2024,False,False,-8.721804511278187,-11.879699248120302,-8.721804511278187,-10.726817042606518,-11.879699248120302,-8.721804511278187,-11.82957393483709
002989.SZSE,2026-06-18,—,二接三阳,2026,True,False,3.4787262510034944,-0.05351886540003736,3.4787262510034944,3.4787262510034944,-0.05351886540003736,0.6154669521006184,0.6154669521006184
002990.SZSE,2026-04-16,—,二接三阳,2026,True,False,5.785837651122616,3.7780656303972426,9.995682210708123,5.785837651122616,5.785837651122616,-2.5259067357513043,-2.5259067357513043
002990.SZSE,2026-04-17,—,三接四阳,2026,True,False,-3.8272816486751737,6.0058881256133345,-3.8272816486751737,-3.8272816486751737,-3.8272816486751737,-11.38370951913642,-11.38370951913642
002992.SZSE,2023-05-11,—,二接三阳,2023,True,False,-3.6549990330690396,0.5608199574550277,-3.6549990330690396,-3.6549990330690396,-3.6549990330690396,10.926319860761936,5.975633339779529
002995.SZSE,2024-11-29,—,二接三阴,2024,True,False,-6.410734252702199,-1.863585538576218,-6.410734252702199,-6.410734252702199,-1.863585538576218,-10.436079016026822,-10.436079016026822
002995.SZSE,2026-01-28,B2,二接三阳,2026,False,False,15.73921633190647,-1.1524530786960918,3.292723081988802,-6.091537701679295,-1.1524530786960918,15.73921633190647,21.797826802765897
002995.SZSE,2026-06-01,—,二接三阴,2026,True,False,3.544404619673447,9.239346873755473,3.544404619673447,3.544404619673447,3.544404619673447,-0.3185981680605243,-0.3185981680605243
002995.SZSE,2026-06-02,—,三接四阴,2026,False,False,-9.377262853005064,-11.006517016654605,-9.377262853005064,-5.865314989138303,-11.006517016654605,-9.377262853005064,-14.482259232440263
003002.SZSE,2025-07-23,—,二接三阴,2025,True,False,-9.448136376769723,-4.998555330829236,-9.448136376769723,-9.448136376769723,-4.998555330829236,-18.433978618896273,-18.433978618896273
003003.SZSE,2025-04-23,—,三接四阳,2025,True,False,8.858965272856123,9.99291282778172,9.99291282778172,8.858965272856123,8.858965272856123,-2.0552799433026125,-2.0552799433026125
003004.SZSE,2024-03-19,—,二接三阴,2024,False,False,-3.9835164835164805,-10.611263736263732,-3.9835164835164805,-8.03571428571429,-10.611263736263732,-3.9835164835164805,3.468406593406592
003004.SZSE,2024-05-15,—,二接三阴,2024,False,False,-14.80252240292067,-14.80252240292067,-14.80252240292067,-5.343511450381677,-14.80252240292067,-14.80252240292067,-6.2728177895785
003005.SZSE,2024-03-08,—,二接三阳,2024,False,False,-16.837837837837842,-20.891891891891888,-16.837837837837842,-12.189189189189186,-20.891891891891888,-16.837837837837842,-19.56756756756757
003005.SZSE,2025-02-06,—,二接三阳,2025,False,False,1.9882742798878361,-12.592403772622983,3.3902625541677445,-6.015804231455513,-12.592403772622983,1.9882742798878361,-3.0843742034157406
003007.SZSE,2023-11-20,—,二接三阳,2023,True,False,-5.556909578357305,2.364123811844987,-5.556909578357305,-5.556909578357305,-5.556909578357305,-14.696563490129178,-14.696563490129178
003007.SZSE,2023-11-21,—,三接四阳,2023,False,False,-22.4462663416796,-18.014624418347005,-22.4462663416796,-14.136937735430976,-18.014624418347005,-22.4462663416796,-27.099490361178823
003007.SZSE,2026-01-13,B3,三接四阳,2026,True,False,-1.0121457489878583,1.2145748987854255,9.992638940007371,-1.0121457489878583,-1.0121457489878583,-10.912771439087244,-10.912771439087244
003008.SZSE,2024-06-07,—,二接三阴,2024,True,False,-9.990347490347496,-7.722007722007717,-9.990347490347496,-9.990347490347496,-7.722007722007717,-14.864864864864858,-14.864864864864858
003015.SZSE,2023-09-21,—,二接三阳,2023,True,False,6.292645943896891,8.18802122820319,6.292645943896891,6.292645943896891,6.292645943896891,-4.321455648218353,-4.321455648218353
003015.SZSE,2023-09-22,—,三接四阳,2023,False,False,-13.025499655410066,-13.025499655410066,-13.025499655410066,-3.3769813921433522,-13.025499655410066,-13.025499655410066,-20.537560303239143
003015.SZSE,2024-01-05,—,二接三阳,2024,True,False,-9.969418960244647,-1.5290519877675823,-9.969418960244647,-9.969418960244647,-1.5290519877675823,-18.960244648318046,-18.960244648318046
003015.SZSE,2024-09-02,—,二接三阳,2024,False,False,-13.961485557083908,-13.961485557083908,-13.961485557083908,-4.401650618982112,-13.961485557083908,-13.961485557083908,-5.364511691884455
003018.SZSE,2025-11-26,—,二接三阴,2025,True,False,31.85840707964602,10.029498525073732,10.029498525073732,31.85840707964602,31.85840707964602,18.87905604719764,18.87905604719764
003018.SZSE,2026-04-21,—,二接三阴,2026,True,False,15.42676501580611,4.53108535300315,10.01053740779767,15.42676501580611,15.42676501580611,20.716543730242364,20.716543730242364
003018.SZSE,2026-04-22,—,三接四阴,2026,True,False,4.923371647509578,5.363984674329503,4.923371647509578,4.923371647509578,4.923371647509578,9.731800766283527,9.731800766283527
003018.SZSE,2026-05-18,—,二接三阴,2026,True,False,2.229054573405076,6.072252113758658,2.229054573405076,2.229054573405076,2.229054573405076,7.363566487317463,7.363566487317463
003018.SZSE,2026-05-19,—,三接四阴,2026,False,False,-2.4035774175517055,-7.364449413079932,-2.4035774175517055,-7.070989379541648,-7.364449413079932,-2.4035774175517055,-6.735606484069323
003020.SZSE,2026-07-13,—,二接三阴,2026,True,False,0.9218825812712383,7.229500242600695,0.9218825812712383,0.9218825812712383,0.9218825812712383,6.307617661329457,6.307617661329457
003021.SZSE,2025-01-10,—,二接三阳,2025,False,False,-9.264535190461121,-4.505645246385981,-9.264535190461121,-2.9228658858288403,-4.505645246385981,-9.264535190461121,-1.3084309380605674
003023.SZSE,2025-07-25,—,二接三阴,2025,True,False,4.086099963516965,0.0,4.086099963516965,4.086099963516965,4.086099963516965,-2.8091937249179133,-2.8091937249179133
003023.SZSE,2025-07-28,—,三接四阴,2025,False,False,-11.641791044776117,-7.164179104477608,-11.641791044776117,-5.373134328358198,-7.164179104477608,-11.641791044776117,-6.567164179104468
003025.SZSE,2024-01-08,—,二接三阴,2024,True,False,5.685048322910746,8.015918135304156,10.00568504832291,5.685048322910746,5.685048322910746,-0.34110289937463456,-0.34110289937463456
003025.SZSE,2024-01-09,—,三接四阴,2024,True,True,-3.9276485788113824,5.943152454780365,-3.9276485788113824,-3.9276485788113824,-3.9276485788113824,-9.405684754521959,-9.405684754521959
003026.SZSE,2024-06-07,—,二接三阴,2024,True,False,3.489042675893894,-0.28835063437140374,10.005767012687429,3.489042675893894,-0.28835063437140374,-3.114186851211065,-3.114186851211065
003026.SZSE,2024-06-11,—,三接四阴,2024,True,False,-5.923984272608118,-7.680209698558327,-5.923984272608118,-5.923984272608118,-7.680209698558327,-11.926605504587151,-11.926605504587151
003026.SZSE,2024-08-01,—,二接三阳,2024,False,False,-3.8911736792154428,-8.573236317621014,6.80164504903511,-2.910471369819667,-8.573236317621014,-3.8911736792154428,-10.566276494780135
003026.SZSE,2024-10-09,—,二接三阳,2024,False,False,-12.941176470588234,-5.882352941176472,-12.941176470588234,-5.200000000000005,-5.882352941176472,-12.941176470588234,-16.63529411764706
003027.SZSE,2024-01-19,—,二接三阴,2024,True,False,8.892617449664431,-2.1392617449664475,9.983221476510074,8.892617449664431,-2.1392617449664475,-0.2097315436241587,-0.2097315436241587
003027.SZSE,2024-01-22,—,三接四阴,2024,True,False,-0.9916094584286772,-1.6018306636155555,9.992372234935164,-0.9916094584286772,-1.6018306636155555,-9.267734553775743,-9.267734553775743
003029.SZSE,2025-06-16,—,二接三阴,2025,False,False,-10.711692084241097,-8.85984023238925,-10.711692084241097,-4.030501089324612,-8.85984023238925,-10.711692084241097,-9.36819172113289
003030.SZSE,2025-01-21,—,二接三阳,2025,True,False,-6.538637402834935,5.075445816186552,-6.538637402834935,-6.538637402834935,-6.538637402834935,-15.866483767718343,-15.866483767718343
003030.SZSE,2025-01-22,—,三接四阳,2025,False,False,-23.524522028262673,-23.358270989193674,-23.524522028262673,-15.045719035743964,-23.358270989193674,-23.524522028262673,-31.17206982543641
003031.SZSE,2025-12-10,—,二接三阳,2025,True,False,-0.05567928730513261,0.4593541202672524,-0.05567928730513261,-0.05567928730513261,-0.05567928730513261,5.665367483296202,5.665367483296202
003032.SZSE,2023-11-16,—,三接四阴,2023,False,False,-10.635155096011816,-6.597735105859181,-10.635155096011816,-5.219103889709498,-6.597735105859181,-10.635155096011816,-6.20384047267355
003032.SZSE,2026-07-30,—,三接四阴,2026,True,False,36.70411985018727,9.987515605493137,9.987515605493137,36.70411985018727,36.70411985018727,43.57053682896379,43.57053682896379
003033.SZSE,2025-03-04,—,二接三阳,2025,True,True,-7.09107385591301,4.689623923878572,-7.09107385591301,-7.09107385591301,-7.09107385591301,-1.2686905301314,-1.2686905301314
003036.SZSE,2024-11-25,—,三接四阳,2024,True,False,-9.985315712187958,-8.07635829662261,-9.985315712187958,-9.985315712187958,-8.07635829662261,-19.016152716593247,-19.016152716593247
003037.SZSE,2025-07-23,—,二接三阴,2025,False,False,-11.283376399655454,-15.245478036175708,-11.283376399655454,-9.905254091300586,-15.245478036175708,-11.283376399655454,-18.6046511627907
003038.SZSE,2024-11-13,—,二接三阴,2024,False,False,-6.5167508031206856,-3.6255162918770067,-6.5167508031206856,-3.6255162918770067,-3.6255162918770067,-6.5167508031206856,-8.857273978889403
003039.SZSE,2023-10-27,—,三接四阴,2023,False,False,-17.567567567567565,-17.567567567567565,-17.567567567567565,-8.397683397683387,-17.567567567567565,-17.567567567567565,-22.055984555984555
003040.SZSE,2024-12-02,—,二接三阳,2024,True,False,-9.978189749182109,-6.215921483097054,-9.978189749182109,-9.978189749182109,-6.215921483097054,-16.030534351145032,-16.030534351145032
003040.SZSE,2026-08-25,—,二接三阳,2026,True,False,19.509043927648584,0.0,10.012919896640838,19.509043927648584,19.509043927648584,14.987080103359185,14.987080103359185
003040.SZSE,2026-08-26,—,三接四阳,2026,True,False,8.631826189078096,3.4644744568408603,9.982384028185542,8.631826189078096,8.631826189078096,4.521432765707578,4.521432765707578
003041.SZSE,2024-12-03,—,二接三阴,2024,False,False,7.396694214876032,-9.421487603305778,6.074380165289273,-3.5537190082644554,-9.421487603305778,7.396694214876032,-3.3471074380165278
003041.SZSE,2025-11-17,—,三接四阴,2025,True,False,21.742021276595747,8.333333333333348,9.995567375886537,21.742021276595747,21.742021276595747,26.329787234042556,26.329787234042556
003042.SZSE,2024-12-02,—,二接三阴,2024,True,False,-8.548305513404152,8.750632271117853,-8.548305513404152,-8.548305513404152,-8.548305513404152,-13.859382903388962,-13.859382903388962
003042.SZSE,2026-01-27,—,二接三阳,2026,True,False,-0.9956709956709942,0.43290043290042934,9.999999999999986,-0.9956709956709942,-0.9956709956709942,-10.909090909090924,-10.909090909090924
003042.SZSE,2026-01-28,—,三接四阳,2026,True,True,-9.996064541519079,9.99606454151909,-9.996064541519079,-9.996064541519079,-9.996064541519079,-19.00826446280992,-19.00826446280992
600006.SSE,2024-03-19,—,二接三阳,2024,False,False,1.0928961748633892,-6.229508196721312,3.49726775956285,-5.9016393442623,-6.229508196721312,1.0928961748633892,-5.245901639344264
600006.SSE,2024-11-13,—,二接三阴,2024,False,False,-16.684841875681578,-9.487459105779706,-16.684841875681578,-8.615049073064329,-9.487459105779706,-16.684841875681578,-21.046892039258445
600032.SSE,2026-03-25,—,二接三阳,2026,True,False,-3.149001536098317,-1.920122887864828,-3.149001536098317,-3.149001536098317,-1.920122887864828,-10.061443932411663,-10.061443932411663
600048.SSE,2024-09-30,—,二接三阳,2024,True,False,-0.3626473254759621,9.97280145058932,-0.3626473254759621,-0.3626473254759621,-0.3626473254759621,-10.33544877606527,-10.33544877606527
600048.SSE,2024-10-08,A1,三接四阳,2024,False,False,-18.46661170651278,-12.613355317394891,-18.46661170651278,-9.398186314921686,-12.613355317394891,-18.46661170651278,-17.312448474855735
600051.SSE,2025-04-28,—,二接三阳,2025,False,False,-19.55307262569832,-19.55307262569832,-19.55307262569832,-10.6145251396648,-19.55307262569832,-19.55307262569832,-25.58659217877094
600058.SSE,2026-01-19,—,三接四阳,2026,False,False,-0.3913894324853229,-9.001956947162437,-0.3913894324853229,-8.023483365949124,-9.001956947162437,-0.3913894324853229,-7.30593607305936
600072.SSE,2023-05-09,—,二接三阳,2023,False,False,-4.918032786885251,-4.262295081967215,-4.918032786885251,-4.7213114754098395,-4.262295081967215,-4.918032786885251,-14.42622950819672
600076.SSE,2025-02-28,—,二接三阴,2025,False,False,-18.97810218978102,-14.963503649635046,-18.97810218978102,-9.85401459854015,-14.963503649635046,-18.97810218978102,-21.89781021897811
600076.SSE,2026-05-12,—,二接三阴,2026,True,False,-2.752293577981657,-0.9174311926605561,-2.752293577981657,-2.752293577981657,-0.9174311926605561,0.917431192660545,0.917431192660545
600078.SSE,2025-10-13,—,二接三阳,2025,True,False,-0.6651884700665023,9.977827050997789,9.977827050997789,-0.6651884700665023,-0.6651884700665023,3.436807095343686,3.436807095343686
600078.SSE,2025-11-10,—,二接三阳,2025,True,False,2.0563594821020548,-2.3610053313023682,2.0563594821020548,2.0563594821020548,-2.3610053313023682,-8.149276466108146,-8.149276466108146
600078.SSE,2026-02-26,—,二接三阴,2026,True,False,-4.388926401080351,-3.241053342336264,-4.388926401080351,-4.388926401080351,-3.241053342336264,-10.735989196488859,-10.735989196488859
600088.SSE,2023-05-10,—,二接三阴,2023,True,False,-2.4068767908309363,10.028653295128942,-2.4068767908309363,-2.4068767908309363,-2.4068767908309363,14.727793696275082,7.335243553008608
600088.SSE,2023-05-11,—,三接四阴,2023,False,False,4.270833333333335,-19.218749999999996,-2.4479166666666607,-11.302083333333323,-19.218749999999996,4.270833333333335,1.0937500000000044
600097.SSE,2024-01-26,—,二接三阴,2024,False,False,-10.446570972886748,-13.875598086124386,-10.446570972886748,-11.961722488038273,-13.875598086124386,-10.446570972886748,-11.881977671451349
600097.SSE,2024-04-03,B3,三接四阳,2024,False,False,-16.88632619439868,-13.34431630971994,-16.88632619439868,-7.660626029654038,-13.34431630971994,-16.88632619439868,-20.098846787479417
600097.SSE,2025-03-24,—,二接三阴,2025,False,False,-20.232558139534895,-20.232558139534895,-20.232558139534895,-11.395348837209307,-20.232558139534895,-20.232558139534895,-23.48837209302327
600101.SSE,2024-05-14,—,二接三阳,2024,True,False,-8.578431372549023,-0.8169934640522847,-8.578431372549023,-8.578431372549023,-0.8169934640522847,-5.228758169934644,-5.228758169934644
600103.SSE,2025-09-11,—,二接三阴,2025,True,True,20.789473684210535,9.999999999999986,9.999999999999986,20.789473684210535,20.789473684210535,16.052631578947384,16.052631578947384
600103.SSE,2025-09-12,—,三接四阴,2025,True,True,9.8086124401914,5.741626794258381,9.8086124401914,9.8086124401914,9.8086124401914,5.502392344497609,5.502392344497609
600103.SSE,2026-04-22,B2,二接三阳,2026,False,False,-10.139860139860147,-6.99300699300699,-10.139860139860147,-3.8461538461538436,-6.99300699300699,-10.139860139860147,-15.209790209790208
600103.SSE,2026-08-27,—,二接三阴,2026,True,False,0.7853403141361293,9.947643979057608,0.7853403141361293,0.7853403141361293,0.7853403141361293,-0.2617801047120394,-0.2617801047120394
600103.SSE,2026-08-28,—,三接四阴,2026,False,False,-9.285714285714286,-12.857142857142856,-9.285714285714286,-8.333333333333337,-12.857142857142856,-9.285714285714286,-0.23809523809523725
600105.SSE,2024-11-25,—,二接三阳,2024,True,False,-10.06006006006006,1.0510510510510551,-10.06006006006006,-10.06006006006006,-10.06006006006006,-14.564564564564563,-14.564564564564563
600108.SSE,2026-03-03,—,二接三阴,2026,True,False,4.365904365904361,0.20790020790022457,9.97920997920998,4.365904365904361,4.365904365904361,12.889812889812902,14.760914760914767
600108.SSE,2026-03-04,—,三接四阴,2026,True,False,-5.1039697542533125,6.994328922495274,-5.1039697542533125,-5.1039697542533125,-5.1039697542533125,2.6465028355387554,4.347826086956519
600110.SSE,2024-11-11,—,二接三阳,2024,False,False,-12.338858195211788,-7.366482504604043,-12.338858195211788,-3.8674033149171283,-7.366482504604043,-12.338858195211788,-11.786372007366474
600110.SSE,2025-06-19,—,二接三阳,2025,True,False,53.846153846153854,5.769230769230771,10.042735042735051,53.846153846153854,53.846153846153854,45.72649572649574,45.72649572649574
600110.SSE,2025-06-20,—,三接四阳,2025,True,False,39.80582524271845,0.0,10.097087378640769,39.80582524271845,39.80582524271845,32.42718446601942,32.42718446601942
600110.SSE,2025-08-19,—,二接三阴,2025,True,False,-8.264462809917372,2.715466351829976,-8.264462809917372,-8.264462809917372,-8.264462809917372,-14.639905548996456,-14.639905548996456
600113.SSE,2025-06-19,B2,二接三阳,2025,False,False,31.90823774765381,-5.422314911366,7.87278415015642,-1.929092805005217,-5.422314911366,31.90823774765381,45.099061522419184
600113.SSE,2025-06-24,—,二接三阳,2025,True,False,1.0383386581469756,3.833865814696491,1.0383386581469756,1.0383386581469756,1.0383386581469756,14.376996805111819,11.142172523961658
600113.SSE,2025-08-13,—,二接三阳,2025,True,False,5.929487179487181,3.0219780219780334,5.929487179487181,5.929487179487181,5.929487179487181,14.697802197802211,16.529304029304036
600113.SSE,2025-11-12,—,二接三阴,2025,True,False,2.0989761092150117,8.87372013651877,2.0989761092150117,2.0989761092150117,2.0989761092150117,1.689419795221836,1.689419795221836
600113.SSE,2026-07-01,—,二接三阴,2026,True,False,-0.9589041095890427,0.0,-0.9589041095890427,-0.9589041095890427,-0.9589041095890427,-5.753424657534245,-5.753424657534245
600117.SSE,2025-07-24,—,三接四阳,2025,True,False,0.5797101449275477,10.144927536231862,10.144927536231862,0.5797101449275477,0.5797101449275477,29.275362318840582,10.724637681159411
600118.SSE,2025-12-26,—,二接三阴,2025,True,False,7.899999999999996,1.2499999999999956,10.000000000000009,7.899999999999996,7.899999999999996,24.312500000000004,18.687500000000014
600118.SSE,2025-12-29,—,三接四阴,2025,True,False,-1.9090909090909158,-2.954545454545443,-1.9090909090909158,-1.9090909090909158,-2.954545454545443,13.011363636363637,7.897727272727284
600120.SSE,2025-02-07,B3,三接四阳,2025,True,False,28.17109144542771,0.0,10.029498525073732,28.17109144542771,28.17109144542771,15.339233038348077,15.339233038348077
600121.SSE,2026-06-03,—,二接三阳,2026,True,False,0.17574692442881013,0.0,0.17574692442881013,0.17574692442881013,0.17574692442881013,-8.260105448154665,-8.260105448154665
600121.SSE,2026-09-02,—,二接三阳,2026,False,False,-4.208754208754206,-9.932659932659949,-4.208754208754206,-10.77441077441078,-9.932659932659949,-4.208754208754206,-13.804713804713808
600126.SSE,2025-02-27,—,二接三阴,2025,True,False,-9.98641304347826,-9.918478260869568,-9.98641304347826,-9.98641304347826,-9.918478260869568,-18.953804347826097,-18.953804347826097
600127.SSE,2026-08-20,—,三接四阴,2026,True,False,-4.651162790697683,9.18604651162791,-4.651162790697683,-4.651162790697683,-4.651162790697683,-1.6279069767441756,-1.6279069767441756
600128.SSE,2025-01-13,—,二接三阴,2025,True,False,19.771863117870716,1.3307984790874583,9.980988593155903,19.771863117870716,19.771863117870716,7.794676806083656,7.794676806083656
600128.SSE,2025-01-14,—,三接四阴,2025,True,False,8.902333621434732,3.7165082108902237,10.025929127052713,8.902333621434732,8.902333621434732,-1.9878997407087318,-1.9878997407087318
600130.SSE,2024-09-24,—,二接三阳,2024,False,False,-12.527964205816545,-13.870246085011184,-12.527964205816545,-6.9351230425055865,-13.870246085011184,-12.527964205816545,-13.646532438478742
600130.SSE,2024-11-01,—,三接四阳,2024,False,False,-2.26928895612708,-7.715582450832081,-4.538577912254171,-13.161875945537071,-7.715582450832081,-2.26928895612708,7.564296520423608
600130.SSE,2026-05-08,—,二接三阴,2026,True,False,5.36585365853659,8.943089430894302,5.36585365853659,5.36585365853659,5.36585365853659,2.764227642276418,2.764227642276418
600130.SSE,2026-05-11,—,三接四阴,2026,False,False,-6.6469719350073735,-7.385524372230434,-6.6469719350073735,-4.283604135893637,-7.385524372230434,-6.6469719350073735,-5.169867060561295
600143.SSE,2025-02-21,—,二接三阴,2025,False,False,1.5441176470588402,-1.544117647058818,1.5441176470588402,-1.544117647058818,-1.544117647058818,1.5441176470588402,-5.147058823529404
600148.SSE,2024-09-10,—,二接三阴,2024,False,False,-15.258358662613979,-18.17629179331306,-15.258358662613979,-9.057750759878413,-18.17629179331306,-15.258358662613979,-17.50759878419452
600148.SSE,2024-11-20,B1,二接三阴,2024,False,False,-6.732223903177004,-8.62329803328291,-6.732223903177004,-4.727685325264752,-8.62329803328291,-6.732223903177004,-9.909228441754925
600149.SSE,2025-05-23,—,二接三阳,2025,False,False,-14.912280701754376,-15.49707602339181,-14.912280701754376,-10.233918128654974,-15.49707602339181,-14.912280701754376,-17.397660818713444
600151.SSE,2025-12-05,—,二接三阳,2025,True,False,-1.245421245421241,2.564102564102555,-1.245421245421241,-1.245421245421241,-1.245421245421241,4.615384615384599,8.644688644688635
600152.SSE,2025-07-01,—,二接三阳,2025,False,False,-11.589008363201902,-10.513739545997602,-11.589008363201902,-5.854241338112298,-10.513739545997602,-11.589008363201902,-15.531660692951
600152.SSE,2026-04-15,—,二接三阳,2026,False,False,-3.3639143730886834,-9.02140672782874,-3.3639143730886834,-7.721712538226299,-9.02140672782874,-3.3639143730886834,6.269113149847105
600152.SSE,2026-04-28,—,二接三阴,2026,True,True,-7.584448693435308,-3.1230082855321917,-7.584448693435308,-7.584448693435308,-3.1230082855321917,-5.3537284894837445,-5.3537284894837445
600156.SSE,2026-04-20,—,二接三阴,2026,True,False,-3.925417075564286,10.009813542688928,-3.925417075564286,-3.925417075564286,-3.925417075564286,-0.7850834151128527,-0.7850834151128527
600156.SSE,2026-04-21,—,三接四阴,2026,False,False,-9.812667261373786,-16.59232827832293,-9.812667261373786,-12.667261373773432,-16.59232827832293,-9.812667261373786,-12.22123104371098
600156.SSE,2026-04-30,—,二接三阳,2026,False,False,-8.86899918633035,-10.333604556550036,-8.86899918633035,-12.123677786818543,-10.333604556550036,-8.86899918633035,-4.312449145646857
600156.SSE,2026-05-15,—,二接三阴,2026,False,False,-13.581037796284424,-19.282511210762333,-13.581037796284424,-16.079436258808457,-19.282511210762333,-13.581037796284424,-15.631005765534912
600159.SSE,2023-07-24,—,二接三阳,2023,False,False,0.8064516129032251,-10.483870967741938,0.5376344086021501,-8.602150537634412,-10.483870967741938,0.8064516129032251,-6.720430107526887
600159.SSE,2023-11-23,—,三接四阴,2023,True,False,-3.7422037422037313,9.97920997920998,-3.7422037422037313,-3.7422037422037313,-3.7422037422037313,-13.305613305613296,-13.305613305613296
600162.SSE,2025-09-16,—,二接三阳,2025,True,False,25.630252100840355,10.084033613445387,10.084033613445387,25.630252100840355,25.630252100840355,13.445378151260524,13.445378151260524
600162.SSE,2025-09-17,—,三接四阳,2025,True,False,14.122137404580148,4.198473282442738,9.923664122137389,14.122137404580148,14.122137404580148,3.053435114503822,3.053435114503822
600162.SSE,2026-05-27,—,二接三阳,2026,True,False,26.406926406926413,6.926406926406936,9.956709956709965,26.406926406926413,26.406926406926413,45.02164502164503,38.96103896103895
600162.SSE,2026-05-28,—,三接四阳,2026,True,False,14.960629921259837,7.086614173228356,9.842519685039374,14.960629921259837,14.960629921259837,31.88976377952757,26.37795275590551
600162.SSE,2026-07-17,—,二接三阳,2026,True,False,-10.130718954248364,-9.80392156862746,-10.130718954248364,-10.130718954248364,-9.80392156862746,-14.70588235294118,-14.70588235294118
600162.SSE,2026-08-13,—,二接三阳,2026,False,False,-9.441233140655115,-11.94605009633911,-9.441233140655115,-11.94605009633911,-11.94605009633911,-9.441233140655115,-15.221579961464348
600162.SSE,2026-08-31,—,二接三阳,2026,False,False,-16.61016949152543,-16.94915254237288,-16.61016949152543,-15.762711864406786,-16.94915254237288,-16.61016949152543,-18.644067796610177
600165.SSE,2024-03-25,—,三接四阳,2024,True,False,19.63746223564955,9.667673716012072,9.969788519637458,19.63746223564955,19.63746223564955,7.552870090634434,7.552870090634434
600167.SSE,2025-09-25,—,三接四阳,2025,True,False,-10.037878787878796,-8.143939393939403,-10.037878787878796,-10.037878787878796,-8.143939393939403,-4.829545454545448,-4.829545454545448
600170.SSE,2025-09-17,—,三接四阳,2025,True,False,-1.1331444759206666,0.2832861189801861,9.915014164305958,-1.1331444759206666,-1.1331444759206666,-7.932011331444755,-7.932011331444755
600171.SSE,2024-07-22,—,二接三阴,2024,False,False,-3.8694074969770176,-1.007658202337769,-3.8694074969770176,-1.007658202337769,-1.007658202337769,-3.8694074969770176,-12.454655380894797
600171.SSE,2024-10-09,—,二接三阳,2024,False,False,-9.977250568735785,-2.7624309392265123,-9.977250568735785,-1.0399740006499902,-2.7624309392265123,-9.977250568735785,-11.602209944751385
600171.SSE,2024-10-22,—,二接三阴,2024,True,False,-5.041566103513018,1.9844462322338385,-5.041566103513018,-5.041566103513018,-5.041566103513018,13.730222579780094,4.451595602038094
600172.SSE,2024-10-29,—,二接三阳,2024,False,False,5.84958217270195,-2.785515320334253,6.9637883008356605,-2.785515320334253,-2.785515320334253,5.84958217270195,-4.73537604456824
600172.SSE,2025-10-22,—,二接三阴,2025,True,False,0.12953367875647714,5.051813471502586,0.12953367875647714,0.12953367875647714,0.12953367875647714,-9.84455958549223,-9.84455958549223
600172.SSE,2025-10-23,—,三接四阴,2025,False,False,-18.02120141342757,-11.307420494699649,-18.02120141342757,-8.951707891637216,-11.307420494699649,-18.02120141342757,-17.43227326266196
600172.SSE,2026-05-13,—,二接三阳,2026,True,False,-0.08445945945946276,1.1824324324324342,-0.08445945945946276,-0.08445945945946276,-0.08445945945946276,-6.587837837837829,-6.587837837837829
600172.SSE,2026-05-26,—,二接三阴,2026,True,False,-0.22556390977443996,0.0,-0.22556390977443996,-0.22556390977443996,-0.22556390977443996,5.864661654135328,9.774436090225546
600173.SSE,2025-09-10,—,二接三阴,2025,True,False,5.005959475566146,-1.3110846245530494,5.005959475566146,5.005959475566146,-1.3110846245530494,-3.694874851013119,-3.694874851013119
600173.SSE,2025-09-11,—,三接四阴,2025,False,False,-12.459371614301196,-11.70097508125677,-12.459371614301196,-4.550379198266519,-11.70097508125677,-12.459371614301196,-3.683640303358615
600178.SSE,2023-11-13,—,二接三阴,2023,False,False,-15.467239527389909,-14.822771213748664,-15.467239527389909,-12.567132116004299,-14.822771213748664,-15.467239527389909,-16.86358754027927
600178.SSE,2024-10-30,—,二接三阳,2024,True,False,2.007168458781372,10.035842293906816,10.035842293906816,2.007168458781372,2.007168458781372,4.086021505376336,4.086021505376336
600179.SSE,2024-06-17,—,二接三阴,2024,False,False,-7.829181494661929,-6.049822064056942,-7.829181494661929,-5.693950177935947,-6.049822064056942,-7.829181494661929,-11.387900355871883
600179.SSE,2025-12-24,—,二接三阳,2025,True,False,9.057301293900188,9.057301293900188,9.981515711645095,9.057301293900188,9.057301293900188,1.4787430683918634,1.4787430683918634
600179.SSE,2025-12-25,—,三接四阳,2025,True,False,-0.8403361344537785,2.0168067226890685,10.084033613445364,-0.8403361344537785,-0.8403361344537785,-7.731092436974785,-7.731092436974785
600186.SSE,2023-10-10,—,二接三阳,2023,True,True,4.41988950276242,3.5911602209944826,4.41988950276242,4.41988950276242,4.41988950276242,7.458563535911611,7.458563535911611
600186.SSE,2025-02-10,—,二接三阳,2025,False,False,11.312849162011162,-8.798882681564246,4.189944134078205,-5.307262569832405,-8.798882681564246,11.312849162011162,0.13966480446927498
600189.SSE,2023-09-18,—,二接三阳,2023,False,False,-21.672354948805474,-17.49146757679182,-21.672354948805474,-16.211604095563136,-17.49146757679182,-21.672354948805474,-24.573378839590454
600192.SSE,2024-06-17,—,二接三阳,2024,True,False,-6.591337099811668,-3.0131826741996104,-6.591337099811668,-6.591337099811668,-3.0131826741996104,-12.61770244821092,-12.61770244821092
600192.SSE,2024-08-08,—,二接三阴,2024,True,False,-9.85401459854015,-3.284671532846728,-9.85401459854015,-9.85401459854015,-3.284671532846728,4.562043795620441,-0.9124087591241059
600192.SSE,2024-08-09,—,三接四阴,2024,False,False,-4.975124378109452,-20.398009950248763,-9.950248756218915,-18.07628524046434,-20.398009950248763,-4.975124378109452,-8.126036484245446
600192.SSE,2025-05-28,—,二接三阴,2025,True,False,-2.696629213483148,2.2471910112359383,-2.696629213483148,-2.696629213483148,-2.696629213483148,4.494382022471921,4.494382022471921
600192.SSE,2025-07-02,—,二接三阳,2025,True,False,-3.4782608695652084,10.048309178743974,-3.4782608695652084,-3.4782608695652084,-3.4782608695652084,0.9661835748792313,0.9661835748792313
600192.SSE,2025-07-03,B3,三接四阳,2025,False,False,-8.252853380158044,-15.45215100965759,-8.252853380158044,-12.291483757682176,-15.45215100965759,-8.252853380158044,0.9657594381035972
600198.SSE,2024-10-28,—,三接四阴,2024,True,False,9.25784238714613,6.19739862280031,9.25784238714613,9.25784238714613,9.25784238714613,16.98546289211935,16.98546289211935
600198.SSE,2024-12-19,—,二接三阴,2024,False,False,-17.195207892882316,-17.124735729386884,-17.195207892882316,-8.033826638477793,-17.124735729386884,-17.195207892882316,-25.440451021846368
600199.SSE,2024-09-30,B1,二接三阴,2024,True,False,4.514363885088923,9.986320109439117,4.514363885088923,4.514363885088923,4.514363885088923,-5.95075239398084,-5.95075239398084
600199.SSE,2024-10-08,—,三接四阴,2024,False,False,-14.490049751243772,-8.582089552238802,-14.490049751243772,-4.975124378109442,-8.582089552238802,-14.490049751243772,-16.66666666666665
600202.SSE,2025-01-14,—,二接三阳,2025,True,False,-10.016977928692693,-0.5093378607809784,-10.016977928692693,-10.016977928692693,-0.5093378607809784,-12.05432937181664,-12.05432937181664
600203.SSE,2024-10-16,—,二接三阴,2024,True,False,7.411273486430048,-3.3402922755741193,7.411273486430048,7.411273486430048,-3.3402922755741193,7.828810020876831,7.828810020876831
600203.SSE,2024-10-17,—,三接四阴,2024,False,False,-1.992409867172662,-4.26944971537001,-1.992409867172662,-2.371916508538896,-4.26944971537001,-1.992409867172662,-3.984819734345346
600203.SSE,2024-10-31,—,三接四阴,2024,True,False,-9.971711456859978,0.07072135785006761,-9.971711456859978,-9.971711456859978,-9.971711456859978,-1.6265912305516328,-0.990099009900991
600203.SSE,2025-02-26,—,二接三阳,2025,False,False,-11.426437640029885,-5.899925317401056,-11.426437640029885,-2.9126213592232997,-5.899925317401056,-11.426437640029885,-12.621359223300976
600203.SSE,2025-08-06,—,二接三阴,2025,True,False,7.892882311486971,7.117688513037357,10.007047216349552,7.892882311486971,7.892882311486971,11.064129668780831,11.064129668780831
600203.SSE,2025-08-07,—,三接四阴,2025,True,False,-1.9218449711723151,0.0,-1.9218449711723151,-1.9218449711723151,-1.9218449711723151,0.9609224855861687,0.9609224855861687
600206.SSE,2024-11-11,—,二接三阴,2024,True,False,17.848258706467668,10.012437810945297,10.012437810945297,17.848258706467668,17.848258706467668,35.5721393034826,29.66417910447763
600206.SSE,2024-11-12,—,三接四阴,2024,True,False,7.122668174109648,7.5183719615602,10.005652911249285,7.122668174109648,7.122668174109648,23.23346523459582,17.863199547767096
600206.SSE,2026-08-07,—,二接三阳,2026,True,False,8.013286277766252,3.799045048785543,8.013286277766252,8.013286277766252,8.013286277766252,9.300394436371185,9.300394436371185
600206.SSE,2026-08-10,—,三接四阳,2026,False,False,-0.641630496320067,-4.434799018682778,-0.641630496320067,-1.8116625778448747,-4.434799018682778,-0.641630496320067,-0.07548594074353598
600207.SSE,2024-03-08,—,三接四阴,2024,True,False,7.705779334500873,9.982486865148864,9.982486865148864,7.705779334500873,7.705779334500873,9.807355516637472,9.807355516637472
600208.SSE,2024-09-30,—,二接三阳,2024,True,False,6.792452830188678,10.188679245283016,10.188679245283016,6.792452830188678,6.792452830188678,1.5094339622641506,1.5094339622641506
600208.SSE,2024-10-08,—,三接四阳,2024,True,False,-3.082191780821908,-2.397260273972601,-3.082191780821908,-3.082191780821908,-2.397260273972601,-7.8767123287671215,-7.8767123287671215
600208.SSE,2025-08-18,—,三接四阳,2025,False,False,-8.126036484245446,-13.432835820895528,-8.126036484245446,-11.442786069651746,-13.432835820895528,-8.126036484245446,-17.24709784411277
600210.SSE,2024-11-11,—,三接四阳,2024,True,False,-9.957173447537471,-2.997858672376863,-9.957173447537471,-9.957173447537471,-2.997858672376863,-7.601713062098492,-7.601713062098492
600212.SSE,2024-10-25,—,二接三阴,2024,False,False,-3.827160493827153,-0.12345679012345512,-3.827160493827153,-0.12345679012345512,-0.12345679012345512,-3.827160493827153,-6.296296296296289
600217.SSE,2024-10-22,—,二接三阳,2024,True,False,0.9943181818181879,-1.9886363636363535,0.9943181818181879,0.9943181818181879,-1.9886363636363535,-6.5340909090909065,-6.5340909090909065
600218.SSE,2024-03-04,—,二接三阴,2024,False,False,-11.334745762711872,-11.228813559322026,-11.334745762711872,-4.3432203389830555,-11.228813559322026,-11.334745762711872,-12.92372881355931
600221.SSE,2024-11-04,—,二接三阳,2024,True,False,33.532934131736525,0.5988023952095745,10.179640718562876,33.532934131736525,33.532934131736525,20.35928143712573,20.35928143712573
600221.SSE,2024-11-05,A1,三接四阳,2024,True,False,21.19565217391304,9.782608695652172,9.782608695652172,21.19565217391304,21.19565217391304,9.239130434782595,9.239130434782595
600227.SSE,2026-03-10,—,二接三阴,2026,False,False,1.7587939698492372,-6.281407035175879,1.7587939698492372,-3.7688442211055273,-6.281407035175879,1.7587939698492372,-0.2512562814070307
600227.SSE,2026-03-17,—,二接三阴,2026,True,False,-5.482041587901698,0.0,-5.482041587901698,-5.482041587901698,-5.482041587901698,-11.720226843100189,-11.720226843100189
600228.SSE,2023-03-28,—,二接三阳,2023,False,False,-13.93333333333333,-16.666666666666664,-13.93333333333333,-11.06666666666667,-16.666666666666664,-13.93333333333333,-20.066666666666666
600228.SSE,2026-06-29,—,三接四阳,2026,False,False,-21.651221566975554,-16.09098567818027,-21.651221566975554,-14.15332771693344,-16.09098567818027,-21.651221566975554,-29.486099410278012
600228.SSE,2026-07-31,—,二接三阳,2026,False,False,-11.662531017369727,-8.8089330024814,-11.662531017369727,-3.970223325062039,-8.8089330024814,-11.662531017369727,-2.8535980148883477
600229.SSE,2023-05-05,—,二接三阳,2023,False,False,-8.27004219409283,-7.1729957805907185,-8.27004219409283,-4.725738396624479,-7.1729957805907185,-8.27004219409283,-15.358649789029544
600229.SSE,2024-02-20,—,二接三阴,2024,False,False,-7.246376811594201,-10.144927536231885,-7.246376811594201,-5.21739130434783,-10.144927536231885,-7.246376811594201,-3.6231884057971064
600230.SSE,2026-01-21,—,二接三阴,2026,False,False,-11.066599899849761,-13.019529293940902,-11.066599899849761,-3.3550325488232224,-13.019529293940902,-11.066599899849761,-10.215322984476716
600232.SSE,2025-06-10,—,二接三阴,2025,True,False,8.18181818181818,-3.6363636363636376,10.000000000000009,8.18181818181818,-3.6363636363636376,16.103896103896087,16.103896103896087
600232.SSE,2025-06-11,—,三接四阴,2025,True,False,-1.6528925619834767,-5.548996458087374,-1.6528925619834767,-1.6528925619834767,-5.548996458087374,5.548996458087352,5.548996458087352
600234.SSE,2024-02-21,—,二接三阳,2024,False,False,0.17574692442881013,-7.029876977152904,0.17574692442881013,-6.854130052724083,-7.029876977152904,0.17574692442881013,5.272407732864681
600234.SSE,2024-04-25,—,二接三阴,2024,True,False,-2.5862068965517238,-6.25,-2.5862068965517238,-2.5862068965517238,-6.25,-7.543103448275856,-7.543103448275856
600234.SSE,2024-04-26,—,三接四阴,2024,False,False,-15.882352941176459,-15.882352941176459,-15.882352941176459,-11.372549019607847,-15.882352941176459,-15.882352941176459,-19.999999999999996
600234.SSE,2025-10-14,—,二接三阳,2025,False,False,-1.904761904761909,-8.095238095238088,-1.904761904761909,-4.761904761904756,-8.095238095238088,-1.904761904761909,7.063492063492061
600241.SSE,2025-06-30,—,二接三阳,2025,True,False,-3.9436619718309807,0.46948356807510194,-3.9436619718309807,-3.9436619718309807,-3.9436619718309807,-11.64319248826291,-11.64319248826291
600246.SSE,2024-10-30,—,三接四阳,2024,True,False,6.02055800293686,4.992657856093996,6.02055800293686,6.02055800293686,6.02055800293686,-4.552129221732737,-4.552129221732737
600246.SSE,2025-08-12,—,二接三阴,2025,True,False,18.634886240520032,-0.8667388949079147,9.967497291440953,18.634886240520032,-0.8667388949079147,15.276273022751896,15.276273022751896
600246.SSE,2025-08-13,—,三接四阴,2025,True,False,7.881773399014769,4.92610837438423,7.881773399014769,7.881773399014769,7.881773399014769,4.827586206896561,4.827586206896561
600246.SSE,2025-08-26,B3,三接四阳,2025,False,False,-12.526690391459084,-2.775800711743781,-12.526690391459084,-2.775800711743781,-2.775800711743781,-12.526690391459084,-3.7722419928825746
600249.SSE,2025-04-15,—,二接三阳,2025,True,False,7.324364723467847,0.1494768310911887,10.01494768310911,7.324364723467847,7.324364723467847,-3.4379671150971625,-3.4379671150971625
600249.SSE,2025-04-16,A1,三接四阳,2025,True,False,-2.445652173913049,-2.1739130434782594,-2.445652173913049,-2.445652173913049,-2.1739130434782594,-12.228260869565222,-12.228260869565222
600250.SSE,2023-11-30,—,二接三阴,2023,True,False,47.21074380165289,10.0206611570248,10.0206611570248,47.21074380165289,47.21074380165289,47.41735537190082,47.41735537190082
600250.SSE,2025-12-10,—,二接三阳,2025,False,False,-8.088235294117641,-13.088235294117645,-3.9705882352941146,-12.720588235294116,-13.088235294117645,-8.088235294117641,-6.25
600250.SSE,2025-12-19,—,二接三阴,2025,False,False,-18.28358208955223,-18.28358208955223,-18.28358208955223,-9.203980099502484,-18.28358208955223,-18.28358208955223,-25.373134328358205
600255.SSE,2024-12-19,—,三接四阴,2024,True,False,0.7334963325183352,-4.645476772616131,0.7334963325183352,0.7334963325183352,-4.645476772616131,-9.290953545232272,-9.290953545232272
600255.SSE,2026-06-04,—,二接三阳,2026,True,False,-7.039337474120078,-6.8322981366459645,-7.039337474120078,-7.039337474120078,-6.8322981366459645,-4.554865424430632,-4.554865424430632
600257.SSE,2023-08-28,—,三接四阳,2023,True,False,-4.3435340572556935,3.1589338598222882,-4.3435340572556935,-4.3435340572556935,-4.3435340572556935,-12.240868706811447,-12.240868706811447
600262.SSE,2024-04-19,B1,二接三阴,2024,False,False,-10.929250263991552,-19.21858500527983,-10.929250263991552,-14.519535374867997,-19.21858500527983,-10.929250263991552,-15.047518479408662
600262.SSE,2025-10-22,—,二接三阴,2025,True,False,-4.61538461538461,-2.00668896321069,-4.61538461538461,-4.61538461538461,-2.00668896321069,-5.953177257525077,-5.953177257525077
600266.SSE,2023-08-01,—,二接三阳,2023,False,False,-9.124087591240881,-9.124087591240881,-9.124087591240881,-8.029197080291983,-9.124087591240881,-9.124087591240881,-6.569343065693445
600266.SSE,2026-01-06,—,二接三阳,2026,True,False,9.934853420195445,9.934853420195445,9.934853420195445,9.934853420195445,9.934853420195445,11.07491856677525,11.07491856677525
600266.SSE,2026-01-07,—,三接四阳,2026,True,False,0.0,3.8518518518518396,0.0,0.0,0.0,1.0370370370370363,1.0370370370370363
600272.SSE,2023-08-15,—,二接三阳,2023,True,False,14.225648213034336,5.185704274702174,10.021023125437978,14.225648213034336,14.225648213034336,15.837421163279618,15.837421163279618
600272.SSE,2023-08-16,—,三接四阳,2023,True,False,3.821656050955413,0.2547770700636942,10.000000000000009,3.821656050955413,3.821656050955413,5.286624203821666,5.286624203821666
600272.SSE,2024-01-26,—,三接四阴,2024,True,False,-10.006949270326626,3.47463516330786,-10.006949270326626,-10.006949270326626,-10.006949270326626,-18.971507991660875,-18.971507991660875
600272.SSE,2024-12-13,—,二接三阴,2024,True,False,20.396776193428412,9.981401115933043,9.981401115933043,20.396776193428412,20.396776193428412,24.922504649721013,24.922504649721013
600272.SSE,2026-08-11,—,三接四阴,2026,True,False,1.9108280254777066,0.06369426751593465,10.000000000000009,1.9108280254777066,1.9108280254777066,21.210191082802552,12.101910828025497
600280.SSE,2023-07-18,—,二接三阳,2023,True,False,35.072463768115945,10.144927536231862,10.144927536231862,35.072463768115945,35.072463768115945,39.71014492753624,39.71014492753624
600280.SSE,2023-07-19,—,三接四阳,2023,True,False,22.631578947368425,9.999999999999986,9.999999999999986,22.631578947368425,22.631578947368425,26.84210526315791,26.84210526315791
600280.SSE,2024-08-06,—,二接三阴,2024,True,False,9.177215189873422,10.126582278481,10.126582278481,9.177215189873422,9.177215189873422,-1.5822784810126667,-1.5822784810126667
600280.SSE,2024-08-07,—,三接四阴,2024,True,False,-0.8620689655172376,-8.045977011494243,10.057471264367823,-0.8620689655172376,-8.045977011494243,-10.632183908045977,-10.632183908045977
600280.SSE,2024-11-08,—,二接三阳,2024,False,False,-17.391304347826086,-15.113871635610776,-17.391304347826086,-10.351966873706008,-15.113871635610776,-17.391304347826086,-15.94202898550725
600280.SSE,2025-11-20,—,二接三阳,2025,False,False,-25.9493670886076,-24.68354430379748,-25.9493670886076,-17.721518987341778,-24.68354430379748,-25.9493670886076,-27.63713080168776
600280.SSE,2026-06-02,—,二接三阴,2026,True,False,3.100775193798455,-3.100775193798455,3.100775193798455,3.100775193798455,-3.100775193798455,-7.235142118863058,-7.235142118863058
600281.SSE,2024-03-08,B1,二接三阴,2024,True,False,3.421052631578947,6.578947368421062,3.421052631578947,3.421052631578947,3.421052631578947,-3.6842105263157787,-3.6842105263157787
600281.SSE,2024-03-11,—,三接四阴,2024,False,False,-12.440191387559796,-10.526315789473673,-12.440191387559796,-5.980861244019131,-10.526315789473673,-12.440191387559796,-16.507177033492816
600281.SSE,2024-04-08,—,二接三阳,2024,False,False,-11.52263374485598,-14.814814814814826,-11.52263374485598,-5.3497942386831365,-14.814814814814826,-11.52263374485598,-20.370370370370374
600281.SSE,2025-04-30,—,二接三阳,2025,False,False,12.641083521444706,-10.158013544018052,5.643340857787815,-4.063205417607218,-10.158013544018052,12.641083521444706,6.772009029345383
600281.SSE,2025-06-13,—,二接三阳,2025,True,False,5.785123966942152,-7.7134986225895315,5.785123966942152,5.785123966942152,-7.7134986225895315,4.820936639118467,16.391184573002747
600281.SSE,2025-06-16,—,三接四阳,2025,False,False,-4.755944931163958,-8.635794743429292,5.757196495619521,-3.8798498122653347,-8.635794743429292,-4.755944931163958,-14.267834793491874
600283.SSE,2023-05-30,—,二接三阳,2023,True,False,-7.338444687842271,1.3143483023001057,-7.338444687842271,-7.338444687842271,-7.338444687842271,-12.267250821467702,-12.267250821467702
600287.SSE,2023-11-24,—,二接三阳,2023,False,False,-21.887287024901703,-20.31454783748362,-21.887287024901703,-14.941022280471817,-20.31454783748362,-21.887287024901703,-14.02359108781127
600287.SSE,2023-12-06,—,二接三阴,2023,False,False,-8.64745011086474,-15.07760532150776,-8.64745011086474,-12.638580931263855,-15.07760532150776,-8.64745011086474,-17.738359201773836
600288.SSE,2024-11-22,—,三接四阴,2024,True,False,-9.999999999999998,-0.9401709401709368,-9.999999999999998,-9.999999999999998,-0.9401709401709368,-18.974358974358964,-18.974358974358964
600288.SSE,2025-07-28,—,二接三阴,2025,False,False,-8.057851239669422,-11.501377410468317,-8.057851239669422,-8.402203856749303,-11.501377410468317,-8.057851239669422,-12.809917355371903
600288.SSE,2026-07-08,—,二接三阳,2026,True,False,-1.9286966686148377,0.0,-1.9286966686148377,-1.9286966686148377,-1.9286966686148377,-3.3313851548801843,-3.3313851548801843
600292.SSE,2024-11-11,—,二接三阴,2024,False,False,-2.6744944553163785,1.7612524461839474,6.784083496412263,-2.935420743639916,-2.6744944553163785,-2.6744944553163785,-4.631441617742993
600292.SSE,2024-12-03,—,二接三阳,2024,False,False,-8.848614072494666,5.543710021321946,-8.848614072494666,-4.051172707889139,-8.848614072494666,-8.848614072494666,-15.405117270788926
600293.SSE,2026-06-08,—,二接三阴,2026,False,False,-7.568807339449545,-7.110091743119273,-7.568807339449545,-5.275229357798173,-7.110091743119273,-7.568807339449545,-12.385321100917446
600297.SSE,2024-07-03,—,二接三阳,2024,False,False,4.347826086956519,-2.1739130434782594,7.608695652173902,-2.1739130434782594,-2.1739130434782594,4.347826086956519,-1.0869565217391353
600310.SSE,2023-05-24,—,二接三阴,2023,True,False,2.05011389521641,-3.1890660592255093,10.022779043280195,2.05011389521641,-3.1890660592255093,20.956719817767656,12.300683371298415
600310.SSE,2023-05-25,—,三接四阴,2023,True,False,-7.246376811594191,5.175983436852993,-7.246376811594191,-7.246376811594191,-7.246376811594191,9.937888198757761,2.0703933747411973
600310.SSE,2026-03-30,—,二接三阳,2026,False,False,-12.672176308539939,-21.62534435261707,-12.672176308539939,-12.947658402203855,-21.62534435261707,-12.672176308539939,-21.349862258953166
600313.SSE,2026-08-19,—,二接三阴,2026,False,False,-7.238605898123329,-13.94101876675603,-7.238605898123329,-4.4235924932975905,-13.94101876675603,-7.238605898123329,-12.868632707774797
600316.SSE,2024-07-30,—,二接三阴,2024,False,False,-6.321334503950837,-4.302019315188765,-6.321334503950837,-1.8876207199297612,-4.302019315188765,-6.321334503950837,-8.033362598770854
600318.SSE,2024-01-18,—,二接三阳,2024,True,False,-7.098121085594988,4.384133611691032,-7.098121085594988,-7.098121085594988,-7.098121085594988,-1.9832985386221247,-1.9832985386221247
600318.SSE,2024-11-06,—,二接三阳,2024,False,False,-8.270676691729328,-12.113617376775277,1.9214703425229684,-7.35171261487052,-12.113617376775277,-8.270676691729328,-11.27819548872182
600319.SSE,2025-07-02,—,二接三阴,2025,True,False,-8.227848101265822,0.0,-8.227848101265822,-8.227848101265822,-8.227848101265822,-16.70886075949367,-16.70886075949367
600319.SSE,2025-11-20,—,二接三阳,2025,False,False,-20.84388185654008,-20.759493670886066,-20.84388185654008,-12.067510548523208,-20.759493670886066,-20.84388185654008,-28.101265822784814
600320.SSE,2025-03-25,—,三接四阳,2025,False,False,-5.714285714285716,-18.487394957983206,-5.714285714285716,-9.747899159663865,-18.487394957983206,-5.714285714285716,-15.126050420168069
600326.SSE,2023-04-14,—,二接三阳,2023,False,False,-1.6460905349794275,-3.429355281207136,-1.6460905349794275,-2.3319615912208547,-3.429355281207136,-1.6460905349794275,-11.52263374485597
600326.SSE,2024-05-07,—,二接三阳,2024,False,False,-8.193277310924362,-4.621848739495793,-8.193277310924362,-3.7815126050420145,-4.621848739495793,-8.193277310924362,-7.563025210084017
600326.SSE,2024-08-15,—,二接三阴,2024,True,False,0.0,0.0,0.0,0.0,0.0,-4.159733777038266,-4.159733777038266
600327.SSE,2024-11-22,—,二接三阳,2024,True,False,-10.06600660066006,0.660066006600668,-10.06600660066006,-10.06600660066006,-10.06600660066006,35.4785478547855,-0.9900990099009799
600327.SSE,2024-11-29,A2,三接四阴,2024,True,False,2.7534418022528317,0.12515644555695093,2.7534418022528317,2.7534418022528317,2.7534418022528317,11.264080100125163,11.264080100125163
600336.SSE,2024-10-29,—,二接三阴,2024,False,False,-14.27312775330396,-14.27312775330396,-14.27312775330396,-4.757709251101316,-14.27312775330396,-14.27312775330396,-18.325991189427317
600343.SSE,2024-08-08,—,二接三阴,2024,False,False,-24.821428571428573,-24.821428571428573,-24.821428571428573,-16.428571428571427,-24.821428571428573,-24.821428571428573,-29.28571428571428
600343.SSE,2025-11-26,—,二接三阳,2025,False,False,-6.719532554257091,-9.682804674457435,-6.719532554257091,-9.05676126878131,-9.682804674457435,-6.719532554257091,-0.6677796327211993
600345.SSE,2024-02-07,—,二接三阴,2024,True,False,-4.925872788139651,-7.747489239598282,-4.925872788139651,-4.925872788139651,-7.747489239598282,1.147776183644189,4.591104734576756
600345.SSE,2024-06-18,—,二接三阴,2024,True,False,-0.9843400447427375,9.977628635346747,10.022371364653226,-0.9843400447427375,-0.9843400447427375,-10.872483221476504,-10.872483221476504
600345.SSE,2024-06-19,—,三接四阴,2024,True,False,-10.004066693777958,-8.011386742578274,-10.004066693777958,-10.004066693777958,-8.011386742578274,-18.991459943066282,-18.991459943066282
600351.SSE,2024-02-08,—,二接三阴,2024,False,False,-7.875185735512636,-11.887072808320964,-7.875185735512636,-5.646359583952465,-11.887072808320964,-7.875185735512636,-9.212481426448738
600353.SSE,2025-06-11,—,二接三阴,2025,False,False,0.4576659038901587,-2.517162471395884,0.4576659038901587,-4.424103737604879,-2.517162471395884,0.4576659038901587,5.797101449275366
600353.SSE,2026-06-17,—,二接三阴,2026,True,True,27.782141921969107,8.667190363969635,10.002618486514802,27.782141921969107,27.782141921969107,38.517936632626345,38.517936632626345
600353.SSE,2026-06-18,—,三接四阴,2026,True,False,16.162818376577004,9.997619614377529,9.997619614377529,16.162818376577004,16.162818376577004,25.922399428707443,25.922399428707443
600353.SSE,2026-08-18,—,二接三阴,2026,True,False,-9.989344698987745,-2.7171017581246515,-9.989344698987745,-9.989344698987745,-2.7171017581246515,-7.298881193393713,-7.298881193393713
600354.SSE,2025-04-09,—,二接三阳,2025,False,False,-8.582574772431729,-15.474642392717818,-8.582574772431729,-7.672301690507166,-15.474642392717818,-8.582574772431729,-17.03511053315996
600356.SSE,2024-12-03,—,二接三阴,2024,True,False,-9.990009990009984,-4.995004995004992,-9.990009990009984,-9.990009990009984,-4.995004995004992,-16.18381618381618,-16.18381618381618
600358.SSE,2025-01-17,—,三接四阳,2025,True,False,-7.983193277310918,10.084033613445387,-7.983193277310918,-7.983193277310918,-7.983193277310918,-12.605042016806712,-12.605042016806712
600362.SSE,2025-10-10,—,二接三阳,2025,False,False,-3.586399627387049,-9.711224965067522,-3.586399627387049,-1.956217978574748,-9.711224965067522,-3.586399627387049,-10.153702841173729
600363.SSE,2024-11-01,—,三接四阴,2024,False,False,8.17120622568095,-0.6809338521400754,-0.6809338521400754,-9.70817120622568,-0.6809338521400754,8.17120622568095,4.8443579766537015
600366.SSE,2025-06-13,—,二接三阳,2025,False,False,-0.257953568357705,-8.77042132416166,-0.257953568357705,-4.127257093723136,-8.77042132416166,-0.257953568357705,1.5477214101461634
600367.SSE,2026-06-03,—,二接三阴,2026,True,True,9.971910112359538,5.89887640449438,9.971910112359538,9.971910112359538,9.971910112359538,15.87078651685394,15.87078651685394
600369.SSE,2023-08-01,—,二接三阴,2023,False,False,-9.404990403071023,-6.717850287907867,-9.404990403071023,-6.142034548944341,-6.717850287907867,-9.404990403071023,-6.525911708253352
600371.SSE,2025-04-09,—,二接三阳,2025,True,False,4.2735042735042805,-5.128205128205121,4.2735042735042805,4.2735042735042805,-5.128205128205121,-6.153846153846143,-6.153846153846143
600371.SSE,2026-08-27,—,二接三阳,2026,True,True,37.464251668255486,10.0095328884652,10.0095328884652,37.464251668255486,37.464251668255486,24.690181124880837,24.690181124880837
600375.SSE,2024-02-20,—,二接三阴,2024,False,False,38.74345549738221,-4.973821989528792,5.235602094240832,-4.450261780104714,-4.973821989528792,38.74345549738221,52.617801047120416
600375.SSE,2024-02-23,—,二接三阴,2024,True,False,9.053497942386812,0.0,10.082304526748963,9.053497942386812,9.053497942386812,18.518518518518512,19.958847736625508
600375.SSE,2024-02-26,—,三接四阴,2024,True,False,-0.9345794392523366,0.0,10.093457943925245,-0.9345794392523366,-0.9345794392523366,7.663551401869162,8.971962616822449
600376.SSE,2024-09-30,—,二接三阳,2024,True,False,-3.92749244712991,8.761329305135956,-3.92749244712991,-3.92749244712991,-3.92749244712991,-13.595166163142004,-13.595166163142004
600376.SSE,2025-09-05,—,二接三阴,2025,True,False,42.73504273504274,-3.988603988603978,9.971509971509974,42.73504273504274,-3.988603988603978,106.83760683760686,56.98005698005699
600376.SSE,2025-09-08,—,三接四阴,2025,True,False,29.792746113989633,6.994818652849744,10.103626943005196,29.792746113989633,29.792746113989633,88.08290155440415,42.7461139896373
600376.SSE,2025-09-16,—,二接三阳,2025,True,True,8.845577211394296,2.8485757121439415,10.04497751124438,8.845577211394296,8.845577211394296,14.842578710644672,19.790104947526245
600376.SSE,2025-09-17,—,三接四阳,2025,True,False,-1.0899182561307952,5.585831062670299,9.945504087193457,-1.0899182561307952,-1.0899182561307952,4.3596730245231585,8.855585831062672
600378.SSE,2024-02-08,—,二接三阳,2024,False,False,-6.214856466410179,-3.2258064516128893,-6.214856466410179,-0.5918910920390541,-3.2258064516128893,-6.214856466410179,-5.652559928973067
600378.SSE,2026-07-01,—,二接三阴,2026,False,False,-0.904486251808978,-7.368547998070429,-0.904486251808978,-2.315484804630974,-7.368547998070429,-0.904486251808978,-8.333333333333325
600379.SSE,2026-04-30,—,二接三阴,2026,True,False,6.376638855780703,8.760429082240751,10.011918951132293,6.376638855780703,6.376638855780703,-0.17878426698451078,-0.17878426698451078
600379.SSE,2026-05-06,—,三接四阴,2026,True,True,-3.304442036836397,10.021668472372692,-3.304442036836397,-3.304442036836397,-3.304442036836397,-9.263271939328277,-9.263271939328277
600382.SSE,2024-12-03,—,二接三阳,2024,True,False,-1.936619718309851,10.035211267605648,-1.936619718309851,-1.936619718309851,-1.936619718309851,-10.2112676056338,-10.2112676056338
600382.SSE,2024-12-04,—,三接四阳,2024,False,False,-18.400000000000006,-17.12,-18.400000000000006,-10.88,-17.12,-18.400000000000006,-20.799999999999997
600383.SSE,2024-09-30,—,二接三阳,2024,True,False,3.8391224862888373,10.05484460694699,3.8391224862888373,3.8391224862888373,3.8391224862888373,-6.58135283363801,-6.58135283363801
600383.SSE,2024-10-08,—,三接四阳,2024,False,False,-15.116279069767435,-11.960132890365449,-15.116279069767435,-5.647840531561455,-11.960132890365449,-15.116279069767435,-18.43853820598006
600386.SSE,2024-07-31,—,二接三阳,2024,True,False,10.304449648711955,7.259953161592514,10.070257611241228,10.304449648711955,10.304449648711955,-0.7025761124121677,-0.7025761124121677
600386.SSE,2024-08-01,—,三接四阳,2024,True,True,0.21276595744681437,6.170212765957439,9.999999999999986,0.21276595744681437,0.21276595744681437,-9.787234042553195,-9.787234042553195
600390.SSE,2024-11-06,—,二接三阴,2024,False,False,-10.010214504596515,-15.526046986721143,-10.010214504596515,-11.133810010214507,-15.526046986721143,-10.010214504596515,-14.60674157303371
600392.SSE,2024-02-08,—,二接三阴,2024,False,False,-6.501547987616085,-7.017543859649122,-6.501547987616085,-2.6831785345717174,-7.017543859649122,-6.501547987616085,-8.152734778121761
600392.SSE,2024-11-04,—,二接三阴,2024,False,False,-1.0948905109488982,-12.408759124087588,-1.0948905109488982,-7.153284671532834,-12.408759124087588,-1.0948905109488982,-0.7299270072992692
600396.SSE,2026-03-19,—,三接四阴,2026,True,False,56.06326889279438,7.205623901581704,10.017574692442865,56.06326889279438,56.06326889279438,57.99648506151143,57.99648506151143
600396.SSE,2026-04-23,—,二接三阳,2026,True,False,-6.408952187182104,-1.831129196337744,-6.408952187182104,-6.408952187182104,-1.831129196337744,9.867751780264511,2.9501525940996753
600396.SSE,2026-05-08,—,二接三阴,2026,False,False,26.060606060606073,-4.015151515151516,3.6363636363636376,-5.757575757575761,-4.015151515151516,26.060606060606073,32.045454545454554
600396.SSE,2026-05-13,—,二接三阳,2026,True,True,0.48309178743961567,6.58212560386473,0.48309178743961567,0.48309178743961567,0.48309178743961567,5.253623188405809,5.253623188405809
600397.SSE,2024-12-30,—,二接三阳,2024,True,False,-1.041666666666663,0.0,9.895833333333325,-1.041666666666663,-1.041666666666663,14.84375,8.854166666666675
600397.SSE,2024-12-31,—,三接四阳,2024,True,False,-9.952606635071092,-2.8436018957346043,-9.952606635071092,-9.952606635071092,-2.8436018957346043,4.502369668246464,-0.9478672985781977
600397.SSE,2026-02-13,—,二接三阳,2026,False,False,24.33290978398983,2.7954256670902122,8.259212198221078,-1.5883100381194448,24.33290978398983,24.33290978398983,36.78526048284625
600397.SSE,2026-06-18,—,二接三阴,2026,True,False,26.287128712871286,8.81188118811882,10.000000000000009,26.287128712871286,26.287128712871286,27.12871287128713,27.12871287128713
600397.SSE,2026-06-22,—,三接四阴,2026,True,True,14.806480648064824,9.990999099909992,9.990999099909992,14.806480648064824,14.806480648064824,15.571557155715565,15.571557155715565
600397.SSE,2026-08-06,—,二接三阴,2026,True,True,8.999407933688563,7.282415630550632,8.999407933688563,8.999407933688563,8.999407933688563,5.920663114268798,5.920663114268798
600397.SSE,2026-08-07,—,三接四阴,2026,False,False,-3.7136706135629582,-2.744886975242189,-3.7136706135629582,-0.914962325080726,-2.744886975242189,-3.7136706135629582,-8.288482238966633
600400.SSE,2025-09-22,—,二接三阴,2025,True,True,-4.918032786885251,7.650273224043702,-4.918032786885251,-4.918032786885251,-4.918032786885251,-1.3661202185792476,4.644808743169393
600400.SSE,2025-09-23,—,三接四阴,2025,False,False,-10.421836228287852,-20.59553349875931,-4.962779156327546,-13.647642679900752,-20.59553349875931,-10.421836228287852,-19.354838709677423
600403.SSE,2025-10-16,—,二接三阳,2025,True,False,51.0,8.333333333333325,9.999999999999986,51.0,51.0,54.666666666666664,54.666666666666664
600403.SSE,2025-10-17,—,三接四阳,2025,True,True,37.27272727272728,4.2424242424242475,10.000000000000009,37.27272727272728,37.27272727272728,40.6060606060606,40.6060606060606
600403.SSE,2026-06-03,—,二接三阳,2026,True,False,19.76225854383358,9.955423476968805,9.955423476968805,19.76225854383358,19.76225854383358,13.67013372956909,13.67013372956909
600405.SSE,2024-11-25,—,二接三阳,2024,True,False,-10.067114093959727,-7.7181208053691215,-10.067114093959727,-10.067114093959727,-7.7181208053691215,-17.78523489932885,-17.78523489932885
600408.SSE,2023-09-18,—,二接三阳,2023,True,False,-9.941520467836252,-9.941520467836252,-9.941520467836252,-9.941520467836252,-9.941520467836252,-19.00584795321637,-19.00584795321637
600408.SSE,2025-10-20,—,二接三阴,2025,True,False,-7.339449541284415,-2.1406727828746086,-7.339449541284415,-7.339449541284415,-2.1406727828746086,-11.314984709480125,-11.314984709480125
600408.SSE,2025-11-05,—,二接三阳,2025,True,True,0.48309178743961567,8.69565217391306,0.48309178743961567,0.48309178743961567,0.48309178743961567,-3.864734299516903,-3.864734299516903
600408.SSE,2025-11-13,—,二接三阳,2025,True,True,9.490333919156413,7.557117750439368,10.017574692442865,9.490333919156413,9.490333919156413,-1.405975395430581,-1.405975395430581
600408.SSE,2025-11-14,—,三接四阳,2025,True,False,-0.4792332268370503,0.6389776357827559,10.063897763578279,-0.4792332268370503,-0.4792332268370503,-10.383386581469644,-10.383386581469644
600410.SSE,2024-11-26,B3,三接四阳,2024,True,False,32.85543608124253,10.035842293906839,10.035842293906839,32.85543608124253,32.85543608124253,34.40860215053765,34.40860215053765
600418.SSE,2023-10-30,—,三接四阳,2023,False,False,-17.048579285059574,-8.432630614115489,-17.048579285059574,-8.982584784601288,-8.432630614115489,-17.048579285059574,-16.773602199816683
600418.SSE,2024-10-09,—,二接三阳,2024,False,False,-4.777594728171342,-4.1515650741351,-4.777594728171342,-4.184514003294904,-4.1515650741351,-4.777594728171342,-9.686985172981878
600429.SSE,2025-11-13,—,三接四阳,2025,True,False,-10.027472527472536,-1.098901098901095,-10.027472527472536,-10.027472527472536,-1.098901098901095,-17.582417582417587,-17.582417582417587
600435.SSE,2026-01-08,—,二接三阳,2026,False,False,-5.137614678899083,-5.688073394495419,-5.137614678899083,-3.348623853211008,-5.688073394495419,-5.137614678899083,0.32110091743118296
600444.SSE,2023-12-06,—,二接三阳,2023,True,False,-4.4337606837606796,8.974358974358964,-4.4337606837606796,-4.4337606837606796,-4.4337606837606796,-13.99572649572648,-13.99572649572648
600444.SSE,2023-12-07,—,三接四阳,2023,False,False,-21.806702282661483,-13.307430791646425,-21.806702282661483,-13.11316172899465,-13.307430791646425,-21.806702282661483,-24.332200097134525
600444.SSE,2025-07-22,—,二接三阳,2025,False,False,-16.64499349804941,-13.307325530992632,-16.64499349804941,-6.892067620286079,-13.307325530992632,-16.64499349804941,-20.762895535327264
600446.SSE,2024-10-08,—,二接三阳,2024,True,False,-2.902374670184693,-0.7255936675461649,-2.902374670184693,-2.902374670184693,-0.7255936675461649,-10.290237467018471,-10.290237467018471
600448.SSE,2025-05-08,—,二接三阳,2025,True,False,14.525139664804465,10.05586592178771,10.05586592178771,14.525139664804465,14.525139664804465,34.07821229050278,25.977653631284902
600448.SSE,2025-05-09,A1,三接四阳,2025,True,False,4.060913705583746,9.898477157360407,4.060913705583746,4.060913705583746,4.060913705583746,21.82741116751268,14.467005076142136
600460.SSE,2024-10-09,—,二接三阳,2024,True,False,-3.5805626598465534,5.1516258677384075,-3.5805626598465534,-3.5805626598465534,-3.5805626598465534,-11.582024113993427,-11.582024113993427
600463.SSE,2024-07-31,—,二接三阳,2024,False,False,-3.765690376569053,-6.485355648535574,-3.765690376569053,-5.439330543933063,-6.485355648535574,-3.765690376569053,-1.3598326359832713
600463.SSE,2024-09-18,—,二接三阳,2024,False,False,-11.152416356877314,-13.847583643122674,-11.152416356877314,-4.2750929368029595,-13.847583643122674,-11.152416356877314,-6.8773234200743545
600463.SSE,2025-05-22,—,三接四阳,2025,False,False,-18.061366806136682,-13.877266387726639,-18.061366806136682,-8.926080892608091,-13.877266387726639,-18.061366806136682,-25.73221757322175
600468.SSE,2025-05-20,—,二接三阴,2025,True,False,-1.3136288998357948,6.732348111658459,-1.3136288998357948,-1.3136288998357948,-1.3136288998357948,-11.165845648604266,-11.165845648604266
600468.SSE,2025-05-21,—,三接四阴,2025,False,False,-19.253731343283587,-17.910447761194035,-19.253731343283587,-10.298507462686569,-17.910447761194035,-19.253731343283587,-19.253731343283587
600468.SSE,2025-06-04,—,二接三阳,2025,False,False,-14.740566037735848,-15.094339622641506,-14.740566037735848,-8.254716981132082,-15.094339622641506,-14.740566037735848,-6.25
600468.SSE,2025-06-10,—,二接三阳,2025,True,False,-9.865005192108,-3.530633437175512,-9.865005192108,-9.865005192108,-3.530633437175512,-5.607476635514031,-5.607476635514031
600470.SSE,2024-11-22,—,三接四阴,2024,True,False,-0.9803921568627416,-5.1820728291316565,9.943977591036424,-0.9803921568627416,-5.1820728291316565,-10.924369747899155,-10.924369747899155
600475.SSE,2025-07-07,—,二接三阴,2025,True,False,19.73969631236441,3.543022415039765,9.97830802603037,19.73969631236441,19.73969631236441,20.75198843094721,20.75198843094721
600475.SSE,2025-07-08,—,三接四阴,2025,True,False,8.875739644970393,0.591715976331364,9.993425378040754,8.875739644970393,8.875739644970393,9.796186719263634,9.796186719263634
600475.SSE,2025-08-07,—,二接三阴,2025,True,True,18.79543094496363,6.438213914849422,10.020768431983385,18.79543094496363,18.79543094496363,16.562824506749728,16.562824506749728
600475.SSE,2025-08-08,—,三接四阴,2025,True,True,7.975460122699385,2.406795658329397,7.975460122699385,7.975460122699385,7.975460122699385,5.946201038225563,5.946201038225563
600477.SSE,2026-01-13,A1,三接四阳,2026,True,False,2.064220183486243,-5.275229357798173,2.064220183486243,2.064220183486243,-5.275229357798173,-8.02752293577983,-8.02752293577983
600479.SSE,2026-08-28,—,二接三阳,2026,True,False,-8.852213053263313,-3.975993998499616,-8.852213053263313,-8.852213053263313,-3.975993998499616,-2.7756939234808597,0.30007501875468634
600481.SSE,2024-10-30,—,三接四阴,2024,True,False,17.70992366412214,10.076335877862608,10.076335877862608,17.70992366412214,17.70992366412214,22.137404580152676,22.137404580152676
600488.SSE,2026-03-31,—,二接三阳,2026,True,False,40.45801526717556,9.923664122137389,9.923664122137389,40.45801526717556,40.45801526717556,35.114503816793885,35.114503816793885
600488.SSE,2026-04-01,A1,三接四阳,2026,True,True,27.77777777777779,10.069444444444443,10.069444444444443,27.77777777777779,27.77777777777779,22.916666666666675,22.916666666666675
600498.SSE,2026-03-02,—,二接三阴,2026,True,True,-1.0227473108799123,2.9977076353376653,-1.0227473108799123,-1.0227473108799123,-1.0227473108799123,3.050608358314233,3.050608358314233
600500.SSE,2026-06-12,—,三接四阴,2026,True,False,3.90920554854981,-1.0088272383354413,3.90920554854981,3.90920554854981,-1.0088272383354413,16.015132408575017,14.249684741488021
600501.SSE,2024-05-30,—,二接三阳,2024,True,False,5.973025048169545,4.367373153500309,10.019267822736033,5.973025048169545,5.973025048169545,9.826589595375722,9.826589595375722
600501.SSE,2024-05-31,—,三接四阳,2024,True,False,-3.677758318739044,4.378283712784592,-3.677758318739044,-3.677758318739044,-3.677758318739044,-0.17513134851137035,-0.17513134851137035
600501.SSE,2024-07-30,—,二接三阳,2024,True,False,29.757785467128038,8.996539792387527,9.97693194925029,29.757785467128038,29.757785467128038,16.782006920415228,16.782006920415228
600501.SSE,2024-07-31,—,三接四阳,2024,True,False,17.98636601992658,10.015731515469328,10.015731515469328,17.98636601992658,17.98636601992658,6.187729417933929,6.187729417933929
600502.SSE,2026-04-01,—,二接三阴,2026,False,False,-8.885298869143787,-12.277867528271413,-8.885298869143787,-10.339256865912771,-12.277867528271413,-8.885298869143787,-15.024232633279489
600503.SSE,2024-12-12,—,二接三阴,2024,False,False,-19.905213270142173,-18.246445497630326,-19.905213270142173,-11.61137440758293,-18.246445497630326,-19.905213270142173,-11.848341232227478
600505.SSE,2024-05-14,—,二接三阴,2024,True,False,-9.985528219971062,-5.354558610709114,-9.985528219971062,-9.985528219971062,-5.354558610709114,-15.340086830680178,-15.340086830680178
600505.SSE,2025-04-28,—,二接三阳,2025,False,False,-18.147086914995224,-16.571155682903548,-18.147086914995224,-9.073543457497625,-16.571155682903548,-18.147086914995224,-25.45367717287489
600506.SSE,2023-11-13,—,二接三阴,2023,False,False,-12.886969042476604,-15.11879049676027,-12.886969042476604,-14.182865370770347,-15.11879049676027,-12.886969042476604,-4.17566594672426
600506.SSE,2023-11-17,—,二接三阳,2023,True,False,-0.43478260869564966,1.2422360248447228,9.999999999999986,-0.43478260869564966,-0.43478260869564966,-1.4285714285714457,9.503105590062088
600506.SSE,2023-11-20,—,三接四阳,2023,True,False,-9.486166007905139,5.081874647092022,-9.486166007905139,-9.486166007905139,-9.486166007905139,-10.389610389610393,-0.45172219085263254
600506.SSE,2023-12-29,—,二接三阳,2023,True,False,-10.005497526113249,-1.0995052226498214,-10.005497526113249,-10.005497526113249,-1.0995052226498214,-18.08686091258934,-18.08686091258934
600506.SSE,2024-12-13,—,二接三阳,2024,False,False,-12.281415209434732,-9.51606344042294,-12.281415209434732,-12.159414396095968,-9.51606344042294,-12.281415209434732,-6.181374542496954
600508.SSE,2026-08-26,—,二接三阳,2026,False,False,-1.6722408026755953,-9.030100334448166,-1.6722408026755953,-4.264214046822756,-9.030100334448166,-1.6722408026755953,1.3377926421404451
600513.SSE,2023-11-27,—,二接三阳,2023,False,False,-15.694444444444445,-18.680555555555557,-15.694444444444445,-9.652777777777777,-18.680555555555557,-15.694444444444445,-12.222222222222223
600513.SSE,2024-11-08,—,二接三阳,2024,False,False,-13.451191391237504,-12.605687932359732,-13.451191391237504,-12.375096079938508,-12.605687932359732,-13.451191391237504,-14.681014604150654
600513.SSE,2025-07-14,—,二接三阴,2025,True,True,-10.012135922330101,-2.9126213592232997,-10.012135922330101,-10.012135922330101,-2.9126213592232997,0.9708737864077666,-1.0315533980582603
600518.SSE,2024-11-11,—,二接三阳,2024,True,False,-6.0070671378091856,0.7067137809187329,-6.0070671378091856,-6.0070671378091856,-6.0070671378091856,-10.954063604240282,-10.954063604240282
600520.SSE,2023-10-19,—,二接三阴,2023,True,False,25.256895619253662,10.005408328826393,10.005408328826393,25.256895619253662,25.256895619253662,12.709572742022734,12.709572742022734
600520.SSE,2023-10-20,—,三接四阴,2023,True,False,13.864306784660773,9.980334316617512,9.980334316617512,13.864306784660773,13.864306784660773,2.4582104228122015,2.4582104228122015
600520.SSE,2023-11-08,—,二接三阳,2023,True,False,-0.09693053311792266,3.2310177705977328,-0.09693053311792266,-0.09693053311792266,-0.09693053311792266,13.053311793214872,9.886914378029065
600520.SSE,2024-10-28,—,二接三阴,2024,True,False,-2.0207743153918822,-4.438149197356001,-2.0207743153918822,-2.0207743153918822,-4.438149197356001,-11.161473087818708,-11.161473087818708
600527.SSE,2024-11-01,—,二接三阴,2024,False,False,-15.81196581196581,-13.247863247863256,-15.81196581196581,-8.119658119658112,-13.247863247863256,-15.81196581196581,-10.256410256410241
600527.SSE,2024-12-11,—,三接四阳,2024,True,False,-8.695652173913048,-6.666666666666665,-8.695652173913048,-8.695652173913048,-6.666666666666665,-17.68115942028986,-17.68115942028986
600531.SSE,2026-01-27,—,二接三阳,2026,True,False,8.88238164958517,6.1493411420205035,10.004880429477803,8.88238164958517,8.88238164958517,-2.000976085895556,-2.000976085895556
600531.SSE,2026-01-28,—,三接四阳,2026,True,False,-1.0204081632653073,9.937888198757783,9.982253771073646,-1.0204081632653073,-1.0204081632653073,-10.913930789707194,-10.913930789707194
600539.SSE,2025-01-16,—,二接三阳,2025,True,False,-1.0215664018161208,9.98864926220202,9.98864926220202,-1.0215664018161208,-1.0215664018161208,-10.896708286038603,-10.896708286038603
600539.SSE,2025-03-13,—,三接四阳,2025,True,False,-9.974747474747481,-8.459595959595955,-9.974747474747481,-9.974747474747481,-8.459595959595955,-19.00252525252525,-19.00252525252525
600540.SSE,2023-09-04,—,二接三阴,2023,False,False,-14.345403899721443,-10.863509749303613,-14.345403899721443,-8.07799442896936,-10.863509749303613,-14.345403899721443,-20.61281337047354
600540.SSE,2026-09-01,—,三接四阳,2026,True,False,-0.9803921568627527,9.967320261437917,9.967320261437917,-0.9803921568627527,-0.9803921568627527,-0.16339869281045694,-0.16339869281045694
600545.SSE,2023-09-28,—,二接三阳,2023,True,False,-7.941176470588241,-2.0588235294117574,-7.941176470588241,-7.941176470588241,-2.0588235294117574,-10.882352941176476,-10.882352941176476
600545.SSE,2024-12-09,—,二接三阳,2024,False,False,22.222222222222232,-5.079365079365072,5.0793650793650835,-4.444444444444451,-5.079365079365072,22.222222222222232,10.158730158730167
600545.SSE,2024-12-12,—,二接三阳,2024,True,False,-3.749999999999998,2.499999999999991,-3.749999999999998,-3.749999999999998,-3.749999999999998,-13.249999999999995,-13.249999999999995
600545.SSE,2024-12-13,—,三接四阳,2024,False,False,-21.13636363636364,-18.181818181818187,-21.13636363636364,-12.5,-18.181818181818187,-21.13636363636364,-29.09090909090909
600545.SSE,2026-03-06,—,二接三阴,2026,True,False,-6.2650602409638605,-6.506024096385554,-6.2650602409638605,-6.2650602409638605,-6.506024096385554,-4.578313253012056,-4.578313253012056
600550.SSE,2024-09-04,—,二接三阳,2024,True,False,-2.368866328257202,9.983079526226724,-2.368866328257202,-2.368866328257202,-2.368866328257202,1.8612521150592087,1.8612521150592087
600550.SSE,2024-09-05,—,三接四阳,2024,False,False,-7.3846153846153895,-7.538461538461538,-7.3846153846153895,-11.230769230769234,-7.538461538461538,-7.3846153846153895,1.846153846153853
600550.SSE,2024-09-13,—,二接三阴,2024,True,False,7.9905992949471205,2.820211515863691,7.9905992949471205,7.9905992949471205,7.9905992949471205,29.37720329024678,18.80141010575793
600550.SSE,2024-09-18,—,三接四阴,2024,False,False,17.62820512820513,-10.576923076923084,8.012820512820507,-1.8162393162393209,-10.576923076923084,17.62820512820513,5.876068376068377
600550.SSE,2024-09-23,—,二接三阳,2024,True,False,-9.975470155355692,3.8430089942763646,-9.975470155355692,-9.975470155355692,-9.975470155355692,-18.969746524938678,-18.969746524938678
600550.SSE,2024-09-24,—,三接四阳,2024,False,False,-26.31970260223048,-21.933085501858727,-26.31970260223048,-18.141263940520446,-21.933085501858727,-26.31970260223048,-29.591078066914488
600550.SSE,2025-05-21,—,二接三阳,2025,False,False,-13.33333333333332,-13.043478260869568,-13.33333333333332,-6.2801932367149815,-13.043478260869568,-13.33333333333332,-17.198067632850233
600551.SSE,2026-09-01,—,二接三阴,2026,True,False,-5.066079295154191,-0.8810572687224627,-5.066079295154191,-5.066079295154191,-0.8810572687224627,-12.334801762114534,-12.334801762114534
600552.SSE,2024-09-02,—,二接三阴,2024,False,False,0.3389830508474523,-2.3728813559321993,8.881355932203384,-1.016949152542379,-2.3728813559321993,0.3389830508474523,3.661016949152529
600556.SSE,2025-01-16,—,二接三阳,2025,True,False,5.6782334384858135,0.1577287066246047,5.6782334384858135,5.6782334384858135,5.6782334384858135,-4.889589905362768,-4.889589905362768
600556.SSE,2025-01-17,B3,三接四阳,2025,False,False,-13.486370157819216,-8.608321377331418,-13.486370157819216,-3.8737446197991354,-8.608321377331418,-13.486370157819216,-22.094691535150645
600560.SSE,2023-06-01,—,二接三阳,2023,True,False,-9.97693194925029,-1.9607843137254943,-9.97693194925029,-9.97693194925029,-1.9607843137254943,-18.91580161476355,-18.91580161476355
600560.SSE,2023-12-12,—,二接三阳,2023,False,False,-5.765306122448988,-12.295918367346935,-5.765306122448988,-10.71428571428572,-12.295918367346935,-5.765306122448988,-15.204081632653066
600560.SSE,2024-03-08,—,二接三阴,2024,False,False,-13.412816691505213,-11.475409836065564,-13.412816691505213,-11.028315946348732,-11.475409836065564,-13.412816691505213,-15.946348733233961
600561.SSE,2024-08-05,—,二接三阴,2024,True,False,-10.015649452269171,-1.7214397496087552,-10.015649452269171,-10.015649452269171,-1.7214397496087552,-18.935837245696398,-18.935837245696398
600570.SSE,2024-10-09,—,三接四阳,2024,True,False,-8.02023121387283,1.1560693641618602,-8.02023121387283,-8.02023121387283,-8.02023121387283,-15.534682080924856,-15.534682080924856
600571.SSE,2025-04-23,—,二接三阴,2025,False,False,-17.18991250643335,-9.469891919711781,-17.18991250643335,-8.389089037570763,-9.469891919711781,-17.18991250643335,-19.094184251157998
600577.SSE,2024-03-26,—,二接三阳,2024,False,False,-12.454873646209396,-6.859205776173283,-12.454873646209396,-4.151624548736466,-6.859205776173283,-12.454873646209396,-7.220216606498198
600578.SSE,2026-05-15,—,二接三阳,2026,True,False,17.974322396576326,3.1383737517831856,9.985734664764623,17.974322396576326,17.974322396576326,6.134094151212555,6.134094151212555
600578.SSE,2026-05-18,—,三接四阳,2026,True,False,7.263294422827493,0.0,7.263294422827493,7.263294422827493,7.263294422827493,-3.5019455252918275,-3.5019455252918275
600579.SSE,2023-12-15,—,二接三阳,2023,True,False,-9.990009990009984,-7.89210789210788,-9.990009990009984,-9.990009990009984,-7.89210789210788,-18.981018981018984,-18.981018981018984
600579.SSE,2024-02-23,—,三接四阳,2024,True,False,14.88250652741514,9.921671018276768,10.052219321148815,14.88250652741514,14.88250652741514,4.177545691906004,4.177545691906004
600579.SSE,2024-10-28,—,二接三阴,2024,True,False,-0.9828009828009798,9.950859950859936,-0.9828009828009798,-0.9828009828009798,-0.9828009828009798,1.4742014742014753,1.4742014742014753
600579.SSE,2024-10-29,—,三接四阴,2024,False,False,-7.709497206703908,-12.849162011173176,-7.709497206703908,-9.944134078212274,-12.849162011173176,-7.709497206703908,-13.072625698324014
600579.SSE,2024-12-20,—,二接三阴,2024,True,False,16.025641025641036,-9.98168498168498,9.98168498168499,16.025641025641036,-9.98168498168498,4.395604395604402,4.395604395604402
600579.SSE,2024-12-23,—,三接四阴,2024,True,False,5.495420482930902,9.908409658617812,9.99167360532891,5.495420482930902,5.495420482930902,-5.07910074937552,-5.07910074937552
600579.SSE,2025-01-23,—,二接三阳,2025,False,False,-17.30597680642285,-14.362176628010715,-17.30597680642285,-8.117752007136481,-14.362176628010715,-17.30597680642285,-24.888492417484397
600579.SSE,2025-07-31,—,二接三阴,2025,True,False,-9.973045822102433,-5.660377358490576,-9.973045822102433,-9.973045822102433,-5.660377358490576,-18.23899371069183,-18.23899371069183
600589.SSE,2024-09-23,B1,二接三阴,2024,True,False,7.829181494661919,2.8469750889679846,9.964412811387891,7.829181494661919,7.829181494661919,11.38790035587187,11.38790035587187
600589.SSE,2024-09-24,—,三接四阴,2024,True,False,-1.9417475728155331,-2.9126213592232997,-1.9417475728155331,-1.9417475728155331,-2.9126213592232997,1.2944983818770295,1.2944983818770295
600589.SSE,2024-12-02,—,二接三阳,2024,True,False,-2.6578073089700838,7.475083056478415,-2.6578073089700838,-2.6578073089700838,-2.6578073089700838,-12.458471760797341,-12.458471760797341
600589.SSE,2024-12-03,—,三接四阳,2024,False,False,-20.392749244712995,-11.329305135951662,-20.392749244712995,-11.480362537764343,-11.329305135951662,-20.392749244712995,-22.658610271903324
600590.SSE,2024-12-27,—,二接三阴,2024,True,False,-10.014947683109131,1.6442451420029869,-10.014947683109131,-10.014947683109131,-10.014947683109131,-18.983557548579977,-18.983557548579977
600590.SSE,2025-02-21,—,二接三阴,2025,True,True,7.416267942583743,10.047846889952151,10.047846889952151,7.416267942583743,7.416267942583743,12.081339712918648,18.18181818181821
600592.SSE,2023-11-08,—,三接四阳,2023,True,False,-10.027855153203335,-3.96935933147633,-10.027855153203335,-10.027855153203335,-3.96935933147633,-19.011142061281326,-19.011142061281326
600592.SSE,2025-03-06,—,二接三阴,2025,True,True,4.687500000000022,3.281249999999991,4.687500000000022,4.687500000000022,4.687500000000022,0.4166666666666874,0.4166666666666874
600592.SSE,2025-05-07,—,二接三阳,2025,True,False,6.813996316758764,0.11049723756906271,6.813996316758764,6.813996316758764,6.813996316758764,0.18416206261511192,0.18416206261511192
600593.SSE,2023-12-04,—,二接三阳,2023,False,False,-3.480176211453745,-10.748898678414086,-3.480176211453745,-6.211453744493389,-10.748898678414086,-3.480176211453745,-7.312775330396482
600593.SSE,2024-01-08,—,三接四阳,2024,True,False,3.1509121061360057,6.135986733001664,10.016583747927044,3.1509121061360057,3.1509121061360057,0.16583747927032544,0.16583747927032544
600593.SSE,2024-03-07,—,二接三阳,2024,True,False,-9.98396150761829,0.0,-9.98396150761829,-9.98396150761829,-9.98396150761829,-13.43223736968725,-13.43223736968725
600593.SSE,2024-11-08,—,二接三阳,2024,False,False,-8.369169698974533,-8.997684419450868,-8.369169698974533,-5.921270261329803,-8.997684419450868,-8.369169698974533,-1.9186238835593894
600593.SSE,2024-11-27,—,二接三阳,2024,False,False,-8.019375672766405,-5.839612486544654,-8.019375672766405,-5.839612486544654,-5.839612486544654,-8.019375672766405,-11.302475780409027
600593.SSE,2024-12-16,—,二接三阳,2024,True,False,-10.003559985760058,1.762192951228192,-10.003559985760058,-10.003559985760058,-10.003559985760058,-19.010323958704166,-19.010323958704166
600598.SSE,2025-04-09,—,二接三阳,2025,True,False,-0.15806111696523573,-8.851422550052689,-0.15806111696523573,-0.15806111696523573,-8.851422550052689,-10.11591148577451,-10.11591148577451
600601.SSE,2024-12-02,—,二接三阳,2024,False,False,-11.394891944990182,-6.876227897838893,-11.394891944990182,-6.483300589390961,-6.876227897838893,-11.394891944990182,-13.948919449901764
600602.SSE,2024-10-09,—,二接三阳,2024,False,False,-9.818636647904944,0.0625390869293252,-9.818636647904944,-5.3783614759224445,-9.818636647904944,-9.818636647904944,-15.509693558474048
600602.SSE,2025-02-18,—,二接三阴,2025,True,False,-0.947051226861817,3.314679294016365,-0.947051226861817,-0.947051226861817,-0.947051226861817,-4.993542832544129,-4.993542832544129
600602.SSE,2025-02-25,—,二接三阳,2025,False,False,-6.364874063989101,-2.9271613342409797,-6.364874063989101,-1.9741320626276315,-2.9271613342409797,-6.364874063989101,-14.942137508509191
600604.SSE,2024-10-29,—,二接三阳,2024,False,False,-8.084358523725832,-11.072056239015826,-8.084358523725832,-7.381370826010558,-11.072056239015826,-8.084358523725832,-5.799648506151145
600604.SSE,2025-07-15,—,二接三阳,2025,False,False,4.796511627906974,-5.66860465116279,4.796511627906974,-0.8720930232558044,-5.66860465116279,4.796511627906974,1.744186046511631
600605.SSE,2024-02-21,—,二接三阳,2024,True,False,2.6517083120856766,1.988781234064252,2.6517083120856766,2.6517083120856766,2.6517083120856766,4.181540030596631,4.181540030596631
600606.SSE,2024-10-08,—,三接四阳,2024,True,False,-10.043668122270743,-6.986899563318783,-10.043668122270743,-10.043668122270743,-6.986899563318783,-15.283842794759828,-15.283842794759828
600606.SSE,2025-07-14,—,二接三阳,2025,True,False,-0.4366812227074357,-6.113537117903933,-0.4366812227074357,-0.4366812227074357,-6.113537117903933,-10.48034934497818,-10.48034934497818
600610.SSE,2023-12-21,—,二接三阴,2023,False,False,-19.859578736208626,-14.443329989969921,-19.859578736208626,-10.93279839518555,-14.443329989969921,-19.859578736208626,-18.756268806419264
600610.SSE,2025-03-12,—,二接三阴,2025,False,False,-0.5597014925373234,-7.649253731343286,-0.5597014925373234,-5.597014925373145,-7.649253731343286,-0.5597014925373234,1.3059701492537101
600610.SSE,2025-03-19,—,二接三阳,2025,False,False,1.2448132780082943,-4.564315352697101,1.2448132780082943,-0.9681881051175734,-4.564315352697101,1.2448132780082943,10.096818810511742
600610.SSE,2025-03-26,—,二接三阳,2025,True,False,-1.037735849056598,5.377358490566042,10.000000000000009,-1.037735849056598,-1.037735849056598,-10.943396226415093,-10.943396226415093
600610.SSE,2025-03-27,—,三接四阳,2025,True,True,-10.034305317324188,-0.08576329331045907,-10.034305317324188,-10.034305317324188,-0.08576329331045907,-19.039451114922823,-19.039451114922823
600611.SSE,2024-07-12,—,二接三阴,2024,False,False,4.215456674473073,0.7025761124121788,4.215456674473073,-1.6393442622950727,4.215456674473073,4.215456674473073,14.754098360655753
600611.SSE,2024-09-09,—,二接三阳,2024,False,False,-26.311605723370434,-26.311605723370434,-26.311605723370434,-18.12400635930047,-26.311605723370434,-26.311605723370434,-33.70429252782194
600611.SSE,2024-10-09,—,二接三阳,2024,True,False,-5.068637803590292,4.751847940865894,-5.068637803590292,-5.068637803590292,-5.068637803590292,-13.410770855332643,-13.410770855332643
600613.SSE,2026-08-17,—,二接三阳,2026,True,False,10.354609929078018,10.070921985815605,10.070921985815605,10.354609929078018,10.354609929078018,27.65957446808511,21.418439716312076
600613.SSE,2026-08-18,—,三接四阳,2026,True,False,0.2577319587628857,5.541237113402064,0.2577319587628857,0.2577319587628857,0.2577319587628857,15.97938144329898,10.309278350515472
600615.SSE,2023-09-25,—,二接三阴,2023,True,False,-9.967320261437917,-7.434640522875813,-9.967320261437917,-9.967320261437917,-7.434640522875813,-18.954248366013072,-18.954248366013072
600617.SSE,2026-03-23,—,二接三阴,2026,False,False,-3.4168564920273203,-7.744874715261951,-3.4168564920273203,-6.378132118451008,-7.744874715261951,-3.4168564920273203,-1.3667425968109215
600617.SSE,2026-07-28,—,二接三阳,2026,False,False,-16.58536585365853,-19.756097560975604,-16.58536585365853,-10.731707317073159,-19.756097560975604,-16.58536585365853,-21.219512195121947
600619.SSE,2024-09-20,—,二接三阴,2024,True,False,3.6262203626220346,-6.8340306834030695,10.041841004184104,3.6262203626220346,-6.8340306834030695,7.949790794979084,7.949790794979084
600619.SSE,2024-09-23,—,三接四阴,2024,True,False,-5.83016476552598,-6.33713561470215,-5.83016476552598,-5.83016476552598,-6.33713561470215,-1.9011406844106404,-1.9011406844106404
600619.SSE,2024-10-10,—,二接三阳,2024,False,False,-21.121822962313765,-20.157756354075374,-21.121822962313765,-17.17791411042946,-20.157756354075374,-21.121822962313765,-19.28133216476774
600619.SSE,2024-11-06,—,二接三阴,2024,True,False,28.589993502274204,0.0,10.00649772579596,28.589993502274204,28.589993502274204,33.00844704353476,33.00844704353476
600619.SSE,2024-11-07,—,三接四阴,2024,True,False,16.89308919078558,-4.902539870053147,9.98227997637331,16.89308919078558,-4.902539870053147,20.909627879503834,20.909627879503834
600619.SSE,2025-08-13,—,二接三阴,2025,True,False,-10.007911392405067,-4.667721518987344,-10.007911392405067,-10.007911392405067,-4.667721518987344,-11.867088607594933,-11.867088607594933
600620.SSE,2025-07-18,—,二接三阴,2025,True,False,-1.8087855297157729,-1.8087855297157729,-1.8087855297157729,-1.8087855297157729,-1.8087855297157729,-11.627906976744196,-11.627906976744196
600622.SSE,2024-01-26,—,二接三阳,2024,True,False,-10.032362459546928,7.4433656957928696,-10.032362459546928,-10.032362459546928,-10.032362459546928,-8.414239482200635,-8.414239482200635
600622.SSE,2024-02-20,—,二接三阴,2024,True,False,-6.1224489795918435,1.7006802721088565,-6.1224489795918435,-6.1224489795918435,-6.1224489795918435,-8.163265306122437,-8.163265306122437
600622.SSE,2024-09-30,—,二接三阳,2024,True,False,6.367041198501866,10.1123595505618,6.367041198501866,6.367041198501866,6.367041198501866,-4.119850187265916,-4.119850187265916
600622.SSE,2024-10-08,—,三接四阳,2024,False,False,-12.925170068027203,-11.564625850340127,-12.925170068027203,-3.401360544217691,-11.564625850340127,-12.925170068027203,-17.68707482993197
600622.SSE,2024-10-16,A2,三接四阴,2024,True,False,8.757062146892647,9.887005649717517,9.887005649717517,8.757062146892647,8.757062146892647,7.062146892655363,7.062146892655363
600622.SSE,2024-11-04,—,二接三阴,2024,False,False,-8.499999999999996,-10.166666666666668,-8.499999999999996,-7.833333333333325,-10.166666666666668,-8.499999999999996,-8.666666666666655
600626.SSE,2024-07-16,—,二接三阳,2024,True,False,-7.739938080495357,0.6191950464396356,-7.739938080495357,-7.739938080495357,-7.739938080495357,-11.145510835913308,-11.145510835913308
600628.SSE,2024-11-27,—,二接三阴,2024,True,False,20.219780219780215,7.472527472527468,10.000000000000009,20.219780219780215,20.219780219780215,8.241758241758234,8.241758241758234
600628.SSE,2024-11-28,—,三接四阴,2024,True,True,9.290709290709298,9.990009990009984,9.990009990009984,9.290709290709298,9.290709290709298,-1.5984015984015998,-1.5984015984015998
600629.SSE,2024-01-25,—,二接三阴,2024,True,False,-1.0067114093959662,10.067114093959727,10.067114093959727,-1.0067114093959662,-1.0067114093959662,7.885906040268442,8.892617449664431
600629.SSE,2024-01-26,—,三接四阴,2024,True,False,-10.060975609756085,10.060975609756095,-10.060975609756085,-10.060975609756085,-10.060975609756085,-1.981707317073167,-1.0670731707317027
600629.SSE,2024-11-07,—,三接四阴,2024,False,False,-1.4008620689655027,-9.80603448275862,-1.4008620689655027,-1.4008620689655027,-9.80603448275862,-1.4008620689655027,-2.909482758620685
600629.SSE,2025-09-15,—,二接三阳,2025,True,False,5.878928987194421,8.149010477299168,10.011641443538988,5.878928987194421,5.878928987194421,4.714784633294511,4.714784633294511
600629.SSE,2025-09-16,—,三接四阳,2025,True,False,-3.756613756613747,1.4814814814814836,-3.756613756613747,-3.756613756613747,-3.756613756613747,-4.814814814814817,-4.814814814814817
600629.SSE,2025-09-29,—,二接三阳,2025,True,True,8.512269938650308,9.585889570552153,10.007668711656459,8.512269938650308,8.512269938650308,14.033742331288334,14.033742331288334
600629.SSE,2025-09-30,—,三接四阳,2025,True,False,-1.359358661554555,1.0805158591843833,-1.359358661554555,-1.359358661554555,-1.359358661554555,3.659811781108391,3.659811781108391
600630.SSE,2023-12-18,—,二接三阳,2023,True,True,-7.254290171606859,9.98439937597504,-7.254290171606859,-7.254290171606859,-7.254290171606859,17.78471138845554,2.028081123244929
600630.SSE,2023-12-19,—,三接四阳,2023,False,False,7.092198581560294,-17.092198581560282,-7.234042553191489,-15.673758865248221,-17.092198581560282,7.092198581560294,17.801418439716322
600630.SSE,2023-12-22,—,二接三阴,2023,False,False,13.708149084017695,-4.611497157296274,4.927353126974099,-4.611497157296274,-4.611497157296274,13.708149084017695,11.181301326595072
600635.SSE,2024-07-29,B1,二接三阴,2024,True,True,0.0,10.025706940874034,10.025706940874034,0.0,0.0,-7.197943444730082,-7.197943444730082
600635.SSE,2024-10-30,—,三接四阳,2024,True,False,4.940711462450587,2.5691699604743157,4.940711462450587,4.940711462450587,4.940711462450587,-5.533596837944654,-5.533596837944654
600635.SSE,2025-09-24,—,二接三阳,2025,False,False,-14.24287856071964,-10.494752623688164,-14.24287856071964,-4.797601199400303,-10.494752623688164,-14.24287856071964,-22.78860569715142
600637.SSE,2026-01-09,—,二接三阳,2026,True,False,15.540540540540547,9.98498498498499,9.98498498498499,15.540540540540547,15.540540540540547,11.561561561561561,11.561561561561561
600637.SSE,2026-01-12,—,三接四阳,2026,True,True,5.0511945392491375,10.03412969283277,5.0511945392491375,5.0511945392491375,5.0511945392491375,1.433447098976104,1.433447098976104
600638.SSE,2023-07-27,—,二接三阴,2023,False,False,-7.712765957446798,-8.643617021276583,-7.712765957446798,-6.648936170212771,-8.643617021276583,-7.712765957446798,-3.856382978723394
600639.SSE,2024-01-25,—,二接三阴,2024,True,False,8.979591836734691,10.04081632653062,10.04081632653062,8.979591836734691,8.979591836734691,6.1224489795918435,6.1224489795918435
600641.SSE,2026-07-02,—,二接三阴,2026,True,True,-1.5132669983416336,-0.9950248756218971,-1.5132669983416336,-1.5132669983416336,-0.9950248756218971,-9.950248756218915,-9.950248756218915
600643.SSE,2024-09-26,—,二接三阴,2024,True,False,3.8674033149171283,8.47145488029466,3.8674033149171283,3.8674033149171283,3.8674033149171283,13.075506445672191,14.180478821362819
600643.SSE,2024-09-27,—,三接四阴,2024,False,False,2.8475711892797406,-1.1725293132328174,3.8525963149078857,-5.527638190954775,-1.1725293132328174,2.8475711892797406,-7.37018425460636
600643.SSE,2025-06-27,—,二接三阳,2025,True,False,7.225433526011571,-4.624277456647407,7.225433526011571,7.225433526011571,-4.624277456647407,6.069364161849711,17.919075144508678
600644.SSE,2025-04-17,—,三接四阴,2025,True,False,4.089581304771173,-5.0632911392405,4.089581304771173,4.089581304771173,-5.0632911392405,13.826679649464468,14.50827653359299
600644.SSE,2025-05-22,—,二接三阳,2025,False,False,-13.471810089020774,-6.706231454005939,-13.471810089020774,-3.857566765578646,-6.706231454005939,-13.471810089020774,-9.495548961424339
600648.SSE,2024-01-26,—,二接三阳,2024,True,False,-10.015898251192368,-0.6359300476947549,-10.015898251192368,-10.015898251192368,-0.6359300476947549,-14.069952305246424,-14.069952305246424
600649.SSE,2024-09-30,—,二接三阳,2024,True,False,1.2145748987854255,7.0850202429149745,1.2145748987854255,1.2145748987854255,1.2145748987854255,-8.906882591093124,-8.906882591093124
600649.SSE,2024-10-08,—,三接四阳,2024,False,False,-17.12707182320442,-11.970534069981575,-17.12707182320442,-7.918968692449346,-11.970534069981575,-17.12707182320442,-11.233885819521172
600650.SSE,2024-07-31,—,二接三阳,2024,False,False,-21.77601809954751,-23.529411764705888,-21.77601809954751,-17.420814479638015,-23.529411764705888,-21.77601809954751,-21.66289592760181
600650.SSE,2024-10-09,—,二接三阳,2024,True,False,-5.779220779220784,5.1948051948051965,-5.779220779220784,-5.779220779220784,-5.779220779220784,-15.194805194805195,-15.194805194805195
600650.SSE,2024-11-21,—,二接三阴,2024,True,False,-1.015744032503818,-0.9141696292534252,10.005078720162519,-1.015744032503818,-0.9141696292534252,-10.919248349415955,-10.919248349415955
600650.SSE,2024-11-22,—,三接四阴,2024,True,False,-10.018467220683291,-0.5078485687903922,-10.018467220683291,-10.018467220683291,-0.5078485687903922,-19.02123730378579,-19.02123730378579
600653.SSE,2024-06-03,—,二接三阴,2024,True,False,11.688311688311682,7.14285714285714,9.740259740259738,11.688311688311682,11.688311688311682,0.6493506493506551,0.6493506493506551
600653.SSE,2024-06-04,—,三接四阴,2024,True,False,1.775147928994092,10.059171597633142,1.775147928994092,1.775147928994092,1.775147928994092,-8.284023668639051,-8.284023668639051
600653.SSE,2024-10-29,—,三接四阴,2024,True,False,8.771929824561408,0.0,10.087719298245613,8.771929824561408,8.771929824561408,-1.3157894736842035,-1.3157894736842035
600654.SSE,2024-11-12,—,三接四阳,2024,False,False,20.099255583126528,-9.429280397022344,-3.47394540942928,-12.158808933002485,-9.429280397022344,20.099255583126528,18.610421836228298
600654.SSE,2024-11-15,—,二接三阴,2024,True,False,2.7600849256900206,9.97876857749469,9.97876857749469,2.7600849256900206,2.7600849256900206,1.4861995753715496,1.4861995753715496
600654.SSE,2024-11-18,—,三接四阴,2024,True,True,-6.563706563706562,5.984555984555984,-6.563706563706562,-6.563706563706562,-6.563706563706562,-7.722007722007717,-7.722007722007717
600654.SSE,2026-04-08,—,二接三阴,2026,True,False,1.81818181818183,9.999999999999986,1.81818181818183,1.81818181818183,1.81818181818183,-7.272727272727275,-7.272727272727275
600654.SSE,2026-04-09,—,三接四阴,2026,False,False,-15.702479338842966,-7.438016528925607,-15.702479338842966,-7.438016528925607,-7.438016528925607,-15.702479338842966,-7.231404958677679
600657.SSE,2024-09-30,—,二接三阳,2024,True,False,2.188183807439814,10.065645514223199,2.188183807439814,2.188183807439814,2.188183807439814,-8.096280087527353,-8.096280087527353
600657.SSE,2024-10-08,—,三接四阳,2024,False,False,-16.50099403578529,-14.512922465208755,-16.50099403578529,-7.157057654075549,-14.512922465208755,-16.50099403578529,-20.079522862823072
600657.SSE,2024-10-16,—,二接三阳,2024,True,False,-3.703703703703709,1.8518518518518379,-3.703703703703709,-3.703703703703709,-3.703703703703709,-3.888888888888886,-3.888888888888886
600658.SSE,2023-11-22,—,二接三阳,2023,False,False,-15.161290322580657,-14.677419354838717,-15.161290322580657,-13.064516129032267,-14.677419354838717,-15.161290322580657,-19.193548387096783
600658.SSE,2024-09-19,—,二接三阳,2024,True,False,-0.2512562814070307,0.5025125628140614,10.050251256281406,-0.2512562814070307,-0.2512562814070307,1.5075376884422065,1.5075376884422065
600658.SSE,2024-09-20,—,三接四阳,2024,True,False,-9.360730593607302,-7.534246575342463,-9.360730593607302,-9.360730593607302,-7.534246575342463,-7.762557077625565,-7.762557077625565
600658.SSE,2024-10-28,—,二接三阳,2024,True,False,-7.177033492822959,-4.306220095693769,-7.177033492822959,-7.177033492822959,-4.306220095693769,-12.759170653907493,-12.759170653907493
600658.SSE,2025-08-14,—,二接三阴,2025,True,False,-1.4409221902017322,-2.017291066282434,-1.4409221902017322,-1.4409221902017322,-2.017291066282434,1.0086455331411948,1.0086455331411948
600661.SSE,2023-12-05,—,二接三阳,2023,True,False,8.901363271852446,-3.7690457097032892,10.024057738572578,8.901363271852446,-3.7690457097032892,-2.0048115477145134,-2.0048115477145134
600661.SSE,2023-12-06,—,三接四阳,2023,True,False,-1.0204081632653073,2.988338192419815,9.985422740524786,-1.0204081632653073,-1.0204081632653073,-10.932944606413997,-10.932944606413997
600661.SSE,2024-02-21,—,二接三阳,2024,False,False,1.1904761904761862,-7.638888888888884,1.1904761904761862,-3.8690476190476275,-7.638888888888884,1.1904761904761862,-1.984126984126977
600661.SSE,2024-08-07,—,二接三阴,2024,True,False,-9.992254066615036,-9.992254066615036,-9.992254066615036,-9.992254066615036,-9.992254066615036,-13.94268009295121,-13.94268009295121
600662.SSE,2026-01-15,—,二接三阳,2026,True,False,-10.029069767441856,-9.156976744186041,-10.029069767441856,-10.029069767441856,-9.156976744186041,-15.697674418604656,-15.697674418604656
600664.SSE,2026-04-16,—,二接三阴,2026,False,False,-14.54918032786885,-12.909836065573765,-14.54918032786885,-9.83606557377048,-12.909836065573765,-14.54918032786885,-12.295081967213106
600664.SSE,2026-07-14,—,二接三阳,2026,True,False,30.637254901960787,5.882352941176472,10.049019607843146,30.637254901960787,30.637254901960787,30.14705882352939,30.14705882352939
600664.SSE,2026-07-15,B3,三接四阳,2026,True,True,18.70824053452116,10.022271714922049,10.022271714922049,18.70824053452116,18.70824053452116,18.262806236080166,18.262806236080166
600664.SSE,2026-08-11,—,二接三阴,2026,True,False,6.5296251511487435,0.0,6.5296251511487435,6.5296251511487435,6.5296251511487435,7.134220072551378,7.134220072551378
600665.SSE,2024-05-17,—,二接三阴,2024,True,False,-9.859154929577452,-4.225352112676051,-9.859154929577452,-9.859154929577452,-4.225352112676051,-11.267605633802813,-11.267605633802813
600666.SSE,2024-10-09,—,二接三阳,2024,False,False,-6.730769230769241,-5.288461538461542,3.3653846153846034,-6.25,-5.288461538461542,-6.730769230769241,-7.692307692307699
600666.SSE,2024-11-11,—,二接三阴,2024,False,False,-12.297734627831714,-6.148867313915851,-12.297734627831714,-5.825242718446589,-6.148867313915851,-12.297734627831714,-12.944983818770229
600666.SSE,2025-02-11,—,二接三阳,2025,True,False,-0.328947368421062,-2.3026315789473673,-0.328947368421062,-0.328947368421062,-2.3026315789473673,-4.934210526315786,-4.934210526315786
600666.SSE,2026-03-26,—,二接三阳,2026,False,False,7.401032702237531,-8.43373493975903,4.647160068846823,-4.819277108433728,-8.43373493975903,7.401032702237531,-1.8932874354561036
600667.SSE,2026-06-26,—,二接三阴,2026,False,False,4.166666666666674,0.0,4.166666666666674,-3.4482758620689724,4.166666666666674,4.166666666666674,4.813218390804597
600676.SSE,2024-07-19,—,三接四阴,2024,False,False,-15.76576576576577,-15.76576576576577,-15.76576576576577,-6.531531531531531,-15.76576576576577,-15.76576576576577,-15.76576576576577
600676.SSE,2024-07-29,—,二接三阴,2024,True,True,4.008908685968815,8.908685968819597,10.022271714922049,4.008908685968815,4.008908685968815,0.8908685968819663,0.8908685968819663
600676.SSE,2024-07-30,—,三接四阴,2024,True,False,-5.465587044534425,1.2145748987854255,-5.465587044534425,-5.465587044534425,-5.465587044534425,-8.299595141700411,-8.299595141700411
600676.SSE,2024-11-19,—,二接三阴,2024,True,False,1.980198019801982,-5.940594059405935,1.980198019801982,1.980198019801982,-5.940594059405935,-7.920792079207917,-7.920792079207917
600676.SSE,2025-06-03,—,二接三阴,2025,False,False,-14.922813036020589,-9.948542024013719,-14.922813036020589,-5.488850771869647,-9.948542024013719,-14.922813036020589,-16.981132075471706
600676.SSE,2026-01-14,A1,三接四阳,2026,False,False,2.433628318584069,-0.5530973451327359,2.433628318584069,-0.11061946902655162,-0.5530973451327359,2.433628318584069,4.646017699115057
600679.SSE,2023-11-09,—,二接三阴,2023,False,False,-14.223385689354284,-14.223385689354284,-14.223385689354284,-4.712041884816765,-14.223385689354284,-14.223385689354284,-15.968586387434557
600679.SSE,2024-12-16,—,二接三阳,2024,True,False,19.821542383683877,-0.8922880815806167,10.006373486297026,19.821542383683877,-0.8922880815806167,24.601657106437223,24.601657106437223
600679.SSE,2024-12-17,A1,三接四阳,2024,True,False,8.92236384704519,-0.17381228273465332,10.023174971031267,8.92236384704519,-0.17381228273465332,13.267670915411344,13.267670915411344
600682.SSE,2024-05-10,—,二接三阳,2024,False,False,3.8510911424903593,-6.931964056482675,3.8510911424903593,-2.182284980744542,-6.931964056482675,3.8510911424903593,-0.5134788189987138
600683.SSE,2023-06-08,—,二接三阴,2023,True,True,6.593406593406592,10.027472527472515,6.593406593406592,6.593406593406592,6.593406593406592,-1.2362637362637319,-1.2362637362637319
600683.SSE,2023-06-09,—,三接四阴,2023,False,False,-10.237203495630453,-10.11235955056179,-10.237203495630453,-3.1210986267166008,-10.11235955056179,-10.237203495630453,-17.97752808988764
600683.SSE,2024-03-26,—,二接三阳,2024,True,False,5.263157894736836,0.3629764065335772,9.981851179673317,5.263157894736836,5.263157894736836,-5.263157894736848,-5.263157894736848
600683.SSE,2024-03-27,—,三接四阳,2024,True,False,-4.290429042904287,0.0,-4.290429042904287,-4.290429042904287,-4.290429042904287,-13.861386138613863,-13.861386138613863
600683.SSE,2025-10-31,—,二接三阳,2025,False,False,-14.569536423841056,-14.569536423841056,-14.569536423841056,-5.132450331125826,-14.569536423841056,-14.569536423841056,-17.549668874172177
600683.SSE,2026-02-05,—,二接三阳,2026,True,False,-8.333333333333325,0.0,-8.333333333333325,-8.333333333333325,-8.333333333333325,1.21212121212122,0.909090909090926
600683.SSE,2026-03-17,—,二接三阳,2026,True,False,0.37735849056603765,3.7735849056603765,0.37735849056603765,0.37735849056603765,0.37735849056603765,-6.886792452830193,-6.886792452830193
600683.SSE,2026-04-17,—,二接三阴,2026,True,False,0.5004170141784892,4.3369474562135135,0.5004170141784892,0.5004170141784892,0.5004170141784892,-0.33361134278566684,-0.33361134278566684
600683.SSE,2026-05-12,—,二接三阳,2026,True,False,-7.625899280575544,-0.23980815347721673,-7.625899280575544,-7.625899280575544,-0.23980815347721673,-15.107913669064754,-15.107913669064754
600684.SSE,2023-08-29,—,二接三阴,2023,True,False,-6.44567219152854,-5.156537753222823,-6.44567219152854,-6.44567219152854,-5.156537753222823,-15.469613259668503,-15.469613259668503
600686.SSE,2024-07-29,—,二接三阴,2024,True,True,1.2242268041237292,-0.12886597938144284,9.987113402061865,1.2242268041237292,-0.12886597938144284,7.6675257731958935,7.6675257731958935
600686.SSE,2024-07-30,—,三接四阴,2024,True,False,-7.967193907439951,-1.991798476859985,-7.967193907439951,-7.967193907439951,-1.991798476859985,-2.108963093145866,-2.108963093145866
600686.SSE,2024-08-15,—,二接三阴,2024,True,False,-10.005053057099545,-7.023749368367871,-10.005053057099545,-10.005053057099545,-7.023749368367871,-14.35068216270844,-14.35068216270844
600688.SSE,2026-06-05,—,二接三阳,2026,False,False,-11.827956989247323,-11.021505376344088,-11.827956989247323,-6.182795698924726,-11.021505376344088,-11.827956989247323,-15.322580645161299
600689.SSE,2023-08-17,—,二接三阳,2023,False,False,-14.823529411764714,-9.568627450980394,-14.823529411764714,-6.901960784313732,-9.568627450980394,-14.823529411764714,-17.25490196078431
600691.SSE,2026-03-16,—,二接三阳,2026,False,False,-9.24024640657084,-13.757700205338807,-3.0800821355236208,-11.909650924024639,-13.757700205338807,-9.24024640657084,-12.114989733059545
600691.SSE,2026-09-01,—,二接三阳,2026,False,False,-11.830985915492953,-7.042253521126762,-11.830985915492953,-5.3521126760563416,-7.042253521126762,-11.830985915492953,-14.929577464788723
600692.SSE,2024-08-01,—,二接三阳,2024,True,False,-10.052219321148836,-6.005221932114879,-10.052219321148836,-10.052219321148836,-6.005221932114879,-19.060052219321143,-19.060052219321143
600692.SSE,2024-11-08,—,二接三阳,2024,True,False,3.9080459770114873,-2.7586206896551557,3.9080459770114873,3.9080459770114873,-2.7586206896551557,-6.436781609195386,-6.436781609195386
600693.SSE,2024-12-12,—,二接三阴,2024,False,False,-4.247104247104239,4.247104247104261,-4.247104247104239,-3.2818532818532753,-4.247104247104239,-4.247104247104239,5.405405405405417
600693.SSE,2024-12-27,—,二接三阴,2024,True,False,31.833910034602077,2.076124567474058,10.034602076124566,31.833910034602077,31.833910034602077,18.685121107266433,18.685121107266433
600693.SSE,2024-12-30,—,三接四阴,2024,True,False,19.811320754716988,-4.088050314465419,10.062893081761004,19.811320754716988,-4.088050314465419,7.8616352201257955,7.8616352201257955
600693.SSE,2025-03-03,—,二接三阳,2025,False,False,-14.209115281501338,-10.187667560321712,-14.209115281501338,-4.6916890080428875,-10.187667560321712,-14.209115281501338,-11.394101876675599
600693.SSE,2025-11-12,—,二接三阳,2025,True,False,28.712871287128717,6.270627062706269,10.011001100110018,28.712871287128717,28.712871287128717,15.841584158415834,15.841584158415834
600693.SSE,2025-11-13,—,三接四阳,2025,True,False,16.999999999999993,-1.8000000000000016,10.000000000000009,16.999999999999993,-1.8000000000000016,5.299999999999994,5.299999999999994
600694.SSE,2024-12-13,—,二接三阳,2024,False,False,-7.991732690320363,-6.992766104030313,-7.991732690320363,-4.3403375818119265,-6.992766104030313,-7.991732690320363,-14.674474681364114
600697.SSE,2025-04-11,—,二接三阳,2025,True,False,-6.378454996456407,-9.284195605953215,-6.378454996456407,-6.378454996456407,-9.284195605953215,-2.976612331679662,-2.976612331679662
600697.SSE,2025-09-05,—,二接三阴,2025,False,False,-15.339578454332536,-15.046838407494134,-15.339578454332536,-5.913348946135821,-15.046838407494134,-15.339578454332536,-14.402810304449643
600698.SSE,2023-11-29,—,二接三阴,2023,False,False,-16.91474966170501,-17.185385656292283,-16.91474966170501,-7.983761840324766,-17.185385656292283,-16.91474966170501,-18.538565629228685
600698.SSE,2025-05-21,—,二接三阳,2025,True,False,-9.966024915062288,-1.0192525481313663,-9.966024915062288,-9.966024915062288,-1.0192525481313663,-18.45979614949037,-18.45979614949037
600698.SSE,2025-08-07,—,二接三阳,2025,False,False,-11.396803335649764,-9.937456567060455,-11.396803335649764,-6.671299513551087,-9.937456567060455,-11.396803335649764,-6.810284920083398
600698.SSE,2026-03-26,—,二接三阴,2026,False,False,-2.333333333333343,-6.666666666666665,-2.333333333333343,-7.666666666666666,-6.666666666666665,-2.333333333333343,-6.2222222222222285
600705.SSE,2024-09-26,—,二接三阳,2024,True,False,5.660377358490565,3.7735849056603765,5.660377358490565,5.660377358490565,5.660377358490565,15.094339622641506,16.35220125786163
600705.SSE,2024-09-27,—,三接四阳,2024,False,False,4.571428571428582,3.142857142857136,5.714285714285716,-4.0000000000000036,4.571428571428582,4.571428571428582,-0.28571428571427804
600706.SSE,2023-04-12,—,二接三阳,2023,True,False,15.606936416184958,5.780346820809257,10.000000000000009,15.606936416184958,15.606936416184958,16.705202312138724,16.705202312138724
600706.SSE,2023-04-13,—,三接四阳,2023,True,True,5.097214923804505,9.984235417761411,9.984235417761411,5.097214923804505,5.097214923804505,6.095638465580655,6.095638465580655
600706.SSE,2024-12-16,—,二接三阳,2024,False,False,-15.909090909090907,-10.53719008264462,-15.909090909090907,-6.542699724517897,-10.53719008264462,-15.909090909090907,-20.798898071625338
600708.SSE,2024-01-29,—,二接三阳,2024,True,False,-9.964412811387913,-2.8469750889679735,-9.964412811387913,-9.964412811387913,-2.8469750889679735,-9.964412811387913,-9.964412811387913
600714.SSE,2024-05-21,—,二接三阳,2024,True,False,8.439646712463222,10.009813542688928,10.009813542688928,8.439646712463222,8.439646712463222,-2.3552502453385693,-2.3552502453385693
600714.SSE,2025-01-17,—,二接三阳,2025,True,False,-10.028449502133718,-7.254623044096742,-10.028449502133718,-10.028449502133718,-7.254623044096742,-18.990042674253203,-18.990042674253203
600715.SSE,2023-12-08,—,二接三阴,2023,True,False,22.33333333333334,3.3333333333333437,9.999999999999986,22.33333333333334,22.33333333333334,19.333333333333336,19.333333333333336
600715.SSE,2023-12-11,—,三接四阴,2023,True,False,11.212121212121207,10.000000000000009,10.000000000000009,11.212121212121207,11.212121212121207,8.484848484848495,8.484848484848495
600715.SSE,2024-02-26,—,二接三阳,2024,True,False,-3.0000000000000027,0.0,-3.0000000000000027,-3.0000000000000027,-3.0000000000000027,-12.5,-12.5
600715.SSE,2024-03-05,—,二接三阳,2024,True,False,8.974358974358964,0.42735042735044804,9.829059829059839,8.974358974358964,8.974358974358964,15.811965811965823,15.811965811965823
600715.SSE,2024-03-06,—,三接四阳,2024,True,False,-0.7782101167315147,0.3891050583657574,10.116731517509736,-0.7782101167315147,-0.7782101167315147,5.447470817120625,5.447470817120625
600719.SSE,2023-05-26,—,二接三阴,2023,False,False,-12.410841654778892,-17.118402282453637,-12.410841654778892,-7.845934379457919,-17.118402282453637,-12.410841654778892,-9.700427960057056
600719.SSE,2024-05-28,—,二接三阳,2024,True,False,-3.2258064516129004,0.0,-3.2258064516129004,-3.2258064516129004,-3.2258064516129004,-12.903225806451612,-12.903225806451612
600719.SSE,2024-09-19,—,二接三阳,2024,True,False,6.91823899371069,2.0440251572326984,6.91823899371069,6.91823899371069,6.91823899371069,-3.6163522012578664,-3.6163522012578664
600721.SSE,2023-10-13,—,二接三阴,2023,True,False,-0.9813542688910659,10.009813542688928,10.009813542688928,-0.9813542688910659,-0.9813542688910659,0.2944062806673253,0.2944062806673253
600721.SSE,2024-08-06,—,二接三阴,2024,False,False,-16.955017301038055,-15.22491349480969,-16.955017301038055,-7.7277970011534025,-15.22491349480969,-16.955017301038055,-19.6078431372549
600721.SSE,2026-08-06,—,二接三阳,2026,True,False,51.35699373695197,6.993736951983287,10.020876826722326,51.35699373695197,51.35699373695197,44.15448851774531,44.15448851774531
600721.SSE,2026-08-07,—,三接四阳,2026,True,False,37.571157495256166,9.962049335863377,9.962049335863377,37.571157495256166,37.571157495256166,31.02466793168881,31.02466793168881
600722.SSE,2024-12-04,—,二接三阳,2024,False,False,-17.577548005908415,-15.21418020679467,-17.577548005908415,-13.8847858197932,-15.21418020679467,-17.577548005908415,-12.850812407680934
600722.SSE,2025-06-17,—,二接三阳,2025,True,False,16.929698708751808,10.04304160688665,10.04304160688665,16.929698708751808,16.929698708751808,5.3084648493543884,5.3084648493543884
600722.SSE,2026-03-04,—,二接三阴,2026,False,False,-1.5212169735788539,-11.128903122498002,-1.5212169735788539,-4.0832666132906255,-11.128903122498002,-1.5212169735788539,8.326661329063235
600722.SSE,2026-03-13,—,二接三阳,2026,True,False,8.618654073199504,0.0,8.618654073199504,8.618654073199504,8.618654073199504,13.931523022432103,13.931523022432103
600722.SSE,2026-03-16,—,三接四阳,2026,False,False,3.5963499731615833,-6.870638754696712,3.5963499731615833,-1.2345679012345734,-6.870638754696712,3.5963499731615833,-6.763285024154575
600724.SSE,2024-10-29,—,二接三阴,2024,False,False,-8.448275862068966,-10.344827586206895,-8.448275862068966,-14.827586206896537,-10.344827586206895,-8.448275862068966,-3.4482758620689724
600725.SSE,2023-12-18,—,三接四阳,2023,False,False,-15.935334872979212,-15.704387990762125,-15.935334872979212,-6.6974595842956175,-15.704387990762125,-15.935334872979212,-23.556581986143186
600725.SSE,2024-12-26,—,三接四阴,2024,False,False,-26.508226691042047,-23.765996343692862,-26.508226691042047,-18.281535648994517,-23.765996343692862,-26.508226691042047,-32.723948811700176
600726.SSE,2026-03-12,—,二接三阳,2026,True,False,13.402061855670123,8.247422680412386,10.051546391752563,13.402061855670123,13.402061855670123,9.536082474226815,9.536082474226815
600726.SSE,2026-03-13,—,三接四阳,2026,True,False,3.0444964871194635,0.7025761124121788,3.0444964871194635,3.0444964871194635,3.0444964871194635,-0.4683840749414414,-0.4683840749414414
600726.SSE,2026-04-27,—,二接三阳,2026,True,False,11.285266457680244,-0.7836990595611271,10.03134796238243,11.285266457680244,-0.7836990595611271,3.2915360501567292,3.2915360501567292
600726.SSE,2026-04-28,B3,三接四阳,2026,True,False,1.139601139601143,-0.9971509971509862,1.139601139601143,1.139601139601143,-0.9971509971509862,-6.125356125356118,-6.125356125356118
600726.SSE,2026-05-27,—,二接三阳,2026,True,False,13.500597371565126,10.035842293906839,10.035842293906839,13.500597371565126,13.500597371565126,10.39426523297493,10.39426523297493
600726.SSE,2026-05-28,—,三接四阳,2026,True,False,3.148751357220414,5.863192182410404,9.989142236699244,3.148751357220414,3.148751357220414,0.32573289902280145,0.32573289902280145
600727.SSE,2024-04-29,—,二接三阳,2024,True,False,1.6949152542372836,0.1303780964797996,1.6949152542372836,1.6949152542372836,1.6949152542372836,16.68839634941328,11.86440677966103
600727.SSE,2024-04-30,A1,三接四阳,2024,False,False,6.042654028436023,-8.530805687203792,1.65876777251186,-7.5829383886255926,-8.530805687203792,6.042654028436023,5.805687203791465
600732.SSE,2024-11-12,B2,二接三阳,2024,False,False,-3.397773872290577,-3.280609256004674,-3.397773872290577,-4.335090802577635,-3.280609256004674,-3.397773872290577,-9.666080843585235
600736.SSE,2026-04-24,—,三接四阳,2026,False,False,-16.938110749185675,-11.617806731813252,-16.938110749185675,-7.709011943539634,-11.617806731813252,-16.938110749185675,-15.092290988056467
600737.SSE,2025-08-18,—,二接三阳,2025,True,True,4.780615586116577,4.780615586116577,4.780615586116577,4.780615586116577,4.780615586116577,3.274394237066147,3.274394237066147
600743.SSE,2024-12-12,—,二接三阴,2024,True,False,-4.181184668989546,-2.7874564459930307,-4.181184668989546,-4.181184668989546,-2.7874564459930307,-5.574912891986072,-5.574912891986072
600743.SSE,2026-04-09,—,二接三阴,2026,True,False,19.917012448132777,7.468879668049788,9.958506224066376,19.917012448132777,19.917012448132777,9.958506224066376,9.958506224066376
600743.SSE,2026-04-10,—,三接四阴,2026,True,False,9.056603773584904,10.188679245283016,10.188679245283016,9.056603773584904,9.056603773584904,0.0,0.0
600744.SSE,2025-07-07,—,二接三阳,2025,True,False,18.955223880597003,7.611940298507469,10.000000000000009,18.955223880597003,18.955223880597003,28.059701492537314,28.059701492537314
600744.SSE,2025-07-08,—,三接四阳,2025,True,False,8.141112618724545,2.985074626865658,10.04070556309362,8.141112618724545,8.141112618724545,16.417910447761198,16.417910447761198
600744.SSE,2026-07-21,—,二接三阴,2026,True,False,9.141274238227147,-4.709141274238227,9.972299168975084,9.141274238227147,-4.709141274238227,4.29362880886428,4.29362880886428
600744.SSE,2026-07-22,—,三接四阴,2026,True,False,-0.7556675062972307,-2.6448362720402963,-0.7556675062972307,-0.7556675062972307,-2.6448362720402963,-5.16372795969774,-5.16372795969774
600748.SSE,2025-10-17,—,二接三阴,2025,False,False,4.874213836477992,-5.503144654088055,4.874213836477992,-1.7295597484276781,-5.503144654088055,4.874213836477992,15.408805031446526
600749.SSE,2024-04-29,—,三接四阴,2024,False,False,-21.014009339559713,-21.014009339559713,-21.014009339559713,-12.274849899933283,-21.014009339559713,-21.014009339559713,-26.88458972648432
600749.SSE,2025-07-23,—,二接三阳,2025,True,False,77.1356783919598,6.658291457286425,9.987437185929648,77.1356783919598,77.1356783919598,59.422110552763804,59.422110552763804
600749.SSE,2025-07-24,—,三接四阳,2025,True,False,61.05082809822957,9.994288977727006,9.994288977727006,61.05082809822957,61.05082809822957,44.9457452884066,44.9457452884066
600751.SSE,2025-07-21,—,二接三阳,2025,False,False,-9.977827050997789,-6.873614190687349,-9.977827050997789,-6.873614190687349,-6.873614190687349,-9.977827050997789,-15.07760532150776
600755.SSE,2025-12-26,—,二接三阳,2025,True,False,-9.977064220183497,-7.110091743119273,-9.977064220183497,-9.977064220183497,-7.110091743119273,-15.252293577981657,-15.252293577981657
600756.SSE,2025-11-20,—,三接四阴,2025,False,False,-8.355589469668068,-16.062571537581082,-8.355589469668068,-14.154902708889738,-16.062571537581082,-8.355589469668068,-13.8115223197253
600758.SSE,2026-03-25,—,二接三阳,2026,True,False,7.342657342657333,0.0,7.342657342657333,7.342657342657333,7.342657342657333,-3.321678321678312,-3.321678321678312
600758.SSE,2026-03-26,—,三接四阳,2026,False,False,-12.08267090620031,-12.08267090620031,-12.08267090620031,-2.384737678855331,-12.08267090620031,-12.08267090620031,-20.826709062003168
600770.SSE,2024-10-21,—,二接三阳,2024,True,True,5.240174672489095,10.043668122270732,10.043668122270732,5.240174672489095,5.240174672489095,2.401746724890841,2.401746724890841
600770.SSE,2024-10-29,—,二接三阳,2024,False,False,5.600000000000005,-7.200000000000006,5.600000000000005,-2.2399999999999975,-7.200000000000006,5.600000000000005,-0.8000000000000007
600770.SSE,2025-05-16,—,二接三阴,2025,False,False,37.91208791208791,3.8461538461538547,3.8461538461538547,-5.677655677655668,37.91208791208791,37.91208791208791,24.17582417582418
600770.SSE,2025-05-22,—,三接四阴,2025,False,False,-10.198675496688736,-9.006622516556284,-10.198675496688736,-0.26490066225165476,-9.006622516556284,-10.198675496688736,-19.0728476821192
600770.SSE,2026-04-27,—,二接三阳,2026,False,False,2.8683181225554133,-12.516297262059972,-0.13037809647978849,-9.256844850065193,-12.516297262059972,2.8683181225554133,-0.6518904823989535
600773.SSE,2025-07-23,—,二接三阳,2025,False,False,-9.925925925925927,-14.592592592592602,-9.925925925925927,-10.370370370370374,-14.592592592592602,-9.925925925925927,-16.000000000000004
600774.SSE,2025-05-06,—,二接三阴,2025,True,False,1.3157894736842035,1.2145748987854255,1.3157894736842035,1.3157894736842035,1.3157894736842035,-8.805668016194346,-8.805668016194346
600774.SSE,2025-05-07,—,三接四阴,2025,False,False,-17.111315547378105,-10.763569457221712,-17.111315547378105,-7.911683532658687,-10.763569457221712,-17.111315547378105,-20.883164673413056
600775.SSE,2023-11-17,—,三接四阳,2023,True,False,13.440860215053752,10.01344086021505,10.01344086021505,13.440860215053752,13.440860215053752,10.282258064516125,10.282258064516125
600775.SSE,2024-11-26,—,二接三阴,2024,False,False,-16.654219566840933,-16.952949962658714,-16.654219566840933,-13.442867811799852,-16.952949962658714,-16.654219566840933,-20.164301717699786
600775.SSE,2026-01-08,—,三接四阳,2026,True,False,1.8446059250978086,-0.9502515371716092,1.8446059250978086,1.8446059250978086,-0.9502515371716092,9.223029625489087,9.223029625489087
600776.SSE,2023-06-29,—,二接三阴,2023,True,False,0.14054813773716202,3.302881236823607,0.14054813773716202,0.14054813773716202,0.14054813773716202,3.7245256500351376,3.7245256500351376
600776.SSE,2023-06-30,—,三接四阴,2023,False,False,-5.686900958466456,-9.00958466453674,-5.686900958466456,-8.94568690095847,-9.00958466453674,-5.686900958466456,-15.143769968051124
600776.SSE,2026-01-13,—,二接三阳,2026,True,False,5.9683313032886876,3.816483962647177,5.9683313032886876,5.9683313032886876,5.9683313032886876,-4.628501827040199,-4.628501827040199
600776.SSE,2026-01-14,—,三接四阳,2026,False,False,-13.289036544850507,-13.289036544850507,-13.289036544850507,-3.6544850498338777,-13.289036544850507,-13.289036544850507,-21.963824289405686
600778.SSE,2024-12-12,—,二接三阴,2024,True,False,21.4022140221402,0.8610086100860892,9.963099630996286,21.4022140221402,21.4022140221402,9.225092250922518,9.225092250922518
600778.SSE,2024-12-13,—,三接四阴,2024,True,False,10.402684563758392,9.95525727069353,9.95525727069353,10.402684563758392,10.402684563758392,-0.6711409395973034,-0.6711409395973034
600778.SSE,2025-01-02,—,二接三阴,2025,True,True,-9.999999999999998,9.000000000000007,-9.999999999999998,-9.999999999999998,-9.999999999999998,-19.000000000000007,-19.000000000000007
600779.SSE,2024-09-30,—,二接三阴,2024,True,False,8.904855214456786,9.99346832135859,8.904855214456786,8.904855214456786,8.904855214456786,-1.9812758545612819,-1.9812758545612819
600779.SSE,2024-10-08,—,三接四阴,2024,False,False,-10.886777513855893,-4.136975455265246,-10.886777513855893,-0.9897070467141722,-4.136975455265246,-10.886777513855893,-14.311163895486946
600783.SSE,2025-12-26,—,二接三阳,2025,True,True,6.540284360189563,9.999999999999986,9.999999999999986,6.540284360189563,6.540284360189563,5.497630331753545,17.203791469194307
600785.SSE,2026-01-16,—,二接三阴,2026,True,False,15.302869287991495,-0.5313496280552665,9.989373007438896,15.302869287991495,-0.5313496280552665,19.23485653560042,19.23485653560042
600785.SSE,2026-01-19,—,三接四阴,2026,True,False,4.8309178743961345,0.0,4.8309178743961345,4.8309178743961345,4.8309178743961345,8.405797101449286,8.405797101449286
600785.SSE,2026-08-25,—,二接三阳,2026,True,False,-3.056027164685904,-4.074702886247872,-3.056027164685904,-3.056027164685904,-4.074702886247872,-1.1035653650254607,-1.1035653650254607
600787.SSE,2024-11-19,—,二接三阴,2024,False,False,-9.775429326287977,-16.248348745046236,-9.775429326287977,-7.001321003963012,-16.248348745046236,-9.775429326287977,-15.05944517833554
600791.SSE,2024-05-06,—,二接三阳,2024,False,False,-14.92204899777284,-19.82182628062361,-14.92204899777284,-11.581291759465485,-19.82182628062361,-14.92204899777284,-20.267260579064594
600792.SSE,2023-09-05,—,二接三阴,2023,True,False,7.38255033557047,10.067114093959727,7.38255033557047,7.38255033557047,7.38255033557047,-3.3557046979865612,-3.3557046979865612
600792.SSE,2023-09-06,—,三接四阴,2023,False,False,-12.195121951219502,-12.195121951219502,-12.195121951219502,-2.4390243902439046,-12.195121951219502,-12.195121951219502,-20.934959349593495
600792.SSE,2023-11-13,—,二接三阴,2023,True,False,-9.963099630996307,-6.457564575645747,-9.963099630996307,-9.963099630996307,-6.457564575645747,-0.9225092250922495,-0.9225092250922495
600792.SSE,2025-06-17,—,二接三阴,2025,False,False,-18.568232662192386,-19.239373601789712,-18.568232662192386,-14.093959731543626,-19.239373601789712,-18.568232662192386,-22.37136465324384
600793.SSE,2025-05-21,—,二接三阳,2025,True,False,10.79042308953757,-3.246966218432268,10.003279763856998,10.79042308953757,-3.246966218432268,21.05608396195473,21.876024926205307
600793.SSE,2025-05-22,—,三接四阳,2025,True,False,0.7155635062611854,3.9654144305307115,0.7155635062611854,0.7155635062611854,0.7155635062611854,10.047704233750743,10.793082886106141
600793.SSE,2026-07-03,—,二接三阳,2026,True,True,14.990630855715171,9.931292941911307,9.993753903810099,14.990630855715171,14.990630855715171,4.12242348532168,4.12242348532168
600793.SSE,2026-07-06,—,三接四阳,2026,True,False,4.542873367404887,0.22714366837024436,9.994321408290752,4.542873367404887,4.542873367404887,-5.33787620670072,-5.33787620670072
600794.SSE,2025-04-21,—,二接三阳,2025,True,False,12.5,9.92063492063493,9.92063492063493,12.5,12.5,15.873015873015861,15.873015873015861
600796.SSE,2024-12-05,—,二接三阳,2024,True,False,11.189801699716707,-0.14164305949008194,10.056657223796028,11.189801699716707,-0.14164305949008194,0.14164305949009304,0.14164305949009304
600796.SSE,2024-12-06,—,三接四阳,2024,True,True,1.029601029601035,10.038610038610063,10.038610038610063,1.029601029601035,1.029601029601035,-9.009009009009006,-9.009009009009006
600798.SSE,2025-04-11,—,二接三阴,2025,False,False,-8.791208791208794,-10.71428571428572,-8.791208791208794,-6.593406593406604,-10.71428571428572,-8.791208791208794,-15.109890109890111
600800.SSE,2024-11-19,—,二接三阴,2024,True,False,31.680440771349883,9.917355371900838,9.917355371900838,31.680440771349883,31.680440771349883,18.45730027548209,18.45730027548209
600800.SSE,2025-04-18,—,二接三阴,2025,False,False,-13.812154696132595,-15.469613259668513,-13.812154696132595,-9.66850828729282,-15.469613259668513,-13.812154696132595,-14.917127071823199
600801.SSE,2024-10-08,—,二接三阳,2024,False,False,-18.785942492012776,-14.185303514377,-18.785942492012776,-11.182108626198083,-14.185303514377,-18.785942492012776,-17.89137380191693
600801.SSE,2025-07-23,—,二接三阴,2025,True,False,4.816513761467878,-4.988532110091748,4.816513761467878,4.816513761467878,-4.988532110091748,-5.676605504587162,-5.676605504587162
600802.SSE,2025-10-29,—,二接三阴,2025,False,False,-8.706786171574898,-14.596670934699096,-8.706786171574898,-8.834827144686297,-14.596670934699096,-8.706786171574898,-6.530089628681179
600807.SSE,2023-12-14,—,二接三阳,2023,True,False,-7.589285714285731,6.919642857142838,-7.589285714285731,-7.589285714285731,-7.589285714285731,-14.50892857142858,-14.50892857142858
600807.SSE,2024-03-14,—,二接三阳,2024,False,False,-18.181818181818176,-19.283746556473822,-18.181818181818176,-15.426997245179063,-19.283746556473822,-18.181818181818176,-9.917355371900827
600807.SSE,2024-10-29,—,二接三阳,2024,True,False,-2.559414990859221,-6.764168190127973,-2.559414990859221,-2.559414990859221,-6.764168190127973,-4.936014625228513,-4.936014625228513
600809.SSE,2024-09-30,B1,二接三阴,2024,True,False,5.441089131527255,10.000456850472839,5.441089131527255,5.441089131527255,5.441089131527255,-5.103019781625473,-5.103019781625473
600809.SSE,2024-10-08,—,三接四阴,2024,False,False,-13.730376277099431,-6.553700473461255,-13.730376277099431,-4.144862530110471,-6.553700473461255,-13.730376277099431,-13.0534097516405
600814.SSE,2024-12-13,—,二接三阴,2024,False,False,-12.812812812812801,-3.103103103103111,-3.103103103103111,-11.91191191191191,-3.103103103103111,-12.812812812812801,-15.415415415415424
600814.SSE,2026-02-06,—,二接三阳,2026,True,False,-0.6493506493506329,-0.9276437847866359,-0.6493506493506329,-0.6493506493506329,-0.9276437847866359,-10.575139146567702,-10.575139146567702
600815.SSE,2025-11-06,—,二接三阳,2025,False,False,-10.539215686274517,-11.764705882352944,-10.539215686274517,-6.862745098039225,-11.764705882352944,-10.539215686274517,-1.4705882352941346
600816.SSE,2024-01-26,—,三接四阴,2024,False,False,-17.28723404255319,-15.691489361702127,-17.28723404255319,-7.978723404255317,-15.691489361702127,-17.28723404255319,-25.531914893617024
600816.SSE,2025-09-18,—,二接三阳,2025,False,False,-17.647058823529406,-12.020460358056273,-17.647058823529406,-8.43989769820972,-12.020460358056273,-17.647058823529406,-16.112531969309472
600817.SSE,2024-07-23,—,二接三阳,2024,True,False,-6.779661016949145,7.815442561205277,-6.779661016949145,-6.779661016949145,-6.779661016949145,-13.182674199623335,-13.182674199623335
600817.SSE,2024-07-24,—,三接四阳,2024,False,False,-21.06164383561643,-23.715753424657528,-21.06164383561643,-15.23972602739726,-23.715753424657528,-21.06164383561643,-17.208904109589042
600819.SSE,2024-01-16,—,二接三阳,2024,True,False,-1.895043731778423,-5.247813411078717,-1.895043731778423,-1.895043731778423,-5.247813411078717,-11.661807580174932,-11.661807580174932
600819.SSE,2024-03-12,—,二接三阳,2024,False,False,-15.743944636678197,-11.937716262975783,-15.743944636678197,-11.937716262975783,-11.937716262975783,-15.743944636678197,-18.512110726643606
600819.SSE,2025-07-04,—,二接三阳,2025,False,False,-12.87001287001287,-18.918918918918916,-12.87001287001287,-15.186615186615182,-18.918918918918916,-12.87001287001287,-8.751608751608753
600821.SSE,2026-03-10,—,二接三阴,2026,False,False,-5.09125840537944,-7.20461095100865,-5.09125840537944,-7.20461095100865,-7.20461095100865,-5.09125840537944,4.4188280499519506
600822.SSE,2023-06-07,—,二接三阴,2023,True,False,38.688524590163965,1.6393442622950838,10.000000000000009,38.688524590163965,38.688524590163965,40.57377049180329,40.57377049180329
600822.SSE,2023-06-08,—,三接四阴,2023,True,False,26.08047690014905,4.023845007451565,9.985096870342769,26.08047690014905,26.08047690014905,27.794336810730247,27.794336810730247
600822.SSE,2025-07-15,—,二接三阳,2025,True,False,15.789473684210531,8.045112781954877,10.000000000000009,15.789473684210531,15.789473684210531,18.496240601503743,18.496240601503743
600822.SSE,2025-07-16,B3,三接四阳,2025,True,False,5.263157894736836,2.050580997949414,9.979494190020489,5.263157894736836,5.263157894736836,7.723855092276133,7.723855092276133
600824.SSE,2024-12-13,—,二接三阴,2024,True,False,19.811320754716988,10.000000000000009,10.000000000000009,19.811320754716988,19.811320754716988,7.924528301886791,7.924528301886791
600824.SSE,2025-01-06,—,二接三阴,2025,False,False,-15.630252100840348,-15.630252100840348,-15.630252100840348,-6.218487394957983,-15.630252100840348,-15.630252100840348,-7.226890756302529
600825.SSE,2024-10-22,—,二接三阴,2024,True,False,-8.520900321543401,0.0,-8.520900321543401,-8.520900321543401,-8.520900321543401,-11.736334405144689,-11.736334405144689
600825.SSE,2024-10-29,—,二接三阳,2024,False,False,-5.479452054794509,-6.438356164383563,-5.479452054794509,-10.684931506849315,-6.438356164383563,-5.479452054794509,-3.424657534246578
600826.SSE,2024-02-20,—,二接三阴,2024,False,False,-7.15859030837005,-7.709251101321579,-7.15859030837005,-5.726872246696035,-7.709251101321579,-7.15859030837005,-6.277533039647576
600826.SSE,2024-10-09,—,二接三阳,2024,False,False,-9.963985594237702,0.0,-9.963985594237702,-2.1608643457382892,-9.963985594237702,-9.963985594237702,-13.80552220888356
600826.SSE,2024-11-15,—,二接三阴,2024,True,False,14.61006910167817,7.9960513326752025,9.970384995064151,14.61006910167817,14.61006910167817,11.056268509378086,11.056268509378086
600826.SSE,2024-11-18,—,三接四阴,2024,True,False,4.219030520646316,-1.8850987432675104,4.219030520646316,4.219030520646316,-1.8850987432675104,0.9874326750448859,0.9874326750448859
600826.SSE,2025-07-15,—,二接三阳,2025,True,False,27.75735294117647,10.018382352941169,10.018382352941169,27.75735294117647,27.75735294117647,26.470588235294112,40.53308823529409
600828.SSE,2024-01-15,—,二接三阳,2024,True,False,3.053435114503822,7.061068702290085,3.053435114503822,3.053435114503822,3.053435114503822,-7.25190839694656,-7.25190839694656
600828.SSE,2024-01-16,—,三接四阳,2024,False,False,-15.62499999999999,-15.62499999999999,-15.62499999999999,-6.249999999999989,-15.62499999999999,-15.62499999999999,-23.611111111111104
600828.SSE,2024-12-13,—,二接三阴,2024,False,False,-8.946322067594437,-7.952286282306165,1.1928429423459175,-7.952286282306165,-7.952286282306165,-8.946322067594437,-8.946322067594437
600828.SSE,2025-04-28,—,二接三阴,2025,True,False,7.306889352818358,-0.20876826722338038,10.020876826722326,7.306889352818358,-0.20876826722338038,5.0104384133611735,5.0104384133611735
600828.SSE,2025-04-29,—,三接四阴,2025,True,False,-2.4667931688804545,0.0,-2.4667931688804545,-2.4667931688804545,-2.4667931688804545,-4.554079696394675,-4.554079696394675
600828.SSE,2025-11-28,—,三接四阳,2025,True,False,-3.4146341463414664,9.918699186991864,-3.4146341463414664,-3.4146341463414664,-3.4146341463414664,-4.390243902439028,6.178861788617884
600828.SSE,2025-12-11,—,二接三阴,2025,False,False,-17.85714285714285,-17.219387755102034,-17.85714285714285,-8.673469387755095,-17.219387755102034,-17.85714285714285,-16.836734693877553
600828.SSE,2026-01-13,—,二接三阳,2026,False,False,-8.865248226950362,-9.9290780141844,-8.865248226950362,-4.964539007092217,-9.9290780141844,-8.865248226950362,-12.529550827423176
600828.SSE,2026-09-03,—,二接三阴,2026,False,False,-6.049149338374294,-12.854442344045358,-6.049149338374294,-3.5916824196597474,-12.854442344045358,-6.049149338374294,
600829.SSE,2024-09-06,—,二接三阳,2024,False,False,-17.391304347826086,-11.500701262272095,-17.391304347826086,-8.976157082748948,-11.500701262272095,-17.391304347826086,-22.019635343618514
600829.SSE,2024-12-16,—,二接三阳,2024,True,True,-9.95121951219512,9.853658536585375,-9.95121951219512,-9.95121951219512,-9.95121951219512,-15.609756097560968,-15.609756097560968
600829.SSE,2024-12-17,—,三接四阳,2024,False,False,-23.315602836879425,-22.7836879432624,-23.315602836879425,-18.173758865248224,-22.7836879432624,-23.315602836879425,-28.36879432624113
600829.SSE,2025-07-21,—,二接三阳,2025,True,False,-6.496062992125983,-0.7874015748031482,-6.496062992125983,-6.496062992125983,-0.7874015748031482,-14.862204724409445,-14.862204724409445
600830.SSE,2024-01-26,—,二接三阳,2024,True,False,-10.041407867494833,6.418219461697716,-10.041407867494833,-10.041407867494833,-10.041407867494833,-19.047619047619047,-19.047619047619047
600830.SSE,2024-01-29,A1,三接四阳,2024,False,False,-26.434619002822203,-25.58795860771402,-26.434619002822203,-18.2502351834431,-25.58795860771402,-26.434619002822203,-24.08278457196613
600830.SSE,2026-09-03,—,二接三阳,2026,False,False,-12.35452103849598,-10.474485228290064,-12.35452103849598,-9.042076991942704,-10.474485228290064,-12.35452103849598,
600833.SSE,2024-12-13,—,二接三阴,2024,False,False,-9.73952434881088,-5.832389580973962,-9.73952434881088,-7.474518686296716,-5.832389580973962,-9.73952434881088,-15.005662514156292
600834.SSE,2024-07-25,B2,二接三阳,2024,True,False,4.130434782608705,6.521739130434789,4.130434782608705,4.130434782608705,4.130434782608705,9.456521739130451,9.456521739130451
600834.SSE,2024-07-26,—,三接四阳,2024,False,False,-0.49407114624504533,-14.822134387351781,-0.49407114624504533,-5.335968379446632,-14.822134387351781,-0.49407114624504533,-4.150197628458496
600837.SSE,2024-10-14,—,二接三阳,2024,True,False,-7.277397260273966,-5.136986301369861,-7.277397260273966,-7.277397260273966,-5.136986301369861,-0.25684931506848585,-0.25684931506848585
600838.SSE,2024-09-10,—,二接三阳,2024,True,False,-10.013175230566528,-3.0303030303030276,-10.013175230566528,-10.013175230566528,-3.0303030303030276,-18.31357048748353,-18.31357048748353
600838.SSE,2025-12-22,—,二接三阳,2025,False,False,-1.4754098360655665,-9.918032786885234,-1.4754098360655665,-5.737704918032782,-9.918032786885234,-1.4754098360655665,-6.5573770491803245
600839.SSE,2024-10-18,—,二接三阴,2024,True,False,35.51171393341554,9.987669543773126,9.987669543773126,35.51171393341554,35.51171393341554,38.71763255240446,38.71763255240446
600839.SSE,2024-10-30,—,二接三阳,2024,True,True,-1.001335113484647,10.01335113484647,10.01335113484647,-1.001335113484647,-1.001335113484647,0.06675567423231055,0.06675567423231055
600839.SSE,2024-10-31,—,三接四阳,2024,True,True,-10.012135922330101,6.917475728155353,-10.012135922330101,-10.012135922330101,-10.012135922330101,-9.041262135922334,-9.041262135922334
600841.SSE,2024-07-15,—,二接三阳,2024,False,False,-8.430913348946124,-16.86182669789227,-8.430913348946124,-9.367681498829029,-16.86182669789227,-8.430913348946124,-12.646370023419195
600841.SSE,2024-07-29,—,二接三阴,2024,True,False,-2.7124773960217063,-0.9041591320072317,-2.7124773960217063,-2.7124773960217063,-0.9041591320072317,-9.76491862567812,-9.76491862567812
600841.SSE,2024-11-08,—,二接三阳,2024,True,False,-5.547226386806603,4.94752623688155,-5.547226386806603,-5.547226386806603,-5.547226386806603,-12.443778110944525,-12.443778110944525
600843.SSE,2024-03-13,—,二接三阳,2024,False,False,-13.787375415282376,-13.455149501661124,-13.787375415282376,-6.810631229235864,-13.455149501661124,-13.787375415282376,-15.4485049833887
600843.SSE,2024-10-25,—,二接三阴,2024,True,True,41.03585657370517,10.039840637450204,10.039840637450204,41.03585657370517,41.03585657370517,26.932270916334655,26.932270916334655
600844.SSE,2026-03-30,—,二接三阳,2026,False,False,-11.29326047358834,-8.014571948998183,-11.29326047358834,-5.282331511839711,-8.014571948998183,-11.29326047358834,-20.21857923497268
600847.SSE,2024-09-10,—,二接三阳,2024,False,False,-7.626208378088084,-16.111707841031155,-7.626208378088084,-12.567132116004299,-16.111707841031155,-7.626208378088084,-15.252416756176167
600851.SSE,2024-12-16,—,二接三阳,2024,True,False,-9.951456310679617,2.5485436893203817,-9.951456310679617,-9.951456310679617,-9.951456310679617,-15.169902912621358,-15.169902912621358
600851.SSE,2026-06-23,—,二接三阴,2026,True,False,3.80658436213992,8.539094650205769,3.80658436213992,3.80658436213992,3.80658436213992,0.6172839506172645,0.6172839506172645
600851.SSE,2026-06-24,—,三接四阴,2026,False,False,-8.512628624883067,-5.986903648269404,-8.512628624883067,-5.612722170252571,-5.986903648269404,-8.512628624883067,-17.68007483629559
600853.SSE,2023-10-27,—,二接三阳,2023,False,False,-12.994350282485867,-14.124293785310737,-12.994350282485867,-9.981167608286245,-14.124293785310737,-12.994350282485867,-15.065913370998118
600855.SSE,2024-04-24,—,二接三阳,2024,False,False,-13.24828263002944,-9.813542688910692,-13.24828263002944,-6.869479882237483,-9.813542688910692,-13.24828263002944,-14.131501472031394
600855.SSE,2024-08-02,—,二接三阳,2024,False,False,-13.860610806577911,-13.077525450274074,-13.860610806577911,-5.638214565387623,-13.077525450274074,-13.860610806577911,-12.21613155833985
600855.SSE,2025-05-09,—,二接三阳,2025,False,False,0.6160164271047153,-12.594113620807668,0.6160164271047153,-2.8747433264887046,-12.594113620807668,0.6160164271047153,-7.186858316221755
600858.SSE,2025-01-09,—,二接三阴,2025,True,False,-9.98439937597505,7.332293291731662,-9.98439937597505,-9.98439937597505,-9.98439937597505,-14.820592823712953,-14.820592823712953
600860.SSE,2023-06-27,—,二接三阴,2023,True,False,3.5476718403547602,9.977827050997789,3.5476718403547602,3.5476718403547602,3.5476718403547602,-0.14781966001478075,-0.14781966001478075
600860.SSE,2023-06-28,—,三接四阴,2023,False,False,-9.206989247311837,-7.258064516129037,-9.206989247311837,-5.846774193548399,-7.258064516129037,-9.206989247311837,-12.768817204301076
600860.SSE,2024-03-01,—,二接三阳,2024,False,False,-15.965166908563134,-17.561683599419453,-15.965166908563134,-8.490566037735848,-17.561683599419453,-15.965166908563134,-18.722786647314948
600861.SSE,2024-09-30,—,二接三阴,2024,False,False,2.197802197802212,9.785452642595516,2.197802197802212,-0.15698587127158659,2.197802197802212,2.197802197802212,-6.436420722135006
600865.SSE,2024-10-30,—,二接三阳,2024,True,True,-0.9551098376313405,10.028653295128919,10.028653295128919,-0.9551098376313405,-0.9551098376313405,0.6685768863419206,0.6685768863419206
600865.SSE,2024-10-31,—,三接四阳,2024,True,False,-9.982638888888895,0.0,-9.982638888888895,-9.982638888888895,-9.982638888888895,-8.506944444444454,-8.506944444444454
600865.SSE,2025-04-22,—,二接三阳,2025,True,False,-8.695652173913048,4.589371980676327,-8.695652173913048,-8.695652173913048,-8.695652173913048,-14.170692431561992,-14.170692431561992
600865.SSE,2025-12-15,—,二接三阳,2025,True,False,37.79648048967101,10.022953328232598,10.022953328232598,37.79648048967101,37.79648048967101,45.37107880642692,45.37107880642692
600868.SSE,2025-10-15,—,二接三阳,2025,False,False,-12.02185792349727,-11.748633879781423,-12.02185792349727,-9.836065573770503,-11.748633879781423,-12.02185792349727,-15.846994535519132
600869.SSE,2026-01-08,—,二接三阳,2026,True,True,-3.296703296703296,9.98168498168499,-3.296703296703296,-3.296703296703296,-3.296703296703296,-0.27472527472527375,-0.27472527472527375
600869.SSE,2026-01-09,—,三接四阳,2026,False,False,-9.325562031640288,-9.825145711906746,-9.325562031640288,-12.07327227310574,-9.825145711906746,-9.325562031640288,-11.490424646128217
600871.SSE,2026-01-30,—,二接三阴,2026,False,False,-13.521126760563384,-13.521126760563384,-13.521126760563384,-3.9436619718309807,-13.521126760563384,-13.521126760563384,-18.873239436619716
600871.SSE,2026-03-04,—,二接三阳,2026,True,False,-6.557377049180313,-2.5761124121779777,-6.557377049180313,-6.557377049180313,-2.5761124121779777,-14.051522248243554,-14.051522248243554
600875.SSE,2025-07-23,—,二接三阳,2025,True,False,-2.316764953664685,-3.117101937657951,-2.316764953664685,-2.316764953664685,-3.117101937657951,-11.836562763268743,-11.836562763268743
600879.SSE,2026-01-12,—,二接三阳,2026,True,True,-10.012674271229404,2.122940430925224,-10.012674271229404,-10.012674271229404,-10.012674271229404,-5.735107731305444,-5.735107731305444
600880.SSE,2024-12-17,—,二接三阳,2024,False,False,-8.835904628330994,-13.604488078541365,1.2622720897615736,-7.9943899018232845,-13.604488078541365,-8.835904628330994,-17.952314165497896
600880.SSE,2026-01-13,—,二接三阳,2026,False,False,-9.706257982120048,-11.877394636015326,-9.706257982120048,-10.85568326947637,-11.877394636015326,-9.706257982120048,-18.77394636015325
600881.SSE,2024-07-03,—,二接三阳,2024,True,False,1.7699115044247815,-5.309734513274322,1.7699115044247815,1.7699115044247815,-5.309734513274322,-4.424778761061932,-4.424778761061932
600881.SSE,2024-09-26,B3,三接四阳,2024,True,False,19.87179487179487,10.256410256410241,10.256410256410241,19.87179487179487,19.87179487179487,7.692307692307687,7.692307692307687
600881.SSE,2024-12-09,—,二接三阴,2024,False,False,-15.019762845849804,-9.090909090909093,-15.019762845849804,-11.857707509881422,-9.090909090909093,-15.019762845849804,-6.324110671936745
600881.SSE,2024-12-13,—,二接三阴,2024,False,False,-9.40766550522648,-12.543554006968648,0.6968641114982521,-8.362369337979104,-12.543554006968648,-9.40766550522648,-17.421602787456447
600881.SSE,2026-08-13,—,二接三阴,2026,True,False,-3.964757709251099,8.370044052863435,-3.964757709251099,-3.964757709251099,-3.964757709251099,-2.643171806167399,-2.643171806167399
600892.SSE,2026-08-06,—,二接三阳,2026,True,False,-10.043668122270743,-5.458515283842791,-10.043668122270743,-10.043668122270743,-5.458515283842791,-16.5938864628821,-16.5938864628821
600892.SSE,2026-09-03,B3,三接四阳,2026,False,False,-16.63837011884549,-16.63837011884549,-16.63837011884549,-7.470288624787768,-16.63837011884549,-16.63837011884549,
600895.SSE,2023-09-08,—,二接三阳,2023,True,False,13.901760889712689,9.731232622798892,10.00926784059315,13.901760889712689,13.901760889712689,14.68952734012976,14.68952734012976
600895.SSE,2023-09-11,A1,三接四阳,2023,True,False,3.5383319292333626,2.8643639427127443,3.5383319292333626,3.5383319292333626,3.5383319292333626,4.254422914911538,4.254422914911538
600903.SSE,2026-05-20,—,二接三阳,2026,False,False,-6.285178236397748,-12.851782363977494,-6.285178236397748,-7.786116322701686,-12.851782363977494,-6.285178236397748,-2.251407129455907
600906.SSE,2023-08-03,—,二接三阳,2023,False,False,-6.989748369058713,-6.616961789375586,-6.989748369058713,-8.387698042870461,-6.616961789375586,-6.989748369058713,-8.7604846225536
600906.SSE,2024-10-08,—,二接三阳,2024,True,False,-9.966024915062288,-6.00226500566251,-9.966024915062288,-9.966024915062288,-6.00226500566251,-15.968289920724798,-15.968289920724798
600916.SSE,2026-01-27,—,二接三阳,2026,True,False,31.659192825112093,10.044843049327357,10.044843049327357,31.659192825112093,31.659192825112093,18.47533632286995,18.47533632286995
600927.SSE,2025-07-09,—,二接三阳,2025,False,False,-9.576719576719572,-8.941798941798929,-9.576719576719572,-3.9682539682539653,-8.941798941798929,-9.576719576719572,-7.619047619047603
600936.SSE,2023-07-25,—,二接三阴,2023,True,False,-6.8627450980392135,0.0,-6.8627450980392135,-6.8627450980392135,-6.8627450980392135,-6.078431372549009,2.5490196078431504
600936.SSE,2024-08-30,—,二接三阴,2024,True,False,-9.92366412213741,-1.526717557251911,-9.92366412213741,-9.92366412213741,-1.526717557251911,-11.832061068702293,-11.832061068702293
600936.SSE,2025-01-22,—,二接三阳,2025,True,False,-9.919571045576415,-1.608579088471851,-9.919571045576415,-9.919571045576415,-1.608579088471851,-18.766756032171582,-18.766756032171582
600936.SSE,2025-12-15,—,二接三阴,2025,True,False,-9.955752212389369,6.194690265486735,-9.955752212389369,-9.955752212389369,-9.955752212389369,-14.823008849557517,-14.823008849557517
600936.SSE,2026-05-11,—,二接三阳,2026,False,False,-9.490333919156413,-10.36906854130054,-9.490333919156413,-10.36906854130054,-10.36906854130054,-9.490333919156413,-5.623901581722324
600939.SSE,2025-11-10,—,二接三阳,2025,True,False,-0.4576659038901698,2.9748283752860427,-0.4576659038901698,-0.4576659038901698,-0.4576659038901698,-7.78032036613272,-7.78032036613272
600939.SSE,2025-11-11,—,三接四阳,2025,False,False,-16.216216216216207,-13.929313929313924,-16.216216216216207,-9.563409563409564,-13.929313929313924,-16.216216216216207,-20.374220374220364
600960.SSE,2024-02-28,—,二接三阳,2024,False,False,-14.41860465116278,-22.093023255813947,-14.41860465116278,-16.97674418604651,-22.093023255813947,-14.41860465116278,-16.279069767441857
600962.SSE,2026-06-29,—,二接三阴,2026,False,False,-5.423197492163001,-8.589341692789965,-5.423197492163001,-9.028213166144194,-8.589341692789965,-5.423197492163001,-7.993730407523502
600969.SSE,2024-05-29,—,三接四阴,2024,True,False,-10.049627791563276,3.8461538461538325,-10.049627791563276,-10.049627791563276,-10.049627791563276,-17.493796526054595,-17.493796526054595
600973.SSE,2024-12-30,—,二接三阴,2024,False,False,-8.959537572254339,-11.1271676300578,-8.959537572254339,-13.8728323699422,-11.1271676300578,-8.959537572254339,-14.739884393063573
600973.SSE,2025-12-09,—,二接三阳,2025,False,False,-10.518934081346421,-10.659186535764375,-10.518934081346421,-8.555399719495094,-10.659186535764375,-10.518934081346421,-9.677419354838701
600979.SSE,2024-11-25,—,二接三阳,2024,True,False,-9.9009900990099,2.970297029702973,-9.9009900990099,-9.9009900990099,-9.9009900990099,-6.138613861386133,-6.138613861386133
600979.SSE,2024-12-03,—,二接三阴,2024,True,False,-7.8809106830122655,0.8756567425569184,-7.8809106830122655,-7.8809106830122655,-7.8809106830122655,-3.327495621716292,1.4010507880910739
600979.SSE,2024-12-12,—,二接三阴,2024,True,False,-1.0000000000000009,-2.7142857142857246,10.000000000000009,-1.0000000000000009,-2.7142857142857246,-10.857142857142854,-10.857142857142854
600979.SSE,2024-12-13,—,三接四阴,2024,True,False,-10.000000000000009,0.0,-10.000000000000009,-10.000000000000009,-10.000000000000009,-18.961038961038955,-18.961038961038955
600980.SSE,2025-06-11,—,二接三阳,2025,True,False,27.472527472527464,10.021978021978018,10.021978021978018,27.472527472527464,27.472527472527464,14.72527472527474,14.72527472527474
600981.SSE,2023-12-08,—,二接三阳,2023,False,False,-19.31540342298289,-19.070904645476773,-19.31540342298289,-13.202933985330079,-19.070904645476773,-19.31540342298289,-11.24694376528117
600981.SSE,2024-10-23,—,二接三阳,2024,True,False,-7.63636363636363,9.090909090909083,-7.63636363636363,-7.63636363636363,-7.63636363636363,-2.1818181818181848,-2.1818181818181848
600981.SSE,2025-12-02,—,二接三阴,2025,True,False,-2.680965147453085,9.919571045576392,-2.680965147453085,-2.680965147453085,-2.680965147453085,-9.651474530831095,-9.651474530831095
600981.SSE,2025-12-03,—,三接四阴,2025,False,False,-17.80487804878048,-15.853658536585357,-17.80487804878048,-11.463414634146341,-15.853658536585357,-17.80487804878048,-9.512195121951217
600982.SSE,2024-12-19,—,三接四阳,2024,False,False,-16.045380875202596,-12.479740680713125,-16.045380875202596,-6.807131280388978,-12.479740680713125,-16.045380875202596,-24.473257698541328
600983.SSE,2024-12-10,—,二接三阳,2024,True,True,-7.048799380325333,-7.900852052672347,-7.048799380325333,-7.048799380325333,-7.900852052672347,-14.872192099147952,-14.872192099147952
600986.SSE,2025-02-14,—,二接三阴,2025,False,False,0.38610038610038533,-9.073359073359066,-5.405405405405395,-13.996138996138985,-9.073359073359066,0.38610038610038533,2.895752895752901
600986.SSE,2026-01-13,—,二接三阳,2026,False,False,-5.588484335309063,0.08467400508043177,4.911092294665531,-4.657070279424225,-5.588484335309063,-5.588484335309063,-14.987298899237944
600990.SSE,2024-05-09,—,二接三阳,2024,True,False,-10.004017677782251,4.33909200482121,-10.004017677782251,-10.004017677782251,-10.004017677782251,-17.637605464041783,-17.637605464041783
600996.SSE,2024-06-03,—,二接三阴,2024,True,False,-0.5747126436781436,4.597701149425282,-0.5747126436781436,-0.5747126436781436,-0.5747126436781436,3.3333333333333437,3.3333333333333437
600996.SSE,2025-09-23,—,二接三阴,2025,True,False,-10.018382352941192,-0.7352941176470562,-10.018382352941192,-10.018382352941192,-0.7352941176470562,-8.088235294117652,-8.088235294117652
600999.SSE,2024-10-09,—,二接三阳,2024,False,False,-9.183673469387754,-2.678571428571419,-9.183673469387754,-2.8911564625850317,-2.678571428571419,-9.183673469387754,-14.923469387755095
601002.SSE,2024-11-01,—,二接三阴,2024,False,False,-2.066115702479332,-10.950413223140497,-1.6528925619834767,-10.53719008264462,-10.950413223140497,-2.066115702479332,-5.371900826446274
601003.SSE,2025-07-03,—,二接三阳,2025,True,False,1.2793176972281328,2.3454157782515805,10.021321961620465,1.2793176972281328,1.2793176972281328,14.072494669509572,11.513859275053306
601003.SSE,2025-07-04,—,三接四阳,2025,True,False,-7.945736434108531,3.100775193798455,-7.945736434108531,-7.945736434108531,-7.945736434108531,3.6821705426356433,1.3565891472868241
601003.SSE,2025-07-21,—,二接三阴,2025,True,True,15.578635014836784,3.857566765578624,9.940652818991103,15.578635014836784,15.578635014836784,20.91988130563798,20.91988130563798
601003.SSE,2025-07-22,—,三接四阴,2025,True,False,5.128205128205132,6.612685560053988,5.128205128205132,5.128205128205132,5.128205128205132,9.986504723346833,9.986504723346833
601007.SSE,2025-04-18,—,二接三阳,2025,False,False,-12.137486573576805,-11.922663802363065,-12.137486573576805,-12.781954887218062,-11.922663802363065,-12.137486573576805,-16.756176154672396
601008.SSE,2025-04-08,—,二接三阴,2025,True,False,27.96116504854367,10.097087378640769,10.097087378640769,27.96116504854367,27.96116504854367,15.14563106796114,15.14563106796114
601008.SSE,2025-05-15,—,二接三阴,2025,True,False,9.010339734121132,0.0,10.044313146233396,9.010339734121132,9.010339734121132,11.07828655834564,11.07828655834564
601008.SSE,2025-05-16,—,三接四阴,2025,True,False,-0.9395973154362469,-0.6711409395973145,10.067114093959727,-0.9395973154362469,-0.6711409395973145,0.9395973154362247,0.9395973154362247
601011.SSE,2024-12-06,—,二接三阳,2024,False,False,-16.756756756756765,-14.054054054054054,-16.756756756756765,-7.567567567567579,-14.054054054054054,-16.756756756756765,-18.37837837837838
601011.SSE,2025-10-14,—,二接三阳,2025,True,False,-9.343434343434343,1.0101010101010166,-9.343434343434343,-9.343434343434343,-9.343434343434343,1.0101010101010166,-0.2525252525252486
601020.SSE,2024-05-29,—,二接三阳,2024,True,True,-6.147540983606536,9.953161592505877,-6.147540983606536,-6.147540983606536,-6.147540983606536,-0.6440281030444917,-0.6440281030444917
601020.SSE,2024-05-30,—,三接四阳,2024,False,False,-9.686003193187865,-11.069717935071843,-9.686003193187865,-14.688664183076094,-11.069717935071843,-9.686003193187865,-18.733368813198503
601020.SSE,2025-03-06,—,二接三阳,2025,False,False,13.629842180774766,0.43041606886657924,7.843137254901955,-1.9607843137254943,13.629842180774766,13.629842180774766,16.881874701099964
601022.SSE,2025-05-16,A1,三接四阳,2025,True,False,4.905968928863458,0.0,4.905968928863458,4.905968928863458,4.905968928863458,-5.560098119378576,-5.560098119378576
601065.SSE,2023-08-24,—,二接三阳,2023,True,False,-4.171494785631536,0.11587485515642815,-4.171494785631536,-4.171494785631536,-4.171494785631536,-13.73117033603708,-13.73117033603708
601066.SSE,2024-10-08,—,二接三阳,2024,True,False,-2.4027072758037282,1.522842639593902,-2.4027072758037282,-2.4027072758037282,-2.4027072758037282,-9.407783417935711,-9.407783417935711
601068.SSE,2024-01-29,—,二接三阳,2024,False,False,-15.167548500881844,-15.167548500881844,-15.167548500881844,-5.820105820105825,-15.167548500881844,-15.167548500881844,-17.989417989417976
601069.SSE,2025-09-03,—,二接三阳,2025,True,False,2.2632968691059796,3.734439834024883,2.2632968691059796,2.2632968691059796,2.2632968691059796,5.997736703130885,12.485854394568086
601086.SSE,2023-07-28,—,二接三阴,2023,True,False,10.903873744619808,7.747489239598271,10.04304160688665,10.903873744619808,10.903873744619808,6.025824964131998,6.025824964131998
601086.SSE,2023-07-31,—,三接四阴,2023,True,False,0.7822685788787531,5.606258148631027,0.7822685788787531,0.7822685788787531,0.7822685788787531,-3.6505867014341664,-3.6505867014341664
601086.SSE,2024-01-12,—,二接三阳,2024,False,False,-12.191780821917808,-17.808219178082187,-12.191780821917808,-14.794520547945211,-17.808219178082187,-12.191780821917808,-15.753424657534243
601086.SSE,2025-04-18,—,二接三阴,2025,True,False,8.957795004306647,3.7898363479758945,9.991386735572782,8.957795004306647,8.957795004306647,7.9242032730404866,19.89664082687339
601086.SSE,2025-04-21,—,三接四阴,2025,True,True,-0.9397024275646038,4.776820673453419,10.023492560689128,-0.9397024275646038,-0.9397024275646038,-1.8794048551292075,9.005481597494125
601086.SSE,2026-09-01,—,二接三阳,2026,True,False,25.37165510406343,10.009910802775025,10.009910802775025,25.37165510406343,25.37165510406343,,
601096.SSE,2024-01-12,—,二接三阴,2024,False,False,-11.394101876675599,-10.053619302949057,-11.394101876675599,-9.51742627345844,-10.053619302949057,-11.394101876675599,-9.115281501340478
601096.SSE,2026-01-20,—,二接三阳,2026,False,False,-11.472602739726023,-6.5068493150684965,-11.472602739726023,-6.335616438356162,-6.5068493150684965,-11.472602739726023,-12.671232876712335
601099.SSE,2023-08-01,—,二接三阳,2023,False,False,1.1363636363636243,-2.0454545454545614,1.1363636363636243,-2.272727272727282,-2.0454545454545614,1.1363636363636243,3.6363636363636154
601106.SSE,2026-01-09,—,二接三阳,2026,True,False,10.905730129390022,5.360443622920519,9.981515711645095,10.905730129390022,10.905730129390022,9.796672828096131,21.996303142329012
601106.SSE,2026-01-12,B3,三接四阳,2026,True,False,0.8403361344537785,5.5462184873949605,0.8403361344537785,0.8403361344537785,0.8403361344537785,-0.1680672268907557,10.924369747899142
601116.SSE,2023-06-15,—,二接三阴,2023,False,False,-15.459882583170248,-17.025440313111538,-15.459882583170248,-10.176125244618394,-17.025440313111538,-15.459882583170248,-18.46053489889107
601116.SSE,2025-02-14,—,二接三阳,2025,True,False,5.4416961130742125,2.402826855123674,5.4416961130742125,5.4416961130742125,5.4416961130742125,-5.088339222614846,-5.088339222614846
601116.SSE,2025-02-17,—,三接四阳,2025,False,False,-13.744380218368658,-13.744380218368658,-13.744380218368658,-4.17469492614001,-13.744380218368658,-13.744380218368658,-20.295439948619144
601116.SSE,2025-09-11,—,二接三阳,2025,True,False,1.8472906403940836,4.987684729064057,1.8472906403940836,1.8472906403940836,1.8472906403940836,4.002463054187211,12.007389162561587
601116.SSE,2026-01-15,—,三接四阳,2026,False,False,-14.84545058772312,-14.84545058772312,-14.84545058772312,-5.39834566826295,-14.84545058772312,-14.84545058772312,-23.378319547235517
601127.SSE,2023-10-10,—,二接三阳,2023,True,True,-2.5363393651735455,6.644912488875709,-2.5363393651735455,-2.5363393651735455,-2.5363393651735455,-1.3052506674577247,-1.3052506674577247
601133.SSE,2024-11-26,—,二接三阴,2024,False,False,-16.09947643979057,-19.63350785340314,-16.09947643979057,-17.801047120418843,-19.63350785340314,-16.09947643979057,-20.41884816753926
601136.SSE,2023-08-07,—,二接三阳,2023,True,False,-8.600823045267491,1.563786008230439,-8.600823045267491,-8.600823045267491,-8.600823045267491,-6.584362139917699,-6.584362139917699
601155.SSE,2024-09-30,—,二接三阴,2024,True,False,1.9498607242339983,10.027855153203348,1.9498607242339983,1.9498607242339983,1.9498607242339983,-6.197771587743728,-6.197771587743728
601155.SSE,2024-10-08,—,三接四阴,2024,False,False,-14.746835443037975,-11.455696202531652,-14.746835443037975,-7.3417721518987396,-11.455696202531652,-14.746835443037975,-12.341772151898745
601162.SSE,2024-09-26,—,二接三阳,2024,True,False,31.680440771349883,9.917355371900838,9.917355371900838,31.680440771349883,31.680440771349883,18.45730027548209,18.45730027548209
601177.SSE,2025-02-14,—,二接三阳,2025,True,False,44.89465153970826,3.4846029173419835,9.967585089141018,44.89465153970826,44.89465153970826,41.815235008103734,41.815235008103734
601177.SSE,2025-02-17,—,三接四阳,2025,True,False,31.76123802505526,10.022107590272666,10.022107590272666,31.76123802505526,31.76123802505526,28.96094325718497,28.96094325718497
601179.SSE,2024-04-15,—,二接三阳,2024,False,False,2.8806584362139898,-6.584362139917699,2.8806584362139898,-3.429355281207136,-6.584362139917699,2.8806584362139898,5.6241426611796985
601188.SSE,2023-09-18,—,二接三阳,2023,True,False,-1.0141987829614618,7.50507099391482,9.93914807302232,-1.0141987829614618,-1.0141987829614618,-6.288032454361048,-6.288032454361048
601188.SSE,2023-09-19,—,三接四阳,2023,True,False,-9.963099630996307,-2.398523985239853,-9.963099630996307,-9.963099630996307,-2.398523985239853,-14.760147601476014,-14.760147601476014
601211.SSE,2024-10-14,—,二接三阳,2024,False,False,-8.022483392948388,-8.022483392948388,-8.022483392948388,-2.8615227388860465,-8.022483392948388,-8.022483392948388,-5.058763413387846
601212.SSE,2025-09-03,—,二接三阳,2025,False,False,-18.550106609808115,-10.021321961620478,-18.550106609808115,-9.808102345415781,-10.021321961620478,-18.550106609808115,-12.793176972281461
601212.SSE,2025-10-13,—,二接三阳,2025,True,False,-1.073345259391767,8.228980322003586,-1.073345259391767,-1.073345259391767,-1.073345259391767,-3.398926654740597,-3.398926654740597
601212.SSE,2025-10-14,—,三接四阳,2025,False,False,-12.195121951219512,-10.08130081300813,-12.195121951219512,-10.08130081300813,-10.08130081300813,-12.195121951219512,-3.4146341463414664
601212.SSE,2026-01-22,—,二接三阴,2026,True,False,44.96288441145282,9.968186638388122,9.968186638388122,44.96288441145282,44.96288441145282,30.434782608695656,30.434782608695656
601212.SSE,2026-01-23,—,三接四阴,2026,True,True,31.822565091610432,5.785920925747368,10.028929604628756,31.822565091610432,31.822565091610432,18.611378977820657,18.611378977820657
601216.SSE,2024-11-13,—,二接三阳,2024,False,False,-18.939393939393945,-13.33333333333333,-18.939393939393945,-10.151515151515156,-13.33333333333333,-18.939393939393945,-22.424242424242415
601218.SSE,2025-09-29,—,二接三阳,2025,True,False,-10.096153846153843,-4.487179487179493,-10.096153846153843,-10.096153846153843,-4.487179487179493,-2.724358974358976,-2.724358974358976
601279.SSE,2024-03-14,—,二接三阳,2024,False,False,-12.172573189522339,-12.172573189522339,-12.172573189522339,-8.012326656394464,-12.172573189522339,-12.172573189522339,-10.169491525423735
601279.SSE,2025-07-18,—,二接三阴,2025,False,False,-18.88246628131022,-18.11175337186899,-18.88246628131022,-13.294797687861282,-18.11175337186899,-18.88246628131022,-19.267822736030826
601279.SSE,2025-11-21,—,二接三阴,2025,False,False,-24.84276729559748,-24.84276729559748,-24.84276729559748,-16.509433962264165,-24.84276729559748,-24.84276729559748,-27.830188679245293
601326.SSE,2023-05-08,—,三接四阴,2023,True,True,5.133928571428559,10.044642857142838,5.133928571428559,5.133928571428559,5.133928571428559,-5.35714285714286,-5.35714285714286
601333.SSE,2023-05-05,—,二接三阳,2023,True,False,3.647416413373872,0.6079027355623046,3.647416413373872,3.647416413373872,3.647416413373872,-1.2158054711246202,-1.2158054711246202
601366.SSE,2025-12-18,—,二接三阳,2025,True,False,-2.1523178807946963,-5.629139072847678,-2.1523178807946963,-2.1523178807946963,-5.629139072847678,-5.298013245033117,-5.298013245033117
601399.SSE,2025-07-23,—,二接三阳,2025,True,False,-7.823960880195591,-0.9779951100244544,-7.823960880195591,-7.823960880195591,-0.9779951100244544,-14.914425427872857,-14.914425427872857
601399.SSE,2025-12-05,—,二接三阳,2025,True,False,6.263498920086397,3.455723542116629,6.263498920086397,6.263498920086397,6.263498920086397,0.0,0.0
601515.SSE,2024-09-05,—,二接三阴,2024,True,False,-9.9009900990099,-6.930693069306926,-9.9009900990099,-9.9009900990099,-6.930693069306926,-11.881188118811881,-11.881188118811881
601519.SSE,2024-10-09,—,三接四阳,2024,False,False,-18.083003952569175,-8.596837944664026,-18.083003952569175,-8.99209486166006,-8.596837944664026,-18.083003952569175,-23.41897233201581
601519.SSE,2024-12-03,—,二接三阴,2024,True,False,4.71111111111111,-2.1333333333333315,4.71111111111111,4.71111111111111,-2.1333333333333315,3.64444444444445,15.200000000000014
601519.SSE,2024-12-04,—,三接四阴,2024,False,False,-5.815831987075937,-0.7269789983845087,4.684975767366728,-4.846526655896621,-0.7269789983845087,-5.815831987075937,-13.89337641357028
601519.SSE,2025-08-19,—,二接三阴,2025,False,False,-11.140443505807829,-3.6430834213305285,-11.140443505807829,-1.2671594508975814,-3.6430834213305285,-11.140443505807829,-13.146779303062317
601566.SSE,2025-11-14,—,二接三阳,2025,True,False,31.71701112877583,10.015898251192358,10.015898251192358,31.71701112877583,31.71701112877583,18.5214626391097,18.5214626391097
601566.SSE,2025-11-17,—,三接四阳,2025,True,True,19.72543352601157,9.97109826589595,9.97109826589595,19.72543352601157,19.72543352601157,7.7312138728323765,7.7312138728323765
601566.SSE,2025-12-22,—,二接三阴,2025,False,False,-17.826552462526767,-14.400428265524623,-17.826552462526767,-11.991434689507486,-14.400428265524623,-17.826552462526767,-17.23768736616702
601566.SSE,2026-09-03,—,二接三阳,2026,False,False,-7.807017543859651,-14.12280701754387,-7.807017543859651,-6.3157894736842195,-14.12280701754387,-7.807017543859651,
601579.SSE,2025-05-28,B1,二接三阴,2025,True,False,2.4796590468810553,-2.71212708252615,2.4796590468810553,2.4796590468810553,-2.71212708252615,-2.750871755133655,-2.750871755133655
601595.SSE,2023-04-11,—,二接三阳,2023,True,False,8.232207281075766,4.952443424073483,8.232207281075766,8.232207281075766,8.232207281075766,-2.591013447031809,-2.591013447031809
601595.SSE,2023-04-12,—,三接四阳,2023,False,False,-11.449016100178888,-8.855098389982107,-11.449016100178888,-1.610017889087656,-8.855098389982107,-11.449016100178888,-11.031604054859868
601599.SSE,2024-02-20,—,二接三阴,2024,True,True,15.160349854227405,4.956268221574334,9.912536443148689,15.160349854227405,15.160349854227405,11.661807580174921,11.661807580174921
601599.SSE,2024-02-21,—,三接四阴,2024,True,False,4.774535809018565,2.1220159151193574,4.774535809018565,4.774535809018565,4.774535809018565,1.5915119363395291,1.5915119363395291
601606.SSE,2025-06-20,—,二接三阳,2025,True,False,10.5119825708061,3.0501089324618924,10.02178649237473,10.5119825708061,10.5119825708061,43.84531590413945,21.568627450980404
601606.SSE,2025-06-23,—,三接四阳,2025,True,True,0.44554455445544594,-4.554455445544548,0.44554455445544594,0.44554455445544594,-4.554455445544548,30.742574257425748,10.495049504950504
601606.SSE,2025-08-06,—,二接三阳,2025,True,True,10.429970200085158,8.514261387824607,10.004257130693928,10.429970200085158,10.429970200085158,31.22605363984674,21.477224350787584
601606.SSE,2025-08-07,—,三接四阳,2025,True,False,0.38699690402477227,-3.2507739938080538,0.38699690402477227,0.38699690402477227,-3.2507739938080538,19.29179566563468,10.429566563467496
601606.SSE,2026-07-27,—,二接三阳,2026,True,False,-4.849688031764043,6.352807714123654,-4.849688031764043,-4.849688031764043,-4.849688031764043,-5.473624503686891,-5.473624503686891
601608.SSE,2025-10-23,—,三接四阴,2025,False,False,-17.604790419161674,-14.61077844311377,-17.604790419161674,-14.37125748502993,-14.61077844311377,-17.604790419161674,-9.341317365269452
601609.SSE,2025-08-15,—,二接三阴,2025,True,False,17.73485513608428,10.008779631255482,10.008779631255482,17.73485513608428,17.73485513608428,16.59350307287093,29.499561018437227
601611.SSE,2026-01-09,—,二接三阳,2026,False,False,-3.5982814178302958,-2.5778732545649885,7.08915145005371,-2.6315789473684292,-2.5778732545649885,-3.5982814178302958,-3.168635875402792
601616.SSE,2026-01-20,—,二接三阳,2026,True,False,5.054151624548742,2.5270758122743597,9.927797833935003,5.054151624548742,5.054151624548742,5.054151624548742,5.054151624548742
601616.SSE,2026-01-21,—,三接四阳,2026,True,False,-4.433497536945808,9.35960591133005,-4.433497536945808,-4.433497536945808,-4.433497536945808,-4.433497536945808,-4.433497536945808
601619.SSE,2025-09-29,—,二接三阳,2025,False,False,-10.749185667752437,-8.957654723127028,-10.749185667752437,-13.192182410423447,-8.957654723127028,-10.749185667752437,-7.6547231270358225
601669.SSE,2025-07-24,—,三接四阳,2025,True,False,-3.087248322147662,0.5369127516778427,-3.087248322147662,-3.087248322147662,-3.087248322147662,-5.637583892617448,-5.637583892617448
601696.SSE,2024-09-30,—,二接三阳,2024,True,False,-0.952380952380949,10.000000000000009,10.000000000000009,-0.952380952380949,-0.952380952380949,-4.682539682539677,-4.682539682539677
601696.SSE,2024-10-08,—,三接四阳,2024,True,False,-9.956709956709952,-0.43290043290041824,-9.956709956709952,-9.956709956709952,-0.43290043290041824,-13.347763347763342,-13.347763347763342
601698.SSE,2024-11-12,—,二接三阳,2024,False,False,-6.224677716390414,-6.519337016574589,4.198895027624316,-5.267034990791897,-6.519337016574589,-6.224677716390414,-13.996316758747685
601698.SSE,2026-01-06,—,二接三阳,2026,True,False,1.4804533888503446,2.937774693499895,1.4804533888503446,1.4804533888503446,1.4804533888503446,3.0071709461022555,3.0071709461022555
601700.SSE,2026-08-05,—,二接三阳,2026,True,False,-1.075268817204289,9.062980030721967,9.984639016897079,-1.075268817204289,-1.075268817204289,5.990783410138256,8.75576036866359
601700.SSE,2026-08-06,—,三接四阳,2026,True,False,-10.05586592178771,-4.050279329608941,-10.05586592178771,-10.05586592178771,-4.050279329608941,-3.6312849162011163,-1.1173184357541888
601727.SSE,2024-10-23,—,二接三阳,2024,True,False,-3.488372093023251,1.3289036544850585,-3.488372093023251,-3.488372093023251,-3.488372093023251,49.501661129568106,6.146179401993357
601727.SSE,2024-10-29,—,二接三阴,2024,True,True,16.429495472186282,2.975420439844756,9.961190168175937,16.429495472186282,16.429495472186282,4.786545924967656,4.786545924967656
601727.SSE,2024-10-30,—,三接四阴,2024,True,False,5.882352941176472,5.7647058823529385,5.882352941176472,5.882352941176472,5.882352941176472,-4.705882352941182,-4.705882352941182
601727.SSE,2024-11-07,A2,三接四阴,2024,False,False,-6.661045531197296,-7.251264755480602,3.7099494097807773,-5.733558178752107,-7.251264755480602,-6.661045531197296,-10.792580101180437
601789.SSE,2026-03-11,A1,三接四阳,2026,True,False,2.465753424657535,0.0,2.465753424657535,2.465753424657535,2.465753424657535,-6.986301369863012,-6.986301369863012
601801.SSE,2023-05-05,—,二接三阴,2023,True,False,6.471816283924836,-0.8350730688935326,6.471816283924836,6.471816283924836,-0.8350730688935326,2.609603340292277,2.609603340292277
601811.SSE,2023-04-26,—,二接三阴,2023,True,False,5.952380952380953,3.0612244897959107,5.952380952380953,5.952380952380953,5.952380952380953,10.09070294784582,10.09070294784582
601811.SSE,2023-04-27,—,三接四阴,2023,False,False,0.10309278350517648,-8.247422680412363,0.10309278350517648,-3.6597938144329767,-8.247422680412363,0.10309278350517648,10.103092783505163
601858.SSE,2023-04-13,—,二接三阳,2023,True,False,4.38808373590982,0.7648953301127248,9.98389694041868,4.38808373590982,4.38808373590982,3.46215780998389,3.46215780998389
601858.SSE,2023-04-14,—,三接四阳,2023,True,False,-5.087847730600292,-3.0380673499267985,-5.087847730600292,-5.087847730600292,-3.0380673499267985,-5.929721815519773,-5.929721815519773
601858.SSE,2023-08-24,—,二接三阳,2023,False,False,-11.735121542330262,-7.7954735959765316,-11.735121542330262,-1.9279128248113953,-7.7954735959765316,-11.735121542330262,-5.029337803855816
601865.SSE,2024-10-08,—,二接三阳,2024,True,False,-9.982014388489201,-2.652877697841727,-9.982014388489201,-9.982014388489201,-2.652877697841727,-12.230215827338121,-12.230215827338121
601868.SSE,2025-07-23,—,二接三阳,2025,False,False,-2.588996763754048,-9.385113268608414,-2.588996763754048,-6.148867313915851,-9.385113268608414,-2.588996763754048,-11.97411003236245
601869.SSE,2025-01-27,—,二接三阳,2025,False,False,-10.83195069921783,-9.836454136051199,-10.83195069921783,-0.924389665797587,-9.836454136051199,-10.83195069921783,-6.612941455321164
601890.SSE,2025-03-24,—,二接三阴,2025,True,False,-9.982486865148864,-7.35551663747811,-9.982486865148864,-9.982486865148864,-7.35551663747811,-12.259194395796847,-12.259194395796847
601900.SSE,2023-04-26,—,二接三阳,2023,True,False,-9.833422890918852,-1.6657710908113854,-9.833422890918852,-9.833422890918852,-1.6657710908113854,19.61311123052123,-0.8060182697474438
601900.SSE,2023-06-01,—,二接三阳,2023,True,False,-6.771595900439243,6.625183016105418,-6.771595900439243,-6.771595900439243,-6.771595900439243,-5.197657393850664,-5.197657393850664
601908.SSE,2024-10-08,—,二接三阳,2024,True,False,-7.9999999999999964,0.0,-7.9999999999999964,-7.9999999999999964,-7.9999999999999964,-9.53846153846154,-9.53846153846154
601908.SSE,2024-12-25,—,二接三阴,2024,False,False,-13.701923076923084,-17.067307692307686,-13.701923076923084,-8.653846153846157,-17.067307692307686,-13.701923076923084,-14.423076923076927
601929.SSE,2025-08-11,—,二接三阳,2025,True,True,23.232323232323225,2.3569023569023573,10.1010101010101,23.232323232323225,23.232323232323225,31.986531986531986,31.986531986531986
601929.SSE,2025-08-12,—,三接四阳,2025,True,False,11.926605504587151,9.78593272171253,10.091743119266061,11.926605504587151,11.926605504587151,19.877675840978593,19.877675840978593
601929.SSE,2025-11-05,—,二接三阳,2025,True,False,-9.939148073022297,-0.8113590263691739,-9.939148073022297,-9.939148073022297,-0.8113590263691739,-14.198782961460433,-14.198782961460433
601933.SSE,2024-09-26,—,二接三阴,2024,True,False,19.666666666666654,9.999999999999986,9.999999999999986,19.666666666666654,19.666666666666654,7.666666666666666,7.666666666666666
601933.SSE,2024-12-03,—,二接三阳,2024,False,False,-0.9852216748768461,-7.224958949096871,7.060755336617408,-2.6272577996716007,-7.224958949096871,-0.9852216748768461,-7.717569786535295
601949.SSE,2023-04-24,—,二接三阳,2023,True,False,-4.273504273504258,-0.7478632478632563,-4.273504273504258,-4.273504273504258,-0.7478632478632563,-0.32051282051280827,5.341880341880345
601949.SSE,2023-05-08,—,二接三阳,2023,True,True,8.063300678221562,4.898266767143933,8.063300678221562,8.063300678221562,8.063300678221562,12.886209495101731,18.839487565938207
601949.SSE,2023-05-09,—,三接四阳,2023,False,False,2.602739726027403,-2.1917808219178103,8.01369863013699,-1.7808219178082174,-2.1917808219178103,2.602739726027403,0.6849315068493178
601958.SSE,2026-06-15,—,二接三阳,2026,True,False,2.88564303526897,0.10687566797293879,2.88564303526897,2.88564303526897,2.88564303526897,1.4250089063056581,1.4250089063056581
601991.SSE,2026-05-08,B1,二接三阴,2026,True,False,29.963898916967512,8.303249097472932,9.927797833935003,29.963898916967512,29.963898916967512,43.1407942238267,42.960288808664245
601991.SSE,2026-05-11,—,三接四阴,2026,True,True,18.226600985221687,9.688013136288998,10.016420361247945,18.226600985221687,18.226600985221687,30.213464696223326,30.04926108374384
601992.SSE,2026-01-14,—,二接三阴,2026,True,False,-9.829059829059828,-3.8461538461538436,-9.829059829059828,-9.829059829059828,-3.8461538461538436,-18.803418803418804,-18.803418803418804
601996.SSE,2024-10-31,—,二接三阳,2024,True,False,-10.104529616724744,3.1358885017421567,-10.104529616724744,-10.104529616724744,-10.104529616724744,-19.1637630662021,-19.1637630662021
601999.SSE,2023-05-15,—,二接三阳,2023,False,False,-20.845341018251684,-11.239193083573484,-20.845341018251684,-12.007684918347739,-11.239193083573484,-20.845341018251684,-28.7223823246878
603000.SSE,2023-07-14,—,二接三阴,2023,True,False,1.8192488262910977,3.521126760563398,1.8192488262910977,1.8192488262910977,1.8192488262910977,-4.049295774647876,-4.049295774647876
603000.SSE,2026-01-14,—,二接三阳,2026,True,False,-0.9989297181591139,5.030324652158402,9.989297181591139,-0.9989297181591139,-0.9989297181591139,-10.881198715661789,-10.881198715661789
603000.SSE,2026-01-15,—,三接四阳,2026,True,False,-9.990269218293868,-9.990269218293868,-9.990269218293868,-9.990269218293868,-9.990269218293868,-18.97502432695426,-18.97502432695426
603001.SSE,2026-05-26,—,二接三阴,2026,False,False,-9.974424552429662,-9.633418584825238,-9.974424552429662,-8.01364023870419,-9.633418584825238,-9.974424552429662,-12.446717817561815
603002.SSE,2026-06-17,—,二接三阴,2026,True,False,1.6379310344827536,1.8965517241379404,1.6379310344827536,1.6379310344827536,1.6379310344827536,0.6465517241379448,11.810344827586206
603004.SSE,2024-09-04,—,二接三阳,2024,False,False,-18.92502258355917,-20.686540198735326,-18.92502258355917,-17.389340560072274,-20.686540198735326,-18.92502258355917,-23.757904245709128
603004.SSE,2024-11-21,—,三接四阴,2024,True,False,8.455226542989646,0.0,8.455226542989646,8.455226542989646,8.455226542989646,-2.39029611130932,-2.39029611130932
603006.SSE,2023-06-13,—,二接三阴,2023,True,False,-1.016419077404218,10.007818608287744,10.007818608287744,-1.016419077404218,-1.016419077404218,-6.489444878811557,-6.489444878811557
603006.SSE,2023-06-14,—,三接四阴,2023,True,False,-10.021321961620465,-4.335465529495375,-10.021321961620465,-10.021321961620465,-4.335465529495375,-14.996446339729918,-14.996446339729918
603006.SSE,2024-03-28,—,二接三阴,2024,True,False,31.705484598046585,9.99248685199099,9.99248685199099,31.705484598046585,31.705484598046585,18.557475582268967,18.557475582268967
603011.SSE,2024-02-23,—,二接三阳,2024,True,False,3.382949932341006,5.548037889039237,10.01353179972937,3.382949932341006,3.382949932341006,4.3301759133964834,4.3301759133964834
603011.SSE,2024-02-26,—,三接四阳,2024,True,False,-6.027060270602725,3.690036900368998,-6.027060270602725,-6.027060270602725,-6.027060270602725,-5.166051660516613,-5.166051660516613
603011.SSE,2024-03-19,A2,三接四阴,2024,False,False,-14.452423698384209,-16.42728904847397,-14.452423698384209,-14.093357271095153,-16.42728904847397,-14.452423698384209,-20.017953321364455
603011.SSE,2025-03-27,—,三接四阳,2025,False,False,-6.176470588235294,-11.764705882352944,-1.6911764705882404,-10.661764705882348,-11.764705882352944,-6.176470588235294,3.2352941176470473
603011.SSE,2025-10-13,—,三接四阴,2025,True,False,5.810397553516822,9.82415902140672,5.810397553516822,5.810397553516822,5.810397553516822,2.255351681957185,2.255351681957185
603011.SSE,2026-05-29,—,二接三阴,2026,True,False,16.33226324237558,3.0096308186195797,9.991974317816998,16.33226324237558,16.33226324237558,24.03691813804172,24.03691813804172
603011.SSE,2026-06-01,—,三接四阴,2026,True,False,5.764319591389988,2.9916089018606318,5.764319591389988,5.764319591389988,5.764319591389988,12.769062385990516,12.769062385990516
603015.SSE,2025-01-10,—,三接四阴,2025,True,False,-0.30326004548899554,-3.335860500379073,-0.30326004548899554,-0.30326004548899554,-3.335860500379073,6.671721000758146,9.704321455648234
603015.SSE,2026-01-09,—,二接三阳,2026,True,False,-0.9935710111046103,0.0,9.994155464640574,-0.9935710111046103,-0.9935710111046103,-7.7147866744593845,-7.7147866744593845
603015.SSE,2026-01-12,—,三接四阳,2026,True,False,-9.989373007438884,-2.5504782146652527,-9.989373007438884,-9.989373007438884,-2.5504782146652527,-16.0998937300744,-16.0998937300744
603017.SSE,2025-06-04,—,二接三阳,2025,True,False,-4.970513900589724,1.8534119629317614,-4.970513900589724,-4.970513900589724,-4.970513900589724,2.190395956192104,4.549283909014323
603017.SSE,2026-01-12,—,二接三阴,2026,True,False,-9.97949419002051,9.022556390977442,-9.97949419002051,-9.97949419002051,-9.97949419002051,-15.174299384825707,-15.174299384825707
603019.SSE,2024-10-09,—,二接三阳,2024,False,False,-9.057845514374785,-3.0135088326983084,-9.057845514374785,-3.100103914097674,-3.0135088326983084,-9.057845514374785,-11.655697956356082
603023.SSE,2023-12-01,—,二接三阳,2023,True,False,0.8645533141210304,-9.942363112391938,9.942363112391917,0.8645533141210304,-9.942363112391938,1.5850144092218965,1.5850144092218965
603023.SSE,2023-12-04,—,三接四阳,2023,True,False,-8.25688073394495,-6.946264744429886,-8.25688073394495,-8.25688073394495,-6.946264744429886,-7.601572739187423,-7.601572739187423
603023.SSE,2024-03-21,—,二接三阳,2024,True,False,-2.7368421052631597,-1.2631578947368327,-2.7368421052631597,-2.7368421052631597,-1.2631578947368327,-12.421052631578943,-12.421052631578943
603023.SSE,2025-12-22,—,二接三阴,2025,False,False,-9.404388714733535,-15.517241379310354,-9.404388714733535,-6.2695924764890165,-15.517241379310354,-9.404388714733535,-13.479623824451414
603025.SSE,2023-08-30,—,二接三阳,2023,True,False,-9.970326409495556,0.0,-9.970326409495556,-9.970326409495556,-9.970326409495556,-16.32047477744808,-16.32047477744808
603026.SSE,2025-11-14,—,二接三阳,2025,True,True,6.237564663748518,2.049343414245919,6.237564663748518,6.237564663748518,6.237564663748518,-4.387186629526463,-4.387186629526463
603028.SSE,2024-02-20,—,二接三阴,2024,True,False,2.5316455696202445,0.0,2.5316455696202445,2.5316455696202445,2.5316455696202445,5.625879043600546,5.625879043600546
603028.SSE,2024-02-21,—,三接四阴,2024,False,False,-3.9641943734015417,-7.928388746803073,-3.9641943734015417,-6.7774936061381075,-7.928388746803073,-3.9641943734015417,5.626598465473132
603028.SSE,2025-03-24,—,二接三阴,2025,False,False,-12.800875273522983,-12.800875273522983,-12.800875273522983,-3.1728665207877538,-12.800875273522983,-12.800875273522983,-20.350109409190374
603029.SSE,2024-12-02,—,二接三阳,2024,False,False,-14.389468906037228,-12.573763050385834,-14.389468906037228,-7.852927825692236,-12.573763050385834,-14.389468906037228,-16.70449387199273
603030.SSE,2024-11-06,—,二接三阳,2024,True,False,-1.9108280254777066,5.095541401273884,-1.9108280254777066,-1.9108280254777066,-1.9108280254777066,-7.9617834394904445,-7.9617834394904445
603030.SSE,2024-12-09,—,二接三阳,2024,False,False,-1.253132832080206,-6.015037593984962,-1.253132832080206,-7.769423558897248,-6.015037593984962,-1.253132832080206,-6.516290726817053
603030.SSE,2025-05-07,—,三接四阴,2025,True,False,-10.031347962382442,0.31347962382446415,-10.031347962382442,-10.031347962382442,-10.031347962382442,-12.225705329153612,-12.225705329153612
603032.SSE,2025-06-10,—,二接三阴,2025,True,False,3.8548752834467015,6.179138321995459,3.8548752834467015,3.8548752834467015,3.8548752834467015,-0.7936507936508019,-0.7936507936508019
603032.SSE,2025-06-11,—,三接四阴,2025,False,False,-9.79381443298969,-11.340206185567004,-9.79381443298969,-5.567010309278341,-11.340206185567004,-9.79381443298969,-16.597938144329895
603032.SSE,2025-09-02,—,二接三阴,2025,True,True,2.893890675241173,9.726688102893899,2.893890675241173,2.893890675241173,2.893890675241173,-7.395498392282962,-7.395498392282962
603032.SSE,2025-09-03,—,三接四阴,2025,False,False,-15.820241139934243,-5.2246985750822095,-15.820241139934243,-6.466934599926921,-5.2246985750822095,-15.820241139934243,-13.372305443916698
603033.SSE,2024-02-08,—,二接三阴,2024,True,False,2.1152443471918136,1.3858497447118756,2.1152443471918136,2.1152443471918136,2.1152443471918136,1.5317286652078765,1.5317286652078765
603037.SSE,2023-10-30,—,二接三阳,2023,False,False,-23.661485319516405,-18.091537132987913,-23.661485319516405,-16.01899827288429,-18.091537132987913,-23.661485319516405,-16.01899827288429
603037.SSE,2023-11-08,—,二接三阴,2023,True,False,-9.372579395817205,3.253292021688603,-9.372579395817205,-9.372579395817205,-9.372579395817205,-15.685515104570102,-15.685515104570102
603037.SSE,2023-11-09,—,三接四阴,2023,False,False,-23.34507042253521,-24.190140845070417,-23.34507042253521,-17.6056338028169,-24.190140845070417,-23.34507042253521,-22.605633802816893
603038.SSE,2024-01-15,—,二接三阴,2024,True,False,-8.682266009852203,4.679802955665036,-8.682266009852203,-8.682266009852203,-8.682266009852203,-0.5541871921182273,0.4310344827586299
603038.SSE,2024-03-04,—,二接三阴,2024,False,False,-11.994219653179194,-9.75433526011561,-11.994219653179194,-9.537572254335258,-9.75433526011561,-11.994219653179194,-10.549132947976869
603038.SSE,2024-10-15,—,二接三阴,2024,True,False,145.45454545454547,9.999999999999986,9.999999999999986,145.45454545454547,145.45454545454547,167.27272727272725,169.99999999999997
603038.SSE,2025-08-21,—,二接三阳,2025,False,False,-9.771309771309767,-15.904365904365903,-9.771309771309767,-13.513513513513509,-15.904365904365903,-9.771309771309767,-6.237006237006238
603039.SSE,2025-02-05,—,二接三阴,2025,True,True,6.91833590138673,-0.9861325115562369,6.91833590138673,6.91833590138673,-0.9861325115562369,4.776579352850541,4.776579352850541
603039.SSE,2025-02-06,—,三接四阴,2025,False,False,-4.748564224681329,-6.1493206331418975,-4.748564224681329,-2.8015128169211367,-6.1493206331418975,-4.748564224681329,-5.33688191623477
603039.SSE,2026-08-03,—,二接三阳,2026,False,False,0.7774538386783325,-0.9718172983479101,0.7774538386783325,-3.57142857142857,-0.9718172983479101,0.7774538386783325,8.454810495626841
603040.SSE,2025-05-06,—,二接三阳,2025,True,False,7.389937106918243,10.0104821802935,7.389937106918243,7.389937106918243,7.389937106918243,2.2012578616352307,2.2012578616352307
603040.SSE,2025-05-07,—,三接四阳,2025,False,False,-7.098618389709377,-4.692710814673651,-7.098618389709377,-2.382086707956166,-4.692710814673651,-7.098618389709377,-11.267270128632678
603042.SSE,2023-09-25,—,二接三阴,2023,True,False,-1.0040160642570406,-2.208835341365467,9.989959839357422,-1.0040160642570406,-2.208835341365467,-8.333333333333337,-8.333333333333337
603042.SSE,2023-09-26,—,三接四阴,2023,True,False,-9.995435874030134,-9.995435874030134,-9.995435874030134,-9.995435874030134,-9.995435874030134,-16.6590597900502,-16.6590597900502
603042.SSE,2025-01-21,—,二接三阳,2025,True,False,-0.9816753926701449,10.01308900523561,10.01308900523561,-0.9816753926701449,-0.9816753926701449,-1.963350785340312,8.900523560209429
603042.SSE,2025-01-22,—,三接四阳,2025,True,False,-9.994051160023787,9.994051160023787,-9.994051160023787,-9.994051160023787,-9.994051160023787,-10.886377156454486,-1.0113027959547827
603042.SSE,2025-06-06,—,二接三阳,2025,True,False,4.445634708087831,-5.1955008034279775,4.445634708087831,4.445634708087831,-5.1955008034279775,-1.6068559185859699,-1.6068559185859699
603048.SSE,2025-03-07,—,三接四阳,2025,True,False,-5.869565217391315,-2.60869565217392,-5.869565217391315,-5.869565217391315,-2.60869565217392,-13.695652173913043,-13.695652173913043
603051.SSE,2025-09-04,—,二接三阳,2025,False,False,-11.324103656372031,-17.287894923677673,-11.324103656372031,-11.253106141285063,-17.287894923677673,-11.324103656372031,-5.857294994675188
603052.SSE,2024-01-02,—,二接三阳,2024,True,False,1.7939090529828894,-6.132665832290362,1.7939090529828894,1.7939090529828894,-6.132665832290362,0.7717980809345049,11.973299958281181
603052.SSE,2024-01-03,—,三接四阳,2024,False,False,-8.382325052152462,-16.61293381376825,1.8016309501232675,-7.453062772615205,-16.61293381376825,-8.382325052152462,-14.488905746254488
603052.SSE,2024-03-04,—,二接三阴,2024,False,False,-9.068567215532063,-11.255836814942244,-9.068567215532063,-7.938068321454894,-11.255836814942244,-9.068567215532063,-12.2634553944458
603052.SSE,2026-01-29,—,二接三阳,2026,False,False,1.1570005858230648,-0.5272407732864637,1.1570005858230648,-2.4751025190392517,-0.5272407732864637,1.1570005858230648,1.449912126537778
603052.SSE,2026-04-20,—,二接三阴,2026,True,False,-1.515977751117903,0.35990838695605376,-1.515977751117903,-1.515977751117903,-1.515977751117903,-0.35990838695604266,-0.35990838695604266
603052.SSE,2026-05-14,—,二接三阴,2026,True,False,-1.6553995493153062,-0.42468365401282515,-1.6553995493153062,-1.6553995493153062,-0.42468365401282515,-10.348413936557465,-10.348413936557465
603056.SSE,2025-05-29,—,二接三阳,2025,True,False,17.133791644632467,9.994711792702283,9.994711792702283,17.133791644632467,17.133791644632467,6.874669487043894,6.874669487043894
603061.SSE,2024-10-21,—,二接三阳,2024,False,False,-9.946791182538817,-10.381148876099466,-9.946791182538817,-6.667390596155931,-10.381148876099466,-9.946791182538817,-12.064284938646974
603063.SSE,2024-10-29,—,二接三阴,2024,False,False,-9.288430200977738,-5.377512221618675,-9.288430200977738,-7.0613796849538275,-5.377512221618675,-9.288430200977738,-0.21727322107549796
603063.SSE,2025-01-08,—,二接三阴,2025,True,False,17.702596380802515,9.992132179386303,9.992132179386303,17.702596380802515,17.702596380802515,14.162077104642012,14.162077104642012
603063.SSE,2025-01-09,—,三接四阴,2025,True,False,7.010014306151646,2.896995708154493,7.010014306151646,7.010014306151646,7.010014306151646,3.791130185979963,3.791130185979963
603065.SSE,2024-01-09,—,二接三阴,2024,False,False,-18.506493506493506,-22.077922077922075,-18.506493506493506,-13.41991341991342,-22.077922077922075,-18.506493506493506,-19.101731601731608
603066.SSE,2023-12-14,—,二接三阳,2023,True,False,-0.9789156626505924,0.5271084337349352,10.015060240963859,-0.9789156626505924,-0.9789156626505924,-10.843373493975905,-10.843373493975905
603066.SSE,2023-12-15,—,三接四阳,2023,True,False,-9.99315537303216,-6.228610540725532,-9.99315537303216,-9.99315537303216,-6.228610540725532,-18.959616700889804,-18.959616700889804
603066.SSE,2024-01-22,—,二接三阳,2024,False,False,-11.984282907662081,-15.455140798952193,-11.984282907662081,-8.055009823182713,-15.455140798952193,-11.984282907662081,-8.382449246889323
603066.SSE,2024-02-28,—,二接三阳,2024,False,False,-15.927977839335172,-22.576177285318554,-15.927977839335172,-18.144044321329634,-22.576177285318554,-15.927977839335172,-17.728531855955676
603068.SSE,2024-05-28,—,二接三阴,2024,True,False,-6.758221900975792,10.010842067220803,-6.758221900975792,-6.758221900975792,-6.758221900975792,-4.40910733646549,-4.40910733646549
603068.SSE,2024-05-29,—,三接四阴,2024,False,False,-13.10775295663601,-19.316688567674124,-13.10775295663601,-15.243101182654407,-19.316688567674124,-13.10775295663601,-20.20367936925099
603068.SSE,2025-08-29,—,二接三阳,2025,False,False,-10.471000389256524,-9.108602569093026,-10.471000389256524,-6.714674970805767,-9.108602569093026,-10.471000389256524,-16.699104710003898
603069.SSE,2024-03-08,—,二接三阳,2024,False,False,-16.948398576512446,-15.702846975088969,-16.948398576512446,-11.74377224199289,-15.702846975088969,-16.948398576512446,-16.548042704626333
603070.SSE,2025-01-09,—,二接三阳,2025,True,False,-9.98781973203412,-8.46528623629721,-9.98781973203412,-9.98781973203412,-8.46528623629721,-19.001218026796597,-19.001218026796597
603070.SSE,2026-05-14,—,二接三阳,2026,False,False,-11.544628540887224,-13.9497594869054,-11.544628540887224,-11.170497060395512,-13.9497594869054,-11.544628540887224,-11.11704970603956
603072.SSE,2025-04-07,—,二接三阳,2025,False,False,5.327868852459017,-14.532103825136621,1.2465846994535568,-7.957650273224049,-14.532103825136621,5.327868852459017,0.8538251366120297
603079.SSE,2026-08-18,—,二接三阴,2026,False,False,-18.29944547134935,-18.176216882316698,-18.29944547134935,-9.242144177449163,-18.176216882316698,-18.29944547134935,-21.441774491682075
603080.SSE,2025-08-12,—,二接三阳,2025,True,False,-5.871353777112931,8.0403889304413,-5.871353777112931,-5.871353777112931,-5.871353777112931,-14.210919970082259,-14.210919970082259
603082.SSE,2024-02-21,—,二接三阳,2024,False,False,-3.8565996740901776,-9.3427485062466,-3.8565996740901776,-2.2270505160238985,-9.3427485062466,-3.8565996740901776,5.757740358500807
603082.SSE,2024-02-27,—,二接三阳,2024,False,False,-15.89895988112927,-9.254935257907027,-15.89895988112927,-6.559116960305655,-9.254935257907027,-15.89895988112927,-14.604118021651457
603082.SSE,2025-01-21,—,二接三阴,2025,False,False,-16.25137816979053,-13.605292171995597,-16.25137816979053,-11.245865490628448,-13.605292171995597,-16.25137816979053,-11.422271223814773
603082.SSE,2026-05-18,—,二接三阳,2026,True,False,-1.0101010101010055,9.993552546744034,9.993552546744034,-1.0101010101010055,-1.0101010101010055,-8.016333548248456,-8.016333548248456
603082.SSE,2026-05-19,—,三接四阳,2026,True,True,-10.003907776475184,-10.003907776475184,-10.003907776475184,-10.003907776475184,-10.003907776475184,-16.37358343102775,-16.37358343102775
603082.SSE,2026-06-23,—,二接三阳,2026,False,False,-5.419016921837228,-5.519742143432715,-5.419016921837228,-5.31829170024174,-5.519742143432715,-5.419016921837228,-9.347300564061245
603083.SSE,2023-04-20,—,二接三阳,2023,True,False,0.2423822714681556,3.7915512465374057,0.2423822714681556,0.2423822714681556,0.2423822714681556,4.224376731301938,4.224376731301938
603083.SSE,2025-09-15,—,二接三阴,2025,False,False,6.485130777499104,1.2182013615191778,7.398781798638487,-2.364743819419568,6.485130777499104,6.485130777499104,3.6366893586528226
603085.SSE,2025-02-26,—,二接三阳,2025,False,False,-12.46046805819102,-11.511701454775459,-2.71979759645794,-11.574952561669827,-11.511701454775459,-12.46046805819102,-17.330803289057563
603086.SSE,2025-01-14,—,二接三阳,2025,True,False,-10.017889087656517,-1.4311270125223596,-10.017889087656517,-10.017889087656517,-1.4311270125223596,-16.279069767441868,-16.279069767441868
603086.SSE,2025-02-17,—,二接三阳,2025,True,False,-1.0101010101010166,1.0101010101009944,9.932659932659927,-1.0101010101010166,-1.0101010101010166,-3.872053872053882,-3.872053872053882
603086.SSE,2025-02-18,B3,三接四阳,2025,True,False,-9.954058192955594,-2.7565084226646386,-9.954058192955594,-9.954058192955594,-2.7565084226646386,-12.55742725880552,-12.55742725880552
603086.SSE,2025-04-24,—,三接四阳,2025,True,False,2.122347066167296,3.495630461922583,2.122347066167296,2.122347066167296,2.122347066167296,-0.3745318352059823,-0.3745318352059823
603088.SSE,2024-12-06,—,二接三阳,2024,False,False,2.784810126582271,-17.721518987341767,-5.65400843881857,-14.261603375527422,-17.721518987341767,2.784810126582271,-7.510548523206739
603088.SSE,2024-12-11,—,二接三阴,2024,True,True,-9.977827050997778,-7.612712490761265,-9.977827050997778,-9.977827050997778,-7.612712490761265,-18.99482631189947,-18.99482631189947
603089.SSE,2023-11-06,—,二接三阳,2023,False,False,-4.08825438027256,-10.188189487345877,-4.08825438027256,-8.241401687216088,-10.188189487345877,-4.08825438027256,-13.692407527579487
603090.SSE,2025-09-25,—,二接三阴,2025,False,False,-1.661420076949982,-2.0636586218957698,4.82686253934943,-4.704442112626783,-2.0636586218957698,-1.661420076949982,-7.257782441413074
603091.SSE,2024-10-09,—,二接三阳,2024,True,False,-9.990412272291472,1.6299137104506256,-9.990412272291472,-9.990412272291472,-9.990412272291472,-14.15148609779482,-14.15148609779482
603093.SSE,2025-06-05,—,二接三阳,2025,True,False,7.972270363951495,3.4084344309647685,7.972270363951495,7.972270363951495,7.972270363951495,16.00231080300405,18.775274407856735
603093.SSE,2025-06-06,A1,三接四阳,2025,False,False,5.462184873949583,-5.724789915966388,7.983193277310918,-1.8382352941176405,-5.724789915966388,5.462184873949583,7.930672268907579
603093.SSE,2025-06-27,—,二接三阳,2025,False,False,-6.569037656903765,-4.686192468619232,-6.569037656903765,-2.7196652719665204,-4.686192468619232,-6.569037656903765,-14.142259414225933
603093.SSE,2025-07-11,—,二接三阳,2025,True,False,-10.003598416696647,-1.7632241813602012,-10.003598416696647,-10.003598416696647,-1.7632241813602012,-14.68154012234616,-14.68154012234616
603095.SSE,2024-03-18,—,二接三阴,2024,True,False,-8.25195312500001,8.837890625,-8.25195312500001,-8.25195312500001,-8.25195312500001,-6.103515625,-6.103515625
603095.SSE,2024-10-28,—,二接三阴,2024,False,False,-12.60076368264743,-8.90963088672041,-12.60076368264743,-4.963937208315661,-8.90963088672041,-12.60076368264743,-12.049215103945688
603095.SSE,2026-04-29,—,二接三阳,2026,True,False,4.856895056374677,10.01734605377278,10.01734605377278,4.856895056374677,4.856895056374677,12.142237640936692,15.351257588898548
603096.SSE,2023-04-13,—,二接三阴,2023,False,False,-11.328820805130036,-8.22942643391521,-11.328820805130036,-3.847524047025297,-8.22942643391521,-11.328820805130036,-12.753829711435705
603096.SSE,2024-12-02,—,二接三阳,2024,False,False,-6.504065040650408,-11.991869918699194,-6.504065040650408,-8.089430894308947,-11.991869918699194,-6.504065040650408,-15.650406504065051
603097.SSE,2024-01-16,—,二接三阴,2024,True,False,-8.32547910775997,-5.435124096764055,-8.32547910775997,-8.32547910775997,-5.435124096764055,-12.409676405906378,-12.409676405906378
603099.SSE,2024-01-04,—,二接三阳,2024,True,False,48.94684052156468,7.171514543630897,9.979939819458373,48.94684052156468,48.94684052156468,58.024072216649955,58.024072216649955
603099.SSE,2024-01-05,A1,三接四阳,2024,True,False,35.43091655266757,4.012767897856806,9.98632010943914,35.43091655266757,35.43091655266757,43.68445052439582,43.68445052439582
603101.SSE,2024-11-13,—,二接三阴,2024,False,False,-1.6731016731016735,-8.622908622908621,-1.6731016731016735,-7.335907335907333,-8.622908622908621,-1.6731016731016735,-7.335907335907333
603101.SSE,2025-08-22,—,二接三阳,2025,True,True,5.240174672489095,1.4847161572052459,5.240174672489095,5.240174672489095,5.240174672489095,-5.065502183406112,-5.065502183406112
603101.SSE,2025-08-25,—,三接四阳,2025,False,False,-13.730158730158736,-10.476190476190483,-13.730158730158736,-4.36507936507936,-10.476190476190483,-13.730158730158736,-12.936507936507924
603103.SSE,2025-02-14,—,二接三阴,2025,False,False,-16.093229744728077,-12.319644839067701,-16.093229744728077,-6.770255271920078,-12.319644839067701,-16.093229744728077,-22.863485016648166
603103.SSE,2026-02-03,—,三接四阳,2026,True,False,-6.740116655865192,9.850939727802977,-6.740116655865192,-6.740116655865192,-6.740116655865192,8.230719377835394,2.5923525599481634
603106.SSE,2023-08-08,—,二接三阳,2023,True,False,8.962868117797695,-0.3841229193341733,9.98719590268886,8.962868117797695,-0.3841229193341733,-0.8962868117797673,-0.8962868117797673
603106.SSE,2023-08-09,—,三接四阳,2023,True,False,-0.93131548311991,-3.3760186263096514,10.011641443538988,-0.93131548311991,-3.3760186263096514,-9.89522700814901,-9.89522700814901
603106.SSE,2023-08-28,—,二接三阳,2023,False,False,-13.170731707317074,-12.195121951219512,-13.170731707317074,-14.53658536585366,-12.195121951219512,-13.170731707317074,-16.292682926829272
603106.SSE,2024-10-28,—,二接三阴,2024,True,True,-9.992372234935154,9.992372234935164,-9.992372234935154,-9.992372234935154,-9.992372234935154,2.898550724637694,-0.9916094584286772
603106.SSE,2024-10-29,—,三接四阴,2024,False,False,-6.449375866851592,-17.267683772538145,-9.986130374479885,-18.169209431345344,-17.267683772538145,-6.449375866851592,-15.811373092926484
603106.SSE,2025-01-15,—,二接三阴,2025,False,False,-3.462321792260692,-11.405295315682295,-3.462321792260692,-9.063136456211819,-11.405295315682295,-3.462321792260692,-8.350305498981669
603106.SSE,2026-08-04,—,二接三阳,2026,True,False,0.9955752212389646,3.31858407079646,0.9955752212389646,0.9955752212389646,0.9955752212389646,0.0,11.061946902654874
603106.SSE,2026-08-05,—,三接四阳,2026,False,False,-9.05432595573441,-9.657947686116696,1.0060362173038184,-8.148893360160958,-9.657947686116696,-9.05432595573441,-14.587525150905423
603108.SSE,2023-06-20,B1,二接三阴,2023,True,True,1.6666666666666607,1.5591397849462396,1.6666666666666607,1.6666666666666607,1.6666666666666607,-3.8709677419354938,-3.8709677419354938
603108.SSE,2023-10-31,—,二接三阳,2023,False,False,-9.73247232472324,-7.702952029520283,-9.73247232472324,-9.040590405904059,-7.702952029520283,-9.73247232472324,-7.287822878228778
603109.SSE,2024-03-01,—,二接三阳,2024,False,False,-14.433919711321618,-14.433919711321618,-14.433919711321618,-4.916553901668941,-14.433919711321618,-14.433919711321618,-23.00405953991881
603110.SSE,2025-02-07,—,二接三阳,2025,True,False,-5.515463917525776,6.597938144329896,-5.515463917525776,-5.515463917525776,-5.515463917525776,-7.731958762886604,-7.731958762886604
603111.SSE,2024-02-28,—,二接三阳,2024,False,False,-20.873124147339706,-26.46657571623465,-20.873124147339706,-18.28103683492497,-26.46657571623465,-20.873124147339706,-23.601637107776263
603115.SSE,2025-07-18,—,二接三阴,2025,True,False,-8.350305498981669,0.0,-8.350305498981669,-8.350305498981669,-8.350305498981669,-5.5498981670061065,-5.5498981670061065
603115.SSE,2026-04-23,—,二接三阴,2026,False,False,-0.695858791581816,-3.716904276985755,-0.695858791581816,-0.6279701289884643,-3.716904276985755,-0.695858791581816,-0.5091649694501044
603115.SSE,2026-06-17,—,二接三阴,2026,True,True,-4.368851092212767,5.052526263131574,-4.368851092212767,-4.368851092212767,-4.368851092212767,-4.5522761380690335,-4.5522761380690335
603117.SSE,2024-11-05,—,二接三阴,2024,True,False,-5.943691345151203,-1.4598540145985495,-5.943691345151203,-5.943691345151203,-1.4598540145985495,-11.261730969760164,-11.261730969760164
603118.SSE,2024-08-26,—,二接三阳,2024,True,False,-7.881136950904399,-6.2015503875969,-7.881136950904399,-7.881136950904399,-6.2015503875969,-11.240310077519378,-11.240310077519378
603118.SSE,2026-08-17,—,二接三阴,2026,True,False,-1.6045548654244235,4.296066252587982,-1.6045548654244235,-1.6045548654244235,-1.6045548654244235,-11.438923395445144,-11.438923395445144
603121.SSE,2024-12-05,—,二接三阳,2024,True,False,-7.184628237259827,3.007518796992481,-7.184628237259827,-7.184628237259827,-7.184628237259827,-16.457811194653303,-16.457811194653303
603122.SSE,2025-10-30,—,二接三阳,2025,True,False,86.51685393258428,7.415730337078652,9.999999999999986,86.51685393258428,86.51685393258428,167.41573033707863,105.16853932584272
603122.SSE,2025-10-31,—,三接四阳,2025,True,False,69.56077630234935,10.010214504596537,10.010214504596537,69.56077630234935,69.56077630234935,143.10520939734425,86.5168539325843
603122.SSE,2025-11-13,—,二接三阳,2025,True,True,7.692307692307687,-2.1719457013574694,7.692307692307687,7.692307692307687,-2.1719457013574694,6.606334841628936,18.461538461538463
603122.SSE,2025-11-14,—,三接四阳,2025,False,False,-3.0851501439736695,-2.0979020979020935,7.692307692307687,-2.0979020979020935,-2.0979020979020935,-3.0851501439736695,-12.793089263677492
603123.SSE,2023-09-26,—,二接三阳,2023,True,False,15.955882352941186,5.514705882352944,10.000000000000009,15.955882352941186,15.955882352941186,12.205882352941178,12.205882352941178
603123.SSE,2023-09-27,—,三接四阳,2023,True,False,5.41443850267378,2.2727272727272707,5.41443850267378,5.41443850267378,5.41443850267378,2.0053475935828846,2.0053475935828846
603123.SSE,2024-09-09,—,二接三阳,2024,True,False,-6.493506493506496,3.8961038961038863,-6.493506493506496,-6.493506493506496,-6.493506493506496,-15.84415584415584,-15.84415584415584
603123.SSE,2024-09-10,—,三接四阳,2024,False,False,-23.494687131050775,-23.494687131050775,-23.494687131050775,-14.994096812278634,-23.494687131050775,-23.494687131050775,-25.501770956316417
603123.SSE,2025-06-04,—,三接四阴,2025,False,False,-4.038179148311293,-11.30690161527166,4.111600587371522,-5.3597650513949935,-11.30690161527166,-4.038179148311293,-6.020558002936848
603125.SSE,2025-07-02,—,二接三阴,2025,False,False,-19.107981220657276,-15.492957746478876,-19.107981220657276,-11.032863849765262,-15.492957746478876,-19.107981220657276,-21.690140845070427
603127.SSE,2024-10-08,—,二接三阳,2024,True,False,-9.113796576032218,-4.33031218529708,-9.113796576032218,-9.113796576032218,-4.33031218529708,-10.372608257804627,-10.372608257804627
603128.SSE,2025-04-17,—,二接三阴,2025,True,False,-10.050251256281406,-5.6532663316582905,-10.050251256281406,-10.050251256281406,-5.6532663316582905,-12.939698492462314,-12.939698492462314
603130.SSE,2025-08-08,—,二接三阴,2025,False,False,-9.895722494147686,-14.918067673973201,-9.895722494147686,-11.917429240263889,-14.918067673973201,-9.895722494147686,-10.832091934454146
603131.SSE,2023-07-12,—,二接三阴,2023,False,False,-13.782635094110507,-12.325440194292646,-13.782635094110507,-4.189435336976322,-12.325440194292646,-13.782635094110507,-13.721918639951413
603131.SSE,2023-10-19,—,二接三阳,2023,True,False,-10.014727540500745,-10.014727540500745,-10.014727540500745,-10.014727540500745,-10.014727540500745,-14.482081492390764,-14.482081492390764
603131.SSE,2024-03-07,—,二接三阴,2024,True,False,3.460207612456756,-1.9607843137254943,9.97693194925029,3.460207612456756,-1.9607843137254943,-4.959630911188007,-4.959630911188007
603131.SSE,2024-03-08,—,三接四阴,2024,True,False,-5.925537493445199,-5.610907184058734,-5.925537493445199,-5.925537493445199,-5.610907184058734,-13.581541688515998,-13.581541688515998
603132.SSE,2026-01-28,—,二接三阳,2026,True,False,-2.6149684400360584,0.0,-2.6149684400360584,-2.6149684400360584,-2.6149684400360584,-12.35347159603245,-12.35347159603245
603135.SSE,2026-06-05,—,二接三阳,2026,True,False,12.61582323592303,1.781895937277267,9.978617248752686,12.61582323592303,12.61582323592303,1.3542409123307397,1.3542409123307397
603135.SSE,2026-06-08,—,三接四阳,2026,True,False,2.397926117952043,-1.166558651976668,2.397926117952043,2.397926117952043,-1.166558651976668,-7.841866493843153,-7.841866493843153
603137.SSE,2026-07-15,—,二接三阴,2026,True,False,-9.997191800056171,-9.997191800056171,-9.997191800056171,-9.997191800056171,-9.997191800056171,-18.98343162033136,-18.98343162033136
603139.SSE,2025-03-24,—,三接四阴,2025,False,False,-23.144488361879667,-21.168203776899432,-23.144488361879667,-15.239350021958709,-21.168203776899432,-23.144488361879667,-18.708827404479567
603139.SSE,2025-06-13,—,三接四阳,2025,False,False,-21.920529801324506,-20.562913907284774,-21.920529801324506,-13.245033112582782,-20.562913907284774,-21.920529801324506,-27.48344370860928
603151.SSE,2025-06-19,—,三接四阳,2025,False,False,-6.277436347673393,-13.608428446005272,-6.277436347673393,-12.642669007901674,-13.608428446005272,-6.277436347673393,-10.974539069359091
603153.SSE,2023-12-14,—,二接三阳,2023,True,False,0.35419126328217754,9.012199921290831,9.99606454151909,0.35419126328217754,0.35419126328217754,-9.327036599763872,-9.327036599763872
603153.SSE,2023-12-15,—,三接四阳,2023,True,False,-8.765652951699465,-4.221824686940967,-8.765652951699465,-8.765652951699465,-4.221824686940967,-17.567084078711993,-17.567084078711993
603155.SSE,2024-07-08,—,二接三阴,2024,True,False,-1.015228426395931,10.00725163161713,10.00725163161713,-1.015228426395931,-1.015228426395931,-3.0456852791878153,-3.0456852791878153
603155.SSE,2024-07-09,—,三接四阴,2024,True,False,-10.019775873434412,10.019775873434412,-10.019775873434412,-10.019775873434412,-10.019775873434412,-11.865524060646015,-11.865524060646015
603155.SSE,2025-06-24,—,二接三阴,2025,True,False,1.0913268236645735,-3.3314187248707716,1.0913268236645735,1.0913268236645735,-3.3314187248707716,2.9293509477311908,2.9293509477311908
603156.SSE,2025-09-26,—,二接三阳,2025,True,False,7.6759061833688635,6.929637526652455,7.6759061833688635,7.6759061833688635,7.6759061833688635,4.726368159203975,4.726368159203975
603156.SSE,2025-09-29,—,三接四阳,2025,False,False,-4.781906300484651,-5.49273021001615,-4.781906300484651,-2.100161550888524,-5.49273021001615,-4.781906300484651,1.0985460420032345
603158.SSE,2025-08-15,—,二接三阳,2025,True,False,3.8222222222222157,5.155555555555558,3.8222222222222157,3.8222222222222157,3.8222222222222157,13.155555555555566,14.222222222222225
603158.SSE,2025-08-18,—,三接四阳,2025,False,False,2.8271405492730217,1.9386106623586308,3.796445880452337,-5.654281098546054,2.8271405492730217,2.8271405492730217,5.49273021001615
603160.SSE,2024-10-09,—,二接三阳,2024,False,False,-6.827309236947787,-1.9607843137254832,-6.827309236947787,-1.2520670918970023,-1.9607843137254832,-6.827309236947787,-12.1545003543586
603162.SSE,2023-08-22,—,二接三阳,2023,False,False,-15.424679487179493,-15.344551282051288,-15.424679487179493,-6.049679487179493,-15.344551282051288,-15.424679487179493,-23.87820512820513
603163.SSE,2025-12-24,—,二接三阴,2025,True,False,6.260401997183451,2.4068621175265648,9.998719754192798,6.260401997183451,6.260401997183451,-4.365638202534883,-4.365638202534883
603163.SSE,2025-12-25,—,三接四阴,2025,True,False,-3.3985102420856617,-1.000931098696456,-3.3985102420856617,-3.3985102420856617,-1.000931098696456,-13.05865921787709,-13.05865921787709
603166.SSE,2024-05-31,—,二接三阴,2024,False,False,-21.610169491525422,-20.76271186440678,-21.610169491525422,-12.853107344632775,-20.76271186440678,-21.610169491525422,-26.129943502824847
603166.SSE,2025-01-14,—,二接三阳,2025,True,False,2.6205450733752578,4.2976939203354325,2.6205450733752578,2.6205450733752578,2.6205450733752578,-7.651991614255749,-7.651991614255749
603166.SSE,2025-01-15,—,三接四阳,2025,False,False,-16.015252621544327,-12.392755004766453,-16.015252621544327,-6.673021925643486,-12.392755004766453,-16.015252621544327,-7.6263107721639685
603168.SSE,2023-12-28,—,二接三阴,2023,False,False,0.15600624024960652,-7.95631825273011,4.602184087363503,-4.914196567862716,-7.95631825273011,0.15600624024960652,0.46801872074884177
603169.SSE,2025-04-02,—,二接三阳,2025,False,False,-1.6759776536312665,-6.592178770949719,6.815642458100579,-2.905027932960891,-6.592178770949719,-1.6759776536312665,2.2346368715083997
603171.SSE,2024-06-27,—,二接三阴,2024,True,False,-6.5006915629322375,2.4204702627939056,-6.5006915629322375,-6.5006915629322375,-6.5006915629322375,16.977869986168727,2.8354080221300038
603171.SSE,2024-07-03,—,二接三阴,2024,False,False,-13.952195664257916,-15.36964980544746,-13.952195664257916,-5.975541967759868,-15.36964980544746,-13.952195664257916,-16.064480266814897
603171.SSE,2026-01-13,—,二接三阳,2026,False,False,3.000348877776493,-5.989068496336769,3.000348877776493,-4.640074427258978,-5.989068496336769,3.000348877776493,0.3605070357018292
603172.SSE,2024-04-08,—,三接四阴,2024,False,False,-22.945205479452056,-22.945205479452056,-22.945205479452056,-14.383561643835618,-22.945205479452056,-22.945205479452056,-27.690802348336607
603172.SSE,2024-06-12,—,二接三阳,2024,False,False,-16.072378924960084,-10.377860564129849,-16.072378924960084,-9.632783395423095,-10.377860564129849,-16.072378924960084,-15.32730175625332
603172.SSE,2026-02-03,—,三接四阳,2026,True,False,-9.990362993896563,-1.7667844522968212,-9.990362993896563,-9.990362993896563,-1.7667844522968212,-18.984902023771276,-18.984902023771276
603176.SSE,2025-07-16,—,三接四阳,2025,False,False,-23.087248322147648,-21.744966442953018,-23.087248322147648,-14.49664429530202,-21.744966442953018,-23.087248322147648,-15.436241610738255
603177.SSE,2025-01-17,—,三接四阳,2025,True,False,-9.980988593155882,0.0,-9.980988593155882,-9.980988593155882,-9.980988593155882,-19.01140684410646,-19.01140684410646
603178.SSE,2023-07-04,—,二接三阳,2023,True,False,-7.042253521126762,9.72501676727029,-7.042253521126762,-7.042253521126762,-7.042253521126762,-8.853118712273645,-8.853118712273645
603178.SSE,2023-10-11,A2,三接四阴,2023,True,False,141.22042341220427,0.0,10.024906600249084,141.22042341220427,141.22042341220427,131.38231631382317,131.38231631382317
603178.SSE,2023-11-21,—,二接三阳,2023,True,True,3.794156127344106,9.965111208024414,10.00872219799389,3.794156127344106,3.794156127344106,-6.585259485390305,-6.585259485390305
603178.SSE,2023-11-22,B3,三接四阳,2023,True,True,-5.649157581764131,10.009910802775025,-5.649157581764131,-5.649157581764131,-5.649157581764131,-15.084241823587707,-15.084241823587707
603178.SSE,2025-04-24,—,二接三阳,2025,False,False,-13.45622119815667,-11.935483870967744,-13.45622119815667,-11.981566820276491,-11.935483870967744,-13.45622119815667,-17.28110599078341
603178.SSE,2026-04-21,—,二接三阳,2026,True,False,0.379506641366234,6.261859582542706,0.379506641366234,0.379506641366234,0.379506641366234,-9.487666034155595,-9.487666034155595
603178.SSE,2026-04-22,—,三接四阳,2026,False,False,-17.72315653298837,-17.895644674428645,-17.72315653298837,-8.753773178094015,-17.895644674428645,-17.72315653298837,-25.959465286761528
603182.SSE,2024-05-14,—,二接三阳,2024,False,False,-21.01047443006777,-24.27603203943316,-21.01047443006777,-15.834873690696238,-24.27603203943316,-21.01047443006777,-25.01540357362908
603185.SSE,2024-11-01,—,二接三阳,2024,False,False,-5.225019069412651,-14.836003051106028,-5.60640732265446,-14.187643020594965,-14.836003051106028,-5.225019069412651,-9.763539282990074
603186.SSE,2026-06-10,—,二接三阳,2026,False,False,3.517832189075887,0.8627498632966635,3.517832189075887,-0.7716143143568943,3.517832189075887,3.517832189075887,3.469226562974659
603186.SSE,2026-06-17,—,二接三阴,2026,True,False,5.046984603167615,-1.4514492433934767,5.046984603167615,5.046984603167615,-1.4514492433934767,9.935148012529238,9.935148012529238
603186.SSE,2026-08-06,—,二接三阴,2026,False,False,15.81834806461444,0.8076805851874536,8.96068271868331,-0.9448338921060673,15.81834806461444,15.81834806461444,12.77049679975617
603192.SSE,2025-05-23,—,二接三阳,2025,True,False,11.677282377919319,10.021231422505306,10.021231422505306,11.677282377919319,11.677282377919319,0.5095541401273884,0.5095541401273884
603193.SSE,2024-10-08,—,二接三阳,2024,True,False,-10.00775795190071,-6.67183863460048,-10.00775795190071,-10.00775795190071,-6.67183863460048,-10.589604344453063,-10.589604344453063
603198.SSE,2024-09-30,—,二接三阴,2024,True,False,-1.9473395501919954,9.969829950630826,-1.9473395501919954,-1.9473395501919954,-1.9473395501919954,-11.752605595172804,-11.752605595172804
603200.SSE,2025-03-03,—,二接三阳,2025,True,False,0.5095850521718015,-5.3627760252365935,0.5095850521718015,0.5095850521718015,-5.3627760252365935,-4.3436059208929905,-4.3436059208929905
603200.SSE,2025-09-09,—,二接三阴,2025,False,False,-5.757219154521587,-8.572463112157147,-5.757219154521587,-3.774780483389162,-8.572463112157147,-5.757219154521587,-4.227392052140855
603203.SSE,2026-05-14,—,二接三阳,2026,False,False,-2.4822695035461084,-4.506501182033118,-2.4822695035461084,-4.506501182033118,-4.506501182033118,-2.4822695035461084,-12.234042553191504
603206.SSE,2024-10-23,—,二接三阳,2024,True,False,-9.985935302390992,7.735583684950775,-9.985935302390992,-9.985935302390992,-9.985935302390992,-12.04875761837786,-12.04875761837786
603206.SSE,2025-03-13,—,二接三阳,2025,True,False,-10.016286644951133,-5.537459283387625,-10.016286644951133,-10.016286644951133,-5.537459283387625,-14.454397394136798,-14.454397394136798
603206.SSE,2026-05-20,—,二接三阴,2026,False,False,-12.32166018158235,-15.823605706874188,-12.32166018158235,-13.316039775183741,-15.823605706874188,-12.32166018158235,-17.68266320795504
603211.SSE,2023-05-24,—,二接三阴,2023,False,False,-11.56004489337823,-11.84062850729517,-11.56004489337823,-5.274971941638618,-11.84062850729517,-11.56004489337823,-13.243546576879906
603211.SSE,2023-10-23,—,二接三阴,2023,False,False,-22.925457102672276,-23.394280356305664,-22.925457102672276,-14.861697140178142,-23.394280356305664,-22.925457102672276,-22.17533989685887
603211.SSE,2023-12-01,B3,三接四阳,2023,True,False,-5.966386554621861,1.9747899159663795,-5.966386554621861,-5.966386554621861,-5.966386554621861,-15.294117647058824,-15.294117647058824
603211.SSE,2025-01-23,—,二接三阳,2025,True,False,-0.9699769053117646,-7.205542725173208,10.023094688221711,-0.9699769053117646,-7.205542725173208,-10.854503464203225,-10.854503464203225
603211.SSE,2025-01-24,—,三接四阳,2025,True,False,-9.991603694374474,-3.4424853064651595,-9.991603694374474,-9.991603694374474,-3.4424853064651595,-18.975650713685976,-18.975650713685976
603215.SSE,2025-01-06,—,二接三阳,2025,True,False,-9.977924944812354,-9.977924944812354,-9.977924944812354,-9.977924944812354,-9.977924944812354,-17.350993377483448,-17.350993377483448
603216.SSE,2024-12-16,—,二接三阳,2024,True,False,-10.020174848688622,-4.505716207128452,-10.020174848688622,-10.020174848688622,-4.505716207128452,-19.031607262945528,-19.031607262945528
603216.SSE,2025-11-21,—,二接三阳,2025,True,False,13.349282296650733,1.3397129186602852,10.000000000000009,13.349282296650733,13.349282296650733,24.641148325358863,24.641148325358863
603216.SSE,2025-11-24,—,三接四阳,2025,True,False,3.0448020878643067,2.783819051761638,10.00434971726838,3.0448020878643067,3.0448020878643067,13.310134841235332,13.310134841235332
603217.SSE,2024-01-19,—,二接三阴,2024,False,False,-14.46568201563857,-14.46568201563857,-14.46568201563857,-4.952215464813204,-14.46568201563857,-14.46568201563857,-21.416159860990447
603219.SSE,2023-10-26,—,二接三阴,2023,True,False,-0.994035785288272,6.693174287607695,10.006626905235262,-0.994035785288272,-0.994035785288272,0.0662690523525411,0.0662690523525411
603219.SSE,2023-10-27,—,三接四阴,2023,True,False,-10.000000000000009,2.891566265060219,-10.000000000000009,-10.000000000000009,-10.000000000000009,-9.036144578313266,-9.036144578313266
603219.SSE,2024-03-18,—,二接三阳,2024,False,False,-16.198044009779945,-16.625916870415647,-16.198044009779945,-12.897310513447435,-16.625916870415647,-16.198044009779945,-16.381418092909538
603220.SSE,2023-08-31,—,二接三阴,2023,False,False,-4.333694474539551,-1.9140483929216412,-4.333694474539551,-2.1307331166486088,-1.9140483929216412,-4.333694474539551,1.0834236186348711
603221.SSE,2024-03-26,—,二接三阳,2024,True,False,8.868243243243246,9.966216216216207,9.966216216216207,8.868243243243246,8.868243243243246,-2.0270270270270285,-2.0270270270270285
603221.SSE,2024-03-27,—,三接四阳,2024,True,False,-0.9984639016897057,9.984639016897079,9.984639016897079,-0.9984639016897057,-0.9984639016897057,-10.906298003072202,-10.906298003072202
603221.SSE,2025-04-08,—,二接三阳,2025,True,False,-0.1577287066246047,9.621451104100952,10.015772870662465,-0.1577287066246047,-0.1577287066246047,-10.173501577287059,-10.173501577287059
603221.SSE,2025-04-09,A1,三接四阳,2025,True,False,-9.247311827956983,-9.964157706093179,-9.247311827956983,-9.247311827956983,-9.964157706093179,-18.351254480286727,-18.351254480286727
603222.SSE,2025-08-18,—,二接三阳,2025,True,True,16.326530612244895,9.999999999999986,9.999999999999986,16.326530612244895,16.326530612244895,4.693877551020398,4.693877551020398
603222.SSE,2025-08-19,—,三接四阳,2025,True,True,5.75139146567718,-5.194805194805186,10.018552875695729,5.75139146567718,-5.194805194805186,-4.823747680890533,-4.823747680890533
603226.SSE,2025-06-05,—,二接三阳,2025,True,False,8.853118712273655,9.95975855130784,9.95975855130784,8.853118712273655,8.853118712273655,14.889336016096589,14.889336016096589
603226.SSE,2025-06-06,—,三接四阳,2025,True,True,-1.0064043915827936,1.5553522415370447,9.972552607502294,-1.0064043915827936,-1.0064043915827936,4.483074107959739,4.483074107959739
603228.SSE,2025-09-12,—,二接三阴,2025,True,False,0.043497172683770735,0.0,0.043497172683770735,0.043497172683770735,0.043497172683770735,4.378715383500076,4.378715383500076
603230.SSE,2023-12-19,—,三接四阳,2023,False,False,-19.75524475524475,-19.75524475524475,-19.75524475524475,-10.839160839160844,-19.75524475524475,-19.75524475524475,-27.7534965034965
603232.SSE,2024-04-30,—,二接三阳,2024,True,False,-9.541745134965474,0.439422473320783,-9.541745134965474,-9.541745134965474,-9.541745134965474,-11.36220966729442,-11.36220966729442
603232.SSE,2025-10-27,—,二接三阴,2025,False,False,9.265325222274212,-8.703790360318198,3.9307440336920907,-5.521759475900789,-8.703790360318198,9.265325222274212,20.21525503041648
603238.SSE,2024-12-17,—,二接三阳,2024,True,False,2.132564841498552,3.746397694524495,10.028818443804033,2.132564841498552,2.132564841498552,-8.069164265129691,-8.069164265129691
603238.SSE,2024-12-18,—,三接四阳,2024,True,False,-7.176532215819808,-9.84808800419067,-7.176532215819808,-7.176532215819808,-9.84808800419067,-16.448402304871667,-16.448402304871667
603248.SSE,2026-03-17,—,二接三阳,2026,True,False,-5.070339976553329,2.9894490035170085,-5.070339976553329,-5.070339976553329,-5.070339976553329,-12.80773739742086,-12.80773739742086
603256.SSE,2024-07-04,—,二接三阴,2024,False,False,-15.188470066518844,-15.188470066518844,-15.188470066518844,-5.764966740576494,-15.188470066518844,-15.188470066518844,-20.731707317073166
603256.SSE,2025-07-09,—,二接三阴,2025,False,False,-10.118319053447578,-3.4679722562219517,-10.118319053447578,-0.1223990208078396,-3.4679722562219517,-10.118319053447578,-11.872705018359852
603256.SSE,2025-08-15,—,二接三阴,2025,True,True,8.034083992696296,10.012172854534395,8.034083992696296,8.034083992696296,8.034083992696296,8.9470480827754,8.9470480827754
603256.SSE,2025-08-18,—,三接四阴,2025,False,False,-0.9681881051175734,-3.18118948824343,-0.9681881051175734,-1.7980636237897585,-3.18118948824343,-0.9681881051175734,1.7980636237897585
603258.SSE,2024-02-20,—,二接三阴,2024,True,False,-0.8606777837547042,-2.635825712748785,-0.8606777837547042,-0.8606777837547042,-2.635825712748785,0.2151694459386677,0.2151694459386677
603259.SSE,2024-10-08,—,二接三阳,2024,True,False,-3.142361111111114,-0.12152777777777457,-3.142361111111114,-3.142361111111114,-0.12152777777777457,-4.63541666666667,-4.63541666666667
603261.SSE,2024-03-08,—,三接四阴,2024,True,False,20.789779326364698,9.988385598141702,9.988385598141702,20.789779326364698,20.789779326364698,15.360046457607424,15.360046457607424
603266.SSE,2023-10-30,B3,三接四阳,2023,True,False,59.47154471544713,9.999999999999986,9.999999999999986,59.47154471544713,59.47154471544713,43.536585365853654,43.536585365853654
603268.SSE,2024-01-11,—,二接三阴,2024,False,False,-16.4490861618799,-12.010443864229769,-16.4490861618799,-8.790252393385556,-12.010443864229769,-16.4490861618799,-15.404699738903393
603268.SSE,2024-06-19,—,二接三阴,2024,False,False,-3.298835705045289,-12.09573091849936,-3.298835705045289,-10.543337645536877,-12.09573091849936,-3.298835705045289,-9.443725743855113
603269.SSE,2026-08-31,—,二接三阴,2026,True,False,3.852459016393439,5.983606557377064,3.852459016393439,3.852459016393439,3.852459016393439,12.336065573770494,12.336065573770494
603269.SSE,2026-09-01,—,三接四阴,2026,False,False,2.1236959761550045,-7.749627421758564,2.1236959761550045,-5.588673621460504,-7.749627421758564,2.1236959761550045,4.470938897168408
603270.SSE,2023-09-20,—,二接三阴,2023,True,False,-4.386951631046121,1.1248593925759387,-4.386951631046121,-4.386951631046121,-4.386951631046121,-11.856017997750289,-11.856017997750289
603270.SSE,2023-09-21,—,三接四阴,2023,False,False,-19.877300613496928,-13.25153374233128,-19.877300613496928,-13.087934560327197,-13.25153374233128,-19.877300613496928,-21.513292433537824
603270.SSE,2024-12-06,—,二接三阴,2024,True,False,-1.1009174311926606,-0.9908256880733934,-1.1009174311926606,-1.1009174311926606,-0.9908256880733934,-10.642201834862375,-10.642201834862375
603273.SSE,2024-03-01,—,二接三阳,2024,True,False,25.481139337952285,-3.772132409545803,10.007698229407236,25.481139337952285,-3.772132409545803,19.322555812163202,19.322555812163202
603273.SSE,2024-03-04,—,三接四阳,2024,True,False,14.065780265920225,1.469559132260323,10.006997900629822,14.065780265920225,14.065780265920225,8.467459762071394,8.467459762071394
603278.SSE,2024-08-05,—,三接四阳,2024,True,False,-9.962168978562424,9.962168978562435,-9.962168978562424,-9.962168978562424,-9.962168978562424,-18.915510718789406,-18.915510718789406
603278.SSE,2025-12-26,—,二接三阴,2025,True,False,25.78125,6.015624999999991,9.999999999999986,25.78125,25.78125,29.218749999999982,29.218749999999982
603278.SSE,2025-12-29,—,三接四阴,2025,True,True,14.346590909090917,10.014204545454541,10.014204545454541,14.346590909090917,14.346590909090917,17.471590909090896,17.471590909090896
603278.SSE,2026-05-08,—,二接三阳,2026,True,False,2.951039570757885,9.926224010731065,2.951039570757885,2.951039570757885,2.951039570757885,5.835010060362178,5.835010060362178
603278.SSE,2026-05-11,—,三接四阳,2026,False,False,-3.780487804878041,-9.14634146341462,-3.780487804878041,-6.4024390243902385,-9.14634146341462,-3.780487804878041,-6.768292682926824
603280.SSE,2025-07-23,—,二接三阳,2025,True,False,7.827338129496408,0.0,10.014388489208613,7.827338129496408,7.827338129496408,65.38129496402878,18.618705035971228
603280.SSE,2025-07-24,—,三接四阳,2025,True,True,-1.9879675647397232,4.629871828407017,-1.9879675647397232,-1.9879675647397232,-1.9879675647397232,50.326968349463776,7.821082919173428
603280.SSE,2025-07-30,—,二接三阴,2025,True,False,15.239623019851622,4.271104872668952,10.006015640665744,15.239623019851622,15.239623019851622,20.51333467014238,20.51333467014238
603280.SSE,2025-07-31,—,三接四阴,2025,True,True,4.757564710171347,-4.848705796573094,4.757564710171347,4.757564710171347,-4.848705796573094,9.551585854903388,9.551585854903388
603285.SSE,2025-03-27,—,二接三阳,2025,False,False,-20.04364089775561,-19.981296758104726,-20.04364089775561,-11.159600997506224,-19.981296758104726,-20.04364089775561,-28.023690773067333
603286.SSE,2023-11-27,—,二接三阳,2023,True,False,10.291760179544717,0.6732927220262752,10.003206155819178,10.291760179544717,10.291760179544717,-0.7374158384097496,-0.7374158384097496
603286.SSE,2023-11-28,B3,三接四阳,2023,True,False,0.2623141941124896,8.831244535120963,9.997085397843186,0.2623141941124896,0.2623141941124896,-9.763917225298746,-9.763917225298746
603290.SSE,2024-10-09,—,二接三阳,2024,False,False,-7.688824488317325,-4.174968302843684,-7.688824488317325,-1.738815431986962,-4.174968302843684,-7.688824488317325,-14.834269154138735
603291.SSE,2023-04-07,—,二接三阳,2023,True,False,-10.000000000000009,-4.6961325966850875,-10.000000000000009,-10.000000000000009,-4.6961325966850875,-19.005524861878452,-19.005524861878452
603291.SSE,2023-05-30,—,二接三阴,2023,True,True,-3.592493297587118,5.898123324396787,-3.592493297587118,-3.592493297587118,-3.592493297587118,-13.243967828418224,-13.243967828418224
603291.SSE,2023-05-31,—,三接四阴,2023,False,False,-21.15009746588694,-21.15009746588694,-21.15009746588694,-12.378167641325533,-21.15009746588694,-21.15009746588694,-26.608187134502927
603291.SSE,2023-08-22,—,二接三阳,2023,True,False,-7.692307692307699,-4.8582995951417125,-7.692307692307699,-7.692307692307699,-4.8582995951417125,-6.43274853801169,-6.43274853801169
603297.SSE,2024-11-04,—,二接三阴,2024,False,False,-2.3308483533075353,-6.435783712371423,-2.3308483533075353,-0.01887326601868189,-6.435783712371423,-2.3308483533075353,4.237048221194684
603297.SSE,2025-09-19,—,二接三阳,2025,True,False,-7.577146348915365,-0.7027192178429509,-7.577146348915365,-7.577146348915365,-0.7027192178429509,-9.860983806904965,-9.860983806904965
603300.SSE,2025-02-11,—,三接四阳,2025,True,False,2.261306532663321,0.5025125628140614,2.261306532663321,2.261306532663321,2.261306532663321,7.160804020100486,12.437185929648242
603300.SSE,2025-03-07,—,二接三阳,2025,True,False,-9.976617303195635,-6.235385814497274,-9.976617303195635,-9.976617303195635,-6.235385814497274,-4.754481683554168,-4.754481683554168
603311.SSE,2026-05-19,—,二接三阳,2026,True,False,2.361359570661903,-4.150268336314844,2.361359570661903,2.361359570661903,-4.150268336314844,11.627906976744185,11.627906976744185
603315.SSE,2025-03-20,—,三接四阴,2025,True,False,-10.01548786783687,-8.156943727413534,-10.01548786783687,-10.01548786783687,-8.156943727413534,-18.998451213216317,-18.998451213216317
603316.SSE,2026-05-20,—,二接三阳,2026,True,True,8.59911182882518,2.543399273314484,10.012111425111026,8.59911182882518,8.59911182882518,3.9967702866370747,3.9967702866370747
603316.SSE,2026-05-21,B3,三接四阳,2026,True,False,-1.2844036697247763,-2.752293577981646,-1.2844036697247763,-1.2844036697247763,-2.752293577981646,-5.467889908256874,-5.467889908256874
603317.SSE,2024-09-30,—,二接三阴,2024,True,False,4.013104013103996,9.991809991809975,4.013104013103996,4.013104013103996,4.013104013103996,3.7674037674037653,3.7674037674037653
603317.SSE,2024-10-08,—,三接四阴,2024,False,False,-5.658972449739386,-9.158600148920327,-5.658972449739386,-5.435591958302311,-9.158600148920327,-5.658972449739386,-6.5524944154877085
603318.SSE,2026-03-04,—,三接四阳,2026,True,False,-10.028116213683225,-5.435801312089971,-10.028116213683225,-10.028116213683225,-5.435801312089971,-5.060918462980313,-5.060918462980313
603318.SSE,2026-04-27,A2,三接四阴,2026,True,False,16.121308858739035,3.75099760574622,9.976057462090981,16.121308858739035,16.121308858739035,13.806863527533931,13.806863527533931
603320.SSE,2025-01-07,—,二接三阴,2025,True,False,-4.826464208242953,-5.585683297180044,-4.826464208242953,-4.826464208242953,-5.585683297180044,-7.863340563991339,-7.863340563991339
603322.SSE,2023-06-16,—,二接三阳,2023,False,False,-13.326337880377759,0.27282266526758026,-13.326337880377759,-3.6935991605456464,-13.326337880377759,-13.326337880377759,-18.572927597061916
603324.SSE,2024-08-13,—,二接三阴,2024,False,False,-13.20821529745041,-16.041076487252116,-13.20821529745041,-11.968838526912172,-16.041076487252116,-13.20821529745041,-14.766288951841355
603326.SSE,2023-08-30,B1,二接三阴,2023,True,False,44.910179640718574,7.385229540918159,9.980039920159678,44.910179640718574,44.910179640718574,38.22355289421158,38.22355289421158
603326.SSE,2023-08-31,—,三接四阴,2023,True,False,31.76043557168784,9.981851179673317,9.981851179673317,31.76043557168784,31.76043557168784,25.68058076225046,25.68058076225046
603327.SSE,2024-03-20,—,二接三阳,2024,True,False,-7.627118644067787,-2.8719397363465182,-7.627118644067787,-7.627118644067787,-2.8719397363465182,-6.779661016949145,-6.779661016949145
603327.SSE,2025-12-03,—,二接三阳,2025,True,False,2.857142857142847,-8.421052631578952,2.857142857142847,2.857142857142847,-8.421052631578952,-4.135338345864669,-4.135338345864669
603330.SSE,2026-06-04,—,三接四阴,2026,True,False,-8.501594048884176,7.863974495217851,-8.501594048884176,-8.501594048884176,-8.501594048884176,-17.640807651434642,-17.640807651434642
603330.SSE,2026-08-14,—,二接三阳,2026,True,False,4.7752808988763995,10.018726591760307,10.018726591760307,4.7752808988763995,4.7752808988763995,-5.711610486891383,-5.711610486891383
603332.SSE,2023-12-26,—,二接三阳,2023,False,False,-9.906001446131596,-21.47505422993493,-9.906001446131596,-12.870571221981198,-21.47505422993493,-9.906001446131596,-16.3412870571222
603332.SSE,2025-05-14,A1,三接四阳,2025,True,False,2.2980501392757757,-4.944289693593307,10.027855153203348,2.2980501392757757,-4.944289693593307,4.665738161559885,4.665738161559885
603332.SSE,2025-05-27,—,二接三阴,2025,True,False,6.221547799696503,1.163378856853825,6.221547799696503,6.221547799696503,6.221547799696503,-4.400606980273148,-4.400606980273148
603333.SSE,2023-06-15,—,二接三阳,2023,True,False,-9.10623946037099,1.8549747048903997,-9.10623946037099,-9.10623946037099,-9.10623946037099,-15.008431703204039,-15.008431703204039
603333.SSE,2024-01-03,—,三接四阳,2024,True,False,-9.985528219971062,-9.406657018813313,-9.985528219971062,-9.985528219971062,-9.406657018813313,-18.958031837916067,-18.958031837916067
603333.SSE,2024-01-11,—,二接三阳,2024,True,False,-9.945504087193457,0.8174386920980936,-9.945504087193457,-9.945504087193457,-9.945504087193457,-18.937329700272475,-18.937329700272475
603335.SSE,2023-06-12,B1,二接三阴,2023,True,False,11.756373937677056,10.056657223796028,10.056657223796028,11.756373937677056,11.756373937677056,0.56657223796035,0.56657223796035
603335.SSE,2026-06-16,—,二接三阴,2026,False,False,-12.923076923076927,-15.692307692307683,-12.923076923076927,-9.641025641025635,-15.692307692307683,-12.923076923076927,-15.692307692307683
603336.SSE,2025-04-09,—,二接三阳,2025,False,False,-11.90817790530847,-17.79053084648493,-11.90817790530847,-8.608321377331418,-17.79053084648493,-11.90817790530847,-20.516499282639877
603339.SSE,2024-11-01,—,二接三阴,2024,False,False,-2.3956194387405816,-12.936344969199176,0.7529089664613409,-8.418891170431198,-12.936344969199176,-2.3956194387405816,1.2320328542094527
603339.SSE,2025-08-20,—,二接三阳,2025,False,False,-4.2517006802721085,-10.827664399092974,-4.2517006802721085,-8.446712018140602,-10.827664399092974,-4.2517006802721085,-7.482993197278908
603345.SSE,2024-09-30,—,二接三阴,2024,True,False,3.6541171733440736,9.995973424602367,3.6541171733440736,3.6541171733440736,3.6541171733440736,-2.909200724783567,-2.909200724783567
603345.SSE,2024-10-08,—,三接四阴,2024,False,False,-11.73240596687105,-8.483572801317829,-11.73240596687105,-5.765534913516978,-8.483572801317829,-11.73240596687105,-9.792257710258989
603350.SSE,2024-11-06,—,二接三阴,2024,False,False,-11.067580803134192,-11.116552399608237,-11.067580803134192,-6.758080313418224,-11.116552399608237,-11.067580803134192,-6.758080313418224
603351.SSE,2025-04-22,—,二接三阳,2025,True,False,-1.997245179063356,-1.7561983471074294,-1.997245179063356,-1.997245179063356,-1.7561983471074294,2.3071625344352586,2.3071625344352586
603353.SSE,2023-10-18,—,二接三阳,2023,True,False,8.050689526649268,0.5218039508013472,8.050689526649268,8.050689526649268,8.050689526649268,6.224375698844575,6.224375698844575
603353.SSE,2023-10-19,—,三接四阳,2023,False,False,-3.42256862080651,-11.58929176550323,-3.42256862080651,-1.7621145374449476,-11.58929176550323,-3.42256862080651,-13.080311758725859
603353.SSE,2025-11-18,—,二接三阳,2025,True,False,0.9731642583308941,1.0026540843409038,0.9731642583308941,0.9731642583308941,0.9731642583308941,-1.5039811265113445,-1.5039811265113445
603353.SSE,2026-03-03,—,二接三阳,2026,True,False,-8.789484010202075,5.944673337257211,-8.789484010202075,-8.789484010202075,-8.789484010202075,-16.009417304296637,-16.009417304296637
603357.SSE,2023-05-09,—,二接三阳,2023,True,False,1.4669926650366927,-1.8337408312958492,1.4669926650366927,1.4669926650366927,-1.8337408312958492,-8.679706601466997,-8.679706601466997
603360.SSE,2024-10-09,—,二接三阳,2024,False,False,-11.575052854122625,-10.676532769556047,-11.575052854122625,-9.460887949260055,-10.676532769556047,-11.575052854122625,-10.306553911205086
603363.SSE,2024-02-26,—,二接三阴,2024,True,False,-0.9345794392523366,1.635514018691575,10.046728971962615,-0.9345794392523366,-0.9345794392523366,-1.4018691588785215,-1.4018691588785215
603363.SSE,2024-02-27,—,三接四阴,2024,True,False,-9.97876857749469,1.9108280254777066,-9.97876857749469,-9.97876857749469,-9.97876857749469,-10.403397027600858,-10.403397027600858
603363.SSE,2024-03-21,—,二接三阳,2024,True,False,-8.292682926829276,4.878048780487809,-8.292682926829276,-8.292682926829276,-8.292682926829276,-16.58536585365854,-16.58536585365854
603366.SSE,2024-11-06,—,二接三阳,2024,True,False,11.129848229342333,8.93760539629005,9.94940978077572,11.129848229342333,11.129848229342333,82.12478920741992,22.259696458684665
603366.SSE,2024-11-07,—,三接四阳,2024,True,True,1.0736196319018454,9.969325153374232,9.969325153374232,1.0736196319018454,1.0736196319018454,65.64417177914112,11.196319018404921
603366.SSE,2024-11-14,—,二接三阴,2024,True,False,23.006833712984065,3.6446469248291535,10.022779043280195,23.006833712984065,23.006833712984065,62.18678815489751,35.30751708428248
603366.SSE,2024-11-15,A2,三接四阴,2024,True,False,11.801242236024855,10.041407867494833,10.041407867494833,11.801242236024855,11.801242236024855,47.412008281573506,22.98136645962734
603366.SSE,2024-11-22,—,二接三阴,2024,False,False,15.994436717663408,7.7190542420027874,8.901251738525717,-0.9735744089012566,15.994436717663408,15.994436717663408,27.60778859527122
603366.SSE,2025-02-13,—,二接三阳,2025,False,False,-16.242038216560506,-11.783439490445858,-16.242038216560506,-8.471337579617833,-11.783439490445858,-16.242038216560506,-16.624203821656046
603366.SSE,2025-11-18,—,二接三阳,2025,False,False,-13.582089552238807,-13.507462686567163,-13.582089552238807,-3.9552238805970252,-13.507462686567163,-13.582089552238807,-22.164179104477622
603367.SSE,2025-07-30,—,二接三阳,2025,True,False,5.224403927068733,0.9467040673211802,5.224403927068733,5.224403927068733,5.224403927068733,5.855539971949519,5.855539971949519
603373.SSE,2024-08-06,—,二接三阳,2024,False,False,-22.460037930100228,-18.7212137632078,-22.460037930100228,-13.84448658900026,-18.7212137632078,-22.460037930100228,-26.36141966946627
603382.SSE,2025-08-28,—,二接三阴,2025,False,False,-12.53449862005519,-6.485740570377185,-12.53449862005519,-2.8288868445262128,-6.485740570377185,-12.53449862005519,-9.3836246550138
603383.SSE,2023-08-07,—,二接三阳,2023,False,False,-4.165019111638346,-2.939238170554903,-4.165019111638346,-0.34269144589429423,-2.939238170554903,-4.165019111638346,-6.814287597205748
603383.SSE,2024-10-09,—,三接四阳,2024,False,False,-11.946514686540976,-6.83910565541429,-11.946514686540976,-2.1701008329679805,-6.83910565541429,-11.946514686540976,-20.758439281017093
603386.SSE,2024-06-27,—,二接三阴,2024,False,False,-10.79342387419585,-18.01286633309507,-10.79342387419585,-12.15153681200859,-18.01286633309507,-10.79342387419585,-14.581844174410296
603386.SSE,2025-12-05,—,二接三阴,2025,True,False,8.948948948948953,0.30030030030030463,10.030030030030046,8.948948948948953,8.948948948948953,6.906906906906918,6.906906906906918
603386.SSE,2025-12-08,—,三接四阴,2025,True,False,-0.9825327510917026,-7.096069868995636,9.989082969432307,-0.9825327510917026,-7.096069868995636,-2.8384279475982543,-2.8384279475982543
603387.SSE,2026-03-19,—,二接三阳,2026,False,False,-15.499124343257442,-14.185639229422065,-15.499124343257442,-10.683012259194403,-14.185639229422065,-15.499124343257442,-23.90542907180385
603389.SSE,2023-12-22,—,二接三阴,2023,True,False,-9.942857142857143,7.428571428571429,-9.942857142857143,-9.942857142857143,-9.942857142857143,-18.97142857142857,-18.97142857142857
603389.SSE,2024-03-27,—,三接四阴,2024,True,False,-0.9333333333333416,-3.599999999999992,10.000000000000009,-0.9333333333333416,-3.599999999999992,-10.799999999999999,-10.799999999999999
603389.SSE,2024-05-16,—,二接三阴,2024,True,True,8.963093145869937,10.017574692442865,10.017574692442865,8.963093145869937,8.963093145869937,0.0,0.0
603389.SSE,2024-12-16,—,二接三阳,2024,True,False,-9.979633401222,-7.535641547861505,-9.979633401222,-9.979633401222,-7.535641547861505,-18.94093686354379,-18.94093686354379
603390.SSE,2024-05-31,—,二接三阴,2024,False,False,-22.931937172774873,-16.230366492146608,-22.931937172774873,-14.554973821989536,-16.230366492146608,-22.931937172774873,-25.340314136125663
603390.SSE,2024-08-05,—,二接三阳,2024,True,False,-1.0251630941286227,4.380242311276783,9.972041006523757,-1.0251630941286227,-1.0251630941286227,-10.904007455731591,-10.904007455731591
603390.SSE,2024-08-06,—,三接四阳,2024,True,False,-10.000000000000009,-10.000000000000009,-10.000000000000009,-10.000000000000009,-10.000000000000009,-18.983050847457626,-18.983050847457626
603390.SSE,2025-02-10,—,二接三阳,2025,True,False,-5.691056910569115,-2.4390243902439046,-5.691056910569115,-5.691056910569115,-2.4390243902439046,-3.658536585365857,3.7398373983739797
603395.SSE,2026-08-19,—,二接三阴,2026,True,False,5.655172413793097,-6.206896551724139,5.655172413793097,5.655172413793097,-6.206896551724139,-4.896551724137932,-4.896551724137932
603396.SSE,2024-01-02,—,二接三阴,2024,True,False,-1.0312707917498276,-1.8629407850964674,-1.0312707917498276,-1.0312707917498276,-1.8629407850964674,-4.274783765801726,-4.274783765801726
603399.SSE,2023-10-23,—,二接三阴,2023,False,False,-5.414012738853502,-4.458598726114649,5.095541401273884,-4.458598726114649,-4.458598726114649,-5.414012738853502,-10.031847133757966
603407.SSE,2026-06-23,—,二接三阴,2026,True,False,11.601068999028197,-3.3892128279883305,9.997570456754135,11.601068999028197,-3.3892128279883305,11.431000971817307,11.431000971817307
603407.SSE,2026-06-24,—,三接四阴,2026,True,False,1.4577581446714616,4.660408614025391,1.4577581446714616,1.4577581446714616,1.4577581446714616,1.3031474323578207,1.3031474323578207
603421.SSE,2024-09-12,—,二接三阳,2024,False,False,-8.196721311475407,-18.39708561020036,-8.196721311475407,-9.289617486338797,-18.39708561020036,-8.196721311475407,0.9107468123861429
603421.SSE,2024-12-20,—,二接三阴,2024,True,False,8.891454965357969,3.6951501154734334,10.046189376443415,8.891454965357969,8.891454965357969,-1.9630484988452657,-1.9630484988452657
603421.SSE,2024-12-23,—,三接四阴,2024,True,False,-1.049317943336825,9.968520461699914,9.968520461699914,-1.049317943336825,-1.049317943336825,-10.912906610703033,-10.912906610703033
603458.SSE,2024-08-13,—,二接三阴,2024,True,False,3.73027259684362,10.04304160688665,10.04304160688665,3.73027259684362,3.73027259684362,-6.599713055954092,-6.599713055954092
603458.SSE,2024-08-14,—,三接四阴,2024,True,True,-5.736636245110816,-5.736636245110816,-5.736636245110816,-5.736636245110816,-5.736636245110816,-15.123859191655809,-15.123859191655809
603459.SSE,2026-05-12,—,三接四阳,2026,False,False,-3.4359706362153353,-7.860929853181076,-3.4359706362153353,-4.975530179445342,-7.860929853181076,-3.4359706362153353,-12.76508972267536
603466.SSE,2024-12-10,—,三接四阴,2024,False,False,-12.274096385542165,-10.692771084337348,-12.274096385542165,-3.6144578313252906,-10.692771084337348,-12.274096385542165,-15.36144578313252
603466.SSE,2026-02-11,—,二接三阳,2026,False,False,-11.9402985074627,-8.706467661691553,-11.9402985074627,-6.467661691542292,-8.706467661691553,-11.9402985074627,-3.1509121061359946
603488.SSE,2024-04-24,—,二接三阴,2024,False,False,-18.45861084681255,-20.076117982873456,-18.45861084681255,-12.844909609895339,-20.076117982873456,-18.45861084681255,-19.980970504281636
603488.SSE,2026-01-09,—,二接三阳,2026,False,False,10.161443494776833,-11.206077872744535,1.3295346628680038,-7.882241215574548,-11.206077872744535,10.161443494776833,7.787274453941118
603496.SSE,2023-10-09,—,二接三阴,2023,True,True,-3.0571690614490943,3.943748089269339,-3.0571690614490943,-3.0571690614490943,-3.0571690614490943,2.9654539896056153,2.9654539896056153
603496.SSE,2023-11-16,—,二接三阳,2023,True,False,5.09583917718559,-0.654511453950446,5.09583917718559,5.09583917718559,-0.654511453950446,2.805049088359035,2.805049088359035
603496.SSE,2025-02-28,—,二接三阳,2025,True,False,-0.9973753280839937,4.986876640419946,9.999999999999986,-0.9973753280839937,-0.9973753280839937,-5.905511811023622,-5.905511811023622
603496.SSE,2025-03-03,—,三接四阳,2025,True,False,-9.997613934621807,-5.7504175614411785,-9.997613934621807,-9.997613934621807,-5.7504175614411785,-14.459556191839651,-14.459556191839651
603496.SSE,2026-01-13,—,二接三阳,2026,False,False,-1.3831967213114749,-3.944672131147542,-1.3831967213114749,-7.991803278688514,-3.944672131147542,-1.3831967213114749,-11.244877049180324
603499.SSE,2023-11-23,—,二接三阳,2023,False,False,-11.863117870722439,-11.863117870722439,-11.863117870722439,-2.0532319391634912,-11.863117870722439,-11.863117870722439,-20.68441064638784
603499.SSE,2024-02-21,—,二接三阳,2024,False,False,0.5263157894736858,-4.385964912280704,0.5263157894736858,-4.385964912280704,-4.385964912280704,0.5263157894736858,2.807017543859658
603499.SSE,2024-03-26,—,三接四阳,2024,True,False,-10.011206574523722,-10.011206574523722,-10.011206574523722,-10.011206574523722,-10.011206574523722,-13.634665670526703,-13.634665670526703
603500.SSE,2026-06-08,—,二接三阴,2026,True,False,-0.5947955390334547,-3.271375464684012,-0.5947955390334547,-0.5947955390334547,-3.271375464684012,-6.022304832713743,-6.022304832713743
603506.SSE,2024-05-13,—,二接三阴,2024,True,False,-9.999999999999986,-5.737704918032782,-9.999999999999986,-9.999999999999986,-5.737704918032782,-17.377049180327862,-17.377049180327862
603508.SSE,2024-03-11,—,二接三阳,2024,False,False,-9.962484368486857,-6.252605252188415,-9.962484368486857,-5.585660691954986,-6.252605252188415,-9.962484368486857,-13.088786994581058
603511.SSE,2025-01-16,—,二接三阳,2025,True,False,8.916776750330246,-0.9247027741083214,9.97357992073975,8.916776750330246,-0.9247027741083214,-1.9815059445178362,-1.9815059445178362
603511.SSE,2025-01-17,B3,三接四阳,2025,True,False,-0.960960960960966,7.507507507507505,10.030030030030046,-0.960960960960966,-0.960960960960966,-10.870870870870863,-10.870870870870863
603516.SSE,2024-02-21,—,三接四阴,2024,False,False,26.423690205011386,-3.1890660592255093,6.435079726651494,-3.246013667425973,-3.1890660592255093,26.423690205011386,39.06605922551254
603516.SSE,2024-02-26,—,二接三阴,2024,False,False,-1.1052166224580051,-2.298850574712641,7.9575596816976235,-1.8567639257294544,-2.298850574712641,-1.1052166224580051,5.216622458001763
603516.SSE,2024-03-12,—,二接三阴,2024,False,False,-2.5867507886435326,-5.3627760252365935,-2.5867507886435326,-5.0473186119873725,-5.3627760252365935,-2.5867507886435326,-6.372239747634067
603516.SSE,2025-09-11,—,二接三阳,2025,True,False,2.122693121307173,2.122693121307173,10.000729447808009,2.122693121307173,2.122693121307173,21.453060033554607,12.33496243343788
603516.SSE,2025-09-12,—,三接四阳,2025,True,False,-7.161803713527859,4.774535809018565,-7.161803713527859,-7.161803713527859,-7.161803713527859,10.411140583554367,2.1220159151193574
603518.SSE,2025-05-29,—,二接三阳,2025,True,False,-5.368516833484982,0.0,-5.368516833484982,-5.368516833484982,-5.368516833484982,11.101000909918124,4.094631483166511
603527.SSE,2024-11-22,—,三接四阴,2024,True,False,-1.0543390105433925,7.623682076236826,9.97566909975669,-1.0543390105433925,-1.0543390105433925,-10.948905109489049,-10.948905109489049
603528.SSE,2023-11-16,—,三接四阴,2023,True,False,1.8942383583267608,-10.023677979479084,10.023677979479073,1.8942383583267608,-10.023677979479084,-6.235201262825562,-6.235201262825562
603530.SSE,2024-01-02,—,三接四阴,2024,True,False,-1.0083296799649255,5.173169662428756,9.995615957913206,-1.0083296799649255,-1.0083296799649255,-10.346339324857512,-10.346339324857512
603533.SSE,2023-05-05,—,二接三阳,2023,True,False,7.128647214854111,4.442970822281156,7.128647214854111,7.128647214854111,7.128647214854111,-0.8620689655172487,-0.8620689655172487
603533.SSE,2023-05-08,—,三接四阳,2023,False,False,-9.885473176612425,-3.5563592525617804,-9.885473176612425,-2.62206148282097,-3.5563592525617804,-9.885473176612425,-11.422543701024711
603533.SSE,2024-03-13,—,二接三阳,2024,True,False,-6.867469879518062,0.16064257028114426,-6.867469879518062,-6.867469879518062,-6.867469879518062,-8.714859437750999,-8.714859437750999
603533.SSE,2024-03-22,—,二接三阴,2024,True,True,-5.971068020929515,10.003077870113874,-5.971068020929515,-5.971068020929515,-5.971068020929515,-14.589104339796865,-14.589104339796865
603533.SSE,2024-03-25,A2,三接四阴,2024,False,False,-22.35590374930051,-16.06043648573028,-22.35590374930051,-14.521544487968663,-16.06043648573028,-22.35590374930051,-19.05428091773923
603536.SSE,2023-08-03,—,二接三阳,2023,True,False,-2.063983488132093,10.010319917440658,-2.063983488132093,-2.063983488132093,-2.063983488132093,-11.867905056759554,-11.867905056759554
603536.SSE,2023-08-04,—,三接四阳,2023,False,False,-19.88742964352721,-14.540337711069428,-19.88742964352721,-10.97560975609756,-14.540337711069428,-19.88742964352721,-11.913696060037516
603536.SSE,2023-11-28,—,二接三阳,2023,True,False,44.96056091148115,5.170902716914982,9.99123575810692,44.96056091148115,44.96056091148115,51.183172655565286,59.421560035056984
603536.SSE,2023-11-29,—,三接四阳,2023,True,False,31.792828685258947,-6.772908366533881,10.039840637450204,31.792828685258947,-6.772908366533881,37.45019920318724,44.94023904382469
603536.SSE,2024-12-11,—,二接三阳,2024,True,False,15.463917525773185,4.398625429553249,10.034364261168394,15.463917525773185,15.463917525773185,3.9175257731958624,3.9175257731958624
603536.SSE,2024-12-12,—,三接四阳,2024,True,False,4.934415990006236,9.993753903810099,9.993753903810099,4.934415990006236,4.934415990006236,-5.559025608994395,-5.559025608994395
603538.SSE,2026-03-26,—,二接三阴,2026,True,False,14.823133071308249,6.513194834362723,9.994385176866928,14.823133071308249,14.823133071308249,11.706906232453672,11.706906232453672
603538.SSE,2026-03-27,—,三接四阴,2026,True,True,4.389994895354765,10.00510464522717,10.00510464522717,4.389994895354765,4.389994895354765,1.5569167942828033,1.5569167942828033
603569.SSE,2023-08-18,—,二接三阴,2023,False,False,-16.29464285714286,-11.27232142857143,-16.29464285714286,-6.975446428571431,-11.27232142857143,-16.29464285714286,-14.11830357142858
603577.SSE,2024-01-02,—,二接三阳,2024,True,False,5.332167832167833,9.615384615384603,9.965034965034981,5.332167832167833,5.332167832167833,-5.157342657342657,-5.157342657342657
603577.SSE,2024-01-03,A1,三接四阳,2024,True,False,-4.213036565977735,-1.4308426073131986,-4.213036565977735,-4.213036565977735,-1.4308426073131986,-13.751987281399048,-13.751987281399048
603577.SSE,2025-05-28,—,二接三阳,2025,True,False,4.240282685512375,-5.565371024734988,4.240282685512375,4.240282685512375,-5.565371024734988,1.5017667844522853,1.5017667844522853
603577.SSE,2025-05-29,—,三接四阳,2025,False,False,-7.71084337349397,-9.879518072289152,-7.71084337349397,-5.220883534136533,-9.879518072289152,-7.71084337349397,-6.024096385542165
603579.SSE,2025-03-28,—,二接三阴,2025,True,False,6.394172399838105,9.995953055443142,9.995953055443142,6.394172399838105,6.394172399838105,-4.249291784702547,-4.249291784702547
603579.SSE,2025-03-31,—,三接四阴,2025,True,False,-3.2744665194996303,6.696100073583522,-3.2744665194996303,-3.2744665194996303,-3.2744665194996303,-12.950699043414271,-12.950699043414271
603580.SSE,2024-03-07,—,二接三阴,2024,True,False,138.55325914149446,5.961844197138322,10.015898251192358,138.55325914149446,138.55325914149446,136.16852146263915,162.4006359300477
603580.SSE,2024-03-08,—,三接四阴,2024,True,True,116.83526011560694,-9.97109826589595,9.97109826589595,116.83526011560694,-9.97109826589595,114.66763005780348,138.5115606936416
603580.SSE,2024-05-07,—,二接三阳,2024,True,False,-6.14466292134831,-0.6320224719101097,-6.14466292134831,-6.14466292134831,-0.6320224719101097,-9.23455056179775,-9.23455056179775
603580.SSE,2026-07-06,—,二接三阴,2026,False,False,21.997585998793,1.8406759203379641,1.8406759203379641,-7.423053711526862,21.997585998793,21.997585998793,9.806879903439958
603583.SSE,2024-12-03,—,二接三阴,2024,True,False,-3.8405267008046806,-1.8653986832479985,-3.8405267008046806,-3.8405267008046806,-1.8653986832479985,-3.4381858083394334,-3.4381858083394334
603583.SSE,2025-03-06,—,二接三阳,2025,True,False,-1.291476256705737,0.13908205841446364,-1.291476256705737,-1.291476256705737,-1.291476256705737,-3.5565269223127305,-3.5565269223127305
603585.SSE,2025-12-19,—,二接三阴,2025,True,False,-9.999999999999998,-4.419642857142847,-9.999999999999998,-9.999999999999998,-4.419642857142847,-15.089285714285715,-15.089285714285715
603586.SSE,2023-11-22,—,二接三阳,2023,True,False,-10.009354536950422,-4.770813844714683,-10.009354536950422,-10.009354536950422,-4.770813844714683,-18.989710009354532,-18.989710009354532
603586.SSE,2024-06-24,—,二接三阴,2024,True,False,8.970099667774068,10.033222591362122,10.033222591362122,8.970099667774068,8.970099667774068,-1.926910299003326,-1.926910299003326
603586.SSE,2024-06-25,—,三接四阴,2024,True,False,-0.9661835748792313,10.024154589371982,10.024154589371982,-0.9661835748792313,-0.9661835748792313,-10.869565217391298,-10.869565217391298
603586.SSE,2025-05-07,—,二接三阴,2025,False,False,-16.577017114914426,-13.985330073349633,-16.577017114914426,-8.508557457212707,-13.985330073349633,-16.577017114914426,-17.4083129584352
603596.SSE,2025-02-07,—,二接三阳,2025,False,False,-2.6627218934911268,-3.024326101249186,-2.6627218934911268,-2.1203155818540487,-3.024326101249186,-2.6627218934911268,-5.506245890861273
603598.SSE,2023-11-20,—,二接三阴,2023,True,False,19.74043715846996,8.811475409836067,9.97267759562841,19.74043715846996,19.74043715846996,7.786885245901631,7.786885245901631
603598.SSE,2023-11-21,—,三接四阴,2023,True,True,8.881987577639737,9.999999999999986,9.999999999999986,8.881987577639737,8.881987577639737,-1.9875776397515699,-1.9875776397515699
603598.SSE,2023-12-11,—,二接三阳,2023,False,False,-3.397129186602854,-1.9138755980861122,-3.397129186602854,-3.923444976076562,-1.9138755980861122,-3.397129186602854,6.267942583732067
603598.SSE,2023-12-15,—,二接三阴,2023,True,False,1.4886490509862238,2.9400818756978087,1.4886490509862238,1.4886490509862238,1.4886490509862238,5.842947525120956,5.842947525120956
603598.SSE,2024-12-13,—,二接三阳,2024,False,False,-7.835820895522394,-10.033167495854068,2.4046434494195523,-6.92371475953566,-10.033167495854068,-7.835820895522394,-8.665008291873965
603598.SSE,2025-01-16,—,二接三阳,2025,True,False,-9.975062344139651,-5.586034912718207,-9.975062344139651,-9.975062344139651,-5.586034912718207,-4.4389027431421475,-0.9476309226932766
603598.SSE,2026-01-07,—,二接三阳,2026,True,True,4.1998231653403995,0.0,4.1998231653403995,4.1998231653403995,4.1998231653403995,43.236074270557026,14.633068081343946
603598.SSE,2026-01-08,—,三接四阳,2026,False,False,30.2250803858521,-3.37620578778135,4.220257234726699,-5.265273311897101,-3.37620578778135,30.2250803858521,26.647909967845674
603598.SSE,2026-01-13,—,二接三阳,2026,True,False,3.2833917755817676,-3.6659228562320734,3.2833917755817676,3.2833917755817676,-3.6659228562320734,0.44628626075868816,0.44628626075868816
603601.SSE,2025-07-02,—,二接三阴,2025,True,False,-6.504065040650408,0.0,-6.504065040650408,-6.504065040650408,-6.504065040650408,5.894308943089421,2.8455284552845406
603601.SSE,2025-12-11,—,三接四阳,2025,True,False,21.801566579634457,4.438642297650119,10.052219321148815,21.801566579634457,21.801566579634457,18.146214099216706,18.146214099216706
603601.SSE,2025-12-26,—,二接三阴,2025,True,False,-5.097451274362818,-9.670164917541225,-5.097451274362818,-5.097451274362818,-9.670164917541225,-10.494752623688164,-10.494752623688164
603607.SSE,2023-09-14,—,二接三阴,2023,False,False,-10.05917159763312,-15.339098771051418,-0.045516613563945096,-9.148839326354107,-15.339098771051418,-10.05917159763312,-19.071461083295393
603607.SSE,2025-05-26,—,二接三阴,2025,True,False,15.001716443529013,9.921043597665658,9.989701338825952,15.001716443529013,15.001716443529013,15.276347408170277,15.276347408170277
603607.SSE,2025-05-27,—,三接四阴,2025,True,True,4.556803995006242,-0.09363295880150391,4.556803995006242,4.556803995006242,-0.09363295880150391,4.806491885143571,4.806491885143571
603608.SSE,2026-01-05,—,二接三阴,2026,False,False,-15.798764342453675,-10.238305383936453,-15.798764342453675,-7.590467784642541,-10.238305383936453,-15.798764342453675,-17.299205648720218
603610.SSE,2025-05-09,—,三接四阳,2025,True,False,-6.316489361702127,-0.930851063829774,-6.316489361702127,-6.316489361702127,-0.930851063829774,-3.590425531914887,-3.590425531914887
603616.SSE,2025-07-23,—,二接三阴,2025,True,False,-0.9983361064891727,-2.4958402662229484,9.98336106489186,-0.9983361064891727,-2.4958402662229484,11.480865224625635,8.985024958402654
603616.SSE,2025-07-24,—,三接四阴,2025,True,False,-9.98487140695915,-0.9077155824508409,-9.98487140695915,-9.98487140695915,-0.9077155824508409,1.3615733736762392,-0.9077155824508409
603616.SSE,2026-02-06,—,三接四阳,2026,True,False,0.8443908323281013,2.533172496984326,10.012062726176119,0.8443908323281013,0.8443908323281013,-5.910735826296731,-5.910735826296731
603616.SSE,2026-06-10,—,二接三阳,2026,False,False,-18.204488778054863,-14.588528678304236,-18.204488778054863,-9.102244389027426,-14.588528678304236,-18.204488778054863,-16.83291770573566
603617.SSE,2025-01-03,—,二接三阴,2025,True,False,2.0293122886133164,10.0338218714769,10.0338218714769,2.0293122886133164,2.0293122886133164,-8.117249154453198,-8.117249154453198
603617.SSE,2025-01-06,—,三接四阴,2025,True,False,-7.2745901639344135,7.581967213114749,-7.2745901639344135,-7.2745901639344135,-7.2745901639344135,-16.495901639344257,-16.495901639344257
603618.SSE,2025-09-18,—,二接三阴,2025,True,False,19.804134929270955,9.684439608269857,10.010881392818272,19.804134929270955,19.804134929270955,7.8346028291621295,7.8346028291621295
603618.SSE,2025-09-19,—,三接四阴,2025,True,False,8.902077151335309,5.242334322453024,9.990108803165176,8.902077151335309,8.902077151335309,-1.9782393669633969,-1.9782393669633969
603618.SSE,2026-02-03,—,二接三阴,2026,True,False,13.99817017383349,9.881061299176586,9.972552607502294,13.99817017383349,13.99817017383349,33.94327538883808,25.43458371454712
603618.SSE,2026-02-04,A2,三接四阴,2026,True,False,3.660565723793696,-1.9966722129783676,3.660565723793696,3.660565723793696,-1.9966722129783676,21.797004991680534,14.059900166389362
603618.SSE,2026-03-31,—,二接三阳,2026,False,False,-3.403675970047648,-1.3274336283185861,-3.403675970047648,-3.0292716133424102,-1.3274336283185861,-3.403675970047648,-5.105513955071473
603618.SSE,2026-05-08,—,二接三阴,2026,True,False,-0.8506113769271684,4.1998936735778925,-0.8506113769271684,-0.8506113769271684,-0.8506113769271684,7.522594364699642,7.522594364699642
603618.SSE,2026-06-17,—,二接三阴,2026,True,True,0.0773245698820979,-1.4111734003479537,0.0773245698820979,0.0773245698820979,-1.4111734003479537,6.533926155035763,6.533926155035763
603618.SSE,2026-08-28,—,二接三阳,2026,False,False,-9.39927498705333,-10.331434489901593,-9.39927498705333,-6.991196271361977,-10.331434489901593,-9.39927498705333,-12.377006732263062
603626.SSE,2024-03-28,—,三接四阴,2024,False,False,-16.485900216919745,-16.919739696312362,-16.485900216919745,-7.700650759219096,-16.919739696312362,-16.485900216919745,-9.76138828633406
603626.SSE,2024-08-28,—,二接三阳,2024,True,False,75.36873156342183,10.029498525073732,10.029498525073732,75.36873156342183,75.36873156342183,57.81710914454277,57.81710914454277
603626.SSE,2024-10-31,—,二接三阳,2024,False,False,-13.970007892659819,-9.392265193370164,-13.970007892659819,-4.41988950276243,-9.392265193370164,-13.970007892659819,-22.573007103393838
603626.SSE,2025-02-27,—,二接三阳,2025,False,False,-8.55661192739845,-9.853068280034572,-8.55661192739845,-11.322385479688856,-9.853068280034572,-8.55661192739845,-14.001728608470188
603626.SSE,2025-08-19,—,二接三阴,2025,True,False,38.830715532286206,10.034904013961587,10.034904013961587,38.830715532286206,38.830715532286206,36.12565445026177,36.12565445026177
603626.SSE,2025-09-18,—,二接三阴,2025,True,False,-9.999999999999998,0.0,-9.999999999999998,-9.999999999999998,-9.999999999999998,-13.446327683615811,-13.446327683615811
603628.SSE,2023-12-25,—,二接三阴,2023,True,False,48.74476987447698,-0.2789400278939924,9.97210599721059,48.74476987447698,-0.2789400278939924,47.977684797768475,47.977684797768475
603628.SSE,2023-12-26,—,三接四阴,2023,True,False,35.2568167406468,0.0,10.019023462270148,35.2568167406468,35.2568167406468,34.55928979074192,34.55928979074192
603629.SSE,2023-06-06,—,三接四阳,2023,True,False,5.810397553516822,-5.565749235474016,5.810397553516822,5.810397553516822,-5.565749235474016,-24.770642201834868,-24.770642201834868
603629.SSE,2026-02-03,—,二接三阳,2026,False,False,-11.602209944751385,-6.917127071823215,-11.602209944751385,-2.541436464088398,-6.917127071823215,-11.602209944751385,-4.618784530386744
603629.SSE,2026-04-16,—,二接三阴,2026,False,False,10.883720930232554,-0.1447028423772645,8.98191214470283,-0.9302325581395432,-0.1447028423772645,10.883720930232554,4.589147286821693
603629.SSE,2026-04-30,—,二接三阳,2026,False,False,9.597008724553401,3.829109541614728,9.991690901537197,-0.006924248719009096,9.597008724553401,9.597008724553401,16.04348428195541
603629.SSE,2026-07-23,—,二接三阳,2026,False,False,-16.562956134285923,-12.42221710071444,-16.562956134285923,-7.290466313282618,-12.42221710071444,-16.562956134285923,-11.607897364984243
603629.SSE,2026-08-06,—,二接三阴,2026,False,False,2.8082633957391856,-1.3072950290510033,2.8082633957391856,-1.1297611362169224,-1.3072950290510033,2.8082633957391856,1.5251775338928297
603636.SSE,2025-02-06,—,二接三阳,2025,False,False,-4.638833664678588,-12.060967528164346,-4.638833664678588,-7.223326706428102,-12.060967528164346,-4.638833664678588,-2.650762094102055
603657.SSE,2025-05-08,—,二接三阳,2025,True,False,15.178571428571441,0.0,10.000000000000009,15.178571428571441,15.178571428571441,4.910714285714302,4.910714285714302
603657.SSE,2025-05-09,A1,三接四阳,2025,True,False,4.707792207792205,0.24350649350648457,9.983766233766245,4.707792207792205,4.707792207792205,-4.626623376623373,-4.626623376623373
603660.SSE,2024-11-29,—,三接四阳,2024,False,False,-17.266187050359715,-15.1978417266187,-17.266187050359715,-8.723021582733804,-15.1978417266187,-17.266187050359715,-24.28057553956834
603661.SSE,2026-05-26,—,三接四阴,2026,False,False,-14.32926829268293,-11.839430894308933,-14.32926829268293,-4.80182926829269,-11.839430894308933,-14.32926829268293,-16.285569105691046
603662.SSE,2023-05-22,—,二接三阳,2023,True,False,1.683501683501687,5.218855218855212,1.683501683501687,1.683501683501687,1.683501683501687,10.26936026936025,11.86868686868685
603663.SSE,2024-04-01,—,二接三阴,2024,True,True,12.126751980499684,9.993906154783684,9.993906154783684,12.126751980499684,12.126751980499684,22.05971968312006,23.33942717854964
603663.SSE,2026-06-23,—,二接三阴,2026,False,False,-1.9365199319856363,-3.646325335348577,-1.9365199319856363,-4.524844133761574,-3.646325335348577,-1.9365199319856363,-5.082184016625724
603666.SSE,2024-08-30,—,二接三阳,2024,False,False,-17.428984111699574,-12.373615792007708,-17.428984111699574,-8.281174771304755,-12.373615792007708,-17.428984111699574,-16.70678863745787
603666.SSE,2024-11-04,—,二接三阳,2024,True,False,12.635814889336006,10.02012072434606,10.02012072434606,12.635814889336006,12.635814889336006,14.366197183098596,14.366197183098596
603666.SSE,2024-11-05,—,三接四阳,2024,True,True,2.3774689100219515,9.985369422092184,9.985369422092184,2.3774689100219515,2.3774689100219515,3.9502560351133864,3.9502560351133864
603667.SSE,2024-12-03,—,二接三阴,2024,True,False,29.688206055128784,9.986443741527351,9.986443741527351,29.688206055128784,29.688206055128784,24.265702666064183,24.265702666064183
603667.SSE,2025-01-13,—,二接三阳,2025,False,False,17.801812335574386,-6.460099386144402,0.9646302250803762,-8.2139725226542,-6.460099386144402,17.801812335574386,22.800350774627297
603667.SSE,2025-01-16,—,二接三阴,2025,False,False,0.5264417324718718,-0.2153625269203041,0.5264417324718718,-3.5654462790141284,-0.2153625269203041,0.5264417324718718,3.134721225173487
603667.SSE,2025-12-31,—,二接三阳,2025,True,False,6.030294369819944,-1.4004001143183786,6.030294369819944,6.030294369819944,-1.4004001143183786,10.731637610745913,10.731637610745913
603667.SSE,2026-01-05,—,三接四阳,2026,False,False,0.6625097427903182,-3.2735775526110844,0.6625097427903182,-3.6113276175630094,-3.2735775526110844,0.6625097427903182,-1.7926734216679785
603669.SSE,2024-12-05,—,二接三阳,2024,False,False,-8.863636363636374,-5.909090909090919,-8.863636363636374,-5.340909090909096,-5.909090909090919,-8.863636363636374,-1.4772727272727382
603677.SSE,2023-07-13,—,二接三阴,2023,True,False,-10.017074558907224,0.22766078542970636,-10.017074558907224,-10.017074558907224,-10.017074558907224,-13.65964712578258,-13.65964712578258
603677.SSE,2025-03-14,—,二接三阳,2025,True,False,31.77525967894239,10.009442870632679,10.009442870632679,31.77525967894239,31.77525967894239,18.602455146364495,18.602455146364495
603678.SSE,2026-06-03,—,二接三阴,2026,False,False,0.12408872343725452,-2.7609740964789853,0.12408872343725452,-0.8375988832014847,-2.7609740964789853,0.12408872343725452,-2.3111524740189293
603679.SSE,2025-12-22,—,二接三阳,2025,False,False,-26.318267419962325,-23.022598870056488,-26.318267419962325,-18.126177024482104,-23.022598870056488,-26.318267419962325,-27.448210922787187
603681.SSE,2025-05-27,—,二接三阳,2025,True,False,-9.98389694041868,-0.21470746108427363,-9.98389694041868,-9.98389694041868,-0.21470746108427363,-9.017713365539448,-0.9661835748792202
603682.SSE,2023-07-27,—,三接四阳,2023,True,False,-1.4440433212996484,6.016847172081818,-1.4440433212996484,-1.4440433212996484,-1.4440433212996484,0.6016847172081619,0.6016847172081619
603685.SSE,2024-06-17,—,二接三阳,2024,True,False,-8.098591549295763,0.0,-8.098591549295763,-8.098591549295763,-8.098591549295763,-12.46478873239436,-12.46478873239436
603686.SSE,2024-12-27,—,三接四阳,2024,False,False,-20.28985507246377,-20.28985507246377,-20.28985507246377,-11.456176673567974,-20.28985507246377,-20.28985507246377,-28.2263630089717
603686.SSE,2025-09-22,—,二接三阴,2025,True,True,6.5670467951238765,2.1234762092017245,9.988202909948885,6.5670467951238765,6.5670467951238765,-4.089657884388509,-4.089657884388509
603686.SSE,2025-09-23,—,三接四阴,2025,True,False,-3.1104755094744307,0.10725777618878496,-3.1104755094744307,-3.1104755094744307,-3.1104755094744307,-12.799427958526987,-12.799427958526987
603686.SSE,2025-11-03,—,二接三阳,2025,False,False,0.7934175727299264,-11.842491918895092,-1.645606817513967,-10.578900969732597,-11.842491918895092,0.7934175727299264,-9.285924184543049
603687.SSE,2026-03-23,—,三接四阳,2026,True,False,0.13577732518668117,1.8329938900203624,0.13577732518668117,0.13577732518668117,0.13577732518668117,1.8329938900203624,1.8329938900203624
603688.SSE,2025-04-11,—,二接三阳,2025,True,False,-1.2031139419674375,1.6277423920735945,-1.2031139419674375,-1.2031139419674375,-1.2031139419674375,3.0431705590941327,3.0431705590941327
603690.SSE,2025-03-31,—,二接三阳,2025,False,False,-4.249126891734578,-12.68917345750873,-4.249126891734578,-7.450523864959246,-12.68917345750873,-4.249126891734578,-8.381839348079156
603690.SSE,2026-07-28,—,二接三阴,2026,False,False,-9.499451954694926,-8.293752283522105,-9.499451954694926,-5.005480453050792,-8.293752283522105,-9.499451954694926,-18.560467665327007
603693.SSE,2025-05-29,—,二接三阳,2025,True,False,-10.000000000000009,4.047619047619055,-10.000000000000009,-10.000000000000009,-10.000000000000009,-12.321428571428573,-12.321428571428573
603696.SSE,2025-04-17,—,二接三阳,2025,True,False,19.840566873339238,10.008857395925608,10.008857395925608,19.840566873339238,19.840566873339238,31.53232949512843,31.798051372896374
603696.SSE,2025-04-18,A1,三接四阳,2025,True,False,8.937198067632846,-3.5426731078904927,9.98389694041868,8.937198067632846,-3.5426731078904927,19.565217391304344,19.806763285024154
603696.SSE,2025-12-04,—,二接三阳,2025,True,False,30.000000000000004,-2.033898305084747,10.000000000000009,30.000000000000004,-2.033898305084747,17.005649717514125,17.005649717514125
603696.SSE,2025-12-05,A1,三接四阳,2025,True,True,18.181818181818187,10.01540832049308,10.01540832049308,18.181818181818187,18.181818181818187,6.368772470467388,6.368772470467388
603696.SSE,2025-12-24,—,二接三阳,2025,True,True,-1.4136904761904767,8.03571428571428,-1.4136904761904767,-1.4136904761904767,-1.4136904761904767,-2.5669642857142794,-2.5669642857142794
603696.SSE,2025-12-25,—,三接四阳,2025,False,False,-11.43050388907676,-8.72505918160298,-11.43050388907676,-10.382144064930676,-8.72505918160298,-11.43050388907676,-20.290835306053435
603697.SSE,2024-10-30,—,二接三阳,2024,False,False,-2.359550561797763,-6.516853932584265,-2.359550561797763,-2.4719101123595544,-6.516853932584265,-2.359550561797763,-3.0337078651685334
603698.SSE,2025-12-25,B2,二接三阳,2025,True,True,5.264564404062,6.360235168359152,5.264564404062,5.264564404062,5.264564404062,-0.8284339925173745,-0.8284339925173745
603700.SSE,2025-03-05,—,二接三阴,2025,True,False,-0.9824561403508847,10.035087719298241,10.035087719298241,-0.9824561403508847,-0.9824561403508847,-10.87719298245614,-10.87719298245614
603706.SSE,2024-11-21,—,二接三阳,2024,False,False,-14.840989399293282,-9.452296819787986,-14.840989399293282,-8.083038869257964,-9.452296819787986,-14.840989399293282,-6.404593639575973
603709.SSE,2025-09-09,—,三接四阴,2025,False,False,-24.557956777996072,-22.053045186640475,-24.557956777996072,-16.15913555992141,-22.053045186640475,-24.557956777996072,-27.603143418467578
603709.SSE,2025-12-12,—,二接三阳,2025,True,True,-7.4244966442952975,4.823825503355694,-7.4244966442952975,-7.4244966442952975,-7.4244966442952975,-16.694630872483216,-16.694630872483216
603709.SSE,2025-12-15,—,三接四阳,2025,False,False,-24.25629290617849,-24.25629290617849,-24.25629290617849,-15.827612509534706,-24.25629290617849,-24.25629290617849,-31.845919145690303
603716.SSE,2023-08-10,—,二接三阴,2023,True,False,12.641937925813785,6.358819076457234,9.99242997728993,12.641937925813785,12.641937925813785,12.187736563209683,12.187736563209683
603716.SSE,2023-08-11,—,三接四阴,2023,True,False,2.408809359944941,7.7081899518238295,2.408809359944941,2.408809359944941,2.408809359944941,1.9958706125258185,1.9958706125258185
603716.SSE,2024-03-20,—,二接三阴,2024,True,False,-1.3133208255159512,2.8142589118199,-1.3133208255159512,-1.3133208255159512,-1.3133208255159512,-11.163227016885546,-11.163227016885546
603716.SSE,2025-02-11,—,二接三阳,2025,False,False,-9.537572254335258,-12.71676300578035,-9.537572254335258,-12.042389210019266,-12.71676300578035,-9.537572254335258,-15.02890173410405
603716.SSE,2025-02-18,—,二接三阴,2025,False,False,-8.688245315161836,-15.161839863713789,-8.688245315161836,-5.7921635434412195,-15.161839863713789,-8.688245315161836,-5.621805792163547
603716.SSE,2025-03-12,—,二接三阴,2025,True,False,0.9781790820165615,-4.063205417607218,10.007524454477057,0.9781790820165615,-4.063205417607218,-3.7622272385252065,-3.7622272385252065
603716.SSE,2025-03-13,—,三接四阴,2025,True,False,-8.207934336525302,-5.266757865937066,-8.207934336525302,-8.207934336525302,-5.266757865937066,-12.517099863201098,-12.517099863201098
603716.SSE,2025-07-03,—,二接三阳,2025,True,True,17.588726513569952,10.020876826722326,10.020876826722326,17.588726513569952,17.588726513569952,10.594989561586644,10.594989561586644
603717.SSE,2024-12-10,—,二接三阳,2024,True,False,15.384615384615374,3.033586132177679,9.967497291440953,15.384615384615374,15.384615384615374,3.900325027085594,3.900325027085594
603717.SSE,2024-12-11,—,三接四阳,2024,True,True,4.92610837438423,10.049261083743843,10.049261083743843,4.92610837438423,4.92610837438423,-5.517241379310345,-5.517241379310345
603719.SSE,2024-12-12,—,二接三阴,2024,True,False,-8.18546078992558,-0.9730967372638677,-8.18546078992558,-8.18546078992558,-0.9730967372638677,-10.933028048082416,-10.933028048082416
603721.SSE,2023-11-01,—,二接三阳,2023,False,False,-11.059262715818951,-13.672421838544091,-11.059262715818951,-9.846010265982263,-13.672421838544091,-11.059262715818951,-14.839010732617819
603721.SSE,2023-12-05,—,三接四阴,2023,True,False,-9.885308574549423,1.0376843255051948,-9.885308574549423,-9.885308574549423,-9.885308574549423,-10.786455488803925,-0.8738394320043752
603721.SSE,2023-12-19,—,二接三阴,2023,True,False,-6.899810964083175,0.0,-6.899810964083175,-6.899810964083175,-6.899810964083175,-14.083175803402648,-14.083175803402648
603721.SSE,2024-03-06,—,二接三阳,2024,False,False,-17.22357229647631,-8.961117861482393,-17.22357229647631,-8.019441069258814,-8.961117861482393,-17.22357229647631,-15.097205346294052
603721.SSE,2024-03-22,—,二接三阳,2024,True,False,-10.00234796900682,0.9626672927917301,-10.00234796900682,-10.00234796900682,-10.00234796900682,-12.444235736088293,-12.444235736088293
603721.SSE,2026-09-02,—,二接三阴,2026,False,False,-10.51492860233665,-9.9524015577672,-10.51492860233665,-7.009952401557773,-9.9524015577672,-10.51492860233665,-8.870618779749028
603722.SSE,2026-07-07,—,二接三阴,2026,False,False,-14.440734557595992,-14.440734557595992,-14.440734557595992,-7.658597662771294,-14.440734557595992,-14.440734557595992,-20.3881469115192
603726.SSE,2025-07-10,—,二接三阳,2025,False,False,-19.089703932832524,-14.052143172779497,-19.089703932832524,-12.593901900132554,-14.052143172779497,-19.089703932832524,-20.37118868758285
603728.SSE,2023-05-19,—,二接三阳,2023,False,False,3.9527913076058407,-4.45859872611466,3.9527913076058407,-2.6227051330086293,-4.45859872611466,3.9527913076058407,-6.331959535406528
603737.SSE,2024-05-17,—,二接三阳,2024,True,False,2.44493837138815,-2.768236007274205,2.44493837138815,2.44493837138815,-2.768236007274205,-1.7377247928874517,-1.7377247928874517
603737.SSE,2024-10-08,—,三接四阴,2024,False,False,-12.805158912943348,-5.573468447719954,-12.805158912943348,-3.109166282818976,-5.573468447719954,-12.805158912943348,-15.730078304928597
603738.SSE,2026-05-11,—,二接三阳,2026,True,True,4.970025140204992,-1.3730419648037118,4.970025140204992,4.970025140204992,-1.3730419648037118,4.428543801972529,4.428543801972529
603739.SSE,2023-12-27,—,二接三阴,2023,False,False,-15.772179627601313,-17.360350492880617,-15.772179627601313,-13.033953997809423,-17.360350492880617,-15.772179627601313,-16.648411829134723
603758.SSE,2024-11-06,B1,二接三阴,2024,False,False,0.8982035928143617,-4.191616766467066,0.8982035928143617,-3.6926147704590795,-4.191616766467066,0.8982035928143617,-1.197604790419149
603767.SSE,2023-06-26,B2,二接三阳,2023,True,True,42.095588235294116,1.1029411764705843,10.018382352941169,42.095588235294116,42.095588235294116,38.05147058823528,38.05147058823528
603767.SSE,2023-06-27,—,三接四阳,2023,True,False,29.156223893066002,0.5012531328320691,10.025062656641603,29.156223893066002,29.156223893066002,25.480367585630724,25.480367585630724
603767.SSE,2023-08-31,—,二接三阴,2023,True,False,19.923788786064243,0.0,10.01633097441481,19.923788786064243,19.923788786064243,22.591181273815984,22.591181273815984
603767.SSE,2023-09-01,A2,三接四阴,2023,True,False,9.00544285007423,-0.5937654626422595,9.995051954477985,9.00544285007423,-0.5937654626422595,11.42998515586342,11.42998515586342
603767.SSE,2024-02-01,—,二接三阴,2024,True,False,-0.9937888198757849,9.316770186335411,9.999999999999986,-0.9937888198757849,-0.9937888198757849,-10.869565217391319,-10.869565217391319
603767.SSE,2024-02-02,—,三接四阴,2024,True,False,-9.994353472614348,6.154714850367027,-9.994353472614348,-9.994353472614348,-9.994353472614348,-18.972332015810277,-18.972332015810277
603767.SSE,2025-08-05,—,二接三阴,2025,True,True,23.578248235782475,7.928601079286013,10.004151100041515,23.578248235782475,23.578248235782475,25.28019925280198,25.28019925280198
603767.SSE,2025-08-06,—,三接四阴,2025,True,False,12.339622641509429,9.999999999999986,9.999999999999986,12.339622641509429,12.339622641509429,13.886792452830177,13.886792452830177
603768.SSE,2023-10-25,—,二接三阴,2023,True,False,9.707180104292036,1.6044925792218168,9.987966305655839,9.707180104292036,9.707180104292036,-1.2434817488969019,-1.2434817488969019
603768.SSE,2023-10-26,—,三接四阴,2023,True,False,-0.2552881108679794,9.992706053975198,-0.2552881108679794,-0.2552881108679794,-0.2552881108679794,-10.211524434719188,-10.211524434719188
603773.SSE,2024-05-21,—,二接三阳,2024,True,False,4.825972506580878,0.0,4.825972506580878,4.825972506580878,4.825972506580878,-2.076630593740858,-2.076630593740858
603773.SSE,2026-08-06,—,二接三阴,2026,True,False,10.644452157815554,7.670947587643173,9.996528982991993,10.644452157815554,10.644452157815554,10.389910910563449,10.389910910563449
603773.SSE,2026-08-07,—,三接四阴,2026,True,False,0.5890396549910637,3.9444619753865595,0.5890396549910637,0.5890396549910637,0.5890396549910637,0.35763121910172835,0.35763121910172835
603776.SSE,2024-12-10,—,三接四阳,2024,False,False,-21.729682746631894,-15.254237288135597,-21.729682746631894,-15.254237288135597,-15.254237288135597,-21.729682746631894,-22.59887005649719
603777.SSE,2024-12-24,—,二接三阴,2024,True,False,10.328638497652577,4.091213950368866,9.993293091884636,10.328638497652577,10.328638497652577,-0.670690811535879,-0.670690811535879
603777.SSE,2024-12-25,—,三接四阴,2024,True,False,0.3048780487804992,3.658536585365857,0.3048780487804992,0.3048780487804992,0.3048780487804992,-9.695121951219498,-9.695121951219498
603777.SSE,2025-01-13,—,二接三阳,2025,True,False,19.8051948051948,4.978354978354971,10.010822510822504,19.8051948051948,19.8051948051948,10.984848484848486,10.984848484848486
603777.SSE,2025-01-14,B3,三接四阳,2025,True,True,8.903098868667003,9.98524348253813,9.98524348253813,8.903098868667003,8.903098868667003,0.8853910477127469,0.8853910477127469
603777.SSE,2026-04-10,—,二接三阴,2026,True,False,-0.41249263406011316,1.0606953447259926,-0.41249263406011316,-0.41249263406011316,-0.41249263406011316,1.6499705362404304,1.6499705362404304
603778.SSE,2025-07-11,—,二接三阳,2025,True,False,-1.002004008016033,-1.8036072144288595,10.020040080160332,-1.002004008016033,-1.8036072144288595,-10.821643286573146,-10.821643286573146
603778.SSE,2025-07-14,—,三接四阳,2025,True,False,-10.018214936247716,-2.1857923497267784,-10.018214936247716,-10.018214936247716,-2.1857923497267784,-18.943533697632052,-18.943533697632052
603778.SSE,2025-11-13,—,三接四阳,2025,True,False,2.199223803363526,3.6222509702457772,9.961190168175937,2.199223803363526,2.199223803363526,5.433376455368699,5.433376455368699
603778.SSE,2025-11-26,—,二接三阳,2025,False,False,33.912155260469866,4.085801838610825,7.660878447395292,-2.1450459652706755,33.912155260469866,33.912155260469866,29.11133810010216
603778.SSE,2025-12-01,—,二接三阳,2025,True,False,2.8235294117646914,1.9607843137254832,2.8235294117646914,2.8235294117646914,2.8235294117646914,-0.8627450980392082,-0.8627450980392082
603778.SSE,2026-01-12,—,二接三阳,2026,True,True,7.554417413572345,9.560392658984206,7.554417413572345,7.554417413572345,7.554417413572345,6.4874093043107095,18.309859154929576
603779.SSE,2023-06-09,—,三接四阳,2023,True,False,15.313653136531368,9.040590405904059,9.963099630996307,15.313653136531368,15.313653136531368,20.018450184501834,20.018450184501834
603779.SSE,2023-12-21,—,二接三阳,2023,True,False,-3.3179012345679104,0.30864197530864335,-3.3179012345679104,-3.3179012345679104,-3.3179012345679104,-2.0061728395061817,-2.0061728395061817
603786.SSE,2025-09-18,—,二接三阳,2025,False,False,-3.754306760128312,-2.934537246049662,-3.754306760128312,-1.0336224307948227,-2.934537246049662,-3.754306760128312,4.075086135202555
603787.SSE,2025-06-12,—,二接三阴,2025,True,False,-9.379042690815009,-4.915912031047876,-9.379042690815009,-9.379042690815009,-4.915912031047876,-17.011642949547223,-17.011642949547223
603790.SSE,2023-05-15,—,二接三阴,2023,True,False,3.2190342897130853,-2.0293911826452016,3.2190342897130853,3.2190342897130853,-2.0293911826452016,0.13995801259623075,0.13995801259623075
603790.SSE,2024-04-03,—,二接三阳,2024,False,False,-14.94169096209913,-14.94169096209913,-14.94169096209913,-5.466472303206993,-14.94169096209913,-14.94169096209913,-20.845481049562686
603798.SSE,2024-01-11,—,二接三阴,2024,False,False,-10.618792971734148,-12.07028265851795,-10.618792971734148,-13.36898395721925,-12.07028265851795,-10.618792971734148,-8.326967150496555
603798.SSE,2024-03-04,—,三接四阳,2024,False,False,-22.514379622021362,-22.514379622021362,-22.514379622021362,-13.886606409202951,-22.514379622021362,-22.514379622021362,-24.48644207066557
603799.SSE,2024-10-08,—,二接三阳,2024,True,False,-7.516943930991992,-2.495378927911285,-7.516943930991992,-7.516943930991992,-2.495378927911285,-7.7634011090573,-7.7634011090573
603800.SSE,2025-08-12,—,二接三阴,2025,False,False,11.599844297391982,-2.705332814324646,7.02608018684312,-2.705332814324646,-2.705332814324646,11.599844297391982,0.44764499805372004
603801.SSE,2026-08-21,—,二接三阳,2026,False,False,-12.578616352201255,-17.106918238993718,-12.578616352201255,-12.578616352201255,-17.106918238993718,-12.578616352201255,-15.723270440251568
603803.SSE,2024-11-27,—,二接三阴,2024,True,False,-0.6147540983606592,10.040983606557386,-0.6147540983606592,-0.6147540983606592,-0.6147540983606592,-1.6393442622950838,9.323770491803284
603803.SSE,2024-11-28,—,三接四阴,2024,False,False,-10.61452513966481,-0.6517690875232796,-0.6517690875232796,-9.683426443202992,-0.6517690875232796,-10.61452513966481,-18.99441340782124
603803.SSE,2024-12-18,—,二接三阳,2024,True,False,14.358974358974375,10.000000000000009,10.000000000000009,14.358974358974375,14.358974358974375,13.247863247863245,25.81196581196583
603803.SSE,2024-12-19,—,三接四阳,2024,True,True,3.962703962703973,10.023310023310028,10.023310023310028,3.962703962703973,3.962703962703973,2.9526029526029562,14.37451437451438
603803.SSE,2025-02-11,—,二接三阳,2025,True,False,-3.028118240807498,-0.5046863734679108,-3.028118240807498,-3.028118240807498,-0.5046863734679108,-3.749098774333093,-3.749098774333093
603803.SSE,2026-03-12,—,二接三阴,2026,False,False,-2.554470323065361,-9.616829451540198,3.305785123966931,-6.08564988730278,-9.616829451540198,-2.554470323065361,-10.293012772351616
603808.SSE,2025-01-16,—,二接三阴,2025,True,False,-7.71850170261067,2.156640181611791,-7.71850170261067,-7.71850170261067,-7.71850170261067,-12.59931895573213,-12.59931895573213
603809.SSE,2024-11-05,—,二接三阳,2024,False,False,-11.279229711141669,-7.152682255845932,-11.279229711141669,-5.639614855570829,-7.152682255845932,-11.279229711141669,-17.331499312242094
603810.SSE,2024-01-24,—,二接三阴,2024,False,False,-7.748455923638398,-16.114542391914654,2.5266704098821036,-6.793935991016264,-16.114542391914654,-7.748455923638398,-16.956765861875343
603810.SSE,2024-03-28,—,二接三阴,2024,True,False,-5.48992355802641,-7.08825573314803,-5.48992355802641,-5.48992355802641,-7.08825573314803,-2.501737317581665,-2.501737317581665
603811.SSE,2025-08-06,—,二接三阴,2025,False,False,-7.248157248157261,-5.036855036855037,-7.248157248157261,-4.176904176904184,-5.036855036855037,-7.248157248157261,2.0270270270270174
603813.SSE,2024-04-15,—,二接三阴,2024,False,False,-26.3768115942029,-26.3768115942029,-26.3768115942029,-18.202898550724644,-26.3768115942029,-26.3768115942029,-30.14492753623188
603819.SSE,2024-11-15,—,二接三阴,2024,False,False,-12.249614791987673,-6.548536209553157,-12.249614791987673,-2.4653312788906034,-6.548536209553157,-12.249614791987673,-14.86902927580893
603823.SSE,2025-11-04,—,二接三阴,2025,True,False,-10.005157297576073,-7.168643630737492,-10.005157297576073,-10.005157297576073,-7.168643630737492,-6.395048994326979,-6.395048994326979
603829.SSE,2023-06-12,—,二接三阳,2023,True,False,-1.0138740661686074,1.3874066168623411,9.978655282817517,-1.0138740661686074,-1.0138740661686074,-10.192102454642482,-10.192102454642482
603829.SSE,2023-06-13,—,三接四阳,2023,True,False,-9.995147986414354,9.655507035419708,-9.995147986414354,-9.995147986414354,-9.995147986414354,-18.3406113537118,-18.3406113537118
603829.SSE,2025-06-10,—,二接三阳,2025,False,False,-13.420929141248239,-9.103707179727817,-13.420929141248239,-5.1149694978883105,-9.103707179727817,-13.420929141248239,-15.673392773345851
603829.SSE,2025-11-19,—,二接三阳,2025,False,False,-11.320045129748035,-10.22940955246333,-11.320045129748035,-9.778112072207602,-10.22940955246333,-11.320045129748035,-2.4445280180518947
603839.SSE,2025-08-01,—,三接四阴,2025,False,False,-19.556840077071303,-19.556840077071303,-19.556840077071303,-10.597302504816962,-19.556840077071303,-19.556840077071303,-26.10789980732178
603859.SSE,2024-12-09,—,二接三阴,2024,True,False,-9.99025341130605,0.6335282651072083,-9.99025341130605,-9.99025341130605,-9.99025341130605,-9.844054580896689,-9.844054580896689
603860.SSE,2023-12-06,—,三接四阳,2023,False,False,-23.453115032957683,-24.899000637890712,-23.453115032957683,-18.17988517967256,-24.899000637890712,-23.453115032957683,-30.23601956198171
603860.SSE,2024-04-17,—,二接三阴,2024,True,False,1.6175621028307496,-4.303870595031755,9.994222992489888,1.6175621028307496,-4.303870595031755,-8.54997111496244,-8.54997111496244
603860.SSE,2024-04-18,—,三接四阴,2024,True,False,-7.61554621848739,4.0966386554621925,-7.61554621848739,-7.61554621848739,-7.61554621848739,-16.859243697478988,-16.859243697478988
603861.SSE,2023-10-24,—,二接三阴,2023,False,False,-12.929623567921444,-18.821603927986907,-12.929623567921444,-12.029459901800333,-18.821603927986907,-12.929623567921444,-15.630114566284782
603863.SSE,2024-06-17,—,二接三阴,2024,False,False,-13.06199716043539,-8.424041646947455,-13.06199716043539,-8.376715570279226,-8.424041646947455,-13.06199716043539,-12.872692853762413
603877.SSE,2024-01-11,—,二接三阴,2024,True,False,-2.2073921971252575,2.6694045174537884,-2.2073921971252575,-2.2073921971252575,-2.2073921971252575,-5.544147843942515,-5.544147843942515
603877.SSE,2024-01-12,—,三接四阴,2024,False,False,-14.139057396173593,-16.00559962669156,-14.139057396173593,-11.10592627158189,-16.00559962669156,-14.139057396173593,-18.338777414839015
603879.SSE,2024-03-14,—,二接三阳,2024,True,False,45.07692307692308,10.000000000000009,10.000000000000009,45.07692307692308,45.07692307692308,30.61538461538462,30.61538461538462
603879.SSE,2024-03-15,—,三接四阳,2024,True,True,31.88811188811187,10.069930069930066,10.069930069930066,31.88811188811187,31.88811188811187,18.741258741258736,18.741258741258736
603879.SSE,2025-06-04,—,二接三阳,2025,True,False,-9.954058192955594,-3.522205206738138,-9.954058192955594,-9.954058192955594,-3.522205206738138,2.7565084226646164,-0.9188361408882129
603881.SSE,2025-02-14,—,二接三阳,2025,True,False,-0.9970674486803666,9.999999999999986,9.999999999999986,-0.9970674486803666,-0.9970674486803666,6.392961876832848,6.392961876832848
603887.SSE,2024-10-28,—,二接三阳,2024,True,True,5.037206639954217,4.751001717229553,5.037206639954217,5.037206639954217,5.037206639954217,15.626788780767043,15.569547796222105
603887.SSE,2024-10-29,—,三接四阳,2024,False,False,5.098855359001053,5.046826222684708,5.046826222684708,-4.526534859521314,5.098855359001053,5.098855359001053,-5.4110301768990565
603888.SSE,2026-01-14,—,二接三阳,2026,True,False,-1.4527027027027017,-1.0135135135135198,-1.4527027027027017,-1.4527027027027017,-1.0135135135135198,-11.317567567567577,-11.317567567567577
603893.SSE,2025-01-09,—,二接三阳,2025,False,False,-2.7118124712731673,-2.3211276237168565,-2.7118124712731673,-1.4248506204994515,-2.3211276237168565,-2.7118124712731673,-7.3081047954649865
603895.SSE,2023-09-27,—,二接三阳,2023,False,False,-18.142144638403977,-18.142144638403977,-18.142144638403977,-9.039900249376554,-18.142144638403977,-18.142144638403977,-20.542394014962596
603895.SSE,2024-02-28,—,二接三阳,2024,True,False,3.509496284062763,-9.991742361684553,9.991742361684564,3.509496284062763,-9.991742361684553,-6.853839801816686,-6.853839801816686
603895.SSE,2024-02-29,—,三接四阳,2024,True,False,-5.8933933933933975,5.593093093093082,-5.8933933933933975,-5.8933933933933975,-5.8933933933933975,-15.315315315315326,-15.315315315315326
603900.SSE,2024-04-03,—,三接四阳,2024,True,False,44.98525073746311,10.029498525073732,10.029498525073732,44.98525073746311,44.98525073746311,30.530973451327426,30.530973451327426
603900.SSE,2025-05-22,—,二接三阳,2025,True,False,6.4126394052044455,-4.2750929368029595,6.4126394052044455,6.4126394052044455,-4.2750929368029595,25.4646840148699,17.100371747211884
603912.SSE,2024-12-19,—,二接三阳,2024,True,False,1.056676272814605,9.990393852065305,1.056676272814605,1.056676272814605,1.056676272814605,-7.20461095100865,-7.20461095100865
603912.SSE,2024-12-20,—,三接四阳,2024,False,False,-15.63318777292576,-17.205240174672475,-15.63318777292576,-8.122270742358072,-17.205240174672475,-15.63318777292576,-24.10480349344978
603915.SSE,2024-11-21,—,二接三阴,2024,False,False,-13.13347608850821,-8.63668807994289,-13.13347608850821,-4.782298358315485,-8.63668807994289,-13.13347608850821,-13.990007137758742
603916.SSE,2025-07-24,—,三接四阴,2025,True,False,-10.007147962830597,-1.9299499642601803,-10.007147962830597,-10.007147962830597,-1.9299499642601803,-16.940671908506076,-16.940671908506076
603917.SSE,2024-02-23,B1,二接三阴,2024,False,False,-8.564069542820352,-5.6020605280103,-8.564069542820352,-3.6703155183515634,-5.6020605280103,-8.564069542820352,-3.6703155183515634
603918.SSE,2023-05-19,—,二接三阴,2023,True,False,-1.4598540145985384,2.2810218978102093,-1.4598540145985384,-1.4598540145985384,-1.4598540145985384,-0.5474452554744547,-0.5474452554744547
603918.SSE,2023-05-29,—,二接三阴,2023,False,False,1.7942145734163306,-7.433174661296215,2.709630172098132,-6.627608934456242,-7.433174661296215,1.7942145734163306,1.391431709996338
603918.SSE,2023-06-08,—,二接三阳,2023,True,False,-6.961856495065344,-1.5737530008002265,-6.961856495065344,-6.961856495065344,-1.5737530008002265,-6.001600426780474,-6.001600426780474
603918.SSE,2024-11-13,—,三接四阳,2024,True,False,-7.352941176470573,-1.9607843137254832,-7.352941176470573,-7.352941176470573,-1.9607843137254832,-4.520697167755983,-4.520697167755983
603918.SSE,2025-02-17,—,二接三阳,2025,False,False,1.4795474325500324,-14.447345517841603,-1.958224543080933,-10.879025239338558,-14.447345517841603,1.4795474325500324,-3.30722367275893
603926.SSE,2026-01-21,—,二接三阴,2026,True,False,6.4265247646336565,-9.946786737617686,6.4265247646336565,6.4265247646336565,-9.946786737617686,-0.12279983626688473,-0.12279983626688473
603928.SSE,2025-01-22,—,三接四阴,2025,True,False,8.91666666666666,9.999999999999986,9.999999999999986,8.91666666666666,8.91666666666666,-2.0000000000000018,-2.0000000000000018
603928.SSE,2025-06-23,—,二接三阴,2025,True,False,12.905360688285894,9.993381866313712,9.993381866313712,12.905360688285894,12.905360688285894,19.060225016545317,19.060225016545317
603928.SSE,2026-06-30,—,二接三阴,2026,True,False,-2.7027027027027084,9.797297297297302,-2.7027027027027084,-2.7027027027027084,-2.7027027027027084,-0.6756756756756799,7.027027027027022
603928.SSE,2026-07-01,—,三接四阴,2026,False,False,-9.705159705159716,-17.567567567567576,-2.7027027027027084,-11.54791154791155,-17.567567567567576,-9.705159705159716,-2.6412776412776506
603928.SSE,2026-07-10,—,二接三阳,2026,False,False,-14.54545454545454,-14.444444444444438,-14.54545454545454,-5.05050505050505,-14.444444444444438,-14.54545454545454,-23.08080808080808
603929.SSE,2023-11-01,—,三接四阳,2023,True,False,-9.090909090909093,9.864603481624744,-9.090909090909093,-9.090909090909093,-9.090909090909093,4.564796905222446,0.0
603929.SSE,2026-03-17,—,二接三阴,2026,True,False,6.737089201877922,2.0011737089201898,6.737089201877922,6.737089201877922,6.737089201877922,2.992957746478875,2.992957746478875
603929.SSE,2026-06-10,—,二接三阳,2026,False,False,1.9744688369627728,0.5433102168823867,1.9744688369627728,-1.9126286496753298,1.9744688369627728,1.9744688369627728,-3.670656831132102
603933.SSE,2023-05-23,—,二接三阳,2023,True,False,41.949413942011105,9.993830968537921,9.993830968537921,41.949413942011105,41.949413942011105,40.530536705737205,56.138186304750135
603933.SSE,2023-07-13,—,二接三阳,2023,True,False,-9.987669543773114,-5.260994656802287,-9.987669543773114,-9.987669543773114,-5.260994656802287,-14.09782161939992,-14.09782161939992
603933.SSE,2024-02-20,—,二接三阴,2024,True,False,44.99036608863199,8.670520231213864,10.019267822736012,44.99036608863199,44.99036608863199,36.89788053949903,36.89788053949903
603933.SSE,2024-02-21,—,三接四阴,2024,True,True,31.78633975481613,9.982486865148864,9.982486865148864,31.78633975481613,31.78633975481613,24.43082311733802,24.43082311733802
603933.SSE,2025-10-20,—,二接三阴,2025,True,False,-3.0937215650591487,-6.733393994540493,-3.0937215650591487,-3.0937215650591487,-6.733393994540493,-4.049135577798002,6.596906278434944
603933.SSE,2025-12-01,—,二接三阳,2025,True,True,3.080568720379162,3.9889415481832557,9.992101105845187,3.080568720379162,3.080568720379162,16.943127962085303,13.38862559241707
603933.SSE,2025-12-02,—,三接四阳,2025,True,False,-6.28366247755835,-2.7289048473967736,-6.28366247755835,-6.28366247755835,-2.7289048473967736,6.319569120287238,3.087971274685808
603937.SSE,2026-05-06,—,二接三阳,2026,True,True,2.264600715137055,2.5625744934445693,2.264600715137055,2.264600715137055,2.264600715137055,6.5554231227651805,12.514898688915356
603937.SSE,2026-05-07,—,三接四阳,2026,False,False,-3.1419284940411796,-8.234019501625134,2.2751895991332427,-7.042253521126762,-8.234019501625134,-3.1419284940411796,-8.938244853737821
603938.SSE,2025-10-17,—,二接三阴,2025,True,False,-0.9819121447028456,10.025839793281644,10.025839793281644,-0.9819121447028456,-0.9819121447028456,1.8087855297157507,1.8087855297157507
603938.SSE,2026-01-12,—,二接三阳,2026,False,False,-14.059690758719888,-7.946781733189489,-14.059690758719888,-4.494786048184107,-7.946781733189489,-14.059690758719888,-15.89356346637899
603938.SSE,2026-05-20,—,二接三阴,2026,True,True,-5.915178571428569,5.617559523809534,-5.915178571428569,-5.915178571428569,-5.915178571428569,-7.58928571428571,-7.58928571428571
603938.SSE,2026-06-24,—,二接三阴,2026,True,False,-2.722323049001796,3.6437246963562764,-2.722323049001796,-2.722323049001796,-2.722323049001796,5.835543766578266,5.835543766578266
603948.SSE,2025-06-24,—,二接三阴,2025,True,False,2.2756005056890016,0.25284450063209896,2.2756005056890016,2.2756005056890016,2.2756005056890016,1.2642225031605614,12.515802781289498
603949.SSE,2025-02-27,—,二接三阴,2025,True,False,-8.03468208092486,10.000000000000009,-8.03468208092486,-8.03468208092486,-8.03468208092486,-17.167630057803475,-17.167630057803475
603949.SSE,2025-02-28,—,三接四阴,2025,False,False,-24.697845507094062,-24.119810825013143,-24.697845507094062,-16.39516552811351,-24.119810825013143,-24.697845507094062,-27.00998423541776
603949.SSE,2025-03-21,B3,三接四阳,2025,True,False,13.702487095260452,-8.212106992022527,9.99530736743315,13.702487095260452,-8.212106992022527,14.828718911309235,14.828718911309235
603950.SSE,2026-03-02,—,二接三阴,2026,True,False,2.246732026143783,2.5326797385621047,2.246732026143783,2.246732026143783,2.246732026143783,1.7156862745097978,1.7156862745097978
603950.SSE,2026-03-03,—,三接四阴,2026,False,False,-7.5380616412922485,-11.88265874489417,-7.5380616412922485,-7.05532862978091,-11.88265874489417,-7.5380616412922485,-2.8963980690679625
603950.SSE,2026-04-13,—,三接四阴,2026,True,False,0.1657153378751497,3.001288897072363,0.1657153378751497,0.1657153378751497,0.1657153378751497,13.515006444485355,10.182286871662672
603950.SSE,2026-07-01,—,二接三阴,2026,False,False,-12.609023365995487,-10.853881770216434,-12.609023365995487,-5.997631097232703,-10.853881770216434,-12.609023365995487,-9.852481964035753
603955.SSE,2024-01-18,—,二接三阴,2024,True,False,-10.010060362173034,8.14889336016098,-10.010060362173034,-10.010060362173034,-10.010060362173034,-19.014084507042238,-19.014084507042238
603956.SSE,2025-02-13,—,二接三阳,2025,True,False,19.870129870129883,10.000000000000009,10.000000000000009,19.870129870129883,19.870129870129883,19.999999999999996,19.999999999999996
603956.SSE,2026-06-29,—,二接三阴,2026,True,False,-1.7160686427457161,-0.31201248049922414,-1.7160686427457161,-1.7160686427457161,-0.31201248049922414,-3.7441497659906453,-3.7441497659906453
603958.SSE,2024-02-05,—,二接三阴,2024,True,False,-9.985632183908056,-2.083333333333326,-9.985632183908056,-9.985632183908056,-2.083333333333326,17.24137931034484,-1.0057471264367845
603958.SSE,2024-02-06,—,三接四阴,2024,False,False,6.596995427824948,-23.579359895493145,-9.9934683213586,-18.15806662312215,-23.579359895493145,6.596995427824948,10.77726975832789
603958.SSE,2024-02-19,—,二接三阴,2024,True,False,-2.1582733812949617,-3.1175059952038398,-2.1582733812949617,-2.1582733812949617,-3.1175059952038398,1.6786570743405393,1.6786570743405393
603958.SSE,2024-07-24,—,二接三阴,2024,True,True,-10.009718172983472,8.940719144800791,-10.009718172983472,-10.009718172983472,-10.009718172983472,-13.216715257531575,-13.216715257531575
603958.SSE,2024-10-28,—,二接三阴,2024,True,False,3.4946236559139754,2.0161290322580516,10.01344086021505,3.4946236559139754,3.4946236559139754,3.7634408602150504,3.7634408602150504
603958.SSE,2024-10-29,—,三接四阴,2024,True,True,-5.925473427000616,9.957238851557726,-5.925473427000616,-5.925473427000616,-5.925473427000616,-5.681124007330496,-5.681124007330496
603958.SSE,2024-12-30,—,三接四阳,2024,True,False,-10.015174506828528,5.209914011127981,-10.015174506828528,-10.015174506828528,-10.015174506828528,-19.018715225088513,-19.018715225088513
603958.SSE,2025-03-13,—,二接三阳,2025,False,False,-21.206743566992003,-17.834960070984916,-21.206743566992003,-12.466725820763081,-17.834960070984916,-21.206743566992003,-25.77639751552795
603958.SSE,2026-01-30,—,二接三阴,2026,False,False,-1.0460251046025104,-9.832635983263616,-1.0460251046025104,-3.2426778242677923,-9.832635983263616,-1.0460251046025104,2.9811715481171452
603958.SSE,2026-08-19,—,二接三阳,2026,False,False,9.601181683899561,-16.395864106351542,-8.025603151157057,-16.395864106351542,-16.395864106351542,9.601181683899561,16.543574593796183
603958.SSE,2026-08-24,—,二接三阴,2026,True,False,-1.5479876160990669,0.0,-1.5479876160990669,-1.5479876160990669,-1.5479876160990669,4.68819106590006,4.68819106590006
603966.SSE,2025-07-23,—,二接三阴,2025,True,False,-1.244167962674958,-2.7993779160186527,-1.244167962674958,-1.244167962674958,-2.7993779160186527,-11.119751166407465,-11.119751166407465
603967.SSE,2023-12-20,—,二接三阴,2023,False,False,-14.513677811550153,-12.537993920972646,-14.513677811550153,-5.015197568389063,-12.537993920972646,-14.513677811550153,-13.981762917933127
603978.SSE,2024-10-23,—,二接三阳,2024,False,False,-6.07553366174055,-9.742747673782159,-6.07553366174055,-5.8018609742747635,-9.742747673782159,-6.07553366174055,3.3388067870826488
603978.SSE,2025-11-10,—,二接三阳,2025,False,False,-4.776658920733268,-12.212754970307248,-4.776658920733268,-9.83733539891556,-12.212754970307248,-4.776658920733268,-9.372579395817182
603980.SSE,2024-12-26,—,二接三阴,2024,True,False,-8.228980322003576,0.0,-8.228980322003576,-8.228980322003576,-8.228980322003576,-13.059033989266544,-13.059033989266544
603980.SSE,2026-02-11,—,二接三阳,2026,True,False,-0.9174311926605561,-3.669724770642202,-0.9174311926605561,-0.9174311926605561,-3.669724770642202,-10.779816513761475,-10.779816513761475
603985.SSE,2023-10-25,—,二接三阳,2023,True,False,7.348837209302328,8.976744186046503,9.999999999999986,7.348837209302328,7.348837209302328,8.465116279069761,8.465116279069761
603985.SSE,2023-10-26,—,三接四阳,2023,True,False,-2.4101479915433432,-0.08456659619450191,-2.4101479915433432,-2.4101479915433432,-0.08456659619450191,-1.3953488372092981,-1.3953488372092981
603985.SSE,2024-10-29,—,二接三阴,2024,True,False,-3.2493368700265313,-3.183023872679047,-3.2493368700265313,-3.2493368700265313,-3.183023872679047,-0.19893899204244114,-0.19893899204244114
603985.SSE,2025-04-02,—,二接三阴,2025,True,False,-2.5821596244131273,0.0,-2.5821596244131273,-2.5821596244131273,-2.5821596244131273,-12.323943661971825,-12.323943661971825
603988.SSE,2024-07-30,—,三接四阳,2024,True,False,8.941605839416056,-1.4598540145985384,10.036496350364965,8.941605839416056,-1.4598540145985384,8.120437956204363,8.120437956204363
603988.SSE,2024-09-25,—,二接三阳,2024,False,False,-1.1803278688524599,-6.491803278688524,-1.1803278688524599,-6.0983606557377,-6.491803278688524,-1.1803278688524599,-5.7049180327868765
603988.SSE,2025-09-19,—,二接三阴,2025,False,False,-16.633380884450776,-12.667617689015687,-16.633380884450776,-12.667617689015687,-12.667617689015687,-16.633380884450776,-13.23823109843081
603989.SSE,2026-06-18,—,二接三阳,2026,True,True,7.036144578313253,8.144578313253014,9.999999999999986,7.036144578313253,7.036144578313253,34.939759036144565,17.734939759036152
603989.SSE,2026-06-22,—,三接四阳,2026,True,False,-2.694414019715219,4.468784227820377,-2.694414019715219,-2.694414019715219,-2.694414019715219,22.672508214676903,7.031763417305581
603990.SSE,2024-02-26,—,二接三阳,2024,False,False,-12.333071484681856,-14.29693637077769,-12.333071484681856,-13.354281225451691,-14.29693637077769,-12.333071484681856,-12.490180675569517
603990.SSE,2024-12-06,—,二接三阳,2024,False,False,-18.881118881118887,-14.812460267005722,-18.881118881118887,-10.48951048951049,-14.812460267005722,-18.881118881118887,-16.401780038143677
603990.SSE,2025-01-10,—,二接三阳,2025,True,False,-6.31741140215717,0.15408320493066618,-6.31741140215717,-6.31741140215717,-6.31741140215717,-2.3112480739599484,-2.3112480739599484
603990.SSE,2025-01-13,B3,三接四阳,2025,False,False,-11.20448179271708,-22.969187675070025,-11.20448179271708,-14.845938375350132,-22.969187675070025,-11.20448179271708,-11.274509803921562
603992.SSE,2024-02-20,—,二接三阴,2024,True,False,-0.058445353594382965,0.8766803039158555,-0.058445353594382965,-0.058445353594382965,-0.058445353594382965,-1.5780245470485066,-1.5780245470485066
605001.SSE,2024-04-22,—,三接四阴,2024,True,False,-7.635829662261373,-3.8179148311306865,-7.635829662261373,-7.635829662261373,-3.8179148311306865,-7.782672540381785,-7.782672540381785
605005.SSE,2023-07-06,—,二接三阴,2023,False,False,-11.200759373516844,-11.200759373516844,-11.200759373516844,-1.3289036544850585,-11.200759373516844,-11.200759373516844,-13.099193165638356
605005.SSE,2023-11-29,—,二接三阴,2023,False,False,-17.649450996339976,-17.649450996339976,-17.649450996339976,-8.499389995933305,-17.649450996339976,-17.649450996339976,-20.25213501423343
605005.SSE,2025-05-30,—,二接三阳,2025,False,False,6.2937062937062915,-16.130536130536132,2.5174825174825166,-6.806526806526813,-16.130536130536132,6.2937062937062915,-4.335664335664335
605005.SSE,2025-06-05,—,二接三阴,2025,False,False,-22.886133032694477,-16.760616309658026,-22.886133032694477,-14.31792559188274,-16.760616309658026,-22.886133032694477,-25.77978203682826
605006.SSE,2024-12-06,—,二接三阳,2024,True,False,31.84885290148447,3.238866396761142,9.986504723346833,31.84885290148447,31.84885290148447,18.623481781376494,18.623481781376494
605006.SSE,2024-12-09,—,三接四阳,2024,True,False,19.877300613496928,7.852760736196296,10.061349693251543,19.877300613496928,19.877300613496928,7.852760736196296,7.852760736196296
605006.SSE,2026-05-11,—,二接三阳,2026,True,True,3.85085574572126,6.968215158924207,3.85085574572126,3.85085574572126,3.85085574572126,-2.1393643031784704,-2.1393643031784704
605007.SSE,2025-12-26,—,二接三阳,2025,True,False,-9.993593850096083,-5.829596412556059,-9.993593850096083,-9.993593850096083,-5.829596412556059,-12.043561819346571,-12.043561819346571
605011.SSE,2023-05-16,—,二接三阳,2023,True,False,14.602861371484966,0.5920078934385842,10.01480019733596,14.602861371484966,14.602861371484966,89.88653182042428,26.048347311297483
605011.SSE,2023-05-17,—,三接四阳,2023,True,False,4.170403587443938,2.8699551569506765,4.170403587443938,4.170403587443938,4.170403587443938,72.60089686098654,14.573991031390143
605011.SSE,2023-05-23,—,二接三阳,2023,True,False,24.482535575679165,-0.19404915912031306,9.993531694695967,24.482535575679165,-0.19404915912031306,24.83829236739974,24.83829236739974
605011.SSE,2023-05-24,—,三接四阳,2023,True,False,13.172596295207306,2.910908556306979,9.99705968832696,13.172596295207306,13.172596295207306,13.496030579241403,13.496030579241403
605018.SSE,2025-01-23,—,二接三阳,2025,False,False,-3.0581039755351758,-15.902140672782872,-7.4923547400611685,-15.902140672782872,-15.902140672782872,-3.0581039755351758,0.3822629969419067
605028.SSE,2025-08-21,—,二接三阴,2025,True,False,0.3350707371556183,10.014892032762468,10.014892032762468,0.3350707371556183,0.3350707371556183,-8.786299329858526,-8.786299329858526
605033.SSE,2025-01-06,B1,二接三阴,2025,True,False,75.39038101186755,3.935040599625217,9.993753903810099,75.39038101186755,75.39038101186755,57.83885071830104,57.83885071830104
605033.SSE,2025-01-07,—,三接四阴,2025,True,False,59.454855195911406,3.9182282793867262,9.994321408290752,59.454855195911406,59.454855195911406,43.49801249290177,43.49801249290177
605055.SSE,2025-05-14,—,三接四阳,2025,True,False,4.964539007092195,-3.427895981087481,10.047281323877066,4.964539007092195,-3.427895981087481,27.541371158392415,15.484633569739925
605058.SSE,2025-01-21,B1,二接三阴,2025,False,False,-5.671296296296302,-11.265432098765437,-5.671296296296302,-6.635802469135809,-11.265432098765437,-5.671296296296302,-9.143518518518523
605066.SSE,2024-12-27,—,二接三阳,2024,False,False,-15.120711562897082,-11.30876747141042,-15.120711562897082,-5.717916137229995,-11.30876747141042,-15.120711562897082,-23.50698856416773
605066.SSE,2025-03-03,—,二接三阳,2025,True,False,13.528748590755368,4.622322435174753,10.0338218714769,13.528748590755368,13.528748590755368,2.254791431792569,2.254791431792569
605066.SSE,2025-03-04,B3,三接四阳,2025,True,False,3.1762295081967373,10.040983606557386,10.040983606557386,3.1762295081967373,3.1762295081967373,-7.069672131147531,-7.069672131147531
605068.SSE,2026-07-29,—,二接三阳,2026,True,False,15.865384615384626,9.98931623931625,9.98931623931625,15.865384615384626,15.865384615384626,4.2735042735042805,4.2735042735042805
605068.SSE,2026-07-30,—,三接四阳,2026,True,False,5.342399222923766,8.062166100048573,5.342399222923766,5.342399222923766,5.342399222923766,-5.196697425934927,-5.196697425934927
605069.SSE,2023-08-22,—,二接三阳,2023,True,False,8.924302788844617,5.976095617529875,10.039840637450204,8.924302788844617,8.924302788844617,10.836653386454188,10.836653386454188
605069.SSE,2023-08-23,A1,三接四阳,2023,True,False,-1.0137581462708267,-7.313540912382333,9.992758870383778,-1.0137581462708267,-7.313540912382333,0.7241129616220032,0.7241129616220032
605069.SSE,2024-10-30,—,二接三阳,2024,True,False,6.165099268547536,9.92685475444095,6.165099268547536,6.165099268547536,6.165099268547536,-4.493207941483801,-4.493207941483801
605069.SSE,2025-02-05,—,二接三阳,2025,False,False,-11.146838156484474,-17.792068595927113,-11.146838156484474,-8.681672025723476,-17.792068595927113,-11.146838156484474,-12.218649517684899
605069.SSE,2025-03-26,—,二接三阳,2025,True,False,-9.992254066615036,-7.048799380325333,-9.992254066615036,-9.992254066615036,-7.048799380325333,-18.977536793183567,-18.977536793183567
605069.SSE,2026-06-24,—,二接三阳,2026,True,False,-0.27137042062416183,-3.1207598371777556,-0.27137042062416183,-0.27137042062416183,-3.1207598371777556,-1.5603799185888723,-1.5603799185888723
605086.SSE,2024-12-18,—,二接三阴,2024,True,False,-0.7787325456498406,3.8399570354457513,-0.7787325456498406,-0.7787325456498406,-0.7787325456498406,-1.6380236305048368,-1.6380236305048368
605086.SSE,2024-12-19,—,三接四阴,2024,False,False,-10.5712890625,-14.52636718750001,-10.5712890625,-9.7900390625,-14.52636718750001,-10.5712890625,-18.3837890625
605088.SSE,2024-04-03,—,二接三阳,2024,False,False,-16.906854130052718,-17.04745166959577,-16.906854130052718,-11.669595782073817,-17.04745166959577,-16.906854130052718,-13.251318101933219
605099.SSE,2025-06-04,—,二接三阴,2025,True,False,18.719532011699712,9.847253818654522,10.009749756256102,18.719532011699712,18.719532011699712,45.04387390315243,30.58173545661358
605099.SSE,2025-06-05,—,三接四阴,2025,True,False,7.917282127031022,5.169867060561306,7.917282127031022,7.917282127031022,7.917282127031022,31.84638109305762,18.700147710487446
605100.SSE,2025-02-25,—,二接三阳,2025,True,False,20.861797162375197,9.984235417761411,9.984235417761411,20.861797162375197,20.861797162375197,33.05307409353651,32.94797687861271
605100.SSE,2025-03-12,—,二接三阴,2025,False,False,-14.204375187293971,-16.571771051842966,-6.382978723404253,-14.893617021276595,-16.571771051842966,-14.204375187293971,-17.380881030866036
605118.SSE,2023-06-01,—,二接三阴,2023,True,False,-1.728395061728405,2.716049382716057,-1.728395061728405,-1.728395061728405,-1.728395061728405,4.987654320987667,8.098765432098777
605118.SSE,2023-06-02,—,三接四阴,2023,False,False,-4.578096947935362,-16.382405745062844,-1.7504488330341128,-10.6822262118492,-16.382405745062844,-4.578096947935362,-10.323159784560143
605118.SSE,2023-12-29,—,二接三阳,2023,True,False,8.887970235634546,0.9921455146754798,10.004133939644477,8.887970235634546,8.887970235634546,-1.9842910293509708,-1.9842910293509708
605118.SSE,2024-01-02,A1,三接四阳,2024,True,True,-1.014656144306647,0.2630590003757982,9.996242014280355,-1.014656144306647,-1.014656144306647,-10.898158586997365,-10.898158586997365
605133.SSE,2025-05-07,—,二接三阳,2025,False,False,-15.97040905134901,-8.833768494342909,-15.97040905134901,-8.507397737162758,-8.833768494342909,-15.97040905134901,-12.967798085291559
605136.SSE,2025-05-19,—,二接三阳,2025,True,False,27.193828351012538,4.24300867888141,10.028929604628756,27.193828351012538,27.193828351012538,39.8264223722276,39.922854387656706
605136.SSE,2025-05-20,A1,三接四阳,2025,True,False,15.600350569675726,9.99123575810692,9.99123575810692,15.600350569675726,15.600350569675726,27.081507449605603,27.16914986853636
605138.SSE,2025-05-15,—,二接三阴,2025,True,False,-7.420494699646641,-5.300353356890475,-7.420494699646641,-7.420494699646641,-5.300353356890475,-12.48527679623087,-12.48527679623087
605155.SSE,2025-03-12,—,二接三阳,2025,False,False,-13.029728020240361,-12.207463630613535,-13.029728020240361,-3.3523086654016487,-12.207463630613535,-13.029728020240361,-17.4573055028463
605162.SSE,2023-06-27,—,二接三阴,2023,False,False,-9.15662650602409,-8.192771084337346,-9.15662650602409,-5.301204819277105,-8.192771084337346,-9.15662650602409,-13.815261044176697
605162.SSE,2024-05-28,—,二接三阴,2024,False,False,-14.415322580645162,-14.415322580645162,-14.415322580645162,-4.939516129032262,-14.415322580645162,-14.415322580645162,-19.858870967741936
605162.SSE,2025-07-08,—,二接三阳,2025,True,False,-1.0648596321393922,0.2904162633107443,9.970958373668925,-1.0648596321393922,-1.0648596321393922,-5.130687318489824,-5.130687318489824
605162.SSE,2025-07-09,—,三接四阳,2025,True,False,-10.035211267605625,-4.489436619718312,-10.035211267605625,-10.035211267605625,-4.489436619718312,-13.732394366197177,-13.732394366197177
605162.SSE,2026-04-02,—,二接三阴,2026,True,False,-8.96797153024912,3.0604982206405618,-8.96797153024912,-8.96797153024912,-8.96797153024912,0.7117437722419906,0.1423487544483848
605162.SSE,2026-04-03,—,三接四阴,2026,False,False,-8.473479948253559,-17.27037516170764,-8.990944372574383,-17.27037516170764,-17.27037516170764,-8.473479948253559,-8.34411384217335
605167.SSE,2024-01-03,—,二接三阳,2024,True,False,4.006968641114983,-0.6968641114982632,10.017421602787469,4.006968641114983,-0.6968641114982632,-6.358885017421612,-6.358885017421612
605167.SSE,2024-01-04,—,三接四阳,2024,True,False,-5.463182897862239,-1.9794140934283444,-5.463182897862239,-5.463182897862239,-1.9794140934283444,-14.885193982581157,-14.885193982581157
605169.SSE,2025-05-19,—,二接三阴,2025,False,False,-18.75,-18.6046511627907,-18.75,-13.880813953488369,-18.6046511627907,-18.75,-21.656976744186053
605169.SSE,2025-08-07,—,二接三阳,2025,True,False,6.380208333333326,10.026041666666652,10.026041666666652,6.380208333333326,6.380208333333326,15.8203125,16.9921875
605178.SSE,2023-06-09,—,三接四阳,2023,False,False,-14.151554404145072,-14.022020725388595,-14.151554404145072,-4.630829015544036,-14.022020725388595,-14.151554404145072,-21.534974093264246
605178.SSE,2024-06-26,—,二接三阳,2024,True,False,-0.9650180940892428,-8.021712907116996,10.012062726176119,-0.9650180940892428,-8.021712907116996,-10.85645355850422,-10.85645355850422
605178.SSE,2024-06-27,—,三接四阳,2024,True,False,-9.97807017543858,-9.97807017543858,-9.97807017543858,-9.97807017543858,-9.97807017543858,-18.96929824561403,-18.96929824561403
605179.SSE,2023-12-07,—,二接三阳,2023,True,False,-5.719139297848253,5.719139297848264,-5.719139297848253,-5.719139297848253,-5.719139297848253,-12.34428086070215,-12.34428086070215
605179.SSE,2023-12-08,—,三接四阳,2023,False,False,-20.329387545033452,-22.851260936695827,-20.329387545033452,-14.307771487390642,-22.851260936695827,-20.329387545033452,-12.352032938754498
605179.SSE,2024-11-28,—,二接三阳,2024,True,False,126.69144981412641,-2.6022304832713727,10.037174721189611,126.69144981412641,-2.6022304832713727,104.01486988847583,104.01486988847583
605179.SSE,2024-11-29,A1,三接四阳,2024,True,False,106.01351351351349,5.067567567567566,10.000000000000009,106.01351351351349,106.01351351351349,85.4054054054054,85.4054054054054
605179.SSE,2026-07-31,—,三接四阳,2026,True,False,11.977284460505944,0.0,10.015487867836859,11.977284460505944,11.977284460505944,20.495611770779544,20.495611770779544
605179.SSE,2026-08-12,—,二接三阳,2026,True,True,5.0016452780519804,5.297795327410326,10.003290556103984,5.0016452780519804,5.0016452780519804,14.346824613359654,15.498519249753206
605179.SSE,2026-08-13,—,三接四阳,2026,True,True,-4.546814238707741,2.6921926413401076,-4.546814238707741,-4.546814238707741,-4.546814238707741,3.948549207298835,4.995513012264441
605180.SSE,2024-03-26,—,三接四阳,2024,True,False,44.961240310077535,9.173126614987059,10.012919896640838,44.961240310077535,44.961240310077535,30.490956072351416,30.490956072351416
605188.SSE,2025-04-16,—,二接三阳,2025,True,False,39.82456140350876,7.80701754385964,9.999999999999986,39.82456140350876,39.82456140350876,25.877192982456144,25.877192982456144
605188.SSE,2025-04-17,—,三接四阳,2025,True,True,27.113237639553446,8.054226475279114,9.968102073365227,27.113237639553446,27.113237639553446,14.433811802232865,14.433811802232865
605188.SSE,2025-08-13,—,二接三阳,2025,True,False,-9.97949419002051,-7.723855092276155,-9.97949419002051,-9.97949419002051,-7.723855092276155,-16.609706083390307,-16.609706083390307
605188.SSE,2025-08-28,—,二接三阳,2025,True,False,-2.3796646836127477,1.7306652244456489,-2.3796646836127477,-2.3796646836127477,-2.3796646836127477,1.8929150892374347,7.409410492157931
605188.SSE,2025-08-29,—,三接四阳,2025,False,False,-7.374631268436582,-13.81514257620452,-2.359882005899705,-11.258603736479833,-13.81514257620452,-7.374631268436582,-1.9174041297935096
605188.SSE,2025-10-15,—,二接三阳,2025,True,False,-0.382775119617218,-3.9712918660287033,-0.382775119617218,-0.382775119617218,-3.9712918660287033,-8.660287081339712,-8.660287081339712
605189.SSE,2026-07-03,—,二接三阴,2026,True,False,-5.54517133956387,3.8006230529594953,-5.54517133956387,-5.54517133956387,-5.54517133956387,-9.345794392523366,-9.345794392523366
605198.SSE,2024-03-27,—,三接四阳,2024,False,False,-9.102362204724413,-16.37795275590551,-9.102362204724413,-7.0866141732283445,-16.37795275590551,-9.102362204724413,0.0
605198.SSE,2024-04-02,—,二接三阳,2024,False,False,4.606975533576252,-6.298802706923478,4.606975533576252,-1.613742842269661,-6.298802706923478,4.606975533576252,15.07027589796981
605198.SSE,2026-06-16,B1,二接三阴,2026,True,False,9.80742252263742,0.012753475322035968,9.80742252263742,9.80742252263742,9.80742252263742,4.195893380946325,4.195893380946325
605198.SSE,2026-06-17,—,三接四阴,2026,False,False,-5.275362318840582,-1.9130434782608785,-5.275362318840582,-0.17391304347826875,-1.9130434782608785,-5.275362318840582,-13.159420289855062
605208.SSE,2025-01-07,—,二接三阴,2025,False,False,-15.768056968463895,-13.428280773143442,-15.768056968463895,-6.408952187182104,-13.428280773143442,-15.768056968463895,-20.2441505595117
605208.SSE,2025-02-26,B1,二接三阴,2025,False,False,-0.4460303300624524,-2.7653880463871627,3.6574487065120342,-5.798394290811782,-2.7653880463871627,-0.4460303300624524,1.5165031222123204
605208.SSE,2025-03-10,—,二接三阳,2025,False,False,-8.159722222222232,-8.39120370370371,-8.159722222222232,-4.340277777777779,-8.39120370370371,-8.159722222222232,-7.118055555555558
605218.SSE,2023-11-23,—,二接三阴,2023,True,False,19.456478928712073,3.5840882237101246,10.00393855848758,19.456478928712073,19.456478928712073,7.522646711303671,7.522646711303671
605218.SSE,2023-11-24,—,三接四阴,2023,True,False,8.59291084854994,-0.7518796992481258,9.98925886143931,8.59291084854994,-0.7518796992481258,-2.2556390977443552,-2.2556390977443552
605218.SSE,2023-12-05,—,二接三阳,2023,True,False,-9.98851894374283,-2.4110218140068973,-9.98851894374283,-9.98851894374283,-2.4110218140068973,-19.345579793340995,-19.345579793340995
605218.SSE,2024-09-04,—,二接三阳,2024,True,False,8.924587237840242,-8.478357875948229,9.995537706381064,8.924587237840242,-8.478357875948229,-1.9634091923248609,-1.9634091923248609
605218.SSE,2024-09-05,—,三接四阳,2024,True,False,-0.9736308316429909,9.533468559837743,10.02028397565924,-0.9736308316429909,-0.9736308316429909,-10.872210953346851,-10.872210953346851
605255.SSE,2023-11-10,—,三接四阳,2023,False,False,-23.08910891089109,-24.792079207920803,-23.08910891089109,-16.43564356435643,-24.792079207920803,-23.08910891089109,-26.534653465346537
605255.SSE,2025-11-27,—,二接三阳,2025,False,False,-1.0038860103626979,-14.31347150259067,-1.0038860103626979,-4.792746113989644,-14.31347150259067,-1.0038860103626979,-4.145077720207258
605258.SSE,2024-06-05,—,二接三阳,2024,True,False,31.781589079453965,10.010500525026256,10.010500525026256,31.781589079453965,31.781589079453965,22.926146307315353,22.926146307315353
605259.SSE,2025-07-16,—,二接三阳,2025,False,False,-16.758241758241766,-13.35851648351648,-16.758241758241766,-9.340659340659352,-13.35851648351648,-16.758241758241766,-17.170329670329664
605268.SSE,2025-07-31,—,二接三阴,2025,False,False,-19.56689868522815,-19.56689868522815,-19.56689868522815,-10.67285382830626,-19.56689868522815,-19.56689868522815,-24.20726991492652
605277.SSE,2024-03-21,—,二接三阴,2024,True,False,9.301103520756705,-0.15764582238571023,9.301103520756705,9.301103520756705,-0.15764582238571023,-1.6290068313189798,-1.6290068313189798
605277.SSE,2024-03-22,—,三接四阴,2024,False,False,-10.559006211180133,-4.921165790731019,-10.559006211180133,-0.6211180124223503,-4.921165790731019,-10.559006211180133,-18.25131390348782
605277.SSE,2025-01-24,—,二接三阴,2025,True,False,-9.979939819458384,-9.729187562688068,-9.979939819458384,-9.979939819458384,-9.729187562688068,-18.95687061183551,-18.95687061183551
605287.SSE,2026-02-11,—,二接三阴,2026,True,False,-1.0124101894186888,-0.8817766165904573,9.99346832135859,-1.0124101894186888,-0.8817766165904573,-10.90790333115611,-10.90790333115611
605287.SSE,2026-02-12,—,三接四阴,2026,True,False,-10.005938242280287,-2.7612826603325424,-10.005938242280287,-10.005938242280287,-2.7612826603325424,-19.00237529691211,-19.00237529691211
605288.SSE,2025-09-02,—,二接三阳,2025,True,False,1.3510682865521595,4.514034352744023,1.3510682865521595,1.3510682865521595,1.3510682865521595,0.7331378299120228,0.7331378299120228
605289.SSE,2026-02-25,—,二接三阳,2026,True,False,7.623071271124182,-0.009184423218211446,7.623071271124182,7.623071271124182,-0.009184423218211446,13.79500367376929,13.79500367376929
605289.SSE,2026-02-26,—,三接四阳,2026,False,False,3.4482758620689724,-1.4861818485430445,3.4482758620689724,-2.1624780829923917,-1.4861818485430445,3.4482758620689724,9.000584453535954
605298.SSE,2024-03-12,—,三接四阳,2024,True,False,-6.8692206076618305,-4.161162483487457,-6.8692206076618305,-6.8692206076618305,-4.161162483487457,-5.614266842800541,-5.614266842800541
605298.SSE,2025-08-13,—,二接三阳,2025,True,False,-3.568429890848035,-1.0915197313182246,-3.568429890848035,-3.568429890848035,-1.0915197313182246,-0.12594458438287548,-0.12594458438287548
605298.SSE,2025-09-09,—,二接三阴,2025,True,False,-2.117486338797814,2.481785063752273,-2.117486338797814,-2.117486338797814,-2.117486338797814,-5.965391621129335,-5.965391621129335
605299.SSE,2025-12-08,B2,二接三阳,2025,True,True,6.666666666666665,3.8596491228070295,10.035087719298241,6.666666666666665,6.666666666666665,-4.0000000000000036,-4.0000000000000036
605299.SSE,2025-12-09,—,三接四阳,2025,True,False,-3.0612244897959218,5.229591836734704,-3.0612244897959218,-3.0612244897959218,-3.0612244897959218,-12.755102040816324,-12.755102040816324
605299.SSE,2026-03-26,—,二接三阳,2026,False,False,-0.6150691952844789,-12.813941568426445,-1.332649923116358,-10.302409021014869,-12.813941568426445,-0.6150691952844789,9.32854946181443
605300.SSE,2024-12-02,—,二接三阴,2024,False,False,-14.366837024417944,-9.823963657013056,-14.366837024417944,-4.883588869960242,-9.823963657013056,-14.366837024417944,-17.660420215786488
605303.SSE,2024-05-20,—,二接三阴,2024,True,False,-10.009267840593129,-5.468025949953659,-10.009267840593129,-10.009267840593129,-5.468025949953659,-15.84800741427247,-15.84800741427247
605303.SSE,2025-03-12,—,三接四阴,2025,True,False,-7.598784194528873,-6.5349544072948245,-7.598784194528873,-7.598784194528873,-6.5349544072948245,-13.677811550151986,-13.677811550151986
605303.SSE,2025-08-20,—,二接三阴,2025,True,False,31.763285024154598,5.978260869565233,10.024154589371982,31.763285024154598,31.763285024154598,18.599033816425138,18.599033816425138
605303.SSE,2025-08-21,—,三接四阴,2025,True,False,19.75850713501648,9.989023051591662,9.989023051591662,19.75850713501648,19.75850713501648,7.793633369923181,7.793633369923181
605303.SSE,2025-09-16,—,二接三阳,2025,False,False,-13.062409288824394,-11.659409772617323,-13.062409288824394,-8.369617803580065,-11.659409772617323,-13.062409288824394,-18.190614417029515
605318.SSE,2026-06-11,—,二接三阳,2026,False,False,1.3960380595850808,1.427234440804881,1.3960380595850808,-0.9592887225081892,1.3960380595850808,1.3960380595850808,4.663858992356884
605333.SSE,2023-10-11,—,二接三阳,2023,False,False,-12.676641729010797,-15.54447215295095,-12.676641729010797,-11.97007481296758,-15.54447215295095,-12.676641729010797,-8.39567747298421
605337.SSE,2024-12-12,—,二接三阴,2024,True,False,-1.9141914191419196,7.590759075907583,-1.9141914191419196,-1.9141914191419196,-1.9141914191419196,-7.590759075907593,-7.590759075907593
605337.SSE,2024-12-13,—,三接四阴,2024,False,False,-16.01679664067187,-15.656868626274756,-16.01679664067187,-10.857828434313156,-15.656868626274756,-16.01679664067187,-23.635272945410925
605358.SSE,2025-09-25,—,二接三阳,2025,True,False,-9.988992845349486,-3.412217941662088,-9.988992845349486,-9.988992845349486,-3.412217941662088,-8.778205833791974,-8.778205833791974
605365.SSE,2023-09-14,—,二接三阴,2023,True,False,1.5787099684257955,-4.510599909788004,1.5787099684257955,1.5787099684257955,-4.510599909788004,-8.570139828597211,-8.570139828597211
605365.SSE,2023-09-15,—,三接四阴,2023,False,False,-16.892168921689223,-12.341123411234122,-16.892168921689223,-7.667076670766715,-12.341123411234122,-16.892168921689223,-24.10824108241082
605365.SSE,2026-04-23,—,二接三阴,2026,False,False,-8.876270173341306,-5.618649133293497,-8.876270173341306,-4.363419007770474,-5.618649133293497,-8.876270173341306,-10.520023909145248
605366.SSE,2026-06-26,—,三接四阴,2026,True,False,-2.781641168289295,-1.251738525730195,-2.781641168289295,-2.781641168289295,-1.251738525730195,-9.388038942976362,-9.388038942976362
605376.SSE,2025-02-21,—,二接三阳,2025,True,False,-3.827304550758459,-2.0070011668611443,-3.827304550758459,-3.827304550758459,-2.0070011668611443,-7.561260210035014,-7.561260210035014
605388.SSE,2024-12-03,—,二接三阳,2024,False,False,-13.212121212121207,-11.87878787878789,-13.212121212121207,-7.2727272727272645,-11.87878787878789,-13.212121212121207,-14.66666666666666
605388.SSE,2026-04-17,—,二接三阳,2026,True,False,-6.313416009019157,-10.033821871476878,-6.313416009019157,-6.313416009019157,-10.033821871476878,-10.372040586245767,-10.372040586245767
605398.SSE,2025-09-12,—,二接三阴,2025,True,False,-9.999999999999998,-1.5989847715735972,-9.999999999999998,-9.999999999999998,-1.5989847715735972,-11.751269035532985,-11.751269035532985
605399.SSE,2024-01-18,—,二接三阴,2024,True,False,-0.9495548961424349,6.884272997032648,10.02967359050444,-0.9495548961424349,-0.9495548961424349,1.4836795252225476,1.4836795252225476
605399.SSE,2024-01-19,—,三接四阴,2024,True,False,-9.978425026968708,-9.385113268608404,-9.978425026968708,-9.978425026968708,-9.385113268608404,-7.766990291262122,-7.766990291262122
605399.SSE,2025-07-14,—,二接三阴,2025,True,False,-6.9809069212410595,-0.23866348448688957,-6.9809069212410595,-6.9809069212410595,-0.23866348448688957,-16.28878281622913,-16.28878281622913
605399.SSE,2025-07-15,—,三接四阴,2025,False,False,-23.915401301518447,-19.73969631236443,-23.915401301518447,-15.455531453362259,-19.73969631236443,-23.915401301518447,-22.776572668112806
605488.SSE,2023-12-15,—,二接三阳,2023,True,False,-9.985170538803755,-6.673257538309452,-9.985170538803755,-9.985170538803755,-6.673257538309452,-9.886307464162137,-9.886307464162137
605488.SSE,2024-04-08,—,二接三阳,2024,False,False,-19.31942919868277,-21.95389681668495,-19.31942919868277,-13.282107574094393,-21.95389681668495,-19.31942919868277,-16.190998902305154
605488.SSE,2025-01-22,—,二接三阳,2025,True,False,6.382978723404253,9.418022528160197,6.382978723404253,6.382978723404253,6.382978723404253,4.161451814768458,4.161451814768458
605488.SSE,2025-01-23,—,三接四阳,2025,False,False,-5.318543799772457,-3.555176336746302,-5.318543799772457,-3.2992036405005587,-3.555176336746302,-5.318543799772457,-4.891922639362911
605488.SSE,2025-02-21,—,二接三阳,2025,False,False,-10.4727041222346,-8.403628839726252,-10.4727041222346,-0.5252268024828921,-8.403628839726252,-10.4727041222346,-17.236988699665766
605500.SSE,2025-07-07,—,二接三阳,2025,True,False,20.361083249749235,10.03009027081243,10.03009027081243,20.361083249749235,20.361083249749235,22.567703109327987,32.39719157472416
605577.SSE,2023-11-24,—,二接三阳,2023,True,False,-10.000000000000009,-0.4975124378109541,-10.000000000000009,-10.000000000000009,-0.4975124378109541,-19.00497512437811,-19.00497512437811
605577.SSE,2023-12-05,—,二接三阳,2023,True,False,12.782316194137433,7.880826525708806,9.995194617972135,12.782316194137433,12.782316194137433,47.52522825564633,24.0749639596348
605577.SSE,2023-12-06,B3,三接四阳,2023,True,False,2.5338575797291263,0.0,10.00436871996504,2.5338575797291263,2.5338575797291263,34.11970292704236,12.800349497597207
605577.SSE,2023-12-13,—,二接三阴,2023,False,False,-0.1280409731113874,-1.6645326504481472,-0.1280409731113874,-1.728553137003841,-1.6645326504481472,-0.1280409731113874,-5.057618437900125
605580.SSE,2023-05-26,—,二接三阴,2023,True,False,8.941979522184296,1.774744027303754,10.03412969283277,8.941979522184296,8.941979522184296,-1.979522184300353,-1.979522184300353
605580.SSE,2023-05-29,—,三接四阴,2023,True,False,-0.992555831265507,7.009925558312657,9.987593052109167,-0.992555831265507,-0.992555831265507,-10.91811414392061,-10.91811414392061
605580.SSE,2024-03-18,—,二接三阳,2024,False,False,-14.759273875295964,-13.101815311760067,-14.759273875295964,-8.997632202052097,-13.101815311760067,-14.759273875295964,-16.969218626677197
605588.SSE,2023-06-02,—,二接三阳,2023,True,False,20.96328464271615,9.988156336360055,10.007895775759978,20.96328464271615,20.96328464271615,11.350177654954607,11.350177654954607
605588.SSE,2023-06-05,B3,三接四阳,2023,True,True,9.958729589090254,0.48447873676655817,9.958729589090254,9.958729589090254,9.958729589090254,1.2201686703750214,1.2201686703750214
605588.SSE,2023-10-10,—,二接三阴,2023,True,False,-4.6499408905818935,1.4054906081702345,-4.6499408905818935,-4.6499408905818935,-4.6499408905818935,-14.18626034414816,-14.18626034414816
605588.SSE,2023-10-11,—,三接四阴,2023,False,False,-21.984714592787192,-16.34822068306663,-21.984714592787192,-13.315022689276324,-16.34822068306663,-21.984714592787192,-23.0236446142823
605588.SSE,2025-03-31,—,二接三阳,2025,False,False,-3.5325632010714925,-12.489536246442313,-3.5325632010714925,-2.7624309392265123,-12.489536246442313,-3.5325632010714925,-11.250627825213455
605598.SSE,2025-12-26,—,二接三阴,2025,True,False,3.759729769422826,-3.598178880892944,3.759729769422826,3.759729769422826,-3.598178880892944,-0.23498311058892662,-0.23498311058892662
