代码,买入日,首板日,pre1%,pre2%,pre3%,pre3_exbase%,pd1%,pd2%,pd3%,p3阴阳,p3max%,p3min%
000002.SZSE,2024-09-30,2024-09-26,2.67,5.48,6.1,5.17,0.58,2.74,2.67,阳阳阳,2.74,0.58
000002.SZSE,2024-10-08,2024-09-26,2.67,5.48,6.1,5.17,0.58,2.74,2.67,阳阳阳,2.74,0.58
000006.SZSE,2024-10-22,2024-10-18,-4.01,-1.71,4.94,7.55,6.76,2.4,-4.01,阳阳阴,6.76,-4.01
000006.SZSE,2025-10-14,2025-10-10,5.44,16.04,14.09,10.88,-1.68,10.05,5.44,阴阳阳,10.05,-1.68
000008.SZSE,2024-03-12,2024-03-07,0.0,-0.93,-1.39,-0.93,-0.46,-0.93,0.0,阴阴阳,0.0,-0.93
000008.SZSE,2026-04-01,2026-03-30,1.12,-1.46,0.75,3.89,2.24,-2.55,1.12,阳阴阳,2.24,-2.55
000011.SZSE,2026-07-27,2026-07-23,0.59,0.0,3.02,1.65,3.02,-0.59,0.59,阳阴阳,3.02,-0.59
000017.SZSE,2026-08-25,2026-08-20,-2.65,-2.49,-2.17,0.67,0.33,0.17,-2.65,阳阳阴,0.33,-2.65
000020.SZSE,2023-07-10,2023-07-06,-5.31,4.18,3.28,14.52,-0.86,10.03,-5.31,阴阳阴,10.03,-5.31
000020.SZSE,2024-01-17,2024-01-15,0.0,1.79,-0.24,1.22,-2.0,1.79,0.0,阴阳阳,1.79,-2.0
000020.SZSE,2024-01-26,2024-01-24,2.49,12.75,4.61,-8.12,-7.22,10.01,2.49,阴阳阳,10.01,-7.22
000020.SZSE,2025-06-19,2025-06-17,1.21,-0.71,-1.57,-2.52,-0.86,-1.9,1.21,阴阴阳,1.21,-1.9
000025.SZSE,2024-10-29,2024-10-25,-1.74,-0.79,-0.91,4.98,-0.12,0.97,-1.74,阴阳阴,0.97,-1.74
000025.SZSE,2025-04-18,2025-04-16,-1.61,-1.0,1.34,6.03,2.36,0.62,-1.61,阳阳阴,2.36,-1.61
000026.SZSE,2025-07-01,2025-06-26,3.04,3.21,5.6,0.61,2.31,0.17,3.04,阳阳阳,3.04,0.17
000029.SZSE,2024-09-30,2024-09-26,0.93,5.79,8.17,9.35,2.25,4.81,0.93,阳阳阳,4.81,0.93
000032.SZSE,2024-10-08,2024-09-27,4.0,4.45,6.55,2.23,2.01,0.44,4.0,阳阳阳,4.0,0.44
000032.SZSE,2026-06-15,2026-06-11,0.64,3.58,-1.64,-5.01,-5.03,2.91,0.64,阴阳阳,2.91,-5.03
000032.SZSE,2026-06-16,2026-06-11,0.64,3.58,-1.64,-5.01,-5.03,2.91,0.64,阴阳阳,2.91,-5.03
000037.SZSE,2023-06-27,2023-06-21,-2.36,-3.01,-7.26,-0.22,-4.38,-0.67,-2.36,阴阴阴,-0.67,-4.38
000037.SZSE,2023-06-28,2023-06-21,-2.36,-3.01,-7.26,-0.22,-4.38,-0.67,-2.36,阴阴阴,-0.67,-4.38
000037.SZSE,2024-01-31,2024-01-29,-6.05,-2.21,0.65,7.6,2.92,4.1,-6.05,阳阳阴,4.1,-6.05
000042.SZSE,2024-03-13,2024-03-11,0.49,0.25,0.99,-1.94,0.74,-0.25,0.49,阳阴阳,0.74,-0.25
000045.SZSE,2024-10-29,2024-10-25,2.01,0.0,1.58,1.73,1.58,-1.98,2.01,阳阴阳,2.01,-1.98
000045.SZSE,2024-10-30,2024-10-25,2.01,0.0,1.58,1.73,1.58,-1.98,2.01,阳阴阳,2.01,-1.98
000048.SZSE,2026-06-11,2026-06-09,4.54,1.17,2.43,1.0,1.25,-3.23,4.54,阳阴阳,4.54,-3.23
000058.SZSE,2024-10-29,2024-10-25,1.51,1.23,3.36,3.86,2.1,-0.27,1.51,阳阴阳,2.1,-0.27
000058.SZSE,2024-10-30,2024-10-25,1.51,1.23,3.36,3.86,2.1,-0.27,1.51,阳阴阳,2.1,-0.27
000061.SZSE,2025-08-29,2025-08-27,1.61,1.75,1.61,0.0,-0.15,0.15,1.61,阴阳阳,1.61,-0.15
000062.SZSE,2024-08-20,2024-08-15,1.28,1.87,0.58,0.0,-1.27,0.58,1.28,阴阳阳,1.28,-1.27
000062.SZSE,2024-09-03,2024-08-30,3.81,14.17,25.6,33.12,10.02,9.98,3.81,阳阳阳,10.02,3.81
000062.SZSE,2024-09-04,2024-08-30,3.81,14.17,25.6,33.12,10.02,9.98,3.81,阳阳阳,10.02,3.81
000066.SZSE,2024-10-31,2024-10-29,4.74,5.58,2.76,7.96,-2.67,0.8,4.74,阴阳阳,4.74,-2.67
000066.SZSE,2024-11-01,2024-10-29,4.74,5.58,2.76,7.96,-2.67,0.8,4.74,阴阳阳,4.74,-2.67
000066.SZSE,2024-11-08,2024-11-06,6.06,-3.78,5.86,9.77,10.02,-9.28,6.06,阳阴阳,10.02,-9.28
000066.SZSE,2026-05-07,2026-04-30,1.07,7.45,9.54,10.13,1.95,6.32,1.07,阳阳阳,6.32,1.07
000068.SZSE,2024-01-26,2024-01-24,0.98,-9.01,0.0,9.04,9.9,-9.89,0.98,阳阴阳,9.9,-9.89
000068.SZSE,2024-01-29,2024-01-24,0.98,-9.01,0.0,9.04,9.9,-9.89,0.98,阳阴阳,9.9,-9.89
000069.SZSE,2024-10-08,2024-09-26,4.78,8.42,8.42,5.03,0.0,3.47,4.78,阳阳阳,4.78,0.0
000070.SZSE,2024-01-24,2024-01-22,0.28,0.42,-1.23,-3.1,-1.65,0.14,0.28,阴阳阳,0.28,-1.65
000070.SZSE,2025-11-25,2025-11-21,3.26,0.32,-1.76,-2.54,-2.07,-2.85,3.26,阴阴阳,3.26,-2.85
000070.SZSE,2025-11-26,2025-11-21,3.26,0.32,-1.76,-2.54,-2.07,-2.85,3.26,阴阴阳,3.26,-2.85
000070.SZSE,2026-02-12,2026-02-10,2.45,3.46,8.36,16.35,4.73,0.99,2.45,阳阳阳,4.73,0.99
000099.SZSE,2024-04-01,2024-03-27,-1.17,-5.75,-11.54,-10.69,-6.14,-4.63,-1.17,阴阴阴,-1.17,-6.14
000099.SZSE,2024-04-19,2024-04-17,0.84,10.94,7.94,4.01,-2.71,10.01,0.84,阴阳阳,10.01,-2.71
000099.SZSE,2024-07-31,2024-07-29,1.43,2.34,1.78,-2.78,-0.55,0.89,1.43,阴阳阳,1.43,-0.55
000100.SZSE,2024-11-01,2024-10-30,-1.35,-2.01,3.06,1.83,5.18,-0.67,-1.35,阳阴阴,5.18,-1.35
000151.SZSE,2024-01-29,2024-01-24,0.84,-5.77,-6.77,-8.95,-1.06,-6.55,0.84,阴阴阳,0.84,-6.55
000158.SZSE,2024-10-10,2024-09-30,-2.91,-0.75,9.2,4.4,10.02,2.24,-2.91,阳阳阴,10.02,-2.91
000402.SZSE,2026-05-06,2026-04-29,-0.76,-1.13,-2.24,-4.0,-1.12,-0.38,-0.76,阴阴阴,-0.38,-1.12
000409.SZSE,2023-12-13,2023-12-11,1.49,2.25,2.89,-1.22,0.63,0.75,1.49,阳阳阳,1.49,0.63
000409.SZSE,2023-12-14,2023-12-11,1.49,2.25,2.89,-1.22,0.63,0.75,1.49,阳阳阳,1.49,0.63
000409.SZSE,2025-03-05,2025-03-03,-6.08,-4.61,-4.42,1.37,0.2,1.57,-6.08,阳阳阴,1.57,-6.08
000417.SZSE,2026-05-20,2026-05-18,-4.16,-0.97,0.0,5.97,0.98,3.32,-4.16,阳阳阴,3.32,-4.16
000417.SZSE,2026-05-21,2026-05-18,-4.16,-0.97,0.0,5.97,0.98,3.32,-4.16,阳阳阴,3.32,-4.16
000420.SZSE,2025-05-16,2025-05-14,-2.1,1.36,0.27,2.42,-1.08,3.53,-2.1,阴阳阴,3.53,-2.1
000421.SZSE,2023-12-12,2023-12-08,-4.17,-1.71,-1.2,4.9,0.52,2.56,-4.17,阳阳阴,2.56,-4.17
000421.SZSE,2023-12-13,2023-12-08,-4.17,-1.71,-1.2,4.9,0.52,2.56,-4.17,阳阳阴,2.56,-4.17
000421.SZSE,2024-07-18,2024-07-16,-4.67,-1.67,1.08,8.59,2.8,3.14,-4.67,阳阳阴,3.14,-4.67
000421.SZSE,2024-07-31,2024-07-29,-2.19,3.36,-6.99,-0.98,-10.02,5.67,-2.19,阴阳阴,5.67,-10.02
000421.SZSE,2025-01-15,2024-12-26,-6.36,-9.24,-6.21,0.64,3.34,-3.08,-6.36,阳阴阴,3.34,-6.36
000428.SZSE,2026-07-29,2026-07-27,-1.94,0.66,0.33,0.32,-0.33,2.65,-1.94,阴阳阴,2.65,-1.94
000428.SZSE,2026-07-30,2026-07-27,-1.94,0.66,0.33,0.32,-0.33,2.65,-1.94,阴阳阴,2.65,-1.94
000503.SZSE,2024-10-09,2024-09-30,6.93,8.85,11.13,6.15,2.09,1.79,6.93,阳阳阳,6.93,1.79
000504.SZSE,2024-05-10,2024-05-08,1.65,1.65,11.85,13.85,10.04,0.0,1.65,阳阳阳,10.04,0.0
000505.SZSE,2026-08-19,2026-08-17,-0.71,-2.09,-1.92,-3.25,0.17,-1.4,-0.71,阳阴阴,0.17,-1.4
000506.SZSE,2024-04-08,2024-04-02,0.49,0.73,3.24,5.37,2.49,0.24,0.49,阳阳阳,2.49,0.24
000506.SZSE,2026-01-21,2026-01-19,-1.89,1.4,2.11,6.78,0.7,3.35,-1.89,阳阳阴,3.35,-1.89
000506.SZSE,2026-01-28,2026-01-26,-0.1,0.78,10.87,22.1,10.02,0.88,-0.1,阳阳阴,10.02,-0.1
000506.SZSE,2026-01-29,2026-01-26,-0.1,0.78,10.87,22.1,10.02,0.88,-0.1,阳阳阴,10.02,-0.1
000509.SZSE,2024-08-13,2024-08-08,-0.41,1.68,-0.41,-0.41,-2.06,2.1,-0.41,阴阳阴,2.1,-2.06
000509.SZSE,2025-10-23,2025-10-21,2.61,0.32,-1.26,-3.16,-1.57,-2.24,2.61,阴阴阳,2.61,-2.24
000509.SZSE,2026-05-27,2026-05-25,3.16,2.35,-1.01,-3.55,-3.28,-0.78,3.16,阴阴阳,3.16,-3.28
000509.SZSE,2026-05-28,2026-05-25,3.16,2.35,-1.01,-3.55,-3.28,-0.78,3.16,阴阴阳,3.16,-3.28
000510.SZSE,2025-04-15,2025-04-11,6.98,7.28,3.51,-12.9,-3.51,0.28,6.98,阴阳阳,6.98,-3.51
000510.SZSE,2025-04-16,2025-04-11,6.98,7.28,3.51,-12.9,-3.51,0.28,6.98,阴阳阳,6.98,-3.51
000510.SZSE,2025-11-27,2025-11-25,0.31,-9.76,-7.8,-10.67,2.17,-10.04,0.31,阳阴阳,2.17,-10.04
000510.SZSE,2026-05-26,2026-05-22,1.34,-1.09,-1.74,-4.49,-0.65,-2.4,1.34,阴阴阳,1.34,-2.4
000510.SZSE,2026-06-15,2026-06-11,-4.7,-4.59,-13.46,-12.64,-9.3,0.12,-4.7,阴阳阴,0.12,-9.3
000514.SZSE,2024-05-23,2024-05-21,-5.75,2.17,7.41,16.96,5.13,8.4,-5.75,阳阳阴,8.4,-5.75
000514.SZSE,2025-07-09,2025-07-07,0.65,1.74,3.54,2.65,1.77,1.09,0.65,阳阳阳,1.77,0.65
000514.SZSE,2025-07-10,2025-07-07,0.65,1.74,3.54,2.65,1.77,1.09,0.65,阳阳阳,1.77,0.65
000518.SZSE,2026-05-22,2026-05-20,-4.02,0.65,0.98,5.56,0.33,4.87,-4.02,阳阳阴,4.87,-4.02
000518.SZSE,2026-05-25,2026-05-20,-4.02,0.65,0.98,5.56,0.33,4.87,-4.02,阳阳阴,4.87,-4.02
000520.SZSE,2024-10-30,2024-10-25,0.51,4.19,14.7,22.6,10.09,3.66,0.51,阳阳阳,10.09,0.51
000520.SZSE,2025-05-15,2025-05-13,2.66,2.43,3.81,0.89,1.35,-0.22,2.66,阳阴阳,2.66,-0.22
000526.SZSE,2023-05-30,2023-05-26,1.58,0.04,1.41,-1.68,1.37,-1.52,1.58,阳阴阳,1.58,-1.52
000530.SZSE,2024-11-08,2024-11-06,0.64,3.04,3.04,3.28,0.0,2.39,0.64,阳阳阳,2.39,0.0
000530.SZSE,2025-12-03,2025-12-01,0.65,0.82,-0.32,-1.13,-1.13,0.16,0.65,阴阳阳,0.65,-1.13
000532.SZSE,2025-02-06,2025-01-27,5.81,6.24,4.48,-2.56,-1.65,0.4,5.81,阴阳阳,5.81,-1.65
000533.SZSE,2025-01-09,2025-01-07,-7.77,1.5,11.72,33.21,10.07,10.04,-7.77,阳阳阴,10.07,-7.77
000533.SZSE,2025-11-07,2025-11-05,0.42,4.64,4.79,0.7,0.15,4.2,0.42,阳阳阳,4.2,0.15
000533.SZSE,2026-02-04,2026-02-02,-2.78,-5.52,-8.01,-9.83,-2.63,-2.82,-2.78,阴阴阴,-2.63,-2.82
000533.SZSE,2026-03-09,2026-03-04,-1.84,-4.28,-5.41,-1.64,-1.18,-2.48,-1.84,阴阴阴,-1.18,-2.48
000533.SZSE,2026-07-27,2026-07-23,-0.75,0.77,-1.0,-3.75,-1.76,1.53,-0.75,阴阳阴,1.53,-1.76
000533.SZSE,2026-07-28,2026-07-23,-0.75,0.77,-1.0,-3.75,-1.76,1.53,-0.75,阴阳阴,1.53,-1.76
000536.SZSE,2023-09-06,2023-09-04,-4.81,4.76,7.03,14.29,2.16,10.05,-4.81,阳阳阴,10.05,-4.81
000536.SZSE,2023-09-07,2023-09-04,-4.81,4.76,7.03,14.29,2.16,10.05,-4.81,阳阳阴,10.05,-4.81
000536.SZSE,2023-09-14,2023-09-12,-8.78,0.34,10.23,32.92,9.85,10.0,-8.78,阳阳阴,10.0,-8.78
000536.SZSE,2023-09-28,2023-09-26,-0.55,-3.49,-0.83,-3.22,2.76,-2.96,-0.55,阳阴阴,2.76,-2.96
000536.SZSE,2023-10-09,2023-09-26,-0.55,-3.49,-0.83,-3.22,2.76,-2.96,-0.55,阳阴阴,2.76,-2.96
000536.SZSE,2024-10-09,2024-09-30,3.07,5.96,6.34,5.4,0.35,2.81,3.07,阳阳阳,3.07,0.35
000536.SZSE,2024-10-29,2024-10-25,-2.82,-7.53,-6.27,-0.56,1.36,-4.84,-2.82,阳阴阴,1.36,-4.84
000537.SZSE,2026-03-12,2026-03-10,1.18,3.52,4.33,3.8,0.78,2.31,1.18,阳阳阳,2.31,0.78
000537.SZSE,2026-03-13,2026-03-10,1.18,3.52,4.33,3.8,0.78,2.31,1.18,阳阳阳,2.31,0.78
000539.SZSE,2026-05-29,2026-05-27,-1.33,2.14,3.57,4.81,1.4,3.52,-1.33,阳阳阴,3.52,-1.33
000539.SZSE,2026-06-01,2026-05-27,-1.33,2.14,3.57,4.81,1.4,3.52,-1.33,阳阳阴,3.52,-1.33
000546.SZSE,2025-11-19,2025-11-17,-2.89,4.39,2.33,6.72,-1.97,7.5,-2.89,阴阳阴,7.5,-2.89
000546.SZSE,2025-11-20,2025-11-17,-2.89,4.39,2.33,6.72,-1.97,7.5,-2.89,阴阳阴,7.5,-2.89
000547.SZSE,2025-11-18,2025-11-14,0.83,0.94,0.23,-2.19,-0.7,0.12,0.83,阴阳阳,0.83,-0.7
000547.SZSE,2025-11-19,2025-11-14,0.83,0.94,0.23,-2.19,-0.7,0.12,0.83,阴阳阳,0.83,-0.7
000547.SZSE,2025-12-02,2025-11-28,-3.23,-12.91,-9.97,2.34,3.37,-10.0,-3.23,阳阴阴,3.37,-10.0
000548.SZSE,2024-11-26,2024-11-22,1.15,2.52,3.94,2.55,1.38,1.36,1.15,阳阳阳,1.38,1.15
000550.SZSE,2023-07-19,2023-07-17,-0.42,-2.66,-2.12,1.13,0.55,-2.25,-0.42,阳阴阴,0.55,-2.25
000551.SZSE,2024-10-09,2024-09-30,3.26,5.56,7.11,6.74,1.47,2.22,3.26,阳阳阳,3.26,1.47
000551.SZSE,2025-12-25,2025-12-22,1.15,1.97,0.35,-3.01,-1.59,0.81,1.15,阴阳阳,1.15,-1.59
000553.SZSE,2024-10-25,2024-10-23,8.3,19.05,20.0,7.99,0.8,9.92,8.3,阳阳阳,9.92,0.8
000554.SZSE,2026-03-04,2026-03-02,2.99,1.47,2.75,9.71,1.26,-1.47,2.99,阳阴阳,2.99,-1.47
000555.SZSE,2025-10-31,2025-10-29,0.13,2.63,6.74,17.3,4.0,2.5,0.13,阳阳阳,4.0,0.13
000557.SZSE,2024-11-11,2024-11-07,1.57,5.94,6.38,2.62,0.41,4.3,1.57,阳阳阳,4.3,0.41
000559.SZSE,2025-05-12,2025-05-08,3.26,7.23,9.42,8.0,2.04,3.85,3.26,阳阳阳,3.85,2.04
000559.SZSE,2025-09-17,2025-09-15,-1.26,-0.38,-1.75,-0.13,-1.38,0.89,-1.26,阴阳阴,0.89,-1.38
000559.SZSE,2025-09-18,2025-09-15,-1.26,-0.38,-1.75,-0.13,-1.38,0.89,-1.26,阴阳阴,0.89,-1.38
000560.SZSE,2024-04-30,2024-04-26,0.0,-1.26,-2.48,-4.27,-1.24,-1.26,0.0,阴阴阳,0.0,-1.26
000560.SZSE,2024-05-21,2024-05-16,7.59,11.06,9.55,12.0,-1.36,3.23,7.59,阴阳阳,7.59,-1.36
000560.SZSE,2024-09-30,2024-09-26,-1.75,1.81,-0.35,4.38,-2.13,3.62,-1.75,阴阳阴,3.62,-2.13
000560.SZSE,2024-10-08,2024-09-26,-1.75,1.81,-0.35,4.38,-2.13,3.62,-1.75,阴阳阴,3.62,-2.13
000560.SZSE,2026-09-01,2026-08-28,0.0,0.42,10.6,7.62,10.14,0.42,0.0,阳阳阳,10.14,0.0
000561.SZSE,2024-10-29,2024-10-25,-0.37,1.52,-0.5,3.86,-1.98,1.89,-0.37,阴阳阴,1.89,-1.98
000561.SZSE,2025-08-14,2025-08-12,-0.48,-0.48,-1.53,0.1,-1.05,0.0,-0.48,阴阳阴,0.0,-1.05
000564.SZSE,2024-11-07,2024-11-05,-2.0,0.51,0.51,2.56,0.0,2.56,-2.0,阳阳阴,2.56,-2.0
000564.SZSE,2024-12-02,2024-11-28,3.0,-0.36,-7.09,-10.7,-6.76,-3.26,3.0,阴阴阳,3.0,-6.76
000565.SZSE,2025-04-30,2025-04-25,0.39,0.0,0.78,0.79,0.78,-0.39,0.39,阳阴阳,0.78,-0.39
000565.SZSE,2025-05-16,2025-05-14,5.72,13.23,20.21,8.97,6.16,7.1,5.72,阳阳阳,7.1,5.72
000566.SZSE,2024-09-11,2024-09-06,2.34,2.0,2.34,-1.97,0.33,-0.33,2.34,阳阴阳,2.34,-0.33
000566.SZSE,2024-11-07,2024-11-05,2.11,-8.14,-0.61,-4.43,8.2,-10.04,2.11,阳阴阳,8.2,-10.04
000566.SZSE,2024-11-08,2024-11-05,2.11,-8.14,-0.61,-4.43,8.2,-10.04,2.11,阳阴阳,8.2,-10.04
000566.SZSE,2025-06-04,2025-05-30,5.7,0.54,2.96,-10.24,2.41,-4.88,5.7,阳阴阳,5.7,-4.88
000566.SZSE,2025-11-18,2025-11-14,0.33,-0.65,-3.15,-0.97,-2.52,-0.97,0.33,阴阴阳,0.33,-2.52
000566.SZSE,2025-12-23,2025-12-19,-2.23,-7.45,-11.44,-11.68,-4.31,-5.34,-2.23,阴阴阴,-2.23,-5.34
000566.SZSE,2026-07-01,2026-06-29,-10.02,-8.02,1.23,23.72,10.05,2.23,-10.02,阳阳阴,10.05,-10.02
000566.SZSE,2026-07-02,2026-06-29,-10.02,-8.02,1.23,23.72,10.05,2.23,-10.02,阳阳阴,10.05,-10.02
000567.SZSE,2024-09-26,2024-09-24,-1.73,-4.01,-2.57,1.76,1.5,-2.32,-1.73,阳阴阴,1.5,-2.32
000568.SZSE,2024-09-30,2024-09-26,1.67,9.89,10.95,8.99,0.97,8.08,1.67,阳阳阳,8.08,0.97
000568.SZSE,2024-10-08,2024-09-26,1.67,9.89,10.95,8.99,0.97,8.08,1.67,阳阳阳,8.08,0.97
000571.SZSE,2024-03-18,2024-03-14,-0.85,0.43,3.1,2.62,2.65,1.29,-0.85,阳阳阴,2.65,-0.85
000571.SZSE,2024-03-19,2024-03-14,-0.85,0.43,3.1,2.62,2.65,1.29,-0.85,阳阳阴,2.65,-0.85
000572.SZSE,2023-07-31,2023-07-27,-2.96,1.43,-0.7,-0.23,-2.1,4.52,-2.96,阴阳阴,4.52,-2.96
000572.SZSE,2023-08-01,2023-07-27,-2.96,1.43,-0.7,-0.23,-2.1,4.52,-2.96,阴阳阴,4.52,-2.96
000572.SZSE,2023-11-14,2023-11-10,-1.98,0.0,0.9,4.6,0.9,2.02,-1.98,阳阳阴,2.02,-1.98
000572.SZSE,2024-10-31,2024-10-29,3.37,8.13,10.83,11.24,2.5,4.61,3.37,阳阳阳,4.61,2.5
000572.SZSE,2025-11-04,2025-10-31,-1.8,0.33,4.9,7.76,4.55,2.17,-1.8,阳阳阴,4.55,-1.8
000572.SZSE,2025-11-05,2025-10-31,-1.8,0.33,4.9,7.76,4.55,2.17,-1.8,阳阳阴,4.55,-1.8
000573.SZSE,2024-11-25,2024-11-21,4.64,5.4,5.02,-2.78,-0.36,0.72,4.64,阴阳阳,4.64,-0.36
000573.SZSE,2025-01-07,2025-01-03,4.35,6.48,5.76,4.18,-0.68,2.05,4.35,阴阳阳,4.35,-0.68
000573.SZSE,2025-01-08,2025-01-03,4.35,6.48,5.76,4.18,-0.68,2.05,4.35,阴阳阳,4.35,-0.68
000573.SZSE,2025-02-26,2025-02-24,-1.94,-2.42,-0.25,-0.72,2.22,-0.48,-1.94,阳阴阴,2.22,-1.94
000586.SZSE,2024-02-29,2024-02-27,-4.32,0.23,10.2,20.57,9.95,4.75,-4.32,阳阳阴,9.95,-4.32
000592.SZSE,2024-10-31,2024-10-29,6.06,11.11,12.3,4.21,1.07,4.76,6.06,阳阳阳,6.06,1.07
000592.SZSE,2025-11-04,2025-10-31,6.62,17.3,29.06,33.04,10.02,10.02,6.62,阳阳阳,10.02,6.62
000592.SZSE,2025-11-05,2025-10-31,6.62,17.3,29.06,33.04,10.02,10.02,6.62,阳阳阳,10.02,6.62
000593.SZSE,2025-10-30,2025-10-24,3.39,4.21,10.46,9.74,6.0,0.79,3.39,阳阳阳,6.0,0.79
000593.SZSE,2026-01-14,2026-01-12,8.01,14.84,16.16,10.39,1.15,6.32,8.01,阳阳阳,8.01,1.15
000593.SZSE,2026-08-05,2026-07-31,-7.74,-10.43,-10.94,-5.28,-0.58,-2.91,-7.74,阴阴阴,-0.58,-7.74
000595.SZSE,2024-01-04,2023-12-29,3.29,2.17,-2.69,-6.37,-4.75,-1.08,3.29,阴阴阳,3.29,-4.75
000595.SZSE,2024-07-30,2024-07-26,-2.83,1.18,2.39,5.06,1.19,4.13,-2.83,阳阳阴,4.13,-2.83
000595.SZSE,2024-09-24,2024-09-20,1.28,11.47,13.29,16.38,1.64,10.06,1.28,阳阳阳,10.06,1.28
000595.SZSE,2024-09-25,2024-09-20,1.28,11.47,13.29,16.38,1.64,10.06,1.28,阳阳阳,10.06,1.28
000595.SZSE,2024-10-15,2024-10-11,0.24,1.92,2.91,9.7,0.97,1.68,0.24,阳阳阳,1.68,0.24
000595.SZSE,2025-03-21,2025-03-19,-2.08,-2.23,-2.08,4.16,0.16,-0.16,-2.08,阳阴阴,0.16,-2.08
000595.SZSE,2026-07-24,2026-07-22,-2.98,-3.59,-6.56,-4.86,-3.07,-0.63,-2.98,阴阴阴,-0.63,-3.07
000595.SZSE,2026-08-04,2026-07-31,-8.02,-8.87,-16.16,-11.7,-7.99,-0.92,-8.02,阴阴阴,-0.92,-8.02
000595.SZSE,2026-08-05,2026-07-31,-8.02,-8.87,-16.16,-11.7,-7.99,-0.92,-8.02,阴阴阴,-0.92,-8.02
000596.SZSE,2024-09-30,2024-09-26,0.22,4.74,5.55,4.68,0.78,4.51,0.22,阳阳阳,4.51,0.22
000596.SZSE,2024-10-08,2024-09-26,0.22,4.74,5.55,4.68,0.78,4.51,0.22,阳阳阳,4.51,0.22
000597.SZSE,2024-08-09,2024-08-06,-1.71,0.0,0.5,5.41,0.5,1.74,-1.71,阳阳阴,1.74,-1.71
000599.SZSE,2025-10-28,2025-10-24,-1.03,2.68,5.5,7.0,2.75,3.75,-1.03,阳阳阴,3.75,-1.03
000599.SZSE,2025-10-29,2025-10-24,-1.03,2.68,5.5,7.0,2.75,3.75,-1.03,阳阳阴,3.75,-1.03
000601.SZSE,2025-03-21,2025-03-19,2.11,3.81,3.56,-2.73,-0.24,1.67,2.11,阴阳阳,2.11,-0.24
000601.SZSE,2025-07-08,2025-07-04,1.41,-1.37,3.91,2.68,5.35,-2.73,1.41,阳阴阳,5.35,-2.73
000601.SZSE,2026-03-20,2026-03-18,-2.86,-5.26,-12.7,-9.87,-7.85,-2.48,-2.86,阴阴阴,-2.48,-7.85
000601.SZSE,2026-05-14,2026-05-12,1.24,2.23,5.6,10.5,3.3,0.97,1.24,阳阳阳,3.3,0.97
000603.SZSE,2026-01-27,2026-01-23,1.78,11.53,16.15,13.75,4.14,9.58,1.78,阳阳阳,9.58,1.78
000603.SZSE,2026-07-23,2026-07-21,-1.58,-8.8,-10.47,-12.79,-1.82,-7.33,-1.58,阴阴阴,-1.58,-7.33
000605.SZSE,2024-11-07,2024-11-05,1.1,-1.08,-0.9,-2.15,0.18,-2.15,1.1,阳阴阳,1.1,-2.15
000605.SZSE,2024-11-08,2024-11-05,1.1,-1.08,-0.9,-2.15,0.18,-2.15,1.1,阳阴阳,1.1,-2.15
000605.SZSE,2024-11-20,2024-11-18,-0.36,9.66,-1.06,4.59,-9.78,10.05,-0.36,阴阳阴,10.05,-9.78
000605.SZSE,2024-11-21,2024-11-18,-0.36,9.66,-1.06,4.59,-9.78,10.05,-0.36,阴阳阴,10.05,-9.78
000607.SZSE,2025-07-10,2025-07-08,0.22,2.74,3.69,0.22,0.92,2.51,0.22,阳阳阳,2.51,0.22
000607.SZSE,2025-07-11,2025-07-08,0.22,2.74,3.69,0.22,0.92,2.51,0.22,阳阳阳,2.51,0.22
000608.SZSE,2024-09-26,2024-09-24,-0.64,-0.64,2.65,4.0,3.31,0.0,-0.64,阳阳阴,3.31,-0.64
000608.SZSE,2024-11-11,2024-11-07,2.88,8.7,7.3,0.83,-1.29,5.65,2.88,阴阳阳,5.65,-1.29
000619.SZSE,2024-12-03,2024-11-29,2.94,1.81,-0.18,2.83,-1.96,-1.09,2.94,阴阴阳,2.94,-1.96
000619.SZSE,2024-12-11,2024-12-09,3.79,-2.08,-11.91,-6.63,-10.04,-5.65,3.79,阴阴阳,3.79,-10.04
000620.SZSE,2024-05-24,2024-05-21,2.79,4.55,8.24,4.68,3.53,1.7,2.79,阳阳阳,3.53,1.7
000620.SZSE,2024-11-07,2024-11-05,-1.62,-3.7,0.55,8.82,4.42,-2.12,-1.62,阳阴阴,4.42,-2.12
000620.SZSE,2025-11-05,2025-11-03,-10.14,-18.42,-22.26,-4.83,-4.7,-9.21,-10.14,阴阴阴,-4.7,-10.14
000620.SZSE,2025-11-06,2025-11-03,-10.14,-18.42,-22.26,-4.83,-4.7,-9.21,-10.14,阴阴阴,-4.7,-10.14
000626.SZSE,2024-10-24,2024-10-22,0.59,2.0,1.19,1.0,-0.8,1.4,0.59,阴阳阳,1.4,-0.8
000626.SZSE,2025-04-14,2025-04-10,4.86,1.64,-8.49,-11.59,-9.96,-3.07,4.86,阴阴阳,4.86,-9.96
000626.SZSE,2025-10-16,2025-10-14,-1.04,0.91,1.52,2.12,0.61,1.97,-1.04,阳阳阴,1.97,-1.04
000626.SZSE,2025-10-17,2025-10-14,-1.04,0.91,1.52,2.12,0.61,1.97,-1.04,阳阳阴,1.97,-1.04
000628.SZSE,2024-02-21,2024-02-08,-2.2,5.46,-2.36,-5.58,-7.42,7.83,-2.2,阴阳阴,7.83,-7.42
000628.SZSE,2024-10-16,2024-10-14,-9.99,-9.0,-9.33,10.81,-0.37,1.11,-9.99,阴阳阴,1.11,-9.99
000631.SZSE,2023-10-24,2023-10-20,1.89,-0.37,-1.82,-3.3,-1.46,-2.22,1.89,阴阴阳,1.89,-2.22
000631.SZSE,2023-10-25,2023-10-20,1.89,-0.37,-1.82,-3.3,-1.46,-2.22,1.89,阴阴阳,1.89,-2.22
000636.SZSE,2024-02-08,2024-02-06,-5.6,-11.38,-11.81,-10.65,-0.48,-6.13,-5.6,阴阴阴,-0.48,-6.13
000637.SZSE,2025-06-23,2025-06-19,-0.98,1.51,1.51,4.9,0.0,2.52,-0.98,阳阳阴,2.52,-0.98
000655.SZSE,2025-07-10,2025-07-08,0.14,0.55,1.1,2.95,0.55,0.41,0.14,阳阳阳,0.55,0.14
000655.SZSE,2025-07-11,2025-07-08,0.14,0.55,1.1,2.95,0.55,0.41,0.14,阳阳阳,0.55,0.14
000656.SZSE,2023-07-07,2023-07-05,0.82,10.81,19.42,14.02,7.77,9.91,0.82,阳阳阳,9.91,0.82
000656.SZSE,2023-07-25,2023-07-21,-0.71,1.46,-1.42,0.72,-2.84,2.19,-0.71,阴阳阴,2.19,-2.84
000656.SZSE,2026-07-06,2026-07-02,-1.83,-6.96,-8.55,-11.38,-1.71,-5.22,-1.83,阴阴阴,-1.71,-5.22
000659.SZSE,2024-02-28,2024-02-26,3.33,4.49,6.29,7.14,1.71,1.12,3.33,阳阳阳,3.33,1.12
000661.SZSE,2024-10-08,2024-09-27,7.34,9.09,13.74,5.7,4.26,1.63,7.34,阳阳阳,7.34,1.63
000663.SZSE,2025-11-21,2025-11-19,-10.0,-0.98,2.66,16.73,3.68,10.02,-10.0,阳阳阴,10.02,-10.0
000665.SZSE,2025-03-10,2025-03-06,-0.46,3.08,3.57,-1.35,0.48,3.55,-0.46,阳阳阴,3.55,-0.46
000668.SZSE,2024-02-21,2024-02-19,1.8,-8.41,-17.61,-27.13,-10.04,-10.03,1.8,阴阴阳,1.8,-10.04
000668.SZSE,2025-04-18,2025-04-16,-4.12,5.39,5.16,12.83,-0.22,9.91,-4.12,阴阳阴,9.91,-4.12
000668.SZSE,2026-07-27,2026-07-23,-2.86,-7.54,-16.76,-17.28,-9.98,-4.81,-2.86,阴阴阴,-2.86,-9.98
000670.SZSE,2024-11-12,2024-11-08,2.12,0.0,4.81,0.15,4.81,-2.07,2.12,阳阴阳,4.81,-2.07
000670.SZSE,2025-04-15,2025-04-11,1.62,5.02,0.53,-10.9,-4.27,3.35,1.62,阴阳阳,3.35,-4.27
000676.SZSE,2024-10-09,2024-09-30,2.3,4.86,12.13,9.78,6.93,2.5,2.3,阳阳阳,6.93,2.3
000676.SZSE,2026-07-17,2026-07-15,0.19,-3.56,-0.58,-0.97,3.09,-3.75,0.19,阳阴阳,3.09,-3.75
000678.SZSE,2023-06-30,2023-06-28,-1.14,0.83,2.89,6.24,2.04,2.0,-1.14,阳阳阴,2.04,-1.14
000678.SZSE,2023-07-03,2023-06-28,-1.14,0.83,2.89,6.24,2.04,2.0,-1.14,阳阳阴,2.04,-1.14
000678.SZSE,2024-08-22,2024-08-20,0.0,-1.57,1.08,0.8,2.69,-1.57,0.0,阳阴阳,2.69,-1.57
000678.SZSE,2025-03-12,2025-03-10,2.83,6.3,9.0,16.62,2.54,3.37,2.83,阳阳阳,3.37,2.54
000678.SZSE,2025-03-13,2025-03-10,2.83,6.3,9.0,16.62,2.54,3.37,2.83,阳阳阳,3.37,2.54
000678.SZSE,2025-03-19,2025-03-17,-6.72,2.62,12.85,33.08,9.97,10.02,-6.72,阳阳阴,10.02,-6.72
000678.SZSE,2025-03-20,2025-03-17,-6.72,2.62,12.85,33.08,9.97,10.02,-6.72,阳阳阴,10.02,-6.72
000679.SZSE,2024-07-05,2024-07-03,4.2,4.64,2.9,-3.64,-1.66,0.42,4.2,阴阳阳,4.2,-1.66
000679.SZSE,2024-11-22,2024-11-20,-0.23,-9.63,-7.35,2.08,2.52,-9.43,-0.23,阳阴阴,2.52,-9.43
000679.SZSE,2025-01-15,2025-01-13,-6.07,-9.4,-8.26,-4.23,1.26,-3.55,-6.07,阳阴阴,1.26,-6.07
000679.SZSE,2026-06-18,2026-06-16,-1.3,1.51,0.66,0.82,-0.83,2.84,-1.3,阴阳阴,2.84,-1.3
000681.SZSE,2024-12-13,2024-12-11,-6.75,2.57,12.82,31.92,9.99,9.99,-6.75,阳阳阴,9.99,-6.75
000681.SZSE,2024-12-16,2024-12-11,-6.75,2.57,12.82,31.92,9.99,9.99,-6.75,阳阳阴,9.99,-6.75
000691.SZSE,2024-04-24,2024-04-22,-3.25,-0.91,3.48,-3.7,4.43,2.42,-3.25,阳阳阴,4.43,-3.25
000695.SZSE,2024-11-14,2024-11-12,0.9,-0.39,1.81,1.72,2.21,-1.28,0.9,阳阴阳,2.21,-1.28
000700.SZSE,2023-10-16,2023-10-12,1.15,-0.57,1.59,3.43,2.17,-1.7,1.15,阳阴阳,2.17,-1.7
000700.SZSE,2026-06-04,2026-06-02,-3.39,-6.16,-9.87,-11.26,-3.95,-2.88,-3.39,阴阴阴,-2.88,-3.95
000702.SZSE,2024-05-22,2024-05-20,-2.1,-4.9,-10.56,0.42,-5.95,-2.86,-2.1,阴阴阴,-2.1,-5.95
000702.SZSE,2024-05-23,2024-05-20,-2.1,-4.9,-10.56,0.42,-5.95,-2.86,-2.1,阴阴阴,-2.1,-5.95
000702.SZSE,2024-10-29,2024-10-25,-0.88,-0.75,-5.03,5.26,-4.31,0.13,-0.88,阴阳阴,0.13,-4.31
000705.SZSE,2025-07-18,2025-07-16,-1.36,0.23,0.69,3.27,0.46,1.61,-1.36,阳阳阴,1.61,-1.36
000710.SZSE,2023-11-22,2023-11-20,1.41,0.09,0.09,-1.11,0.0,-1.3,1.41,阳阴阳,1.41,-1.3
000710.SZSE,2023-11-23,2023-11-20,1.41,0.09,0.09,-1.11,0.0,-1.3,1.41,阳阴阳,1.41,-1.3
000710.SZSE,2024-03-20,2024-03-18,-0.61,-1.21,-2.51,1.11,-1.31,-0.61,-0.61,阴阴阴,-0.61,-1.31
000710.SZSE,2024-03-21,2024-03-18,-0.61,-1.21,-2.51,1.11,-1.31,-0.61,-0.61,阴阴阴,-0.61,-1.31
000710.SZSE,2025-02-11,2025-02-07,3.56,6.47,7.65,3.95,1.11,2.81,3.56,阳阳阳,3.56,1.11
000712.SZSE,2024-10-08,2024-09-27,7.36,9.0,19.9,14.75,10.0,1.53,7.36,阳阳阳,10.0,1.53
000712.SZSE,2024-11-28,2024-11-26,2.2,-3.79,-3.51,-6.66,0.29,-5.86,2.2,阳阴阳,2.2,-5.86
000712.SZSE,2024-11-29,2024-11-26,2.2,-3.79,-3.51,-6.66,0.29,-5.86,2.2,阳阴阳,2.2,-5.86
000712.SZSE,2026-08-31,2026-08-26,-2.21,3.26,3.63,7.09,0.35,5.59,-2.21,阳阳阴,5.59,-2.21
000713.SZSE,2025-04-09,2025-04-07,3.82,3.38,5.61,0.86,2.16,-0.42,3.82,阳阴阳,3.82,-0.42
000715.SZSE,2024-01-10,2024-01-08,-1.42,1.74,1.87,5.61,0.13,3.21,-1.42,阳阳阴,3.21,-1.42
000715.SZSE,2024-01-11,2024-01-08,-1.42,1.74,1.87,5.61,0.13,3.21,-1.42,阳阳阴,3.21,-1.42
000716.SZSE,2024-11-05,2024-11-01,-1.33,-0.67,-1.11,6.38,-0.45,0.67,-1.33,阴阳阴,0.67,-1.33
000716.SZSE,2024-12-02,2024-11-28,0.6,6.04,16.61,6.76,9.97,5.41,0.6,阳阳阳,9.97,0.6
000716.SZSE,2024-12-03,2024-11-28,0.6,6.04,16.61,6.76,9.97,5.41,0.6,阳阳阳,9.97,0.6
000717.SZSE,2024-12-09,2024-12-05,0.7,0.0,6.3,5.17,6.3,-0.7,0.7,阳阴阳,6.3,-0.7
000718.SZSE,2025-09-11,2025-09-09,0.44,0.89,2.26,0.0,1.36,0.45,0.44,阳阳阳,1.36,0.44
000718.SZSE,2025-09-12,2025-09-09,0.44,0.89,2.26,0.0,1.36,0.45,0.44,阳阳阳,1.36,0.44
000719.SZSE,2023-08-08,2023-08-04,-2.21,-4.69,-5.66,6.13,-1.02,-2.53,-2.21,阴阴阴,-1.02,-2.53
000720.SZSE,2026-03-27,2026-03-24,-4.33,-5.05,-6.23,-1.5,-1.25,-0.76,-4.33,阴阴阴,-0.76,-4.33
000720.SZSE,2026-04-07,2026-04-02,-10.07,-1.01,-10.89,8.98,-9.98,10.08,-10.07,阴阳阴,10.08,-10.07
000720.SZSE,2026-04-08,2026-04-02,-10.07,-1.01,-10.89,8.98,-9.98,10.08,-10.07,阴阳阴,10.08,-10.07
000722.SZSE,2025-05-21,2025-05-19,-1.52,-2.84,-1.27,5.25,1.61,-1.34,-1.52,阳阴阴,1.61,-1.52
000722.SZSE,2026-03-26,2026-03-24,-3.44,0.96,0.66,4.71,-0.29,4.56,-3.44,阴阳阴,4.56,-3.44
000723.SZSE,2024-02-08,2024-02-06,-5.63,-9.46,-12.5,-10.29,-3.36,-4.05,-5.63,阴阴阴,-3.36,-5.63
000727.SZSE,2023-10-16,2023-10-12,-5.42,4.1,8.98,26.61,4.69,10.07,-5.42,阳阳阴,10.07,-5.42
000736.SZSE,2024-09-19,2024-09-13,3.78,3.92,1.78,-1.38,-2.06,0.14,3.78,阴阳阳,3.78,-2.06
000737.SZSE,2024-03-18,2024-03-14,1.08,-0.71,-2.26,0.72,-1.56,-1.76,1.08,阴阴阳,1.08,-1.76
000737.SZSE,2024-04-08,2024-04-02,6.83,17.52,24.23,10.89,5.71,10.01,6.83,阳阳阳,10.01,5.71
000750.SZSE,2024-09-26,2024-09-24,-0.66,-1.32,-0.66,-0.66,0.66,-0.66,-0.66,阳阴阴,0.66,-0.66
000750.SZSE,2024-09-27,2024-09-24,-0.66,-1.32,-0.66,-0.66,0.66,-0.66,-0.66,阳阴阴,0.66,-0.66
000753.SZSE,2024-11-28,2024-11-26,1.41,2.56,3.15,5.03,0.57,1.14,1.41,阳阳阳,1.41,0.57
000753.SZSE,2024-11-29,2024-11-26,1.41,2.56,3.15,5.03,0.57,1.14,1.41,阳阳阳,1.41,0.57
000757.SZSE,2023-10-20,2023-10-18,-1.51,2.69,2.92,7.64,0.22,4.26,-1.51,阳阳阴,4.26,-1.51
000759.SZSE,2024-12-27,2024-12-25,3.17,-3.44,-13.14,-7.4,-10.04,-6.41,3.17,阴阴阳,3.17,-10.04
000759.SZSE,2024-12-30,2024-12-25,3.17,-3.44,-13.14,-7.4,-10.04,-6.41,3.17,阴阴阳,3.17,-10.04
000759.SZSE,2025-04-10,2025-04-08,-10.04,-6.5,-7.51,-1.79,-1.07,3.93,-10.04,阴阳阴,3.93,-10.04
000762.SZSE,2024-10-08,2024-09-27,3.24,3.63,7.89,4.39,4.11,0.37,3.24,阳阳阳,4.11,0.37
000766.SZSE,2023-09-01,2023-08-30,-2.06,1.82,1.82,5.7,0.0,3.96,-2.06,阳阳阴,3.96,-2.06
000766.SZSE,2023-09-13,2023-09-11,0.13,-0.89,-2.26,-2.75,-1.38,-1.02,0.13,阴阴阳,0.13,-1.38
000766.SZSE,2023-09-14,2023-09-11,0.13,-0.89,-2.26,-2.75,-1.38,-1.02,0.13,阴阴阳,0.13,-1.38
000777.SZSE,2026-06-17,2026-06-15,2.63,1.36,-1.97,-3.73,-3.28,-1.23,2.63,阴阴阳,2.63,-3.28
000783.SZSE,2024-09-30,2024-09-26,3.04,8.62,8.62,4.78,0.0,5.41,3.04,阳阳阳,5.41,0.0
000783.SZSE,2024-10-08,2024-09-26,3.04,8.62,8.62,4.78,0.0,5.41,3.04,阳阳阳,5.41,0.0
000785.SZSE,2024-12-12,2024-12-10,-2.99,6.58,7.64,7.74,1.0,9.87,-2.99,阳阳阴,9.87,-2.99
000785.SZSE,2024-12-13,2024-12-10,-2.99,6.58,7.64,7.74,1.0,9.87,-2.99,阳阳阴,9.87,-2.99
000785.SZSE,2025-02-12,2025-02-10,1.17,2.07,0.58,-2.01,-1.46,0.89,1.17,阴阳阳,1.17,-1.46
000785.SZSE,2025-02-13,2025-02-10,1.17,2.07,0.58,-2.01,-1.46,0.89,1.17,阴阳阳,1.17,-1.46
000798.SZSE,2025-11-18,2025-11-14,0.59,0.59,1.43,2.29,0.83,0.0,0.59,阳阳阳,0.83,0.0
000799.SZSE,2024-10-08,2024-09-26,-1.92,2.62,2.75,4.87,0.13,4.62,-1.92,阳阳阴,4.62,-1.92
000801.SZSE,2024-11-20,2024-11-18,-4.57,-9.77,-11.81,-11.64,-2.26,-5.44,-4.57,阴阴阴,-2.26,-5.44
000801.SZSE,2024-11-21,2024-11-18,-4.57,-9.77,-11.81,-11.64,-2.26,-5.44,-4.57,阴阴阴,-2.26,-5.44
000802.SZSE,2023-06-07,2023-06-05,8.72,9.24,9.24,0.8,0.0,0.48,8.72,阳阳阳,8.72,0.0
000802.SZSE,2026-08-12,2026-08-10,0.0,-0.23,0.95,3.64,1.18,-0.23,0.0,阳阴阳,1.18,-0.23
000802.SZSE,2026-08-13,2026-08-10,0.0,-0.23,0.95,3.64,1.18,-0.23,0.0,阳阴阳,1.18,-0.23
000803.SZSE,2024-04-09,2024-04-03,-0.43,1.31,2.65,4.48,1.33,1.75,-0.43,阳阳阴,1.75,-0.43
000810.SZSE,2024-08-19,2024-08-15,4.52,8.76,7.49,1.79,-1.16,4.05,4.52,阴阳阳,4.52,-1.16
000811.SZSE,2025-12-09,2025-12-05,0.07,-0.74,-2.48,-1.25,-1.75,-0.82,0.07,阴阴阳,0.07,-1.75
000811.SZSE,2026-06-22,2026-06-17,-1.92,7.9,5.73,7.7,-2.01,10.01,-1.92,阴阳阴,10.01,-2.01
000813.SZSE,2024-12-10,2024-12-06,0.63,-3.65,-2.46,-1.25,1.23,-4.26,0.63,阳阴阳,1.23,-4.26
000813.SZSE,2024-12-16,2024-12-12,-9.48,-0.52,9.46,33.12,10.03,9.9,-9.48,阳阳阴,10.03,-9.48
000815.SZSE,2024-02-26,2024-02-22,-0.95,3.09,13.47,26.06,10.06,4.08,-0.95,阳阳阴,10.06,-0.95
000815.SZSE,2025-03-18,2025-03-14,-7.34,-1.35,8.51,13.91,10.0,6.46,-7.34,阳阳阴,10.0,-7.34
000815.SZSE,2026-03-09,2026-03-05,4.01,-6.39,-10.13,-11.23,-4.0,-10.0,4.01,阴阴阳,4.01,-10.0
000815.SZSE,2026-03-10,2026-03-05,4.01,-6.39,-10.13,-11.23,-4.0,-10.0,4.01,阴阴阳,4.01,-10.0
000815.SZSE,2026-07-22,2026-07-20,-6.26,-7.06,-7.9,-2.78,-0.91,-0.84,-6.26,阴阴阴,-0.84,-6.26
000815.SZSE,2026-07-23,2026-07-20,-6.26,-7.06,-7.9,-2.78,-0.91,-0.84,-6.26,阴阴阴,-0.84,-6.26
000815.SZSE,2026-08-04,2026-07-31,-8.0,-12.77,-16.87,-7.35,-4.7,-5.18,-8.0,阴阴阴,-4.7,-8.0
000818.SZSE,2025-02-07,2025-01-27,2.62,2.48,-1.29,-6.42,-3.69,-0.13,2.62,阴阴阳,2.62,-3.69
000818.SZSE,2025-02-21,2025-02-19,-1.91,7.9,17.36,31.6,8.76,10.0,-1.91,阳阳阴,10.0,-1.91
000820.SZSE,2024-01-04,2024-01-02,-2.24,-0.25,-0.51,1.77,-0.25,2.03,-2.24,阴阳阴,2.03,-2.24
000820.SZSE,2024-01-05,2024-01-02,-2.24,-0.25,-0.51,1.77,-0.25,2.03,-2.24,阴阳阴,2.03,-2.24
000820.SZSE,2026-08-03,2026-07-30,-0.68,1.39,-1.02,8.52,-2.38,2.09,-0.68,阴阳阴,2.09,-2.38
000820.SZSE,2026-08-04,2026-07-30,-0.68,1.39,-1.02,8.52,-2.38,2.09,-0.68,阴阳阴,2.09,-2.38
000823.SZSE,2026-06-26,2026-06-24,-10.02,-1.02,-3.3,18.21,-2.31,10.0,-10.02,阴阳阴,10.0,-10.02
000828.SZSE,2023-11-09,2023-11-06,0.45,-0.22,0.0,-0.11,0.22,-0.66,0.45,阳阴阳,0.45,-0.66
000833.SZSE,2024-11-13,2024-11-11,4.99,15.51,20.98,17.01,4.74,10.02,4.99,阳阳阳,10.02,4.74
000852.SZSE,2025-10-23,2025-10-20,-1.39,-2.3,-1.54,0.47,0.77,-0.92,-1.39,阳阴阴,0.77,-1.39
000856.SZSE,2025-01-22,2025-01-20,1.56,2.13,2.13,5.37,0.0,0.57,1.56,阳阳阳,1.56,0.0
000856.SZSE,2025-01-23,2025-01-20,1.56,2.13,2.13,5.37,0.0,0.57,1.56,阳阳阳,1.56,0.0
000856.SZSE,2025-02-19,2025-02-17,-10.0,-8.93,0.17,7.83,10.0,1.19,-10.0,阳阳阴,10.0,-10.0
000856.SZSE,2025-02-20,2025-02-17,-10.0,-8.93,0.17,7.83,10.0,1.19,-10.0,阳阳阴,10.0,-10.0
000858.SZSE,2024-09-30,2024-09-26,1.45,8.74,10.72,8.53,1.82,7.19,1.45,阳阳阳,7.19,1.45
000858.SZSE,2024-10-08,2024-09-26,1.45,8.74,10.72,8.53,1.82,7.19,1.45,阳阳阳,7.19,1.45
000859.SZSE,2024-09-03,2024-08-30,2.89,4.23,0.31,0.65,-3.76,1.3,2.89,阴阳阳,2.89,-3.76
000859.SZSE,2024-10-18,2024-10-16,-1.25,2.59,-1.25,-0.5,-3.74,3.89,-1.25,阴阳阴,3.89,-3.74
000859.SZSE,2024-10-21,2024-10-16,-1.25,2.59,-1.25,-0.5,-3.74,3.89,-1.25,阴阳阴,3.89,-3.74
000859.SZSE,2025-11-21,2025-11-19,-0.76,0.15,-0.61,3.3,-0.76,0.92,-0.76,阴阳阴,0.92,-0.76
000859.SZSE,2025-11-24,2025-11-19,-0.76,0.15,-0.61,3.3,-0.76,0.92,-0.76,阴阳阴,0.92,-0.76
000861.SZSE,2024-07-04,2024-07-02,2.78,-7.5,-16.85,-27.27,-10.11,-10.0,2.78,阴阴阳,2.78,-10.11
000880.SZSE,2024-07-31,2024-07-26,1.12,0.28,-1.9,-2.72,-2.17,-0.83,1.12,阴阴阳,1.12,-2.17
000880.SZSE,2024-11-18,2024-11-14,-0.18,0.92,0.0,3.1,-0.91,1.1,-0.18,阴阳阴,1.1,-0.91
000880.SZSE,2024-12-24,2024-12-20,3.39,5.12,0.85,-5.35,-4.07,1.68,3.39,阴阳阳,3.39,-4.07
000880.SZSE,2024-12-27,2024-12-25,6.32,16.96,28.66,25.11,10.0,10.01,6.32,阳阳阳,10.01,6.32
000880.SZSE,2025-02-25,2025-02-21,4.84,6.82,-3.29,-1.35,-9.46,1.88,4.84,阴阳阳,4.84,-9.46
000880.SZSE,2025-03-13,2025-03-11,-1.11,0.0,9.99,13.62,9.99,1.12,-1.11,阳阳阴,9.99,-1.11
000880.SZSE,2025-07-16,2025-07-14,-1.97,-4.18,-4.31,-2.28,-0.14,-2.26,-1.97,阴阴阴,-0.14,-2.26
000880.SZSE,2025-07-17,2025-07-14,-1.97,-4.18,-4.31,-2.28,-0.14,-2.26,-1.97,阴阴阴,-0.14,-2.26
000882.SZSE,2024-09-30,2024-09-26,4.17,5.93,7.76,1.69,1.72,1.69,4.17,阳阳阳,4.17,1.69
000882.SZSE,2024-10-08,2024-09-26,4.17,5.93,7.76,1.69,1.72,1.69,4.17,阳阳阳,4.17,1.69
000882.SZSE,2025-01-22,2025-01-20,-5.67,-2.1,-1.69,14.88,0.42,3.78,-5.67,阳阳阴,3.78,-5.67
000882.SZSE,2025-01-23,2025-01-20,-5.67,-2.1,-1.69,14.88,0.42,3.78,-5.67,阳阳阴,3.78,-5.67
000889.SZSE,2025-06-09,2025-06-04,0.0,-2.17,-7.22,-2.53,-5.15,-2.17,0.0,阴阴阳,0.0,-5.15
000889.SZSE,2026-04-10,2026-04-08,1.87,-1.21,-4.12,-4.76,-2.94,-3.03,1.87,阴阴阳,1.87,-3.03
000889.SZSE,2026-04-16,2026-04-14,-9.89,-0.76,9.19,33.44,10.03,10.13,-9.89,阳阳阴,10.13,-9.89
000889.SZSE,2026-05-08,2026-05-06,-8.11,-9.98,-0.9,0.42,10.09,-2.04,-8.11,阳阴阴,10.09,-8.11
000890.SZSE,2026-02-25,2026-02-13,1.29,-0.36,0.0,0.74,0.36,-1.64,1.29,阳阴阳,1.29,-1.64
000890.SZSE,2026-02-26,2026-02-13,1.29,-0.36,0.0,0.74,0.36,-1.64,1.29,阳阴阳,1.29,-1.64
000890.SZSE,2026-03-16,2026-03-12,5.17,2.81,1.22,-4.81,-1.55,-2.24,5.17,阴阴阳,5.17,-2.24
000890.SZSE,2026-03-17,2026-03-12,5.17,2.81,1.22,-4.81,-1.55,-2.24,5.17,阴阴阳,5.17,-2.24
000892.SZSE,2025-02-25,2025-02-21,0.86,2.93,-4.36,-7.45,-7.08,2.05,0.86,阴阳阳,2.05,-7.08
000892.SZSE,2025-02-26,2025-02-21,0.86,2.93,-4.36,-7.45,-7.08,2.05,0.86,阴阳阳,2.05,-7.08
000892.SZSE,2025-07-11,2025-07-09,0.0,-1.67,-2.29,7.55,-0.62,-1.67,0.0,阴阴阳,0.0,-1.67
000892.SZSE,2025-11-04,2025-10-31,-0.46,-1.22,3.18,4.49,4.45,-0.76,-0.46,阳阴阴,4.45,-0.76
000892.SZSE,2025-11-25,2025-11-21,-2.06,-7.12,-10.5,-6.73,-3.63,-5.17,-2.06,阴阴阴,-2.06,-5.17
000892.SZSE,2025-11-26,2025-11-21,-2.06,-7.12,-10.5,-6.73,-3.63,-5.17,-2.06,阴阴阴,-2.06,-5.17
000892.SZSE,2026-02-11,2026-02-09,-0.94,-1.07,-6.2,-2.98,-5.19,-0.13,-0.94,阴阴阴,-0.13,-5.19
000892.SZSE,2026-07-13,2026-07-09,-4.41,-7.71,1.46,-4.47,9.94,-3.46,-4.41,阳阴阴,9.94,-4.41
000892.SZSE,2026-09-03,2026-08-31,3.17,2.36,4.55,3.84,2.14,-0.79,3.17,阳阴阳,3.17,-0.79
000899.SZSE,2024-04-18,2024-04-16,-0.36,-2.72,-0.6,-0.48,2.18,-2.37,-0.36,阳阴阴,2.18,-2.37
000899.SZSE,2026-02-27,2026-02-25,4.48,0.27,2.43,-0.66,2.15,-4.02,4.48,阳阴阳,4.48,-4.02
000899.SZSE,2026-03-02,2026-02-25,4.48,0.27,2.43,-0.66,2.15,-4.02,4.48,阳阴阳,4.48,-4.02
000901.SZSE,2025-08-12,2025-08-08,-4.23,5.33,15.86,24.92,10.0,9.98,-4.23,阳阳阴,10.0,-4.23
000901.SZSE,2025-12-09,2025-12-05,3.71,0.63,0.89,-1.22,0.26,-2.97,3.71,阳阴阳,3.71,-2.97
000905.SZSE,2025-03-19,2025-03-10,-1.24,0.28,1.13,3.42,0.85,1.54,-1.24,阳阳阴,1.54,-1.24
000905.SZSE,2025-12-09,2025-12-05,-1.36,-0.27,1.58,2.31,1.86,1.1,-1.36,阳阳阴,1.86,-1.36
000905.SZSE,2025-12-10,2025-12-05,-1.36,-0.27,1.58,2.31,1.86,1.1,-1.36,阳阳阴,1.86,-1.36
000908.SZSE,2024-02-21,2024-02-19,-0.72,-10.39,-17.86,-25.67,-8.33,-9.74,-0.72,阴阴阴,-0.72,-9.74
000908.SZSE,2024-02-22,2024-02-19,-0.72,-10.39,-17.86,-25.67,-8.33,-9.74,-0.72,阴阴阴,-0.72,-9.74
000917.SZSE,2024-03-19,2024-03-15,2.31,11.43,12.97,11.29,1.38,8.91,2.31,阳阳阳,8.91,1.38
000917.SZSE,2024-03-20,2024-03-15,2.31,11.43,12.97,11.29,1.38,8.91,2.31,阳阳阳,8.91,1.38
000919.SZSE,2026-04-09,2026-04-07,-0.81,0.41,2.51,1.64,2.09,1.23,-0.81,阳阳阴,2.09,-0.81
000926.SZSE,2024-09-30,2024-09-26,6.09,9.42,8.85,4.79,-0.52,3.14,6.09,阴阳阳,6.09,-0.52
000931.SZSE,2026-08-24,2026-08-20,-1.86,-3.0,-2.09,0.94,0.93,-1.15,-1.86,阳阴阴,0.93,-1.86
000936.SZSE,2023-06-16,2023-06-14,7.1,17.81,21.47,12.31,3.11,10.0,7.1,阳阳阳,10.0,3.11
000936.SZSE,2026-08-14,2026-08-12,-0.76,0.96,0.0,0.0,-0.95,1.73,-0.76,阴阳阴,1.73,-0.95
000948.SZSE,2024-09-23,2024-09-19,-6.13,3.23,13.57,20.98,10.01,9.97,-6.13,阳阳阴,10.01,-6.13
000949.SZSE,2024-11-20,2024-11-18,-1.06,-4.83,-7.43,-2.58,-2.72,-3.82,-1.06,阴阴阴,-1.06,-3.82
000949.SZSE,2024-11-21,2024-11-18,-1.06,-4.83,-7.43,-2.58,-2.72,-3.82,-1.06,阴阴阴,-1.06,-3.82
000952.SZSE,2024-05-08,2024-05-06,2.97,7.27,8.46,8.11,1.1,4.18,2.97,阳阳阳,4.18,1.1
000952.SZSE,2025-10-23,2025-10-21,1.42,0.78,0.16,0.32,-0.62,-0.63,1.42,阴阴阳,1.42,-0.63
000952.SZSE,2025-11-27,2025-11-24,-5.19,-6.32,-8.13,-5.65,-1.94,-1.18,-5.19,阴阴阴,-1.18,-5.19
000953.SZSE,2024-08-01,2024-07-30,0.73,0.73,3.77,-3.87,3.02,0.0,0.73,阳阳阳,3.02,0.0
000953.SZSE,2024-08-02,2024-07-30,0.73,0.73,3.77,-3.87,3.02,0.0,0.73,阳阳阳,3.02,0.0
000953.SZSE,2024-11-27,2024-11-25,-4.33,-5.22,-3.24,2.91,2.1,-0.93,-4.33,阳阴阴,2.1,-4.33
000953.SZSE,2025-03-31,2025-03-27,2.21,1.6,-3.96,-7.78,-5.47,-0.6,2.21,阴阴阳,2.21,-5.47
000955.SZSE,2025-11-04,2025-10-31,-0.53,1.62,3.68,3.47,2.02,2.16,-0.53,阳阳阴,2.16,-0.53
000965.SZSE,2024-05-06,2024-04-29,3.45,4.65,3.85,1.56,-0.77,1.16,3.45,阴阳阳,3.45,-0.77
000965.SZSE,2025-04-18,2025-04-16,-2.84,-2.22,-11.49,-0.63,-9.48,0.63,-2.84,阴阳阴,0.63,-9.48
000965.SZSE,2025-04-21,2025-04-16,-2.84,-2.22,-11.49,-0.63,-9.48,0.63,-2.84,阴阳阴,0.63,-9.48
000967.SZSE,2025-02-24,2025-02-20,-2.57,7.17,17.84,20.45,9.96,10.0,-2.57,阳阳阴,10.0,-2.57
000969.SZSE,2025-10-14,2025-10-09,1.88,2.26,0.22,1.22,-2.0,0.38,1.88,阴阳阳,1.88,-2.0
000969.SZSE,2026-01-13,2026-01-09,1.82,7.26,6.81,7.04,-0.42,5.34,1.82,阴阳阳,5.34,-0.42
000972.SZSE,2024-02-05,2024-01-31,-3.07,-6.78,-4.53,2.52,2.42,-3.83,-3.07,阳阴阴,2.42,-3.83
000972.SZSE,2025-02-07,2025-01-13,3.01,3.4,3.79,3.5,0.38,0.38,3.01,阳阳阳,3.01,0.38
000977.SZSE,2024-10-08,2024-09-27,3.0,2.39,6.49,2.87,4.0,-0.6,3.0,阳阴阳,4.0,-0.6
000980.SZSE,2023-07-05,2023-07-03,-2.38,-2.77,-4.28,2.02,-1.56,-0.4,-2.38,阴阴阴,-0.4,-2.38
000980.SZSE,2024-08-02,2024-07-31,-0.72,0.73,3.76,4.51,3.01,1.46,-0.72,阳阳阴,3.01,-0.72
000980.SZSE,2024-08-05,2024-07-31,-0.72,0.73,3.76,4.51,3.01,1.46,-0.72,阳阳阴,3.01,-0.72
000980.SZSE,2024-10-08,2024-09-27,3.8,5.13,10.07,7.48,4.7,1.28,3.8,阳阳阳,4.7,1.28
000980.SZSE,2024-11-06,2024-11-04,-7.41,1.81,1.35,4.29,-0.45,9.95,-7.41,阴阳阴,9.95,-7.41
000981.SZSE,2024-08-01,2024-07-29,6.17,-4.44,-14.0,-27.03,-10.0,-10.0,6.17,阴阴阳,6.17,-10.0
000981.SZSE,2024-11-07,2024-11-05,0.0,-4.9,-5.56,0.74,-0.69,-4.9,0.0,阴阴阳,0.0,-4.9
000981.SZSE,2024-12-09,2024-12-04,-1.04,9.14,7.91,13.53,-1.13,10.29,-1.04,阴阳阴,10.29,-1.13
000981.SZSE,2025-09-16,2025-09-12,-0.4,3.7,5.0,5.42,1.25,4.12,-0.4,阳阳阴,4.12,-0.4
000981.SZSE,2025-09-17,2025-09-12,-0.4,3.7,5.0,5.42,1.25,4.12,-0.4,阳阳阴,4.12,-0.4
000981.SZSE,2025-10-09,2025-09-29,-3.85,-8.38,-17.45,-14.55,-9.91,-4.71,-3.85,阴阴阴,-3.85,-9.91
000993.SZSE,2025-11-06,2025-11-04,-0.84,0.28,-2.21,-1.74,-2.49,1.13,-0.84,阴阳阴,1.13,-2.49
000995.SZSE,2024-09-30,2024-09-26,-6.26,3.11,5.19,14.52,2.02,9.99,-6.26,阳阳阴,9.99,-6.26
000995.SZSE,2026-02-02,2026-01-29,4.86,2.02,1.54,-3.24,-0.46,-2.71,4.86,阴阴阳,4.86,-2.71
000995.SZSE,2026-02-03,2026-01-29,4.86,2.02,1.54,-3.24,-0.46,-2.71,4.86,阴阴阳,4.86,-2.71
001202.SZSE,2025-03-25,2025-03-21,1.76,-0.71,9.25,8.42,10.03,-2.43,1.76,阳阴阳,10.03,-2.43
001203.SZSE,2025-10-31,2025-10-29,-2.59,0.14,5.85,11.99,5.71,2.8,-2.59,阳阳阴,5.71,-2.59
001203.SZSE,2025-11-17,2025-11-13,-3.77,-4.92,-0.56,12.5,4.58,-1.19,-3.77,阳阴阴,4.58,-3.77
001206.SZSE,2024-03-21,2024-03-19,2.38,2.96,3.29,2.11,0.32,0.56,2.38,阳阳阳,2.38,0.32
001208.SZSE,2024-03-11,2024-03-07,2.83,-0.39,0.0,-2.62,0.39,-3.13,2.83,阳阴阳,2.83,-3.13
001208.SZSE,2025-12-16,2025-12-11,5.39,5.06,6.47,5.69,1.34,-0.31,5.39,阳阴阳,5.39,-0.31
001209.SZSE,2024-11-29,2024-11-27,1.17,6.55,1.67,1.9,-4.58,5.31,1.17,阴阳阳,5.31,-4.58
001209.SZSE,2024-12-02,2024-11-27,1.17,6.55,1.67,1.9,-4.58,5.31,1.17,阴阳阳,5.31,-4.58
001209.SZSE,2025-11-07,2025-11-05,1.02,1.8,4.16,2.3,2.31,0.77,1.02,阳阳阳,2.31,0.77
001209.SZSE,2025-11-10,2025-11-05,1.02,1.8,4.16,2.3,2.31,0.77,1.02,阳阳阳,2.31,0.77
001209.SZSE,2026-02-27,2026-02-25,1.79,-0.12,-1.29,-4.88,-1.17,-1.88,1.79,阴阴阳,1.79,-1.88
001211.SZSE,2024-10-29,2024-10-25,-0.23,1.22,4.25,5.5,2.99,1.45,-0.23,阳阳阴,2.99,-0.23
001212.SZSE,2024-07-25,2024-07-23,1.18,11.3,12.77,10.06,1.32,10.01,1.18,阳阳阳,10.01,1.18
001216.SZSE,2024-01-19,2024-01-17,-0.68,0.23,-0.3,1.38,-0.53,0.92,-0.68,阴阳阴,0.92,-0.68
001216.SZSE,2024-01-22,2024-01-17,-0.68,0.23,-0.3,1.38,-0.53,0.92,-0.68,阴阳阴,0.92,-0.68
001216.SZSE,2025-11-18,2025-11-14,1.11,0.32,0.13,1.79,-0.19,-0.78,1.11,阴阴阳,1.11,-0.78
001216.SZSE,2025-11-19,2025-11-14,1.11,0.32,0.13,1.79,-0.19,-0.78,1.11,阴阴阳,1.11,-0.78
001217.SZSE,2024-01-02,2023-12-28,3.83,4.01,2.1,-3.1,-1.84,0.18,3.83,阴阳阳,3.83,-1.84
001217.SZSE,2024-01-03,2023-12-28,3.83,4.01,2.1,-3.1,-1.84,0.18,3.83,阴阳阳,3.83,-1.84
001222.SZSE,2024-12-04,2024-12-02,-0.9,-1.58,3.91,4.78,5.58,-0.69,-0.9,阳阴阴,5.58,-0.9
001222.SZSE,2025-05-21,2025-05-19,4.01,6.66,7.87,5.44,1.13,2.55,4.01,阳阳阳,4.01,1.13
001223.SZSE,2026-08-04,2026-07-31,-5.11,-3.27,-2.32,13.23,0.98,1.94,-5.11,阳阳阴,1.94,-5.11
001225.SZSE,2026-05-25,2026-05-21,-1.55,-2.28,0.14,2.03,2.48,-0.74,-1.55,阳阴阴,2.48,-1.55
001226.SZSE,2024-01-26,2024-01-24,-10.01,-14.86,-17.98,-5.9,-3.66,-5.39,-10.01,阴阴阴,-3.66,-10.01
001229.SZSE,2024-02-21,2024-02-19,9.35,3.67,-3.97,-20.97,-7.37,-5.19,9.35,阴阴阳,9.35,-7.37
001229.SZSE,2024-02-22,2024-02-19,9.35,3.67,-3.97,-20.97,-7.37,-5.19,9.35,阴阴阳,9.35,-7.37
001229.SZSE,2024-03-15,2024-03-13,-7.15,-4.57,-2.43,7.41,2.25,2.78,-7.15,阳阳阴,2.78,-7.15
001229.SZSE,2026-08-05,2026-08-03,0.98,-9.12,-15.25,-17.72,-6.74,-10.0,0.98,阴阴阳,0.98,-10.0
001230.SZSE,2025-05-30,2025-05-27,3.78,2.67,1.11,-2.01,-1.53,-1.07,3.78,阴阴阳,3.78,-1.53
001231.SZSE,2025-10-27,2025-10-23,1.23,3.18,5.15,3.37,1.91,1.93,1.23,阳阳阳,1.93,1.23
001231.SZSE,2026-01-06,2025-12-31,-0.22,1.16,1.84,3.89,0.67,1.38,-0.22,阳阳阴,1.38,-0.22
001234.SZSE,2025-04-15,2025-04-10,0.51,-2.94,-12.67,-14.98,-10.02,-3.43,0.51,阴阴阳,0.51,-10.02
001234.SZSE,2026-04-24,2026-04-22,-2.22,-3.31,-5.22,2.23,-1.98,-1.12,-2.22,阴阴阴,-1.12,-2.22
001236.SZSE,2024-09-19,2024-09-13,-4.45,0.87,-2.98,11.65,-3.81,5.57,-4.45,阴阳阴,5.57,-4.45
001238.SZSE,2023-11-02,2023-10-31,-4.58,4.95,5.15,10.94,0.19,9.99,-4.58,阳阳阴,9.99,-4.58
001239.SZSE,2023-12-21,2023-12-19,-10.36,-21.09,-28.74,-19.06,-9.69,-11.97,-10.36,阴阴阴,-9.69,-11.97
001239.SZSE,2023-12-22,2023-12-19,-10.36,-21.09,-28.74,-19.06,-9.69,-11.97,-10.36,阴阴阴,-9.69,-11.97
001239.SZSE,2024-04-15,2024-04-11,3.72,7.92,5.88,-1.13,-1.9,4.05,3.72,阴阳阳,4.05,-1.9
001239.SZSE,2024-08-06,2024-08-02,-0.26,1.78,1.51,2.78,-0.26,2.04,-0.26,阴阳阴,2.04,-0.26
001255.SZSE,2024-11-19,2024-11-15,-2.33,6.56,17.23,21.81,10.02,9.1,-2.33,阳阳阴,10.02,-2.33
001255.SZSE,2025-12-18,2025-12-16,-0.13,-1.75,-4.62,-3.58,-2.93,-1.62,-0.13,阴阴阴,-0.13,-2.93
001255.SZSE,2026-01-14,2026-01-12,0.06,0.53,-4.3,5.22,-4.8,0.47,0.06,阴阳阳,0.47,-4.8
001255.SZSE,2026-01-15,2026-01-12,0.06,0.53,-4.3,5.22,-4.8,0.47,0.06,阴阳阳,0.47,-4.8
001257.SZSE,2026-06-15,2026-06-11,-1.33,-1.71,-5.05,-5.91,-3.4,-0.39,-1.33,阴阴阴,-0.39,-3.4
001257.SZSE,2026-06-16,2026-06-11,-1.33,-1.71,-5.05,-5.91,-3.4,-0.39,-1.33,阴阴阴,-0.39,-3.4
001258.SZSE,2024-12-25,2024-12-23,1.79,-0.44,1.33,-3.17,1.78,-2.18,1.79,阳阴阳,1.79,-2.18
001258.SZSE,2026-07-20,2026-07-16,4.43,5.39,2.4,0.61,-2.84,0.92,4.43,阴阳阳,4.43,-2.84
001258.SZSE,2026-07-21,2026-07-16,4.43,5.39,2.4,0.61,-2.84,0.92,4.43,阴阳阳,4.43,-2.84
001259.SZSE,2024-04-24,2024-04-22,-1.73,0.56,6.03,-2.91,5.44,2.32,-1.73,阳阳阴,5.44,-1.73
001260.SZSE,2023-10-26,2023-10-24,-3.26,-2.05,-3.92,-1.32,-1.91,1.25,-3.26,阴阳阴,1.25,-3.26
001266.SZSE,2024-06-26,2024-06-24,1.75,-1.05,-0.15,1.09,0.91,-2.75,1.75,阳阴阳,1.75,-2.75
001266.SZSE,2025-12-31,2025-12-29,-1.4,1.72,3.07,3.81,1.32,3.16,-1.4,阳阳阴,3.16,-1.4
001267.SZSE,2024-05-22,2024-05-20,4.09,12.53,15.66,12.53,2.78,8.11,4.09,阳阳阳,8.11,2.78
001267.SZSE,2024-05-23,2024-05-20,4.09,12.53,15.66,12.53,2.78,8.11,4.09,阳阳阳,8.11,2.78
001267.SZSE,2024-10-31,2024-10-29,1.62,6.26,6.62,6.74,0.34,4.57,1.62,阳阳阳,4.57,0.34
001267.SZSE,2025-10-22,2025-10-20,0.82,0.41,2.07,-6.15,1.66,-0.41,0.82,阳阴阳,1.66,-0.41
001267.SZSE,2026-08-06,2026-08-04,-2.25,7.52,-3.22,-4.08,-9.99,10.0,-2.25,阴阳阴,10.0,-9.99
001267.SZSE,2026-08-07,2026-08-04,-2.25,7.52,-3.22,-4.08,-9.99,10.0,-2.25,阴阳阴,10.0,-9.99
001268.SZSE,2023-09-12,2023-09-08,-1.91,-0.14,-0.45,3.02,-0.32,1.81,-1.91,阴阳阴,1.81,-1.91
001268.SZSE,2023-09-13,2023-09-08,-1.91,-0.14,-0.45,3.02,-0.32,1.81,-1.91,阴阳阴,1.81,-1.91
001270.SZSE,2025-04-11,2025-04-09,2.72,-7.55,-8.88,-11.91,-1.44,-10.0,2.72,阴阴阳,2.72,-10.0
001277.SZSE,2026-08-21,2026-08-19,1.18,2.71,2.81,0.99,0.1,1.51,1.18,阳阳阳,1.51,0.1
001278.SZSE,2023-11-22,2023-11-20,1.99,4.71,6.71,3.44,1.91,2.67,1.99,阳阳阳,2.67,1.91
001278.SZSE,2023-11-23,2023-11-20,1.99,4.71,6.71,3.44,1.91,2.67,1.99,阳阳阳,2.67,1.91
001282.SZSE,2023-09-26,2023-09-21,1.66,0.33,5.26,2.63,4.92,-1.31,1.66,阳阴阳,4.92,-1.31
001296.SZSE,2025-11-25,2025-11-21,-1.11,-5.0,-3.17,-3.3,1.92,-3.93,-1.11,阳阴阴,1.92,-3.93
001296.SZSE,2025-11-26,2025-11-21,-1.11,-5.0,-3.17,-3.3,1.92,-3.93,-1.11,阳阴阴,1.92,-3.93
001298.SZSE,2023-09-28,2023-09-26,-2.02,-0.55,-1.0,1.04,-0.45,1.51,-2.02,阴阳阴,1.51,-2.02
001298.SZSE,2023-10-09,2023-09-26,-2.02,-0.55,-1.0,1.04,-0.45,1.51,-2.02,阴阳阴,1.51,-2.02
001298.SZSE,2024-02-20,2024-02-08,-7.69,-13.24,-21.92,-19.63,-9.99,-6.02,-7.69,阴阴阴,-6.02,-9.99
001298.SZSE,2024-02-21,2024-02-08,-7.69,-13.24,-21.92,-19.63,-9.99,-6.02,-7.69,阴阴阴,-6.02,-9.99
001298.SZSE,2024-03-07,2024-03-05,6.95,10.44,14.77,-3.4,3.92,3.27,6.95,阳阳阳,6.95,3.27
001298.SZSE,2024-06-13,2024-06-11,-5.0,-9.42,-9.03,-8.38,0.44,-4.66,-5.0,阳阴阴,0.44,-5.0
001298.SZSE,2024-08-20,2024-08-16,2.44,7.44,7.93,1.11,0.45,4.87,2.44,阳阳阳,4.87,0.45
001298.SZSE,2024-09-09,2024-09-05,-3.25,-6.61,-1.77,11.67,5.19,-3.47,-3.25,阳阴阴,5.19,-3.47
001298.SZSE,2025-06-27,2025-06-25,3.89,5.88,3.02,-3.09,-2.7,1.91,3.89,阴阳阳,3.89,-2.7
001298.SZSE,2025-06-30,2025-06-25,3.89,5.88,3.02,-3.09,-2.7,1.91,3.89,阴阳阳,3.89,-2.7
001299.SZSE,2024-04-08,2024-04-02,1.3,3.31,5.68,1.07,2.29,1.99,1.3,阳阳阳,2.29,1.3
001299.SZSE,2026-04-14,2026-04-10,2.73,3.88,6.09,-2.59,2.13,1.12,2.73,阳阳阳,2.73,1.12
001300.SZSE,2023-11-14,2023-11-10,-1.07,-1.15,-0.99,1.42,0.16,-0.08,-1.07,阳阴阴,0.16,-1.07
001300.SZSE,2023-11-15,2023-11-10,-1.07,-1.15,-0.99,1.42,0.16,-0.08,-1.07,阳阴阴,0.16,-1.07
001309.SZSE,2025-09-23,2025-09-19,-2.51,2.14,8.72,19.78,6.44,4.77,-2.51,阳阳阴,6.44,-2.51
001314.SZSE,2023-06-08,2023-06-06,2.33,-0.91,1.22,-1.89,2.15,-3.16,2.33,阳阴阳,2.33,-3.16
001316.SZSE,2024-07-29,2024-07-25,2.1,-1.88,-0.77,-2.49,1.13,-3.9,2.1,阳阴阳,2.1,-3.9
001316.SZSE,2025-05-07,2025-04-30,0.08,-7.19,-14.0,-5.49,-7.34,-7.27,0.08,阴阴阳,0.08,-7.34
001316.SZSE,2025-05-08,2025-04-30,0.08,-7.19,-14.0,-5.49,-7.34,-7.27,0.08,阴阴阳,0.08,-7.34
001317.SZSE,2025-12-17,2025-12-15,-0.95,3.74,3.82,2.53,0.07,4.73,-0.95,阳阳阴,4.73,-0.95
001317.SZSE,2025-12-18,2025-12-15,-0.95,3.74,3.82,2.53,0.07,4.73,-0.95,阳阳阴,4.73,-0.95
001318.SZSE,2025-03-18,2025-03-14,-0.87,-1.04,-0.52,0.35,0.52,-0.17,-0.87,阳阴阴,0.52,-0.87
001318.SZSE,2025-03-19,2025-03-14,-0.87,-1.04,-0.52,0.35,0.52,-0.17,-0.87,阳阴阴,0.52,-0.87
001318.SZSE,2025-07-31,2025-07-29,1.72,1.19,3.1,-0.22,1.89,-0.52,1.72,阳阴阳,1.89,-0.52
001319.SZSE,2023-09-20,2023-09-18,0.88,2.93,0.97,0.89,-1.9,2.04,0.88,阴阳阳,2.04,-1.9
001319.SZSE,2023-10-27,2023-10-25,-4.05,-1.93,-1.03,5.69,0.92,2.2,-4.05,阳阳阴,2.2,-4.05
001319.SZSE,2024-11-06,2024-11-04,3.65,4.35,9.04,3.69,4.5,0.68,3.65,阳阳阳,4.5,0.68
001324.SZSE,2023-08-16,2023-08-14,-1.36,2.6,2.36,3.19,-0.24,4.02,-1.36,阴阳阴,4.02,-1.36
001324.SZSE,2023-08-17,2023-08-14,-1.36,2.6,2.36,3.19,-0.24,4.02,-1.36,阴阳阴,4.02,-1.36
001324.SZSE,2024-03-11,2024-03-07,3.78,0.74,-0.68,-2.04,-1.42,-2.93,3.78,阴阴阳,3.78,-2.93
001330.SZSE,2025-08-27,2025-08-25,0.59,3.46,3.46,3.06,0.0,2.85,0.59,阳阳阳,2.85,0.0
001330.SZSE,2025-12-10,2025-12-08,2.92,12.24,18.6,20.25,5.66,9.06,2.92,阳阳阳,9.06,2.92
001330.SZSE,2025-12-11,2025-12-08,2.92,12.24,18.6,20.25,5.66,9.06,2.92,阳阳阳,9.06,2.92
001330.SZSE,2026-02-11,2026-02-09,2.28,9.1,-0.48,-1.95,-8.78,6.67,2.28,阴阳阳,6.67,-8.78
001333.SZSE,2025-04-01,2025-03-28,1.21,6.86,7.39,5.07,0.49,5.59,1.21,阳阳阳,5.59,0.49
001336.SZSE,2025-12-23,2025-12-19,3.82,5.09,2.18,-1.41,-2.78,1.23,3.82,阴阳阳,3.82,-2.78
001337.SZSE,2026-01-27,2026-01-23,4.34,14.78,21.27,27.84,5.66,10.01,4.34,阳阳阳,10.01,4.34
001337.SZSE,2026-01-28,2026-01-23,4.34,14.78,21.27,27.84,5.66,10.01,4.34,阳阳阳,10.01,4.34
001339.SZSE,2023-12-29,2023-12-27,-3.58,-2.2,-4.9,-1.25,-2.76,1.44,-3.58,阴阳阴,1.44,-3.58
001339.SZSE,2024-01-05,2024-01-03,-5.24,4.26,14.68,33.1,10.0,10.02,-5.24,阳阳阴,10.02,-5.24
001358.SZSE,2026-07-29,2026-07-27,-0.73,3.05,0.65,1.79,-2.33,3.81,-0.73,阴阳阴,3.81,-2.33
001366.SZSE,2023-12-27,2023-12-25,-1.01,-0.75,-0.41,-0.13,0.34,0.27,-1.01,阳阳阴,0.34,-1.01
001367.SZSE,2025-05-26,2025-05-22,3.09,-31.02,-31.89,-33.47,-1.25,-33.09,3.09,阴阴阳,3.09,-33.09
001373.SZSE,2023-07-18,2023-07-14,1.77,-0.37,1.72,0.65,2.1,-2.1,1.77,阳阴阳,2.1,-2.1
001373.SZSE,2024-04-03,2024-04-01,1.59,5.47,0.33,-2.77,-4.88,3.82,1.59,阴阳阳,3.82,-4.88
001376.SZSE,2024-01-31,2024-01-29,-0.32,1.97,2.98,4.7,0.99,2.3,-0.32,阳阳阴,2.3,-0.32
001376.SZSE,2024-04-10,2024-04-08,1.74,0.71,3.1,2.84,2.37,-1.01,1.74,阳阴阳,2.37,-1.01
001376.SZSE,2024-04-11,2024-04-08,1.74,0.71,3.1,2.84,2.37,-1.01,1.74,阳阴阳,2.37,-1.01
001379.SZSE,2024-07-24,2024-07-22,0.48,0.56,-1.71,-6.89,-2.26,0.08,0.48,阴阳阳,0.48,-2.26
001379.SZSE,2024-07-25,2024-07-22,0.48,0.56,-1.71,-6.89,-2.26,0.08,0.48,阴阳阳,0.48,-2.26
001388.SZSE,2026-07-15,2026-07-13,2.37,4.4,3.51,-2.93,-0.85,1.99,2.37,阴阳阳,2.37,-0.85
001395.SZSE,2025-04-17,2025-04-15,2.78,2.7,4.19,0.75,1.45,-0.08,2.78,阳阴阳,2.78,-0.08
001395.SZSE,2025-04-18,2025-04-15,2.78,2.7,4.19,0.75,1.45,-0.08,2.78,阳阴阳,2.78,-0.08
001395.SZSE,2026-07-13,2026-07-09,-1.5,-3.86,-3.82,1.05,0.04,-2.4,-1.5,阳阴阴,0.04,-2.4
001396.SZSE,2026-02-26,2026-02-24,-0.5,-2.18,0.87,3.6,3.13,-1.7,-0.5,阳阴阴,3.13,-1.7
001400.SZSE,2026-01-08,2026-01-06,-0.23,4.08,1.65,1.49,-2.33,4.32,-0.23,阴阳阴,4.32,-2.33
001400.SZSE,2026-01-09,2026-01-06,-0.23,4.08,1.65,1.49,-2.33,4.32,-0.23,阴阳阴,4.32,-2.33
001696.SZSE,2024-04-01,2024-03-28,-2.19,-1.9,-7.06,-5.64,-5.26,0.29,-2.19,阴阳阴,0.29,-5.26
001696.SZSE,2024-08-02,2024-07-31,-1.83,5.65,9.68,20.72,3.82,7.62,-1.83,阳阳阴,7.62,-1.83
001696.SZSE,2024-10-22,2024-10-18,7.65,6.62,6.84,4.92,0.21,-0.96,7.65,阳阴阳,7.65,-0.96
001696.SZSE,2024-10-23,2024-10-18,7.65,6.62,6.84,4.92,0.21,-0.96,7.65,阳阴阳,7.65,-0.96
001696.SZSE,2024-10-29,2024-10-25,5.34,9.09,20.0,25.32,10.0,3.56,5.34,阳阳阳,10.0,3.56
001696.SZSE,2026-06-10,2026-06-08,1.68,-0.41,-0.68,-4.04,-0.27,-2.06,1.68,阴阴阳,1.68,-2.06
002006.SZSE,2024-11-21,2024-11-19,2.32,-0.73,-3.52,-4.63,-2.82,-2.97,2.32,阴阴阳,2.32,-2.97
002009.SZSE,2024-02-28,2024-02-26,6.91,8.76,9.2,4.17,0.41,1.73,6.91,阳阳阳,6.91,0.41
002009.SZSE,2024-03-08,2024-03-06,-5.87,-9.24,-10.24,-1.9,-1.11,-3.58,-5.87,阴阴阴,-1.11,-5.87
002009.SZSE,2025-12-29,2025-12-25,0.38,0.69,2.96,4.94,2.25,0.31,0.38,阳阳阳,2.25,0.31
002009.SZSE,2025-12-30,2025-12-25,0.38,0.69,2.96,4.94,2.25,0.31,0.38,阳阳阳,2.25,0.31
002015.SZSE,2025-06-18,2025-06-13,2.67,1.72,-2.21,1.17,-3.87,-0.92,2.67,阴阴阳,2.67,-3.87
002016.SZSE,2025-02-12,2025-02-07,0.71,2.73,3.3,1.82,0.55,2.0,0.71,阳阳阳,2.0,0.55
002017.SZSE,2025-06-18,2025-06-16,-7.02,0.92,3.17,8.08,2.22,8.54,-7.02,阳阳阴,8.54,-7.02
002017.SZSE,2025-06-19,2025-06-16,-7.02,0.92,3.17,8.08,2.22,8.54,-7.02,阳阳阴,8.54,-7.02
002017.SZSE,2025-07-23,2025-07-21,2.44,1.32,11.46,9.6,10.01,-1.1,2.44,阳阴阳,10.01,-1.1
002021.SZSE,2024-11-01,2024-10-30,0.45,10.29,13.07,18.52,2.51,9.8,0.45,阳阳阳,9.8,0.45
002029.SZSE,2024-12-03,2024-11-29,0.62,0.15,3.83,5.73,3.67,-0.46,0.62,阳阴阳,3.67,-0.46
002031.SZSE,2023-07-03,2023-06-29,2.21,6.94,0.82,1.97,-5.72,4.62,2.21,阴阳阳,4.62,-5.72
002031.SZSE,2024-11-06,2024-11-04,-6.85,-3.68,-2.58,0.0,1.15,3.4,-6.85,阳阳阴,3.4,-6.85
002031.SZSE,2024-12-04,2024-11-29,-0.23,1.67,-4.06,-3.4,-5.64,1.91,-0.23,阴阳阴,1.91,-5.64
002036.SZSE,2024-09-10,2024-09-06,3.37,1.81,4.49,-0.61,2.63,-1.51,3.37,阳阴阳,3.37,-1.51
002036.SZSE,2025-02-10,2025-02-06,4.41,0.87,3.71,-2.86,2.81,-3.39,4.41,阳阴阳,4.41,-3.39
002036.SZSE,2025-02-11,2025-02-06,4.41,0.87,3.71,-2.86,2.81,-3.39,4.41,阳阴阳,4.41,-3.39
002037.SZSE,2025-07-24,2025-07-21,-1.12,0.52,6.25,3.81,5.7,1.66,-1.12,阳阳阴,5.7,-1.12
002040.SZSE,2025-05-16,2025-05-13,0.14,1.01,1.31,2.35,0.29,0.87,0.14,阳阳阳,0.87,0.14
002044.SZSE,2026-01-14,2026-01-09,2.96,1.64,2.01,2.46,0.37,-1.28,2.96,阳阴阳,2.96,-1.28
002045.SZSE,2024-11-19,2024-11-15,-0.35,0.42,-1.52,2.95,-1.94,0.78,-0.35,阴阳阴,0.78,-1.94
002045.SZSE,2024-11-20,2024-11-15,-0.35,0.42,-1.52,2.95,-1.94,0.78,-0.35,阴阳阴,0.78,-1.94
002046.SZSE,2025-08-06,2025-08-04,-0.52,-0.87,0.42,3.03,1.3,-0.36,-0.52,阳阴阴,1.3,-0.52
002046.SZSE,2025-08-07,2025-08-04,-0.52,-0.87,0.42,3.03,1.3,-0.36,-0.52,阳阴阴,1.3,-0.52
002047.SZSE,2024-11-04,2024-10-30,4.98,15.42,20.83,16.93,4.69,9.95,4.98,阳阳阳,9.95,4.69
002047.SZSE,2026-08-13,2026-08-11,1.89,-2.41,-2.7,-3.34,-0.3,-4.22,1.89,阴阴阳,1.89,-4.22
002051.SZSE,2026-04-09,2026-04-07,-3.83,5.77,6.36,13.13,0.56,9.99,-3.83,阳阳阴,9.99,-3.83
002052.SZSE,2025-08-13,2025-08-11,-1.89,-5.27,-4.17,-3.17,1.16,-3.45,-1.89,阳阴阴,1.16,-3.45
002052.SZSE,2025-08-19,2025-08-15,4.18,14.63,26.13,33.2,10.03,10.03,4.18,阳阳阳,10.03,4.18
002053.SZSE,2025-08-29,2025-08-27,0.36,0.54,-4.74,-5.79,-5.25,0.18,0.36,阴阳阳,0.36,-5.25
002058.SZSE,2023-11-29,2023-11-27,-0.5,-0.08,-1.63,-1.87,-1.55,0.41,-0.5,阴阳阴,0.41,-1.55
002058.SZSE,2024-12-20,2024-12-18,-5.48,-11.72,-4.96,2.17,7.65,-6.59,-5.48,阳阴阴,7.65,-6.59
002058.SZSE,2025-02-19,2025-02-17,-2.2,-3.72,-4.9,-5.17,-1.22,-1.55,-2.2,阴阴阴,-1.22,-2.2
002058.SZSE,2025-02-20,2025-02-17,-2.2,-3.72,-4.9,-5.17,-1.22,-1.55,-2.2,阴阴阴,-1.22,-2.2
002059.SZSE,2025-09-22,2025-09-17,2.22,2.79,3.18,0.56,0.37,0.56,2.22,阳阳阳,2.22,0.37
002065.SZSE,2024-11-13,2024-11-11,2.16,3.21,2.31,1.91,-0.87,1.02,2.16,阴阳阳,2.16,-0.87
002065.SZSE,2025-02-19,2025-02-17,5.52,6.12,7.7,-3.48,1.49,0.57,5.52,阳阳阳,5.52,0.57
002065.SZSE,2025-02-20,2025-02-17,5.52,6.12,7.7,-3.48,1.49,0.57,5.52,阳阳阳,5.52,0.57
002067.SZSE,2024-12-26,2024-12-24,-6.76,-6.25,-7.01,-2.12,-0.81,0.54,-6.76,阴阳阴,0.54,-6.76
002068.SZSE,2026-06-23,2026-06-18,-5.75,-5.85,-5.75,1.0,0.1,-0.1,-5.75,阳阴阴,0.1,-5.75
002072.SZSE,2026-08-28,2026-08-26,0.68,1.52,1.24,0.97,-0.28,0.83,0.68,阴阳阳,0.83,-0.28
002077.SZSE,2024-11-12,2024-11-08,1.3,1.16,3.94,4.21,2.74,-0.14,1.3,阳阴阳,2.74,-0.14
002080.SZSE,2026-06-17,2026-06-15,-3.07,-1.4,-4.27,8.64,-2.91,1.72,-3.07,阴阳阴,1.72,-3.07
002080.SZSE,2026-06-26,2026-06-24,-8.92,-4.66,-6.81,12.55,-2.26,4.68,-8.92,阴阳阴,4.68,-8.92
002081.SZSE,2026-04-21,2026-04-17,0.0,0.6,0.3,0.6,-0.3,0.6,0.0,阴阳阳,0.6,-0.3
002081.SZSE,2026-04-30,2026-04-28,-9.41,-18.42,-10.32,8.91,9.92,-9.94,-9.41,阳阴阴,9.92,-9.94
002081.SZSE,2026-05-06,2026-04-28,-9.41,-18.42,-10.32,8.91,9.92,-9.94,-9.41,阳阴阴,9.92,-9.94
002081.SZSE,2026-08-14,2026-08-12,-1.0,0.51,-0.75,0.75,-1.25,1.52,-1.0,阴阳阴,1.52,-1.25
002081.SZSE,2026-08-17,2026-08-12,-1.0,0.51,-0.75,0.75,-1.25,1.52,-1.0,阴阳阴,1.52,-1.25
002083.SZSE,2025-10-21,2025-10-17,-2.49,-0.39,1.8,0.97,2.2,2.15,-2.49,阳阳阴,2.2,-2.49
002083.SZSE,2025-11-11,2025-11-06,1.54,1.72,-1.0,1.39,-2.67,0.17,1.54,阴阳阳,1.54,-2.67
002083.SZSE,2026-07-27,2026-07-23,-1.04,2.37,-7.21,-7.32,-9.36,3.44,-1.04,阴阳阴,3.44,-9.36
002084.SZSE,2025-04-07,2025-04-02,1.06,-1.72,-4.36,-5.69,-2.68,-2.76,1.06,阴阴阳,1.06,-2.76
002085.SZSE,2024-02-08,2024-02-06,-9.62,-12.15,-10.48,-1.7,1.9,-2.8,-9.62,阳阴阴,1.9,-9.62
002085.SZSE,2024-11-01,2024-10-30,-4.63,-3.12,1.48,1.3,4.75,1.59,-4.63,阳阳阴,4.75,-4.63
002086.SZSE,2024-11-08,2024-11-06,2.9,2.9,-3.12,-5.86,-5.86,0.0,2.9,阴阳阳,2.9,-5.86
002086.SZSE,2025-03-18,2025-03-13,1.67,2.52,3.39,-1.64,0.85,0.84,1.67,阳阳阳,1.67,0.84
002090.SZSE,2025-01-22,2025-01-20,0.57,0.69,2.21,5.42,1.51,0.11,0.57,阳阳阳,1.51,0.11
002093.SZSE,2025-03-11,2025-03-06,1.35,3.26,4.18,-3.91,0.89,1.88,1.35,阳阳阳,1.88,0.89
002094.SZSE,2024-10-15,2024-10-11,-0.37,-10.33,-2.18,7.57,9.09,-10.0,-0.37,阳阴阴,9.09,-10.0
002094.SZSE,2024-10-16,2024-10-11,-0.37,-10.33,-2.18,7.57,9.09,-10.0,-0.37,阳阴阴,9.09,-10.0
002094.SZSE,2024-10-23,2024-10-21,2.84,13.03,11.14,19.02,-1.67,9.92,2.84,阴阳阳,9.92,-1.67
002094.SZSE,2024-10-24,2024-10-21,2.84,13.03,11.14,19.02,-1.67,9.92,2.84,阴阳阳,9.92,-1.67
002094.SZSE,2024-10-30,2024-10-25,9.79,20.7,32.8,33.08,10.02,9.94,9.79,阳阳阳,10.02,9.79
002094.SZSE,2025-04-10,2025-04-08,-4.1,5.44,8.08,12.48,2.5,9.94,-4.1,阳阳阴,9.94,-4.1
002094.SZSE,2025-04-11,2025-04-08,-4.1,5.44,8.08,12.48,2.5,9.94,-4.1,阳阳阴,9.94,-4.1
002094.SZSE,2025-04-23,2025-04-21,-5.88,-14.29,-17.14,-8.46,-3.33,-8.93,-5.88,阴阴阴,-3.33,-8.93
002095.SZSE,2024-11-22,2024-11-19,-5.54,-5.17,-8.38,-2.39,-3.37,0.39,-5.54,阴阳阴,0.39,-5.54
002095.SZSE,2024-11-29,2024-11-27,-7.03,2.28,12.51,33.09,9.99,10.02,-7.03,阳阳阴,10.02,-7.03
002095.SZSE,2024-12-02,2024-11-27,-7.03,2.28,12.51,33.09,9.99,10.02,-7.03,阳阳阴,10.02,-7.03
002097.SZSE,2025-07-24,2025-07-21,-0.62,0.5,1.26,0.37,0.76,1.13,-0.62,阳阳阴,1.13,-0.62
002098.SZSE,2025-04-18,2025-04-15,2.78,2.35,7.25,2.27,4.78,-0.41,2.78,阳阴阳,4.78,-0.41
002099.SZSE,2026-02-10,2026-02-06,-2.15,-1.3,0.29,10.27,1.62,0.87,-2.15,阳阳阴,1.62,-2.15
002103.SZSE,2023-11-21,2023-11-16,0.16,-0.16,2.32,1.48,2.49,-0.32,0.16,阳阴阳,2.49,-0.32
002103.SZSE,2024-11-22,2024-11-20,5.39,0.28,10.37,3.78,10.06,-4.85,5.39,阳阴阳,10.06,-4.85
002104.SZSE,2024-09-09,2024-09-05,-1.13,1.54,0.19,3.29,-1.33,2.7,-1.13,阴阳阴,2.7,-1.33
002104.SZSE,2025-06-03,2025-05-29,0.96,0.82,3.23,0.28,2.38,-0.14,0.96,阳阴阳,2.38,-0.14
002104.SZSE,2025-08-14,2025-08-12,4.42,4.59,2.06,1.57,-2.41,0.15,4.42,阴阳阳,4.42,-2.41
002104.SZSE,2025-08-15,2025-08-12,4.42,4.59,2.06,1.57,-2.41,0.15,4.42,阴阳阳,4.42,-2.41
002105.SZSE,2025-03-06,2025-03-04,-1.86,-6.23,-2.77,0.94,3.69,-4.45,-1.86,阳阴阴,3.69,-4.45
002105.SZSE,2025-03-07,2025-03-04,-1.86,-6.23,-2.77,0.94,3.69,-4.45,-1.86,阳阴阴,3.69,-4.45
002105.SZSE,2025-05-20,2025-05-16,-2.55,-0.91,-2.3,3.03,-1.41,1.69,-2.55,阴阳阴,1.69,-2.55
002105.SZSE,2025-12-11,2025-12-09,1.84,6.17,5.74,4.68,-0.41,4.25,1.84,阴阳阳,4.25,-0.41
002108.SZSE,2025-06-27,2025-06-25,3.66,5.26,4.94,0.31,-0.31,1.55,3.66,阴阳阳,3.66,-0.31
002112.SZSE,2025-02-18,2025-02-14,4.11,3.58,4.86,5.71,1.23,-0.5,4.11,阳阴阳,4.11,-0.5
002112.SZSE,2026-01-15,2026-01-13,1.53,3.99,1.99,10.52,-1.93,2.42,1.53,阴阳阳,2.42,-1.93
002112.SZSE,2026-01-16,2026-01-13,1.53,3.99,1.99,10.52,-1.93,2.42,1.53,阴阳阳,2.42,-1.93
002114.SZSE,2024-12-06,2024-12-04,0.16,2.55,3.88,5.94,1.29,2.39,0.16,阳阳阳,2.39,0.16
002115.SZSE,2023-10-25,2023-10-23,-3.48,0.91,-1.92,3.92,-2.8,4.55,-3.48,阴阳阴,4.55,-3.48
002115.SZSE,2023-10-26,2023-10-23,-3.48,0.91,-1.92,3.92,-2.8,4.55,-3.48,阴阳阴,4.55,-3.48
002115.SZSE,2024-12-13,2024-12-10,3.35,1.93,12.12,4.83,10.0,-1.38,3.35,阳阴阳,10.0,-1.38
002115.SZSE,2025-09-01,2025-08-28,-4.21,-3.67,-0.23,4.88,3.58,0.56,-4.21,阳阳阴,3.58,-4.21
002117.SZSE,2024-11-26,2024-11-22,2.26,4.63,6.06,2.19,1.36,2.32,2.26,阳阳阳,2.32,1.36
002119.SZSE,2026-01-19,2026-01-15,0.0,-3.99,-3.37,2.09,0.64,-3.99,0.0,阳阴阳,0.64,-3.99
002119.SZSE,2026-06-12,2026-06-10,6.57,3.83,5.22,0.33,1.35,-2.58,6.57,阳阴阳,6.57,-2.58
002123.SZSE,2024-10-09,2024-09-30,5.5,4.92,7.88,-1.09,2.81,-0.55,5.5,阳阴阳,5.5,-0.55
002123.SZSE,2025-02-07,2025-02-05,-3.7,-2.11,-2.38,-3.49,-0.27,1.65,-3.7,阴阳阴,1.65,-3.7
002123.SZSE,2025-02-10,2025-02-05,-3.7,-2.11,-2.38,-3.49,-0.27,1.65,-3.7,阴阳阴,1.65,-3.7
002124.SZSE,2026-04-15,2026-04-13,0.43,-2.08,-0.84,1.74,1.27,-2.5,0.43,阳阴阳,1.27,-2.5
002125.SZSE,2025-06-23,2025-06-19,-0.2,-0.2,-2.12,-0.68,-1.93,0.0,-0.2,阴阳阴,0.0,-1.93
002125.SZSE,2025-06-24,2025-06-19,-0.2,-0.2,-2.12,-0.68,-1.93,0.0,-0.2,阴阳阴,0.0,-1.93
002127.SZSE,2024-11-22,2024-11-20,1.9,-2.13,-3.88,-8.93,-1.79,-3.95,1.9,阴阴阳,1.9,-3.95
002130.SZSE,2024-03-25,2024-03-20,0.94,2.74,4.02,3.92,1.25,1.78,0.94,阳阳阳,1.78,0.94
002131.SZSE,2025-01-09,2025-01-07,-2.07,-8.68,-8.09,-10.49,0.65,-6.75,-2.07,阳阴阴,0.65,-6.75
002131.SZSE,2025-08-20,2025-08-18,1.25,-0.49,1.76,-0.75,2.27,-1.72,1.25,阳阴阳,2.27,-1.72
002131.SZSE,2026-01-06,2025-12-31,0.59,-0.39,-0.97,-2.67,-0.58,-0.97,0.59,阴阴阳,0.59,-0.97
002131.SZSE,2026-01-14,2026-01-09,2.88,2.26,9.35,16.84,6.94,-0.6,2.88,阳阴阳,6.94,-0.6
002133.SZSE,2025-04-11,2025-04-09,2.59,-7.39,-5.93,-9.02,1.58,-9.73,2.59,阳阴阳,2.59,-9.73
002134.SZSE,2024-10-24,2024-10-22,0.07,10.05,21.09,23.63,10.03,9.97,0.07,阳阳阳,10.03,0.07
002134.SZSE,2024-10-25,2024-10-22,0.07,10.05,21.09,23.63,10.03,9.97,0.07,阳阳阳,10.03,0.07
002136.SZSE,2025-11-11,2025-11-07,7.13,9.12,9.12,2.73,0.0,1.86,7.13,阳阳阳,7.13,0.0
002137.SZSE,2023-11-24,2023-11-22,-1.75,-0.27,0.28,2.34,0.55,1.5,-1.75,阳阳阴,1.5,-1.75
002137.SZSE,2024-12-23,2024-12-19,1.02,-5.31,-8.79,-11.79,-3.67,-6.27,1.02,阴阴阳,1.02,-6.27
002141.SZSE,2026-06-18,2026-06-16,7.93,4.12,-1.67,-1.5,-5.56,-3.53,7.93,阴阴阳,7.93,-5.56
002141.SZSE,2026-06-22,2026-06-16,7.93,4.12,-1.67,-1.5,-5.56,-3.53,7.93,阴阴阳,7.93,-5.56
002141.SZSE,2026-07-16,2026-07-14,-9.9,-13.27,-17.14,-11.97,-4.46,-3.74,-9.9,阴阴阴,-3.74,-9.9
002146.SZSE,2023-06-14,2023-06-09,-10.0,-18.75,-20.41,-17.72,-2.04,-9.72,-10.0,阴阴阴,-2.04,-10.0
002146.SZSE,2023-07-21,2023-07-19,1.14,11.25,11.25,7.98,0.0,10.0,1.14,阳阳阳,10.0,0.0
002146.SZSE,2023-07-24,2023-07-19,1.14,11.25,11.25,7.98,0.0,10.0,1.14,阳阳阳,10.0,0.0
002146.SZSE,2024-05-06,2024-04-29,3.76,3.76,2.22,-2.21,-1.48,0.0,3.76,阴阳阳,3.76,-1.48
002146.SZSE,2024-05-20,2024-05-16,1.83,1.21,-1.76,2.5,-2.94,-0.61,1.83,阴阴阳,1.83,-2.94
002146.SZSE,2024-09-30,2024-09-26,4.69,8.94,7.2,4.07,-1.6,4.07,4.69,阴阳阳,4.69,-1.6
002146.SZSE,2024-10-08,2024-09-26,4.69,8.94,7.2,4.07,-1.6,4.07,4.69,阴阳阳,4.69,-1.6
002146.SZSE,2024-11-08,2024-11-05,-1.65,0.0,0.0,11.66,0.0,1.68,-1.65,阳阳阴,1.68,-1.65
002146.SZSE,2025-09-16,2025-09-12,-0.62,0.0,3.92,5.26,3.92,0.63,-0.62,阳阳阴,3.92,-0.62
002148.SZSE,2024-03-22,2024-03-20,-4.0,5.66,7.92,9.83,2.14,10.06,-4.0,阳阳阴,10.06,-4.0
002148.SZSE,2024-12-13,2024-12-11,2.01,1.23,0.76,3.02,-0.46,-0.77,2.01,阴阴阳,2.01,-0.77
002148.SZSE,2024-12-16,2024-12-11,2.01,1.23,0.76,3.02,-0.46,-0.77,2.01,阴阴阳,2.01,-0.77
002148.SZSE,2025-08-13,2025-08-11,-8.78,0.32,10.39,33.12,10.04,9.97,-8.78,阳阳阴,10.04,-8.78
002149.SZSE,2025-12-09,2025-12-05,-1.84,0.54,2.64,7.77,2.09,2.43,-1.84,阳阳阴,2.43,-1.84
002150.SZSE,2025-09-05,2025-09-03,0.77,2.75,1.87,1.48,-0.86,1.96,0.77,阴阳阳,1.96,-0.86
002150.SZSE,2025-09-08,2025-09-03,0.77,2.75,1.87,1.48,-0.86,1.96,0.77,阴阳阳,1.96,-0.86
002151.SZSE,2026-01-06,2025-12-31,-1.01,-2.06,7.72,11.7,9.99,-1.07,-1.01,阳阴阴,9.99,-1.07
002151.SZSE,2026-01-07,2025-12-31,-1.01,-2.06,7.72,11.7,9.99,-1.07,-1.01,阳阴阴,9.99,-1.07
002158.SZSE,2025-08-19,2025-08-15,-1.54,-1.92,-2.4,5.81,-0.49,-0.38,-1.54,阴阴阴,-0.38,-1.54
002158.SZSE,2025-08-20,2025-08-15,-1.54,-1.92,-2.4,5.81,-0.49,-0.38,-1.54,阴阴阴,-0.38,-1.54
002161.SZSE,2024-11-21,2024-11-19,-4.05,-6.29,-9.55,-5.73,-3.47,-2.34,-4.05,阴阴阴,-2.34,-4.05
002161.SZSE,2024-11-22,2024-11-19,-4.05,-6.29,-9.55,-5.73,-3.47,-2.34,-4.05,阴阴阴,-2.34,-4.05
002163.SZSE,2024-12-04,2024-12-02,-0.86,1.09,1.43,3.21,0.33,1.97,-0.86,阳阳阴,1.97,-0.86
002163.SZSE,2025-12-24,2025-12-19,-5.64,-13.31,-17.63,-16.51,-4.98,-8.13,-5.64,阴阴阴,-4.98,-8.13
002164.SZSE,2024-02-27,2024-02-23,2.41,5.2,7.32,9.21,2.02,2.72,2.41,阳阳阳,2.72,2.02
002164.SZSE,2025-01-15,2025-01-13,-2.24,-0.41,-0.41,5.82,0.0,1.87,-2.24,阳阳阴,1.87,-2.24
002164.SZSE,2025-01-16,2025-01-13,-2.24,-0.41,-0.41,5.82,0.0,1.87,-2.24,阳阳阴,1.87,-2.24
002164.SZSE,2025-03-20,2025-03-17,1.59,2.27,9.27,7.25,6.85,0.67,1.59,阳阳阳,6.85,0.67
002164.SZSE,2025-05-06,2025-04-29,-4.5,-3.0,-5.95,8.36,-3.04,1.57,-4.5,阴阳阴,1.57,-4.5
002165.SZSE,2024-11-13,2024-11-08,2.53,3.05,4.11,2.86,1.03,0.51,2.53,阳阳阳,2.53,0.51
002165.SZSE,2025-04-17,2025-04-15,5.99,12.12,14.65,7.71,2.25,5.79,5.99,阳阳阳,5.99,2.25
002165.SZSE,2025-04-18,2025-04-15,5.99,12.12,14.65,7.71,2.25,5.79,5.99,阳阳阳,5.99,2.25
002167.SZSE,2026-06-24,2026-06-18,-4.12,-0.61,3.24,10.4,3.87,3.66,-4.12,阳阳阴,3.87,-4.12
002167.SZSE,2026-07-02,2026-06-30,-6.96,-11.9,-6.52,10.51,6.1,-5.31,-6.96,阳阴阴,6.1,-6.96
002172.SZSE,2026-08-17,2026-08-12,0.0,3.65,4.92,4.92,1.23,3.65,0.0,阳阳阳,3.65,0.0
002173.SZSE,2025-08-14,2025-08-12,6.36,7.16,17.88,8.44,10.01,0.74,6.36,阳阳阳,10.01,0.74
002173.SZSE,2025-08-15,2025-08-12,6.36,7.16,17.88,8.44,10.01,0.74,6.36,阳阳阳,10.01,0.74
002177.SZSE,2025-08-22,2025-08-19,-0.15,-0.73,3.96,3.48,4.72,-0.58,-0.15,阳阴阴,4.72,-0.58
002177.SZSE,2025-12-31,2025-12-29,0.14,2.47,3.98,0.57,1.47,2.32,0.14,阳阳阳,2.32,0.14
002178.SZSE,2023-11-16,2023-11-14,4.14,2.8,0.42,-5.56,-2.31,-1.29,4.14,阴阴阳,4.14,-2.31
002178.SZSE,2024-01-08,2024-01-04,0.39,-0.58,2.81,3.02,3.41,-0.97,0.39,阳阴阳,3.41,-0.97
002178.SZSE,2024-06-21,2024-06-19,5.35,4.04,1.82,-5.92,-2.13,-1.24,5.35,阴阴阳,5.35,-2.13
002178.SZSE,2024-10-09,2024-09-27,1.35,1.35,2.74,2.78,1.37,0.0,1.35,阳阳阳,1.37,0.0
002178.SZSE,2024-10-31,2024-10-29,3.38,6.58,2.99,9.67,-3.36,3.09,3.38,阴阳阳,3.38,-3.36
002178.SZSE,2024-11-01,2024-10-29,3.38,6.58,2.99,9.67,-3.36,3.09,3.38,阴阳阳,3.38,-3.36
002178.SZSE,2024-11-07,2024-11-04,-9.95,-0.9,9.08,33.21,10.07,10.04,-9.95,阳阳阴,10.07,-9.95
002181.SZSE,2024-12-12,2024-12-10,0.0,9.94,16.31,10.61,5.79,9.94,0.0,阳阳阳,9.94,0.0
002181.SZSE,2024-12-13,2024-12-10,0.0,9.94,16.31,10.61,5.79,9.94,0.0,阳阳阳,9.94,0.0
002181.SZSE,2024-12-19,2024-12-17,-4.28,5.26,15.85,33.22,10.06,9.97,-4.28,阳阳阴,10.06,-4.28
002181.SZSE,2025-06-11,2025-06-09,-2.88,1.17,2.36,12.64,1.18,4.17,-2.88,阳阳阴,4.17,-2.88
002181.SZSE,2025-06-12,2025-06-09,-2.88,1.17,2.36,12.64,1.18,4.17,-2.88,阳阳阴,4.17,-2.88
002181.SZSE,2025-09-11,2025-09-09,0.38,2.86,7.03,10.81,4.05,2.47,0.38,阳阳阳,4.05,0.38
002181.SZSE,2025-11-04,2025-10-31,-1.64,-4.3,5.27,9.07,10.0,-2.7,-1.64,阳阴阴,10.0,-2.7
002183.SZSE,2024-10-29,2024-10-25,-1.13,8.15,5.54,13.59,-2.41,9.38,-1.13,阴阳阴,9.38,-2.41
002184.SZSE,2025-01-03,2024-12-31,0.0,0.76,2.31,-1.76,1.54,0.76,0.0,阳阳阳,1.54,0.0
002184.SZSE,2025-01-06,2024-12-31,0.0,0.76,2.31,-1.76,1.54,0.76,0.0,阳阳阳,1.54,0.0
002185.SZSE,2024-02-08,2024-02-06,-5.49,-10.0,-10.14,-8.43,-0.15,-4.77,-5.49,阴阴阴,-0.15,-5.49
002185.SZSE,2026-05-27,2026-05-25,1.58,-2.83,0.85,3.4,3.79,-4.35,1.58,阳阴阳,3.79,-4.35
002187.SZSE,2024-11-29,2024-11-27,2.38,4.28,2.38,0.55,-1.83,1.86,2.38,阴阳阳,2.38,-1.83
002187.SZSE,2024-12-16,2024-12-12,5.11,6.99,4.44,-4.13,-2.38,1.79,5.11,阴阳阳,5.11,-2.38
002187.SZSE,2025-01-17,2025-01-15,1.46,0.6,10.64,3.27,9.97,-0.85,1.46,阳阴阳,9.97,-0.85
002188.SZSE,2025-12-19,2025-12-17,-0.53,2.0,-2.26,-7.24,-4.18,2.55,-0.53,阴阳阴,2.55,-4.18
002188.SZSE,2025-12-22,2025-12-17,-0.53,2.0,-2.26,-7.24,-4.18,2.55,-0.53,阴阳阴,2.55,-4.18
002189.SZSE,2025-06-27,2025-06-25,1.23,4.62,9.47,3.54,4.64,3.35,1.23,阳阳阳,4.64,1.23
002190.SZSE,2025-05-12,2025-05-07,0.72,2.64,3.59,2.34,0.93,1.9,0.72,阳阳阳,1.9,0.72
002190.SZSE,2025-08-22,2025-08-20,0.11,1.81,2.06,-1.53,0.25,1.69,0.11,阳阳阳,1.69,0.11
002190.SZSE,2025-08-25,2025-08-20,0.11,1.81,2.06,-1.53,0.25,1.69,0.11,阳阳阳,1.69,0.11
002192.SZSE,2024-10-08,2024-09-27,3.85,3.47,8.79,4.8,5.14,-0.36,3.85,阳阴阳,5.14,-0.36
002192.SZSE,2026-03-26,2026-03-24,0.36,1.82,-4.36,-6.37,-6.07,1.45,0.36,阴阳阳,1.45,-6.07
002192.SZSE,2026-03-27,2026-03-24,0.36,1.82,-4.36,-6.37,-6.07,1.45,0.36,阴阳阳,1.45,-6.07
002194.SZSE,2024-11-21,2024-11-19,5.71,5.88,16.43,10.33,9.97,0.16,5.71,阳阳阳,9.97,0.16
002195.SZSE,2024-12-04,2024-12-02,3.37,0.27,-1.6,4.71,-1.87,-3.0,3.37,阴阴阳,3.37,-3.0
002195.SZSE,2024-12-05,2024-12-02,3.37,0.27,-1.6,4.71,-1.87,-3.0,3.37,阴阴阳,3.37,-3.0
002195.SZSE,2025-03-07,2025-03-05,-0.38,4.2,5.25,4.39,1.01,4.6,-0.38,阳阳阴,4.6,-0.38
002195.SZSE,2026-01-08,2026-01-05,2.01,1.72,3.2,1.16,1.46,-0.29,2.01,阳阴阳,2.01,-0.29
002196.SZSE,2024-08-01,2024-07-30,0.5,2.79,5.19,1.77,2.34,2.28,0.5,阳阳阳,2.34,0.5
002196.SZSE,2025-03-11,2025-03-07,-0.27,9.64,10.98,9.77,1.22,9.94,-0.27,阳阳阴,9.94,-0.27
002196.SZSE,2025-03-12,2025-03-07,-0.27,9.64,10.98,9.77,1.22,9.94,-0.27,阳阳阴,9.94,-0.27
002197.SZSE,2026-07-23,2026-07-21,4.73,-0.35,1.05,0.36,1.4,-4.84,4.73,阳阴阳,4.73,-4.84
002199.SZSE,2023-06-27,2023-06-21,-0.39,1.2,5.99,4.09,4.74,1.6,-0.39,阳阳阴,4.74,-0.39
002199.SZSE,2024-06-14,2024-06-12,4.18,6.28,-1.25,-10.08,-7.08,2.02,4.18,阴阳阳,4.18,-7.08
002199.SZSE,2024-06-17,2024-06-12,4.18,6.28,-1.25,-10.08,-7.08,2.02,4.18,阴阳阳,4.18,-7.08
002199.SZSE,2024-10-18,2024-10-16,-0.14,0.28,-3.89,5.91,-4.16,0.42,-0.14,阴阳阴,0.42,-4.16
002199.SZSE,2024-10-21,2024-10-16,-0.14,0.28,-3.89,5.91,-4.16,0.42,-0.14,阴阳阴,0.42,-4.16
002199.SZSE,2026-07-30,2026-07-28,-6.27,3.08,13.44,21.27,10.05,9.97,-6.27,阳阳阴,10.05,-6.27
002201.SZSE,2026-04-23,2026-04-21,3.6,3.35,7.38,1.75,3.9,-0.24,3.6,阳阴阳,3.9,-0.24
002202.SZSE,2026-01-08,2026-01-06,6.96,8.02,0.74,3.61,-6.74,0.99,6.96,阴阳阳,6.96,-6.74
002202.SZSE,2026-01-09,2026-01-06,6.96,8.02,0.74,3.61,-6.74,0.99,6.96,阴阳阳,6.96,-6.74
002204.SZSE,2025-03-24,2025-03-19,0.0,0.96,2.34,1.35,1.36,0.96,0.0,阳阳阳,1.36,0.0
002208.SZSE,2025-10-14,2025-10-10,7.31,9.7,7.72,10.48,-1.8,2.23,7.31,阴阳阳,7.31,-1.8
002208.SZSE,2025-10-15,2025-10-10,7.31,9.7,7.72,10.48,-1.8,2.23,7.31,阴阳阳,7.31,-1.8
002208.SZSE,2026-05-14,2026-05-12,5.24,1.57,6.82,2.84,5.17,-3.48,5.24,阳阴阳,5.24,-3.48
002209.SZSE,2024-03-04,2024-02-28,4.71,8.47,13.88,15.62,4.99,3.59,4.71,阳阳阳,4.99,3.59
002209.SZSE,2025-07-15,2025-07-11,-0.16,-0.31,0.16,1.36,0.47,-0.16,-0.16,阳阴阴,0.47,-0.16
002209.SZSE,2025-07-16,2025-07-11,-0.16,-0.31,0.16,1.36,0.47,-0.16,-0.16,阳阴阴,0.47,-0.16
002210.SZSE,2026-04-29,2026-04-27,-1.19,-3.11,-3.86,-2.33,-0.77,-1.95,-1.19,阴阴阴,-0.77,-1.95
002212.SZSE,2025-08-25,2025-08-21,3.07,3.2,5.14,2.39,1.88,0.12,3.07,阳阳阳,3.07,0.12
002212.SZSE,2025-08-28,2025-08-26,0.79,10.83,21.93,24.69,10.01,9.97,0.79,阳阳阳,10.01,0.79
002213.SZSE,2024-12-06,2024-12-04,1.62,3.65,4.83,2.8,1.14,2.0,1.62,阳阳阳,2.0,1.14
002213.SZSE,2025-02-07,2025-02-05,-5.99,-5.21,-8.88,-7.04,-3.87,0.83,-5.99,阴阳阴,0.83,-5.99
002213.SZSE,2025-10-28,2025-10-24,0.33,-3.21,6.5,3.9,10.03,-3.53,0.33,阳阴阳,10.03,-3.53
002213.SZSE,2025-11-20,2025-11-18,-2.45,-8.72,-4.94,-0.11,4.14,-6.43,-2.45,阳阴阴,4.14,-6.43
002218.SZSE,2024-05-24,2024-05-22,-2.66,-2.37,-1.2,1.5,1.2,0.3,-2.66,阳阳阴,1.2,-2.66
002218.SZSE,2026-01-16,2026-01-14,-4.34,-0.22,-1.07,4.76,-0.85,4.31,-4.34,阴阳阴,4.31,-4.34
002218.SZSE,2026-01-27,2026-01-23,5.76,-0.8,1.22,-8.93,2.04,-6.2,5.76,阳阴阳,5.76,-6.2
002218.SZSE,2026-01-28,2026-01-23,5.76,-0.8,1.22,-8.93,2.04,-6.2,5.76,阳阴阳,5.76,-6.2
002219.SZSE,2024-10-09,2024-09-30,5.03,8.29,10.0,11.17,1.58,3.11,5.03,阳阳阳,5.03,1.58
002222.SZSE,2023-11-08,2023-11-06,2.98,0.47,-0.16,-1.93,-0.62,-2.43,2.98,阴阴阳,2.98,-2.43
002226.SZSE,2025-07-23,2025-07-21,2.14,2.14,0.0,-0.53,-2.1,0.0,2.14,阴阳阳,2.14,-2.1
002228.SZSE,2025-12-24,2025-12-22,9.29,12.03,14.03,-0.73,1.79,2.51,9.29,阳阳阳,9.29,1.79
002229.SZSE,2023-04-26,2023-04-24,-10.01,-9.25,-8.99,2.09,0.29,0.85,-10.01,阳阳阴,0.85,-10.01
002229.SZSE,2023-05-29,2023-05-25,7.31,-2.55,-2.63,-4.72,-0.09,-9.18,7.31,阴阴阳,7.31,-9.18
002229.SZSE,2023-05-30,2023-05-25,7.31,-2.55,-2.63,-4.72,-0.09,-9.18,7.31,阴阴阳,7.31,-9.18
002229.SZSE,2024-10-28,2024-10-24,1.77,11.97,14.09,15.23,1.9,10.02,1.77,阳阳阳,10.02,1.77
002229.SZSE,2025-04-29,2025-04-25,1.21,1.88,0.09,0.56,-1.75,0.66,1.21,阴阳阳,1.21,-1.75
002229.SZSE,2025-04-30,2025-04-25,1.21,1.88,0.09,0.56,-1.75,0.66,1.21,阴阳阳,1.21,-1.75
002229.SZSE,2026-08-13,2026-08-11,0.85,-1.3,-3.09,-4.34,-1.82,-2.13,0.85,阴阴阳,0.85,-2.13
002232.SZSE,2023-10-31,2023-10-26,2.75,4.22,0.07,-5.58,-3.99,1.43,2.75,阴阳阳,2.75,-3.99
002232.SZSE,2024-07-25,2024-07-23,-0.15,3.86,0.29,3.15,-3.43,4.01,-0.15,阴阳阴,4.01,-3.43
002232.SZSE,2024-07-30,2024-07-26,6.62,17.28,28.99,20.8,9.98,10.0,6.62,阳阳阳,10.0,6.62
002232.SZSE,2024-07-31,2024-07-26,6.62,17.28,28.99,20.8,9.98,10.0,6.62,阳阳阳,10.0,6.62
002232.SZSE,2024-09-24,2024-09-20,2.7,0.07,-2.31,-6.0,-2.37,-2.57,2.7,阴阴阳,2.7,-2.57
002232.SZSE,2024-11-14,2024-11-12,-0.05,1.65,5.78,6.8,4.06,1.7,-0.05,阳阳阴,4.06,-0.05
002232.SZSE,2025-08-28,2025-08-26,1.73,3.52,3.24,2.97,-0.27,1.76,1.73,阴阳阳,1.76,-0.27
002235.SZSE,2025-12-11,2025-12-08,-1.38,8.53,0.87,4.09,-7.06,10.05,-1.38,阴阳阴,10.05,-7.06
002239.SZSE,2023-11-20,2023-11-16,1.09,2.21,3.35,1.48,1.12,1.1,1.09,阳阳阳,1.12,1.09
002239.SZSE,2023-11-21,2023-11-16,1.09,2.21,3.35,1.48,1.12,1.1,1.09,阳阳阳,1.12,1.09
002243.SZSE,2024-10-30,2024-10-25,-0.28,-1.26,-0.28,0.71,0.99,-0.98,-0.28,阳阴阴,0.99,-0.98
002246.SZSE,2025-07-21,2025-07-17,1.24,-0.27,1.94,0.76,2.22,-1.49,1.24,阳阴阳,2.22,-1.49
002247.SZSE,2024-11-07,2024-11-04,-8.48,0.78,10.68,25.22,9.83,10.12,-8.48,阳阳阴,10.12,-8.48
002248.SZSE,2024-10-25,2024-10-23,2.98,3.27,4.61,3.68,1.3,0.28,2.98,阳阳阳,2.98,0.28
002248.SZSE,2024-10-28,2024-10-23,2.98,3.27,4.61,3.68,1.3,0.28,2.98,阳阳阳,2.98,0.28
002248.SZSE,2026-08-12,2026-08-10,0.22,1.9,3.63,3.17,1.7,1.67,0.22,阳阳阳,1.7,0.22
002250.SZSE,2025-05-30,2025-05-28,5.5,4.38,9.16,1.87,4.58,-1.06,5.5,阳阴阳,5.5,-1.06
002250.SZSE,2025-06-03,2025-05-28,5.5,4.38,9.16,1.87,4.58,-1.06,5.5,阳阴阳,5.5,-1.06
002251.SZSE,2025-04-23,2025-04-21,5.06,6.28,6.28,2.59,0.0,1.16,5.06,阳阳阳,5.06,0.0
002251.SZSE,2025-04-24,2025-04-21,5.06,6.28,6.28,2.59,0.0,1.16,5.06,阳阳阳,5.06,0.0
002253.SZSE,2024-04-26,2024-04-24,0.21,-4.95,-3.59,-0.11,1.43,-5.15,0.21,阳阴阳,1.43,-5.15
002253.SZSE,2024-04-29,2024-04-24,0.21,-4.95,-3.59,-0.11,1.43,-5.15,0.21,阳阴阳,1.43,-5.15
002253.SZSE,2024-10-30,2024-10-28,7.84,8.98,10.14,-3.35,1.07,1.06,7.84,阳阳阳,7.84,1.06
002253.SZSE,2024-10-31,2024-10-28,7.84,8.98,10.14,-3.35,1.07,1.06,7.84,阳阳阳,7.84,1.06
002254.SZSE,2026-06-09,2026-06-05,3.22,4.98,4.28,1.41,-0.66,1.71,3.22,阴阳阳,3.22,-0.66
002256.SZSE,2025-09-01,2025-08-28,7.26,9.02,10.37,2.06,1.24,1.64,7.26,阳阳阳,7.26,1.24
002256.SZSE,2025-09-02,2025-08-28,7.26,9.02,10.37,2.06,1.24,1.64,7.26,阳阳阳,7.26,1.24
002261.SZSE,2024-10-09,2024-09-30,3.23,3.51,9.39,-0.68,5.68,0.28,3.23,阳阳阳,5.68,0.28
002261.SZSE,2025-02-07,2025-02-05,-3.87,-0.47,-1.23,1.56,-0.76,3.54,-3.87,阴阳阴,3.54,-3.87
002263.SZSE,2025-06-26,2025-06-24,2.4,1.99,-0.39,-4.21,-2.33,-0.4,2.4,阴阴阳,2.4,-2.33
002263.SZSE,2025-06-27,2025-06-24,2.4,1.99,-0.39,-4.21,-2.33,-0.4,2.4,阴阴阳,2.4,-2.33
002265.SZSE,2024-12-04,2024-12-02,4.02,3.92,3.64,-2.67,-0.27,-0.09,4.02,阴阴阳,4.02,-0.27
002265.SZSE,2024-12-05,2024-12-02,4.02,3.92,3.64,-2.67,-0.27,-0.09,4.02,阴阴阳,4.02,-0.27
002265.SZSE,2024-12-12,2024-12-10,5.12,15.65,27.24,33.16,10.03,10.01,5.12,阳阳阳,10.03,5.12
002265.SZSE,2024-12-13,2024-12-10,5.12,15.65,27.24,33.16,10.03,10.01,5.12,阳阳阳,10.03,5.12
002265.SZSE,2025-07-21,2025-07-17,-0.93,-2.7,1.31,4.28,4.12,-1.79,-0.93,阳阴阴,4.12,-1.79
002266.SZSE,2025-07-23,2025-07-21,3.4,4.04,2.76,-2.11,-1.23,0.62,3.4,阴阳阳,3.4,-1.23
002266.SZSE,2025-07-24,2025-07-21,3.4,4.04,2.76,-2.11,-1.23,0.62,3.4,阴阳阳,3.4,-1.23
002268.SZSE,2024-02-08,2024-02-06,-8.62,-11.08,-11.99,-9.14,-1.03,-2.69,-8.62,阴阴阴,-1.03,-8.62
002269.SZSE,2024-12-03,2024-11-29,4.55,4.55,5.75,1.73,1.15,0.0,4.55,阳阳阳,4.55,0.0
002269.SZSE,2025-09-05,2025-09-03,0.92,9.5,10.61,10.71,1.01,8.5,0.92,阳阳阳,8.5,0.92
002271.SZSE,2024-10-08,2024-09-27,4.01,5.36,8.99,5.38,3.44,1.29,4.01,阳阳阳,4.01,1.29
002272.SZSE,2025-08-19,2025-08-15,-4.24,-2.94,-0.37,7.2,2.65,1.36,-4.24,阳阳阴,2.65,-4.24
002272.SZSE,2025-08-20,2025-08-15,-4.24,-2.94,-0.37,7.2,2.65,1.36,-4.24,阳阳阴,2.65,-4.24
002272.SZSE,2026-05-20,2026-05-18,-2.29,-7.91,-3.35,-2.29,4.95,-5.75,-2.29,阳阴阴,4.95,-5.75
002276.SZSE,2025-02-28,2025-02-26,-0.74,4.35,4.05,9.57,-0.29,5.12,-0.74,阴阳阴,5.12,-0.74
002277.SZSE,2023-11-02,2023-10-31,0.6,4.04,9.48,6.05,5.23,3.42,0.6,阳阳阳,5.23,0.6
002278.SZSE,2024-07-30,2024-07-26,1.8,0.77,-1.5,-3.0,-2.24,-1.02,1.8,阴阴阳,1.8,-2.24
002278.SZSE,2025-03-17,2025-03-13,1.05,0.17,1.58,0.0,1.4,-0.87,1.05,阳阴阳,1.4,-0.87
002278.SZSE,2025-03-18,2025-03-13,1.05,0.17,1.58,0.0,1.4,-0.87,1.05,阳阴阳,1.4,-0.87
002278.SZSE,2025-10-23,2025-10-20,-4.04,-3.24,-3.14,2.88,0.1,0.84,-4.04,阳阳阴,0.84,-4.04
002279.SZSE,2023-08-23,2023-08-21,-5.19,-7.65,-5.72,-5.56,2.09,-2.6,-5.19,阳阴阴,2.09,-5.19
002281.SZSE,2024-03-04,2024-02-29,-7.11,-1.91,-3.4,7.27,-1.52,5.61,-7.11,阴阳阴,5.61,-7.11
002285.SZSE,2024-09-30,2024-09-26,0.0,2.03,1.01,1.01,-1.01,2.03,0.0,阴阳阳,2.03,-1.01
002285.SZSE,2024-10-08,2024-09-26,0.0,2.03,1.01,1.01,-1.01,2.03,0.0,阴阳阳,2.03,-1.01
002285.SZSE,2024-11-07,2024-11-05,7.5,14.02,18.5,13.36,3.94,6.06,7.5,阳阳阳,7.5,3.94
002287.SZSE,2025-08-01,2025-07-30,5.51,5.17,5.21,-0.72,0.04,-0.32,5.51,阳阴阳,5.51,-0.32
002287.SZSE,2025-08-04,2025-07-30,5.51,5.17,5.21,-0.72,0.04,-0.32,5.51,阳阴阳,5.51,-0.32
002290.SZSE,2024-02-20,2024-02-08,-5.69,-12.9,-21.61,-22.16,-10.0,-7.65,-5.69,阴阴阴,-5.69,-10.0
002290.SZSE,2024-11-12,2024-11-08,0.86,0.33,3.68,6.27,3.34,-0.53,0.86,阳阴阳,3.34,-0.53
002290.SZSE,2025-02-20,2025-02-18,1.23,4.94,3.32,1.19,-1.54,3.66,1.23,阴阳阳,3.66,-1.54
002291.SZSE,2024-12-17,2024-12-13,-0.78,2.01,6.44,6.24,4.34,2.82,-0.78,阳阳阴,4.34,-0.78
002291.SZSE,2025-01-17,2025-01-14,-3.04,-9.87,-6.05,0.68,4.25,-7.05,-3.04,阳阴阴,4.25,-7.05
002292.SZSE,2023-04-11,2023-04-07,-4.73,-7.47,1.74,10.82,9.95,-2.87,-4.73,阳阴阴,9.95,-4.73
002292.SZSE,2023-04-12,2023-04-07,-4.73,-7.47,1.74,10.82,9.95,-2.87,-4.73,阳阴阴,9.95,-4.73
002295.SZSE,2025-09-26,2025-09-24,2.86,2.67,4.5,0.46,1.78,-0.18,2.86,阳阴阳,2.86,-0.18
002296.SZSE,2024-04-23,2024-04-19,3.27,13.59,2.39,-6.13,-9.86,10.0,3.27,阴阳阳,10.0,-9.86
002297.SZSE,2025-12-26,2025-12-24,-0.97,-1.73,0.49,5.73,2.26,-0.77,-0.97,阳阴阴,2.26,-0.97
002297.SZSE,2026-04-16,2026-04-13,-1.26,-2.57,2.33,4.32,5.03,-1.33,-1.26,阳阴阴,5.03,-1.33
002297.SZSE,2026-06-23,2026-06-18,7.87,11.6,14.88,11.73,2.94,3.46,7.87,阳阳阳,7.87,2.94
002298.SZSE,2024-11-12,2024-11-08,2.55,1.95,8.28,7.59,6.21,-0.58,2.55,阳阴阳,6.21,-0.58
002298.SZSE,2025-04-29,2025-04-25,-3.68,-5.72,-7.1,-1.49,-1.46,-2.12,-3.68,阴阴阴,-1.46,-3.68
002298.SZSE,2025-06-06,2025-06-04,-0.33,-3.4,0.34,-1.16,3.87,-3.07,-0.33,阳阴阴,3.87,-3.07
002300.SZSE,2025-03-26,2025-03-21,1.59,1.23,1.59,2.35,0.35,-0.35,1.59,阳阴阳,1.59,-0.35
002300.SZSE,2025-12-05,2025-12-02,1.0,4.12,3.06,0.0,-1.02,3.09,1.0,阴阳阳,3.09,-1.02
002300.SZSE,2025-12-16,2025-12-12,-5.72,-1.82,-6.36,-0.48,-4.62,4.14,-5.72,阴阳阴,4.14,-5.72
002301.SZSE,2024-11-29,2024-11-26,2.32,-0.32,0.16,0.5,0.49,-2.58,2.32,阳阴阳,2.32,-2.58
002302.SZSE,2024-08-27,2024-08-23,-1.41,-2.98,-3.94,-2.17,-0.98,-1.59,-1.41,阴阴阴,-0.98,-1.59
002302.SZSE,2025-07-23,2025-07-21,-0.33,-0.5,-0.5,-0.82,0.0,-0.17,-0.33,阳阴阴,0.0,-0.33
002307.SZSE,2025-08-12,2025-08-08,1.45,1.45,2.7,1.72,1.23,0.0,1.45,阳阳阳,1.45,0.0
002309.SZSE,2025-11-13,2025-11-11,0.63,0.63,0.32,2.94,-0.32,0.0,0.63,阴阳阳,0.63,-0.32
002309.SZSE,2026-03-25,2026-03-20,-1.7,-1.14,0.87,1.44,2.04,0.57,-1.7,阳阳阴,2.04,-1.7
002310.SZSE,2023-07-21,2023-07-19,-0.58,0.0,0.0,-1.16,0.0,0.59,-0.58,阳阳阴,0.59,-0.58
002310.SZSE,2023-07-24,2023-07-19,-0.58,0.0,0.0,-1.16,0.0,0.59,-0.58,阳阳阴,0.59,-0.58
002310.SZSE,2026-03-23,2026-03-19,-4.33,-4.01,5.51,14.5,9.93,0.33,-4.33,阳阳阴,9.93,-4.33
002312.SZSE,2024-02-08,2024-02-06,-6.48,-11.09,-13.82,-11.18,-3.07,-4.93,-6.48,阴阴阴,-3.07,-6.48
002312.SZSE,2024-10-30,2024-10-28,5.22,6.35,16.97,12.59,9.98,1.07,5.22,阳阳阳,9.98,1.07
002312.SZSE,2024-10-31,2024-10-28,5.22,6.35,16.97,12.59,9.98,1.07,5.22,阳阳阳,9.98,1.07
002313.SZSE,2023-11-07,2023-11-03,2.7,2.98,5.26,5.26,2.22,0.27,2.7,阳阳阳,2.7,0.27
002313.SZSE,2023-12-04,2023-11-30,0.91,1.38,2.44,-1.13,1.04,0.46,0.91,阳阳阳,1.04,0.46
002313.SZSE,2024-02-27,2024-02-22,4.05,8.25,17.55,20.0,8.59,4.04,4.05,阳阳阳,8.59,4.04
002313.SZSE,2024-03-12,2024-03-08,-6.62,-8.47,-4.79,12.22,4.03,-1.99,-6.62,阳阴阴,4.03,-6.62
002313.SZSE,2024-03-13,2024-03-08,-6.62,-8.47,-4.79,12.22,4.03,-1.99,-6.62,阳阴阴,4.03,-6.62
002313.SZSE,2024-10-29,2024-10-25,1.59,0.52,0.52,1.47,0.0,-1.05,1.59,阳阴阳,1.59,-1.05
002313.SZSE,2025-02-17,2025-02-13,-1.26,8.65,13.62,14.48,4.57,10.04,-1.26,阳阳阴,10.04,-1.26
002313.SZSE,2025-08-07,2025-08-05,1.89,5.25,5.58,1.72,0.31,3.3,1.89,阳阳阳,3.3,0.31
002313.SZSE,2025-08-08,2025-08-05,1.89,5.25,5.58,1.72,0.31,3.3,1.89,阳阳阳,3.3,0.31
002315.SZSE,2023-05-05,2023-04-28,-2.42,7.34,18.09,21.62,10.02,10.0,-2.42,阳阳阴,10.02,-2.42
002316.SZSE,2023-04-19,2023-04-17,-1.54,3.47,0.0,1.79,-3.36,5.09,-1.54,阴阳阴,5.09,-3.36
002316.SZSE,2024-02-28,2024-02-26,4.53,11.48,10.48,16.12,-0.9,6.65,4.53,阴阳阳,6.65,-0.9
002316.SZSE,2026-01-12,2026-01-08,-2.48,-0.84,-0.21,2.76,0.63,1.68,-2.48,阳阳阴,1.68,-2.48
002319.SZSE,2024-02-02,2024-01-31,-10.03,-14.05,-17.34,-0.34,-3.83,-4.47,-10.03,阴阴阴,-3.83,-10.03
002321.SZSE,2024-11-27,2024-11-25,-1.81,-1.36,0.46,1.38,1.85,0.45,-1.81,阳阳阴,1.85,-1.81
002328.SZSE,2026-04-13,2026-04-09,1.58,6.37,12.84,8.16,6.08,4.71,1.58,阳阳阳,6.08,1.58
002329.SZSE,2026-08-12,2026-08-10,-1.87,-4.26,-4.83,3.22,-0.6,-2.43,-1.87,阴阴阴,-0.6,-2.43
002329.SZSE,2026-08-13,2026-08-10,-1.87,-4.26,-4.83,3.22,-0.6,-2.43,-1.87,阴阴阴,-0.6,-2.43
002331.SZSE,2023-11-27,2023-11-23,3.86,7.33,8.87,5.79,1.43,3.34,3.86,阳阳阳,3.86,1.43
002331.SZSE,2023-11-28,2023-11-23,3.86,7.33,8.87,5.79,1.43,3.34,3.86,阳阳阳,3.86,1.43
002331.SZSE,2025-05-14,2025-05-12,-1.7,-1.05,-0.27,4.22,0.8,0.66,-1.7,阳阳阴,0.8,-1.7
002333.SZSE,2024-01-19,2024-01-17,-0.61,0.0,2.67,5.62,2.67,0.61,-0.61,阳阳阴,2.67,-0.61
002338.SZSE,2025-05-09,2025-05-07,2.51,4.25,3.19,-1.02,-1.01,1.69,2.51,阴阳阳,2.51,-1.01
002339.SZSE,2024-05-13,2024-05-09,-3.54,-5.3,0.0,-5.72,5.59,-1.82,-3.54,阳阴阴,5.59,-3.54
002339.SZSE,2024-05-14,2024-05-09,-3.54,-5.3,0.0,-5.72,5.59,-1.82,-3.54,阳阴阴,5.59,-3.54
002339.SZSE,2024-12-19,2024-12-17,2.3,4.99,4.99,4.13,0.0,2.62,2.3,阳阳阳,2.62,0.0
002342.SZSE,2026-01-13,2026-01-08,-2.26,4.61,-1.41,8.16,-5.76,7.04,-2.26,阴阳阴,7.04,-5.76
002342.SZSE,2026-01-23,2026-01-21,-5.75,-10.32,-19.29,-22.93,-10.0,-4.85,-5.75,阴阴阴,-4.85,-10.0
002343.SZSE,2025-02-24,2025-02-19,-4.46,-6.27,-6.27,0.45,0.0,-1.9,-4.46,阳阴阴,0.0,-4.46
002344.SZSE,2024-11-20,2024-11-15,-2.72,-3.19,-3.19,-0.49,0.0,-0.49,-2.72,阳阴阴,0.0,-2.72
002346.SZSE,2025-01-08,2025-01-06,-3.24,0.1,-2.57,-1.64,-2.67,3.45,-3.24,阴阳阴,3.45,-3.24
002347.SZSE,2024-01-10,2024-01-08,-3.02,-6.57,-4.68,-0.79,2.03,-3.67,-3.02,阳阴阴,2.03,-3.67
002347.SZSE,2024-03-19,2024-03-15,4.73,3.18,4.06,-0.64,0.85,-1.48,4.73,阳阴阳,4.73,-1.48
002347.SZSE,2024-10-11,2024-10-09,4.18,12.81,16.32,14.32,3.11,8.29,4.18,阳阳阳,8.29,3.11
002347.SZSE,2024-12-03,2024-11-28,0.59,-3.38,-2.1,0.99,1.33,-3.95,0.59,阳阴阳,1.33,-3.95
002347.SZSE,2025-12-29,2025-12-25,1.59,-1.79,-2.41,-1.82,-0.64,-3.32,1.59,阴阴阳,1.59,-3.32
002347.SZSE,2025-12-30,2025-12-25,1.59,-1.79,-2.41,-1.82,-0.64,-3.32,1.59,阴阴阳,1.59,-3.32
002348.SZSE,2024-11-08,2024-11-06,3.02,3.37,-2.54,-8.87,-5.71,0.34,3.02,阴阳阳,3.02,-5.71
002348.SZSE,2024-11-27,2024-11-25,-2.39,1.38,11.52,17.08,10.0,3.86,-2.39,阳阳阴,10.0,-2.39
002354.SZSE,2024-11-22,2024-11-20,-2.64,-0.67,9.38,15.19,10.12,2.02,-2.64,阳阳阴,10.12,-2.64
002354.SZSE,2024-12-10,2024-12-05,-4.13,-5.19,4.29,14.38,10.0,-1.11,-4.13,阳阴阴,10.0,-4.13
002354.SZSE,2026-06-09,2026-06-05,-2.1,-9.7,-18.68,-13.57,-9.95,-7.76,-2.1,阴阴阴,-2.1,-9.95
002354.SZSE,2026-06-10,2026-06-05,-2.1,-9.7,-18.68,-13.57,-9.95,-7.76,-2.1,阴阴阴,-2.1,-9.95
002354.SZSE,2026-08-04,2026-07-31,-4.36,-4.98,-5.88,4.56,-0.95,-0.64,-4.36,阴阴阴,-0.64,-4.36
002355.SZSE,2025-05-07,2025-04-30,1.79,-1.73,-1.22,-6.05,0.52,-3.45,1.79,阳阴阳,1.79,-3.45
002356.SZSE,2023-07-04,2023-06-30,3.39,3.12,7.03,1.59,3.78,-0.26,3.39,阳阴阳,3.78,-0.26
002356.SZSE,2023-07-05,2023-06-30,3.39,3.12,7.03,1.59,3.78,-0.26,3.39,阳阴阳,3.78,-0.26
002356.SZSE,2024-06-11,2024-06-06,-1.9,-6.65,-6.65,4.65,0.0,-4.83,-1.9,阳阴阴,0.0,-4.83
002356.SZSE,2025-07-11,2025-07-09,1.67,2.01,0.0,-1.32,-1.97,0.33,1.67,阴阳阳,1.67,-1.97
002358.SZSE,2025-01-23,2025-01-21,1.69,1.9,2.55,-0.63,0.64,0.21,1.69,阳阳阳,1.69,0.21
002361.SZSE,2024-12-31,2024-12-27,0.99,-1.92,-0.24,-6.68,1.71,-2.88,0.99,阳阴阳,1.71,-2.88
002361.SZSE,2025-01-02,2024-12-27,0.99,-1.92,-0.24,-6.68,1.71,-2.88,0.99,阳阴阳,1.71,-2.88
002361.SZSE,2025-12-22,2025-12-18,-3.3,-5.46,-0.44,3.56,5.31,-2.24,-3.3,阳阴阴,5.31,-3.3
002361.SZSE,2025-12-23,2025-12-18,-3.3,-5.46,-0.44,3.56,5.31,-2.24,-3.3,阳阴阴,5.31,-3.3
002361.SZSE,2026-03-30,2026-03-26,1.53,3.39,0.36,-6.72,-2.94,1.83,1.53,阴阳阳,1.83,-2.94
002361.SZSE,2026-03-31,2026-03-26,1.53,3.39,0.36,-6.72,-2.94,1.83,1.53,阴阳阳,1.83,-2.94
002362.SZSE,2024-02-21,2024-02-19,9.23,6.39,8.49,-10.63,1.97,-2.6,9.23,阳阴阳,9.23,-2.6
002362.SZSE,2024-12-09,2024-12-05,-1.69,-5.38,-2.85,-1.75,2.68,-3.75,-1.69,阳阴阴,2.68,-3.75
002362.SZSE,2024-12-10,2024-12-05,-1.69,-5.38,-2.85,-1.75,2.68,-3.75,-1.69,阳阴阴,2.68,-3.75
002363.SZSE,2025-12-26,2025-12-24,-1.27,0.47,4.67,7.34,4.18,1.77,-1.27,阳阳阴,4.18,-1.27
002364.SZSE,2024-12-25,2024-12-23,-2.77,1.64,2.28,2.85,0.63,4.53,-2.77,阳阳阴,4.53,-2.77
002364.SZSE,2025-01-08,2025-01-06,-2.78,6.95,0.35,3.4,-6.17,10.01,-2.78,阴阳阴,10.01,-6.17
002364.SZSE,2025-08-19,2025-08-15,-2.49,-1.21,2.51,15.62,3.77,1.32,-2.49,阳阳阴,3.77,-2.49
002364.SZSE,2026-04-14,2026-04-09,5.3,6.49,13.22,2.04,6.32,1.14,5.3,阳阳阳,6.32,1.14
002365.SZSE,2025-04-25,2025-04-23,3.12,13.41,7.91,6.78,-4.85,9.98,3.12,阴阳阳,9.98,-4.85
002365.SZSE,2025-05-23,2025-05-21,-0.71,9.21,12.09,24.17,2.64,9.99,-0.71,阳阳阴,9.99,-0.71
002365.SZSE,2025-06-16,2025-06-12,-8.87,-5.01,4.4,20.03,9.91,4.23,-8.87,阳阳阴,9.91,-8.87
002366.SZSE,2023-05-24,2023-05-22,6.32,6.53,6.11,-0.78,-0.39,0.2,6.32,阴阳阳,6.32,-0.39
002366.SZSE,2023-05-25,2023-05-22,6.32,6.53,6.11,-0.78,-0.39,0.2,6.32,阴阳阳,6.32,-0.39
002366.SZSE,2025-05-28,2025-05-23,-1.92,-3.4,-4.12,-0.57,-0.75,-1.51,-1.92,阴阴阴,-0.75,-1.92
002368.SZSE,2024-10-08,2024-09-27,4.31,6.33,7.0,3.57,0.63,1.94,4.31,阳阳阳,4.31,0.63
002369.SZSE,2024-03-05,2024-03-01,3.74,-6.73,-2.58,-2.67,4.45,-10.09,3.74,阳阴阳,4.45,-10.09
002369.SZSE,2024-08-19,2024-08-14,3.94,-0.87,1.48,-2.94,2.37,-4.62,3.94,阳阴阳,3.94,-4.62
002369.SZSE,2024-12-13,2024-12-11,2.5,1.16,5.45,5.76,4.24,-1.31,2.5,阳阴阳,4.24,-1.31
002369.SZSE,2024-12-19,2024-12-17,-7.99,-9.85,-0.78,18.68,10.05,-2.02,-7.99,阳阴阴,10.05,-7.99
002369.SZSE,2025-02-21,2025-02-19,-5.01,-6.27,-9.02,0.99,-2.93,-1.33,-5.01,阴阴阴,-1.33,-5.01
002369.SZSE,2025-02-24,2025-02-19,-5.01,-6.27,-9.02,0.99,-2.93,-1.33,-5.01,阴阴阴,-1.33,-5.01
002370.SZSE,2024-08-19,2024-08-15,-1.56,-2.32,0.0,-2.28,2.37,-0.77,-1.56,阳阴阴,2.37,-1.56
002370.SZSE,2025-07-18,2025-07-16,-3.61,-2.2,-1.47,2.21,0.74,1.46,-3.61,阳阳阴,1.46,-3.61
002370.SZSE,2025-07-30,2025-07-28,6.63,3.87,8.27,-2.76,4.23,-2.58,6.63,阳阴阳,6.63,-2.58
002370.SZSE,2025-10-17,2025-10-14,-0.35,-1.73,-0.87,-4.05,0.87,-1.39,-0.35,阳阴阴,0.87,-1.39
002374.SZSE,2024-11-11,2024-11-07,1.76,7.84,6.64,4.8,-1.11,5.97,1.76,阴阳阳,5.97,-1.11
002374.SZSE,2025-11-12,2025-11-10,0.0,-4.53,-5.39,-2.77,-0.9,-4.53,0.0,阴阴阳,0.0,-4.53
002374.SZSE,2025-11-13,2025-11-10,0.0,-4.53,-5.39,-2.77,-0.9,-4.53,0.0,阴阴阳,0.0,-4.53
002377.SZSE,2023-07-28,2023-07-26,3.69,3.69,5.42,1.67,1.67,0.0,3.69,阳阳阳,3.69,0.0
002378.SZSE,2025-08-26,2025-08-22,5.24,8.97,11.73,8.14,2.53,3.55,5.24,阳阳阳,5.24,2.53
002378.SZSE,2026-02-27,2026-02-25,-0.23,0.33,10.35,21.65,9.99,0.56,-0.23,阳阳阴,9.99,-0.23
002378.SZSE,2026-03-02,2026-02-25,-0.23,0.33,10.35,21.65,9.99,0.56,-0.23,阳阳阴,9.99,-0.23
002379.SZSE,2025-01-08,2024-12-20,1.49,-0.73,0.99,2.29,1.73,-2.19,1.49,阳阴阳,1.73,-2.19
002384.SZSE,2026-04-10,2026-04-08,-1.39,2.6,0.01,7.02,-2.52,4.05,-1.39,阴阳阴,4.05,-2.52
002387.SZSE,2024-11-07,2024-11-05,6.86,-3.77,-4.57,-9.38,-0.83,-9.95,6.86,阴阴阳,6.86,-9.95
002387.SZSE,2025-11-12,2025-11-10,1.68,1.32,0.12,-2.12,-1.18,-0.36,1.68,阴阴阳,1.68,-1.18
002388.SZSE,2024-09-05,2024-09-02,3.77,5.48,4.9,-4.87,-0.54,1.64,3.77,阴阳阳,3.77,-0.54
002388.SZSE,2026-07-28,2026-07-24,6.74,2.33,7.03,-5.12,4.59,-4.13,6.74,阳阴阳,6.74,-4.13
002393.SZSE,2025-07-17,2025-07-15,1.7,1.75,2.02,0.21,0.26,0.05,1.7,阳阳阳,1.7,0.05
002394.SZSE,2025-07-17,2025-07-15,3.64,2.8,4.38,0.71,1.54,-0.82,3.64,阳阴阳,3.64,-0.82
002395.SZSE,2023-06-02,2023-05-31,8.23,13.83,17.82,9.5,3.51,5.17,8.23,阳阳阳,8.23,3.51
002395.SZSE,2023-12-27,2023-12-25,-2.85,-3.88,5.75,13.25,10.02,-1.06,-2.85,阳阴阴,10.02,-2.85
002395.SZSE,2023-12-28,2023-12-25,-2.85,-3.88,5.75,13.25,10.02,-1.06,-2.85,阳阴阴,10.02,-2.85
002396.SZSE,2026-08-31,2026-08-27,-1.69,-5.49,-8.59,2.29,-3.29,-3.87,-1.69,阴阴阴,-1.69,-3.87
002397.SZSE,2025-01-03,2024-12-31,-0.37,2.69,2.69,-2.9,0.0,3.08,-0.37,阳阳阴,3.08,-0.37
002397.SZSE,2025-01-06,2024-12-31,-0.37,2.69,2.69,-2.9,0.0,3.08,-0.37,阳阳阴,3.08,-0.37
002398.SZSE,2025-01-27,2025-01-23,-1.18,-3.24,-2.34,-2.76,0.93,-2.08,-1.18,阳阴阴,0.93,-2.08
002400.SZSE,2023-07-17,2023-07-13,-2.1,-2.1,-1.27,-0.21,0.85,0.0,-2.1,阳阳阴,0.85,-2.1
002400.SZSE,2024-12-13,2024-12-11,5.75,0.66,3.49,1.88,2.82,-4.82,5.75,阳阴阳,5.75,-4.82
002400.SZSE,2026-01-13,2026-01-09,1.73,2.06,1.29,4.51,-0.75,0.32,1.73,阴阳阳,1.73,-0.75
002400.SZSE,2026-01-14,2026-01-09,1.73,2.06,1.29,4.51,-0.75,0.32,1.73,阴阳阳,1.73,-0.75
002401.SZSE,2025-07-15,2025-07-11,-0.31,-2.34,-1.87,-0.61,0.48,-2.04,-0.31,阳阴阴,0.48,-2.04
002402.SZSE,2024-11-14,2024-11-11,1.9,1.26,-0.08,0.56,-1.32,-0.63,1.9,阴阴阳,1.9,-1.32
002402.SZSE,2025-09-24,2025-09-22,3.78,14.17,16.95,16.83,2.44,10.01,3.78,阳阳阳,10.01,2.44
002403.SZSE,2024-01-09,2024-01-05,2.32,1.61,3.15,3.73,1.52,-0.69,2.32,阳阴阳,2.32,-0.69
002403.SZSE,2024-02-27,2024-02-22,3.16,5.43,12.7,18.04,6.9,2.21,3.16,阳阳阳,6.9,2.21
002403.SZSE,2024-08-22,2024-08-20,0.95,0.79,2.41,0.8,1.61,-0.16,0.95,阳阴阳,1.61,-0.16
002403.SZSE,2024-11-07,2024-11-04,-3.79,0.64,0.0,1.74,-0.63,4.6,-3.79,阴阳阴,4.6,-3.79
002403.SZSE,2024-11-21,2024-11-19,3.66,14.05,12.22,6.43,-1.61,10.02,3.66,阴阳阳,10.02,-1.61
002403.SZSE,2024-11-22,2024-11-19,3.66,14.05,12.22,6.43,-1.61,10.02,3.66,阴阳阳,10.02,-1.61
002403.SZSE,2024-12-03,2024-11-29,-8.64,-17.8,-26.04,-10.96,-10.02,-10.02,-8.64,阴阴阴,-8.64,-10.02
002403.SZSE,2024-12-10,2024-12-06,-9.97,-13.46,-5.43,15.52,9.28,-3.88,-9.97,阳阴阴,9.28,-9.97
002403.SZSE,2024-12-11,2024-12-06,-9.97,-13.46,-5.43,15.52,9.28,-3.88,-9.97,阳阴阴,9.28,-9.97
002406.SZSE,2023-09-27,2023-09-25,-2.6,-8.75,0.32,-1.66,9.94,-6.31,-2.6,阳阴阴,9.94,-6.31
002406.SZSE,2025-03-21,2025-03-19,5.01,8.93,9.22,0.13,0.27,3.73,5.01,阳阳阳,5.01,0.27
002407.SZSE,2026-07-01,2026-06-29,-5.21,-6.19,-0.69,2.65,5.86,-1.04,-5.21,阳阴阴,5.86,-5.21
002408.SZSE,2024-02-08,2024-02-06,-6.44,-10.91,-12.69,-10.85,-2.0,-4.77,-6.44,阴阴阴,-2.0,-6.44
002410.SZSE,2024-09-30,2024-09-26,1.0,5.84,8.32,5.57,2.35,4.8,1.0,阳阳阳,4.8,1.0
002410.SZSE,2024-10-08,2024-09-26,1.0,5.84,8.32,5.57,2.35,4.8,1.0,阳阳阳,4.8,1.0
002412.SZSE,2026-07-24,2026-07-22,-3.02,-5.13,-9.23,-7.64,-4.32,-2.18,-3.02,阴阴阴,-2.18,-4.32
002412.SZSE,2026-08-24,2026-08-19,1.86,4.51,4.22,2.88,-0.27,2.6,1.86,阴阳阳,2.6,-0.27
002413.SZSE,2025-11-26,2025-11-24,-1.7,-3.34,0.0,0.0,3.45,-1.67,-1.7,阳阴阴,3.45,-1.7
002413.SZSE,2025-12-02,2025-11-28,-9.73,-0.71,9.26,33.16,10.05,9.99,-9.73,阳阳阴,10.05,-9.73
002413.SZSE,2025-12-31,2025-12-29,0.21,5.36,9.4,2.95,3.83,5.14,0.21,阳阳阳,5.14,0.21
002414.SZSE,2024-03-12,2024-03-08,-2.05,-3.12,-2.97,-1.56,0.16,-1.09,-2.05,阳阴阴,0.16,-2.05
002416.SZSE,2024-10-31,2024-10-29,5.78,3.0,2.62,-3.44,-0.37,-2.63,5.78,阴阴阳,5.78,-2.63
002416.SZSE,2024-11-01,2024-10-29,5.78,3.0,2.62,-3.44,-0.37,-2.63,5.78,阴阴阳,5.78,-2.63
002418.SZSE,2024-03-04,2024-02-29,-5.04,-3.42,0.89,9.68,4.46,1.71,-5.04,阳阳阴,4.46,-5.04
002418.SZSE,2025-01-08,2025-01-06,-5.6,3.69,2.43,4.28,-1.21,9.84,-5.6,阴阳阴,9.84,-5.6
002418.SZSE,2026-08-27,2026-08-25,-0.27,3.37,3.08,-5.63,-0.28,3.65,-0.27,阴阳阴,3.65,-0.28
002418.SZSE,2026-08-28,2026-08-25,-0.27,3.37,3.08,-5.63,-0.28,3.65,-0.27,阴阳阴,3.65,-0.28
002421.SZSE,2026-05-20,2026-05-15,-3.63,-1.02,-3.63,0.33,-2.64,2.71,-3.63,阴阳阴,2.71,-3.63
002423.SZSE,2024-01-26,2024-01-24,2.09,-0.78,-2.46,-6.89,-1.69,-2.81,2.09,阴阴阳,2.09,-2.81
002423.SZSE,2024-09-26,2024-09-24,-0.4,-1.2,0.41,2.63,1.63,-0.8,-0.4,阳阴阴,1.63,-0.8
002423.SZSE,2024-09-27,2024-09-24,-0.4,-1.2,0.41,2.63,1.63,-0.8,-0.4,阳阴阴,1.63,-0.8
002423.SZSE,2024-10-31,2024-10-29,8.01,8.01,10.32,-3.73,2.14,0.0,8.01,阳阳阳,8.01,0.0
002425.SZSE,2026-08-06,2026-08-04,1.42,1.78,6.72,8.88,4.85,0.36,1.42,阳阳阳,4.85,0.36
002426.SZSE,2024-09-02,2024-08-29,-1.23,-2.42,-0.62,1.87,1.85,-1.21,-1.23,阳阴阴,1.85,-1.23
002426.SZSE,2024-11-08,2024-11-06,3.57,6.42,-0.43,-5.08,-6.44,2.75,3.57,阴阳阳,3.57,-6.44
002426.SZSE,2024-12-12,2024-12-10,0.91,10.96,12.46,11.45,1.35,9.97,0.91,阳阳阳,9.97,0.91
002427.SZSE,2025-03-25,2025-03-21,0.77,-0.25,3.41,3.44,3.67,-1.01,0.77,阳阴阳,3.67,-1.01
002427.SZSE,2025-04-21,2025-04-17,4.83,-3.89,-3.89,-7.0,0.0,-8.32,4.83,阳阴阳,4.83,-8.32
002427.SZSE,2025-04-22,2025-04-17,4.83,-3.89,-3.89,-7.0,0.0,-8.32,4.83,阳阴阳,4.83,-8.32
002427.SZSE,2025-05-15,2025-05-13,1.26,-6.25,-4.44,-2.75,1.93,-7.41,1.26,阳阴阳,1.93,-7.41
002428.SZSE,2023-07-06,2023-07-04,-2.14,-1.24,0.85,0.58,2.12,0.91,-2.14,阳阳阴,2.12,-2.14
002428.SZSE,2024-11-04,2024-10-31,4.76,0.92,10.01,2.25,9.01,-3.67,4.76,阳阴阳,9.01,-3.67
002428.SZSE,2024-11-05,2024-10-31,4.76,0.92,10.01,2.25,9.01,-3.67,4.76,阳阴阳,9.01,-3.67
002428.SZSE,2026-02-27,2026-02-25,4.71,4.23,4.53,-0.23,0.28,-0.45,4.71,阳阴阳,4.71,-0.45
002428.SZSE,2026-08-06,2026-08-04,2.09,10.6,2.05,-5.89,-7.73,8.33,2.09,阴阳阳,8.33,-7.73
002428.SZSE,2026-08-07,2026-08-04,2.09,10.6,2.05,-5.89,-7.73,8.33,2.09,阴阳阳,8.33,-7.73
002430.SZSE,2024-10-08,2024-09-27,8.5,8.86,16.74,7.78,7.23,0.33,8.5,阳阳阳,8.5,0.33
002432.SZSE,2026-07-16,2026-07-14,-5.85,-5.14,-7.13,-1.59,-2.1,0.75,-5.85,阴阳阴,0.75,-5.85
002437.SZSE,2026-08-11,2026-08-07,-2.74,-4.38,-1.39,2.46,3.12,-1.68,-2.74,阳阴阴,3.12,-2.74
002437.SZSE,2026-08-14,2026-08-12,2.33,12.5,23.59,17.47,9.86,9.94,2.33,阳阳阳,9.94,2.33
002439.SZSE,2024-10-08,2024-09-27,3.57,3.87,6.52,4.65,2.55,0.29,3.57,阳阳阳,3.57,0.29
002440.SZSE,2026-01-30,2026-01-28,-0.81,4.05,4.72,9.32,0.64,4.9,-0.81,阳阳阴,4.9,-0.81
002442.SZSE,2026-05-22,2026-05-20,3.4,-0.16,1.16,-4.38,1.33,-3.44,3.4,阳阴阳,3.4,-3.44
002442.SZSE,2026-05-25,2026-05-20,3.4,-0.16,1.16,-4.38,1.33,-3.44,3.4,阳阴阳,3.4,-3.44
002445.SZSE,2023-12-18,2023-12-14,-1.59,-2.37,4.66,2.87,7.2,-0.79,-1.59,阳阴阴,7.2,-1.59
002449.SZSE,2024-12-23,2024-12-19,1.86,-3.21,-4.58,-5.08,-1.42,-4.98,1.86,阴阴阳,1.86,-4.98
002449.SZSE,2024-12-24,2024-12-19,1.86,-3.21,-4.58,-5.08,-1.42,-4.98,1.86,阴阴阳,1.86,-4.98
002451.SZSE,2023-08-15,2023-08-11,-1.04,-4.43,-5.91,-2.73,-1.55,-3.43,-1.04,阴阴阴,-1.04,-3.43
002451.SZSE,2025-11-07,2025-11-04,1.43,2.16,1.14,-0.43,-1.0,0.72,1.43,阴阳阳,1.43,-1.0
002453.SZSE,2024-09-23,2024-09-19,-0.9,-5.73,-4.91,-4.32,0.87,-4.87,-0.9,阳阴阴,0.87,-4.87
002453.SZSE,2024-11-04,2024-10-30,-2.37,0.94,5.52,6.0,4.54,3.4,-2.37,阳阳阴,4.54,-2.37
002453.SZSE,2025-09-23,2025-09-19,-3.04,1.34,3.07,5.58,1.7,4.52,-3.04,阳阳阴,4.52,-3.04
002455.SZSE,2024-04-15,2024-04-11,-3.33,6.42,2.11,5.08,-4.05,10.09,-3.33,阴阳阴,10.09,-4.05
002455.SZSE,2026-01-30,2026-01-28,-1.77,-2.83,-0.69,2.51,2.2,-1.08,-1.77,阳阴阴,2.2,-1.77
002455.SZSE,2026-02-02,2026-01-28,-1.77,-2.83,-0.69,2.51,2.2,-1.08,-1.77,阳阴阴,2.2,-1.77
002455.SZSE,2026-02-11,2026-02-06,-6.03,-1.75,8.11,12.41,10.03,4.56,-6.03,阳阳阴,10.03,-6.03
002456.SZSE,2024-10-21,2024-10-17,-1.92,-2.81,4.53,1.64,7.54,-0.9,-1.92,阳阴阴,7.54,-1.92
002456.SZSE,2024-10-22,2024-10-17,-1.92,-2.81,4.53,1.64,7.54,-0.9,-1.92,阳阴阴,7.54,-1.92
002456.SZSE,2024-10-31,2024-10-29,0.76,4.66,6.43,-1.79,1.69,3.87,0.76,阳阳阳,3.87,0.76
002457.SZSE,2023-10-27,2023-10-25,5.05,5.81,11.05,6.39,4.96,0.73,5.05,阳阳阳,5.05,0.73
002457.SZSE,2023-10-30,2023-10-25,5.05,5.81,11.05,6.39,4.96,0.73,5.05,阳阳阳,5.05,0.73
002457.SZSE,2024-10-10,2024-10-08,9.4,13.98,16.34,7.39,2.07,4.18,9.4,阳阳阳,9.4,2.07
002457.SZSE,2024-10-16,2024-10-14,5.96,1.65,11.82,16.04,10.01,-4.07,5.96,阳阴阳,10.01,-4.07
002459.SZSE,2024-10-08,2024-09-27,6.87,5.96,12.9,5.86,6.55,-0.85,6.87,阳阴阳,6.87,-0.85
002459.SZSE,2024-10-23,2024-10-21,2.47,4.42,-1.37,-2.19,-5.54,1.9,2.47,阴阳阳,2.47,-5.54
002462.SZSE,2026-01-07,2026-01-05,-2.05,-2.18,-4.96,-3.23,-2.85,-0.14,-2.05,阴阴阴,-0.14,-2.85
002465.SZSE,2026-01-07,2026-01-05,4.17,2.61,12.9,10.45,10.04,-1.5,4.17,阳阴阳,10.04,-1.5
002465.SZSE,2026-01-14,2026-01-12,-1.53,2.83,4.93,17.2,2.05,4.42,-1.53,阳阳阴,4.42,-1.53
002466.SZSE,2024-10-08,2024-09-27,3.56,6.09,16.69,12.63,9.99,2.44,3.56,阳阳阳,9.99,2.44
002467.SZSE,2024-11-22,2024-11-20,-2.15,-4.8,4.83,3.1,10.11,-2.71,-2.15,阳阴阴,10.11,-2.71
002469.SZSE,2024-11-15,2024-11-13,2.04,4.9,4.17,6.14,-0.69,2.8,2.04,阴阳阳,2.8,-0.69
002469.SZSE,2024-11-22,2024-11-20,3.87,14.27,25.76,33.18,10.06,10.01,3.87,阳阳阳,10.06,3.87
002470.SZSE,2026-02-27,2026-02-24,-3.64,-6.61,2.91,7.84,10.19,-3.08,-3.64,阳阴阴,10.19,-3.64
002471.SZSE,2025-05-08,2025-04-30,-0.74,-5.26,-5.26,-7.8,0.0,-4.56,-0.74,阳阴阴,0.0,-4.56
002471.SZSE,2025-05-26,2025-05-22,-5.58,-10.57,-1.52,14.76,10.13,-5.29,-5.58,阳阴阴,10.13,-5.58
002471.SZSE,2025-05-27,2025-05-22,-5.58,-10.57,-1.52,14.76,10.13,-5.29,-5.58,阳阴阴,10.13,-5.58
002471.SZSE,2025-12-16,2025-12-11,2.09,-0.23,2.57,3.61,2.8,-2.27,2.09,阳阴阳,2.8,-2.27
002471.SZSE,2025-12-30,2025-12-26,3.64,14.03,3.83,-4.02,-8.94,10.02,3.64,阴阳阳,10.02,-8.94
002474.SZSE,2024-03-14,2024-03-12,2.32,3.92,2.32,0.58,-1.54,1.57,2.32,阴阳阳,2.32,-1.54
002474.SZSE,2025-11-19,2025-11-17,-0.64,2.52,0.78,-0.89,-1.69,3.18,-0.64,阴阳阴,3.18,-1.69
002474.SZSE,2025-11-20,2025-11-17,-0.64,2.52,0.78,-0.89,-1.69,3.18,-0.64,阴阳阴,3.18,-1.69
002481.SZSE,2024-12-11,2024-12-09,2.09,2.09,1.32,-2.23,-0.75,0.0,2.09,阴阳阳,2.09,-0.75
002490.SZSE,2025-06-17,2025-06-13,-1.0,-1.0,-3.42,-2.21,-2.44,0.0,-1.0,阴阳阴,0.0,-2.44
002490.SZSE,2025-06-18,2025-06-13,-1.0,-1.0,-3.42,-2.21,-2.44,0.0,-1.0,阴阳阴,0.0,-2.44
002490.SZSE,2025-10-23,2025-10-21,3.83,14.29,9.83,8.13,-3.9,10.06,3.83,阴阳阳,10.06,-3.9
002490.SZSE,2026-03-04,2026-03-02,1.03,0.11,3.9,13.12,3.78,-0.91,1.03,阳阴阳,3.78,-0.91
002490.SZSE,2026-03-05,2026-03-02,1.03,0.11,3.9,13.12,3.78,-0.91,1.03,阳阴阳,3.78,-0.91
002491.SZSE,2026-02-03,2026-01-30,5.93,11.56,12.97,9.59,1.27,5.31,5.93,阳阳阳,5.93,1.27
002491.SZSE,2026-05-11,2026-05-07,8.04,3.02,3.08,-6.06,0.06,-4.65,8.04,阳阴阳,8.04,-4.65
002491.SZSE,2026-05-12,2026-05-07,8.04,3.02,3.08,-6.06,0.06,-4.65,8.04,阳阴阳,8.04,-4.65
002491.SZSE,2026-06-22,2026-06-17,8.16,14.83,8.48,-0.66,-5.53,6.16,8.16,阴阳阳,8.16,-5.53
002497.SZSE,2025-07-23,2025-07-21,2.47,4.71,4.16,-0.26,-0.52,2.18,2.47,阴阳阳,2.47,-0.52
002498.SZSE,2026-01-21,2026-01-16,-0.5,-1.25,-1.49,-0.75,-0.25,-0.75,-0.5,阴阴阴,-0.25,-0.75
002498.SZSE,2026-02-24,2026-02-12,-2.27,-5.09,-4.61,0.88,0.51,-2.89,-2.27,阳阴阴,0.51,-2.89
002498.SZSE,2026-02-25,2026-02-12,-2.27,-5.09,-4.61,0.88,0.51,-2.89,-2.27,阳阴阴,0.51,-2.89
002498.SZSE,2026-03-06,2026-03-04,-7.51,-10.53,-11.81,-2.56,-1.43,-3.27,-7.51,阴阴阴,-1.43,-7.51
002500.SZSE,2024-10-08,2024-09-27,4.21,5.62,11.0,5.66,5.09,1.36,4.21,阳阳阳,5.09,1.36
002506.SZSE,2024-11-04,2024-10-31,-0.81,-4.3,-2.0,8.81,2.4,-3.52,-0.81,阳阴阴,2.4,-3.52
002506.SZSE,2026-01-27,2026-01-23,3.26,2.15,-2.4,-4.83,-4.45,-1.08,3.26,阴阴阳,3.26,-4.45
002506.SZSE,2026-02-06,2026-02-04,4.24,4.56,-3.37,-5.98,-7.58,0.3,4.24,阴阳阳,4.24,-7.58
002506.SZSE,2026-02-09,2026-02-04,4.24,4.56,-3.37,-5.98,-7.58,0.3,4.24,阴阳阳,4.24,-7.58
002510.SZSE,2023-12-08,2023-12-06,0.83,-0.21,-2.02,1.47,-1.81,-1.03,0.83,阴阴阳,0.83,-1.81
002510.SZSE,2024-11-11,2024-11-06,4.33,10.0,10.0,5.43,0.0,5.43,4.33,阳阳阳,5.43,0.0
002513.SZSE,2024-11-04,2024-10-31,-3.29,-9.79,-0.84,12.76,9.92,-6.72,-3.29,阳阴阴,9.92,-6.72
002513.SZSE,2024-11-05,2024-10-31,-3.29,-9.79,-0.84,12.76,9.92,-6.72,-3.29,阳阴阴,9.92,-6.72
002513.SZSE,2025-09-25,2025-09-22,1.14,-0.74,-1.11,-0.75,-0.37,-1.86,1.14,阴阴阳,1.14,-1.86
002519.SZSE,2025-12-02,2025-11-28,-0.64,-3.11,-2.51,1.08,0.63,-2.49,-0.64,阳阴阴,0.63,-2.49
002519.SZSE,2026-01-08,2026-01-05,1.41,2.86,3.68,4.58,0.8,1.43,1.41,阳阳阳,1.43,0.8
002520.SZSE,2024-09-05,2024-09-03,-0.54,1.64,4.51,6.27,2.82,2.19,-0.54,阳阳阴,2.82,-0.54
002520.SZSE,2024-09-06,2024-09-03,-0.54,1.64,4.51,6.27,2.82,2.19,-0.54,阳阳阴,2.82,-0.54
002520.SZSE,2024-12-04,2024-11-29,0.0,0.98,-1.15,1.98,-2.12,0.98,0.0,阴阳阳,0.98,-2.12
002522.SZSE,2025-02-24,2025-02-19,-0.48,1.23,0.49,-0.96,-0.73,1.72,-0.48,阴阳阴,1.72,-0.73
002527.SZSE,2023-06-19,2023-06-15,2.23,2.23,7.55,6.74,5.21,0.0,2.23,阳阳阳,5.21,0.0
002527.SZSE,2023-06-26,2023-06-20,5.9,16.5,28.21,23.76,10.05,10.01,5.9,阳阳阳,10.05,5.9
002527.SZSE,2023-08-21,2023-08-17,-7.76,-8.72,-6.46,11.57,2.48,-1.05,-7.76,阳阴阴,2.48,-7.76
002529.SZSE,2024-10-24,2024-10-22,1.3,3.48,1.79,-1.12,-1.63,2.16,1.3,阴阳阳,2.16,-1.63
002529.SZSE,2024-10-25,2024-10-22,1.3,3.48,1.79,-1.12,-1.63,2.16,1.3,阴阳阳,2.16,-1.63
002530.SZSE,2024-12-09,2024-12-05,-5.53,-1.09,-0.77,9.99,0.33,4.7,-5.53,阳阳阴,4.7,-5.53
002530.SZSE,2025-02-05,2025-01-24,5.49,4.06,2.04,-4.15,-1.94,-1.35,5.49,阴阴阳,5.49,-1.94
002534.SZSE,2023-04-11,2023-04-07,1.2,-1.31,-1.85,-5.15,-0.55,-2.47,1.2,阴阴阳,1.2,-2.47
002534.SZSE,2025-07-23,2025-07-21,-0.17,-0.43,0.35,-1.11,0.78,-0.26,-0.17,阳阴阴,0.78,-0.26
002535.SZSE,2023-07-05,2023-06-30,4.68,15.15,21.02,14.87,5.1,10.0,4.68,阳阳阳,10.0,4.68
002535.SZSE,2023-07-14,2023-07-12,3.04,-5.57,-15.03,-23.16,-10.02,-8.35,3.04,阴阴阳,3.04,-10.02
002536.SZSE,2023-06-13,2023-06-09,-0.19,-3.75,-2.86,-1.31,0.92,-3.57,-0.19,阳阴阴,0.92,-3.57
002536.SZSE,2023-06-14,2023-06-09,-0.19,-3.75,-2.86,-1.31,0.92,-3.57,-0.19,阳阴阴,0.92,-3.57
002536.SZSE,2025-08-15,2025-08-13,-2.67,4.46,9.99,16.69,5.29,7.32,-2.67,阳阳阴,7.32,-2.67
002536.SZSE,2025-08-18,2025-08-13,-2.67,4.46,9.99,16.69,5.29,7.32,-2.67,阳阳阴,7.32,-2.67
002537.SZSE,2025-04-24,2025-04-21,-1.29,-6.28,-3.77,-4.91,2.67,-5.05,-1.29,阳阴阴,2.67,-5.05
002537.SZSE,2025-06-03,2025-05-29,1.62,2.84,4.72,-1.17,1.83,1.2,1.62,阳阳阳,1.83,1.2
002537.SZSE,2025-06-25,2025-06-23,-1.37,-8.89,-4.33,1.99,5.0,-7.62,-1.37,阳阴阴,5.0,-7.62
002543.SZSE,2025-01-20,2025-01-16,-0.4,3.03,0.0,-2.37,-2.94,3.45,-0.4,阴阳阴,3.45,-2.94
002544.SZSE,2024-03-13,2024-03-11,2.14,-0.43,-1.22,-3.23,-0.79,-2.51,2.14,阴阴阳,2.14,-2.51
002546.SZSE,2023-05-25,2023-05-23,0.36,-2.31,3.58,13.46,6.03,-2.66,0.36,阳阴阳,6.03,-2.66
002549.SZSE,2025-04-01,2025-03-27,2.12,3.12,0.0,-2.69,-3.03,0.99,2.12,阴阳阳,2.12,-3.03
002549.SZSE,2025-07-02,2025-06-30,-0.43,-3.01,-1.47,-1.36,1.58,-2.59,-0.43,阳阴阴,1.58,-2.59
002549.SZSE,2025-08-14,2025-08-12,0.24,-2.59,-2.05,1.73,0.55,-2.83,0.24,阳阴阳,0.55,-2.83
002549.SZSE,2025-09-23,2025-09-19,4.54,14.99,13.67,11.83,-1.14,9.99,4.54,阴阳阳,9.99,-1.14
002551.SZSE,2025-05-14,2025-05-12,-0.9,0.92,1.23,3.74,0.31,1.83,-0.9,阳阳阴,1.83,-0.9
002552.SZSE,2026-05-11,2026-05-07,3.53,1.92,3.96,2.56,2.0,-1.56,3.53,阳阴阳,3.53,-1.56
002552.SZSE,2026-05-12,2026-05-07,3.53,1.92,3.96,2.56,2.0,-1.56,3.53,阳阴阳,3.53,-1.56
002552.SZSE,2026-05-26,2026-05-22,-3.21,-6.87,2.43,16.4,9.99,-3.78,-3.21,阳阴阴,9.99,-3.78
002552.SZSE,2026-05-27,2026-05-22,-3.21,-6.87,2.43,16.4,9.99,-3.78,-3.21,阳阴阴,9.99,-3.78
002552.SZSE,2026-08-06,2026-08-04,-7.25,2.04,-7.67,-4.1,-9.51,10.01,-7.25,阴阳阴,10.01,-9.51
002552.SZSE,2026-08-07,2026-08-04,-7.25,2.04,-7.67,-4.1,-9.51,10.01,-7.25,阴阳阴,10.01,-9.51
002553.SZSE,2023-06-27,2023-06-20,-5.3,-4.53,5.06,17.66,10.04,0.82,-5.3,阳阳阴,10.04,-5.3
002553.SZSE,2024-02-28,2024-02-26,6.79,9.55,13.11,8.69,3.25,2.58,6.79,阳阳阳,6.79,2.58
002553.SZSE,2025-03-20,2025-03-18,5.35,6.44,2.04,-0.54,-4.14,1.03,5.35,阴阳阳,5.35,-4.14
002553.SZSE,2025-03-21,2025-03-18,5.35,6.44,2.04,-0.54,-4.14,1.03,5.35,阴阳阳,5.35,-4.14
002554.SZSE,2026-01-16,2026-01-08,-1.52,0.62,1.25,1.23,0.63,2.18,-1.52,阳阳阴,2.18,-1.52
002559.SZSE,2023-11-21,2023-11-16,1.27,1.86,2.46,2.13,0.59,0.58,1.27,阳阳阳,1.27,0.58
002560.SZSE,2025-05-19,2025-05-15,-1.18,-0.92,1.21,2.98,2.16,0.26,-1.18,阳阳阴,2.16,-1.18
002560.SZSE,2026-04-02,2026-03-31,1.24,2.72,0.2,1.04,-2.45,1.47,1.24,阴阳阳,1.47,-2.45
002560.SZSE,2026-04-03,2026-03-31,1.24,2.72,0.2,1.04,-2.45,1.47,1.24,阴阳阳,1.47,-2.45
002562.SZSE,2024-10-28,2024-10-24,-1.45,0.99,0.99,3.24,0.0,2.48,-1.45,阳阳阴,2.48,-1.45
002565.SZSE,2025-12-02,2025-11-28,-1.35,-2.41,0.69,7.09,3.17,-1.07,-1.35,阳阴阴,3.17,-1.35
002565.SZSE,2025-12-03,2025-11-28,-1.35,-2.41,0.69,7.09,3.17,-1.07,-1.35,阳阴阴,3.17,-1.35
002565.SZSE,2025-12-09,2025-12-05,1.31,11.43,22.54,33.0,9.97,9.99,1.31,阳阳阳,9.99,1.31
002570.SZSE,2024-10-08,2024-09-27,1.78,6.32,13.49,10.63,6.75,4.46,1.78,阳阳阳,6.75,1.78
002570.SZSE,2024-10-30,2024-10-28,-2.11,7.75,11.5,25.29,3.48,10.08,-2.11,阳阳阴,10.08,-2.11
002570.SZSE,2024-10-31,2024-10-28,-2.11,7.75,11.5,25.29,3.48,10.08,-2.11,阳阳阴,10.08,-2.11
002570.SZSE,2025-04-10,2025-04-08,-3.27,0.85,-0.42,3.16,-1.26,4.26,-3.27,阴阳阴,4.26,-3.27
002570.SZSE,2025-04-11,2025-04-08,-3.27,0.85,-0.42,3.16,-1.26,4.26,-3.27,阴阳阴,4.26,-3.27
002574.SZSE,2025-03-13,2025-03-11,1.03,0.0,0.41,-1.22,0.41,-1.02,1.03,阳阴阳,1.03,-1.02
002574.SZSE,2026-01-14,2026-01-12,1.23,2.67,-1.54,0.88,-4.1,1.42,1.23,阴阳阳,1.42,-4.1
002575.SZSE,2025-03-04,2025-02-27,4.92,4.11,14.53,8.23,10.01,-0.78,4.92,阳阴阳,10.01,-0.78
002577.SZSE,2024-12-27,2024-12-25,1.43,-5.05,-3.36,-2.48,1.77,-6.38,1.43,阳阴阳,1.77,-6.38
002577.SZSE,2024-12-30,2024-12-25,1.43,-5.05,-3.36,-2.48,1.77,-6.38,1.43,阳阴阳,1.77,-6.38
002578.SZSE,2024-01-02,2023-12-28,-1.6,-3.9,-4.15,1.9,-0.26,-2.34,-1.6,阴阴阴,-0.26,-2.34
002578.SZSE,2025-11-14,2025-11-12,-3.82,-1.95,-5.84,7.71,-3.97,1.95,-3.82,阴阳阴,1.95,-3.97
002579.SZSE,2025-06-20,2025-06-18,-1.21,-0.36,-0.97,4.15,-0.6,0.85,-1.21,阴阳阴,0.85,-1.21
002579.SZSE,2026-05-28,2026-05-26,1.56,7.05,5.72,1.36,-1.24,5.4,1.56,阴阳阳,5.4,-1.24
002580.SZSE,2023-10-30,2023-10-26,1.65,3.08,0.37,-0.5,-2.62,1.41,1.65,阴阳阳,1.65,-2.62
002580.SZSE,2025-02-25,2025-02-21,1.58,2.99,-0.41,3.49,-3.31,1.39,1.58,阴阳阳,1.58,-3.31
002580.SZSE,2026-04-13,2026-04-09,-2.55,2.02,-8.2,-12.36,-10.01,4.68,-2.55,阴阳阴,4.68,-10.01
002580.SZSE,2026-04-14,2026-04-09,-2.55,2.02,-8.2,-12.36,-10.01,4.68,-2.55,阴阳阴,4.68,-10.01
002583.SZSE,2024-10-09,2024-09-30,-4.42,5.21,15.65,33.19,9.92,10.07,-4.42,阳阳阴,10.07,-4.42
002583.SZSE,2024-10-17,2024-10-15,5.04,15.57,8.55,13.62,-6.07,10.03,5.04,阴阳阳,10.03,-6.07
002583.SZSE,2024-10-22,2024-10-18,2.45,12.66,23.97,27.1,10.05,9.96,2.45,阳阳阳,10.05,2.45
002583.SZSE,2024-10-23,2024-10-18,2.45,12.66,23.97,27.1,10.05,9.96,2.45,阳阳阳,10.05,2.45
002583.SZSE,2024-11-21,2024-11-19,-0.7,-7.26,-7.3,-10.82,-0.05,-6.6,-0.7,阴阴阴,-0.05,-6.6
002584.SZSE,2023-11-10,2023-11-08,-0.66,0.17,-1.96,-0.49,-2.12,0.83,-0.66,阴阳阴,0.83,-2.12
002584.SZSE,2023-11-13,2023-11-08,-0.66,0.17,-1.96,-0.49,-2.12,0.83,-0.66,阴阳阴,0.83,-2.12
002584.SZSE,2023-11-17,2023-11-15,1.14,11.25,22.42,33.13,10.04,10.0,1.14,阳阳阳,10.04,1.14
002584.SZSE,2023-11-20,2023-11-15,1.14,11.25,22.42,33.13,10.04,10.0,1.14,阳阳阳,10.04,1.14
002585.SZSE,2026-05-26,2026-05-22,-2.51,-8.83,-6.1,-0.24,2.99,-6.48,-2.51,阳阴阴,2.99,-6.48
002589.SZSE,2025-12-05,2025-12-03,1.27,2.56,3.23,-0.94,0.65,1.28,1.27,阳阳阳,1.28,0.65
002589.SZSE,2025-12-08,2025-12-03,1.27,2.56,3.23,-0.94,0.65,1.28,1.27,阳阳阳,1.28,0.65
002590.SZSE,2023-07-12,2023-07-10,1.13,1.8,-0.74,3.91,-2.49,0.66,1.13,阴阳阳,1.13,-2.49
002590.SZSE,2023-07-13,2023-07-10,1.13,1.8,-0.74,3.91,-2.49,0.66,1.13,阴阳阳,1.13,-2.49
002590.SZSE,2024-04-19,2024-04-17,-5.24,-8.46,-10.1,-8.05,-1.79,-3.4,-5.24,阴阴阴,-1.79,-5.24
002590.SZSE,2025-05-20,2025-05-16,-1.32,-1.8,-2.99,0.5,-1.21,-0.49,-1.32,阴阴阴,-0.49,-1.32
002590.SZSE,2025-05-21,2025-05-16,-1.32,-1.8,-2.99,0.5,-1.21,-0.49,-1.32,阴阴阴,-0.49,-1.32
002593.SZSE,2024-11-29,2024-11-27,0.0,3.38,0.3,1.82,-2.99,3.38,0.0,阴阳阳,3.38,-2.99
002593.SZSE,2024-12-02,2024-11-27,0.0,3.38,0.3,1.82,-2.99,3.38,0.0,阴阳阳,3.38,-2.99
002593.SZSE,2024-12-06,2024-12-04,-5.48,4.02,14.5,33.24,10.07,10.04,-5.48,阳阳阴,10.07,-5.48
002593.SZSE,2024-12-09,2024-12-04,-5.48,4.02,14.5,33.24,10.07,10.04,-5.48,阳阳阴,10.07,-5.48
002596.SZSE,2025-12-23,2025-12-19,-6.9,-16.21,-21.23,-17.54,-6.0,-10.0,-6.9,阴阴阴,-6.0,-10.0
002599.SZSE,2023-06-13,2023-06-09,-4.87,-0.36,9.66,19.97,10.05,4.74,-4.87,阳阳阴,10.05,-4.87
002599.SZSE,2025-02-21,2025-02-19,-7.47,-0.86,-2.86,6.56,-2.01,7.14,-7.47,阴阳阴,7.14,-7.47
002599.SZSE,2025-02-24,2025-02-19,-7.47,-0.86,-2.86,6.56,-2.01,7.14,-7.47,阴阳阴,7.14,-7.47
002605.SZSE,2024-11-15,2024-11-13,-0.35,4.04,3.36,5.85,-0.66,4.41,-0.35,阴阳阴,4.41,-0.66
002607.SZSE,2024-08-05,2024-08-01,3.75,14.48,13.7,9.59,-0.68,10.34,3.75,阴阳阳,10.34,-0.68
002607.SZSE,2024-08-06,2024-08-01,3.75,14.48,13.7,9.59,-0.68,10.34,3.75,阴阳阳,10.34,-0.68
002607.SZSE,2024-12-09,2024-12-05,-0.3,-2.62,5.68,6.67,8.52,-2.33,-0.3,阳阴阴,8.52,-2.33
002611.SZSE,2024-11-19,2024-11-14,-1.63,-4.85,-4.72,0.14,0.13,-3.28,-1.63,阳阴阴,0.13,-3.28
002615.SZSE,2025-06-13,2025-06-11,-0.9,-0.26,0.0,-3.0,0.26,0.65,-0.9,阳阳阴,0.65,-0.9
002615.SZSE,2025-06-16,2025-06-11,-0.9,-0.26,0.0,-3.0,0.26,0.65,-0.9,阳阳阴,0.65,-0.9
002622.SZSE,2024-09-11,2024-09-09,-2.07,-2.07,-4.7,-0.68,-2.68,0.0,-2.07,阴阳阴,0.0,-2.68
002623.SZSE,2025-07-04,2025-07-02,-3.41,1.3,2.56,5.35,1.25,4.87,-3.41,阳阳阴,4.87,-3.41
002624.SZSE,2026-02-10,2026-02-06,1.6,-4.25,1.08,-7.06,5.57,-5.76,1.6,阳阴阳,5.57,-5.76
002625.SZSE,2024-02-08,2024-02-06,-6.8,-11.63,-12.67,-8.96,-1.17,-5.18,-6.8,阴阴阴,-1.17,-6.8
002625.SZSE,2024-10-09,2024-09-30,5.87,11.43,15.75,12.3,3.87,5.25,5.87,阳阳阳,5.87,3.87
002632.SZSE,2024-03-06,2024-03-04,3.77,8.54,-0.75,-1.39,-8.56,4.6,3.77,阴阳阳,4.6,-8.56
002632.SZSE,2025-12-01,2025-11-27,2.39,4.58,7.64,-1.76,2.93,2.14,2.39,阳阳阳,2.93,2.14
002633.SZSE,2024-10-30,2024-10-25,2.33,7.33,7.06,7.64,-0.24,4.88,2.33,阴阳阳,4.88,-0.24
002633.SZSE,2025-03-21,2025-03-19,-3.91,-1.91,-3.36,3.02,-1.48,2.08,-3.91,阴阳阴,2.08,-3.91
002636.SZSE,2025-01-16,2025-01-14,-1.13,-5.65,-2.5,-3.54,3.34,-4.58,-1.13,阳阴阴,3.34,-4.58
002636.SZSE,2025-01-17,2025-01-14,-1.13,-5.65,-2.5,-3.54,3.34,-4.58,-1.13,阳阴阴,3.34,-4.58
002636.SZSE,2025-07-07,2025-07-03,-4.19,-1.16,0.43,6.19,1.61,3.16,-4.19,阳阳阴,3.16,-4.19
002636.SZSE,2025-07-08,2025-07-03,-4.19,-1.16,0.43,6.19,1.61,3.16,-4.19,阳阳阴,3.16,-4.19
002636.SZSE,2026-06-10,2026-06-08,7.7,12.43,14.87,8.28,2.17,4.39,7.7,阳阳阳,7.7,2.17
002636.SZSE,2026-06-11,2026-06-08,7.7,12.43,14.87,8.28,2.17,4.39,7.7,阳阳阳,7.7,2.17
002638.SZSE,2023-06-12,2023-06-08,-6.18,-4.2,5.28,12.96,9.9,2.1,-6.18,阳阳阴,9.9,-6.18
002638.SZSE,2024-11-26,2024-11-22,1.33,5.07,7.04,2.27,1.88,3.69,1.33,阳阳阳,3.69,1.33
002639.SZSE,2024-12-16,2024-12-12,0.56,-0.28,-2.18,-1.38,-1.91,-0.83,0.56,阴阴阳,0.56,-1.91
002639.SZSE,2025-12-15,2025-12-11,-4.58,-3.16,-2.34,6.28,0.85,1.48,-4.58,阳阳阴,1.48,-4.58
002639.SZSE,2026-01-09,2026-01-07,2.1,7.31,2.89,0.77,-4.12,5.11,2.1,阴阳阳,5.11,-4.12
002640.SZSE,2024-09-09,2024-09-05,-1.35,-0.68,-2.01,2.78,-1.34,0.68,-1.35,阴阳阴,0.68,-1.35
002640.SZSE,2024-09-10,2024-09-05,-1.35,-0.68,-2.01,2.78,-1.34,0.68,-1.35,阴阳阴,0.68,-1.35
002640.SZSE,2024-09-26,2024-09-24,5.78,0.55,1.1,-13.93,0.55,-4.95,5.78,阳阴阳,5.78,-4.95
002640.SZSE,2024-09-27,2024-09-24,5.78,0.55,1.1,-13.93,0.55,-4.95,5.78,阳阴阳,5.78,-4.95
002640.SZSE,2024-11-26,2024-11-22,1.28,8.59,10.1,3.65,1.39,7.22,1.28,阳阳阳,7.22,1.28
002640.SZSE,2024-11-29,2024-11-27,-8.62,0.57,10.76,22.76,10.13,10.06,-8.62,阳阳阴,10.13,-8.62
002640.SZSE,2025-04-14,2025-04-10,5.45,8.61,-2.36,-12.42,-10.1,3.0,5.45,阴阳阳,5.45,-10.1
002640.SZSE,2025-04-23,2025-04-21,-8.22,-6.74,-10.59,-2.33,-4.13,1.62,-8.22,阴阳阴,1.62,-8.22
002641.SZSE,2025-09-22,2025-09-18,-0.71,2.43,2.18,2.41,-0.24,3.16,-0.71,阴阳阴,3.16,-0.71
002642.SZSE,2023-10-09,2023-09-27,-6.37,2.99,-2.93,14.06,-5.74,10.0,-6.37,阴阳阴,10.0,-6.37
002644.SZSE,2025-07-30,2025-07-28,-0.79,0.68,2.43,2.53,1.74,1.48,-0.79,阳阳阴,1.74,-0.79
002645.SZSE,2024-03-18,2024-03-14,-0.24,0.12,2.96,3.59,2.84,0.36,-0.24,阳阳阴,2.84,-0.24
002645.SZSE,2025-07-15,2025-07-11,2.81,0.53,4.74,2.78,4.19,-2.22,2.81,阳阴阳,4.19,-2.22
002645.SZSE,2025-07-16,2025-07-11,2.81,0.53,4.74,2.78,4.19,-2.22,2.81,阳阴阳,4.19,-2.22
002645.SZSE,2025-08-19,2025-08-15,-1.38,-1.17,-3.21,-1.36,-2.07,0.22,-1.38,阴阳阴,0.22,-2.07
002647.SZSE,2024-10-09,2024-09-30,6.53,8.47,13.26,13.23,4.42,1.81,6.53,阳阳阳,6.53,1.81
002649.SZSE,2024-10-09,2024-09-30,5.33,7.79,7.67,2.45,-0.11,2.34,5.33,阴阳阳,5.33,-0.11
002651.SZSE,2024-08-08,2024-08-06,-1.8,-3.02,-1.45,3.74,1.63,-1.25,-1.8,阳阴阴,1.63,-1.8
002651.SZSE,2025-05-09,2025-05-07,2.6,4.35,5.0,-1.21,0.63,1.71,2.6,阳阳阳,2.6,0.63
002651.SZSE,2025-05-12,2025-05-07,2.6,4.35,5.0,-1.21,0.63,1.71,2.6,阳阳阳,2.6,0.63
002652.SZSE,2023-10-13,2023-10-11,-1.33,-2.63,1.72,6.38,4.47,-1.32,-1.33,阳阴阴,4.47,-1.33
002652.SZSE,2025-12-29,2025-12-25,0.27,0.55,0.83,2.82,0.28,0.28,0.27,阳阳阳,0.28,0.27
002654.SZSE,2024-10-29,2024-10-24,-0.62,-2.61,1.36,6.64,4.08,-2.0,-0.62,阳阴阴,4.08,-2.0
002655.SZSE,2026-06-23,2026-06-18,4.2,7.97,16.69,9.68,8.07,3.62,4.2,阳阳阳,8.07,3.62
002657.SZSE,2024-11-18,2024-11-13,-5.19,4.29,6.97,14.29,2.56,10.0,-5.19,阳阳阴,10.0,-5.19
002658.SZSE,2025-07-02,2025-06-30,0.71,-0.42,-0.14,1.29,0.28,-1.12,0.71,阳阴阳,0.71,-1.12
002658.SZSE,2025-07-03,2025-06-30,0.71,-0.42,-0.14,1.29,0.28,-1.12,0.71,阳阴阳,0.71,-1.12
002660.SZSE,2024-01-02,2023-12-28,-4.21,-4.48,-0.58,0.09,4.08,-0.28,-4.21,阳阴阴,4.08,-4.21
002670.SZSE,2024-04-30,2024-04-26,1.13,0.0,-1.65,-2.85,-1.65,-1.12,1.13,阴阴阳,1.13,-1.65
002670.SZSE,2024-05-06,2024-04-26,1.13,0.0,-1.65,-2.85,-1.65,-1.12,1.13,阴阴阳,1.13,-1.65
002670.SZSE,2024-10-08,2024-09-27,5.54,5.54,14.73,8.58,8.71,0.0,5.54,阳阳阳,8.71,0.0
002670.SZSE,2024-12-12,2024-12-10,1.24,2.03,1.63,0.08,-0.39,0.78,1.24,阴阳阳,1.24,-0.39
002670.SZSE,2024-12-13,2024-12-10,1.24,2.03,1.63,0.08,-0.39,0.78,1.24,阴阳阳,1.24,-0.39
002671.SZSE,2023-10-27,2023-10-25,3.2,5.52,11.21,8.7,5.39,2.25,3.2,阳阳阳,5.39,2.25
002673.SZSE,2024-10-08,2024-09-27,4.66,6.69,12.19,6.85,5.16,1.93,4.66,阳阳阳,5.16,1.93
002676.SZSE,2024-03-29,2024-03-27,1.2,-0.47,-0.47,-2.12,0.0,-1.66,1.2,阳阴阳,1.2,-1.66
002676.SZSE,2024-10-24,2024-10-22,-0.22,2.47,1.11,1.33,-1.33,2.69,-0.22,阴阳阴,2.69,-1.33
002676.SZSE,2024-10-29,2024-10-25,-2.71,6.96,17.72,20.74,10.07,9.94,-2.71,阳阳阴,10.07,-2.71
002678.SZSE,2025-06-18,2025-06-16,4.09,5.82,0.79,3.38,-4.75,1.66,4.09,阴阳阳,4.09,-4.75
002678.SZSE,2025-10-24,2025-10-22,-0.78,0.0,10.11,11.69,10.11,0.78,-0.78,阳阳阴,10.11,-0.78
002679.SZSE,2025-11-03,2025-10-30,-6.01,-0.52,2.75,10.7,3.29,5.85,-6.01,阳阳阴,5.85,-6.01
002679.SZSE,2026-09-02,2026-08-28,0.73,1.15,4.86,4.33,3.68,0.42,0.73,阳阳阳,3.68,0.42
002681.SZSE,2024-09-02,2024-08-28,-3.99,0.28,1.69,8.67,1.41,4.44,-3.99,阳阳阴,4.44,-3.99
002681.SZSE,2024-12-06,2024-12-04,-5.51,3.93,8.18,9.8,4.09,9.98,-5.51,阳阳阴,9.98,-5.51
002681.SZSE,2024-12-11,2024-12-09,2.47,12.73,24.09,14.43,10.08,10.01,2.47,阳阳阳,10.08,2.47
002682.SZSE,2023-12-27,2023-12-25,-3.6,-5.31,4.22,7.94,10.06,-1.77,-3.6,阳阴阴,10.06,-3.6
002682.SZSE,2025-11-18,2025-11-13,3.28,3.28,3.88,0.78,0.58,0.0,3.28,阳阳阳,3.28,0.0
002685.SZSE,2024-10-29,2024-10-25,-6.88,2.37,12.56,33.03,9.95,9.94,-6.88,阳阳阴,9.95,-6.88
002692.SZSE,2023-11-09,2023-11-07,5.13,10.51,16.15,10.8,5.1,5.12,5.13,阳阳阳,5.13,5.1
002692.SZSE,2025-01-22,2025-01-17,-4.59,-4.79,-2.77,12.18,2.13,-0.21,-4.59,阳阴阴,2.13,-4.59
002693.SZSE,2023-09-19,2023-09-15,3.79,2.09,4.27,4.11,2.13,-1.64,3.79,阳阴阳,3.79,-1.64
002693.SZSE,2024-10-16,2024-10-14,-9.99,-18.99,-10.89,8.92,10.0,-10.0,-9.99,阳阴阴,10.0,-10.0
002693.SZSE,2024-10-17,2024-10-14,-9.99,-18.99,-10.89,8.92,10.0,-10.0,-9.99,阳阴阴,10.0,-10.0
002693.SZSE,2024-10-28,2024-10-24,-9.99,-0.99,8.91,33.11,9.99,10.0,-9.99,阳阳阴,10.0,-9.99
002693.SZSE,2024-11-21,2024-11-19,1.4,-5.61,-6.05,-10.87,-0.46,-6.91,1.4,阴阴阳,1.4,-6.91
002693.SZSE,2025-04-16,2025-04-14,5.8,16.37,19.69,3.66,2.85,9.99,5.8,阳阳阳,9.99,2.85
002693.SZSE,2025-04-17,2025-04-14,5.8,16.37,19.69,3.66,2.85,9.99,5.8,阳阳阳,9.99,2.85
002696.SZSE,2023-08-25,2023-08-23,0.0,0.79,-0.62,0.31,-1.4,0.79,0.0,阴阳阳,0.79,-1.4
002697.SZSE,2025-12-17,2025-12-15,-2.75,-6.6,-5.35,0.52,1.34,-3.96,-2.75,阳阴阴,1.34,-3.96
002702.SZSE,2024-12-12,2024-12-10,1.67,7.03,6.8,4.13,-0.22,5.27,1.67,阴阳阳,5.27,-0.22
002702.SZSE,2025-11-28,2025-11-26,7.3,9.24,5.63,-9.3,-3.3,1.81,7.3,阴阳阳,7.3,-3.3
002702.SZSE,2025-12-01,2025-11-26,7.3,9.24,5.63,-9.3,-3.3,1.81,7.3,阴阳阳,7.3,-3.3
002703.SZSE,2023-06-13,2023-06-09,-0.53,-3.86,-6.74,-6.01,-3.0,-3.35,-0.53,阴阴阴,-0.53,-3.35
002703.SZSE,2025-12-18,2025-12-16,-1.65,-1.32,-2.61,-0.16,-1.3,0.33,-1.65,阴阳阴,0.33,-1.65
002703.SZSE,2025-12-19,2025-12-16,-1.65,-1.32,-2.61,-0.16,-1.3,0.33,-1.65,阴阳阴,0.33,-1.65
002708.SZSE,2023-10-16,2023-10-12,-0.88,1.41,6.89,9.47,5.41,2.31,-0.88,阳阳阴,5.41,-0.88
002708.SZSE,2024-01-12,2024-01-10,3.32,0.26,-1.27,-7.16,-1.52,-2.97,3.32,阴阴阳,3.32,-2.97
002708.SZSE,2024-01-15,2024-01-10,3.32,0.26,-1.27,-7.16,-1.52,-2.97,3.32,阴阴阳,3.32,-2.97
002712.SZSE,2024-10-31,2024-10-28,4.19,1.5,3.05,2.25,1.53,-2.58,4.19,阳阴阳,4.19,-2.58
002713.SZSE,2024-10-23,2024-10-21,-3.66,-8.67,-7.06,6.15,1.76,-5.2,-3.66,阳阴阴,1.76,-5.2
002713.SZSE,2024-10-28,2024-10-24,0.0,10.06,21.2,16.77,10.13,10.06,0.0,阳阳阳,10.13,0.0
002713.SZSE,2024-12-09,2024-12-05,-5.28,4.15,14.61,18.04,10.05,9.96,-5.28,阳阳阴,10.05,-5.28
002716.SZSE,2026-01-22,2026-01-20,1.08,6.93,13.61,23.61,6.25,5.79,1.08,阳阳阳,6.25,1.08
002718.SZSE,2024-11-28,2024-11-26,7.07,4.6,7.23,5.45,2.51,-2.3,7.07,阳阴阳,7.07,-2.3
002718.SZSE,2026-01-05,2025-12-23,-1.72,2.34,-0.34,3.49,-2.62,4.14,-1.72,阴阳阴,4.14,-2.62
002718.SZSE,2026-01-06,2025-12-23,-1.72,2.34,-0.34,3.49,-2.62,4.14,-1.72,阴阳阴,4.14,-2.62
002718.SZSE,2026-01-14,2026-01-12,4.74,7.69,18.47,24.41,10.0,2.82,4.74,阳阳阳,10.0,2.82
002721.SZSE,2025-07-07,2025-07-03,-5.41,-4.05,-1.48,14.71,2.67,1.45,-5.41,阳阳阴,2.67,-5.41
002721.SZSE,2025-07-08,2025-07-03,-5.41,-4.05,-1.48,14.71,2.67,1.45,-5.41,阳阳阴,2.67,-5.41
002721.SZSE,2026-08-07,2026-08-05,-1.22,0.0,2.1,4.24,2.1,1.23,-1.22,阳阳阴,2.1,-1.22
002724.SZSE,2025-03-18,2025-03-13,1.01,1.62,2.03,-0.4,0.41,0.61,1.01,阳阳阳,1.01,0.41
002724.SZSE,2026-08-17,2026-08-13,2.94,2.56,5.07,1.49,2.44,-0.37,2.94,阳阴阳,2.94,-0.37
002725.SZSE,2023-11-21,2023-11-17,-4.81,4.75,5.33,13.57,0.55,10.05,-4.81,阳阳阴,10.05,-4.81
002725.SZSE,2024-10-28,2024-10-24,4.2,0.0,9.98,16.08,9.98,-4.03,4.2,阳阴阳,9.98,-4.03
002725.SZSE,2024-10-29,2024-10-24,4.2,0.0,9.98,16.08,9.98,-4.03,4.2,阳阴阳,9.98,-4.03
002725.SZSE,2025-12-11,2025-12-09,1.79,2.12,3.11,6.75,0.97,0.32,1.79,阳阳阳,1.79,0.32
002730.SZSE,2024-12-25,2024-12-20,2.53,2.27,-2.53,-5.05,-4.69,-0.25,2.53,阴阴阳,2.53,-4.69
002730.SZSE,2025-01-06,2025-01-02,5.73,-4.87,4.67,8.94,10.04,-10.03,5.73,阳阴阳,10.04,-10.03
002730.SZSE,2025-01-21,2025-01-17,4.97,15.46,22.76,5.23,6.32,9.99,4.97,阳阳阳,9.99,4.97
002730.SZSE,2025-01-22,2025-01-17,4.97,15.46,22.76,5.23,6.32,9.99,4.97,阳阳阳,9.99,4.97
002730.SZSE,2025-05-07,2025-04-30,0.77,-0.35,0.07,-3.52,0.42,-1.11,0.77,阳阴阳,0.77,-1.11
002733.SZSE,2025-01-07,2025-01-03,2.17,8.6,5.76,4.37,-2.62,6.3,2.17,阴阳阳,6.3,-2.62
002735.SZSE,2024-03-25,2024-03-21,2.74,1.61,7.15,4.57,5.45,-1.1,2.74,阳阴阳,5.45,-1.1
002735.SZSE,2025-05-20,2025-05-16,7.61,8.52,5.14,7.47,-3.12,0.85,7.61,阴阳阳,7.61,-3.12
002735.SZSE,2025-05-21,2025-05-16,7.61,8.52,5.14,7.47,-3.12,0.85,7.61,阴阳阳,7.61,-3.12
002741.SZSE,2024-12-04,2024-12-02,-10.0,-19.0,-27.11,-10.92,-10.02,-10.0,-10.0,阴阴阴,-10.0,-10.02
002741.SZSE,2026-06-17,2026-06-15,7.24,3.78,4.66,7.34,0.85,-3.22,7.24,阳阴阳,7.24,-3.22
002742.SZSE,2026-08-28,2026-08-25,4.68,-2.07,-0.93,-5.8,1.17,-6.45,4.68,阳阴阳,4.68,-6.45
002743.SZSE,2024-10-28,2024-10-24,4.53,5.8,5.29,1.7,-0.48,1.21,4.53,阴阳阳,4.53,-0.48
002743.SZSE,2025-06-03,2025-05-29,-7.84,-14.54,-10.73,4.23,4.45,-7.27,-7.84,阳阴阴,4.45,-7.84
002748.SZSE,2023-12-26,2023-12-21,0.41,0.31,-0.72,-0.21,-1.02,-0.1,0.41,阴阴阳,0.41,-1.02
002748.SZSE,2025-10-23,2025-10-21,1.94,2.34,0.57,0.49,-1.72,0.39,1.94,阴阳阳,1.94,-1.72
002748.SZSE,2025-10-24,2025-10-21,1.94,2.34,0.57,0.49,-1.72,0.39,1.94,阴阳阳,1.94,-1.72
002752.SZSE,2025-12-10,2025-12-05,-2.97,-4.11,-3.11,-2.46,1.04,-1.17,-2.97,阳阴阴,1.04,-2.97
002757.SZSE,2025-01-27,2025-01-23,1.45,-1.55,-7.83,-10.44,-6.38,-2.95,1.45,阴阴阳,1.45,-6.38
002757.SZSE,2026-01-05,2025-12-30,0.5,0.06,1.51,2.43,1.45,-0.44,0.5,阳阴阳,1.45,-0.44
002757.SZSE,2026-01-06,2025-12-30,0.5,0.06,1.51,2.43,1.45,-0.44,0.5,阳阴阳,1.45,-0.44
002760.SZSE,2025-03-10,2025-03-06,-0.87,-1.63,-3.46,-5.96,-1.86,-0.76,-0.87,阴阴阴,-0.76,-1.86
002760.SZSE,2025-03-11,2025-03-06,-0.87,-1.63,-3.46,-5.96,-1.86,-0.76,-0.87,阴阴阴,-0.76,-1.86
002761.SZSE,2024-11-25,2024-11-20,4.64,6.52,4.06,2.37,-2.31,1.8,4.64,阴阳阳,4.64,-2.31
002766.SZSE,2024-12-11,2024-12-09,-0.97,2.16,0.49,2.48,-1.63,3.16,-0.97,阴阳阴,3.16,-1.63
002766.SZSE,2026-01-06,2025-12-31,-3.17,-5.01,-5.17,-2.41,-0.17,-1.9,-3.17,阴阴阴,-0.17,-3.17
002766.SZSE,2026-01-07,2025-12-31,-3.17,-5.01,-5.17,-2.41,-0.17,-1.9,-3.17,阴阴阴,-0.17,-3.17
002767.SZSE,2023-09-11,2023-09-07,2.94,4.73,5.46,1.95,0.7,1.74,2.94,阳阳阳,2.94,0.7
002767.SZSE,2023-12-04,2023-11-30,-0.06,1.23,1.82,-0.38,0.59,1.29,-0.06,阳阳阴,1.29,-0.06
002767.SZSE,2025-01-21,2025-01-16,0.0,3.73,6.69,3.73,2.86,3.73,0.0,阳阳阳,3.73,0.0
002767.SZSE,2025-03-25,2025-03-21,2.35,2.54,3.63,1.51,1.06,0.19,2.35,阳阳阳,2.35,0.19
002767.SZSE,2025-03-26,2025-03-21,2.35,2.54,3.63,1.51,1.06,0.19,2.35,阳阳阳,2.35,0.19
002767.SZSE,2025-10-21,2025-10-17,-2.54,0.8,-1.52,0.0,-2.3,3.43,-2.54,阴阳阴,3.43,-2.54
002769.SZSE,2024-03-29,2024-03-27,1.46,-1.88,-3.69,-4.04,-1.84,-3.29,1.46,阴阴阳,1.46,-3.29
002769.SZSE,2024-04-01,2024-03-27,1.46,-1.88,-3.69,-4.04,-1.84,-3.29,1.46,阴阴阳,1.46,-3.29
002769.SZSE,2026-01-14,2026-01-12,-0.96,-1.9,-2.57,-2.63,-0.69,-0.95,-0.96,阴阴阴,-0.69,-0.96
002774.SZSE,2024-12-03,2024-11-29,-0.41,-4.36,-2.69,1.68,1.75,-3.96,-0.41,阳阴阴,1.75,-3.96
002774.SZSE,2026-01-07,2026-01-05,0.11,-1.49,-1.38,-4.33,0.11,-1.59,0.11,阳阴阳,0.11,-1.59
002774.SZSE,2026-01-08,2026-01-05,0.11,-1.49,-1.38,-4.33,0.11,-1.59,0.11,阳阴阳,0.11,-1.59
002775.SZSE,2024-03-12,2024-03-08,1.98,5.31,1.57,-3.07,-3.54,3.27,1.98,阴阳阳,3.27,-3.54
002775.SZSE,2024-12-12,2024-12-10,3.01,9.62,10.26,5.19,0.59,6.41,3.01,阳阳阳,6.41,0.59
002775.SZSE,2025-08-04,2025-07-31,-3.38,-5.66,-11.5,0.73,-6.19,-2.36,-3.38,阴阴阴,-2.36,-6.19
002775.SZSE,2025-08-05,2025-07-31,-3.38,-5.66,-11.5,0.73,-6.19,-2.36,-3.38,阴阴阴,-2.36,-6.19
002777.SZSE,2023-04-10,2023-04-06,8.96,19.84,29.59,19.9,8.13,9.99,8.96,阳阳阳,9.99,8.13
002777.SZSE,2024-10-09,2024-09-30,9.31,12.38,11.42,3.85,-0.86,2.81,9.31,阴阳阳,9.31,-0.86
002778.SZSE,2024-04-02,2024-03-29,1.1,-3.15,0.27,-2.84,3.54,-4.2,1.1,阳阴阳,3.54,-4.2
002779.SZSE,2024-02-20,2024-02-08,-4.6,1.04,-7.17,-7.25,-8.13,5.92,-4.6,阴阳阴,5.92,-8.13
002779.SZSE,2024-02-21,2024-02-08,-4.6,1.04,-7.17,-7.25,-8.13,5.92,-4.6,阴阳阴,5.92,-8.13
002783.SZSE,2024-01-02,2023-12-28,-3.04,-1.24,0.95,4.55,2.21,1.86,-3.04,阳阳阴,2.21,-3.04
002783.SZSE,2025-07-23,2025-07-21,-0.33,-0.66,0.22,0.33,0.89,-0.33,-0.33,阳阴阴,0.89,-0.33
002786.SZSE,2023-11-14,2023-11-10,-5.96,-2.94,-2.94,1.51,0.0,3.2,-5.96,阳阳阴,3.2,-5.96
002786.SZSE,2023-11-15,2023-11-10,-5.96,-2.94,-2.94,1.51,0.0,3.2,-5.96,阳阳阴,3.2,-5.96
002787.SZSE,2023-08-09,2023-08-07,3.85,6.24,6.53,2.31,0.27,2.31,3.85,阳阳阳,3.85,0.27
002788.SZSE,2025-12-22,2025-12-17,4.45,2.77,9.22,-0.36,6.27,-1.61,4.45,阳阴阳,6.27,-1.61
002788.SZSE,2026-01-08,2026-01-06,-2.5,-12.24,-7.23,0.86,5.71,-9.99,-2.5,阳阴阴,5.71,-9.99
002791.SZSE,2024-09-30,2024-09-26,0.22,5.86,6.39,7.14,0.5,5.63,0.22,阳阳阳,5.63,0.22
002791.SZSE,2024-10-08,2024-09-26,0.22,5.86,6.39,7.14,0.5,5.63,0.22,阳阳阳,5.63,0.22
002792.SZSE,2026-08-05,2026-08-03,5.37,-0.88,-4.39,-11.26,-3.54,-5.92,5.37,阴阴阳,5.37,-5.92
002796.SZSE,2024-04-02,2024-03-29,3.83,-2.47,-1.56,-7.77,0.93,-6.06,3.83,阳阴阳,3.83,-6.06
002797.SZSE,2024-10-08,2024-09-27,4.64,5.97,11.83,6.46,5.53,1.27,4.64,阳阳阳,5.53,1.27
002797.SZSE,2024-11-01,2024-10-30,1.43,0.28,7.58,6.06,7.27,-1.13,1.43,阳阴阳,7.27,-1.13
002799.SZSE,2025-08-04,2025-07-31,-0.24,-0.94,-0.59,1.32,0.36,-0.71,-0.24,阳阴阴,0.36,-0.71
002800.SZSE,2025-04-11,2025-04-08,-4.13,5.42,5.21,13.93,-0.19,9.96,-4.13,阴阳阴,9.96,-4.13
002800.SZSE,2025-08-12,2025-08-08,0.98,-0.07,3.43,3.47,3.5,-1.04,0.98,阳阴阳,3.5,-1.04
002802.SZSE,2023-08-28,2023-08-24,-2.07,-3.29,-2.59,0.0,0.72,-1.24,-2.07,阳阴阴,0.72,-2.07
002805.SZSE,2025-11-17,2025-11-13,-3.6,0.11,1.13,15.39,1.02,3.85,-3.6,阳阳阴,3.85,-3.6
002805.SZSE,2026-05-06,2026-04-29,2.83,3.57,5.65,1.77,2.01,0.71,2.83,阳阳阳,2.83,0.71
002806.SZSE,2026-06-01,2026-05-28,-3.6,-7.28,-8.99,3.87,-1.85,-3.82,-3.6,阴阴阴,-1.85,-3.82
002809.SZSE,2025-04-21,2025-04-17,-3.06,0.0,2.72,6.66,2.72,3.16,-3.06,阳阳阴,3.16,-3.06
002809.SZSE,2025-04-22,2025-04-17,-3.06,0.0,2.72,6.66,2.72,3.16,-3.06,阳阳阴,3.16,-3.06
002809.SZSE,2025-05-13,2025-05-09,5.12,15.6,6.92,-8.46,-7.51,9.97,5.12,阴阳阳,9.97,-7.51
002809.SZSE,2025-05-14,2025-05-09,5.12,15.6,6.92,-8.46,-7.51,9.97,5.12,阴阳阳,9.97,-7.51
002811.SZSE,2025-05-19,2025-05-15,-0.54,-1.69,-0.64,0.65,1.07,-1.16,-0.54,阳阴阴,1.07,-1.16
002811.SZSE,2025-05-20,2025-05-15,-0.54,-1.69,-0.64,0.65,1.07,-1.16,-0.54,阳阴阴,1.07,-1.16
002813.SZSE,2024-05-06,2024-04-29,2.61,0.82,2.61,2.33,1.78,-1.75,2.61,阳阴阳,2.61,-1.75
002813.SZSE,2025-05-21,2025-05-16,-1.17,-2.48,-1.3,1.0,1.21,-1.33,-1.17,阳阴阴,1.21,-1.33
002819.SZSE,2024-01-05,2024-01-03,-1.72,-0.83,-0.36,3.64,0.48,0.91,-1.72,阳阳阴,0.91,-1.72
002819.SZSE,2024-01-08,2024-01-03,-1.72,-0.83,-0.36,3.64,0.48,0.91,-1.72,阳阳阴,0.91,-1.72
002819.SZSE,2025-05-20,2025-05-16,-6.07,3.31,-1.23,4.22,-4.39,9.99,-6.07,阴阳阴,9.99,-6.07
002820.SZSE,2024-11-26,2024-11-22,2.52,4.67,4.92,0.34,0.23,2.1,2.52,阳阳阳,2.52,0.23
002820.SZSE,2025-08-13,2025-08-11,0.62,1.43,1.34,1.17,-0.09,0.81,0.62,阴阳阳,0.81,-0.09
002823.SZSE,2024-06-27,2024-06-25,-5.71,-5.53,-8.75,-4.97,-3.41,0.19,-5.71,阴阳阴,0.19,-5.71
002823.SZSE,2024-07-10,2024-07-08,-2.37,-5.86,-0.83,0.6,5.34,-3.57,-2.37,阳阴阴,5.34,-3.57
002824.SZSE,2026-04-13,2026-04-09,5.03,2.86,5.72,-2.83,2.78,-2.07,5.03,阳阴阳,5.03,-2.07
002827.SZSE,2024-05-07,2024-04-30,0.69,-1.42,0.69,3.81,2.15,-2.1,0.69,阳阴阳,2.15,-2.1
002827.SZSE,2024-08-15,2024-08-13,-1.71,-1.44,1.2,13.24,2.69,0.27,-1.71,阳阳阴,2.69,-1.71
002827.SZSE,2025-07-24,2025-07-21,-3.5,1.31,-3.65,2.02,-4.89,4.99,-3.5,阴阳阴,4.99,-4.89
002827.SZSE,2026-07-31,2026-07-29,2.93,8.38,2.12,5.78,-5.78,5.3,2.93,阴阳阳,5.3,-5.78
002827.SZSE,2026-08-03,2026-07-29,2.93,8.38,2.12,5.78,-5.78,5.3,2.93,阴阳阳,5.3,-5.78
002827.SZSE,2026-08-10,2026-08-06,6.9,17.6,29.36,33.13,10.0,10.01,6.9,阳阳阳,10.01,6.9
002828.SZSE,2023-09-28,2023-09-26,-1.15,1.29,3.39,2.14,2.08,2.47,-1.15,阳阳阴,2.47,-1.15
002828.SZSE,2023-10-09,2023-09-26,-1.15,1.29,3.39,2.14,2.08,2.47,-1.15,阳阳阴,2.47,-1.15
002828.SZSE,2025-06-17,2025-06-13,0.0,-0.22,-1.29,-1.29,-1.08,-0.22,0.0,阴阴阳,0.0,-1.08
002828.SZSE,2025-06-18,2025-06-13,0.0,-0.22,-1.29,-1.29,-1.08,-0.22,0.0,阴阴阳,0.0,-1.08
002829.SZSE,2024-08-05,2024-08-01,-2.23,7.53,11.55,15.34,3.74,9.99,-2.23,阳阳阴,9.99,-2.23
002830.SZSE,2026-02-03,2026-01-30,1.05,-0.28,0.14,-1.65,0.43,-1.32,1.05,阳阴阳,1.05,-1.32
002830.SZSE,2026-02-04,2026-01-30,1.05,-0.28,0.14,-1.65,0.43,-1.32,1.05,阳阴阳,1.05,-1.32
002832.SZSE,2024-10-08,2024-09-27,9.5,9.86,19.13,8.99,8.44,0.33,9.5,阳阳阳,9.5,0.33
002836.SZSE,2025-04-21,2025-04-17,-0.99,1.91,4.57,6.45,2.61,2.93,-0.99,阳阳阴,2.93,-0.99
002838.SZSE,2024-11-13,2024-10-28,4.04,2.72,2.89,1.13,0.17,-1.27,4.04,阳阴阳,4.04,-1.27
002841.SZSE,2026-07-09,2026-07-07,2.14,10.19,7.73,11.03,-2.23,7.88,2.14,阴阳阳,7.88,-2.23
002843.SZSE,2023-06-05,2023-06-01,-4.16,5.4,2.28,0.16,-2.96,9.98,-4.16,阴阳阴,9.98,-4.16
002843.SZSE,2026-03-02,2026-02-26,2.5,0.14,10.18,11.31,10.03,-2.3,2.5,阳阴阳,10.03,-2.3
002843.SZSE,2026-03-03,2026-02-26,2.5,0.14,10.18,11.31,10.03,-2.3,2.5,阳阴阳,10.03,-2.3
002846.SZSE,2023-06-28,2023-06-26,2.97,0.78,-0.86,-7.43,-1.62,-2.13,2.97,阴阴阳,2.97,-2.13
002846.SZSE,2023-07-04,2023-06-30,-5.82,-7.32,1.92,19.06,9.97,-1.59,-5.82,阳阴阴,9.97,-5.82
002846.SZSE,2025-06-24,2025-06-20,-3.83,0.08,-2.07,2.07,-2.15,4.06,-3.83,阴阳阴,4.06,-3.83
002846.SZSE,2025-06-25,2025-06-20,-3.83,0.08,-2.07,2.07,-2.15,4.06,-3.83,阴阳阴,4.06,-3.83
002848.SZSE,2024-03-05,2024-02-29,-9.99,-9.78,-2.37,14.76,8.22,0.23,-9.99,阳阳阴,8.22,-9.99
002849.SZSE,2024-11-12,2024-11-08,1.0,3.05,4.99,8.09,1.88,2.04,1.0,阳阳阳,2.04,1.0
002850.SZSE,2024-10-08,2024-09-27,0.94,4.89,8.57,6.99,3.52,3.91,0.94,阳阳阳,3.91,0.94
002851.SZSE,2024-10-23,2024-10-18,6.17,8.19,7.25,6.93,-0.87,1.9,6.17,阴阳阳,6.17,-0.87
002851.SZSE,2024-12-23,2024-12-19,3.02,5.17,15.67,8.4,9.99,2.08,3.02,阳阳阳,9.99,2.08
002852.SZSE,2023-04-19,2023-04-17,-2.03,-1.23,-2.03,9.99,-0.81,0.82,-2.03,阴阳阴,0.82,-2.03
002853.SZSE,2025-12-17,2025-12-08,-0.27,1.3,-0.61,0.68,-1.89,1.58,-0.27,阴阳阴,1.58,-1.89
002853.SZSE,2025-12-18,2025-12-08,-0.27,1.3,-0.61,0.68,-1.89,1.58,-0.27,阴阳阴,1.58,-1.89
002855.SZSE,2023-09-01,2023-08-30,7.99,10.13,7.76,-2.42,-2.16,1.98,7.99,阴阳阳,7.99,-2.16
002855.SZSE,2023-09-04,2023-08-30,7.99,10.13,7.76,-2.42,-2.16,1.98,7.99,阴阳阳,7.99,-2.16
002855.SZSE,2023-09-22,2023-09-20,3.33,4.21,1.12,7.66,-2.96,0.85,3.33,阴阳阳,3.33,-2.96
002855.SZSE,2023-09-25,2023-09-20,3.33,4.21,1.12,7.66,-2.96,0.85,3.33,阴阳阳,3.33,-2.96
002855.SZSE,2023-10-26,2023-10-24,-8.28,-17.19,-18.29,-4.94,-1.33,-9.72,-8.28,阴阴阴,-1.33,-9.72
002855.SZSE,2023-12-25,2023-12-21,3.64,-4.54,5.0,4.83,9.99,-7.9,3.64,阳阴阳,9.99,-7.9
002855.SZSE,2023-12-26,2023-12-21,3.64,-4.54,5.0,4.83,9.99,-7.9,3.64,阳阴阳,9.99,-7.9
002857.SZSE,2024-03-11,2024-03-07,4.08,2.32,2.77,0.45,0.45,-1.69,4.08,阳阴阳,4.08,-1.69
002857.SZSE,2024-03-12,2024-03-07,4.08,2.32,2.77,0.45,0.45,-1.69,4.08,阳阴阳,4.08,-1.69
002861.SZSE,2023-09-06,2023-09-04,1.29,1.38,6.22,15.36,4.77,0.09,1.29,阳阳阳,4.77,0.09
002861.SZSE,2024-06-28,2024-06-26,1.77,-3.48,-5.08,-10.33,-1.65,-5.16,1.77,阴阴阳,1.77,-5.16
002861.SZSE,2024-07-01,2024-06-26,1.77,-3.48,-5.08,-10.33,-1.65,-5.16,1.77,阴阴阳,1.77,-5.16
002861.SZSE,2025-01-21,2025-01-16,0.38,6.95,3.91,-4.68,-2.84,6.55,0.38,阴阳阳,6.55,-2.84
002862.SZSE,2023-12-18,2023-12-14,-2.87,-4.53,5.04,4.95,10.02,-1.71,-2.87,阳阴阴,10.02,-2.87
002862.SZSE,2023-12-19,2023-12-14,-2.87,-4.53,5.04,4.95,10.02,-1.71,-2.87,阳阴阴,10.02,-2.87
002862.SZSE,2024-03-22,2024-03-20,2.03,6.33,7.51,2.7,1.11,4.22,2.03,阳阳阳,4.22,1.11
002865.SZSE,2024-10-29,2024-10-25,1.01,11.11,13.56,22.79,2.2,10.0,1.01,阳阳阳,10.0,1.01
002865.SZSE,2026-01-26,2026-01-22,-2.46,-9.49,-8.38,1.97,1.23,-7.21,-2.46,阳阴阴,1.23,-7.21
002868.SZSE,2024-01-16,2024-01-11,2.75,4.26,2.6,-3.94,-1.6,1.47,2.75,阴阳阳,2.75,-1.6
002868.SZSE,2024-12-31,2024-12-27,3.95,0.4,-0.66,-10.87,-1.06,-3.41,3.95,阴阴阳,3.95,-3.41
002868.SZSE,2025-01-02,2024-12-27,3.95,0.4,-0.66,-10.87,-1.06,-3.41,3.95,阴阴阳,3.95,-3.41
002869.SZSE,2024-06-19,2024-06-17,3.17,6.73,9.04,10.47,2.16,3.45,3.17,阳阳阳,3.45,2.16
002873.SZSE,2024-03-12,2024-03-08,3.34,4.13,6.44,2.43,2.22,0.76,3.34,阳阳阳,3.34,0.76
002873.SZSE,2025-08-19,2025-08-15,1.15,-0.7,-2.31,2.55,-1.63,-1.83,1.15,阴阴阳,1.15,-1.83
002877.SZSE,2023-07-14,2023-07-12,-0.74,-2.68,-4.83,-4.13,-2.22,-1.96,-0.74,阴阴阴,-0.74,-2.22
002877.SZSE,2025-11-20,2025-11-18,0.89,1.01,2.04,0.11,1.02,0.11,0.89,阳阳阳,1.02,0.11
002878.SZSE,2024-12-03,2024-11-29,-2.92,-5.48,0.96,6.95,6.82,-2.65,-2.92,阳阴阴,6.82,-2.92
002878.SZSE,2025-06-03,2025-05-29,-0.63,2.53,8.2,5.78,5.54,3.17,-0.63,阳阳阴,5.54,-0.63
002878.SZSE,2025-06-13,2025-06-11,-2.45,7.34,0.92,13.81,-5.98,10.03,-2.45,阴阳阴,10.03,-5.98
002878.SZSE,2025-06-16,2025-06-11,-2.45,7.34,0.92,13.81,-5.98,10.03,-2.45,阴阳阴,10.03,-5.98
002879.SZSE,2026-07-23,2026-07-21,-2.3,-4.64,-4.2,-0.71,0.47,-2.4,-2.3,阳阴阴,0.47,-2.4
002879.SZSE,2026-07-24,2026-07-21,-2.3,-4.64,-4.2,-0.71,0.47,-2.4,-2.3,阳阴阴,0.47,-2.4
002882.SZSE,2024-01-12,2024-01-10,-4.73,4.77,15.27,17.47,10.02,9.98,-4.73,阳阳阴,10.02,-4.73
002882.SZSE,2025-05-22,2025-05-20,-0.58,-0.06,-1.65,-2.41,-1.59,0.52,-0.58,阴阳阴,0.52,-1.59
002882.SZSE,2025-06-25,2025-06-23,2.01,2.8,5.57,5.12,2.69,0.77,2.01,阳阳阳,2.69,0.77
002885.SZSE,2025-11-05,2025-11-03,-1.18,-5.05,-1.82,-0.16,3.4,-3.92,-1.18,阳阴阴,3.4,-3.92
002885.SZSE,2025-11-06,2025-11-03,-1.18,-5.05,-1.82,-0.16,3.4,-3.92,-1.18,阳阴阴,3.4,-3.92
002886.SZSE,2026-08-31,2026-08-27,2.63,6.54,2.73,10.1,-3.58,3.81,2.63,阴阳阳,3.81,-3.58
002888.SZSE,2023-11-24,2023-11-22,-1.75,-2.6,-2.43,-2.55,0.17,-0.87,-1.75,阳阴阴,0.17,-1.75
002888.SZSE,2023-11-27,2023-11-22,-1.75,-2.6,-2.43,-2.55,0.17,-0.87,-1.75,阳阴阴,0.17,-1.75
002888.SZSE,2023-12-20,2023-12-18,-1.84,-1.56,-7.16,-6.89,-5.68,0.28,-1.84,阴阳阴,0.28,-5.68
002888.SZSE,2023-12-21,2023-12-18,-1.84,-1.56,-7.16,-6.89,-5.68,0.28,-1.84,阴阳阴,0.28,-5.68
002888.SZSE,2024-01-05,2024-01-03,-7.37,-6.06,-2.84,6.99,3.43,1.41,-7.37,阳阳阴,3.43,-7.37
002889.SZSE,2023-09-18,2023-09-14,0.48,4.36,1.69,11.32,-2.56,3.87,0.48,阴阳阳,3.87,-2.56
002889.SZSE,2023-10-31,2023-10-27,-0.23,0.42,4.93,2.77,4.49,0.65,-0.23,阳阳阴,4.49,-0.23
002889.SZSE,2023-11-01,2023-10-27,-0.23,0.42,4.93,2.77,4.49,0.65,-0.23,阳阳阴,4.49,-0.23
002889.SZSE,2024-02-28,2024-02-26,3.24,7.95,10.47,9.94,2.33,4.56,3.24,阳阳阳,4.56,2.33
002892.SZSE,2023-09-26,2023-09-22,4.91,3.27,10.42,15.77,6.92,-1.56,4.91,阳阴阳,6.92,-1.56
002892.SZSE,2023-11-21,2023-11-17,0.0,-1.64,0.87,1.42,2.56,-1.64,0.0,阳阴阳,2.56,-1.64
002893.SZSE,2023-07-11,2023-07-07,4.83,5.32,2.92,0.0,-2.28,0.47,4.83,阴阳阳,4.83,-2.28
002893.SZSE,2023-07-12,2023-07-07,4.83,5.32,2.92,0.0,-2.28,0.47,4.83,阴阳阳,4.83,-2.28
002893.SZSE,2023-12-15,2023-12-13,2.81,6.08,5.49,2.13,-0.56,3.18,2.81,阴阳阳,3.18,-0.56
002896.SZSE,2023-06-19,2023-06-14,0.52,4.79,1.89,1.44,-2.76,4.24,0.52,阴阳阳,4.24,-2.76
002896.SZSE,2025-02-21,2025-02-19,3.24,13.55,14.15,6.78,0.53,9.99,3.24,阳阳阳,9.99,0.53
002897.SZSE,2026-05-26,2026-05-22,-7.45,-10.79,-3.3,4.02,8.39,-3.61,-7.45,阳阴阴,8.39,-7.45
002899.SZSE,2024-12-13,2024-12-11,-0.25,-0.94,-1.43,-2.87,-0.49,-0.7,-0.25,阴阴阴,-0.25,-0.7
002900.SZSE,2024-04-17,2024-04-15,-2.86,-0.51,-4.19,2.43,-3.7,2.43,-2.86,阴阳阴,2.43,-3.7
002900.SZSE,2024-04-18,2024-04-15,-2.86,-0.51,-4.19,2.43,-3.7,2.43,-2.86,阴阳阴,2.43,-3.7
002900.SZSE,2025-04-07,2025-04-01,-1.57,-1.95,1.11,5.69,3.12,-0.39,-1.57,阳阴阴,3.12,-1.57
002900.SZSE,2025-05-19,2025-05-15,1.14,1.77,2.31,-0.87,0.53,0.62,1.14,阳阳阳,1.14,0.53
002902.SZSE,2023-06-05,2023-06-01,4.44,14.9,16.53,13.7,1.41,10.02,4.44,阳阳阳,10.02,1.41
002902.SZSE,2023-06-06,2023-06-01,4.44,14.9,16.53,13.7,1.41,10.02,4.44,阳阳阳,10.02,1.41
002902.SZSE,2024-03-13,2024-03-08,-6.52,0.04,-4.12,1.41,-4.16,7.02,-6.52,阴阳阴,7.02,-6.52
002903.SZSE,2025-03-21,2025-03-18,0.49,1.21,-1.71,-3.12,-2.88,0.71,0.49,阴阳阳,0.71,-2.88
002903.SZSE,2026-03-11,2026-03-09,-0.48,0.16,3.0,-6.87,2.83,0.64,-0.48,阳阳阴,2.83,-0.48
002905.SZSE,2023-08-09,2023-08-07,0.39,-0.29,-3.18,-6.61,-2.9,-0.67,0.39,阴阴阳,0.39,-2.9
002905.SZSE,2025-03-17,2025-03-12,1.37,1.51,1.93,1.67,0.41,0.14,1.37,阳阳阳,1.37,0.14
002905.SZSE,2025-09-12,2025-09-10,0.59,1.88,-3.37,-2.57,-5.15,1.28,0.59,阴阳阳,1.28,-5.15
002907.SZSE,2025-05-29,2025-05-27,-3.02,0.64,-1.33,2.53,-1.96,3.77,-3.02,阴阳阴,3.77,-3.02
002907.SZSE,2026-08-18,2026-08-14,1.17,1.31,-0.22,1.56,-1.51,0.15,1.17,阴阳阳,1.17,-1.51
002909.SZSE,2025-05-16,2025-05-13,-1.21,-1.89,-1.38,-0.17,0.52,-0.69,-1.21,阳阴阴,0.52,-1.21
002909.SZSE,2025-12-25,2025-12-23,-2.03,0.3,0.45,6.34,0.15,2.38,-2.03,阳阳阴,2.38,-2.03
002909.SZSE,2026-09-03,2026-08-31,1.86,3.01,3.01,4.27,0.0,1.13,1.86,阳阳阳,1.86,0.0
002910.SZSE,2025-02-26,2025-02-21,1.88,5.57,2.64,-0.25,-2.77,3.63,1.88,阴阳阳,3.63,-2.77
002910.SZSE,2025-10-13,2025-10-09,2.39,3.89,5.34,2.01,1.39,1.47,2.39,阳阳阳,2.39,1.39
002910.SZSE,2025-12-19,2025-12-17,-1.25,2.09,-0.97,-3.98,-3.0,3.39,-1.25,阴阳阴,3.39,-3.0
002910.SZSE,2025-12-22,2025-12-17,-1.25,2.09,-0.97,-3.98,-3.0,3.39,-1.25,阴阳阴,3.39,-3.0
002912.SZSE,2024-10-29,2024-10-25,-1.02,-1.78,-2.72,-0.19,-0.95,-0.77,-1.02,阴阴阴,-0.77,-1.02
002912.SZSE,2024-10-30,2024-10-25,-1.02,-1.78,-2.72,-0.19,-0.95,-0.77,-1.02,阴阴阴,-0.77,-1.02
002915.SZSE,2023-12-20,2023-12-18,0.0,-0.69,-2.46,-3.19,-1.78,-0.69,0.0,阴阴阳,0.0,-1.78
002915.SZSE,2024-12-11,2024-12-09,-1.6,0.31,-2.05,2.02,-2.35,1.94,-1.6,阴阳阴,1.94,-2.35
002915.SZSE,2025-04-24,2025-04-22,3.36,3.36,5.76,-1.0,2.32,0.0,3.36,阳阳阳,3.36,0.0
002915.SZSE,2025-04-25,2025-04-22,3.36,3.36,5.76,-1.0,2.32,0.0,3.36,阳阳阳,3.36,0.0
002915.SZSE,2025-08-07,2025-08-05,4.5,2.23,1.2,-4.78,-1.0,-2.18,4.5,阴阴阳,4.5,-2.18
002917.SZSE,2025-01-13,2025-01-09,-1.21,1.55,2.3,7.48,0.73,2.8,-1.21,阳阳阴,2.8,-1.21
002917.SZSE,2025-07-23,2025-07-21,-0.49,0.14,0.28,-0.56,0.14,0.64,-0.49,阳阳阴,0.64,-0.49
002918.SZSE,2024-12-19,2024-12-17,-0.65,-3.35,1.09,3.56,4.6,-2.72,-0.65,阳阴阴,4.6,-2.72
002918.SZSE,2026-05-13,2026-05-08,-0.85,-2.95,-5.82,-6.93,-2.95,-2.12,-0.85,阴阴阴,-0.85,-2.95
002921.SZSE,2025-03-12,2025-03-10,1.78,1.1,3.77,6.21,2.64,-0.66,1.78,阳阴阳,2.64,-0.66
002923.SZSE,2024-03-07,2024-03-04,2.3,5.06,-2.61,-4.0,-7.3,2.7,2.3,阴阳阳,2.7,-7.3
002923.SZSE,2025-01-21,2025-01-17,-0.44,-1.62,0.89,1.1,2.55,-1.19,-0.44,阳阴阴,2.55,-1.19
002923.SZSE,2025-04-03,2025-04-01,-3.92,5.68,12.22,15.48,6.19,10.0,-3.92,阳阳阴,10.0,-3.92
002925.SZSE,2025-09-24,2025-09-22,0.97,-0.61,-0.11,0.23,0.51,-1.57,0.97,阳阴阳,0.97,-1.57
002927.SZSE,2023-12-01,2023-11-29,1.22,2.84,0.64,0.36,-2.14,1.6,1.22,阴阳阳,1.6,-2.14
002927.SZSE,2025-03-20,2025-03-18,2.13,-2.28,0.51,8.23,2.86,-4.32,2.13,阳阴阳,2.86,-4.32
002929.SZSE,2025-02-13,2025-02-10,2.43,6.39,10.43,3.1,3.8,3.87,2.43,阳阳阳,3.87,2.43
002929.SZSE,2025-02-24,2025-02-19,-0.41,-6.85,2.47,9.4,10.0,-6.47,-0.41,阳阴阴,10.0,-6.47
002931.SZSE,2023-11-07,2023-11-03,1.74,-1.4,8.48,8.56,10.02,-3.08,1.74,阳阴阳,10.02,-3.08
002931.SZSE,2023-11-08,2023-11-03,1.74,-1.4,8.48,8.56,10.02,-3.08,1.74,阳阴阳,10.02,-3.08
002939.SZSE,2025-08-15,2025-08-13,0.56,2.03,1.0,0.9,-1.0,1.47,0.56,阴阳阳,1.47,-1.0
002939.SZSE,2025-08-18,2025-08-13,0.56,2.03,1.0,0.9,-1.0,1.47,0.56,阴阳阳,1.47,-1.0
002940.SZSE,2025-06-10,2025-06-06,5.94,7.66,18.46,11.97,10.03,1.63,5.94,阳阳阳,10.03,1.63
002940.SZSE,2025-06-11,2025-06-06,5.94,7.66,18.46,11.97,10.03,1.63,5.94,阳阳阳,10.03,1.63
002940.SZSE,2026-04-20,2026-04-16,6.24,8.34,4.25,-2.43,-3.77,1.98,6.24,阴阳阳,6.24,-3.77
002941.SZSE,2025-08-13,2025-08-08,0.97,3.38,3.89,3.67,0.5,2.39,0.97,阳阳阳,2.39,0.5
002942.SZSE,2025-10-16,2025-10-14,1.38,5.36,6.31,6.23,0.91,3.92,1.38,阳阳阳,3.92,0.91
002942.SZSE,2026-08-28,2026-08-26,-0.19,-1.07,-0.82,0.58,0.25,-0.88,-0.19,阳阴阴,0.25,-0.88
002942.SZSE,2026-08-31,2026-08-26,-0.19,-1.07,-0.82,0.58,0.25,-0.88,-0.19,阳阴阴,0.25,-0.88
002943.SZSE,2026-01-26,2026-01-22,-5.52,-11.36,-8.08,7.01,3.69,-6.18,-5.52,阳阴阴,3.69,-6.18
002945.SZSE,2024-10-08,2024-09-27,6.52,8.39,15.01,7.3,6.11,1.76,6.52,阳阳阳,6.52,1.76
002945.SZSE,2024-11-07,2024-11-05,3.62,1.78,3.2,-0.57,1.39,-1.78,3.62,阳阴阳,3.62,-1.78
002945.SZSE,2024-11-08,2024-11-05,3.62,1.78,3.2,-0.57,1.39,-1.78,3.62,阳阴阳,3.62,-1.78
002947.SZSE,2023-10-12,2023-10-10,-0.26,3.73,3.84,2.63,0.11,4.0,-0.26,阳阳阴,4.0,-0.26
002947.SZSE,2023-10-13,2023-10-10,-0.26,3.73,3.84,2.63,0.11,4.0,-0.26,阳阳阴,4.0,-0.26
002949.SZSE,2024-12-13,2024-12-11,4.58,3.32,9.09,6.61,5.59,-1.21,4.58,阳阴阳,5.59,-1.21
002951.SZSE,2025-06-05,2025-06-03,0.84,5.11,0.72,-0.36,-4.18,4.24,0.84,阴阳阳,4.24,-4.18
002951.SZSE,2025-06-06,2025-06-03,0.84,5.11,0.72,-0.36,-4.18,4.24,0.84,阴阳阳,4.24,-4.18
002951.SZSE,2025-07-09,2025-07-07,3.42,-2.91,-5.52,-16.53,-2.69,-6.12,3.42,阴阴阳,3.42,-6.12
002951.SZSE,2025-07-10,2025-07-07,3.42,-2.91,-5.52,-16.53,-2.69,-6.12,3.42,阴阴阳,3.42,-6.12
002951.SZSE,2026-02-13,2026-02-11,0.48,2.66,0.07,-0.55,-2.53,2.17,0.48,阴阳阳,2.17,-2.53
002951.SZSE,2026-06-03,2026-06-01,0.86,10.94,5.95,-0.79,-4.5,10.0,0.86,阴阳阳,10.0,-4.5
002952.SZSE,2023-11-30,2023-11-28,1.16,-1.3,-0.51,-3.91,0.8,-2.44,1.16,阳阴阳,1.16,-2.44
002952.SZSE,2023-12-22,2023-12-20,3.97,1.69,-0.11,-6.81,-1.77,-2.19,3.97,阴阴阳,3.97,-2.19
002952.SZSE,2023-12-25,2023-12-20,3.97,1.69,-0.11,-6.81,-1.77,-2.19,3.97,阴阴阳,3.97,-2.19
002952.SZSE,2024-02-23,2024-02-21,-1.4,5.95,2.76,5.91,-3.01,7.46,-1.4,阴阳阴,7.46,-3.01
002952.SZSE,2024-02-26,2024-02-21,-1.4,5.95,2.76,5.91,-3.01,7.46,-1.4,阴阳阴,7.46,-3.01
002952.SZSE,2024-08-15,2024-08-13,-1.88,0.48,-0.74,2.24,-1.22,2.41,-1.88,阴阳阴,2.41,-1.88
002953.SZSE,2024-12-16,2024-12-12,1.83,4.92,6.6,3.91,1.6,3.04,1.83,阳阳阳,3.04,1.6
002953.SZSE,2024-12-17,2024-12-12,1.83,4.92,6.6,3.91,1.6,3.04,1.83,阳阳阳,3.04,1.6
002961.SZSE,2023-08-01,2023-07-28,-0.73,-1.52,1.43,2.11,3.0,-0.79,-0.73,阳阴阴,3.0,-0.79
002962.SZSE,2023-12-11,2023-12-07,3.72,-1.33,0.96,-2.4,2.32,-4.87,3.72,阳阴阳,3.72,-4.87
002962.SZSE,2024-01-02,2023-12-28,3.19,4.41,14.86,10.26,10.01,1.18,3.19,阳阳阳,10.01,1.18
002963.SZSE,2024-04-02,2024-03-28,-5.77,-2.29,-4.39,-1.59,-2.15,3.69,-5.77,阴阳阴,3.69,-5.77
002963.SZSE,2025-05-09,2025-05-07,3.07,4.39,7.34,2.79,2.82,1.28,3.07,阳阳阳,3.07,1.28
002963.SZSE,2026-08-04,2026-07-31,-6.97,-7.47,-12.13,-1.67,-5.04,-0.54,-6.97,阴阴阴,-0.54,-6.97
002963.SZSE,2026-08-05,2026-07-31,-6.97,-7.47,-12.13,-1.67,-5.04,-0.54,-6.97,阴阴阴,-0.54,-6.97
002968.SZSE,2025-09-29,2025-09-11,0.19,0.93,2.85,3.06,1.9,0.75,0.19,阳阳阳,1.9,0.19
002969.SZSE,2026-01-13,2026-01-06,8.21,15.61,27.21,29.32,10.03,6.84,8.21,阳阳阳,10.03,6.84
002970.SZSE,2024-10-08,2024-09-27,1.61,-0.9,-3.68,-7.35,-2.81,-2.47,1.61,阴阴阳,1.61,-2.81
002971.SZSE,2026-05-18,2026-05-14,2.81,-0.64,9.31,5.61,10.02,-3.36,2.81,阳阴阳,10.02,-3.36
002971.SZSE,2026-06-11,2026-06-09,0.84,5.99,16.59,15.05,10.0,5.11,0.84,阳阳阳,10.0,0.84
002971.SZSE,2026-06-12,2026-06-09,0.84,5.99,16.59,15.05,10.0,5.11,0.84,阳阳阳,10.0,0.84
002971.SZSE,2026-08-07,2026-08-05,5.57,2.56,4.25,-10.92,1.65,-2.86,5.57,阳阴阳,5.57,-2.86
002975.SZSE,2024-02-28,2024-02-23,4.1,4.4,1.48,-1.22,-2.8,0.29,4.1,阴阳阳,4.1,-2.8
002975.SZSE,2025-09-03,2025-09-01,0.61,3.67,1.18,-0.65,-2.4,3.05,0.61,阴阳阳,3.05,-2.4
002975.SZSE,2026-08-06,2026-08-04,-4.73,0.85,-9.23,-7.9,-9.99,5.86,-4.73,阴阳阴,5.86,-9.99
002976.SZSE,2023-07-11,2023-07-06,-3.24,6.45,5.65,8.88,-0.75,10.01,-3.24,阴阳阴,10.01,-3.24
002976.SZSE,2024-01-03,2023-12-28,4.96,1.26,3.56,-2.75,2.27,-3.52,4.96,阳阴阳,4.96,-3.52
002976.SZSE,2025-12-02,2025-11-28,1.33,2.7,5.12,5.33,2.36,1.35,1.33,阳阳阳,2.36,1.33
002979.SZSE,2024-10-09,2024-09-30,3.84,10.33,10.21,11.3,-0.1,6.25,3.84,阴阳阳,6.25,-0.1
002979.SZSE,2026-07-06,2026-07-02,3.05,10.41,11.29,6.59,0.79,7.15,3.05,阳阳阳,7.15,0.79
002980.SZSE,2026-03-03,2026-02-27,4.86,10.44,12.23,4.67,1.62,5.32,4.86,阳阳阳,5.32,1.62
002980.SZSE,2026-04-15,2026-04-13,-4.8,0.28,4.56,20.81,4.26,5.33,-4.8,阳阳阴,5.33,-4.8
002981.SZSE,2023-11-01,2023-10-30,-0.65,-2.29,-1.99,0.73,0.3,-1.65,-0.65,阳阴阴,0.3,-1.65
002981.SZSE,2024-07-11,2024-07-08,-0.12,-3.28,-5.99,-8.33,-2.79,-3.17,-0.12,阴阴阴,-0.12,-3.17
002982.SZSE,2025-04-08,2025-04-03,0.31,2.21,0.0,-1.83,-2.17,1.9,0.31,阴阳阳,1.9,-2.17
002982.SZSE,2025-04-09,2025-04-03,0.31,2.21,0.0,-1.83,-2.17,1.9,0.31,阴阳阳,1.9,-2.17
002983.SZSE,2024-10-09,2024-09-30,2.87,2.64,4.34,5.84,1.66,-0.22,2.87,阳阴阳,2.87,-0.22
002983.SZSE,2025-12-02,2025-11-28,1.49,0.82,1.08,2.05,0.26,-0.66,1.49,阳阴阳,1.49,-0.66
002987.SZSE,2025-06-27,2025-06-25,5.55,12.89,11.45,2.35,-1.28,6.96,5.55,阴阳阳,6.96,-1.28
002988.SZSE,2023-11-10,2023-11-07,4.1,6.65,5.49,-0.19,-1.09,2.45,4.1,阴阳阳,4.1,-1.09
002989.SZSE,2024-09-06,2024-09-04,1.22,-0.07,2.25,2.35,2.32,-1.27,1.22,阳阴阳,2.32,-1.27
002989.SZSE,2026-06-18,2026-06-16,4.86,3.73,-0.88,-3.88,-4.45,-1.07,4.86,阴阴阳,4.86,-4.45
002990.SZSE,2026-04-16,2026-04-14,2.35,4.57,6.65,8.63,1.99,2.16,2.35,阳阳阳,2.35,1.99
002990.SZSE,2026-04-17,2026-04-14,2.35,4.57,6.65,8.63,1.99,2.16,2.35,阳阳阳,2.35,1.99
002992.SZSE,2023-05-11,2023-05-09,3.3,7.47,9.28,11.67,1.69,4.04,3.3,阳阳阳,4.04,1.69
002995.SZSE,2024-11-29,2024-11-27,-4.5,-0.69,-4.5,-4.7,-3.84,3.99,-4.5,阴阳阴,3.99,-4.5
002995.SZSE,2026-01-28,2026-01-26,5.45,5.36,15.9,6.81,10.01,-0.09,5.45,阳阴阳,10.01,-0.09
002995.SZSE,2026-06-01,2026-05-28,-0.89,-3.97,-6.12,-6.72,-2.24,-3.11,-0.89,阴阴阴,-0.89,-3.11
002995.SZSE,2026-06-02,2026-05-28,-0.89,-3.97,-6.12,-6.72,-2.24,-3.11,-0.89,阴阴阴,-0.89,-3.11
003002.SZSE,2025-07-23,2025-07-21,-3.17,-3.74,-3.24,0.45,0.52,-0.59,-3.17,阳阴阴,0.52,-3.17
003003.SZSE,2025-04-23,2025-04-18,3.1,-2.82,2.99,2.41,5.98,-5.75,3.1,阳阴阳,5.98,-5.75
003004.SZSE,2024-03-19,2024-03-15,-1.84,-4.04,-6.06,-2.07,-2.1,-2.24,-1.84,阴阴阴,-1.84,-2.24
003004.SZSE,2024-05-15,2024-05-13,-3.74,-3.12,-6.25,1.69,-3.23,0.64,-3.74,阴阳阴,0.64,-3.74
003005.SZSE,2024-03-08,2024-03-06,5.5,7.42,11.56,9.7,3.85,1.82,5.5,阳阳阳,5.5,1.82
003005.SZSE,2025-02-06,2025-01-27,4.61,4.1,1.66,-1.85,-2.35,-0.49,4.61,阴阴阳,4.61,-2.35
003007.SZSE,2023-11-20,2023-11-16,0.78,0.26,4.16,-1.32,3.89,-0.52,0.78,阳阴阳,3.89,-0.52
003007.SZSE,2023-11-21,2023-11-16,0.78,0.26,4.16,-1.32,3.89,-0.52,0.78,阳阴阳,3.89,-0.52
003007.SZSE,2026-01-13,2026-01-08,0.11,0.65,-0.46,1.17,-1.1,0.54,0.11,阴阳阳,0.54,-1.1
003008.SZSE,2024-06-07,2024-06-05,-2.26,-5.18,-4.18,-2.21,1.05,-2.98,-2.26,阳阴阴,1.05,-2.98
003015.SZSE,2023-09-21,2023-09-19,2.8,1.12,11.22,2.88,9.99,-1.63,2.8,阳阴阳,9.99,-1.63
003015.SZSE,2023-09-22,2023-09-19,2.8,1.12,11.22,2.88,9.99,-1.63,2.8,阳阴阳,9.99,-1.63
003015.SZSE,2024-01-05,2024-01-03,4.42,6.78,10.93,11.79,3.88,2.26,4.42,阳阳阳,4.42,2.26
003015.SZSE,2024-09-02,2024-08-29,6.95,1.02,5.6,0.79,4.54,-5.55,6.95,阳阴阳,6.95,-5.55
003018.SZSE,2025-11-26,2025-11-24,-1.39,-4.35,-3.12,-5.56,1.29,-3.0,-1.39,阳阴阴,1.29,-3.0
003018.SZSE,2026-04-21,2026-04-17,0.17,-4.58,0.48,10.36,5.3,-4.74,0.17,阳阴阳,5.3,-4.74
003018.SZSE,2026-04-22,2026-04-17,0.17,-4.58,0.48,10.36,5.3,-4.74,0.17,阳阴阳,5.3,-4.74
003018.SZSE,2026-05-18,2026-05-14,-1.19,2.65,1.05,-1.38,-1.55,3.89,-1.19,阴阳阴,3.89,-1.55
003018.SZSE,2026-05-19,2026-05-14,-1.19,2.65,1.05,-1.38,-1.55,3.89,-1.19,阴阳阴,3.89,-1.55
003020.SZSE,2026-07-13,2026-07-09,-2.21,-5.43,-4.68,-1.8,0.8,-3.3,-2.21,阳阴阴,0.8,-3.3
003021.SZSE,2025-01-10,2025-01-08,3.82,1.64,-5.04,-7.21,-6.58,-2.1,3.82,阴阴阳,3.82,-6.58
003023.SZSE,2025-07-25,2025-07-23,-0.72,3.52,1.58,2.22,-1.87,4.27,-0.72,阴阳阴,4.27,-1.87
003023.SZSE,2025-07-28,2025-07-23,-0.72,3.52,1.58,2.22,-1.87,4.27,-0.72,阴阳阴,4.27,-1.87
003025.SZSE,2024-01-08,2024-01-04,-1.64,-2.15,7.65,13.42,10.02,-0.52,-1.64,阳阴阴,10.02,-1.64
003025.SZSE,2024-01-09,2024-01-04,-1.64,-2.15,7.65,13.42,10.02,-0.52,-1.64,阳阴阴,10.02,-1.64
003026.SZSE,2024-06-07,2024-06-05,-4.72,-4.44,-6.43,-1.3,-2.08,0.29,-4.72,阴阳阴,0.29,-4.72
003026.SZSE,2024-06-11,2024-06-05,-4.72,-4.44,-6.43,-1.3,-2.08,0.29,-4.72,阴阳阴,0.29,-4.72
003026.SZSE,2024-08-01,2024-07-30,-0.96,-2.02,-1.66,-4.73,0.37,-1.07,-0.96,阳阴阴,0.37,-1.07
003026.SZSE,2024-10-09,2024-09-30,5.0,8.23,8.82,6.85,0.55,3.08,5.0,阳阳阳,5.0,0.55
003027.SZSE,2024-01-19,2024-01-17,-0.72,-1.81,-1.76,-0.06,0.05,-1.1,-0.72,阳阴阴,0.05,-1.1
003027.SZSE,2024-01-22,2024-01-17,-0.72,-1.81,-1.76,-0.06,0.05,-1.1,-0.72,阳阴阴,0.05,-1.1
003029.SZSE,2025-06-16,2025-06-12,0.15,-2.64,-3.72,-2.36,-1.12,-2.78,0.15,阴阴阳,0.15,-2.78
003030.SZSE,2025-01-21,2025-01-17,-1.08,8.81,14.73,17.72,5.45,10.0,-1.08,阳阳阴,10.0,-1.08
003030.SZSE,2025-01-22,2025-01-17,-1.08,8.81,14.73,17.72,5.45,10.0,-1.08,阳阳阴,10.0,-1.08
003031.SZSE,2025-12-10,2025-12-08,2.18,2.9,2.43,-0.34,-0.46,0.71,2.18,阴阳阳,2.18,-0.46
003032.SZSE,2023-11-16,2023-11-13,-3.01,-1.14,-1.49,2.14,-0.36,1.93,-3.01,阴阳阴,1.93,-3.01
003032.SZSE,2026-07-30,2026-07-27,-2.32,2.43,0.92,0.36,-1.48,4.87,-2.32,阴阳阴,4.87,-2.32
003033.SZSE,2025-03-04,2025-02-28,1.28,7.11,7.87,3.12,0.72,5.75,1.28,阳阳阳,5.75,0.72
003036.SZSE,2024-11-25,2024-11-20,5.44,1.97,-0.11,-8.7,-2.04,-3.29,5.44,阴阴阳,5.44,-3.29
003037.SZSE,2025-07-23,2025-07-21,-1.36,-11.02,-7.72,2.91,3.7,-9.8,-1.36,阳阴阴,3.7,-9.8
003038.SZSE,2024-11-13,2024-11-11,-2.39,-2.03,3.48,6.07,5.63,0.36,-2.39,阳阳阴,5.63,-2.39
003039.SZSE,2023-10-27,2023-10-24,-2.88,-2.88,-3.21,-3.96,-0.34,0.0,-2.88,阴阳阴,0.0,-2.88
003040.SZSE,2024-12-02,2024-11-28,-6.39,-1.5,-7.77,8.4,-6.36,5.22,-6.39,阴阳阴,5.22,-6.39
003040.SZSE,2026-08-25,2026-08-21,7.19,0.87,-1.27,-7.58,-2.12,-5.9,7.19,阴阴阳,7.19,-5.9
003040.SZSE,2026-08-26,2026-08-21,7.19,0.87,-1.27,-7.58,-2.12,-5.9,7.19,阴阴阳,7.19,-5.9
003041.SZSE,2024-12-03,2024-11-29,-10.0,-4.92,4.6,27.85,10.01,5.65,-10.0,阳阳阴,10.01,-10.0
003041.SZSE,2025-11-17,2025-11-12,-4.26,2.6,-7.67,1.61,-10.01,7.16,-4.26,阴阳阴,7.16,-10.01
003042.SZSE,2024-12-02,2024-11-28,-0.87,0.34,3.27,-0.73,2.92,1.22,-0.87,阳阳阴,2.92,-0.87
003042.SZSE,2026-01-27,2026-01-23,1.4,3.4,3.95,4.97,0.54,1.97,1.4,阳阳阳,1.97,0.54
003042.SZSE,2026-01-28,2026-01-23,1.4,3.4,3.95,4.97,0.54,1.97,1.4,阳阳阳,1.97,0.54
600006.SSE,2024-03-19,2024-03-15,-0.43,1.78,-0.43,-2.27,-2.17,2.22,-0.43,阴阳阴,2.22,-2.17
600006.SSE,2024-11-13,2024-11-11,-1.57,-0.86,2.84,7.03,3.73,0.72,-1.57,阳阳阴,3.73,-1.57
600032.SSE,2026-03-25,2026-03-23,5.5,8.43,5.62,7.42,-2.59,2.77,5.5,阴阳阳,5.5,-2.59
600048.SSE,2024-09-30,2024-09-26,1.47,2.6,2.98,3.29,0.37,1.11,1.47,阳阳阳,1.47,0.37
600048.SSE,2024-10-08,2024-09-26,1.47,2.6,2.98,3.29,0.37,1.11,1.47,阳阳阳,1.47,0.37
600051.SSE,2025-04-28,2025-04-24,1.2,3.38,4.99,3.91,1.56,2.15,1.2,阳阳阳,2.15,1.2
600058.SSE,2026-01-19,2025-12-29,0.77,5.86,6.84,4.84,0.92,5.06,0.77,阳阳阳,5.06,0.77
600072.SSE,2023-05-09,2023-05-05,8.68,12.02,23.23,22.97,10.0,3.08,8.68,阳阳阳,10.0,3.08
600076.SSE,2025-02-28,2025-02-26,-0.97,0.49,-0.97,0.98,-1.45,1.47,-0.97,阴阳阴,1.47,-1.45
600076.SSE,2026-05-12,2026-05-08,-2.39,-1.8,-7.1,-0.89,-5.4,0.6,-2.39,阴阳阴,0.6,-5.4
600078.SSE,2025-10-13,2025-10-09,1.5,4.15,4.15,1.37,0.0,2.62,1.5,阳阳阳,2.62,0.0
600078.SSE,2025-11-10,2025-11-06,7.41,5.12,2.92,-3.67,-2.09,-2.13,7.41,阴阴阳,7.41,-2.13
600078.SSE,2026-02-26,2026-02-24,-0.62,-3.64,-1.5,-2.95,2.21,-3.03,-0.62,阳阴阴,2.21,-3.03
600088.SSE,2023-05-10,2023-05-08,0.38,10.45,15.61,17.87,4.67,10.03,0.38,阳阳阳,10.03,0.38
600088.SSE,2023-05-11,2023-05-08,0.38,10.45,15.61,17.87,4.67,10.03,0.38,阳阳阳,10.03,0.38
600097.SSE,2024-01-26,2024-01-24,-1.67,-8.45,-7.28,-8.15,1.28,-6.9,-1.67,阳阴阴,1.28,-6.9
600097.SSE,2024-04-03,2024-03-29,1.72,-1.19,0.48,-4.11,1.69,-2.86,1.72,阳阴阳,1.72,-2.86
600097.SSE,2025-03-24,2025-03-20,-1.82,-2.02,-3.0,1.44,-1.0,-0.2,-1.82,阴阴阴,-0.2,-1.82
600101.SSE,2024-05-14,2024-05-10,1.21,8.11,8.88,11.26,0.71,6.82,1.21,阳阳阳,6.82,0.71
600103.SSE,2025-09-11,2025-09-09,4.01,14.46,7.14,-0.72,-6.39,10.04,4.01,阴阳阳,10.04,-6.39
600103.SSE,2025-09-12,2025-09-09,4.01,14.46,7.14,-0.72,-6.39,10.04,4.01,阴阳阳,10.04,-6.39
600103.SSE,2026-04-22,2026-04-20,5.91,7.77,3.37,1.5,-4.09,1.75,5.91,阴阳阳,5.91,-4.09
600103.SSE,2026-08-27,2026-08-25,-0.69,-0.35,1.42,-4.0,1.77,0.35,-0.69,阳阳阴,1.77,-0.69
600103.SSE,2026-08-28,2026-08-25,-0.69,-0.35,1.42,-4.0,1.77,0.35,-0.69,阳阳阴,1.77,-0.69
600105.SSE,2024-11-25,2024-11-21,2.25,6.16,3.31,-2.4,-2.69,3.82,2.25,阴阳阳,3.82,-2.69
600108.SSE,2026-03-03,2026-02-27,-0.82,2.56,6.8,5.51,4.14,3.41,-0.82,阳阳阴,4.14,-0.82
600108.SSE,2026-03-04,2026-02-27,-0.82,2.56,6.8,5.51,4.14,3.41,-0.82,阳阳阴,4.14,-0.82
600110.SSE,2024-11-11,2024-11-07,0.49,4.08,4.88,1.5,0.77,3.57,0.49,阳阳阳,3.57,0.49
600110.SSE,2025-06-19,2025-06-17,0.86,-3.04,-5.39,-6.45,-2.43,-3.87,0.86,阴阴阳,0.86,-3.87
600110.SSE,2025-06-20,2025-06-17,0.86,-3.04,-5.39,-6.45,-2.43,-3.87,0.86,阴阴阳,0.86,-3.87
600110.SSE,2025-08-19,2025-08-15,-0.62,3.58,1.11,2.73,-2.38,4.23,-0.62,阴阳阴,4.23,-2.38
600113.SSE,2025-06-19,2025-06-17,3.22,2.42,3.67,1.16,1.22,-0.78,3.22,阳阴阳,3.22,-0.78
600113.SSE,2025-06-24,2025-06-20,7.86,18.68,30.53,24.93,9.99,10.03,7.86,阳阳阳,10.03,7.86
600113.SSE,2025-08-13,2025-08-11,4.86,8.6,7.61,6.39,-0.92,3.57,4.86,阴阳阳,4.86,-0.92
600113.SSE,2025-11-12,2025-11-10,-2.87,-6.12,-7.23,-6.56,-1.18,-3.35,-2.87,阴阴阴,-1.18,-3.35
600113.SSE,2026-07-01,2026-06-29,-2.63,-8.05,-8.51,-7.49,-0.5,-5.57,-2.63,阴阴阴,-0.5,-5.57
600117.SSE,2025-07-24,2025-07-21,1.73,2.62,2.17,-2.94,-0.43,0.87,1.73,阴阳阳,1.73,-0.43
600118.SSE,2025-12-26,2025-12-24,-5.28,2.37,6.75,20.14,4.28,8.07,-5.28,阳阳阴,8.07,-5.28
600118.SSE,2025-12-29,2025-12-24,-5.28,2.37,6.75,20.14,4.28,8.07,-5.28,阳阳阴,8.07,-5.28
600120.SSE,2025-02-07,2025-01-27,2.43,5.47,4.51,1.12,-0.9,2.96,2.43,阴阳阳,2.96,-0.9
600121.SSE,2026-06-03,2026-06-01,2.89,2.64,4.15,-3.26,1.46,-0.24,2.89,阳阴阳,2.89,-0.24
600121.SSE,2026-09-02,2026-08-31,4.45,6.7,6.7,5.43,0.0,2.15,4.45,阳阳阳,4.45,0.0
600126.SSE,2025-02-27,2025-02-25,-9.94,-0.9,5.14,11.24,6.09,10.04,-9.94,阳阳阴,10.04,-9.94
600127.SSE,2026-08-20,2026-08-17,-3.93,-4.08,-4.55,-3.02,-0.49,-0.16,-3.93,阴阴阴,-0.16,-3.93
600128.SSE,2025-01-13,2025-01-09,-1.25,-1.13,-4.36,-2.08,-3.27,0.13,-1.25,阴阳阴,0.13,-3.27
600128.SSE,2025-01-14,2025-01-09,-1.25,-1.13,-4.36,-2.08,-3.27,0.13,-1.25,阴阳阴,0.13,-3.27
600130.SSE,2024-09-24,2024-09-20,6.01,4.04,4.36,-1.25,0.31,-1.86,6.01,阳阴阳,6.01,-1.86
600130.SSE,2024-11-01,2024-10-29,2.73,4.64,2.04,3.05,-2.49,1.86,2.73,阴阳阳,2.73,-2.49
600130.SSE,2026-05-08,2026-05-06,0.43,-3.14,-3.35,-0.22,-0.21,-3.56,0.43,阴阴阳,0.43,-3.56
600130.SSE,2026-05-11,2026-05-06,0.43,-3.14,-3.35,-0.22,-0.21,-3.56,0.43,阴阴阳,0.43,-3.56
600143.SSE,2025-02-21,2025-02-19,-1.45,0.29,-0.2,0.19,-0.49,1.77,-1.45,阴阳阴,1.77,-1.45
600148.SSE,2024-09-10,2024-09-06,-2.14,2.15,4.66,4.64,2.46,4.38,-2.14,阳阳阴,4.38,-2.14
600148.SSE,2024-11-20,2024-11-18,-4.43,-8.86,-4.61,6.51,4.66,-4.64,-4.43,阳阴阴,4.66,-4.64
600149.SSE,2025-05-23,2025-05-21,4.05,8.21,6.64,5.11,-1.45,4.0,4.05,阴阳阳,4.05,-1.45
600151.SSE,2025-12-05,2025-12-03,5.56,10.22,21.3,12.65,10.06,4.41,5.56,阳阳阳,10.06,4.41
600152.SSE,2025-07-01,2025-06-27,0.96,1.45,4.66,6.31,3.16,0.48,0.96,阳阳阳,3.16,0.48
600152.SSE,2026-04-15,2026-04-13,-0.2,-1.4,2.61,3.79,4.07,-1.2,-0.2,阳阴阴,4.07,-1.2
600152.SSE,2026-04-28,2026-04-24,-6.06,-9.45,-15.43,-9.78,-6.6,-3.61,-6.06,阴阴阴,-3.61,-6.6
600156.SSE,2026-04-20,2026-04-16,-1.92,-2.55,-6.13,5.26,-3.68,-0.64,-1.92,阴阴阴,-0.64,-3.68
600156.SSE,2026-04-21,2026-04-16,-1.92,-2.55,-6.13,5.26,-3.68,-0.64,-1.92,阴阴阴,-0.64,-3.68
600156.SSE,2026-04-30,2026-04-28,1.21,-6.2,-8.7,-6.84,-2.67,-7.32,1.21,阴阴阳,1.21,-7.32
600156.SSE,2026-05-15,2026-05-13,-2.98,-1.68,-0.26,7.95,1.45,1.34,-2.98,阳阳阴,1.45,-2.98
600159.SSE,2023-07-24,2023-07-20,1.82,1.82,2.57,0.37,0.74,0.0,1.82,阳阳阳,1.82,0.0
600159.SSE,2023-11-23,2023-11-20,-2.09,-2.38,-4.37,-1.47,-2.04,-0.3,-2.09,阴阴阴,-0.3,-2.09
600162.SSE,2025-09-16,2025-09-12,-0.56,1.71,2.89,4.68,1.16,2.29,-0.56,阳阳阴,2.29,-0.56
600162.SSE,2025-09-17,2025-09-12,-0.56,1.71,2.89,4.68,1.16,2.29,-0.56,阳阳阴,2.29,-0.56
600162.SSE,2026-05-27,2026-05-25,0.0,-4.4,-5.95,-4.4,-1.62,-4.4,0.0,阴阴阳,0.0,-4.4
600162.SSE,2026-05-28,2026-05-25,0.0,-4.4,-5.95,-4.4,-1.62,-4.4,0.0,阴阴阳,0.0,-4.4
600162.SSE,2026-07-17,2026-07-15,3.6,-4.56,-3.36,-3.06,1.26,-7.88,3.6,阳阴阳,3.6,-7.88
600162.SSE,2026-08-13,2026-08-11,4.84,11.11,15.38,14.81,3.85,5.98,4.84,阳阳阳,5.98,3.85
600162.SSE,2026-08-31,2026-08-27,2.55,9.11,5.98,3.1,-2.87,6.4,2.55,阴阳阳,6.4,-2.87
600165.SSE,2024-03-25,2024-03-20,1.8,3.67,7.11,6.22,3.32,1.83,1.8,阳阳阳,3.32,1.8
600167.SSE,2025-09-25,2025-09-22,0.7,8.41,10.4,9.97,1.83,7.66,0.7,阳阳阳,7.66,0.7
600170.SSE,2025-09-17,2025-09-12,0.42,0.42,0.84,0.42,0.42,0.0,0.42,阳阳阳,0.42,0.0
600171.SSE,2024-07-22,2024-07-18,-3.22,-0.05,0.43,5.94,0.48,3.27,-3.22,阳阳阴,3.27,-3.22
600171.SSE,2024-10-09,2024-09-30,6.49,10.83,10.41,8.17,-0.38,4.07,6.49,阴阳阳,6.49,-0.38
600171.SSE,2024-10-22,2024-10-18,-1.09,-1.55,-4.07,4.15,-2.57,-0.46,-1.09,阴阴阴,-0.46,-2.57
600172.SSE,2024-10-29,2024-10-25,4.26,7.6,9.35,7.95,1.63,3.2,4.26,阳阳阳,4.26,1.63
600172.SSE,2025-10-22,2025-10-20,-9.66,-5.69,-4.45,16.3,1.32,4.39,-9.66,阳阳阴,4.39,-9.66
600172.SSE,2025-10-23,2025-10-20,-9.66,-5.69,-4.45,16.3,1.32,4.39,-9.66,阳阳阴,4.39,-9.66
600172.SSE,2026-05-13,2026-05-11,0.57,1.37,5.46,6.25,4.03,0.8,0.57,阳阳阳,4.03,0.57
600172.SSE,2026-05-26,2026-05-22,-6.64,-7.67,-9.51,-3.25,-1.99,-1.11,-6.64,阴阴阴,-1.11,-6.64
600173.SSE,2025-09-10,2025-09-08,-4.54,0.48,3.95,7.48,3.46,5.25,-4.54,阳阳阴,5.25,-4.54
600173.SSE,2025-09-11,2025-09-08,-4.54,0.48,3.95,7.48,3.46,5.25,-4.54,阳阳阴,5.25,-4.54
600178.SSE,2023-11-13,2023-11-09,-1.27,-1.69,-0.29,2.31,1.43,-0.42,-1.27,阳阴阴,1.43,-1.27
600178.SSE,2024-10-30,2024-10-28,2.95,1.26,4.59,4.84,3.29,-1.64,2.95,阳阴阳,3.29,-1.64
600179.SSE,2024-06-17,2024-06-13,-1.4,0.0,0.0,-1.38,0.0,1.42,-1.4,阳阳阴,1.42,-1.4
600179.SSE,2025-12-24,2025-12-22,3.31,1.25,3.84,-2.72,2.56,-2.0,3.31,阳阴阳,3.31,-2.0
600179.SSE,2025-12-25,2025-12-22,3.31,1.25,3.84,-2.72,2.56,-2.0,3.31,阳阴阳,3.31,-2.0
600186.SSE,2023-10-10,2023-09-28,1.87,4.41,5.02,6.8,0.58,2.5,1.87,阳阳阳,2.5,0.58
600186.SSE,2025-02-10,2025-02-06,6.96,2.67,0.94,-2.52,-1.69,-4.01,6.96,阴阴阳,6.96,-4.01
600189.SSE,2023-09-18,2023-09-14,7.32,4.14,3.77,0.99,-0.35,-2.96,7.32,阴阴阳,7.32,-2.96
600192.SSE,2024-06-17,2024-06-13,1.27,1.01,5.56,-1.25,4.5,-0.25,1.27,阳阴阳,4.5,-0.25
600192.SSE,2024-08-08,2024-08-06,-2.83,-4.63,-3.51,0.95,1.17,-1.85,-2.83,阳阴阴,1.17,-2.83
600192.SSE,2024-08-09,2024-08-06,-2.83,-4.63,-3.51,0.95,1.17,-1.85,-2.83,阳阴阴,1.17,-2.83
600192.SSE,2025-05-28,2025-05-26,-1.04,-3.47,-4.57,-3.02,-1.14,-2.46,-1.04,阴阴阴,-1.04,-2.46
600192.SSE,2025-07-02,2025-06-30,0.0,3.88,4.3,4.86,0.4,3.88,0.0,阳阳阳,3.88,0.0
600192.SSE,2025-07-03,2025-06-30,0.0,3.88,4.3,4.86,0.4,3.88,0.0,阳阳阳,3.88,0.0
600198.SSE,2024-10-28,2024-10-23,-1.43,4.32,4.32,4.74,0.0,5.84,-1.43,阳阳阴,5.84,-1.43
600198.SSE,2024-12-19,2024-12-17,-2.2,-6.33,-3.7,-2.85,2.8,-4.22,-2.2,阳阴阴,2.8,-4.22
600199.SSE,2024-09-30,2024-09-26,-1.08,2.71,3.68,4.72,0.94,3.84,-1.08,阳阳阴,3.84,-1.08
600199.SSE,2024-10-08,2024-09-26,-1.08,2.71,3.68,4.72,0.94,3.84,-1.08,阳阳阴,3.84,-1.08
600202.SSE,2025-01-14,2025-01-10,-1.12,0.45,4.49,3.95,4.02,1.59,-1.12,阳阳阴,4.02,-1.12
600203.SSE,2024-10-16,2024-10-14,-5.39,-10.0,-19.01,-5.82,-10.01,-4.87,-5.39,阴阴阴,-4.87,-10.01
600203.SSE,2024-10-17,2024-10-14,-5.39,-10.0,-19.01,-5.82,-10.01,-4.87,-5.39,阴阴阴,-4.87,-10.01
600203.SSE,2024-10-31,2024-10-28,-2.23,3.54,-2.03,-2.47,-5.38,5.9,-2.23,阴阳阴,5.9,-5.38
600203.SSE,2025-02-26,2025-02-24,-0.5,2.34,5.02,0.3,2.61,2.85,-0.5,阳阳阴,2.85,-0.5
600203.SSE,2025-08-06,2025-08-04,0.47,-0.28,-3.79,-3.19,-3.52,-0.75,0.47,阴阴阳,0.47,-3.52
600203.SSE,2025-08-07,2025-08-04,0.47,-0.28,-3.79,-3.19,-3.52,-0.75,0.47,阴阴阳,0.47,-3.52
600206.SSE,2024-11-11,2024-11-07,-1.87,1.09,1.09,7.04,0.0,3.01,-1.87,阳阳阴,3.01,-1.87
600206.SSE,2024-11-12,2024-11-07,-1.87,1.09,1.09,7.04,0.0,3.01,-1.87,阳阳阴,3.01,-1.87
600206.SSE,2026-08-07,2026-08-05,9.17,2.26,0.89,-16.83,-1.34,-6.33,9.17,阴阴阳,9.17,-6.33
600206.SSE,2026-08-10,2026-08-05,9.17,2.26,0.89,-16.83,-1.34,-6.33,9.17,阴阴阳,9.17,-6.33
600207.SSE,2024-03-08,2024-03-05,-1.02,0.0,4.28,-0.76,4.28,1.03,-1.02,阳阳阴,4.28,-1.02
600208.SSE,2024-09-30,2024-09-26,4.74,8.74,9.34,3.83,0.55,3.83,4.74,阳阳阳,4.74,0.55
600208.SSE,2024-10-08,2024-09-26,4.74,8.74,9.34,3.83,0.55,3.83,4.74,阳阳阳,4.74,0.55
600208.SSE,2025-08-18,2025-08-13,0.24,5.91,8.42,14.17,2.37,5.66,0.24,阳阳阳,5.66,0.24
600210.SSE,2024-11-11,2024-11-06,0.47,3.74,4.93,6.72,1.15,3.25,0.47,阳阳阳,3.25,0.47
600212.SSE,2024-10-25,2024-10-23,3.23,13.64,16.92,11.76,2.88,10.09,3.23,阳阳阳,10.09,2.88
600217.SSE,2024-10-22,2024-10-18,1.34,0.19,-2.58,-2.06,-2.76,-1.14,1.34,阴阴阳,1.34,-2.76
600218.SSE,2024-03-04,2024-02-29,-6.83,-5.72,-2.48,8.4,3.44,1.2,-6.83,阳阳阴,3.44,-6.83
600221.SSE,2024-11-04,2024-10-31,2.46,-0.79,5.93,3.39,6.78,-3.17,2.46,阳阴阳,6.78,-3.17
600221.SSE,2024-11-05,2024-10-31,2.46,-0.79,5.93,3.39,6.78,-3.17,2.46,阳阴阳,6.78,-3.17
600227.SSE,2026-03-10,2026-03-06,-6.56,-9.94,-5.68,11.11,4.73,-3.61,-6.56,阳阴阴,4.73,-6.56
600227.SSE,2026-03-17,2026-03-13,-1.98,3.66,9.67,23.1,5.8,5.74,-1.98,阳阳阴,5.8,-1.98
600228.SSE,2023-03-28,2023-03-24,0.0,-4.0,5.62,12.7,10.03,-4.0,0.0,阳阴阳,10.03,-4.0
600228.SSE,2026-06-29,2026-06-16,8.42,8.86,18.57,15.61,8.92,0.4,8.42,阳阳阳,8.92,0.4
600228.SSE,2026-07-31,2026-07-29,2.37,6.33,3.77,1.55,-2.4,3.87,2.37,阴阳阳,3.87,-2.4
600229.SSE,2023-05-05,2023-04-28,5.95,7.49,7.36,7.01,-0.12,1.45,5.95,阴阳阳,5.95,-0.12
600229.SSE,2024-02-20,2024-02-08,-7.0,-7.17,-16.45,-13.78,-10.0,-0.18,-7.0,阴阴阴,-0.18,-10.0
600230.SSE,2026-01-21,2026-01-19,-0.2,0.74,-0.99,-0.86,-1.72,0.94,-0.2,阴阳阴,0.94,-1.72
600232.SSE,2025-06-10,2025-06-06,0.0,1.58,2.12,-0.34,0.53,1.58,0.0,阳阳阳,1.58,0.0
600232.SSE,2025-06-11,2025-06-06,0.0,1.58,2.12,-0.34,0.53,1.58,0.0,阳阳阳,1.58,0.0
600234.SSE,2024-02-21,2024-02-19,2.64,-7.58,-16.76,-27.02,-9.94,-9.96,2.64,阴阴阳,2.64,-9.96
600234.SSE,2024-04-25,2024-04-23,-6.93,-11.2,-14.25,-4.09,-3.44,-4.58,-6.93,阴阴阴,-3.44,-6.93
600234.SSE,2024-04-26,2024-04-23,-6.93,-11.2,-14.25,-4.09,-3.44,-4.58,-6.93,阴阴阴,-3.44,-6.93
600234.SSE,2025-10-14,2025-10-10,3.28,4.42,5.7,2.0,1.23,1.1,3.28,阳阳阳,3.28,1.1
600241.SSE,2025-06-30,2025-06-26,2.56,6.38,8.25,7.14,1.76,3.72,2.56,阳阳阳,3.72,1.76
600246.SSE,2024-10-30,2024-10-25,6.53,3.56,6.04,4.3,2.39,-2.78,6.53,阳阴阳,6.53,-2.78
600246.SSE,2025-08-12,2025-08-08,-2.8,-3.07,-3.21,-0.83,-0.14,-0.28,-2.8,阴阴阴,-0.14,-2.8
600246.SSE,2025-08-13,2025-08-08,-2.8,-3.07,-3.21,-0.83,-0.14,-0.28,-2.8,阴阴阴,-0.14,-2.8
600246.SSE,2025-08-26,2025-08-21,8.36,0.1,-9.87,-19.18,-9.96,-7.62,8.36,阴阴阳,8.36,-9.96
600249.SSE,2025-04-15,2025-04-11,3.07,5.89,3.93,-9.29,-1.86,2.74,3.07,阴阳阳,3.07,-1.86
600249.SSE,2025-04-16,2025-04-11,3.07,5.89,3.93,-9.29,-1.86,2.74,3.07,阴阳阳,3.07,-1.86
600250.SSE,2023-11-30,2023-11-28,0.69,0.0,0.83,0.56,0.83,-0.69,0.69,阳阴阳,0.83,-0.69
600250.SSE,2025-12-10,2025-12-08,1.89,-2.2,-3.31,-5.56,-1.14,-4.02,1.89,阴阴阳,1.89,-4.02
600250.SSE,2025-12-19,2025-12-17,-5.25,-3.36,-7.5,7.41,-4.29,2.0,-5.25,阴阳阴,2.0,-5.25
600255.SSE,2024-12-19,2024-12-16,-4.45,-7.0,2.2,9.77,9.89,-2.67,-4.45,阳阴阴,9.89,-4.45
600255.SSE,2026-06-04,2026-06-02,2.54,-2.94,-2.68,-7.81,0.27,-5.35,2.54,阳阴阳,2.54,-5.35
600257.SSE,2023-08-28,2023-08-23,5.97,4.85,1.62,-1.95,-3.08,-1.06,5.97,阴阴阳,5.97,-3.08
600262.SSE,2024-04-19,2024-04-17,-5.64,-10.16,-9.07,-1.44,1.21,-4.8,-5.64,阳阴阴,1.21,-5.64
600262.SSE,2025-10-22,2025-10-20,-2.52,-5.07,-3.4,0.0,1.76,-2.62,-2.52,阳阴阴,1.76,-2.62
600266.SSE,2023-08-01,2023-07-28,-2.99,0.98,11.17,15.22,10.09,4.09,-2.99,阳阳阴,10.09,-2.99
600266.SSE,2026-01-06,2025-12-31,-0.65,2.9,2.22,4.27,-0.67,3.57,-0.65,阴阳阴,3.57,-0.67
600266.SSE,2026-01-07,2025-12-31,-0.65,2.9,2.22,4.27,-0.67,3.57,-0.65,阴阳阴,3.57,-0.67
600272.SSE,2023-08-15,2023-08-11,3.88,14.29,16.65,10.61,2.07,10.02,3.88,阳阳阳,10.02,2.07
600272.SSE,2023-08-16,2023-08-11,3.88,14.29,16.65,10.61,2.07,10.02,3.88,阳阳阳,10.02,2.07
600272.SSE,2024-01-26,2024-01-23,-5.57,-6.74,-10.31,-8.04,-3.83,-1.23,-5.57,阴阴阴,-1.23,-5.57
600272.SSE,2024-12-13,2024-12-11,-0.49,0.5,1.59,2.53,1.09,1.0,-0.49,阳阳阴,1.09,-0.49
600272.SSE,2026-08-11,2026-08-06,-0.65,-0.65,2.39,4.76,3.06,0.0,-0.65,阳阳阴,3.06,-0.65
600280.SSE,2023-07-18,2023-07-14,0.78,-1.89,-1.15,-1.53,0.76,-2.65,0.78,阳阴阳,0.78,-2.65
600280.SSE,2023-07-19,2023-07-14,0.78,-1.89,-1.15,-1.53,0.76,-2.65,0.78,阳阴阳,0.78,-2.65
600280.SSE,2024-08-06,2024-08-02,-2.47,-2.47,2.6,6.11,5.19,0.0,-2.47,阳阳阴,5.19,-2.47
600280.SSE,2024-08-07,2024-08-02,-2.47,-2.47,2.6,6.11,5.19,0.0,-2.47,阳阳阴,5.19,-2.47
600280.SSE,2024-11-08,2024-11-06,3.42,5.22,15.61,10.73,9.87,1.74,3.42,阳阳阳,9.87,1.74
600280.SSE,2025-11-20,2025-11-18,2.01,2.59,3.49,1.45,0.87,0.58,2.01,阳阳阳,2.01,0.58
600280.SSE,2026-06-02,2026-05-29,-2.68,-0.68,-0.34,3.1,0.34,2.05,-2.68,阳阳阴,2.05,-2.68
600281.SSE,2024-03-08,2024-03-06,-4.04,-5.94,-5.94,0.68,0.0,-1.98,-4.04,阳阴阴,0.0,-4.04
600281.SSE,2024-03-11,2024-03-06,-4.04,-5.94,-5.94,0.68,0.0,-1.98,-4.04,阳阴阴,0.0,-4.04
600281.SSE,2024-04-08,2024-04-02,0.83,2.82,3.99,-3.98,1.14,1.97,0.83,阳阳阳,1.97,0.83
600281.SSE,2025-04-30,2025-04-28,1.22,-0.6,-0.89,-2.66,-0.3,-1.79,1.22,阴阴阳,1.22,-1.79
600281.SSE,2025-06-13,2025-06-11,-1.62,6.45,8.78,9.7,2.2,8.2,-1.62,阳阳阴,8.2,-1.62
600281.SSE,2025-06-16,2025-06-11,-1.62,6.45,8.78,9.7,2.2,8.2,-1.62,阳阳阴,8.2,-1.62
600283.SSE,2023-05-30,2023-05-26,4.33,5.05,3.0,-0.53,-1.95,0.69,4.33,阴阳阳,4.33,-1.95
600287.SSE,2023-11-24,2023-11-22,0.88,2.14,3.24,2.15,1.08,1.25,0.88,阳阳阳,1.25,0.88
600287.SSE,2023-12-06,2023-12-04,-1.88,2.27,3.2,15.77,0.91,4.23,-1.88,阳阳阴,4.23,-1.88
600288.SSE,2024-11-22,2024-11-19,-7.74,-8.69,-10.53,-3.35,-2.02,-1.03,-7.74,阴阴阴,-1.03,-7.74
600288.SSE,2025-07-28,2025-07-24,3.31,-1.27,-1.18,-5.12,0.09,-4.43,3.31,阳阴阳,3.31,-4.43
600288.SSE,2026-07-08,2026-07-06,1.98,-1.53,-3.38,1.94,-1.88,-3.45,1.98,阴阴阳,1.98,-3.45
600292.SSE,2024-11-11,2024-11-07,-9.51,-8.57,-17.71,-0.39,-10.0,1.03,-9.51,阴阳阴,1.03,-10.0
600292.SSE,2024-12-03,2024-11-29,0.07,10.08,5.62,-0.56,-4.05,10.0,0.07,阴阳阳,10.0,-4.05
600293.SSE,2026-06-08,2026-06-04,-1.51,-1.8,2.19,-3.21,4.06,-0.3,-1.51,阳阴阴,4.06,-1.51
600297.SSE,2024-07-03,2024-07-01,-2.82,-11.54,-2.82,-10.13,9.86,-8.97,-2.82,阳阴阴,9.86,-8.97
600310.SSE,2023-05-24,2023-05-22,-1.49,-5.98,3.45,4.69,10.03,-4.56,-1.49,阳阴阴,10.03,-4.56
600310.SSE,2023-05-25,2023-05-22,-1.49,-5.98,3.45,4.69,10.03,-4.56,-1.49,阳阴阴,10.03,-4.56
600310.SSE,2026-03-30,2026-03-26,5.42,7.28,11.68,16.44,4.1,1.77,5.42,阳阳阳,5.42,1.77
600313.SSE,2026-08-19,2026-08-17,-1.75,-2.1,-2.1,-3.06,0.0,-0.35,-1.75,阳阴阴,0.0,-1.75
600316.SSE,2024-07-30,2024-07-26,-0.58,9.04,5.68,6.63,-3.09,9.68,-0.58,阴阳阴,9.68,-3.09
600318.SSE,2024-01-18,2024-01-16,5.11,0.42,-0.55,-3.66,-0.97,-4.46,5.11,阴阴阳,5.11,-4.46
600318.SSE,2024-11-06,2024-11-04,3.81,11.26,8.18,2.97,-2.77,7.18,3.81,阴阳阳,7.18,-2.77
600319.SSE,2025-07-02,2025-06-30,0.17,0.17,0.51,2.77,0.34,0.0,0.17,阳阳阳,0.34,0.0
600319.SSE,2025-11-20,2025-11-18,4.58,7.75,7.88,3.15,0.12,3.03,4.58,阳阳阳,4.58,0.12
600320.SSE,2025-03-25,2025-03-20,0.25,-0.98,0.25,7.71,1.23,-1.22,0.25,阳阴阳,1.23,-1.22
600326.SSE,2023-04-14,2023-04-12,5.79,5.18,2.43,3.39,-2.62,-0.58,5.79,阴阴阳,5.79,-2.62
600326.SSE,2024-05-07,2024-04-30,3.47,4.37,3.77,4.22,-0.58,0.87,3.47,阴阳阳,3.47,-0.58
600326.SSE,2024-08-15,2024-08-13,-3.01,-2.38,-0.22,12.86,2.21,0.65,-3.01,阳阳阴,2.21,-3.01
600327.SSE,2024-11-22,2024-11-20,2.48,12.62,10.17,0.45,-2.18,9.9,2.48,阴阳阳,9.9,-2.18
600327.SSE,2024-11-29,2024-11-26,-10.07,-1.09,8.78,33.19,9.98,9.98,-10.07,阳阳阴,9.98,-10.07
600336.SSE,2024-10-29,2024-10-25,-1.39,-2.4,-4.8,3.1,-2.46,-1.03,-1.39,阴阴阴,-1.03,-2.46
600343.SSE,2024-08-08,2024-08-06,-3.78,-3.78,0.72,7.77,4.67,0.0,-3.78,阳阳阴,4.67,-3.78
600343.SSE,2025-11-26,2025-11-24,0.5,10.57,9.22,5.66,-1.21,10.01,0.5,阴阳阳,10.01,-1.21
600345.SSE,2024-02-07,2024-02-05,-6.38,-9.45,-12.28,-3.06,-3.13,-3.29,-6.38,阴阴阴,-3.13,-6.38
600345.SSE,2024-06-18,2024-06-14,-0.53,-0.12,1.27,2.68,1.39,0.42,-0.53,阳阳阴,1.39,-0.53
600345.SSE,2024-06-19,2024-06-14,-0.53,-0.12,1.27,2.68,1.39,0.42,-0.53,阳阳阴,1.39,-0.53
600351.SSE,2024-02-08,2024-02-06,-8.01,-11.09,-11.71,-8.5,-0.7,-3.35,-8.01,阴阴阴,-0.7,-8.01
600353.SSE,2025-06-11,2025-06-09,-2.96,-4.37,-6.46,-3.61,-2.18,-1.46,-2.96,阴阴阴,-1.46,-2.96
600353.SSE,2026-06-17,2026-06-15,-4.18,5.4,9.97,21.96,4.33,9.99,-4.18,阳阳阴,9.99,-4.18
600353.SSE,2026-06-18,2026-06-15,-4.18,5.4,9.97,21.96,4.33,9.99,-4.18,阳阳阴,9.99,-4.18
600353.SSE,2026-08-18,2026-08-14,-3.03,-4.05,3.33,3.78,7.69,-1.05,-3.03,阳阴阴,7.69,-3.03
600354.SSE,2025-04-09,2025-04-07,3.41,3.41,4.91,-0.18,1.45,0.0,3.41,阳阳阳,3.41,0.0
600356.SSE,2024-12-03,2024-11-29,-0.66,-2.97,-2.34,-2.32,0.65,-2.32,-0.66,阳阴阴,0.65,-2.32
600358.SSE,2025-01-17,2025-01-14,0.0,-4.69,-3.27,-4.41,1.49,-4.69,0.0,阳阴阳,1.49,-4.69
600362.SSE,2025-10-10,2025-09-30,3.07,6.61,13.11,10.06,6.1,3.44,3.07,阳阳阳,6.1,3.07
600363.SSE,2024-11-01,2024-10-29,4.09,6.3,10.17,2.37,3.64,2.12,4.09,阳阳阳,4.09,2.12
600366.SSE,2025-06-13,2025-06-11,1.16,5.3,4.3,7.46,-0.95,4.1,1.16,阴阳阳,4.1,-0.95
600367.SSE,2026-06-03,2026-06-01,-3.37,6.29,7.79,22.72,1.41,10.0,-3.37,阳阳阴,10.0,-3.37
600369.SSE,2023-08-01,2023-07-28,-1.26,-0.51,4.26,5.59,4.79,0.76,-1.26,阳阳阴,4.79,-1.26
600371.SSE,2025-04-09,2025-04-07,2.57,2.93,4.89,1.9,1.91,0.35,2.57,阳阳阳,2.57,0.35
600371.SSE,2026-08-27,2026-08-25,1.81,-8.37,-11.96,-4.91,-3.91,-10.0,1.81,阴阴阳,1.81,-10.0
600375.SSE,2024-02-20,2024-02-08,-6.84,-16.13,-24.54,-20.47,-10.03,-9.97,-6.84,阴阴阴,-6.84,-10.03
600375.SSE,2024-02-23,2024-02-21,5.19,15.87,27.62,13.03,10.14,10.16,5.19,阳阳阳,10.16,5.19
600375.SSE,2024-02-26,2024-02-21,5.19,15.87,27.62,13.03,10.14,10.16,5.19,阳阳阳,10.16,5.19
600376.SSE,2024-09-30,2024-09-26,3.32,6.41,5.51,6.64,-0.85,2.99,3.32,阴阳阳,3.32,-0.85
600376.SSE,2025-09-05,2025-09-03,-1.12,-0.75,-1.49,0.0,-0.75,0.38,-1.12,阴阳阴,0.38,-1.12
600376.SSE,2025-09-08,2025-09-03,-1.12,-0.75,-1.49,0.0,-0.75,0.38,-1.12,阴阳阴,0.38,-1.12
600376.SSE,2025-09-16,2025-09-12,7.05,17.88,29.79,33.33,10.1,10.12,7.05,阳阳阳,10.12,7.05
600376.SSE,2025-09-17,2025-09-12,7.05,17.88,29.79,33.33,10.1,10.12,7.05,阳阳阳,10.12,7.05
600378.SSE,2024-02-08,2024-02-06,1.97,-2.76,-4.91,-4.78,-2.21,-4.63,1.97,阴阴阳,1.97,-4.63
600378.SSE,2026-07-01,2026-06-29,-8.92,-7.22,-6.09,-2.59,1.22,1.86,-8.92,阳阳阴,1.86,-8.92
600379.SSE,2026-04-30,2026-04-28,-2.33,3.11,8.15,10.45,4.89,5.56,-2.33,阳阳阴,5.56,-2.33
600379.SSE,2026-05-06,2026-04-28,-2.33,3.11,8.15,10.45,4.89,5.56,-2.33,阳阳阴,5.56,-2.33
600382.SSE,2024-12-03,2024-11-29,1.43,1.43,-1.84,-5.83,-3.23,0.0,1.43,阴阳阳,1.43,-3.23
600382.SSE,2024-12-04,2024-11-29,1.43,1.43,-1.84,-5.83,-3.23,0.0,1.43,阴阳阳,1.43,-3.23
600383.SSE,2024-09-30,2024-09-26,1.23,2.49,0.74,0.74,-1.72,1.25,1.23,阴阳阳,1.25,-1.72
600383.SSE,2024-10-08,2024-09-26,1.23,2.49,0.74,0.74,-1.72,1.25,1.23,阴阳阳,1.25,-1.72
600386.SSE,2024-07-31,2024-07-29,4.9,8.08,1.9,-1.61,-5.71,3.03,4.9,阴阳阳,4.9,-5.71
600386.SSE,2024-08-01,2024-07-29,4.9,8.08,1.9,-1.61,-5.71,3.03,4.9,阴阳阳,4.9,-5.71
600390.SSE,2024-11-06,2024-11-04,-1.74,3.96,3.09,8.41,-0.84,5.8,-1.74,阴阳阴,5.8,-1.74
600392.SSE,2024-02-08,2024-02-06,-4.96,-9.68,-11.65,-9.99,-2.18,-4.96,-4.96,阴阴阴,-2.18,-4.96
600392.SSE,2024-11-04,2024-10-31,-2.74,0.39,2.18,8.96,1.79,3.22,-2.74,阳阳阴,3.22,-2.74
600396.SSE,2026-03-19,2026-03-16,-6.28,0.0,0.0,14.05,0.0,6.7,-6.28,阳阳阴,6.7,-6.28
600396.SSE,2026-04-23,2026-04-21,3.5,1.37,-8.2,-11.08,-9.44,-2.06,3.5,阴阴阳,3.5,-9.44
600396.SSE,2026-05-08,2026-05-06,-4.89,-8.15,-1.98,13.37,6.72,-3.43,-4.89,阳阴阴,6.72,-4.89
600396.SSE,2026-05-13,2026-05-11,3.67,14.02,25.4,15.05,9.98,9.99,3.67,阳阳阳,9.99,3.67
600397.SSE,2024-12-30,2024-12-26,3.6,9.51,5.11,1.09,-4.01,5.7,3.6,阴阳阳,5.7,-4.01
600397.SSE,2024-12-31,2024-12-26,3.6,9.51,5.11,1.09,-4.01,5.7,3.6,阴阳阳,5.7,-4.01
600397.SSE,2026-02-13,2026-02-11,2.42,7.64,8.83,1.4,1.1,5.1,2.42,阳阳阳,5.1,1.1
600397.SSE,2026-06-18,2026-06-16,3.06,6.38,9.77,4.62,3.18,3.23,3.06,阳阳阳,3.23,3.06
600397.SSE,2026-06-22,2026-06-16,3.06,6.38,9.77,4.62,3.18,3.23,3.06,阳阳阳,3.23,3.06
600397.SSE,2026-08-06,2026-08-04,0.56,2.76,-5.16,-9.22,-7.7,2.19,0.56,阴阳阳,2.19,-7.7
600397.SSE,2026-08-07,2026-08-04,0.56,2.76,-5.16,-9.22,-7.7,2.19,0.56,阴阳阳,2.19,-7.7
600400.SSE,2025-09-22,2025-09-18,-2.48,0.36,4.17,6.82,3.79,2.92,-2.48,阳阳阴,3.79,-2.48
600400.SSE,2025-09-23,2025-09-18,-2.48,0.36,4.17,6.82,3.79,2.92,-2.48,阳阳阴,3.79,-2.48
600403.SSE,2025-10-16,2025-10-14,4.41,14.8,10.84,6.16,-3.45,9.95,4.41,阴阳阳,9.95,-3.45
600403.SSE,2025-10-17,2025-10-14,4.41,14.8,10.84,6.16,-3.45,9.95,4.41,阴阳阳,9.95,-3.45
600403.SSE,2026-06-03,2026-06-01,0.6,0.8,-0.79,-2.9,-1.57,0.2,0.6,阴阳阳,0.6,-1.57
600405.SSE,2024-11-25,2024-11-21,3.46,5.41,3.94,-2.04,-1.39,1.88,3.46,阴阳阳,3.46,-1.39
600408.SSE,2023-09-18,2023-09-14,4.47,4.47,3.63,-3.15,-0.81,0.0,4.47,阴阳阳,4.47,-0.81
600408.SSE,2025-10-20,2025-10-16,-1.21,1.24,3.38,7.36,2.11,2.48,-1.21,阳阳阴,2.48,-1.21
600408.SSE,2025-11-05,2025-11-03,-2.81,-12.39,-3.72,8.84,9.91,-9.86,-2.81,阳阴阴,9.91,-9.86
600408.SSE,2025-11-13,2025-11-11,7.29,2.64,3.14,5.85,0.48,-4.33,7.29,阳阴阳,7.29,-4.33
600408.SSE,2025-11-14,2025-11-11,7.29,2.64,3.14,5.85,0.48,-4.33,7.29,阳阴阳,7.29,-4.33
600410.SSE,2024-11-26,2024-11-21,2.88,5.93,0.0,-4.63,-5.59,2.96,2.88,阴阳阳,2.96,-5.59
600418.SSE,2023-10-30,2023-10-25,3.33,4.05,4.27,-4.12,0.21,0.7,3.33,阳阳阳,3.33,0.21
600418.SSE,2024-10-09,2024-09-30,0.88,4.2,3.45,3.96,-0.73,3.29,0.88,阴阳阳,3.29,-0.73
600429.SSE,2025-11-13,2025-11-10,-0.4,-0.6,0.4,1.22,1.01,-0.2,-0.4,阳阴阴,1.01,-0.4
600435.SSE,2026-01-08,2026-01-06,6.23,9.2,9.57,3.56,0.33,2.8,6.23,阳阳阳,6.23,0.33
600444.SSE,2023-12-06,2023-12-04,0.64,-0.71,-2.7,-1.13,-2.01,-1.34,0.64,阴阴阳,0.64,-2.01
600444.SSE,2023-12-07,2023-12-04,0.64,-0.71,-2.7,-1.13,-2.01,-1.34,0.64,阴阴阳,0.64,-2.01
600444.SSE,2025-07-22,2025-07-18,1.58,2.36,0.35,-0.76,-1.97,0.77,1.58,阴阳阳,1.58,-1.97
600446.SSE,2024-10-08,2024-09-27,4.4,5.27,15.75,12.13,9.96,0.83,4.4,阳阳阳,9.96,0.83
600448.SSE,2025-05-08,2025-05-06,1.52,2.29,-0.37,-2.22,-2.6,0.76,1.52,阴阳阳,1.52,-2.6
600448.SSE,2025-05-09,2025-05-06,1.52,2.29,-0.37,-2.22,-2.6,0.76,1.52,阴阳阳,1.52,-2.6
600460.SSE,2024-10-09,2024-09-30,5.76,11.08,11.44,9.71,0.33,5.02,5.76,阳阳阳,5.76,0.33
600463.SSE,2024-07-31,2024-07-29,0.7,0.84,-2.58,-2.33,-3.39,0.14,0.7,阴阳阳,0.7,-3.39
600463.SSE,2024-09-18,2024-09-12,0.37,-3.69,0.0,0.12,3.84,-4.05,0.37,阳阴阳,3.84,-4.05
600463.SSE,2025-05-22,2025-05-19,-0.1,0.31,-0.1,-0.71,-0.41,0.41,-0.1,阴阳阴,0.41,-0.41
600468.SSE,2025-05-20,2025-05-16,-0.65,-0.65,-1.72,0.22,-1.07,0.0,-0.65,阴阳阴,0.0,-1.07
600468.SSE,2025-05-21,2025-05-16,-0.65,-0.65,-1.72,0.22,-1.07,0.0,-0.65,阴阳阴,0.0,-1.07
600468.SSE,2025-06-04,2025-05-30,-1.7,-2.75,7.06,19.78,10.08,-1.07,-1.7,阳阴阴,10.08,-1.7
600468.SSE,2025-06-10,2025-06-06,-7.07,-6.23,3.14,22.14,9.99,0.91,-7.07,阳阳阴,9.99,-7.07
600470.SSE,2024-11-22,2024-11-19,-1.42,-2.99,-4.88,-2.95,-1.95,-1.59,-1.42,阴阴阴,-1.42,-1.95
600475.SSE,2025-07-07,2025-07-03,-0.86,-0.29,-0.76,-0.29,-0.48,0.58,-0.86,阴阳阴,0.58,-0.86
600475.SSE,2025-07-08,2025-07-03,-0.86,-0.29,-0.76,-0.29,-0.48,0.58,-0.86,阴阳阴,0.58,-0.86
600475.SSE,2025-08-07,2025-08-05,0.21,2.48,2.19,-1.63,-0.28,2.27,0.21,阴阳阳,2.27,-0.28
600475.SSE,2025-08-08,2025-08-05,0.21,2.48,2.19,-1.63,-0.28,2.27,0.21,阴阳阳,2.27,-0.28
600477.SSE,2026-01-13,2026-01-08,2.41,2.77,0.0,2.84,-2.69,0.35,2.41,阴阳阳,2.41,-2.69
600479.SSE,2026-08-28,2026-08-26,2.24,2.66,-0.5,-0.91,-3.08,0.41,2.24,阴阳阳,2.24,-3.08
600481.SSE,2024-10-30,2024-10-25,-3.87,-0.89,0.9,9.15,1.81,3.1,-3.87,阳阳阴,3.1,-3.87
600488.SSE,2026-03-31,2026-03-27,-0.51,1.29,6.2,-1.0,4.85,1.8,-0.51,阳阳阴,4.85,-0.51
600488.SSE,2026-04-01,2026-03-27,-0.51,1.29,6.2,-1.0,4.85,1.8,-0.51,阳阳阴,4.85,-0.51
600498.SSE,2026-03-02,2026-02-26,-3.27,2.31,-1.78,5.81,-3.99,5.76,-3.27,阴阳阴,5.76,-3.99
600500.SSE,2026-06-12,2026-06-09,-5.09,-5.09,-9.38,-9.09,-4.52,0.0,-5.09,阴阳阴,0.0,-5.09
600501.SSE,2024-05-30,2024-05-28,-1.43,-1.43,-2.99,-3.1,-1.58,0.0,-1.43,阴阳阴,0.0,-1.58
600501.SSE,2024-05-31,2024-05-28,-1.43,-1.43,-2.99,-3.1,-1.58,0.0,-1.43,阴阳阴,0.0,-1.58
600501.SSE,2024-07-30,2024-07-26,6.63,7.86,4.66,1.92,-2.97,1.16,6.63,阴阳阳,6.63,-2.97
600501.SSE,2024-07-31,2024-07-26,6.63,7.86,4.66,1.92,-2.97,1.16,6.63,阴阳阳,6.63,-2.97
600502.SSE,2026-04-01,2026-03-30,-1.69,-2.72,1.53,5.58,4.37,-1.05,-1.69,阳阴阴,4.37,-1.69
600503.SSE,2024-12-12,2024-12-10,-8.91,0.32,10.45,33.33,10.1,10.13,-8.91,阳阳阴,10.13,-8.91
600505.SSE,2024-05-14,2024-05-10,4.11,14.57,17.16,23.85,2.26,10.04,4.11,阳阳阳,10.04,2.26
600505.SSE,2025-04-28,2025-04-24,5.0,6.21,16.85,10.06,10.02,1.15,5.0,阳阳阳,10.02,1.15
600506.SSE,2023-11-13,2023-11-09,-1.04,-0.85,-0.57,0.09,0.29,0.19,-1.04,阳阳阴,0.29,-1.04
600506.SSE,2023-11-17,2023-11-15,1.51,-4.2,5.4,14.18,10.02,-5.62,1.51,阳阴阳,10.02,-5.62
600506.SSE,2023-11-20,2023-11-15,1.51,-4.2,5.4,14.18,10.02,-5.62,1.51,阳阴阳,10.02,-5.62
600506.SSE,2023-12-29,2023-12-27,2.55,0.51,0.59,-0.89,0.07,-1.99,2.55,阳阴阳,2.55,-1.99
600506.SSE,2024-12-13,2024-12-11,7.38,2.44,-4.94,-2.6,-7.21,-4.6,7.38,阴阴阳,7.38,-7.21
600508.SSE,2026-08-26,2026-08-24,2.05,2.51,2.75,1.73,0.23,0.46,2.05,阳阳阳,2.05,0.23
600513.SSE,2023-11-27,2023-11-23,0.28,-0.09,1.6,3.06,1.69,-0.37,0.28,阳阴阳,1.69,-0.37
600513.SSE,2024-11-08,2024-11-06,0.31,2.95,2.84,3.62,-0.11,2.63,0.31,阴阳阳,2.63,-0.11
600513.SSE,2025-07-14,2025-07-10,-5.35,4.12,14.52,23.75,9.99,10.01,-5.35,阳阳阴,10.01,-5.35
600518.SSE,2024-11-11,2024-11-07,1.43,5.45,7.58,5.53,2.02,3.96,1.43,阳阳阳,3.96,1.43
600520.SSE,2023-10-19,2023-10-17,-1.98,-2.25,-2.87,1.8,-0.63,-0.28,-1.98,阴阴阴,-0.28,-1.98
600520.SSE,2023-10-20,2023-10-17,-1.98,-2.25,-2.87,1.8,-0.63,-0.28,-1.98,阴阴阴,-0.28,-1.98
600520.SSE,2023-11-08,2023-11-06,4.35,-6.06,3.33,0.77,10.0,-9.98,4.35,阳阴阳,10.0,-9.98
600520.SSE,2024-10-28,2024-10-24,3.08,13.4,24.74,33.11,10.0,10.01,3.08,阳阳阳,10.01,3.08
600527.SSE,2024-11-01,2024-10-30,-2.76,3.53,3.53,9.7,0.0,6.47,-2.76,阳阳阴,6.47,-2.76
600527.SSE,2024-12-11,2024-12-06,2.17,-4.86,-7.11,0.0,-2.37,-6.88,2.17,阴阴阳,2.17,-6.88
600531.SSE,2026-01-27,2026-01-23,1.99,8.99,10.55,8.01,1.44,6.86,1.99,阳阳阳,6.86,1.44
600531.SSE,2026-01-28,2026-01-23,1.99,8.99,10.55,8.01,1.44,6.86,1.99,阳阳阳,6.86,1.44
600539.SSE,2025-01-16,2025-01-14,0.46,-6.89,-4.2,2.17,2.89,-7.31,0.46,阳阴阳,2.89,-7.31
600539.SSE,2025-03-13,2025-03-10,7.98,9.29,16.22,5.92,6.34,1.21,7.98,阳阳阳,7.98,1.21
600540.SSE,2023-09-04,2023-08-31,-0.74,0.0,0.75,1.49,0.75,0.74,-0.74,阳阳阴,0.75,-0.74
600540.SSE,2026-09-01,2026-08-27,1.46,2.96,5.57,0.98,2.53,1.48,1.46,阳阳阳,2.53,1.46
600545.SSE,2023-09-28,2023-09-26,0.39,3.24,2.82,0.79,-0.4,2.83,0.39,阴阳阳,2.83,-0.4
600545.SSE,2024-12-09,2024-12-05,-0.84,3.96,8.26,8.68,4.13,4.85,-0.84,阳阳阴,4.85,-0.84
600545.SSE,2024-12-12,2024-12-10,5.24,15.77,27.54,20.17,10.17,10.0,5.24,阳阳阳,10.17,5.24
600545.SSE,2024-12-13,2024-12-10,5.24,15.77,27.54,20.17,10.17,10.0,5.24,阳阳阳,10.17,5.24
600545.SSE,2026-03-06,2026-03-04,-6.87,-8.77,-8.5,-0.89,0.29,-2.05,-6.87,阳阴阴,0.29,-6.87
600550.SSE,2024-09-04,2024-09-02,0.68,3.74,3.98,0.0,0.23,3.04,0.68,阳阳阳,3.04,0.23
600550.SSE,2024-09-05,2024-09-02,0.68,3.74,3.98,0.0,0.23,3.04,0.68,阳阳阳,3.04,0.23
600550.SSE,2024-09-13,2024-09-11,-3.32,6.31,10.92,12.01,4.33,9.97,-3.32,阳阳阴,9.97,-3.32
600550.SSE,2024-09-18,2024-09-11,-3.32,6.31,10.92,12.01,4.33,9.97,-3.32,阳阳阴,9.97,-3.32
600550.SSE,2024-09-23,2024-09-19,7.99,18.73,30.54,32.97,9.94,9.95,7.99,阳阳阳,9.95,7.99
600550.SSE,2024-09-24,2024-09-19,7.99,18.73,30.54,32.97,9.94,9.95,7.99,阳阳阳,9.95,7.99
600550.SSE,2025-05-21,2025-05-19,2.24,-0.13,-0.13,-2.81,0.0,-2.31,2.24,阳阴阳,2.24,-2.31
600551.SSE,2026-09-01,2026-08-28,-1.59,-1.16,-0.15,1.02,1.02,0.43,-1.59,阳阳阴,1.02,-1.59
600552.SSE,2024-09-02,2024-08-29,-5.3,-5.06,4.43,15.96,9.99,0.26,-5.3,阳阳阴,9.99,-5.3
600556.SSE,2025-01-16,2025-01-14,-0.83,-5.56,-4.03,-1.64,1.61,-4.76,-0.83,阳阴阴,1.61,-4.76
600556.SSE,2025-01-17,2025-01-14,-0.83,-5.56,-4.03,-1.64,1.61,-4.76,-0.83,阳阴阴,1.61,-4.76
600560.SSE,2023-06-01,2023-05-30,0.77,2.04,3.66,2.29,1.59,1.25,0.77,阳阳阳,1.59,0.77
600560.SSE,2023-12-12,2023-12-08,2.79,4.69,2.51,3.69,-2.09,1.85,2.79,阴阳阳,2.79,-2.09
600560.SSE,2024-03-08,2024-03-06,-4.24,-4.3,-1.11,6.18,3.33,-0.06,-4.24,阳阴阴,3.33,-4.24
600561.SSE,2024-08-05,2024-08-01,-3.81,-8.57,-1.23,5.72,8.02,-4.95,-3.81,阳阴阴,8.02,-4.95
600570.SSE,2024-10-09,2024-09-27,5.59,7.69,15.03,7.64,6.82,1.99,5.59,阳阳阳,6.82,1.99
600571.SSE,2025-04-23,2025-04-21,-1.95,-1.82,-7.54,-3.75,-5.83,0.13,-1.95,阴阳阴,0.13,-5.83
600577.SSE,2024-03-26,2024-03-22,0.0,0.24,0.24,2.46,0.0,0.24,0.0,阳阳阳,0.24,0.0
600578.SSE,2026-05-15,2026-05-13,1.54,2.53,3.14,3.6,0.59,0.97,1.54,阳阳阳,1.54,0.59
600578.SSE,2026-05-18,2026-05-13,1.54,2.53,3.14,3.6,0.59,0.97,1.54,阳阳阳,1.54,0.59
600579.SSE,2023-12-15,2023-12-13,3.3,3.87,1.76,-1.36,-2.03,0.55,3.3,阴阳阳,3.3,-2.03
600579.SSE,2024-02-23,2024-02-20,3.98,-1.32,-11.21,-14.6,-10.02,-5.09,3.98,阴阴阳,3.98,-10.02
600579.SSE,2024-10-28,2024-10-24,0.0,2.86,3.2,5.15,0.34,2.86,0.0,阳阳阳,2.86,0.0
600579.SSE,2024-10-29,2024-10-24,0.0,2.86,3.2,5.15,0.34,2.86,0.0,阳阳阳,2.86,0.0
600579.SSE,2024-12-20,2024-12-18,0.12,10.2,7.18,6.91,-2.74,10.07,0.12,阴阳阳,10.07,-2.74
600579.SSE,2024-12-23,2024-12-18,0.12,10.2,7.18,6.91,-2.74,10.07,0.12,阴阳阳,10.07,-2.74
600579.SSE,2025-01-23,2025-01-21,1.57,-1.17,-1.64,-4.49,-0.47,-2.7,1.57,阴阴阳,1.57,-2.7
600579.SSE,2025-07-31,2025-07-29,0.97,2.33,3.85,3.37,1.49,1.35,0.97,阳阳阳,1.49,0.97
600589.SSE,2024-09-23,2024-09-19,-2.76,-4.95,-2.76,-2.25,2.3,-2.25,-2.76,阳阴阴,2.3,-2.76
600589.SSE,2024-09-24,2024-09-19,-2.76,-4.95,-2.76,-2.25,2.3,-2.25,-2.76,阳阴阴,2.3,-2.76
600589.SSE,2024-12-02,2024-11-28,0.0,-3.0,2.26,4.39,5.43,-3.0,0.0,阳阴阳,5.43,-3.0
600589.SSE,2024-12-03,2024-11-28,0.0,-3.0,2.26,4.39,5.43,-3.0,0.0,阳阴阳,5.43,-3.0
600590.SSE,2024-12-27,2024-12-25,-3.82,-11.13,-5.63,3.98,6.19,-7.6,-3.82,阳阴阴,6.19,-7.6
600590.SSE,2025-02-21,2025-02-19,2.28,12.54,13.77,11.84,1.09,10.04,2.28,阳阳阳,10.04,1.09
600592.SSE,2023-11-08,2023-11-03,1.34,-0.41,-0.2,3.42,0.2,-1.73,1.34,阳阴阳,1.34,-1.73
600592.SSE,2025-03-06,2025-03-04,-2.57,-10.55,-1.57,11.11,10.03,-8.19,-2.57,阳阴阴,10.03,-8.19
600592.SSE,2025-05-07,2025-04-30,4.29,6.92,5.75,3.88,-1.09,2.52,4.29,阴阳阳,4.29,-1.09
600593.SSE,2023-12-04,2023-11-30,0.12,1.19,0.59,0.95,-0.59,1.07,0.12,阴阳阳,1.07,-0.59
600593.SSE,2024-01-08,2024-01-03,4.73,7.86,9.0,6.1,1.06,2.99,4.73,阳阳阳,4.73,1.06
600593.SSE,2024-03-07,2024-03-05,3.71,4.81,6.9,-5.74,2.0,1.06,3.71,阳阳阳,3.71,1.06
600593.SSE,2024-11-08,2024-11-06,1.75,9.18,12.87,10.77,3.38,7.31,1.75,阳阳阳,7.31,1.75
600593.SSE,2024-11-27,2024-11-25,-0.82,-5.48,-6.93,-2.43,-1.53,-4.71,-0.82,阴阴阴,-0.82,-4.71
600593.SSE,2024-12-16,2024-12-12,1.59,-0.28,0.29,5.03,0.57,-1.84,1.59,阳阴阳,1.59,-1.84
600598.SSE,2025-04-09,2025-04-07,2.3,2.44,2.96,-0.71,0.51,0.14,2.3,阳阳阳,2.3,0.14
600601.SSE,2024-12-02,2024-11-28,2.41,6.69,6.39,-0.53,-0.28,4.18,2.41,阴阳阳,4.18,-0.28
600602.SSE,2024-10-09,2024-09-30,8.88,11.71,11.5,5.54,-0.19,2.6,8.88,阴阳阳,8.88,-0.19
600602.SSE,2025-02-18,2025-02-14,-1.25,2.65,1.39,7.88,-1.22,3.94,-1.25,阴阳阴,3.94,-1.25
600602.SSE,2025-02-25,2025-02-21,-4.09,-4.99,4.5,19.84,9.99,-0.95,-4.09,阳阴阴,9.99,-4.09
600604.SSE,2024-10-29,2024-10-25,0.95,1.18,1.91,0.24,0.72,0.24,0.95,阳阳阳,0.95,0.24
600604.SSE,2025-07-15,2025-07-11,2.79,2.38,3.41,1.41,1.0,-0.4,2.79,阳阴阳,2.79,-0.4
600605.SSE,2024-02-21,2024-02-19,9.35,-1.6,-9.29,-25.32,-7.82,-10.01,9.35,阴阴阳,9.35,-10.01
600606.SSE,2024-10-08,2024-09-26,4.0,6.85,6.12,4.9,-0.68,2.74,4.0,阴阳阳,4.0,-0.68
600606.SSE,2025-07-14,2025-07-10,0.58,2.99,4.88,4.27,1.83,2.4,0.58,阳阳阳,2.4,0.58
600610.SSE,2023-12-21,2023-12-19,-4.83,-1.06,8.87,14.72,10.03,3.96,-4.83,阳阳阴,10.03,-4.83
600610.SSE,2025-03-12,2025-03-10,-0.98,0.25,-1.23,0.25,-1.47,1.24,-0.98,阴阳阴,1.24,-1.47
600610.SSE,2025-03-19,2025-03-17,1.88,7.31,11.5,20.32,3.9,5.34,1.88,阳阳阳,5.34,1.88
600610.SSE,2025-03-26,2025-03-24,8.74,11.17,21.16,22.61,8.98,2.23,8.74,阳阳阳,8.98,2.23
600610.SSE,2025-03-27,2025-03-24,8.74,11.17,21.16,22.61,8.98,2.23,8.74,阳阳阳,8.98,2.23
600611.SSE,2024-07-12,2024-07-10,8.81,15.47,16.3,4.61,0.72,6.12,8.81,阳阳阳,8.81,0.72
600611.SSE,2024-09-09,2024-09-05,2.72,0.53,-0.42,-1.18,-0.95,-2.13,2.72,阴阴阳,2.72,-2.13
600611.SSE,2024-10-09,2024-09-30,1.86,4.25,5.17,3.86,0.89,2.34,1.86,阳阳阳,2.34,0.89
600613.SSE,2026-08-17,2026-08-13,2.51,2.12,4.13,3.4,1.96,-0.39,2.51,阳阴阳,2.51,-0.39
600613.SSE,2026-08-18,2026-08-13,2.51,2.12,4.13,3.4,1.96,-0.39,2.51,阳阴阳,2.51,-0.39
600615.SSE,2023-09-25,2023-09-21,-3.87,-6.6,2.79,7.65,10.06,-2.84,-3.87,阳阴阴,10.06,-3.87
600617.SSE,2026-03-23,2026-03-19,-2.65,-2.65,-4.62,-3.97,-2.02,0.0,-2.65,阴阳阴,0.0,-2.65
600617.SSE,2026-07-28,2026-07-24,5.48,6.94,5.12,3.18,-1.71,1.39,5.48,阴阳阳,5.48,-1.71
600619.SSE,2024-09-20,2024-09-18,0.19,0.37,-2.53,6.96,-2.89,0.19,0.19,阴阳阳,0.19,-2.89
600619.SSE,2024-09-23,2024-09-18,0.19,0.37,-2.53,6.96,-2.89,0.19,0.19,阴阳阳,0.19,-2.89
600619.SSE,2024-10-10,2024-10-08,7.26,6.59,10.72,7.54,3.88,-0.62,7.26,阳阴阳,7.26,-0.62
600619.SSE,2024-11-06,2024-11-04,0.96,4.14,-0.26,5.24,-4.23,3.15,0.96,阴阳阳,3.15,-4.23
600619.SSE,2024-11-07,2024-11-04,0.96,4.14,-0.26,5.24,-4.23,3.15,0.96,阴阳阳,3.15,-4.23
600619.SSE,2025-08-13,2025-08-11,-3.65,5.97,16.57,27.41,10.01,9.99,-3.65,阳阳阴,10.01,-3.65
600620.SSE,2025-07-18,2025-07-16,-5.06,1.75,2.11,9.27,0.35,7.17,-5.06,阳阳阴,7.17,-5.06
600622.SSE,2024-01-26,2024-01-24,1.31,-4.53,-4.53,-7.66,0.0,-5.76,1.31,阳阴阳,1.31,-5.76
600622.SSE,2024-02-20,2024-02-08,-10.16,-19.05,-21.63,-15.75,-3.19,-9.89,-10.16,阴阴阴,-3.19,-10.16
600622.SSE,2024-09-30,2024-09-26,3.08,6.35,6.91,4.84,0.53,3.17,3.08,阳阳阳,3.17,0.53
600622.SSE,2024-10-08,2024-09-26,3.08,6.35,6.91,4.84,0.53,3.17,3.08,阳阳阳,3.17,0.53
600622.SSE,2024-10-16,2024-10-11,-5.47,-14.79,-9.36,5.35,6.37,-9.86,-5.47,阳阴阴,6.37,-9.86
600622.SSE,2024-11-04,2024-10-31,4.17,5.88,16.58,20.0,10.1,1.65,4.17,阳阳阳,10.1,1.65
600626.SSE,2024-07-16,2024-07-12,6.11,5.19,6.11,-4.18,0.87,-0.87,6.11,阳阴阳,6.11,-0.87
600628.SSE,2024-11-27,2024-11-25,-2.7,-2.43,-1.3,1.3,1.15,0.29,-2.7,阳阳阴,1.15,-2.7
600628.SSE,2024-11-28,2024-11-25,-2.7,-2.43,-1.3,1.3,1.15,0.29,-2.7,阳阳阴,1.15,-2.7
600629.SSE,2024-01-25,2024-01-23,-6.47,-6.47,-6.47,-3.62,0.0,0.0,-6.47,阳阳阴,0.0,-6.47
600629.SSE,2024-01-26,2024-01-23,-6.47,-6.47,-6.47,-3.62,0.0,0.0,-6.47,阳阳阴,0.0,-6.47
600629.SSE,2024-11-07,2024-11-04,-5.37,4.11,14.44,26.65,9.93,10.02,-5.37,阳阳阴,10.02,-5.37
600629.SSE,2025-09-15,2025-09-11,1.57,-2.2,-2.64,-2.16,-0.45,-3.71,1.57,阴阴阳,1.57,-3.71
600629.SSE,2025-09-16,2025-09-11,1.57,-2.2,-2.64,-2.16,-0.45,-3.71,1.57,阴阴阳,1.57,-3.71
600629.SSE,2025-09-29,2025-09-25,-0.05,2.08,1.77,8.95,-0.31,2.14,-0.05,阴阳阴,2.14,-0.31
600629.SSE,2025-09-30,2025-09-25,-0.05,2.08,1.77,8.95,-0.31,2.14,-0.05,阴阳阴,2.14,-0.31
600630.SSE,2023-12-18,2023-12-14,3.22,4.11,8.81,-2.71,4.52,0.86,3.22,阳阳阳,4.52,0.86
600630.SSE,2023-12-19,2023-12-14,3.22,4.11,8.81,-2.71,4.52,0.86,3.22,阳阳阳,4.52,0.86
600630.SSE,2023-12-22,2023-12-20,-7.25,2.06,12.28,33.13,10.01,10.04,-7.25,阳阳阴,10.04,-7.25
600635.SSE,2024-07-29,2024-07-25,-1.35,-1.68,0.69,1.02,2.41,-0.34,-1.35,阳阴阴,2.41,-1.35
600635.SSE,2024-10-30,2024-10-25,0.29,1.17,2.37,0.88,1.19,0.88,0.29,阳阳阳,1.19,0.29
600635.SSE,2025-09-24,2025-09-22,5.92,3.3,10.11,10.51,6.59,-2.47,5.92,阳阴阳,6.59,-2.47
600637.SSE,2026-01-09,2026-01-07,1.42,1.62,3.52,-1.1,1.86,0.2,1.42,阳阳阳,1.86,0.2
600637.SSE,2026-01-12,2026-01-07,1.42,1.62,3.52,-1.1,1.86,0.2,1.42,阳阳阳,1.86,0.2
600638.SSE,2023-07-27,2023-07-25,1.99,3.29,2.91,2.4,-0.36,1.28,1.99,阴阳阳,1.99,-0.36
600639.SSE,2024-01-25,2024-01-23,-4.95,-4.66,-6.4,-2.61,-1.83,0.31,-4.95,阴阳阴,0.31,-4.95
600641.SSE,2026-07-02,2026-06-30,-5.28,-2.58,-4.03,6.04,-1.48,2.85,-5.28,阴阳阴,2.85,-5.28
600643.SSE,2024-09-26,2024-09-24,-0.49,-0.49,0.99,3.02,1.49,0.0,-0.49,阳阳阴,1.49,-0.49
600643.SSE,2024-09-27,2024-09-24,-0.49,-0.49,0.99,3.02,1.49,0.0,-0.49,阳阳阴,1.49,-0.49
600643.SSE,2025-06-27,2025-06-25,1.36,4.63,3.17,-2.29,-1.39,3.22,1.36,阴阳阳,3.22,-1.39
600644.SSE,2025-04-17,2025-04-14,-3.44,-3.57,-0.14,13.77,3.56,-0.14,-3.44,阳阴阴,3.56,-3.44
600644.SSE,2025-05-22,2025-05-20,0.4,-2.39,1.52,11.2,4.01,-2.78,0.4,阳阴阳,4.01,-2.78
600648.SSE,2024-01-26,2024-01-24,6.18,0.85,1.5,-7.19,0.64,-5.02,6.18,阳阴阳,6.18,-5.02
600649.SSE,2024-09-30,2024-09-26,9.76,12.08,12.42,4.0,0.3,2.11,9.76,阳阳阳,9.76,0.3
600649.SSE,2024-10-08,2024-09-26,9.76,12.08,12.42,4.0,0.3,2.11,9.76,阳阳阳,9.76,0.3
600650.SSE,2024-07-31,2024-07-29,0.08,10.12,-0.9,-10.88,-10.0,10.03,0.08,阴阳阳,10.03,-10.0
600650.SSE,2024-10-09,2024-09-30,3.95,8.84,10.09,6.51,1.14,4.7,3.95,阳阳阳,4.7,1.14
600650.SSE,2024-11-21,2024-11-19,-9.71,-0.67,1.93,11.05,2.62,10.01,-9.71,阳阳阴,10.01,-9.71
600650.SSE,2024-11-22,2024-11-19,-9.71,-0.67,1.93,11.05,2.62,10.01,-9.71,阳阳阴,10.01,-9.71
600653.SSE,2024-06-03,2024-05-30,-10.16,-11.54,-12.21,-3.03,-0.76,-1.54,-10.16,阴阴阴,-0.76,-10.16
600653.SSE,2024-06-04,2024-05-30,-10.16,-11.54,-12.21,-3.03,-0.76,-1.54,-10.16,阴阴阴,-0.76,-10.16
600653.SSE,2024-10-29,2024-10-24,-1.27,5.44,4.73,8.28,-0.68,6.8,-1.27,阴阳阴,6.8,-1.27
600654.SSE,2024-11-12,2024-11-07,1.85,3.77,4.96,-1.1,1.15,1.89,1.85,阳阳阳,1.89,1.15
600654.SSE,2024-11-15,2024-11-13,-3.28,6.31,16.83,33.09,9.9,9.91,-3.28,阳阳阴,9.91,-3.28
600654.SSE,2024-11-18,2024-11-13,-3.28,6.31,16.83,33.09,9.9,9.91,-3.28,阳阳阴,9.91,-3.28
600654.SSE,2026-04-08,2026-04-03,-1.78,-1.19,-2.36,0.9,-1.18,0.6,-1.78,阴阳阴,0.6,-1.78
600654.SSE,2026-04-09,2026-04-03,-1.78,-1.19,-2.36,0.9,-1.18,0.6,-1.78,阴阳阴,0.6,-1.78
600657.SSE,2024-09-30,2024-09-26,2.69,4.89,8.54,6.37,3.48,2.14,2.69,阳阳阳,3.48,2.14
600657.SSE,2024-10-08,2024-09-26,2.69,4.89,8.54,6.37,3.48,2.14,2.69,阳阳阳,3.48,2.14
600657.SSE,2024-10-16,2024-10-14,0.75,-3.57,-13.28,-12.04,-10.06,-4.29,0.75,阴阴阳,0.75,-10.06
600657.SSE,2026-09-04,2026-09-02,3.36,1.84,4.92,0.37,3.03,-1.47,3.36,阳阴阳,3.36,-1.47
600658.SSE,2023-11-22,2023-11-20,0.43,0.43,-0.43,0.65,-0.85,0.0,0.43,阴阳阳,0.43,-0.85
600658.SSE,2024-09-19,2024-09-13,1.7,0.67,-1.32,-1.34,-1.98,-1.01,1.7,阴阴阳,1.7,-1.98
600658.SSE,2024-09-20,2024-09-13,1.7,0.67,-1.32,-1.34,-1.98,-1.01,1.7,阴阴阳,1.7,-1.98
600658.SSE,2024-10-28,2024-10-24,4.43,4.9,11.08,9.2,5.9,0.45,4.43,阳阳阳,5.9,0.45
600658.SSE,2025-08-14,2025-08-12,0.77,-0.95,3.16,3.6,4.15,-1.71,0.77,阳阴阳,4.15,-1.71
600661.SSE,2023-12-05,2023-12-01,0.97,0.86,1.74,0.87,0.87,-0.11,0.97,阳阴阳,0.97,-0.11
600661.SSE,2023-12-06,2023-12-01,0.97,0.86,1.74,0.87,0.87,-0.11,0.97,阳阴阳,0.97,-0.11
600661.SSE,2024-02-21,2024-02-19,8.14,14.01,13.83,-4.37,-0.15,5.42,8.14,阴阳阳,8.14,-0.15
600661.SSE,2024-08-07,2024-08-05,-3.1,-2.41,2.86,6.83,5.41,0.7,-3.1,阳阳阴,5.41,-3.1
600662.SSE,2026-01-15,2026-01-13,1.38,2.38,2.38,0.0,0.0,0.99,1.38,阳阳阳,1.38,0.0
600664.SSE,2026-04-16,2026-04-14,-2.39,-2.13,-1.87,-2.84,0.27,0.27,-2.39,阳阳阴,0.27,-2.39
600664.SSE,2026-07-14,2026-07-10,-0.97,-0.33,-3.77,-1.59,-3.46,0.65,-0.97,阴阳阴,0.65,-3.46
600664.SSE,2026-07-15,2026-07-10,-0.97,-0.33,-3.77,-1.59,-3.46,0.65,-0.97,阴阳阴,0.65,-3.46
600664.SSE,2026-08-11,2026-08-07,-8.12,-3.57,3.84,14.94,7.68,4.96,-8.12,阳阳阴,7.68,-8.12
600665.SSE,2024-05-17,2024-05-15,-1.11,-5.65,3.89,8.0,10.12,-4.59,-1.11,阳阴阴,10.12,-4.59
600666.SSE,2024-10-09,2024-09-30,3.31,3.31,6.85,9.42,3.42,0.0,3.31,阳阳阳,3.42,0.0
600666.SSE,2024-11-11,2024-11-07,-0.85,3.57,4.04,-1.68,0.45,4.46,-0.85,阳阳阴,4.46,-0.85
600666.SSE,2025-02-11,2025-02-07,1.33,6.54,3.17,1.35,-3.17,5.14,1.33,阴阳阳,5.14,-3.17
600666.SSE,2026-03-26,2026-03-24,-0.68,-10.66,-1.8,8.66,9.91,-10.04,-0.68,阳阴阴,9.91,-10.04
600667.SSE,2026-06-26,2026-06-24,-7.31,0.0,9.99,25.46,9.99,7.89,-7.31,阳阳阴,9.99,-7.31
600676.SSE,2024-07-19,2024-07-16,-2.88,0.33,-1.3,11.79,-1.62,3.3,-2.88,阴阳阴,3.3,-2.88
600676.SSE,2024-07-29,2024-07-25,-9.89,-9.89,-18.8,-7.43,-9.88,0.0,-9.89,阴阳阴,0.0,-9.89
600676.SSE,2024-07-30,2024-07-25,-9.89,-9.89,-18.8,-7.43,-9.88,0.0,-9.89,阴阳阴,0.0,-9.89
600676.SSE,2024-11-19,2024-11-15,-6.57,-2.15,-4.81,1.88,-2.72,4.73,-6.57,阴阳阴,4.73,-6.57
600676.SSE,2025-06-03,2025-05-29,-0.45,0.46,1.62,-0.23,1.16,0.92,-0.45,阳阳阴,1.16,-0.45
600676.SSE,2026-01-14,2026-01-09,3.18,1.65,3.87,1.7,2.19,-1.48,3.18,阳阴阳,3.18,-1.48
600679.SSE,2023-11-09,2023-11-07,-0.58,-0.58,-0.12,1.05,0.46,0.0,-0.58,阳阳阴,0.46,-0.58
600679.SSE,2024-12-16,2024-12-12,5.56,5.08,2.79,-2.87,-2.18,-0.45,5.56,阴阴阳,5.56,-2.18
600679.SSE,2024-12-17,2024-12-12,5.56,5.08,2.79,-2.87,-2.18,-0.45,5.56,阴阴阳,5.56,-2.18
600682.SSE,2024-05-10,2024-05-08,0.17,1.39,2.81,5.42,1.41,1.21,0.17,阳阳阳,1.41,0.17
600683.SSE,2023-06-08,2023-06-06,4.39,14.92,12.32,5.22,-2.26,10.08,4.39,阴阳阳,10.08,-2.26
600683.SSE,2023-06-09,2023-06-06,4.39,14.92,12.32,5.22,-2.26,10.08,4.39,阴阳阳,10.08,-2.26
600683.SSE,2024-03-26,2024-03-22,0.98,1.22,1.47,1.23,0.25,0.24,0.98,阳阳阳,0.98,0.24
600683.SSE,2024-03-27,2024-03-22,0.98,1.22,1.47,1.23,0.25,0.24,0.98,阳阳阳,0.98,0.24
600683.SSE,2025-10-31,2025-10-29,1.34,1.57,-0.44,-5.68,-1.97,0.22,1.34,阴阳阳,1.34,-1.97
600683.SSE,2026-02-05,2026-02-03,1.23,2.91,9.27,8.67,6.18,1.66,1.23,阳阳阳,6.18,1.23
600683.SSE,2026-03-17,2026-03-13,6.7,9.04,11.17,6.42,1.96,2.19,6.7,阳阳阳,6.7,1.96
600683.SSE,2026-04-17,2026-04-15,0.78,0.11,-0.66,0.22,-0.77,-0.67,0.78,阴阴阳,0.78,-0.77
600683.SSE,2026-05-12,2026-05-08,4.61,8.0,14.22,11.38,5.76,3.24,4.61,阳阳阳,5.76,3.24
600684.SSE,2023-08-29,2023-08-25,0.99,0.74,1.75,-0.74,1.0,-0.25,0.99,阳阴阳,1.0,-0.25
600686.SSE,2024-07-29,2024-07-25,-7.83,1.39,11.58,30.68,10.05,10.0,-7.83,阳阳阴,10.05,-7.83
600686.SSE,2024-07-30,2024-07-25,-7.83,1.39,11.58,30.68,10.05,10.0,-7.83,阳阳阴,10.05,-7.83
600686.SSE,2024-08-15,2024-08-13,-7.18,1.3,-8.83,-1.72,-10.0,9.13,-7.18,阴阳阴,9.13,-10.0
600688.SSE,2026-06-05,2026-06-03,1.09,2.57,1.82,0.36,-0.73,1.47,1.09,阴阳阳,1.47,-0.73
600689.SSE,2023-08-17,2023-08-15,1.7,-0.73,0.1,-4.75,0.84,-2.38,1.7,阳阴阳,1.7,-2.38
600691.SSE,2026-03-16,2026-03-12,3.1,-0.81,1.1,3.5,1.93,-3.79,3.1,阳阴阳,3.1,-3.79
600691.SSE,2026-09-01,2026-08-28,0.0,2.69,4.71,4.3,1.96,2.69,0.0,阳阳阳,2.69,0.0
600692.SSE,2024-08-01,2024-07-30,4.93,5.7,11.0,0.92,5.02,0.74,4.93,阳阳阳,5.02,0.74
600692.SSE,2024-11-08,2024-11-06,2.51,2.83,-1.65,-1.09,-4.36,0.31,2.51,阴阳阳,2.51,-4.36
600693.SSE,2024-12-12,2024-12-10,-2.02,-0.51,-1.27,0.25,-0.76,1.53,-2.02,阴阳阴,1.53,-2.02
600693.SSE,2024-12-27,2024-12-25,-4.62,-0.23,-7.66,-11.82,-7.45,4.6,-4.62,阴阳阴,4.6,-7.45
600693.SSE,2024-12-30,2024-12-25,-4.62,-0.23,-7.66,-11.82,-7.45,4.6,-4.62,阴阳阴,4.6,-7.45
600693.SSE,2025-03-03,2025-02-27,0.9,1.82,1.27,-2.63,-0.54,0.91,0.9,阴阳阳,0.91,-0.54
600693.SSE,2025-11-12,2025-11-10,1.64,-3.12,6.55,8.74,9.98,-4.68,1.64,阳阴阳,9.98,-4.68
600693.SSE,2025-11-13,2025-11-10,1.64,-3.12,6.55,8.74,9.98,-4.68,1.64,阳阴阳,9.98,-4.68
600694.SSE,2024-12-13,2024-12-11,3.32,1.21,0.09,-10.21,-1.1,-2.04,3.32,阴阴阳,3.32,-2.04
600697.SSE,2025-04-11,2025-04-09,5.47,-5.1,-4.33,-8.88,0.81,-10.03,5.47,阳阴阳,5.47,-10.03
600697.SSE,2025-09-05,2025-09-03,-0.31,3.05,0.94,2.71,-2.04,3.37,-0.31,阴阳阴,3.37,-2.04
600698.SSE,2023-11-29,2023-11-27,-1.25,8.61,5.11,9.13,-3.22,9.98,-1.25,阴阳阴,9.98,-3.22
600698.SSE,2025-05-21,2025-05-19,3.27,1.37,0.45,-2.43,-0.91,-1.83,3.27,阴阴阳,3.27,-1.83
600698.SSE,2025-08-07,2025-08-05,5.67,3.15,-0.55,-8.42,-3.59,-2.39,5.67,阴阴阳,5.67,-3.59
600698.SSE,2026-03-26,2026-03-24,-4.92,-7.27,-10.23,-6.08,-3.19,-2.47,-4.92,阴阴阴,-2.47,-4.92
600705.SSE,2024-09-26,2024-09-24,-0.42,-1.65,-2.45,4.8,-0.82,-1.23,-0.42,阴阴阴,-0.42,-1.23
600705.SSE,2024-09-27,2024-09-24,-0.42,-1.65,-2.45,4.8,-0.82,-1.23,-0.42,阴阴阴,-0.42,-1.23
600706.SSE,2023-04-12,2023-04-10,1.25,-2.84,-4.55,-4.18,-1.76,-4.04,1.25,阴阴阳,1.25,-4.04
600706.SSE,2023-04-13,2023-04-10,1.25,-2.84,-4.55,-4.18,-1.76,-4.04,1.25,阴阴阳,1.25,-4.04
600706.SSE,2024-12-16,2024-12-12,4.0,6.54,4.4,1.45,-2.01,2.44,4.0,阴阳阳,4.0,-2.01
600708.SSE,2024-01-29,2024-01-25,6.03,7.65,2.43,-3.86,-4.85,1.53,6.03,阴阳阳,6.03,-4.85
600714.SSE,2024-05-21,2024-05-17,0.92,0.66,0.79,-3.93,0.13,-0.26,0.92,阳阴阳,0.92,-0.26
600714.SSE,2025-01-17,2025-01-15,1.54,5.6,7.43,3.48,1.73,4.0,1.54,阳阳阳,4.0,1.54
600715.SSE,2023-12-08,2023-12-06,-1.75,-1.75,4.65,7.01,6.51,0.0,-1.75,阳阳阴,6.51,-1.75
600715.SSE,2023-12-11,2023-12-06,-1.75,-1.75,4.65,7.01,6.51,0.0,-1.75,阳阳阴,6.51,-1.75
600715.SSE,2024-02-26,2024-02-22,7.14,10.29,18.11,20.69,7.09,2.94,7.14,阳阳阳,7.14,2.94
600715.SSE,2024-03-05,2024-03-01,0.57,-9.28,-12.0,-3.85,-3.0,-9.79,0.57,阴阴阳,0.57,-9.79
600715.SSE,2024-03-06,2024-03-01,0.57,-9.28,-12.0,-3.85,-3.0,-9.79,0.57,阴阴阳,0.57,-9.79
600719.SSE,2023-05-26,2023-05-24,-2.05,0.38,-2.77,3.87,-3.14,2.48,-2.05,阴阳阴,2.48,-3.14
600719.SSE,2024-05-28,2024-05-24,4.12,8.19,8.86,8.28,0.62,3.91,4.12,阳阳阳,4.12,0.62
600719.SSE,2024-09-19,2024-09-13,0.63,-1.04,-1.65,-1.66,-0.62,-1.66,0.63,阴阴阳,0.63,-1.66
600721.SSE,2023-10-13,2023-10-11,-4.85,-6.13,-10.74,0.5,-4.9,-1.35,-4.85,阴阴阴,-1.35,-4.9
600721.SSE,2024-08-06,2024-08-02,-4.41,5.17,15.63,19.68,9.95,10.02,-4.41,阳阳阴,10.02,-4.41
600721.SSE,2026-08-06,2026-08-04,2.42,5.11,1.98,-0.57,-2.97,2.63,2.42,阴阳阳,2.63,-2.97
600721.SSE,2026-08-07,2026-08-04,2.42,5.11,1.98,-0.57,-2.97,2.63,2.42,阴阳阳,2.63,-2.97
600722.SSE,2024-12-04,2024-12-02,2.42,4.53,3.46,-4.06,-1.02,2.06,2.42,阴阳阳,2.42,-1.02
600722.SSE,2025-06-17,2025-06-13,1.35,1.35,1.16,0.0,-0.19,0.0,1.35,阴阳阳,1.35,-0.19
600722.SSE,2026-03-04,2026-03-02,-2.8,-5.63,-3.7,9.04,2.05,-2.92,-2.8,阳阴阴,2.05,-2.92
600722.SSE,2026-03-13,2026-03-11,-3.78,-5.91,3.5,10.43,10.0,-2.22,-3.78,阳阴阴,10.0,-3.78
600722.SSE,2026-03-16,2026-03-11,-3.78,-5.91,3.5,10.43,10.0,-2.22,-3.78,阳阴阴,10.0,-3.78
600724.SSE,2024-10-29,2024-10-25,-1.36,-0.68,2.35,14.25,3.06,0.68,-1.36,阳阳阴,3.06,-1.36
600725.SSE,2023-12-18,2023-12-13,0.68,2.08,-2.32,-1.68,-4.3,1.38,0.68,阴阳阳,1.38,-4.3
600725.SSE,2024-12-26,2024-12-23,-0.53,0.0,-3.86,1.62,-3.86,0.53,-0.53,阴阳阴,0.53,-3.86
600726.SSE,2026-03-12,2026-03-10,3.55,5.8,7.35,3.68,1.47,2.17,3.55,阳阳阳,3.55,1.47
600726.SSE,2026-03-13,2026-03-10,3.55,5.8,7.35,3.68,1.47,2.17,3.55,阳阳阳,3.55,1.47
600726.SSE,2026-04-27,2026-04-23,3.01,4.59,6.68,0.65,2.0,1.53,3.01,阳阳阳,3.01,1.53
600726.SSE,2026-04-28,2026-04-23,3.01,4.59,6.68,0.65,2.0,1.53,3.01,阳阳阳,3.01,1.53
600726.SSE,2026-05-27,2026-05-25,1.62,-2.18,-10.14,-11.32,-8.14,-3.73,1.62,阴阴阳,1.62,-8.14
600726.SSE,2026-05-28,2026-05-25,1.62,-2.18,-10.14,-11.32,-8.14,-3.73,1.62,阴阴阳,1.62,-8.14
600727.SSE,2024-04-29,2024-04-25,2.49,-0.69,-3.36,3.69,-2.68,-3.1,2.49,阴阴阳,2.49,-3.1
600727.SSE,2024-04-30,2024-04-25,2.49,-0.69,-3.36,3.69,-2.68,-3.1,2.49,阴阴阳,2.49,-3.1
600732.SSE,2024-11-12,2024-11-08,-2.95,3.89,5.34,6.44,1.4,7.04,-2.95,阳阳阴,7.04,-2.95
600736.SSE,2026-04-24,2026-04-21,0.0,1.45,2.95,1.13,1.47,1.45,0.0,阳阳阳,1.47,0.0
600737.SSE,2025-08-18,2025-08-14,1.06,10.5,12.34,12.04,1.67,9.34,1.06,阳阳阳,9.34,1.06
600743.SSE,2024-12-12,2024-12-10,-9.66,-0.46,9.69,19.6,10.2,10.19,-9.66,阳阳阴,10.2,-9.66
600743.SSE,2026-04-09,2026-04-07,-2.69,-4.74,-6.22,-5.1,-1.55,-2.11,-2.69,阴阴阴,-1.55,-2.69
600743.SSE,2026-04-10,2026-04-07,-2.69,-4.74,-6.22,-5.1,-1.55,-2.11,-2.69,阴阴阴,-1.55,-2.69
600744.SSE,2025-07-07,2025-07-03,1.61,11.75,13.77,12.98,1.81,9.98,1.61,阳阳阳,9.98,1.61
600744.SSE,2025-07-08,2025-07-03,1.61,11.75,13.77,12.98,1.81,9.98,1.61,阳阳阳,9.98,1.61
600744.SSE,2026-07-21,2026-07-17,-1.45,0.18,1.5,-1.26,1.31,1.66,-1.45,阳阳阴,1.66,-1.45
600744.SSE,2026-07-22,2026-07-17,-1.45,0.18,1.5,-1.26,1.31,1.66,-1.45,阳阳阴,1.66,-1.45
600748.SSE,2025-10-17,2025-10-15,-1.65,-4.41,-4.41,-6.19,0.0,-2.81,-1.65,阳阴阴,0.0,-2.81
600749.SSE,2024-04-29,2024-04-24,-1.92,0.99,-1.35,1.75,-2.31,2.96,-1.92,阴阳阴,2.96,-2.31
600749.SSE,2025-07-23,2025-07-21,0.67,1.19,1.19,-1.41,0.0,0.51,0.67,阳阳阳,0.67,0.0
600749.SSE,2025-07-24,2025-07-21,0.67,1.19,1.19,-1.41,0.0,0.51,0.67,阳阳阳,0.67,0.0
600751.SSE,2025-07-21,2025-07-17,-0.88,-3.42,-3.97,-2.84,-0.57,-2.56,-0.88,阴阴阴,-0.57,-2.56
600755.SSE,2025-12-26,2025-12-24,1.08,3.31,5.48,3.02,2.09,2.21,1.08,阳阳阳,2.21,1.08
600756.SSE,2025-11-20,2025-11-17,-5.54,-2.82,-3.97,3.27,-1.18,2.88,-5.54,阴阳阴,2.88,-5.54
600758.SSE,2026-03-25,2026-03-23,2.38,1.65,5.13,1.69,3.42,-0.71,2.38,阳阴阳,3.42,-0.71
600758.SSE,2026-03-26,2026-03-23,2.38,1.65,5.13,1.69,3.42,-0.71,2.38,阳阴阳,3.42,-0.71
600770.SSE,2024-10-21,2024-10-17,0.58,-4.18,-8.02,0.59,-4.01,-4.74,0.58,阴阴阳,0.58,-4.74
600770.SSE,2024-10-29,2024-10-25,-2.7,-6.94,2.4,15.87,10.04,-4.37,-2.7,阳阴阴,10.04,-4.37
600770.SSE,2025-05-16,2025-05-14,-1.44,-0.73,-2.38,0.24,-1.67,0.73,-1.44,阴阳阴,0.73,-1.67
600770.SSE,2025-05-22,2025-05-19,3.83,14.19,25.61,19.23,10.0,9.98,3.83,阳阳阳,10.0,3.83
600770.SSE,2026-04-27,2026-04-23,1.77,-1.2,-0.35,-0.53,0.87,-2.92,1.77,阳阴阳,1.77,-2.92
600773.SSE,2025-07-23,2025-07-21,1.6,1.71,1.0,-1.77,-0.7,0.1,1.6,阴阳阳,1.6,-0.7
600774.SSE,2025-05-06,2025-04-29,-4.99,-6.43,-6.31,-3.7,0.13,-1.51,-4.99,阳阴阴,0.13,-4.99
600774.SSE,2025-05-07,2025-04-29,-4.99,-6.43,-6.31,-3.7,0.13,-1.51,-4.99,阳阴阴,0.13,-4.99
600775.SSE,2023-11-17,2023-11-14,7.06,8.66,6.83,1.28,-1.68,1.5,7.06,阴阳阳,7.06,-1.68
600775.SSE,2024-11-26,2024-11-22,0.2,4.04,7.03,0.8,2.88,3.83,0.2,阳阳阳,3.83,0.2
600775.SSE,2026-01-08,2026-01-05,0.16,-2.55,-0.73,0.91,1.87,-2.71,0.16,阳阴阳,1.87,-2.71
600776.SSE,2023-06-29,2023-06-27,-4.89,-7.69,-9.18,-4.99,-1.61,-2.94,-4.89,阴阴阴,-1.61,-4.89
600776.SSE,2023-06-30,2023-06-27,-4.89,-7.69,-9.18,-4.99,-1.61,-2.94,-4.89,阴阴阴,-1.61,-4.89
600776.SSE,2026-01-13,2026-01-09,0.82,-0.54,1.93,11.21,2.48,-1.34,0.82,阳阴阳,2.48,-1.34
600776.SSE,2026-01-14,2026-01-09,0.82,-0.54,1.93,11.21,2.48,-1.34,0.82,阳阴阳,2.48,-1.34
600778.SSE,2024-12-12,2024-12-10,0.0,2.17,2.0,1.16,-0.17,2.17,0.0,阴阳阳,2.17,-0.17
600778.SSE,2024-12-13,2024-12-10,0.0,2.17,2.0,1.16,-0.17,2.17,0.0,阴阳阳,2.17,-0.17
600778.SSE,2025-01-02,2024-12-30,-6.01,-5.42,4.02,6.82,9.97,0.63,-6.01,阳阳阴,9.97,-6.01
600779.SSE,2024-09-30,2024-09-26,-2.07,0.94,1.77,6.18,0.83,3.07,-2.07,阳阳阴,3.07,-2.07
600779.SSE,2024-10-08,2024-09-26,-2.07,0.94,1.77,6.18,0.83,3.07,-2.07,阳阳阴,3.07,-2.07
600783.SSE,2025-12-26,2025-12-24,5.53,6.38,7.68,2.18,1.22,0.81,5.53,阳阳阳,5.53,0.81
600785.SSE,2026-01-16,2026-01-14,-2.08,0.86,2.76,4.34,1.89,3.0,-2.08,阳阳阴,3.0,-2.08
600785.SSE,2026-01-19,2026-01-14,-2.08,0.86,2.76,4.34,1.89,3.0,-2.08,阳阳阴,3.0,-2.08
600785.SSE,2026-08-25,2026-08-21,1.03,-3.49,-2.96,0.23,0.55,-4.47,1.03,阳阴阳,1.03,-4.47
600787.SSE,2024-11-19,2024-11-15,-6.89,-3.24,6.37,14.02,9.93,3.92,-6.89,阳阳阴,9.93,-6.89
600791.SSE,2024-05-06,2024-04-29,3.69,4.98,5.97,4.84,0.94,1.25,3.69,阳阳阳,3.69,0.94
600792.SSE,2023-09-05,2023-09-01,-4.01,-9.21,-7.46,4.18,1.93,-5.42,-4.01,阳阴阴,1.93,-5.42
600792.SSE,2023-09-06,2023-09-01,-4.01,-9.21,-7.46,4.18,1.93,-5.42,-4.01,阳阴阴,1.93,-5.42
600792.SSE,2023-11-13,2023-11-09,-2.16,-0.97,-1.21,0.97,-0.24,1.22,-2.16,阴阳阴,1.22,-2.16
600792.SSE,2025-06-17,2025-06-13,-0.89,0.3,-0.59,0.6,-0.89,1.2,-0.89,阴阳阴,1.2,-0.89
600793.SSE,2025-05-21,2025-05-19,5.09,-1.04,-2.72,-3.37,-1.7,-5.83,5.09,阴阴阳,5.09,-5.83
600793.SSE,2025-05-22,2025-05-19,5.09,-1.04,-2.72,-3.37,-1.7,-5.83,5.09,阴阴阳,5.09,-5.83
600793.SSE,2026-07-03,2026-07-01,0.0,2.38,-1.47,-5.28,-3.77,2.38,0.0,阴阳阳,2.38,-3.77
600793.SSE,2026-07-06,2026-07-01,0.0,2.38,-1.47,-5.28,-3.77,2.38,0.0,阴阳阳,2.38,-3.77
600794.SSE,2025-04-21,2025-04-17,1.34,5.0,5.0,1.63,0.0,3.61,1.34,阳阳阳,3.61,0.0
600796.SSE,2024-12-05,2024-12-03,2.51,2.91,4.94,1.97,1.98,0.39,2.51,阳阳阳,2.51,0.39
600796.SSE,2024-12-06,2024-12-03,2.51,2.91,4.94,1.97,1.98,0.39,2.51,阳阳阳,2.51,0.39
600798.SSE,2025-04-11,2025-04-09,-0.36,-10.16,-8.67,-9.24,1.67,-9.84,-0.36,阳阴阴,1.67,-9.84
600800.SSE,2024-11-19,2024-11-15,-2.15,-3.87,-6.51,-2.79,-2.74,-1.76,-2.15,阴阴阴,-1.76,-2.74
600800.SSE,2025-04-18,2025-04-16,-0.73,3.03,5.02,8.3,1.93,3.79,-0.73,阳阳阴,3.79,-0.73
600801.SSE,2024-10-08,2024-09-27,7.4,9.29,15.29,7.67,5.49,1.77,7.4,阳阳阳,7.4,1.77
600801.SSE,2025-07-23,2025-07-21,-0.61,-1.65,-1.13,1.15,0.53,-1.05,-0.61,阳阴阴,0.53,-1.05
600802.SSE,2025-10-29,2025-10-27,1.21,1.03,1.38,0.7,0.35,-0.17,1.21,阳阴阳,1.21,-0.17
600807.SSE,2023-12-14,2023-12-12,0.9,-2.04,-3.45,-4.86,-1.44,-2.92,0.9,阴阴阳,0.9,-2.92
600807.SSE,2024-03-14,2024-03-12,3.8,2.63,4.6,1.54,1.92,-1.13,3.8,阳阴阳,3.8,-1.13
600807.SSE,2024-10-29,2024-10-25,4.58,15.13,12.3,15.93,-2.46,10.08,4.58,阴阳阳,10.08,-2.46
600809.SSE,2024-09-30,2024-09-26,-0.36,6.45,6.63,7.78,0.16,6.84,-0.36,阳阳阴,6.84,-0.36
600809.SSE,2024-10-08,2024-09-26,-0.36,6.45,6.63,7.78,0.16,6.84,-0.36,阳阳阴,6.84,-0.36
600814.SSE,2024-12-13,2024-12-11,2.32,0.94,1.76,-1.08,0.81,-1.35,2.32,阳阴阳,2.32,-1.35
600814.SSE,2026-02-06,2026-02-04,1.25,0.5,0.5,-0.74,0.0,-0.74,1.25,阳阴阳,1.25,-0.74
600815.SSE,2025-11-06,2025-11-04,0.0,-1.29,-5.26,-11.05,-4.02,-1.29,0.0,阴阴阳,0.0,-4.02
600816.SSE,2024-01-26,2024-01-23,-4.46,-5.86,-4.81,-2.89,1.11,-1.47,-4.46,阳阴阴,1.11,-4.46
600816.SSE,2025-09-18,2025-09-16,1.38,1.73,3.52,1.75,1.76,0.35,1.38,阳阳阳,1.76,0.35
600817.SSE,2024-07-23,2024-07-19,-1.97,-6.89,-3.16,-4.35,4.01,-5.02,-1.97,阳阴阴,4.01,-5.02
600817.SSE,2024-07-24,2024-07-19,-1.97,-6.89,-3.16,-4.35,4.01,-5.02,-1.97,阳阴阴,4.01,-5.02
600819.SSE,2024-01-16,2024-01-12,1.38,0.98,2.59,0.2,1.59,-0.39,1.38,阳阴阳,1.59,-0.39
600819.SSE,2024-03-12,2024-03-08,-0.23,2.6,0.93,0.23,-1.63,2.84,-0.23,阴阳阴,2.84,-1.63
600819.SSE,2025-07-04,2025-07-02,0.34,1.74,2.28,1.04,0.53,1.39,0.34,阳阳阳,1.39,0.34
600821.SSE,2026-03-10,2026-03-06,-0.64,9.37,5.68,6.5,-3.38,10.07,-0.64,阴阳阴,10.07,-3.38
600822.SSE,2023-06-07,2023-06-05,-5.95,3.5,3.85,12.47,0.34,10.06,-5.95,阳阳阴,10.06,-5.95
600822.SSE,2023-06-08,2023-06-05,-5.95,3.5,3.85,12.47,0.34,10.06,-5.95,阳阳阴,10.06,-5.95
600822.SSE,2025-07-15,2025-07-11,1.42,0.5,0.71,-4.37,0.2,-0.91,1.42,阳阴阳,1.42,-0.91
600822.SSE,2025-07-16,2025-07-11,1.42,0.5,0.71,-4.37,0.2,-0.91,1.42,阳阴阳,1.42,-0.91
600824.SSE,2024-12-13,2024-12-11,0.76,-1.97,0.76,0.0,2.78,-2.71,0.76,阳阴阳,2.78,-2.71
600824.SSE,2025-01-06,2025-01-02,-2.61,-4.08,-6.29,0.0,-2.31,-1.5,-2.61,阴阴阴,-1.5,-2.61
600825.SSE,2024-10-22,2024-10-18,-0.21,0.86,0.43,4.0,-0.43,1.08,-0.21,阴阳阴,1.08,-0.43
600825.SSE,2024-10-29,2024-10-25,-3.51,-11.74,-2.83,10.7,10.09,-8.52,-3.51,阳阴阴,10.09,-8.52
600826.SSE,2024-02-20,2024-02-08,-1.73,0.29,-9.79,-13.14,-10.05,2.06,-1.73,阴阳阴,2.06,-10.05
600826.SSE,2024-10-09,2024-09-30,4.69,8.13,9.27,7.57,1.05,3.29,4.69,阳阳阳,4.69,1.05
600826.SSE,2024-11-15,2024-11-13,-1.17,-2.81,-5.7,0.0,-2.97,-1.66,-1.17,阴阴阴,-1.17,-2.97
600826.SSE,2024-11-18,2024-11-13,-1.17,-2.81,-5.7,0.0,-2.97,-1.66,-1.17,阴阴阴,-1.17,-2.97
600826.SSE,2025-07-15,2025-07-11,0.37,1.49,2.38,1.88,0.88,1.12,0.37,阳阳阳,1.12,0.37
600828.SSE,2024-01-15,2024-01-11,1.03,4.79,3.68,1.56,-1.05,3.72,1.03,阴阳阳,3.72,-1.05
600828.SSE,2024-01-16,2024-01-11,1.03,4.79,3.68,1.56,-1.05,3.72,1.03,阴阳阳,3.72,-1.05
600828.SSE,2024-12-13,2024-12-11,0.53,-2.33,7.41,7.76,9.97,-2.85,0.53,阳阴阳,9.97,-2.85
600828.SSE,2025-04-28,2025-04-24,-5.77,-3.49,-4.77,4.67,-1.33,2.42,-5.77,阴阳阴,2.42,-5.77
600828.SSE,2025-04-29,2025-04-24,-5.77,-3.49,-4.77,4.67,-1.33,2.42,-5.77,阴阳阴,2.42,-5.77
600828.SSE,2025-11-28,2025-11-25,3.19,-0.47,-4.11,-6.86,-3.65,-3.55,3.19,阴阴阳,3.19,-3.65
600828.SSE,2025-12-11,2025-12-09,-2.32,2.08,0.17,-7.66,-1.87,4.51,-2.32,阴阳阴,4.51,-2.32
600828.SSE,2026-01-13,2026-01-09,3.76,7.63,10.05,4.79,2.25,3.73,3.76,阳阳阳,3.76,2.25
600828.SSE,2026-09-03,2026-09-01,-2.93,-1.24,0.25,1.49,1.52,1.74,-2.93,阳阳阴,1.74,-2.93
600829.SSE,2024-09-06,2024-09-04,2.1,-0.37,0.56,-0.19,0.94,-2.42,2.1,阳阴阳,2.1,-2.42
600829.SSE,2024-12-16,2024-12-12,0.92,2.53,4.48,4.52,1.9,1.6,0.92,阳阳阳,1.9,0.92
600829.SSE,2024-12-17,2024-12-12,0.92,2.53,4.48,4.52,1.9,1.6,0.92,阳阳阳,1.9,0.92
600829.SSE,2025-07-21,2025-07-17,2.14,0.26,1.06,-1.19,0.79,-1.84,2.14,阳阴阳,2.14,-1.84
600830.SSE,2024-01-26,2024-01-24,-1.23,-3.07,-6.57,0.41,-3.61,-1.87,-1.23,阴阴阴,-1.23,-3.61
600830.SSE,2024-01-29,2024-01-24,-1.23,-3.07,-6.57,0.41,-3.61,-1.87,-1.23,阴阴阴,-1.23,-3.61
600830.SSE,2026-09-03,2026-09-01,-0.36,-0.71,-1.18,0.96,-0.47,-0.36,-0.36,阴阴阴,-0.36,-0.47
600833.SSE,2024-12-13,2024-12-11,-0.97,-0.97,0.45,1.21,1.44,0.0,-0.97,阳阳阴,1.44,-0.97
600834.SSE,2024-07-25,2024-07-23,0.44,-2.4,-1.57,-2.82,0.85,-2.82,0.44,阳阴阳,0.85,-2.82
600834.SSE,2024-07-26,2024-07-23,0.44,-2.4,-1.57,-2.82,0.85,-2.82,0.44,阳阴阳,0.85,-2.82
600837.SSE,2024-10-14,2024-10-10,3.79,2.93,4.4,-1.97,1.43,-0.82,3.79,阳阴阳,3.79,-0.82
600838.SSE,2024-09-10,2024-09-06,1.79,2.15,3.26,-0.18,1.09,0.36,1.79,阳阳阳,1.79,0.36
600838.SSE,2025-12-22,2025-12-18,3.85,6.51,7.76,0.92,1.18,2.56,3.85,阳阳阳,3.85,1.18
600839.SSE,2024-10-18,2024-10-16,-1.46,7.6,3.75,1.81,-3.58,9.19,-1.46,阴阳阴,9.19,-3.58
600839.SSE,2024-10-30,2024-10-28,2.37,4.26,14.68,23.21,9.99,1.85,2.37,阳阳阳,9.99,1.85
600839.SSE,2024-10-31,2024-10-28,2.37,4.26,14.68,23.21,9.99,1.85,2.37,阳阳阳,9.99,1.85
600841.SSE,2024-07-15,2024-07-11,1.26,2.23,-2.13,-2.46,-4.27,0.96,1.26,阴阳阳,1.26,-4.27
600841.SSE,2024-07-29,2024-07-25,-9.59,-6.53,-7.98,11.95,-1.55,3.38,-9.59,阴阳阴,3.38,-9.59
600841.SSE,2024-11-08,2024-11-06,1.01,3.73,-6.7,-3.31,-10.06,2.69,1.01,阴阳阳,2.69,-10.06
600843.SSE,2024-03-13,2024-03-11,0.22,1.35,2.49,-0.22,1.13,1.12,0.22,阳阳阳,1.13,0.22
600843.SSE,2024-10-25,2024-10-23,1.4,11.6,14.58,14.25,2.67,10.06,1.4,阳阳阳,10.06,1.4
600844.SSE,2026-03-30,2026-03-26,0.24,2.48,12.84,8.99,10.11,2.23,0.24,阳阳阳,10.11,0.24
600847.SSE,2024-09-10,2024-09-06,0.14,0.0,0.0,0.14,0.0,-0.14,0.14,阳阴阳,0.14,-0.14
600851.SSE,2024-12-16,2024-12-12,2.82,2.65,1.48,0.0,-1.15,-0.17,2.82,阴阴阳,2.82,-1.15
600851.SSE,2026-06-23,2026-06-18,-3.94,-3.18,-0.14,7.03,3.14,0.79,-3.94,阳阳阴,3.14,-3.94
600851.SSE,2026-06-24,2026-06-18,-3.94,-3.18,-0.14,7.03,3.14,0.79,-3.94,阳阳阴,3.14,-3.94
600853.SSE,2023-10-27,2023-10-25,4.18,0.0,-0.99,-12.16,-0.99,-4.01,4.18,阴阴阳,4.18,-4.01
600855.SSE,2024-04-24,2024-04-22,-0.26,0.66,7.29,-1.03,6.59,0.92,-0.26,阳阳阴,6.59,-0.26
600855.SSE,2024-08-02,2024-07-31,1.48,2.9,7.27,8.75,4.25,1.39,1.48,阳阳阳,4.25,1.39
600855.SSE,2025-05-09,2025-05-07,3.2,4.98,5.89,1.24,0.87,1.72,3.2,阳阳阳,3.2,0.87
600858.SSE,2025-01-09,2025-01-07,-6.59,-15.29,-13.15,-10.88,2.52,-9.31,-6.59,阳阴阴,2.52,-9.31
600860.SSE,2023-06-27,2023-06-21,-1.74,-4.06,-2.59,0.39,1.53,-2.36,-1.74,阳阴阴,1.53,-2.36
600860.SSE,2023-06-28,2023-06-21,-1.74,-4.06,-2.59,0.39,1.53,-2.36,-1.74,阳阴阴,1.53,-2.36
600860.SSE,2024-03-01,2024-02-28,1.07,5.08,8.38,11.06,3.14,3.96,1.07,阳阳阳,3.96,1.07
600861.SSE,2024-09-30,2024-09-26,-0.28,6.45,5.98,6.36,-0.44,6.75,-0.28,阴阳阴,6.75,-0.44
600865.SSE,2024-10-30,2024-10-28,6.07,7.82,9.32,3.35,1.39,1.65,6.07,阳阳阳,6.07,1.39
600865.SSE,2024-10-31,2024-10-28,6.07,7.82,9.32,3.35,1.39,1.65,6.07,阳阳阳,6.07,1.39
600865.SSE,2025-04-22,2025-04-18,2.41,2.3,1.86,2.71,-0.44,-0.11,2.41,阴阴阳,2.41,-0.44
600865.SSE,2025-12-15,2025-12-11,0.51,1.55,2.72,1.98,1.15,1.03,0.51,阳阳阳,1.15,0.51
600868.SSE,2025-10-15,2025-10-13,0.36,2.23,1.85,1.48,-0.37,1.86,0.36,阴阳阳,1.86,-0.37
600869.SSE,2026-01-08,2026-01-06,1.99,2.75,3.92,2.03,1.14,0.75,1.99,阳阳阳,1.99,0.75
600869.SSE,2026-01-09,2026-01-06,1.99,2.75,3.92,2.03,1.14,0.75,1.99,阳阳阳,1.99,0.75
600871.SSE,2026-01-30,2026-01-28,-0.74,1.52,2.69,12.55,1.15,2.28,-0.74,阳阳阴,2.28,-0.74
600871.SSE,2026-03-04,2026-03-02,0.31,-3.89,-0.31,9.22,3.73,-4.19,0.31,阳阴阳,3.73,-4.19
600875.SSE,2025-07-23,2025-07-21,3.06,4.51,3.84,0.12,-0.64,1.41,3.06,阴阳阳,3.06,-0.64
600879.SSE,2026-01-12,2026-01-08,-0.92,9.01,11.21,23.48,2.02,10.02,-0.92,阳阳阴,10.02,-0.92
600880.SSE,2024-12-17,2024-12-13,1.13,2.88,3.68,1.93,0.78,1.73,1.13,阳阳阳,1.73,0.78
600880.SSE,2026-01-13,2026-01-09,1.03,4.44,8.29,17.81,3.68,3.37,1.03,阳阳阳,3.68,1.03
600881.SSE,2024-07-03,2024-07-01,3.66,2.41,0.0,-4.65,-2.35,-1.2,3.66,阴阴阳,3.66,-2.35
600881.SSE,2024-09-26,2024-09-23,1.92,2.91,2.91,1.96,0.0,0.97,1.92,阳阳阳,1.92,0.0
600881.SSE,2024-12-09,2024-12-05,-3.06,-3.55,4.97,8.89,8.84,-0.51,-3.06,阳阴阴,8.84,-3.06
600881.SSE,2024-12-13,2024-12-11,-3.59,-6.52,2.87,17.37,10.05,-3.04,-3.59,阳阴阴,10.05,-3.59
600881.SSE,2026-08-13,2026-08-11,-1.73,-1.16,-2.86,-2.26,-1.71,0.58,-1.73,阴阳阴,0.58,-1.73
600892.SSE,2026-08-06,2026-08-04,1.47,7.5,4.56,4.63,-2.74,5.94,1.47,阴阳阳,5.94,-2.74
600892.SSE,2026-09-03,2026-08-31,0.75,-0.74,3.08,5.56,3.85,-1.48,0.75,阳阴阳,3.85,-1.48
600895.SSE,2023-09-08,2023-09-06,1.69,3.44,-2.82,-4.38,-6.05,1.72,1.69,阴阳阳,1.72,-6.05
600895.SSE,2023-09-11,2023-09-06,1.69,3.44,-2.82,-4.38,-6.05,1.72,1.69,阴阳阳,1.72,-6.05
600903.SSE,2026-05-20,2026-05-18,4.43,14.92,26.34,19.47,9.94,10.04,4.43,阳阳阳,10.04,4.43
600906.SSE,2023-08-03,2023-08-01,0.88,7.76,6.48,4.86,-1.19,6.83,0.88,阴阳阳,6.83,-1.19
600906.SSE,2024-10-08,2024-09-27,7.79,9.75,15.08,6.02,4.85,1.82,7.79,阳阳阳,7.79,1.82
600916.SSE,2026-01-27,2026-01-23,-1.3,0.6,2.44,4.43,1.83,1.92,-1.3,阳阳阴,1.92,-1.3
600927.SSE,2025-07-09,2025-07-07,1.21,0.78,-0.77,-5.27,-1.54,-0.43,1.21,阴阴阳,1.21,-1.54
600936.SSE,2023-07-25,2023-07-21,-0.78,0.0,-1.29,-1.28,-1.29,0.78,-0.78,阴阳阴,0.78,-1.29
600936.SSE,2024-08-30,2024-08-28,-2.49,-1.01,-2.0,-1.95,-1.0,1.52,-2.49,阴阳阴,1.52,-2.49
600936.SSE,2025-01-22,2025-01-20,-1.41,-1.06,1.08,6.37,2.17,0.35,-1.41,阳阳阴,2.17,-1.41
600936.SSE,2025-12-15,2025-12-11,-0.29,-1.16,-0.29,-0.29,0.88,-0.87,-0.29,阳阴阴,0.88,-0.87
600936.SSE,2026-05-11,2026-05-07,3.39,4.4,7.29,2.74,2.76,0.98,3.39,阳阳阳,3.39,0.98
600939.SSE,2025-11-10,2025-11-06,2.5,2.18,3.47,-2.74,1.26,-0.31,2.5,阳阴阳,2.5,-0.31
600939.SSE,2025-11-11,2025-11-06,2.5,2.18,3.47,-2.74,1.26,-0.31,2.5,阳阴阳,2.5,-0.31
600960.SSE,2024-02-28,2024-02-26,4.19,6.25,9.12,5.44,2.7,1.97,4.19,阳阳阳,4.19,1.97
600962.SSE,2026-06-29,2026-06-25,-4.39,-5.89,-8.06,-1.76,-2.3,-1.57,-4.39,阴阴阴,-1.57,-4.39
600969.SSE,2024-05-29,2024-05-24,-3.51,-3.17,-5.01,0.18,-1.9,0.35,-3.51,阴阳阴,0.35,-3.51
600973.SSE,2024-12-30,2024-12-26,-5.45,4.0,-3.53,6.18,-7.24,10.0,-5.45,阴阳阴,10.0,-7.24
600973.SSE,2025-12-09,2025-12-05,1.9,2.1,1.9,1.55,-0.19,0.19,1.9,阴阳阳,1.9,-0.19
600979.SSE,2024-11-25,2024-11-21,2.99,3.84,4.99,0.0,1.11,0.82,2.99,阳阳阳,2.99,0.82
600979.SSE,2024-12-03,2024-11-29,-9.49,-5.71,-15.05,3.27,-9.9,4.18,-9.49,阴阳阴,4.18,-9.9
600979.SSE,2024-12-12,2024-12-10,-4.89,-9.33,-0.19,-3.33,10.08,-4.66,-4.89,阳阴阴,10.08,-4.89
600979.SSE,2024-12-13,2024-12-10,-4.89,-9.33,-0.19,-3.33,10.08,-4.66,-4.89,阳阴阴,10.08,-4.89
600980.SSE,2025-06-11,2025-06-09,0.35,0.29,2.4,2.59,2.1,-0.06,0.35,阳阴阳,2.1,-0.06
600981.SSE,2023-12-08,2023-12-06,0.66,3.02,5.86,5.9,2.76,2.35,0.66,阳阳阳,2.76,0.66
600981.SSE,2024-10-23,2024-10-21,1.98,-0.96,-0.48,-4.72,0.48,-2.88,1.98,阳阴阳,1.98,-2.88
600981.SSE,2025-12-02,2025-11-28,-0.36,-0.36,-0.36,1.81,0.0,0.0,-0.36,阳阳阴,0.0,-0.36
600981.SSE,2025-12-03,2025-11-28,-0.36,-0.36,-0.36,1.81,0.0,0.0,-0.36,阳阳阴,0.0,-0.36
600982.SSE,2024-12-19,2024-12-16,0.24,0.72,2.43,1.69,1.7,0.48,0.24,阳阳阳,1.7,0.24
600983.SSE,2024-12-10,2024-12-06,5.32,7.18,3.19,-1.39,-3.72,1.77,5.32,阴阳阳,5.32,-3.72
600986.SSE,2025-02-14,2025-02-12,-4.31,5.28,10.67,18.86,5.12,10.01,-4.31,阳阳阴,10.01,-4.31
600986.SSE,2026-01-13,2026-01-09,5.34,8.04,7.26,7.67,-0.73,2.56,5.34,阴阳阳,5.34,-0.73
600990.SSE,2024-05-09,2024-05-07,0.81,-5.75,-1.58,4.21,4.42,-6.5,0.81,阳阴阳,4.42,-6.5
600996.SSE,2024-06-03,2024-05-30,-0.61,-3.54,-3.25,-3.94,0.3,-2.95,-0.61,阳阴阴,0.3,-2.95
600996.SSE,2025-09-23,2025-09-19,-1.21,-1.33,-1.92,0.24,-0.6,-0.12,-1.21,阴阴阴,-0.12,-1.21
600999.SSE,2024-10-09,2024-09-30,6.45,10.58,11.84,10.15,1.14,3.88,6.45,阳阳阳,6.45,1.14
601002.SSE,2024-11-01,2024-10-30,-1.89,1.11,2.54,3.34,1.41,3.06,-1.89,阳阳阴,3.06,-1.89
601003.SSE,2025-07-03,2025-07-01,0.57,0.86,-0.56,-0.57,-1.41,0.29,0.57,阴阳阳,0.57,-1.41
601003.SSE,2025-07-04,2025-07-01,0.57,0.86,-0.56,-0.57,-1.41,0.29,0.57,阴阳阳,0.57,-1.41
601003.SSE,2025-07-21,2025-07-17,-9.16,0.0,-5.07,-1.07,-5.07,10.08,-9.16,阴阳阴,10.08,-9.16
601003.SSE,2025-07-22,2025-07-17,-9.16,0.0,-5.07,-1.07,-5.07,10.08,-9.16,阴阳阴,10.08,-9.16
601007.SSE,2025-04-18,2025-04-16,0.0,1.01,2.04,4.17,1.02,1.01,0.0,阳阳阳,1.02,0.0
601008.SSE,2025-04-08,2025-04-03,-0.52,0.78,0.26,-0.77,-0.52,1.31,-0.52,阴阳阴,1.31,-0.52
601008.SSE,2025-05-15,2025-05-13,0.0,-6.1,-7.8,-7.3,-1.81,-6.1,0.0,阴阴阳,0.0,-6.1
601008.SSE,2025-05-16,2025-05-13,0.0,-6.1,-7.8,-7.3,-1.81,-6.1,0.0,阴阴阳,0.0,-6.1
601011.SSE,2024-12-06,2024-12-04,0.36,2.97,1.84,-2.13,-1.1,2.6,0.36,阴阳阳,2.6,-1.1
601011.SSE,2025-10-14,2025-10-10,3.12,3.12,3.48,1.41,0.35,0.0,3.12,阳阳阳,3.12,0.0
601020.SSE,2024-05-29,2024-05-27,7.45,5.25,10.79,-2.13,5.26,-2.05,7.45,阳阴阳,7.45,-2.05
601020.SSE,2024-05-30,2024-05-27,7.45,5.25,10.79,-2.13,5.26,-2.05,7.45,阳阴阳,7.45,-2.05
601020.SSE,2025-03-06,2025-03-04,2.95,3.56,6.94,3.95,3.27,0.59,2.95,阳阳阳,3.27,0.59
601022.SSE,2025-05-16,2025-05-13,4.77,4.11,3.86,1.66,-0.25,-0.62,4.77,阴阴阳,4.77,-0.62
601065.SSE,2023-08-24,2023-08-22,0.23,2.94,3.18,5.12,0.24,2.7,0.23,阳阳阳,2.7,0.23
601066.SSE,2024-10-08,2024-09-27,5.56,6.12,12.23,5.84,5.76,0.53,5.56,阳阳阳,5.76,0.53
601068.SSE,2024-01-29,2024-01-25,4.42,5.72,1.19,-4.01,-4.29,1.24,4.42,阴阳阳,4.42,-4.29
601069.SSE,2025-09-03,2025-09-01,4.46,5.29,2.63,-1.14,-2.52,0.79,4.46,阴阳阳,4.46,-2.52
601086.SSE,2023-07-28,2023-07-26,-0.38,-1.5,-2.6,7.57,-1.12,-1.13,-0.38,阴阴阴,-0.38,-1.13
601086.SSE,2023-07-31,2023-07-26,-0.38,-1.5,-2.6,7.57,-1.12,-1.13,-0.38,阴阴阴,-0.38,-1.13
601086.SSE,2024-01-12,2024-01-10,2.81,2.23,0.18,-0.74,-2.01,-0.56,2.81,阴阴阳,2.81,-2.01
601086.SSE,2025-04-18,2025-04-16,-6.03,3.32,13.69,33.14,10.04,9.95,-6.03,阳阳阴,10.04,-6.03
601086.SSE,2025-04-21,2025-04-16,-6.03,3.32,13.69,33.14,10.04,9.95,-6.03,阳阳阴,10.04,-6.03
601086.SSE,2026-09-01,2026-08-28,1.2,-0.39,1.88,-0.27,2.28,-1.58,1.2,阳阴阳,2.28,-1.58
601096.SSE,2024-01-12,2024-01-10,-7.44,-9.24,-0.18,18.63,9.98,-1.94,-7.44,阳阴阴,9.98,-7.44
601096.SSE,2026-01-20,2026-01-16,1.62,0.69,0.69,0.0,0.0,-0.92,1.62,阳阴阳,1.62,-0.92
601099.SSE,2023-08-01,2023-07-28,2.8,12.97,24.44,19.7,10.15,9.9,2.8,阳阳阳,10.15,2.8
601106.SSE,2026-01-09,2026-01-07,0.74,1.75,1.5,-1.23,-0.25,1.0,0.74,阴阳阳,1.0,-0.25
601106.SSE,2026-01-12,2026-01-07,0.74,1.75,1.5,-1.23,-0.25,1.0,0.74,阴阳阳,1.0,-0.25
601116.SSE,2023-06-15,2023-06-13,-0.95,-0.95,-2.7,0.43,-1.77,0.0,-0.95,阴阳阴,0.0,-1.77
601116.SSE,2025-02-14,2025-02-12,2.8,6.3,8.8,5.73,2.35,3.4,2.8,阳阳阳,3.4,2.35
601116.SSE,2025-02-17,2025-02-12,2.8,6.3,8.8,5.73,2.35,3.4,2.8,阳阳阳,3.4,2.35
601116.SSE,2025-09-11,2025-09-09,-1.61,-4.16,3.04,2.14,7.52,-2.59,-1.61,阳阴阴,7.52,-2.59
601116.SSE,2026-01-15,2026-01-12,3.91,7.03,8.06,8.02,0.96,3.0,3.91,阳阳阳,3.91,0.96
601127.SSE,2023-10-10,2023-09-28,0.08,-1.17,1.32,-1.35,2.52,-1.25,0.08,阳阴阳,2.52,-1.25
601133.SSE,2024-11-26,2024-11-22,-0.26,0.88,4.65,2.86,3.74,1.14,-0.26,阳阳阴,3.74,-0.26
601136.SSE,2023-08-07,2023-08-03,2.82,2.64,2.99,10.18,0.34,-0.17,2.82,阳阴阳,2.82,-0.17
601155.SSE,2024-09-30,2024-09-26,0.47,4.05,4.05,4.07,0.0,3.57,0.47,阳阳阳,3.57,0.0
601155.SSE,2024-10-08,2024-09-26,0.47,4.05,4.05,4.07,0.0,3.57,0.47,阳阳阳,3.57,0.0
601162.SSE,2024-09-26,2024-09-24,-0.36,-4.88,-4.88,-7.74,0.0,-4.53,-0.36,阳阴阴,0.0,-4.53
601177.SSE,2025-02-14,2025-02-12,0.98,0.87,-0.32,0.44,-1.18,-0.11,0.98,阴阴阳,0.98,-1.18
601177.SSE,2025-02-17,2025-02-12,0.98,0.87,-0.32,0.44,-1.18,-0.11,0.98,阴阴阳,0.98,-1.18
601179.SSE,2024-04-15,2024-04-11,0.74,-0.36,1.29,-0.37,1.66,-1.09,0.74,阳阴阳,1.66,-1.09
601188.SSE,2023-09-18,2023-09-14,1.65,11.78,7.56,0.83,-3.78,9.97,1.65,阴阳阳,9.97,-3.78
601188.SSE,2023-09-19,2023-09-14,1.65,11.78,7.56,0.83,-3.78,9.97,1.65,阴阳阳,9.97,-3.78
601211.SSE,2024-10-14,2024-10-10,1.66,0.96,1.59,-2.03,0.62,-0.69,1.66,阳阴阳,1.66,-0.69
601212.SSE,2025-09-03,2025-09-01,1.44,2.33,-2.49,-4.14,-4.71,0.87,1.44,阴阳阳,1.44,-4.71
601212.SSE,2025-10-13,2025-10-09,5.26,7.97,11.7,6.12,3.46,2.57,5.26,阳阳阳,5.26,2.57
601212.SSE,2025-10-14,2025-10-09,5.26,7.97,11.7,6.12,3.46,2.57,5.26,阳阳阳,5.26,2.57
601212.SSE,2026-01-22,2026-01-20,-2.75,-1.12,0.43,11.15,1.56,1.68,-2.75,阳阳阴,1.68,-2.75
601212.SSE,2026-01-23,2026-01-20,-2.75,-1.12,0.43,11.15,1.56,1.68,-2.75,阳阳阴,1.68,-2.75
601216.SSE,2024-11-13,2024-11-11,2.48,0.2,10.24,12.33,10.02,-2.23,2.48,阳阴阳,10.02,-2.23
601218.SSE,2025-09-29,2025-09-25,0.86,-2.5,-1.89,-6.26,0.63,-3.33,0.86,阳阴阳,0.86,-3.33
601279.SSE,2024-03-14,2024-03-12,1.04,0.83,0.41,-0.82,-0.41,-0.21,1.04,阴阴阳,1.04,-0.41
601279.SSE,2025-07-18,2025-07-16,-1.52,-0.26,-0.26,1.54,0.0,1.28,-1.52,阳阳阴,1.28,-1.52
601279.SSE,2025-11-21,2025-11-19,-4.02,-6.29,3.02,5.97,9.94,-2.36,-4.02,阳阴阴,9.94,-4.02
601326.SSE,2023-05-08,2023-04-28,0.0,-0.97,1.33,1.33,2.33,-0.97,0.0,阳阴阳,2.33,-0.97
601333.SSE,2023-05-05,2023-04-28,0.82,0.41,1.23,0.0,0.82,-0.41,0.82,阳阴阳,0.82,-0.41
601366.SSE,2025-12-18,2025-12-16,0.89,0.67,-2.78,-1.32,-3.43,-0.22,0.89,阴阴阳,0.89,-3.43
601399.SSE,2025-07-23,2025-07-21,0.99,1.32,1.32,-1.3,0.0,0.33,0.99,阳阳阳,0.99,0.0
601399.SSE,2025-12-05,2025-12-03,0.87,7.08,7.74,5.5,0.62,6.15,0.87,阳阳阳,6.15,0.62
601515.SSE,2024-09-05,2024-09-03,-1.73,0.44,2.71,5.0,2.26,2.21,-1.73,阳阳阴,2.26,-1.73
601519.SSE,2024-10-09,2024-09-27,6.97,10.03,18.32,10.24,7.53,2.87,6.97,阳阳阳,7.53,2.87
601519.SSE,2024-12-03,2024-11-29,0.12,2.8,2.67,3.05,-0.12,2.68,0.12,阴阳阳,2.68,-0.12
601519.SSE,2024-12-04,2024-11-29,0.12,2.8,2.67,3.05,-0.12,2.68,0.12,阴阳阳,2.68,-0.12
601519.SSE,2025-08-19,2025-08-15,-4.5,-0.42,1.14,12.11,1.56,4.27,-4.5,阳阳阴,4.27,-4.5
601566.SSE,2025-11-14,2025-11-12,0.32,2.94,3.05,0.86,0.11,2.61,0.32,阳阳阳,2.61,0.11
601566.SSE,2025-11-17,2025-11-12,0.32,2.94,3.05,0.86,0.11,2.61,0.32,阳阳阳,2.61,0.11
601566.SSE,2025-12-22,2025-12-18,-6.59,2.78,-6.59,10.03,-9.12,10.03,-6.59,阴阳阴,10.03,-9.12
601566.SSE,2026-09-03,2026-09-01,1.9,2.27,2.27,0.0,0.0,0.36,1.9,阳阳阳,1.9,0.0
601579.SSE,2025-05-28,2025-05-26,-5.28,3.58,13.92,27.38,9.99,9.35,-5.28,阳阳阴,9.99,-5.28
601595.SSE,2023-04-11,2023-04-07,9.72,5.82,15.13,15.42,8.79,-3.56,9.72,阳阴阳,9.72,-3.56
601595.SSE,2023-04-12,2023-04-07,9.72,5.82,15.13,15.42,8.79,-3.56,9.72,阳阴阳,9.72,-3.56
601599.SSE,2024-02-20,2024-02-08,-6.86,-9.47,-18.61,-15.03,-10.09,-2.81,-6.86,阴阴阴,-2.81,-10.09
601599.SSE,2024-02-21,2024-02-08,-6.86,-9.47,-18.61,-15.03,-10.09,-2.81,-6.86,阴阴阴,-2.81,-10.09
601606.SSE,2025-06-20,2025-06-18,2.3,2.99,6.82,2.43,3.72,0.67,2.3,阳阳阳,3.72,0.67
601606.SSE,2025-06-23,2025-06-18,2.3,2.99,6.82,2.43,3.72,0.67,2.3,阳阳阳,3.72,0.67
601606.SSE,2025-08-06,2025-08-04,1.79,11.96,15.25,17.44,2.94,9.99,1.79,阳阳阳,9.99,1.79
601606.SSE,2025-08-07,2025-08-04,1.79,11.96,15.25,17.44,2.94,9.99,1.79,阳阳阳,9.99,1.79
601606.SSE,2026-07-27,2026-07-23,0.76,1.53,5.08,0.88,3.49,0.77,0.76,阳阳阳,3.49,0.76
601608.SSE,2025-10-23,2025-10-20,0.0,-1.72,0.18,-0.87,1.93,-1.72,0.0,阳阴阳,1.93,-1.72
601609.SSE,2025-08-15,2025-08-13,-0.93,0.83,0.12,1.89,-0.7,1.77,-0.93,阴阳阴,1.77,-0.93
601611.SSE,2026-01-09,2026-01-07,0.07,3.78,7.95,5.91,4.01,3.71,0.07,阳阳阳,4.01,0.07
601616.SSE,2026-01-20,2026-01-16,0.24,-0.72,2.21,3.75,2.95,-0.95,0.24,阳阴阳,2.95,-0.95
601616.SSE,2026-01-21,2026-01-16,0.24,-0.72,2.21,3.75,2.95,-0.95,0.24,阳阴阳,2.95,-0.95
601619.SSE,2025-09-29,2025-09-25,1.32,0.44,-2.33,-7.52,-2.75,-0.87,1.32,阴阴阳,1.32,-2.75
601669.SSE,2025-07-24,2025-07-21,0.4,1.2,0.4,-0.39,-0.79,0.8,0.4,阴阳阳,0.8,-0.79
601696.SSE,2024-09-30,2024-09-26,1.39,6.41,6.29,5.19,-0.11,4.95,1.39,阴阳阳,4.95,-0.11
601696.SSE,2024-10-08,2024-09-26,1.39,6.41,6.29,5.19,-0.11,4.95,1.39,阴阳阳,4.95,-0.11
601698.SSE,2024-11-12,2024-11-08,7.59,16.91,20.71,14.49,3.25,8.65,7.59,阳阳阳,8.65,3.25
601698.SSE,2026-01-06,2025-12-31,8.27,14.73,26.18,22.15,9.98,5.97,8.27,阳阳阳,9.98,5.97
601700.SSE,2026-08-05,2026-08-03,1.88,0.62,1.66,-2.44,1.04,-1.23,1.88,阳阴阳,1.88,-1.23
601700.SSE,2026-08-06,2026-08-03,1.88,0.62,1.66,-2.44,1.04,-1.23,1.88,阳阴阳,1.88,-1.23
601727.SSE,2024-10-23,2024-10-21,2.03,2.96,2.26,-1.34,-0.68,0.91,2.03,阴阳阳,2.03,-0.68
601727.SSE,2024-10-29,2024-10-25,-3.49,6.22,16.9,33.19,10.06,10.05,-3.49,阳阳阴,10.06,-3.49
601727.SSE,2024-10-30,2024-10-25,-3.49,6.22,16.9,33.19,10.06,10.05,-3.49,阳阳阴,10.06,-3.49
601727.SSE,2024-11-07,2024-11-04,-10.0,-4.71,4.79,28.02,9.96,5.88,-10.0,阳阳阴,9.96,-10.0
601789.SSE,2026-03-11,2026-03-06,1.42,0.4,-3.29,-8.89,-3.68,-1.01,1.42,阴阴阳,1.42,-3.68
601801.SSE,2023-05-05,2023-04-28,1.98,3.6,4.65,5.53,1.02,1.58,1.98,阳阳阳,1.98,1.02
601811.SSE,2023-04-26,2023-04-24,-5.09,1.3,2.47,7.8,1.16,6.73,-5.09,阳阳阴,6.73,-5.09
601811.SSE,2023-04-27,2023-04-24,-5.09,1.3,2.47,7.8,1.16,6.73,-5.09,阳阳阴,6.73,-5.09
601858.SSE,2023-04-13,2023-04-11,1.74,3.27,-2.3,-6.33,-5.39,1.49,1.74,阴阳阳,1.74,-5.39
601858.SSE,2023-04-14,2023-04-11,1.74,3.27,-2.3,-6.33,-5.39,1.49,1.74,阴阳阳,1.74,-5.39
601858.SSE,2023-08-24,2023-08-22,1.55,-1.43,-0.41,-3.74,1.04,-2.93,1.55,阳阴阳,1.55,-2.93
601865.SSE,2024-10-08,2024-09-27,6.03,6.77,12.75,3.96,5.6,0.7,6.03,阳阳阳,6.03,0.7
601868.SSE,2025-07-23,2025-07-21,1.31,0.87,0.0,-1.72,-0.86,-0.43,1.31,阴阴阳,1.31,-0.86
601869.SSE,2025-01-27,2025-01-23,4.17,5.6,5.42,2.25,-0.17,1.37,4.17,阴阳阳,4.17,-0.17
601890.SSE,2025-03-24,2025-03-20,-2.61,2.63,1.42,6.79,-1.18,5.38,-2.61,阴阳阴,5.38,-2.61
601900.SSE,2023-04-26,2023-04-24,5.19,15.73,27.32,28.28,10.02,10.02,5.19,阳阳阳,10.02,5.19
601900.SSE,2023-06-01,2023-05-30,3.27,13.61,7.66,11.81,-5.24,10.02,3.27,阴阳阳,10.02,-5.24
601908.SSE,2024-10-08,2024-09-27,4.27,7.49,14.55,10.38,6.57,3.08,4.27,阳阳阳,6.57,3.08
601908.SSE,2024-12-25,2024-12-23,-0.63,-0.63,-1.57,-4.55,-0.94,0.0,-0.63,阴阳阴,0.0,-0.94
601929.SSE,2025-08-11,2025-08-07,0.45,5.19,15.54,14.43,9.84,4.72,0.45,阳阳阳,9.84,0.45
601929.SSE,2025-08-12,2025-08-07,0.45,5.19,15.54,14.43,9.84,4.72,0.45,阳阳阳,9.84,0.45
601929.SSE,2025-11-05,2025-11-03,5.11,1.09,0.82,-3.56,-0.27,-3.83,5.11,阴阴阳,5.11,-3.83
601933.SSE,2024-09-26,2024-09-24,-1.32,-2.17,0.9,1.33,3.14,-0.87,-1.32,阳阴阴,3.14,-1.32
601933.SSE,2024-12-03,2024-11-29,1.1,2.23,8.79,7.09,6.41,1.12,1.1,阳阳阳,6.41,1.1
601949.SSE,2023-04-24,2023-04-20,0.28,0.0,-4.74,-9.07,-4.74,-0.28,0.28,阴阴阳,0.28,-4.74
601949.SSE,2023-05-08,2023-05-04,6.75,1.01,11.16,-0.32,10.04,-5.38,6.75,阳阴阳,10.04,-5.38
601949.SSE,2023-05-09,2023-05-04,6.75,1.01,11.16,-0.32,10.04,-5.38,6.75,阳阴阳,10.04,-5.38
601958.SSE,2026-06-15,2026-06-11,0.67,1.39,-3.96,-9.27,-5.28,0.72,0.67,阴阳阳,0.72,-5.28
601991.SSE,2026-05-08,2026-05-06,-3.03,2.97,2.72,5.41,-0.25,6.19,-3.03,阴阳阴,6.19,-3.03
601991.SSE,2026-05-11,2026-05-06,-3.03,2.97,2.72,5.41,-0.25,6.19,-3.03,阴阳阴,6.19,-3.03
601992.SSE,2026-01-14,2026-01-12,-1.68,2.92,2.92,6.55,0.0,4.68,-1.68,阳阳阴,4.68,-1.68
601996.SSE,2024-10-31,2024-10-29,4.88,6.97,7.5,3.54,0.5,1.99,4.88,阳阳阳,4.88,0.5
601999.SSE,2023-05-15,2023-05-11,0.26,-4.4,-2.86,-9.41,1.61,-4.65,0.26,阳阴阳,1.61,-4.65
603000.SSE,2023-07-14,2023-07-12,-0.47,-1.92,-5.54,-7.81,-3.69,-1.46,-0.47,阴阴阴,-0.47,-3.69
603000.SSE,2026-01-14,2026-01-12,4.88,6.05,5.78,2.92,-0.25,1.11,4.88,阴阳阳,4.88,-0.25
603000.SSE,2026-01-15,2026-01-12,4.88,6.05,5.78,2.92,-0.25,1.11,4.88,阴阳阳,4.88,-0.25
603001.SSE,2026-05-26,2026-05-22,-3.72,-2.54,0.0,2.81,2.61,1.22,-3.72,阳阳阴,2.61,-3.72
603002.SSE,2026-06-17,2026-06-15,-2.63,-4.49,5.06,18.7,10.01,-1.92,-2.63,阳阴阴,10.01,-2.63
603004.SSE,2024-09-04,2024-09-02,8.05,10.34,10.56,-0.19,0.2,2.12,8.05,阳阳阳,8.05,0.2
603004.SSE,2024-11-21,2024-11-18,-2.94,-5.99,-5.25,-3.29,0.79,-3.14,-2.94,阳阴阴,0.79,-3.14
603006.SSE,2023-06-13,2023-06-09,-1.03,-1.13,-7.6,-6.54,-6.54,-0.1,-1.03,阴阴阴,-0.1,-6.54
603006.SSE,2023-06-14,2023-06-09,-1.03,-1.13,-7.6,-6.54,-6.54,-0.1,-1.03,阴阴阴,-0.1,-6.54
603006.SSE,2024-03-28,2024-03-26,-3.01,-5.48,-4.67,-0.19,0.86,-2.55,-3.01,阳阴阴,0.86,-3.01
603011.SSE,2024-02-23,2024-02-21,0.36,5.51,16.11,10.38,10.04,5.13,0.36,阳阳阳,10.04,0.36
603011.SSE,2024-02-26,2024-02-21,0.36,5.51,16.11,10.38,10.04,5.13,0.36,阳阳阳,10.04,0.36
603011.SSE,2024-03-19,2024-03-14,-3.67,0.79,0.66,3.4,-0.13,4.64,-3.67,阴阳阴,4.64,-3.67
603011.SSE,2025-03-27,2025-03-24,4.38,5.09,5.45,3.25,0.34,0.68,4.38,阳阳阳,4.38,0.34
603011.SSE,2025-10-13,2025-09-30,-2.08,-10.92,-2.03,-2.2,9.98,-9.03,-2.08,阳阴阴,9.98,-9.03
603011.SSE,2026-05-29,2026-05-27,-5.6,-5.5,-3.01,-1.44,2.64,0.1,-5.6,阳阳阴,2.64,-5.6
603011.SSE,2026-06-01,2026-05-27,-5.6,-5.5,-3.01,-1.44,2.64,0.1,-5.6,阳阳阴,2.64,-5.6
603015.SSE,2025-01-10,2025-01-07,-1.64,-7.3,-7.78,-10.98,-0.51,-5.76,-1.64,阴阴阴,-0.51,-5.76
603015.SSE,2026-01-09,2026-01-07,1.02,2.39,-0.46,-1.17,-2.79,1.35,1.02,阴阳阳,1.35,-2.79
603015.SSE,2026-01-12,2026-01-07,1.02,2.39,-0.46,-1.17,-2.79,1.35,1.02,阴阳阳,1.35,-2.79
603017.SSE,2025-06-04,2025-05-30,1.48,-1.33,-1.87,-2.66,-0.55,-2.77,1.48,阴阴阳,1.48,-2.77
603017.SSE,2026-01-12,2026-01-08,-0.45,-0.09,-0.81,-2.3,-0.72,0.36,-0.45,阴阳阴,0.36,-0.72
603019.SSE,2024-10-09,2024-09-30,9.49,13.26,13.47,8.97,0.18,3.45,9.49,阳阳阳,9.49,0.18
603023.SSE,2023-12-01,2023-11-29,2.96,3.98,1.95,3.26,-1.95,1.0,2.96,阴阳阳,2.96,-1.95
603023.SSE,2023-12-04,2023-11-29,2.96,3.98,1.95,3.26,-1.95,1.0,2.96,阴阳阳,2.96,-1.95
603023.SSE,2024-03-21,2024-03-19,1.71,0.28,-1.38,-0.85,-1.66,-1.4,1.71,阴阴阳,1.71,-1.66
603023.SSE,2025-12-22,2025-12-18,-7.35,1.91,2.57,-0.19,0.64,10.0,-7.35,阳阳阴,10.0,-7.35
603025.SSE,2023-08-30,2023-08-28,-0.16,-0.55,2.26,2.67,2.83,-0.39,-0.16,阳阴阴,2.83,-0.39
603026.SSE,2025-11-14,2025-11-12,7.66,7.76,14.77,10.91,6.5,0.1,7.66,阳阳阳,7.66,0.1
603028.SSE,2024-02-20,2024-02-08,-9.34,-18.22,-26.45,-24.0,-10.06,-9.8,-9.34,阴阴阴,-9.34,-10.06
603028.SSE,2024-02-21,2024-02-08,-9.34,-18.22,-26.45,-24.0,-10.06,-9.8,-9.34,阴阴阴,-9.34,-10.06
603028.SSE,2025-03-24,2025-03-20,-0.87,1.18,2.69,7.62,1.5,2.06,-0.87,阳阳阴,2.06,-0.87
603029.SSE,2024-12-02,2024-11-28,-0.18,0.79,3.18,-1.6,2.37,0.97,-0.18,阳阳阴,2.37,-0.18
603030.SSE,2024-11-06,2024-11-04,2.17,3.52,4.91,-2.13,1.34,1.32,2.17,阳阳阳,2.17,1.32
603030.SSE,2024-12-09,2024-12-05,1.69,2.74,8.3,6.12,5.42,1.03,1.69,阳阳阳,5.42,1.03
603030.SSE,2025-05-07,2025-04-29,-2.68,-1.8,-3.96,-1.75,-2.2,0.9,-2.68,阴阳阴,0.9,-2.68
603032.SSE,2025-06-10,2025-06-06,-1.56,-0.9,-1.12,-3.1,-0.22,0.67,-1.56,阴阳阴,0.67,-1.56
603032.SSE,2025-06-11,2025-06-06,-1.56,-0.9,-1.12,-3.1,-0.22,0.67,-1.56,阴阳阴,0.67,-1.56
603032.SSE,2025-09-02,2025-08-29,-1.32,-3.06,-4.89,2.88,-1.88,-1.76,-1.32,阴阴阴,-1.32,-1.88
603032.SSE,2025-09-03,2025-08-29,-1.32,-3.06,-4.89,2.88,-1.88,-1.76,-1.32,阴阴阴,-1.32,-1.88
603033.SSE,2024-02-08,2024-02-06,-8.85,-17.6,-18.64,-15.48,-1.26,-9.6,-8.85,阴阴阴,-1.26,-9.6
603037.SSE,2023-10-30,2023-10-26,2.53,5.33,5.78,-2.53,0.43,2.72,2.53,阳阳阳,2.72,0.43
603037.SSE,2023-11-08,2023-11-06,-3.87,-0.26,9.73,3.75,10.01,3.75,-3.87,阳阳阴,10.01,-3.87
603037.SSE,2023-11-09,2023-11-06,-3.87,-0.26,9.73,3.75,10.01,3.75,-3.87,阳阳阴,10.01,-3.87
603038.SSE,2024-01-15,2024-01-11,-3.33,2.35,-2.56,1.61,-4.79,5.87,-3.33,阴阳阴,5.87,-4.79
603038.SSE,2024-03-04,2024-02-29,-6.89,-4.59,-3.08,6.99,1.58,2.48,-6.89,阳阳阴,2.48,-6.89
603038.SSE,2024-10-15,2024-10-11,-2.71,-12.41,-8.12,3.28,4.89,-9.97,-2.71,阳阴阴,4.89,-9.97
603038.SSE,2025-08-21,2025-08-19,0.42,0.56,-1.16,-2.31,-1.71,0.14,0.42,阴阳阳,0.42,-1.71
603039.SSE,2025-02-05,2025-01-24,-0.18,-1.49,2.12,3.98,3.66,-1.31,-0.18,阳阴阴,3.66,-1.31
603039.SSE,2025-02-06,2025-01-24,-0.18,-1.49,2.12,3.98,3.66,-1.31,-0.18,阳阴阴,3.66,-1.31
603039.SSE,2026-08-03,2026-07-30,3.31,5.64,8.72,0.64,2.92,2.25,3.31,阳阳阳,3.31,2.25
603040.SSE,2025-05-06,2025-04-29,1.09,-1.38,1.49,9.41,2.9,-2.44,1.09,阳阴阳,2.9,-2.44
603040.SSE,2025-05-07,2025-04-29,1.09,-1.38,1.49,9.41,2.9,-2.44,1.09,阳阴阳,2.9,-2.44
603042.SSE,2023-09-25,2023-09-21,-4.9,-8.5,-7.88,-5.01,0.68,-3.79,-4.9,阳阴阴,0.68,-4.9
603042.SSE,2023-09-26,2023-09-21,-4.9,-8.5,-7.88,-5.01,0.68,-3.79,-4.9,阳阴阴,0.68,-4.9
603042.SSE,2025-01-21,2025-01-17,2.23,1.06,7.79,7.05,6.67,-1.14,2.23,阳阴阳,6.67,-1.14
603042.SSE,2025-01-22,2025-01-17,2.23,1.06,7.79,7.05,6.67,-1.14,2.23,阳阴阳,6.67,-1.14
603042.SSE,2025-06-06,2025-06-04,0.5,-1.47,0.94,-0.29,2.45,-1.97,0.5,阳阴阳,2.45,-1.97
603048.SSE,2025-03-07,2025-03-04,-0.06,-3.8,-4.15,-6.43,-0.37,-3.74,-0.06,阴阴阴,-0.06,-3.74
603051.SSE,2025-09-04,2025-09-02,4.91,5.59,5.17,-4.36,-0.4,0.65,4.91,阴阳阳,4.91,-0.4
603052.SSE,2024-01-02,2023-12-28,0.5,-0.36,6.44,0.59,6.83,-0.86,0.5,阳阴阳,6.83,-0.86
603052.SSE,2024-01-03,2023-12-28,0.5,-0.36,6.44,0.59,6.83,-0.86,0.5,阳阴阳,6.83,-0.86
603052.SSE,2024-03-04,2024-02-29,-9.93,-7.14,-8.47,8.96,-1.44,3.1,-9.93,阴阳阴,3.1,-9.93
603052.SSE,2026-01-29,2026-01-27,-1.29,-5.18,0.88,12.42,6.39,-3.94,-1.29,阳阴阴,6.39,-3.94
603052.SSE,2026-04-20,2026-04-16,-1.66,-1.8,-1.57,5.7,0.23,-0.14,-1.66,阳阴阴,0.23,-1.66
603052.SSE,2026-05-14,2026-05-12,-2.89,1.16,2.14,9.6,0.98,4.17,-2.89,阳阳阴,4.17,-2.89
603056.SSE,2025-05-29,2025-05-27,6.92,4.79,6.68,0.23,1.8,-1.99,6.92,阳阴阳,6.92,-1.99
603061.SSE,2024-10-21,2024-10-17,-1.16,-0.4,1.33,2.53,1.74,0.76,-1.16,阳阳阴,1.74,-1.16
603063.SSE,2024-10-29,2024-10-25,-4.42,1.02,5.49,12.16,4.42,5.69,-4.42,阳阳阴,5.69,-4.42
603063.SSE,2025-01-08,2025-01-06,-5.07,-4.31,-8.83,-3.64,-4.73,0.8,-5.07,阴阳阴,0.8,-5.07
603063.SSE,2025-01-09,2025-01-06,-5.07,-4.31,-8.83,-3.64,-4.73,0.8,-5.07,阴阳阴,0.8,-5.07
603065.SSE,2024-01-09,2024-01-05,-1.56,-1.07,0.73,2.62,1.81,0.5,-1.56,阳阳阴,1.81,-1.56
603066.SSE,2023-12-14,2023-12-12,1.12,-1.29,-2.73,-3.33,-1.46,-2.38,1.12,阴阴阳,1.12,-2.38
603066.SSE,2023-12-15,2023-12-12,1.12,-1.29,-2.73,-3.33,-1.46,-2.38,1.12,阴阴阳,1.12,-2.38
603066.SSE,2024-01-22,2024-01-18,0.79,-2.71,-6.75,-5.01,-4.15,-3.48,0.79,阴阴阳,0.79,-4.15
603066.SSE,2024-02-28,2024-02-26,4.13,7.43,8.39,4.51,0.9,3.17,4.13,阳阳阳,4.13,0.9
603068.SSE,2024-05-28,2024-05-24,-1.0,0.43,-1.52,0.29,-1.94,1.45,-1.0,阴阳阴,1.45,-1.94
603068.SSE,2024-05-29,2024-05-24,-1.0,0.43,-1.52,0.29,-1.94,1.45,-1.0,阴阳阴,1.45,-1.94
603068.SSE,2025-08-29,2025-08-27,1.05,0.81,3.18,-0.29,2.35,-0.24,1.05,阳阴阳,2.35,-0.24
603069.SSE,2024-03-08,2024-03-06,0.96,1.81,6.09,5.49,4.21,0.84,0.96,阳阳阳,4.21,0.84
603070.SSE,2025-01-09,2025-01-07,0.16,-7.15,-6.23,-3.3,0.99,-7.3,0.16,阳阴阳,0.99,-7.3
603070.SSE,2026-05-14,2026-05-12,2.03,1.81,2.26,-0.58,0.44,-0.22,2.03,阳阴阳,2.03,-0.22
603072.SSE,2025-04-07,2025-04-02,1.06,-5.4,-8.75,-13.58,-3.55,-6.39,1.06,阴阴阳,1.06,-6.39
603079.SSE,2026-08-18,2026-08-14,-0.97,0.08,-0.16,4.86,-0.25,1.07,-0.97,阴阳阴,1.07,-0.97
603080.SSE,2025-08-12,2025-08-08,-0.5,3.29,1.21,7.28,-2.02,3.8,-0.5,阴阳阴,3.8,-2.02
603082.SSE,2024-02-21,2024-02-19,7.04,-3.66,-4.98,-33.88,-1.37,-10.0,7.04,阴阴阳,7.04,-10.0
603082.SSE,2024-02-27,2024-02-23,-1.67,5.77,16.33,30.15,9.99,7.56,-1.67,阳阳阴,9.99,-1.67
603082.SSE,2025-01-21,2025-01-17,-0.99,-2.41,3.62,4.02,6.17,-1.43,-0.99,阳阴阴,6.17,-1.43
603082.SSE,2026-05-18,2026-05-14,-0.09,-2.24,-2.1,0.52,0.14,-2.15,-0.09,阳阴阴,0.14,-2.15
603082.SSE,2026-05-19,2026-05-14,-0.09,-2.24,-2.1,0.52,0.14,-2.15,-0.09,阳阴阴,0.14,-2.15
603082.SSE,2026-06-23,2026-06-18,5.04,9.71,13.68,9.6,3.63,4.44,5.04,阳阳阳,5.04,3.63
603083.SSE,2023-04-20,2023-04-18,0.93,-4.19,-10.7,-6.6,-6.79,-5.08,0.93,阴阴阳,0.93,-6.79
603083.SSE,2025-09-15,2025-09-11,4.97,4.79,3.8,5.19,-0.94,-0.17,4.97,阴阴阳,4.97,-0.94
603085.SSE,2025-02-26,2025-02-24,-0.59,-2.94,-3.57,1.1,-0.65,-2.37,-0.59,阴阴阴,-0.59,-2.37
603086.SSE,2025-01-14,2025-01-10,0.72,0.48,2.94,2.71,2.45,-0.24,0.72,阳阴阳,2.45,-0.24
603086.SSE,2025-02-17,2025-02-13,0.0,-0.22,2.29,3.0,2.52,-0.22,0.0,阳阴阳,2.52,-0.22
603086.SSE,2025-02-18,2025-02-13,0.0,-0.22,2.29,3.0,2.52,-0.22,0.0,阳阴阳,2.52,-0.22
603086.SSE,2025-04-24,2025-04-21,-0.18,1.3,-1.62,0.37,-2.88,1.48,-0.18,阴阳阴,1.48,-2.88
603088.SSE,2024-12-06,2024-12-04,0.79,5.83,8.4,4.99,2.44,4.99,0.79,阳阳阳,4.99,0.79
603088.SSE,2024-12-11,2024-12-09,-5.66,3.78,14.16,21.97,10.0,10.01,-5.66,阳阳阴,10.01,-5.66
603089.SSE,2023-11-06,2023-11-02,3.12,5.75,2.3,2.37,-3.27,2.56,3.12,阴阳阳,3.12,-3.27
603090.SSE,2025-09-25,2025-09-23,-2.98,1.2,-4.77,-3.84,-5.9,4.31,-2.98,阴阳阴,4.31,-5.9
603091.SSE,2024-10-09,2024-09-30,3.93,1.77,4.82,-0.74,3.0,-2.08,3.93,阳阴阳,3.93,-2.08
603093.SSE,2025-06-05,2025-06-03,5.17,6.81,6.46,0.65,-0.33,1.56,5.17,阴阳阳,5.17,-0.33
603093.SSE,2025-06-06,2025-06-03,5.17,6.81,6.46,0.65,-0.33,1.56,5.17,阴阳阳,5.17,-0.33
603093.SSE,2025-06-27,2025-06-25,3.88,0.45,-9.57,-19.03,-9.97,-3.3,3.88,阴阴阳,3.88,-9.97
603093.SSE,2025-07-11,2025-07-09,-0.62,2.86,6.05,5.11,3.1,3.5,-0.62,阳阳阴,3.5,-0.62
603095.SSE,2024-03-18,2024-03-14,-0.65,-1.97,-1.03,-1.9,0.96,-1.34,-0.65,阳阴阴,0.96,-1.34
603095.SSE,2024-10-28,2024-10-24,-4.06,5.54,16.13,24.23,10.03,10.01,-4.06,阳阳阴,10.03,-4.06
603095.SSE,2026-04-29,2026-04-27,-1.14,-5.2,-3.99,-1.52,1.27,-4.11,-1.14,阳阴阴,1.27,-4.11
603096.SSE,2023-04-13,2023-04-11,-2.63,-0.61,-5.26,-5.66,-4.67,2.07,-2.63,阴阳阴,2.07,-4.67
603096.SSE,2024-12-02,2024-11-28,1.32,0.87,4.76,1.79,3.85,-0.44,1.32,阳阴阳,3.85,-0.44
603097.SSE,2024-01-16,2024-01-12,0.5,-3.9,-3.63,-13.71,0.28,-4.38,0.5,阳阴阳,0.5,-4.38
603099.SSE,2024-01-04,2024-01-02,3.88,4.61,5.12,0.21,0.49,0.7,3.88,阳阳阳,3.88,0.49
603099.SSE,2024-01-05,2024-01-02,3.88,4.61,5.12,0.21,0.49,0.7,3.88,阳阳阳,3.88,0.49
603101.SSE,2024-11-13,2024-11-11,-0.85,-0.17,-0.51,1.73,-0.34,0.68,-0.85,阴阳阴,0.68,-0.85
603101.SSE,2025-08-22,2025-08-20,3.61,7.77,7.37,2.72,-0.37,4.01,3.61,阴阳阳,4.01,-0.37
603101.SSE,2025-08-25,2025-08-20,3.61,7.77,7.37,2.72,-0.37,4.01,3.61,阴阳阳,4.01,-0.37
603103.SSE,2025-02-14,2025-02-12,-0.15,2.65,2.89,2.11,0.23,2.81,-0.15,阳阳阴,2.81,-0.15
603103.SSE,2026-02-03,2026-01-29,4.57,5.51,8.95,4.57,3.26,0.9,4.57,阳阳阳,4.57,0.9
603106.SSE,2023-08-08,2023-08-04,1.56,2.45,1.91,0.35,-0.52,0.87,1.56,阴阳阳,1.56,-0.52
603106.SSE,2023-08-09,2023-08-04,1.56,2.45,1.91,0.35,-0.52,0.87,1.56,阴阳阳,1.56,-0.52
603106.SSE,2023-08-28,2023-08-24,2.26,3.91,6.94,-4.32,2.92,1.62,2.26,阳阳阳,2.92,1.62
603106.SSE,2024-10-28,2024-10-24,-0.61,9.32,11.17,14.17,1.69,9.99,-0.61,阳阳阴,9.99,-0.61
603106.SSE,2024-10-29,2024-10-24,-0.61,9.32,11.17,14.17,1.69,9.99,-0.61,阳阳阴,9.99,-0.61
603106.SSE,2025-01-15,2025-01-13,-5.51,-10.11,-3.53,12.37,7.32,-4.87,-5.51,阳阴阴,7.32,-5.51
603106.SSE,2026-08-04,2026-07-31,0.89,2.11,4.46,8.2,2.31,1.2,0.89,阳阳阳,2.31,0.89
603106.SSE,2026-08-05,2026-07-31,0.89,2.11,4.46,8.2,2.31,1.2,0.89,阳阳阳,2.31,0.89
603108.SSE,2023-06-20,2023-06-16,-1.27,-3.39,-3.92,-3.68,-0.55,-2.14,-1.27,阴阴阴,-0.55,-2.14
603108.SSE,2023-10-31,2023-10-27,6.26,4.09,6.26,-2.97,2.09,-2.04,6.26,阳阴阳,6.26,-2.04
603109.SSE,2024-03-01,2024-02-28,0.0,3.35,13.57,15.15,9.89,3.35,0.0,阳阳阳,9.89,0.0
603110.SSE,2025-02-07,2025-02-05,3.11,3.7,3.11,2.09,-0.57,0.57,3.11,阴阳阳,3.11,-0.57
603111.SSE,2024-02-28,2024-02-26,3.38,4.36,14.82,15.9,10.02,0.95,3.38,阳阳阳,10.02,0.95
603115.SSE,2025-07-18,2025-07-16,-0.81,1.51,0.82,1.85,-0.68,2.34,-0.81,阴阳阴,2.34,-0.81
603115.SSE,2026-04-23,2026-04-21,-6.47,-5.75,-0.54,7.3,5.53,0.77,-6.47,阳阳阴,5.53,-6.47
603115.SSE,2026-06-17,2026-06-15,-2.03,-5.82,-10.77,-3.68,-5.26,-3.87,-2.03,阴阴阴,-2.03,-5.26
603117.SSE,2024-11-05,2024-11-01,-9.99,-18.99,-12.92,0.88,7.49,-10.0,-9.99,阳阴阴,7.49,-10.0
603118.SSE,2024-08-26,2024-08-22,0.34,-2.51,-2.84,0.52,-0.33,-2.85,0.34,阴阴阳,0.34,-2.85
603118.SSE,2026-08-17,2026-08-13,-1.23,-1.16,-1.29,-0.61,-0.14,0.07,-1.23,阴阳阴,0.07,-1.23
603121.SSE,2024-12-05,2024-12-03,1.93,3.81,0.67,-2.0,-3.02,1.85,1.93,阴阳阳,1.93,-3.02
603122.SSE,2025-10-30,2025-10-28,1.67,0.6,0.91,0.31,0.3,-1.05,1.67,阳阴阳,1.67,-1.05
603122.SSE,2025-10-31,2025-10-28,1.67,0.6,0.91,0.31,0.3,-1.05,1.67,阳阴阳,1.67,-1.05
603122.SSE,2025-11-13,2025-11-11,5.26,15.76,27.3,33.08,9.97,9.97,5.26,阳阳阳,9.97,5.26
603122.SSE,2025-11-14,2025-11-11,5.26,15.76,27.3,33.08,9.97,9.97,5.26,阳阳阳,9.97,5.26
603123.SSE,2023-09-26,2023-09-22,-0.2,-0.87,-3.58,-3.31,-2.74,-0.68,-0.2,阴阴阴,-0.2,-2.74
603123.SSE,2023-09-27,2023-09-22,-0.2,-0.87,-3.58,-3.31,-2.74,-0.68,-0.2,阴阴阴,-0.2,-2.74
603123.SSE,2024-09-09,2024-09-05,-0.52,-0.86,-3.67,0.87,-2.83,-0.34,-0.52,阴阴阴,-0.34,-2.83
603123.SSE,2024-09-10,2024-09-05,-0.52,-0.86,-3.67,0.87,-2.83,-0.34,-0.52,阴阴阴,-0.34,-2.83
603123.SSE,2025-06-04,2025-05-29,-1.27,1.42,8.52,6.56,7.0,2.73,-1.27,阳阳阴,7.0,-1.27
603125.SSE,2025-07-02,2025-06-30,-0.25,-0.93,-2.14,1.65,-1.22,-0.68,-0.25,阴阴阴,-0.25,-1.22
603127.SSE,2024-10-08,2024-09-27,4.12,5.97,9.3,4.98,3.15,1.78,4.12,阳阳阳,4.12,1.78
603128.SSE,2025-04-17,2025-04-15,-2.29,-2.29,1.18,13.33,3.55,0.0,-2.29,阳阳阴,3.55,-2.29
603130.SSE,2025-08-08,2025-08-06,-0.48,5.53,7.42,7.84,1.79,6.04,-0.48,阳阳阴,6.04,-0.48
603131.SSE,2023-07-12,2023-07-10,-0.56,0.41,-1.98,0.16,-2.38,0.97,-0.56,阴阳阴,0.97,-2.38
603131.SSE,2023-10-19,2023-10-17,-1.92,0.26,-2.42,9.47,-2.68,2.23,-1.92,阴阳阴,2.23,-2.68
603131.SSE,2024-03-07,2024-03-05,-1.59,2.44,7.33,-1.85,4.78,4.09,-1.59,阳阳阴,4.78,-1.59
603131.SSE,2024-03-08,2024-03-05,-1.59,2.44,7.33,-1.85,4.78,4.09,-1.59,阳阳阴,4.78,-1.59
603132.SSE,2026-01-28,2026-01-26,3.54,3.16,4.58,0.31,1.38,-0.37,3.54,阳阴阳,3.54,-0.37
603135.SSE,2026-06-05,2026-06-03,2.63,2.83,0.48,-2.65,-2.29,0.2,2.63,阴阳阳,2.63,-2.29
603135.SSE,2026-06-08,2026-06-03,2.63,2.83,0.48,-2.65,-2.29,0.2,2.63,阴阳阳,2.63,-2.29
603137.SSE,2026-07-15,2026-07-13,6.15,16.76,28.42,33.05,9.99,10.0,6.15,阳阳阳,10.0,6.15
603139.SSE,2025-03-24,2025-03-17,-0.13,0.39,0.32,-1.08,-0.06,0.52,-0.13,阴阳阴,0.52,-0.13
603139.SSE,2025-06-13,2025-06-10,3.05,4.19,1.93,-0.35,-2.17,1.11,3.05,阴阳阳,3.05,-2.17
603151.SSE,2025-06-19,2025-06-04,3.73,4.08,3.8,-0.79,-0.27,0.33,3.73,阴阳阳,3.73,-0.27
603153.SSE,2023-12-14,2023-12-12,2.19,-0.31,9.65,10.6,9.99,-2.45,2.19,阳阴阳,9.99,-2.45
603153.SSE,2023-12-15,2023-12-12,2.19,-0.31,9.65,10.6,9.99,-2.45,2.19,阳阴阳,9.99,-2.45
603155.SSE,2024-07-08,2024-07-04,-1.8,-2.26,-5.47,-5.64,-3.28,-0.47,-1.8,阴阴阴,-0.47,-3.28
603155.SSE,2024-07-09,2024-07-04,-1.8,-2.26,-5.47,-5.64,-3.28,-0.47,-1.8,阴阴阴,-0.47,-3.28
603155.SSE,2025-06-24,2025-06-20,-2.68,-3.96,-4.04,-1.32,-0.07,-1.32,-2.68,阴阴阴,-0.07,-2.68
603156.SSE,2025-09-26,2025-09-24,0.14,-0.47,0.33,-1.08,0.81,-0.61,0.14,阳阴阳,0.81,-0.61
603156.SSE,2025-09-29,2025-09-24,0.14,-0.47,0.33,-1.08,0.81,-0.61,0.14,阳阴阳,0.81,-0.61
603158.SSE,2025-08-15,2025-08-13,0.0,1.44,1.08,0.6,-0.36,1.44,0.0,阴阳阳,1.44,-0.36
603158.SSE,2025-08-18,2025-08-13,0.0,1.44,1.08,0.6,-0.36,1.44,0.0,阴阳阳,1.44,-0.36
603160.SSE,2024-10-09,2024-09-30,5.65,10.07,10.61,7.75,0.49,4.19,5.65,阳阳阳,5.65,0.49
603162.SSE,2023-08-22,2023-08-18,6.17,3.76,2.91,-1.78,-0.82,-2.27,6.17,阴阴阳,6.17,-2.27
603163.SSE,2025-12-24,2025-12-22,-2.27,-3.22,-6.38,0.59,-3.27,-0.97,-2.27,阴阴阴,-0.97,-3.27
603163.SSE,2025-12-25,2025-12-22,-2.27,-3.22,-6.38,0.59,-3.27,-0.97,-2.27,阴阴阴,-0.97,-3.27
603166.SSE,2024-05-31,2024-05-29,0.57,0.19,0.57,-3.29,0.38,-0.38,0.57,阳阴阳,0.57,-0.38
603166.SSE,2025-01-14,2025-01-10,1.56,0.99,3.62,3.52,2.6,-0.56,1.56,阳阴阳,2.6,-0.56
603166.SSE,2025-01-15,2025-01-10,1.56,0.99,3.62,3.52,2.6,-0.56,1.56,阳阴阳,2.6,-0.56
603168.SSE,2023-12-28,2023-12-26,-6.78,-14.17,-16.62,-16.96,-2.86,-7.93,-6.78,阴阴阴,-2.86,-7.93
603169.SSE,2025-04-02,2025-03-31,4.02,-0.74,4.34,10.41,5.12,-4.57,4.02,阳阴阳,5.12,-4.57
603171.SSE,2024-06-27,2024-06-25,-4.53,-7.49,-9.8,3.93,-2.49,-3.11,-4.53,阴阴阴,-2.49,-4.53
603171.SSE,2024-07-03,2024-07-01,-6.5,2.85,13.14,33.09,10.0,10.0,-6.5,阳阳阴,10.0,-6.5
603171.SSE,2026-01-13,2026-01-09,1.02,4.45,6.53,16.0,2.0,3.4,1.02,阳阳阳,3.4,1.02
603172.SSE,2024-04-08,2024-04-01,-1.2,3.41,-1.41,0.5,-4.66,4.67,-1.2,阴阳阴,4.67,-4.66
603172.SSE,2024-06-12,2024-06-07,0.64,-0.07,-0.7,-0.57,-0.63,-0.71,0.64,阴阴阳,0.64,-0.71
603172.SSE,2026-02-03,2026-01-29,1.24,0.43,1.24,0.38,0.81,-0.8,1.24,阳阴阳,1.24,-0.8
603176.SSE,2025-07-16,2025-07-11,0.4,1.2,3.46,4.55,2.24,0.8,0.4,阳阳阳,2.24,0.4
603177.SSE,2025-01-17,2025-01-14,4.06,1.27,1.13,-2.82,-0.14,-2.68,4.06,阴阴阳,4.06,-2.68
603178.SSE,2023-07-04,2023-06-30,3.51,7.69,7.69,8.31,0.0,4.04,3.51,阳阳阳,4.04,0.0
603178.SSE,2023-10-11,2023-09-28,-8.28,-12.53,-13.08,-0.33,-0.63,-4.63,-8.28,阴阴阴,-0.63,-8.28
603178.SSE,2023-11-21,2023-11-17,5.29,6.72,8.06,-5.76,1.25,1.36,5.29,阳阳阳,5.29,1.25
603178.SSE,2023-11-22,2023-11-17,5.29,6.72,8.06,-5.76,1.25,1.36,5.29,阳阳阳,5.29,1.25
603178.SSE,2025-04-24,2025-04-22,1.24,0.87,0.12,-3.59,-0.74,-0.37,1.24,阴阴阳,1.24,-0.74
603178.SSE,2026-04-21,2026-04-17,2.13,0.76,1.08,-0.06,0.32,-1.34,2.13,阳阴阳,2.13,-1.34
603178.SSE,2026-04-22,2026-04-17,2.13,0.76,1.08,-0.06,0.32,-1.34,2.13,阳阴阳,2.13,-1.34
603182.SSE,2024-05-14,2024-05-10,0.74,-1.61,-0.49,1.26,1.14,-2.34,0.74,阳阴阳,1.14,-2.34
603185.SSE,2024-11-01,2024-10-30,9.14,14.87,26.36,11.49,10.01,5.25,9.14,阳阳阳,10.01,5.25
603186.SSE,2026-06-10,2026-06-08,0.07,4.35,1.72,2.7,-2.52,4.27,0.07,阴阳阳,4.27,-2.52
603186.SSE,2026-06-17,2026-06-15,-0.05,4.27,13.81,25.25,9.15,4.32,-0.05,阳阳阴,9.15,-0.05
603186.SSE,2026-08-06,2026-08-04,-8.7,-3.15,-12.29,-11.25,-9.44,6.07,-8.7,阴阳阴,6.07,-9.44
603192.SSE,2025-05-23,2025-05-21,1.09,1.84,4.67,3.92,2.78,0.75,1.09,阳阳阳,2.78,0.75
603193.SSE,2024-10-08,2024-09-27,1.68,2.43,7.91,10.43,5.35,0.74,1.68,阳阳阳,5.35,0.74
603198.SSE,2024-09-30,2024-09-26,-0.67,3.32,5.75,9.06,2.36,4.02,-0.67,阳阳阴,4.02,-0.67
603200.SSE,2025-03-03,2025-02-27,5.06,4.42,6.14,4.65,1.65,-0.61,5.06,阳阴阳,5.06,-0.61
603200.SSE,2025-09-09,2025-09-05,-2.01,-4.65,2.13,11.83,7.11,-2.7,-2.01,阳阴阴,7.11,-2.7
603203.SSE,2026-05-14,2026-05-12,4.67,4.24,6.67,3.63,2.33,-0.41,4.67,阳阴阳,4.67,-0.41
603206.SSE,2024-10-23,2024-10-21,1.26,3.02,7.08,3.94,3.94,1.74,1.26,阳阳阳,3.94,1.26
603206.SSE,2025-03-13,2025-03-11,-0.7,-1.18,2.16,6.23,3.38,-0.48,-0.7,阳阴阴,3.38,-0.7
603206.SSE,2026-05-20,2026-05-18,-0.63,-2.03,-0.57,-0.4,1.49,-1.41,-0.63,阳阴阴,1.49,-1.41
603211.SSE,2023-05-24,2023-05-22,-0.52,0.9,2.61,2.75,1.69,1.43,-0.52,阳阳阴,1.69,-0.52
603211.SSE,2023-10-23,2023-10-19,0.88,-5.32,4.16,1.86,10.01,-6.14,0.88,阳阴阳,10.01,-6.14
603211.SSE,2023-12-01,2023-11-28,0.56,-2.23,-0.43,-3.29,1.84,-2.77,0.56,阳阴阳,1.84,-2.77
603211.SSE,2025-01-23,2025-01-21,3.9,0.56,5.86,2.29,5.27,-3.22,3.9,阳阴阳,5.27,-3.22
603211.SSE,2025-01-24,2025-01-21,3.9,0.56,5.86,2.29,5.27,-3.22,3.9,阳阴阳,5.27,-3.22
603215.SSE,2025-01-06,2025-01-02,0.29,-1.96,7.86,8.71,10.01,-2.25,0.29,阳阴阳,10.01,-2.25
603216.SSE,2024-12-16,2024-12-12,2.57,2.2,2.95,1.21,0.74,-0.37,2.57,阳阴阳,2.57,-0.37
603216.SSE,2025-11-21,2025-11-19,0.77,-0.19,-0.76,-0.45,-0.57,-0.95,0.77,阴阴阳,0.77,-0.95
603216.SSE,2025-11-24,2025-11-19,0.77,-0.19,-0.76,-0.45,-0.57,-0.95,0.77,阴阴阳,0.77,-0.95
603217.SSE,2024-01-19,2024-01-17,-0.12,-1.03,-0.29,1.23,0.75,-0.92,-0.12,阳阴阴,0.75,-0.92
603219.SSE,2023-10-26,2023-10-24,-2.24,-2.66,-2.07,-1.94,0.6,-0.43,-2.24,阳阴阴,0.6,-2.24
603219.SSE,2023-10-27,2023-10-24,-2.24,-2.66,-2.07,-1.94,0.6,-0.43,-2.24,阳阴阴,0.6,-2.24
603219.SSE,2024-03-18,2024-03-14,0.16,0.99,1.91,1.15,0.91,0.82,0.16,阳阳阳,0.91,0.16
603220.SSE,2023-08-31,2023-08-29,-5.71,-15.14,-6.81,5.55,9.81,-10.0,-5.71,阳阴阴,9.81,-10.0
603221.SSE,2024-03-26,2024-03-22,2.18,4.34,6.09,4.95,1.67,2.11,2.18,阳阳阳,2.18,1.67
603221.SSE,2024-03-27,2024-03-22,2.18,4.34,6.09,4.95,1.67,2.11,2.18,阳阳阳,2.18,1.67
603221.SSE,2025-04-08,2025-04-03,1.17,3.14,0.74,-2.99,-2.33,1.95,1.17,阴阳阳,1.95,-2.33
603221.SSE,2025-04-09,2025-04-03,1.17,3.14,0.74,-2.99,-2.33,1.95,1.17,阴阳阳,1.95,-2.33
603222.SSE,2025-08-18,2025-08-14,4.99,3.95,7.76,3.24,3.66,-0.99,4.99,阳阴阳,4.99,-0.99
603222.SSE,2025-08-19,2025-08-14,4.99,3.95,7.76,3.24,3.66,-0.99,4.99,阳阴阳,4.99,-0.99
603226.SSE,2025-06-05,2025-05-30,-0.4,-1.58,-3.24,-6.02,-1.68,-1.19,-0.4,阴阴阴,-0.4,-1.68
603226.SSE,2025-06-06,2025-05-30,-0.4,-1.58,-3.24,-6.02,-1.68,-1.19,-0.4,阴阴阴,-0.4,-1.68
603228.SSE,2025-09-12,2025-09-10,-2.78,-5.27,-0.4,-3.27,5.13,-2.56,-2.78,阳阴阴,5.13,-2.78
603230.SSE,2023-12-19,2023-12-14,4.27,3.58,3.99,5.12,0.4,-0.66,4.27,阳阴阳,4.27,-0.66
603232.SSE,2024-04-30,2024-04-26,1.87,5.19,10.23,12.02,4.79,3.25,1.87,阳阳阳,4.79,1.87
603232.SSE,2025-10-27,2025-10-23,-3.2,-2.79,-3.08,3.37,-0.3,0.42,-3.2,阴阳阴,0.42,-3.2
603238.SSE,2024-12-17,2024-12-13,1.09,0.85,0.85,9.79,0.0,-0.23,1.09,阳阴阳,1.09,-0.23
603238.SSE,2024-12-18,2024-12-13,1.09,0.85,0.85,9.79,0.0,-0.23,1.09,阳阴阳,1.09,-0.23
603248.SSE,2026-03-17,2026-03-13,5.6,8.83,9.11,4.25,0.26,3.06,5.6,阳阳阳,5.6,0.26
603256.SSE,2024-07-04,2024-07-02,-4.11,5.45,2.11,9.8,-3.17,9.97,-4.11,阴阳阴,9.97,-4.11
603256.SSE,2025-07-09,2025-07-07,4.48,14.92,12.94,18.89,-1.72,9.99,4.48,阴阳阳,9.99,-1.72
603256.SSE,2025-08-15,2025-08-13,-1.59,-0.04,-4.67,-6.03,-4.63,1.58,-1.59,阴阳阴,1.58,-4.63
603256.SSE,2025-08-18,2025-08-13,-1.59,-0.04,-4.67,-6.03,-4.63,1.58,-1.59,阴阳阴,1.58,-4.63
603258.SSE,2024-02-20,2024-02-08,-7.12,-9.99,-18.98,-17.46,-9.98,-3.09,-7.12,阴阴阴,-3.09,-9.98
603259.SSE,2024-10-08,2024-09-27,1.31,1.81,3.64,5.25,1.8,0.49,1.31,阳阳阳,1.8,0.49
603261.SSE,2024-03-08,2024-03-05,-0.93,-0.76,2.93,-6.5,3.72,0.17,-0.93,阳阳阴,3.72,-0.93
603266.SSE,2023-10-30,2023-10-25,5.66,8.04,5.0,-10.32,-2.81,2.25,5.66,阴阳阳,5.66,-2.81
603268.SSE,2024-01-11,2024-01-09,-1.6,-3.09,-1.09,-0.45,2.06,-1.52,-1.6,阳阴阴,2.06,-1.6
603268.SSE,2024-06-19,2024-06-17,-1.44,-4.29,-3.09,1.73,1.25,-2.89,-1.44,阳阴阴,1.25,-2.89
603269.SSE,2026-08-31,2026-08-27,-0.54,0.55,2.92,5.37,2.36,1.1,-0.54,阳阳阴,2.36,-0.54
603269.SSE,2026-09-01,2026-08-27,-0.54,0.55,2.92,5.37,2.36,1.1,-0.54,阳阳阴,2.36,-0.54
603270.SSE,2023-09-20,2023-09-18,-1.53,-4.35,-8.64,-6.89,-4.49,-2.86,-1.53,阴阴阴,-1.53,-4.49
603270.SSE,2023-09-21,2023-09-18,-1.53,-4.35,-8.64,-6.89,-4.49,-2.86,-1.53,阴阴阴,-1.53,-4.49
603270.SSE,2024-12-06,2024-12-04,-1.21,1.19,2.09,2.12,0.9,2.42,-1.21,阳阳阴,2.42,-1.21
603270.SSE,2026-09-04,2026-09-02,-4.53,5.02,2.96,9.52,-1.96,10.0,-4.53,阴阳阴,10.0,-4.53
603273.SSE,2024-03-01,2024-02-28,2.2,5.4,10.97,11.57,5.29,3.13,2.2,阳阳阳,5.29,2.2
603273.SSE,2024-03-04,2024-02-28,2.2,5.4,10.97,11.57,5.29,3.13,2.2,阳阳阳,5.29,2.2
603278.SSE,2024-08-05,2024-07-31,3.24,2.27,5.25,1.35,2.92,-0.95,3.24,阳阴阳,3.24,-0.95
603278.SSE,2025-12-26,2025-12-24,-2.53,0.0,2.01,5.67,2.01,2.6,-2.53,阳阳阴,2.6,-2.53
603278.SSE,2025-12-29,2025-12-24,-2.53,0.0,2.01,5.67,2.01,2.6,-2.53,阳阳阴,2.6,-2.53
603278.SSE,2026-05-08,2026-05-06,-3.78,-2.1,-5.96,-6.51,-3.95,1.75,-3.78,阴阳阴,1.75,-3.95
603278.SSE,2026-05-11,2026-05-06,-3.78,-2.1,-5.96,-6.51,-3.95,1.75,-3.78,阴阳阴,1.75,-3.95
603280.SSE,2025-07-23,2025-07-21,1.36,1.12,1.56,-2.09,0.43,-0.23,1.36,阳阴阳,1.36,-0.23
603280.SSE,2025-07-24,2025-07-21,1.36,1.12,1.56,-2.09,0.43,-0.23,1.36,阳阴阳,1.36,-0.23
603280.SSE,2025-07-30,2025-07-28,-1.99,7.83,18.61,33.11,10.0,10.01,-1.99,阳阳阴,10.01,-1.99
603280.SSE,2025-07-31,2025-07-28,-1.99,7.83,18.61,33.11,10.0,10.01,-1.99,阳阳阴,10.01,-1.99
603285.SSE,2025-03-27,2025-03-25,3.57,1.01,1.6,-2.43,0.59,-2.47,3.57,阳阴阳,3.57,-2.47
603286.SSE,2023-11-27,2023-11-23,1.91,-1.8,1.87,4.64,3.74,-3.65,1.91,阳阴阳,3.74,-3.65
603286.SSE,2023-11-28,2023-11-23,1.91,-1.8,1.87,4.64,3.74,-3.65,1.91,阳阴阳,3.74,-3.65
603290.SSE,2024-10-09,2024-09-30,9.14,15.08,16.95,13.08,1.62,5.44,9.14,阳阳阳,9.14,1.62
603291.SSE,2023-04-07,2023-04-04,10.04,21.02,33.1,33.08,9.99,9.97,10.04,阳阳阳,10.04,9.97
603291.SSE,2023-05-30,2023-05-26,-5.4,1.52,1.74,8.9,0.22,7.32,-5.4,阳阳阴,7.32,-5.4
603291.SSE,2023-05-31,2023-05-26,-5.4,1.52,1.74,8.9,0.22,7.32,-5.4,阳阳阴,7.32,-5.4
603291.SSE,2023-08-22,2023-08-18,1.71,-1.76,-2.96,-5.31,-1.22,-3.41,1.71,阴阴阳,1.71,-3.41
603297.SSE,2024-11-04,2024-10-31,-2.22,7.55,4.35,8.04,-2.98,10.0,-2.22,阴阳阴,10.0,-2.98
603297.SSE,2025-09-19,2025-09-17,0.69,-0.05,-0.61,0.09,-0.56,-0.73,0.69,阴阴阳,0.69,-0.73
603300.SSE,2025-02-11,2025-02-06,4.41,4.82,5.63,0.77,0.78,0.39,4.41,阳阳阳,4.41,0.39
603300.SSE,2025-03-07,2025-03-05,0.1,-3.5,-12.6,-7.67,-9.43,-3.6,0.1,阴阴阳,0.1,-9.43
603311.SSE,2026-05-19,2026-05-08,5.0,6.33,4.63,3.09,-1.59,1.27,5.0,阴阳阳,5.0,-1.59
603315.SSE,2025-03-20,2025-03-17,-0.53,-3.29,-2.58,1.29,0.74,-2.78,-0.53,阳阴阴,0.74,-2.78
603316.SSE,2026-05-20,2026-05-18,0.7,-1.43,0.05,-3.8,1.51,-2.12,0.7,阳阴阳,1.51,-2.12
603316.SSE,2026-05-21,2026-05-18,0.7,-1.43,0.05,-3.8,1.51,-2.12,0.7,阳阴阳,1.51,-2.12
603317.SSE,2024-09-30,2024-09-26,-0.76,3.97,3.27,2.67,-0.68,4.76,-0.76,阴阳阴,4.76,-0.76
603317.SSE,2024-10-08,2024-09-26,-0.76,3.97,3.27,2.67,-0.68,4.76,-0.76,阴阳阴,4.76,-0.76
603318.SSE,2026-03-04,2026-02-27,1.25,0.97,5.04,1.69,4.03,-0.28,1.25,阳阴阳,4.03,-0.28
603318.SSE,2026-04-27,2026-04-22,0.94,11.04,12.35,12.04,1.18,10.0,0.94,阳阳阳,10.0,0.94
603320.SSE,2025-01-07,2025-01-03,-1.91,-4.15,-5.91,-3.55,-1.83,-2.28,-1.91,阴阴阴,-1.83,-2.28
603322.SSE,2023-06-16,2023-06-14,4.37,4.4,8.78,-0.15,4.19,0.03,4.37,阳阳阳,4.37,0.03
603324.SSE,2024-08-13,2024-08-09,-2.53,-3.81,-0.28,-2.42,3.67,-1.31,-2.53,阳阴阴,3.67,-2.53
603326.SSE,2023-08-30,2023-08-28,-1.83,-3.46,-5.76,-5.19,-2.38,-1.67,-1.83,阴阴阴,-1.67,-2.38
603326.SSE,2023-08-31,2023-08-28,-1.83,-3.46,-5.76,-5.19,-2.38,-1.67,-1.83,阴阴阴,-1.67,-2.38
603327.SSE,2024-03-20,2024-03-18,2.44,-5.34,-10.34,-7.6,-5.28,-7.6,2.44,阴阴阳,2.44,-7.6
603327.SSE,2025-12-03,2025-12-01,-0.79,2.46,1.42,1.0,-1.02,3.28,-0.79,阴阳阴,3.28,-1.02
603330.SSE,2026-06-04,2026-06-01,-5.59,-6.41,-8.29,-5.82,-2.0,-0.87,-5.59,阴阴阴,-0.87,-5.59
603330.SSE,2026-08-14,2026-08-12,1.01,4.97,5.8,10.42,0.79,3.92,1.01,阳阳阳,3.92,0.79
603332.SSE,2023-12-26,2023-12-22,5.27,4.63,5.06,-1.5,0.4,-0.6,5.27,阳阴阳,5.27,-0.6
603332.SSE,2025-05-14,2025-05-09,1.87,2.83,6.06,3.66,3.14,0.94,1.87,阳阳阳,3.14,0.94
603332.SSE,2025-05-27,2025-05-23,-10.0,-10.16,-1.2,12.32,9.98,-0.18,-10.0,阳阴阴,9.98,-10.0
603333.SSE,2023-06-15,2023-06-13,1.6,0.23,-1.33,-7.01,-1.55,-1.35,1.6,阴阴阳,1.6,-1.55
603333.SSE,2024-01-03,2023-12-28,0.64,-1.26,-1.67,-3.89,-0.42,-1.88,0.64,阴阴阳,0.64,-1.88
603333.SSE,2024-01-11,2024-01-09,-1.61,-11.41,-20.26,-10.83,-9.99,-9.97,-1.61,阴阴阴,-1.61,-9.99
603335.SSE,2023-06-12,2023-06-08,-1.67,-6.68,-3.45,-0.55,3.45,-5.1,-1.67,阳阴阴,3.45,-5.1
603335.SSE,2026-06-16,2026-06-12,-2.01,-4.69,4.87,8.26,10.03,-2.73,-2.01,阳阴阴,10.03,-2.73
603336.SSE,2025-04-09,2025-04-07,3.97,5.65,16.19,6.55,9.98,1.61,3.97,阳阳阳,9.98,1.61
603339.SSE,2024-11-01,2024-10-30,-1.88,-0.9,-0.54,0.81,0.36,0.99,-1.88,阳阳阴,0.99,-1.88
603339.SSE,2025-08-20,2025-08-18,1.07,-3.28,-1.34,-0.98,2.01,-4.31,1.07,阳阴阳,2.01,-4.31
603345.SSE,2024-09-30,2024-09-26,-2.37,5.57,4.42,5.68,-1.09,8.13,-2.37,阴阳阴,8.13,-2.37
603345.SSE,2024-10-08,2024-09-26,-2.37,5.57,4.42,5.68,-1.09,8.13,-2.37,阴阳阴,8.13,-2.37
603350.SSE,2024-11-06,2024-11-04,-3.67,-3.7,-4.78,-4.61,-1.12,-0.03,-3.67,阴阴阴,-0.03,-3.67
603351.SSE,2025-04-22,2025-04-18,0.28,-1.4,0.41,1.68,1.84,-1.67,0.28,阳阴阳,1.84,-1.67
603353.SSE,2023-10-18,2023-10-16,0.2,0.05,-1.18,6.07,-1.23,-0.15,0.2,阴阴阳,0.2,-1.23
603353.SSE,2023-10-19,2023-10-16,0.2,0.05,-1.18,6.07,-1.23,-0.15,0.2,阴阴阳,0.2,-1.23
603353.SSE,2025-11-18,2025-11-14,4.21,3.83,4.64,4.71,0.78,-0.37,4.21,阳阴阳,4.21,-0.37
603353.SSE,2026-03-03,2026-02-27,0.45,-0.57,0.26,-0.57,0.84,-1.01,0.45,阳阴阳,0.84,-1.01
603357.SSE,2023-05-09,2023-05-05,6.22,4.51,10.13,4.14,5.38,-1.62,6.22,阳阴阳,6.22,-1.62
603360.SSE,2024-10-09,2024-09-30,2.82,5.88,9.05,9.85,2.99,2.98,2.82,阳阳阳,2.99,2.82
603363.SSE,2024-02-26,2024-02-22,2.22,12.59,11.03,19.32,-1.38,10.14,2.22,阴阳阳,10.14,-1.38
603363.SSE,2024-02-27,2024-02-22,2.22,12.59,11.03,19.32,-1.38,10.14,2.22,阴阳阳,10.14,-1.38
603363.SSE,2024-03-21,2024-03-19,5.72,16.37,16.37,6.59,0.0,10.08,5.72,阳阳阳,10.08,0.0
603366.SSE,2024-11-06,2024-11-04,0.91,2.77,2.53,-3.08,-0.23,1.85,0.91,阴阳阳,1.85,-0.23
603366.SSE,2024-11-07,2024-11-04,0.91,2.77,2.53,-3.08,-0.23,1.85,0.91,阴阳阳,1.85,-0.23
603366.SSE,2024-11-14,2024-11-12,-8.09,1.07,11.13,33.02,9.95,9.97,-8.09,阳阳阴,9.97,-8.09
603366.SSE,2024-11-15,2024-11-12,-8.09,1.07,11.13,33.02,9.95,9.97,-8.09,阳阳阴,9.97,-8.09
603366.SSE,2024-11-22,2024-11-20,1.6,11.8,23.01,33.21,10.02,10.04,1.6,阳阳阳,10.04,1.6
603366.SSE,2025-02-13,2025-02-11,4.99,7.47,10.91,7.46,3.2,2.37,4.99,阳阳阳,4.99,2.37
603366.SSE,2025-11-18,2025-11-14,0.6,1.21,2.13,3.52,0.91,0.6,0.6,阳阳阳,0.91,0.6
603367.SSE,2025-07-30,2025-07-28,5.05,3.88,8.07,13.14,4.03,-1.11,5.05,阳阴阳,5.05,-1.11
603373.SSE,2024-08-06,2024-08-02,-0.96,5.16,5.84,8.86,0.65,6.18,-0.96,阳阳阴,6.18,-0.96
603382.SSE,2025-08-28,2025-08-26,0.4,-0.52,-0.61,0.87,-0.09,-0.91,0.4,阴阴阳,0.4,-0.91
603383.SSE,2023-08-07,2023-08-03,-1.66,-11.49,-10.85,-0.29,0.72,-10.0,-1.66,阳阴阴,0.72,-10.0
603383.SSE,2024-10-09,2024-09-27,7.38,6.82,17.5,9.68,10.0,-0.51,7.38,阳阴阳,10.0,-0.51
603386.SSE,2024-06-27,2024-06-25,-2.87,-0.19,-1.96,-1.37,-1.77,2.75,-2.87,阴阳阴,2.75,-2.87
603386.SSE,2025-12-05,2025-12-03,-1.18,0.48,1.71,4.63,1.22,1.69,-1.18,阳阳阴,1.69,-1.18
603386.SSE,2025-12-08,2025-12-03,-1.18,0.48,1.71,4.63,1.22,1.69,-1.18,阳阳阴,1.69,-1.18
603387.SSE,2026-03-19,2026-03-17,2.75,2.75,2.02,-1.3,-0.71,0.0,2.75,阴阳阳,2.75,-0.71
603389.SSE,2023-12-22,2023-12-20,-3.81,1.08,1.86,7.05,0.78,5.08,-3.81,阳阳阴,5.08,-3.81
603389.SSE,2024-03-27,2024-03-22,-0.77,-0.97,-3.57,-6.68,-2.63,-0.19,-0.77,阴阴阴,-0.19,-2.63
603389.SSE,2024-05-16,2024-05-14,-3.83,-6.15,-5.53,-5.73,0.66,-2.42,-3.83,阳阴阴,0.66,-3.83
603389.SSE,2024-12-16,2024-12-12,4.24,3.07,-0.14,-0.28,-3.11,-1.12,4.24,阴阴阳,4.24,-3.11
603390.SSE,2024-05-31,2024-05-29,-1.38,-0.14,-1.51,-3.71,-1.37,1.25,-1.38,阴阳阴,1.25,-1.38
603390.SSE,2024-08-05,2024-08-01,1.77,3.34,5.5,6.75,2.1,1.54,1.77,阳阳阳,2.1,1.54
603390.SSE,2024-08-06,2024-08-01,1.77,3.34,5.5,6.75,2.1,1.54,1.77,阳阳阳,2.1,1.54
603390.SSE,2025-02-10,2025-02-06,2.1,-1.39,-0.32,-0.77,1.08,-3.42,2.1,阳阴阳,2.1,-3.42
603395.SSE,2026-08-19,2026-08-17,-1.27,-2.59,-2.55,-2.43,0.04,-1.34,-1.27,阳阴阴,0.04,-1.34
603396.SSE,2024-01-02,2023-12-28,-3.09,-2.25,-4.02,5.0,-1.81,0.87,-3.09,阴阳阴,0.87,-3.09
603399.SSE,2023-10-23,2023-10-19,-3.28,-4.26,-7.45,-3.46,-3.33,-1.01,-3.28,阴阴阴,-1.01,-3.33
603407.SSE,2026-06-23,2026-06-18,-1.62,8.22,19.06,25.41,10.01,10.01,-1.62,阳阳阴,10.01,-1.62
603407.SSE,2026-06-24,2026-06-18,-1.62,8.22,19.06,25.41,10.01,10.01,-1.62,阳阳阴,10.01,-1.62
603421.SSE,2024-09-12,2024-09-10,-0.48,-3.73,-1.9,-3.26,1.9,-3.26,-0.48,阳阴阴,1.9,-3.26
603421.SSE,2024-12-20,2024-12-18,-4.13,-3.13,-6.88,-0.59,-3.87,1.04,-4.13,阴阳阴,1.04,-4.13
603421.SSE,2024-12-23,2024-12-18,-4.13,-3.13,-6.88,-0.59,-3.87,1.04,-4.13,阴阳阴,1.04,-4.13
603458.SSE,2024-08-13,2024-08-09,-1.5,-2.6,-0.95,-4.32,1.7,-1.12,-1.5,阳阴阴,1.7,-1.5
603458.SSE,2024-08-14,2024-08-09,-1.5,-2.6,-0.95,-4.32,1.7,-1.12,-1.5,阳阴阴,1.7,-1.5
603459.SSE,2026-05-12,2026-05-07,8.5,8.52,6.33,-2.85,-2.02,0.02,8.5,阴阳阳,8.5,-2.02
603466.SSE,2024-12-10,2024-12-05,-4.43,-3.82,-2.05,3.04,1.84,0.64,-4.43,阳阳阴,1.84,-4.43
603466.SSE,2026-02-11,2026-02-09,0.0,0.0,-1.95,0.22,-1.95,0.0,0.0,阴阳阳,0.0,-1.95
603488.SSE,2024-04-24,2024-04-22,-2.23,-1.74,8.08,-0.49,10.0,0.5,-2.23,阳阳阴,10.0,-2.23
603488.SSE,2026-01-09,2026-01-07,1.15,1.41,2.46,0.26,1.04,0.26,1.15,阳阳阳,1.15,0.26
603496.SSE,2023-10-09,2023-09-27,4.06,14.49,25.92,22.45,9.99,10.01,4.06,阳阳阳,10.01,4.06
603496.SSE,2023-11-16,2023-11-14,4.49,-5.86,3.54,2.57,9.99,-9.9,4.49,阳阴阳,9.99,-9.9
603496.SSE,2025-02-28,2025-02-26,-3.15,-1.04,1.92,4.9,2.99,2.18,-3.15,阳阳阴,2.99,-3.15
603496.SSE,2025-03-03,2025-02-26,-3.15,-1.04,1.92,4.9,2.99,2.18,-3.15,阳阳阴,2.99,-3.15
603496.SSE,2026-01-13,2026-01-09,5.54,4.68,4.56,1.87,-0.11,-0.82,5.54,阴阴阳,5.54,-0.82
603499.SSE,2023-11-23,2023-11-21,1.02,1.65,1.23,0.62,-0.41,0.62,1.02,阴阳阳,1.02,-0.41
603499.SSE,2024-02-21,2024-02-19,1.06,-9.03,-18.09,-27.05,-9.95,-9.99,1.06,阴阴阳,1.06,-9.99
603499.SSE,2024-03-26,2024-03-21,0.38,3.63,4.63,11.03,0.97,3.23,0.38,阳阳阳,3.23,0.38
603500.SSE,2026-06-08,2026-06-04,-2.13,-5.95,-3.07,2.68,3.07,-3.91,-2.13,阳阴阴,3.07,-3.91
603506.SSE,2024-05-13,2024-05-09,-7.01,2.35,4.21,10.67,1.82,10.06,-7.01,阳阳阴,10.06,-7.01
603508.SSE,2024-03-11,2024-03-07,4.34,0.67,10.75,16.76,10.01,-3.52,4.34,阳阴阳,10.01,-3.52
603511.SSE,2025-01-16,2025-01-14,-0.26,-4.77,-5.56,-4.12,-0.83,-4.52,-0.26,阴阴阴,-0.26,-4.52
603511.SSE,2025-01-17,2025-01-14,-0.26,-4.77,-5.56,-4.12,-0.83,-4.52,-0.26,阴阴阴,-0.26,-4.52
603516.SSE,2024-02-21,2024-02-08,-6.11,-5.07,-14.54,-14.35,-9.98,1.11,-6.11,阴阳阴,1.11,-9.98
603516.SSE,2024-02-26,2024-02-22,6.45,17.09,28.81,33.11,10.01,9.99,6.45,阳阳阳,10.01,6.45
603516.SSE,2024-03-12,2024-03-08,-3.76,-1.85,-4.53,5.01,-2.73,1.98,-3.76,阴阳阴,1.98,-3.76
603516.SSE,2025-09-11,2025-09-09,4.44,4.49,6.39,2.1,1.82,0.05,4.44,阳阳阳,4.44,0.05
603516.SSE,2025-09-12,2025-09-09,4.44,4.49,6.39,2.1,1.82,0.05,4.44,阳阳阳,4.44,0.05
603518.SSE,2025-05-29,2025-05-27,1.48,-2.37,-0.36,-2.17,2.05,-3.79,1.48,阳阴阳,2.05,-3.79
603527.SSE,2024-11-22,2024-11-19,-2.88,-3.11,-4.54,-0.91,-1.47,-0.23,-2.88,阴阴阴,-0.23,-2.88
603528.SSE,2023-11-16,2023-11-13,0.46,-2.04,-2.92,-2.82,-0.9,-2.49,0.46,阴阴阳,0.46,-2.49
603530.SSE,2024-01-02,2023-12-27,-1.64,0.0,-1.02,2.79,-1.02,1.67,-1.64,阴阳阴,1.67,-1.64
603533.SSE,2023-05-05,2023-04-28,0.58,-3.9,-8.92,-6.79,-5.23,-4.45,0.58,阴阴阳,0.58,-5.23
603533.SSE,2023-05-08,2023-04-28,0.58,-3.9,-8.92,-6.79,-5.23,-4.45,0.58,阴阴阳,0.58,-5.23
603533.SSE,2024-03-13,2024-03-11,4.0,-0.64,-2.91,-1.05,-2.28,-4.46,4.0,阴阴阳,4.0,-4.46
603533.SSE,2024-03-22,2024-03-20,1.71,7.39,5.26,-3.61,-1.98,5.59,1.71,阴阳阳,5.59,-1.98
603533.SSE,2024-03-25,2024-03-20,1.71,7.39,5.26,-3.61,-1.98,5.59,1.71,阴阳阳,5.59,-1.98
603536.SSE,2023-08-03,2023-08-01,3.26,3.41,3.41,0.71,0.0,0.14,3.26,阳阳阳,3.26,0.0
603536.SSE,2023-08-04,2023-08-01,3.26,3.41,3.41,0.71,0.0,0.14,3.26,阳阳阳,3.26,0.0
603536.SSE,2023-11-28,2023-11-24,0.0,0.12,0.94,2.76,0.82,0.12,0.0,阳阳阳,0.82,0.0
603536.SSE,2023-11-29,2023-11-24,0.0,0.12,0.94,2.76,0.82,0.12,0.0,阳阳阳,0.82,0.0
603536.SSE,2024-12-11,2024-12-09,1.86,0.0,-1.26,-8.28,-1.26,-1.83,1.86,阴阴阳,1.86,-1.83
603536.SSE,2024-12-12,2024-12-09,1.86,0.0,-1.26,-8.28,-1.26,-1.83,1.86,阴阴阳,1.86,-1.83
603538.SSE,2026-03-26,2026-03-24,-3.88,5.73,1.52,5.61,-3.98,10.0,-3.88,阴阳阴,10.0,-3.98
603538.SSE,2026-03-27,2026-03-24,-3.88,5.73,1.52,5.61,-3.98,10.0,-3.88,阴阳阴,10.0,-3.98
603569.SSE,2023-08-18,2023-08-16,-2.6,7.17,4.5,14.03,-2.48,10.03,-2.6,阴阳阴,10.03,-2.6
603577.SSE,2024-01-02,2023-12-28,2.02,-0.92,-2.72,-5.18,-1.81,-2.88,2.02,阴阴阳,2.02,-2.88
603577.SSE,2024-01-03,2023-12-28,2.02,-0.92,-2.72,-5.18,-1.81,-2.88,2.02,阴阴阳,2.02,-2.88
603577.SSE,2025-05-28,2025-05-26,1.8,1.31,2.04,1.21,0.72,-0.48,1.8,阳阴阳,1.8,-0.48
603577.SSE,2025-05-29,2025-05-26,1.8,1.31,2.04,1.21,0.72,-0.48,1.8,阳阴阳,1.8,-0.48
603579.SSE,2025-03-28,2025-03-26,-4.82,-1.12,0.65,3.5,1.79,3.89,-4.82,阳阳阴,3.89,-4.82
603579.SSE,2025-03-31,2025-03-26,-4.82,-1.12,0.65,3.5,1.79,3.89,-4.82,阳阳阴,3.89,-4.82
603580.SSE,2024-03-07,2024-03-05,-2.17,-2.38,0.32,-7.74,2.76,-0.21,-2.17,阳阴阴,2.76,-2.17
603580.SSE,2024-03-08,2024-03-05,-2.17,-2.38,0.32,-7.74,2.76,-0.21,-2.17,阳阴阴,2.76,-2.17
603580.SSE,2024-05-07,2024-04-30,2.59,2.05,2.64,2.66,0.58,-0.52,2.59,阳阴阳,2.59,-0.52
603580.SSE,2026-07-06,2026-07-02,2.13,7.24,4.62,1.58,-2.44,5.0,2.13,阴阳阳,5.0,-2.44
603583.SSE,2024-12-03,2024-11-29,-1.11,-0.53,-3.2,-2.94,-2.69,0.58,-1.11,阴阳阴,0.58,-2.69
603583.SSE,2025-03-06,2025-03-04,-2.05,-11.84,-12.07,-11.67,-0.26,-10.0,-2.05,阴阴阴,-0.26,-10.0
603585.SSE,2025-12-19,2025-12-17,-1.87,-1.81,-2.72,-2.06,-0.92,0.06,-1.87,阴阳阴,0.06,-1.87
603586.SSE,2023-11-22,2023-11-20,1.2,4.97,6.29,3.66,1.26,3.73,1.2,阳阳阳,3.73,1.2
603586.SSE,2024-06-24,2024-06-20,-0.7,1.53,0.89,1.15,-0.62,2.24,-0.7,阴阳阴,2.24,-0.7
603586.SSE,2024-06-25,2024-06-20,-0.7,1.53,0.89,1.15,-0.62,2.24,-0.7,阴阳阴,2.24,-0.7
603586.SSE,2025-05-07,2025-04-30,2.81,13.11,13.61,10.01,0.44,10.01,2.81,阳阳阳,10.01,0.44
603596.SSE,2025-02-07,2025-02-05,0.29,3.3,1.99,-0.44,-1.27,3.01,0.29,阴阳阳,3.01,-1.27
603598.SSE,2023-11-20,2023-11-16,-2.74,-3.68,-3.17,-0.35,0.53,-0.96,-2.74,阳阴阴,0.53,-2.74
603598.SSE,2023-11-21,2023-11-16,-2.74,-3.68,-3.17,-0.35,0.53,-0.96,-2.74,阳阴阴,0.53,-2.74
603598.SSE,2023-12-11,2023-12-07,-8.61,-13.45,-4.79,14.61,10.01,-5.29,-8.61,阳阴阴,10.01,-8.61
603598.SSE,2023-12-15,2023-12-13,0.55,6.26,16.91,27.9,10.02,5.68,0.55,阳阳阳,10.02,0.55
603598.SSE,2024-12-13,2024-12-11,6.52,3.13,9.15,12.72,5.84,-3.19,6.52,阳阴阳,6.52,-3.19
603598.SSE,2025-01-16,2025-01-14,-2.02,-7.95,-5.82,-1.47,2.31,-6.05,-2.02,阳阴阴,2.31,-6.05
603598.SSE,2026-01-07,2026-01-05,3.47,6.99,4.88,1.23,-1.98,3.4,3.47,阴阳阳,3.47,-1.98
603598.SSE,2026-01-08,2026-01-05,3.47,6.99,4.88,1.23,-1.98,3.4,3.47,阴阳阳,3.47,-1.98
603598.SSE,2026-01-13,2026-01-09,4.2,14.64,26.11,33.14,10.01,10.02,4.2,阳阳阳,10.02,4.2
603601.SSE,2025-07-02,2025-06-30,0.27,0.0,0.82,3.37,0.82,-0.27,0.27,阳阴阳,0.82,-0.27
603601.SSE,2025-12-11,2025-12-08,2.95,1.95,-0.38,-2.87,-2.29,-0.97,2.95,阴阴阳,2.95,-2.29
603601.SSE,2025-12-26,2025-12-24,-7.98,-3.46,4.48,20.44,8.23,4.91,-7.98,阳阳阴,8.23,-7.98
603607.SSE,2023-09-14,2023-09-12,-7.87,-4.57,-4.62,13.86,-0.06,3.59,-7.87,阴阳阴,3.59,-7.87
603607.SSE,2025-05-26,2025-05-22,-3.91,5.7,9.4,17.55,3.5,10.0,-3.91,阳阳阴,10.0,-3.91
603607.SSE,2025-05-27,2025-05-22,-3.91,5.7,9.4,17.55,3.5,10.0,-3.91,阳阳阴,10.0,-3.91
603608.SSE,2026-01-05,2025-12-30,2.16,12.42,15.31,10.77,2.57,10.04,2.16,阳阳阳,10.04,2.16
603610.SSE,2025-05-09,2025-05-06,1.68,3.74,1.88,2.12,-1.79,2.02,1.68,阴阳阳,2.02,-1.79
603616.SSE,2025-07-23,2025-07-21,-0.66,-1.1,-3.43,-3.81,-2.36,-0.44,-0.66,阴阴阴,-0.44,-2.36
603616.SSE,2025-07-24,2025-07-21,-0.66,-1.1,-3.43,-3.81,-2.36,-0.44,-0.66,阴阴阴,-0.44,-2.36
603616.SSE,2026-02-06,2026-01-20,1.8,2.54,2.91,-0.54,0.36,0.72,1.8,阳阳阳,1.8,0.36
603616.SSE,2026-06-10,2026-06-08,3.08,3.08,4.15,-2.99,1.04,0.0,3.08,阳阳阳,3.08,0.0
603617.SSE,2025-01-03,2024-12-31,-3.06,-5.13,-2.77,-3.78,2.48,-2.14,-3.06,阳阴阴,2.48,-3.06
603617.SSE,2025-01-06,2024-12-31,-3.06,-5.13,-2.77,-3.78,2.48,-2.14,-3.06,阳阴阴,2.48,-3.06
603618.SSE,2025-09-18,2025-09-16,-1.85,-3.09,-3.09,-0.99,0.0,-1.26,-1.85,阳阴阴,0.0,-1.85
603618.SSE,2025-09-19,2025-09-16,-1.85,-3.09,-3.09,-0.99,0.0,-1.26,-1.85,阳阴阴,0.0,-1.85
603618.SSE,2026-02-03,2026-01-30,-5.73,-3.41,-6.38,-2.9,-3.08,2.47,-5.73,阴阳阴,2.47,-5.73
603618.SSE,2026-02-04,2026-01-30,-5.73,-3.41,-6.38,-2.9,-3.08,2.47,-5.73,阴阳阴,2.47,-5.73
603618.SSE,2026-03-31,2026-03-27,-3.2,6.46,8.03,13.55,1.47,9.99,-3.2,阳阳阴,9.99,-3.2
603618.SSE,2026-05-08,2026-05-06,-4.11,-2.75,-6.92,-3.57,-4.28,1.41,-4.11,阴阳阴,1.41,-4.28
603618.SSE,2026-06-17,2026-06-15,-6.14,-2.61,-5.79,5.34,-3.27,3.76,-6.14,阴阳阴,3.76,-6.14
603618.SSE,2026-08-28,2026-08-26,4.39,1.72,4.61,4.71,2.85,-2.56,4.39,阳阴阳,4.39,-2.56
603626.SSE,2024-03-28,2024-03-25,-2.33,-3.23,-1.72,1.1,1.56,-0.92,-2.33,阳阴阴,1.56,-2.33
603626.SSE,2024-08-28,2024-08-26,1.6,-0.78,2.0,-0.99,2.81,-2.34,1.6,阳阴阳,2.81,-2.34
603626.SSE,2024-10-31,2024-10-29,-0.21,3.7,1.71,-0.83,-1.92,3.92,-0.21,阴阳阴,3.92,-1.92
603626.SSE,2025-02-27,2025-02-25,-1.7,-2.14,0.46,4.99,2.66,-0.45,-1.7,阳阴阴,2.66,-1.7
603626.SSE,2025-08-19,2025-08-15,-2.82,-3.91,-5.49,-0.67,-1.65,-1.12,-2.82,阴阴阴,-1.12,-2.82
603626.SSE,2025-09-18,2025-09-16,-1.04,-3.69,-7.77,-16.1,-4.23,-2.68,-1.04,阴阴阴,-1.04,-4.23
603628.SSE,2023-12-25,2023-12-21,-1.37,0.0,-2.36,-1.09,-2.36,1.39,-1.37,阴阳阴,1.39,-2.36
603628.SSE,2023-12-26,2023-12-21,-1.37,0.0,-2.36,-1.09,-2.36,1.39,-1.37,阴阳阴,1.39,-2.36
603629.SSE,2023-06-06,2023-06-01,4.69,7.61,13.81,8.93,5.76,2.79,4.69,阳阳阳,5.76,2.79
603629.SSE,2026-02-03,2026-01-30,1.19,-1.88,4.2,3.0,6.19,-3.03,1.19,阳阴阳,6.19,-3.03
603629.SSE,2026-04-16,2026-04-14,0.0,-2.6,3.24,13.56,5.99,-2.6,0.0,阳阴阳,5.99,-2.6
603629.SSE,2026-04-30,2026-04-28,-0.84,-6.85,0.28,8.13,7.65,-6.06,-0.84,阳阴阴,7.65,-6.06
603629.SSE,2026-07-23,2026-07-21,7.72,-3.05,-12.75,-19.65,-10.0,-10.0,7.72,阴阴阳,7.72,-10.0
603629.SSE,2026-08-06,2026-08-04,-3.03,6.67,-3.97,-7.28,-9.97,10.0,-3.03,阴阳阴,10.0,-9.97
603636.SSE,2025-02-06,2025-01-27,6.38,6.88,5.98,-0.56,-0.84,0.47,6.38,阴阳阳,6.38,-0.84
603657.SSE,2025-05-08,2025-05-06,0.78,2.94,1.39,5.16,-1.51,2.14,0.78,阴阳阳,2.14,-1.51
603657.SSE,2025-05-09,2025-05-06,0.78,2.94,1.39,5.16,-1.51,2.14,0.78,阴阳阳,2.14,-1.51
603660.SSE,2024-11-29,2024-11-26,5.42,3.12,7.05,4.8,3.81,-2.17,5.42,阳阴阳,5.42,-2.17
603661.SSE,2026-05-26,2026-05-21,-1.68,-1.32,-2.36,-1.97,-1.05,0.37,-1.68,阴阳阴,0.37,-1.68
603662.SSE,2023-05-22,2023-05-18,2.88,1.25,2.7,-2.47,1.44,-1.59,2.88,阳阴阳,2.88,-1.59
603663.SSE,2024-04-01,2024-03-28,1.57,11.68,14.91,9.17,2.89,9.96,1.57,阳阳阳,9.96,1.57
603663.SSE,2026-06-23,2026-06-18,-4.15,5.43,9.56,11.55,3.91,9.99,-4.15,阳阳阴,9.99,-4.15
603666.SSE,2024-08-30,2024-08-28,-0.7,9.24,5.33,-4.56,-3.58,10.01,-0.7,阴阳阴,10.01,-3.58
603666.SSE,2024-11-04,2024-10-31,-0.21,-2.86,-2.76,-0.8,0.1,-2.65,-0.21,阳阴阴,0.1,-2.65
603666.SSE,2024-11-05,2024-10-31,-0.21,-2.86,-2.76,-0.8,0.1,-2.65,-0.21,阳阴阴,0.1,-2.65
603667.SSE,2024-12-03,2024-11-29,-6.31,-3.09,-9.22,-4.42,-6.33,3.44,-6.31,阴阳阴,3.44,-6.33
603667.SSE,2025-01-13,2025-01-09,5.54,9.08,8.67,-2.68,-0.38,3.35,5.54,阴阳阳,5.54,-0.38
603667.SSE,2025-01-16,2025-01-14,0.96,11.07,22.18,27.72,10.0,10.01,0.96,阳阳阳,10.01,0.96
603667.SSE,2025-12-31,2025-12-29,-0.7,5.75,5.6,4.54,-0.14,6.5,-0.7,阴阳阴,6.5,-0.7
603667.SSE,2026-01-05,2025-12-29,-0.7,5.75,5.6,4.54,-0.14,6.5,-0.7,阴阳阴,6.5,-0.7
603669.SSE,2024-12-05,2024-12-03,8.72,12.03,12.22,4.47,0.17,3.05,8.72,阳阳阳,8.72,0.17
603677.SSE,2023-07-13,2023-07-11,-1.12,-1.05,-0.75,-2.13,0.3,0.07,-1.12,阳阳阴,0.3,-1.12
603677.SSE,2025-03-14,2025-03-12,-2.09,-0.13,-0.38,2.07,-0.25,2.01,-2.09,阴阳阴,2.01,-2.09
603678.SSE,2026-06-03,2026-06-01,2.39,12.62,19.19,19.77,5.83,10.0,2.39,阳阳阳,10.0,2.39
603679.SSE,2025-12-22,2025-12-18,-0.25,-0.31,-0.87,3.23,-0.56,-0.06,-0.25,阴阴阴,-0.06,-0.56
603681.SSE,2025-05-27,2025-05-23,0.65,1.01,0.14,-1.42,-0.86,0.36,0.65,阴阳阳,0.65,-0.86
603682.SSE,2023-07-27,2023-07-24,2.72,2.9,3.85,1.85,0.92,0.18,2.72,阳阳阳,2.72,0.18
603685.SSE,2024-06-17,2024-06-13,0.47,1.62,6.27,0.66,4.58,1.14,0.47,阳阳阳,4.58,0.47
603686.SSE,2024-12-27,2024-12-24,0.41,5.89,4.99,4.56,-0.85,5.46,0.41,阴阳阳,5.46,-0.85
603686.SSE,2025-09-22,2025-09-18,-4.07,3.13,3.07,5.45,-0.05,7.5,-4.07,阴阳阴,7.5,-4.07
603686.SSE,2025-09-23,2025-09-18,-4.07,3.13,3.07,5.45,-0.05,7.5,-4.07,阴阳阴,7.5,-4.07
603686.SSE,2025-11-03,2025-10-30,5.49,2.86,5.57,4.03,2.64,-2.49,5.49,阳阴阳,5.49,-2.49
603687.SSE,2026-03-23,2026-03-18,1.01,1.41,0.0,-0.8,-1.39,0.4,1.01,阴阳阳,1.01,-1.39
603688.SSE,2025-04-11,2025-04-09,1.24,6.7,5.01,2.41,-1.58,5.39,1.24,阴阳阳,5.39,-1.58
603690.SSE,2025-03-31,2025-03-27,0.47,4.11,2.42,-1.31,-1.63,3.63,0.47,阴阳阳,3.63,-1.63
603690.SSE,2026-07-28,2026-07-24,-3.29,-7.43,-4.9,-11.49,2.73,-4.28,-3.29,阳阴阴,2.73,-4.28
603693.SSE,2025-05-29,2025-05-27,0.16,-3.66,-7.55,-5.97,-4.03,-3.82,0.16,阴阴阳,0.16,-4.03
603696.SSE,2025-04-17,2025-04-15,2.42,0.47,2.79,2.86,2.3,-1.9,2.42,阳阴阳,2.42,-1.9
603696.SSE,2025-04-18,2025-04-15,2.42,0.47,2.79,2.86,2.3,-1.9,2.42,阳阴阳,2.42,-1.9
603696.SSE,2025-12-04,2025-12-02,2.62,7.78,8.48,8.72,0.65,5.02,2.62,阳阳阳,5.02,0.65
603696.SSE,2025-12-05,2025-12-02,2.62,7.78,8.48,8.72,0.65,5.02,2.62,阳阳阳,5.02,0.65
603696.SSE,2025-12-24,2025-12-22,5.21,-0.88,-10.78,-6.71,-9.98,-5.79,5.21,阴阴阳,5.21,-9.98
603696.SSE,2025-12-25,2025-12-22,5.21,-0.88,-10.78,-6.71,-9.98,-5.79,5.21,阴阴阳,5.21,-9.98
603697.SSE,2024-10-30,2024-10-28,1.83,2.14,1.52,3.31,-0.61,0.31,1.83,阴阳阳,1.83,-0.61
603698.SSE,2025-12-25,2025-12-23,2.37,12.62,12.53,-0.83,-0.08,10.01,2.37,阴阳阳,10.01,-0.08
603700.SSE,2025-03-05,2025-03-03,-4.8,4.7,5.73,10.09,0.99,9.98,-4.8,阳阳阴,9.98,-4.8
603706.SSE,2024-11-21,2024-11-19,2.72,1.73,-1.68,-3.55,-3.35,-0.96,2.72,阴阴阳,2.72,-3.35
603709.SSE,2025-09-09,2025-09-04,-9.91,-0.93,2.73,11.32,3.69,9.97,-9.91,阳阳阴,9.97,-9.91
603709.SSE,2025-12-12,2025-12-10,-4.28,-1.76,8.09,24.24,10.02,2.63,-4.28,阳阳阴,10.02,-4.28
603709.SSE,2025-12-15,2025-12-10,-4.28,-1.76,8.09,24.24,10.02,2.63,-4.28,阳阳阴,10.02,-4.28
603716.SSE,2023-08-10,2023-08-08,-2.55,-6.32,-7.63,-7.36,-1.4,-3.87,-2.55,阴阴阴,-1.4,-3.87
603716.SSE,2023-08-11,2023-08-08,-2.55,-6.32,-7.63,-7.36,-1.4,-3.87,-2.55,阴阴阴,-1.4,-3.87
603716.SSE,2024-03-20,2024-03-18,-1.23,2.04,2.82,7.85,0.77,3.31,-1.23,阳阳阴,3.31,-1.23
603716.SSE,2025-02-11,2025-02-07,2.5,5.69,16.24,12.91,9.99,3.12,2.5,阳阳阳,9.99,2.5
603716.SSE,2025-02-18,2025-02-14,-6.07,-3.4,-6.57,9.44,-3.28,2.85,-6.07,阴阳阴,2.85,-6.07
603716.SSE,2025-03-12,2025-03-10,-2.63,-0.89,-4.77,2.4,-3.91,1.79,-2.63,阴阳阴,1.79,-3.91
603716.SSE,2025-03-13,2025-03-10,-2.63,-0.89,-4.77,2.4,-3.91,1.79,-2.63,阴阳阴,1.79,-3.91
603716.SSE,2025-07-03,2025-07-01,3.52,6.04,6.12,3.57,0.07,2.43,3.52,阳阳阳,3.52,0.07
603717.SSE,2024-12-10,2024-12-06,1.17,3.27,2.06,5.7,-1.18,2.08,1.17,阴阳阳,2.08,-1.18
603717.SSE,2024-12-11,2024-12-06,1.17,3.27,2.06,5.7,-1.18,2.08,1.17,阴阳阳,2.08,-1.18
603719.SSE,2024-12-12,2024-12-10,-1.87,-2.09,0.23,2.76,2.37,-0.22,-1.87,阳阴阴,2.37,-1.87
603721.SSE,2023-11-01,2023-10-30,2.03,3.21,5.3,7.35,2.03,1.15,2.03,阳阳阳,2.03,1.15
603721.SSE,2023-12-05,2023-11-30,-3.88,5.75,-3.66,10.25,-8.9,10.02,-3.88,阴阳阴,10.02,-8.9
603721.SSE,2023-12-19,2023-12-15,-9.89,-8.12,-1.91,7.99,6.76,1.97,-9.89,阳阳阴,6.76,-9.89
603721.SSE,2024-03-06,2024-03-04,1.31,3.04,-7.27,-8.44,-10.01,1.71,1.31,阴阳阳,1.71,-10.01
603721.SSE,2024-03-22,2024-03-20,-0.06,2.83,-1.17,4.4,-3.89,2.89,-0.06,阴阳阴,2.89,-3.89
603721.SSE,2026-09-02,2026-08-31,-0.63,-3.29,-3.5,1.1,-0.22,-2.67,-0.63,阴阴阴,-0.22,-2.67
603722.SSE,2026-07-07,2026-06-26,-1.75,-3.72,-5.96,-7.1,-2.32,-2.01,-1.75,阴阴阴,-1.75,-2.32
603726.SSE,2025-07-10,2025-07-08,2.72,-1.05,-0.18,-7.07,0.88,-3.67,2.72,阳阴阳,2.72,-3.67
603728.SSE,2023-05-19,2023-05-17,0.28,0.25,-0.96,-2.08,-1.21,-0.02,0.28,阴阴阳,0.28,-1.21
603737.SSE,2024-05-17,2024-05-15,0.05,1.06,3.57,6.84,2.48,1.01,0.05,阳阳阳,2.48,0.05
603737.SSE,2024-10-08,2024-09-26,-2.27,1.13,2.17,4.33,1.03,3.48,-2.27,阳阳阴,3.48,-2.27
603738.SSE,2026-05-11,2026-05-07,1.38,-2.44,7.32,-1.57,10.0,-3.77,1.38,阳阴阳,10.0,-3.77
603739.SSE,2023-12-27,2023-12-25,-1.51,-1.72,-2.63,-0.5,-0.92,-0.21,-1.51,阴阴阴,-0.21,-1.51
603758.SSE,2024-11-06,2024-11-04,-2.33,-3.46,-1.83,0.0,1.69,-1.15,-2.33,阳阴阴,1.69,-2.33
603767.SSE,2023-06-26,2023-06-20,-2.62,7.08,9.22,11.87,2.01,9.96,-2.62,阳阳阴,9.96,-2.62
603767.SSE,2023-06-27,2023-06-20,-2.62,7.08,9.22,11.87,2.01,9.96,-2.62,阳阳阴,9.96,-2.62
603767.SSE,2023-08-31,2023-08-29,-1.64,-7.51,-10.27,-8.12,-2.99,-5.97,-1.64,阴阴阴,-1.64,-5.97
603767.SSE,2023-09-01,2023-08-29,-1.64,-7.51,-10.27,-8.12,-2.99,-5.97,-1.64,阴阴阴,-1.64,-5.97
603767.SSE,2024-02-01,2024-01-30,-2.89,-3.82,-0.9,3.49,3.03,-0.95,-2.89,阳阴阴,3.03,-2.89
603767.SSE,2024-02-02,2024-01-30,-2.89,-3.82,-0.9,3.49,3.03,-0.95,-2.89,阳阴阴,3.03,-2.89
603767.SSE,2025-08-05,2025-08-01,-5.63,3.78,2.84,9.54,-0.91,9.98,-5.63,阴阳阴,9.98,-5.63
603767.SSE,2025-08-06,2025-08-01,-5.63,3.78,2.84,9.54,-0.91,9.98,-5.63,阴阳阴,9.98,-5.63
603768.SSE,2023-10-25,2023-10-23,-3.0,-11.15,-9.95,-5.9,1.35,-8.4,-3.0,阳阴阴,1.35,-8.4
603768.SSE,2023-10-26,2023-10-23,-3.0,-11.15,-9.95,-5.9,1.35,-8.4,-3.0,阳阴阴,1.35,-8.4
603773.SSE,2024-05-21,2024-05-17,1.86,-0.73,-1.53,-9.48,-0.81,-2.55,1.86,阴阴阳,1.86,-2.55
603773.SSE,2026-08-06,2026-08-04,-5.61,-2.96,-12.67,-12.36,-10.01,2.81,-5.61,阴阳阴,2.81,-10.01
603773.SSE,2026-08-07,2026-08-04,-5.61,-2.96,-12.67,-12.36,-10.01,2.81,-5.61,阴阳阴,2.81,-10.01
603776.SSE,2024-12-10,2024-12-05,3.01,6.58,6.58,0.99,0.0,3.46,3.01,阳阳阳,3.46,0.0
603777.SSE,2024-12-24,2024-12-20,-3.86,-5.96,-13.98,-9.48,-8.53,-2.18,-3.86,阴阴阴,-2.18,-8.53
603777.SSE,2024-12-25,2024-12-20,-3.86,-5.96,-13.98,-9.48,-8.53,-2.18,-3.86,阴阴阴,-2.18,-8.53
603777.SSE,2025-01-13,2025-01-09,4.36,1.09,-9.04,-21.58,-10.03,-3.13,4.36,阴阴阳,4.36,-10.03
603777.SSE,2025-01-14,2025-01-09,4.36,1.09,-9.04,-21.58,-10.03,-3.13,4.36,阴阴阳,4.36,-10.03
603777.SSE,2026-04-10,2026-04-08,-0.23,-2.15,-3.85,-2.52,-1.73,-1.92,-0.23,阴阴阴,-0.23,-1.92
603778.SSE,2025-07-11,2025-07-09,8.07,7.45,7.14,0.87,-0.29,-0.57,8.07,阴阴阳,8.07,-0.57
603778.SSE,2025-07-14,2025-07-09,8.07,7.45,7.14,0.87,-0.29,-0.57,8.07,阴阴阳,8.07,-0.57
603778.SSE,2025-11-13,2025-11-10,6.02,4.55,10.0,0.0,5.21,-1.39,6.02,阳阴阳,6.02,-1.39
603778.SSE,2025-11-26,2025-11-24,-8.92,-18.06,-9.82,2.15,10.06,-10.03,-8.92,阳阴阴,10.06,-10.03
603778.SSE,2025-12-01,2025-11-27,7.64,18.42,30.34,10.29,10.07,10.01,7.64,阳阳阳,10.07,7.64
603778.SSE,2026-01-12,2026-01-05,7.84,4.89,15.41,2.71,10.03,-2.74,7.84,阳阴阳,10.03,-2.74
603779.SSE,2023-06-09,2023-06-06,1.65,11.78,13.15,8.33,1.22,9.97,1.65,阳阳阳,9.97,1.22
603779.SSE,2023-12-21,2023-12-19,0.93,1.67,-0.2,-3.88,-1.84,0.73,0.93,阴阳阳,0.93,-1.84
603786.SSE,2025-09-18,2025-09-16,3.18,1.41,2.55,-2.05,1.12,-1.72,3.18,阳阴阳,3.18,-1.72
603787.SSE,2025-06-12,2025-06-10,0.35,0.78,0.0,0.35,-0.78,0.43,0.35,阴阳阳,0.43,-0.78
603790.SSE,2023-05-15,2023-05-11,-3.07,-1.65,-1.2,2.12,0.46,1.47,-3.07,阳阳阴,1.47,-3.07
603790.SSE,2024-04-03,2024-04-01,1.88,2.69,0.59,-0.69,-2.05,0.8,1.88,阴阳阳,1.88,-2.05
603798.SSE,2024-01-11,2024-01-09,-1.8,-4.0,-2.48,1.01,1.59,-2.24,-1.8,阳阴阴,1.59,-2.24
603798.SSE,2024-03-04,2024-02-28,1.71,4.79,6.81,9.66,1.93,3.03,1.71,阳阳阳,3.03,1.71
603799.SSE,2024-10-08,2024-09-27,5.13,6.27,12.29,5.65,5.66,1.09,5.13,阳阳阳,5.66,1.09
603800.SSE,2025-08-12,2025-08-08,2.74,13.03,21.8,18.52,7.76,10.01,2.74,阳阳阳,10.01,2.74
603801.SSE,2026-08-21,2026-08-19,1.19,0.67,0.84,-2.32,0.17,-0.51,1.19,阳阴阳,1.19,-0.51
603803.SSE,2024-11-27,2024-11-25,-2.91,-3.17,-1.21,4.43,2.02,-0.26,-2.91,阳阴阴,2.02,-2.91
603803.SSE,2024-11-28,2024-11-25,-2.91,-3.17,-1.21,4.43,2.02,-0.26,-2.91,阳阴阴,2.02,-2.91
603803.SSE,2024-12-18,2024-12-16,0.11,1.27,2.09,2.57,0.81,1.15,0.11,阳阳阳,1.15,0.11
603803.SSE,2024-12-19,2024-12-16,0.11,1.27,2.09,2.57,0.81,1.15,0.11,阳阳阳,1.15,0.11
603803.SSE,2025-02-11,2025-02-07,1.26,4.41,-6.04,-7.21,-10.01,3.11,1.26,阴阳阳,3.11,-10.01
603803.SSE,2026-03-12,2026-03-10,-2.06,-1.96,1.73,3.76,3.76,0.1,-2.06,阳阳阴,3.76,-2.06
603808.SSE,2025-01-16,2025-01-14,-5.7,-13.58,-14.8,-6.28,-1.42,-8.36,-5.7,阴阴阴,-1.42,-8.36
603809.SSE,2024-11-05,2024-11-01,7.68,14.45,17.78,15.6,2.91,6.28,7.68,阳阳阳,7.68,2.91
603810.SSE,2024-01-24,2024-01-22,-6.3,1.44,-4.09,0.28,-5.45,8.26,-6.3,阴阳阴,8.26,-6.3
603810.SSE,2024-03-28,2024-03-26,-2.17,-3.74,-3.74,-0.18,0.0,-1.6,-2.17,阳阴阴,0.0,-2.17
603811.SSE,2025-08-06,2025-08-04,-3.7,1.16,1.33,7.08,0.17,5.05,-3.7,阳阳阴,5.05,-3.7
603813.SSE,2024-04-15,2024-04-11,-6.63,2.7,-3.5,0.14,-6.04,9.99,-6.63,阴阳阴,9.99,-6.63
603819.SSE,2024-11-15,2024-11-11,-1.32,0.62,2.96,4.33,2.32,1.96,-1.32,阳阳阴,2.32,-1.32
603823.SSE,2025-11-04,2025-10-31,-2.28,-4.65,-3.64,-1.19,1.06,-2.42,-2.28,阳阴阴,1.06,-2.42
603829.SSE,2023-06-12,2023-06-08,-2.29,-1.47,-5.31,6.58,-3.9,0.84,-2.29,阴阳阴,0.84,-3.9
603829.SSE,2023-06-13,2023-06-08,-2.29,-1.47,-5.31,6.58,-3.9,0.84,-2.29,阴阳阴,0.84,-3.9
603829.SSE,2025-06-10,2025-06-06,0.95,0.82,1.14,-0.75,0.32,-0.13,0.95,阳阴阳,0.95,-0.13
603829.SSE,2025-11-19,2025-11-17,1.58,7.54,5.11,2.56,-2.26,5.87,1.58,阴阳阳,5.87,-2.26
603839.SSE,2025-08-01,2025-07-29,-1.12,-0.14,1.14,0.99,1.28,0.99,-1.12,阳阳阴,1.28,-1.12
603859.SSE,2024-12-09,2024-12-05,-1.44,2.15,3.87,8.65,1.68,3.64,-1.44,阳阳阴,3.64,-1.44
603860.SSE,2023-12-06,2023-12-01,0.06,2.07,6.82,9.71,4.66,2.0,0.06,阳阳阳,4.66,0.06
603860.SSE,2024-04-17,2024-04-15,-0.73,-0.12,-3.56,-2.24,-3.45,0.61,-0.73,阴阳阴,0.61,-3.45
603860.SSE,2024-04-18,2024-04-15,-0.73,-0.12,-3.56,-2.24,-3.45,0.61,-0.73,阴阳阴,0.61,-3.45
603861.SSE,2023-10-24,2023-10-20,-4.97,-7.46,-14.53,-1.02,-7.64,-2.62,-4.97,阴阴阴,-2.62,-7.64
603863.SSE,2024-06-17,2024-06-13,-9.98,-18.99,-27.1,-27.12,-10.01,-10.01,-9.98,阴阴阴,-9.98,-10.01
603877.SSE,2024-01-11,2024-01-09,-9.07,-10.57,-10.89,-3.48,-0.37,-1.65,-9.07,阴阴阴,-0.37,-9.07
603877.SSE,2024-01-12,2024-01-09,-9.07,-10.57,-10.89,-3.48,-0.37,-1.65,-9.07,阴阴阴,-0.37,-9.07
603879.SSE,2024-03-14,2024-03-12,5.4,10.16,13.75,10.5,3.26,4.51,5.4,阳阳阳,5.4,3.26
603879.SSE,2024-03-15,2024-03-12,5.4,10.16,13.75,10.5,3.26,4.51,5.4,阳阳阳,5.4,3.26
603879.SSE,2025-06-04,2025-05-30,2.29,1.45,2.51,0.84,1.04,-0.83,2.29,阳阴阳,2.29,-0.83
603881.SSE,2025-02-14,2025-02-12,3.72,14.12,11.1,13.1,-2.65,10.02,3.72,阴阳阳,10.02,-2.65
603887.SSE,2024-10-28,2024-10-24,0.38,10.43,21.46,33.06,9.99,10.01,0.38,阳阳阳,10.01,0.38
603887.SSE,2024-10-29,2024-10-24,0.38,10.43,21.46,33.06,9.99,10.01,0.38,阳阳阳,10.01,0.38
603888.SSE,2026-01-14,2026-01-12,7.91,8.86,7.75,2.49,-1.02,0.88,7.91,阴阳阳,7.91,-1.02
603893.SSE,2025-01-09,2025-01-07,-1.43,-4.58,-10.89,-14.2,-6.61,-3.2,-1.43,阴阴阴,-1.43,-6.61
603895.SSE,2023-09-27,2023-09-25,4.28,4.19,3.48,-1.78,-0.69,-0.09,4.28,阴阴阳,4.28,-0.69
603895.SSE,2024-02-28,2024-02-26,2.88,7.82,10.57,12.68,2.55,4.8,2.88,阳阳阳,4.8,2.55
603895.SSE,2024-02-29,2024-02-26,2.88,7.82,10.57,12.68,2.55,4.8,2.88,阳阳阳,4.8,2.55
603900.SSE,2024-04-03,2024-03-29,4.04,1.09,1.54,-5.72,0.44,-2.84,4.04,阳阴阳,4.04,-2.84
603900.SSE,2025-05-22,2025-05-20,1.38,5.76,4.26,4.05,-1.42,4.32,1.38,阴阳阳,4.32,-1.42
603912.SSE,2024-12-19,2024-12-17,1.3,-0.26,-0.26,-0.64,0.0,-1.53,1.3,阳阴阳,1.3,-1.53
603912.SSE,2024-12-20,2024-12-17,1.3,-0.26,-0.26,-0.64,0.0,-1.53,1.3,阳阴阳,1.3,-1.53
603915.SSE,2024-11-21,2024-11-19,0.29,-2.68,-6.98,-6.67,-4.42,-2.96,0.29,阴阴阳,0.29,-4.42
603916.SSE,2025-07-24,2025-07-21,0.0,1.17,-0.42,-0.93,-1.56,1.17,0.0,阴阳阳,1.17,-1.56
603917.SSE,2024-02-23,2024-02-21,1.21,8.46,19.33,8.26,10.02,7.16,1.21,阳阳阳,10.02,1.21
603918.SSE,2023-05-19,2023-05-17,-6.74,-8.65,-13.22,-6.31,-5.01,-2.05,-6.74,阴阴阴,-2.05,-6.74
603918.SSE,2023-05-29,2023-05-25,-5.87,-5.0,-6.39,9.38,-1.46,0.93,-5.87,阴阳阴,0.93,-5.87
603918.SSE,2023-06-08,2023-06-06,-2.29,1.7,1.29,2.75,-0.4,4.08,-2.29,阴阳阴,4.08,-2.29
603918.SSE,2024-11-13,2024-11-08,5.11,6.18,9.81,10.26,3.42,1.02,5.11,阳阳阳,5.11,1.02
603918.SSE,2025-02-17,2025-02-13,1.05,8.42,13.33,16.83,4.53,7.29,1.05,阳阳阳,7.29,1.05
603926.SSE,2026-01-21,2026-01-19,0.99,-0.54,-1.71,-0.44,-1.18,-1.52,0.99,阴阴阳,0.99,-1.52
603928.SSE,2025-01-22,2025-01-17,0.0,-1.32,2.12,3.93,3.49,-1.32,0.0,阳阴阳,3.49,-1.32
603928.SSE,2025-06-23,2025-06-19,-1.3,-9.13,-4.22,6.78,5.4,-7.93,-1.3,阳阴阴,5.4,-7.93
603928.SSE,2026-06-30,2026-06-26,-7.95,-7.33,-8.7,5.96,-1.48,0.67,-7.95,阴阳阴,0.67,-7.95
603928.SSE,2026-07-01,2026-06-26,-7.95,-7.33,-8.7,5.96,-1.48,0.67,-7.95,阴阳阴,0.67,-7.95
603928.SSE,2026-07-10,2026-07-08,-6.18,1.16,-6.12,10.07,-7.2,7.82,-6.18,阴阳阴,7.82,-7.2
603929.SSE,2023-11-01,2023-10-27,1.55,3.88,8.08,5.21,4.04,2.3,1.55,阳阳阳,4.04,1.55
603929.SSE,2026-03-17,2026-03-13,-2.49,-5.53,-3.09,-2.92,2.59,-3.12,-2.49,阳阴阴,2.59,-3.12
603929.SSE,2026-06-10,2026-06-08,9.03,12.91,13.66,6.44,0.66,3.56,9.03,阳阳阳,9.03,0.66
603933.SSE,2023-05-23,2023-05-19,2.01,4.1,2.78,3.38,-1.27,2.05,2.01,阴阳阳,2.05,-1.27
603933.SSE,2023-07-13,2023-07-11,1.9,-1.88,0.49,-3.65,2.42,-3.7,1.9,阳阴阳,2.42,-3.7
603933.SSE,2024-02-20,2024-02-08,-9.3,-16.31,-24.64,-23.62,-9.95,-7.73,-9.3,阴阴阴,-7.73,-9.95
603933.SSE,2024-02-21,2024-02-08,-9.3,-16.31,-24.64,-23.62,-9.95,-7.73,-9.3,阴阴阴,-7.73,-9.95
603933.SSE,2025-10-20,2025-10-16,-1.2,-3.22,-4.57,-5.49,-1.39,-2.05,-1.2,阴阴阴,-1.2,-2.05
603933.SSE,2025-12-01,2025-11-27,0.79,2.2,3.42,-2.18,1.2,1.4,0.79,阳阳阳,1.4,0.79
603933.SSE,2025-12-02,2025-11-27,0.79,2.2,3.42,-2.18,1.2,1.4,0.79,阳阳阳,1.4,0.79
603937.SSE,2026-05-06,2026-04-29,1.04,-9.03,0.08,-0.64,10.01,-9.96,1.04,阳阴阳,10.01,-9.96
603937.SSE,2026-05-07,2026-04-29,1.04,-9.03,0.08,-0.64,10.01,-9.96,1.04,阳阴阳,10.01,-9.96
603938.SSE,2025-10-17,2025-10-15,-0.82,0.07,0.0,2.3,-0.07,0.89,-0.82,阴阳阴,0.89,-0.82
603938.SSE,2026-01-12,2026-01-08,5.35,7.57,9.31,1.54,1.62,2.11,5.35,阳阳阳,5.35,1.62
603938.SSE,2026-05-20,2026-05-18,-5.41,-4.38,5.18,20.18,10.0,1.09,-5.41,阳阳阴,10.0,-5.41
603938.SSE,2026-06-24,2026-06-22,-2.92,-6.37,-1.72,4.47,4.97,-3.55,-2.92,阳阴阴,4.97,-3.55
603948.SSE,2025-06-24,2025-06-20,-1.76,-2.73,-3.15,-2.16,-0.43,-0.98,-1.76,阴阴阴,-0.43,-1.76
603949.SSE,2025-02-27,2025-02-25,-2.62,-5.11,-1.44,4.95,3.87,-2.55,-2.62,阳阴阴,3.87,-2.62
603949.SSE,2025-02-28,2025-02-25,-2.62,-5.11,-1.44,4.95,3.87,-2.55,-2.62,阳阴阴,3.87,-2.62
603949.SSE,2025-03-21,2025-03-18,1.18,1.11,1.18,1.48,0.07,-0.07,1.18,阳阴阳,1.18,-0.07
603950.SSE,2026-03-02,2026-02-26,-5.16,-8.39,-7.31,7.51,1.18,-3.41,-5.16,阳阴阴,1.18,-5.16
603950.SSE,2026-03-03,2026-02-26,-5.16,-8.39,-7.31,7.51,1.18,-3.41,-5.16,阳阴阴,1.18,-5.16
603950.SSE,2026-04-13,2026-04-08,-7.25,-9.89,-15.36,-7.32,-6.07,-2.84,-7.25,阴阴阴,-2.84,-7.25
603950.SSE,2026-07-01,2026-06-29,-6.61,-5.28,-7.66,3.22,-2.51,1.43,-6.61,阴阳阴,1.43,-6.61
603955.SSE,2024-01-18,2024-01-11,-0.99,1.01,-0.33,-0.59,-1.33,2.03,-0.99,阴阳阴,2.03,-1.33
603956.SSE,2025-02-13,2025-02-11,0.35,-1.03,3.21,7.06,4.29,-1.37,0.35,阳阴阳,4.29,-1.37
603956.SSE,2026-06-29,2026-06-25,-2.82,-6.77,-3.21,9.49,3.82,-4.06,-2.82,阳阴阴,3.82,-4.06
603958.SSE,2024-02-05,2024-02-01,-9.99,-18.99,-27.08,-27.07,-9.98,-10.0,-9.99,阴阴阴,-9.98,-10.0
603958.SSE,2024-02-06,2024-02-01,-9.99,-18.99,-27.08,-27.07,-9.98,-10.0,-9.99,阴阴阴,-9.98,-10.0
603958.SSE,2024-02-19,2024-02-07,-9.99,-0.95,8.96,33.21,10.0,10.04,-9.99,阳阳阴,10.04,-9.99
603958.SSE,2024-07-24,2024-07-15,-2.4,-2.89,-9.06,2.46,-6.35,-0.5,-2.4,阴阴阴,-0.5,-6.35
603958.SSE,2024-10-28,2024-10-24,-3.62,-7.53,-0.8,3.2,7.28,-4.05,-3.62,阳阴阴,7.28,-4.05
603958.SSE,2024-10-29,2024-10-24,-3.62,-7.53,-0.8,3.2,7.28,-4.05,-3.62,阳阴阴,7.28,-4.05
603958.SSE,2024-12-30,2024-12-11,8.87,6.89,8.17,1.31,1.2,-1.82,8.87,阳阴阳,8.87,-1.82
603958.SSE,2025-03-13,2025-03-11,0.71,-1.85,1.19,10.51,3.11,-2.55,0.71,阳阴阳,3.11,-2.55
603958.SSE,2026-01-30,2026-01-28,-4.96,4.51,4.21,11.18,-0.29,9.97,-4.96,阴阳阴,9.97,-4.96
603958.SSE,2026-08-19,2026-08-17,3.81,2.07,3.95,-1.34,1.84,-1.67,3.81,阳阴阳,3.81,-1.67
603958.SSE,2026-08-24,2026-08-20,-8.02,1.19,11.34,25.66,10.03,10.01,-8.02,阳阳阴,10.03,-8.02
603966.SSE,2025-07-23,2025-07-21,-1.53,1.9,3.98,4.92,2.05,3.48,-1.53,阳阳阴,3.48,-1.53
603967.SSE,2023-12-20,2023-12-18,-0.6,1.13,0.41,2.69,-0.71,1.74,-0.6,阴阳阴,1.74,-0.71
603978.SSE,2024-10-23,2024-10-21,3.7,-0.44,2.92,-5.56,3.37,-3.99,3.7,阳阴阳,3.7,-3.99
603978.SSE,2025-11-10,2025-11-06,2.68,3.41,9.6,11.57,5.99,0.71,2.68,阳阳阳,5.99,0.71
603980.SSE,2024-12-26,2024-12-24,-7.08,-5.41,-5.41,1.35,0.0,1.8,-7.08,阳阳阴,1.8,-7.08
603980.SSE,2026-02-11,2026-02-09,1.71,11.97,18.66,15.0,5.98,10.09,1.71,阳阳阳,10.09,1.71
603985.SSE,2023-10-25,2023-10-23,0.34,3.66,5.93,6.17,2.2,3.3,0.34,阳阳阳,3.3,0.34
603985.SSE,2023-10-26,2023-10-23,0.34,3.66,5.93,6.17,2.2,3.3,0.34,阳阳阳,3.3,0.34
603985.SSE,2024-10-29,2024-10-25,-3.9,-0.87,2.53,8.17,3.44,3.15,-3.9,阳阳阴,3.44,-3.9
603985.SSE,2025-04-02,2025-03-31,-3.25,-5.74,-5.67,-4.13,0.07,-2.58,-3.25,阳阴阴,0.07,-3.25
603988.SSE,2024-07-30,2024-07-23,2.33,3.74,3.17,-1.35,-0.55,1.39,2.33,阴阳阳,2.33,-0.55
603988.SSE,2024-09-25,2024-09-23,4.66,8.12,2.97,5.91,-4.77,3.31,4.66,阴阳阳,4.66,-4.77
603988.SSE,2025-09-19,2025-09-17,0.27,-3.91,-1.39,-0.53,2.62,-4.16,0.27,阳阴阳,2.62,-4.16
603989.SSE,2026-06-18,2026-06-16,8.41,1.93,-0.13,-13.06,-2.02,-5.98,8.41,阴阴阳,8.41,-5.98
603989.SSE,2026-06-22,2026-06-16,8.41,1.93,-0.13,-13.06,-2.02,-5.98,8.41,阴阴阳,8.41,-5.98
603990.SSE,2024-02-26,2024-02-22,3.46,4.03,6.82,8.71,2.68,0.54,3.46,阳阳阳,3.46,0.54
603990.SSE,2024-12-06,2024-12-04,2.52,4.42,5.82,5.3,1.34,1.86,2.52,阳阳阳,2.52,1.34
603990.SSE,2025-01-10,2025-01-08,3.17,-0.1,-2.99,-8.07,-2.89,-3.18,3.17,阴阴阳,3.17,-3.18
603990.SSE,2025-01-13,2025-01-08,3.17,-0.1,-2.99,-8.07,-2.89,-3.18,3.17,阴阴阳,3.17,-3.18
603992.SSE,2024-02-20,2024-02-08,-3.31,-6.0,-15.4,-17.09,-10.01,-2.78,-3.31,阴阴阴,-2.78,-10.01
605001.SSE,2024-04-22,2024-04-17,-10.06,-17.41,-16.52,-6.85,1.08,-8.17,-10.06,阳阴阴,1.08,-10.06
605005.SSE,2023-07-06,2023-07-04,0.0,-0.44,0.0,0.76,0.44,-0.44,0.0,阳阴阳,0.44,-0.44
605005.SSE,2023-11-29,2023-11-27,-3.2,1.76,-1.55,-0.88,-3.25,5.12,-3.2,阴阳阴,5.12,-3.25
605005.SSE,2025-05-30,2025-05-28,0.06,0.06,-0.43,-1.47,-0.49,0.0,0.06,阴阳阳,0.06,-0.49
605005.SSE,2025-06-05,2025-06-03,2.51,12.75,24.01,21.04,9.99,9.98,2.51,阳阳阳,9.99,2.51
605006.SSE,2024-12-06,2024-12-04,3.15,7.74,6.91,5.26,-0.77,4.45,3.15,阴阳阳,4.45,-0.77
605006.SSE,2024-12-09,2024-12-04,3.15,7.74,6.91,5.26,-0.77,4.45,3.15,阴阳阳,4.45,-0.77
605006.SSE,2026-05-11,2026-05-07,5.13,1.32,11.42,3.09,9.97,-3.63,5.13,阳阴阳,9.97,-3.63
605007.SSE,2025-12-26,2025-12-24,0.26,0.51,1.21,1.92,0.69,0.26,0.26,阳阳阳,0.69,0.26
605011.SSE,2023-05-16,2023-05-12,1.33,2.01,1.33,-0.07,-0.67,0.67,1.33,阴阳阳,1.33,-0.67
605011.SSE,2023-05-17,2023-05-12,1.33,2.01,1.33,-0.07,-0.67,0.67,1.33,阴阳阳,1.33,-0.67
605011.SSE,2023-05-23,2023-05-19,4.17,14.6,26.04,33.13,9.98,10.01,4.17,阳阳阳,10.01,4.17
605011.SSE,2023-05-24,2023-05-19,4.17,14.6,26.04,33.13,9.98,10.01,4.17,阳阳阳,10.01,4.17
605018.SSE,2025-01-23,2025-01-21,2.29,6.27,6.27,4.8,0.0,3.89,2.29,阳阳阳,3.89,0.0
605028.SSE,2025-08-21,2025-08-19,-0.3,-1.03,-3.26,-2.6,-2.25,-0.74,-0.3,阴阴阴,-0.3,-2.25
605033.SSE,2025-01-06,2025-01-02,-0.91,-3.53,-0.58,2.36,3.06,-2.65,-0.91,阳阴阴,3.06,-2.65
605033.SSE,2025-01-07,2025-01-02,-0.91,-3.53,-0.58,2.36,3.06,-2.65,-0.91,阳阴阴,3.06,-2.65
605055.SSE,2025-05-14,2025-05-09,3.96,5.29,9.28,2.59,3.79,1.28,3.96,阳阳阳,3.96,1.28
605058.SSE,2025-01-21,2025-01-17,-1.02,-3.71,1.04,-3.34,4.93,-2.72,-1.02,阳阴阴,4.93,-2.72
605066.SSE,2024-12-27,2024-12-25,2.07,-3.11,-2.64,-4.14,0.49,-5.08,2.07,阳阴阳,2.07,-5.08
605066.SSE,2025-03-03,2025-02-27,0.6,-1.48,-0.45,-1.49,1.05,-2.07,0.6,阳阴阳,1.05,-2.07
605066.SSE,2025-03-04,2025-02-27,0.6,-1.48,-0.45,-1.49,1.05,-2.07,0.6,阳阴阳,1.05,-2.07
605068.SSE,2026-07-29,2026-07-27,-0.99,2.63,0.64,1.87,-1.93,3.65,-0.99,阴阳阴,3.65,-1.93
605068.SSE,2026-07-30,2026-07-27,-0.99,2.63,0.64,1.87,-1.93,3.65,-0.99,阴阳阴,3.65,-1.93
605069.SSE,2023-08-22,2023-08-18,0.43,1.95,1.62,2.85,-0.32,1.51,0.43,阴阳阳,1.51,-0.32
605069.SSE,2023-08-23,2023-08-18,0.43,1.95,1.62,2.85,-0.32,1.51,0.43,阴阳阳,1.51,-0.32
605069.SSE,2024-10-30,2024-10-28,3.01,1.7,3.01,1.16,1.29,-1.27,3.01,阳阴阳,3.01,-1.27
605069.SSE,2025-02-05,2025-01-24,1.74,0.43,-1.68,-10.87,-2.1,-1.29,1.74,阴阴阳,1.74,-2.1
605069.SSE,2025-03-26,2025-03-24,2.0,1.36,-0.61,-6.03,-1.95,-0.63,2.0,阴阴阳,2.0,-1.95
605069.SSE,2026-06-24,2026-06-22,2.69,2.69,4.43,-1.1,1.7,0.0,2.69,阳阳阳,2.69,0.0
605086.SSE,2024-12-18,2024-12-16,-3.55,-1.62,1.41,6.62,3.08,2.0,-3.55,阳阳阴,3.08,-3.55
605086.SSE,2024-12-19,2024-12-16,-3.55,-1.62,1.41,6.62,3.08,2.0,-3.55,阳阳阴,3.08,-3.55
605088.SSE,2024-04-03,2024-04-01,1.38,2.99,-0.79,2.88,-3.67,1.59,1.38,阴阳阳,1.59,-3.67
605099.SSE,2025-06-04,2025-05-30,-2.53,1.0,1.18,5.8,0.18,3.63,-2.53,阳阳阴,3.63,-2.53
605099.SSE,2025-06-05,2025-05-30,-2.53,1.0,1.18,5.8,0.18,3.63,-2.53,阳阳阴,3.63,-2.53
605100.SSE,2025-02-25,2025-02-21,0.85,2.14,0.49,1.43,-1.62,1.29,0.85,阴阳阳,1.29,-1.62
605100.SSE,2025-03-12,2025-03-10,-9.98,-0.99,-0.91,21.09,0.08,9.99,-9.98,阳阳阴,9.99,-9.98
605118.SSE,2023-06-01,2023-05-30,-5.17,-1.3,-6.45,7.07,-5.22,4.09,-5.17,阴阳阴,4.09,-5.22
605118.SSE,2023-06-02,2023-05-30,-5.17,-1.3,-6.45,7.07,-5.22,4.09,-5.17,阴阳阴,4.09,-5.22
605118.SSE,2023-12-29,2023-12-27,1.28,5.27,5.09,6.34,-0.17,3.94,1.28,阴阳阳,3.94,-0.17
605118.SSE,2024-01-02,2023-12-27,1.28,5.27,5.09,6.34,-0.17,3.94,1.28,阴阳阳,3.94,-0.17
605133.SSE,2025-05-07,2025-04-30,1.14,2.77,0.82,9.56,-1.9,1.61,1.14,阴阳阳,1.61,-1.9
605136.SSE,2025-05-19,2025-05-15,0.91,1.56,1.43,-1.53,-0.13,0.65,0.91,阴阳阳,0.91,-0.13
605136.SSE,2025-05-20,2025-05-15,0.91,1.56,1.43,-1.53,-0.13,0.65,0.91,阴阳阳,0.91,-0.13
605138.SSE,2025-05-15,2025-05-13,-0.78,2.57,1.59,4.38,-0.96,3.38,-0.78,阴阳阴,3.38,-0.96
605155.SSE,2025-03-12,2025-03-10,2.95,2.59,3.58,4.53,0.96,-0.35,2.95,阳阴阳,2.95,-0.35
605162.SSE,2023-06-27,2023-06-21,-2.71,0.11,0.43,4.12,0.32,2.89,-2.71,阳阳阴,2.89,-2.71
605162.SSE,2024-05-28,2024-05-24,-3.25,-2.61,-3.75,0.92,-1.16,0.65,-3.25,阴阳阴,0.65,-3.25
605162.SSE,2025-07-08,2025-07-04,1.84,1.97,3.33,1.6,1.33,0.13,1.84,阳阳阳,1.84,0.13
605162.SSE,2025-07-09,2025-07-04,1.84,1.97,3.33,1.6,1.33,0.13,1.84,阳阳阳,1.84,0.13
605162.SSE,2026-04-02,2026-03-31,-5.8,-3.92,-3.65,3.9,0.27,2.0,-5.8,阳阳阴,2.0,-5.8
605162.SSE,2026-04-03,2026-03-31,-5.8,-3.92,-3.65,3.9,0.27,2.0,-5.8,阳阳阴,2.0,-5.8
605167.SSE,2024-01-03,2023-12-29,3.23,4.23,3.11,-0.71,-1.08,0.97,3.23,阴阳阳,3.23,-1.08
605167.SSE,2024-01-04,2023-12-29,3.23,4.23,3.11,-0.71,-1.08,0.97,3.23,阴阳阳,3.23,-1.08
605169.SSE,2025-05-19,2025-05-15,0.1,0.29,0.88,-0.1,0.59,0.19,0.1,阳阳阳,0.59,0.1
605169.SSE,2025-08-07,2025-08-05,1.58,3.13,2.12,1.52,-0.97,1.52,1.58,阴阳阳,1.58,-0.97
605178.SSE,2023-06-09,2023-06-06,1.01,2.73,3.94,1.85,1.18,1.7,1.01,阳阳阳,1.7,1.01
605178.SSE,2024-06-26,2024-06-24,-7.5,-3.94,5.69,19.75,10.02,3.86,-7.5,阳阳阴,10.02,-7.5
605178.SSE,2024-06-27,2024-06-24,-7.5,-3.94,5.69,19.75,10.02,3.86,-7.5,阳阳阴,10.02,-7.5
605179.SSE,2023-12-07,2023-12-05,-2.43,-6.42,-3.84,1.57,2.76,-4.09,-2.43,阳阴阴,2.76,-4.09
605179.SSE,2023-12-08,2023-12-05,-2.43,-6.42,-3.84,1.57,2.76,-4.09,-2.43,阳阴阴,2.76,-4.09
605179.SSE,2024-11-28,2024-11-26,3.27,-1.17,-1.46,-3.26,-0.29,-4.3,3.27,阴阴阳,3.27,-4.3
605179.SSE,2024-11-29,2024-11-26,3.27,-1.17,-1.46,-3.26,-0.29,-4.3,3.27,阴阴阳,3.27,-4.3
605179.SSE,2026-07-31,2026-07-28,1.77,-4.13,-7.8,-9.41,-3.83,-5.8,1.77,阴阴阳,1.77,-5.8
605179.SSE,2026-08-12,2026-08-10,5.45,-2.14,5.3,1.64,7.61,-7.2,5.45,阳阴阳,7.61,-7.2
605179.SSE,2026-08-13,2026-08-10,5.45,-2.14,5.3,1.64,7.61,-7.2,5.45,阳阴阳,7.61,-7.2
605180.SSE,2024-03-26,2024-03-21,2.72,2.32,4.24,1.38,1.87,-0.39,2.72,阳阴阳,2.72,-0.39
605188.SSE,2025-04-16,2025-04-14,2.76,8.63,13.83,18.83,4.79,5.71,2.76,阳阳阳,5.71,2.76
605188.SSE,2025-04-17,2025-04-14,2.76,8.63,13.83,18.83,4.79,5.71,2.76,阳阳阳,5.71,2.76
605188.SSE,2025-08-13,2025-08-11,1.01,0.64,0.18,0.74,-0.46,-0.37,1.01,阴阴阳,1.01,-0.46
605188.SSE,2025-08-28,2025-08-26,3.35,-0.5,1.61,8.13,2.12,-3.72,3.35,阳阴阳,3.35,-3.72
605188.SSE,2025-08-29,2025-08-26,3.35,-0.5,1.61,8.13,2.12,-3.72,3.35,阳阴阳,3.35,-3.72
605188.SSE,2025-10-15,2025-10-13,2.28,-0.06,-0.19,-2.35,-0.13,-2.29,2.28,阴阴阳,2.28,-2.29
605189.SSE,2026-07-03,2026-07-01,-1.39,-2.82,-6.44,-8.33,-3.73,-1.45,-1.39,阴阴阴,-1.39,-3.73
605198.SSE,2024-03-27,2024-03-22,1.55,0.6,-0.6,0.28,-1.19,-0.93,1.55,阴阴阳,1.55,-1.19
605198.SSE,2024-04-02,2024-03-29,-2.17,0.0,9.98,23.69,9.98,2.22,-2.17,阳阳阴,9.98,-2.17
605198.SSE,2026-06-16,2026-06-12,-4.04,-3.57,3.1,13.43,6.91,0.49,-4.04,阳阳阴,6.91,-4.04
605198.SSE,2026-06-17,2026-06-12,-4.04,-3.57,3.1,13.43,6.91,0.49,-4.04,阳阳阴,6.91,-4.04
605208.SSE,2025-01-07,2025-01-03,-4.15,-6.69,-4.52,9.52,2.33,-2.65,-4.15,阳阴阴,2.33,-4.15
605208.SSE,2025-02-26,2025-02-24,-0.82,-1.06,5.38,8.02,6.51,-0.24,-0.82,阳阴阴,6.51,-0.82
605208.SSE,2025-03-10,2025-03-06,3.67,14.06,16.31,7.75,1.97,10.02,3.67,阳阳阳,10.02,1.97
605218.SSE,2023-11-23,2023-11-21,-6.34,-4.27,-2.41,7.9,1.94,2.21,-6.34,阳阳阴,2.21,-6.34
605218.SSE,2023-11-24,2023-11-21,-6.34,-4.27,-2.41,7.9,1.94,2.21,-6.34,阳阳阴,2.21,-6.34
605218.SSE,2023-12-05,2023-12-01,-4.14,-13.72,-14.81,-2.26,-1.27,-9.99,-4.14,阴阴阴,-1.27,-9.99
605218.SSE,2024-09-04,2024-09-02,2.75,4.21,5.71,-2.79,1.44,1.42,2.75,阳阳阳,2.75,1.42
605218.SSE,2024-09-05,2024-09-02,2.75,4.21,5.71,-2.79,1.44,1.42,2.75,阳阳阳,2.75,1.42
605255.SSE,2023-11-10,2023-11-07,1.71,-0.46,-2.27,-7.12,-1.81,-2.14,1.71,阴阴阳,1.71,-2.14
605255.SSE,2025-11-27,2025-11-25,6.8,5.46,-2.86,-4.59,-7.89,-1.25,6.8,阴阴阳,6.8,-7.89
605258.SSE,2024-06-05,2024-06-03,1.47,1.42,2.09,-0.33,0.67,-0.05,1.47,阳阴阳,1.47,-0.05
605259.SSE,2025-07-16,2025-07-14,6.79,7.84,6.68,1.04,-1.07,0.99,6.79,阴阳阳,6.79,-1.07
605268.SSE,2025-07-31,2025-07-29,-0.1,-2.12,-0.61,4.29,1.54,-2.02,-0.1,阳阴阴,1.54,-2.02
605277.SSE,2024-03-21,2024-03-19,-1.04,8.83,7.2,8.56,-1.5,9.97,-1.04,阴阳阴,9.97,-1.5
605277.SSE,2024-03-22,2024-03-19,-1.04,8.83,7.2,8.56,-1.5,9.97,-1.04,阴阳阴,9.97,-1.5
605277.SSE,2025-01-24,2025-01-22,-0.6,2.88,4.1,4.51,1.18,3.5,-0.6,阳阳阴,3.5,-0.6
605287.SSE,2026-02-11,2026-02-09,-4.82,-8.27,-10.68,0.71,-2.62,-3.63,-4.82,阴阴阴,-2.62,-4.82
605287.SSE,2026-02-12,2026-02-09,-4.82,-8.27,-10.68,0.71,-2.62,-3.63,-4.82,阴阴阴,-2.62,-4.82
605288.SSE,2025-09-02,2025-08-29,3.42,-1.37,0.25,6.64,1.65,-4.63,3.42,阳阴阳,3.42,-4.63
605289.SSE,2026-02-25,2026-02-13,6.83,10.24,12.39,8.3,1.95,3.19,6.83,阳阳阳,6.83,1.95
605289.SSE,2026-02-26,2026-02-13,6.83,10.24,12.39,8.3,1.95,3.19,6.83,阳阳阳,6.83,1.95
605298.SSE,2024-03-12,2024-03-07,1.37,-2.91,-2.08,-3.13,0.85,-4.23,1.37,阳阴阳,1.37,-4.23
605298.SSE,2025-08-13,2025-08-11,2.99,2.64,3.95,3.39,1.28,-0.34,2.99,阳阴阳,2.99,-0.34
605298.SSE,2025-09-09,2025-09-05,-5.42,-1.49,0.61,13.83,2.13,4.15,-5.42,阳阳阴,4.15,-5.42
605299.SSE,2025-12-08,2025-12-04,3.08,5.21,5.0,0.97,-0.2,2.06,3.08,阴阳阳,3.08,-0.2
605299.SSE,2025-12-09,2025-12-04,3.08,5.21,5.0,0.97,-0.2,2.06,3.08,阴阳阳,3.08,-0.2
605299.SSE,2026-03-26,2026-03-24,-4.12,5.47,4.27,14.96,-1.14,10.0,-4.12,阴阳阴,10.0,-4.12
605300.SSE,2024-12-02,2024-11-28,-1.64,8.18,9.98,6.66,1.66,9.98,-1.64,阳阳阴,9.98,-1.64
605303.SSE,2024-05-20,2024-05-16,-0.49,3.31,0.12,-1.09,-3.09,3.82,-0.49,阴阳阴,3.82,-3.09
605303.SSE,2025-03-12,2025-03-07,-0.22,0.45,5.77,7.78,5.3,0.67,-0.22,阳阳阴,5.3,-0.22
605303.SSE,2025-08-20,2025-08-18,-2.05,-3.72,-2.81,-2.31,0.94,-1.7,-2.05,阳阴阴,0.94,-2.05
605303.SSE,2025-08-21,2025-08-18,-2.05,-3.72,-2.81,-2.31,0.94,-1.7,-2.05,阳阴阴,0.94,-2.05
605303.SSE,2025-09-16,2025-09-12,0.13,0.65,-1.4,-1.96,-2.03,0.52,0.13,阴阳阳,0.52,-2.03
605318.SSE,2026-06-11,2026-06-09,-1.98,5.3,4.74,5.76,-0.53,7.43,-1.98,阴阳阴,7.43,-1.98
605333.SSE,2023-10-11,2023-10-09,5.12,2.44,7.62,6.24,5.06,-2.55,5.12,阳阴阳,5.12,-2.55
605337.SSE,2024-12-12,2024-12-10,-1.73,-1.9,-2.82,-2.44,-0.94,-0.17,-1.73,阴阴阴,-0.17,-1.73
605337.SSE,2024-12-13,2024-12-10,-1.73,-1.9,-2.82,-2.44,-0.94,-0.17,-1.73,阴阴阴,-0.17,-1.73
605358.SSE,2025-09-25,2025-09-23,2.28,4.16,4.88,2.42,0.69,1.83,2.28,阳阳阳,2.28,0.69
605365.SSE,2023-09-14,2023-09-12,-7.65,1.59,-4.15,14.19,-5.64,10.01,-7.65,阴阳阴,10.01,-7.65
605365.SSE,2023-09-15,2023-09-12,-7.65,1.59,-4.15,14.19,-5.64,10.01,-7.65,阴阳阴,10.01,-7.65
605365.SSE,2026-04-23,2026-04-21,-1.53,0.52,6.21,18.63,5.66,2.08,-1.53,阳阳阴,5.66,-1.53
605366.SSE,2026-06-26,2026-06-23,-8.31,-8.82,-10.73,3.48,-2.09,-0.56,-8.31,阴阴阴,-0.56,-8.31
605376.SSE,2025-02-21,2025-02-19,1.39,-0.65,4.92,3.69,5.61,-2.01,1.39,阳阴阳,5.61,-2.01
605388.SSE,2024-12-03,2024-11-29,2.31,2.65,4.2,6.69,1.51,0.33,2.31,阳阳阳,2.31,0.33
605388.SSE,2026-04-17,2026-04-15,3.1,1.22,1.52,-3.44,0.3,-1.82,3.1,阳阴阳,3.1,-1.82
605398.SSE,2025-09-12,2025-09-10,-1.27,-1.73,2.42,3.17,4.22,-0.46,-1.27,阳阴阴,4.22,-1.27
605399.SSE,2024-01-18,2024-01-16,-1.4,-1.63,1.2,2.88,2.88,-0.23,-1.4,阳阴阴,2.88,-1.4
605399.SSE,2024-01-19,2024-01-16,-1.4,-1.63,1.2,2.88,2.88,-0.23,-1.4,阳阴阴,2.88,-1.4
605399.SSE,2025-07-14,2025-07-10,-2.33,-0.08,1.86,2.87,1.94,2.3,-2.33,阳阳阴,2.3,-2.33
605399.SSE,2025-07-15,2025-07-10,-2.33,-0.08,1.86,2.87,1.94,2.3,-2.33,阳阳阴,2.3,-2.33
605488.SSE,2023-12-15,2023-12-13,2.01,3.54,1.88,-2.55,-1.61,1.5,2.01,阴阳阳,2.01,-1.61
605488.SSE,2024-04-08,2024-04-02,2.55,5.72,8.4,3.65,2.54,3.09,2.55,阳阳阳,3.09,2.54
605488.SSE,2025-01-22,2025-01-20,0.8,-2.16,-2.52,1.53,-0.37,-2.93,0.8,阴阴阳,0.8,-2.93
605488.SSE,2025-01-23,2025-01-20,0.8,-2.16,-2.52,1.53,-0.37,-2.93,0.8,阴阴阳,0.8,-2.93
605488.SSE,2025-02-21,2025-02-19,7.3,18.03,14.01,5.82,-3.4,10.0,7.3,阴阳阳,10.0,-3.4
605500.SSE,2025-07-07,2025-07-03,0.67,1.35,1.49,1.09,0.14,0.68,0.67,阳阳阳,0.68,0.14
605577.SSE,2023-11-24,2023-11-22,6.64,7.02,5.74,0.0,-1.19,0.35,6.64,阴阳阳,6.64,-1.19
605577.SSE,2023-12-05,2023-12-01,0.9,-3.93,-13.54,-22.89,-10.01,-4.79,0.9,阴阴阳,0.9,-10.01
605577.SSE,2023-12-06,2023-12-01,0.9,-3.93,-13.54,-22.89,-10.01,-4.79,0.9,阴阴阳,0.9,-10.01
605577.SSE,2023-12-13,2023-12-11,-6.79,2.53,12.78,33.09,10.0,10.0,-6.79,阳阳阴,10.0,-6.79
605577.SSE,2026-09-02,2026-08-31,0.84,-0.31,-3.4,-1.34,-3.1,-1.14,0.84,阴阴阳,0.84,-3.1
605577.SSE,2026-09-03,2026-08-31,0.84,-0.31,-3.4,-1.34,-3.1,-1.14,0.84,阴阴阳,0.84,-3.1
605580.SSE,2023-05-26,2023-05-24,-3.0,2.13,2.32,4.03,0.19,5.29,-3.0,阳阳阴,5.29,-3.0
605580.SSE,2023-05-29,2023-05-24,-3.0,2.13,2.32,4.03,0.19,5.29,-3.0,阳阳阴,5.29,-3.0
605580.SSE,2024-03-18,2024-03-14,3.25,4.96,6.85,3.6,1.8,1.65,3.25,阳阳阳,3.25,1.65
605588.SSE,2023-06-02,2023-05-31,0.77,0.32,3.96,4.19,3.63,-0.45,0.77,阳阴阳,3.63,-0.45
605588.SSE,2023-06-05,2023-05-31,0.77,0.32,3.96,4.19,3.63,-0.45,0.77,阳阴阳,3.63,-0.45
605588.SSE,2023-10-10,2023-09-28,-2.8,-1.21,-2.41,-4.76,-1.21,1.64,-2.8,阴阳阴,1.64,-2.8
605588.SSE,2023-10-11,2023-09-28,-2.8,-1.21,-2.41,-4.76,-1.21,1.64,-2.8,阴阳阴,1.64,-2.8
605588.SSE,2025-03-31,2025-03-27,1.52,3.51,-0.02,-5.05,-3.41,1.96,1.52,阴阳阳,1.96,-3.41
605598.SSE,2025-12-26,2025-12-24,0.97,8.44,5.46,4.86,-2.74,7.4,0.97,阴阳阳,7.4,-2.74
