vt_symbol,name,date,ym,组,出手,通道,位置,夹层,曾收顶上,res,D1开%,D1收%,板留%,距顶%,坑深%,弹回%,坑宽,ma_st,上波高,昨幅%,昨上影%,昨涨停家,is_wv,v3grp,is_lim,n1_lim,prev_lim
000006.SZSE,深振业Ａ,2025-10-21,2025-10,2板补涨阴,False,,U坑内,,True,封D1负,4.01,-0.68,-0.68,-8.45,-12.8,4.98,6,+++,2,-1.8,2.21,66.0,False,,True,False,False
000011.SZSE,深物业A,2025-08-14,2025-08,2板补涨阴,False,,无U,,False,炸板,-11.58,-9.78,-9.78,-3.71,-3.71,0.0,2,+++,2,-3.71,1.33,80.0,False,,False,False,False
000012.SZSE,南 玻Ａ,2026-06-22,2026-06,2板补涨阴,False,,U突破,,True,封D1负,-0.85,-1.27,-1.27,-2.27,-9.09,7.5,20,+++,2,-7.13,0.65,75.0,False,,True,False,False
000020.SZSE,深华发Ａ,2024-09-09,2024-09,2板补涨阴,False,,U坑内,,False,连板,-1.12,10.04,-0.96,-13.59,-13.59,0.0,3,+++,2,-6.21,2.15,26.0,True,01,True,True,False
000029.SZSE,深深房Ａ,2026-06-09,2026-06,2板补涨阴,False,,U坑内,,True,连板,4.97,9.98,3.75,-15.78,-15.78,0.0,20,--+,2,-3.38,0.35,45.0,True,02,True,True,False
000029.SZSE,深深房Ａ,2026-06-16,2026-06,2板补涨阴,False,,U坑内,,False,封D1正,1.23,3.44,3.44,-6.97,-6.97,0.0,4,+--,2,-0.91,1.58,127.0,False,,True,False,False
000035.SZSE,中国天楹,2026-03-06,2026-03,2板补涨阴,False,,U突破,,False,炸板,-4.52,-5.38,-5.38,-3.5,-4.41,0.95,4,+++,2,-1.72,2.64,55.0,False,,False,False,False
000035.SZSE,中国天楹,2026-03-24,2026-03,2板补涨阴,False,,U坑内,,True,封D1正,0.67,1.34,1.34,-12.06,-12.06,0.0,16,-++,2,-2.45,2.59,24.0,False,,True,False,False
000036.SZSE,华联控股,2026-02-25,2026-02,2板补涨阴,False,,U坑内,,True,封D1负,1.65,-6.26,-6.26,-18.7,-18.7,0.0,18,---,2,-0.18,2.17,82.0,False,,True,False,False
000058.SZSE,深 赛 格,2024-09-06,2024-09,2板补涨阴,False,,无U,,False,炸板,-7.01,4.08,-6.37,-0.14,-0.14,0.0,2,+++,2,-0.14,3.64,39.0,False,,False,True,False
000062.SZSE,深圳华强,2026-05-11,2026-05,2板补涨阴,True,U坑,U坑内,,False,封D1负,1.05,-4.35,-4.35,-5.9,-5.9,0.0,7,+++,2,-5.13,0.83,89.0,False,,True,False,False
000065.SZSE,北方国际,2025-02-24,2025-02,2板补涨阴,False,,U坑内,,False,封D1负,9.05,-1.86,-1.86,-6.09,-6.09,0.0,3,+++,2,-0.88,1.06,82.0,False,,True,False,False
000096.SZSE,广聚能源,2025-02-20,2025-02,2板补涨阴,False,,无U,,False,封D1负,-5.9,-6.39,-6.39,-3.52,-3.52,0.0,2,+++,2,-3.52,0.26,90.0,False,,True,False,False
000096.SZSE,广聚能源,2025-02-24,2025-02,2板补涨阴,False,,无U,,False,连板,10.03,10.03,31.34,-0.65,-3.52,2.97,4,+++,2,-6.39,2.64,82.0,True,03,True,True,False
000099.SZSE,中信海直,2024-03-27,2024-03,2板补涨阴,False,,U坑内,,True,连板,10.01,10.01,29.87,-8.87,-8.87,0.0,10,-++,2,-1.17,2.18,50.0,True,05,True,True,False
000099.SZSE,中信海直,2024-11-18,2024-11,2板补涨阴,False,,U坑内,,True,封D1正,-0.76,2.85,2.85,-11.85,-11.85,0.0,8,+++,2,-5.16,1.04,53.0,False,,True,False,False
000156.SZSE,华数传媒,2025-02-21,2025-02,2板补涨阴,False,,U坑内,,True,炸板,-3.78,-6.7,-6.7,-9.66,-12.02,2.68,7,+++,2,0.0,3.92,76.0,False,,False,False,False
000410.SZSE,沈阳机床,2023-06-14,2023-06,2板补涨阴,True,U坑,U坑内,,False,炸板,-5.79,1.06,1.06,-12.7,-14.74,2.39,14,+-+,2,-0.39,0.52,35.0,False,,False,False,False
000421.SZSE,南京公用,2024-07-29,2024-07,2板补涨阴,False,,U坑内,,True,连板,1.66,9.98,3.14,-13.53,-16.34,3.36,8,-++,2,-2.19,0.4,44.0,True,02,True,True,False
000421.SZSE,南京公用,2024-12-26,2024-12,2板补涨阴,False,,U坑内,,False,连板,10.03,10.03,13.43,-23.9,-23.9,0.0,20,--+,2,-6.36,0.0,31.0,True,03,True,True,False
000504.SZSE,南华生物,2024-02-21,2024-02,2板补涨阴,False,,无U,,False,封D1正,4.79,8.93,8.93,-0.42,-0.42,0.0,2,---,2,-0.42,0.85,80.0,False,,True,False,False
000504.SZSE,南华生物,2024-03-04,2024-03,2板补涨阴,False,,无U,,True,封D1正,5.19,1.18,1.18,9.21,-0.42,9.67,10,++-,2,-1.41,1.28,56.0,False,,True,False,False
000504.SZSE,南华生物,2024-03-08,2024-03,2板补涨阴,False,,无U,,True,封D1正,1.03,0.34,0.34,13.03,-0.42,13.51,14,-+-,2,-4.2,0.72,44.0,False,,True,False,False
000504.SZSE,南华生物,2024-03-13,2024-03,2板补涨阴,False,,无U,,True,炸板,-2.08,-3.02,-3.02,23.65,-0.42,24.18,17,++-,2,-0.91,1.02,57.0,False,,False,False,False
000506.SZSE,招金黄金,2026-07-02,2026-07,2板补涨阴,False,,U坑内,,True,连板,5.08,9.99,3.97,-24.11,-24.11,0.0,12,---,2,-2.22,1.96,130.0,True,02,True,True,False
000510.SZSE,新金路,2025-06-03,2025-06,2板补涨阴,False,,U坑内,,True,封D1负,2.82,-0.33,-0.33,-7.28,-7.28,0.0,5,++-,2,-4.03,1.23,32.0,False,,True,False,False
000514.SZSE,渝 开 发,2025-04-22,2025-04,2板补涨阴,False,,U坑内,,False,炸板,-7.84,-12.08,-12.08,-4.67,-4.67,0.0,2,+--,2,-4.67,0.89,86.0,False,,False,False,False
000514.SZSE,渝 开 发,2025-04-24,2025-04,2板补涨阴,False,,U坑内,,False,封D1正,1.97,5.91,5.91,-7.78,-7.78,0.0,4,++-,2,-7.57,1.78,52.0,False,,True,False,False
000518.SZSE,四环生物,2024-08-12,2024-08,2板补涨阴,False,,U坑内,,False,封D1负,2.65,-2.21,-2.21,-12.39,-12.39,0.0,6,+++,2,-5.09,0.46,23.0,False,,True,False,False
000520.SZSE,凤凰航运,2024-05-09,2024-05,2板补涨阴,True,U坑,U坑内,,False,封D1正,2.87,1.08,1.08,-17.8,-21.04,4.1,11,--+,2,-0.39,2.35,37.0,False,,True,False,False
000520.SZSE,凤凰航运,2024-05-20,2024-05,2板补涨阴,False,,U坑内,,False,封D1负,-1.63,-1.31,-1.31,-10.03,-21.04,13.93,18,+++,2,-2.8,3.15,61.0,False,,True,False,False
000520.SZSE,凤凰航运,2026-06-15,2026-06,2板补涨阴,False,,U坑内,,True,封D1正,-3.94,0.22,0.22,-9.78,-9.78,0.0,6,++-,2,-0.95,2.86,83.0,False,,True,False,False
000522.SZSE,白云山A,2012-05-16,2012-05,2板补涨阴,False,,U坑内,,False,封D1负,-5.46,-5.01,-5.01,-8.91,-8.91,0.0,2,+++,2,-8.91,0.0,0.0,False,,True,False,False
000523.SZSE,红棉股份,2025-12-26,2025-12,2板补涨阴,False,,U坑内,,False,封D1负,2.96,-3.46,-3.46,-10.24,-10.24,0.0,4,+++,2,-2.65,0.53,72.0,False,,True,False,False
000526.SZSE,学大教育,2023-06-14,2023-06,2板补涨阴,False,,U突破,,True,封D1负,-2.49,-6.53,-6.53,-1.05,-7.48,6.95,12,+++,2,-2.57,1.5,35.0,False,,True,False,False
000530.SZSE,冰山冷热,2024-11-25,2024-11,2板补涨阴,False,,U坑内,,True,炸板,-3.2,-3.73,-3.73,-10.96,-12.0,1.19,12,-++,2,-4.3,1.12,60.0,False,,False,False,False
000530.SZSE,冰山冷热,2025-12-05,2025-12,2板补涨阴,False,,无U,,True,炸板,-7.06,-6.2,-6.2,-1.48,-1.48,0.0,3,+--,2,-4.68,1.95,30.0,False,,False,False,False
000530.SZSE,冰山冷热,2025-12-17,2025-12,2板补涨阴,False,,无U,,True,炸板,-8.1,-9.31,-9.31,0.94,-1.48,2.45,11,++-,2,-4.93,3.54,38.0,False,,False,False,False
000530.SZSE,冰山冷热,2025-12-30,2025-12,2板补涨阴,False,,U坑内,,True,封D1负,0.13,-2.66,-2.66,-8.19,-8.19,0.0,20,--+,2,-4.2,0.28,64.0,False,,True,False,False
000533.SZSE,顺钠股份,2025-11-13,2025-11,2板补涨阴,False,,无U,,False,封D1负,-1.06,-10.03,-10.03,8.02,3.55,4.31,5,+++,2,-4.84,3.83,48.0,False,,True,False,False
000534.SZSE,万泽股份,2025-08-08,2025-08,2板补涨阴,False,,U坑内,,False,封D1负,0.0,-0.87,-0.87,-9.42,-9.42,0.0,4,+++,2,-2.97,3.28,47.0,False,,True,False,False
000534.SZSE,万泽股份,2026-04-01,2026-04,2板补涨阴,False,,U坑内,,True,封D1负,1.8,-1.56,-1.56,-21.87,-21.87,0.0,17,--+,2,-1.45,0.44,44.0,False,,True,False,False
000539.SZSE,粤电力Ａ,2026-04-23,2026-04,2板补涨阴,False,,U坑内,,True,炸板,-5.96,-9.02,-9.02,-12.2,-28.42,22.66,20,+-+,2,2.5,1.72,49.0,False,,False,False,False
000545.SZSE,金浦钛业,2026-02-27,2026-02,2板补涨阴,False,,无U,,False,炸板,-1.63,-5.69,-5.69,-2.05,-2.05,0.0,2,++-,2,-2.05,2.34,52.0,False,,False,False,False
000545.SZSE,金浦钛业,2026-03-06,2026-03,2板补涨阴,False,,无U,,True,封D1负,0.27,-3.47,-3.47,-0.29,-2.05,1.79,7,+++,2,0.29,1.18,55.0,False,,True,False,False
000545.SZSE,金浦钛业,2026-03-11,2026-03,2板补涨阴,False,,无U,,False,封D1正,8.62,2.87,2.87,1.75,-2.05,3.88,10,+++,2,-3.87,0.28,49.0,False,,True,False,False
000550.SZSE,江铃汽车,2023-07-25,2023-07,2板补涨阴,False,,U坑内,,True,封D1正,2.56,3.58,3.58,-7.46,-7.46,0.0,5,+++,2,-3.5,0.84,19.0,False,,True,False,False
000550.SZSE,江铃汽车,2023-11-17,2023-11,2板补涨阴,False,,无U,,True,封D1负,-1.54,-6.68,-6.68,4.06,4.06,0.0,2,+++,2,4.06,3.2,25.0,False,,True,False,False
000551.SZSE,创元科技,2024-10-18,2024-10,2板补涨阴,False,,无U,,True,封D1正,1.91,2.42,2.42,7.93,3.66,4.12,8,+++,2,-0.96,2.72,41.0,False,,True,False,False
000554.SZSE,泰山石油,2025-06-23,2025-06,2板补涨阴,False,,U坑内,,True,封D1负,-10.04,-10.04,-10.04,-4.45,-4.45,0.0,5,+++,2,-7.73,2.21,36.0,False,,True,False,False
000555.SZSE,神州信息,2024-10-29,2024-10,2板补涨阴,True,U坑,U坑内,,False,封D1负,1.85,-4.0,-4.0,-5.14,-15.09,11.72,15,+++,2,-0.34,0.42,179.0,False,,True,False,False
000555.SZSE,神州信息,2025-11-03,2025-11,2板补涨阴,False,,无U,,True,封D1正,-4.12,5.04,5.04,2.99,2.99,0.0,2,+++,2,2.99,1.3,47.0,False,,True,False,False
000559.SZSE,万向钱潮,2025-10-31,2025-10,2板补涨阴,False,,U坑内,,True,封D1负,9.88,-0.8,-0.8,-12.1,-16.33,5.06,18,+-+,2,-5.7,0.0,42.0,False,,True,False,False
000560.SZSE,我爱我家,2024-05-06,2024-05,2板补涨阴,False,,无U,,True,炸板,-10.55,-7.34,-7.34,4.21,4.21,0.0,2,+--,2,4.21,2.63,47.0,False,,False,False,False
000561.SZSE,烽火电子,2025-06-17,2025-06,2板补涨阴,False,,U坑内,,False,炸板,-5.56,-4.95,-4.95,-5.96,-7.94,2.16,16,--+,2,-1.32,0.22,41.0,False,,False,False,False
000561.SZSE,烽火电子,2025-06-23,2025-06,2板补涨阴,False,,U坑内,,False,封D1正,1.6,3.2,3.2,-10.87,-10.87,0.0,20,+-+,2,-5.01,0.45,36.0,False,,True,False,False
000566.SZSE,海南海药,2026-08-25,2026-08,2板补涨阴,False,,U坑内,,True,封D1正,0.0,1.21,1.21,-22.47,-22.47,0.0,20,--+,2,-6.61,0.83,41.0,False,,True,False,False
000569.SZSE,长城股份,2006-06-16,2006-06,2板补涨阴,False,,U坑内,,True,炸板,-6.16,-1.72,-1.72,-36.38,-36.38,0.0,14,---,2,-1.6,2.67,0.0,False,,False,False,False
000571.SZSE,新大洲A,2026-07-15,2026-07,2板补涨阴,False,,U坑内,,True,封D1负,-1.84,-3.99,-3.99,-7.64,-7.64,0.0,16,-++,2,-0.67,0.0,71.0,False,,True,False,False
000572.SZSE,海马汽车,2025-10-31,2025-10,2板补涨阴,True,U坑,U坑内,,False,连板,4.39,10.0,36.36,-15.97,-20.59,5.82,11,-++,2,-1.8,2.62,42.0,True,03,True,True,False
000586.SZSE,汇源通信,2024-08-14,2024-08,2板补涨阴,False,,U坑内,,False,炸板,-4.71,-2.55,-2.55,-16.88,-16.88,0.0,4,++-,2,-1.52,0.83,25.0,False,,False,False,False
000592.SZSE,平潭发展,2025-10-23,2025-10,2板补涨阴,False,,U坑内,,False,连板,7.51,9.93,55.93,-8.09,-8.09,0.0,3,+++,2,-5.06,1.01,51.0,True,05,True,True,False
000593.SZSE,德龙汇能,2026-05-27,2026-05,2板补涨阴,False,,U坑内,,True,炸板,-4.66,-7.2,-7.2,-18.63,-18.63,0.0,18,--+,2,-7.17,0.0,45.0,False,,False,False,False
000595.SZSE,新能股份,2024-03-05,2024-03,2板补涨阴,False,,U坑内,,True,封D1正,0.99,6.55,6.55,-7.29,-9.31,2.23,6,++-,2,-1.72,1.07,61.0,False,,True,False,False
000595.SZSE,新能股份,2024-08-21,2024-08,2板补涨阴,False,,U坑内,,True,封D1正,0.0,1.72,1.72,-10.6,-10.6,0.0,17,--+,2,-1.85,0.53,17.0,False,,True,False,False
000595.SZSE,新能股份,2026-07-22,2026-07,2板补涨阴,False,,U坑内,,True,连板,9.96,9.96,17.13,-26.92,-26.92,0.0,13,---,2,-2.98,0.64,83.0,True,05,True,True,False
000599.SZSE,青岛双星,2024-11-11,2024-11,2板补涨阴,False,,U坑内,,False,封D1正,4.53,0.17,0.17,-17.14,-19.37,2.76,9,-++,2,-1.51,0.94,95.0,False,,True,False,False
000601.SZSE,韶能股份,2025-04-14,2025-04,2板补涨阴,False,,U突破,,True,连板,3.05,10.04,5.56,-3.98,-7.01,3.26,16,-++,2,-4.52,2.26,64.0,True,05,True,True,False
000601.SZSE,韶能股份,2025-04-24,2025-04,2板补涨阴,False,,U坑内,,True,连板,1.58,9.98,8.72,-6.51,-6.51,0.0,7,+++,2,-2.71,1.19,52.0,True,05,True,True,False
000601.SZSE,韶能股份,2026-05-27,2026-05,2板补涨阴,True,U坑,U坑内,,False,封D1负,0.87,-0.25,-0.25,-17.87,-18.65,0.97,10,-++,2,-3.31,1.19,45.0,False,,True,False,False
000601.SZSE,韶能股份,2026-06-02,2026-06,2板补涨阴,False,,U坑内,,True,封D1正,-2.45,3.45,3.45,-8.2,-18.65,12.85,14,+++,2,-3.43,0.24,109.0,False,,True,False,False
000601.SZSE,韶能股份,2026-07-06,2026-07,2板补涨阴,False,,U坑内,,False,炸板,-4.96,-9.23,-9.23,-6.78,-6.78,0.0,2,+--,2,-6.78,0.0,92.0,False,,False,False,False
000602.SZSE,金马集团,2010-01-08,2010-01,2板补涨阴,False,,U坑内,,True,封D1正,0.2,6.45,6.45,-4.05,-4.05,0.0,6,+++,2,-3.84,0.38,0.0,False,,True,False,False
000603.SZSE,盛达资源,2026-02-24,2026-02,2板补涨阴,False,,U坑内,,True,封D1正,0.56,1.65,1.65,-20.21,-20.21,0.0,15,--+,2,-3.42,2.54,29.0,False,,True,False,False
000603.SZSE,盛达资源,2026-07-21,2026-07,2板补涨阴,False,,U坑内,,False,连板,1.75,9.99,20.86,-26.6,-26.6,0.0,14,---,2,-1.58,1.64,49.0,True,03,True,True,False
000608.SZSE,阳光股份,2024-11-18,2024-11,2板补涨阴,False,,U坑内,,True,封D1负,-1.89,-1.13,-1.13,-20.46,-20.46,0.0,6,+++,2,-4.37,1.98,53.0,False,,True,False,False
000617.SZSE,中油资本,2024-10-31,2024-10,2板补涨阴,True,U坑,U坑内,,False,炸板,-4.45,-10.24,-10.24,-12.45,-16.63,5.02,13,-++,2,-1.92,0.72,118.0,False,,False,False,False
000617.SZSE,中油资本,2025-08-27,2025-08,2板补涨阴,False,,无U,,True,炸板,-5.75,0.08,0.08,-0.92,-0.92,0.0,3,+++,2,-7.06,2.12,59.0,False,,False,False,False
000620.SZSE,盈新发展,2025-12-15,2025-12,2板补涨阴,False,,U坑内,,True,封D1正,-1.69,0.0,0.0,-29.77,-29.77,0.0,20,---,2,-2.18,1.45,67.0,False,,True,False,False
000620.SZSE,盈新发展,2026-01-16,2026-01,2板补涨阴,False,,U坑内,,True,封D1正,2.98,6.55,6.55,-8.41,-8.41,0.0,7,+++,2,-2.87,3.5,51.0,False,,True,False,False
000626.SZSE,远大控股,2024-10-28,2024-10,2板补涨阴,False,,无U,,True,封D1负,2.52,-0.3,-0.3,-0.32,-0.32,0.0,3,+++,2,-0.81,0.48,121.0,False,,True,False,False
000626.SZSE,远大控股,2024-12-05,2024-12,2板补涨阴,False,,U坑内,,False,封D1正,0.14,1.13,1.13,-15.17,-15.17,0.0,9,-++,2,-3.02,1.06,69.0,False,,True,False,False
000633.SZSE,合金投资,2025-11-18,2025-11,2板补涨阴,False,,U坑内,,False,封D1正,-2.77,3.14,3.14,-8.38,-8.38,0.0,2,+++,2,-8.38,2.19,69.0,False,,True,False,False
000633.SZSE,合金投资,2025-11-28,2025-11,2板补涨阴,False,,U坑内,,True,封D1负,0.23,-1.4,-1.4,-5.35,-8.38,3.32,10,-++,2,-3.71,1.11,41.0,False,,True,False,False
000636.SZSE,风华高科,2026-06-09,2026-06,2板补涨阴,False,,无U,,True,封D1负,3.0,-2.08,-2.08,34.2,0.77,33.17,11,+++,2,-6.91,2.08,45.0,False,,True,False,False
000636.SZSE,风华高科,2026-06-11,2026-06,2板补涨阴,False,,无U,,False,炸板,1.08,-10.14,-10.14,44.54,0.77,43.43,13,+++,2,-2.08,1.77,63.0,False,,False,False,False
000636.SZSE,风华高科,2026-06-15,2026-06,2板补涨阴,False,,无U,,True,封D1正,4.94,8.58,8.58,42.87,0.77,41.77,15,+++,2,-8.06,0.0,83.0,False,,True,False,False
000652.SZSE,泰达股份,2024-10-14,2024-10,2板补涨阴,False,,U坑内,,False,封D1负,-0.95,-5.71,-5.71,-13.18,-13.18,0.0,4,+++,2,-2.8,1.53,28.0,False,,True,False,False
000656.SZSE,金科股份,2023-07-05,2023-07,2板补涨阴,False,,U突破,,True,连板,0.74,10.37,11.85,4.24,-12.71,19.42,8,++-,2,0.82,0.0,42.0,True,05,True,True,False
000656.SZSE,金科股份,2023-07-21,2023-07,2板补涨阴,False,,U坑内,,True,连板,1.31,9.8,40.52,-6.71,-8.05,1.46,11,-++,2,-0.71,2.14,20.0,True,05,True,True,False
000657.SZSE,中钨高新,2025-11-05,2025-11,2板补涨阴,False,,U坑内,,True,封D1正,0.2,0.2,0.2,-8.04,-8.12,0.09,5,+++,2,0.09,1.01,44.0,False,,True,False,False
000659.SZSE,珠海中富,2026-01-27,2026-01,2板补涨阴,False,,无U,,True,封D1负,-0.41,-0.61,-0.61,15.46,0.52,14.87,19,+++,2,0.0,2.23,57.0,False,,True,False,False
000668.SZSE,荣丰控股,2026-07-29,2026-07,2板补涨阴,False,,无U,,True,封D1负,2.76,-6.35,-6.35,4.41,4.41,0.0,3,+--,2,-3.0,2.73,57.0,False,,True,False,False
000668.SZSE,荣丰控股,2026-08-10,2026-08,2板补涨阴,False,,无U,,False,炸板,-2.18,-1.16,-1.16,10.92,4.41,6.23,11,++-,2,-0.71,1.82,59.0,False,,False,False,False
000670.SZSE,盈方微,2023-12-07,2023-12,2板补涨阴,False,,U坑内,,False,封D1负,-1.32,-0.66,-0.66,-21.6,-21.6,0.0,9,-++,2,-1.15,1.73,33.0,False,,True,False,False
000676.SZSE,智度股份,2023-11-07,2023-11,2板补涨阴,False,,无U,,False,炸板,-13.32,-8.4,-8.4,10.05,4.84,4.97,5,+++,2,2.31,3.11,47.0,False,,False,False,False
000676.SZSE,智度股份,2024-01-31,2024-01,2板补涨阴,False,,U坑内,,False,炸板,-6.99,-8.81,-8.81,-24.94,-24.94,0.0,13,---,2,-3.7,0.59,18.0,False,,False,False,False
000676.SZSE,智度股份,2024-10-21,2024-10,2板补涨阴,False,,U突破,,True,连板,5.47,10.03,10.74,4.18,-5.92,10.74,9,+++,2,0.0,2.34,77.0,True,03,True,True,False
000678.SZSE,襄阳轴承,2024-09-19,2024-09,2板补涨阴,False,,U突破,,False,封D1负,-0.59,-2.35,-2.35,1.98,-12.53,16.58,19,+++,2,-4.53,3.29,21.0,False,,True,False,False
000679.SZSE,大连友谊,2024-07-17,2024-07,2板补涨阴,True,U坑,U坑内,,False,封D1正,5.38,6.45,6.45,-15.33,-18.67,4.1,9,-++,2,-1.17,0.0,23.0,False,,True,False,False
000679.SZSE,大连友谊,2024-08-28,2024-08,2板补涨阴,False,,U坑内,,False,炸板,-7.0,-7.33,-7.33,-27.59,-28.38,1.11,16,--+,2,-2.15,2.15,23.0,False,,False,False,False
000679.SZSE,大连友谊,2024-08-30,2024-08,2板补涨阴,False,,U坑内,,False,封D1负,0.0,-2.61,-2.61,-26.26,-28.38,2.96,18,--+,2,-0.71,0.71,37.0,False,,True,False,False
000679.SZSE,大连友谊,2025-01-13,2025-01,2板补涨阴,False,,U坑内,,True,连板,5.87,9.96,15.66,-39.74,-39.74,0.0,19,--+,2,-6.07,0.0,35.0,True,05,True,True,False
000679.SZSE,大连友谊,2025-02-17,2025-02,2板补涨阴,False,,无U,,True,炸板,-2.98,0.45,0.45,-1.29,-3.07,1.84,18,+++,2,-6.15,0.0,53.0,False,,False,False,False
000681.SZSE,视觉中国,2026-01-29,2026-01,2板补涨阴,False,,U坑内,,False,炸板,-6.25,-8.0,-8.0,-17.28,-17.28,0.0,12,-++,2,-7.03,2.07,72.0,False,,False,False,False
000686.SZSE,东北证券,2024-10-31,2024-10,2板补涨阴,False,,U坑内,,False,炸板,-4.1,-2.16,-2.16,-11.42,-18.4,8.56,17,+++,2,-3.5,0.72,118.0,False,,False,False,False
000688.SZSE,国城矿业,2025-11-13,2025-11,2板补涨阴,False,,无U,,False,封D1正,2.5,3.4,3.4,-3.65,-3.65,0.0,2,+++,2,-3.65,2.39,48.0,False,,True,False,False
000695.SZSE,滨海能源,2024-11-20,2024-11,2板补涨阴,False,,U突破,,False,封D1正,0.0,5.99,5.99,-2.36,-7.25,5.27,5,+++,2,-4.31,2.64,79.0,False,,True,False,False
000700.SZSE,模塑科技,2026-01-21,2026-01,2板补涨阴,False,,U突破,,True,封D1负,-0.06,-3.76,-3.76,0.86,-5.69,6.95,14,-++,2,-4.24,1.09,50.0,False,,True,False,False
000700.SZSE,模塑科技,2026-06-15,2026-06,2板补涨阴,False,,U坑内,,True,封D1正,1.77,1.7,1.7,-13.15,-13.15,0.0,8,-++,2,-1.84,1.02,83.0,False,,True,False,False
000700.SZSE,模塑科技,2026-06-26,2026-06,2板补涨阴,False,,U坑内,,True,炸板,-7.13,-9.29,-9.29,-16.22,-16.22,0.0,16,--+,2,-4.34,3.93,77.0,False,,False,False,False
000705.SZSE,浙江震元,2023-12-20,2023-12,2板补涨阴,False,,U坑内,,False,封D1负,0.3,-0.3,-0.3,-14.37,-14.37,0.0,4,+++,2,-5.2,0.83,19.0,False,,True,False,False
000710.SZSE,贝瑞基因,2025-02-14,2025-02,2板补涨阴,False,,无U,,True,连板,9.97,9.97,-1.03,0.28,0.28,0.0,4,+++,2,-0.66,3.29,45.0,True,05,True,True,False
000710.SZSE,贝瑞基因,2025-03-06,2025-03,2板补涨阴,False,,无U,,False,封D1正,-1.72,2.79,2.79,-1.8,-1.8,0.0,2,+++,2,-1.8,3.01,55.0,False,,True,False,False
000712.SZSE,锦龙股份,2024-08-13,2024-08,2板补涨阴,False,,U坑内,,False,封D1正,-0.27,4.5,4.5,-22.27,-22.34,0.1,8,-++,2,0.1,1.49,23.0,False,,True,False,False
000719.SZSE,中原传媒,2023-08-22,2023-08,2板补涨阴,False,,U坑内,,False,封D1正,3.01,3.65,3.65,-6.75,-6.75,0.0,11,-++,2,-1.38,2.58,20.0,False,,True,False,False
000719.SZSE,中原传媒,2023-08-29,2023-08,2板补涨阴,False,,U突破,,True,封D1正,0.52,2.73,2.73,0.0,-6.75,7.24,16,+++,2,-0.81,0.81,28.0,False,,True,False,False
000720.SZSE,新能泰山,2026-05-28,2026-05,2板补涨阴,False,,U坑内,,False,封D1正,2.56,4.14,4.14,-18.98,-18.98,0.0,14,--+,2,-2.12,2.12,45.0,False,,True,False,False
000736.SZSE,中交发展,2024-02-02,2024-02,2板补涨阴,False,,U坑内,,False,炸板,-6.68,-13.26,-13.26,-15.14,-15.14,0.0,5,++-,2,-5.8,0.81,27.0,False,,False,False,False
000736.SZSE,中交发展,2024-09-25,2024-09,2板补涨阴,False,,无U,,True,炸板,-20.48,-10.0,-8.33,27.51,3.12,23.65,5,+++,2,7.21,0.0,76.0,False,,False,True,False
000736.SZSE,中交发展,2024-10-16,2024-10,2板补涨阴,False,,无U,,True,封D1负,0.35,-7.16,-7.16,17.37,3.12,13.82,15,-++,2,-4.01,3.19,33.0,False,,True,False,False
000751.SZSE,锌业股份,2026-02-24,2026-02,2板补涨阴,False,,U坑内,,True,炸板,-0.81,5.84,5.84,-10.97,-11.76,0.9,15,--+,2,-1.41,2.99,29.0,False,,False,True,False
000751.SZSE,锌业股份,2026-02-27,2026-02,2板补涨阴,False,,U突破,,True,炸板,3.07,7.11,7.11,3.66,-11.76,17.48,18,+-+,2,0.0,0.61,52.0,False,,False,False,False
000753.SZSE,漳州发展,2025-11-28,2025-11,2板补涨阴,False,,U坑内,,True,封D1正,1.16,1.51,1.51,-22.73,-22.73,0.0,17,--+,2,-2.25,0.75,41.0,False,,True,False,False
000759.SZSE,中百集团,2026-06-29,2026-06,2板补涨阴,False,,U坑内,,True,封D1正,-0.79,0.63,0.63,-8.45,-15.47,8.3,14,+++,2,-7.57,2.74,51.0,False,,True,False,False
000766.SZSE,通化金马,2023-09-11,2023-09,2板补涨阴,False,,无U,,False,连板,8.29,10.05,57.94,4.15,-2.81,7.16,7,+++,2,0.13,0.77,26.0,True,05,True,True,False
000766.SZSE,通化金马,2023-12-08,2023-12,2板补涨阴,False,,无U,,True,封D1正,1.65,1.86,1.86,1.85,1.85,0.0,3,+++,2,-2.76,1.45,33.0,False,,True,False,False
000767.SZSE,晋控电力,2023-07-12,2023-07,2板补涨阴,False,,U坑内,,False,炸板,-8.56,-8.82,-8.82,-5.99,-5.99,0.0,2,++-,2,-5.99,0.52,26.0,False,,False,False,False
000783.SZSE,长江证券,2026-05-11,2026-05,2板补涨阴,False,,U坑内,,False,炸板,-3.98,-1.11,-1.11,-6.48,-6.48,0.0,3,+++,2,-1.44,0.24,89.0,False,,False,False,False
000783.SZSE,长江证券,2026-06-25,2026-06,2板补涨阴,False,,无U,,False,封D1负,-1.58,-3.84,-3.84,-2.43,-2.43,0.0,2,++-,2,-2.43,3.17,87.0,False,,True,False,False
000801.SZSE,四川九洲,2024-03-28,2024-03,2板补涨阴,False,,U坑内,,False,炸板,-0.9,-1.36,-1.36,-19.26,-19.26,0.0,6,+++,2,-3.29,2.16,39.0,False,,False,False,False
000801.SZSE,四川九洲,2024-04-17,2024-04,2板补涨阴,False,,U坑内,,False,炸板,0.26,3.12,3.12,-29.83,-29.83,0.0,18,--+,2,-4.64,1.82,16.0,False,,False,False,False
000803.SZSE,山高环能,2024-04-17,2024-04,2板补涨阴,False,,U坑内,,False,炸板,-1.91,-4.07,-4.07,-32.26,-32.26,0.0,7,-++,2,-7.54,0.24,16.0,False,,False,False,False
000803.SZSE,山高环能,2024-11-15,2024-11,2板补涨阴,False,,U坑内,,True,封D1正,4.49,0.98,0.98,-10.23,-10.23,0.0,9,-++,2,-2.11,0.0,27.0,False,,True,False,False
000811.SZSE,冰轮环境,2026-08-17,2026-08,2板补涨阴,False,,无U,,True,封D1负,1.0,-3.15,-3.15,3.85,2.13,1.69,8,+--,2,0.24,1.27,51.0,False,,True,False,False
000815.SZSE,美利云,2026-04-16,2026-04,2板补涨阴,False,,无U,,True,封D1负,3.56,-2.75,-2.75,4.5,-2.59,7.28,19,+++,2,-3.44,0.05,53.0,False,,True,False,False
000818.SZSE,航锦科技,2026-05-22,2026-05,2板补涨阴,False,,U坑内,,True,封D1正,4.35,1.62,1.62,-21.14,-21.14,0.0,11,-++,2,-6.76,0.0,32.0,False,,True,False,False
000819.SZSE,岳阳兴长,2025-10-21,2025-10,2板补涨阴,False,,U坑内,,True,炸板,-1.93,-4.38,-4.38,-11.28,-11.82,0.62,7,+++,2,0.62,0.17,66.0,False,,False,False,False
000820.SZSE,神雾节能,2025-01-21,2025-01,2板补涨阴,False,,U坑内,,True,封D1负,-0.75,-6.52,-6.52,-6.68,-9.0,2.54,8,++-,2,-5.47,0.0,62.0,False,,True,False,False
000829.SZSE,天音控股,2023-11-21,2023-11,2板补涨阴,False,,U坑内,,True,炸板,-8.22,1.44,1.44,-6.21,-6.21,0.0,9,+++,2,-1.2,0.74,50.0,False,,False,False,False
000863.SZSE,三湘印象,2024-12-18,2024-12,2板补涨阴,False,,U坑内,,False,封D1负,-4.03,-9.79,-9.79,-8.14,-8.14,0.0,2,+++,2,-8.14,0.0,25.0,False,,True,False,False
000863.SZSE,三湘印象,2025-12-26,2025-12,2板补涨阴,False,,U坑内,,False,封D1正,3.55,8.53,8.53,-9.7,-9.7,0.0,5,++-,2,-2.48,0.38,72.0,False,,True,False,False
000877.SZSE,天山股份,2025-08-08,2025-08,2板补涨阴,False,,U坑内,,False,封D1正,6.72,7.76,7.76,-13.04,-13.7,0.76,13,-++,2,0.38,0.57,47.0,False,,True,False,False
000880.SZSE,潍柴重机,2024-12-25,2024-12,2板补涨阴,False,,无U,,True,连板,-3.8,9.98,13.42,6.32,6.32,0.0,2,++-,2,6.32,2.36,62.0,True,05,True,True,False
000880.SZSE,潍柴重机,2025-01-07,2025-01,2板补涨阴,False,,U坑内,,True,封D1正,-0.11,4.16,4.16,-11.56,-11.56,0.0,7,+++,2,-0.73,2.67,52.0,False,,True,False,False
000880.SZSE,潍柴重机,2025-02-14,2025-02,2板补涨阴,True,U坑,U坑内,,False,封D1正,3.3,6.95,6.95,-7.18,-16.81,11.57,12,+++,2,-3.81,1.88,45.0,False,,True,False,False
000880.SZSE,潍柴重机,2026-02-03,2026-02,2板补涨阴,False,,U坑内,,True,炸板,-1.24,-3.9,-3.9,-8.0,-8.0,0.0,8,-++,2,-4.16,1.02,32.0,False,,False,False,False
000882.SZSE,华联股份,2025-01-02,2025-01,2板补涨阴,False,,U坑内,,True,连板,0.44,10.04,-0.87,-24.64,-24.64,0.0,14,--+,2,-5.02,2.28,39.0,True,05,True,True,False
000882.SZSE,华联股份,2025-01-20,2025-01,2板补涨阴,False,,U坑内,,True,连板,3.52,10.16,32.03,-7.54,-14.68,8.37,11,++-,2,-5.67,0.4,47.0,True,05,True,True,False
000888.SZSE,峨眉山Ａ,2023-06-05,2023-06,2板补涨阴,False,,U坑内,,False,封D1负,0.55,-2.45,-2.45,-6.43,-6.43,0.0,2,+++,2,-6.43,3.82,45.0,False,,True,False,False
000889.SZSE,中嘉博创,2026-05-28,2026-05,2板补涨阴,False,,U坑内,,False,封D1负,-0.47,-6.05,-6.05,-26.92,-26.92,0.0,15,--+,2,-0.76,0.76,45.0,False,,True,False,False
000892.SZSE,欢瑞世纪,2025-06-26,2025-06,2板补涨阴,False,,U坑内,,False,封D1正,-2.92,1.25,1.25,-5.83,-5.83,0.0,2,+++,2,-5.83,0.43,50.0,False,,True,False,False
000892.SZSE,欢瑞世纪,2025-07-03,2025-07,2板补涨阴,False,,U坑内,,True,封D1负,1.25,-0.62,-0.62,-5.62,-5.83,0.23,7,+++,2,-7.61,2.11,51.0,False,,True,False,False
000892.SZSE,欢瑞世纪,2025-11-21,2025-11,2板补涨阴,False,,U坑内,,True,连板,5.19,9.97,19.95,-15.29,-15.29,0.0,14,-++,2,-2.06,0.0,35.0,True,03,True,True,False
000892.SZSE,欢瑞世纪,2026-08-04,2026-08,2板补涨阴,False,,U坑内,,True,封D1负,-2.16,-1.92,-1.92,-9.76,-28.81,26.76,17,+-+,2,2.71,1.36,69.0,False,,True,False,False
000901.SZSE,航天科技,2025-08-08,2025-08,2板补涨阴,False,,U坑内,,False,连板,5.07,10.03,12.98,-4.23,-4.23,0.0,2,+++,2,-4.23,0.99,47.0,True,01,True,True,False
000901.SZSE,航天科技,2025-08-13,2025-08,2板补涨阴,False,,无U,,True,封D1正,4.84,4.51,4.51,2.68,2.68,0.0,2,+++,2,2.68,0.0,42.0,False,,True,False,False
000905.SZSE,厦门港务,2025-04-09,2025-04,2板补涨阴,False,,U坑内,,False,封D1正,-0.13,5.08,5.08,-19.59,-19.59,0.0,15,--+,2,-2.51,3.21,99.0,False,,True,False,False
000917.SZSE,电广传媒,2023-06-12,2023-06,2板补涨阴,False,,无U,,True,连板,2.36,10.05,4.09,9.08,2.68,6.23,7,++-,2,1.38,2.77,57.0,True,02,True,True,False
000919.SZSE,金陵药业,2026-04-15,2026-04,2板补涨阴,False,,U坑内,,False,封D1正,2.78,0.48,0.48,-15.71,-18.63,3.59,5,+++,2,3.59,2.9,49.0,False,,True,False,False
000920.SZSE,沃顿科技,2026-07-16,2026-07,2板补涨阴,False,,U坑内,,False,封D1负,-0.57,-1.06,-1.06,-8.34,-8.34,0.0,3,+-+,2,-6.81,0.29,65.0,False,,True,False,False
000925.SZSE,众合科技,2024-12-26,2024-12,2板补涨阴,False,,U坑内,,False,封D1负,0.0,-2.54,-2.54,-9.96,-12.69,3.13,19,--+,2,-4.19,2.21,31.0,False,,True,False,False
000927.SZSE,中国铁物,2026-03-31,2026-03,2板补涨阴,False,,U坑内,,False,封D1负,-0.6,-5.09,-5.09,-8.98,-8.98,0.0,3,+-+,2,-2.88,0.96,55.0,False,,True,False,False
000927.SZSE,中国铁物,2026-04-10,2026-04,2板补涨阴,False,,U坑内,,False,炸板,-5.41,-7.21,-7.21,-9.28,-9.28,0.0,10,-++,2,-3.19,1.6,50.0,False,,False,False,False
000948.SZSE,南天信息,2024-09-19,2024-09,2板补涨阴,False,,U坑内,,False,连板,6.35,10.03,13.89,-6.13,-6.13,0.0,2,+++,2,-6.13,0.0,21.0,True,05,True,True,False
000948.SZSE,南天信息,2024-10-30,2024-10,2板补涨阴,False,,U坑内,,True,封D1正,4.67,3.61,3.61,-5.53,-10.0,4.97,16,-++,2,-1.4,3.11,93.0,False,,True,False,False
000950.SZSE,重药控股,2023-05-09,2023-05,2板补涨阴,False,,无U,,True,封D1负,2.51,-0.5,-0.5,2.99,1.14,1.83,7,,2,-1.5,0.82,48.0,False,,True,False,False
000950.SZSE,重药控股,2025-12-15,2025-12,2板补涨阴,False,,U坑内,,False,封D1负,0.0,-3.09,-3.09,-4.34,-4.34,0.0,2,++-,2,-4.34,0.31,67.0,False,,True,False,False
000953.SZSE,中哲精化,2024-11-25,2024-11,2板补涨阴,False,,U坑内,,False,连板,6.98,10.02,15.21,-18.06,-18.06,0.0,17,--+,2,-4.33,0.0,60.0,True,02,True,True,False
000955.SZSE,欣龙控股,2024-12-05,2024-12,2板补涨阴,False,,U坑内,,False,封D1正,2.01,4.85,4.85,-6.04,-6.04,0.0,2,+++,2,-6.04,1.9,69.0,False,,True,False,False
000955.SZSE,欣龙控股,2024-12-11,2024-12,2板补涨阴,False,,U坑内,,True,炸板,-6.32,-5.81,-5.81,-8.12,-8.12,0.0,6,+++,2,-5.67,1.95,82.0,False,,False,False,False
000955.SZSE,欣龙控股,2025-11-11,2025-11,2板补涨阴,False,,U坑内,,True,炸板,-4.75,-5.73,-5.73,-4.55,-4.55,0.0,6,+++,2,-2.25,2.25,56.0,False,,False,False,False
000955.SZSE,欣龙控股,2025-11-18,2025-11,2板补涨阴,False,,U突破,,True,封D1负,-1.43,-6.89,-6.89,12.17,-4.55,17.51,11,+++,2,3.66,0.0,69.0,False,,True,False,False
000962.SZSE,东方钽业,2026-02-25,2026-02,2板补涨阴,False,,U坑内,,False,封D1正,3.49,7.17,7.17,-4.78,-4.78,0.0,3,+++,2,-2.16,0.0,82.0,False,,True,False,False
000967.SZSE,盈峰环境,2026-05-13,2026-05,2板补涨阴,False,,U坑内,,False,炸板,-2.17,-6.5,-6.5,-15.65,-15.65,0.0,4,+++,2,-6.61,0.34,50.0,False,,False,False,False
000968.SZSE,蓝焰控股,2026-03-19,2026-03,2板补涨阴,False,,U坑内,,True,封D1正,-1.73,4.99,4.99,-14.31,-14.31,0.0,12,-++,2,-2.73,0.44,45.0,False,,True,False,False
000969.SZSE,安泰科技,2025-11-13,2025-11,2板补涨阴,False,,U坑内,,True,炸板,-4.91,-9.44,-9.44,-16.23,-16.23,0.0,12,-++,2,-4.23,0.05,48.0,False,,False,False,False
000969.SZSE,安泰科技,2026-01-14,2026-01,2板补涨阴,False,,无U,,True,炸板,-9.96,-11.44,-11.44,2.09,2.09,0.0,2,+++,2,2.09,0.0,52.0,False,,False,False,False
000977.SZSE,浪潮信息,2026-07-20,2026-07,2板补涨阴,False,,U坑内,,True,炸板,-4.51,4.13,4.13,-9.99,-9.99,0.0,7,+++,2,-8.94,1.02,29.0,False,,False,False,False
000980.SZSE,众泰汽车,2023-07-06,2023-07,2板补涨阴,False,,无U,,True,封D1负,0.29,-2.06,-2.06,3.36,3.36,0.0,2,++-,2,3.36,0.0,19.0,False,,True,False,False
000980.SZSE,众泰汽车,2023-07-17,2023-07,2板补涨阴,False,,U坑内,,False,封D1正,1.11,9.7,9.7,-12.53,-12.53,0.0,3,+++,2,-4.37,0.87,29.0,False,,True,False,False
000980.SZSE,众泰汽车,2023-08-29,2023-08,2板补涨阴,False,,U坑内,,False,封D1正,2.97,0.81,0.81,-30.58,-30.79,0.3,20,---,2,0.3,0.3,28.0,False,,True,False,False
000980.SZSE,众泰汽车,2025-10-13,2025-10,2板补涨阴,False,,无U,,False,封D1负,6.06,-9.09,-9.09,11.46,0.62,10.77,18,+++,2,-0.55,0.28,53.0,False,,True,False,False
000981.SZSE,山子高科,2025-01-16,2025-01,2板补涨阴,False,,U坑内,,True,炸板,-3.97,-6.35,-6.35,-5.37,-9.09,4.09,9,-+-,2,-2.97,1.27,54.0,False,,False,False,False
000981.SZSE,山子高科,2025-02-05,2025-02,2板补涨阴,False,,U坑内,,True,炸板,-4.48,-3.14,-3.14,-16.12,-16.12,0.0,17,---,2,-6.02,2.78,35.0,False,,False,False,False
000981.SZSE,山子高科,2026-01-14,2026-01,2板补涨阴,False,,无U,,True,封D1负,-0.35,-10.05,-10.05,41.1,-3.01,45.48,15,+++,2,0.39,3.51,52.0,False,,True,False,False
000987.SZSE,越秀资本,2024-10-14,2024-10,2板补涨阴,False,,U坑内,,False,封D1负,-1.63,-5.44,-5.44,-11.87,-11.87,0.0,4,+++,2,-2.91,1.45,28.0,False,,True,False,False
000995.SZSE,皇台酒业,2023-09-01,2023-09,2板补涨阴,True,U坑,U坑内,,False,炸板,-4.61,2.62,2.62,-18.33,-20.16,2.29,9,-++,2,-1.62,0.0,23.0,False,,False,False,False
001202.SZSE,炬申股份,2025-09-19,2025-09,2板补涨阴,False,,U坑内,,False,炸板,-9.19,-8.01,-8.01,-7.99,-10.01,2.24,5,+++,2,-1.91,1.28,45.0,False,,False,False,False
001202.SZSE,炬申股份,2026-01-21,2026-01,2板补涨阴,True,U坑,U坑内,,False,连板,4.51,10.0,0.54,-5.61,-5.61,0.0,6,+++,2,-3.37,0.37,50.0,True,02,True,True,False
001205.SZSE,盛航股份,2024-02-21,2024-02,2板补涨阴,False,,无U,,False,炸板,-6.4,-3.3,-3.3,-2.07,-2.07,0.0,2,---,2,-2.07,1.56,80.0,False,,False,False,False
001210.SZSE,金房能源,2026-06-26,2026-06,2板补涨阴,False,,U坑内,,False,封D1负,-0.88,-5.79,-5.79,-41.24,-41.24,0.0,17,---,2,-2.91,2.06,77.0,False,,True,False,False
001212.SZSE,中旗新材,2025-05-14,2025-05,2板补涨阴,False,,U突破,,True,封D1正,2.1,1.02,1.02,3.01,-8.09,12.07,13,+++,2,0.2,0.12,41.0,False,,True,False,False
001212.SZSE,中旗新材,2025-05-16,2025-05,2板补涨阴,False,,U突破,,True,炸板,-2.65,-2.93,-2.93,14.47,-8.09,24.54,15,+++,2,1.02,0.0,40.0,False,,False,False,False
001221.SZSE,悍高集团,2025-09-24,2025-09,2板补涨阴,False,,U坑内,,False,封D1负,-1.74,-1.28,-1.28,-5.3,-5.3,0.0,2,+++,2,-5.3,0.27,42.0,False,,True,False,False
001223.SZSE,欧克科技,2026-08-07,2026-08,2板补涨阴,False,,无U,,True,封D1负,-0.24,-5.39,-5.39,3.48,3.48,0.0,4,++-,2,-2.65,0.55,69.0,False,,True,False,False
001225.SZSE,和泰机电,2026-01-12,2026-01,2板补涨阴,False,,无U,,True,封D1负,10.01,-3.63,-3.63,6.37,0.65,5.69,4,+++,2,0.2,0.64,79.0,False,,True,False,False
001229.SZSE,魅视科技,2026-07-07,2026-07,2板补涨阴,False,,无U,,True,连板,9.99,9.99,17.13,-2.84,-2.86,0.03,5,++-,2,0.03,0.57,60.0,True,05,True,True,False
001229.SZSE,魅视科技,2026-08-03,2026-08,2板补涨阴,False,,U坑内,,False,连板,4.86,10.01,20.98,-25.53,-26.25,0.98,18,--+,2,0.98,3.52,87.0,True,05,True,True,False
001258.SZSE,立新能源,2025-04-03,2025-04,2板补涨阴,False,,无U,,False,封D1负,-5.89,-6.83,-6.83,-3.38,-3.38,0.0,2,+++,2,-3.38,0.0,37.0,False,,True,False,False
001266.SZSE,宏英智能,2026-05-20,2026-05,2板补涨阴,False,,无U,,True,封D1负,-0.88,-0.49,-0.49,18.27,2.71,15.15,12,+++,2,-7.45,1.29,75.0,False,,True,False,False
001267.SZSE,汇绿生态,2025-10-24,2025-10,2板补涨阴,False,,无U,,True,连板,4.95,9.99,11.58,-0.28,-0.28,0.0,3,+-+,2,-4.09,1.02,49.0,True,01,True,True,False
001270.SZSE,铖昌科技,2024-11-04,2024-11,2板补涨阴,False,,U突破,,True,封D1正,0.02,4.05,4.05,3.32,-12.17,17.64,19,+++,2,-7.57,0.96,74.0,False,,True,False,False
001296.SZSE,长江材料,2025-09-04,2025-09,2板补涨阴,False,,U坑内,,True,封D1正,0.0,0.87,0.87,-5.1,-10.79,6.38,6,+++,2,-5.88,0.12,25.0,False,,True,False,False
001296.SZSE,长江材料,2026-07-14,2026-07,2板补涨阴,False,,U坑内,,False,炸板,-4.29,-5.18,-5.18,-23.12,-23.61,0.64,16,--+,2,-2.9,1.95,25.0,False,,False,False,False
001298.SZSE,好上好,2023-11-10,2023-11,2板补涨阴,False,,U坑内,,False,封D1正,6.05,1.03,1.03,-27.97,-34.26,9.56,17,+-+,2,-2.22,0.25,25.0,False,,True,False,False
001298.SZSE,好上好,2024-08-30,2024-08,2板补涨阴,False,,U坑内,,True,封D1正,-0.2,5.19,5.19,-10.55,-10.55,0.0,9,-++,2,-2.69,2.19,37.0,False,,True,False,False
001299.SZSE,美能能源,2023-08-18,2023-08,2板补涨阴,False,,U坑内,,True,连板,-1.3,10.02,6.38,-4.9,-4.9,0.0,5,+++,2,-4.55,1.15,25.0,True,01,True,True,False
001299.SZSE,美能能源,2023-08-25,2023-08,2板补涨阴,False,,U坑内,,False,封D1负,4.58,-4.23,-4.23,-17.31,-17.31,0.0,4,+++,2,-7.64,0.66,28.0,False,,True,False,False
001299.SZSE,美能能源,2024-04-19,2024-04,2板补涨阴,False,,U坑内,,False,封D1负,0.08,-6.03,-6.03,-24.12,-25.38,1.69,10,-++,2,-2.8,1.02,52.0,False,,True,False,False
001308.SZSE,康冠科技,2024-12-24,2024-12,2板补涨阴,False,,U坑内,,False,炸板,-4.43,-1.88,-1.88,-8.65,-15.84,8.54,18,--+,2,-4.89,0.52,26.0,False,,False,False,False
001309.SZSE,德明利,2024-04-17,2024-04,2板补涨阴,False,,U坑内,,False,封D1负,-2.11,-0.01,-0.01,-21.6,-21.6,0.0,17,--+,2,-5.54,1.74,16.0,False,,True,False,False
001309.SZSE,德明利,2025-03-07,2025-03,2板补涨阴,False,,无U,,True,炸板,-3.9,-3.35,-3.35,-1.88,-3.67,1.86,9,-++,2,0.48,2.03,87.0,False,,False,False,False
001314.SZSE,亿道信息,2023-12-19,2023-12,2板补涨阴,False,,无U,,False,连板,7.84,10.0,11.69,8.92,-1.58,10.67,10,+++,2,-4.03,0.9,29.0,True,02,True,True,False
001314.SZSE,亿道信息,2024-01-18,2024-01,2板补涨阴,False,,U坑内,,True,封D1负,-0.29,-3.54,-3.54,-17.72,-19.08,1.67,20,--+,2,-4.31,0.33,30.0,False,,True,False,False
001316.SZSE,润贝航科,2025-04-24,2025-04,2板补涨阴,False,,U坑内,,False,封D1负,-5.77,-7.34,-7.34,-8.49,-8.49,0.0,2,+++,2,-8.49,0.0,52.0,False,,True,False,False
001316.SZSE,润贝航科,2026-01-29,2026-01,2板补涨阴,False,,U坑内,,False,封D1负,0.0,-2.63,-2.63,-10.11,-10.11,0.0,4,+++,2,-7.13,0.96,72.0,False,,True,False,False
001317.SZSE,三羊马,2026-07-27,2026-07,2板补涨阴,False,,U突破,,True,封D1负,0.75,-0.15,-0.15,-2.75,-10.94,9.2,16,-++,2,-4.37,0.14,36.0,False,,True,False,False
001318.SZSE,阳光乳业,2025-12-15,2025-12,2板补涨阴,False,,U坑内,,False,封D1正,4.75,2.84,2.84,-16.11,-16.11,0.0,10,-++,2,-5.27,1.22,67.0,False,,True,False,False
001319.SZSE,铭科精技,2023-10-18,2023-10,2板补涨阴,False,,U坑内,,False,封D1正,1.92,2.47,2.47,-11.97,-11.97,0.0,15,-++,2,-8.27,0.0,22.0,False,,True,False,False
001330.SZSE,博纳影业,2025-09-19,2025-09,2板补涨阴,False,,U坑内,,False,封D1负,4.0,-3.36,-3.36,-7.64,-16.1,10.08,18,+++,2,-2.24,0.52,45.0,False,,True,False,False
001337.SZSE,四川黄金,2025-04-21,2025-04,2板补涨阴,False,,U坑内,,True,封D1正,1.41,6.09,6.09,-7.31,-7.31,0.0,6,+++,2,-2.55,1.55,50.0,False,,True,False,False
001339.SZSE,智微智能,2026-06-24,2026-06,2板补涨阴,False,,无U,,True,封D1负,1.51,-0.1,-0.1,-1.91,-1.91,0.0,3,++-,2,-5.1,0.37,87.0,False,,True,False,False
001359.SZSE,平安电工,2024-04-22,2024-04,2板补涨阴,True,U坑,U坑内,,False,封D1负,-1.55,-3.52,-3.52,-22.86,-24.95,2.78,9,,2,-4.04,0.84,41.0,False,,True,False,False
001360.SZSE,南矿集团,2025-12-25,2025-12,2板补涨阴,False,,无U,,True,封D1负,-0.46,-3.66,-3.66,4.25,-2.85,7.3,13,-++,2,-1.41,2.69,65.0,False,,True,False,False
001365.SZSE,天海电子,2026-07-16,2026-07,2板补涨阴,False,,U坑内,,True,封D1负,-0.99,-7.51,-7.51,-17.76,-17.76,0.0,6,+++,2,-3.82,2.08,65.0,False,,True,False,False
001368.SZSE,通达创智,2024-01-19,2024-01,2板补涨阴,False,,U坑内,,False,封D1负,-0.51,-5.18,-5.18,-19.77,-19.77,0.0,7,-++,2,-5.96,1.61,37.0,False,,True,False,False
001368.SZSE,通达创智,2025-03-06,2025-03,2板补涨阴,False,,U坑内,,False,封D1负,3.96,-3.92,-3.92,-12.05,-13.84,2.08,19,--+,2,-0.19,0.0,55.0,False,,True,False,False
001368.SZSE,通达创智,2025-04-17,2025-04,2板补涨阴,False,,U坑内,,False,封D1正,3.13,1.97,1.97,-12.52,-12.52,0.0,3,+--,2,-2.87,3.54,40.0,False,,True,False,False
001376.SZSE,百通能源,2026-02-11,2026-02,2板补涨阴,False,,U坑内,,False,封D1负,0.0,-3.45,-3.45,-21.66,-21.66,0.0,9,-++,2,-3.22,1.91,48.0,False,,True,False,False
001396.SZSE,誉帆科技,2026-03-04,2026-03,2板补涨阴,False,,U坑内,,True,封D1负,2.19,-7.28,-7.28,-10.78,-10.78,0.0,5,+++,2,-7.81,0.24,67.0,False,,True,False,False
001396.SZSE,誉帆科技,2026-03-24,2026-03,2板补涨阴,False,,U坑内,,False,炸板,-2.56,-1.45,-1.45,-23.81,-23.81,0.0,19,--+,2,-4.64,1.77,24.0,False,,False,False,False
001696.SZSE,宗申动力,2024-04-17,2024-04,2板补涨阴,False,,无U,,False,封D1正,1.71,6.97,6.97,-2.09,-2.09,0.0,11,+++,2,-5.58,3.21,16.0,False,,True,False,False
001696.SZSE,宗申动力,2024-04-26,2024-04,2板补涨阴,False,,无U,,True,封D1正,3.19,3.91,3.91,40.39,-2.09,43.4,18,+++,2,-2.56,1.45,32.0,False,,True,False,False
001896.SZSE,豫能控股,2025-07-16,2025-07,2板补涨阴,False,,U坑内,,False,封D1负,1.88,-4.34,-4.34,-6.68,-6.68,0.0,2,+++,2,-6.68,1.93,38.0,False,,True,False,False
002006.SZSE,精工科技,2024-11-25,2024-11,2板补涨阴,False,,U坑内,,True,封D1负,-1.01,-6.77,-6.77,-7.66,-7.66,0.0,3,+++,2,-7.78,3.25,60.0,False,,True,False,False
002006.SZSE,精工科技,2024-11-27,2024-11,2板补涨阴,False,,U坑内,,False,连板,3.48,10.02,8.11,-5.31,-7.66,2.55,5,+++,2,-6.77,0.36,79.0,True,01,True,True,False
002009.SZSE,天奇股份,2024-03-06,2024-03,2板补涨阴,False,,U坑内,,True,连板,10.0,10.0,15.07,-5.8,-5.8,0.0,6,++-,2,-5.87,0.31,38.0,True,02,True,True,False
002009.SZSE,天奇股份,2026-02-06,2026-02,2板补涨阴,False,,U突破,,True,封D1正,2.15,2.97,2.97,0.28,-10.17,11.63,8,+++,2,-8.54,2.76,37.0,False,,True,False,False
002015.SZSE,协鑫能科,2026-03-06,2026-03,2板补涨阴,False,,U突破,,True,连板,9.99,9.99,16.01,7.01,-9.12,17.74,13,+++,2,-0.77,0.77,55.0,True,02,True,True,False
002015.SZSE,协鑫能科,2026-03-11,2026-03,2板补涨阴,False,,无U,,True,炸板,0.35,7.18,11.79,5.47,5.47,0.0,2,+++,2,5.47,1.69,49.0,False,,False,True,False
002015.SZSE,协鑫能科,2026-04-01,2026-04,2板补涨阴,False,,U坑内,,True,炸板,-2.57,-6.5,-6.5,-7.22,-7.22,0.0,17,-++,2,-4.67,0.06,44.0,False,,False,False,False
002015.SZSE,协鑫能科,2026-04-07,2026-04,2板补涨阴,False,,U坑内,,True,炸板,-1.68,0.51,0.51,-5.7,-7.22,1.63,20,--+,2,-1.16,0.55,26.0,False,,False,False,False
002017.SZSE,东信和平,2025-08-05,2025-08,2板补涨阴,False,,无U,,False,封D1正,1.18,2.84,2.84,10.42,2.1,8.15,10,+++,2,-0.2,2.34,41.0,False,,True,False,False
002021.SZSE,中捷资源,2024-11-28,2024-11,2板补涨阴,False,,U坑内,,False,封D1正,-0.76,2.65,2.65,-12.09,-12.45,0.42,20,--+,2,0.0,0.0,77.0,False,,True,False,False
002021.SZSE,中捷资源,2025-09-29,2025-09,2板补涨阴,False,,U突破,,False,炸板,-5.31,-5.63,-5.63,0.34,-7.93,8.99,18,-++,2,-4.28,0.66,39.0,False,,False,False,False
002029.SZSE,七 匹 狼,2025-10-20,2025-10,2板补涨阴,False,,U坑内,,True,封D1正,7.56,2.1,2.1,-7.49,-14.76,8.53,11,+++,2,-7.68,0.85,34.0,False,,True,False,False
002030.SZSE,达安基因,2026-05-18,2026-05,2板补涨阴,False,,U坑内,,False,封D1正,0.0,0.0,0.0,-17.26,-17.26,0.0,5,+++,2,-4.58,0.32,46.0,False,,True,False,False
002030.SZSE,达安基因,2026-05-25,2026-05,2板补涨阴,False,,U坑内,,True,炸板,-4.83,-0.99,-0.99,-12.33,-17.26,5.96,10,-++,2,-1.23,2.31,99.0,False,,False,False,False
002031.SZSE,巨轮智能,2024-11-19,2024-11,2板补涨阴,False,,U坑内,,False,炸板,-2.14,8.33,6.9,-7.06,-7.06,0.0,10,-++,2,-5.21,2.48,74.0,False,,False,True,False
002031.SZSE,巨轮智能,2025-02-19,2025-02,2板补涨阴,False,,U突破,,True,封D1正,3.82,3.04,3.04,20.96,-8.08,31.6,19,+++,2,-5.05,2.0,37.0,False,,True,False,False
002037.SZSE,保利联合,2024-05-14,2024-05,2板补涨阴,False,,U坑内,,False,封D1正,1.82,2.27,2.27,-10.85,-10.85,0.0,5,++-,2,-5.51,0.63,24.0,False,,True,False,False
002037.SZSE,保利联合,2024-05-17,2024-05,2板补涨阴,False,,U突破,,True,连板,0.0,9.99,4.16,-2.67,-10.85,9.17,8,++-,2,-2.96,0.89,30.0,True,02,True,True,False
002037.SZSE,保利联合,2024-05-31,2024-05,2板补涨阴,False,,U坑内,,False,炸板,-3.82,-6.36,-6.36,-18.92,-18.92,0.0,9,-++,2,-4.74,0.15,21.0,False,,False,False,False
002037.SZSE,保利联合,2024-06-04,2024-06,2板补涨阴,False,,U坑内,,False,炸板,-3.57,-4.81,-4.81,-16.52,-18.92,2.95,11,-++,2,-6.1,0.71,10.0,False,,False,False,False
002037.SZSE,保利联合,2024-06-11,2024-06,2板补涨阴,True,U坑,U坑内,,False,炸板,-5.65,0.28,0.28,-18.79,-18.92,0.16,15,--+,2,-1.68,1.53,40.0,False,,False,False,False
002040.SZSE,南 京 港,2025-05-13,2025-05,2板补涨阴,True,U坑,U坑内,,False,连板,4.56,10.03,55.99,-14.57,-18.36,4.65,15,--+,2,0.14,0.72,38.0,True,03,True,True,False
002040.SZSE,南 京 港,2025-10-16,2025-10,2板补涨阴,False,,U坑内,,False,炸板,-4.86,-0.63,-0.63,-7.12,-7.12,0.0,2,+++,2,-7.12,0.0,58.0,False,,False,False,False
002044.SZSE,美年健康,2025-02-12,2025-02,2板补涨阴,False,,无U,,False,封D1正,0.35,2.6,2.6,-3.5,-3.5,0.0,2,++-,2,-3.5,0.0,57.0,False,,True,False,False
002045.SZSE,国光电器,2024-12-20,2024-12,2板补涨阴,False,,U坑内,,False,封D1负,0.17,-1.84,-1.84,-17.34,-29.22,16.8,19,+-+,2,-2.85,0.56,50.0,False,,True,False,False
002051.SZSE,中工国际,2026-04-14,2026-04,2板补涨阴,False,,U坑内,,False,连板,5.27,9.98,7.12,-14.66,-14.66,0.0,4,+++,2,-8.29,0.93,52.0,True,01,True,True,False
002058.SZSE,威尔泰,2024-03-06,2024-03,2板补涨阴,False,,U坑内,,False,炸板,-4.45,-7.67,-7.67,-10.24,-10.24,0.0,3,++-,2,-3.87,3.04,38.0,False,,False,False,False
002058.SZSE,威尔泰,2024-03-27,2024-03,2板补涨阴,False,,U坑内,,True,封D1负,-6.3,-3.48,-3.48,-5.68,-10.24,5.08,18,+++,2,-7.74,1.35,50.0,False,,True,False,False
002068.SZSE,黑猫股份,2024-11-11,2024-11,2板补涨阴,False,,无U,,False,封D1负,1.81,-2.87,-2.87,-2.62,-2.62,0.0,2,+++,2,-2.62,0.11,95.0,False,,True,False,False
002069.SZSE,獐子岛,2024-12-04,2024-12,2板补涨阴,False,,U突破,,False,封D1正,1.67,4.29,4.29,-3.29,-6.08,2.96,6,+++,2,-0.26,3.92,92.0,False,,True,False,False
002076.SZSE,星光股份,2024-11-28,2024-11,2板补涨阴,False,,U坑内,,False,封D1负,-0.37,-4.85,-4.85,-4.69,-4.69,0.0,2,+-+,2,-4.69,0.0,77.0,False,,True,False,False
002076.SZSE,星光股份,2024-12-02,2024-12,2板补涨阴,False,,U突破,,False,封D1正,1.42,2.49,2.49,-0.39,-4.69,4.51,4,+++,2,-4.85,2.24,105.0,False,,True,False,False
002079.SZSE,苏州固锝,2023-06-29,2023-06,2板补涨阴,False,,U坑内,,True,封D1负,-2.03,-1.02,-1.02,-8.9,-8.9,0.0,5,+++,2,-4.28,0.64,28.0,False,,True,False,False
002081.SZSE,金 螳 螂,2026-06-10,2026-06,2板补涨阴,False,,U坑内,,True,封D1负,-0.34,-9.93,-9.93,-20.35,-20.35,0.0,7,--+,2,-0.55,0.37,107.0,False,,True,False,False
002084.SZSE,海鸥住工,2025-10-22,2025-10,2板补涨阴,False,,U突破,,False,封D1负,-4.08,-10.0,-10.0,0.68,-7.92,9.34,8,+++,2,-2.63,1.09,63.0,False,,True,False,False
002085.SZSE,万丰奥威,2024-02-19,2024-02,2板补涨阴,False,,无U,,True,炸板,-7.06,-5.56,-5.56,6.33,6.33,0.0,2,-++,2,6.33,0.0,430.0,False,,False,False,False
002085.SZSE,万丰奥威,2024-02-29,2024-02,2板补涨阴,False,,无U,,True,封D1正,1.26,1.68,1.68,14.41,6.33,7.6,10,+++,2,-7.0,2.14,23.0,False,,True,False,False
002085.SZSE,万丰奥威,2024-03-15,2024-03,2板补涨阴,False,,无U,,True,连板,3.1,9.98,18.2,1.98,1.98,0.0,3,+++,2,-4.58,1.14,32.0,True,05,True,True,False
002085.SZSE,万丰奥威,2024-03-28,2024-03,2板补涨阴,False,,无U,,True,封D1正,7.37,7.37,7.37,9.15,7.48,1.56,8,+++,2,-5.42,3.3,39.0,False,,True,False,False
002085.SZSE,万丰奥威,2024-04-10,2024-04,2板补涨阴,False,,无U,,True,炸板,-9.27,-12.96,-12.96,7.02,7.02,0.0,15,-++,2,-2.3,1.95,48.0,False,,False,False,False
002085.SZSE,万丰奥威,2024-04-29,2024-04,2板补涨阴,False,,无U,,False,封D1负,-2.49,-10.02,-10.02,-1.74,-1.74,0.0,2,+-+,2,-1.74,3.53,56.0,False,,True,False,False
002086.SZSE,东方海洋,2024-12-16,2024-12,2板补涨阴,False,,U坑内,,False,封D1负,1.67,-9.79,-9.79,-7.07,-7.07,0.0,4,+++,2,-5.22,1.49,84.0,False,,True,False,False
002094.SZSE,青岛金王,2025-05-29,2025-05,2板补涨阴,False,,U突破,,False,封D1负,4.09,-1.94,-1.94,-0.78,-9.48,9.61,11,+++,2,-1.11,1.11,49.0,False,,True,False,False
002095.SZSE,生 意 宝,2025-04-25,2025-04,2板补涨阴,False,,U坑内,,False,封D1正,1.11,1.06,1.06,-9.02,-9.02,0.0,3,++-,2,-4.6,1.11,45.0,False,,True,False,False
002095.SZSE,生 意 宝,2025-05-12,2025-05,2板补涨阴,False,,U坑内,,True,炸板,-3.37,2.31,2.31,-4.69,-9.02,4.76,11,+++,2,-6.2,0.45,27.0,False,,False,False,False
002112.SZSE,三变科技,2026-03-04,2026-03,2板补涨阴,False,,U坑内,,False,炸板,-0.67,2.19,2.19,-9.08,-9.08,0.0,15,-++,2,-8.58,0.13,67.0,False,,False,False,False
002115.SZSE,三维通信,2025-03-17,2025-03,2板补涨阴,False,,U突破,,True,炸板,-7.49,-7.6,-7.6,0.23,-4.53,4.98,7,+++,2,-2.85,0.77,66.0,False,,False,False,False
002115.SZSE,三维通信,2025-03-21,2025-03,2板补涨阴,False,,U突破,,True,封D1正,1.81,1.28,1.28,-3.4,-4.53,1.19,11,+++,2,-4.16,0.56,55.0,False,,True,False,False
002115.SZSE,三维通信,2025-03-26,2025-03,2板补涨阴,False,,U突破,,True,封D1正,1.55,2.49,2.49,-0.68,-4.53,4.03,14,+++,2,-7.68,2.21,41.0,False,,True,False,False
002117.SZSE,东港股份,2025-01-02,2025-01,2板补涨阴,False,,U坑内,,False,连板,-1.71,10.04,-0.93,-6.18,-6.18,0.0,2,+++,2,-6.18,3.37,39.0,True,01,True,True,False
002117.SZSE,东港股份,2025-01-21,2025-01,2板补涨阴,False,,U坑内,,True,封D1正,-0.08,2.89,2.89,-15.42,-16.34,1.1,12,+++,2,1.1,3.13,62.0,False,,True,False,False
002119.SZSE,康强电子,2026-01-27,2026-01,2板补涨阴,False,,无U,,True,连板,6.95,10.02,3.47,2.97,2.97,0.0,7,+++,2,-3.85,3.89,57.0,True,02,True,True,False
002131.SZSE,利欧股份,2025-08-26,2025-08,2板补涨阴,False,,无U,,True,封D1负,4.9,-1.69,-1.69,-1.02,-3.48,2.55,5,+++,2,-0.21,1.86,64.0,False,,True,False,False
002131.SZSE,利欧股份,2025-09-01,2025-09,2板补涨阴,False,,无U,,True,封D1正,3.28,1.04,1.04,7.79,-3.48,11.68,9,+++,2,-2.95,0.55,55.0,False,,True,False,False
002134.SZSE,天津普林,2024-11-27,2024-11,2板补涨阴,False,,U坑内,,True,封D1负,-1.0,-3.82,-3.82,-29.41,-29.41,0.0,13,--+,2,-4.56,1.36,79.0,False,,True,False,False
002137.SZSE,实益达,2024-12-02,2024-12,2板补涨阴,False,,U坑内,,False,封D1负,9.96,-5.22,-5.22,-4.71,-4.71,0.0,2,+++,2,-4.71,3.95,105.0,False,,True,False,False
002137.SZSE,实益达,2024-12-19,2024-12,2板补涨阴,False,,U坑内,,False,连板,10.07,10.07,45.1,-11.46,-12.36,1.02,15,-++,2,1.02,0.58,84.0,True,03,True,True,False
002137.SZSE,实益达,2026-06-15,2026-06,2板补涨阴,False,,U坑内,,False,封D1负,0.3,-2.77,-2.77,-11.54,-11.54,0.0,8,+++,2,-7.16,2.22,83.0,False,,True,False,False
002141.SZSE,贤丰控股,2026-07-29,2026-07,2板补涨阴,False,,U突破,,True,封D1负,1.59,-10.0,-10.0,2.14,-12.66,16.94,10,-++,2,0.0,3.32,57.0,False,,True,False,False
002148.SZSE,北纬科技,2024-03-28,2024-03,2板补涨阴,False,,U坑内,,False,封D1正,1.12,3.37,3.37,-20.36,-20.36,0.0,5,+++,2,-3.58,1.39,39.0,False,,True,False,False
002149.SZSE,西部材料,2025-12-10,2025-12,2板补涨阴,False,,无U,,True,封D1正,-0.99,0.15,0.15,5.76,5.76,0.0,2,+++,2,5.76,0.0,46.0,False,,True,False,False
002149.SZSE,西部材料,2026-05-18,2026-05,2板补涨阴,False,,无U,,True,炸板,-2.59,-10.12,-10.12,-1.2,-1.23,0.03,8,+++,2,0.03,1.16,46.0,False,,False,False,False
002150.SZSE,正泰电源,2025-10-29,2025-10,2板补涨阴,False,,U坑内,,False,连板,8.38,9.98,4.19,-15.56,-15.56,0.0,15,-++,2,-4.72,2.01,48.0,True,05,True,True,False
002150.SZSE,正泰电源,2025-11-05,2025-11,2板补涨阴,False,,U突破,,False,封D1正,0.66,3.25,3.25,-2.73,-5.27,2.68,4,+++,2,-1.0,3.35,44.0,False,,True,False,False
002150.SZSE,正泰电源,2025-11-13,2025-11,2板补涨阴,False,,U突破,,True,封D1正,-1.72,0.26,0.26,-0.89,-5.27,4.62,10,+++,2,-6.93,1.02,48.0,False,,True,False,False
002150.SZSE,正泰电源,2026-03-17,2026-03,2板补涨阴,False,,无U,,True,封D1负,0.4,-5.08,-5.08,-2.91,-2.91,0.0,3,+++,2,-5.46,1.04,39.0,False,,True,False,False
002150.SZSE,正泰电源,2026-03-20,2026-03,2板补涨阴,False,,无U,,False,连板,5.48,10.01,6.19,-2.88,-2.91,0.03,6,+++,2,-4.2,1.75,25.0,True,02,True,True,False
002156.SZSE,通富微电,2024-11-05,2024-11,2板补涨阴,False,,无U,,False,连板,1.36,10.01,7.19,-3.43,-3.43,0.0,2,+++,2,-3.43,3.9,122.0,True,01,True,True,False
002160.SZSE,常铝股份,2025-10-29,2025-10,2板补涨阴,False,,U坑内,,False,连板,3.35,10.04,-0.88,-5.49,-5.49,0.0,3,+++,2,-1.71,3.05,48.0,True,01,True,True,False
002160.SZSE,常铝股份,2025-11-10,2025-11,2板补涨阴,True,U坑,U坑内,,False,炸板,-4.7,-7.58,-7.58,-4.0,-9.92,6.57,7,+++,2,-4.31,1.59,45.0,False,,False,False,False
002160.SZSE,常铝股份,2025-11-12,2025-11,2板补涨阴,False,,U突破,,True,炸板,-0.89,-1.64,-1.64,-2.4,-9.92,8.35,9,+++,2,-3.79,1.58,52.0,False,,False,False,False
002163.SZSE,海南发展,2024-12-11,2024-12,2板补涨阴,False,,U坑内,,True,封D1正,1.82,2.36,2.36,-10.71,-10.71,0.0,6,+++,2,-0.4,0.2,82.0,False,,True,False,False
002165.SZSE,红 宝 丽,2026-02-24,2026-02,2板补涨阴,False,,无U,,True,封D1正,-1.04,2.08,2.08,18.67,3.34,14.83,18,-++,2,-3.48,1.19,29.0,False,,True,False,False
002177.SZSE,御银股份,2023-06-15,2023-06,2板补涨阴,False,,U坑内,,False,封D1负,-2.69,-5.16,-5.16,-4.93,-4.93,0.0,2,+++,2,-4.93,0.0,43.0,False,,True,False,False
002178.SZSE,延华智能,2024-07-11,2024-07,2板补涨阴,False,,U坑内,,False,炸板,-2.58,-4.87,-4.87,-21.92,-21.92,0.0,15,-++,2,-5.65,1.19,34.0,False,,False,False,False
002178.SZSE,延华智能,2025-07-25,2025-07,2板补涨阴,False,,U坑内,,False,封D1负,2.98,-0.39,-0.39,-9.76,-10.27,0.57,5,+++,2,-2.77,1.38,61.0,False,,True,False,False
002181.SZSE,粤 传 媒,2026-01-14,2026-01,2板补涨阴,False,,U坑内,,False,封D1负,-0.95,-5.19,-5.19,-5.32,-5.32,0.0,2,++-,2,-5.32,3.07,52.0,False,,True,False,False
002181.SZSE,粤 传 媒,2026-01-20,2026-01,2板补涨阴,False,,U坑内,,False,封D1正,0.18,3.75,3.75,-8.3,-8.3,0.0,6,+++,2,-4.15,1.41,79.0,False,,True,False,False
002181.SZSE,粤 传 媒,2026-05-15,2026-05,2板补涨阴,False,,无U,,True,封D1负,6.35,-10.01,-10.01,-1.32,-1.32,0.0,7,+++,2,0.0,2.74,50.0,False,,True,False,False
002181.SZSE,粤 传 媒,2026-05-26,2026-05,2板补涨阴,False,,U坑内,,False,封D1正,0.14,3.52,3.52,-27.4,-27.4,0.0,14,-++,2,-4.22,2.18,91.0,False,,True,False,False
002187.SZSE,广百股份,2025-01-10,2025-01,2板补涨阴,False,,U坑内,,False,封D1负,-3.99,-0.85,-0.85,-5.29,-5.29,0.0,2,+++,2,-5.29,3.78,77.0,False,,True,False,False
002187.SZSE,广百股份,2025-12-04,2025-12,2板补涨阴,False,,U坑内,,False,炸板,-4.18,-6.51,-6.51,-6.33,-6.33,0.0,5,+++,2,-3.77,0.39,46.0,False,,False,False,False
002187.SZSE,广百股份,2025-12-15,2025-12,2板补涨阴,False,,U坑内,,True,连板,2.0,9.99,5.99,-13.54,-13.54,0.0,12,-++,2,-5.4,0.14,67.0,True,02,True,True,False
002188.SZSE,中天服务,2024-05-29,2024-05,2板补涨阴,False,,U坑内,,False,封D1负,-0.19,-3.02,-3.02,-16.35,-16.35,0.0,8,-++,2,-6.6,0.97,18.0,False,,True,False,False
002188.SZSE,中天服务,2024-06-07,2024-06,2板补涨阴,False,,U坑内,,False,封D1正,3.41,2.95,2.95,-30.43,-30.43,0.0,15,--+,2,-4.08,1.92,16.0,False,,True,False,False
002189.SZSE,中光学,2024-03-28,2024-03,2板补涨阴,False,,U坑内,,False,炸板,-3.85,1.32,1.32,-15.14,-15.14,0.0,8,-++,2,-4.89,0.98,39.0,False,,False,False,False
002189.SZSE,中光学,2025-06-30,2025-06,2板补涨阴,False,,无U,,True,封D1正,0.68,2.34,2.34,4.28,4.28,0.0,2,+++,2,4.28,0.0,42.0,False,,True,False,False
002194.SZSE,武汉凡谷,2023-10-12,2023-10,2板补涨阴,False,,U突破,,False,炸板,-6.41,0.16,0.16,-2.92,-14.27,13.24,13,+++,2,3.01,2.83,31.0,False,,False,False,False
002194.SZSE,武汉凡谷,2023-10-23,2023-10,2板补涨阴,False,,U坑内,,True,封D1正,2.04,0.34,0.34,-10.68,-14.27,4.19,20,-++,2,-5.81,1.23,35.0,False,,True,False,False
002195.SZSE,岩山科技,2025-09-03,2025-09,2板补涨阴,False,,无U,,True,炸板,-5.49,-10.77,-10.77,2.73,2.73,0.0,4,+++,2,-6.87,0.9,40.0,False,,False,False,False
002196.SZSE,方正电机,2024-04-09,2024-04,2板补涨阴,False,,U坑内,,True,封D1负,-3.65,-2.86,-2.86,-12.92,-12.92,0.0,13,+++,2,-2.22,1.19,51.0,False,,True,False,False
002199.SZSE,东晶电子,2024-08-26,2024-08,2板补涨阴,False,,U坑内,,False,封D1负,-2.04,-6.86,-6.86,-8.25,-8.25,0.0,3,+++,2,-0.95,2.23,30.0,False,,True,False,False
002199.SZSE,东晶电子,2026-07-28,2026-07,2板补涨阴,False,,U坑内,,False,连板,-2.55,10.02,17.01,-6.27,-6.27,0.0,2,---,2,-6.27,1.69,101.0,True,01,True,True,False
002201.SZSE,九鼎新材,2026-02-11,2026-02,2板补涨阴,False,,U坑内,,False,炸板,-6.12,-7.17,-7.17,-7.25,-9.61,2.62,16,-++,2,-4.22,0.0,48.0,False,,False,False,False
002203.SZSE,海亮股份,2026-06-18,2026-06,2板补涨阴,False,,无U,,True,封D1正,4.11,3.06,3.06,-1.02,-1.02,0.0,4,++-,2,-5.31,3.67,67.0,False,,True,False,False
002208.SZSE,合肥城建,2024-11-21,2024-11,2板补涨阴,True,U坑,U坑内,,False,炸板,-2.76,0.72,0.72,-5.33,-13.01,8.82,7,-++,2,1.25,0.11,119.0,False,,False,False,False
002208.SZSE,合肥城建,2026-07-09,2026-07,2板补涨阴,False,,U坑内,,False,封D1正,9.52,1.62,1.62,-14.05,-14.05,0.0,7,+++,2,-1.59,1.02,41.0,False,,True,False,False
002208.SZSE,合肥城建,2026-07-24,2026-07,2板补涨阴,False,,U坑内,,True,封D1负,-0.96,-3.97,-3.97,-38.87,-39.91,1.73,18,--+,2,-4.56,0.62,104.0,False,,True,False,False
002210.SZSE,飞马国际,2024-10-30,2024-10,2板补涨阴,False,,U坑内,,True,封D1正,4.8,0.0,0.0,-5.02,-5.02,0.0,3,+++,2,-8.77,2.19,93.0,False,,True,False,False
002210.SZSE,飞马国际,2025-09-03,2025-09,2板补涨阴,False,,无U,,False,封D1负,-5.21,-6.16,-6.16,-1.03,-1.03,0.0,2,+++,2,-1.03,3.09,40.0,False,,True,False,False
002210.SZSE,飞马国际,2025-09-25,2025-09,2板补涨阴,False,,U突破,,True,封D1负,-0.23,-9.98,-9.98,3.35,-15.98,23.01,18,+++,2,-6.53,1.4,64.0,False,,True,False,False
002212.SZSE,天融信,2024-10-30,2024-10,2板补涨阴,False,,U突破,,True,封D1正,4.0,5.33,5.33,8.6,-13.06,24.91,16,+++,2,3.49,0.0,93.0,False,,True,False,False
002212.SZSE,天融信,2025-08-26,2025-08,2板补涨阴,False,,无U,,True,连板,0.09,10.04,15.47,0.79,0.79,0.0,2,+++,2,0.79,2.66,64.0,True,01,True,True,False
002212.SZSE,天融信,2026-08-11,2026-08,2板补涨阴,False,,U突破,,False,封D1负,-2.93,-3.77,-3.77,-1.21,-4.7,3.66,9,+++,2,-4.12,1.32,93.0,False,,True,False,False
002213.SZSE,大为股份,2024-04-03,2024-04,2板补涨阴,True,U坑,U坑内,,False,封D1负,0.3,-5.02,-5.02,-21.98,-24.98,4.0,8,-++,2,-1.81,1.89,47.0,False,,True,False,False
002213.SZSE,大为股份,2024-04-23,2024-04,2板补涨阴,False,,U坑内,,False,炸板,-4.36,-2.04,-2.04,-36.14,-37.9,2.84,20,--+,2,-2.59,2.49,40.0,False,,False,False,False
002213.SZSE,大为股份,2024-12-26,2024-12,2板补涨阴,False,,U坑内,,True,封D1正,1.0,1.99,1.99,-17.94,-17.94,0.0,15,--+,2,-4.51,0.32,31.0,False,,True,False,False
002213.SZSE,大为股份,2025-01-03,2025-01,2板补涨阴,False,,U坑内,,True,封D1正,0.0,1.4,1.4,-10.32,-17.94,9.28,20,+-+,2,-4.57,0.0,51.0,False,,True,False,False
002213.SZSE,大为股份,2026-04-16,2026-04,2板补涨阴,False,,无U,,False,封D1负,1.88,-1.59,-1.59,7.2,4.18,2.89,5,+++,2,-8.48,0.0,53.0,False,,True,False,False
002214.SZSE,大立科技,2026-08-20,2026-08,2板补涨阴,False,,U坑内,,False,炸板,-4.37,-0.54,-0.54,-17.32,-17.32,0.0,10,-++,2,-4.66,0.78,32.0,False,,False,False,False
002218.SZSE,拓日新能,2026-03-31,2026-03,2板补涨阴,False,,U坑内,,True,封D1负,-0.72,-5.77,-5.77,-13.1,-13.1,0.0,5,++-,2,-5.55,0.75,55.0,False,,True,False,False
002219.SZSE,新里程,2024-10-10,2024-10,2板补涨阴,False,,无U,,True,炸板,-4.78,-10.92,-10.92,5.14,5.14,0.0,2,+++,2,5.14,2.77,29.0,False,,False,False,False
002229.SZSE,鸿博股份,2023-07-31,2023-07,2板补涨阴,False,,U坑内,,False,封D1负,2.01,-0.69,-0.69,-10.22,-10.22,0.0,4,+--,2,-3.99,1.52,37.0,False,,True,False,False
002229.SZSE,鸿博股份,2023-08-02,2023-08,2板补涨阴,False,,U突破,,False,封D1正,-1.1,3.27,3.27,-1.93,-10.22,9.24,6,+--,2,-0.69,1.26,25.0,False,,True,False,False
002229.SZSE,鸿博股份,2023-08-14,2023-08,2板补涨阴,False,,U突破,,True,连板,9.77,10.01,1.74,0.59,-10.22,12.05,14,++-,2,-1.59,0.26,15.0,True,05,True,True,False
002229.SZSE,鸿博股份,2023-09-15,2023-09,2板补涨阴,False,,U坑内,,False,封D1负,1.8,-0.14,-0.14,-26.25,-26.25,0.0,18,--+,2,-3.5,1.73,20.0,False,,True,False,False
002229.SZSE,鸿博股份,2024-02-26,2024-02,2板补涨阴,False,,无U,,True,封D1正,-0.04,7.33,7.33,11.77,-0.19,11.98,4,+--,2,5.39,2.97,79.0,False,,True,False,False
002229.SZSE,鸿博股份,2024-03-14,2024-03,2板补涨阴,False,,无U,,True,封D1负,-4.05,-2.12,-2.12,32.59,-0.19,32.85,17,+++,2,0.04,0.91,51.0,False,,True,False,False
002229.SZSE,鸿博股份,2024-11-22,2024-11,2板补涨阴,False,,U突破,,True,炸板,-7.28,-8.7,-8.7,-3.6,-10.73,7.99,20,-++,2,0.07,2.45,88.0,False,,False,False,False
002229.SZSE,鸿博股份,2026-08-17,2026-08,2板补涨阴,False,,无U,,True,封D1负,-1.88,-8.97,-8.97,-2.71,-2.71,0.0,3,+++,2,-7.99,1.47,51.0,False,,True,False,False
002247.SZSE,聚力文化,2024-10-30,2024-10,2板补涨阴,False,,U突破,,True,连板,10.12,10.12,0.78,11.96,-13.88,30.0,16,+++,2,3.54,1.33,93.0,True,05,True,True,False
002249.SZSE,大洋电机,2025-10-20,2025-10,2板补涨阴,False,,U坑内,,True,封D1正,1.43,2.96,2.96,-13.26,-13.26,0.0,13,-++,2,-5.76,0.74,34.0,False,,True,False,False
002251.SZSE,步步高,2026-06-05,2026-06,2板补涨阴,False,,无U,,True,封D1负,-0.82,-4.12,-4.12,-3.28,-3.28,0.0,7,+++,2,-8.68,2.27,65.0,False,,True,False,False
002256.SZSE,兆新股份,2024-10-15,2024-10,2板补涨阴,False,,无U,,True,炸板,-4.01,-7.66,-7.66,4.62,4.62,0.0,2,+++,2,4.62,0.0,71.0,False,,False,False,False
002256.SZSE,兆新股份,2024-10-22,2024-10,2板补涨阴,False,,无U,,True,炸板,-3.8,-6.08,-6.08,0.42,0.42,0.0,7,+++,2,-2.45,1.22,89.0,False,,False,False,False
002263.SZSE,大东南,2026-04-10,2026-04,2板补涨阴,False,,无U,,True,封D1正,-2.04,1.84,1.84,9.34,0.74,8.54,9,+++,2,-5.52,1.27,50.0,False,,True,False,False
002263.SZSE,大东南,2026-04-16,2026-04,2板补涨阴,False,,无U,,True,封D1负,1.74,-3.68,-3.68,15.48,0.74,14.63,13,+++,2,-4.86,3.04,53.0,False,,True,False,False
002264.SZSE,新 华 都,2026-01-27,2026-01,2板补涨阴,True,U坑,U坑内,,False,炸板,-4.47,-5.38,-5.38,-17.62,-18.2,0.71,8,-++,2,-5.05,1.53,57.0,False,,False,False,False
002264.SZSE,新 华 都,2026-02-02,2026-02,2板补涨阴,True,U坑,U坑内,,False,炸板,-1.82,-1.04,-1.04,-13.48,-18.2,5.76,12,+++,2,-4.39,1.28,41.0,False,,False,False,False
002264.SZSE,新 华 都,2026-02-05,2026-02,2板补涨阴,True,U坑,U坑内,,False,封D1负,-1.19,-4.61,-4.61,-5.38,-18.2,15.67,15,+++,2,0.44,0.09,57.0,False,,True,False,False
002265.SZSE,建设工业,2025-06-30,2025-06,2板补涨阴,False,,无U,,False,炸板,-4.52,-5.68,-5.68,-1.88,-1.88,0.0,2,+++,2,-1.88,1.71,42.0,False,,False,False,False
002269.SZSE,美邦服饰,2025-01-07,2025-01,2板补涨阴,False,,无U,,False,封D1负,-0.75,-1.5,-1.5,-1.63,-1.63,0.0,2,+-+,2,-1.63,0.81,52.0,False,,True,False,False
002269.SZSE,美邦服饰,2025-01-16,2025-01,2板补涨阴,False,,U突破,,False,炸板,-6.49,-11.83,-11.83,-3.25,-10.57,8.18,9,-+-,2,-1.65,2.48,54.0,False,,False,False,False
002271.SZSE,东方雨虹,2024-10-14,2024-10,2板补涨阴,False,,U坑内,,True,炸板,-2.91,-2.48,-2.48,-7.11,-7.11,0.0,5,+++,2,-3.76,1.5,28.0,False,,False,False,False
002273.SZSE,水晶光电,2026-07-21,2026-07,2板补涨阴,False,,U坑内,,False,封D1负,0.0,-2.21,-2.21,-35.82,-35.82,0.0,14,---,2,-6.0,1.01,49.0,False,,True,False,False
002276.SZSE,万马股份,2025-04-09,2025-04,2板补涨阴,False,,U坑内,,False,连板,6.15,9.98,6.98,-38.41,-38.41,0.0,14,--+,2,-2.65,1.61,99.0,True,05,True,True,False
002276.SZSE,万马股份,2025-05-12,2025-05,2板补涨阴,False,,U突破,,True,炸板,-3.35,-4.99,-4.99,1.84,-7.71,10.35,19,+++,2,-4.05,0.06,27.0,False,,False,False,False
002277.SZSE,友阿股份,2023-11-06,2023-11,2板补涨阴,False,,U坑内,,False,封D1负,-0.74,-2.21,-2.21,-8.62,-8.62,0.0,3,+++,2,-5.12,0.51,35.0,False,,True,False,False
002278.SZSE,神开股份,2024-08-05,2024-08,2板补涨阴,False,,U坑内,,True,封D1正,7.01,2.68,2.68,-7.93,-7.93,0.0,5,+++,2,-4.13,1.3,39.0,False,,True,False,False
002279.SZSE,久其软件,2024-07-18,2024-07,2板补涨阴,False,,U坑内,,False,封D1正,2.89,1.86,1.86,-16.0,-16.0,0.0,11,-++,2,-0.68,1.8,19.0,False,,True,False,False
002279.SZSE,久其软件,2025-11-28,2025-11,2板补涨阴,False,,U坑内,,True,炸板,-3.54,-7.39,-7.39,-8.65,-8.65,0.0,4,+++,2,-5.47,1.89,41.0,False,,False,False,False
002279.SZSE,久其软件,2026-01-27,2026-01,2板补涨阴,False,,无U,,False,炸板,-4.5,-7.02,-7.02,-3.63,-3.63,0.0,3,+++,2,-1.85,0.97,57.0,False,,False,False,False
002283.SZSE,天润工业,2024-12-10,2024-12,2板补涨阴,False,,U坑内,,False,封D1正,0.63,2.98,2.98,-7.64,-7.64,0.0,3,+++,2,-3.01,0.84,83.0,False,,True,False,False
002285.SZSE,世联行,2024-08-21,2024-08,2板补涨阴,False,,U坑内,,False,炸板,-3.63,-5.7,-5.7,-19.35,-19.35,0.0,8,-++,2,-2.78,1.11,17.0,False,,False,False,False
002285.SZSE,世联行,2024-09-05,2024-09,2板补涨阴,False,,U坑内,,False,封D1负,-3.08,-3.08,-3.08,-18.43,-22.58,5.36,19,+-+,2,-2.21,3.87,31.0,False,,True,False,False
002285.SZSE,世联行,2025-11-28,2025-11,2板补涨阴,False,,U坑内,,False,封D1正,3.63,0.33,0.33,-12.97,-12.97,0.0,4,+++,2,-3.51,1.75,41.0,False,,True,False,False
002285.SZSE,世联行,2025-12-02,2025-12,2板补涨阴,False,,U突破,,True,封D1负,3.89,-3.59,-3.59,-3.8,-12.97,10.55,6,+++,2,0.33,3.3,54.0,False,,True,False,False
002285.SZSE,世联行,2025-12-10,2025-12,2板补涨阴,True,U坑,U坑内,,False,封D1正,5.36,0.63,0.63,-8.86,-12.97,4.73,12,+++,2,-5.57,0.33,46.0,False,,True,False,False
002286.SZSE,保龄宝,2025-05-07,2025-05,2板补涨阴,False,,U突破,,True,封D1负,0.19,-4.28,-4.28,7.6,-12.9,23.54,15,+++,2,1.3,0.11,79.0,False,,True,False,False
002290.SZSE,禾盛新材,2025-05-12,2025-05,2板补涨阴,False,,U坑内,,False,封D1正,1.79,3.93,3.93,-7.43,-7.43,0.0,3,+++,2,-0.96,0.79,27.0,False,,True,False,False
002291.SZSE,遥望科技,2023-05-15,2023-05,2板补涨阴,True,U坑,U坑内,,False,炸板,-10.82,-16.66,-16.66,-8.27,-13.66,6.24,7,-++,2,-3.42,0.0,23.0,False,,False,False,False
002291.SZSE,遥望科技,2024-12-18,2024-12,2板补涨阴,False,,无U,,True,封D1负,-4.01,-9.97,-9.97,5.98,5.98,0.0,2,+++,2,5.98,3.04,25.0,False,,True,False,False
002292.SZSE,奥飞娱乐,2023-06-01,2023-06,2板补涨阴,False,,U坑内,,False,连板,5.16,10.01,17.6,-23.22,-28.11,6.81,19,+-+,2,-3.25,0.22,32.0,True,05,True,True,False
002292.SZSE,奥飞娱乐,2024-12-10,2024-12,2板补涨阴,False,,无U,,True,封D1正,1.44,3.74,3.74,2.6,-2.49,5.22,10,-++,2,-2.37,3.61,83.0,False,,True,False,False
002295.SZSE,精艺股份,2024-04-09,2024-04,2板补涨阴,False,,U坑内,,False,封D1负,-0.39,-2.45,-2.45,-10.52,-10.52,0.0,3,+++,2,-5.99,3.6,51.0,False,,True,False,False
002295.SZSE,精艺股份,2024-04-11,2024-04,2板补涨阴,False,,U突破,,False,炸板,-5.4,6.0,2.4,-3.93,-10.52,7.37,5,+++,2,-2.45,2.96,23.0,False,,False,True,False
002295.SZSE,精艺股份,2024-04-17,2024-04,2板补涨阴,False,,U突破,,False,炸板,-13.59,-15.32,-15.32,0.0,-10.52,11.76,9,+++,2,-7.61,0.82,16.0,False,,False,False,False
002295.SZSE,精艺股份,2025-12-12,2025-12,2板补涨阴,False,,U坑内,,False,炸板,-10.3,-8.13,-8.13,-10.64,-10.64,0.0,4,++-,2,-6.6,0.23,27.0,False,,False,False,False
002298.SZSE,中电鑫龙,2024-12-09,2024-12,2板补涨阴,False,,U坑内,,False,封D1负,5.02,-0.61,-0.61,-5.69,-18.48,15.7,20,+++,2,-3.71,1.94,94.0,False,,True,False,False
002298.SZSE,中电鑫龙,2025-05-26,2025-05,2板补涨阴,False,,无U,,True,炸板,-2.25,-2.73,-2.73,5.01,2.04,2.91,17,-++,2,-4.07,1.36,34.0,False,,False,False,False
002298.SZSE,中电鑫龙,2025-08-26,2025-08,2板补涨阴,False,,无U,,False,封D1正,4.44,0.92,0.92,15.18,3.08,11.74,9,+++,2,-0.28,3.31,64.0,False,,True,False,False
002298.SZSE,中电鑫龙,2025-09-30,2025-09,2板补涨阴,False,,U坑内,,False,封D1正,0.3,1.67,1.67,-13.05,-13.05,0.0,3,++-,2,-6.77,1.87,46.0,False,,True,False,False
002298.SZSE,中电鑫龙,2026-07-29,2026-07,2板补涨阴,False,,无U,,True,封D1正,2.62,0.46,0.46,-1.6,-1.6,0.0,3,++-,2,-5.68,0.47,57.0,False,,True,False,False
002300.SZSE,太阳电缆,2026-08-10,2026-08,2板补涨阴,False,,无U,,True,封D1负,-1.39,-3.67,-3.67,1.13,-1.83,3.01,11,+++,2,-1.1,0.14,59.0,False,,True,False,False
002301.SZSE,齐心集团,2025-11-24,2025-11,2板补涨阴,False,,U坑内,,False,封D1负,-0.9,-0.77,-0.77,-13.34,-13.34,0.0,3,+++,2,-4.45,3.91,23.0,False,,True,False,False
002301.SZSE,齐心集团,2025-12-02,2025-12,2板补涨阴,False,,U坑内,,True,炸板,-3.27,-3.87,-3.87,-8.08,-13.34,6.07,9,+++,2,-1.7,0.79,54.0,False,,False,False,False
002302.SZSE,西部建设,2025-08-08,2025-08,2板补涨阴,False,,U坑内,,True,连板,6.1,10.07,11.06,-12.07,-12.48,0.47,13,-++,2,0.31,0.31,47.0,True,02,True,True,False
002307.SZSE,北新路桥,2025-12-15,2025-12,2板补涨阴,False,,U坑内,,True,封D1负,-1.04,-6.43,-6.43,-8.73,-8.73,0.0,15,-++,2,-1.32,0.19,67.0,False,,True,False,False
002313.SZSE,日海智能,2024-12-16,2024-12,2板补涨阴,False,,无U,,False,封D1负,0.67,-9.99,-9.99,-2.24,-2.24,0.0,2,+++,2,-2.24,0.72,84.0,False,,True,False,False
002313.SZSE,日海智能,2025-02-05,2025-02,2板补涨阴,False,,U坑内,,True,封D1正,1.2,5.22,5.22,-11.83,-11.83,0.0,13,-+-,2,-5.44,0.91,35.0,False,,True,False,False
002314.SZSE,南山控股,2025-07-07,2025-07,2板补涨阴,False,,U坑内,,False,封D1正,1.55,3.42,3.42,-7.57,-7.57,0.0,2,+++,2,-7.57,0.32,30.0,False,,True,False,False
002314.SZSE,南山控股,2025-07-10,2025-07,2板补涨阴,False,,U突破,,True,封D1负,0.0,-4.78,-4.78,2.21,-7.57,10.58,5,+++,2,-2.7,2.4,40.0,False,,True,False,False
002316.SZSE,亚联发展,2023-04-28,2023-04,2板补涨阴,False,,U坑内,,True,封D1正,0.67,3.14,3.14,-25.14,-25.14,0.0,8,,2,-4.48,0.0,28.0,False,,True,False,False
002316.SZSE,亚联发展,2023-08-21,2023-08,2板补涨阴,False,,U坑内,,False,封D1正,0.0,3.77,3.77,-24.61,-24.61,0.0,19,--+,2,-4.33,1.62,16.0,False,,True,False,False
002317.SZSE,众生药业,2025-06-20,2025-06,2板补涨阴,False,,U坑内,,True,炸板,-2.77,-3.94,-3.94,-12.35,-12.35,0.0,8,-++,2,-1.99,1.66,26.0,False,,False,False,False
002319.SZSE,乐通股份,2024-03-04,2024-03,2板补涨阴,False,,U坑内,,True,封D1负,5.49,-0.42,-0.42,-16.02,-26.09,13.64,16,+--,2,-1.56,1.28,56.0,False,,True,False,False
002319.SZSE,乐通股份,2024-10-25,2024-10,2板补涨阴,False,,无U,,True,封D1正,1.36,7.33,7.33,-3.0,-3.0,0.0,3,+++,2,-3.0,1.91,67.0,False,,True,False,False
002320.SZSE,海峡股份,2025-11-05,2025-11,2板补涨阴,False,,U突破,,True,封D1负,5.45,-7.66,-7.66,0.0,-7.64,8.28,13,+++,2,-2.51,1.25,44.0,False,,True,False,False
002328.SZSE,新朋股份,2026-04-14,2026-04,2板补涨阴,False,,无U,,True,封D1正,0.51,5.57,5.57,6.43,6.43,0.0,2,+++,2,6.43,0.0,52.0,False,,True,False,False
002329.SZSE,皇氏集团,2024-12-20,2024-12,2板补涨阴,False,,U坑内,,True,封D1负,-0.89,-8.24,-8.24,-5.34,-5.34,0.0,16,-++,2,-2.16,1.44,50.0,False,,True,False,False
002329.SZSE,皇氏集团,2025-12-23,2025-12,2板补涨阴,False,,U突破,,True,炸板,-10.61,-6.73,-6.73,-2.84,-10.04,8.01,5,+++,2,-2.84,1.31,72.0,False,,False,False,False
002333.SZSE,罗普斯金,2024-01-30,2024-01,2板补涨阴,False,,U坑内,,False,封D1负,3.95,-4.26,-4.26,-24.4,-24.4,0.0,8,-++,2,-5.23,1.27,25.0,False,,True,False,False
002339.SZSE,积成电子,2026-01-23,2026-01,2板补涨阴,False,,U坑内,,False,封D1正,0.96,2.79,2.79,-8.42,-8.42,0.0,4,+++,2,-3.42,1.48,63.0,False,,True,False,False
002339.SZSE,积成电子,2026-02-02,2026-02,2板补涨阴,False,,U坑内,,True,封D1正,-2.34,1.33,1.33,-4.39,-8.42,4.41,10,+++,2,-5.87,0.86,41.0,False,,True,False,False
002339.SZSE,积成电子,2026-02-06,2026-02,2板补涨阴,False,,U突破,,True,封D1正,-0.71,1.49,1.49,1.75,-8.42,11.11,14,-++,2,-5.84,2.27,37.0,False,,True,False,False
002339.SZSE,积成电子,2026-03-18,2026-03,2板补涨阴,False,,U坑内,,True,封D1负,-0.48,-4.16,-4.16,-10.4,-10.4,0.0,9,-++,2,-3.81,0.85,33.0,False,,True,False,False
002339.SZSE,积成电子,2026-03-24,2026-03,2板补涨阴,False,,U坑内,,False,炸板,-5.77,-4.7,-4.7,-13.08,-13.08,0.0,13,---,2,-5.0,3.88,24.0,False,,False,False,False
002346.SZSE,柘中股份,2025-01-14,2025-01,2板补涨阴,False,,无U,,False,封D1负,1.7,-1.54,-1.54,-1.51,-2.85,1.38,5,+++,2,-7.83,1.41,42.0,False,,True,False,False
002346.SZSE,柘中股份,2026-07-31,2026-07,2板补涨阴,False,,U坑内,,False,封D1正,2.16,1.87,1.87,-28.61,-28.61,0.0,15,---,2,-5.64,1.15,46.0,False,,True,False,False
002348.SZSE,高乐股份,2024-12-13,2024-12,2板补涨阴,False,,U突破,,True,炸板,-3.36,-10.67,-10.67,3.14,-10.31,15.0,13,+++,2,-0.86,1.29,119.0,False,,False,False,False
002348.SZSE,高乐股份,2026-04-29,2026-04,2板补涨阴,False,,无U,,True,封D1正,3.87,5.1,5.1,8.69,0.9,7.72,15,+++,2,-2.92,0.71,53.0,False,,True,False,False
002350.SZSE,北京科锐,2026-03-03,2026-03,2板补涨阴,False,,无U,,False,封D1正,-8.26,1.83,1.83,-3.49,-3.49,0.0,2,+++,2,-3.49,3.98,77.0,False,,True,False,False
002351.SZSE,漫步者,2023-06-01,2023-06,2板补涨阴,False,,U坑内,,True,炸板,-4.11,-4.62,-4.62,-19.65,-22.1,3.15,20,--+,2,-0.62,1.68,32.0,False,,False,False,False
002353.SZSE,杰瑞股份,2025-12-03,2025-12,2板补涨阴,False,,无U,,False,封D1正,0.0,1.18,1.18,-3.46,-3.46,0.0,2,+++,2,-3.46,0.98,41.0,False,,True,False,False
002354.SZSE,天娱数科,2024-12-05,2024-12,2板补涨阴,True,U坑,U坑内,,False,连板,9.96,9.96,37.37,-4.66,-13.06,9.66,10,-++,2,-4.13,3.94,69.0,True,03,True,True,False
002355.SZSE,兴民智通,2025-05-29,2025-05,2板补涨阴,False,,无U,,True,封D1负,1.97,-1.58,-1.58,0.44,-2.76,3.28,17,-++,2,-0.14,2.02,49.0,False,,True,False,False
002355.SZSE,兴民智通,2026-02-13,2026-02,2板补涨阴,True,U坑,U坑内,,False,封D1正,5.49,1.07,1.07,-9.22,-9.22,0.0,6,+++,2,-1.59,1.45,55.0,False,,True,False,False
002356.SZSE,鹏飞绿能,2024-11-25,2024-11,2板补涨阴,False,,U坑内,,True,炸板,-6.95,-0.25,-0.25,-8.04,-8.04,0.0,5,+++,2,-8.5,0.5,60.0,False,,False,False,False
002356.SZSE,鹏飞绿能,2026-03-13,2026-03,2板补涨阴,True,U坑,U坑内,,False,炸板,-3.4,-2.76,-2.76,-7.76,-7.76,0.0,9,-++,2,-3.17,2.94,46.0,False,,False,False,False
002361.SZSE,神剑股份,2026-06-10,2026-06,2板补涨阴,False,,U坑内,,False,炸板,-7.78,-10.55,-10.55,-4.0,-4.0,0.0,2,+--,2,-4.0,2.87,107.0,False,,False,False,False
002364.SZSE,中恒电气,2025-01-02,2025-01,2板补涨阴,False,,无U,,True,封D1负,1.1,-2.78,-2.78,10.33,4.29,5.78,6,+++,2,-6.17,3.91,39.0,False,,True,False,False
002364.SZSE,中恒电气,2025-01-06,2025-01,2板补涨阴,False,,无U,,False,连板,2.44,10.01,8.9,18.0,4.29,13.14,8,+++,2,-2.78,1.94,41.0,True,05,True,True,False
002365.SZSE,永安药业,2025-04-28,2025-04,2板补涨阴,False,,U坑内,,False,连板,0.0,9.97,-1.0,-4.28,-4.28,0.0,2,+++,2,-4.28,0.16,59.0,True,05,True,True,False
002365.SZSE,永安药业,2026-07-27,2026-07,2板补涨阴,True,U坑,U坑内,,False,封D1正,2.89,2.03,2.03,-11.76,-11.76,0.0,7,+++,2,-6.21,2.98,36.0,False,,True,False,False
002365.SZSE,永安药业,2026-08-07,2026-08,2板补涨阴,False,,U突破,,True,炸板,-2.82,-3.66,-3.66,-2.05,-11.76,11.01,16,+++,2,1.25,1.33,69.0,False,,False,False,False
002369.SZSE,卓翼科技,2023-10-11,2023-10,2板补涨阴,False,,无U,,False,封D1负,-4.96,-6.24,-6.24,-3.9,-3.9,0.0,2,+++,2,-3.9,3.75,33.0,False,,True,False,False
002369.SZSE,卓翼科技,2025-01-03,2025-01,2板补涨阴,False,,U坑内,,False,封D1负,-0.88,-6.42,-6.42,-32.28,-32.28,0.0,11,-++,2,-2.04,1.73,51.0,False,,True,False,False
002370.SZSE,亚太药业,2025-07-21,2025-07,2板补涨阴,False,,无U,,True,封D1负,1.29,-4.24,-4.24,1.86,1.86,0.0,2,+++,2,1.86,3.09,37.0,False,,True,False,False
002378.SZSE,章源钨业,2026-02-25,2026-02,2板补涨阴,False,,无U,,True,连板,5.96,10.01,30.97,0.33,0.33,0.0,3,+++,2,-0.23,0.46,82.0,True,03,True,True,False
002380.SZSE,科远智慧,2024-03-06,2024-03,2板补涨阴,False,,无U,,True,封D1负,6.09,-3.07,-3.07,21.03,2.73,17.81,12,++-,2,-3.46,1.54,38.0,False,,True,False,False
002383.SZSE,合众思壮,2024-11-13,2024-11,2板补涨阴,False,,无U,,False,炸板,-10.41,-14.22,-14.22,-3.93,-3.93,0.0,2,+++,2,-3.93,3.93,65.0,False,,False,False,False
002388.SZSE,新亚制程,2024-10-30,2024-10,2板补涨阴,False,,U突破,,True,连板,9.93,9.93,-1.08,-2.7,-12.74,11.5,16,+++,2,-3.63,1.15,93.0,True,05,True,True,False
002395.SZSE,双象股份,2023-06-05,2023-06,2板补涨阴,False,,U坑内,,False,封D1负,-5.96,-9.98,-9.98,-4.17,-4.17,0.0,2,+++,2,-4.17,0.0,45.0,False,,True,False,False
002396.SZSE,星网锐捷,2026-07-13,2026-07,2板补涨阴,False,,无U,,False,炸板,2.58,-5.29,-5.29,6.72,2.76,3.86,5,+++,2,-5.15,3.8,79.0,False,,False,False,False
002400.SZSE,省广集团,2023-07-19,2023-07,2板补涨阴,False,,无U,,True,连板,2.65,9.93,3.31,-2.66,-2.66,0.0,3,++-,2,-5.34,1.72,13.0,True,01,True,True,False
002400.SZSE,省广集团,2024-11-13,2024-11,2板补涨阴,False,,U坑内,,False,封D1负,0.13,-2.18,-2.18,-8.99,-8.99,0.0,4,+++,2,-5.21,2.94,65.0,False,,True,False,False
002400.SZSE,省广集团,2024-11-29,2024-11,2板补涨阴,False,,U突破,,True,连板,2.8,10.05,2.22,-0.13,-10.65,11.78,16,+++,2,-7.93,3.79,75.0,True,05,True,True,False
002404.SZSE,嘉欣丝绸,2026-06-17,2026-06,2板补涨阴,False,,U坑内,,True,封D1负,-1.75,-9.94,-9.94,-15.95,-15.95,0.0,11,-+-,2,-1.89,0.0,105.0,False,,True,False,False
002407.SZSE,多氟多,2025-09-15,2025-09,2板补涨阴,False,,无U,,True,炸板,-5.64,-6.59,-6.59,2.33,1.56,0.77,5,+++,2,-3.23,1.3,57.0,False,,False,False,False
002407.SZSE,多氟多,2025-10-13,2025-10,2板补涨阴,False,,U突破,,True,封D1负,1.2,-3.22,-3.22,13.29,-4.13,18.16,19,+++,2,-7.07,1.18,53.0,False,,True,False,False
002418.SZSE,康盛股份,2025-11-03,2025-11,2板补涨阴,False,,U坑内,,False,封D1正,-0.76,2.1,2.1,-8.48,-8.48,0.0,2,+--,2,-8.48,0.0,47.0,False,,True,False,False
002418.SZSE,康盛股份,2026-05-06,2026-05,2板补涨阴,False,,U坑内,,False,封D1正,0.0,2.74,2.74,-17.18,-17.18,0.0,9,-++,2,-3.75,0.34,69.0,False,,True,False,False
002423.SZSE,中粮资本,2023-05-12,2023-05,2板补涨阴,False,,U坑内,,True,封D1正,3.1,1.18,1.18,-5.76,-5.76,0.0,5,,2,-4.38,1.69,35.0,False,,True,False,False
002425.SZSE,凯撒文化,2024-05-21,2024-05,2板补涨阴,False,,U坑内,,False,封D1正,2.05,2.64,2.64,-8.01,-8.01,0.0,4,++-,2,-3.12,0.94,36.0,False,,True,False,False
002426.SZSE,胜利精密,2024-11-22,2024-11,2板补涨阴,False,,U坑内,,True,炸板,-4.98,5.69,-0.36,-9.25,-11.39,2.41,11,-++,2,-1.54,0.0,88.0,False,,False,True,False
002426.SZSE,胜利精密,2025-01-03,2025-01,2板补涨阴,False,,U坑内,,True,封D1正,1.71,7.88,7.88,-34.41,-34.41,0.0,16,--+,2,-1.12,2.99,51.0,False,,True,False,False
002427.SZSE,尤夫股份,2025-06-26,2025-06,2板补涨阴,False,,U坑内,,False,封D1负,2.12,-4.12,-4.12,-23.76,-25.07,1.75,20,--+,2,-0.24,1.1,50.0,False,,True,False,False
002428.SZSE,云南锗业,2026-03-20,2026-03,2板补涨阴,False,,U坑内,,True,封D1负,-1.06,-6.58,-6.58,-10.99,-10.99,0.0,16,-++,2,-3.04,1.82,25.0,False,,True,False,False
002428.SZSE,云南锗业,2026-03-24,2026-03,2板补涨阴,False,,U坑内,,False,封D1正,7.48,8.44,8.44,-8.54,-10.99,2.76,18,--+,2,-6.58,3.45,24.0,False,,True,False,False
002432.SZSE,九安医疗,2026-03-27,2026-03,2板补涨阴,True,U坑,U坑内,,False,连板,-1.01,9.99,7.2,-5.38,-8.23,3.11,6,+++,2,-2.04,0.24,36.0,True,02,True,True,False
002432.SZSE,九安医疗,2026-04-22,2026-04,2板补涨阴,False,,无U,,True,封D1负,0.64,-2.2,-2.2,6.07,-2.54,8.83,16,-++,2,-0.25,0.8,44.0,False,,True,False,False
002432.SZSE,九安医疗,2026-06-15,2026-06,2板补涨阴,False,,U坑内,,True,封D1正,5.11,5.84,5.84,-30.69,-30.69,0.0,15,---,2,-1.36,0.83,83.0,False,,True,False,False
002432.SZSE,九安医疗,2026-06-18,2026-06,2板补涨阴,False,,U坑内,,True,封D1负,0.0,-0.86,-0.86,-23.94,-30.69,9.74,18,---,2,-5.74,0.0,67.0,False,,True,False,False
002432.SZSE,九安医疗,2026-07-21,2026-07,2板补涨阴,False,,无U,,False,封D1正,4.46,2.37,2.37,8.23,7.48,0.69,4,+--,2,-8.46,0.0,49.0,False,,True,False,False
002432.SZSE,九安医疗,2026-07-31,2026-07,2板补涨阴,False,,U坑内,,True,封D1负,-2.56,-5.57,-5.57,-7.09,-7.09,0.0,12,-+-,2,-6.84,0.73,46.0,False,,True,False,False
002440.SZSE,闰土股份,2026-02-06,2026-02,2板补涨阴,False,,无U,,True,连板,4.01,9.99,16.43,1.52,1.52,0.0,6,+++,2,-3.69,1.12,37.0,True,02,True,True,False
002446.SZSE,盛路通信,2026-01-27,2026-01,2板补涨阴,True,U坑,U坑内,,False,封D1负,-0.64,-1.28,-1.28,-22.77,-26.24,4.71,8,-++,2,-5.66,1.17,57.0,False,,True,False,False
002451.SZSE,摩恩电气,2023-08-16,2023-08,2板补涨阴,False,,无U,,False,封D1负,-0.68,-2.82,-2.82,-0.62,-0.62,0.0,2,+++,2,-0.62,2.59,21.0,False,,True,False,False
002453.SZSE,华软科技,2026-05-22,2026-05,2板补涨阴,False,,U坑内,,True,封D1正,2.08,1.44,1.44,-7.78,-7.78,0.0,12,-++,2,-5.79,0.5,32.0,False,,True,False,False
002459.SZSE,晶澳科技,2024-10-25,2024-10,2板补涨阴,False,,无U,,True,封D1正,0.0,1.68,1.68,-1.93,-1.93,0.0,3,+++,2,-7.92,0.17,67.0,False,,True,False,False
002465.SZSE,海格通信,2026-01-12,2026-01,2板补涨阴,False,,无U,,True,连板,10.0,10.0,8.91,4.93,2.05,2.83,4,+++,2,-1.53,0.49,79.0,True,03,True,True,False
002471.SZSE,中超控股,2025-04-14,2025-04,2板补涨阴,True,U坑,U坑内,,False,封D1正,7.9,3.04,3.04,-10.48,-10.48,0.0,6,+++,2,-2.29,2.61,64.0,False,,True,False,False
002471.SZSE,中超控股,2026-01-27,2026-01,2板补涨阴,False,,U坑内,,False,炸板,-6.39,-5.37,-5.37,-7.01,-7.01,0.0,2,--+,2,-7.01,0.23,57.0,False,,False,False,False
002474.SZSE,榕基软件,2024-03-20,2024-03,2板补涨阴,False,,U坑内,,True,封D1负,1.93,-1.64,-1.64,-4.68,-4.68,0.0,5,+++,2,-2.71,0.8,46.0,False,,True,False,False
002478.SZSE,常宝股份,2025-11-28,2025-11,2板补涨阴,False,,U坑内,,True,炸板,-5.93,-6.06,-6.06,-10.58,-14.11,4.11,16,--+,2,0.96,1.37,41.0,False,,False,False,False
002481.SZSE,双塔食品,2024-12-12,2024-12,2板补涨阴,False,,无U,,True,炸板,-10.07,-13.96,-13.96,4.15,4.15,0.0,2,++-,2,4.15,2.46,119.0,False,,False,False,False
002491.SZSE,通鼎互联,2026-02-26,2026-02,2板补涨阴,False,,无U,,False,封D1正,-3.44,1.05,1.05,10.3,3.82,6.24,12,+++,2,-6.48,1.37,61.0,False,,True,False,False
002491.SZSE,通鼎互联,2026-04-16,2026-04,2板补涨阴,False,,U坑内,,True,封D1负,0.0,-3.14,-3.14,-6.58,-6.58,0.0,6,+++,2,-5.9,3.18,53.0,False,,True,False,False
002491.SZSE,通鼎互联,2026-04-20,2026-04,2板补涨阴,False,,U突破,,False,封D1正,0.18,0.66,0.66,-0.46,-6.58,6.55,8,+++,2,-3.14,2.24,57.0,False,,True,False,False
002491.SZSE,通鼎互联,2026-06-24,2026-06,2板补涨阴,False,,无U,,True,封D1正,6.75,3.91,3.91,6.65,6.65,0.0,3,+++,2,-0.94,2.68,87.0,False,,True,False,False
002495.SZSE,佳隆股份,2024-01-02,2024-01,2板补涨阴,False,,U坑内,,False,封D1负,0.85,-1.7,-1.7,-11.85,-11.85,0.0,4,+++,2,-6.71,0.0,54.0,False,,True,False,False
002496.SZSE,辉丰股份,2023-07-14,2023-07,2板补涨阴,False,,U坑内,,False,炸板,-8.12,-5.84,-5.84,-9.39,-9.39,0.0,3,+++,2,-3.45,0.34,30.0,False,,False,False,False
002506.SZSE,协鑫集成,2024-11-05,2024-11,2板补涨阴,False,,无U,,True,封D1正,8.11,1.5,1.5,2.02,2.02,0.0,2,+++,2,2.02,3.37,122.0,False,,True,False,False
002510.SZSE,天汽模,2023-12-12,2023-12,2板补涨阴,False,,U坑内,,False,炸板,-3.83,-0.35,-0.35,-11.38,-11.38,0.0,3,+++,2,-3.69,0.74,33.0,False,,False,False,False
002510.SZSE,天汽模,2023-12-18,2023-12,2板补涨阴,True,U坑,U坑内,,False,炸板,-6.43,-5.77,-5.77,-6.28,-11.38,5.75,7,+++,2,-3.66,0.7,42.0,False,,False,False,False
002513.SZSE,蓝丰生化,2024-10-31,2024-10,2板补涨阴,False,,U坑内,,False,连板,2.32,10.06,53.38,-9.79,-9.79,0.0,3,+++,2,-3.29,1.44,118.0,True,03,True,True,False
002523.SZSE,天桥起重,2024-12-09,2024-12,2板补涨阴,False,,无U,,False,连板,10.0,10.0,2.62,-3.54,-3.54,0.0,2,+++,2,-3.54,0.0,94.0,True,01,True,True,False
002523.SZSE,天桥起重,2024-12-13,2024-12,2板补涨阴,False,,U坑内,,False,封D1正,1.32,5.52,5.52,-10.82,-10.82,0.0,3,+++,2,-4.41,1.16,119.0,False,,True,False,False
002524.SZSE,光正眼科,2025-02-20,2025-02,2板补涨阴,False,,U坑内,,False,封D1正,1.97,0.0,0.0,-8.19,-8.19,0.0,3,+++,2,-0.72,0.24,90.0,False,,True,False,False
002524.SZSE,光正眼科,2025-03-10,2025-03,2板补涨阴,False,,U坑内,,True,封D1负,-1.74,-3.7,-3.7,-7.74,-8.19,0.48,15,-++,2,-2.57,1.4,45.0,False,,True,False,False
002527.SZSE,新时达,2023-08-29,2023-08,2板补涨阴,False,,U坑内,,True,封D1正,3.37,4.2,4.2,-11.27,-11.27,0.0,7,+++,2,-2.96,0.0,28.0,False,,True,False,False
002529.SZSE,海源复材,2024-06-07,2024-06,2板补涨阴,False,,U坑内,,False,封D1负,0.87,-3.15,-3.15,-32.99,-32.99,0.0,6,---,2,-7.31,2.5,16.0,False,,True,False,False
002530.SZSE,金财互联,2024-11-27,2024-11,2板补涨阴,False,,U坑内,,False,封D1负,1.34,-2.46,-2.46,-21.39,-21.39,0.0,7,-++,2,-6.77,0.11,79.0,False,,True,False,False
002530.SZSE,金财互联,2024-12-05,2024-12,2板补涨阴,False,,U坑内,,True,连板,5.42,10.04,19.88,-12.39,-21.39,11.45,13,+++,2,-5.53,0.31,69.0,True,03,True,True,False
002530.SZSE,金财互联,2025-02-12,2025-02,2板补涨阴,False,,U突破,,False,封D1负,-1.45,-4.58,-4.58,-1.65,-5.12,3.66,6,+++,2,-0.83,2.08,57.0,False,,True,False,False
002531.SZSE,天顺风能,2024-03-06,2024-03,2板补涨阴,False,,无U,,True,封D1负,1.98,-1.61,-1.61,-2.43,-2.74,0.31,14,++-,2,-3.12,0.1,38.0,False,,True,False,False
002536.SZSE,飞龙股份,2025-01-20,2025-01,2板补涨阴,False,,U坑内,,True,炸板,-6.14,-6.21,-6.21,-6.19,-6.19,0.0,6,+++,2,-4.38,1.93,47.0,False,,False,False,False
002546.SZSE,新联电子,2025-06-10,2025-06,2板补涨阴,False,,无U,,False,炸板,-6.06,-8.39,-8.39,-2.82,-2.82,0.0,2,+++,2,-2.82,0.83,54.0,False,,False,False,False
002546.SZSE,新联电子,2026-01-23,2026-01,2板补涨阴,False,,U坑内,,False,炸板,-3.95,-6.99,-6.99,-10.3,-10.3,0.0,3,+++,2,-7.33,2.07,63.0,False,,False,False,False
002549.SZSE,凯美特气,2025-08-15,2025-08,2板补涨阴,False,,无U,,True,封D1正,2.58,2.76,2.76,0.93,0.93,0.0,2,+++,2,0.93,0.0,40.0,False,,True,False,False
002549.SZSE,凯美特气,2025-08-28,2025-08,2板补涨阴,False,,无U,,True,封D1负,1.43,-4.65,-4.65,1.46,0.93,0.53,11,-++,2,-4.63,3.07,39.0,False,,True,False,False
002549.SZSE,凯美特气,2025-09-03,2025-09,2板补涨阴,False,,无U,,False,炸板,-3.03,-7.95,-7.95,5.86,0.93,4.88,15,+++,2,-5.02,3.52,40.0,False,,False,False,False
002551.SZSE,尚荣医疗,2025-08-15,2025-08,2板补涨阴,False,,U坑内,,True,封D1正,2.67,4.52,4.52,-4.53,-4.53,0.0,5,+++,2,-7.71,0.83,40.0,False,,True,False,False
002552.SZSE,宝鼎科技,2025-01-17,2025-01,2板补涨阴,False,,U突破,,False,封D1负,2.97,-3.26,-3.26,-0.25,-9.67,10.42,9,+++,2,-4.96,2.99,59.0,False,,True,False,False
002553.SZSE,南方精工,2024-03-21,2024-03,2板补涨阴,False,,U突破,,True,连板,10.03,10.03,2.22,0.59,-10.68,12.62,17,+++,2,-1.17,0.33,64.0,True,02,True,True,False
002553.SZSE,南方精工,2025-04-23,2025-04,2板补涨阴,False,,U坑内,,True,封D1正,2.28,0.44,0.44,-32.96,-42.98,17.58,19,+-+,2,-4.0,0.15,68.0,False,,True,False,False
002554.SZSE,惠博普,2026-01-21,2026-01,2板补涨阴,False,,U坑内,,False,封D1正,0.0,1.98,1.98,-6.14,-6.14,0.0,4,+++,2,-0.54,3.25,50.0,False,,True,False,False
002559.SZSE,亚威股份,2026-07-10,2026-07,2板补涨阴,False,,U坑内,,False,炸板,-11.55,-18.09,-18.09,-22.24,-22.24,0.0,6,-++,2,-0.75,1.0,63.0,False,,False,False,False
002562.SZSE,兄弟科技,2025-07-09,2025-07,2板补涨阴,False,,无U,,False,炸板,-5.75,-5.43,-5.43,-1.85,-1.85,0.0,2,+++,2,-1.85,2.52,57.0,False,,False,False,False
002562.SZSE,兄弟科技,2025-07-14,2025-07,2板补涨阴,False,,U坑内,,True,封D1正,3.83,3.99,3.99,-4.53,-4.53,0.0,5,+++,2,-6.57,0.99,49.0,False,,True,False,False
002564.SZSE,天沃科技,2025-04-18,2025-04,2板补涨阴,False,,无U,,False,封D1负,-1.71,-3.05,-3.05,-1.24,-1.24,0.0,2,+++,2,-1.24,3.73,78.0,False,,True,False,False
002564.SZSE,天沃科技,2025-04-22,2025-04,2板补涨阴,False,,无U,,False,封D1负,-4.29,-8.21,-8.21,5.38,-1.24,6.71,4,+++,2,-3.05,1.9,86.0,False,,True,False,False
002564.SZSE,天沃科技,2025-04-24,2025-04,2板补涨阴,False,,无U,,False,封D1负,4.07,-6.19,-6.19,6.42,-1.24,7.76,6,+++,2,-8.21,1.61,52.0,False,,True,False,False
002564.SZSE,天沃科技,2025-04-28,2025-04,2板补涨阴,False,,无U,,False,封D1正,3.43,4.63,4.63,9.73,-1.24,11.11,8,+++,2,-6.19,0.0,59.0,False,,True,False,False
002564.SZSE,天沃科技,2025-05-14,2025-05,2板补涨阴,False,,无U,,True,炸板,-6.84,-10.42,-10.42,15.53,-1.24,16.98,17,-++,2,0.0,1.08,41.0,False,,False,False,False
002565.SZSE,顺灏股份,2026-04-07,2026-04,2板补涨阴,True,U坑,U坑内,,False,炸板,-1.97,2.81,2.81,-6.23,-6.85,0.66,13,+++,2,-6.17,1.23,26.0,False,,False,False,False
002570.SZSE,贝因美,2024-10-11,2024-10,2板补涨阴,False,,U坑内,,True,炸板,-9.22,-5.19,-5.19,-9.22,-9.22,0.0,4,+++,2,-6.8,2.07,51.0,False,,False,False,False
002570.SZSE,贝因美,2024-10-22,2024-10,2板补涨阴,False,,U突破,,False,封D1正,0.27,3.48,3.48,-2.02,-10.95,10.03,11,-++,2,-0.87,1.75,89.0,False,,True,False,False
002570.SZSE,贝因美,2024-10-28,2024-10,2板补涨阴,False,,U突破,,False,连板,10.02,10.02,23.97,20.17,-10.95,34.95,15,+++,2,-2.11,0.0,121.0,True,03,True,True,False
002571.SZSE,德力股份,2026-01-05,2026-01,2板补涨阴,False,,无U,,True,封D1负,-0.15,-0.93,-0.93,1.2,1.2,0.0,3,+++,2,-2.65,0.83,49.0,False,,True,False,False
002574.SZSE,明牌珠宝,2024-03-19,2024-03,2板补涨阴,False,,无U,,True,封D1负,-0.78,-1.88,-1.88,-3.98,-3.98,0.0,4,+++,2,-0.34,0.86,70.0,False,,True,False,False
002575.SZSE,群兴玩具,2026-03-23,2026-03,2板补涨阴,True,U坑,U坑内,,False,炸板,-1.36,-2.27,-2.27,-9.3,-10.32,1.14,9,+++,2,-6.21,1.29,26.0,False,,False,False,False
002575.SZSE,群兴玩具,2026-04-01,2026-04,2板补涨阴,False,,U坑内,,True,炸板,-6.85,-12.72,-12.72,-5.22,-10.32,5.69,16,+++,2,-5.86,0.9,44.0,False,,False,False,False
002577.SZSE,雷柏科技,2023-05-24,2023-05,2板补涨阴,False,,U坑内,,True,封D1正,0.19,0.97,0.97,-15.86,-15.86,0.0,14,--+,2,-3.3,0.89,18.0,False,,True,False,False
002577.SZSE,雷柏科技,2025-02-11,2025-02,2板补涨阴,False,,无U,,False,封D1负,-2.3,-1.13,-1.13,-0.13,-0.13,0.0,2,+++,2,-0.13,0.98,85.0,False,,True,False,False
002578.SZSE,闽发铝业,2025-12-05,2025-12,2板补涨阴,False,,U坑内,,True,连板,-0.2,10.08,1.21,-7.39,-23.41,20.91,16,+-+,2,-4.04,0.64,30.0,True,02,True,True,False
002579.SZSE,中京电子,2026-07-09,2026-07,2板补涨阴,False,,U坑内,,True,封D1负,3.05,-1.77,-1.77,-19.19,-19.19,0.0,14,-++,2,-6.65,0.11,41.0,False,,True,False,False
002579.SZSE,中京电子,2026-08-20,2026-08,2板补涨阴,False,,无U,,True,封D1负,2.16,-2.81,-2.81,7.09,7.09,0.0,11,++-,2,-8.25,2.38,32.0,False,,True,False,False
002582.SZSE,好想你,2025-01-21,2025-01,2板补涨阴,False,,U坑内,,False,封D1正,0.0,0.3,0.3,-14.33,-14.33,0.0,3,+++,2,-7.33,2.27,62.0,False,,True,False,False
002583.SZSE,海能达,2024-12-16,2024-12,2板补涨阴,False,,U坑内,,True,封D1负,0.67,-6.6,-6.6,-32.18,-32.18,0.0,18,---,2,-3.73,0.36,84.0,False,,True,False,False
002583.SZSE,海能达,2024-12-18,2024-12,2板补涨阴,False,,U坑内,,False,封D1负,4.46,-0.76,-0.76,-30.3,-32.18,2.77,20,---,2,-6.6,3.64,25.0,False,,True,False,False
002583.SZSE,海能达,2025-05-08,2025-05,2板补涨阴,False,,U坑内,,True,封D1负,2.64,-0.47,-0.47,-9.66,-14.22,5.32,10,-+-,2,-0.09,0.34,50.0,False,,True,False,False
002584.SZSE,西陇科学,2026-07-07,2026-07,2板补涨阴,True,U坑,U坑内,,False,炸板,-2.72,-6.99,-6.99,-15.06,-15.15,0.11,9,-++,2,-5.93,0.4,60.0,False,,False,False,False
002585.SZSE,双星新材,2023-06-30,2023-06,2板补涨阴,False,,U坑内,,False,封D1正,3.5,2.47,2.47,-8.64,-8.64,0.0,4,+++,2,-6.01,0.08,46.0,False,,True,False,False
002585.SZSE,双星新材,2026-07-07,2026-07,2板补涨阴,False,,U坑内,,True,封D1负,0.09,-8.97,-8.97,-26.2,-26.2,0.0,14,--+,2,-6.34,1.72,60.0,False,,True,False,False
002589.SZSE,瑞康医药,2026-08-12,2026-08,2板补涨阴,False,,无U,,False,封D1正,-4.23,4.51,4.51,-3.29,-3.29,0.0,2,+++,2,-3.29,0.0,53.0,False,,True,False,False
002589.SZSE,瑞康医药,2026-08-20,2026-08,2板补涨阴,False,,U坑内,,True,炸板,-7.39,-9.66,-9.66,-4.19,-4.19,0.0,8,+++,2,-7.78,2.59,32.0,False,,False,False,False
002596.SZSE,海南瑞泽,2024-08-13,2024-08,2板补涨阴,False,,U坑内,,False,炸板,-2.56,-4.49,-4.49,-14.97,-14.97,0.0,8,-++,2,-7.19,0.65,23.0,False,,False,False,False
002596.SZSE,海南瑞泽,2024-08-19,2024-08,2板补涨阴,True,U坑,U坑内,,False,封D1正,3.85,2.56,2.56,-14.97,-14.97,0.0,12,-++,2,-3.4,0.68,22.0,False,,True,False,False
002596.SZSE,海南瑞泽,2024-12-11,2024-12,2板补涨阴,True,U坑,U坑内,,False,封D1正,-0.54,3.24,3.24,-4.82,-5.38,0.6,6,+++,2,-1.47,1.17,82.0,False,,True,False,False
002596.SZSE,海南瑞泽,2025-12-10,2025-12,2板补涨阴,False,,无U,,True,封D1负,6.6,-0.31,-0.31,0.17,-2.7,2.95,10,-++,2,-6.02,0.79,46.0,False,,True,False,False
002599.SZSE,盛通股份,2024-03-28,2024-03,2板补涨阴,False,,U坑内,,True,封D1负,-0.87,-2.04,-2.04,-12.11,-12.11,0.0,13,-++,2,-6.87,0.9,39.0,False,,True,False,False
002600.SZSE,领益智造,2025-08-28,2025-08,2板补涨阴,False,,无U,,False,封D1负,0.0,-4.43,-4.43,-0.94,-0.94,0.0,2,+++,2,-0.94,3.69,39.0,False,,True,False,False
002600.SZSE,领益智造,2025-09-22,2025-09,2板补涨阴,False,,U坑内,,False,炸板,-1.75,-1.56,-1.56,-5.97,-8.78,3.09,19,+-+,2,-3.17,1.17,46.0,False,,False,False,False
002605.SZSE,姚记科技,2024-11-26,2024-11,2板补涨阴,False,,U坑内,,False,炸板,-12.42,0.64,-2.14,-12.97,-12.97,0.0,8,-++,2,-2.01,3.49,132.0,False,,False,True,False
002607.SZSE,中公教育,2024-10-14,2024-10,2板补涨阴,False,,U坑内,,False,封D1负,1.03,-1.72,-1.72,-12.87,-12.87,0.0,4,+++,2,-6.71,0.35,28.0,False,,True,False,False
002607.SZSE,中公教育,2024-10-31,2024-10,2板补涨阴,False,,U突破,,True,封D1正,6.71,0.61,0.61,-1.65,-12.87,12.88,17,+++,2,-5.1,0.32,118.0,False,,True,False,False
002607.SZSE,中公教育,2024-12-16,2024-12,2板补涨阴,False,,U坑内,,True,封D1负,0.47,-3.27,-3.27,-4.19,-5.17,1.04,6,+++,2,-4.89,2.44,84.0,False,,True,False,False
002611.SZSE,东方精工,2024-07-31,2024-07,2板补涨阴,False,,无U,,True,封D1正,4.98,3.02,3.02,-0.33,-3.97,3.79,6,+++,2,-4.74,0.32,51.0,False,,True,False,False
002611.SZSE,东方精工,2025-01-14,2025-01,2板补涨阴,False,,U坑内,,False,封D1正,3.15,4.02,4.02,-6.73,-6.73,0.0,4,+--,2,-4.06,3.41,42.0,False,,True,False,False
002613.SZSE,北玻股份,2026-06-30,2026-06,2板补涨阴,False,,U坑内,,True,炸板,-7.06,-7.79,-7.79,-31.5,-31.5,0.0,15,--+,2,-8.11,2.7,89.0,False,,False,False,False
002622.SZSE,皓宸医疗,2024-10-22,2024-10,2板补涨阴,False,,U坑内,,True,封D1正,6.8,2.43,2.43,-14.22,-15.6,1.63,10,-++,2,-0.53,2.66,89.0,False,,True,False,False
002622.SZSE,皓宸医疗,2024-10-24,2024-10,2板补涨阴,False,,U突破,,True,封D1正,2.59,3.02,3.02,-3.21,-15.6,14.67,12,-++,2,2.43,0.0,76.0,False,,True,False,False
002622.SZSE,皓宸医疗,2025-03-10,2025-03,2板补涨阴,False,,U坑内,,False,封D1负,-3.12,-1.88,-1.88,-15.16,-15.16,0.0,15,--+,2,-2.35,0.34,45.0,False,,True,False,False
002625.SZSE,光启技术,2024-10-15,2024-10,2板补涨阴,False,,无U,,True,炸板,-1.23,-7.22,-7.22,2.15,-2.91,5.21,5,+++,2,4.35,1.3,71.0,False,,False,False,False
002625.SZSE,光启技术,2024-10-23,2024-10,2板补涨阴,False,,无U,,True,封D1负,-1.97,-6.03,-6.03,34.5,-2.91,38.53,11,+++,2,0.3,3.83,85.0,False,,True,False,False
002629.SZSE,仁智股份,2025-01-10,2025-01,2板补涨阴,False,,U坑内,,True,封D1正,1.52,1.77,1.77,-15.29,-17.41,2.56,7,--+,2,-1.64,2.73,77.0,False,,True,False,False
002639.SZSE,雪人集团,2026-01-22,2026-01,2板补涨阴,False,,U坑内,,True,封D1正,1.8,2.85,2.85,-14.24,-14.24,0.0,10,-++,2,-0.77,1.72,72.0,False,,True,False,False
002640.SZSE,跨境通,2024-11-27,2024-11,2板补涨阴,False,,U坑内,,False,连板,5.97,10.13,77.14,-8.62,-8.62,0.0,2,+++,2,-8.62,0.0,79.0,True,03,True,True,False
002640.SZSE,跨境通,2026-05-28,2026-05,2板补涨阴,False,,U坑内,,False,封D1负,0.0,-1.81,-1.81,-12.44,-12.44,0.0,16,-++,2,-2.22,0.83,45.0,False,,True,False,False
002642.SZSE,荣联科技,2023-09-25,2023-09,2板补涨阴,False,,U突破,,False,封D1负,-7.94,-6.37,-6.37,1.64,-14.84,19.34,10,+++,2,-5.74,1.52,24.0,False,,True,False,False
002645.SZSE,华宏科技,2024-03-19,2024-03,2板补涨阴,False,,无U,,True,炸板,-8.38,-2.99,-2.99,5.24,5.24,0.0,2,+++,2,5.24,1.68,70.0,False,,False,False,False
002645.SZSE,华宏科技,2025-08-15,2025-08,2板补涨阴,False,,U坑内,,False,连板,3.89,9.99,11.8,-13.96,-15.16,1.42,19,+-+,2,-1.38,1.24,40.0,True,05,True,True,False
002651.SZSE,利君股份,2024-11-08,2024-11,2板补涨阴,False,,U坑内,,False,封D1正,6.3,4.08,4.08,-4.92,-4.92,0.0,2,+++,2,-4.92,0.0,157.0,False,,True,False,False
002652.SZSE,扬子新材,2026-05-22,2026-05,2板补涨阴,False,,U突破,,True,炸板,0.15,-1.07,-1.07,-3.72,-4.05,0.34,14,-++,2,-6.15,0.95,32.0,False,,False,False,False
002655.SZSE,共达电声,2025-03-25,2025-03,2板补涨阴,False,,U坑内,,False,炸板,-2.9,-2.39,-2.39,-7.02,-7.02,0.0,3,++-,2,-4.69,2.64,38.0,False,,False,False,False
002655.SZSE,共达电声,2025-03-31,2025-03,2板补涨阴,False,,U突破,,True,封D1负,6.22,-1.81,-1.81,-3.03,-7.02,4.29,7,+++,2,-5.52,2.57,29.0,False,,True,False,False
002657.SZSE,中科金财,2024-10-31,2024-10,2板补涨阴,False,,无U,,False,封D1负,0.0,-2.51,-2.51,-4.0,-4.0,0.0,2,+++,2,-4.0,0.49,118.0,False,,True,False,False
002657.SZSE,中科金财,2024-11-13,2024-11,2板补涨阴,False,,U突破,,False,连板,6.06,10.0,19.75,3.62,-5.02,9.1,11,+++,2,-5.19,1.33,65.0,True,05,True,True,False
002657.SZSE,中科金财,2025-08-22,2025-08,2板补涨阴,False,,无U,,True,炸板,-2.76,-4.7,-4.7,3.18,3.18,0.0,3,+++,2,-1.41,0.0,37.0,False,,False,False,False
002658.SZSE,雪迪龙,2024-12-16,2024-12,2板补涨阴,True,U坑,U坑内,,False,封D1负,-0.52,-4.92,-4.92,-11.13,-13.02,2.18,15,+++,2,-3.17,0.0,84.0,False,,True,False,False
002663.SZSE,普邦股份,2026-04-16,2026-04,2板补涨阴,False,,U坑内,,False,炸板,-2.1,-7.56,-7.56,-11.11,-11.11,0.0,6,+--,2,-6.49,0.43,53.0,False,,False,False,False
002664.SZSE,信质集团,2025-05-15,2025-05,2板补涨阴,False,,无U,,True,封D1正,0.0,4.18,4.18,-0.26,-0.26,0.0,7,+++,2,-1.61,0.83,51.0,False,,True,False,False
002664.SZSE,信质集团,2025-05-28,2025-05,2板补涨阴,False,,无U,,True,炸板,-1.91,-4.05,-4.05,10.29,-0.26,10.58,16,-++,2,-1.51,1.08,51.0,False,,False,False,False
002666.SZSE,德联集团,2025-01-23,2025-01,2板补涨阴,False,,U坑内,,False,封D1负,-3.04,-3.24,-3.24,-16.39,-16.39,0.0,3,++-,2,-7.04,1.45,36.0,False,,True,False,False
002674.SZSE,兴业科技,2026-08-14,2026-08,2板补涨阴,False,,无U,,True,炸板,-1.15,-3.8,-3.8,5.68,3.82,1.79,7,++-,2,-1.45,1.94,50.0,False,,False,False,False
002676.SZSE,顺威股份,2024-10-25,2024-10,2板补涨阴,False,,无U,,False,连板,9.63,9.97,6.59,-2.71,-2.71,0.0,2,+++,2,-2.71,0.0,67.0,True,01,True,True,False
002681.SZSE,奋达科技,2024-12-09,2024-12,2板补涨阴,False,,无U,,True,连板,10.03,10.03,8.88,2.47,2.47,0.0,2,+++,2,2.47,0.0,94.0,True,03,True,True,False
002685.SZSE,华东重机,2024-03-06,2024-03,2板补涨阴,False,,U坑内,,True,封D1正,9.88,1.45,1.45,-6.01,-9.01,3.3,6,++-,2,-2.49,3.43,38.0,False,,True,False,False
002686.SZSE,亿利达,2024-09-23,2024-09,2板补涨阴,False,,无U,,False,封D1负,0.38,-2.86,-2.86,-3.84,-3.84,0.0,2,+++,2,-3.84,0.0,40.0,False,,True,False,False
002692.SZSE,远程股份,2025-01-17,2025-01,2板补涨阴,False,,U突破,,True,连板,9.94,9.94,9.34,-2.35,-8.76,7.03,6,++-,2,-4.59,2.71,59.0,True,03,True,True,False
002709.SZSE,天赐材料,2024-10-25,2024-10,2板补涨阴,True,U坑,U坑内,,False,封D1正,0.48,0.16,0.16,-16.45,-22.78,8.2,13,+++,2,-3.84,0.85,67.0,False,,True,False,False
002709.SZSE,天赐材料,2025-09-15,2025-09,2板补涨阴,False,,无U,,True,封D1负,-0.13,-3.15,-3.15,0.07,-0.86,0.94,5,+++,2,-2.09,2.3,57.0,False,,True,False,False
002712.SZSE,思美传媒,2024-05-07,2024-05,2板补涨阴,False,,无U,,False,炸板,-4.98,0.0,0.0,-1.12,-1.12,0.0,2,+--,2,-1.12,0.75,73.0,False,,False,False,False
002713.SZSE,东易日盛,2024-10-24,2024-10,2板补涨阴,False,,无U,,True,连板,0.0,9.98,16.39,0.0,0.0,0.0,2,+++,2,0.0,0.0,76.0,True,03,True,True,False
002713.SZSE,东易日盛,2024-12-05,2024-12,2板补涨阴,False,,U坑内,,False,连板,7.61,9.96,11.05,-5.28,-5.28,0.0,2,++-,2,-5.28,0.0,69.0,True,01,True,True,False
002718.SZSE,友邦吊顶,2025-02-06,2025-02,2板补涨阴,False,,U突破,,False,炸板,-10.37,-13.96,-13.96,-2.33,-9.98,8.49,4,++-,2,-1.36,2.89,51.0,False,,False,False,False
002725.SZSE,跃岭股份,2023-06-14,2023-06,2板补涨阴,False,,U坑内,,False,连板,10.04,10.04,5.5,-5.02,-5.02,0.0,2,+++,2,-5.02,3.56,35.0,True,01,True,True,False
002727.SZSE,一心堂,2025-06-12,2025-06,2板补涨阴,False,,U坑内,,False,封D1负,-0.56,-1.41,-1.41,-6.11,-6.11,0.0,15,-++,2,-3.81,0.72,44.0,False,,True,False,False
002729.SZSE,好利科技,2023-11-03,2023-11,2板补涨阴,True,U坑,U坑内,,False,封D1正,3.87,3.07,3.07,-8.42,-8.42,0.0,11,-++,2,-2.78,0.51,22.0,False,,True,False,False
002729.SZSE,好利科技,2024-03-18,2024-03,2板补涨阴,False,,无U,,True,封D1正,0.12,0.68,0.68,10.27,2.62,7.45,20,+--,2,-2.26,0.93,56.0,False,,True,False,False
002735.SZSE,王子新材,2025-04-01,2025-04,2板补涨阴,False,,U坑内,,False,封D1负,-0.09,-4.28,-4.28,-9.88,-9.88,0.0,5,+++,2,-1.89,1.98,27.0,False,,True,False,False
002735.SZSE,王子新材,2026-01-07,2026-01,2板补涨阴,False,,无U,,False,炸板,-2.32,0.05,0.05,-3.33,-3.33,0.0,2,+++,2,-3.33,0.45,96.0,False,,False,False,False
002741.SZSE,光华科技,2026-06-09,2026-06,2板补涨阴,False,,U坑内,,True,封D1正,0.25,0.85,0.85,-7.74,-7.74,0.0,11,-++,2,-8.01,1.64,45.0,False,,True,False,False
002741.SZSE,光华科技,2026-06-12,2026-06,2板补涨阴,False,,U突破,,True,炸板,2.53,7.24,35.9,-0.97,-7.74,7.34,14,-++,2,-3.22,1.44,55.0,False,,False,True,False
002743.SZSE,富煌钢构,2025-01-16,2025-01,2板补涨阴,False,,U坑内,,True,封D1负,0.0,-3.16,-3.16,-35.31,-37.56,3.61,18,--+,2,-1.62,0.36,54.0,False,,True,False,False
002747.SZSE,埃斯顿,2026-06-18,2026-06,2板补涨阴,True,U坑,U坑内,,False,封D1正,0.27,1.89,1.89,-11.59,-14.15,2.98,7,-++,2,-2.12,1.77,67.0,False,,True,False,False
002747.SZSE,埃斯顿,2026-06-30,2026-06,2板补涨阴,False,,U坑内,,True,连板,4.5,9.99,9.03,-9.57,-14.15,5.34,14,+++,2,-2.11,3.49,89.0,True,02,True,True,False
002747.SZSE,埃斯顿,2026-07-03,2026-07,2板补涨阴,False,,无U,,False,封D1正,0.76,2.81,2.81,-0.88,-0.88,0.0,2,+++,2,-0.88,0.0,83.0,False,,True,False,False
002748.SZSE,世龙实业,2024-03-11,2024-03,2板补涨阴,False,,无U,,True,封D1负,0.0,-3.27,-3.27,12.43,1.95,10.28,15,-+-,2,-0.53,0.93,52.0,False,,True,False,False
002757.SZSE,南兴股份,2025-02-13,2025-02,2板补涨阴,False,,无U,,True,炸板,-9.04,-3.89,-3.89,6.14,2.01,4.05,8,+++,2,1.93,1.93,65.0,False,,False,False,False
002757.SZSE,南兴股份,2025-03-26,2025-03,2板补涨阴,False,,U坑内,,True,封D1负,-0.37,-5.42,-5.42,-19.75,-19.75,0.0,13,-++,2,-3.25,0.15,41.0,False,,True,False,False
002767.SZSE,先锋电子,2024-01-19,2024-01,2板补涨阴,False,,U坑内,,False,封D1负,0.0,-6.16,-6.16,-7.93,-7.93,0.0,2,++-,2,-7.93,2.38,37.0,False,,True,False,False
002767.SZSE,先锋电子,2024-02-21,2024-02,2板补涨阴,False,,U坑内,,False,封D1正,-9.11,4.12,4.12,-45.16,-53.52,17.97,19,---,2,-0.96,0.0,80.0,False,,True,False,False
002769.SZSE,普路通,2025-01-03,2025-01,2板补涨阴,False,,U坑内,,False,炸板,-7.91,-12.38,-12.38,-32.68,-32.68,0.0,15,--+,2,-1.0,3.01,51.0,False,,False,False,False
002771.SZSE,真视通,2026-04-16,2026-04,2板补涨阴,False,,U突破,,True,封D1正,10.02,0.82,0.82,-1.36,-6.02,4.97,15,+++,2,-1.82,0.18,53.0,False,,True,False,False
002771.SZSE,真视通,2026-06-09,2026-06,2板补涨阴,False,,U坑内,,True,封D1负,-0.71,-5.44,-5.44,-6.73,-6.73,0.0,9,-++,2,-5.59,3.62,45.0,False,,True,False,False
002772.SZSE,众兴菌业,2025-09-26,2025-09,2板补涨阴,False,,U坑内,,True,封D1正,0.0,2.96,2.96,-8.62,-8.62,0.0,10,-++,2,-1.91,0.21,36.0,False,,True,False,False
002775.SZSE,文科股份,2024-12-31,2024-12,2板补涨阴,False,,U坑内,,False,封D1负,-0.52,-1.3,-1.3,-23.08,-25.05,2.64,14,--+,2,-2.51,0.84,36.0,False,,True,False,False
002782.SZSE,可立克,2026-05-19,2026-05,2板补涨阴,False,,U坑内,,False,连板,6.31,10.0,2.21,-6.28,-6.28,0.0,3,+++,2,-1.38,0.9,72.0,True,01,True,True,False
002787.SZSE,华源控股,2026-05-06,2026-05,2板补涨阴,False,,U坑内,,False,封D1正,3.09,7.92,7.92,-9.26,-12.91,4.19,5,+++,2,0.99,1.51,69.0,False,,True,False,False
002787.SZSE,华源控股,2026-05-12,2026-05,2板补涨阴,False,,U突破,,True,封D1正,2.58,7.12,7.12,8.65,-12.91,24.76,9,+++,2,1.49,1.05,76.0,False,,True,False,False
002792.SZSE,通宇通讯,2026-08-12,2026-08,2板补涨阴,False,,U坑内,,False,封D1正,2.4,4.1,4.1,-9.28,-9.28,0.0,3,++-,2,-1.06,3.9,53.0,False,,True,False,False
002796.SZSE,世嘉科技,2026-01-21,2026-01,2板补涨阴,False,,无U,,True,炸板,0.06,0.52,0.52,0.37,0.37,0.0,3,+++,2,-2.98,1.62,50.0,False,,False,False,False
002805.SZSE,丰元股份,2026-06-30,2026-06,2板补涨阴,False,,U坑内,,True,封D1正,0.31,1.15,1.15,-12.11,-12.11,0.0,6,+++,2,-2.15,1.77,89.0,False,,True,False,False
002806.SZSE,华锋股份,2026-06-04,2026-06,2板补涨阴,False,,无U,,False,封D1负,0.29,-4.35,-4.35,1.68,-0.05,1.73,4,+++,2,-7.53,3.2,59.0,False,,True,False,False
002806.SZSE,华锋股份,2026-06-15,2026-06,2板补涨阴,False,,U坑内,,False,连板,1.43,9.99,10.41,-7.46,-7.46,0.0,11,-++,2,-4.2,0.06,83.0,True,02,True,True,False
002809.SZSE,红墙股份,2026-02-24,2026-02,2板补涨阴,False,,无U,,True,封D1负,0.21,-0.14,-0.14,-3.68,-3.68,0.0,18,-++,2,-0.08,0.39,29.0,False,,True,False,False
002811.SZSE,郑中设计,2025-01-15,2025-01,2板补涨阴,False,,U坑内,,False,封D1负,-1.96,-6.44,-6.44,-7.85,-9.18,1.46,3,+--,2,1.46,1.77,111.0,False,,True,False,False
002811.SZSE,郑中设计,2025-02-12,2025-02,2板补涨阴,False,,U坑内,,False,封D1正,3.26,3.73,3.73,-7.76,-9.18,1.56,17,-++,2,-2.89,0.2,57.0,False,,True,False,False
002812.SZSE,恩捷股份,2024-10-25,2024-10,2板补涨阴,True,U坑,U坑内,,False,炸板,-0.91,-0.36,-0.36,-12.46,-17.38,5.95,13,+++,2,-2.83,0.56,67.0,False,,False,False,False
002824.SZSE,和胜股份,2026-04-15,2026-04,2板补涨阴,False,,无U,,True,封D1负,4.09,-2.84,-2.84,6.57,6.57,0.0,3,++-,2,-0.63,0.89,49.0,False,,True,False,False
002824.SZSE,和胜股份,2026-05-07,2026-05,2板补涨阴,False,,无U,,True,封D1负,0.97,-1.91,-1.91,-0.24,-0.71,0.48,16,-++,2,0.48,0.0,88.0,False,,True,False,False
002826.SZSE,易明医药,2025-08-11,2025-08,2板补涨阴,True,U坑,U坑内,,False,封D1正,2.98,0.83,0.83,-9.79,-9.79,0.0,11,-++,2,-2.35,0.42,48.0,False,,True,False,False
002826.SZSE,易明医药,2025-08-14,2025-08,2板补涨阴,False,,U突破,,True,炸板,-3.5,-4.85,-4.85,-2.96,-9.79,7.57,14,+++,2,-3.0,0.61,80.0,False,,False,False,False
002827.SZSE,高争民爆,2023-10-20,2023-10,2板补涨阴,False,,U坑内,,False,炸板,-4.27,-7.07,-7.07,-11.14,-11.14,0.0,4,+++,2,-6.83,1.16,22.0,False,,False,False,False
002827.SZSE,高争民爆,2024-09-06,2024-09,2板补涨阴,False,,U坑内,,True,炸板,-4.85,-4.62,-4.62,-9.3,-11.07,2.0,17,--+,2,-1.48,0.21,39.0,False,,False,False,False
002829.SZSE,星网宇达,2024-08-13,2024-08,2板补涨阴,False,,U坑内,,False,连板,3.16,10.02,6.33,-21.64,-21.64,0.0,7,-++,2,-4.74,1.12,23.0,True,05,True,True,False
002829.SZSE,星网宇达,2024-08-21,2024-08,2板补涨阴,False,,U坑内,,False,封D1负,0.0,-5.66,-5.66,-14.77,-14.77,0.0,5,+++,2,-3.89,1.0,17.0,False,,True,False,False
002829.SZSE,星网宇达,2024-08-27,2024-08,2板补涨阴,False,,U坑内,,False,炸板,-10.82,-14.33,-14.33,-15.26,-15.26,0.0,9,--+,2,-4.68,0.6,34.0,False,,False,False,False
002830.SZSE,名雕股份,2026-06-30,2026-06,2板补涨阴,False,,U坑内,,False,封D1正,-0.06,4.45,4.45,-11.54,-11.54,0.0,5,+--,2,-3.97,2.44,89.0,False,,True,False,False
002835.SZSE,同为股份,2024-12-18,2024-12,2板补涨阴,False,,U坑内,,False,封D1正,-0.3,0.94,0.94,-15.34,-15.34,0.0,7,+++,2,-6.77,0.25,25.0,False,,True,False,False
002837.SZSE,英维克,2025-08-06,2025-08,2板补涨阴,False,,无U,,True,炸板,-7.52,-6.5,-6.5,1.96,1.96,0.0,4,+++,2,-3.55,1.08,44.0,False,,False,False,False
002838.SZSE,道恩股份,2025-03-14,2025-03,2板补涨阴,False,,U突破,,True,封D1负,2.03,-0.46,-0.46,-3.48,-6.55,3.28,15,+++,2,-1.0,1.36,34.0,False,,True,False,False
002838.SZSE,道恩股份,2025-03-19,2025-03,2板补涨阴,False,,U突破,,False,封D1正,8.7,1.99,1.99,4.81,-6.55,12.15,18,+++,2,-0.86,0.53,56.0,False,,True,False,False
002842.SZSE,翔鹭钨业,2026-03-27,2026-03,2板补涨阴,False,,U坑内,,True,封D1正,0.03,2.02,2.02,-34.12,-34.12,0.0,19,--+,2,-2.93,0.52,36.0,False,,True,False,False
002842.SZSE,翔鹭钨业,2026-05-13,2026-05,2板补涨阴,False,,U坑内,,True,封D1负,1.35,-4.43,-4.43,-5.74,-5.74,0.0,6,+++,2,-3.82,0.11,50.0,False,,True,False,False
002842.SZSE,翔鹭钨业,2026-06-25,2026-06,2板补涨阴,False,,U坑内,,False,封D1正,1.6,1.46,1.46,-10.95,-10.95,0.0,3,+++,2,-3.39,3.27,87.0,False,,True,False,False
002842.SZSE,翔鹭钨业,2026-07-02,2026-07,2板补涨阴,False,,U坑内,,True,封D1负,-0.22,-10.01,-10.01,-13.11,-13.11,0.0,8,+++,2,-5.37,2.01,130.0,False,,True,False,False
002843.SZSE,泰嘉股份,2024-02-27,2024-02,2板补涨阴,False,,无U,,True,炸板,-0.81,-10.05,-10.05,13.36,7.45,5.5,6,+--,2,-0.36,1.77,72.0,False,,False,False,False
002846.SZSE,英联股份,2025-09-09,2025-09,2板补涨阴,False,,U突破,,False,封D1正,-3.28,1.89,1.89,0.3,-5.31,5.92,5,+++,2,-5.16,0.89,56.0,False,,True,False,False
002848.SZSE,高斯贝尔,2024-11-29,2024-11,2板补涨阴,True,U坑,U坑内,,False,连板,-1.84,10.03,-0.09,-11.31,-20.29,11.26,14,+-+,2,0.0,1.21,75.0,True,02,True,True,False
002849.SZSE,威星智能,2024-03-06,2024-03,2板补涨阴,False,,无U,,True,封D1负,-2.85,-6.99,-6.99,10.54,2.99,7.33,12,-+-,2,-3.1,0.76,38.0,False,,True,False,False
002849.SZSE,威星智能,2024-03-13,2024-03,2板补涨阴,False,,无U,,False,炸板,-7.62,5.91,3.11,17.39,2.99,13.98,17,++-,2,-1.0,1.99,57.0,False,,False,True,False
002850.SZSE,科达利,2024-10-18,2024-10,2板补涨阴,False,,U坑内,,True,炸板,-0.18,-1.05,-1.05,-8.92,-8.92,0.0,9,-++,2,-1.74,0.94,41.0,False,,False,False,False
002851.SZSE,麦格米特,2024-12-26,2024-12,2板补涨阴,False,,无U,,True,封D1负,-2.65,-3.5,-3.5,1.83,1.83,0.0,4,+++,2,-1.72,2.71,31.0,False,,True,False,False
002851.SZSE,麦格米特,2025-01-07,2025-01,2板补涨阴,False,,无U,,True,封D1正,-0.25,7.52,7.52,5.47,1.83,3.57,11,+++,2,1.75,3.86,52.0,False,,True,False,False
002851.SZSE,麦格米特,2026-07-09,2026-07,2板补涨阴,False,,U坑内,,True,封D1正,4.99,1.38,1.38,-11.34,-11.34,0.0,16,--+,2,-2.99,1.78,41.0,False,,True,False,False
002853.SZSE,皮阿诺,2025-01-23,2025-01,2板补涨阴,True,U坑,U坑内,,False,炸板,-8.32,1.75,1.75,-13.57,-14.32,0.87,6,+--,2,-1.61,0.28,36.0,False,,False,False,False
002858.SZSE,力盛体育,2023-12-11,2023-12,2板补涨阴,False,,U坑内,,False,炸板,-2.4,1.83,1.83,-8.2,-8.2,0.0,2,+++,2,-8.2,0.0,27.0,False,,False,False,False
002858.SZSE,力盛体育,2023-12-28,2023-12,2板补涨阴,False,,U坑内,,True,封D1正,1.89,5.61,5.61,-20.63,-20.63,0.0,15,-++,2,-2.1,1.62,26.0,False,,True,False,False
002861.SZSE,瀛通通讯,2024-03-25,2024-03,2板补涨阴,False,,U坑内,,False,封D1负,1.18,-5.49,-5.49,-11.79,-11.79,0.0,4,+++,2,-5.11,1.15,44.0,False,,True,False,False
002861.SZSE,瀛通通讯,2024-08-28,2024-08,2板补涨阴,True,U坑,U坑内,,False,封D1正,0.0,2.33,2.33,-11.5,-11.5,0.0,9,-+-,2,-7.13,0.86,23.0,False,,True,False,False
002865.SZSE,钧达股份,2026-01-06,2026-01,2板补涨阴,False,,U突破,,True,封D1正,-1.67,7.47,7.47,10.62,-6.49,18.29,11,+++,2,-3.5,0.71,74.0,False,,True,False,False
002865.SZSE,钧达股份,2026-01-29,2026-01,2板补涨阴,False,,无U,,True,炸板,-4.22,-7.14,-7.14,-0.74,-0.74,0.0,4,+++,2,-5.21,0.0,72.0,False,,False,False,False
002865.SZSE,钧达股份,2026-02-03,2026-02,2板补涨阴,False,,无U,,True,封D1正,3.81,3.69,3.69,0.76,-0.74,1.52,7,+++,2,-0.61,2.01,32.0,False,,True,False,False
002865.SZSE,钧达股份,2026-02-27,2026-02,2板补涨阴,False,,U坑内,,True,封D1负,-1.23,-2.84,-2.84,-15.03,-15.03,0.0,19,--+,2,-1.95,0.31,52.0,False,,True,False,False
002869.SZSE,金溢科技,2024-10-29,2024-10,2板补涨阴,False,,U坑内,,True,封D1正,1.8,6.83,6.83,-4.87,-13.34,9.78,15,+++,2,-0.88,1.29,179.0,False,,True,False,False
002871.SZSE,伟隆股份,2024-02-21,2024-02,2板补涨阴,False,,无U,,False,封D1正,0.86,2.58,2.58,-0.8,-0.8,0.0,2,---,2,-0.8,1.34,80.0,False,,True,False,False
002871.SZSE,伟隆股份,2025-08-22,2025-08,2板补涨阴,False,,无U,,True,封D1负,5.81,-0.22,-0.22,-1.35,-1.35,0.0,3,+++,2,-1.47,0.94,37.0,False,,True,False,False
002871.SZSE,伟隆股份,2025-09-03,2025-09,2板补涨阴,False,,无U,,True,封D1负,-2.12,-5.93,-5.93,-1.53,-1.53,0.0,11,+++,2,-6.59,1.73,40.0,False,,True,False,False
002875.SZSE,安奈儿,2024-10-17,2024-10,2板补涨阴,True,U坑,U坑内,,False,炸板,-8.66,-6.19,-6.19,-9.36,-13.52,4.82,6,+++,2,-5.72,0.86,67.0,False,,False,False,False
002877.SZSE,智能自控,2024-12-09,2024-12,2板补涨阴,False,,U突破,,True,封D1正,5.0,0.77,0.77,-3.07,-10.04,7.74,10,+++,2,-4.73,0.6,94.0,False,,True,False,False
002878.SZSE,元隆雅图,2025-01-07,2025-01,2板补涨阴,False,,U坑内,,True,封D1正,0.33,4.32,4.32,-32.78,-32.78,0.0,11,--+,2,-7.84,1.26,52.0,False,,True,False,False
002878.SZSE,元隆雅图,2025-06-05,2025-06,2板补涨阴,False,,U坑内,,False,封D1负,1.29,-5.98,-5.98,-11.91,-11.91,0.0,3,+++,2,-7.71,2.9,60.0,False,,True,False,False
002878.SZSE,元隆雅图,2025-06-09,2025-06,2板补涨阴,False,,U坑内,,False,封D1负,2.14,-2.45,-2.45,-8.88,-11.91,3.44,5,+++,2,-5.98,0.48,44.0,False,,True,False,False
002878.SZSE,元隆雅图,2025-06-11,2025-06,2板补涨阴,False,,U突破,,False,连板,4.37,10.0,22.04,-2.19,-11.91,11.03,7,+++,2,-2.45,1.3,36.0,True,03,True,True,False
002882.SZSE,金龙羽,2024-02-08,2024-02,2板补涨阴,False,,U坑内,,False,封D1正,1.09,4.38,4.38,-47.21,-47.21,0.0,20,--+,2,-3.83,2.05,92.0,False,,True,False,False
002882.SZSE,金龙羽,2025-05-23,2025-05,2板补涨阴,False,,无U,,True,封D1正,-5.74,1.84,1.84,1.43,1.43,0.0,2,+++,2,1.43,0.0,32.0,False,,True,False,False
002885.SZSE,京泉华,2025-10-21,2025-10,2板补涨阴,False,,U坑内,,False,炸板,-6.52,-8.19,-8.19,-8.72,-8.72,0.0,3,+++,2,-1.68,0.04,66.0,False,,False,False,False
002885.SZSE,京泉华,2025-10-31,2025-10,2板补涨阴,True,U坑,U坑内,,False,炸板,-5.67,-1.19,25.92,-6.63,-15.5,10.5,11,+++,2,-3.92,2.7,42.0,False,,False,True,False
002892.SZSE,科力尔,2023-07-04,2023-07,2板补涨阴,False,,U突破,,True,封D1负,0.0,-7.19,-7.19,-3.91,-7.6,4.0,7,++-,2,-1.96,2.61,39.0,False,,True,False,False
002892.SZSE,科力尔,2023-07-06,2023-07,2板补涨阴,False,,U突破,,False,封D1负,0.07,-2.76,-2.76,-1.92,-7.6,6.15,9,++-,2,-7.19,0.0,19.0,False,,True,False,False
002892.SZSE,科力尔,2023-07-11,2023-07,2板补涨阴,False,,U突破,,False,炸板,-1.43,-6.36,-6.36,-0.57,-7.6,7.61,12,++-,2,-5.21,1.42,31.0,False,,False,False,False
002896.SZSE,中大力德,2023-09-20,2023-09,2板补涨阴,False,,U坑内,,True,封D1负,0.0,-0.41,-0.41,-10.41,-10.41,0.0,15,-++,2,-3.8,0.52,19.0,False,,True,False,False
002900.SZSE,哈三联,2025-05-21,2025-05,2板补涨阴,False,,无U,,True,封D1负,-3.68,-2.04,-2.04,-0.65,-0.65,0.0,3,++-,2,-3.49,3.07,61.0,False,,True,False,False
002900.SZSE,哈三联,2025-06-27,2025-06,2板补涨阴,False,,U坑内,,False,封D1负,0.0,-1.38,-1.38,-20.51,-20.51,0.0,18,--+,2,-2.16,0.6,46.0,False,,True,False,False
002900.SZSE,哈三联,2026-07-27,2026-07,2板补涨阴,False,,U坑内,,False,封D1正,2.07,3.51,3.51,-5.79,-5.79,0.0,2,+++,2,-5.79,1.65,36.0,False,,True,False,False
002900.SZSE,哈三联,2026-08-04,2026-08,2板补涨阴,False,,U坑内,,True,封D1正,0.0,2.5,2.5,-6.86,-6.86,0.0,8,+++,2,-1.66,0.96,69.0,False,,True,False,False
002900.SZSE,哈三联,2026-08-07,2026-08,2板补涨阴,False,,U突破,,True,连板,6.08,10.01,8.16,1.24,-6.86,8.7,11,-++,2,-3.62,1.81,69.0,True,02,True,True,False
002900.SZSE,哈三联,2026-08-17,2026-08,2板补涨阴,False,,U坑内,,False,炸板,-3.92,-7.18,-7.18,-6.14,-6.14,0.0,5,+++,2,-2.11,0.56,51.0,False,,False,False,False
002900.SZSE,哈三联,2026-08-19,2026-08,2板补涨阴,False,,U坑内,,True,封D1负,9.98,-2.11,-2.11,-4.18,-6.14,2.08,7,+++,2,-4.76,1.68,70.0,False,,True,False,False
002902.SZSE,铭普光磁,2026-04-13,2026-04,2板补涨阴,False,,U突破,,False,封D1负,-0.84,-1.91,-1.91,-1.68,-8.37,7.3,11,+++,2,-2.64,2.84,53.0,False,,True,False,False
002902.SZSE,铭普光磁,2026-05-13,2026-05,2板补涨阴,False,,无U,,True,炸板,-2.22,-4.35,-4.35,18.14,-3.43,22.34,8,+++,2,-2.16,3.34,50.0,False,,False,False,False
002902.SZSE,铭普光磁,2026-05-15,2026-05,2板补涨阴,False,,无U,,True,炸板,-10.11,-9.9,-9.9,24.31,-3.43,28.73,10,+++,2,-2.08,2.03,50.0,False,,False,False,False
002903.SZSE,宇环数控,2026-03-13,2026-03,2板补涨阴,False,,U坑内,,False,封D1负,-1.0,-2.22,-2.22,-7.11,-7.11,0.0,3,+++,2,-3.22,0.79,46.0,False,,True,False,False
002903.SZSE,宇环数控,2026-05-12,2026-05,2板补涨阴,False,,无U,,True,炸板,-2.89,-3.09,-3.09,0.73,0.73,0.0,3,+++,2,-1.7,0.39,76.0,False,,False,False,False
002903.SZSE,宇环数控,2026-06-02,2026-06,2板补涨阴,False,,U坑内,,True,封D1正,2.82,1.87,1.87,-12.98,-12.98,0.0,18,--+,2,-2.48,3.35,109.0,False,,True,False,False
002905.SZSE,金逸影视,2023-08-24,2023-08,2板补涨阴,False,,U坑内,,True,封D1负,2.5,-1.25,-1.25,-13.08,-13.08,0.0,12,-+-,2,-3.8,0.88,25.0,False,,True,False,False
002907.SZSE,华森制药,2023-08-15,2023-08,2板补涨阴,False,,无U,,True,封D1负,3.58,-1.84,-1.84,-3.3,-3.3,0.0,4,+++,2,-4.58,2.37,18.0,False,,True,False,False
002912.SZSE,中新赛克,2024-02-26,2024-02,2板补涨阴,False,,无U,,True,炸板,-3.86,-1.16,-1.16,15.88,-0.05,15.93,5,+--,2,4.09,0.41,79.0,False,,False,False,False
002913.SZSE,奥士康,2026-03-18,2026-03,2板补涨阴,False,,U坑内,,True,封D1负,0.0,-3.02,-3.02,-12.86,-12.86,0.0,8,-++,2,-5.72,0.0,33.0,False,,True,False,False
002918.SZSE,蒙娜丽莎,2025-01-02,2025-01,2板补涨阴,False,,U坑内,,True,封D1负,3.96,-1.81,-1.81,-5.55,-9.03,3.83,10,-++,2,-6.96,1.32,39.0,False,,True,False,False
002919.SZSE,名臣健康,2023-05-26,2023-05,2板补涨阴,False,,U坑内,,False,连板,6.31,10.01,12.83,-9.08,-9.08,0.0,5,+--,2,-3.29,0.0,36.0,True,01,True,True,False
002919.SZSE,名臣健康,2023-06-20,2023-06,2板补涨阴,False,,U突破,,True,封D1负,-3.32,-6.54,-6.54,-1.88,-16.25,17.16,16,+++,2,0.82,0.0,34.0,False,,True,False,False
002919.SZSE,名臣健康,2024-08-14,2024-08,2板补涨阴,False,,U坑内,,False,连板,1.44,9.99,2.95,-10.57,-10.57,0.0,6,+++,2,-2.04,0.24,25.0,True,02,True,True,False
002919.SZSE,名臣健康,2024-09-05,2024-09,2板补涨阴,False,,U坑内,,False,封D1负,0.24,-1.61,-1.61,-22.09,-22.09,0.0,15,--+,2,-1.91,1.3,31.0,False,,True,False,False
002923.SZSE,润都股份,2025-04-23,2025-04,2板补涨阴,False,,U坑内,,True,炸板,-7.2,-5.51,-5.51,-30.37,-31.95,2.31,14,--+,2,-1.75,2.62,68.0,False,,False,False,False
002925.SZSE,盈趣科技,2025-09-29,2025-09,2板补涨阴,False,,U坑内,,False,封D1负,-0.29,-3.13,-3.13,-12.41,-12.41,0.0,4,++-,2,-5.37,0.6,39.0,False,,True,False,False
002926.SZSE,华西证券,2024-10-16,2024-10,2板补涨阴,False,,U坑内,,False,封D1负,2.3,-6.34,-6.34,-18.41,-18.41,0.0,6,+++,2,-2.71,0.74,33.0,False,,True,False,False
002927.SZSE,泰永长征,2023-12-11,2023-12,2板补涨阴,True,U坑,U坑内,,False,炸板,-4.98,-5.04,-5.04,-5.92,-10.14,4.7,7,+++,2,0.69,2.89,27.0,False,,False,False,False
002929.SZSE,润建股份,2026-05-15,2026-05,2板补涨阴,False,,无U,,False,炸板,2.52,0.42,0.42,11.08,-0.74,11.91,5,+++,2,-1.0,0.0,50.0,False,,False,False,False
002929.SZSE,润建股份,2026-07-10,2026-07,2板补涨阴,False,,U坑内,,False,炸板,-5.18,-8.04,-8.04,-20.08,-20.97,1.14,7,-+-,2,1.14,2.73,63.0,False,,False,False,False
002938.SZSE,鹏鼎控股,2026-06-02,2026-06,2板补涨阴,False,,U坑内,,True,炸板,-1.47,-4.72,-4.72,-9.6,-9.6,0.0,6,+++,2,-1.59,1.24,109.0,False,,False,False,False
002940.SZSE,昂利康,2025-07-31,2025-07,2板补涨阴,False,,U坑内,,True,连板,1.4,10.0,13.11,-4.69,-4.69,0.0,8,+++,2,-7.75,2.73,40.0,True,05,True,True,False
002940.SZSE,昂利康,2025-08-25,2025-08,2板补涨阴,False,,U坑内,,True,封D1负,2.1,-4.93,-4.93,-19.64,-21.41,2.24,16,--+,2,-1.56,0.62,55.0,False,,True,False,False
002940.SZSE,昂利康,2026-05-11,2026-05,2板补涨阴,False,,U坑内,,True,炸板,-2.64,-5.86,-5.86,-18.34,-18.34,0.0,13,-++,2,-2.35,0.24,89.0,False,,False,False,False
002940.SZSE,昂利康,2026-05-13,2026-05,2板补涨阴,False,,U坑内,,True,连板,5.71,9.99,18.67,-15.42,-18.34,3.56,15,--+,2,-3.3,0.82,50.0,True,02,True,True,False
002940.SZSE,昂利康,2026-05-21,2026-05,2板补涨阴,False,,无U,,True,封D1负,-6.9,-9.99,-9.99,3.57,3.57,0.0,5,+++,2,-4.69,0.9,51.0,False,,True,False,False
002943.SZSE,宇晶股份,2026-01-27,2026-01,2板补涨阴,False,,无U,,True,封D1正,7.26,0.45,0.45,5.56,5.56,0.0,2,+++,2,5.56,0.0,57.0,False,,True,False,False
002943.SZSE,宇晶股份,2026-02-03,2026-02,2板补涨阴,False,,无U,,True,封D1正,3.83,5.05,5.05,11.2,5.56,5.34,7,+++,2,-2.41,3.24,32.0,False,,True,False,False
002949.SZSE,华阳国际,2024-12-20,2024-12,2板补涨阴,False,,无U,,True,封D1负,0.0,-9.99,-9.99,-1.07,-3.42,2.43,6,+++,2,-3.96,0.0,50.0,False,,True,False,False
002949.SZSE,华阳国际,2024-12-30,2024-12,2板补涨阴,False,,U坑内,,False,封D1负,0.0,-5.06,-5.06,-12.96,-12.96,0.0,12,-++,2,-4.43,3.31,61.0,False,,True,False,False
002951.SZSE,金时科技,2025-08-21,2025-08,2板补涨阴,False,,U坑内,,True,封D1负,-0.79,-2.89,-2.89,-6.14,-6.14,0.0,4,++-,2,-7.65,0.48,78.0,False,,True,False,False
002951.SZSE,金时科技,2026-07-27,2026-07,2板补涨阴,False,,U坑内,,False,封D1正,2.68,4.31,4.31,-31.43,-31.43,0.0,13,---,2,-2.27,0.17,36.0,False,,True,False,False
002953.SZSE,日丰股份,2025-08-29,2025-08,2板补涨阴,False,,无U,,True,封D1负,-2.05,-4.53,-4.53,5.55,-2.38,8.12,6,+++,2,-5.79,2.57,47.0,False,,True,False,False
002953.SZSE,日丰股份,2026-08-25,2026-08,2板补涨阴,False,,U坑内,,False,炸板,-6.49,-6.49,-6.49,-10.49,-10.49,0.0,4,+++,2,-2.96,3.79,41.0,False,,False,False,False
002957.SZSE,科瑞技术,2026-04-17,2026-04,2板补涨阴,False,,无U,,True,封D1正,7.61,4.33,4.33,12.79,1.4,11.23,7,+++,2,-0.31,0.88,68.0,False,,True,False,False
002957.SZSE,科瑞技术,2026-06-02,2026-06,2板补涨阴,False,,无U,,True,封D1负,6.46,-0.87,-0.87,14.79,6.65,7.63,5,+++,2,-2.27,1.18,109.0,False,,True,False,False
002961.SZSE,瑞达期货,2025-12-24,2025-12,2板补涨阴,False,,U坑内,,True,封D1负,0.03,-0.72,-0.72,-9.63,-9.63,0.0,12,-++,2,-1.92,0.81,48.0,False,,True,False,False
002968.SZSE,新大正,2023-09-04,2023-09,2板补涨阴,False,,U坑内,,True,封D1负,0.62,-2.3,-2.3,-4.94,-4.94,0.0,4,+--,2,-2.98,3.05,17.0,False,,True,False,False
002971.SZSE,和远气体,2026-05-27,2026-05,2板补涨阴,False,,U坑内,,False,封D1负,-0.03,-3.62,-3.62,-22.59,-22.59,0.0,8,-++,2,-1.97,3.5,45.0,False,,True,False,False
002975.SZSE,博杰股份,2026-05-06,2026-05,2板补涨阴,False,,无U,,True,炸板,-1.15,2.45,2.45,27.02,0.02,26.99,16,+++,2,0.25,1.46,69.0,False,,False,False,False
002975.SZSE,博杰股份,2026-05-28,2026-05,2板补涨阴,False,,U坑内,,False,封D1正,5.0,7.46,7.46,-8.71,-8.71,0.0,3,+++,2,-3.84,0.9,45.0,False,,True,False,False
002975.SZSE,博杰股份,2026-06-02,2026-06,2板补涨阴,False,,U突破,,True,封D1负,4.23,-0.39,-0.39,1.02,-8.71,10.65,6,+++,2,-6.4,2.07,109.0,False,,True,False,False
002975.SZSE,博杰股份,2026-06-15,2026-06,2板补涨阴,False,,U坑内,,False,封D1正,1.87,2.52,2.52,-9.23,-10.93,1.91,15,-++,2,-1.02,0.82,83.0,False,,True,False,False
002980.SZSE,华盛昌,2026-04-13,2026-04,2板补涨阴,False,,无U,,True,连板,2.21,10.0,20.97,4.56,4.26,0.28,4,+++,2,-4.8,0.36,53.0,True,01,True,True,False
002980.SZSE,华盛昌,2026-04-17,2026-04,2板补涨阴,False,,无U,,True,封D1正,2.82,6.67,6.67,3.63,3.63,0.0,3,+++,2,-5.77,2.25,68.0,False,,True,False,False
002980.SZSE,华盛昌,2026-04-24,2026-04,2板补涨阴,False,,无U,,True,炸板,-4.56,-3.1,-3.1,18.33,3.63,14.19,8,+++,2,-6.55,0.16,45.0,False,,False,False,False
002980.SZSE,华盛昌,2026-05-07,2026-05,2板补涨阴,False,,无U,,True,封D1正,-1.64,0.89,0.89,18.21,3.63,14.07,14,+++,2,-5.15,0.06,88.0,False,,True,False,False
002980.SZSE,华盛昌,2026-06-02,2026-06,2板补涨阴,False,,U坑内,,False,封D1正,5.85,9.16,9.16,-20.38,-20.38,0.0,6,-++,2,-6.67,0.78,109.0,False,,True,False,False
002981.SZSE,朝阳科技,2024-11-15,2024-11,2板补涨阴,False,,U坑内,,False,炸板,-3.14,-8.7,-8.7,-11.15,-11.15,0.0,4,+++,2,-4.6,0.98,27.0,False,,False,False,False
002981.SZSE,朝阳科技,2024-11-19,2024-11,2板补涨阴,True,U坑,U坑内,,False,封D1正,3.98,4.25,4.25,-10.77,-11.15,0.43,6,+++,2,-6.18,2.71,74.0,False,,True,False,False
002987.SZSE,京北方,2024-10-11,2024-10,2板补涨阴,False,,U坑内,,True,封D1正,4.94,2.78,2.78,-5.58,-5.58,0.0,3,+++,2,-6.24,1.21,51.0,False,,True,False,False
002987.SZSE,京北方,2025-07-09,2025-07,2板补涨阴,False,,无U,,False,炸板,-5.92,-10.4,-10.4,-1.76,-1.76,0.0,2,+++,2,-1.76,1.83,57.0,False,,False,False,False
002989.SZSE,中天精装,2024-10-10,2024-10,2板补涨阴,False,,无U,,True,封D1负,5.84,-3.32,-3.32,13.29,-3.03,16.83,18,+++,2,-8.79,1.15,29.0,False,,True,False,False
002989.SZSE,中天精装,2026-05-13,2026-05,2板补涨阴,False,,无U,,True,炸板,-4.34,-7.05,-7.05,-1.62,-1.62,0.0,5,+++,2,-2.01,1.24,50.0,False,,False,False,False
002990.SZSE,盛视科技,2026-06-18,2026-06,2板补涨阴,False,,无U,,False,炸板,-1.44,-0.34,-0.34,-1.05,-1.05,0.0,2,+--,2,-1.05,1.05,67.0,False,,False,False,False
002990.SZSE,盛视科技,2026-06-30,2026-06,2板补涨阴,False,,无U,,True,炸板,-4.56,-4.07,-4.07,2.2,2.2,0.0,3,++-,2,-1.33,2.19,89.0,False,,False,False,False
002995.SZSE,天地在线,2023-05-26,2023-05,2板补涨阴,False,,U坑内,,True,连板,6.48,10.0,10.44,-10.28,-10.28,0.0,9,-++,2,-1.62,1.76,36.0,True,05,True,True,False
002995.SZSE,天地在线,2023-06-13,2023-06,2板补涨阴,True,U坑,U坑内,,False,炸板,-4.12,6.03,8.59,-20.51,-21.62,1.41,7,-++,2,-3.95,2.96,53.0,False,,False,True,False
002995.SZSE,天地在线,2026-01-29,2026-01,2板补涨阴,False,,无U,,True,连板,5.2,10.01,12.05,3.3,3.3,0.0,2,+++,2,3.3,3.66,72.0,True,01,True,True,False
002999.SZSE,天禾股份,2024-04-23,2024-04,2板补涨阴,True,U坑,U坑内,,False,封D1负,-2.74,-0.86,-0.86,-15.07,-19.78,5.87,15,--+,2,-3.81,0.91,40.0,False,,True,False,False
003003.SZSE,天元股份,2025-07-16,2025-07,2板补涨阴,True,U坑,U坑内,,False,封D1负,-1.84,-3.38,-3.38,-11.33,-11.33,0.0,6,++-,2,-3.66,1.32,38.0,False,,True,False,False
003007.SZSE,直真科技,2024-02-26,2024-02,2板补涨阴,False,,U坑内,,False,炸板,-6.02,0.76,0.76,-19.76,-32.52,18.91,11,--+,2,2.8,0.25,79.0,False,,False,False,False
003009.SZSE,中天火箭,2026-06-12,2026-06,2板补涨阴,False,,U坑内,,False,封D1正,-0.02,5.16,5.16,-9.57,-9.57,0.0,4,+--,2,-3.09,1.67,55.0,False,,True,False,False
003009.SZSE,中天火箭,2026-06-30,2026-06,2板补涨阴,False,,U坑内,,True,封D1正,0.03,4.02,4.02,-10.55,-11.68,1.28,15,-++,2,-4.85,0.0,89.0,False,,True,False,False
003010.SZSE,若羽臣,2023-06-07,2023-06,2板补涨阴,False,,U突破,,False,封D1负,1.86,-3.87,-3.87,-3.25,-12.23,10.23,10,+++,2,-7.81,0.08,35.0,False,,True,False,False
003017.SZSE,大洋生物,2025-06-20,2025-06,2板补涨阴,False,,U坑内,,False,炸板,-5.05,-8.38,-8.38,-9.79,-9.79,0.0,4,+++,2,-4.66,1.45,26.0,False,,False,False,False
003018.SZSE,金富科技,2026-08-21,2026-08,2板补涨阴,False,,无U,,True,封D1负,0.19,-2.84,-2.84,2.28,0.16,2.11,12,++-,2,-1.49,1.36,59.0,False,,True,False,False
003018.SZSE,金富科技,2026-08-25,2026-08,2板补涨阴,False,,无U,,False,封D1负,2.17,-4.15,-4.15,9.31,0.16,9.14,14,++-,2,-2.84,0.7,41.0,False,,True,False,False
003021.SZSE,兆威机电,2024-11-22,2024-11,2板补涨阴,False,,U坑内,,False,炸板,-1.43,2.61,2.61,-5.46,-5.46,0.0,2,+++,2,-5.46,0.07,88.0,False,,False,False,False
003021.SZSE,兆威机电,2025-02-05,2025-02,2板补涨阴,False,,无U,,False,炸板,-2.52,8.29,8.92,8.24,-0.19,8.44,13,+++,2,-7.55,0.06,35.0,False,,False,True,False
003026.SZSE,中晶科技,2024-08-08,2024-08,2板补涨阴,False,,U坑内,,False,炸板,2.37,5.86,3.76,-4.0,-4.0,0.0,6,+--,2,-2.41,1.8,42.0,False,,False,True,False
003026.SZSE,中晶科技,2024-10-18,2024-10,2板补涨阴,False,,U坑内,,True,炸板,0.72,1.28,1.28,-8.0,-8.31,0.34,8,-++,2,-1.41,1.25,41.0,False,,False,False,False
003029.SZSE,吉大正元,2025-06-23,2025-06,2板补涨阴,False,,U坑内,,True,连板,10.02,10.02,22.94,-5.03,-5.03,0.0,6,+++,2,-7.43,0.54,36.0,True,03,True,True,False
003031.SZSE,中瓷电子,2026-08-21,2026-08,2板补涨阴,False,,U坑内,,True,封D1负,0.93,-5.24,-5.24,-9.76,-9.76,0.0,4,++-,2,-0.09,1.16,59.0,False,,True,False,False
003036.SZSE,泰坦股份,2025-09-24,2025-09,2板补涨阴,False,,U坑内,,False,封D1负,-0.05,-3.02,-3.02,-18.28,-18.28,0.0,11,-+-,2,-1.14,0.24,42.0,False,,True,False,False
003037.SZSE,三和管桩,2025-07-21,2025-07,2板补涨阴,False,,U坑内,,True,连板,10.01,10.01,9.07,-7.72,-7.72,0.0,4,+++,2,-1.36,2.71,37.0,True,01,True,True,False
003038.SZSE,鑫铂股份,2024-12-10,2024-12,2板补涨阴,False,,U坑内,,True,封D1负,2.06,-0.8,-0.8,-8.48,-8.73,0.28,20,--+,2,-0.66,2.19,83.0,False,,True,False,False
003039.SZSE,顺控发展,2026-01-20,2026-01,2板补涨阴,False,,U突破,,True,封D1负,-1.01,-4.81,-4.81,-2.8,-6.91,4.41,11,+++,2,-4.81,0.84,79.0,False,,True,False,False
003040.SZSE,楚天龙,2024-11-26,2024-11,2板补涨阴,False,,U坑内,,False,炸板,-13.91,-10.47,-10.47,-6.36,-6.36,0.0,2,+++,2,-6.36,0.13,132.0,False,,False,False,False
003040.SZSE,楚天龙,2025-08-08,2025-08,2板补涨阴,False,,U坑内,,False,封D1正,-2.71,1.68,1.68,-20.27,-27.23,9.56,18,--+,2,-1.41,3.81,47.0,False,,True,False,False
003041.SZSE,真爱美家,2024-12-04,2024-12,2板补涨阴,False,,无U,,True,连板,2.14,10.01,1.25,6.09,6.09,0.0,2,+++,2,6.09,0.0,92.0,True,05,True,True,False
003041.SZSE,真爱美家,2026-06-01,2026-06,2板补涨阴,False,,U坑内,,True,封D1负,0.23,-3.45,-3.45,-17.73,-17.73,0.0,17,--+,2,-2.32,1.44,46.0,False,,True,False,False
003042.SZSE,中农联合,2026-04-07,2026-04,2板补涨阴,False,,U坑内,,False,封D1负,0.0,-1.64,-1.64,-16.03,-16.03,0.0,5,+--,2,-8.54,0.22,26.0,False,,True,False,False
003043.SZSE,华亚智能,2026-07-24,2026-07,2板补涨阴,False,,U坑内,,True,炸板,-6.35,-1.41,-1.41,-34.51,-38.87,7.13,18,--+,2,-1.72,1.9,104.0,False,,False,False,False
600006.SSE,东风股份,2024-03-20,2024-03,2板补涨阴,False,,无U,,True,封D1负,-4.12,-2.32,-2.32,3.49,3.49,0.0,2,+++,2,3.49,1.8,46.0,False,,True,False,False
600021.SSE,上海电力,2025-08-27,2025-08,2板补涨阴,False,,无U,,True,炸板,0.6,-1.41,-1.41,4.87,1.16,3.67,7,+++,2,-3.69,1.63,59.0,False,,False,False,False
600026.SSE,中远海能,2026-03-18,2026-03,2板补涨阴,False,,U坑内,,True,炸板,-2.23,-7.09,-7.09,-6.75,-11.2,5.02,11,-++,2,-2.31,2.19,33.0,False,,False,False,False
600052.SSE,东望时代,2026-04-30,2026-04,2板补涨阴,False,,U坑内,,False,封D1正,0.0,1.58,1.58,-11.79,-11.79,0.0,5,++-,2,-3.58,0.0,92.0,False,,True,False,False
600072.SSE,中船科技,2023-04-26,2023-04,2板补涨阴,False,,U坑内,,False,炸板,-2.6,8.43,11.76,-4.08,-4.08,0.0,2,,2,-4.08,2.63,22.0,False,,False,True,False
600072.SSE,中船科技,2023-05-04,2023-05,2板补涨阴,False,,U突破,,True,炸板,-3.06,8.66,25.26,17.95,-4.08,22.97,5,,2,3.08,3.71,69.0,False,,False,True,False
600076.SSE,康欣新材,2026-07-07,2026-07,2板补涨阴,False,,U坑内,,False,炸板,-7.1,-13.66,-13.66,-8.52,-8.52,0.0,4,+--,2,-2.63,2.92,60.0,False,,False,False,False
600078.SSE,澄星股份,2026-06-03,2026-06,2板补涨阴,False,,U坑内,,False,封D1正,0.31,6.96,6.96,-26.74,-26.74,0.0,17,--+,2,-1.65,0.25,56.0,False,,True,False,False
600081.SSE,东风科技,2025-02-13,2025-02,2板补涨阴,False,,无U,,False,封D1负,-2.86,-1.93,-1.93,-2.91,-2.91,0.0,2,+++,2,-2.91,1.83,65.0,False,,True,False,False
600088.SSE,中视传媒,2024-01-19,2024-01,2板补涨阴,False,,U坑内,,True,封D1负,-0.07,-5.73,-5.73,-16.16,-16.16,0.0,12,-+-,2,-1.06,0.3,37.0,False,,True,False,False
600088.SSE,中视传媒,2024-01-23,2024-01,2板补涨阴,True,U坑,U坑内,,False,连板,6.67,10.03,75.49,-13.07,-16.16,3.69,14,---,2,-5.73,2.58,15.0,True,03,True,True,False
600094.SSE,大名城,2024-04-26,2024-04,2板补涨阴,True,U坑,U坑内,,False,连板,1.29,10.03,1.03,-13.66,-15.37,2.02,13,-++,2,-2.75,0.0,32.0,True,02,True,True,False
600094.SSE,大名城,2024-05-06,2024-05,2板补涨阴,False,,U坑内,,False,炸板,-5.09,-3.7,-3.7,-8.18,-8.18,0.0,2,+++,2,-8.18,0.23,47.0,False,,False,False,False
600094.SSE,大名城,2024-05-13,2024-05,2板补涨阴,False,,U坑内,,True,炸板,-4.16,-1.62,-1.62,-7.94,-8.18,0.25,7,+++,2,-2.72,0.74,29.0,False,,False,False,False
600105.SSE,永鼎股份,2025-10-13,2025-10,2板补涨阴,False,,无U,,True,封D1负,1.41,-7.43,-7.43,22.4,0.99,21.19,8,+++,2,5.94,0.0,53.0,False,,True,False,False
600105.SSE,永鼎股份,2025-12-05,2025-12,2板补涨阴,True,U坑,U坑内,,False,封D1正,2.22,5.96,5.96,-10.01,-10.01,0.0,7,+++,2,-2.99,1.37,30.0,False,,True,False,False
600105.SSE,永鼎股份,2025-12-17,2025-12,2板补涨阴,False,,U突破,,True,炸板,-4.81,-3.46,-3.46,9.37,-10.01,21.53,15,+++,2,-6.01,0.25,38.0,False,,False,False,False
600120.SSE,浙江东方,2024-12-02,2024-12,2板补涨阴,False,,U坑内,,False,炸板,-6.14,-7.68,-7.68,-4.31,-4.31,0.0,2,+-+,2,-4.31,1.26,105.0,False,,False,False,False
600120.SSE,浙江东方,2024-12-11,2024-12,2板补涨阴,False,,U坑内,,True,炸板,-3.02,-1.07,-1.07,-8.26,-9.69,1.59,9,-+-,2,1.59,0.8,82.0,False,,False,False,False
600121.SSE,郑州煤电,2026-03-20,2026-03,2板补涨阴,False,,U坑内,,False,炸板,-4.14,2.07,2.07,-14.34,-14.34,0.0,5,+++,2,-1.63,0.81,25.0,False,,False,False,False
600128.SSE,苏豪弘业,2023-12-14,2023-12,2板补涨阴,False,,无U,,True,封D1负,0.0,-3.4,-3.4,4.64,-0.64,5.31,8,+++,2,-5.58,1.39,32.0,False,,True,False,False
600148.SSE,长春一东,2023-06-21,2023-06,2板补涨阴,False,,无U,,False,封D1正,-3.84,4.11,4.11,-3.83,-3.83,0.0,2,+++,2,-3.83,0.0,34.0,False,,True,False,False
600151.SSE,航天机电,2026-01-12,2026-01,2板补涨阴,False,,U突破,,True,封D1负,0.0,-10.0,-10.0,22.31,-6.14,30.31,18,+++,2,1.82,3.44,79.0,False,,True,False,False
600152.SSE,维科技术,2025-07-07,2025-07,2板补涨阴,False,,U坑内,,True,封D1负,0.14,-3.43,-3.43,-13.01,-13.01,0.0,5,+++,2,-6.36,1.56,30.0,False,,True,False,False
600152.SSE,维科技术,2025-07-16,2025-07,2板补涨阴,False,,U坑内,,False,炸板,-7.67,-7.11,-7.11,-14.32,-14.32,0.0,12,-++,2,-3.12,0.74,38.0,False,,False,False,False
600152.SSE,维科技术,2026-04-24,2026-04,2板补涨阴,False,,无U,,True,连板,3.63,10.03,11.88,-0.93,-0.93,0.0,8,+++,2,-6.06,1.12,45.0,True,03,True,True,False
600156.SSE,华升股份,2024-09-04,2024-09,2板补涨阴,False,,U坑内,,False,封D1正,-2.16,1.35,1.35,-7.18,-7.18,0.0,3,+++,2,-1.47,0.29,33.0,False,,True,False,False
600156.SSE,华升股份,2024-09-09,2024-09,2板补涨阴,False,,U坑内,,True,封D1负,4.21,-0.53,-0.53,-4.7,-7.18,2.68,6,+++,2,-8.0,0.27,26.0,False,,True,False,False
600156.SSE,华升股份,2025-08-28,2025-08,2板补涨阴,False,,无U,,True,封D1正,6.69,4.18,4.18,-3.77,-3.77,0.0,5,+++,2,-7.94,2.33,39.0,False,,True,False,False
600157.SSE,永泰能源,2024-11-18,2024-11,2板补涨阴,False,,U坑内,,True,封D1负,0.0,-1.75,-1.75,-8.28,-8.28,0.0,8,+++,2,-1.9,1.9,53.0,False,,True,False,False
600159.SSE,大龙地产,2023-07-25,2023-07,2板补涨阴,False,,无U,,True,封D1正,-1.34,0.27,0.27,0.59,0.59,0.0,2,+++,2,0.59,0.0,19.0,False,,True,False,False
600162.SSE,香江控股,2026-08-25,2026-08,2板补涨阴,True,U坑,U坑内,,False,炸板,-3.36,-0.89,-0.89,-13.98,-14.19,0.25,9,-++,2,-2.87,0.0,41.0,False,,False,False,False
600165.SSE,宁科生物,2026-08-20,2026-08,2板补涨阴,False,,无U,,True,炸板,-4.76,-1.49,-1.49,3.74,3.74,0.0,2,+++,2,3.74,0.0,32.0,False,,False,False,False
600171.SSE,上海贝岭,2024-06-05,2024-06,2板补涨阴,False,,无U,,True,炸板,1.92,6.27,-2.6,-3.42,-3.42,0.0,3,+++,2,-4.17,3.58,23.0,False,,False,True,False
600171.SSE,上海贝岭,2024-06-11,2024-06,2板补涨阴,False,,无U,,False,封D1正,3.32,2.01,2.01,3.48,-3.42,7.15,6,+++,2,-8.35,2.82,40.0,False,,True,False,False
600171.SSE,上海贝岭,2024-10-18,2024-10,2板补涨阴,False,,无U,,True,连板,9.99,9.99,14.89,0.18,-2.75,3.01,8,+++,2,-1.09,0.67,41.0,True,03,True,True,False
600172.SSE,黄河旋风,2024-10-30,2024-10,2板补涨阴,False,,无U,,True,连板,8.85,9.9,-1.04,7.06,7.06,0.0,2,+++,2,7.06,0.0,93.0,True,01,True,True,False
600172.SSE,黄河旋风,2024-11-27,2024-11,2板补涨阴,False,,U坑内,,False,封D1正,1.75,3.51,3.51,-26.3,-26.3,0.0,19,--+,2,-1.58,0.63,79.0,False,,True,False,False
600172.SSE,黄河旋风,2026-07-06,2026-07,2板补涨阴,False,,U突破,,False,封D1负,-3.02,-1.02,-1.02,-0.53,-4.66,4.33,9,-++,2,-6.49,0.55,92.0,False,,True,False,False
600178.SSE,东安动力,2023-11-23,2023-11,2板补涨阴,True,U坑,U坑内,,False,连板,10.02,10.02,92.89,-7.8,-8.51,0.78,9,+++,2,-4.18,0.0,44.0,True,03,True,True,False
600178.SSE,东安动力,2024-03-20,2024-03,2板补涨阴,False,,无U,,True,封D1正,-1.77,0.14,0.14,-3.41,-3.41,0.0,4,+++,2,-4.24,1.44,46.0,False,,True,False,False
600178.SSE,东安动力,2026-06-22,2026-06,2板补涨阴,False,,U坑内,,False,封D1负,-0.9,-3.81,-3.81,-14.19,-14.19,0.0,6,++-,2,-4.73,2.31,75.0,False,,True,False,False
600186.SSE,莲花控股,2025-02-05,2025-02,2板补涨阴,False,,U坑内,,True,炸板,1.27,7.05,22.6,-19.78,-30.14,14.84,18,+--,2,-4.01,1.53,35.0,False,,False,True,False
600186.SSE,莲花控股,2025-03-05,2025-03,2板补涨阴,False,,无U,,True,炸板,-6.59,-2.82,-2.82,3.84,2.61,1.2,18,-++,2,-2.45,0.0,61.0,False,,False,False,False
600191.SSE,华资实业,2024-03-28,2024-03,2板补涨阴,False,,U坑内,,False,封D1负,-2.83,-0.94,-0.94,-17.47,-17.47,0.0,20,--+,2,-2.23,0.41,39.0,False,,True,False,False
600191.SSE,华资实业,2025-01-23,2025-01,2板补涨阴,False,,U突破,,True,炸板,-6.91,-7.03,-7.03,-3.15,-12.22,10.33,15,+++,2,-2.64,0.92,36.0,False,,False,False,False
600191.SSE,华资实业,2025-01-27,2025-01,2板补涨阴,False,,U突破,,True,封D1负,-0.97,-2.65,-2.65,-0.92,-12.22,12.87,17,+++,2,-3.7,3.32,53.0,False,,True,False,False
600192.SSE,长城电工,2026-07-10,2026-07,2板补涨阴,False,,U坑内,,False,封D1负,0.0,-6.91,-6.91,-27.54,-27.54,0.0,16,---,2,-0.66,0.82,63.0,False,,True,False,False
600203.SSE,福日电子,2023-10-23,2023-10,2板补涨阴,False,,U坑内,,True,封D1负,3.48,-0.84,-0.84,-17.03,-20.58,4.48,19,-++,2,-3.4,0.89,35.0,False,,True,False,False
600203.SSE,福日电子,2024-05-08,2024-05,2板补涨阴,False,,U坑内,,True,封D1正,0.0,2.86,2.86,-12.4,-16.67,5.12,11,+--,2,-2.15,0.46,41.0,False,,True,False,False
600203.SSE,福日电子,2024-10-14,2024-10,2板补涨阴,False,,无U,,False,连板,7.32,9.97,29.92,1.41,-1.41,2.86,10,+++,2,-5.39,0.0,28.0,True,05,True,True,False
600215.SSE,派斯林,2026-01-29,2026-01,2板补涨阴,False,,U坑内,,True,封D1负,-1.26,-2.39,-2.39,-14.42,-14.42,0.0,14,-++,2,-3.85,0.8,72.0,False,,True,False,False
600228.SSE,返利科技,2023-04-12,2023-04,2板补涨阴,False,,U坑内,,True,封D1正,-1.35,4.36,4.36,-11.29,-12.1,0.92,11,,2,-1.63,2.85,24.0,False,,True,False,False
600228.SSE,返利科技,2023-05-08,2023-05,2板补涨阴,False,,无U,,False,封D1负,1.98,-6.72,-6.72,-2.0,-2.0,0.0,2,+-+,2,-2.0,2.62,31.0,False,,True,False,False
600228.SSE,返利科技,2023-12-06,2023-12,2板补涨阴,False,,无U,,False,封D1负,-0.96,-4.88,-4.88,-1.96,-1.96,0.0,2,+++,2,-1.96,0.62,32.0,False,,True,False,False
600228.SSE,返利科技,2024-12-12,2024-12,2板补涨阴,False,,U坑内,,True,炸板,-6.07,-4.58,-4.58,-6.15,-17.73,14.08,13,+++,2,-0.5,0.75,119.0,False,,False,False,False
600228.SSE,返利科技,2026-08-04,2026-08,2板补涨阴,False,,无U,,True,封D1负,0.0,-1.28,-1.28,-2.86,-2.86,0.0,3,+--,2,-8.01,1.68,69.0,False,,True,False,False
600234.SSE,科新发展,2023-12-22,2023-12,2板补涨阴,False,,U坑内,,False,封D1正,0.0,3.1,3.1,-15.9,-15.9,0.0,4,+++,2,-2.96,0.0,31.0,False,,True,False,False
600234.SSE,科新发展,2024-01-08,2024-01,2板补涨阴,False,,U坑内,,True,封D1负,0.59,-1.18,-1.18,-21.23,-21.23,0.0,14,-++,2,-8.46,0.24,18.0,False,,True,False,False
600234.SSE,科新发展,2024-04-23,2024-04,2板补涨阴,False,,U坑内,,False,连板,1.56,9.9,17.71,-49.86,-49.86,0.0,20,---,2,-6.93,3.2,40.0,True,03,True,True,False
600234.SSE,科新发展,2026-05-22,2026-05,2板补涨阴,False,,U坑内,,False,连板,0.0,10.01,13.39,-24.94,-24.94,0.0,9,-++,2,-6.08,0.0,32.0,True,05,True,True,False
600236.SSE,桂冠电力,2026-07-22,2026-07,2板补涨阴,False,,无U,,False,炸板,-6.62,-8.24,-8.24,-3.68,-3.68,0.0,2,++-,2,-3.68,0.94,83.0,False,,False,False,False
600236.SSE,桂冠电力,2026-07-29,2026-07,2板补涨阴,False,,U坑内,,True,封D1负,1.19,-2.01,-2.01,-14.98,-14.98,0.0,7,+++,2,-5.97,1.8,57.0,False,,True,False,False
600241.SSE,时代万恒,2023-12-14,2023-12,2板补涨阴,False,,U坑内,,False,封D1正,0.69,2.88,2.88,-7.57,-9.08,1.66,5,+++,2,-4.08,1.05,32.0,False,,True,False,False
600241.SSE,时代万恒,2024-03-14,2024-03,2板补涨阴,False,,U坑内,,False,封D1正,3.87,2.13,2.13,-5.54,-5.54,0.0,2,++-,2,-5.54,0.0,51.0,False,,True,False,False
600241.SSE,时代万恒,2024-03-26,2024-03,2板补涨阴,False,,U坑内,,True,封D1负,3.17,-2.38,-2.38,-4.85,-5.54,0.73,10,-++,2,-2.83,0.57,36.0,False,,True,False,False
600246.SSE,万通发展,2025-12-01,2025-12,2板补涨阴,False,,U坑内,,False,炸板,-4.15,-2.89,-2.89,-7.38,-7.38,0.0,2,+++,2,-7.38,2.44,61.0,False,,False,False,False
600246.SSE,万通发展,2025-12-08,2025-12,2板补涨阴,True,U坑,U坑内,,False,炸板,-2.56,-4.62,-4.62,-8.39,-8.39,0.0,7,+++,2,-4.56,1.42,58.0,False,,False,False,False
600246.SSE,万通发展,2026-07-16,2026-07,2板补涨阴,False,,无U,,True,炸板,-3.99,-11.38,-11.38,-3.33,-3.33,0.0,7,+-+,2,-6.21,3.13,65.0,False,,False,False,False
600249.SSE,XD两面针,2024-11-28,2024-11,2板补涨阴,False,,U坑内,,False,封D1正,-2.48,1.82,1.82,-6.13,-6.13,0.0,2,+++,2,-6.13,0.0,77.0,False,,True,False,False
600250.SSE,南京商旅,2025-06-26,2025-06,2板补涨阴,False,,U坑内,,False,封D1正,-0.34,4.6,4.6,-24.22,-24.93,0.95,10,-++,2,-0.09,0.84,50.0,False,,True,False,False
600250.SSE,南京商旅,2025-07-02,2025-07,2板补涨阴,False,,U坑内,,True,封D1正,-1.95,2.57,2.57,-17.05,-24.93,10.5,14,+-+,2,-1.27,2.45,49.0,False,,True,False,False
600250.SSE,南京商旅,2025-07-10,2025-07,2板补涨阴,False,,U坑内,,False,封D1正,2.34,4.31,4.31,-11.65,-24.93,17.69,20,+++,2,-7.23,1.94,40.0,False,,True,False,False
600250.SSE,南京商旅,2025-12-11,2025-12,2板补涨阴,False,,无U,,False,封D1负,-0.46,-4.29,-4.29,-3.96,-3.96,0.0,2,+++,2,-3.96,1.62,50.0,False,,True,False,False
600252.SSE,中恒集团,2024-11-05,2024-11,2板补涨阴,False,,U坑内,,False,封D1负,2.33,-1.33,-1.33,-4.21,-4.21,0.0,2,+++,2,-4.21,1.05,122.0,False,,True,False,False
600257.SSE,大湖股份,2023-07-07,2023-07,2板补涨阴,True,U坑,U坑内,,False,封D1正,4.9,1.93,1.93,-8.37,-9.72,1.49,15,+++,2,-0.33,0.65,28.0,False,,True,False,False
600262.SSE,北方股份,2024-08-06,2024-08,2板补涨阴,False,,U坑内,,True,连板,4.29,10.02,-0.97,-7.54,-7.54,0.0,9,+++,2,-6.96,0.89,38.0,True,02,True,True,False
600268.SSE,国电南自,2025-08-08,2025-08,2板补涨阴,False,,U坑内,,False,封D1正,-0.79,1.28,1.28,-15.01,-16.21,1.43,13,--+,2,-0.54,0.43,47.0,False,,True,False,False
600271.SSE,航天信息,2026-01-08,2026-01,2板补涨阴,False,,U突破,,True,封D1正,-0.24,2.39,2.39,7.23,-8.17,16.77,15,+++,2,-4.52,0.0,63.0,False,,True,False,False
600272.SSE,开开实业,2024-08-06,2024-08,2板补涨阴,True,U坑,U坑内,,False,封D1正,2.41,1.95,1.95,-10.49,-10.49,0.0,9,-++,2,-4.39,2.44,38.0,False,,True,False,False
600279.SSE,重庆港,2024-11-14,2024-11,2板补涨阴,False,,U坑内,,False,封D1正,2.51,4.66,4.66,-8.15,-8.15,0.0,3,+++,2,-4.52,2.07,50.0,False,,True,False,False
600280.SSE,中央商场,2025-12-18,2025-12,2板补涨阴,True,U坑,U坑内,,False,封D1正,0.43,8.97,8.97,-4.92,-10.96,6.78,6,+++,2,-8.01,0.87,44.0,False,,True,False,False
600281.SSE,华阳新材,2024-04-24,2024-04,2板补涨阴,False,,U坑内,,True,封D1负,0.31,-1.25,-1.25,-34.39,-34.39,0.0,13,---,2,-2.03,0.68,36.0,False,,True,False,False
600281.SSE,华阳新材,2025-05-12,2025-05,2板补涨阴,False,,无U,,True,封D1负,1.9,-2.95,-2.95,6.95,5.46,1.41,6,+++,2,-8.88,0.42,27.0,False,,True,False,False
600281.SSE,华阳新材,2025-05-16,2025-05,2板补涨阴,False,,无U,,True,连板,2.97,10.1,16.83,13.9,5.46,8.0,10,+++,2,-6.13,3.68,40.0,True,05,True,True,False
600287.SSE,苏豪时尚,2023-11-28,2023-11,2板补涨阴,False,,U坑内,,False,封D1正,4.42,0.91,0.91,-14.12,-14.12,0.0,3,+++,2,-8.17,3.7,28.0,False,,True,False,False
600288.SSE,大恒科技,2025-08-06,2025-08,2板补涨阴,False,,U坑内,,True,封D1正,0.0,3.02,3.02,-8.71,-8.71,0.0,8,+++,2,-8.71,2.73,44.0,False,,True,False,False
600292.SSE,电投水电,2023-08-25,2023-08,2板补涨阴,False,,U坑内,,False,炸板,-2.21,5.24,5.24,-9.23,-9.23,0.0,4,+++,2,-3.37,2.64,28.0,False,,False,False,False
600292.SSE,电投水电,2024-12-18,2024-12,2板补涨阴,False,,U坑内,,True,炸板,-7.47,-8.38,-8.38,-17.89,-17.89,0.0,12,-++,2,-4.57,0.61,25.0,False,,False,False,False
600293.SSE,三峡新材,2026-06-15,2026-06,2板补涨阴,False,,U坑内,,True,封D1正,1.87,1.07,1.07,-13.89,-13.89,0.0,6,+++,2,-6.06,1.38,83.0,False,,True,False,False
600297.SSE,广汇汽车,2022-06-01,2022-06,2板补涨阴,False,,U坑内,,True,封D1正,-0.36,1.8,1.8,-11.54,-11.54,0.0,5,+++,2,-2.32,0.0,0.0,False,,True,False,False
600297.SSE,广汇汽车,2022-06-08,2022-06,2板补涨阴,False,,U坑内,,True,炸板,-4.84,-7.96,-7.96,-8.04,-11.54,3.95,9,-++,2,-3.31,1.1,0.0,False,,False,False,False
600297.SSE,广汇汽车,2024-07-04,2024-07,2板补涨阴,False,,无U,,True,封D1负,0.0,-3.03,-3.03,7.14,7.14,0.0,2,---,2,7.14,0.0,26.0,False,,True,False,False
600303.SSE,曙光股份,2026-06-05,2026-06,2板补涨阴,False,,U坑内,,False,封D1负,-5.19,-1.44,-1.44,-17.75,-17.75,0.0,10,-++,2,-1.87,3.43,65.0,False,,True,False,False
600308.SSE,华泰股份,2025-04-24,2025-04,2板补涨阴,False,,U坑内,,False,炸板,-8.25,-14.39,-14.39,-4.23,-4.23,0.0,2,++-,2,-4.23,1.0,52.0,False,,False,False,False
600318.SSE,新力金融,2024-10-18,2024-10,2板补涨阴,True,U坑,U坑内,,False,封D1正,0.0,1.44,1.44,-17.86,-25.32,10.0,8,-++,2,5.56,3.76,41.0,False,,True,False,False
600318.SSE,新力金融,2024-10-31,2024-10,2板补涨阴,False,,U坑内,,True,炸板,-4.39,1.12,1.12,-12.55,-25.32,17.1,17,+++,2,-2.77,1.93,118.0,False,,False,False,False
600318.SSE,新力金融,2024-11-07,2024-11,2板补涨阴,False,,无U,,True,封D1负,-5.33,-10.0,-10.0,1.93,1.93,0.0,2,+++,2,1.93,0.0,104.0,False,,True,False,False
600322.SSE,津投城开,2023-08-09,2023-08,2板补涨阴,False,,U坑内,,True,封D1正,0.39,0.39,0.39,-8.56,-11.28,3.07,10,+++,2,-3.29,2.06,25.0,False,,True,False,False
600330.SSE,天通股份,2025-12-19,2025-12,2板补涨阴,False,,U坑内,,True,封D1正,2.63,1.69,1.69,-13.75,-14.95,1.42,7,-++,2,-3.77,0.45,52.0,False,,True,False,False
600330.SSE,天通股份,2025-12-24,2025-12,2板补涨阴,False,,U坑内,,True,封D1负,0.08,-4.14,-4.14,-4.74,-14.95,12.0,10,-++,2,-1.25,1.08,48.0,False,,True,False,False
600330.SSE,天通股份,2025-12-26,2025-12,2板补涨阴,False,,U突破,,False,封D1负,0.07,-4.22,-4.22,0.48,-14.95,18.15,12,+++,2,-4.14,0.38,72.0,False,,True,False,False
600330.SSE,天通股份,2026-01-07,2026-01,2板补涨阴,False,,U突破,,False,炸板,-2.09,2.09,2.09,1.61,-14.95,19.47,18,+++,2,-2.54,0.0,96.0,False,,False,False,False
600330.SSE,天通股份,2026-02-09,2026-02,2板补涨阴,False,,U坑内,,False,封D1正,5.51,0.76,0.76,-8.5,-8.5,0.0,3,+++,2,-3.12,0.56,48.0,False,,True,False,False
600330.SSE,天通股份,2026-03-10,2026-03,2板补涨阴,False,,U坑内,,False,封D1正,4.36,6.1,6.1,-7.62,-8.5,0.97,18,-++,2,-3.87,0.49,34.0,False,,True,False,False
600333.SSE,长春燃气,2024-11-22,2024-11,2板补涨阴,False,,U坑内,,False,连板,0.48,9.97,7.07,-12.81,-12.81,0.0,8,-++,2,-3.42,2.74,88.0,True,02,True,True,False
600335.SSE,国机汽车,2023-11-28,2023-11,2板补涨阴,False,,U坑内,,True,封D1正,-0.32,0.21,0.21,-4.08,-4.08,0.0,18,-++,2,-2.19,0.69,28.0,False,,True,False,False
600345.SSE,长江通信,2024-11-13,2024-11,2板补涨阴,False,,U坑内,,False,封D1负,-3.92,-3.55,-3.55,-4.34,-4.34,0.0,2,+++,2,-4.34,3.05,65.0,False,,True,False,False
600345.SSE,长江通信,2025-12-31,2025-12,2板补涨阴,False,,U坑内,,False,封D1正,3.87,3.58,3.58,-12.47,-12.47,0.0,3,+++,2,-5.94,0.96,48.0,False,,True,False,False
600358.SSE,国旅联合,2024-08-26,2024-08,2板补涨阴,False,,U坑内,,False,封D1负,-1.69,-6.1,-6.1,-10.37,-10.37,0.0,3,+++,2,-2.19,2.19,30.0,False,,True,False,False
600362.SSE,江西铜业,2025-10-29,2025-10,2板补涨阴,False,,U突破,,True,炸板,-2.57,0.56,0.56,0.38,-4.92,5.58,14,+++,2,-5.63,0.02,48.0,False,,False,False,False
600366.SSE,宁波韵升,2025-08-13,2025-08,2板补涨阴,False,,无U,,True,封D1正,0.7,3.88,3.88,-1.24,-1.24,0.0,3,+++,2,-4.6,1.6,42.0,False,,True,False,False
600373.SSE,中文传媒,2023-04-19,2023-04,2板补涨阴,False,,U坑内,,False,炸板,-4.06,5.15,5.15,-15.75,-15.75,0.0,4,,2,-2.68,0.07,15.0,False,,False,False,False
600375.SSE,汉马科技,2024-02-21,2024-02,2板补涨阴,False,,无U,,True,连板,0.25,9.95,31.84,5.19,5.19,0.0,2,---,2,5.19,0.0,80.0,True,03,True,True,False
600376.SSE,首开股份,2025-03-03,2025-03,2板补涨阴,False,,U坑内,,False,封D1负,1.04,-2.42,-2.42,-8.36,-8.36,0.0,7,+++,2,-4.01,1.46,32.0,False,,True,False,False
600378.SSE,昊华科技,2026-06-29,2026-06,2板补涨阴,False,,U突破,,True,连板,4.73,10.0,18.2,-2.49,-11.93,10.72,11,+++,2,-8.92,0.18,51.0,True,02,True,True,False
600379.SSE,宝光股份,2026-06-30,2026-06,2板补涨阴,False,,U坑内,,True,封D1正,0.0,2.06,2.06,-9.27,-9.27,0.0,4,++-,2,-5.65,3.51,89.0,False,,True,False,False
600382.SSE,广东明珠,2025-10-17,2025-10,2板补涨阴,False,,U坑内,,True,封D1正,1.47,0.67,0.67,-10.07,-10.07,0.0,4,+++,2,-5.56,0.0,36.0,False,,True,False,False
600390.SSE,五矿资本,2024-11-18,2024-11,2板补涨阴,False,,U坑内,,False,炸板,-7.1,-5.63,-5.63,-16.52,-16.52,0.0,9,-++,2,-4.38,2.06,53.0,False,,False,False,False
600396.SSE,华电辽能,2025-05-06,2025-05,2板补涨阴,False,,U坑内,,False,封D1正,0.66,2.63,2.63,-16.62,-16.62,0.0,3,+++,2,-7.69,0.33,56.0,False,,True,False,False
600397.SSE,江钨装备,2026-03-06,2026-03,2板补涨阴,False,,无U,,False,封D1正,1.85,2.4,2.4,-3.04,-3.04,0.0,7,+++,2,-2.15,0.75,55.0,False,,True,False,False
600403.SSE,大有能源,2025-03-25,2025-03,2板补涨阴,False,,U坑内,,True,封D1正,5.04,7.3,7.3,-17.58,-17.58,0.0,4,+++,2,-8.61,3.8,38.0,False,,True,False,False
600403.SSE,大有能源,2026-07-22,2026-07,2板补涨阴,False,,U坑内,,False,封D1正,0.0,4.21,4.21,-7.99,-14.74,7.92,5,+--,2,-1.89,1.89,83.0,False,,True,False,False
600405.SSE,动力源,2025-02-12,2025-02,2板补涨阴,False,,U坑内,,False,封D1正,5.22,0.54,0.54,-19.97,-25.67,7.68,20,+--,2,-1.75,0.0,57.0,False,,True,False,False
600410.SSE,华胜天成,2023-06-09,2023-06,2板补涨阴,False,,无U,,True,连板,2.47,10.0,5.56,-2.0,-2.26,0.27,9,-++,2,0.27,0.95,26.0,True,02,True,True,False
600410.SSE,华胜天成,2024-10-23,2024-10,2板补涨阴,False,,U突破,,True,炸板,-7.56,-8.91,-8.91,-3.57,-9.98,7.13,11,+++,2,-2.35,0.36,85.0,False,,False,False,False
600410.SSE,华胜天成,2025-05-14,2025-05,2板补涨阴,False,,U坑内,,False,封D1负,0.19,-3.56,-3.56,-11.73,-11.73,0.0,5,+++,2,-3.09,0.4,41.0,False,,True,False,False
600410.SSE,华胜天成,2025-09-16,2025-09,2板补涨阴,False,,U坑内,,True,封D1正,0.88,3.58,3.58,-23.57,-29.2,7.95,15,--+,2,-4.77,0.24,56.0,False,,True,False,False
600410.SSE,华胜天成,2026-02-03,2026-02,2板补涨阴,True,U坑,U坑内,,False,封D1正,0.55,0.0,0.0,-18.59,-18.71,0.15,13,+-+,2,-5.38,1.05,32.0,False,,True,False,False
600425.SSE,青松建化,2025-08-22,2025-08,2板补涨阴,True,U坑,U坑内,,False,封D1正,1.05,3.8,3.8,-11.13,-11.75,0.7,9,-++,2,-1.15,0.46,37.0,False,,True,False,False
600435.SSE,北方导航,2025-06-30,2025-06,2板补涨阴,False,,无U,,False,封D1负,0.0,-3.78,-3.78,-0.84,-0.84,0.0,2,+++,2,-0.84,3.08,42.0,False,,True,False,False
600435.SSE,北方导航,2025-07-24,2025-07,2板补涨阴,False,,无U,,False,炸板,-3.44,-4.18,-4.18,3.43,-1.96,5.5,20,+++,2,-4.89,0.0,43.0,False,,False,False,False
600470.SSE,六国化工,2026-03-06,2026-03,2板补涨阴,False,,无U,,True,封D1正,4.54,3.35,3.35,-2.93,-3.19,0.26,7,+++,2,-3.91,0.25,55.0,False,,True,False,False
600470.SSE,六国化工,2026-07-01,2026-07,2板补涨阴,False,,U坑内,,False,封D1正,0.0,0.31,0.31,-10.77,-10.77,0.0,6,+++,2,-2.36,1.35,114.0,False,,True,False,False
600470.SSE,六国化工,2026-07-06,2026-07,2板补涨阴,False,,U坑内,,True,封D1正,-0.45,3.14,3.14,-6.46,-10.77,4.83,9,-++,2,-5.0,0.94,92.0,False,,True,False,False
600481.SSE,双良节能,2026-02-12,2026-02,2板补涨阴,False,,U坑内,,True,封D1负,-2.8,-9.99,-9.99,-12.33,-12.33,0.0,6,+++,2,-6.17,0.77,46.0,False,,True,False,False
600481.SSE,双良节能,2026-02-27,2026-02,2板补涨阴,False,,U坑内,,False,炸板,-11.91,-11.91,-11.91,-21.69,-21.69,0.0,11,-++,2,-3.01,0.33,52.0,False,,False,False,False
600488.SSE,津药药业,2026-06-08,2026-06,2板补涨阴,False,,U坑内,,True,封D1负,0.0,-4.57,-4.57,-28.79,-30.58,2.58,19,+--,2,-5.31,2.56,63.0,False,,True,False,False
600490.SSE,鹏欣资源,2025-01-16,2025-01,2板补涨阴,False,,U坑内,,True,封D1正,0.89,0.0,0.0,-19.47,-22.37,3.73,18,--+,2,-1.29,0.32,54.0,False,,True,False,False
600498.SSE,烽火通信,2026-01-14,2026-01,2板补涨阴,False,,无U,,True,炸板,-11.65,-11.65,-11.65,25.59,-0.03,25.62,7,+++,2,3.5,0.0,52.0,False,,False,False,False
600503.SSE,华丽家族,2025-09-16,2025-09,2板补涨阴,False,,U突破,,True,炸板,-6.52,-5.26,-5.26,1.11,-16.99,21.81,19,+++,2,-2.42,1.08,56.0,False,,False,False,False
600503.SSE,华丽家族,2026-06-01,2026-06,2板补涨阴,False,,U坑内,,False,封D1负,1.03,-2.4,-2.4,-7.34,-7.34,0.0,5,+++,2,-1.85,3.33,46.0,False,,True,False,False
600505.SSE,西昌电力,2025-05-20,2025-05,2板补涨阴,False,,U坑内,,True,封D1正,0.0,3.12,3.12,-20.43,-20.43,0.0,14,--+,2,-1.88,0.71,66.0,False,,True,False,False
600509.SSE,天富能源,2024-10-31,2024-10,2板补涨阴,False,,无U,,True,炸板,-5.79,-11.58,-11.58,-3.53,-3.53,0.0,3,+++,2,-5.38,3.59,118.0,False,,False,False,False
600513.SSE,联环药业,2025-07-10,2025-07,2板补涨阴,False,,U坑内,,False,连板,4.85,9.99,8.88,-5.35,-5.35,0.0,2,+++,2,-5.35,0.0,40.0,True,03,True,True,False
600513.SSE,联环药业,2026-07-30,2026-07,2板补涨阴,True,U坑,U坑内,,False,封D1正,-4.47,3.34,3.34,-10.56,-11.62,1.2,13,--+,2,-3.73,0.0,73.0,False,,True,False,False
600516.SSE,方大炭素,2025-11-11,2025-11,2板补涨阴,False,,无U,,True,封D1负,0.89,-5.06,-5.06,-2.24,-3.68,1.5,9,+++,2,-4.68,1.72,56.0,False,,True,False,False
600516.SSE,方大炭素,2025-11-25,2025-11,2板补涨阴,False,,U坑内,,True,封D1负,0.61,-1.54,-1.54,-5.28,-5.28,0.0,19,-++,2,-2.95,0.82,56.0,False,,True,False,False
600520.SSE,三佳科技,2026-06-15,2026-06,2板补涨阴,False,,U坑内,,False,封D1正,0.0,2.23,2.23,-26.97,-26.97,0.0,14,--+,2,-6.53,1.18,83.0,False,,True,False,False
600527.SSE,江南高纤,2024-11-26,2024-11,2板补涨阴,False,,U坑内,,True,封D1负,5.05,-2.75,-2.75,-7.04,-9.86,3.12,18,+-+,2,0.0,1.01,132.0,False,,True,False,False
600527.SSE,江南高纤,2024-11-28,2024-11,2板补涨阴,False,,U突破,,False,封D1负,0.86,-1.29,-1.29,-0.47,-9.86,10.42,20,+-+,2,-2.75,0.0,77.0,False,,True,False,False
600527.SSE,江南高纤,2026-04-13,2026-04,2板补涨阴,False,,U突破,,True,封D1负,1.07,-2.14,-2.14,0.39,-10.63,12.33,12,-++,2,-2.3,0.77,53.0,False,,True,False,False
600536.SSE,中国软件,2024-11-01,2024-11,2板补涨阴,False,,U突破,,True,炸板,-8.11,-8.15,-8.15,-1.3,-13.97,14.73,18,+++,2,-1.34,0.72,141.0,False,,False,False,False
600536.SSE,中国软件,2024-11-05,2024-11,2板补涨阴,False,,U突破,,True,封D1正,2.83,7.38,7.38,-0.28,-13.97,15.91,20,+++,2,-2.19,2.36,122.0,False,,True,False,False
600539.SSE,狮头股份,2026-03-27,2026-03,2板补涨阴,False,,无U,,True,连板,0.0,9.99,3.24,0.08,0.08,0.0,2,-++,2,0.08,2.94,36.0,True,01,True,True,False
600539.SSE,狮头股份,2026-04-14,2026-04,2板补涨阴,True,U坑,U坑内,,False,封D1正,2.82,0.06,0.06,-7.23,-10.43,3.57,10,-++,2,-1.96,1.83,52.0,False,,True,False,False
600539.SSE,狮头股份,2026-06-01,2026-06,2板补涨阴,False,,U坑内,,False,封D1负,-0.12,-4.87,-4.87,-10.89,-10.89,0.0,5,+-+,2,-6.61,0.19,46.0,False,,True,False,False
600539.SSE,狮头股份,2026-06-08,2026-06,2板补涨阴,False,,U坑内,,False,封D1正,5.0,2.08,2.08,-14.32,-14.32,0.0,10,---,2,-5.08,2.71,63.0,False,,True,False,False
600539.SSE,狮头股份,2026-06-12,2026-06,2板补涨阴,False,,U坑内,,True,封D1负,3.37,-0.24,-0.24,-9.12,-14.32,6.07,14,---,2,-0.13,3.09,55.0,False,,True,False,False
600545.SSE,卓郎智能,2024-02-21,2024-02,2板补涨阴,False,,无U,,True,封D1负,1.91,-0.48,-0.48,0.53,0.53,0.0,2,---,2,0.53,1.06,80.0,False,,True,False,False
600545.SSE,卓郎智能,2026-03-04,2026-03,2板补涨阴,False,,U坑内,,True,连板,9.91,9.91,13.41,-4.88,-10.06,5.76,8,+++,2,-6.87,0.3,67.0,True,05,True,True,False
600545.SSE,卓郎智能,2026-06-18,2026-06,2板补涨阴,False,,无U,,True,封D1正,-1.52,1.24,1.24,0.15,0.15,0.0,2,--+,2,0.15,3.95,67.0,False,,True,False,False
600545.SSE,卓郎智能,2026-06-30,2026-06,2板补涨阴,False,,无U,,True,炸板,-7.04,-12.01,-12.01,13.83,-3.8,18.33,9,++-,2,5.49,0.0,89.0,False,,False,False,False
600550.SSE,保变电气,2025-05-26,2025-05,2板补涨阴,False,,U坑内,,True,封D1正,1.7,3.29,3.29,-8.93,-8.93,0.0,4,+++,2,-4.46,3.68,34.0,False,,True,False,False
600550.SSE,保变电气,2025-11-12,2025-11,2板补涨阴,False,,无U,,True,炸板,-7.82,-0.08,-0.08,3.49,1.28,2.17,4,+++,2,-4.41,2.46,52.0,False,,False,False,False
600551.SSE,时代出版,2025-06-05,2025-06,2板补涨阴,False,,U坑内,,False,封D1负,-3.37,-6.08,-6.08,-14.33,-14.33,0.0,3,+++,2,-6.79,1.45,60.0,False,,True,False,False
600553.SSE,太行水泥,2008-05-19,2008-05,2板补涨阴,False,,U坑内,,False,连板,5.11,9.94,9.67,-5.46,-5.46,0.0,2,++-,2,-5.46,0.0,0.0,True,01,True,True,False
600553.SSE,太行水泥,2009-02-11,2009-02,2板补涨阴,False,,无U,,True,封D1正,7.32,1.2,1.2,5.89,-3.26,9.46,13,+++,2,-1.01,0.0,0.0,False,,True,False,False
600556.SSE,天下秀,2026-01-14,2026-01,2板补涨阴,False,,无U,,False,封D1负,-3.54,-9.97,-9.97,-1.4,-1.4,0.0,2,+++,2,-1.4,1.74,52.0,False,,True,False,False
600563.SSE,法拉电子,2026-05-22,2026-05,2板补涨阴,False,,无U,,False,封D1负,1.03,-1.02,-1.02,-2.46,-2.46,0.0,2,+++,2,-2.46,2.26,32.0,False,,True,False,False
600563.SSE,法拉电子,2026-06-15,2026-06,2板补涨阴,False,,U坑内,,True,封D1正,2.35,6.99,6.99,-11.92,-11.92,0.0,18,--+,2,-4.83,0.74,83.0,False,,True,False,False
600571.SSE,信雅达,2024-10-23,2024-10,2板补涨阴,True,U坑,U坑内,,False,封D1负,0.38,-4.77,-4.77,-6.09,-11.25,5.81,11,+++,2,-4.98,0.0,85.0,False,,True,False,False
600571.SSE,信雅达,2025-07-09,2025-07,2板补涨阴,False,,无U,,False,封D1负,-3.17,-0.41,-0.41,-2.94,-2.94,0.0,2,+++,2,-2.94,1.72,57.0,False,,True,False,False
600576.SSE,祥源文旅,2024-08-28,2024-08,2板补涨阴,False,,U坑内,,True,封D1负,-1.76,-1.32,-1.32,-14.67,-14.67,0.0,16,-++,2,-3.5,1.4,23.0,False,,True,False,False
600577.SSE,精达股份,2024-03-28,2024-03,2板补涨阴,False,,无U,,True,炸板,-3.0,-3.0,-3.0,-3.77,-3.77,0.0,3,+++,2,-8.66,2.82,39.0,False,,False,False,False
600579.SSE,中化装备,2025-02-10,2025-02,2板补涨阴,False,,U坑内,,True,封D1正,1.41,1.51,1.51,-17.47,-18.94,1.82,7,---,2,-0.71,2.48,63.0,False,,True,False,False
600584.SSE,长电科技,2024-10-18,2024-10,2板补涨阴,False,,U坑内,,True,炸板,0.74,-1.84,-1.84,-4.79,-5.94,1.23,8,+++,2,-0.48,0.73,41.0,False,,False,False,False
600584.SSE,长电科技,2026-06-03,2026-06,2板补涨阴,False,,U坑内,,False,炸板,-4.69,-3.39,-3.39,-14.56,-14.56,0.0,6,+++,2,-0.4,0.9,56.0,False,,False,False,False
600584.SSE,长电科技,2026-06-24,2026-06,2板补涨阴,False,,U突破,,False,连板,5.6,10.0,6.54,-2.38,-21.85,24.91,20,+-+,2,-5.74,0.0,87.0,True,02,True,True,False
600584.SSE,长电科技,2026-07-09,2026-07,2板补涨阴,False,,U坑内,,True,封D1负,5.18,-2.33,-2.33,-9.66,-12.76,3.55,10,-++,2,-6.81,1.76,41.0,False,,True,False,False
600589.SSE,大位科技,2025-03-28,2025-03,2板补涨阴,False,,U坑内,,True,连板,-4.42,9.99,3.0,-25.58,-25.58,0.0,13,-++,2,-7.95,0.87,41.0,True,05,True,True,False
600589.SSE,大位科技,2025-04-28,2025-04,2板补涨阴,False,,U坑内,,True,封D1正,1.43,5.71,5.71,-17.51,-24.38,9.09,19,+--,2,-0.78,1.4,59.0,False,,True,False,False
600592.SSE,龙溪股份,2025-03-04,2025-03,2板补涨阴,False,,U坑内,,False,连板,7.12,10.03,26.73,-10.55,-10.55,0.0,3,+++,2,-2.57,1.49,51.0,True,03,True,True,False
600594.SSE,益佰制药,2026-04-09,2026-04,2板补涨阴,False,,U坑内,,True,封D1负,-3.75,-4.94,-4.94,-4.17,-4.17,0.0,4,+++,2,-8.18,2.2,108.0,False,,True,False,False
600594.SSE,益佰制药,2026-04-15,2026-04,2板补涨阴,False,,U坑内,,False,封D1负,-1.26,-1.68,-1.68,-9.79,-9.79,0.0,8,+++,2,-2.04,1.36,49.0,False,,True,False,False
600601.SSE,方正科技,2025-01-16,2025-01,2板补涨阴,False,,U坑内,,False,封D1正,0.18,3.51,3.51,-6.11,-7.82,1.86,4,+++,2,-7.34,1.51,54.0,False,,True,False,False
600601.SSE,方正科技,2025-08-22,2025-08,2板补涨阴,False,,无U,,True,封D1正,4.06,1.9,1.9,-3.5,-3.5,0.0,4,+++,2,-5.41,2.11,37.0,False,,True,False,False
600601.SSE,方正科技,2025-09-05,2025-09,2板补涨阴,False,,无U,,True,封D1负,-1.97,-3.73,-3.73,17.9,-3.5,22.18,14,+++,2,-3.95,3.07,33.0,False,,True,False,False
600601.SSE,方正科技,2025-09-10,2025-09,2板补涨阴,False,,无U,,False,炸板,-0.42,9.02,26.65,15.21,-3.5,19.39,17,+++,2,-7.76,1.08,45.0,False,,False,True,False
600602.SSE,云赛智联,2024-02-27,2024-02,2板补涨阴,False,,U坑内,,False,炸板,-3.3,-8.73,-8.73,-4.07,-4.07,0.0,2,+--,2,-4.07,0.0,72.0,False,,False,False,False
600602.SSE,云赛智联,2024-10-23,2024-10,2板补涨阴,False,,U突破,,True,炸板,-7.21,-12.33,-12.33,7.5,-7.08,15.69,11,+++,2,-3.1,0.0,85.0,False,,False,False,False
600604.SSE,市北高新,2024-11-13,2024-11,2板补涨阴,False,,无U,,True,炸板,-2.31,-11.55,-11.55,-0.97,-0.97,0.0,12,+++,2,-2.29,0.0,65.0,False,,False,False,False
600609.SSE,金杯汽车,2024-11-11,2024-11,2板补涨阴,False,,U突破,,True,封D1负,8.09,-4.86,-4.86,26.08,-7.6,36.45,8,+++,2,2.96,2.82,95.0,False,,True,False,False
600609.SSE,金杯汽车,2024-11-14,2024-11,2板补涨阴,False,,U突破,,False,炸板,-11.56,-13.68,-13.68,33.16,-7.6,44.11,11,+++,2,0.92,1.83,50.0,False,,False,False,False
600609.SSE,金杯汽车,2024-11-19,2024-11,2板补涨阴,False,,U突破,,False,封D1正,0.0,0.0,0.0,16.58,-7.6,26.17,14,+++,2,-7.79,1.91,74.0,False,,True,False,False
600610.SSE,中毅达,2025-04-28,2025-04,2板补涨阴,False,,U坑内,,True,封D1正,0.81,7.86,7.86,-16.09,-16.09,0.0,9,-++,2,-6.04,3.02,59.0,False,,True,False,False
600610.SSE,中毅达,2025-06-16,2025-06,2板补涨阴,False,,U坑内,,True,封D1负,1.71,-2.26,-2.26,-17.24,-18.73,1.84,19,--+,2,-6.47,1.27,39.0,False,,True,False,False
600611.SSE,大众交通,2024-08-21,2024-08,2板补涨阴,False,,U坑内,,False,炸板,-5.23,-1.28,-1.28,-9.71,-13.73,4.66,16,--+,2,-2.02,2.77,17.0,False,,False,False,False
600617.SSE,国新能源,2025-10-17,2025-10,2板补涨阴,False,,无U,,False,连板,1.75,10.0,16.0,-1.62,-1.62,0.0,2,+++,2,-1.62,0.54,36.0,True,01,True,True,False
600619.SSE,海立股份,2025-03-10,2025-03,2板补涨阴,False,,U坑内,,False,封D1正,-2.96,3.25,3.25,-6.94,-6.94,0.0,4,+++,2,-3.74,0.38,45.0,False,,True,False,False
600629.SSE,华建集团,2026-07-30,2026-07,2板补涨阴,True,U坑,U坑内,,False,封D1正,0.43,4.95,4.95,-9.69,-15.89,7.37,13,+--,2,-5.66,1.27,73.0,False,,True,False,False
600630.SSE,龙头股份,2023-12-06,2023-12,2板补涨阴,False,,U坑内,,False,连板,2.52,9.98,1.49,-30.8,-31.68,1.28,20,--+,2,-3.76,0.61,32.0,True,05,True,True,False
600630.SSE,龙头股份,2024-01-26,2024-01,2板补涨阴,True,U坑,U坑内,,False,炸板,-4.34,2.59,2.59,-8.33,-15.99,9.12,7,-++,2,-0.79,2.5,90.0,False,,False,False,False
600635.SSE,大众公用,2025-10-20,2025-10,2板补涨阴,False,,U坑内,,True,封D1正,4.81,3.35,3.35,-12.24,-12.24,0.0,6,+++,2,-4.73,1.07,34.0,False,,True,False,False
600641.SSE,先导基电,2024-11-04,2024-11,2板补涨阴,False,,U突破,,False,炸板,-2.63,3.43,3.43,5.32,-9.79,16.75,19,-++,2,-2.24,2.57,74.0,False,,False,False,False
600644.SSE,乐山电力,2024-05-24,2024-05,2板补涨阴,False,,U坑内,,True,封D1负,0.86,-1.36,-1.36,-4.91,-9.95,5.6,9,+++,2,-3.29,0.66,16.0,False,,True,False,False
600644.SSE,乐山电力,2026-07-22,2026-07,2板补涨阴,False,,无U,,False,封D1负,-3.77,-1.6,-1.6,-2.72,-2.72,0.0,2,++-,2,-2.72,2.32,83.0,False,,True,False,False
600644.SSE,乐山电力,2026-07-29,2026-07,2板补涨阴,False,,U坑内,,False,炸板,-3.4,-9.0,-9.0,-8.27,-8.27,0.0,7,++-,2,-3.09,0.64,57.0,False,,False,False,False
600665.SSE,天地源,2026-07-10,2026-07,2板补涨阴,False,,U坑内,,False,炸板,-8.18,-11.52,-11.52,-26.29,-28.99,3.81,20,+--,2,-1.96,0.0,63.0,False,,False,False,False
600666.SSE,奥瑞德,2024-12-05,2024-12,2板补涨阴,False,,U坑内,,False,封D1正,1.05,3.5,3.5,-7.47,-11.74,4.84,19,--+,2,-4.06,3.32,69.0,False,,True,False,False
600666.SSE,奥瑞德,2026-03-27,2026-03,2板补涨阴,False,,无U,,True,封D1正,-4.61,2.63,2.63,4.73,4.73,0.0,2,+++,2,4.73,0.0,36.0,False,,True,False,False
600666.SSE,奥瑞德,2026-04-01,2026-04,2板补涨阴,False,,无U,,True,封D1负,0.0,-1.59,-1.59,7.95,4.73,3.07,5,+++,2,-8.65,1.6,44.0,False,,True,False,False
600666.SSE,奥瑞德,2026-04-16,2026-04,2板补涨阴,False,,无U,,True,封D1正,0.0,3.5,3.5,17.99,4.73,12.66,15,+++,2,-3.86,3.7,53.0,False,,True,False,False
600667.SSE,太极实业,2023-04-19,2023-04,2板补涨阴,False,,U坑内,,True,炸板,-9.33,-7.38,-7.38,-12.03,-12.03,0.0,9,,2,-1.96,0.42,15.0,False,,False,False,False
600667.SSE,太极实业,2023-04-27,2023-04,2板补涨阴,False,,U坑内,,True,炸板,-6.12,-6.12,-6.12,-19.92,-19.92,0.0,15,,2,-3.33,0.3,39.0,False,,False,False,False
600681.SSE,百川能源,2025-11-03,2025-11,2板补涨阴,False,,U坑内,,True,封D1正,1.29,3.88,3.88,-16.1,-16.1,0.0,9,-++,2,-4.52,0.0,47.0,False,,True,False,False
600681.SSE,百川能源,2025-11-11,2025-11,2板补涨阴,False,,U坑内,,True,连板,7.03,10.04,6.22,-9.94,-16.1,7.35,15,+++,2,-2.16,1.51,56.0,True,02,True,True,False
600683.SSE,京投发展,2023-08-16,2023-08,2板补涨阴,False,,U坑内,,False,封D1正,-1.8,4.02,4.02,-22.76,-22.76,0.0,8,-++,2,-1.36,0.15,21.0,False,,True,False,False
600683.SSE,京投发展,2023-08-25,2023-08,2板补涨阴,False,,U坑内,,True,封D1正,9.99,7.39,7.39,-17.33,-22.76,7.02,15,+-+,2,-2.37,0.97,28.0,False,,True,False,False
600683.SSE,京投发展,2023-08-29,2023-08,2板补涨阴,False,,U突破,,True,炸板,-6.15,-5.49,-5.49,-2.36,-22.76,26.41,17,+++,2,7.39,0.0,28.0,False,,False,False,False
600686.SSE,金龙汽车,2024-07-25,2024-07,2板补涨阴,False,,U坑内,,False,连板,7.95,9.98,22.45,-7.83,-7.83,0.0,2,+++,2,-7.83,2.21,20.0,True,05,True,True,False
600691.SSE,潞化科技,2026-03-17,2026-03,2板补涨阴,False,,无U,,False,封D1负,-2.54,-6.36,-6.36,-3.16,-3.16,0.0,2,+++,2,-3.16,1.58,39.0,False,,True,False,False
600691.SSE,潞化科技,2026-04-07,2026-04,2板补涨阴,False,,U坑内,,False,封D1负,-4.19,-1.2,-1.2,-31.38,-31.38,0.0,16,--+,2,-5.88,0.31,26.0,False,,True,False,False
600692.SSE,亚通股份,2025-01-14,2025-01,2板补涨阴,True,U坑,U坑内,,False,封D1负,0.77,-0.22,-0.22,-13.9,-16.29,2.85,11,---,2,-1.78,1.66,42.0,False,,True,False,False
600693.SSE,东百集团,2024-12-16,2024-12,2板补涨阴,False,,无U,,True,封D1负,-1.1,-10.07,-10.07,5.31,5.31,0.0,3,+++,2,-1.0,0.0,84.0,False,,True,False,False
600693.SSE,东百集团,2025-03-10,2025-03,2板补涨阴,False,,U突破,,True,炸板,-5.43,2.23,2.23,-3.69,-5.6,2.03,6,++-,2,-3.83,3.53,45.0,False,,False,False,False
600693.SSE,东百集团,2025-05-08,2025-05,2板补涨阴,False,,U坑内,,True,封D1负,-1.96,-6.29,-6.29,-5.25,-8.75,3.83,18,--+,2,-0.61,0.76,50.0,False,,True,False,False
600697.SSE,欧亚集团,2024-01-08,2024-01,2板补涨阴,True,U坑,U坑内,,False,炸板,-1.51,6.37,-4.24,-18.43,-23.96,7.27,14,+-+,2,-2.21,3.02,18.0,False,,False,True,False
600698.SSE,湖南天雁,2024-09-09,2024-09,2板补涨阴,False,,U突破,,False,封D1负,1.39,-5.77,-5.77,-3.43,-4.66,1.29,3,+++,2,1.29,3.08,26.0,False,,True,False,False
600698.SSE,湖南天雁,2024-09-23,2024-09,2板补涨阴,False,,U突破,,False,封D1正,3.06,2.41,2.41,1.72,-4.66,6.68,11,+++,2,-3.26,1.4,40.0,False,,True,False,False
600698.SSE,湖南天雁,2025-08-13,2025-08,2板补涨阴,False,,无U,,True,封D1正,0.0,0.78,0.78,-1.45,-2.52,1.1,5,+++,2,-3.88,3.43,42.0,False,,True,False,False
600703.SSE,三安光电,2026-06-22,2026-06,2板补涨阴,False,,无U,,True,封D1正,1.09,2.8,2.8,4.16,1.9,2.21,3,-+-,2,2.21,1.69,75.0,False,,True,False,False
600705.SSE,中航产融,2024-11-07,2024-11,2板补涨阴,False,,无U,,True,封D1正,6.56,0.2,0.2,-2.2,-2.2,0.0,4,+++,2,-5.73,1.06,104.0,False,,True,False,False
600706.SSE,曲江文旅,2025-06-26,2025-06,2板补涨阴,False,,U坑内,,False,封D1负,-1.71,-3.7,-3.7,-19.63,-21.81,2.79,11,--+,2,0.31,0.31,50.0,False,,True,False,False
600707.SSE,彩虹股份,2026-04-27,2026-04,2板补涨阴,False,,U坑内,,True,封D1负,0.34,-2.48,-2.48,-5.83,-5.83,0.0,5,+++,2,-5.39,1.17,50.0,False,,True,False,False
600707.SSE,彩虹股份,2026-05-07,2026-05,2板补涨阴,True,U坑,U坑内,,False,封D1负,-0.88,-1.77,-1.77,-4.08,-5.83,1.86,10,+++,2,1.61,2.84,88.0,False,,True,False,False
600711.SSE,盛屯矿业,2024-07-15,2024-07,2板补涨阴,False,,无U,,True,炸板,-2.9,-2.56,-2.56,3.69,3.69,0.0,2,+++,2,3.69,2.72,28.0,False,,False,False,False
600711.SSE,盛屯矿业,2025-10-15,2025-10,2板补涨阴,False,,U坑内,,False,炸板,-1.75,-6.2,-6.2,-8.19,-8.19,0.0,4,+++,2,-6.13,2.88,34.0,False,,False,False,False
600714.SSE,金瑞矿业,2024-02-28,2024-02,2板补涨阴,False,,无U,,True,炸板,-13.77,-6.63,-6.63,21.61,2.68,18.43,7,+--,2,-0.41,0.0,69.0,False,,False,False,False
600714.SSE,金瑞矿业,2025-03-11,2025-03,2板补涨阴,False,,U坑内,,False,炸板,-5.32,-6.53,-6.53,-7.07,-7.07,0.0,2,++-,2,-7.07,2.56,65.0,False,,False,False,False
600719.SSE,大连热电,2026-05-22,2026-05,2板补涨阴,False,,U坑内,,True,封D1正,3.16,3.72,3.72,-14.07,-14.07,0.0,11,-++,2,-3.36,3.36,32.0,False,,True,False,False
600722.SSE,金牛化工,2026-02-24,2026-02,2板补涨阴,False,,U坑内,,False,封D1正,3.59,2.05,2.05,-6.84,-6.84,0.0,5,+++,2,-4.94,0.11,29.0,False,,True,False,False
600722.SSE,金牛化工,2026-07-22,2026-07,2板补涨阴,False,,无U,,False,连板,0.0,9.99,15.34,-3.94,-3.94,0.0,2,+--,2,-3.94,0.0,83.0,True,01,True,True,False
600722.SSE,金牛化工,2026-08-18,2026-08,2板补涨阴,False,,U突破,,True,封D1负,-3.23,-1.38,-1.38,8.62,-15.05,27.86,18,+++,2,4.96,0.09,93.0,False,,True,False,False
600723.SSE,首商股份,2020-06-30,2020-06,2板补涨阴,True,U坑,U坑内,,False,封D1正,0.48,2.39,2.39,-8.85,-9.33,0.53,9,-++,2,-1.3,0.0,0.0,False,,True,False,False
600723.SSE,首商股份,2021-02-18,2021-02,2板补涨阴,False,,U坑内,,False,封D1负,-1.11,-0.44,-0.44,-19.09,-19.09,0.0,7,-+-,2,-7.05,0.11,0.0,False,,True,False,False
600724.SSE,宁波富达,2024-10-30,2024-10,2板补涨阴,False,,U坑内,,False,炸板,-5.16,3.13,3.13,-6.26,-6.26,0.0,2,+++,2,-6.26,0.19,93.0,False,,False,False,False
600748.SSE,上实发展,2025-10-20,2025-10,2板补涨阴,False,,无U,,True,炸板,-6.4,6.69,12.35,8.13,8.13,0.0,2,+++,2,8.13,0.0,34.0,False,,False,True,False
600748.SSE,上实发展,2025-10-29,2025-10,2板补涨阴,False,,无U,,True,封D1正,4.94,3.05,3.05,8.13,8.13,0.0,9,+++,2,-2.34,1.88,48.0,False,,True,False,False
600748.SSE,上实发展,2026-05-29,2026-05,2板补涨阴,False,,U坑内,,False,炸板,-9.33,-9.52,-9.52,-24.05,-24.05,0.0,14,---,2,-1.51,0.43,88.0,False,,False,False,False
600760.SSE,中航沈飞,2024-11-08,2024-11,2板补涨阴,False,,U坑内,,False,封D1负,-0.18,-1.95,-1.95,-5.9,-5.9,0.0,2,+++,2,-5.9,0.0,157.0,False,,True,False,False
600769.SSE,祥龙电业,2024-11-13,2024-11,2板补涨阴,False,,U突破,,False,封D1正,-0.38,6.57,6.57,3.21,-6.34,10.19,12,+++,2,-6.38,2.13,65.0,False,,True,False,False
600769.SSE,祥龙电业,2026-03-27,2026-03,2板补涨阴,True,U坑,U坑内,,False,封D1正,-1.03,2.94,2.94,-17.71,-20.44,3.43,12,--+,2,-1.59,0.24,36.0,False,,True,False,False
600769.SSE,祥龙电业,2026-06-25,2026-06,2板补涨阴,False,,U坑内,,True,炸板,-3.12,-5.84,-5.84,-4.74,-4.74,0.0,3,++-,2,-8.6,3.1,87.0,False,,False,False,False
600770.SSE,综艺股份,2024-10-11,2024-10,2板补涨阴,False,,无U,,True,封D1负,-0.27,-4.01,-4.01,-2.86,-2.86,0.0,3,+++,2,-6.08,2.49,51.0,False,,True,False,False
600770.SSE,综艺股份,2026-04-28,2026-04,2板补涨阴,False,,无U,,False,封D1正,-4.44,3.0,3.0,-0.14,-0.14,0.0,2,+++,2,-0.14,2.01,54.0,False,,True,False,False
600770.SSE,综艺股份,2026-05-06,2026-05,2板补涨阴,False,,无U,,True,封D1负,-1.79,-2.51,-2.51,9.33,-0.14,9.48,5,+++,2,-3.42,2.28,69.0,False,,True,False,False
600770.SSE,综艺股份,2026-05-11,2026-05,2板补涨阴,False,,无U,,False,炸板,-4.18,-6.38,-6.38,12.48,-0.14,12.64,8,+++,2,-4.04,2.08,89.0,False,,False,False,False
600774.SSE,汉商集团,2024-05-29,2024-05,2板补涨阴,False,,U坑内,,True,封D1正,0.0,1.56,1.56,-15.74,-16.08,0.4,14,+++,2,-4.04,0.38,18.0,False,,True,False,False
600774.SSE,汉商集团,2024-06-04,2024-06,2板补涨阴,False,,U坑内,,True,封D1正,2.16,4.1,4.1,-11.42,-16.08,5.55,18,+++,2,-3.97,0.0,10.0,False,,True,False,False
600775.SSE,南京熊猫,2024-11-29,2024-11,2板补涨阴,False,,U坑内,,False,封D1正,2.04,4.93,4.93,-12.16,-12.16,0.0,4,+++,2,-4.21,1.88,75.0,False,,True,False,False
600775.SSE,南京熊猫,2024-12-18,2024-12,2板补涨阴,False,,U坑内,,True,封D1正,1.9,0.0,0.0,-9.7,-12.16,2.81,17,+++,2,-6.23,0.0,25.0,False,,True,False,False
600778.SSE,友好集团,2024-08-15,2024-08,2板补涨阴,True,U坑,U坑内,,False,封D1正,3.14,7.17,7.17,-13.09,-13.3,0.25,7,-++,2,-1.22,0.49,25.0,False,,True,False,False
600778.SSE,友好集团,2024-08-28,2024-08,2板补涨阴,False,,U突破,,True,封D1负,-0.99,-4.55,-4.55,-1.5,-13.3,13.61,16,+++,2,-5.17,0.0,23.0,False,,True,False,False
600778.SSE,友好集团,2024-09-30,2024-09,2板补涨阴,False,,无U,,True,封D1正,8.38,1.84,1.84,0.56,0.56,0.0,2,+--,2,0.56,0.0,107.0,False,,True,False,False
600783.SSE,鲁信创投,2026-07-03,2026-07,2板补涨阴,False,,无U,,False,炸板,-6.17,-14.64,-14.64,-2.56,-2.56,0.0,2,---,2,-2.56,2.78,83.0,False,,False,False,False
600786.SSE,东方锅炉,2006-05-15,2006-05,2板补涨阴,False,,U坑内,,False,封D1正,0.66,2.24,2.24,-10.53,-10.53,0.0,4,+++,2,-7.47,1.07,3.0,False,,True,False,False
600787.SSE,中储股份,2024-11-26,2024-11,2板补涨阴,False,,U坑内,,True,封D1正,-1.84,3.4,3.4,-6.83,-6.83,0.0,6,+++,2,-7.9,2.3,132.0,False,,True,False,False
600789.SSE,鲁抗医药,2024-05-08,2024-05,2板补涨阴,False,,无U,,True,封D1正,-1.04,5.32,5.32,0.13,0.13,0.0,2,+++,2,0.13,0.0,41.0,False,,True,False,False
600797.SSE,浙大网新,2024-10-30,2024-10,2板补涨阴,True,U坑,U坑内,,False,封D1负,2.38,-0.14,-0.14,-8.99,-9.83,0.93,9,-++,2,-1.22,1.22,93.0,False,,True,False,False
600797.SSE,浙大网新,2024-11-11,2024-11,2板补涨阴,False,,U突破,,False,连板,9.97,9.97,5.45,-3.93,-9.83,6.54,17,-++,2,-0.15,1.31,95.0,True,02,True,True,False
600800.SSE,渤海化学,2025-04-24,2025-04,2板补涨阴,False,,U坑内,,False,封D1正,1.52,0.61,0.61,-8.81,-8.81,0.0,5,+--,2,-2.6,2.27,52.0,False,,True,False,False
600800.SSE,渤海化学,2025-05-06,2025-05,2板补涨阴,False,,U坑内,,True,封D1正,1.76,6.47,6.47,-6.08,-8.81,3.0,10,++-,2,-0.32,1.29,56.0,False,,True,False,False
600802.SSE,福建水泥,2024-11-05,2024-11,2板补涨阴,False,,U坑内,,False,封D1负,3.75,-1.32,-1.32,-8.85,-8.85,0.0,2,+++,2,-8.85,0.0,122.0,False,,True,False,False
600802.SSE,福建水泥,2025-11-25,2025-11,2板补涨阴,False,,U坑内,,True,封D1负,0.0,-4.06,-4.06,-8.45,-9.3,0.93,20,-++,2,0.93,0.16,56.0,False,,True,False,False
600807.SSE,济高发展,2025-01-16,2025-01,2板补涨阴,False,,U坑内,,False,封D1负,0.34,-4.07,-4.07,-10.96,-12.62,1.9,5,---,2,-3.25,1.08,54.0,False,,True,False,False
600807.SSE,济高发展,2025-01-27,2025-01,2板补涨阴,False,,U坑内,,False,连板,1.77,9.93,7.09,-14.95,-14.95,0.0,12,---,2,-1.54,0.38,53.0,True,02,True,True,False
600807.SSE,济高发展,2025-02-07,2025-02,2板补涨阴,False,,无U,,False,炸板,-9.04,-4.52,-4.52,-2.58,-2.58,0.0,2,++-,2,-2.58,0.0,71.0,False,,False,False,False
600815.SSE,厦工股份,2025-11-13,2025-11,2板补涨阴,False,,无U,,False,封D1正,-0.98,1.96,1.96,0.0,-1.62,1.64,6,+++,2,-3.13,3.66,48.0,False,,True,False,False
600815.SSE,厦工股份,2025-11-28,2025-11,2板补涨阴,False,,U坑内,,False,封D1正,3.64,3.38,3.38,-5.66,-5.66,0.0,17,-++,2,-3.31,1.66,41.0,False,,True,False,False
600816.SSE,建元信托,2024-10-31,2024-10,2板补涨阴,False,,U坑内,,False,炸板,-3.48,-7.54,-7.54,-12.78,-15.83,3.63,17,+-+,2,-0.63,0.63,118.0,False,,False,False,False
600816.SSE,建元信托,2024-11-04,2024-11,2板补涨阴,False,,U坑内,,False,封D1正,0.0,0.85,0.85,-11.39,-15.83,5.28,19,+-+,2,-3.92,0.9,74.0,False,,True,False,False
600819.SSE,耀皮玻璃,2025-10-29,2025-10,2板补涨阴,False,,U坑内,,False,炸板,-3.41,-2.47,-2.47,-14.49,-14.49,0.0,10,-++,2,-2.28,1.14,48.0,False,,False,False,False
600819.SSE,耀皮玻璃,2025-11-12,2025-11,2板补涨阴,False,,U突破,,False,炸板,-5.45,-4.86,-4.86,1.44,-14.49,18.63,20,+++,2,-2.03,0.43,52.0,False,,False,False,False
600821.SSE,金开新能,2026-03-18,2026-03,2板补涨阴,False,,无U,,False,炸板,-5.81,4.12,4.12,2.54,2.11,0.41,7,+++,2,-8.92,1.13,33.0,False,,False,False,False
600822.SSE,上海物贸,2024-12-11,2024-12,2板补涨阴,False,,U坑内,,False,封D1正,2.35,5.11,5.11,-19.87,-20.01,0.18,17,--+,2,0.18,1.48,82.0,False,,True,False,False
600825.SSE,新华传媒,2024-12-06,2024-12,2板补涨阴,False,,无U,,False,炸板,-4.56,-7.52,-7.52,-2.64,-3.17,0.55,3,++-,2,0.55,2.32,103.0,False,,False,False,False
600825.SSE,新华传媒,2024-12-10,2024-12,2板补涨阴,False,,无U,,True,封D1正,0.0,5.58,5.58,-0.92,-3.17,2.32,5,++-,2,-2.85,0.65,83.0,False,,True,False,False
600828.SSE,茂业商业,2024-12-16,2024-12,2板补涨阴,False,,无U,,True,封D1负,-7.07,-10.02,-10.02,1.31,1.31,0.0,2,+++,2,1.31,0.0,84.0,False,,True,False,False
600828.SSE,茂业商业,2025-12-29,2025-12,2板补涨阴,False,,U坑内,,False,封D1负,-2.38,-0.95,-0.95,-19.64,-19.64,0.0,13,--+,2,-2.39,1.02,69.0,False,,True,False,False
600829.SSE,人民同泰,2026-07-27,2026-07,2板补涨阴,False,,U坑内,,True,封D1负,0.85,-1.28,-1.28,-13.85,-13.85,0.0,8,-++,2,-5.75,0.77,36.0,False,,True,False,False
600829.SSE,人民同泰,2026-08-06,2026-08,2板补涨阴,False,,U坑内,,True,封D1负,-0.48,-0.29,-0.29,-4.85,-13.85,10.45,16,+++,2,-2.28,0.42,93.0,False,,True,False,False
600835.SSE,上海机电,2025-03-04,2025-03,2板补涨阴,True,U坑,U坑内,,False,封D1正,-0.12,5.84,5.84,-5.76,-6.01,0.27,7,+++,2,-4.02,0.04,51.0,False,,True,False,False
600838.SSE,上海九百,2025-12-23,2025-12,2板补涨阴,False,,无U,,True,炸板,-10.04,-9.88,-9.88,3.7,3.7,0.0,2,+++,2,3.7,2.89,72.0,False,,False,False,False
600838.SSE,上海九百,2026-01-06,2026-01,2板补涨阴,False,,无U,,True,封D1正,1.95,7.05,7.05,-3.52,-3.52,0.0,10,-++,2,-1.11,3.88,74.0,False,,True,False,False
600839.SSE,四川长虹,2024-10-14,2024-10,2板补涨阴,False,,U坑内,,False,炸板,-2.09,-2.25,-2.25,-12.92,-12.92,0.0,4,+++,2,-3.58,0.85,28.0,False,,False,False,False
600839.SSE,四川长虹,2024-10-16,2024-10,2板补涨阴,True,U坑,U坑内,,False,连板,3.13,10.0,64.03,-6.31,-12.92,7.6,6,+++,2,-1.46,3.4,33.0,True,05,True,True,False
600841.SSE,动力新科,2024-07-18,2024-07,2板补涨阴,False,,无U,,True,连板,0.0,10.0,8.29,-3.87,-3.87,0.0,4,++-,2,-4.6,0.26,19.0,True,05,True,True,False
600842.SSE,中西药业,2007-02-06,2007-02,2板补涨阴,False,,无U,,True,连板,6.52,9.96,20.65,3.72,3.72,0.0,2,+++,2,3.72,0.0,0.0,True,05,True,True,False
600843.SSE,上工申贝,2024-03-18,2024-03,2板补涨阴,False,,U坑内,,True,封D1正,8.93,2.14,2.14,-6.95,-6.95,0.0,4,+++,2,-1.93,1.35,56.0,False,,True,False,False
600843.SSE,上工申贝,2024-03-28,2024-03,2板补涨阴,False,,U突破,,False,封D1负,1.92,-0.32,-0.32,3.66,-6.95,11.39,12,+++,2,-7.5,0.98,39.0,False,,True,False,False
600843.SSE,上工申贝,2024-08-09,2024-08,2板补涨阴,False,,U坑内,,False,封D1负,0.62,-4.94,-4.94,-11.54,-11.54,0.0,6,+++,2,-6.72,0.76,30.0,False,,True,False,False
600847.SSE,万里股份,2024-09-19,2024-09,2板补涨阴,False,,U坑内,,True,封D1负,1.52,-3.17,-3.17,-15.37,-15.37,0.0,6,+++,2,-5.79,0.79,21.0,False,,True,False,False
600855.SSE,航天长峰,2024-05-14,2024-05,2板补涨阴,False,,U突破,,True,炸板,-4.4,-4.5,-4.5,-1.73,-7.34,6.06,12,++-,2,-3.6,0.0,24.0,False,,False,False,False
600857.SSE,宁波中百,2026-05-29,2026-05,2板补涨阴,True,U坑,U坑内,,False,封D1正,-3.68,1.35,1.35,-9.15,-11.21,2.32,11,+++,2,-6.19,3.59,88.0,False,,True,False,False
600868.SSE,梅雁吉祥,2025-12-05,2025-12,2板补涨阴,False,,U坑内,,False,封D1正,3.67,1.05,1.05,-12.18,-12.18,0.0,4,+++,2,-5.72,0.82,30.0,False,,True,False,False
600868.SSE,梅雁吉祥,2025-12-12,2025-12,2板补涨阴,False,,U坑内,,True,封D1负,-1.52,-2.03,-2.03,-9.14,-12.18,3.47,9,+++,2,-5.29,1.06,27.0,False,,True,False,False
600869.SSE,远东股份,2026-06-02,2026-06,2板补涨阴,False,,U突破,,False,封D1正,2.45,6.41,6.41,0.35,-9.61,11.01,15,+++,2,-4.65,2.03,109.0,False,,True,False,False
600871.SSE,石化油服,2026-02-24,2026-02,2板补涨阴,False,,U坑内,,True,封D1正,0.0,3.73,3.73,-9.29,-10.84,1.74,12,+++,2,-3.3,1.65,29.0,False,,True,False,False
600877.SSE,电科芯片,2024-10-14,2024-10,2板补涨阴,False,,U坑内,,False,炸板,-0.57,0.86,0.86,-12.36,-12.36,0.0,4,+++,2,-5.93,0.0,28.0,False,,False,False,False
600877.SSE,电科芯片,2024-11-04,2024-11,2板补涨阴,False,,U突破,,False,炸板,-4.97,-2.29,-2.29,-1.45,-12.36,12.45,19,-++,2,-5.5,0.07,74.0,False,,False,False,False
600877.SSE,电科芯片,2026-01-21,2026-01,2板补涨阴,False,,U坑内,,True,炸板,-1.58,2.2,2.2,-15.53,-15.53,0.0,6,+++,2,-5.56,0.99,50.0,False,,False,False,False
600879.SSE,航天电子,2026-01-06,2026-01,2板补涨阴,False,,U突破,,True,封D1负,-1.8,-0.92,-0.92,25.0,-7.76,35.51,13,+++,2,2.02,1.64,74.0,False,,True,False,False
600880.SSE,博瑞传播,2024-12-18,2024-12,2板补涨阴,False,,无U,,True,封D1负,-1.8,-9.97,-9.97,1.23,1.23,0.0,2,+++,2,1.23,0.0,25.0,False,,True,False,False
600881.SSE,亚泰集团,2024-12-11,2024-12,2板补涨阴,False,,U坑内,,False,连板,10.13,10.13,10.97,-6.52,-6.52,0.0,3,++-,2,-3.59,0.0,82.0,True,01,True,True,False
600881.SSE,亚泰集团,2024-12-16,2024-12,2板补涨阴,False,,无U,,True,封D1负,-0.35,-10.03,-10.03,0.77,0.77,0.0,2,+++,2,0.77,3.07,84.0,False,,True,False,False
600881.SSE,亚泰集团,2025-01-02,2025-01,2板补涨阴,False,,U坑内,,False,封D1负,-2.01,-5.03,-5.03,-30.65,-30.65,0.0,14,--+,2,-2.69,3.23,39.0,False,,True,False,False
600884.SSE,杉杉股份,2026-02-25,2026-02,2板补涨阴,False,,U坑内,,False,封D1负,0.0,-0.86,-0.86,-13.03,-13.03,0.0,6,+++,2,-0.58,0.65,82.0,False,,True,False,False
600892.SSE,大晟文化,2023-06-20,2023-06,2板补涨阴,False,,无U,,True,封D1负,-1.63,-8.17,-8.17,-3.92,-3.92,0.0,10,-++,2,-0.49,1.3,34.0,False,,True,False,False
600892.SSE,大晟文化,2023-06-26,2023-06,2板补涨阴,False,,无U,,False,封D1正,-0.74,3.97,3.97,-2.98,-3.92,0.98,12,+++,2,-8.17,0.0,32.0,False,,True,False,False
600892.SSE,大晟文化,2024-01-23,2024-01,2板补涨阴,False,,U坑内,,False,炸板,-6.35,-7.62,-7.62,-31.93,-31.93,0.0,14,---,2,-6.88,0.19,15.0,False,,False,False,False
600892.SSE,大晟文化,2025-02-26,2025-02,2板补涨阴,False,,U坑内,,True,封D1负,-0.77,-2.57,-2.57,-9.46,-9.46,0.0,6,++-,2,-1.39,3.34,46.0,False,,True,False,False
600895.SSE,张江高科,2024-11-05,2024-11,2板补涨阴,False,,无U,,False,封D1正,2.53,1.28,1.28,-3.33,-3.33,0.0,2,+++,2,-3.33,2.38,122.0,False,,True,False,False
600895.SSE,张江高科,2024-11-11,2024-11,2板补涨阴,False,,无U,,True,炸板,-5.81,-3.98,-3.98,4.15,-3.33,7.74,6,+++,2,0.03,1.7,95.0,False,,False,False,False
600903.SSE,贵州燃气,2026-06-09,2026-06,2板补涨阴,False,,U坑内,,True,封D1正,-0.77,1.86,1.86,-14.24,-14.24,0.0,15,-++,2,-4.04,2.54,45.0,False,,True,False,False
600936.SSE,北投科技,2026-05-19,2026-05,2板补涨阴,False,,无U,,True,封D1负,-0.86,-9.93,-9.93,2.71,-1.35,4.12,7,+++,2,-2.93,3.29,72.0,False,,True,False,False
600955.SSE,维远股份,2026-04-07,2026-04,2板补涨阴,False,,U坑内,,False,封D1正,-1.49,1.88,1.88,-12.31,-12.31,0.0,5,+--,2,-3.86,0.29,26.0,False,,True,False,False
600962.SSE,国投中鲁,2026-07-10,2026-07,2板补涨阴,False,,U坑内,,True,炸板,-7.21,-2.5,-2.5,-18.66,-18.97,0.38,10,-++,2,0.38,0.0,63.0,False,,False,False,False
600962.SSE,国投中鲁,2026-07-23,2026-07,2板补涨阴,False,,U坑内,,True,封D1负,9.95,-3.08,-3.08,-30.69,-30.69,0.0,19,--+,2,-3.41,2.35,41.0,False,,True,False,False
600966.SSE,博汇纸业,2024-11-20,2024-11,2板补涨阴,True,U坑,U坑内,,False,封D1负,0.17,-2.52,-2.52,-8.61,-8.61,0.0,7,+++,2,-0.18,0.18,79.0,False,,True,False,False
600973.SSE,宝胜股份,2025-01-22,2025-01,2板补涨阴,False,,U坑内,,True,炸板,-4.76,-6.67,-6.67,-24.17,-31.64,10.93,17,+-+,2,-2.65,0.82,38.0,False,,False,False,False
600973.SSE,宝胜股份,2025-12-19,2025-12,2板补涨阴,False,,无U,,True,炸板,-1.28,-5.26,-5.26,-1.39,-1.54,0.16,9,+++,2,-1.24,3.55,52.0,False,,False,False,False
600973.SSE,宝胜股份,2026-01-07,2026-01,2板补涨阴,False,,无U,,True,炸板,-3.09,-1.61,-1.61,13.43,-1.54,15.2,20,+++,2,-3.54,0.66,96.0,False,,False,False,False
600977.SSE,中国电影,2025-09-12,2025-09,2板补涨阴,False,,无U,,True,连板,3.74,10.03,10.91,5.93,5.93,0.0,4,+++,2,-1.19,0.45,74.0,True,01,True,True,False
600980.SSE,北矿科技,2025-08-27,2025-08,2板补涨阴,False,,U坑内,,False,封D1正,2.07,4.45,4.45,-8.92,-9.99,1.19,5,+++,2,-3.11,0.0,59.0,False,,True,False,False
600981.SSE,苏豪汇鸿,2023-12-12,2023-12,2板补涨阴,False,,U坑内,,False,封D1正,3.31,2.75,2.75,-11.29,-11.29,0.0,3,+++,2,-7.04,2.54,33.0,False,,True,False,False
600982.SSE,宁波能源,2026-04-13,2026-04,2板补涨阴,True,U坑,U坑内,,False,封D1正,3.45,0.0,0.0,-23.77,-24.78,1.35,12,-++,2,-1.31,0.56,53.0,False,,True,False,False
600984.SSE,建设机械,2024-04-10,2024-04,2板补涨阴,False,,U坑内,,False,连板,2.52,10.06,20.13,-15.0,-15.0,0.0,9,-++,2,-0.34,2.07,48.0,True,03,True,True,False
600986.SSE,浙文互联,2026-01-14,2026-01,2板补涨阴,False,,无U,,True,封D1负,-3.15,-10.01,-10.01,4.84,4.84,0.0,2,++-,2,4.84,0.0,52.0,False,,True,False,False
600986.SSE,浙文互联,2026-01-29,2026-01,2板补涨阴,False,,U坑内,,False,封D1负,-1.81,-4.86,-4.86,-5.51,-5.51,0.0,3,+++,2,-4.42,1.53,72.0,False,,True,False,False
600992.SSE,贵绳股份,2024-06-07,2024-06,2板补涨阴,False,,U坑内,,True,封D1正,4.39,6.66,6.66,-8.2,-8.2,0.0,5,+++,2,-4.48,1.89,16.0,False,,True,False,False
600992.SSE,贵绳股份,2024-06-14,2024-06,2板补涨阴,False,,U突破,,True,封D1正,1.95,1.06,1.06,3.5,-8.2,12.75,9,+++,2,-2.84,1.01,28.0,False,,True,False,False
600999.SSE,招商证券,2024-10-18,2024-10,2板补涨阴,False,,U坑内,,True,炸板,-5.83,-3.73,-3.73,-11.04,-11.04,0.0,8,-++,2,-1.25,1.77,41.0,False,,False,False,False
601002.SSE,晋亿实业,2024-11-04,2024-11,2板补涨阴,False,,无U,,False,封D1负,4.62,-0.42,-0.42,-1.59,-1.59,0.0,2,+++,2,-1.59,3.18,74.0,False,,True,False,False
601005.SSE,重庆钢铁,2024-11-07,2024-11,2板补涨阴,False,,U突破,,False,炸板,-3.76,-5.91,-5.91,-2.87,-7.47,4.97,5,+++,2,-0.59,2.35,104.0,False,,False,False,False
601011.SSE,宝泰隆,2024-12-16,2024-12,2板补涨阴,False,,U坑内,,True,炸板,-6.1,-9.15,-9.15,-11.31,-11.31,0.0,7,-++,2,-4.18,0.32,84.0,False,,False,False,False
601015.SSE,陕西黑猫,2026-03-03,2026-03,2板补涨阴,False,,U突破,,True,封D1负,2.64,-5.1,-5.1,1.77,-12.4,16.18,12,+++,2,4.02,1.81,77.0,False,,True,False,False
601016.SSE,节能风电,2026-03-17,2026-03,2板补涨阴,False,,U坑内,,False,封D1负,-1.98,-3.3,-3.3,-6.55,-6.55,0.0,3,+++,2,-6.33,0.45,39.0,False,,True,False,False
601016.SSE,节能风电,2026-04-23,2026-04,2板补涨阴,False,,U坑内,,False,封D1正,1.12,0.0,0.0,-24.63,-29.44,6.82,20,+--,2,-2.4,0.96,49.0,False,,True,False,False
601069.SSE,西部黄金,2025-04-03,2025-04,2板补涨阴,False,,U坑内,,False,封D1负,-9.97,-9.97,-9.97,-7.96,-7.96,0.0,3,+++,2,-6.17,0.24,37.0,False,,True,False,False
601069.SSE,西部黄金,2025-04-21,2025-04,2板补涨阴,False,,U突破,,True,封D1正,1.98,5.63,5.63,3.5,-10.21,15.28,14,+++,2,-2.9,2.28,50.0,False,,True,False,False
601083.SSE,锦江航运,2025-05-13,2025-05,2板补涨阴,False,,U突破,,False,炸板,-5.15,6.21,6.46,0.91,-6.08,7.44,20,+++,2,0.09,0.36,38.0,False,,False,True,False
601086.SSE,国芳集团,2024-12-19,2024-12,2板补涨阴,False,,U坑内,,False,封D1负,1.35,-1.02,-1.02,-9.14,-9.14,0.0,13,+++,2,-2.01,1.46,84.0,False,,True,False,False
601089.SSE,福元医药,2025-08-08,2025-08,2板补涨阴,False,,U坑内,,False,封D1正,1.99,5.07,5.07,-7.78,-7.78,0.0,4,+++,2,-4.03,0.96,47.0,False,,True,False,False
601096.SSE,宏盛华源,2024-01-10,2024-01,2板补涨阴,False,,U坑内,,False,连板,-0.97,10.06,9.58,-9.24,-9.24,0.0,3,,2,-7.44,0.99,40.0,True,01,True,True,False
601096.SSE,宏盛华源,2024-01-23,2024-01,2板补涨阴,True,U坑,U坑内,,False,炸板,-4.97,1.46,1.46,-8.26,-10.03,1.97,8,,2,-3.42,3.88,15.0,False,,False,False,False
601099.SSE,太平洋,2023-08-10,2023-08,2板补涨阴,False,,无U,,True,封D1负,-4.67,-3.04,-3.04,12.0,7.5,4.19,8,+++,2,0.45,0.45,15.0,False,,True,False,False
601099.SSE,太平洋,2024-10-18,2024-10,2板补涨阴,False,,U坑内,,False,炸板,-6.03,-6.03,-6.03,-20.2,-20.2,0.0,8,-++,2,-1.93,1.45,41.0,False,,False,False,False
601106.SSE,中国一重,2025-12-10,2025-12,2板补涨阴,False,,U坑内,,False,炸板,-7.61,-10.15,-10.15,-4.79,-4.79,0.0,2,++-,2,-4.79,0.53,46.0,False,,False,False,False
601106.SSE,中国一重,2025-12-19,2025-12,2板补涨阴,False,,U坑内,,False,连板,4.44,9.92,6.27,-7.45,-7.45,0.0,9,+++,2,-4.92,0.55,52.0,True,05,True,True,False
601126.SSE,四方股份,2025-10-29,2025-10,2板补涨阴,False,,U突破,,True,封D1负,2.04,-1.36,-1.36,-2.16,-6.39,4.53,9,+++,2,-3.91,1.33,48.0,False,,True,False,False
601126.SSE,四方股份,2025-11-04,2025-11,2板补涨阴,False,,U突破,,False,炸板,-9.92,1.43,1.43,2.12,-6.39,9.09,13,+++,2,-0.82,1.7,56.0,False,,False,False,False
601127.SSE,赛力斯,2024-02-29,2024-02,2板补涨阴,False,,无U,,True,封D1正,1.16,0.4,0.4,23.11,3.79,18.62,10,+++,2,-4.96,3.1,23.0,False,,True,False,False
601133.SSE,柏诚股份,2026-05-20,2026-05,2板补涨阴,False,,无U,,False,封D1负,2.01,-0.51,-0.51,-2.35,-2.35,0.0,2,+++,2,-2.35,0.0,75.0,False,,True,False,False
601133.SSE,柏诚股份,2026-06-15,2026-06,2板补涨阴,False,,U坑内,,True,封D1负,1.23,-1.05,-1.05,-5.0,-18.19,16.13,20,+-+,2,-4.66,0.29,83.0,False,,True,False,False
601133.SSE,柏诚股份,2026-07-09,2026-07,2板补涨阴,False,,U坑内,,True,炸板,-5.95,-4.58,-4.58,-18.4,-18.4,0.0,8,-++,2,-1.43,1.32,41.0,False,,False,False,False
601162.SSE,天风证券,2024-09-13,2024-09,2板补涨阴,False,,U坑内,,True,封D1负,-1.68,-3.37,-3.37,-6.57,-6.57,0.0,4,++-,2,-6.57,2.08,26.0,False,,True,False,False
601179.SSE,中国西电,2026-06-22,2026-06,2板补涨阴,False,,U坑内,,False,封D1负,-1.73,-3.57,-3.57,-6.38,-6.38,0.0,3,+--,2,-3.36,0.06,75.0,False,,True,False,False
601299.SSE,中国北车,2015-02-12,2015-02,2板补涨阴,False,,U坑内,,True,炸板,-2.96,-2.05,-2.05,-9.19,-13.14,4.55,19,--+,2,-0.75,0.17,0.0,False,,False,False,False
601299.SSE,中国北车,2015-04-13,2015-04,2板补涨阴,False,,无U,,True,连板,7.62,10.02,43.22,7.14,7.14,0.0,3,+++,2,-2.01,0.0,0.0,True,03,True,True,False
601588.SSE,北辰实业,2024-11-18,2024-11,2板补涨阴,False,,U坑内,,True,炸板,-3.77,-4.72,-4.72,-13.84,-13.84,0.0,11,-++,2,-3.98,1.0,53.0,False,,False,False,False
601595.SSE,XD上海电,2024-03-22,2024-03,2板补涨阴,False,,U突破,,True,封D1负,1.66,-5.26,-5.26,-3.57,-8.63,5.53,14,-++,2,0.55,2.44,56.0,False,,True,False,False
601606.SSE,长城军工,2025-10-28,2025-10,2板补涨阴,False,,U突破,,True,封D1正,-1.78,0.89,0.89,-3.74,-7.45,4.02,11,-++,2,-2.52,1.85,45.0,False,,True,False,False
601619.SSE,嘉泽新能,2025-09-17,2025-09,2板补涨阴,False,,U坑内,,False,封D1正,1.03,1.23,1.23,-9.24,-9.24,0.0,3,+++,2,-5.15,2.79,59.0,False,,True,False,False
601678.SSE,滨化股份,2026-06-10,2026-06,2板补涨阴,False,,U坑内,,True,封D1正,2.83,5.31,5.31,-19.56,-19.56,0.0,17,--+,2,-1.34,0.96,107.0,False,,True,False,False
601698.SSE,中国卫通,2024-11-27,2024-11,2板补涨阴,False,,U坑内,,False,封D1负,-0.86,-0.77,-0.77,-18.27,-18.27,0.0,12,-++,2,-2.04,1.46,79.0,False,,True,False,False
601789.SSE,宁波建工,2025-03-14,2025-03,2板补涨阴,True,U坑,U坑内,,False,炸板,-4.92,-3.37,-3.37,-4.01,-6.53,2.7,9,+++,2,-4.85,3.97,34.0,False,,False,False,False
601828.SSE,美凯龙,2025-12-15,2025-12,2板补涨阴,False,,U坑内,,False,封D1正,0.35,3.12,3.12,-14.66,-14.66,0.0,3,+--,2,-7.42,0.71,67.0,False,,True,False,False
601858.SSE,中国科传,2023-09-13,2023-09,2板补涨阴,False,,U坑内,,True,炸板,-6.04,-6.41,-6.41,-11.12,-11.12,0.0,15,-++,2,-0.52,0.24,24.0,False,,False,False,False
601869.SSE,长飞光纤,2025-10-21,2025-10,2板补涨阴,False,,U坑内,,False,炸板,-4.22,1.14,1.14,-31.74,-31.74,0.0,16,--+,2,-0.33,2.05,66.0,False,,False,False,False
601869.SSE,长飞光纤,2026-02-24,2026-02,2板补涨阴,False,,无U,,True,封D1负,2.25,-2.63,-2.63,0.9,0.9,0.0,4,+++,2,-6.0,0.88,29.0,False,,True,False,False
601869.SSE,长飞光纤,2026-04-02,2026-04,2板补涨阴,False,,无U,,True,炸板,0.1,4.04,4.04,20.01,4.77,14.55,6,+++,2,-0.48,0.0,49.0,False,,False,False,False
601869.SSE,长飞光纤,2026-04-09,2026-04,2板补涨阴,False,,无U,,True,封D1负,-1.58,-3.5,-3.5,41.09,4.77,34.67,10,+++,2,1.4,0.81,108.0,False,,True,False,False
601872.SSE,招商轮船,2026-03-10,2026-03,2板补涨阴,False,,U坑内,,False,炸板,-5.44,-5.73,-5.73,-20.0,-20.0,0.0,5,+++,2,-8.18,0.0,34.0,False,,False,False,False
601872.SSE,招商轮船,2026-03-18,2026-03,2板补涨阴,True,U坑,U坑内,,False,炸板,-0.77,-2.65,-2.65,-16.08,-20.71,5.84,11,-++,2,-1.55,1.61,33.0,False,,False,False,False
601878.SSE,浙商证券,2024-10-18,2024-10,2板补涨阴,False,,U坑内,,False,炸板,-5.45,-4.44,-4.44,-20.0,-20.0,0.0,8,-++,2,-1.4,1.01,41.0,False,,False,False,False
601908.SSE,京运通,2025-05-13,2025-05,2板补涨阴,False,,无U,,True,封D1正,0.0,4.76,4.76,-0.69,-1.39,0.7,4,++-,2,-3.7,1.35,38.0,False,,True,False,False
601933.SSE,永辉超市,2024-11-07,2024-11,2板补涨阴,False,,无U,,True,封D1负,0.0,-1.15,-1.15,2.83,0.22,2.6,7,+++,2,-4.64,2.62,104.0,False,,True,False,False
601933.SSE,永辉超市,2024-12-04,2024-12,2板补涨阴,False,,无U,,True,封D1负,-6.44,-7.52,-7.52,7.04,7.04,0.0,2,+-+,2,7.04,0.72,92.0,False,,True,False,False
601949.SSE,中国出版,2023-06-15,2023-06,2板补涨阴,False,,U坑内,,True,封D1负,-3.29,-3.36,-3.36,-9.55,-9.69,0.14,7,-+-,2,-1.22,3.29,43.0,False,,True,False,False
601975.SSE,招商南油,2026-03-16,2026-03,2板补涨阴,False,,U坑内,,True,封D1正,-0.21,2.49,2.49,-12.07,-13.08,1.16,9,-++,2,-3.74,1.98,52.0,False,,True,False,False
601975.SSE,招商南油,2026-03-24,2026-03,2板补涨阴,False,,U坑内,,True,封D1负,1.04,-3.93,-3.93,-11.67,-13.08,1.62,15,+++,2,-2.88,3.54,24.0,False,,True,False,False
601995.SSE,中金公司,2024-10-11,2024-10,2板补涨阴,False,,U坑内,,False,封D1负,-3.33,-7.95,-7.95,-14.41,-14.41,0.0,3,+++,2,-4.89,2.01,51.0,False,,True,False,False
603001.SSE,奥康国际,2026-06-01,2026-06,2板补涨阴,False,,U坑内,,True,炸板,-10.25,-6.03,-6.03,-5.16,-5.16,0.0,5,+++,2,-1.56,2.24,46.0,False,,False,False,False
603001.SSE,奥康国际,2026-06-18,2026-06,2板补涨阴,False,,U突破,,True,封D1正,0.76,6.98,6.98,1.41,-10.13,12.84,18,-++,2,-1.91,1.72,67.0,False,,True,False,False
603002.SSE,宏昌电子,2024-12-06,2024-12,2板补涨阴,False,,U坑内,,False,封D1负,-6.38,-10.04,-10.04,-6.29,-6.29,0.0,2,+++,2,-6.29,0.0,103.0,False,,True,False,False
603002.SSE,宏昌电子,2026-06-15,2026-06,2板补涨阴,False,,U坑内,,False,连板,3.76,10.02,23.0,-4.49,-4.49,0.0,3,-++,2,-2.63,3.02,83.0,True,03,True,True,False
603004.SSE,鼎龙科技,2024-09-11,2024-09,2板补涨阴,False,,U坑内,,False,封D1负,-3.41,-3.02,-3.02,-19.13,-19.13,0.0,6,++-,2,-0.49,1.22,31.0,False,,True,False,False
603005.SSE,晶方科技,2024-10-24,2024-10,2板补涨阴,False,,U突破,,False,炸板,-1.66,-3.25,-3.25,-2.61,-10.29,8.55,12,+++,2,-1.18,1.6,76.0,False,,False,False,False
603006.SSE,联明股份,2023-12-11,2023-12,2板补涨阴,False,,U坑内,,False,封D1正,4.28,0.13,0.13,-15.34,-15.34,0.0,3,+++,2,-8.61,1.55,27.0,False,,True,False,False
603011.SSE,合锻智能,2025-06-09,2025-06,2板补涨阴,False,,U坑内,,True,封D1负,2.83,-0.53,-0.53,-13.22,-13.22,0.0,6,+++,2,-6.34,2.48,44.0,False,,True,False,False
603014.SSE,威高血净,2026-07-01,2026-07,2板补涨阴,False,,U坑内,,True,封D1负,2.08,-2.36,-2.36,-10.4,-10.9,0.55,12,-+-,2,-4.02,0.23,114.0,False,,True,False,False
603016.SSE,新宏泰,2024-09-23,2024-09,2板补涨阴,False,,U坑内,,False,封D1正,-1.23,2.69,2.69,-7.04,-7.04,0.0,4,+++,2,-2.46,1.68,40.0,False,,True,False,False
603016.SSE,新宏泰,2024-10-25,2024-10,2板补涨阴,False,,U突破,,False,封D1正,1.3,6.99,6.99,9.13,-6.86,17.17,8,+++,2,-5.94,2.5,67.0,False,,True,False,False
603017.SSE,中衡设计,2026-04-23,2026-04,2板补涨阴,False,,U坑内,,False,封D1负,-2.79,-7.29,-7.29,-4.29,-4.29,0.0,2,+-+,2,-4.29,0.0,49.0,False,,True,False,False
603017.SSE,中衡设计,2026-04-29,2026-04,2板补涨阴,False,,U坑内,,False,封D1正,-0.46,0.72,0.72,-11.07,-11.07,0.0,6,+-+,2,-7.02,0.2,53.0,False,,True,False,False
603019.SSE,中科曙光,2024-10-29,2024-10,2板补涨阴,False,,U突破,,True,封D1负,0.03,-1.98,-1.98,3.31,-6.63,10.65,15,+++,2,-0.35,0.66,179.0,False,,True,False,False
603019.SSE,中科曙光,2025-09-22,2025-09,2板补涨阴,False,,U突破,,True,封D1负,0.42,-2.37,-2.37,17.25,-12.76,34.41,20,+++,2,-2.81,2.56,46.0,False,,True,False,False
603023.SSE,威帝股份,2025-12-18,2025-12,2板补涨阴,True,U坑,U坑内,,False,连板,-0.38,10.06,13.47,-12.11,-14.31,2.57,7,+++,2,-7.35,1.55,44.0,True,02,True,True,False
603026.SSE,石大胜华,2025-10-13,2025-10,2板补涨阴,False,,U坑内,,True,封D1正,5.48,6.5,6.5,-5.15,-5.15,0.0,3,+++,2,-7.48,0.38,53.0,False,,True,False,False
603026.SSE,石大胜华,2026-04-10,2026-04,2板补涨阴,False,,U坑内,,False,封D1正,-0.19,5.17,5.17,-17.51,-17.51,0.0,9,-++,2,-3.22,1.04,50.0,False,,True,False,False
603029.SSE,天鹅股份,2023-05-29,2023-05,2板补涨阴,False,,U坑内,,True,封D1负,-1.98,-2.99,-2.99,-12.4,-12.4,0.0,4,+++,2,-6.65,0.82,39.0,False,,True,False,False
603030.SSE,全筑股份,2024-12-10,2024-12,2板补涨阴,False,,无U,,True,炸板,-8.4,-7.9,-7.9,1.38,1.38,0.0,2,+++,2,1.38,0.0,83.0,False,,False,False,False
603032.SSE,德新科技,2026-06-15,2026-06,2板补涨阴,False,,U坑内,,False,炸板,-1.29,2.16,2.16,-20.95,-20.95,0.0,12,---,2,-0.36,0.82,83.0,False,,False,False,False
603033.SSE,三维股份,2026-07-06,2026-07,2板补涨阴,False,,无U,,True,炸板,-5.48,-16.07,-16.07,-0.9,-0.9,0.0,4,+--,2,-4.33,2.79,92.0,False,,False,False,False
603037.SSE,凯众股份,2023-11-06,2023-11,2板补涨阴,False,,U坑内,,True,连板,9.98,9.98,9.65,-7.84,-16.01,9.73,6,+++,2,-3.87,1.98,35.0,True,03,True,True,False
603037.SSE,凯众股份,2024-04-23,2024-04,2板补涨阴,False,,U坑内,,True,封D1正,0.75,3.6,3.6,-34.53,-39.78,8.72,18,--+,2,-5.26,0.36,40.0,False,,True,False,False
603038.SSE,华立股份,2023-12-19,2023-12,2板补涨阴,True,U坑,U坑内,,False,炸板,-6.13,-7.39,-7.39,-9.19,-9.19,0.0,7,+++,2,-5.25,0.49,29.0,False,,False,False,False
603038.SSE,华立股份,2024-02-29,2024-02,2板补涨阴,False,,无U,,True,连板,4.37,9.97,9.44,2.36,-1.18,3.59,7,+--,2,-6.89,3.49,23.0,True,05,True,True,False
603042.SSE,华脉科技,2025-04-23,2025-04,2板补涨阴,False,,U坑内,,False,炸板,-9.52,-7.92,-7.92,-4.72,-4.72,0.0,2,+--,2,-4.72,1.01,68.0,False,,False,False,False
603045.SSE,福达合金,2026-06-15,2026-06,2板补涨阴,False,,无U,,True,连板,4.8,10.01,5.41,-3.19,-3.81,0.65,9,+++,2,-4.14,3.43,83.0,True,05,True,True,False
603051.SSE,鹿山新材,2024-03-08,2024-03,2板补涨阴,False,,U坑内,,False,封D1正,5.49,2.06,2.06,-10.56,-10.78,0.24,10,-+-,2,-4.59,0.87,44.0,False,,True,False,False
603051.SSE,鹿山新材,2024-07-25,2024-07,2板补涨阴,False,,U坑内,,False,封D1正,2.42,0.08,0.08,-12.12,-12.12,0.0,10,-+-,2,-3.12,1.2,20.0,False,,True,False,False
603058.SSE,永吉股份,2024-04-09,2024-04,2板补涨阴,False,,U突破,,False,炸板,-5.62,-0.31,-0.31,-2.24,-6.61,4.68,5,+++,2,-3.96,2.64,51.0,False,,False,False,False
603060.SSE,国检集团,2026-05-18,2026-05,2板补涨阴,True,U坑,U坑内,,False,封D1正,0.98,0.0,0.0,-11.11,-11.11,0.0,13,-++,2,-2.56,1.05,46.0,False,,True,False,False
603061.SSE,金海通,2024-10-31,2024-10,2板补涨阴,False,,U坑内,,True,封D1负,1.69,-5.81,-5.81,-8.18,-8.18,0.0,9,-++,2,-6.14,0.0,118.0,False,,True,False,False
603061.SSE,金海通,2026-01-16,2026-01,2板补涨阴,False,,无U,,True,连板,3.16,10.0,17.7,18.73,2.08,16.31,8,+++,2,0.85,0.58,51.0,True,02,True,True,False
603061.SSE,金海通,2026-01-27,2026-01,2板补涨阴,False,,无U,,True,封D1正,4.84,7.19,7.19,4.07,4.07,0.0,6,+++,2,-8.83,1.36,57.0,False,,True,False,False
603061.SSE,金海通,2026-07-21,2026-07,2板补涨阴,False,,U坑内,,False,封D1正,3.41,0.96,0.96,-43.63,-43.63,0.0,15,--+,2,-7.26,2.45,49.0,False,,True,False,False
603063.SSE,禾望电气,2024-10-31,2024-10,2板补涨阴,False,,无U,,True,封D1正,2.07,6.15,6.15,-0.24,-0.24,0.0,3,+++,2,-2.4,0.41,118.0,False,,True,False,False
603065.SSE,宿迁联盛,2025-05-26,2025-05,2板补涨阴,False,,U坑内,,False,连板,5.26,9.97,4.82,-12.31,-12.53,0.25,16,-++,2,-0.85,2.2,34.0,True,02,True,True,False
603065.SSE,宿迁联盛,2025-06-20,2025-06,2板补涨阴,False,,U坑内,,True,封D1正,-2.48,1.24,1.24,-10.39,-10.39,0.0,17,-++,2,-7.27,0.11,26.0,False,,True,False,False
603070.SSE,万控智造,2026-06-05,2026-06,2板补涨阴,False,,U坑内,,True,封D1负,1.55,-1.2,-1.2,-10.58,-10.58,0.0,17,-++,2,-3.49,0.95,65.0,False,,True,False,False
603072.SSE,天和磁材,2025-04-08,2025-04,2板补涨阴,False,,无U,,True,封D1正,-1.0,4.03,4.03,1.24,1.24,0.0,2,+++,2,1.24,0.02,18.0,False,,True,False,False
603072.SSE,天和磁材,2025-04-14,2025-04,2板补涨阴,False,,无U,,True,封D1负,3.01,-0.72,-0.72,1.41,1.24,0.17,6,+++,2,-8.58,2.39,64.0,False,,True,False,False
603076.SSE,乐惠国际,2024-04-22,2024-04,2板补涨阴,False,,U坑内,,False,连板,3.52,10.02,6.0,-5.17,-5.17,0.0,2,---,2,-5.17,1.21,41.0,True,01,True,True,False
603079.SSE,圣达生物,2024-05-24,2024-05,2板补涨阴,False,,U坑内,,True,封D1负,3.44,-4.56,-4.56,-19.7,-19.7,0.0,14,-++,2,-2.32,0.09,16.0,False,,True,False,False
603079.SSE,圣达生物,2024-07-11,2024-07,2板补涨阴,False,,U坑内,,False,封D1正,3.26,2.03,2.03,-17.24,-17.24,0.0,6,+++,2,-1.81,2.28,34.0,False,,True,False,False
603082.SSE,北自科技,2024-03-05,2024-03,2板补涨阴,False,,U坑内,,True,炸板,-3.79,-4.62,-4.62,-12.72,-12.72,0.0,6,,2,-3.86,1.39,61.0,False,,False,False,False
603083.SSE,剑桥科技,2024-01-23,2024-01,2板补涨阴,False,,无U,,False,连板,4.46,10.0,10.91,-3.1,-3.1,0.0,2,+--,2,-3.1,2.42,15.0,True,01,True,True,False
603083.SSE,剑桥科技,2024-02-01,2024-02,2板补涨阴,False,,U坑内,,True,封D1正,0.0,3.01,3.01,-22.24,-22.24,0.0,6,++-,2,-3.93,3.29,24.0,False,,True,False,False
603083.SSE,剑桥科技,2024-02-19,2024-02,2板补涨阴,False,,U坑内,,True,封D1负,-1.94,-3.1,-3.1,-5.58,-22.24,21.43,12,+++,2,1.15,2.9,430.0,False,,True,False,False
603083.SSE,剑桥科技,2025-10-20,2025-10,2板补涨阴,False,,无U,,True,封D1正,1.62,3.91,3.91,-3.03,-3.03,0.0,20,--+,2,-6.11,0.52,34.0,False,,True,False,False
603088.SSE,宁波精达,2024-12-09,2024-12,2板补涨阴,False,,U坑内,,False,连板,10.02,10.02,8.94,-5.66,-5.66,0.0,2,+++,2,-5.66,0.0,94.0,True,03,True,True,False
603088.SSE,宁波精达,2025-11-05,2025-11,2板补涨阴,False,,U突破,,False,炸板,-5.29,-5.74,-5.74,-3.91,-6.15,2.38,5,++-,2,-1.15,3.61,44.0,False,,False,False,False
603090.SSE,宏盛股份,2025-09-26,2025-09,2板补涨阴,False,,无U,,True,封D1负,-3.62,-6.19,-6.19,4.83,4.83,0.0,2,+++,2,4.83,1.92,36.0,False,,True,False,False
603093.SSE,南华期货,2026-05-29,2026-05,2板补涨阴,False,,U坑内,,False,炸板,-4.0,-4.09,-4.09,-20.2,-20.2,0.0,11,-++,2,-1.81,0.9,88.0,False,,False,False,False
603095.SSE,越剑智能,2024-10-24,2024-10,2板补涨阴,False,,U坑内,,False,连板,4.52,10.01,14.99,-4.06,-4.06,0.0,2,+++,2,-4.06,2.44,76.0,True,01,True,True,False
603095.SSE,越剑智能,2026-02-03,2026-02,2板补涨阴,False,,U坑内,,False,封D1正,2.36,3.31,3.31,-16.11,-16.11,0.0,7,-++,2,-3.0,0.43,32.0,False,,True,False,False
603095.SSE,越剑智能,2026-08-21,2026-08,2板补涨阴,False,,U坑内,,False,封D1负,-3.67,-2.29,-2.29,-15.58,-15.58,0.0,4,+++,2,-2.32,1.76,59.0,False,,True,False,False
603097.SSE,江苏华辰,2023-06-08,2023-06,2板补涨阴,False,,U坑内,,False,连板,5.54,10.02,0.99,-5.05,-5.05,0.0,2,+++,2,-5.05,0.0,45.0,True,01,True,True,False
603098.SSE,森特股份,2024-11-05,2024-11,2板补涨阴,False,,无U,,True,封D1负,-3.12,-6.62,-6.62,2.58,2.58,0.0,2,+++,2,2.58,0.0,122.0,False,,True,False,False
603098.SSE,森特股份,2025-08-22,2025-08,2板补涨阴,False,,无U,,True,炸板,-1.38,6.97,6.1,-1.11,-2.05,0.97,6,+++,2,-4.28,0.15,37.0,False,,False,True,False
603099.SSE,长白山,2023-07-03,2023-07,2板补涨阴,False,,U坑内,,False,封D1正,-0.21,0.21,0.21,-6.29,-6.29,0.0,4,+++,2,-0.23,1.95,44.0,False,,True,False,False
603106.SSE,恒银科技,2023-12-11,2023-12,2板补涨阴,False,,U坑内,,False,封D1正,5.14,0.6,0.6,-8.2,-8.2,0.0,4,+++,2,-6.74,0.74,27.0,False,,True,False,False
603106.SSE,恒银科技,2023-12-15,2023-12,2板补涨阴,False,,U坑内,,True,封D1负,0.58,-3.0,-3.0,-5.07,-8.2,3.42,8,+++,2,-4.37,1.09,34.0,False,,True,False,False
603106.SSE,恒银科技,2023-12-19,2023-12,2板补涨阴,False,,U突破,,False,封D1正,-3.79,0.65,0.65,1.33,-8.2,10.38,10,+++,2,-3.0,1.15,29.0,False,,True,False,False
603106.SSE,恒银科技,2023-12-27,2023-12,2板补涨阴,False,,U坑内,,True,连板,2.77,10.03,14.51,-16.89,-16.89,0.0,16,-++,2,-3.91,1.53,35.0,True,02,True,True,False
603106.SSE,恒银科技,2024-01-11,2024-01,2板补涨阴,False,,无U,,True,炸板,-5.92,-8.38,-8.38,-2.4,-2.4,0.0,9,+++,2,-5.02,3.27,34.0,False,,False,False,False
603106.SSE,恒银科技,2025-07-11,2025-07,2板补涨阴,True,U坑,U坑内,,False,炸板,-4.45,-6.63,-6.63,-6.8,-11.45,5.25,12,-++,2,-2.89,1.21,54.0,False,,False,False,False
603108.SSE,润达医疗,2023-10-13,2023-10,2板补涨阴,False,,无U,,True,炸板,-5.43,-13.05,-13.05,4.95,4.95,0.0,2,+++,2,4.95,0.0,27.0,False,,False,False,False
603110.SSE,东方材料,2025-04-28,2025-04,2板补涨阴,False,,U坑内,,True,炸板,-4.3,1.02,1.02,-8.7,-8.7,0.0,8,++-,2,-2.49,0.91,59.0,False,,False,False,False
603115.SSE,海星股份,2026-05-06,2026-05,2板补涨阴,False,,无U,,True,封D1正,2.03,1.84,1.84,6.22,6.22,0.0,7,+++,2,-1.4,1.73,69.0,False,,True,False,False
603115.SSE,海星股份,2026-06-15,2026-06,2板补涨阴,False,,无U,,False,连板,4.41,10.0,15.71,-1.62,-1.62,0.0,19,--+,2,-2.03,0.82,83.0,True,05,True,True,False
603115.SSE,海星股份,2026-08-13,2026-08,2板补涨阴,False,,无U,,True,炸板,-4.13,3.85,3.62,-3.58,-3.58,0.0,6,++-,2,-0.41,2.01,86.0,False,,False,True,False
603118.SSE,共进股份,2025-01-16,2025-01,2板补涨阴,False,,U坑内,,False,封D1正,1.47,3.14,3.14,-20.46,-20.46,0.0,5,+++,2,-5.13,3.9,54.0,False,,True,False,False
603118.SSE,共进股份,2026-08-13,2026-08,2板补涨阴,False,,U坑内,,True,连板,2.51,10.03,19.11,-11.63,-19.73,10.09,16,+-+,2,-1.23,0.82,86.0,True,03,True,True,False
603120.SSE,肯特催化,2026-07-13,2026-07,2板补涨阴,False,,U坑内,,True,封D1负,0.83,-4.07,-4.07,-14.67,-14.67,0.0,8,-++,2,-3.45,3.55,79.0,False,,True,False,False
603122.SSE,合富中国,2024-01-31,2024-01,2板补涨阴,False,,U坑内,,False,封D1负,-0.26,-4.98,-4.98,-13.28,-13.28,0.0,4,+--,2,-6.07,0.0,18.0,False,,True,False,False
603122.SSE,合富中国,2025-12-30,2025-12,2板补涨阴,False,,U坑内,,True,炸板,-5.64,-9.43,-9.43,-16.07,-16.07,0.0,16,-++,2,-3.89,1.84,64.0,False,,False,False,False
603123.SSE,翠微股份,2025-12-19,2025-12,2板补涨阴,False,,无U,,False,炸板,-6.17,-4.62,-4.62,-3.97,-3.97,0.0,2,++-,2,-3.97,1.27,52.0,False,,False,False,False
603126.SSE,中材节能,2024-12-30,2024-12,2板补涨阴,False,,无U,,True,封D1正,0.98,2.69,2.69,-0.27,-3.08,2.9,7,+++,2,-7.35,2.24,61.0,False,,True,False,False
603155.SSE,新亚强,2025-11-28,2025-11,2板补涨阴,False,,U坑内,,False,炸板,-5.19,-6.65,-6.65,-6.26,-6.26,0.0,2,+++,2,-6.26,0.0,41.0,False,,False,False,False
603155.SSE,新亚强,2026-06-24,2026-06,2板补涨阴,False,,U坑内,,False,炸板,-2.76,-0.52,-0.52,-16.2,-16.2,0.0,8,+++,2,-3.62,1.01,87.0,False,,False,False,False
603155.SSE,新亚强,2026-07-06,2026-07,2板补涨阴,False,,无U,,True,封D1负,1.45,-8.01,-8.01,-3.55,-3.55,0.0,5,+++,2,-6.54,1.81,92.0,False,,True,False,False
603158.SSE,腾龙股份,2023-10-31,2023-10,2板补涨阴,True,U坑,U坑内,,False,封D1负,-6.58,-4.62,-4.62,-7.59,-12.89,6.08,8,+++,2,-2.22,3.91,54.0,False,,True,False,False
603158.SSE,腾龙股份,2023-11-08,2023-11,2板补涨阴,False,,U突破,,True,封D1负,-2.11,-10.02,-10.02,20.58,-12.89,38.42,14,+++,2,1.86,1.1,42.0,False,,True,False,False
603160.SSE,汇顶科技,2024-10-14,2024-10,2板补涨阴,False,,无U,,True,封D1正,1.42,2.87,2.87,-3.37,-3.37,0.0,4,+++,2,-5.72,3.77,28.0,False,,True,False,False
603163.SSE,圣晖集成,2025-09-26,2025-09,2板补涨阴,False,,U坑内,,True,封D1负,1.61,-2.34,-2.34,-14.31,-16.65,2.81,12,-++,2,-3.35,2.04,36.0,False,,True,False,False
603166.SSE,福达股份,2025-03-24,2025-03,2板补涨阴,False,,无U,,True,炸板,-10.86,-10.46,-10.46,7.5,-2.55,10.32,12,+++,2,-7.33,2.8,39.0,False,,False,False,False
603168.SSE,莎普爱思,2023-05-16,2023-05,2板补涨阴,False,,U坑内,,True,封D1负,-2.48,-2.03,-2.03,-15.41,-15.62,0.25,13,-++,2,-1.1,1.1,31.0,False,,True,False,False
603168.SSE,莎普爱思,2024-01-08,2024-01,2板补涨阴,False,,无U,,False,封D1负,0.0,-1.5,-1.5,4.03,4.03,0.0,7,+++,2,-2.65,0.72,18.0,False,,True,False,False
603169.SSE,兰石重装,2025-04-03,2025-04,2板补涨阴,False,,无U,,True,封D1负,-2.72,-7.95,-7.95,6.76,6.76,0.0,2,+++,2,6.76,0.0,37.0,False,,True,False,False
603169.SSE,兰石重装,2025-04-09,2025-04,2板补涨阴,False,,无U,,False,炸板,-3.57,-2.78,-2.78,12.41,6.76,5.29,5,+++,2,3.98,2.5,99.0,False,,False,False,False
603171.SSE,税友股份,2026-01-14,2026-01,2板补涨阴,False,,无U,,True,炸板,-1.84,-4.32,-4.32,4.9,4.9,0.0,2,+++,2,4.9,0.0,52.0,False,,False,False,False
603178.SSE,圣龙股份,2025-04-02,2025-04,2板补涨阴,False,,U坑内,,False,封D1正,1.86,3.05,3.05,-20.74,-20.74,0.0,20,--+,2,-1.4,0.95,43.0,False,,True,False,False
603178.SSE,圣龙股份,2025-05-16,2025-05,2板补涨阴,True,U坑,U坑内,,False,封D1正,2.51,1.44,1.44,-10.09,-12.01,2.19,14,+++,2,-1.93,0.06,40.0,False,,True,False,False
603185.SSE,弘元绿能,2024-11-04,2024-11,2板补涨阴,False,,U坑内,,False,封D1正,-0.93,0.4,0.4,-5.62,-5.62,0.0,2,+++,2,-5.62,0.08,74.0,False,,True,False,False
603186.SSE,华正新材,2026-08-14,2026-08,2板补涨阴,False,,无U,,True,连板,10.0,10.0,9.94,27.67,8.96,17.17,7,+--,2,-2.05,3.66,50.0,True,02,True,True,False
603186.SSE,华正新材,2026-08-21,2026-08,2板补涨阴,False,,U坑内,,False,炸板,-4.16,-8.38,-8.38,-11.02,-11.02,0.0,4,++-,2,-6.29,0.0,59.0,False,,False,False,False
603188.SSE,亚邦股份,2024-04-23,2024-04,2板补涨阴,False,,U坑内,,False,封D1负,0.0,-1.67,-1.67,-36.18,-36.18,0.0,13,---,2,-3.56,0.89,40.0,False,,True,False,False
603188.SSE,亚邦股份,2024-04-25,2024-04,2板补涨阴,True,U坑,U坑内,,False,连板,3.09,10.04,4.63,-30.88,-36.18,8.29,15,---,2,-1.67,3.35,31.0,True,02,True,True,False
603188.SSE,亚邦股份,2024-10-28,2024-10,2板补涨阴,False,,无U,,True,封D1负,10.04,-4.15,-4.15,2.46,2.22,0.24,3,+++,2,0.24,3.61,121.0,False,,True,False,False
603188.SSE,亚邦股份,2025-04-17,2025-04,2板补涨阴,False,,无U,,False,封D1负,0.89,-6.25,-6.25,-3.33,-3.33,0.0,3,+++,2,-1.21,0.97,40.0,False,,True,False,False
603190.SSE,亚通精工,2023-09-06,2023-09,2板补涨阴,True,U坑,U坑内,,False,封D1负,2.48,-5.47,-5.47,-6.73,-6.73,0.0,6,+++,2,-3.78,0.21,13.0,False,,True,False,False
603194.SSE,中力股份,2025-06-04,2025-06,2板补涨阴,False,,无U,,False,炸板,-3.17,-3.47,-3.47,-3.49,-3.49,0.0,2,+++,2,-3.49,0.12,57.0,False,,False,False,False
603194.SSE,中力股份,2025-06-09,2025-06,2板补涨阴,False,,无U,,True,封D1负,2.53,-1.94,-1.94,-3.25,-3.49,0.25,5,+++,2,-5.58,1.94,44.0,False,,True,False,False
603199.SSE,九华旅游,2023-06-07,2023-06,2板补涨阴,False,,U坑内,,True,封D1正,4.03,1.91,1.91,-4.28,-4.97,0.74,4,+++,2,-4.73,0.31,35.0,False,,True,False,False
603199.SSE,九华旅游,2024-01-19,2024-01,2板补涨阴,False,,U坑内,,False,炸板,-6.53,-12.76,-12.76,-9.77,-9.77,0.0,3,+++,2,-4.6,1.88,37.0,False,,False,False,False
603199.SSE,九华旅游,2024-01-30,2024-01,2板补涨阴,True,U坑,U坑内,,False,炸板,-4.9,-7.24,-7.24,-10.03,-14.26,4.94,10,-++,2,-1.94,0.19,25.0,False,,False,False,False
603199.SSE,九华旅游,2024-02-08,2024-02,2板补涨阴,False,,U坑内,,False,炸板,1.16,3.38,3.38,-11.69,-14.26,3.0,17,-++,2,-0.6,1.0,92.0,False,,False,False,False
603200.SSE,上海洗霸,2025-10-09,2025-10,2板补涨阴,False,,U坑内,,True,炸板,-6.63,-14.85,-14.85,-9.6,-11.13,1.73,17,--+,2,-0.95,2.74,39.0,False,,False,False,False
603211.SSE,晋拓股份,2026-07-10,2026-07,2板补涨阴,False,,U坑内,,False,封D1负,-0.5,-10.19,-10.19,-12.88,-12.88,0.0,4,+++,2,-1.54,3.95,63.0,False,,True,False,False
603211.SSE,晋拓股份,2026-08-03,2026-08,2板补涨阴,False,,U坑内,,False,炸板,-3.23,1.59,1.59,-45.1,-48.87,7.37,20,---,2,7.37,1.63,87.0,False,,False,False,False
603212.SSE,赛伍技术,2024-01-08,2024-01,2板补涨阴,False,,无U,,True,炸板,-5.48,-4.08,-4.08,-2.48,-3.11,0.65,5,++-,2,-4.4,3.84,18.0,False,,False,False,False
603212.SSE,赛伍技术,2024-09-19,2024-09,2板补涨阴,False,,U坑内,,False,炸板,-4.41,-6.81,-6.81,-17.36,-17.36,0.0,8,-+-,2,-4.73,1.31,21.0,False,,False,False,False
603212.SSE,赛伍技术,2026-07-10,2026-07,2板补涨阴,False,,U坑内,,False,炸板,-4.16,-9.39,-9.39,-18.72,-18.72,0.0,7,---,2,-1.71,3.95,63.0,False,,False,False,False
603212.SSE,赛伍技术,2026-07-23,2026-07,2板补涨阴,False,,U坑内,,False,封D1负,-1.05,-2.49,-2.49,-29.35,-29.35,0.0,16,---,2,-1.96,1.24,41.0,False,,True,False,False
603214.SSE,爱婴室,2025-04-08,2025-04,2板补涨阴,False,,U坑内,,False,封D1正,-2.46,3.53,3.53,-16.4,-16.4,0.0,15,---,2,-5.87,3.65,18.0,False,,True,False,False
603217.SSE,元利科技,2024-02-08,2024-02,2板补涨阴,False,,U坑内,,True,封D1正,1.34,2.76,2.76,-41.71,-42.14,0.74,15,---,2,-4.84,1.09,92.0,False,,True,False,False
603219.SSE,富佳股份,2024-02-08,2024-02,2板补涨阴,False,,U坑内,,False,炸板,-1.88,4.17,4.17,-47.22,-47.22,0.0,20,---,2,-7.43,0.64,92.0,False,,False,False,False
603219.SSE,富佳股份,2024-03-22,2024-03,2板补涨阴,False,,U坑内,,False,炸板,-7.56,-9.66,-9.66,-9.48,-9.48,0.0,5,+++,2,-1.61,0.51,56.0,False,,False,False,False
603220.SSE,中贝通信,2023-11-09,2023-11,2板补涨阴,False,,U突破,,False,炸板,-12.01,-9.96,-9.96,-2.88,-15.15,14.46,11,-++,2,-2.7,0.0,41.0,False,,False,False,False
603222.SSE,济民健康,2026-07-06,2026-07,2板补涨阴,False,,无U,,False,炸板,-6.46,-3.56,-3.56,-3.43,-3.43,0.0,4,+--,2,-0.49,3.17,92.0,False,,False,False,False
603228.SSE,景旺电子,2024-06-28,2024-06,2板补涨阴,False,,U坑内,,False,炸板,-1.0,-6.51,-6.51,-7.31,-7.31,0.0,4,+++,2,-4.42,0.33,17.0,False,,False,False,False
603228.SSE,景旺电子,2026-08-12,2026-08,2板补涨阴,False,,U坑内,,True,封D1负,3.86,-1.03,-1.03,-5.97,-5.97,0.0,3,+++,2,-7.0,1.03,53.0,False,,True,False,False
603232.SSE,格尔软件,2025-11-25,2025-11,2板补涨阴,False,,U坑内,,False,封D1负,1.07,-3.77,-3.77,-12.85,-12.85,0.0,5,+++,2,-0.12,0.65,56.0,False,,True,False,False
603239.SSE,浙江仙通,2025-09-26,2025-09,2板补涨阴,False,,U坑内,,False,封D1负,0.0,-5.31,-5.31,-9.17,-9.17,0.0,3,+++,2,-3.3,1.39,36.0,False,,True,False,False
603256.SSE,宏和科技,2023-09-14,2023-09,2板补涨阴,False,,U坑内,,False,封D1正,1.87,0.59,0.59,-14.54,-14.54,0.0,10,-++,2,-2.39,0.25,16.0,False,,True,False,False
603256.SSE,宏和科技,2024-03-25,2024-03,2板补涨阴,True,U坑,U坑内,,False,连板,4.58,10.07,-0.92,-7.95,-12.45,5.14,15,+++,2,-1.7,0.28,44.0,True,02,True,True,False
603256.SSE,宏和科技,2024-12-04,2024-12,2板补涨阴,False,,U坑内,,True,炸板,-2.59,-1.44,-1.44,-5.21,-5.21,0.0,4,+++,2,-3.96,0.41,92.0,False,,False,False,False
603256.SSE,宏和科技,2025-07-31,2025-07,2板补涨阴,False,,U突破,,False,连板,-2.72,9.98,14.53,-3.95,-8.89,5.42,17,+++,2,-7.8,0.0,40.0,True,05,True,True,False
603256.SSE,宏和科技,2025-08-13,2025-08,2板补涨阴,True,U坑,U坑内,,False,连板,8.18,10.02,30.76,-4.67,-6.3,1.73,8,+++,2,-1.59,0.48,42.0,True,05,True,True,False
603256.SSE,宏和科技,2026-01-28,2026-01,2板补涨阴,False,,无U,,True,封D1负,-0.06,-1.61,-1.61,-0.27,-0.48,0.21,4,+++,2,-2.17,0.21,46.0,False,,True,False,False
603256.SSE,宏和科技,2026-05-28,2026-05,2板补涨阴,False,,无U,,True,封D1正,5.1,2.14,2.14,2.63,2.63,0.0,3,+++,2,-2.16,3.0,45.0,False,,True,False,False
603256.SSE,宏和科技,2026-07-14,2026-07,2板补涨阴,False,,U坑内,,True,炸板,-0.91,-8.51,-8.51,-24.87,-24.87,0.0,19,--+,2,-8.27,2.08,25.0,False,,False,False,False
603257.SSE,中国瑞林,2025-09-04,2025-09,2板补涨阴,False,,U坑内,,False,封D1正,-2.21,3.39,3.39,-7.24,-7.24,0.0,2,+++,2,-7.24,0.6,25.0,False,,True,False,False
603257.SSE,中国瑞林,2025-09-09,2025-09,2板补涨阴,False,,U突破,,True,封D1负,-4.8,-2.99,-2.99,-0.84,-7.24,6.9,5,+++,2,-6.0,1.3,56.0,False,,True,False,False
603261.SSE,立航科技,2026-06-23,2026-06,2板补涨阴,False,,无U,,True,炸板,-3.47,-4.6,-4.6,4.29,4.29,0.0,2,++-,2,4.29,1.01,122.0,False,,False,False,False
603267.SSE,鸿远电子,2025-03-25,2025-03,2板补涨阴,False,,U坑内,,True,封D1负,-1.89,-0.93,-0.93,-5.88,-5.88,0.0,9,-++,2,-5.45,0.46,38.0,False,,True,False,False
603268.SSE,松发股份,2024-07-16,2024-07,2板补涨阴,False,,U坑内,,True,封D1负,3.21,-2.99,-2.99,-13.38,-14.02,0.75,20,--+,2,-1.93,1.45,22.0,False,,True,False,False
603269.SSE,海鸥股份,2024-04-17,2024-04,2板补涨阴,False,,U坑内,,False,封D1正,-0.09,1.89,1.89,-35.94,-35.94,0.0,18,--+,2,-7.54,0.0,16.0,False,,True,False,False
603269.SSE,海鸥股份,2025-09-22,2025-09,2板补涨阴,False,,U坑内,,False,封D1正,3.2,5.46,5.46,-7.28,-7.28,0.0,2,++-,2,-7.28,2.23,46.0,False,,True,False,False
603270.SSE,金帝股份,2025-02-19,2025-02,2板补涨阴,False,,U坑内,,False,封D1正,1.02,2.72,2.72,-15.34,-15.34,0.0,6,+++,2,-3.7,0.52,37.0,False,,True,False,False
603276.SSE,恒兴新材,2024-01-18,2024-01,2板补涨阴,False,,U坑内,,False,封D1负,-1.82,-9.45,-9.45,-11.85,-11.85,0.0,4,+-+,2,-8.46,0.29,30.0,False,,True,False,False
603278.SSE,大业股份,2025-12-24,2025-12,2板补涨阴,True,U坑,U坑内,,False,连板,0.95,10.02,52.17,-18.2,-20.58,3.0,11,-++,2,-2.53,1.01,48.0,True,03,True,True,False
603286.SSE,日盈电子,2026-07-10,2026-07,2板补涨阴,False,,U坑内,,False,封D1负,-1.99,-4.77,-4.77,-14.34,-14.34,0.0,5,+--,2,0.0,0.0,63.0,False,,True,False,False
603286.SSE,日盈电子,2026-07-31,2026-07,2板补涨阴,False,,U坑内,,False,封D1负,1.11,-0.79,-0.79,-39.75,-39.75,0.0,20,---,2,-6.84,0.57,46.0,False,,True,False,False
603290.SSE,斯达半导,2024-10-18,2024-10,2板补涨阴,False,,U坑内,,True,炸板,-1.58,0.11,0.11,-10.03,-10.03,0.0,8,-++,2,-0.7,0.43,41.0,False,,False,False,False
603297.SSE,永新光学,2024-11-08,2024-11,2板补涨阴,False,,无U,,True,炸板,-5.2,-2.75,-2.75,7.5,7.43,0.07,5,+++,2,-6.24,2.26,157.0,False,,False,False,False
603306.SSE,华懋科技,2026-04-29,2026-04,2板补涨阴,False,,U坑内,,True,炸板,0.24,0.0,0.0,-4.98,-4.98,0.0,14,-++,2,-1.67,1.95,53.0,False,,False,False,False
603306.SSE,华懋科技,2026-05-07,2026-05,2板补涨阴,False,,U突破,,True,封D1负,0.08,-1.08,-1.08,1.8,-4.98,7.13,17,-++,2,-2.6,0.14,88.0,False,,True,False,False
603315.SSE,福鞍股份,2025-03-17,2025-03,2板补涨阴,False,,U坑内,,True,连板,10.03,10.03,19.79,-10.79,-20.36,12.02,17,+++,2,-0.53,0.53,66.0,True,03,True,True,False
603316.SSE,诚邦股份,2024-03-22,2024-03,2板补涨阴,False,,U坑内,,False,封D1正,-0.7,2.26,2.26,-6.79,-7.32,0.58,4,+++,2,-1.14,1.52,56.0,False,,True,False,False
603316.SSE,诚邦股份,2025-10-14,2025-10,2板补涨阴,True,U坑,U坑内,,False,炸板,-9.62,-8.18,-8.18,-9.77,-10.2,0.48,8,+++,2,-7.71,3.38,48.0,False,,False,False,False
603316.SSE,诚邦股份,2025-10-20,2025-10,2板补涨阴,False,,U坑内,,False,封D1正,0.08,5.31,5.31,-15.16,-15.16,0.0,12,-++,2,-5.67,2.56,34.0,False,,True,False,False
603322.SSE,超讯科技,2023-04-28,2023-04,2板补涨阴,False,,U坑内,,False,封D1正,3.37,6.28,6.28,-7.73,-7.73,0.0,2,,2,-7.73,2.1,28.0,False,,True,False,False
603322.SSE,超讯科技,2023-05-26,2023-05,2板补涨阴,False,,U突破,,False,封D1负,-2.52,-3.3,-3.3,-1.05,-7.73,7.24,19,+++,2,-7.3,0.0,36.0,False,,True,False,False
603322.SSE,超讯科技,2025-10-09,2025-10,2板补涨阴,False,,无U,,True,炸板,-5.21,-2.48,-2.48,5.71,-1.49,7.31,6,+++,2,0.96,1.07,39.0,False,,False,False,False
603324.SSE,盛剑科技,2024-08-30,2024-08,2板补涨阴,False,,U坑内,,True,封D1负,1.25,-2.02,-2.02,-12.35,-12.35,0.0,14,-++,2,-2.43,0.0,37.0,False,,True,False,False
603331.SSE,百达精工,2025-05-13,2025-05,2板补涨阴,False,,U坑内,,False,封D1负,-4.11,-2.65,-2.65,-7.49,-7.49,0.0,2,++-,2,-7.49,2.61,38.0,False,,True,False,False
603333.SSE,福华尚纬,2024-12-19,2024-12,2板补涨阴,False,,U突破,,False,封D1负,1.1,-2.2,-2.2,-2.36,-11.61,10.47,19,+++,2,-1.98,0.0,84.0,False,,True,False,False
603335.SSE,迪生力,2026-06-25,2026-06,2板补涨阴,True,U坑,U坑内,,False,封D1负,-2.2,-0.66,-0.66,-6.66,-7.45,0.85,7,+++,2,-8.31,0.22,87.0,False,,True,False,False
603335.SSE,迪生力,2026-06-30,2026-06,2板补涨阴,True,U坑,U坑内,,False,封D1正,0.22,2.21,2.21,-7.11,-7.45,0.37,10,+++,2,-8.96,3.54,89.0,False,,True,False,False
603357.SSE,设计总院,2024-03-28,2024-03,2板补涨阴,False,,U坑内,,False,封D1正,0.71,1.51,1.51,-13.61,-13.61,0.0,5,+++,2,-5.85,0.63,39.0,False,,True,False,False
603357.SSE,设计总院,2024-04-26,2024-04,2板补涨阴,False,,无U,,True,炸板,-6.88,-4.29,-4.29,-2.77,-3.72,0.99,6,+++,2,-1.49,2.37,32.0,False,,False,False,False
603358.SSE,华达科技,2026-08-04,2026-08,2板补涨阴,False,,U突破,,True,封D1正,0.0,5.35,5.35,-3.87,-5.47,1.69,5,+--,2,-4.08,2.37,69.0,False,,True,False,False
603360.SSE,百傲化学,2024-10-23,2024-10,2板补涨阴,False,,无U,,True,炸板,-4.4,-3.0,-3.0,5.7,-2.73,8.67,11,+++,2,0.0,1.6,85.0,False,,False,False,False
603360.SSE,百傲化学,2024-10-29,2024-10,2板补涨阴,False,,无U,,True,炸板,-3.69,-1.52,-1.52,11.63,-2.73,14.76,15,+++,2,0.31,3.92,179.0,False,,False,False,False
603363.SSE,傲农生物,2025-09-08,2025-09,2板补涨阴,False,,无U,,True,封D1负,3.09,-1.55,-1.55,2.84,0.0,2.84,8,+++,2,-2.08,0.0,71.0,False,,True,False,False
603373.SSE,安邦护卫,2024-01-02,2024-01,2板补涨阴,False,,U坑内,,False,封D1负,5.57,-2.2,-2.2,-4.86,-4.86,0.0,2,,2,-4.86,2.19,54.0,False,,True,False,False
603373.SSE,安邦护卫,2024-01-04,2024-01,2板补涨阴,False,,U突破,,False,炸板,-3.83,-4.97,-4.97,2.36,-4.86,7.6,4,,2,-2.2,2.11,33.0,False,,False,False,False
603380.SSE,易德龙,2026-07-08,2026-07,2板补涨阴,False,,U坑内,,True,封D1负,-0.11,-10.0,-10.0,-4.74,-6.87,2.28,12,-++,2,-6.38,2.55,30.0,False,,True,False,False
603386.SSE,骏亚科技,2024-06-25,2024-06,2板补涨阴,True,U坑,U坑内,,False,连板,5.1,10.03,6.31,-5.32,-6.31,1.06,9,+++,2,-2.87,3.23,15.0,True,05,True,True,False
603386.SSE,骏亚科技,2024-07-24,2024-07,2板补涨阴,True,U坑,U坑内,,False,炸板,-4.76,-1.59,-1.59,-14.49,-16.43,2.32,9,-++,2,-5.14,2.4,30.0,False,,False,False,False
603387.SSE,基蛋生物,2026-03-27,2026-03,2板补涨阴,True,U坑,U坑内,,False,封D1正,1.01,3.13,3.13,-13.29,-16.28,3.57,7,-++,2,-1.85,1.53,36.0,False,,True,False,False
603387.SSE,基蛋生物,2026-04-10,2026-04,2板补涨阴,False,,U坑内,,True,炸板,-2.24,-6.99,-6.99,-6.07,-16.28,12.2,16,+++,2,-3.75,0.99,50.0,False,,False,False,False
603389.SSE,亚振家居,2024-03-22,2024-03,2板补涨阴,False,,U坑内,,False,连板,9.4,9.93,31.74,-7.4,-7.4,0.0,5,+++,2,-0.77,0.58,56.0,True,03,True,True,False
603389.SSE,亚振家居,2024-06-19,2024-06,2板补涨阴,False,,U坑内,,False,封D1正,1.64,2.01,2.01,-8.96,-8.96,0.0,3,+--,2,-0.8,0.0,26.0,False,,True,False,False
603390.SSE,通达电气,2024-06-18,2024-06,2板补涨阴,True,U坑,U坑内,,False,封D1正,4.36,1.59,1.59,-20.74,-27.3,9.03,12,---,2,-0.43,1.88,19.0,False,,True,False,False
603390.SSE,通达电气,2025-05-26,2025-05,2板补涨阴,False,,U坑内,,False,连板,1.29,10.01,36.47,-6.69,-6.69,0.0,2,+++,2,-6.69,2.33,34.0,True,03,True,True,False
603390.SSE,通达电气,2026-05-15,2026-05,2板补涨阴,True,U坑,U坑内,,False,封D1负,5.34,-2.97,-2.97,-7.88,-8.56,0.75,12,+++,2,-2.39,0.15,50.0,False,,True,False,False
603392.SSE,万泰生物,2024-02-27,2024-02,2板补涨阴,False,,无U,,True,封D1负,-0.01,-4.19,-4.19,9.45,-1.2,10.79,8,++-,2,-4.13,1.91,72.0,False,,True,False,False
603392.SSE,万泰生物,2024-03-08,2024-03,2板补涨阴,False,,无U,,True,炸板,-1.11,-1.38,-1.38,9.03,-1.2,10.36,16,+++,2,-5.54,1.09,44.0,False,,False,False,False
603399.SSE,永杉锂业,2023-10-24,2023-10,2板补涨阴,False,,无U,,True,封D1负,-10.0,-10.0,-10.0,5.08,5.08,0.0,2,++-,2,5.08,0.0,31.0,False,,True,False,False
603400.SSE,华之杰,2026-08-04,2026-08,2板补涨阴,False,,U坑内,,False,封D1负,0.98,-0.13,-0.13,-13.15,-13.15,0.0,4,+--,2,-4.68,0.02,69.0,False,,True,False,False
603400.SSE,华之杰,2026-08-20,2026-08,2板补涨阴,False,,U突破,,False,炸板,-5.2,-5.66,-5.66,-0.15,-13.15,14.97,16,-+-,2,-2.22,2.29,32.0,False,,False,False,False
603421.SSE,鼎信通讯,2025-09-30,2025-09,2板补涨阴,False,,U坑内,,False,封D1正,1.0,0.5,0.5,-11.02,-11.02,0.0,6,++-,2,-3.07,3.33,46.0,False,,True,False,False
603456.SSE,九洲药业,2024-10-31,2024-10,2板补涨阴,False,,U坑内,,False,炸板,-6.15,-9.14,-9.14,-11.37,-17.09,6.89,17,+-+,2,-1.71,1.2,118.0,False,,False,False,False
603458.SSE,勘设股份,2024-08-09,2024-08,2板补涨阴,False,,U坑内,,True,连板,7.81,10.07,25.52,-9.34,-11.07,1.95,12,-++,2,-1.5,0.56,30.0,True,03,True,True,False
603458.SSE,勘设股份,2026-01-14,2026-01,2板补涨阴,False,,U突破,,True,封D1负,-0.84,-2.44,-2.44,14.18,-4.02,18.96,9,+++,2,-2.05,0.49,52.0,False,,True,False,False
603488.SSE,展鹏科技,2026-01-12,2026-01,2板补涨阴,False,,无U,,True,连板,-0.94,10.03,8.72,1.36,1.36,0.0,2,++-,2,1.36,0.1,79.0,True,01,True,True,False
603488.SSE,展鹏科技,2026-01-27,2026-01,2板补涨阴,False,,U坑内,,False,封D1负,-0.09,-0.57,-0.57,-17.97,-17.97,0.0,10,-++,2,-3.8,0.0,57.0,False,,True,False,False
603496.SSE,恒为科技,2023-09-27,2023-09,2板补涨阴,False,,无U,,True,连板,9.47,9.99,17.27,4.06,4.06,0.0,2,++-,2,4.06,2.54,24.0,True,03,True,True,False
603496.SSE,恒为科技,2026-01-14,2026-01,2板补涨阴,False,,无U,,True,炸板,-6.13,-12.3,-12.3,1.21,1.21,0.0,2,+++,2,1.21,0.0,52.0,False,,False,False,False
603499.SSE,翔港科技,2024-03-14,2024-03,2板补涨阴,False,,无U,,True,封D1正,6.64,6.52,6.52,44.02,5.21,36.88,17,+++,2,-5.75,1.26,51.0,False,,True,False,False
603516.SSE,淳中科技,2024-04-01,2024-04,2板补涨阴,False,,U坑内,,True,封D1正,2.56,5.32,5.32,-6.25,-6.25,0.0,15,-++,2,-2.42,1.08,56.0,False,,True,False,False
603516.SSE,淳中科技,2024-12-06,2024-12,2板补涨阴,False,,U突破,,False,封D1正,0.22,4.58,4.58,-2.09,-6.41,4.61,7,+++,2,-1.29,3.17,103.0,False,,True,False,False
603516.SSE,淳中科技,2025-08-05,2025-08,2板补涨阴,False,,无U,,False,封D1正,1.29,8.6,8.6,-0.72,-0.72,0.0,2,+++,2,-0.72,3.89,41.0,False,,True,False,False
603516.SSE,淳中科技,2025-08-13,2025-08,2板补涨阴,False,,无U,,True,封D1正,3.62,6.05,6.05,39.79,-0.72,40.8,8,+++,2,-2.51,2.66,42.0,False,,True,False,False
603516.SSE,淳中科技,2026-07-14,2026-07,2板补涨阴,False,,U坑内,,False,封D1负,7.63,-10.0,-10.0,-26.37,-26.37,0.0,19,--+,2,-6.94,0.55,25.0,False,,True,False,False
603530.SSE,神马电力,2024-06-06,2024-06,2板补涨阴,False,,无U,,True,封D1负,1.1,-2.6,-2.6,0.15,-3.27,3.54,7,+++,2,-4.15,0.18,13.0,False,,True,False,False
603538.SSE,美诺华,2026-07-06,2026-07,2板补涨阴,False,,无U,,False,炸板,0.02,2.37,2.37,-1.47,-1.47,0.0,2,+--,2,-1.47,0.03,92.0,False,,False,False,False
603559.SSE,中通国脉,2026-07-10,2026-07,2板补涨阴,False,,U坑内,,False,封D1负,2.51,-2.05,-2.05,-19.48,-19.48,0.0,5,+--,2,-0.87,2.36,63.0,False,,True,False,False
603567.SSE,珍宝岛,2026-08-04,2026-08,2板补涨阴,False,,U突破,,True,封D1负,2.1,-1.05,-1.05,0.5,-4.64,5.39,12,+++,2,-1.78,1.3,69.0,False,,True,False,False
603567.SSE,珍宝岛,2026-08-07,2026-08,2板补涨阴,False,,U突破,,False,封D1负,0.0,-0.28,-0.28,6.8,-4.64,12.0,15,+++,2,-2.42,2.73,69.0,False,,True,False,False
603578.SSE,三星新材,2025-04-10,2025-04,2板补涨阴,False,,U坑内,,False,封D1正,1.49,3.58,3.58,-23.09,-23.09,0.0,4,+++,2,-5.94,1.54,87.0,False,,True,False,False
603580.SSE,艾艾精工,2026-08-17,2026-08,2板补涨阴,True,U坑,U坑内,,False,连板,3.01,10.0,16.82,-8.73,-15.65,8.2,13,+++,2,-1.45,1.79,51.0,True,05,True,True,False
603585.SSE,苏利股份,2024-12-04,2024-12,2板补涨阴,True,U坑,U坑内,,False,封D1正,4.3,1.64,1.64,-4.32,-6.12,1.91,7,+++,2,-3.62,0.47,92.0,False,,True,False,False
603585.SSE,苏利股份,2025-06-12,2025-06,2板补涨阴,False,,无U,,True,炸板,-6.37,-4.89,-4.89,-0.47,-0.47,0.0,4,+++,2,-3.85,2.53,44.0,False,,False,False,False
603601.SSE,再升科技,2025-08-21,2025-08,2板补涨阴,False,,无U,,True,封D1负,-3.12,-4.84,-4.84,1.22,1.22,0.0,3,+++,2,-4.74,1.63,78.0,False,,True,False,False
603601.SSE,再升科技,2026-03-18,2026-03,2板补涨阴,False,,U坑内,,True,封D1正,0.0,1.95,1.95,-17.82,-17.82,0.0,15,+-+,2,-7.2,0.0,33.0,False,,True,False,False
603607.SSE,京华激光,2023-09-15,2023-09,2板补涨阴,False,,无U,,False,封D1负,-4.33,-10.02,-10.02,-0.05,-0.05,0.0,2,+++,2,-0.05,3.86,20.0,False,,True,False,False
603607.SSE,京华激光,2024-03-25,2024-03,2板补涨阴,False,,U突破,,True,封D1正,-0.25,1.87,1.87,-1.55,-7.02,5.88,16,+++,2,-2.34,1.94,44.0,False,,True,False,False
603608.SSE,天创时尚,2023-06-07,2023-06,2板补涨阴,True,U坑,U坑内,,False,封D1正,1.9,2.95,2.95,-21.78,-24.32,3.36,9,-++,2,-1.37,1.37,35.0,False,,True,False,False
603608.SSE,天创时尚,2026-01-12,2026-01,2板补涨阴,False,,U坑内,,True,封D1正,0.51,5.5,5.5,-13.3,-13.3,0.0,6,+++,2,-4.08,1.4,79.0,False,,True,False,False
603608.SSE,天创时尚,2026-02-11,2026-02,2板补涨阴,False,,U坑内,,False,封D1负,-0.87,-1.83,-1.83,-13.28,-14.02,0.87,14,-++,2,-1.88,1.5,48.0,False,,True,False,False
603610.SSE,麒盛科技,2024-12-25,2024-12,2板补涨阴,False,,U坑内,,False,封D1正,-3.0,3.64,3.64,-12.74,-12.74,0.0,4,+++,2,-1.06,3.26,62.0,False,,True,False,False
603610.SSE,麒盛科技,2024-12-30,2024-12,2板补涨阴,False,,U坑内,,True,炸板,-5.67,-7.07,-7.07,-4.12,-12.74,9.88,7,+++,2,-3.59,0.78,61.0,False,,False,False,False
603613.SSE,国联股份,2024-05-27,2024-05,2板补涨阴,False,,U坑内,,True,封D1负,-1.35,-2.48,-2.48,-16.99,-16.99,0.0,16,--+,2,-1.95,0.36,25.0,False,,True,False,False
603616.SSE,韩建河山,2026-06-18,2026-06,2板补涨阴,False,,U坑内,,True,封D1正,2.17,1.86,1.86,-19.48,-19.48,0.0,7,-+-,2,-2.98,0.5,67.0,False,,True,False,False
603618.SSE,杭电股份,2026-05-06,2026-05,2板补涨阴,True,U坑,U坑内,,False,连板,4.92,10.0,19.97,-10.03,-10.03,0.0,6,+++,2,-4.11,0.95,69.0,True,05,True,True,False
603619.SSE,中曼石油,2026-02-24,2026-02,2板补涨阴,True,U坑,U坑内,,False,封D1正,0.66,3.25,3.25,-10.71,-19.26,10.6,12,+++,2,-3.59,0.78,29.0,False,,True,False,False
603626.SSE,科森科技,2026-03-12,2026-03,2板补涨阴,False,,U坑内,,True,封D1负,-2.87,-4.39,-4.39,-16.89,-18.72,2.26,17,--+,2,-3.36,2.44,48.0,False,,True,False,False
603628.SSE,清源股份,2024-06-21,2024-06,2板补涨阴,False,,U坑内,,False,炸板,-11.68,-12.02,-12.02,-25.95,-26.4,0.6,20,---,2,0.07,0.0,12.0,False,,False,False,False
603629.SSE,利通电子,2026-02-27,2026-02,2板补涨阴,False,,无U,,True,连板,-2.92,10.0,-0.72,29.31,-2.77,33.0,13,+++,2,-0.93,1.01,52.0,True,02,True,True,False
603629.SSE,利通电子,2026-03-11,2026-03,2板补涨阴,True,U坑,U坑内,,False,封D1正,-1.19,1.69,1.69,-10.81,-12.8,2.28,7,-++,2,-1.26,0.36,49.0,False,,True,False,False
603629.SSE,利通电子,2026-03-25,2026-03,2板补涨阴,False,,U坑内,,False,封D1正,1.01,5.38,5.38,-11.48,-12.8,1.51,17,-++,2,-0.99,0.35,74.0,False,,True,False,False
603629.SSE,利通电子,2026-05-13,2026-05,2板补涨阴,False,,无U,,True,封D1负,1.33,-1.34,-1.34,19.59,9.99,8.73,7,+++,2,-3.57,4.0,50.0,False,,True,False,False
603629.SSE,利通电子,2026-08-04,2026-08,2板补涨阴,True,U坑,U坑内,,False,连板,6.97,10.0,19.64,-21.33,-26.25,6.67,9,---,2,-3.03,3.09,69.0,True,02,True,True,False
603629.SSE,利通电子,2026-08-13,2026-08,2板补涨阴,False,,无U,,True,炸板,-2.77,4.72,8.79,5.96,4.94,0.96,6,++-,2,0.96,0.61,86.0,False,,False,True,False
603636.SSE,南威软件,2026-05-19,2026-05,2板补涨阴,False,,无U,,True,封D1负,-0.95,-6.66,-6.66,3.15,-2.88,6.21,7,+++,2,3.24,2.25,72.0,False,,True,False,False
603648.SSE,畅联股份,2025-04-25,2025-04,2板补涨阴,False,,U突破,,True,封D1负,-4.52,-5.49,-5.49,-3.12,-5.85,2.91,11,++-,2,-1.35,1.15,45.0,False,,True,False,False
603656.SSE,泰禾智能,2024-01-09,2024-01,2板补涨阴,True,U坑,U坑内,,False,封D1负,6.02,-4.88,-4.88,-10.34,-13.84,4.07,13,+++,2,0.27,1.46,29.0,False,,True,False,False
603656.SSE,泰禾智能,2024-01-15,2024-01,2板补涨阴,False,,U坑内,,False,封D1负,3.56,-1.6,-1.6,-8.85,-13.84,5.79,17,+++,2,-4.6,1.49,23.0,False,,True,False,False
603660.SSE,苏州科达,2024-03-25,2024-03,2板补涨阴,False,,U坑内,,False,炸板,-6.4,-12.57,-12.57,-4.37,-4.37,0.0,15,-++,2,-2.76,0.72,44.0,False,,False,False,False
603662.SSE,柯力传感,2024-11-08,2024-11,2板补涨阴,False,,无U,,True,炸板,-7.3,-2.4,-2.4,-1.34,-1.34,0.0,3,+++,2,-2.19,1.65,157.0,False,,False,False,False
603662.SSE,柯力传感,2024-11-19,2024-11,2板补涨阴,False,,U坑内,,True,连板,5.62,10.01,8.66,-4.84,-4.84,0.0,10,-++,2,-1.34,3.48,74.0,True,05,True,True,False
603662.SSE,柯力传感,2025-01-02,2025-01,2板补涨阴,False,,U坑内,,True,炸板,-2.07,-4.84,-4.84,-19.35,-19.35,0.0,16,--+,2,-3.88,1.01,39.0,False,,False,False,False
603663.SSE,三祥新材,2026-06-18,2026-06,2板补涨阴,False,,无U,,False,连板,4.99,10.0,15.52,43.21,4.97,36.43,18,+++,2,-4.15,3.62,67.0,True,02,True,True,False
603667.SSE,五洲新春,2025-01-14,2025-01,2板补涨阴,False,,无U,,True,连板,9.99,9.99,16.68,0.96,0.96,0.0,2,+--,2,0.96,1.29,42.0,True,05,True,True,False
603667.SSE,五洲新春,2026-02-06,2026-02,2板补涨阴,False,,U坑内,,True,封D1正,0.41,2.77,2.77,-12.71,-14.98,2.66,14,--+,2,-4.97,3.0,37.0,False,,True,False,False
603676.SSE,卫信康,2025-07-08,2025-07,2板补涨阴,False,,无U,,True,封D1正,0.0,0.78,0.78,0.79,0.79,0.0,2,++-,2,0.79,0.0,52.0,False,,True,False,False
603678.SSE,火炬电子,2026-06-11,2026-06,2板补涨阴,False,,无U,,True,封D1负,1.49,-6.07,-6.07,-3.98,-3.98,0.0,7,+++,2,-5.6,3.82,63.0,False,,True,False,False
603678.SSE,火炬电子,2026-06-15,2026-06,2板补涨阴,False,,无U,,False,封D1正,6.86,5.83,5.83,-0.78,-3.98,3.32,9,-++,2,-6.07,1.41,83.0,False,,True,False,False
603678.SSE,火炬电子,2026-06-24,2026-06,2板补涨阴,False,,无U,,True,连板,5.9,10.0,16.38,5.94,-3.98,10.32,15,+++,2,-4.76,0.44,87.0,True,02,True,True,False
603678.SSE,火炬电子,2026-07-23,2026-07,2板补涨阴,False,,U坑内,,False,炸板,-8.51,-13.16,-13.16,-41.45,-43.42,3.48,20,--+,2,-5.92,3.81,41.0,False,,False,False,False
603679.SSE,华体科技,2024-11-04,2024-11,2板补涨阴,False,,无U,,True,连板,3.58,9.98,22.28,1.26,-1.54,2.84,13,+++,2,-6.94,1.03,74.0,True,03,True,True,False
603685.SSE,晨丰科技,2023-05-23,2023-05,2板补涨阴,False,,无U,,False,炸板,-6.83,-2.16,-2.16,-1.17,-2.27,1.12,3,+++,2,1.12,0.88,31.0,False,,False,False,False
603685.SSE,晨丰科技,2023-06-09,2023-06,2板补涨阴,False,,无U,,True,封D1正,2.45,7.35,7.35,13.06,-2.27,15.68,16,+++,2,-0.62,0.69,26.0,False,,True,False,False
603686.SSE,福龙马,2025-11-04,2025-11,2板补涨阴,False,,无U,,False,封D1正,1.61,2.48,2.48,-1.65,-1.65,0.0,2,+++,2,-1.65,3.46,56.0,False,,True,False,False
603693.SSE,江苏新能,2025-03-31,2025-03,2板补涨阴,False,,U坑内,,False,连板,0.0,9.99,8.78,-15.06,-15.06,0.0,4,+++,2,-5.13,3.11,29.0,True,01,True,True,False
603693.SSE,江苏新能,2025-04-14,2025-04,2板补涨阴,False,,无U,,True,封D1正,1.5,0.82,0.82,-2.34,-2.34,0.0,8,+++,2,-7.37,0.76,64.0,False,,True,False,False
603703.SSE,盛洋科技,2026-01-12,2026-01,2板补涨阴,False,,U突破,,True,封D1负,0.53,-7.62,-7.62,10.91,-14.78,30.15,15,+++,2,3.0,0.0,79.0,False,,True,False,False
603713.SSE,密尔克卫,2026-07-03,2026-07,2板补涨阴,False,,U坑内,,True,封D1负,0.97,-1.11,-1.11,-4.79,-5.92,1.21,6,+++,2,-6.03,3.01,83.0,False,,True,False,False
603716.SSE,塞力医疗,2024-07-29,2024-07,2板补涨阴,False,,U坑内,,False,连板,0.46,10.02,5.08,-9.37,-9.37,0.0,3,++-,2,-4.99,1.13,44.0,True,01,True,True,False
603716.SSE,塞力医疗,2024-08-08,2024-08,2板补涨阴,False,,U坑内,,False,封D1负,1.01,-2.59,-2.59,-11.34,-11.34,0.0,7,+++,2,-6.08,1.04,42.0,False,,True,False,False
603716.SSE,塞力医疗,2024-11-25,2024-11,2板补涨阴,True,U坑,U坑内,,False,连板,9.97,9.97,3.77,-11.72,-12.58,0.98,8,-++,2,-6.49,1.94,60.0,True,02,True,True,False
603716.SSE,塞力医疗,2024-12-09,2024-12,2板补涨阴,True,U坑,U坑内,,False,封D1负,4.1,-2.9,-2.9,-8.56,-11.08,2.83,9,-++,2,-0.77,2.19,94.0,False,,True,False,False
603716.SSE,塞力医疗,2025-02-14,2025-02,2板补涨阴,False,,U坑内,,False,连板,10.0,10.0,14.02,-6.57,-6.57,0.0,4,+++,2,-6.07,1.06,45.0,True,05,True,True,False
603716.SSE,塞力医疗,2025-03-03,2025-03,2板补涨阴,False,,U坑内,,True,封D1正,-1.0,4.7,4.7,-14.71,-14.71,0.0,10,-++,2,-5.31,0.31,32.0,False,,True,False,False
603716.SSE,塞力医疗,2026-01-08,2026-01,2板补涨阴,False,,无U,,False,封D1正,-0.64,4.39,4.39,-2.53,-2.53,0.0,2,+++,2,-2.53,0.0,63.0,False,,True,False,False
603716.SSE,塞力医疗,2026-08-20,2026-08,2板补涨阴,False,,U坑内,,True,封D1负,-3.12,-8.44,-8.44,-4.26,-6.45,2.34,17,-++,2,-5.75,0.12,32.0,False,,True,False,False
603721.SSE,中广天择,2023-11-06,2023-11,2板补涨阴,False,,U坑内,,False,封D1正,0.35,0.2,0.2,-6.31,-6.31,0.0,4,+++,2,-4.25,2.47,35.0,False,,True,False,False
603721.SSE,中广天择,2024-03-13,2024-03,2板补涨阴,False,,U坑内,,True,封D1正,-1.43,5.58,5.58,-6.85,-8.95,2.31,6,++-,2,-3.36,2.84,57.0,False,,True,False,False
603726.SSE,朗迪集团,2023-11-14,2023-11,2板补涨阴,False,,U突破,,True,封D1负,1.2,-1.91,-1.91,-1.81,-10.21,9.35,16,+++,2,0.0,0.33,31.0,False,,True,False,False
603726.SSE,朗迪集团,2023-11-16,2023-11,2板补涨阴,False,,U突破,,False,封D1正,-3.55,0.89,0.89,5.94,-10.21,17.99,18,+++,2,-1.91,2.15,46.0,False,,True,False,False
603728.SSE,鸣志电器,2023-05-22,2023-05,2板补涨阴,False,,无U,,True,炸板,-6.96,-12.56,-12.56,7.11,7.11,0.0,2,++-,2,7.11,0.0,18.0,False,,False,False,False
603738.SSE,泰晶科技,2026-03-27,2026-03,2板补涨阴,False,,U突破,,True,封D1正,-0.61,2.52,2.52,-0.63,-7.93,7.93,19,+++,2,-6.19,2.01,36.0,False,,True,False,False
603757.SSE,大元泵业,2026-07-06,2026-07,2板补涨阴,False,,无U,,True,封D1负,3.55,-6.33,-6.33,6.12,3.77,2.26,9,+++,2,-2.81,2.66,92.0,False,,True,False,False
603758.SSE,秦安股份,2024-11-25,2024-11,2板补涨阴,False,,U坑内,,True,封D1负,2.31,-1.87,-1.87,-9.44,-9.44,0.0,14,-++,2,-5.5,0.0,60.0,False,,True,False,False
603767.SSE,中马传动,2023-08-02,2023-08,2板补涨阴,False,,U坑内,,False,封D1负,-2.44,-1.6,-1.6,-27.58,-27.58,0.0,9,-++,2,-2.53,0.16,25.0,False,,True,False,False
603767.SSE,中马传动,2023-08-17,2023-08,2板补涨阴,False,,U坑内,,True,封D1正,5.49,7.83,7.83,-26.61,-27.58,1.34,20,---,2,-4.2,0.24,17.0,False,,True,False,False
603773.SSE,沃格光电,2026-04-17,2026-04,2板补涨阴,False,,无U,,False,连板,6.99,10.0,10.6,11.47,1.99,9.3,5,++-,2,-2.89,0.0,68.0,True,01,True,True,False
603773.SSE,沃格光电,2026-04-27,2026-04,2板补涨阴,False,,无U,,False,封D1负,4.32,-1.14,-1.14,0.19,0.19,0.0,5,+++,2,-3.64,2.83,50.0,False,,True,False,False
603773.SSE,沃格光电,2026-04-29,2026-04,2板补涨阴,False,,无U,,False,封D1负,3.0,-0.56,-0.56,8.95,0.19,8.75,7,+++,2,-1.14,0.0,53.0,False,,True,False,False
603776.SSE,永安行,2025-07-03,2025-07,2板补涨阴,True,U坑,U坑内,,False,封D1正,-2.09,4.89,4.89,-11.27,-11.27,0.0,6,+++,2,-4.55,2.44,51.0,False,,True,False,False
603778.SSE,国晟科技,2026-03-03,2026-03,2板补涨阴,False,,U坑内,,True,封D1正,-3.61,2.0,2.0,-12.86,-14.65,2.1,13,---,2,-5.87,2.0,77.0,False,,True,False,False
603778.SSE,国晟科技,2026-03-06,2026-03,2板补涨阴,False,,U突破,,True,封D1正,0.0,3.57,3.57,-3.89,-14.65,12.6,16,+--,2,-1.71,1.01,55.0,False,,True,False,False
603778.SSE,国晟科技,2026-04-01,2026-04,2板补涨阴,False,,U突破,,False,封D1正,1.78,6.04,6.04,0.85,-11.21,13.58,11,+++,2,-1.19,2.49,44.0,False,,True,False,False
603798.SSE,康普顿,2024-01-19,2024-01,2板补涨阴,False,,U坑内,,True,封D1负,-0.74,-5.47,-5.47,-17.65,-17.65,0.0,7,+++,2,-6.04,2.01,37.0,False,,True,False,False
603798.SSE,康普顿,2024-01-23,2024-01,2板补涨阴,True,U坑,U坑内,,False,炸板,-5.35,-4.55,-4.55,-14.37,-17.65,3.98,9,-++,2,-5.47,2.23,15.0,False,,False,False,False
603800.SSE,洪田股份,2025-08-28,2025-08,2板补涨阴,False,,无U,,False,封D1负,1.97,-5.47,-5.47,-3.23,-3.23,0.0,13,-++,2,-5.44,0.94,39.0,False,,True,False,False
603800.SSE,洪田股份,2025-09-01,2025-09,2板补涨阴,False,,无U,,False,封D1负,0.79,-5.42,-5.42,0.62,-3.23,3.98,15,-++,2,-5.47,1.93,55.0,False,,True,False,False
603803.SSE,瑞斯康达,2024-03-08,2024-03,2板补涨阴,False,,U坑内,,True,封D1正,-0.69,5.66,5.66,-5.45,-10.04,5.1,9,++-,2,-3.8,0.88,44.0,False,,True,False,False
603803.SSE,瑞斯康达,2026-03-18,2026-03,2板补涨阴,False,,无U,,False,封D1正,-0.61,5.86,5.86,-1.32,-1.32,0.0,5,+++,2,-7.94,1.31,33.0,False,,True,False,False
603803.SSE,瑞斯康达,2026-03-23,2026-03,2板补涨阴,False,,无U,,True,封D1正,-0.96,6.84,6.84,9.75,-1.32,11.22,8,+++,2,-4.46,0.0,26.0,False,,True,False,False
603803.SSE,瑞斯康达,2026-04-01,2026-04,2板补涨阴,False,,无U,,True,封D1负,0.73,-3.07,-3.07,2.81,-1.32,4.19,15,-++,2,-8.06,1.33,44.0,False,,True,False,False
603808.SSE,歌力思,2026-04-09,2026-04,2板补涨阴,False,,无U,,True,封D1负,-0.44,-5.28,-5.28,-0.86,-3.74,2.99,10,-++,2,0.49,0.49,108.0,False,,True,False,False
603809.SSE,豪能股份,2024-05-07,2024-05,2板补涨阴,False,,无U,,False,封D1正,7.98,4.33,4.33,-1.48,-1.48,0.0,2,+++,2,-1.48,0.33,73.0,False,,True,False,False
603809.SSE,豪能股份,2024-11-29,2024-11,2板补涨阴,False,,U坑内,,True,封D1正,0.25,4.06,4.06,-17.02,-18.61,1.95,19,--+,2,-2.75,1.24,75.0,False,,True,False,False
603810.SSE,丰山集团,2024-01-25,2024-01,2板补涨阴,False,,无U,,True,封D1负,-10.02,-10.02,-10.02,2.53,2.53,0.0,2,+++,2,2.53,1.05,64.0,False,,True,False,False
603810.SSE,丰山集团,2025-10-16,2025-10,2板补涨阴,True,U坑,U坑内,,False,封D1负,1.27,-3.13,-3.13,-9.09,-9.09,0.0,6,+++,2,-0.76,1.39,58.0,False,,True,False,False
603811.SSE,诚意药业,2025-07-14,2025-07,2板补涨阴,False,,U坑内,,False,连板,2.18,9.97,15.05,-12.78,-12.78,0.0,7,-++,2,0.0,0.2,49.0,True,05,True,True,False
603811.SSE,诚意药业,2025-08-04,2025-08,2板补涨阴,False,,无U,,True,连板,8.33,10.04,15.99,0.82,-3.3,4.26,14,+++,2,-3.7,0.0,30.0,True,05,True,True,False
603811.SSE,诚意药业,2025-08-08,2025-08,2板补涨阴,False,,无U,,True,封D1负,-2.41,-3.79,-3.79,2.03,2.03,0.0,3,+++,2,-3.21,3.85,47.0,False,,True,False,False
603819.SSE,神力股份,2024-11-22,2024-11,2板补涨阴,False,,U坑内,,True,封D1正,9.0,4.95,4.95,-5.0,-6.36,1.45,6,+++,2,-1.23,2.29,88.0,False,,True,False,False
603819.SSE,神力股份,2024-11-27,2024-11,2板补涨阴,False,,U突破,,True,封D1正,2.76,0.84,0.84,0.42,-6.36,7.24,9,+++,2,-8.42,0.77,79.0,False,,True,False,False
603823.SSE,百合花,2026-08-17,2026-08,2板补涨阴,False,,无U,,True,连板,4.88,10.0,6.63,6.27,-1.35,7.72,7,+--,2,-6.59,0.53,51.0,True,02,True,True,False
603829.SSE,洛凯股份,2025-11-21,2025-11,2板补涨阴,False,,无U,,False,封D1负,-1.62,-9.98,-9.98,-2.44,-2.44,0.0,3,+++,2,-1.71,2.63,35.0,False,,True,False,False
603839.SSE,安正时尚,2024-08-19,2024-08,2板补涨阴,False,,U坑内,,False,封D1负,4.87,-9.91,-9.91,-4.74,-4.74,0.0,2,+++,2,-4.74,0.36,22.0,False,,True,False,False
603839.SSE,安正时尚,2025-05-15,2025-05,2板补涨阴,False,,U突破,,True,连板,3.09,10.01,3.83,-3.74,-20.28,20.74,14,+++,2,-0.64,0.32,51.0,True,02,True,True,False
603839.SSE,安正时尚,2025-05-22,2025-05,2板补涨阴,False,,U坑内,,False,封D1负,0.92,-3.43,-3.43,-7.76,-7.76,0.0,4,+++,2,-1.85,2.28,45.0,False,,True,False,False
603848.SSE,好太太,2023-07-25,2023-07,2板补涨阴,False,,U坑内,,True,封D1正,3.3,4.56,4.56,-10.95,-10.95,0.0,19,+-+,2,-3.24,0.7,19.0,False,,True,False,False
603861.SSE,白云电器,2026-02-24,2026-02,2板补涨阴,True,U坑,U坑内,,False,封D1负,-0.6,-0.44,-0.44,-9.46,-10.67,1.35,10,-++,2,-2.76,2.29,29.0,False,,True,False,False
603861.SSE,白云电器,2026-07-23,2026-07,2板补涨阴,False,,U坑内,,False,封D1负,-1.82,-4.46,-4.46,-27.63,-29.01,1.95,12,---,2,-0.9,0.72,41.0,False,,True,False,False
603863.SSE,松炀资源,2023-10-16,2023-10,2板补涨阴,False,,无U,,True,封D1正,1.82,5.47,5.47,12.29,5.31,6.62,5,+++,2,-0.78,0.13,28.0,False,,True,False,False
603863.SSE,松炀资源,2023-10-27,2023-10,2板补涨阴,False,,无U,,True,封D1正,0.74,0.98,0.98,26.2,5.31,19.83,14,+++,2,-1.61,2.01,34.0,False,,True,False,False
603863.SSE,松炀资源,2024-06-24,2024-06,2板补涨阴,False,,U坑内,,True,封D1正,0.0,0.41,0.41,-18.48,-18.48,0.0,6,---,2,-6.23,1.2,17.0,False,,True,False,False
603863.SSE,松炀资源,2024-11-05,2024-11,2板补涨阴,False,,U坑内,,True,封D1正,2.94,7.81,7.81,-14.93,-14.93,0.0,20,--+,2,-2.16,0.04,122.0,False,,True,False,False
603879.SSE,永悦科技,2025-12-24,2025-12,2板补涨阴,True,U坑,U坑内,,False,封D1正,2.0,1.33,1.33,-25.24,-27.71,3.42,10,---,2,-5.05,0.35,48.0,False,,True,False,False
603882.SSE,金域医学,2025-02-14,2025-02,2板补涨阴,False,,无U,,True,封D1正,4.99,2.53,2.53,-0.3,-0.3,0.0,4,++-,2,-2.16,1.45,45.0,False,,True,False,False
603882.SSE,金域医学,2025-02-19,2025-02,2板补涨阴,False,,无U,,True,封D1正,1.32,4.4,4.4,6.07,-0.3,6.39,7,+++,2,-5.67,3.68,37.0,False,,True,False,False
603883.SSE,老百姓,2024-11-06,2024-11,2板补涨阴,False,,无U,,False,炸板,-6.52,-1.98,-1.98,-1.03,-1.03,0.0,2,+++,2,-1.03,3.86,139.0,False,,False,False,False
603887.SSE,城地香江,2024-07-01,2024-07,2板补涨阴,False,,U坑内,,False,炸板,-6.63,-6.46,-6.46,-7.62,-7.62,0.0,2,++-,2,-7.62,2.66,23.0,False,,False,False,False
603893.SSE,瑞芯微,2024-10-14,2024-10,2板补涨阴,False,,U坑内,,True,封D1正,1.6,5.33,5.33,-4.87,-4.87,0.0,4,+++,2,-5.04,3.38,28.0,False,,True,False,False
603893.SSE,瑞芯微,2024-12-26,2024-12,2板补涨阴,False,,U坑内,,False,封D1正,2.11,0.17,0.17,-6.15,-6.15,0.0,4,+++,2,-3.59,2.36,31.0,False,,True,False,False
603893.SSE,瑞芯微,2025-01-17,2025-01,2板补涨阴,False,,无U,,True,封D1正,2.25,3.29,3.29,6.8,1.96,4.74,7,+++,2,-5.89,0.74,59.0,False,,True,False,False
603893.SSE,瑞芯微,2025-09-18,2025-09,2板补涨阴,False,,U坑内,,True,炸板,-2.72,-6.05,-6.05,-12.16,-17.86,6.93,15,+-+,2,-1.27,2.37,56.0,False,,False,False,False
603897.SSE,长城科技,2026-03-16,2026-03,2板补涨阴,False,,U坑内,,True,炸板,-2.21,-13.52,-13.52,-6.02,-6.02,0.0,10,-++,2,-7.13,0.47,52.0,False,,False,False,False
603897.SSE,长城科技,2026-03-18,2026-03,2板补涨阴,False,,U坑内,,True,封D1正,-1.06,0.69,0.69,-10.59,-10.59,0.0,12,-++,2,-8.28,0.27,33.0,False,,True,False,False
603898.SSE,好莱客,2025-12-02,2025-12,2板补涨阴,False,,U坑内,,False,封D1负,7.68,-0.43,-0.43,-17.63,-17.63,0.0,7,-++,2,-3.21,0.99,54.0,False,,True,False,False
603898.SSE,好莱客,2025-12-08,2025-12,2板补涨阴,True,U坑,U坑内,,False,封D1正,0.35,2.35,2.35,-14.38,-17.63,3.95,11,+++,2,-2.45,1.33,58.0,False,,True,False,False
603900.SSE,莱绅通灵,2024-07-11,2024-07,2板补涨阴,False,,U坑内,,True,封D1负,1.48,-1.9,-1.9,-27.36,-27.36,0.0,13,--+,2,-3.8,0.45,34.0,False,,True,False,False
603900.SSE,莱绅通灵,2024-07-16,2024-07,2板补涨阴,False,,U坑内,,False,连板,6.17,10.08,2.88,-25.34,-27.36,2.79,16,--+,2,-4.74,0.0,22.0,True,02,True,True,False
603900.SSE,莱绅通灵,2024-08-09,2024-08,2板补涨阴,False,,U突破,,True,封D1正,-1.51,1.01,1.01,1.31,-15.7,20.18,17,+++,2,-3.39,1.25,30.0,False,,True,False,False
603900.SSE,莱绅通灵,2025-04-17,2025-04,2板补涨阴,False,,U坑内,,False,封D1负,-1.33,-6.63,-6.63,-21.9,-29.62,10.97,20,+-+,2,-0.96,0.0,40.0,False,,True,False,False
603903.SSE,中持股份,2025-10-31,2025-10,2板补涨阴,False,,U坑内,,True,封D1正,0.13,1.87,1.87,-7.03,-7.03,0.0,13,-++,2,-3.4,0.43,42.0,False,,True,False,False
603906.SSE,龙蟠科技,2024-11-28,2024-11,2板补涨阴,False,,无U,,True,炸板,-6.14,-10.97,-10.97,7.86,7.86,0.0,2,+++,2,7.86,0.0,77.0,False,,False,False,False
603917.SSE,合力科技,2024-03-06,2024-03,2板补涨阴,False,,U突破,,True,封D1正,0.53,2.53,2.53,-3.19,-4.39,1.26,9,-+-,2,-2.01,1.58,38.0,False,,True,False,False
603918.SSE,金桥信息,2023-05-17,2023-05,2板补涨阴,False,,U坑内,,True,连板,2.15,9.99,19.21,-7.58,-7.58,0.0,7,++-,2,-6.74,0.06,15.0,True,05,True,True,False
603918.SSE,金桥信息,2025-03-06,2025-03,2板补涨阴,False,,U坑内,,True,封D1负,-0.45,-7.02,-7.02,-12.59,-16.04,4.1,14,-++,2,0.38,1.43,55.0,False,,True,False,False
603920.SSE,世运电路,2024-10-29,2024-10,2板补涨阴,False,,U坑内,,True,炸板,-5.06,-1.55,-1.55,-7.74,-22.41,18.91,15,+++,2,-3.54,0.07,179.0,False,,False,False,False
603929.SSE,亚翔集成,2025-11-18,2025-11,2板补涨阴,False,,无U,,False,封D1负,0.93,-3.49,-3.49,13.23,5.07,7.76,11,+++,2,-2.58,3.83,69.0,False,,True,False,False
603929.SSE,亚翔集成,2025-12-22,2025-12,2板补涨阴,False,,无U,,True,连板,3.6,10.0,8.97,0.36,-2.38,2.8,6,+++,2,-5.11,0.0,65.0,True,05,True,True,False
603929.SSE,亚翔集成,2025-12-26,2025-12,2板补涨阴,False,,无U,,False,炸板,-14.85,-19.07,-19.07,-2.13,-2.13,0.0,3,+++,2,-1.2,0.49,72.0,False,,False,False,False
603929.SSE,亚翔集成,2026-01-27,2026-01,2板补涨阴,False,,无U,,False,封D1正,6.28,5.85,5.85,17.69,1.59,15.84,15,-++,2,-3.59,0.67,57.0,False,,True,False,False
603929.SSE,亚翔集成,2026-06-17,2026-06,2板补涨阴,False,,无U,,True,封D1负,1.21,-7.18,-7.18,2.56,2.56,0.0,6,++-,2,-2.01,1.99,105.0,False,,True,False,False
603929.SSE,亚翔集成,2026-07-10,2026-07,2板补涨阴,False,,U坑内,,True,炸板,-12.45,-9.82,-9.82,-17.83,-17.83,0.0,11,-++,2,-4.43,2.81,63.0,False,,False,False,False
603933.SSE,睿能科技,2026-04-16,2026-04,2板补涨阴,False,,U坑内,,False,封D1负,0.2,-1.8,-1.8,-7.54,-7.54,0.0,4,++-,2,-4.26,0.68,53.0,False,,True,False,False
603933.SSE,睿能科技,2026-04-29,2026-04,2板补涨阴,False,,U坑内,,False,封D1正,4.0,5.03,5.03,-13.78,-13.78,0.0,13,-++,2,-4.13,0.95,53.0,False,,True,False,False
603938.SSE,三孚股份,2023-12-26,2023-12,2板补涨阴,False,,U坑内,,False,炸板,-3.99,-6.13,-6.13,-18.25,-19.04,0.97,12,---,2,-1.42,2.08,30.0,False,,False,False,False
603950.SSE,长源东谷,2026-07-16,2026-07,2板补涨阴,False,,U坑内,,True,炸板,-1.18,-10.86,-10.86,-25.23,-25.23,0.0,12,-++,2,-2.94,1.78,65.0,False,,False,False,False
603955.SSE,大千生态,2025-04-28,2025-04,2板补涨阴,False,,U坑内,,False,封D1负,0.0,-0.7,-0.7,-13.32,-13.32,0.0,5,++-,2,-5.51,0.46,59.0,False,,True,False,False
603955.SSE,大千生态,2025-04-30,2025-04,2板补涨阴,True,U坑,U坑内,,False,封D1正,-0.24,1.6,1.6,-5.3,-13.32,9.25,7,++-,2,-0.7,1.84,49.0,False,,True,False,False
603955.SSE,大千生态,2025-05-19,2025-05,2板补涨阴,False,,U突破,,True,封D1正,0.0,7.15,7.15,32.75,-13.32,53.16,17,+++,2,-0.25,3.08,51.0,False,,True,False,False
603956.SSE,威派格,2026-07-31,2026-07,2板补涨阴,False,,U坑内,,False,封D1正,6.07,4.55,4.55,-5.07,-5.07,0.0,5,+-+,2,-3.39,0.97,46.0,False,,True,False,False
603958.SSE,哈森股份,2025-04-01,2025-04,2板补涨阴,False,,U坑内,,False,封D1正,4.77,9.21,9.21,-20.99,-20.99,0.0,14,--+,2,-2.88,2.1,27.0,False,,True,False,False
603958.SSE,哈森股份,2026-02-26,2026-02,2板补涨阴,False,,无U,,True,封D1正,0.0,4.39,4.39,8.52,6.44,1.95,14,-++,2,-0.26,3.12,61.0,False,,True,False,False
603958.SSE,哈森股份,2026-08-20,2026-08,2板补涨阴,False,,U坑内,,False,连板,7.07,10.01,19.16,-8.02,-8.02,0.0,2,+++,2,-8.02,2.33,32.0,True,03,True,True,False
603967.SSE,中创物流,2025-04-16,2025-04,2板补涨阴,False,,U坑内,,True,封D1正,-2.41,0.6,0.6,-10.2,-10.2,0.0,7,+++,2,-6.58,0.54,44.0,False,,True,False,False
603978.SSE,深圳新星,2025-11-11,2025-11,2板补涨阴,False,,无U,,False,炸板,-8.77,-8.62,-8.62,-0.82,-0.82,0.0,2,+++,2,-0.82,0.0,56.0,False,,False,False,False
603978.SSE,深圳新星,2025-11-20,2025-11,2板补涨阴,False,,U坑内,,False,封D1负,-4.33,-10.0,-10.0,-9.86,-9.86,0.0,9,+++,2,-4.14,2.45,48.0,False,,True,False,False
603980.SSE,吉华集团,2025-06-09,2025-06,2板补涨阴,False,,U坑内,,False,连板,5.0,10.0,5.77,-13.37,-14.47,1.28,14,--+,2,-1.25,1.04,44.0,True,02,True,True,False
603982.SSE,泉峰汽车,2025-06-19,2025-06,2板补涨阴,False,,U坑内,,True,封D1负,-0.46,-5.44,-5.44,-4.92,-5.01,0.1,5,+++,2,-6.01,0.19,29.0,False,,True,False,False
603982.SSE,泉峰汽车,2025-06-30,2025-06,2板补涨阴,False,,U突破,,True,封D1正,3.79,1.53,1.53,-2.89,-5.01,2.23,12,+++,2,-4.37,0.19,42.0,False,,True,False,False
603988.SSE,中电电机,2024-09-26,2024-09,2板补涨阴,False,,无U,,True,炸板,-6.67,-8.7,-8.7,3.32,3.32,0.0,2,+++,2,3.32,0.0,43.0,False,,False,False,False
603988.SSE,中电电机,2024-11-18,2024-11,2板补涨阴,False,,无U,,True,封D1负,-2.9,-0.15,-0.15,-1.65,-1.76,0.11,5,+++,2,-2.77,1.9,53.0,False,,True,False,False
603988.SSE,中电电机,2026-07-27,2026-07,2板补涨阴,False,,U坑内,,False,封D1负,-2.16,-2.11,-2.11,-4.48,-4.48,0.0,2,+--,2,-4.48,3.32,36.0,False,,True,False,False
603988.SSE,中电电机,2026-08-05,2026-08,2板补涨阴,False,,U突破,,True,连板,6.54,10.02,8.57,9.32,-4.48,14.45,9,++-,2,-0.16,0.16,123.0,True,02,True,True,False
603988.SSE,中电电机,2026-08-20,2026-08,2板补涨阴,False,,U坑内,,True,封D1负,2.74,-1.93,-1.93,-15.18,-15.18,0.0,10,-++,2,-5.35,0.59,32.0,False,,True,False,False
603989.SSE,艾华集团,2026-06-15,2026-06,2板补涨阴,False,,U坑内,,True,炸板,-2.02,8.41,40.39,-25.14,-25.14,0.0,12,-++,2,-5.98,0.62,83.0,False,,False,True,False
603990.SSE,麦迪科技,2025-03-14,2025-03,2板补涨阴,False,,U坑内,,True,炸板,-2.54,-4.89,-4.89,-9.38,-10.62,1.38,19,+++,2,-6.08,0.0,34.0,False,,False,False,False
603991.SSE,领先股份,2023-11-27,2023-11,2板补涨阴,False,,U坑内,,False,炸板,-0.43,-2.52,-2.52,-13.47,-13.93,0.53,8,+++,2,0.53,2.13,27.0,False,,False,False,False
605005.SSE,合兴股份,2025-06-03,2025-06,2板补涨阴,False,,无U,,True,连板,10.0,10.0,3.68,2.51,2.51,0.0,2,+++,2,2.51,0.0,32.0,True,01,True,True,False
605006.SSE,山东玻纤,2025-07-01,2025-07,2板补涨阴,False,,U坑内,,False,封D1正,2.84,2.3,2.3,-8.94,-12.87,4.51,19,+-+,2,0.3,0.0,63.0,False,,True,False,False
605006.SSE,山东玻纤,2026-02-24,2026-02,2板补涨阴,False,,U坑内,,False,封D1正,9.73,2.99,2.99,-7.45,-7.45,0.0,2,+++,2,-7.45,0.78,29.0,False,,True,False,False
605006.SSE,山东玻纤,2026-07-09,2026-07,2板补涨阴,False,,U坑内,,True,炸板,1.93,-4.88,-4.88,-24.02,-24.02,0.0,20,--+,2,-5.6,2.71,41.0,False,,False,False,False
605028.SSE,世茂能源,2023-06-05,2023-06,2板补涨阴,False,,U坑内,,False,封D1负,0.0,-2.92,-2.92,-19.12,-19.12,0.0,4,+++,2,-1.38,2.4,45.0,False,,True,False,False
605028.SSE,世茂能源,2023-06-28,2023-06,2板补涨阴,False,,U坑内,,False,封D1负,1.91,-4.64,-4.64,-12.3,-19.33,8.71,19,+-+,2,-1.64,1.31,48.0,False,,True,False,False
605028.SSE,世茂能源,2026-07-22,2026-07,2板补涨阴,False,,U坑内,,True,封D1正,5.95,7.1,7.1,-8.58,-8.58,0.0,5,+++,2,-5.54,1.88,83.0,False,,True,False,False
605033.SSE,美邦股份,2025-06-12,2025-06,2板补涨阴,False,,U坑内,,True,封D1负,2.78,-0.09,-0.09,-13.52,-18.86,6.57,10,+++,2,-3.48,2.29,44.0,False,,True,False,False
605056.SSE,咸亨国际,2024-10-18,2024-10,2板补涨阴,False,,U突破,,True,封D1正,1.02,5.56,5.56,0.65,-10.45,12.39,9,-++,2,-0.08,3.14,41.0,False,,True,False,False
605068.SSE,明新旭腾,2024-02-27,2024-02,2板补涨阴,False,,无U,,True,封D1负,2.72,-8.68,-8.68,3.81,-3.81,7.93,6,+--,2,2.14,2.14,72.0,False,,True,False,False
605068.SSE,明新旭腾,2025-05-12,2025-05,2板补涨阴,False,,无U,,True,炸板,-1.56,-8.62,-8.62,4.09,4.09,0.0,3,++-,2,-0.73,1.76,27.0,False,,False,False,False
605086.SSE,龙高股份,2026-01-08,2026-01,2板补涨阴,False,,U坑内,,False,封D1正,0.25,0.2,0.2,-4.35,-4.35,0.0,5,+++,2,-0.58,0.16,63.0,False,,True,False,False
605088.SSE,冠盛股份,2023-09-15,2023-09,2板补涨阴,False,,无U,,True,封D1正,9.74,3.12,3.12,2.8,-0.77,3.6,17,-++,2,-0.84,1.77,20.0,False,,True,False,False
605099.SSE,共创草坪,2026-05-15,2026-05,2板补涨阴,False,,无U,,True,封D1负,2.35,-10.01,-10.01,0.56,0.56,0.0,8,+++,2,-1.56,2.02,50.0,False,,True,False,False
605117.SSE,德业股份,2024-04-01,2024-04,2板补涨阴,False,,U坑内,,True,封D1正,0.97,0.89,0.89,-12.95,-12.95,0.0,15,-++,2,-4.38,2.18,56.0,False,,True,False,False
605138.SSE,盛泰集团,2025-05-13,2025-05,2板补涨阴,True,U坑,U坑内,,False,连板,4.99,9.97,11.97,-8.33,-17.24,10.76,15,+++,2,-0.78,2.18,38.0,True,03,True,True,False
605162.SSE,新中港,2023-06-21,2023-06,2板补涨阴,False,,U坑内,,False,连板,1.94,10.01,14.58,-18.34,-19.39,1.3,19,--+,2,-2.71,0.1,34.0,True,02,True,True,False
605162.SSE,新中港,2024-04-10,2024-04,2板补涨阴,True,U坑,U坑内,,False,炸板,-9.33,-4.6,-4.6,-10.05,-10.63,0.65,7,+++,2,-4.58,0.5,48.0,False,,False,False,False
605162.SSE,新中港,2026-08-10,2026-08,2板补涨阴,False,,无U,,False,封D1负,1.07,-2.47,-2.47,0.36,-3.08,3.54,12,-++,2,-0.47,0.0,59.0,False,,True,False,False
605162.SSE,新中港,2026-08-17,2026-08,2板补涨阴,False,,无U,,False,封D1正,0.1,1.99,1.99,2.49,-3.08,5.74,17,+++,2,-4.31,0.0,51.0,False,,True,False,False
605178.SSE,时空科技,2024-03-25,2024-03,2板补涨阴,False,,U坑内,,True,封D1负,2.67,-3.79,-3.79,-4.78,-11.92,8.11,14,+++,2,-3.43,0.0,44.0,False,,True,False,False
605178.SSE,时空科技,2024-08-13,2024-08,2板补涨阴,False,,U坑内,,True,封D1正,4.44,1.09,1.09,-13.01,-17.88,5.93,19,-++,2,-5.37,0.53,23.0,False,,True,False,False
605179.SSE,一鸣食品,2025-01-21,2025-01,2板补涨阴,False,,U坑内,,False,炸板,-8.72,-11.05,-11.05,-6.8,-6.8,0.0,2,+--,2,-6.8,3.44,62.0,False,,False,False,False
605189.SSE,富春染织,2026-08-10,2026-08,2板补涨阴,False,,U突破,,True,炸板,-2.6,-1.33,-1.33,0.7,-12.72,15.38,18,+++,2,-3.02,0.74,59.0,False,,False,False,False
605198.SSE,安德利,2024-05-06,2024-05,2板补涨阴,False,,无U,,True,炸板,-0.68,6.19,6.19,11.39,4.78,6.31,20,-++,2,-1.89,0.2,47.0,False,,False,False,False
605208.SSE,永茂泰,2025-02-27,2025-02,2板补涨阴,False,,无U,,True,封D1负,-5.16,-3.96,-3.96,3.63,3.63,0.0,2,+++,2,3.63,0.0,81.0,False,,True,False,False
605208.SSE,永茂泰,2025-04-02,2025-04,2板补涨阴,False,,U坑内,,True,炸板,-5.1,-2.42,-2.42,-30.81,-30.81,0.0,18,--+,2,-0.46,2.38,43.0,False,,False,False,False
605255.SSE,天普股份,2026-02-02,2026-02,2板补涨阴,False,,U坑内,,False,封D1正,0.01,8.75,8.75,-44.16,-44.16,0.0,16,--+,2,-8.4,2.86,41.0,False,,True,False,False
605259.SSE,绿田机械,2025-07-25,2025-07,2板补涨阴,False,,U坑内,,False,封D1正,1.65,3.87,3.87,-10.46,-10.46,0.0,8,-++,2,-0.84,0.25,61.0,False,,True,False,False
605287.SSE,德才股份,2026-01-26,2026-01,2板补涨阴,False,,无U,,True,炸板,-4.79,-6.79,-6.79,23.0,6.18,15.84,7,+++,2,-2.07,1.07,79.0,False,,False,False,False
605288.SSE,凯迪股份,2026-06-02,2026-06,2板补涨阴,False,,U坑内,,True,封D1正,1.0,3.2,3.2,-17.47,-17.47,0.0,9,-++,2,-4.5,0.92,109.0,False,,True,False,False
605288.SSE,凯迪股份,2026-06-15,2026-06,2板补涨阴,False,,U坑内,,True,封D1正,2.98,4.76,4.76,-39.03,-39.03,0.0,18,--+,2,-4.0,3.58,83.0,False,,True,False,False
605289.SSE,罗曼股份,2025-09-29,2025-09,2板补涨阴,False,,无U,,True,封D1正,3.68,6.11,6.11,16.09,-1.52,17.89,11,+++,2,-2.11,1.08,39.0,False,,True,False,False
605289.SSE,罗曼股份,2026-05-27,2026-05,2板补涨阴,False,,U坑内,,True,封D1正,0.0,0.92,0.92,-30.79,-35.17,6.75,18,--+,2,-1.88,0.53,45.0,False,,True,False,False
605298.SSE,必得科技,2023-06-09,2023-06,2板补涨阴,False,,U坑内,,False,炸板,-8.44,-9.77,-9.77,-8.19,-8.19,0.0,2,+++,2,-8.19,2.4,26.0,False,,False,False,False
605299.SSE,舒华体育,2026-03-27,2026-03,2板补涨阴,False,,无U,,False,封D1正,-2.55,0.73,0.73,-1.35,-1.35,0.0,2,+++,2,-1.35,2.31,36.0,False,,True,False,False
605303.SSE,园林股份,2025-10-17,2025-10,2板补涨阴,False,,U坑内,,True,封D1正,3.34,0.0,0.0,-8.73,-13.36,5.34,18,+-+,2,-3.43,3.43,36.0,False,,True,False,False
605358.SSE,立昂微,2024-10-18,2024-10,2板补涨阴,False,,U坑内,,True,炸板,-0.27,1.47,1.47,-11.46,-11.46,0.0,8,-++,2,-1.17,0.55,41.0,False,,False,False,False
605358.SSE,立昂微,2025-12-22,2025-12,2板补涨阴,False,,U坑内,,True,封D1正,2.18,0.38,0.38,-8.6,-8.6,0.0,7,++-,2,-3.02,1.02,65.0,False,,True,False,False
605358.SSE,立昂微,2026-01-05,2026-01,2板补涨阴,False,,U坑内,,True,连板,3.39,10.0,8.36,-4.6,-8.6,4.38,15,+++,2,-0.46,0.46,49.0,True,02,True,True,False
605366.SSE,宏柏新材,2026-04-15,2026-04,2板补涨阴,False,,U突破,,True,封D1正,2.46,4.4,4.4,8.74,-5.17,14.68,14,+++,2,-0.33,3.27,49.0,False,,True,False,False
605377.SSE,华旺科技,2026-06-29,2026-06,2板补涨阴,False,,U坑内,,True,封D1负,-0.32,-2.31,-2.31,-6.39,-6.39,0.0,4,+--,2,-3.14,0.34,51.0,False,,True,False,False
605377.SSE,华旺科技,2026-07-06,2026-07,2板补涨阴,True,U坑,U坑内,,False,封D1负,-1.03,-0.31,-0.31,-4.55,-6.39,1.97,9,++-,2,-2.54,1.66,92.0,False,,True,False,False
605577.SSE,龙版传媒,2023-10-13,2023-10,2板补涨阴,False,,U坑内,,False,连板,0.0,10.04,-0.63,-8.29,-8.29,0.0,2,++-,2,-8.29,0.0,27.0,True,01,True,True,False
605577.SSE,龙版传媒,2023-10-20,2023-10,2板补涨阴,False,,U坑内,,False,封D1负,-0.71,-1.74,-1.74,-17.24,-17.24,0.0,4,+++,2,-5.19,0.0,22.0,False,,True,False,False
605580.SSE,恒盛能源,2024-04-08,2024-04,2板补涨阴,False,,U坑内,,True,封D1负,-0.26,-4.24,-4.24,-10.59,-15.71,6.08,14,+++,2,0.1,0.0,42.0,False,,True,False,False
605580.SSE,恒盛能源,2024-04-10,2024-04,2板补涨阴,False,,U坑内,,False,炸板,-9.3,-5.53,-5.53,-5.82,-15.71,11.74,16,+-+,2,-4.24,0.26,48.0,False,,False,False,False
605580.SSE,恒盛能源,2025-10-24,2025-10,2板补涨阴,False,,无U,,True,炸板,-2.92,-5.45,-5.45,-3.03,-3.03,0.0,3,+++,2,-6.07,1.0,49.0,False,,False,False,False
605598.SSE,上海港湾,2025-08-06,2025-08,2板补涨阴,False,,U坑内,,False,炸板,-5.46,6.22,15.7,-13.47,-14.76,1.51,11,-++,2,-0.35,0.39,44.0,False,,False,True,False
000012.SZSE,南 玻Ａ,2026-06-16,2026-06,2板补涨阳,False,,U坑内,,True,封D1正,0.66,2.43,2.43,-6.59,-9.09,2.75,17,-++,2,2.75,2.0,127.0,False,,True,False,False
000017.SZSE,深中华A,2026-07-09,2026-07,2板补涨阳,False,,无U,,False,炸板,-6.6,-10.19,-10.19,-0.98,-1.96,1.0,7,+++,2,0.5,2.99,41.0,False,,False,False,False
000017.SZSE,深中华A,2026-07-23,2026-07,2板补涨阳,False,,U坑内,,True,封D1正,1.23,2.11,2.11,-15.69,-16.67,1.18,17,--+,2,1.18,1.57,41.0,False,,True,False,False
000020.SZSE,深华发Ａ,2024-09-19,2024-09,2板补涨阳,False,,U坑内,,False,封D1负,1.62,-1.4,-1.4,-10.15,-13.28,3.62,5,+++,2,3.62,0.51,21.0,False,,True,False,False
000021.SZSE,深科技,2024-11-11,2024-11,2板补涨阳,False,,无U,,True,封D1负,0.38,-4.02,-4.02,1.87,-3.3,5.35,10,-++,2,2.06,3.84,95.0,False,,True,False,False
000029.SZSE,深深房Ａ,2024-10-24,2024-10,2板补涨阳,False,,U坑内,,True,炸板,-3.33,-1.32,-1.32,-8.02,-12.54,5.17,14,+++,2,-0.62,2.96,76.0,False,,False,False,False
000029.SZSE,深深房Ａ,2024-10-31,2024-10,2板补涨阳,False,,U突破,,True,封D1负,0.89,-5.93,-5.93,4.39,-12.54,19.36,19,+++,2,2.37,0.87,118.0,False,,True,False,False
000032.SZSE,深桑达Ａ,2025-03-12,2025-03,2板补涨阳,False,,U坑内,,True,炸板,-4.49,-6.81,-6.81,-21.2,-22.22,1.31,12,-++,2,1.31,0.08,45.0,False,,False,False,False
000034.SZSE,神州数码,2025-02-13,2025-02,2板补涨阳,False,,无U,,True,炸板,-4.72,7.14,9.73,2.39,-0.39,2.79,3,+++,2,2.79,2.17,65.0,False,,False,True,False
000034.SZSE,神州数码,2025-02-14,2025-02,2板补涨阳,False,,无U,,True,封D1正,9.99,2.42,2.42,9.71,-0.39,10.14,4,+++,2,7.15,2.85,45.0,False,,True,False,False
000037.SZSE,深南电A,2026-08-03,2026-08,2板补涨阳,False,,U坑内,,True,封D1正,1.19,0.2,0.2,-9.49,-11.36,2.12,10,-+-,2,1.78,0.22,87.0,False,,True,False,False
000039.SZSE,中集集团,2026-02-26,2026-02,2板补涨阳,False,,无U,,True,炸板,-2.8,-0.44,-0.44,8.06,-3.77,12.3,10,+++,2,2.24,0.41,61.0,False,,False,False,False
000061.SZSE,农 产 品,2025-09-10,2025-09,2板补涨阳,False,,U突破,,True,封D1负,3.02,-0.65,-0.65,0.12,-6.41,6.97,9,-++,2,1.69,0.36,45.0,False,,True,False,False
000062.SZSE,深圳华强,2025-05-06,2025-05,2板补涨阳,False,,U突破,,True,封D1正,1.53,2.56,2.56,0.43,-6.23,7.11,13,-++,2,0.79,2.52,56.0,False,,True,False,False
000068.SZSE,华控赛格,2024-09-04,2024-09,2板补涨阳,False,,U突破,,False,炸板,-7.69,-10.36,-10.36,-2.85,-6.96,4.42,7,+++,2,0.66,2.62,33.0,False,,False,False,False
000068.SZSE,华控赛格,2024-09-10,2024-09,2板补涨阳,False,,U坑内,,False,封D1负,-0.31,-4.09,-4.09,-8.54,-8.54,0.0,11,+++,2,0.0,3.81,39.0,False,,True,False,False
000068.SZSE,华控赛格,2026-07-01,2026-07,2板补涨阳,True,坑底首阳,U坑内,,False,封D1负,7.72,-4.18,-4.18,-27.81,-28.32,0.71,16,--+,2,0.71,0.71,114.0,False,,True,False,False
000070.SZSE,特发信息,2023-06-08,2023-06,2板补涨阳,False,,无U,,True,封D1正,-0.1,1.02,1.02,-0.11,-2.8,2.76,6,++-,2,1.02,1.59,45.0,False,,True,False,False
000070.SZSE,特发信息,2025-08-25,2025-08,2板补涨阳,True,坑底首阳,U坑内,,False,连板,3.81,9.99,5.04,-13.1,-13.28,0.21,7,-++,2,0.21,0.31,55.0,True,02,True,True,False
000070.SZSE,特发信息,2025-09-12,2025-09,2板补涨阳,False,,U坑内,,False,封D1负,-1.99,-0.43,-0.43,-9.34,-14.01,5.43,13,--+,2,3.46,1.09,74.0,False,,True,False,False
000099.SZSE,中信海直,2024-03-18,2024-03,2板补涨阳,False,,U坑内,,False,炸板,-3.1,-3.18,-3.18,-5.02,-7.95,3.19,3,+++,2,3.19,1.42,56.0,False,,False,False,False
000158.SZSE,常山北明,2023-10-26,2023-10,2板补涨阳,True,坑中纠缠,U坑内,,True,炸板,-6.8,-9.04,-9.04,-8.28,-12.14,4.39,11,-++,2,4.39,2.68,52.0,False,,False,False,False
000158.SZSE,常山北明,2025-02-24,2025-02,2板补涨阳,False,,无U,,True,封D1正,0.0,2.55,2.55,1.26,-2.07,3.4,10,-++,2,2.8,1.28,82.0,False,,True,False,False
000422.SZSE,湖北宜化,2024-05-30,2024-05,2板补涨阳,False,,U突破,,True,炸板,-4.8,-7.32,-7.32,-3.3,-6.68,3.62,16,-++,2,0.49,1.63,21.0,False,,False,False,False
000430.SZSE,张家界,2024-10-29,2024-10,2板补涨阳,False,,U突破,,False,炸板,-7.82,-0.42,-0.42,-3.98,-10.91,7.78,18,+-+,2,3.33,0.16,179.0,False,,False,False,False
000503.SZSE,国新健康,2024-10-23,2024-10,2板补涨阳,False,,无U,,True,封D1负,0.0,-4.25,-4.25,5.34,5.34,0.0,2,+++,2,5.34,3.53,85.0,False,,True,False,False
000506.SZSE,招金黄金,2025-06-30,2025-06,2板补涨阳,False,,无U,,True,炸板,-3.16,-6.41,-6.41,3.36,-1.46,4.89,16,-++,2,4.54,3.17,42.0,False,,False,False,False
000506.SZSE,招金黄金,2026-07-22,2026-07,2板补涨阳,False,,U坑内,,True,封D1正,0.08,1.0,1.0,-14.64,-19.61,6.19,13,-+-,2,6.19,0.18,83.0,False,,True,False,False
000506.SZSE,招金黄金,2026-07-30,2026-07,2板补涨阳,True,坑中纠缠,U坑内,,True,炸板,-5.08,3.86,5.22,-8.36,-19.61,13.99,19,+--,2,1.6,1.68,73.0,False,,False,True,False
000509.SZSE,华塑控股,2026-03-20,2026-03,2板补涨阳,False,,无U,,True,封D1负,-1.1,-9.91,-9.91,3.51,-3.01,6.72,10,+++,2,-0.96,2.16,25.0,False,,True,False,False
000514.SZSE,渝 开 发,2025-05-07,2025-05,2板补涨阳,False,,U突破,,True,炸板,-3.51,-6.19,-6.19,-2.0,-7.78,6.27,10,+++,2,2.56,1.16,79.0,False,,False,False,False
000515.SZSE,攀渝钛业,2007-11-26,2007-11,2板补涨阳,False,,U坑内,,False,炸板,-9.71,-7.13,-7.13,-16.69,-19.69,3.73,14,+-+,2,3.11,2.28,0.0,False,,False,False,False
000516.SZSE,国际医学,2026-01-13,2026-01,2板补涨阳,False,,U突破,,False,连板,4.09,9.95,-1.07,-1.35,-5.01,3.85,5,++-,2,3.85,0.41,124.0,True,01,True,True,False
000518.SZSE,四环生物,2024-11-21,2024-11,2板补涨阳,False,,U坑内,,False,炸板,-6.78,-4.8,-4.8,-5.29,-12.35,8.05,9,-++,2,4.21,1.62,119.0,False,,False,False,False
000520.SZSE,凤凰航运,2026-07-01,2026-07,2板补涨阳,False,,U坑内,,True,连板,5.12,10.0,10.98,-18.91,-20.65,2.19,17,--+,2,2.19,0.82,114.0,True,02,True,True,False
000522.SZSE,白云山A,2012-05-22,2012-05,2板补涨阳,False,,U突破,,False,炸板,-5.19,6.25,4.71,-3.21,-8.91,6.25,6,+++,2,0.7,2.52,0.0,False,,False,True,False
000522.SZSE,白云山A,2012-05-23,2012-05,2板补涨阳,False,,U突破,,True,封D1负,-0.3,-1.45,-1.45,2.88,-8.91,12.94,7,+++,2,6.29,3.73,0.0,False,,True,False,False
000523.SZSE,红棉股份,2026-01-20,2026-01,2板补涨阳,False,,U坑内,,False,封D1负,1.42,-2.12,-2.12,-6.1,-10.24,4.62,19,+-+,2,2.39,1.33,79.0,False,,True,False,False
000526.SZSE,学大教育,2023-05-11,2023-05,2板补涨阳,False,,U突破,,False,封D1正,1.36,2.72,2.72,-1.6,-6.16,4.85,3,,2,4.85,3.97,26.0,False,,True,False,False
000526.SZSE,学大教育,2023-05-26,2023-05,2板补涨阳,False,,U突破,,False,连板,7.93,10.01,19.29,5.85,-6.16,12.79,14,-++,2,1.58,1.08,36.0,True,02,True,True,False
000532.SZSE,华金资本,2024-01-24,2024-01,2板补涨阳,False,,U坑内,,True,封D1负,0.32,-2.27,-2.27,-8.09,-13.64,6.42,5,+++,2,6.42,3.47,37.0,False,,True,False,False
000532.SZSE,华金资本,2024-05-07,2024-05,2板补涨阳,False,,无U,,True,封D1负,-3.8,-5.96,-5.96,0.96,-2.23,3.26,3,++-,2,3.26,3.51,73.0,False,,True,False,False
000536.SZSE,华映科技,2025-02-25,2025-02,2板补涨阳,False,,U突破,,True,封D1正,10.07,3.69,3.69,0.56,-5.57,6.48,11,+++,2,2.85,1.14,66.0,False,,True,False,False
000536.SZSE,华映科技,2025-03-06,2025-03,2板补涨阳,False,,U突破,,True,封D1负,-2.38,-5.4,-5.4,6.31,-5.57,12.57,18,+++,2,1.6,3.55,55.0,False,,True,False,False
000539.SZSE,粤电力Ａ,2026-04-21,2026-04,2板补涨阳,False,,U坑内,,True,封D1正,6.26,2.5,2.5,-22.12,-28.42,8.8,18,+-+,2,1.75,1.75,72.0,False,,True,False,False
000550.SZSE,江铃汽车,2023-07-27,2023-07,2板补涨阳,False,,U突破,,True,炸板,-9.33,-3.74,-3.74,5.44,-7.46,13.94,7,+++,2,3.58,1.19,23.0,False,,False,False,False
000560.SZSE,我爱我家,2024-05-16,2024-05,2板补涨阳,False,,无U,,True,连板,10.19,10.19,29.06,26.84,0.0,26.84,10,++-,2,7.59,2.23,22.0,True,03,True,True,False
000561.SZSE,烽火电子,2024-10-31,2024-10,2板补涨阳,False,,无U,,True,炸板,-7.16,-13.0,-13.0,5.76,0.93,4.79,3,+++,2,4.79,2.14,118.0,False,,False,False,False
000566.SZSE,海南海药,2024-10-31,2024-10,2板补涨阳,False,,无U,,True,炸板,-4.1,-11.55,-11.55,-1.81,-1.81,0.0,5,+++,2,-1.81,1.01,118.0,False,,False,False,False
000566.SZSE,海南海药,2024-11-05,2024-11,2板补涨阳,False,,U突破,,True,连板,4.31,9.93,20.79,-2.41,-4.43,2.11,8,+++,2,2.11,2.95,122.0,True,03,True,True,False
000567.SZSE,海德股份,2024-09-30,2024-09,2板补涨阳,False,,无U,,True,连板,9.97,9.97,7.66,14.16,5.81,7.89,3,++-,2,7.89,0.17,107.0,True,01,True,True,False
000567.SZSE,海德股份,2024-10-31,2024-10,2板补涨阳,False,,U突破,,True,炸板,-3.38,7.45,3.73,2.63,-7.62,11.1,17,+++,2,3.86,2.79,118.0,False,,False,True,False
000567.SZSE,海德股份,2024-11-01,2024-11,2板补涨阳,False,,U突破,,True,封D1负,0.76,-3.47,-3.47,10.25,-7.62,19.35,18,+++,2,7.43,2.56,141.0,False,,True,False,False
000569.SZSE,长城股份,2007-03-22,2007-03,2板补涨阳,False,,无U,,True,炸板,-1.23,-3.16,-3.16,36.42,4.53,30.51,19,-++,2,2.16,0.0,0.0,False,,False,False,False
000576.SZSE,甘化科工,2024-12-03,2024-12,2板补涨阳,False,,U坑内,,False,炸板,-3.9,1.06,1.06,-7.89,-12.68,5.48,19,+-+,2,1.99,0.13,132.0,False,,False,False,False
000586.SZSE,汇源通信,2025-02-26,2025-02,2板补涨阳,False,,U坑内,,False,炸板,-5.69,-4.0,-4.0,-10.03,-19.0,11.07,18,+++,2,-0.78,1.16,46.0,False,,False,False,False
000592.SZSE,平潭发展,2024-11-07,2024-11,2板补涨阳,False,,U坑内,,True,封D1正,6.87,3.05,3.05,-6.3,-10.63,4.85,6,+++,2,0.42,3.38,104.0,False,,True,False,False
000593.SZSE,德龙汇能,2026-02-25,2026-02,2板补涨阳,False,,U坑内,,False,封D1负,3.46,-10.0,-10.0,-18.41,-23.43,6.56,16,--+,2,4.86,1.09,82.0,False,,True,False,False
000602.SZSE,金马集团,2010-01-18,2010-01,2板补涨阳,False,,U突破,,True,炸板,-0.46,-1.55,-1.55,17.23,-4.05,22.18,12,+++,2,1.35,1.26,0.0,False,,False,False,False
000603.SZSE,盛达资源,2026-01-28,2026-01,2板补涨阳,False,,无U,,True,封D1正,4.04,0.77,0.77,7.96,7.96,0.0,2,+++,2,7.96,2.05,46.0,False,,True,False,False
000608.SZSE,阳光股份,2024-12-06,2024-12,2板补涨阳,False,,U坑内,,True,封D1负,3.75,-1.37,-1.37,-12.21,-20.46,10.37,20,+-+,2,2.31,0.0,103.0,False,,True,False,False
000617.SZSE,中油资本,2024-11-05,2024-11,2板补涨阳,True,坑中纠缠,U坑内,,False,炸板,-3.33,-1.67,-1.67,-12.23,-16.63,5.28,16,-++,2,1.49,1.24,122.0,False,,False,False,False
000617.SZSE,中油资本,2025-09-11,2025-09,2板补涨阳,False,,U坑内,,True,炸板,-5.49,-2.96,-2.96,-12.71,-13.8,1.26,14,-++,2,1.26,0.97,44.0,False,,False,False,False
000620.SZSE,盈新发展,2025-05-07,2025-05,2板补涨阳,True,坑底首阳,U坑内,,False,炸板,-7.07,-5.98,-5.98,-15.23,-17.26,2.45,9,-+-,2,2.45,1.23,79.0,False,,False,False,False
000620.SZSE,盈新发展,2026-07-10,2026-07,2板补涨阳,True,坑中纠缠,U坑内,,False,封D1负,-3.58,-7.44,-7.44,-14.29,-17.66,4.1,7,-++,2,4.1,0.32,63.0,False,,True,False,False
000635.SZSE,英 力 特,2024-02-19,2024-02,2板补涨阳,False,,U坑内,,False,封D1正,-0.83,0.83,0.83,-49.4,-52.35,6.18,15,---,2,6.18,2.51,430.0,False,,True,False,False
000636.SZSE,风华高科,2026-05-28,2026-05,2板补涨阳,False,,无U,,True,封D1正,6.54,9.03,9.03,6.86,0.77,6.04,3,+++,2,6.04,1.85,45.0,False,,True,False,False
000652.SZSE,泰达股份,2024-10-28,2024-10,2板补涨阳,False,,U突破,,True,封D1正,3.01,3.66,3.66,-3.86,-13.18,10.73,14,+++,2,2.92,0.97,121.0,False,,True,False,False
000656.SZSE,金科股份,2023-07-03,2023-07,2板补涨阳,False,,U坑内,,False,封D1正,8.2,0.82,0.82,-5.93,-12.71,7.77,6,++-,2,7.77,0.97,44.0,False,,True,False,False
000668.SZSE,荣丰控股,2026-08-13,2026-08,2板补涨阳,False,,无U,,True,炸板,-1.08,-3.99,-3.99,23.88,4.41,18.64,14,++-,2,2.72,3.99,86.0,False,,False,False,False
000670.SZSE,盈方微,2024-11-08,2024-11,2板补涨阳,False,,U坑内,,False,连板,5.38,9.96,11.84,-6.38,-10.68,4.81,6,+++,2,2.12,1.97,157.0,True,02,True,True,False
000670.SZSE,盈方微,2024-11-28,2024-11,2板补涨阳,False,,U坑内,,True,封D1正,-0.52,2.34,2.34,-14.57,-19.95,6.73,13,--+,2,1.01,0.14,77.0,False,,True,False,False
000676.SZSE,智度股份,2023-11-21,2023-11,2板补涨阳,False,,无U,,False,封D1负,-2.12,-0.91,-0.91,11.91,0.37,11.5,15,+++,2,5.01,2.1,50.0,False,,True,False,False
000678.SZSE,襄阳轴承,2024-09-06,2024-09,2板补涨阳,True,坑底首阳,U坑内,,False,封D1正,1.36,4.55,4.55,-12.09,-12.53,0.5,12,-++,2,0.5,1.26,39.0,False,,True,False,False
000678.SZSE,襄阳轴承,2024-09-13,2024-09,2板补涨阳,False,,U突破,,True,封D1负,-2.06,-4.53,-4.53,-2.86,-12.53,11.06,17,+++,2,0.23,0.45,26.0,False,,True,False,False
000679.SZSE,大连友谊,2024-11-29,2024-11,2板补涨阳,False,,U坑内,,False,封D1正,-1.07,8.38,8.38,-4.49,-5.81,1.39,6,+++,2,1.39,2.39,75.0,False,,True,False,False
000679.SZSE,大连友谊,2024-12-11,2024-12,2板补涨阳,False,,U突破,,True,封D1正,0.9,5.57,5.57,13.11,-5.81,20.08,14,+++,2,3.42,3.42,82.0,False,,True,False,False
000679.SZSE,大连友谊,2026-07-16,2026-07,2板补涨阳,False,,U坑内,,True,炸板,-0.16,-6.37,-6.37,-20.41,-23.13,3.54,20,--+,2,2.09,2.27,65.0,False,,False,False,False
000681.SZSE,视觉中国,2023-04-20,2023-04,2板补涨阳,True,坑底首阳,U坑内,,False,封D1负,2.11,-2.97,-2.97,-12.21,-12.21,0.0,6,,2,-0.36,3.02,23.0,False,,True,False,False
000681.SZSE,视觉中国,2023-05-10,2023-05,2板补涨阳,False,,U突破,,True,封D1负,2.05,-3.17,-3.17,1.72,-13.83,18.05,17,,2,6.56,3.44,22.0,False,,True,False,False
000681.SZSE,视觉中国,2025-03-06,2025-03,2板补涨阳,True,坑底首阳,U坑内,,False,封D1负,0.04,-4.26,-4.26,-21.82,-23.65,2.4,15,--+,2,0.08,0.75,55.0,False,,True,False,False
000681.SZSE,视觉中国,2026-02-10,2026-02,2板补涨阳,False,,U坑内,,False,封D1负,1.77,-4.0,-4.0,-11.94,-18.01,7.4,20,+-+,2,7.4,2.09,70.0,False,,True,False,False
000686.SZSE,东北证券,2024-10-29,2024-10,2板补涨阳,False,,U坑内,,False,炸板,-6.8,-7.95,-7.95,-12.53,-18.4,7.2,15,+++,2,1.94,0.0,179.0,False,,False,False,False
000700.SZSE,模塑科技,2025-08-20,2025-08,2板补涨阳,False,,无U,,False,封D1负,-0.96,-8.36,-8.36,-3.57,-3.67,0.11,4,+++,2,0.11,1.27,74.0,False,,True,False,False
000700.SZSE,模塑科技,2026-01-06,2026-01,2板补涨阳,False,,无U,,True,炸板,-10.38,-5.47,-5.47,4.03,3.53,0.49,3,+++,2,0.49,0.28,74.0,False,,False,False,False
000701.SZSE,厦门信达,2025-06-12,2025-06,2板补涨阳,False,,无U,,True,封D1正,5.82,0.4,0.4,3.15,-1.05,4.25,4,+++,2,1.33,1.03,44.0,False,,True,False,False
000705.SZSE,浙江震元,2023-12-26,2023-12,2板补涨阳,False,,U坑内,,False,炸板,-6.99,-8.27,-8.27,-7.14,-14.37,8.44,8,+++,2,3.02,1.56,30.0,False,,False,False,False
000705.SZSE,浙江震元,2023-12-29,2023-12,2板补涨阳,False,,U坑内,,True,封D1正,3.03,0.09,0.09,-7.04,-14.37,8.55,11,+++,2,-0.8,1.6,49.0,False,,True,False,False
000712.SZSE,锦龙股份,2023-11-06,2023-11,2板补涨阳,False,,U突破,,False,封D1正,0.9,3.56,3.56,-2.71,-5.48,2.94,11,-++,2,2.94,1.71,35.0,False,,True,False,False
000722.SZSE,湖南发展,2025-04-25,2025-04,2板补涨阳,False,,U坑内,,True,封D1正,2.0,1.39,1.39,-9.72,-14.54,5.64,15,--+,2,1.46,2.15,45.0,False,,True,False,False
000723.SZSE,美锦能源,2024-02-29,2024-02,2板补涨阳,False,,无U,,True,连板,10.06,10.06,4.08,9.86,2.82,6.85,10,++-,2,2.3,3.93,23.0,True,02,True,True,False
000725.SZSE,京东方Ａ,2026-05-26,2026-05,2板补涨阳,False,,无U,,True,炸板,0.0,-1.38,-1.38,2.13,2.13,0.0,2,+++,2,2.13,1.94,91.0,False,,False,False,False
000725.SZSE,京东方Ａ,2026-06-17,2026-06,2板补涨阳,False,,无U,,True,封D1负,2.24,-2.38,-2.38,18.22,-0.97,19.37,18,-++,2,3.04,2.2,105.0,False,,True,False,False
000733.SZSE,振华科技,2024-10-21,2024-10,2板补涨阳,False,,U突破,,False,炸板,-1.61,-4.03,-4.03,-2.39,-12.39,11.4,9,-++,2,4.67,2.48,77.0,False,,False,False,False
000737.SZSE,北方铜业,2024-03-29,2024-03,2板补涨阳,False,,无U,,True,封D1正,4.55,6.83,6.83,11.45,2.35,8.9,10,+++,2,5.71,0.14,59.0,False,,True,False,False
000737.SZSE,北方铜业,2024-04-02,2024-04,2板补涨阳,False,,无U,,True,连板,3.57,9.99,18.35,30.98,2.35,27.98,12,+++,2,6.83,3.23,67.0,True,02,True,True,False
000737.SZSE,北方铜业,2024-04-18,2024-04,2板补涨阳,True,坑中纠缠,U坑内,,True,封D1正,3.88,5.83,5.83,-13.25,-16.4,3.77,9,-++,2,3.77,0.67,200.0,False,,True,False,False
000737.SZSE,北方铜业,2024-04-22,2024-04,2板补涨阳,False,,U突破,,True,炸板,-20.18,-20.18,-20.18,1.02,-16.4,20.84,11,-++,2,5.83,1.94,41.0,False,,False,False,False
000753.SZSE,漳州发展,2025-11-04,2025-11,2板补涨阳,False,,U坑内,,False,连板,1.09,10.0,-0.98,-5.86,-9.23,3.72,5,+++,2,-2.22,3.98,56.0,True,01,True,True,False
000759.SZSE,中百集团,2026-06-22,2026-06,2板补涨阳,False,,U突破,,True,炸板,-7.4,-5.95,-5.95,-0.16,-15.47,18.11,9,+++,2,3.47,2.64,75.0,False,,False,False,False
000766.SZSE,通化金马,2023-12-04,2023-12,2板补涨阳,False,,U突破,,False,连板,3.07,10.0,15.21,-2.68,-4.29,1.69,6,+++,2,1.69,0.99,41.0,True,02,True,True,False
000767.SZSE,晋控电力,2026-04-21,2026-04,2板补涨阳,False,,U坑内,,False,炸板,-3.71,-4.64,-4.64,-22.99,-31.04,11.68,16,+-+,2,1.29,0.52,72.0,False,,False,False,False
000767.SZSE,晋控电力,2026-05-29,2026-05,2板补涨阳,False,,U突破,,True,连板,10.04,10.04,9.5,-0.98,-13.48,14.45,12,+++,2,-1.55,3.88,88.0,True,02,True,True,False
000783.SZSE,长江证券,2026-07-01,2026-07,2板补涨阳,False,,无U,,False,炸板,-2.14,-6.34,-6.34,3.07,-2.43,5.63,6,+++,2,3.17,3.6,114.0,False,,False,False,False
000788.SZSE,北大医药,2026-04-15,2026-04,2板补涨阳,True,坑底首阳,U坑内,,False,封D1负,1.92,-1.62,-1.62,-14.82,-14.96,0.16,8,-++,2,0.16,0.33,49.0,False,,True,False,False
000803.SZSE,山高环能,2024-11-22,2024-11,2板补涨阳,False,,U突破,,True,连板,2.33,10.05,1.97,-2.32,-10.23,8.82,14,+++,2,-0.59,2.16,88.0,True,02,True,True,False
000803.SZSE,山高环能,2024-11-28,2024-11,2板补涨阳,False,,U坑内,,False,封D1负,10.03,-1.97,-1.97,-9.79,-9.79,0.0,3,+++,2,-2.64,2.99,77.0,False,,True,False,False
000829.SZSE,天音控股,2023-11-29,2023-11,2板补涨阳,True,坑底首阳,U坑内,,False,封D1正,2.96,6.85,6.85,-6.03,-6.73,0.75,15,+++,2,0.75,2.34,34.0,False,,True,False,False
000859.SZSE,国风新材,2025-12-23,2025-12,2板补涨阳,False,,U突破,,True,封D1负,2.27,-0.47,-0.47,4.01,-10.08,15.66,15,-++,2,6.79,3.23,72.0,False,,True,False,False
000860.SZSE,顺鑫农业,2024-10-08,2024-10,2板补涨阳,False,,无U,,True,炸板,-10.74,-15.59,-15.59,9.08,9.08,0.0,2,++-,2,9.08,0.49,626.0,False,,False,False,False
000868.SZSE,安凯客车,2024-07-29,2024-07,2板补涨阳,False,,U突破,,True,封D1正,0.0,1.27,1.27,1.82,-6.07,8.41,8,+++,2,3.93,3.51,44.0,False,,True,False,False
000880.SZSE,潍柴重机,2025-01-20,2025-01,2板补涨阳,False,,U突破,,True,连板,2.44,10.0,8.44,0.65,-11.56,13.8,16,+++,2,4.66,1.35,47.0,True,05,True,True,False
000882.SZSE,华联股份,2025-01-08,2025-01,2板补涨阳,False,,U坑内,,False,封D1负,0.0,-0.41,-0.41,-11.9,-11.9,0.0,3,+-+,2,-2.2,1.32,77.0,False,,True,False,False
000889.SZSE,中嘉博创,2026-08-06,2026-08,2板补涨阳,False,,U突破,,True,炸板,-4.18,-7.66,-7.66,3.16,-9.21,13.62,12,+++,2,0.0,0.77,93.0,False,,False,False,False
000890.SZSE,法尔胜,2023-08-01,2023-08,2板补涨阳,False,,无U,,False,连板,10.02,10.02,-0.93,-2.58,-2.58,0.0,3,+++,2,-0.41,2.85,38.0,True,01,True,True,False
000892.SZSE,欢瑞世纪,2023-06-02,2023-06,2板补涨阳,False,,U坑内,,False,炸板,-4.1,-1.84,-1.84,-21.42,-27.61,8.56,15,+--,2,3.74,1.17,34.0,False,,False,False,False
000892.SZSE,欢瑞世纪,2026-07-29,2026-07,2板补涨阳,False,,U坑内,,False,封D1负,-0.85,-4.56,-4.56,-24.05,-28.81,6.69,13,--+,2,1.59,2.87,57.0,False,,True,False,False
000899.SZSE,赣能股份,2024-05-10,2024-05,2板补涨阳,False,,无U,,True,封D1正,6.3,8.43,8.43,7.44,-1.61,9.2,14,+++,2,-1.29,3.7,38.0,False,,True,False,False
000901.SZSE,航天科技,2025-12-16,2025-12,2板补涨阳,False,,无U,,True,炸板,-8.24,-10.49,-10.49,3.94,-3.21,7.39,6,+++,2,4.3,2.28,53.0,False,,False,False,False
000908.SZSE,石药景峰,2026-07-15,2026-07,2板补涨阳,False,,无U,,True,封D1负,-0.93,-0.27,-0.27,-0.87,-2.91,2.1,8,++-,2,0.29,3.38,71.0,False,,True,False,False
000913.SZSE,钱江摩托,2024-04-29,2024-04,2板补涨阳,False,,无U,,True,封D1负,2.72,-0.17,-0.17,4.18,1.39,2.75,7,+++,2,0.77,1.8,56.0,False,,True,False,False
000913.SZSE,钱江摩托,2024-05-09,2024-05,2板补涨阳,False,,无U,,True,封D1正,0.14,0.46,0.46,32.12,1.39,30.3,12,+++,2,0.3,2.72,37.0,False,,True,False,False
000917.SZSE,电广传媒,2023-06-19,2023-06,2板补涨阳,False,,U坑内,,False,炸板,-3.65,-8.42,-8.42,-7.44,-9.81,2.63,4,+++,2,2.63,3.12,41.0,False,,False,False,False
000936.SZSE,华西股份,2024-10-28,2024-10,2板补涨阳,False,,U突破,,False,封D1负,9.36,-3.33,-3.33,-3.93,-15.72,13.99,14,+++,2,0.14,2.4,121.0,False,,True,False,False
000948.SZSE,南天信息,2024-09-30,2024-09,2板补涨阳,False,,U坑内,,True,连板,9.99,9.99,13.06,-7.28,-10.57,3.68,6,+++,2,3.68,2.23,107.0,True,05,True,True,False
000950.SZSE,重药控股,2023-04-27,2023-04,2板补涨阳,False,,无U,,True,封D1正,-1.66,0.26,0.26,1.14,1.14,0.0,2,,2,1.14,1.71,39.0,False,,True,False,False
000953.SZSE,中哲精化,2024-12-09,2024-12,2板补涨阳,False,,U突破,,True,封D1正,10.08,1.98,1.98,-3.25,-6.18,3.12,9,-++,2,1.36,1.53,94.0,False,,True,False,False
000953.SZSE,中哲精化,2025-04-11,2025-04,2板补涨阳,True,坑底首阳,U坑内,,False,封D1正,2.56,4.21,4.21,-19.48,-20.45,1.22,9,-++,2,1.02,3.05,125.0,False,,True,False,False
000953.SZSE,中哲精化,2025-04-24,2025-04,2板补涨阳,False,,U坑内,,True,封D1负,0.96,-0.48,-0.48,-7.63,-20.45,16.12,18,+-+,2,1.61,2.86,52.0,False,,True,False,False
000955.SZSE,欣龙控股,2025-11-14,2025-11,2板补涨阳,False,,U突破,,True,封D1正,10.03,3.66,3.66,-1.61,-4.55,3.07,9,-++,2,-0.59,1.93,73.0,False,,True,False,False
000957.SZSE,中通客车,2024-05-21,2024-05,2板补涨阳,False,,U坑内,,True,封D1负,-4.88,-6.23,-6.23,-5.18,-6.41,1.31,5,+++,2,1.31,0.0,36.0,False,,True,False,False
000965.SZSE,天保基建,2024-05-10,2024-05,2板补涨阳,False,,U坑内,,False,封D1负,-1.5,-1.5,-1.5,-7.03,-7.95,1.0,5,++-,2,1.0,1.99,38.0,False,,True,False,False
000967.SZSE,盈峰环境,2025-03-18,2025-03,2板补涨阳,False,,U坑内,,True,封D1负,-2.2,-2.79,-2.79,-9.88,-17.3,8.96,17,--+,2,7.08,2.59,54.0,False,,True,False,False
000980.SZSE,众泰汽车,2023-07-19,2023-07,2板补涨阳,False,,U突破,,True,封D1负,0.92,-0.69,-0.69,5.6,-12.53,20.73,5,+++,2,9.7,0.28,13.0,False,,True,False,False
000980.SZSE,众泰汽车,2023-07-31,2023-07,2板补涨阳,False,,U突破,,False,连板,0.0,10.0,5.23,6.67,-12.53,21.95,13,-++,2,0.0,3.75,37.0,True,05,True,True,False
000980.SZSE,众泰汽车,2025-09-12,2025-09,2板补涨阳,False,,无U,,True,封D1负,0.54,-2.95,-2.95,4.95,1.55,3.35,3,+++,2,3.35,1.52,74.0,False,,True,False,False
000980.SZSE,众泰汽车,2025-09-30,2025-09,2板补涨阳,False,,无U,,False,炸板,-0.83,-0.28,-0.28,2.17,0.62,1.54,15,-++,2,1.54,0.92,46.0,False,,False,False,False
000980.SZSE,众泰汽车,2026-05-11,2026-05,2板补涨阳,False,,无U,,True,炸板,-7.59,-5.52,-5.52,4.76,0.0,4.76,4,++-,2,0.38,3.04,89.0,False,,False,False,False
000980.SZSE,众泰汽车,2026-05-25,2026-05,2板补涨阳,False,,无U,,True,封D1负,1.76,-0.35,-0.35,2.38,-3.17,5.74,14,-++,2,5.74,2.87,99.0,False,,True,False,False
000981.SZSE,山子高科,2025-09-12,2025-09,2板补涨阳,False,,U坑内,,False,连板,7.58,10.11,39.71,-4.91,-10.57,6.33,8,+++,2,-0.4,0.0,74.0,True,05,True,True,False
000981.SZSE,山子高科,2025-12-30,2025-12,2板补涨阳,False,,无U,,True,封D1正,3.23,3.23,3.23,0.27,-3.01,3.39,6,+++,2,1.39,3.6,64.0,False,,True,False,False
000987.SZSE,越秀资本,2024-10-31,2024-10,2板补涨阳,False,,U坑内,,False,炸板,-2.01,-3.64,-3.64,-4.49,-11.87,8.38,17,+++,2,0.98,0.7,118.0,False,,False,False,False
000987.SZSE,越秀资本,2024-11-05,2024-11,2板补涨阳,False,,U突破,,True,炸板,-1.38,-4.82,-4.82,4.62,-11.87,18.71,20,+++,2,3.39,0.39,122.0,False,,False,False,False
001210.SZSE,金房能源,2026-06-01,2026-06,2板补涨阳,False,,无U,,True,连板,7.43,10.0,7.13,3.61,-2.69,6.47,12,-++,2,5.36,1.31,46.0,True,02,True,True,False
001211.SZSE,双枪科技,2026-05-11,2026-05,2板补涨阳,False,,无U,,True,连板,1.68,10.0,8.28,16.42,5.24,10.62,7,+++,2,1.28,0.11,89.0,True,02,True,True,False
001229.SZSE,魅视科技,2026-07-22,2026-07,2板补涨阳,False,,U坑内,,True,炸板,-2.88,-5.84,-5.84,-19.46,-21.08,2.05,10,-++,2,2.05,0.68,83.0,False,,False,False,False
001229.SZSE,魅视科技,2026-08-17,2026-08,2板补涨阳,False,,无U,,True,连板,6.29,9.99,1.51,7.8,3.95,3.7,9,++-,2,-0.24,3.66,51.0,True,05,True,True,False
001255.SZSE,博菲电气,2024-04-25,2024-04,2板补涨阳,False,,U坑内,,False,炸板,-8.46,-8.84,-8.84,-22.6,-31.33,12.71,14,---,2,2.96,0.08,31.0,False,,False,False,False
001255.SZSE,博菲电气,2024-12-09,2024-12,2板补涨阳,False,,U坑内,,False,炸板,-4.14,-10.45,-10.45,-5.77,-14.98,10.83,15,+-+,2,3.36,1.38,94.0,False,,False,False,False
001257.SZSE,盛龙股份,2026-06-11,2026-06,2板补涨阳,True,坑底首阳,U坑内,,False,连板,9.99,9.99,29.74,-19.29,-19.29,0.0,11,--+,2,-1.33,0.9,63.0,True,03,True,True,False
001260.SZSE,坤泰股份,2023-11-21,2023-11,2板补涨阳,False,,U坑内,,False,连板,5.2,10.0,-0.4,-4.13,-13.07,10.29,19,+++,2,0.31,0.93,50.0,True,02,True,True,False
001266.SZSE,宏英智能,2025-11-19,2025-11,2板补涨阳,False,,U坑内,,False,炸板,-6.82,-8.06,-8.06,-7.03,-10.01,3.31,3,+++,2,3.31,0.21,37.0,False,,False,False,False
001267.SZSE,汇绿生态,2025-11-06,2025-11,2板补涨阳,False,,U坑内,,True,封D1正,-0.16,7.24,7.24,-20.21,-20.21,0.0,8,-+-,2,-2.93,1.52,54.0,False,,True,False,False
001269.SZSE,欧晶科技,2025-05-13,2025-05,2板补涨阳,True,坑中纠缠,U坑内,,False,封D1负,-1.9,-1.25,-1.25,-4.37,-11.24,7.74,19,+--,2,2.32,0.41,38.0,False,,True,False,False
001282.SZSE,三联锻造,2023-06-29,2023-06,2板补涨阳,False,,U突破,,False,封D1负,0.0,-4.26,-4.26,-1.42,-6.08,4.95,6,,2,4.95,1.27,28.0,False,,True,False,False
001298.SZSE,好上好,2024-10-08,2024-10,2板补涨阳,False,,U突破,,True,封D1负,-1.57,-9.99,-9.99,1.39,-21.49,29.14,15,+-+,2,8.6,0.81,626.0,False,,True,False,False
001306.SZSE,夏厦精密,2025-02-27,2025-02,2板补涨阳,False,,无U,,True,封D1负,0.07,-7.89,-7.89,9.92,1.64,8.15,4,+++,2,8.15,1.75,81.0,False,,True,False,False
001306.SZSE,夏厦精密,2025-03-10,2025-03,2板补涨阳,False,,无U,,False,封D1负,-0.76,-6.12,-6.12,15.71,1.64,13.84,11,+++,2,3.5,2.19,45.0,False,,True,False,False
001308.SZSE,康冠科技,2024-12-20,2024-12,2板补涨阳,False,,U坑内,,False,封D1负,-1.89,-4.89,-4.89,-12.67,-15.84,3.76,16,--+,2,-0.69,1.01,50.0,False,,True,False,False
001309.SZSE,德明利,2025-11-06,2025-11,2板补涨阳,False,,U坑内,,False,封D1正,2.51,8.04,8.04,-5.84,-6.12,0.3,8,+++,2,0.3,0.0,54.0,False,,True,False,False
001314.SZSE,亿道信息,2023-12-22,2023-12,2板补涨阳,False,,无U,,True,炸板,-6.66,-1.64,-1.64,1.54,1.54,0.0,2,+++,2,1.54,1.45,31.0,False,,False,False,False
001314.SZSE,亿道信息,2024-03-01,2024-03,2板补涨阳,False,,无U,,True,封D1正,2.89,4.45,4.45,7.04,0.99,5.99,9,++-,2,0.95,1.47,82.0,False,,True,False,False
001314.SZSE,亿道信息,2024-03-05,2024-03,2板补涨阳,False,,无U,,True,炸板,-8.63,-7.45,-7.45,22.99,0.99,21.78,11,++-,2,4.45,0.13,61.0,False,,False,False,False
001316.SZSE,润贝航科,2025-04-30,2025-04,2板补涨阳,True,坑底首阳,U坑内,,False,连板,3.15,10.01,31.17,-13.44,-13.51,0.08,6,+++,2,0.08,0.76,49.0,True,03,True,True,False
001316.SZSE,润贝航科,2026-02-03,2026-02,2板补涨阳,False,,U突破,,False,封D1正,6.52,7.01,7.01,-3.38,-10.11,7.49,7,+++,2,0.37,3.51,32.0,False,,True,False,False
001317.SZSE,三羊马,2026-07-15,2026-07,2板补涨阳,False,,U坑内,,False,封D1正,1.76,0.45,0.45,-4.13,-10.94,7.65,8,++-,2,3.99,0.72,71.0,False,,True,False,False
001319.SZSE,铭科精技,2023-10-09,2023-10,2板补涨阳,False,,U坑内,,False,封D1负,1.3,-3.51,-3.51,-4.52,-9.23,5.19,8,+++,2,0.84,3.33,32.0,False,,True,False,False
001331.SZSE,胜通能源,2026-07-10,2026-07,2板补涨阳,False,,U坑内,,True,炸板,-6.66,-15.14,-15.14,-4.06,-5.93,1.99,7,+++,2,1.99,3.65,63.0,False,,False,False,False
001332.SZSE,锡装股份,2024-09-30,2024-09,2板补涨阳,False,,无U,,True,炸板,7.39,3.85,3.85,14.21,0.6,13.53,20,+++,2,3.34,1.62,107.0,False,,False,False,False
001332.SZSE,锡装股份,2025-06-04,2025-06,2板补涨阳,False,,无U,,False,炸板,-11.34,-14.9,-14.9,-2.37,-3.99,1.69,5,+++,2,0.03,1.92,57.0,False,,False,False,False
001332.SZSE,锡装股份,2025-09-16,2025-09,2板补涨阳,False,,无U,,True,炸板,-5.24,-3.96,-3.96,6.23,-2.67,9.15,5,+++,2,0.29,1.7,56.0,False,,False,False,False
001332.SZSE,锡装股份,2025-10-09,2025-10,2板补涨阳,False,,无U,,True,封D1负,2.71,-1.63,-1.63,40.69,-2.67,44.56,16,+++,2,3.56,2.25,39.0,False,,True,False,False
001339.SZSE,智微智能,2024-02-23,2024-02,2板补涨阳,False,,无U,,True,封D1正,0.0,1.9,1.9,7.2,1.0,6.14,4,+--,2,6.14,0.55,56.0,False,,True,False,False
001339.SZSE,智微智能,2024-03-01,2024-03,2板补涨阳,False,,无U,,True,封D1正,2.9,2.03,2.03,16.65,1.0,15.49,9,++-,2,4.56,0.36,82.0,False,,True,False,False
001359.SZSE,平安电工,2026-06-22,2026-06,2板补涨阳,False,,无U,,True,封D1负,-21.82,-19.34,-19.34,12.18,3.01,8.9,4,+++,2,2.36,1.2,75.0,False,,True,False,False
001366.SZSE,播恩集团,2024-05-24,2024-05,2板补涨阳,True,坑中纠缠,U坑内,,False,封D1正,-2.76,2.5,2.5,-18.8,-20.09,1.62,9,-++,2,-1.92,1.99,16.0,False,,True,False,False
001379.SZSE,腾达科技,2024-02-23,2024-02,2板补涨阳,False,,U坑内,,False,封D1正,5.12,0.0,0.0,-35.73,-43.43,13.61,13,,2,2.16,0.8,56.0,False,,True,False,False
001380.SZSE,华纬科技,2025-02-26,2025-02,2板补涨阳,False,,U突破,,True,封D1负,3.27,-5.67,-5.67,6.89,-10.91,19.98,16,+++,2,-1.14,2.28,46.0,False,,True,False,False
001380.SZSE,华纬科技,2025-09-03,2025-09,2板补涨阳,False,,U突破,,False,封D1正,1.62,4.2,4.2,-1.75,-7.96,6.75,19,-++,2,2.07,0.58,40.0,False,,True,False,False
001389.SZSE,广合科技,2026-02-26,2026-02,2板补涨阳,False,,U突破,,True,封D1正,1.33,1.76,1.76,1.82,-7.08,9.58,19,+-+,2,4.81,2.18,61.0,False,,True,False,False
001696.SZSE,宗申动力,2024-04-10,2024-04,2板补涨阳,False,,无U,,True,封D1负,-4.77,-9.96,-9.96,7.88,1.11,6.7,6,+++,2,6.7,3.29,48.0,False,,True,False,False
001696.SZSE,宗申动力,2024-04-19,2024-04,2板补涨阳,False,,无U,,True,封D1正,4.85,7.77,7.77,15.27,-2.09,17.74,13,-++,2,6.97,3.09,52.0,False,,True,False,False
001696.SZSE,宗申动力,2026-06-11,2026-06,2板补涨阳,False,,无U,,True,封D1正,1.67,8.97,8.97,8.55,8.55,0.0,2,+--,2,8.55,1.48,63.0,False,,True,False,False
001696.SZSE,宗申动力,2026-06-25,2026-06,2板补涨阳,False,,无U,,True,炸板,-1.86,-7.61,-7.61,33.33,8.55,22.83,11,+++,2,4.46,2.23,87.0,False,,False,False,False
002006.SZSE,精工科技,2024-12-10,2024-12,2板补涨阳,False,,无U,,False,封D1正,-2.89,0.62,0.62,1.0,-1.74,2.79,8,+++,2,2.62,2.19,83.0,False,,True,False,False
002009.SZSE,天奇股份,2026-02-13,2026-02,2板补涨阳,False,,U突破,,True,封D1正,6.45,0.65,0.65,12.81,-10.17,25.58,13,+++,2,0.68,2.77,55.0,False,,True,False,False
002015.SZSE,协鑫能科,2026-02-27,2026-02,2板补涨阳,False,,U突破,,False,封D1负,-2.47,-3.18,-3.18,-3.01,-9.12,6.72,8,+++,2,2.47,1.59,52.0,False,,True,False,False
002015.SZSE,协鑫能科,2026-03-12,2026-03,2板补涨阳,False,,无U,,True,封D1正,0.0,4.31,4.31,13.04,5.47,7.17,3,+++,2,7.17,2.81,48.0,False,,True,False,False
002021.SZSE,中捷资源,2024-11-07,2024-11,2板补涨阳,False,,U坑内,,False,封D1负,0.0,-2.11,-2.11,-5.13,-7.33,2.37,5,+++,2,0.0,2.32,104.0,False,,True,False,False
002021.SZSE,中捷资源,2025-09-12,2025-09,2板补涨阳,False,,U坑内,,False,封D1正,2.99,1.0,1.0,-5.52,-7.93,2.62,7,+++,2,0.74,0.0,74.0,False,,True,False,False
002021.SZSE,中捷资源,2025-09-25,2025-09,2板补涨阳,True,坑中纠缠,U坑内,,True,封D1负,0.66,-4.28,-4.28,-4.83,-7.93,3.37,16,-++,2,0.73,0.36,64.0,False,,True,False,False
002022.SZSE,科华生物,2023-12-28,2023-12,2板补涨阳,False,,无U,,True,炸板,-5.12,-2.98,-2.98,-0.84,-2.33,1.52,8,+++,2,1.52,2.29,26.0,False,,False,False,False
002029.SZSE,七 匹 狼,2025-10-10,2025-10,2板补涨阳,False,,U坑内,,False,封D1正,-3.51,2.85,2.85,-11.34,-14.76,4.02,5,+++,2,3.24,1.87,74.0,False,,True,False,False
002031.SZSE,巨轮智能,2024-11-20,2024-11,2板补涨阳,False,,U突破,,False,封D1负,-0.22,-1.32,-1.32,0.73,-7.06,8.38,11,-++,2,8.38,1.57,79.0,False,,True,False,False
002031.SZSE,巨轮智能,2024-11-29,2024-11,2板补涨阳,False,,U突破,,False,连板,10.04,10.04,55.98,3.41,-7.06,11.26,18,+++,2,-0.23,3.52,75.0,True,03,True,True,False
002031.SZSE,巨轮智能,2025-02-11,2025-02,2板补涨阳,False,,U突破,,True,封D1正,5.77,5.41,5.41,13.17,-8.08,23.13,13,+++,2,-2.95,2.7,85.0,False,,True,False,False
002031.SZSE,巨轮智能,2026-05-14,2026-05,2板补涨阳,False,,无U,,True,炸板,-8.6,4.74,2.0,3.26,1.98,1.25,4,+++,2,1.25,3.19,101.0,False,,False,True,False
002038.SZSE,双鹭药业,2023-10-12,2023-10,2板补涨阳,False,,无U,,True,炸板,-5.16,0.83,0.83,2.13,2.13,0.0,5,+++,2,0.0,3.0,31.0,False,,False,False,False
002038.SZSE,双鹭药业,2026-04-02,2026-04,2板补涨阳,False,,无U,,True,封D1正,0.58,5.03,5.03,6.88,4.4,2.37,3,++-,2,2.37,3.03,49.0,False,,True,False,False
002038.SZSE,双鹭药业,2026-04-15,2026-04,2板补涨阳,False,,无U,,True,封D1负,1.61,-1.98,-1.98,0.96,-1.1,2.09,11,-++,2,2.09,0.0,49.0,False,,True,False,False
002040.SZSE,南 京 港,2025-10-13,2025-10,2板补涨阳,False,,U坑内,,False,连板,1.06,10.04,2.2,-13.77,-15.69,2.28,7,-++,2,1.67,0.59,53.0,True,02,True,True,False
002044.SZSE,美年健康,2026-01-09,2026-01,2板补涨阳,False,,U坑内,,True,连板,9.95,9.95,38.83,-7.48,-14.12,7.74,14,+++,2,2.96,3.14,77.0,True,03,True,True,False
002046.SZSE,国机精工,2026-01-09,2026-01,2板补涨阳,False,,U突破,,False,连板,5.6,10.0,11.6,-3.26,-6.33,3.28,12,-++,2,1.49,0.43,77.0,True,02,True,True,False
002048.SZSE,宁波华翔,2025-03-06,2025-03,2板补涨阳,False,,U突破,,True,封D1正,-1.88,1.25,1.25,5.35,-8.06,14.59,5,+++,2,8.29,0.41,55.0,False,,True,False,False
002048.SZSE,宁波华翔,2025-03-17,2025-03,2板补涨阳,False,,U突破,,True,封D1正,2.8,1.76,1.76,9.32,-8.06,18.91,12,+++,2,1.35,1.84,66.0,False,,True,False,False
002054.SZSE,德美化工,2026-02-26,2026-02,2板补涨阳,False,,U突破,,False,炸板,-1.6,-2.86,-2.86,-2.44,-7.96,5.99,7,+++,2,5.99,3.54,61.0,False,,False,False,False
002058.SZSE,威尔泰,2024-03-18,2024-03,2板补涨阳,False,,U坑内,,False,封D1负,-0.75,-3.0,-3.0,-6.11,-10.24,4.6,11,+++,2,1.3,0.0,56.0,False,,True,False,False
002058.SZSE,威尔泰,2024-03-21,2024-03,2板补涨阳,False,,U突破,,False,封D1正,9.98,1.49,1.49,-0.43,-10.24,10.93,14,+++,2,-0.6,1.03,64.0,False,,True,False,False
002058.SZSE,威尔泰,2025-04-14,2025-04,2板补涨阳,False,,U坑内,,True,封D1负,4.02,-2.29,-2.29,-19.75,-21.01,1.6,7,---,2,-1.04,3.54,64.0,False,,True,False,False
002065.SZSE,东华软件,2024-10-30,2024-10,2板补涨阳,False,,U突破,,False,封D1正,5.69,6.86,6.86,-0.95,-11.45,11.85,16,+++,2,3.49,2.49,93.0,False,,True,False,False
002067.SZSE,景兴纸业,2025-09-16,2025-09,2板补涨阳,False,,无U,,True,连板,9.97,9.97,8.78,5.91,-0.98,6.96,8,+++,2,2.28,3.8,56.0,True,03,True,True,False
002080.SZSE,中材科技,2026-08-07,2026-08,2板补涨阳,False,,无U,,True,炸板,3.79,0.3,0.3,5.55,5.55,0.0,2,---,2,5.55,1.21,69.0,False,,False,False,False
002083.SZSE,孚日股份,2025-11-06,2025-11,2板补涨阳,False,,U突破,,True,连板,6.13,9.97,91.1,-3.73,-9.9,6.85,13,+++,2,1.54,1.37,54.0,True,03,True,True,False
002085.SZSE,万丰奥威,2024-03-06,2024-03,2板补涨阳,False,,无U,,True,炸板,-6.78,-6.19,-6.19,36.73,6.33,28.6,14,+++,2,6.14,3.68,38.0,False,,False,False,False
002085.SZSE,万丰奥威,2024-03-08,2024-03,2板补涨阳,False,,无U,,True,炸板,3.06,9.4,28.65,41.12,6.33,32.73,16,+++,2,2.42,2.93,44.0,False,,False,True,False
002085.SZSE,万丰奥威,2024-03-11,2024-03,2板补涨阳,False,,无U,,True,连板,5.18,10.04,17.6,54.31,6.33,45.12,17,+++,2,9.34,0.62,52.0,True,05,True,True,False
002086.SZSE,东方海洋,2024-11-06,2024-11,2板补涨阳,False,,无U,,True,连板,9.89,9.89,20.88,4.2,-3.36,7.83,10,+++,2,2.9,2.07,139.0,True,03,True,True,False
002093.SZSE,国脉科技,2025-04-10,2025-04,2板补涨阳,False,,U坑内,,False,炸板,-4.63,-2.59,-2.59,-38.16,-40.18,3.37,14,--+,2,1.13,2.27,87.0,False,,False,False,False
002094.SZSE,青岛金王,2025-05-27,2025-05,2板补涨阳,False,,U坑内,,True,封D1负,2.78,-1.11,-1.11,-8.81,-9.48,0.74,9,-++,2,0.74,1.11,46.0,False,,True,False,False
002099.SZSE,海翔药业,2026-02-26,2026-02,2板补涨阳,False,,U突破,,True,封D1负,-5.66,-8.27,-8.27,-2.78,-9.44,7.35,7,+++,2,4.69,2.87,61.0,False,,True,False,False
002104.SZSE,恒宝股份,2024-09-30,2024-09,2板补涨阳,False,,U突破,,False,封D1正,10.03,9.29,9.29,-3.45,-17.55,17.11,14,+++,2,4.23,1.69,107.0,False,,True,False,False
002105.SZSE,信隆健康,2025-12-19,2025-12,2板补涨阳,True,坑底首阳,U坑内,,False,封D1负,1.16,-0.51,-0.51,-24.57,-25.96,1.88,7,-++,2,1.88,2.31,52.0,False,,True,False,False
002112.SZSE,三变科技,2025-03-12,2025-03,2板补涨阳,False,,U坑内,,True,炸板,-5.65,-3.58,-3.58,-9.95,-14.47,5.28,17,+-+,2,-2.96,1.54,45.0,False,,False,False,False
002112.SZSE,三变科技,2026-03-09,2026-03,2板补涨阳,False,,U突破,,False,封D1负,1.34,-2.61,-2.61,5.59,-9.08,16.13,18,-++,2,3.33,3.62,65.0,False,,True,False,False
002115.SZSE,三维通信,2025-02-11,2025-02,2板补涨阳,False,,U突破,,True,炸板,-4.27,-2.07,-2.07,-1.59,-15.46,16.41,13,-+-,2,4.2,0.14,85.0,False,,False,False,False
002117.SZSE,东港股份,2025-01-10,2025-01,2板补涨阳,False,,U坑内,,False,炸板,-12.98,-5.8,-5.8,-6.93,-11.39,5.03,5,+++,2,5.03,0.0,77.0,False,,False,False,False
002131.SZSE,利欧股份,2025-09-16,2025-09,2板补涨阳,False,,无U,,True,炸板,-5.77,-4.25,-4.25,22.75,-3.48,27.18,20,+++,2,0.5,2.01,56.0,False,,False,False,False
002131.SZSE,利欧股份,2026-08-13,2026-08,2板补涨阳,False,,无U,,True,炸板,-11.04,-12.19,-12.19,7.6,3.31,4.15,8,+++,2,4.15,2.45,86.0,False,,False,False,False
002134.SZSE,天津普林,2024-12-03,2024-12,2板补涨阳,False,,U坑内,,False,封D1正,5.6,6.83,6.83,-25.99,-29.41,4.84,17,--+,2,1.12,0.06,132.0,False,,True,False,False
002136.SZSE,安 纳 达,2025-11-13,2025-11,2板补涨阳,False,,无U,,True,炸板,-5.35,-6.87,-6.87,3.26,3.26,0.0,3,+++,2,-2.18,2.06,48.0,False,,False,False,False
002136.SZSE,安 纳 达,2025-11-28,2025-11,2板补涨阳,False,,U坑内,,True,封D1负,0.59,-4.61,-4.61,-20.54,-22.78,2.9,14,--+,2,1.47,0.9,41.0,False,,True,False,False
002140.SZSE,东华科技,2025-11-03,2025-11,2板补涨阳,True,坑底首阳,U坑内,,False,封D1负,0.78,-2.17,-2.17,-13.19,-13.19,0.0,19,--+,2,-0.26,0.94,47.0,False,,True,False,False
002141.SZSE,贤丰控股,2026-08-07,2026-08,2板补涨阳,False,,U突破,,False,炸板,-2.86,6.67,9.21,2.14,-12.66,16.94,17,-++,2,1.78,2.84,69.0,False,,False,True,False
002141.SZSE,贤丰控股,2026-08-10,2026-08,2板补涨阳,False,,U突破,,False,封D1正,-3.12,2.38,2.38,8.91,-12.66,24.69,18,-++,2,6.63,3.32,59.0,False,,True,False,False
002146.SZSE,荣盛发展,2023-08-28,2023-08,2板补涨阳,True,坑底首阳,U坑内,,False,封D1正,0.4,5.58,5.58,-25.0,-25.0,0.0,20,--+,2,-0.44,2.62,16.0,False,,True,False,False
002149.SZSE,西部材料,2025-12-12,2025-12,2板补涨阳,False,,无U,,True,封D1正,0.0,4.29,4.29,16.53,5.76,10.18,4,+++,2,0.15,3.24,27.0,False,,True,False,False
002149.SZSE,西部材料,2025-12-25,2025-12,2板补涨阳,False,,无U,,True,封D1正,-3.25,1.26,1.26,11.35,-1.11,12.6,4,+++,2,8.47,1.5,65.0,False,,True,False,False
002149.SZSE,西部材料,2026-02-02,2026-02,2板补涨阳,False,,无U,,True,炸板,-2.12,5.32,5.32,13.02,-0.02,13.04,6,+-+,2,2.01,2.63,41.0,False,,False,False,False
002149.SZSE,西部材料,2026-03-02,2026-03,2板补涨阳,False,,无U,,True,炸板,-4.03,-13.51,-13.51,19.61,-0.02,19.63,20,-++,2,3.27,2.48,69.0,False,,False,False,False
002150.SZSE,正泰电源,2026-04-09,2026-04,2板补涨阳,False,,U坑内,,True,封D1正,0.64,1.98,1.98,-22.34,-24.47,2.83,12,--+,2,2.79,0.24,108.0,False,,True,False,False
002153.SZSE,石基信息,2024-10-29,2024-10,2板补涨阳,False,,U坑内,,False,封D1负,-0.12,-3.1,-3.1,-8.93,-14.02,5.92,15,+++,2,1.38,0.69,179.0,False,,True,False,False
002158.SZSE,汉钟精机,2026-05-20,2026-05,2板补涨阳,False,,无U,,True,封D1负,1.11,-3.74,-3.74,4.87,3.36,1.47,10,+++,2,0.0,0.38,75.0,False,,True,False,False
002162.SZSE,悦心健康,2025-04-10,2025-04,2板补涨阳,True,坑底首阳,U坑内,,False,封D1负,-2.03,-3.04,-3.04,-35.78,-36.67,1.41,17,--+,2,1.41,0.85,87.0,False,,True,False,False
002165.SZSE,红 宝 丽,2026-01-30,2026-01,2板补涨阳,False,,无U,,True,封D1负,0.0,-2.51,-2.51,21.06,3.34,17.15,7,+++,2,8.5,1.5,74.0,False,,True,False,False
002167.SZSE,东方锆业,2024-11-01,2024-11,2板补涨阳,False,,U突破,,False,封D1正,0.94,2.54,2.54,-3.14,-14.55,13.36,18,+++,2,3.82,1.07,141.0,False,,True,False,False
002173.SZSE,创新医疗,2025-07-04,2025-07,2板补涨阳,False,,U突破,,False,炸板,-6.59,-9.97,-9.97,-2.3,-4.34,2.13,3,+++,2,2.13,2.4,52.0,False,,False,False,False
002173.SZSE,创新医疗,2026-08-04,2026-08,2板补涨阳,True,坑底首阳,U坑内,,False,封D1正,-2.01,1.63,1.63,-16.43,-16.43,0.0,5,+++,2,-2.66,1.28,69.0,False,,True,False,False
002176.SZSE,江特电机,2025-09-08,2025-09,2板补涨阳,False,,U坑内,,True,封D1正,1.51,3.03,3.03,-5.65,-10.79,5.75,19,--+,2,5.13,0.35,71.0,False,,True,False,False
002177.SZSE,御银股份,2023-08-30,2023-08,2板补涨阳,False,,U坑内,,False,炸板,-5.89,-5.16,-5.16,-11.79,-19.29,9.29,14,+-+,2,1.23,1.02,51.0,False,,False,False,False
002178.SZSE,延华智能,2024-06-27,2024-06,2板补涨阳,False,,U坑内,,True,封D1负,0.0,-5.71,-5.71,-13.79,-14.78,1.16,5,++-,2,1.16,1.16,31.0,False,,True,False,False
002181.SZSE,粤 传 媒,2024-12-06,2024-12,2板补涨阳,True,坑中纠缠,U坑内,,False,封D1正,5.17,0.0,0.0,-10.2,-15.12,5.79,8,-++,2,5.79,0.43,103.0,False,,True,False,False
002181.SZSE,粤 传 媒,2026-04-27,2026-04,2板补涨阳,False,,无U,,True,封D1正,0.0,0.56,0.56,0.38,-3.23,3.74,13,+++,2,-0.61,2.44,50.0,False,,True,False,False
002181.SZSE,粤 传 媒,2026-04-30,2026-04,2板补涨阳,False,,无U,,True,连板,0.0,10.01,13.52,15.4,-3.23,19.25,16,+++,2,3.95,2.29,92.0,True,02,True,True,False
002181.SZSE,粤 传 媒,2026-06-01,2026-06,2板补涨阳,False,,U坑内,,True,封D1负,-1.16,-10.02,-10.02,-8.99,-27.4,25.36,18,--+,2,3.19,3.06,46.0,False,,True,False,False
002183.SZSE,怡 亚 通,2024-10-31,2024-10,2板补涨阳,False,,无U,,True,炸板,-1.54,-13.38,-13.38,11.51,8.68,2.6,3,+++,2,2.6,3.12,118.0,False,,False,False,False
002185.SZSE,华天科技,2024-10-29,2024-10,2板补涨阳,False,,U突破,,True,封D1负,0.85,-0.77,-0.77,14.31,-7.69,23.84,15,+++,2,8.1,1.57,179.0,False,,True,False,False
002187.SZSE,广百股份,2024-12-12,2024-12,2板补涨阳,False,,U突破,,False,连板,4.97,9.94,13.12,-2.95,-9.29,6.99,10,-++,2,5.11,0.48,119.0,True,05,True,True,False
002187.SZSE,广百股份,2024-12-26,2024-12,2板补涨阳,False,,U坑内,,True,封D1负,-0.84,-1.55,-1.55,-18.84,-22.36,4.53,9,-++,2,4.03,0.16,31.0,False,,True,False,False
002187.SZSE,广百股份,2025-01-15,2025-01,2板补涨阳,False,,U突破,,True,连板,-3.72,10.05,2.73,4.79,-5.29,10.64,5,+++,2,1.46,2.2,111.0,True,05,True,True,False
002187.SZSE,广百股份,2026-01-09,2026-01,2板补涨阳,False,,U坑内,,False,封D1正,1.61,2.53,2.53,-4.36,-10.41,6.76,16,-++,2,0.51,2.54,77.0,False,,True,False,False
002194.SZSE,武汉凡谷,2025-04-25,2025-04,2板补涨阳,False,,无U,,True,炸板,-8.92,-15.62,-15.62,13.6,4.03,9.19,4,++-,2,4.97,3.73,45.0,False,,False,False,False
002194.SZSE,武汉凡谷,2025-05-09,2025-05,2板补涨阳,False,,U突破,,True,封D1正,2.9,3.73,3.73,3.95,-5.45,9.95,11,-++,2,1.54,2.55,51.0,False,,True,False,False
002194.SZSE,武汉凡谷,2025-05-19,2025-05,2板补涨阳,False,,U突破,,True,炸板,-4.94,-6.9,-6.9,13.44,-5.45,19.98,17,+++,2,-2.58,2.31,51.0,False,,False,False,False
002205.SZSE,国统股份,2025-08-08,2025-08,2板补涨阳,False,,U突破,,False,连板,7.59,10.02,8.35,-3.69,-6.19,2.67,13,-++,2,0.62,0.85,47.0,True,02,True,True,False
002210.SZSE,飞马国际,2024-11-05,2024-11,2板补涨阳,False,,U突破,,True,连板,6.33,10.13,13.08,-1.83,-5.02,3.37,7,+++,2,1.42,2.83,122.0,True,02,True,True,False
002210.SZSE,飞马国际,2025-09-16,2025-09,2板补涨阳,False,,U坑内,,False,封D1负,-1.81,-1.03,-1.03,-9.28,-15.98,7.98,11,-++,2,1.44,2.31,56.0,False,,True,False,False
002210.SZSE,飞马国际,2025-09-19,2025-09,2板补涨阳,False,,U突破,,True,炸板,-7.01,-4.44,-4.44,0.26,-15.98,19.33,14,+++,2,1.57,3.66,45.0,False,,False,False,False
002210.SZSE,飞马国际,2025-09-23,2025-09,2板补涨阳,False,,U突破,,True,炸板,-6.67,-10.89,-10.89,5.41,-15.98,25.46,16,+++,2,1.49,2.23,54.0,False,,False,False,False
002212.SZSE,天融信,2024-10-28,2024-10,2板补涨阳,False,,U坑内,,False,封D1正,9.71,3.49,3.49,-4.62,-13.06,9.71,14,+++,2,2.04,0.51,121.0,False,,True,False,False
002212.SZSE,天融信,2026-08-06,2026-08,2板补涨阳,False,,U突破,,True,封D1负,8.83,-7.61,-7.61,1.36,-4.7,6.36,6,+++,2,0.45,1.8,93.0,False,,True,False,False
002213.SZSE,大为股份,2026-04-14,2026-04,2板补涨阳,False,,无U,,True,封D1负,-0.29,-8.48,-8.48,6.49,4.18,2.21,3,+++,2,2.21,1.21,52.0,False,,True,False,False
002213.SZSE,大为股份,2026-08-05,2026-08,2板补涨阳,False,,U坑内,,True,封D1正,-0.42,1.59,1.59,-4.55,-9.2,5.13,10,---,2,5.13,0.64,123.0,False,,True,False,False
002218.SZSE,拓日新能,2024-05-29,2024-05,2板补涨阳,False,,U坑内,,True,炸板,-3.38,-7.0,-7.0,-5.53,-5.53,0.0,4,+++,2,0.0,2.93,18.0,False,,False,False,False
002218.SZSE,拓日新能,2026-01-23,2026-01,2板补涨阳,True,坑中纠缠,U坑内,,False,连板,10.07,10.07,26.37,-11.43,-16.25,5.76,6,-++,2,5.76,1.92,63.0,True,03,True,True,False
002222.SZSE,福晶科技,2023-04-14,2023-04,2板补涨阳,False,,U突破,,True,炸板,-1.88,-5.19,-5.19,-2.87,-6.88,4.3,6,,2,2.54,3.91,22.0,False,,False,False,False
002222.SZSE,福晶科技,2023-04-20,2023-04,2板补涨阳,False,,U突破,,True,封D1负,2.64,-3.96,-3.96,3.51,-6.88,11.15,10,,2,1.11,2.71,23.0,False,,True,False,False
002229.SZSE,鸿博股份,2023-08-21,2023-08,2板补涨阳,False,,U坑内,,False,连板,10.01,10.01,2.74,-8.91,-8.91,0.0,4,+++,2,-1.29,3.09,16.0,True,05,True,True,False
002229.SZSE,鸿博股份,2024-10-22,2024-10,2板补涨阳,False,,U坑内,,False,封D1正,3.06,1.77,1.77,-11.88,-17.89,7.33,10,-++,2,1.9,1.63,89.0,False,,True,False,False
002229.SZSE,鸿博股份,2024-11-08,2024-11,2板补涨阳,True,坑中纠缠,U坑内,,True,封D1正,0.63,3.02,3.02,-5.43,-10.73,5.94,10,-++,2,0.63,1.04,157.0,False,,True,False,False
002232.SZSE,启明信息,2024-07-26,2024-07,2板补涨阳,False,,无U,,True,连板,10.01,10.01,28.8,6.62,6.62,0.0,2,+++,2,6.62,3.37,32.0,True,03,True,True,False
002232.SZSE,启明信息,2024-12-09,2024-12,2板补涨阳,False,,U坑内,,True,炸板,-2.5,-5.94,-5.94,-14.4,-25.4,14.75,18,+-+,2,3.24,1.66,94.0,False,,False,False,False
002235.SZSE,安妮股份,2025-07-01,2025-07,2板补涨阳,False,,U突破,,True,封D1负,-5.57,-10.03,-10.03,6.75,-5.14,12.53,6,+++,2,6.0,1.6,63.0,False,,True,False,False
002246.SZSE,北化股份,2024-05-20,2024-05,2板补涨阳,False,,U突破,,True,炸板,-7.96,-12.23,-12.23,0.09,-7.06,7.7,3,+++,2,7.7,2.33,61.0,False,,False,False,False
002246.SZSE,北化股份,2024-05-23,2024-05,2板补涨阳,False,,U坑内,,True,封D1负,0.0,-4.71,-4.71,-5.56,-7.06,1.62,6,+++,2,-2.24,4.0,28.0,False,,True,False,False
002247.SZSE,聚力文化,2024-10-28,2024-10,2板补涨阳,False,,U突破,,False,封D1正,8.85,3.54,3.54,-1.91,-13.88,13.89,14,+++,2,6.22,1.04,121.0,False,,True,False,False
002249.SZSE,大洋电机,2025-10-22,2025-10,2板补涨阳,False,,U突破,,True,炸板,-5.07,-3.96,-3.96,-1.8,-13.26,13.21,15,-++,2,2.96,3.32,63.0,False,,False,False,False
002253.SZSE,川大智胜,2024-10-28,2024-10,2板补涨阳,False,,无U,,True,连板,10.02,10.02,19.82,13.39,-0.27,13.71,7,+++,2,7.84,1.44,121.0,True,03,True,True,False
002265.SZSE,建设工业,2025-01-21,2025-01,2板补涨阳,False,,U坑内,,False,炸板,-4.47,-6.08,-6.08,-10.03,-14.6,5.35,4,+++,2,5.35,3.25,62.0,False,,False,False,False
002265.SZSE,建设工业,2025-07-17,2025-07,2板补涨阳,False,,U突破,,True,连板,9.72,10.01,29.29,-3.21,-6.45,3.46,15,+++,2,-0.93,2.5,49.0,True,03,True,True,False
002268.SZSE,电科网安,2024-10-21,2024-10,2板补涨阳,False,,U坑内,,False,封D1负,0.21,-4.1,-4.1,-5.81,-12.96,8.22,9,-++,2,1.27,2.54,77.0,False,,True,False,False
002269.SZSE,美邦服饰,2023-10-17,2023-10,2板补涨阳,False,,U坑内,,False,炸板,-5.61,-8.67,-8.67,-13.17,-14.15,1.14,15,--+,2,0.56,1.69,50.0,False,,False,False,False
002269.SZSE,美邦服饰,2025-09-12,2025-09,2板补涨阳,False,,U突破,,True,封D1负,5.78,-2.38,-2.38,0.75,-4.15,5.12,6,+++,2,-0.74,0.37,74.0,False,,True,False,False
002269.SZSE,美邦服饰,2025-09-18,2025-09,2板补涨阳,False,,U突破,,True,炸板,-9.66,-15.26,-15.26,10.19,-4.15,14.96,10,+++,2,-1.35,3.72,56.0,False,,False,False,False
002281.SZSE,光迅科技,2023-06-14,2023-06,2板补涨阳,False,,U突破,,True,连板,2.6,10.01,15.12,6.94,-6.94,14.91,19,+++,2,0.77,2.02,35.0,True,02,True,True,False
002281.SZSE,光迅科技,2023-06-19,2023-06,2板补涨阳,False,,无U,,True,封D1正,-0.89,9.91,9.91,4.65,4.65,0.0,2,+++,2,4.65,2.6,41.0,False,,True,False,False
002281.SZSE,光迅科技,2026-05-19,2026-05,2板补涨阳,False,,无U,,True,封D1正,-0.81,2.39,2.39,5.59,-1.16,6.82,6,+++,2,6.82,2.51,72.0,False,,True,False,False
002285.SZSE,世联行,2024-08-30,2024-08,2板补涨阳,True,坑底首阳,U坑内,,False,炸板,-3.19,-5.85,-5.85,-21.2,-22.58,1.79,15,--+,2,1.79,1.19,37.0,False,,False,False,False
002285.SZSE,世联行,2025-12-16,2025-12,2板补涨阳,False,,U突破,,True,封D1负,-2.96,-1.18,-1.18,-2.85,-12.97,11.64,16,-++,2,-2.85,2.22,53.0,False,,True,False,False
002286.SZSE,保龄宝,2025-04-30,2025-04,2板补涨阳,False,,U突破,,False,封D1正,8.35,1.3,1.3,-3.46,-12.9,10.85,13,++-,2,2.82,1.47,49.0,False,,True,False,False
002290.SZSE,禾盛新材,2025-06-04,2025-06,2板补涨阳,False,,U突破,,True,封D1正,1.88,0.47,0.47,-0.74,-7.43,7.23,19,--+,2,2.68,0.7,57.0,False,,True,False,False
002292.SZSE,奥飞娱乐,2023-06-06,2023-06,2板补涨阳,False,,无U,,True,封D1正,-2.36,1.22,1.22,6.9,6.9,0.0,2,+--,2,6.9,2.01,35.0,False,,True,False,False
002292.SZSE,奥飞娱乐,2024-12-03,2024-12,2板补涨阳,False,,无U,,True,炸板,-1.37,-12.11,-12.11,0.87,0.33,0.54,5,+++,2,0.54,3.67,132.0,False,,False,False,False
002295.SZSE,精艺股份,2024-04-12,2024-04,2板补涨阳,False,,U突破,,True,封D1负,9.95,-3.39,-3.39,1.9,-10.52,13.88,6,+++,2,6.07,3.96,41.0,False,,True,False,False
002295.SZSE,精艺股份,2025-07-08,2025-07,2板补涨阳,False,,U坑内,,False,连板,7.57,9.96,3.09,-11.87,-11.87,0.0,3,+++,2,-2.04,1.07,52.0,True,01,True,True,False
002297.SZSE,博云新材,2026-01-22,2026-01,2板补涨阳,False,,U突破,,True,封D1负,-0.99,-2.59,-2.59,-3.63,-6.86,3.47,18,-++,2,0.08,1.59,72.0,False,,True,False,False
002298.SZSE,中电鑫龙,2026-08-10,2026-08,2板补涨阳,False,,无U,,True,封D1负,1.71,-2.36,-2.36,4.81,-1.6,6.52,11,+++,2,-0.82,1.17,59.0,False,,True,False,False
002300.SZSE,太阳电缆,2025-12-02,2025-12,2板补涨阳,False,,U坑内,,True,连板,7.84,10.03,33.42,-11.18,-17.34,7.45,18,+-+,2,1.0,1.0,54.0,True,05,True,True,False
002309.SZSE,中利集团,2025-12-22,2025-12,2板补涨阳,False,,U坑内,,False,炸板,-6.37,-8.49,-8.49,-14.25,-18.25,4.89,6,-+-,2,3.0,2.1,65.0,False,,False,False,False
002313.SZSE,日海智能,2025-01-08,2025-01,2板补涨阳,True,坑底首阳,U坑内,,False,连板,1.05,9.99,-0.35,-29.9,-31.07,1.69,18,--+,2,-1.01,0.25,77.0,True,05,True,True,False
002313.SZSE,日海智能,2025-02-11,2025-02,2板补涨阳,False,,U突破,,True,封D1负,0.0,-1.26,-1.26,6.23,-11.83,20.48,17,+++,2,4.57,0.1,85.0,False,,True,False,False
002313.SZSE,日海智能,2025-03-04,2025-03,2板补涨阳,False,,U坑内,,True,封D1正,3.99,0.52,0.52,-20.8,-21.41,0.77,12,-++,2,0.77,2.5,51.0,False,,True,False,False
002315.SZSE,焦点科技,2023-04-25,2023-04,2板补涨阳,False,,U坑内,,True,连板,10.0,10.0,7.34,-4.86,-5.33,0.5,4,,2,0.5,3.75,29.0,True,05,True,True,False
002316.SZSE,亚联发展,2023-10-26,2023-10,2板补涨阳,False,,U突破,,True,封D1负,5.14,-4.14,-4.14,4.08,-6.86,11.75,6,+++,2,2.25,3.69,52.0,False,,True,False,False
002324.SZSE,普利特,2024-12-05,2024-12,2板补涨阳,True,坑中纠缠,U坑内,,False,封D1正,0.26,1.47,1.47,-6.08,-11.54,6.17,10,-++,2,2.64,1.76,69.0,False,,True,False,False
002329.SZSE,皇氏集团,2025-03-27,2025-03,2板补涨阳,False,,U坑内,,True,封D1负,-0.75,-4.52,-4.52,-8.82,-12.09,3.72,8,-++,2,-2.43,2.16,56.0,False,,True,False,False
002335.SZSE,科华数据,2025-02-21,2025-02,2板补涨阳,False,,无U,,True,连板,1.29,10.0,6.03,2.67,-2.12,4.89,4,+++,2,-1.31,1.86,76.0,True,01,True,True,False
002335.SZSE,科华数据,2025-03-06,2025-03,2板补涨阳,False,,U坑内,,False,封D1负,-0.88,-2.69,-2.69,-9.28,-16.36,8.46,8,-++,2,7.28,0.61,55.0,False,,True,False,False
002335.SZSE,科华数据,2025-03-11,2025-03,2板补涨阳,False,,U突破,,False,炸板,-1.38,3.86,3.86,-2.76,-16.36,16.26,11,+++,2,0.14,1.58,65.0,False,,False,False,False
002335.SZSE,科华数据,2025-03-12,2025-03,2板补涨阳,False,,U突破,,True,炸板,-5.04,-1.99,-1.99,4.45,-16.36,24.88,12,+++,2,7.42,2.58,45.0,False,,False,False,False
002338.SZSE,奥普光电,2023-09-25,2023-09,2板补涨阳,True,坑底首阳,U坑内,,False,炸板,-7.22,-6.06,-6.06,-23.11,-23.65,0.7,10,-++,2,0.7,0.06,24.0,False,,False,False,False
002342.SZSE,巨力索具,2025-07-09,2025-07,2板补涨阳,False,,U突破,,False,封D1负,-0.5,-6.09,-6.09,-2.79,-9.71,7.66,4,+++,2,6.1,3.92,57.0,False,,True,False,False
002342.SZSE,巨力索具,2026-04-21,2026-04,2板补涨阳,False,,无U,,True,封D1负,-5.14,-5.93,-5.93,24.89,-0.58,25.61,8,+++,2,2.15,2.78,72.0,False,,True,False,False
002342.SZSE,巨力索具,2026-05-07,2026-05,2板补涨阳,False,,无U,,False,封D1负,0.0,-0.05,-0.05,28.99,-0.58,29.74,17,-++,2,1.51,2.47,88.0,False,,True,False,False
002345.SZSE,潮宏基,2025-06-12,2025-06,2板补涨阳,False,,U坑内,,False,炸板,3.35,-1.49,-1.49,-15.76,-17.08,1.6,6,-++,2,0.96,2.34,44.0,False,,False,False,False
002346.SZSE,柘中股份,2026-08-05,2026-08,2板补涨阳,False,,U坑内,,True,封D1正,0.15,0.95,0.95,-16.64,-28.61,16.76,18,+--,2,4.18,0.46,123.0,False,,True,False,False
002348.SZSE,高乐股份,2026-05-06,2026-05,2板补涨阳,False,,无U,,True,炸板,-1.31,2.86,2.86,25.62,0.9,24.5,17,+++,2,5.1,0.47,69.0,False,,False,False,False
002350.SZSE,北京科锐,2024-07-01,2024-07,2板补涨阳,False,,U突破,,True,炸板,-7.26,-8.04,-8.04,6.14,-4.15,10.73,11,++-,2,3.16,1.93,23.0,False,,False,False,False
002350.SZSE,北京科锐,2026-03-10,2026-03,2板补涨阳,False,,无U,,True,封D1正,-0.99,2.1,2.1,12.34,-3.49,16.4,7,+++,2,1.99,2.65,34.0,False,,True,False,False
002350.SZSE,北京科锐,2026-03-24,2026-03,2板补涨阳,False,,无U,,True,封D1正,5.05,1.0,1.0,10.96,-3.49,14.97,17,-++,2,-0.36,2.26,24.0,False,,True,False,False
002354.SZSE,天娱数科,2024-12-02,2024-12,2板补涨阳,False,,U坑内,,True,封D1负,-2.41,-1.11,-1.11,-8.58,-13.06,5.15,7,+++,2,5.15,3.0,105.0,False,,True,False,False
002354.SZSE,天娱数科,2025-05-07,2025-05,2板补涨阳,False,,无U,,True,封D1负,0.0,-3.68,-3.68,1.68,-1.83,3.57,4,++-,2,3.57,1.09,79.0,False,,True,False,False
002355.SZSE,兴民智通,2026-03-05,2026-03,2板补涨阳,False,,U坑内,,True,封D1负,-2.86,-0.14,-0.14,-10.96,-11.5,0.6,14,-++,2,0.6,1.36,34.0,False,,True,False,False
002356.SZSE,鹏飞绿能,2024-11-28,2024-11,2板补涨阳,False,,U突破,,True,封D1负,1.79,-2.23,-2.23,2.26,-8.04,11.2,8,+++,2,1.24,2.49,77.0,False,,True,False,False
002361.SZSE,神剑股份,2026-02-25,2026-02,2板补涨阳,False,,U坑内,,False,炸板,-5.15,-3.32,-3.32,-11.88,-15.22,3.95,7,-+-,2,3.95,1.32,82.0,False,,False,False,False
002364.SZSE,中恒电气,2025-03-12,2025-03,2板补涨阳,False,,U突破,,True,炸板,-11.82,-14.55,-14.55,6.34,-9.77,17.85,19,+++,2,3.73,0.33,45.0,False,,False,False,False
002365.SZSE,永安药业,2025-05-14,2025-05,2板补涨阳,False,,U坑内,,False,连板,1.69,9.99,12.89,-21.34,-26.01,6.31,8,-++,2,2.17,2.63,41.0,True,05,True,True,False
002369.SZSE,卓翼科技,2024-09-20,2024-09,2板补涨阳,True,坑中纠缠,U坑内,,False,封D1正,4.25,5.37,5.37,-21.17,-23.69,3.31,11,-++,2,3.31,0.51,46.0,False,,True,False,False
002369.SZSE,卓翼科技,2024-09-25,2024-09,2板补涨阳,False,,U坑内,,True,炸板,-6.98,-5.04,-5.04,-8.93,-23.69,19.34,14,+-+,2,-0.42,1.7,76.0,False,,False,False,False
002370.SZSE,亚太药业,2025-07-28,2025-07,2板补涨阳,False,,无U,,True,连板,4.36,10.02,15.83,16.08,1.86,13.97,7,+++,2,6.63,3.41,40.0,True,02,True,True,False
002374.SZSE,中锐股份,2025-12-25,2025-12,2板补涨阳,False,,U坑内,,False,炸板,-1.76,-5.29,-5.29,-10.64,-12.13,1.69,8,-+-,2,1.12,0.84,65.0,False,,False,False,False
002378.SZSE,章源钨业,2025-08-27,2025-08,2板补涨阳,False,,无U,,True,炸板,-1.37,-7.09,-7.09,9.34,9.34,0.0,2,+++,2,9.34,0.67,59.0,False,,False,False,False
002379.SZSE,宏桥控股,2026-07-23,2026-07,2板补涨阳,False,,无U,,True,封D1负,-1.22,-6.8,-6.8,6.29,3.14,3.05,7,++-,2,3.05,3.99,41.0,False,,True,False,False
002380.SZSE,科远智慧,2024-02-26,2024-02,2板补涨阳,False,,无U,,True,炸板,-5.12,-4.36,-4.36,15.33,2.73,12.27,5,+--,2,5.04,0.58,79.0,False,,False,False,False
002383.SZSE,合众思壮,2024-11-29,2024-11,2板补涨阳,False,,U坑内,,True,封D1正,-0.69,1.68,1.68,-9.72,-15.82,7.23,14,-++,2,0.99,2.2,75.0,False,,True,False,False
002384.SZSE,东山精密,2026-04-22,2026-04,2板补涨阳,False,,无U,,True,封D1正,3.04,0.17,0.17,28.43,8.83,18.01,9,+++,2,7.9,2.09,44.0,False,,True,False,False
002384.SZSE,东山精密,2026-05-07,2026-05,2板补涨阳,False,,无U,,True,封D1正,-0.51,0.15,0.15,45.47,8.83,33.67,17,+++,2,2.76,3.85,88.0,False,,True,False,False
002387.SZSE,维信诺,2023-10-30,2023-10,2板补涨阳,False,,U坑内,,True,封D1正,-1.63,0.27,0.27,-6.6,-14.59,9.36,10,-++,2,3.29,3.08,67.0,False,,True,False,False
002387.SZSE,维信诺,2023-11-06,2023-11,2板补涨阳,False,,U突破,,True,封D1正,4.02,2.63,2.63,2.88,-14.59,20.46,15,+++,2,1.37,2.11,35.0,False,,True,False,False
002390.SZSE,信邦制药,2025-01-20,2025-01,2板补涨阳,False,,U坑内,,False,炸板,-4.03,-5.59,-5.59,-16.29,-23.92,10.03,16,---,2,4.91,2.33,47.0,False,,False,False,False
002391.SZSE,长青股份,2025-06-17,2025-06,2板补涨阳,True,坑底首阳,U坑内,,False,封D1负,-0.61,-4.09,-4.09,-11.89,-13.22,1.52,6,+++,2,1.52,0.17,41.0,False,,True,False,False
002396.SZSE,星网锐捷,2026-07-17,2026-07,2板补涨阳,False,,无U,,False,炸板,-4.34,-8.35,-8.35,10.76,2.76,7.79,9,+++,2,3.6,2.87,37.0,False,,False,False,False
002400.SZSE,省广集团,2023-08-04,2023-08,2板补涨阳,True,坑中纠缠,U坑内,,False,封D1正,0.89,3.58,3.58,-8.13,-9.79,1.84,11,-++,2,-0.16,2.13,17.0,False,,True,False,False
002400.SZSE,省广集团,2024-11-26,2024-11,2板补涨阳,False,,U突破,,False,炸板,-8.66,-3.76,-3.76,2.44,-10.65,14.66,13,-++,2,3.37,1.42,132.0,False,,False,False,False
002401.SZSE,中远海科,2023-05-18,2023-05,2板补涨阳,False,,U坑内,,False,封D1负,-1.78,-7.98,-7.98,-15.47,-19.92,5.55,8,-+-,2,5.55,2.07,30.0,False,,True,False,False
002401.SZSE,中远海科,2023-05-31,2023-05,2板补涨阳,False,,U坑内,,False,封D1负,0.0,-4.64,-4.64,-9.96,-19.92,12.44,17,---,2,0.25,0.7,33.0,False,,True,False,False
002401.SZSE,中远海科,2025-07-23,2025-07,2板补涨阳,False,,U突破,,True,封D1负,-3.0,-4.68,-4.68,4.63,-4.27,9.29,7,+++,2,1.73,2.87,82.0,False,,True,False,False
002402.SZSE,和而泰,2024-12-13,2024-12,2板补涨阳,False,,U坑内,,True,封D1负,0.23,-5.53,-5.53,-14.33,-23.88,12.55,16,+-+,2,3.21,3.06,119.0,False,,True,False,False
002402.SZSE,和而泰,2025-09-18,2025-09,2板补涨阳,False,,U突破,,True,封D1正,4.19,3.78,3.78,0.5,-14.74,17.88,18,+-+,2,2.44,2.69,56.0,False,,True,False,False
002407.SZSE,多氟多,2025-09-29,2025-09,2板补涨阳,False,,U突破,,True,封D1正,1.34,5.67,5.67,5.57,-4.13,10.11,15,-++,2,5.82,2.04,39.0,False,,True,False,False
002409.SZSE,雅克科技,2026-06-22,2026-06,2板补涨阳,False,,无U,,True,封D1负,-3.12,-4.76,-4.76,11.39,-1.35,12.91,6,+++,2,1.51,0.97,75.0,False,,True,False,False
002409.SZSE,雅克科技,2026-06-29,2026-06,2板补涨阳,False,,无U,,True,封D1正,4.23,8.21,8.21,39.9,-1.35,41.82,11,+++,2,4.18,3.65,51.0,False,,True,False,False
002409.SZSE,雅克科技,2026-07-09,2026-07,2板补涨阳,False,,无U,,True,封D1负,5.26,-0.88,-0.88,40.94,-1.35,42.87,19,-++,2,2.25,3.51,41.0,False,,True,False,False
002418.SZSE,康盛股份,2024-09-04,2024-09,2板补涨阳,False,,U坑内,,False,封D1正,0.0,0.95,0.95,-11.93,-15.6,4.35,15,--+,2,2.13,0.53,33.0,False,,True,False,False
002418.SZSE,康盛股份,2025-02-21,2025-02,2板补涨阳,False,,U坑内,,False,炸板,-2.13,-1.6,-1.6,-9.55,-13.0,3.96,6,++-,2,1.19,2.08,76.0,False,,False,False,False
002418.SZSE,康盛股份,2025-03-05,2025-03,2板补涨阳,False,,U坑内,,False,封D1正,0.8,6.67,6.67,-9.55,-13.0,3.96,14,-+-,2,2.1,0.3,61.0,False,,True,False,False
002418.SZSE,康盛股份,2026-04-17,2026-04,2板补涨阳,False,,U坑内,,False,连板,10.02,10.02,-0.97,-10.06,-12.14,2.36,4,++-,2,2.36,2.36,68.0,True,01,True,True,False
002421.SZSE,达实智能,2026-06-22,2026-06,2板补涨阳,True,坑底首阳,U坑内,,False,封D1负,0.0,-4.51,-4.51,-33.16,-33.16,0.0,9,-++,2,0.0,2.09,75.0,False,,True,False,False
002421.SZSE,达实智能,2026-08-12,2026-08,2板补涨阳,False,,无U,,True,封D1负,-2.06,-7.99,-7.99,1.44,-2.01,3.52,6,++-,2,1.15,2.01,53.0,False,,True,False,False
002425.SZSE,凯撒文化,2024-08-30,2024-08,2板补涨阳,False,,U坑内,,True,封D1负,1.4,-2.11,-2.11,-13.67,-13.67,0.0,11,-++,2,0.0,0.77,37.0,False,,True,False,False
002426.SZSE,胜利精密,2024-09-30,2024-09,2板补涨阳,False,,U突破,,False,炸板,8.61,8.61,4.31,-2.56,-14.87,14.46,19,+-+,2,4.4,2.2,107.0,False,,False,True,False
002426.SZSE,胜利精密,2024-11-29,2024-11,2板补涨阳,False,,U突破,,True,炸板,-6.97,-5.15,-5.15,6.76,-11.39,20.48,16,+++,2,4.17,3.47,75.0,False,,False,False,False
002426.SZSE,胜利精密,2025-01-08,2025-01,2板补涨阳,False,,U坑内,,True,炸板,-8.48,-7.89,-7.89,-23.02,-34.41,17.36,19,--+,2,-1.27,0.63,77.0,False,,False,False,False
002428.SZSE,云南锗业,2026-04-22,2026-04,2板补涨阳,False,,无U,,True,封D1正,1.4,2.18,2.18,0.29,0.29,0.0,2,+++,2,0.29,3.05,44.0,False,,True,False,False
002428.SZSE,云南锗业,2026-05-06,2026-05,2板补涨阳,False,,无U,,True,封D1正,0.0,4.14,4.14,2.65,0.29,2.35,9,+++,2,1.14,3.05,69.0,False,,True,False,False
002428.SZSE,云南锗业,2026-05-08,2026-05,2板补涨阳,False,,无U,,True,炸板,0.32,4.51,4.51,17.6,0.29,17.25,11,-++,2,4.14,1.68,91.0,False,,False,False,False
002428.SZSE,云南锗业,2026-05-12,2026-05,2板补涨阳,False,,无U,,True,封D1正,-1.4,0.09,0.09,35.19,0.29,34.8,13,+++,2,7.12,0.09,76.0,False,,True,False,False
002429.SZSE,兆驰股份,2026-03-11,2026-03,2板补涨阳,False,,U坑内,,True,炸板,-3.81,-1.63,-1.63,-11.79,-18.29,7.97,15,--+,2,3.3,1.75,49.0,False,,False,False,False
002429.SZSE,兆驰股份,2026-03-13,2026-03,2板补涨阳,False,,U坑内,,True,封D1负,-2.76,-5.11,-5.11,-4.57,-18.29,16.79,17,+-+,2,1.21,2.61,46.0,False,,True,False,False
002432.SZSE,九安医疗,2026-04-20,2026-04,2板补涨阳,False,,无U,,True,炸板,-3.05,-3.39,-3.39,-0.2,-2.54,2.41,14,-++,2,0.09,3.08,57.0,False,,False,False,False
002437.SZSE,誉衡药业,2026-08-17,2026-08,2板补涨阳,False,,无U,,True,封D1负,0.4,-4.42,-4.42,6.59,6.59,0.0,2,+++,2,6.59,3.53,51.0,False,,True,False,False
002453.SZSE,华软科技,2025-02-18,2025-02,2板补涨阳,False,,U坑内,,False,封D1正,1.52,4.55,4.55,-5.26,-10.35,5.68,12,+++,2,2.08,0.76,74.0,False,,True,False,False
002455.SZSE,百川股份,2024-04-18,2024-04,2板补涨阳,False,,U突破,,False,封D1正,0.27,6.42,6.42,-3.13,-7.83,5.1,4,+++,2,5.1,1.24,200.0,False,,True,False,False
002455.SZSE,百川股份,2024-04-30,2024-04,2板补涨阳,False,,U突破,,True,连板,10.0,10.0,38.52,13.96,-7.83,23.65,12,+++,2,7.67,0.81,90.0,True,03,True,True,False
002457.SZSE,青龙管业,2024-10-14,2024-10,2板补涨阳,False,,U突破,,True,连板,-0.08,10.0,13.49,1.65,-4.07,5.96,3,+++,2,5.96,3.34,28.0,True,03,True,True,False
002459.SZSE,晶澳科技,2024-10-21,2024-10,2板补涨阳,False,,U突破,,True,连板,1.06,10.01,17.18,1.18,-5.68,7.28,10,+++,2,2.47,2.69,77.0,True,02,True,True,False
002459.SZSE,晶澳科技,2024-10-31,2024-10,2板补涨阳,False,,无U,,True,封D1负,-1.66,-6.06,-6.06,5.85,-1.93,7.93,7,+++,2,1.56,1.39,118.0,False,,True,False,False
002471.SZSE,中超控股,2026-03-05,2026-03,2板补涨阳,True,坑底首阳,U坑内,,False,封D1正,-0.11,1.0,1.0,-13.2,-15.1,2.24,16,--+,2,2.24,2.49,34.0,False,,True,False,False
002474.SZSE,榕基软件,2024-03-12,2024-03,2板补涨阳,False,,无U,,True,连板,4.46,9.95,13.21,15.97,2.41,13.25,16,-+-,2,2.32,0.0,69.0,True,02,True,True,False
002491.SZSE,通鼎互联,2026-03-02,2026-03,2板补涨阳,False,,无U,,True,炸板,-0.34,4.98,8.58,22.57,3.82,18.06,14,+++,2,1.05,3.72,69.0,False,,False,True,False
002491.SZSE,通鼎互联,2026-04-07,2026-04,2板补涨阳,False,,U突破,,True,连板,7.6,9.99,16.79,10.18,-4.74,15.65,8,+++,2,4.67,0.17,26.0,True,05,True,True,False
002505.SZSE,鹏都农牧,2021-10-15,2021-10,2板补涨阳,False,,无U,,True,炸板,-8.16,-2.62,-2.62,4.35,1.34,2.97,4,+++,2,2.97,3.3,0.0,False,,False,False,False
002506.SZSE,协鑫集成,2026-02-04,2026-02,2板补涨阳,False,,U突破,,True,连板,6.08,10.05,39.15,-0.29,-4.64,4.56,7,+++,2,4.24,0.91,61.0,True,03,True,True,False
002515.SZSE,金字火腿,2026-06-25,2026-06,2板补涨阳,False,,无U,,True,炸板,-0.77,-5.91,-5.91,16.47,3.95,12.04,6,+++,2,2.61,0.87,87.0,False,,False,False,False
002519.SZSE,银河电子,2025-12-11,2025-12,2板补涨阳,False,,无U,,False,封D1负,0.15,-3.92,-3.92,10.62,4.96,5.4,8,+++,2,-2.65,2.8,50.0,False,,True,False,False
002520.SZSE,日发精机,2025-02-18,2025-02,2板补涨阳,False,,U突破,,True,封D1正,6.59,5.43,5.43,1.44,-4.47,6.18,7,+++,2,6.18,0.45,74.0,False,,True,False,False
002520.SZSE,日发精机,2025-02-26,2025-02,2板补涨阳,False,,U突破,,True,封D1负,-0.93,-6.03,-6.03,12.97,-4.47,18.25,13,+++,2,0.13,2.81,46.0,False,,True,False,False
002527.SZSE,新时达,2023-09-04,2023-09,2板补涨阳,False,,U突破,,True,炸板,-6.78,-8.64,-8.64,0.07,-11.27,12.78,11,-++,2,-1.79,2.87,17.0,False,,False,False,False
002529.SZSE,海源复材,2024-01-04,2024-01,2板补涨阳,False,,无U,,False,封D1负,-1.09,-8.76,-8.76,-1.03,-2.52,1.54,3,++-,2,1.54,0.73,33.0,False,,True,False,False
002529.SZSE,海源复材,2024-08-14,2024-08,2板补涨阳,True,坑底首阳,U坑内,,False,封D1负,-0.37,-1.28,-1.28,-14.46,-16.52,2.47,5,+++,2,2.47,2.27,25.0,False,,True,False,False
002535.SZSE,林州重机,2023-08-03,2023-08,2板补涨阳,False,,U坑内,,True,封D1负,1.36,-2.91,-2.91,-12.17,-14.04,2.18,15,--+,2,-1.05,2.11,20.0,False,,True,False,False
002536.SZSE,飞龙股份,2026-04-20,2026-04,2板补涨阳,False,,无U,,True,封D1负,-7.23,-6.01,-6.01,10.97,2.23,8.54,7,++-,2,3.42,2.11,57.0,False,,True,False,False
002536.SZSE,飞龙股份,2026-05-08,2026-05,2板补涨阳,False,,无U,,False,封D1正,3.92,2.68,2.68,17.4,2.23,14.84,18,-++,2,7.92,0.55,91.0,False,,True,False,False
002552.SZSE,宝鼎科技,2025-01-15,2025-01,2板补涨阳,False,,U坑内,,False,封D1负,-1.32,-4.96,-4.96,-4.58,-9.67,5.63,7,+++,2,3.19,1.7,111.0,False,,True,False,False
002552.SZSE,宝鼎科技,2025-02-11,2025-02,2板补涨阳,False,,U突破,,True,炸板,-4.41,-3.82,-3.82,-3.01,-9.67,7.37,20,-++,2,0.59,0.26,85.0,False,,False,False,False
002552.SZSE,宝鼎科技,2026-07-09,2026-07,2板补涨阳,False,,U坑内,,False,封D1负,5.36,-6.51,-6.51,-17.28,-20.19,3.64,16,--+,2,3.64,3.52,41.0,False,,True,False,False
002553.SZSE,南方精工,2024-03-12,2024-03,2板补涨阳,False,,U坑内,,False,炸板,-5.46,-6.03,-6.03,-5.51,-10.68,5.79,10,+++,2,0.45,0.99,69.0,False,,False,False,False
002553.SZSE,南方精工,2024-12-04,2024-12,2板补涨阳,False,,U坑内,,False,封D1正,1.69,3.83,3.83,-18.41,-22.38,5.11,9,-++,2,0.57,2.44,92.0,False,,True,False,False
002558.SZSE,巨人网络,2023-05-29,2023-05,2板补涨阳,False,,U突破,,True,炸板,-1.66,8.11,11.86,-2.76,-5.4,2.79,17,-++,2,1.01,1.37,39.0,False,,False,True,False
002558.SZSE,巨人网络,2023-05-30,2023-05,2板补涨阳,False,,U突破,,True,封D1正,0.79,3.48,3.48,5.11,-5.4,11.1,18,-++,2,8.09,1.89,27.0,False,,True,False,False
002561.SZSE,徐家汇,2023-11-30,2023-11,2板补涨阳,False,,U坑内,,False,封D1负,3.64,-3.73,-3.73,-5.71,-7.83,2.3,6,+++,2,-1.54,1.73,25.0,False,,True,False,False
002565.SZSE,顺灏股份,2026-03-31,2026-03,2板补涨阳,True,坑底首阳,U坑内,,False,封D1负,-0.06,-1.82,-1.82,-4.63,-6.85,2.38,9,-+-,2,1.18,0.85,55.0,False,,True,False,False
002568.SZSE,百润股份,2024-11-07,2024-11,2板补涨阳,False,,无U,,False,封D1负,1.47,-3.08,-3.08,-0.71,-0.9,0.2,3,+++,2,0.2,2.57,104.0,False,,True,False,False
002570.SZSE,贝因美,2024-10-18,2024-10,2板补涨阳,False,,U坑内,,True,封D1负,0.29,-0.87,-0.87,-10.09,-10.95,0.97,9,-++,2,0.97,3.88,41.0,False,,True,False,False
002570.SZSE,贝因美,2024-10-24,2024-10,2板补涨阳,False,,U突破,,True,封D1负,2.82,-2.11,-2.11,11.53,-10.95,25.24,13,+++,2,3.48,3.21,76.0,False,,True,False,False
002571.SZSE,德力股份,2025-02-10,2025-02,2板补涨阳,False,,U坑内,,False,封D1正,-0.64,0.43,0.43,-19.81,-23.21,4.42,15,+-+,2,1.92,0.24,63.0,False,,True,False,False
002574.SZSE,明牌珠宝,2024-04-12,2024-04,2板补涨阳,False,,无U,,True,封D1负,-5.85,-9.94,-9.94,3.15,-3.98,7.43,20,+++,2,-0.8,3.19,41.0,False,,True,False,False
002574.SZSE,明牌珠宝,2025-06-04,2025-06,2板补涨阳,False,,U坑内,,False,炸板,-3.11,-9.86,-9.86,-5.91,-8.86,3.24,4,+++,2,3.24,3.98,57.0,False,,False,False,False
002577.SZSE,雷柏科技,2025-02-20,2025-02,2板补涨阳,False,,无U,,False,封D1正,4.21,0.78,0.78,4.49,-0.6,5.12,9,+++,2,5.12,3.96,90.0,False,,True,False,False
002578.SZSE,闽发铝业,2025-12-01,2025-12,2板补涨阳,False,,U坑内,,True,封D1正,-1.13,1.35,1.35,-17.04,-23.41,8.31,12,--+,2,3.86,0.26,61.0,False,,True,False,False
002579.SZSE,中京电子,2026-08-07,2026-08,2板补涨阳,False,,无U,,True,炸板,-3.0,-3.26,-3.26,7.32,7.32,0.0,2,+--,2,7.32,2.0,69.0,False,,False,False,False
002584.SZSE,西陇科学,2026-07-02,2026-07,2板补涨阳,False,,U坑内,,False,封D1负,-4.0,-9.55,-9.55,-9.26,-15.15,6.95,6,+++,2,5.49,0.95,130.0,False,,True,False,False
002587.SZSE,奥拓电子,2024-03-06,2024-03,2板补涨阳,False,,U突破,,False,炸板,-4.84,-9.13,-9.13,-0.9,-11.01,11.36,7,++-,2,1.86,3.26,38.0,False,,False,False,False
002596.SZSE,海南瑞泽,2024-12-27,2024-12,2板补涨阳,False,,U坑内,,True,封D1正,-0.57,4.57,4.57,-9.92,-11.05,1.27,18,-++,2,1.27,2.87,79.0,False,,True,False,False
002600.SZSE,领益智造,2025-08-25,2025-08,2板补涨阳,False,,无U,,True,连板,3.32,10.03,9.0,0.74,-0.65,1.4,4,+++,2,1.4,0.41,55.0,True,01,True,True,False
002611.SZSE,东方精工,2025-01-23,2025-01,2板补涨阳,False,,U突破,,True,炸板,-8.14,-4.46,-4.46,4.13,-6.73,11.63,11,++-,2,-1.86,2.62,36.0,False,,False,False,False
002611.SZSE,东方精工,2025-08-13,2025-08,2板补涨阳,False,,无U,,True,封D1正,2.21,1.26,1.26,0.29,-2.27,2.62,4,+++,2,2.62,1.78,42.0,False,,True,False,False
002611.SZSE,东方精工,2025-08-25,2025-08,2板补涨阳,False,,无U,,True,封D1负,1.88,-3.02,-3.02,6.86,-2.27,9.34,12,+++,2,1.6,1.44,55.0,False,,True,False,False
002617.SZSE,露笑科技,2025-01-20,2025-01,2板补涨阳,False,,U坑内,,False,炸板,-3.61,-2.99,-2.99,-22.51,-31.42,13.0,19,+-+,2,5.04,2.45,47.0,False,,False,False,False
002622.SZSE,皓宸医疗,2024-09-30,2024-09,2板补涨阳,False,,U突破,,True,连板,10.1,10.1,11.11,4.65,-16.28,25.0,12,+++,2,3.45,1.72,107.0,True,02,True,True,False
002623.SZSE,亚玛顿,2026-02-04,2026-02,2板补涨阳,False,,无U,,True,封D1负,-4.57,-5.62,-5.62,13.56,3.16,10.09,7,+++,2,7.48,2.41,61.0,False,,True,False,False
002625.SZSE,光启技术,2024-10-21,2024-10,2板补涨阳,False,,无U,,True,封D1正,3.88,0.3,0.3,21.91,-2.91,25.56,9,+++,2,7.17,2.4,77.0,False,,True,False,False
002625.SZSE,光启技术,2024-11-05,2024-11,2板补涨阳,False,,无U,,True,封D1正,3.89,6.12,6.12,48.07,-2.91,52.51,20,+++,2,2.88,3.57,122.0,False,,True,False,False
002629.SZSE,仁智股份,2025-01-24,2025-01,2板补涨阳,False,,U突破,,True,封D1负,-0.21,-9.96,-9.96,3.06,-17.41,24.79,17,++-,2,5.04,1.2,36.0,False,,True,False,False
002629.SZSE,仁智股份,2026-03-17,2026-03,2板补涨阳,True,坑底首阳,U坑内,,False,封D1正,0.0,0.72,0.72,-21.82,-23.3,1.93,10,-++,2,1.6,1.76,39.0,False,,True,False,False
002631.SZSE,德尔未来,2026-06-30,2026-06,2板补涨阳,False,,无U,,True,封D1正,3.63,1.68,1.68,3.74,-1.21,5.02,4,+++,2,3.74,0.2,89.0,False,,True,False,False
002632.SZSE,道明光学,2024-03-18,2024-03,2板补涨阳,False,,U突破,,False,炸板,-5.79,-6.31,-6.31,-2.66,-7.42,5.14,5,+++,2,5.14,2.27,56.0,False,,False,False,False
002636.SZSE,金安国纪,2026-02-11,2026-02,2板补涨阳,False,,U突破,,True,炸板,-3.07,-4.17,-4.17,-3.04,-8.47,5.92,13,-++,2,2.26,2.63,48.0,False,,False,False,False
002639.SZSE,雪人集团,2025-06-05,2025-06,2板补涨阳,False,,无U,,True,炸板,-1.57,-3.66,-3.66,20.14,1.88,17.93,7,+++,2,5.46,3.73,60.0,False,,False,False,False
002640.SZSE,跨境通,2024-11-05,2024-11,2板补涨阳,False,,U坑内,,True,炸板,-3.99,0.0,0.0,-5.13,-7.37,2.42,15,+++,2,2.42,1.04,122.0,False,,False,False,False
002640.SZSE,跨境通,2026-05-11,2026-05,2板补涨阳,False,,无U,,True,封D1负,1.32,-4.63,-4.63,2.74,2.24,0.49,3,+++,2,0.49,1.95,89.0,False,,True,False,False
002642.SZSE,荣联科技,2023-09-19,2023-09,2板补涨阳,False,,U坑内,,True,封D1正,0.0,3.45,3.45,-13.9,-14.84,1.1,6,+++,2,1.1,1.92,36.0,False,,True,False,False
002642.SZSE,荣联科技,2024-03-07,2024-03,2板补涨阳,False,,无U,,True,封D1负,-0.4,-3.91,-3.91,27.41,2.08,24.81,13,++-,2,5.31,3.28,63.0,False,,True,False,False
002645.SZSE,华宏科技,2024-03-29,2024-03,2板补涨阳,False,,无U,,True,封D1负,0.0,-0.35,-0.35,2.87,1.88,0.97,10,-++,2,0.97,3.01,59.0,False,,True,False,False
002645.SZSE,华宏科技,2026-05-11,2026-05,2板补涨阳,False,,无U,,True,炸板,-1.73,-4.55,-4.55,6.25,0.31,5.92,4,+++,2,1.63,0.74,89.0,False,,False,False,False
002645.SZSE,华宏科技,2026-05-20,2026-05,2板补涨阳,False,,无U,,True,封D1负,0.46,-5.58,-5.58,6.21,0.31,5.88,11,+++,2,-0.29,1.06,75.0,False,,True,False,False
002645.SZSE,华宏科技,2026-05-25,2026-05,2板补涨阳,False,,无U,,False,封D1正,3.53,1.94,1.94,12.77,0.31,12.42,14,-++,2,2.22,2.53,99.0,False,,True,False,False
002647.SZSE,仁东控股,2024-09-05,2024-09,2板补涨阳,False,,U坑内,,False,封D1负,2.41,-2.84,-2.84,-5.68,-13.41,8.92,12,+++,2,1.47,1.71,31.0,False,,True,False,False
002649.SZSE,博彦科技,2024-10-31,2024-10,2板补涨阳,False,,无U,,True,封D1负,1.61,-9.83,-9.83,5.63,-1.88,7.65,17,-++,2,5.72,0.51,118.0,False,,True,False,False
002651.SZSE,利君股份,2026-08-24,2026-08,2板补涨阳,True,坑底首阳,U坑内,,False,封D1负,-2.44,-3.25,-3.25,-15.17,-15.28,0.13,5,+++,2,0.13,0.38,47.0,False,,True,False,False
002655.SZSE,共达电声,2026-05-21,2026-05,2板补涨阳,True,坑底首阳,U坑内,,False,炸板,-2.73,-3.36,-3.36,-16.17,-16.17,0.0,9,-++,2,-0.69,2.65,51.0,False,,False,False,False
002655.SZSE,共达电声,2026-05-28,2026-05,2板补涨阳,False,,U突破,,False,炸板,0.49,-5.26,-5.26,-1.29,-16.17,17.75,14,+++,2,5.17,1.68,45.0,False,,False,False,False
002657.SZSE,中科金财,2023-11-08,2023-11,2板补涨阳,False,,U突破,,False,封D1负,2.09,-1.17,-1.17,5.71,-5.88,12.31,16,-++,2,3.95,0.78,42.0,False,,True,False,False
002657.SZSE,中科金财,2024-03-21,2024-03,2板补涨阳,False,,U突破,,True,封D1正,1.98,1.02,1.02,1.64,-6.94,9.23,20,+-+,2,2.03,0.32,64.0,False,,True,False,False
002657.SZSE,中科金财,2024-10-28,2024-10,2板补涨阳,False,,U坑内,,False,连板,6.0,9.98,5.58,-12.46,-17.1,5.59,14,+++,2,2.0,1.47,121.0,True,05,True,True,False
002663.SZSE,普邦股份,2024-12-02,2024-12,2板补涨阳,False,,U坑内,,False,封D1负,-0.45,-0.9,-0.9,-16.46,-22.22,7.41,16,+-+,2,2.01,0.5,105.0,False,,True,False,False
002663.SZSE,普邦股份,2024-12-06,2024-12,2板补涨阳,False,,U坑内,,True,封D1负,2.03,-5.28,-5.28,-7.82,-22.22,18.52,20,+-+,2,4.67,0.93,103.0,False,,True,False,False
002676.SZSE,顺威股份,2024-04-22,2024-04,2板补涨阳,False,,U坑内,,True,封D1负,-5.75,-2.53,-2.53,-22.24,-31.5,13.51,15,--+,2,0.25,0.76,41.0,False,,True,False,False
002679.SZSE,福建金森,2025-11-12,2025-11,2板补涨阳,False,,U突破,,False,炸板,-4.55,0.67,0.67,-3.07,-5.14,2.18,8,+++,2,0.74,1.19,52.0,False,,False,False,False
002679.SZSE,福建金森,2025-11-13,2025-11,2板补涨阳,False,,U突破,,False,炸板,-8.44,-3.15,-3.15,3.14,-5.14,8.73,9,-++,2,6.41,3.61,48.0,False,,False,False,False
002679.SZSE,福建金森,2025-11-17,2025-11,2板补涨阳,False,,U突破,,True,封D1负,-0.53,-9.99,-9.99,9.86,-5.14,15.81,11,+++,2,2.33,3.33,59.0,False,,True,False,False
002685.SZSE,华东重机,2024-08-29,2024-08,2板补涨阳,True,坑底首阳,U坑内,,False,封D1正,-0.96,1.61,1.61,-31.14,-32.36,1.8,20,--+,2,1.8,1.44,30.0,False,,True,False,False
002685.SZSE,华东重机,2024-10-15,2024-10,2板补涨阳,False,,U坑内,,False,封D1正,0.0,3.52,3.52,-10.0,-10.0,0.0,4,+++,2,0.0,0.97,71.0,False,,True,False,False
002685.SZSE,华东重机,2024-10-17,2024-10,2板补涨阳,False,,U突破,,True,炸板,-6.18,7.53,33.2,2.39,-10.0,13.77,6,+++,2,3.52,3.3,67.0,False,,False,True,False
002685.SZSE,华东重机,2024-10-18,2024-10,2板补涨阳,False,,U突破,,True,连板,10.05,10.05,23.88,10.0,-10.0,22.22,7,+++,2,7.43,2.55,41.0,True,05,True,True,False
002687.SZSE,乔治白,2026-06-29,2026-06,2板补涨阳,False,,U坑内,,False,封D1正,1.61,5.43,5.43,-10.85,-10.85,0.0,3,++-,2,-0.88,2.41,51.0,False,,True,False,False
002687.SZSE,乔治白,2026-07-10,2026-07,2板补涨阳,False,,U突破,,True,炸板,-0.51,-6.14,-6.14,5.13,-10.85,17.92,12,+++,2,0.76,0.38,63.0,False,,False,False,False
002709.SZSE,天赐材料,2024-11-05,2024-11,2板补涨阳,False,,U坑内,,True,封D1正,0.05,2.43,2.43,-9.92,-22.78,16.66,20,+++,2,0.0,2.83,122.0,False,,True,False,False
002709.SZSE,天赐材料,2025-09-29,2025-09,2板补涨阳,False,,无U,,True,封D1正,-1.57,1.54,1.54,21.95,-0.86,23.0,15,+++,2,4.82,2.55,39.0,False,,True,False,False
002712.SZSE,思美传媒,2024-05-09,2024-05,2板补涨阳,False,,无U,,True,炸板,-2.19,-6.88,-6.88,8.79,-1.12,10.02,4,++-,2,0.87,3.99,37.0,False,,False,False,False
002713.SZSE,东易日盛,2024-12-13,2024-12,2板补涨阳,False,,U突破,,True,炸板,-1.69,-10.48,-10.48,-2.8,-5.6,2.97,5,+++,2,2.97,3.14,119.0,False,,False,False,False
002713.SZSE,东易日盛,2024-12-19,2024-12,2板补涨阳,False,,U坑内,,True,封D1负,-4.05,-6.75,-6.75,-11.2,-13.18,2.28,9,-++,2,2.28,1.71,84.0,False,,True,False,False
002716.SZSE,湖南白银,2025-08-05,2025-08,2板补涨阳,False,,U坑内,,True,炸板,0.0,-1.19,-1.19,-5.15,-7.84,2.91,16,-++,2,2.68,0.22,41.0,False,,False,False,False
002718.SZSE,友邦吊顶,2024-11-05,2024-11,2板补涨阳,False,,U坑内,,False,封D1负,-1.34,-3.34,-3.34,-8.59,-19.19,13.12,17,+-+,2,5.79,0.35,122.0,False,,True,False,False
002718.SZSE,友邦吊顶,2024-12-10,2024-12,2板补涨阳,False,,U坑内,,False,炸板,-4.67,-3.2,-3.2,-16.66,-19.12,3.05,9,-++,2,1.5,0.5,83.0,False,,False,False,False
002729.SZSE,好利科技,2023-10-24,2023-10,2板补涨阳,False,,U坑内,,False,炸板,-6.41,-1.73,-1.73,-7.61,-7.61,0.0,3,++-,2,-2.31,3.72,31.0,False,,False,False,False
002729.SZSE,好利科技,2023-11-15,2023-11,2板补涨阳,False,,U突破,,True,炸板,-6.16,-0.73,-0.73,6.04,-8.42,15.79,19,+++,2,2.25,0.96,32.0,False,,False,False,False
002739.SZSE,儒意电影,2026-08-10,2026-08,2板补涨阳,False,,U坑内,,False,封D1正,3.73,1.91,1.91,-12.5,-17.34,5.86,17,+--,2,0.89,0.78,59.0,False,,True,False,False
002741.SZSE,光华科技,2024-03-01,2024-03,2板补涨阳,False,,无U,,True,封D1负,4.4,-4.1,-4.1,3.66,-2.55,6.37,10,++-,2,4.37,1.8,82.0,False,,True,False,False
002741.SZSE,光华科技,2024-03-11,2024-03,2板补涨阳,False,,无U,,False,封D1负,-3.6,-6.07,-6.07,3.23,-2.55,5.93,16,-+-,2,0.58,0.5,52.0,False,,True,False,False
002741.SZSE,光华科技,2024-07-11,2024-07,2板补涨阳,False,,U坑内,,False,封D1负,1.47,-6.95,-6.95,-4.06,-4.06,0.0,3,++-,2,-2.2,2.2,34.0,False,,True,False,False
002741.SZSE,光华科技,2026-06-15,2026-06,2板补涨阳,False,,U突破,,True,连板,10.0,10.0,26.73,6.2,-7.74,15.11,15,+++,2,7.24,2.75,83.0,True,03,True,True,False
002757.SZSE,南兴股份,2025-02-07,2025-02,2板补涨阳,False,,无U,,True,炸板,-6.83,-4.21,-4.21,2.01,2.01,0.0,4,++-,2,-1.43,1.82,71.0,False,,False,False,False
002757.SZSE,南兴股份,2025-02-17,2025-02,2板补涨阳,False,,无U,,True,连板,-4.4,9.99,7.07,12.21,2.01,10.01,10,+++,2,3.48,2.88,53.0,True,05,True,True,False
002762.SZSE,金发拉比,2025-04-10,2025-04,2板补涨阳,False,,U坑内,,False,封D1负,-0.17,-0.52,-0.52,-27.42,-30.19,3.97,17,---,2,0.96,0.77,87.0,False,,True,False,False
002767.SZSE,先锋电子,2024-02-19,2024-02,2板补涨阳,False,,U坑内,,False,封D1负,0.48,-0.96,-0.96,-49.66,-53.52,8.3,17,---,2,8.3,0.46,430.0,False,,True,False,False
002769.SZSE,普路通,2024-12-11,2024-12,2板补涨阳,False,,U坑内,,False,连板,3.0,9.98,-0.21,-4.62,-10.14,6.14,6,+++,2,2.79,2.55,82.0,True,02,True,True,False
002771.SZSE,真视通,2023-10-16,2023-10,2板补涨阳,True,坑中纠缠,U坑内,,False,连板,9.99,9.99,92.94,-9.52,-9.82,0.33,4,+--,2,0.33,1.78,28.0,True,03,True,True,False
002771.SZSE,真视通,2024-03-04,2024-03,2板补涨阳,False,,无U,,False,炸板,-4.5,0.87,0.87,17.74,0.86,16.75,9,++-,2,3.48,3.05,56.0,False,,False,False,False
002777.SZSE,久远银海,2023-05-05,2023-05,2板补涨阳,False,,U坑内,,True,连板,1.39,9.99,12.77,-23.53,-27.37,5.3,17,,2,0.77,2.92,76.0,True,02,True,True,False
002777.SZSE,久远银海,2023-05-31,2023-05,2板补涨阳,False,,U坑内,,True,封D1正,-0.29,0.0,0.0,-25.38,-31.19,8.45,17,---,2,1.03,0.07,33.0,False,,True,False,False
002777.SZSE,久远银海,2024-11-05,2024-11,2板补涨阳,False,,U突破,,True,封D1负,0.39,-1.6,-1.6,11.22,-11.54,25.73,20,+++,2,-0.85,0.38,122.0,False,,True,False,False
002779.SZSE,中坚科技,2024-12-20,2024-12,2板补涨阳,False,,U坑内,,True,连板,1.99,10.0,10.06,-11.79,-14.69,3.41,14,-++,2,2.48,3.5,50.0,True,02,True,True,False
002779.SZSE,中坚科技,2025-01-08,2025-01,2板补涨阳,False,,U坑内,,True,封D1正,-0.17,6.79,6.79,-10.93,-11.87,1.06,11,-++,2,1.06,2.02,77.0,False,,True,False,False
002779.SZSE,中坚科技,2025-01-10,2025-01,2板补涨阳,False,,U突破,,True,炸板,-4.1,-11.65,-11.65,4.63,-11.87,18.71,13,-+-,2,6.79,3.21,77.0,False,,False,False,False
002782.SZSE,可立克,2026-06-16,2026-06,2板补涨阳,False,,U坑内,,False,封D1负,0.51,-3.93,-3.93,-23.03,-27.35,5.94,19,--+,2,5.94,0.05,127.0,False,,True,False,False
002787.SZSE,华源控股,2026-05-20,2026-05,2板补涨阳,False,,U突破,,True,封D1负,0.78,-7.67,-7.67,19.83,-12.91,37.59,15,+++,2,-1.2,1.85,75.0,False,,True,False,False
002787.SZSE,华源控股,2026-06-25,2026-06,2板补涨阳,False,,U坑内,,False,封D1正,4.35,7.02,7.02,-9.34,-17.36,9.71,14,+++,2,0.44,1.24,87.0,False,,True,False,False
002792.SZSE,通宇通讯,2024-02-23,2024-02,2板补涨阳,False,,无U,,True,炸板,-5.3,-2.31,-2.31,7.82,1.37,6.36,4,+--,2,6.36,0.95,56.0,False,,False,False,False
002792.SZSE,通宇通讯,2024-03-06,2024-03,2板补涨阳,False,,无U,,True,炸板,-4.56,-8.87,-8.87,20.55,1.37,18.92,12,++-,2,-1.51,2.57,38.0,False,,False,False,False
002792.SZSE,通宇通讯,2024-11-20,2024-11,2板补涨阳,True,坑底首阳,U坑内,,False,连板,3.82,10.03,5.37,-8.91,-10.77,2.08,7,+++,2,2.08,0.07,79.0,True,02,True,True,False
002792.SZSE,通宇通讯,2026-01-05,2026-01,2板补涨阳,False,,U突破,,True,炸板,-8.22,0.83,0.83,1.67,-5.48,7.56,4,+++,2,7.56,2.44,49.0,False,,False,False,False
002792.SZSE,通宇通讯,2026-01-23,2026-01,2板补涨阳,True,坑中纠缠,U坑内,,True,封D1正,2.55,5.9,5.9,-17.24,-20.96,4.7,11,-++,2,4.7,0.95,63.0,False,,True,False,False
002792.SZSE,通宇通讯,2026-08-06,2026-08,2板补涨阳,False,,无U,,True,连板,10.0,10.0,0.86,6.92,6.92,0.0,2,+--,2,6.92,3.1,93.0,True,01,True,True,False
002795.SZSE,永和智控,2024-05-22,2024-05,2板补涨阳,False,,U坑内,,False,炸板,-6.69,-10.04,-10.04,-7.23,-15.06,9.22,11,++-,2,0.87,0.66,16.0,False,,False,False,False
002796.SZSE,世嘉科技,2024-03-11,2024-03,2板补涨阳,False,,无U,,True,封D1负,0.2,-3.51,-3.51,27.21,1.26,25.62,15,++-,2,3.66,0.8,52.0,False,,True,False,False
002796.SZSE,世嘉科技,2026-01-27,2026-01,2板补涨阳,False,,无U,,True,封D1负,1.49,-1.17,-1.17,5.43,0.37,5.04,7,+++,2,0.93,3.5,57.0,False,,True,False,False
002802.SZSE,洪汇新材,2024-11-14,2024-11,2板补涨阳,False,,U突破,,True,封D1负,-0.89,-4.47,-4.47,0.74,-4.79,5.81,13,+++,2,0.58,1.15,50.0,False,,True,False,False
002806.SZSE,华锋股份,2024-07-10,2024-07,2板补涨阳,True,坑中纠缠,U坑内,,False,封D1正,5.05,1.65,1.65,-13.3,-17.38,4.94,12,-++,2,4.94,0.76,36.0,False,,True,False,False
002806.SZSE,华锋股份,2024-07-19,2024-07,2板补涨阳,False,,U坑内,,True,封D1正,1.96,0.82,0.82,-7.54,-17.38,11.91,19,+++,2,-1.12,0.56,29.0,False,,True,False,False
002809.SZSE,红墙股份,2026-01-26,2026-01,2板补涨阳,False,,无U,,False,炸板,-8.23,-8.92,-8.92,-0.45,-1.73,1.3,3,+++,2,1.3,1.83,79.0,False,,False,False,False
002809.SZSE,红墙股份,2026-01-29,2026-01,2板补涨阳,False,,无U,,True,炸板,-6.9,3.72,3.72,0.98,-1.73,2.75,6,+++,2,1.2,3.39,72.0,False,,False,False,False
002809.SZSE,红墙股份,2026-01-30,2026-01,2板补涨阳,False,,无U,,True,炸板,-7.33,-10.96,-10.96,7.14,-1.73,9.02,7,+++,2,6.1,3.87,74.0,False,,False,False,False
002810.SZSE,山东赫达,2026-01-20,2026-01,2板补涨阳,False,,U突破,,False,封D1负,0.8,-1.66,-1.66,-0.56,-9.13,9.43,18,+-+,2,6.0,0.6,79.0,False,,True,False,False
002811.SZSE,郑中设计,2025-01-20,2025-01,2板补涨阳,False,,U突破,,False,封D1负,1.59,-4.51,-4.51,-2.74,-9.18,7.08,6,++-,2,2.59,2.79,47.0,False,,True,False,False
002821.SZSE,凯莱英,2026-04-28,2026-04,2板补涨阳,False,,U突破,,True,封D1负,-0.4,-2.08,-2.08,-3.39,-8.63,5.74,18,--+,2,0.55,1.73,54.0,False,,True,False,False
002827.SZSE,高争民爆,2023-10-27,2023-10,2板补涨阳,False,,U突破,,True,封D1负,-2.84,-0.11,-0.11,4.23,-11.14,17.3,9,+++,2,1.27,0.82,34.0,False,,True,False,False
002828.SZSE,贝肯能源,2026-03-09,2026-03,2板补涨阳,False,,U坑内,,False,炸板,-18.25,-15.37,-15.37,-9.65,-9.71,0.07,4,+++,2,0.07,1.22,65.0,False,,False,False,False
002835.SZSE,同为股份,2023-05-31,2023-05,2板补涨阳,False,,无U,,True,封D1正,3.55,1.34,1.34,-0.45,-1.27,0.84,19,--+,2,0.84,0.13,33.0,False,,True,False,False
002837.SZSE,英维克,2025-08-12,2025-08,2板补涨阳,False,,无U,,True,炸板,-1.82,3.52,3.52,24.47,1.96,22.07,8,+++,2,7.89,2.05,63.0,False,,False,False,False
002837.SZSE,英维克,2025-08-18,2025-08,2板补涨阳,False,,无U,,True,封D1负,-1.71,-3.9,-3.9,58.72,1.96,55.66,12,+++,2,9.6,0.39,70.0,False,,True,False,False
002848.SZSE,高斯贝尔,2024-11-20,2024-11,2板补涨阳,True,坑中纠缠,U坑内,,False,封D1负,0.3,-0.4,-0.4,-17.59,-20.29,3.38,7,-++,2,3.38,0.11,79.0,False,,True,False,False
002855.SZSE,捷荣技术,2023-11-08,2023-11,2板补涨阳,False,,U坑内,,False,连板,7.26,10.01,-0.99,-28.31,-33.25,7.41,10,---,2,3.15,1.25,42.0,True,05,True,True,False
002861.SZSE,瀛通通讯,2024-06-26,2024-06,2板补涨阳,True,坑底首阳,U坑内,,False,连板,0.57,9.95,19.68,-14.92,-16.4,1.77,9,-+-,2,1.77,1.14,43.0,True,03,True,True,False
002861.SZSE,瀛通通讯,2024-09-10,2024-09,2板补涨阳,True,坑中纠缠,U坑内,,False,封D1负,1.14,-2.2,-2.2,-6.34,-11.5,5.83,18,-++,2,1.57,1.38,39.0,False,,True,False,False
002861.SZSE,瀛通通讯,2025-04-14,2025-04,2板补涨阳,False,,U坑内,,False,封D1负,-0.98,-4.13,-4.13,-29.35,-35.94,10.29,13,---,2,2.54,0.93,64.0,False,,True,False,False
002862.SZSE,实丰文化,2024-04-18,2024-04,2板补涨阳,False,,U坑内,,False,封D1负,-0.89,-4.37,-4.37,-31.77,-34.08,3.5,18,--+,2,3.5,2.21,200.0,False,,True,False,False
002865.SZSE,钧达股份,2023-05-25,2023-05,2板补涨阳,False,,无U,,True,炸板,-4.3,-2.96,-2.96,11.76,-3.06,15.28,7,++-,2,9.36,0.64,30.0,False,,False,False,False
002865.SZSE,钧达股份,2024-10-31,2024-10,2板补涨阳,False,,无U,,True,封D1正,1.38,0.63,0.63,10.77,2.85,7.69,3,+++,2,7.69,2.18,118.0,False,,True,False,False
002865.SZSE,钧达股份,2025-12-26,2025-12,2板补涨阳,False,,U突破,,True,封D1正,2.86,5.7,5.7,4.7,-6.49,11.96,6,++-,2,1.78,3.9,72.0,False,,True,False,False
002865.SZSE,钧达股份,2026-01-08,2026-01,2板补涨阳,False,,U突破,,True,封D1正,2.13,3.11,3.11,30.77,-6.49,39.84,13,+++,2,7.47,2.54,63.0,False,,True,False,False
002866.SZSE,传艺科技,2024-09-12,2024-09,2板补涨阳,False,,U突破,,True,封D1负,0.51,-3.23,-3.23,-2.52,-4.65,2.23,13,-++,2,-0.24,2.26,19.0,False,,True,False,False
002875.SZSE,安奈儿,2024-10-15,2024-10,2板补涨阳,False,,U坑内,,False,封D1负,-0.86,-5.72,-5.72,-12.6,-13.52,1.07,4,+++,2,1.07,0.71,71.0,False,,True,False,False
002875.SZSE,安奈儿,2024-10-25,2024-10,2板补涨阳,False,,U突破,,True,炸板,-4.77,-5.26,-5.26,3.96,-13.52,20.21,12,+++,2,1.76,1.41,67.0,False,,False,False,False
002877.SZSE,智能自控,2024-02-26,2024-02,2板补涨阳,False,,无U,,True,封D1正,0.57,2.05,2.05,13.96,3.42,10.19,5,+--,2,3.63,0.78,79.0,False,,True,False,False
002877.SZSE,智能自控,2024-03-04,2024-03,2板补涨阳,False,,无U,,True,连板,0.84,9.98,3.99,23.22,3.42,19.15,10,++-,2,1.65,0.94,56.0,True,02,True,True,False
002877.SZSE,智能自控,2024-11-29,2024-11,2板补涨阳,False,,U坑内,,False,封D1正,1.48,0.99,0.99,-5.74,-10.04,4.78,4,+++,2,2.91,1.68,75.0,False,,True,False,False
002878.SZSE,元隆雅图,2025-01-09,2025-01,2板补涨阳,False,,U坑内,,True,封D1负,-0.46,-9.99,-9.99,-22.86,-32.78,14.77,13,--+,2,4.32,3.6,53.0,False,,True,False,False
002878.SZSE,元隆雅图,2025-01-14,2025-01,2板补涨阳,False,,U坑内,,False,封D1正,2.97,4.45,4.45,-25.81,-32.78,10.37,16,+-+,2,-2.85,2.41,42.0,False,,True,False,False
002882.SZSE,金龙羽,2025-06-04,2025-06,2板补涨阳,False,,无U,,False,炸板,-7.44,-7.85,-7.85,17.35,1.43,15.69,9,+++,2,4.74,1.28,57.0,False,,False,False,False
002882.SZSE,金龙羽,2026-08-24,2026-08,2板补涨阳,False,,U突破,,True,封D1负,-0.17,-6.65,-6.65,-0.09,-4.16,4.25,17,-++,2,2.76,1.09,47.0,False,,True,False,False
002889.SZSE,东方嘉盛,2024-03-25,2024-03,2板补涨阳,False,,U坑内,,True,封D1正,0.0,3.66,3.66,-4.85,-11.79,7.86,19,+++,2,-0.22,1.29,44.0,False,,True,False,False
002896.SZSE,中大力德,2025-02-17,2025-02,2板补涨阳,False,,无U,,True,炸板,-4.25,3.22,3.22,19.09,6.11,12.24,10,+++,2,0.53,2.4,53.0,False,,False,False,False
002896.SZSE,中大力德,2025-07-21,2025-07,2板补涨阳,False,,无U,,True,封D1正,-1.79,0.08,0.08,18.75,0.33,18.36,5,++-,2,5.04,1.57,37.0,False,,True,False,False
002896.SZSE,中大力德,2025-08-06,2025-08,2板补涨阳,False,,无U,,True,封D1正,4.9,9.1,9.1,26.96,0.33,26.55,17,-++,2,4.01,2.67,44.0,False,,True,False,False
002897.SZSE,意华股份,2026-06-18,2026-06,2板补涨阳,False,,无U,,True,封D1负,4.96,-2.79,-2.79,10.93,-3.06,14.43,18,-++,2,0.05,0.39,67.0,False,,True,False,False
002899.SZSE,英派斯,2025-01-09,2025-01,2板补涨阳,False,,U坑内,,True,封D1负,-1.88,-5.93,-5.93,-11.57,-15.76,4.97,19,--+,2,0.61,0.85,53.0,False,,True,False,False
002900.SZSE,哈三联,2025-06-10,2025-06,2板补涨阳,True,坑底首阳,U坑内,,False,封D1负,0.0,-6.89,-6.89,-8.17,-10.77,2.92,5,+++,2,2.92,1.49,54.0,False,,True,False,False
002902.SZSE,铭普光磁,2026-05-08,2026-05,2板补涨阳,False,,无U,,True,封D1正,5.31,5.03,5.03,4.51,-3.43,8.23,5,+++,2,3.46,0.98,91.0,False,,True,False,False
002903.SZSE,宇环数控,2024-01-09,2024-01,2板补涨阳,False,,U坑内,,True,封D1负,-0.45,-5.82,-5.82,-14.31,-14.31,0.0,10,-++,2,-2.43,2.7,29.0,False,,True,False,False
002905.SZSE,金逸影视,2023-07-10,2023-07,2板补涨阳,False,,U坑内,,False,封D1正,-2.58,0.94,0.94,-13.48,-16.26,3.32,18,+-+,2,0.86,1.43,18.0,False,,True,False,False
002907.SZSE,华森制药,2023-08-31,2023-08,2板补涨阳,False,,U坑内,,False,封D1负,-0.82,-3.93,-3.93,-13.37,-16.78,4.1,16,--+,2,0.45,1.17,25.0,False,,True,False,False
002907.SZSE,华森制药,2026-08-25,2026-08,2板补涨阳,True,坑底首阳,U坑内,,False,封D1正,0.89,2.92,2.92,-14.77,-15.07,0.35,6,+++,2,0.35,3.72,41.0,False,,True,False,False
002916.SZSE,深南电路,2024-10-18,2024-10,2板补涨阳,True,坑底首阳,U坑内,,False,炸板,-0.39,-1.18,-1.18,-15.07,-16.0,1.11,8,-++,2,1.11,2.26,41.0,False,,False,False,False
002918.SZSE,蒙娜丽莎,2025-01-08,2025-01,2板补涨阳,False,,U突破,,True,封D1负,0.6,-4.36,-4.36,8.14,-9.03,18.88,14,+++,2,1.09,2.59,77.0,False,,True,False,False
002929.SZSE,润建股份,2026-05-13,2026-05,2板补涨阳,False,,无U,,True,封D1负,10.0,-1.0,-1.0,2.01,-0.74,2.77,3,+++,2,2.77,2.19,50.0,False,,True,False,False
002931.SZSE,锋龙股份,2024-02-26,2024-02,2板补涨阳,False,,U突破,,False,封D1负,-4.73,-0.39,-0.39,-0.22,-6.34,6.54,7,++-,2,4.85,0.3,79.0,False,,True,False,False
002931.SZSE,锋龙股份,2026-06-08,2026-06,2板补涨阳,False,,U坑内,,True,封D1正,-0.44,4.77,4.77,-9.69,-20.91,14.19,11,---,2,3.08,3.27,63.0,False,,True,False,False
002931.SZSE,锋龙股份,2026-06-16,2026-06,2板补涨阳,False,,U突破,,True,封D1正,1.33,5.67,5.67,-0.97,-20.91,25.22,17,+++,2,1.38,1.16,127.0,False,,True,False,False
002931.SZSE,锋龙股份,2026-06-18,2026-06,2板补涨阳,False,,U突破,,True,炸板,-10.42,-10.24,-10.24,15.11,-20.91,45.55,19,+++,2,5.67,1.18,67.0,False,,False,False,False
002938.SZSE,鹏鼎控股,2026-06-17,2026-06,2板补涨阳,False,,U坑内,,True,封D1正,0.0,0.76,0.76,-5.36,-11.2,6.57,17,-++,2,3.39,2.3,105.0,False,,True,False,False
002953.SZSE,日丰股份,2025-08-26,2025-08,2板补涨阳,False,,无U,,False,封D1正,0.34,4.37,4.37,-2.38,-2.38,0.0,3,+++,2,-1.24,2.99,64.0,False,,True,False,False
002957.SZSE,科瑞技术,2026-05-28,2026-05,2板补涨阳,False,,无U,,True,封D1正,8.91,0.13,0.13,6.65,6.65,0.0,2,+++,2,6.65,3.33,45.0,False,,True,False,False
002961.SZSE,瑞达期货,2024-09-30,2024-09,2板补涨阳,False,,无U,,True,炸板,9.95,9.95,-1.03,7.03,4.46,2.46,3,+++,2,2.46,3.91,107.0,False,,False,True,False
002962.SZSE,五方光电,2024-03-12,2024-03,2板补涨阳,False,,无U,,True,炸板,-10.66,-7.64,-7.64,51.21,2.95,46.87,16,++-,2,6.76,0.25,69.0,False,,False,False,False
002962.SZSE,五方光电,2026-04-20,2026-04,2板补涨阳,False,,无U,,True,炸板,-7.18,-5.19,-5.19,2.6,-3.19,5.99,6,++-,2,3.89,3.89,57.0,False,,False,False,False
002965.SZSE,祥鑫科技,2026-07-06,2026-07,2板补涨阳,False,,U突破,,True,炸板,-7.52,-8.38,-8.38,1.39,-4.57,6.24,6,+++,2,2.77,1.76,92.0,False,,False,False,False
002971.SZSE,和远气体,2026-06-04,2026-06,2板补涨阳,False,,U坑内,,False,封D1正,3.26,5.11,5.11,-17.52,-22.59,6.55,14,+-+,2,-0.5,1.49,59.0,False,,True,False,False
002971.SZSE,和远气体,2026-06-09,2026-06,2板补涨阳,False,,U突破,,True,连板,10.0,10.0,30.26,-3.83,-22.59,24.23,17,+-+,2,0.84,3.92,45.0,True,05,True,True,False
002973.SZSE,侨银股份,2025-05-28,2025-05,2板补涨阳,False,,U坑内,,False,连板,4.01,10.04,-0.67,-8.32,-13.49,5.98,13,-++,2,5.52,0.52,51.0,True,02,True,True,False
002973.SZSE,侨银股份,2025-06-04,2025-06,2板补涨阳,False,,U坑内,,False,封D1负,2.46,-2.12,-2.12,-10.14,-10.14,0.0,3,+++,2,-0.45,3.44,57.0,False,,True,False,False
002975.SZSE,博杰股份,2026-04-17,2026-04,2板补涨阳,False,,无U,,True,封D1负,-1.97,-4.87,-4.87,4.58,0.02,4.56,6,+++,2,4.56,0.9,68.0,False,,True,False,False
002979.SZSE,雷赛智能,2024-11-01,2024-11,2板补涨阳,True,坑中纠缠,U坑内,,True,连板,6.93,9.99,12.83,-4.68,-7.5,3.05,18,-++,2,0.65,0.61,141.0,True,02,True,True,False
002980.SZSE,华盛昌,2026-05-14,2026-05,2板补涨阳,False,,无U,,True,封D1正,1.4,1.69,1.69,34.18,3.63,29.47,19,+++,2,4.32,1.73,101.0,False,,True,False,False
002980.SZSE,华盛昌,2026-06-16,2026-06,2板补涨阳,True,坑中纠缠,U坑内,,True,炸板,-4.84,1.02,1.02,-11.75,-20.38,10.84,16,-++,2,5.78,3.65,127.0,False,,False,False,False
002981.SZSE,朝阳科技,2024-11-21,2024-11,2板补涨阳,False,,U突破,,True,炸板,-11.76,-14.8,-14.8,2.31,-11.15,15.16,8,+++,2,4.25,3.44,119.0,False,,False,False,False
002981.SZSE,朝阳科技,2024-12-06,2024-12,2板补涨阳,False,,U突破,,True,炸板,-7.54,-7.16,-7.16,0.15,-11.15,12.72,19,+++,2,1.81,0.39,103.0,False,,False,False,False
002981.SZSE,朝阳科技,2025-06-05,2025-06,2板补涨阳,False,,U坑内,,False,封D1负,-1.34,-2.61,-2.61,-20.7,-23.87,4.17,16,--+,2,2.15,0.99,60.0,False,,True,False,False
002987.SZSE,京北方,2024-10-21,2024-10,2板补涨阳,False,,U突破,,True,封D1负,4.15,-6.79,-6.79,3.78,-5.58,9.91,9,+++,2,2.15,2.97,77.0,False,,True,False,False
002987.SZSE,京北方,2025-07-04,2025-07,2板补涨阳,False,,U突破,,True,连板,3.86,10.0,8.07,5.74,-5.19,11.53,6,+++,2,7.9,2.09,52.0,True,02,True,True,False
002989.SZSE,中天精装,2024-09-24,2024-09,2板补涨阳,False,,无U,,True,炸板,-2.99,0.98,0.98,-2.87,-3.03,0.17,11,+++,2,-1.4,1.57,45.0,False,,False,False,False
002990.SZSE,盛视科技,2025-03-17,2025-03,2板补涨阳,False,,U坑内,,False,封D1负,0.12,-5.67,-5.67,-7.18,-15.34,9.64,16,--+,2,8.88,0.77,66.0,False,,True,False,False
002990.SZSE,盛视科技,2026-06-24,2026-06,2板补涨阳,False,,无U,,True,连板,7.09,10.0,13.94,10.27,-1.05,11.44,5,++-,2,1.66,2.78,87.0,True,01,True,True,False
002995.SZSE,天地在线,2023-06-14,2023-06,2板补涨阳,True,坑中纠缠,U坑内,,False,封D1正,-3.48,2.41,2.41,-15.71,-21.62,7.54,8,-++,2,6.04,3.97,35.0,False,,True,False,False
002995.SZSE,天地在线,2023-06-16,2023-06,2板补涨阳,False,,U坑内,,True,封D1负,1.78,-1.04,-1.04,-5.04,-21.62,21.15,10,+++,2,2.41,2.59,32.0,False,,True,False,False
002996.SZSE,顺博合金,2024-03-15,2024-03,2板补涨阳,False,,无U,,True,封D1负,-1.0,-2.51,-2.51,23.47,4.09,18.61,19,+++,2,1.34,1.23,32.0,False,,True,False,False
003004.SZSE,声迅股份,2026-05-26,2026-05,2板补涨阳,False,,无U,,True,封D1正,-2.16,0.31,0.31,0.24,0.24,0.0,3,+++,2,-0.08,1.2,91.0,False,,True,False,False
003004.SZSE,声迅股份,2026-06-01,2026-06,2板补涨阳,False,,无U,,True,封D1正,3.53,9.09,9.09,20.29,0.24,20.0,7,+++,2,4.24,2.39,46.0,False,,True,False,False
003004.SZSE,声迅股份,2026-06-08,2026-06,2板补涨阳,False,,无U,,True,炸板,-2.39,-4.79,-4.79,25.48,0.24,25.18,12,+++,2,1.45,3.36,63.0,False,,False,False,False
003005.SZSE,竞业达,2024-03-06,2024-03,2板补涨阳,False,,无U,,True,连板,0.0,10.01,6.25,18.5,-0.6,19.21,11,++-,2,5.5,1.33,38.0,True,02,True,True,False
003005.SZSE,竞业达,2024-12-11,2024-12,2板补涨阳,False,,U坑内,,False,封D1负,-0.77,-3.83,-3.83,-5.28,-12.41,8.13,12,+++,2,5.2,3.6,82.0,False,,True,False,False
003007.SZSE,直真科技,2026-01-08,2026-01,2板补涨阳,False,,U坑内,,False,连板,0.42,9.99,31.74,-4.84,-6.05,1.28,8,++-,2,0.11,3.18,63.0,True,03,True,True,False
003010.SZSE,若羽臣,2025-06-12,2025-06,2板补涨阳,False,,U坑内,,False,封D1正,0.0,2.68,2.68,-31.84,-36.73,7.72,6,-++,2,2.68,0.13,44.0,False,,True,False,False
003015.SZSE,日久光电,2024-02-21,2024-02,2板补涨阳,False,,无U,,True,炸板,-6.05,-2.38,-2.38,2.06,2.06,0.0,2,---,2,2.06,0.85,80.0,False,,False,False,False
003015.SZSE,日久光电,2024-03-01,2024-03,2板补涨阳,False,,无U,,True,封D1正,4.98,6.05,6.05,12.99,2.06,10.7,9,+--,2,2.42,0.66,82.0,False,,True,False,False
003015.SZSE,日久光电,2024-03-05,2024-03,2板补涨阳,False,,无U,,True,封D1负,-2.93,-3.35,-3.35,31.8,2.06,29.13,11,++-,2,6.05,3.91,61.0,False,,True,False,False
003015.SZSE,日久光电,2024-09-10,2024-09,2板补涨阳,False,,U坑内,,False,封D1正,0.22,1.85,1.85,-6.96,-10.21,3.62,7,+++,2,3.62,3.2,39.0,False,,True,False,False
003015.SZSE,日久光电,2024-09-30,2024-09,2板补涨阳,False,,U坑内,,True,封D1正,9.99,9.92,9.92,-7.11,-16.34,11.03,19,--+,2,5.41,1.72,107.0,False,,True,False,False
003016.SZSE,欣贺股份,2024-12-12,2024-12,2板补涨阳,True,坑中纠缠,U坑内,,False,炸板,-2.93,-6.16,-6.16,-8.35,-11.41,3.45,10,-++,2,0.56,0.56,119.0,False,,False,False,False
003016.SZSE,欣贺股份,2025-12-24,2025-12,2板补涨阳,True,坑中纠缠,U坑内,,False,封D1正,7.94,4.36,4.36,-26.58,-28.85,3.19,10,-++,2,0.43,0.86,48.0,False,,True,False,False
003021.SZSE,兆威机电,2024-11-29,2024-11,2板补涨阳,False,,U突破,,True,封D1正,3.93,7.45,7.45,-3.95,-5.46,1.6,7,+++,2,-1.2,3.87,75.0,False,,True,False,False
003021.SZSE,兆威机电,2025-01-21,2025-01,2板补涨阳,False,,无U,,True,封D1负,-0.91,-4.04,-4.04,10.76,-0.19,10.97,8,+++,2,0.97,1.01,62.0,False,,True,False,False
003021.SZSE,兆威机电,2025-02-06,2025-02,2板补涨阳,False,,无U,,False,封D1正,-0.97,0.59,0.59,17.21,-0.19,17.43,14,+++,2,8.29,1.72,51.0,False,,True,False,False
003021.SZSE,兆威机电,2025-02-12,2025-02,2板补涨阳,False,,无U,,True,炸板,-3.1,-10.1,-10.1,37.31,-0.19,37.56,18,+++,2,3.93,3.86,57.0,False,,False,False,False
003026.SZSE,中晶科技,2024-08-02,2024-08,2板补涨阳,False,,无U,,True,封D1负,-10.01,-10.01,-10.01,6.78,6.78,0.0,2,+--,2,6.78,3.2,50.0,False,,True,False,False
003026.SZSE,中晶科技,2024-08-13,2024-08,2板补涨阳,False,,U突破,,False,封D1负,5.37,-3.0,-3.0,9.57,-4.0,14.14,9,-+-,2,-1.99,3.73,23.0,False,,True,False,False
003026.SZSE,中晶科技,2026-06-29,2026-06,2板补涨阳,False,,U突破,,True,炸板,-4.28,3.94,3.94,10.38,-8.16,20.19,12,+--,2,1.86,2.73,51.0,False,,False,False,False
003029.SZSE,吉大正元,2024-05-30,2024-05,2板补涨阳,False,,U坑内,,True,封D1正,2.22,3.02,3.02,-14.26,-16.62,2.83,20,--+,2,2.04,1.86,21.0,False,,True,False,False
003030.SZSE,祖名股份,2025-04-21,2025-04,2板补涨阳,False,,U突破,,True,封D1负,-2.6,-7.0,-7.0,-1.31,-11.88,12.0,10,-++,2,-0.2,1.37,50.0,False,,True,False,False
003031.SZSE,中瓷电子,2024-10-21,2024-10,2板补涨阳,False,,U坑内,,False,封D1负,0.93,-0.9,-0.9,-6.72,-12.45,6.54,9,-++,2,6.25,2.43,77.0,False,,True,False,False
003036.SZSE,泰坦股份,2026-05-08,2026-05,2板补涨阳,False,,U突破,,True,封D1正,5.25,1.74,1.74,3.11,-11.37,16.34,6,+++,2,7.63,0.48,91.0,False,,True,False,False
003036.SZSE,泰坦股份,2026-05-20,2026-05,2板补涨阳,False,,U突破,,True,封D1正,0.07,3.11,3.11,13.13,-11.37,27.63,14,+++,2,-0.62,1.43,75.0,False,,True,False,False
003036.SZSE,泰坦股份,2026-05-25,2026-05,2板补涨阳,False,,U突破,,True,连板,3.57,10.0,15.88,37.73,-11.37,55.39,17,+++,2,7.34,0.23,99.0,True,05,True,True,False
003036.SZSE,泰坦股份,2026-05-28,2026-05,2板补涨阳,False,,无U,,True,封D1负,2.96,-0.5,-0.5,5.34,5.34,0.0,2,+++,2,5.34,2.78,45.0,False,,True,False,False
003041.SZSE,真爱美家,2024-12-16,2024-12,2板补涨阳,False,,U坑内,,False,炸板,-4.68,-3.52,-3.52,-11.26,-17.17,7.14,7,-++,2,3.55,0.91,84.0,False,,False,False,False
003041.SZSE,真爱美家,2024-12-20,2024-12,2板补涨阳,False,,U突破,,True,炸板,-6.17,-14.72,-14.72,3.9,-17.17,25.44,11,+++,2,6.3,3.41,50.0,False,,False,False,False
003041.SZSE,真爱美家,2026-01-23,2026-01,2板补涨阳,True,坑底首阳,U坑内,,False,封D1负,1.8,-5.55,-5.55,-18.36,-19.86,1.88,8,-++,2,0.51,2.25,63.0,False,,True,False,False
003041.SZSE,真爱美家,2026-02-06,2026-02,2板补涨阳,False,,U坑内,,True,炸板,0.74,-2.32,-2.32,-18.21,-19.86,2.05,18,+++,2,-1.5,1.08,37.0,False,,False,False,False
003043.SZSE,华亚智能,2026-07-22,2026-07,2板补涨阳,False,,U坑内,,True,炸板,-6.04,-7.67,-7.67,-35.52,-38.87,5.48,16,--+,2,5.48,1.17,83.0,False,,False,False,False
600021.SSE,上海电力,2025-09-01,2025-09,2板补涨阳,False,,无U,,True,连板,9.8,9.98,14.25,18.32,1.16,16.96,10,+++,2,4.01,0.48,55.0,True,02,True,True,False
600021.SSE,上海电力,2025-09-15,2025-09,2板补涨阳,False,,无U,,True,炸板,-11.79,-13.72,-13.72,19.87,1.94,17.58,9,+++,2,0.86,2.27,57.0,False,,False,False,False
600072.SSE,中船科技,2023-04-27,2023-04,2板补涨阳,False,,U突破,,True,封D1正,5.52,3.08,3.08,4.03,-4.08,8.45,3,,2,8.45,1.57,39.0,False,,True,False,False
600072.SSE,中船科技,2023-05-05,2023-05,2板补涨阳,False,,U突破,,True,连板,2.62,10.0,15.27,28.19,-4.08,33.64,6,,2,8.68,1.33,76.0,True,02,True,True,False
600072.SSE,中船科技,2024-10-08,2024-10,2板补涨阳,False,,U突破,,True,炸板,-7.27,-14.36,-14.36,10.86,-11.77,25.65,17,+++,2,8.05,1.12,626.0,False,,False,False,False
600076.SSE,康欣新材,2026-07-28,2026-07,2板补涨阳,True,坑底首阳,U坑内,,False,封D1负,-2.0,-4.0,-4.0,-25.0,-26.92,2.63,19,---,2,2.63,0.0,101.0,False,,True,False,False
600095.SSE,湘财股份,2025-07-04,2025-07,2板补涨阳,False,,无U,,True,炸板,-6.75,-2.87,-2.87,-1.7,-2.5,0.82,7,+++,2,0.82,2.36,52.0,False,,False,False,False
600095.SSE,湘财股份,2025-07-09,2025-07,2板补涨阳,False,,无U,,True,炸板,-5.23,-8.37,-8.37,13.0,-2.5,15.9,10,+++,2,7.62,1.24,57.0,False,,False,False,False
600104.SSE,上汽集团,2024-12-02,2024-12,2板补涨阳,False,,无U,,True,炸板,-2.22,-2.12,-2.12,5.08,-1.26,6.42,13,+++,2,0.86,2.64,105.0,False,,False,False,False
600105.SSE,永鼎股份,2023-05-18,2023-05,2板补涨阳,True,坑底首阳,U坑内,,False,封D1负,-2.4,-4.48,-4.48,-23.86,-25.6,2.34,15,--+,2,2.34,0.9,30.0,False,,True,False,False
600105.SSE,永鼎股份,2025-10-28,2025-10,2板补涨阳,False,,无U,,False,炸板,-2.6,-2.97,-2.97,24.13,0.99,22.91,19,+++,2,4.09,1.73,45.0,False,,False,False,False
600105.SSE,永鼎股份,2025-12-11,2025-12,2板补涨阳,False,,U突破,,True,封D1正,0.0,3.99,3.99,10.64,-10.01,22.94,11,+++,2,7.59,0.17,50.0,False,,True,False,False
600110.SSE,诺德股份,2024-11-25,2024-11,2板补涨阳,False,,U突破,,True,炸板,-4.2,-10.11,-10.11,-3.64,-10.93,8.18,11,-++,2,2.37,2.37,60.0,False,,False,False,False
600110.SSE,诺德股份,2026-06-12,2026-06,2板补涨阳,False,,U突破,,True,炸板,1.19,5.88,30.73,-3.48,-15.17,13.78,10,-++,2,0.16,1.89,55.0,False,,False,True,False
600111.SSE,北方稀土,2025-07-18,2025-07,2板补涨阳,False,,无U,,True,炸板,0.0,6.21,6.21,0.98,-2.39,3.45,5,+++,2,3.31,1.69,49.0,False,,False,False,False
600111.SSE,北方稀土,2025-07-24,2025-07,2板补涨阳,False,,无U,,True,炸板,-0.75,-0.62,-0.62,17.77,-2.39,20.66,9,+++,2,1.8,3.2,43.0,False,,False,False,False
600113.SSE,浙江东日,2025-06-20,2025-06,2板补涨阳,False,,无U,,True,连板,-1.98,10.0,22.28,7.86,7.86,0.0,2,+++,2,7.86,2.12,26.0,True,03,True,True,False
600129.SSE,太极集团,2023-05-17,2023-05,2板补涨阳,False,,U坑内,,True,封D1正,0.41,3.02,3.02,-5.32,-11.65,7.17,9,-++,2,1.82,2.89,15.0,False,,True,False,False
600129.SSE,太极集团,2023-05-19,2023-05,2板补涨阳,False,,U突破,,True,炸板,-1.34,-1.76,-1.76,7.29,-11.65,21.44,11,+++,2,3.02,0.04,30.0,False,,False,False,False
600129.SSE,太极集团,2023-05-26,2023-05,2板补涨阳,False,,U突破,,True,封D1负,-1.92,-4.35,-4.35,12.59,-11.65,27.44,16,+++,2,1.17,1.67,36.0,False,,True,False,False
600152.SSE,维科技术,2026-04-17,2026-04,2板补涨阳,False,,无U,,True,封D1正,2.95,0.22,0.22,6.31,1.51,4.72,3,+++,2,4.72,0.5,68.0,False,,True,False,False
600159.SSE,大龙地产,2023-08-16,2023-08,2板补涨阳,False,,无U,,True,封D1正,-1.91,0.82,0.82,-1.48,-1.78,0.3,18,-++,2,0.3,0.6,21.0,False,,True,False,False
600162.SSE,香江控股,2026-07-15,2026-07,2板补涨阳,False,,U坑内,,False,连板,7.11,9.88,8.7,-41.62,-43.65,3.6,17,---,2,3.6,0.9,71.0,True,05,True,True,False
600171.SSE,上海贝岭,2024-06-06,2024-06,2板补涨阳,False,,无U,,True,封D1负,-3.3,-8.35,-8.35,2.64,-3.42,6.28,4,+++,2,6.28,3.73,13.0,False,,True,False,False
600171.SSE,上海贝岭,2024-07-30,2024-07,2板补涨阳,False,,U突破,,True,封D1负,-2.87,-1.86,-1.86,-0.4,-7.63,7.83,7,+++,2,7.83,1.78,47.0,False,,True,False,False
600172.SSE,黄河旋风,2026-06-25,2026-06,2板补涨阳,False,,无U,,True,炸板,-7.23,-11.48,-11.48,0.88,0.88,0.0,2,+++,2,0.88,1.95,87.0,False,,False,False,False
600186.SSE,莲花控股,2025-01-20,2025-01,2板补涨阳,False,,U坑内,,False,封D1正,1.95,0.0,0.0,-25.84,-30.14,6.16,12,---,2,0.43,1.51,47.0,False,,True,False,False
600186.SSE,莲花控股,2025-02-06,2025-02,2板补涨阳,True,坑中纠缠,U坑内,,True,连板,2.36,9.97,14.53,-14.19,-30.14,22.83,19,+--,2,6.96,2.98,51.0,True,02,True,True,False
600186.SSE,莲花控股,2026-06-09,2026-06,2板补涨阳,False,,U坑内,,True,封D1正,-3.38,0.69,0.69,-18.87,-26.76,10.77,11,--+,2,3.55,2.07,45.0,False,,True,False,False
600186.SSE,莲花控股,2026-06-16,2026-06,2板补涨阳,False,,U坑内,,True,连板,1.8,9.98,7.13,-6.26,-26.76,27.98,16,+-+,2,4.75,0.69,127.0,True,02,True,True,False
600186.SSE,莲花控股,2026-06-25,2026-06,2板补涨阳,False,,无U,,False,封D1负,0.96,-8.33,-8.33,-3.27,-3.27,0.0,5,+++,2,-1.32,3.2,87.0,False,,True,False,False
600191.SSE,华资实业,2025-02-07,2025-02,2板补涨阳,False,,U突破,,True,炸板,-6.72,-5.63,-5.63,10.25,-12.22,25.6,20,+++,2,3.97,3.59,71.0,False,,False,False,False
600192.SSE,长城电工,2025-12-30,2025-12,2板补涨阳,True,坑中纠缠,U坑内,,False,封D1负,-0.67,-3.61,-3.61,-11.15,-14.03,3.35,11,-++,2,1.16,2.01,64.0,False,,True,False,False
600192.SSE,长城电工,2026-01-13,2026-01,2板补涨阳,False,,U突破,,True,炸板,-9.69,-8.23,-8.23,-1.49,-14.03,14.59,19,+++,2,1.44,0.57,124.0,False,,False,False,False
600203.SSE,福日电子,2023-10-09,2023-10,2板补涨阳,True,坑中纠缠,U坑内,,False,封D1正,1.66,4.44,4.44,-16.77,-20.58,4.8,9,-++,2,4.8,0.64,32.0,False,,True,False,False
600203.SSE,福日电子,2024-05-21,2024-05,2板补涨阳,False,,U坑内,,True,封D1正,1.19,2.24,2.24,-5.1,-16.67,13.88,20,++-,2,0.44,1.46,36.0,False,,True,False,False
600205.SSE,S山东铝,2007-01-04,2007-01,2板补涨阳,False,,无U,,True,炸板,-2.62,-3.3,-3.3,12.11,7.49,4.29,7,+++,2,1.76,0.5,0.0,False,,False,False,False
600207.SSE,安彩高科,2024-06-13,2024-06,2板补涨阳,False,,U坑内,,True,封D1负,0.0,-3.38,-3.38,-22.01,-25.48,4.66,17,--+,2,1.25,0.25,35.0,False,,True,False,False
600212.SSE,绿能慧充,2024-11-01,2024-11,2板补涨阳,False,,无U,,True,炸板,-6.57,-0.46,-0.46,7.07,1.36,5.63,6,+++,2,5.63,3.89,141.0,False,,False,False,False
600212.SSE,绿能慧充,2025-06-24,2025-06,2板补涨阳,True,坑底首阳,U坑内,,False,封D1负,0.0,-0.36,-0.36,-13.39,-14.78,1.63,16,---,2,1.35,0.0,60.0,False,,True,False,False
600218.SSE,全柴动力,2024-03-21,2024-03,2板补涨阳,False,,U突破,,True,炸板,-4.78,-4.78,-4.78,-2.56,-6.99,4.76,14,+++,2,1.33,1.21,64.0,False,,False,False,False
600227.SSE,赤天化,2024-07-08,2024-07,2板补涨阳,False,,U坑内,,False,封D1正,2.11,3.52,3.52,-5.15,-8.82,4.03,3,+--,2,4.03,0.81,22.0,False,,True,False,False
600227.SSE,赤天化,2026-08-10,2026-08,2板补涨阳,False,,U突破,,False,封D1负,-0.54,-2.45,-2.45,-0.89,-10.09,10.23,15,+++,2,4.05,0.93,59.0,False,,True,False,False
600228.SSE,返利科技,2023-04-03,2023-04,2板补涨阳,False,,U坑内,,False,炸板,-1.78,2.63,2.63,-6.3,-12.1,6.59,5,,2,6.59,2.09,2.0,False,,False,False,False
600228.SSE,返利科技,2023-04-25,2023-04,2板补涨阳,False,,U坑内,,True,封D1负,0.0,-2.42,-2.42,-9.16,-15.32,7.27,20,,2,7.27,2.51,29.0,False,,True,False,False
600228.SSE,返利科技,2023-12-29,2023-12,2板补涨阳,True,坑底首阳,U坑内,,False,封D1正,2.56,0.9,0.9,-26.83,-27.24,0.57,19,--+,2,0.57,0.99,49.0,False,,True,False,False
600228.SSE,返利科技,2024-12-06,2024-12,2板补涨阳,True,坑中纠缠,U坑内,,False,封D1负,1.01,-1.14,-1.14,-15.13,-17.73,3.16,9,-++,2,3.16,1.01,103.0,False,,True,False,False
600229.SSE,城市传媒,2024-03-01,2024-03,2板补涨阳,False,,无U,,True,连板,4.44,10.07,4.71,10.85,2.07,8.59,9,++-,2,5.78,0.3,82.0,True,02,True,True,False
600229.SSE,城市传媒,2024-03-21,2024-03,2板补涨阳,False,,U坑内,,False,封D1正,-0.57,2.97,2.97,-5.58,-14.25,10.11,13,+++,2,4.33,0.66,64.0,False,,True,False,False
600230.SSE,沧州大化,2026-02-25,2026-02,2板补涨阳,False,,无U,,False,封D1负,0.0,-4.21,-4.21,17.69,-2.15,20.27,20,-++,2,7.5,0.7,82.0,False,,True,False,False
600234.SSE,科新发展,2024-03-18,2024-03,2板补涨阳,False,,无U,,True,封D1负,4.6,-3.58,-3.58,3.29,-1.16,4.5,19,---,2,4.5,0.0,56.0,False,,True,False,False
600234.SSE,科新发展,2026-05-08,2026-05,2板补涨阳,False,,无U,,True,连板,3.11,10.0,4.61,18.71,1.1,17.43,11,+++,2,3.01,3.6,91.0,True,05,True,True,False
600241.SSE,时代万恒,2023-12-28,2023-12,2板补涨阳,False,,U坑内,,True,封D1正,1.72,2.99,2.99,-20.08,-20.08,0.0,15,--+,2,-0.5,1.01,26.0,False,,True,False,False
600241.SSE,时代万恒,2024-04-02,2024-04,2板补涨阳,False,,U突破,,True,炸板,-7.7,-9.48,-9.48,6.23,-5.54,12.46,15,+++,2,0.26,3.01,67.0,False,,False,False,False
600241.SSE,时代万恒,2024-09-30,2024-09,2板补涨阳,False,,无U,,True,炸板,8.97,1.28,1.28,0.85,-2.56,3.5,4,+++,2,3.5,0.15,107.0,False,,False,False,False
600250.SSE,南京商旅,2024-12-12,2024-12,2板补涨阳,False,,U坑内,,False,封D1负,-1.0,-2.83,-2.83,-5.7,-11.24,6.23,12,-++,2,2.44,0.19,119.0,False,,True,False,False
600259.SSE,中稀有色,2025-06-16,2025-06,2板补涨阳,False,,无U,,True,封D1负,-3.18,-6.58,-6.58,7.25,-0.06,7.31,8,+++,2,6.0,1.86,39.0,False,,True,False,False
600262.SSE,北方股份,2024-04-26,2024-04,2板补涨阳,False,,U突破,,False,炸板,-5.16,-3.77,-3.77,-1.86,-6.56,5.03,6,+++,2,2.42,0.36,32.0,False,,False,False,False
600271.SSE,航天信息,2025-12-30,2025-12,2板补涨阳,False,,U突破,,True,封D1正,4.31,0.86,0.86,-1.03,-8.17,7.77,10,-++,2,-0.09,1.04,64.0,False,,True,False,False
600272.SSE,开开实业,2024-08-01,2024-08,2板补涨阳,False,,U坑内,,False,炸板,-8.53,-8.88,-8.88,-6.57,-9.76,3.54,6,+++,2,0.99,1.28,74.0,False,,False,False,False
600279.SSE,重庆港,2024-11-20,2024-11,2板补涨阳,False,,U突破,,True,封D1负,2.36,-1.69,-1.69,-2.36,-8.15,6.31,7,+++,2,-0.19,3.52,79.0,False,,True,False,False
600280.SSE,中央商场,2024-11-29,2024-11,2板补涨阳,False,,U坑内,,False,封D1正,0.22,1.11,1.11,-6.83,-17.77,13.3,16,+-+,2,0.49,2.46,75.0,False,,True,False,False
600280.SSE,中央商场,2025-12-09,2025-12,2板补涨阳,False,,U坑内,,False,连板,5.67,10.1,8.87,-14.39,-20.42,7.58,14,+-+,2,1.65,0.55,63.0,True,02,True,True,False
600296.SSE,S兰铝,2007-01-04,2007-01,2板补涨阳,False,,无U,,True,封D1负,-2.11,-1.48,-1.48,12.26,7.74,4.2,7,+++,2,0.86,1.48,0.0,False,,True,False,False
600310.SSE,广西能源,2026-04-23,2026-04,2板补涨阳,False,,U坑内,,False,封D1负,0.19,-3.6,-3.6,-27.27,-33.94,10.09,18,+-+,2,0.42,1.88,49.0,False,,True,False,False
600318.SSE,新力金融,2024-10-17,2024-10,2板补涨阳,True,坑中纠缠,U坑内,,False,炸板,-7.84,5.56,7.08,-22.19,-25.32,4.2,7,-++,2,0.84,2.1,67.0,False,,False,True,False
600318.SSE,新力金融,2024-11-04,2024-11,2板补涨阳,False,,U突破,,True,连板,10.01,10.01,12.13,-2.71,-25.32,30.29,19,+++,2,3.81,2.77,74.0,True,05,True,True,False
600318.SSE,新力金融,2024-11-29,2024-11,2板补涨阳,False,,U坑内,,False,炸板,-4.86,-2.82,-2.82,-14.06,-19.03,6.13,18,--+,2,3.2,1.66,75.0,False,,False,False,False
600318.SSE,新力金融,2024-12-03,2024-12,2板补涨阳,False,,U坑内,,False,炸板,-8.91,-9.64,-9.64,-8.09,-19.03,13.51,20,+-+,2,-2.06,0.78,132.0,False,,False,False,False
600319.SSE,亚星化学,2025-11-28,2025-11,2板补涨阳,False,,U坑内,,False,封D1正,2.56,0.1,0.1,-17.73,-20.89,3.99,7,-++,2,1.72,1.03,41.0,False,,True,False,False
600322.SSE,津投城开,2023-08-16,2023-08,2板补涨阳,False,,U突破,,False,封D1正,1.77,7.09,7.09,-0.39,-11.28,12.28,15,+++,2,-0.39,2.33,21.0,False,,True,False,False
600322.SSE,津投城开,2023-08-18,2023-08,2板补涨阳,False,,U突破,,True,炸板,-15.36,-10.54,-10.54,17.51,-11.28,32.46,17,+++,2,7.09,2.84,25.0,False,,False,False,False
600330.SSE,天通股份,2026-03-12,2026-03,2板补涨阳,False,,U突破,,True,炸板,-1.49,-8.31,-8.31,7.85,-8.5,17.87,20,-++,2,6.1,3.89,48.0,False,,False,False,False
600330.SSE,天通股份,2026-05-11,2026-05,2板补涨阳,False,,无U,,True,封D1正,5.89,1.81,1.81,22.01,-1.59,23.98,12,+++,2,4.22,3.68,89.0,False,,True,False,False
600338.SSE,西藏珠峰,2026-04-29,2026-04,2板补涨阳,False,,无U,,True,封D1负,1.16,-0.11,-0.11,1.09,1.09,0.0,2,+++,2,1.09,3.62,53.0,False,,True,False,False
600343.SSE,航天动力,2025-12-11,2025-12,2板补涨阳,False,,无U,,True,连板,0.0,10.01,4.47,6.8,3.12,3.56,3,+++,2,3.56,3.28,50.0,True,05,True,True,False
600345.SSE,长江通信,2026-01-09,2026-01,2板补涨阳,False,,U突破,,True,炸板,2.18,2.92,2.92,3.0,-12.47,17.68,8,+++,2,5.01,3.14,77.0,False,,False,False,False
600345.SSE,长江通信,2026-05-08,2026-05,2板补涨阳,False,,U突破,,True,封D1正,4.63,0.91,0.91,-3.92,-10.49,7.34,17,-++,2,6.61,1.29,91.0,False,,True,False,False
600353.SSE,旭光电子,2025-07-01,2025-07,2板补涨阳,False,,无U,,True,封D1负,0.0,-7.43,-7.43,11.91,-3.19,15.6,15,+++,2,6.38,0.0,63.0,False,,True,False,False
600358.SSE,国旅联合,2024-09-06,2024-09,2板补涨阳,False,,U突破,,True,炸板,-7.14,5.28,0.93,-2.01,-10.37,9.33,12,+++,2,0.69,0.69,39.0,False,,False,True,False
600363.SSE,联创光电,2026-07-10,2026-07,2板补涨阳,False,,U坑内,,True,炸板,-6.7,-14.63,-14.63,-8.64,-10.23,1.77,8,-+-,2,1.77,0.09,63.0,False,,False,False,False
600366.SSE,宁波韵升,2025-06-30,2025-06,2板补涨阳,True,坑中纠缠,U坑内,,True,封D1正,0.0,3.59,3.59,-6.62,-9.46,3.13,12,-++,2,2.07,1.96,42.0,False,,True,False,False
600367.SSE,红星发展,2026-03-16,2026-03,2板补涨阳,False,,U坑内,,False,炸板,-1.72,4.99,4.99,-4.28,-13.78,11.01,9,-++,2,5.04,2.33,52.0,False,,False,False,False
600391.SSE,航发科技,2026-02-05,2026-02,2板补涨阳,False,,无U,,True,炸板,-4.82,-8.61,-8.61,14.69,4.48,9.77,12,-++,2,2.99,2.76,57.0,False,,False,False,False
600397.SSE,江钨装备,2026-02-24,2026-02,2板补涨阳,False,,无U,,True,连板,3.52,9.98,14.85,8.25,8.25,0.0,2,+++,2,8.25,1.75,29.0,True,01,True,True,False
600400.SSE,红豆股份,2025-09-02,2025-09,2板补涨阳,True,坑中纠缠,U坑内,,False,封D1正,0.38,3.01,3.01,-9.36,-12.36,3.42,10,-++,2,3.42,0.43,85.0,False,,True,False,False
600403.SSE,大有能源,2025-12-03,2025-12,2板补涨阳,False,,U坑内,,False,封D1负,-0.54,-9.67,-9.67,-25.02,-29.33,6.09,12,---,2,3.21,3.58,41.0,False,,True,False,False
600403.SSE,大有能源,2026-07-30,2026-07,2板补涨阳,False,,U突破,,True,炸板,-16.45,-10.16,-10.16,0.18,-14.74,17.5,11,++-,2,-1.4,2.8,73.0,False,,False,False,False
600403.SSE,大有能源,2026-08-06,2026-08,2板补涨阳,False,,U突破,,True,封D1正,2.96,0.78,0.78,3.55,-14.74,21.46,16,+++,2,2.28,0.53,93.0,False,,True,False,False
600403.SSE,大有能源,2026-08-11,2026-08,2板补涨阳,False,,U突破,,True,炸板,-13.06,-8.71,-8.71,18.65,-14.74,39.17,19,+++,2,3.41,2.01,93.0,False,,False,False,False
600410.SSE,华胜天成,2025-08-18,2025-08,2板补涨阳,False,,无U,,True,连板,6.0,10.01,1.98,20.36,3.65,16.12,4,+++,2,5.56,3.65,70.0,True,05,True,True,False
600410.SSE,华胜天成,2025-09-18,2025-09,2板补涨阳,False,,U坑内,,True,炸板,-2.08,-9.22,-9.22,-12.9,-29.2,23.03,17,+-+,2,3.58,3.35,56.0,False,,False,False,False
600418.SSE,江淮汽车,2024-10-18,2024-10,2板补涨阳,False,,无U,,True,封D1负,1.82,-0.27,-0.27,10.37,-0.65,11.09,8,+++,2,4.89,2.41,41.0,False,,True,False,False
600418.SSE,江淮汽车,2024-10-31,2024-10,2板补涨阳,False,,无U,,True,封D1负,0.0,-8.18,-8.18,34.94,-0.65,35.83,17,+++,2,7.48,1.18,118.0,False,,True,False,False
600463.SSE,空港股份,2024-10-21,2024-10,2板补涨阳,False,,无U,,True,封D1正,4.41,3.17,3.17,20.14,-2.25,22.91,19,+++,2,-2.57,2.49,77.0,False,,True,False,False
600467.SSE,好当家,2024-12-06,2024-12,2板补涨阳,False,,U坑内,,False,炸板,-3.48,-4.53,-4.53,-8.74,-21.33,16.0,20,+-+,2,2.35,1.57,103.0,False,,False,False,False
600481.SSE,双良节能,2026-02-09,2026-02,2板补涨阳,False,,U坑内,,False,炸板,-5.62,-10.21,-10.21,-5.4,-9.99,5.1,3,+++,2,5.1,2.5,48.0,False,,False,False,False
600488.SSE,津药药业,2026-05-29,2026-05,2板补涨阳,False,,U坑内,,True,封D1正,-0.54,2.17,2.17,-30.58,-30.58,0.0,13,---,2,-2.14,0.78,88.0,False,,True,False,False
600490.SSE,鹏欣资源,2024-09-27,2024-09,2板补涨阳,False,,无U,,True,封D1正,5.98,8.97,8.97,-2.84,-2.84,0.0,5,+++,2,-1.79,0.36,125.0,False,,True,False,False
600498.SSE,烽火通信,2026-01-23,2026-01,2板补涨阳,False,,无U,,True,封D1负,0.43,-3.95,-3.95,7.74,-0.03,7.77,14,-++,2,3.91,0.82,63.0,False,,True,False,False
600503.SSE,华丽家族,2025-09-09,2025-09,2板补涨阳,False,,U坑内,,False,封D1负,-0.8,-1.06,-1.06,-4.74,-16.99,14.77,14,+++,2,5.23,0.62,56.0,False,,True,False,False
600506.SSE,统一股份,2024-12-11,2024-12,2板补涨阳,False,,U坑内,,False,连板,-2.41,9.99,6.3,-4.94,-11.48,7.38,4,+++,2,7.38,2.44,82.0,True,01,True,True,False
600506.SSE,统一股份,2024-12-27,2024-12,2板补涨阳,False,,U坑内,,True,封D1负,0.0,-2.52,-2.52,-19.15,-21.21,2.61,11,-++,2,2.61,1.99,79.0,False,,True,False,False
600513.SSE,联环药业,2023-12-05,2023-12,2板补涨阳,False,,U坑内,,True,封D1负,1.69,-4.78,-4.78,-5.5,-7.26,1.89,7,+++,2,-0.8,2.49,47.0,False,,True,False,False
600538.SSE,国发股份,2024-10-31,2024-10,2板补涨阳,False,,U突破,,True,炸板,0.0,-4.04,-4.04,10.84,-4.93,16.58,9,+++,2,3.45,1.15,118.0,False,,False,False,False
600540.SSE,新赛股份,2023-09-25,2023-09,2板补涨阳,False,,U突破,,True,炸板,-4.77,-5.35,-5.35,-3.68,-16.08,14.78,16,+++,2,0.64,2.4,24.0,False,,False,False,False
600545.SSE,卓郎智能,2024-03-07,2024-03,2板补涨阳,False,,无U,,True,封D1负,0.0,-4.56,-4.56,15.87,0.53,15.26,13,-+-,2,4.29,1.43,63.0,False,,True,False,False
600545.SSE,卓郎智能,2026-02-25,2026-02,2板补涨阳,False,,U坑内,,False,封D1正,0.59,0.89,0.89,-6.4,-10.06,4.07,3,+++,2,4.07,2.71,82.0,False,,True,False,False
600545.SSE,卓郎智能,2026-04-10,2026-04,2板补涨阳,False,,U坑内,,False,炸板,-8.51,-1.61,-1.61,-14.69,-23.54,11.58,17,+-+,2,-0.5,1.26,50.0,False,,False,False,False
600545.SSE,卓郎智能,2026-05-26,2026-05,2板补涨阳,False,,U突破,,True,炸板,-2.46,0.55,0.55,9.74,-4.29,14.66,11,-++,2,4.23,3.13,91.0,False,,False,False,False
600545.SSE,卓郎智能,2026-05-29,2026-05,2板补涨阳,False,,U突破,,True,炸板,-6.45,-11.35,-11.35,25.58,-4.29,31.21,14,+++,2,3.4,2.17,88.0,False,,False,False,False
600545.SSE,卓郎智能,2026-06-26,2026-06,2板补涨阳,False,,无U,,True,封D1正,10.0,5.49,5.49,-1.98,-3.8,1.9,7,+-+,2,1.9,3.95,77.0,False,,True,False,False
600549.SSE,厦门钨业,2026-06-22,2026-06,2板补涨阳,False,,无U,,True,封D1负,2.49,-9.6,-9.6,9.57,3.1,6.27,3,+++,2,6.27,3.7,75.0,False,,True,False,False
600552.SSE,凯盛科技,2024-09-03,2024-09,2板补涨阳,False,,无U,,True,封D1负,1.68,-7.85,-7.85,8.87,8.87,0.0,2,+++,2,8.87,1.12,24.0,False,,True,False,False
600552.SSE,凯盛科技,2024-09-30,2024-09,2板补涨阳,False,,U坑内,,False,封D1正,10.02,6.21,6.21,-14.77,-22.0,9.27,19,--+,2,4.67,0.09,107.0,False,,True,False,False
600556.SSE,天下秀,2025-01-14,2025-01,2板补涨阳,True,坑底首阳,U坑内,,False,连板,9.92,9.92,27.86,-42.16,-42.16,0.0,20,---,2,-0.83,0.42,42.0,True,03,True,True,False
600560.SSE,金自天正,2024-03-14,2024-03,2板补涨阳,False,,U坑内,,False,炸板,-5.92,-0.48,-0.48,-6.01,-7.54,1.65,5,+++,2,1.65,0.3,51.0,False,,False,False,False
600571.SSE,信雅达,2024-12-19,2024-12,2板补涨阳,True,坑中纠缠,U坑内,,False,封D1负,3.8,-1.6,-1.6,-6.7,-8.83,2.34,9,-++,2,2.34,1.74,84.0,False,,True,False,False
600576.SSE,祥源文旅,2024-08-15,2024-08,2板补涨阳,False,,U坑内,,True,封D1正,2.46,1.85,1.85,-8.47,-9.09,0.68,7,++-,2,0.68,2.05,25.0,False,,True,False,False
600580.SSE,卧龙电驱,2025-09-12,2025-09,2板补涨阳,False,,无U,,True,封D1正,0.0,0.13,0.13,38.08,3.98,32.8,20,+++,2,7.26,2.33,74.0,False,,True,False,False
600584.SSE,长电科技,2026-06-22,2026-06,2板补涨阳,False,,U坑内,,False,封D1负,0.69,-5.74,-5.74,-5.85,-21.85,20.47,18,+-+,2,1.55,3.08,75.0,False,,True,False,False
600588.SSE,用友网络,2024-11-05,2024-11,2板补涨阳,True,坑中纠缠,U坑内,,False,炸板,-3.55,-2.31,-2.31,-12.96,-14.47,1.76,20,-++,2,0.92,0.92,122.0,False,,False,False,False
600593.SSE,大连圣亚,2024-02-19,2024-02,2板补涨阳,False,,U坑内,,True,封D1正,1.63,0.76,0.76,-53.36,-56.56,7.36,18,---,2,7.36,0.96,430.0,False,,True,False,False
600593.SSE,大连圣亚,2024-11-25,2024-11,2板补涨阳,False,,无U,,True,连板,-1.99,10.0,13.94,1.6,-2.0,3.68,12,+++,2,-0.82,2.7,60.0,True,05,True,True,False
600593.SSE,大连圣亚,2024-12-05,2024-12,2板补涨阳,False,,无U,,True,封D1正,6.17,6.4,6.4,6.45,-2.43,9.1,7,+++,2,3.16,2.98,69.0,False,,True,False,False
600593.SSE,大连圣亚,2024-12-12,2024-12,2板补涨阳,False,,无U,,True,连板,0.0,9.99,8.9,24.96,-2.43,28.06,12,+++,2,1.59,0.75,119.0,True,05,True,True,False
600594.SSE,益佰制药,2026-04-21,2026-04,2板补涨阳,True,坑中纠缠,U坑内,,False,炸板,-2.98,-5.75,-5.75,-4.58,-9.79,5.77,12,-++,2,1.78,1.11,72.0,False,,False,False,False
600601.SSE,方正科技,2024-12-26,2024-12,2板补涨阳,False,,U坑内,,True,封D1正,3.54,1.88,1.88,-5.83,-8.86,3.32,19,+-+,2,2.11,2.58,31.0,False,,True,False,False
600601.SSE,方正科技,2025-09-11,2025-09,2板补涨阳,False,,无U,,False,连板,3.8,10.03,16.16,25.71,-3.5,30.26,18,+++,2,9.11,0.93,44.0,True,02,True,True,False
600601.SSE,方正科技,2025-09-30,2025-09,2板补涨阳,True,坑中纠缠,U坑内,,True,炸板,-4.1,-4.27,-4.27,-7.7,-10.62,3.27,12,-++,2,3.27,0.99,46.0,False,,False,False,False
600602.SSE,云赛智联,2023-06-16,2023-06,2板补涨阳,False,,无U,,True,封D1正,10.01,4.4,4.4,12.2,2.75,9.19,4,+++,2,5.79,2.52,32.0,False,,True,False,False
600602.SSE,云赛智联,2024-03-22,2024-03,2板补涨阳,False,,U突破,,True,封D1负,5.31,-1.46,-1.46,13.78,-4.07,18.6,20,+++,2,2.77,3.97,56.0,False,,True,False,False
600609.SSE,金杯汽车,2024-11-06,2024-11,2板补涨阳,False,,U突破,,True,封D1正,0.15,7.59,7.59,3.45,-7.6,11.96,5,+++,2,6.02,1.42,139.0,False,,True,False,False
600609.SSE,金杯汽车,2024-11-08,2024-11,2板补涨阳,False,,U突破,,True,炸板,-9.74,2.95,-2.05,22.45,-7.6,32.52,7,+++,2,7.59,1.52,157.0,False,,False,True,False
600610.SSE,中毅达,2023-12-26,2023-12,2板补涨阳,False,,U坑内,,False,封D1负,2.13,-1.12,-1.12,-10.6,-11.81,1.38,4,++-,2,1.38,3.75,30.0,False,,True,False,False
600610.SSE,中毅达,2024-01-03,2024-01,2板补涨阳,False,,U突破,,False,炸板,-6.69,-10.61,-10.61,4.97,-11.81,19.02,9,+++,2,1.28,2.88,48.0,False,,False,False,False
600610.SSE,中毅达,2025-03-24,2025-03,2板补涨阳,False,,无U,,True,连板,2.74,10.05,19.75,21.16,8.98,11.17,4,+++,2,8.74,0.55,39.0,True,05,True,True,False
600610.SSE,中毅达,2025-05-06,2025-05,2板补涨阳,False,,U突破,,True,炸板,-0.42,8.27,11.05,0.19,-16.09,19.4,12,-++,2,0.65,3.18,56.0,False,,False,True,False
600610.SSE,中毅达,2025-05-07,2025-05,2板补涨阳,False,,U突破,,True,封D1正,-1.79,2.57,2.57,8.47,-16.09,29.27,13,-++,2,8.26,1.76,79.0,False,,True,False,False
600611.SSE,大众交通,2024-07-15,2024-07,2板补涨阳,False,,无U,,True,炸板,-4.11,6.06,5.63,8.25,8.25,0.0,2,+++,2,8.25,1.8,28.0,False,,False,True,False
600611.SSE,大众交通,2024-07-22,2024-07,2板补涨阳,False,,无U,,True,连板,5.05,9.93,15.8,43.81,8.25,32.86,7,+++,2,3.91,3.35,24.0,True,05,True,True,False
600611.SSE,大众交通,2024-07-25,2024-07,2板补涨阳,False,,无U,,True,封D1正,4.86,7.8,7.8,5.33,5.33,0.0,2,+++,2,5.33,2.37,20.0,False,,True,False,False
600611.SSE,大众交通,2024-07-29,2024-07,2板补涨阳,False,,无U,,True,连板,3.34,10.03,7.12,24.89,5.33,18.57,4,+++,2,7.8,2.17,44.0,True,05,True,True,False
600611.SSE,大众交通,2024-09-30,2024-09,2板补涨阳,False,,U坑内,,False,连板,9.58,9.96,14.81,-37.76,-43.36,9.88,14,+--,2,1.86,1.14,107.0,True,03,True,True,False
600613.SSE,神奇制药,2024-10-25,2024-10,2板补涨阳,False,,U坑内,,False,连板,9.42,9.96,12.79,-6.38,-6.38,0.0,3,+++,2,-2.03,3.48,67.0,True,01,True,True,False
600615.SSE,鑫源智造,2024-11-12,2024-11,2板补涨阳,False,,U突破,,False,炸板,-6.71,-4.68,-4.68,-3.08,-6.82,4.02,11,+++,2,3.1,0.27,108.0,False,,False,False,False
600617.SSE,国新能源,2025-11-14,2025-11,2板补涨阳,False,,U坑内,,True,封D1正,4.83,3.14,3.14,-14.55,-19.77,6.52,19,+-+,2,-1.83,0.26,73.0,False,,True,False,False
600618.SSE,氯碱化工,2025-01-10,2025-01,2板补涨阳,False,,U坑内,,False,炸板,-4.36,-6.3,-6.3,-6.09,-6.09,0.0,4,+++,2,-2.0,2.18,77.0,False,,False,False,False
600619.SSE,海立股份,2025-03-27,2025-03,2板补涨阳,False,,U坑内,,True,封D1负,2.06,-0.88,-0.88,-8.57,-9.75,1.31,17,-++,2,-1.04,2.88,56.0,False,,True,False,False
600620.SSE,天宸股份,2024-05-29,2024-05,2板补涨阳,True,坑底首阳,U坑内,,False,封D1正,10.0,2.07,2.07,-17.91,-17.91,0.0,4,+++,2,-0.57,2.45,18.0,False,,True,False,False
600629.SSE,华建集团,2026-07-28,2026-07,2板补涨阳,False,,U坑内,,True,封D1负,-3.2,-5.66,-5.66,-12.97,-15.89,3.47,11,-+-,2,3.47,1.1,101.0,False,,True,False,False
600630.SSE,龙头股份,2023-12-14,2023-12,2板补涨阳,False,,U突破,,True,连板,3.59,10.01,12.28,0.42,-7.72,8.81,5,++-,2,3.22,3.86,32.0,True,05,True,True,False
600635.SSE,大众公用,2025-10-31,2025-10,2板补涨阳,False,,U坑内,,True,封D1负,0.0,-2.14,-2.14,-4.5,-12.24,8.81,15,+++,2,0.44,3.7,42.0,False,,True,False,False
600644.SSE,乐山电力,2025-05-27,2025-05,2板补涨阳,False,,U突破,,True,封D1负,0.0,-3.58,-3.58,-0.46,-4.83,4.6,4,+++,2,4.6,3.5,46.0,False,,True,False,False
600644.SSE,乐山电力,2025-06-10,2025-06,2板补涨阳,False,,U突破,,False,封D1负,-0.95,-6.56,-6.56,0.39,-4.83,5.49,13,-++,2,-0.06,1.82,54.0,False,,True,False,False
600644.SSE,乐山电力,2026-08-03,2026-08,2板补涨阳,True,坑底首阳,U坑内,,False,封D1正,2.04,1.36,1.36,-5.65,-8.27,2.86,10,-++,2,2.75,0.44,87.0,False,,True,False,False
600650.SSE,锦江在线,2024-09-30,2024-09,2板补涨阳,False,,U坑内,,False,连板,9.98,9.98,13.98,-6.62,-21.87,19.52,14,+--,2,3.95,0.63,107.0,True,05,True,True,False
600653.SSE,申华控股,2024-12-02,2024-12,2板补涨阳,True,坑底首阳,U坑内,,False,封D1正,6.3,2.52,2.52,-20.88,-23.08,2.86,16,--+,2,0.0,1.39,105.0,False,,True,False,False
600653.SSE,申华控股,2024-12-06,2024-12,2板补涨阳,True,坑中纠缠,U坑内,,True,封D1正,4.07,1.11,1.11,-10.26,-23.08,16.67,20,+--,2,5.15,2.15,103.0,False,,True,False,False
600658.SSE,电子城,2025-09-17,2025-09,2板补涨阳,False,,U坑内,,False,封D1负,-0.73,-4.96,-4.96,-26.53,-29.25,3.83,20,+-+,2,2.64,1.65,59.0,False,,True,False,False
600666.SSE,奥瑞德,2024-11-20,2024-11,2板补涨阳,True,坑中纠缠,U坑内,,True,封D1负,4.23,-0.7,-0.7,-8.19,-11.74,4.03,8,-++,2,4.03,0.81,79.0,False,,True,False,False
600667.SSE,太极实业,2026-07-01,2026-07,2板补涨阳,False,,无U,,True,封D1负,-7.73,-10.0,-10.0,15.29,6.2,8.56,4,+++,2,0.62,1.79,114.0,False,,True,False,False
600676.SSE,久事动娱,2025-06-24,2025-06,2板补涨阳,False,,U坑内,,True,炸板,-6.19,-6.19,-6.19,-14.15,-16.42,2.71,16,--+,2,2.71,0.45,60.0,False,,False,False,False
600682.SSE,南京新百,2025-08-19,2025-08,2板补涨阳,False,,U突破,,False,封D1正,4.31,0.0,0.0,-3.49,-11.07,8.53,18,+++,2,4.97,1.96,78.0,False,,True,False,False
600686.SSE,金龙汽车,2023-05-10,2023-05,2板补涨阳,False,,无U,,True,封D1正,5.32,8.37,8.37,4.82,4.82,0.0,2,,2,4.82,1.83,22.0,False,,True,False,False
600697.SSE,欧亚集团,2024-01-09,2024-01,2板补涨阳,False,,U坑内,,False,封D1负,-4.83,-9.97,-9.97,-13.21,-23.96,14.14,15,+-+,2,6.4,3.61,29.0,False,,True,False,False
600699.SSE,均胜电子,2025-09-16,2025-09,2板补涨阳,False,,无U,,True,连板,10.01,10.01,21.72,8.58,0.78,7.74,6,+++,2,7.74,1.91,56.0,True,03,True,True,False
600703.SSE,三安光电,2026-06-24,2026-06,2板补涨阳,False,,无U,,True,封D1负,2.48,-0.64,-0.64,17.76,1.9,15.56,5,++-,2,2.8,3.58,87.0,False,,True,False,False
600705.SSE,中航产融,2023-01-20,2023-01,2板补涨阳,False,,无U,,True,连板,5.26,9.92,6.07,9.51,-1.46,11.14,4,+++,2,8.19,1.93,0.0,True,01,True,True,False
600707.SSE,彩虹股份,2026-04-17,2026-04,2板补涨阳,False,,无U,,True,连板,6.16,10.01,8.47,0.85,-2.71,3.66,5,++-,2,-1.53,0.14,68.0,True,01,True,True,False
600707.SSE,彩虹股份,2026-05-13,2026-05,2板补涨阳,False,,U突破,,True,封D1正,0.67,3.06,3.06,10.85,-5.83,17.72,14,+++,2,3.83,3.61,50.0,False,,True,False,False
600714.SSE,金瑞矿业,2026-03-12,2026-03,2板补涨阳,False,,无U,,True,封D1正,2.19,4.46,4.46,-0.51,-2.71,2.27,7,+++,2,2.27,1.7,48.0,False,,True,False,False
600714.SSE,金瑞矿业,2026-05-11,2026-05,2板补涨阳,False,,无U,,True,炸板,-0.51,-0.04,-0.04,4.52,-1.99,6.65,4,+++,2,2.99,1.92,89.0,False,,False,False,False
600714.SSE,金瑞矿业,2026-05-18,2026-05,2板补涨阳,False,,无U,,True,封D1负,1.01,-0.65,-0.65,14.03,-1.99,16.34,9,+++,2,0.04,2.26,46.0,False,,True,False,False
600719.SSE,大连热电,2026-05-12,2026-05,2板补涨阳,False,,无U,,True,封D1正,3.58,1.98,1.98,2.88,-3.09,6.16,3,+++,2,6.16,2.64,76.0,False,,True,False,False
600722.SSE,金牛化工,2026-08-10,2026-08,2板补涨阳,False,,U突破,,True,封D1负,-0.64,-3.12,-3.12,4.4,-15.05,22.89,12,+++,2,5.86,3.07,59.0,False,,True,False,False
600723.SSE,首商股份,2020-07-09,2020-07,2板补涨阳,False,,U突破,,True,连板,4.66,10.05,23.42,4.9,-9.33,15.7,16,+++,2,0.57,1.72,2.0,True,03,True,True,False
600724.SSE,宁波富达,2024-10-31,2024-10,2板补涨阳,False,,U突破,,True,炸板,-5.82,-8.05,-8.05,0.76,-6.26,7.49,3,+++,2,7.49,2.43,118.0,False,,False,False,False
600728.SSE,佳都科技,2025-03-12,2025-03,2板补涨阳,False,,U坑内,,False,炸板,-3.32,-6.64,-6.64,-10.44,-10.44,0.0,3,+++,2,-0.69,1.73,45.0,False,,False,False,False
600729.SSE,重百集团,2025-03-14,2025-03,2板补涨阳,False,,U坑内,,False,炸板,-3.27,-7.88,-7.88,-6.33,-17.04,12.91,11,++-,2,3.32,0.69,34.0,False,,False,False,False
600732.SSE,爱旭股份,2024-11-06,2024-11,2板补涨阳,False,,无U,,True,炸板,-7.65,-5.59,-5.59,1.23,-3.52,4.93,7,+++,2,1.4,0.82,139.0,False,,False,False,False
600732.SSE,爱旭股份,2024-11-08,2024-11,2板补涨阳,False,,无U,,True,连板,-0.85,9.99,15.73,5.16,-3.52,9.01,9,+++,2,-2.95,0.53,157.0,True,02,True,True,False
600748.SSE,上实发展,2023-05-12,2023-05,2板补涨阳,False,,U突破,,True,炸板,-5.7,-9.07,-9.07,-0.46,-4.39,4.11,5,+++,2,4.11,2.9,35.0,False,,False,False,False
600748.SSE,上实发展,2025-10-21,2025-10,2板补涨阳,False,,无U,,True,封D1正,3.27,5.31,5.31,15.4,8.13,6.72,3,+++,2,6.72,3.36,66.0,False,,True,False,False
600758.SSE,辽宁能源,2026-06-01,2026-06,2板补涨阳,False,,U坑内,,True,封D1正,0.78,1.74,1.74,-9.28,-18.38,11.14,9,-++,2,2.63,3.28,46.0,False,,True,False,False
600760.SSE,中航沈飞,2024-11-05,2024-11,2板补涨阳,True,坑中纠缠,U坑内,,False,连板,9.99,9.99,3.5,-5.1,-11.74,7.52,20,-++,2,6.63,1.82,122.0,True,02,True,True,False
600769.SSE,祥龙电业,2024-10-31,2024-10,2板补涨阳,False,,U突破,,False,封D1负,9.02,-3.01,-3.01,-0.26,-6.34,6.49,3,+++,2,6.49,3.06,118.0,False,,True,False,False
600769.SSE,祥龙电业,2024-11-08,2024-11,2板补涨阳,False,,U突破,,False,封D1负,-3.1,-3.86,-3.86,4.25,-6.34,11.31,9,+++,2,-0.58,1.57,157.0,False,,True,False,False
600769.SSE,祥龙电业,2025-10-22,2025-10,2板补涨阳,False,,U突破,,True,炸板,-9.56,-8.61,-8.61,6.3,-5.56,12.55,12,+++,2,7.17,1.12,63.0,False,,False,False,False
600770.SSE,综艺股份,2024-10-17,2024-10,2板补涨阳,False,,无U,,False,连板,4.5,10.05,27.51,-1.71,-2.86,1.18,7,+++,2,0.58,2.92,67.0,True,05,True,True,False
600787.SSE,中储股份,2025-04-22,2025-04,2板补涨阳,False,,U坑内,,True,封D1正,2.85,1.65,1.65,-8.47,-8.47,0.0,9,-++,2,-1.94,0.81,86.0,False,,True,False,False
600789.SSE,鲁抗医药,2024-05-13,2024-05,2板补涨阳,False,,无U,,True,炸板,-6.37,-9.47,-9.47,23.57,0.13,23.41,5,+++,2,6.48,3.07,29.0,False,,False,False,False
600797.SSE,浙大网新,2024-12-03,2024-12,2板补涨阳,False,,U坑内,,False,封D1负,0.25,-4.89,-4.89,-12.33,-18.02,6.93,15,--+,2,3.28,1.57,132.0,False,,True,False,False
600800.SSE,渤海化学,2025-05-20,2025-05,2板补涨阳,False,,U突破,,False,炸板,-5.26,-4.31,-4.31,15.5,-8.81,26.67,20,+++,2,5.85,2.79,66.0,False,,False,False,False
600800.SSE,渤海化学,2026-04-20,2026-04,2板补涨阳,True,坑底首阳,U坑内,,False,封D1负,0.0,-0.98,-0.98,-11.32,-13.44,2.44,16,---,2,2.44,3.33,57.0,False,,True,False,False
600807.SSE,济高发展,2024-03-29,2024-03,2板补涨阳,True,坑中纠缠,U坑内,,True,封D1负,0.86,-1.15,-1.15,-4.55,-10.0,6.06,12,-++,2,0.32,1.91,59.0,False,,True,False,False
600807.SSE,济高发展,2025-02-20,2025-02,2板补涨阳,False,,U突破,,True,封D1负,0.61,-1.21,-1.21,-3.23,-4.52,1.35,11,-++,2,1.35,0.34,90.0,False,,True,False,False
600819.SSE,耀皮玻璃,2024-04-01,2024-04,2板补涨阳,True,坑底首阳,U坑内,,False,封D1负,2.91,-1.36,-1.36,-10.86,-12.57,1.96,15,-++,2,0.86,0.65,56.0,False,,True,False,False
600819.SSE,耀皮玻璃,2025-11-10,2025-11,2板补涨阳,False,,U坑内,,False,封D1负,1.6,-2.03,-2.03,-5.86,-14.49,10.09,18,+++,2,2.28,1.92,45.0,False,,True,False,False
600821.SSE,金开新能,2026-03-12,2026-03,2板补涨阳,False,,无U,,True,封D1负,0.28,-6.62,-6.62,4.44,2.11,2.28,3,+++,2,2.28,3.52,48.0,False,,True,False,False
600821.SSE,金开新能,2026-03-19,2026-03,2板补涨阳,False,,无U,,False,炸板,-5.39,-6.87,-6.87,10.47,2.11,8.18,8,+++,2,7.73,2.27,45.0,False,,False,False,False
600825.SSE,新华传媒,2025-03-10,2025-03,2板补涨阳,False,,U坑内,,False,封D1负,-3.59,-2.31,-2.31,-13.13,-16.56,4.12,10,-++,2,0.14,1.84,45.0,False,,True,False,False
600828.SSE,茂业商业,2026-01-09,2026-01,2板补涨阳,False,,U坑内,,True,连板,10.01,10.01,15.02,-10.94,-19.64,10.82,20,--+,2,3.76,3.59,77.0,True,05,True,True,False
600828.SSE,茂业商业,2026-01-30,2026-01,2板补涨阳,False,,U坑内,,True,连板,-0.76,10.03,4.56,-22.24,-22.24,0.0,14,--+,2,-1.48,1.65,74.0,True,05,True,True,False
600828.SSE,茂业商业,2026-02-05,2026-02,2板补涨阳,False,,U突破,,False,封D1负,0.26,-6.56,-6.56,-2.35,-4.97,2.76,3,+-+,2,2.76,2.62,57.0,False,,True,False,False
600828.SSE,茂业商业,2026-03-05,2026-03,2板补涨阳,True,坑底首阳,U坑内,,False,封D1负,-1.23,-1.99,-1.99,-17.96,-18.65,0.85,17,---,2,0.34,0.84,34.0,False,,True,False,False
600835.SSE,上海机电,2025-02-26,2025-02,2板补涨阳,False,,U坑内,,False,封D1负,0.54,-0.5,-0.5,-6.01,-6.01,0.0,3,+++,2,-1.53,2.16,46.0,False,,True,False,False
600838.SSE,上海九百,2026-01-08,2026-01,2板补涨阳,False,,无U,,True,封D1负,-3.32,-2.53,-2.53,13.62,-3.52,17.76,12,+++,2,7.05,2.97,63.0,False,,True,False,False
600838.SSE,上海九百,2026-01-20,2026-01,2板补涨阳,False,,无U,,True,封D1负,0.92,-2.84,-2.84,15.33,-3.52,19.53,20,-++,2,3.4,0.89,79.0,False,,True,False,False
600839.SSE,四川长虹,2025-02-13,2025-02,2板补涨阳,False,,U突破,,True,封D1负,0.15,-2.32,-2.32,1.73,-4.06,6.04,3,++-,2,6.04,2.52,65.0,False,,True,False,False
600843.SSE,上工申贝,2024-03-21,2024-03,2板补涨阳,False,,U突破,,True,封D1负,-0.46,-5.51,-5.51,8.59,-6.95,16.7,7,+++,2,3.85,0.52,64.0,False,,True,False,False
600843.SSE,上工申贝,2024-04-02,2024-04,2板补涨阳,False,,U突破,,True,炸板,-14.49,-14.2,-14.2,14.63,-6.95,23.18,15,+++,2,0.8,0.64,67.0,False,,False,False,False
600843.SSE,上工申贝,2024-06-11,2024-06,2板补涨阳,True,坑底首阳,U坑内,,False,封D1正,0.51,7.15,7.15,-28.01,-28.61,0.85,12,--+,2,0.85,2.55,40.0,False,,True,False,False
600844.SSE,金煤科技,2026-07-23,2026-07,2板补涨阳,False,,U坑内,,False,封D1负,3.91,-1.63,-1.63,-6.06,-9.43,3.72,6,++-,2,3.72,1.86,41.0,False,,True,False,False
600844.SSE,金煤科技,2026-07-29,2026-07,2板补涨阳,False,,U突破,,True,封D1负,0.0,-3.77,-3.77,5.72,-9.43,16.73,10,+++,2,3.97,2.32,57.0,False,,True,False,False
600855.SSE,航天长峰,2024-08-07,2024-08,2板补涨阳,False,,U突破,,True,封D1负,-3.49,-9.98,-9.98,-3.45,-5.25,1.91,4,++-,2,1.91,2.64,46.0,False,,True,False,False
600861.SSE,北京人力,2024-10-29,2024-10,2板补涨阳,False,,无U,,True,炸板,-6.01,-8.18,-8.18,15.77,1.9,13.62,17,+++,2,2.76,1.58,179.0,False,,False,False,False
600864.SSE,哈投股份,2024-10-28,2024-10,2板补涨阳,False,,U坑内,,False,炸板,-5.64,-5.49,-5.49,-11.66,-17.7,7.34,14,+++,2,3.8,1.32,121.0,False,,False,False,False
600864.SSE,哈投股份,2024-10-31,2024-10,2板补涨阳,False,,U坑内,,False,封D1负,6.72,-0.94,-0.94,-5.06,-17.7,15.36,17,+++,2,3.36,2.45,118.0,False,,True,False,False
600865.SSE,百大集团,2025-01-21,2025-01,2板补涨阳,True,坑中纠缠,U坑内,,True,封D1正,1.41,2.62,2.62,-18.76,-24.26,7.26,17,+--,2,0.78,2.13,62.0,False,,True,False,False
600868.SSE,梅雁吉祥,2025-11-06,2025-11,2板补涨阳,False,,U坑内,,False,炸板,-5.76,-4.24,-4.24,-9.91,-13.81,4.53,17,+-+,2,1.35,0.68,54.0,False,,False,False,False
600869.SSE,远东股份,2026-05-29,2026-05,2板补涨阳,False,,U坑内,,True,封D1负,-0.41,-4.65,-4.65,-4.32,-9.61,5.85,13,-++,2,3.5,1.7,88.0,False,,True,False,False
600871.SSE,石化油服,2025-11-12,2025-11,2板补涨阳,False,,U坑内,,False,封D1正,-1.93,1.54,1.54,-7.11,-11.46,4.91,15,+++,2,0.86,0.86,52.0,False,,True,False,False
600877.SSE,电科芯片,2024-10-21,2024-10,2板补涨阳,False,,U突破,,False,封D1负,1.14,-3.86,-3.86,-0.69,-12.36,13.32,9,+++,2,4.2,2.46,77.0,False,,True,False,False
600877.SSE,电科芯片,2026-01-22,2026-01,2板补涨阳,True,坑中纠缠,U坑内,,True,炸板,-3.54,0.45,0.45,-10.12,-15.53,6.41,7,-++,2,6.41,3.57,72.0,False,,False,False,False
600879.SSE,航天电子,2025-12-25,2025-12,2板补涨阳,False,,U突破,,True,封D1正,-1.13,4.62,4.62,-2.76,-7.76,5.42,7,+++,2,5.42,0.25,65.0,False,,True,False,False
600879.SSE,航天电子,2026-01-08,2026-01,2板补涨阳,False,,U突破,,False,连板,5.44,10.01,8.9,36.26,-7.76,47.73,15,+++,2,-0.92,3.97,63.0,True,03,True,True,False
600881.SSE,亚泰集团,2025-06-09,2025-06,2板补涨阳,True,坑底首阳,U坑内,,False,封D1负,4.15,-1.04,-1.04,-11.17,-12.18,1.16,13,-++,2,0.0,1.14,44.0,False,,True,False,False
600892.SSE,大晟文化,2025-03-17,2025-03,2板补涨阳,False,,U坑内,,False,封D1负,-2.13,-3.19,-3.19,-12.53,-15.35,3.32,19,+-+,2,1.48,1.48,66.0,False,,True,False,False
600903.SSE,贵州燃气,2026-05-18,2026-05,2板补涨阳,False,,无U,,True,连板,6.7,9.99,11.58,4.43,4.43,0.0,2,+++,2,4.43,3.78,46.0,True,01,True,True,False
600935.SSE,华塑股份,2024-12-02,2024-12,2板补涨阳,False,,U坑内,,False,封D1正,9.22,2.05,2.05,-14.19,-15.16,1.14,7,-++,2,0.38,0.38,105.0,False,,True,False,False
600936.SSE,北投科技,2026-06-02,2026-06,2板补涨阳,False,,无U,,True,连板,3.04,9.97,4.22,4.06,-1.35,5.49,17,-++,2,1.32,2.26,109.0,True,02,True,True,False
600967.SSE,内蒙一机,2025-04-09,2025-04,2板补涨阳,False,,U坑内,,True,封D1正,2.3,3.76,3.76,-18.85,-19.18,0.41,19,--+,2,0.41,2.54,99.0,False,,True,False,False
600986.SSE,浙文互联,2025-02-19,2025-02,2板补涨阳,False,,U突破,,True,炸板,-10.93,-10.4,-10.4,10.4,-5.41,16.72,4,+++,2,6.12,3.88,37.0,False,,False,False,False
600986.SSE,浙文互联,2026-01-23,2026-01,2板补涨阳,False,,U突破,,True,连板,10.04,10.04,8.8,1.96,-15.64,20.86,9,-++,2,7.35,2.65,63.0,True,02,True,True,False
600986.SSE,浙文互联,2026-02-03,2026-02,2板补涨阳,False,,U突破,,True,封D1负,5.71,-3.96,-3.96,5.73,-5.51,11.89,6,+++,2,6.94,3.05,32.0,False,,True,False,False
600988.SSE,赤峰黄金,2026-07-21,2026-07,2板补涨阳,False,,无U,,True,封D1正,3.78,7.72,7.72,3.27,-2.59,6.02,12,++-,2,1.61,2.99,49.0,False,,True,False,False
600990.SSE,四创电子,2024-05-07,2024-05,2板补涨阳,False,,U突破,,True,连板,6.08,10.01,8.9,-2.71,-7.39,5.06,7,++-,2,0.81,2.16,73.0,True,03,True,True,False
600990.SSE,四创电子,2024-10-17,2024-10,2板补涨阳,False,,U突破,,True,封D1正,1.08,6.71,6.71,4.66,-6.04,11.39,7,+++,2,2.52,2.44,67.0,False,,True,False,False
601011.SSE,宝泰隆,2024-11-05,2024-11,2板补涨阳,False,,U突破,,False,炸板,-5.41,-5.41,-5.41,-1.26,-14.29,15.2,20,+++,2,1.73,0.87,122.0,False,,False,False,False
601011.SSE,宝泰隆,2024-12-30,2024-12,2板补涨阳,False,,U坑内,,True,连板,2.19,9.85,-0.36,-25.89,-27.98,2.89,17,--+,2,2.89,1.24,61.0,True,02,True,True,False
601015.SSE,陕西黑猫,2026-03-12,2026-03,2板补涨阳,True,坑中纠缠,U坑内,,False,封D1正,1.55,1.35,1.35,-7.48,-12.4,5.62,19,-++,2,1.29,0.22,48.0,False,,True,False,False
601020.SSE,华钰矿业,2025-03-07,2025-03,2板补涨阳,False,,无U,,True,封D1正,1.95,5.37,5.37,7.84,7.84,0.0,2,+++,2,7.84,2.16,87.0,False,,True,False,False
601068.SSE,中铝国际,2024-02-21,2024-02,2板补涨阳,False,,U坑内,,True,封D1正,5.17,1.72,1.72,-18.06,-24.85,9.04,12,---,2,-0.94,0.47,80.0,False,,True,False,False
601069.SSE,西部黄金,2025-04-10,2025-04,2板补涨阳,True,坑底首阳,U坑内,,False,封D1正,3.78,4.2,4.2,-10.04,-10.21,0.2,7,+++,2,0.2,1.59,87.0,False,,True,False,False
601069.SSE,西部黄金,2026-03-02,2026-03,2板补涨阳,False,,U坑内,,False,封D1正,0.03,2.66,2.66,-25.53,-30.38,6.96,16,+-+,2,2.31,1.81,69.0,False,,True,False,False
601083.SSE,锦江航运,2025-04-15,2025-04,2板补涨阳,False,,U坑内,,False,封D1负,-0.17,-4.17,-4.17,-4.99,-4.99,0.0,3,+++,2,-2.33,2.71,85.0,False,,True,False,False
601086.SSE,国芳集团,2024-03-22,2024-03,2板补涨阳,False,,U坑内,,False,炸板,-6.42,-11.05,-11.05,-5.9,-6.83,0.99,4,+++,2,0.39,2.17,56.0,False,,False,False,False
601086.SSE,国芳集团,2024-11-07,2024-11,2板补涨阳,False,,U坑内,,False,封D1正,0.6,0.0,0.0,-12.52,-15.99,4.13,19,--+,2,1.34,1.12,104.0,False,,True,False,False
601086.SSE,国芳集团,2024-12-12,2024-12,2板补涨阳,False,,U突破,,True,封D1负,-1.84,-7.82,-7.82,0.34,-8.97,10.22,8,+++,2,5.14,0.0,119.0,False,,True,False,False
601086.SSE,国芳集团,2024-12-27,2024-12,2板补涨阳,False,,U坑内,,False,封D1负,0.0,-3.36,-3.36,-8.46,-13.54,5.87,19,--+,2,5.87,3.33,79.0,False,,True,False,False
601096.SSE,宏盛华源,2026-02-04,2026-02,2板补涨阳,False,,无U,,True,封D1负,1.45,-4.85,-4.85,6.03,-3.95,10.39,12,+++,2,1.99,0.91,61.0,False,,True,False,False
601099.SSE,太平洋,2023-07-28,2023-07,2板补涨阳,False,,无U,,True,连板,9.89,9.89,18.13,2.8,2.8,0.0,2,+++,2,2.8,1.24,19.0,True,01,True,True,False
601099.SSE,太平洋,2023-08-04,2023-08,2板补涨阳,False,,无U,,True,炸板,-6.97,-3.19,-3.19,14.0,7.5,6.05,4,+++,2,2.47,1.57,17.0,False,,False,False,False
601106.SSE,中国一重,2026-01-07,2026-01,2板补涨阳,False,,U突破,,False,连板,10.07,10.07,34.23,-3.56,-5.23,1.75,10,-++,2,0.74,0.25,96.0,True,05,True,True,False
601116.SSE,三江购物,2023-07-07,2023-07,2板补涨阳,True,坑底首阳,U坑内,,False,封D1正,0.63,2.04,2.04,-17.0,-18.65,2.03,15,+-+,2,0.09,0.87,28.0,False,,True,False,False
601127.SSE,赛力斯,2024-02-23,2024-02,2板补涨阳,False,,无U,,True,封D1正,0.48,1.82,1.82,5.29,3.79,1.45,6,++-,2,1.45,1.52,56.0,False,,True,False,False
601127.SSE,赛力斯,2024-02-27,2024-02,2板补涨阳,False,,无U,,True,炸板,-0.61,-5.1,-5.1,17.93,3.79,13.63,8,++-,2,1.82,1.77,72.0,False,,False,False,False
601127.SSE,赛力斯,2024-12-02,2024-12,2板补涨阳,False,,U坑内,,True,封D1正,4.67,1.46,1.46,-11.8,-13.52,2.0,19,--+,2,2.0,1.94,105.0,False,,True,False,False
601136.SSE,首创证券,2024-02-20,2024-02,2板补涨阳,False,,无U,,True,封D1正,-3.5,3.7,3.7,-2.45,-2.88,0.45,13,-++,2,-1.54,0.22,186.0,False,,True,False,False
601138.SSE,工业富联,2025-09-18,2025-09,2板补涨阳,False,,无U,,True,炸板,-2.37,-1.68,-1.68,3.52,1.17,2.33,5,+++,2,2.33,3.15,56.0,False,,False,False,False
601162.SSE,天风证券,2024-09-24,2024-09,2板补涨阳,False,,U坑内,,False,连板,10.0,10.0,59.33,-5.54,-6.57,1.11,9,+++,2,-0.36,1.46,45.0,True,03,True,True,False
601179.SSE,中国西电,2024-04-18,2024-04,2板补涨阳,False,,无U,,True,炸板,-5.55,-4.25,-4.25,16.14,6.18,9.38,4,+++,2,2.67,0.0,200.0,False,,False,False,False
601208.SSE,东材科技,2026-08-07,2026-08,2板补涨阳,False,,无U,,True,封D1负,2.76,-1.22,-1.22,6.18,6.18,0.0,2,---,2,6.18,3.41,69.0,False,,True,False,False
601216.SSE,君正集团,2024-12-06,2024-12,2板补涨阳,False,,U坑内,,False,封D1正,-0.53,2.66,2.66,-14.67,-23.67,11.79,18,+-+,2,1.99,1.2,103.0,False,,True,False,False
601218.SSE,吉鑫科技,2024-07-26,2024-07,2板补涨阳,False,,U坑内,,False,封D1负,0.0,-2.77,-2.77,-6.05,-6.05,0.0,3,++-,2,-0.34,1.69,32.0,False,,True,False,False
601279.SSE,英利汽车,2025-12-09,2025-12,2板补涨阳,False,,U坑内,,False,封D1负,3.79,-1.52,-1.52,-16.96,-21.63,5.96,13,+-+,2,1.48,0.42,63.0,False,,True,False,False
601330.SSE,绿色动力,2026-03-17,2026-03,2板补涨阳,False,,U突破,,False,炸板,-6.26,-5.25,-5.25,-2.28,-4.67,2.51,3,+++,2,2.51,1.71,39.0,False,,False,False,False
601388.SSE,怡球资源,2024-03-29,2024-03,2板补涨阳,False,,U坑内,,True,封D1正,1.69,2.03,2.03,-9.73,-11.74,2.28,9,-++,2,2.28,1.14,59.0,False,,True,False,False
601606.SSE,长城军工,2024-11-08,2024-11,2板补涨阳,False,,U突破,,False,封D1正,2.07,5.42,5.42,-1.16,-8.22,7.69,18,+++,2,-0.47,3.67,157.0,False,,True,False,False
601606.SSE,长城军工,2025-07-22,2025-07,2板补涨阳,False,,U坑内,,False,封D1负,-0.71,-7.86,-7.86,-8.45,-16.58,9.75,15,+++,2,0.14,2.36,98.0,False,,True,False,False
601611.SSE,中国核建,2026-01-12,2026-01,2板补涨阳,False,,无U,,True,封D1负,0.75,-9.98,-9.98,7.09,7.09,0.0,2,+++,2,7.09,2.89,79.0,False,,True,False,False
601611.SSE,中国核建,2026-01-22,2026-01,2板补涨阳,False,,无U,,False,炸板,-3.77,-3.6,-3.6,-3.07,-3.07,0.0,10,-++,2,-0.18,0.85,72.0,False,,False,False,False
601616.SSE,广电电气,2025-01-14,2025-01,2板补涨阳,True,坑底首阳,U坑内,,False,封D1正,1.51,0.76,0.76,-21.35,-21.35,0.0,10,-+-,2,-1.63,1.09,42.0,False,,True,False,False
601616.SSE,广电电气,2025-03-12,2025-03,2板补涨阳,False,,U坑内,,False,封D1负,0.39,-2.92,-2.92,-6.05,-12.9,7.87,16,+++,2,1.53,0.0,45.0,False,,True,False,False
601696.SSE,中银证券,2025-07-29,2025-07,2板补涨阳,False,,U突破,,True,炸板,-3.17,-10.3,-10.3,25.23,-4.75,31.48,12,+++,2,7.93,2.05,48.0,False,,False,False,False
601700.SSE,风范股份,2025-12-29,2025-12,2板补涨阳,False,,U坑内,,False,封D1负,-2.76,-6.66,-6.66,-9.09,-14.77,6.67,10,-++,2,1.82,0.73,69.0,False,,True,False,False
601777.SSE,千里科技,2024-11-08,2024-11,2板补涨阳,False,,U突破,,True,炸板,-0.87,-3.61,-3.61,6.26,-5.62,12.58,8,+++,2,2.21,2.7,157.0,False,,False,False,False
601798.SSE,蓝科高新,2025-05-19,2025-05,2板补涨阳,False,,U突破,,True,炸板,-4.04,-1.26,-1.26,0.7,-6.28,7.45,18,+++,2,1.12,0.7,51.0,False,,False,False,False
601869.SSE,长飞光纤,2025-02-24,2025-02,2板补涨阳,False,,U突破,,True,封D1正,-4.98,0.82,0.82,1.3,-4.3,5.86,15,-++,2,5.23,1.06,82.0,False,,True,False,False
601869.SSE,长飞光纤,2025-12-22,2025-12,2板补涨阳,False,,无U,,True,封D1负,-1.65,-0.77,-0.77,6.89,6.89,0.0,2,+++,2,6.89,3.04,65.0,False,,True,False,False
601869.SSE,长飞光纤,2026-03-02,2026-03,2板补涨阳,False,,无U,,True,炸板,-4.68,-7.25,-7.25,9.38,0.9,8.4,8,+++,2,-2.07,2.81,69.0,False,,False,False,False
601869.SSE,长飞光纤,2026-03-10,2026-03,2板补涨阳,False,,无U,,True,封D1正,5.0,7.25,7.25,0.2,0.2,0.0,14,-++,2,-0.61,0.0,34.0,False,,True,False,False
601869.SSE,长飞光纤,2026-03-30,2026-03,2板补涨阳,False,,无U,,True,封D1正,-0.56,2.59,2.59,6.87,4.77,2.0,3,+++,2,2.0,2.01,72.0,False,,True,False,False
601872.SSE,招商轮船,2026-03-02,2026-03,2板补涨阳,False,,无U,,True,连板,5.82,10.02,-0.84,10.1,5.76,4.1,3,+++,2,4.1,1.09,69.0,True,01,True,True,False
601881.SSE,中国银河,2025-03-12,2025-03,2板补涨阳,True,坑中纠缠,U坑内,,False,炸板,-3.75,-1.57,-1.57,-8.92,-11.17,2.53,9,-++,2,-0.25,0.68,45.0,False,,False,False,False
601901.SSE,方正证券,2023-11-10,2023-11,2板补涨阳,False,,U突破,,False,炸板,-6.74,-9.28,-9.28,-2.21,-4.52,2.42,3,+++,2,2.42,2.64,25.0,False,,False,False,False
601933.SSE,永辉超市,2024-12-12,2024-12,2板补涨阳,False,,无U,,True,封D1正,-2.45,3.03,3.03,13.9,-1.08,15.15,8,+++,2,4.64,3.15,119.0,False,,True,False,False
603001.SSE,奥康国际,2025-07-25,2025-07,2板补涨阳,False,,U突破,,True,炸板,-4.76,-11.74,-11.74,-3.18,-5.54,2.5,8,+++,2,1.36,0.25,61.0,False,,False,False,False
603001.SSE,奥康国际,2025-08-06,2025-08,2板补涨阳,False,,U突破,,True,封D1负,0.0,-2.13,-2.13,5.78,-6.01,12.55,16,+++,2,4.55,0.23,44.0,False,,True,False,False
603006.SSE,联明股份,2023-12-05,2023-12,2板补涨阳,False,,U坑内,,False,连板,7.89,10.01,1.92,-9.62,-11.39,2.0,4,+++,2,2.0,1.92,47.0,True,01,True,True,False
603014.SSE,威高血净,2026-06-17,2026-06,2板补涨阳,False,,U坑内,,False,炸板,-2.22,-2.5,-2.5,-4.52,-4.52,0.0,3,+--,2,-0.51,1.17,105.0,False,,False,False,False
603015.SSE,弘讯科技,2024-03-01,2024-03,2板补涨阳,False,,无U,,True,炸板,-5.13,-4.53,-4.53,19.44,2.35,16.69,9,++-,2,6.87,0.14,82.0,False,,False,False,False
603016.SSE,新宏泰,2024-10-14,2024-10,2板补涨阳,False,,U突破,,True,连板,-0.29,10.01,3.37,41.96,-7.04,52.71,14,+++,2,9.25,0.75,28.0,True,02,True,True,False
603016.SSE,新宏泰,2024-10-22,2024-10,2板补涨阳,False,,U突破,,False,炸板,-3.01,6.88,0.52,-1.3,-6.86,5.97,5,+++,2,5.97,2.18,89.0,False,,False,True,False
603016.SSE,新宏泰,2024-10-23,2024-10,2板补涨阳,False,,U突破,,True,封D1负,-3.22,-5.94,-5.94,5.46,-6.86,13.24,6,+++,2,6.85,3.14,85.0,False,,True,False,False
603017.SSE,中衡设计,2026-05-08,2026-05,2板补涨阳,False,,U突破,,True,炸板,-6.69,-9.55,-9.55,3.52,-11.07,16.4,10,-+-,2,2.8,0.64,91.0,False,,False,False,False
603019.SSE,中科曙光,2025-09-11,2025-09,2板补涨阳,True,坑中纠缠,U坑内,,True,封D1正,3.14,6.39,6.39,-8.11,-12.76,5.33,13,-++,2,3.18,2.32,44.0,False,,True,False,False
603019.SSE,中科曙光,2025-09-16,2025-09,2板补涨阳,False,,U突破,,True,炸板,-4.05,-3.74,-3.74,12.46,-12.76,28.91,16,+++,2,4.58,2.16,56.0,False,,False,False,False
603023.SSE,威帝股份,2025-12-16,2025-12,2板补涨阳,True,坑底首阳,U坑内,,False,封D1负,0.0,-7.35,-7.35,-13.76,-14.31,0.64,5,+++,2,0.64,2.78,53.0,False,,True,False,False
603023.SSE,威帝股份,2026-01-06,2026-01,2板补涨阳,False,,U坑内,,True,封D1负,3.02,-0.89,-0.89,-11.72,-13.28,1.79,10,-++,2,1.79,1.39,74.0,False,,True,False,False
603023.SSE,威帝股份,2026-01-15,2026-01,2板补涨阳,False,,U坑内,,True,封D1负,7.24,-0.34,-0.34,-6.9,-13.28,7.36,17,+-+,2,-0.74,1.65,79.0,False,,True,False,False
603026.SSE,石大胜华,2025-10-30,2025-10,2板补涨阳,False,,U突破,,True,封D1正,0.0,1.75,1.75,11.6,-5.15,17.67,16,-++,2,-0.45,3.69,49.0,False,,True,False,False
603026.SSE,石大胜华,2026-04-14,2026-04,2板补涨阳,False,,U坑内,,True,封D1正,5.56,0.13,0.13,-4.57,-17.51,15.68,11,-++,2,5.17,1.87,52.0,False,,True,False,False
603032.SSE,德新科技,2024-01-17,2024-01,2板补涨阳,False,,U坑内,,False,炸板,-8.24,-0.42,-0.42,-5.75,-6.36,0.65,5,+++,2,0.65,1.63,29.0,False,,False,False,False
603032.SSE,德新科技,2024-03-11,2024-03,2板补涨阳,False,,U突破,,True,封D1正,0.71,2.24,2.24,3.8,-6.52,11.05,19,-++,2,3.47,0.27,52.0,False,,True,False,False
603032.SSE,德新科技,2024-07-19,2024-07,2板补涨阳,False,,U坑内,,False,炸板,-4.76,-6.03,-6.03,-5.64,-5.64,0.0,5,++-,2,-2.0,0.24,29.0,False,,False,False,False
603032.SSE,德新科技,2024-07-31,2024-07,2板补涨阳,False,,U坑内,,False,封D1正,1.54,2.49,2.49,-4.02,-6.56,2.73,13,-++,2,-0.48,2.16,51.0,False,,True,False,False
603032.SSE,德新科技,2024-09-30,2024-09,2板补涨阳,False,,U突破,,True,炸板,9.92,9.52,9.52,2.27,-10.9,14.79,11,+++,2,6.13,3.64,107.0,False,,False,False,False
603033.SSE,三维股份,2026-07-02,2026-07,2板补涨阳,False,,无U,,False,炸板,-5.0,-9.46,-9.46,-0.5,-0.5,0.0,2,+--,2,-0.5,1.49,130.0,False,,False,False,False
603039.SSE,泛微网络,2026-08-05,2026-08,2板补涨阳,False,,无U,,True,炸板,-4.38,7.6,-0.11,10.85,6.07,4.51,3,++-,2,4.51,2.37,123.0,False,,False,True,False
603039.SSE,泛微网络,2026-08-06,2026-08,2板补涨阳,False,,无U,,True,封D1负,-2.24,-7.17,-7.17,19.29,6.07,12.47,4,++-,2,7.62,2.39,93.0,False,,True,False,False
603052.SSE,可川科技,2024-03-18,2024-03,2板补涨阳,False,,U突破,,True,封D1负,2.14,-0.97,-0.97,-3.7,-6.6,3.1,11,-++,2,1.42,0.0,56.0,False,,True,False,False
603061.SSE,金海通,2024-10-17,2024-10,2板补涨阳,False,,U坑内,,False,连板,1.17,10.0,12.93,-6.53,-7.77,1.35,7,+++,2,-1.16,0.94,67.0,True,02,True,True,False
603065.SSE,宿迁联盛,2025-06-10,2025-06,2板补涨阳,True,坑底首阳,U坑内,,False,封D1正,4.14,1.31,1.31,-8.35,-10.08,1.93,9,-++,2,1.93,0.23,54.0,False,,True,False,False
603065.SSE,宿迁联盛,2026-06-17,2026-06,2板补涨阳,False,,无U,,True,炸板,-6.86,-1.76,-1.76,26.31,8.04,16.91,5,+++,2,7.84,2.16,105.0,False,,False,False,False
603065.SSE,宿迁联盛,2026-06-22,2026-06,2板补涨阳,False,,无U,,True,封D1正,-1.05,4.19,4.19,36.54,8.04,26.38,7,+++,2,5.47,3.78,75.0,False,,True,False,False
603066.SSE,音飞储存,2024-01-26,2024-01,2板补涨阳,False,,无U,,True,炸板,-13.83,-2.77,-2.77,1.87,-3.17,5.21,5,+++,2,1.07,3.43,90.0,False,,False,False,False
603067.SSE,振华股份,2025-11-06,2025-11,2板补涨阳,False,,无U,,True,封D1正,1.24,0.3,0.3,25.48,0.92,24.34,5,+++,2,7.23,2.78,54.0,False,,True,False,False
603068.SSE,博通集成,2025-01-15,2025-01,2板补涨阳,False,,U坑内,,False,连板,1.53,10.01,0.03,-5.53,-9.99,4.95,3,+--,2,4.95,1.16,111.0,True,01,True,True,False
603068.SSE,博通集成,2025-01-21,2025-01,2板补涨阳,False,,U坑内,,False,封D1负,-0.99,-2.17,-2.17,-6.75,-9.08,2.56,3,++-,2,2.56,3.86,62.0,False,,True,False,False
603068.SSE,博通集成,2025-01-27,2025-01,2板补涨阳,False,,U突破,,False,封D1正,3.53,1.38,1.38,-3.77,-9.08,5.84,7,+++,2,1.8,2.19,53.0,False,,True,False,False
603072.SSE,天和磁材,2025-05-06,2025-05,2板补涨阳,False,,U坑内,,True,封D1正,1.51,1.81,1.81,-9.45,-12.28,3.23,19,--+,2,0.33,1.58,56.0,False,,True,False,False
603077.SSE,和邦生物,2026-03-12,2026-03,2板补涨阳,False,,无U,,True,封D1负,0.0,-1.5,-1.5,5.21,-3.12,8.6,11,+++,2,3.77,2.05,48.0,False,,True,False,False
603082.SSE,北自科技,2024-02-23,2024-02,2板补涨阳,False,,无U,,True,连板,9.99,9.99,13.05,5.77,5.77,0.0,3,,2,-1.67,2.61,56.0,True,01,True,True,False
603082.SSE,北自科技,2025-02-18,2025-02,2板补涨阳,True,坑中纠缠,U坑内,,False,封D1正,-1.0,4.28,4.28,-5.09,-8.85,4.12,15,-++,2,2.41,0.31,74.0,False,,True,False,False
603083.SSE,剑桥科技,2023-10-26,2023-10,2板补涨阳,False,,U坑内,,True,炸板,-5.45,-5.91,-5.91,-32.51,-32.51,0.0,17,--+,2,-1.33,1.71,52.0,False,,False,False,False
603083.SSE,剑桥科技,2025-09-25,2025-09,2板补涨阳,False,,无U,,False,封D1正,2.51,6.55,6.55,11.85,7.4,4.15,9,+++,2,-1.24,0.92,64.0,False,,True,False,False
603093.SSE,南华期货,2024-09-30,2024-09,2板补涨阳,False,,无U,,True,连板,9.98,9.98,-0.98,3.35,1.72,1.61,3,+++,2,1.61,1.44,107.0,True,01,True,True,False
603093.SSE,南华期货,2025-07-09,2025-07,2板补涨阳,False,,U突破,,True,连板,-0.7,10.02,8.93,-3.96,-9.43,6.05,9,-++,2,-0.62,2.9,57.0,True,05,True,True,False
603095.SSE,越剑智能,2024-11-05,2024-11,2板补涨阳,False,,无U,,True,封D1正,2.21,2.5,2.5,1.82,-3.87,5.92,7,+++,2,3.02,3.26,122.0,False,,True,False,False
603095.SSE,越剑智能,2026-08-25,2026-08,2板补涨阳,False,,U坑内,,False,封D1正,2.93,1.77,1.77,-9.25,-15.58,7.5,6,+++,2,-2.29,1.97,41.0,False,,True,False,False
603098.SSE,森特股份,2025-08-25,2025-08,2板补涨阳,False,,无U,,True,连板,3.05,9.98,-0.81,5.77,-2.05,7.98,7,+++,2,6.95,3.04,55.0,True,02,True,True,False
603098.SSE,森特股份,2025-09-08,2025-09,2板补涨阳,False,,U坑内,,False,封D1正,4.66,4.85,4.85,-12.04,-18.21,7.55,9,-++,2,7.47,0.38,71.0,False,,True,False,False
603099.SSE,长白山,2023-07-12,2023-07,2板补涨阳,False,,U突破,,True,炸板,-2.09,-2.29,-2.29,1.68,-6.29,8.5,11,+++,2,-1.49,1.63,26.0,False,,False,False,False
603099.SSE,长白山,2024-05-29,2024-05,2板补涨阳,True,坑底首阳,U坑内,,False,炸板,-5.15,-6.66,-6.66,-13.94,-13.94,0.0,6,+++,2,-0.91,3.09,18.0,False,,False,False,False
603101.SSE,汇嘉时代,2024-12-04,2024-12,2板补涨阳,False,,无U,,True,封D1正,9.89,2.3,2.3,12.04,1.98,9.86,16,-++,2,4.08,2.5,92.0,False,,True,False,False
603103.SSE,横店影视,2024-12-16,2024-12,2板补涨阳,False,,U突破,,True,炸板,-8.94,-14.85,-14.85,0.12,-9.6,10.76,13,+++,2,0.43,3.17,84.0,False,,False,False,False
603106.SSE,恒银科技,2025-02-07,2025-02,2板补涨阳,False,,U突破,,True,炸板,-3.58,-3.07,-3.07,-0.56,-6.38,6.22,12,-+-,2,2.66,0.12,71.0,False,,False,False,False
603108.SSE,润达医疗,2023-10-27,2023-10,2板补涨阳,True,坑中纠缠,U坑内,,True,连板,7.25,9.99,10.04,-6.33,-11.85,6.26,12,-++,2,6.26,3.72,34.0,True,02,True,True,False
603108.SSE,润达医疗,2023-11-09,2023-11,2板补涨阳,False,,无U,,True,封D1正,5.2,3.32,3.32,12.63,-0.71,13.44,8,+++,2,4.91,3.21,41.0,False,,True,False,False
603109.SSE,神驰机电,2025-03-18,2025-03,2板补涨阳,False,,U坑内,,False,封D1负,0.15,-3.26,-3.26,-4.01,-17.63,16.53,14,+++,2,4.73,0.49,54.0,False,,True,False,False
603110.SSE,东方材料,2025-04-30,2025-04,2板补涨阳,False,,U突破,,True,炸板,-5.3,-3.72,-3.72,1.48,-8.7,11.15,10,-+-,2,4.45,3.1,49.0,False,,False,False,False
603111.SSE,康尼机电,2024-03-07,2024-03,2板补涨阳,True,坑底首阳,U坑内,,False,封D1正,0.16,2.11,2.11,-16.07,-17.42,1.64,7,-+-,2,1.64,1.09,63.0,False,,True,False,False
603111.SSE,康尼机电,2025-01-21,2025-01,2板补涨阳,False,,U坑内,,False,炸板,-6.46,-7.14,-7.14,-6.89,-8.02,1.22,5,++-,2,1.22,1.07,62.0,False,,False,False,False
603115.SSE,海星股份,2026-05-18,2026-05,2板补涨阳,False,,无U,,True,连板,3.57,10.0,17.15,41.34,6.22,33.06,15,+++,2,7.45,1.21,46.0,True,05,True,True,False
603115.SSE,海星股份,2026-05-21,2026-05,2板补涨阳,False,,无U,,True,炸板,-0.48,8.39,6.44,6.5,6.5,0.0,2,+++,2,6.5,1.58,51.0,False,,False,True,False
603115.SSE,海星股份,2026-05-22,2026-05,2板补涨阳,False,,无U,,True,封D1负,4.13,-1.8,-1.8,15.44,6.5,8.4,3,+++,2,8.4,1.61,32.0,False,,True,False,False
603118.SSE,共进股份,2025-02-06,2025-02,2板补涨阳,False,,U坑内,,True,炸板,-3.19,-1.45,-1.45,-19.09,-20.81,2.17,14,--+,2,2.17,0.22,51.0,False,,False,False,False
603118.SSE,共进股份,2026-07-28,2026-07,2板补涨阳,False,,无U,,True,炸板,-2.36,-6.62,-6.62,-1.34,-3.96,2.73,4,+++,2,2.73,3.55,101.0,False,,False,False,False
603118.SSE,共进股份,2026-08-05,2026-08,2板补涨阳,True,坑中纠缠,U坑内,,True,炸板,-6.94,-1.4,-1.4,-16.99,-19.73,3.41,10,-++,2,3.41,0.46,123.0,False,,False,False,False
603122.SSE,合富中国,2024-02-20,2024-02,2板补涨阳,False,,U坑内,,False,封D1负,0.0,-1.25,-1.25,-29.23,-35.32,9.42,12,---,2,3.38,1.07,186.0,False,,True,False,False
603122.SSE,合富中国,2024-08-27,2024-08,2板补涨阳,True,坑底首阳,U坑内,,False,封D1负,-3.84,-5.06,-5.06,-19.97,-19.97,0.0,6,-++,2,-0.38,0.76,34.0,False,,True,False,False
603123.SSE,翠微股份,2025-12-29,2025-12,2板补涨阳,False,,U突破,,True,封D1正,5.99,2.18,2.18,3.19,-4.75,8.33,8,+++,2,3.85,1.21,69.0,False,,True,False,False
603130.SSE,云中马,2025-08-14,2025-08,2板补涨阳,False,,无U,,False,炸板,-8.04,-8.06,-8.06,-0.49,-3.11,2.71,5,+++,2,1.46,1.17,80.0,False,,False,False,False
603138.SSE,海量数据,2026-03-09,2026-03,2板补涨阳,False,,U坑内,,True,封D1正,3.99,3.48,3.48,-6.41,-10.21,4.23,11,-++,2,-0.14,2.64,65.0,False,,True,False,False
603150.SSE,万朗磁塑,2025-02-25,2025-02,2板补涨阳,False,,无U,,True,炸板,-3.6,-2.54,-2.54,13.95,-1.67,15.88,12,+++,2,2.67,1.48,66.0,False,,False,False,False
603153.SSE,上海建科,2024-02-20,2024-02,2板补涨阳,False,,U坑内,,False,封D1正,-0.5,1.06,1.06,-25.33,-32.45,10.54,12,---,2,4.2,1.59,186.0,False,,True,False,False
603155.SSE,新亚强,2026-06-26,2026-06,2板补涨阳,False,,U坑内,,False,连板,2.6,9.98,12.79,-8.28,-16.2,9.45,10,-++,2,1.05,1.36,77.0,True,02,True,True,False
603155.SSE,新亚强,2026-07-10,2026-07,2板补涨阳,True,坑底首阳,U坑内,,False,封D1负,-5.66,-10.01,-10.01,-7.75,-7.82,0.08,9,-++,2,0.08,2.96,63.0,False,,True,False,False
603158.SSE,腾龙股份,2023-10-25,2023-10,2板补涨阳,False,,U坑内,,False,炸板,-3.19,-0.82,-0.82,-11.69,-12.89,1.38,4,+++,2,1.38,3.21,52.0,False,,False,False,False
603158.SSE,腾龙股份,2023-11-06,2023-11,2板补涨阳,False,,U突破,,True,封D1正,8.95,1.86,1.86,7.59,-12.89,23.51,12,+++,2,6.63,3.17,35.0,False,,True,False,False
603160.SSE,汇顶科技,2024-10-18,2024-10,2板补涨阳,False,,无U,,True,封D1正,4.2,2.72,2.72,7.98,-3.37,11.74,8,+++,2,3.37,3.08,41.0,False,,True,False,False
603161.SSE,科华控股,2024-04-30,2024-04,2板补涨阳,False,,U突破,,True,炸板,-2.08,-1.31,-1.31,1.12,-5.61,7.13,8,+-+,2,2.27,0.0,90.0,False,,False,False,False
603162.SSE,海通发展,2023-09-13,2023-09,2板补涨阳,False,,U坑内,,True,封D1负,-0.21,-4.66,-4.66,-24.28,-25.65,1.84,17,--+,2,0.23,0.29,24.0,False,,True,False,False
603162.SSE,海通发展,2025-10-28,2025-10,2板补涨阳,False,,U突破,,True,封D1负,3.26,-5.19,-5.19,-3.21,-5.26,2.16,7,+++,2,-0.28,1.38,45.0,False,,True,False,False
603162.SSE,海通发展,2025-11-14,2025-11,2板补涨阳,False,,U突破,,False,炸板,-4.6,1.87,1.87,4.01,-5.26,9.78,20,+++,2,1.04,1.3,73.0,False,,False,False,False
603166.SSE,福达股份,2025-03-12,2025-03,2板补涨阳,False,,无U,,True,封D1负,0.21,-10.02,-10.02,-1.08,-2.55,1.51,4,+++,2,-1.99,3.07,45.0,False,,True,False,False
603166.SSE,福达股份,2025-03-17,2025-03,2板补涨阳,False,,无U,,False,封D1正,9.94,4.37,4.37,-0.23,-2.55,2.38,7,+++,2,1.9,1.34,66.0,False,,True,False,False
603169.SSE,兰石重装,2025-11-24,2025-11,2板补涨阳,False,,U突破,,False,炸板,-3.17,-6.08,-6.08,0.66,-7.31,8.6,14,-++,2,1.63,1.44,23.0,False,,False,False,False
603172.SSE,万丰股份,2024-07-05,2024-07,2板补涨阳,False,,U突破,,False,炸板,-6.17,-6.11,-6.11,-0.76,-7.79,7.62,18,+++,2,2.98,2.55,10.0,False,,False,False,False
603186.SSE,华正新材,2024-03-08,2024-03,2板补涨阳,False,,无U,,True,封D1负,1.84,-2.86,-2.86,18.76,2.35,16.03,14,-+-,2,0.63,3.4,44.0,False,,True,False,False
603186.SSE,华正新材,2024-03-18,2024-03,2板补涨阳,False,,无U,,False,封D1负,1.24,-0.9,-0.9,29.61,2.35,26.63,20,+++,2,5.21,0.48,56.0,False,,True,False,False
603186.SSE,华正新材,2026-06-12,2026-06,2板补涨阳,False,,无U,,True,炸板,-4.78,-0.05,27.05,13.87,9.15,4.32,3,+++,2,4.32,2.47,55.0,False,,False,True,False
603186.SSE,华正新材,2026-08-07,2026-08,2板补涨阳,False,,无U,,True,封D1正,4.9,6.29,6.29,8.96,8.96,0.0,2,---,2,8.96,1.04,69.0,False,,True,False,False
603188.SSE,亚邦股份,2025-04-11,2025-04,2板补涨阳,False,,U坑内,,True,连板,5.48,9.92,7.57,-15.74,-16.95,1.46,6,-++,2,1.46,2.92,125.0,True,02,True,True,False
603203.SSE,快克智能,2026-05-25,2026-05,2板补涨阳,False,,U突破,,True,封D1正,5.97,3.5,3.5,-1.67,-4.03,2.46,8,+++,2,2.46,0.85,99.0,False,,True,False,False
603206.SSE,嘉环科技,2026-06-08,2026-06,2板补涨阳,True,坑底首阳,U坑内,,False,封D1正,6.71,5.47,5.47,-26.53,-28.06,2.12,14,--+,2,2.12,1.85,63.0,False,,True,False,False
603214.SSE,爱婴室,2025-04-10,2025-04,2板补涨阳,False,,U坑内,,True,封D1负,-2.16,-3.47,-3.47,-4.78,-16.4,13.89,17,+-+,2,3.53,3.16,87.0,False,,True,False,False
603220.SSE,中贝通信,2023-09-12,2023-09,2板补涨阳,False,,无U,,True,炸板,-19.55,-19.78,-19.78,8.82,2.5,6.16,9,+++,2,1.26,3.48,20.0,False,,False,False,False
603220.SSE,中贝通信,2023-09-22,2023-09,2板补涨阳,False,,U突破,,True,封D1正,1.35,7.69,7.69,-3.73,-8.14,4.8,17,--+,2,2.67,0.64,13.0,False,,True,False,False
603220.SSE,中贝通信,2023-11-07,2023-11,2板补涨阳,True,坑中纠缠,U坑内,,True,封D1负,4.4,-2.7,-2.7,-9.27,-15.15,6.93,9,-++,2,6.93,0.58,47.0,False,,True,False,False
603220.SSE,中贝通信,2024-10-30,2024-10,2板补涨阳,False,,U突破,,False,炸板,-1.82,-3.11,-3.11,-2.2,-15.16,15.27,16,+++,2,3.09,2.36,93.0,False,,False,False,False
603222.SSE,济民健康,2026-07-09,2026-07,2板补涨阳,False,,无U,,True,封D1负,3.56,-2.37,-2.37,8.88,-3.43,12.75,7,++-,2,6.24,3.0,41.0,False,,True,False,False
603236.SSE,移远通信,2024-12-26,2024-12,2板补涨阳,False,,U突破,,True,封D1负,0.31,-2.61,-2.61,1.9,-13.37,17.63,11,+++,2,2.1,2.18,31.0,False,,True,False,False
603238.SSE,诺邦股份,2025-03-25,2025-03,2板补涨阳,True,坑底首阳,U坑内,,False,封D1正,0.0,3.72,3.72,-7.57,-7.57,0.0,6,+++,2,-1.37,3.08,38.0,False,,True,False,False
603238.SSE,诺邦股份,2025-04-02,2025-04,2板补涨阳,False,,U突破,,True,封D1正,-3.19,1.77,1.77,-1.16,-7.57,6.94,12,+++,2,1.38,1.97,43.0,False,,True,False,False
603256.SSE,宏和科技,2024-12-12,2024-12,2板补涨阳,False,,U突破,,True,封D1负,2.98,-2.08,-2.08,0.7,-5.21,6.23,10,+++,2,2.03,0.3,119.0,False,,True,False,False
603256.SSE,宏和科技,2025-07-28,2025-07,2板补涨阳,False,,U坑内,,True,封D1负,2.36,-0.51,-0.51,-4.8,-8.89,4.48,14,+++,2,-0.42,0.19,40.0,False,,True,False,False
603256.SSE,宏和科技,2025-11-25,2025-11,2板补涨阳,False,,U坑内,,False,封D1正,0.25,6.3,6.3,-31.44,-33.5,3.09,19,--+,2,3.09,0.57,56.0,False,,True,False,False
603256.SSE,宏和科技,2026-02-10,2026-02,2板补涨阳,False,,无U,,True,炸板,0.48,6.24,14.19,20.18,-0.48,20.76,13,+++,2,7.3,1.36,70.0,False,,False,True,False
603256.SSE,宏和科技,2026-02-11,2026-02,2板补涨阳,False,,无U,,True,连板,5.0,10.0,7.49,27.66,-0.48,28.28,14,+++,2,6.23,3.77,48.0,True,02,True,True,False
603261.SSE,立航科技,2026-06-26,2026-06,2板补涨阳,False,,无U,,True,封D1负,4.9,-8.02,-8.02,16.15,4.29,11.37,5,+++,2,6.12,3.22,77.0,False,,True,False,False
603261.SSE,立航科技,2026-08-13,2026-08,2板补涨阳,False,,无U,,True,封D1负,1.1,-2.21,-2.21,4.45,-2.0,6.58,8,++-,2,6.58,1.76,86.0,False,,True,False,False
603266.SSE,天龙股份,2023-10-24,2023-10,2板补涨阳,True,坑底首阳,U坑内,,False,炸板,-6.8,5.66,124.3,-13.4,-15.31,2.25,6,+++,2,2.25,2.51,31.0,False,,False,True,False
603267.SSE,鸿远电子,2024-10-21,2024-10,2板补涨阳,False,,U突破,,False,封D1正,-0.07,2.53,2.53,-2.69,-12.59,11.33,9,-++,2,2.22,3.07,77.0,False,,True,False,False
603270.SSE,金帝股份,2025-03-06,2025-03,2板补涨阳,False,,U坑内,,True,封D1正,-1.62,3.78,3.78,-6.25,-15.34,10.73,17,-++,2,1.6,1.52,55.0,False,,True,False,False
603273.SSE,天元智能,2023-12-20,2023-12,2板补涨阳,True,坑底首阳,U坑内,,False,封D1负,-3.45,-3.45,-3.45,-30.68,-32.47,2.65,19,---,2,2.65,0.66,19.0,False,,True,False,False
603286.SSE,日盈电子,2024-03-13,2024-03,2板补涨阳,False,,U坑内,,False,封D1正,0.58,6.96,6.96,-10.31,-16.56,7.49,11,++-,2,3.75,1.1,57.0,False,,True,False,False
603286.SSE,日盈电子,2024-03-26,2024-03,2板补涨阳,False,,U突破,,True,炸板,-1.58,-4.06,-4.06,1.43,-16.56,21.56,20,+++,2,-0.09,2.54,36.0,False,,False,False,False
603286.SSE,日盈电子,2025-02-11,2025-02,2板补涨阳,False,,U突破,,False,封D1正,-4.39,2.25,2.25,-3.35,-10.83,8.39,6,+++,2,2.68,0.75,85.0,False,,True,False,False
603297.SSE,永新光学,2024-11-06,2024-11,2板补涨阳,False,,无U,,True,炸板,-6.02,-9.03,-9.03,7.43,7.43,0.0,3,+++,2,-2.31,1.7,139.0,False,,False,False,False
603301.SSE,振德医疗,2025-10-09,2025-10,2板补涨阳,False,,无U,,True,连板,3.41,9.99,17.75,30.92,6.9,22.47,13,+++,2,7.17,0.92,39.0,True,02,True,True,False
603301.SSE,振德医疗,2025-10-28,2025-10,2板补涨阳,False,,无U,,True,封D1正,3.4,6.71,6.71,30.34,7.05,21.76,12,+++,2,-1.89,0.95,45.0,False,,True,False,False
603305.SSE,旭升集团,2026-01-22,2026-01,2板补涨阳,False,,U坑内,,True,封D1正,1.78,6.02,6.02,-12.33,-12.33,0.0,8,-++,2,-0.43,2.27,72.0,False,,True,False,False
603306.SSE,华懋科技,2024-10-21,2024-10,2板补涨阳,False,,U突破,,False,封D1正,-1.08,3.59,3.59,-1.38,-12.57,12.8,9,+++,2,5.94,1.94,77.0,False,,True,False,False
603306.SSE,华懋科技,2026-08-07,2026-08,2板补涨阳,False,,无U,,True,炸板,4.98,5.05,5.05,0.06,0.06,0.0,2,---,2,0.06,2.19,69.0,False,,False,False,False
603311.SSE,金海高科,2024-04-30,2024-04,2板补涨阳,False,,U突破,,False,连板,10.0,10.0,3.37,-1.55,-6.08,4.82,8,+--,2,2.89,0.0,90.0,True,02,True,True,False
603315.SSE,福鞍股份,2025-03-06,2025-03,2板补涨阳,True,坑底首阳,U坑内,,False,封D1正,1.95,0.9,0.9,-18.21,-20.36,2.71,10,-++,2,0.75,1.0,55.0,False,,True,False,False
603315.SSE,福鞍股份,2026-05-07,2026-05,2板补涨阳,True,坑底首阳,U坑内,,False,封D1正,1.11,0.53,0.53,-7.24,-9.23,2.2,11,-++,2,2.2,0.95,88.0,False,,True,False,False
603316.SSE,诚邦股份,2024-10-08,2024-10,2板补涨阳,False,,无U,,True,封D1负,0.55,-2.19,-2.19,7.81,-2.6,10.69,6,+++,2,7.34,1.3,626.0,False,,True,False,False
603322.SSE,超讯科技,2023-04-25,2023-04,2板补涨阳,False,,无U,,True,连板,4.77,9.99,1.49,3.57,-1.87,5.54,4,,2,5.54,3.46,29.0,True,01,True,True,False
603322.SSE,超讯科技,2023-05-19,2023-05,2板补涨阳,False,,U突破,,True,封D1负,1.98,-0.13,-0.13,19.97,-7.73,30.01,14,+++,2,5.99,1.11,30.0,False,,True,False,False
603324.SSE,盛剑科技,2026-06-11,2026-06,2板补涨阳,False,,U坑内,,False,封D1负,3.81,-0.21,-0.21,-10.32,-15.84,6.55,9,-++,2,2.77,2.34,63.0,False,,True,False,False
603324.SSE,盛剑科技,2026-06-17,2026-06,2板补涨阳,False,,U突破,,True,连板,0.05,10.01,6.69,3.88,-15.84,23.42,13,+++,2,3.97,0.76,105.0,True,02,True,True,False
603324.SSE,盛剑科技,2026-06-24,2026-06,2板补涨阳,False,,U坑内,,False,封D1正,4.24,5.43,5.43,-4.45,-4.45,0.0,3,+++,2,-1.48,2.2,87.0,False,,True,False,False
603332.SSE,苏州龙杰,2024-01-02,2024-01,2板补涨阳,False,,U坑内,,False,连板,6.58,9.99,-1.03,-8.83,-8.83,0.0,5,+++,2,-0.95,1.64,54.0,True,01,True,True,False
603333.SSE,福华尚纬,2024-12-13,2024-12,2板补涨阳,False,,U突破,,True,封D1负,-1.81,-5.61,-5.61,-0.98,-11.61,12.03,15,+++,2,2.44,1.02,119.0,False,,True,False,False
603353.SSE,和顺石油,2024-12-23,2024-12,2板补涨阳,True,坑底首阳,U坑内,,False,封D1正,1.38,2.39,2.39,-13.39,-13.79,0.46,12,-++,2,0.46,1.45,68.0,False,,True,False,False
603357.SSE,设计总院,2024-04-17,2024-04,2板补涨阳,False,,U坑内,,True,连板,4.95,9.99,14.75,-8.44,-13.61,5.99,17,-++,2,-0.1,3.03,16.0,True,02,True,True,False
603358.SSE,华达科技,2024-04-15,2024-04,2板补涨阳,False,,无U,,True,炸板,-18.01,-10.52,-10.52,5.7,5.7,0.0,2,+++,2,5.7,2.61,47.0,False,,False,False,False
603363.SSE,傲农生物,2025-09-15,2025-09,2板补涨阳,False,,无U,,True,封D1负,2.65,-4.3,-4.3,20.13,0.0,20.13,13,+++,2,4.77,3.05,57.0,False,,True,False,False
603367.SSE,辰欣药业,2025-07-28,2025-07,2板补涨阳,False,,无U,,True,连板,6.07,10.01,27.32,8.07,2.87,5.05,4,+++,2,5.05,3.43,40.0,True,03,True,True,False
603373.SSE,安邦护卫,2024-04-24,2024-04,2板补涨阳,False,,U坑内,,False,封D1负,-0.59,-1.98,-1.98,-25.69,-31.53,8.52,18,--+,2,1.55,0.98,36.0,False,,True,False,False
603382.SSE,海阳科技,2025-09-09,2025-09,2板补涨阳,False,,U坑内,,True,封D1负,1.5,-2.32,-2.32,-4.83,-7.08,2.42,9,-++,2,-0.19,2.02,56.0,False,,True,False,False
603386.SSE,骏亚科技,2024-07-10,2024-07,2板补涨阳,False,,U坑内,,False,连板,1.73,10.02,6.41,-13.05,-17.92,5.94,10,-++,2,2.22,0.37,36.0,True,05,True,True,False
603389.SSE,亚振家居,2024-07-12,2024-07,2板补涨阳,False,,U坑内,,True,封D1负,1.73,-2.3,-2.3,-13.35,-16.27,3.49,20,--+,2,2.6,2.6,65.0,False,,True,False,False
603389.SSE,亚振家居,2024-08-21,2024-08,2板补涨阳,True,坑底首阳,U坑内,,False,封D1负,1.74,-1.56,-1.56,-17.22,-18.33,1.35,8,-++,2,1.35,1.16,17.0,False,,True,False,False
603389.SSE,亚振家居,2024-08-30,2024-08,2板补涨阳,False,,U坑内,,True,炸板,-7.61,-6.83,-6.83,-7.58,-18.33,13.15,15,+-+,2,3.72,1.42,37.0,False,,False,False,False
603389.SSE,亚振家居,2026-08-17,2026-08,2板补涨阳,False,,U坑内,,False,封D1负,1.58,-0.6,-0.6,-5.88,-14.1,9.57,14,++-,2,0.57,1.9,51.0,False,,True,False,False
603390.SSE,通达电气,2024-06-24,2024-06,2板补涨阳,True,坑中纠缠,U坑内,,True,封D1正,0.0,1.97,1.97,-14.98,-27.3,16.96,16,+--,2,0.14,1.49,17.0,False,,True,False,False
603392.SSE,万泰生物,2024-02-22,2024-02,2板补涨阳,False,,无U,,True,封D1正,1.86,4.2,4.2,-0.39,-1.2,0.82,5,+--,2,0.57,1.1,93.0,False,,True,False,False
603400.SSE,华之杰,2026-08-18,2026-08,2板补涨阳,False,,U坑内,,True,封D1负,0.62,-2.22,-2.22,-7.17,-13.15,6.89,14,++-,2,1.81,0.0,93.0,False,,True,False,False
603421.SSE,鼎信通讯,2024-09-18,2024-09,2板补涨阳,False,,无U,,True,封D1正,-2.53,0.36,0.36,1.0,-0.2,1.2,3,+++,2,1.2,1.81,31.0,False,,True,False,False
603421.SSE,鼎信通讯,2026-03-19,2026-03,2板补涨阳,False,,U突破,,False,炸板,-4.0,-9.09,-9.09,-1.28,-7.4,6.61,6,+++,2,1.01,1.21,45.0,False,,False,False,False
603458.SSE,勘设股份,2024-07-29,2024-07,2板补涨阳,False,,U坑内,,False,封D1正,0.88,1.42,1.42,-11.07,-11.07,0.0,3,+--,2,-1.15,1.35,44.0,False,,True,False,False
603459.SSE,红板科技,2026-07-22,2026-07,2板补涨阳,False,,U坑内,,False,炸板,0.15,5.12,5.12,-31.38,-33.98,3.94,16,--+,2,3.94,1.34,83.0,False,,False,False,False
603459.SSE,红板科技,2026-07-23,2026-07,2板补涨阳,False,,U坑内,,False,炸板,-6.67,-8.8,-8.8,-25.3,-33.98,13.15,17,--+,2,8.86,1.14,41.0,False,,False,False,False
603496.SSE,恒为科技,2023-08-02,2023-08,2板补涨阳,False,,U坑内,,False,封D1负,-0.2,-2.34,-2.34,-21.12,-24.52,4.51,12,--+,2,1.71,3.42,25.0,False,,True,False,False
603499.SSE,翔港科技,2024-02-28,2024-02,2板补涨阳,False,,无U,,True,炸板,-7.21,2.27,2.27,11.97,5.21,6.42,6,+--,2,2.65,1.42,69.0,False,,False,False,False
603499.SSE,翔港科技,2024-03-06,2024-03,2板补涨阳,False,,无U,,True,封D1正,8.03,2.49,2.49,26.74,5.21,20.46,11,++-,2,0.08,1.3,38.0,False,,True,False,False
603507.SSE,振江股份,2025-04-30,2025-04,2板补涨阳,False,,U坑内,,False,封D1正,0.87,3.89,3.89,-17.36,-24.5,9.45,18,+--,2,4.24,0.26,49.0,False,,True,False,False
603508.SSE,思维列控,2024-03-07,2024-03,2板补涨阳,False,,无U,,True,连板,-4.19,9.98,14.22,0.67,-3.52,4.34,3,+++,2,4.34,1.39,63.0,True,01,True,True,False
603516.SSE,淳中科技,2025-08-07,2025-08,2板补涨阳,False,,无U,,True,封D1正,5.17,3.69,3.69,18.61,-0.72,19.47,4,+++,2,8.6,1.4,46.0,False,,True,False,False
603516.SSE,淳中科技,2025-08-18,2025-08,2板补涨阳,False,,无U,,True,封D1负,-4.76,-10.0,-10.0,73.11,-0.72,74.37,11,+++,2,6.16,1.04,70.0,False,,True,False,False
603533.SSE,掌阅科技,2024-02-23,2024-02,2板补涨阳,False,,无U,,False,炸板,-5.92,-4.42,-4.42,-1.52,-3.73,2.3,3,+--,2,2.3,0.12,56.0,False,,False,False,False
603533.SSE,掌阅科技,2024-03-05,2024-03,2板补涨阳,False,,无U,,True,炸板,-3.9,-5.85,-5.85,6.07,-3.73,10.18,10,++-,2,0.17,0.66,61.0,False,,False,False,False
603533.SSE,掌阅科技,2024-03-11,2024-03,2板补涨阳,False,,无U,,True,连板,2.67,10.01,12.68,9.16,-3.73,13.39,14,+++,2,4.0,1.61,52.0,True,05,True,True,False
603538.SSE,美诺华,2025-07-02,2025-07,2板补涨阳,False,,无U,,True,连板,-0.65,10.01,9.79,3.74,-3.5,7.5,7,+++,2,6.9,2.18,49.0,True,02,True,True,False
603538.SSE,美诺华,2026-07-07,2026-07,2板补涨阳,False,,无U,,True,炸板,-4.83,-14.01,-14.01,5.56,-1.47,7.14,3,+--,2,7.14,2.86,60.0,False,,False,False,False
603538.SSE,美诺华,2026-07-15,2026-07,2板补涨阳,False,,U坑内,,True,封D1负,-3.08,-1.67,-1.67,-10.0,-28.74,26.29,9,-+-,2,7.42,1.36,71.0,False,,True,False,False
603556.SSE,海兴电力,2025-11-11,2025-11,2板补涨阳,False,,无U,,True,炸板,-5.82,-9.39,-9.39,5.92,-3.82,10.13,9,+++,2,0.38,0.78,56.0,False,,False,False,False
603569.SSE,长久物流,2023-08-31,2023-08,2板补涨阳,False,,U坑内,,True,炸板,-5.72,-1.39,-1.39,-19.95,-23.82,5.08,10,-++,2,1.95,2.66,25.0,False,,False,False,False
603580.SSE,艾艾精工,2026-08-20,2026-08,2板补涨阳,False,,无U,,True,封D1正,3.09,8.01,8.01,6.2,6.2,0.0,2,+++,2,6.2,3.61,32.0,False,,True,False,False
603585.SSE,苏利股份,2025-07-03,2025-07,2板补涨阳,False,,U坑内,,False,封D1正,-1.5,0.38,0.38,-19.32,-24.06,6.25,12,--+,2,-1.17,2.91,51.0,False,,True,False,False
603585.SSE,苏利股份,2026-04-03,2026-04,2板补涨阳,False,,无U,,False,封D1正,0.0,4.45,4.45,-2.32,-3.59,1.32,4,+--,2,1.32,1.23,25.0,False,,True,False,False
603585.SSE,苏利股份,2026-04-14,2026-04,2板补涨阳,False,,无U,,True,封D1负,-0.98,-5.42,-5.42,5.22,-3.59,9.14,10,++-,2,6.29,0.89,52.0,False,,True,False,False
603598.SSE,引力传媒,2024-02-26,2024-02,2板补涨阳,False,,无U,,True,封D1正,0.0,4.15,4.15,11.42,0.28,11.11,4,+--,2,5.54,3.43,79.0,False,,True,False,False
603598.SSE,引力传媒,2024-03-04,2024-03,2板补涨阳,False,,无U,,True,炸板,-6.83,-6.0,-6.0,22.28,0.28,21.94,9,++-,2,-1.29,2.3,56.0,False,,False,False,False
603598.SSE,引力传媒,2024-03-18,2024-03,2板补涨阳,False,,无U,,True,封D1负,-0.15,-3.78,-3.78,23.82,0.28,23.47,19,-++,2,0.79,1.08,56.0,False,,True,False,False
603601.SSE,再升科技,2026-03-10,2026-03,2板补涨阳,False,,U坑内,,True,炸板,-1.74,-1.27,-1.27,-11.98,-11.98,0.0,9,-++,2,-2.55,0.17,34.0,False,,False,False,False
603601.SSE,再升科技,2026-03-25,2026-03,2板补涨阳,False,,U坑内,,True,连板,9.98,9.98,7.86,-14.67,-17.82,3.83,20,--+,2,3.83,3.55,74.0,True,02,True,True,False
603601.SSE,再升科技,2026-03-30,2026-03,2板补涨阳,False,,无U,,False,封D1正,0.0,6.83,6.83,-1.93,-1.93,0.0,2,+--,2,-1.93,1.12,72.0,False,,True,False,False
603608.SSE,天创时尚,2026-01-21,2026-01,2板补涨阳,False,,U突破,,True,连板,0.09,10.05,9.22,-3.4,-13.3,11.42,13,+++,2,6.3,0.75,50.0,True,02,True,True,False
603610.SSE,麒盛科技,2025-01-08,2025-01,2板补涨阳,False,,U坑内,,True,炸板,-8.87,-5.12,-5.12,-17.17,-17.87,0.85,13,-++,2,0.85,1.89,77.0,False,,False,False,False
603615.SSE,茶花股份,2024-02-23,2024-02,2板补涨阳,False,,无U,,True,封D1正,-1.49,1.49,1.49,7.86,4.18,3.54,3,+--,2,3.54,0.82,56.0,False,,True,False,False
603617.SSE,君禾股份,2025-08-11,2025-08,2板补涨阳,False,,U坑内,,False,封D1正,7.05,1.73,1.73,-11.09,-13.35,2.61,17,+-+,2,0.77,0.13,48.0,False,,True,False,False
603618.SSE,杭电股份,2026-04-22,2026-04,2板补涨阳,False,,U突破,,True,连板,1.09,10.02,7.04,-2.85,-19.06,20.03,16,--+,2,2.0,0.59,44.0,True,05,True,True,False
603626.SSE,科森科技,2024-11-12,2024-11,2板补涨阳,True,坑中纠缠,U坑内,,True,炸板,-4.9,-2.88,-2.88,-9.72,-14.84,6.01,9,-++,2,1.66,0.98,108.0,False,,False,False,False
603629.SSE,利通电子,2023-11-07,2023-11,2板补涨阳,False,,U坑内,,False,炸板,-2.91,-5.69,-5.69,-8.72,-11.76,3.44,6,+++,2,3.44,1.57,47.0,False,,False,False,False
603629.SSE,利通电子,2023-11-14,2023-11,2板补涨阳,False,,U突破,,True,炸板,-3.47,-5.43,-5.43,0.76,-11.76,14.18,11,+++,2,5.06,2.32,31.0,False,,False,False,False
603629.SSE,利通电子,2024-02-23,2024-02,2板补涨阳,False,,无U,,True,封D1正,0.04,1.7,1.7,7.43,3.77,3.53,4,+--,2,3.53,1.44,56.0,False,,True,False,False
603629.SSE,利通电子,2024-03-13,2024-03,2板补涨阳,False,,无U,,True,炸板,-6.09,0.92,0.92,27.98,3.77,23.33,17,+++,2,2.02,0.53,57.0,False,,False,False,False
603629.SSE,利通电子,2026-02-06,2026-02,2板补涨阳,False,,无U,,True,炸板,1.1,6.59,9.37,4.91,-2.77,7.9,4,+++,2,7.9,1.8,37.0,False,,False,True,False
603629.SSE,利通电子,2026-02-09,2026-02,2板补涨阳,False,,无U,,True,封D1正,-0.1,2.61,2.61,11.84,-2.77,15.02,5,+++,2,6.6,3.41,48.0,False,,True,False,False
603629.SSE,利通电子,2026-02-11,2026-02,2板补涨阳,False,,无U,,True,封D1正,6.97,4.97,4.97,26.23,-2.77,29.82,7,+++,2,2.61,2.05,48.0,False,,True,False,False
603629.SSE,利通电子,2026-03-19,2026-03,2板补涨阳,False,,U突破,,True,封D1负,2.1,-10.0,-10.0,-3.87,-12.8,10.24,13,+++,2,6.43,0.58,45.0,False,,True,False,False
603629.SSE,利通电子,2026-04-17,2026-04,2板补涨阳,False,,无U,,True,封D1正,2.43,1.75,1.75,8.98,8.98,0.0,2,+++,2,8.98,1.02,68.0,False,,True,False,False
603629.SSE,利通电子,2026-04-23,2026-04,2板补涨阳,False,,无U,,True,炸板,-6.17,-8.07,-8.07,23.02,8.98,12.88,6,+++,2,6.93,1.96,49.0,False,,False,False,False
603629.SSE,利通电子,2026-05-06,2026-05,2板补涨阳,False,,无U,,True,封D1负,0.85,-0.36,-0.36,9.99,9.99,0.0,2,+++,2,9.99,0.01,69.0,False,,True,False,False
603630.SSE,拉芳家化,2025-06-12,2025-06,2板补涨阳,False,,U坑内,,True,封D1负,-2.58,-6.57,-6.57,-15.09,-16.22,1.35,16,--+,2,0.17,1.55,44.0,False,,True,False,False
603630.SSE,拉芳家化,2025-06-17,2025-06,2板补涨阳,False,,U坑内,,False,炸板,-7.2,-9.32,-9.32,-12.31,-16.22,4.67,19,--+,2,0.5,3.77,41.0,False,,False,False,False
603636.SSE,南威软件,2025-02-11,2025-02,2板补涨阳,False,,无U,,True,炸板,-10.71,-6.56,-6.56,7.07,2.04,4.93,4,+++,2,2.08,2.08,85.0,False,,False,False,False
603636.SSE,南威软件,2025-02-13,2025-02,2板补涨阳,False,,无U,,True,连板,5.0,9.99,1.63,10.06,2.04,7.86,6,+++,2,1.96,3.51,65.0,True,02,True,True,False
603650.SSE,彤程新材,2026-01-15,2026-01,2板补涨阳,False,,U突破,,True,封D1正,4.39,4.0,4.0,-3.91,-5.16,1.32,5,+++,2,1.32,3.4,79.0,False,,True,False,False
603660.SSE,苏州科达,2024-02-26,2024-02,2板补涨阳,False,,无U,,True,封D1正,-0.71,4.96,4.96,8.09,-0.34,8.46,4,+--,2,1.75,1.11,79.0,False,,True,False,False
603660.SSE,苏州科达,2024-03-01,2024-03,2板补涨阳,False,,无U,,True,连板,5.84,10.0,7.53,18.04,-0.34,18.44,8,+--,2,5.11,3.3,82.0,True,02,True,True,False
603660.SSE,苏州科达,2024-03-11,2024-03,2板补涨阳,False,,U突破,,True,封D1负,4.3,-5.52,-5.52,-2.72,-4.13,1.48,5,++-,2,1.48,0.37,52.0,False,,True,False,False
603662.SSE,柯力传感,2024-12-05,2024-12,2板补涨阳,False,,无U,,True,封D1正,1.16,6.29,6.29,22.1,-1.23,23.62,11,+++,2,6.89,3.11,69.0,False,,True,False,False
603662.SSE,柯力传感,2024-12-09,2024-12,2板补涨阳,False,,无U,,True,连板,3.24,10.0,16.3,42.76,-1.23,44.54,13,+++,2,6.29,3.71,94.0,True,05,True,True,False
603662.SSE,柯力传感,2025-01-08,2025-01,2板补涨阳,False,,U坑内,,True,炸板,-5.64,-2.5,-2.5,-9.8,-19.35,11.84,20,+-+,2,2.98,0.0,77.0,False,,False,False,False
603663.SSE,三祥新材,2026-05-27,2026-05,2板补涨阳,False,,无U,,True,封D1负,0.86,-0.67,-0.67,4.97,4.97,0.0,2,+++,2,4.97,3.53,45.0,False,,True,False,False
603663.SSE,三祥新材,2026-06-03,2026-06,2板补涨阳,False,,无U,,False,封D1负,1.59,-1.57,-1.57,11.25,4.97,5.99,7,+++,2,3.8,1.36,56.0,False,,True,False,False
603663.SSE,三祥新材,2026-06-09,2026-06,2板补涨阳,False,,无U,,False,封D1正,2.01,7.15,7.15,14.24,4.97,8.83,11,+++,2,-2.79,3.48,45.0,False,,True,False,False
603663.SSE,三祥新材,2026-06-16,2026-06,2板补涨阳,False,,无U,,True,封D1负,0.02,-4.15,-4.15,35.83,4.97,29.4,16,+++,2,3.91,1.02,127.0,False,,True,False,False
603666.SSE,亿嘉和,2024-09-26,2024-09,2板补涨阳,False,,U坑内,,True,封D1正,4.98,6.64,6.64,-18.75,-22.67,5.07,18,--+,2,1.59,2.78,43.0,False,,True,False,False
603667.SSE,五洲新春,2025-01-09,2025-01,2板补涨阳,False,,U坑内,,False,连板,9.37,10.01,11.07,-27.5,-33.54,9.08,18,--+,2,5.54,2.87,53.0,True,05,True,True,False
603667.SSE,五洲新春,2025-02-07,2025-02,2板补涨阳,False,,无U,,False,炸板,-7.35,-9.16,-9.16,16.21,6.08,9.55,11,+++,2,4.97,2.54,71.0,False,,False,False,False
603669.SSE,灵康药业,2024-12-10,2024-12,2板补涨阳,False,,无U,,True,炸板,-6.92,-11.84,-11.84,8.38,0.25,8.1,4,+++,2,8.1,1.62,83.0,False,,False,False,False
603678.SSE,火炬电子,2026-07-01,2026-07,2板补涨阳,False,,无U,,True,炸板,-12.58,-10.99,-10.99,10.48,5.8,4.42,4,+++,2,3.2,2.34,114.0,False,,False,False,False
603679.SSE,华体科技,2026-01-09,2026-01,2板补涨阳,False,,U坑内,,False,炸板,-6.28,-5.16,-5.16,-11.5,-20.2,10.9,13,+-+,2,2.21,0.54,77.0,False,,False,False,False
603682.SSE,锦和商管,2024-12-26,2024-12,2板补涨阳,False,,U坑内,,True,封D1负,-4.24,-2.42,-2.42,-4.0,-17.28,16.05,8,+++,2,3.81,1.21,31.0,False,,True,False,False
603682.SSE,锦和商管,2024-12-31,2024-12,2板补涨阳,False,,U突破,,True,连板,5.35,10.03,-0.94,8.8,-17.28,31.53,11,+++,2,5.59,2.48,36.0,True,02,True,True,False
603687.SSE,大胜达,2026-04-30,2026-04,2板补涨阳,True,坑中纠缠,U坑内,,False,封D1正,-0.52,2.33,2.33,-21.27,-23.79,3.31,10,-++,2,3.31,0.66,92.0,False,,True,False,False
603688.SSE,石英股份,2025-04-09,2025-04,2板补涨阳,False,,U坑内,,False,连板,3.6,9.99,19.52,-7.97,-13.75,6.7,10,-++,2,1.24,2.64,99.0,True,03,True,True,False
603690.SSE,至纯科技,2026-08-12,2026-08,2板补涨阳,False,,U突破,,True,封D1负,2.67,-3.66,-3.66,-0.24,-14.79,17.08,12,+--,2,-1.04,2.71,53.0,False,,True,False,False
603697.SSE,有友食品,2024-11-07,2024-11,2板补涨阳,False,,无U,,True,炸板,-1.49,-5.07,-5.07,12.98,6.67,5.91,7,+++,2,0.55,1.87,104.0,False,,False,False,False
603697.SSE,有友食品,2024-11-15,2024-11,2板补涨阳,False,,无U,,True,封D1负,0.75,-3.27,-3.27,20.27,6.67,12.75,13,+++,2,0.62,1.34,27.0,False,,True,False,False
603698.SSE,航天工程,2026-04-17,2026-04,2板补涨阳,False,,无U,,True,炸板,2.01,-2.43,-2.43,7.72,7.72,0.0,2,++-,2,7.72,1.82,68.0,False,,False,False,False
603698.SSE,航天工程,2026-04-30,2026-04,2板补涨阳,False,,无U,,True,封D1正,-0.39,0.14,0.14,1.11,-0.1,1.22,11,-++,2,1.22,0.84,92.0,False,,True,False,False
603703.SSE,盛洋科技,2025-12-25,2025-12,2板补涨阳,True,坑底首阳,U坑内,,False,炸板,-4.94,-3.18,-3.18,-13.3,-14.78,1.74,5,+++,2,1.74,0.98,65.0,False,,False,False,False
603703.SSE,盛洋科技,2026-01-08,2026-01,2板补涨阳,False,,U突破,,False,封D1正,10.01,3.0,3.0,-2.13,-14.78,14.85,13,+++,2,0.2,1.26,63.0,False,,True,False,False
603716.SSE,塞力医疗,2024-08-16,2024-08,2板补涨阳,False,,U坑内,,True,炸板,-5.28,-3.25,-3.25,-5.88,-11.34,6.16,13,+++,2,-0.74,2.66,31.0,False,,False,False,False
603716.SSE,塞力医疗,2025-09-12,2025-09,2板补涨阳,False,,U坑内,,True,封D1负,0.48,-3.96,-3.96,-17.91,-20.39,3.12,14,--+,2,-0.84,0.8,74.0,False,,True,False,False
603716.SSE,塞力医疗,2026-08-06,2026-08,2板补涨阳,False,,U突破,,True,炸板,-6.44,-2.54,-2.54,2.19,-6.45,9.24,7,+++,2,0.9,1.2,93.0,False,,False,False,False
603717.SSE,天域生物,2025-09-12,2025-09,2板补涨阳,False,,无U,,True,封D1正,1.95,2.41,2.41,0.0,-0.51,0.51,3,+++,2,0.51,2.15,74.0,False,,True,False,False
603719.SSE,良品铺子,2023-12-28,2023-12,2板补涨阳,False,,U坑内,,True,炸板,-5.83,-4.01,-4.01,-12.92,-15.95,3.6,18,--+,2,2.77,0.7,26.0,False,,False,False,False
603721.SSE,中广天择,2024-02-19,2024-02,2板补涨阳,True,坑底首阳,U坑内,,False,连板,5.82,10.0,10.69,-41.18,-41.18,0.0,7,---,2,-0.35,3.54,430.0,True,05,True,True,False
603721.SSE,中广天择,2024-02-23,2024-02,2板补涨阳,False,,无U,,True,炸板,-6.07,7.98,7.98,7.98,0.63,7.31,3,---,2,7.31,2.63,56.0,False,,False,False,False
603721.SSE,中广天择,2024-02-26,2024-02,2板补涨阳,False,,无U,,True,炸板,-5.97,-0.45,-0.45,17.17,0.63,16.44,4,+--,2,8.51,1.51,79.0,False,,False,False,False
603721.SSE,中广天择,2024-03-04,2024-03,2板补涨阳,False,,无U,,True,连板,3.68,10.0,11.28,19.0,0.63,18.26,9,++-,2,1.31,3.36,56.0,True,05,True,True,False
603726.SSE,朗迪集团,2023-11-07,2023-11,2板补涨阳,False,,U坑内,,False,封D1正,1.77,5.38,5.38,-7.24,-10.21,3.31,11,-++,2,0.7,0.63,47.0,False,,True,False,False
603727.SSE,博迈科,2026-03-23,2026-03,2板补涨阳,False,,U坑内,,False,封D1负,-1.47,-0.15,-0.15,-17.62,-21.39,4.79,14,--+,2,2.45,1.71,26.0,False,,True,False,False
603728.SSE,鸣志电器,2023-05-31,2023-05,2板补涨阳,False,,无U,,True,炸板,-4.38,-1.85,-1.85,5.52,0.97,4.51,9,+++,2,-0.87,2.94,33.0,False,,False,False,False
603728.SSE,鸣志电器,2023-06-12,2023-06,2板补涨阳,False,,无U,,True,炸板,-0.82,-0.66,-0.66,2.2,-1.2,3.44,17,-++,2,3.44,0.17,57.0,False,,False,False,False
603728.SSE,鸣志电器,2023-06-15,2023-06,2板补涨阳,False,,无U,,True,封D1正,3.16,4.87,4.87,18.03,-1.2,19.46,20,+++,2,5.68,2.8,43.0,False,,True,False,False
603728.SSE,鸣志电器,2025-02-20,2025-02,2板补涨阳,False,,无U,,True,炸板,-5.42,5.96,-1.12,3.24,-3.99,7.53,10,-++,2,7.17,0.89,90.0,False,,False,True,False
603757.SSE,大元泵业,2026-05-11,2026-05,2板补涨阳,False,,U突破,,True,封D1正,2.56,0.12,0.12,1.46,-9.93,12.65,19,+-+,2,1.48,2.68,89.0,False,,True,False,False
603773.SSE,沃格光电,2026-04-15,2026-04,2板补涨阳,False,,无U,,True,封D1负,-1.05,-2.89,-2.89,4.36,1.99,2.32,3,++-,2,2.32,2.23,49.0,False,,True,False,False
603773.SSE,沃格光电,2026-05-11,2026-05,2板补涨阳,False,,无U,,True,封D1正,2.69,2.16,2.16,25.02,0.19,24.79,12,+++,2,6.05,1.82,89.0,False,,True,False,False
603773.SSE,沃格光电,2026-05-21,2026-05,2板补涨阳,False,,无U,,True,炸板,-5.31,-6.48,-6.48,33.63,0.19,33.38,20,-++,2,9.94,0.06,51.0,False,,False,False,False
603778.SSE,国晟科技,2025-11-10,2025-11,2板补涨阳,False,,无U,,True,连板,9.98,9.98,35.97,21.94,-0.23,22.22,17,+++,2,6.02,2.41,45.0,True,05,True,True,False
603778.SSE,国晟科技,2026-03-11,2026-03,2板补涨阳,False,,U突破,,True,封D1正,0.0,5.67,5.67,17.0,-14.65,37.07,19,++-,2,6.83,0.96,49.0,False,,True,False,False
603778.SSE,国晟科技,2026-03-30,2026-03,2板补涨阳,False,,U坑内,,True,封D1负,2.77,-1.19,-1.19,-7.22,-11.21,4.5,9,+++,2,4.12,3.44,72.0,False,,True,False,False
603786.SSE,科博达,2025-09-29,2025-09,2板补涨阳,False,,无U,,True,炸板,-2.55,-4.26,-4.26,29.77,5.87,22.58,8,+++,2,3.44,3.85,39.0,False,,False,False,False
603800.SSE,洪田股份,2025-08-13,2025-08,2板补涨阳,False,,无U,,True,封D1正,0.0,4.27,4.27,7.02,7.02,0.0,2,+++,2,7.02,2.98,42.0,False,,True,False,False
603803.SSE,瑞斯康达,2023-06-15,2023-06,2板补涨阳,False,,U突破,,False,封D1负,2.91,-3.81,-3.81,-2.99,-11.98,10.21,11,+++,2,2.14,1.13,43.0,False,,True,False,False
603809.SSE,豪能股份,2025-02-11,2025-02,2板补涨阳,False,,U突破,,True,炸板,-4.69,-2.51,-2.51,18.41,-8.59,29.54,17,+++,2,2.13,0.19,85.0,False,,False,False,False
603810.SSE,丰山集团,2024-02-21,2024-02,2板补涨阳,False,,U坑内,,False,炸板,-5.5,-2.03,-2.03,-41.75,-47.5,10.94,15,---,2,0.75,1.82,80.0,False,,False,False,False
603811.SSE,诚意药业,2025-08-19,2025-08,2板补涨阳,False,,无U,,False,封D1负,-0.42,-9.99,-9.99,3.31,2.03,1.26,10,-++,2,0.33,0.07,78.0,False,,True,False,False
603823.SSE,百合花,2026-08-11,2026-08,2板补涨阳,False,,无U,,True,封D1正,0.0,3.3,3.3,2.37,-1.35,3.76,3,+-+,2,3.76,1.81,93.0,False,,True,False,False
603826.SSE,坤彩科技,2026-02-25,2026-02,2板补涨阳,False,,U突破,,True,封D1正,2.58,0.05,0.05,-3.91,-5.45,1.63,8,+++,2,1.63,2.34,82.0,False,,True,False,False
603829.SSE,洛凯股份,2025-12-09,2025-12,2板补涨阳,False,,无U,,True,封D1正,-0.22,0.89,0.89,22.05,-3.39,26.34,15,+++,2,1.41,0.69,63.0,False,,True,False,False
603839.SSE,安正时尚,2025-04-30,2025-04,2板补涨阳,True,坑底首阳,U坑内,,False,封D1正,-0.69,2.08,2.08,-18.1,-20.28,2.74,6,-+-,2,2.74,0.59,49.0,False,,True,False,False
603839.SSE,安正时尚,2025-05-28,2025-05,2板补涨阳,False,,U突破,,False,封D1正,2.45,8.2,8.2,-0.54,-7.76,7.84,8,+++,2,3.92,2.38,51.0,False,,True,False,False
603859.SSE,能科科技,2024-11-01,2024-11,2板补涨阳,False,,U突破,,True,连板,6.98,9.98,37.85,1.18,-12.39,15.49,18,+++,2,3.37,0.35,141.0,True,03,True,True,False
603859.SSE,能科科技,2026-07-01,2026-07,2板补涨阳,False,,U突破,,True,封D1负,3.43,-3.6,-3.6,-3.79,-8.48,5.13,16,-++,2,5.13,0.46,114.0,False,,True,False,False
603860.SSE,中公高科,2024-02-19,2024-02,2板补涨阳,False,,U坑内,,True,封D1负,-3.02,-0.47,-0.47,-27.63,-29.04,1.98,11,---,2,1.98,3.74,430.0,False,,True,False,False
603860.SSE,中公高科,2024-02-28,2024-02,2板补涨阳,True,坑中纠缠,U坑内,,True,炸板,-9.75,-4.42,-4.42,-9.32,-29.04,27.8,18,+--,2,1.75,0.28,69.0,False,,False,False,False
603861.SSE,白云电器,2024-05-21,2024-05,2板补涨阳,False,,U突破,,True,炸板,-2.14,-5.3,-5.3,4.21,-8.18,13.49,20,+++,2,1.36,0.23,36.0,False,,False,False,False
603861.SSE,白云电器,2026-03-02,2026-03,2板补涨阳,False,,U突破,,True,封D1负,0.05,-3.37,-3.37,1.91,-10.67,14.08,14,+++,2,-0.43,0.21,69.0,False,,True,False,False
603863.SSE,松炀资源,2023-10-12,2023-10,2板补涨阳,False,,无U,,True,炸板,-1.4,-3.21,-3.21,5.46,5.31,0.14,3,+++,2,0.14,2.94,31.0,False,,False,False,False
603879.SSE,永悦科技,2025-12-29,2025-12,2板补涨阳,False,,U坑内,,True,封D1负,1.44,-0.87,-0.87,-13.58,-27.71,19.54,13,+--,2,3.62,2.47,69.0,False,,True,False,False
603883.SSE,老百姓,2024-11-28,2024-11,2板补涨阳,False,,U坑内,,True,炸板,-2.97,-2.5,-2.5,-10.28,-11.16,0.98,18,--+,2,0.98,0.17,77.0,False,,False,False,False
603890.SSE,春秋电子,2024-03-01,2024-03,2板补涨阳,False,,无U,,True,炸板,0.11,6.89,0.44,13.2,3.81,9.04,9,++-,2,3.74,0.5,82.0,False,,False,True,False
603890.SSE,春秋电子,2024-03-04,2024-03,2板补涨阳,False,,无U,,True,封D1负,-3.58,-6.03,-6.03,20.95,3.81,16.51,10,++-,2,6.85,3.12,56.0,False,,True,False,False
603893.SSE,瑞芯微,2024-10-18,2024-10,2板补涨阳,False,,U突破,,True,连板,2.66,10.0,4.71,11.5,-4.87,17.21,8,+++,2,4.5,4.0,41.0,True,02,True,True,False
603893.SSE,瑞芯微,2025-01-07,2025-01,2板补涨阳,False,,U坑内,,True,连板,1.97,10.0,19.28,-12.18,-12.18,0.0,11,-++,2,-1.43,3.05,52.0,True,02,True,True,False
603893.SSE,瑞芯微,2025-01-15,2025-01,2板补涨阳,False,,无U,,True,炸板,-3.4,-7.95,-7.95,5.47,1.96,3.44,5,+++,2,3.44,1.5,111.0,False,,False,False,False
603897.SSE,长城科技,2026-03-30,2026-03,2板补涨阳,False,,U坑内,,True,封D1负,0.33,-4.8,-4.8,-11.28,-13.09,2.08,20,--+,2,2.08,1.64,72.0,False,,True,False,False
603900.SSE,莱绅通灵,2024-07-30,2024-07,2板补涨阳,True,坑底首阳,U坑内,,False,封D1正,1.8,1.0,1.0,-14.95,-15.7,0.89,9,---,2,0.66,0.88,47.0,False,,True,False,False
603900.SSE,莱绅通灵,2025-05-20,2025-05,2板补涨阳,False,,无U,,True,连板,7.87,10.01,28.8,9.49,-1.49,11.14,10,+++,2,1.38,3.14,66.0,True,05,True,True,False
603901.SSE,永创智能,2024-02-26,2024-02,2板补涨阳,False,,无U,,True,炸板,-7.6,-1.77,-1.77,0.98,-3.14,4.26,6,++-,2,3.73,3.03,79.0,False,,False,False,False
603901.SSE,永创智能,2024-11-29,2024-11,2板补涨阳,False,,U突破,,True,封D1正,4.22,1.48,1.48,-3.04,-7.79,5.15,7,+++,2,-1.12,0.62,75.0,False,,True,False,False
603906.SSE,龙蟠科技,2024-10-15,2024-10,2板补涨阳,False,,U坑内,,False,封D1负,1.99,-2.49,-2.49,-8.05,-11.27,3.63,5,+++,2,3.63,0.0,71.0,False,,True,False,False
603906.SSE,龙蟠科技,2024-11-05,2024-11,2板补涨阳,True,坑中纠缠,U坑内,,True,封D1正,2.39,3.35,3.35,-4.43,-11.27,7.71,20,-++,2,1.39,1.39,122.0,False,,True,False,False
603906.SSE,龙蟠科技,2025-06-24,2025-06,2板补涨阳,False,,U突破,,False,连板,4.27,10.03,6.57,-3.66,-6.32,2.84,14,-++,2,2.84,1.23,60.0,True,02,True,True,False
603920.SSE,世运电路,2024-10-18,2024-10,2板补涨阳,False,,U坑内,,True,炸板,-0.95,0.99,0.99,-21.48,-22.41,1.2,8,-++,2,1.2,2.76,41.0,False,,False,False,False
603928.SSE,兴业股份,2026-08-05,2026-08,2板补涨阳,False,,U坑内,,False,封D1正,1.01,4.86,4.86,-39.72,-43.11,5.96,19,---,2,4.63,0.39,123.0,False,,True,False,False
603929.SSE,亚翔集成,2025-11-14,2025-11,2板补涨阳,False,,无U,,True,封D1负,4.07,-2.58,-2.58,5.65,5.07,0.55,9,+++,2,0.55,0.61,73.0,False,,True,False,False
603929.SSE,亚翔集成,2026-01-05,2026-01,2板补涨阳,True,坑底首阳,U坑内,,False,连板,3.66,10.0,11.76,-11.83,-14.14,2.69,7,-++,2,2.69,1.25,49.0,True,05,True,True,False
603929.SSE,亚翔集成,2026-01-16,2026-01,2板补涨阳,False,,无U,,True,封D1负,3.39,-10.0,-10.0,28.59,1.59,26.58,8,+++,2,7.08,0.72,51.0,False,,True,False,False
603929.SSE,亚翔集成,2026-06-24,2026-06,2板补涨阳,False,,无U,,False,连板,10.0,10.0,12.49,2.42,2.42,0.0,10,-++,2,-1.37,1.8,87.0,True,02,True,True,False
603931.SSE,格林达,2026-05-07,2026-05,2板补涨阳,False,,无U,,True,封D1负,-0.73,-2.88,-2.88,5.64,2.37,3.19,4,+++,2,3.19,1.73,88.0,False,,True,False,False
603936.SSE,博敏电子,2026-06-11,2026-06,2板补涨阳,False,,U坑内,,True,封D1负,5.4,-1.31,-1.31,-13.24,-17.1,4.66,13,-++,2,-1.06,2.2,63.0,False,,True,False,False
603936.SSE,博敏电子,2026-06-18,2026-06,2板补涨阳,False,,U突破,,True,炸板,-2.41,-3.46,-3.46,7.69,-17.1,29.9,18,+-+,2,5.48,2.88,67.0,False,,False,False,False
603950.SSE,长源东谷,2026-07-06,2026-07,2板补涨阳,False,,无U,,True,炸板,-3.13,-9.32,-9.32,-0.84,-3.87,3.15,4,+++,2,3.15,3.97,92.0,False,,False,False,False
603956.SSE,威派格,2026-08-13,2026-08,2板补涨阳,False,,U突破,,True,封D1负,-1.88,-8.26,-8.26,15.06,-5.07,21.2,14,+++,2,2.98,1.28,86.0,False,,True,False,False
603958.SSE,哈森股份,2026-02-06,2026-02,2板补涨阳,False,,无U,,True,炸板,0.77,-2.79,-2.79,16.17,6.44,9.14,6,+++,2,5.6,1.52,37.0,False,,False,False,False
603978.SSE,深圳新星,2024-10-21,2024-10,2板补涨阳,True,坑中纠缠,U坑内,,False,连板,-0.53,10.0,13.97,-13.81,-16.89,3.7,7,-++,2,3.7,2.64,77.0,True,02,True,True,False
603978.SSE,深圳新星,2024-10-25,2024-10,2板补涨阳,False,,无U,,True,封D1负,1.69,-3.12,-3.12,3.31,3.31,0.0,3,+++,2,-0.29,0.76,67.0,False,,True,False,False
603980.SSE,吉华集团,2025-06-24,2025-06,2板补涨阳,False,,U坑内,,False,封D1正,6.62,0.72,0.72,-11.19,-14.86,4.31,10,-++,2,3.46,0.41,60.0,False,,True,False,False
603982.SSE,泉峰汽车,2025-06-25,2025-06,2板补涨阳,False,,U突破,,True,炸板,-9.42,-12.18,-12.18,5.11,-5.01,10.66,9,+++,2,6.24,0.97,53.0,False,,False,False,False
603988.SSE,中电电机,2024-11-28,2024-11,2板补涨阳,False,,无U,,True,炸板,-3.31,3.09,3.09,16.33,-1.76,18.41,13,+++,2,3.62,0.69,77.0,False,,False,False,False
603988.SSE,中电电机,2024-12-02,2024-12,2板补涨阳,False,,无U,,True,封D1负,1.97,-2.58,-2.58,31.94,-1.76,34.3,15,+++,2,5.22,1.23,105.0,False,,True,False,False
603988.SSE,中电电机,2025-10-09,2025-10,2板补涨阳,True,坑中纠缠,U坑内,,False,封D1正,4.85,0.32,0.32,-11.83,-11.83,0.0,9,-++,2,-1.06,2.71,39.0,False,,True,False,False
603989.SSE,艾华集团,2026-06-04,2026-06,2板补涨阳,True,坑底首阳,U坑内,,False,封D1正,-0.15,3.65,3.65,-18.95,-18.95,0.0,5,+++,2,-1.89,3.09,59.0,False,,True,False,False
603989.SSE,艾华集团,2026-06-16,2026-06,2板补涨阳,True,坑中纠缠,U坑内,,True,连板,0.0,10.0,29.5,-18.84,-25.14,8.41,13,-++,2,8.41,1.6,127.0,True,05,True,True,False
603990.SSE,麦迪科技,2024-02-28,2024-02,2板补涨阳,False,,U突破,,False,炸板,-12.05,-7.25,-7.25,-3.54,-4.67,1.18,3,+--,2,1.18,0.18,69.0,False,,False,False,False
603990.SSE,麦迪科技,2025-02-26,2025-02,2板补涨阳,False,,U坑内,,False,炸板,-6.27,-8.26,-8.26,-4.2,-10.0,6.45,7,+++,2,0.58,3.05,46.0,False,,False,False,False
603991.SSE,领先股份,2023-11-20,2023-11,2板补涨阳,False,,U坑内,,False,封D1负,-2.32,-10.0,-10.0,-4.57,-8.45,4.23,3,+++,2,4.23,1.63,38.0,False,,True,False,False
605003.SSE,众望布艺,2026-01-12,2026-01,2板补涨阳,True,坑底首阳,U坑内,,False,炸板,-2.52,1.2,1.2,-14.85,-15.84,1.17,6,-++,2,1.17,1.0,79.0,False,,False,False,False
605006.SSE,山东玻纤,2026-06-16,2026-06,2板补涨阳,False,,无U,,True,封D1正,2.59,8.42,8.42,3.46,-2.28,5.88,4,+++,2,5.88,0.29,127.0,False,,True,False,False
605011.SSE,杭州热电,2024-01-03,2024-01,2板补涨阳,False,,U坑内,,True,封D1负,3.01,-3.11,-3.11,-13.38,-19.11,7.09,12,-++,2,4.95,2.55,48.0,False,,True,False,False
605028.SSE,世茂能源,2023-06-26,2023-06,2板补涨阳,True,坑底首阳,U坑内,,False,封D1负,0.99,-1.64,-1.64,-18.95,-19.33,0.47,17,--+,2,0.16,2.22,32.0,False,,True,False,False
605033.SSE,美邦股份,2025-06-06,2025-06,2板补涨阳,True,坑中纠缠,U坑内,,False,封D1正,-0.88,0.97,0.97,-16.25,-18.86,3.21,6,-++,2,3.21,2.89,56.0,False,,True,False,False
605058.SSE,澳弘电子,2025-07-09,2025-07,2板补涨阳,False,,U坑内,,False,封D1负,1.95,-5.06,-5.06,-5.4,-9.65,4.71,7,+++,2,3.69,1.22,57.0,False,,True,False,False
605068.SSE,明新旭腾,2025-09-05,2025-09,2板补涨阳,False,,U突破,,False,封D1正,-2.76,4.05,4.05,-3.41,-14.45,12.91,13,+++,2,1.02,1.6,33.0,False,,True,False,False
605069.SSE,正和生态,2025-02-10,2025-02,2板补涨阳,False,,无U,,True,封D1负,-0.11,-3.55,-3.55,-3.42,-3.42,0.0,4,++-,2,-1.21,1.69,63.0,False,,True,False,False
605069.SSE,正和生态,2025-03-24,2025-03,2板补涨阳,True,坑底首阳,U坑内,,False,连板,6.47,10.03,8.9,-14.99,-16.65,2.0,8,-++,2,2.0,1.58,39.0,True,05,True,True,False
605080.SSE,浙江自然,2025-01-14,2025-01,2板补涨阳,False,,无U,,True,封D1正,0.0,0.51,0.51,-3.09,-3.09,0.0,8,+++,2,-2.3,2.46,42.0,False,,True,False,False
605080.SSE,浙江自然,2025-01-17,2025-01,2板补涨阳,False,,无U,,True,炸板,-4.98,-1.79,-1.79,8.09,-3.09,11.54,11,+++,2,0.87,2.02,59.0,False,,False,False,False
605099.SSE,共创草坪,2025-07-07,2025-07,2板补涨阳,False,,U坑内,,True,封D1负,0.53,-3.74,-3.74,-23.08,-26.0,3.94,19,+-+,2,0.29,2.36,30.0,False,,True,False,False
605118.SSE,力鼎光电,2025-01-22,2025-01,2板补涨阳,False,,U坑内,,False,封D1负,-1.43,-1.8,-1.8,-19.16,-22.78,4.68,9,-++,2,1.83,1.01,38.0,False,,True,False,False
605136.SSE,丽人丽妆,2025-12-08,2025-12,2板补涨阳,True,坑中纠缠,U坑内,,True,封D1正,3.12,2.51,2.51,-13.59,-16.31,3.25,13,-++,2,1.06,0.48,58.0,False,,True,False,False
605151.SSE,西上海,2025-06-30,2025-06,2板补涨阳,False,,U坑内,,False,连板,10.0,10.0,8.87,-16.99,-21.36,5.57,12,+-+,2,0.63,0.51,42.0,True,03,True,True,False
605167.SSE,利柏特,2026-01-16,2026-01,2板补涨阳,False,,无U,,True,封D1正,1.39,6.73,6.73,12.57,-1.94,14.8,16,-++,2,-0.06,2.04,51.0,False,,True,False,False
605168.SSE,三人行,2026-05-07,2026-05,2板补涨阳,False,,无U,,False,封D1负,1.32,-0.52,-0.52,-2.02,-2.97,0.98,3,+++,2,0.98,1.38,88.0,False,,True,False,False
605168.SSE,三人行,2026-05-13,2026-05,2板补涨阳,False,,无U,,True,封D1正,4.52,0.45,0.45,12.89,-2.97,16.34,7,+++,2,0.64,3.75,50.0,False,,True,False,False
605178.SSE,时空科技,2024-03-18,2024-03,2板补涨阳,True,坑底首阳,U坑内,,False,封D1负,0.0,-3.6,-3.6,-11.82,-11.92,0.12,9,-++,2,0.12,0.3,56.0,False,,True,False,False
605178.SSE,时空科技,2024-03-29,2024-03,2板补涨阳,False,,U突破,,False,封D1正,0.0,2.48,2.48,-3.54,-11.92,9.51,18,+++,2,6.4,2.01,59.0,False,,True,False,False
605178.SSE,时空科技,2024-07-30,2024-07,2板补涨阳,False,,U坑内,,False,封D1正,1.63,0.15,0.15,-14.75,-17.88,3.81,9,-+-,2,2.68,0.92,47.0,False,,True,False,False
605188.SSE,国光连锁,2023-06-14,2023-06,2板补涨阳,False,,U坑内,,False,封D1正,2.23,3.64,3.64,-8.46,-8.46,0.0,4,+++,2,-0.11,3.56,35.0,False,,True,False,False
605188.SSE,国光连锁,2025-05-28,2025-05,2板补涨阳,False,,U坑内,,False,封D1正,0.21,4.27,4.27,-12.7,-15.71,3.57,7,-+-,2,-0.62,2.95,51.0,False,,True,False,False
605208.SSE,永茂泰,2025-03-04,2025-03,2板补涨阳,False,,无U,,False,封D1正,-2.8,3.67,3.67,11.68,3.63,7.77,5,+++,2,1.97,0.63,51.0,False,,True,False,False
605208.SSE,永茂泰,2025-03-06,2025-03,2板补涨阳,False,,无U,,True,连板,-1.96,10.01,15.76,27.38,3.63,22.92,7,+++,2,3.67,2.8,55.0,True,02,True,True,False
605228.SSE,神通科技,2024-03-12,2024-03,2板补涨阳,False,,无U,,True,封D1正,2.15,2.44,2.44,16.25,2.63,13.28,16,-+-,2,4.26,0.78,69.0,False,,True,False,False
605255.SSE,天普股份,2025-12-25,2025-12,2板补涨阳,False,,U突破,,True,封D1正,4.0,5.27,5.27,10.86,-4.9,16.57,17,+++,2,3.62,0.67,65.0,False,,True,False,False
605255.SSE,天普股份,2025-12-29,2025-12,2板补涨阳,False,,U突破,,True,连板,4.94,10.0,-1.0,28.37,-4.9,34.99,19,+++,2,5.27,3.33,69.0,True,02,True,True,False
605255.SSE,天普股份,2026-05-11,2026-05,2板补涨阳,False,,U坑内,,True,封D1正,2.27,3.26,3.26,-10.98,-13.72,3.17,17,--+,2,-0.04,2.03,89.0,False,,True,False,False
605266.SSE,健之佳,2024-09-30,2024-09,2板补涨阳,False,,U坑内,,False,封D1正,10.01,4.9,4.9,-4.05,-23.23,24.99,15,+-+,2,5.35,1.91,107.0,False,,True,False,False
605266.SSE,健之佳,2024-11-12,2024-11,2板补涨阳,False,,无U,,True,封D1负,-0.38,-3.11,-3.11,2.46,1.01,1.43,6,+++,2,0.19,0.0,108.0,False,,True,False,False
605277.SSE,新亚电子,2025-07-10,2025-07,2板补涨阳,False,,无U,,True,炸板,-6.42,-5.26,-5.26,4.53,4.53,0.0,2,+++,2,4.53,3.38,40.0,False,,False,False,False
605277.SSE,新亚电子,2025-07-17,2025-07,2板补涨阳,False,,无U,,True,炸板,-5.57,-9.75,-9.75,8.18,4.53,3.49,7,+++,2,-0.77,2.16,49.0,False,,False,False,False
605277.SSE,新亚电子,2025-07-22,2025-07,2板补涨阳,False,,无U,,True,封D1负,0.04,-4.81,-4.81,5.82,4.53,1.23,10,+++,2,-1.45,1.2,98.0,False,,True,False,False
605277.SSE,新亚电子,2025-07-29,2025-07,2板补涨阳,False,,无U,,True,封D1正,3.77,3.88,3.88,16.67,4.53,11.61,15,+++,2,9.33,0.67,48.0,False,,True,False,False
605287.SSE,德才股份,2026-01-21,2026-01,2板补涨阳,False,,无U,,True,封D1正,6.11,7.0,7.0,6.72,6.18,0.51,4,+++,2,-0.6,3.8,50.0,False,,True,False,False
605287.SSE,德才股份,2026-05-25,2026-05,2板补涨阳,False,,U坑内,,True,炸板,-4.96,-12.05,-12.05,-7.32,-11.16,4.32,16,--+,2,3.93,0.04,99.0,False,,False,False,False
605289.SSE,罗曼股份,2025-09-17,2025-09,2板补涨阳,False,,无U,,True,封D1正,-0.08,5.1,5.1,1.17,-1.52,2.73,3,+++,2,2.73,1.04,59.0,False,,True,False,False
605289.SSE,罗曼股份,2025-10-10,2025-10,2板补涨阳,False,,无U,,True,炸板,-14.03,-6.29,-6.29,37.4,-1.52,39.53,14,+++,2,1.41,1.47,74.0,False,,False,False,False
605289.SSE,罗曼股份,2026-05-08,2026-05,2板补涨阳,False,,U突破,,False,封D1正,3.9,1.25,1.25,-3.53,-5.43,2.01,5,+++,2,2.01,0.66,91.0,False,,True,False,False
605289.SSE,罗曼股份,2026-07-01,2026-07,2板补涨阳,False,,无U,,True,封D1负,0.31,-10.0,-10.0,11.18,2.13,8.86,10,+++,2,4.97,0.83,114.0,False,,True,False,False
605318.SSE,法狮龙,2026-01-19,2026-01,2板补涨阳,False,,U坑内,,True,封D1负,-0.38,-1.41,-1.41,-8.85,-11.49,2.98,19,--+,2,2.98,0.55,48.0,False,,True,False,False
605318.SSE,法狮龙,2026-06-25,2026-06,2板补涨阳,False,,无U,,True,封D1负,3.79,-4.11,-4.11,4.67,4.67,0.0,10,-++,2,-0.81,2.44,87.0,False,,True,False,False
605333.SSE,沪光股份,2023-10-13,2023-10,2板补涨阳,False,,无U,,False,炸板,-8.52,-10.04,-10.04,-3.93,-3.93,0.0,3,+++,2,-0.8,3.16,27.0,False,,False,False,False
605388.SSE,均瑶健康,2024-12-12,2024-12,2板补涨阳,False,,U突破,,True,封D1负,0.61,-4.39,-4.39,-0.67,-6.67,6.43,8,+++,2,4.2,2.24,119.0,False,,True,False,False
605488.SSE,福莱新材,2025-03-05,2025-03,2板补涨阳,True,坑中纠缠,U坑内,,True,封D1正,0.48,7.91,7.91,-14.48,-17.87,4.14,9,-++,2,4.14,3.77,61.0,False,,True,False,False
605580.SSE,恒盛能源,2025-11-11,2025-11,2板补涨阳,False,,无U,,True,封D1负,-3.85,-8.03,-8.03,23.07,-3.03,26.91,15,+++,2,1.57,3.32,56.0,False,,True,False,False
605580.SSE,恒盛能源,2026-05-28,2026-05,2板补涨阳,False,,无U,,True,封D1正,-0.6,7.49,7.49,5.39,5.39,0.0,3,++-,2,-1.08,3.98,45.0,False,,True,False,False
605589.SSE,圣泉集团,2026-06-25,2026-06,2板补涨阳,False,,无U,,True,封D1负,-2.06,-8.57,-8.57,10.37,-2.96,13.73,10,+++,2,0.24,3.72,87.0,False,,True,False,False
605598.SSE,上海港湾,2023-06-14,2023-06,2板补涨阳,False,,U突破,,False,封D1正,3.81,0.13,0.13,-2.86,-5.18,2.45,8,+++,2,1.31,1.09,35.0,False,,True,False,False
605598.SSE,上海港湾,2025-08-07,2025-08,2板补涨阳,True,坑中纠缠,U坑内,,False,连板,5.1,10.02,8.93,-8.08,-14.76,7.83,12,-++,2,6.23,3.77,46.0,True,03,True,True,False
000008.SZSE,神州高铁,2024-12-24,2024-12,4板补涨阴,False,,U坑内,无穿插,True,封D1正,0.0,1.59,1.59,-22.91,-22.91,0.0,13,-++,4,-4.98,0.33,26.0,False,,True,False,False
000017.SZSE,深中华A,2024-02-26,2024-02,4板补涨阴,False,,U坑内,2板小波穿插,False,封D1负,0.0,-3.52,-3.52,-9.01,-24.9,21.17,18,+-+,2,-0.51,1.8,79.0,False,,True,False,False
000032.SZSE,深桑达Ａ,2026-06-24,2026-06,4板补涨阴,False,,无U,无穿插,True,封D1正,4.5,1.34,1.34,0.66,0.66,0.0,5,++-,4,-6.3,0.0,87.0,False,,True,False,False
000032.SZSE,深桑达Ａ,2026-07-09,2026-07,4板补涨阴,False,,U坑内,孤立板穿插,True,炸板,-4.49,-6.31,-6.31,-8.08,-8.39,0.33,16,-++,4,-1.5,1.4,41.0,False,,False,False,False
000062.SZSE,深圳华强,2024-08-30,2024-08,4板补涨阴,False,,无U,无穿插,True,连板,8.53,10.0,44.96,3.81,3.81,0.0,2,+++,10,3.81,3.76,37.0,True,05,True,True,False
000062.SZSE,深圳华强,2024-09-23,2024-09,4板补涨阴,False,,U坑内,无穿插,False,炸板,-15.43,-15.43,-15.43,-25.97,-29.05,4.34,9,-++,6,-1.38,1.44,40.0,False,,False,False,False
000070.SZSE,特发信息,2025-12-10,2025-12,4板补涨阴,False,,U突破,孤立板穿插,True,封D1负,4.71,-9.97,-9.97,-3.02,-6.11,3.29,10,-++,4,-7.6,1.3,46.0,False,,True,False,False
000099.SZSE,中信海直,2024-04-10,2024-04,4板补涨阴,False,,U坑内,无穿插,False,封D1负,-3.32,-2.82,-2.82,-16.14,-16.14,0.0,5,+++,4,-3.14,2.87,48.0,False,,True,False,False
000099.SZSE,中信海直,2024-04-15,2024-04,4板补涨阴,False,,U坑内,孤立板穿插,False,封D1正,-4.16,0.84,0.84,-12.78,-16.14,4.0,8,-++,4,-2.71,3.61,47.0,False,,True,False,False
000099.SZSE,中信海直,2024-04-26,2024-04,4板补涨阴,False,,U突破,3板小波穿插,False,炸板,-6.72,2.74,2.74,26.66,-16.14,51.03,17,+++,3,-0.36,3.09,32.0,False,,False,False,False
000533.SZSE,顺钠股份,2026-08-17,2026-08,4板补涨阴,False,,U突破,2板小波穿插,True,炸板,-3.45,-8.56,-8.56,0.17,-9.95,11.24,14,+++,2,-6.01,0.65,51.0,False,,False,False,False
000551.SZSE,创元科技,2026-01-14,2026-01,4板补涨阴,False,,U坑内,无穿插,True,炸板,-2.61,-3.63,-3.63,-14.39,-15.17,0.92,12,+++,4,-7.39,0.52,52.0,False,,False,False,False
000558.SZSE,天府文旅,2024-12-31,2024-12,4板补涨阴,False,,U坑内,无穿插,True,封D1正,0.0,4.11,4.11,-34.87,-34.87,0.0,11,-++,4,-5.49,0.0,36.0,False,,True,False,False
000559.SZSE,万向钱潮,2025-09-26,2025-09,4板补涨阴,True,孤板×多头,U坑内,孤立板穿插,True,连板,2.88,10.0,7.29,-6.86,-13.02,7.09,6,+++,4,-3.42,1.98,36.0,True,04,True,True,False
000566.SZSE,海南海药,2026-07-30,2026-07,4板补涨阴,False,,U坑内,2板小波穿插,False,封D1负,-9.92,-1.51,-1.51,-10.43,-22.52,15.6,20,+-+,2,-7.2,0.34,73.0,False,,True,False,False
000569.SZSE,长城股份,2006-04-17,2006-04,4板补涨阴,False,,无U,无穿插,False,封D1负,0.0,-9.97,-9.97,-3.71,-3.71,0.0,2,+++,5,-3.71,1.71,0.0,False,,True,False,False
000569.SZSE,长城股份,2006-04-20,2006-04,4板补涨阴,True,孤板×多头,U坑内,孤立板穿插,False,炸板,-1.43,4.87,4.87,-9.43,-9.43,0.0,5,+++,5,-5.09,3.89,0.0,False,,False,False,False
000571.SZSE,新大洲A,2024-03-28,2024-03,4板补涨阴,False,,U坑内,无穿插,False,封D1正,-0.34,2.36,2.36,-28.0,-28.0,0.0,6,-++,5,-7.22,0.34,39.0,False,,True,False,False
000572.SZSE,海马汽车,2025-11-18,2025-11,4板补涨阴,False,,无U,孤立板穿插,True,炸板,-10.22,-13.97,-13.97,24.46,2.39,21.56,9,+++,4,0.0,2.83,69.0,False,,False,False,False
000572.SZSE,海马汽车,2025-12-02,2025-12,4板补涨阴,False,,无U,孤立板穿插,True,封D1负,2.64,-2.44,-2.44,1.71,-3.19,5.05,19,--+,4,-1.11,2.21,54.0,False,,True,False,False
000573.SZSE,粤宏远Ａ,2025-01-23,2025-01,4板补涨阴,False,,U坑内,无穿插,False,封D1正,-3.32,4.1,4.1,-15.91,-20.8,6.16,9,-++,6,1.31,3.27,36.0,False,,True,False,False
000593.SZSE,德龙汇能,2026-08-12,2026-08,4板补涨阴,False,,无U,无穿插,True,连板,4.75,10.01,-0.99,2.0,0.89,1.1,5,++-,4,-7.19,2.99,53.0,True,04,True,True,False
000595.SZSE,新能股份,2024-10-23,2024-10,4板补涨阴,False,,U突破,2板小波穿插,True,封D1正,2.77,2.77,2.77,9.12,-4.69,14.49,15,-++,2,-1.56,2.78,85.0,False,,True,False,False
000608.SZSE,阳光股份,2024-10-16,2024-10,4板补涨阴,False,,U坑内,无穿插,False,封D1负,5.73,-1.32,-1.32,-25.36,-25.36,0.0,6,-++,6,-4.19,3.26,33.0,False,,True,False,False
000620.SZSE,盈新发展,2024-06-04,2024-06,4板补涨阴,False,,U坑内,无穿插,False,封D1负,-1.83,-4.57,-4.57,-25.75,-25.75,0.0,7,-++,4,-2.93,0.0,10.0,False,,True,False,False
000620.SZSE,盈新发展,2025-11-10,2025-11,4板补涨阴,False,,U突破,3板小波穿插,True,封D1负,3.45,-2.87,-2.87,-0.94,-22.26,27.42,9,+++,3,-6.51,3.85,45.0,False,,True,False,False
000620.SZSE,盈新发展,2025-11-25,2025-11,4板补涨阴,False,,U坑内,2板小波穿插,False,封D1正,1.54,0.0,0.0,-7.52,-22.26,18.95,20,-++,2,0.0,1.36,56.0,False,,True,False,False
000628.SZSE,高新发展,2023-11-06,2023-11,4板补涨阴,False,,无U,无穿插,False,炸板,-3.79,6.04,10.91,-2.7,-2.7,0.0,2,+++,11,-2.7,2.85,35.0,False,,False,True,False
000628.SZSE,高新发展,2023-11-23,2023-11,4板补涨阴,False,,无U,孤立板穿插,True,炸板,-3.36,-0.18,-0.18,18.35,-2.7,21.64,15,-++,11,-4.9,2.45,44.0,False,,False,False,False
000691.SZSE,亚太实业,2024-05-21,2024-05,4板补涨阴,True,孤板×多头,U坑内,孤立板穿插,True,炸板,-5.37,-6.04,-6.04,-15.42,-25.62,13.73,15,+++,4,-4.02,0.0,36.0,False,,False,False,False
000695.SZSE,滨海能源,2025-06-20,2025-06,4板补涨阴,False,,U坑内,无穿插,False,封D1正,0.08,6.33,6.33,-20.28,-20.28,0.0,19,--+,5,-5.41,3.21,26.0,False,,True,False,False
000702.SZSE,正虹科技,2024-06-03,2024-06,4板补涨阴,False,,U坑内,无穿插,False,封D1正,1.81,6.69,6.69,-32.93,-32.93,0.0,6,-++,5,-4.73,0.95,18.0,False,,True,False,False
000702.SZSE,正虹科技,2024-06-18,2024-06,4板补涨阴,False,,U坑内,孤立板穿插,True,炸板,-6.42,-7.74,-7.74,-35.73,-36.13,0.63,16,--+,5,-2.23,1.62,19.0,False,,False,False,False
000715.SZSE,中兴商业,2024-01-15,2024-01,4板补涨阴,False,,U坑内,无穿插,False,炸板,-10.55,-12.49,-12.49,-7.18,-7.18,0.0,2,+++,4,-7.18,3.23,23.0,False,,False,False,False
000750.SZSE,国海证券,2024-10-18,2024-10,4板补涨阴,False,,U坑内,无穿插,False,炸板,-5.43,-4.57,-4.57,-21.28,-21.28,0.0,8,-++,6,-2.79,1.4,41.0,False,,False,False,False
000783.SZSE,长江证券,2024-10-18,2024-10,4板补涨阴,False,,U坑内,无穿插,False,炸板,-4.84,-4.55,-4.55,-19.52,-19.52,0.0,8,-++,4,-1.69,1.23,41.0,False,,False,False,False
000785.SZSE,居然智家,2025-01-02,2025-01,4板补涨阴,False,,U坑内,无穿插,False,炸板,-5.34,6.11,1.78,-31.48,-31.48,0.0,12,--+,5,-4.29,2.95,39.0,False,,False,True,False
000785.SZSE,居然智家,2025-02-27,2025-02,4板补涨阴,False,,U坑内,无穿插,False,封D1负,2.74,-4.0,-4.0,-22.44,-22.44,0.0,9,-++,5,-0.23,0.46,81.0,False,,True,False,False
000799.SZSE,酒鬼酒,2024-10-18,2024-10,4板补涨阴,False,,U坑内,无穿插,False,炸板,-2.48,-0.99,-0.99,-14.42,-14.42,0.0,8,-++,4,-2.68,0.82,41.0,False,,False,False,False
000801.SZSE,四川九洲,2024-12-16,2024-12,4板补涨阴,False,,U坑内,无穿插,False,炸板,-5.31,-12.04,-12.04,-22.49,-27.2,6.47,15,+-+,6,-5.14,1.88,84.0,False,,False,False,False
000815.SZSE,美利云,2026-07-31,2026-07,4板补涨阴,False,,U坑内,无穿插,False,连板,4.74,10.01,24.18,-22.21,-22.21,0.0,6,++-,4,-8.0,2.4,46.0,True,04,True,True,False
000859.SZSE,国风新材,2025-12-22,2025-12,4板补涨阴,False,,U坑内,2板小波穿插,True,炸板,-4.75,6.77,6.27,-5.86,-20.1,17.82,20,+++,2,-4.77,2.01,65.0,False,,False,True,False
000880.SZSE,潍柴重机,2024-08-13,2024-08,4板补涨阴,False,,U坑内,无穿插,False,炸板,-6.05,-5.87,-5.87,-10.76,-10.76,0.0,8,+++,5,-6.58,0.27,23.0,False,,False,False,False
000889.SZSE,中嘉博创,2025-07-03,2025-07,4板补涨阴,False,,U坑内,无穿插,True,封D1负,5.61,-2.55,-2.55,-10.1,-14.65,5.33,18,+-+,4,-2.2,0.55,51.0,False,,True,False,False
000890.SZSE,法尔胜,2026-03-02,2026-03,4板补涨阴,False,,U坑内,无穿插,False,封D1负,1.42,-4.39,-4.39,-4.49,-4.49,0.0,2,+++,4,-4.49,1.0,69.0,False,,True,False,False
000890.SZSE,法尔胜,2026-03-04,2026-03,4板补涨阴,True,孤板×多头,U突破,孤立板穿插,False,封D1正,5.07,3.16,3.16,0.5,-4.49,5.22,4,+++,4,-4.39,3.56,67.0,False,,True,False,False
000890.SZSE,法尔胜,2026-03-11,2026-03,4板补涨阴,True,孤板×多头,U突破,孤立板穿插,True,炸板,-4.7,5.22,41.96,8.6,-4.49,13.71,9,+++,4,-2.24,3.14,49.0,False,,False,True,False
000908.SZSE,石药景峰,2024-03-04,2024-03,4板补涨阴,False,,U坑内,无穿插,False,封D1正,3.07,7.02,7.02,-15.16,-15.16,0.0,5,+--,6,-3.27,2.34,56.0,False,,True,False,False
000969.SZSE,安泰科技,2025-10-27,2025-10,4板补涨阴,False,,U坑内,无穿插,True,连板,8.09,10.0,12.59,-4.38,-4.38,0.0,9,+++,4,-5.9,1.49,47.0,True,04,True,True,False
000980.SZSE,众泰汽车,2024-08-23,2024-08,4板补涨阴,False,,U坑内,无穿插,False,封D1负,0.64,-5.1,-5.1,-29.21,-29.21,0.0,14,--+,4,-4.67,2.0,20.0,False,,True,False,False
000981.SZSE,山子高科,2024-08-20,2024-08,4板补涨阴,False,,U坑内,无穿插,False,封D1负,-1.69,-5.93,-5.93,-24.11,-24.11,0.0,12,-+-,5,-5.31,0.0,29.0,False,,True,False,False
000981.SZSE,山子高科,2024-12-04,2024-12,4板补涨阴,False,,U坑内,孤立板穿插,False,连板,4.29,10.0,42.86,-4.5,-18.0,16.46,18,+-+,4,-1.04,2.59,92.0,True,05,True,True,False
000981.SZSE,山子高科,2025-01-07,2025-01,4板补涨阴,False,,U坑内,2板小波穿插,False,封D1正,-3.23,2.42,2.42,-26.71,-34.85,12.5,19,--+,2,-7.02,0.0,52.0,False,,True,False,False
000981.SZSE,山子高科,2025-09-22,2025-09,4板补涨阴,False,,U坑内,无穿插,False,封D1负,4.93,-0.47,-0.47,-4.91,-4.91,0.0,2,+++,5,-4.91,0.25,46.0,False,,True,False,False
000982.SZSE,中银绒业,2021-06-22,2021-06,4板补涨阴,False,,U突破,2板小波穿插,True,封D1正,1.78,5.34,5.34,17.51,-10.14,30.77,6,+++,2,2.41,2.41,0.0,False,,True,False,False
001208.SZSE,华菱线缆,2025-12-23,2025-12,4板补涨阴,False,,无U,无穿插,True,炸板,-16.21,-8.99,-8.99,6.37,5.21,1.11,5,+++,4,-0.66,0.71,72.0,False,,False,False,False
001208.SZSE,华菱线缆,2025-12-30,2025-12,4板补涨阴,False,,无U,孤立板穿插,True,封D1负,0.29,-1.39,-1.39,12.09,0.35,11.69,10,+++,4,-7.12,0.88,64.0,False,,True,False,False
001208.SZSE,华菱线缆,2026-01-12,2026-01,4板补涨阴,False,,无U,无穿插,True,炸板,-6.18,-12.38,-12.38,46.69,0.35,46.17,17,+++,4,2.08,0.0,79.0,False,,False,False,False
001209.SZSE,洪兴股份,2024-12-26,2024-12,4板补涨阴,False,,U坑内,无穿插,False,封D1负,-0.72,-4.24,-4.24,-36.44,-36.44,0.0,16,--+,6,-2.88,1.12,31.0,False,,True,False,False
001212.SZSE,中旗新材,2025-04-21,2025-04,4板补涨阴,True,孤板×多头,U坑内,孤立板穿插,True,连板,3.5,10.0,4.66,-6.4,-6.4,0.0,8,+++,6,-5.78,0.99,50.0,True,04,True,True,False
001212.SZSE,中旗新材,2025-04-29,2025-04,4板补涨阴,False,,U突破,2板小波穿插,False,封D1负,5.86,-8.48,-8.48,4.11,-6.4,11.23,14,+++,2,-0.09,2.22,36.0,False,,True,False,False
001229.SZSE,魅视科技,2024-03-13,2024-03,4板补涨阴,False,,U突破,无穿插,True,连板,0.36,10.01,6.61,2.29,-5.81,8.6,14,+++,4,-7.15,2.22,57.0,True,04,True,True,False
001316.SZSE,润贝航科,2025-05-14,2025-05,4板补涨阴,False,,U坑内,无穿插,False,封D1负,0.34,-5.38,-5.38,-12.87,-12.87,0.0,4,+++,4,-6.91,0.0,41.0,False,,True,False,False
001324.SZSE,长青科技,2023-09-18,2023-09,4板补涨阴,False,,U坑内,无穿插,False,封D1负,-2.87,-2.33,-2.33,-30.06,-30.06,0.0,20,--+,6,-4.27,1.21,26.0,False,,True,False,False
001376.SZSE,百通能源,2024-04-19,2024-04,4板补涨阴,False,,U坑内,无穿插,False,封D1正,-0.21,4.04,4.04,-30.26,-30.26,0.0,6,-++,4,-7.62,2.51,52.0,False,,True,False,False
001376.SZSE,百通能源,2024-05-06,2024-05,4板补涨阴,False,,U坑内,孤立板穿插,True,封D1正,0.05,1.48,1.48,-23.34,-30.26,9.92,14,+-+,4,-1.65,0.83,47.0,False,,True,False,False
001379.SZSE,腾达科技,2024-08-19,2024-08,4板补涨阴,False,,U坑内,无穿插,False,连板,2.7,10.01,-1.0,-27.16,-27.16,0.0,10,-++,11,-5.61,1.8,22.0,True,04,True,True,False
001395.SZSE,亚联机械,2025-04-22,2025-04,4板补涨阴,False,,U坑内,无穿插,False,封D1负,-0.41,-9.99,-9.99,-6.24,-6.24,0.0,2,+++,4,-6.24,3.13,86.0,False,,True,False,False
001896.SZSE,豫能控股,2026-03-27,2026-03,4板补涨阴,False,,无U,孤立板穿插,True,封D1负,-6.29,-9.98,-9.98,12.74,-0.45,13.25,20,+++,7,-6.41,2.8,36.0,False,,True,False,False
002009.SZSE,天奇股份,2026-01-07,2026-01,4板补涨阴,False,,U坑内,无穿插,False,炸板,-2.87,-5.17,-5.17,-10.76,-10.76,0.0,4,+++,4,-5.85,3.24,96.0,False,,False,False,False
002009.SZSE,天奇股份,2026-01-23,2026-01,4板补涨阴,False,,U坑内,无穿插,False,炸板,5.79,5.79,7.41,-4.23,-10.76,7.32,16,+++,4,-2.6,0.87,63.0,False,,False,True,False
002015.SZSE,协鑫能科,2025-07-04,2025-07,4板补涨阴,True,孤板×多头,U突破,孤立板穿插,True,炸板,-3.11,1.62,1.62,-0.69,-17.59,20.51,12,+++,4,0.23,0.78,52.0,False,,False,False,False
002036.SZSE,联创电子,2025-02-14,2025-02,4板补涨阴,False,,U坑内,无穿插,False,炸板,-3.32,-2.06,-2.06,-8.8,-8.8,0.0,3,+++,4,-6.31,2.28,45.0,False,,False,False,False
002040.SZSE,南 京 港,2025-05-21,2025-05,4板补涨阴,False,,无U,无穿插,True,封D1正,-10.02,7.21,7.21,6.49,6.49,0.0,2,+++,5,6.49,0.0,61.0,False,,True,False,False
002045.SZSE,国光电器,2024-12-11,2024-12,4板补涨阴,False,,U坑内,2板小波穿插,False,炸板,-3.47,-2.2,-2.2,-10.97,-14.75,4.44,15,--+,2,1.75,1.42,82.0,False,,False,False,False
002045.SZSE,国光电器,2024-12-18,2024-12,4板补涨阴,False,,U突破,2板小波穿插,False,炸板,-5.99,-7.72,-7.72,-1.92,-14.75,15.06,20,+-+,2,3.43,3.33,25.0,False,,False,False,False
002046.SZSE,国机精工,2025-08-18,2025-08,4板补涨阴,False,,无U,无穿插,True,连板,2.18,10.01,16.71,-2.03,-2.03,0.0,6,+++,5,-1.43,3.24,70.0,True,04,True,True,False
002046.SZSE,国机精工,2025-09-05,2025-09,4板补涨阴,False,,无U,2板小波穿插,True,封D1正,1.76,0.41,0.41,-0.16,-2.03,1.91,20,--+,2,-3.43,1.56,33.0,False,,True,False,False
002081.SZSE,金 螳 螂,2026-08-25,2026-08,4板补涨阴,False,,U坑内,无穿插,True,封D1正,-0.91,2.91,2.91,-14.09,-14.09,0.0,6,+++,4,-2.91,0.78,41.0,False,,True,False,False
002083.SZSE,孚日股份,2025-12-05,2025-12,4板补涨阴,False,,U坑内,孤立板穿插,False,封D1负,1.17,-0.29,-0.29,-26.81,-27.67,1.2,14,+-+,8,-4.32,3.49,30.0,False,,True,False,False
002083.SZSE,孚日股份,2025-12-10,2025-12,4板补涨阴,False,,U坑内,孤立板穿插,False,封D1正,5.07,3.0,3.0,-23.82,-27.67,5.33,17,--+,8,-5.09,1.37,46.0,False,,True,False,False
002083.SZSE,孚日股份,2025-12-15,2025-12,4板补涨阴,False,,U坑内,无穿插,True,封D1负,0.0,-5.22,-5.22,-19.26,-27.67,11.63,20,+-+,8,-6.47,1.09,67.0,False,,True,False,False
002097.SZSE,山河智能,2025-07-28,2025-07,4板补涨阴,False,,U坑内,无穿插,False,连板,4.05,9.99,13.38,-6.22,-6.22,0.0,2,+++,4,-6.22,0.0,40.0,True,05,True,True,False
002115.SZSE,三维通信,2024-12-17,2024-12,4板补涨阴,False,,无U,无穿插,True,炸板,-26.36,-23.1,-23.1,0.55,0.55,0.0,2,+++,4,0.55,0.0,89.0,False,,False,False,False
002115.SZSE,三维通信,2026-01-27,2026-01,4板补涨阴,False,,U坑内,无穿插,False,封D1负,0.89,-2.03,-2.03,-27.0,-31.44,6.48,9,-++,4,-7.08,0.84,57.0,False,,True,False,False
002131.SZSE,利欧股份,2026-02-12,2026-02,4板补涨阴,False,,U坑内,无穿插,True,封D1负,-0.88,-1.32,-1.32,-16.92,-19.44,3.12,18,-++,4,-1.2,3.95,46.0,False,,True,False,False
002137.SZSE,实益达,2025-01-14,2025-01,4板补涨阴,False,,U坑内,无穿插,False,封D1正,2.19,2.19,2.19,-42.74,-42.74,0.0,12,--+,6,-5.23,1.88,42.0,False,,True,False,False
002137.SZSE,实益达,2025-01-17,2025-01,4板补涨阴,False,,U坑内,孤立板穿插,True,封D1负,4.46,-0.34,-0.34,-35.52,-42.74,12.61,15,--+,6,0.13,0.5,59.0,False,,True,False,False
002155.SZSE,湖南黄金,2026-02-27,2026-02,4板补涨阴,False,,U坑内,孤立板穿插,False,连板,6.1,10.0,7.9,-7.38,-12.16,5.45,14,-++,5,1.0,2.71,52.0,True,04,True,True,False
002158.SZSE,汉钟精机,2025-09-01,2025-09,4板补涨阴,True,孤板×多头,U坑内,孤立板穿插,False,炸板,-2.97,-7.98,-7.98,-8.88,-12.35,3.96,8,+++,4,-4.28,0.68,55.0,False,,False,False,False
002158.SZSE,汉钟精机,2025-09-03,2025-09,4板补涨阴,True,孤板×多头,U坑内,孤立板穿插,False,封D1负,5.0,-9.95,-9.95,-7.77,-12.35,5.22,10,+++,4,-5.1,2.04,40.0,False,,True,False,False
002158.SZSE,汉钟精机,2025-09-16,2025-09,4板补涨阴,False,,U突破,无穿插,True,炸板,-4.14,-6.21,-6.21,-1.22,-12.35,12.7,19,+++,4,-1.29,0.46,56.0,False,,False,False,False
002163.SZSE,海南发展,2026-01-19,2026-01,4板补涨阴,False,,U坑内,孤立板穿插,True,封D1负,-0.97,-6.29,-6.29,-12.66,-12.66,0.0,16,-++,4,-4.63,0.51,48.0,False,,True,False,False
002165.SZSE,红 宝 丽,2025-05-16,2025-05,4板补涨阴,False,,U坑内,孤立板穿插,False,封D1负,-1.77,-2.25,-2.25,-5.12,-6.54,1.53,17,-++,4,-7.9,2.2,40.0,False,,True,False,False
002167.SZSE,东方锆业,2026-06-30,2026-06,4板补涨阴,False,,U坑内,无穿插,True,连板,1.13,10.01,18.03,-6.52,-6.52,0.0,4,+++,4,-6.96,1.35,89.0,True,04,True,True,False
002167.SZSE,东方锆业,2026-07-10,2026-07,4板补涨阴,False,,U坑内,2板小波穿插,True,炸板,-12.07,-18.18,-18.18,-8.43,-8.43,0.0,12,-++,2,-2.24,3.28,63.0,False,,False,False,False
002173.SZSE,创新医疗,2023-06-07,2023-06,4板补涨阴,False,,无U,无穿插,True,炸板,-2.88,-12.43,-12.43,6.5,4.33,2.08,4,+++,5,-1.68,2.48,35.0,False,,False,False,False
002177.SZSE,御银股份,2025-06-30,2025-06,4板补涨阴,False,,U突破,无穿插,True,炸板,-5.19,-6.16,-6.16,-1.83,-14.86,15.31,18,+-+,5,-1.18,2.89,42.0,False,,False,False,False
002178.SZSE,延华智能,2024-10-23,2024-10,4板补涨阴,False,,U坑内,无穿插,False,封D1负,9.91,-3.36,-3.36,-11.48,-17.85,7.76,10,+++,4,-2.8,0.8,85.0,False,,True,False,False
002178.SZSE,延华智能,2024-12-05,2024-12,4板补涨阴,False,,U坑内,无穿插,True,封D1负,9.36,-0.51,-0.51,-26.76,-30.58,5.51,20,+-+,4,-3.54,0.82,69.0,False,,True,False,False
002181.SZSE,粤 传 媒,2024-12-17,2024-12,4板补涨阴,False,,U坑内,无穿插,False,连板,4.31,10.05,8.97,-4.28,-4.28,0.0,2,+++,4,-4.28,0.0,89.0,True,05,True,True,False
002190.SZSE,成飞集成,2025-06-13,2025-06,4板补涨阴,False,,U坑内,无穿插,True,封D1正,-0.98,1.91,1.91,-15.45,-16.97,1.83,18,--+,9,-1.79,0.09,49.0,False,,True,False,False
002192.SZSE,融捷股份,2026-04-24,2026-04,4板补涨阴,False,,U突破,无穿插,True,封D1正,3.19,4.8,4.8,0.56,-9.45,11.06,19,+++,4,-3.81,0.11,45.0,False,,True,False,False
002195.SZSE,岩山科技,2024-12-18,2024-12,4板补涨阴,False,,U坑内,无穿插,True,封D1正,3.11,2.07,2.07,-18.7,-18.7,0.0,9,-++,4,-6.99,0.0,25.0,False,,True,False,False
002195.SZSE,岩山科技,2026-01-14,2026-01,4板补涨阴,False,,无U,孤立板穿插,True,封D1负,-8.49,-10.01,-10.01,15.51,-0.29,15.85,4,+++,4,5.27,0.0,52.0,False,,True,False,False
002201.SZSE,九鼎新材,2026-01-08,2026-01,4板补涨阴,False,,U坑内,无穿插,False,封D1负,6.2,-1.27,-1.27,-13.98,-13.98,0.0,7,+++,4,-4.12,0.72,63.0,False,,True,False,False
002201.SZSE,九鼎新材,2026-01-14,2026-01,4板补涨阴,True,孤板×多头,U坑内,孤立板穿插,True,封D1负,3.83,-3.51,-3.51,-8.59,-13.98,6.26,11,+++,4,-6.18,0.66,52.0,False,,True,False,False
002229.SZSE,鸿博股份,2023-06-05,2023-06,4板补涨阴,False,,U坑内,无穿插,False,封D1正,8.53,0.31,0.31,-5.56,-5.56,0.0,3,+++,5,-4.31,0.88,45.0,False,,True,False,False
002229.SZSE,鸿博股份,2023-06-07,2023-06,4板补涨阴,True,孤板×多头,U突破,孤立板穿插,True,封D1正,-0.68,0.94,0.94,4.2,-5.56,10.34,5,+++,5,0.31,0.0,35.0,False,,True,False,False
002229.SZSE,鸿博股份,2025-05-22,2025-05,4板补涨阴,False,,U坑内,无穿插,True,炸板,-5.28,-6.71,-6.71,-4.53,-4.53,0.0,13,-++,4,-4.05,3.61,45.0,False,,False,False,False
002238.SZSE,天威视讯,2023-11-20,2023-11,4板补涨阴,True,孤板×多头,U突破,孤立板穿插,False,封D1正,2.32,7.11,7.11,-2.26,-4.29,2.12,6,+++,7,2.12,3.26,38.0,False,,True,False,False
002253.SZSE,川大智胜,2024-05-17,2024-05,4板补涨阴,False,,U坑内,无穿插,False,封D1正,0.0,0.83,0.83,-20.25,-22.28,2.61,11,-+-,4,0.27,1.92,30.0,False,,True,False,False
002261.SZSE,拓维信息,2025-02-14,2025-02,4板补涨阴,False,,无U,无穿插,True,封D1负,3.88,-4.31,-4.31,0.94,0.94,0.0,2,+++,6,0.94,2.04,45.0,False,,True,False,False
002263.SZSE,大东南,2025-07-08,2025-07,4板补涨阴,True,孤板×多头,U突破,孤立板穿插,True,封D1正,1.53,0.44,0.44,0.48,-5.08,5.87,6,+++,5,-6.11,3.39,52.0,False,,True,False,False
002264.SZSE,新 华 都,2025-12-19,2025-12,4板补涨阴,False,,U坑内,无穿插,False,封D1负,1.39,-0.97,-0.97,-21.5,-21.5,0.0,17,--+,4,-2.42,1.73,52.0,False,,True,False,False
002272.SZSE,川润股份,2024-03-11,2024-03,4板补涨阴,False,,无U,无穿插,False,封D1正,7.03,2.3,2.3,-2.2,-2.2,0.0,2,++-,4,-2.2,0.14,52.0,False,,True,False,False
002272.SZSE,川润股份,2024-03-13,2024-03,4板补涨阴,False,,无U,孤立板穿插,True,炸板,-10.45,-15.8,-15.8,10.04,-2.2,12.52,4,+++,4,2.3,2.94,57.0,False,,False,False,False
002272.SZSE,川润股份,2024-10-30,2024-10,4板补涨阴,False,,无U,无穿插,False,连板,4.61,10.03,-1.0,-2.58,-2.58,0.0,2,+++,9,-2.58,0.0,93.0,True,04,True,True,False
002297.SZSE,博云新材,2026-04-28,2026-04,4板补涨阴,False,,无U,无穿插,True,封D1正,-5.89,2.79,2.79,5.5,-2.42,8.11,6,+++,6,-7.94,0.0,54.0,False,,True,False,False
002297.SZSE,博云新材,2026-05-13,2026-05,4板补涨阴,False,,无U,孤立板穿插,True,炸板,-1.36,-6.04,-6.04,23.84,-2.42,26.91,14,+++,6,-4.17,1.31,50.0,False,,False,False,False
002297.SZSE,博云新材,2026-05-21,2026-05,4板补涨阴,False,,无U,孤立板穿插,True,炸板,-4.75,2.55,2.55,21.07,-2.42,24.07,20,-++,6,-1.83,0.25,51.0,False,,False,False,False
002300.SZSE,太阳电缆,2025-12-12,2025-12,4板补涨阴,False,,U坑内,无穿插,True,连板,10.01,10.01,8.98,-6.18,-6.18,0.0,5,+++,4,-5.72,3.2,27.0,True,05,True,True,False
002309.SZSE,中利集团,2026-04-20,2026-04,4板补涨阴,False,,U坑内,孤立板穿插,True,封D1负,2.97,-1.6,-1.6,-21.5,-21.5,0.0,17,--+,4,-2.69,2.93,57.0,False,,True,False,False
002312.SZSE,川发龙蟒,2024-11-19,2024-11,4板补涨阴,False,,U坑内,孤立板穿插,True,炸板,-4.2,7.39,12.09,-23.09,-23.09,0.0,13,-++,4,-3.65,1.13,74.0,False,,False,True,False
002313.SZSE,日海智能,2024-03-04,2024-03,4板补涨阴,False,,U坑内,无穿插,False,封D1正,2.29,4.03,4.03,-11.36,-11.36,0.0,4,++-,4,-3.58,2.08,56.0,False,,True,False,False
002313.SZSE,日海智能,2024-03-08,2024-03,4板补涨阴,False,,U坑内,孤立板穿插,True,连板,3.12,9.97,19.21,-7.11,-11.36,4.79,8,++-,4,-6.62,1.07,44.0,True,04,True,True,False
002342.SZSE,巨力索具,2025-04-18,2025-04,4板补涨阴,False,,U坑内,孤立板穿插,True,封D1正,0.43,4.96,4.96,-29.08,-30.08,1.44,20,--+,6,0.24,2.85,78.0,False,,True,False,False
002342.SZSE,巨力索具,2026-01-21,2026-01,4板补涨阴,False,,U坑内,无穿插,True,连板,5.27,10.01,22.52,-23.48,-23.48,0.0,6,+++,4,-5.75,1.48,50.0,True,05,True,True,False
002348.SZSE,高乐股份,2025-12-08,2025-12,4板补涨阴,False,,无U,无穿插,False,炸板,-3.52,-6.74,-6.74,-3.12,-3.12,0.0,2,+++,4,-3.12,0.0,58.0,False,,False,False,False
002348.SZSE,高乐股份,2025-12-11,2025-12,4板补涨阴,False,,无U,无穿插,True,炸板,-5.19,-4.47,-4.47,-1.41,-3.12,1.77,5,+++,4,-0.79,2.36,50.0,False,,False,False,False
002354.SZSE,天娱数科,2024-12-13,2024-12,4板补涨阴,False,,无U,无穿插,True,封D1负,3.53,-8.47,-8.47,3.34,3.21,0.13,3,+++,4,0.13,2.46,119.0,False,,True,False,False
002354.SZSE,天娱数科,2026-06-18,2026-06,4板补涨阴,False,,U坑内,无穿插,False,连板,4.79,9.96,4.92,-20.74,-20.74,0.0,6,+++,4,-3.17,0.83,67.0,True,04,True,True,False
002354.SZSE,天娱数科,2026-06-24,2026-06,4板补涨阴,False,,U坑内,2板小波穿插,False,封D1负,-4.82,-9.98,-9.98,-8.57,-20.74,15.36,9,-++,2,-4.59,1.53,87.0,False,,True,False,False
002356.SZSE,鹏飞绿能,2023-08-02,2023-08,4板补涨阴,False,,U坑内,无穿插,False,封D1正,8.77,3.68,3.68,-10.84,-11.36,0.58,20,--+,4,-2.63,0.19,25.0,False,,True,False,False
002361.SZSE,神剑股份,2026-04-08,2026-04,4板补涨阴,False,,U坑内,无穿插,True,封D1负,0.0,-2.21,-2.21,-7.58,-7.58,0.0,5,+++,4,-3.11,3.94,81.0,False,,True,False,False
002364.SZSE,中恒电气,2026-05-13,2026-05,4板补涨阴,True,孤板×多头,U突破,孤立板穿插,True,封D1正,5.04,0.7,0.7,3.55,-6.45,10.69,18,+++,4,-1.63,0.65,50.0,False,,True,False,False
002366.SZSE,融发核电,2025-06-12,2025-06,4板补涨阴,False,,U坑内,无穿插,False,封D1正,0.27,1.48,1.48,-17.84,-18.81,1.2,9,-++,5,-4.51,0.85,44.0,False,,True,False,False
002369.SZSE,卓翼科技,2025-02-27,2025-02,4板补涨阴,False,,无U,无穿插,False,封D1负,0.07,-4.66,-4.66,-0.48,-0.48,0.0,2,+++,5,-0.48,1.52,81.0,False,,True,False,False
002395.SZSE,双象股份,2024-01-02,2024-01,4板补涨阴,False,,无U,无穿插,True,封D1负,-9.98,-9.98,-9.98,1.0,1.0,0.0,2,+++,4,1.0,3.71,54.0,False,,True,False,False
002400.SZSE,省广集团,2026-01-28,2026-01,4板补涨阴,False,,U坑内,无穿插,False,炸板,-9.47,0.89,0.89,-18.68,-23.24,5.94,10,-++,4,-0.18,2.4,46.0,False,,False,False,False
002410.SZSE,广联达,2024-10-14,2024-10,4板补涨阴,False,,U坑内,无穿插,True,封D1正,2.76,3.05,3.05,-13.72,-13.72,0.0,4,+++,4,-5.94,2.27,28.0,False,,True,False,False
002428.SZSE,云南锗业,2024-11-07,2024-11,4板补涨阴,False,,无U,无穿插,True,封D1负,-4.26,-10.0,-10.0,4.46,4.46,0.0,2,+++,4,4.46,2.1,104.0,False,,True,False,False
002445.SZSE,中南文化,2026-03-27,2026-03,4板补涨阴,False,,U坑内,孤立板穿插,True,封D1负,-2.25,-5.18,-5.18,-10.02,-17.59,9.19,10,-++,5,-5.39,1.17,36.0,False,,True,False,False
002455.SZSE,百川股份,2026-02-24,2026-02,4板补涨阴,False,,U坑内,无穿插,False,炸板,0.52,-6.04,-6.04,-6.61,-6.61,0.0,3,+++,4,-1.77,3.12,29.0,False,,False,False,False
002456.SZSE,欧菲光,2023-10-23,2023-10,4板补涨阴,False,,U坑内,无穿插,True,炸板,-2.42,-11.43,-11.43,-5.05,-5.05,0.0,6,+++,6,-7.47,3.22,35.0,False,,False,False,False
002470.SZSE,金正大,2026-03-06,2026-03,4板补涨阴,False,,U坑内,无穿插,False,封D1正,9.79,3.5,3.5,-16.13,-16.13,0.0,5,+++,4,-7.8,1.06,55.0,False,,True,False,False
002470.SZSE,金正大,2026-03-13,2026-03,4板补涨阴,True,孤板×多头,U坑内,孤立板穿插,True,封D1正,7.14,1.55,1.55,-5.48,-16.13,12.69,10,+++,4,-2.66,3.99,46.0,False,,True,False,False
002470.SZSE,金正大,2026-03-17,2026-03,4板补涨阴,True,孤板×多头,U突破,孤立板穿插,True,封D1负,-1.39,-0.28,-0.28,5.48,-16.13,25.77,12,+++,4,1.55,2.8,39.0,False,,True,False,False
002470.SZSE,金正大,2026-03-27,2026-03,4板补涨阴,False,,U坑内,无穿插,False,封D1正,3.24,4.21,4.21,-9.35,-16.13,8.08,20,-++,4,-4.1,2.39,36.0,False,,True,False,False
002471.SZSE,中超控股,2025-05-22,2025-05,4板补涨阴,False,,U突破,2板小波穿插,False,连板,8.64,10.05,28.74,-1.77,-9.34,8.36,10,-++,2,-5.58,1.46,45.0,True,05,True,True,False
002471.SZSE,中超控股,2025-06-18,2025-06,4板补涨阴,False,,U坑内,孤立板穿插,True,封D1负,0.0,-8.3,-8.3,-11.58,-11.58,0.0,15,-++,4,-2.33,0.19,37.0,False,,True,False,False
002474.SZSE,榕基软件,2025-12-10,2025-12,4板补涨阴,False,,U坑内,无穿插,False,炸板,-6.24,-11.67,-11.67,-11.16,-19.12,9.83,13,-++,5,-4.16,1.99,46.0,False,,False,False,False
002491.SZSE,通鼎互联,2026-05-28,2026-05,4板补涨阴,False,,U坑内,无穿插,True,炸板,-1.54,2.44,2.44,-15.04,-15.04,0.0,12,-++,4,-2.34,2.8,45.0,False,,False,False,False
002498.SZSE,汉缆股份,2026-03-04,2026-03,4板补涨阴,False,,U坑内,无穿插,True,连板,9.72,9.96,22.51,-9.88,-9.88,0.0,5,+++,4,-7.51,0.0,67.0,True,05,True,True,False
002498.SZSE,汉缆股份,2026-03-12,2026-03,4板补涨阴,False,,U突破,3板小波穿插,True,封D1负,2.89,-9.44,-9.44,15.12,-9.88,27.74,11,+++,3,-2.18,1.04,48.0,False,,True,False,False
002506.SZSE,协鑫集成,2026-03-06,2026-03,4板补涨阴,False,,U突破,孤立板穿插,False,封D1正,1.62,3.96,3.96,0.2,-14.48,17.17,13,+++,4,-1.94,0.19,55.0,False,,True,False,False
002506.SZSE,协鑫集成,2026-03-17,2026-03,4板补涨阴,False,,U突破,无穿插,True,封D1负,-0.53,-1.95,-1.95,1.59,-14.48,18.79,20,+++,4,-5.54,0.74,39.0,False,,True,False,False
002513.SZSE,蓝丰生化,2024-11-27,2024-11,4板补涨阴,False,,U坑内,无穿插,False,炸板,-4.76,-6.35,-6.35,-31.29,-34.17,4.37,14,--+,6,-1.38,1.2,79.0,False,,False,False,False
002513.SZSE,蓝丰生化,2025-10-21,2025-10,4板补涨阴,False,,U坑内,孤立板穿插,False,连板,2.93,10.05,-0.9,-22.6,-26.35,5.09,9,-++,7,-4.62,3.55,66.0,True,04,True,True,False
002519.SZSE,银河电子,2026-01-22,2026-01,4板补涨阴,False,,U坑内,孤立板穿插,False,封D1正,3.95,5.35,5.35,-31.82,-31.82,0.0,8,-++,6,-1.64,1.89,72.0,False,,True,False,False
002535.SZSE,林州重机,2023-07-12,2023-07,4板补涨阴,False,,U坑内,无穿插,False,连板,5.77,10.1,6.6,-20.83,-23.16,3.04,5,+++,4,3.04,0.93,26.0,True,04,True,True,False
002535.SZSE,林州重机,2023-07-17,2023-07,4板补涨阴,False,,U坑内,2板小波穿插,False,封D1正,2.81,1.93,1.93,-7.18,-23.16,20.79,8,-++,2,-3.18,3.93,29.0,False,,True,False,False
002549.SZSE,凯美特气,2025-05-06,2025-05,4板补涨阴,False,,U坑内,2板小波穿插,False,封D1正,2.63,2.96,2.96,-17.9,-17.9,0.0,20,--+,2,-0.24,2.16,56.0,False,,True,False,False
002552.SZSE,宝鼎科技,2026-05-18,2026-05,4板补涨阴,False,,无U,无穿插,True,连板,8.63,9.99,5.83,-3.97,-3.97,0.0,4,+++,4,-5.08,0.95,46.0,True,05,True,True,False
002553.SZSE,南方精工,2025-04-15,2025-04,4板补涨阴,False,,U坑内,2板小波穿插,False,封D1正,1.47,2.33,2.33,-30.14,-37.89,12.49,16,--+,2,1.24,2.82,85.0,False,,True,False,False
002559.SZSE,亚威股份,2023-12-12,2023-12,4板补涨阴,False,,U坑内,无穿插,True,炸板,-7.18,-10.47,-10.47,-13.65,-14.64,1.17,14,-++,5,-4.18,3.86,33.0,False,,False,False,False
002574.SZSE,明牌珠宝,2025-04-02,2025-04,4板补涨阴,False,,U坑内,无穿插,False,封D1负,-1.81,-0.75,-0.75,-30.33,-31.49,1.68,11,-++,6,1.68,1.18,43.0,False,,True,False,False
002583.SZSE,海能达,2024-09-30,2024-09,4板补涨阴,False,,U坑内,无穿插,False,连板,10.04,10.04,13.64,-4.42,-4.42,0.0,2,+++,6,-4.42,3.0,107.0,True,05,True,True,False
002583.SZSE,海能达,2024-10-11,2024-10,4板补涨阴,False,,U突破,3板小波穿插,False,封D1正,9.95,5.04,5.04,19.56,-4.42,25.08,6,+++,3,-6.07,3.1,51.0,False,,True,False,False
002583.SZSE,海能达,2024-10-15,2024-10,4板补涨阴,False,,U突破,3板小波穿插,True,连板,-1.97,9.96,12.66,38.17,-4.42,44.55,8,+++,3,5.04,0.0,71.0,True,05,True,True,False
002583.SZSE,海能达,2024-10-18,2024-10,4板补涨阴,False,,U突破,2板小波穿插,True,连板,0.42,10.04,112.38,71.29,-4.42,79.21,11,+++,2,2.45,3.4,41.0,True,05,True,True,False
002607.SZSE,中公教育,2024-08-28,2024-08,4板补涨阴,False,,U坑内,无穿插,False,封D1正,2.2,4.4,4.4,-38.2,-38.2,0.0,15,--+,5,-4.07,0.58,23.0,False,,True,False,False
002640.SZSE,跨境通,2024-12-12,2024-12,4板补涨阴,False,,U坑内,无穿插,True,炸板,-1.41,-3.87,-3.87,-24.34,-24.34,0.0,5,+++,7,-7.86,3.93,119.0,False,,False,False,False
002640.SZSE,跨境通,2024-12-20,2024-12,4板补涨阴,False,,U坑内,无穿插,True,封D1负,-3.47,-9.85,-9.85,-30.94,-30.94,0.0,11,-++,7,-7.28,0.59,50.0,False,,True,False,False
002640.SZSE,跨境通,2025-01-02,2025-01,4板补涨阴,False,,U坑内,孤立板穿插,False,封D1正,-0.47,4.5,4.5,-43.7,-43.7,0.0,19,--+,7,-4.95,1.49,39.0,False,,True,False,False
002645.SZSE,华宏科技,2025-07-18,2025-07,4板补涨阴,False,,U坑内,无穿插,False,连板,4.33,9.98,2.58,-6.39,-6.39,0.0,2,+++,4,-6.39,1.51,49.0,True,05,True,True,False
002651.SZSE,利君股份,2025-06-09,2025-06,4板补涨阴,False,,U坑内,2板小波穿插,False,封D1负,0.99,-5.67,-5.67,-7.06,-7.06,0.0,17,--+,2,-3.24,1.66,44.0,False,,True,False,False
002654.SZSE,万润科技,2024-11-25,2024-11,4板补涨阴,False,,U坑内,无穿插,True,封D1负,-1.33,-5.2,-5.2,-24.32,-26.71,3.26,18,--+,5,-2.85,3.92,60.0,False,,True,False,False
002682.SZSE,龙洲股份,2023-11-14,2023-11,4板补涨阴,False,,U坑内,孤立板穿插,True,封D1负,3.09,-1.46,-1.46,-31.83,-31.83,0.0,11,-++,7,-0.71,0.53,31.0,False,,True,False,False
002685.SZSE,华东重机,2024-10-25,2024-10,4板补涨阴,False,,U坑内,无穿插,False,连板,5.67,10.01,14.23,-6.88,-6.88,0.0,2,+++,4,-6.88,0.0,67.0,True,05,True,True,False
002685.SZSE,华东重机,2024-10-30,2024-10,4板补涨阴,False,,U突破,2板小波穿插,True,封D1正,3.35,7.65,7.65,17.0,-6.88,25.65,5,+++,2,3.83,0.0,93.0,False,,True,False,False
002685.SZSE,华东重机,2024-11-19,2024-11,4板补涨阴,False,,U坑内,2板小波穿插,False,炸板,-2.7,-0.85,-0.85,-13.5,-13.5,0.0,19,--+,2,-5.6,1.62,74.0,False,,False,False,False
002688.SZSE,金河生物,2025-04-24,2025-04,4板补涨阴,False,,U坑内,无穿插,True,炸板,-6.39,-6.68,-6.68,-20.76,-21.77,1.29,11,-++,4,-4.86,0.0,52.0,False,,False,False,False
002693.SZSE,双成药业,2024-11-19,2024-11,4板补涨阴,False,,U坑内,3板小波穿插,False,连板,10.01,10.01,9.32,-27.88,-28.87,1.4,20,--+,3,1.4,1.35,74.0,True,05,True,True,False
002703.SZSE,浙江世宝,2023-08-02,2023-08,4板补涨阴,False,,U突破,孤立板穿插,True,封D1正,0.69,1.04,1.04,3.61,-4.85,8.89,19,--+,5,-3.89,3.95,25.0,False,,True,False,False
002703.SZSE,浙江世宝,2025-12-23,2025-12,4板补涨阴,False,,无U,无穿插,True,炸板,-6.49,0.39,4.33,5.6,5.6,0.0,2,++-,4,5.6,0.0,72.0,False,,False,True,False
002703.SZSE,浙江世宝,2026-01-05,2026-01,4板补涨阴,False,,无U,孤立板穿插,True,炸板,-0.18,5.74,9.89,17.65,5.6,11.41,9,+++,4,-5.72,3.02,49.0,False,,False,True,False
002712.SZSE,思美传媒,2024-11-11,2024-11,4板补涨阴,False,,U坑内,无穿插,False,封D1负,0.81,-5.69,-5.69,-19.22,-19.22,0.0,7,-++,4,-1.76,2.46,95.0,False,,True,False,False
002724.SZSE,海洋王,2025-03-24,2025-03,4板补涨阴,False,,无U,孤立板穿插,True,封D1负,-6.0,-9.97,-9.97,15.37,-0.82,16.32,4,+++,4,5.74,1.62,39.0,False,,True,False,False
002757.SZSE,南兴股份,2026-02-03,2026-02,4板补涨阴,False,,U坑内,孤立板穿插,True,炸板,-3.58,-6.65,-6.65,-9.51,-15.92,7.62,20,+-+,4,-0.51,2.94,32.0,False,,False,False,False
002779.SZSE,中坚科技,2024-03-14,2024-03,4板补涨阴,False,,无U,无穿插,True,炸板,-9.76,-5.58,-5.58,8.41,0.0,8.41,16,-++,4,-1.2,0.12,51.0,False,,False,False,False
002792.SZSE,通宇通讯,2025-12-22,2025-12,4板补涨阴,False,,无U,2板小波穿插,False,封D1负,0.06,-7.64,-7.64,11.67,-2.54,14.58,14,+++,2,-0.89,3.42,65.0,False,,True,False,False
002809.SZSE,红墙股份,2025-05-07,2025-05,4板补涨阴,True,孤板×多头,U坑内,孤立板穿插,False,封D1正,-0.5,5.12,5.12,-6.56,-6.64,0.09,8,+++,4,-7.51,3.84,79.0,False,,True,False,False
002819.SZSE,东方中科,2024-01-23,2024-01,4板补涨阴,False,,U坑内,无穿插,False,封D1正,3.46,2.42,2.42,-35.89,-35.89,0.0,11,-++,4,-6.67,0.55,15.0,False,,True,False,False
002819.SZSE,东方中科,2024-01-30,2024-01,4板补涨阴,False,,U坑内,孤立板穿插,True,炸板,-8.48,-12.44,-12.44,-30.82,-35.89,7.91,16,--+,4,-3.99,1.58,25.0,False,,False,False,False
002851.SZSE,麦格米特,2024-10-28,2024-10,4板补涨阴,False,,无U,无穿插,True,炸板,-7.1,-11.26,-11.26,0.87,0.87,0.0,3,+++,4,-2.95,0.6,121.0,False,,False,False,False
002853.SZSE,皮阿诺,2025-12-26,2025-12,4板补涨阴,False,,U坑内,无穿插,True,封D1负,1.56,-5.77,-5.77,-5.92,-5.92,0.0,6,+++,4,-7.04,2.29,72.0,False,,True,False,False
002853.SZSE,皮阿诺,2026-01-07,2026-01,4板补涨阴,False,,U坑内,孤立板穿插,False,封D1负,6.52,-0.93,-0.93,-5.27,-5.92,0.69,12,-++,4,-2.24,0.95,96.0,False,,True,False,False
002855.SZSE,捷荣技术,2023-09-08,2023-09,4板补涨阴,False,,无U,无穿插,True,连板,7.09,10.0,5.0,7.85,7.85,0.0,2,+++,6,7.85,0.0,12.0,True,05,True,True,False
002855.SZSE,捷荣技术,2023-09-13,2023-09,4板补涨阴,False,,无U,2板小波穿插,False,连板,0.95,10.01,6.76,24.56,7.85,15.5,5,+++,2,-4.54,0.52,24.0,True,05,True,True,False
002861.SZSE,瀛通通讯,2024-07-09,2024-07,4板补涨阴,False,,U坑内,无穿插,False,封D1正,0.54,0.0,0.0,-28.4,-28.4,0.0,6,-++,4,-3.11,1.84,14.0,False,,True,False,False
002861.SZSE,瀛通通讯,2024-07-16,2024-07,4板补涨阴,False,,U坑内,孤立板穿插,True,封D1负,4.5,-3.78,-3.78,-24.4,-28.4,5.58,11,-++,4,-1.77,0.33,22.0,False,,True,False,False
002862.SZSE,实丰文化,2023-12-28,2023-12,4板补涨阴,False,,U坑内,无穿插,False,封D1负,0.0,-1.35,-1.35,-23.11,-23.11,0.0,7,-++,4,-2.8,1.5,26.0,False,,True,False,False
002868.SZSE,绿康生化,2024-02-01,2024-02,4板补涨阴,False,,U坑内,无穿插,False,封D1负,7.61,-5.82,-5.82,-44.36,-44.36,0.0,12,--+,4,-6.12,1.23,24.0,False,,True,False,False
002868.SZSE,绿康生化,2024-02-08,2024-02,4板补涨阴,False,,U坑内,孤立板穿插,False,封D1正,0.39,3.14,3.14,-53.77,-53.77,0.0,17,--+,4,-7.64,3.99,92.0,False,,True,False,False
002888.SZSE,惠威科技,2023-12-18,2023-12,4板补涨阴,False,,U坑内,孤立板穿插,False,连板,1.03,10.0,19.79,-28.67,-28.67,0.0,15,--+,4,-1.84,1.39,42.0,True,05,True,True,False
002888.SZSE,惠威科技,2024-01-03,2024-01,4板补涨阴,False,,U坑内,无穿插,False,连板,8.44,10.01,8.48,-9.95,-9.99,0.04,8,+++,4,-7.37,0.32,48.0,True,05,True,True,False
002896.SZSE,中大力德,2023-06-26,2023-06,4板补涨阴,False,,无U,无穿插,True,炸板,-8.65,-3.52,-3.52,3.4,3.4,0.0,3,+++,4,-3.69,1.8,32.0,False,,False,False,False
002902.SZSE,铭普光磁,2023-06-29,2023-06,4板补涨阴,False,,无U,无穿插,True,炸板,-1.58,1.1,1.1,-3.5,-3.5,0.0,14,-++,5,-5.6,0.5,28.0,False,,False,False,False
002910.SZSE,庄园牧场,2025-03-14,2025-03,4板补涨阴,False,,U坑内,无穿插,False,封D1负,0.6,-1.61,-1.61,-31.18,-31.18,0.0,11,-++,5,-2.58,0.43,34.0,False,,True,False,False
002912.SZSE,中新赛克,2024-11-06,2024-11,4板补涨阴,False,,U坑内,无穿插,False,封D1负,3.9,-4.59,-4.59,-8.37,-8.37,0.0,4,+++,5,-4.32,1.49,139.0,False,,True,False,False
002912.SZSE,中新赛克,2024-11-18,2024-11,4板补涨阴,False,,U坑内,孤立板穿插,False,封D1负,-0.95,-3.42,-3.42,-21.59,-21.59,0.0,12,-++,5,-5.95,1.53,53.0,False,,True,False,False
002912.SZSE,中新赛克,2024-11-28,2024-11,4板补涨阴,False,,U坑内,无穿插,False,炸板,-9.18,-8.5,-8.5,-10.48,-21.59,14.17,20,+-+,5,-6.4,0.1,77.0,False,,False,False,False
002917.SZSE,金奥博,2025-01-21,2025-01,4板补涨阴,False,,U坑内,无穿插,False,炸板,-7.27,7.12,-3.61,-5.13,-5.13,0.0,2,+++,7,-5.13,0.99,62.0,False,,False,True,False
002918.SZSE,蒙娜丽莎,2026-05-28,2026-05,4板补涨阴,False,,U坑内,无穿插,False,封D1负,2.87,-10.03,-10.03,-27.0,-27.0,0.0,9,-++,6,-3.0,0.14,45.0,False,,True,False,False
002940.SZSE,昂利康,2025-06-27,2025-06,4板补涨阴,False,,无U,孤立板穿插,True,封D1正,0.0,9.24,9.24,18.27,0.92,17.19,12,+++,4,-6.0,3.93,46.0,False,,True,False,False
002952.SZSE,亚世光电,2024-01-29,2024-01,4板补涨阴,False,,U坑内,孤立板穿插,False,封D1负,-5.39,-10.0,-10.0,-28.35,-28.35,0.0,19,--+,9,-2.52,3.51,49.0,False,,True,False,False
002952.SZSE,亚世光电,2024-03-19,2024-03,4板补涨阴,False,,U坑内,无穿插,False,封D1负,1.98,-0.12,-0.12,-25.76,-28.05,3.17,15,--+,5,1.78,0.0,70.0,False,,True,False,False
002952.SZSE,亚世光电,2024-09-09,2024-09,4板补涨阴,False,,U坑内,无穿插,False,封D1负,1.29,-2.35,-2.35,-28.22,-29.78,2.23,16,+-+,4,-2.03,1.24,26.0,False,,True,False,False
002963.SZSE,豪尔赛,2026-08-11,2026-08,4板补涨阴,False,,U坑内,无穿插,False,封D1负,-3.38,-4.93,-4.93,-5.63,-5.63,0.0,3,++-,5,-1.3,1.62,93.0,False,,True,False,False
002969.SZSE,嘉美包装,2026-01-14,2026-01,4板补涨阴,False,,无U,2板小波穿插,True,封D1负,-0.62,-9.99,-9.99,48.1,6.84,38.63,6,+++,2,5.85,0.0,52.0,False,,True,False,False
002969.SZSE,嘉美包装,2026-01-22,2026-01,4板补涨阴,False,,无U,2板小波穿插,True,封D1正,-1.5,8.52,8.52,63.8,6.84,53.32,12,+++,2,2.59,0.0,72.0,False,,True,False,False
002969.SZSE,嘉美包装,2026-02-05,2026-02,4板补涨阴,False,,无U,2板小波穿插,True,封D1正,0.04,2.77,2.77,94.01,6.84,81.6,17,+++,2,-3.36,1.89,57.0,False,,True,False,False
002975.SZSE,博杰股份,2024-03-05,2024-03,4板补涨阴,False,,U坑内,无穿插,True,炸板,-7.97,-3.92,-3.92,-5.71,-5.71,0.0,4,++-,4,-4.94,1.57,61.0,False,,False,False,False
002981.SZSE,朝阳科技,2023-11-07,2023-11,4板补涨阴,False,,无U,无穿插,True,封D1负,-3.14,-9.99,-9.99,0.79,0.79,0.0,2,+++,5,0.79,0.0,47.0,False,,True,False,False
003026.SZSE,中晶科技,2024-06-20,2024-06,4板补涨阴,False,,U坑内,无穿插,False,封D1负,-2.76,-5.86,-5.86,-14.68,-15.1,0.49,7,-++,4,-1.51,2.27,20.0,False,,True,False,False
003029.SZSE,吉大正元,2025-07-11,2025-07,4板补涨阴,False,,U坑内,无穿插,False,封D1正,-0.16,4.11,4.11,-19.9,-21.96,2.65,11,-++,4,-4.32,1.34,54.0,False,,True,False,False
003041.SZSE,真爱美家,2025-11-25,2025-11,4板补涨阴,False,,无U,无穿插,True,封D1负,-5.0,-1.37,-1.37,-0.35,-0.35,0.0,4,+++,6,-4.56,0.11,56.0,False,,True,False,False
600076.SSE,康欣新材,2024-07-11,2024-07,4板补涨阴,False,,U坑内,无穿插,False,炸板,-3.12,-5.0,-5.0,-26.02,-26.02,0.0,6,-+-,4,-2.68,1.34,34.0,False,,False,False,False
600078.SSE,澄星股份,2025-11-05,2025-11,4板补涨阴,True,孤板×多头,U坑内,孤立板穿插,False,炸板,1.78,7.43,32.67,-7.46,-13.81,7.37,16,+++,4,-2.13,1.92,44.0,False,,False,True,False
600088.SSE,中视传媒,2024-03-05,2024-03,4板补涨阴,False,,U坑内,孤立板穿插,True,封D1负,-1.16,-2.6,-2.6,-21.38,-35.92,22.7,17,-++,8,-0.57,0.92,61.0,False,,True,False,False
600103.SSE,青山纸业,2025-10-20,2025-10,4板补涨阴,False,,U坑内,孤立板穿插,True,封D1正,0.27,1.08,1.08,-19.86,-19.86,0.0,20,--+,4,-4.01,2.01,34.0,False,,True,False,False
600108.SSE,亚盛集团,2026-03-06,2026-03,4板补涨阴,False,,U坑内,无穿插,False,封D1负,0.0,-1.63,-1.63,-5.1,-5.1,0.0,2,+++,4,-5.1,0.0,55.0,False,,True,False,False
600120.SSE,浙江东方,2025-02-19,2025-02,4板补涨阴,False,,U坑内,无穿插,False,炸板,-4.46,-2.6,-2.6,-18.72,-18.72,0.0,5,+++,7,-4.05,1.05,37.0,False,,False,False,False
600159.SSE,大龙地产,2023-12-15,2023-12,4板补涨阴,False,,U坑内,孤立板穿插,False,封D1负,-4.85,-1.98,-1.98,-14.14,-22.66,11.02,16,+-+,4,-0.48,3.61,34.0,False,,True,False,False
600162.SSE,香江控股,2025-10-15,2025-10,4板补涨阴,False,,U坑内,无穿插,True,封D1负,4.37,-3.06,-3.06,-27.78,-28.12,0.48,13,--+,5,-0.95,3.33,34.0,False,,True,False,False
600162.SSE,香江控股,2025-10-21,2025-10,4板补涨阴,False,,U坑内,孤立板穿插,False,封D1正,0.0,1.7,1.7,-25.69,-28.12,3.38,17,+-+,5,-1.83,0.92,66.0,False,,True,False,False
600162.SSE,香江控股,2026-06-18,2026-06,4板补涨阴,False,,无U,孤立板穿插,True,连板,3.35,10.06,8.38,16.49,4.66,11.3,14,-++,5,-6.88,0.57,67.0,True,05,True,True,False
600162.SSE,香江控股,2026-06-25,2026-06,4板补涨阴,False,,无U,2板小波穿插,False,炸板,-15.85,-22.93,-22.93,33.69,4.66,27.74,18,+++,2,-3.87,3.09,87.0,False,,False,False,False
600167.SSE,联美控股,2025-10-10,2025-10,4板补涨阴,False,,U坑内,无穿插,False,封D1负,-5.03,-4.6,-4.6,-19.51,-19.51,0.0,5,+++,4,-6.08,0.99,74.0,False,,True,False,False
600172.SSE,黄河旋风,2024-12-31,2024-12,4板补涨阴,False,,U坑内,孤立板穿插,True,炸板,-7.28,4.23,4.23,-36.76,-36.76,0.0,16,--+,5,-5.84,1.46,36.0,False,,False,False,False
600178.SSE,东安动力,2024-11-04,2024-11,4板补涨阴,False,,U坑内,无穿插,False,炸板,-13.16,-2.36,-2.36,-7.3,-7.3,0.0,2,+++,4,-7.3,0.0,74.0,False,,False,False,False
600198.SSE,大唐电信,2024-10-23,2024-10,4板补涨阴,True,孤板×多头,U坑内,孤立板穿插,True,连板,6.92,9.98,45.42,-4.49,-20.43,20.03,16,+++,6,-1.43,2.54,85.0,True,04,True,True,False
600206.SSE,有研新材,2024-11-22,2024-11,4板补涨阴,False,,无U,孤立板穿插,True,炸板,0.25,5.24,-5.28,14.18,-2.62,17.26,7,+++,5,2.97,3.01,88.0,False,,False,True,False
600208.SSE,衢州发展,2024-11-05,2024-11,4板补涨阴,False,,U突破,孤立板穿插,False,封D1正,1.92,1.28,1.28,-2.74,-11.99,10.51,20,+++,4,-1.39,0.69,122.0,False,,True,False,False
600221.SSE,海航控股,2024-12-02,2024-12,4板补涨阴,False,,U坑内,无穿插,True,封D1正,4.71,2.62,2.62,-21.62,-25.23,4.82,17,--+,6,-1.69,1.13,105.0,False,,True,False,False
600246.SSE,万通发展,2024-11-18,2024-11,4板补涨阴,False,,U坑内,无穿插,True,炸板,-6.86,-5.23,-5.23,-18.28,-18.28,0.0,13,-++,4,-7.1,0.25,53.0,False,,False,False,False
600246.SSE,万通发展,2025-09-09,2025-09,4板补涨阴,False,,U突破,3板小波穿插,True,炸板,-5.91,-2.88,-2.88,21.18,-12.81,38.98,19,+++,3,-1.6,1.44,56.0,False,,False,False,False
600255.SSE,鑫科材料,2025-01-07,2025-01,4板补涨阴,False,,U坑内,孤立板穿插,False,封D1正,-3.66,4.71,4.71,-15.16,-16.38,1.46,12,-++,4,-3.34,3.34,52.0,False,,True,False,False
600266.SSE,城建发展,2026-01-12,2026-01,4板补涨阴,False,,无U,无穿插,True,炸板,-7.33,-14.13,-14.13,1.04,0.0,1.04,3,+++,4,1.04,2.52,79.0,False,,False,False,False
600272.SSE,开开实业,2024-02-02,2024-02,4板补涨阴,False,,U坑内,无穿插,False,封D1负,-9.96,-9.96,-9.96,-31.55,-31.55,0.0,5,+-+,4,-6.1,2.76,27.0,False,,True,False,False
600288.SSE,大恒科技,2024-12-16,2024-12,4板补涨阴,True,孤板×多头,U坑内,孤立板穿插,False,炸板,-6.54,-11.98,-11.98,-8.55,-22.56,18.1,16,+++,4,-5.23,0.0,84.0,False,,False,False,False
600292.SSE,电投水电,2024-11-12,2024-11,4板补涨阴,False,,U突破,2板小波穿插,True,封D1负,-10.02,-8.86,-8.86,16.43,-9.86,29.17,8,+++,2,6.74,0.0,108.0,False,,True,False,False
600292.SSE,电投水电,2024-11-19,2024-11,4板补涨阴,False,,U突破,2板小波穿插,False,封D1正,2.05,5.74,5.74,4.15,-9.86,15.54,13,+++,2,-5.27,3.27,74.0,False,,True,False,False
600310.SSE,广西能源,2023-05-29,2023-05,4板补涨阴,False,,U坑内,无穿插,False,封D1正,0.61,7.71,7.71,-7.25,-7.25,0.0,2,+++,4,-7.25,0.21,39.0,False,,True,False,False
600376.SSE,首开股份,2025-10-20,2025-10,4板补涨阴,False,,U坑内,孤立板穿插,False,封D1正,-2.19,0.94,0.94,-28.0,-28.0,0.0,16,--+,5,-1.69,1.86,34.0,False,,True,False,False
600379.SSE,宝光股份,2026-05-11,2026-05,4板补涨阴,False,,U坑内,无穿插,False,封D1负,-0.65,-6.73,-6.73,-9.26,-9.26,0.0,3,+++,4,-6.16,0.0,89.0,False,,True,False,False
600396.SSE,华电辽能,2026-04-13,2026-04,4板补涨阴,False,,U坑内,无穿插,True,连板,4.11,10.0,10.27,-20.38,-20.38,0.0,12,-++,8,-7.0,0.14,53.0,True,05,True,True,False
600448.SSE,华纺股份,2025-05-13,2025-05,4板补涨阴,False,,无U,无穿插,True,封D1正,-9.98,6.43,6.43,4.06,4.06,0.0,2,+++,4,4.06,0.0,38.0,False,,True,False,False
600475.SSE,华光环能,2025-08-05,2025-08,4板补涨阴,False,,U坑内,无穿插,False,连板,0.5,9.99,43.72,-21.36,-23.26,2.48,18,--+,6,0.21,0.35,41.0,True,05,True,True,False
600475.SSE,华光环能,2025-09-02,2025-09,4板补涨阴,False,,无U,2板小波穿插,False,封D1负,1.26,-8.42,-8.42,2.36,-2.17,4.63,17,-++,2,-0.28,1.79,85.0,False,,True,False,False
600481.SSE,双良节能,2024-11-21,2024-11,4板补涨阴,False,,U坑内,孤立板穿插,False,封D1负,-3.99,-8.12,-8.12,-22.45,-26.23,5.13,14,-++,6,0.82,2.79,119.0,False,,True,False,False
600501.SSE,航天晨光,2024-08-22,2024-08,4板补涨阴,False,,U坑内,无穿插,False,炸板,-5.93,-10.1,-10.1,-32.93,-32.93,0.0,14,--+,6,-5.9,1.88,28.0,False,,False,False,False
600520.SSE,三佳科技,2023-11-01,2023-11,4板补涨阴,False,,U突破,孤立板穿插,True,封D1负,5.13,-9.98,-9.98,0.58,-10.15,11.94,7,+++,5,1.76,1.9,29.0,False,,True,False,False
600520.SSE,三佳科技,2023-11-14,2023-11,4板补涨阴,False,,U突破,3板小波穿插,True,封D1正,5.22,0.42,0.42,56.41,-10.15,74.08,16,+++,3,2.88,2.59,31.0,False,,True,False,False
600520.SSE,三佳科技,2024-10-24,2024-10,4板补涨阴,False,,无U,无穿插,True,连板,10.01,10.01,18.56,3.08,3.08,0.0,2,+++,6,3.08,3.65,76.0,True,04,True,True,False
600570.SSE,恒生电子,2024-10-18,2024-10,4板补涨阴,False,,U坑内,无穿插,False,炸板,-1.2,-1.16,-1.16,-6.94,-15.53,10.18,7,+++,4,0.7,1.49,41.0,False,,False,False,False
600571.SSE,信雅达,2023-12-19,2023-12,4板补涨阴,False,,U坑内,无穿插,True,炸板,-5.14,-7.84,-7.84,-5.4,-5.4,0.0,8,+++,6,-5.13,2.65,29.0,False,,False,False,False
600578.SSE,京能电力,2026-06-15,2026-06,4板补涨阴,False,,无U,无穿插,True,封D1负,1.09,-0.97,-0.97,-2.85,-3.5,0.67,20,--+,4,-3.73,1.67,83.0,False,,True,False,False
600579.SSE,中化装备,2025-01-14,2025-01,4板补涨阴,False,,U坑内,2板小波穿插,False,封D1负,0.0,-1.38,-1.38,-40.27,-40.27,0.0,14,--+,2,-7.61,0.35,42.0,False,,True,False,False
600589.SSE,大位科技,2024-10-28,2024-10,4板补涨阴,False,,无U,孤立板穿插,True,封D1负,8.05,-3.22,-3.22,27.83,-1.94,30.36,19,+++,4,6.76,0.0,121.0,False,,True,False,False
600589.SSE,大位科技,2025-03-10,2025-03,4板补涨阴,False,,U突破,2板小波穿插,False,连板,-3.6,10.03,6.56,1.43,-13.63,17.44,7,+++,2,-2.88,2.61,45.0,True,05,True,True,False
600590.SSE,泰豪科技,2025-03-14,2025-03,4板补涨阴,False,,U突破,2板小波穿插,True,封D1负,0.17,-7.91,-7.91,17.39,-5.76,24.57,14,+++,2,-6.01,2.52,34.0,False,,True,False,False
600606.SSE,绿地控股,2024-10-16,2024-10,4板补涨阴,False,,U坑内,无穿插,False,封D1负,0.47,-8.96,-8.96,-15.72,-17.03,1.58,6,+++,4,-3.02,3.02,33.0,False,,True,False,False
600606.SSE,绿地控股,2024-11-05,2024-11,4板补涨阴,False,,U坑内,孤立板穿插,True,封D1正,0.0,6.44,6.44,-7.42,-17.03,11.58,20,+-+,4,0.47,0.95,122.0,False,,True,False,False
600607.SSE,上实医药,2007-06-05,2007-06,4板补涨阴,False,,U坑内,无穿插,True,封D1正,0.71,1.46,1.46,-25.58,-25.58,0.0,12,-++,4,-6.64,2.23,0.0,False,,True,False,False
600622.SSE,光大嘉宝,2024-10-30,2024-10,4板补涨阴,True,孤板×多头,U突破,孤立板穿插,True,炸板,-9.47,4.21,16.42,0.93,-15.89,20.0,8,+++,6,1.65,2.35,93.0,False,,False,True,False
600622.SSE,光大嘉宝,2024-10-31,2024-10,4板补涨阴,True,孤板×多头,U突破,孤立板穿插,True,连板,1.01,10.1,11.72,5.14,-15.89,25.0,9,+++,6,4.17,2.31,118.0,True,05,True,True,False
600629.SSE,华建集团,2025-10-21,2025-10,4板补涨阴,False,,无U,2板小波穿插,True,封D1负,-9.99,-9.99,-9.99,29.7,-1.36,31.48,9,+++,2,-2.34,1.26,66.0,False,,True,False,False
600633.SSE,浙数文化,2025-02-14,2025-02,4板补涨阴,False,,U坑内,无穿插,False,炸板,-5.84,6.87,2.11,-7.18,-7.18,0.0,2,+++,6,-7.18,1.6,45.0,False,,False,True,False
600633.SSE,浙数文化,2025-02-20,2025-02,4板补涨阴,True,孤板×多头,U突破,孤立板穿插,False,炸板,-5.05,-3.13,-3.13,-0.55,-7.18,7.14,6,+++,6,-4.61,0.05,90.0,False,,False,False,False
600644.SSE,乐山电力,2025-05-14,2025-05,4板补涨阴,False,,无U,2板小波穿插,True,封D1正,-3.77,4.01,4.01,10.42,4.09,6.08,16,-++,2,-1.9,2.16,41.0,False,,True,False,False
600650.SSE,锦江在线,2024-12-11,2024-12,4板补涨阴,False,,U坑内,无穿插,False,封D1正,-0.22,0.22,0.22,-23.64,-27.29,5.02,13,+-+,4,-1.66,0.59,82.0,False,,True,False,False
600653.SSE,申华控股,2024-11-07,2024-11,4板补涨阴,False,,U坑内,无穿插,False,连板,6.85,10.08,2.42,-18.48,-18.48,0.0,5,+++,6,-3.02,1.29,104.0,True,04,True,True,False
600686.SSE,金龙汽车,2024-08-13,2024-08,4板补涨阴,False,,U坑内,无穿插,True,连板,5.2,10.03,8.93,-12.95,-14.06,1.3,10,-++,4,-7.18,2.0,23.0,True,05,True,True,False
600715.SSE,文投控股,2024-03-18,2024-03,4板补涨阴,False,,U坑内,无穿插,False,封D1正,6.18,1.16,1.16,-16.96,-16.96,0.0,7,+++,5,-2.89,0.83,56.0,False,,True,False,False
600726.SSE,华电能源,2026-05-13,2026-05,4板补涨阴,True,孤板×多头,U突破,孤立板穿插,True,封D1负,4.6,-5.55,-5.55,9.69,-6.13,16.84,8,+++,4,-1.28,3.59,50.0,False,,True,False,False
600726.SSE,华电能源,2026-06-12,2026-06,4板补涨阴,False,,U坑内,无穿插,True,炸板,-9.41,-4.14,-4.14,-19.84,-19.84,0.0,10,-++,5,-3.68,2.37,55.0,False,,False,False,False
600744.SSE,华银电力,2026-08-07,2026-08,4板补涨阴,False,,U坑内,无穿插,False,封D1负,0.0,-1.9,-1.9,-9.82,-17.0,8.65,12,-++,4,-2.85,0.0,69.0,False,,True,False,False
600757.SSE,长江传媒,2023-05-26,2023-05,4板补涨阴,False,,U坑内,无穿插,False,封D1负,-1.01,-5.25,-5.25,-29.0,-29.0,0.0,14,--+,5,-3.22,3.01,36.0,False,,True,False,False
600783.SSE,鲁信创投,2025-12-31,2025-12,4板补涨阴,False,,无U,无穿插,False,封D1负,5.14,-9.99,-9.99,-3.15,-3.15,0.0,2,+++,4,-3.15,0.0,48.0,False,,True,False,False
600785.SSE,新华百货,2026-01-29,2026-01,4板补涨阴,False,,无U,无穿插,True,封D1负,4.05,-7.79,-7.79,0.97,0.97,0.0,8,+++,4,-7.11,3.64,72.0,False,,True,False,False
600785.SSE,新华百货,2026-02-02,2026-02,4板补涨阴,False,,无U,孤立板穿插,False,连板,-0.21,9.99,8.7,2.42,0.97,1.44,10,+++,4,-7.79,0.0,41.0,True,04,True,True,False
600793.SSE,宜宾纸业,2024-12-27,2024-12,4板补涨阴,False,,U突破,孤立板穿插,True,炸板,-3.79,-8.47,-8.47,-2.04,-10.59,9.56,9,+++,7,-2.53,3.41,79.0,False,,False,False,False
600793.SSE,宜宾纸业,2025-01-07,2025-01,4板补涨阴,False,,U坑内,孤立板穿插,True,封D1负,0.29,-2.04,-2.04,-28.11,-28.11,0.0,15,-++,7,-6.09,1.51,52.0,False,,True,False,False
600793.SSE,宜宾纸业,2025-01-13,2025-01,4板补涨阴,False,,U坑内,无穿插,False,封D1正,0.0,3.52,3.52,-27.45,-28.11,0.91,19,--+,7,-5.37,0.3,35.0,False,,True,False,False
600826.SSE,兰生股份,2024-12-11,2024-12,4板补涨阴,False,,U坑内,无穿插,True,封D1正,0.0,1.2,1.2,-18.67,-21.1,3.07,17,--+,4,0.78,0.56,82.0,False,,True,False,False
600828.SSE,茂业商业,2025-12-02,2025-12,4板补涨阴,False,,无U,无穿插,False,封D1负,-1.23,-9.95,-9.95,-3.41,-3.41,0.0,2,+++,4,-3.41,0.16,54.0,False,,True,False,False
600829.SSE,人民同泰,2025-12-02,2025-12,4板补涨阴,False,,U坑内,孤立板穿插,False,封D1正,4.0,7.26,7.26,-26.32,-30.11,5.42,11,-++,6,-3.24,2.92,54.0,False,,True,False,False
600881.SSE,亚泰集团,2024-10-22,2024-10,4板补涨阴,False,,U坑内,无穿插,False,封D1负,5.42,-0.6,-0.6,-27.4,-27.4,0.0,10,-++,7,-1.95,1.3,89.0,False,,True,False,False
600881.SSE,亚泰集团,2024-10-24,2024-10,4板补涨阴,False,,U坑内,孤立板穿插,False,封D1正,1.65,4.4,4.4,-20.67,-27.4,9.27,12,-++,7,-0.6,1.81,76.0,False,,True,False,False
600881.SSE,亚泰集团,2024-10-31,2024-10,4板补涨阴,False,,U突破,无穿插,True,封D1负,4.07,-9.05,-9.05,-3.37,-27.4,33.11,17,+++,7,-7.8,3.67,118.0,False,,True,False,False
600895.SSE,张江高科,2023-09-15,2023-09,4板补涨阴,False,,无U,无穿插,True,封D1负,-4.61,-9.04,-9.04,0.42,0.42,0.0,4,+++,4,-3.68,1.45,20.0,False,,True,False,False
600961.SSE,株冶集团,2026-05-14,2026-05,4板补涨阴,False,,无U,无穿插,True,炸板,-6.56,-9.47,-9.47,9.91,-0.9,10.91,14,+++,4,-3.13,2.47,101.0,False,,False,False,False
600984.SSE,建设机械,2024-05-06,2024-05,4板补涨阴,False,,U坑内,无穿插,False,封D1负,0.0,-1.56,-1.56,-31.13,-32.55,2.1,12,--+,4,-2.67,2.0,47.0,False,,True,False,False
601003.SSE,柳钢股份,2025-07-08,2025-07,4板补涨阴,False,,U坑内,无穿插,False,封D1正,-1.15,2.29,2.29,-7.95,-7.95,0.0,2,+++,4,-7.95,3.29,52.0,False,,True,False,False
601008.SSE,连云港,2025-05-13,2025-05,4板补涨阴,False,,U坑内,2板小波穿插,False,连板,3.22,10.02,32.02,-25.95,-25.95,0.0,19,--+,2,0.0,0.39,38.0,True,05,True,True,False
601106.SSE,中国一重,2026-01-14,2026-01,4板补涨阴,False,,无U,无穿插,True,封D1负,-2.42,-10.0,-10.0,0.84,0.84,0.0,2,+++,4,0.84,2.52,52.0,False,,True,False,False
601162.SSE,天风证券,2024-10-18,2024-10,4板补涨阴,False,,U坑内,无穿插,False,封D1正,-1.47,4.61,4.61,-18.27,-19.21,1.17,7,-++,7,-5.86,0.87,41.0,False,,True,False,False
601299.SSE,中国北车,2015-01-15,2015-01,4板补涨阴,False,,U坑内,无穿插,False,连板,0.67,10.03,3.51,-4.9,-5.33,0.46,4,+++,6,-0.73,0.91,0.0,True,04,True,True,False
601566.SSE,九牧王,2025-12-12,2025-12,4板补涨阴,False,,U坑内,无穿插,False,封D1负,0.07,-9.12,-9.12,-25.8,-30.04,6.06,16,+-+,7,-5.2,0.62,27.0,False,,True,False,False
601566.SSE,九牧王,2025-12-18,2025-12,4板补涨阴,False,,U坑内,孤立板穿插,False,连板,3.63,9.97,6.48,-23.74,-30.04,9.01,20,+-+,7,-6.59,0.47,44.0,True,04,True,True,False
601609.SSE,金田股份,2025-08-20,2025-08,4板补涨阴,False,,无U,无穿插,True,封D1负,-9.15,-9.97,-9.97,7.02,7.02,0.0,2,+++,4,7.02,0.0,74.0,False,,True,False,False
601616.SSE,广电电气,2026-02-02,2026-02,4板补涨阴,False,,U坑内,无穿插,False,封D1负,1.11,-0.93,-0.93,-19.54,-19.54,0.0,8,-++,4,-1.21,0.4,41.0,False,,True,False,False
601616.SSE,广电电气,2026-02-24,2026-02,4板补涨阴,False,,U坑内,孤立板穿插,False,炸板,-3.05,-1.8,-1.8,-16.91,-19.54,3.27,18,--+,4,-3.07,1.34,29.0,False,,False,False,False
601700.SSE,风范股份,2026-08-17,2026-08,4板补涨阴,True,孤板×多头,U坑内,孤立板穿插,False,封D1正,4.57,1.25,1.25,-8.38,-10.06,1.86,7,+++,4,-7.61,0.85,51.0,False,,True,False,False
601700.SSE,风范股份,2026-08-20,2026-08,4板补涨阴,False,,U坑内,无穿插,True,封D1负,0.4,-6.53,-6.53,-4.75,-10.06,5.9,10,-++,4,-6.7,3.69,32.0,False,,True,False,False
601700.SSE,风范股份,2026-08-24,2026-08,4板补涨阴,False,,U突破,无穿插,False,封D1负,-2.72,-2.59,-2.59,-2.09,-10.06,8.85,12,+++,4,-6.53,0.53,47.0,False,,True,False,False
601727.SSE,上海电气,2024-11-08,2024-11,4板补涨阴,False,,U突破,3板小波穿插,True,封D1负,-9.84,-10.0,-10.0,31.53,-4.71,38.02,7,+++,3,3.71,3.8,157.0,False,,True,False,False
601789.SSE,宁波建工,2026-04-01,2026-04,4板补涨阴,False,,U坑内,无穿插,True,炸板,-4.44,-8.72,-8.72,-24.25,-24.25,0.0,15,--+,4,-2.98,0.35,44.0,False,,False,False,False
601933.SSE,永辉超市,2024-11-01,2024-11,4板补涨阴,False,,U突破,2板小波穿插,True,封D1正,3.16,0.2,0.2,15.54,-27.07,58.42,18,+++,2,-6.11,3.26,141.0,False,,True,False,False
601956.SSE,东贝集团,2025-05-22,2025-05,4板补涨阴,False,,U坑内,无穿插,True,封D1正,1.3,3.91,3.91,-16.04,-16.04,0.0,15,-++,4,-3.83,0.31,45.0,False,,True,False,False
601991.SSE,XD大唐发,2026-05-15,2026-05,4板补涨阴,False,,无U,无穿插,False,封D1正,-3.03,0.13,0.13,-2.31,-2.31,0.0,2,+++,6,-2.31,0.0,50.0,False,,True,False,False
603000.SSE,人民网,2026-01-29,2026-01,4板补涨阴,False,,U坑内,无穿插,False,炸板,-4.37,-3.74,-3.74,-25.14,-25.14,0.0,10,-++,4,-5.37,0.0,72.0,False,,False,False,False
603006.SSE,联明股份,2024-04-17,2024-04,4板补涨阴,False,,U坑内,无穿插,False,炸板,-5.09,-2.22,-2.22,-43.17,-43.17,0.0,8,-++,7,-5.3,1.88,16.0,False,,False,False,False
603011.SSE,合锻智能,2024-02-28,2024-02,4板补涨阴,False,,U坑内,无穿插,False,炸板,-13.57,-11.55,-11.55,-6.03,-6.03,0.0,2,++-,4,-6.03,0.12,69.0,False,,False,False,False
603011.SSE,合锻智能,2024-03-14,2024-03,4板补涨阴,False,,U坑内,无穿插,False,连板,8.72,10.04,14.34,-6.4,-10.95,5.11,13,+++,4,-3.67,1.27,51.0,True,04,True,True,False
603030.SSE,全筑股份,2025-05-29,2025-05,4板补涨阴,False,,U坑内,无穿插,False,封D1正,-0.36,3.26,3.26,-21.32,-21.32,0.0,16,--+,4,-1.57,1.18,49.0,False,,True,False,False
603038.SSE,华立股份,2024-10-30,2024-10,4板补涨阴,False,,无U,无穿插,True,连板,6.06,10.0,-1.01,4.13,4.13,0.0,2,+++,12,4.13,0.0,93.0,True,04,True,True,False
603086.SSE,先达股份,2025-03-03,2025-03,4板补涨阴,False,,U坑内,无穿插,False,封D1负,3.67,-2.71,-2.71,-12.71,-15.47,3.26,9,+++,4,-5.0,2.67,32.0,False,,True,False,False
603086.SSE,先达股份,2025-04-29,2025-04,4板补涨阴,False,,无U,无穿插,True,封D1负,1.59,-0.91,-0.91,-0.37,-0.37,0.0,3,+++,4,-2.44,2.2,36.0,False,,True,False,False
603086.SSE,先达股份,2025-05-06,2025-05,4板补涨阴,False,,无U,孤立板穿插,False,封D1正,3.24,6.17,6.17,8.61,-0.37,9.02,5,+++,4,-0.91,0.34,56.0,False,,True,False,False
603095.SSE,越剑智能,2026-05-07,2026-05,4板补涨阴,False,,U坑内,无穿插,False,封D1负,-4.66,-2.78,-2.78,-4.69,-4.69,0.0,2,+++,4,-4.69,0.0,88.0,False,,True,False,False
603103.SSE,横店影视,2026-02-05,2026-02,4板补涨阴,False,,U坑内,无穿插,False,封D1正,4.86,5.5,5.5,-6.74,-6.74,0.0,2,+++,4,-6.74,0.16,57.0,False,,True,False,False
603117.SSE,万林物流,2024-10-29,2024-10,4板补涨阴,False,,无U,无穿插,True,炸板,-12.07,-12.07,-12.07,4.28,4.28,0.0,2,+++,6,4.28,1.01,179.0,False,,False,False,False
603117.SSE,万林物流,2024-11-19,2024-11,4板补涨阴,False,,U坑内,3板小波穿插,False,炸板,-4.76,-4.63,-4.63,-8.56,-9.19,0.69,17,-++,3,-0.95,2.46,74.0,False,,False,False,False
603131.SSE,上海沪工,2024-03-15,2024-03,4板补涨阴,False,,U坑内,无穿插,False,炸板,-1.32,2.81,2.81,-20.29,-20.29,0.0,5,+++,4,-3.98,0.0,32.0,False,,False,False,False
603137.SSE,恒尚节能,2026-07-13,2026-07,4板补涨阴,False,,无U,无穿插,True,连板,5.33,9.99,8.9,6.15,6.15,0.0,2,+++,8,6.15,0.0,79.0,True,04,True,True,False
603137.SSE,恒尚节能,2026-07-30,2026-07,4板补涨阴,False,,U坑内,3板小波穿插,False,封D1负,10.0,-4.62,-4.62,-5.44,-7.14,1.84,15,-++,3,-6.51,3.02,73.0,False,,True,False,False
603163.SSE,圣晖集成,2026-01-05,2026-01,4板补涨阴,False,,U坑内,无穿插,False,封D1正,1.3,8.63,8.63,-20.16,-20.16,0.0,5,+++,4,-2.22,0.16,49.0,False,,True,False,False
603178.SSE,圣龙股份,2023-12-11,2023-12,4板补涨阴,True,孤板×多头,U坑内,孤立板穿插,False,封D1正,1.96,4.13,4.13,-21.01,-21.9,1.14,13,+++,4,-3.44,2.74,27.0,False,,True,False,False
603196.SSE,璞源材料,2024-11-28,2024-11,4板补涨阴,True,孤板×多头,U坑内,孤立板穿插,False,炸板,-6.5,4.95,7.56,-12.33,-25.36,17.46,15,+++,6,-1.51,1.27,77.0,False,,False,True,False
603219.SSE,富佳股份,2023-11-17,2023-11,4板补涨阴,False,,U坑内,无穿插,False,连板,-1.71,10.03,5.53,-19.76,-20.48,0.91,15,--+,4,-1.33,0.59,25.0,True,04,True,True,False
603222.SSE,济民健康,2025-08-27,2025-08,4板补涨阴,False,,U坑内,无穿插,False,连板,-3.39,9.96,14.74,-23.02,-23.02,0.0,5,+++,5,-7.68,0.91,59.0,True,04,True,True,False
603300.SSE,海南华铁,2025-02-18,2025-02,4板补涨阴,False,,无U,孤立板穿插,False,封D1正,3.41,3.07,3.07,0.5,0.5,0.0,5,+++,4,-6.21,0.0,74.0,False,,True,False,False
603315.SSE,福鞍股份,2025-04-17,2025-04,4板补涨阴,False,,U坑内,无穿插,False,封D1负,0.93,-2.88,-2.88,-39.65,-43.62,7.05,19,---,4,-2.18,0.75,40.0,False,,True,False,False
603327.SSE,福蓉科技,2024-03-28,2024-03,4板补涨阴,False,,U突破,3板小波穿插,False,炸板,-4.5,3.75,3.75,9.59,-9.77,21.45,16,+++,3,-5.06,2.22,39.0,False,,False,False,False
603330.SSE,天洋新材,2026-06-30,2026-06,4板补涨阴,False,,U坑内,孤立板穿插,True,炸板,-0.99,5.06,9.88,-21.79,-21.79,0.0,17,--+,4,-3.03,3.43,89.0,False,,False,True,False
603332.SSE,苏州龙杰,2025-06-09,2025-06,4板补涨阴,False,,U坑内,3板小波穿插,True,连板,6.05,10.02,18.28,-5.89,-7.03,1.23,16,-++,3,-4.92,0.45,44.0,True,05,True,True,False
603366.SSE,日出东方,2024-11-20,2024-11,4板补涨阴,False,,无U,无穿插,True,连板,10.02,10.02,19.87,1.6,1.6,0.0,2,+++,5,1.6,0.0,79.0,True,05,True,True,False
603366.SSE,日出东方,2024-11-29,2024-11,4板补涨阴,False,,无U,2板小波穿插,True,封D1负,-10.01,-9.64,-9.64,86.27,1.6,83.33,9,+++,2,7.9,0.0,75.0,False,,True,False,False
603386.SSE,骏亚科技,2025-12-29,2025-12,4板补涨阴,False,,U坑内,无穿插,False,炸板,-6.44,-1.62,-1.62,-25.01,-26.55,2.09,14,+-+,5,-1.88,0.84,69.0,False,,False,False,False
603389.SSE,亚振家居,2024-04-23,2024-04,4板补涨阴,False,,U坑内,无穿插,False,封D1负,0.0,-1.4,-1.4,-52.85,-52.85,0.0,16,--+,5,-4.89,1.22,40.0,False,,True,False,False
603389.SSE,亚振家居,2024-06-07,2024-06,4板补涨阴,False,,U坑内,无穿插,False,封D1正,7.05,1.32,1.32,-40.06,-40.06,0.0,14,--+,5,-7.61,2.01,16.0,False,,True,False,False
603389.SSE,亚振家居,2024-06-13,2024-06,4板补涨阴,False,,U坑内,孤立板穿插,True,连板,-0.2,10.06,1.01,-34.4,-40.06,9.44,17,--+,5,-1.74,0.43,35.0,True,04,True,True,False
603390.SSE,通达电气,2025-06-11,2025-06,4板补涨阴,False,,U坑内,无穿插,True,封D1负,-2.5,-4.48,-4.48,-21.47,-21.87,0.51,8,-++,4,-0.58,0.79,36.0,False,,True,False,False
603399.SSE,永杉锂业,2026-05-08,2026-05,4板补涨阴,False,,无U,无穿插,True,炸板,-7.41,-1.13,-1.13,5.86,5.86,0.0,2,+++,4,5.86,0.52,91.0,False,,False,False,False
603407.SSE,长裕集团,2026-07-16,2026-07,4板补涨阴,False,,U坑内,无穿插,True,封D1负,0.72,-9.99,-9.99,-34.1,-34.1,0.0,16,--+,4,-7.45,0.02,65.0,False,,True,False,False
603488.SSE,展鹏科技,2023-12-11,2023-12,4板补涨阴,False,,U坑内,无穿插,False,封D1负,-0.97,-2.12,-2.12,-13.18,-17.91,5.76,13,+++,4,-2.84,0.95,27.0,False,,True,False,False
603516.SSE,淳中科技,2025-10-10,2025-10,4板补涨阴,False,,U突破,孤立板穿插,True,炸板,-9.52,6.19,1.94,0.53,-7.16,8.29,14,-++,4,-7.95,2.7,74.0,False,,False,True,False
603530.SSE,神马电力,2024-01-15,2024-01,4板补涨阴,False,,U坑内,无穿插,False,炸板,-3.86,-4.42,-4.42,-22.16,-24.31,2.84,8,-++,5,-5.52,2.85,23.0,False,,False,False,False
603536.SSE,惠发食品,2023-12-25,2023-12,4板补涨阴,False,,U坑内,孤立板穿插,False,封D1负,2.0,-2.25,-2.25,-20.89,-20.89,0.0,14,-++,8,-4.09,2.57,18.0,False,,True,False,False
603538.SSE,美诺华,2026-04-02,2026-04,4板补涨阴,False,,U坑内,无穿插,False,炸板,-8.16,-8.61,-8.61,-7.68,-7.68,0.0,3,+++,5,-2.71,2.0,49.0,False,,False,False,False
603538.SSE,美诺华,2026-04-10,2026-04,4板补涨阴,False,,U突破,孤立板穿插,True,炸板,-1.1,-3.96,-3.96,5.57,-8.79,15.75,8,+++,5,5.23,2.45,50.0,False,,False,False,False
603580.SSE,艾艾精工,2026-08-04,2026-08,4板补涨阴,False,,U突破,2板小波穿插,False,封D1正,0.02,4.52,4.52,8.86,-18.99,34.38,12,+++,2,-7.56,0.0,69.0,False,,True,False,False
603580.SSE,艾艾精工,2026-08-10,2026-08,4板补涨阴,False,,U突破,2板小波穿插,True,封D1负,-1.99,-3.94,-3.94,19.84,-18.99,47.93,16,-++,2,0.24,0.47,59.0,False,,True,False,False
603598.SSE,引力传媒,2023-12-13,2023-12,4板补涨阴,False,,U突破,2板小波穿插,True,连板,3.51,10.0,22.78,3.64,-27.1,42.18,14,+++,2,0.55,3.49,32.0,True,05,True,True,False
603610.SSE,麒盛科技,2025-05-13,2025-05,4板补涨阴,False,,U坑内,无穿插,False,炸板,-10.97,-15.16,-15.16,-6.32,-6.32,0.0,2,++-,4,-6.32,3.79,38.0,False,,False,False,False
603616.SSE,韩建河山,2025-07-30,2025-07,4板补涨阴,False,,U突破,孤立板穿插,True,封D1正,-6.51,4.48,4.48,1.36,-9.98,12.61,4,+++,4,2.29,3.36,33.0,False,,True,False,False
603616.SSE,韩建河山,2026-02-24,2026-02,4板补涨阴,False,,U坑内,无穿插,False,封D1正,-0.54,7.66,7.66,-25.88,-25.88,0.0,5,+++,5,-5.45,1.54,29.0,False,,True,False,False
603616.SSE,韩建河山,2026-03-03,2026-03,4板补涨阴,False,,U坑内,孤立板穿插,True,封D1负,-5.88,-10.04,-10.04,-18.53,-25.88,9.91,10,-++,5,-3.76,0.65,77.0,False,,True,False,False
603618.SSE,杭电股份,2026-02-26,2026-02,4板补涨阴,False,,无U,2板小波穿插,True,炸板,-7.75,9.01,10.09,25.96,3.66,21.51,10,+++,2,-4.18,3.16,61.0,False,,False,True,False
603626.SSE,科森科技,2025-09-16,2025-09,4板补涨阴,False,,U坑内,孤立板穿插,False,连板,3.28,9.98,8.89,-12.84,-12.84,0.0,17,-++,6,-1.04,2.08,56.0,True,04,True,True,False
603628.SSE,清源股份,2024-01-16,2024-01,4板补涨阴,False,,无U,2板小波穿插,False,封D1负,-2.97,-5.46,-5.46,18.24,-0.57,18.92,11,+++,2,-1.74,1.82,32.0,False,,True,False,False
603666.SSE,亿嘉和,2024-11-29,2024-11,4板补涨阴,False,,U坑内,无穿插,False,炸板,-1.39,1.11,1.11,-23.98,-23.98,0.0,17,--+,5,-2.14,0.56,75.0,False,,False,False,False
603686.SSE,福龙马,2025-10-21,2025-10,4板补涨阴,False,,U坑内,无穿插,False,封D1负,-0.44,-1.99,-1.99,-18.38,-22.06,4.72,14,+++,4,-2.48,0.0,66.0,False,,True,False,False
603687.SSE,大胜达,2026-04-01,2026-04,4板补涨阴,False,,无U,孤立板穿插,False,封D1负,3.54,-1.34,-1.34,1.15,0.14,1.02,7,+++,4,-7.57,2.3,44.0,False,,True,False,False
603687.SSE,大胜达,2026-04-07,2026-04,4板补涨阴,False,,无U,孤立板穿插,False,封D1正,4.4,5.98,5.98,1.09,0.14,0.95,10,+++,4,-7.92,1.36,26.0,False,,True,False,False
603739.SSE,蔚蓝生物,2024-05-20,2024-05,4板补涨阴,False,,U坑内,无穿插,True,炸板,-6.33,-4.13,-4.13,-14.52,-15.65,1.34,7,-++,7,-3.77,2.66,61.0,False,,False,False,False
603758.SSE,秦安股份,2026-08-21,2026-08,4板补涨阴,False,,U坑内,无穿插,False,封D1负,-2.72,-6.29,-6.29,-30.36,-30.36,0.0,6,-++,5,-7.53,1.21,59.0,False,,True,False,False
603758.SSE,秦安股份,2026-08-25,2026-08,4板补涨阴,False,,U坑内,孤立板穿插,False,封D1正,1.16,4.62,4.62,-28.21,-30.36,3.09,8,-++,5,-6.29,2.47,41.0,False,,True,False,False
603767.SSE,中马传动,2023-07-19,2023-07,4板补涨阴,False,,U坑内,无穿插,True,连板,3.01,10.03,-1.0,-6.14,-13.39,8.37,14,+++,6,-2.72,1.29,13.0,True,04,True,True,False
603803.SSE,瑞斯康达,2025-01-06,2025-01,4板补涨阴,False,,U坑内,孤立板穿插,False,炸板,-7.44,-2.89,-2.89,-37.85,-37.85,0.0,10,-++,5,-6.68,0.11,41.0,False,,False,False,False
603881.SSE,数据港,2025-03-11,2025-03,4板补涨阴,False,,U突破,孤立板穿插,True,封D1负,4.92,-1.17,-1.17,-2.53,-10.69,9.13,16,+++,4,-6.85,1.91,65.0,False,,True,False,False
603887.SSE,城地香江,2024-11-08,2024-11,4板补涨阴,False,,无U,3板小波穿插,True,封D1正,0.96,0.64,0.64,8.79,0.38,8.38,13,-++,3,-5.64,2.19,157.0,False,,True,False,False
603895.SSE,天永智能,2024-03-21,2024-03,4板补涨阴,False,,U坑内,孤立板穿插,False,炸板,-7.77,-6.79,-6.79,-13.06,-18.17,6.24,15,-++,4,-0.81,0.9,64.0,False,,False,False,False
603895.SSE,天永智能,2024-03-27,2024-03,4板补涨阴,False,,U坑内,孤立板穿插,False,封D1正,10.0,2.0,2.0,-21.55,-21.55,0.0,19,--+,4,-4.74,2.1,50.0,False,,True,False,False
603929.SSE,亚翔集成,2023-11-22,2023-11,4板补涨阴,False,,U突破,2板小波穿插,False,封D1负,-1.27,-6.86,-6.86,-0.62,-9.09,9.32,15,-++,2,-3.75,3.33,45.0,False,,True,False,False
603933.SSE,睿能科技,2023-05-31,2023-05,4板补涨阴,False,,无U,无穿插,False,封D1负,-10.0,-10.0,-10.0,-3.03,-3.03,0.0,2,+++,7,-3.03,0.0,33.0,False,,True,False,False
603950.SSE,长源东谷,2026-04-15,2026-04,4板补涨阴,False,,无U,无穿插,True,封D1正,2.14,3.02,3.02,0.17,0.17,0.0,2,+-+,4,0.17,1.4,49.0,False,,True,False,False
603956.SSE,威派格,2025-03-10,2025-03,4板补涨阴,False,,U坑内,孤立板穿插,False,封D1负,0.0,-5.46,-5.46,-20.39,-20.39,0.0,14,-++,6,-3.2,0.12,45.0,False,,True,False,False
603985.SSE,恒润股份,2023-11-06,2023-11,4板补涨阴,False,,U坑内,无穿插,False,连板,0.0,10.0,4.12,-12.35,-12.35,0.0,7,+++,4,-1.38,2.88,35.0,True,04,True,True,False
603988.SSE,中电电机,2024-08-12,2024-08,4板补涨阴,False,,U坑内,无穿插,False,炸板,-4.01,-1.12,-1.12,-26.53,-26.53,0.0,7,-++,6,-7.93,0.57,23.0,False,,False,False,False
603988.SSE,中电电机,2024-08-21,2024-08,4板补涨阴,False,,U坑内,无穿插,False,炸板,-4.13,-1.46,-1.46,-20.35,-26.53,8.41,14,+-+,6,-4.52,0.63,17.0,False,,False,False,False
603989.SSE,艾华集团,2026-06-24,2026-06,4板补涨阴,False,,无U,无穿插,False,连板,8.49,10.01,14.61,-2.69,-2.69,0.0,2,+++,4,-2.69,3.5,87.0,True,05,True,True,False
603989.SSE,艾华集团,2026-07-09,2026-07,4板补涨阴,False,,U坑内,2板小波穿插,True,炸板,-4.03,-12.7,-12.7,-12.64,-12.64,0.0,13,-++,2,-6.21,0.49,41.0,False,,False,False,False
603989.SSE,艾华集团,2026-07-16,2026-07,4板补涨阴,False,,U坑内,2板小波穿插,False,炸板,-9.2,-17.63,-17.63,-23.42,-24.49,1.42,18,--+,2,-7.81,1.9,65.0,False,,False,False,False
605028.SSE,世茂能源,2025-09-10,2025-09,4板补涨阴,False,,U坑内,无穿插,False,封D1负,1.76,-1.72,-1.72,-21.39,-25.99,6.22,13,--+,4,-1.69,0.21,45.0,False,,True,False,False
605028.SSE,世茂能源,2025-09-15,2025-09,4板补涨阴,False,,U坑内,孤立板穿插,False,封D1正,-0.81,0.99,0.99,-15.94,-25.99,13.58,16,+-+,4,-1.08,1.23,57.0,False,,True,False,False
605122.SSE,四方新材,2025-07-21,2025-07,4板补涨阴,False,,U坑内,无穿插,False,连板,4.2,10.02,-0.78,-25.96,-25.96,0.0,6,-++,5,-1.75,0.14,37.0,True,04,True,True,False
605169.SSE,洪通燃气,2025-08-12,2025-08,4板补涨阴,False,,无U,无穿插,False,连板,4.95,10.02,-1.0,-3.31,-3.31,0.0,2,+++,4,-3.31,2.25,63.0,True,04,True,True,False
605178.SSE,时空科技,2024-07-16,2024-07,4板补涨阴,False,,U坑内,无穿插,False,连板,7.04,10.03,-1.0,-34.92,-35.75,1.28,13,--+,4,-3.5,0.0,22.0,True,04,True,True,False
605179.SSE,一鸣食品,2026-08-17,2026-08,4板补涨阴,False,,U坑内,无穿插,False,连板,0.0,10.0,-1.0,-4.55,-4.55,0.0,2,+++,4,-4.55,1.88,51.0,True,05,True,True,False
605287.SSE,德才股份,2026-03-02,2026-03,4板补涨阴,False,,U坑内,无穿插,False,炸板,-5.81,-10.24,-10.24,-23.84,-23.84,0.0,6,-++,4,-3.12,0.0,69.0,False,,False,False,False
605298.SSE,必得科技,2024-03-28,2024-03,4板补涨阴,False,,U坑内,无穿插,False,封D1正,4.86,1.54,1.54,-22.13,-22.13,0.0,12,-++,4,-4.3,1.54,39.0,False,,True,False,False
605398.SSE,新炬网络,2023-09-20,2023-09,4板补涨阴,False,,U坑内,无穿插,False,封D1正,1.95,5.93,5.93,-26.83,-26.83,0.0,19,--+,4,-3.17,0.32,19.0,False,,True,False,False
605398.SSE,新炬网络,2025-02-28,2025-02,4板补涨阴,False,,U坑内,无穿插,True,炸板,-6.62,-12.51,-12.51,-23.06,-24.18,1.47,12,-++,10,-4.13,1.26,66.0,False,,False,False,False
605588.SSE,冠石科技,2023-06-14,2023-06,4板补涨阴,False,,U坑内,无穿插,True,封D1负,1.32,-9.98,-9.98,-8.49,-8.9,0.45,7,+++,4,-1.07,0.21,35.0,False,,True,False,False
605588.SSE,冠石科技,2023-09-28,2023-09,4板补涨阴,False,,U坑内,2板小波穿插,False,连板,4.69,10.0,15.37,-6.69,-8.16,1.6,13,-++,2,-2.8,0.93,25.0,True,05,True,True,False
000017.SZSE,深中华A,2024-02-20,2024-02,4板补涨阳,False,,U坑内,孤立板穿插,False,连板,0.0,10.03,5.51,-21.22,-24.9,4.9,14,-++,11,4.9,0.1,186.0,True,04,True,True,False
000032.SZSE,深桑达Ａ,2026-06-18,2026-06,4板补涨阳,False,,无U,无穿插,True,炸板,-4.23,-3.72,-3.72,1.44,1.44,0.0,2,++-,4,1.44,2.18,67.0,False,,False,False,False
000037.SZSE,深南电A,2023-07-07,2023-07,4板补涨阳,False,,U突破,无穿插,True,炸板,-0.51,4.24,4.24,-2.28,-4.48,2.3,7,+++,4,1.22,1.63,28.0,False,,False,False,False
000037.SZSE,深南电A,2023-07-10,2023-07,4板补涨阳,False,,U突破,无穿插,True,炸板,-8.32,-8.8,-8.8,5.58,-4.48,10.53,8,+++,4,8.04,1.93,18.0,False,,False,False,False
000062.SZSE,深圳华强,2024-09-30,2024-09,4板补涨阳,False,,U坑内,无穿插,False,连板,7.18,10.0,4.49,-35.69,-37.45,2.81,14,--+,6,2.18,2.98,107.0,True,05,True,True,False
000066.SZSE,中国长城,2024-11-06,2024-11,4板补涨阳,False,,U突破,无穿插,False,连板,-1.03,10.01,25.76,-3.78,-9.28,6.06,3,+++,4,6.06,3.91,139.0,True,04,True,True,False
000070.SZSE,特发信息,2024-02-19,2024-02,4板补涨阳,False,,U坑内,无穿插,False,封D1正,2.76,1.93,1.93,-43.23,-45.21,3.62,10,-++,5,3.62,1.26,430.0,False,,True,False,False
000070.SZSE,特发信息,2025-12-22,2025-12,4板补涨阳,False,,U坑内,孤立板穿插,False,封D1负,-0.62,-5.18,-5.18,-15.52,-19.54,5.0,18,--+,4,1.12,2.06,65.0,False,,True,False,False
000151.SZSE,中成股份,2024-02-21,2024-02,4板补涨阳,False,,U坑内,无穿插,False,炸板,-5.98,-3.74,-3.74,-31.04,-40.33,15.56,11,---,4,2.64,0.42,80.0,False,,False,False,False
000409.SZSE,云鼎科技,2025-03-12,2025-03,4板补涨阳,False,,U突破,无穿插,False,炸板,-7.61,-7.07,-7.07,-3.32,-10.01,7.44,3,+++,5,7.44,1.7,45.0,False,,False,False,False
000506.SZSE,招金黄金,2026-03-02,2026-03,4板补涨阳,False,,U坑内,无穿插,False,封D1负,-2.19,-3.27,-3.27,-28.82,-32.64,5.67,16,+-+,4,2.01,0.75,69.0,False,,True,False,False
000518.SZSE,四环生物,2026-06-03,2026-06,4板补涨阳,False,,U坑内,无穿插,False,封D1负,0.0,-7.38,-7.38,-21.37,-22.91,2.0,7,-++,4,-0.56,2.79,56.0,False,,True,False,False
000522.SZSE,白云山A,2009-11-17,2009-11,4板补涨阳,False,,无U,无穿插,True,封D1正,-0.92,6.41,6.41,0.95,0.95,0.0,2,+++,5,0.95,3.96,0.0,False,,True,False,False
000536.SZSE,华映科技,2024-09-30,2024-09,4板补涨阳,False,,U坑内,无穿插,False,连板,9.94,9.94,9.04,-16.8,-23.42,8.63,9,-++,5,3.07,2.39,107.0,True,05,True,True,False
000536.SZSE,华映科技,2024-12-03,2024-12,4板补涨阳,False,,U坑内,孤立板穿插,True,封D1负,3.23,-1.13,-1.13,-36.77,-39.35,4.25,18,--+,10,4.25,2.22,132.0,False,,True,False,False
000539.SZSE,粤电力Ａ,2026-06-17,2026-06,4板补涨阳,False,,U坑内,无穿插,False,炸板,-5.66,-12.74,-12.74,-21.08,-24.87,5.04,12,-++,4,2.39,2.26,105.0,False,,False,False,False
000547.SZSE,航天发展,2025-12-04,2025-12,4板补涨阳,False,,U突破,3板小波穿插,True,炸板,-4.86,8.72,16.28,24.82,-10.89,40.07,10,+++,3,5.2,2.75,46.0,False,,False,True,False
000547.SZSE,航天发展,2025-12-05,2025-12,4板补涨阳,False,,U突破,3板小波穿插,True,封D1正,6.51,6.95,6.95,35.7,-10.89,52.28,11,+++,3,8.72,1.28,30.0,False,,True,False,False
000547.SZSE,航天发展,2025-12-16,2025-12,4板补涨阳,False,,U突破,3板小波穿插,True,炸板,-7.13,-11.22,-11.22,56.39,-10.89,75.49,18,+++,3,1.13,1.27,53.0,False,,False,False,False
000564.SZSE,供销大集,2024-11-28,2024-11,4板补涨阳,True,夹层,U坑内,2板小波穿插,False,连板,1.98,9.9,18.81,-4.51,-13.54,10.44,14,+++,2,3.0,0.37,77.0,True,05,True,True,False
000565.SZSE,渝三峡Ａ,2025-05-12,2025-05,4板补涨阳,False,,U突破,无穿插,True,炸板,-2.64,2.93,2.93,1.75,-4.16,6.16,3,+++,6,6.16,3.88,27.0,False,,False,False,False
000565.SZSE,渝三峡Ａ,2025-05-14,2025-05,4板补涨阳,False,,U突破,无穿插,True,连板,-1.55,10.02,12.87,15.21,-4.16,20.21,5,+++,6,5.72,1.81,41.0,True,04,True,True,False
000565.SZSE,渝三峡Ａ,2025-05-27,2025-05,4板补涨阳,False,,U突破,3板小波穿插,False,封D1负,1.96,-2.39,-2.39,16.63,-4.16,21.69,14,-++,3,2.7,1.35,46.0,False,,True,False,False
000565.SZSE,渝三峡Ａ,2025-06-04,2025-06,4板补涨阳,False,,U突破,3板小波穿插,False,封D1负,0.0,-6.99,-6.99,5.25,-4.16,9.82,19,-++,3,0.42,1.88,57.0,False,,True,False,False
000566.SZSE,海南海药,2024-09-30,2024-09,4板补涨阳,False,,U坑内,无穿插,False,封D1正,9.95,9.26,9.26,-27.62,-32.78,7.67,9,-++,6,2.61,2.35,107.0,False,,True,False,False
000566.SZSE,海南海药,2026-07-15,2026-07,4板补涨阳,False,,U坑内,无穿插,True,连板,3.11,10.1,-0.97,-22.52,-22.52,0.0,9,-++,4,-2.09,1.67,71.0,True,05,True,True,False
000569.SZSE,长城股份,2006-04-21,2006-04,4板补涨阳,False,,U突破,孤立板穿插,False,炸板,-2.13,5.05,5.05,-2.29,-9.43,7.89,6,+++,5,7.89,2.21,1.0,False,,False,False,False
000569.SZSE,长城股份,2006-04-24,2006-04,4板补涨阳,False,,U突破,孤立板穿插,False,炸板,-4.47,3.23,3.23,4.57,-9.43,15.46,7,+++,5,7.02,2.92,0.0,False,,False,False,False
000569.SZSE,长城股份,2006-04-25,2006-04,4板补涨阳,False,,U突破,孤立板穿插,True,炸板,-4.6,5.29,7.36,12.86,-9.43,24.61,8,+++,5,7.92,2.19,1.0,False,,False,True,False
000569.SZSE,长城股份,2006-05-08,2006-05,4板补涨阳,False,,U突破,孤立板穿插,True,封D1正,3.02,4.8,4.8,46.29,-9.43,61.51,12,+++,5,9.64,0.43,0.0,False,,True,False,False
000586.SZSE,汇源通信,2024-03-19,2024-03,4板补涨阳,False,,U坑内,孤立板穿插,False,封D1负,0.0,-2.44,-2.44,-14.1,-18.26,5.09,12,-++,4,3.15,0.46,70.0,False,,True,False,False
000592.SZSE,平潭发展,2025-10-31,2025-10,4板补涨阳,False,,无U,无穿插,True,连板,8.76,10.03,19.92,6.62,6.62,0.0,2,+++,5,6.62,3.31,42.0,True,05,True,True,False
000592.SZSE,平潭发展,2025-11-28,2025-11,4板补涨阳,False,,U突破,3板小波穿插,False,封D1正,-2.52,5.96,5.96,3.39,-9.97,14.84,14,-++,3,4.39,0.11,41.0,False,,True,False,False
000592.SZSE,平潭发展,2025-12-02,2025-12,4板补涨阳,False,,U突破,3板小波穿插,True,封D1负,3.84,-9.91,-9.91,20.57,-9.97,33.92,16,-++,3,5.96,0.65,54.0,False,,True,False,False
000595.SZSE,新能股份,2024-10-28,2024-10,4板补涨阳,True,夹层,U突破,2板小波穿插,True,封D1正,2.82,5.46,5.46,23.18,-4.69,29.24,18,-++,2,-0.2,3.1,121.0,False,,True,False,False
000628.SZSE,高新发展,2023-11-07,2023-11,4板补涨阳,False,,无U,无穿插,True,封D1正,9.32,4.6,4.6,3.16,-2.7,6.02,3,+++,11,6.02,3.97,47.0,False,,True,False,False
000656.SZSE,金科股份,2023-07-31,2023-07,4板补涨阳,False,,无U,无穿插,True,封D1负,0.0,-1.97,-1.97,13.24,5.39,7.44,3,+++,4,7.44,2.33,37.0,False,,True,False,False
000678.SZSE,襄阳轴承,2023-07-19,2023-07,4板补涨阳,False,,U坑内,无穿插,True,炸板,-5.95,3.33,3.33,-13.96,-18.02,4.95,12,-++,4,2.55,2.01,13.0,False,,False,False,False
000678.SZSE,襄阳轴承,2025-04-09,2025-04,4板补涨阳,False,,U坑内,无穿插,False,炸板,-0.96,-1.22,-1.22,-44.66,-45.82,2.15,13,--+,4,2.15,0.88,99.0,False,,False,False,False
000716.SZSE,黑芝麻,2024-12-12,2024-12,4板补涨阳,False,,U坑内,无穿插,False,封D1正,4.21,2.66,2.66,-16.07,-20.78,5.94,7,-++,4,0.74,2.58,119.0,False,,True,False,False
000717.SZSE,中南股份,2024-10-17,2024-10,4板补涨阳,False,,U坑内,无穿插,True,炸板,-7.47,-3.2,-3.2,-19.3,-19.94,0.79,8,-++,6,0.79,1.58,67.0,False,,False,False,False
000717.SZSE,中南股份,2024-10-18,2024-10,4板补涨阳,False,,U坑内,无穿插,True,炸板,-10.0,-11.67,-11.67,-13.61,-19.94,7.91,9,-++,6,7.06,3.14,41.0,False,,False,False,False
000759.SZSE,中百集团,2025-01-16,2025-01,4板补涨阳,False,,U坑内,无穿插,False,封D1负,-4.25,-6.6,-6.6,-33.01,-38.29,8.56,10,-++,6,1.9,2.11,54.0,False,,True,False,False
000766.SZSE,通化金马,2023-09-27,2023-09,4板补涨阳,False,,U坑内,孤立板穿插,False,炸板,-2.56,5.28,11.81,-12.2,-14.67,2.9,8,-++,5,2.9,2.15,24.0,False,,False,True,False
000766.SZSE,通化金马,2023-10-12,2023-10,4板补涨阳,False,,U突破,孤立板穿插,True,连板,4.85,10.01,6.95,-2.95,-14.67,13.74,13,+++,5,-0.16,3.36,31.0,True,05,True,True,False
000785.SZSE,居然智家,2025-01-03,2025-01,4板补涨阳,False,,U坑内,无穿插,False,封D1负,-1.2,-4.08,-4.08,-27.26,-31.48,6.16,13,--+,5,6.16,3.92,51.0,False,,True,False,False
000795.SZSE,英洛华,2024-11-22,2024-11,4板补涨阳,False,,U坑内,孤立板穿插,False,封D1正,-6.51,0.25,0.25,-17.94,-25.85,10.67,10,-++,7,-0.37,3.57,88.0,False,,True,False,False
000818.SZSE,航锦科技,2025-02-17,2025-02,4板补涨阳,False,,无U,孤立板穿插,True,封D1负,0.0,-1.91,-1.91,21.63,1.66,19.64,4,+++,6,8.76,0.99,53.0,False,,True,False,False
000820.SZSE,神雾节能,2026-08-11,2026-08,4板补涨阳,False,,U坑内,无穿插,False,炸板,-7.06,-5.65,-5.65,-9.39,-11.74,2.66,5,+++,4,2.66,0.27,93.0,False,,False,False,False
000833.SZSE,粤桂股份,2024-12-03,2024-12,4板补涨阳,False,,U坑内,无穿插,False,封D1负,2.93,-10.02,-10.02,-13.41,-20.84,9.39,6,+++,11,3.81,1.06,132.0,False,,True,False,False
000859.SZSE,国风新材,2024-10-29,2024-10,4板补涨阳,False,,U突破,无穿插,False,封D1负,-7.32,-7.32,-7.32,-3.79,-12.22,9.61,6,+++,4,5.87,3.22,179.0,False,,True,False,False
000882.SZSE,华联股份,2025-02-27,2025-02,4板补涨阳,False,,U坑内,无穿插,False,封D1负,-0.71,-6.03,-6.03,-31.73,-31.73,0.0,18,--+,5,0.0,1.17,81.0,False,,True,False,False
000889.SZSE,中嘉博创,2025-06-24,2025-06,4板补涨阳,False,,U坑内,无穿插,True,炸板,-5.41,-6.44,-6.44,-10.86,-14.65,4.44,11,-++,4,4.44,0.3,60.0,False,,False,False,False
000890.SZSE,法尔胜,2026-01-12,2026-01,4板补涨阳,False,,U坑内,无穿插,True,封D1负,4.47,-3.78,-3.78,-25.6,-28.69,4.34,17,--+,4,0.0,0.19,79.0,False,,True,False,False
000905.SZSE,厦门港务,2026-01-07,2026-01,4板补涨阳,False,,U坑内,无穿插,False,封D1正,1.62,0.14,0.14,-19.35,-20.79,1.82,18,--+,4,0.7,0.63,96.0,False,,True,False,False
000936.SZSE,华西股份,2023-06-29,2023-06,4板补涨阳,False,,无U,无穿插,True,炸板,-13.73,-7.82,-7.82,8.81,4.76,3.86,6,+++,4,1.03,3.39,28.0,False,,False,False,False
000953.SZSE,中哲精化,2024-08-27,2024-08,4板补涨阳,False,,U坑内,无穿插,False,炸板,-7.22,-11.5,-11.5,-30.18,-34.29,6.25,15,--+,6,2.1,1.5,34.0,False,,False,False,False
000965.SZSE,天保基建,2025-05-07,2025-05,4板补涨阳,False,,U坑内,孤立板穿插,False,封D1负,-0.24,-4.47,-4.47,-22.18,-25.4,4.32,8,-++,5,4.32,1.35,79.0,False,,True,False,False
000969.SZSE,安泰科技,2025-10-22,2025-10,4板补涨阳,False,,无U,无穿插,True,炸板,-7.89,-11.06,-11.06,3.88,-2.22,6.23,6,+++,4,6.23,3.76,63.0,False,,False,False,False
000981.SZSE,山子高科,2024-12-02,2024-12,4板补涨阳,False,,U坑内,孤立板穿插,True,封D1负,5.7,-1.04,-1.04,-12.5,-18.0,6.71,16,-++,4,-1.13,1.13,105.0,False,,True,False,False
000982.SZSE,中银绒业,2021-06-17,2021-06,4板补涨阳,False,,U坑内,无穿插,False,连板,-0.44,10.18,12.83,-5.53,-10.14,5.13,3,+++,4,5.13,0.0,0.0,True,04,True,True,False
000982.SZSE,中银绒业,2021-07-07,2021-07,4板补涨阳,True,夹层,U突破,2板小波穿插,True,封D1正,4.78,2.39,2.39,5.07,-10.14,16.92,17,-++,2,0.88,3.54,0.0,False,,True,False,False
001208.SZSE,华菱线缆,2025-12-25,2025-12,4板补涨阳,False,,无U,无穿插,True,封D1正,3.63,3.02,3.02,6.47,0.35,6.1,7,+++,4,6.1,1.01,65.0,False,,True,False,False
001208.SZSE,华菱线缆,2026-01-08,2026-01,4板补涨阳,False,,无U,孤立板穿插,True,封D1正,10.0,2.08,2.08,30.65,0.35,30.19,15,+++,4,6.69,3.3,63.0,False,,True,False,False
001209.SZSE,洪兴股份,2024-12-20,2024-12,4板补涨阳,False,,U坑内,无穿插,False,炸板,-14.16,-17.58,-17.58,-23.31,-29.35,8.56,12,-++,6,4.24,0.42,50.0,False,,False,False,False
001217.SZSE,华尔泰,2024-01-19,2024-01,4板补涨阳,False,,U坑内,孤立板穿插,False,封D1负,-3.03,-9.98,-9.98,-10.36,-10.36,0.0,12,+++,4,0.0,2.48,37.0,False,,True,False,False
001229.SZSE,魅视科技,2024-03-04,2024-03,4板补涨阳,False,,U突破,无穿插,True,炸板,-4.49,-2.67,-2.67,-2.82,-5.81,3.17,7,++-,4,1.34,1.28,56.0,False,,False,False,False
001258.SZSE,立新能源,2026-07-27,2026-07,4板补涨阳,False,,无U,无穿插,True,封D1负,9.49,-9.98,-9.98,7.6,7.6,0.0,2,+++,6,7.6,2.39,36.0,False,,True,False,False
001258.SZSE,立新能源,2026-08-10,2026-08,4板补涨阳,False,,U突破,孤立板穿插,False,连板,-3.31,10.01,6.77,8.67,-4.13,13.35,12,+++,6,7.96,0.0,59.0,True,04,True,True,False
001331.SZSE,胜通能源,2026-01-13,2026-01,4板补涨阳,False,,无U,无穿插,True,炸板,-5.69,-9.66,-9.66,4.64,4.5,0.14,4,+++,14,0.14,3.14,124.0,False,,False,False,False
001337.SZSE,四川黄金,2026-02-24,2026-02,4板补涨阳,False,,U坑内,无穿插,True,封D1正,-0.51,0.89,0.89,-31.14,-31.14,0.0,13,--+,4,-1.2,1.78,29.0,False,,True,False,False
001337.SZSE,四川黄金,2026-03-02,2026-03,4板补涨阳,False,,U坑内,孤立板穿插,True,封D1正,0.22,1.88,1.88,-24.21,-31.14,10.06,17,+-+,4,1.54,3.17,69.0,False,,True,False,False
001896.SZSE,豫能控股,2026-03-03,2026-03,4板补涨阳,False,,无U,无穿插,True,炸板,-14.47,-8.3,-8.3,6.0,6.0,0.0,2,+++,7,6.0,2.7,77.0,False,,False,False,False
001896.SZSE,豫能控股,2026-03-06,2026-03,4板补涨阳,False,,无U,无穿插,True,封D1正,-5.54,0.44,0.44,8.25,-0.45,8.73,5,+++,7,1.26,3.51,55.0,False,,True,False,False
002036.SZSE,联创电子,2025-02-17,2025-02,4板补涨阳,False,,U突破,无穿插,False,炸板,-8.96,-11.12,-11.12,-3.25,-8.8,6.08,4,+++,4,6.08,3.89,53.0,False,,False,False,False
002040.SZSE,南 京 港,2025-06-10,2025-06,4板补涨阳,False,,U坑内,孤立板穿插,True,封D1正,8.33,6.24,6.24,-6.84,-10.49,4.07,15,-++,5,3.15,0.3,54.0,False,,True,False,False
002045.SZSE,国光电器,2024-12-13,2024-12,4板补涨阳,True,夹层,U坑内,2板小波穿插,False,封D1负,-2.05,-10.0,-10.0,-4.21,-14.75,12.36,17,+-+,2,1.11,0.4,119.0,False,,True,False,False
002081.SZSE,金 螳 螂,2026-05-12,2026-05,4板补涨阳,False,,U突破,无穿插,True,封D1负,0.88,-1.25,-1.25,1.54,-4.76,6.62,3,+++,5,6.62,3.38,76.0,False,,True,False,False
002081.SZSE,金 螳 螂,2026-05-29,2026-05,4板补涨阳,False,,U坑内,孤立板穿插,False,连板,2.11,10.06,11.2,-21.57,-23.53,2.56,16,--+,5,2.56,2.56,88.0,True,05,True,True,False
002083.SZSE,孚日股份,2025-11-27,2025-11,4板补涨阳,False,,U坑内,无穿插,False,封D1负,-4.0,-5.31,-5.31,-23.27,-27.67,6.09,8,-++,8,3.5,2.76,54.0,False,,True,False,False
002086.SZSE,东方海洋,2025-03-21,2025-03,4板补涨阳,False,,U坑内,无穿插,False,炸板,-3.18,-6.9,-6.9,-4.19,-9.22,5.54,3,+++,4,5.54,3.69,55.0,False,,False,False,False
002094.SZSE,青岛金王,2024-11-20,2024-11,4板补涨阳,False,,U坑内,孤立板穿插,False,封D1正,0.26,1.59,1.59,-33.4,-37.17,6.01,13,--+,6,6.01,0.92,79.0,False,,True,False,False
002097.SZSE,山河智能,2025-08-04,2025-08,4板补涨阳,True,夹层,U突破,2板小波穿插,True,连板,2.5,9.99,12.11,20.87,-6.22,28.88,7,+++,2,7.09,2.94,30.0,True,05,True,True,False
002103.SZSE,广博股份,2024-12-13,2024-12,4板补涨阳,False,,U坑内,无穿插,False,封D1负,10.03,-2.77,-2.77,-19.33,-26.13,9.2,9,-++,9,4.0,0.83,119.0,False,,True,False,False
002115.SZSE,三维通信,2026-01-23,2026-01,4板补涨阳,False,,U坑内,无穿插,False,炸板,-1.27,-8.92,-8.92,-27.16,-31.44,6.25,7,-++,4,6.25,1.19,63.0,False,,False,False,False
002146.SZSE,荣盛发展,2023-07-06,2023-07,4板补涨阳,False,,U坑内,无穿插,False,封D1负,-2.91,-0.58,-0.58,-17.46,-20.63,4.0,13,-+-,5,0.65,1.94,19.0,False,,True,False,False
002146.SZSE,荣盛发展,2023-07-17,2023-07,4板补涨阳,False,,U坑内,孤立板穿插,False,封D1正,1.7,1.14,1.14,-15.34,-20.63,6.67,20,+-+,5,0.0,0.63,29.0,False,,True,False,False
002158.SZSE,汉钟精机,2025-08-26,2025-08,4板补涨阳,False,,U坑内,无穿插,False,封D1负,1.01,-2.87,-2.87,-10.82,-12.35,1.74,4,+++,4,1.74,1.65,64.0,False,,True,False,False
002158.SZSE,汉钟精机,2025-09-08,2025-09,4板补涨阳,False,,U坑内,孤立板穿插,False,封D1负,2.15,-1.53,-1.53,-4.88,-12.35,8.52,13,+++,4,4.13,0.79,71.0,False,,True,False,False
002161.SZSE,远 望 谷,2024-12-19,2024-12,4板补涨阳,False,,U坑内,无穿插,False,炸板,-6.9,-5.38,-5.38,-13.52,-21.26,9.83,19,+++,4,2.65,1.4,84.0,False,,False,False,False
002163.SZSE,海南发展,2025-12-26,2025-12,4板补涨阳,False,,无U,无穿插,True,封D1正,0.0,7.78,7.78,6.87,6.87,0.0,2,+++,4,6.87,2.12,72.0,False,,True,False,False
002165.SZSE,红 宝 丽,2025-05-07,2025-05,4板补涨阳,False,,无U,孤立板穿插,False,封D1负,-2.78,-9.5,-9.5,4.36,-2.85,7.43,10,-++,4,0.0,2.25,79.0,False,,True,False,False
002177.SZSE,御银股份,2025-06-25,2025-06,4板补涨阳,False,,U坑内,无穿插,True,炸板,-6.89,-2.81,-2.81,-7.04,-14.86,9.19,15,-++,5,2.59,1.73,53.0,False,,False,False,False
002178.SZSE,延华智能,2024-10-29,2024-10,4板补涨阳,False,,U突破,孤立板穿插,True,连板,3.96,10.07,9.08,0.36,-17.85,22.17,14,+++,4,3.38,2.63,179.0,True,05,True,True,False
002192.SZSE,融捷股份,2026-04-17,2026-04,4板补涨阳,False,,U突破,无穿插,True,炸板,-3.27,-6.46,-6.46,2.59,-9.45,13.29,14,+++,4,6.3,2.36,68.0,False,,False,False,False
002199.SZSE,东晶电子,2024-10-31,2024-10,4板补涨阳,False,,U坑内,孤立板穿插,True,封D1负,9.58,-10.04,-10.04,-5.91,-12.11,7.05,8,+++,4,-2.08,2.68,118.0,False,,True,False,False
002199.SZSE,东晶电子,2024-11-08,2024-11,4板补涨阳,False,,U坑内,孤立板穿插,False,封D1正,1.21,4.3,4.3,-7.15,-12.11,5.64,14,-++,4,1.35,1.56,157.0,False,,True,False,False
002201.SZSE,九鼎新材,2026-01-26,2026-01,4板补涨阳,True,夹层,U突破,2板小波穿插,True,封D1负,-9.95,-7.68,-7.68,18.88,-13.98,38.19,19,+++,2,6.78,3.25,79.0,False,,True,False,False
002202.SZSE,金风科技,2026-01-23,2026-01,4板补涨阳,False,,U坑内,无穿插,False,封D1负,0.71,-3.99,-3.99,-23.46,-27.55,5.66,9,-++,5,5.66,1.18,63.0,False,,True,False,False
002208.SZSE,合肥城建,2024-10-31,2024-10,4板补涨阳,False,,U坑内,无穿插,False,炸板,0.72,-4.95,-4.95,-6.91,-19.01,14.94,17,+++,5,1.34,1.75,118.0,False,,False,False,False
002228.SZSE,合兴包装,2026-01-12,2026-01,4板补涨阳,False,,U坑内,无穿插,False,炸板,-4.02,-9.75,-9.75,-27.48,-30.53,4.4,10,-++,4,1.93,0.21,79.0,False,,False,False,False
002229.SZSE,鸿博股份,2025-05-29,2025-05,4板补涨阳,False,,U突破,孤立板穿插,True,封D1负,-1.41,-8.14,-8.14,9.76,-4.53,14.97,18,+++,4,4.75,1.5,49.0,False,,True,False,False
002238.SZSE,天威视讯,2023-11-22,2023-11,4板补涨阳,False,,U突破,孤立板穿插,True,封D1负,3.82,-7.57,-7.57,15.13,-4.29,20.29,8,+++,7,7.11,2.9,45.0,False,,True,False,False
002238.SZSE,天威视讯,2023-12-07,2023-12,4板补涨阳,False,,U突破,无穿插,False,封D1负,-9.99,-9.99,-9.99,18.56,-5.54,25.52,19,+++,7,6.59,3.37,33.0,False,,True,False,False
002246.SZSE,北化股份,2025-08-11,2025-08,4板补涨阳,False,,U坑内,无穿插,False,封D1负,2.55,-2.14,-2.14,-17.23,-22.06,6.2,14,+++,4,0.91,1.19,48.0,False,,True,False,False
002248.SZSE,华东数控,2024-11-08,2024-11,4板补涨阳,False,,U坑内,孤立板穿插,False,封D1负,-0.97,-4.16,-4.16,-11.65,-12.12,0.53,9,-++,4,0.53,0.53,157.0,False,,True,False,False
002250.SZSE,联化科技,2025-06-05,2025-06,4板补涨阳,False,,无U,无穿插,True,封D1正,0.25,6.93,6.93,7.51,7.51,0.0,2,+++,4,7.51,2.47,60.0,False,,True,False,False
002250.SZSE,联化科技,2025-06-09,2025-06,4板补涨阳,False,,无U,孤立板穿插,True,封D1正,9.38,5.11,5.11,26.48,7.51,17.65,4,+++,4,6.93,3.09,44.0,False,,True,False,False
002250.SZSE,联化科技,2025-06-23,2025-06,4板补涨阳,False,,无U,孤立板穿插,True,炸板,-0.9,0.6,0.6,20.36,7.51,11.95,14,-++,4,1.16,2.24,36.0,False,,False,False,False
002253.SZSE,川大智胜,2024-11-06,2024-11,4板补涨阳,False,,U坑内,无穿插,False,封D1负,-7.98,-9.99,-9.99,-11.95,-19.02,8.73,4,+++,4,8.73,1.07,139.0,False,,True,False,False
002256.SZSE,兆新股份,2025-09-12,2025-09,4板补涨阳,False,,U坑内,无穿插,False,封D1正,1.27,3.48,3.48,-26.22,-27.76,2.14,8,-++,4,2.14,1.07,74.0,False,,True,False,False
002261.SZSE,拓维信息,2025-02-21,2025-02,4板补涨阳,False,,无U,孤立板穿插,True,封D1负,0.93,-0.57,-0.57,26.91,0.94,25.74,7,+++,6,4.52,0.0,76.0,False,,True,False,False
002261.SZSE,拓维信息,2025-03-05,2025-03,4板补涨阳,False,,无U,孤立板穿插,False,封D1正,2.58,6.21,6.21,15.55,0.94,14.47,15,-++,6,-0.35,1.27,61.0,False,,True,False,False
002264.SZSE,新 华 都,2025-12-08,2025-12,4板补涨阳,False,,U坑内,无穿插,False,炸板,-2.63,-1.72,-1.72,-16.87,-20.67,4.79,8,-++,4,4.79,1.17,58.0,False,,False,False,False
002264.SZSE,新 华 都,2025-12-10,2025-12,4板补涨阳,False,,U坑内,无穿插,False,炸板,-10.68,-13.03,-13.03,-10.1,-20.67,13.32,10,-++,4,1.89,1.79,46.0,False,,False,False,False
002265.SZSE,建设工业,2024-12-25,2024-12,4板补涨阳,False,,U坑内,无穿插,False,炸板,-4.87,2.53,2.53,-29.96,-33.82,5.83,8,-++,4,5.83,1.93,62.0,False,,False,False,False
002265.SZSE,建设工业,2024-12-26,2024-12,4板补涨阳,False,,U坑内,无穿插,False,炸板,1.19,-0.09,-0.09,-24.29,-33.82,14.39,9,-++,4,8.09,1.92,31.0,False,,False,False,False
002272.SZSE,川润股份,2024-11-21,2024-11,4板补涨阳,True,夹层,U坑内,2板小波穿插,False,封D1负,1.0,-1.25,-1.25,-21.99,-28.94,9.78,18,--+,2,3.12,0.57,119.0,False,,True,False,False
002278.SZSE,神开股份,2025-10-27,2025-10,4板补涨阳,False,,无U,无穿插,True,封D1负,-7.05,-9.57,-9.57,6.49,6.49,0.0,2,+++,4,6.49,3.54,47.0,False,,True,False,False
002292.SZSE,奥飞娱乐,2023-05-04,2023-05,4板补涨阳,False,,U坑内,无穿插,False,连板,-0.1,9.98,9.3,-10.41,-16.97,7.9,12,,5,7.9,1.74,69.0,True,05,True,True,False
002297.SZSE,博云新材,2026-04-23,2026-04,4板补涨阳,False,,无U,无穿插,True,炸板,-3.36,-0.09,-0.09,4.27,-2.42,6.85,3,+++,6,6.85,3.11,49.0,False,,False,False,False
002298.SZSE,中电鑫龙,2024-04-01,2024-04,4板补涨阳,False,,U坑内,无穿插,True,炸板,-1.44,-4.33,-4.33,-19.0,-23.0,5.19,12,-++,5,0.53,1.06,56.0,False,,False,False,False
002312.SZSE,川发龙蟒,2024-11-20,2024-11,4板补涨阳,False,,U坑内,孤立板穿插,True,封D1正,0.52,4.37,4.37,-17.43,-23.09,7.37,14,-++,4,7.37,2.62,79.0,False,,True,False,False
002312.SZSE,川发龙蟒,2024-11-26,2024-11,4板补涨阳,False,,U坑内,孤立板穿插,True,炸板,-7.81,5.7,-2.22,-8.79,-23.09,18.6,18,+-+,4,6.89,2.67,132.0,False,,False,True,False
002342.SZSE,巨力索具,2026-02-06,2026-02,4板补涨阳,True,夹层,U突破,2板小波穿插,True,炸板,-7.17,-3.8,-3.8,42.06,-23.48,85.64,18,+++,2,7.21,2.33,37.0,False,,False,False,False
002354.SZSE,天娱数科,2025-01-08,2025-01,4板补涨阳,False,,U坑内,孤立板穿插,True,封D1正,-1.22,0.0,0.0,-30.48,-35.43,7.66,20,--+,4,7.66,1.66,77.0,False,,True,False,False
002361.SZSE,神剑股份,2026-04-15,2026-04,4板补涨阳,False,,U突破,孤立板穿插,True,封D1正,-0.22,3.88,3.88,2.12,-7.58,10.49,10,+++,4,0.9,1.44,49.0,False,,True,False,False
002362.SZSE,汉王科技,2024-12-20,2024-12,4板补涨阳,False,,U坑内,无穿插,False,炸板,-5.94,-12.85,-12.85,-22.11,-26.41,5.84,8,-++,4,1.77,0.5,50.0,False,,False,False,False
002364.SZSE,中恒电气,2026-05-06,2026-05,4板补涨阳,False,,U坑内,无穿插,True,封D1正,0.47,3.19,3.19,-4.0,-6.45,2.62,13,-++,4,2.62,1.76,69.0,False,,True,False,False
002366.SZSE,融发核电,2023-06-09,2023-06,4板补涨阳,False,,U坑内,孤立板穿插,False,封D1负,5.19,-0.84,-0.84,-17.77,-20.05,2.86,11,-++,4,1.41,1.88,26.0,False,,True,False,False
002366.SZSE,融发核电,2025-06-17,2025-06,4板补涨阳,False,,U坑内,孤立板穿插,True,封D1负,1.65,-3.07,-3.07,-6.67,-18.81,14.95,12,+++,5,1.72,2.51,41.0,False,,True,False,False
002369.SZSE,卓翼科技,2025-03-05,2025-03,4板补涨阳,False,,U突破,孤立板穿插,False,连板,2.08,10.03,0.64,1.28,-5.19,6.82,6,+++,5,6.82,3.2,61.0,True,04,True,True,False
002388.SZSE,新亚制程,2024-09-30,2024-09,4板补涨阳,False,,U坑内,无穿插,True,连板,9.98,9.98,12.31,-24.11,-32.45,12.34,15,--+,4,6.2,2.48,107.0,True,05,True,True,False
002402.SZSE,和而泰,2024-12-04,2024-12,4板补涨阳,True,夹层,U突破,2板小波穿插,False,封D1正,-2.53,1.56,1.56,-0.75,-5.85,5.43,14,-++,2,2.36,2.85,92.0,False,,True,False,False
002403.SZSE,爱仕达,2025-01-08,2025-01,4板补涨阳,False,,U坑内,孤立板穿插,False,封D1正,3.43,4.91,4.91,-32.73,-35.45,4.23,19,--+,4,4.23,2.97,77.0,False,,True,False,False
002413.SZSE,雷科防务,2026-01-12,2026-01,4板补涨阳,False,,无U,无穿插,True,封D1负,0.4,-9.99,-9.99,9.52,5.86,3.45,3,+++,6,3.45,0.06,79.0,False,,True,False,False
002418.SZSE,康盛股份,2025-02-12,2025-02,4板补涨阳,True,夹层,U坑内,2板小波穿插,False,连板,3.5,9.91,3.79,-15.9,-24.26,11.03,18,--+,2,1.3,3.9,57.0,True,05,True,True,False
002423.SZSE,中粮资本,2024-10-29,2024-10,4板补涨阳,False,,无U,孤立板穿插,True,连板,1.66,10.0,14.97,7.46,-2.59,10.32,13,-++,8,8.01,0.0,179.0,True,04,True,True,False
002427.SZSE,尤夫股份,2025-04-10,2025-04,4板补涨阳,False,,U坑内,孤立板穿插,True,封D1正,-3.59,1.44,1.44,-20.19,-26.97,9.29,9,-++,5,-0.39,3.74,87.0,False,,True,False,False
002427.SZSE,尤夫股份,2025-04-17,2025-04,4板补涨阳,False,,U坑内,孤立板穿插,True,连板,1.68,10.05,19.43,-14.35,-26.97,17.28,14,+++,5,4.83,2.32,40.0,True,05,True,True,False
002455.SZSE,百川股份,2026-03-11,2026-03,4板补涨阳,False,,U坑内,无穿插,False,封D1正,9.98,9.71,9.71,-9.71,-16.72,8.42,14,-++,4,2.84,0.61,49.0,False,,True,False,False
002456.SZSE,欧菲光,2023-10-18,2023-10,4板补涨阳,False,,无U,无穿插,True,炸板,-9.61,-8.48,-8.48,1.94,1.94,0.0,3,+++,6,-0.94,1.89,22.0,False,,False,False,False
002456.SZSE,欧菲光,2023-11-03,2023-11,4板补涨阳,False,,U坑内,无穿插,True,封D1正,1.38,4.06,4.06,-4.27,-7.48,3.46,15,+++,6,1.13,2.26,22.0,False,,True,False,False
002474.SZSE,榕基软件,2025-12-08,2025-12,4板补涨阳,False,,U坑内,孤立板穿插,False,封D1负,2.95,-4.16,-4.16,-15.74,-19.12,4.17,11,-++,5,4.17,1.99,58.0,False,,True,False,False
002520.SZSE,日发精机,2024-09-30,2024-09,4板补涨阳,False,,U坑内,无穿插,False,炸板,8.82,5.61,5.61,-23.95,-32.83,13.22,13,--+,5,6.07,1.17,107.0,False,,False,False,False
002529.SZSE,海源复材,2024-11-07,2024-11,4板补涨阳,False,,U坑内,无穿插,True,封D1正,5.08,1.51,1.51,-16.32,-18.01,2.06,8,-++,5,2.06,3.03,104.0,False,,True,False,False
002549.SZSE,凯美特气,2025-04-22,2025-04,4板补涨阳,True,夹层,U坑内,2板小波穿插,False,封D1负,-0.76,-2.01,-2.01,-5.93,-12.76,7.82,13,-++,2,3.15,0.0,86.0,False,,True,False,False
002565.SZSE,顺灏股份,2025-12-12,2025-12,4板补涨阳,True,夹层,无U,2板小波穿插,True,封D1正,6.58,1.76,1.76,35.77,1.31,34.01,7,+++,2,7.65,0.0,27.0,False,,True,False,False
002565.SZSE,顺灏股份,2025-12-25,2025-12,4板补涨阳,True,夹层,无U,2板小波穿插,False,炸板,-3.34,-2.85,-2.85,37.45,1.31,35.67,16,-++,2,3.89,1.2,65.0,False,,False,False,False
002580.SZSE,圣阳股份,2025-03-18,2025-03,4板补涨阳,False,,U突破,无穿插,True,封D1负,0.33,-2.45,-2.45,5.29,-11.54,19.02,13,+++,5,6.87,3.14,54.0,False,,True,False,False
002611.SZSE,东方精工,2024-03-18,2024-03,4板补涨阳,False,,U坑内,孤立板穿插,False,封D1正,4.76,2.98,2.98,-4.5,-9.75,5.82,11,-++,6,0.66,1.32,56.0,False,,True,False,False
002628.SZSE,成都路桥,2024-10-31,2024-10,4板补涨阳,True,夹层,无U,2板小波穿插,True,封D1负,5.46,-10.04,-10.04,31.92,0.55,31.19,6,+++,2,8.33,1.52,118.0,False,,True,False,False
002636.SZSE,金安国纪,2025-02-20,2025-02,4板补涨阳,False,,U坑内,无穿插,True,封D1负,0.0,-3.49,-3.49,-19.13,-27.46,11.48,17,+-+,5,0.77,0.22,90.0,False,,True,False,False
002640.SZSE,跨境通,2024-09-24,2024-09,4板补涨阳,False,,U坑内,孤立板穿插,False,连板,0.0,9.95,20.9,-14.88,-19.53,5.78,8,-++,4,5.78,2.89,45.0,True,05,True,True,False
002640.SZSE,跨境通,2024-10-14,2024-10,4板补涨阳,True,夹层,U突破,2板小波穿插,False,连板,0.0,9.86,10.21,20.0,-19.53,49.13,17,+++,2,6.17,2.88,28.0,True,05,True,True,False
002645.SZSE,华宏科技,2025-07-29,2025-07,4板补涨阳,True,夹层,U突破,2板小波穿插,False,炸板,-4.92,-13.87,-13.87,8.76,-6.39,16.19,9,+++,2,2.78,1.97,48.0,False,,False,False,False
002651.SZSE,利君股份,2025-05-16,2025-05,4板补涨阳,False,,无U,无穿插,True,连板,4.45,10.02,-0.99,8.33,8.33,0.0,2,+++,6,8.33,1.43,40.0,True,04,True,True,False
002674.SZSE,兴业科技,2026-07-13,2026-07,4板补涨阳,False,,U突破,孤立板穿插,True,炸板,-5.55,-5.84,-5.84,6.83,-10.93,19.94,11,+++,6,-0.03,2.92,79.0,False,,False,False,False
002682.SZSE,龙洲股份,2023-11-07,2023-11,4板补涨阳,False,,U坑内,无穿插,False,封D1正,0.44,2.96,2.96,-25.12,-27.32,3.02,6,-++,7,3.02,1.34,47.0,False,,True,False,False
002682.SZSE,龙洲股份,2025-12-03,2025-12,4板补涨阳,False,,U坑内,无穿插,False,连板,5.99,9.98,51.46,-24.49,-31.89,10.86,11,--+,4,2.78,1.74,41.0,True,03,True,True,False
002682.SZSE,龙洲股份,2025-12-25,2025-12,4板补涨阳,False,,U坑内,孤立板穿插,True,炸板,-2.53,-2.2,-2.2,-21.16,-21.83,0.85,11,-++,6,0.85,2.07,65.0,False,,False,False,False
002682.SZSE,龙洲股份,2025-12-30,2025-12,4板补涨阳,False,,U坑内,孤立板穿插,True,炸板,-16.43,-18.61,-18.61,-8.77,-21.83,16.71,14,-++,6,7.53,2.36,64.0,False,,False,False,False
002685.SZSE,华东重机,2024-11-08,2024-11,4板补涨阳,True,夹层,U突破,2板小波穿插,True,封D1负,2.44,-3.17,-3.17,0.67,-6.88,8.12,12,-++,2,-2.1,1.18,157.0,False,,True,False,False
002702.SZSE,海欣食品,2025-12-09,2025-12,4板补涨阳,False,,U突破,孤立板穿插,True,炸板,-9.36,-11.32,-11.32,5.81,-9.96,17.51,4,+++,6,6.81,3.25,63.0,False,,False,False,False
002703.SZSE,浙江世宝,2025-12-26,2025-12,4板补涨阳,False,,无U,孤立板穿插,True,封D1正,-1.46,4.03,4.03,21.19,5.6,14.76,5,+++,4,3.92,1.86,72.0,False,,True,False,False
002703.SZSE,浙江世宝,2026-01-13,2026-01,4板补涨阳,False,,无U,无穿插,True,炸板,-9.22,-9.6,-9.6,49.29,5.6,41.37,15,+++,4,3.28,1.19,124.0,False,,False,False,False
002712.SZSE,思美传媒,2024-11-28,2024-11,4板补涨阳,False,,U坑内,孤立板穿插,True,炸板,-9.7,-8.36,-8.36,-11.99,-19.65,9.53,20,--+,4,3.22,0.51,77.0,False,,False,False,False
002713.SZSE,东易日盛,2024-07-23,2024-07,4板补涨阳,False,,U坑内,无穿插,False,封D1负,2.1,-5.04,-5.04,-33.54,-37.23,5.88,12,---,4,5.37,0.49,29.0,False,,True,False,False
002718.SZSE,友邦吊顶,2026-01-12,2026-01,4板补涨阳,False,,无U,无穿插,True,连板,5.44,10.01,8.9,7.69,2.82,4.74,3,+++,5,4.74,3.74,79.0,True,04,True,True,False
002730.SZSE,电光科技,2025-01-15,2025-01,4板补涨阳,True,夹层,U突破,2板小波穿插,False,封D1正,3.93,4.97,4.97,3.13,-10.03,14.63,12,+++,2,6.32,3.02,111.0,False,,True,False,False
002730.SZSE,电光科技,2025-01-17,2025-01,4板补涨阳,True,夹层,U突破,2板小波穿插,True,连板,6.33,9.99,31.79,19.08,-10.03,32.35,14,-++,2,4.97,3.68,59.0,True,05,True,True,False
002741.SZSE,光华科技,2024-12-10,2024-12,4板补涨阳,True,夹层,U突破,2板小波穿插,True,炸板,-5.78,-16.07,-16.07,3.92,-27.11,42.57,10,+++,2,9.52,0.49,83.0,False,,False,False,False
002741.SZSE,光华科技,2024-12-13,2024-12,4板补涨阳,True,夹层,U突破,2板小波穿插,True,炸板,2.28,-11.64,-11.64,-1.49,-27.11,35.15,13,+++,2,2.67,3.82,119.0,False,,False,False,False
002748.SZSE,世龙实业,2025-11-13,2025-11,4板补涨阳,False,,U坑内,无穿插,False,炸板,2.04,-4.42,-4.42,-21.04,-29.02,11.24,13,+-+,5,1.52,0.15,48.0,False,,False,False,False
002748.SZSE,世龙实业,2025-11-14,2025-11,4板补涨阳,False,,U坑内,无穿插,False,炸板,-10.42,-13.72,-13.72,-15.43,-29.02,19.15,14,+-+,5,7.11,2.92,73.0,False,,False,False,False
002757.SZSE,南兴股份,2026-01-28,2026-01,4板补涨阳,False,,U坑内,孤立板穿插,True,炸板,-7.57,-4.89,-4.89,-12.35,-15.92,4.24,16,--+,4,0.63,1.12,46.0,False,,False,False,False
002765.SZSE,蓝黛科技,2024-11-28,2024-11,4板补涨阳,False,,U坑内,无穿插,False,炸板,-6.27,-0.11,-0.11,-33.33,-33.9,0.85,14,--+,7,0.85,0.37,77.0,False,,False,False,False
002766.SZSE,索菱股份,2024-07-10,2024-07,4板补涨阳,False,,U坑内,无穿插,False,封D1正,4.9,0.41,0.41,-32.27,-36.23,6.21,13,--+,5,6.21,0.95,36.0,False,,True,False,False
002779.SZSE,中坚科技,2024-03-01,2024-03,4板补涨阳,False,,无U,无穿插,True,炸板,-6.73,-9.58,-9.58,8.06,0.0,8.06,7,++-,4,3.21,0.67,82.0,False,,False,False,False
002786.SZSE,银宝山新,2023-11-30,2023-11,4板补涨阳,False,,U坑内,无穿插,False,封D1正,0.07,0.0,0.0,-24.31,-28.43,5.76,7,-++,8,5.76,3.35,25.0,False,,True,False,False
002786.SZSE,银宝山新,2023-12-06,2023-12,4板补涨阳,False,,U坑内,孤立板穿插,True,封D1负,6.72,-9.98,-9.98,-10.89,-28.43,24.51,11,+++,8,7.74,2.23,32.0,False,,True,False,False
002786.SZSE,银宝山新,2023-12-12,2023-12,4板补涨阳,False,,U坑内,孤立板穿插,False,封D1正,1.8,0.86,0.86,-22.22,-28.43,8.68,15,+++,8,-2.09,2.4,33.0,False,,True,False,False
002788.SZSE,鹭燕医药,2026-01-06,2026-01,4板补涨阳,False,,无U,无穿插,True,连板,5.81,9.99,18.05,11.62,6.22,5.09,8,+++,5,-2.5,3.49,74.0,True,04,True,True,False
002792.SZSE,通宇通讯,2025-12-08,2025-12,4板补涨阳,False,,无U,无穿插,True,封D1负,0.0,-8.3,-8.3,2.4,-2.54,5.06,4,+++,4,4.73,1.17,58.0,False,,True,False,False
002792.SZSE,通宇通讯,2025-12-15,2025-12,4板补涨阳,False,,无U,孤立板穿插,False,连板,10.0,10.0,-1.0,1.11,-2.54,3.74,9,+++,4,2.94,0.35,67.0,True,05,True,True,False
002792.SZSE,通宇通讯,2025-12-25,2025-12,4板补涨阳,True,夹层,无U,2板小波穿插,False,连板,3.54,10.01,11.26,20.6,-2.54,23.74,17,+++,2,6.31,1.96,65.0,True,05,True,True,False
002809.SZSE,红墙股份,2025-05-09,2025-05,4板补涨阳,False,,U突破,无穿插,True,连板,0.65,10.02,25.71,8.02,-6.64,15.71,10,+++,4,5.12,3.86,51.0,True,04,True,True,False
002827.SZSE,高争民爆,2026-08-06,2026-08,4板补涨阳,False,,无U,无穿插,True,连板,8.16,9.99,19.03,6.9,6.9,0.0,2,+++,5,6.9,3.1,93.0,True,04,True,True,False
002828.SZSE,贝肯能源,2023-10-16,2023-10,4板补涨阳,False,,U坑内,无穿插,False,封D1负,-8.32,-1.2,-1.2,-15.31,-17.87,3.12,4,+++,5,3.12,2.72,28.0,False,,True,False,False
002861.SZSE,瀛通通讯,2025-02-20,2025-02,4板补涨阳,False,,U坑内,孤立板穿插,False,封D1负,-0.74,-2.11,-2.11,-14.2,-16.6,2.87,15,-++,5,2.87,0.49,90.0,False,,True,False,False
002862.SZSE,实丰文化,2024-01-03,2024-01,4板补涨阳,False,,U坑内,孤立板穿插,False,炸板,-6.59,0.48,0.48,-17.7,-23.11,7.04,10,-++,4,-1.37,2.46,48.0,False,,False,False,False
002862.SZSE,实丰文化,2024-12-09,2024-12,4板补涨阳,False,,U坑内,无穿插,True,炸板,-0.09,2.11,2.11,-19.49,-20.75,1.59,8,-++,6,-1.42,2.81,94.0,False,,False,False,False
002862.SZSE,实丰文化,2024-12-10,2024-12,4板补涨阳,False,,U坑内,无穿插,True,炸板,-2.16,5.34,7.31,-14.17,-20.75,8.3,9,-++,6,6.61,3.38,83.0,False,,False,True,False
002875.SZSE,安奈儿,2024-03-21,2024-03,4板补涨阳,False,,U突破,无穿插,False,炸板,-26.34,-26.34,-26.34,-3.57,-19.0,19.05,11,+++,7,1.89,0.15,64.0,False,,False,False,False
002878.SZSE,元隆雅图,2025-06-30,2025-06,4板补涨阳,False,,U坑内,无穿插,False,炸板,-3.67,-10.49,-10.49,-22.21,-25.97,5.07,10,-++,4,0.23,2.87,42.0,False,,False,False,False
002879.SZSE,长缆科技,2026-08-03,2026-08,4板补涨阳,False,,U坑内,无穿插,False,封D1正,4.36,4.92,4.92,-18.18,-18.73,0.68,5,+++,5,0.68,0.19,87.0,False,,True,False,False
002881.SZSE,美格智能,2025-02-26,2025-02,4板补涨阳,False,,U坑内,无穿插,False,炸板,-5.75,-8.42,-8.42,-21.25,-23.93,3.52,10,-++,8,3.46,3.02,46.0,False,,False,False,False
002902.SZSE,铭普光磁,2023-06-15,2023-06,4板补涨阳,False,,无U,无穿插,True,炸板,-6.87,4.23,4.23,12.1,4.97,6.79,6,+++,5,4.01,2.13,43.0,False,,False,False,False
002902.SZSE,铭普光磁,2023-06-16,2023-06,4板补涨阳,False,,无U,无穿插,True,炸板,-6.15,-6.96,-6.96,19.54,4.97,13.88,7,+++,5,6.64,3.36,32.0,False,,False,False,False
002902.SZSE,铭普光磁,2023-07-04,2023-07,4板补涨阳,False,,无U,无穿插,True,炸板,-5.67,-8.75,-8.75,9.29,-3.5,13.25,17,-++,5,1.82,2.56,39.0,False,,False,False,False
002917.SZSE,金奥博,2025-01-22,2025-01,4板补涨阳,False,,U突破,无穿插,True,封D1负,8.56,-10.01,-10.01,1.62,-5.13,7.11,3,+++,7,7.11,2.87,38.0,False,,True,False,False
002940.SZSE,昂利康,2025-06-16,2025-06,4板补涨阳,False,,无U,无穿插,True,封D1正,4.97,0.07,0.07,0.92,0.92,0.0,3,+++,4,-2.77,3.17,39.0,False,,True,False,False
002940.SZSE,昂利康,2025-07-01,2025-07,4板补涨阳,False,,无U,无穿插,True,连板,-0.07,10.0,10.04,42.13,0.92,40.83,14,+++,4,9.24,0.77,63.0,True,05,True,True,False
002951.SZSE,金时科技,2025-06-27,2025-06,4板补涨阳,True,夹层,U坑内,2板小波穿插,True,炸板,-0.14,5.17,5.17,-4.05,-12.09,9.14,14,-++,2,4.75,0.0,46.0,False,,False,False,False
002951.SZSE,金时科技,2025-07-07,2025-07,4板补涨阳,True,夹层,U坑内,2板小波穿插,True,连板,3.5,10.0,29.93,-4.2,-12.09,8.97,20,+-+,2,3.42,3.02,30.0,True,05,True,True,False
002952.SZSE,亚世光电,2024-01-16,2024-01,4板补涨阳,False,,U坑内,无穿插,True,封D1负,-2.99,-8.93,-8.93,-14.52,-17.78,3.96,10,-++,9,3.96,2.48,32.0,False,,True,False,False
002963.SZSE,豪尔赛,2026-08-25,2026-08,4板补涨阳,False,,U坑内,孤立板穿插,False,连板,3.44,9.99,9.99,-4.55,-12.14,8.65,13,-++,5,5.78,1.37,41.0,True,04,True,True,False
002969.SZSE,嘉美包装,2026-01-06,2026-01,4板补涨阳,False,,无U,无穿插,True,连板,10.02,10.02,16.46,15.61,6.84,8.21,3,+++,10,8.21,1.58,74.0,True,05,True,True,False
002969.SZSE,嘉美包装,2026-02-10,2026-02,4板补涨阳,True,夹层,无U,2板小波穿插,True,封D1正,-2.7,2.89,2.89,133.33,6.84,118.4,20,+++,2,6.39,0.15,70.0,False,,True,False,False
002971.SZSE,和远气体,2026-06-18,2026-06,4板补涨阳,False,,无U,无穿插,True,封D1正,6.84,8.01,8.01,5.55,-2.15,7.87,4,+++,4,3.39,3.6,67.0,False,,True,False,False
002990.SZSE,盛视科技,2026-04-24,2026-04,4板补涨阳,False,,U突破,无穿插,False,封D1负,-5.73,-10.0,-10.0,-3.45,-11.38,8.95,5,+++,4,1.36,1.38,45.0,False,,True,False,False
002990.SZSE,盛视科技,2026-05-07,2026-05,4板补涨阳,False,,U突破,孤立板穿插,True,封D1负,1.17,-2.33,-2.33,14.64,-11.38,29.37,11,+++,4,8.51,1.02,88.0,False,,True,False,False
002990.SZSE,盛视科技,2026-05-14,2026-05,4板补涨阳,False,,U突破,无穿插,False,封D1正,0.68,0.12,0.12,23.85,-11.38,39.76,16,+++,4,6.95,1.95,101.0,False,,True,False,False
003041.SZSE,真爱美家,2025-11-27,2025-11,4板补涨阳,False,,无U,孤立板穿插,False,炸板,-12.01,-17.13,-17.13,8.12,-0.35,8.49,6,+++,6,-1.37,3.29,54.0,False,,False,False,False
600076.SSE,康欣新材,2024-07-30,2024-07,4板补涨阳,False,,U坑内,无穿插,False,封D1负,-0.65,-1.3,-1.3,-28.57,-31.12,3.7,19,--+,4,0.72,1.44,47.0,False,,True,False,False
600078.SSE,澄星股份,2025-10-17,2025-10,4板补涨阳,False,,U坑内,无穿插,False,封D1负,-1.56,-4.48,-4.48,-5.95,-9.68,4.13,3,+++,4,4.13,1.0,36.0,False,,True,False,False
600078.SSE,澄星股份,2025-10-28,2025-10,4板补涨阳,False,,U坑内,孤立板穿插,False,封D1负,0.21,-1.35,-1.35,-11.79,-13.81,2.34,10,-++,4,0.11,1.95,45.0,False,,True,False,False
600078.SSE,澄星股份,2025-11-06,2025-11,4板补涨阳,False,,U突破,孤立板穿插,True,连板,5.07,10.05,23.5,-0.6,-13.81,15.32,17,+++,4,7.41,2.61,54.0,True,04,True,True,False
600088.SSE,中视传媒,2024-02-23,2024-02,4板补涨阳,False,,U坑内,孤立板穿插,True,封D1正,-1.52,2.96,2.96,-21.55,-35.92,22.43,10,-++,8,1.16,1.83,56.0,False,,True,False,False
600103.SSE,青山纸业,2025-10-14,2025-10,4板补涨阳,False,,U坑内,孤立板穿插,True,炸板,-6.54,-5.5,-5.5,-16.99,-16.99,0.0,16,--+,4,-1.7,1.7,48.0,False,,False,False,False
600118.SSE,中国卫星,2026-01-12,2026-01,4板补涨阳,False,,无U,孤立板穿插,True,封D1正,3.72,4.17,4.17,20.51,-1.91,22.86,8,+++,4,3.97,2.89,79.0,False,,True,False,False
600118.SSE,中国卫星,2026-01-23,2026-01,4板补涨阳,False,,无U,孤立板穿插,True,封D1负,-1.15,-10.0,-10.0,12.5,-1.91,14.69,17,-++,4,3.36,1.65,63.0,False,,True,False,False
600126.SSE,杭钢股份,2025-02-21,2025-02,4板补涨阳,False,,U坑内,无穿插,False,封D1负,0.65,-9.94,-9.94,-8.98,-14.2,6.09,4,+++,9,6.09,3.9,76.0,False,,True,False,False
600159.SSE,大龙地产,2023-12-07,2023-12,4板补涨阳,False,,U坑内,无穿插,False,炸板,-8.05,-11.49,-11.49,-17.88,-22.66,6.18,10,-++,4,3.13,1.04,33.0,False,,False,False,False
600159.SSE,大龙地产,2023-12-12,2023-12,4板补涨阳,False,,U坑内,无穿插,False,封D1负,-0.48,-1.19,-1.19,-20.58,-22.66,2.69,13,+-+,4,-0.78,2.08,33.0,False,,True,False,False
600162.SSE,香江控股,2026-06-04,2026-06,4板补涨阳,False,,无U,孤立板穿插,True,炸板,-8.4,-6.78,-6.78,20.07,4.66,14.73,4,+++,5,4.36,2.49,59.0,False,,False,False,False
600172.SSE,黄河旋风,2024-12-23,2024-12,4板补涨阳,False,,U坑内,无穿插,False,封D1正,1.27,1.27,1.27,-29.58,-29.9,0.47,10,-++,5,0.47,1.4,68.0,False,,True,False,False
600172.SSE,黄河旋风,2025-01-02,2025-01,4板补涨阳,False,,U坑内,孤立板穿插,True,炸板,-3.06,-5.46,-5.46,-32.03,-36.76,7.49,17,--+,5,7.49,2.58,39.0,False,,False,False,False
600198.SSE,大唐电信,2024-10-08,2024-10,4板补涨阳,False,,U坑内,无穿插,False,封D1正,-0.68,1.02,1.02,-13.9,-20.43,8.2,5,+++,6,8.2,0.81,626.0,False,,True,False,False
600198.SSE,大唐电信,2024-10-31,2024-10,4板补涨阳,False,,无U,无穿插,True,炸板,-7.49,-13.32,-13.32,16.99,9.26,7.07,3,+++,4,7.07,2.87,118.0,False,,False,False,False
600208.SSE,衢州发展,2024-10-31,2024-10,4板补涨阳,False,,U坑内,无穿插,False,封D1负,0.68,-2.04,-2.04,-8.56,-11.99,3.89,17,+-+,4,1.91,1.53,118.0,False,,True,False,False
600249.SSE,XD两面针,2025-05-15,2025-05,4板补涨阳,False,,U坑内,无穿插,False,封D1负,-3.24,-4.05,-4.05,-23.64,-27.72,5.64,18,+-+,4,1.63,0.36,51.0,False,,True,False,False
600250.SSE,南京商旅,2023-12-12,2023-12,4板补涨阳,False,,无U,无穿插,True,封D1负,-0.25,-2.94,-2.94,2.61,0.49,2.11,4,+++,7,1.96,2.59,33.0,False,,True,False,False
600272.SSE,开开实业,2024-12-18,2024-12,4板补涨阳,False,,无U,无穿插,True,炸板,-12.64,-15.07,-15.07,9.47,9.47,0.0,2,+++,4,9.47,0.51,25.0,False,,False,False,False
600272.SSE,开开实业,2025-01-02,2025-01,4板补涨阳,False,,U坑内,无穿插,True,炸板,-1.97,-10.99,-10.99,-14.21,-19.73,6.88,12,-++,4,4.39,1.78,39.0,False,,False,False,False
600272.SSE,开开实业,2026-08-18,2026-08,4板补涨阳,False,,U突破,孤立板穿插,True,封D1负,-4.44,-6.83,-6.83,10.19,-7.35,18.94,4,+++,5,8.13,1.87,93.0,False,,True,False,False
600280.SSE,中央商场,2023-08-15,2023-08,4板补涨阳,True,夹层,无U,2板小波穿插,False,封D1负,-4.24,-5.35,-5.35,7.17,1.3,5.79,17,-++,2,3.79,3.16,18.0,False,,True,False,False
600280.SSE,中央商场,2024-08-30,2024-08,4板补涨阳,False,,U坑内,无穿插,False,封D1负,-3.73,-5.22,-5.22,-36.29,-39.16,4.72,16,--+,5,2.09,0.84,37.0,False,,True,False,False
600288.SSE,大恒科技,2024-12-12,2024-12,4板补涨阳,False,,U坑内,无穿插,False,封D1负,-1.06,-5.23,-5.23,-12.31,-22.56,13.25,14,+++,4,2.09,2.89,119.0,False,,True,False,False
600310.SSE,广西能源,2023-06-26,2023-06,4板补涨阳,False,,U突破,孤立板穿插,True,封D1正,10.1,6.8,6.8,-3.11,-12.22,10.38,20,+-+,4,6.36,3.18,32.0,False,,True,False,False
600326.SSE,西藏天路,2025-07-29,2025-07,4板补涨阳,False,,无U,无穿插,True,封D1正,-1.22,3.95,3.95,1.49,1.49,0.0,2,+++,5,1.49,0.45,48.0,False,,True,False,False
600353.SSE,旭光电子,2026-06-24,2026-06,4板补涨阳,False,,无U,无穿插,True,炸板,-3.87,-9.18,-9.18,5.6,5.6,0.0,2,+++,5,5.6,2.6,87.0,False,,False,False,False
600375.SSE,汉马科技,2024-03-20,2024-03,4板补涨阳,False,,U坑内,孤立板穿插,False,封D1正,6.54,2.58,2.58,-10.36,-14.6,4.97,16,--+,5,0.57,2.1,46.0,False,,True,False,False
600376.SSE,首开股份,2025-09-12,2025-09,4板补涨阳,False,,无U,无穿插,True,连板,9.07,9.98,31.76,7.05,7.05,0.0,2,+++,6,7.05,2.99,74.0,True,04,True,True,False
600390.SSE,五矿资本,2024-10-31,2024-10,4板补涨阳,False,,U坑内,无穿插,False,炸板,-4.88,-5.53,-5.53,-12.39,-21.07,10.99,16,+++,7,-0.84,3.37,118.0,False,,False,False,False
600396.SSE,华电辽能,2026-04-21,2026-04,4板补涨阳,True,夹层,U坑内,2板小波穿插,True,连板,0.0,9.96,13.16,-11.39,-20.38,11.3,18,+-+,2,3.5,1.68,72.0,True,05,True,True,False
600397.SSE,江钨装备,2025-01-15,2025-01,4板补涨阳,False,,U突破,孤立板穿插,False,炸板,-4.13,5.0,2.61,-0.95,-9.95,10.0,10,+++,4,1.95,0.49,111.0,False,,False,True,False
600403.SSE,大有能源,2025-11-05,2025-11,4板补涨阳,False,,U坑内,无穿插,False,炸板,-11.26,-13.39,-13.39,-11.58,-18.2,8.09,9,-++,8,3.51,2.42,44.0,False,,False,False,False
600403.SSE,大有能源,2025-11-14,2025-11,4板补涨阳,False,,U坑内,孤立板穿插,True,连板,2.47,9.96,1.18,-4.65,-18.2,16.56,16,+++,8,3.95,3.38,73.0,True,04,True,True,False
600408.SSE,安泰集团,2025-12-02,2025-12,4板补涨阳,False,,U坑内,无穿插,False,连板,0.0,10.04,2.36,-32.95,-35.99,4.76,11,--+,5,-1.07,2.78,54.0,True,05,True,True,False
600448.SSE,华纺股份,2025-05-15,2025-05,4板补涨阳,False,,无U,孤立板穿插,True,炸板,-7.2,-2.84,-2.84,21.83,4.06,17.07,4,+++,4,6.43,3.55,51.0,False,,False,False,False
600475.SSE,华光环能,2025-08-21,2025-08,4板补涨阳,False,,无U,无穿插,True,连板,8.23,10.02,1.44,1.09,-2.17,3.33,9,-++,4,3.33,0.63,78.0,True,05,True,True,False
600477.SSE,杭萧钢构,2026-01-22,2026-01,4板补涨阳,False,,U坑内,无穿插,True,封D1正,2.12,3.18,3.18,-21.33,-23.17,2.39,7,-++,4,2.39,3.28,72.0,False,,True,False,False
600477.SSE,杭萧钢构,2026-02-09,2026-02,4板补涨阳,False,,U坑内,孤立板穿插,True,封D1正,5.07,1.45,1.45,-13.76,-23.17,12.24,19,--+,4,3.87,1.93,48.0,False,,True,False,False
600481.SSE,双良节能,2024-11-28,2024-11,4板补涨阳,False,,U坑内,孤立板穿插,False,炸板,-3.37,2.64,2.64,-21.82,-26.23,5.98,19,+-+,6,-0.16,0.81,77.0,False,,False,False,False
600488.SSE,津药药业,2026-04-15,2026-04,4板补涨阳,False,,U坑内,无穿插,False,封D1负,-4.39,-8.04,-8.04,-18.9,-22.95,5.25,6,+++,7,5.25,0.85,49.0,False,,True,False,False
600500.SSE,中化国际,2026-06-16,2026-06,4板补涨阳,False,,无U,无穿插,True,封D1正,4.42,1.55,1.55,3.91,3.91,0.0,2,+++,4,3.91,3.15,127.0,False,,True,False,False
600520.SSE,三佳科技,2024-11-11,2024-11,4板补涨阳,False,,无U,3板小波穿插,False,封D1负,1.29,-2.42,-2.42,8.16,0.57,7.55,14,-++,3,7.55,2.34,95.0,False,,True,False,False
600539.SSE,狮头股份,2025-01-27,2025-01,4板补涨阳,False,,U坑内,无穿插,False,炸板,-2.8,-1.91,-1.91,-26.21,-29.82,5.15,6,-++,4,5.15,3.09,53.0,False,,False,False,False
600539.SSE,狮头股份,2025-02-14,2025-02,4板补涨阳,False,,U坑内,无穿插,False,封D1正,9.46,0.53,0.53,-11.76,-29.82,25.74,14,+++,4,0.94,0.71,45.0,False,,True,False,False
600540.SSE,新赛股份,2025-04-16,2025-04,4板补涨阳,False,,U突破,无穿插,False,炸板,-16.3,-21.63,-21.63,-1.76,-9.92,9.06,4,+++,5,3.54,1.01,44.0,False,,False,False,False
600570.SSE,恒生电子,2024-11-05,2024-11,4板补涨阳,False,,U坑内,无穿插,True,封D1正,4.63,4.6,4.6,-4.26,-15.53,13.34,19,-++,4,2.59,0.19,122.0,False,,True,False,False
600571.SSE,信雅达,2023-12-12,2023-12,4板补涨阳,False,,无U,无穿插,True,炸板,-6.04,0.56,0.56,0.67,-3.88,4.74,3,+++,6,4.74,3.51,33.0,False,,False,False,False
600578.SSE,京能电力,2026-06-03,2026-06,4板补涨阳,False,,无U,孤立板穿插,True,封D1正,1.71,0.21,0.21,10.12,-3.5,14.11,12,+++,4,0.59,3.08,56.0,False,,True,False,False
600579.SSE,中化装备,2025-01-21,2025-01,4板补涨阳,True,夹层,U坑内,2板小波穿插,False,连板,6.37,10.04,11.23,-36.26,-40.27,6.72,19,--+,2,1.57,0.24,62.0,True,05,True,True,False
600589.SSE,大位科技,2026-02-27,2026-02,4板补涨阳,False,,U坑内,无穿插,False,炸板,-7.31,-11.51,-11.51,-9.45,-14.43,5.82,5,+++,4,5.82,3.79,52.0,False,,False,False,False
600590.SSE,泰豪科技,2025-03-05,2025-03,4板补涨阳,False,,U突破,孤立板穿插,False,连板,7.88,10.03,19.04,-3.48,-5.76,2.42,7,+++,4,2.42,3.46,61.0,True,04,True,True,False
600610.SSE,中毅达,2025-04-14,2025-04,4板补涨阳,False,,U坑内,孤立板穿插,True,连板,3.38,10.03,14.64,-23.84,-35.68,18.4,11,-++,4,7.64,2.42,64.0,True,05,True,True,False
600610.SSE,中毅达,2025-04-21,2025-04,4板补涨阳,True,夹层,U突破,2板小波穿插,True,炸板,-12.6,-12.76,-12.76,-3.52,-35.68,50.0,16,+-+,2,0.63,2.68,50.0,False,,False,False,False
600613.SSE,神奇制药,2026-08-24,2026-08,4板补涨阳,False,,无U,孤立板穿插,True,封D1正,-3.54,3.74,3.74,15.98,0.26,15.68,4,+++,4,5.14,2.22,47.0,False,,True,False,False
600619.SSE,海立股份,2024-10-28,2024-10,4板补涨阳,True,夹层,U突破,2板小波穿插,False,封D1正,3.77,6.53,6.53,25.35,-5.83,33.11,20,+++,2,3.78,1.78,121.0,False,,True,False,False
600622.SSE,光大嘉宝,2024-10-28,2024-10,4板补涨阳,False,,U坑内,无穿插,False,封D1正,7.76,1.65,1.65,-9.81,-15.89,7.22,6,+++,6,7.22,2.5,121.0,False,,True,False,False
600627.SSE,上电股份,2007-10-12,2007-10,4板补涨阳,False,,无U,无穿插,True,封D1正,-0.22,5.95,5.95,4.08,-3.35,7.69,17,+++,9,1.4,2.18,0.0,False,,True,False,False
600627.SSE,上电股份,2007-10-17,2007-10,4板补涨阳,False,,无U,孤立板穿插,True,封D1负,1.6,-2.16,-2.16,21.68,-3.35,25.91,20,+++,9,0.31,1.93,0.0,False,,True,False,False
600629.SSE,华建集团,2025-09-25,2025-09,4板补涨阳,False,,U突破,无穿插,True,连板,7.8,10.02,31.32,3.65,-4.81,8.89,7,+++,4,-0.05,1.99,64.0,True,05,True,True,False
600633.SSE,浙数文化,2025-02-17,2025-02,4板补涨阳,False,,U突破,无穿插,False,封D1负,-5.97,-4.46,-4.46,-0.83,-7.18,6.85,3,+++,6,6.85,3.15,53.0,False,,True,False,False
600639.SSE,浦东金桥,2024-02-20,2024-02,4板补涨阳,False,,U坑内,孤立板穿插,False,封D1负,-2.64,-0.4,-0.4,-23.33,-25.56,2.99,10,-++,5,0.44,1.68,186.0,False,,True,False,False
600644.SSE,乐山电力,2025-05-20,2025-05,4板补涨阳,True,夹层,无U,2板小波穿插,True,连板,3.3,9.98,16.3,23.27,4.09,18.43,20,+-+,2,0.4,3.49,66.0,True,05,True,True,False
600650.SSE,锦江在线,2024-07-22,2024-07,4板补涨阳,False,,U突破,无穿插,False,封D1负,-8.33,-10.01,-10.01,-1.96,-9.27,8.06,3,+++,7,8.06,1.92,24.0,False,,True,False,False
600654.SSE,中安科,2024-12-03,2024-12,4板补涨阳,False,,U坑内,无穿插,False,封D1负,0.7,-3.25,-3.25,-24.32,-29.34,7.1,11,-++,4,4.53,1.87,132.0,False,,True,False,False
600686.SSE,金龙汽车,2024-08-02,2024-08,4板补涨阳,False,,U突破,无穿插,False,炸板,-4.35,-1.52,-1.52,-2.11,-7.97,6.37,3,+++,4,6.37,2.93,50.0,False,,False,False,False
600693.SSE,东百集团,2025-01-16,2025-01,4板补涨阳,False,,U坑内,孤立板穿插,False,封D1负,-3.05,-3.46,-3.46,-22.55,-25.03,3.31,9,-++,7,0.31,3.82,54.0,False,,True,False,False
600693.SSE,东百集团,2025-11-26,2025-11,4板补涨阳,False,,U坑内,无穿插,True,封D1正,7.55,1.14,1.14,-20.09,-23.82,4.89,8,-++,5,4.89,2.03,64.0,False,,True,False,False
600706.SSE,曲江文旅,2023-04-19,2023-04,4板补涨阳,False,,U突破,无穿插,False,封D1负,-7.7,-9.05,-9.05,-3.54,-4.44,0.95,3,,5,0.95,0.9,15.0,False,,True,False,False
600706.SSE,曲江文旅,2023-05-12,2023-05,4板补涨阳,False,,U坑内,孤立板穿插,False,封D1正,1.18,2.87,2.87,-22.74,-25.94,4.32,17,,5,0.19,2.29,35.0,False,,True,False,False
600712.SSE,南宁百货,2024-01-10,2024-01,4板补涨阳,False,,U坑内,无穿插,False,炸板,-6.76,-4.63,-4.63,-28.73,-31.24,3.65,17,--+,5,3.02,0.2,40.0,False,,False,False,False
600719.SSE,大连热电,2023-08-01,2023-08,4板补涨阳,False,,U坑内,无穿插,True,封D1负,-3.41,-3.18,-3.18,-15.43,-19.13,4.58,13,-++,7,3.63,0.0,38.0,False,,True,False,False
600726.SSE,华电能源,2026-03-19,2026-03,4板补涨阳,False,,无U,无穿插,True,连板,0.6,9.96,5.98,6.79,-0.47,7.29,4,+++,4,7.29,2.82,45.0,True,05,True,True,False
600726.SSE,华电能源,2026-03-25,2026-03,4板补涨阳,True,夹层,无U,2板小波穿插,True,连板,0.98,10.08,8.62,30.91,-0.47,31.53,8,+++,2,5.08,1.32,74.0,True,05,True,True,False
600726.SSE,华电能源,2026-05-07,2026-05,4板补涨阳,False,,U突破,无穿插,True,封D1负,2.5,-1.31,-1.31,-1.42,-6.13,5.01,4,++-,4,5.01,1.21,88.0,False,,True,False,False
600726.SSE,华电能源,2026-05-25,2026-05,4板补涨阳,False,,U坑内,孤立板穿插,False,连板,5.06,9.97,37.28,-10.4,-11.82,1.62,16,-++,4,1.62,0.81,99.0,True,05,True,True,False
600726.SSE,华电能源,2026-06-04,2026-06,4板补涨阳,False,,U坑内,无穿插,False,炸板,-4.68,-12.45,-12.45,-4.15,-8.79,5.09,4,+++,5,5.09,3.46,59.0,False,,False,False,False
600743.SSE,华远控股,2026-05-08,2026-05,4板补涨阳,False,,U坑内,无穿插,False,炸板,-3.5,-5.94,-5.94,-19.0,-28.04,12.55,15,+-+,6,2.36,0.0,91.0,False,,False,False,False
600749.SSE,西藏旅游,2025-08-13,2025-08,4板补涨阳,False,,U坑内,无穿插,True,炸板,-3.95,3.33,3.33,-17.62,-18.58,1.18,9,-++,9,1.18,1.48,42.0,False,,False,False,False
600749.SSE,西藏旅游,2025-08-14,2025-08,4板补涨阳,False,,U坑内,无穿插,True,炸板,-12.71,-2.3,-2.3,-11.7,-18.58,8.45,10,-++,9,7.19,2.8,80.0,False,,False,False,False
600749.SSE,西藏旅游,2025-08-18,2025-08,4板补涨阳,False,,U坑内,无穿插,True,封D1正,5.03,0.17,0.17,-5.11,-18.58,16.55,12,+++,9,1.36,3.56,70.0,False,,True,False,False
600778.SSE,友好集团,2025-01-09,2025-01,4板补涨阳,False,,U坑内,3板小波穿插,False,炸板,-8.8,-14.25,-14.25,-16.99,-26.55,13.02,17,+++,3,4.08,3.44,53.0,False,,False,False,False
600793.SSE,宜宾纸业,2026-07-28,2026-07,4板补涨阳,False,,U坑内,无穿插,False,炸板,-6.99,-6.41,-6.41,-34.85,-36.09,1.94,15,--+,5,1.94,0.65,101.0,False,,False,False,False
600793.SSE,宜宾纸业,2026-08-03,2026-08,4板补涨阳,False,,U坑内,无穿插,False,封D1正,2.26,4.23,4.23,-33.45,-36.09,4.12,19,+-+,5,2.3,0.63,87.0,False,,True,False,False
600794.SSE,保税科技,2025-05-14,2025-05,4板补涨阳,False,,U坑内,无穿插,True,封D1正,2.59,2.81,2.81,-24.01,-28.16,5.78,13,--+,4,3.69,1.23,41.0,False,,True,False,False
600798.SSE,宁波海运,2025-06-10,2025-06,4板补涨阳,False,,U坑内,无穿插,False,封D1正,2.64,4.81,4.81,-23.33,-24.34,1.34,15,--+,5,1.34,0.0,54.0,False,,True,False,False
600826.SSE,兰生股份,2024-12-16,2024-12,4板补涨阳,False,,U突破,孤立板穿插,True,炸板,-6.71,-11.38,-11.38,-3.86,-21.1,21.84,20,+-+,4,6.14,3.87,84.0,False,,False,False,False
600829.SSE,人民同泰,2025-11-26,2025-11,4板补涨阳,False,,U坑内,无穿插,True,封D1负,2.05,-4.17,-4.17,-28.0,-30.11,3.01,7,-++,6,3.01,1.38,64.0,False,,True,False,False
600839.SSE,四川长虹,2024-11-21,2024-11,4板补涨阳,False,,U坑内,无穿插,False,封D1负,-1.04,-9.69,-9.69,-26.03,-27.73,2.35,15,--+,4,0.83,2.4,119.0,False,,True,False,False
600843.SSE,上工申贝,2024-11-06,2024-11,4板补涨阳,False,,U坑内,无穿插,True,炸板,-10.92,-12.8,-12.8,-13.29,-14.18,1.05,5,+++,6,1.05,2.02,139.0,False,,False,False,False
600865.SSE,百大集团,2025-12-25,2025-12,4板补涨阳,False,,无U,无穿插,True,封D1负,0.6,-1.71,-1.71,13.39,3.51,9.55,5,+++,6,7.4,0.0,65.0,False,,True,False,False
600881.SSE,亚泰集团,2024-10-28,2024-10,4板补涨阳,False,,U坑内,孤立板穿插,True,封D1正,2.39,4.31,4.31,-8.65,-27.4,25.83,14,+++,7,4.4,2.75,121.0,False,,True,False,False
600916.SSE,中国黄金,2026-03-02,2026-03,4板补涨阳,False,,U坑内,无穿插,True,炸板,-1.92,-9.53,-9.53,-15.93,-20.07,5.19,16,+-+,5,0.62,1.06,69.0,False,,False,False,False
600939.SSE,重庆建工,2024-10-28,2024-10,4板补涨阳,False,,U坑内,无穿插,True,封D1正,4.36,0.24,0.24,-9.2,-13.56,5.04,6,+++,5,5.04,0.28,121.0,False,,True,False,False
600961.SSE,株冶集团,2026-05-07,2026-05,4板补涨阳,False,,无U,无穿插,True,炸板,-4.56,-1.26,-1.26,2.92,-0.9,3.85,9,-++,4,3.85,0.87,88.0,False,,False,False,False
600980.SSE,北矿科技,2025-06-30,2025-06,4板补涨阳,False,,U坑内,无穿插,True,炸板,-5.26,-6.9,-6.9,-17.73,-20.89,3.99,11,-++,5,3.99,1.52,42.0,False,,False,False,False
601008.SSE,连云港,2025-06-10,2025-06,4板补涨阳,False,,U坑内,无穿插,False,封D1正,1.97,1.84,1.84,-15.73,-20.37,5.82,15,+++,5,1.17,1.17,54.0,False,,True,False,False
601022.SSE,宁波远洋,2025-06-10,2025-06,4板补涨阳,False,,U坑内,无穿插,True,封D1负,0.47,-1.5,-1.5,-20.85,-22.73,2.43,16,--+,4,2.43,0.0,54.0,False,,True,False,False
601086.SSE,国芳集团,2025-05-07,2025-05,4板补涨阳,False,,U坑内,孤立板穿插,False,封D1正,-3.75,4.09,4.09,-25.69,-28.61,4.09,8,-++,5,4.09,0.0,79.0,False,,True,False,False
601106.SSE,中国一重,2026-01-22,2026-01,4板补涨阳,False,,U坑内,孤立板穿插,False,封D1正,6.06,7.71,7.71,-16.81,-16.81,0.0,8,-++,4,-0.2,2.02,72.0,False,,True,False,False
601162.SSE,天风证券,2024-10-31,2024-10,4板补涨阳,False,,U突破,孤立板穿插,True,封D1负,-0.16,-9.06,-9.06,9.6,-19.21,35.66,16,+++,7,0.52,2.59,118.0,False,,True,False,False
601177.SSE,杭齿前进,2025-03-06,2025-03,4板补涨阳,False,,U突破,孤立板穿插,True,封D1正,-5.98,4.63,4.63,4.83,-12.63,19.99,9,+++,8,7.1,2.93,55.0,False,,True,False,False
601188.SSE,龙江交通,2023-10-25,2023-10,4板补涨阳,False,,U坑内,无穿插,False,炸板,-4.29,0.23,0.23,-25.65,-27.86,3.07,20,--+,4,2.81,0.26,52.0,False,,False,False,False
601212.SSE,白银有色,2026-02-24,2026-02,4板补涨阳,False,,U坑内,无穿插,False,封D1正,2.21,2.88,2.88,-37.66,-38.05,0.64,12,--+,8,0.64,2.23,29.0,False,,True,False,False
601212.SSE,白银有色,2026-03-02,2026-03,4板补涨阳,False,,U坑内,孤立板穿插,True,封D1负,-4.84,-9.77,-9.77,-29.56,-38.05,13.71,16,+-+,8,2.2,0.57,69.0,False,,True,False,False
601299.SSE,中国北车,2015-04-24,2015-04,4板补涨阳,False,,U坑内,无穿插,False,封D1正,6.27,1.07,1.07,-16.35,-17.08,0.88,5,+++,5,0.88,3.39,1.0,False,,True,False,False
601599.SSE,浙文影业,2024-03-01,2024-03,4板补涨阳,False,,U坑内,无穿插,True,封D1负,5.79,-0.76,-0.76,-4.24,-7.69,3.74,7,++-,4,3.74,0.0,82.0,False,,True,False,False
601606.SSE,长城军工,2025-06-30,2025-06,4板补涨阳,True,夹层,无U,2板小波穿插,True,连板,4.58,10.02,1.89,30.74,0.45,30.16,5,+++,2,7.58,2.12,42.0,True,05,True,True,False
601606.SSE,长城军工,2025-08-13,2025-08,4板补涨阳,False,,无U,孤立板穿插,True,封D1负,0.0,-7.12,-7.12,19.29,0.39,18.83,4,+++,4,8.03,1.98,42.0,False,,True,False,False
601606.SSE,长城军工,2025-08-29,2025-08,4板补涨阳,False,,无U,无穿插,True,封D1正,2.65,2.21,2.21,21.67,0.39,21.2,16,-++,4,-0.62,1.77,47.0,False,,True,False,False
601700.SSE,风范股份,2026-08-12,2026-08,4板补涨阳,False,,U突破,孤立板穿插,False,封D1负,-1.71,-6.46,-6.46,-3.63,-10.06,7.14,4,+++,4,-2.54,2.82,53.0,False,,True,False,False
601858.SSE,中国科传,2023-04-19,2023-04,4板补涨阳,False,,U坑内,无穿插,False,炸板,-4.85,7.68,17.69,-5.93,-5.93,0.0,3,,4,-0.89,1.54,15.0,False,,False,True,False
601858.SSE,中国科传,2023-04-20,2023-04,4板补涨阳,False,,U突破,无穿插,True,封D1正,1.84,9.3,9.3,1.28,-5.93,7.67,4,,4,7.67,2.33,23.0,False,,True,False,False
601858.SSE,中国科传,2023-04-24,2023-04,4板补涨阳,False,,U突破,孤立板穿插,True,连板,1.01,10.0,10.38,21.78,-5.93,29.46,6,,4,9.3,0.69,9.0,True,04,True,True,False
601858.SSE,中国科传,2023-05-04,2023-05,4板补涨阳,True,夹层,U突破,2板小波穿插,True,封D1正,4.18,6.57,6.57,52.01,-5.93,61.6,11,,2,4.93,1.79,69.0,False,,True,False,False
601858.SSE,中国科传,2023-05-15,2023-05,4板补涨阳,True,夹层,U突破,2板小波穿插,True,封D1负,-0.93,-9.6,-9.6,53.51,-5.93,63.19,18,+++,2,2.27,1.37,23.0,False,,True,False,False
601929.SSE,吉视传媒,2025-08-18,2025-08,4板补涨阳,False,,无U,无穿插,True,封D1负,-0.23,-7.42,-7.42,8.89,1.67,7.1,3,+++,5,7.1,1.09,70.0,False,,True,False,False
601929.SSE,吉视传媒,2025-08-27,2025-08,4板补涨阳,False,,无U,孤立板穿插,False,封D1正,0.0,2.99,2.99,1.39,-2.22,3.69,10,-++,5,3.69,3.69,59.0,False,,True,False,False
601929.SSE,吉视传媒,2025-08-29,2025-08,4板补涨阳,False,,无U,无穿插,True,连板,5.71,10.11,10.55,15.0,-2.22,17.61,12,-++,5,2.99,2.99,47.0,True,04,True,True,False
601933.SSE,永辉超市,2024-10-22,2024-10,4板补涨阳,False,,U坑内,无穿插,False,封D1正,1.76,8.21,8.21,-22.31,-27.07,6.53,10,-++,6,2.31,2.64,89.0,False,,True,False,False
601933.SSE,永辉超市,2024-10-28,2024-10,4板补涨阳,False,,U坑内,孤立板穿插,True,连板,2.15,10.05,17.46,-4.76,-27.07,30.58,14,+++,6,0.8,3.45,121.0,True,04,True,True,False
601956.SSE,东贝集团,2025-05-27,2025-05,4板补涨阳,False,,U突破,孤立板穿插,True,封D1负,-1.39,-6.32,-6.32,-3.88,-16.04,14.49,18,+-+,4,0.14,2.23,46.0,False,,True,False,False
603000.SSE,人民网,2026-02-10,2026-02,4板补涨阳,False,,U坑内,无穿插,False,封D1负,7.38,-4.49,-4.49,-22.54,-25.14,3.47,18,--+,4,3.29,0.35,70.0,False,,True,False,False
603006.SSE,联明股份,2024-05-07,2024-05,4板补涨阳,False,,U坑内,无穿插,False,封D1正,-1.33,8.38,8.38,-37.06,-43.17,10.75,19,+-+,7,0.66,0.66,73.0,False,,True,False,False
603011.SSE,合锻智能,2026-06-03,2026-06,4板补涨阳,False,,无U,无穿插,True,炸板,-5.93,1.16,1.16,5.76,5.76,0.0,2,+++,4,5.76,1.61,56.0,False,,False,False,False
603015.SSE,弘讯科技,2024-12-04,2024-12,4板补涨阳,False,,U坑内,无穿插,False,封D1负,-4.0,-5.07,-5.07,-21.29,-21.29,0.0,6,-++,6,-0.71,2.59,92.0,False,,True,False,False
603015.SSE,弘讯科技,2025-01-21,2025-01,4板补涨阳,False,,U坑内,孤立板穿插,False,炸板,-8.27,-10.2,-10.2,-7.43,-8.26,0.91,7,++-,4,0.91,2.4,62.0,False,,False,False,False
603042.SSE,华脉科技,2023-10-31,2023-10,4板补涨阳,False,,U坑内,无穿插,False,炸板,-5.7,-6.61,-6.61,-26.52,-30.99,6.48,19,--+,4,3.4,2.38,54.0,False,,False,False,False
603045.SSE,福达合金,2026-06-05,2026-06,4板补涨阳,True,夹层,U突破,2板小波穿插,True,炸板,-7.51,5.56,5.56,13.4,-9.0,24.61,19,+++,2,7.07,0.93,65.0,False,,False,False,False
603063.SSE,禾望电气,2025-02-07,2025-02,4板补涨阳,False,,无U,孤立板穿插,True,炸板,-3.92,-2.73,-2.73,-1.25,-1.25,0.0,15,-++,4,-2.92,2.57,71.0,False,,False,False,False
603066.SSE,音飞储存,2024-01-09,2024-01,4板补涨阳,False,,U坑内,无穿插,False,炸板,-4.05,-6.48,-6.48,-23.13,-24.3,1.54,16,+-+,4,0.99,2.16,29.0,False,,False,False,False
603079.SSE,圣达生物,2024-04-26,2024-04,4板补涨阳,False,,U坑内,无穿插,False,封D1正,4.95,7.24,7.24,-36.04,-43.71,13.63,20,+--,4,0.92,2.34,32.0,False,,True,False,False
603099.SSE,长白山,2024-01-15,2024-01,4板补涨阳,False,,无U,无穿插,True,封D1正,2.05,2.45,2.45,7.98,1.78,6.09,3,+++,7,6.09,3.33,23.0,False,,True,False,False
603106.SSE,恒银科技,2023-08-24,2023-08,4板补涨阳,False,,U坑内,孤立板穿插,False,连板,-0.94,10.04,3.42,-18.52,-23.81,6.94,10,-++,5,2.26,1.86,25.0,True,04,True,True,False
603106.SSE,恒银科技,2024-10-22,2024-10,4板补涨阳,False,,U坑内,孤立板穿插,True,封D1负,5.95,-0.61,-0.61,-12.18,-23.0,14.05,9,-++,8,1.69,1.02,89.0,False,,True,False,False
603122.SSE,合富中国,2025-11-20,2025-11,4板补涨阳,False,,无U,3板小波穿插,True,封D1负,-8.33,-10.01,-10.01,50.92,5.26,43.37,6,+++,3,7.69,2.31,48.0,False,,True,False,False
603122.SSE,合富中国,2025-12-05,2025-12,4板补涨阳,False,,无U,3板小波穿插,False,连板,9.91,9.99,2.45,52.95,5.26,45.3,17,+++,3,4.87,3.83,30.0,True,05,True,True,False
603123.SSE,翠微股份,2023-10-26,2023-10,4板补涨阳,False,,U突破,孤立板穿插,False,炸板,-4.25,-6.85,-6.85,2.87,-9.63,13.83,15,-++,4,3.99,3.31,52.0,False,,False,False,False
603135.SSE,中重科技,2026-07-02,2026-07,4板补涨阳,False,,U坑内,无穿插,True,封D1正,1.53,6.05,6.05,-19.12,-23.2,5.32,17,--+,4,3.14,1.4,130.0,False,,True,False,False
603178.SSE,圣龙股份,2023-10-31,2023-10,4板补涨阳,False,,U坑内,无穿插,False,炸板,-13.41,-13.41,-13.41,-7.92,-10.82,3.26,4,+++,14,3.26,0.35,54.0,False,,False,False,False
603178.SSE,圣龙股份,2023-11-08,2023-11,4板补涨阳,False,,U坑内,无穿插,False,炸板,-13.17,-1.76,-1.76,-14.33,-19.13,5.93,10,-++,14,1.02,3.65,42.0,False,,False,False,False
603178.SSE,圣龙股份,2023-11-17,2023-11,4板补涨阳,False,,U坑内,无穿插,False,连板,6.62,10.0,25.59,-17.33,-23.49,8.06,17,--+,14,5.29,3.91,25.0,True,04,True,True,False
603178.SSE,圣龙股份,2023-12-01,2023-12,4板补涨阳,False,,U坑内,无穿插,False,炸板,-6.69,2.75,2.75,-18.89,-21.9,3.86,7,-++,4,2.33,0.2,26.0,False,,False,False,False
603178.SSE,圣龙股份,2023-12-05,2023-12,4板补涨阳,False,,U坑内,无穿插,False,封D1负,0.0,-9.96,-9.96,-8.33,-21.9,17.39,9,-++,4,6.57,2.76,47.0,False,,True,False,False
603178.SSE,圣龙股份,2023-12-18,2023-12,4板补涨阳,False,,U坑内,孤立板穿插,True,封D1负,-1.74,-10.01,-10.01,-10.13,-21.9,15.08,18,-++,4,7.49,1.09,42.0,False,,True,False,False
603196.SSE,璞源材料,2024-11-20,2024-11,4板补涨阳,False,,U坑内,无穿插,False,封D1正,-0.44,0.68,0.68,-21.66,-25.36,4.96,9,-++,6,4.36,0.5,79.0,False,,True,False,False
603211.SSE,晋拓股份,2025-02-17,2025-02,4板补涨阳,False,,U坑内,无穿插,False,炸板,-2.72,-5.19,-5.19,-22.75,-22.75,0.0,10,-++,4,-0.81,2.48,53.0,False,,False,False,False
603216.SSE,梦天家居,2025-11-28,2025-11,4板补涨阳,False,,U突破,无穿插,True,封D1正,0.94,6.77,6.77,3.01,-6.33,9.96,3,+++,5,9.96,0.04,41.0,False,,True,False,False
603216.SSE,梦天家居,2025-12-02,2025-12,4板补涨阳,False,,U突破,孤立板穿插,True,封D1负,-6.54,-10.01,-10.01,21.0,-6.33,29.17,5,+++,5,6.77,2.37,54.0,False,,True,False,False
603216.SSE,梦天家居,2025-12-10,2025-12,4板补涨阳,False,,U突破,孤立板穿插,False,炸板,-3.08,-3.49,-3.49,23.76,-6.33,32.12,11,+++,5,3.92,0.0,46.0,False,,False,False,False
603222.SSE,济民健康,2025-09-11,2025-09,4板补涨阳,True,夹层,U突破,2板小波穿插,True,封D1负,0.07,-5.9,-5.9,7.76,-23.02,39.98,16,+++,2,1.83,1.91,44.0,False,,True,False,False
603226.SSE,菲林格尔,2025-06-24,2025-06,4板补涨阳,False,,U坑内,无穿插,False,封D1正,4.09,1.2,1.2,-5.74,-10.15,4.91,8,+++,5,4.91,0.65,60.0,False,,True,False,False
603261.SSE,立航科技,2024-03-21,2024-03,4板补涨阳,False,,U突破,孤立板穿插,True,封D1负,-3.18,-10.0,-10.0,-2.81,-13.33,12.13,6,+++,7,3.6,2.09,64.0,False,,True,False,False
603261.SSE,立航科技,2024-04-10,2024-04,4板补涨阳,False,,U坑内,无穿插,False,炸板,-6.6,-10.98,-10.98,-23.39,-25.76,3.2,18,--+,7,3.2,1.5,48.0,False,,False,False,False
603266.SSE,天龙股份,2023-11-21,2023-11,4板补涨阳,False,,U坑内,无穿插,False,炸板,-8.28,-9.32,-9.32,-18.12,-26.59,11.53,10,-++,10,5.06,1.56,50.0,False,,False,False,False
603268.SSE,松发股份,2024-11-29,2024-11,4板补涨阳,True,夹层,U坑内,2板小波穿插,True,封D1负,-10.0,-10.0,-10.0,-10.95,-25.23,19.11,18,+++,2,1.59,2.76,75.0,False,,True,False,False
603280.SSE,南方路机,2025-08-14,2025-08,4板补涨阳,False,,U突破,无穿插,True,封D1负,-6.52,-5.1,-5.1,-1.57,-7.13,5.99,10,-++,4,5.99,1.32,80.0,False,,True,False,False
603286.SSE,日盈电子,2023-12-05,2023-12,4板补涨阳,False,,U坑内,无穿插,False,炸板,-7.16,-12.12,-12.12,-18.92,-18.92,0.0,4,+++,5,-1.16,2.45,47.0,False,,False,False,False
603300.SSE,海南华铁,2025-02-13,2025-02,4板补涨阳,False,,无U,无穿插,True,封D1负,-4.92,-4.69,-4.69,2.26,2.26,0.0,2,++-,4,2.26,2.39,65.0,False,,True,False,False
603326.SSE,我乐家居,2023-09-21,2023-09,4板补涨阳,False,,U坑内,无穿插,False,炸板,-6.92,-11.75,-11.75,-19.4,-22.19,3.59,11,-++,8,0.08,2.23,14.0,False,,False,False,False
603327.SSE,福蓉科技,2024-03-18,2024-03,4板补涨阳,False,,U坑内,孤立板穿插,True,连板,5.01,10.03,11.79,-5.0,-9.77,5.28,8,+++,5,2.44,0.39,56.0,True,04,True,True,False
603332.SSE,苏州龙杰,2025-05-20,2025-05,4板补涨阳,False,,U坑内,无穿插,False,封D1负,0.24,-0.18,-0.18,-4.87,-7.03,2.31,3,+++,5,2.31,1.02,66.0,False,,True,False,False
603333.SSE,福华尚纬,2025-06-10,2025-06,4板补涨阳,False,,U坑内,无穿插,False,炸板,-7.97,-13.48,-13.48,-7.23,-13.15,6.82,7,+++,6,6.82,1.5,54.0,False,,False,False,False
603363.SSE,傲农生物,2024-03-07,2024-03,4板补涨阳,False,,U坑内,无穿插,False,封D1负,6.41,-3.33,-3.33,-18.68,-19.32,0.79,7,-+-,4,0.79,1.32,63.0,False,,True,False,False
603363.SSE,傲农生物,2024-03-15,2024-03,4板补涨阳,False,,U坑内,孤立板穿插,False,封D1正,2.29,5.72,5.72,-15.71,-19.32,4.47,13,++-,4,0.0,1.51,32.0,False,,True,False,False
603363.SSE,傲农生物,2024-03-19,2024-03,4板补涨阳,False,,U突破,孤立板穿插,True,连板,0.39,10.04,11.02,-1.91,-19.32,21.58,15,+++,4,5.72,3.66,70.0,True,04,True,True,False
603366.SSE,日出东方,2024-11-25,2024-11,4板补涨阳,True,夹层,无U,2板小波穿插,True,封D1正,-6.39,6.51,6.51,33.96,1.6,31.85,5,+++,2,8.95,1.07,60.0,False,,True,False,False
603366.SSE,日出东方,2024-11-27,2024-11,4板补涨阳,True,夹层,无U,2板小波穿插,True,封D1正,10.03,7.9,7.9,56.91,1.6,54.44,7,+++,2,6.51,3.51,79.0,False,,True,False,False
603389.SSE,亚振家居,2024-04-26,2024-04,4板补涨阳,False,,U坑内,孤立板穿插,False,封D1正,-0.64,0.43,0.43,-48.36,-52.85,9.51,19,---,5,0.95,1.9,32.0,False,,True,False,False
603390.SSE,通达电气,2025-06-24,2025-06,4板补涨阳,False,,U坑内,孤立板穿插,False,封D1负,0.07,-2.77,-2.77,-27.05,-28.02,1.34,17,--+,4,1.34,0.24,60.0,False,,True,False,False
603399.SSE,永杉锂业,2026-05-29,2026-05,4板补涨阳,False,,U坑内,无穿插,True,炸板,-6.79,0.42,0.42,-19.64,-20.86,1.54,17,--+,4,1.54,1.78,88.0,False,,False,False,False
603488.SSE,展鹏科技,2023-12-01,2023-12,4板补涨阳,False,,U坑内,无穿插,False,炸板,-3.3,2.47,2.47,-16.13,-17.91,2.16,7,-++,4,2.16,0.51,26.0,False,,False,False,False
603499.SSE,翔港科技,2024-04-02,2024-04,4板补涨阳,False,,U坑内,无穿插,False,炸板,-11.45,-11.03,-11.03,-12.22,-14.83,3.07,5,+++,4,3.07,1.93,67.0,False,,False,False,False
603511.SSE,爱慕股份,2025-02-11,2025-02,4板补涨阳,False,,U坑内,无穿插,False,封D1负,0.0,-2.05,-2.05,-27.51,-29.86,3.35,10,-++,5,0.61,0.23,85.0,False,,True,False,False
603511.SSE,爱慕股份,2025-02-20,2025-02,4板补涨阳,False,,U坑内,孤立板穿插,False,封D1正,0.46,2.95,2.95,-24.4,-29.86,7.78,17,+-+,5,2.29,0.0,90.0,False,,True,False,False
603516.SSE,淳中科技,2025-10-13,2025-10,4板补涨阳,False,,U突破,孤立板穿插,True,封D1负,6.31,-4.01,-4.01,6.76,-7.16,14.99,15,+++,4,6.19,3.81,53.0,False,,True,False,False
603538.SSE,美诺华,2026-04-15,2026-04,4板补涨阳,False,,U突破,孤立板穿插,True,炸板,-1.0,-0.11,-0.11,18.24,-8.79,29.64,11,+++,5,6.01,1.73,49.0,False,,False,False,False
603579.SSE,荣泰健康,2025-04-14,2025-04,4板补涨阳,False,,U坑内,无穿插,False,炸板,0.67,-3.46,-3.46,-24.58,-31.16,9.57,9,-++,4,4.06,1.93,64.0,False,,False,False,False
603580.SSE,艾艾精工,2024-04-18,2024-04,4板补涨阳,False,,U坑内,孤立板穿插,False,封D1负,5.97,-5.35,-5.35,-37.48,-40.64,5.32,18,--+,13,5.32,1.55,200.0,False,,True,False,False
603580.SSE,艾艾精工,2026-07-24,2026-07,4板补涨阳,False,,U坑内,孤立板穿插,True,封D1正,-1.73,3.48,3.48,-6.3,-18.99,15.66,5,+++,4,5.15,3.52,104.0,False,,True,False,False
603580.SSE,艾艾精工,2026-07-28,2026-07,4板补涨阳,False,,U突破,孤立板穿插,True,连板,3.81,10.0,6.64,6.66,-18.99,31.66,7,+++,4,3.48,3.17,101.0,True,05,True,True,False
603598.SSE,引力传媒,2023-12-01,2023-12,4板补涨阳,False,,U坑内,无穿插,False,连板,9.64,10.01,4.18,-23.05,-27.1,5.56,6,-++,6,4.31,2.02,26.0,True,05,True,True,False
603602.SSE,纵横通信,2024-10-31,2024-10,4板补涨阳,False,,U坑内,无穿插,False,炸板,-7.9,-14.28,-14.28,-5.68,-14.71,10.6,7,+++,4,5.84,0.71,118.0,False,,False,False,False
603607.SSE,京华激光,2025-06-11,2025-06,4板补涨阳,False,,U坑内,无穿插,True,炸板,-5.69,-6.2,-6.2,-15.76,-19.16,4.21,10,-++,4,0.78,3.02,36.0,False,,False,False,False
603617.SSE,君禾股份,2025-01-20,2025-01,4板补涨阳,False,,U坑内,无穿插,False,封D1负,0.0,-4.11,-4.11,-22.85,-29.41,9.29,10,-++,4,4.01,2.9,47.0,False,,True,False,False
603618.SSE,杭电股份,2026-02-27,2026-02,4板补涨阳,True,夹层,无U,2板小波穿插,True,封D1正,2.59,0.99,0.99,37.27,3.66,32.42,11,+++,2,8.98,0.99,52.0,False,,True,False,False
603626.SSE,科森科技,2024-10-08,2024-10,4板补涨阳,False,,U坑内,无穿插,False,封D1负,-0.1,-10.0,-10.0,-31.19,-39.29,13.34,15,+-+,10,8.86,0.84,626.0,False,,True,False,False
603628.SSE,清源股份,2024-01-05,2024-01,4板补涨阳,False,,无U,无穿插,True,炸板,-3.73,8.0,-2.81,3.33,1.05,2.26,4,+++,7,2.26,1.41,37.0,False,,False,True,False
603628.SSE,清源股份,2024-01-08,2024-01,4板补涨阳,False,,无U,无穿插,True,封D1负,3.88,-10.01,-10.01,11.62,1.05,10.46,5,+++,7,8.02,1.98,18.0,False,,True,False,False
603629.SSE,利通电子,2023-06-12,2023-06,4板补涨阳,False,,U坑内,无穿插,True,炸板,-9.98,-4.84,-4.84,-24.8,-24.8,0.0,4,+++,4,-0.04,3.9,57.0,False,,False,False,False
603629.SSE,利通电子,2023-06-16,2023-06,4板补涨阳,False,,U坑内,无穿插,True,封D1负,6.31,-4.15,-4.15,-18.93,-24.8,7.81,8,-++,4,1.84,3.8,32.0,False,,True,False,False
603657.SSE,春光科技,2024-05-08,2024-05,4板补涨阳,False,,U坑内,孤立板穿插,False,炸板,-5.59,-7.14,-7.14,-29.52,-32.56,4.51,10,-++,6,2.14,0.07,41.0,False,,False,False,False
603657.SSE,春光科技,2025-06-04,2025-06,4板补涨阳,False,,U坑内,无穿插,False,炸板,-4.66,5.26,12.75,-17.16,-20.77,4.56,16,--+,5,3.7,0.0,57.0,False,,False,True,False
603663.SSE,三祥新材,2024-04-25,2024-04,4板补涨阳,True,夹层,U坑内,2板小波穿插,False,封D1负,-2.59,-1.62,-1.62,-15.06,-22.61,9.76,14,-++,2,4.46,3.16,31.0,False,,True,False,False
603667.SSE,五洲新春,2024-12-12,2024-12,4板补涨阳,False,,U突破,无穿插,False,连板,4.84,9.99,-0.99,-0.51,-6.62,6.55,4,+++,6,6.55,3.45,119.0,True,05,True,True,False
603677.SSE,奇精机械,2025-04-01,2025-04,4板补涨阳,False,,U坑内,孤立板穿插,False,炸板,-8.07,-13.99,-13.99,-23.32,-27.09,5.17,8,-++,7,2.59,2.24,27.0,False,,False,False,False
603677.SSE,奇精机械,2025-04-18,2025-04,4板补涨阳,False,,U坑内,孤立板穿插,True,封D1正,-0.78,0.23,0.23,-35.89,-44.86,16.26,20,+-+,7,4.25,3.78,78.0,False,,True,False,False
603679.SSE,华体科技,2024-04-18,2024-04,4板补涨阳,False,,U坑内,无穿插,False,封D1负,-0.91,-2.64,-2.64,-40.89,-45.57,8.59,10,-++,5,8.59,1.09,200.0,False,,True,False,False
603686.SSE,福龙马,2025-10-29,2025-10,4板补涨阳,False,,U坑内,孤立板穿插,False,炸板,-4.13,5.51,14.14,-13.34,-22.06,11.19,20,+++,4,-2.49,3.54,48.0,False,,False,True,False
603687.SSE,大胜达,2026-03-26,2026-03,4板补涨阳,False,,无U,无穿插,True,封D1负,-3.09,-5.27,-5.27,1.83,0.14,1.69,3,++-,4,1.69,2.24,78.0,False,,True,False,False
603696.SSE,安记食品,2025-04-29,2025-04,4板补涨阳,False,,U突破,孤立板穿插,True,炸板,-11.12,-17.02,-17.02,6.65,-9.98,18.48,5,+++,6,7.95,1.01,36.0,False,,False,False,False
603696.SSE,安记食品,2026-01-08,2026-01,4板补涨阳,False,,U坑内,3板小波穿插,False,封D1正,0.0,3.63,3.63,-10.65,-18.51,9.64,20,-++,3,1.69,2.51,63.0,False,,True,False,False
603716.SSE,塞力医疗,2023-08-31,2023-08,4板补涨阳,False,,U坑内,无穿插,True,炸板,-6.51,-9.57,-9.57,-22.16,-23.68,1.98,14,--+,4,-0.44,2.02,25.0,False,,False,False,False
603716.SSE,塞力医疗,2025-07-10,2025-07,4板补涨阳,False,,无U,无穿插,True,封D1正,0.0,0.47,0.47,10.44,0.52,9.86,4,+++,4,9.86,0.14,40.0,False,,True,False,False
603716.SSE,塞力医疗,2025-07-25,2025-07,4板补涨阳,False,,无U,无穿插,True,炸板,-10.32,-0.87,-0.87,44.21,0.52,43.46,15,+++,4,6.78,1.3,61.0,False,,False,False,False
603717.SSE,天域生物,2024-12-27,2024-12,4板补涨阳,False,,U坑内,无穿插,False,炸板,-5.86,-4.71,-4.71,-29.1,-34.11,7.61,11,-++,5,7.61,2.31,79.0,False,,False,False,False
603767.SSE,中马传动,2023-07-17,2023-07,4板补涨阳,False,,U坑内,无穿插,True,炸板,-5.25,-6.08,-6.08,-9.18,-13.39,4.86,12,-++,6,4.36,2.62,29.0,False,,False,False,False
603767.SSE,中马传动,2024-02-20,2024-02,4板补涨阳,False,,U坑内,无穿插,False,封D1负,-4.26,-1.33,-1.33,-22.92,-27.05,5.65,6,-+-,4,4.52,0.54,186.0,False,,True,False,False
603767.SSE,中马传动,2024-02-23,2024-02,4板补涨阳,False,,U坑内,孤立板穿插,True,炸板,-3.11,-5.13,-5.13,-10.9,-27.05,22.14,9,-+-,4,6.48,0.27,56.0,False,,False,False,False
603767.SSE,中马传动,2025-08-13,2025-08,4板补涨阳,False,,无U,无穿插,True,封D1负,-2.88,-6.95,-6.95,9.43,2.13,7.15,4,+++,5,5.7,3.02,42.0,False,,True,False,False
603767.SSE,中马传动,2025-08-26,2025-08,4板补涨阳,False,,无U,孤立板穿插,False,封D1负,5.01,-8.02,-8.02,15.16,2.13,12.76,13,-++,5,4.91,1.91,64.0,False,,True,False,False
603768.SSE,常青股份,2023-11-15,2023-11,4板补涨阳,False,,U坑内,无穿插,False,封D1正,-0.22,0.22,0.22,-23.92,-25.82,2.56,14,--+,4,2.56,0.1,32.0,False,,True,False,False
603773.SSE,沃格光电,2026-08-17,2026-08,4板补涨阳,False,,无U,无穿插,True,封D1正,10.0,7.19,7.19,-0.08,-1.34,1.27,6,++-,4,1.27,1.08,51.0,False,,True,False,False
603778.SSE,国晟科技,2025-11-27,2025-11,4板补涨阳,True,夹层,U突破,2板小波穿插,True,连板,1.23,9.96,24.38,12.71,-13.53,30.34,9,+++,2,7.64,2.36,54.0,True,05,True,True,False
603778.SSE,国晟科技,2025-12-11,2025-12,4板补涨阳,False,,U突破,3板小波穿插,True,炸板,-11.52,-12.16,-12.16,52.24,-13.53,76.05,19,+++,3,-0.92,1.45,50.0,False,,False,False,False
603823.SSE,百合花,2024-05-15,2024-05,4板补涨阳,False,,U坑内,无穿插,False,炸板,-2.48,9.45,9.45,-6.05,-6.05,0.0,3,+++,5,-1.54,1.06,37.0,False,,False,False,False
603839.SSE,安正时尚,2025-10-10,2025-10,4板补涨阳,False,,U坑内,无穿插,False,封D1负,-4.35,-1.8,-1.8,-25.37,-28.07,3.76,19,--+,4,0.82,0.47,74.0,False,,True,False,False
603859.SSE,能科科技,2024-11-14,2024-11,4板补涨阳,False,,无U,孤立板穿插,False,炸板,-6.3,-7.39,-7.39,-0.8,-0.8,0.0,6,+++,4,-2.0,2.66,50.0,False,,False,False,False
603879.SSE,永悦科技,2024-04-19,2024-04,4板补涨阳,False,,U坑内,孤立板穿插,True,封D1负,0.0,-7.72,-7.72,-48.28,-56.11,17.83,19,--+,8,7.11,2.96,52.0,False,,True,False,False
603881.SSE,数据港,2025-03-06,2025-03,4板补涨阳,False,,U突破,孤立板穿插,True,炸板,-5.81,-2.99,-2.99,-1.95,-10.69,9.79,13,-++,4,6.12,2.14,55.0,False,,False,False,False
603883.SSE,老百姓,2024-09-19,2024-09,4板补涨阳,False,,U坑内,无穿插,False,封D1负,-1.71,-2.94,-2.94,-32.62,-34.3,2.55,6,-++,5,2.55,2.78,21.0,False,,True,False,False
603900.SSE,莱绅通灵,2024-05-08,2024-05,4板补涨阳,False,,U坑内,无穿插,False,封D1负,-4.62,-5.17,-5.17,-40.48,-45.51,9.24,15,--+,9,3.5,1.91,41.0,False,,True,False,False
603929.SSE,亚翔集成,2023-11-09,2023-11,4板补涨阳,True,夹层,U突破,2板小波穿插,False,炸板,-6.97,5.21,-2.67,3.87,-9.09,14.26,6,+++,2,-0.67,2.77,41.0,False,,False,True,False
603933.SSE,睿能科技,2023-06-16,2023-06,4板补涨阳,False,,U坑内,孤立板穿插,False,炸板,-12.12,-13.18,-13.18,-12.77,-20.44,9.64,14,+++,7,4.97,0.51,32.0,False,,False,False,False
603950.SSE,长源东谷,2026-04-23,2026-04,4板补涨阳,False,,无U,孤立板穿插,True,炸板,-12.75,-12.09,-12.09,16.87,0.17,16.67,8,+++,4,7.21,0.86,49.0,False,,False,False,False
603950.SSE,长源东谷,2026-05-07,2026-05,4板补涨阳,False,,无U,孤立板穿插,True,封D1正,3.76,7.37,7.37,6.79,0.17,6.62,15,-++,4,4.22,0.34,88.0,False,,True,False,False
603950.SSE,长源东谷,2026-05-12,2026-05,4板补涨阳,False,,无U,孤立板穿插,True,炸板,-1.64,-0.3,-0.3,28.98,0.17,28.77,18,+++,4,2.26,1.18,76.0,False,,False,False,False
603958.SSE,哈森股份,2024-11-12,2024-11,4板补涨阳,False,,U坑内,无穿插,False,封D1负,9.87,-5.28,-5.28,-12.77,-19.67,8.59,10,-++,4,2.88,0.14,108.0,False,,True,False,False
605011.SSE,杭州热电,2023-05-19,2023-05,4板补涨阳,False,,无U,无穿插,True,连板,-3.99,10.02,50.65,4.17,4.17,0.0,2,+++,4,4.17,3.59,30.0,True,03,True,True,False
605011.SSE,杭州热电,2023-05-30,2023-05,4板补涨阳,False,,无U,无穿插,True,封D1负,-4.17,-9.26,-9.26,3.18,2.89,0.29,3,+++,5,0.29,3.72,27.0,False,,True,False,False
605011.SSE,杭州热电,2023-06-26,2023-06,4板补涨阳,False,,U坑内,孤立板穿插,False,封D1正,3.33,4.42,4.42,-4.38,-8.02,3.95,20,--+,5,3.95,3.87,32.0,False,,True,False,False
605069.SSE,正和生态,2023-09-05,2023-09,4板补涨阳,False,,U坑内,无穿插,False,封D1正,-3.56,1.85,1.85,-19.35,-22.25,3.73,8,-++,5,1.07,1.65,40.0,False,,True,False,False
605086.SSE,龙高股份,2023-12-13,2023-12,4板补涨阳,False,,U坑内,无穿插,False,封D1正,1.16,1.97,1.97,-29.37,-32.59,4.77,19,--+,5,3.5,0.4,32.0,False,,True,False,False
605099.SSE,共创草坪,2025-06-09,2025-06,4板补涨阳,False,,无U,无穿插,True,连板,10.0,10.0,11.08,7.92,7.92,0.0,2,+++,4,7.92,0.0,44.0,True,04,True,True,False
605136.SSE,丽人丽妆,2025-05-23,2025-05,4板补涨阳,False,,无U,无穿插,True,封D1负,-4.96,-0.07,-0.07,5.1,5.1,0.0,2,+++,5,5.1,3.75,32.0,False,,True,False,False
605136.SSE,丽人丽妆,2025-05-29,2025-05,4板补涨阳,False,,无U,孤立板穿插,True,炸板,-13.92,-16.69,-16.69,22.87,5.1,16.91,6,+++,5,2.25,0.6,49.0,False,,False,False,False
605178.SSE,时空科技,2025-11-07,2025-11,4板补涨阳,False,,U突破,无穿插,True,炸板,-1.44,-11.24,-11.24,8.84,-8.56,19.03,5,+++,8,5.56,1.11,56.0,False,,False,False,False
605178.SSE,时空科技,2025-11-17,2025-11,4板补涨阳,False,,U突破,无穿插,True,封D1负,1.64,-6.27,-6.27,9.42,-8.56,19.67,11,+++,8,6.7,3.3,59.0,False,,True,False,False
605179.SSE,一鸣食品,2026-08-10,2026-08,4板补涨阳,False,,无U,无穿插,True,连板,2.39,9.99,27.03,7.18,1.64,5.45,5,+++,5,5.45,2.95,59.0,True,05,True,True,False
605180.SSE,华生科技,2024-04-26,2024-04,4板补涨阳,False,,U坑内,无穿插,False,炸板,-5.53,-2.49,-2.49,-45.93,-47.93,3.85,16,--+,9,1.43,3.76,32.0,False,,False,False,False
605180.SSE,华生科技,2024-05-07,2024-05,4板补涨阳,False,,U坑内,无穿插,False,封D1正,-0.12,3.33,3.33,-39.75,-47.93,15.72,20,+-+,9,6.22,1.2,73.0,False,,True,False,False
605188.SSE,国光连锁,2025-05-16,2025-05,4板补涨阳,False,,U坑内,无穿插,True,连板,2.55,9.99,7.29,-20.24,-33.42,19.8,16,+-+,6,4.13,1.03,40.0,True,04,True,True,False
605255.SSE,天普股份,2025-10-22,2025-10,4板补涨阳,False,,U坑内,无穿插,False,封D1正,-4.53,3.68,3.68,-24.69,-24.69,0.0,5,+++,15,-2.33,0.92,63.0,False,,True,False,False
605255.SSE,天普股份,2025-11-05,2025-11,4板补涨阳,False,,U坑内,孤立板穿插,True,封D1负,-1.92,-5.39,-5.39,-19.92,-24.69,6.34,15,-++,15,5.08,1.76,44.0,False,,True,False,False
605286.SSE,同力天启,2026-08-24,2026-08,4板补涨阳,False,,U坑内,无穿插,False,封D1负,-2.01,-1.53,-1.53,-26.9,-27.08,0.24,7,-++,4,-1.42,0.24,47.0,False,,True,False,False
605287.SSE,德才股份,2026-03-10,2026-03,4板补涨阳,False,,U坑内,无穿插,False,封D1负,4.38,-1.57,-1.57,-30.45,-34.38,6.0,12,--+,4,6.0,1.33,34.0,False,,True,False,False
605303.SSE,园林股份,2025-09-12,2025-09,4板补涨阳,False,,U坑内,无穿插,False,连板,0.23,10.01,10.89,-35.93,-36.34,0.65,13,--+,7,0.13,0.13,74.0,True,04,True,True,False
605388.SSE,均瑶健康,2025-06-09,2025-06,4板补涨阳,False,,U突破,孤立板穿插,True,封D1负,-3.73,-4.56,-4.56,17.62,-5.48,24.43,6,+++,4,5.8,2.42,44.0,False,,True,False,False
605577.SSE,龙版传媒,2023-12-26,2023-12,4板补涨阳,True,夹层,U突破,2板小波穿插,True,炸板,-3.68,-11.23,-11.23,0.0,-6.79,7.29,13,-++,2,2.52,2.4,30.0,False,,False,False,False
605580.SSE,恒盛能源,2023-06-26,2023-06,4板补涨阳,False,,U坑内,无穿插,False,封D1负,3.41,-1.74,-1.74,-26.23,-26.73,0.69,17,--+,5,0.08,2.83,32.0,False,,True,False,False
605588.SSE,冠石科技,2023-06-19,2023-06,4板补涨阳,False,,U坑内,孤立板穿插,False,炸板,-4.09,-8.13,-8.13,-5.45,-9.38,4.34,10,-++,4,4.34,0.61,41.0,False,,False,False,False
