vt_symbol,name,date,ym,res,D1开%,D1收%,板留%,地基,回撤%,蹲深%,弹回%,低点位置,振幅%,破顶,断板,上波高,昨幅%,昨上影%,昨涨停家,is_wv,is_lim,n1_lim
000006.SZSE,深振业Ａ,2024-11-07,2024-11,封D1负,-0.11,-4.47,-4.47,HIGH·新高贴顶,-3.17,-3.17,0.0,1.0,16.16,True,9,2,-1.73,1.96,104.0,False,True,False
000006.SZSE,深振业Ａ,2025-10-21,2025-10,封D1负,4.01,-0.68,-0.68,MID·中位浅调,-8.45,-12.8,4.98,0.5,20.44,True,6,2,-1.8,2.21,66.0,False,True,False
000008.SZSE,神州高铁,2024-03-14,2024-03,炸板,-4.41,-6.78,-6.78,FLAT·横盘平台,-5.3,-5.3,0.0,1.0,8.21,True,3,3,-7.59,2.41,51.0,False,False,False
000008.SZSE,神州高铁,2024-12-24,2024-12,封D1正,0.0,1.59,1.59,DN·阴跌到点,-22.91,-22.91,0.0,1.0,30.77,True,13,4,-4.98,0.33,26.0,False,True,False
000012.SZSE,南 玻Ａ,2026-06-22,2026-06,封D1负,-0.85,-1.27,-1.27,HIGH·新高贴顶,-2.27,-9.09,7.5,0.7777777777777778,15.75,True,20,2,-7.13,0.65,75.0,False,True,False
000017.SZSE,深中华A,2024-02-26,2024-02,封D1负,0.0,-3.52,-3.52,FLAT·横盘平台,-4.6,-4.6,0.0,1.0,0.52,False,3,2,-0.51,1.8,79.0,False,True,False
000020.SZSE,深华发Ａ,2024-09-09,2024-09,连板,-1.12,10.04,-0.96,DN·阴跌到点,-13.59,-13.59,0.0,1.0,6.63,False,3,2,-6.21,2.15,26.0,True,True,True
000026.SZSE,飞亚达,2025-07-09,2025-07,炸板,-6.88,-10.68,-10.68,HIGH·新高贴顶,6.01,4.36,1.57,0.0,13.87,True,7,3,-2.27,0.06,57.0,False,False,False
000026.SZSE,飞亚达,2025-07-21,2025-07,炸板,-4.66,-5.99,-5.99,HIGH·新高贴顶,8.47,3.73,4.57,0.8461538461538461,14.56,True,15,3,-2.56,1.48,37.0,False,False,False
000029.SZSE,深深房Ａ,2026-06-09,2026-06,连板,4.97,9.98,3.75,DN·阴跌到点,-15.78,-15.78,0.0,1.0,33.66,True,20,2,-3.38,0.35,45.0,True,True,True
000029.SZSE,深深房Ａ,2026-06-16,2026-06,封D1正,1.23,3.44,3.44,FLAT·横盘平台,-6.97,-6.97,0.0,1.0,1.39,False,4,2,-0.91,1.58,127.0,False,True,False
000032.SZSE,深桑达Ａ,2024-10-18,2024-10,炸板,-1.48,-1.8,-1.8,DN·阴跌到点,-9.87,-11.5,1.84,0.6666666666666666,17.09,True,8,3,0.65,1.99,41.0,False,False,False
000032.SZSE,深桑达Ａ,2026-06-24,2026-06,封D1正,4.5,1.34,1.34,HIGH·新高贴顶,0.66,0.66,0.0,1.0,6.77,True,5,4,-6.3,0.0,87.0,False,True,False
000032.SZSE,深桑达Ａ,2026-07-09,2026-07,炸板,-4.49,-6.31,-6.31,DN·阴跌到点,-8.08,-8.39,0.33,0.7857142857142857,22.46,True,16,4,-1.5,1.4,41.0,False,False,False
000035.SZSE,中国天楹,2026-03-06,2026-03,炸板,-4.52,-5.38,-5.38,HIGH·新高贴顶,-3.5,-4.41,0.95,0.0,2.71,False,4,2,-1.72,2.64,55.0,False,False,False
000035.SZSE,中国天楹,2026-03-24,2026-03,封D1正,0.67,1.34,1.34,DN·阴跌到点,-12.06,-12.06,0.0,1.0,22.42,True,16,2,-2.45,2.59,24.0,False,True,False
000036.SZSE,华联控股,2026-02-25,2026-02,封D1负,1.65,-6.26,-6.26,DN·阴跌到点,-18.7,-18.7,0.0,1.0,26.63,True,18,2,-0.18,2.17,82.0,False,True,False
000062.SZSE,深圳华强,2024-09-23,2024-09,炸板,-15.43,-15.43,-15.43,MID·中位浅调,-25.97,-29.05,4.34,0.5714285714285714,26.87,False,9,6,-1.38,1.44,40.0,False,False,False
000062.SZSE,深圳华强,2026-05-11,2026-05,封D1负,1.05,-4.35,-4.35,FLAT·横盘平台,-5.9,-5.9,0.0,1.0,5.4,False,7,2,-5.13,0.83,89.0,False,True,False
000065.SZSE,北方国际,2025-02-24,2025-02,封D1负,9.05,-1.86,-1.86,FLAT·横盘平台,-6.09,-6.09,0.0,1.0,0.89,False,3,2,-0.88,1.06,82.0,False,True,False
000070.SZSE,特发信息,2025-12-10,2025-12,封D1负,4.71,-9.97,-9.97,HIGH·新高贴顶,-3.02,-6.11,3.29,0.625,12.78,True,10,4,-7.6,1.3,46.0,False,True,False
000096.SZSE,广聚能源,2025-02-24,2025-02,连板,10.03,10.03,31.34,HIGH·新高贴顶,-0.65,-3.52,2.97,0.0,10.01,True,4,2,-6.39,2.64,82.0,True,True,True
000099.SZSE,中信海直,2024-03-27,2024-03,连板,10.01,10.01,29.87,DN·阴跌到点,-8.87,-8.87,0.0,1.0,13.46,True,10,2,-1.17,2.18,50.0,True,True,True
000099.SZSE,中信海直,2024-04-10,2024-04,封D1负,-3.32,-2.82,-2.82,DN·阴跌到点,-16.14,-16.14,0.0,1.0,16.34,False,5,4,-3.14,2.87,48.0,False,True,False
000099.SZSE,中信海直,2024-04-15,2024-04,封D1正,-4.16,0.84,0.84,MID·中位浅调,-12.78,-16.14,4.0,0.5,16.34,False,8,4,-2.71,3.61,47.0,False,True,False
000099.SZSE,中信海直,2024-11-18,2024-11,封D1正,-0.76,2.85,2.85,DN·阴跌到点,-11.85,-11.85,0.0,1.0,25.05,True,8,2,-5.16,1.04,53.0,False,True,False
000156.SZSE,华数传媒,2025-02-21,2025-02,炸板,-3.78,-6.7,-6.7,LB·L趴底,-9.66,-12.02,2.68,0.6,15.0,True,7,2,0.0,3.92,76.0,False,False,False
000410.SZSE,沈阳机床,2023-06-14,2023-06,炸板,-5.79,1.06,1.06,LB·L趴底,-12.7,-14.74,2.39,0.4166666666666667,13.83,False,14,2,-0.39,0.52,35.0,False,False,False
000421.SZSE,南京公用,2024-07-29,2024-07,连板,1.66,9.98,3.14,MID·中位浅调,-13.53,-16.34,3.36,0.6666666666666666,24.79,True,8,2,-2.19,0.4,44.0,True,True,True
000421.SZSE,南京公用,2024-12-26,2024-12,连板,10.03,10.03,13.43,DN·阴跌到点,-23.9,-23.9,0.0,1.0,37.86,True,20,2,-6.36,0.0,31.0,True,True,True
000428.SZSE,华天酒店,2026-08-10,2026-08,封D1负,-2.55,-0.23,-0.23,HIGH·新高贴顶,-2.72,-5.2,2.61,0.0,9.92,True,8,3,-0.76,1.52,59.0,False,True,False
000428.SZSE,华天酒店,2026-08-25,2026-08,连板,4.17,9.95,9.95,HIGH·新高贴顶,-2.72,-5.2,2.61,0.0,19.58,True,19,3,-1.26,0.5,41.0,True,True,True
000504.SZSE,南华生物,2024-03-04,2024-03,封D1正,5.19,1.18,1.18,HIGH·新高贴顶,9.21,-0.42,9.67,0.0,24.04,True,10,2,-1.41,1.28,56.0,False,True,False
000504.SZSE,南华生物,2024-03-08,2024-03,封D1正,1.03,0.34,0.34,HIGH·新高贴顶,13.03,-0.42,13.51,0.0,24.04,True,14,2,-4.2,0.72,44.0,False,True,False
000506.SZSE,招金黄金,2026-07-02,2026-07,连板,5.08,9.99,3.97,DN·阴跌到点,-24.11,-24.11,0.0,1.0,34.9,True,12,2,-2.22,1.96,130.0,True,True,True
000510.SZSE,新金路,2025-06-03,2025-06,封D1负,2.82,-0.33,-0.33,DN·阴跌到点,-7.28,-7.28,0.0,1.0,14.42,True,5,2,-4.03,1.23,32.0,False,True,False
000510.SZSE,新金路,2025-12-12,2025-12,封D1正,-0.41,3.48,3.48,HIGH·新高贴顶,4.59,3.3,1.25,0.2222222222222222,18.7,True,11,3,-2.84,1.86,27.0,False,True,False
000510.SZSE,新金路,2025-12-19,2025-12,封D1正,5.01,5.86,5.86,HIGH·新高贴顶,13.31,3.3,9.69,0.14285714285714285,18.7,True,16,3,0.63,3.77,52.0,False,True,False
000510.SZSE,新金路,2026-06-01,2026-06,封D1正,0.44,6.88,6.88,FLAT·横盘平台,-7.86,-7.86,0.0,1.0,8.11,False,4,3,-6.2,0.9,46.0,False,True,False
000510.SZSE,新金路,2026-06-11,2026-06,连板,3.41,9.99,30.32,DN·阴跌到点,-11.4,-11.4,0.0,1.0,22.3,True,12,3,-4.7,3.75,63.0,True,True,True
000510.SZSE,新金路,2026-07-01,2026-07,炸板,-10.4,-16.22,-16.22,HIGH·新高贴顶,16.56,3.33,12.81,0.1111111111111111,19.44,True,11,3,-5.55,0.84,114.0,False,False,False
000514.SZSE,渝 开 发,2025-04-24,2025-04,封D1正,1.97,5.91,5.91,FLAT·横盘平台,-7.78,-7.78,0.0,1.0,8.19,False,4,2,-7.57,1.78,52.0,False,True,False
000518.SZSE,四环生物,2024-08-12,2024-08,封D1负,2.65,-2.21,-2.21,DN·阴跌到点,-12.39,-12.39,0.0,1.0,10.24,False,6,2,-5.09,0.46,23.0,False,True,False
000520.SZSE,凤凰航运,2024-05-09,2024-05,封D1正,2.87,1.08,1.08,MID·中位浅调,-17.8,-21.04,4.1,0.2222222222222222,13.93,False,11,2,-0.39,2.35,37.0,False,True,False
000520.SZSE,凤凰航运,2024-05-20,2024-05,封D1负,-1.63,-1.31,-1.31,U·U型蹲,-10.03,-21.04,13.93,0.125,27.05,True,18,2,-2.8,3.15,61.0,False,True,False
000520.SZSE,凤凰航运,2026-06-15,2026-06,封D1正,-3.94,0.22,0.22,DN·阴跌到点,-9.78,-9.78,0.0,1.0,14.7,True,6,2,-0.95,2.86,83.0,False,True,False
000523.SZSE,红棉股份,2025-12-26,2025-12,封D1负,2.96,-3.46,-3.46,FLAT·横盘平台,-10.24,-10.24,0.0,1.0,5.71,False,4,2,-2.65,0.53,72.0,False,True,False
000530.SZSE,冰山冷热,2024-11-25,2024-11,炸板,-3.2,-3.73,-3.73,LB·L趴底,-10.96,-12.0,1.19,0.6,18.58,True,12,2,-4.3,1.12,60.0,False,False,False
000530.SZSE,冰山冷热,2025-12-17,2025-12,炸板,-8.1,-9.31,-9.31,HIGH·新高贴顶,0.94,-1.48,2.45,0.1111111111111111,11.58,True,11,2,-4.93,3.54,38.0,False,False,False
000530.SZSE,冰山冷热,2025-12-30,2025-12,封D1负,0.13,-2.66,-2.66,DN·阴跌到点,-8.19,-8.19,0.0,1.0,19.74,True,20,2,-4.2,0.28,64.0,False,True,False
000533.SZSE,顺钠股份,2025-11-13,2025-11,封D1负,-1.06,-10.03,-10.03,HIGH·新高贴顶,8.02,3.55,4.31,0.0,9.96,True,5,2,-4.84,3.83,48.0,False,True,False
000533.SZSE,顺钠股份,2026-02-12,2026-02,封D1负,-3.08,-6.16,-6.16,HIGH·新高贴顶,-2.06,-3.32,1.3,0.0,7.05,True,6,3,-5.37,1.56,46.0,False,True,False
000533.SZSE,顺钠股份,2026-08-17,2026-08,炸板,-3.45,-8.56,-8.56,DN·阴跌到点,-8.1,-8.1,0.0,1.0,11.14,True,9,2,-6.01,0.65,51.0,False,False,False
000534.SZSE,万泽股份,2025-08-08,2025-08,封D1负,0.0,-0.87,-0.87,FLAT·横盘平台,-9.42,-9.42,0.0,1.0,7.14,False,4,2,-2.97,3.28,47.0,False,True,False
000534.SZSE,万泽股份,2026-04-01,2026-04,封D1负,1.8,-1.56,-1.56,DN·阴跌到点,-21.87,-21.87,0.0,1.0,34.45,True,17,2,-1.45,0.44,44.0,False,True,False
000536.SZSE,华映科技,2024-10-25,2024-10,连板,5.56,10.05,113.23,MID·中位浅调,-14.43,-18.91,5.52,0.1,14.11,False,12,3,-2.82,2.54,67.0,True,True,True
000537.SZSE,绿发电力,2026-03-24,2026-03,封D1正,0.59,3.35,3.35,DN·阴跌到点,-13.19,-13.19,0.0,1.0,14.09,False,8,3,-2.16,3.24,24.0,False,True,False
000545.SZSE,金浦钛业,2026-03-06,2026-03,封D1负,0.27,-3.47,-3.47,HIGH·新高贴顶,-0.29,-2.05,1.79,0.0,5.07,True,7,2,0.29,1.18,55.0,False,True,False
000545.SZSE,金浦钛业,2026-03-11,2026-03,封D1正,8.62,2.87,2.87,HIGH·新高贴顶,1.75,-2.05,3.88,0.0,11.94,True,10,2,-3.87,0.28,49.0,False,True,False
000546.SZSE,金圆股份,2025-12-12,2025-12,封D1负,-1.97,-3.79,-3.79,DN·阴跌到点,-21.18,-22.76,2.04,0.6666666666666666,22.66,False,17,3,-2.6,1.14,27.0,False,True,False
000546.SZSE,金圆股份,2025-12-17,2025-12,封D1正,2.96,0.74,0.74,MID·中位浅调,-19.21,-22.76,4.6,0.5555555555555556,22.66,False,20,3,-3.15,2.52,38.0,False,True,False
000550.SZSE,江铃汽车,2023-07-25,2023-07,封D1正,2.56,3.58,3.58,DN·阴跌到点,-7.46,-7.46,0.0,1.0,17.87,True,5,2,-3.5,0.84,19.0,False,True,False
000551.SZSE,创元科技,2024-10-18,2024-10,封D1正,1.91,2.42,2.42,HIGH·新高贴顶,7.93,3.66,4.12,0.0,9.92,True,8,2,-0.96,2.72,41.0,False,True,False
000551.SZSE,创元科技,2026-01-14,2026-01,炸板,-2.61,-3.63,-3.63,LB·L趴底,-14.39,-15.17,0.92,0.2,19.93,True,12,4,-7.39,0.52,52.0,False,False,False
000554.SZSE,泰山石油,2025-06-23,2025-06,封D1负,-10.04,-10.04,-10.04,FLAT·横盘平台,-4.45,-4.45,0.0,1.0,8.38,True,5,2,-7.73,2.21,36.0,False,True,False
000555.SZSE,神州信息,2024-10-29,2024-10,封D1负,1.85,-4.0,-4.0,U·U型蹲,-5.14,-15.09,11.72,0.15384615384615385,12.1,False,15,2,-0.34,0.42,179.0,False,True,False
000558.SZSE,天府文旅,2024-12-31,2024-12,封D1正,0.0,4.11,4.11,DN·阴跌到点,-34.87,-34.87,0.0,1.0,60.65,True,11,4,-5.49,0.0,36.0,False,True,False
000559.SZSE,万向钱潮,2025-05-16,2025-05,炸板,-1.57,-4.81,-4.81,DN·阴跌到点,-6.36,-6.36,0.0,1.0,12.08,True,4,3,-3.44,0.56,40.0,False,False,False
000559.SZSE,万向钱潮,2025-10-31,2025-10,封D1负,9.88,-0.8,-0.8,MID·中位浅调,-12.1,-16.33,5.06,0.6875,19.98,True,18,2,-5.7,0.0,42.0,False,True,False
000561.SZSE,烽火电子,2025-06-17,2025-06,炸板,-5.56,-4.95,-4.95,DN·阴跌到点,-5.96,-7.94,2.16,0.7142857142857143,22.47,True,16,2,-1.32,0.22,41.0,False,False,False
000561.SZSE,烽火电子,2025-06-23,2025-06,封D1正,1.6,3.2,3.2,DN·阴跌到点,-10.87,-10.87,0.0,1.0,26.49,True,20,2,-5.01,0.45,36.0,False,True,False
000566.SZSE,海南海药,2026-01-08,2026-01,炸板,-7.55,-5.38,-5.38,LB·L趴底,-18.95,-19.06,0.14,0.5,16.78,False,10,3,-2.34,1.65,63.0,False,False,False
000566.SZSE,海南海药,2026-08-25,2026-08,封D1正,0.0,1.21,1.21,DN·阴跌到点,-22.47,-22.47,0.0,1.0,35.62,True,20,2,-6.61,0.83,41.0,False,True,False
000569.SZSE,长城股份,2006-04-20,2006-04,炸板,-1.43,4.87,4.87,DN·阴跌到点,-9.43,-9.43,0.0,1.0,17.03,True,5,5,-5.09,3.89,0.0,False,False,False
000569.SZSE,长城股份,2006-06-16,2006-06,炸板,-6.16,-1.72,-1.72,DN·阴跌到点,-36.38,-36.38,0.0,1.0,57.18,False,14,2,-1.6,2.67,0.0,False,False,False
000571.SZSE,新大洲A,2024-03-28,2024-03,封D1正,-0.34,2.36,2.36,DN·阴跌到点,-28.0,-28.0,0.0,1.0,25.19,False,6,5,-7.22,0.34,39.0,False,True,False
000571.SZSE,新大洲A,2026-07-15,2026-07,封D1负,-1.84,-3.99,-3.99,DN·阴跌到点,-7.64,-7.64,0.0,1.0,17.74,True,16,2,-0.67,0.0,71.0,False,True,False
000572.SZSE,海马汽车,2025-10-31,2025-10,连板,4.39,10.0,36.36,MID·中位浅调,-15.97,-20.59,5.82,0.5555555555555556,20.46,False,11,2,-1.8,2.62,42.0,True,True,True
000572.SZSE,海马汽车,2025-12-02,2025-12,封D1负,2.64,-2.44,-2.44,HIGH·新高贴顶,1.71,-3.19,5.05,0.7058823529411765,35.14,True,19,4,-1.11,2.21,54.0,False,True,False
000573.SZSE,粤宏远Ａ,2025-03-25,2025-03,封D1正,1.43,2.46,2.46,U·U型蹲,-17.32,-22.35,6.47,0.17647058823529413,17.75,False,19,3,-8.64,0.0,38.0,False,True,False
000586.SZSE,汇源通信,2024-08-14,2024-08,炸板,-4.71,-2.55,-2.55,DN·阴跌到点,-16.88,-16.88,0.0,1.0,11.48,False,4,2,-1.52,0.83,25.0,False,False,False
000586.SZSE,汇源通信,2026-04-20,2026-04,封D1负,-1.41,-4.17,-4.17,DN·阴跌到点,-22.77,-22.77,0.0,1.0,19.54,False,7,5,-8.27,0.95,57.0,False,True,False
000592.SZSE,平潭发展,2025-10-23,2025-10,连板,7.51,9.93,55.93,FLAT·横盘平台,-8.09,-8.09,0.0,1.0,5.33,False,3,2,-5.06,1.01,51.0,True,True,True
000593.SZSE,德龙汇能,2025-11-11,2025-11,炸板,-2.28,4.38,-4.2,FLAT·横盘平台,-5.5,-11.76,7.1,0.16666666666666666,10.0,False,8,3,-1.58,0.99,56.0,False,False,True
000593.SZSE,德龙汇能,2025-11-18,2025-11,炸板,-4.85,-5.31,-5.31,MID·中位浅调,-5.69,-11.76,6.88,0.09090909090909091,23.01,True,13,3,-4.33,0.0,69.0,False,False,False
000593.SZSE,德龙汇能,2026-05-27,2026-05,炸板,-4.66,-7.2,-7.2,DN·阴跌到点,-18.63,-18.63,0.0,1.0,30.43,True,18,2,-7.17,0.0,45.0,False,False,False
000593.SZSE,德龙汇能,2026-08-12,2026-08,连板,4.75,10.01,-0.99,HIGH·新高贴顶,2.0,0.89,1.1,0.0,8.93,True,5,4,-7.19,2.99,53.0,True,True,True
000595.SZSE,新能股份,2024-03-05,2024-03,封D1正,0.99,6.55,6.55,MID·中位浅调,-7.29,-9.31,2.23,0.25,11.16,True,6,2,-1.72,1.07,61.0,False,True,False
000595.SZSE,新能股份,2024-08-21,2024-08,封D1正,0.0,1.72,1.72,DN·阴跌到点,-10.6,-10.6,0.0,1.0,22.37,True,17,2,-1.85,0.53,17.0,False,True,False
000595.SZSE,新能股份,2024-10-23,2024-10,封D1正,2.77,2.77,2.77,DN·阴跌到点,-13.99,-13.99,0.0,1.0,21.58,True,7,2,-1.56,2.78,85.0,False,True,False
000595.SZSE,新能股份,2026-07-22,2026-07,连板,9.96,9.96,17.13,DN·阴跌到点,-26.92,-26.92,0.0,1.0,40.79,True,13,2,-2.98,0.64,83.0,True,True,True
000595.SZSE,新能股份,2026-07-31,2026-07,连板,2.95,9.96,23.06,DN·阴跌到点,-18.78,-18.78,0.0,1.0,19.27,False,5,3,-8.02,1.49,46.0,True,True,True
000599.SZSE,青岛双星,2024-11-11,2024-11,封D1正,4.53,0.17,0.17,DN·阴跌到点,-17.14,-19.37,2.76,0.7142857142857143,18.7,False,9,2,-1.51,0.94,95.0,False,True,False
000601.SZSE,韶能股份,2025-04-14,2025-04,连板,3.05,10.04,5.56,HIGH·新高贴顶,-3.98,-7.01,3.26,0.35714285714285715,21.38,True,16,2,-4.52,2.26,64.0,True,True,True
000601.SZSE,韶能股份,2025-04-24,2025-04,连板,1.58,9.98,8.72,FLAT·横盘平台,-6.51,-6.51,0.0,1.0,8.01,True,7,2,-2.71,1.19,52.0,True,True,True
000601.SZSE,韶能股份,2026-05-27,2026-05,封D1负,0.87,-0.25,-0.25,LB·L趴底,-17.87,-18.65,0.97,0.5,13.67,False,10,2,-3.31,1.19,45.0,False,True,False
000601.SZSE,韶能股份,2026-06-02,2026-06,封D1正,-2.45,3.45,3.45,U·U型蹲,-8.2,-18.65,12.85,0.3333333333333333,16.85,False,14,2,-3.43,0.24,109.0,False,True,False
000602.SZSE,金马集团,2010-01-08,2010-01,封D1正,0.2,6.45,6.45,FLAT·横盘平台,-4.05,-4.05,0.0,1.0,5.18,True,6,2,-3.84,0.38,0.0,False,True,False
000603.SZSE,盛达资源,2026-02-24,2026-02,封D1正,0.56,1.65,1.65,DN·阴跌到点,-20.21,-20.21,0.0,1.0,50.0,True,15,2,-3.42,2.54,29.0,False,True,False
000603.SZSE,盛达资源,2026-07-21,2026-07,连板,1.75,9.99,20.86,DN·阴跌到点,-26.6,-26.6,0.0,1.0,32.55,False,14,2,-1.58,1.64,49.0,True,True,True
000608.SZSE,阳光股份,2024-10-16,2024-10,封D1负,5.73,-1.32,-1.32,DN·阴跌到点,-25.36,-25.36,0.0,1.0,20.39,False,6,6,-4.19,3.26,33.0,False,True,False
000608.SZSE,阳光股份,2024-11-18,2024-11,封D1负,-1.89,-1.13,-1.13,DN·阴跌到点,-20.46,-20.46,0.0,1.0,25.73,False,6,2,-4.37,1.98,53.0,False,True,False
000617.SZSE,中油资本,2024-10-31,2024-10,炸板,-4.45,-10.24,-10.24,MID·中位浅调,-12.45,-16.63,5.02,0.09090909090909091,14.8,False,13,2,-1.92,0.72,118.0,False,False,False
000620.SZSE,盈新发展,2024-06-04,2024-06,封D1负,-1.83,-4.57,-4.57,DN·阴跌到点,-25.75,-25.75,0.0,1.0,21.11,False,7,4,-2.93,0.0,10.0,False,True,False
000620.SZSE,盈新发展,2024-11-20,2024-11,炸板,-5.83,-5.83,-5.83,DN·阴跌到点,-16.12,-17.77,2.01,0.7142857142857143,13.07,False,9,3,-1.93,0.48,79.0,False,False,False
000620.SZSE,盈新发展,2025-11-10,2025-11,封D1负,3.45,-2.87,-2.87,FLAT·横盘平台,-4.24,-4.24,0.0,1.0,6.96,True,3,3,-6.51,3.85,45.0,False,True,False
000620.SZSE,盈新发展,2025-11-25,2025-11,封D1正,1.54,0.0,0.0,DN·阴跌到点,-22.98,-22.98,0.0,0.75,22.03,False,6,2,0.0,1.36,56.0,False,True,False
000620.SZSE,盈新发展,2025-12-15,2025-12,封D1正,-1.69,0.0,0.0,DN·阴跌到点,-29.77,-29.77,0.0,1.0,33.83,False,20,2,-2.18,1.45,67.0,False,True,False
000620.SZSE,盈新发展,2026-01-16,2026-01,封D1正,2.98,6.55,6.55,DN·阴跌到点,-8.41,-8.41,0.0,1.0,13.11,True,7,2,-2.87,3.5,51.0,False,True,False
000626.SZSE,远大控股,2024-12-05,2024-12,封D1正,0.14,1.13,1.13,DN·阴跌到点,-15.17,-15.17,0.0,1.0,8.86,False,9,2,-3.02,1.06,69.0,False,True,False
000626.SZSE,远大控股,2025-04-21,2025-04,封D1正,2.79,1.22,1.22,DN·阴跌到点,-21.18,-21.18,0.0,1.0,14.2,False,5,3,-3.34,0.19,50.0,False,True,False
000628.SZSE,高新发展,2023-11-23,2023-11,炸板,-3.36,-0.18,-0.18,HIGH·新高贴顶,18.35,-2.7,21.64,0.0,37.88,True,15,11,-4.9,2.45,44.0,False,False,False
000628.SZSE,高新发展,2024-03-04,2024-03,连板,1.49,10.0,12.1,HIGH·新高贴顶,20.7,4.66,15.32,0.0,16.6,True,6,2,-1.1,1.29,56.0,True,True,True
000628.SZSE,高新发展,2024-10-30,2024-10,封D1负,1.8,-0.9,-0.9,HIGH·新高贴顶,0.47,-7.95,9.15,0.0,19.18,True,10,3,-5.71,1.14,93.0,False,True,False
000633.SZSE,合金投资,2025-11-28,2025-11,封D1负,0.23,-1.4,-1.4,MID·中位浅调,-5.35,-8.38,3.32,0.0,13.4,True,10,2,-3.71,1.11,41.0,False,True,False
000636.SZSE,风华高科,2026-06-09,2026-06,封D1负,3.0,-2.08,-2.08,HIGH·新高贴顶,34.2,0.77,33.17,0.0,52.28,True,11,2,-6.91,2.08,45.0,False,True,False
000636.SZSE,风华高科,2026-06-11,2026-06,炸板,1.08,-10.14,-10.14,HIGH·新高贴顶,44.54,0.77,43.43,0.0,52.28,True,13,2,-2.08,1.77,63.0,False,False,False
000636.SZSE,风华高科,2026-06-15,2026-06,封D1正,4.94,8.58,8.58,HIGH·新高贴顶,42.87,0.77,41.77,0.0,54.2,True,15,2,-8.06,0.0,83.0,False,True,False
000652.SZSE,泰达股份,2024-10-14,2024-10,封D1负,-0.95,-5.71,-5.71,DN·阴跌到点,-13.18,-13.18,0.0,1.0,4.97,False,4,2,-2.8,1.53,28.0,False,True,False
000656.SZSE,金科股份,2023-07-21,2023-07,连板,1.31,9.8,40.52,DN·阴跌到点,-6.71,-8.05,1.46,0.7777777777777778,11.68,True,11,2,-0.71,2.14,20.0,True,True,True
000657.SZSE,中钨高新,2025-11-05,2025-11,封D1正,0.2,0.2,0.2,DN·阴跌到点,-8.04,-8.12,0.09,0.6666666666666666,14.33,True,5,2,0.09,1.01,44.0,False,True,False
000659.SZSE,珠海中富,2026-01-27,2026-01,封D1负,-0.41,-0.61,-0.61,HIGH·新高贴顶,15.46,0.52,14.87,0.0,20.77,True,19,2,0.0,2.23,57.0,False,True,False
000668.SZSE,荣丰控股,2026-08-10,2026-08,炸板,-2.18,-1.16,-1.16,HIGH·新高贴顶,10.92,4.41,6.23,0.1111111111111111,10.03,True,11,2,-0.71,1.82,59.0,False,False,False
000670.SZSE,盈方微,2023-12-07,2023-12,封D1负,-1.32,-0.66,-0.66,DN·阴跌到点,-21.6,-21.6,0.0,1.0,18.66,False,9,2,-1.15,1.73,33.0,False,True,False
000676.SZSE,智度股份,2023-11-07,2023-11,炸板,-13.32,-8.4,-8.4,HIGH·新高贴顶,10.05,4.84,4.97,0.0,10.06,True,5,2,2.31,3.11,47.0,False,False,False
000676.SZSE,智度股份,2024-01-31,2024-01,炸板,-6.99,-8.81,-8.81,DN·阴跌到点,-24.94,-24.94,0.0,1.0,31.85,False,13,2,-3.7,0.59,18.0,False,False,False
000676.SZSE,智度股份,2024-10-21,2024-10,连板,5.47,10.03,10.74,HIGH·新高贴顶,4.18,-5.92,10.74,0.14285714285714285,11.11,True,9,2,0.0,2.34,77.0,True,True,True
000676.SZSE,智度股份,2024-11-11,2024-11,封D1负,2.74,-6.34,-6.34,MID·中位浅调,-11.13,-15.65,5.36,0.6363636363636364,18.06,False,13,3,-2.39,2.21,95.0,False,True,False
000676.SZSE,智度股份,2026-08-07,2026-08,炸板,-7.64,-9.33,-9.33,HIGH·新高贴顶,9.65,-7.31,18.3,0.0,23.82,True,15,3,-4.46,1.27,69.0,False,False,False
000676.SZSE,智度股份,2026-08-14,2026-08,炸板,-6.61,-9.33,-9.33,HIGH·新高贴顶,2.63,-7.31,10.73,0.0,23.82,True,20,3,-5.39,2.96,50.0,False,False,False
000678.SZSE,襄阳轴承,2024-09-19,2024-09,封D1负,-0.59,-2.35,-2.35,HIGH·新高贴顶,1.98,-12.53,16.58,0.5294117647058824,22.11,True,19,2,-4.53,3.29,21.0,False,True,False
000679.SZSE,大连友谊,2024-07-17,2024-07,封D1正,5.38,6.45,6.45,MID·中位浅调,-15.33,-18.67,4.1,0.42857142857142855,28.69,True,9,2,-1.17,0.0,23.0,False,True,False
000679.SZSE,大连友谊,2024-08-28,2024-08,炸板,-7.0,-7.33,-7.33,DN·阴跌到点,-27.59,-28.38,1.11,0.8571428571428571,33.33,False,16,2,-2.15,2.15,23.0,False,False,False
000679.SZSE,大连友谊,2024-08-30,2024-08,封D1负,0.0,-2.61,-2.61,DN·阴跌到点,-26.26,-28.38,2.96,0.75,33.33,False,18,2,-0.71,0.71,37.0,False,True,False
000679.SZSE,大连友谊,2025-01-13,2025-01,连板,5.87,9.96,15.66,DN·阴跌到点,-39.74,-39.74,0.0,1.0,49.32,False,19,2,-6.07,0.0,35.0,True,True,True
000679.SZSE,大连友谊,2025-02-17,2025-02,炸板,-2.98,0.45,0.45,HIGH·新高贴顶,-1.29,-3.07,1.84,0.4375,13.86,True,18,2,-6.15,0.0,53.0,False,False,False
000681.SZSE,视觉中国,2026-01-29,2026-01,炸板,-6.25,-8.0,-8.0,DN·阴跌到点,-17.28,-17.28,0.0,1.0,34.83,True,12,2,-7.03,2.07,72.0,False,False,False
000686.SZSE,东北证券,2024-10-31,2024-10,炸板,-4.1,-2.16,-2.16,U·U型蹲,-11.42,-18.4,8.56,0.4,12.5,False,17,2,-3.5,0.72,118.0,False,False,False
000691.SZSE,亚太实业,2024-05-21,2024-05,炸板,-5.37,-6.04,-6.04,U·U型蹲,-15.42,-25.62,13.73,0.15384615384615385,21.01,False,15,4,-4.02,0.0,36.0,False,False,False
000695.SZSE,滨海能源,2024-11-20,2024-11,封D1正,0.0,5.99,5.99,HIGH·新高贴顶,-2.36,-7.25,5.27,0.3333333333333333,10.02,True,5,2,-4.31,2.64,79.0,False,True,False
000695.SZSE,滨海能源,2025-06-20,2025-06,封D1正,0.08,6.33,6.33,DN·阴跌到点,-20.28,-20.28,0.0,1.0,41.26,True,19,5,-5.41,3.21,26.0,False,True,False
000700.SZSE,模塑科技,2026-01-21,2026-01,封D1负,-0.06,-3.76,-3.76,HIGH·新高贴顶,0.86,-5.69,6.95,0.5833333333333334,14.73,True,14,2,-4.24,1.09,50.0,False,True,False
000700.SZSE,模塑科技,2026-06-15,2026-06,封D1正,1.77,1.7,1.7,DN·阴跌到点,-13.15,-13.15,0.0,1.0,23.61,True,8,2,-1.84,1.02,83.0,False,True,False
000700.SZSE,模塑科技,2026-06-26,2026-06,炸板,-7.13,-9.29,-9.29,DN·阴跌到点,-16.22,-16.22,0.0,1.0,28.15,True,16,2,-4.34,3.93,77.0,False,False,False
000702.SZSE,正虹科技,2024-06-03,2024-06,封D1正,1.81,6.69,6.69,DN·阴跌到点,-32.93,-32.93,0.0,1.0,39.17,False,6,5,-4.73,0.95,18.0,False,True,False
000702.SZSE,正虹科技,2024-06-18,2024-06,炸板,-6.42,-7.74,-7.74,DN·阴跌到点,-35.73,-36.13,0.63,0.8571428571428571,46.14,False,16,5,-2.23,1.62,19.0,False,False,False
000705.SZSE,浙江震元,2023-12-20,2023-12,封D1负,0.3,-0.3,-0.3,DN·阴跌到点,-14.37,-14.37,0.0,1.0,7.46,False,4,2,-5.2,0.83,19.0,False,True,False
000710.SZSE,贝瑞基因,2023-12-01,2023-12,炸板,-3.02,-4.57,-4.57,MID·中位浅调,-6.04,-9.38,3.68,0.0,11.11,True,7,3,-4.11,1.56,26.0,False,False,False
000710.SZSE,贝瑞基因,2025-02-14,2025-02,连板,9.97,9.97,-1.03,HIGH·新高贴顶,0.28,0.28,0.0,1.0,9.17,True,4,2,-0.66,3.29,45.0,True,True,True
000712.SZSE,锦龙股份,2024-08-13,2024-08,封D1正,-0.27,4.5,4.5,DN·阴跌到点,-22.27,-22.34,0.1,0.8333333333333334,24.01,False,8,2,0.1,1.49,23.0,False,True,False
000719.SZSE,中原传媒,2023-08-22,2023-08,封D1正,3.01,3.65,3.65,DN·阴跌到点,-6.75,-6.75,0.0,1.0,13.95,True,11,2,-1.38,2.58,20.0,False,True,False
000719.SZSE,中原传媒,2023-08-29,2023-08,封D1正,0.52,2.73,2.73,HIGH·新高贴顶,0.0,-6.75,7.24,0.6428571428571429,14.04,True,16,2,-0.81,0.81,28.0,False,True,False
000720.SZSE,新能泰山,2026-05-28,2026-05,封D1正,2.56,4.14,4.14,DN·阴跌到点,-18.98,-18.98,0.0,1.0,35.79,True,14,2,-2.12,2.12,45.0,False,True,False
000722.SZSE,湖南发展,2025-06-06,2025-06,封D1负,0.0,-2.09,-2.09,LB·L趴底,-15.88,-16.85,1.16,0.5555555555555556,13.35,False,11,3,-2.25,0.6,56.0,False,True,False
000736.SZSE,中交发展,2024-02-02,2024-02,炸板,-6.68,-13.26,-13.26,DN·阴跌到点,-15.14,-15.14,0.0,1.0,15.03,False,5,2,-5.8,0.81,27.0,False,False,False
000736.SZSE,中交发展,2024-10-16,2024-10,封D1负,0.35,-7.16,-7.16,HIGH·新高贴顶,17.37,3.12,13.82,0.0,37.26,True,15,2,-4.01,3.19,33.0,False,True,False
000750.SZSE,国海证券,2024-10-18,2024-10,炸板,-5.43,-4.57,-4.57,DN·阴跌到点,-21.28,-21.28,0.0,1.0,23.92,False,8,6,-2.79,1.4,41.0,False,False,False
000751.SZSE,锌业股份,2026-02-24,2026-02,炸板,-0.81,5.84,5.84,MID·中位浅调,-10.97,-11.76,0.9,0.5384615384615384,37.66,True,15,2,-1.41,2.99,29.0,False,False,True
000753.SZSE,漳州发展,2025-11-28,2025-11,封D1正,1.16,1.51,1.51,DN·阴跌到点,-22.73,-22.73,0.0,1.0,35.93,True,17,2,-2.25,0.75,41.0,False,True,False
000759.SZSE,中百集团,2025-05-08,2025-05,封D1负,-1.23,-5.48,-5.48,MID·中位浅调,-11.53,-15.13,4.23,0.8,24.23,True,17,3,0.12,0.86,50.0,False,True,False
000759.SZSE,中百集团,2026-06-29,2026-06,封D1正,-0.79,0.63,0.63,U·U型蹲,-8.45,-15.47,8.3,0.16666666666666666,23.4,True,14,2,-7.57,2.74,51.0,False,True,False
000766.SZSE,通化金马,2023-09-11,2023-09,连板,8.29,10.05,57.94,HIGH·新高贴顶,4.15,-2.81,7.16,0.0,10.06,True,7,2,0.13,0.77,26.0,True,True,True
000777.SZSE,中核科技,2026-06-29,2026-06,封D1正,0.0,5.74,5.74,DN·阴跌到点,-23.15,-23.15,0.0,1.0,17.08,False,7,3,-1.18,3.0,51.0,False,True,False
000783.SZSE,长江证券,2024-10-18,2024-10,炸板,-4.84,-4.55,-4.55,DN·阴跌到点,-19.52,-19.52,0.0,1.0,16.74,False,8,4,-1.69,1.23,41.0,False,False,False
000783.SZSE,长江证券,2026-05-11,2026-05,炸板,-3.98,-1.11,-1.11,FLAT·横盘平台,-6.48,-6.48,0.0,1.0,1.46,False,3,2,-1.44,0.24,89.0,False,False,False
000785.SZSE,居然智家,2025-01-02,2025-01,炸板,-5.34,6.11,1.78,DN·阴跌到点,-31.48,-31.48,0.0,1.0,31.37,False,12,5,-4.29,2.95,39.0,False,False,True
000785.SZSE,居然智家,2025-02-27,2025-02,封D1负,2.74,-4.0,-4.0,DN·阴跌到点,-22.44,-22.44,0.0,1.0,15.97,False,9,5,-0.23,0.46,81.0,False,True,False
000799.SZSE,酒鬼酒,2024-10-18,2024-10,炸板,-2.48,-0.99,-0.99,DN·阴跌到点,-14.42,-14.42,0.0,1.0,14.16,False,8,4,-2.68,0.82,41.0,False,False,False
000801.SZSE,四川九洲,2024-03-28,2024-03,炸板,-0.9,-1.36,-1.36,DN·阴跌到点,-19.26,-19.26,0.0,1.0,19.3,False,6,2,-3.29,2.16,39.0,False,False,False
000801.SZSE,四川九洲,2024-04-17,2024-04,炸板,0.26,3.12,3.12,DN·阴跌到点,-29.83,-29.83,0.0,1.0,37.27,False,18,2,-4.64,1.82,16.0,False,False,False
000801.SZSE,四川九洲,2024-12-16,2024-12,炸板,-5.31,-12.04,-12.04,V·V末反,-22.49,-27.2,6.47,0.6923076923076923,23.65,False,15,6,-5.14,1.88,84.0,False,False,False
000803.SZSE,山高环能,2024-04-17,2024-04,炸板,-1.91,-4.07,-4.07,DN·阴跌到点,-32.26,-32.26,0.0,1.0,37.89,False,7,2,-7.54,0.24,16.0,False,False,False
000803.SZSE,山高环能,2024-11-15,2024-11,封D1正,4.49,0.98,0.98,DN·阴跌到点,-10.23,-10.23,0.0,1.0,13.12,True,9,2,-2.11,0.0,27.0,False,True,False
000811.SZSE,冰轮环境,2026-06-30,2026-06,封D1负,3.7,-2.35,-2.35,HIGH·新高贴顶,15.66,1.77,13.65,0.0,19.01,True,6,3,-3.78,1.66,89.0,False,True,False
000811.SZSE,冰轮环境,2026-08-17,2026-08,封D1负,1.0,-3.15,-3.15,HIGH·新高贴顶,3.85,2.13,1.69,0.0,5.38,True,8,2,0.24,1.27,51.0,False,True,False
000815.SZSE,美利云,2024-03-08,2024-03,封D1正,0.59,1.09,1.09,MID·中位浅调,-6.05,-8.5,2.69,0.14285714285714285,11.09,True,9,3,-2.45,2.55,44.0,False,True,False
000815.SZSE,美利云,2026-03-18,2026-03,连板,3.76,10.02,7.92,DN·阴跌到点,-11.04,-11.04,0.0,1.0,18.05,True,7,3,-4.14,0.3,33.0,True,True,True
000815.SZSE,美利云,2026-04-01,2026-04,封D1负,-1.26,-5.02,-5.02,HIGH·新高贴顶,-2.59,-2.59,0.0,1.0,13.12,True,9,2,-6.04,0.6,44.0,False,True,False
000815.SZSE,美利云,2026-04-16,2026-04,封D1负,3.56,-2.75,-2.75,HIGH·新高贴顶,4.5,-2.59,7.28,0.4117647058823529,13.12,True,19,2,-3.44,0.05,53.0,False,True,False
000815.SZSE,美利云,2026-07-31,2026-07,连板,4.74,10.01,24.18,DN·阴跌到点,-22.21,-22.21,0.0,1.0,20.29,False,6,4,-8.0,2.4,46.0,True,True,True
000818.SZSE,航锦科技,2026-05-22,2026-05,封D1正,4.35,1.62,1.62,DN·阴跌到点,-21.14,-21.14,0.0,1.0,28.73,True,11,2,-6.76,0.0,32.0,False,True,False
000819.SZSE,岳阳兴长,2025-10-21,2025-10,炸板,-1.93,-4.38,-4.38,DN·阴跌到点,-11.28,-11.82,0.62,0.8,14.03,True,7,2,0.62,0.17,66.0,False,False,False
000820.SZSE,神雾节能,2025-01-21,2025-01,封D1负,-0.75,-6.52,-6.52,MID·中位浅调,-6.68,-9.0,2.54,0.0,16.1,True,8,2,-5.47,0.0,62.0,False,True,False
000823.SZSE,超声电子,2026-07-01,2026-07,炸板,-12.26,-17.08,-17.08,FLAT·横盘平台,-9.87,-9.87,0.0,1.0,1.13,False,3,3,-1.12,1.54,114.0,False,False,False
000829.SZSE,天音控股,2023-11-21,2023-11,炸板,-8.22,1.44,1.44,FLAT·横盘平台,-6.21,-6.21,0.0,1.0,6.71,True,9,2,-1.2,0.74,50.0,False,False,False
000831.SZSE,中国稀土,2024-03-07,2024-03,炸板,-5.32,-3.25,-3.25,HIGH·新高贴顶,2.36,-0.22,2.58,0.5833333333333334,5.45,True,14,3,-2.72,0.72,63.0,False,False,False
000859.SZSE,国风新材,2025-12-22,2025-12,炸板,-4.75,6.77,6.27,HIGH·新高贴顶,-2.6,-10.08,8.31,0.08333333333333333,28.31,True,14,2,-4.77,2.01,65.0,False,False,True
000863.SZSE,三湘印象,2025-12-26,2025-12,封D1正,3.55,8.53,8.53,FLAT·横盘平台,-9.7,-9.7,0.0,1.0,4.69,False,5,2,-2.48,0.38,72.0,False,True,False
000877.SZSE,天山股份,2025-08-08,2025-08,封D1正,6.72,7.76,7.76,DN·阴跌到点,-13.04,-13.7,0.76,0.6363636363636364,10.71,False,13,2,0.38,0.57,47.0,False,True,False
000880.SZSE,潍柴重机,2024-08-13,2024-08,炸板,-6.05,-5.87,-5.87,DN·阴跌到点,-10.76,-10.76,0.0,1.0,11.67,False,8,5,-6.58,0.27,23.0,False,False,False
000880.SZSE,潍柴重机,2024-11-25,2024-11,封D1负,1.54,-4.07,-4.07,DN·阴跌到点,-18.96,-18.96,0.0,1.0,11.4,False,5,3,-7.36,3.83,60.0,False,True,False
000880.SZSE,潍柴重机,2025-01-07,2025-01,封D1正,-0.11,4.16,4.16,DN·阴跌到点,-11.56,-11.56,0.0,1.0,16.61,True,7,2,-0.73,2.67,52.0,False,True,False
000880.SZSE,潍柴重机,2025-02-14,2025-02,封D1正,3.3,6.95,6.95,U·U型蹲,-7.18,-16.81,11.57,0.4,18.5,False,12,2,-3.81,1.88,45.0,False,True,False
000880.SZSE,潍柴重机,2025-03-06,2025-03,封D1正,-0.99,1.12,1.12,MID·中位浅调,-13.13,-16.31,3.81,0.6,19.49,False,7,3,2.15,3.45,55.0,False,True,False
000880.SZSE,潍柴重机,2025-03-31,2025-03,封D1正,2.3,3.23,3.23,DN·阴跌到点,-26.6,-26.6,0.0,1.0,34.48,False,12,3,-2.05,2.48,29.0,False,True,False
000880.SZSE,潍柴重机,2026-02-03,2026-02,炸板,-1.24,-3.9,-3.9,DN·阴跌到点,-8.0,-8.0,0.0,0.6666666666666666,13.07,True,8,2,-4.16,1.02,32.0,False,False,False
000882.SZSE,华联股份,2025-01-02,2025-01,连板,0.44,10.04,-0.87,LB·L趴底,-24.64,-24.64,0.0,0.5,33.17,True,14,2,-5.02,2.28,39.0,True,True,True
000882.SZSE,华联股份,2025-01-20,2025-01,连板,3.52,10.16,32.03,U·U型蹲,-7.54,-14.68,8.37,0.5555555555555556,14.88,False,11,2,-5.67,0.4,47.0,True,True,True
000889.SZSE,中嘉博创,2025-07-03,2025-07,封D1负,5.61,-2.55,-2.55,MID·中位浅调,-10.1,-14.65,5.33,0.5,21.3,True,18,4,-2.2,0.55,51.0,False,True,False
000889.SZSE,中嘉博创,2026-04-28,2026-04,封D1负,-1.83,-2.04,-2.04,DN·阴跌到点,-5.91,-8.23,2.53,0.7142857142857143,21.61,True,9,2,-6.89,1.04,54.0,False,True,False
000889.SZSE,中嘉博创,2026-05-06,2026-05,连板,8.64,10.08,11.32,MID·中位浅调,-6.75,-8.23,1.61,0.5,21.61,True,12,2,-8.11,1.25,69.0,True,True,True
000889.SZSE,中嘉博创,2026-05-13,2026-05,封D1负,4.13,-4.49,-4.49,FLAT·横盘平台,-5.42,-5.42,0.0,1.0,6.92,True,4,2,-3.8,1.52,50.0,False,True,False
000889.SZSE,中嘉博创,2026-05-28,2026-05,封D1负,-0.47,-6.05,-6.05,DN·阴跌到点,-26.92,-26.92,0.0,1.0,42.46,True,15,2,-0.76,0.76,45.0,False,True,False
000890.SZSE,法尔胜,2026-03-04,2026-03,封D1正,5.07,3.16,3.16,HIGH·新高贴顶,0.5,-4.49,5.22,0.0,10.05,True,4,4,-4.39,3.56,67.0,False,True,False
000890.SZSE,法尔胜,2026-03-11,2026-03,炸板,-4.7,5.22,41.96,HIGH·新高贴顶,8.6,-4.49,13.71,0.0,19.45,True,9,4,-2.24,3.14,49.0,False,False,True
000892.SZSE,欢瑞世纪,2025-07-03,2025-07,封D1负,1.25,-0.62,-0.62,MID·中位浅调,-5.62,-5.83,0.23,0.0,11.47,True,7,2,-7.61,2.11,51.0,False,True,False
000892.SZSE,欢瑞世纪,2025-11-21,2025-11,连板,5.19,9.97,19.95,DN·阴跌到点,-15.29,-15.29,0.0,1.0,24.81,True,14,2,-2.06,0.0,35.0,True,True,True
000905.SZSE,厦门港务,2025-04-09,2025-04,封D1正,-0.13,5.08,5.08,DN·阴跌到点,-19.59,-19.59,0.0,1.0,23.21,False,15,2,-2.51,3.21,99.0,False,True,False
000905.SZSE,厦门港务,2025-12-15,2025-12,炸板,-7.2,-14.87,-14.87,DN·阴跌到点,-13.09,-13.09,0.0,1.0,9.51,False,3,4,-8.68,0.59,67.0,False,False,False
000908.SZSE,石药景峰,2024-03-04,2024-03,封D1正,3.07,7.02,7.02,DN·阴跌到点,-15.16,-15.16,0.0,1.0,13.53,False,5,6,-3.27,2.34,56.0,False,True,False
000916.SZSE,华北高速,2015-08-04,2015-08,炸板,-3.05,-2.77,-2.77,HIGH·新高贴顶,-1.5,-8.41,7.54,0.07142857142857142,26.07,True,16,3,1.71,3.57,0.0,False,False,False
000919.SZSE,金陵药业,2026-04-15,2026-04,封D1正,2.78,0.48,0.48,MID·中位浅调,-15.71,-18.63,3.59,0.6666666666666666,18.34,False,5,2,3.59,2.9,49.0,False,True,False
000920.SZSE,沃顿科技,2026-07-16,2026-07,封D1负,-0.57,-1.06,-1.06,FLAT·横盘平台,-8.34,-8.34,0.0,1.0,7.31,False,3,2,-6.81,0.29,65.0,False,True,False
000925.SZSE,众合科技,2024-12-26,2024-12,封D1负,0.0,-2.54,-2.54,MID·中位浅调,-9.96,-12.69,3.13,0.7647058823529411,13.28,False,19,2,-4.19,2.21,31.0,False,True,False
000925.SZSE,众合科技,2026-05-12,2026-05,连板,2.7,10.04,-0.93,HIGH·新高贴顶,-3.36,-9.19,6.42,0.3333333333333333,8.81,False,8,3,-0.41,1.02,76.0,True,True,True
000927.SZSE,中国铁物,2026-03-31,2026-03,封D1负,-0.6,-5.09,-5.09,FLAT·横盘平台,-8.98,-8.98,0.0,1.0,2.96,False,3,2,-2.88,0.96,55.0,False,True,False
000927.SZSE,中国铁物,2026-04-10,2026-04,炸板,-5.41,-7.21,-7.21,DN·阴跌到点,-9.28,-9.28,0.0,1.0,10.23,False,10,2,-3.19,1.6,50.0,False,False,False
000948.SZSE,南天信息,2024-10-30,2024-10,封D1正,4.67,3.61,3.61,MID·中位浅调,-5.53,-10.0,4.97,0.42857142857142855,14.21,True,16,2,-1.4,3.11,93.0,False,True,False
000949.SZSE,新乡化纤,2024-12-16,2024-12,封D1负,-1.8,-5.61,-5.61,U·U型蹲,-8.65,-18.71,12.38,0.5625,21.29,False,18,3,-3.2,1.28,84.0,False,True,False
000950.SZSE,重药控股,2023-05-09,2023-05,封D1负,2.51,-0.5,-0.5,HIGH·新高贴顶,2.99,1.14,1.83,0.0,10.27,True,7,2,-1.5,0.82,48.0,False,True,False
000953.SZSE,中哲精化,2024-11-25,2024-11,连板,6.98,10.02,15.21,DN·阴跌到点,-18.06,-18.06,0.0,1.0,17.52,False,17,2,-4.33,0.0,60.0,True,True,True
000955.SZSE,欣龙控股,2024-12-11,2024-12,炸板,-6.32,-5.81,-5.81,DN·阴跌到点,-8.12,-8.12,0.0,1.0,17.86,True,6,2,-5.67,1.95,82.0,False,False,False
000955.SZSE,欣龙控股,2025-11-11,2025-11,炸板,-4.75,-5.73,-5.73,FLAT·横盘平台,-4.55,-4.55,0.0,1.0,8.6,True,6,2,-2.25,2.25,56.0,False,False,False
000962.SZSE,东方钽业,2026-02-25,2026-02,封D1正,3.49,7.17,7.17,FLAT·横盘平台,-4.78,-4.78,0.0,1.0,2.21,False,3,2,-2.16,0.0,82.0,False,True,False
000967.SZSE,盈峰环境,2026-05-13,2026-05,炸板,-2.17,-6.5,-6.5,DN·阴跌到点,-15.65,-15.65,0.0,1.0,17.69,False,4,2,-6.61,0.34,50.0,False,False,False
000968.SZSE,蓝焰控股,2026-03-19,2026-03,封D1正,-1.73,4.99,4.99,DN·阴跌到点,-14.31,-14.31,0.0,1.0,24.66,True,12,2,-2.73,0.44,45.0,False,True,False
000969.SZSE,安泰科技,2025-10-27,2025-10,连板,8.09,10.0,12.59,DN·阴跌到点,-4.38,-4.38,0.0,1.0,12.32,True,9,4,-5.9,1.49,47.0,True,True,True
000969.SZSE,安泰科技,2025-11-13,2025-11,炸板,-4.91,-9.44,-9.44,DN·阴跌到点,-16.23,-16.23,0.0,1.0,22.18,True,12,2,-4.23,0.05,48.0,False,False,False
000977.SZSE,浪潮信息,2026-07-20,2026-07,炸板,-4.51,4.13,4.13,DN·阴跌到点,-9.99,-9.99,0.0,1.0,15.66,True,7,2,-8.94,1.02,29.0,False,False,False
000980.SZSE,众泰汽车,2023-07-17,2023-07,封D1正,1.11,9.7,9.7,DN·阴跌到点,-12.53,-12.53,0.0,1.0,4.57,False,3,2,-4.37,0.87,29.0,False,True,False
000980.SZSE,众泰汽车,2023-08-29,2023-08,封D1正,2.97,0.81,0.81,DN·阴跌到点,-30.58,-30.79,0.3,0.9444444444444444,39.4,False,20,2,0.3,0.3,28.0,False,True,False
000980.SZSE,众泰汽车,2024-08-23,2024-08,封D1负,0.64,-5.1,-5.1,DN·阴跌到点,-29.21,-29.21,0.0,1.0,27.27,False,14,4,-4.67,2.0,20.0,False,True,False
000980.SZSE,众泰汽车,2024-10-22,2024-10,连板,5.0,10.0,8.0,LB·L趴底,-16.51,-17.89,1.68,0.25,9.5,False,10,3,-1.09,1.09,89.0,True,True,True
000980.SZSE,众泰汽车,2024-11-04,2024-11,连板,10.08,10.08,20.56,HIGH·新高贴顶,2.27,-1.82,4.17,0.0,12.5,True,8,2,-7.41,2.88,74.0,True,True,True
000981.SZSE,山子高科,2024-08-20,2024-08,封D1负,-1.69,-5.93,-5.93,DN·阴跌到点,-24.11,-24.11,0.0,1.0,18.69,False,12,5,-5.31,0.0,29.0,False,True,False
000981.SZSE,山子高科,2025-01-16,2025-01,炸板,-3.97,-6.35,-6.35,MID·中位浅调,-5.37,-9.09,4.09,0.5714285714285714,15.45,True,9,2,-2.97,1.27,54.0,False,False,False
000981.SZSE,山子高科,2025-02-05,2025-02,炸板,-4.48,-3.14,-3.14,DN·阴跌到点,-16.12,-16.12,0.0,1.0,25.12,True,17,2,-6.02,2.78,35.0,False,False,False
000981.SZSE,山子高科,2025-10-29,2025-10,封D1负,4.42,-2.33,-2.33,DN·阴跌到点,-16.09,-16.74,0.77,0.75,22.16,True,14,3,-2.49,2.0,48.0,False,True,False
000987.SZSE,越秀资本,2024-10-14,2024-10,封D1负,-1.63,-5.44,-5.44,FLAT·横盘平台,-11.87,-11.87,0.0,1.0,8.08,False,4,2,-2.91,1.45,28.0,False,True,False
000995.SZSE,皇台酒业,2023-09-01,2023-09,炸板,-4.61,2.62,2.62,LB·L趴底,-18.33,-20.16,2.29,0.5714285714285714,20.01,False,9,2,-1.62,0.0,23.0,False,False,False
001202.SZSE,炬申股份,2025-09-19,2025-09,炸板,-9.19,-8.01,-8.01,MID·中位浅调,-7.99,-10.01,2.24,0.0,10.03,False,5,2,-1.91,1.28,45.0,False,False,False
001202.SZSE,炬申股份,2026-01-21,2026-01,连板,4.51,10.0,0.54,FLAT·横盘平台,-5.61,-5.61,0.0,1.0,3.98,False,6,2,-3.37,0.37,50.0,True,True,True
001203.SZSE,大中矿业,2025-11-13,2025-11,连板,1.84,9.99,20.72,HIGH·新高贴顶,19.03,-2.0,21.45,0.14285714285714285,27.73,True,9,3,-3.77,0.75,48.0,True,True,True
001203.SZSE,大中矿业,2025-12-08,2025-12,封D1负,-0.43,-4.15,-4.15,DN·阴跌到点,-17.84,-17.84,0.0,1.0,36.21,True,15,3,-2.35,3.42,58.0,False,True,False
001208.SZSE,华菱线缆,2025-12-23,2025-12,炸板,-16.21,-8.99,-8.99,HIGH·新高贴顶,6.37,5.21,1.11,0.0,2.16,True,5,4,-0.66,0.71,72.0,False,False,False
001208.SZSE,华菱线缆,2025-12-30,2025-12,封D1负,0.29,-1.39,-1.39,HIGH·新高贴顶,12.09,0.35,11.69,0.5,20.26,True,10,4,-7.12,0.88,64.0,False,True,False
001209.SZSE,洪兴股份,2024-12-26,2024-12,封D1负,-0.72,-4.24,-4.24,DN·阴跌到点,-36.44,-36.44,0.0,1.0,41.58,False,16,6,-2.88,1.12,31.0,False,True,False
001210.SZSE,金房能源,2026-06-26,2026-06,封D1负,-0.88,-5.79,-5.79,DN·阴跌到点,-41.24,-41.24,0.0,1.0,65.74,False,17,2,-2.91,2.06,77.0,False,True,False
001212.SZSE,中旗新材,2025-04-21,2025-04,连板,3.5,10.0,4.66,DN·阴跌到点,-6.4,-6.4,0.0,1.0,13.88,True,8,6,-5.78,0.99,50.0,True,True,True
001212.SZSE,中旗新材,2025-04-29,2025-04,封D1负,5.86,-8.48,-8.48,FLAT·横盘平台,-8.09,-8.09,0.0,1.0,3.52,False,5,2,-0.09,2.22,36.0,False,True,False
001212.SZSE,中旗新材,2025-05-14,2025-05,封D1正,2.1,1.02,1.02,HIGH·新高贴顶,3.01,-8.09,12.07,0.2727272727272727,12.07,True,13,2,0.2,0.12,41.0,False,True,False
001223.SZSE,欧克科技,2026-08-07,2026-08,封D1负,-0.24,-5.39,-5.39,HIGH·新高贴顶,3.48,3.48,0.0,1.0,5.42,True,4,2,-2.65,0.55,69.0,False,True,False
001229.SZSE,魅视科技,2024-03-13,2024-03,连板,0.36,10.01,6.61,HIGH·新高贴顶,2.29,-5.81,8.6,0.25,16.96,True,14,4,-7.15,2.22,57.0,True,True,True
001229.SZSE,魅视科技,2026-07-07,2026-07,连板,9.99,9.99,17.13,HIGH·新高贴顶,-2.84,-2.86,0.03,0.6666666666666666,6.29,True,5,2,0.03,0.57,60.0,True,True,True
001229.SZSE,魅视科技,2026-08-03,2026-08,连板,4.86,10.01,20.98,DN·阴跌到点,-25.53,-26.25,0.98,0.9375,51.03,True,18,2,0.98,3.52,87.0,True,True,True
001255.SZSE,博菲电气,2026-01-12,2026-01,连板,8.38,10.0,31.77,V·V末反,-16.82,-22.28,7.02,0.6153846153846154,15.8,False,15,3,0.06,0.0,79.0,True,True,True
001266.SZSE,宏英智能,2026-05-20,2026-05,封D1负,-0.88,-0.49,-0.49,HIGH·新高贴顶,18.27,2.71,15.15,0.0,24.41,True,12,2,-7.45,1.29,75.0,False,True,False
001270.SZSE,铖昌科技,2024-11-04,2024-11,封D1正,0.02,4.05,4.05,HIGH·新高贴顶,3.32,-12.17,17.64,0.11764705882352941,27.27,True,19,2,-7.57,0.96,74.0,False,True,False
001296.SZSE,长江材料,2025-12-12,2025-12,封D1负,-0.7,-1.52,-1.52,LB·L趴底,-16.42,-18.04,1.98,0.5454545454545454,11.07,False,13,3,-2.86,0.38,27.0,False,True,False
001296.SZSE,长江材料,2026-07-14,2026-07,炸板,-4.29,-5.18,-5.18,DN·阴跌到点,-23.12,-23.61,0.64,0.8571428571428571,25.17,False,16,2,-2.9,1.95,25.0,False,False,False
001298.SZSE,好上好,2023-11-10,2023-11,封D1正,6.05,1.03,1.03,V·V末反,-27.97,-34.26,9.56,0.6666666666666666,36.9,False,17,2,-2.22,0.25,25.0,False,True,False
001298.SZSE,好上好,2024-06-19,2024-06,封D1正,-1.75,6.05,6.05,FLAT·横盘平台,-8.81,-9.21,0.45,0.0,2.72,False,4,3,-2.22,2.31,26.0,False,True,False
001298.SZSE,好上好,2024-08-30,2024-08,封D1正,-0.2,5.19,5.19,DN·阴跌到点,-10.55,-10.55,0.0,1.0,23.12,True,9,2,-2.69,2.19,37.0,False,True,False
001299.SZSE,美能能源,2023-08-18,2023-08,连板,-1.3,10.02,6.38,FLAT·横盘平台,-4.9,-4.9,0.0,1.0,8.11,True,5,2,-4.55,1.15,25.0,True,True,True
001299.SZSE,美能能源,2023-08-25,2023-08,封D1负,4.58,-4.23,-4.23,DN·阴跌到点,-17.31,-17.31,0.0,1.0,16.93,False,4,2,-7.64,0.66,28.0,False,True,False
001299.SZSE,美能能源,2024-04-19,2024-04,封D1负,0.08,-6.03,-6.03,DN·阴跌到点,-24.12,-25.38,1.69,0.75,23.98,False,10,2,-2.8,1.02,52.0,False,True,False
001308.SZSE,康冠科技,2024-12-24,2024-12,炸板,-4.43,-1.88,-1.88,V·V末反,-8.65,-15.84,8.54,0.75,14.55,False,18,2,-4.89,0.52,26.0,False,False,False
001309.SZSE,德明利,2024-04-17,2024-04,封D1负,-2.11,-0.01,-0.01,DN·阴跌到点,-21.6,-21.6,0.0,1.0,26.43,False,17,2,-5.54,1.74,16.0,False,True,False
001309.SZSE,德明利,2025-03-07,2025-03,炸板,-3.9,-3.35,-3.35,HIGH·新高贴顶,-1.88,-3.67,1.86,0.5714285714285714,11.88,True,9,2,0.48,2.03,87.0,False,False,False
001309.SZSE,德明利,2025-09-29,2025-09,炸板,5.52,8.0,9.79,HIGH·新高贴顶,0.98,0.98,0.0,1.0,5.63,True,4,3,-2.8,3.23,39.0,False,False,True
001314.SZSE,亿道信息,2023-12-19,2023-12,连板,7.84,10.0,11.69,HIGH·新高贴顶,8.92,-1.58,10.67,0.0,16.48,True,10,2,-4.03,0.9,29.0,True,True,True
001314.SZSE,亿道信息,2024-01-18,2024-01,封D1负,-0.29,-3.54,-3.54,DN·阴跌到点,-17.72,-19.08,1.67,0.7222222222222222,38.33,True,20,2,-4.31,0.33,30.0,False,True,False
001316.SZSE,润贝航科,2024-08-02,2024-08,炸板,-10.4,-15.09,-15.09,FLAT·横盘平台,-9.43,-10.64,1.36,0.5,3.43,False,4,3,1.36,1.52,50.0,False,False,False
001316.SZSE,润贝航科,2024-08-06,2024-08,封D1正,0.03,0.98,0.98,DN·阴跌到点,-15.4,-15.4,0.0,1.0,9.25,False,6,3,-8.0,2.01,38.0,False,True,False
001316.SZSE,润贝航科,2025-05-14,2025-05,封D1负,0.34,-5.38,-5.38,DN·阴跌到点,-12.87,-12.87,0.0,1.0,13.07,False,4,4,-6.91,0.0,41.0,False,True,False
001316.SZSE,润贝航科,2026-01-29,2026-01,封D1负,0.0,-2.63,-2.63,FLAT·横盘平台,-10.11,-10.11,0.0,1.0,7.68,False,4,2,-7.13,0.96,72.0,False,True,False
001317.SZSE,三羊马,2026-07-27,2026-07,封D1负,0.75,-0.15,-0.15,HIGH·新高贴顶,-2.75,-10.94,9.2,0.21428571428571427,18.94,True,16,2,-4.37,0.14,36.0,False,True,False
001318.SZSE,阳光乳业,2025-08-20,2025-08,炸板,-4.85,-6.43,-6.43,DN·阴跌到点,-20.45,-21.94,1.91,0.75,15.82,False,14,3,0.35,1.04,74.0,False,False,False
001318.SZSE,阳光乳业,2025-12-15,2025-12,封D1正,4.75,2.84,2.84,DN·阴跌到点,-16.11,-16.11,0.0,1.0,13.77,False,10,2,-5.27,1.22,67.0,False,True,False
001319.SZSE,铭科精技,2023-10-18,2023-10,封D1正,1.92,2.47,2.47,DN·阴跌到点,-11.97,-11.97,0.0,1.0,19.29,True,15,2,-8.27,0.0,22.0,False,True,False
001319.SZSE,铭科精技,2023-11-15,2023-11,封D1正,9.99,8.03,8.03,DN·阴跌到点,-18.05,-18.05,0.0,1.0,9.82,False,13,3,-2.89,0.0,32.0,False,True,False
001324.SZSE,长青科技,2023-09-18,2023-09,封D1负,-2.87,-2.33,-2.33,DN·阴跌到点,-30.06,-30.06,0.0,1.0,37.55,False,20,6,-4.27,1.21,26.0,False,True,False
001330.SZSE,博纳影业,2025-09-19,2025-09,封D1负,4.0,-3.36,-3.36,U·U型蹲,-7.64,-16.1,10.08,0.375,16.09,False,18,2,-2.24,0.52,45.0,False,True,False
001337.SZSE,四川黄金,2025-04-21,2025-04,封D1正,1.41,6.09,6.09,FLAT·横盘平台,-7.31,-7.31,0.0,1.0,8.42,True,6,2,-2.55,1.55,50.0,False,True,False
001359.SZSE,平安电工,2024-04-22,2024-04,封D1负,-1.55,-3.52,-3.52,LB·L趴底,-22.86,-24.95,2.78,0.5714285714285714,23.96,False,9,2,-4.04,0.84,41.0,False,True,False
001360.SZSE,南矿集团,2025-12-25,2025-12,封D1负,-0.46,-3.66,-3.66,HIGH·新高贴顶,4.25,-2.85,7.3,0.5454545454545454,23.45,True,13,2,-1.41,2.69,65.0,False,True,False
001365.SZSE,天海电子,2026-07-16,2026-07,封D1负,-0.99,-7.51,-7.51,DN·阴跌到点,-17.76,-17.76,0.0,1.0,27.16,True,6,2,-3.82,2.08,65.0,False,True,False
001368.SZSE,通达创智,2024-01-19,2024-01,封D1负,-0.51,-5.18,-5.18,DN·阴跌到点,-19.77,-19.77,0.0,1.0,15.11,False,7,2,-5.96,1.61,37.0,False,True,False
001368.SZSE,通达创智,2025-03-06,2025-03,封D1负,3.96,-3.92,-3.92,DN·阴跌到点,-12.05,-13.84,2.08,0.8235294117647058,9.29,False,19,2,-0.19,0.0,55.0,False,True,False
001368.SZSE,通达创智,2025-04-17,2025-04,封D1正,3.13,1.97,1.97,DN·阴跌到点,-12.52,-12.52,0.0,1.0,2.95,False,3,2,-2.87,3.54,40.0,False,True,False
001376.SZSE,百通能源,2024-04-19,2024-04,封D1正,-0.21,4.04,4.04,DN·阴跌到点,-30.26,-30.26,0.0,1.0,29.08,False,6,4,-7.62,2.51,52.0,False,True,False
001376.SZSE,百通能源,2024-05-06,2024-05,封D1正,0.05,1.48,1.48,U·U型蹲,-23.34,-30.26,9.92,0.3333333333333333,29.08,False,14,4,-1.65,0.83,47.0,False,True,False
001376.SZSE,百通能源,2026-02-11,2026-02,封D1负,0.0,-3.45,-3.45,DN·阴跌到点,-21.66,-21.66,0.0,1.0,23.53,False,9,2,-3.22,1.91,48.0,False,True,False
001379.SZSE,腾达科技,2024-08-19,2024-08,连板,2.7,10.01,-1.0,DN·阴跌到点,-27.16,-27.16,0.0,1.0,23.58,False,10,11,-5.61,1.8,22.0,True,True,True
001396.SZSE,誉帆科技,2026-03-04,2026-03,封D1负,2.19,-7.28,-7.28,DN·阴跌到点,-10.78,-10.78,0.0,1.0,13.71,True,5,2,-7.81,0.24,67.0,False,True,False
001396.SZSE,誉帆科技,2026-03-24,2026-03,炸板,-2.56,-1.45,-1.45,DN·阴跌到点,-23.81,-23.81,0.0,1.0,33.16,True,19,2,-4.64,1.77,24.0,False,False,False
001696.SZSE,宗申动力,2024-04-17,2024-04,封D1正,1.71,6.97,6.97,HIGH·新高贴顶,-2.09,-2.09,0.0,1.0,21.26,True,11,2,-5.58,3.21,16.0,False,True,False
001696.SZSE,宗申动力,2024-04-26,2024-04,封D1正,3.19,3.91,3.91,HIGH·新高贴顶,40.39,-2.09,43.4,0.5625,47.17,True,18,2,-2.56,1.45,32.0,False,True,False
001896.SZSE,豫能控股,2026-03-27,2026-03,封D1负,-6.29,-9.98,-9.98,HIGH·新高贴顶,12.74,-0.45,13.25,0.05555555555555555,29.22,True,20,7,-6.41,2.8,36.0,False,True,False
002006.SZSE,精工科技,2024-11-25,2024-11,封D1负,-1.01,-6.77,-6.77,FLAT·横盘平台,-7.66,-7.66,0.0,1.0,8.43,True,3,2,-7.78,3.25,60.0,False,True,False
002006.SZSE,精工科技,2024-11-27,2024-11,连板,3.48,10.02,8.11,FLAT·横盘平台,-5.31,-7.66,2.55,0.3333333333333333,10.0,True,5,2,-6.77,0.36,79.0,True,True,True
002009.SZSE,天奇股份,2024-03-06,2024-03,连板,10.0,10.0,15.07,DN·阴跌到点,-5.8,-5.8,0.0,1.0,11.41,True,6,2,-5.87,0.31,38.0,True,True,True
002009.SZSE,天奇股份,2026-01-07,2026-01,炸板,-2.87,-5.17,-5.17,FLAT·横盘平台,-10.76,-10.76,0.0,1.0,8.18,False,4,4,-5.85,3.24,96.0,False,False,False
002009.SZSE,天奇股份,2026-01-23,2026-01,炸板,5.79,5.79,7.41,MID·中位浅调,-4.23,-10.76,7.32,0.14285714285714285,10.19,False,16,4,-2.6,0.87,63.0,False,False,True
002009.SZSE,天奇股份,2026-02-06,2026-02,封D1正,2.15,2.97,2.97,HIGH·新高贴顶,0.28,-10.17,11.63,0.16666666666666666,22.05,True,8,2,-8.54,2.76,37.0,False,True,False
002015.SZSE,协鑫能科,2025-07-04,2025-07,炸板,-3.11,1.62,1.62,HIGH·新高贴顶,-0.69,-17.59,20.51,0.1,33.52,True,12,4,0.23,0.78,52.0,False,False,False
002015.SZSE,协鑫能科,2026-03-06,2026-03,连板,9.99,9.99,16.01,HIGH·新高贴顶,7.01,-9.12,17.74,0.2727272727272727,18.66,True,13,2,-0.77,0.77,55.0,True,True,True
002015.SZSE,协鑫能科,2026-04-01,2026-04,炸板,-2.57,-6.5,-6.5,DN·阴跌到点,-7.22,-7.22,0.0,1.0,39.77,True,17,2,-4.67,0.06,44.0,False,False,False
002015.SZSE,协鑫能科,2026-04-07,2026-04,炸板,-1.68,0.51,0.51,DN·阴跌到点,-5.7,-7.22,1.63,0.8333333333333334,39.77,True,20,2,-1.16,0.55,26.0,False,False,False
002017.SZSE,东信和平,2025-08-05,2025-08,封D1正,1.18,2.84,2.84,HIGH·新高贴顶,10.42,2.1,8.15,0.0,19.4,True,10,2,-0.2,2.34,41.0,False,True,False
002021.SZSE,中捷资源,2024-11-28,2024-11,封D1正,-0.76,2.65,2.65,DN·阴跌到点,-12.09,-12.45,0.42,0.8888888888888888,19.25,True,20,2,0.0,0.0,77.0,False,True,False
002029.SZSE,七 匹 狼,2025-10-20,2025-10,封D1正,7.56,2.1,2.1,U·U型蹲,-7.49,-14.76,8.53,0.1111111111111111,17.69,True,11,2,-7.68,0.85,34.0,False,True,False
002030.SZSE,达安基因,2026-05-18,2026-05,封D1正,0.0,0.0,0.0,DN·阴跌到点,-17.26,-17.26,0.0,1.0,13.91,False,5,2,-4.58,0.32,46.0,False,True,False
002030.SZSE,达安基因,2026-05-25,2026-05,炸板,-4.83,-0.99,-0.99,MID·中位浅调,-12.33,-17.26,5.96,0.375,13.91,False,10,2,-1.23,2.31,99.0,False,False,False
002031.SZSE,巨轮智能,2024-11-19,2024-11,炸板,-2.14,8.33,6.9,DN·阴跌到点,-7.06,-7.06,0.0,1.0,20.68,True,10,2,-5.21,2.48,74.0,False,False,True
002031.SZSE,巨轮智能,2025-02-19,2025-02,封D1正,3.82,3.04,3.04,HIGH·新高贴顶,20.96,-8.08,31.6,0.4117647058823529,52.77,True,19,2,-5.05,2.0,37.0,False,True,False
002036.SZSE,联创电子,2024-09-26,2024-09,封D1正,2.5,7.1,7.1,U·U型蹲,-23.03,-27.81,6.63,0.375,24.65,False,10,3,-0.72,3.01,43.0,False,True,False
002036.SZSE,联创电子,2025-02-14,2025-02,炸板,-3.32,-2.06,-2.06,FLAT·横盘平台,-8.8,-8.8,0.0,1.0,6.73,False,3,4,-6.31,2.28,45.0,False,False,False
002037.SZSE,保利联合,2024-05-14,2024-05,封D1正,1.82,2.27,2.27,FLAT·横盘平台,-10.85,-10.85,0.0,1.0,9.33,False,5,2,-5.51,0.63,24.0,False,True,False
002037.SZSE,保利联合,2024-05-31,2024-05,炸板,-3.82,-6.36,-6.36,DN·阴跌到点,-18.92,-18.92,0.0,1.0,20.53,False,9,2,-4.74,0.15,21.0,False,False,False
002037.SZSE,保利联合,2024-06-04,2024-06,炸板,-3.57,-4.81,-4.81,DN·阴跌到点,-16.52,-18.92,2.95,0.7777777777777778,20.53,False,11,2,-6.1,0.71,10.0,False,False,False
002037.SZSE,保利联合,2024-06-11,2024-06,炸板,-5.65,0.28,0.28,LB·L趴底,-18.79,-18.92,0.16,0.5384615384615384,20.53,False,15,2,-1.68,1.53,40.0,False,False,False
002040.SZSE,南 京 港,2025-05-13,2025-05,连板,4.56,10.03,55.99,MID·中位浅调,-14.57,-18.36,4.65,0.6153846153846154,14.84,False,15,2,0.14,0.72,38.0,True,True,True
002045.SZSE,国光电器,2024-12-11,2024-12,炸板,-3.47,-2.2,-2.2,MID·中位浅调,-26.08,-29.22,4.44,0.6,27.19,False,12,2,1.75,1.42,82.0,False,False,False
002045.SZSE,国光电器,2024-12-18,2024-12,炸板,-5.99,-7.72,-7.72,U·U型蹲,-18.57,-29.22,15.06,0.4,27.19,False,17,2,3.43,3.33,25.0,False,False,False
002045.SZSE,国光电器,2024-12-20,2024-12,封D1负,0.17,-1.84,-1.84,U·U型蹲,-17.34,-29.22,16.8,0.35294117647058826,27.19,False,19,2,-2.85,0.56,50.0,False,True,False
002046.SZSE,国机精工,2025-08-18,2025-08,连板,2.18,10.01,16.71,HIGH·新高贴顶,-2.03,-2.03,0.0,1.0,5.52,True,6,5,-1.43,3.24,70.0,True,True,True
002046.SZSE,国机精工,2025-09-05,2025-09,封D1正,1.76,0.41,0.41,DN·阴跌到点,-15.78,-15.78,0.0,1.0,25.97,True,13,2,-3.43,1.56,33.0,False,True,False
002051.SZSE,中工国际,2026-04-14,2026-04,连板,5.27,9.98,7.12,DN·阴跌到点,-14.66,-14.66,0.0,1.0,16.87,False,4,2,-8.29,0.93,52.0,True,True,True
002052.SZSE,同洲电子,2025-09-10,2025-09,封D1正,8.83,1.79,1.79,DN·阴跌到点,-22.14,-22.14,0.0,1.0,42.51,True,16,3,-4.44,0.47,45.0,False,True,False
002053.SZSE,云南能投,2025-09-10,2025-09,封D1负,4.0,-3.39,-3.39,FLAT·横盘平台,-10.61,-11.21,0.68,0.5,8.72,False,8,3,-1.9,1.54,45.0,False,True,False
002054.SZSE,德美化工,2024-12-18,2024-12,炸板,-8.7,-9.13,-9.13,MID·中位浅调,-16.29,-19.19,3.58,0.35714285714285715,14.8,False,16,3,-4.35,2.1,25.0,False,False,False
002058.SZSE,威尔泰,2024-03-06,2024-03,炸板,-4.45,-7.67,-7.67,FLAT·横盘平台,-10.24,-10.24,0.0,1.0,4.03,False,3,2,-3.87,3.04,38.0,False,False,False
002058.SZSE,威尔泰,2024-03-27,2024-03,封D1负,-6.3,-3.48,-3.48,MID·中位浅调,-5.68,-10.24,5.08,0.0625,23.87,True,18,2,-7.74,1.35,50.0,False,True,False
002058.SZSE,威尔泰,2025-02-25,2025-02,封D1负,-4.2,-2.85,-2.85,DN·阴跌到点,-16.04,-16.04,0.0,1.0,9.6,False,3,4,-8.76,1.27,66.0,False,True,False
002067.SZSE,景兴纸业,2025-09-29,2025-09,封D1正,-0.33,2.11,2.11,DN·阴跌到点,-21.93,-21.93,0.0,1.0,15.21,False,7,3,-3.79,2.58,39.0,False,True,False
002067.SZSE,景兴纸业,2025-10-20,2025-10,封D1正,-0.9,1.49,1.49,U·U型蹲,-14.94,-21.93,8.94,0.35714285714285715,18.6,False,16,3,-3.18,3.02,34.0,False,True,False
002069.SZSE,獐子岛,2024-12-04,2024-12,封D1正,1.67,4.29,4.29,HIGH·新高贴顶,-3.29,-6.08,2.96,0.5,3.23,False,6,2,-0.26,3.92,92.0,False,True,False
002076.SZSE,星光股份,2024-12-02,2024-12,封D1正,1.42,2.49,2.49,HIGH·新高贴顶,-0.39,-4.69,4.51,0.0,9.84,True,4,2,-4.85,2.24,105.0,False,True,False
002079.SZSE,苏州固锝,2023-06-29,2023-06,封D1负,-2.03,-1.02,-1.02,DN·阴跌到点,-8.9,-8.9,0.0,1.0,10.96,True,5,2,-4.28,0.64,28.0,False,True,False
002080.SZSE,中材科技,2026-06-24,2026-06,连板,3.03,10.0,15.61,FLAT·横盘平台,-6.81,-6.81,0.0,1.0,9.79,True,4,3,-8.92,0.38,87.0,True,True,True
002081.SZSE,金 螳 螂,2026-06-10,2026-06,封D1负,-0.34,-9.93,-9.93,DN·阴跌到点,-20.35,-20.35,0.0,1.0,26.85,True,7,2,-0.55,0.37,107.0,False,True,False
002081.SZSE,金 螳 螂,2026-08-25,2026-08,封D1正,-0.91,2.91,2.91,DN·阴跌到点,-14.09,-14.09,0.0,1.0,25.4,True,6,4,-2.91,0.78,41.0,False,True,False
002083.SZSE,孚日股份,2025-12-05,2025-12,封D1负,1.17,-0.29,-0.29,LB·L趴底,-26.81,-27.67,1.2,0.25,35.43,False,14,8,-4.32,3.49,30.0,False,True,False
002083.SZSE,孚日股份,2025-12-10,2025-12,封D1正,5.07,3.0,3.0,MID·中位浅调,-23.82,-27.67,5.33,0.2,35.43,False,17,8,-5.09,1.37,46.0,False,True,False
002083.SZSE,孚日股份,2025-12-15,2025-12,封D1负,0.0,-5.22,-5.22,U·U型蹲,-19.26,-27.67,11.63,0.16666666666666666,35.43,False,20,8,-6.47,1.09,67.0,False,True,False
002085.SZSE,万丰奥威,2024-02-29,2024-02,封D1正,1.26,1.68,1.68,HIGH·新高贴顶,14.41,6.33,7.6,0.0,16.53,True,10,2,-7.0,2.14,23.0,False,True,False
002085.SZSE,万丰奥威,2024-03-28,2024-03,封D1正,7.37,7.37,7.37,HIGH·新高贴顶,9.15,7.48,1.56,0.0,7.38,True,8,2,-5.42,3.3,39.0,False,True,False
002085.SZSE,万丰奥威,2024-04-10,2024-04,炸板,-9.27,-12.96,-12.96,HIGH·新高贴顶,7.02,7.02,0.0,1.0,20.46,True,15,2,-2.3,1.95,48.0,False,False,False
002086.SZSE,东方海洋,2024-11-18,2024-11,炸板,-6.19,-3.58,-3.58,DN·阴跌到点,-15.45,-15.45,0.0,1.0,18.28,False,6,3,-3.12,3.13,53.0,False,False,False
002086.SZSE,东方海洋,2024-11-27,2024-11,封D1正,5.57,3.06,3.06,HIGH·新高贴顶,-1.21,-15.45,16.85,0.36363636363636365,20.43,True,13,3,-2.98,2.98,79.0,False,True,False
002086.SZSE,东方海洋,2024-12-16,2024-12,封D1负,1.67,-9.79,-9.79,FLAT·横盘平台,-7.07,-7.07,0.0,1.0,5.51,False,4,2,-5.22,1.49,84.0,False,True,False
002093.SZSE,国脉科技,2025-03-19,2025-03,连板,-3.05,9.97,-1.04,FLAT·横盘平台,-10.07,-10.07,0.0,1.0,7.08,False,3,2,-6.61,1.21,56.0,True,True,True
002094.SZSE,青岛金王,2025-05-06,2025-05,封D1负,4.86,-0.26,-0.26,DN·阴跌到点,-22.6,-22.6,0.0,1.0,32.08,True,6,3,-5.34,0.68,56.0,False,True,False
002094.SZSE,青岛金王,2025-05-22,2025-05,炸板,-6.78,-9.78,-9.78,FLAT·横盘平台,-8.81,-8.81,0.0,1.0,9.78,True,6,2,-3.88,2.7,45.0,False,False,False
002095.SZSE,生 意 宝,2025-04-25,2025-04,封D1正,1.11,1.06,1.06,FLAT·横盘平台,-9.02,-9.02,0.0,1.0,4.82,False,3,2,-4.6,1.11,45.0,False,True,False
002095.SZSE,生 意 宝,2025-05-12,2025-05,炸板,-3.37,2.31,2.31,MID·中位浅调,-4.69,-9.02,4.76,0.1111111111111111,11.69,True,11,2,-6.2,0.45,27.0,False,False,False
002098.SZSE,浔兴股份,2025-04-24,2025-04,封D1正,2.48,5.9,5.9,DN·阴跌到点,-10.86,-10.86,0.0,1.0,15.15,True,5,3,-6.2,1.71,52.0,False,True,False
002104.SZSE,恒宝股份,2025-09-01,2025-09,封D1负,2.71,-9.99,-9.99,HIGH·新高贴顶,-3.0,-3.0,0.0,1.0,16.37,True,12,3,-3.78,1.54,55.0,False,True,False
002105.SZSE,信隆健康,2025-06-09,2025-06,封D1负,2.56,-1.07,-1.07,MID·中位浅调,-16.16,-19.31,3.91,0.5454545454545454,11.6,False,13,3,-5.65,1.44,44.0,False,True,False
002112.SZSE,三变科技,2026-02-02,2026-02,连板,1.71,9.99,15.16,DN·阴跌到点,-7.04,-7.04,0.0,1.0,21.87,True,12,3,-6.51,1.71,41.0,True,True,True
002112.SZSE,三变科技,2026-03-04,2026-03,炸板,-0.67,2.19,2.19,DN·阴跌到点,-9.08,-9.08,0.0,1.0,17.48,True,15,2,-8.58,0.13,67.0,False,False,False
002115.SZSE,三维通信,2023-11-21,2023-11,炸板,-6.56,-6.22,-6.22,U·U型蹲,-7.67,-15.8,9.65,0.29411764705882354,16.62,False,19,3,-0.24,0.24,50.0,False,False,False
002115.SZSE,三维通信,2025-03-17,2025-03,炸板,-7.49,-7.6,-7.6,HIGH·新高贴顶,0.23,-4.53,4.98,0.0,8.07,True,7,2,-2.85,0.77,66.0,False,False,False
002115.SZSE,三维通信,2025-03-21,2025-03,封D1正,1.81,1.28,1.28,HIGH·新高贴顶,-3.4,-4.53,1.19,0.0,8.07,True,11,2,-4.16,0.56,55.0,False,True,False
002115.SZSE,三维通信,2025-03-26,2025-03,封D1正,1.55,2.49,2.49,HIGH·新高贴顶,-0.68,-4.53,4.03,0.0,12.69,True,14,2,-7.68,2.21,41.0,False,True,False
002115.SZSE,三维通信,2025-09-08,2025-09,封D1正,6.99,3.21,3.21,FLAT·横盘平台,-4.08,-4.51,0.45,0.0,9.09,True,5,3,-7.92,2.67,71.0,False,True,False
002115.SZSE,三维通信,2025-09-10,2025-09,封D1正,-0.43,2.82,2.82,HIGH·新高贴顶,8.94,-4.51,14.09,0.0,14.09,True,7,3,3.21,3.04,45.0,False,True,False
002117.SZSE,东港股份,2025-01-21,2025-01,封D1正,-0.08,2.89,2.89,DN·阴跌到点,-15.42,-16.34,1.1,0.9,24.43,True,12,2,1.1,3.13,62.0,False,True,False
002119.SZSE,康强电子,2026-01-27,2026-01,连板,6.95,10.02,3.47,HIGH·新高贴顶,2.97,2.97,0.0,1.0,10.58,True,7,2,-3.85,3.89,57.0,True,True,True
002124.SZSE,天邦食品,2026-04-22,2026-04,炸板,-6.94,-9.46,-9.46,FLAT·横盘平台,-8.28,-8.28,0.0,1.0,6.94,False,5,3,-5.88,2.61,44.0,False,False,False
002124.SZSE,天邦食品,2026-05-11,2026-05,封D1负,0.0,-1.06,-1.06,MID·中位浅调,-17.83,-20.7,3.61,0.5384615384615384,23.69,False,15,3,-1.9,2.28,89.0,False,True,False
002127.SZSE,南极电商,2024-12-10,2024-12,封D1负,0.0,-1.6,-1.6,FLAT·横盘平台,-11.31,-11.31,0.0,1.0,6.37,False,6,2,-3.81,1.06,83.0,False,True,False
002131.SZSE,利欧股份,2025-02-05,2025-02,封D1正,1.75,2.5,2.5,MID·中位浅调,-9.9,-10.15,0.28,0.42857142857142855,13.22,True,9,2,-1.62,2.16,35.0,False,True,False
002131.SZSE,利欧股份,2025-08-26,2025-08,封D1负,4.9,-1.69,-1.69,HIGH·新高贴顶,-1.02,-3.48,2.55,0.3333333333333333,7.64,True,5,2,-0.21,1.86,64.0,False,True,False
002131.SZSE,利欧股份,2025-09-01,2025-09,封D1正,3.28,1.04,1.04,HIGH·新高贴顶,7.79,-3.48,11.68,0.14285714285714285,15.07,True,9,2,-2.95,0.55,55.0,False,True,False
002131.SZSE,利欧股份,2026-02-12,2026-02,封D1负,-0.88,-1.32,-1.32,MID·中位浅调,-16.92,-19.44,3.12,0.25,30.0,True,18,4,-1.2,3.95,46.0,False,True,False
002134.SZSE,天津普林,2024-11-27,2024-11,封D1负,-1.0,-3.82,-3.82,DN·阴跌到点,-29.41,-29.41,0.0,1.0,45.48,True,13,2,-4.56,1.36,79.0,False,True,False
002137.SZSE,实益达,2024-12-19,2024-12,连板,10.07,10.07,45.1,DN·阴跌到点,-11.46,-12.36,1.02,0.9230769230769231,19.62,True,15,2,1.02,0.58,84.0,True,True,True
002137.SZSE,实益达,2025-01-14,2025-01,封D1正,2.19,2.19,2.19,DN·阴跌到点,-42.74,-42.74,0.0,1.0,57.22,False,12,6,-5.23,1.88,42.0,False,True,False
002137.SZSE,实益达,2026-06-15,2026-06,封D1负,0.3,-2.77,-2.77,DN·阴跌到点,-11.54,-11.54,0.0,1.0,17.28,True,8,2,-7.16,2.22,83.0,False,True,False
002141.SZSE,贤丰控股,2026-07-29,2026-07,封D1负,1.59,-10.0,-10.0,HIGH·新高贴顶,2.14,-12.66,16.94,0.375,23.27,True,10,2,0.0,3.32,57.0,False,True,False
002146.SZSE,荣盛发展,2024-10-30,2024-10,封D1正,-1.12,0.0,0.0,MID·中位浅调,-8.43,-12.92,5.16,0.3333333333333333,18.06,True,17,3,-3.55,3.55,93.0,False,True,False
002146.SZSE,荣盛发展,2024-11-18,2024-11,封D1负,-4.11,-1.37,-1.37,DN·阴跌到点,-16.74,-16.74,0.0,1.0,25.13,True,7,3,-2.45,3.43,53.0,False,True,False
002148.SZSE,北纬科技,2024-03-28,2024-03,封D1正,1.12,3.37,3.37,DN·阴跌到点,-20.36,-20.36,0.0,1.0,20.21,False,5,2,-3.58,1.39,39.0,False,True,False
002149.SZSE,西部材料,2026-05-18,2026-05,炸板,-2.59,-10.12,-10.12,HIGH·新高贴顶,-1.2,-1.23,0.03,0.8333333333333334,9.33,True,8,2,0.03,1.16,46.0,False,False,False
002150.SZSE,正泰电源,2025-10-29,2025-10,连板,8.38,9.98,4.19,DN·阴跌到点,-15.56,-15.56,0.0,1.0,15.36,False,15,2,-4.72,2.01,48.0,True,True,True
002150.SZSE,正泰电源,2025-11-05,2025-11,封D1正,0.66,3.25,3.25,HIGH·新高贴顶,-2.73,-5.27,2.68,0.0,3.72,False,4,2,-1.0,3.35,44.0,False,True,False
002150.SZSE,正泰电源,2025-11-13,2025-11,封D1正,-1.72,0.26,0.26,HIGH·新高贴顶,-0.89,-5.27,4.62,0.0,16.63,True,10,2,-6.93,1.02,48.0,False,True,False
002150.SZSE,正泰电源,2026-03-20,2026-03,连板,5.48,10.01,6.19,HIGH·新高贴顶,-2.88,-2.91,0.03,0.25,10.0,True,6,2,-4.2,1.75,25.0,True,True,True
002155.SZSE,湖南黄金,2026-02-06,2026-02,炸板,1.45,-1.58,-1.58,DN·阴跌到点,-11.59,-11.59,0.0,1.0,11.98,False,5,5,-8.94,2.78,37.0,False,False,False
002155.SZSE,湖南黄金,2026-02-27,2026-02,连板,6.1,10.0,7.9,MID·中位浅调,-7.38,-12.16,5.45,0.75,12.71,False,14,5,1.0,2.71,52.0,True,True,True
002158.SZSE,汉钟精机,2025-09-01,2025-09,炸板,-2.97,-7.98,-7.98,MID·中位浅调,-8.88,-12.35,3.96,0.16666666666666666,11.91,False,8,4,-4.28,0.68,55.0,False,False,False
002158.SZSE,汉钟精机,2025-09-03,2025-09,封D1负,5.0,-9.95,-9.95,MID·中位浅调,-7.77,-12.35,5.22,0.125,11.91,False,10,4,-5.1,2.04,40.0,False,True,False
002158.SZSE,汉钟精机,2025-09-16,2025-09,炸板,-4.14,-6.21,-6.21,HIGH·新高贴顶,-1.22,-12.35,12.7,0.058823529411764705,22.57,True,19,4,-1.29,0.46,56.0,False,False,False
002160.SZSE,常铝股份,2025-10-29,2025-10,连板,3.35,10.04,-0.88,FLAT·横盘平台,-5.49,-5.49,0.0,1.0,1.74,False,3,2,-1.71,3.05,48.0,True,True,True
002160.SZSE,常铝股份,2025-11-10,2025-11,炸板,-4.7,-7.58,-7.58,MID·中位浅调,-4.0,-9.92,6.57,0.0,11.37,True,7,2,-4.31,1.59,45.0,False,False,False
002160.SZSE,常铝股份,2025-11-12,2025-11,炸板,-0.89,-1.64,-1.64,HIGH·新高贴顶,-2.4,-9.92,8.35,0.0,12.61,True,9,2,-3.79,1.58,52.0,False,False,False
002163.SZSE,海南发展,2024-12-11,2024-12,封D1正,1.82,2.36,2.36,DN·阴跌到点,-10.71,-10.71,0.0,1.0,17.5,True,6,2,-0.4,0.2,82.0,False,True,False
002163.SZSE,海南发展,2026-01-19,2026-01,封D1负,-0.97,-6.29,-6.29,DN·阴跌到点,-12.66,-12.66,0.0,1.0,45.09,True,16,4,-4.63,0.51,48.0,False,True,False
002165.SZSE,红 宝 丽,2025-05-16,2025-05,封D1负,-1.77,-2.25,-2.25,DN·阴跌到点,-5.12,-6.54,1.53,0.7333333333333333,22.8,True,17,4,-7.9,2.2,40.0,False,True,False
002165.SZSE,红 宝 丽,2026-02-24,2026-02,封D1正,-1.04,2.08,2.08,HIGH·新高贴顶,18.67,3.34,14.83,0.0625,42.48,True,18,2,-3.48,1.19,29.0,False,True,False
002167.SZSE,东方锆业,2026-06-30,2026-06,连板,1.13,10.01,18.03,DN·阴跌到点,-6.52,-6.52,0.0,1.0,13.51,True,4,4,-6.96,1.35,89.0,True,True,True
002167.SZSE,东方锆业,2026-07-10,2026-07,炸板,-12.07,-18.18,-18.18,DN·阴跌到点,-19.07,-19.07,0.0,1.0,32.57,True,7,2,-2.24,3.28,63.0,False,False,False
002173.SZSE,创新医疗,2025-09-01,2025-09,封D1负,0.0,-3.33,-3.33,DN·阴跌到点,-8.11,-8.83,0.79,0.8,17.52,True,12,3,-0.26,0.04,55.0,False,True,False
002177.SZSE,御银股份,2025-06-30,2025-06,炸板,-5.19,-6.16,-6.16,HIGH·新高贴顶,-1.83,-14.86,15.31,0.6875,25.88,True,18,5,-1.18,2.89,42.0,False,False,False
002177.SZSE,御银股份,2026-01-09,2026-01,炸板,-4.98,3.01,3.01,FLAT·横盘平台,-7.01,-8.4,1.51,0.0,9.98,True,5,3,-1.69,1.57,77.0,False,False,False
002178.SZSE,延华智能,2024-07-11,2024-07,炸板,-2.58,-4.87,-4.87,DN·阴跌到点,-21.92,-21.92,0.0,1.0,31.55,True,15,2,-5.65,1.19,34.0,False,False,False
002178.SZSE,延华智能,2024-10-23,2024-10,封D1负,9.91,-3.36,-3.36,U·U型蹲,-11.48,-17.85,7.76,0.125,12.2,False,10,4,-2.8,0.8,85.0,False,True,False
002178.SZSE,延华智能,2024-12-05,2024-12,封D1负,9.36,-0.51,-0.51,MID·中位浅调,-26.76,-30.58,5.51,0.6666666666666666,46.28,True,20,4,-3.54,0.82,69.0,False,True,False
002178.SZSE,延华智能,2025-07-25,2025-07,封D1负,2.98,-0.39,-0.39,FLAT·横盘平台,-9.76,-10.27,0.57,0.3333333333333333,4.15,False,5,2,-2.77,1.38,61.0,False,True,False
002181.SZSE,粤 传 媒,2026-01-20,2026-01,封D1正,0.18,3.75,3.75,DN·阴跌到点,-8.3,-8.3,0.0,1.0,13.57,True,6,2,-4.15,1.41,79.0,False,True,False
002181.SZSE,粤 传 媒,2026-05-15,2026-05,封D1负,6.35,-10.01,-10.01,HIGH·新高贴顶,-1.32,-1.32,0.0,0.8,6.48,True,7,2,0.0,2.74,50.0,False,True,False
002181.SZSE,粤 传 媒,2026-05-26,2026-05,封D1正,0.14,3.52,3.52,DN·阴跌到点,-27.4,-27.4,0.0,1.0,49.51,True,14,2,-4.22,2.18,91.0,False,True,False
002187.SZSE,广百股份,2025-12-04,2025-12,炸板,-4.18,-6.51,-6.51,FLAT·横盘平台,-6.33,-6.33,0.0,1.0,4.32,False,5,2,-3.77,0.39,46.0,False,False,False
002187.SZSE,广百股份,2025-12-15,2025-12,连板,2.0,9.99,5.99,DN·阴跌到点,-13.54,-13.54,0.0,1.0,18.89,True,12,2,-5.4,0.14,67.0,True,True,True
002188.SZSE,中天服务,2024-05-29,2024-05,封D1负,-0.19,-3.02,-3.02,DN·阴跌到点,-16.35,-16.35,0.0,1.0,17.05,False,8,2,-6.6,0.97,18.0,False,True,False
002188.SZSE,中天服务,2024-06-07,2024-06,封D1正,3.41,2.95,2.95,DN·阴跌到点,-30.43,-30.43,0.0,1.0,40.75,False,15,2,-4.08,1.92,16.0,False,True,False
002189.SZSE,中光学,2024-03-28,2024-03,炸板,-3.85,1.32,1.32,DN·阴跌到点,-15.14,-15.14,0.0,1.0,17.3,False,8,2,-4.89,0.98,39.0,False,False,False
002190.SZSE,成飞集成,2025-06-13,2025-06,封D1正,-0.98,1.91,1.91,LB·L趴底,-15.45,-16.97,1.83,0.375,29.65,True,18,9,-1.79,0.09,49.0,False,True,False
002192.SZSE,融捷股份,2026-04-24,2026-04,封D1正,3.19,4.8,4.8,HIGH·新高贴顶,0.56,-9.45,11.06,0.11764705882352941,19.71,True,19,4,-3.81,0.11,45.0,False,True,False
002194.SZSE,武汉凡谷,2023-10-23,2023-10,封D1正,2.04,0.34,0.34,MID·中位浅调,-10.68,-14.27,4.19,0.3888888888888889,24.73,True,20,2,-5.81,1.23,35.0,False,True,False
002195.SZSE,岩山科技,2024-12-18,2024-12,封D1正,3.11,2.07,2.07,DN·阴跌到点,-18.7,-18.7,0.0,1.0,25.06,True,9,4,-6.99,0.0,25.0,False,True,False
002195.SZSE,岩山科技,2025-09-03,2025-09,炸板,-5.49,-10.77,-10.77,HIGH·新高贴顶,2.73,2.73,0.0,1.0,7.38,True,4,2,-6.87,0.9,40.0,False,False,False
002196.SZSE,方正电机,2024-04-09,2024-04,封D1负,-3.65,-2.86,-2.86,DN·阴跌到点,-12.92,-12.92,0.0,1.0,17.28,True,13,2,-2.22,1.19,51.0,False,True,False
002197.SZSE,证通电子,2026-07-31,2026-07,封D1正,4.32,2.38,2.38,DN·阴跌到点,-20.34,-20.34,0.0,1.0,12.93,False,6,3,-7.7,0.3,46.0,False,True,False
002199.SZSE,东晶电子,2023-07-11,2023-07,封D1负,0.73,-3.24,-3.24,LB·L趴底,-14.12,-15.99,2.23,0.125,7.17,False,10,3,-3.65,1.11,31.0,False,True,False
002199.SZSE,东晶电子,2023-07-13,2023-07,连板,4.51,10.01,3.04,U·U型蹲,-8.59,-15.99,8.81,0.1,12.46,False,12,3,-3.24,1.88,27.0,True,True,True
002199.SZSE,东晶电子,2024-08-26,2024-08,封D1负,-2.04,-6.86,-6.86,FLAT·横盘平台,-8.25,-8.25,0.0,1.0,0.96,False,3,2,-0.95,2.23,30.0,False,True,False
002201.SZSE,九鼎新材,2026-01-08,2026-01,封D1负,6.2,-1.27,-1.27,DN·阴跌到点,-13.98,-13.98,0.0,1.0,11.48,False,7,4,-4.12,0.72,63.0,False,True,False
002201.SZSE,九鼎新材,2026-01-14,2026-01,封D1负,3.83,-3.51,-3.51,U·U型蹲,-8.59,-13.98,6.26,0.5555555555555556,13.26,False,11,4,-6.18,0.66,52.0,False,True,False
002201.SZSE,九鼎新材,2026-02-11,2026-02,炸板,-6.12,-7.17,-7.17,MID·中位浅调,-7.25,-9.61,2.62,0.0,29.21,True,16,2,-4.22,0.0,48.0,False,False,False
002203.SZSE,海亮股份,2026-06-18,2026-06,封D1正,4.11,3.06,3.06,HIGH·新高贴顶,-1.02,-1.02,0.0,1.0,6.85,True,4,2,-5.31,3.67,67.0,False,True,False
002208.SZSE,合肥城建,2025-11-10,2025-11,封D1负,0.56,-6.44,-6.44,DN·阴跌到点,-13.01,-13.01,0.0,1.0,36.19,True,16,2,-3.42,0.09,45.0,False,True,False
002208.SZSE,合肥城建,2026-06-10,2026-06,封D1负,-1.43,-6.81,-6.81,DN·阴跌到点,-39.41,-39.41,0.0,1.0,70.04,True,16,2,-0.2,1.31,107.0,False,True,False
002208.SZSE,合肥城建,2026-07-09,2026-07,封D1正,9.52,1.62,1.62,DN·阴跌到点,-14.05,-14.05,0.0,1.0,16.23,False,7,2,-1.59,1.02,41.0,False,True,False
002208.SZSE,合肥城建,2026-07-24,2026-07,封D1负,-0.96,-3.97,-3.97,DN·阴跌到点,-38.87,-39.91,1.73,0.875,71.85,True,18,2,-4.56,0.62,104.0,False,True,False
002210.SZSE,飞马国际,2024-10-30,2024-10,封D1正,4.8,0.0,0.0,FLAT·横盘平台,-5.02,-5.02,0.0,1.0,9.62,True,3,2,-8.77,2.19,93.0,False,True,False
002210.SZSE,飞马国际,2025-09-25,2025-09,封D1负,-0.23,-9.98,-9.98,HIGH·新高贴顶,3.35,-15.98,23.01,0.3125,31.6,True,18,2,-6.53,1.4,64.0,False,True,False
002210.SZSE,飞马国际,2026-05-28,2026-05,封D1正,7.02,1.75,1.75,DN·阴跌到点,-21.75,-21.75,0.0,1.0,27.03,False,18,3,-3.36,0.37,45.0,False,True,False
002212.SZSE,天融信,2026-08-11,2026-08,封D1负,-2.93,-3.77,-3.77,HIGH·新高贴顶,-1.21,-4.7,3.66,0.0,17.01,True,9,2,-4.12,1.32,93.0,False,True,False
002213.SZSE,大为股份,2024-04-03,2024-04,封D1负,0.3,-5.02,-5.02,MID·中位浅调,-21.98,-24.98,4.0,0.3333333333333333,20.0,False,8,2,-1.81,1.89,47.0,False,True,False
002213.SZSE,大为股份,2024-04-23,2024-04,炸板,-4.36,-2.04,-2.04,DN·阴跌到点,-36.14,-37.9,2.84,0.7777777777777778,44.96,False,20,2,-2.59,2.49,40.0,False,False,False
002213.SZSE,大为股份,2024-12-26,2024-12,封D1正,1.0,1.99,1.99,DN·阴跌到点,-17.94,-17.94,0.0,1.0,22.62,True,15,2,-4.51,0.32,31.0,False,True,False
002213.SZSE,大为股份,2025-01-03,2025-01,封D1正,0.0,1.4,1.4,V·V末反,-10.32,-17.94,9.28,0.7222222222222222,22.62,True,20,2,-4.57,0.0,51.0,False,True,False
002213.SZSE,大为股份,2025-02-19,2025-02,封D1正,-1.09,4.29,4.29,FLAT·横盘平台,-7.93,-8.75,0.9,0.16666666666666666,8.02,False,8,3,-6.59,1.01,37.0,False,True,False
002213.SZSE,大为股份,2025-11-18,2025-11,连板,-4.23,10.01,8.92,HIGH·新高贴顶,-2.17,-5.9,3.97,0.5384615384615384,13.9,True,15,3,-2.45,1.45,69.0,True,True,True
002213.SZSE,大为股份,2026-04-16,2026-04,封D1负,1.88,-1.59,-1.59,HIGH·新高贴顶,7.2,4.18,2.89,0.0,12.43,True,5,2,-8.48,0.0,53.0,False,True,False
002214.SZSE,大立科技,2026-08-20,2026-08,炸板,-4.37,-0.54,-0.54,DN·阴跌到点,-17.32,-17.32,0.0,1.0,17.39,False,10,2,-4.66,0.78,32.0,False,False,False
002218.SZSE,拓日新能,2026-03-31,2026-03,封D1负,-0.72,-5.77,-5.77,DN·阴跌到点,-13.1,-13.1,0.0,1.0,15.87,True,5,2,-5.55,0.75,55.0,False,True,False
002229.SZSE,鸿博股份,2023-06-05,2023-06,封D1正,8.53,0.31,0.31,FLAT·横盘平台,-5.56,-5.56,0.0,1.0,4.51,False,3,5,-4.31,0.88,45.0,False,True,False
002229.SZSE,鸿博股份,2023-06-07,2023-06,封D1正,-0.68,0.94,0.94,HIGH·新高贴顶,4.2,-5.56,10.34,0.3333333333333333,10.34,True,5,5,0.31,0.0,35.0,False,True,False
002229.SZSE,鸿博股份,2023-07-31,2023-07,封D1负,2.01,-0.69,-0.69,DN·阴跌到点,-10.22,-10.22,0.0,1.0,10.2,False,4,2,-3.99,1.52,37.0,False,True,False
002229.SZSE,鸿博股份,2023-08-02,2023-08,封D1正,-1.1,3.27,3.27,HIGH·新高贴顶,-1.93,-10.22,9.24,0.5,10.2,False,6,2,-0.69,1.26,25.0,False,True,False
002229.SZSE,鸿博股份,2023-08-14,2023-08,连板,9.77,10.01,1.74,HIGH·新高贴顶,0.59,-10.22,12.05,0.16666666666666666,27.39,True,14,2,-1.59,0.26,15.0,True,True,True
002229.SZSE,鸿博股份,2023-09-15,2023-09,封D1负,1.8,-0.14,-0.14,DN·阴跌到点,-26.25,-26.25,0.0,1.0,26.65,False,18,2,-3.5,1.73,20.0,False,True,False
002229.SZSE,鸿博股份,2024-03-14,2024-03,封D1负,-4.05,-2.12,-2.12,HIGH·新高贴顶,32.59,-0.19,32.85,0.0,34.4,True,17,2,0.04,0.91,51.0,False,True,False
002229.SZSE,鸿博股份,2024-11-22,2024-11,炸板,-7.28,-8.7,-8.7,HIGH·新高贴顶,-3.6,-10.73,7.99,0.2222222222222222,21.33,True,20,2,0.07,2.45,88.0,False,False,False
002229.SZSE,鸿博股份,2025-05-22,2025-05,炸板,-5.28,-6.71,-6.71,DN·阴跌到点,-4.53,-4.53,0.0,1.0,20.12,True,13,4,-4.05,3.61,45.0,False,False,False
002232.SZSE,启明信息,2024-08-12,2024-08,炸板,-1.08,3.89,3.89,DN·阴跌到点,-21.72,-21.72,0.0,1.0,36.37,True,9,3,-3.91,1.56,23.0,False,False,False
002238.SZSE,天威视讯,2023-11-20,2023-11,封D1正,2.32,7.11,7.11,HIGH·新高贴顶,-2.26,-4.29,2.12,0.75,11.08,True,6,7,2.12,3.26,38.0,False,True,False
002247.SZSE,聚力文化,2024-11-11,2024-11,封D1负,1.98,-9.07,-9.07,FLAT·横盘平台,-6.96,-6.96,0.0,1.0,8.1,True,3,3,-7.49,3.17,95.0,False,True,False
002249.SZSE,大洋电机,2025-10-20,2025-10,封D1正,1.43,2.96,2.96,DN·阴跌到点,-13.26,-13.26,0.0,1.0,18.74,True,13,2,-5.76,0.74,34.0,False,True,False
002251.SZSE,步步高,2026-06-05,2026-06,封D1负,-0.82,-4.12,-4.12,HIGH·新高贴顶,-3.28,-3.28,0.0,1.0,13.12,True,7,2,-8.68,2.27,65.0,False,True,False
002253.SZSE,川大智胜,2024-05-17,2024-05,封D1正,0.0,0.83,0.83,DN·阴跌到点,-20.25,-22.28,2.61,0.6666666666666666,15.78,False,11,4,0.27,1.92,30.0,False,True,False
002254.SZSE,泰和新材,2026-06-17,2026-06,封D1正,0.0,0.65,0.65,DN·阴跌到点,-10.11,-10.11,0.0,1.0,12.02,True,6,3,-3.38,3.55,105.0,False,True,False
002254.SZSE,泰和新材,2026-06-24,2026-06,连板,4.42,9.98,5.51,DN·阴跌到点,-11.28,-11.28,0.0,1.0,13.5,True,10,3,-6.77,0.56,87.0,True,True,True
002256.SZSE,兆新股份,2024-10-22,2024-10,炸板,-3.8,-6.08,-6.08,HIGH·新高贴顶,0.42,0.42,0.0,1.0,13.81,True,7,2,-2.45,1.22,89.0,False,False,False
002261.SZSE,拓维信息,2023-07-06,2023-07,封D1负,4.83,-4.37,-4.37,HIGH·新高贴顶,2.01,-6.24,8.8,0.5,14.14,True,16,3,-4.67,3.08,19.0,False,True,False
002263.SZSE,大东南,2025-07-08,2025-07,封D1正,1.53,0.44,0.44,HIGH·新高贴顶,0.48,-5.08,5.87,0.25,12.76,True,6,5,-6.11,3.39,52.0,False,True,False
002263.SZSE,大东南,2026-04-10,2026-04,封D1正,-2.04,1.84,1.84,HIGH·新高贴顶,9.34,0.74,8.54,0.0,19.76,True,9,2,-5.52,1.27,50.0,False,True,False
002263.SZSE,大东南,2026-04-16,2026-04,封D1负,1.74,-3.68,-3.68,HIGH·新高贴顶,15.48,0.74,14.63,0.0,21.71,True,13,2,-4.86,3.04,53.0,False,True,False
002264.SZSE,新 华 都,2025-12-19,2025-12,封D1负,1.39,-0.97,-0.97,DN·阴跌到点,-21.5,-21.5,0.0,1.0,25.03,False,17,4,-2.42,1.73,52.0,False,True,False
002264.SZSE,新 华 都,2026-01-27,2026-01,炸板,-4.47,-5.38,-5.38,LB·L趴底,-17.62,-18.2,0.71,0.16666666666666666,10.01,False,8,2,-5.05,1.53,57.0,False,False,False
002264.SZSE,新 华 都,2026-02-02,2026-02,炸板,-1.82,-1.04,-1.04,MID·中位浅调,-13.48,-18.2,5.76,0.1,10.62,False,12,2,-4.39,1.28,41.0,False,False,False
002265.SZSE,建设工业,2025-08-04,2025-08,封D1正,6.38,4.0,4.0,HIGH·新高贴顶,-0.97,-0.97,0.0,1.0,17.7,True,10,3,-6.51,0.64,30.0,False,True,False
002269.SZSE,美邦服饰,2024-12-10,2024-12,封D1正,0.0,4.35,4.35,MID·中位浅调,-5.74,-9.84,4.55,0.0,11.36,True,5,3,-6.12,3.27,83.0,False,True,False
002271.SZSE,东方雨虹,2024-10-14,2024-10,炸板,-2.91,-2.48,-2.48,DN·阴跌到点,-7.11,-7.11,0.0,1.0,18.35,True,5,2,-3.76,1.5,28.0,False,False,False
002273.SZSE,水晶光电,2026-07-21,2026-07,封D1负,0.0,-2.21,-2.21,DN·阴跌到点,-35.82,-35.82,0.0,1.0,55.77,False,14,2,-6.0,1.01,49.0,False,True,False
002276.SZSE,万马股份,2025-03-18,2025-03,连板,1.23,10.01,1.45,HIGH·新高贴顶,13.07,-4.73,18.69,0.0,28.69,True,12,3,-1.39,2.49,54.0,True,True,True
002276.SZSE,万马股份,2025-04-09,2025-04,连板,6.15,9.98,6.98,DN·阴跌到点,-38.41,-38.41,0.0,1.0,49.75,False,14,2,-2.65,1.61,99.0,True,True,True
002276.SZSE,万马股份,2025-05-12,2025-05,炸板,-3.35,-4.99,-4.99,HIGH·新高贴顶,1.84,-7.71,10.35,0.23529411764705882,16.63,True,19,2,-4.05,0.06,27.0,False,False,False
002277.SZSE,友阿股份,2023-11-06,2023-11,封D1负,-0.74,-2.21,-2.21,FLAT·横盘平台,-8.62,-8.62,0.0,1.0,5.39,False,3,2,-5.12,0.51,35.0,False,True,False
002278.SZSE,神开股份,2024-08-05,2024-08,封D1正,7.01,2.68,2.68,FLAT·横盘平台,-7.93,-7.93,0.0,1.0,9.52,True,5,2,-4.13,1.3,39.0,False,True,False
002279.SZSE,久其软件,2024-07-18,2024-07,封D1正,2.89,1.86,1.86,DN·阴跌到点,-16.0,-16.0,0.0,1.0,17.91,False,11,2,-0.68,1.8,19.0,False,True,False
002279.SZSE,久其软件,2025-11-28,2025-11,炸板,-3.54,-7.39,-7.39,DN·阴跌到点,-8.65,-8.65,0.0,1.0,12.92,True,4,2,-5.47,1.89,41.0,False,False,False
002279.SZSE,久其软件,2026-01-27,2026-01,炸板,-4.5,-7.02,-7.02,HIGH·新高贴顶,-3.63,-3.63,0.0,1.0,1.88,False,3,2,-1.85,0.97,57.0,False,False,False
002281.SZSE,光迅科技,2024-03-08,2024-03,连板,-2.46,10.01,4.36,HIGH·新高贴顶,-2.48,-2.48,0.0,1.0,7.0,True,4,3,-6.54,1.35,44.0,True,True,True
002281.SZSE,光迅科技,2024-03-28,2024-03,炸板,-3.69,-2.56,-2.56,DN·阴跌到点,-16.15,-17.2,1.27,0.9090909090909091,14.57,False,13,2,1.27,2.48,39.0,False,False,False
002283.SZSE,天润工业,2024-12-10,2024-12,封D1正,0.63,2.98,2.98,FLAT·横盘平台,-7.64,-7.64,0.0,1.0,3.1,False,3,2,-3.01,0.84,83.0,False,True,False
002285.SZSE,世联行,2024-08-21,2024-08,炸板,-3.63,-5.7,-5.7,DN·阴跌到点,-19.35,-19.35,0.0,1.0,21.71,False,8,2,-2.78,1.11,17.0,False,False,False
002285.SZSE,世联行,2024-09-05,2024-09,封D1负,-3.08,-3.08,-3.08,MID·中位浅调,-18.43,-22.58,5.36,0.7058823529411765,26.79,False,19,2,-2.21,3.87,31.0,False,True,False
002285.SZSE,世联行,2025-11-28,2025-11,封D1正,3.63,0.33,0.33,DN·阴跌到点,-12.97,-12.97,0.0,1.0,3.64,False,4,2,-3.51,1.75,41.0,False,True,False
002285.SZSE,世联行,2025-12-10,2025-12,封D1正,5.36,0.63,0.63,MID·中位浅调,-8.86,-12.97,4.73,0.2,21.45,True,12,2,-5.57,0.33,46.0,False,True,False
002290.SZSE,禾盛新材,2025-05-12,2025-05,封D1正,1.79,3.93,3.93,FLAT·横盘平台,-7.43,-7.43,0.0,1.0,0.97,False,3,2,-0.96,0.79,27.0,False,True,False
002291.SZSE,遥望科技,2023-05-15,2023-05,炸板,-10.82,-16.66,-16.66,U·U型蹲,-8.27,-13.66,6.24,0.6,13.49,False,7,2,-3.42,0.0,23.0,False,False,False
002292.SZSE,奥飞娱乐,2023-06-01,2023-06,连板,5.16,10.01,17.6,V·V末反,-23.22,-28.11,6.81,0.6470588235294118,38.24,False,19,2,-3.25,0.22,32.0,True,True,True
002292.SZSE,奥飞娱乐,2024-12-10,2024-12,封D1正,1.44,3.74,3.74,HIGH·新高贴顶,2.6,-2.49,5.22,0.625,13.11,True,10,2,-2.37,3.61,83.0,False,True,False
002295.SZSE,精艺股份,2024-04-09,2024-04,封D1负,-0.39,-2.45,-2.45,FLAT·横盘平台,-10.52,-10.52,0.0,1.0,6.37,False,3,2,-5.99,3.6,51.0,False,True,False
002295.SZSE,精艺股份,2024-04-11,2024-04,炸板,-5.4,6.0,2.4,HIGH·新高贴顶,-3.93,-10.52,7.37,0.3333333333333333,10.06,False,5,2,-2.45,2.96,23.0,False,False,True
002295.SZSE,精艺股份,2024-04-17,2024-04,炸板,-13.59,-15.32,-15.32,HIGH·新高贴顶,0.0,-10.52,11.76,0.14285714285714285,25.21,True,9,2,-7.61,0.82,16.0,False,False,False
002295.SZSE,精艺股份,2025-12-12,2025-12,炸板,-10.3,-8.13,-8.13,FLAT·横盘平台,-10.64,-10.64,0.0,1.0,7.06,False,4,2,-6.6,0.23,27.0,False,False,False
002297.SZSE,博云新材,2025-07-28,2025-07,封D1负,-5.42,-6.15,-6.15,FLAT·横盘平台,-5.98,-6.65,0.71,0.0,0.71,False,3,3,0.71,2.03,40.0,False,True,False
002297.SZSE,博云新材,2026-04-28,2026-04,封D1正,-5.89,2.79,2.79,HIGH·新高贴顶,5.5,-2.42,8.11,0.0,17.43,True,6,6,-7.94,0.0,54.0,False,True,False
002297.SZSE,博云新材,2026-05-13,2026-05,炸板,-1.36,-6.04,-6.04,HIGH·新高贴顶,23.84,-2.42,26.91,0.0,35.39,True,14,6,-4.17,1.31,50.0,False,False,False
002297.SZSE,博云新材,2026-05-21,2026-05,炸板,-4.75,2.55,2.55,HIGH·新高贴顶,21.07,-2.42,24.07,0.0,37.7,True,20,6,-1.83,0.25,51.0,False,False,False
002298.SZSE,中电鑫龙,2024-12-09,2024-12,封D1负,5.02,-0.61,-0.61,U·U型蹲,-5.69,-18.48,15.7,0.2222222222222222,22.67,False,20,2,-3.71,1.94,94.0,False,True,False
002298.SZSE,中电鑫龙,2025-05-26,2025-05,炸板,-2.25,-2.73,-2.73,HIGH·新高贴顶,5.01,2.04,2.91,0.0,9.64,True,17,2,-4.07,1.36,34.0,False,False,False
002298.SZSE,中电鑫龙,2025-08-26,2025-08,封D1正,4.44,0.92,0.92,HIGH·新高贴顶,15.18,3.08,11.74,0.0,28.12,True,9,2,-0.28,3.31,64.0,False,True,False
002298.SZSE,中电鑫龙,2025-09-30,2025-09,封D1正,0.3,1.67,1.67,DN·阴跌到点,-13.05,-13.05,0.0,1.0,7.26,False,3,2,-6.77,1.87,46.0,False,True,False
002300.SZSE,太阳电缆,2025-12-12,2025-12,连板,10.01,10.01,8.98,FLAT·横盘平台,-6.18,-6.18,0.0,1.0,6.79,True,5,4,-5.72,3.2,27.0,True,True,True
002300.SZSE,太阳电缆,2026-01-14,2026-01,炸板,-5.34,-7.67,-7.67,DN·阴跌到点,-27.67,-29.37,2.41,0.6470588235294118,27.46,False,19,3,-6.68,0.0,52.0,False,False,False
002300.SZSE,太阳电缆,2026-08-10,2026-08,封D1负,-1.39,-3.67,-3.67,HIGH·新高贴顶,1.13,-1.83,3.01,0.3333333333333333,7.03,True,11,2,-1.1,0.14,59.0,False,True,False
002301.SZSE,齐心集团,2025-11-24,2025-11,封D1负,-0.9,-0.77,-0.77,DN·阴跌到点,-13.34,-13.34,0.0,1.0,4.66,False,3,2,-4.45,3.91,23.0,False,True,False
002301.SZSE,齐心集团,2025-12-02,2025-12,炸板,-3.27,-3.87,-3.87,U·U型蹲,-8.08,-13.34,6.07,0.14285714285714285,11.02,False,9,2,-1.7,0.79,54.0,False,False,False
002302.SZSE,西部建设,2025-08-08,2025-08,连板,6.1,10.07,11.06,DN·阴跌到点,-12.07,-12.48,0.47,0.6363636363636364,17.4,True,13,2,0.31,0.31,47.0,True,True,True
002307.SZSE,北新路桥,2025-12-15,2025-12,封D1负,-1.04,-6.43,-6.43,DN·阴跌到点,-8.73,-8.73,0.0,1.0,12.81,True,15,2,-1.32,0.19,67.0,False,True,False
002309.SZSE,中利集团,2025-12-11,2025-12,连板,9.89,9.89,4.12,U·U型蹲,-21.56,-27.49,8.17,0.2777777777777778,30.39,False,20,3,-2.07,0.3,50.0,True,True,True
002309.SZSE,中利集团,2026-03-30,2026-03,封D1正,0.84,3.78,3.78,DN·阴跌到点,-14.6,-14.6,0.0,1.0,9.47,False,3,4,-8.65,2.11,72.0,False,True,False
002309.SZSE,中利集团,2026-04-02,2026-04,封D1正,-2.61,1.0,1.0,MID·中位浅调,-10.65,-14.6,4.62,0.25,14.09,False,6,4,-8.3,2.83,49.0,False,True,False
002309.SZSE,中利集团,2026-04-20,2026-04,封D1负,2.97,-1.6,-1.6,DN·阴跌到点,-21.5,-21.5,0.0,1.0,31.41,True,17,4,-2.69,2.93,57.0,False,True,False
002310.SZSE,东方新能,2026-03-27,2026-03,封D1负,6.51,-1.04,-1.04,FLAT·横盘平台,-8.88,-8.88,0.0,1.0,8.88,False,4,3,-8.16,1.58,36.0,False,True,False
002310.SZSE,东方新能,2026-04-07,2026-04,封D1正,1.29,2.25,2.25,DN·阴跌到点,-26.11,-26.11,0.0,1.0,35.69,True,10,3,-6.6,0.99,26.0,False,True,False
002312.SZSE,川发龙蟒,2024-02-21,2024-02,封D1负,0.85,-1.13,-1.13,FLAT·横盘平台,-4.31,-4.31,0.0,1.0,1.09,False,3,3,-1.08,0.46,80.0,False,True,False
002312.SZSE,川发龙蟒,2024-11-19,2024-11,炸板,-4.2,7.39,12.09,DN·阴跌到点,-23.09,-23.09,0.0,1.0,57.44,True,13,4,-3.65,1.13,74.0,False,False,True
002313.SZSE,日海智能,2023-12-27,2023-12,封D1正,2.42,3.54,3.54,DN·阴跌到点,-25.84,-25.84,0.0,1.0,36.37,True,10,2,-3.84,0.39,35.0,False,True,False
002313.SZSE,日海智能,2024-03-04,2024-03,封D1正,2.29,4.03,4.03,FLAT·横盘平台,-11.36,-11.36,0.0,1.0,3.71,False,4,4,-3.58,2.08,56.0,False,True,False
002313.SZSE,日海智能,2024-03-08,2024-03,连板,3.12,9.97,19.21,MID·中位浅调,-7.11,-11.36,4.79,0.3333333333333333,14.49,True,8,4,-6.62,1.07,44.0,True,True,True
002313.SZSE,日海智能,2025-02-05,2025-02,封D1正,1.2,5.22,5.22,DN·阴跌到点,-11.83,-11.83,0.0,1.0,19.64,True,13,2,-5.44,0.91,35.0,False,True,False
002315.SZSE,焦点科技,2023-05-23,2023-05,炸板,-4.96,-2.36,-2.36,MID·中位浅调,-6.83,-8.41,1.72,0.5,21.96,True,12,3,-4.8,0.62,31.0,False,False,False
002316.SZSE,亚联发展,2023-04-28,2023-04,封D1正,0.67,3.14,3.14,DN·阴跌到点,-25.14,-25.14,0.0,1.0,35.31,True,8,2,-4.48,0.0,28.0,False,True,False
002316.SZSE,亚联发展,2023-08-21,2023-08,封D1正,0.0,3.77,3.77,DN·阴跌到点,-24.61,-24.61,0.0,1.0,20.75,False,19,2,-4.33,1.62,16.0,False,True,False
002317.SZSE,众生药业,2025-06-20,2025-06,炸板,-2.77,-3.94,-3.94,DN·阴跌到点,-12.35,-12.35,0.0,1.0,21.21,True,8,2,-1.99,1.66,26.0,False,False,False
002319.SZSE,乐通股份,2024-03-04,2024-03,封D1负,5.49,-0.42,-0.42,U·U型蹲,-16.02,-26.09,13.64,0.2857142857142857,39.75,True,16,2,-1.56,1.28,56.0,False,True,False
002320.SZSE,海峡股份,2025-11-05,2025-11,封D1负,5.45,-7.66,-7.66,HIGH·新高贴顶,0.0,-7.64,8.28,0.45454545454545453,13.69,True,13,2,-2.51,1.25,44.0,False,True,False
002329.SZSE,皇氏集团,2024-12-20,2024-12,封D1负,-0.89,-8.24,-8.24,DN·阴跌到点,-5.34,-5.34,0.0,1.0,21.57,True,16,2,-2.16,1.44,50.0,False,True,False
002333.SZSE,罗普斯金,2024-01-30,2024-01,封D1负,3.95,-4.26,-4.26,DN·阴跌到点,-24.4,-24.4,0.0,1.0,20.23,False,8,2,-5.23,1.27,25.0,False,True,False
002339.SZSE,积成电子,2026-01-23,2026-01,封D1正,0.96,2.79,2.79,FLAT·横盘平台,-8.42,-8.42,0.0,1.0,6.13,False,4,2,-3.42,1.48,63.0,False,True,False
002339.SZSE,积成电子,2026-02-02,2026-02,封D1正,-2.34,1.33,1.33,MID·中位浅调,-4.39,-8.42,4.41,0.25,17.91,True,10,2,-5.87,0.86,41.0,False,True,False
002339.SZSE,积成电子,2026-02-06,2026-02,封D1正,-0.71,1.49,1.49,HIGH·新高贴顶,1.75,-8.42,11.11,0.16666666666666666,18.01,True,14,2,-5.84,2.27,37.0,False,True,False
002339.SZSE,积成电子,2026-03-18,2026-03,封D1负,-0.48,-4.16,-4.16,DN·阴跌到点,-10.4,-10.4,0.0,1.0,16.18,True,9,2,-3.81,0.85,33.0,False,True,False
002339.SZSE,积成电子,2026-03-24,2026-03,炸板,-5.77,-4.7,-4.7,DN·阴跌到点,-13.08,-13.08,0.0,1.0,19.76,True,13,2,-5.0,3.88,24.0,False,False,False
002342.SZSE,巨力索具,2025-04-18,2025-04,封D1正,0.43,4.96,4.96,LB·L趴底,-29.08,-30.08,1.44,0.5555555555555556,59.86,True,20,6,0.24,2.85,78.0,False,True,False
002342.SZSE,巨力索具,2026-01-21,2026-01,连板,5.27,10.01,22.52,DN·阴跌到点,-23.48,-23.48,0.0,1.0,37.66,True,6,4,-5.75,1.48,50.0,True,True,True
002343.SZSE,慈文传媒,2023-05-11,2023-05,封D1负,1.95,-1.95,-1.95,DN·阴跌到点,-21.76,-21.76,0.0,1.0,35.08,True,12,2,-1.53,2.94,26.0,False,True,False
002346.SZSE,柘中股份,2025-01-14,2025-01,封D1负,1.7,-1.54,-1.54,HIGH·新高贴顶,-1.51,-2.85,1.38,0.3333333333333333,9.99,True,5,2,-7.83,1.41,42.0,False,True,False
002346.SZSE,柘中股份,2026-07-31,2026-07,封D1正,2.16,1.87,1.87,DN·阴跌到点,-28.61,-28.61,0.0,1.0,31.6,False,15,2,-5.64,1.15,46.0,False,True,False
002348.SZSE,高乐股份,2024-12-05,2024-12,封D1正,1.14,0.91,0.91,DN·阴跌到点,-10.31,-10.31,0.0,1.0,20.25,True,7,2,-5.88,0.0,69.0,False,True,False
002348.SZSE,高乐股份,2024-12-13,2024-12,炸板,-3.36,-10.67,-10.67,HIGH·新高贴顶,3.14,-10.31,15.0,0.45454545454545453,20.25,True,13,2,-0.86,1.29,119.0,False,False,False
002348.SZSE,高乐股份,2025-12-11,2025-12,炸板,-5.19,-4.47,-4.47,HIGH·新高贴顶,-1.41,-3.12,1.77,0.0,9.19,True,5,4,-0.79,2.36,50.0,False,False,False
002348.SZSE,高乐股份,2026-04-29,2026-04,封D1正,3.87,5.1,5.1,HIGH·新高贴顶,8.69,0.9,7.72,0.07692307692307693,11.97,True,15,2,-2.92,0.71,53.0,False,True,False
002351.SZSE,漫步者,2023-06-01,2023-06,炸板,-4.11,-4.62,-4.62,MID·中位浅调,-19.65,-22.1,3.15,0.8888888888888888,32.21,True,20,2,-0.62,1.68,32.0,False,False,False
002354.SZSE,天娱数科,2024-12-05,2024-12,连板,9.96,9.96,37.37,U·U型蹲,-4.66,-13.06,9.66,0.5,26.39,True,10,2,-4.13,3.94,69.0,True,True,True
002354.SZSE,天娱数科,2026-06-18,2026-06,连板,4.79,9.96,4.92,DN·阴跌到点,-20.74,-20.74,0.0,1.0,13.51,False,6,4,-3.17,0.83,67.0,True,True,True
002355.SZSE,兴民智通,2025-05-29,2025-05,封D1负,1.97,-1.58,-1.58,HIGH·新高贴顶,0.44,-2.76,3.28,0.4,7.16,True,17,2,-0.14,2.02,49.0,False,True,False
002355.SZSE,兴民智通,2026-02-13,2026-02,封D1正,5.49,1.07,1.07,FLAT·横盘平台,-9.22,-9.22,0.0,1.0,7.07,False,6,2,-1.59,1.45,55.0,False,True,False
002356.SZSE,鹏飞绿能,2023-08-02,2023-08,封D1正,8.77,3.68,3.68,FLAT·横盘平台,-10.84,-11.36,0.58,0.8333333333333334,5.44,False,20,4,-2.63,0.19,25.0,False,True,False
002356.SZSE,鹏飞绿能,2024-11-25,2024-11,炸板,-6.95,-0.25,-0.25,FLAT·横盘平台,-8.04,-8.04,0.0,1.0,9.29,True,5,2,-8.5,0.5,60.0,False,False,False
002356.SZSE,鹏飞绿能,2026-03-13,2026-03,炸板,-3.4,-2.76,-2.76,FLAT·横盘平台,-7.76,-7.76,0.0,1.0,4.91,False,9,2,-3.17,2.94,46.0,False,False,False
002358.SZSE,森源电气,2026-02-12,2026-02,炸板,-2.47,-5.77,-5.77,HIGH·新高贴顶,-1.15,-13.06,13.7,0.4,16.35,True,17,3,0.26,2.6,46.0,False,False,False
002358.SZSE,森源电气,2026-02-24,2026-02,封D1正,3.75,2.05,2.05,HIGH·新高贴顶,2.43,-13.06,17.82,0.35294117647058826,21.94,True,19,3,-3.38,0.97,29.0,False,True,False
002361.SZSE,神剑股份,2025-01-16,2025-01,封D1正,-0.19,0.0,0.0,DN·阴跌到点,-10.46,-10.46,0.0,1.0,26.43,True,11,3,-6.15,1.15,54.0,False,True,False
002361.SZSE,神剑股份,2026-04-08,2026-04,封D1负,0.0,-2.21,-2.21,DN·阴跌到点,-7.58,-7.58,0.0,1.0,13.38,True,5,4,-3.11,3.94,81.0,False,True,False
002364.SZSE,中恒电气,2025-01-02,2025-01,封D1负,1.1,-2.78,-2.78,HIGH·新高贴顶,10.33,4.29,5.78,0.0,12.75,True,6,2,-6.17,3.91,39.0,False,True,False
002364.SZSE,中恒电气,2025-01-06,2025-01,连板,2.44,10.01,8.9,HIGH·新高贴顶,18.0,4.29,13.14,0.0,16.37,True,8,2,-2.78,1.94,41.0,True,True,True
002364.SZSE,中恒电气,2025-09-05,2025-09,封D1正,1.03,6.11,6.11,MID·中位浅调,-8.29,-13.1,5.53,0.09090909090909091,28.62,True,13,3,-6.64,0.61,33.0,False,True,False
002364.SZSE,中恒电气,2026-05-13,2026-05,封D1正,5.04,0.7,0.7,HIGH·新高贴顶,3.55,-6.45,10.69,0.625,16.48,True,18,4,-1.63,0.65,50.0,False,True,False
002365.SZSE,永安药业,2025-06-12,2025-06,连板,2.05,10.02,17.86,HIGH·新高贴顶,2.46,-6.34,9.39,0.6363636363636364,29.16,True,13,3,-8.87,2.53,44.0,True,True,True
002365.SZSE,永安药业,2026-07-27,2026-07,封D1正,2.89,2.03,2.03,FLAT·横盘平台,-11.76,-11.76,0.0,1.0,8.34,False,7,2,-6.21,2.98,36.0,False,True,False
002365.SZSE,永安药业,2026-08-07,2026-08,炸板,-2.82,-3.66,-3.66,HIGH·新高贴顶,-2.05,-11.76,11.01,0.35714285714285715,12.21,False,16,2,1.25,1.33,69.0,False,False,False
002366.SZSE,融发核电,2025-06-12,2025-06,封D1正,0.27,1.48,1.48,LB·L趴底,-17.84,-18.81,1.2,0.14285714285714285,10.91,False,9,5,-4.51,0.85,44.0,False,True,False
002366.SZSE,融发核电,2025-06-23,2025-06,封D1负,-2.79,-2.43,-2.43,U·U型蹲,-9.1,-18.81,11.96,0.07142857142857142,26.46,True,16,5,-8.55,2.32,36.0,False,True,False
002369.SZSE,卓翼科技,2025-01-03,2025-01,封D1负,-0.88,-6.42,-6.42,DN·阴跌到点,-32.28,-32.28,0.0,1.0,53.93,True,11,2,-2.04,1.73,51.0,False,True,False
002370.SZSE,亚太药业,2025-10-22,2025-10,封D1负,0.26,-5.58,-5.58,DN·阴跌到点,-7.28,-7.28,0.0,1.0,10.71,True,4,3,-4.76,1.22,63.0,False,True,False
002374.SZSE,中锐股份,2025-11-21,2025-11,炸板,-12.34,-11.02,-11.02,DN·阴跌到点,-17.81,-17.81,0.0,1.0,21.39,False,7,3,-1.98,0.85,35.0,False,False,False
002378.SZSE,章源钨业,2026-03-06,2026-03,炸板,-3.26,-2.33,-2.33,HIGH·新高贴顶,2.96,2.54,0.41,0.3333333333333333,8.05,True,5,3,-7.07,0.27,55.0,False,False,False
002380.SZSE,科远智慧,2024-03-06,2024-03,封D1负,6.09,-3.07,-3.07,HIGH·新高贴顶,21.03,2.73,17.81,0.0,22.03,True,12,2,-3.46,1.54,38.0,False,True,False
002388.SZSE,新亚制程,2024-10-30,2024-10,连板,9.93,9.93,-1.08,HIGH·新高贴顶,-2.7,-12.74,11.5,0.14285714285714285,17.04,True,16,2,-3.63,1.15,93.0,True,True,True
002396.SZSE,星网锐捷,2026-07-13,2026-07,炸板,2.58,-5.29,-5.29,HIGH·新高贴顶,6.72,2.76,3.86,0.0,10.02,True,5,2,-5.15,3.8,79.0,False,False,False
002397.SZSE,梦洁股份,2025-01-20,2025-01,封D1正,-0.3,0.3,0.3,DN·阴跌到点,-15.21,-15.21,0.0,1.0,37.54,True,11,3,-3.53,0.0,47.0,False,True,False
002398.SZSE,垒知集团,2025-02-18,2025-02,封D1正,0.96,1.76,1.76,HIGH·新高贴顶,1.97,-7.9,10.72,0.125,11.11,True,10,3,0.18,3.35,74.0,False,True,False
002400.SZSE,省广集团,2024-11-13,2024-11,封D1负,0.13,-2.18,-2.18,FLAT·横盘平台,-8.99,-8.99,0.0,1.0,5.5,False,4,2,-5.21,2.94,65.0,False,True,False
002400.SZSE,省广集团,2024-11-29,2024-11,连板,2.8,10.05,2.22,HIGH·新高贴顶,-0.13,-10.65,11.78,0.5,22.7,True,16,2,-7.93,3.79,75.0,True,True,True
002400.SZSE,省广集团,2026-01-28,2026-01,炸板,-9.47,0.89,0.89,MID·中位浅调,-18.68,-23.24,5.94,0.25,20.75,False,10,4,-0.18,2.4,46.0,False,False,False
002403.SZSE,爱仕达,2024-11-15,2024-11,封D1正,2.87,3.66,3.66,DN·阴跌到点,-12.49,-12.49,0.0,1.0,17.65,True,7,3,-1.61,1.18,27.0,False,True,False
002403.SZSE,爱仕达,2024-12-24,2024-12,炸板,-5.61,-10.98,-10.98,DN·阴跌到点,-23.97,-23.97,0.0,1.0,47.33,True,9,4,-8.84,2.7,26.0,False,False,False
002404.SZSE,嘉欣丝绸,2026-06-17,2026-06,封D1负,-1.75,-9.94,-9.94,LB·L趴底,-15.95,-15.95,0.0,0.5555555555555556,21.38,True,11,2,-1.89,0.0,105.0,False,True,False
002406.SZSE,远东传动,2023-10-18,2023-10,炸板,-7.86,-9.15,-9.15,LB·L趴底,-16.77,-18.06,1.59,0.42857142857142855,9.8,False,9,3,-6.5,0.4,22.0,False,False,False
002407.SZSE,多氟多,2025-09-15,2025-09,炸板,-5.64,-6.59,-6.59,HIGH·新高贴顶,2.33,1.56,0.77,0.3333333333333333,4.12,True,5,2,-3.23,1.3,57.0,False,False,False
002407.SZSE,多氟多,2025-10-13,2025-10,封D1负,1.2,-3.22,-3.22,HIGH·新高贴顶,13.29,-4.13,18.16,0.5882352941176471,27.97,True,19,2,-7.07,1.18,53.0,False,True,False
002410.SZSE,广联达,2024-10-14,2024-10,封D1正,2.76,3.05,3.05,DN·阴跌到点,-13.72,-13.72,0.0,1.0,16.91,True,4,4,-5.94,2.27,28.0,False,True,False
002413.SZSE,雷科防务,2025-12-09,2025-12,封D1负,-5.42,-7.16,-7.16,FLAT·横盘平台,-4.1,-10.46,7.11,0.3333333333333333,7.11,False,5,3,1.14,3.41,63.0,False,True,False
002413.SZSE,雷科防务,2025-12-15,2025-12,封D1负,6.21,-3.01,-3.01,HIGH·新高贴顶,-2.16,-10.46,9.28,0.14285714285714285,17.83,True,9,3,-2.99,3.64,67.0,False,True,False
002418.SZSE,康盛股份,2026-05-06,2026-05,封D1正,0.0,2.74,2.74,DN·阴跌到点,-17.18,-17.18,0.0,1.0,19.5,False,9,2,-3.75,0.34,69.0,False,True,False
002423.SZSE,中粮资本,2023-05-12,2023-05,封D1正,3.1,1.18,1.18,DN·阴跌到点,-5.76,-5.76,0.0,1.0,10.69,True,5,2,-4.38,1.69,35.0,False,True,False
002425.SZSE,凯撒文化,2024-05-21,2024-05,封D1正,2.05,2.64,2.64,FLAT·横盘平台,-8.01,-8.01,0.0,1.0,5.16,False,4,2,-3.12,0.94,36.0,False,True,False
002425.SZSE,凯撒文化,2026-08-11,2026-08,炸板,-9.07,-4.67,-4.67,DN·阴跌到点,-13.35,-13.35,0.0,1.0,5.14,False,3,3,-4.89,3.16,93.0,False,False,False
002426.SZSE,胜利精密,2024-11-22,2024-11,炸板,-4.98,5.69,-0.36,MID·中位浅调,-9.25,-11.39,2.41,0.5555555555555556,17.27,True,11,2,-1.54,0.0,88.0,False,False,True
002426.SZSE,胜利精密,2025-01-03,2025-01,封D1正,1.71,7.88,7.88,DN·阴跌到点,-34.41,-34.41,0.0,1.0,62.64,True,16,2,-1.12,2.99,51.0,False,True,False
002427.SZSE,尤夫股份,2025-05-23,2025-05,封D1正,1.07,5.49,5.49,DN·阴跌到点,-11.29,-11.29,0.0,1.0,23.75,True,6,3,-7.07,0.98,32.0,False,True,False
002427.SZSE,尤夫股份,2025-06-26,2025-06,封D1负,2.12,-4.12,-4.12,DN·阴跌到点,-23.76,-25.07,1.75,0.8333333333333334,32.21,False,20,2,-0.24,1.1,50.0,False,True,False
002428.SZSE,云南锗业,2026-03-20,2026-03,封D1负,-1.06,-6.58,-6.58,DN·阴跌到点,-10.99,-10.99,0.0,1.0,22.15,True,16,2,-3.04,1.82,25.0,False,True,False
002428.SZSE,云南锗业,2026-03-24,2026-03,封D1正,7.48,8.44,8.44,DN·阴跌到点,-8.54,-10.99,2.76,0.875,22.15,True,18,2,-6.58,3.45,24.0,False,True,False
002432.SZSE,九安医疗,2026-03-27,2026-03,连板,-1.01,9.99,7.2,FLAT·横盘平台,-5.38,-8.23,3.11,0.25,5.25,False,6,2,-2.04,0.24,36.0,True,True,True
002432.SZSE,九安医疗,2026-06-15,2026-06,封D1正,5.11,5.84,5.84,DN·阴跌到点,-30.69,-30.69,0.0,1.0,50.38,True,15,2,-1.36,0.83,83.0,False,True,False
002432.SZSE,九安医疗,2026-07-31,2026-07,封D1负,-2.56,-5.57,-5.57,DN·阴跌到点,-7.09,-7.09,0.0,1.0,31.17,True,12,2,-6.84,0.73,46.0,False,True,False
002440.SZSE,闰土股份,2026-02-06,2026-02,连板,4.01,9.99,16.43,HIGH·新高贴顶,1.52,1.52,0.0,1.0,4.83,True,6,2,-3.69,1.12,37.0,True,True,True
002442.SZSE,龙星科技,2026-06-18,2026-06,封D1正,0.0,2.92,2.92,DN·阴跌到点,-38.59,-38.59,0.0,1.0,57.63,False,19,3,-3.49,0.0,67.0,False,True,False
002446.SZSE,盛路通信,2026-01-27,2026-01,封D1负,-0.64,-1.28,-1.28,MID·中位浅调,-22.77,-26.24,4.71,0.3333333333333333,22.0,False,8,2,-5.66,1.17,57.0,False,True,False
002449.SZSE,国星光电,2025-01-20,2025-01,炸板,-0.08,-2.54,-2.54,MID·中位浅调,-4.72,-5.24,0.54,0.0,29.71,True,19,3,-7.5,0.75,47.0,False,False,False
002453.SZSE,华软科技,2026-05-22,2026-05,封D1正,2.08,1.44,1.44,DN·阴跌到点,-7.78,-7.78,0.0,1.0,14.94,True,12,2,-5.79,0.5,32.0,False,True,False
002455.SZSE,百川股份,2026-02-24,2026-02,炸板,0.52,-6.04,-6.04,FLAT·横盘平台,-6.61,-6.61,0.0,1.0,1.81,False,3,4,-1.77,3.12,29.0,False,False,False
002456.SZSE,欧菲光,2023-10-23,2023-10,炸板,-2.42,-11.43,-11.43,DN·阴跌到点,-5.05,-5.05,0.0,1.0,10.63,True,6,6,-7.47,3.22,35.0,False,False,False
002456.SZSE,欧菲光,2024-11-08,2024-11,封D1负,-1.96,-1.21,-1.21,DN·阴跌到点,-10.66,-10.66,0.0,1.0,10.85,False,6,3,-5.06,0.66,157.0,False,True,False
002462.SZSE,嘉事堂,2026-01-12,2026-01,炸板,-4.29,-7.67,-7.67,DN·阴跌到点,-15.74,-15.74,0.0,1.0,6.83,False,3,3,-6.39,2.27,79.0,False,False,False
002465.SZSE,海格通信,2026-01-12,2026-01,连板,10.0,10.0,8.91,HIGH·新高贴顶,4.93,2.05,2.83,0.0,4.42,True,4,2,-1.53,0.49,79.0,True,True,True
002470.SZSE,金正大,2026-03-06,2026-03,封D1正,9.79,3.5,3.5,DN·阴跌到点,-16.13,-16.13,0.0,1.0,11.92,False,5,4,-7.8,1.06,55.0,False,True,False
002470.SZSE,金正大,2026-03-13,2026-03,封D1正,7.14,1.55,1.55,U·U型蹲,-5.48,-16.13,12.69,0.375,15.77,False,10,4,-2.66,3.99,46.0,False,True,False
002470.SZSE,金正大,2026-03-27,2026-03,封D1正,3.24,4.21,4.21,U·U型蹲,-9.35,-16.13,8.08,0.16666666666666666,38.46,True,20,4,-4.1,2.39,36.0,False,True,False
002471.SZSE,中超控股,2025-04-14,2025-04,封D1正,7.9,3.04,3.04,FLAT·横盘平台,-10.48,-10.48,0.0,1.0,7.69,False,6,2,-2.29,2.61,64.0,False,True,False
002471.SZSE,中超控股,2025-05-16,2025-05,连板,1.01,10.13,4.3,DN·阴跌到点,-9.34,-9.34,0.0,1.0,16.99,True,6,4,-8.88,2.03,40.0,True,True,True
002471.SZSE,中超控股,2025-05-22,2025-05,连板,8.64,10.05,28.74,FLAT·横盘平台,-10.57,-10.57,0.0,1.0,5.91,False,3,2,-5.58,1.46,45.0,True,True,True
002471.SZSE,中超控股,2025-06-18,2025-06,封D1负,0.0,-8.3,-8.3,DN·阴跌到点,-11.58,-11.58,0.0,1.0,24.6,True,15,4,-2.33,0.19,37.0,False,True,False
002471.SZSE,中超控股,2025-12-24,2025-12,封D1正,2.91,3.64,3.64,DN·阴跌到点,-14.55,-14.55,0.0,1.0,23.65,True,7,3,-8.94,0.36,48.0,False,True,False
002474.SZSE,榕基软件,2024-03-20,2024-03,封D1负,1.93,-1.64,-1.64,FLAT·横盘平台,-4.68,-4.68,0.0,1.0,8.02,True,5,2,-2.71,0.8,46.0,False,True,False
002478.SZSE,常宝股份,2025-11-28,2025-11,炸板,-5.93,-6.06,-6.06,MID·中位浅调,-10.58,-14.11,4.11,0.7142857142857143,25.35,True,16,2,0.96,1.37,41.0,False,False,False
002491.SZSE,通鼎互联,2026-02-26,2026-02,封D1正,-3.44,1.05,1.05,HIGH·新高贴顶,10.3,3.82,6.24,0.2,14.72,True,12,2,-6.48,1.37,61.0,False,True,False
002491.SZSE,通鼎互联,2026-04-16,2026-04,封D1负,0.0,-3.14,-3.14,DN·阴跌到点,-6.58,-6.58,0.0,1.0,13.66,True,6,2,-5.9,3.18,53.0,False,True,False
002491.SZSE,通鼎互联,2026-04-20,2026-04,封D1正,0.18,0.66,0.66,HIGH·新高贴顶,-0.46,-6.58,6.55,0.6666666666666666,13.66,True,8,2,-3.14,2.24,57.0,False,True,False
002491.SZSE,通鼎互联,2026-05-18,2026-05,炸板,-6.76,-4.67,-4.67,DN·阴跌到点,-9.64,-9.64,0.0,1.0,19.3,True,4,4,-8.36,1.46,46.0,False,False,False
002491.SZSE,通鼎互联,2026-05-28,2026-05,炸板,-1.54,2.44,2.44,DN·阴跌到点,-15.04,-15.04,0.0,1.0,26.88,True,12,4,-2.34,2.8,45.0,False,False,False
002495.SZSE,佳隆股份,2024-01-02,2024-01,封D1负,0.85,-1.7,-1.7,DN·阴跌到点,-11.85,-11.85,0.0,1.0,10.62,False,4,2,-6.71,0.0,54.0,False,True,False
002496.SZSE,辉丰股份,2023-07-14,2023-07,炸板,-8.12,-5.84,-5.84,FLAT·横盘平台,-9.39,-9.39,0.0,1.0,3.57,False,3,2,-3.45,0.34,30.0,False,False,False
002498.SZSE,汉缆股份,2026-02-02,2026-02,封D1正,-0.89,4.43,4.43,HIGH·新高贴顶,-2.84,-2.84,0.0,1.0,20.27,True,9,3,-6.56,0.91,41.0,False,True,False
002498.SZSE,汉缆股份,2026-02-12,2026-02,连板,2.11,10.08,36.26,HIGH·新高贴顶,5.87,-2.84,8.97,0.4666666666666667,20.27,True,17,3,-2.27,0.7,46.0,True,True,True
002498.SZSE,汉缆股份,2026-03-04,2026-03,连板,9.72,9.96,22.51,DN·阴跌到点,-9.88,-9.88,0.0,1.0,13.4,True,5,4,-7.51,0.0,67.0,True,True,True
002498.SZSE,汉缆股份,2026-03-12,2026-03,封D1负,2.89,-9.44,-9.44,HIGH·新高贴顶,-3.97,-3.97,0.0,1.0,5.51,True,4,3,-2.18,1.04,48.0,False,True,False
002506.SZSE,协鑫集成,2026-03-17,2026-03,封D1负,-0.53,-1.95,-1.95,HIGH·新高贴顶,1.59,-14.48,18.79,0.16666666666666666,40.84,True,20,4,-5.54,0.74,39.0,False,True,False
002510.SZSE,天汽模,2023-12-12,2023-12,炸板,-3.83,-0.35,-0.35,FLAT·横盘平台,-11.38,-11.38,0.0,1.0,3.83,False,3,2,-3.69,0.74,33.0,False,False,False
002510.SZSE,天汽模,2023-12-18,2023-12,炸板,-6.43,-5.77,-5.77,FLAT·横盘平台,-6.28,-11.38,5.75,0.2,9.77,False,7,2,-3.66,0.7,42.0,False,False,False
002513.SZSE,蓝丰生化,2024-10-31,2024-10,连板,2.32,10.06,53.38,FLAT·横盘平台,-9.79,-9.79,0.0,1.0,3.4,False,3,2,-3.29,1.44,118.0,True,True,True
002513.SZSE,蓝丰生化,2024-11-27,2024-11,炸板,-4.76,-6.35,-6.35,MID·中位浅调,-31.29,-34.17,4.37,0.5,44.44,False,14,6,-1.38,1.2,79.0,False,False,False
002513.SZSE,蓝丰生化,2025-10-21,2025-10,连板,2.93,10.05,-0.9,MID·中位浅调,-22.6,-26.35,5.09,0.5714285714285714,22.19,False,9,7,-4.62,3.55,66.0,True,True,True
002519.SZSE,银河电子,2026-01-22,2026-01,封D1正,3.95,5.35,5.35,DN·阴跌到点,-31.82,-31.82,0.0,1.0,46.55,False,8,6,-1.64,1.89,72.0,False,True,False
002520.SZSE,日发精机,2024-03-06,2024-03,炸板,-1.61,-3.94,-3.94,DN·阴跌到点,-12.28,-12.28,0.0,1.0,7.3,False,6,3,-2.5,2.69,38.0,False,False,False
002523.SZSE,天桥起重,2024-12-13,2024-12,封D1正,1.32,5.52,5.52,FLAT·横盘平台,-10.82,-10.82,0.0,1.0,4.61,False,3,2,-4.41,1.16,119.0,False,True,False
002524.SZSE,光正眼科,2025-02-20,2025-02,封D1正,1.97,0.0,0.0,FLAT·横盘平台,-8.19,-8.19,0.0,1.0,0.72,False,3,2,-0.72,0.24,90.0,False,True,False
002524.SZSE,光正眼科,2025-03-10,2025-03,封D1负,-1.74,-3.7,-3.7,MID·中位浅调,-7.74,-8.19,0.48,0.07692307692307693,10.12,True,15,2,-2.57,1.4,45.0,False,True,False
002527.SZSE,新时达,2023-08-29,2023-08,封D1正,3.37,4.2,4.2,DN·阴跌到点,-11.27,-11.27,0.0,1.0,17.07,True,7,2,-2.96,0.0,28.0,False,True,False
002529.SZSE,海源复材,2024-06-07,2024-06,封D1负,0.87,-3.15,-3.15,DN·阴跌到点,-32.99,-32.99,0.0,1.0,39.42,False,6,2,-7.31,2.5,16.0,False,True,False
002530.SZSE,金财互联,2024-11-27,2024-11,封D1负,1.34,-2.46,-2.46,DN·阴跌到点,-21.39,-21.39,0.0,1.0,16.63,False,7,2,-6.77,0.11,79.0,False,True,False
002530.SZSE,金财互联,2024-12-05,2024-12,连板,5.42,10.04,19.88,U·U型蹲,-12.39,-21.39,11.45,0.45454545454545453,17.98,False,13,2,-5.53,0.31,69.0,True,True,True
002530.SZSE,金财互联,2025-02-12,2025-02,封D1负,-1.45,-4.58,-4.58,HIGH·新高贴顶,-1.65,-5.12,3.66,0.0,10.02,True,6,2,-0.83,2.08,57.0,False,True,False
002531.SZSE,天顺风能,2024-03-06,2024-03,封D1负,1.98,-1.61,-1.61,HIGH·新高贴顶,-2.43,-2.74,0.31,0.6666666666666666,5.94,True,14,2,-3.12,0.1,38.0,False,True,False
002534.SZSE,西子洁能,2023-04-26,2023-04,封D1正,4.04,1.76,1.76,DN·阴跌到点,-16.42,-16.42,0.0,1.0,18.59,False,11,3,-6.88,1.11,22.0,False,True,False
002535.SZSE,林州重机,2023-07-12,2023-07,连板,5.77,10.1,6.6,MID·中位浅调,-20.83,-23.16,3.04,0.6666666666666666,21.26,False,5,4,3.04,0.93,26.0,True,True,True
002536.SZSE,飞龙股份,2025-01-20,2025-01,炸板,-6.14,-6.21,-6.21,FLAT·横盘平台,-6.19,-6.19,0.0,1.0,7.76,True,6,2,-4.38,1.93,47.0,False,False,False
002537.SZSE,海联金汇,2025-06-16,2025-06,封D1正,3.5,5.14,5.14,DN·阴跌到点,-15.07,-15.07,0.0,1.0,11.83,False,9,3,-3.83,0.99,39.0,False,True,False
002537.SZSE,海联金汇,2025-06-23,2025-06,连板,8.55,10.03,17.0,U·U型蹲,-6.0,-15.07,10.67,0.5833333333333334,21.47,True,14,3,-1.37,2.18,36.0,True,True,True
002537.SZSE,海联金汇,2025-07-07,2025-07,封D1正,-1.61,0.36,0.36,DN·阴跌到点,-11.43,-12.57,1.3,0.8333333333333334,10.58,False,8,3,1.3,2.0,30.0,False,True,False
002546.SZSE,新联电子,2026-01-23,2026-01,炸板,-3.95,-6.99,-6.99,FLAT·横盘平台,-10.3,-10.3,0.0,1.0,7.92,False,3,2,-7.33,2.07,63.0,False,False,False
002549.SZSE,凯美特气,2025-05-06,2025-05,封D1正,2.63,2.96,2.96,DN·阴跌到点,-32.13,-32.13,0.0,1.0,32.65,False,17,2,-0.24,2.16,56.0,False,True,False
002549.SZSE,凯美特气,2025-08-28,2025-08,封D1负,1.43,-4.65,-4.65,HIGH·新高贴顶,1.46,0.93,0.53,0.0,17.15,True,11,2,-4.63,3.07,39.0,False,True,False
002549.SZSE,凯美特气,2025-09-03,2025-09,炸板,-3.03,-7.95,-7.95,HIGH·新高贴顶,5.86,0.93,4.88,0.0,17.15,True,15,2,-5.02,3.52,40.0,False,False,False
002549.SZSE,凯美特气,2025-10-10,2025-10,连板,4.67,9.98,14.81,DN·阴跌到点,-10.11,-10.11,0.0,1.0,22.01,True,7,3,-7.23,0.62,74.0,True,True,True
002551.SZSE,尚荣医疗,2025-08-15,2025-08,封D1正,2.67,4.52,4.52,FLAT·横盘平台,-4.53,-4.53,0.0,1.0,8.35,True,5,2,-7.71,0.83,40.0,False,True,False
002552.SZSE,宝鼎科技,2026-05-18,2026-05,连板,8.63,9.99,5.83,HIGH·新高贴顶,-3.97,-3.97,0.0,1.0,8.34,True,4,4,-5.08,0.95,46.0,True,True,True
002553.SZSE,南方精工,2024-03-21,2024-03,连板,10.03,10.03,2.22,HIGH·新高贴顶,0.59,-10.68,12.62,0.26666666666666666,17.46,True,17,2,-1.17,0.33,64.0,True,True,True
002553.SZSE,南方精工,2025-04-23,2025-04,封D1正,2.28,0.44,0.44,U·U型蹲,-32.96,-42.98,17.58,0.4117647058823529,57.88,False,19,2,-4.0,0.15,68.0,False,True,False
002554.SZSE,惠博普,2026-01-21,2026-01,封D1正,0.0,1.98,1.98,FLAT·横盘平台,-6.14,-6.14,0.0,1.0,3.0,False,4,2,-0.54,3.25,50.0,False,True,False
002559.SZSE,亚威股份,2023-12-12,2023-12,炸板,-7.18,-10.47,-10.47,DN·阴跌到点,-13.65,-14.64,1.17,0.6666666666666666,20.98,True,14,5,-4.18,3.86,33.0,False,False,False
002559.SZSE,亚威股份,2026-07-10,2026-07,炸板,-11.55,-18.09,-18.09,DN·阴跌到点,-22.24,-22.24,0.0,1.0,19.06,False,6,2,-0.75,1.0,63.0,False,False,False
002562.SZSE,兄弟科技,2025-07-14,2025-07,封D1正,3.83,3.99,3.99,DN·阴跌到点,-4.53,-4.53,0.0,1.0,10.37,True,5,2,-6.57,0.99,49.0,False,True,False
002564.SZSE,天沃科技,2025-04-22,2025-04,封D1负,-4.29,-8.21,-8.21,HIGH·新高贴顶,5.38,-1.24,6.71,0.0,10.06,True,4,2,-3.05,1.9,86.0,False,True,False
002564.SZSE,天沃科技,2025-04-24,2025-04,封D1负,4.07,-6.19,-6.19,HIGH·新高贴顶,6.42,-1.24,7.76,0.0,17.4,True,6,2,-8.21,1.61,52.0,False,True,False
002564.SZSE,天沃科技,2025-04-28,2025-04,封D1正,3.43,4.63,4.63,HIGH·新高贴顶,9.73,-1.24,11.11,0.0,18.45,True,8,2,-6.19,0.0,59.0,False,True,False
002564.SZSE,天沃科技,2025-05-14,2025-05,炸板,-6.84,-10.42,-10.42,HIGH·新高贴顶,15.53,-1.24,16.98,0.0,27.88,True,17,2,0.0,1.08,41.0,False,False,False
002565.SZSE,顺灏股份,2026-04-07,2026-04,炸板,-1.97,2.81,2.81,MID·中位浅调,-6.23,-6.85,0.66,0.45454545454545453,13.64,True,13,2,-6.17,1.23,26.0,False,False,False
002570.SZSE,贝因美,2024-10-11,2024-10,炸板,-9.22,-5.19,-5.19,DN·阴跌到点,-9.22,-9.22,0.0,1.0,19.37,True,4,2,-6.8,2.07,51.0,False,False,False
002570.SZSE,贝因美,2025-03-25,2025-03,封D1正,-2.13,2.33,2.33,DN·阴跌到点,-16.1,-16.1,0.0,1.0,15.78,False,5,3,-5.06,1.01,38.0,False,True,False
002574.SZSE,明牌珠宝,2024-03-19,2024-03,封D1负,-0.78,-1.88,-1.88,HIGH·新高贴顶,-3.98,-3.98,0.0,1.0,4.32,True,4,2,-0.34,0.86,70.0,False,True,False
002574.SZSE,明牌珠宝,2025-04-02,2025-04,封D1负,-1.81,-0.75,-0.75,DN·阴跌到点,-30.33,-31.49,1.68,0.8888888888888888,34.68,False,11,6,1.68,1.18,43.0,False,True,False
002575.SZSE,群兴玩具,2026-03-23,2026-03,炸板,-1.36,-2.27,-2.27,FLAT·横盘平台,-9.3,-10.32,1.14,0.2857142857142857,9.99,False,9,2,-6.21,1.29,26.0,False,False,False
002575.SZSE,群兴玩具,2026-04-01,2026-04,炸板,-6.85,-12.72,-12.72,MID·中位浅调,-5.22,-10.32,5.69,0.14285714285714285,12.52,True,16,2,-5.86,0.9,44.0,False,False,False
002577.SZSE,雷柏科技,2023-05-24,2023-05,封D1正,0.19,0.97,0.97,DN·阴跌到点,-15.86,-15.86,0.0,1.0,23.04,True,14,2,-3.3,0.89,18.0,False,True,False
002577.SZSE,雷柏科技,2025-01-13,2025-01,炸板,-4.93,2.34,2.34,MID·中位浅调,-14.59,-17.9,4.02,0.25,17.55,False,10,3,-6.29,3.02,35.0,False,False,False
002578.SZSE,闽发铝业,2025-12-05,2025-12,连板,-0.2,10.08,1.21,U·U型蹲,-7.39,-23.41,20.91,0.35714285714285715,34.05,True,16,2,-4.04,0.64,30.0,True,True,True
002579.SZSE,中京电子,2026-07-09,2026-07,封D1负,3.05,-1.77,-1.77,DN·阴跌到点,-19.19,-19.19,0.0,1.0,38.73,True,14,2,-6.65,0.11,41.0,False,True,False
002579.SZSE,中京电子,2026-08-20,2026-08,封D1负,2.16,-2.81,-2.81,HIGH·新高贴顶,7.09,7.09,0.0,1.0,10.79,True,11,2,-8.25,2.38,32.0,False,True,False
002582.SZSE,好想你,2025-01-21,2025-01,封D1正,0.0,0.3,0.3,DN·阴跌到点,-14.33,-14.33,0.0,1.0,7.92,False,3,2,-7.33,2.27,62.0,False,True,False
002583.SZSE,海能达,2024-12-16,2024-12,封D1负,0.67,-6.6,-6.6,DN·阴跌到点,-32.18,-32.18,0.0,1.0,53.85,True,18,2,-3.73,0.36,84.0,False,True,False
002583.SZSE,海能达,2024-12-18,2024-12,封D1负,4.46,-0.76,-0.76,DN·阴跌到点,-30.3,-32.18,2.77,0.8888888888888888,53.85,True,20,2,-6.6,3.64,25.0,False,True,False
002583.SZSE,海能达,2025-05-08,2025-05,封D1负,2.64,-0.47,-0.47,MID·中位浅调,-9.66,-14.22,5.32,0.625,18.11,True,10,2,-0.09,0.34,50.0,False,True,False
002584.SZSE,西陇科学,2026-07-07,2026-07,炸板,-2.72,-6.99,-6.99,LB·L趴底,-15.06,-15.15,0.11,0.2857142857142857,17.65,False,9,2,-5.93,0.4,60.0,False,False,False
002585.SZSE,双星新材,2023-06-30,2023-06,封D1正,3.5,2.47,2.47,FLAT·横盘平台,-8.64,-8.64,0.0,1.0,6.83,False,4,2,-6.01,0.08,46.0,False,True,False
002585.SZSE,双星新材,2026-06-15,2026-06,连板,8.08,9.97,16.64,DN·阴跌到点,-13.71,-13.71,0.0,1.0,7.25,False,3,2,-6.76,2.98,83.0,True,True,True
002585.SZSE,双星新材,2026-07-07,2026-07,封D1负,0.09,-8.97,-8.97,DN·阴跌到点,-26.2,-26.2,0.0,1.0,43.71,True,14,2,-6.34,1.72,60.0,False,True,False
002589.SZSE,瑞康医药,2026-08-20,2026-08,炸板,-7.39,-9.66,-9.66,DN·阴跌到点,-4.19,-4.19,0.0,1.0,15.94,True,8,2,-7.78,2.59,32.0,False,False,False
002590.SZSE,万安科技,2024-05-06,2024-05,炸板,-4.21,-4.05,-4.05,HIGH·新高贴顶,1.95,0.18,1.77,0.0,4.54,True,5,2,-2.65,2.03,47.0,False,False,False
002590.SZSE,万安科技,2025-05-28,2025-05,炸板,-2.72,-1.48,-1.48,DN·阴跌到点,-7.89,-7.89,0.0,1.0,11.49,True,6,3,-2.97,0.86,51.0,False,False,False
002591.SZSE,恒大高新,2026-01-19,2026-01,封D1负,4.78,-2.97,-2.97,MID·中位浅调,-21.95,-24.39,3.23,0.3,19.06,False,12,3,-1.4,0.56,48.0,False,True,False
002596.SZSE,海南瑞泽,2024-08-13,2024-08,炸板,-2.56,-4.49,-4.49,DN·阴跌到点,-14.97,-14.97,0.0,1.0,13.38,False,8,2,-7.19,0.65,23.0,False,False,False
002596.SZSE,海南瑞泽,2024-08-19,2024-08,封D1正,3.85,2.56,2.56,LB·L趴底,-14.97,-14.97,0.0,0.6,13.38,False,12,2,-3.4,0.68,22.0,False,True,False
002596.SZSE,海南瑞泽,2024-12-11,2024-12,封D1正,-0.54,3.24,3.24,FLAT·横盘平台,-4.82,-5.38,0.6,0.0,2.1,False,6,2,-1.47,1.17,82.0,False,True,False
002596.SZSE,海南瑞泽,2025-12-10,2025-12,封D1负,6.6,-0.31,-0.31,HIGH·新高贴顶,0.17,-2.7,2.95,0.0,16.15,True,10,2,-6.02,0.79,46.0,False,True,False
002599.SZSE,盛通股份,2024-03-28,2024-03,封D1负,-0.87,-2.04,-2.04,DN·阴跌到点,-12.11,-12.11,0.0,1.0,20.03,True,13,2,-6.87,0.9,39.0,False,True,False
002600.SZSE,领益智造,2025-09-22,2025-09,炸板,-1.75,-1.56,-1.56,MID·中位浅调,-5.97,-8.78,3.09,0.35294117647058826,19.47,True,19,2,-3.17,1.17,46.0,False,False,False
002605.SZSE,姚记科技,2024-11-26,2024-11,炸板,-12.42,0.64,-2.14,DN·阴跌到点,-12.97,-12.97,0.0,1.0,12.42,False,8,2,-2.01,3.49,132.0,False,False,True
002607.SZSE,中公教育,2024-08-28,2024-08,封D1正,2.2,4.4,4.4,DN·阴跌到点,-38.2,-38.2,0.0,1.0,45.45,False,15,5,-4.07,0.58,23.0,False,True,False
002607.SZSE,中公教育,2024-10-14,2024-10,封D1负,1.03,-1.72,-1.72,DN·阴跌到点,-12.87,-12.87,0.0,1.0,13.64,False,4,2,-6.71,0.35,28.0,False,True,False
002607.SZSE,中公教育,2024-10-31,2024-10,封D1正,6.71,0.61,0.61,HIGH·新高贴顶,-1.65,-12.87,12.88,0.13333333333333333,23.11,True,17,2,-5.1,0.32,118.0,False,True,False
002607.SZSE,中公教育,2024-12-16,2024-12,封D1负,0.47,-3.27,-3.27,FLAT·横盘平台,-4.19,-5.17,1.04,0.5,6.75,True,6,2,-4.89,2.44,84.0,False,True,False
002611.SZSE,东方精工,2024-07-31,2024-07,封D1正,4.98,3.02,3.02,HIGH·新高贴顶,-0.33,-3.97,3.79,0.25,8.95,True,6,2,-4.74,0.32,51.0,False,True,False
002611.SZSE,东方精工,2025-01-14,2025-01,封D1正,3.15,4.02,4.02,FLAT·横盘平台,-6.73,-6.73,0.0,1.0,4.23,False,4,2,-4.06,3.41,42.0,False,True,False
002613.SZSE,北玻股份,2026-06-30,2026-06,炸板,-7.06,-7.79,-7.79,DN·阴跌到点,-31.5,-31.5,0.0,1.0,38.77,False,15,2,-8.11,2.7,89.0,False,False,False
002622.SZSE,皓宸医疗,2024-10-22,2024-10,封D1正,6.8,2.43,2.43,DN·阴跌到点,-14.22,-15.6,1.63,0.75,19.57,True,10,2,-0.53,2.66,89.0,False,True,False
002622.SZSE,皓宸医疗,2025-03-10,2025-03,封D1负,-3.12,-1.88,-1.88,DN·阴跌到点,-15.16,-15.16,0.0,1.0,9.97,False,15,2,-2.35,0.34,45.0,False,True,False
002625.SZSE,光启技术,2024-10-15,2024-10,炸板,-1.23,-7.22,-7.22,HIGH·新高贴顶,2.15,-2.91,5.21,0.3333333333333333,5.21,True,5,2,4.35,1.3,71.0,False,False,False
002629.SZSE,仁智股份,2025-01-10,2025-01,封D1正,1.52,1.77,1.77,LB·L趴底,-15.29,-17.41,2.56,0.4,21.65,True,7,2,-1.64,2.73,77.0,False,True,False
002639.SZSE,雪人集团,2026-01-22,2026-01,封D1正,1.8,2.85,2.85,DN·阴跌到点,-14.24,-14.24,0.0,1.0,31.81,True,10,2,-0.77,1.72,72.0,False,True,False
002640.SZSE,跨境通,2024-12-12,2024-12,炸板,-1.41,-3.87,-3.87,DN·阴跌到点,-24.34,-24.34,0.0,1.0,32.17,False,5,7,-7.86,3.93,119.0,False,False,False
002640.SZSE,跨境通,2024-12-20,2024-12,封D1负,-3.47,-9.85,-9.85,DN·阴跌到点,-30.94,-30.94,0.0,1.0,44.8,False,11,7,-7.28,0.59,50.0,False,True,False
002640.SZSE,跨境通,2025-01-02,2025-01,封D1正,-0.47,4.5,4.5,DN·阴跌到点,-43.7,-43.7,0.0,1.0,77.6,False,19,7,-4.95,1.49,39.0,False,True,False
002640.SZSE,跨境通,2025-04-21,2025-04,连板,9.97,9.97,12.34,DN·阴跌到点,-10.36,-10.36,0.0,1.0,11.85,True,5,3,-8.22,1.33,50.0,True,True,True
002640.SZSE,跨境通,2025-04-28,2025-04,炸板,-9.2,-10.57,-10.57,FLAT·横盘平台,-5.73,-5.73,0.0,1.0,8.35,True,4,2,-0.75,2.51,59.0,False,False,False
002640.SZSE,跨境通,2025-05-12,2025-05,炸板,1.3,-0.65,-0.65,HIGH·新高贴顶,0.48,-9.55,11.08,0.5555555555555556,17.68,True,11,2,-5.61,0.0,27.0,False,False,False
002640.SZSE,跨境通,2026-05-28,2026-05,封D1负,0.0,-1.81,-1.81,DN·阴跌到点,-12.44,-12.44,0.0,1.0,28.98,True,16,2,-2.22,0.83,45.0,False,True,False
002645.SZSE,华宏科技,2025-08-15,2025-08,连板,3.89,9.99,11.8,DN·阴跌到点,-13.96,-15.16,1.42,0.6470588235294118,16.68,False,19,2,-1.38,1.24,40.0,True,True,True
002651.SZSE,利君股份,2025-06-09,2025-06,封D1负,0.99,-5.67,-5.67,DN·阴跌到点,-29.12,-29.12,0.0,1.0,33.03,False,14,2,-3.24,1.66,44.0,False,True,False
002652.SZSE,扬子新材,2026-05-22,2026-05,炸板,0.15,-1.07,-1.07,HIGH·新高贴顶,-3.72,-4.05,0.34,0.0,10.79,True,14,2,-6.15,0.95,32.0,False,False,False
002654.SZSE,万润科技,2024-11-25,2024-11,封D1负,-1.33,-5.2,-5.2,MID·中位浅调,-24.32,-26.71,3.26,0.75,48.18,True,18,5,-2.85,3.92,60.0,False,True,False
002655.SZSE,共达电声,2025-03-25,2025-03,炸板,-2.9,-2.39,-2.39,FLAT·横盘平台,-7.02,-7.02,0.0,1.0,4.92,False,3,2,-4.69,2.64,38.0,False,False,False
002655.SZSE,共达电声,2025-03-31,2025-03,封D1负,6.22,-1.81,-1.81,HIGH·新高贴顶,-3.03,-7.02,4.29,0.2,10.39,True,7,2,-5.52,2.57,29.0,False,True,False
002658.SZSE,雪迪龙,2024-12-16,2024-12,封D1负,-0.52,-4.92,-4.92,FLAT·横盘平台,-11.13,-13.02,2.18,0.46153846153846156,5.52,False,15,2,-3.17,0.0,84.0,False,True,False
002663.SZSE,普邦股份,2026-04-16,2026-04,炸板,-2.1,-7.56,-7.56,DN·阴跌到点,-11.11,-11.11,0.0,1.0,10.65,False,6,2,-6.49,0.43,53.0,False,False,False
002664.SZSE,信质集团,2025-05-15,2025-05,封D1正,0.0,4.18,4.18,HIGH·新高贴顶,-0.26,-0.26,0.0,1.0,8.47,True,7,2,-1.61,0.83,51.0,False,True,False
002666.SZSE,德联集团,2025-01-23,2025-01,封D1负,-3.04,-3.24,-3.24,DN·阴跌到点,-16.39,-16.39,0.0,1.0,7.57,False,3,2,-7.04,1.45,36.0,False,True,False
002674.SZSE,兴业科技,2026-08-14,2026-08,炸板,-1.15,-3.8,-3.8,HIGH·新高贴顶,5.68,3.82,1.79,0.6,5.58,True,7,2,-1.45,1.94,50.0,False,False,False
002682.SZSE,龙洲股份,2023-11-14,2023-11,封D1负,3.09,-1.46,-1.46,DN·阴跌到点,-31.83,-31.83,0.0,1.0,32.02,False,11,7,-0.71,0.53,31.0,False,True,False
002685.SZSE,华东重机,2024-03-06,2024-03,封D1正,9.88,1.45,1.45,MID·中位浅调,-6.01,-9.01,3.3,0.0,10.56,True,6,2,-2.49,3.43,38.0,False,True,False
002685.SZSE,华东重机,2024-11-19,2024-11,炸板,-2.7,-0.85,-0.85,DN·阴跌到点,-23.23,-23.23,0.0,1.0,60.22,True,16,2,-5.6,1.62,74.0,False,False,False
002688.SZSE,金河生物,2025-04-24,2025-04,炸板,-6.39,-6.68,-6.68,LB·L趴底,-20.76,-21.77,1.29,0.5555555555555556,37.54,True,11,4,-4.86,0.0,52.0,False,False,False
002692.SZSE,远程股份,2025-01-17,2025-01,连板,9.94,9.94,9.34,HIGH·新高贴顶,-2.35,-8.76,7.03,0.0,12.41,True,6,2,-4.59,2.71,59.0,True,True,True
002693.SZSE,双成药业,2024-11-19,2024-11,连板,10.01,10.01,9.32,DN·阴跌到点,-39.79,-40.62,1.4,0.9285714285714286,72.68,True,16,3,1.4,1.35,74.0,True,True,True
002702.SZSE,海欣食品,2025-01-02,2025-01,封D1负,0.21,-7.17,-7.17,DN·阴跌到点,-33.59,-33.59,0.0,1.0,54.99,True,14,3,-2.05,1.59,39.0,False,True,False
002703.SZSE,浙江世宝,2023-06-30,2023-06,连板,5.09,9.99,39.39,FLAT·横盘平台,-4.83,-7.65,3.05,0.1111111111111111,8.28,False,11,3,-4.83,0.3,46.0,True,True,True
002703.SZSE,浙江世宝,2023-08-02,2023-08,封D1正,0.69,1.04,1.04,HIGH·新高贴顶,3.61,-4.85,8.89,0.0,27.29,True,19,5,-3.89,3.95,25.0,False,True,False
002703.SZSE,浙江世宝,2026-01-05,2026-01,炸板,-0.18,5.74,9.89,HIGH·新高贴顶,17.65,5.6,11.41,0.0,31.31,True,9,4,-5.72,3.02,49.0,False,False,True
002709.SZSE,天赐材料,2024-10-25,2024-10,封D1正,0.48,0.16,0.16,U·U型蹲,-16.45,-22.78,8.2,0.5454545454545454,16.53,False,13,2,-3.84,0.85,67.0,False,True,False
002709.SZSE,天赐材料,2025-09-15,2025-09,封D1负,-0.13,-3.15,-3.15,HIGH·新高贴顶,0.07,-0.86,0.94,0.3333333333333333,4.07,True,5,2,-2.09,2.3,57.0,False,True,False
002712.SZSE,思美传媒,2024-11-11,2024-11,封D1负,0.81,-5.69,-5.69,DN·阴跌到点,-19.22,-19.22,0.0,1.0,11.45,False,7,4,-1.76,2.46,95.0,False,True,False
002713.SZSE,东易日盛,2024-11-18,2024-11,封D1负,0.0,-4.51,-4.51,DN·阴跌到点,-20.83,-20.83,0.0,1.0,21.59,False,15,3,-7.57,0.92,53.0,False,True,False
002718.SZSE,友邦吊顶,2025-02-06,2025-02,炸板,-10.37,-13.96,-13.96,HIGH·新高贴顶,-2.33,-9.98,8.49,0.0,9.98,False,4,2,-1.36,2.89,51.0,False,False,False
002727.SZSE,一心堂,2025-06-12,2025-06,封D1负,-0.56,-1.41,-1.41,DN·阴跌到点,-6.11,-6.11,0.0,1.0,17.78,True,15,2,-3.81,0.72,44.0,False,True,False
002729.SZSE,好利科技,2023-11-03,2023-11,封D1正,3.87,3.07,3.07,FLAT·横盘平台,-8.42,-8.42,0.0,1.0,9.04,False,11,2,-2.78,0.51,22.0,False,True,False
002729.SZSE,好利科技,2024-03-18,2024-03,封D1正,0.12,0.68,0.68,HIGH·新高贴顶,10.27,2.62,7.45,0.0,20.89,True,20,2,-2.26,0.93,56.0,False,True,False
002730.SZSE,电光科技,2025-05-14,2025-05,封D1正,1.18,2.96,2.96,FLAT·横盘平台,-11.61,-12.24,0.72,0.3333333333333333,9.06,False,5,3,-1.92,0.46,41.0,False,True,False
002730.SZSE,电光科技,2025-05-22,2025-05,炸板,-6.33,-9.7,-9.7,U·U型蹲,-6.9,-12.24,6.08,0.1111111111111111,18.65,True,11,3,-2.84,1.58,45.0,False,False,False
002735.SZSE,王子新材,2025-04-01,2025-04,封D1负,-0.09,-4.28,-4.28,FLAT·横盘平台,-9.88,-9.88,0.0,1.0,6.25,False,5,2,-1.89,1.98,27.0,False,True,False
002741.SZSE,光华科技,2026-06-09,2026-06,封D1正,0.25,0.85,0.85,DN·阴跌到点,-7.74,-7.74,0.0,1.0,21.06,True,11,2,-8.01,1.64,45.0,False,True,False
002741.SZSE,光华科技,2026-07-07,2026-07,炸板,-3.13,-10.61,-10.61,DN·阴跌到点,-19.83,-19.83,0.0,1.0,31.44,True,13,3,-5.16,1.44,60.0,False,False,False
002743.SZSE,富煌钢构,2025-01-16,2025-01,封D1负,0.0,-3.16,-3.16,MID·中位浅调,-35.31,-37.56,3.61,0.875,44.21,False,18,2,-1.62,0.36,54.0,False,True,False
002747.SZSE,埃斯顿,2026-06-18,2026-06,封D1正,0.27,1.89,1.89,LB·L趴底,-11.59,-14.15,2.98,0.4,11.11,False,7,2,-2.12,1.77,67.0,False,True,False
002747.SZSE,埃斯顿,2026-06-30,2026-06,连板,4.5,9.99,9.03,MID·中位浅调,-9.57,-14.15,5.34,0.16666666666666666,18.72,True,14,2,-2.11,3.49,89.0,True,True,True
002748.SZSE,世龙实业,2024-03-11,2024-03,封D1负,0.0,-3.27,-3.27,HIGH·新高贴顶,12.43,1.95,10.28,0.0,16.74,True,15,2,-0.53,0.93,52.0,False,True,False
002757.SZSE,南兴股份,2025-02-13,2025-02,炸板,-9.04,-3.89,-3.89,HIGH·新高贴顶,6.14,2.01,4.05,0.3333333333333333,5.38,True,8,2,1.93,1.93,65.0,False,False,False
002757.SZSE,南兴股份,2025-03-26,2025-03,封D1负,-0.37,-5.42,-5.42,DN·阴跌到点,-19.75,-19.75,0.0,1.0,31.6,True,13,2,-3.25,0.15,41.0,False,True,False
002757.SZSE,南兴股份,2026-02-03,2026-02,炸板,-3.58,-6.65,-6.65,U·U型蹲,-9.51,-15.92,7.62,0.5555555555555556,36.29,True,20,4,-0.51,2.94,32.0,False,False,False
002767.SZSE,先锋电子,2025-04-09,2025-04,封D1正,0.56,1.18,1.18,DN·阴跌到点,-40.72,-40.72,0.0,1.0,64.32,False,10,3,-7.9,3.17,99.0,False,True,False
002769.SZSE,普路通,2025-01-03,2025-01,炸板,-7.91,-12.38,-12.38,DN·阴跌到点,-32.68,-32.68,0.0,1.0,34.78,False,15,2,-1.0,3.01,51.0,False,False,False
002771.SZSE,真视通,2026-04-16,2026-04,封D1正,10.02,0.82,0.82,HIGH·新高贴顶,-1.36,-6.02,4.97,0.46153846153846156,7.67,True,15,2,-1.82,0.18,53.0,False,True,False
002771.SZSE,真视通,2026-06-09,2026-06,封D1负,-0.71,-5.44,-5.44,DN·阴跌到点,-6.73,-6.73,0.0,1.0,15.6,True,9,2,-5.59,3.62,45.0,False,True,False
002772.SZSE,众兴菌业,2025-09-26,2025-09,封D1正,0.0,2.96,2.96,DN·阴跌到点,-8.62,-8.62,0.0,1.0,14.32,True,10,2,-1.91,0.21,36.0,False,True,False
002775.SZSE,文科股份,2024-12-31,2024-12,封D1负,-0.52,-1.3,-1.3,DN·阴跌到点,-23.08,-25.05,2.64,0.75,33.14,False,14,2,-2.51,0.84,36.0,False,True,False
002779.SZSE,中坚科技,2024-03-14,2024-03,炸板,-9.76,-5.58,-5.58,HIGH·新高贴顶,8.41,0.0,8.41,0.0,12.64,True,16,4,-1.2,0.12,51.0,False,False,False
002782.SZSE,可立克,2026-05-19,2026-05,连板,6.31,10.0,2.21,FLAT·横盘平台,-6.28,-6.28,0.0,1.0,1.4,False,3,2,-1.38,0.9,72.0,True,True,True
002787.SZSE,华源控股,2026-05-06,2026-05,封D1正,3.09,7.92,7.92,FLAT·横盘平台,-9.26,-12.91,4.19,0.3333333333333333,4.19,False,5,2,0.99,1.51,69.0,False,True,False
002792.SZSE,通宇通讯,2025-12-22,2025-12,封D1负,0.06,-7.64,-7.64,FLAT·横盘平台,-8.72,-10.0,1.42,0.0,2.34,False,4,2,-0.89,3.42,65.0,False,True,False
002792.SZSE,通宇通讯,2026-08-12,2026-08,封D1正,2.4,4.1,4.1,FLAT·横盘平台,-9.28,-9.28,0.0,1.0,1.07,False,3,2,-1.06,3.9,53.0,False,True,False
002805.SZSE,丰元股份,2026-05-13,2026-05,封D1负,-0.77,-10.0,-10.0,HIGH·新高贴顶,-1.27,-2.47,1.22,0.0,3.83,True,5,3,-2.51,0.71,50.0,False,True,False
002805.SZSE,丰元股份,2026-06-30,2026-06,封D1正,0.31,1.15,1.15,DN·阴跌到点,-12.11,-12.11,0.0,1.0,14.7,True,6,2,-2.15,1.77,89.0,False,True,False
002806.SZSE,华锋股份,2026-06-04,2026-06,封D1负,0.29,-4.35,-4.35,HIGH·新高贴顶,1.68,-0.05,1.73,0.0,10.01,True,4,2,-7.53,3.2,59.0,False,True,False
002806.SZSE,华锋股份,2026-06-15,2026-06,连板,1.43,9.99,10.41,DN·阴跌到点,-7.46,-7.46,0.0,1.0,20.86,True,11,2,-4.2,0.06,83.0,True,True,True
002809.SZSE,红墙股份,2025-05-07,2025-05,封D1正,-0.5,5.12,5.12,MID·中位浅调,-6.56,-6.64,0.09,0.0,20.24,True,8,4,-7.51,3.84,79.0,False,True,False
002809.SZSE,红墙股份,2026-02-24,2026-02,封D1负,0.21,-0.14,-0.14,HIGH·新高贴顶,-3.68,-3.68,0.0,1.0,19.58,True,18,2,-0.08,0.39,29.0,False,True,False
002811.SZSE,郑中设计,2025-01-15,2025-01,封D1负,-1.96,-6.44,-6.44,FLAT·横盘平台,-7.85,-9.18,1.46,0.0,1.46,False,3,2,1.46,1.77,111.0,False,True,False
002811.SZSE,郑中设计,2025-02-12,2025-02,封D1正,3.26,3.73,3.73,MID·中位浅调,-7.76,-9.18,1.56,0.0,17.81,True,17,2,-2.89,0.2,57.0,False,True,False
002812.SZSE,恩捷股份,2024-10-25,2024-10,炸板,-0.91,-0.36,-0.36,MID·中位浅调,-12.46,-17.38,5.95,0.5454545454545454,14.92,False,13,2,-2.83,0.56,67.0,False,False,False
002819.SZSE,东方中科,2024-01-23,2024-01,封D1正,3.46,2.42,2.42,DN·阴跌到点,-35.89,-35.89,0.0,1.0,40.37,False,11,4,-6.67,0.55,15.0,False,True,False
002819.SZSE,东方中科,2024-01-30,2024-01,炸板,-8.48,-12.44,-12.44,V·V末反,-30.82,-35.89,7.91,0.6428571428571429,40.37,False,16,4,-3.99,1.58,25.0,False,False,False
002823.SZSE,凯中精密,2024-07-08,2024-07,连板,4.83,10.0,16.76,HIGH·新高贴顶,-0.08,-7.51,8.03,0.0,14.75,True,7,3,-2.37,2.22,22.0,True,True,True
002824.SZSE,和胜股份,2026-05-07,2026-05,封D1负,0.97,-1.91,-1.91,HIGH·新高贴顶,-0.24,-0.71,0.48,0.9285714285714286,20.29,True,16,2,0.48,0.0,88.0,False,True,False
002826.SZSE,易明医药,2025-08-11,2025-08,封D1正,2.98,0.83,0.83,FLAT·横盘平台,-9.79,-9.79,0.0,1.0,8.39,False,11,2,-2.35,0.42,48.0,False,True,False
002827.SZSE,高争民爆,2023-10-20,2023-10,炸板,-4.27,-7.07,-7.07,FLAT·横盘平台,-11.14,-11.14,0.0,1.0,7.92,False,4,2,-6.83,1.16,22.0,False,False,False
002827.SZSE,高争民爆,2024-05-14,2024-05,封D1负,-0.24,-0.48,-0.48,HIGH·新高贴顶,-1.09,-1.09,0.0,1.0,4.08,True,5,3,-3.82,3.92,24.0,False,True,False
002827.SZSE,高争民爆,2024-09-06,2024-09,炸板,-4.85,-4.62,-4.62,MID·中位浅调,-9.3,-11.07,2.0,0.6,16.66,True,17,2,-1.48,0.21,39.0,False,False,False
002829.SZSE,星网宇达,2024-08-13,2024-08,连板,3.16,10.02,6.33,DN·阴跌到点,-21.64,-21.64,0.0,1.0,25.8,False,7,2,-4.74,1.12,23.0,True,True,True
002829.SZSE,星网宇达,2024-08-21,2024-08,封D1负,0.0,-5.66,-5.66,DN·阴跌到点,-14.77,-14.77,0.0,1.0,13.39,False,5,2,-3.89,1.0,17.0,False,True,False
002829.SZSE,星网宇达,2024-08-27,2024-08,炸板,-10.82,-14.33,-14.33,DN·阴跌到点,-15.26,-15.26,0.0,1.0,14.04,False,9,2,-4.68,0.6,34.0,False,False,False
002830.SZSE,名雕股份,2026-06-30,2026-06,封D1正,-0.06,4.45,4.45,DN·阴跌到点,-11.54,-11.54,0.0,1.0,12.72,False,5,2,-3.97,2.44,89.0,False,True,False
002835.SZSE,同为股份,2024-12-18,2024-12,封D1正,-0.3,0.94,0.94,DN·阴跌到点,-15.34,-15.34,0.0,1.0,13.07,False,7,2,-6.77,0.25,25.0,False,True,False
002837.SZSE,英维克,2025-08-06,2025-08,炸板,-7.52,-6.5,-6.5,HIGH·新高贴顶,1.96,1.96,0.0,1.0,3.68,True,4,2,-3.55,1.08,44.0,False,False,False
002838.SZSE,道恩股份,2025-03-14,2025-03,封D1负,2.03,-0.46,-0.46,HIGH·新高贴顶,-3.48,-6.55,3.28,0.0,8.05,True,15,2,-1.0,1.36,34.0,False,True,False
002842.SZSE,翔鹭钨业,2026-03-27,2026-03,封D1正,0.03,2.02,2.02,DN·阴跌到点,-34.12,-34.12,0.0,1.0,52.89,True,19,2,-2.93,0.52,36.0,False,True,False
002842.SZSE,翔鹭钨业,2026-05-13,2026-05,封D1负,1.35,-4.43,-4.43,FLAT·横盘平台,-5.74,-5.74,0.0,1.0,8.52,True,6,2,-3.82,0.11,50.0,False,True,False
002842.SZSE,翔鹭钨业,2026-06-25,2026-06,封D1正,1.6,1.46,1.46,FLAT·横盘平台,-10.95,-10.95,0.0,1.0,3.51,False,3,2,-3.39,3.27,87.0,False,True,False
002842.SZSE,翔鹭钨业,2026-07-02,2026-07,封D1负,-0.22,-10.01,-10.01,DN·阴跌到点,-13.11,-13.11,0.0,1.0,14.36,False,8,2,-5.37,2.01,130.0,False,True,False
002843.SZSE,泰嘉股份,2024-02-27,2024-02,炸板,-0.81,-10.05,-10.05,HIGH·新高贴顶,13.36,7.45,5.5,0.0,5.89,True,6,2,-0.36,1.77,72.0,False,False,False
002846.SZSE,英联股份,2024-03-20,2024-03,封D1负,1.1,-1.54,-1.54,LB·L趴底,-12.31,-12.95,0.73,0.3333333333333333,6.1,False,5,3,-2.71,1.06,46.0,False,True,False
002846.SZSE,英联股份,2024-04-01,2024-04,炸板,-1.97,0.33,0.33,LB·L趴底,-11.57,-12.95,1.59,0.09090909090909091,14.63,False,13,3,-1.19,2.97,56.0,False,False,False
002846.SZSE,英联股份,2025-09-09,2025-09,封D1正,-3.28,1.89,1.89,HIGH·新高贴顶,0.3,-5.31,5.92,0.0,11.69,True,5,2,-5.16,0.89,56.0,False,True,False
002848.SZSE,高斯贝尔,2024-03-26,2024-03,封D1负,0.0,-5.77,-5.77,U·U型蹲,-15.34,-20.23,6.13,0.14285714285714285,15.87,False,16,3,-4.54,2.49,36.0,False,True,False
002848.SZSE,高斯贝尔,2024-11-29,2024-11,连板,-1.84,10.03,-0.09,U·U型蹲,-11.31,-20.29,11.26,0.3333333333333333,16.89,False,14,2,0.0,1.21,75.0,True,True,True
002849.SZSE,威星智能,2024-03-06,2024-03,封D1负,-2.85,-6.99,-6.99,HIGH·新高贴顶,10.54,2.99,7.33,0.0,16.2,True,12,2,-3.1,0.76,38.0,False,True,False
002849.SZSE,威星智能,2024-03-13,2024-03,炸板,-7.62,5.91,3.11,HIGH·新高贴顶,17.39,2.99,13.98,0.0,18.11,True,17,2,-1.0,1.99,57.0,False,False,True
002850.SZSE,科达利,2024-10-18,2024-10,炸板,-0.18,-1.05,-1.05,DN·阴跌到点,-8.92,-8.92,0.0,1.0,17.91,True,9,2,-1.74,0.94,41.0,False,False,False
002851.SZSE,麦格米特,2024-12-26,2024-12,封D1负,-2.65,-3.5,-3.5,HIGH·新高贴顶,1.83,1.83,0.0,1.0,4.2,True,4,2,-1.72,2.71,31.0,False,True,False
002851.SZSE,麦格米特,2025-01-07,2025-01,封D1正,-0.25,7.52,7.52,HIGH·新高贴顶,5.47,1.83,3.57,0.2222222222222222,12.06,True,11,2,1.75,3.86,52.0,False,True,False
002851.SZSE,麦格米特,2026-07-09,2026-07,封D1正,4.99,1.38,1.38,DN·阴跌到点,-11.34,-11.34,0.0,1.0,30.13,True,16,2,-2.99,1.78,41.0,False,True,False
002853.SZSE,皮阿诺,2025-01-23,2025-01,炸板,-8.32,1.75,1.75,LB·L趴底,-13.57,-14.32,0.87,0.25,11.08,False,6,2,-1.61,0.28,36.0,False,False,False
002853.SZSE,皮阿诺,2025-12-26,2025-12,封D1负,1.56,-5.77,-5.77,DN·阴跌到点,-5.92,-5.92,0.0,1.0,19.52,True,6,4,-7.04,2.29,72.0,False,True,False
002853.SZSE,皮阿诺,2026-01-07,2026-01,封D1负,6.52,-0.93,-0.93,MID·中位浅调,-5.27,-5.92,0.69,0.4,19.52,True,12,4,-2.24,0.95,96.0,False,True,False
002855.SZSE,捷荣技术,2023-10-24,2023-10,连板,0.07,10.0,-0.79,DN·阴跌到点,-20.34,-20.34,0.0,1.0,27.09,True,13,6,-8.28,2.84,31.0,True,True,True
002858.SZSE,力盛体育,2023-12-28,2023-12,封D1正,1.89,5.61,5.61,DN·阴跌到点,-20.63,-20.63,0.0,1.0,34.5,True,15,2,-2.1,1.62,26.0,False,True,False
002861.SZSE,瀛通通讯,2024-03-25,2024-03,封D1负,1.18,-5.49,-5.49,DN·阴跌到点,-11.79,-11.79,0.0,1.0,12.35,False,4,2,-5.11,1.15,44.0,False,True,False
002861.SZSE,瀛通通讯,2024-07-09,2024-07,封D1正,0.54,0.0,0.0,DN·阴跌到点,-28.4,-28.4,0.0,1.0,25.65,False,6,4,-3.11,1.84,14.0,False,True,False
002861.SZSE,瀛通通讯,2024-07-16,2024-07,封D1负,4.5,-3.78,-3.78,MID·中位浅调,-24.4,-28.4,5.58,0.4444444444444444,25.65,False,11,4,-1.77,0.33,22.0,False,True,False
002861.SZSE,瀛通通讯,2024-08-28,2024-08,封D1正,0.0,2.33,2.33,FLAT·横盘平台,-11.5,-11.5,0.0,1.0,9.52,False,9,2,-7.13,0.86,23.0,False,True,False
002862.SZSE,实丰文化,2023-12-28,2023-12,封D1负,0.0,-1.35,-1.35,DN·阴跌到点,-23.11,-23.11,0.0,1.0,23.79,False,7,4,-2.8,1.5,26.0,False,True,False
002865.SZSE,钧达股份,2026-01-06,2026-01,封D1正,-1.67,7.47,7.47,HIGH·新高贴顶,10.62,-6.49,18.29,0.2222222222222222,30.19,True,11,2,-3.5,0.71,74.0,False,True,False
002865.SZSE,钧达股份,2026-01-29,2026-01,炸板,-4.22,-7.14,-7.14,HIGH·新高贴顶,-0.74,-0.74,0.0,1.0,8.81,True,4,2,-5.21,0.0,72.0,False,False,False
002865.SZSE,钧达股份,2026-02-03,2026-02,封D1正,3.81,3.69,3.69,HIGH·新高贴顶,0.76,-0.74,1.52,0.4,8.81,True,7,2,-0.61,2.01,32.0,False,True,False
002865.SZSE,钧达股份,2026-02-27,2026-02,封D1负,-1.23,-2.84,-2.84,DN·阴跌到点,-15.03,-15.03,0.0,1.0,35.27,True,19,2,-1.95,0.31,52.0,False,True,False
002868.SZSE,绿康生化,2024-02-01,2024-02,封D1负,7.61,-5.82,-5.82,DN·阴跌到点,-44.36,-44.36,0.0,1.0,69.99,False,12,4,-6.12,1.23,24.0,False,True,False
002868.SZSE,绿康生化,2024-02-08,2024-02,封D1正,0.39,3.14,3.14,DN·阴跌到点,-53.77,-53.77,0.0,1.0,104.6,False,17,4,-7.64,3.99,92.0,False,True,False
002869.SZSE,金溢科技,2024-07-15,2024-07,炸板,-3.52,0.32,0.32,DN·阴跌到点,-16.98,-18.77,2.2,0.75,35.8,True,18,3,-4.41,1.11,28.0,False,False,False
002869.SZSE,金溢科技,2024-10-29,2024-10,封D1正,1.8,6.83,6.83,U·U型蹲,-4.87,-13.34,9.78,0.15384615384615385,18.36,True,15,2,-0.88,1.29,179.0,False,True,False
002871.SZSE,伟隆股份,2025-09-03,2025-09,封D1负,-2.12,-5.93,-5.93,HIGH·新高贴顶,-1.53,-1.53,0.0,1.0,18.84,True,11,2,-6.59,1.73,40.0,False,True,False
002873.SZSE,新天药业,2025-08-25,2025-08,炸板,-3.84,-7.24,-7.24,DN·阴跌到点,-17.38,-17.38,0.0,1.0,8.92,False,4,3,-2.18,2.26,55.0,False,False,False
002875.SZSE,安奈儿,2024-10-17,2024-10,炸板,-8.66,-6.19,-6.19,MID·中位浅调,-9.36,-13.52,4.82,0.25,11.18,False,6,2,-5.72,0.86,67.0,False,False,False
002877.SZSE,智能自控,2024-12-09,2024-12,封D1正,5.0,0.77,0.77,HIGH·新高贴顶,-3.07,-10.04,7.74,0.0,16.4,True,10,2,-4.73,0.6,94.0,False,True,False
002877.SZSE,智能自控,2025-12-12,2025-12,炸板,-3.93,-5.1,-5.1,DN·阴跌到点,-22.83,-24.08,1.65,0.6428571428571429,18.55,False,16,3,-4.24,0.21,27.0,False,False,False
002878.SZSE,元隆雅图,2025-01-07,2025-01,封D1正,0.33,4.32,4.32,DN·阴跌到点,-32.78,-32.78,0.0,1.0,53.67,True,11,2,-7.84,1.26,52.0,False,True,False
002878.SZSE,元隆雅图,2025-06-05,2025-06,封D1负,1.29,-5.98,-5.98,FLAT·横盘平台,-11.91,-11.91,0.0,1.0,8.36,False,3,2,-7.71,2.9,60.0,False,True,False
002878.SZSE,元隆雅图,2025-06-09,2025-06,封D1负,2.14,-2.45,-2.45,MID·中位浅调,-8.88,-11.91,3.44,0.3333333333333333,10.02,False,5,2,-5.98,0.48,44.0,False,True,False
002878.SZSE,元隆雅图,2025-06-11,2025-06,连板,4.37,10.0,22.04,HIGH·新高贴顶,-2.19,-11.91,11.03,0.2,13.81,True,7,2,-2.45,1.3,36.0,True,True,True
002882.SZSE,金龙羽,2024-02-08,2024-02,封D1正,1.09,4.38,4.38,DN·阴跌到点,-47.21,-47.21,0.0,1.0,115.65,True,20,2,-3.83,2.05,92.0,False,True,False
002885.SZSE,京泉华,2025-10-21,2025-10,炸板,-6.52,-8.19,-8.19,FLAT·横盘平台,-8.72,-8.72,0.0,1.0,1.71,False,3,2,-1.68,0.04,66.0,False,False,False
002885.SZSE,京泉华,2025-10-31,2025-10,炸板,-5.67,-1.19,25.92,U·U型蹲,-6.63,-15.5,10.5,0.4444444444444444,15.01,False,11,2,-3.92,2.7,42.0,False,False,True
002888.SZSE,惠威科技,2023-12-18,2023-12,连板,1.03,10.0,19.79,DN·阴跌到点,-28.67,-28.67,0.0,1.0,26.19,False,15,4,-1.84,1.39,42.0,True,True,True
002888.SZSE,惠威科技,2024-01-03,2024-01,连板,8.44,10.01,8.48,FLAT·横盘平台,-9.95,-9.99,0.04,0.0,8.0,False,8,4,-7.37,0.32,48.0,True,True,True
002892.SZSE,科力尔,2023-07-04,2023-07,封D1负,0.0,-7.19,-7.19,HIGH·新高贴顶,-3.91,-7.6,4.0,0.2,11.07,True,7,2,-1.96,2.61,39.0,False,True,False
002892.SZSE,科力尔,2023-07-06,2023-07,封D1负,0.07,-2.76,-2.76,HIGH·新高贴顶,-1.92,-7.6,6.15,0.14285714285714285,14.37,True,9,2,-7.19,0.0,19.0,False,True,False
002892.SZSE,科力尔,2023-07-11,2023-07,炸板,-1.43,-6.36,-6.36,HIGH·新高贴顶,-0.57,-7.6,7.61,0.1,16.76,True,12,2,-5.21,1.42,31.0,False,False,False
002892.SZSE,科力尔,2024-11-29,2024-11,封D1正,0.0,4.06,4.06,DN·阴跌到点,-14.64,-14.64,0.0,1.0,28.56,True,17,3,-1.47,0.98,75.0,False,True,False
002896.SZSE,中大力德,2023-09-20,2023-09,封D1负,0.0,-0.41,-0.41,DN·阴跌到点,-10.41,-10.41,0.0,1.0,13.4,True,15,2,-3.8,0.52,19.0,False,True,False
002900.SZSE,哈三联,2025-06-27,2025-06,封D1负,0.0,-1.38,-1.38,DN·阴跌到点,-20.51,-20.51,0.0,1.0,27.09,True,18,2,-2.16,0.6,46.0,False,True,False
002900.SZSE,哈三联,2026-08-04,2026-08,封D1正,0.0,2.5,2.5,DN·阴跌到点,-6.86,-6.86,0.0,1.0,15.17,True,8,2,-1.66,0.96,69.0,False,True,False
002900.SZSE,哈三联,2026-08-17,2026-08,炸板,-3.92,-7.18,-7.18,FLAT·横盘平台,-6.14,-6.14,0.0,1.0,4.96,False,5,2,-2.11,0.56,51.0,False,False,False
002900.SZSE,哈三联,2026-08-19,2026-08,封D1负,9.98,-2.11,-2.11,FLAT·横盘平台,-4.18,-6.14,2.08,0.6,7.18,True,7,2,-4.76,1.68,70.0,False,True,False
002902.SZSE,铭普光磁,2023-06-29,2023-06,炸板,-1.58,1.1,1.1,HIGH·新高贴顶,-3.5,-3.5,0.0,1.0,33.18,True,14,5,-5.6,0.5,28.0,False,False,False
002902.SZSE,铭普光磁,2026-04-13,2026-04,封D1负,-0.84,-1.91,-1.91,HIGH·新高贴顶,-1.68,-8.37,7.3,0.2222222222222222,12.27,True,11,2,-2.64,2.84,53.0,False,True,False
002902.SZSE,铭普光磁,2026-05-15,2026-05,炸板,-10.11,-9.9,-9.9,HIGH·新高贴顶,24.31,-3.43,28.73,0.125,31.46,True,10,2,-2.08,2.03,50.0,False,False,False
002903.SZSE,宇环数控,2026-03-13,2026-03,封D1负,-1.0,-2.22,-2.22,FLAT·横盘平台,-7.11,-7.11,0.0,1.0,3.33,False,3,2,-3.22,0.79,46.0,False,True,False
002903.SZSE,宇环数控,2026-06-02,2026-06,封D1正,2.82,1.87,1.87,DN·阴跌到点,-12.98,-12.98,0.0,1.0,23.51,True,18,2,-2.48,3.35,109.0,False,True,False
002905.SZSE,金逸影视,2023-08-24,2023-08,封D1负,2.5,-1.25,-1.25,DN·阴跌到点,-13.08,-13.08,0.0,1.0,20.28,True,12,2,-3.8,0.88,25.0,False,True,False
002907.SZSE,华森制药,2023-08-15,2023-08,封D1负,3.58,-1.84,-1.84,HIGH·新高贴顶,-3.3,-3.3,0.0,1.0,4.8,True,4,2,-4.58,2.37,18.0,False,True,False
002910.SZSE,庄园牧场,2025-03-14,2025-03,封D1负,0.6,-1.61,-1.61,DN·阴跌到点,-31.18,-31.18,0.0,1.0,31.05,False,11,5,-2.58,0.43,34.0,False,True,False
002912.SZSE,中新赛克,2024-11-06,2024-11,封D1负,3.9,-4.59,-4.59,FLAT·横盘平台,-8.37,-8.37,0.0,1.0,7.28,False,4,5,-4.32,1.49,139.0,False,True,False
002912.SZSE,中新赛克,2024-11-18,2024-11,封D1负,-0.95,-3.42,-3.42,DN·阴跌到点,-21.59,-21.59,0.0,1.0,28.54,True,12,5,-5.95,1.53,53.0,False,True,False
002913.SZSE,奥士康,2026-03-18,2026-03,封D1负,0.0,-3.02,-3.02,DN·阴跌到点,-12.86,-12.86,0.0,1.0,14.88,True,8,2,-5.72,0.0,33.0,False,True,False
002915.SZSE,中欣氟材,2024-12-24,2024-12,封D1负,-1.46,-4.81,-4.81,DN·阴跌到点,-27.4,-27.4,0.0,1.0,33.49,False,9,3,-7.76,0.07,26.0,False,True,False
002915.SZSE,中欣氟材,2025-05-13,2025-05,炸板,-5.83,-4.52,-4.52,HIGH·新高贴顶,0.7,0.28,0.42,0.0,9.99,True,6,2,-1.51,2.47,38.0,False,False,False
002915.SZSE,中欣氟材,2025-08-13,2025-08,炸板,-5.45,-3.65,-3.65,HIGH·新高贴顶,5.55,-2.46,8.2,0.0,10.0,True,4,3,-1.63,2.01,42.0,False,False,False
002918.SZSE,蒙娜丽莎,2025-01-02,2025-01,封D1负,3.96,-1.81,-1.81,MID·中位浅调,-5.55,-9.03,3.83,0.125,11.6,True,10,2,-6.96,1.32,39.0,False,True,False
002918.SZSE,蒙娜丽莎,2026-05-28,2026-05,封D1负,2.87,-10.03,-10.03,DN·阴跌到点,-27.0,-27.0,0.0,1.0,23.31,False,9,6,-3.0,0.14,45.0,False,True,False
002919.SZSE,名臣健康,2023-05-26,2023-05,连板,6.31,10.01,12.83,FLAT·横盘平台,-9.08,-9.08,0.0,1.0,7.42,False,5,2,-3.29,0.0,36.0,True,True,True
002919.SZSE,名臣健康,2024-08-14,2024-08,连板,1.44,9.99,2.95,DN·阴跌到点,-10.57,-10.57,0.0,1.0,11.74,False,6,2,-2.04,0.24,25.0,True,True,True
002919.SZSE,名臣健康,2024-09-05,2024-09,封D1负,0.24,-1.61,-1.61,DN·阴跌到点,-22.09,-22.09,0.0,1.0,20.23,False,15,2,-1.91,1.3,31.0,False,True,False
002923.SZSE,润都股份,2025-04-23,2025-04,炸板,-7.2,-5.51,-5.51,DN·阴跌到点,-30.37,-31.95,2.31,0.8333333333333334,60.5,True,14,2,-1.75,2.62,68.0,False,False,False
002925.SZSE,盈趣科技,2025-09-29,2025-09,封D1负,-0.29,-3.13,-3.13,DN·阴跌到点,-12.41,-12.41,0.0,1.0,12.73,False,4,2,-5.37,0.6,39.0,False,True,False
002926.SZSE,华西证券,2024-10-16,2024-10,封D1负,2.3,-6.34,-6.34,DN·阴跌到点,-18.41,-18.41,0.0,1.0,10.27,False,6,2,-2.71,0.74,33.0,False,True,False
002927.SZSE,泰永长征,2023-12-11,2023-12,炸板,-4.98,-5.04,-5.04,FLAT·横盘平台,-5.92,-10.14,4.7,0.6,7.96,False,7,2,0.69,2.89,27.0,False,False,False
002929.SZSE,润建股份,2026-07-10,2026-07,炸板,-5.18,-8.04,-8.04,DN·阴跌到点,-20.08,-20.97,1.14,0.8,19.8,False,7,2,1.14,2.73,63.0,False,False,False
002938.SZSE,鹏鼎控股,2026-06-02,2026-06,炸板,-1.47,-4.72,-4.72,DN·阴跌到点,-9.6,-9.6,0.0,1.0,12.25,True,6,2,-1.59,1.24,109.0,False,False,False
002940.SZSE,昂利康,2025-06-27,2025-06,封D1正,0.0,9.24,9.24,HIGH·新高贴顶,18.27,0.92,17.19,0.1,26.79,True,12,4,-6.0,3.93,46.0,False,True,False
002940.SZSE,昂利康,2025-07-31,2025-07,连板,1.4,10.0,13.11,DN·阴跌到点,-4.69,-4.69,0.0,1.0,23.06,True,8,2,-7.75,2.73,40.0,True,True,True
002940.SZSE,昂利康,2025-08-25,2025-08,封D1负,2.1,-4.93,-4.93,DN·阴跌到点,-19.64,-21.41,2.24,0.8571428571428571,30.84,True,16,2,-1.56,0.62,55.0,False,True,False
002940.SZSE,昂利康,2026-05-11,2026-05,炸板,-2.64,-5.86,-5.86,DN·阴跌到点,-18.34,-18.34,0.0,1.0,24.77,True,13,2,-2.35,0.24,89.0,False,False,False
002940.SZSE,昂利康,2026-05-13,2026-05,连板,5.71,9.99,18.67,MID·中位浅调,-15.42,-18.34,3.56,0.8461538461538461,24.77,True,15,2,-3.3,0.82,50.0,True,True,True
002940.SZSE,昂利康,2026-05-21,2026-05,封D1负,-6.9,-9.99,-9.99,HIGH·新高贴顶,3.57,3.57,0.0,1.0,4.92,True,5,2,-4.69,0.9,51.0,False,True,False
002943.SZSE,宇晶股份,2026-02-03,2026-02,封D1正,3.83,5.05,5.05,HIGH·新高贴顶,11.2,5.56,5.34,0.0,10.5,True,7,2,-2.41,3.24,32.0,False,True,False
002947.SZSE,恒铭达,2023-10-30,2023-10,炸板,0.3,-5.32,-5.32,HIGH·新高贴顶,4.17,-6.21,11.07,0.5,14.03,True,12,3,-2.6,1.23,67.0,False,False,False
002949.SZSE,华阳国际,2024-12-20,2024-12,封D1负,0.0,-9.99,-9.99,HIGH·新高贴顶,-1.07,-3.42,2.43,0.5,8.45,True,6,2,-3.96,0.0,50.0,False,True,False
002949.SZSE,华阳国际,2024-12-30,2024-12,封D1负,0.0,-5.06,-5.06,DN·阴跌到点,-12.96,-12.96,0.0,1.0,25.03,True,12,2,-4.43,3.31,61.0,False,True,False
002951.SZSE,金时科技,2025-07-15,2025-07,连板,3.64,10.02,3.64,DN·阴跌到点,-7.69,-7.69,0.0,1.0,16.34,True,4,3,-4.49,2.93,55.0,True,True,True
002951.SZSE,金时科技,2025-08-21,2025-08,封D1负,-0.79,-2.89,-2.89,FLAT·横盘平台,-6.14,-6.14,0.0,1.0,8.28,True,4,2,-7.65,0.48,78.0,False,True,False
002951.SZSE,金时科技,2026-07-27,2026-07,封D1正,2.68,4.31,4.31,DN·阴跌到点,-31.43,-31.43,0.0,1.0,41.2,False,13,2,-2.27,0.17,36.0,False,True,False
002952.SZSE,亚世光电,2024-01-29,2024-01,封D1负,-5.39,-10.0,-10.0,DN·阴跌到点,-28.35,-28.35,0.0,1.0,40.75,True,19,9,-2.52,3.51,49.0,False,True,False
002952.SZSE,亚世光电,2024-03-19,2024-03,封D1负,1.98,-0.12,-0.12,MID·中位浅调,-25.76,-28.05,3.17,0.8461538461538461,25.09,False,15,5,1.78,0.0,70.0,False,True,False
002952.SZSE,亚世光电,2024-09-09,2024-09,封D1负,1.29,-2.35,-2.35,LB·L趴底,-28.22,-29.78,2.23,0.42857142857142855,28.17,False,16,4,-2.03,1.24,26.0,False,True,False
002953.SZSE,日丰股份,2026-08-25,2026-08,炸板,-6.49,-6.49,-6.49,FLAT·横盘平台,-10.49,-10.49,0.0,1.0,6.29,False,4,2,-2.96,3.79,41.0,False,False,False
002957.SZSE,科瑞技术,2026-04-17,2026-04,封D1正,7.61,4.33,4.33,HIGH·新高贴顶,12.79,1.4,11.23,0.0,11.58,True,7,2,-0.31,0.88,68.0,False,True,False
002961.SZSE,瑞达期货,2025-12-24,2025-12,封D1负,0.03,-0.72,-0.72,DN·阴跌到点,-9.63,-9.63,0.0,1.0,14.61,True,12,2,-1.92,0.81,48.0,False,True,False
002963.SZSE,豪尔赛,2026-08-11,2026-08,封D1负,-3.38,-4.93,-4.93,FLAT·横盘平台,-5.63,-5.63,0.0,1.0,1.31,False,3,5,-1.3,1.62,93.0,False,True,False
002968.SZSE,新大正,2023-09-04,2023-09,封D1负,0.62,-2.3,-2.3,FLAT·横盘平台,-4.94,-4.94,0.0,1.0,6.22,True,4,2,-2.98,3.05,17.0,False,True,False
002969.SZSE,嘉美包装,2026-02-05,2026-02,封D1正,0.04,2.77,2.77,HIGH·新高贴顶,21.51,2.59,18.44,0.0,22.57,True,7,2,-3.36,1.89,57.0,False,True,False
002971.SZSE,和远气体,2026-05-27,2026-05,封D1负,-0.03,-3.62,-3.62,DN·阴跌到点,-22.59,-22.59,0.0,1.0,27.37,False,8,2,-1.97,3.5,45.0,False,True,False
002971.SZSE,和远气体,2026-08-21,2026-08,封D1负,-2.36,-5.94,-5.94,DN·阴跌到点,-6.63,-6.63,0.0,1.0,10.41,True,10,3,-2.6,0.21,59.0,False,True,False
002975.SZSE,博杰股份,2024-03-05,2024-03,炸板,-7.97,-3.92,-3.92,FLAT·横盘平台,-5.71,-5.71,0.0,1.0,6.48,True,4,4,-4.94,1.57,61.0,False,False,False
002975.SZSE,博杰股份,2025-09-10,2025-09,封D1正,0.75,1.75,1.75,DN·阴跌到点,-12.35,-12.35,0.0,1.0,12.13,False,5,3,-2.78,2.36,45.0,False,True,False
002975.SZSE,博杰股份,2026-05-06,2026-05,炸板,-1.15,2.45,2.45,HIGH·新高贴顶,27.02,0.02,26.99,0.21428571428571427,34.91,True,16,2,0.25,1.46,69.0,False,False,False
002975.SZSE,博杰股份,2026-05-28,2026-05,封D1正,5.0,7.46,7.46,FLAT·横盘平台,-8.71,-8.71,0.0,1.0,4.0,False,3,2,-3.84,0.9,45.0,False,True,False
002975.SZSE,博杰股份,2026-06-15,2026-06,封D1正,1.87,2.52,2.52,DN·阴跌到点,-9.23,-10.93,1.91,0.6923076923076923,24.76,True,15,2,-1.02,0.82,83.0,False,True,False
002980.SZSE,华盛昌,2026-03-16,2026-03,封D1负,0.03,-1.91,-1.91,HIGH·新高贴顶,0.23,-7.42,8.26,0.14285714285714285,16.3,True,9,3,-3.49,0.93,52.0,False,True,False
002980.SZSE,华盛昌,2026-04-13,2026-04,连板,2.21,10.0,20.97,HIGH·新高贴顶,4.56,4.26,0.28,0.0,5.33,True,4,2,-4.8,0.36,53.0,True,True,True
002980.SZSE,华盛昌,2026-04-24,2026-04,炸板,-4.56,-3.1,-3.1,HIGH·新高贴顶,18.33,3.63,14.19,0.16666666666666666,23.66,True,8,2,-6.55,0.16,45.0,False,False,False
002980.SZSE,华盛昌,2026-05-07,2026-05,封D1正,-1.64,0.89,0.89,HIGH·新高贴顶,18.21,3.63,14.07,0.08333333333333333,27.97,True,14,2,-5.15,0.06,88.0,False,True,False
002980.SZSE,华盛昌,2026-06-02,2026-06,封D1正,5.85,9.16,9.16,DN·阴跌到点,-20.38,-20.38,0.0,1.0,15.49,False,6,2,-6.67,0.78,109.0,False,True,False
002981.SZSE,朝阳科技,2024-11-15,2024-11,炸板,-3.14,-8.7,-8.7,FLAT·横盘平台,-11.15,-11.15,0.0,1.0,6.87,False,4,2,-4.6,0.98,27.0,False,False,False
002981.SZSE,朝阳科技,2024-11-19,2024-11,封D1正,3.98,4.25,4.25,FLAT·横盘平台,-10.77,-11.15,0.43,0.5,7.05,False,6,2,-6.18,2.71,74.0,False,True,False
002987.SZSE,京北方,2024-10-11,2024-10,封D1正,4.94,2.78,2.78,FLAT·横盘平台,-5.58,-5.58,0.0,1.0,6.65,True,3,2,-6.24,1.21,51.0,False,True,False
002989.SZSE,中天精装,2024-10-10,2024-10,封D1负,5.84,-3.32,-3.32,HIGH·新高贴顶,13.29,-3.03,16.83,0.125,28.08,True,18,2,-8.79,1.15,29.0,False,True,False
002989.SZSE,中天精装,2026-05-13,2026-05,炸板,-4.34,-7.05,-7.05,HIGH·新高贴顶,-1.62,-1.62,0.0,1.0,2.06,True,5,2,-2.01,1.24,50.0,False,False,False
002989.SZSE,中天精装,2026-06-30,2026-06,炸板,-6.09,-6.83,-6.83,DN·阴跌到点,-11.67,-11.67,0.0,1.0,17.15,True,7,3,-2.54,2.13,89.0,False,False,False
002989.SZSE,中天精装,2026-07-06,2026-07,封D1负,-0.06,-9.99,-9.99,DN·阴跌到点,-18.46,-18.46,0.0,1.0,26.91,True,11,3,-1.87,1.87,92.0,False,True,False
002992.SZSE,宝明科技,2023-06-06,2023-06,炸板,0.0,-0.92,-0.92,HIGH·新高贴顶,15.06,-3.65,19.43,0.0,21.74,True,18,3,-0.67,0.93,35.0,False,False,False
002995.SZSE,天地在线,2023-05-26,2023-05,连板,6.48,10.0,10.44,DN·阴跌到点,-10.28,-10.28,0.0,1.0,12.26,True,9,2,-1.62,1.76,36.0,True,True,True
002995.SZSE,天地在线,2023-06-13,2023-06,炸板,-4.12,6.03,8.59,LB·L趴底,-20.51,-21.62,1.41,0.0,6.79,False,7,2,-3.95,2.96,53.0,False,False,True
002995.SZSE,天地在线,2024-12-05,2024-12,封D1负,0.16,-0.74,-0.74,DN·阴跌到点,-17.18,-17.18,0.0,1.0,13.01,False,4,3,-7.53,3.33,69.0,False,True,False
002995.SZSE,天地在线,2024-12-19,2024-12,连板,5.58,10.0,-1.0,DN·阴跌到点,-18.64,-18.64,0.0,1.0,18.92,False,14,3,-6.55,3.68,84.0,True,True,True
002999.SZSE,天禾股份,2024-04-23,2024-04,封D1负,-2.74,-0.86,-0.86,MID·中位浅调,-15.07,-19.78,5.87,0.6923076923076923,16.61,False,15,2,-3.81,0.91,40.0,False,True,False
003003.SZSE,天元股份,2025-07-16,2025-07,封D1负,-1.84,-3.38,-3.38,FLAT·横盘平台,-11.33,-11.33,0.0,1.0,9.3,False,6,2,-3.66,1.32,38.0,False,True,False
003007.SZSE,直真科技,2024-02-26,2024-02,炸板,-6.02,0.76,0.76,U·U型蹲,-19.76,-32.52,18.91,0.3333333333333333,33.37,False,11,2,2.8,0.25,79.0,False,False,False
003008.SZSE,开普检测,2024-06-25,2024-06,封D1负,1.48,-1.6,-1.6,DN·阴跌到点,-25.77,-25.77,0.0,1.0,26.14,False,11,3,-5.7,1.23,15.0,False,True,False
003009.SZSE,中天火箭,2026-06-12,2026-06,封D1正,-0.02,5.16,5.16,FLAT·横盘平台,-9.57,-9.57,0.0,1.0,7.29,False,4,2,-3.09,1.67,55.0,False,True,False
003009.SZSE,中天火箭,2026-06-30,2026-06,封D1正,0.03,4.02,4.02,DN·阴跌到点,-10.55,-11.68,1.28,0.8461538461538461,18.45,True,15,2,-4.85,0.0,89.0,False,True,False
003010.SZSE,若羽臣,2023-06-07,2023-06,封D1负,1.86,-3.87,-3.87,HIGH·新高贴顶,-3.25,-12.23,10.23,0.25,24.95,True,10,2,-7.81,0.08,35.0,False,True,False
003015.SZSE,日久光电,2023-10-20,2023-10,炸板,-9.58,-7.23,-7.23,DN·阴跌到点,-23.73,-23.73,0.0,1.0,39.36,True,15,3,-1.66,0.78,22.0,False,False,False
003017.SZSE,大洋生物,2025-06-20,2025-06,炸板,-5.05,-8.38,-8.38,FLAT·横盘平台,-9.79,-9.79,0.0,1.0,7.67,False,4,2,-4.66,1.45,26.0,False,False,False
003018.SZSE,金富科技,2026-02-13,2026-02,炸板,-5.36,-8.53,-8.53,HIGH·新高贴顶,-0.93,-5.27,4.58,0.0,10.0,True,4,3,-4.93,2.93,55.0,False,False,False
003018.SZSE,金富科技,2026-05-28,2026-05,封D1正,3.24,4.26,4.26,DN·阴跌到点,-9.75,-9.75,0.0,1.0,18.96,True,8,3,-7.91,0.63,45.0,False,True,False
003018.SZSE,金富科技,2026-06-11,2026-06,炸板,1.02,-1.02,-1.02,V·V末反,-17.4,-23.58,8.09,0.875,40.49,True,18,3,-1.74,0.79,63.0,False,False,False
003018.SZSE,金富科技,2026-08-21,2026-08,封D1负,0.19,-2.84,-2.84,HIGH·新高贴顶,2.28,0.16,2.11,0.2,12.4,True,12,2,-1.49,1.36,59.0,False,True,False
003018.SZSE,金富科技,2026-08-25,2026-08,封D1负,2.17,-4.15,-4.15,HIGH·新高贴顶,9.31,0.16,9.14,0.16666666666666666,12.4,True,14,2,-2.84,0.7,41.0,False,True,False
003020.SZSE,立方制药,2026-07-27,2026-07,封D1负,2.04,-0.99,-0.99,DN·阴跌到点,-24.31,-24.31,0.0,1.0,40.45,True,10,3,-5.97,2.77,36.0,False,True,False
003021.SZSE,兆威机电,2025-02-05,2025-02,炸板,-2.52,8.29,8.92,HIGH·新高贴顶,8.24,-0.19,8.44,0.09090909090909091,22.06,True,13,2,-7.55,0.06,35.0,False,False,True
003023.SZSE,彩虹集团,2025-08-04,2025-08,封D1负,-1.41,-4.64,-4.64,DN·阴跌到点,-5.73,-7.52,1.93,0.75,12.54,True,6,3,1.93,0.04,30.0,False,True,False
003026.SZSE,中晶科技,2024-06-20,2024-06,封D1负,-2.76,-5.86,-5.86,LB·L趴底,-14.68,-15.1,0.49,0.4,10.81,False,7,4,-1.51,2.27,20.0,False,True,False
003026.SZSE,中晶科技,2024-08-08,2024-08,炸板,2.37,5.86,3.76,DN·阴跌到点,-4.0,-4.0,0.0,1.0,22.36,True,6,2,-2.41,1.8,42.0,False,False,True
003026.SZSE,中晶科技,2024-10-18,2024-10,炸板,0.72,1.28,1.28,MID·中位浅调,-8.0,-8.31,0.34,0.3333333333333333,13.72,True,8,2,-1.41,1.25,41.0,False,False,False
003029.SZSE,吉大正元,2025-06-23,2025-06,连板,10.02,10.02,22.94,DN·阴跌到点,-5.03,-5.03,0.0,1.0,11.14,True,6,2,-7.43,0.54,36.0,True,True,True
003029.SZSE,吉大正元,2025-07-11,2025-07,封D1正,-0.16,4.11,4.11,LB·L趴底,-19.9,-21.96,2.65,0.3333333333333333,18.32,False,11,4,-4.32,1.34,54.0,False,True,False
003031.SZSE,中瓷电子,2025-12-17,2025-12,封D1正,0.44,0.49,0.49,DN·阴跌到点,-5.25,-5.25,0.0,1.0,11.52,True,5,3,-4.17,1.07,38.0,False,True,False
003031.SZSE,中瓷电子,2026-01-07,2026-01,封D1负,3.31,-6.11,-6.11,HIGH·新高贴顶,2.03,-5.25,7.68,0.1875,14.94,True,18,3,-2.12,1.05,96.0,False,True,False
003031.SZSE,中瓷电子,2026-08-21,2026-08,封D1负,0.93,-5.24,-5.24,DN·阴跌到点,-9.76,-9.76,0.0,1.0,11.21,True,4,2,-0.09,1.16,59.0,False,True,False
003033.SZSE,征和工业,2025-03-12,2025-03,封D1负,2.97,-6.08,-6.08,HIGH·新高贴顶,-0.09,-7.09,7.53,0.0,16.9,True,6,3,1.26,2.99,45.0,False,True,False
003033.SZSE,征和工业,2025-03-24,2025-03,封D1负,1.02,-1.52,-1.52,HIGH·新高贴顶,11.35,-7.09,19.85,0.0,23.8,True,14,3,-3.19,2.58,39.0,False,True,False
003036.SZSE,泰坦股份,2025-09-24,2025-09,封D1负,-0.05,-3.02,-3.02,DN·阴跌到点,-18.28,-18.28,0.0,1.0,16.87,False,11,2,-1.14,0.24,42.0,False,True,False
003037.SZSE,三和管桩,2025-07-21,2025-07,连板,10.01,10.01,9.07,DN·阴跌到点,-7.72,-7.72,0.0,1.0,12.39,True,4,2,-1.36,2.71,37.0,True,True,True
003038.SZSE,鑫铂股份,2024-12-10,2024-12,封D1负,2.06,-0.8,-0.8,DN·阴跌到点,-8.48,-8.73,0.28,0.8333333333333334,16.15,True,20,2,-0.66,2.19,83.0,False,True,False
003039.SZSE,顺控发展,2026-01-20,2026-01,封D1负,-1.01,-4.81,-4.81,HIGH·新高贴顶,-2.8,-6.91,4.41,0.2222222222222222,9.69,True,11,2,-4.81,0.84,79.0,False,True,False
003041.SZSE,真爱美家,2025-11-25,2025-11,封D1负,-5.0,-1.37,-1.37,HIGH·新高贴顶,-0.35,-0.35,0.0,1.0,4.78,True,4,6,-4.56,0.11,56.0,False,True,False
003041.SZSE,真爱美家,2026-06-01,2026-06,封D1负,0.23,-3.45,-3.45,DN·阴跌到点,-17.73,-17.73,0.0,1.0,33.59,True,17,2,-2.32,1.44,46.0,False,True,False
003042.SZSE,中农联合,2026-04-07,2026-04,封D1负,0.0,-1.64,-1.64,DN·阴跌到点,-16.03,-16.03,0.0,1.0,12.23,False,5,2,-8.54,0.22,26.0,False,True,False
600021.SSE,上海电力,2025-08-27,2025-08,炸板,0.6,-1.41,-1.41,HIGH·新高贴顶,4.87,1.16,3.67,0.0,7.64,True,7,2,-3.69,1.63,59.0,False,False,False
600026.SSE,中远海能,2026-03-18,2026-03,炸板,-2.23,-7.09,-7.09,MID·中位浅调,-6.75,-11.2,5.02,0.7777777777777778,14.16,True,11,2,-2.31,2.19,33.0,False,False,False
600030.SSE,中信证券,2024-10-18,2024-10,炸板,-4.66,-4.59,-4.59,DN·阴跌到点,-12.57,-12.57,0.0,1.0,16.02,True,8,3,-0.95,1.86,41.0,False,False,False
600032.SSE,浙江新能,2026-04-13,2026-04,封D1正,1.02,0.1,0.1,DN·阴跌到点,-31.64,-31.64,0.0,1.0,41.69,False,12,3,-0.56,0.45,53.0,False,True,False
600052.SSE,东望时代,2026-04-30,2026-04,封D1正,0.0,1.58,1.58,FLAT·横盘平台,-11.79,-11.79,0.0,1.0,7.67,False,5,2,-3.58,0.0,92.0,False,True,False
600058.SSE,五矿发展,2026-01-22,2026-01,封D1负,0.51,-0.58,-0.58,HIGH·新高贴顶,1.94,1.15,0.78,0.0,8.3,True,4,3,-6.94,2.1,72.0,False,True,False
600076.SSE,康欣新材,2024-07-11,2024-07,炸板,-3.12,-5.0,-5.0,DN·阴跌到点,-26.02,-26.02,0.0,1.0,21.38,False,6,4,-2.68,1.34,34.0,False,False,False
600076.SSE,康欣新材,2026-07-07,2026-07,炸板,-7.1,-13.66,-13.66,FLAT·横盘平台,-8.52,-8.52,0.0,1.0,8.11,False,4,2,-2.63,2.92,60.0,False,False,False
600078.SSE,澄星股份,2025-11-05,2025-11,炸板,1.78,7.43,32.67,U·U型蹲,-7.46,-13.81,7.37,0.42857142857142855,20.0,True,16,4,-2.13,1.92,44.0,False,False,True
600078.SSE,澄星股份,2026-03-13,2026-03,炸板,-4.65,-7.4,-7.4,MID·中位浅调,-12.9,-17.69,5.82,0.2222222222222222,16.16,False,11,3,0.0,1.16,46.0,False,False,False
600078.SSE,澄星股份,2026-06-03,2026-06,封D1正,0.31,6.96,6.96,DN·阴跌到点,-26.74,-26.74,0.0,1.0,36.42,False,17,2,-1.65,0.25,56.0,False,True,False
600088.SSE,中视传媒,2024-01-19,2024-01,封D1负,-0.07,-5.73,-5.73,DN·阴跌到点,-16.16,-16.16,0.0,1.0,23.04,True,12,2,-1.06,0.3,37.0,False,True,False
600088.SSE,中视传媒,2024-01-23,2024-01,连板,6.67,10.03,75.49,MID·中位浅调,-13.07,-16.16,3.69,0.8333333333333334,23.04,True,14,2,-5.73,2.58,15.0,True,True,True
600088.SSE,中视传媒,2024-03-05,2024-03,封D1负,-1.16,-2.6,-2.6,U·U型蹲,-21.38,-35.92,22.7,0.26666666666666666,40.49,False,17,8,-0.57,0.92,61.0,False,True,False
600094.SSE,大名城,2024-04-26,2024-04,连板,1.29,10.03,1.03,LB·L趴底,-13.66,-15.37,2.02,0.36363636363636365,14.41,False,13,2,-2.75,0.0,32.0,True,True,True
600094.SSE,大名城,2024-05-13,2024-05,炸板,-4.16,-1.62,-1.62,FLAT·横盘平台,-7.94,-8.18,0.25,0.0,9.41,True,7,2,-2.72,0.74,29.0,False,False,False
600101.SSE,明星电力,2024-05-24,2024-05,封D1正,5.88,5.22,5.22,HIGH·新高贴顶,0.98,-8.58,10.46,0.0,21.18,True,8,3,-3.36,0.23,16.0,False,True,False
600101.SSE,明星电力,2024-06-04,2024-06,封D1正,-0.49,2.86,2.86,HIGH·新高贴顶,6.37,-8.58,16.35,0.0,41.2,True,15,3,-7.07,1.14,10.0,False,True,False
600103.SSE,青山纸业,2025-10-20,2025-10,封D1正,0.27,1.08,1.08,DN·阴跌到点,-19.86,-19.86,0.0,1.0,44.78,True,20,4,-4.01,2.01,34.0,False,True,False
600105.SSE,永鼎股份,2025-12-05,2025-12,封D1正,2.22,5.96,5.96,FLAT·横盘平台,-10.01,-10.01,0.0,1.0,6.88,False,7,2,-2.99,1.37,30.0,False,True,False
600105.SSE,永鼎股份,2025-12-17,2025-12,炸板,-4.81,-3.46,-3.46,HIGH·新高贴顶,9.37,-10.01,21.53,0.38461538461538464,40.62,True,15,2,-6.01,0.25,38.0,False,False,False
600110.SSE,诺德股份,2025-09-09,2025-09,炸板,-7.5,-5.08,-5.08,U·U型蹲,-11.22,-18.65,9.14,0.38461538461538464,12.77,False,15,3,-2.72,1.16,56.0,False,False,False
600113.SSE,浙江东日,2025-07-10,2025-07,封D1负,-2.11,-2.18,-2.18,HIGH·新高贴顶,15.02,0.12,14.88,0.4,15.6,True,12,3,1.05,0.25,40.0,False,True,False
600113.SSE,浙江东日,2025-08-25,2025-08,连板,6.97,10.0,12.27,HIGH·新高贴顶,13.44,5.93,7.09,0.0,11.2,True,8,3,-3.69,2.2,55.0,True,True,True
600113.SSE,浙江东日,2026-07-20,2026-07,炸板,-7.63,-5.16,-5.16,DN·阴跌到点,-22.3,-22.3,0.0,1.0,27.47,False,13,3,-3.73,0.0,29.0,False,False,False
600120.SSE,浙江东方,2024-12-11,2024-12,炸板,-3.02,-1.07,-1.07,DN·阴跌到点,-8.26,-9.69,1.59,0.8571428571428571,13.12,True,9,2,1.59,0.8,82.0,False,False,False
600120.SSE,浙江东方,2025-02-19,2025-02,炸板,-4.46,-2.6,-2.6,DN·阴跌到点,-18.72,-18.72,0.0,1.0,18.39,False,5,7,-4.05,1.05,37.0,False,False,False
600121.SSE,郑州煤电,2026-03-20,2026-03,炸板,-4.14,2.07,2.07,DN·阴跌到点,-14.34,-14.34,0.0,1.0,9.09,False,5,2,-1.63,0.81,25.0,False,False,False
600128.SSE,苏豪弘业,2023-12-14,2023-12,封D1负,0.0,-3.4,-3.4,HIGH·新高贴顶,4.64,-0.64,5.31,0.0,11.62,True,8,2,-5.58,1.39,32.0,False,True,False
600151.SSE,航天机电,2025-12-12,2025-12,连板,3.9,10.0,11.56,HIGH·新高贴顶,2.56,-1.25,3.86,0.0,10.01,True,5,3,-1.96,1.4,27.0,True,True,True
600151.SSE,航天机电,2026-01-12,2026-01,封D1负,0.0,-10.0,-10.0,HIGH·新高贴顶,22.31,-6.14,30.31,0.375,30.31,True,18,2,1.82,3.44,79.0,False,True,False
600152.SSE,维科技术,2025-07-07,2025-07,封D1负,0.14,-3.43,-3.43,DN·阴跌到点,-13.01,-13.01,0.0,1.0,19.03,True,5,2,-6.36,1.56,30.0,False,True,False
600152.SSE,维科技术,2025-07-16,2025-07,炸板,-7.67,-7.11,-7.11,DN·阴跌到点,-14.32,-14.32,0.0,1.0,20.86,True,12,2,-3.12,0.74,38.0,False,False,False
600152.SSE,维科技术,2026-04-24,2026-04,连板,3.63,10.03,11.88,HIGH·新高贴顶,-0.93,-0.93,0.0,1.0,18.25,True,8,2,-6.06,1.12,45.0,True,True,True
600156.SSE,华升股份,2024-09-04,2024-09,封D1正,-2.16,1.35,1.35,FLAT·横盘平台,-7.18,-7.18,0.0,1.0,1.49,False,3,2,-1.47,0.29,33.0,False,True,False
600156.SSE,华升股份,2024-09-09,2024-09,封D1负,4.21,-0.53,-0.53,MID·中位浅调,-4.7,-7.18,2.68,0.25,11.61,True,6,2,-8.0,0.27,26.0,False,True,False
600156.SSE,华升股份,2025-08-28,2025-08,封D1正,6.69,4.18,4.18,HIGH·新高贴顶,-3.77,-3.77,0.0,1.0,10.7,True,5,2,-7.94,2.33,39.0,False,True,False
600157.SSE,永泰能源,2024-11-18,2024-11,封D1负,0.0,-1.75,-1.75,DN·阴跌到点,-8.28,-8.28,0.0,1.0,14.19,True,8,2,-1.9,1.9,53.0,False,True,False
600162.SSE,香江控股,2025-10-15,2025-10,封D1负,4.37,-3.06,-3.06,LB·L趴底,-27.78,-28.12,0.48,0.45454545454545453,44.44,True,13,5,-0.95,3.33,34.0,False,True,False
600162.SSE,香江控股,2025-10-21,2025-10,封D1正,0.0,1.7,1.7,MID·中位浅调,-25.69,-28.12,3.38,0.3333333333333333,44.44,True,17,5,-1.83,0.92,66.0,False,True,False
600162.SSE,香江控股,2026-06-18,2026-06,连板,3.35,10.06,8.38,HIGH·新高贴顶,16.49,4.66,11.3,0.0,26.71,True,14,5,-6.88,0.57,67.0,True,True,True
600162.SSE,香江控股,2026-06-25,2026-06,炸板,-15.85,-22.93,-22.93,FLAT·横盘平台,-5.33,-5.33,0.0,1.0,4.02,False,3,2,-3.87,3.09,87.0,False,False,False
600162.SSE,香江控股,2026-07-30,2026-07,连板,-0.69,10.03,7.27,MID·中位浅调,-14.05,-16.67,3.14,0.2857142857142857,9.8,False,9,3,-1.87,2.24,73.0,True,True,True
600162.SSE,香江控股,2026-08-25,2026-08,炸板,-3.36,-0.89,-0.89,LB·L趴底,-13.98,-14.19,0.25,0.5714285714285714,16.05,False,9,2,-2.87,0.0,41.0,False,False,False
600167.SSE,联美控股,2025-10-10,2025-10,封D1负,-5.03,-4.6,-4.6,DN·阴跌到点,-19.51,-19.51,0.0,1.0,18.24,False,5,4,-6.08,0.99,74.0,False,True,False
600171.SSE,上海贝岭,2024-10-18,2024-10,连板,9.99,9.99,14.89,HIGH·新高贴顶,0.18,-2.75,3.01,0.3333333333333333,11.95,True,8,2,-1.09,0.67,41.0,True,True,True
600172.SSE,黄河旋风,2024-11-27,2024-11,封D1正,1.75,3.51,3.51,DN·阴跌到点,-26.3,-26.3,0.0,0.8823529411764706,22.19,False,19,2,-1.58,0.63,79.0,False,True,False
600172.SSE,黄河旋风,2024-12-31,2024-12,炸板,-7.28,4.23,4.23,DN·阴跌到点,-36.76,-36.76,0.0,1.0,42.38,False,16,5,-5.84,1.46,36.0,False,False,False
600172.SSE,黄河旋风,2026-05-22,2026-05,连板,4.64,10.01,20.75,DN·阴跌到点,-15.62,-15.62,0.0,1.0,18.42,False,7,3,-6.64,1.78,32.0,True,True,True
600172.SSE,黄河旋风,2026-07-06,2026-07,封D1负,-3.02,-1.02,-1.02,HIGH·新高贴顶,-0.53,-4.66,4.33,0.42857142857142855,13.06,True,9,2,-6.49,0.55,92.0,False,True,False
600173.SSE,卧龙新能,2025-09-29,2025-09,封D1负,5.11,-2.94,-2.94,HIGH·新高贴顶,-0.48,-5.36,5.16,0.5454545454545454,19.65,True,13,3,-3.24,3.01,39.0,False,True,False
600178.SSE,东安动力,2023-11-23,2023-11,连板,10.02,10.02,92.89,FLAT·横盘平台,-7.8,-8.51,0.78,0.2857142857142857,5.81,False,9,2,-4.18,0.0,44.0,True,True,True
600178.SSE,东安动力,2024-03-20,2024-03,封D1正,-1.77,0.14,0.14,HIGH·新高贴顶,-3.41,-3.41,0.0,1.0,4.43,True,4,2,-4.24,1.44,46.0,False,True,False
600178.SSE,东安动力,2026-06-22,2026-06,封D1负,-0.9,-3.81,-3.81,DN·阴跌到点,-14.19,-14.19,0.0,1.0,11.47,False,6,2,-4.73,2.31,75.0,False,True,False
600186.SSE,莲花控股,2023-10-30,2023-10,封D1负,0.0,-2.47,-2.47,MID·中位浅调,-8.43,-11.6,3.59,0.5,23.28,True,14,3,-5.42,1.85,67.0,False,True,False
600186.SSE,莲花控股,2025-02-05,2025-02,炸板,1.27,7.05,22.6,U·U型蹲,-19.78,-30.14,14.84,0.375,28.77,False,18,2,-4.01,1.53,35.0,False,False,True
600186.SSE,莲花控股,2025-03-05,2025-03,炸板,-6.59,-2.82,-2.82,HIGH·新高贴顶,3.84,2.61,1.2,0.375,19.31,True,18,2,-2.45,0.0,61.0,False,False,False
600191.SSE,华资实业,2024-03-28,2024-03,封D1负,-2.83,-0.94,-0.94,DN·阴跌到点,-17.47,-17.47,0.0,1.0,14.52,False,20,2,-2.23,0.41,39.0,False,True,False
600191.SSE,华资实业,2025-01-23,2025-01,炸板,-6.91,-7.03,-7.03,HIGH·新高贴顶,-3.15,-12.22,10.33,0.38461538461538464,17.81,True,15,2,-2.64,0.92,36.0,False,False,False
600191.SSE,华资实业,2025-01-27,2025-01,封D1负,-0.97,-2.65,-2.65,HIGH·新高贴顶,-0.92,-12.22,12.87,0.3333333333333333,17.81,True,17,2,-3.7,3.32,53.0,False,True,False
600192.SSE,长城电工,2025-07-28,2025-07,封D1负,4.76,-2.04,-2.04,DN·阴跌到点,-9.66,-9.66,0.0,1.0,24.71,True,18,3,-1.58,0.0,40.0,False,True,False
600192.SSE,长城电工,2026-07-10,2026-07,封D1负,0.0,-6.91,-6.91,DN·阴跌到点,-27.54,-27.54,0.0,1.0,28.76,False,16,2,-0.66,0.82,63.0,False,True,False
600198.SSE,大唐电信,2024-10-23,2024-10,连板,6.92,9.98,45.42,U·U型蹲,-4.49,-20.43,20.03,0.14285714285714285,21.77,False,16,6,-1.43,2.54,85.0,True,True,True
600203.SSE,福日电子,2023-10-23,2023-10,封D1负,3.48,-0.84,-0.84,MID·中位浅调,-17.03,-20.58,4.48,0.35294117647058826,22.56,False,19,2,-3.4,0.89,35.0,False,True,False
600203.SSE,福日电子,2024-05-08,2024-05,封D1正,0.0,2.86,2.86,MID·中位浅调,-12.4,-16.67,5.12,0.2222222222222222,14.88,False,11,2,-2.15,0.46,41.0,False,True,False
600203.SSE,福日电子,2024-10-14,2024-10,连板,7.32,9.97,29.92,HIGH·新高贴顶,1.41,-1.41,2.86,0.0,27.0,True,10,2,-5.39,0.0,28.0,True,True,True
600203.SSE,福日电子,2024-10-28,2024-10,连板,6.97,9.98,19.87,HIGH·新高贴顶,0.73,-2.71,3.54,0.6666666666666666,10.84,True,8,3,-2.23,1.11,121.0,True,True,True
600206.SSE,有研新材,2024-11-22,2024-11,炸板,0.25,5.24,-5.28,HIGH·新高贴顶,14.18,-2.62,17.26,0.0,17.26,True,7,5,2.97,3.01,88.0,False,False,True
600206.SSE,有研新材,2026-08-17,2026-08,封D1正,7.0,3.33,3.33,HIGH·新高贴顶,5.42,4.24,1.14,0.75,5.46,True,6,3,1.14,1.51,51.0,False,True,False
600215.SSE,派斯林,2026-01-29,2026-01,封D1负,-1.26,-2.39,-2.39,DN·阴跌到点,-14.42,-14.42,0.0,1.0,19.75,True,14,2,-3.85,0.8,72.0,False,True,False
600221.SSE,海航控股,2024-12-02,2024-12,封D1正,4.71,2.62,2.62,MID·中位浅调,-21.62,-25.23,4.82,0.7333333333333333,34.34,True,17,6,-1.69,1.13,105.0,False,True,False
600227.SSE,赤天化,2026-03-27,2026-03,封D1正,2.34,1.64,1.64,LB·L趴底,-26.65,-26.84,0.26,0.5,29.2,False,8,3,-2.51,2.01,36.0,False,True,False
600227.SSE,赤天化,2026-04-07,2026-04,封D1正,-1.83,1.57,1.57,DN·阴跌到点,-34.4,-34.4,0.0,1.0,44.09,False,14,3,-8.44,1.06,26.0,False,True,False
600228.SSE,返利科技,2023-04-12,2023-04,封D1正,-1.35,4.36,4.36,LB·L趴底,-11.29,-12.1,0.92,0.2222222222222222,20.35,True,11,2,-1.63,2.85,24.0,False,True,False
600228.SSE,返利科技,2024-12-12,2024-12,炸板,-6.07,-4.58,-4.58,U·U型蹲,-6.15,-17.73,14.08,0.5454545454545454,14.66,False,13,2,-0.5,0.75,119.0,False,False,False
600228.SSE,返利科技,2026-07-09,2026-07,封D1负,0.0,-3.27,-3.27,DN·阴跌到点,-40.69,-40.69,0.0,1.0,59.22,False,9,3,-2.74,0.3,41.0,False,True,False
600234.SSE,科新发展,2023-12-22,2023-12,封D1正,0.0,3.1,3.1,DN·阴跌到点,-15.9,-15.9,0.0,1.0,7.07,False,4,2,-2.96,0.0,31.0,False,True,False
600234.SSE,科新发展,2024-01-08,2024-01,封D1负,0.59,-1.18,-1.18,DN·阴跌到点,-21.23,-21.23,0.0,1.0,21.09,False,14,2,-8.46,0.24,18.0,False,True,False
600234.SSE,科新发展,2024-04-23,2024-04,连板,1.56,9.9,17.71,DN·阴跌到点,-49.86,-49.86,0.0,1.0,96.28,False,20,2,-6.93,3.2,40.0,True,True,True
600234.SSE,科新发展,2026-05-22,2026-05,连板,0.0,10.01,13.39,DN·阴跌到点,-24.94,-24.94,0.0,1.0,26.71,False,9,2,-6.08,0.0,32.0,True,True,True
600236.SSE,桂冠电力,2026-07-29,2026-07,封D1负,1.19,-2.01,-2.01,DN·阴跌到点,-14.98,-14.98,0.0,1.0,23.26,True,7,2,-5.97,1.8,57.0,False,True,False
600241.SSE,时代万恒,2023-12-14,2023-12,封D1正,0.69,2.88,2.88,FLAT·横盘平台,-7.57,-9.08,1.66,0.0,5.99,False,5,2,-4.08,1.05,32.0,False,True,False
600241.SSE,时代万恒,2024-03-26,2024-03,封D1负,3.17,-2.38,-2.38,MID·中位浅调,-4.85,-5.54,0.73,0.0,15.98,True,10,2,-2.83,0.57,36.0,False,True,False
600246.SSE,万通发展,2024-11-18,2024-11,炸板,-6.86,-5.23,-5.23,DN·阴跌到点,-18.28,-18.28,0.0,1.0,29.74,True,13,4,-7.1,0.25,53.0,False,False,False
600246.SSE,万通发展,2025-09-09,2025-09,炸板,-5.91,-2.88,-2.88,HIGH·新高贴顶,-3.68,-4.7,1.07,0.3333333333333333,23.17,True,11,3,-1.6,1.44,56.0,False,False,False
600246.SSE,万通发展,2025-12-08,2025-12,炸板,-2.56,-4.62,-4.62,FLAT·横盘平台,-8.39,-8.39,0.0,1.0,9.0,False,7,2,-4.56,1.42,58.0,False,False,False
600246.SSE,万通发展,2026-07-16,2026-07,炸板,-3.99,-11.38,-11.38,HIGH·新高贴顶,-3.33,-3.33,0.0,1.0,15.63,True,7,2,-6.21,3.13,65.0,False,False,False
600250.SSE,南京商旅,2025-06-26,2025-06,封D1正,-0.34,4.6,4.6,DN·阴跌到点,-24.22,-24.93,0.95,0.625,19.87,False,10,2,-0.09,0.84,50.0,False,True,False
600250.SSE,南京商旅,2025-07-02,2025-07,封D1正,-1.95,2.57,2.57,U·U型蹲,-17.05,-24.93,10.5,0.4166666666666667,19.87,False,14,2,-1.27,2.45,49.0,False,True,False
600250.SSE,南京商旅,2025-07-10,2025-07,封D1正,2.34,4.31,4.31,U·U型蹲,-11.65,-24.93,17.69,0.2777777777777778,34.25,True,20,2,-7.23,1.94,40.0,False,True,False
600255.SSE,鑫科材料,2025-01-07,2025-01,封D1正,-3.66,4.71,4.71,DN·阴跌到点,-15.16,-16.38,1.46,0.7,25.15,True,12,4,-3.34,3.34,52.0,False,True,False
600257.SSE,大湖股份,2023-07-07,2023-07,封D1正,4.9,1.93,1.93,FLAT·横盘平台,-8.37,-9.72,1.49,0.15384615384615385,6.62,False,15,2,-0.33,0.65,28.0,False,True,False
600262.SSE,北方股份,2024-08-06,2024-08,连板,4.29,10.02,-0.97,DN·阴跌到点,-7.54,-7.54,0.0,1.0,11.02,True,9,2,-6.96,0.89,38.0,True,True,True
600268.SSE,国电南自,2025-08-08,2025-08,封D1正,-0.79,1.28,1.28,DN·阴跌到点,-15.01,-16.21,1.43,0.6363636363636364,15.71,False,13,2,-0.54,0.43,47.0,False,True,False
600270.SSE,外运发展,2015-08-04,2015-08,炸板,-0.42,-0.91,-0.91,HIGH·新高贴顶,-3.04,-6.32,3.5,0.0,27.61,True,15,3,-5.68,2.29,0.0,False,False,False
600271.SSE,航天信息,2026-01-08,2026-01,封D1正,-0.24,2.39,2.39,HIGH·新高贴顶,7.23,-8.17,16.77,0.3076923076923077,22.29,True,15,2,-4.52,0.0,63.0,False,True,False
600272.SSE,开开实业,2024-02-02,2024-02,封D1负,-9.96,-9.96,-9.96,DN·阴跌到点,-31.55,-31.55,0.0,1.0,31.47,False,5,4,-6.1,2.76,27.0,False,True,False
600272.SSE,开开实业,2024-08-06,2024-08,封D1正,2.41,1.95,1.95,FLAT·横盘平台,-10.49,-10.49,0.0,1.0,7.54,False,9,2,-4.39,2.44,38.0,False,True,False
600279.SSE,重庆港,2024-11-14,2024-11,封D1正,2.51,4.66,4.66,FLAT·横盘平台,-8.15,-8.15,0.0,1.0,4.73,False,3,2,-4.52,2.07,50.0,False,True,False
600281.SSE,华阳新材,2024-03-26,2024-03,炸板,-5.36,-10.46,-10.46,MID·中位浅调,-6.32,-9.47,3.49,0.3,14.24,True,12,3,-2.73,1.09,36.0,False,False,False
600281.SSE,华阳新材,2024-04-24,2024-04,封D1负,0.31,-1.25,-1.25,DN·阴跌到点,-34.39,-34.39,0.0,1.0,58.62,True,13,2,-2.03,0.68,36.0,False,True,False
600281.SSE,华阳新材,2025-05-12,2025-05,封D1负,1.9,-2.95,-2.95,HIGH·新高贴顶,6.95,5.46,1.41,0.0,17.41,True,6,2,-8.88,0.42,27.0,False,True,False
600281.SSE,华阳新材,2025-05-16,2025-05,连板,2.97,10.1,16.83,HIGH·新高贴顶,13.9,5.46,8.0,0.0,17.41,True,10,2,-6.13,3.68,40.0,True,True,True
600281.SSE,华阳新材,2025-06-27,2025-06,封D1正,2.19,7.75,7.75,DN·阴跌到点,-14.33,-14.33,0.0,1.0,35.85,True,10,3,-1.58,1.9,46.0,False,True,False
600281.SSE,华阳新材,2025-07-11,2025-07,封D1正,6.43,3.21,3.21,U·U型蹲,-6.47,-14.33,9.16,0.4444444444444444,35.85,True,20,3,0.44,1.78,54.0,False,True,False
600287.SSE,苏豪时尚,2023-11-28,2023-11,封D1正,4.42,0.91,0.91,DN·阴跌到点,-14.12,-14.12,0.0,1.0,8.89,False,3,2,-8.17,3.7,28.0,False,True,False
600288.SSE,大恒科技,2025-08-06,2025-08,封D1正,0.0,3.02,3.02,DN·阴跌到点,-8.71,-8.71,0.0,1.0,10.79,True,8,2,-8.71,2.73,44.0,False,True,False
600292.SSE,电投水电,2023-08-25,2023-08,炸板,-2.21,5.24,5.24,FLAT·横盘平台,-9.23,-9.23,0.0,1.0,3.49,False,4,2,-3.37,2.64,28.0,False,False,False
600292.SSE,电投水电,2024-11-19,2024-11,封D1正,2.05,5.74,5.74,DN·阴跌到点,-4.52,-4.52,0.0,1.0,22.99,True,7,2,-5.27,3.27,74.0,False,True,False
600292.SSE,电投水电,2024-12-18,2024-12,炸板,-7.47,-8.38,-8.38,DN·阴跌到点,-17.89,-17.89,0.0,1.0,28.57,True,12,2,-4.57,0.61,25.0,False,False,False
600293.SSE,三峡新材,2026-06-15,2026-06,封D1正,1.87,1.07,1.07,DN·阴跌到点,-13.89,-13.89,0.0,1.0,21.11,True,6,2,-6.06,1.38,83.0,False,True,False
600297.SSE,广汇汽车,2022-06-01,2022-06,封D1正,-0.36,1.8,1.8,DN·阴跌到点,-11.54,-11.54,0.0,1.0,15.02,True,5,2,-2.32,0.0,0.0,False,True,False
600297.SSE,广汇汽车,2022-06-08,2022-06,炸板,-4.84,-7.96,-7.96,MID·中位浅调,-8.04,-11.54,3.95,0.42857142857142855,15.02,True,9,2,-3.31,1.1,0.0,False,False,False
600303.SSE,曙光股份,2026-06-05,2026-06,封D1负,-5.19,-1.44,-1.44,DN·阴跌到点,-17.75,-17.75,0.0,1.0,18.41,False,10,2,-1.87,3.43,65.0,False,True,False
600318.SSE,新力金融,2024-10-18,2024-10,封D1正,0.0,1.44,1.44,U·U型蹲,-17.86,-25.32,10.0,0.3333333333333333,20.58,False,8,2,5.56,3.76,41.0,False,True,False
600318.SSE,新力金融,2024-10-31,2024-10,炸板,-4.39,1.12,1.12,U·U型蹲,-12.55,-25.32,17.1,0.13333333333333333,22.75,False,17,2,-2.77,1.93,118.0,False,False,False
600322.SSE,津投城开,2023-08-09,2023-08,封D1正,0.39,0.39,0.39,MID·中位浅调,-8.56,-11.28,3.07,0.125,16.23,True,10,2,-3.29,2.06,25.0,False,True,False
600326.SSE,西藏天路,2024-08-20,2024-08,炸板,-6.62,3.15,3.15,FLAT·横盘平台,-4.16,-4.16,0.0,1.0,4.34,False,3,3,-4.16,1.66,29.0,False,False,False
600330.SSE,天通股份,2025-12-19,2025-12,封D1正,2.63,1.69,1.69,LB·L趴底,-13.75,-14.95,1.42,0.6,21.17,True,7,2,-3.77,0.45,52.0,False,True,False
600330.SSE,天通股份,2025-12-26,2025-12,封D1负,0.07,-4.22,-4.22,HIGH·新高贴顶,0.48,-14.95,18.15,0.3,23.25,True,12,2,-4.14,0.38,72.0,False,True,False
600330.SSE,天通股份,2026-01-07,2026-01,炸板,-2.09,2.09,2.09,HIGH·新高贴顶,1.61,-14.95,19.47,0.1875,29.96,True,18,2,-2.54,0.0,96.0,False,False,False
600330.SSE,天通股份,2026-02-09,2026-02,封D1正,5.51,0.76,0.76,FLAT·横盘平台,-8.5,-8.5,0.0,1.0,3.23,False,3,2,-3.12,0.56,48.0,False,True,False
600330.SSE,天通股份,2026-03-10,2026-03,封D1正,4.36,6.1,6.1,MID·中位浅调,-7.62,-8.5,0.97,0.0625,17.94,True,18,2,-3.87,0.49,34.0,False,True,False
600333.SSE,长春燃气,2024-11-22,2024-11,连板,0.48,9.97,7.07,DN·阴跌到点,-12.81,-12.81,0.0,1.0,8.85,False,8,2,-3.42,2.74,88.0,True,True,True
600335.SSE,国机汽车,2023-11-28,2023-11,封D1正,-0.32,0.21,0.21,FLAT·横盘平台,-4.08,-4.08,0.0,1.0,9.21,True,18,2,-2.19,0.69,28.0,False,True,False
600345.SSE,长江通信,2025-12-31,2025-12,封D1正,3.87,3.58,3.58,DN·阴跌到点,-12.47,-12.47,0.0,1.0,6.32,False,3,2,-5.94,0.96,48.0,False,True,False
600353.SSE,旭光电子,2026-07-09,2026-07,封D1正,7.53,3.23,3.23,DN·阴跌到点,-19.58,-19.58,0.0,1.0,42.36,True,13,5,-8.65,3.17,41.0,False,True,False
600358.SSE,国旅联合,2024-08-26,2024-08,封D1负,-1.69,-6.1,-6.1,FLAT·横盘平台,-10.37,-10.37,0.0,1.0,2.24,False,3,2,-2.19,2.19,30.0,False,True,False
600362.SSE,江西铜业,2025-10-29,2025-10,炸板,-2.57,0.56,0.56,HIGH·新高贴顶,0.38,-4.92,5.58,0.6666666666666666,13.42,True,14,2,-5.63,0.02,48.0,False,False,False
600363.SSE,联创光电,2024-11-11,2024-11,炸板,-3.61,-13.41,-13.41,DN·阴跌到点,-12.77,-12.77,0.0,1.0,3.17,False,3,3,-3.08,0.0,95.0,False,False,False
600367.SSE,红星发展,2026-06-22,2026-06,封D1负,3.95,-10.0,-10.0,HIGH·新高贴顶,32.4,9.97,20.39,0.0,25.33,True,12,3,-0.95,2.12,75.0,False,True,False
600373.SSE,中文传媒,2023-04-19,2023-04,炸板,-4.06,5.15,5.15,DN·阴跌到点,-15.75,-15.75,0.0,1.0,7.89,False,4,2,-2.68,0.07,15.0,False,False,False
600376.SSE,首开股份,2025-03-03,2025-03,封D1负,1.04,-2.42,-2.42,DN·阴跌到点,-8.36,-8.36,0.0,1.0,16.73,True,7,2,-4.01,1.46,32.0,False,True,False
600376.SSE,首开股份,2025-10-20,2025-10,封D1正,-2.19,0.94,0.94,DN·阴跌到点,-28.0,-28.0,0.0,1.0,37.52,False,16,5,-1.69,1.86,34.0,False,True,False
600378.SSE,昊华科技,2026-06-29,2026-06,连板,4.73,10.0,18.2,HIGH·新高贴顶,-2.49,-11.93,10.72,0.1111111111111111,24.79,True,11,2,-8.92,0.18,51.0,True,True,True
600379.SSE,宝光股份,2026-05-11,2026-05,封D1负,-0.65,-6.73,-6.73,FLAT·横盘平台,-9.26,-9.26,0.0,1.0,6.57,False,3,4,-6.16,0.0,89.0,False,True,False
600379.SSE,宝光股份,2026-06-30,2026-06,封D1正,0.0,2.06,2.06,DN·阴跌到点,-9.27,-9.27,0.0,1.0,10.73,True,4,2,-5.65,3.51,89.0,False,True,False
600382.SSE,广东明珠,2025-10-17,2025-10,封D1正,1.47,0.67,0.67,DN·阴跌到点,-10.07,-10.07,0.0,1.0,12.37,True,4,2,-5.56,0.0,36.0,False,True,False
600383.SSE,金地集团,2024-10-30,2024-10,炸板,-6.4,0.49,0.49,HIGH·新高贴顶,1.28,-10.24,12.83,0.13333333333333333,20.37,True,17,3,-1.95,3.72,93.0,False,False,False
600390.SSE,五矿资本,2024-11-18,2024-11,炸板,-7.1,-5.63,-5.63,DN·阴跌到点,-16.52,-16.52,0.0,1.0,18.57,False,9,2,-4.38,2.06,53.0,False,False,False
600396.SSE,华电辽能,2025-05-06,2025-05,封D1正,0.66,2.63,2.63,DN·阴跌到点,-16.62,-16.62,0.0,1.0,8.33,False,3,2,-7.69,0.33,56.0,False,True,False
600396.SSE,华电辽能,2026-04-13,2026-04,连板,4.11,10.0,10.27,DN·阴跌到点,-20.38,-20.38,0.0,1.0,35.39,True,12,8,-7.0,0.14,53.0,True,True,True
600397.SSE,江钨装备,2026-03-06,2026-03,封D1正,1.85,2.4,2.4,HIGH·新高贴顶,-3.04,-3.04,0.0,1.0,18.49,True,7,2,-2.15,0.75,55.0,False,True,False
600397.SSE,江钨装备,2026-08-12,2026-08,封D1负,4.38,-6.62,-6.62,HIGH·新高贴顶,0.89,0.89,0.0,1.0,8.04,True,4,3,-4.75,2.57,53.0,False,True,False
600397.SSE,江钨装备,2026-08-21,2026-08,封D1正,2.92,0.5,0.5,HIGH·新高贴顶,-2.37,-2.37,0.0,1.0,14.25,True,11,3,-2.77,1.47,59.0,False,True,False
600403.SSE,大有能源,2025-03-25,2025-03,封D1正,5.04,7.3,7.3,DN·阴跌到点,-17.58,-17.58,0.0,1.0,21.33,False,4,2,-8.61,3.8,38.0,False,True,False
600403.SSE,大有能源,2026-07-22,2026-07,封D1正,0.0,4.21,4.21,U·U型蹲,-7.99,-14.74,7.92,0.3333333333333333,10.0,False,5,2,-1.89,1.89,83.0,False,True,False
600405.SSE,动力源,2024-12-10,2024-12,炸板,-5.58,0.72,0.72,MID·中位浅调,-15.27,-19.97,5.87,0.2222222222222222,12.37,False,11,3,-0.39,0.39,83.0,False,False,False
600405.SSE,动力源,2024-12-18,2024-12,炸板,-4.31,-4.81,-4.81,U·U型蹲,-8.05,-19.97,14.88,0.13333333333333333,24.32,False,17,3,-7.59,0.67,25.0,False,False,False
600405.SSE,动力源,2025-02-12,2025-02,封D1正,5.22,0.54,0.54,V·V末反,-19.97,-25.67,7.68,0.7222222222222222,31.56,False,20,2,-1.75,0.0,57.0,False,True,False
600410.SSE,华胜天成,2023-06-09,2023-06,连板,2.47,10.0,5.56,HIGH·新高贴顶,-2.0,-2.26,0.27,0.7142857142857143,3.68,True,9,2,0.27,0.95,26.0,True,True,True
600410.SSE,华胜天成,2024-10-23,2024-10,炸板,-7.56,-8.91,-8.91,HIGH·新高贴顶,-3.57,-9.98,7.13,0.2222222222222222,11.88,True,11,2,-2.35,0.36,85.0,False,False,False
600410.SSE,华胜天成,2025-05-14,2025-05,封D1负,0.19,-3.56,-3.56,DN·阴跌到点,-11.73,-11.73,0.0,1.0,10.3,False,5,2,-3.09,0.4,41.0,False,True,False
600410.SSE,华胜天成,2025-09-16,2025-09,封D1正,0.88,3.58,3.58,V·V末反,-23.57,-29.2,7.95,0.6923076923076923,44.12,True,15,2,-4.77,0.24,56.0,False,True,False
600410.SSE,华胜天成,2026-02-03,2026-02,封D1正,0.55,0.0,0.0,LB·L趴底,-18.59,-18.71,0.15,0.18181818181818182,10.78,False,13,2,-5.38,1.05,32.0,False,True,False
600425.SSE,青松建化,2025-08-22,2025-08,封D1正,1.05,3.8,3.8,FLAT·横盘平台,-11.13,-11.75,0.7,0.2857142857142857,7.48,False,9,2,-1.15,0.46,37.0,False,True,False
600435.SSE,北方导航,2025-07-24,2025-07,炸板,-3.44,-4.18,-4.18,HIGH·新高贴顶,3.43,-1.96,5.5,0.2777777777777778,11.28,True,20,2,-4.89,0.0,43.0,False,False,False
600460.SSE,士兰微,2024-10-18,2024-10,炸板,1.12,-0.15,-0.15,FLAT·横盘平台,-11.14,-11.58,0.5,0.2,9.05,False,7,3,-0.73,0.86,41.0,False,False,False
600470.SSE,六国化工,2026-03-06,2026-03,封D1正,4.54,3.35,3.35,HIGH·新高贴顶,-2.93,-3.19,0.26,0.6,11.07,True,7,2,-3.91,0.25,55.0,False,True,False
600470.SSE,六国化工,2026-07-01,2026-07,封D1正,0.0,0.31,0.31,DN·阴跌到点,-10.77,-10.77,0.0,1.0,11.72,False,6,2,-2.36,1.35,114.0,False,True,False
600470.SSE,六国化工,2026-07-06,2026-07,封D1正,-0.45,3.14,3.14,MID·中位浅调,-6.46,-10.77,4.83,0.5714285714285714,11.72,False,9,2,-5.0,0.94,92.0,False,True,False
600475.SSE,华光环能,2025-08-05,2025-08,连板,0.5,9.99,43.72,DN·阴跌到点,-21.36,-23.26,2.48,0.875,18.27,False,18,6,0.21,0.35,41.0,True,True,True
600475.SSE,华光环能,2025-09-02,2025-09,封D1负,1.26,-8.42,-8.42,DN·阴跌到点,-16.32,-16.32,0.0,1.0,10.19,False,7,2,-0.28,1.79,85.0,False,True,False
600481.SSE,双良节能,2024-11-21,2024-11,封D1负,-3.99,-8.12,-8.12,MID·中位浅调,-22.45,-26.23,5.13,0.8333333333333334,36.75,True,14,6,0.82,2.79,119.0,False,True,False
600481.SSE,双良节能,2026-02-12,2026-02,封D1负,-2.8,-9.99,-9.99,DN·阴跌到点,-12.33,-12.33,0.0,1.0,14.99,True,6,2,-6.17,0.77,46.0,False,True,False
600481.SSE,双良节能,2026-02-27,2026-02,炸板,-11.91,-11.91,-11.91,DN·阴跌到点,-21.69,-21.69,0.0,1.0,28.74,True,11,2,-3.01,0.33,52.0,False,False,False
600488.SSE,津药药业,2026-06-08,2026-06,封D1负,0.0,-4.57,-4.57,LB·L趴底,-28.79,-30.58,2.58,0.5294117647058824,54.56,True,19,2,-5.31,2.56,63.0,False,True,False
600490.SSE,鹏欣资源,2025-01-16,2025-01,封D1正,0.89,0.0,0.0,MID·中位浅调,-19.47,-22.37,3.73,0.8125,39.66,True,18,2,-1.29,0.32,54.0,False,True,False
600501.SSE,航天晨光,2024-08-22,2024-08,炸板,-5.93,-10.1,-10.1,DN·阴跌到点,-32.93,-32.93,0.0,1.0,45.35,False,14,6,-5.9,1.88,28.0,False,False,False
600503.SSE,华丽家族,2025-09-16,2025-09,炸板,-6.52,-5.26,-5.26,HIGH·新高贴顶,1.11,-16.99,21.81,0.23529411764705882,28.19,True,19,2,-2.42,1.08,56.0,False,False,False
600503.SSE,华丽家族,2026-06-01,2026-06,封D1负,1.03,-2.4,-2.4,FLAT·横盘平台,-7.34,-7.34,0.0,1.0,5.66,False,5,2,-1.85,3.33,46.0,False,True,False
600505.SSE,西昌电力,2024-05-24,2024-05,封D1负,2.71,-3.27,-3.27,DN·阴跌到点,-17.51,-17.51,0.0,1.0,11.32,False,8,3,-3.8,3.29,16.0,False,True,False
600505.SSE,西昌电力,2024-05-28,2024-05,封D1负,-5.4,-6.75,-6.75,V·V末反,-12.23,-17.51,6.4,0.75,11.32,False,10,3,-3.27,0.08,30.0,False,True,False
600505.SSE,西昌电力,2025-05-20,2025-05,封D1正,0.0,3.12,3.12,DN·阴跌到点,-20.43,-20.43,0.0,1.0,25.68,False,14,2,-1.88,0.71,66.0,False,True,False
600506.SSE,统一股份,2024-01-09,2024-01,封D1负,4.09,-3.26,-3.26,DN·阴跌到点,-21.77,-21.77,0.0,1.0,15.04,False,6,3,-5.82,0.0,29.0,False,True,False
600513.SSE,联环药业,2025-07-28,2025-07,封D1正,1.5,7.02,7.02,HIGH·新高贴顶,-0.97,-10.01,10.05,0.0,20.57,True,10,3,-3.37,1.18,40.0,False,True,False
600513.SSE,联环药业,2025-08-01,2025-08,炸板,-2.42,7.32,10.88,HIGH·新高贴顶,7.04,-10.01,18.95,0.0,29.53,True,14,3,-3.5,1.59,34.0,False,False,True
600513.SSE,联环药业,2026-07-30,2026-07,封D1正,-4.47,3.34,3.34,MID·中位浅调,-10.56,-11.62,1.2,0.5454545454545454,27.16,True,13,2,-3.73,0.0,73.0,False,True,False
600516.SSE,方大炭素,2025-11-11,2025-11,封D1负,0.89,-5.06,-5.06,HIGH·新高贴顶,-2.24,-3.68,1.5,0.0,8.14,True,9,2,-4.68,1.72,56.0,False,True,False
600516.SSE,方大炭素,2025-11-25,2025-11,封D1负,0.61,-1.54,-1.54,DN·阴跌到点,-5.28,-5.28,0.0,1.0,16.89,True,19,2,-2.95,0.82,56.0,False,True,False
600518.SSE,康美药业,2024-12-05,2024-12,炸板,-3.76,0.75,0.75,MID·中位浅调,-14.49,-19.08,5.68,0.5625,16.16,False,18,3,-2.02,2.02,69.0,False,False,False
600520.SSE,三佳科技,2026-06-15,2026-06,封D1正,0.0,2.23,2.23,DN·阴跌到点,-26.97,-26.97,0.0,1.0,25.66,False,14,2,-6.53,1.18,83.0,False,True,False
600527.SSE,江南高纤,2024-11-26,2024-11,封D1负,5.05,-2.75,-2.75,MID·中位浅调,-7.04,-9.86,3.12,0.625,16.15,True,18,2,0.0,1.01,132.0,False,True,False
600527.SSE,江南高纤,2026-04-13,2026-04,封D1负,1.07,-2.14,-2.14,HIGH·新高贴顶,0.39,-10.63,12.33,0.6,15.42,True,12,2,-2.3,0.77,53.0,False,True,False
600536.SSE,中国软件,2024-11-05,2024-11,封D1正,2.83,7.38,7.38,HIGH·新高贴顶,-0.28,-13.97,15.91,0.2777777777777778,18.51,True,20,2,-2.19,2.36,122.0,False,True,False
600539.SSE,狮头股份,2026-04-14,2026-04,封D1正,2.82,0.06,0.06,FLAT·横盘平台,-7.23,-10.43,3.57,0.375,7.71,False,10,2,-1.96,1.83,52.0,False,True,False
600539.SSE,狮头股份,2026-06-01,2026-06,封D1负,-0.12,-4.87,-4.87,DN·阴跌到点,-10.89,-10.89,0.0,1.0,11.68,False,5,2,-6.61,0.19,46.0,False,True,False
600539.SSE,狮头股份,2026-06-08,2026-06,封D1正,5.0,2.08,2.08,DN·阴跌到点,-14.32,-14.32,0.0,1.0,16.14,False,10,2,-5.08,2.71,63.0,False,True,False
600539.SSE,狮头股份,2026-06-12,2026-06,封D1负,3.37,-0.24,-0.24,V·V末反,-9.12,-14.32,6.07,0.6666666666666666,16.14,False,14,2,-0.13,3.09,55.0,False,True,False
600545.SSE,卓郎智能,2023-11-01,2023-11,封D1负,1.04,-3.47,-3.47,MID·中位浅调,-22.94,-25.29,3.15,0.625,23.23,False,18,3,-2.24,1.87,29.0,False,True,False
600545.SSE,卓郎智能,2024-12-20,2024-12,封D1负,-0.32,-10.13,-10.13,DN·阴跌到点,-28.25,-28.25,0.0,1.0,34.15,False,6,3,-3.04,1.69,50.0,False,True,False
600545.SSE,卓郎智能,2026-03-04,2026-03,连板,9.91,9.91,13.41,MID·中位浅调,-4.88,-10.06,5.76,0.0,15.93,True,8,2,-6.87,0.3,67.0,True,True,True
600545.SSE,卓郎智能,2026-03-16,2026-03,连板,5.23,9.98,5.7,FLAT·横盘平台,-7.71,-7.71,0.0,1.0,8.62,True,6,3,-5.2,2.72,52.0,True,True,True
600550.SSE,保变电气,2025-05-26,2025-05,封D1正,1.7,3.29,3.29,DN·阴跌到点,-8.93,-8.93,0.0,1.0,13.19,True,4,2,-4.46,3.68,34.0,False,True,False
600550.SSE,保变电气,2025-11-12,2025-11,炸板,-7.82,-0.08,-0.08,HIGH·新高贴顶,3.49,1.28,2.17,0.0,6.88,True,4,2,-4.41,2.46,52.0,False,False,False
600551.SSE,时代出版,2025-06-05,2025-06,封D1负,-3.37,-6.08,-6.08,DN·阴跌到点,-14.33,-14.33,0.0,1.0,7.29,False,3,2,-6.79,1.45,60.0,False,True,False
600553.SSE,太行水泥,2009-02-11,2009-02,封D1正,7.32,1.2,1.2,HIGH·新高贴顶,5.89,-3.26,9.46,0.36363636363636365,10.58,True,13,2,-1.01,0.0,0.0,False,True,False
600563.SSE,法拉电子,2026-06-15,2026-06,封D1正,2.35,6.99,6.99,DN·阴跌到点,-11.92,-11.92,0.0,1.0,23.62,True,18,2,-4.83,0.74,83.0,False,True,False
600570.SSE,恒生电子,2024-10-18,2024-10,炸板,-1.2,-1.16,-1.16,U·U型蹲,-6.94,-15.53,10.18,0.2,10.18,False,7,4,0.7,1.49,41.0,False,False,False
600571.SSE,信雅达,2023-12-19,2023-12,炸板,-5.14,-7.84,-7.84,DN·阴跌到点,-5.4,-5.4,0.0,1.0,17.72,True,8,6,-5.13,2.65,29.0,False,False,False
600571.SSE,信雅达,2024-10-23,2024-10,封D1负,0.38,-4.77,-4.77,MID·中位浅调,-6.09,-11.25,5.81,0.1111111111111111,11.36,False,11,2,-4.98,0.0,85.0,False,True,False
600576.SSE,祥源文旅,2024-08-28,2024-08,封D1负,-1.76,-1.32,-1.32,DN·阴跌到点,-14.67,-14.67,0.0,1.0,20.1,True,16,2,-3.5,1.4,23.0,False,True,False
600577.SSE,精达股份,2024-03-28,2024-03,炸板,-3.0,-3.0,-3.0,HIGH·新高贴顶,-3.77,-3.77,0.0,1.0,9.48,True,3,2,-8.66,2.82,39.0,False,False,False
600578.SSE,京能电力,2026-06-15,2026-06,封D1负,1.09,-0.97,-0.97,HIGH·新高贴顶,-2.85,-3.5,0.67,0.05555555555555555,30.38,True,20,4,-3.73,1.67,83.0,False,True,False
600579.SSE,中化装备,2025-01-14,2025-01,封D1负,0.0,-1.38,-1.38,DN·阴跌到点,-41.21,-41.21,0.0,1.0,53.11,False,8,2,-7.61,0.35,42.0,False,True,False
600579.SSE,中化装备,2025-02-10,2025-02,封D1正,1.41,1.51,1.51,LB·L趴底,-17.47,-18.94,1.82,0.6,24.7,True,7,2,-0.71,2.48,63.0,False,True,False
600584.SSE,长电科技,2024-10-18,2024-10,炸板,0.74,-1.84,-1.84,FLAT·横盘平台,-4.79,-5.94,1.23,0.3333333333333333,7.52,True,8,2,-0.48,0.73,41.0,False,False,False
600584.SSE,长电科技,2026-06-03,2026-06,炸板,-4.69,-3.39,-3.39,DN·阴跌到点,-14.56,-14.56,0.0,1.0,14.35,False,6,2,-0.4,0.9,56.0,False,False,False
600584.SSE,长电科技,2026-06-24,2026-06,连板,5.6,10.0,6.54,HIGH·新高贴顶,-2.38,-21.85,24.91,0.6666666666666666,32.52,True,20,2,-5.74,0.0,87.0,True,True,True
600584.SSE,长电科技,2026-07-09,2026-07,封D1负,5.18,-2.33,-2.33,MID·中位浅调,-9.66,-12.76,3.55,0.625,17.34,True,10,2,-6.81,1.76,41.0,False,True,False
600589.SSE,大位科技,2025-03-28,2025-03,连板,-4.42,9.99,3.0,DN·阴跌到点,-25.58,-25.58,0.0,1.0,44.43,True,13,2,-7.95,0.87,41.0,True,True,True
600589.SSE,大位科技,2025-04-28,2025-04,封D1正,1.43,5.71,5.71,U·U型蹲,-17.51,-24.38,9.09,0.23529411764705882,24.36,False,19,2,-0.78,1.4,59.0,False,True,False
600590.SSE,泰豪科技,2025-01-07,2025-01,封D1正,0.2,2.85,2.85,DN·阴跌到点,-33.18,-33.18,0.0,1.0,34.68,False,6,3,-3.46,0.86,52.0,False,True,False
600590.SSE,泰豪科技,2025-03-14,2025-03,封D1负,0.17,-7.91,-7.91,HIGH·新高贴顶,0.47,0.47,0.0,1.0,7.69,True,6,2,-6.01,2.52,34.0,False,True,False
600592.SSE,龙溪股份,2025-03-04,2025-03,连板,7.12,10.03,26.73,FLAT·横盘平台,-10.55,-10.55,0.0,1.0,2.64,False,3,2,-2.57,1.49,51.0,True,True,True
600593.SSE,大连圣亚,2024-01-15,2024-01,连板,6.08,9.99,13.84,DN·阴跌到点,-16.61,-16.61,0.0,1.0,12.44,False,4,5,-8.41,3.61,23.0,True,True,True
600594.SSE,益佰制药,2026-04-09,2026-04,封D1负,-3.75,-4.94,-4.94,FLAT·横盘平台,-4.17,-4.17,0.0,1.0,8.91,True,4,2,-8.18,2.2,108.0,False,True,False
600594.SSE,益佰制药,2026-04-15,2026-04,封D1负,-1.26,-1.68,-1.68,DN·阴跌到点,-9.79,-9.79,0.0,1.0,16.86,True,8,2,-2.04,1.36,49.0,False,True,False
600601.SSE,方正科技,2025-01-16,2025-01,封D1正,0.18,3.51,3.51,FLAT·横盘平台,-6.11,-7.82,1.86,0.0,9.94,True,4,2,-7.34,1.51,54.0,False,True,False
600601.SSE,方正科技,2025-08-22,2025-08,封D1正,4.06,1.9,1.9,HIGH·新高贴顶,-3.5,-3.5,0.0,1.0,6.42,True,4,2,-5.41,2.11,37.0,False,True,False
600601.SSE,方正科技,2025-09-05,2025-09,封D1负,-1.97,-3.73,-3.73,HIGH·新高贴顶,17.9,-3.5,22.18,0.16666666666666666,28.17,True,14,2,-3.95,3.07,33.0,False,True,False
600601.SSE,方正科技,2025-09-10,2025-09,炸板,-0.42,9.02,26.65,HIGH·新高贴顶,15.21,-3.5,19.39,0.13333333333333333,34.45,True,17,2,-7.76,1.08,45.0,False,False,True
600604.SSE,市北高新,2024-11-13,2024-11,炸板,-2.31,-11.55,-11.55,HIGH·新高贴顶,-0.97,-0.97,0.0,1.0,6.25,True,12,2,-2.29,0.0,65.0,False,False,False
600606.SSE,绿地控股,2024-10-16,2024-10,封D1负,0.47,-8.96,-8.96,LB·L趴底,-15.72,-17.03,1.58,0.5,8.42,False,6,4,-3.02,3.02,33.0,False,True,False
600607.SSE,上实医药,2007-06-05,2007-06,封D1正,0.71,1.46,1.46,DN·阴跌到点,-25.58,-25.58,0.0,1.0,37.26,True,12,4,-6.64,2.23,0.0,False,True,False
600609.SSE,金杯汽车,2024-11-14,2024-11,炸板,-11.56,-13.68,-13.68,HIGH·新高贴顶,33.16,-7.6,44.11,0.1111111111111111,50.09,True,11,2,0.92,1.83,50.0,False,False,False
600609.SSE,金杯汽车,2024-11-19,2024-11,封D1正,0.0,0.0,0.0,HIGH·新高贴顶,16.58,-7.6,26.17,0.08333333333333333,50.09,True,14,2,-7.79,1.91,74.0,False,True,False
600610.SSE,中毅达,2025-04-28,2025-04,封D1正,0.81,7.86,7.86,DN·阴跌到点,-16.09,-16.09,0.0,1.0,33.04,True,9,2,-6.04,3.02,59.0,False,True,False
600610.SSE,中毅达,2025-06-16,2025-06,封D1负,1.71,-2.26,-2.26,LB·L趴底,-17.24,-18.73,1.84,0.47058823529411764,27.41,True,19,2,-6.47,1.27,39.0,False,True,False
600611.SSE,大众交通,2024-08-21,2024-08,炸板,-5.23,-1.28,-1.28,MID·中位浅调,-9.71,-13.73,4.66,0.8571428571428571,27.5,True,16,2,-2.02,2.77,17.0,False,False,False
600611.SSE,大众交通,2026-06-09,2026-06,封D1正,1.56,3.35,3.35,DN·阴跌到点,-33.61,-33.61,0.0,1.0,50.86,True,12,3,-5.13,2.1,45.0,False,True,False
600615.SSE,鑫源智造,2023-10-18,2023-10,封D1负,0.1,-4.82,-4.82,DN·阴跌到点,-22.96,-23.53,0.75,0.7777777777777778,17.74,False,11,3,-1.77,1.04,22.0,False,True,False
600615.SSE,鑫源智造,2023-10-20,2023-10,封D1负,0.0,-3.31,-3.31,MID·中位浅调,-19.36,-23.53,5.45,0.6363636363636364,17.74,False,13,3,-4.82,0.0,22.0,False,True,False
600619.SSE,海立股份,2025-03-10,2025-03,封D1正,-2.96,3.25,3.25,FLAT·横盘平台,-6.94,-6.94,0.0,1.0,4.21,False,4,2,-3.74,0.38,45.0,False,True,False
600622.SSE,光大嘉宝,2024-10-11,2024-10,连板,10.15,10.15,44.74,DN·阴跌到点,-9.36,-9.36,0.0,1.0,17.36,True,4,3,-5.47,2.73,51.0,True,True,True
600629.SSE,华建集团,2024-11-13,2024-11,连板,-4.56,9.97,1.59,HIGH·新高贴顶,1.54,1.54,0.0,1.0,6.77,True,5,3,-4.88,3.11,65.0,True,True,True
600629.SSE,华建集团,2025-07-31,2025-07,炸板,-6.56,8.21,4.74,HIGH·新高贴顶,-0.6,-5.09,4.73,0.2,12.56,True,7,3,-2.79,2.11,40.0,False,False,True
600630.SSE,龙头股份,2023-12-06,2023-12,连板,2.52,9.98,1.49,DN·阴跌到点,-30.8,-31.68,1.28,0.7222222222222222,31.8,False,20,2,-3.76,0.61,32.0,True,True,True
600630.SSE,龙头股份,2024-01-26,2024-01,炸板,-4.34,2.59,2.59,U·U型蹲,-8.33,-15.99,9.12,0.6,24.89,True,7,2,-0.79,2.5,90.0,False,False,False
600633.SSE,浙数文化,2025-02-20,2025-02,炸板,-5.05,-3.13,-3.13,HIGH·新高贴顶,-0.55,-7.18,7.14,0.0,17.56,True,6,6,-4.61,0.05,90.0,False,False,False
600635.SSE,大众公用,2025-10-20,2025-10,封D1正,4.81,3.35,3.35,DN·阴跌到点,-12.24,-12.24,0.0,1.0,13.94,False,6,2,-4.73,1.07,34.0,False,True,False
600641.SSE,先导基电,2024-11-04,2024-11,炸板,-2.63,3.43,3.43,HIGH·新高贴顶,5.32,-9.79,16.75,0.11764705882352941,25.39,True,19,2,-2.24,2.57,74.0,False,False,False
600643.SSE,爱建集团,2024-10-31,2024-10,炸板,-4.09,-6.87,-6.87,LB·L趴底,-18.62,-20.97,2.97,0.4,13.91,False,17,2,-2.29,1.58,118.0,False,False,False
600644.SSE,乐山电力,2024-05-24,2024-05,封D1负,0.86,-1.36,-1.36,MID·中位浅调,-4.91,-9.95,5.6,0.2857142857142857,11.19,True,9,2,-3.29,0.66,16.0,False,True,False
600644.SSE,乐山电力,2025-05-14,2025-05,封D1正,-3.77,4.01,4.01,DN·阴跌到点,-12.36,-14.06,1.98,0.8181818181818182,23.92,True,13,2,-1.9,2.16,41.0,False,True,False
600644.SSE,乐山电力,2026-07-29,2026-07,炸板,-3.4,-9.0,-9.0,DN·阴跌到点,-8.27,-8.27,0.0,1.0,16.61,True,7,2,-3.09,0.64,57.0,False,False,False
600650.SSE,锦江在线,2024-12-11,2024-12,封D1正,-0.22,0.22,0.22,MID·中位浅调,-23.64,-27.29,5.02,0.6363636363636364,23.75,False,13,4,-1.66,0.59,82.0,False,True,False
600653.SSE,申华控股,2024-11-07,2024-11,连板,6.85,10.08,2.42,LB·L趴底,-18.48,-18.48,0.0,0.3333333333333333,10.22,False,5,6,-3.02,1.29,104.0,True,True,True
600654.SSE,中安科,2026-04-13,2026-04,封D1正,-0.67,0.67,0.67,FLAT·横盘平台,-7.27,-7.27,0.0,1.0,9.8,True,3,3,-8.93,0.67,53.0,False,True,False
600654.SSE,中安科,2026-04-29,2026-04,封D1负,0.0,-3.45,-3.45,DN·阴跌到点,-16.14,-16.14,0.0,1.0,26.83,True,15,3,-2.38,2.65,53.0,False,True,False
600658.SSE,电子城,2024-11-18,2024-11,封D1负,0.2,-3.77,-3.77,DN·阴跌到点,-26.95,-26.95,0.0,1.0,27.07,False,15,3,-5.57,1.24,53.0,False,True,False
600664.SSE,哈药股份,2026-08-07,2026-08,连板,9.94,9.94,28.8,HIGH·新高贴顶,25.91,7.49,17.14,0.07142857142857142,27.5,True,16,5,-8.12,1.03,69.0,True,True,True
600665.SSE,天地源,2026-07-10,2026-07,炸板,-8.18,-11.52,-11.52,MID·中位浅调,-26.29,-28.99,3.81,0.6111111111111112,38.06,False,20,2,-1.96,0.0,63.0,False,False,False
600666.SSE,奥瑞德,2024-12-05,2024-12,封D1正,1.05,3.5,3.5,MID·中位浅调,-7.47,-11.74,4.84,0.29411764705882354,17.34,True,19,2,-4.06,3.32,69.0,False,True,False
600666.SSE,奥瑞德,2026-04-01,2026-04,封D1负,0.0,-1.59,-1.59,HIGH·新高贴顶,7.95,4.73,3.07,0.0,12.84,True,5,2,-8.65,1.6,44.0,False,True,False
600666.SSE,奥瑞德,2026-04-16,2026-04,封D1正,0.0,3.5,3.5,HIGH·新高贴顶,17.99,4.73,12.66,0.0,18.63,True,15,2,-3.86,3.7,53.0,False,True,False
600667.SSE,太极实业,2023-04-19,2023-04,炸板,-9.33,-7.38,-7.38,DN·阴跌到点,-12.03,-12.03,0.0,1.0,14.53,True,9,2,-1.96,0.42,15.0,False,False,False
600667.SSE,太极实业,2023-04-27,2023-04,炸板,-6.12,-6.12,-6.12,DN·阴跌到点,-19.92,-19.92,0.0,1.0,25.82,True,15,2,-3.33,0.3,39.0,False,False,False
600676.SSE,久事动娱,2024-12-11,2024-12,封D1正,2.33,2.87,2.87,MID·中位浅调,-16.5,-19.64,3.9,0.5,26.9,True,16,3,0.6,0.8,82.0,False,True,False
600676.SSE,久事动娱,2026-01-21,2026-01,封D1负,-0.92,-8.85,-8.85,HIGH·新高贴顶,8.76,8.76,0.0,1.0,5.82,True,6,3,-4.18,1.18,50.0,False,True,False
600681.SSE,百川能源,2025-11-03,2025-11,封D1正,1.29,3.88,3.88,DN·阴跌到点,-16.1,-16.1,0.0,1.0,22.27,True,9,2,-4.52,0.0,47.0,False,True,False
600681.SSE,百川能源,2025-11-11,2025-11,连板,7.03,10.04,6.22,U·U型蹲,-9.94,-16.1,7.35,0.5384615384615384,22.27,True,15,2,-2.16,1.51,56.0,True,True,True
600683.SSE,京投发展,2023-08-16,2023-08,封D1正,-1.8,4.02,4.02,DN·阴跌到点,-22.76,-22.76,0.0,1.0,23.66,False,8,2,-1.36,0.15,21.0,False,True,False
600683.SSE,京投发展,2023-08-25,2023-08,封D1正,9.99,7.39,7.39,U·U型蹲,-17.33,-22.76,7.02,0.46153846153846156,23.66,False,15,2,-2.37,0.97,28.0,False,True,False
600683.SSE,京投发展,2026-03-20,2026-03,封D1负,-3.31,-2.95,-2.95,FLAT·横盘平台,-6.89,-6.89,0.0,1.0,7.8,True,3,3,-7.24,2.26,25.0,False,True,False
600683.SSE,京投发展,2026-04-15,2026-04,连板,4.94,9.99,21.59,MID·中位浅调,-15.0,-18.4,4.16,0.7222222222222222,27.28,True,20,3,0.78,2.13,49.0,True,True,True
600683.SSE,京投发展,2026-06-03,2026-06,封D1负,0.0,-3.65,-3.65,DN·阴跌到点,-31.85,-31.85,0.0,1.0,35.54,False,16,3,-1.52,1.11,56.0,False,True,False
600686.SSE,金龙汽车,2024-08-13,2024-08,连板,5.2,10.03,8.93,DN·阴跌到点,-12.95,-14.06,1.3,0.75,23.38,True,10,4,-7.18,2.0,23.0,True,True,True
600686.SSE,金龙汽车,2024-09-05,2024-09,封D1正,5.28,6.67,6.67,DN·阴跌到点,-37.34,-37.34,0.0,1.0,43.63,False,15,3,-1.98,0.87,31.0,False,True,False
600691.SSE,潞化科技,2026-04-07,2026-04,封D1负,-4.19,-1.2,-1.2,DN·阴跌到点,-31.38,-31.38,0.0,1.0,55.26,True,16,2,-5.88,0.31,26.0,False,True,False
600692.SSE,亚通股份,2025-01-14,2025-01,封D1负,0.77,-0.22,-0.22,LB·L趴底,-13.9,-16.29,2.85,0.4444444444444444,14.5,False,11,2,-1.78,1.66,42.0,False,True,False
600693.SSE,东百集团,2025-03-10,2025-03,炸板,-5.43,2.23,2.23,HIGH·新高贴顶,-3.69,-5.6,2.03,0.25,11.09,True,6,2,-3.83,3.53,45.0,False,False,False
600693.SSE,东百集团,2025-05-08,2025-05,封D1负,-1.96,-6.29,-6.29,MID·中位浅调,-5.25,-8.75,3.83,0.625,15.5,True,18,2,-0.61,0.76,50.0,False,True,False
600697.SSE,欧亚集团,2024-01-08,2024-01,炸板,-1.51,6.37,-4.24,U·U型蹲,-18.43,-23.96,7.27,0.3333333333333333,18.34,False,14,2,-2.21,3.02,18.0,False,False,True
600698.SSE,湖南天雁,2024-09-23,2024-09,封D1正,3.06,2.41,2.41,HIGH·新高贴顶,1.72,-4.66,6.68,0.0,11.31,True,11,2,-3.26,1.4,40.0,False,True,False
600698.SSE,湖南天雁,2025-08-13,2025-08,封D1正,0.0,0.78,0.78,HIGH·新高贴顶,-1.45,-2.52,1.1,0.3333333333333333,5.33,True,5,2,-3.88,3.43,42.0,False,True,False
600705.SSE,中航产融,2024-11-07,2024-11,封D1正,6.56,0.2,0.2,HIGH·新高贴顶,-2.2,-2.2,0.0,1.0,6.76,True,4,2,-5.73,1.06,104.0,False,True,False
600706.SSE,曲江文旅,2025-06-26,2025-06,封D1负,-1.71,-3.7,-3.7,DN·阴跌到点,-19.63,-21.81,2.79,0.6666666666666666,19.31,False,11,2,0.31,0.31,50.0,False,True,False
600707.SSE,彩虹股份,2026-04-27,2026-04,封D1负,0.34,-2.48,-2.48,FLAT·横盘平台,-5.83,-5.83,0.0,1.0,9.79,True,5,2,-5.39,1.17,50.0,False,True,False
600707.SSE,彩虹股份,2026-05-07,2026-05,封D1负,-0.88,-1.77,-1.77,MID·中位浅调,-4.08,-5.83,1.86,0.375,10.04,True,10,2,1.61,2.84,88.0,False,True,False
600711.SSE,盛屯矿业,2025-10-15,2025-10,炸板,-1.75,-6.2,-6.2,FLAT·横盘平台,-8.19,-8.19,0.0,1.0,7.2,False,4,2,-6.13,2.88,34.0,False,False,False
600715.SSE,文投控股,2024-03-18,2024-03,封D1正,6.18,1.16,1.16,DN·阴跌到点,-16.96,-16.96,0.0,1.0,15.32,False,7,5,-2.89,0.83,56.0,False,True,False
600719.SSE,大连热电,2024-10-14,2024-10,封D1负,2.05,-2.05,-2.05,HIGH·新高贴顶,-2.52,-3.62,1.14,0.1,19.41,True,12,3,-7.46,0.0,28.0,False,True,False
600719.SSE,大连热电,2026-05-22,2026-05,封D1正,3.16,3.72,3.72,DN·阴跌到点,-14.07,-14.07,0.0,1.0,34.37,True,11,2,-3.36,3.36,32.0,False,True,False
600722.SSE,金牛化工,2026-02-24,2026-02,封D1正,3.59,2.05,2.05,DN·阴跌到点,-6.84,-6.84,0.0,1.0,16.84,True,5,2,-4.94,0.11,29.0,False,True,False
600722.SSE,金牛化工,2026-04-07,2026-04,封D1正,-4.75,2.2,2.2,DN·阴跌到点,-22.08,-22.08,0.0,1.0,46.21,True,16,3,-7.89,0.49,26.0,False,True,False
600722.SSE,金牛化工,2026-08-18,2026-08,封D1负,-3.23,-1.38,-1.38,HIGH·新高贴顶,8.62,-15.05,27.86,0.125,35.21,True,18,2,4.96,0.09,93.0,False,True,False
600723.SSE,首商股份,2020-06-30,2020-06,封D1正,0.48,2.39,2.39,MID·中位浅调,-8.85,-9.33,0.53,0.42857142857142855,10.16,False,9,2,-1.3,0.0,0.0,False,True,False
600723.SSE,首商股份,2021-02-18,2021-02,封D1负,-1.11,-0.44,-0.44,DN·阴跌到点,-19.09,-19.09,0.0,1.0,13.94,False,7,2,-7.05,0.11,0.0,False,True,False
600726.SSE,华电能源,2026-05-13,2026-05,封D1负,4.6,-5.55,-5.55,HIGH·新高贴顶,9.69,-6.13,16.84,0.16666666666666666,18.36,True,8,4,-1.28,3.59,50.0,False,True,False
600726.SSE,华电能源,2026-06-12,2026-06,炸板,-9.41,-4.14,-4.14,DN·阴跌到点,-19.84,-19.84,0.0,1.0,27.96,True,10,5,-3.68,2.37,55.0,False,False,False
600737.SSE,中粮糖业,2025-09-01,2025-09,封D1正,3.99,1.01,1.01,HIGH·新高贴顶,5.89,-2.29,8.38,0.375,11.73,True,10,3,-0.55,1.6,55.0,False,True,False
600743.SSE,华远控股,2025-01-02,2025-01,炸板,-3.43,3.43,3.43,DN·阴跌到点,-26.13,-26.13,0.0,1.0,29.72,False,14,3,-2.3,0.92,39.0,False,False,False
600744.SSE,华银电力,2026-08-07,2026-08,封D1负,0.0,-1.9,-1.9,U·U型蹲,-9.82,-17.0,8.65,0.5,19.58,False,12,4,-2.85,0.0,69.0,False,True,False
600748.SSE,上实发展,2025-10-29,2025-10,封D1正,4.94,3.05,3.05,HIGH·新高贴顶,8.13,8.13,0.0,0.0,23.68,True,9,2,-2.34,1.88,48.0,False,True,False
600748.SSE,上实发展,2026-05-29,2026-05,炸板,-9.33,-9.52,-9.52,DN·阴跌到点,-24.05,-24.05,0.0,1.0,28.38,False,14,2,-1.51,0.43,88.0,False,False,False
600757.SSE,长江传媒,2023-05-26,2023-05,封D1负,-1.01,-5.25,-5.25,DN·阴跌到点,-29.0,-29.0,0.0,1.0,26.75,False,14,5,-3.22,3.01,36.0,False,True,False
600769.SSE,祥龙电业,2024-11-13,2024-11,封D1正,-0.38,6.57,6.57,HIGH·新高贴顶,3.21,-6.34,10.19,0.0,22.43,True,12,2,-6.38,2.13,65.0,False,True,False
600769.SSE,祥龙电业,2026-03-27,2026-03,封D1正,-1.03,2.94,2.94,MID·中位浅调,-17.71,-20.44,3.43,0.7,23.1,False,12,2,-1.59,0.24,36.0,False,True,False
600769.SSE,祥龙电业,2026-06-25,2026-06,炸板,-3.12,-5.84,-5.84,FLAT·横盘平台,-4.74,-4.74,0.0,1.0,9.41,True,3,2,-8.6,3.1,87.0,False,False,False
600770.SSE,综艺股份,2026-05-11,2026-05,炸板,-4.18,-6.38,-6.38,HIGH·新高贴顶,12.48,-0.14,12.64,0.0,20.4,True,8,2,-4.04,2.08,89.0,False,False,False
600774.SSE,汉商集团,2024-05-29,2024-05,封D1正,0.0,1.56,1.56,LB·L趴底,-15.74,-16.08,0.4,0.4166666666666667,13.47,False,14,2,-4.04,0.38,18.0,False,True,False
600774.SSE,汉商集团,2024-06-04,2024-06,封D1正,2.16,4.1,4.1,MID·中位浅调,-11.42,-16.08,5.55,0.3125,13.47,False,18,2,-3.97,0.0,10.0,False,True,False
600775.SSE,南京熊猫,2024-11-29,2024-11,封D1正,2.04,4.93,4.93,DN·阴跌到点,-12.16,-12.16,0.0,1.0,8.42,False,4,2,-4.21,1.88,75.0,False,True,False
600775.SSE,南京熊猫,2024-12-18,2024-12,封D1正,1.9,0.0,0.0,LB·L趴底,-9.7,-12.16,2.81,0.13333333333333333,15.43,True,17,2,-6.23,0.0,25.0,False,True,False
600778.SSE,友好集团,2024-08-15,2024-08,封D1正,3.14,7.17,7.17,LB·L趴底,-13.09,-13.3,0.25,0.6,7.67,False,7,2,-1.22,0.49,25.0,False,True,False
600778.SSE,友好集团,2024-08-28,2024-08,封D1负,-0.99,-4.55,-4.55,HIGH·新高贴顶,-1.5,-13.3,13.61,0.21428571428571427,23.27,True,16,2,-5.17,0.0,23.0,False,True,False
600778.SSE,友好集团,2025-01-20,2025-01,炸板,-5.38,-3.98,-3.98,U·U型蹲,-15.5,-23.0,9.74,0.5,16.88,False,12,3,-5.48,1.45,47.0,False,False,False
600785.SSE,新华百货,2026-01-29,2026-01,封D1负,4.05,-7.79,-7.79,HIGH·新高贴顶,0.97,0.97,0.0,1.0,12.2,True,8,4,-7.11,3.64,72.0,False,True,False
600785.SSE,新华百货,2026-02-02,2026-02,连板,-0.21,9.99,8.7,HIGH·新高贴顶,2.42,0.97,1.44,0.75,12.2,True,10,4,-7.79,0.0,41.0,True,True,True
600786.SSE,东方锅炉,2006-05-15,2006-05,封D1正,0.66,2.24,2.24,DN·阴跌到点,-10.53,-10.53,0.0,1.0,10.38,False,4,2,-7.47,1.07,3.0,False,True,False
600787.SSE,中储股份,2024-11-26,2024-11,封D1正,-1.84,3.4,3.4,FLAT·横盘平台,-6.83,-6.83,0.0,1.0,9.83,True,6,2,-7.9,2.3,132.0,False,True,False
600792.SSE,云煤能源,2023-09-18,2023-09,封D1负,-0.96,-3.11,-3.11,DN·阴跌到点,-14.99,-16.33,1.6,0.7142857142857143,28.34,True,9,3,-2.06,2.06,26.0,False,True,False
600792.SSE,云煤能源,2023-11-21,2023-11,封D1正,0.0,0.87,0.87,HIGH·新高贴顶,-3.32,-9.96,7.38,0.0,11.89,True,6,3,-4.03,1.65,50.0,False,True,False
600793.SSE,宜宾纸业,2024-12-27,2024-12,炸板,-3.79,-8.47,-8.47,HIGH·新高贴顶,-2.04,-10.59,9.56,0.14285714285714285,24.89,True,9,7,-2.53,3.41,79.0,False,False,False
600793.SSE,宜宾纸业,2025-01-07,2025-01,封D1负,0.29,-2.04,-2.04,DN·阴跌到点,-28.11,-28.11,0.0,1.0,55.33,True,15,7,-6.09,1.51,52.0,False,True,False
600793.SSE,宜宾纸业,2025-01-13,2025-01,封D1正,0.0,3.52,3.52,DN·阴跌到点,-27.45,-28.11,0.91,0.7647058823529411,55.33,True,19,7,-5.37,0.3,35.0,False,True,False
600797.SSE,浙大网新,2024-10-30,2024-10,封D1负,2.38,-0.14,-0.14,FLAT·横盘平台,-8.99,-9.83,0.93,0.5714285714285714,9.35,False,9,2,-1.22,1.22,93.0,False,True,False
600797.SSE,浙大网新,2024-11-11,2024-11,连板,9.97,9.97,5.45,HIGH·新高贴顶,-3.93,-9.83,6.54,0.26666666666666666,11.06,True,17,2,-0.15,1.31,95.0,True,True,True
600800.SSE,渤海化学,2025-04-24,2025-04,封D1正,1.52,0.61,0.61,FLAT·横盘平台,-8.81,-8.81,0.0,1.0,9.0,False,5,2,-2.6,2.27,52.0,False,True,False
600800.SSE,渤海化学,2025-05-06,2025-05,封D1正,1.76,6.47,6.47,MID·中位浅调,-6.08,-8.81,3.0,0.375,10.67,True,10,2,-0.32,1.29,56.0,False,True,False
600802.SSE,福建水泥,2025-11-25,2025-11,封D1负,0.0,-4.06,-4.06,DN·阴跌到点,-8.45,-9.3,0.93,0.9444444444444444,31.99,True,20,2,0.93,0.16,56.0,False,True,False
600807.SSE,济高发展,2025-01-16,2025-01,封D1负,0.34,-4.07,-4.07,FLAT·横盘平台,-10.96,-12.62,1.9,0.3333333333333333,5.32,False,5,2,-3.25,1.08,54.0,False,True,False
600807.SSE,济高发展,2025-01-27,2025-01,连板,1.77,9.93,7.09,DN·阴跌到点,-14.95,-14.95,0.0,1.0,15.23,False,12,2,-1.54,0.38,53.0,True,True,True
600815.SSE,厦工股份,2025-11-13,2025-11,封D1正,-0.98,1.96,1.96,HIGH·新高贴顶,0.0,-1.62,1.64,0.25,10.14,True,6,2,-3.13,3.66,48.0,False,True,False
600815.SSE,厦工股份,2025-11-28,2025-11,封D1正,3.64,3.38,3.38,DN·阴跌到点,-5.66,-5.66,0.0,1.0,30.86,True,17,2,-3.31,1.66,41.0,False,True,False
600816.SSE,建元信托,2024-10-31,2024-10,炸板,-3.48,-7.54,-7.54,MID·中位浅调,-12.78,-15.83,3.63,0.4,8.91,False,17,2,-0.63,0.63,118.0,False,False,False
600816.SSE,建元信托,2024-11-04,2024-11,封D1正,0.0,0.85,0.85,FLAT·横盘平台,-11.39,-15.83,5.28,0.35294117647058826,9.57,False,19,2,-3.92,0.9,74.0,False,True,False
600817.SSE,宇通重工,2024-08-12,2024-08,连板,3.71,10.02,10.82,DN·阴跌到点,-14.6,-14.6,0.0,1.0,18.96,True,14,3,-0.44,0.66,23.0,True,True,True
600819.SSE,耀皮玻璃,2024-02-08,2024-02,封D1正,2.43,8.36,8.36,DN·阴跌到点,-50.87,-50.87,0.0,1.0,99.7,False,17,3,-6.65,0.0,92.0,False,True,False
600819.SSE,耀皮玻璃,2025-10-29,2025-10,炸板,-3.41,-2.47,-2.47,DN·阴跌到点,-14.49,-14.49,0.0,1.0,14.1,False,10,2,-2.28,1.14,48.0,False,False,False
600821.SSE,金开新能,2026-03-18,2026-03,炸板,-5.81,4.12,4.12,HIGH·新高贴顶,2.54,2.11,0.41,0.0,12.53,True,7,2,-8.92,1.13,33.0,False,False,False
600822.SSE,上海物贸,2024-12-11,2024-12,封D1正,2.35,5.11,5.11,DN·阴跌到点,-19.87,-20.01,0.18,0.9333333333333333,19.39,False,17,2,0.18,1.48,82.0,False,True,False
600825.SSE,新华传媒,2024-11-13,2024-11,炸板,-9.07,-12.5,-12.5,HIGH·新高贴顶,-0.3,-5.72,5.75,0.4,12.62,True,12,2,-4.34,0.72,65.0,False,False,False
600825.SSE,新华传媒,2024-12-10,2024-12,封D1正,0.0,5.58,5.58,HIGH·新高贴顶,-0.92,-3.17,2.32,0.0,5.32,True,5,2,-2.85,0.65,83.0,False,True,False
600826.SSE,兰生股份,2024-12-11,2024-12,封D1正,0.0,1.2,1.2,MID·中位浅调,-18.67,-21.1,3.07,0.7333333333333333,32.08,True,17,4,0.78,0.56,82.0,False,True,False
600828.SSE,茂业商业,2025-12-29,2025-12,封D1负,-2.38,-0.95,-0.95,DN·阴跌到点,-19.64,-19.64,0.0,1.0,25.13,True,13,2,-2.39,1.02,69.0,False,True,False
600829.SSE,人民同泰,2025-12-02,2025-12,封D1正,4.0,7.26,7.26,MID·中位浅调,-26.32,-30.11,5.42,0.4444444444444444,52.36,True,11,6,-3.24,2.92,54.0,False,True,False
600829.SSE,人民同泰,2026-07-27,2026-07,封D1负,0.85,-1.28,-1.28,DN·阴跌到点,-13.85,-13.85,0.0,1.0,22.07,True,8,2,-5.75,0.77,36.0,False,True,False
600829.SSE,人民同泰,2026-08-06,2026-08,封D1负,-0.48,-0.29,-0.29,U·U型蹲,-4.85,-13.85,10.45,0.42857142857142855,22.07,True,16,2,-2.28,0.42,93.0,False,True,False
600835.SSE,上海机电,2025-03-04,2025-03,封D1正,-0.12,5.84,5.84,MID·中位浅调,-5.76,-6.01,0.27,0.2,10.01,True,7,2,-4.02,0.04,51.0,False,True,False
600838.SSE,上海九百,2024-09-24,2024-09,封D1正,1.8,4.43,4.43,MID·中位浅调,-13.57,-18.31,5.81,0.16666666666666666,13.39,False,8,3,-5.61,3.02,45.0,False,True,False
600838.SSE,上海九百,2026-01-06,2026-01,封D1正,1.95,7.05,7.05,HIGH·新高贴顶,-3.52,-3.52,0.0,1.0,12.34,True,10,2,-1.11,3.88,74.0,False,True,False
600839.SSE,四川长虹,2024-10-14,2024-10,炸板,-2.09,-2.25,-2.25,DN·阴跌到点,-12.92,-12.92,0.0,1.0,7.24,False,4,2,-3.58,0.85,28.0,False,False,False
600839.SSE,四川长虹,2024-10-16,2024-10,连板,3.13,10.0,64.03,FLAT·横盘平台,-6.31,-12.92,7.6,0.5,9.19,False,6,2,-1.46,3.4,33.0,True,True,True
600841.SSE,动力新科,2024-07-18,2024-07,连板,0.0,10.0,8.29,HIGH·新高贴顶,-3.87,-3.87,0.0,1.0,4.83,True,4,2,-4.6,0.26,19.0,True,True,True
600842.SSE,中西药业,2007-03-12,2007-03,炸板,-2.89,-2.79,-2.79,MID·中位浅调,-13.56,-16.51,3.54,0.5,19.78,False,10,3,-3.85,0.57,1.0,False,False,False
600843.SSE,上工申贝,2024-03-18,2024-03,封D1正,8.93,2.14,2.14,DN·阴跌到点,-6.95,-6.95,0.0,1.0,10.22,True,4,2,-1.93,1.35,56.0,False,True,False
600843.SSE,上工申贝,2024-03-28,2024-03,封D1负,1.92,-0.32,-0.32,HIGH·新高贴顶,3.66,-6.95,11.39,0.2,28.29,True,12,2,-7.5,0.98,39.0,False,True,False
600843.SSE,上工申贝,2024-08-09,2024-08,封D1负,0.62,-4.94,-4.94,DN·阴跌到点,-11.54,-11.54,0.0,1.0,25.68,True,6,2,-6.72,0.76,30.0,False,True,False
600847.SSE,万里股份,2024-09-19,2024-09,封D1负,1.52,-3.17,-3.17,DN·阴跌到点,-15.37,-15.37,0.0,1.0,20.11,True,6,2,-5.79,0.79,21.0,False,True,False
600851.SSE,海欣股份,2026-07-09,2026-07,炸板,-7.79,-3.62,-3.62,DN·阴跌到点,-14.81,-14.81,0.0,1.0,21.86,True,12,3,-3.94,1.62,41.0,False,False,False
600855.SSE,航天长峰,2024-05-14,2024-05,炸板,-4.4,-4.5,-4.5,HIGH·新高贴顶,-1.73,-7.34,6.06,0.4,12.35,True,12,2,-3.6,0.0,24.0,False,False,False
600857.SSE,宁波中百,2026-05-29,2026-05,封D1正,-3.68,1.35,1.35,FLAT·横盘平台,-9.15,-11.21,2.32,0.3333333333333333,9.07,False,11,2,-6.19,3.59,88.0,False,True,False
600858.SSE,银座股份,2025-01-21,2025-01,封D1负,-0.46,-6.28,-6.28,U·U型蹲,-7.33,-14.82,8.79,0.16666666666666666,14.47,False,8,3,-0.17,2.02,62.0,False,True,False
600860.SSE,京城股份,2023-07-12,2023-07,炸板,-5.47,-6.42,-6.42,DN·阴跌到点,-7.98,-7.98,0.0,1.0,12.53,True,11,3,-2.35,0.0,26.0,False,False,False
600868.SSE,梅雁吉祥,2025-12-05,2025-12,封D1正,3.67,1.05,1.05,DN·阴跌到点,-12.18,-12.18,0.0,1.0,11.27,False,4,2,-5.72,0.82,30.0,False,True,False
600868.SSE,梅雁吉祥,2025-12-12,2025-12,封D1负,-1.52,-2.03,-2.03,MID·中位浅调,-9.14,-12.18,3.47,0.2857142857142857,11.27,False,9,2,-5.29,1.06,27.0,False,True,False
600869.SSE,远东股份,2026-02-03,2026-02,封D1正,0.0,1.97,1.97,HIGH·新高贴顶,9.62,-8.24,19.46,0.3125,26.45,True,18,3,-1.16,1.57,32.0,False,True,False
600871.SSE,石化油服,2026-02-24,2026-02,封D1正,0.0,3.73,3.73,MID·中位浅调,-9.29,-10.84,1.74,0.2,18.4,True,12,2,-3.3,1.65,29.0,False,True,False
600877.SSE,电科芯片,2024-10-14,2024-10,炸板,-0.57,0.86,0.86,DN·阴跌到点,-12.36,-12.36,0.0,1.0,12.61,False,4,2,-5.93,0.0,28.0,False,False,False
600877.SSE,电科芯片,2024-11-04,2024-11,炸板,-4.97,-2.29,-2.29,HIGH·新高贴顶,-1.45,-12.36,12.45,0.11764705882352941,24.67,True,19,2,-5.5,0.07,74.0,False,False,False
600877.SSE,电科芯片,2026-01-21,2026-01,炸板,-1.58,2.2,2.2,DN·阴跌到点,-15.53,-15.53,0.0,1.0,20.27,True,6,2,-5.56,0.99,50.0,False,False,False
600881.SSE,亚泰集团,2024-10-22,2024-10,封D1负,5.42,-0.6,-0.6,DN·阴跌到点,-27.4,-27.4,0.0,0.75,23.84,False,10,7,-1.95,1.3,89.0,False,True,False
600881.SSE,亚泰集团,2024-10-31,2024-10,封D1负,4.07,-9.05,-9.05,HIGH·新高贴顶,-3.37,-27.4,33.11,0.4,44.37,True,17,7,-7.8,3.67,118.0,False,True,False
600881.SSE,亚泰集团,2024-12-11,2024-12,连板,10.13,10.13,10.97,FLAT·横盘平台,-6.52,-6.52,0.0,1.0,3.72,False,3,2,-3.59,0.0,82.0,True,True,True
600881.SSE,亚泰集团,2025-01-02,2025-01,封D1负,-2.01,-5.03,-5.03,DN·阴跌到点,-30.65,-30.65,0.0,1.0,59.67,True,14,2,-2.69,3.23,39.0,False,True,False
600881.SSE,亚泰集团,2026-08-20,2026-08,炸板,-6.76,-5.31,-5.31,DN·阴跌到点,-17.18,-17.18,0.0,1.0,17.55,False,5,3,-7.39,2.46,32.0,False,False,False
600884.SSE,杉杉股份,2026-02-25,2026-02,封D1负,0.0,-0.86,-0.86,DN·阴跌到点,-13.03,-13.03,0.0,1.0,10.4,False,6,2,-0.58,0.65,82.0,False,True,False
600892.SSE,大晟文化,2023-06-20,2023-06,封D1负,-1.63,-8.17,-8.17,HIGH·新高贴顶,-3.92,-3.92,0.0,0.125,6.21,True,10,2,-0.49,1.3,34.0,False,True,False
600892.SSE,大晟文化,2023-06-26,2023-06,封D1正,-0.74,3.97,3.97,HIGH·新高贴顶,-2.98,-3.92,0.98,0.1,9.97,True,12,2,-8.17,0.0,32.0,False,True,False
600892.SSE,大晟文化,2024-01-23,2024-01,炸板,-6.35,-7.62,-7.62,DN·阴跌到点,-31.93,-31.93,0.0,1.0,33.53,False,14,2,-6.88,0.19,15.0,False,False,False
600892.SSE,大晟文化,2025-02-26,2025-02,封D1负,-0.77,-2.57,-2.57,DN·阴跌到点,-9.46,-9.46,0.0,1.0,12.71,True,6,2,-1.39,3.34,46.0,False,True,False
600895.SSE,张江高科,2023-09-15,2023-09,封D1负,-4.61,-9.04,-9.04,HIGH·新高贴顶,0.42,0.42,0.0,1.0,3.82,True,4,4,-3.68,1.45,20.0,False,True,False
600895.SSE,张江高科,2024-11-11,2024-11,炸板,-5.81,-3.98,-3.98,HIGH·新高贴顶,4.15,-3.33,7.74,0.0,11.41,True,6,2,0.03,1.7,95.0,False,False,False
600903.SSE,贵州燃气,2026-06-09,2026-06,封D1正,-0.77,1.86,1.86,DN·阴跌到点,-14.24,-14.24,0.0,1.0,25.39,True,15,2,-4.04,2.54,45.0,False,True,False
600936.SSE,北投科技,2025-12-26,2025-12,炸板,-3.21,-6.2,-6.2,U·U型蹲,-5.97,-14.82,10.39,0.14285714285714285,14.29,False,9,3,-2.75,0.69,72.0,False,False,False
600936.SSE,北投科技,2026-05-19,2026-05,封D1负,-0.86,-9.93,-9.93,HIGH·新高贴顶,2.71,-1.35,4.12,0.0,7.25,True,7,2,-2.93,3.29,72.0,False,True,False
600939.SSE,重庆建工,2025-11-28,2025-11,封D1正,0.0,0.0,0.0,DN·阴跌到点,-20.59,-20.59,0.0,1.0,25.36,False,14,3,-2.25,0.28,41.0,False,True,False
600955.SSE,维远股份,2026-04-07,2026-04,封D1正,-1.49,1.88,1.88,DN·阴跌到点,-12.31,-12.31,0.0,1.0,5.41,False,5,2,-3.86,0.29,26.0,False,True,False
600961.SSE,株冶集团,2026-05-14,2026-05,炸板,-6.56,-9.47,-9.47,HIGH·新高贴顶,9.91,-0.9,10.91,0.5,14.57,True,14,4,-3.13,2.47,101.0,False,False,False
600962.SSE,国投中鲁,2026-07-10,2026-07,炸板,-7.21,-2.5,-2.5,DN·阴跌到点,-18.66,-18.97,0.38,0.875,28.38,True,10,2,0.38,0.0,63.0,False,False,False
600962.SSE,国投中鲁,2026-07-23,2026-07,封D1负,9.95,-3.08,-3.08,DN·阴跌到点,-30.69,-30.69,0.0,1.0,50.1,True,19,2,-3.41,2.35,41.0,False,True,False
600966.SSE,博汇纸业,2024-11-20,2024-11,封D1负,0.17,-2.52,-2.52,FLAT·横盘平台,-8.61,-8.61,0.0,1.0,6.28,False,7,2,-0.18,0.18,79.0,False,True,False
600973.SSE,宝胜股份,2025-01-22,2025-01,炸板,-4.76,-6.67,-6.67,U·U型蹲,-24.17,-31.64,10.93,0.6,46.51,True,17,2,-2.65,0.82,38.0,False,False,False
600973.SSE,宝胜股份,2025-12-19,2025-12,炸板,-1.28,-5.26,-5.26,HIGH·新高贴顶,-1.39,-1.54,0.16,0.14285714285714285,6.9,True,9,2,-1.24,3.55,52.0,False,False,False
600977.SSE,中国电影,2025-09-12,2025-09,连板,3.74,10.03,10.91,HIGH·新高贴顶,5.93,5.93,0.0,1.0,1.2,True,4,2,-1.19,0.45,74.0,True,True,True
600979.SSE,广安爱众,2024-12-10,2024-12,连板,10.03,10.03,19.9,DN·阴跌到点,-8.06,-8.06,0.0,1.0,10.29,True,5,3,-4.89,3.8,83.0,True,True,True
600980.SSE,北矿科技,2025-08-27,2025-08,封D1正,2.07,4.45,4.45,FLAT·横盘平台,-8.92,-9.99,1.19,0.0,4.44,False,5,2,-3.11,0.0,59.0,False,True,False
600981.SSE,苏豪汇鸿,2023-12-12,2023-12,封D1正,3.31,2.75,2.75,FLAT·横盘平台,-11.29,-11.29,0.0,1.0,7.58,False,3,2,-7.04,2.54,33.0,False,True,False
600982.SSE,宁波能源,2026-04-13,2026-04,封D1正,3.45,0.0,0.0,LB·L趴底,-23.77,-24.78,1.35,0.6,41.62,True,12,2,-1.31,0.56,53.0,False,True,False
600984.SSE,建设机械,2024-04-10,2024-04,连板,2.52,10.06,20.13,DN·阴跌到点,-15.0,-15.0,0.0,1.0,11.07,False,9,2,-0.34,2.07,48.0,True,True,True
600984.SSE,建设机械,2024-05-06,2024-05,封D1负,0.0,-1.56,-1.56,DN·阴跌到点,-31.13,-32.55,2.1,0.7,36.36,False,12,4,-2.67,2.0,47.0,False,True,False
600986.SSE,浙文互联,2026-01-29,2026-01,封D1负,-1.81,-4.86,-4.86,FLAT·横盘平台,-5.51,-5.51,0.0,1.0,4.63,False,3,2,-4.42,1.53,72.0,False,True,False
600992.SSE,贵绳股份,2024-06-07,2024-06,封D1正,4.39,6.66,6.66,DN·阴跌到点,-8.2,-8.2,0.0,1.0,11.72,True,5,2,-4.48,1.89,16.0,False,True,False
600992.SSE,贵绳股份,2024-06-14,2024-06,封D1正,1.95,1.06,1.06,HIGH·新高贴顶,3.5,-8.2,12.75,0.42857142857142855,17.36,True,9,2,-2.84,1.01,28.0,False,True,False
600999.SSE,招商证券,2024-10-18,2024-10,炸板,-5.83,-3.73,-3.73,DN·阴跌到点,-11.04,-11.04,0.0,1.0,20.08,True,8,2,-1.25,1.77,41.0,False,False,False
601005.SSE,重庆钢铁,2024-11-07,2024-11,炸板,-3.76,-5.91,-5.91,HIGH·新高贴顶,-2.87,-7.47,4.97,0.3333333333333333,5.59,False,5,2,-0.59,2.35,104.0,False,False,False
601008.SSE,连云港,2025-05-13,2025-05,连板,3.22,10.02,32.02,DN·阴跌到点,-21.73,-21.73,0.0,0.8888888888888888,18.9,False,11,2,0.0,0.39,38.0,True,True,True
601011.SSE,宝泰隆,2024-12-16,2024-12,炸板,-6.1,-9.15,-9.15,DN·阴跌到点,-11.31,-11.31,0.0,1.0,14.77,True,7,2,-4.18,0.32,84.0,False,False,False
601015.SSE,陕西黑猫,2026-03-03,2026-03,封D1负,2.64,-5.1,-5.1,HIGH·新高贴顶,1.77,-12.4,16.18,0.5,16.18,True,12,2,4.02,1.81,77.0,False,True,False
601016.SSE,节能风电,2026-03-17,2026-03,封D1负,-1.98,-3.3,-3.3,FLAT·横盘平台,-6.55,-6.55,0.0,1.0,6.76,False,3,2,-6.33,0.45,39.0,False,True,False
601016.SSE,节能风电,2026-04-23,2026-04,封D1正,1.12,0.0,0.0,U·U型蹲,-24.63,-29.44,6.82,0.3333333333333333,39.37,False,20,2,-2.4,0.96,49.0,False,True,False
601069.SSE,西部黄金,2025-04-03,2025-04,封D1负,-9.97,-9.97,-9.97,FLAT·横盘平台,-7.96,-7.96,0.0,1.0,6.58,False,3,2,-6.17,0.24,37.0,False,True,False
601069.SSE,西部黄金,2025-04-21,2025-04,封D1正,1.98,5.63,5.63,HIGH·新高贴顶,3.5,-10.21,15.28,0.3333333333333333,23.74,True,14,2,-2.9,2.28,50.0,False,True,False
601069.SSE,西部黄金,2025-09-09,2025-09,封D1正,-4.69,7.41,7.41,HIGH·新高贴顶,6.0,2.26,3.65,0.0,10.0,True,4,3,-5.77,0.13,56.0,False,True,False
601069.SSE,西部黄金,2025-10-09,2025-10,封D1负,-4.23,-9.06,-9.06,HIGH·新高贴顶,12.79,2.26,10.29,0.0,22.46,True,20,3,0.27,1.17,39.0,False,True,False
601083.SSE,锦江航运,2025-05-13,2025-05,炸板,-5.15,6.21,6.46,HIGH·新高贴顶,0.91,-6.08,7.44,0.5,11.3,True,20,2,0.09,0.36,38.0,False,False,True
601086.SSE,国芳集团,2024-12-19,2024-12,封D1负,1.35,-1.02,-1.02,DN·阴跌到点,-9.14,-9.14,0.0,1.0,21.42,True,13,2,-2.01,1.46,84.0,False,True,False
601089.SSE,福元医药,2025-08-08,2025-08,封D1正,1.99,5.07,5.07,FLAT·横盘平台,-7.78,-7.78,0.0,1.0,6.91,False,4,2,-4.03,0.96,47.0,False,True,False
601096.SSE,宏盛华源,2024-01-10,2024-01,连板,-0.97,10.06,9.58,FLAT·横盘平台,-9.24,-9.24,0.0,1.0,8.04,False,3,2,-7.44,0.99,40.0,True,True,True
601096.SSE,宏盛华源,2024-01-23,2024-01,炸板,-4.97,1.46,1.46,MID·中位浅调,-8.26,-10.03,1.97,0.5,11.15,False,8,2,-3.42,3.88,15.0,False,False,False
601099.SSE,太平洋,2023-08-10,2023-08,封D1负,-4.67,-3.04,-3.04,HIGH·新高贴顶,12.0,7.5,4.19,0.0,13.02,True,8,2,0.45,0.45,15.0,False,True,False
601099.SSE,太平洋,2024-10-18,2024-10,炸板,-6.03,-6.03,-6.03,DN·阴跌到点,-20.2,-20.2,0.0,1.0,15.48,False,8,2,-1.93,1.45,41.0,False,False,False
601106.SSE,中国一重,2025-12-19,2025-12,连板,4.44,9.92,6.27,DN·阴跌到点,-7.45,-7.45,0.0,1.0,11.78,True,9,2,-4.92,0.55,52.0,True,True,True
601116.SSE,三江购物,2025-10-10,2025-10,炸板,-8.37,-2.29,-2.29,DN·阴跌到点,-14.41,-14.59,0.22,0.6153846153846154,31.15,True,15,3,-5.89,0.0,74.0,False,False,False
601126.SSE,四方股份,2025-10-29,2025-10,封D1负,2.04,-1.36,-1.36,HIGH·新高贴顶,-2.16,-6.39,4.53,0.5714285714285714,8.78,True,9,2,-3.91,1.33,48.0,False,True,False
601126.SSE,四方股份,2025-11-04,2025-11,炸板,-9.92,1.43,1.43,HIGH·新高贴顶,2.12,-6.39,9.09,0.36363636363636365,14.99,True,13,2,-0.82,1.7,56.0,False,False,False
601133.SSE,柏诚股份,2026-06-15,2026-06,封D1负,1.23,-1.05,-1.05,U·U型蹲,-5.0,-18.19,16.13,0.5,32.89,True,20,2,-4.66,0.29,83.0,False,True,False
601133.SSE,柏诚股份,2026-07-09,2026-07,炸板,-5.95,-4.58,-4.58,DN·阴跌到点,-18.4,-18.4,0.0,1.0,28.17,True,8,2,-1.43,1.32,41.0,False,False,False
601162.SSE,天风证券,2024-09-13,2024-09,封D1负,-1.68,-3.37,-3.37,FLAT·横盘平台,-6.57,-6.57,0.0,1.0,7.04,False,4,2,-6.57,2.08,26.0,False,True,False
601162.SSE,天风证券,2024-10-18,2024-10,封D1正,-1.47,4.61,4.61,LB·L趴底,-18.27,-19.21,1.17,0.4,11.42,False,7,7,-5.86,0.87,41.0,False,True,False
601179.SSE,中国西电,2026-06-22,2026-06,封D1负,-1.73,-3.57,-3.57,FLAT·横盘平台,-6.38,-6.38,0.0,1.0,3.47,False,3,2,-3.36,0.06,75.0,False,True,False
601299.SSE,中国北车,2015-01-15,2015-01,连板,0.67,10.03,3.51,FLAT·横盘平台,-4.9,-5.33,0.46,0.0,1.2,False,4,6,-0.73,0.91,0.0,True,True,True
601299.SSE,中国北车,2015-02-12,2015-02,炸板,-2.96,-2.05,-2.05,MID·中位浅调,-9.19,-13.14,4.55,0.8235294117647058,26.66,True,19,2,-0.75,0.17,0.0,False,False,False
601399.SSE,国机重装,2025-12-19,2025-12,炸板,0.17,-1.92,-1.92,HIGH·新高贴顶,12.74,0.0,12.74,0.125,16.2,True,10,3,-1.88,3.01,52.0,False,False,False
601519.SSE,大智慧,2024-10-18,2024-10,炸板,-4.76,-5.46,-5.46,DN·阴跌到点,-14.89,-16.41,1.82,0.6666666666666666,19.77,True,8,3,-0.13,2.93,41.0,False,False,False
601519.SSE,大智慧,2024-12-10,2024-12,炸板,-9.97,-8.18,-8.18,DN·阴跌到点,-5.24,-5.24,0.0,1.0,21.58,True,5,3,-8.58,0.0,83.0,False,False,False
601566.SSE,九牧王,2025-12-12,2025-12,封D1负,0.07,-9.12,-9.12,U·U型蹲,-25.8,-30.04,6.06,0.2857142857142857,28.65,False,16,7,-5.2,0.62,27.0,False,True,False
601566.SSE,九牧王,2025-12-18,2025-12,连板,3.63,9.97,6.48,U·U型蹲,-23.74,-30.04,9.01,0.2222222222222222,28.65,False,20,7,-6.59,0.47,44.0,True,True,True
601588.SSE,北辰实业,2024-11-18,2024-11,炸板,-3.77,-4.72,-4.72,DN·阴跌到点,-13.84,-13.84,0.0,1.0,21.24,True,11,2,-3.98,1.0,53.0,False,False,False
601595.SSE,XD上海电,2024-03-22,2024-03,封D1负,1.66,-5.26,-5.26,HIGH·新高贴顶,-3.57,-8.63,5.53,0.6666666666666666,9.91,True,14,2,0.55,2.44,56.0,False,True,False
601606.SSE,长城军工,2025-10-28,2025-10,封D1正,-1.78,0.89,0.89,HIGH·新高贴顶,-3.74,-7.45,4.02,0.6666666666666666,16.55,True,11,2,-2.52,1.85,45.0,False,True,False
601608.SSE,中信重工,2025-10-27,2025-10,封D1正,-0.92,2.38,2.38,FLAT·横盘平台,-9.35,-9.35,0.0,1.0,3.92,False,3,3,-3.78,3.08,47.0,False,True,False
601616.SSE,广电电气,2026-02-02,2026-02,封D1负,1.11,-0.93,-0.93,DN·阴跌到点,-19.54,-19.54,0.0,1.0,18.78,False,8,4,-1.21,0.4,41.0,False,True,False
601616.SSE,广电电气,2026-02-24,2026-02,炸板,-3.05,-1.8,-1.8,MID·中位浅调,-16.91,-19.54,3.27,0.375,18.78,False,18,4,-3.07,1.34,29.0,False,False,False
601619.SSE,嘉泽新能,2025-09-17,2025-09,封D1正,1.03,1.23,1.23,FLAT·横盘平台,-9.24,-9.24,0.0,1.0,5.43,False,3,2,-5.15,2.79,59.0,False,True,False
601678.SSE,滨化股份,2026-06-10,2026-06,封D1正,2.83,5.31,5.31,DN·阴跌到点,-19.56,-19.56,0.0,1.0,24.71,True,17,2,-1.34,0.96,107.0,False,True,False
601698.SSE,中国卫通,2024-11-27,2024-11,封D1负,-0.86,-0.77,-0.77,DN·阴跌到点,-18.27,-18.27,0.0,1.0,40.26,True,12,2,-2.04,1.46,79.0,False,True,False
601700.SSE,风范股份,2026-08-17,2026-08,封D1正,4.57,1.25,1.25,MID·中位浅调,-8.38,-10.06,1.86,0.0,17.86,True,7,4,-7.61,0.85,51.0,False,True,False
601700.SSE,风范股份,2026-08-20,2026-08,封D1负,0.4,-6.53,-6.53,MID·中位浅调,-4.75,-10.06,5.9,0.0,17.86,True,10,4,-6.7,3.69,32.0,False,True,False
601700.SSE,风范股份,2026-08-24,2026-08,封D1负,-2.72,-2.59,-2.59,HIGH·新高贴顶,-2.09,-10.06,8.85,0.0,17.86,True,12,4,-6.53,0.53,47.0,False,True,False
601789.SSE,宁波建工,2025-03-14,2025-03,炸板,-4.92,-3.37,-3.37,MID·中位浅调,-4.01,-6.53,2.7,0.0,11.43,True,9,2,-4.85,3.97,34.0,False,False,False
601789.SSE,宁波建工,2026-04-01,2026-04,炸板,-4.44,-8.72,-8.72,DN·阴跌到点,-24.25,-24.25,0.0,1.0,35.26,True,15,4,-2.98,0.35,44.0,False,False,False
601828.SSE,美凯龙,2025-12-15,2025-12,封D1正,0.35,3.12,3.12,DN·阴跌到点,-14.66,-14.66,0.0,1.0,8.02,False,3,2,-7.42,0.71,67.0,False,True,False
601858.SSE,中国科传,2023-09-13,2023-09,炸板,-6.04,-6.41,-6.41,DN·阴跌到点,-11.12,-11.12,0.0,1.0,27.21,True,15,2,-0.52,0.24,24.0,False,False,False
601869.SSE,长飞光纤,2025-10-21,2025-10,炸板,-4.22,1.14,1.14,DN·阴跌到点,-31.74,-31.74,0.0,1.0,42.44,False,16,2,-0.33,2.05,66.0,False,False,False
601869.SSE,长飞光纤,2026-02-24,2026-02,封D1负,2.25,-2.63,-2.63,HIGH·新高贴顶,0.9,0.9,0.0,1.0,6.38,True,4,2,-6.0,0.88,29.0,False,True,False
601872.SSE,招商轮船,2026-03-10,2026-03,炸板,-5.44,-5.73,-5.73,DN·阴跌到点,-20.0,-20.0,0.0,1.0,12.66,False,5,2,-8.18,0.0,34.0,False,False,False
601872.SSE,招商轮船,2026-03-18,2026-03,炸板,-0.77,-2.65,-2.65,MID·中位浅调,-16.08,-20.71,5.84,0.7777777777777778,13.67,False,11,2,-1.55,1.61,33.0,False,False,False
601878.SSE,浙商证券,2024-10-18,2024-10,炸板,-5.45,-4.44,-4.44,DN·阴跌到点,-20.0,-20.0,0.0,1.0,12.54,False,8,2,-1.4,1.01,41.0,False,False,False
601900.SSE,南方传媒,2023-05-24,2023-05,炸板,-4.86,-7.62,-7.62,LB·L趴底,-12.46,-13.84,1.6,0.5833333333333334,29.14,True,14,2,-6.12,1.48,18.0,False,False,False
601900.SSE,南方传媒,2023-05-26,2023-05,封D1正,1.96,3.27,3.27,MID·中位浅调,-11.03,-13.84,3.26,0.5,29.14,True,16,2,-5.24,2.88,36.0,False,True,False
601900.SSE,南方传媒,2023-06-07,2023-06,封D1负,-1.1,-7.53,-7.53,DN·阴跌到点,-12.52,-12.52,0.0,1.0,8.37,False,4,3,-7.72,3.82,35.0,False,True,False
601908.SSE,京运通,2025-05-13,2025-05,封D1正,0.0,4.76,4.76,HIGH·新高贴顶,-0.69,-1.39,0.7,0.0,4.58,True,4,2,-3.7,1.35,38.0,False,True,False
601933.SSE,永辉超市,2024-11-07,2024-11,封D1负,0.0,-1.15,-1.15,HIGH·新高贴顶,2.83,0.22,2.6,0.2,10.2,True,7,2,-4.64,2.62,104.0,False,True,False
601949.SSE,中国出版,2023-06-15,2023-06,封D1负,-3.29,-3.36,-3.36,MID·中位浅调,-9.55,-9.69,0.14,0.6,16.59,True,7,2,-1.22,3.29,43.0,False,True,False
601956.SSE,东贝集团,2025-05-22,2025-05,封D1正,1.3,3.91,3.91,DN·阴跌到点,-16.04,-16.04,0.0,1.0,19.11,False,15,4,-3.83,0.31,45.0,False,True,False
601958.SSE,金钼股份,2026-06-22,2026-06,封D1负,3.22,-8.76,-8.76,HIGH·新高贴顶,-1.32,-1.32,0.0,1.0,4.26,True,4,3,-2.7,2.56,75.0,False,True,False
601975.SSE,招商南油,2026-03-16,2026-03,封D1正,-0.21,2.49,2.49,LB·L趴底,-12.07,-13.08,1.16,0.42857142857142855,20.83,True,9,2,-3.74,1.98,52.0,False,True,False
601975.SSE,招商南油,2026-03-24,2026-03,封D1负,1.04,-3.93,-3.93,LB·L趴底,-11.67,-13.08,1.62,0.23076923076923078,20.83,True,15,2,-2.88,3.54,24.0,False,True,False
601992.SSE,金隅集团,2026-02-03,2026-02,封D1正,2.39,1.44,1.44,LB·L趴底,-18.8,-20.94,2.7,0.16666666666666666,15.14,False,14,3,-2.06,0.52,32.0,False,True,False
601995.SSE,中金公司,2024-10-11,2024-10,封D1负,-3.33,-7.95,-7.95,DN·阴跌到点,-14.41,-14.41,0.0,1.0,5.14,False,3,2,-4.89,2.01,51.0,False,True,False
603000.SSE,人民网,2026-01-29,2026-01,炸板,-4.37,-3.74,-3.74,DN·阴跌到点,-25.14,-25.14,0.0,1.0,20.23,False,10,4,-5.37,0.0,72.0,False,False,False
603001.SSE,奥康国际,2026-06-01,2026-06,炸板,-10.25,-6.03,-6.03,FLAT·横盘平台,-5.16,-5.16,0.0,1.0,6.73,True,5,2,-1.56,2.24,46.0,False,False,False
603002.SSE,宏昌电子,2026-06-15,2026-06,连板,3.76,10.02,23.0,FLAT·横盘平台,-4.49,-4.49,0.0,1.0,2.7,False,3,2,-2.63,3.02,83.0,True,True,True
603004.SSE,鼎龙科技,2024-09-11,2024-09,封D1负,-3.41,-3.02,-3.02,DN·阴跌到点,-19.13,-19.13,0.0,1.0,12.35,False,6,2,-0.49,1.22,31.0,False,True,False
603005.SSE,晶方科技,2024-10-24,2024-10,炸板,-1.66,-3.25,-3.25,HIGH·新高贴顶,-2.61,-10.29,8.55,0.2,11.14,False,12,2,-1.18,1.6,76.0,False,False,False
603006.SSE,联明股份,2023-12-11,2023-12,封D1正,4.28,0.13,0.13,DN·阴跌到点,-15.34,-15.34,0.0,1.0,9.43,False,3,2,-8.61,1.55,27.0,False,True,False
603006.SSE,联明股份,2024-04-17,2024-04,炸板,-5.09,-2.22,-2.22,DN·阴跌到点,-43.17,-43.17,0.0,1.0,58.36,False,8,7,-5.3,1.88,16.0,False,False,False
603011.SSE,合锻智能,2024-03-14,2024-03,连板,8.72,10.04,14.34,FLAT·横盘平台,-6.4,-10.95,5.11,0.2727272727272727,9.12,False,13,4,-3.67,1.27,51.0,True,True,True
603011.SSE,合锻智能,2025-04-17,2025-04,炸板,-7.37,-8.76,-8.76,DN·阴跌到点,-20.23,-22.33,2.71,0.6153846153846154,46.25,True,15,3,-8.11,0.93,40.0,False,False,False
603011.SSE,合锻智能,2025-06-09,2025-06,封D1负,2.83,-0.53,-0.53,DN·阴跌到点,-13.22,-13.22,0.0,1.0,20.0,True,6,2,-6.34,2.48,44.0,False,True,False
603014.SSE,威高血净,2026-07-01,2026-07,封D1负,2.08,-2.36,-2.36,DN·阴跌到点,-10.4,-10.9,0.55,0.8,16.22,True,12,2,-4.02,0.23,114.0,False,True,False
603016.SSE,新宏泰,2024-09-23,2024-09,封D1正,-1.23,2.69,2.69,FLAT·横盘平台,-7.04,-7.04,0.0,1.0,2.52,False,4,2,-2.46,1.68,40.0,False,True,False
603017.SSE,中衡设计,2026-04-29,2026-04,封D1正,-0.46,0.72,0.72,DN·阴跌到点,-11.07,-11.07,0.0,1.0,18.42,True,6,2,-7.02,0.2,53.0,False,True,False
603019.SSE,中科曙光,2024-10-29,2024-10,封D1负,0.03,-1.98,-1.98,HIGH·新高贴顶,3.31,-6.63,10.65,0.38461538461538464,15.02,True,15,2,-0.35,0.66,179.0,False,True,False
603019.SSE,中科曙光,2025-09-22,2025-09,封D1负,0.42,-2.37,-2.37,HIGH·新高贴顶,17.25,-12.76,34.41,0.3888888888888889,40.26,True,20,2,-2.81,2.56,46.0,False,True,False
603023.SSE,威帝股份,2024-03-27,2024-03,封D1正,-0.48,1.43,1.43,DN·阴跌到点,-19.37,-19.37,0.0,1.0,20.63,False,4,3,-7.93,1.68,50.0,False,True,False
603023.SSE,威帝股份,2024-04-08,2024-04,炸板,-5.71,-6.43,-6.43,DN·阴跌到点,-19.58,-19.58,0.0,1.0,20.94,False,10,3,-4.26,0.5,42.0,False,False,False
603023.SSE,威帝股份,2025-12-18,2025-12,连板,-0.38,10.06,13.47,LB·L趴底,-12.11,-14.31,2.57,0.4,10.92,False,7,2,-7.35,1.55,44.0,True,True,True
603026.SSE,石大胜华,2025-10-13,2025-10,封D1正,5.48,6.5,6.5,FLAT·横盘平台,-5.15,-5.15,0.0,1.0,8.08,True,3,2,-7.48,0.38,53.0,False,True,False
603026.SSE,石大胜华,2025-11-27,2025-11,封D1正,2.87,3.31,3.31,LB·L趴底,-19.07,-20.27,1.51,0.5714285714285714,33.25,True,9,3,-1.6,1.37,54.0,False,True,False
603026.SSE,石大胜华,2026-04-10,2026-04,封D1正,-0.19,5.17,5.17,DN·阴跌到点,-17.51,-17.51,0.0,1.0,20.2,False,9,2,-3.22,1.04,50.0,False,True,False
603028.SSE,赛福天,2024-03-06,2024-03,炸板,-1.8,-5.84,-5.84,HIGH·新高贴顶,13.92,2.53,11.11,0.0,20.44,True,11,3,-2.41,0.0,38.0,False,False,False
603029.SSE,天鹅股份,2023-05-29,2023-05,封D1负,-1.98,-2.99,-2.99,DN·阴跌到点,-12.4,-12.4,0.0,1.0,18.74,True,4,2,-6.65,0.82,39.0,False,True,False
603030.SSE,全筑股份,2025-05-29,2025-05,封D1正,-0.36,3.26,3.26,DN·阴跌到点,-21.32,-21.32,0.0,1.0,14.34,False,16,4,-1.57,1.18,49.0,False,True,False
603032.SSE,德新科技,2026-06-15,2026-06,炸板,-1.29,2.16,2.16,DN·阴跌到点,-20.95,-20.95,0.0,1.0,15.94,False,12,2,-0.36,0.82,83.0,False,False,False
603033.SSE,三维股份,2026-07-06,2026-07,炸板,-5.48,-16.07,-16.07,HIGH·新高贴顶,-0.9,-0.9,0.0,1.0,4.52,True,4,2,-4.33,2.79,92.0,False,False,False
603037.SSE,凯众股份,2024-04-23,2024-04,封D1正,0.75,3.6,3.6,V·V末反,-34.53,-39.78,8.72,0.75,75.03,True,18,2,-5.26,0.36,40.0,False,True,False
603038.SSE,华立股份,2023-12-19,2023-12,炸板,-6.13,-7.39,-7.39,FLAT·横盘平台,-9.19,-9.19,0.0,1.0,9.34,False,7,2,-5.25,0.49,29.0,False,False,False
603038.SSE,华立股份,2024-02-29,2024-02,连板,4.37,9.97,9.44,HIGH·新高贴顶,2.36,-1.18,3.59,0.0,11.25,True,7,2,-6.89,3.49,23.0,True,True,True
603039.SSE,泛微网络,2025-02-11,2025-02,炸板,-6.21,-3.82,-3.82,HIGH·新高贴顶,4.13,4.13,0.0,1.0,2.68,True,4,3,-0.62,1.87,85.0,False,False,False
603039.SSE,泛微网络,2025-02-14,2025-02,封D1正,9.99,3.18,3.18,HIGH·新高贴顶,8.47,4.13,4.17,0.4,5.8,True,7,3,-1.54,2.45,45.0,False,True,False
603039.SSE,泛微网络,2025-03-03,2025-03,炸板,-8.15,-3.14,-3.14,DN·阴跌到点,-4.41,-4.41,0.0,1.0,28.79,True,18,3,-4.02,0.25,32.0,False,False,False
603045.SSE,福达合金,2026-06-15,2026-06,连板,4.8,10.01,5.41,HIGH·新高贴顶,-3.19,-3.81,0.65,0.0,24.33,True,9,2,-4.14,3.43,83.0,True,True,True
603051.SSE,鹿山新材,2024-03-08,2024-03,封D1正,5.49,2.06,2.06,DN·阴跌到点,-10.56,-10.78,0.24,0.75,10.52,False,10,2,-4.59,0.87,44.0,False,True,False
603051.SSE,鹿山新材,2024-07-25,2024-07,封D1正,2.42,0.08,0.08,DN·阴跌到点,-12.12,-12.12,0.0,1.0,8.92,False,10,2,-3.12,1.2,20.0,False,True,False
603058.SSE,永吉股份,2024-04-09,2024-04,炸板,-5.62,-0.31,-0.31,HIGH·新高贴顶,-2.24,-6.61,4.68,0.0,9.95,True,5,2,-3.96,2.64,51.0,False,False,False
603060.SSE,国检集团,2026-05-18,2026-05,封D1正,0.98,0.0,0.0,FLAT·横盘平台,-11.11,-11.11,0.0,1.0,8.18,False,13,2,-2.56,1.05,46.0,False,True,False
603061.SSE,金海通,2024-10-31,2024-10,封D1负,1.69,-5.81,-5.81,DN·阴跌到点,-8.18,-8.18,0.0,1.0,11.81,True,9,2,-6.14,0.0,118.0,False,True,False
603061.SSE,金海通,2026-01-27,2026-01,封D1正,4.84,7.19,7.19,HIGH·新高贴顶,4.07,4.07,0.0,1.0,9.69,True,6,2,-8.83,1.36,57.0,False,True,False
603061.SSE,金海通,2026-07-21,2026-07,封D1正,3.41,0.96,0.96,DN·阴跌到点,-43.63,-43.63,0.0,1.0,84.75,True,15,2,-7.26,2.45,49.0,False,True,False
603065.SSE,宿迁联盛,2025-05-26,2025-05,连板,5.26,9.97,4.82,LB·L趴底,-12.31,-12.53,0.25,0.2857142857142857,6.54,False,16,2,-0.85,2.2,34.0,True,True,True
603065.SSE,宿迁联盛,2025-06-20,2025-06,封D1正,-2.48,1.24,1.24,DN·阴跌到点,-10.39,-10.39,0.0,1.0,17.05,True,17,2,-7.27,0.11,26.0,False,True,False
603069.SSE,海汽集团,2025-12-26,2025-12,封D1负,-4.54,-6.29,-6.29,FLAT·横盘平台,-4.36,-4.36,0.0,1.0,5.87,True,3,3,-5.54,1.71,72.0,False,True,False
603070.SSE,万控智造,2026-06-05,2026-06,封D1负,1.55,-1.2,-1.2,DN·阴跌到点,-10.58,-10.58,0.0,1.0,13.28,True,17,2,-3.49,0.95,65.0,False,True,False
603072.SSE,天和磁材,2025-04-14,2025-04,封D1负,3.01,-0.72,-0.72,HIGH·新高贴顶,1.41,1.24,0.17,0.0,14.43,True,6,2,-8.58,2.39,64.0,False,True,False
603079.SSE,圣达生物,2024-05-24,2024-05,封D1负,3.44,-4.56,-4.56,DN·阴跌到点,-19.7,-19.7,0.0,1.0,24.71,True,14,2,-2.32,0.09,16.0,False,True,False
603079.SSE,圣达生物,2024-07-11,2024-07,封D1正,3.26,2.03,2.03,DN·阴跌到点,-17.24,-17.24,0.0,1.0,12.31,False,6,2,-1.81,2.28,34.0,False,True,False
603082.SSE,北自科技,2024-03-05,2024-03,炸板,-3.79,-4.62,-4.62,DN·阴跌到点,-12.72,-12.72,0.0,1.0,17.76,True,6,2,-3.86,1.39,61.0,False,False,False
603083.SSE,剑桥科技,2024-02-01,2024-02,封D1正,0.0,3.01,3.01,DN·阴跌到点,-22.24,-22.24,0.0,1.0,29.67,True,6,2,-3.93,3.29,24.0,False,True,False
603083.SSE,剑桥科技,2025-09-11,2025-09,连板,1.8,10.0,18.14,U·U型蹲,-4.9,-13.87,10.41,0.5555555555555556,25.17,True,11,3,4.97,1.76,44.0,True,True,True
603083.SSE,剑桥科技,2025-10-20,2025-10,封D1正,1.62,3.91,3.91,HIGH·新高贴顶,-3.03,-3.03,0.0,1.0,35.2,True,20,2,-6.11,0.52,34.0,False,True,False
603086.SSE,先达股份,2025-03-03,2025-03,封D1负,3.67,-2.71,-2.71,MID·中位浅调,-12.71,-15.47,3.26,0.2857142857142857,14.31,False,9,4,-5.0,2.67,32.0,False,True,False
603088.SSE,宁波精达,2025-11-05,2025-11,炸板,-5.29,-5.74,-5.74,HIGH·新高贴顶,-3.91,-6.15,2.38,0.0,4.59,False,5,2,-1.15,3.61,44.0,False,False,False
603093.SSE,南华期货,2025-06-18,2025-06,炸板,-4.09,-10.79,-10.79,HIGH·新高贴顶,16.87,7.97,8.24,0.0,20.97,True,9,3,-8.05,0.0,37.0,False,False,False
603093.SSE,南华期货,2025-07-16,2025-07,封D1正,1.5,3.68,3.68,DN·阴跌到点,-14.68,-14.68,0.0,1.0,5.48,False,3,3,-5.2,0.44,38.0,False,True,False
603093.SSE,南华期货,2026-05-29,2026-05,炸板,-4.0,-4.09,-4.09,DN·阴跌到点,-20.2,-20.2,0.0,1.0,14.52,False,11,2,-1.81,0.9,88.0,False,False,False
603095.SSE,越剑智能,2026-02-03,2026-02,封D1正,2.36,3.31,3.31,DN·阴跌到点,-16.11,-16.11,0.0,1.0,7.28,False,7,2,-3.0,0.43,32.0,False,True,False
603095.SSE,越剑智能,2026-08-21,2026-08,封D1负,-3.67,-2.29,-2.29,DN·阴跌到点,-15.58,-15.58,0.0,1.0,11.9,False,4,2,-2.32,1.76,59.0,False,True,False
603097.SSE,江苏华辰,2024-02-08,2024-02,封D1正,2.75,6.34,6.34,DN·阴跌到点,-52.25,-52.25,0.0,1.0,91.97,False,17,3,-8.1,0.54,92.0,False,True,False
603098.SSE,森特股份,2025-08-22,2025-08,炸板,-1.38,6.97,6.1,HIGH·新高贴顶,-1.11,-2.05,0.97,0.25,5.48,True,6,2,-4.28,0.15,37.0,False,False,True
603099.SSE,长白山,2023-07-03,2023-07,封D1正,-0.21,0.21,0.21,FLAT·横盘平台,-6.29,-6.29,0.0,1.0,5.3,False,4,2,-0.23,1.95,44.0,False,True,False
603101.SSE,汇嘉时代,2025-09-01,2025-09,封D1负,3.1,-2.44,-2.44,DN·阴跌到点,-15.55,-15.55,0.0,1.0,24.61,True,6,3,-4.92,2.26,55.0,False,True,False
603101.SSE,汇嘉时代,2025-09-04,2025-09,封D1正,4.15,7.56,7.56,LB·L趴底,-13.97,-15.55,1.86,0.5714285714285714,24.61,True,9,3,-5.11,2.02,25.0,False,True,False
603106.SSE,恒银科技,2023-12-11,2023-12,封D1正,5.14,0.6,0.6,FLAT·横盘平台,-8.2,-8.2,0.0,1.0,7.23,False,4,2,-6.74,0.74,27.0,False,True,False
603106.SSE,恒银科技,2023-12-15,2023-12,封D1负,0.58,-3.0,-3.0,MID·中位浅调,-5.07,-8.2,3.42,0.3333333333333333,10.64,True,8,2,-4.37,1.09,34.0,False,True,False
603106.SSE,恒银科技,2023-12-19,2023-12,封D1正,-3.79,0.65,0.65,HIGH·新高贴顶,1.33,-8.2,10.38,0.25,13.8,True,10,2,-3.0,1.15,29.0,False,True,False
603106.SSE,恒银科技,2023-12-27,2023-12,连板,2.77,10.03,14.51,DN·阴跌到点,-16.89,-16.89,0.0,1.0,34.98,True,16,2,-3.91,1.53,35.0,True,True,True
603106.SSE,恒银科技,2024-01-11,2024-01,炸板,-5.92,-8.38,-8.38,HIGH·新高贴顶,-2.4,-2.4,0.0,1.0,9.09,True,9,2,-5.02,3.27,34.0,False,False,False
603106.SSE,恒银科技,2025-07-11,2025-07,炸板,-4.45,-6.63,-6.63,FLAT·横盘平台,-6.8,-11.45,5.25,0.6,8.38,False,12,2,-2.89,1.21,54.0,False,False,False
603106.SSE,恒银科技,2026-08-11,2026-08,封D1正,-1.82,2.14,2.14,DN·阴跌到点,-6.08,-6.08,0.0,1.0,18.26,True,5,3,-6.08,2.21,93.0,False,True,False
603108.SSE,润达医疗,2023-07-05,2023-07,封D1负,1.75,-4.42,-4.42,MID·中位浅调,-5.0,-11.94,7.88,0.42857142857142855,15.45,True,9,3,-3.86,0.6,42.0,False,True,False
603110.SSE,东方材料,2025-04-28,2025-04,炸板,-4.3,1.02,1.02,DN·阴跌到点,-8.7,-8.7,0.0,1.0,18.93,True,8,2,-2.49,0.91,59.0,False,False,False
603115.SSE,海星股份,2026-05-06,2026-05,封D1正,2.03,1.84,1.84,HIGH·新高贴顶,6.22,6.22,0.0,1.0,3.04,True,7,2,-1.4,1.73,69.0,False,True,False
603115.SSE,海星股份,2026-06-15,2026-06,连板,4.41,10.0,15.71,HIGH·新高贴顶,-1.62,-1.62,0.0,1.0,29.06,True,19,2,-2.03,0.82,83.0,True,True,True
603115.SSE,海星股份,2026-06-30,2026-06,炸板,-5.62,-8.94,-8.94,HIGH·新高贴顶,-1.62,-8.15,7.11,0.3333333333333333,19.21,True,8,3,-0.17,1.27,89.0,False,False,False
603115.SSE,海星股份,2026-07-09,2026-07,炸板,-5.19,-10.44,-10.44,DN·阴跌到点,-19.75,-19.75,0.0,1.0,36.45,True,15,3,-3.03,2.01,41.0,False,False,False
603115.SSE,海星股份,2026-08-13,2026-08,炸板,-4.13,3.85,3.62,HIGH·新高贴顶,-3.58,-3.58,0.0,1.0,6.86,True,6,2,-0.41,2.01,86.0,False,False,True
603117.SSE,万林物流,2024-11-19,2024-11,炸板,-4.76,-4.63,-4.63,DN·阴跌到点,-24.3,-24.3,0.0,1.0,25.48,False,10,3,-0.95,2.46,74.0,False,False,False
603118.SSE,共进股份,2024-09-10,2024-09,封D1正,0.0,1.87,1.87,DN·阴跌到点,-18.48,-18.48,0.0,1.0,14.58,False,11,3,-3.81,0.15,39.0,False,True,False
603118.SSE,共进股份,2025-01-16,2025-01,封D1正,1.47,3.14,3.14,DN·阴跌到点,-20.46,-20.46,0.0,1.0,13.19,False,5,2,-5.13,3.9,54.0,False,True,False
603118.SSE,共进股份,2026-08-13,2026-08,连板,2.51,10.03,19.11,U·U型蹲,-11.63,-19.73,10.09,0.5,31.34,True,16,2,-1.23,0.82,86.0,True,True,True
603120.SSE,肯特催化,2026-07-13,2026-07,封D1负,0.83,-4.07,-4.07,DN·阴跌到点,-14.67,-14.67,0.0,1.0,20.55,True,8,2,-3.45,3.55,79.0,False,True,False
603122.SSE,合富中国,2024-01-31,2024-01,封D1负,-0.26,-4.98,-4.98,DN·阴跌到点,-13.28,-13.28,0.0,1.0,11.24,False,4,2,-6.07,0.0,18.0,False,True,False
603122.SSE,合富中国,2025-12-30,2025-12,炸板,-5.64,-9.43,-9.43,DN·阴跌到点,-16.07,-16.07,0.0,1.0,22.54,True,16,2,-3.89,1.84,64.0,False,False,False
603126.SSE,中材节能,2024-12-30,2024-12,封D1正,0.98,2.69,2.69,HIGH·新高贴顶,-0.27,-3.08,2.9,0.4,11.07,True,7,2,-7.35,2.24,61.0,False,True,False
603127.SSE,昭衍新药,2024-11-04,2024-11,封D1正,0.0,2.36,2.36,MID·中位浅调,-14.6,-18.98,5.41,0.35294117647058826,16.84,False,19,3,-3.25,0.46,74.0,False,True,False
603128.SSE,华贸物流,2025-05-14,2025-05,封D1负,0.0,-3.87,-3.87,U·U型蹲,-17.34,-23.12,7.52,0.5714285714285714,24.51,False,16,3,2.17,1.09,41.0,False,True,False
603131.SSE,上海沪工,2023-10-25,2023-10,炸板,-5.95,1.54,1.54,DN·阴跌到点,-21.94,-21.94,0.0,1.0,15.28,False,4,3,-8.73,0.69,52.0,False,False,False
603131.SSE,上海沪工,2024-03-15,2024-03,炸板,-1.32,2.81,2.81,DN·阴跌到点,-20.29,-20.29,0.0,1.0,18.03,False,5,4,-3.98,0.0,32.0,False,False,False
603137.SSE,恒尚节能,2026-07-30,2026-07,封D1负,10.0,-4.62,-4.62,LB·L趴底,-33.08,-34.29,1.84,0.3333333333333333,36.97,False,11,3,-6.51,3.02,73.0,False,True,False
603137.SSE,恒尚节能,2026-08-07,2026-08,封D1正,3.05,0.29,0.29,U·U型蹲,-29.8,-34.29,6.84,0.2,36.97,False,17,3,-4.47,2.71,69.0,False,True,False
603137.SSE,恒尚节能,2026-08-11,2026-08,封D1正,-1.12,2.83,2.83,U·U型蹲,-22.55,-34.29,17.86,0.17647058823529413,36.97,False,19,3,0.29,0.65,93.0,False,True,False
603151.SSE,邦基科技,2025-06-24,2025-06,封D1负,-0.4,-6.9,-6.9,HIGH·新高贴顶,-2.08,-3.91,1.91,0.0,7.29,True,4,3,-5.01,1.22,60.0,False,True,False
603151.SSE,邦基科技,2025-06-27,2025-06,炸板,-4.79,-7.85,-7.85,HIGH·新高贴顶,-3.77,-3.91,0.15,0.0,12.11,True,7,3,-4.04,0.0,46.0,False,False,False
603151.SSE,邦基科技,2025-07-03,2025-07,封D1正,1.49,0.61,0.61,DN·阴跌到点,-5.7,-5.7,0.0,1.0,14.23,True,11,3,-3.6,1.14,51.0,False,True,False
603155.SSE,新亚强,2026-06-24,2026-06,炸板,-2.76,-0.52,-0.52,DN·阴跌到点,-16.2,-16.2,0.0,1.0,18.1,False,8,2,-3.62,1.01,87.0,False,False,False
603155.SSE,新亚强,2026-07-06,2026-07,封D1负,1.45,-8.01,-8.01,HIGH·新高贴顶,-3.55,-3.55,0.0,1.0,12.46,True,5,2,-6.54,1.81,92.0,False,True,False
603158.SSE,腾龙股份,2023-10-31,2023-10,封D1负,-6.58,-4.62,-4.62,U·U型蹲,-7.59,-12.89,6.08,0.16666666666666666,10.55,False,8,2,-2.22,3.91,54.0,False,True,False
603158.SSE,腾龙股份,2025-08-25,2025-08,炸板,-0.63,4.87,7.31,FLAT·横盘平台,-7.64,-9.97,2.59,0.0,2.59,False,3,2,2.59,1.41,55.0,False,False,True
603160.SSE,汇顶科技,2024-10-14,2024-10,封D1正,1.42,2.87,2.87,HIGH·新高贴顶,-3.37,-3.37,0.0,1.0,12.41,True,4,2,-5.72,3.77,28.0,False,True,False
603163.SSE,圣晖集成,2025-09-26,2025-09,封D1负,1.61,-2.34,-2.34,DN·阴跌到点,-14.31,-16.65,2.81,0.8,21.77,True,12,2,-3.35,2.04,36.0,False,True,False
603163.SSE,圣晖集成,2026-01-05,2026-01,封D1正,1.3,8.63,8.63,DN·阴跌到点,-20.16,-20.16,0.0,1.0,20.99,False,5,4,-2.22,0.16,49.0,False,True,False
603166.SSE,福达股份,2025-03-24,2025-03,炸板,-10.86,-10.46,-10.46,HIGH·新高贴顶,7.5,-2.55,10.32,0.0,21.03,True,12,2,-7.33,2.8,39.0,False,False,False
603168.SSE,莎普爱思,2023-05-16,2023-05,封D1负,-2.48,-2.03,-2.03,DN·阴跌到点,-15.41,-15.62,0.25,0.8181818181818182,26.09,True,13,2,-1.1,1.1,31.0,False,True,False
603168.SSE,莎普爱思,2024-01-08,2024-01,封D1负,0.0,-1.5,-1.5,HIGH·新高贴顶,4.03,4.03,0.0,1.0,10.64,True,7,2,-2.65,0.72,18.0,False,True,False
603169.SSE,兰石重装,2025-04-09,2025-04,炸板,-3.57,-2.78,-2.78,HIGH·新高贴顶,12.41,6.76,5.29,0.0,10.01,True,5,2,3.98,2.5,99.0,False,False,False
603176.SSE,汇通集团,2025-08-05,2025-08,封D1正,5.99,2.78,2.78,DN·阴跌到点,-19.64,-19.64,0.0,1.0,19.94,False,7,2,-2.05,2.2,41.0,False,True,False
603178.SSE,圣龙股份,2023-12-11,2023-12,封D1正,1.96,4.13,4.13,LB·L趴底,-21.01,-21.9,1.14,0.18181818181818182,29.14,True,13,4,-3.44,2.74,27.0,False,True,False
603178.SSE,圣龙股份,2025-04-02,2025-04,封D1正,1.86,3.05,3.05,DN·阴跌到点,-20.74,-20.74,0.0,1.0,21.96,False,20,2,-1.4,0.95,43.0,False,True,False
603178.SSE,圣龙股份,2025-05-16,2025-05,封D1正,2.51,1.44,1.44,LB·L趴底,-10.09,-12.01,2.19,0.25,10.02,False,14,2,-1.93,0.06,40.0,False,True,False
603186.SSE,华正新材,2026-06-24,2026-06,炸板,-1.67,3.16,3.16,HIGH·新高贴顶,2.17,2.17,0.0,1.0,7.59,True,4,3,-7.06,0.0,87.0,False,False,False
603186.SSE,华正新材,2026-07-16,2026-07,炸板,-6.48,-16.3,-16.3,V·V末反,-23.66,-29.01,7.53,0.8888888888888888,63.31,True,20,3,-2.25,1.64,65.0,False,False,False
603186.SSE,华正新材,2026-08-14,2026-08,连板,10.0,10.0,9.94,HIGH·新高贴顶,27.67,8.96,17.17,0.0,19.62,True,7,2,-2.05,3.66,50.0,True,True,True
603186.SSE,华正新材,2026-08-21,2026-08,炸板,-4.16,-8.38,-8.38,DN·阴跌到点,-11.02,-11.02,0.0,1.0,12.32,False,4,2,-6.29,0.0,59.0,False,False,False
603188.SSE,亚邦股份,2024-04-23,2024-04,封D1负,0.0,-1.67,-1.67,DN·阴跌到点,-36.18,-36.18,0.0,1.0,49.77,False,13,2,-3.56,0.89,40.0,False,True,False
603188.SSE,亚邦股份,2024-04-25,2024-04,连板,3.09,10.04,4.63,V·V末反,-30.88,-36.18,8.29,0.8461538461538461,49.77,False,15,2,-1.67,3.35,31.0,True,True,True
603190.SSE,亚通精工,2023-09-06,2023-09,封D1负,2.48,-5.47,-5.47,FLAT·横盘平台,-6.73,-6.73,0.0,1.0,5.0,False,6,2,-3.78,0.21,13.0,False,True,False
603194.SSE,中力股份,2025-06-09,2025-06,封D1负,2.53,-1.94,-1.94,HIGH·新高贴顶,-3.25,-3.49,0.25,0.0,6.18,True,5,2,-5.58,1.94,44.0,False,True,False
603196.SSE,璞源材料,2023-06-07,2023-06,连板,-0.77,10.0,-1.01,DN·阴跌到点,-14.18,-14.18,0.0,1.0,24.72,True,8,11,-8.52,0.49,35.0,True,True,True
603196.SSE,璞源材料,2024-11-28,2024-11,炸板,-6.5,4.95,7.56,U·U型蹲,-12.33,-25.36,17.46,0.38461538461538464,31.11,False,15,6,-1.51,1.27,77.0,False,False,True
603199.SSE,九华旅游,2023-06-07,2023-06,封D1正,4.03,1.91,1.91,FLAT·横盘平台,-4.28,-4.97,0.74,0.0,5.74,True,4,2,-4.73,0.31,35.0,False,True,False
603199.SSE,九华旅游,2024-01-19,2024-01,炸板,-6.53,-12.76,-12.76,FLAT·横盘平台,-9.77,-9.77,0.0,1.0,4.82,False,3,2,-4.6,1.88,37.0,False,False,False
603199.SSE,九华旅游,2024-01-30,2024-01,炸板,-4.9,-7.24,-7.24,MID·中位浅调,-10.03,-14.26,4.94,0.5,12.22,False,10,2,-1.94,0.19,25.0,False,False,False
603199.SSE,九华旅游,2024-02-08,2024-02,炸板,1.16,3.38,3.38,MID·中位浅调,-11.69,-14.26,3.0,0.26666666666666666,12.22,False,17,2,-0.6,1.0,92.0,False,False,False
603200.SSE,上海洗霸,2025-10-09,2025-10,炸板,-6.63,-14.85,-14.85,DN·阴跌到点,-9.6,-11.13,1.73,0.8666666666666667,19.1,True,17,2,-0.95,2.74,39.0,False,False,False
603211.SSE,晋拓股份,2026-07-10,2026-07,封D1负,-0.5,-10.19,-10.19,DN·阴跌到点,-12.88,-12.88,0.0,1.0,7.55,False,4,2,-1.54,3.95,63.0,False,True,False
603211.SSE,晋拓股份,2026-08-03,2026-08,炸板,-3.23,1.59,1.59,V·V末反,-45.1,-48.87,7.37,0.9444444444444444,87.43,False,20,2,7.37,1.63,87.0,False,False,False
603212.SSE,赛伍技术,2024-01-08,2024-01,炸板,-5.48,-4.08,-4.08,HIGH·新高贴顶,-2.48,-3.11,0.65,0.3333333333333333,5.29,True,5,2,-4.4,3.84,18.0,False,False,False
603212.SSE,赛伍技术,2024-09-19,2024-09,炸板,-4.41,-6.81,-6.81,DN·阴跌到点,-17.36,-17.36,0.0,1.0,17.11,False,8,2,-4.73,1.31,21.0,False,False,False
603212.SSE,赛伍技术,2026-07-10,2026-07,炸板,-4.16,-9.39,-9.39,DN·阴跌到点,-18.72,-18.72,0.0,1.0,16.82,False,7,2,-1.71,3.95,63.0,False,False,False
603212.SSE,赛伍技术,2026-07-23,2026-07,封D1负,-1.05,-2.49,-2.49,DN·阴跌到点,-29.35,-29.35,0.0,0.8571428571428571,34.38,False,16,2,-1.96,1.24,41.0,False,True,False
603214.SSE,爱婴室,2025-04-08,2025-04,封D1正,-2.46,3.53,3.53,DN·阴跌到点,-16.4,-16.4,0.0,1.0,16.39,False,15,2,-5.87,3.65,18.0,False,True,False
603217.SSE,元利科技,2024-02-08,2024-02,封D1正,1.34,2.76,2.76,DN·阴跌到点,-41.71,-42.14,0.74,0.8461538461538461,80.68,True,15,2,-4.84,1.09,92.0,False,True,False
603219.SSE,富佳股份,2023-11-17,2023-11,连板,-1.71,10.03,5.53,DN·阴跌到点,-19.76,-20.48,0.91,0.6153846153846154,14.39,False,15,4,-1.33,0.59,25.0,True,True,True
603219.SSE,富佳股份,2024-02-08,2024-02,炸板,-1.88,4.17,4.17,DN·阴跌到点,-47.22,-47.22,0.0,1.0,81.77,False,20,2,-7.43,0.64,92.0,False,False,False
603219.SSE,富佳股份,2024-03-22,2024-03,炸板,-7.56,-9.66,-9.66,FLAT·横盘平台,-9.48,-9.48,0.0,1.0,5.87,False,5,2,-1.61,0.51,56.0,False,False,False
603221.SSE,爱丽家居,2024-04-17,2024-04,封D1正,5.37,2.05,2.05,DN·阴跌到点,-44.41,-44.41,0.0,1.0,61.93,False,12,5,-8.92,1.37,16.0,False,True,False
603222.SSE,济民健康,2025-08-27,2025-08,连板,-3.39,9.96,14.74,DN·阴跌到点,-23.02,-23.02,0.0,1.0,24.86,False,5,5,-7.68,0.91,59.0,True,True,True
603222.SSE,济民健康,2025-09-04,2025-09,封D1负,-6.34,-8.77,-8.77,DN·阴跌到点,-5.16,-5.16,0.0,1.0,21.01,True,5,2,-8.16,3.33,25.0,False,True,False
603222.SSE,济民健康,2025-09-08,2025-09,封D1正,3.81,8.56,8.56,MID·中位浅调,-4.8,-5.16,0.38,0.6,21.01,True,7,2,-8.77,3.04,71.0,False,True,False
603222.SSE,济民健康,2026-07-06,2026-07,炸板,-6.46,-3.56,-3.56,HIGH·新高贴顶,-3.43,-3.43,0.0,1.0,1.47,False,4,2,-0.49,3.17,92.0,False,False,False
603228.SSE,景旺电子,2024-06-28,2024-06,炸板,-1.0,-6.51,-6.51,FLAT·横盘平台,-7.31,-7.31,0.0,1.0,4.63,False,4,2,-4.42,0.33,17.0,False,False,False
603228.SSE,景旺电子,2025-10-20,2025-10,炸板,-1.44,3.58,3.58,DN·阴跌到点,-21.23,-21.23,0.0,1.0,39.08,True,20,3,-4.13,0.25,34.0,False,False,False
603228.SSE,景旺电子,2026-08-12,2026-08,封D1负,3.86,-1.03,-1.03,FLAT·横盘平台,-5.97,-5.97,0.0,1.0,7.53,True,3,2,-7.0,1.03,53.0,False,True,False
603232.SSE,格尔软件,2025-11-25,2025-11,封D1负,1.07,-3.77,-3.77,DN·阴跌到点,-12.85,-12.85,0.0,1.0,11.16,False,5,2,-0.12,0.65,56.0,False,True,False
603239.SSE,浙江仙通,2025-09-26,2025-09,封D1负,0.0,-5.31,-5.31,FLAT·横盘平台,-9.17,-9.17,0.0,1.0,3.41,False,3,2,-3.3,1.39,36.0,False,True,False
603248.SSE,锡华科技,2026-03-27,2026-03,封D1负,1.31,-1.65,-1.65,DN·阴跌到点,-22.63,-22.63,0.0,1.0,22.69,False,8,3,-6.38,0.35,36.0,False,True,False
603248.SSE,锡华科技,2026-04-01,2026-04,封D1负,2.03,-2.19,-2.19,MID·中位浅调,-19.87,-22.63,3.56,0.6666666666666666,22.69,False,11,3,-4.27,0.88,44.0,False,True,False
603256.SSE,宏和科技,2023-09-14,2023-09,封D1正,1.87,0.59,0.59,DN·阴跌到点,-14.54,-14.54,0.0,1.0,28.99,True,10,2,-2.39,0.25,16.0,False,True,False
603256.SSE,宏和科技,2024-03-25,2024-03,连板,4.58,10.07,-0.92,FLAT·横盘平台,-7.95,-12.45,5.14,0.15384615384615385,7.87,False,15,2,-1.7,0.28,44.0,True,True,True
603256.SSE,宏和科技,2024-12-04,2024-12,炸板,-2.59,-1.44,-1.44,FLAT·横盘平台,-5.21,-5.21,0.0,1.0,6.55,True,4,2,-3.96,0.41,92.0,False,False,False
603256.SSE,宏和科技,2025-07-31,2025-07,连板,-2.72,9.98,14.53,HIGH·新高贴顶,-3.95,-8.89,5.42,0.3333333333333333,20.59,True,17,2,-7.8,0.0,40.0,True,True,True
603256.SSE,宏和科技,2025-08-13,2025-08,连板,8.18,10.02,30.76,MID·中位浅调,-4.67,-6.3,1.73,0.16666666666666666,11.13,True,8,2,-1.59,0.48,42.0,True,True,True
603256.SSE,宏和科技,2026-01-28,2026-01,封D1负,-0.06,-1.61,-1.61,HIGH·新高贴顶,-0.27,-0.48,0.21,0.0,2.44,True,4,2,-2.17,0.21,46.0,False,True,False
603256.SSE,宏和科技,2026-07-14,2026-07,炸板,-0.91,-8.51,-8.51,DN·阴跌到点,-24.87,-24.87,0.0,1.0,57.14,True,19,2,-8.27,2.08,25.0,False,False,False
603267.SSE,鸿远电子,2025-03-25,2025-03,封D1负,-1.89,-0.93,-0.93,FLAT·横盘平台,-5.88,-5.88,0.0,1.0,8.96,True,9,2,-5.45,0.46,38.0,False,True,False
603268.SSE,松发股份,2024-07-16,2024-07,封D1负,3.21,-2.99,-2.99,DN·阴跌到点,-13.38,-14.02,0.75,0.8888888888888888,23.76,True,20,2,-1.93,1.45,22.0,False,True,False
603269.SSE,海鸥股份,2024-04-17,2024-04,封D1正,-0.09,1.89,1.89,DN·阴跌到点,-35.94,-35.94,0.0,1.0,42.75,False,18,2,-7.54,0.0,16.0,False,True,False
603270.SSE,金帝股份,2025-02-19,2025-02,封D1正,1.02,2.72,2.72,DN·阴跌到点,-15.34,-15.34,0.0,1.0,12.66,False,6,2,-3.7,0.52,37.0,False,True,False
603276.SSE,恒兴新材,2024-01-18,2024-01,封D1负,-1.82,-9.45,-9.45,FLAT·横盘平台,-11.85,-11.85,0.0,1.0,9.24,False,4,2,-8.46,0.29,30.0,False,True,False
603278.SSE,大业股份,2025-12-24,2025-12,连板,0.95,10.02,52.17,LB·L趴底,-18.2,-20.58,3.0,0.5555555555555556,16.81,False,11,2,-2.53,1.01,48.0,True,True,True
603278.SSE,大业股份,2026-05-26,2026-05,炸板,-5.18,-13.22,-13.22,DN·阴跌到点,-10.53,-10.53,0.0,1.0,27.96,True,12,3,-5.92,0.85,91.0,False,False,False
603286.SSE,日盈电子,2026-07-10,2026-07,封D1负,-1.99,-4.77,-4.77,DN·阴跌到点,-14.34,-14.34,0.0,0.6666666666666666,11.85,False,5,2,0.0,0.0,63.0,False,True,False
603286.SSE,日盈电子,2026-07-31,2026-07,封D1负,1.11,-0.79,-0.79,DN·阴跌到点,-39.75,-39.75,0.0,1.0,59.0,False,20,2,-6.84,0.57,46.0,False,True,False
603290.SSE,斯达半导,2024-10-18,2024-10,炸板,-1.58,0.11,0.11,DN·阴跌到点,-10.03,-10.03,0.0,1.0,20.14,True,8,2,-0.7,0.43,41.0,False,False,False
603291.SSE,联合水务,2023-04-28,2023-04,封D1负,1.72,-2.01,-2.01,DN·阴跌到点,-29.89,-29.89,0.0,1.0,28.37,False,15,3,-4.23,1.36,28.0,False,True,False
603291.SSE,联合水务,2023-06-26,2023-06,封D1负,2.79,-1.13,-1.13,DN·阴跌到点,-26.54,-26.54,0.0,1.0,31.24,False,17,3,-3.79,0.49,32.0,False,True,False
603297.SSE,永新光学,2024-11-08,2024-11,炸板,-5.2,-2.75,-2.75,HIGH·新高贴顶,7.5,7.43,0.07,0.3333333333333333,6.72,True,5,2,-6.24,2.26,157.0,False,False,False
603300.SSE,海南华铁,2025-02-18,2025-02,封D1正,3.41,3.07,3.07,HIGH·新高贴顶,0.5,0.5,0.0,1.0,11.87,True,5,4,-6.21,0.0,74.0,False,True,False
603306.SSE,华懋科技,2026-04-29,2026-04,炸板,0.24,0.0,0.0,DN·阴跌到点,-4.98,-4.98,0.0,1.0,17.39,True,14,2,-1.67,1.95,53.0,False,False,False
603315.SSE,福鞍股份,2025-03-17,2025-03,连板,10.03,10.03,19.79,U·U型蹲,-10.79,-20.36,12.02,0.4,16.34,False,17,2,-0.53,0.53,66.0,True,True,True
603315.SSE,福鞍股份,2025-04-17,2025-04,封D1负,0.93,-2.88,-2.88,V·V末反,-39.65,-43.62,7.05,0.6470588235294118,59.62,False,19,4,-2.18,0.75,40.0,False,True,False
603316.SSE,诚邦股份,2024-03-22,2024-03,封D1正,-0.7,2.26,2.26,FLAT·横盘平台,-6.79,-7.32,0.58,0.0,1.73,False,4,2,-1.14,1.52,56.0,False,True,False
603316.SSE,诚邦股份,2025-03-07,2025-03,炸板,-3.98,-5.51,-5.51,LB·L趴底,-16.81,-17.37,0.68,0.25,8.98,False,6,3,0.17,0.17,87.0,False,False,False
603316.SSE,诚邦股份,2025-10-14,2025-10,炸板,-9.62,-8.18,-8.18,FLAT·横盘平台,-9.77,-10.2,0.48,0.3333333333333333,8.88,False,8,2,-7.71,3.38,48.0,False,False,False
603316.SSE,诚邦股份,2025-10-20,2025-10,封D1正,0.08,5.31,5.31,DN·阴跌到点,-15.16,-15.16,0.0,1.0,15.24,False,12,2,-5.67,2.56,34.0,False,True,False
603320.SSE,迪贝电气,2025-01-14,2025-01,封D1负,1.0,-1.37,-1.37,DN·阴跌到点,-21.1,-21.1,0.0,1.0,20.62,False,5,3,-8.14,0.63,42.0,False,True,False
603322.SSE,超讯科技,2023-05-26,2023-05,封D1负,-2.52,-3.3,-3.3,HIGH·新高贴顶,-1.05,-7.73,7.24,0.0,43.02,True,19,2,-7.3,0.0,36.0,False,True,False
603324.SSE,盛剑科技,2024-08-30,2024-08,封D1负,1.25,-2.02,-2.02,DN·阴跌到点,-12.35,-12.35,0.0,1.0,28.84,True,14,2,-2.43,0.0,37.0,False,True,False
603327.SSE,福蓉科技,2024-03-28,2024-03,炸板,-4.5,3.75,3.75,DN·阴跌到点,-13.37,-13.37,0.0,1.0,7.61,False,6,3,-5.06,2.22,39.0,False,False,False
603327.SSE,福蓉科技,2025-12-08,2025-12,炸板,-7.34,3.56,3.56,FLAT·横盘平台,-4.14,-4.14,0.0,1.0,7.29,True,3,3,-6.8,1.75,58.0,False,False,False
603330.SSE,天洋新材,2026-06-30,2026-06,炸板,-0.99,5.06,9.88,DN·阴跌到点,-21.79,-21.79,0.0,1.0,22.28,False,17,4,-3.03,3.43,89.0,False,False,True
603332.SSE,苏州龙杰,2025-06-09,2025-06,连板,6.05,10.02,18.28,DN·阴跌到点,-24.79,-24.79,0.0,1.0,41.22,True,8,3,-4.92,0.45,44.0,True,True,True
603333.SSE,福华尚纬,2024-12-19,2024-12,封D1负,1.1,-2.2,-2.2,HIGH·新高贴顶,-2.36,-11.61,10.47,0.17647058823529413,23.16,True,19,2,-1.98,0.0,84.0,False,True,False
603335.SSE,迪生力,2026-06-25,2026-06,封D1负,-2.2,-0.66,-0.66,MID·中位浅调,-6.66,-7.45,0.85,0.6,10.0,True,7,2,-8.31,0.22,87.0,False,True,False
603335.SSE,迪生力,2026-06-30,2026-06,封D1正,0.22,2.21,2.21,MID·中位浅调,-7.11,-7.45,0.37,0.375,10.98,True,10,2,-8.96,3.54,89.0,False,True,False
603336.SSE,宏辉果蔬,2024-08-08,2024-08,炸板,-5.71,-7.43,-7.43,MID·中位浅调,-18.04,-22.16,5.3,0.3076923076923077,20.53,False,15,3,0.0,1.26,42.0,False,False,False
603351.SSE,威尔药业,2025-04-28,2025-04,封D1负,1.01,-2.61,-2.61,HIGH·新高贴顶,-3.93,-3.93,0.0,1.0,6.49,True,4,3,-6.09,3.03,59.0,False,True,False
603353.SSE,和顺石油,2023-11-07,2023-11,炸板,-4.77,-5.75,-5.75,HIGH·新高贴顶,3.06,-7.6,11.54,0.25,16.94,True,14,3,-0.14,2.28,47.0,False,False,False
603353.SSE,和顺石油,2025-11-27,2025-11,连板,5.83,9.99,10.79,DN·阴跌到点,-19.49,-19.49,0.0,1.0,25.42,True,7,3,-4.01,2.85,54.0,True,True,True
603357.SSE,设计总院,2024-03-28,2024-03,封D1正,0.71,1.51,1.51,DN·阴跌到点,-13.61,-13.61,0.0,1.0,8.44,False,5,2,-5.85,0.63,39.0,False,True,False
603357.SSE,设计总院,2024-04-26,2024-04,炸板,-6.88,-4.29,-4.29,HIGH·新高贴顶,-2.77,-3.72,0.99,0.5,8.36,True,6,2,-1.49,2.37,32.0,False,False,False
603358.SSE,华达科技,2026-08-04,2026-08,封D1正,0.0,5.35,5.35,HIGH·新高贴顶,-3.87,-5.47,1.69,0.3333333333333333,6.02,True,5,2,-4.08,2.37,69.0,False,True,False
603360.SSE,百傲化学,2024-10-23,2024-10,炸板,-4.4,-3.0,-3.0,HIGH·新高贴顶,5.7,-2.73,8.67,0.1111111111111111,10.16,True,11,2,0.0,1.6,85.0,False,False,False
603360.SSE,百傲化学,2024-10-29,2024-10,炸板,-3.69,-1.52,-1.52,HIGH·新高贴顶,11.63,-2.73,14.76,0.07692307692307693,16.86,True,15,2,0.31,3.92,179.0,False,False,False
603363.SSE,傲农生物,2025-09-08,2025-09,封D1负,3.09,-1.55,-1.55,HIGH·新高贴顶,2.84,0.0,2.84,0.6666666666666666,6.13,True,8,2,-2.08,0.0,71.0,False,True,False
603367.SSE,辰欣药业,2025-08-06,2025-08,炸板,-3.18,-0.42,-0.42,HIGH·新高贴顶,5.33,5.22,0.1,0.0,7.23,True,5,3,-6.65,0.75,44.0,False,False,False
603373.SSE,安邦护卫,2024-01-04,2024-01,炸板,-3.83,-4.97,-4.97,HIGH·新高贴顶,2.36,-4.86,7.6,0.0,10.01,True,4,2,-2.2,2.11,33.0,False,False,False
603380.SSE,易德龙,2026-07-08,2026-07,封D1负,-0.11,-10.0,-10.0,FLAT·横盘平台,-4.74,-6.87,2.28,0.7,9.45,True,12,2,-6.38,2.55,30.0,False,True,False
603383.SSE,顶点软件,2024-10-18,2024-10,炸板,-2.56,-5.26,-5.26,MID·中位浅调,-10.03,-12.83,3.21,0.3333333333333333,23.46,True,8,3,0.24,2.71,41.0,False,False,False
603386.SSE,骏亚科技,2024-06-25,2024-06,连板,5.1,10.03,6.31,FLAT·横盘平台,-5.32,-6.31,1.06,0.0,5.48,False,9,2,-2.87,3.23,15.0,True,True,True
603386.SSE,骏亚科技,2024-07-24,2024-07,炸板,-4.76,-1.59,-1.59,LB·L趴底,-14.49,-16.43,2.32,0.42857142857142855,16.09,False,9,2,-5.14,2.4,30.0,False,False,False
603386.SSE,骏亚科技,2025-12-29,2025-12,炸板,-6.44,-1.62,-1.62,DN·阴跌到点,-25.01,-26.55,2.09,0.75,22.57,False,14,5,-1.88,0.84,69.0,False,False,False
603387.SSE,基蛋生物,2026-03-27,2026-03,封D1正,1.01,3.13,3.13,MID·中位浅调,-13.29,-16.28,3.57,0.4,17.38,False,7,2,-1.85,1.53,36.0,False,True,False
603387.SSE,基蛋生物,2026-04-10,2026-04,炸板,-2.24,-6.99,-6.99,U·U型蹲,-6.07,-16.28,12.2,0.14285714285714285,22.55,True,16,2,-3.75,0.99,50.0,False,False,False
603389.SSE,亚振家居,2024-01-09,2024-01,封D1负,3.92,-1.76,-1.76,MID·中位浅调,-23.09,-26.29,4.34,0.2222222222222222,22.17,False,11,3,-2.75,0.58,29.0,False,True,False
603389.SSE,亚振家居,2024-03-22,2024-03,连板,9.4,9.93,31.74,FLAT·横盘平台,-7.4,-7.4,0.0,1.0,3.7,False,5,2,-0.77,0.58,56.0,True,True,True
603389.SSE,亚振家居,2024-04-23,2024-04,封D1负,0.0,-1.4,-1.4,DN·阴跌到点,-52.85,-52.85,0.0,1.0,91.0,False,16,5,-4.89,1.22,40.0,False,True,False
603389.SSE,亚振家居,2024-06-07,2024-06,封D1正,7.05,1.32,1.32,DN·阴跌到点,-40.06,-40.06,0.0,1.0,50.12,False,14,5,-7.61,2.01,16.0,False,True,False
603389.SSE,亚振家居,2024-06-19,2024-06,封D1正,1.64,2.01,2.01,FLAT·横盘平台,-8.96,-8.96,0.0,1.0,0.8,False,3,2,-0.8,0.0,26.0,False,True,False
603390.SSE,通达电气,2024-06-18,2024-06,封D1正,4.36,1.59,1.59,U·U型蹲,-20.74,-27.3,9.03,0.4,29.32,False,12,2,-0.43,1.88,19.0,False,True,False
603390.SSE,通达电气,2025-06-11,2025-06,封D1负,-2.5,-4.48,-4.48,DN·阴跌到点,-21.47,-21.87,0.51,0.6666666666666666,31.2,True,8,4,-0.58,0.79,36.0,False,True,False
603390.SSE,通达电气,2026-05-15,2026-05,封D1负,5.34,-2.97,-2.97,FLAT·横盘平台,-7.88,-8.56,0.75,0.3,6.97,False,12,2,-2.39,0.15,50.0,False,True,False
603392.SSE,万泰生物,2024-03-08,2024-03,炸板,-1.11,-1.38,-1.38,HIGH·新高贴顶,9.03,-1.2,10.36,0.07142857142857142,23.74,True,16,2,-5.54,1.09,44.0,False,False,False
603396.SSE,金辰股份,2024-01-08,2024-01,封D1负,-1.99,-4.06,-4.06,FLAT·横盘平台,-9.45,-9.45,0.0,1.0,9.29,False,4,3,-5.4,2.24,18.0,False,True,False
603400.SSE,华之杰,2026-08-04,2026-08,封D1负,0.98,-0.13,-0.13,DN·阴跌到点,-13.15,-13.15,0.0,1.0,10.65,False,4,2,-4.68,0.02,69.0,False,True,False
603407.SSE,长裕集团,2026-07-16,2026-07,封D1负,0.72,-9.99,-9.99,DN·阴跌到点,-34.1,-34.1,0.0,1.0,77.68,True,16,4,-7.45,0.02,65.0,False,True,False
603421.SSE,鼎信通讯,2025-09-30,2025-09,封D1正,1.0,0.5,0.5,DN·阴跌到点,-11.02,-11.02,0.0,1.0,11.97,False,6,2,-3.07,3.33,46.0,False,True,False
603456.SSE,九洲药业,2024-10-31,2024-10,炸板,-6.15,-9.14,-9.14,U·U型蹲,-11.37,-17.09,6.89,0.4,14.82,False,17,2,-1.71,1.2,118.0,False,False,False
603458.SSE,勘设股份,2024-08-09,2024-08,连板,7.81,10.07,25.52,MID·中位浅调,-9.34,-11.07,1.95,0.1,12.84,True,12,2,-1.5,0.56,30.0,True,True,True
603458.SSE,勘设股份,2026-01-14,2026-01,封D1负,-0.84,-2.44,-2.44,HIGH·新高贴顶,14.18,-4.02,18.96,0.0,21.46,True,9,2,-2.05,0.49,52.0,False,True,False
603488.SSE,展鹏科技,2023-12-11,2023-12,封D1负,-0.97,-2.12,-2.12,MID·中位浅调,-13.18,-17.91,5.76,0.36363636363636365,16.77,False,13,4,-2.84,0.95,27.0,False,True,False
603488.SSE,展鹏科技,2026-01-27,2026-01,封D1负,-0.09,-0.57,-0.57,DN·阴跌到点,-17.97,-17.97,0.0,1.0,20.46,False,10,2,-3.8,0.0,57.0,False,True,False
603499.SSE,翔港科技,2024-03-14,2024-03,封D1正,6.64,6.52,6.52,HIGH·新高贴顶,44.02,5.21,36.88,0.0,45.23,True,17,2,-5.75,1.26,51.0,False,True,False
603500.SSE,祥和实业,2026-06-25,2026-06,封D1负,0.0,-2.78,-2.78,DN·阴跌到点,-12.42,-12.42,0.0,1.0,19.69,True,12,3,-4.46,2.03,87.0,False,True,False
603500.SSE,祥和实业,2026-07-02,2026-07,炸板,-7.52,-13.44,-13.44,DN·阴跌到点,-15.54,-15.54,0.0,1.0,24.12,True,17,3,-2.24,1.72,130.0,False,False,False
603516.SSE,淳中科技,2024-03-08,2024-03,连板,1.6,10.0,14.89,HIGH·新高贴顶,15.86,7.98,7.3,0.0,12.39,True,10,2,-3.76,1.01,44.0,True,True,True
603516.SSE,淳中科技,2024-04-01,2024-04,封D1正,2.56,5.32,5.32,DN·阴跌到点,-6.25,-6.25,0.0,1.0,14.29,True,15,2,-2.42,1.08,56.0,False,True,False
603516.SSE,淳中科技,2024-12-06,2024-12,封D1正,0.22,4.58,4.58,HIGH·新高贴顶,-2.09,-6.41,4.61,0.6,5.98,False,7,2,-1.29,3.17,103.0,False,True,False
603516.SSE,淳中科技,2025-10-10,2025-10,炸板,-9.52,6.19,1.94,HIGH·新高贴顶,0.53,-7.16,8.29,0.0,19.13,True,14,4,-7.95,2.7,74.0,False,False,True
603516.SSE,淳中科技,2026-07-14,2026-07,封D1负,7.63,-10.0,-10.0,DN·阴跌到点,-26.37,-26.37,0.0,1.0,43.42,True,19,2,-6.94,0.55,25.0,False,True,False
603530.SSE,神马电力,2024-01-15,2024-01,炸板,-3.86,-4.42,-4.42,LB·L趴底,-22.16,-24.31,2.84,0.3333333333333333,18.9,False,8,5,-5.52,2.85,23.0,False,False,False
603530.SSE,神马电力,2024-06-06,2024-06,封D1负,1.1,-2.6,-2.6,HIGH·新高贴顶,0.15,-3.27,3.54,0.6,8.02,True,7,2,-4.15,0.18,13.0,False,True,False
603533.SSE,掌阅科技,2023-05-11,2023-05,炸板,-4.11,-1.95,-1.95,HIGH·新高贴顶,-2.55,-2.55,0.0,1.0,9.94,True,4,3,-1.71,3.81,26.0,False,False,False
603536.SSE,惠发食品,2023-12-25,2023-12,封D1负,2.0,-2.25,-2.25,DN·阴跌到点,-20.89,-20.89,0.0,1.0,25.1,False,14,8,-4.09,2.57,18.0,False,True,False
603538.SSE,美诺华,2026-04-02,2026-04,炸板,-8.16,-8.61,-8.61,FLAT·横盘平台,-7.68,-7.68,0.0,1.0,2.79,False,3,5,-2.71,2.0,49.0,False,False,False
603559.SSE,中通国脉,2026-07-10,2026-07,封D1负,2.51,-2.05,-2.05,DN·阴跌到点,-19.48,-19.48,0.0,1.0,12.53,False,5,2,-0.87,2.36,63.0,False,True,False
603567.SSE,珍宝岛,2026-08-04,2026-08,封D1负,2.1,-1.05,-1.05,HIGH·新高贴顶,0.5,-4.64,5.39,0.0,19.65,True,12,2,-1.78,1.3,69.0,False,True,False
603578.SSE,三星新材,2025-04-10,2025-04,封D1正,1.49,3.58,3.58,DN·阴跌到点,-23.09,-23.09,0.0,1.0,17.06,False,4,2,-5.94,1.54,87.0,False,True,False
603580.SSE,艾艾精工,2026-08-04,2026-08,封D1正,0.02,4.52,4.52,DN·阴跌到点,-15.65,-15.65,0.0,1.0,14.93,False,4,2,-7.56,0.0,69.0,False,True,False
603580.SSE,艾艾精工,2026-08-10,2026-08,封D1负,-1.99,-3.94,-3.94,U·U型蹲,-7.14,-15.65,10.08,0.3333333333333333,14.97,False,8,2,0.24,0.47,59.0,False,True,False
603580.SSE,艾艾精工,2026-08-17,2026-08,连板,3.01,10.0,16.82,U·U型蹲,-8.73,-15.65,8.2,0.18181818181818182,21.08,True,13,2,-1.45,1.79,51.0,True,True,True
603585.SSE,苏利股份,2024-12-04,2024-12,封D1正,4.3,1.64,1.64,FLAT·横盘平台,-4.32,-6.12,1.91,0.0,9.99,True,7,2,-3.62,0.47,92.0,False,True,False
603585.SSE,苏利股份,2025-06-12,2025-06,炸板,-6.37,-4.89,-4.89,HIGH·新高贴顶,-0.47,-0.47,0.0,1.0,4.01,True,4,2,-3.85,2.53,44.0,False,False,False
603598.SSE,引力传媒,2025-01-23,2025-01,封D1正,1.48,4.13,4.13,DN·阴跌到点,-11.17,-11.17,0.0,1.0,11.51,False,5,3,-7.05,1.04,36.0,False,True,False
603601.SSE,再升科技,2026-01-22,2026-01,封D1正,1.48,5.42,5.42,DN·阴跌到点,-30.81,-30.81,0.0,1.0,58.61,True,17,3,-0.43,1.4,72.0,False,True,False
603601.SSE,再升科技,2026-03-18,2026-03,封D1正,0.0,1.95,1.95,DN·阴跌到点,-17.82,-17.82,0.0,1.0,23.64,True,15,2,-7.2,0.0,33.0,False,True,False
603607.SSE,京华激光,2024-03-25,2024-03,封D1正,-0.25,1.87,1.87,HIGH·新高贴顶,-1.55,-7.02,5.88,0.5714285714285714,8.42,True,16,2,-2.34,1.94,44.0,False,True,False
603607.SSE,京华激光,2025-06-16,2025-06,炸板,-2.22,-6.31,-6.31,DN·阴跌到点,-20.85,-20.85,0.0,1.0,32.41,True,13,4,-8.94,0.57,39.0,False,False,False
603608.SSE,天创时尚,2023-06-07,2023-06,封D1正,1.9,2.95,2.95,MID·中位浅调,-21.78,-24.32,3.36,0.5714285714285714,29.26,False,9,2,-1.37,1.37,35.0,False,True,False
603608.SSE,天创时尚,2026-01-12,2026-01,封D1正,0.51,5.5,5.5,DN·阴跌到点,-13.3,-13.3,0.0,1.0,17.25,True,6,2,-4.08,1.4,79.0,False,True,False
603608.SSE,天创时尚,2026-02-11,2026-02,封D1负,-0.87,-1.83,-1.83,DN·阴跌到点,-13.28,-14.02,0.87,0.6666666666666666,15.44,False,14,2,-1.88,1.5,48.0,False,True,False
603610.SSE,麒盛科技,2024-12-25,2024-12,封D1正,-3.0,3.64,3.64,DN·阴跌到点,-12.74,-12.74,0.0,1.0,7.57,False,4,2,-1.06,3.26,62.0,False,True,False
603613.SSE,国联股份,2024-05-27,2024-05,封D1负,-1.35,-2.48,-2.48,DN·阴跌到点,-16.99,-16.99,0.0,1.0,27.08,True,16,2,-1.95,0.36,25.0,False,True,False
603616.SSE,韩建河山,2025-07-30,2025-07,封D1正,-6.51,4.48,4.48,HIGH·新高贴顶,1.36,-9.98,12.61,0.0,12.61,True,4,4,2.29,3.36,33.0,False,True,False
603616.SSE,韩建河山,2026-02-24,2026-02,封D1正,-0.54,7.66,7.66,DN·阴跌到点,-25.88,-25.88,0.0,1.0,23.67,False,5,5,-5.45,1.54,29.0,False,True,False
603616.SSE,韩建河山,2026-03-03,2026-03,封D1负,-5.88,-10.04,-10.04,U·U型蹲,-18.53,-25.88,9.91,0.375,23.67,False,10,5,-3.76,0.65,77.0,False,True,False
603616.SSE,韩建河山,2026-06-18,2026-06,封D1正,2.17,1.86,1.86,DN·阴跌到点,-19.48,-19.48,0.0,1.0,24.19,False,7,2,-2.98,0.5,67.0,False,True,False
603618.SSE,杭电股份,2026-02-26,2026-02,炸板,-7.75,9.01,10.09,HIGH·新高贴顶,0.4,-3.78,4.34,0.6,11.1,True,7,2,-4.18,3.16,61.0,False,False,True
603618.SSE,杭电股份,2026-05-06,2026-05,连板,4.92,10.0,19.97,FLAT·横盘平台,-10.03,-10.03,0.0,1.0,8.14,False,6,2,-4.11,0.95,69.0,True,True,True
603619.SSE,中曼石油,2026-02-24,2026-02,封D1正,0.66,3.25,3.25,U·U型蹲,-10.71,-19.26,10.6,0.2,16.88,False,12,2,-3.59,0.78,29.0,False,True,False
603626.SSE,科森科技,2025-09-16,2025-09,连板,3.28,9.98,8.89,DN·阴跌到点,-12.84,-12.84,0.0,1.0,34.14,True,17,6,-1.04,2.08,56.0,True,True,True
603626.SSE,科森科技,2025-10-15,2025-10,炸板,-4.46,-4.46,-4.46,DN·阴跌到点,-28.59,-28.59,0.0,1.0,26.03,False,13,3,-4.53,1.36,34.0,False,False,False
603626.SSE,科森科技,2026-03-12,2026-03,封D1负,-2.87,-4.39,-4.39,DN·阴跌到点,-16.89,-18.72,2.26,0.8666666666666667,28.3,True,17,2,-3.36,2.44,48.0,False,True,False
603628.SSE,清源股份,2024-06-21,2024-06,炸板,-11.68,-12.02,-12.02,LB·L趴底,-25.95,-26.4,0.6,0.5,35.04,False,20,2,0.07,0.0,12.0,False,False,False
603629.SSE,利通电子,2026-02-27,2026-02,连板,-2.92,10.0,-0.72,HIGH·新高贴顶,29.31,-2.77,33.0,0.09090909090909091,49.9,True,13,2,-0.93,1.01,52.0,True,True,True
603629.SSE,利通电子,2026-03-11,2026-03,封D1正,-1.19,1.69,1.69,FLAT·横盘平台,-10.81,-12.8,2.28,0.6,3.58,False,7,2,-1.26,0.36,49.0,False,True,False
603629.SSE,利通电子,2026-03-25,2026-03,封D1正,1.01,5.38,5.38,LB·L趴底,-11.48,-12.8,1.51,0.2,21.27,True,17,2,-0.99,0.35,74.0,False,True,False
603629.SSE,利通电子,2026-05-13,2026-05,封D1负,1.33,-1.34,-1.34,HIGH·新高贴顶,19.59,9.99,8.73,0.0,16.05,True,7,2,-3.57,4.0,50.0,False,True,False
603629.SSE,利通电子,2026-08-04,2026-08,连板,6.97,10.0,19.64,V·V末反,-21.33,-26.25,6.67,0.7142857142857143,38.27,True,9,2,-3.03,3.09,69.0,True,True,True
603629.SSE,利通电子,2026-08-13,2026-08,炸板,-2.77,4.72,8.79,HIGH·新高贴顶,5.96,4.94,0.96,0.75,7.77,True,6,2,0.96,0.61,86.0,False,False,True
603636.SSE,南威软件,2026-05-19,2026-05,封D1负,-0.95,-6.66,-6.66,HIGH·新高贴顶,3.15,-2.88,6.21,0.6,8.62,True,7,2,3.24,2.25,72.0,False,True,False
603648.SSE,畅联股份,2025-04-25,2025-04,封D1负,-4.52,-5.49,-5.49,HIGH·新高贴顶,-3.12,-5.85,2.91,0.0,10.33,True,11,2,-1.35,1.15,45.0,False,True,False
603656.SSE,泰禾智能,2024-01-09,2024-01,封D1负,6.02,-4.88,-4.88,MID·中位浅调,-10.34,-13.84,4.07,0.36363636363636365,10.76,False,13,2,0.27,1.46,29.0,False,True,False
603656.SSE,泰禾智能,2024-01-15,2024-01,封D1负,3.56,-1.6,-1.6,MID·中位浅调,-8.85,-13.84,5.79,0.26666666666666666,14.48,False,17,2,-4.6,1.49,23.0,False,True,False
603660.SSE,苏州科达,2024-03-25,2024-03,炸板,-6.4,-12.57,-12.57,DN·阴跌到点,-4.37,-4.37,0.0,1.0,11.85,True,15,2,-2.76,0.72,44.0,False,False,False
603661.SSE,恒林股份,2026-06-22,2026-06,封D1负,0.81,-0.5,-0.5,MID·中位浅调,-9.22,-12.69,3.97,0.17647058823529413,19.94,True,19,3,-3.45,2.2,75.0,False,True,False
603662.SSE,柯力传感,2024-11-19,2024-11,连板,5.62,10.01,8.66,DN·阴跌到点,-4.84,-4.84,0.0,1.0,11.3,True,10,2,-1.34,3.48,74.0,True,True,True
603662.SSE,柯力传感,2025-01-02,2025-01,炸板,-2.07,-4.84,-4.84,DN·阴跌到点,-19.35,-19.35,0.0,1.0,31.1,True,16,2,-3.88,1.01,39.0,False,False,False
603663.SSE,三祥新材,2024-05-06,2024-05,封D1正,1.01,3.36,3.36,U·U型蹲,-23.41,-30.95,10.93,0.23076923076923078,30.32,False,15,2,-8.97,1.23,47.0,False,True,False
603666.SSE,亿嘉和,2024-11-29,2024-11,炸板,-1.39,1.11,1.11,DN·阴跌到点,-23.98,-23.98,0.0,1.0,24.32,False,17,5,-2.14,0.56,75.0,False,False,False
603667.SSE,五洲新春,2026-01-16,2026-01,连板,3.22,10.0,5.44,HIGH·新高贴顶,5.34,5.34,0.0,1.0,12.11,True,10,3,-3.68,3.92,51.0,True,True,True
603667.SSE,五洲新春,2026-02-06,2026-02,封D1正,0.41,2.77,2.77,DN·阴跌到点,-12.71,-14.98,2.66,0.6666666666666666,19.77,True,14,2,-4.97,3.0,37.0,False,True,False
603678.SSE,火炬电子,2026-06-11,2026-06,封D1负,1.49,-6.07,-6.07,HIGH·新高贴顶,-3.98,-3.98,0.0,1.0,14.69,True,7,2,-5.6,3.82,63.0,False,True,False
603678.SSE,火炬电子,2026-06-15,2026-06,封D1正,6.86,5.83,5.83,HIGH·新高贴顶,-0.78,-3.98,3.32,0.7142857142857143,14.69,True,9,2,-6.07,1.41,83.0,False,True,False
603678.SSE,火炬电子,2026-06-24,2026-06,连板,5.9,10.0,16.38,HIGH·新高贴顶,5.94,-3.98,10.32,0.38461538461538464,23.86,True,15,2,-4.76,0.44,87.0,True,True,True
603678.SSE,火炬电子,2026-07-23,2026-07,炸板,-8.51,-13.16,-13.16,MID·中位浅调,-41.45,-43.42,3.48,0.8888888888888888,105.83,True,20,2,-5.92,3.81,41.0,False,False,False
603679.SSE,华体科技,2024-11-04,2024-11,连板,3.58,9.98,22.28,HIGH·新高贴顶,1.26,-1.54,2.84,0.0,13.49,True,13,2,-6.94,1.03,74.0,True,True,True
603681.SSE,永冠新材,2025-06-03,2025-06,封D1负,7.24,-2.63,-2.63,MID·中位浅调,-9.02,-9.98,1.07,0.0,10.02,False,4,3,-8.13,0.7,32.0,False,True,False
603681.SSE,永冠新材,2025-06-09,2025-06,炸板,-5.39,-8.05,-8.05,DN·阴跌到点,-10.31,-10.31,0.0,1.0,11.61,True,8,3,-5.06,0.17,44.0,False,False,False
603685.SSE,晨丰科技,2023-06-09,2023-06,封D1正,2.45,7.35,7.35,HIGH·新高贴顶,13.06,-2.27,15.68,0.0,16.4,True,16,2,-0.62,0.69,26.0,False,True,False
603686.SSE,福龙马,2025-01-20,2025-01,炸板,-3.25,-2.62,-2.62,U·U型蹲,-23.69,-30.75,10.2,0.35714285714285715,40.68,False,16,3,-3.37,2.5,47.0,False,False,False
603686.SSE,福龙马,2025-10-21,2025-10,封D1负,-0.44,-1.99,-1.99,MID·中位浅调,-18.38,-22.06,4.72,0.25,24.31,False,14,4,-2.48,0.0,66.0,False,True,False
603687.SSE,大胜达,2026-04-01,2026-04,封D1负,3.54,-1.34,-1.34,HIGH·新高贴顶,1.15,0.14,1.02,0.0,11.86,True,7,4,-7.57,2.3,44.0,False,True,False
603687.SSE,大胜达,2026-04-07,2026-04,封D1正,4.4,5.98,5.98,HIGH·新高贴顶,1.09,0.14,0.95,0.0,11.86,True,10,4,-7.92,1.36,26.0,False,True,False
603693.SSE,江苏新能,2025-03-31,2025-03,连板,0.0,9.99,8.78,DN·阴跌到点,-15.06,-15.06,0.0,1.0,17.02,False,4,2,-5.13,3.11,29.0,True,True,True
603693.SSE,江苏新能,2025-04-14,2025-04,封D1正,1.5,0.82,0.82,HIGH·新高贴顶,-2.34,-2.34,0.0,1.0,18.53,True,8,2,-7.37,0.76,64.0,False,True,False
603713.SSE,密尔克卫,2026-07-03,2026-07,封D1负,0.97,-1.11,-1.11,FLAT·横盘平台,-4.79,-5.92,1.21,0.5,7.7,True,6,2,-6.03,3.01,83.0,False,True,False
603716.SSE,塞力医疗,2024-07-29,2024-07,连板,0.46,10.02,5.08,FLAT·横盘平台,-9.37,-9.37,0.0,1.0,5.25,False,3,2,-4.99,1.13,44.0,True,True,True
603716.SSE,塞力医疗,2024-08-08,2024-08,封D1负,1.01,-2.59,-2.59,DN·阴跌到点,-11.34,-11.34,0.0,1.0,12.64,False,7,2,-6.08,1.04,42.0,False,True,False
603716.SSE,塞力医疗,2024-11-25,2024-11,连板,9.97,9.97,3.77,LB·L趴底,-11.72,-12.58,0.98,0.5,12.18,False,8,2,-6.49,1.94,60.0,True,True,True
603716.SSE,塞力医疗,2024-12-09,2024-12,封D1负,4.1,-2.9,-2.9,FLAT·横盘平台,-8.56,-11.08,2.83,0.2857142857142857,6.12,False,9,2,-0.77,2.19,94.0,False,True,False
603716.SSE,塞力医疗,2025-02-14,2025-02,连板,10.0,10.0,14.02,FLAT·横盘平台,-6.57,-6.57,0.0,1.0,6.46,False,4,2,-6.07,1.06,45.0,True,True,True
603716.SSE,塞力医疗,2025-03-03,2025-03,封D1正,-1.0,4.7,4.7,DN·阴跌到点,-14.71,-14.71,0.0,1.0,21.76,True,10,2,-5.31,0.31,32.0,False,True,False
603716.SSE,塞力医疗,2026-08-20,2026-08,封D1负,-3.12,-8.44,-8.44,MID·中位浅调,-4.26,-6.45,2.34,0.06666666666666667,21.47,True,17,2,-5.75,0.12,32.0,False,True,False
603719.SSE,良品铺子,2024-12-24,2024-12,封D1正,0.27,5.24,5.24,DN·阴跌到点,-21.47,-21.47,0.0,1.0,16.91,False,8,3,-6.98,0.0,26.0,False,True,False
603719.SSE,良品铺子,2025-01-02,2025-01,封D1负,1.47,-2.18,-2.18,MID·中位浅调,-18.66,-21.47,3.57,0.5,16.91,False,14,3,-2.54,2.74,39.0,False,True,False
603719.SSE,良品铺子,2025-01-08,2025-01,炸板,-5.99,-0.29,-0.29,U·U型蹲,-11.45,-21.47,12.76,0.375,16.91,False,18,3,-0.39,1.16,77.0,False,False,False
603721.SSE,中广天择,2023-11-06,2023-11,封D1正,0.35,0.2,0.2,FLAT·横盘平台,-6.31,-6.31,0.0,1.0,5.86,False,4,2,-4.25,2.47,35.0,False,True,False
603721.SSE,中广天择,2024-01-08,2024-01,炸板,-4.31,-6.48,-6.48,DN·阴跌到点,-38.68,-38.68,0.0,1.0,51.83,False,13,3,-4.42,0.44,18.0,False,False,False
603721.SSE,中广天择,2024-03-13,2024-03,封D1正,-1.43,5.58,5.58,MID·中位浅调,-6.85,-8.95,2.31,0.25,11.12,True,6,2,-3.36,2.84,57.0,False,True,False
603721.SSE,中广天择,2024-04-11,2024-04,封D1正,-2.95,0.09,0.09,DN·阴跌到点,-29.19,-29.19,0.0,1.0,42.57,True,12,3,-2.55,1.52,23.0,False,True,False
603726.SSE,朗迪集团,2023-11-14,2023-11,封D1负,1.2,-1.91,-1.91,HIGH·新高贴顶,-1.81,-10.21,9.35,0.35714285714285715,19.78,True,16,2,0.0,0.33,31.0,False,True,False
603738.SSE,泰晶科技,2026-03-27,2026-03,封D1正,-0.61,2.52,2.52,HIGH·新高贴顶,-0.63,-7.93,7.93,0.23529411764705882,16.27,True,19,2,-6.19,2.01,36.0,False,True,False
603738.SSE,泰晶科技,2026-05-22,2026-05,炸板,-0.19,-5.11,-5.11,DN·阴跌到点,-8.86,-8.86,0.0,1.0,17.93,True,9,3,-7.32,2.32,32.0,False,False,False
603739.SSE,蔚蓝生物,2024-05-20,2024-05,炸板,-6.33,-4.13,-4.13,LB·L趴底,-14.52,-15.65,1.34,0.6,19.02,True,7,7,-3.77,2.66,61.0,False,False,False
603757.SSE,大元泵业,2026-07-06,2026-07,封D1负,3.55,-6.33,-6.33,HIGH·新高贴顶,6.12,3.77,2.26,0.42857142857142855,7.61,True,9,2,-2.81,2.66,92.0,False,True,False
603758.SSE,秦安股份,2024-11-25,2024-11,封D1负,2.31,-1.87,-1.87,DN·阴跌到点,-9.44,-9.44,0.0,1.0,22.55,True,14,2,-5.5,0.0,60.0,False,True,False
603758.SSE,秦安股份,2026-08-21,2026-08,封D1负,-2.72,-6.29,-6.29,DN·阴跌到点,-30.36,-30.36,0.0,1.0,33.02,False,6,5,-7.53,1.21,59.0,False,True,False
603758.SSE,秦安股份,2026-08-25,2026-08,封D1正,1.16,4.62,4.62,MID·中位浅调,-28.21,-30.36,3.09,0.6666666666666666,33.02,False,8,5,-6.29,2.47,41.0,False,True,False
603767.SSE,中马传动,2023-08-02,2023-08,封D1负,-2.44,-1.6,-1.6,DN·阴跌到点,-27.58,-27.58,0.0,1.0,24.24,False,9,2,-2.53,0.16,25.0,False,True,False
603767.SSE,中马传动,2023-08-17,2023-08,封D1正,5.49,7.83,7.83,LB·L趴底,-26.61,-27.58,1.34,0.3888888888888889,24.24,False,20,2,-4.2,0.24,17.0,False,True,False
603773.SSE,沃格光电,2024-06-18,2024-06,炸板,-4.54,-6.25,-6.25,MID·中位浅调,-36.18,-39.08,4.75,0.7058823529411765,72.06,True,19,3,-2.33,1.03,19.0,False,False,False
603773.SSE,沃格光电,2026-04-27,2026-04,封D1负,4.32,-1.14,-1.14,HIGH·新高贴顶,0.19,0.19,0.0,1.0,10.39,True,5,2,-3.64,2.83,50.0,False,True,False
603773.SSE,沃格光电,2026-04-29,2026-04,封D1负,3.0,-0.56,-0.56,HIGH·新高贴顶,8.95,0.19,8.75,0.6,10.39,True,7,2,-1.14,0.0,53.0,False,True,False
603776.SSE,永安行,2025-07-03,2025-07,封D1正,-2.09,4.89,4.89,FLAT·横盘平台,-11.27,-11.27,0.0,1.0,4.76,False,6,2,-4.55,2.44,51.0,False,True,False
603778.SSE,国晟科技,2026-03-03,2026-03,封D1正,-3.61,2.0,2.0,LB·L趴底,-12.86,-14.65,2.1,0.5454545454545454,21.65,True,13,2,-5.87,2.0,77.0,False,True,False
603798.SSE,康普顿,2024-01-19,2024-01,封D1负,-0.74,-5.47,-5.47,DN·阴跌到点,-17.65,-17.65,0.0,1.0,22.45,True,7,2,-6.04,2.01,37.0,False,True,False
603798.SSE,康普顿,2024-01-23,2024-01,炸板,-5.35,-4.55,-4.55,MID·中位浅调,-14.37,-17.65,3.98,0.7142857142857143,22.45,True,9,2,-5.47,2.23,15.0,False,False,False
603800.SSE,洪田股份,2025-08-28,2025-08,封D1负,1.97,-5.47,-5.47,HIGH·新高贴顶,-3.23,-3.23,0.0,1.0,26.86,True,13,2,-5.44,0.94,39.0,False,True,False
603800.SSE,洪田股份,2025-09-01,2025-09,封D1负,0.79,-5.42,-5.42,HIGH·新高贴顶,0.62,-3.23,3.98,0.8461538461538461,26.86,True,15,2,-5.47,1.93,55.0,False,True,False
603803.SSE,瑞斯康达,2024-03-08,2024-03,封D1正,-0.69,5.66,5.66,MID·中位浅调,-5.45,-10.04,5.1,0.14285714285714285,11.16,False,9,2,-3.8,0.88,44.0,False,True,False
603803.SSE,瑞斯康达,2025-01-06,2025-01,炸板,-7.44,-2.89,-2.89,DN·阴跌到点,-37.85,-37.85,0.0,1.0,67.27,True,10,5,-6.68,0.11,41.0,False,False,False
603803.SSE,瑞斯康达,2026-03-18,2026-03,封D1正,-0.61,5.86,5.86,HIGH·新高贴顶,-1.32,-1.32,0.0,1.0,15.16,True,5,2,-7.94,1.31,33.0,False,True,False
603803.SSE,瑞斯康达,2026-04-01,2026-04,封D1负,0.73,-3.07,-3.07,HIGH·新高贴顶,2.81,-1.32,4.19,0.23076923076923078,30.74,True,15,2,-8.06,1.33,44.0,False,True,False
603808.SSE,歌力思,2026-04-09,2026-04,封D1负,-0.44,-5.28,-5.28,HIGH·新高贴顶,-0.86,-3.74,2.99,0.75,7.68,True,10,2,0.49,0.49,108.0,False,True,False
603809.SSE,豪能股份,2024-11-29,2024-11,封D1正,0.25,4.06,4.06,DN·阴跌到点,-17.02,-18.61,1.95,0.8823529411764706,27.51,True,19,2,-2.75,1.24,75.0,False,True,False
603810.SSE,丰山集团,2025-10-16,2025-10,封D1负,1.27,-3.13,-3.13,FLAT·横盘平台,-9.09,-9.09,0.0,1.0,5.6,False,6,2,-0.76,1.39,58.0,False,True,False
603811.SSE,诚意药业,2025-07-14,2025-07,连板,2.18,9.97,15.05,DN·阴跌到点,-12.78,-12.78,0.0,0.8,4.29,False,7,2,0.0,0.2,49.0,True,True,True
603811.SSE,诚意药业,2025-08-04,2025-08,连板,8.33,10.04,15.99,HIGH·新高贴顶,0.82,-3.3,4.26,0.4166666666666667,8.27,True,14,2,-3.7,0.0,30.0,True,True,True
603819.SSE,神力股份,2024-11-22,2024-11,封D1正,9.0,4.95,4.95,MID·中位浅调,-5.0,-6.36,1.45,0.5,14.57,True,6,2,-1.23,2.29,88.0,False,True,False
603819.SSE,神力股份,2024-11-27,2024-11,封D1正,2.76,0.84,0.84,HIGH·新高贴顶,0.42,-6.36,7.24,0.2857142857142857,17.1,True,9,2,-8.42,0.77,79.0,False,True,False
603823.SSE,百合花,2026-08-17,2026-08,连板,4.88,10.0,6.63,HIGH·新高贴顶,6.27,-1.35,7.72,0.0,17.91,True,7,2,-6.59,0.53,51.0,True,True,True
603839.SSE,安正时尚,2025-05-15,2025-05,连板,3.09,10.01,3.83,HIGH·新高贴顶,-3.74,-20.28,20.74,0.25,21.53,False,14,2,-0.64,0.32,51.0,True,True,True
603839.SSE,安正时尚,2025-05-22,2025-05,封D1负,0.92,-3.43,-3.43,FLAT·横盘平台,-7.76,-7.76,0.0,1.0,2.32,False,4,2,-1.85,2.28,45.0,False,True,False
603848.SSE,好太太,2023-07-25,2023-07,封D1正,3.3,4.56,4.56,DN·阴跌到点,-10.95,-10.95,0.0,1.0,16.36,True,19,2,-3.24,0.7,19.0,False,True,False
603861.SSE,白云电器,2026-02-24,2026-02,封D1负,-0.6,-0.44,-0.44,MID·中位浅调,-9.46,-10.67,1.35,0.25,11.51,False,10,2,-2.76,2.29,29.0,False,True,False
603861.SSE,白云电器,2026-07-23,2026-07,封D1负,-1.82,-4.46,-4.46,DN·阴跌到点,-27.63,-29.01,1.95,0.8,26.78,False,12,2,-0.9,0.72,41.0,False,True,False
603863.SSE,松炀资源,2023-10-27,2023-10,封D1正,0.74,0.98,0.98,HIGH·新高贴顶,26.2,5.31,19.83,0.0,27.19,True,14,2,-1.61,2.01,34.0,False,True,False
603863.SSE,松炀资源,2024-06-24,2024-06,封D1正,0.0,0.41,0.41,DN·阴跌到点,-18.48,-18.48,0.0,1.0,23.63,True,6,2,-6.23,1.2,17.0,False,True,False
603863.SSE,松炀资源,2024-11-05,2024-11,封D1正,2.94,7.81,7.81,DN·阴跌到点,-14.93,-14.93,0.0,1.0,20.71,True,20,2,-2.16,0.04,122.0,False,True,False
603877.SSE,太平鸟,2024-01-19,2024-01,封D1负,2.17,-4.23,-4.23,DN·阴跌到点,-16.22,-16.22,0.0,1.0,16.73,False,6,3,-3.66,1.06,37.0,False,True,False
603879.SSE,永悦科技,2024-04-10,2024-04,炸板,-6.96,-8.77,-8.77,DN·阴跌到点,-42.65,-42.65,0.0,1.0,56.91,False,12,8,-8.8,2.73,48.0,False,False,False
603879.SSE,永悦科技,2025-12-24,2025-12,封D1正,2.0,1.33,1.33,MID·中位浅调,-25.24,-27.71,3.42,0.5,24.48,False,10,2,-5.05,0.35,48.0,False,True,False
603881.SSE,数据港,2025-03-11,2025-03,封D1负,4.92,-1.17,-1.17,HIGH·新高贴顶,-2.53,-10.69,9.13,0.5714285714285714,26.84,True,16,4,-6.85,1.91,65.0,False,True,False
603882.SSE,金域医学,2025-02-14,2025-02,封D1正,4.99,2.53,2.53,HIGH·新高贴顶,-0.3,-0.3,0.0,0.0,2.21,True,4,2,-2.16,1.45,45.0,False,True,False
603887.SSE,城地香江,2024-11-08,2024-11,封D1正,0.96,0.64,0.64,DN·阴跌到点,-18.55,-18.55,0.0,1.0,41.95,True,9,3,-5.64,2.19,157.0,False,True,False
603888.SSE,新华网,2026-01-29,2026-01,炸板,-4.95,-4.1,-4.1,LB·L趴底,-19.93,-20.17,0.3,0.2222222222222222,23.44,False,11,3,-2.47,1.85,72.0,False,False,False
603893.SSE,瑞芯微,2024-10-14,2024-10,封D1正,1.6,5.33,5.33,DN·阴跌到点,-4.87,-4.87,0.0,1.0,10.29,True,4,2,-5.04,3.38,28.0,False,True,False
603893.SSE,瑞芯微,2024-12-26,2024-12,封D1正,2.11,0.17,0.17,FLAT·横盘平台,-6.15,-6.15,0.0,1.0,3.72,False,4,2,-3.59,2.36,31.0,False,True,False
603893.SSE,瑞芯微,2025-01-17,2025-01,封D1正,2.25,3.29,3.29,HIGH·新高贴顶,6.8,1.96,4.74,0.4,11.3,True,7,2,-5.89,0.74,59.0,False,True,False
603893.SSE,瑞芯微,2025-09-18,2025-09,炸板,-2.72,-6.05,-6.05,U·U型蹲,-12.16,-17.86,6.93,0.3076923076923077,26.43,True,15,2,-1.27,2.37,56.0,False,False,False
603895.SSE,天永智能,2024-03-21,2024-03,炸板,-7.77,-6.79,-6.79,V·V末反,-13.06,-18.17,6.24,0.6923076923076923,15.0,False,15,4,-0.81,0.9,64.0,False,False,False
603895.SSE,天永智能,2024-03-27,2024-03,封D1正,10.0,2.0,2.0,DN·阴跌到点,-21.55,-21.55,0.0,1.0,19.95,False,19,4,-4.74,2.1,50.0,False,True,False
603897.SSE,长城科技,2026-03-16,2026-03,炸板,-2.21,-13.52,-13.52,DN·阴跌到点,-6.02,-6.02,0.0,1.0,10.1,True,10,2,-7.13,0.47,52.0,False,False,False
603897.SSE,长城科技,2026-03-18,2026-03,封D1正,-1.06,0.69,0.69,DN·阴跌到点,-10.59,-10.59,0.0,1.0,15.73,True,12,2,-8.28,0.27,33.0,False,True,False
603898.SSE,好莱客,2025-12-02,2025-12,封D1负,7.68,-0.43,-0.43,DN·阴跌到点,-17.63,-17.63,0.0,1.0,9.24,False,7,2,-3.21,0.99,54.0,False,True,False
603898.SSE,好莱客,2025-12-08,2025-12,封D1正,0.35,2.35,2.35,MID·中位浅调,-14.38,-17.63,3.95,0.5555555555555556,10.03,False,11,2,-2.45,1.33,58.0,False,True,False
603900.SSE,莱绅通灵,2024-07-11,2024-07,封D1负,1.48,-1.9,-1.9,DN·阴跌到点,-27.36,-27.36,0.0,1.0,40.23,True,13,2,-3.8,0.45,34.0,False,True,False
603900.SSE,莱绅通灵,2024-07-16,2024-07,连板,6.17,10.08,2.88,DN·阴跌到点,-25.34,-27.36,2.79,0.7857142857142857,40.23,True,16,2,-4.74,0.0,22.0,True,True,True
603900.SSE,莱绅通灵,2024-08-09,2024-08,封D1正,-1.51,1.01,1.01,HIGH·新高贴顶,1.31,-15.7,20.18,0.3333333333333333,35.7,True,17,2,-3.39,1.25,30.0,False,True,False
603900.SSE,莱绅通灵,2025-04-17,2025-04,封D1负,-1.33,-6.63,-6.63,V·V末反,-21.9,-29.62,10.97,0.6666666666666666,38.13,False,20,2,-0.96,0.0,40.0,False,True,False
603900.SSE,莱绅通灵,2025-06-04,2025-06,封D1负,-0.54,-9.97,-9.97,MID·中位浅调,-14.5,-18.76,5.24,0.6666666666666666,19.89,False,5,2,5.24,1.15,57.0,False,True,False
603903.SSE,中持股份,2025-10-31,2025-10,封D1正,0.13,1.87,1.87,DN·阴跌到点,-7.03,-7.03,0.0,1.0,21.66,True,13,2,-3.4,0.43,42.0,False,True,False
603917.SSE,合力科技,2024-03-06,2024-03,封D1正,0.53,2.53,2.53,HIGH·新高贴顶,-3.19,-4.39,1.26,0.42857142857142855,10.81,True,9,2,-2.01,1.58,38.0,False,True,False
603918.SSE,金桥信息,2023-05-17,2023-05,连板,2.15,9.99,19.21,DN·阴跌到点,-7.58,-7.58,0.0,1.0,15.24,True,7,2,-6.74,0.06,15.0,True,True,True
603918.SSE,金桥信息,2025-03-06,2025-03,封D1负,-0.45,-7.02,-7.02,MID·中位浅调,-12.59,-16.04,4.1,0.75,32.95,True,14,2,0.38,1.43,55.0,False,True,False
603920.SSE,世运电路,2024-10-29,2024-10,炸板,-5.06,-1.55,-1.55,U·U型蹲,-7.74,-22.41,18.91,0.38461538461538464,34.36,True,15,2,-3.54,0.07,179.0,False,False,False
603929.SSE,亚翔集成,2023-11-22,2023-11,封D1负,-1.27,-6.86,-6.86,DN·阴跌到点,-9.67,-11.25,1.78,0.8,23.14,True,12,2,-3.75,3.33,45.0,False,True,False
603929.SSE,亚翔集成,2025-12-22,2025-12,连板,3.6,10.0,8.97,HIGH·新高贴顶,0.36,-2.38,2.8,0.0,8.34,True,6,2,-5.11,0.0,65.0,True,True,True
603929.SSE,亚翔集成,2026-01-27,2026-01,封D1正,6.28,5.85,5.85,HIGH·新高贴顶,17.69,1.59,15.84,0.0,39.23,True,15,2,-3.59,0.67,57.0,False,True,False
603929.SSE,亚翔集成,2026-03-24,2026-03,封D1正,7.23,4.6,4.6,HIGH·新高贴顶,2.0,2.0,0.0,1.0,6.4,True,5,3,-6.01,1.31,24.0,False,True,False
603929.SSE,亚翔集成,2026-06-17,2026-06,封D1负,1.21,-7.18,-7.18,HIGH·新高贴顶,2.56,2.56,0.0,1.0,9.38,True,6,2,-2.01,1.99,105.0,False,True,False
603929.SSE,亚翔集成,2026-07-10,2026-07,炸板,-12.45,-9.82,-9.82,DN·阴跌到点,-17.83,-17.83,0.0,1.0,31.79,True,11,2,-4.43,2.81,63.0,False,False,False
603933.SSE,睿能科技,2025-10-31,2025-10,炸板,-6.07,1.68,1.68,MID·中位浅调,-4.0,-4.05,0.05,0.2857142857142857,11.19,True,9,3,-5.85,2.86,42.0,False,False,False
603933.SSE,睿能科技,2026-04-16,2026-04,封D1负,0.2,-1.8,-1.8,FLAT·横盘平台,-7.54,-7.54,0.0,1.0,5.38,False,4,2,-4.26,0.68,53.0,False,True,False
603933.SSE,睿能科技,2026-04-29,2026-04,封D1正,4.0,5.03,5.03,DN·阴跌到点,-13.78,-13.78,0.0,1.0,17.97,True,13,2,-4.13,0.95,53.0,False,True,False
603938.SSE,三孚股份,2023-12-26,2023-12,炸板,-3.99,-6.13,-6.13,DN·阴跌到点,-18.25,-19.04,0.97,0.7,16.89,False,12,2,-1.42,2.08,30.0,False,False,False
603938.SSE,三孚股份,2026-07-20,2026-07,炸板,-11.05,-8.23,-8.23,DN·阴跌到点,-40.5,-40.5,0.0,1.0,77.87,True,18,3,-6.14,0.59,29.0,False,False,False
603950.SSE,长源东谷,2026-07-16,2026-07,炸板,-1.18,-10.86,-10.86,DN·阴跌到点,-25.23,-25.23,0.0,1.0,40.12,True,12,2,-2.94,1.78,65.0,False,False,False
603955.SSE,大千生态,2025-04-28,2025-04,封D1负,0.0,-0.7,-0.7,DN·阴跌到点,-13.32,-13.32,0.0,1.0,7.9,False,5,2,-5.51,0.46,59.0,False,True,False
603955.SSE,大千生态,2025-04-30,2025-04,封D1正,-0.24,1.6,1.6,U·U型蹲,-5.3,-13.32,9.25,0.6,10.02,False,7,2,-0.7,1.84,49.0,False,True,False
603955.SSE,大千生态,2025-05-19,2025-05,封D1正,0.0,7.15,7.15,HIGH·新高贴顶,32.75,-13.32,53.16,0.2,53.54,True,17,2,-0.25,3.08,51.0,False,True,False
603956.SSE,威派格,2025-03-10,2025-03,封D1负,0.0,-5.46,-5.46,DN·阴跌到点,-20.39,-20.39,0.0,1.0,34.8,True,14,6,-3.2,0.12,45.0,False,True,False
603956.SSE,威派格,2026-07-31,2026-07,封D1正,6.07,4.55,4.55,FLAT·横盘平台,-5.07,-5.07,0.0,1.0,5.18,False,5,2,-3.39,0.97,46.0,False,True,False
603958.SSE,哈森股份,2024-08-21,2024-08,封D1负,3.38,-2.68,-2.68,DN·阴跌到点,-24.1,-24.1,0.0,1.0,18.57,False,20,3,-1.88,0.13,17.0,False,True,False
603958.SSE,哈森股份,2025-04-01,2025-04,封D1正,4.77,9.21,9.21,DN·阴跌到点,-20.99,-20.99,0.0,1.0,21.87,False,14,2,-2.88,2.1,27.0,False,True,False
603958.SSE,哈森股份,2026-02-26,2026-02,封D1正,0.0,4.39,4.39,HIGH·新高贴顶,8.52,6.44,1.95,0.0,18.59,True,14,2,-0.26,3.12,61.0,False,True,False
603967.SSE,中创物流,2025-04-16,2025-04,封D1正,-2.41,0.6,0.6,DN·阴跌到点,-10.2,-10.2,0.0,1.0,16.09,True,7,2,-6.58,0.54,44.0,False,True,False
603978.SSE,深圳新星,2025-11-20,2025-11,封D1负,-4.33,-10.0,-10.0,DN·阴跌到点,-9.86,-9.86,0.0,1.0,21.64,True,9,2,-4.14,2.45,48.0,False,True,False
603980.SSE,吉华集团,2025-06-09,2025-06,连板,5.0,10.0,5.77,DN·阴跌到点,-13.37,-14.47,1.28,0.6666666666666666,10.28,False,14,2,-1.25,1.04,44.0,True,True,True
603982.SSE,泉峰汽车,2025-06-19,2025-06,封D1负,-0.46,-5.44,-5.44,FLAT·横盘平台,-4.92,-5.01,0.1,0.0,6.5,True,5,2,-6.01,0.19,29.0,False,True,False
603982.SSE,泉峰汽车,2025-06-30,2025-06,封D1正,3.79,1.53,1.53,HIGH·新高贴顶,-2.89,-5.01,2.23,0.0,13.5,True,12,2,-4.37,0.19,42.0,False,True,False
603985.SSE,恒润股份,2023-11-06,2023-11,连板,0.0,10.0,4.12,DN·阴跌到点,-12.35,-12.35,0.0,1.0,12.49,False,7,4,-1.38,2.88,35.0,True,True,True
603985.SSE,恒润股份,2025-04-28,2025-04,封D1正,3.85,1.78,1.78,U·U型蹲,-9.86,-18.72,10.9,0.13333333333333333,22.74,False,17,3,-2.72,0.95,59.0,False,True,False
603988.SSE,中电电机,2024-08-08,2024-08,炸板,-10.79,-15.88,-15.88,DN·阴跌到点,-20.57,-20.57,0.0,1.0,13.28,False,5,6,-8.82,1.21,42.0,False,False,False
603988.SSE,中电电机,2024-08-12,2024-08,炸板,-4.01,-1.12,-1.12,DN·阴跌到点,-26.53,-26.53,0.0,1.0,22.46,False,7,6,-7.93,0.57,23.0,False,False,False
603988.SSE,中电电机,2024-08-21,2024-08,炸板,-4.13,-1.46,-1.46,U·U型蹲,-20.35,-26.53,8.41,0.4166666666666667,22.46,False,14,6,-4.52,0.63,17.0,False,False,False
603988.SSE,中电电机,2024-11-18,2024-11,封D1负,-2.9,-0.15,-0.15,HIGH·新高贴顶,-1.65,-1.76,0.11,0.3333333333333333,2.97,True,5,2,-2.77,1.9,53.0,False,True,False
603988.SSE,中电电机,2026-08-05,2026-08,连板,6.54,10.02,8.57,HIGH·新高贴顶,9.32,-4.48,14.45,0.0,21.4,True,9,2,-0.16,0.16,123.0,True,True,True
603988.SSE,中电电机,2026-08-20,2026-08,封D1负,2.74,-1.93,-1.93,DN·阴跌到点,-15.18,-15.18,0.0,1.0,22.52,True,10,2,-5.35,0.59,32.0,False,True,False
603989.SSE,艾华集团,2026-06-15,2026-06,炸板,-2.02,8.41,40.39,DN·阴跌到点,-25.14,-25.14,0.0,1.0,24.51,False,12,2,-5.98,0.62,83.0,False,False,True
603989.SSE,艾华集团,2026-07-09,2026-07,炸板,-4.03,-12.7,-12.7,DN·阴跌到点,-25.8,-25.8,0.0,1.0,40.42,True,10,2,-6.21,0.49,41.0,False,False,False
603989.SSE,艾华集团,2026-07-16,2026-07,炸板,-9.2,-17.63,-17.63,DN·阴跌到点,-34.96,-35.87,1.42,0.8461538461538461,62.46,True,15,2,-7.81,1.9,65.0,False,False,False
603990.SSE,麦迪科技,2025-03-14,2025-03,炸板,-2.54,-4.89,-4.89,MID·中位浅调,-9.38,-10.62,1.38,0.47058823529411764,12.64,True,19,2,-6.08,0.0,34.0,False,False,False
603991.SSE,领先股份,2023-11-27,2023-11,炸板,-0.43,-2.52,-2.52,DN·阴跌到点,-13.47,-13.93,0.53,0.8333333333333334,21.95,True,8,2,0.53,2.13,27.0,False,False,False
605006.SSE,山东玻纤,2025-07-01,2025-07,封D1正,2.84,2.3,2.3,MID·中位浅调,-8.94,-12.87,4.51,0.5882352941176471,12.44,False,19,2,0.3,0.0,63.0,False,True,False
605006.SSE,山东玻纤,2026-07-09,2026-07,炸板,1.93,-4.88,-4.88,DN·阴跌到点,-24.02,-24.02,0.0,1.0,62.4,True,20,2,-5.6,2.71,41.0,False,False,False
605028.SSE,世茂能源,2023-06-05,2023-06,封D1负,0.0,-2.92,-2.92,DN·阴跌到点,-19.12,-19.12,0.0,1.0,11.28,False,4,2,-1.38,2.4,45.0,False,True,False
605028.SSE,世茂能源,2026-07-22,2026-07,封D1正,5.95,7.1,7.1,DN·阴跌到点,-8.58,-8.58,0.0,1.0,10.07,True,5,2,-5.54,1.88,83.0,False,True,False
605033.SSE,美邦股份,2025-06-12,2025-06,封D1负,2.78,-0.09,-0.09,U·U型蹲,-13.52,-18.86,6.57,0.375,14.62,False,10,2,-3.48,2.29,44.0,False,True,False
605086.SSE,龙高股份,2025-01-14,2025-01,炸板,-0.87,0.21,0.21,DN·阴跌到点,-29.46,-29.46,0.0,1.0,40.65,False,18,3,-5.47,1.01,42.0,False,False,False
605086.SSE,龙高股份,2026-01-08,2026-01,封D1正,0.25,0.2,0.2,FLAT·横盘平台,-4.35,-4.35,0.0,1.0,2.75,False,5,2,-0.58,0.16,63.0,False,True,False
605088.SSE,冠盛股份,2023-09-15,2023-09,封D1正,9.74,3.12,3.12,HIGH·新高贴顶,2.8,-0.77,3.6,0.13333333333333333,7.49,True,17,2,-0.84,1.77,20.0,False,True,False
605099.SSE,共创草坪,2026-05-15,2026-05,封D1负,2.35,-10.01,-10.01,HIGH·新高贴顶,0.56,0.56,0.0,1.0,5.57,True,8,2,-1.56,2.02,50.0,False,True,False
605117.SSE,德业股份,2024-04-01,2024-04,封D1正,0.97,0.89,0.89,DN·阴跌到点,-12.95,-12.95,0.0,1.0,19.17,True,15,2,-4.38,2.18,56.0,False,True,False
605122.SSE,四方新材,2025-07-21,2025-07,连板,4.2,10.02,-0.78,DN·阴跌到点,-25.96,-25.96,0.0,1.0,21.55,False,6,5,-1.75,0.14,37.0,True,True,True
605138.SSE,盛泰集团,2025-05-13,2025-05,连板,4.99,9.97,11.97,U·U型蹲,-8.33,-17.24,10.76,0.46153846153846156,11.63,False,15,2,-0.78,2.18,38.0,True,True,True
605151.SSE,西上海,2025-07-16,2025-07,封D1负,-1.2,-2.59,-2.59,LB·L趴底,-19.3,-20.96,2.1,0.25,13.85,False,10,3,-2.62,0.0,38.0,False,True,False
605162.SSE,新中港,2023-06-21,2023-06,连板,1.94,10.01,14.58,DN·阴跌到点,-18.34,-19.39,1.3,0.7647058823529411,18.96,False,19,2,-2.71,0.1,34.0,True,True,True
605162.SSE,新中港,2024-04-10,2024-04,炸板,-9.33,-4.6,-4.6,FLAT·横盘平台,-10.05,-10.63,0.65,0.6,5.49,False,7,2,-4.58,0.5,48.0,False,False,False
605162.SSE,新中港,2026-04-20,2026-04,封D1负,3.43,-1.07,-1.07,DN·阴跌到点,-17.7,-17.7,0.0,1.0,11.22,False,8,2,-2.3,2.15,57.0,False,True,False
605162.SSE,新中港,2026-08-10,2026-08,封D1负,1.07,-2.47,-2.47,HIGH·新高贴顶,0.36,-3.08,3.54,0.4,12.7,True,12,2,-0.47,0.0,59.0,False,True,False
605162.SSE,新中港,2026-08-17,2026-08,封D1正,0.1,1.99,1.99,HIGH·新高贴顶,2.49,-3.08,5.74,0.26666666666666666,13.92,True,17,2,-4.31,0.0,51.0,False,True,False
605178.SSE,时空科技,2024-03-25,2024-03,封D1负,2.67,-3.79,-3.79,MID·中位浅调,-4.78,-11.92,8.11,0.5,11.95,False,14,2,-3.43,0.0,44.0,False,True,False
605178.SSE,时空科技,2024-07-16,2024-07,连板,7.04,10.03,-1.0,LB·L趴底,-34.92,-35.75,1.28,0.5454545454545454,40.1,False,13,4,-3.5,0.0,22.0,True,True,True
605178.SSE,时空科技,2024-08-13,2024-08,封D1正,4.44,1.09,1.09,MID·中位浅调,-13.01,-17.88,5.93,0.29411764705882354,18.14,False,19,2,-5.37,0.53,23.0,False,True,False
605178.SSE,时空科技,2025-11-12,2025-11,炸板,-4.28,-3.72,-3.72,HIGH·新高贴顶,-3.16,-8.56,5.9,0.0,25.28,True,8,8,-8.87,0.42,52.0,False,False,False
605179.SSE,一鸣食品,2023-12-27,2023-12,封D1正,1.02,2.86,2.86,DN·阴跌到点,-24.52,-25.37,1.14,0.8333333333333334,29.21,False,14,3,-3.05,0.0,35.0,False,True,False
605179.SSE,一鸣食品,2024-01-05,2024-01,炸板,-7.19,-7.44,-7.44,U·U型蹲,-16.99,-25.37,11.23,0.5555555555555556,29.21,False,20,3,-5.6,0.0,37.0,False,False,False
605188.SSE,国光连锁,2025-10-21,2025-10,连板,0.98,10.02,5.16,DN·阴跌到点,-11.48,-11.48,0.0,1.0,12.54,False,4,3,-3.09,3.82,66.0,True,True,True
605188.SSE,国光连锁,2025-10-27,2025-10,封D1正,2.81,4.42,4.42,FLAT·横盘平台,-6.21,-6.21,0.0,1.0,1.9,False,3,2,-1.87,2.01,47.0,False,True,False
605189.SSE,富春染织,2026-07-14,2026-07,连板,1.62,9.99,10.97,DN·阴跌到点,-19.44,-19.44,0.0,1.0,17.25,False,7,3,-7.44,2.51,25.0,True,True,True
605189.SSE,富春染织,2026-07-23,2026-07,封D1负,-0.27,-2.86,-2.86,DN·阴跌到点,-12.72,-12.72,0.0,1.0,15.6,True,6,2,-3.74,2.61,41.0,False,True,False
605189.SSE,富春染织,2026-08-10,2026-08,炸板,-2.6,-1.33,-1.33,HIGH·新高贴顶,0.7,-12.72,15.38,0.25,23.0,True,18,2,-3.02,0.74,59.0,False,False,False
605198.SSE,安德利,2024-04-15,2024-04,封D1负,4.54,-9.99,-9.99,HIGH·新高贴顶,6.56,6.56,0.0,1.0,21.71,True,8,2,-6.15,1.13,47.0,False,True,False
605198.SSE,安德利,2024-05-06,2024-05,炸板,-0.68,6.19,6.19,HIGH·新高贴顶,11.39,4.78,6.31,0.5,25.41,True,20,2,-1.89,0.2,47.0,False,False,False
605208.SSE,永茂泰,2025-04-02,2025-04,炸板,-5.1,-2.42,-2.42,DN·阴跌到点,-30.81,-30.81,0.0,1.0,56.85,True,18,2,-0.46,2.38,43.0,False,False,False
605218.SSE,伟时电子,2023-11-21,2023-11,连板,6.29,10.01,44.57,FLAT·横盘平台,-11.51,-12.44,1.06,0.3333333333333333,7.9,False,8,3,-6.34,0.0,50.0,True,True,True
605218.SSE,伟时电子,2023-12-29,2023-12,封D1负,2.79,-0.88,-0.88,LB·L趴底,-31.72,-32.52,1.19,0.5625,33.39,False,18,3,-5.03,1.76,49.0,False,True,False
605255.SSE,天普股份,2026-02-02,2026-02,封D1正,0.01,8.75,8.75,DN·阴跌到点,-44.16,-44.16,0.0,1.0,61.18,False,16,2,-8.4,2.86,41.0,False,True,False
605259.SSE,绿田机械,2025-07-25,2025-07,封D1正,1.65,3.87,3.87,DN·阴跌到点,-10.46,-10.46,0.0,1.0,11.39,False,8,2,-0.84,0.25,61.0,False,True,False
605287.SSE,德才股份,2026-03-02,2026-03,炸板,-5.81,-10.24,-10.24,DN·阴跌到点,-23.84,-23.84,0.0,1.0,18.17,False,6,4,-3.12,0.0,69.0,False,False,False
605288.SSE,凯迪股份,2025-09-16,2025-09,封D1正,2.8,6.42,6.42,HIGH·新高贴顶,0.03,0.03,0.0,1.0,9.1,True,10,3,-4.59,3.61,56.0,False,True,False
605288.SSE,凯迪股份,2026-06-02,2026-06,封D1正,1.0,3.2,3.2,DN·阴跌到点,-17.47,-17.47,0.0,1.0,31.65,True,9,2,-4.5,0.92,109.0,False,True,False
605288.SSE,凯迪股份,2026-06-15,2026-06,封D1正,2.98,4.76,4.76,DN·阴跌到点,-39.03,-39.03,0.0,1.0,78.19,True,18,2,-4.0,3.58,83.0,False,True,False
605289.SSE,罗曼股份,2025-09-29,2025-09,封D1正,3.68,6.11,6.11,HIGH·新高贴顶,16.09,-1.52,17.89,0.0,21.53,True,11,2,-2.11,1.08,39.0,False,True,False
605298.SSE,必得科技,2024-03-28,2024-03,封D1正,4.86,1.54,1.54,DN·阴跌到点,-22.13,-22.13,0.0,1.0,21.2,False,12,4,-4.3,1.54,39.0,False,True,False
605298.SSE,必得科技,2025-09-05,2025-09,连板,4.79,10.0,18.43,HIGH·新高贴顶,38.54,-7.51,49.8,0.3333333333333333,58.37,True,17,3,-5.42,0.0,33.0,True,True,True
605298.SSE,必得科技,2025-09-12,2025-09,封D1正,3.9,2.91,2.91,FLAT·横盘平台,-5.97,-5.97,0.0,1.0,4.09,False,3,3,-3.93,0.21,74.0,False,True,False
605303.SSE,园林股份,2025-10-17,2025-10,封D1正,3.34,0.0,0.0,MID·中位浅调,-8.73,-13.36,5.34,0.4375,16.34,True,18,2,-3.43,3.43,36.0,False,True,False
605358.SSE,立昂微,2024-10-18,2024-10,炸板,-0.27,1.47,1.47,DN·阴跌到点,-11.46,-11.46,0.0,1.0,15.15,True,8,2,-1.17,0.55,41.0,False,False,False
605358.SSE,立昂微,2025-12-22,2025-12,封D1正,2.18,0.38,0.38,DN·阴跌到点,-8.6,-8.6,0.0,1.0,11.78,True,7,2,-3.02,1.02,65.0,False,True,False
605358.SSE,立昂微,2026-01-05,2026-01,连板,3.39,10.0,8.36,MID·中位浅调,-4.6,-8.6,4.38,0.38461538461538464,11.84,True,15,2,-0.46,0.46,49.0,True,True,True
605366.SSE,宏柏新材,2026-04-15,2026-04,封D1正,2.46,4.4,4.4,HIGH·新高贴顶,8.74,-5.17,14.68,0.5,15.71,True,14,2,-0.33,3.27,49.0,False,True,False
605376.SSE,博迁新材,2024-05-07,2024-05,炸板,-3.89,1.1,1.1,U·U型蹲,-12.52,-23.82,14.83,0.15384615384615385,18.14,False,15,3,-1.55,2.22,73.0,False,False,False
605377.SSE,华旺科技,2026-06-29,2026-06,封D1负,-0.32,-2.31,-2.31,FLAT·横盘平台,-6.39,-6.39,0.0,1.0,6.82,False,4,2,-3.14,0.34,51.0,False,True,False
605377.SSE,华旺科技,2026-07-06,2026-07,封D1负,-1.03,-0.31,-0.31,MID·中位浅调,-4.55,-6.39,1.97,0.2857142857142857,10.06,True,9,2,-2.54,1.66,92.0,False,True,False
605398.SSE,新炬网络,2023-09-20,2023-09,封D1正,1.95,5.93,5.93,DN·阴跌到点,-26.83,-26.83,0.0,1.0,23.02,False,19,4,-3.17,0.32,19.0,False,True,False
605398.SSE,新炬网络,2025-02-28,2025-02,炸板,-6.62,-12.51,-12.51,DN·阴跌到点,-23.06,-24.18,1.47,0.7,40.5,True,12,10,-4.13,1.26,66.0,False,False,False
605488.SSE,福莱新材,2025-02-17,2025-02,封D1正,0.0,7.3,7.3,HIGH·新高贴顶,-3.8,-3.8,0.0,1.0,3.53,False,3,2,-3.4,3.74,53.0,False,True,False
605577.SSE,龙版传媒,2023-10-20,2023-10,封D1负,-0.71,-1.74,-1.74,DN·阴跌到点,-17.24,-17.24,0.0,1.0,9.11,False,4,2,-5.19,0.0,22.0,False,True,False
605580.SSE,恒盛能源,2024-04-08,2024-04,封D1负,-0.26,-4.24,-4.24,U·U型蹲,-10.59,-15.71,6.08,0.5833333333333334,18.74,True,14,2,0.1,0.0,42.0,False,True,False
605580.SSE,恒盛能源,2024-04-10,2024-04,炸板,-9.3,-5.53,-5.53,U·U型蹲,-5.82,-15.71,11.74,0.5,18.74,True,16,2,-4.24,0.26,48.0,False,False,False
605588.SSE,冠石科技,2023-06-14,2023-06,封D1负,1.32,-9.98,-9.98,MID·中位浅调,-8.49,-8.9,0.45,0.4,20.7,True,7,4,-1.07,0.21,35.0,False,True,False
605588.SSE,冠石科技,2023-09-28,2023-09,连板,4.69,10.0,15.37,DN·阴跌到点,-16.03,-16.03,0.0,1.0,10.96,False,9,2,-2.8,0.93,25.0,True,True,True
605598.SSE,上海港湾,2025-08-06,2025-08,炸板,-5.46,6.22,15.7,DN·阴跌到点,-13.47,-14.76,1.51,0.6666666666666666,15.09,False,11,2,-0.35,0.39,44.0,False,False,True
